2026-05-20 13:49: Experiment log path in: /root/data-tmp/zzh/SAMBA/SAMBA/saved_models/002129SZ_BASIC/
2026-05-20 13:49: Train Epoch 1: 0/71 Loss: 1.433589
2026-05-20 13:49: Train Epoch 1: 20/71 Loss: 0.072057
2026-05-20 13:49: Train Epoch 1: 40/71 Loss: 0.167813
2026-05-20 13:49: Train Epoch 1: 60/71 Loss: 0.105305
2026-05-20 13:49: **********Train Epoch 1: averaged Loss: 0.233608
2026-05-20 13:49: **********Val Epoch 1: average Loss: 0.133981
2026-05-20 13:49: *********************************Current best model saved!
2026-05-20 13:49: Train Epoch 2: 0/71 Loss: 0.069387
2026-05-20 13:49: Train Epoch 2: 20/71 Loss: 0.002575
2026-05-20 13:50: Train Epoch 2: 40/71 Loss: 0.049482
2026-05-20 13:50: Train Epoch 2: 60/71 Loss: 0.066681
2026-05-20 13:50: **********Train Epoch 2: averaged Loss: 0.127402
2026-05-20 13:50: **********Val Epoch 2: average Loss: 0.142257
2026-05-20 13:50: Train Epoch 3: 0/71 Loss: 0.180772
2026-05-20 13:50: Train Epoch 3: 20/71 Loss: 0.110880
2026-05-20 13:50: Train Epoch 3: 40/71 Loss: 0.282397
2026-05-20 13:50: Train Epoch 3: 60/71 Loss: 0.045912
2026-05-20 13:50: **********Train Epoch 3: averaged Loss: 0.122605
2026-05-20 13:50: **********Val Epoch 3: average Loss: 0.079008
2026-05-20 13:50: *********************************Current best model saved!
2026-05-20 13:50: Train Epoch 4: 0/71 Loss: 0.058110
2026-05-20 13:50: Train Epoch 4: 20/71 Loss: 0.030622
2026-05-20 13:50: Train Epoch 4: 40/71 Loss: 0.139762
2026-05-20 13:50: Train Epoch 4: 60/71 Loss: 0.153568
2026-05-20 13:50: **********Train Epoch 4: averaged Loss: 0.101182
2026-05-20 13:50: **********Val Epoch 4: average Loss: 0.074331
2026-05-20 13:50: *********************************Current best model saved!
2026-05-20 13:50: Train Epoch 5: 0/71 Loss: 0.311593
2026-05-20 13:50: Train Epoch 5: 20/71 Loss: 0.019354
2026-05-20 13:50: Train Epoch 5: 40/71 Loss: 0.175139
2026-05-20 13:50: Train Epoch 5: 60/71 Loss: 0.020924
2026-05-20 13:50: **********Train Epoch 5: averaged Loss: 0.090854
2026-05-20 13:50: **********Val Epoch 5: average Loss: 0.120331
2026-05-20 13:50: Train Epoch 6: 0/71 Loss: 0.192170
2026-05-20 13:50: Train Epoch 6: 20/71 Loss: 0.051517
2026-05-20 13:50: Train Epoch 6: 40/71 Loss: 0.024195
2026-05-20 13:50: Train Epoch 6: 60/71 Loss: 0.104749
2026-05-20 13:50: **********Train Epoch 6: averaged Loss: 0.082254
2026-05-20 13:50: **********Val Epoch 6: average Loss: 0.086056
2026-05-20 13:50: Train Epoch 7: 0/71 Loss: 0.177219
2026-05-20 13:50: Train Epoch 7: 20/71 Loss: 0.104194
2026-05-20 13:50: Train Epoch 7: 40/71 Loss: 0.145641
2026-05-20 13:50: Train Epoch 7: 60/71 Loss: 0.027264
2026-05-20 13:50: **********Train Epoch 7: averaged Loss: 0.073521
2026-05-20 13:50: **********Val Epoch 7: average Loss: 0.134007
2026-05-20 13:50: Train Epoch 8: 0/71 Loss: 0.202702
2026-05-20 13:50: Train Epoch 8: 20/71 Loss: 0.031886
2026-05-20 13:50: Train Epoch 8: 40/71 Loss: 0.125413
2026-05-20 13:50: Train Epoch 8: 60/71 Loss: 0.047023
2026-05-20 13:50: **********Train Epoch 8: averaged Loss: 0.075428
2026-05-20 13:50: **********Val Epoch 8: average Loss: 0.083796
2026-05-20 13:50: Train Epoch 9: 0/71 Loss: 0.233275
2026-05-20 13:50: Train Epoch 9: 20/71 Loss: 0.068648
2026-05-20 13:50: Train Epoch 9: 40/71 Loss: 0.009032
2026-05-20 13:50: Train Epoch 9: 60/71 Loss: 0.056603
2026-05-20 13:50: **********Train Epoch 9: averaged Loss: 0.076597
2026-05-20 13:50: **********Val Epoch 9: average Loss: 0.123531
2026-05-20 13:50: Train Epoch 10: 0/71 Loss: 0.211144
2026-05-20 13:50: Train Epoch 10: 20/71 Loss: 0.044666
2026-05-20 13:50: Train Epoch 10: 40/71 Loss: 0.121459
2026-05-20 13:50: Train Epoch 10: 60/71 Loss: 0.027037
2026-05-20 13:50: **********Train Epoch 10: averaged Loss: 0.059916
2026-05-20 13:50: **********Val Epoch 10: average Loss: 0.088565
2026-05-20 13:50: Train Epoch 11: 0/71 Loss: 0.237165
2026-05-20 13:50: Train Epoch 11: 20/71 Loss: 0.037704
2026-05-20 13:50: Train Epoch 11: 40/71 Loss: 0.164295
2026-05-20 13:50: Train Epoch 11: 60/71 Loss: 0.014773
2026-05-20 13:50: **********Train Epoch 11: averaged Loss: 0.069408
2026-05-20 13:50: **********Val Epoch 11: average Loss: 0.124390
2026-05-20 13:50: Train Epoch 12: 0/71 Loss: 0.164616
2026-05-20 13:50: Train Epoch 12: 20/71 Loss: 0.068576
2026-05-20 13:50: Train Epoch 12: 40/71 Loss: 0.098726
2026-05-20 13:50: Train Epoch 12: 60/71 Loss: 0.092262
2026-05-20 13:50: **********Train Epoch 12: averaged Loss: 0.070369
2026-05-20 13:50: **********Val Epoch 12: average Loss: 0.123121
2026-05-20 13:50: Train Epoch 13: 0/71 Loss: 0.136611
2026-05-20 13:50: Train Epoch 13: 20/71 Loss: 0.036523
2026-05-20 13:50: Train Epoch 13: 40/71 Loss: 0.042871
2026-05-20 13:50: Train Epoch 13: 60/71 Loss: 0.014452
2026-05-20 13:50: **********Train Epoch 13: averaged Loss: 0.050669
2026-05-20 13:50: **********Val Epoch 13: average Loss: 0.092438
2026-05-20 13:50: Train Epoch 14: 0/71 Loss: 0.148155
2026-05-20 13:50: Train Epoch 14: 20/71 Loss: 0.016930
2026-05-20 13:50: Train Epoch 14: 40/71 Loss: 0.050422
2026-05-20 13:50: Train Epoch 14: 60/71 Loss: 0.048094
2026-05-20 13:50: **********Train Epoch 14: averaged Loss: 0.064469
2026-05-20 13:50: **********Val Epoch 14: average Loss: 0.113304
2026-05-20 13:50: Train Epoch 15: 0/71 Loss: 0.184576
2026-05-20 13:50: Train Epoch 15: 20/71 Loss: 0.145429
2026-05-20 13:50: Train Epoch 15: 40/71 Loss: 0.012067
2026-05-20 13:50: Train Epoch 15: 60/71 Loss: 0.095052
2026-05-20 13:50: **********Train Epoch 15: averaged Loss: 0.070205
2026-05-20 13:50: **********Val Epoch 15: average Loss: 0.084225
2026-05-20 13:50: Train Epoch 16: 0/71 Loss: 0.271604
2026-05-20 13:50: Train Epoch 16: 20/71 Loss: 0.017979
2026-05-20 13:50: Train Epoch 16: 40/71 Loss: 0.067917
2026-05-20 13:50: Train Epoch 16: 60/71 Loss: 0.026299
2026-05-20 13:50: **********Train Epoch 16: averaged Loss: 0.062383
2026-05-20 13:50: **********Val Epoch 16: average Loss: 0.127954
2026-05-20 13:50: Train Epoch 17: 0/71 Loss: 0.155711
2026-05-20 13:50: Train Epoch 17: 20/71 Loss: 0.026649
2026-05-20 13:50: Train Epoch 17: 40/71 Loss: 0.101066
2026-05-20 13:50: Train Epoch 17: 60/71 Loss: 0.015859
2026-05-20 13:50: **********Train Epoch 17: averaged Loss: 0.067247
2026-05-20 13:50: **********Val Epoch 17: average Loss: 0.132145
2026-05-20 13:50: Train Epoch 18: 0/71 Loss: 0.095903
2026-05-20 13:50: Train Epoch 18: 20/71 Loss: 0.013580
2026-05-20 13:50: Train Epoch 18: 40/71 Loss: 0.127768
2026-05-20 13:50: Train Epoch 18: 60/71 Loss: 0.037658
2026-05-20 13:50: **********Train Epoch 18: averaged Loss: 0.049400
2026-05-20 13:50: **********Val Epoch 18: average Loss: 0.111637
2026-05-20 13:50: Train Epoch 19: 0/71 Loss: 0.184510
2026-05-20 13:50: Train Epoch 19: 20/71 Loss: 0.006844
2026-05-20 13:50: Train Epoch 19: 40/71 Loss: 0.038271
2026-05-20 13:50: Train Epoch 19: 60/71 Loss: 0.032843
2026-05-20 13:50: **********Train Epoch 19: averaged Loss: 0.041923
2026-05-20 13:50: **********Val Epoch 19: average Loss: 0.107070
2026-05-20 13:50: Train Epoch 20: 0/71 Loss: 0.174577
2026-05-20 13:50: Train Epoch 20: 20/71 Loss: 0.061042
2026-05-20 13:50: Train Epoch 20: 40/71 Loss: 0.116686
2026-05-20 13:50: Train Epoch 20: 60/71 Loss: 0.016754
2026-05-20 13:51: **********Train Epoch 20: averaged Loss: 0.050564
2026-05-20 13:51: **********Val Epoch 20: average Loss: 0.132746
2026-05-20 13:51: Train Epoch 21: 0/71 Loss: 0.149988
2026-05-20 13:51: Train Epoch 21: 20/71 Loss: 0.006222
2026-05-20 13:51: Train Epoch 21: 40/71 Loss: 0.044699
2026-05-20 13:51: Train Epoch 21: 60/71 Loss: 0.070865
2026-05-20 13:51: **********Train Epoch 21: averaged Loss: 0.050929
2026-05-20 13:51: **********Val Epoch 21: average Loss: 0.086575
2026-05-20 13:51: Train Epoch 22: 0/71 Loss: 0.262560
2026-05-20 13:51: Train Epoch 22: 20/71 Loss: 0.030669
2026-05-20 13:51: Train Epoch 22: 40/71 Loss: 0.111315
2026-05-20 13:51: Train Epoch 22: 60/71 Loss: 0.126266
2026-05-20 13:51: **********Train Epoch 22: averaged Loss: 0.072937
2026-05-20 13:51: **********Val Epoch 22: average Loss: 0.106548
2026-05-20 13:51: Train Epoch 23: 0/71 Loss: 0.162157
2026-05-20 13:51: Train Epoch 23: 20/71 Loss: 0.005298
2026-05-20 13:51: Train Epoch 23: 40/71 Loss: 0.097206
2026-05-20 13:51: Train Epoch 23: 60/71 Loss: 0.033020
2026-05-20 13:51: **********Train Epoch 23: averaged Loss: 0.049131
2026-05-20 13:51: **********Val Epoch 23: average Loss: 0.118911
2026-05-20 13:51: Train Epoch 24: 0/71 Loss: 0.177934
2026-05-20 13:51: Train Epoch 24: 20/71 Loss: 0.029122
2026-05-20 13:51: Train Epoch 24: 40/71 Loss: 0.166635
2026-05-20 13:51: Train Epoch 24: 60/71 Loss: 0.034063
2026-05-20 13:51: **********Train Epoch 24: averaged Loss: 0.056849
2026-05-20 13:51: **********Val Epoch 24: average Loss: 0.112870
2026-05-20 13:51: Train Epoch 25: 0/71 Loss: 0.165681
2026-05-20 13:51: Train Epoch 25: 20/71 Loss: 0.004684
2026-05-20 13:51: Train Epoch 25: 40/71 Loss: 0.082666
2026-05-20 13:51: Train Epoch 25: 60/71 Loss: 0.015426
2026-05-20 13:51: **********Train Epoch 25: averaged Loss: 0.055509
2026-05-20 13:51: **********Val Epoch 25: average Loss: 0.111000
2026-05-20 13:51: Train Epoch 26: 0/71 Loss: 0.106541
2026-05-20 13:51: Train Epoch 26: 20/71 Loss: 0.026351
2026-05-20 13:51: Train Epoch 26: 40/71 Loss: 0.075676
2026-05-20 13:51: Train Epoch 26: 60/71 Loss: 0.062315
2026-05-20 13:51: **********Train Epoch 26: averaged Loss: 0.057402
2026-05-20 13:51: **********Val Epoch 26: average Loss: 0.126955
2026-05-20 13:51: Train Epoch 27: 0/71 Loss: 0.133976
2026-05-20 13:51: Train Epoch 27: 20/71 Loss: 0.008572
2026-05-20 13:51: Train Epoch 27: 40/71 Loss: 0.202135
2026-05-20 13:51: Train Epoch 27: 60/71 Loss: 0.127304
2026-05-20 13:51: **********Train Epoch 27: averaged Loss: 0.093930
2026-05-20 13:51: **********Val Epoch 27: average Loss: 0.118879
2026-05-20 13:51: Train Epoch 28: 0/71 Loss: 0.194922
2026-05-20 13:51: Train Epoch 28: 20/71 Loss: 0.064787
2026-05-20 13:51: Train Epoch 28: 40/71 Loss: 0.074994
2026-05-20 13:51: Train Epoch 28: 60/71 Loss: 0.017863
2026-05-20 13:51: **********Train Epoch 28: averaged Loss: 0.060389
2026-05-20 13:51: **********Val Epoch 28: average Loss: 0.070042
2026-05-20 13:51: *********************************Current best model saved!
2026-05-20 13:51: Train Epoch 29: 0/71 Loss: 0.209654
2026-05-20 13:51: Train Epoch 29: 20/71 Loss: 0.034858
2026-05-20 13:51: Train Epoch 29: 40/71 Loss: 0.036536
2026-05-20 13:51: Train Epoch 29: 60/71 Loss: 0.072318
2026-05-20 13:51: **********Train Epoch 29: averaged Loss: 0.048302
2026-05-20 13:51: **********Val Epoch 29: average Loss: 0.075865
2026-05-20 13:51: Train Epoch 30: 0/71 Loss: 0.226525
2026-05-20 13:51: Train Epoch 30: 20/71 Loss: 0.072401
2026-05-20 13:51: Train Epoch 30: 40/71 Loss: 0.122307
2026-05-20 13:51: Train Epoch 30: 60/71 Loss: 0.080024
2026-05-20 13:51: **********Train Epoch 30: averaged Loss: 0.069893
2026-05-20 13:51: **********Val Epoch 30: average Loss: 0.056523
2026-05-20 13:51: *********************************Current best model saved!
2026-05-20 13:51: Train Epoch 31: 0/71 Loss: 0.220239
2026-05-20 13:51: Train Epoch 31: 20/71 Loss: 0.095173
2026-05-20 13:51: Train Epoch 31: 40/71 Loss: 0.172469
2026-05-20 13:51: Train Epoch 31: 60/71 Loss: 0.060094
2026-05-20 13:51: **********Train Epoch 31: averaged Loss: 0.066298
2026-05-20 13:51: **********Val Epoch 31: average Loss: 0.096652
2026-05-20 13:51: Train Epoch 32: 0/71 Loss: 0.222650
2026-05-20 13:51: Train Epoch 32: 20/71 Loss: 0.036013
2026-05-20 13:51: Train Epoch 32: 40/71 Loss: 0.099023
2026-05-20 13:51: Train Epoch 32: 60/71 Loss: 0.031453
2026-05-20 13:51: **********Train Epoch 32: averaged Loss: 0.053771
2026-05-20 13:51: **********Val Epoch 32: average Loss: 0.061999
2026-05-20 13:51: Train Epoch 33: 0/71 Loss: 0.208352
2026-05-20 13:51: Train Epoch 33: 20/71 Loss: 0.033413
2026-05-20 13:51: Train Epoch 33: 40/71 Loss: 0.130856
2026-05-20 13:51: Train Epoch 33: 60/71 Loss: 0.105535
2026-05-20 13:51: **********Train Epoch 33: averaged Loss: 0.076931
2026-05-20 13:51: **********Val Epoch 33: average Loss: 0.119917
2026-05-20 13:51: Train Epoch 34: 0/71 Loss: 0.188079
2026-05-20 13:51: Train Epoch 34: 20/71 Loss: 0.009313
2026-05-20 13:51: Train Epoch 34: 40/71 Loss: 0.132895
2026-05-20 13:51: Train Epoch 34: 60/71 Loss: 0.054586
2026-05-20 13:51: **********Train Epoch 34: averaged Loss: 0.058211
2026-05-20 13:51: **********Val Epoch 34: average Loss: 0.090831
2026-05-20 13:51: Train Epoch 35: 0/71 Loss: 0.191466
2026-05-20 13:51: Train Epoch 35: 20/71 Loss: 0.016465
2026-05-20 13:51: Train Epoch 35: 40/71 Loss: 0.158263
2026-05-20 13:51: Train Epoch 35: 60/71 Loss: 0.080075
2026-05-20 13:51: **********Train Epoch 35: averaged Loss: 0.070164
2026-05-20 13:51: **********Val Epoch 35: average Loss: 0.088558
2026-05-20 13:51: Train Epoch 36: 0/71 Loss: 0.180985
2026-05-20 13:51: Train Epoch 36: 20/71 Loss: 0.047058
2026-05-20 13:51: Train Epoch 36: 40/71 Loss: 0.148436
2026-05-20 13:51: Train Epoch 36: 60/71 Loss: 0.112538
2026-05-20 13:51: **********Train Epoch 36: averaged Loss: 0.090798
2026-05-20 13:51: **********Val Epoch 36: average Loss: 0.193951
2026-05-20 13:51: Train Epoch 37: 0/71 Loss: 0.093935
2026-05-20 13:51: Train Epoch 37: 20/71 Loss: 0.003686
2026-05-20 13:51: Train Epoch 37: 40/71 Loss: 0.157983
2026-05-20 13:51: Train Epoch 37: 60/71 Loss: 0.083192
2026-05-20 13:51: **********Train Epoch 37: averaged Loss: 0.081820
2026-05-20 13:51: **********Val Epoch 37: average Loss: 0.190462
2026-05-20 13:51: Train Epoch 38: 0/71 Loss: 0.080699
2026-05-20 13:51: Train Epoch 38: 20/71 Loss: 0.007850
2026-05-20 13:51: Train Epoch 38: 40/71 Loss: 0.163911
2026-05-20 13:51: Train Epoch 38: 60/71 Loss: 0.042414
2026-05-20 13:51: **********Train Epoch 38: averaged Loss: 0.075010
2026-05-20 13:51: **********Val Epoch 38: average Loss: 0.161288
2026-05-20 13:51: Train Epoch 39: 0/71 Loss: 0.091141
2026-05-20 13:51: Train Epoch 39: 20/71 Loss: 0.026726
2026-05-20 13:51: Train Epoch 39: 40/71 Loss: 0.178809
2026-05-20 13:51: Train Epoch 39: 60/71 Loss: 0.039382
2026-05-20 13:51: **********Train Epoch 39: averaged Loss: 0.083549
2026-05-20 13:51: **********Val Epoch 39: average Loss: 0.229673
2026-05-20 13:51: Train Epoch 40: 0/71 Loss: 0.064213
2026-05-20 13:51: Train Epoch 40: 20/71 Loss: 0.025446
2026-05-20 13:52: Train Epoch 40: 40/71 Loss: 0.102015
2026-05-20 13:52: Train Epoch 40: 60/71 Loss: 0.142895
2026-05-20 13:52: **********Train Epoch 40: averaged Loss: 0.084292
2026-05-20 13:52: **********Val Epoch 40: average Loss: 0.248838
2026-05-20 13:52: Train Epoch 41: 0/71 Loss: 0.046700
2026-05-20 13:52: Train Epoch 41: 20/71 Loss: 0.051684
2026-05-20 13:52: Train Epoch 41: 40/71 Loss: 0.112511
2026-05-20 13:52: Train Epoch 41: 60/71 Loss: 0.070044
2026-05-20 13:52: **********Train Epoch 41: averaged Loss: 0.079486
2026-05-20 13:52: **********Val Epoch 41: average Loss: 0.227627
2026-05-20 13:52: Train Epoch 42: 0/71 Loss: 0.048526
2026-05-20 13:52: Train Epoch 42: 20/71 Loss: 0.003193
2026-05-20 13:52: Train Epoch 42: 40/71 Loss: 0.139422
2026-05-20 13:52: Train Epoch 42: 60/71 Loss: 0.108104
2026-05-20 13:52: **********Train Epoch 42: averaged Loss: 0.067485
2026-05-20 13:52: **********Val Epoch 42: average Loss: 0.197357
2026-05-20 13:52: Train Epoch 43: 0/71 Loss: 0.049834
2026-05-20 13:52: Train Epoch 43: 20/71 Loss: 0.055799
2026-05-20 13:52: Train Epoch 43: 40/71 Loss: 0.115402
2026-05-20 13:52: Train Epoch 43: 60/71 Loss: 0.096837
2026-05-20 13:52: **********Train Epoch 43: averaged Loss: 0.082130
2026-05-20 13:52: **********Val Epoch 43: average Loss: 0.232787
2026-05-20 13:52: Train Epoch 44: 0/71 Loss: 0.029172
2026-05-20 13:52: Train Epoch 44: 20/71 Loss: 0.015877
2026-05-20 13:52: Train Epoch 44: 40/71 Loss: 0.123925
2026-05-20 13:52: Train Epoch 44: 60/71 Loss: 0.062171
2026-05-20 13:52: **********Train Epoch 44: averaged Loss: 0.065580
2026-05-20 13:52: **********Val Epoch 44: average Loss: 0.196485
2026-05-20 13:52: Train Epoch 45: 0/71 Loss: 0.087000
2026-05-20 13:52: Train Epoch 45: 20/71 Loss: 0.053258
2026-05-20 13:52: Train Epoch 45: 40/71 Loss: 0.117224
2026-05-20 13:52: Train Epoch 45: 60/71 Loss: 0.072735
2026-05-20 13:52: **********Train Epoch 45: averaged Loss: 0.082868
2026-05-20 13:52: **********Val Epoch 45: average Loss: 0.257638
2026-05-20 13:52: Train Epoch 46: 0/71 Loss: 0.013772
2026-05-20 13:52: Train Epoch 46: 20/71 Loss: 0.035242
2026-05-20 13:52: Train Epoch 46: 40/71 Loss: 0.090783
2026-05-20 13:52: Train Epoch 46: 60/71 Loss: 0.058026
2026-05-20 13:52: **********Train Epoch 46: averaged Loss: 0.067846
2026-05-20 13:52: **********Val Epoch 46: average Loss: 0.195883
2026-05-20 13:52: Train Epoch 47: 0/71 Loss: 0.007618
2026-05-20 13:52: Train Epoch 47: 20/71 Loss: 0.068492
2026-05-20 13:52: Train Epoch 47: 40/71 Loss: 0.101949
2026-05-20 13:52: Train Epoch 47: 60/71 Loss: 0.072480
2026-05-20 13:52: **********Train Epoch 47: averaged Loss: 0.076710
2026-05-20 13:52: **********Val Epoch 47: average Loss: 0.252407
2026-05-20 13:52: Train Epoch 48: 0/71 Loss: 0.013818
2026-05-20 13:52: Train Epoch 48: 20/71 Loss: 0.047378
2026-05-20 13:52: Train Epoch 48: 40/71 Loss: 0.071950
2026-05-20 13:52: Train Epoch 48: 60/71 Loss: 0.085636
2026-05-20 13:52: **********Train Epoch 48: averaged Loss: 0.073347
2026-05-20 13:52: **********Val Epoch 48: average Loss: 0.244358
2026-05-20 13:52: Train Epoch 49: 0/71 Loss: 0.053635
2026-05-20 13:52: Train Epoch 49: 20/71 Loss: 0.009622
2026-05-20 13:52: Train Epoch 49: 40/71 Loss: 0.131018
2026-05-20 13:52: Train Epoch 49: 60/71 Loss: 0.074651
2026-05-20 13:52: **********Train Epoch 49: averaged Loss: 0.076122
2026-05-20 13:52: **********Val Epoch 49: average Loss: 0.258832
2026-05-20 13:52: Train Epoch 50: 0/71 Loss: 0.018649
2026-05-20 13:52: Train Epoch 50: 20/71 Loss: 0.040661
2026-05-20 13:52: Train Epoch 50: 40/71 Loss: 0.073527
2026-05-20 13:52: Train Epoch 50: 60/71 Loss: 0.071172
2026-05-20 13:52: **********Train Epoch 50: averaged Loss: 0.067713
2026-05-20 13:52: **********Val Epoch 50: average Loss: 0.234089
2026-05-20 13:52: Train Epoch 51: 0/71 Loss: 0.026267
2026-05-20 13:52: Train Epoch 51: 20/71 Loss: 0.041053
2026-05-20 13:52: Train Epoch 51: 40/71 Loss: 0.102808
2026-05-20 13:52: Train Epoch 51: 60/71 Loss: 0.074315
2026-05-20 13:52: **********Train Epoch 51: averaged Loss: 0.073847
2026-05-20 13:52: **********Val Epoch 51: average Loss: 0.229953
2026-05-20 13:52: Train Epoch 52: 0/71 Loss: 0.026740
2026-05-20 13:52: Train Epoch 52: 20/71 Loss: 0.073670
2026-05-20 13:52: Train Epoch 52: 40/71 Loss: 0.103787
2026-05-20 13:52: Train Epoch 52: 60/71 Loss: 0.051790
2026-05-20 13:52: **********Train Epoch 52: averaged Loss: 0.069782
2026-05-20 13:52: **********Val Epoch 52: average Loss: 0.245458
2026-05-20 13:52: Train Epoch 53: 0/71 Loss: 0.086509
2026-05-20 13:52: Train Epoch 53: 20/71 Loss: 0.053125
2026-05-20 13:52: Train Epoch 53: 40/71 Loss: 0.158334
2026-05-20 13:52: Train Epoch 53: 60/71 Loss: 0.064791
2026-05-20 13:52: **********Train Epoch 53: averaged Loss: 0.070573
2026-05-20 13:52: **********Val Epoch 53: average Loss: 0.238042
2026-05-20 13:52: Train Epoch 54: 0/71 Loss: 0.009455
2026-05-20 13:52: Train Epoch 54: 20/71 Loss: 0.043649
2026-05-20 13:52: Train Epoch 54: 40/71 Loss: 0.122123
2026-05-20 13:52: Train Epoch 54: 60/71 Loss: 0.056765
2026-05-20 13:52: **********Train Epoch 54: averaged Loss: 0.070586
2026-05-20 13:52: **********Val Epoch 54: average Loss: 0.270790
2026-05-20 13:52: Train Epoch 55: 0/71 Loss: 0.009830
2026-05-20 13:52: Train Epoch 55: 20/71 Loss: 0.108845
2026-05-20 13:52: Train Epoch 55: 40/71 Loss: 0.059573
2026-05-20 13:52: Train Epoch 55: 60/71 Loss: 0.032700
2026-05-20 13:52: **********Train Epoch 55: averaged Loss: 0.060647
2026-05-20 13:52: **********Val Epoch 55: average Loss: 0.216865
2026-05-20 13:52: Train Epoch 56: 0/71 Loss: 0.054709
2026-05-20 13:52: Train Epoch 56: 20/71 Loss: 0.021320
2026-05-20 13:52: Train Epoch 56: 40/71 Loss: 0.086172
2026-05-20 13:52: Train Epoch 56: 60/71 Loss: 0.067004
2026-05-20 13:52: **********Train Epoch 56: averaged Loss: 0.071428
2026-05-20 13:52: **********Val Epoch 56: average Loss: 0.252527
2026-05-20 13:52: Train Epoch 57: 0/71 Loss: 0.025172
2026-05-20 13:52: Train Epoch 57: 20/71 Loss: 0.088981
2026-05-20 13:52: Train Epoch 57: 40/71 Loss: 0.123216
2026-05-20 13:52: Train Epoch 57: 60/71 Loss: 0.058381
2026-05-20 13:52: **********Train Epoch 57: averaged Loss: 0.071714
2026-05-20 13:52: **********Val Epoch 57: average Loss: 0.275975
2026-05-20 13:52: Train Epoch 58: 0/71 Loss: 0.020969
2026-05-20 13:52: Train Epoch 58: 20/71 Loss: 0.072095
2026-05-20 13:52: Train Epoch 58: 40/71 Loss: 0.070837
2026-05-20 13:53: Train Epoch 58: 60/71 Loss: 0.058845
2026-05-20 13:53: **********Train Epoch 58: averaged Loss: 0.068819
2026-05-20 13:53: **********Val Epoch 58: average Loss: 0.269184
2026-05-20 13:53: Train Epoch 59: 0/71 Loss: 0.016552
2026-05-20 13:53: Train Epoch 59: 20/71 Loss: 0.061267
2026-05-20 13:53: Train Epoch 59: 40/71 Loss: 0.050194
2026-05-20 13:53: Train Epoch 59: 60/71 Loss: 0.076063
2026-05-20 13:53: **********Train Epoch 59: averaged Loss: 0.063424
2026-05-20 13:53: **********Val Epoch 59: average Loss: 0.256576
2026-05-20 13:53: Train Epoch 60: 0/71 Loss: 0.042082
2026-05-20 13:53: Train Epoch 60: 20/71 Loss: 0.060818
2026-05-20 13:53: Train Epoch 60: 40/71 Loss: 0.144011
2026-05-20 13:53: Train Epoch 60: 60/71 Loss: 0.044240
2026-05-20 13:53: **********Train Epoch 60: averaged Loss: 0.072402
2026-05-20 13:53: **********Val Epoch 60: average Loss: 0.273301
2026-05-20 13:53: Train Epoch 61: 0/71 Loss: 0.016251
2026-05-20 13:53: Train Epoch 61: 20/71 Loss: 0.076649
2026-05-20 13:53: Train Epoch 61: 40/71 Loss: 0.094907
2026-05-20 13:53: Train Epoch 61: 60/71 Loss: 0.066785
2026-05-20 13:53: **********Train Epoch 61: averaged Loss: 0.062548
2026-05-20 13:53: **********Val Epoch 61: average Loss: 0.287282
2026-05-20 13:53: Train Epoch 62: 0/71 Loss: 0.018536
2026-05-20 13:53: Train Epoch 62: 20/71 Loss: 0.068963
2026-05-20 13:53: Train Epoch 62: 40/71 Loss: 0.055195
2026-05-20 13:53: Train Epoch 62: 60/71 Loss: 0.053677
2026-05-20 13:53: **********Train Epoch 62: averaged Loss: 0.064505
2026-05-20 13:53: **********Val Epoch 62: average Loss: 0.252227
2026-05-20 13:53: Train Epoch 63: 0/71 Loss: 0.031865
2026-05-20 13:53: Train Epoch 63: 20/71 Loss: 0.041347
2026-05-20 13:53: Train Epoch 63: 40/71 Loss: 0.076301
2026-05-20 13:53: Train Epoch 63: 60/71 Loss: 0.058634
2026-05-20 13:53: **********Train Epoch 63: averaged Loss: 0.061399
2026-05-20 13:53: **********Val Epoch 63: average Loss: 0.236789
2026-05-20 13:53: Train Epoch 64: 0/71 Loss: 0.011768
2026-05-20 13:53: Train Epoch 64: 20/71 Loss: 0.015345
2026-05-20 13:53: Train Epoch 64: 40/71 Loss: 0.093723
2026-05-20 13:53: Train Epoch 64: 60/71 Loss: 0.053131
2026-05-20 13:53: **********Train Epoch 64: averaged Loss: 0.065875
2026-05-20 13:53: **********Val Epoch 64: average Loss: 0.284455
2026-05-20 13:53: Train Epoch 65: 0/71 Loss: 0.011651
2026-05-20 13:53: Train Epoch 65: 20/71 Loss: 0.055477
2026-05-20 13:53: Train Epoch 65: 40/71 Loss: 0.087130
2026-05-20 13:53: Train Epoch 65: 60/71 Loss: 0.030006
2026-05-20 13:53: **********Train Epoch 65: averaged Loss: 0.062161
2026-05-20 13:53: **********Val Epoch 65: average Loss: 0.256579
2026-05-20 13:53: Train Epoch 66: 0/71 Loss: 0.004951
2026-05-20 13:53: Train Epoch 66: 20/71 Loss: 0.051202
2026-05-20 13:53: Train Epoch 66: 40/71 Loss: 0.104537
2026-05-20 13:53: Train Epoch 66: 60/71 Loss: 0.039850
2026-05-20 13:53: **********Train Epoch 66: averaged Loss: 0.064959
2026-05-20 13:53: **********Val Epoch 66: average Loss: 0.270951
2026-05-20 13:53: Train Epoch 67: 0/71 Loss: 0.014205
2026-05-20 13:53: Train Epoch 67: 20/71 Loss: 0.033657
2026-05-20 13:53: Train Epoch 67: 40/71 Loss: 0.060294
2026-05-20 13:53: Train Epoch 67: 60/71 Loss: 0.053809
2026-05-20 13:53: **********Train Epoch 67: averaged Loss: 0.057973
2026-05-20 13:53: **********Val Epoch 67: average Loss: 0.251652
2026-05-20 13:53: Train Epoch 68: 0/71 Loss: 0.043463
2026-05-20 13:53: Train Epoch 68: 20/71 Loss: 0.029847
2026-05-20 13:53: Train Epoch 68: 40/71 Loss: 0.095258
2026-05-20 13:53: Train Epoch 68: 60/71 Loss: 0.056470
2026-05-20 13:53: **********Train Epoch 68: averaged Loss: 0.061780
2026-05-20 13:53: **********Val Epoch 68: average Loss: 0.242195
2026-05-20 13:53: Train Epoch 69: 0/71 Loss: 0.038759
2026-05-20 13:53: Train Epoch 69: 20/71 Loss: 0.024482
2026-05-20 13:53: Train Epoch 69: 40/71 Loss: 0.103143
2026-05-20 13:53: Train Epoch 69: 60/71 Loss: 0.038676
2026-05-20 13:53: **********Train Epoch 69: averaged Loss: 0.064655
2026-05-20 13:53: **********Val Epoch 69: average Loss: 0.257241
2026-05-20 13:53: Train Epoch 70: 0/71 Loss: 0.010407
2026-05-20 13:53: Train Epoch 70: 20/71 Loss: 0.042446
2026-05-20 13:53: Train Epoch 70: 40/71 Loss: 0.071343
2026-05-20 13:53: Train Epoch 70: 60/71 Loss: 0.038437
2026-05-20 13:53: **********Train Epoch 70: averaged Loss: 0.065905
2026-05-20 13:53: **********Val Epoch 70: average Loss: 0.265960
2026-05-20 13:53: Train Epoch 71: 0/71 Loss: 0.006912
2026-05-20 13:53: Train Epoch 71: 20/71 Loss: 0.063818
2026-05-20 13:53: Train Epoch 71: 40/71 Loss: 0.111378
2026-05-20 13:53: Train Epoch 71: 60/71 Loss: 0.024401
2026-05-20 13:53: **********Train Epoch 71: averaged Loss: 0.059666
2026-05-20 13:53: **********Val Epoch 71: average Loss: 0.243643
2026-05-20 13:53: Train Epoch 72: 0/71 Loss: 0.080093
2026-05-20 13:53: Train Epoch 72: 20/71 Loss: 0.003339
2026-05-20 13:53: Train Epoch 72: 40/71 Loss: 0.061233
2026-05-20 13:53: Train Epoch 72: 60/71 Loss: 0.039657
2026-05-20 13:53: **********Train Epoch 72: averaged Loss: 0.063187
2026-05-20 13:53: **********Val Epoch 72: average Loss: 0.278857
2026-05-20 13:53: Train Epoch 73: 0/71 Loss: 0.011106
2026-05-20 13:53: Train Epoch 73: 20/71 Loss: 0.053758
2026-05-20 13:53: Train Epoch 73: 40/71 Loss: 0.082263
2026-05-20 13:53: Train Epoch 73: 60/71 Loss: 0.053094
2026-05-20 13:53: **********Train Epoch 73: averaged Loss: 0.059680
2026-05-20 13:53: **********Val Epoch 73: average Loss: 0.274324
2026-05-20 13:53: Train Epoch 74: 0/71 Loss: 0.003954
2026-05-20 13:53: Train Epoch 74: 20/71 Loss: 0.027474
2026-05-20 13:53: Train Epoch 74: 40/71 Loss: 0.071975
2026-05-20 13:53: Train Epoch 74: 60/71 Loss: 0.039108
2026-05-20 13:53: **********Train Epoch 74: averaged Loss: 0.065597
2026-05-20 13:53: **********Val Epoch 74: average Loss: 0.277870
2026-05-20 13:53: Train Epoch 75: 0/71 Loss: 0.016649
2026-05-20 13:53: Train Epoch 75: 20/71 Loss: 0.079901
2026-05-20 13:53: Train Epoch 75: 40/71 Loss: 0.074867
2026-05-20 13:53: Train Epoch 75: 60/71 Loss: 0.033622
2026-05-20 13:53: **********Train Epoch 75: averaged Loss: 0.061269
2026-05-20 13:53: **********Val Epoch 75: average Loss: 0.255696
2026-05-20 13:53: Train Epoch 76: 0/71 Loss: 0.031247
2026-05-20 13:53: Train Epoch 76: 20/71 Loss: 0.039215
2026-05-20 13:53: Train Epoch 76: 40/71 Loss: 0.093348
2026-05-20 13:53: Train Epoch 76: 60/71 Loss: 0.057928
2026-05-20 13:53: **********Train Epoch 76: averaged Loss: 0.062836
2026-05-20 13:53: **********Val Epoch 76: average Loss: 0.272329
2026-05-20 13:53: Train Epoch 77: 0/71 Loss: 0.021886
2026-05-20 13:54: Train Epoch 77: 20/71 Loss: 0.045421
2026-05-20 13:54: Train Epoch 77: 40/71 Loss: 0.090678
2026-05-20 13:54: Train Epoch 77: 60/71 Loss: 0.015518
2026-05-20 13:54: **********Train Epoch 77: averaged Loss: 0.062456
2026-05-20 13:54: **********Val Epoch 77: average Loss: 0.270726
2026-05-20 13:54: Train Epoch 78: 0/71 Loss: 0.017690
2026-05-20 13:54: Train Epoch 78: 20/71 Loss: 0.053957
2026-05-20 13:54: Train Epoch 78: 40/71 Loss: 0.089367
2026-05-20 13:54: Train Epoch 78: 60/71 Loss: 0.059078
2026-05-20 13:54: **********Train Epoch 78: averaged Loss: 0.061084
2026-05-20 13:54: **********Val Epoch 78: average Loss: 0.265101
2026-05-20 13:54: Train Epoch 79: 0/71 Loss: 0.008144
2026-05-20 13:54: Train Epoch 79: 20/71 Loss: 0.057837
2026-05-20 13:54: Train Epoch 79: 40/71 Loss: 0.058864
2026-05-20 13:54: Train Epoch 79: 60/71 Loss: 0.020450
2026-05-20 13:54: **********Train Epoch 79: averaged Loss: 0.057121
2026-05-20 13:54: **********Val Epoch 79: average Loss: 0.242787
2026-05-20 13:54: Train Epoch 80: 0/71 Loss: 0.032336
2026-05-20 13:54: Train Epoch 80: 20/71 Loss: 0.058127
2026-05-20 13:54: Train Epoch 80: 40/71 Loss: 0.080499
2026-05-20 13:54: Train Epoch 80: 60/71 Loss: 0.028379
2026-05-20 13:54: **********Train Epoch 80: averaged Loss: 0.061967
2026-05-20 13:54: **********Val Epoch 80: average Loss: 0.265223
2026-05-20 13:54: Train Epoch 81: 0/71 Loss: 0.024619
2026-05-20 13:54: Train Epoch 81: 20/71 Loss: 0.043324
2026-05-20 13:54: Train Epoch 81: 40/71 Loss: 0.071415
2026-05-20 13:54: Train Epoch 81: 60/71 Loss: 0.041645
2026-05-20 13:54: **********Train Epoch 81: averaged Loss: 0.062127
2026-05-20 13:54: **********Val Epoch 81: average Loss: 0.264472
2026-05-20 13:54: Train Epoch 82: 0/71 Loss: 0.012542
2026-05-20 13:54: Train Epoch 82: 20/71 Loss: 0.058371
2026-05-20 13:54: Train Epoch 82: 40/71 Loss: 0.071151
2026-05-20 13:54: Train Epoch 82: 60/71 Loss: 0.043704
2026-05-20 13:54: **********Train Epoch 82: averaged Loss: 0.064664
2026-05-20 13:54: **********Val Epoch 82: average Loss: 0.272586
2026-05-20 13:54: Train Epoch 83: 0/71 Loss: 0.011190
2026-05-20 13:54: Train Epoch 83: 20/71 Loss: 0.065503
2026-05-20 13:54: Train Epoch 83: 40/71 Loss: 0.067799
2026-05-20 13:54: Train Epoch 83: 60/71 Loss: 0.039311
2026-05-20 13:54: **********Train Epoch 83: averaged Loss: 0.060082
2026-05-20 13:54: **********Val Epoch 83: average Loss: 0.272984
2026-05-20 13:54: Train Epoch 84: 0/71 Loss: 0.004492
2026-05-20 13:54: Train Epoch 84: 20/71 Loss: 0.053565
2026-05-20 13:54: Train Epoch 84: 40/71 Loss: 0.066303
2026-05-20 13:54: Train Epoch 84: 60/71 Loss: 0.029261
2026-05-20 13:54: **********Train Epoch 84: averaged Loss: 0.060318
2026-05-20 13:54: **********Val Epoch 84: average Loss: 0.241762
2026-05-20 13:54: Train Epoch 85: 0/71 Loss: 0.032635
2026-05-20 13:54: Train Epoch 85: 20/71 Loss: 0.043518
2026-05-20 13:54: Train Epoch 85: 40/71 Loss: 0.079766
2026-05-20 13:54: Train Epoch 85: 60/71 Loss: 0.021575
2026-05-20 13:54: **********Train Epoch 85: averaged Loss: 0.057928
2026-05-20 13:54: **********Val Epoch 85: average Loss: 0.252552
2026-05-20 13:54: Train Epoch 86: 0/71 Loss: 0.019030
2026-05-20 13:54: Train Epoch 86: 20/71 Loss: 0.050243
2026-05-20 13:54: Train Epoch 86: 40/71 Loss: 0.070577
2026-05-20 13:54: Train Epoch 86: 60/71 Loss: 0.036925
2026-05-20 13:54: **********Train Epoch 86: averaged Loss: 0.059647
2026-05-20 13:54: **********Val Epoch 86: average Loss: 0.263873
2026-05-20 13:54: Train Epoch 87: 0/71 Loss: 0.015580
2026-05-20 13:54: Train Epoch 87: 20/71 Loss: 0.061167
2026-05-20 13:54: Train Epoch 87: 40/71 Loss: 0.067852
2026-05-20 13:54: Train Epoch 87: 60/71 Loss: 0.031985
2026-05-20 13:54: **********Train Epoch 87: averaged Loss: 0.060052
2026-05-20 13:54: **********Val Epoch 87: average Loss: 0.270641
2026-05-20 13:54: Train Epoch 88: 0/71 Loss: 0.004164
2026-05-20 13:54: Train Epoch 88: 20/71 Loss: 0.059057
2026-05-20 13:54: Train Epoch 88: 40/71 Loss: 0.086141
2026-05-20 13:54: Train Epoch 88: 60/71 Loss: 0.027876
2026-05-20 13:54: **********Train Epoch 88: averaged Loss: 0.061956
2026-05-20 13:54: **********Val Epoch 88: average Loss: 0.260245
2026-05-20 13:54: Train Epoch 89: 0/71 Loss: 0.009360
2026-05-20 13:54: Train Epoch 89: 20/71 Loss: 0.043455
2026-05-20 13:54: Train Epoch 89: 40/71 Loss: 0.060062
2026-05-20 13:54: Train Epoch 89: 60/71 Loss: 0.022335
2026-05-20 13:54: **********Train Epoch 89: averaged Loss: 0.061846
2026-05-20 13:54: **********Val Epoch 89: average Loss: 0.260303
2026-05-20 13:54: Train Epoch 90: 0/71 Loss: 0.011554
2026-05-20 13:54: Train Epoch 90: 20/71 Loss: 0.047682
2026-05-20 13:54: Train Epoch 90: 40/71 Loss: 0.066503
2026-05-20 13:54: Train Epoch 90: 60/71 Loss: 0.020577
2026-05-20 13:54: **********Train Epoch 90: averaged Loss: 0.061589
2026-05-20 13:54: **********Val Epoch 90: average Loss: 0.259961
2026-05-20 13:54: Train Epoch 91: 0/71 Loss: 0.022631
2026-05-20 13:54: Train Epoch 91: 20/71 Loss: 0.042934
2026-05-20 13:54: Train Epoch 91: 40/71 Loss: 0.065525
2026-05-20 13:54: Train Epoch 91: 60/71 Loss: 0.023183
2026-05-20 13:54: **********Train Epoch 91: averaged Loss: 0.062520
2026-05-20 13:54: **********Val Epoch 91: average Loss: 0.266344
2026-05-20 13:54: Train Epoch 92: 0/71 Loss: 0.026732
2026-05-20 13:54: Train Epoch 92: 20/71 Loss: 0.051918
2026-05-20 13:54: Train Epoch 92: 40/71 Loss: 0.082081
2026-05-20 13:54: Train Epoch 92: 60/71 Loss: 0.038201
2026-05-20 13:54: **********Train Epoch 92: averaged Loss: 0.061065
2026-05-20 13:54: **********Val Epoch 92: average Loss: 0.252242
2026-05-20 13:54: Train Epoch 93: 0/71 Loss: 0.027869
2026-05-20 13:54: Train Epoch 93: 20/71 Loss: 0.023627
2026-05-20 13:54: Train Epoch 93: 40/71 Loss: 0.065332
2026-05-20 13:54: Train Epoch 93: 60/71 Loss: 0.033176
2026-05-20 13:54: **********Train Epoch 93: averaged Loss: 0.060844
2026-05-20 13:54: **********Val Epoch 93: average Loss: 0.274229
2026-05-20 13:54: Train Epoch 94: 0/71 Loss: 0.004024
2026-05-20 13:54: Train Epoch 94: 20/71 Loss: 0.051247
2026-05-20 13:54: Train Epoch 94: 40/71 Loss: 0.086199
2026-05-20 13:54: Train Epoch 94: 60/71 Loss: 0.027423
2026-05-20 13:54: **********Train Epoch 94: averaged Loss: 0.060925
2026-05-20 13:54: **********Val Epoch 94: average Loss: 0.250728
2026-05-20 13:54: Train Epoch 95: 0/71 Loss: 0.031827
2026-05-20 13:54: Train Epoch 95: 20/71 Loss: 0.057037
2026-05-20 13:54: Train Epoch 95: 40/71 Loss: 0.088070
2026-05-20 13:54: Train Epoch 95: 60/71 Loss: 0.030712
2026-05-20 13:54: **********Train Epoch 95: averaged Loss: 0.057994
2026-05-20 13:54: **********Val Epoch 95: average Loss: 0.251251
2026-05-20 13:54: Train Epoch 96: 0/71 Loss: 0.018226
2026-05-20 13:54: Train Epoch 96: 20/71 Loss: 0.058437
2026-05-20 13:55: Train Epoch 96: 40/71 Loss: 0.076456
2026-05-20 13:55: Train Epoch 96: 60/71 Loss: 0.051226
2026-05-20 13:55: **********Train Epoch 96: averaged Loss: 0.060665
2026-05-20 13:55: **********Val Epoch 96: average Loss: 0.246132
2026-05-20 13:55: Train Epoch 97: 0/71 Loss: 0.038302
2026-05-20 13:55: Train Epoch 97: 20/71 Loss: 0.049036
2026-05-20 13:55: Train Epoch 97: 40/71 Loss: 0.076971
2026-05-20 13:55: Train Epoch 97: 60/71 Loss: 0.034997
2026-05-20 13:55: **********Train Epoch 97: averaged Loss: 0.059326
2026-05-20 13:55: **********Val Epoch 97: average Loss: 0.252087
2026-05-20 13:55: Train Epoch 98: 0/71 Loss: 0.018023
2026-05-20 13:55: Train Epoch 98: 20/71 Loss: 0.044354
2026-05-20 13:55: Train Epoch 98: 40/71 Loss: 0.060095
2026-05-20 13:55: Train Epoch 98: 60/71 Loss: 0.024031
2026-05-20 13:55: **********Train Epoch 98: averaged Loss: 0.057044
2026-05-20 13:55: **********Val Epoch 98: average Loss: 0.247743
2026-05-20 13:55: Train Epoch 99: 0/71 Loss: 0.013179
2026-05-20 13:55: Train Epoch 99: 20/71 Loss: 0.034382
2026-05-20 13:55: Train Epoch 99: 40/71 Loss: 0.080237
2026-05-20 13:55: Train Epoch 99: 60/71 Loss: 0.042002
2026-05-20 13:55: **********Train Epoch 99: averaged Loss: 0.058585
2026-05-20 13:55: **********Val Epoch 99: average Loss: 0.239932
2026-05-20 13:55: Train Epoch 100: 0/71 Loss: 0.013049
2026-05-20 13:55: Train Epoch 100: 20/71 Loss: 0.047946
2026-05-20 13:55: Train Epoch 100: 40/71 Loss: 0.080483
2026-05-20 13:55: Train Epoch 100: 60/71 Loss: 0.035378
2026-05-20 13:55: **********Train Epoch 100: averaged Loss: 0.057813
2026-05-20 13:55: **********Val Epoch 100: average Loss: 0.232260
2026-05-20 13:55: Train Epoch 101: 0/71 Loss: 0.030508
2026-05-20 13:55: Train Epoch 101: 20/71 Loss: 0.046622
2026-05-20 13:55: Train Epoch 101: 40/71 Loss: 0.051328
2026-05-20 13:55: Train Epoch 101: 60/71 Loss: 0.032189
2026-05-20 13:55: **********Train Epoch 101: averaged Loss: 0.055413
2026-05-20 13:55: **********Val Epoch 101: average Loss: 0.182740
2026-05-20 13:55: Train Epoch 102: 0/71 Loss: 0.030662
2026-05-20 13:55: Train Epoch 102: 20/71 Loss: 0.014049
2026-05-20 13:55: Train Epoch 102: 40/71 Loss: 0.105956
2026-05-20 13:55: Train Epoch 102: 60/71 Loss: 0.017459
2026-05-20 13:55: **********Train Epoch 102: averaged Loss: 0.054552
2026-05-20 13:55: **********Val Epoch 102: average Loss: 0.161692
2026-05-20 13:55: Train Epoch 103: 0/71 Loss: 0.052308
2026-05-20 13:55: Train Epoch 103: 20/71 Loss: 0.006439
2026-05-20 13:55: Train Epoch 103: 40/71 Loss: 0.056340
2026-05-20 13:55: Train Epoch 103: 60/71 Loss: 0.048747
2026-05-20 13:55: **********Train Epoch 103: averaged Loss: 0.036358
2026-05-20 13:55: **********Val Epoch 103: average Loss: 0.022073
2026-05-20 13:55: *********************************Current best model saved!
2026-05-20 13:55: Train Epoch 104: 0/71 Loss: 0.050634
2026-05-20 13:55: Train Epoch 104: 20/71 Loss: 0.014854
2026-05-20 13:55: Train Epoch 104: 40/71 Loss: 0.041792
2026-05-20 13:55: Train Epoch 104: 60/71 Loss: 0.059794
2026-05-20 13:55: **********Train Epoch 104: averaged Loss: 0.038377
2026-05-20 13:55: **********Val Epoch 104: average Loss: 0.160418
2026-05-20 13:55: Train Epoch 105: 0/71 Loss: 0.030571
2026-05-20 13:55: Train Epoch 105: 20/71 Loss: 0.004843
2026-05-20 13:55: Train Epoch 105: 40/71 Loss: 0.044161
2026-05-20 13:55: Train Epoch 105: 60/71 Loss: 0.068788
2026-05-20 13:55: **********Train Epoch 105: averaged Loss: 0.040365
2026-05-20 13:55: **********Val Epoch 105: average Loss: 0.179619
2026-05-20 13:55: Train Epoch 106: 0/71 Loss: 0.034948
2026-05-20 13:55: Train Epoch 106: 20/71 Loss: 0.024842
2026-05-20 13:55: Train Epoch 106: 40/71 Loss: 0.045387
2026-05-20 13:55: Train Epoch 106: 60/71 Loss: 0.026638
2026-05-20 13:55: **********Train Epoch 106: averaged Loss: 0.039688
2026-05-20 13:55: **********Val Epoch 106: average Loss: 0.148524
2026-05-20 13:55: Train Epoch 107: 0/71 Loss: 0.036492
2026-05-20 13:55: Train Epoch 107: 20/71 Loss: 0.004577
2026-05-20 13:55: Train Epoch 107: 40/71 Loss: 0.025389
2026-05-20 13:55: Train Epoch 107: 60/71 Loss: 0.051638
2026-05-20 13:55: **********Train Epoch 107: averaged Loss: 0.036059
2026-05-20 13:55: **********Val Epoch 107: average Loss: 0.113874
2026-05-20 13:55: Train Epoch 108: 0/71 Loss: 0.042692
2026-05-20 13:55: Train Epoch 108: 20/71 Loss: 0.007918
2026-05-20 13:55: Train Epoch 108: 40/71 Loss: 0.027146
2026-05-20 13:55: Train Epoch 108: 60/71 Loss: 0.045520
2026-05-20 13:55: **********Train Epoch 108: averaged Loss: 0.026030
2026-05-20 13:55: **********Val Epoch 108: average Loss: 0.026404
2026-05-20 13:55: Train Epoch 109: 0/71 Loss: 0.052558
2026-05-20 13:55: Train Epoch 109: 20/71 Loss: 0.001577
2026-05-20 13:55: Train Epoch 109: 40/71 Loss: 0.018045
2026-05-20 13:55: Train Epoch 109: 60/71 Loss: 0.044314
2026-05-20 13:55: **********Train Epoch 109: averaged Loss: 0.028347
2026-05-20 13:55: **********Val Epoch 109: average Loss: 0.026174
2026-05-20 13:55: Train Epoch 110: 0/71 Loss: 0.029800
2026-05-20 13:55: Train Epoch 110: 20/71 Loss: 0.003079
2026-05-20 13:55: Train Epoch 110: 40/71 Loss: 0.019581
2026-05-20 13:55: Train Epoch 110: 60/71 Loss: 0.047010
2026-05-20 13:55: **********Train Epoch 110: averaged Loss: 0.022616
2026-05-20 13:55: **********Val Epoch 110: average Loss: 0.023150
2026-05-20 13:55: Train Epoch 111: 0/71 Loss: 0.043292
2026-05-20 13:55: Train Epoch 111: 20/71 Loss: 0.001531
2026-05-20 13:55: Train Epoch 111: 40/71 Loss: 0.019550
2026-05-20 13:55: Train Epoch 111: 60/71 Loss: 0.039909
2026-05-20 13:55: **********Train Epoch 111: averaged Loss: 0.026822
2026-05-20 13:55: **********Val Epoch 111: average Loss: 0.042025
2026-05-20 13:55: Train Epoch 112: 0/71 Loss: 0.042536
2026-05-20 13:55: Train Epoch 112: 20/71 Loss: 0.013029
2026-05-20 13:55: Train Epoch 112: 40/71 Loss: 0.120365
2026-05-20 13:55: Train Epoch 112: 60/71 Loss: 0.032671
2026-05-20 13:55: **********Train Epoch 112: averaged Loss: 0.048986
2026-05-20 13:55: **********Val Epoch 112: average Loss: 0.114013
2026-05-20 13:55: Train Epoch 113: 0/71 Loss: 0.048753
2026-05-20 13:55: Train Epoch 113: 20/71 Loss: 0.017844
2026-05-20 13:55: Train Epoch 113: 40/71 Loss: 0.016025
2026-05-20 13:55: Train Epoch 113: 60/71 Loss: 0.032500
2026-05-20 13:55: **********Train Epoch 113: averaged Loss: 0.026448
2026-05-20 13:55: **********Val Epoch 113: average Loss: 0.021209
2026-05-20 13:55: *********************************Current best model saved!
2026-05-20 13:55: Train Epoch 114: 0/71 Loss: 0.052459
2026-05-20 13:55: Train Epoch 114: 20/71 Loss: 0.011634
2026-05-20 13:55: Train Epoch 114: 40/71 Loss: 0.069526
2026-05-20 13:55: Train Epoch 114: 60/71 Loss: 0.013866
2026-05-20 13:55: **********Train Epoch 114: averaged Loss: 0.045322
2026-05-20 13:55: **********Val Epoch 114: average Loss: 0.065309
2026-05-20 13:55: Train Epoch 115: 0/71 Loss: 0.050104
2026-05-20 13:55: Train Epoch 115: 20/71 Loss: 0.004697
2026-05-20 13:55: Train Epoch 115: 40/71 Loss: 0.060328
2026-05-20 13:55: Train Epoch 115: 60/71 Loss: 0.028954
2026-05-20 13:55: **********Train Epoch 115: averaged Loss: 0.030597
2026-05-20 13:55: **********Val Epoch 115: average Loss: 0.056332
2026-05-20 13:55: Train Epoch 116: 0/71 Loss: 0.062123
2026-05-20 13:56: Train Epoch 116: 20/71 Loss: 0.007567
2026-05-20 13:56: Train Epoch 116: 40/71 Loss: 0.075266
2026-05-20 13:56: Train Epoch 116: 60/71 Loss: 0.030886
2026-05-20 13:56: **********Train Epoch 116: averaged Loss: 0.036817
2026-05-20 13:56: **********Val Epoch 116: average Loss: 0.066292
2026-05-20 13:56: Train Epoch 117: 0/71 Loss: 0.038839
2026-05-20 13:56: Train Epoch 117: 20/71 Loss: 0.019754
2026-05-20 13:56: Train Epoch 117: 40/71 Loss: 0.060167
2026-05-20 13:56: Train Epoch 117: 60/71 Loss: 0.028796
2026-05-20 13:56: **********Train Epoch 117: averaged Loss: 0.031244
2026-05-20 13:56: **********Val Epoch 117: average Loss: 0.080146
2026-05-20 13:56: Train Epoch 118: 0/71 Loss: 0.055580
2026-05-20 13:56: Train Epoch 118: 20/71 Loss: 0.008643
2026-05-20 13:56: Train Epoch 118: 40/71 Loss: 0.083991
2026-05-20 13:56: Train Epoch 118: 60/71 Loss: 0.010605
2026-05-20 13:56: **********Train Epoch 118: averaged Loss: 0.040133
2026-05-20 13:56: **********Val Epoch 118: average Loss: 0.096701
2026-05-20 13:56: Train Epoch 119: 0/71 Loss: 0.019417
2026-05-20 13:56: Train Epoch 119: 20/71 Loss: 0.009064
2026-05-20 13:56: Train Epoch 119: 40/71 Loss: 0.034109
2026-05-20 13:56: Train Epoch 119: 60/71 Loss: 0.033530
2026-05-20 13:56: **********Train Epoch 119: averaged Loss: 0.022893
2026-05-20 13:56: **********Val Epoch 119: average Loss: 0.083536
2026-05-20 13:56: Train Epoch 120: 0/71 Loss: 0.032091
2026-05-20 13:56: Train Epoch 120: 20/71 Loss: 0.002528
2026-05-20 13:56: Train Epoch 120: 40/71 Loss: 0.009338
2026-05-20 13:56: Train Epoch 120: 60/71 Loss: 0.021719
2026-05-20 13:56: **********Train Epoch 120: averaged Loss: 0.017534
2026-05-20 13:56: **********Val Epoch 120: average Loss: 0.051140
2026-05-20 13:56: Train Epoch 121: 0/71 Loss: 0.053800
2026-05-20 13:56: Train Epoch 121: 20/71 Loss: 0.021107
2026-05-20 13:56: Train Epoch 121: 40/71 Loss: 0.008582
2026-05-20 13:56: Train Epoch 121: 60/71 Loss: 0.029236
2026-05-20 13:56: **********Train Epoch 121: averaged Loss: 0.020503
2026-05-20 13:56: **********Val Epoch 121: average Loss: 0.060376
2026-05-20 13:56: Train Epoch 122: 0/71 Loss: 0.034747
2026-05-20 13:56: Train Epoch 122: 20/71 Loss: 0.011038
2026-05-20 13:56: Train Epoch 122: 40/71 Loss: 0.031594
2026-05-20 13:56: Train Epoch 122: 60/71 Loss: 0.032054
2026-05-20 13:56: **********Train Epoch 122: averaged Loss: 0.024045
2026-05-20 13:56: **********Val Epoch 122: average Loss: 0.052939
2026-05-20 13:56: Train Epoch 123: 0/71 Loss: 0.060674
2026-05-20 13:56: Train Epoch 123: 20/71 Loss: 0.004283
2026-05-20 13:56: Train Epoch 123: 40/71 Loss: 0.105953
2026-05-20 13:56: Train Epoch 123: 60/71 Loss: 0.023699
2026-05-20 13:56: **********Train Epoch 123: averaged Loss: 0.043702
2026-05-20 13:56: **********Val Epoch 123: average Loss: 0.110734
2026-05-20 13:56: Train Epoch 124: 0/71 Loss: 0.028650
2026-05-20 13:56: Train Epoch 124: 20/71 Loss: 0.009907
2026-05-20 13:56: Train Epoch 124: 40/71 Loss: 0.011588
2026-05-20 13:56: Train Epoch 124: 60/71 Loss: 0.023387
2026-05-20 13:56: **********Train Epoch 124: averaged Loss: 0.015035
2026-05-20 13:56: **********Val Epoch 124: average Loss: 0.059704
2026-05-20 13:56: Train Epoch 125: 0/71 Loss: 0.053650
2026-05-20 13:56: Train Epoch 125: 20/71 Loss: 0.005168
2026-05-20 13:56: Train Epoch 125: 40/71 Loss: 0.016993
2026-05-20 13:56: Train Epoch 125: 60/71 Loss: 0.053191
2026-05-20 13:56: **********Train Epoch 125: averaged Loss: 0.024189
2026-05-20 13:56: **********Val Epoch 125: average Loss: 0.046448
2026-05-20 13:56: Train Epoch 126: 0/71 Loss: 0.040684
2026-05-20 13:56: Train Epoch 126: 20/71 Loss: 0.009794
2026-05-20 13:56: Train Epoch 126: 40/71 Loss: 0.083609
2026-05-20 13:56: Train Epoch 126: 60/71 Loss: 0.027618
2026-05-20 13:56: **********Train Epoch 126: averaged Loss: 0.037115
2026-05-20 13:56: **********Val Epoch 126: average Loss: 0.084257
2026-05-20 13:56: Train Epoch 127: 0/71 Loss: 0.027549
2026-05-20 13:56: Train Epoch 127: 20/71 Loss: 0.001953
2026-05-20 13:56: Train Epoch 127: 40/71 Loss: 0.035970
2026-05-20 13:56: Train Epoch 127: 60/71 Loss: 0.042012
2026-05-20 13:56: **********Train Epoch 127: averaged Loss: 0.024388
2026-05-20 13:56: **********Val Epoch 127: average Loss: 0.096778
2026-05-20 13:56: Train Epoch 128: 0/71 Loss: 0.033261
2026-05-20 13:56: Train Epoch 128: 20/71 Loss: 0.005745
2026-05-20 13:56: Train Epoch 128: 40/71 Loss: 0.022339
2026-05-20 13:56: Train Epoch 128: 60/71 Loss: 0.027186
2026-05-20 13:56: **********Train Epoch 128: averaged Loss: 0.017146
2026-05-20 13:56: **********Val Epoch 128: average Loss: 0.095300
2026-05-20 13:56: Train Epoch 129: 0/71 Loss: 0.035912
2026-05-20 13:56: Train Epoch 129: 20/71 Loss: 0.016919
2026-05-20 13:56: Train Epoch 129: 40/71 Loss: 0.014690
2026-05-20 13:56: Train Epoch 129: 60/71 Loss: 0.029859
2026-05-20 13:56: **********Train Epoch 129: averaged Loss: 0.021193
2026-05-20 13:56: **********Val Epoch 129: average Loss: 0.067896
2026-05-20 13:56: Train Epoch 130: 0/71 Loss: 0.051947
2026-05-20 13:56: Train Epoch 130: 20/71 Loss: 0.001638
2026-05-20 13:56: Train Epoch 130: 40/71 Loss: 0.059535
2026-05-20 13:56: Train Epoch 130: 60/71 Loss: 0.021277
2026-05-20 13:56: **********Train Epoch 130: averaged Loss: 0.032277
2026-05-20 13:56: **********Val Epoch 130: average Loss: 0.079056
2026-05-20 13:56: Train Epoch 131: 0/71 Loss: 0.031150
2026-05-20 13:56: Train Epoch 131: 20/71 Loss: 0.003057
2026-05-20 13:56: Train Epoch 131: 40/71 Loss: 0.059355
2026-05-20 13:56: Train Epoch 131: 60/71 Loss: 0.046775
2026-05-20 13:56: **********Train Epoch 131: averaged Loss: 0.025739
2026-05-20 13:56: **********Val Epoch 131: average Loss: 0.087180
2026-05-20 13:56: Train Epoch 132: 0/71 Loss: 0.034421
2026-05-20 13:56: Train Epoch 132: 20/71 Loss: 0.003725
2026-05-20 13:56: Train Epoch 132: 40/71 Loss: 0.007995
2026-05-20 13:56: Train Epoch 132: 60/71 Loss: 0.038527
2026-05-20 13:56: **********Train Epoch 132: averaged Loss: 0.015471
2026-05-20 13:56: **********Val Epoch 132: average Loss: 0.067565
2026-05-20 13:56: Train Epoch 133: 0/71 Loss: 0.053160
2026-05-20 13:56: Train Epoch 133: 20/71 Loss: 0.005605
2026-05-20 13:56: Train Epoch 133: 40/71 Loss: 0.021577
2026-05-20 13:56: Train Epoch 133: 60/71 Loss: 0.044064
2026-05-20 13:56: **********Train Epoch 133: averaged Loss: 0.023101
2026-05-20 13:56: **********Val Epoch 133: average Loss: 0.060415
2026-05-20 13:56: Train Epoch 134: 0/71 Loss: 0.061339
2026-05-20 13:57: Train Epoch 134: 20/71 Loss: 0.001546
2026-05-20 13:57: Train Epoch 134: 40/71 Loss: 0.069284
2026-05-20 13:57: Train Epoch 134: 60/71 Loss: 0.045273
2026-05-20 13:57: **********Train Epoch 134: averaged Loss: 0.034617
2026-05-20 13:57: **********Val Epoch 134: average Loss: 0.085435
2026-05-20 13:57: Train Epoch 135: 0/71 Loss: 0.056260
2026-05-20 13:57: Train Epoch 135: 20/71 Loss: 0.008568
2026-05-20 13:57: Train Epoch 135: 40/71 Loss: 0.040944
2026-05-20 13:57: Train Epoch 135: 60/71 Loss: 0.047434
2026-05-20 13:57: **********Train Epoch 135: averaged Loss: 0.029244
2026-05-20 13:57: **********Val Epoch 135: average Loss: 0.080544
2026-05-20 13:57: Train Epoch 136: 0/71 Loss: 0.039556
2026-05-20 13:57: Train Epoch 136: 20/71 Loss: 0.004337
2026-05-20 13:57: Train Epoch 136: 40/71 Loss: 0.058057
2026-05-20 13:57: Train Epoch 136: 60/71 Loss: 0.037964
2026-05-20 13:57: **********Train Epoch 136: averaged Loss: 0.028047
2026-05-20 13:57: **********Val Epoch 136: average Loss: 0.082178
2026-05-20 13:57: Train Epoch 137: 0/71 Loss: 0.038852
2026-05-20 13:57: Train Epoch 137: 20/71 Loss: 0.007818
2026-05-20 13:57: Train Epoch 137: 40/71 Loss: 0.008769
2026-05-20 13:57: Train Epoch 137: 60/71 Loss: 0.022497
2026-05-20 13:57: **********Train Epoch 137: averaged Loss: 0.015974
2026-05-20 13:57: **********Val Epoch 137: average Loss: 0.065693
2026-05-20 13:57: Train Epoch 138: 0/71 Loss: 0.040981
2026-05-20 13:57: Train Epoch 138: 20/71 Loss: 0.006249
2026-05-20 13:57: Train Epoch 138: 40/71 Loss: 0.009861
2026-05-20 13:57: Train Epoch 138: 60/71 Loss: 0.033740
2026-05-20 13:57: **********Train Epoch 138: averaged Loss: 0.017514
2026-05-20 13:57: **********Val Epoch 138: average Loss: 0.057351
2026-05-20 13:57: Train Epoch 139: 0/71 Loss: 0.042966
2026-05-20 13:57: Train Epoch 139: 20/71 Loss: 0.002141
2026-05-20 13:57: Train Epoch 139: 40/71 Loss: 0.015143
2026-05-20 13:57: Train Epoch 139: 60/71 Loss: 0.045923
2026-05-20 13:57: **********Train Epoch 139: averaged Loss: 0.021216
2026-05-20 13:57: **********Val Epoch 139: average Loss: 0.066652
2026-05-20 13:57: Train Epoch 140: 0/71 Loss: 0.033163
2026-05-20 13:57: Train Epoch 140: 20/71 Loss: 0.002430
2026-05-20 13:57: Train Epoch 140: 40/71 Loss: 0.010531
2026-05-20 13:57: Train Epoch 140: 60/71 Loss: 0.040586
2026-05-20 13:57: **********Train Epoch 140: averaged Loss: 0.016391
2026-05-20 13:57: **********Val Epoch 140: average Loss: 0.073752
2026-05-20 13:57: Train Epoch 141: 0/71 Loss: 0.026602
2026-05-20 13:57: Train Epoch 141: 20/71 Loss: 0.005301
2026-05-20 13:57: Train Epoch 141: 40/71 Loss: 0.012083
2026-05-20 13:57: Train Epoch 141: 60/71 Loss: 0.042345
2026-05-20 13:57: **********Train Epoch 141: averaged Loss: 0.017068
2026-05-20 13:57: **********Val Epoch 141: average Loss: 0.071498
2026-05-20 13:57: Train Epoch 142: 0/71 Loss: 0.033141
2026-05-20 13:57: Train Epoch 142: 20/71 Loss: 0.002186
2026-05-20 13:57: Train Epoch 142: 40/71 Loss: 0.012143
2026-05-20 13:57: Train Epoch 142: 60/71 Loss: 0.037815
2026-05-20 13:57: **********Train Epoch 142: averaged Loss: 0.016698
2026-05-20 13:57: **********Val Epoch 142: average Loss: 0.074737
2026-05-20 13:57: Train Epoch 143: 0/71 Loss: 0.033908
2026-05-20 13:57: Train Epoch 143: 20/71 Loss: 0.006338
2026-05-20 13:57: Train Epoch 143: 40/71 Loss: 0.012213
2026-05-20 13:57: Train Epoch 143: 60/71 Loss: 0.025049
2026-05-20 13:57: **********Train Epoch 143: averaged Loss: 0.018303
2026-05-20 13:57: **********Val Epoch 143: average Loss: 0.076029
2026-05-20 13:57: Train Epoch 144: 0/71 Loss: 0.034605
2026-05-20 13:57: Train Epoch 144: 20/71 Loss: 0.002392
2026-05-20 13:57: Train Epoch 144: 40/71 Loss: 0.018755
2026-05-20 13:57: Train Epoch 144: 60/71 Loss: 0.032059
2026-05-20 13:57: **********Train Epoch 144: averaged Loss: 0.017529
2026-05-20 13:57: **********Val Epoch 144: average Loss: 0.077663
2026-05-20 13:57: Train Epoch 145: 0/71 Loss: 0.019320
2026-05-20 13:57: Train Epoch 145: 20/71 Loss: 0.016435
2026-05-20 13:57: Train Epoch 145: 40/71 Loss: 0.016851
2026-05-20 13:57: Train Epoch 145: 60/71 Loss: 0.031480
2026-05-20 13:57: **********Train Epoch 145: averaged Loss: 0.019770
2026-05-20 13:57: **********Val Epoch 145: average Loss: 0.072362
2026-05-20 13:57: Train Epoch 146: 0/71 Loss: 0.044150
2026-05-20 13:57: Train Epoch 146: 20/71 Loss: 0.008094
2026-05-20 13:57: Train Epoch 146: 40/71 Loss: 0.009466
2026-05-20 13:57: Train Epoch 146: 60/71 Loss: 0.033329
2026-05-20 13:57: **********Train Epoch 146: averaged Loss: 0.017239
2026-05-20 13:57: **********Val Epoch 146: average Loss: 0.062146
2026-05-20 13:57: Train Epoch 147: 0/71 Loss: 0.040599
2026-05-20 13:57: Train Epoch 147: 20/71 Loss: 0.004725
2026-05-20 13:57: Train Epoch 147: 40/71 Loss: 0.011373
2026-05-20 13:57: Train Epoch 147: 60/71 Loss: 0.029212
2026-05-20 13:57: **********Train Epoch 147: averaged Loss: 0.014894
2026-05-20 13:57: **********Val Epoch 147: average Loss: 0.067593
2026-05-20 13:57: Train Epoch 148: 0/71 Loss: 0.024619
2026-05-20 13:57: Train Epoch 148: 20/71 Loss: 0.002212
2026-05-20 13:57: Train Epoch 148: 40/71 Loss: 0.010007
2026-05-20 13:57: Train Epoch 148: 60/71 Loss: 0.035544
2026-05-20 13:57: **********Train Epoch 148: averaged Loss: 0.016448
2026-05-20 13:57: **********Val Epoch 148: average Loss: 0.071180
2026-05-20 13:57: Train Epoch 149: 0/71 Loss: 0.019241
2026-05-20 13:57: Train Epoch 149: 20/71 Loss: 0.003726
2026-05-20 13:57: Train Epoch 149: 40/71 Loss: 0.026204
2026-05-20 13:57: Train Epoch 149: 60/71 Loss: 0.036583
2026-05-20 13:57: **********Train Epoch 149: averaged Loss: 0.016736
2026-05-20 13:57: **********Val Epoch 149: average Loss: 0.056060
2026-05-20 13:57: Train Epoch 150: 0/71 Loss: 0.038760
2026-05-20 13:57: Train Epoch 150: 20/71 Loss: 0.002803
2026-05-20 13:57: Train Epoch 150: 40/71 Loss: 0.013981
2026-05-20 13:57: Train Epoch 150: 60/71 Loss: 0.031500
2026-05-20 13:57: **********Train Epoch 150: averaged Loss: 0.014323
2026-05-20 13:57: **********Val Epoch 150: average Loss: 0.057385
2026-05-20 13:57: Train Epoch 151: 0/71 Loss: 0.038688
2026-05-20 13:57: Train Epoch 151: 20/71 Loss: 0.003637
2026-05-20 13:57: Train Epoch 151: 40/71 Loss: 0.009301
2026-05-20 13:57: Train Epoch 151: 60/71 Loss: 0.034351
2026-05-20 13:57: **********Train Epoch 151: averaged Loss: 0.016489
2026-05-20 13:57: **********Val Epoch 151: average Loss: 0.075981
2026-05-20 13:58: Train Epoch 152: 0/71 Loss: 0.030519
2026-05-20 13:58: Train Epoch 152: 20/71 Loss: 0.001623
2026-05-20 13:58: Train Epoch 152: 40/71 Loss: 0.010569
2026-05-20 13:58: Train Epoch 152: 60/71 Loss: 0.031580
2026-05-20 13:58: **********Train Epoch 152: averaged Loss: 0.015716
2026-05-20 13:58: **********Val Epoch 152: average Loss: 0.072846
2026-05-20 13:58: Train Epoch 153: 0/71 Loss: 0.038888
2026-05-20 13:58: Train Epoch 153: 20/71 Loss: 0.003366
2026-05-20 13:58: Train Epoch 153: 40/71 Loss: 0.013279
2026-05-20 13:58: Train Epoch 153: 60/71 Loss: 0.033474
2026-05-20 13:58: **********Train Epoch 153: averaged Loss: 0.015302
2026-05-20 13:58: **********Val Epoch 153: average Loss: 0.072925
2026-05-20 13:58: Train Epoch 154: 0/71 Loss: 0.033374
2026-05-20 13:58: Train Epoch 154: 20/71 Loss: 0.005276
2026-05-20 13:58: Train Epoch 154: 40/71 Loss: 0.008331
2026-05-20 13:58: Train Epoch 154: 60/71 Loss: 0.031618
2026-05-20 13:58: **********Train Epoch 154: averaged Loss: 0.014748
2026-05-20 13:58: **********Val Epoch 154: average Loss: 0.072500
2026-05-20 13:58: Train Epoch 155: 0/71 Loss: 0.028689
2026-05-20 13:58: Train Epoch 155: 20/71 Loss: 0.002767
2026-05-20 13:58: Train Epoch 155: 40/71 Loss: 0.007455
2026-05-20 13:58: Train Epoch 155: 60/71 Loss: 0.033094
2026-05-20 13:58: **********Train Epoch 155: averaged Loss: 0.016549
2026-05-20 13:58: **********Val Epoch 155: average Loss: 0.058492
2026-05-20 13:58: Train Epoch 156: 0/71 Loss: 0.027603
2026-05-20 13:58: Train Epoch 156: 20/71 Loss: 0.002117
2026-05-20 13:58: Train Epoch 156: 40/71 Loss: 0.012986
2026-05-20 13:58: Train Epoch 156: 60/71 Loss: 0.030048
2026-05-20 13:58: **********Train Epoch 156: averaged Loss: 0.014523
2026-05-20 13:58: **********Val Epoch 156: average Loss: 0.070552
2026-05-20 13:58: Train Epoch 157: 0/71 Loss: 0.035082
2026-05-20 13:58: Train Epoch 157: 20/71 Loss: 0.007172
2026-05-20 13:58: Train Epoch 157: 40/71 Loss: 0.012381
2026-05-20 13:58: Train Epoch 157: 60/71 Loss: 0.037649
2026-05-20 13:58: **********Train Epoch 157: averaged Loss: 0.016872
2026-05-20 13:58: **********Val Epoch 157: average Loss: 0.040431
2026-05-20 13:58: Train Epoch 158: 0/71 Loss: 0.044432
2026-05-20 13:58: Train Epoch 158: 20/71 Loss: 0.003208
2026-05-20 13:58: Train Epoch 158: 40/71 Loss: 0.026284
2026-05-20 13:58: Train Epoch 158: 60/71 Loss: 0.044644
2026-05-20 13:58: **********Train Epoch 158: averaged Loss: 0.021217
2026-05-20 13:58: **********Val Epoch 158: average Loss: 0.033214
2026-05-20 13:58: Train Epoch 159: 0/71 Loss: 0.037912
2026-05-20 13:58: Train Epoch 159: 20/71 Loss: 0.010560
2026-05-20 13:58: Train Epoch 159: 40/71 Loss: 0.011230
2026-05-20 13:58: Train Epoch 159: 60/71 Loss: 0.027538
2026-05-20 13:58: **********Train Epoch 159: averaged Loss: 0.013604
2026-05-20 13:58: **********Val Epoch 159: average Loss: 0.066836
2026-05-20 13:58: Train Epoch 160: 0/71 Loss: 0.028767
2026-05-20 13:58: Train Epoch 160: 20/71 Loss: 0.001795
2026-05-20 13:58: Train Epoch 160: 40/71 Loss: 0.010268
2026-05-20 13:58: Train Epoch 160: 60/71 Loss: 0.027204
2026-05-20 13:58: **********Train Epoch 160: averaged Loss: 0.014486
2026-05-20 13:58: **********Val Epoch 160: average Loss: 0.079847
2026-05-20 13:58: Train Epoch 161: 0/71 Loss: 0.036015
2026-05-20 13:58: Train Epoch 161: 20/71 Loss: 0.002281
2026-05-20 13:58: Train Epoch 161: 40/71 Loss: 0.009396
2026-05-20 13:58: Train Epoch 161: 60/71 Loss: 0.034386
2026-05-20 13:58: **********Train Epoch 161: averaged Loss: 0.017594
2026-05-20 13:58: **********Val Epoch 161: average Loss: 0.070458
2026-05-20 13:58: Train Epoch 162: 0/71 Loss: 0.021969
2026-05-20 13:58: Train Epoch 162: 20/71 Loss: 0.005347
2026-05-20 13:58: Train Epoch 162: 40/71 Loss: 0.013569
2026-05-20 13:58: Train Epoch 162: 60/71 Loss: 0.025063
2026-05-20 13:58: **********Train Epoch 162: averaged Loss: 0.015280
2026-05-20 13:58: **********Val Epoch 162: average Loss: 0.075361
2026-05-20 13:58: Train Epoch 163: 0/71 Loss: 0.024777
2026-05-20 13:58: Train Epoch 163: 20/71 Loss: 0.001873
2026-05-20 13:58: Train Epoch 163: 40/71 Loss: 0.014258
2026-05-20 13:58: Train Epoch 163: 60/71 Loss: 0.026968
2026-05-20 13:58: **********Train Epoch 163: averaged Loss: 0.015100
2026-05-20 13:58: **********Val Epoch 163: average Loss: 0.063580
2026-05-20 13:58: Train Epoch 164: 0/71 Loss: 0.031096
2026-05-20 13:58: Train Epoch 164: 20/71 Loss: 0.005081
2026-05-20 13:58: Train Epoch 164: 40/71 Loss: 0.015246
2026-05-20 13:58: Train Epoch 164: 60/71 Loss: 0.022675
2026-05-20 13:58: **********Train Epoch 164: averaged Loss: 0.014598
2026-05-20 13:58: **********Val Epoch 164: average Loss: 0.052840
2026-05-20 13:58: Train Epoch 165: 0/71 Loss: 0.035879
2026-05-20 13:58: Train Epoch 165: 20/71 Loss: 0.004072
2026-05-20 13:58: Train Epoch 165: 40/71 Loss: 0.005841
2026-05-20 13:58: Train Epoch 165: 60/71 Loss: 0.029519
2026-05-20 13:58: **********Train Epoch 165: averaged Loss: 0.013253
2026-05-20 13:58: **********Val Epoch 165: average Loss: 0.037533
2026-05-20 13:58: Train Epoch 166: 0/71 Loss: 0.056897
2026-05-20 13:58: Train Epoch 166: 20/71 Loss: 0.006372
2026-05-20 13:58: Train Epoch 166: 40/71 Loss: 0.032607
2026-05-20 13:58: Train Epoch 166: 60/71 Loss: 0.047668
2026-05-20 13:58: **********Train Epoch 166: averaged Loss: 0.023266
2026-05-20 13:58: **********Val Epoch 166: average Loss: 0.029631
2026-05-20 13:58: Train Epoch 167: 0/71 Loss: 0.047349
2026-05-20 13:58: Train Epoch 167: 20/71 Loss: 0.004344
2026-05-20 13:58: Train Epoch 167: 40/71 Loss: 0.006227
2026-05-20 13:58: Train Epoch 167: 60/71 Loss: 0.012318
2026-05-20 13:58: **********Train Epoch 167: averaged Loss: 0.012341
2026-05-20 13:58: **********Val Epoch 167: average Loss: 0.072361
2026-05-20 13:58: Train Epoch 168: 0/71 Loss: 0.049593
2026-05-20 13:58: Train Epoch 168: 20/71 Loss: 0.002267
2026-05-20 13:58: Train Epoch 168: 40/71 Loss: 0.020341
2026-05-20 13:58: Train Epoch 168: 60/71 Loss: 0.017336
2026-05-20 13:58: **********Train Epoch 168: averaged Loss: 0.015172
2026-05-20 13:58: **********Val Epoch 168: average Loss: 0.072056
2026-05-20 13:58: Train Epoch 169: 0/71 Loss: 0.037883
2026-05-20 13:58: Train Epoch 169: 20/71 Loss: 0.018981
2026-05-20 13:58: Train Epoch 169: 40/71 Loss: 0.007544
2026-05-20 13:58: Train Epoch 169: 60/71 Loss: 0.029985
2026-05-20 13:58: **********Train Epoch 169: averaged Loss: 0.018243
2026-05-20 13:58: **********Val Epoch 169: average Loss: 0.047012
2026-05-20 13:58: Train Epoch 170: 0/71 Loss: 0.053780
2026-05-20 13:58: Train Epoch 170: 20/71 Loss: 0.002744
2026-05-20 13:58: Train Epoch 170: 40/71 Loss: 0.020574
2026-05-20 13:58: Train Epoch 170: 60/71 Loss: 0.024064
2026-05-20 13:58: **********Train Epoch 170: averaged Loss: 0.015552
2026-05-20 13:58: **********Val Epoch 170: average Loss: 0.051997
2026-05-20 13:58: Train Epoch 171: 0/71 Loss: 0.049933
2026-05-20 13:58: Train Epoch 171: 20/71 Loss: 0.015605
2026-05-20 13:58: Train Epoch 171: 40/71 Loss: 0.018927
2026-05-20 13:58: Train Epoch 171: 60/71 Loss: 0.038237
2026-05-20 13:58: **********Train Epoch 171: averaged Loss: 0.023487
2026-05-20 13:58: **********Val Epoch 171: average Loss: 0.056514
2026-05-20 13:58: Train Epoch 172: 0/71 Loss: 0.049523
2026-05-20 13:58: Train Epoch 172: 20/71 Loss: 0.002603
2026-05-20 13:59: Train Epoch 172: 40/71 Loss: 0.062960
2026-05-20 13:59: Train Epoch 172: 60/71 Loss: 0.035184
2026-05-20 13:59: **********Train Epoch 172: averaged Loss: 0.032866
2026-05-20 13:59: **********Val Epoch 172: average Loss: 0.072455
2026-05-20 13:59: Train Epoch 173: 0/71 Loss: 0.048292
2026-05-20 13:59: Train Epoch 173: 20/71 Loss: 0.005843
2026-05-20 13:59: Train Epoch 173: 40/71 Loss: 0.034131
2026-05-20 13:59: Train Epoch 173: 60/71 Loss: 0.035359
2026-05-20 13:59: **********Train Epoch 173: averaged Loss: 0.021900
2026-05-20 13:59: **********Val Epoch 173: average Loss: 0.073057
2026-05-20 13:59: Train Epoch 174: 0/71 Loss: 0.029140
2026-05-20 13:59: Train Epoch 174: 20/71 Loss: 0.003183
2026-05-20 13:59: Train Epoch 174: 40/71 Loss: 0.008473
2026-05-20 13:59: Train Epoch 174: 60/71 Loss: 0.035766
2026-05-20 13:59: **********Train Epoch 174: averaged Loss: 0.014780
2026-05-20 13:59: **********Val Epoch 174: average Loss: 0.053532
2026-05-20 13:59: Train Epoch 175: 0/71 Loss: 0.041078
2026-05-20 13:59: Train Epoch 175: 20/71 Loss: 0.002508
2026-05-20 13:59: Train Epoch 175: 40/71 Loss: 0.026985
2026-05-20 13:59: Train Epoch 175: 60/71 Loss: 0.047817
2026-05-20 13:59: **********Train Epoch 175: averaged Loss: 0.022474
2026-05-20 13:59: **********Val Epoch 175: average Loss: 0.050664
2026-05-20 13:59: Train Epoch 176: 0/71 Loss: 0.023781
2026-05-20 13:59: Train Epoch 176: 20/71 Loss: 0.006937
2026-05-20 13:59: Train Epoch 176: 40/71 Loss: 0.008488
2026-05-20 13:59: Train Epoch 176: 60/71 Loss: 0.031123
2026-05-20 13:59: **********Train Epoch 176: averaged Loss: 0.012012
2026-05-20 13:59: **********Val Epoch 176: average Loss: 0.070932
2026-05-20 13:59: Train Epoch 177: 0/71 Loss: 0.032028
2026-05-20 13:59: Train Epoch 177: 20/71 Loss: 0.003272
2026-05-20 13:59: Train Epoch 177: 40/71 Loss: 0.008304
2026-05-20 13:59: Train Epoch 177: 60/71 Loss: 0.022511
2026-05-20 13:59: **********Train Epoch 177: averaged Loss: 0.012738
2026-05-20 13:59: **********Val Epoch 177: average Loss: 0.073243
2026-05-20 13:59: Train Epoch 178: 0/71 Loss: 0.037593
2026-05-20 13:59: Train Epoch 178: 20/71 Loss: 0.003343
2026-05-20 13:59: Train Epoch 178: 40/71 Loss: 0.012274
2026-05-20 13:59: Train Epoch 178: 60/71 Loss: 0.030842
2026-05-20 13:59: **********Train Epoch 178: averaged Loss: 0.014356
2026-05-20 13:59: **********Val Epoch 178: average Loss: 0.062021
2026-05-20 13:59: Train Epoch 179: 0/71 Loss: 0.032014
2026-05-20 13:59: Train Epoch 179: 20/71 Loss: 0.004151
2026-05-20 13:59: Train Epoch 179: 40/71 Loss: 0.008812
2026-05-20 13:59: Train Epoch 179: 60/71 Loss: 0.033254
2026-05-20 13:59: **********Train Epoch 179: averaged Loss: 0.014061
2026-05-20 13:59: **********Val Epoch 179: average Loss: 0.072753
2026-05-20 13:59: Train Epoch 180: 0/71 Loss: 0.023986
2026-05-20 13:59: Train Epoch 180: 20/71 Loss: 0.003609
2026-05-20 13:59: Train Epoch 180: 40/71 Loss: 0.009372
2026-05-20 13:59: Train Epoch 180: 60/71 Loss: 0.020996
2026-05-20 13:59: **********Train Epoch 180: averaged Loss: 0.013249
2026-05-20 13:59: **********Val Epoch 180: average Loss: 0.075371
2026-05-20 13:59: Train Epoch 181: 0/71 Loss: 0.027517
2026-05-20 13:59: Train Epoch 181: 20/71 Loss: 0.002524
2026-05-20 13:59: Train Epoch 181: 40/71 Loss: 0.011120
2026-05-20 13:59: Train Epoch 181: 60/71 Loss: 0.025492
2026-05-20 13:59: **********Train Epoch 181: averaged Loss: 0.013412
2026-05-20 13:59: **********Val Epoch 181: average Loss: 0.069506
2026-05-20 13:59: Train Epoch 182: 0/71 Loss: 0.029495
2026-05-20 13:59: Train Epoch 182: 20/71 Loss: 0.003100
2026-05-20 13:59: Train Epoch 182: 40/71 Loss: 0.007302
2026-05-20 13:59: Train Epoch 182: 60/71 Loss: 0.028746
2026-05-20 13:59: **********Train Epoch 182: averaged Loss: 0.013303
2026-05-20 13:59: **********Val Epoch 182: average Loss: 0.074987
2026-05-20 13:59: Train Epoch 183: 0/71 Loss: 0.024409
2026-05-20 13:59: Train Epoch 183: 20/71 Loss: 0.002102
2026-05-20 13:59: Train Epoch 183: 40/71 Loss: 0.019353
2026-05-20 13:59: Train Epoch 183: 60/71 Loss: 0.034581
2026-05-20 13:59: **********Train Epoch 183: averaged Loss: 0.015374
2026-05-20 13:59: **********Val Epoch 183: average Loss: 0.049568
2026-05-20 13:59: Train Epoch 184: 0/71 Loss: 0.044847
2026-05-20 13:59: Train Epoch 184: 20/71 Loss: 0.002082
2026-05-20 13:59: Train Epoch 184: 40/71 Loss: 0.048922
2026-05-20 13:59: Train Epoch 184: 60/71 Loss: 0.033025
2026-05-20 13:59: **********Train Epoch 184: averaged Loss: 0.025031
2026-05-20 13:59: **********Val Epoch 184: average Loss: 0.058524
2026-05-20 13:59: Train Epoch 185: 0/71 Loss: 0.064055
2026-05-20 13:59: Train Epoch 185: 20/71 Loss: 0.002747
2026-05-20 13:59: Train Epoch 185: 40/71 Loss: 0.021681
2026-05-20 13:59: Train Epoch 185: 60/71 Loss: 0.012967
2026-05-20 13:59: **********Train Epoch 185: averaged Loss: 0.013868
2026-05-20 13:59: **********Val Epoch 185: average Loss: 0.084599
2026-05-20 13:59: Train Epoch 186: 0/71 Loss: 0.027467
2026-05-20 13:59: Train Epoch 186: 20/71 Loss: 0.002909
2026-05-20 13:59: Train Epoch 186: 40/71 Loss: 0.007943
2026-05-20 13:59: Train Epoch 186: 60/71 Loss: 0.035042
2026-05-20 13:59: **********Train Epoch 186: averaged Loss: 0.016052
2026-05-20 13:59: **********Val Epoch 186: average Loss: 0.071071
2026-05-20 13:59: Train Epoch 187: 0/71 Loss: 0.049289
2026-05-20 13:59: Train Epoch 187: 20/71 Loss: 0.011061
2026-05-20 13:59: Train Epoch 187: 40/71 Loss: 0.058334
2026-05-20 13:59: Train Epoch 187: 60/71 Loss: 0.042586
2026-05-20 13:59: **********Train Epoch 187: averaged Loss: 0.029988
2026-05-20 13:59: **********Val Epoch 187: average Loss: 0.064727
2026-05-20 13:59: Train Epoch 188: 0/71 Loss: 0.069669
2026-05-20 13:59: Train Epoch 188: 20/71 Loss: 0.012839
2026-05-20 13:59: Train Epoch 188: 40/71 Loss: 0.024951
2026-05-20 13:59: Train Epoch 188: 60/71 Loss: 0.008010
2026-05-20 13:59: **********Train Epoch 188: averaged Loss: 0.015393
2026-05-20 13:59: **********Val Epoch 188: average Loss: 0.062944
2026-05-20 13:59: Train Epoch 189: 0/71 Loss: 0.042242
2026-05-20 13:59: Train Epoch 189: 20/71 Loss: 0.002478
2026-05-20 13:59: Train Epoch 189: 40/71 Loss: 0.009413
2026-05-20 13:59: Train Epoch 189: 60/71 Loss: 0.033322
2026-05-20 13:59: **********Train Epoch 189: averaged Loss: 0.015239
2026-05-20 13:59: **********Val Epoch 189: average Loss: 0.034293
2026-05-20 13:59: Train Epoch 190: 0/71 Loss: 0.056837
2026-05-20 13:59: Train Epoch 190: 20/71 Loss: 0.002946
2026-05-20 13:59: Train Epoch 190: 40/71 Loss: 0.007739
2026-05-20 13:59: Train Epoch 190: 60/71 Loss: 0.032832
2026-05-20 13:59: **********Train Epoch 190: averaged Loss: 0.017411
2026-05-20 13:59: **********Val Epoch 190: average Loss: 0.041872
2026-05-20 13:59: Train Epoch 191: 0/71 Loss: 0.053304
2026-05-20 13:59: Train Epoch 191: 20/71 Loss: 0.001497
2026-05-20 14:00: Train Epoch 191: 40/71 Loss: 0.009382
2026-05-20 14:00: Train Epoch 191: 60/71 Loss: 0.028968
2026-05-20 14:00: **********Train Epoch 191: averaged Loss: 0.015482
2026-05-20 14:00: **********Val Epoch 191: average Loss: 0.058315
2026-05-20 14:00: Train Epoch 192: 0/71 Loss: 0.038079
2026-05-20 14:00: Train Epoch 192: 20/71 Loss: 0.005191
2026-05-20 14:00: Train Epoch 192: 40/71 Loss: 0.013920
2026-05-20 14:00: Train Epoch 192: 60/71 Loss: 0.037781
2026-05-20 14:00: **********Train Epoch 192: averaged Loss: 0.016747
2026-05-20 14:00: **********Val Epoch 192: average Loss: 0.063700
2026-05-20 14:00: Train Epoch 193: 0/71 Loss: 0.031940
2026-05-20 14:00: Train Epoch 193: 20/71 Loss: 0.001808
2026-05-20 14:00: Train Epoch 193: 40/71 Loss: 0.011882
2026-05-20 14:00: Train Epoch 193: 60/71 Loss: 0.032028
2026-05-20 14:00: **********Train Epoch 193: averaged Loss: 0.014466
2026-05-20 14:00: **********Val Epoch 193: average Loss: 0.049576
2026-05-20 14:00: Train Epoch 194: 0/71 Loss: 0.055505
2026-05-20 14:00: Train Epoch 194: 20/71 Loss: 0.007040
2026-05-20 14:00: Train Epoch 194: 40/71 Loss: 0.011006
2026-05-20 14:00: Train Epoch 194: 60/71 Loss: 0.023464
2026-05-20 14:00: **********Train Epoch 194: averaged Loss: 0.014138
2026-05-20 14:00: **********Val Epoch 194: average Loss: 0.070327
2026-05-20 14:00: Train Epoch 195: 0/71 Loss: 0.032963
2026-05-20 14:00: Train Epoch 195: 20/71 Loss: 0.002397
2026-05-20 14:00: Train Epoch 195: 40/71 Loss: 0.015235
2026-05-20 14:00: Train Epoch 195: 60/71 Loss: 0.033196
2026-05-20 14:00: **********Train Epoch 195: averaged Loss: 0.014576
2026-05-20 14:00: **********Val Epoch 195: average Loss: 0.069727
2026-05-20 14:00: Train Epoch 196: 0/71 Loss: 0.045494
2026-05-20 14:00: Train Epoch 196: 20/71 Loss: 0.003756
2026-05-20 14:00: Train Epoch 196: 40/71 Loss: 0.014755
2026-05-20 14:00: Train Epoch 196: 60/71 Loss: 0.027057
2026-05-20 14:00: **********Train Epoch 196: averaged Loss: 0.013773
2026-05-20 14:00: **********Val Epoch 196: average Loss: 0.064736
2026-05-20 14:00: Train Epoch 197: 0/71 Loss: 0.044016
2026-05-20 14:00: Train Epoch 197: 20/71 Loss: 0.003601
2026-05-20 14:00: Train Epoch 197: 40/71 Loss: 0.016508
2026-05-20 14:00: Train Epoch 197: 60/71 Loss: 0.036898
2026-05-20 14:00: **********Train Epoch 197: averaged Loss: 0.014989
2026-05-20 14:00: **********Val Epoch 197: average Loss: 0.047174
2026-05-20 14:00: Train Epoch 198: 0/71 Loss: 0.044889
2026-05-20 14:00: Train Epoch 198: 20/71 Loss: 0.002641
2026-05-20 14:00: Train Epoch 198: 40/71 Loss: 0.049378
2026-05-20 14:00: Train Epoch 198: 60/71 Loss: 0.030032
2026-05-20 14:00: **********Train Epoch 198: averaged Loss: 0.025744
2026-05-20 14:00: **********Val Epoch 198: average Loss: 0.060377
2026-05-20 14:00: Train Epoch 199: 0/71 Loss: 0.049523
2026-05-20 14:00: Train Epoch 199: 20/71 Loss: 0.002792
2026-05-20 14:00: Train Epoch 199: 40/71 Loss: 0.034612
2026-05-20 14:00: Train Epoch 199: 60/71 Loss: 0.036695
2026-05-20 14:00: **********Train Epoch 199: averaged Loss: 0.023209
2026-05-20 14:00: **********Val Epoch 199: average Loss: 0.074498
2026-05-20 14:00: Train Epoch 200: 0/71 Loss: 0.023448
2026-05-20 14:00: Train Epoch 200: 20/71 Loss: 0.002160
2026-05-20 14:00: Train Epoch 200: 40/71 Loss: 0.008815
2026-05-20 14:00: Train Epoch 200: 60/71 Loss: 0.025369
2026-05-20 14:00: **********Train Epoch 200: averaged Loss: 0.012942
2026-05-20 14:00: **********Val Epoch 200: average Loss: 0.092157
2026-05-20 14:00: Train Epoch 201: 0/71 Loss: 0.011199
2026-05-20 14:00: Train Epoch 201: 20/71 Loss: 0.004412
2026-05-20 14:00: Train Epoch 201: 40/71 Loss: 0.010017
2026-05-20 14:00: Train Epoch 201: 60/71 Loss: 0.033211
2026-05-20 14:00: **********Train Epoch 201: averaged Loss: 0.016919
2026-05-20 14:00: **********Val Epoch 201: average Loss: 0.056245
2026-05-20 14:00: Train Epoch 202: 0/71 Loss: 0.046453
2026-05-20 14:00: Train Epoch 202: 20/71 Loss: 0.006419
2026-05-20 14:00: Train Epoch 202: 40/71 Loss: 0.032006
2026-05-20 14:00: Train Epoch 202: 60/71 Loss: 0.036866
2026-05-20 14:00: **********Train Epoch 202: averaged Loss: 0.022505
2026-05-20 14:00: **********Val Epoch 202: average Loss: 0.052848
2026-05-20 14:00: Train Epoch 203: 0/71 Loss: 0.032516
2026-05-20 14:00: Train Epoch 203: 20/71 Loss: 0.007495
2026-05-20 14:00: Train Epoch 203: 40/71 Loss: 0.010875
2026-05-20 14:00: Train Epoch 203: 60/71 Loss: 0.028572
2026-05-20 14:00: **********Train Epoch 203: averaged Loss: 0.013202
2026-05-20 14:00: **********Val Epoch 203: average Loss: 0.061015
2026-05-20 14:00: Train Epoch 204: 0/71 Loss: 0.027087
2026-05-20 14:00: Train Epoch 204: 20/71 Loss: 0.001301
2026-05-20 14:00: Train Epoch 204: 40/71 Loss: 0.005460
2026-05-20 14:00: Train Epoch 204: 60/71 Loss: 0.038310
2026-05-20 14:00: **********Train Epoch 204: averaged Loss: 0.015208
2026-05-20 14:00: **********Val Epoch 204: average Loss: 0.049184
2026-05-20 14:00: Train Epoch 205: 0/71 Loss: 0.051282
2026-05-20 14:00: Train Epoch 205: 20/71 Loss: 0.005727
2026-05-20 14:00: Train Epoch 205: 40/71 Loss: 0.036548
2026-05-20 14:00: Train Epoch 205: 60/71 Loss: 0.042810
2026-05-20 14:00: **********Train Epoch 205: averaged Loss: 0.022415
2026-05-20 14:00: **********Val Epoch 205: average Loss: 0.050224
2026-05-20 14:00: Train Epoch 206: 0/71 Loss: 0.038823
2026-05-20 14:00: Train Epoch 206: 20/71 Loss: 0.009527
2026-05-20 14:00: Train Epoch 206: 40/71 Loss: 0.013547
2026-05-20 14:00: Train Epoch 206: 60/71 Loss: 0.020700
2026-05-20 14:00: **********Train Epoch 206: averaged Loss: 0.012891
2026-05-20 14:00: **********Val Epoch 206: average Loss: 0.071859
2026-05-20 14:00: Train Epoch 207: 0/71 Loss: 0.026234
2026-05-20 14:00: Train Epoch 207: 20/71 Loss: 0.002515
2026-05-20 14:00: Train Epoch 207: 40/71 Loss: 0.005373
2026-05-20 14:00: Train Epoch 207: 60/71 Loss: 0.032293
2026-05-20 14:00: **********Train Epoch 207: averaged Loss: 0.014276
2026-05-20 14:00: **********Val Epoch 207: average Loss: 0.068794
2026-05-20 14:00: Train Epoch 208: 0/71 Loss: 0.031592
2026-05-20 14:00: Train Epoch 208: 20/71 Loss: 0.008095
2026-05-20 14:00: Train Epoch 208: 40/71 Loss: 0.010416
2026-05-20 14:00: Train Epoch 208: 60/71 Loss: 0.022103
2026-05-20 14:00: **********Train Epoch 208: averaged Loss: 0.014419
2026-05-20 14:00: **********Val Epoch 208: average Loss: 0.067368
2026-05-20 14:00: Train Epoch 209: 0/71 Loss: 0.021348
2026-05-20 14:00: Train Epoch 209: 20/71 Loss: 0.004280
2026-05-20 14:00: Train Epoch 209: 40/71 Loss: 0.011210
2026-05-20 14:00: Train Epoch 209: 60/71 Loss: 0.022973
2026-05-20 14:00: **********Train Epoch 209: averaged Loss: 0.011574
2026-05-20 14:00: **********Val Epoch 209: average Loss: 0.056057
2026-05-20 14:00: Train Epoch 210: 0/71 Loss: 0.039001
2026-05-20 14:00: Train Epoch 210: 20/71 Loss: 0.005294
2026-05-20 14:00: Train Epoch 210: 40/71 Loss: 0.007816
2026-05-20 14:00: Train Epoch 210: 60/71 Loss: 0.022192
2026-05-20 14:00: **********Train Epoch 210: averaged Loss: 0.014010
2026-05-20 14:00: **********Val Epoch 210: average Loss: 0.057649
2026-05-20 14:00: Train Epoch 211: 0/71 Loss: 0.020266
2026-05-20 14:00: Train Epoch 211: 20/71 Loss: 0.001506
2026-05-20 14:00: Train Epoch 211: 40/71 Loss: 0.005477
2026-05-20 14:00: Train Epoch 211: 60/71 Loss: 0.036857
2026-05-20 14:00: **********Train Epoch 211: averaged Loss: 0.014094
2026-05-20 14:00: **********Val Epoch 211: average Loss: 0.050295
2026-05-20 14:00: Train Epoch 212: 0/71 Loss: 0.042742
2026-05-20 14:00: Train Epoch 212: 20/71 Loss: 0.002851
2026-05-20 14:00: Train Epoch 212: 40/71 Loss: 0.017010
2026-05-20 14:00: Train Epoch 212: 60/71 Loss: 0.036606
2026-05-20 14:01: **********Train Epoch 212: averaged Loss: 0.018575
2026-05-20 14:01: **********Val Epoch 212: average Loss: 0.030131
2026-05-20 14:01: Train Epoch 213: 0/71 Loss: 0.038134
2026-05-20 14:01: Train Epoch 213: 20/71 Loss: 0.001792
2026-05-20 14:01: Train Epoch 213: 40/71 Loss: 0.007436
2026-05-20 14:01: Train Epoch 213: 60/71 Loss: 0.014138
2026-05-20 14:01: **********Train Epoch 213: averaged Loss: 0.010641
2026-05-20 14:01: **********Val Epoch 213: average Loss: 0.067233
2026-05-20 14:01: Train Epoch 214: 0/71 Loss: 0.039098
2026-05-20 14:01: Train Epoch 214: 20/71 Loss: 0.015377
2026-05-20 14:01: Train Epoch 214: 40/71 Loss: 0.009605
2026-05-20 14:01: Train Epoch 214: 60/71 Loss: 0.032163
2026-05-20 14:01: **********Train Epoch 214: averaged Loss: 0.016922
2026-05-20 14:01: **********Val Epoch 214: average Loss: 0.041477
2026-05-20 14:01: Train Epoch 215: 0/71 Loss: 0.036337
2026-05-20 14:01: Train Epoch 215: 20/71 Loss: 0.001788
2026-05-20 14:01: Train Epoch 215: 40/71 Loss: 0.008373
2026-05-20 14:01: Train Epoch 215: 60/71 Loss: 0.023437
2026-05-20 14:01: **********Train Epoch 215: averaged Loss: 0.012126
2026-05-20 14:01: **********Val Epoch 215: average Loss: 0.064317
2026-05-20 14:01: Train Epoch 216: 0/71 Loss: 0.043514
2026-05-20 14:01: Train Epoch 216: 20/71 Loss: 0.003535
2026-05-20 14:01: Train Epoch 216: 40/71 Loss: 0.014594
2026-05-20 14:01: Train Epoch 216: 60/71 Loss: 0.025289
2026-05-20 14:01: **********Train Epoch 216: averaged Loss: 0.013782
2026-05-20 14:01: **********Val Epoch 216: average Loss: 0.067878
2026-05-20 14:01: Train Epoch 217: 0/71 Loss: 0.031459
2026-05-20 14:01: Train Epoch 217: 20/71 Loss: 0.005120
2026-05-20 14:01: Train Epoch 217: 40/71 Loss: 0.007178
2026-05-20 14:01: Train Epoch 217: 60/71 Loss: 0.027501
2026-05-20 14:01: **********Train Epoch 217: averaged Loss: 0.015341
2026-05-20 14:01: **********Val Epoch 217: average Loss: 0.064243
2026-05-20 14:01: Train Epoch 218: 0/71 Loss: 0.022900
2026-05-20 14:01: Train Epoch 218: 20/71 Loss: 0.008324
2026-05-20 14:01: Train Epoch 218: 40/71 Loss: 0.010839
2026-05-20 14:01: Train Epoch 218: 60/71 Loss: 0.021803
2026-05-20 14:01: **********Train Epoch 218: averaged Loss: 0.014005
2026-05-20 14:01: **********Val Epoch 218: average Loss: 0.052587
2026-05-20 14:01: Train Epoch 219: 0/71 Loss: 0.019553
2026-05-20 14:01: Train Epoch 219: 20/71 Loss: 0.001940
2026-05-20 14:01: Train Epoch 219: 40/71 Loss: 0.004933
2026-05-20 14:01: Train Epoch 219: 60/71 Loss: 0.036986
2026-05-20 14:01: **********Train Epoch 219: averaged Loss: 0.013049
2026-05-20 14:01: **********Val Epoch 219: average Loss: 0.036490
2026-05-20 14:01: Train Epoch 220: 0/71 Loss: 0.043393
2026-05-20 14:01: Train Epoch 220: 20/71 Loss: 0.003307
2026-05-20 14:01: Train Epoch 220: 40/71 Loss: 0.024384
2026-05-20 14:01: Train Epoch 220: 60/71 Loss: 0.032591
2026-05-20 14:01: **********Train Epoch 220: averaged Loss: 0.016945
2026-05-20 14:01: **********Val Epoch 220: average Loss: 0.032206
2026-05-20 14:01: Train Epoch 221: 0/71 Loss: 0.038328
2026-05-20 14:01: Train Epoch 221: 20/71 Loss: 0.001510
2026-05-20 14:01: Train Epoch 221: 40/71 Loss: 0.009971
2026-05-20 14:01: Train Epoch 221: 60/71 Loss: 0.016520
2026-05-20 14:01: **********Train Epoch 221: averaged Loss: 0.010902
2026-05-20 14:01: **********Val Epoch 221: average Loss: 0.056104
2026-05-20 14:01: Train Epoch 222: 0/71 Loss: 0.053090
2026-05-20 14:01: Train Epoch 222: 20/71 Loss: 0.002942
2026-05-20 14:01: Train Epoch 222: 40/71 Loss: 0.010323
2026-05-20 14:01: Train Epoch 222: 60/71 Loss: 0.018032
2026-05-20 14:01: **********Train Epoch 222: averaged Loss: 0.014501
2026-05-20 14:01: **********Val Epoch 222: average Loss: 0.055311
2026-05-20 14:01: Train Epoch 223: 0/71 Loss: 0.026410
2026-05-20 14:01: Train Epoch 223: 20/71 Loss: 0.005781
2026-05-20 14:01: Train Epoch 223: 40/71 Loss: 0.006630
2026-05-20 14:01: Train Epoch 223: 60/71 Loss: 0.030313
2026-05-20 14:01: **********Train Epoch 223: averaged Loss: 0.014205
2026-05-20 14:01: **********Val Epoch 223: average Loss: 0.039397
2026-05-20 14:01: Train Epoch 224: 0/71 Loss: 0.032402
2026-05-20 14:01: Train Epoch 224: 20/71 Loss: 0.001672
2026-05-20 14:01: Train Epoch 224: 40/71 Loss: 0.006868
2026-05-20 14:01: Train Epoch 224: 60/71 Loss: 0.020564
2026-05-20 14:01: **********Train Epoch 224: averaged Loss: 0.010669
2026-05-20 14:01: **********Val Epoch 224: average Loss: 0.056710
2026-05-20 14:01: Train Epoch 225: 0/71 Loss: 0.031464
2026-05-20 14:01: Train Epoch 225: 20/71 Loss: 0.007105
2026-05-20 14:01: Train Epoch 225: 40/71 Loss: 0.007102
2026-05-20 14:01: Train Epoch 225: 60/71 Loss: 0.021200
2026-05-20 14:01: **********Train Epoch 225: averaged Loss: 0.011807
2026-05-20 14:01: **********Val Epoch 225: average Loss: 0.058958
2026-05-20 14:01: Train Epoch 226: 0/71 Loss: 0.025160
2026-05-20 14:01: Train Epoch 226: 20/71 Loss: 0.009795
2026-05-20 14:01: Train Epoch 226: 40/71 Loss: 0.006968
2026-05-20 14:01: Train Epoch 226: 60/71 Loss: 0.026890
2026-05-20 14:01: **********Train Epoch 226: averaged Loss: 0.013777
2026-05-20 14:01: **********Val Epoch 226: average Loss: 0.054722
2026-05-20 14:01: Train Epoch 227: 0/71 Loss: 0.022539
2026-05-20 14:01: Train Epoch 227: 20/71 Loss: 0.002346
2026-05-20 14:01: Train Epoch 227: 40/71 Loss: 0.016126
2026-05-20 14:01: Train Epoch 227: 60/71 Loss: 0.021865
2026-05-20 14:01: **********Train Epoch 227: averaged Loss: 0.012141
2026-05-20 14:01: **********Val Epoch 227: average Loss: 0.054930
2026-05-20 14:01: Train Epoch 228: 0/71 Loss: 0.036109
2026-05-20 14:01: Train Epoch 228: 20/71 Loss: 0.004494
2026-05-20 14:01: Train Epoch 228: 40/71 Loss: 0.007992
2026-05-20 14:01: Train Epoch 228: 60/71 Loss: 0.028766
2026-05-20 14:01: **********Train Epoch 228: averaged Loss: 0.013454
2026-05-20 14:01: **********Val Epoch 228: average Loss: 0.053056
2026-05-20 14:01: Train Epoch 229: 0/71 Loss: 0.025414
2026-05-20 14:01: Train Epoch 229: 20/71 Loss: 0.003239
2026-05-20 14:01: Train Epoch 229: 40/71 Loss: 0.006247
2026-05-20 14:01: Train Epoch 229: 60/71 Loss: 0.024444
2026-05-20 14:01: **********Train Epoch 229: averaged Loss: 0.012400
2026-05-20 14:01: **********Val Epoch 229: average Loss: 0.047705
2026-05-20 14:01: Train Epoch 230: 0/71 Loss: 0.055072
2026-05-20 14:01: Train Epoch 230: 20/71 Loss: 0.004755
2026-05-20 14:01: Train Epoch 230: 40/71 Loss: 0.039404
2026-05-20 14:01: Train Epoch 230: 60/71 Loss: 0.042647
2026-05-20 14:01: **********Train Epoch 230: averaged Loss: 0.022926
2026-05-20 14:01: **********Val Epoch 230: average Loss: 0.047214
2026-05-20 14:01: Train Epoch 231: 0/71 Loss: 0.039675
2026-05-20 14:01: Train Epoch 231: 20/71 Loss: 0.002708
2026-05-20 14:01: Train Epoch 231: 40/71 Loss: 0.010175
2026-05-20 14:01: Train Epoch 231: 60/71 Loss: 0.024437
2026-05-20 14:01: **********Train Epoch 231: averaged Loss: 0.012943
2026-05-20 14:01: **********Val Epoch 231: average Loss: 0.058129
2026-05-20 14:01: Train Epoch 232: 0/71 Loss: 0.050301
2026-05-20 14:01: Train Epoch 232: 20/71 Loss: 0.004613
2026-05-20 14:01: Train Epoch 232: 40/71 Loss: 0.010876
2026-05-20 14:01: Train Epoch 232: 60/71 Loss: 0.021004
2026-05-20 14:02: **********Train Epoch 232: averaged Loss: 0.013867
2026-05-20 14:02: **********Val Epoch 232: average Loss: 0.063557
2026-05-20 14:02: Train Epoch 233: 0/71 Loss: 0.044814
2026-05-20 14:02: Train Epoch 233: 20/71 Loss: 0.001498
2026-05-20 14:02: Train Epoch 233: 40/71 Loss: 0.008414
2026-05-20 14:02: Train Epoch 233: 60/71 Loss: 0.027814
2026-05-20 14:02: **********Train Epoch 233: averaged Loss: 0.013939
2026-05-20 14:02: **********Val Epoch 233: average Loss: 0.056364
2026-05-20 14:02: Train Epoch 234: 0/71 Loss: 0.032668
2026-05-20 14:02: Train Epoch 234: 20/71 Loss: 0.015793
2026-05-20 14:02: Train Epoch 234: 40/71 Loss: 0.009281
2026-05-20 14:02: Train Epoch 234: 60/71 Loss: 0.034396
2026-05-20 14:02: **********Train Epoch 234: averaged Loss: 0.016090
2026-05-20 14:02: **********Val Epoch 234: average Loss: 0.054780
2026-05-20 14:02: Train Epoch 235: 0/71 Loss: 0.038223
2026-05-20 14:02: Train Epoch 235: 20/71 Loss: 0.001411
2026-05-20 14:02: Train Epoch 235: 40/71 Loss: 0.015833
2026-05-20 14:02: Train Epoch 235: 60/71 Loss: 0.022249
2026-05-20 14:02: **********Train Epoch 235: averaged Loss: 0.012395
2026-05-20 14:02: **********Val Epoch 235: average Loss: 0.057925
2026-05-20 14:02: Train Epoch 236: 0/71 Loss: 0.033711
2026-05-20 14:02: Train Epoch 236: 20/71 Loss: 0.002280
2026-05-20 14:02: Train Epoch 236: 40/71 Loss: 0.011573
2026-05-20 14:02: Train Epoch 236: 60/71 Loss: 0.029185
2026-05-20 14:02: **********Train Epoch 236: averaged Loss: 0.015121
2026-05-20 14:02: **********Val Epoch 236: average Loss: 0.053995
2026-05-20 14:02: Train Epoch 237: 0/71 Loss: 0.033328
2026-05-20 14:02: Train Epoch 237: 20/71 Loss: 0.001946
2026-05-20 14:02: Train Epoch 237: 40/71 Loss: 0.011234
2026-05-20 14:02: Train Epoch 237: 60/71 Loss: 0.032360
2026-05-20 14:02: **********Train Epoch 237: averaged Loss: 0.014028
2026-05-20 14:02: **********Val Epoch 237: average Loss: 0.051623
2026-05-20 14:02: Train Epoch 238: 0/71 Loss: 0.044706
2026-05-20 14:02: Train Epoch 238: 20/71 Loss: 0.009940
2026-05-20 14:02: Train Epoch 238: 40/71 Loss: 0.075148
2026-05-20 14:02: Train Epoch 238: 60/71 Loss: 0.032404
2026-05-20 14:02: **********Train Epoch 238: averaged Loss: 0.030745
2026-05-20 14:02: **********Val Epoch 238: average Loss: 0.054751
2026-05-20 14:02: Train Epoch 239: 0/71 Loss: 0.089641
2026-05-20 14:02: Train Epoch 239: 20/71 Loss: 0.004857
2026-05-20 14:02: Train Epoch 239: 40/71 Loss: 0.014348
2026-05-20 14:02: Train Epoch 239: 60/71 Loss: 0.016155
2026-05-20 14:02: **********Train Epoch 239: averaged Loss: 0.017661
2026-05-20 14:02: **********Val Epoch 239: average Loss: 0.065280
2026-05-20 14:02: Train Epoch 240: 0/71 Loss: 0.032822
2026-05-20 14:02: Train Epoch 240: 20/71 Loss: 0.001289
2026-05-20 14:02: Train Epoch 240: 40/71 Loss: 0.006526
2026-05-20 14:02: Train Epoch 240: 60/71 Loss: 0.029385
2026-05-20 14:02: **********Train Epoch 240: averaged Loss: 0.013910
2026-05-20 14:02: **********Val Epoch 240: average Loss: 0.054171
2026-05-20 14:02: Train Epoch 241: 0/71 Loss: 0.025317
2026-05-20 14:02: Train Epoch 241: 20/71 Loss: 0.010959
2026-05-20 14:02: Train Epoch 241: 40/71 Loss: 0.009590
2026-05-20 14:02: Train Epoch 241: 60/71 Loss: 0.021183
2026-05-20 14:02: **********Train Epoch 241: averaged Loss: 0.014151
2026-05-20 14:02: **********Val Epoch 241: average Loss: 0.060665
2026-05-20 14:02: Train Epoch 242: 0/71 Loss: 0.026738
2026-05-20 14:02: Train Epoch 242: 20/71 Loss: 0.001626
2026-05-20 14:02: Train Epoch 242: 40/71 Loss: 0.005207
2026-05-20 14:02: Train Epoch 242: 60/71 Loss: 0.032485
2026-05-20 14:02: **********Train Epoch 242: averaged Loss: 0.013923
2026-05-20 14:02: **********Val Epoch 242: average Loss: 0.048247
2026-05-20 14:02: Train Epoch 243: 0/71 Loss: 0.043888
2026-05-20 14:02: Train Epoch 243: 20/71 Loss: 0.004951
2026-05-20 14:02: Train Epoch 243: 40/71 Loss: 0.049768
2026-05-20 14:02: Train Epoch 243: 60/71 Loss: 0.031697
2026-05-20 14:02: **********Train Epoch 243: averaged Loss: 0.024392
2026-05-20 14:02: **********Val Epoch 243: average Loss: 0.055642
2026-05-20 14:02: Train Epoch 244: 0/71 Loss: 0.047498
2026-05-20 14:02: Train Epoch 244: 20/71 Loss: 0.006079
2026-05-20 14:02: Train Epoch 244: 40/71 Loss: 0.009582
2026-05-20 14:02: Train Epoch 244: 60/71 Loss: 0.016898
2026-05-20 14:02: **********Train Epoch 244: averaged Loss: 0.012423
2026-05-20 14:02: **********Val Epoch 244: average Loss: 0.064527
2026-05-20 14:02: Train Epoch 245: 0/71 Loss: 0.029427
2026-05-20 14:02: Train Epoch 245: 20/71 Loss: 0.002590
2026-05-20 14:02: Train Epoch 245: 40/71 Loss: 0.012441
2026-05-20 14:02: Train Epoch 245: 60/71 Loss: 0.028862
2026-05-20 14:02: **********Train Epoch 245: averaged Loss: 0.012967
2026-05-20 14:02: **********Val Epoch 245: average Loss: 0.048864
2026-05-20 14:02: Train Epoch 246: 0/71 Loss: 0.048805
2026-05-20 14:02: Train Epoch 246: 20/71 Loss: 0.001740
2026-05-20 14:02: Train Epoch 246: 40/71 Loss: 0.020847
2026-05-20 14:02: Train Epoch 246: 60/71 Loss: 0.038529
2026-05-20 14:02: **********Train Epoch 246: averaged Loss: 0.017999
2026-05-20 14:02: **********Val Epoch 246: average Loss: 0.037936
2026-05-20 14:02: Train Epoch 247: 0/71 Loss: 0.029249
2026-05-20 14:02: Train Epoch 247: 20/71 Loss: 0.005356
2026-05-20 14:02: Train Epoch 247: 40/71 Loss: 0.008948
2026-05-20 14:02: Train Epoch 247: 60/71 Loss: 0.024152
2026-05-20 14:02: **********Train Epoch 247: averaged Loss: 0.012516
2026-05-20 14:02: **********Val Epoch 247: average Loss: 0.061501
2026-05-20 14:02: Train Epoch 248: 0/71 Loss: 0.022496
2026-05-20 14:02: Train Epoch 248: 20/71 Loss: 0.002027
2026-05-20 14:02: Train Epoch 248: 40/71 Loss: 0.006712
2026-05-20 14:02: Train Epoch 248: 60/71 Loss: 0.027104
2026-05-20 14:02: **********Train Epoch 248: averaged Loss: 0.011763
2026-05-20 14:02: **********Val Epoch 248: average Loss: 0.055228
2026-05-20 14:02: Train Epoch 249: 0/71 Loss: 0.030898
2026-05-20 14:02: Train Epoch 249: 20/71 Loss: 0.004092
2026-05-20 14:02: Train Epoch 249: 40/71 Loss: 0.012046
2026-05-20 14:02: Train Epoch 249: 60/71 Loss: 0.022100
2026-05-20 14:02: **********Train Epoch 249: averaged Loss: 0.013234
2026-05-20 14:02: **********Val Epoch 249: average Loss: 0.070065
2026-05-20 14:02: Train Epoch 250: 0/71 Loss: 0.016163
2026-05-20 14:02: Train Epoch 250: 20/71 Loss: 0.003093
2026-05-20 14:02: Train Epoch 250: 40/71 Loss: 0.007040
2026-05-20 14:02: Train Epoch 250: 60/71 Loss: 0.032915
2026-05-20 14:02: **********Train Epoch 250: averaged Loss: 0.012087
2026-05-20 14:02: **********Val Epoch 250: average Loss: 0.042117
2026-05-20 14:02: Train Epoch 251: 0/71 Loss: 0.051728
2026-05-20 14:02: Train Epoch 251: 20/71 Loss: 0.007980
2026-05-20 14:02: Train Epoch 251: 40/71 Loss: 0.049304
2026-05-20 14:02: Train Epoch 251: 60/71 Loss: 0.032445
2026-05-20 14:02: **********Train Epoch 251: averaged Loss: 0.026398
2026-05-20 14:02: **********Val Epoch 251: average Loss: 0.050708
2026-05-20 14:02: Train Epoch 252: 0/71 Loss: 0.051628
2026-05-20 14:02: Train Epoch 252: 20/71 Loss: 0.005669
2026-05-20 14:02: Train Epoch 252: 40/71 Loss: 0.008822
2026-05-20 14:02: Train Epoch 252: 60/71 Loss: 0.009858
2026-05-20 14:02: **********Train Epoch 252: averaged Loss: 0.011707
2026-05-20 14:02: **********Val Epoch 252: average Loss: 0.056329
2026-05-20 14:02: Train Epoch 253: 0/71 Loss: 0.036200
2026-05-20 14:03: Train Epoch 253: 20/71 Loss: 0.002454
2026-05-20 14:03: Train Epoch 253: 40/71 Loss: 0.012416
2026-05-20 14:03: Train Epoch 253: 60/71 Loss: 0.032897
2026-05-20 14:03: **********Train Epoch 253: averaged Loss: 0.014926
2026-05-20 14:03: **********Val Epoch 253: average Loss: 0.046596
2026-05-20 14:03: Train Epoch 254: 0/71 Loss: 0.048065
2026-05-20 14:03: Train Epoch 254: 20/71 Loss: 0.009141
2026-05-20 14:03: Train Epoch 254: 40/71 Loss: 0.049513
2026-05-20 14:03: Train Epoch 254: 60/71 Loss: 0.040601
2026-05-20 14:03: **********Train Epoch 254: averaged Loss: 0.027308
2026-05-20 14:03: **********Val Epoch 254: average Loss: 0.052123
2026-05-20 14:03: Train Epoch 255: 0/71 Loss: 0.061329
2026-05-20 14:03: Train Epoch 255: 20/71 Loss: 0.004294
2026-05-20 14:03: Train Epoch 255: 40/71 Loss: 0.009373
2026-05-20 14:03: Train Epoch 255: 60/71 Loss: 0.007279
2026-05-20 14:03: **********Train Epoch 255: averaged Loss: 0.013771
2026-05-20 14:03: **********Val Epoch 255: average Loss: 0.052229
2026-05-20 14:03: Train Epoch 256: 0/71 Loss: 0.039396
2026-05-20 14:03: Train Epoch 256: 20/71 Loss: 0.003193
2026-05-20 14:03: Train Epoch 256: 40/71 Loss: 0.009510
2026-05-20 14:03: Train Epoch 256: 60/71 Loss: 0.033302
2026-05-20 14:03: **********Train Epoch 256: averaged Loss: 0.016830
2026-05-20 14:03: **********Val Epoch 256: average Loss: 0.032294
2026-05-20 14:03: Train Epoch 257: 0/71 Loss: 0.041438
2026-05-20 14:03: Train Epoch 257: 20/71 Loss: 0.002456
2026-05-20 14:03: Train Epoch 257: 40/71 Loss: 0.025956
2026-05-20 14:03: Train Epoch 257: 60/71 Loss: 0.038582
2026-05-20 14:03: **********Train Epoch 257: averaged Loss: 0.016345
2026-05-20 14:03: **********Val Epoch 257: average Loss: 0.036010
2026-05-20 14:03: Train Epoch 258: 0/71 Loss: 0.037554
2026-05-20 14:03: Train Epoch 258: 20/71 Loss: 0.002299
2026-05-20 14:03: Train Epoch 258: 40/71 Loss: 0.009028
2026-05-20 14:03: Train Epoch 258: 60/71 Loss: 0.028929
2026-05-20 14:03: **********Train Epoch 258: averaged Loss: 0.012427
2026-05-20 14:03: **********Val Epoch 258: average Loss: 0.042019
2026-05-20 14:03: Train Epoch 259: 0/71 Loss: 0.043270
2026-05-20 14:03: Train Epoch 259: 20/71 Loss: 0.004076
2026-05-20 14:03: Train Epoch 259: 40/71 Loss: 0.020848
2026-05-20 14:03: Train Epoch 259: 60/71 Loss: 0.030099
2026-05-20 14:03: **********Train Epoch 259: averaged Loss: 0.015608
2026-05-20 14:03: **********Val Epoch 259: average Loss: 0.049361
2026-05-20 14:03: Train Epoch 260: 0/71 Loss: 0.027360
2026-05-20 14:03: Train Epoch 260: 20/71 Loss: 0.005910
2026-05-20 14:03: Train Epoch 260: 40/71 Loss: 0.008688
2026-05-20 14:03: Train Epoch 260: 60/71 Loss: 0.029242
2026-05-20 14:03: **********Train Epoch 260: averaged Loss: 0.014340
2026-05-20 14:03: **********Val Epoch 260: average Loss: 0.067392
2026-05-20 14:03: Train Epoch 261: 0/71 Loss: 0.036704
2026-05-20 14:03: Train Epoch 261: 20/71 Loss: 0.004103
2026-05-20 14:03: Train Epoch 261: 40/71 Loss: 0.013622
2026-05-20 14:03: Train Epoch 261: 60/71 Loss: 0.019568
2026-05-20 14:03: **********Train Epoch 261: averaged Loss: 0.011737
2026-05-20 14:03: **********Val Epoch 261: average Loss: 0.066097
2026-05-20 14:03: Train Epoch 262: 0/71 Loss: 0.026411
2026-05-20 14:03: Train Epoch 262: 20/71 Loss: 0.001425
2026-05-20 14:03: Train Epoch 262: 40/71 Loss: 0.005691
2026-05-20 14:03: Train Epoch 262: 60/71 Loss: 0.028458
2026-05-20 14:03: **********Train Epoch 262: averaged Loss: 0.011502
2026-05-20 14:03: **********Val Epoch 262: average Loss: 0.060831
2026-05-20 14:03: Train Epoch 263: 0/71 Loss: 0.024148
2026-05-20 14:03: Train Epoch 263: 20/71 Loss: 0.007937
2026-05-20 14:03: Train Epoch 263: 40/71 Loss: 0.014172
2026-05-20 14:03: Train Epoch 263: 60/71 Loss: 0.023373
2026-05-20 14:03: **********Train Epoch 263: averaged Loss: 0.013659
2026-05-20 14:03: **********Val Epoch 263: average Loss: 0.071312
2026-05-20 14:03: Train Epoch 264: 0/71 Loss: 0.022882
2026-05-20 14:03: Train Epoch 264: 20/71 Loss: 0.002554
2026-05-20 14:03: Train Epoch 264: 40/71 Loss: 0.010669
2026-05-20 14:03: Train Epoch 264: 60/71 Loss: 0.022962
2026-05-20 14:03: **********Train Epoch 264: averaged Loss: 0.011201
2026-05-20 14:03: **********Val Epoch 264: average Loss: 0.070424
2026-05-20 14:03: Train Epoch 265: 0/71 Loss: 0.030394
2026-05-20 14:03: Train Epoch 265: 20/71 Loss: 0.001587
2026-05-20 14:03: Train Epoch 265: 40/71 Loss: 0.006390
2026-05-20 14:03: Train Epoch 265: 60/71 Loss: 0.026990
2026-05-20 14:03: **********Train Epoch 265: averaged Loss: 0.011501
2026-05-20 14:03: **********Val Epoch 265: average Loss: 0.060972
2026-05-20 14:03: Train Epoch 266: 0/71 Loss: 0.026250
2026-05-20 14:03: Train Epoch 266: 20/71 Loss: 0.002694
2026-05-20 14:03: Train Epoch 266: 40/71 Loss: 0.005570
2026-05-20 14:03: Train Epoch 266: 60/71 Loss: 0.035141
2026-05-20 14:03: **********Train Epoch 266: averaged Loss: 0.011806
2026-05-20 14:03: **********Val Epoch 266: average Loss: 0.060548
2026-05-20 14:03: Train Epoch 267: 0/71 Loss: 0.031281
2026-05-20 14:03: Train Epoch 267: 20/71 Loss: 0.003615
2026-05-20 14:03: Train Epoch 267: 40/71 Loss: 0.006012
2026-05-20 14:03: Train Epoch 267: 60/71 Loss: 0.020295
2026-05-20 14:03: **********Train Epoch 267: averaged Loss: 0.010266
2026-05-20 14:03: **********Val Epoch 267: average Loss: 0.059026
2026-05-20 14:03: Train Epoch 268: 0/71 Loss: 0.029096
2026-05-20 14:03: Train Epoch 268: 20/71 Loss: 0.005237
2026-05-20 14:03: Train Epoch 268: 40/71 Loss: 0.008473
2026-05-20 14:03: Train Epoch 268: 60/71 Loss: 0.027604
2026-05-20 14:03: **********Train Epoch 268: averaged Loss: 0.012160
2026-05-20 14:03: **********Val Epoch 268: average Loss: 0.052864
2026-05-20 14:03: Train Epoch 269: 0/71 Loss: 0.034306
2026-05-20 14:03: Train Epoch 269: 20/71 Loss: 0.002086
2026-05-20 14:03: Train Epoch 269: 40/71 Loss: 0.007856
2026-05-20 14:03: Train Epoch 269: 60/71 Loss: 0.018091
2026-05-20 14:03: **********Train Epoch 269: averaged Loss: 0.011360
2026-05-20 14:03: **********Val Epoch 269: average Loss: 0.069395
2026-05-20 14:03: Train Epoch 270: 0/71 Loss: 0.035709
2026-05-20 14:03: Train Epoch 270: 20/71 Loss: 0.003516
2026-05-20 14:03: Train Epoch 270: 40/71 Loss: 0.007404
2026-05-20 14:03: Train Epoch 270: 60/71 Loss: 0.027475
2026-05-20 14:03: **********Train Epoch 270: averaged Loss: 0.014179
2026-05-20 14:03: **********Val Epoch 270: average Loss: 0.060314
2026-05-20 14:03: Train Epoch 271: 0/71 Loss: 0.031058
2026-05-20 14:03: Train Epoch 271: 20/71 Loss: 0.003308
2026-05-20 14:03: Train Epoch 271: 40/71 Loss: 0.008800
2026-05-20 14:03: Train Epoch 271: 60/71 Loss: 0.018589
2026-05-20 14:03: **********Train Epoch 271: averaged Loss: 0.010462
2026-05-20 14:03: **********Val Epoch 271: average Loss: 0.059589
2026-05-20 14:03: Train Epoch 272: 0/71 Loss: 0.030304
2026-05-20 14:03: Train Epoch 272: 20/71 Loss: 0.003821
2026-05-20 14:04: Train Epoch 272: 40/71 Loss: 0.012485
2026-05-20 14:04: Train Epoch 272: 60/71 Loss: 0.026100
2026-05-20 14:04: **********Train Epoch 272: averaged Loss: 0.013644
2026-05-20 14:04: **********Val Epoch 272: average Loss: 0.057531
2026-05-20 14:04: Train Epoch 273: 0/71 Loss: 0.027528
2026-05-20 14:04: Train Epoch 273: 20/71 Loss: 0.004421
2026-05-20 14:04: Train Epoch 273: 40/71 Loss: 0.005488
2026-05-20 14:04: Train Epoch 273: 60/71 Loss: 0.029020
2026-05-20 14:04: **********Train Epoch 273: averaged Loss: 0.011393
2026-05-20 14:04: **********Val Epoch 273: average Loss: 0.054831
2026-05-20 14:04: Train Epoch 274: 0/71 Loss: 0.040471
2026-05-20 14:04: Train Epoch 274: 20/71 Loss: 0.001205
2026-05-20 14:04: Train Epoch 274: 40/71 Loss: 0.011008
2026-05-20 14:04: Train Epoch 274: 60/71 Loss: 0.017538
2026-05-20 14:04: **********Train Epoch 274: averaged Loss: 0.011116
2026-05-20 14:04: **********Val Epoch 274: average Loss: 0.070532
2026-05-20 14:04: Train Epoch 275: 0/71 Loss: 0.033884
2026-05-20 14:04: Train Epoch 275: 20/71 Loss: 0.004849
2026-05-20 14:04: Train Epoch 275: 40/71 Loss: 0.005791
2026-05-20 14:04: Train Epoch 275: 60/71 Loss: 0.029600
2026-05-20 14:04: **********Train Epoch 275: averaged Loss: 0.014988
2026-05-20 14:04: **********Val Epoch 275: average Loss: 0.059105
2026-05-20 14:04: Train Epoch 276: 0/71 Loss: 0.034366
2026-05-20 14:04: Train Epoch 276: 20/71 Loss: 0.003496
2026-05-20 14:04: Train Epoch 276: 40/71 Loss: 0.007827
2026-05-20 14:04: Train Epoch 276: 60/71 Loss: 0.028718
2026-05-20 14:04: **********Train Epoch 276: averaged Loss: 0.011970
2026-05-20 14:04: **********Val Epoch 276: average Loss: 0.062234
2026-05-20 14:04: Train Epoch 277: 0/71 Loss: 0.027308
2026-05-20 14:04: Train Epoch 277: 20/71 Loss: 0.002713
2026-05-20 14:04: Train Epoch 277: 40/71 Loss: 0.005489
2026-05-20 14:04: Train Epoch 277: 60/71 Loss: 0.026694
2026-05-20 14:04: **********Train Epoch 277: averaged Loss: 0.011142
2026-05-20 14:04: **********Val Epoch 277: average Loss: 0.076456
2026-05-20 14:04: Train Epoch 278: 0/71 Loss: 0.031956
2026-05-20 14:04: Train Epoch 278: 20/71 Loss: 0.003007
2026-05-20 14:04: Train Epoch 278: 40/71 Loss: 0.006025
2026-05-20 14:04: Train Epoch 278: 60/71 Loss: 0.026779
2026-05-20 14:04: **********Train Epoch 278: averaged Loss: 0.012203
2026-05-20 14:04: **********Val Epoch 278: average Loss: 0.069028
2026-05-20 14:04: Train Epoch 279: 0/71 Loss: 0.021094
2026-05-20 14:04: Train Epoch 279: 20/71 Loss: 0.004587
2026-05-20 14:04: Train Epoch 279: 40/71 Loss: 0.005576
2026-05-20 14:04: Train Epoch 279: 60/71 Loss: 0.025345
2026-05-20 14:04: **********Train Epoch 279: averaged Loss: 0.010376
2026-05-20 14:04: **********Val Epoch 279: average Loss: 0.049244
2026-05-20 14:04: Train Epoch 280: 0/71 Loss: 0.035387
2026-05-20 14:04: Train Epoch 280: 20/71 Loss: 0.003300
2026-05-20 14:04: Train Epoch 280: 40/71 Loss: 0.006315
2026-05-20 14:04: Train Epoch 280: 60/71 Loss: 0.020450
2026-05-20 14:04: **********Train Epoch 280: averaged Loss: 0.010416
2026-05-20 14:04: **********Val Epoch 280: average Loss: 0.054057
2026-05-20 14:04: Train Epoch 281: 0/71 Loss: 0.042124
2026-05-20 14:04: Train Epoch 281: 20/71 Loss: 0.003547
2026-05-20 14:04: Train Epoch 281: 40/71 Loss: 0.005414
2026-05-20 14:04: Train Epoch 281: 60/71 Loss: 0.027632
2026-05-20 14:04: **********Train Epoch 281: averaged Loss: 0.015015
2026-05-20 14:04: **********Val Epoch 281: average Loss: 0.054261
2026-05-20 14:04: Train Epoch 282: 0/71 Loss: 0.020537
2026-05-20 14:04: Train Epoch 282: 20/71 Loss: 0.003210
2026-05-20 14:04: Train Epoch 282: 40/71 Loss: 0.006254
2026-05-20 14:04: Train Epoch 282: 60/71 Loss: 0.026752
2026-05-20 14:04: **********Train Epoch 282: averaged Loss: 0.010967
2026-05-20 14:04: **********Val Epoch 282: average Loss: 0.049957
2026-05-20 14:04: Train Epoch 283: 0/71 Loss: 0.044198
2026-05-20 14:04: Train Epoch 283: 20/71 Loss: 0.001245
2026-05-20 14:04: Train Epoch 283: 40/71 Loss: 0.016748
2026-05-20 14:04: Train Epoch 283: 60/71 Loss: 0.026076
2026-05-20 14:04: **********Train Epoch 283: averaged Loss: 0.013195
2026-05-20 14:04: **********Val Epoch 283: average Loss: 0.050312
2026-05-20 14:04: Train Epoch 284: 0/71 Loss: 0.033868
2026-05-20 14:04: Train Epoch 284: 20/71 Loss: 0.005715
2026-05-20 14:04: Train Epoch 284: 40/71 Loss: 0.006822
2026-05-20 14:04: Train Epoch 284: 60/71 Loss: 0.033388
2026-05-20 14:04: **********Train Epoch 284: averaged Loss: 0.015954
2026-05-20 14:04: **********Val Epoch 284: average Loss: 0.057615
2026-05-20 14:04: Train Epoch 285: 0/71 Loss: 0.029783
2026-05-20 14:04: Train Epoch 285: 20/71 Loss: 0.003276
2026-05-20 14:04: Train Epoch 285: 40/71 Loss: 0.006754
2026-05-20 14:04: Train Epoch 285: 60/71 Loss: 0.024229
2026-05-20 14:04: **********Train Epoch 285: averaged Loss: 0.011290
2026-05-20 14:04: **********Val Epoch 285: average Loss: 0.057812
2026-05-20 14:04: Train Epoch 286: 0/71 Loss: 0.029595
2026-05-20 14:04: Train Epoch 286: 20/71 Loss: 0.001403
2026-05-20 14:04: Train Epoch 286: 40/71 Loss: 0.005383
2026-05-20 14:04: Train Epoch 286: 60/71 Loss: 0.024152
2026-05-20 14:04: **********Train Epoch 286: averaged Loss: 0.011070
2026-05-20 14:04: **********Val Epoch 286: average Loss: 0.063081
2026-05-20 14:04: Train Epoch 287: 0/71 Loss: 0.034741
2026-05-20 14:04: Train Epoch 287: 20/71 Loss: 0.002034
2026-05-20 14:04: Train Epoch 287: 40/71 Loss: 0.007954
2026-05-20 14:04: Train Epoch 287: 60/71 Loss: 0.021240
2026-05-20 14:04: **********Train Epoch 287: averaged Loss: 0.011683
2026-05-20 14:04: **********Val Epoch 287: average Loss: 0.057716
2026-05-20 14:04: Train Epoch 288: 0/71 Loss: 0.031565
2026-05-20 14:04: Train Epoch 288: 20/71 Loss: 0.001258
2026-05-20 14:04: Train Epoch 288: 40/71 Loss: 0.005724
2026-05-20 14:04: Train Epoch 288: 60/71 Loss: 0.028907
2026-05-20 14:04: **********Train Epoch 288: averaged Loss: 0.013395
2026-05-20 14:04: **********Val Epoch 288: average Loss: 0.052135
2026-05-20 14:04: Train Epoch 289: 0/71 Loss: 0.046674
2026-05-20 14:04: Train Epoch 289: 20/71 Loss: 0.004802
2026-05-20 14:04: Train Epoch 289: 40/71 Loss: 0.012081
2026-05-20 14:04: Train Epoch 289: 60/71 Loss: 0.007334
2026-05-20 14:04: **********Train Epoch 289: averaged Loss: 0.011240
2026-05-20 14:04: **********Val Epoch 289: average Loss: 0.057008
2026-05-20 14:04: Train Epoch 290: 0/71 Loss: 0.034406
2026-05-20 14:04: Train Epoch 290: 20/71 Loss: 0.005013
2026-05-20 14:04: Train Epoch 290: 40/71 Loss: 0.005293
2026-05-20 14:04: Train Epoch 290: 60/71 Loss: 0.019385
2026-05-20 14:04: **********Train Epoch 290: averaged Loss: 0.010885
2026-05-20 14:04: **********Val Epoch 290: average Loss: 0.068761
2026-05-20 14:04: Train Epoch 291: 0/71 Loss: 0.014350
2026-05-20 14:04: Train Epoch 291: 20/71 Loss: 0.001713
2026-05-20 14:04: Train Epoch 291: 40/71 Loss: 0.005310
2026-05-20 14:04: Train Epoch 291: 60/71 Loss: 0.037452
2026-05-20 14:05: **********Train Epoch 291: averaged Loss: 0.014413
2026-05-20 14:05: **********Val Epoch 291: average Loss: 0.026723
2026-05-20 14:05: Train Epoch 292: 0/71 Loss: 0.026786
2026-05-20 14:05: Train Epoch 292: 20/71 Loss: 0.002454
2026-05-20 14:05: Train Epoch 292: 40/71 Loss: 0.010421
2026-05-20 14:05: Train Epoch 292: 60/71 Loss: 0.026253
2026-05-20 14:05: **********Train Epoch 292: averaged Loss: 0.010981
2026-05-20 14:05: **********Val Epoch 292: average Loss: 0.063561
2026-05-20 14:05: Train Epoch 293: 0/71 Loss: 0.027784
2026-05-20 14:05: Train Epoch 293: 20/71 Loss: 0.001488
2026-05-20 14:05: Train Epoch 293: 40/71 Loss: 0.008451
2026-05-20 14:05: Train Epoch 293: 60/71 Loss: 0.016507
2026-05-20 14:05: **********Train Epoch 293: averaged Loss: 0.011562
2026-05-20 14:05: **********Val Epoch 293: average Loss: 0.065661
2026-05-20 14:05: Train Epoch 294: 0/71 Loss: 0.015007
2026-05-20 14:05: Train Epoch 294: 20/71 Loss: 0.002272
2026-05-20 14:05: Train Epoch 294: 40/71 Loss: 0.009790
2026-05-20 14:05: Train Epoch 294: 60/71 Loss: 0.015434
2026-05-20 14:05: **********Train Epoch 294: averaged Loss: 0.009566
2026-05-20 14:05: **********Val Epoch 294: average Loss: 0.067739
2026-05-20 14:05: Train Epoch 295: 0/71 Loss: 0.031071
2026-05-20 14:05: Train Epoch 295: 20/71 Loss: 0.007448
2026-05-20 14:05: Train Epoch 295: 40/71 Loss: 0.006754
2026-05-20 14:05: Train Epoch 295: 60/71 Loss: 0.016965
2026-05-20 14:05: **********Train Epoch 295: averaged Loss: 0.012776
2026-05-20 14:05: **********Val Epoch 295: average Loss: 0.060196
2026-05-20 14:05: Train Epoch 296: 0/71 Loss: 0.032296
2026-05-20 14:05: Train Epoch 296: 20/71 Loss: 0.002178
2026-05-20 14:05: Train Epoch 296: 40/71 Loss: 0.005192
2026-05-20 14:05: Train Epoch 296: 60/71 Loss: 0.025931
2026-05-20 14:05: **********Train Epoch 296: averaged Loss: 0.012053
2026-05-20 14:05: **********Val Epoch 296: average Loss: 0.075720
2026-05-20 14:05: Train Epoch 297: 0/71 Loss: 0.024461
2026-05-20 14:05: Train Epoch 297: 20/71 Loss: 0.001603
2026-05-20 14:05: Train Epoch 297: 40/71 Loss: 0.006203
2026-05-20 14:05: Train Epoch 297: 60/71 Loss: 0.016802
2026-05-20 14:05: **********Train Epoch 297: averaged Loss: 0.009624
2026-05-20 14:05: **********Val Epoch 297: average Loss: 0.072169
2026-05-20 14:05: Train Epoch 298: 0/71 Loss: 0.026171
2026-05-20 14:05: Train Epoch 298: 20/71 Loss: 0.001360
2026-05-20 14:05: Train Epoch 298: 40/71 Loss: 0.004924
2026-05-20 14:05: Train Epoch 298: 60/71 Loss: 0.019787
2026-05-20 14:05: **********Train Epoch 298: averaged Loss: 0.009856
2026-05-20 14:05: **********Val Epoch 298: average Loss: 0.056052
2026-05-20 14:05: Train Epoch 299: 0/71 Loss: 0.030992
2026-05-20 14:05: Train Epoch 299: 20/71 Loss: 0.001214
2026-05-20 14:05: Train Epoch 299: 40/71 Loss: 0.004632
2026-05-20 14:05: Train Epoch 299: 60/71 Loss: 0.028866
2026-05-20 14:05: **********Train Epoch 299: averaged Loss: 0.012828
2026-05-20 14:05: **********Val Epoch 299: average Loss: 0.056232
2026-05-20 14:05: Train Epoch 300: 0/71 Loss: 0.030708
2026-05-20 14:05: Train Epoch 300: 20/71 Loss: 0.003008
2026-05-20 14:05: Train Epoch 300: 40/71 Loss: 0.006945
2026-05-20 14:05: Train Epoch 300: 60/71 Loss: 0.012503
2026-05-20 14:05: **********Train Epoch 300: averaged Loss: 0.012609
2026-05-20 14:05: **********Val Epoch 300: average Loss: 0.061718
2026-05-20 14:05: Train Epoch 301: 0/71 Loss: 0.013053
2026-05-20 14:05: Train Epoch 301: 20/71 Loss: 0.004057
2026-05-20 14:05: Train Epoch 301: 40/71 Loss: 0.013724
2026-05-20 14:05: Train Epoch 301: 60/71 Loss: 0.027552
2026-05-20 14:05: **********Train Epoch 301: averaged Loss: 0.011108
2026-05-20 14:05: **********Val Epoch 301: average Loss: 0.034589
2026-05-20 14:05: Train Epoch 302: 0/71 Loss: 0.040234
2026-05-20 14:05: Train Epoch 302: 20/71 Loss: 0.001916
2026-05-20 14:05: Train Epoch 302: 40/71 Loss: 0.009017
2026-05-20 14:05: Train Epoch 302: 60/71 Loss: 0.019165
2026-05-20 14:05: **********Train Epoch 302: averaged Loss: 0.010549
2026-05-20 14:05: **********Val Epoch 302: average Loss: 0.056046
2026-05-20 14:05: Train Epoch 303: 0/71 Loss: 0.041566
2026-05-20 14:05: Train Epoch 303: 20/71 Loss: 0.004833
2026-05-20 14:05: Train Epoch 303: 40/71 Loss: 0.005490
2026-05-20 14:05: Train Epoch 303: 60/71 Loss: 0.029534
2026-05-20 14:05: **********Train Epoch 303: averaged Loss: 0.015992
2026-05-20 14:05: **********Val Epoch 303: average Loss: 0.046833
2026-05-20 14:05: Train Epoch 304: 0/71 Loss: 0.024698
2026-05-20 14:05: Train Epoch 304: 20/71 Loss: 0.002054
2026-05-20 14:05: Train Epoch 304: 40/71 Loss: 0.010481
2026-05-20 14:05: Train Epoch 304: 60/71 Loss: 0.014549
2026-05-20 14:05: **********Train Epoch 304: averaged Loss: 0.010878
2026-05-20 14:05: **********Val Epoch 304: average Loss: 0.061179
2026-05-20 14:05: Train Epoch 305: 0/71 Loss: 0.025289
2026-05-20 14:05: Train Epoch 305: 20/71 Loss: 0.001535
2026-05-20 14:05: Train Epoch 305: 40/71 Loss: 0.005618
2026-05-20 14:05: Train Epoch 305: 60/71 Loss: 0.019759
2026-05-20 14:05: **********Train Epoch 305: averaged Loss: 0.010954
2026-05-20 14:05: **********Val Epoch 305: average Loss: 0.071658
2026-05-20 14:05: Train Epoch 306: 0/71 Loss: 0.032970
2026-05-20 14:05: Train Epoch 306: 20/71 Loss: 0.002109
2026-05-20 14:05: Train Epoch 306: 40/71 Loss: 0.011012
2026-05-20 14:05: Train Epoch 306: 60/71 Loss: 0.018347
2026-05-20 14:05: **********Train Epoch 306: averaged Loss: 0.013901
2026-05-20 14:05: **********Val Epoch 306: average Loss: 0.064566
2026-05-20 14:05: Train Epoch 307: 0/71 Loss: 0.012264
2026-05-20 14:05: Train Epoch 307: 20/71 Loss: 0.003409
2026-05-20 14:05: Train Epoch 307: 40/71 Loss: 0.010267
2026-05-20 14:05: Train Epoch 307: 60/71 Loss: 0.015115
2026-05-20 14:05: **********Train Epoch 307: averaged Loss: 0.009941
2026-05-20 14:05: **********Val Epoch 307: average Loss: 0.053072
2026-05-20 14:05: Train Epoch 308: 0/71 Loss: 0.035853
2026-05-20 14:05: Train Epoch 308: 20/71 Loss: 0.006902
2026-05-20 14:05: Train Epoch 308: 40/71 Loss: 0.005875
2026-05-20 14:05: Train Epoch 308: 60/71 Loss: 0.028370
2026-05-20 14:05: **********Train Epoch 308: averaged Loss: 0.014324
2026-05-20 14:05: **********Val Epoch 308: average Loss: 0.052705
2026-05-20 14:05: Train Epoch 309: 0/71 Loss: 0.035525
2026-05-20 14:05: Train Epoch 309: 20/71 Loss: 0.002561
2026-05-20 14:05: Train Epoch 309: 40/71 Loss: 0.007409
2026-05-20 14:05: Train Epoch 309: 60/71 Loss: 0.016502
2026-05-20 14:05: **********Train Epoch 309: averaged Loss: 0.010461
2026-05-20 14:05: **********Val Epoch 309: average Loss: 0.068703
2026-05-20 14:05: Train Epoch 310: 0/71 Loss: 0.027430
2026-05-20 14:06: Train Epoch 310: 20/71 Loss: 0.001732
2026-05-20 14:06: Train Epoch 310: 40/71 Loss: 0.007059
2026-05-20 14:06: Train Epoch 310: 60/71 Loss: 0.025101
2026-05-20 14:06: **********Train Epoch 310: averaged Loss: 0.011194
2026-05-20 14:06: **********Val Epoch 310: average Loss: 0.059248
2026-05-20 14:06: Train Epoch 311: 0/71 Loss: 0.039833
2026-05-20 14:06: Train Epoch 311: 20/71 Loss: 0.001583
2026-05-20 14:06: Train Epoch 311: 40/71 Loss: 0.009923
2026-05-20 14:06: Train Epoch 311: 60/71 Loss: 0.007169
2026-05-20 14:06: **********Train Epoch 311: averaged Loss: 0.010390
2026-05-20 14:06: **********Val Epoch 311: average Loss: 0.043985
2026-05-20 14:06: Train Epoch 312: 0/71 Loss: 0.025388
2026-05-20 14:06: Train Epoch 312: 20/71 Loss: 0.002153
2026-05-20 14:06: Train Epoch 312: 40/71 Loss: 0.005865
2026-05-20 14:06: Train Epoch 312: 60/71 Loss: 0.028422
2026-05-20 14:06: **********Train Epoch 312: averaged Loss: 0.010552
2026-05-20 14:06: **********Val Epoch 312: average Loss: 0.042343
2026-05-20 14:06: Train Epoch 313: 0/71 Loss: 0.037834
2026-05-20 14:06: Train Epoch 313: 20/71 Loss: 0.001511
2026-05-20 14:06: Train Epoch 313: 40/71 Loss: 0.005500
2026-05-20 14:06: Train Epoch 313: 60/71 Loss: 0.008965
2026-05-20 14:06: **********Train Epoch 313: averaged Loss: 0.011159
2026-05-20 14:06: **********Val Epoch 313: average Loss: 0.053251
2026-05-20 14:06: Train Epoch 314: 0/71 Loss: 0.025554
2026-05-20 14:06: Train Epoch 314: 20/71 Loss: 0.001328
2026-05-20 14:06: Train Epoch 314: 40/71 Loss: 0.008812
2026-05-20 14:06: Train Epoch 314: 60/71 Loss: 0.036452
2026-05-20 14:06: **********Train Epoch 314: averaged Loss: 0.012512
2026-05-20 14:06: **********Val Epoch 314: average Loss: 0.039316
2026-05-20 14:06: Train Epoch 315: 0/71 Loss: 0.044370
2026-05-20 14:06: Train Epoch 315: 20/71 Loss: 0.010858
2026-05-20 14:06: Train Epoch 315: 40/71 Loss: 0.030888
2026-05-20 14:06: Train Epoch 315: 60/71 Loss: 0.029402
2026-05-20 14:06: **********Train Epoch 315: averaged Loss: 0.017623
2026-05-20 14:06: **********Val Epoch 315: average Loss: 0.058832
2026-05-20 14:06: Train Epoch 316: 0/71 Loss: 0.039568
2026-05-20 14:06: Train Epoch 316: 20/71 Loss: 0.002517
2026-05-20 14:06: Train Epoch 316: 40/71 Loss: 0.009473
2026-05-20 14:06: Train Epoch 316: 60/71 Loss: 0.010952
2026-05-20 14:06: **********Train Epoch 316: averaged Loss: 0.012036
2026-05-20 14:06: **********Val Epoch 316: average Loss: 0.052854
2026-05-20 14:06: Train Epoch 317: 0/71 Loss: 0.025858
2026-05-20 14:06: Train Epoch 317: 20/71 Loss: 0.001364
2026-05-20 14:06: Train Epoch 317: 40/71 Loss: 0.007403
2026-05-20 14:06: Train Epoch 317: 60/71 Loss: 0.022917
2026-05-20 14:06: **********Train Epoch 317: averaged Loss: 0.012127
2026-05-20 14:06: **********Val Epoch 317: average Loss: 0.049429
2026-05-20 14:06: Train Epoch 318: 0/71 Loss: 0.020592
2026-05-20 14:06: Train Epoch 318: 20/71 Loss: 0.003724
2026-05-20 14:06: Train Epoch 318: 40/71 Loss: 0.017774
2026-05-20 14:06: Train Epoch 318: 60/71 Loss: 0.018144
2026-05-20 14:06: **********Train Epoch 318: averaged Loss: 0.012210
2026-05-20 14:06: **********Val Epoch 318: average Loss: 0.053602
2026-05-20 14:06: Train Epoch 319: 0/71 Loss: 0.019593
2026-05-20 14:06: Train Epoch 319: 20/71 Loss: 0.001840
2026-05-20 14:06: Train Epoch 319: 40/71 Loss: 0.008050
2026-05-20 14:06: Train Epoch 319: 60/71 Loss: 0.016959
2026-05-20 14:06: **********Train Epoch 319: averaged Loss: 0.010382
2026-05-20 14:06: **********Val Epoch 319: average Loss: 0.060999
2026-05-20 14:06: Train Epoch 320: 0/71 Loss: 0.025474
2026-05-20 14:06: Train Epoch 320: 20/71 Loss: 0.002724
2026-05-20 14:06: Train Epoch 320: 40/71 Loss: 0.005887
2026-05-20 14:06: Train Epoch 320: 60/71 Loss: 0.014807
2026-05-20 14:06: **********Train Epoch 320: averaged Loss: 0.011537
2026-05-20 14:06: **********Val Epoch 320: average Loss: 0.047273
2026-05-20 14:06: Train Epoch 321: 0/71 Loss: 0.030817
2026-05-20 14:06: Train Epoch 321: 20/71 Loss: 0.002100
2026-05-20 14:06: Train Epoch 321: 40/71 Loss: 0.004375
2026-05-20 14:06: Train Epoch 321: 60/71 Loss: 0.025190
2026-05-20 14:06: **********Train Epoch 321: averaged Loss: 0.010611
2026-05-20 14:06: **********Val Epoch 321: average Loss: 0.049315
2026-05-20 14:06: Train Epoch 322: 0/71 Loss: 0.045488
2026-05-20 14:06: Train Epoch 322: 20/71 Loss: 0.001360
2026-05-20 14:06: Train Epoch 322: 40/71 Loss: 0.018015
2026-05-20 14:06: Train Epoch 322: 60/71 Loss: 0.009499
2026-05-20 14:06: **********Train Epoch 322: averaged Loss: 0.011370
2026-05-20 14:06: **********Val Epoch 322: average Loss: 0.043428
2026-05-20 14:06: Train Epoch 323: 0/71 Loss: 0.039037
2026-05-20 14:06: Train Epoch 323: 20/71 Loss: 0.001629
2026-05-20 14:06: Train Epoch 323: 40/71 Loss: 0.004342
2026-05-20 14:06: Train Epoch 323: 60/71 Loss: 0.023214
2026-05-20 14:06: **********Train Epoch 323: averaged Loss: 0.011753
2026-05-20 14:06: **********Val Epoch 323: average Loss: 0.038868
2026-05-20 14:06: Train Epoch 324: 0/71 Loss: 0.026789
2026-05-20 14:06: Train Epoch 324: 20/71 Loss: 0.004227
2026-05-20 14:06: Train Epoch 324: 40/71 Loss: 0.011869
2026-05-20 14:06: Train Epoch 324: 60/71 Loss: 0.029798
2026-05-20 14:06: **********Train Epoch 324: averaged Loss: 0.013236
2026-05-20 14:06: **********Val Epoch 324: average Loss: 0.046407
2026-05-20 14:06: Train Epoch 325: 0/71 Loss: 0.039319
2026-05-20 14:06: Train Epoch 325: 20/71 Loss: 0.001250
2026-05-20 14:06: Train Epoch 325: 40/71 Loss: 0.013820
2026-05-20 14:06: Train Epoch 325: 60/71 Loss: 0.006188
2026-05-20 14:06: **********Train Epoch 325: averaged Loss: 0.009981
2026-05-20 14:06: **********Val Epoch 325: average Loss: 0.058732
2026-05-20 14:06: Train Epoch 326: 0/71 Loss: 0.033253
2026-05-20 14:06: Train Epoch 326: 20/71 Loss: 0.002273
2026-05-20 14:06: Train Epoch 326: 40/71 Loss: 0.005318
2026-05-20 14:06: Train Epoch 326: 60/71 Loss: 0.025941
2026-05-20 14:06: **********Train Epoch 326: averaged Loss: 0.012000
2026-05-20 14:06: **********Val Epoch 326: average Loss: 0.046926
2026-05-20 14:06: Train Epoch 327: 0/71 Loss: 0.036451
2026-05-20 14:06: Train Epoch 327: 20/71 Loss: 0.002306
2026-05-20 14:06: Train Epoch 327: 40/71 Loss: 0.011028
2026-05-20 14:06: Train Epoch 327: 60/71 Loss: 0.006500
2026-05-20 14:06: **********Train Epoch 327: averaged Loss: 0.010392
2026-05-20 14:06: **********Val Epoch 327: average Loss: 0.046209
2026-05-20 14:06: Train Epoch 328: 0/71 Loss: 0.030961
2026-05-20 14:06: Train Epoch 328: 20/71 Loss: 0.003088
2026-05-20 14:06: Train Epoch 328: 40/71 Loss: 0.004789
2026-05-20 14:06: Train Epoch 328: 60/71 Loss: 0.027639
2026-05-20 14:06: **********Train Epoch 328: averaged Loss: 0.011037
2026-05-20 14:06: **********Val Epoch 328: average Loss: 0.033135
2026-05-20 14:06: Train Epoch 329: 0/71 Loss: 0.024458
2026-05-20 14:06: Train Epoch 329: 20/71 Loss: 0.006233
2026-05-20 14:06: Train Epoch 329: 40/71 Loss: 0.010046
2026-05-20 14:07: Train Epoch 329: 60/71 Loss: 0.029251
2026-05-20 14:07: **********Train Epoch 329: averaged Loss: 0.013676
2026-05-20 14:07: **********Val Epoch 329: average Loss: 0.040195
2026-05-20 14:07: Train Epoch 330: 0/71 Loss: 0.024817
2026-05-20 14:07: Train Epoch 330: 20/71 Loss: 0.004230
2026-05-20 14:07: Train Epoch 330: 40/71 Loss: 0.011057
2026-05-20 14:07: Train Epoch 330: 60/71 Loss: 0.018027
2026-05-20 14:07: **********Train Epoch 330: averaged Loss: 0.011822
2026-05-20 14:07: **********Val Epoch 330: average Loss: 0.058678
2026-05-20 14:07: Train Epoch 331: 0/71 Loss: 0.023298
2026-05-20 14:07: Train Epoch 331: 20/71 Loss: 0.005458
2026-05-20 14:07: Train Epoch 331: 40/71 Loss: 0.014447
2026-05-20 14:07: Train Epoch 331: 60/71 Loss: 0.020819
2026-05-20 14:07: **********Train Epoch 331: averaged Loss: 0.011711
2026-05-20 14:07: **********Val Epoch 331: average Loss: 0.067167
2026-05-20 14:07: Train Epoch 332: 0/71 Loss: 0.029100
2026-05-20 14:07: Train Epoch 332: 20/71 Loss: 0.002093
2026-05-20 14:07: Train Epoch 332: 40/71 Loss: 0.007926
2026-05-20 14:07: Train Epoch 332: 60/71 Loss: 0.005964
2026-05-20 14:07: **********Train Epoch 332: averaged Loss: 0.009910
2026-05-20 14:07: **********Val Epoch 332: average Loss: 0.059822
2026-05-20 14:07: Train Epoch 333: 0/71 Loss: 0.026612
2026-05-20 14:07: Train Epoch 333: 20/71 Loss: 0.004332
2026-05-20 14:07: Train Epoch 333: 40/71 Loss: 0.004341
2026-05-20 14:07: Train Epoch 333: 60/71 Loss: 0.010571
2026-05-20 14:07: **********Train Epoch 333: averaged Loss: 0.008712
2026-05-20 14:07: **********Val Epoch 333: average Loss: 0.051647
2026-05-20 14:07: Train Epoch 334: 0/71 Loss: 0.025382
2026-05-20 14:07: Train Epoch 334: 20/71 Loss: 0.002120
2026-05-20 14:07: Train Epoch 334: 40/71 Loss: 0.005675
2026-05-20 14:07: Train Epoch 334: 60/71 Loss: 0.033896
2026-05-20 14:07: **********Train Epoch 334: averaged Loss: 0.012420
2026-05-20 14:07: **********Val Epoch 334: average Loss: 0.032941
2026-05-20 14:07: Train Epoch 335: 0/71 Loss: 0.046774
2026-05-20 14:07: Train Epoch 335: 20/71 Loss: 0.001606
2026-05-20 14:07: Train Epoch 335: 40/71 Loss: 0.032807
2026-05-20 14:07: Train Epoch 335: 60/71 Loss: 0.029844
2026-05-20 14:07: **********Train Epoch 335: averaged Loss: 0.017937
2026-05-20 14:07: **********Val Epoch 335: average Loss: 0.050487
2026-05-20 14:07: Train Epoch 336: 0/71 Loss: 0.035214
2026-05-20 14:07: Train Epoch 336: 20/71 Loss: 0.002796
2026-05-20 14:07: Train Epoch 336: 40/71 Loss: 0.008085
2026-05-20 14:07: Train Epoch 336: 60/71 Loss: 0.009172
2026-05-20 14:07: **********Train Epoch 336: averaged Loss: 0.010676
2026-05-20 14:07: **********Val Epoch 336: average Loss: 0.054315
2026-05-20 14:07: Train Epoch 337: 0/71 Loss: 0.018228
2026-05-20 14:07: Train Epoch 337: 20/71 Loss: 0.001949
2026-05-20 14:07: Train Epoch 337: 40/71 Loss: 0.004095
2026-05-20 14:07: Train Epoch 337: 60/71 Loss: 0.019548
2026-05-20 14:07: **********Train Epoch 337: averaged Loss: 0.008804
2026-05-20 14:07: **********Val Epoch 337: average Loss: 0.046336
2026-05-20 14:07: Train Epoch 338: 0/71 Loss: 0.025539
2026-05-20 14:07: Train Epoch 338: 20/71 Loss: 0.012450
2026-05-20 14:07: Train Epoch 338: 40/71 Loss: 0.005294
2026-05-20 14:07: Train Epoch 338: 60/71 Loss: 0.027429
2026-05-20 14:07: **********Train Epoch 338: averaged Loss: 0.014372
2026-05-20 14:07: **********Val Epoch 338: average Loss: 0.048756
2026-05-20 14:07: Train Epoch 339: 0/71 Loss: 0.043619
2026-05-20 14:07: Train Epoch 339: 20/71 Loss: 0.003395
2026-05-20 14:07: Train Epoch 339: 40/71 Loss: 0.015277
2026-05-20 14:07: Train Epoch 339: 60/71 Loss: 0.014631
2026-05-20 14:07: **********Train Epoch 339: averaged Loss: 0.012201
2026-05-20 14:07: **********Val Epoch 339: average Loss: 0.036843
2026-05-20 14:07: Train Epoch 340: 0/71 Loss: 0.030570
2026-05-20 14:07: Train Epoch 340: 20/71 Loss: 0.002399
2026-05-20 14:07: Train Epoch 340: 40/71 Loss: 0.010873
2026-05-20 14:07: Train Epoch 340: 60/71 Loss: 0.027515
2026-05-20 14:07: **********Train Epoch 340: averaged Loss: 0.013470
2026-05-20 14:07: **********Val Epoch 340: average Loss: 0.031223
2026-05-20 14:07: Train Epoch 341: 0/71 Loss: 0.041865
2026-05-20 14:07: Train Epoch 341: 20/71 Loss: 0.004886
2026-05-20 14:07: Train Epoch 341: 40/71 Loss: 0.010968
2026-05-20 14:07: Train Epoch 341: 60/71 Loss: 0.006403
2026-05-20 14:07: **********Train Epoch 341: averaged Loss: 0.009334
2026-05-20 14:07: **********Val Epoch 341: average Loss: 0.037860
2026-05-20 14:07: Train Epoch 342: 0/71 Loss: 0.031473
2026-05-20 14:07: Train Epoch 342: 20/71 Loss: 0.001397
2026-05-20 14:07: Train Epoch 342: 40/71 Loss: 0.004401
2026-05-20 14:07: Train Epoch 342: 60/71 Loss: 0.031487
2026-05-20 14:07: **********Train Epoch 342: averaged Loss: 0.011449
2026-05-20 14:07: **********Val Epoch 342: average Loss: 0.028159
2026-05-20 14:07: Train Epoch 343: 0/71 Loss: 0.034961
2026-05-20 14:07: Train Epoch 343: 20/71 Loss: 0.004551
2026-05-20 14:07: Train Epoch 343: 40/71 Loss: 0.005624
2026-05-20 14:07: Train Epoch 343: 60/71 Loss: 0.020634
2026-05-20 14:07: **********Train Epoch 343: averaged Loss: 0.010259
2026-05-20 14:07: **********Val Epoch 343: average Loss: 0.050612
2026-05-20 14:07: Train Epoch 344: 0/71 Loss: 0.034109
2026-05-20 14:07: Train Epoch 344: 20/71 Loss: 0.001443
2026-05-20 14:07: Train Epoch 344: 40/71 Loss: 0.007421
2026-05-20 14:07: Train Epoch 344: 60/71 Loss: 0.008929
2026-05-20 14:07: **********Train Epoch 344: averaged Loss: 0.010819
2026-05-20 14:07: **********Val Epoch 344: average Loss: 0.058039
2026-05-20 14:07: Train Epoch 345: 0/71 Loss: 0.027748
2026-05-20 14:07: Train Epoch 345: 20/71 Loss: 0.003408
2026-05-20 14:07: Train Epoch 345: 40/71 Loss: 0.006784
2026-05-20 14:07: Train Epoch 345: 60/71 Loss: 0.027303
2026-05-20 14:07: **********Train Epoch 345: averaged Loss: 0.011843
2026-05-20 14:07: **********Val Epoch 345: average Loss: 0.038991
2026-05-20 14:07: Train Epoch 346: 0/71 Loss: 0.040953
2026-05-20 14:07: Train Epoch 346: 20/71 Loss: 0.001269
2026-05-20 14:07: Train Epoch 346: 40/71 Loss: 0.009049
2026-05-20 14:07: Train Epoch 346: 60/71 Loss: 0.006910
2026-05-20 14:07: **********Train Epoch 346: averaged Loss: 0.009550
2026-05-20 14:07: **********Val Epoch 346: average Loss: 0.049856
2026-05-20 14:07: Train Epoch 347: 0/71 Loss: 0.034753
2026-05-20 14:07: Train Epoch 347: 20/71 Loss: 0.002620
2026-05-20 14:07: Train Epoch 347: 40/71 Loss: 0.006411
2026-05-20 14:07: Train Epoch 347: 60/71 Loss: 0.030984
2026-05-20 14:07: **********Train Epoch 347: averaged Loss: 0.012165
2026-05-20 14:07: **********Val Epoch 347: average Loss: 0.024988
2026-05-20 14:07: Train Epoch 348: 0/71 Loss: 0.017124
2026-05-20 14:07: Train Epoch 348: 20/71 Loss: 0.010525
2026-05-20 14:07: Train Epoch 348: 40/71 Loss: 0.016023
2026-05-20 14:07: Train Epoch 348: 60/71 Loss: 0.016614
2026-05-20 14:07: **********Train Epoch 348: averaged Loss: 0.012908
2026-05-20 14:07: **********Val Epoch 348: average Loss: 0.048437
2026-05-20 14:07: Train Epoch 349: 0/71 Loss: 0.038022
2026-05-20 14:07: Train Epoch 349: 20/71 Loss: 0.001286
2026-05-20 14:07: Train Epoch 349: 40/71 Loss: 0.005760
2026-05-20 14:08: Train Epoch 349: 60/71 Loss: 0.014864
2026-05-20 14:08: **********Train Epoch 349: averaged Loss: 0.011749
2026-05-20 14:08: **********Val Epoch 349: average Loss: 0.041970
2026-05-20 14:08: Train Epoch 350: 0/71 Loss: 0.014136
2026-05-20 14:08: Train Epoch 350: 20/71 Loss: 0.001471
2026-05-20 14:08: Train Epoch 350: 40/71 Loss: 0.005720
2026-05-20 14:08: Train Epoch 350: 60/71 Loss: 0.015955
2026-05-20 14:08: **********Train Epoch 350: averaged Loss: 0.008415
2026-05-20 14:08: **********Val Epoch 350: average Loss: 0.045526
2026-05-20 14:08: Train Epoch 351: 0/71 Loss: 0.032937
2026-05-20 14:08: Train Epoch 351: 20/71 Loss: 0.007249
2026-05-20 14:08: Train Epoch 351: 40/71 Loss: 0.005415
2026-05-20 14:08: Train Epoch 351: 60/71 Loss: 0.022032
2026-05-20 14:08: **********Train Epoch 351: averaged Loss: 0.013204
2026-05-20 14:08: **********Val Epoch 351: average Loss: 0.042713
2026-05-20 14:08: Train Epoch 352: 0/71 Loss: 0.029334
2026-05-20 14:08: Train Epoch 352: 20/71 Loss: 0.002056
2026-05-20 14:08: Train Epoch 352: 40/71 Loss: 0.005716
2026-05-20 14:08: Train Epoch 352: 60/71 Loss: 0.013646
2026-05-20 14:08: **********Train Epoch 352: averaged Loss: 0.009623
2026-05-20 14:08: **********Val Epoch 352: average Loss: 0.058208
2026-05-20 14:08: Train Epoch 353: 0/71 Loss: 0.038365
2026-05-20 14:08: Train Epoch 353: 20/71 Loss: 0.005184
2026-05-20 14:08: Train Epoch 353: 40/71 Loss: 0.005511
2026-05-20 14:08: Train Epoch 353: 60/71 Loss: 0.022624
2026-05-20 14:08: **********Train Epoch 353: averaged Loss: 0.012936
2026-05-20 14:08: **********Val Epoch 353: average Loss: 0.055891
2026-05-20 14:08: Train Epoch 354: 0/71 Loss: 0.029969
2026-05-20 14:08: Train Epoch 354: 20/71 Loss: 0.001416
2026-05-20 14:08: Train Epoch 354: 40/71 Loss: 0.004962
2026-05-20 14:08: Train Epoch 354: 60/71 Loss: 0.026295
2026-05-20 14:08: **********Train Epoch 354: averaged Loss: 0.011748
2026-05-20 14:08: **********Val Epoch 354: average Loss: 0.052266
2026-05-20 14:08: Train Epoch 355: 0/71 Loss: 0.034845
2026-05-20 14:08: Train Epoch 355: 20/71 Loss: 0.001453
2026-05-20 14:08: Train Epoch 355: 40/71 Loss: 0.006579
2026-05-20 14:08: Train Epoch 355: 60/71 Loss: 0.011679
2026-05-20 14:08: **********Train Epoch 355: averaged Loss: 0.009936
2026-05-20 14:08: **********Val Epoch 355: average Loss: 0.052072
2026-05-20 14:08: Train Epoch 356: 0/71 Loss: 0.022166
2026-05-20 14:08: Train Epoch 356: 20/71 Loss: 0.002510
2026-05-20 14:08: Train Epoch 356: 40/71 Loss: 0.004011
2026-05-20 14:08: Train Epoch 356: 60/71 Loss: 0.023836
2026-05-20 14:08: **********Train Epoch 356: averaged Loss: 0.009976
2026-05-20 14:08: **********Val Epoch 356: average Loss: 0.037043
2026-05-20 14:08: Train Epoch 357: 0/71 Loss: 0.042672
2026-05-20 14:08: Train Epoch 357: 20/71 Loss: 0.001199
2026-05-20 14:08: Train Epoch 357: 40/71 Loss: 0.014702
2026-05-20 14:08: Train Epoch 357: 60/71 Loss: 0.006252
2026-05-20 14:08: **********Train Epoch 357: averaged Loss: 0.009904
2026-05-20 14:08: **********Val Epoch 357: average Loss: 0.039026
2026-05-20 14:08: Train Epoch 358: 0/71 Loss: 0.031091
2026-05-20 14:08: Train Epoch 358: 20/71 Loss: 0.001081
2026-05-20 14:08: Train Epoch 358: 40/71 Loss: 0.004873
2026-05-20 14:08: Train Epoch 358: 60/71 Loss: 0.030470
2026-05-20 14:08: **********Train Epoch 358: averaged Loss: 0.011325
2026-05-20 14:08: **********Val Epoch 358: average Loss: 0.037111
2026-05-20 14:08: Train Epoch 359: 0/71 Loss: 0.036121
2026-05-20 14:08: Train Epoch 359: 20/71 Loss: 0.004509
2026-05-20 14:08: Train Epoch 359: 40/71 Loss: 0.005048
2026-05-20 14:08: Train Epoch 359: 60/71 Loss: 0.007291
2026-05-20 14:08: **********Train Epoch 359: averaged Loss: 0.009476
2026-05-20 14:08: **********Val Epoch 359: average Loss: 0.042257
2026-05-20 14:08: Train Epoch 360: 0/71 Loss: 0.029185
2026-05-20 14:08: Train Epoch 360: 20/71 Loss: 0.001399
2026-05-20 14:08: Train Epoch 360: 40/71 Loss: 0.004635
2026-05-20 14:08: Train Epoch 360: 60/71 Loss: 0.029490
2026-05-20 14:08: **********Train Epoch 360: averaged Loss: 0.010697
2026-05-20 14:08: **********Val Epoch 360: average Loss: 0.035207
2026-05-20 14:08: Train Epoch 361: 0/71 Loss: 0.033916
2026-05-20 14:08: Train Epoch 361: 20/71 Loss: 0.002237
2026-05-20 14:08: Train Epoch 361: 40/71 Loss: 0.005557
2026-05-20 14:08: Train Epoch 361: 60/71 Loss: 0.015576
2026-05-20 14:08: **********Train Epoch 361: averaged Loss: 0.010399
2026-05-20 14:08: **********Val Epoch 361: average Loss: 0.056158
2026-05-20 14:08: Train Epoch 362: 0/71 Loss: 0.031882
2026-05-20 14:08: Train Epoch 362: 20/71 Loss: 0.011589
2026-05-20 14:08: Train Epoch 362: 40/71 Loss: 0.005783
2026-05-20 14:08: Train Epoch 362: 60/71 Loss: 0.025931
2026-05-20 14:08: **********Train Epoch 362: averaged Loss: 0.013951
2026-05-20 14:08: **********Val Epoch 362: average Loss: 0.045066
2026-05-20 14:08: Train Epoch 363: 0/71 Loss: 0.033037
2026-05-20 14:08: Train Epoch 363: 20/71 Loss: 0.001363
2026-05-20 14:08: Train Epoch 363: 40/71 Loss: 0.008499
2026-05-20 14:08: Train Epoch 363: 60/71 Loss: 0.011457
2026-05-20 14:08: **********Train Epoch 363: averaged Loss: 0.009401
2026-05-20 14:08: **********Val Epoch 363: average Loss: 0.040145
2026-05-20 14:08: Train Epoch 364: 0/71 Loss: 0.038171
2026-05-20 14:08: Train Epoch 364: 20/71 Loss: 0.001168
2026-05-20 14:08: Train Epoch 364: 40/71 Loss: 0.004224
2026-05-20 14:08: Train Epoch 364: 60/71 Loss: 0.026429
2026-05-20 14:08: **********Train Epoch 364: averaged Loss: 0.011494
2026-05-20 14:08: **********Val Epoch 364: average Loss: 0.050652
2026-05-20 14:08: Train Epoch 365: 0/71 Loss: 0.033162
2026-05-20 14:08: Train Epoch 365: 20/71 Loss: 0.002763
2026-05-20 14:08: Train Epoch 365: 40/71 Loss: 0.010873
2026-05-20 14:08: Train Epoch 365: 60/71 Loss: 0.015681
2026-05-20 14:08: **********Train Epoch 365: averaged Loss: 0.012972
2026-05-20 14:08: **********Val Epoch 365: average Loss: 0.048215
2026-05-20 14:08: Train Epoch 366: 0/71 Loss: 0.020076
2026-05-20 14:08: Train Epoch 366: 20/71 Loss: 0.002310
2026-05-20 14:08: Train Epoch 366: 40/71 Loss: 0.005105
2026-05-20 14:08: Train Epoch 366: 60/71 Loss: 0.012968
2026-05-20 14:08: **********Train Epoch 366: averaged Loss: 0.008658
2026-05-20 14:08: **********Val Epoch 366: average Loss: 0.042583
2026-05-20 14:08: Train Epoch 367: 0/71 Loss: 0.028932
2026-05-20 14:08: Train Epoch 367: 20/71 Loss: 0.004011
2026-05-20 14:08: Train Epoch 367: 40/71 Loss: 0.009790
2026-05-20 14:08: Train Epoch 367: 60/71 Loss: 0.022221
2026-05-20 14:08: **********Train Epoch 367: averaged Loss: 0.012067
2026-05-20 14:08: **********Val Epoch 367: average Loss: 0.041334
2026-05-20 14:08: Train Epoch 368: 0/71 Loss: 0.020434
2026-05-20 14:08: Train Epoch 368: 20/71 Loss: 0.003699
2026-05-20 14:08: Train Epoch 368: 40/71 Loss: 0.005854
2026-05-20 14:08: Train Epoch 368: 60/71 Loss: 0.014884
2026-05-20 14:08: **********Train Epoch 368: averaged Loss: 0.008946
2026-05-20 14:08: **********Val Epoch 368: average Loss: 0.049120
2026-05-20 14:08: Train Epoch 369: 0/71 Loss: 0.028703
2026-05-20 14:08: Train Epoch 369: 20/71 Loss: 0.001210
2026-05-20 14:08: Train Epoch 369: 40/71 Loss: 0.005070
2026-05-20 14:08: Train Epoch 369: 60/71 Loss: 0.024387
2026-05-20 14:08: **********Train Epoch 369: averaged Loss: 0.011383
2026-05-20 14:08: **********Val Epoch 369: average Loss: 0.041697
2026-05-20 14:08: Train Epoch 370: 0/71 Loss: 0.022878
2026-05-20 14:09: Train Epoch 370: 20/71 Loss: 0.002560
2026-05-20 14:09: Train Epoch 370: 40/71 Loss: 0.012477
2026-05-20 14:09: Train Epoch 370: 60/71 Loss: 0.011338
2026-05-20 14:09: **********Train Epoch 370: averaged Loss: 0.011238
2026-05-20 14:09: **********Val Epoch 370: average Loss: 0.040611
2026-05-20 14:09: Train Epoch 371: 0/71 Loss: 0.011546
2026-05-20 14:09: Train Epoch 371: 20/71 Loss: 0.003431
2026-05-20 14:09: Train Epoch 371: 40/71 Loss: 0.003750
2026-05-20 14:09: Train Epoch 371: 60/71 Loss: 0.031326
2026-05-20 14:09: **********Train Epoch 371: averaged Loss: 0.011558
2026-05-20 14:09: **********Val Epoch 371: average Loss: 0.035823
2026-05-20 14:09: Train Epoch 372: 0/71 Loss: 0.044684
2026-05-20 14:09: Train Epoch 372: 20/71 Loss: 0.004909
2026-05-20 14:09: Train Epoch 372: 40/71 Loss: 0.039069
2026-05-20 14:09: Train Epoch 372: 60/71 Loss: 0.028578
2026-05-20 14:09: **********Train Epoch 372: averaged Loss: 0.019901
2026-05-20 14:09: **********Val Epoch 372: average Loss: 0.042190
2026-05-20 14:09: Train Epoch 373: 0/71 Loss: 0.038756
2026-05-20 14:09: Train Epoch 373: 20/71 Loss: 0.005389
2026-05-20 14:09: Train Epoch 373: 40/71 Loss: 0.014431
2026-05-20 14:09: Train Epoch 373: 60/71 Loss: 0.006283
2026-05-20 14:09: **********Train Epoch 373: averaged Loss: 0.011083
2026-05-20 14:09: **********Val Epoch 373: average Loss: 0.048000
2026-05-20 14:09: Train Epoch 374: 0/71 Loss: 0.015838
2026-05-20 14:09: Train Epoch 374: 20/71 Loss: 0.001750
2026-05-20 14:09: Train Epoch 374: 40/71 Loss: 0.005627
2026-05-20 14:09: Train Epoch 374: 60/71 Loss: 0.019641
2026-05-20 14:09: **********Train Epoch 374: averaged Loss: 0.008497
2026-05-20 14:09: **********Val Epoch 374: average Loss: 0.037600
2026-05-20 14:09: Train Epoch 375: 0/71 Loss: 0.027706
2026-05-20 14:09: Train Epoch 375: 20/71 Loss: 0.001380
2026-05-20 14:09: Train Epoch 375: 40/71 Loss: 0.005208
2026-05-20 14:09: Train Epoch 375: 60/71 Loss: 0.005459
2026-05-20 14:09: **********Train Epoch 375: averaged Loss: 0.008977
2026-05-20 14:09: **********Val Epoch 375: average Loss: 0.034226
2026-05-20 14:09: Train Epoch 376: 0/71 Loss: 0.022002
2026-05-20 14:09: Train Epoch 376: 20/71 Loss: 0.005899
2026-05-20 14:09: Train Epoch 376: 40/71 Loss: 0.007580
2026-05-20 14:09: Train Epoch 376: 60/71 Loss: 0.020153
2026-05-20 14:09: **********Train Epoch 376: averaged Loss: 0.008257
2026-05-20 14:09: **********Val Epoch 376: average Loss: 0.038599
2026-05-20 14:09: Train Epoch 377: 0/71 Loss: 0.025675
2026-05-20 14:09: Train Epoch 377: 20/71 Loss: 0.001218
2026-05-20 14:09: Train Epoch 377: 40/71 Loss: 0.005049
2026-05-20 14:09: Train Epoch 377: 60/71 Loss: 0.007440
2026-05-20 14:09: **********Train Epoch 377: averaged Loss: 0.009004
2026-05-20 14:09: **********Val Epoch 377: average Loss: 0.030911
2026-05-20 14:09: Train Epoch 378: 0/71 Loss: 0.022554
2026-05-20 14:09: Train Epoch 378: 20/71 Loss: 0.001843
2026-05-20 14:09: Train Epoch 378: 40/71 Loss: 0.005394
2026-05-20 14:09: Train Epoch 378: 60/71 Loss: 0.013041
2026-05-20 14:09: **********Train Epoch 378: averaged Loss: 0.008275
2026-05-20 14:09: **********Val Epoch 378: average Loss: 0.058647
2026-05-20 14:09: Train Epoch 379: 0/71 Loss: 0.028700
2026-05-20 14:09: Train Epoch 379: 20/71 Loss: 0.001689
2026-05-20 14:09: Train Epoch 379: 40/71 Loss: 0.006485
2026-05-20 14:09: Train Epoch 379: 60/71 Loss: 0.012045
2026-05-20 14:09: **********Train Epoch 379: averaged Loss: 0.010881
2026-05-20 14:09: **********Val Epoch 379: average Loss: 0.033279
2026-05-20 14:09: Train Epoch 380: 0/71 Loss: 0.018115
2026-05-20 14:09: Train Epoch 380: 20/71 Loss: 0.002405
2026-05-20 14:09: Train Epoch 380: 40/71 Loss: 0.006378
2026-05-20 14:09: Train Epoch 380: 60/71 Loss: 0.010258
2026-05-20 14:09: **********Train Epoch 380: averaged Loss: 0.007140
2026-05-20 14:09: **********Val Epoch 380: average Loss: 0.041203
2026-05-20 14:09: Train Epoch 381: 0/71 Loss: 0.039826
2026-05-20 14:09: Train Epoch 381: 20/71 Loss: 0.002571
2026-05-20 14:09: Train Epoch 381: 40/71 Loss: 0.006054
2026-05-20 14:09: Train Epoch 381: 60/71 Loss: 0.022440
2026-05-20 14:09: **********Train Epoch 381: averaged Loss: 0.012595
2026-05-20 14:09: **********Val Epoch 381: average Loss: 0.038478
2026-05-20 14:09: Train Epoch 382: 0/71 Loss: 0.028635
2026-05-20 14:09: Train Epoch 382: 20/71 Loss: 0.003319
2026-05-20 14:09: Train Epoch 382: 40/71 Loss: 0.007915
2026-05-20 14:09: Train Epoch 382: 60/71 Loss: 0.012902
2026-05-20 14:09: **********Train Epoch 382: averaged Loss: 0.010681
2026-05-20 14:09: **********Val Epoch 382: average Loss: 0.038844
2026-05-20 14:09: Train Epoch 383: 0/71 Loss: 0.024657
2026-05-20 14:09: Train Epoch 383: 20/71 Loss: 0.001448
2026-05-20 14:09: Train Epoch 383: 40/71 Loss: 0.003813
2026-05-20 14:09: Train Epoch 383: 60/71 Loss: 0.026053
2026-05-20 14:09: **********Train Epoch 383: averaged Loss: 0.010898
2026-05-20 14:09: **********Val Epoch 383: average Loss: 0.032744
2026-05-20 14:09: Train Epoch 384: 0/71 Loss: 0.043556
2026-05-20 14:09: Train Epoch 384: 20/71 Loss: 0.001877
2026-05-20 14:09: Train Epoch 384: 40/71 Loss: 0.020655
2026-05-20 14:09: Train Epoch 384: 60/71 Loss: 0.006050
2026-05-20 14:09: **********Train Epoch 384: averaged Loss: 0.011259
2026-05-20 14:09: **********Val Epoch 384: average Loss: 0.035207
2026-05-20 14:09: Train Epoch 385: 0/71 Loss: 0.035978
2026-05-20 14:09: Train Epoch 385: 20/71 Loss: 0.009737
2026-05-20 14:09: Train Epoch 385: 40/71 Loss: 0.004778
2026-05-20 14:09: Train Epoch 385: 60/71 Loss: 0.024073
2026-05-20 14:09: **********Train Epoch 385: averaged Loss: 0.013129
2026-05-20 14:09: **********Val Epoch 385: average Loss: 0.024336
2026-05-20 14:09: Train Epoch 386: 0/71 Loss: 0.032753
2026-05-20 14:09: Train Epoch 386: 20/71 Loss: 0.001603
2026-05-20 14:09: Train Epoch 386: 40/71 Loss: 0.008360
2026-05-20 14:09: Train Epoch 386: 60/71 Loss: 0.006679
2026-05-20 14:09: **********Train Epoch 386: averaged Loss: 0.009051
2026-05-20 14:09: **********Val Epoch 386: average Loss: 0.042721
2026-05-20 14:09: Train Epoch 387: 0/71 Loss: 0.039646
2026-05-20 14:09: Train Epoch 387: 20/71 Loss: 0.001680
2026-05-20 14:09: Train Epoch 387: 40/71 Loss: 0.004761
2026-05-20 14:09: Train Epoch 387: 60/71 Loss: 0.008577
2026-05-20 14:09: **********Train Epoch 387: averaged Loss: 0.010960
2026-05-20 14:09: **********Val Epoch 387: average Loss: 0.031843
2026-05-20 14:09: Train Epoch 388: 0/71 Loss: 0.022161
2026-05-20 14:09: Train Epoch 388: 20/71 Loss: 0.001224
2026-05-20 14:09: Train Epoch 388: 40/71 Loss: 0.004169
2026-05-20 14:09: Train Epoch 388: 60/71 Loss: 0.021510
2026-05-20 14:09: **********Train Epoch 388: averaged Loss: 0.010013
2026-05-20 14:09: **********Val Epoch 388: average Loss: 0.028727
2026-05-20 14:09: Train Epoch 389: 0/71 Loss: 0.036482
2026-05-20 14:10: Train Epoch 389: 20/71 Loss: 0.001813
2026-05-20 14:10: Train Epoch 389: 40/71 Loss: 0.007783
2026-05-20 14:10: Train Epoch 389: 60/71 Loss: 0.011259
2026-05-20 14:10: **********Train Epoch 389: averaged Loss: 0.010426
2026-05-20 14:10: **********Val Epoch 389: average Loss: 0.047183
2026-05-20 14:10: Train Epoch 390: 0/71 Loss: 0.032994
2026-05-20 14:10: Train Epoch 390: 20/71 Loss: 0.002138
2026-05-20 14:10: Train Epoch 390: 40/71 Loss: 0.013477
2026-05-20 14:10: Train Epoch 390: 60/71 Loss: 0.020790
2026-05-20 14:10: **********Train Epoch 390: averaged Loss: 0.012192
2026-05-20 14:10: **********Val Epoch 390: average Loss: 0.035994
2026-05-20 14:10: Train Epoch 391: 0/71 Loss: 0.021049
2026-05-20 14:10: Train Epoch 391: 20/71 Loss: 0.005142
2026-05-20 14:10: Train Epoch 391: 40/71 Loss: 0.012884
2026-05-20 14:10: Train Epoch 391: 60/71 Loss: 0.019011
2026-05-20 14:10: **********Train Epoch 391: averaged Loss: 0.011573
2026-05-20 14:10: **********Val Epoch 391: average Loss: 0.035239
2026-05-20 14:10: Train Epoch 392: 0/71 Loss: 0.026583
2026-05-20 14:10: Train Epoch 392: 20/71 Loss: 0.001318
2026-05-20 14:10: Train Epoch 392: 40/71 Loss: 0.006023
2026-05-20 14:10: Train Epoch 392: 60/71 Loss: 0.011857
2026-05-20 14:10: **********Train Epoch 392: averaged Loss: 0.009596
2026-05-20 14:10: **********Val Epoch 392: average Loss: 0.044774
2026-05-20 14:10: Train Epoch 393: 0/71 Loss: 0.028128
2026-05-20 14:10: Train Epoch 393: 20/71 Loss: 0.001457
2026-05-20 14:10: Train Epoch 393: 40/71 Loss: 0.005343
2026-05-20 14:10: Train Epoch 393: 60/71 Loss: 0.011735
2026-05-20 14:10: **********Train Epoch 393: averaged Loss: 0.010259
2026-05-20 14:10: **********Val Epoch 393: average Loss: 0.039584
2026-05-20 14:10: Train Epoch 394: 0/71 Loss: 0.027323
2026-05-20 14:10: Train Epoch 394: 20/71 Loss: 0.001307
2026-05-20 14:10: Train Epoch 394: 40/71 Loss: 0.004187
2026-05-20 14:10: Train Epoch 394: 60/71 Loss: 0.014140
2026-05-20 14:10: **********Train Epoch 394: averaged Loss: 0.009156
2026-05-20 14:10: **********Val Epoch 394: average Loss: 0.034018
2026-05-20 14:10: Train Epoch 395: 0/71 Loss: 0.029318
2026-05-20 14:10: Train Epoch 395: 20/71 Loss: 0.005223
2026-05-20 14:10: Train Epoch 395: 40/71 Loss: 0.004689
2026-05-20 14:10: Train Epoch 395: 60/71 Loss: 0.012789
2026-05-20 14:10: **********Train Epoch 395: averaged Loss: 0.010675
2026-05-20 14:10: **********Val Epoch 395: average Loss: 0.040033
2026-05-20 14:10: Train Epoch 396: 0/71 Loss: 0.029884
2026-05-20 14:10: Train Epoch 396: 20/71 Loss: 0.003421
2026-05-20 14:10: Train Epoch 396: 40/71 Loss: 0.006615
2026-05-20 14:10: Train Epoch 396: 60/71 Loss: 0.011180
2026-05-20 14:10: **********Train Epoch 396: averaged Loss: 0.010705
2026-05-20 14:10: **********Val Epoch 396: average Loss: 0.041473
2026-05-20 14:10: Train Epoch 397: 0/71 Loss: 0.030146
2026-05-20 14:10: Train Epoch 397: 20/71 Loss: 0.001267
2026-05-20 14:10: Train Epoch 397: 40/71 Loss: 0.006908
2026-05-20 14:10: Train Epoch 397: 60/71 Loss: 0.007118
2026-05-20 14:10: **********Train Epoch 397: averaged Loss: 0.008198
2026-05-20 14:10: **********Val Epoch 397: average Loss: 0.023839
2026-05-20 14:10: Train Epoch 398: 0/71 Loss: 0.028967
2026-05-20 14:10: Train Epoch 398: 20/71 Loss: 0.001855
2026-05-20 14:10: Train Epoch 398: 40/71 Loss: 0.005548
2026-05-20 14:10: Train Epoch 398: 60/71 Loss: 0.029217
2026-05-20 14:10: **********Train Epoch 398: averaged Loss: 0.010792
2026-05-20 14:10: **********Val Epoch 398: average Loss: 0.021436
2026-05-20 14:10: Train Epoch 399: 0/71 Loss: 0.023859
2026-05-20 14:10: Train Epoch 399: 20/71 Loss: 0.006063
2026-05-20 14:10: Train Epoch 399: 40/71 Loss: 0.007362
2026-05-20 14:10: Train Epoch 399: 60/71 Loss: 0.009062
2026-05-20 14:10: **********Train Epoch 399: averaged Loss: 0.010479
2026-05-20 14:10: **********Val Epoch 399: average Loss: 0.034085
2026-05-20 14:10: Train Epoch 400: 0/71 Loss: 0.021481
2026-05-20 14:10: Train Epoch 400: 20/71 Loss: 0.002654
2026-05-20 14:10: Train Epoch 400: 40/71 Loss: 0.004173
2026-05-20 14:10: Train Epoch 400: 60/71 Loss: 0.024867
2026-05-20 14:10: **********Train Epoch 400: averaged Loss: 0.009783
2026-05-20 14:10: **********Val Epoch 400: average Loss: 0.042781
2026-05-20 14:10: Train Epoch 401: 0/71 Loss: 0.043696
2026-05-20 14:10: Train Epoch 401: 20/71 Loss: 0.006444
2026-05-20 14:10: Train Epoch 401: 40/71 Loss: 0.008541
2026-05-20 14:10: Train Epoch 401: 60/71 Loss: 0.005826
2026-05-20 14:10: **********Train Epoch 401: averaged Loss: 0.009202
2026-05-20 14:10: **********Val Epoch 401: average Loss: 0.031976
2026-05-20 14:10: Train Epoch 402: 0/71 Loss: 0.019793
2026-05-20 14:10: Train Epoch 402: 20/71 Loss: 0.001627
2026-05-20 14:10: Train Epoch 402: 40/71 Loss: 0.004226
2026-05-20 14:10: Train Epoch 402: 60/71 Loss: 0.010446
2026-05-20 14:10: **********Train Epoch 402: averaged Loss: 0.007051
2026-05-20 14:10: **********Val Epoch 402: average Loss: 0.045053
2026-05-20 14:10: Train Epoch 403: 0/71 Loss: 0.032985
2026-05-20 14:10: Train Epoch 403: 20/71 Loss: 0.002247
2026-05-20 14:10: Train Epoch 403: 40/71 Loss: 0.005476
2026-05-20 14:10: Train Epoch 403: 60/71 Loss: 0.013537
2026-05-20 14:10: **********Train Epoch 403: averaged Loss: 0.010943
2026-05-20 14:10: **********Val Epoch 403: average Loss: 0.035325
2026-05-20 14:10: Train Epoch 404: 0/71 Loss: 0.031470
2026-05-20 14:10: Train Epoch 404: 20/71 Loss: 0.001667
2026-05-20 14:10: Train Epoch 404: 40/71 Loss: 0.005615
2026-05-20 14:10: Train Epoch 404: 60/71 Loss: 0.016830
2026-05-20 14:10: **********Train Epoch 404: averaged Loss: 0.010218
2026-05-20 14:10: **********Val Epoch 404: average Loss: 0.047509
2026-05-20 14:10: Train Epoch 405: 0/71 Loss: 0.045493
2026-05-20 14:10: Train Epoch 405: 20/71 Loss: 0.002535
2026-05-20 14:10: Train Epoch 405: 40/71 Loss: 0.012807
2026-05-20 14:10: Train Epoch 405: 60/71 Loss: 0.005699
2026-05-20 14:10: **********Train Epoch 405: averaged Loss: 0.010659
2026-05-20 14:10: **********Val Epoch 405: average Loss: 0.022957
2026-05-20 14:10: Train Epoch 406: 0/71 Loss: 0.026616
2026-05-20 14:10: Train Epoch 406: 20/71 Loss: 0.006790
2026-05-20 14:10: Train Epoch 406: 40/71 Loss: 0.006378
2026-05-20 14:10: Train Epoch 406: 60/71 Loss: 0.018777
2026-05-20 14:10: **********Train Epoch 406: averaged Loss: 0.009518
2026-05-20 14:10: **********Val Epoch 406: average Loss: 0.040795
2026-05-20 14:10: Train Epoch 407: 0/71 Loss: 0.019876
2026-05-20 14:10: Train Epoch 407: 20/71 Loss: 0.001565
2026-05-20 14:10: Train Epoch 407: 40/71 Loss: 0.004768
2026-05-20 14:11: Train Epoch 407: 60/71 Loss: 0.016709
2026-05-20 14:11: **********Train Epoch 407: averaged Loss: 0.009191
2026-05-20 14:11: **********Val Epoch 407: average Loss: 0.037560
2026-05-20 14:11: Train Epoch 408: 0/71 Loss: 0.027628
2026-05-20 14:11: Train Epoch 408: 20/71 Loss: 0.008909
2026-05-20 14:11: Train Epoch 408: 40/71 Loss: 0.005244
2026-05-20 14:11: Train Epoch 408: 60/71 Loss: 0.022198
2026-05-20 14:11: **********Train Epoch 408: averaged Loss: 0.013292
2026-05-20 14:11: **********Val Epoch 408: average Loss: 0.026422
2026-05-20 14:11: Train Epoch 409: 0/71 Loss: 0.033332
2026-05-20 14:11: Train Epoch 409: 20/71 Loss: 0.003788
2026-05-20 14:11: Train Epoch 409: 40/71 Loss: 0.009939
2026-05-20 14:11: Train Epoch 409: 60/71 Loss: 0.013095
2026-05-20 14:11: **********Train Epoch 409: averaged Loss: 0.009462
2026-05-20 14:11: **********Val Epoch 409: average Loss: 0.045481
2026-05-20 14:11: Train Epoch 410: 0/71 Loss: 0.037497
2026-05-20 14:11: Train Epoch 410: 20/71 Loss: 0.004222
2026-05-20 14:11: Train Epoch 410: 40/71 Loss: 0.005747
2026-05-20 14:11: Train Epoch 410: 60/71 Loss: 0.010694
2026-05-20 14:11: **********Train Epoch 410: averaged Loss: 0.011244
2026-05-20 14:11: **********Val Epoch 410: average Loss: 0.037108
2026-05-20 14:11: Train Epoch 411: 0/71 Loss: 0.029205
2026-05-20 14:11: Train Epoch 411: 20/71 Loss: 0.001318
2026-05-20 14:11: Train Epoch 411: 40/71 Loss: 0.004916
2026-05-20 14:11: Train Epoch 411: 60/71 Loss: 0.022839
2026-05-20 14:11: **********Train Epoch 411: averaged Loss: 0.010367
2026-05-20 14:11: **********Val Epoch 411: average Loss: 0.034086
2026-05-20 14:11: Train Epoch 412: 0/71 Loss: 0.037555
2026-05-20 14:11: Train Epoch 412: 20/71 Loss: 0.001840
2026-05-20 14:11: Train Epoch 412: 40/71 Loss: 0.008900
2026-05-20 14:11: Train Epoch 412: 60/71 Loss: 0.008760
2026-05-20 14:11: **********Train Epoch 412: averaged Loss: 0.010033
2026-05-20 14:11: **********Val Epoch 412: average Loss: 0.042476
2026-05-20 14:11: Train Epoch 413: 0/71 Loss: 0.037967
2026-05-20 14:11: Train Epoch 413: 20/71 Loss: 0.001177
2026-05-20 14:11: Train Epoch 413: 40/71 Loss: 0.006176
2026-05-20 14:11: Train Epoch 413: 60/71 Loss: 0.020435
2026-05-20 14:11: **********Train Epoch 413: averaged Loss: 0.012986
2026-05-20 14:11: **********Val Epoch 413: average Loss: 0.042112
2026-05-20 14:11: Train Epoch 414: 0/71 Loss: 0.032935
2026-05-20 14:11: Train Epoch 414: 20/71 Loss: 0.003945
2026-05-20 14:11: Train Epoch 414: 40/71 Loss: 0.005711
2026-05-20 14:11: Train Epoch 414: 60/71 Loss: 0.015368
2026-05-20 14:11: **********Train Epoch 414: averaged Loss: 0.012028
2026-05-20 14:11: **********Val Epoch 414: average Loss: 0.036857
2026-05-20 14:11: Train Epoch 415: 0/71 Loss: 0.024816
2026-05-20 14:11: Train Epoch 415: 20/71 Loss: 0.001584
2026-05-20 14:11: Train Epoch 415: 40/71 Loss: 0.016745
2026-05-20 14:11: Train Epoch 415: 60/71 Loss: 0.022059
2026-05-20 14:11: **********Train Epoch 415: averaged Loss: 0.012044
2026-05-20 14:11: **********Val Epoch 415: average Loss: 0.035815
2026-05-20 14:11: Train Epoch 416: 0/71 Loss: 0.040515
2026-05-20 14:11: Train Epoch 416: 20/71 Loss: 0.001231
2026-05-20 14:11: Train Epoch 416: 40/71 Loss: 0.011511
2026-05-20 14:11: Train Epoch 416: 60/71 Loss: 0.006113
2026-05-20 14:11: **********Train Epoch 416: averaged Loss: 0.008977
2026-05-20 14:11: **********Val Epoch 416: average Loss: 0.042073
2026-05-20 14:11: Train Epoch 417: 0/71 Loss: 0.032268
2026-05-20 14:11: Train Epoch 417: 20/71 Loss: 0.001109
2026-05-20 14:11: Train Epoch 417: 40/71 Loss: 0.005266
2026-05-20 14:11: Train Epoch 417: 60/71 Loss: 0.024744
2026-05-20 14:11: **********Train Epoch 417: averaged Loss: 0.011247
2026-05-20 14:11: **********Val Epoch 417: average Loss: 0.038360
2026-05-20 14:11: Train Epoch 418: 0/71 Loss: 0.025297
2026-05-20 14:11: Train Epoch 418: 20/71 Loss: 0.005260
2026-05-20 14:11: Train Epoch 418: 40/71 Loss: 0.011924
2026-05-20 14:11: Train Epoch 418: 60/71 Loss: 0.016058
2026-05-20 14:11: **********Train Epoch 418: averaged Loss: 0.011557
2026-05-20 14:11: **********Val Epoch 418: average Loss: 0.036872
2026-05-20 14:11: Train Epoch 419: 0/71 Loss: 0.027354
2026-05-20 14:11: Train Epoch 419: 20/71 Loss: 0.002955
2026-05-20 14:11: Train Epoch 419: 40/71 Loss: 0.012702
2026-05-20 14:11: Train Epoch 419: 60/71 Loss: 0.020700
2026-05-20 14:11: **********Train Epoch 419: averaged Loss: 0.011030
2026-05-20 14:11: **********Val Epoch 419: average Loss: 0.050393
2026-05-20 14:11: Train Epoch 420: 0/71 Loss: 0.023388
2026-05-20 14:11: Train Epoch 420: 20/71 Loss: 0.002766
2026-05-20 14:11: Train Epoch 420: 40/71 Loss: 0.004852
2026-05-20 14:11: Train Epoch 420: 60/71 Loss: 0.007899
2026-05-20 14:11: **********Train Epoch 420: averaged Loss: 0.008237
2026-05-20 14:11: **********Val Epoch 420: average Loss: 0.045955
2026-05-20 14:11: Train Epoch 421: 0/71 Loss: 0.034994
2026-05-20 14:11: Train Epoch 421: 20/71 Loss: 0.001179
2026-05-20 14:11: Train Epoch 421: 40/71 Loss: 0.004444
2026-05-20 14:11: Train Epoch 421: 60/71 Loss: 0.011706
2026-05-20 14:11: **********Train Epoch 421: averaged Loss: 0.008945
2026-05-20 14:11: **********Val Epoch 421: average Loss: 0.051009
2026-05-20 14:11: Train Epoch 422: 0/71 Loss: 0.035769
2026-05-20 14:11: Train Epoch 422: 20/71 Loss: 0.002630
2026-05-20 14:11: Train Epoch 422: 40/71 Loss: 0.005371
2026-05-20 14:11: Train Epoch 422: 60/71 Loss: 0.010945
2026-05-20 14:11: **********Train Epoch 422: averaged Loss: 0.009729
2026-05-20 14:11: **********Val Epoch 422: average Loss: 0.039310
2026-05-20 14:11: Train Epoch 423: 0/71 Loss: 0.029890
2026-05-20 14:11: Train Epoch 423: 20/71 Loss: 0.003770
2026-05-20 14:11: Train Epoch 423: 40/71 Loss: 0.006069
2026-05-20 14:11: Train Epoch 423: 60/71 Loss: 0.026077
2026-05-20 14:11: **********Train Epoch 423: averaged Loss: 0.013004
2026-05-20 14:11: **********Val Epoch 423: average Loss: 0.025220
2026-05-20 14:11: Train Epoch 424: 0/71 Loss: 0.032016
2026-05-20 14:11: Train Epoch 424: 20/71 Loss: 0.001418
2026-05-20 14:11: Train Epoch 424: 40/71 Loss: 0.005065
2026-05-20 14:11: Train Epoch 424: 60/71 Loss: 0.012050
2026-05-20 14:11: **********Train Epoch 424: averaged Loss: 0.008809
2026-05-20 14:11: **********Val Epoch 424: average Loss: 0.033847
2026-05-20 14:11: Train Epoch 425: 0/71 Loss: 0.032364
2026-05-20 14:11: Train Epoch 425: 20/71 Loss: 0.001350
2026-05-20 14:11: Train Epoch 425: 40/71 Loss: 0.004801
2026-05-20 14:11: Train Epoch 425: 60/71 Loss: 0.014368
2026-05-20 14:11: **********Train Epoch 425: averaged Loss: 0.008875
2026-05-20 14:11: **********Val Epoch 425: average Loss: 0.037337
2026-05-20 14:11: Train Epoch 426: 0/71 Loss: 0.034592
2026-05-20 14:11: Train Epoch 426: 20/71 Loss: 0.007906
2026-05-20 14:11: Train Epoch 426: 40/71 Loss: 0.006290
2026-05-20 14:12: Train Epoch 426: 60/71 Loss: 0.018505
2026-05-20 14:12: **********Train Epoch 426: averaged Loss: 0.012272
2026-05-20 14:12: **********Val Epoch 426: average Loss: 0.038295
2026-05-20 14:12: Train Epoch 427: 0/71 Loss: 0.024663
2026-05-20 14:12: Train Epoch 427: 20/71 Loss: 0.002859
2026-05-20 14:12: Train Epoch 427: 40/71 Loss: 0.005936
2026-05-20 14:12: Train Epoch 427: 60/71 Loss: 0.018162
2026-05-20 14:12: **********Train Epoch 427: averaged Loss: 0.011072
2026-05-20 14:12: **********Val Epoch 427: average Loss: 0.043034
2026-05-20 14:12: Train Epoch 428: 0/71 Loss: 0.032401
2026-05-20 14:12: Train Epoch 428: 20/71 Loss: 0.001408
2026-05-20 14:12: Train Epoch 428: 40/71 Loss: 0.005706
2026-05-20 14:12: Train Epoch 428: 60/71 Loss: 0.009542
2026-05-20 14:12: **********Train Epoch 428: averaged Loss: 0.008948
2026-05-20 14:12: **********Val Epoch 428: average Loss: 0.044007
2026-05-20 14:12: Train Epoch 429: 0/71 Loss: 0.033496
2026-05-20 14:12: Train Epoch 429: 20/71 Loss: 0.001567
2026-05-20 14:12: Train Epoch 429: 40/71 Loss: 0.004981
2026-05-20 14:12: Train Epoch 429: 60/71 Loss: 0.008509
2026-05-20 14:12: **********Train Epoch 429: averaged Loss: 0.008734
2026-05-20 14:12: **********Val Epoch 429: average Loss: 0.031022
2026-05-20 14:12: Train Epoch 430: 0/71 Loss: 0.026216
2026-05-20 14:12: Train Epoch 430: 20/71 Loss: 0.001543
2026-05-20 14:12: Train Epoch 430: 40/71 Loss: 0.004159
2026-05-20 14:12: Train Epoch 430: 60/71 Loss: 0.025689
2026-05-20 14:12: **********Train Epoch 430: averaged Loss: 0.010557
2026-05-20 14:12: **********Val Epoch 430: average Loss: 0.028055
2026-05-20 14:12: Train Epoch 431: 0/71 Loss: 0.040698
2026-05-20 14:12: Train Epoch 431: 20/71 Loss: 0.001246
2026-05-20 14:12: Train Epoch 431: 40/71 Loss: 0.007528
2026-05-20 14:12: Train Epoch 431: 60/71 Loss: 0.008340
2026-05-20 14:12: **********Train Epoch 431: averaged Loss: 0.009191
2026-05-20 14:12: **********Val Epoch 431: average Loss: 0.047840
2026-05-20 14:12: Train Epoch 432: 0/71 Loss: 0.035849
2026-05-20 14:12: Train Epoch 432: 20/71 Loss: 0.001273
2026-05-20 14:12: Train Epoch 432: 40/71 Loss: 0.008117
2026-05-20 14:12: Train Epoch 432: 60/71 Loss: 0.011470
2026-05-20 14:12: **********Train Epoch 432: averaged Loss: 0.010700
2026-05-20 14:12: **********Val Epoch 432: average Loss: 0.035090
2026-05-20 14:12: Train Epoch 433: 0/71 Loss: 0.025887
2026-05-20 14:12: Train Epoch 433: 20/71 Loss: 0.002066
2026-05-20 14:12: Train Epoch 433: 40/71 Loss: 0.007747
2026-05-20 14:12: Train Epoch 433: 60/71 Loss: 0.015531
2026-05-20 14:12: **********Train Epoch 433: averaged Loss: 0.010209
2026-05-20 14:12: **********Val Epoch 433: average Loss: 0.032940
2026-05-20 14:12: Train Epoch 434: 0/71 Loss: 0.021999
2026-05-20 14:12: Train Epoch 434: 20/71 Loss: 0.001621
2026-05-20 14:12: Train Epoch 434: 40/71 Loss: 0.005224
2026-05-20 14:12: Train Epoch 434: 60/71 Loss: 0.012888
2026-05-20 14:12: **********Train Epoch 434: averaged Loss: 0.009502
2026-05-20 14:12: **********Val Epoch 434: average Loss: 0.027808
2026-05-20 14:12: Train Epoch 435: 0/71 Loss: 0.023755
2026-05-20 14:12: Train Epoch 435: 20/71 Loss: 0.003685
2026-05-20 14:12: Train Epoch 435: 40/71 Loss: 0.007108
2026-05-20 14:12: Train Epoch 435: 60/71 Loss: 0.019298
2026-05-20 14:12: **********Train Epoch 435: averaged Loss: 0.010491
2026-05-20 14:12: **********Val Epoch 435: average Loss: 0.044233
2026-05-20 14:12: Train Epoch 436: 0/71 Loss: 0.032693
2026-05-20 14:12: Train Epoch 436: 20/71 Loss: 0.001444
2026-05-20 14:12: Train Epoch 436: 40/71 Loss: 0.005490
2026-05-20 14:12: Train Epoch 436: 60/71 Loss: 0.005934
2026-05-20 14:12: **********Train Epoch 436: averaged Loss: 0.008816
2026-05-20 14:12: **********Val Epoch 436: average Loss: 0.025724
2026-05-20 14:12: Train Epoch 437: 0/71 Loss: 0.022996
2026-05-20 14:12: Train Epoch 437: 20/71 Loss: 0.002423
2026-05-20 14:12: Train Epoch 437: 40/71 Loss: 0.005437
2026-05-20 14:12: Train Epoch 437: 60/71 Loss: 0.021263
2026-05-20 14:12: **********Train Epoch 437: averaged Loss: 0.008282
2026-05-20 14:12: **********Val Epoch 437: average Loss: 0.043044
2026-05-20 14:12: Train Epoch 438: 0/71 Loss: 0.027048
2026-05-20 14:12: Train Epoch 438: 20/71 Loss: 0.004594
2026-05-20 14:12: Train Epoch 438: 40/71 Loss: 0.005531
2026-05-20 14:12: Train Epoch 438: 60/71 Loss: 0.005557
2026-05-20 14:12: **********Train Epoch 438: averaged Loss: 0.008049
2026-05-20 14:12: **********Val Epoch 438: average Loss: 0.023160
2026-05-20 14:12: Train Epoch 439: 0/71 Loss: 0.022906
2026-05-20 14:12: Train Epoch 439: 20/71 Loss: 0.001575
2026-05-20 14:12: Train Epoch 439: 40/71 Loss: 0.004573
2026-05-20 14:12: Train Epoch 439: 60/71 Loss: 0.013365
2026-05-20 14:12: **********Train Epoch 439: averaged Loss: 0.007928
2026-05-20 14:12: **********Val Epoch 439: average Loss: 0.044777
2026-05-20 14:12: Train Epoch 440: 0/71 Loss: 0.028518
2026-05-20 14:12: Train Epoch 440: 20/71 Loss: 0.001179
2026-05-20 14:12: Train Epoch 440: 40/71 Loss: 0.005949
2026-05-20 14:12: Train Epoch 440: 60/71 Loss: 0.007244
2026-05-20 14:12: **********Train Epoch 440: averaged Loss: 0.009633
2026-05-20 14:12: **********Val Epoch 440: average Loss: 0.014679
2026-05-20 14:12: *********************************Current best model saved!
2026-05-20 14:12: Train Epoch 441: 0/71 Loss: 0.012690
2026-05-20 14:12: Train Epoch 441: 20/71 Loss: 0.004757
2026-05-20 14:12: Train Epoch 441: 40/71 Loss: 0.005673
2026-05-20 14:12: Train Epoch 441: 60/71 Loss: 0.008580
2026-05-20 14:12: **********Train Epoch 441: averaged Loss: 0.007083
2026-05-20 14:12: **********Val Epoch 441: average Loss: 0.025224
2026-05-20 14:12: Train Epoch 442: 0/71 Loss: 0.018781
2026-05-20 14:12: Train Epoch 442: 20/71 Loss: 0.001843
2026-05-20 14:12: Train Epoch 442: 40/71 Loss: 0.004534
2026-05-20 14:12: Train Epoch 442: 60/71 Loss: 0.014657
2026-05-20 14:12: **********Train Epoch 442: averaged Loss: 0.007364
2026-05-20 14:12: **********Val Epoch 442: average Loss: 0.036326
2026-05-20 14:12: Train Epoch 443: 0/71 Loss: 0.031474
2026-05-20 14:12: Train Epoch 443: 20/71 Loss: 0.001160
2026-05-20 14:12: Train Epoch 443: 40/71 Loss: 0.004869
2026-05-20 14:12: Train Epoch 443: 60/71 Loss: 0.009295
2026-05-20 14:12: **********Train Epoch 443: averaged Loss: 0.010065
2026-05-20 14:12: **********Val Epoch 443: average Loss: 0.019623
2026-05-20 14:12: Train Epoch 444: 0/71 Loss: 0.020434
2026-05-20 14:12: Train Epoch 444: 20/71 Loss: 0.001183
2026-05-20 14:12: Train Epoch 444: 40/71 Loss: 0.003913
2026-05-20 14:12: Train Epoch 444: 60/71 Loss: 0.019579
2026-05-20 14:13: **********Train Epoch 444: averaged Loss: 0.008920
2026-05-20 14:13: **********Val Epoch 444: average Loss: 0.040462
2026-05-20 14:13: Train Epoch 445: 0/71 Loss: 0.035013
2026-05-20 14:13: Train Epoch 445: 20/71 Loss: 0.003312
2026-05-20 14:13: Train Epoch 445: 40/71 Loss: 0.006352
2026-05-20 14:13: Train Epoch 445: 60/71 Loss: 0.005885
2026-05-20 14:13: **********Train Epoch 445: averaged Loss: 0.010009
2026-05-20 14:13: **********Val Epoch 445: average Loss: 0.030486
2026-05-20 14:13: Train Epoch 446: 0/71 Loss: 0.019711
2026-05-20 14:13: Train Epoch 446: 20/71 Loss: 0.001472
2026-05-20 14:13: Train Epoch 446: 40/71 Loss: 0.005821
2026-05-20 14:13: Train Epoch 446: 60/71 Loss: 0.013188
2026-05-20 14:13: **********Train Epoch 446: averaged Loss: 0.007320
2026-05-20 14:13: **********Val Epoch 446: average Loss: 0.027872
2026-05-20 14:13: Train Epoch 447: 0/71 Loss: 0.024896
2026-05-20 14:13: Train Epoch 447: 20/71 Loss: 0.003231
2026-05-20 14:13: Train Epoch 447: 40/71 Loss: 0.015058
2026-05-20 14:13: Train Epoch 447: 60/71 Loss: 0.020389
2026-05-20 14:13: **********Train Epoch 447: averaged Loss: 0.011735
2026-05-20 14:13: **********Val Epoch 447: average Loss: 0.030697
2026-05-20 14:13: Train Epoch 448: 0/71 Loss: 0.031176
2026-05-20 14:13: Train Epoch 448: 20/71 Loss: 0.001464
2026-05-20 14:13: Train Epoch 448: 40/71 Loss: 0.005569
2026-05-20 14:13: Train Epoch 448: 60/71 Loss: 0.005582
2026-05-20 14:13: **********Train Epoch 448: averaged Loss: 0.008678
2026-05-20 14:13: **********Val Epoch 448: average Loss: 0.016208
2026-05-20 14:13: Train Epoch 449: 0/71 Loss: 0.020379
2026-05-20 14:13: Train Epoch 449: 20/71 Loss: 0.003840
2026-05-20 14:13: Train Epoch 449: 40/71 Loss: 0.004620
2026-05-20 14:13: Train Epoch 449: 60/71 Loss: 0.019850
2026-05-20 14:13: **********Train Epoch 449: averaged Loss: 0.007878
2026-05-20 14:13: **********Val Epoch 449: average Loss: 0.036601
2026-05-20 14:13: Train Epoch 450: 0/71 Loss: 0.029764
2026-05-20 14:13: Train Epoch 450: 20/71 Loss: 0.006430
2026-05-20 14:13: Train Epoch 450: 40/71 Loss: 0.007277
2026-05-20 14:13: Train Epoch 450: 60/71 Loss: 0.018734
2026-05-20 14:13: **********Train Epoch 450: averaged Loss: 0.011701
2026-05-20 14:13: **********Val Epoch 450: average Loss: 0.035707
2026-05-20 14:13: Train Epoch 451: 0/71 Loss: 0.029091
2026-05-20 14:13: Train Epoch 451: 20/71 Loss: 0.002371
2026-05-20 14:13: Train Epoch 451: 40/71 Loss: 0.004654
2026-05-20 14:13: Train Epoch 451: 60/71 Loss: 0.008522
2026-05-20 14:13: **********Train Epoch 451: averaged Loss: 0.009009
2026-05-20 14:13: **********Val Epoch 451: average Loss: 0.027096
2026-05-20 14:13: Train Epoch 452: 0/71 Loss: 0.020569
2026-05-20 14:13: Train Epoch 452: 20/71 Loss: 0.004540
2026-05-20 14:13: Train Epoch 452: 40/71 Loss: 0.009016
2026-05-20 14:13: Train Epoch 452: 60/71 Loss: 0.017256
2026-05-20 14:13: **********Train Epoch 452: averaged Loss: 0.008687
2026-05-20 14:13: **********Val Epoch 452: average Loss: 0.026751
2026-05-20 14:13: Train Epoch 453: 0/71 Loss: 0.011040
2026-05-20 14:13: Train Epoch 453: 20/71 Loss: 0.002846
2026-05-20 14:13: Train Epoch 453: 40/71 Loss: 0.004339
2026-05-20 14:13: Train Epoch 453: 60/71 Loss: 0.020444
2026-05-20 14:13: **********Train Epoch 453: averaged Loss: 0.008861
2026-05-20 14:13: **********Val Epoch 453: average Loss: 0.028223
2026-05-20 14:13: Train Epoch 454: 0/71 Loss: 0.038514
2026-05-20 14:13: Train Epoch 454: 20/71 Loss: 0.001479
2026-05-20 14:13: Train Epoch 454: 40/71 Loss: 0.011663
2026-05-20 14:13: Train Epoch 454: 60/71 Loss: 0.005444
2026-05-20 14:13: **********Train Epoch 454: averaged Loss: 0.008871
2026-05-20 14:13: **********Val Epoch 454: average Loss: 0.020821
2026-05-20 14:13: Train Epoch 455: 0/71 Loss: 0.024805
2026-05-20 14:13: Train Epoch 455: 20/71 Loss: 0.001252
2026-05-20 14:13: Train Epoch 455: 40/71 Loss: 0.010821
2026-05-20 14:13: Train Epoch 455: 60/71 Loss: 0.019857
2026-05-20 14:13: **********Train Epoch 455: averaged Loss: 0.009797
2026-05-20 14:13: **********Val Epoch 455: average Loss: 0.031767
2026-05-20 14:13: Train Epoch 456: 0/71 Loss: 0.030580
2026-05-20 14:13: Train Epoch 456: 20/71 Loss: 0.001861
2026-05-20 14:13: Train Epoch 456: 40/71 Loss: 0.006938
2026-05-20 14:13: Train Epoch 456: 60/71 Loss: 0.006114
2026-05-20 14:13: **********Train Epoch 456: averaged Loss: 0.010114
2026-05-20 14:13: **********Val Epoch 456: average Loss: 0.016837
2026-05-20 14:13: Train Epoch 457: 0/71 Loss: 0.016813
2026-05-20 14:13: Train Epoch 457: 20/71 Loss: 0.002275
2026-05-20 14:13: Train Epoch 457: 40/71 Loss: 0.004648
2026-05-20 14:13: Train Epoch 457: 60/71 Loss: 0.011064
2026-05-20 14:13: **********Train Epoch 457: averaged Loss: 0.007031
2026-05-20 14:13: **********Val Epoch 457: average Loss: 0.036342
2026-05-20 14:13: Train Epoch 458: 0/71 Loss: 0.020919
2026-05-20 14:13: Train Epoch 458: 20/71 Loss: 0.002743
2026-05-20 14:13: Train Epoch 458: 40/71 Loss: 0.004333
2026-05-20 14:13: Train Epoch 458: 60/71 Loss: 0.017409
2026-05-20 14:13: **********Train Epoch 458: averaged Loss: 0.008385
2026-05-20 14:13: **********Val Epoch 458: average Loss: 0.032641
2026-05-20 14:13: Train Epoch 459: 0/71 Loss: 0.039627
2026-05-20 14:13: Train Epoch 459: 20/71 Loss: 0.002619
2026-05-20 14:13: Train Epoch 459: 40/71 Loss: 0.004694
2026-05-20 14:13: Train Epoch 459: 60/71 Loss: 0.006485
2026-05-20 14:13: **********Train Epoch 459: averaged Loss: 0.010454
2026-05-20 14:13: **********Val Epoch 459: average Loss: 0.018541
2026-05-20 14:13: Train Epoch 460: 0/71 Loss: 0.022355
2026-05-20 14:13: Train Epoch 460: 20/71 Loss: 0.002255
2026-05-20 14:13: Train Epoch 460: 40/71 Loss: 0.003884
2026-05-20 14:13: Train Epoch 460: 60/71 Loss: 0.023555
2026-05-20 14:13: **********Train Epoch 460: averaged Loss: 0.008654
2026-05-20 14:13: **********Val Epoch 460: average Loss: 0.026187
2026-05-20 14:13: Train Epoch 461: 0/71 Loss: 0.038660
2026-05-20 14:13: Train Epoch 461: 20/71 Loss: 0.003706
2026-05-20 14:13: Train Epoch 461: 40/71 Loss: 0.012734
2026-05-20 14:13: Train Epoch 461: 60/71 Loss: 0.006816
2026-05-20 14:13: **********Train Epoch 461: averaged Loss: 0.008902
2026-05-20 14:13: **********Val Epoch 461: average Loss: 0.025807
2026-05-20 14:13: Train Epoch 462: 0/71 Loss: 0.029301
2026-05-20 14:13: Train Epoch 462: 20/71 Loss: 0.002630
2026-05-20 14:13: Train Epoch 462: 40/71 Loss: 0.004348
2026-05-20 14:13: Train Epoch 462: 60/71 Loss: 0.022762
2026-05-20 14:13: **********Train Epoch 462: averaged Loss: 0.010551
2026-05-20 14:13: **********Val Epoch 462: average Loss: 0.021441
2026-05-20 14:13: Train Epoch 463: 0/71 Loss: 0.028192
2026-05-20 14:14: Train Epoch 463: 20/71 Loss: 0.001907
2026-05-20 14:14: Train Epoch 463: 40/71 Loss: 0.006747
2026-05-20 14:14: Train Epoch 463: 60/71 Loss: 0.017043
2026-05-20 14:14: **********Train Epoch 463: averaged Loss: 0.010633
2026-05-20 14:14: **********Val Epoch 463: average Loss: 0.027730
2026-05-20 14:14: Train Epoch 464: 0/71 Loss: 0.019430
2026-05-20 14:14: Train Epoch 464: 20/71 Loss: 0.002945
2026-05-20 14:14: Train Epoch 464: 40/71 Loss: 0.006099
2026-05-20 14:14: Train Epoch 464: 60/71 Loss: 0.025088
2026-05-20 14:14: **********Train Epoch 464: averaged Loss: 0.009941
2026-05-20 14:14: **********Val Epoch 464: average Loss: 0.026743
2026-05-20 14:14: Train Epoch 465: 0/71 Loss: 0.044647
2026-05-20 14:14: Train Epoch 465: 20/71 Loss: 0.001323
2026-05-20 14:14: Train Epoch 465: 40/71 Loss: 0.004812
2026-05-20 14:14: Train Epoch 465: 60/71 Loss: 0.005851
2026-05-20 14:14: **********Train Epoch 465: averaged Loss: 0.008442
2026-05-20 14:14: **********Val Epoch 465: average Loss: 0.024234
2026-05-20 14:14: Train Epoch 466: 0/71 Loss: 0.017563
2026-05-20 14:14: Train Epoch 466: 20/71 Loss: 0.003795
2026-05-20 14:14: Train Epoch 466: 40/71 Loss: 0.004706
2026-05-20 14:14: Train Epoch 466: 60/71 Loss: 0.005625
2026-05-20 14:14: **********Train Epoch 466: averaged Loss: 0.005540
2026-05-20 14:14: **********Val Epoch 466: average Loss: 0.027956
2026-05-20 14:14: Train Epoch 467: 0/71 Loss: 0.020659
2026-05-20 14:14: Train Epoch 467: 20/71 Loss: 0.001131
2026-05-20 14:14: Train Epoch 467: 40/71 Loss: 0.004692
2026-05-20 14:14: Train Epoch 467: 60/71 Loss: 0.021183
2026-05-20 14:14: **********Train Epoch 467: averaged Loss: 0.008689
2026-05-20 14:14: **********Val Epoch 467: average Loss: 0.040665
2026-05-20 14:14: Train Epoch 468: 0/71 Loss: 0.034296
2026-05-20 14:14: Train Epoch 468: 20/71 Loss: 0.001267
2026-05-20 14:14: Train Epoch 468: 40/71 Loss: 0.004859
2026-05-20 14:14: Train Epoch 468: 60/71 Loss: 0.006293
2026-05-20 14:14: **********Train Epoch 468: averaged Loss: 0.010051
2026-05-20 14:14: **********Val Epoch 468: average Loss: 0.021974
2026-05-20 14:14: Train Epoch 469: 0/71 Loss: 0.014426
2026-05-20 14:14: Train Epoch 469: 20/71 Loss: 0.003036
2026-05-20 14:14: Train Epoch 469: 40/71 Loss: 0.004139
2026-05-20 14:14: Train Epoch 469: 60/71 Loss: 0.016357
2026-05-20 14:14: **********Train Epoch 469: averaged Loss: 0.007184
2026-05-20 14:14: **********Val Epoch 469: average Loss: 0.041011
2026-05-20 14:14: Train Epoch 470: 0/71 Loss: 0.033498
2026-05-20 14:14: Train Epoch 470: 20/71 Loss: 0.001591
2026-05-20 14:14: Train Epoch 470: 40/71 Loss: 0.004727
2026-05-20 14:14: Train Epoch 470: 60/71 Loss: 0.005108
2026-05-20 14:14: **********Train Epoch 470: averaged Loss: 0.010506
2026-05-20 14:14: **********Val Epoch 470: average Loss: 0.018810
2026-05-20 14:14: Train Epoch 471: 0/71 Loss: 0.014406
2026-05-20 14:14: Train Epoch 471: 20/71 Loss: 0.002775
2026-05-20 14:14: Train Epoch 471: 40/71 Loss: 0.007144
2026-05-20 14:14: Train Epoch 471: 60/71 Loss: 0.016066
2026-05-20 14:14: **********Train Epoch 471: averaged Loss: 0.007209
2026-05-20 14:14: **********Val Epoch 471: average Loss: 0.045767
2026-05-20 14:14: Train Epoch 472: 0/71 Loss: 0.029444
2026-05-20 14:14: Train Epoch 472: 20/71 Loss: 0.002482
2026-05-20 14:14: Train Epoch 472: 40/71 Loss: 0.004436
2026-05-20 14:14: Train Epoch 472: 60/71 Loss: 0.008902
2026-05-20 14:14: **********Train Epoch 472: averaged Loss: 0.010732
2026-05-20 14:14: **********Val Epoch 472: average Loss: 0.032374
2026-05-20 14:14: Train Epoch 473: 0/71 Loss: 0.015991
2026-05-20 14:14: Train Epoch 473: 20/71 Loss: 0.001137
2026-05-20 14:14: Train Epoch 473: 40/71 Loss: 0.003727
2026-05-20 14:14: Train Epoch 473: 60/71 Loss: 0.024231
2026-05-20 14:14: **********Train Epoch 473: averaged Loss: 0.009384
2026-05-20 14:14: **********Val Epoch 473: average Loss: 0.033802
2026-05-20 14:14: Train Epoch 474: 0/71 Loss: 0.043417
2026-05-20 14:14: Train Epoch 474: 20/71 Loss: 0.001851
2026-05-20 14:14: Train Epoch 474: 40/71 Loss: 0.017544
2026-05-20 14:14: Train Epoch 474: 60/71 Loss: 0.006036
2026-05-20 14:14: **********Train Epoch 474: averaged Loss: 0.009960
2026-05-20 14:14: **********Val Epoch 474: average Loss: 0.029228
2026-05-20 14:14: Train Epoch 475: 0/71 Loss: 0.026393
2026-05-20 14:14: Train Epoch 475: 20/71 Loss: 0.001841
2026-05-20 14:14: Train Epoch 475: 40/71 Loss: 0.004155
2026-05-20 14:14: Train Epoch 475: 60/71 Loss: 0.015379
2026-05-20 14:14: **********Train Epoch 475: averaged Loss: 0.008660
2026-05-20 14:14: **********Val Epoch 475: average Loss: 0.031707
2026-05-20 14:14: Train Epoch 476: 0/71 Loss: 0.015678
2026-05-20 14:14: Train Epoch 476: 20/71 Loss: 0.002196
2026-05-20 14:14: Train Epoch 476: 40/71 Loss: 0.004148
2026-05-20 14:14: Train Epoch 476: 60/71 Loss: 0.024597
2026-05-20 14:14: **********Train Epoch 476: averaged Loss: 0.009527
2026-05-20 14:14: **********Val Epoch 476: average Loss: 0.033350
2026-05-20 14:14: Train Epoch 477: 0/71 Loss: 0.034923
2026-05-20 14:14: Train Epoch 477: 20/71 Loss: 0.002576
2026-05-20 14:14: Train Epoch 477: 40/71 Loss: 0.006825
2026-05-20 14:14: Train Epoch 477: 60/71 Loss: 0.007411
2026-05-20 14:14: **********Train Epoch 477: averaged Loss: 0.009392
2026-05-20 14:14: **********Val Epoch 477: average Loss: 0.031473
2026-05-20 14:14: Train Epoch 478: 0/71 Loss: 0.024350
2026-05-20 14:14: Train Epoch 478: 20/71 Loss: 0.001166
2026-05-20 14:14: Train Epoch 478: 40/71 Loss: 0.003866
2026-05-20 14:14: Train Epoch 478: 60/71 Loss: 0.024397
2026-05-20 14:14: **********Train Epoch 478: averaged Loss: 0.009323
2026-05-20 14:14: **********Val Epoch 478: average Loss: 0.028153
2026-05-20 14:14: Train Epoch 479: 0/71 Loss: 0.035638
2026-05-20 14:14: Train Epoch 479: 20/71 Loss: 0.001243
2026-05-20 14:14: Train Epoch 479: 40/71 Loss: 0.004858
2026-05-20 14:14: Train Epoch 479: 60/71 Loss: 0.008623
2026-05-20 14:14: **********Train Epoch 479: averaged Loss: 0.010440
2026-05-20 14:14: **********Val Epoch 479: average Loss: 0.024689
2026-05-20 14:14: Train Epoch 480: 0/71 Loss: 0.020703
2026-05-20 14:14: Train Epoch 480: 20/71 Loss: 0.001633
2026-05-20 14:14: Train Epoch 480: 40/71 Loss: 0.003866
2026-05-20 14:14: Train Epoch 480: 60/71 Loss: 0.019046
2026-05-20 14:14: **********Train Epoch 480: averaged Loss: 0.008368
2026-05-20 14:14: **********Val Epoch 480: average Loss: 0.033973
2026-05-20 14:14: Train Epoch 481: 0/71 Loss: 0.032233
2026-05-20 14:14: Train Epoch 481: 20/71 Loss: 0.008205
2026-05-20 14:15: Train Epoch 481: 40/71 Loss: 0.005888
2026-05-20 14:15: Train Epoch 481: 60/71 Loss: 0.013288
2026-05-20 14:15: **********Train Epoch 481: averaged Loss: 0.012388
2026-05-20 14:15: **********Val Epoch 481: average Loss: 0.019612
2026-05-20 14:15: Train Epoch 482: 0/71 Loss: 0.020227
2026-05-20 14:15: Train Epoch 482: 20/71 Loss: 0.002647
2026-05-20 14:15: Train Epoch 482: 40/71 Loss: 0.004452
2026-05-20 14:15: Train Epoch 482: 60/71 Loss: 0.028941
2026-05-20 14:15: **********Train Epoch 482: averaged Loss: 0.011028
2026-05-20 14:15: **********Val Epoch 482: average Loss: 0.018542
2026-05-20 14:15: Train Epoch 483: 0/71 Loss: 0.037180
2026-05-20 14:15: Train Epoch 483: 20/71 Loss: 0.001287
2026-05-20 14:15: Train Epoch 483: 40/71 Loss: 0.006335
2026-05-20 14:15: Train Epoch 483: 60/71 Loss: 0.006822
2026-05-20 14:15: **********Train Epoch 483: averaged Loss: 0.008439
2026-05-20 14:15: **********Val Epoch 483: average Loss: 0.036672
2026-05-20 14:15: Train Epoch 484: 0/71 Loss: 0.036229
2026-05-20 14:15: Train Epoch 484: 20/71 Loss: 0.002145
2026-05-20 14:15: Train Epoch 484: 40/71 Loss: 0.006480
2026-05-20 14:15: Train Epoch 484: 60/71 Loss: 0.017318
2026-05-20 14:15: **********Train Epoch 484: averaged Loss: 0.010965
2026-05-20 14:15: **********Val Epoch 484: average Loss: 0.022503
2026-05-20 14:15: Train Epoch 485: 0/71 Loss: 0.022139
2026-05-20 14:15: Train Epoch 485: 20/71 Loss: 0.006449
2026-05-20 14:15: Train Epoch 485: 40/71 Loss: 0.011570
2026-05-20 14:15: Train Epoch 485: 60/71 Loss: 0.023002
2026-05-20 14:15: **********Train Epoch 485: averaged Loss: 0.011307
2026-05-20 14:15: **********Val Epoch 485: average Loss: 0.029100
2026-05-20 14:15: Train Epoch 486: 0/71 Loss: 0.021227
2026-05-20 14:15: Train Epoch 486: 20/71 Loss: 0.005349
2026-05-20 14:15: Train Epoch 486: 40/71 Loss: 0.014592
2026-05-20 14:15: Train Epoch 486: 60/71 Loss: 0.014052
2026-05-20 14:15: **********Train Epoch 486: averaged Loss: 0.010319
2026-05-20 14:15: **********Val Epoch 486: average Loss: 0.032401
2026-05-20 14:15: Train Epoch 487: 0/71 Loss: 0.019686
2026-05-20 14:15: Train Epoch 487: 20/71 Loss: 0.002366
2026-05-20 14:15: Train Epoch 487: 40/71 Loss: 0.005448
2026-05-20 14:15: Train Epoch 487: 60/71 Loss: 0.008497
2026-05-20 14:15: **********Train Epoch 487: averaged Loss: 0.008160
2026-05-20 14:15: **********Val Epoch 487: average Loss: 0.043575
2026-05-20 14:15: Train Epoch 488: 0/71 Loss: 0.027531
2026-05-20 14:15: Train Epoch 488: 20/71 Loss: 0.001245
2026-05-20 14:15: Train Epoch 488: 40/71 Loss: 0.006171
2026-05-20 14:15: Train Epoch 488: 60/71 Loss: 0.010445
2026-05-20 14:15: **********Train Epoch 488: averaged Loss: 0.008930
2026-05-20 14:15: **********Val Epoch 488: average Loss: 0.022273
2026-05-20 14:15: Train Epoch 489: 0/71 Loss: 0.019451
2026-05-20 14:15: Train Epoch 489: 20/71 Loss: 0.001978
2026-05-20 14:15: Train Epoch 489: 40/71 Loss: 0.004239
2026-05-20 14:15: Train Epoch 489: 60/71 Loss: 0.021484
2026-05-20 14:15: **********Train Epoch 489: averaged Loss: 0.009921
2026-05-20 14:15: **********Val Epoch 489: average Loss: 0.030342
2026-05-20 14:15: Train Epoch 490: 0/71 Loss: 0.036269
2026-05-20 14:15: Train Epoch 490: 20/71 Loss: 0.001258
2026-05-20 14:15: Train Epoch 490: 40/71 Loss: 0.007030
2026-05-20 14:15: Train Epoch 490: 60/71 Loss: 0.005479
2026-05-20 14:15: **********Train Epoch 490: averaged Loss: 0.008119
2026-05-20 14:15: **********Val Epoch 490: average Loss: 0.029620
2026-05-20 14:15: Train Epoch 491: 0/71 Loss: 0.021117
2026-05-20 14:15: Train Epoch 491: 20/71 Loss: 0.001803
2026-05-20 14:15: Train Epoch 491: 40/71 Loss: 0.004777
2026-05-20 14:15: Train Epoch 491: 60/71 Loss: 0.018961
2026-05-20 14:15: **********Train Epoch 491: averaged Loss: 0.008468
2026-05-20 14:15: **********Val Epoch 491: average Loss: 0.031196
2026-05-20 14:15: Train Epoch 492: 0/71 Loss: 0.022238
2026-05-20 14:15: Train Epoch 492: 20/71 Loss: 0.001350
2026-05-20 14:15: Train Epoch 492: 40/71 Loss: 0.007025
2026-05-20 14:15: Train Epoch 492: 60/71 Loss: 0.008155
2026-05-20 14:15: **********Train Epoch 492: averaged Loss: 0.009121
2026-05-20 14:15: **********Val Epoch 492: average Loss: 0.019123
2026-05-20 14:15: Train Epoch 493: 0/71 Loss: 0.017587
2026-05-20 14:15: Train Epoch 493: 20/71 Loss: 0.001652
2026-05-20 14:15: Train Epoch 493: 40/71 Loss: 0.004074
2026-05-20 14:15: Train Epoch 493: 60/71 Loss: 0.015397
2026-05-20 14:15: **********Train Epoch 493: averaged Loss: 0.007495
2026-05-20 14:15: **********Val Epoch 493: average Loss: 0.035111
2026-05-20 14:15: Train Epoch 494: 0/71 Loss: 0.036191
2026-05-20 14:15: Train Epoch 494: 20/71 Loss: 0.002124
2026-05-20 14:15: Train Epoch 494: 40/71 Loss: 0.004463
2026-05-20 14:15: Train Epoch 494: 60/71 Loss: 0.005130
2026-05-20 14:15: **********Train Epoch 494: averaged Loss: 0.009313
2026-05-20 14:15: **********Val Epoch 494: average Loss: 0.013060
2026-05-20 14:15: *********************************Current best model saved!
2026-05-20 14:15: Train Epoch 495: 0/71 Loss: 0.019303
2026-05-20 14:15: Train Epoch 495: 20/71 Loss: 0.006699
2026-05-20 14:15: Train Epoch 495: 40/71 Loss: 0.005037
2026-05-20 14:15: Train Epoch 495: 60/71 Loss: 0.012361
2026-05-20 14:15: **********Train Epoch 495: averaged Loss: 0.007034
2026-05-20 14:15: **********Val Epoch 495: average Loss: 0.029742
2026-05-20 14:15: Train Epoch 496: 0/71 Loss: 0.025183
2026-05-20 14:15: Train Epoch 496: 20/71 Loss: 0.003818
2026-05-20 14:15: Train Epoch 496: 40/71 Loss: 0.006217
2026-05-20 14:15: Train Epoch 496: 60/71 Loss: 0.007589
2026-05-20 14:15: **********Train Epoch 496: averaged Loss: 0.009709
2026-05-20 14:15: **********Val Epoch 496: average Loss: 0.024090
2026-05-20 14:15: Train Epoch 497: 0/71 Loss: 0.016868
2026-05-20 14:15: Train Epoch 497: 20/71 Loss: 0.001359
2026-05-20 14:15: Train Epoch 497: 40/71 Loss: 0.003988
2026-05-20 14:15: Train Epoch 497: 60/71 Loss: 0.017116
2026-05-20 14:15: **********Train Epoch 497: averaged Loss: 0.007547
2026-05-20 14:15: **********Val Epoch 497: average Loss: 0.043699
2026-05-20 14:15: Train Epoch 498: 0/71 Loss: 0.033107
2026-05-20 14:15: Train Epoch 498: 20/71 Loss: 0.001974
2026-05-20 14:15: Train Epoch 498: 40/71 Loss: 0.005102
2026-05-20 14:15: Train Epoch 498: 60/71 Loss: 0.005290
2026-05-20 14:15: **********Train Epoch 498: averaged Loss: 0.010303
2026-05-20 14:15: **********Val Epoch 498: average Loss: 0.017258
2026-05-20 14:15: Train Epoch 499: 0/71 Loss: 0.021241
2026-05-20 14:15: Train Epoch 499: 20/71 Loss: 0.001651
2026-05-20 14:15: Train Epoch 499: 40/71 Loss: 0.005361
2026-05-20 14:15: Train Epoch 499: 60/71 Loss: 0.027579
2026-05-20 14:15: **********Train Epoch 499: averaged Loss: 0.009743
2026-05-20 14:15: **********Val Epoch 499: average Loss: 0.022591
2026-05-20 14:15: Train Epoch 500: 0/71 Loss: 0.037870
2026-05-20 14:15: Train Epoch 500: 20/71 Loss: 0.001422
2026-05-20 14:15: Train Epoch 500: 40/71 Loss: 0.004064
2026-05-20 14:15: Train Epoch 500: 60/71 Loss: 0.005752
2026-05-20 14:15: **********Train Epoch 500: averaged Loss: 0.007882
2026-05-20 14:15: **********Val Epoch 500: average Loss: 0.021962
2026-05-20 14:15: Train Epoch 501: 0/71 Loss: 0.027369
2026-05-20 14:16: Train Epoch 501: 20/71 Loss: 0.001167
2026-05-20 14:16: Train Epoch 501: 40/71 Loss: 0.004814
2026-05-20 14:16: Train Epoch 501: 60/71 Loss: 0.017863
2026-05-20 14:16: **********Train Epoch 501: averaged Loss: 0.008524
2026-05-20 14:16: **********Val Epoch 501: average Loss: 0.034183
2026-05-20 14:16: Train Epoch 502: 0/71 Loss: 0.036638
2026-05-20 14:16: Train Epoch 502: 20/71 Loss: 0.001290
2026-05-20 14:16: Train Epoch 502: 40/71 Loss: 0.005177
2026-05-20 14:16: Train Epoch 502: 60/71 Loss: 0.005361
2026-05-20 14:16: **********Train Epoch 502: averaged Loss: 0.009426
2026-05-20 14:16: **********Val Epoch 502: average Loss: 0.011061
2026-05-20 14:16: *********************************Current best model saved!
2026-05-20 14:16: Train Epoch 503: 0/71 Loss: 0.018458
2026-05-20 14:16: Train Epoch 503: 20/71 Loss: 0.006533
2026-05-20 14:16: Train Epoch 503: 40/71 Loss: 0.004244
2026-05-20 14:16: Train Epoch 503: 60/71 Loss: 0.008819
2026-05-20 14:16: **********Train Epoch 503: averaged Loss: 0.007080
2026-05-20 14:16: **********Val Epoch 503: average Loss: 0.018977
2026-05-20 14:16: Train Epoch 504: 0/71 Loss: 0.015887
2026-05-20 14:16: Train Epoch 504: 20/71 Loss: 0.003794
2026-05-20 14:16: Train Epoch 504: 40/71 Loss: 0.003976
2026-05-20 14:16: Train Epoch 504: 60/71 Loss: 0.017649
2026-05-20 14:16: **********Train Epoch 504: averaged Loss: 0.007518
2026-05-20 14:16: **********Val Epoch 504: average Loss: 0.032906
2026-05-20 14:16: Train Epoch 505: 0/71 Loss: 0.036329
2026-05-20 14:16: Train Epoch 505: 20/71 Loss: 0.002137
2026-05-20 14:16: Train Epoch 505: 40/71 Loss: 0.005258
2026-05-20 14:16: Train Epoch 505: 60/71 Loss: 0.006323
2026-05-20 14:16: **********Train Epoch 505: averaged Loss: 0.008652
2026-05-20 14:16: **********Val Epoch 505: average Loss: 0.016529
2026-05-20 14:16: Train Epoch 506: 0/71 Loss: 0.016014
2026-05-20 14:16: Train Epoch 506: 20/71 Loss: 0.008068
2026-05-20 14:16: Train Epoch 506: 40/71 Loss: 0.004923
2026-05-20 14:16: Train Epoch 506: 60/71 Loss: 0.005151
2026-05-20 14:16: **********Train Epoch 506: averaged Loss: 0.007320
2026-05-20 14:16: **********Val Epoch 506: average Loss: 0.019725
2026-05-20 14:16: Train Epoch 507: 0/71 Loss: 0.011068
2026-05-20 14:16: Train Epoch 507: 20/71 Loss: 0.004343
2026-05-20 14:16: Train Epoch 507: 40/71 Loss: 0.007435
2026-05-20 14:16: Train Epoch 507: 60/71 Loss: 0.008199
2026-05-20 14:16: **********Train Epoch 507: averaged Loss: 0.006517
2026-05-20 14:16: **********Val Epoch 507: average Loss: 0.034453
2026-05-20 14:16: Train Epoch 508: 0/71 Loss: 0.021707
2026-05-20 14:16: Train Epoch 508: 20/71 Loss: 0.001457
2026-05-20 14:16: Train Epoch 508: 40/71 Loss: 0.003740
2026-05-20 14:16: Train Epoch 508: 60/71 Loss: 0.028263
2026-05-20 14:16: **********Train Epoch 508: averaged Loss: 0.009769
2026-05-20 14:16: **********Val Epoch 508: average Loss: 0.021645
2026-05-20 14:16: Train Epoch 509: 0/71 Loss: 0.041053
2026-05-20 14:16: Train Epoch 509: 20/71 Loss: 0.006328
2026-05-20 14:16: Train Epoch 509: 40/71 Loss: 0.004381
2026-05-20 14:16: Train Epoch 509: 60/71 Loss: 0.005745
2026-05-20 14:16: **********Train Epoch 509: averaged Loss: 0.008420
2026-05-20 14:16: **********Val Epoch 509: average Loss: 0.022343
2026-05-20 14:16: Train Epoch 510: 0/71 Loss: 0.023073
2026-05-20 14:16: Train Epoch 510: 20/71 Loss: 0.002059
2026-05-20 14:16: Train Epoch 510: 40/71 Loss: 0.004735
2026-05-20 14:16: Train Epoch 510: 60/71 Loss: 0.012214
2026-05-20 14:16: **********Train Epoch 510: averaged Loss: 0.007937
2026-05-20 14:16: **********Val Epoch 510: average Loss: 0.036783
2026-05-20 14:16: Train Epoch 511: 0/71 Loss: 0.017197
2026-05-20 14:16: Train Epoch 511: 20/71 Loss: 0.001344
2026-05-20 14:16: Train Epoch 511: 40/71 Loss: 0.003958
2026-05-20 14:16: Train Epoch 511: 60/71 Loss: 0.011773
2026-05-20 14:16: **********Train Epoch 511: averaged Loss: 0.007981
2026-05-20 14:16: **********Val Epoch 511: average Loss: 0.029068
2026-05-20 14:16: Train Epoch 512: 0/71 Loss: 0.021038
2026-05-20 14:16: Train Epoch 512: 20/71 Loss: 0.002016
2026-05-20 14:16: Train Epoch 512: 40/71 Loss: 0.011281
2026-05-20 14:16: Train Epoch 512: 60/71 Loss: 0.016959
2026-05-20 14:16: **********Train Epoch 512: averaged Loss: 0.010351
2026-05-20 14:16: **********Val Epoch 512: average Loss: 0.033255
2026-05-20 14:16: Train Epoch 513: 0/71 Loss: 0.023480
2026-05-20 14:16: Train Epoch 513: 20/71 Loss: 0.007918
2026-05-20 14:16: Train Epoch 513: 40/71 Loss: 0.005800
2026-05-20 14:16: Train Epoch 513: 60/71 Loss: 0.009348
2026-05-20 14:16: **********Train Epoch 513: averaged Loss: 0.009845
2026-05-20 14:16: **********Val Epoch 513: average Loss: 0.025492
2026-05-20 14:16: Train Epoch 514: 0/71 Loss: 0.019214
2026-05-20 14:16: Train Epoch 514: 20/71 Loss: 0.002888
2026-05-20 14:16: Train Epoch 514: 40/71 Loss: 0.003651
2026-05-20 14:16: Train Epoch 514: 60/71 Loss: 0.016111
2026-05-20 14:16: **********Train Epoch 514: averaged Loss: 0.007812
2026-05-20 14:16: **********Val Epoch 514: average Loss: 0.038670
2026-05-20 14:16: Train Epoch 515: 0/71 Loss: 0.041731
2026-05-20 14:16: Train Epoch 515: 20/71 Loss: 0.001200
2026-05-20 14:16: Train Epoch 515: 40/71 Loss: 0.008884
2026-05-20 14:16: Train Epoch 515: 60/71 Loss: 0.005463
2026-05-20 14:16: **********Train Epoch 515: averaged Loss: 0.009661
2026-05-20 14:16: **********Val Epoch 515: average Loss: 0.014127
2026-05-20 14:16: Train Epoch 516: 0/71 Loss: 0.022697
2026-05-20 14:16: Train Epoch 516: 20/71 Loss: 0.003601
2026-05-20 14:16: Train Epoch 516: 40/71 Loss: 0.003927
2026-05-20 14:16: Train Epoch 516: 60/71 Loss: 0.016658
2026-05-20 14:16: **********Train Epoch 516: averaged Loss: 0.008067
2026-05-20 14:16: **********Val Epoch 516: average Loss: 0.027568
2026-05-20 14:16: Train Epoch 517: 0/71 Loss: 0.018870
2026-05-20 14:16: Train Epoch 517: 20/71 Loss: 0.008083
2026-05-20 14:16: Train Epoch 517: 40/71 Loss: 0.007190
2026-05-20 14:16: Train Epoch 517: 60/71 Loss: 0.009905
2026-05-20 14:16: **********Train Epoch 517: averaged Loss: 0.010259
2026-05-20 14:16: **********Val Epoch 517: average Loss: 0.018700
2026-05-20 14:16: Train Epoch 518: 0/71 Loss: 0.020770
2026-05-20 14:16: Train Epoch 518: 20/71 Loss: 0.001232
2026-05-20 14:16: Train Epoch 518: 40/71 Loss: 0.004073
2026-05-20 14:16: Train Epoch 518: 60/71 Loss: 0.020880
2026-05-20 14:16: **********Train Epoch 518: averaged Loss: 0.008805
2026-05-20 14:16: **********Val Epoch 518: average Loss: 0.026641
2026-05-20 14:16: Train Epoch 519: 0/71 Loss: 0.045891
2026-05-20 14:16: Train Epoch 519: 20/71 Loss: 0.002269
2026-05-20 14:17: Train Epoch 519: 40/71 Loss: 0.012547
2026-05-20 14:17: Train Epoch 519: 60/71 Loss: 0.005808
2026-05-20 14:17: **********Train Epoch 519: averaged Loss: 0.010003
2026-05-20 14:17: **********Val Epoch 519: average Loss: 0.021428
2026-05-20 14:17: Train Epoch 520: 0/71 Loss: 0.025636
2026-05-20 14:17: Train Epoch 520: 20/71 Loss: 0.002544
2026-05-20 14:17: Train Epoch 520: 40/71 Loss: 0.005496
2026-05-20 14:17: Train Epoch 520: 60/71 Loss: 0.025659
2026-05-20 14:17: **********Train Epoch 520: averaged Loss: 0.009415
2026-05-20 14:17: **********Val Epoch 520: average Loss: 0.019608
2026-05-20 14:17: Train Epoch 521: 0/71 Loss: 0.033049
2026-05-20 14:17: Train Epoch 521: 20/71 Loss: 0.001321
2026-05-20 14:17: Train Epoch 521: 40/71 Loss: 0.004859
2026-05-20 14:17: Train Epoch 521: 60/71 Loss: 0.005343
2026-05-20 14:17: **********Train Epoch 521: averaged Loss: 0.008641
2026-05-20 14:17: **********Val Epoch 521: average Loss: 0.024755
2026-05-20 14:17: Train Epoch 522: 0/71 Loss: 0.018666
2026-05-20 14:17: Train Epoch 522: 20/71 Loss: 0.002697
2026-05-20 14:17: Train Epoch 522: 40/71 Loss: 0.006966
2026-05-20 14:17: Train Epoch 522: 60/71 Loss: 0.019847
2026-05-20 14:17: **********Train Epoch 522: averaged Loss: 0.008587
2026-05-20 14:17: **********Val Epoch 522: average Loss: 0.023534
2026-05-20 14:17: Train Epoch 523: 0/71 Loss: 0.024559
2026-05-20 14:17: Train Epoch 523: 20/71 Loss: 0.002659
2026-05-20 14:17: Train Epoch 523: 40/71 Loss: 0.004571
2026-05-20 14:17: Train Epoch 523: 60/71 Loss: 0.006762
2026-05-20 14:17: **********Train Epoch 523: averaged Loss: 0.008487
2026-05-20 14:17: **********Val Epoch 523: average Loss: 0.029543
2026-05-20 14:17: Train Epoch 524: 0/71 Loss: 0.023181
2026-05-20 14:17: Train Epoch 524: 20/71 Loss: 0.001144
2026-05-20 14:17: Train Epoch 524: 40/71 Loss: 0.007184
2026-05-20 14:17: Train Epoch 524: 60/71 Loss: 0.018512
2026-05-20 14:17: **********Train Epoch 524: averaged Loss: 0.008553
2026-05-20 14:17: **********Val Epoch 524: average Loss: 0.025181
2026-05-20 14:17: Train Epoch 525: 0/71 Loss: 0.027855
2026-05-20 14:17: Train Epoch 525: 20/71 Loss: 0.004683
2026-05-20 14:17: Train Epoch 525: 40/71 Loss: 0.006742
2026-05-20 14:17: Train Epoch 525: 60/71 Loss: 0.005214
2026-05-20 14:17: **********Train Epoch 525: averaged Loss: 0.010213
2026-05-20 14:17: **********Val Epoch 525: average Loss: 0.013657
2026-05-20 14:17: Train Epoch 526: 0/71 Loss: 0.011514
2026-05-20 14:17: Train Epoch 526: 20/71 Loss: 0.004724
2026-05-20 14:17: Train Epoch 526: 40/71 Loss: 0.007361
2026-05-20 14:17: Train Epoch 526: 60/71 Loss: 0.006205
2026-05-20 14:17: **********Train Epoch 526: averaged Loss: 0.006058
2026-05-20 14:17: **********Val Epoch 526: average Loss: 0.024471
2026-05-20 14:17: Train Epoch 527: 0/71 Loss: 0.022769
2026-05-20 14:17: Train Epoch 527: 20/71 Loss: 0.001215
2026-05-20 14:17: Train Epoch 527: 40/71 Loss: 0.004488
2026-05-20 14:17: Train Epoch 527: 60/71 Loss: 0.025948
2026-05-20 14:17: **********Train Epoch 527: averaged Loss: 0.009871
2026-05-20 14:17: **********Val Epoch 527: average Loss: 0.021889
2026-05-20 14:17: Train Epoch 528: 0/71 Loss: 0.040357
2026-05-20 14:17: Train Epoch 528: 20/71 Loss: 0.001426
2026-05-20 14:17: Train Epoch 528: 40/71 Loss: 0.010905
2026-05-20 14:17: Train Epoch 528: 60/71 Loss: 0.005015
2026-05-20 14:17: **********Train Epoch 528: averaged Loss: 0.008593
2026-05-20 14:17: **********Val Epoch 528: average Loss: 0.015068
2026-05-20 14:17: Train Epoch 529: 0/71 Loss: 0.017583
2026-05-20 14:17: Train Epoch 529: 20/71 Loss: 0.008182
2026-05-20 14:17: Train Epoch 529: 40/71 Loss: 0.004033
2026-05-20 14:17: Train Epoch 529: 60/71 Loss: 0.014183
2026-05-20 14:17: **********Train Epoch 529: averaged Loss: 0.008412
2026-05-20 14:17: **********Val Epoch 529: average Loss: 0.029012
2026-05-20 14:17: Train Epoch 530: 0/71 Loss: 0.008006
2026-05-20 14:17: Train Epoch 530: 20/71 Loss: 0.001284
2026-05-20 14:17: Train Epoch 530: 40/71 Loss: 0.006647
2026-05-20 14:17: Train Epoch 530: 60/71 Loss: 0.022403
2026-05-20 14:17: **********Train Epoch 530: averaged Loss: 0.009416
2026-05-20 14:17: **********Val Epoch 530: average Loss: 0.025059
2026-05-20 14:17: Train Epoch 531: 0/71 Loss: 0.032759
2026-05-20 14:17: Train Epoch 531: 20/71 Loss: 0.001178
2026-05-20 14:17: Train Epoch 531: 40/71 Loss: 0.004817
2026-05-20 14:17: Train Epoch 531: 60/71 Loss: 0.006731
2026-05-20 14:17: **********Train Epoch 531: averaged Loss: 0.008536
2026-05-20 14:17: **********Val Epoch 531: average Loss: 0.028487
2026-05-20 14:17: Train Epoch 532: 0/71 Loss: 0.025604
2026-05-20 14:17: Train Epoch 532: 20/71 Loss: 0.002800
2026-05-20 14:17: Train Epoch 532: 40/71 Loss: 0.005252
2026-05-20 14:17: Train Epoch 532: 60/71 Loss: 0.019923
2026-05-20 14:17: **********Train Epoch 532: averaged Loss: 0.008756
2026-05-20 14:17: **********Val Epoch 532: average Loss: 0.026837
2026-05-20 14:17: Train Epoch 533: 0/71 Loss: 0.021463
2026-05-20 14:17: Train Epoch 533: 20/71 Loss: 0.001478
2026-05-20 14:17: Train Epoch 533: 40/71 Loss: 0.005846
2026-05-20 14:17: Train Epoch 533: 60/71 Loss: 0.009329
2026-05-20 14:17: **********Train Epoch 533: averaged Loss: 0.008225
2026-05-20 14:17: **********Val Epoch 533: average Loss: 0.042683
2026-05-20 14:17: Train Epoch 534: 0/71 Loss: 0.038503
2026-05-20 14:17: Train Epoch 534: 20/71 Loss: 0.003180
2026-05-20 14:17: Train Epoch 534: 40/71 Loss: 0.006070
2026-05-20 14:17: Train Epoch 534: 60/71 Loss: 0.005911
2026-05-20 14:17: **********Train Epoch 534: averaged Loss: 0.008638
2026-05-20 14:17: **********Val Epoch 534: average Loss: 0.011588
2026-05-20 14:17: Train Epoch 535: 0/71 Loss: 0.023239
2026-05-20 14:17: Train Epoch 535: 20/71 Loss: 0.004626
2026-05-20 14:17: Train Epoch 535: 40/71 Loss: 0.004012
2026-05-20 14:17: Train Epoch 535: 60/71 Loss: 0.017251
2026-05-20 14:17: **********Train Epoch 535: averaged Loss: 0.008554
2026-05-20 14:17: **********Val Epoch 535: average Loss: 0.017796
2026-05-20 14:17: Train Epoch 536: 0/71 Loss: 0.007742
2026-05-20 14:17: Train Epoch 536: 20/71 Loss: 0.001469
2026-05-20 14:17: Train Epoch 536: 40/71 Loss: 0.009886
2026-05-20 14:17: Train Epoch 536: 60/71 Loss: 0.011658
2026-05-20 14:17: **********Train Epoch 536: averaged Loss: 0.008169
2026-05-20 14:17: **********Val Epoch 536: average Loss: 0.012463
2026-05-20 14:17: Train Epoch 537: 0/71 Loss: 0.021514
2026-05-20 14:17: Train Epoch 537: 20/71 Loss: 0.001412
2026-05-20 14:18: Train Epoch 537: 40/71 Loss: 0.012055
2026-05-20 14:18: Train Epoch 537: 60/71 Loss: 0.023588
2026-05-20 14:18: **********Train Epoch 537: averaged Loss: 0.011066
2026-05-20 14:18: **********Val Epoch 537: average Loss: 0.011202
2026-05-20 14:18: Train Epoch 538: 0/71 Loss: 0.022293
2026-05-20 14:18: Train Epoch 538: 20/71 Loss: 0.001289
2026-05-20 14:18: Train Epoch 538: 40/71 Loss: 0.007436
2026-05-20 14:18: Train Epoch 538: 60/71 Loss: 0.015428
2026-05-20 14:18: **********Train Epoch 538: averaged Loss: 0.009547
2026-05-20 14:18: **********Val Epoch 538: average Loss: 0.028579
2026-05-20 14:18: Train Epoch 539: 0/71 Loss: 0.021284
2026-05-20 14:18: Train Epoch 539: 20/71 Loss: 0.001651
2026-05-20 14:18: Train Epoch 539: 40/71 Loss: 0.007440
2026-05-20 14:18: Train Epoch 539: 60/71 Loss: 0.016590
2026-05-20 14:18: **********Train Epoch 539: averaged Loss: 0.009347
2026-05-20 14:18: **********Val Epoch 539: average Loss: 0.025509
2026-05-20 14:18: Train Epoch 540: 0/71 Loss: 0.020446
2026-05-20 14:18: Train Epoch 540: 20/71 Loss: 0.001519
2026-05-20 14:18: Train Epoch 540: 40/71 Loss: 0.006622
2026-05-20 14:18: Train Epoch 540: 60/71 Loss: 0.017332
2026-05-20 14:18: **********Train Epoch 540: averaged Loss: 0.009070
2026-05-20 14:18: **********Val Epoch 540: average Loss: 0.029373
2026-05-20 14:18: Train Epoch 541: 0/71 Loss: 0.024566
2026-05-20 14:18: Train Epoch 541: 20/71 Loss: 0.005603
2026-05-20 14:18: Train Epoch 541: 40/71 Loss: 0.007091
2026-05-20 14:18: Train Epoch 541: 60/71 Loss: 0.008810
2026-05-20 14:18: **********Train Epoch 541: averaged Loss: 0.009530
2026-05-20 14:18: **********Val Epoch 541: average Loss: 0.018903
2026-05-20 14:18: Train Epoch 542: 0/71 Loss: 0.015180
2026-05-20 14:18: Train Epoch 542: 20/71 Loss: 0.001486
2026-05-20 14:18: Train Epoch 542: 40/71 Loss: 0.006711
2026-05-20 14:18: Train Epoch 542: 60/71 Loss: 0.015562
2026-05-20 14:18: **********Train Epoch 542: averaged Loss: 0.007437
2026-05-20 14:18: **********Val Epoch 542: average Loss: 0.035975
2026-05-20 14:18: Train Epoch 543: 0/71 Loss: 0.033062
2026-05-20 14:18: Train Epoch 543: 20/71 Loss: 0.001850
2026-05-20 14:18: Train Epoch 543: 40/71 Loss: 0.006264
2026-05-20 14:18: Train Epoch 543: 60/71 Loss: 0.005087
2026-05-20 14:18: **********Train Epoch 543: averaged Loss: 0.008401
2026-05-20 14:18: **********Val Epoch 543: average Loss: 0.014420
2026-05-20 14:18: Train Epoch 544: 0/71 Loss: 0.017687
2026-05-20 14:18: Train Epoch 544: 20/71 Loss: 0.002268
2026-05-20 14:18: Train Epoch 544: 40/71 Loss: 0.005729
2026-05-20 14:18: Train Epoch 544: 60/71 Loss: 0.014368
2026-05-20 14:18: **********Train Epoch 544: averaged Loss: 0.007066
2026-05-20 14:18: **********Val Epoch 544: average Loss: 0.029123
2026-05-20 14:18: Train Epoch 545: 0/71 Loss: 0.029879
2026-05-20 14:18: Train Epoch 545: 20/71 Loss: 0.002327
2026-05-20 14:18: Train Epoch 545: 40/71 Loss: 0.004323
2026-05-20 14:18: Train Epoch 545: 60/71 Loss: 0.005268
2026-05-20 14:18: **********Train Epoch 545: averaged Loss: 0.007789
2026-05-20 14:18: **********Val Epoch 545: average Loss: 0.013246
2026-05-20 14:18: Train Epoch 546: 0/71 Loss: 0.020037
2026-05-20 14:18: Train Epoch 546: 20/71 Loss: 0.005011
2026-05-20 14:18: Train Epoch 546: 40/71 Loss: 0.009832
2026-05-20 14:18: Train Epoch 546: 60/71 Loss: 0.020256
2026-05-20 14:18: **********Train Epoch 546: averaged Loss: 0.009062
2026-05-20 14:18: **********Val Epoch 546: average Loss: 0.029982
2026-05-20 14:18: Train Epoch 547: 0/71 Loss: 0.041965
2026-05-20 14:18: Train Epoch 547: 20/71 Loss: 0.001618
2026-05-20 14:18: Train Epoch 547: 40/71 Loss: 0.011459
2026-05-20 14:18: Train Epoch 547: 60/71 Loss: 0.005427
2026-05-20 14:18: **********Train Epoch 547: averaged Loss: 0.008312
2026-05-20 14:18: **********Val Epoch 547: average Loss: 0.026987
2026-05-20 14:18: Train Epoch 548: 0/71 Loss: 0.018488
2026-05-20 14:18: Train Epoch 548: 20/71 Loss: 0.002472
2026-05-20 14:18: Train Epoch 548: 40/71 Loss: 0.004776
2026-05-20 14:18: Train Epoch 548: 60/71 Loss: 0.015064
2026-05-20 14:18: **********Train Epoch 548: averaged Loss: 0.006903
2026-05-20 14:18: **********Val Epoch 548: average Loss: 0.030641
2026-05-20 14:18: Train Epoch 549: 0/71 Loss: 0.021093
2026-05-20 14:18: Train Epoch 549: 20/71 Loss: 0.001791
2026-05-20 14:18: Train Epoch 549: 40/71 Loss: 0.003478
2026-05-20 14:18: Train Epoch 549: 60/71 Loss: 0.011535
2026-05-20 14:18: **********Train Epoch 549: averaged Loss: 0.007441
2026-05-20 14:18: **********Val Epoch 549: average Loss: 0.021453
2026-05-20 14:18: Train Epoch 550: 0/71 Loss: 0.028598
2026-05-20 14:18: Train Epoch 550: 20/71 Loss: 0.002184
2026-05-20 14:18: Train Epoch 550: 40/71 Loss: 0.007016
2026-05-20 14:18: Train Epoch 550: 60/71 Loss: 0.016450
2026-05-20 14:18: **********Train Epoch 550: averaged Loss: 0.010417
2026-05-20 14:18: **********Val Epoch 550: average Loss: 0.024397
2026-05-20 14:18: Train Epoch 551: 0/71 Loss: 0.019223
2026-05-20 14:18: Train Epoch 551: 20/71 Loss: 0.001282
2026-05-20 14:18: Train Epoch 551: 40/71 Loss: 0.005478
2026-05-20 14:18: Train Epoch 551: 60/71 Loss: 0.009987
2026-05-20 14:18: **********Train Epoch 551: averaged Loss: 0.008862
2026-05-20 14:18: **********Val Epoch 551: average Loss: 0.014012
2026-05-20 14:18: Train Epoch 552: 0/71 Loss: 0.017532
2026-05-20 14:18: Train Epoch 552: 20/71 Loss: 0.002192
2026-05-20 14:18: Train Epoch 552: 40/71 Loss: 0.003744
2026-05-20 14:18: Train Epoch 552: 60/71 Loss: 0.019519
2026-05-20 14:18: **********Train Epoch 552: averaged Loss: 0.007957
2026-05-20 14:18: **********Val Epoch 552: average Loss: 0.025739
2026-05-20 14:18: Train Epoch 553: 0/71 Loss: 0.036155
2026-05-20 14:18: Train Epoch 553: 20/71 Loss: 0.001179
2026-05-20 14:18: Train Epoch 553: 40/71 Loss: 0.004311
2026-05-20 14:18: Train Epoch 553: 60/71 Loss: 0.005694
2026-05-20 14:18: **********Train Epoch 553: averaged Loss: 0.008604
2026-05-20 14:18: **********Val Epoch 553: average Loss: 0.010607
2026-05-20 14:18: *********************************Current best model saved!
2026-05-20 14:18: Train Epoch 554: 0/71 Loss: 0.016975
2026-05-20 14:18: Train Epoch 554: 20/71 Loss: 0.007482
2026-05-20 14:18: Train Epoch 554: 40/71 Loss: 0.005030
2026-05-20 14:18: Train Epoch 554: 60/71 Loss: 0.007676
2026-05-20 14:18: **********Train Epoch 554: averaged Loss: 0.007383
2026-05-20 14:18: **********Val Epoch 554: average Loss: 0.013310
2026-05-20 14:18: Train Epoch 555: 0/71 Loss: 0.010145
2026-05-20 14:18: Train Epoch 555: 20/71 Loss: 0.005918
2026-05-20 14:18: Train Epoch 555: 40/71 Loss: 0.007078
2026-05-20 14:18: Train Epoch 555: 60/71 Loss: 0.004724
2026-05-20 14:18: **********Train Epoch 555: averaged Loss: 0.005824
2026-05-20 14:18: **********Val Epoch 555: average Loss: 0.011942
2026-05-20 14:18: Train Epoch 556: 0/71 Loss: 0.017120
2026-05-20 14:18: Train Epoch 556: 20/71 Loss: 0.009523
2026-05-20 14:18: Train Epoch 556: 40/71 Loss: 0.003999
2026-05-20 14:18: Train Epoch 556: 60/71 Loss: 0.021865
2026-05-20 14:18: **********Train Epoch 556: averaged Loss: 0.009287
2026-05-20 14:18: **********Val Epoch 556: average Loss: 0.024263
2026-05-20 14:18: Train Epoch 557: 0/71 Loss: 0.033636
2026-05-20 14:18: Train Epoch 557: 20/71 Loss: 0.002379
2026-05-20 14:19: Train Epoch 557: 40/71 Loss: 0.007026
2026-05-20 14:19: Train Epoch 557: 60/71 Loss: 0.004820
2026-05-20 14:19: **********Train Epoch 557: averaged Loss: 0.008083
2026-05-20 14:19: **********Val Epoch 557: average Loss: 0.017475
2026-05-20 14:19: Train Epoch 558: 0/71 Loss: 0.019318
2026-05-20 14:19: Train Epoch 558: 20/71 Loss: 0.009369
2026-05-20 14:19: Train Epoch 558: 40/71 Loss: 0.004559
2026-05-20 14:19: Train Epoch 558: 60/71 Loss: 0.021299
2026-05-20 14:19: **********Train Epoch 558: averaged Loss: 0.008722
2026-05-20 14:19: **********Val Epoch 558: average Loss: 0.026861
2026-05-20 14:19: Train Epoch 559: 0/71 Loss: 0.026113
2026-05-20 14:19: Train Epoch 559: 20/71 Loss: 0.002428
2026-05-20 14:19: Train Epoch 559: 40/71 Loss: 0.004271
2026-05-20 14:19: Train Epoch 559: 60/71 Loss: 0.004726
2026-05-20 14:19: **********Train Epoch 559: averaged Loss: 0.007776
2026-05-20 14:19: **********Val Epoch 559: average Loss: 0.030585
2026-05-20 14:19: Train Epoch 560: 0/71 Loss: 0.020564
2026-05-20 14:19: Train Epoch 560: 20/71 Loss: 0.001969
2026-05-20 14:19: Train Epoch 560: 40/71 Loss: 0.005522
2026-05-20 14:19: Train Epoch 560: 60/71 Loss: 0.021234
2026-05-20 14:19: **********Train Epoch 560: averaged Loss: 0.008742
2026-05-20 14:19: **********Val Epoch 560: average Loss: 0.041801
2026-05-20 14:19: Train Epoch 561: 0/71 Loss: 0.028487
2026-05-20 14:19: Train Epoch 561: 20/71 Loss: 0.001251
2026-05-20 14:19: Train Epoch 561: 40/71 Loss: 0.004643
2026-05-20 14:19: Train Epoch 561: 60/71 Loss: 0.008097
2026-05-20 14:19: **********Train Epoch 561: averaged Loss: 0.009012
2026-05-20 14:19: **********Val Epoch 561: average Loss: 0.011691
2026-05-20 14:19: Train Epoch 562: 0/71 Loss: 0.005559
2026-05-20 14:19: Train Epoch 562: 20/71 Loss: 0.009001
2026-05-20 14:19: Train Epoch 562: 40/71 Loss: 0.018430
2026-05-20 14:19: Train Epoch 562: 60/71 Loss: 0.015355
2026-05-20 14:19: **********Train Epoch 562: averaged Loss: 0.009541
2026-05-20 14:19: **********Val Epoch 562: average Loss: 0.033614
2026-05-20 14:19: Train Epoch 563: 0/71 Loss: 0.022954
2026-05-20 14:19: Train Epoch 563: 20/71 Loss: 0.002160
2026-05-20 14:19: Train Epoch 563: 40/71 Loss: 0.005443
2026-05-20 14:19: Train Epoch 563: 60/71 Loss: 0.031118
2026-05-20 14:19: **********Train Epoch 563: averaged Loss: 0.010246
2026-05-20 14:19: **********Val Epoch 563: average Loss: 0.019691
2026-05-20 14:19: Train Epoch 564: 0/71 Loss: 0.022978
2026-05-20 14:19: Train Epoch 564: 20/71 Loss: 0.001793
2026-05-20 14:19: Train Epoch 564: 40/71 Loss: 0.010791
2026-05-20 14:19: Train Epoch 564: 60/71 Loss: 0.019914
2026-05-20 14:19: **********Train Epoch 564: averaged Loss: 0.009113
2026-05-20 14:19: **********Val Epoch 564: average Loss: 0.034950
2026-05-20 14:19: Train Epoch 565: 0/71 Loss: 0.023140
2026-05-20 14:19: Train Epoch 565: 20/71 Loss: 0.001239
2026-05-20 14:19: Train Epoch 565: 40/71 Loss: 0.004644
2026-05-20 14:19: Train Epoch 565: 60/71 Loss: 0.013352
2026-05-20 14:19: **********Train Epoch 565: averaged Loss: 0.008293
2026-05-20 14:19: **********Val Epoch 565: average Loss: 0.033337
2026-05-20 14:19: Train Epoch 566: 0/71 Loss: 0.023596
2026-05-20 14:19: Train Epoch 566: 20/71 Loss: 0.001952
2026-05-20 14:19: Train Epoch 566: 40/71 Loss: 0.004303
2026-05-20 14:19: Train Epoch 566: 60/71 Loss: 0.014319
2026-05-20 14:19: **********Train Epoch 566: averaged Loss: 0.007958
2026-05-20 14:19: **********Val Epoch 566: average Loss: 0.034592
2026-05-20 14:19: Train Epoch 567: 0/71 Loss: 0.028177
2026-05-20 14:19: Train Epoch 567: 20/71 Loss: 0.002459
2026-05-20 14:19: Train Epoch 567: 40/71 Loss: 0.005755
2026-05-20 14:19: Train Epoch 567: 60/71 Loss: 0.016212
2026-05-20 14:19: **********Train Epoch 567: averaged Loss: 0.009091
2026-05-20 14:19: **********Val Epoch 567: average Loss: 0.018304
2026-05-20 14:19: Train Epoch 568: 0/71 Loss: 0.026990
2026-05-20 14:19: Train Epoch 568: 20/71 Loss: 0.001905
2026-05-20 14:19: Train Epoch 568: 40/71 Loss: 0.004289
2026-05-20 14:19: Train Epoch 568: 60/71 Loss: 0.011569
2026-05-20 14:19: **********Train Epoch 568: averaged Loss: 0.008248
2026-05-20 14:19: **********Val Epoch 568: average Loss: 0.033987
2026-05-20 14:19: Train Epoch 569: 0/71 Loss: 0.028616
2026-05-20 14:19: Train Epoch 569: 20/71 Loss: 0.001440
2026-05-20 14:19: Train Epoch 569: 40/71 Loss: 0.003718
2026-05-20 14:19: Train Epoch 569: 60/71 Loss: 0.022401
2026-05-20 14:19: **********Train Epoch 569: averaged Loss: 0.009557
2026-05-20 14:19: **********Val Epoch 569: average Loss: 0.028809
2026-05-20 14:19: Train Epoch 570: 0/71 Loss: 0.034120
2026-05-20 14:19: Train Epoch 570: 20/71 Loss: 0.002863
2026-05-20 14:19: Train Epoch 570: 40/71 Loss: 0.005768
2026-05-20 14:19: Train Epoch 570: 60/71 Loss: 0.008205
2026-05-20 14:19: **********Train Epoch 570: averaged Loss: 0.008527
2026-05-20 14:19: **********Val Epoch 570: average Loss: 0.019109
2026-05-20 14:19: Train Epoch 571: 0/71 Loss: 0.029289
2026-05-20 14:19: Train Epoch 571: 20/71 Loss: 0.002145
2026-05-20 14:19: Train Epoch 571: 40/71 Loss: 0.004673
2026-05-20 14:19: Train Epoch 571: 60/71 Loss: 0.018471
2026-05-20 14:19: **********Train Epoch 571: averaged Loss: 0.008787
2026-05-20 14:19: **********Val Epoch 571: average Loss: 0.023827
2026-05-20 14:19: Train Epoch 572: 0/71 Loss: 0.030247
2026-05-20 14:19: Train Epoch 572: 20/71 Loss: 0.003314
2026-05-20 14:19: Train Epoch 572: 40/71 Loss: 0.004070
2026-05-20 14:19: Train Epoch 572: 60/71 Loss: 0.012804
2026-05-20 14:19: **********Train Epoch 572: averaged Loss: 0.011575
2026-05-20 14:19: **********Val Epoch 572: average Loss: 0.015909
2026-05-20 14:19: Train Epoch 573: 0/71 Loss: 0.020727
2026-05-20 14:19: Train Epoch 573: 20/71 Loss: 0.001316
2026-05-20 14:19: Train Epoch 573: 40/71 Loss: 0.003687
2026-05-20 14:19: Train Epoch 573: 60/71 Loss: 0.026018
2026-05-20 14:19: **********Train Epoch 573: averaged Loss: 0.009911
2026-05-20 14:19: **********Val Epoch 573: average Loss: 0.021616
2026-05-20 14:19: Train Epoch 574: 0/71 Loss: 0.035657
2026-05-20 14:19: Train Epoch 574: 20/71 Loss: 0.003862
2026-05-20 14:19: Train Epoch 574: 40/71 Loss: 0.005470
2026-05-20 14:19: Train Epoch 574: 60/71 Loss: 0.005802
2026-05-20 14:19: **********Train Epoch 574: averaged Loss: 0.007434
2026-05-20 14:19: **********Val Epoch 574: average Loss: 0.020853
2026-05-20 14:19: Train Epoch 575: 0/71 Loss: 0.026226
2026-05-20 14:19: Train Epoch 575: 20/71 Loss: 0.002567
2026-05-20 14:19: Train Epoch 575: 40/71 Loss: 0.005961
2026-05-20 14:19: Train Epoch 575: 60/71 Loss: 0.022472
2026-05-20 14:19: **********Train Epoch 575: averaged Loss: 0.008798
2026-05-20 14:19: **********Val Epoch 575: average Loss: 0.023034
2026-05-20 14:19: Train Epoch 576: 0/71 Loss: 0.018188
2026-05-20 14:19: Train Epoch 576: 20/71 Loss: 0.001194
2026-05-20 14:19: Train Epoch 576: 40/71 Loss: 0.004608
2026-05-20 14:20: Train Epoch 576: 60/71 Loss: 0.007468
2026-05-20 14:20: **********Train Epoch 576: averaged Loss: 0.008676
2026-05-20 14:20: **********Val Epoch 576: average Loss: 0.018441
2026-05-20 14:20: Train Epoch 577: 0/71 Loss: 0.018668
2026-05-20 14:20: Train Epoch 577: 20/71 Loss: 0.003248
2026-05-20 14:20: Train Epoch 577: 40/71 Loss: 0.003994
2026-05-20 14:20: Train Epoch 577: 60/71 Loss: 0.022637
2026-05-20 14:20: **********Train Epoch 577: averaged Loss: 0.007680
2026-05-20 14:20: **********Val Epoch 577: average Loss: 0.026499
2026-05-20 14:20: Train Epoch 578: 0/71 Loss: 0.019272
2026-05-20 14:20: Train Epoch 578: 20/71 Loss: 0.001816
2026-05-20 14:20: Train Epoch 578: 40/71 Loss: 0.004144
2026-05-20 14:20: Train Epoch 578: 60/71 Loss: 0.015882
2026-05-20 14:20: **********Train Epoch 578: averaged Loss: 0.008326
2026-05-20 14:20: **********Val Epoch 578: average Loss: 0.019870
2026-05-20 14:20: Train Epoch 579: 0/71 Loss: 0.026557
2026-05-20 14:20: Train Epoch 579: 20/71 Loss: 0.003574
2026-05-20 14:20: Train Epoch 579: 40/71 Loss: 0.004624
2026-05-20 14:20: Train Epoch 579: 60/71 Loss: 0.006523
2026-05-20 14:20: **********Train Epoch 579: averaged Loss: 0.008324
2026-05-20 14:20: **********Val Epoch 579: average Loss: 0.016005
2026-05-20 14:20: Train Epoch 580: 0/71 Loss: 0.018045
2026-05-20 14:20: Train Epoch 580: 20/71 Loss: 0.007822
2026-05-20 14:20: Train Epoch 580: 40/71 Loss: 0.006590
2026-05-20 14:20: Train Epoch 580: 60/71 Loss: 0.016915
2026-05-20 14:20: **********Train Epoch 580: averaged Loss: 0.007406
2026-05-20 14:20: **********Val Epoch 580: average Loss: 0.014403
2026-05-20 14:20: Train Epoch 581: 0/71 Loss: 0.011939
2026-05-20 14:20: Train Epoch 581: 20/71 Loss: 0.002484
2026-05-20 14:20: Train Epoch 581: 40/71 Loss: 0.005358
2026-05-20 14:20: Train Epoch 581: 60/71 Loss: 0.006032
2026-05-20 14:20: **********Train Epoch 581: averaged Loss: 0.005400
2026-05-20 14:20: **********Val Epoch 581: average Loss: 0.009778
2026-05-20 14:20: *********************************Current best model saved!
2026-05-20 14:20: Train Epoch 582: 0/71 Loss: 0.024397
2026-05-20 14:20: Train Epoch 582: 20/71 Loss: 0.007406
2026-05-20 14:20: Train Epoch 582: 40/71 Loss: 0.007703
2026-05-20 14:20: Train Epoch 582: 60/71 Loss: 0.024193
2026-05-20 14:20: **********Train Epoch 582: averaged Loss: 0.009070
2026-05-20 14:20: **********Val Epoch 582: average Loss: 0.020172
2026-05-20 14:20: Train Epoch 583: 0/71 Loss: 0.033114
2026-05-20 14:20: Train Epoch 583: 20/71 Loss: 0.003471
2026-05-20 14:20: Train Epoch 583: 40/71 Loss: 0.003646
2026-05-20 14:20: Train Epoch 583: 60/71 Loss: 0.005140
2026-05-20 14:20: **********Train Epoch 583: averaged Loss: 0.007643
2026-05-20 14:20: **********Val Epoch 583: average Loss: 0.013222
2026-05-20 14:20: Train Epoch 584: 0/71 Loss: 0.021014
2026-05-20 14:20: Train Epoch 584: 20/71 Loss: 0.008412
2026-05-20 14:20: Train Epoch 584: 40/71 Loss: 0.009440
2026-05-20 14:20: Train Epoch 584: 60/71 Loss: 0.021726
2026-05-20 14:20: **********Train Epoch 584: averaged Loss: 0.008969
2026-05-20 14:20: **********Val Epoch 584: average Loss: 0.023950
2026-05-20 14:20: Train Epoch 585: 0/71 Loss: 0.037850
2026-05-20 14:20: Train Epoch 585: 20/71 Loss: 0.003353
2026-05-20 14:20: Train Epoch 585: 40/71 Loss: 0.012883
2026-05-20 14:20: Train Epoch 585: 60/71 Loss: 0.004463
2026-05-20 14:20: **********Train Epoch 585: averaged Loss: 0.008581
2026-05-20 14:20: **********Val Epoch 585: average Loss: 0.016292
2026-05-20 14:20: Train Epoch 586: 0/71 Loss: 0.019361
2026-05-20 14:20: Train Epoch 586: 20/71 Loss: 0.011362
2026-05-20 14:20: Train Epoch 586: 40/71 Loss: 0.010550
2026-05-20 14:20: Train Epoch 586: 60/71 Loss: 0.030938
2026-05-20 14:20: **********Train Epoch 586: averaged Loss: 0.010701
2026-05-20 14:20: **********Val Epoch 586: average Loss: 0.017662
2026-05-20 14:20: Train Epoch 587: 0/71 Loss: 0.019276
2026-05-20 14:20: Train Epoch 587: 20/71 Loss: 0.003129
2026-05-20 14:20: Train Epoch 587: 40/71 Loss: 0.003509
2026-05-20 14:20: Train Epoch 587: 60/71 Loss: 0.018797
2026-05-20 14:20: **********Train Epoch 587: averaged Loss: 0.008355
2026-05-20 14:20: **********Val Epoch 587: average Loss: 0.022493
2026-05-20 14:20: Train Epoch 588: 0/71 Loss: 0.014342
2026-05-20 14:20: Train Epoch 588: 20/71 Loss: 0.003246
2026-05-20 14:20: Train Epoch 588: 40/71 Loss: 0.006612
2026-05-20 14:20: Train Epoch 588: 60/71 Loss: 0.023124
2026-05-20 14:20: **********Train Epoch 588: averaged Loss: 0.008747
2026-05-20 14:20: **********Val Epoch 588: average Loss: 0.019413
2026-05-20 14:20: Train Epoch 589: 0/71 Loss: 0.030650
2026-05-20 14:20: Train Epoch 589: 20/71 Loss: 0.005032
2026-05-20 14:20: Train Epoch 589: 40/71 Loss: 0.003758
2026-05-20 14:20: Train Epoch 589: 60/71 Loss: 0.005126
2026-05-20 14:20: **********Train Epoch 589: averaged Loss: 0.008343
2026-05-20 14:20: **********Val Epoch 589: average Loss: 0.014311
2026-05-20 14:20: Train Epoch 590: 0/71 Loss: 0.016066
2026-05-20 14:20: Train Epoch 590: 20/71 Loss: 0.011463
2026-05-20 14:20: Train Epoch 590: 40/71 Loss: 0.015563
2026-05-20 14:20: Train Epoch 590: 60/71 Loss: 0.007352
2026-05-20 14:20: **********Train Epoch 590: averaged Loss: 0.008145
2026-05-20 14:20: **********Val Epoch 590: average Loss: 0.023372
2026-05-20 14:20: Train Epoch 591: 0/71 Loss: 0.016414
2026-05-20 14:20: Train Epoch 591: 20/71 Loss: 0.005807
2026-05-20 14:20: Train Epoch 591: 40/71 Loss: 0.003678
2026-05-20 14:20: Train Epoch 591: 60/71 Loss: 0.029094
2026-05-20 14:20: **********Train Epoch 591: averaged Loss: 0.008286
2026-05-20 14:20: **********Val Epoch 591: average Loss: 0.025976
2026-05-20 14:20: Train Epoch 592: 0/71 Loss: 0.007554
2026-05-20 14:20: Train Epoch 592: 20/71 Loss: 0.001298
2026-05-20 14:20: Train Epoch 592: 40/71 Loss: 0.006174
2026-05-20 14:20: Train Epoch 592: 60/71 Loss: 0.021038
2026-05-20 14:20: **********Train Epoch 592: averaged Loss: 0.007496
2026-05-20 14:20: **********Val Epoch 592: average Loss: 0.036282
2026-05-20 14:20: Train Epoch 593: 0/71 Loss: 0.025925
2026-05-20 14:20: Train Epoch 593: 20/71 Loss: 0.002451
2026-05-20 14:20: Train Epoch 593: 40/71 Loss: 0.004467
2026-05-20 14:20: Train Epoch 593: 60/71 Loss: 0.012205
2026-05-20 14:20: **********Train Epoch 593: averaged Loss: 0.008399
2026-05-20 14:20: **********Val Epoch 593: average Loss: 0.017740
2026-05-20 14:20: Train Epoch 594: 0/71 Loss: 0.010798
2026-05-20 14:20: Train Epoch 594: 20/71 Loss: 0.006634
2026-05-20 14:20: Train Epoch 594: 40/71 Loss: 0.003935
2026-05-20 14:20: Train Epoch 594: 60/71 Loss: 0.005521
2026-05-20 14:20: **********Train Epoch 594: averaged Loss: 0.006004
2026-05-20 14:20: **********Val Epoch 594: average Loss: 0.018470
2026-05-20 14:20: Train Epoch 595: 0/71 Loss: 0.013549
2026-05-20 14:20: Train Epoch 595: 20/71 Loss: 0.008696
2026-05-20 14:20: Train Epoch 595: 40/71 Loss: 0.010248
2026-05-20 14:20: Train Epoch 595: 60/71 Loss: 0.016617
2026-05-20 14:20: **********Train Epoch 595: averaged Loss: 0.008500
2026-05-20 14:20: **********Val Epoch 595: average Loss: 0.023638
2026-05-20 14:21: Train Epoch 596: 0/71 Loss: 0.015118
2026-05-20 14:21: Train Epoch 596: 20/71 Loss: 0.001818
2026-05-20 14:21: Train Epoch 596: 40/71 Loss: 0.003223
2026-05-20 14:21: Train Epoch 596: 60/71 Loss: 0.024330
2026-05-20 14:21: **********Train Epoch 596: averaged Loss: 0.008089
2026-05-20 14:21: **********Val Epoch 596: average Loss: 0.036108
2026-05-20 14:21: Train Epoch 597: 0/71 Loss: 0.023759
2026-05-20 14:21: Train Epoch 597: 20/71 Loss: 0.002323
2026-05-20 14:21: Train Epoch 597: 40/71 Loss: 0.005463
2026-05-20 14:21: Train Epoch 597: 60/71 Loss: 0.010259
2026-05-20 14:21: **********Train Epoch 597: averaged Loss: 0.008972
2026-05-20 14:21: **********Val Epoch 597: average Loss: 0.016331
2026-05-20 14:21: Train Epoch 598: 0/71 Loss: 0.012283
2026-05-20 14:21: Train Epoch 598: 20/71 Loss: 0.008644
2026-05-20 14:21: Train Epoch 598: 40/71 Loss: 0.005673
2026-05-20 14:21: Train Epoch 598: 60/71 Loss: 0.011367
2026-05-20 14:21: **********Train Epoch 598: averaged Loss: 0.006587
2026-05-20 14:21: **********Val Epoch 598: average Loss: 0.030002
2026-05-20 14:21: Train Epoch 599: 0/71 Loss: 0.024489
2026-05-20 14:21: Train Epoch 599: 20/71 Loss: 0.006003
2026-05-20 14:21: Train Epoch 599: 40/71 Loss: 0.008244
2026-05-20 14:21: Train Epoch 599: 60/71 Loss: 0.025274
2026-05-20 14:21: **********Train Epoch 599: averaged Loss: 0.009197
2026-05-20 14:21: **********Val Epoch 599: average Loss: 0.044446
2026-05-20 14:21: Train Epoch 600: 0/71 Loss: 0.027343
2026-05-20 14:21: Train Epoch 600: 20/71 Loss: 0.006385
2026-05-20 14:21: Train Epoch 600: 40/71 Loss: 0.004896
2026-05-20 14:21: Train Epoch 600: 60/71 Loss: 0.014641
2026-05-20 14:21: **********Train Epoch 600: averaged Loss: 0.009286
2026-05-20 14:21: **********Val Epoch 600: average Loss: 0.014236
2026-05-20 14:21: Train Epoch 601: 0/71 Loss: 0.005842
2026-05-20 14:21: Train Epoch 601: 20/71 Loss: 0.008523
2026-05-20 14:21: Train Epoch 601: 40/71 Loss: 0.020948
2026-05-20 14:21: Train Epoch 601: 60/71 Loss: 0.004657
2026-05-20 14:21: **********Train Epoch 601: averaged Loss: 0.008057
2026-05-20 14:21: **********Val Epoch 601: average Loss: 0.020330
2026-05-20 14:21: Train Epoch 602: 0/71 Loss: 0.014282
2026-05-20 14:21: Train Epoch 602: 20/71 Loss: 0.009039
2026-05-20 14:21: Train Epoch 602: 40/71 Loss: 0.004904
2026-05-20 14:21: Train Epoch 602: 60/71 Loss: 0.023821
2026-05-20 14:21: **********Train Epoch 602: averaged Loss: 0.008341
2026-05-20 14:21: **********Val Epoch 602: average Loss: 0.032117
2026-05-20 14:21: Train Epoch 603: 0/71 Loss: 0.014214
2026-05-20 14:21: Train Epoch 603: 20/71 Loss: 0.001220
2026-05-20 14:21: Train Epoch 603: 40/71 Loss: 0.005383
2026-05-20 14:21: Train Epoch 603: 60/71 Loss: 0.018034
2026-05-20 14:21: **********Train Epoch 603: averaged Loss: 0.007401
2026-05-20 14:21: **********Val Epoch 603: average Loss: 0.026628
2026-05-20 14:21: Train Epoch 604: 0/71 Loss: 0.015784
2026-05-20 14:21: Train Epoch 604: 20/71 Loss: 0.002809
2026-05-20 14:21: Train Epoch 604: 40/71 Loss: 0.003788
2026-05-20 14:21: Train Epoch 604: 60/71 Loss: 0.024035
2026-05-20 14:21: **********Train Epoch 604: averaged Loss: 0.008081
2026-05-20 14:21: **********Val Epoch 604: average Loss: 0.040536
2026-05-20 14:21: Train Epoch 605: 0/71 Loss: 0.020466
2026-05-20 14:21: Train Epoch 605: 20/71 Loss: 0.001401
2026-05-20 14:21: Train Epoch 605: 40/71 Loss: 0.006107
2026-05-20 14:21: Train Epoch 605: 60/71 Loss: 0.007120
2026-05-20 14:21: **********Train Epoch 605: averaged Loss: 0.008423
2026-05-20 14:21: **********Val Epoch 605: average Loss: 0.023410
2026-05-20 14:21: Train Epoch 606: 0/71 Loss: 0.018686
2026-05-20 14:21: Train Epoch 606: 20/71 Loss: 0.008553
2026-05-20 14:21: Train Epoch 606: 40/71 Loss: 0.003328
2026-05-20 14:21: Train Epoch 606: 60/71 Loss: 0.022404
2026-05-20 14:21: **********Train Epoch 606: averaged Loss: 0.007554
2026-05-20 14:21: **********Val Epoch 606: average Loss: 0.026938
2026-05-20 14:21: Train Epoch 607: 0/71 Loss: 0.013687
2026-05-20 14:21: Train Epoch 607: 20/71 Loss: 0.001430
2026-05-20 14:21: Train Epoch 607: 40/71 Loss: 0.005259
2026-05-20 14:21: Train Epoch 607: 60/71 Loss: 0.012164
2026-05-20 14:21: **********Train Epoch 607: averaged Loss: 0.007226
2026-05-20 14:21: **********Val Epoch 607: average Loss: 0.022661
2026-05-20 14:21: Train Epoch 608: 0/71 Loss: 0.021822
2026-05-20 14:21: Train Epoch 608: 20/71 Loss: 0.004887
2026-05-20 14:21: Train Epoch 608: 40/71 Loss: 0.010328
2026-05-20 14:21: Train Epoch 608: 60/71 Loss: 0.022556
2026-05-20 14:21: **********Train Epoch 608: averaged Loss: 0.008422
2026-05-20 14:21: **********Val Epoch 608: average Loss: 0.033644
2026-05-20 14:21: Train Epoch 609: 0/71 Loss: 0.028452
2026-05-20 14:21: Train Epoch 609: 20/71 Loss: 0.002338
2026-05-20 14:21: Train Epoch 609: 40/71 Loss: 0.004696
2026-05-20 14:21: Train Epoch 609: 60/71 Loss: 0.018933
2026-05-20 14:21: **********Train Epoch 609: averaged Loss: 0.009486
2026-05-20 14:21: **********Val Epoch 609: average Loss: 0.028457
2026-05-20 14:21: Train Epoch 610: 0/71 Loss: 0.021002
2026-05-20 14:21: Train Epoch 610: 20/71 Loss: 0.005935
2026-05-20 14:21: Train Epoch 610: 40/71 Loss: 0.004670
2026-05-20 14:21: Train Epoch 610: 60/71 Loss: 0.011988
2026-05-20 14:21: **********Train Epoch 610: averaged Loss: 0.008154
2026-05-20 14:21: **********Val Epoch 610: average Loss: 0.038437
2026-05-20 14:21: Train Epoch 611: 0/71 Loss: 0.021023
2026-05-20 14:21: Train Epoch 611: 20/71 Loss: 0.010983
2026-05-20 14:21: Train Epoch 611: 40/71 Loss: 0.009168
2026-05-20 14:21: Train Epoch 611: 60/71 Loss: 0.018052
2026-05-20 14:21: **********Train Epoch 611: averaged Loss: 0.009175
2026-05-20 14:21: **********Val Epoch 611: average Loss: 0.027737
2026-05-20 14:21: Train Epoch 612: 0/71 Loss: 0.016567
2026-05-20 14:21: Train Epoch 612: 20/71 Loss: 0.004027
2026-05-20 14:21: Train Epoch 612: 40/71 Loss: 0.005453
2026-05-20 14:21: Train Epoch 612: 60/71 Loss: 0.009747
2026-05-20 14:21: **********Train Epoch 612: averaged Loss: 0.006527
2026-05-20 14:21: **********Val Epoch 612: average Loss: 0.025193
2026-05-20 14:21: Train Epoch 613: 0/71 Loss: 0.017338
2026-05-20 14:21: Train Epoch 613: 20/71 Loss: 0.002795
2026-05-20 14:21: Train Epoch 613: 40/71 Loss: 0.009817
2026-05-20 14:21: Train Epoch 613: 60/71 Loss: 0.012931
2026-05-20 14:21: **********Train Epoch 613: averaged Loss: 0.006551
2026-05-20 14:21: **********Val Epoch 613: average Loss: 0.023939
2026-05-20 14:21: Train Epoch 614: 0/71 Loss: 0.020357
2026-05-20 14:21: Train Epoch 614: 20/71 Loss: 0.002044
2026-05-20 14:21: Train Epoch 614: 40/71 Loss: 0.007227
2026-05-20 14:22: Train Epoch 614: 60/71 Loss: 0.016791
2026-05-20 14:22: **********Train Epoch 614: averaged Loss: 0.008146
2026-05-20 14:22: **********Val Epoch 614: average Loss: 0.018575
2026-05-20 14:22: Train Epoch 615: 0/71 Loss: 0.015460
2026-05-20 14:22: Train Epoch 615: 20/71 Loss: 0.001373
2026-05-20 14:22: Train Epoch 615: 40/71 Loss: 0.009942
2026-05-20 14:22: Train Epoch 615: 60/71 Loss: 0.007872
2026-05-20 14:22: **********Train Epoch 615: averaged Loss: 0.006160
2026-05-20 14:22: **********Val Epoch 615: average Loss: 0.012872
2026-05-20 14:22: Train Epoch 616: 0/71 Loss: 0.023450
2026-05-20 14:22: Train Epoch 616: 20/71 Loss: 0.002097
2026-05-20 14:22: Train Epoch 616: 40/71 Loss: 0.006858
2026-05-20 14:22: Train Epoch 616: 60/71 Loss: 0.021190
2026-05-20 14:22: **********Train Epoch 616: averaged Loss: 0.008095
2026-05-20 14:22: **********Val Epoch 616: average Loss: 0.027312
2026-05-20 14:22: Train Epoch 617: 0/71 Loss: 0.015794
2026-05-20 14:22: Train Epoch 617: 20/71 Loss: 0.005099
2026-05-20 14:22: Train Epoch 617: 40/71 Loss: 0.012945
2026-05-20 14:22: Train Epoch 617: 60/71 Loss: 0.023932
2026-05-20 14:22: **********Train Epoch 617: averaged Loss: 0.010444
2026-05-20 14:22: **********Val Epoch 617: average Loss: 0.022136
2026-05-20 14:22: Train Epoch 618: 0/71 Loss: 0.015921
2026-05-20 14:22: Train Epoch 618: 20/71 Loss: 0.003828
2026-05-20 14:22: Train Epoch 618: 40/71 Loss: 0.011691
2026-05-20 14:22: Train Epoch 618: 60/71 Loss: 0.021762
2026-05-20 14:22: **********Train Epoch 618: averaged Loss: 0.010742
2026-05-20 14:22: **********Val Epoch 618: average Loss: 0.019387
2026-05-20 14:22: Train Epoch 619: 0/71 Loss: 0.011307
2026-05-20 14:22: Train Epoch 619: 20/71 Loss: 0.002926
2026-05-20 14:22: Train Epoch 619: 40/71 Loss: 0.007816
2026-05-20 14:22: Train Epoch 619: 60/71 Loss: 0.009922
2026-05-20 14:22: **********Train Epoch 619: averaged Loss: 0.008873
2026-05-20 14:22: **********Val Epoch 619: average Loss: 0.024324
2026-05-20 14:22: Train Epoch 620: 0/71 Loss: 0.014450
2026-05-20 14:22: Train Epoch 620: 20/71 Loss: 0.002239
2026-05-20 14:22: Train Epoch 620: 40/71 Loss: 0.009781
2026-05-20 14:22: Train Epoch 620: 60/71 Loss: 0.023107
2026-05-20 14:22: **********Train Epoch 620: averaged Loss: 0.008285
2026-05-20 14:22: **********Val Epoch 620: average Loss: 0.018518
2026-05-20 14:22: Train Epoch 621: 0/71 Loss: 0.013553
2026-05-20 14:22: Train Epoch 621: 20/71 Loss: 0.001791
2026-05-20 14:22: Train Epoch 621: 40/71 Loss: 0.005769
2026-05-20 14:22: Train Epoch 621: 60/71 Loss: 0.021537
2026-05-20 14:22: **********Train Epoch 621: averaged Loss: 0.009387
2026-05-20 14:22: **********Val Epoch 621: average Loss: 0.021235
2026-05-20 14:22: Train Epoch 622: 0/71 Loss: 0.016861
2026-05-20 14:22: Train Epoch 622: 20/71 Loss: 0.001345
2026-05-20 14:22: Train Epoch 622: 40/71 Loss: 0.007006
2026-05-20 14:22: Train Epoch 622: 60/71 Loss: 0.018541
2026-05-20 14:22: **********Train Epoch 622: averaged Loss: 0.008649
2026-05-20 14:22: **********Val Epoch 622: average Loss: 0.033787
2026-05-20 14:22: Train Epoch 623: 0/71 Loss: 0.024570
2026-05-20 14:22: Train Epoch 623: 20/71 Loss: 0.005552
2026-05-20 14:22: Train Epoch 623: 40/71 Loss: 0.009103
2026-05-20 14:22: Train Epoch 623: 60/71 Loss: 0.016970
2026-05-20 14:22: **********Train Epoch 623: averaged Loss: 0.009109
2026-05-20 14:22: **********Val Epoch 623: average Loss: 0.027641
2026-05-20 14:22: Train Epoch 624: 0/71 Loss: 0.019258
2026-05-20 14:22: Train Epoch 624: 20/71 Loss: 0.001548
2026-05-20 14:22: Train Epoch 624: 40/71 Loss: 0.007148
2026-05-20 14:22: Train Epoch 624: 60/71 Loss: 0.017422
2026-05-20 14:22: **********Train Epoch 624: averaged Loss: 0.008039
2026-05-20 14:22: **********Val Epoch 624: average Loss: 0.017043
2026-05-20 14:22: Train Epoch 625: 0/71 Loss: 0.020366
2026-05-20 14:22: Train Epoch 625: 20/71 Loss: 0.002901
2026-05-20 14:22: Train Epoch 625: 40/71 Loss: 0.006929
2026-05-20 14:22: Train Epoch 625: 60/71 Loss: 0.022584
2026-05-20 14:22: **********Train Epoch 625: averaged Loss: 0.009169
2026-05-20 14:22: **********Val Epoch 625: average Loss: 0.037440
2026-05-20 14:22: Train Epoch 626: 0/71 Loss: 0.030185
2026-05-20 14:22: Train Epoch 626: 20/71 Loss: 0.006612
2026-05-20 14:22: Train Epoch 626: 40/71 Loss: 0.005167
2026-05-20 14:22: Train Epoch 626: 60/71 Loss: 0.011476
2026-05-20 14:22: **********Train Epoch 626: averaged Loss: 0.008505
2026-05-20 14:22: **********Val Epoch 626: average Loss: 0.016369
2026-05-20 14:22: Train Epoch 627: 0/71 Loss: 0.014898
2026-05-20 14:22: Train Epoch 627: 20/71 Loss: 0.012451
2026-05-20 14:22: Train Epoch 627: 40/71 Loss: 0.009685
2026-05-20 14:22: Train Epoch 627: 60/71 Loss: 0.006333
2026-05-20 14:22: **********Train Epoch 627: averaged Loss: 0.008675
2026-05-20 14:22: **********Val Epoch 627: average Loss: 0.015780
2026-05-20 14:22: Train Epoch 628: 0/71 Loss: 0.005691
2026-05-20 14:22: Train Epoch 628: 20/71 Loss: 0.009803
2026-05-20 14:22: Train Epoch 628: 40/71 Loss: 0.021672
2026-05-20 14:22: Train Epoch 628: 60/71 Loss: 0.025299
2026-05-20 14:22: **********Train Epoch 628: averaged Loss: 0.011296
2026-05-20 14:22: **********Val Epoch 628: average Loss: 0.032824
2026-05-20 14:22: Train Epoch 629: 0/71 Loss: 0.007024
2026-05-20 14:22: Train Epoch 629: 20/71 Loss: 0.001868
2026-05-20 14:22: Train Epoch 629: 40/71 Loss: 0.007791
2026-05-20 14:22: Train Epoch 629: 60/71 Loss: 0.012125
2026-05-20 14:22: **********Train Epoch 629: averaged Loss: 0.006537
2026-05-20 14:22: **********Val Epoch 629: average Loss: 0.017218
2026-05-20 14:22: Train Epoch 630: 0/71 Loss: 0.023006
2026-05-20 14:22: Train Epoch 630: 20/71 Loss: 0.002024
2026-05-20 14:22: Train Epoch 630: 40/71 Loss: 0.003802
2026-05-20 14:22: Train Epoch 630: 60/71 Loss: 0.026420
2026-05-20 14:22: **********Train Epoch 630: averaged Loss: 0.008886
2026-05-20 14:22: **********Val Epoch 630: average Loss: 0.025933
2026-05-20 14:22: Train Epoch 631: 0/71 Loss: 0.029271
2026-05-20 14:22: Train Epoch 631: 20/71 Loss: 0.002561
2026-05-20 14:22: Train Epoch 631: 40/71 Loss: 0.004934
2026-05-20 14:22: Train Epoch 631: 60/71 Loss: 0.013869
2026-05-20 14:22: **********Train Epoch 631: averaged Loss: 0.009293
2026-05-20 14:22: **********Val Epoch 631: average Loss: 0.022695
2026-05-20 14:22: Train Epoch 632: 0/71 Loss: 0.011218
2026-05-20 14:22: Train Epoch 632: 20/71 Loss: 0.008651
2026-05-20 14:22: Train Epoch 632: 40/71 Loss: 0.013447
2026-05-20 14:22: Train Epoch 632: 60/71 Loss: 0.013409
2026-05-20 14:22: **********Train Epoch 632: averaged Loss: 0.007256
2026-05-20 14:22: **********Val Epoch 632: average Loss: 0.018421
2026-05-20 14:22: Train Epoch 633: 0/71 Loss: 0.015814
2026-05-20 14:22: Train Epoch 633: 20/71 Loss: 0.006350
2026-05-20 14:22: Train Epoch 633: 40/71 Loss: 0.003992
2026-05-20 14:23: Train Epoch 633: 60/71 Loss: 0.018645
2026-05-20 14:23: **********Train Epoch 633: averaged Loss: 0.007001
2026-05-20 14:23: **********Val Epoch 633: average Loss: 0.019209
2026-05-20 14:23: Train Epoch 634: 0/71 Loss: 0.009903
2026-05-20 14:23: Train Epoch 634: 20/71 Loss: 0.005869
2026-05-20 14:23: Train Epoch 634: 40/71 Loss: 0.004208
2026-05-20 14:23: Train Epoch 634: 60/71 Loss: 0.013184
2026-05-20 14:23: **********Train Epoch 634: averaged Loss: 0.006299
2026-05-20 14:23: **********Val Epoch 634: average Loss: 0.026596
2026-05-20 14:23: Train Epoch 635: 0/71 Loss: 0.014844
2026-05-20 14:23: Train Epoch 635: 20/71 Loss: 0.006029
2026-05-20 14:23: Train Epoch 635: 40/71 Loss: 0.007860
2026-05-20 14:23: Train Epoch 635: 60/71 Loss: 0.024217
2026-05-20 14:23: **********Train Epoch 635: averaged Loss: 0.008085
2026-05-20 14:23: **********Val Epoch 635: average Loss: 0.025167
2026-05-20 14:23: Train Epoch 636: 0/71 Loss: 0.021713
2026-05-20 14:23: Train Epoch 636: 20/71 Loss: 0.004122
2026-05-20 14:23: Train Epoch 636: 40/71 Loss: 0.004917
2026-05-20 14:23: Train Epoch 636: 60/71 Loss: 0.016166
2026-05-20 14:23: **********Train Epoch 636: averaged Loss: 0.008667
2026-05-20 14:23: **********Val Epoch 636: average Loss: 0.029520
2026-05-20 14:23: Train Epoch 637: 0/71 Loss: 0.009477
2026-05-20 14:23: Train Epoch 637: 20/71 Loss: 0.005396
2026-05-20 14:23: Train Epoch 637: 40/71 Loss: 0.004285
2026-05-20 14:23: Train Epoch 637: 60/71 Loss: 0.004709
2026-05-20 14:23: **********Train Epoch 637: averaged Loss: 0.006152
2026-05-20 14:23: **********Val Epoch 637: average Loss: 0.020380
2026-05-20 14:23: Train Epoch 638: 0/71 Loss: 0.012878
2026-05-20 14:23: Train Epoch 638: 20/71 Loss: 0.002990
2026-05-20 14:23: Train Epoch 638: 40/71 Loss: 0.012986
2026-05-20 14:23: Train Epoch 638: 60/71 Loss: 0.007477
2026-05-20 14:23: **********Train Epoch 638: averaged Loss: 0.010482
2026-05-20 14:23: **********Val Epoch 638: average Loss: 0.019195
2026-05-20 14:23: Train Epoch 639: 0/71 Loss: 0.009699
2026-05-20 14:23: Train Epoch 639: 20/71 Loss: 0.009457
2026-05-20 14:23: Train Epoch 639: 40/71 Loss: 0.014424
2026-05-20 14:23: Train Epoch 639: 60/71 Loss: 0.022186
2026-05-20 14:23: **********Train Epoch 639: averaged Loss: 0.009266
2026-05-20 14:23: **********Val Epoch 639: average Loss: 0.022652
2026-05-20 14:23: Train Epoch 640: 0/71 Loss: 0.010547
2026-05-20 14:23: Train Epoch 640: 20/71 Loss: 0.006070
2026-05-20 14:23: Train Epoch 640: 40/71 Loss: 0.021558
2026-05-20 14:23: Train Epoch 640: 60/71 Loss: 0.023354
2026-05-20 14:23: **********Train Epoch 640: averaged Loss: 0.010192
2026-05-20 14:23: **********Val Epoch 640: average Loss: 0.030894
2026-05-20 14:23: Train Epoch 641: 0/71 Loss: 0.009635
2026-05-20 14:23: Train Epoch 641: 20/71 Loss: 0.001638
2026-05-20 14:23: Train Epoch 641: 40/71 Loss: 0.007948
2026-05-20 14:23: Train Epoch 641: 60/71 Loss: 0.006255
2026-05-20 14:23: **********Train Epoch 641: averaged Loss: 0.008668
2026-05-20 14:23: **********Val Epoch 641: average Loss: 0.017158
2026-05-20 14:23: Train Epoch 642: 0/71 Loss: 0.017480
2026-05-20 14:23: Train Epoch 642: 20/71 Loss: 0.010196
2026-05-20 14:23: Train Epoch 642: 40/71 Loss: 0.004455
2026-05-20 14:23: Train Epoch 642: 60/71 Loss: 0.025191
2026-05-20 14:23: **********Train Epoch 642: averaged Loss: 0.008826
2026-05-20 14:23: **********Val Epoch 642: average Loss: 0.025833
2026-05-20 14:23: Train Epoch 643: 0/71 Loss: 0.018336
2026-05-20 14:23: Train Epoch 643: 20/71 Loss: 0.001358
2026-05-20 14:23: Train Epoch 643: 40/71 Loss: 0.005893
2026-05-20 14:23: Train Epoch 643: 60/71 Loss: 0.019009
2026-05-20 14:23: **********Train Epoch 643: averaged Loss: 0.008619
2026-05-20 14:23: **********Val Epoch 643: average Loss: 0.033543
2026-05-20 14:23: Train Epoch 644: 0/71 Loss: 0.026703
2026-05-20 14:23: Train Epoch 644: 20/71 Loss: 0.005387
2026-05-20 14:23: Train Epoch 644: 40/71 Loss: 0.004477
2026-05-20 14:23: Train Epoch 644: 60/71 Loss: 0.006974
2026-05-20 14:23: **********Train Epoch 644: averaged Loss: 0.008343
2026-05-20 14:23: **********Val Epoch 644: average Loss: 0.021032
2026-05-20 14:23: Train Epoch 645: 0/71 Loss: 0.009392
2026-05-20 14:23: Train Epoch 645: 20/71 Loss: 0.009072
2026-05-20 14:23: Train Epoch 645: 40/71 Loss: 0.019691
2026-05-20 14:23: Train Epoch 645: 60/71 Loss: 0.014534
2026-05-20 14:23: **********Train Epoch 645: averaged Loss: 0.010355
2026-05-20 14:23: **********Val Epoch 645: average Loss: 0.035016
2026-05-20 14:23: Train Epoch 646: 0/71 Loss: 0.006732
2026-05-20 14:23: Train Epoch 646: 20/71 Loss: 0.006899
2026-05-20 14:23: Train Epoch 646: 40/71 Loss: 0.005217
2026-05-20 14:23: Train Epoch 646: 60/71 Loss: 0.020943
2026-05-20 14:23: **********Train Epoch 646: averaged Loss: 0.007148
2026-05-20 14:23: **********Val Epoch 646: average Loss: 0.026526
2026-05-20 14:23: Train Epoch 647: 0/71 Loss: 0.020197
2026-05-20 14:23: Train Epoch 647: 20/71 Loss: 0.003391
2026-05-20 14:23: Train Epoch 647: 40/71 Loss: 0.005289
2026-05-20 14:23: Train Epoch 647: 60/71 Loss: 0.009105
2026-05-20 14:23: **********Train Epoch 647: averaged Loss: 0.007548
2026-05-20 14:23: **********Val Epoch 647: average Loss: 0.037409
2026-05-20 14:23: Train Epoch 648: 0/71 Loss: 0.024148
2026-05-20 14:23: Train Epoch 648: 20/71 Loss: 0.003202
2026-05-20 14:23: Train Epoch 648: 40/71 Loss: 0.009576
2026-05-20 14:23: Train Epoch 648: 60/71 Loss: 0.026749
2026-05-20 14:23: **********Train Epoch 648: averaged Loss: 0.009742
2026-05-20 14:23: **********Val Epoch 648: average Loss: 0.037618
2026-05-20 14:23: Train Epoch 649: 0/71 Loss: 0.020849
2026-05-20 14:23: Train Epoch 649: 20/71 Loss: 0.001343
2026-05-20 14:23: Train Epoch 649: 40/71 Loss: 0.004435
2026-05-20 14:23: Train Epoch 649: 60/71 Loss: 0.011054
2026-05-20 14:23: **********Train Epoch 649: averaged Loss: 0.008132
2026-05-20 14:23: **********Val Epoch 649: average Loss: 0.026224
2026-05-20 14:23: Train Epoch 650: 0/71 Loss: 0.017459
2026-05-20 14:23: Train Epoch 650: 20/71 Loss: 0.004621
2026-05-20 14:23: Train Epoch 650: 40/71 Loss: 0.004479
2026-05-20 14:23: Train Epoch 650: 60/71 Loss: 0.015212
2026-05-20 14:23: **********Train Epoch 650: averaged Loss: 0.007736
2026-05-20 14:23: **********Val Epoch 650: average Loss: 0.031145
2026-05-20 14:23: Train Epoch 651: 0/71 Loss: 0.013254
2026-05-20 14:23: Train Epoch 651: 20/71 Loss: 0.005733
2026-05-20 14:23: Train Epoch 651: 40/71 Loss: 0.004647
2026-05-20 14:23: Train Epoch 651: 60/71 Loss: 0.013291
2026-05-20 14:23: **********Train Epoch 651: averaged Loss: 0.006438
2026-05-20 14:23: **********Val Epoch 651: average Loss: 0.026221
2026-05-20 14:23: Train Epoch 652: 0/71 Loss: 0.017652
2026-05-20 14:23: Train Epoch 652: 20/71 Loss: 0.001323
2026-05-20 14:24: Train Epoch 652: 40/71 Loss: 0.003886
2026-05-20 14:24: Train Epoch 652: 60/71 Loss: 0.012956
2026-05-20 14:24: **********Train Epoch 652: averaged Loss: 0.006882
2026-05-20 14:24: **********Val Epoch 652: average Loss: 0.028745
2026-05-20 14:24: Train Epoch 653: 0/71 Loss: 0.021007
2026-05-20 14:24: Train Epoch 653: 20/71 Loss: 0.002962
2026-05-20 14:24: Train Epoch 653: 40/71 Loss: 0.003940
2026-05-20 14:24: Train Epoch 653: 60/71 Loss: 0.017881
2026-05-20 14:24: **********Train Epoch 653: averaged Loss: 0.007909
2026-05-20 14:24: **********Val Epoch 653: average Loss: 0.033659
2026-05-20 14:24: Train Epoch 654: 0/71 Loss: 0.012702
2026-05-20 14:24: Train Epoch 654: 20/71 Loss: 0.004291
2026-05-20 14:24: Train Epoch 654: 40/71 Loss: 0.005651
2026-05-20 14:24: Train Epoch 654: 60/71 Loss: 0.015945
2026-05-20 14:24: **********Train Epoch 654: averaged Loss: 0.006499
2026-05-20 14:24: **********Val Epoch 654: average Loss: 0.027408
2026-05-20 14:24: Train Epoch 655: 0/71 Loss: 0.021280
2026-05-20 14:24: Train Epoch 655: 20/71 Loss: 0.001332
2026-05-20 14:24: Train Epoch 655: 40/71 Loss: 0.003966
2026-05-20 14:24: Train Epoch 655: 60/71 Loss: 0.008761
2026-05-20 14:24: **********Train Epoch 655: averaged Loss: 0.007799
2026-05-20 14:24: **********Val Epoch 655: average Loss: 0.011700
2026-05-20 14:24: Train Epoch 656: 0/71 Loss: 0.004530
2026-05-20 14:24: Train Epoch 656: 20/71 Loss: 0.011115
2026-05-20 14:24: Train Epoch 656: 40/71 Loss: 0.017762
2026-05-20 14:24: Train Epoch 656: 60/71 Loss: 0.006266
2026-05-20 14:24: **********Train Epoch 656: averaged Loss: 0.009326
2026-05-20 14:24: **********Val Epoch 656: average Loss: 0.018558
2026-05-20 14:24: Train Epoch 657: 0/71 Loss: 0.012375
2026-05-20 14:24: Train Epoch 657: 20/71 Loss: 0.012108
2026-05-20 14:24: Train Epoch 657: 40/71 Loss: 0.008733
2026-05-20 14:24: Train Epoch 657: 60/71 Loss: 0.010232
2026-05-20 14:24: **********Train Epoch 657: averaged Loss: 0.007078
2026-05-20 14:24: **********Val Epoch 657: average Loss: 0.024895
2026-05-20 14:24: Train Epoch 658: 0/71 Loss: 0.011837
2026-05-20 14:24: Train Epoch 658: 20/71 Loss: 0.004822
2026-05-20 14:24: Train Epoch 658: 40/71 Loss: 0.014164
2026-05-20 14:24: Train Epoch 658: 60/71 Loss: 0.015394
2026-05-20 14:24: **********Train Epoch 658: averaged Loss: 0.008183
2026-05-20 14:24: **********Val Epoch 658: average Loss: 0.027584
2026-05-20 14:24: Train Epoch 659: 0/71 Loss: 0.011835
2026-05-20 14:24: Train Epoch 659: 20/71 Loss: 0.005691
2026-05-20 14:24: Train Epoch 659: 40/71 Loss: 0.008800
2026-05-20 14:24: Train Epoch 659: 60/71 Loss: 0.020221
2026-05-20 14:24: **********Train Epoch 659: averaged Loss: 0.007457
2026-05-20 14:24: **********Val Epoch 659: average Loss: 0.023511
2026-05-20 14:24: Train Epoch 660: 0/71 Loss: 0.022052
2026-05-20 14:24: Train Epoch 660: 20/71 Loss: 0.001659
2026-05-20 14:24: Train Epoch 660: 40/71 Loss: 0.005360
2026-05-20 14:24: Train Epoch 660: 60/71 Loss: 0.016521
2026-05-20 14:24: **********Train Epoch 660: averaged Loss: 0.009079
2026-05-20 14:24: **********Val Epoch 660: average Loss: 0.027487
2026-05-20 14:24: Train Epoch 661: 0/71 Loss: 0.015179
2026-05-20 14:24: Train Epoch 661: 20/71 Loss: 0.003810
2026-05-20 14:24: Train Epoch 661: 40/71 Loss: 0.003775
2026-05-20 14:24: Train Epoch 661: 60/71 Loss: 0.026343
2026-05-20 14:24: **********Train Epoch 661: averaged Loss: 0.008507
2026-05-20 14:24: **********Val Epoch 661: average Loss: 0.018440
2026-05-20 14:24: Train Epoch 662: 0/71 Loss: 0.009365
2026-05-20 14:24: Train Epoch 662: 20/71 Loss: 0.001380
2026-05-20 14:24: Train Epoch 662: 40/71 Loss: 0.008417
2026-05-20 14:24: Train Epoch 662: 60/71 Loss: 0.008977
2026-05-20 14:24: **********Train Epoch 662: averaged Loss: 0.006979
2026-05-20 14:24: **********Val Epoch 662: average Loss: 0.017244
2026-05-20 14:24: Train Epoch 663: 0/71 Loss: 0.015920
2026-05-20 14:24: Train Epoch 663: 20/71 Loss: 0.011326
2026-05-20 14:24: Train Epoch 663: 40/71 Loss: 0.005469
2026-05-20 14:24: Train Epoch 663: 60/71 Loss: 0.013456
2026-05-20 14:24: **********Train Epoch 663: averaged Loss: 0.009742
2026-05-20 14:24: **********Val Epoch 663: average Loss: 0.018251
2026-05-20 14:24: Train Epoch 664: 0/71 Loss: 0.004503
2026-05-20 14:24: Train Epoch 664: 20/71 Loss: 0.010778
2026-05-20 14:24: Train Epoch 664: 40/71 Loss: 0.012111
2026-05-20 14:24: Train Epoch 664: 60/71 Loss: 0.012460
2026-05-20 14:24: **********Train Epoch 664: averaged Loss: 0.008339
2026-05-20 14:24: **********Val Epoch 664: average Loss: 0.018280
2026-05-20 14:24: Train Epoch 665: 0/71 Loss: 0.012576
2026-05-20 14:24: Train Epoch 665: 20/71 Loss: 0.005495
2026-05-20 14:24: Train Epoch 665: 40/71 Loss: 0.005149
2026-05-20 14:24: Train Epoch 665: 60/71 Loss: 0.020003
2026-05-20 14:24: **********Train Epoch 665: averaged Loss: 0.007662
2026-05-20 14:24: **********Val Epoch 665: average Loss: 0.028875
2026-05-20 14:24: Train Epoch 666: 0/71 Loss: 0.018833
2026-05-20 14:24: Train Epoch 666: 20/71 Loss: 0.001762
2026-05-20 14:24: Train Epoch 666: 40/71 Loss: 0.005264
2026-05-20 14:24: Train Epoch 666: 60/71 Loss: 0.009476
2026-05-20 14:24: **********Train Epoch 666: averaged Loss: 0.007116
2026-05-20 14:24: **********Val Epoch 666: average Loss: 0.018455
2026-05-20 14:24: Train Epoch 667: 0/71 Loss: 0.016766
2026-05-20 14:24: Train Epoch 667: 20/71 Loss: 0.004258
2026-05-20 14:24: Train Epoch 667: 40/71 Loss: 0.003520
2026-05-20 14:24: Train Epoch 667: 60/71 Loss: 0.015119
2026-05-20 14:24: **********Train Epoch 667: averaged Loss: 0.006627
2026-05-20 14:24: **********Val Epoch 667: average Loss: 0.039447
2026-05-20 14:24: Train Epoch 668: 0/71 Loss: 0.020059
2026-05-20 14:24: Train Epoch 668: 20/71 Loss: 0.001458
2026-05-20 14:24: Train Epoch 668: 40/71 Loss: 0.004182
2026-05-20 14:24: Train Epoch 668: 60/71 Loss: 0.014987
2026-05-20 14:24: **********Train Epoch 668: averaged Loss: 0.007973
2026-05-20 14:24: **********Val Epoch 668: average Loss: 0.023207
2026-05-20 14:24: Train Epoch 669: 0/71 Loss: 0.014989
2026-05-20 14:24: Train Epoch 669: 20/71 Loss: 0.003480
2026-05-20 14:24: Train Epoch 669: 40/71 Loss: 0.004326
2026-05-20 14:24: Train Epoch 669: 60/71 Loss: 0.006569
2026-05-20 14:24: **********Train Epoch 669: averaged Loss: 0.005865
2026-05-20 14:24: **********Val Epoch 669: average Loss: 0.026224
2026-05-20 14:24: Train Epoch 670: 0/71 Loss: 0.016758
2026-05-20 14:24: Train Epoch 670: 20/71 Loss: 0.002850
2026-05-20 14:24: Train Epoch 670: 40/71 Loss: 0.005550
2026-05-20 14:25: Train Epoch 670: 60/71 Loss: 0.015088
2026-05-20 14:25: **********Train Epoch 670: averaged Loss: 0.007570
2026-05-20 14:25: **********Val Epoch 670: average Loss: 0.019642
2026-05-20 14:25: Train Epoch 671: 0/71 Loss: 0.010167
2026-05-20 14:25: Train Epoch 671: 20/71 Loss: 0.008831
2026-05-20 14:25: Train Epoch 671: 40/71 Loss: 0.015501
2026-05-20 14:25: Train Epoch 671: 60/71 Loss: 0.008300
2026-05-20 14:25: **********Train Epoch 671: averaged Loss: 0.006273
2026-05-20 14:25: **********Val Epoch 671: average Loss: 0.021755
2026-05-20 14:25: Train Epoch 672: 0/71 Loss: 0.013394
2026-05-20 14:25: Train Epoch 672: 20/71 Loss: 0.004597
2026-05-20 14:25: Train Epoch 672: 40/71 Loss: 0.003343
2026-05-20 14:25: Train Epoch 672: 60/71 Loss: 0.010785
2026-05-20 14:25: **********Train Epoch 672: averaged Loss: 0.005870
2026-05-20 14:25: **********Val Epoch 672: average Loss: 0.022328
2026-05-20 14:25: Train Epoch 673: 0/71 Loss: 0.010203
2026-05-20 14:25: Train Epoch 673: 20/71 Loss: 0.008859
2026-05-20 14:25: Train Epoch 673: 40/71 Loss: 0.013698
2026-05-20 14:25: Train Epoch 673: 60/71 Loss: 0.006951
2026-05-20 14:25: **********Train Epoch 673: averaged Loss: 0.007386
2026-05-20 14:25: **********Val Epoch 673: average Loss: 0.017355
2026-05-20 14:25: Train Epoch 674: 0/71 Loss: 0.010775
2026-05-20 14:25: Train Epoch 674: 20/71 Loss: 0.010757
2026-05-20 14:25: Train Epoch 674: 40/71 Loss: 0.019002
2026-05-20 14:25: Train Epoch 674: 60/71 Loss: 0.022532
2026-05-20 14:25: **********Train Epoch 674: averaged Loss: 0.010984
2026-05-20 14:25: **********Val Epoch 674: average Loss: 0.029301
2026-05-20 14:25: Train Epoch 675: 0/71 Loss: 0.004388
2026-05-20 14:25: Train Epoch 675: 20/71 Loss: 0.004132
2026-05-20 14:25: Train Epoch 675: 40/71 Loss: 0.006474
2026-05-20 14:25: Train Epoch 675: 60/71 Loss: 0.007621
2026-05-20 14:25: **********Train Epoch 675: averaged Loss: 0.005920
2026-05-20 14:25: **********Val Epoch 675: average Loss: 0.015255
2026-05-20 14:25: Train Epoch 676: 0/71 Loss: 0.015034
2026-05-20 14:25: Train Epoch 676: 20/71 Loss: 0.011294
2026-05-20 14:25: Train Epoch 676: 40/71 Loss: 0.012872
2026-05-20 14:25: Train Epoch 676: 60/71 Loss: 0.011332
2026-05-20 14:25: **********Train Epoch 676: averaged Loss: 0.007344
2026-05-20 14:25: **********Val Epoch 676: average Loss: 0.021289
2026-05-20 14:25: Train Epoch 677: 0/71 Loss: 0.014901
2026-05-20 14:25: Train Epoch 677: 20/71 Loss: 0.006970
2026-05-20 14:25: Train Epoch 677: 40/71 Loss: 0.003404
2026-05-20 14:25: Train Epoch 677: 60/71 Loss: 0.026072
2026-05-20 14:25: **********Train Epoch 677: averaged Loss: 0.007892
2026-05-20 14:25: **********Val Epoch 677: average Loss: 0.034336
2026-05-20 14:25: Train Epoch 678: 0/71 Loss: 0.010558
2026-05-20 14:25: Train Epoch 678: 20/71 Loss: 0.001313
2026-05-20 14:25: Train Epoch 678: 40/71 Loss: 0.006918
2026-05-20 14:25: Train Epoch 678: 60/71 Loss: 0.009361
2026-05-20 14:25: **********Train Epoch 678: averaged Loss: 0.006570
2026-05-20 14:25: **********Val Epoch 678: average Loss: 0.018633
2026-05-20 14:25: Train Epoch 679: 0/71 Loss: 0.009968
2026-05-20 14:25: Train Epoch 679: 20/71 Loss: 0.009068
2026-05-20 14:25: Train Epoch 679: 40/71 Loss: 0.020565
2026-05-20 14:25: Train Epoch 679: 60/71 Loss: 0.013017
2026-05-20 14:25: **********Train Epoch 679: averaged Loss: 0.009870
2026-05-20 14:25: **********Val Epoch 679: average Loss: 0.019989
2026-05-20 14:25: Train Epoch 680: 0/71 Loss: 0.006618
2026-05-20 14:25: Train Epoch 680: 20/71 Loss: 0.013647
2026-05-20 14:25: Train Epoch 680: 40/71 Loss: 0.006442
2026-05-20 14:25: Train Epoch 680: 60/71 Loss: 0.026268
2026-05-20 14:25: **********Train Epoch 680: averaged Loss: 0.008848
2026-05-20 14:25: **********Val Epoch 680: average Loss: 0.029318
2026-05-20 14:25: Train Epoch 681: 0/71 Loss: 0.018335
2026-05-20 14:25: Train Epoch 681: 20/71 Loss: 0.001964
2026-05-20 14:25: Train Epoch 681: 40/71 Loss: 0.004761
2026-05-20 14:25: Train Epoch 681: 60/71 Loss: 0.005607
2026-05-20 14:25: **********Train Epoch 681: averaged Loss: 0.007318
2026-05-20 14:25: **********Val Epoch 681: average Loss: 0.020384
2026-05-20 14:25: Train Epoch 682: 0/71 Loss: 0.009957
2026-05-20 14:25: Train Epoch 682: 20/71 Loss: 0.009478
2026-05-20 14:25: Train Epoch 682: 40/71 Loss: 0.009976
2026-05-20 14:25: Train Epoch 682: 60/71 Loss: 0.007127
2026-05-20 14:25: **********Train Epoch 682: averaged Loss: 0.010095
2026-05-20 14:25: **********Val Epoch 682: average Loss: 0.026929
2026-05-20 14:25: Train Epoch 683: 0/71 Loss: 0.004733
2026-05-20 14:25: Train Epoch 683: 20/71 Loss: 0.007866
2026-05-20 14:25: Train Epoch 683: 40/71 Loss: 0.018989
2026-05-20 14:25: Train Epoch 683: 60/71 Loss: 0.024413
2026-05-20 14:25: **********Train Epoch 683: averaged Loss: 0.011163
2026-05-20 14:25: **********Val Epoch 683: average Loss: 0.030022
2026-05-20 14:25: Train Epoch 684: 0/71 Loss: 0.005910
2026-05-20 14:25: Train Epoch 684: 20/71 Loss: 0.002511
2026-05-20 14:25: Train Epoch 684: 40/71 Loss: 0.011893
2026-05-20 14:25: Train Epoch 684: 60/71 Loss: 0.008877
2026-05-20 14:25: **********Train Epoch 684: averaged Loss: 0.007160
2026-05-20 14:25: **********Val Epoch 684: average Loss: 0.035297
2026-05-20 14:25: Train Epoch 685: 0/71 Loss: 0.017384
2026-05-20 14:25: Train Epoch 685: 20/71 Loss: 0.001870
2026-05-20 14:25: Train Epoch 685: 40/71 Loss: 0.004960
2026-05-20 14:25: Train Epoch 685: 60/71 Loss: 0.015867
2026-05-20 14:25: **********Train Epoch 685: averaged Loss: 0.007388
2026-05-20 14:25: **********Val Epoch 685: average Loss: 0.041814
2026-05-20 14:25: Train Epoch 686: 0/71 Loss: 0.012006
2026-05-20 14:25: Train Epoch 686: 20/71 Loss: 0.001691
2026-05-20 14:25: Train Epoch 686: 40/71 Loss: 0.006191
2026-05-20 14:25: Train Epoch 686: 60/71 Loss: 0.019200
2026-05-20 14:25: **********Train Epoch 686: averaged Loss: 0.007479
2026-05-20 14:25: **********Val Epoch 686: average Loss: 0.037308
2026-05-20 14:25: Train Epoch 687: 0/71 Loss: 0.014318
2026-05-20 14:25: Train Epoch 687: 20/71 Loss: 0.001558
2026-05-20 14:25: Train Epoch 687: 40/71 Loss: 0.005168
2026-05-20 14:25: Train Epoch 687: 60/71 Loss: 0.009960
2026-05-20 14:25: **********Train Epoch 687: averaged Loss: 0.007120
2026-05-20 14:25: **********Val Epoch 687: average Loss: 0.023878
2026-05-20 14:25: Train Epoch 688: 0/71 Loss: 0.005176
2026-05-20 14:25: Train Epoch 688: 20/71 Loss: 0.008978
2026-05-20 14:25: Train Epoch 688: 40/71 Loss: 0.016988
2026-05-20 14:26: Train Epoch 688: 60/71 Loss: 0.007387
2026-05-20 14:26: **********Train Epoch 688: averaged Loss: 0.008501
2026-05-20 14:26: **********Val Epoch 688: average Loss: 0.022060
2026-05-20 14:26: Train Epoch 689: 0/71 Loss: 0.011936
2026-05-20 14:26: Train Epoch 689: 20/71 Loss: 0.005701
2026-05-20 14:26: Train Epoch 689: 40/71 Loss: 0.004169
2026-05-20 14:26: Train Epoch 689: 60/71 Loss: 0.013434
2026-05-20 14:26: **********Train Epoch 689: averaged Loss: 0.006584
2026-05-20 14:26: **********Val Epoch 689: average Loss: 0.029650
2026-05-20 14:26: Train Epoch 690: 0/71 Loss: 0.010543
2026-05-20 14:26: Train Epoch 690: 20/71 Loss: 0.002912
2026-05-20 14:26: Train Epoch 690: 40/71 Loss: 0.003602
2026-05-20 14:26: Train Epoch 690: 60/71 Loss: 0.010836
2026-05-20 14:26: **********Train Epoch 690: averaged Loss: 0.005631
2026-05-20 14:26: **********Val Epoch 690: average Loss: 0.038339
2026-05-20 14:26: Train Epoch 691: 0/71 Loss: 0.016601
2026-05-20 14:26: Train Epoch 691: 20/71 Loss: 0.002189
2026-05-20 14:26: Train Epoch 691: 40/71 Loss: 0.007291
2026-05-20 14:26: Train Epoch 691: 60/71 Loss: 0.016908
2026-05-20 14:26: **********Train Epoch 691: averaged Loss: 0.008824
2026-05-20 14:26: **********Val Epoch 691: average Loss: 0.037590
2026-05-20 14:26: Train Epoch 692: 0/71 Loss: 0.016150
2026-05-20 14:26: Train Epoch 692: 20/71 Loss: 0.002210
2026-05-20 14:26: Train Epoch 692: 40/71 Loss: 0.004613
2026-05-20 14:26: Train Epoch 692: 60/71 Loss: 0.009833
2026-05-20 14:26: **********Train Epoch 692: averaged Loss: 0.007132
2026-05-20 14:26: **********Val Epoch 692: average Loss: 0.019993
2026-05-20 14:26: Train Epoch 693: 0/71 Loss: 0.003743
2026-05-20 14:26: Train Epoch 693: 20/71 Loss: 0.012034
2026-05-20 14:26: Train Epoch 693: 40/71 Loss: 0.020302
2026-05-20 14:26: Train Epoch 693: 60/71 Loss: 0.011051
2026-05-20 14:26: **********Train Epoch 693: averaged Loss: 0.009650
2026-05-20 14:26: **********Val Epoch 693: average Loss: 0.027050
2026-05-20 14:26: Train Epoch 694: 0/71 Loss: 0.007270
2026-05-20 14:26: Train Epoch 694: 20/71 Loss: 0.005145
2026-05-20 14:26: Train Epoch 694: 40/71 Loss: 0.004215
2026-05-20 14:26: Train Epoch 694: 60/71 Loss: 0.006481
2026-05-20 14:26: **********Train Epoch 694: averaged Loss: 0.005841
2026-05-20 14:26: **********Val Epoch 694: average Loss: 0.028858
2026-05-20 14:26: Train Epoch 695: 0/71 Loss: 0.010999
2026-05-20 14:26: Train Epoch 695: 20/71 Loss: 0.009960
2026-05-20 14:26: Train Epoch 695: 40/71 Loss: 0.015132
2026-05-20 14:26: Train Epoch 695: 60/71 Loss: 0.015001
2026-05-20 14:26: **********Train Epoch 695: averaged Loss: 0.008816
2026-05-20 14:26: **********Val Epoch 695: average Loss: 0.030936
2026-05-20 14:26: Train Epoch 696: 0/71 Loss: 0.006296
2026-05-20 14:26: Train Epoch 696: 20/71 Loss: 0.012735
2026-05-20 14:26: Train Epoch 696: 40/71 Loss: 0.016213
2026-05-20 14:26: Train Epoch 696: 60/71 Loss: 0.019248
2026-05-20 14:26: **********Train Epoch 696: averaged Loss: 0.009320
2026-05-20 14:26: **********Val Epoch 696: average Loss: 0.029384
2026-05-20 14:26: Train Epoch 697: 0/71 Loss: 0.007243
2026-05-20 14:26: Train Epoch 697: 20/71 Loss: 0.002384
2026-05-20 14:26: Train Epoch 697: 40/71 Loss: 0.007934
2026-05-20 14:26: Train Epoch 697: 60/71 Loss: 0.007477
2026-05-20 14:26: **********Train Epoch 697: averaged Loss: 0.008052
2026-05-20 14:26: **********Val Epoch 697: average Loss: 0.024091
2026-05-20 14:26: Train Epoch 698: 0/71 Loss: 0.015284
2026-05-20 14:26: Train Epoch 698: 20/71 Loss: 0.002860
2026-05-20 14:26: Train Epoch 698: 40/71 Loss: 0.004891
2026-05-20 14:26: Train Epoch 698: 60/71 Loss: 0.020543
2026-05-20 14:26: **********Train Epoch 698: averaged Loss: 0.008732
2026-05-20 14:26: **********Val Epoch 698: average Loss: 0.034418
2026-05-20 14:26: Train Epoch 699: 0/71 Loss: 0.014416
2026-05-20 14:26: Train Epoch 699: 20/71 Loss: 0.001843
2026-05-20 14:26: Train Epoch 699: 40/71 Loss: 0.005384
2026-05-20 14:26: Train Epoch 699: 60/71 Loss: 0.008167
2026-05-20 14:26: **********Train Epoch 699: averaged Loss: 0.007428
2026-05-20 14:26: **********Val Epoch 699: average Loss: 0.017993
2026-05-20 14:26: Train Epoch 700: 0/71 Loss: 0.004802
2026-05-20 14:26: Train Epoch 700: 20/71 Loss: 0.008326
2026-05-20 14:26: Train Epoch 700: 40/71 Loss: 0.014505
2026-05-20 14:26: Train Epoch 700: 60/71 Loss: 0.006354
2026-05-20 14:26: **********Train Epoch 700: averaged Loss: 0.008786
2026-05-20 14:26: **********Val Epoch 700: average Loss: 0.025949
2026-05-20 14:26: Train Epoch 701: 0/71 Loss: 0.008180
2026-05-20 14:26: Train Epoch 701: 20/71 Loss: 0.007611
2026-05-20 14:26: Train Epoch 701: 40/71 Loss: 0.007279
2026-05-20 14:26: Train Epoch 701: 60/71 Loss: 0.012801
2026-05-20 14:26: **********Train Epoch 701: averaged Loss: 0.006677
2026-05-20 14:26: **********Val Epoch 701: average Loss: 0.025774
2026-05-20 14:26: Train Epoch 702: 0/71 Loss: 0.015670
2026-05-20 14:26: Train Epoch 702: 20/71 Loss: 0.003557
2026-05-20 14:26: Train Epoch 702: 40/71 Loss: 0.004019
2026-05-20 14:26: Train Epoch 702: 60/71 Loss: 0.011889
2026-05-20 14:26: **********Train Epoch 702: averaged Loss: 0.006717
2026-05-20 14:26: **********Val Epoch 702: average Loss: 0.030597
2026-05-20 14:26: Train Epoch 703: 0/71 Loss: 0.014601
2026-05-20 14:26: Train Epoch 703: 20/71 Loss: 0.005490
2026-05-20 14:26: Train Epoch 703: 40/71 Loss: 0.006901
2026-05-20 14:26: Train Epoch 703: 60/71 Loss: 0.011311
2026-05-20 14:26: **********Train Epoch 703: averaged Loss: 0.008413
2026-05-20 14:26: **********Val Epoch 703: average Loss: 0.027796
2026-05-20 14:26: Train Epoch 704: 0/71 Loss: 0.008875
2026-05-20 14:26: Train Epoch 704: 20/71 Loss: 0.006081
2026-05-20 14:26: Train Epoch 704: 40/71 Loss: 0.009754
2026-05-20 14:26: Train Epoch 704: 60/71 Loss: 0.010229
2026-05-20 14:26: **********Train Epoch 704: averaged Loss: 0.005925
2026-05-20 14:26: **********Val Epoch 704: average Loss: 0.026838
2026-05-20 14:26: Train Epoch 705: 0/71 Loss: 0.008363
2026-05-20 14:26: Train Epoch 705: 20/71 Loss: 0.003435
2026-05-20 14:26: Train Epoch 705: 40/71 Loss: 0.006580
2026-05-20 14:26: Train Epoch 705: 60/71 Loss: 0.005037
2026-05-20 14:26: **********Train Epoch 705: averaged Loss: 0.005176
2026-05-20 14:26: **********Val Epoch 705: average Loss: 0.020906
2026-05-20 14:26: Train Epoch 706: 0/71 Loss: 0.005858
2026-05-20 14:26: Train Epoch 706: 20/71 Loss: 0.011977
2026-05-20 14:26: Train Epoch 706: 40/71 Loss: 0.012775
2026-05-20 14:27: Train Epoch 706: 60/71 Loss: 0.006071
2026-05-20 14:27: **********Train Epoch 706: averaged Loss: 0.008435
2026-05-20 14:27: **********Val Epoch 706: average Loss: 0.018483
2026-05-20 14:27: Train Epoch 707: 0/71 Loss: 0.006609
2026-05-20 14:27: Train Epoch 707: 20/71 Loss: 0.012620
2026-05-20 14:27: Train Epoch 707: 40/71 Loss: 0.015608
2026-05-20 14:27: Train Epoch 707: 60/71 Loss: 0.016074
2026-05-20 14:27: **********Train Epoch 707: averaged Loss: 0.009309
2026-05-20 14:27: **********Val Epoch 707: average Loss: 0.026702
2026-05-20 14:27: Train Epoch 708: 0/71 Loss: 0.009627
2026-05-20 14:27: Train Epoch 708: 20/71 Loss: 0.006024
2026-05-20 14:27: Train Epoch 708: 40/71 Loss: 0.004571
2026-05-20 14:27: Train Epoch 708: 60/71 Loss: 0.013536
2026-05-20 14:27: **********Train Epoch 708: averaged Loss: 0.006775
2026-05-20 14:27: **********Val Epoch 708: average Loss: 0.035004
2026-05-20 14:27: Train Epoch 709: 0/71 Loss: 0.014771
2026-05-20 14:27: Train Epoch 709: 20/71 Loss: 0.003361
2026-05-20 14:27: Train Epoch 709: 40/71 Loss: 0.005063
2026-05-20 14:27: Train Epoch 709: 60/71 Loss: 0.007691
2026-05-20 14:27: **********Train Epoch 709: averaged Loss: 0.007024
2026-05-20 14:27: **********Val Epoch 709: average Loss: 0.033237
2026-05-20 14:27: Train Epoch 710: 0/71 Loss: 0.007611
2026-05-20 14:27: Train Epoch 710: 20/71 Loss: 0.008616
2026-05-20 14:27: Train Epoch 710: 40/71 Loss: 0.013523
2026-05-20 14:27: Train Epoch 710: 60/71 Loss: 0.010663
2026-05-20 14:27: **********Train Epoch 710: averaged Loss: 0.010092
2026-05-20 14:27: **********Val Epoch 710: average Loss: 0.036415
2026-05-20 14:27: Train Epoch 711: 0/71 Loss: 0.008552
2026-05-20 14:27: Train Epoch 711: 20/71 Loss: 0.003889
2026-05-20 14:27: Train Epoch 711: 40/71 Loss: 0.012572
2026-05-20 14:27: Train Epoch 711: 60/71 Loss: 0.012693
2026-05-20 14:27: **********Train Epoch 711: averaged Loss: 0.008940
2026-05-20 14:27: **********Val Epoch 711: average Loss: 0.031639
2026-05-20 14:27: Train Epoch 712: 0/71 Loss: 0.010701
2026-05-20 14:27: Train Epoch 712: 20/71 Loss: 0.005959
2026-05-20 14:27: Train Epoch 712: 40/71 Loss: 0.010198
2026-05-20 14:27: Train Epoch 712: 60/71 Loss: 0.014785
2026-05-20 14:27: **********Train Epoch 712: averaged Loss: 0.007638
2026-05-20 14:27: **********Val Epoch 712: average Loss: 0.023791
2026-05-20 14:27: Train Epoch 713: 0/71 Loss: 0.010827
2026-05-20 14:27: Train Epoch 713: 20/71 Loss: 0.002501
2026-05-20 14:27: Train Epoch 713: 40/71 Loss: 0.005577
2026-05-20 14:27: Train Epoch 713: 60/71 Loss: 0.010776
2026-05-20 14:27: **********Train Epoch 713: averaged Loss: 0.005963
2026-05-20 14:27: **********Val Epoch 713: average Loss: 0.030147
2026-05-20 14:27: Train Epoch 714: 0/71 Loss: 0.013720
2026-05-20 14:27: Train Epoch 714: 20/71 Loss: 0.002414
2026-05-20 14:27: Train Epoch 714: 40/71 Loss: 0.005564
2026-05-20 14:27: Train Epoch 714: 60/71 Loss: 0.008579
2026-05-20 14:27: **********Train Epoch 714: averaged Loss: 0.006791
2026-05-20 14:27: **********Val Epoch 714: average Loss: 0.043702
2026-05-20 14:27: Train Epoch 715: 0/71 Loss: 0.010590
2026-05-20 14:27: Train Epoch 715: 20/71 Loss: 0.006540
2026-05-20 14:27: Train Epoch 715: 40/71 Loss: 0.004020
2026-05-20 14:27: Train Epoch 715: 60/71 Loss: 0.009478
2026-05-20 14:27: **********Train Epoch 715: averaged Loss: 0.006683
2026-05-20 14:27: **********Val Epoch 715: average Loss: 0.037663
2026-05-20 14:27: Train Epoch 716: 0/71 Loss: 0.010744
2026-05-20 14:27: Train Epoch 716: 20/71 Loss: 0.003702
2026-05-20 14:27: Train Epoch 716: 40/71 Loss: 0.004277
2026-05-20 14:27: Train Epoch 716: 60/71 Loss: 0.009843
2026-05-20 14:27: **********Train Epoch 716: averaged Loss: 0.006190
2026-05-20 14:27: **********Val Epoch 716: average Loss: 0.030193
2026-05-20 14:27: Train Epoch 717: 0/71 Loss: 0.006601
2026-05-20 14:27: Train Epoch 717: 20/71 Loss: 0.008781
2026-05-20 14:27: Train Epoch 717: 40/71 Loss: 0.017557
2026-05-20 14:27: Train Epoch 717: 60/71 Loss: 0.005054
2026-05-20 14:27: **********Train Epoch 717: averaged Loss: 0.007345
2026-05-20 14:27: **********Val Epoch 717: average Loss: 0.034218
2026-05-20 14:27: Train Epoch 718: 0/71 Loss: 0.008362
2026-05-20 14:27: Train Epoch 718: 20/71 Loss: 0.011553
2026-05-20 14:27: Train Epoch 718: 40/71 Loss: 0.013995
2026-05-20 14:27: Train Epoch 718: 60/71 Loss: 0.015054
2026-05-20 14:27: **********Train Epoch 718: averaged Loss: 0.008549
2026-05-20 14:27: **********Val Epoch 718: average Loss: 0.033233
2026-05-20 14:27: Train Epoch 719: 0/71 Loss: 0.009704
2026-05-20 14:27: Train Epoch 719: 20/71 Loss: 0.004259
2026-05-20 14:27: Train Epoch 719: 40/71 Loss: 0.006844
2026-05-20 14:27: Train Epoch 719: 60/71 Loss: 0.012029
2026-05-20 14:27: **********Train Epoch 719: averaged Loss: 0.006442
2026-05-20 14:27: **********Val Epoch 719: average Loss: 0.024591
2026-05-20 14:27: Train Epoch 720: 0/71 Loss: 0.006489
2026-05-20 14:27: Train Epoch 720: 20/71 Loss: 0.004431
2026-05-20 14:27: Train Epoch 720: 40/71 Loss: 0.013835
2026-05-20 14:27: Train Epoch 720: 60/71 Loss: 0.011712
2026-05-20 14:27: **********Train Epoch 720: averaged Loss: 0.008047
2026-05-20 14:27: **********Val Epoch 720: average Loss: 0.025930
2026-05-20 14:27: Train Epoch 721: 0/71 Loss: 0.009702
2026-05-20 14:27: Train Epoch 721: 20/71 Loss: 0.003504
2026-05-20 14:27: Train Epoch 721: 40/71 Loss: 0.006980
2026-05-20 14:27: Train Epoch 721: 60/71 Loss: 0.013620
2026-05-20 14:27: **********Train Epoch 721: averaged Loss: 0.006351
2026-05-20 14:27: **********Val Epoch 721: average Loss: 0.030907
2026-05-20 14:27: Train Epoch 722: 0/71 Loss: 0.019628
2026-05-20 14:27: Train Epoch 722: 20/71 Loss: 0.001571
2026-05-20 14:27: Train Epoch 722: 40/71 Loss: 0.006081
2026-05-20 14:27: Train Epoch 722: 60/71 Loss: 0.009325
2026-05-20 14:27: **********Train Epoch 722: averaged Loss: 0.007663
2026-05-20 14:27: **********Val Epoch 722: average Loss: 0.032486
2026-05-20 14:27: Train Epoch 723: 0/71 Loss: 0.007372
2026-05-20 14:27: Train Epoch 723: 20/71 Loss: 0.007517
2026-05-20 14:27: Train Epoch 723: 40/71 Loss: 0.008965
2026-05-20 14:27: Train Epoch 723: 60/71 Loss: 0.007852
2026-05-20 14:27: **********Train Epoch 723: averaged Loss: 0.007890
2026-05-20 14:27: **********Val Epoch 723: average Loss: 0.019058
2026-05-20 14:27: Train Epoch 724: 0/71 Loss: 0.008513
2026-05-20 14:27: Train Epoch 724: 20/71 Loss: 0.010060
2026-05-20 14:27: Train Epoch 724: 40/71 Loss: 0.016745
2026-05-20 14:27: Train Epoch 724: 60/71 Loss: 0.013202
2026-05-20 14:27: **********Train Epoch 724: averaged Loss: 0.011040
2026-05-20 14:27: **********Val Epoch 724: average Loss: 0.035248
2026-05-20 14:27: Train Epoch 725: 0/71 Loss: 0.009328
2026-05-20 14:27: Train Epoch 725: 20/71 Loss: 0.006724
2026-05-20 14:27: Train Epoch 725: 40/71 Loss: 0.007603
2026-05-20 14:27: Train Epoch 725: 60/71 Loss: 0.012859
2026-05-20 14:27: **********Train Epoch 725: averaged Loss: 0.006645
2026-05-20 14:27: **********Val Epoch 725: average Loss: 0.027678
2026-05-20 14:27: Train Epoch 726: 0/71 Loss: 0.010264
2026-05-20 14:27: Train Epoch 726: 20/71 Loss: 0.003908
2026-05-20 14:27: Train Epoch 726: 40/71 Loss: 0.008852
2026-05-20 14:27: Train Epoch 726: 60/71 Loss: 0.005642
2026-05-20 14:27: **********Train Epoch 726: averaged Loss: 0.006759
2026-05-20 14:27: **********Val Epoch 726: average Loss: 0.033038
2026-05-20 14:27: Train Epoch 727: 0/71 Loss: 0.013009
2026-05-20 14:27: Train Epoch 727: 20/71 Loss: 0.002261
2026-05-20 14:27: Train Epoch 727: 40/71 Loss: 0.006012
2026-05-20 14:27: Train Epoch 727: 60/71 Loss: 0.015168
2026-05-20 14:27: **********Train Epoch 727: averaged Loss: 0.007284
2026-05-20 14:27: **********Val Epoch 727: average Loss: 0.047512
2026-05-20 14:27: Train Epoch 728: 0/71 Loss: 0.018028
2026-05-20 14:28: Train Epoch 728: 20/71 Loss: 0.001661
2026-05-20 14:28: Train Epoch 728: 40/71 Loss: 0.006106
2026-05-20 14:28: Train Epoch 728: 60/71 Loss: 0.009684
2026-05-20 14:28: **********Train Epoch 728: averaged Loss: 0.007633
2026-05-20 14:28: **********Val Epoch 728: average Loss: 0.035089
2026-05-20 14:28: Train Epoch 729: 0/71 Loss: 0.006206
2026-05-20 14:28: Train Epoch 729: 20/71 Loss: 0.010605
2026-05-20 14:28: Train Epoch 729: 40/71 Loss: 0.009881
2026-05-20 14:28: Train Epoch 729: 60/71 Loss: 0.008570
2026-05-20 14:28: **********Train Epoch 729: averaged Loss: 0.007157
2026-05-20 14:28: **********Val Epoch 729: average Loss: 0.036356
2026-05-20 14:28: Train Epoch 730: 0/71 Loss: 0.005934
2026-05-20 14:28: Train Epoch 730: 20/71 Loss: 0.006849
2026-05-20 14:28: Train Epoch 730: 40/71 Loss: 0.012163
2026-05-20 14:28: Train Epoch 730: 60/71 Loss: 0.007181
2026-05-20 14:28: **********Train Epoch 730: averaged Loss: 0.007120
2026-05-20 14:28: **********Val Epoch 730: average Loss: 0.026003
2026-05-20 14:28: Train Epoch 731: 0/71 Loss: 0.011161
2026-05-20 14:28: Train Epoch 731: 20/71 Loss: 0.006510
2026-05-20 14:28: Train Epoch 731: 40/71 Loss: 0.006571
2026-05-20 14:28: Train Epoch 731: 60/71 Loss: 0.013122
2026-05-20 14:28: **********Train Epoch 731: averaged Loss: 0.006297
2026-05-20 14:28: **********Val Epoch 731: average Loss: 0.034701
2026-05-20 14:28: Train Epoch 732: 0/71 Loss: 0.013169
2026-05-20 14:28: Train Epoch 732: 20/71 Loss: 0.002303
2026-05-20 14:28: Train Epoch 732: 40/71 Loss: 0.005384
2026-05-20 14:28: Train Epoch 732: 60/71 Loss: 0.009385
2026-05-20 14:28: **********Train Epoch 732: averaged Loss: 0.006856
2026-05-20 14:28: **********Val Epoch 732: average Loss: 0.025301
2026-05-20 14:28: Train Epoch 733: 0/71 Loss: 0.006136
2026-05-20 14:28: Train Epoch 733: 20/71 Loss: 0.012765
2026-05-20 14:28: Train Epoch 733: 40/71 Loss: 0.009787
2026-05-20 14:28: Train Epoch 733: 60/71 Loss: 0.012325
2026-05-20 14:28: **********Train Epoch 733: averaged Loss: 0.008166
2026-05-20 14:28: **********Val Epoch 733: average Loss: 0.026871
2026-05-20 14:28: Train Epoch 734: 0/71 Loss: 0.004906
2026-05-20 14:28: Train Epoch 734: 20/71 Loss: 0.006027
2026-05-20 14:28: Train Epoch 734: 40/71 Loss: 0.011727
2026-05-20 14:28: Train Epoch 734: 60/71 Loss: 0.008310
2026-05-20 14:28: **********Train Epoch 734: averaged Loss: 0.007986
2026-05-20 14:28: **********Val Epoch 734: average Loss: 0.026139
2026-05-20 14:28: Train Epoch 735: 0/71 Loss: 0.011685
2026-05-20 14:28: Train Epoch 735: 20/71 Loss: 0.003884
2026-05-20 14:28: Train Epoch 735: 40/71 Loss: 0.005569
2026-05-20 14:28: Train Epoch 735: 60/71 Loss: 0.008836
2026-05-20 14:28: **********Train Epoch 735: averaged Loss: 0.006298
2026-05-20 14:28: **********Val Epoch 735: average Loss: 0.036936
2026-05-20 14:28: Train Epoch 736: 0/71 Loss: 0.012042
2026-05-20 14:28: Train Epoch 736: 20/71 Loss: 0.001928
2026-05-20 14:28: Train Epoch 736: 40/71 Loss: 0.005594
2026-05-20 14:28: Train Epoch 736: 60/71 Loss: 0.008368
2026-05-20 14:28: **********Train Epoch 736: averaged Loss: 0.006685
2026-05-20 14:28: **********Val Epoch 736: average Loss: 0.027914
2026-05-20 14:28: Train Epoch 737: 0/71 Loss: 0.005154
2026-05-20 14:28: Train Epoch 737: 20/71 Loss: 0.011645
2026-05-20 14:28: Train Epoch 737: 40/71 Loss: 0.010981
2026-05-20 14:28: Train Epoch 737: 60/71 Loss: 0.009425
2026-05-20 14:28: **********Train Epoch 737: averaged Loss: 0.007540
2026-05-20 14:28: **********Val Epoch 737: average Loss: 0.028448
2026-05-20 14:28: Train Epoch 738: 0/71 Loss: 0.004849
2026-05-20 14:28: Train Epoch 738: 20/71 Loss: 0.009063
2026-05-20 14:28: Train Epoch 738: 40/71 Loss: 0.015746
2026-05-20 14:28: Train Epoch 738: 60/71 Loss: 0.008612
2026-05-20 14:28: **********Train Epoch 738: averaged Loss: 0.008006
2026-05-20 14:28: **********Val Epoch 738: average Loss: 0.028663
2026-05-20 14:28: Train Epoch 739: 0/71 Loss: 0.006622
2026-05-20 14:28: Train Epoch 739: 20/71 Loss: 0.008337
2026-05-20 14:28: Train Epoch 739: 40/71 Loss: 0.004636
2026-05-20 14:28: Train Epoch 739: 60/71 Loss: 0.013472
2026-05-20 14:28: **********Train Epoch 739: averaged Loss: 0.006667
2026-05-20 14:28: **********Val Epoch 739: average Loss: 0.036938
2026-05-20 14:28: Train Epoch 740: 0/71 Loss: 0.009182
2026-05-20 14:28: Train Epoch 740: 20/71 Loss: 0.003728
2026-05-20 14:28: Train Epoch 740: 40/71 Loss: 0.005897
2026-05-20 14:28: Train Epoch 740: 60/71 Loss: 0.007975
2026-05-20 14:28: **********Train Epoch 740: averaged Loss: 0.006494
2026-05-20 14:28: **********Val Epoch 740: average Loss: 0.032860
2026-05-20 14:28: Train Epoch 741: 0/71 Loss: 0.005524
2026-05-20 14:28: Train Epoch 741: 20/71 Loss: 0.010831
2026-05-20 14:28: Train Epoch 741: 40/71 Loss: 0.012124
2026-05-20 14:28: Train Epoch 741: 60/71 Loss: 0.011262
2026-05-20 14:28: **********Train Epoch 741: averaged Loss: 0.008669
2026-05-20 14:28: **********Val Epoch 741: average Loss: 0.026049
2026-05-20 14:28: Train Epoch 742: 0/71 Loss: 0.005412
2026-05-20 14:28: Train Epoch 742: 20/71 Loss: 0.008735
2026-05-20 14:28: Train Epoch 742: 40/71 Loss: 0.016895
2026-05-20 14:28: Train Epoch 742: 60/71 Loss: 0.005070
2026-05-20 14:28: **********Train Epoch 742: averaged Loss: 0.008838
2026-05-20 14:28: **********Val Epoch 742: average Loss: 0.028631
2026-05-20 14:28: Train Epoch 743: 0/71 Loss: 0.009870
2026-05-20 14:28: Train Epoch 743: 20/71 Loss: 0.014661
2026-05-20 14:28: Train Epoch 743: 40/71 Loss: 0.006055
2026-05-20 14:28: Train Epoch 743: 60/71 Loss: 0.012238
2026-05-20 14:28: **********Train Epoch 743: averaged Loss: 0.007442
2026-05-20 14:28: **********Val Epoch 743: average Loss: 0.038806
2026-05-20 14:28: Train Epoch 744: 0/71 Loss: 0.007766
2026-05-20 14:28: Train Epoch 744: 20/71 Loss: 0.007346
2026-05-20 14:28: Train Epoch 744: 40/71 Loss: 0.004742
2026-05-20 14:28: Train Epoch 744: 60/71 Loss: 0.007299
2026-05-20 14:28: **********Train Epoch 744: averaged Loss: 0.006347
2026-05-20 14:28: **********Val Epoch 744: average Loss: 0.028537
2026-05-20 14:28: Train Epoch 745: 0/71 Loss: 0.004503
2026-05-20 14:28: Train Epoch 745: 20/71 Loss: 0.010508
2026-05-20 14:28: Train Epoch 745: 40/71 Loss: 0.011553
2026-05-20 14:28: Train Epoch 745: 60/71 Loss: 0.007480
2026-05-20 14:28: **********Train Epoch 745: averaged Loss: 0.008552
2026-05-20 14:28: **********Val Epoch 745: average Loss: 0.031247
2026-05-20 14:28: Train Epoch 746: 0/71 Loss: 0.005410
2026-05-20 14:28: Train Epoch 746: 20/71 Loss: 0.006637
2026-05-20 14:28: Train Epoch 746: 40/71 Loss: 0.009478
2026-05-20 14:29: Train Epoch 746: 60/71 Loss: 0.012840
2026-05-20 14:29: **********Train Epoch 746: averaged Loss: 0.007959
2026-05-20 14:29: **********Val Epoch 746: average Loss: 0.035014
2026-05-20 14:29: Train Epoch 747: 0/71 Loss: 0.007104
2026-05-20 14:29: Train Epoch 747: 20/71 Loss: 0.003736
2026-05-20 14:29: Train Epoch 747: 40/71 Loss: 0.008127
2026-05-20 14:29: Train Epoch 747: 60/71 Loss: 0.009270
2026-05-20 14:29: **********Train Epoch 747: averaged Loss: 0.006600
2026-05-20 14:29: **********Val Epoch 747: average Loss: 0.036141
2026-05-20 14:29: Train Epoch 748: 0/71 Loss: 0.009518
2026-05-20 14:29: Train Epoch 748: 20/71 Loss: 0.003405
2026-05-20 14:29: Train Epoch 748: 40/71 Loss: 0.004827
2026-05-20 14:29: Train Epoch 748: 60/71 Loss: 0.008554
2026-05-20 14:29: **********Train Epoch 748: averaged Loss: 0.006111
2026-05-20 14:29: **********Val Epoch 748: average Loss: 0.041407
2026-05-20 14:29: Train Epoch 749: 0/71 Loss: 0.015104
2026-05-20 14:29: Train Epoch 749: 20/71 Loss: 0.002182
2026-05-20 14:29: Train Epoch 749: 40/71 Loss: 0.008573
2026-05-20 14:29: Train Epoch 749: 60/71 Loss: 0.010417
2026-05-20 14:29: **********Train Epoch 749: averaged Loss: 0.008504
2026-05-20 14:29: **********Val Epoch 749: average Loss: 0.044963
2026-05-20 14:29: Train Epoch 750: 0/71 Loss: 0.012798
2026-05-20 14:29: Train Epoch 750: 20/71 Loss: 0.001471
2026-05-20 14:29: Train Epoch 750: 40/71 Loss: 0.004437
2026-05-20 14:29: Train Epoch 750: 60/71 Loss: 0.015888
2026-05-20 14:29: **********Train Epoch 750: averaged Loss: 0.007140
2026-05-20 14:29: **********Val Epoch 750: average Loss: 0.034405
2026-05-20 14:29: Train Epoch 751: 0/71 Loss: 0.007299
2026-05-20 14:29: Train Epoch 751: 20/71 Loss: 0.003667
2026-05-20 14:29: Train Epoch 751: 40/71 Loss: 0.004891
2026-05-20 14:29: Train Epoch 751: 60/71 Loss: 0.009396
2026-05-20 14:29: **********Train Epoch 751: averaged Loss: 0.007431
2026-05-20 14:29: **********Val Epoch 751: average Loss: 0.026224
2026-05-20 14:29: Train Epoch 752: 0/71 Loss: 0.004077
2026-05-20 14:29: Train Epoch 752: 20/71 Loss: 0.005698
2026-05-20 14:29: Train Epoch 752: 40/71 Loss: 0.005320
2026-05-20 14:29: Train Epoch 752: 60/71 Loss: 0.005777
2026-05-20 14:29: **********Train Epoch 752: averaged Loss: 0.005241
2026-05-20 14:29: **********Val Epoch 752: average Loss: 0.029445
2026-05-20 14:29: Train Epoch 753: 0/71 Loss: 0.005577
2026-05-20 14:29: Train Epoch 753: 20/71 Loss: 0.005851
2026-05-20 14:29: Train Epoch 753: 40/71 Loss: 0.005271
2026-05-20 14:29: Train Epoch 753: 60/71 Loss: 0.005810
2026-05-20 14:29: **********Train Epoch 753: averaged Loss: 0.005803
2026-05-20 14:29: **********Val Epoch 753: average Loss: 0.033801
2026-05-20 14:29: Train Epoch 754: 0/71 Loss: 0.008941
2026-05-20 14:29: Train Epoch 754: 20/71 Loss: 0.001960
2026-05-20 14:29: Train Epoch 754: 40/71 Loss: 0.009130
2026-05-20 14:29: Train Epoch 754: 60/71 Loss: 0.010445
2026-05-20 14:29: **********Train Epoch 754: averaged Loss: 0.007337
2026-05-20 14:29: **********Val Epoch 754: average Loss: 0.036633
2026-05-20 14:29: Train Epoch 755: 0/71 Loss: 0.006866
2026-05-20 14:29: Train Epoch 755: 20/71 Loss: 0.002407
2026-05-20 14:29: Train Epoch 755: 40/71 Loss: 0.003618
2026-05-20 14:29: Train Epoch 755: 60/71 Loss: 0.009290
2026-05-20 14:29: **********Train Epoch 755: averaged Loss: 0.005351
2026-05-20 14:29: **********Val Epoch 755: average Loss: 0.025992
2026-05-20 14:29: Train Epoch 756: 0/71 Loss: 0.003743
2026-05-20 14:29: Train Epoch 756: 20/71 Loss: 0.007293
2026-05-20 14:29: Train Epoch 756: 40/71 Loss: 0.009954
2026-05-20 14:29: Train Epoch 756: 60/71 Loss: 0.006915
2026-05-20 14:29: **********Train Epoch 756: averaged Loss: 0.005894
2026-05-20 14:29: **********Val Epoch 756: average Loss: 0.029657
2026-05-20 14:29: Train Epoch 757: 0/71 Loss: 0.004225
2026-05-20 14:29: Train Epoch 757: 20/71 Loss: 0.008378
2026-05-20 14:29: Train Epoch 757: 40/71 Loss: 0.010047
2026-05-20 14:29: Train Epoch 757: 60/71 Loss: 0.007982
2026-05-20 14:29: **********Train Epoch 757: averaged Loss: 0.005679
2026-05-20 14:29: **********Val Epoch 757: average Loss: 0.027883
2026-05-20 14:29: Train Epoch 758: 0/71 Loss: 0.004256
2026-05-20 14:29: Train Epoch 758: 20/71 Loss: 0.005128
2026-05-20 14:29: Train Epoch 758: 40/71 Loss: 0.013404
2026-05-20 14:29: Train Epoch 758: 60/71 Loss: 0.010192
2026-05-20 14:29: **********Train Epoch 758: averaged Loss: 0.010026
2026-05-20 14:29: **********Val Epoch 758: average Loss: 0.025362
2026-05-20 14:29: Train Epoch 759: 0/71 Loss: 0.007122
2026-05-20 14:29: Train Epoch 759: 20/71 Loss: 0.010099
2026-05-20 14:29: Train Epoch 759: 40/71 Loss: 0.006406
2026-05-20 14:29: Train Epoch 759: 60/71 Loss: 0.010691
2026-05-20 14:29: **********Train Epoch 759: averaged Loss: 0.006968
2026-05-20 14:29: **********Val Epoch 759: average Loss: 0.032856
2026-05-20 14:29: Train Epoch 760: 0/71 Loss: 0.008003
2026-05-20 14:29: Train Epoch 760: 20/71 Loss: 0.002810
2026-05-20 14:29: Train Epoch 760: 40/71 Loss: 0.007180
2026-05-20 14:29: Train Epoch 760: 60/71 Loss: 0.008827
2026-05-20 14:29: **********Train Epoch 760: averaged Loss: 0.006341
2026-05-20 14:29: **********Val Epoch 760: average Loss: 0.033908
2026-05-20 14:29: Train Epoch 761: 0/71 Loss: 0.012086
2026-05-20 14:29: Train Epoch 761: 20/71 Loss: 0.002619
2026-05-20 14:29: Train Epoch 761: 40/71 Loss: 0.003817
2026-05-20 14:29: Train Epoch 761: 60/71 Loss: 0.007962
2026-05-20 14:29: **********Train Epoch 761: averaged Loss: 0.007778
2026-05-20 14:29: **********Val Epoch 761: average Loss: 0.022346
2026-05-20 14:29: Train Epoch 762: 0/71 Loss: 0.005755
2026-05-20 14:29: Train Epoch 762: 20/71 Loss: 0.007335
2026-05-20 14:29: Train Epoch 762: 40/71 Loss: 0.014445
2026-05-20 14:29: Train Epoch 762: 60/71 Loss: 0.014591
2026-05-20 14:29: **********Train Epoch 762: averaged Loss: 0.010701
2026-05-20 14:29: **********Val Epoch 762: average Loss: 0.037809
2026-05-20 14:29: Train Epoch 763: 0/71 Loss: 0.008138
2026-05-20 14:29: Train Epoch 763: 20/71 Loss: 0.002716
2026-05-20 14:29: Train Epoch 763: 40/71 Loss: 0.009218
2026-05-20 14:29: Train Epoch 763: 60/71 Loss: 0.008335
2026-05-20 14:29: **********Train Epoch 763: averaged Loss: 0.007604
2026-05-20 14:29: **********Val Epoch 763: average Loss: 0.032050
2026-05-20 14:29: Train Epoch 764: 0/71 Loss: 0.011070
2026-05-20 14:29: Train Epoch 764: 20/71 Loss: 0.006084
2026-05-20 14:29: Train Epoch 764: 40/71 Loss: 0.005509
2026-05-20 14:30: Train Epoch 764: 60/71 Loss: 0.007887
2026-05-20 14:30: **********Train Epoch 764: averaged Loss: 0.006000
2026-05-20 14:30: **********Val Epoch 764: average Loss: 0.033259
2026-05-20 14:30: Train Epoch 765: 0/71 Loss: 0.009916
2026-05-20 14:30: Train Epoch 765: 20/71 Loss: 0.002248
2026-05-20 14:30: Train Epoch 765: 40/71 Loss: 0.004901
2026-05-20 14:30: Train Epoch 765: 60/71 Loss: 0.005541
2026-05-20 14:30: **********Train Epoch 765: averaged Loss: 0.005927
2026-05-20 14:30: **********Val Epoch 765: average Loss: 0.037291
2026-05-20 14:30: Train Epoch 766: 0/71 Loss: 0.015284
2026-05-20 14:30: Train Epoch 766: 20/71 Loss: 0.002990
2026-05-20 14:30: Train Epoch 766: 40/71 Loss: 0.013620
2026-05-20 14:30: Train Epoch 766: 60/71 Loss: 0.014529
2026-05-20 14:30: **********Train Epoch 766: averaged Loss: 0.008623
2026-05-20 14:30: **********Val Epoch 766: average Loss: 0.039830
2026-05-20 14:30: Train Epoch 767: 0/71 Loss: 0.015439
2026-05-20 14:30: Train Epoch 767: 20/71 Loss: 0.002814
2026-05-20 14:30: Train Epoch 767: 40/71 Loss: 0.004852
2026-05-20 14:30: Train Epoch 767: 60/71 Loss: 0.011575
2026-05-20 14:30: **********Train Epoch 767: averaged Loss: 0.007756
2026-05-20 14:30: **********Val Epoch 767: average Loss: 0.027585
2026-05-20 14:30: Train Epoch 768: 0/71 Loss: 0.008445
2026-05-20 14:30: Train Epoch 768: 20/71 Loss: 0.007080
2026-05-20 14:30: Train Epoch 768: 40/71 Loss: 0.015688
2026-05-20 14:30: Train Epoch 768: 60/71 Loss: 0.005488
2026-05-20 14:30: **********Train Epoch 768: averaged Loss: 0.007069
2026-05-20 14:30: **********Val Epoch 768: average Loss: 0.031954
2026-05-20 14:30: Train Epoch 769: 0/71 Loss: 0.005950
2026-05-20 14:30: Train Epoch 769: 20/71 Loss: 0.007320
2026-05-20 14:30: Train Epoch 769: 40/71 Loss: 0.008945
2026-05-20 14:30: Train Epoch 769: 60/71 Loss: 0.007742
2026-05-20 14:30: **********Train Epoch 769: averaged Loss: 0.005874
2026-05-20 14:30: **********Val Epoch 769: average Loss: 0.033221
2026-05-20 14:30: Train Epoch 770: 0/71 Loss: 0.007160
2026-05-20 14:30: Train Epoch 770: 20/71 Loss: 0.006501
2026-05-20 14:30: Train Epoch 770: 40/71 Loss: 0.003482
2026-05-20 14:30: Train Epoch 770: 60/71 Loss: 0.006063
2026-05-20 14:30: **********Train Epoch 770: averaged Loss: 0.005567
2026-05-20 14:30: **********Val Epoch 770: average Loss: 0.029132
2026-05-20 14:30: Train Epoch 771: 0/71 Loss: 0.005429
2026-05-20 14:30: Train Epoch 771: 20/71 Loss: 0.009046
2026-05-20 14:30: Train Epoch 771: 40/71 Loss: 0.009861
2026-05-20 14:30: Train Epoch 771: 60/71 Loss: 0.006395
2026-05-20 14:30: **********Train Epoch 771: averaged Loss: 0.007500
2026-05-20 14:30: **********Val Epoch 771: average Loss: 0.035038
2026-05-20 14:30: Train Epoch 772: 0/71 Loss: 0.006584
2026-05-20 14:30: Train Epoch 772: 20/71 Loss: 0.008504
2026-05-20 14:30: Train Epoch 772: 40/71 Loss: 0.009211
2026-05-20 14:30: Train Epoch 772: 60/71 Loss: 0.008241
2026-05-20 14:30: **********Train Epoch 772: averaged Loss: 0.006710
2026-05-20 14:30: **********Val Epoch 772: average Loss: 0.032818
2026-05-20 14:30: Train Epoch 773: 0/71 Loss: 0.004000
2026-05-20 14:30: Train Epoch 773: 20/71 Loss: 0.006146
2026-05-20 14:30: Train Epoch 773: 40/71 Loss: 0.010445
2026-05-20 14:30: Train Epoch 773: 60/71 Loss: 0.004630
2026-05-20 14:30: **********Train Epoch 773: averaged Loss: 0.006500
2026-05-20 14:30: **********Val Epoch 773: average Loss: 0.038365
2026-05-20 14:30: Train Epoch 774: 0/71 Loss: 0.009718
2026-05-20 14:30: Train Epoch 774: 20/71 Loss: 0.002053
2026-05-20 14:30: Train Epoch 774: 40/71 Loss: 0.003524
2026-05-20 14:30: Train Epoch 774: 60/71 Loss: 0.005182
2026-05-20 14:30: **********Train Epoch 774: averaged Loss: 0.006125
2026-05-20 14:30: **********Val Epoch 774: average Loss: 0.034908
2026-05-20 14:30: Train Epoch 775: 0/71 Loss: 0.008063
2026-05-20 14:30: Train Epoch 775: 20/71 Loss: 0.009762
2026-05-20 14:30: Train Epoch 775: 40/71 Loss: 0.008296
2026-05-20 14:30: Train Epoch 775: 60/71 Loss: 0.007607
2026-05-20 14:30: **********Train Epoch 775: averaged Loss: 0.006846
2026-05-20 14:30: **********Val Epoch 775: average Loss: 0.038613
2026-05-20 14:30: Train Epoch 776: 0/71 Loss: 0.006413
2026-05-20 14:30: Train Epoch 776: 20/71 Loss: 0.006298
2026-05-20 14:30: Train Epoch 776: 40/71 Loss: 0.004977
2026-05-20 14:30: Train Epoch 776: 60/71 Loss: 0.006742
2026-05-20 14:30: **********Train Epoch 776: averaged Loss: 0.009125
2026-05-20 14:30: **********Val Epoch 776: average Loss: 0.021337
2026-05-20 14:30: Train Epoch 777: 0/71 Loss: 0.022004
2026-05-20 14:30: Train Epoch 777: 20/71 Loss: 0.003228
2026-05-20 14:30: Train Epoch 777: 40/71 Loss: 0.019979
2026-05-20 14:30: Train Epoch 777: 60/71 Loss: 0.007344
2026-05-20 14:30: **********Train Epoch 777: averaged Loss: 0.011530
2026-05-20 14:30: **********Val Epoch 777: average Loss: 0.040482
2026-05-20 14:30: Train Epoch 778: 0/71 Loss: 0.017751
2026-05-20 14:30: Train Epoch 778: 20/71 Loss: 0.003818
2026-05-20 14:30: Train Epoch 778: 40/71 Loss: 0.006012
2026-05-20 14:30: Train Epoch 778: 60/71 Loss: 0.013483
2026-05-20 14:30: **********Train Epoch 778: averaged Loss: 0.006310
2026-05-20 14:30: **********Val Epoch 778: average Loss: 0.048893
2026-05-20 14:30: Train Epoch 779: 0/71 Loss: 0.017299
2026-05-20 14:30: Train Epoch 779: 20/71 Loss: 0.002036
2026-05-20 14:30: Train Epoch 779: 40/71 Loss: 0.008374
2026-05-20 14:30: Train Epoch 779: 60/71 Loss: 0.007032
2026-05-20 14:30: **********Train Epoch 779: averaged Loss: 0.006372
2026-05-20 14:30: **********Val Epoch 779: average Loss: 0.043708
2026-05-20 14:30: Train Epoch 780: 0/71 Loss: 0.011936
2026-05-20 14:30: Train Epoch 780: 20/71 Loss: 0.002923
2026-05-20 14:30: Train Epoch 780: 40/71 Loss: 0.006293
2026-05-20 14:30: Train Epoch 780: 60/71 Loss: 0.007244
2026-05-20 14:30: **********Train Epoch 780: averaged Loss: 0.006965
2026-05-20 14:30: **********Val Epoch 780: average Loss: 0.044200
2026-05-20 14:30: Train Epoch 781: 0/71 Loss: 0.006043
2026-05-20 14:30: Train Epoch 781: 20/71 Loss: 0.004018
2026-05-20 14:30: Train Epoch 781: 40/71 Loss: 0.006129
2026-05-20 14:30: Train Epoch 781: 60/71 Loss: 0.011854
2026-05-20 14:30: **********Train Epoch 781: averaged Loss: 0.006288
2026-05-20 14:30: **********Val Epoch 781: average Loss: 0.036704
2026-05-20 14:30: Train Epoch 782: 0/71 Loss: 0.008561
2026-05-20 14:30: Train Epoch 782: 20/71 Loss: 0.003857
2026-05-20 14:30: Train Epoch 782: 40/71 Loss: 0.018204
2026-05-20 14:30: Train Epoch 782: 60/71 Loss: 0.005341
2026-05-20 14:30: **********Train Epoch 782: averaged Loss: 0.008061
2026-05-20 14:30: **********Val Epoch 782: average Loss: 0.044513
2026-05-20 14:30: Train Epoch 783: 0/71 Loss: 0.008591
2026-05-20 14:30: Train Epoch 783: 20/71 Loss: 0.004099
2026-05-20 14:31: Train Epoch 783: 40/71 Loss: 0.004639
2026-05-20 14:31: Train Epoch 783: 60/71 Loss: 0.011334
2026-05-20 14:31: **********Train Epoch 783: averaged Loss: 0.005916
2026-05-20 14:31: **********Val Epoch 783: average Loss: 0.044204
2026-05-20 14:31: Train Epoch 784: 0/71 Loss: 0.010500
2026-05-20 14:31: Train Epoch 784: 20/71 Loss: 0.002741
2026-05-20 14:31: Train Epoch 784: 40/71 Loss: 0.003626
2026-05-20 14:31: Train Epoch 784: 60/71 Loss: 0.009881
2026-05-20 14:31: **********Train Epoch 784: averaged Loss: 0.006264
2026-05-20 14:31: **********Val Epoch 784: average Loss: 0.035688
2026-05-20 14:31: Train Epoch 785: 0/71 Loss: 0.007689
2026-05-20 14:31: Train Epoch 785: 20/71 Loss: 0.005188
2026-05-20 14:31: Train Epoch 785: 40/71 Loss: 0.012347
2026-05-20 14:31: Train Epoch 785: 60/71 Loss: 0.007554
2026-05-20 14:31: **********Train Epoch 785: averaged Loss: 0.007194
2026-05-20 14:31: **********Val Epoch 785: average Loss: 0.036887
2026-05-20 14:31: Train Epoch 786: 0/71 Loss: 0.005576
2026-05-20 14:31: Train Epoch 786: 20/71 Loss: 0.002424
2026-05-20 14:31: Train Epoch 786: 40/71 Loss: 0.005899
2026-05-20 14:31: Train Epoch 786: 60/71 Loss: 0.005093
2026-05-20 14:31: **********Train Epoch 786: averaged Loss: 0.006283
2026-05-20 14:31: **********Val Epoch 786: average Loss: 0.033333
2026-05-20 14:31: Train Epoch 787: 0/71 Loss: 0.005763
2026-05-20 14:31: Train Epoch 787: 20/71 Loss: 0.013293
2026-05-20 14:31: Train Epoch 787: 40/71 Loss: 0.003464
2026-05-20 14:31: Train Epoch 787: 60/71 Loss: 0.012979
2026-05-20 14:31: **********Train Epoch 787: averaged Loss: 0.007037
2026-05-20 14:31: **********Val Epoch 787: average Loss: 0.041833
2026-05-20 14:31: Train Epoch 788: 0/71 Loss: 0.007154
2026-05-20 14:31: Train Epoch 788: 20/71 Loss: 0.003505
2026-05-20 14:31: Train Epoch 788: 40/71 Loss: 0.004203
2026-05-20 14:31: Train Epoch 788: 60/71 Loss: 0.009336
2026-05-20 14:31: **********Train Epoch 788: averaged Loss: 0.006836
2026-05-20 14:31: **********Val Epoch 788: average Loss: 0.030845
2026-05-20 14:31: Train Epoch 789: 0/71 Loss: 0.006670
2026-05-20 14:31: Train Epoch 789: 20/71 Loss: 0.006960
2026-05-20 14:31: Train Epoch 789: 40/71 Loss: 0.012808
2026-05-20 14:31: Train Epoch 789: 60/71 Loss: 0.006934
2026-05-20 14:31: **********Train Epoch 789: averaged Loss: 0.007153
2026-05-20 14:31: **********Val Epoch 789: average Loss: 0.027248
2026-05-20 14:31: Train Epoch 790: 0/71 Loss: 0.006663
2026-05-20 14:31: Train Epoch 790: 20/71 Loss: 0.004539
2026-05-20 14:31: Train Epoch 790: 40/71 Loss: 0.005018
2026-05-20 14:31: Train Epoch 790: 60/71 Loss: 0.006350
2026-05-20 14:31: **********Train Epoch 790: averaged Loss: 0.006693
2026-05-20 14:31: **********Val Epoch 790: average Loss: 0.031593
2026-05-20 14:31: Train Epoch 791: 0/71 Loss: 0.007503
2026-05-20 14:31: Train Epoch 791: 20/71 Loss: 0.010026
2026-05-20 14:31: Train Epoch 791: 40/71 Loss: 0.010726
2026-05-20 14:31: Train Epoch 791: 60/71 Loss: 0.009354
2026-05-20 14:31: **********Train Epoch 791: averaged Loss: 0.008071
2026-05-20 14:31: **********Val Epoch 791: average Loss: 0.032866
2026-05-20 14:31: Train Epoch 792: 0/71 Loss: 0.007132
2026-05-20 14:31: Train Epoch 792: 20/71 Loss: 0.011977
2026-05-20 14:31: Train Epoch 792: 40/71 Loss: 0.003437
2026-05-20 14:31: Train Epoch 792: 60/71 Loss: 0.008732
2026-05-20 14:31: **********Train Epoch 792: averaged Loss: 0.008581
2026-05-20 14:31: **********Val Epoch 792: average Loss: 0.028607
2026-05-20 14:31: Train Epoch 793: 0/71 Loss: 0.014703
2026-05-20 14:31: Train Epoch 793: 20/71 Loss: 0.008562
2026-05-20 14:31: Train Epoch 793: 40/71 Loss: 0.015343
2026-05-20 14:31: Train Epoch 793: 60/71 Loss: 0.007772
2026-05-20 14:31: **********Train Epoch 793: averaged Loss: 0.010003
2026-05-20 14:31: **********Val Epoch 793: average Loss: 0.037204
2026-05-20 14:31: Train Epoch 794: 0/71 Loss: 0.010964
2026-05-20 14:31: Train Epoch 794: 20/71 Loss: 0.006645
2026-05-20 14:31: Train Epoch 794: 40/71 Loss: 0.007249
2026-05-20 14:31: Train Epoch 794: 60/71 Loss: 0.007012
2026-05-20 14:31: **********Train Epoch 794: averaged Loss: 0.006361
2026-05-20 14:31: **********Val Epoch 794: average Loss: 0.047408
2026-05-20 14:31: Train Epoch 795: 0/71 Loss: 0.012866
2026-05-20 14:31: Train Epoch 795: 20/71 Loss: 0.002678
2026-05-20 14:31: Train Epoch 795: 40/71 Loss: 0.006989
2026-05-20 14:31: Train Epoch 795: 60/71 Loss: 0.009110
2026-05-20 14:31: **********Train Epoch 795: averaged Loss: 0.007967
2026-05-20 14:31: **********Val Epoch 795: average Loss: 0.044514
2026-05-20 14:31: Train Epoch 796: 0/71 Loss: 0.004502
2026-05-20 14:31: Train Epoch 796: 20/71 Loss: 0.003993
2026-05-20 14:31: Train Epoch 796: 40/71 Loss: 0.004067
2026-05-20 14:31: Train Epoch 796: 60/71 Loss: 0.010062
2026-05-20 14:31: **********Train Epoch 796: averaged Loss: 0.006046
2026-05-20 14:31: **********Val Epoch 796: average Loss: 0.033177
2026-05-20 14:31: Train Epoch 797: 0/71 Loss: 0.004807
2026-05-20 14:31: Train Epoch 797: 20/71 Loss: 0.002967
2026-05-20 14:31: Train Epoch 797: 40/71 Loss: 0.009448
2026-05-20 14:31: Train Epoch 797: 60/71 Loss: 0.004195
2026-05-20 14:31: **********Train Epoch 797: averaged Loss: 0.006823
2026-05-20 14:31: **********Val Epoch 797: average Loss: 0.037393
2026-05-20 14:31: Train Epoch 798: 0/71 Loss: 0.004720
2026-05-20 14:31: Train Epoch 798: 20/71 Loss: 0.003044
2026-05-20 14:31: Train Epoch 798: 40/71 Loss: 0.004068
2026-05-20 14:31: Train Epoch 798: 60/71 Loss: 0.005027
2026-05-20 14:31: **********Train Epoch 798: averaged Loss: 0.005016
2026-05-20 14:31: **********Val Epoch 798: average Loss: 0.035561
2026-05-20 14:31: Train Epoch 799: 0/71 Loss: 0.005467
2026-05-20 14:31: Train Epoch 799: 20/71 Loss: 0.006384
2026-05-20 14:31: Train Epoch 799: 40/71 Loss: 0.005245
2026-05-20 14:31: Train Epoch 799: 60/71 Loss: 0.007022
2026-05-20 14:31: **********Train Epoch 799: averaged Loss: 0.006796
2026-05-20 14:31: **********Val Epoch 799: average Loss: 0.031937
2026-05-20 14:31: Train Epoch 800: 0/71 Loss: 0.007916
2026-05-20 14:31: Train Epoch 800: 20/71 Loss: 0.008450
2026-05-20 14:31: Train Epoch 800: 40/71 Loss: 0.010656
2026-05-20 14:31: Train Epoch 800: 60/71 Loss: 0.004408
2026-05-20 14:31: **********Train Epoch 800: averaged Loss: 0.007952
2026-05-20 14:31: **********Val Epoch 800: average Loss: 0.032790
2026-05-20 14:31: Train Epoch 801: 0/71 Loss: 0.003863
2026-05-20 14:31: Train Epoch 801: 20/71 Loss: 0.007082
2026-05-20 14:31: Train Epoch 801: 40/71 Loss: 0.009907
2026-05-20 14:31: Train Epoch 801: 60/71 Loss: 0.010519
2026-05-20 14:31: **********Train Epoch 801: averaged Loss: 0.007705
2026-05-20 14:31: **********Val Epoch 801: average Loss: 0.040407
2026-05-20 14:31: Train Epoch 802: 0/71 Loss: 0.010018
2026-05-20 14:32: Train Epoch 802: 20/71 Loss: 0.004032
2026-05-20 14:32: Train Epoch 802: 40/71 Loss: 0.007478
2026-05-20 14:32: Train Epoch 802: 60/71 Loss: 0.004027
2026-05-20 14:32: **********Train Epoch 802: averaged Loss: 0.007848
2026-05-20 14:32: **********Val Epoch 802: average Loss: 0.036628
2026-05-20 14:32: Train Epoch 803: 0/71 Loss: 0.008748
2026-05-20 14:32: Train Epoch 803: 20/71 Loss: 0.008271
2026-05-20 14:32: Train Epoch 803: 40/71 Loss: 0.006325
2026-05-20 14:32: Train Epoch 803: 60/71 Loss: 0.009461
2026-05-20 14:32: **********Train Epoch 803: averaged Loss: 0.006481
2026-05-20 14:32: **********Val Epoch 803: average Loss: 0.048827
2026-05-20 14:32: Train Epoch 804: 0/71 Loss: 0.009790
2026-05-20 14:32: Train Epoch 804: 20/71 Loss: 0.002124
2026-05-20 14:32: Train Epoch 804: 40/71 Loss: 0.004940
2026-05-20 14:32: Train Epoch 804: 60/71 Loss: 0.005965
2026-05-20 14:32: **********Train Epoch 804: averaged Loss: 0.006129
2026-05-20 14:32: **********Val Epoch 804: average Loss: 0.038791
2026-05-20 14:32: Train Epoch 805: 0/71 Loss: 0.004630
2026-05-20 14:32: Train Epoch 805: 20/71 Loss: 0.006492
2026-05-20 14:32: Train Epoch 805: 40/71 Loss: 0.006433
2026-05-20 14:32: Train Epoch 805: 60/71 Loss: 0.010617
2026-05-20 14:32: **********Train Epoch 805: averaged Loss: 0.006832
2026-05-20 14:32: **********Val Epoch 805: average Loss: 0.036214
2026-05-20 14:32: Train Epoch 806: 0/71 Loss: 0.012870
2026-05-20 14:32: Train Epoch 806: 20/71 Loss: 0.004432
2026-05-20 14:32: Train Epoch 806: 40/71 Loss: 0.015713
2026-05-20 14:32: Train Epoch 806: 60/71 Loss: 0.004965
2026-05-20 14:32: **********Train Epoch 806: averaged Loss: 0.008696
2026-05-20 14:32: **********Val Epoch 806: average Loss: 0.040043
2026-05-20 14:32: Train Epoch 807: 0/71 Loss: 0.006884
2026-05-20 14:32: Train Epoch 807: 20/71 Loss: 0.004451
2026-05-20 14:32: Train Epoch 807: 40/71 Loss: 0.006061
2026-05-20 14:32: Train Epoch 807: 60/71 Loss: 0.011080
2026-05-20 14:32: **********Train Epoch 807: averaged Loss: 0.007532
2026-05-20 14:32: **********Val Epoch 807: average Loss: 0.041476
2026-05-20 14:32: Train Epoch 808: 0/71 Loss: 0.007046
2026-05-20 14:32: Train Epoch 808: 20/71 Loss: 0.008273
2026-05-20 14:32: Train Epoch 808: 40/71 Loss: 0.007918
2026-05-20 14:32: Train Epoch 808: 60/71 Loss: 0.007886
2026-05-20 14:32: **********Train Epoch 808: averaged Loss: 0.006982
2026-05-20 14:32: **********Val Epoch 808: average Loss: 0.040464
2026-05-20 14:32: Train Epoch 809: 0/71 Loss: 0.004900
2026-05-20 14:32: Train Epoch 809: 20/71 Loss: 0.003565
2026-05-20 14:32: Train Epoch 809: 40/71 Loss: 0.006641
2026-05-20 14:32: Train Epoch 809: 60/71 Loss: 0.004524
2026-05-20 14:32: **********Train Epoch 809: averaged Loss: 0.007106
2026-05-20 14:32: **********Val Epoch 809: average Loss: 0.040787
2026-05-20 14:32: Train Epoch 810: 0/71 Loss: 0.007973
2026-05-20 14:32: Train Epoch 810: 20/71 Loss: 0.002012
2026-05-20 14:32: Train Epoch 810: 40/71 Loss: 0.004577
2026-05-20 14:32: Train Epoch 810: 60/71 Loss: 0.007273
2026-05-20 14:32: **********Train Epoch 810: averaged Loss: 0.005978
2026-05-20 14:32: **********Val Epoch 810: average Loss: 0.057707
2026-05-20 14:32: Train Epoch 811: 0/71 Loss: 0.011172
2026-05-20 14:32: Train Epoch 811: 20/71 Loss: 0.003105
2026-05-20 14:32: Train Epoch 811: 40/71 Loss: 0.003185
2026-05-20 14:32: Train Epoch 811: 60/71 Loss: 0.005977
2026-05-20 14:32: **********Train Epoch 811: averaged Loss: 0.006585
2026-05-20 14:32: **********Val Epoch 811: average Loss: 0.035269
2026-05-20 14:32: Train Epoch 812: 0/71 Loss: 0.012957
2026-05-20 14:32: Train Epoch 812: 20/71 Loss: 0.009186
2026-05-20 14:32: Train Epoch 812: 40/71 Loss: 0.009305
2026-05-20 14:32: Train Epoch 812: 60/71 Loss: 0.014089
2026-05-20 14:32: **********Train Epoch 812: averaged Loss: 0.009082
2026-05-20 14:32: **********Val Epoch 812: average Loss: 0.039276
2026-05-20 14:32: Train Epoch 813: 0/71 Loss: 0.004139
2026-05-20 14:32: Train Epoch 813: 20/71 Loss: 0.002777
2026-05-20 14:32: Train Epoch 813: 40/71 Loss: 0.006466
2026-05-20 14:32: Train Epoch 813: 60/71 Loss: 0.005008
2026-05-20 14:32: **********Train Epoch 813: averaged Loss: 0.006439
2026-05-20 14:32: **********Val Epoch 813: average Loss: 0.040891
2026-05-20 14:32: Train Epoch 814: 0/71 Loss: 0.005127
2026-05-20 14:32: Train Epoch 814: 20/71 Loss: 0.004795
2026-05-20 14:32: Train Epoch 814: 40/71 Loss: 0.004237
2026-05-20 14:32: Train Epoch 814: 60/71 Loss: 0.008375
2026-05-20 14:32: **********Train Epoch 814: averaged Loss: 0.006400
2026-05-20 14:32: **********Val Epoch 814: average Loss: 0.046503
2026-05-20 14:32: Train Epoch 815: 0/71 Loss: 0.006594
2026-05-20 14:32: Train Epoch 815: 20/71 Loss: 0.002843
2026-05-20 14:32: Train Epoch 815: 40/71 Loss: 0.004473
2026-05-20 14:32: Train Epoch 815: 60/71 Loss: 0.012335
2026-05-20 14:32: **********Train Epoch 815: averaged Loss: 0.005994
2026-05-20 14:32: **********Val Epoch 815: average Loss: 0.051170
2026-05-20 14:32: Train Epoch 816: 0/71 Loss: 0.012014
2026-05-20 14:32: Train Epoch 816: 20/71 Loss: 0.002485
2026-05-20 14:32: Train Epoch 816: 40/71 Loss: 0.007073
2026-05-20 14:32: Train Epoch 816: 60/71 Loss: 0.006211
2026-05-20 14:32: **********Train Epoch 816: averaged Loss: 0.008240
2026-05-20 14:32: **********Val Epoch 816: average Loss: 0.036325
2026-05-20 14:32: Train Epoch 817: 0/71 Loss: 0.005366
2026-05-20 14:32: Train Epoch 817: 20/71 Loss: 0.006295
2026-05-20 14:32: Train Epoch 817: 40/71 Loss: 0.013009
2026-05-20 14:32: Train Epoch 817: 60/71 Loss: 0.012694
2026-05-20 14:32: **********Train Epoch 817: averaged Loss: 0.007875
2026-05-20 14:32: **********Val Epoch 817: average Loss: 0.044876
2026-05-20 14:32: Train Epoch 818: 0/71 Loss: 0.004219
2026-05-20 14:32: Train Epoch 818: 20/71 Loss: 0.003903
2026-05-20 14:32: Train Epoch 818: 40/71 Loss: 0.005969
2026-05-20 14:32: Train Epoch 818: 60/71 Loss: 0.004719
2026-05-20 14:32: **********Train Epoch 818: averaged Loss: 0.006534
2026-05-20 14:32: **********Val Epoch 818: average Loss: 0.039815
2026-05-20 14:32: Train Epoch 819: 0/71 Loss: 0.005185
2026-05-20 14:32: Train Epoch 819: 20/71 Loss: 0.002063
2026-05-20 14:32: Train Epoch 819: 40/71 Loss: 0.003226
2026-05-20 14:32: Train Epoch 819: 60/71 Loss: 0.006361
2026-05-20 14:32: **********Train Epoch 819: averaged Loss: 0.005441
2026-05-20 14:32: **********Val Epoch 819: average Loss: 0.044160
2026-05-20 14:32: Train Epoch 820: 0/71 Loss: 0.010885
2026-05-20 14:32: Train Epoch 820: 20/71 Loss: 0.009648
2026-05-20 14:32: Train Epoch 820: 40/71 Loss: 0.009122
2026-05-20 14:32: Train Epoch 820: 60/71 Loss: 0.006958
2026-05-20 14:32: **********Train Epoch 820: averaged Loss: 0.006606
2026-05-20 14:32: **********Val Epoch 820: average Loss: 0.043397
2026-05-20 14:32: Train Epoch 821: 0/71 Loss: 0.004070
2026-05-20 14:32: Train Epoch 821: 20/71 Loss: 0.003945
2026-05-20 14:33: Train Epoch 821: 40/71 Loss: 0.006554
2026-05-20 14:33: Train Epoch 821: 60/71 Loss: 0.005307
2026-05-20 14:33: **********Train Epoch 821: averaged Loss: 0.005175
2026-05-20 14:33: **********Val Epoch 821: average Loss: 0.037684
2026-05-20 14:33: Train Epoch 822: 0/71 Loss: 0.004868
2026-05-20 14:33: Train Epoch 822: 20/71 Loss: 0.003471
2026-05-20 14:33: Train Epoch 822: 40/71 Loss: 0.003776
2026-05-20 14:33: Train Epoch 822: 60/71 Loss: 0.005294
2026-05-20 14:33: **********Train Epoch 822: averaged Loss: 0.005654
2026-05-20 14:33: **********Val Epoch 822: average Loss: 0.045970
2026-05-20 14:33: Train Epoch 823: 0/71 Loss: 0.003899
2026-05-20 14:33: Train Epoch 823: 20/71 Loss: 0.006475
2026-05-20 14:33: Train Epoch 823: 40/71 Loss: 0.005643
2026-05-20 14:33: Train Epoch 823: 60/71 Loss: 0.009224
2026-05-20 14:33: **********Train Epoch 823: averaged Loss: 0.008923
2026-05-20 14:33: **********Val Epoch 823: average Loss: 0.033000
2026-05-20 14:33: Train Epoch 824: 0/71 Loss: 0.007341
2026-05-20 14:33: Train Epoch 824: 20/71 Loss: 0.009207
2026-05-20 14:33: Train Epoch 824: 40/71 Loss: 0.012890
2026-05-20 14:33: Train Epoch 824: 60/71 Loss: 0.005076
2026-05-20 14:33: **********Train Epoch 824: averaged Loss: 0.008004
2026-05-20 14:33: **********Val Epoch 824: average Loss: 0.041972
2026-05-20 14:33: Train Epoch 825: 0/71 Loss: 0.008339
2026-05-20 14:33: Train Epoch 825: 20/71 Loss: 0.003680
2026-05-20 14:33: Train Epoch 825: 40/71 Loss: 0.005420
2026-05-20 14:33: Train Epoch 825: 60/71 Loss: 0.005655
2026-05-20 14:33: **********Train Epoch 825: averaged Loss: 0.005548
2026-05-20 14:33: **********Val Epoch 825: average Loss: 0.042731
2026-05-20 14:33: Train Epoch 826: 0/71 Loss: 0.004886
2026-05-20 14:33: Train Epoch 826: 20/71 Loss: 0.002693
2026-05-20 14:33: Train Epoch 826: 40/71 Loss: 0.005183
2026-05-20 14:33: Train Epoch 826: 60/71 Loss: 0.006424
2026-05-20 14:33: **********Train Epoch 826: averaged Loss: 0.005838
2026-05-20 14:33: **********Val Epoch 826: average Loss: 0.039877
2026-05-20 14:33: Train Epoch 827: 0/71 Loss: 0.007786
2026-05-20 14:33: Train Epoch 827: 20/71 Loss: 0.007289
2026-05-20 14:33: Train Epoch 827: 40/71 Loss: 0.006512
2026-05-20 14:33: Train Epoch 827: 60/71 Loss: 0.009869
2026-05-20 14:33: **********Train Epoch 827: averaged Loss: 0.008245
2026-05-20 14:33: **********Val Epoch 827: average Loss: 0.038567
2026-05-20 14:33: Train Epoch 828: 0/71 Loss: 0.004040
2026-05-20 14:33: Train Epoch 828: 20/71 Loss: 0.003451
2026-05-20 14:33: Train Epoch 828: 40/71 Loss: 0.005541
2026-05-20 14:33: Train Epoch 828: 60/71 Loss: 0.003896
2026-05-20 14:33: **********Train Epoch 828: averaged Loss: 0.006177
2026-05-20 14:33: **********Val Epoch 828: average Loss: 0.039090
2026-05-20 14:33: Train Epoch 829: 0/71 Loss: 0.004794
2026-05-20 14:33: Train Epoch 829: 20/71 Loss: 0.003302
2026-05-20 14:33: Train Epoch 829: 40/71 Loss: 0.007226
2026-05-20 14:33: Train Epoch 829: 60/71 Loss: 0.005226
2026-05-20 14:33: **********Train Epoch 829: averaged Loss: 0.005507
2026-05-20 14:33: **********Val Epoch 829: average Loss: 0.035313
2026-05-20 14:33: Train Epoch 830: 0/71 Loss: 0.007309
2026-05-20 14:33: Train Epoch 830: 20/71 Loss: 0.005995
2026-05-20 14:33: Train Epoch 830: 40/71 Loss: 0.011158
2026-05-20 14:33: Train Epoch 830: 60/71 Loss: 0.007399
2026-05-20 14:33: **********Train Epoch 830: averaged Loss: 0.006664
2026-05-20 14:33: **********Val Epoch 830: average Loss: 0.043067
2026-05-20 14:33: Train Epoch 831: 0/71 Loss: 0.004072
2026-05-20 14:33: Train Epoch 831: 20/71 Loss: 0.002491
2026-05-20 14:33: Train Epoch 831: 40/71 Loss: 0.006791
2026-05-20 14:33: Train Epoch 831: 60/71 Loss: 0.004271
2026-05-20 14:33: **********Train Epoch 831: averaged Loss: 0.006923
2026-05-20 14:33: **********Val Epoch 831: average Loss: 0.039097
2026-05-20 14:33: Train Epoch 832: 0/71 Loss: 0.006734
2026-05-20 14:33: Train Epoch 832: 20/71 Loss: 0.008289
2026-05-20 14:33: Train Epoch 832: 40/71 Loss: 0.004200
2026-05-20 14:33: Train Epoch 832: 60/71 Loss: 0.007731
2026-05-20 14:33: **********Train Epoch 832: averaged Loss: 0.006749
2026-05-20 14:33: **********Val Epoch 832: average Loss: 0.055714
2026-05-20 14:33: Train Epoch 833: 0/71 Loss: 0.015041
2026-05-20 14:33: Train Epoch 833: 20/71 Loss: 0.002680
2026-05-20 14:33: Train Epoch 833: 40/71 Loss: 0.009749
2026-05-20 14:33: Train Epoch 833: 60/71 Loss: 0.006443
2026-05-20 14:33: **********Train Epoch 833: averaged Loss: 0.008073
2026-05-20 14:33: **********Val Epoch 833: average Loss: 0.051243
2026-05-20 14:33: Train Epoch 834: 0/71 Loss: 0.004765
2026-05-20 14:33: Train Epoch 834: 20/71 Loss: 0.003901
2026-05-20 14:33: Train Epoch 834: 40/71 Loss: 0.004075
2026-05-20 14:33: Train Epoch 834: 60/71 Loss: 0.006730
2026-05-20 14:33: **********Train Epoch 834: averaged Loss: 0.005187
2026-05-20 14:33: **********Val Epoch 834: average Loss: 0.042989
2026-05-20 14:33: Train Epoch 835: 0/71 Loss: 0.003867
2026-05-20 14:33: Train Epoch 835: 20/71 Loss: 0.004650
2026-05-20 14:33: Train Epoch 835: 40/71 Loss: 0.005219
2026-05-20 14:33: Train Epoch 835: 60/71 Loss: 0.006894
2026-05-20 14:33: **********Train Epoch 835: averaged Loss: 0.005178
2026-05-20 14:33: **********Val Epoch 835: average Loss: 0.044344
2026-05-20 14:33: Train Epoch 836: 0/71 Loss: 0.003946
2026-05-20 14:33: Train Epoch 836: 20/71 Loss: 0.003466
2026-05-20 14:33: Train Epoch 836: 40/71 Loss: 0.003307
2026-05-20 14:33: Train Epoch 836: 60/71 Loss: 0.009141
2026-05-20 14:33: **********Train Epoch 836: averaged Loss: 0.005762
2026-05-20 14:33: **********Val Epoch 836: average Loss: 0.038407
2026-05-20 14:33: Train Epoch 837: 0/71 Loss: 0.020276
2026-05-20 14:33: Train Epoch 837: 20/71 Loss: 0.007074
2026-05-20 14:33: Train Epoch 837: 40/71 Loss: 0.010871
2026-05-20 14:33: Train Epoch 837: 60/71 Loss: 0.011382
2026-05-20 14:33: **********Train Epoch 837: averaged Loss: 0.007530
2026-05-20 14:33: **********Val Epoch 837: average Loss: 0.041740
2026-05-20 14:33: Train Epoch 838: 0/71 Loss: 0.007607
2026-05-20 14:33: Train Epoch 838: 20/71 Loss: 0.002790
2026-05-20 14:33: Train Epoch 838: 40/71 Loss: 0.009423
2026-05-20 14:33: Train Epoch 838: 60/71 Loss: 0.005083
2026-05-20 14:33: **********Train Epoch 838: averaged Loss: 0.008103
2026-05-20 14:33: **********Val Epoch 838: average Loss: 0.042514
2026-05-20 14:33: Train Epoch 839: 0/71 Loss: 0.005099
2026-05-20 14:33: Train Epoch 839: 20/71 Loss: 0.002184
2026-05-20 14:33: Train Epoch 839: 40/71 Loss: 0.005666
2026-05-20 14:34: Train Epoch 839: 60/71 Loss: 0.006937
2026-05-20 14:34: **********Train Epoch 839: averaged Loss: 0.005922
2026-05-20 14:34: **********Val Epoch 839: average Loss: 0.050607
2026-05-20 14:34: Train Epoch 840: 0/71 Loss: 0.010981
2026-05-20 14:34: Train Epoch 840: 20/71 Loss: 0.002439
2026-05-20 14:34: Train Epoch 840: 40/71 Loss: 0.003907
2026-05-20 14:34: Train Epoch 840: 60/71 Loss: 0.005060
2026-05-20 14:34: **********Train Epoch 840: averaged Loss: 0.005520
2026-05-20 14:34: **********Val Epoch 840: average Loss: 0.043799
2026-05-20 14:34: Train Epoch 841: 0/71 Loss: 0.004292
2026-05-20 14:34: Train Epoch 841: 20/71 Loss: 0.002674
2026-05-20 14:34: Train Epoch 841: 40/71 Loss: 0.004008
2026-05-20 14:34: Train Epoch 841: 60/71 Loss: 0.006499
2026-05-20 14:34: **********Train Epoch 841: averaged Loss: 0.005528
2026-05-20 14:34: **********Val Epoch 841: average Loss: 0.036955
2026-05-20 14:34: Train Epoch 842: 0/71 Loss: 0.006394
2026-05-20 14:34: Train Epoch 842: 20/71 Loss: 0.007040
2026-05-20 14:34: Train Epoch 842: 40/71 Loss: 0.011862
2026-05-20 14:34: Train Epoch 842: 60/71 Loss: 0.005946
2026-05-20 14:34: **********Train Epoch 842: averaged Loss: 0.006664
2026-05-20 14:34: **********Val Epoch 842: average Loss: 0.035482
2026-05-20 14:34: Train Epoch 843: 0/71 Loss: 0.008067
2026-05-20 14:34: Train Epoch 843: 20/71 Loss: 0.005561
2026-05-20 14:34: Train Epoch 843: 40/71 Loss: 0.011506
2026-05-20 14:34: Train Epoch 843: 60/71 Loss: 0.007246
2026-05-20 14:34: **********Train Epoch 843: averaged Loss: 0.006766
2026-05-20 14:34: **********Val Epoch 843: average Loss: 0.034742
2026-05-20 14:34: Train Epoch 844: 0/71 Loss: 0.004438
2026-05-20 14:34: Train Epoch 844: 20/71 Loss: 0.003133
2026-05-20 14:34: Train Epoch 844: 40/71 Loss: 0.004080
2026-05-20 14:34: Train Epoch 844: 60/71 Loss: 0.004812
2026-05-20 14:34: **********Train Epoch 844: averaged Loss: 0.005417
2026-05-20 14:34: **********Val Epoch 844: average Loss: 0.041993
2026-05-20 14:34: Train Epoch 845: 0/71 Loss: 0.003827
2026-05-20 14:34: Train Epoch 845: 20/71 Loss: 0.005512
2026-05-20 14:34: Train Epoch 845: 40/71 Loss: 0.003787
2026-05-20 14:34: Train Epoch 845: 60/71 Loss: 0.006012
2026-05-20 14:34: **********Train Epoch 845: averaged Loss: 0.006525
2026-05-20 14:34: **********Val Epoch 845: average Loss: 0.046382
2026-05-20 14:34: Train Epoch 846: 0/71 Loss: 0.007143
2026-05-20 14:34: Train Epoch 846: 20/71 Loss: 0.006747
2026-05-20 14:34: Train Epoch 846: 40/71 Loss: 0.009686
2026-05-20 14:34: Train Epoch 846: 60/71 Loss: 0.004738
2026-05-20 14:34: **********Train Epoch 846: averaged Loss: 0.006680
2026-05-20 14:34: **********Val Epoch 846: average Loss: 0.037982
2026-05-20 14:34: Train Epoch 847: 0/71 Loss: 0.007295
2026-05-20 14:34: Train Epoch 847: 20/71 Loss: 0.008395
2026-05-20 14:34: Train Epoch 847: 40/71 Loss: 0.008806
2026-05-20 14:34: Train Epoch 847: 60/71 Loss: 0.006587
2026-05-20 14:34: **********Train Epoch 847: averaged Loss: 0.007145
2026-05-20 14:34: **********Val Epoch 847: average Loss: 0.041249
2026-05-20 14:34: Train Epoch 848: 0/71 Loss: 0.004538
2026-05-20 14:34: Train Epoch 848: 20/71 Loss: 0.003724
2026-05-20 14:34: Train Epoch 848: 40/71 Loss: 0.007327
2026-05-20 14:34: Train Epoch 848: 60/71 Loss: 0.004654
2026-05-20 14:34: **********Train Epoch 848: averaged Loss: 0.007998
2026-05-20 14:34: **********Val Epoch 848: average Loss: 0.046854
2026-05-20 14:34: Train Epoch 849: 0/71 Loss: 0.009802
2026-05-20 14:34: Train Epoch 849: 20/71 Loss: 0.001666
2026-05-20 14:34: Train Epoch 849: 40/71 Loss: 0.003459
2026-05-20 14:34: Train Epoch 849: 60/71 Loss: 0.006855
2026-05-20 14:34: **********Train Epoch 849: averaged Loss: 0.006163
2026-05-20 14:34: **********Val Epoch 849: average Loss: 0.055910
2026-05-20 14:34: Train Epoch 850: 0/71 Loss: 0.014611
2026-05-20 14:34: Train Epoch 850: 20/71 Loss: 0.004363
2026-05-20 14:34: Train Epoch 850: 40/71 Loss: 0.004685
2026-05-20 14:34: Train Epoch 850: 60/71 Loss: 0.005257
2026-05-20 14:34: **********Train Epoch 850: averaged Loss: 0.006434
2026-05-20 14:34: **********Val Epoch 850: average Loss: 0.040704
2026-05-20 14:34: Train Epoch 851: 0/71 Loss: 0.005105
2026-05-20 14:34: Train Epoch 851: 20/71 Loss: 0.003029
2026-05-20 14:34: Train Epoch 851: 40/71 Loss: 0.007862
2026-05-20 14:34: Train Epoch 851: 60/71 Loss: 0.007245
2026-05-20 14:34: **********Train Epoch 851: averaged Loss: 0.006214
2026-05-20 14:34: **********Val Epoch 851: average Loss: 0.036038
2026-05-20 14:34: Train Epoch 852: 0/71 Loss: 0.004859
2026-05-20 14:34: Train Epoch 852: 20/71 Loss: 0.002248
2026-05-20 14:34: Train Epoch 852: 40/71 Loss: 0.003850
2026-05-20 14:34: Train Epoch 852: 60/71 Loss: 0.004442
2026-05-20 14:34: **********Train Epoch 852: averaged Loss: 0.005033
2026-05-20 14:34: **********Val Epoch 852: average Loss: 0.039267
2026-05-20 14:34: Train Epoch 853: 0/71 Loss: 0.005260
2026-05-20 14:34: Train Epoch 853: 20/71 Loss: 0.001755
2026-05-20 14:34: Train Epoch 853: 40/71 Loss: 0.003601
2026-05-20 14:34: Train Epoch 853: 60/71 Loss: 0.003916
2026-05-20 14:34: **********Train Epoch 853: averaged Loss: 0.005674
2026-05-20 14:34: **********Val Epoch 853: average Loss: 0.048557
2026-05-20 14:34: Train Epoch 854: 0/71 Loss: 0.004380
2026-05-20 14:34: Train Epoch 854: 20/71 Loss: 0.001667
2026-05-20 14:34: Train Epoch 854: 40/71 Loss: 0.003741
2026-05-20 14:34: Train Epoch 854: 60/71 Loss: 0.004341
2026-05-20 14:34: **********Train Epoch 854: averaged Loss: 0.004999
2026-05-20 14:34: **********Val Epoch 854: average Loss: 0.040799
2026-05-20 14:34: Train Epoch 855: 0/71 Loss: 0.004116
2026-05-20 14:34: Train Epoch 855: 20/71 Loss: 0.002566
2026-05-20 14:34: Train Epoch 855: 40/71 Loss: 0.004822
2026-05-20 14:34: Train Epoch 855: 60/71 Loss: 0.004414
2026-05-20 14:34: **********Train Epoch 855: averaged Loss: 0.004845
2026-05-20 14:34: **********Val Epoch 855: average Loss: 0.045273
2026-05-20 14:34: Train Epoch 856: 0/71 Loss: 0.007438
2026-05-20 14:34: Train Epoch 856: 20/71 Loss: 0.002307
2026-05-20 14:34: Train Epoch 856: 40/71 Loss: 0.014165
2026-05-20 14:34: Train Epoch 856: 60/71 Loss: 0.010319
2026-05-20 14:34: **********Train Epoch 856: averaged Loss: 0.007532
2026-05-20 14:34: **********Val Epoch 856: average Loss: 0.048119
2026-05-20 14:34: Train Epoch 857: 0/71 Loss: 0.004718
2026-05-20 14:34: Train Epoch 857: 20/71 Loss: 0.004148
2026-05-20 14:34: Train Epoch 857: 40/71 Loss: 0.003056
2026-05-20 14:34: Train Epoch 857: 60/71 Loss: 0.013385
2026-05-20 14:34: **********Train Epoch 857: averaged Loss: 0.006042
2026-05-20 14:34: **********Val Epoch 857: average Loss: 0.047107
2026-05-20 14:34: Train Epoch 858: 0/71 Loss: 0.004990
2026-05-20 14:35: Train Epoch 858: 20/71 Loss: 0.002466
2026-05-20 14:35: Train Epoch 858: 40/71 Loss: 0.005066
2026-05-20 14:35: Train Epoch 858: 60/71 Loss: 0.004999
2026-05-20 14:35: **********Train Epoch 858: averaged Loss: 0.005764
2026-05-20 14:35: **********Val Epoch 858: average Loss: 0.032935
2026-05-20 14:35: Train Epoch 859: 0/71 Loss: 0.008779
2026-05-20 14:35: Train Epoch 859: 20/71 Loss: 0.007930
2026-05-20 14:35: Train Epoch 859: 40/71 Loss: 0.009177
2026-05-20 14:35: Train Epoch 859: 60/71 Loss: 0.004777
2026-05-20 14:35: **********Train Epoch 859: averaged Loss: 0.006989
2026-05-20 14:35: **********Val Epoch 859: average Loss: 0.031338
2026-05-20 14:35: Train Epoch 860: 0/71 Loss: 0.010566
2026-05-20 14:35: Train Epoch 860: 20/71 Loss: 0.004946
2026-05-20 14:35: Train Epoch 860: 40/71 Loss: 0.017108
2026-05-20 14:35: Train Epoch 860: 60/71 Loss: 0.003560
2026-05-20 14:35: **********Train Epoch 860: averaged Loss: 0.007798
2026-05-20 14:35: **********Val Epoch 860: average Loss: 0.040449
2026-05-20 14:35: Train Epoch 861: 0/71 Loss: 0.007074
2026-05-20 14:35: Train Epoch 861: 20/71 Loss: 0.005681
2026-05-20 14:35: Train Epoch 861: 40/71 Loss: 0.002402
2026-05-20 14:35: Train Epoch 861: 60/71 Loss: 0.006172
2026-05-20 14:35: **********Train Epoch 861: averaged Loss: 0.005801
2026-05-20 14:35: **********Val Epoch 861: average Loss: 0.054143
2026-05-20 14:35: Train Epoch 862: 0/71 Loss: 0.004066
2026-05-20 14:35: Train Epoch 862: 20/71 Loss: 0.007641
2026-05-20 14:35: Train Epoch 862: 40/71 Loss: 0.002485
2026-05-20 14:35: Train Epoch 862: 60/71 Loss: 0.005627
2026-05-20 14:35: **********Train Epoch 862: averaged Loss: 0.007958
2026-05-20 14:35: **********Val Epoch 862: average Loss: 0.032218
2026-05-20 14:35: Train Epoch 863: 0/71 Loss: 0.017003
2026-05-20 14:35: Train Epoch 863: 20/71 Loss: 0.005311
2026-05-20 14:35: Train Epoch 863: 40/71 Loss: 0.012722
2026-05-20 14:35: Train Epoch 863: 60/71 Loss: 0.005772
2026-05-20 14:35: **********Train Epoch 863: averaged Loss: 0.008723
2026-05-20 14:35: **********Val Epoch 863: average Loss: 0.045357
2026-05-20 14:35: Train Epoch 864: 0/71 Loss: 0.018409
2026-05-20 14:35: Train Epoch 864: 20/71 Loss: 0.004379
2026-05-20 14:35: Train Epoch 864: 40/71 Loss: 0.005471
2026-05-20 14:35: Train Epoch 864: 60/71 Loss: 0.007409
2026-05-20 14:35: **********Train Epoch 864: averaged Loss: 0.007035
2026-05-20 14:35: **********Val Epoch 864: average Loss: 0.056441
2026-05-20 14:35: Train Epoch 865: 0/71 Loss: 0.020121
2026-05-20 14:35: Train Epoch 865: 20/71 Loss: 0.001898
2026-05-20 14:35: Train Epoch 865: 40/71 Loss: 0.005608
2026-05-20 14:35: Train Epoch 865: 60/71 Loss: 0.008400
2026-05-20 14:35: **********Train Epoch 865: averaged Loss: 0.008235
2026-05-20 14:35: **********Val Epoch 865: average Loss: 0.041031
2026-05-20 14:35: Train Epoch 866: 0/71 Loss: 0.004241
2026-05-20 14:35: Train Epoch 866: 20/71 Loss: 0.002609
2026-05-20 14:35: Train Epoch 866: 40/71 Loss: 0.007167
2026-05-20 14:35: Train Epoch 866: 60/71 Loss: 0.007287
2026-05-20 14:35: **********Train Epoch 866: averaged Loss: 0.006317
2026-05-20 14:35: **********Val Epoch 866: average Loss: 0.031477
2026-05-20 14:35: Train Epoch 867: 0/71 Loss: 0.004986
2026-05-20 14:35: Train Epoch 867: 20/71 Loss: 0.002176
2026-05-20 14:35: Train Epoch 867: 40/71 Loss: 0.004096
2026-05-20 14:35: Train Epoch 867: 60/71 Loss: 0.004230
2026-05-20 14:35: **********Train Epoch 867: averaged Loss: 0.004806
2026-05-20 14:35: **********Val Epoch 867: average Loss: 0.036472
2026-05-20 14:35: Train Epoch 868: 0/71 Loss: 0.003938
2026-05-20 14:35: Train Epoch 868: 20/71 Loss: 0.002613
2026-05-20 14:35: Train Epoch 868: 40/71 Loss: 0.003847
2026-05-20 14:35: Train Epoch 868: 60/71 Loss: 0.004998
2026-05-20 14:35: **********Train Epoch 868: averaged Loss: 0.005085
2026-05-20 14:35: **********Val Epoch 868: average Loss: 0.046751
2026-05-20 14:35: Train Epoch 869: 0/71 Loss: 0.003142
2026-05-20 14:35: Train Epoch 869: 20/71 Loss: 0.003512
2026-05-20 14:35: Train Epoch 869: 40/71 Loss: 0.005814
2026-05-20 14:35: Train Epoch 869: 60/71 Loss: 0.005554
2026-05-20 14:35: **********Train Epoch 869: averaged Loss: 0.005630
2026-05-20 14:35: **********Val Epoch 869: average Loss: 0.047479
2026-05-20 14:35: Train Epoch 870: 0/71 Loss: 0.004362
2026-05-20 14:35: Train Epoch 870: 20/71 Loss: 0.004445
2026-05-20 14:35: Train Epoch 870: 40/71 Loss: 0.004210
2026-05-20 14:35: Train Epoch 870: 60/71 Loss: 0.009030
2026-05-20 14:35: **********Train Epoch 870: averaged Loss: 0.006531
2026-05-20 14:35: **********Val Epoch 870: average Loss: 0.033937
2026-05-20 14:35: Train Epoch 871: 0/71 Loss: 0.017817
2026-05-20 14:35: Train Epoch 871: 20/71 Loss: 0.003649
2026-05-20 14:35: Train Epoch 871: 40/71 Loss: 0.017601
2026-05-20 14:35: Train Epoch 871: 60/71 Loss: 0.004185
2026-05-20 14:35: **********Train Epoch 871: averaged Loss: 0.008394
2026-05-20 14:35: **********Val Epoch 871: average Loss: 0.048451
2026-05-20 14:35: Train Epoch 872: 0/71 Loss: 0.013773
2026-05-20 14:35: Train Epoch 872: 20/71 Loss: 0.002535
2026-05-20 14:35: Train Epoch 872: 40/71 Loss: 0.004296
2026-05-20 14:35: Train Epoch 872: 60/71 Loss: 0.006326
2026-05-20 14:35: **********Train Epoch 872: averaged Loss: 0.006601
2026-05-20 14:35: **********Val Epoch 872: average Loss: 0.052564
2026-05-20 14:35: Train Epoch 873: 0/71 Loss: 0.007328
2026-05-20 14:35: Train Epoch 873: 20/71 Loss: 0.001514
2026-05-20 14:35: Train Epoch 873: 40/71 Loss: 0.003214
2026-05-20 14:35: Train Epoch 873: 60/71 Loss: 0.011130
2026-05-20 14:35: **********Train Epoch 873: averaged Loss: 0.006627
2026-05-20 14:35: **********Val Epoch 873: average Loss: 0.036994
2026-05-20 14:35: Train Epoch 874: 0/71 Loss: 0.013567
2026-05-20 14:35: Train Epoch 874: 20/71 Loss: 0.003723
2026-05-20 14:35: Train Epoch 874: 40/71 Loss: 0.010325
2026-05-20 14:35: Train Epoch 874: 60/71 Loss: 0.007110
2026-05-20 14:35: **********Train Epoch 874: averaged Loss: 0.007165
2026-05-20 14:35: **********Val Epoch 874: average Loss: 0.040275
2026-05-20 14:35: Train Epoch 875: 0/71 Loss: 0.011534
2026-05-20 14:35: Train Epoch 875: 20/71 Loss: 0.004661
2026-05-20 14:35: Train Epoch 875: 40/71 Loss: 0.005601
2026-05-20 14:35: Train Epoch 875: 60/71 Loss: 0.006381
2026-05-20 14:35: **********Train Epoch 875: averaged Loss: 0.006874
2026-05-20 14:35: **********Val Epoch 875: average Loss: 0.036142
2026-05-20 14:35: Train Epoch 876: 0/71 Loss: 0.007547
2026-05-20 14:35: Train Epoch 876: 20/71 Loss: 0.007174
2026-05-20 14:35: Train Epoch 876: 40/71 Loss: 0.005934
2026-05-20 14:36: Train Epoch 876: 60/71 Loss: 0.010198
2026-05-20 14:36: **********Train Epoch 876: averaged Loss: 0.007507
2026-05-20 14:36: **********Val Epoch 876: average Loss: 0.032988
2026-05-20 14:36: Train Epoch 877: 0/71 Loss: 0.012312
2026-05-20 14:36: Train Epoch 877: 20/71 Loss: 0.004053
2026-05-20 14:36: Train Epoch 877: 40/71 Loss: 0.013714
2026-05-20 14:36: Train Epoch 877: 60/71 Loss: 0.003794
2026-05-20 14:36: **********Train Epoch 877: averaged Loss: 0.006379
2026-05-20 14:36: **********Val Epoch 877: average Loss: 0.038180
2026-05-20 14:36: Train Epoch 878: 0/71 Loss: 0.004536
2026-05-20 14:36: Train Epoch 878: 20/71 Loss: 0.005397
2026-05-20 14:36: Train Epoch 878: 40/71 Loss: 0.004920
2026-05-20 14:36: Train Epoch 878: 60/71 Loss: 0.004716
2026-05-20 14:36: **********Train Epoch 878: averaged Loss: 0.006296
2026-05-20 14:36: **********Val Epoch 878: average Loss: 0.040961
2026-05-20 14:36: Train Epoch 879: 0/71 Loss: 0.009023
2026-05-20 14:36: Train Epoch 879: 20/71 Loss: 0.008234
2026-05-20 14:36: Train Epoch 879: 40/71 Loss: 0.007814
2026-05-20 14:36: Train Epoch 879: 60/71 Loss: 0.008414
2026-05-20 14:36: **********Train Epoch 879: averaged Loss: 0.007023
2026-05-20 14:36: **********Val Epoch 879: average Loss: 0.041859
2026-05-20 14:36: Train Epoch 880: 0/71 Loss: 0.004404
2026-05-20 14:36: Train Epoch 880: 20/71 Loss: 0.002664
2026-05-20 14:36: Train Epoch 880: 40/71 Loss: 0.005172
2026-05-20 14:36: Train Epoch 880: 60/71 Loss: 0.004049
2026-05-20 14:36: **********Train Epoch 880: averaged Loss: 0.005882
2026-05-20 14:36: **********Val Epoch 880: average Loss: 0.042214
2026-05-20 14:36: Train Epoch 881: 0/71 Loss: 0.004750
2026-05-20 14:36: Train Epoch 881: 20/71 Loss: 0.002134
2026-05-20 14:36: Train Epoch 881: 40/71 Loss: 0.004132
2026-05-20 14:36: Train Epoch 881: 60/71 Loss: 0.003983
2026-05-20 14:36: **********Train Epoch 881: averaged Loss: 0.005926
2026-05-20 14:36: **********Val Epoch 881: average Loss: 0.040529
2026-05-20 14:36: Train Epoch 882: 0/71 Loss: 0.004538
2026-05-20 14:36: Train Epoch 882: 20/71 Loss: 0.007296
2026-05-20 14:36: Train Epoch 882: 40/71 Loss: 0.002745
2026-05-20 14:36: Train Epoch 882: 60/71 Loss: 0.005537
2026-05-20 14:36: **********Train Epoch 882: averaged Loss: 0.005887
2026-05-20 14:36: **********Val Epoch 882: average Loss: 0.042233
2026-05-20 14:36: Train Epoch 883: 0/71 Loss: 0.010211
2026-05-20 14:36: Train Epoch 883: 20/71 Loss: 0.004544
2026-05-20 14:36: Train Epoch 883: 40/71 Loss: 0.004111
2026-05-20 14:36: Train Epoch 883: 60/71 Loss: 0.009299
2026-05-20 14:36: **********Train Epoch 883: averaged Loss: 0.006676
2026-05-20 14:36: **********Val Epoch 883: average Loss: 0.039859
2026-05-20 14:36: Train Epoch 884: 0/71 Loss: 0.019269
2026-05-20 14:36: Train Epoch 884: 20/71 Loss: 0.006005
2026-05-20 14:36: Train Epoch 884: 40/71 Loss: 0.008352
2026-05-20 14:36: Train Epoch 884: 60/71 Loss: 0.009459
2026-05-20 14:36: **********Train Epoch 884: averaged Loss: 0.007437
2026-05-20 14:36: **********Val Epoch 884: average Loss: 0.042553
2026-05-20 14:36: Train Epoch 885: 0/71 Loss: 0.008615
2026-05-20 14:36: Train Epoch 885: 20/71 Loss: 0.002330
2026-05-20 14:36: Train Epoch 885: 40/71 Loss: 0.004367
2026-05-20 14:36: Train Epoch 885: 60/71 Loss: 0.006073
2026-05-20 14:36: **********Train Epoch 885: averaged Loss: 0.005547
2026-05-20 14:36: **********Val Epoch 885: average Loss: 0.042831
2026-05-20 14:36: Train Epoch 886: 0/71 Loss: 0.007351
2026-05-20 14:36: Train Epoch 886: 20/71 Loss: 0.002920
2026-05-20 14:36: Train Epoch 886: 40/71 Loss: 0.012039
2026-05-20 14:36: Train Epoch 886: 60/71 Loss: 0.012046
2026-05-20 14:36: **********Train Epoch 886: averaged Loss: 0.008334
2026-05-20 14:36: **********Val Epoch 886: average Loss: 0.048343
2026-05-20 14:36: Train Epoch 887: 0/71 Loss: 0.006656
2026-05-20 14:36: Train Epoch 887: 20/71 Loss: 0.002790
2026-05-20 14:36: Train Epoch 887: 40/71 Loss: 0.004393
2026-05-20 14:36: Train Epoch 887: 60/71 Loss: 0.009753
2026-05-20 14:36: **********Train Epoch 887: averaged Loss: 0.005843
2026-05-20 14:36: **********Val Epoch 887: average Loss: 0.037026
2026-05-20 14:36: Train Epoch 888: 0/71 Loss: 0.006760
2026-05-20 14:36: Train Epoch 888: 20/71 Loss: 0.004052
2026-05-20 14:36: Train Epoch 888: 40/71 Loss: 0.009918
2026-05-20 14:36: Train Epoch 888: 60/71 Loss: 0.003700
2026-05-20 14:36: **********Train Epoch 888: averaged Loss: 0.005132
2026-05-20 14:36: **********Val Epoch 888: average Loss: 0.038760
2026-05-20 14:36: Train Epoch 889: 0/71 Loss: 0.003811
2026-05-20 14:36: Train Epoch 889: 20/71 Loss: 0.002469
2026-05-20 14:36: Train Epoch 889: 40/71 Loss: 0.002680
2026-05-20 14:36: Train Epoch 889: 60/71 Loss: 0.005383
2026-05-20 14:36: **********Train Epoch 889: averaged Loss: 0.004691
2026-05-20 14:36: **********Val Epoch 889: average Loss: 0.035712
2026-05-20 14:36: Train Epoch 890: 0/71 Loss: 0.014335
2026-05-20 14:36: Train Epoch 890: 20/71 Loss: 0.006237
2026-05-20 14:36: Train Epoch 890: 40/71 Loss: 0.008666
2026-05-20 14:36: Train Epoch 890: 60/71 Loss: 0.004354
2026-05-20 14:36: **********Train Epoch 890: averaged Loss: 0.006843
2026-05-20 14:36: **********Val Epoch 890: average Loss: 0.031730
2026-05-20 14:36: Train Epoch 891: 0/71 Loss: 0.008334
2026-05-20 14:36: Train Epoch 891: 20/71 Loss: 0.006591
2026-05-20 14:36: Train Epoch 891: 40/71 Loss: 0.007380
2026-05-20 14:36: Train Epoch 891: 60/71 Loss: 0.003901
2026-05-20 14:36: **********Train Epoch 891: averaged Loss: 0.007153
2026-05-20 14:36: **********Val Epoch 891: average Loss: 0.043917
2026-05-20 14:36: Train Epoch 892: 0/71 Loss: 0.005472
2026-05-20 14:36: Train Epoch 892: 20/71 Loss: 0.002610
2026-05-20 14:36: Train Epoch 892: 40/71 Loss: 0.007326
2026-05-20 14:36: Train Epoch 892: 60/71 Loss: 0.004109
2026-05-20 14:36: **********Train Epoch 892: averaged Loss: 0.006040
2026-05-20 14:36: **********Val Epoch 892: average Loss: 0.046392
2026-05-20 14:36: Train Epoch 893: 0/71 Loss: 0.005365
2026-05-20 14:36: Train Epoch 893: 20/71 Loss: 0.006273
2026-05-20 14:36: Train Epoch 893: 40/71 Loss: 0.004617
2026-05-20 14:36: Train Epoch 893: 60/71 Loss: 0.009626
2026-05-20 14:36: **********Train Epoch 893: averaged Loss: 0.007166
2026-05-20 14:36: **********Val Epoch 893: average Loss: 0.050360
2026-05-20 14:36: Train Epoch 894: 0/71 Loss: 0.006721
2026-05-20 14:36: Train Epoch 894: 20/71 Loss: 0.003747
2026-05-20 14:36: Train Epoch 894: 40/71 Loss: 0.006342
2026-05-20 14:36: Train Epoch 894: 60/71 Loss: 0.005485
2026-05-20 14:36: **********Train Epoch 894: averaged Loss: 0.005726
2026-05-20 14:36: **********Val Epoch 894: average Loss: 0.042076
2026-05-20 14:36: Train Epoch 895: 0/71 Loss: 0.005030
2026-05-20 14:36: Train Epoch 895: 20/71 Loss: 0.002105
2026-05-20 14:36: Train Epoch 895: 40/71 Loss: 0.004263
2026-05-20 14:36: Train Epoch 895: 60/71 Loss: 0.005179
2026-05-20 14:36: **********Train Epoch 895: averaged Loss: 0.009716
2026-05-20 14:36: **********Val Epoch 895: average Loss: 0.040527
2026-05-20 14:36: Train Epoch 896: 0/71 Loss: 0.006147
2026-05-20 14:36: Train Epoch 896: 20/71 Loss: 0.003569
2026-05-20 14:36: Train Epoch 896: 40/71 Loss: 0.005827
2026-05-20 14:36: Train Epoch 896: 60/71 Loss: 0.008443
2026-05-20 14:36: **********Train Epoch 896: averaged Loss: 0.006585
2026-05-20 14:36: **********Val Epoch 896: average Loss: 0.046799
2026-05-20 14:36: Train Epoch 897: 0/71 Loss: 0.004423
2026-05-20 14:36: Train Epoch 897: 20/71 Loss: 0.003638
2026-05-20 14:37: Train Epoch 897: 40/71 Loss: 0.005316
2026-05-20 14:37: Train Epoch 897: 60/71 Loss: 0.004328
2026-05-20 14:37: **********Train Epoch 897: averaged Loss: 0.006607
2026-05-20 14:37: **********Val Epoch 897: average Loss: 0.042060
2026-05-20 14:37: Train Epoch 898: 0/71 Loss: 0.005363
2026-05-20 14:37: Train Epoch 898: 20/71 Loss: 0.001770
2026-05-20 14:37: Train Epoch 898: 40/71 Loss: 0.002673
2026-05-20 14:37: Train Epoch 898: 60/71 Loss: 0.003558
2026-05-20 14:37: **********Train Epoch 898: averaged Loss: 0.004731
2026-05-20 14:37: **********Val Epoch 898: average Loss: 0.047792
2026-05-20 14:37: Train Epoch 899: 0/71 Loss: 0.007867
2026-05-20 14:37: Train Epoch 899: 20/71 Loss: 0.001930
2026-05-20 14:37: Train Epoch 899: 40/71 Loss: 0.015144
2026-05-20 14:37: Train Epoch 899: 60/71 Loss: 0.004940
2026-05-20 14:37: **********Train Epoch 899: averaged Loss: 0.007758
2026-05-20 14:37: **********Val Epoch 899: average Loss: 0.038021
2026-05-20 14:37: Train Epoch 900: 0/71 Loss: 0.013946
2026-05-20 14:37: Train Epoch 900: 20/71 Loss: 0.004833
2026-05-20 14:37: Train Epoch 900: 40/71 Loss: 0.010875
2026-05-20 14:37: Train Epoch 900: 60/71 Loss: 0.011905
2026-05-20 14:37: **********Train Epoch 900: averaged Loss: 0.008850
2026-05-20 14:37: **********Val Epoch 900: average Loss: 0.041359
2026-05-20 14:37: Train Epoch 901: 0/71 Loss: 0.005548
2026-05-20 14:37: Train Epoch 901: 20/71 Loss: 0.002919
2026-05-20 14:37: Train Epoch 901: 40/71 Loss: 0.003805
2026-05-20 14:37: Train Epoch 901: 60/71 Loss: 0.005091
2026-05-20 14:37: **********Train Epoch 901: averaged Loss: 0.005843
2026-05-20 14:37: **********Val Epoch 901: average Loss: 0.038155
2026-05-20 14:37: Train Epoch 902: 0/71 Loss: 0.007496
2026-05-20 14:37: Train Epoch 902: 20/71 Loss: 0.004217
2026-05-20 14:37: Train Epoch 902: 40/71 Loss: 0.009540
2026-05-20 14:37: Train Epoch 902: 60/71 Loss: 0.009486
2026-05-20 14:37: **********Train Epoch 902: averaged Loss: 0.007887
2026-05-20 14:37: **********Val Epoch 902: average Loss: 0.044398
2026-05-20 14:37: Train Epoch 903: 0/71 Loss: 0.005126
2026-05-20 14:37: Train Epoch 903: 20/71 Loss: 0.002449
2026-05-20 14:37: Train Epoch 903: 40/71 Loss: 0.004795
2026-05-20 14:37: Train Epoch 903: 60/71 Loss: 0.003247
2026-05-20 14:37: **********Train Epoch 903: averaged Loss: 0.005278
2026-05-20 14:37: **********Val Epoch 903: average Loss: 0.039334
2026-05-20 14:37: Train Epoch 904: 0/71 Loss: 0.004337
2026-05-20 14:37: Train Epoch 904: 20/71 Loss: 0.003244
2026-05-20 14:37: Train Epoch 904: 40/71 Loss: 0.003245
2026-05-20 14:37: Train Epoch 904: 60/71 Loss: 0.003751
2026-05-20 14:37: **********Train Epoch 904: averaged Loss: 0.004713
2026-05-20 14:37: **********Val Epoch 904: average Loss: 0.042612
2026-05-20 14:37: Train Epoch 905: 0/71 Loss: 0.004054
2026-05-20 14:37: Train Epoch 905: 20/71 Loss: 0.005103
2026-05-20 14:37: Train Epoch 905: 40/71 Loss: 0.007201
2026-05-20 14:37: Train Epoch 905: 60/71 Loss: 0.005999
2026-05-20 14:37: **********Train Epoch 905: averaged Loss: 0.007075
2026-05-20 14:37: **********Val Epoch 905: average Loss: 0.041700
2026-05-20 14:37: Train Epoch 906: 0/71 Loss: 0.022365
2026-05-20 14:37: Train Epoch 906: 20/71 Loss: 0.003897
2026-05-20 14:37: Train Epoch 906: 40/71 Loss: 0.012157
2026-05-20 14:37: Train Epoch 906: 60/71 Loss: 0.004846
2026-05-20 14:37: **********Train Epoch 906: averaged Loss: 0.008723
2026-05-20 14:37: **********Val Epoch 906: average Loss: 0.049586
2026-05-20 14:37: Train Epoch 907: 0/71 Loss: 0.005999
2026-05-20 14:37: Train Epoch 907: 20/71 Loss: 0.002689
2026-05-20 14:37: Train Epoch 907: 40/71 Loss: 0.006516
2026-05-20 14:37: Train Epoch 907: 60/71 Loss: 0.004459
2026-05-20 14:37: **********Train Epoch 907: averaged Loss: 0.006085
2026-05-20 14:37: **********Val Epoch 907: average Loss: 0.046922
2026-05-20 14:37: Train Epoch 908: 0/71 Loss: 0.004986
2026-05-20 14:37: Train Epoch 908: 20/71 Loss: 0.002856
2026-05-20 14:37: Train Epoch 908: 40/71 Loss: 0.003501
2026-05-20 14:37: Train Epoch 908: 60/71 Loss: 0.009594
2026-05-20 14:37: **********Train Epoch 908: averaged Loss: 0.007125
2026-05-20 14:37: **********Val Epoch 908: average Loss: 0.038014
2026-05-20 14:37: Train Epoch 909: 0/71 Loss: 0.019200
2026-05-20 14:37: Train Epoch 909: 20/71 Loss: 0.004025
2026-05-20 14:37: Train Epoch 909: 40/71 Loss: 0.014569
2026-05-20 14:37: Train Epoch 909: 60/71 Loss: 0.007295
2026-05-20 14:37: **********Train Epoch 909: averaged Loss: 0.008448
2026-05-20 14:37: **********Val Epoch 909: average Loss: 0.048926
2026-05-20 14:37: Train Epoch 910: 0/71 Loss: 0.010206
2026-05-20 14:37: Train Epoch 910: 20/71 Loss: 0.003786
2026-05-20 14:37: Train Epoch 910: 40/71 Loss: 0.006698
2026-05-20 14:37: Train Epoch 910: 60/71 Loss: 0.004763
2026-05-20 14:37: **********Train Epoch 910: averaged Loss: 0.006698
2026-05-20 14:37: **********Val Epoch 910: average Loss: 0.044029
2026-05-20 14:37: Train Epoch 911: 0/71 Loss: 0.006542
2026-05-20 14:37: Train Epoch 911: 20/71 Loss: 0.002955
2026-05-20 14:37: Train Epoch 911: 40/71 Loss: 0.003854
2026-05-20 14:37: Train Epoch 911: 60/71 Loss: 0.009481
2026-05-20 14:37: **********Train Epoch 911: averaged Loss: 0.005997
2026-05-20 14:37: **********Val Epoch 911: average Loss: 0.042396
2026-05-20 14:37: Train Epoch 912: 0/71 Loss: 0.015434
2026-05-20 14:37: Train Epoch 912: 20/71 Loss: 0.002853
2026-05-20 14:37: Train Epoch 912: 40/71 Loss: 0.013084
2026-05-20 14:37: Train Epoch 912: 60/71 Loss: 0.005954
2026-05-20 14:37: **********Train Epoch 912: averaged Loss: 0.006997
2026-05-20 14:37: **********Val Epoch 912: average Loss: 0.045104
2026-05-20 14:37: Train Epoch 913: 0/71 Loss: 0.011790
2026-05-20 14:37: Train Epoch 913: 20/71 Loss: 0.004007
2026-05-20 14:37: Train Epoch 913: 40/71 Loss: 0.007672
2026-05-20 14:37: Train Epoch 913: 60/71 Loss: 0.004601
2026-05-20 14:37: **********Train Epoch 913: averaged Loss: 0.006958
2026-05-20 14:37: **********Val Epoch 913: average Loss: 0.040871
2026-05-20 14:37: Train Epoch 914: 0/71 Loss: 0.005070
2026-05-20 14:37: Train Epoch 914: 20/71 Loss: 0.001949
2026-05-20 14:37: Train Epoch 914: 40/71 Loss: 0.007270
2026-05-20 14:37: Train Epoch 914: 60/71 Loss: 0.008114
2026-05-20 14:37: **********Train Epoch 914: averaged Loss: 0.007191
2026-05-20 14:37: **********Val Epoch 914: average Loss: 0.041062
2026-05-20 14:37: Train Epoch 915: 0/71 Loss: 0.023342
2026-05-20 14:37: Train Epoch 915: 20/71 Loss: 0.005573
2026-05-20 14:37: Train Epoch 915: 40/71 Loss: 0.012045
2026-05-20 14:37: Train Epoch 915: 60/71 Loss: 0.005466
2026-05-20 14:37: **********Train Epoch 915: averaged Loss: 0.008095
2026-05-20 14:37: **********Val Epoch 915: average Loss: 0.048802
2026-05-20 14:37: Train Epoch 916: 0/71 Loss: 0.004291
2026-05-20 14:38: Train Epoch 916: 20/71 Loss: 0.004343
2026-05-20 14:38: Train Epoch 916: 40/71 Loss: 0.004217
2026-05-20 14:38: Train Epoch 916: 60/71 Loss: 0.005250
2026-05-20 14:38: **********Train Epoch 916: averaged Loss: 0.005606
2026-05-20 14:38: **********Val Epoch 916: average Loss: 0.033840
2026-05-20 14:38: Train Epoch 917: 0/71 Loss: 0.013653
2026-05-20 14:38: Train Epoch 917: 20/71 Loss: 0.005025
2026-05-20 14:38: Train Epoch 917: 40/71 Loss: 0.009256
2026-05-20 14:38: Train Epoch 917: 60/71 Loss: 0.005315
2026-05-20 14:38: **********Train Epoch 917: averaged Loss: 0.006025
2026-05-20 14:38: **********Val Epoch 917: average Loss: 0.037459
2026-05-20 14:38: Train Epoch 918: 0/71 Loss: 0.005940
2026-05-20 14:38: Train Epoch 918: 20/71 Loss: 0.003634
2026-05-20 14:38: Train Epoch 918: 40/71 Loss: 0.004945
2026-05-20 14:38: Train Epoch 918: 60/71 Loss: 0.003746
2026-05-20 14:38: **********Train Epoch 918: averaged Loss: 0.004916
2026-05-20 14:38: **********Val Epoch 918: average Loss: 0.040437
2026-05-20 14:38: Train Epoch 919: 0/71 Loss: 0.004020
2026-05-20 14:38: Train Epoch 919: 20/71 Loss: 0.003199
2026-05-20 14:38: Train Epoch 919: 40/71 Loss: 0.005395
2026-05-20 14:38: Train Epoch 919: 60/71 Loss: 0.004016
2026-05-20 14:38: **********Train Epoch 919: averaged Loss: 0.004724
2026-05-20 14:38: **********Val Epoch 919: average Loss: 0.037422
2026-05-20 14:38: Train Epoch 920: 0/71 Loss: 0.005661
2026-05-20 14:38: Train Epoch 920: 20/71 Loss: 0.002496
2026-05-20 14:38: Train Epoch 920: 40/71 Loss: 0.004649
2026-05-20 14:38: Train Epoch 920: 60/71 Loss: 0.005487
2026-05-20 14:38: **********Train Epoch 920: averaged Loss: 0.005872
2026-05-20 14:38: **********Val Epoch 920: average Loss: 0.043633
2026-05-20 14:38: Train Epoch 921: 0/71 Loss: 0.004854
2026-05-20 14:38: Train Epoch 921: 20/71 Loss: 0.003656
2026-05-20 14:38: Train Epoch 921: 40/71 Loss: 0.005303
2026-05-20 14:38: Train Epoch 921: 60/71 Loss: 0.004153
2026-05-20 14:38: **********Train Epoch 921: averaged Loss: 0.006541
2026-05-20 14:38: **********Val Epoch 921: average Loss: 0.035343
2026-05-20 14:38: Train Epoch 922: 0/71 Loss: 0.020757
2026-05-20 14:38: Train Epoch 922: 20/71 Loss: 0.005190
2026-05-20 14:38: Train Epoch 922: 40/71 Loss: 0.013596
2026-05-20 14:38: Train Epoch 922: 60/71 Loss: 0.008101
2026-05-20 14:38: **********Train Epoch 922: averaged Loss: 0.008295
2026-05-20 14:38: **********Val Epoch 922: average Loss: 0.045396
2026-05-20 14:38: Train Epoch 923: 0/71 Loss: 0.011789
2026-05-20 14:38: Train Epoch 923: 20/71 Loss: 0.003417
2026-05-20 14:38: Train Epoch 923: 40/71 Loss: 0.011701
2026-05-20 14:38: Train Epoch 923: 60/71 Loss: 0.003627
2026-05-20 14:38: **********Train Epoch 923: averaged Loss: 0.007289
2026-05-20 14:38: **********Val Epoch 923: average Loss: 0.046584
2026-05-20 14:38: Train Epoch 924: 0/71 Loss: 0.003950
2026-05-20 14:38: Train Epoch 924: 20/71 Loss: 0.002177
2026-05-20 14:38: Train Epoch 924: 40/71 Loss: 0.007378
2026-05-20 14:38: Train Epoch 924: 60/71 Loss: 0.008287
2026-05-20 14:38: **********Train Epoch 924: averaged Loss: 0.007269
2026-05-20 14:38: **********Val Epoch 924: average Loss: 0.039564
2026-05-20 14:38: Train Epoch 925: 0/71 Loss: 0.021791
2026-05-20 14:38: Train Epoch 925: 20/71 Loss: 0.003230
2026-05-20 14:38: Train Epoch 925: 40/71 Loss: 0.016599
2026-05-20 14:38: Train Epoch 925: 60/71 Loss: 0.005808
2026-05-20 14:38: **********Train Epoch 925: averaged Loss: 0.008038
2026-05-20 14:38: **********Val Epoch 925: average Loss: 0.050654
2026-05-20 14:38: Train Epoch 926: 0/71 Loss: 0.011140
2026-05-20 14:38: Train Epoch 926: 20/71 Loss: 0.002978
2026-05-20 14:38: Train Epoch 926: 40/71 Loss: 0.007395
2026-05-20 14:38: Train Epoch 926: 60/71 Loss: 0.005898
2026-05-20 14:38: **********Train Epoch 926: averaged Loss: 0.006676
2026-05-20 14:38: **********Val Epoch 926: average Loss: 0.036357
2026-05-20 14:38: Train Epoch 927: 0/71 Loss: 0.018865
2026-05-20 14:38: Train Epoch 927: 20/71 Loss: 0.004892
2026-05-20 14:38: Train Epoch 927: 40/71 Loss: 0.007861
2026-05-20 14:38: Train Epoch 927: 60/71 Loss: 0.011180
2026-05-20 14:38: **********Train Epoch 927: averaged Loss: 0.008395
2026-05-20 14:38: **********Val Epoch 927: average Loss: 0.049559
2026-05-20 14:38: Train Epoch 928: 0/71 Loss: 0.009956
2026-05-20 14:38: Train Epoch 928: 20/71 Loss: 0.002325
2026-05-20 14:38: Train Epoch 928: 40/71 Loss: 0.004575
2026-05-20 14:38: Train Epoch 928: 60/71 Loss: 0.003245
2026-05-20 14:38: **********Train Epoch 928: averaged Loss: 0.005238
2026-05-20 14:38: **********Val Epoch 928: average Loss: 0.043726
2026-05-20 14:38: Train Epoch 929: 0/71 Loss: 0.008356
2026-05-20 14:38: Train Epoch 929: 20/71 Loss: 0.003255
2026-05-20 14:38: Train Epoch 929: 40/71 Loss: 0.003549
2026-05-20 14:38: Train Epoch 929: 60/71 Loss: 0.009225
2026-05-20 14:38: **********Train Epoch 929: averaged Loss: 0.005057
2026-05-20 14:38: **********Val Epoch 929: average Loss: 0.044657
2026-05-20 14:38: Train Epoch 930: 0/71 Loss: 0.005123
2026-05-20 14:38: Train Epoch 930: 20/71 Loss: 0.002421
2026-05-20 14:38: Train Epoch 930: 40/71 Loss: 0.003118
2026-05-20 14:38: Train Epoch 930: 60/71 Loss: 0.004523
2026-05-20 14:38: **********Train Epoch 930: averaged Loss: 0.004348
2026-05-20 14:38: **********Val Epoch 930: average Loss: 0.044678
2026-05-20 14:38: Train Epoch 931: 0/71 Loss: 0.005594
2026-05-20 14:38: Train Epoch 931: 20/71 Loss: 0.003668
2026-05-20 14:38: Train Epoch 931: 40/71 Loss: 0.002897
2026-05-20 14:38: Train Epoch 931: 60/71 Loss: 0.005353
2026-05-20 14:38: **********Train Epoch 931: averaged Loss: 0.005884
2026-05-20 14:38: **********Val Epoch 931: average Loss: 0.027838
2026-05-20 14:38: Train Epoch 932: 0/71 Loss: 0.040157
2026-05-20 14:38: Train Epoch 932: 20/71 Loss: 0.002985
2026-05-20 14:38: Train Epoch 932: 40/71 Loss: 0.009604
2026-05-20 14:38: Train Epoch 932: 60/71 Loss: 0.009790
2026-05-20 14:38: **********Train Epoch 932: averaged Loss: 0.009939
2026-05-20 14:38: **********Val Epoch 932: average Loss: 0.047714
2026-05-20 14:38: Train Epoch 933: 0/71 Loss: 0.005337
2026-05-20 14:38: Train Epoch 933: 20/71 Loss: 0.004276
2026-05-20 14:38: Train Epoch 933: 40/71 Loss: 0.007660
2026-05-20 14:38: Train Epoch 933: 60/71 Loss: 0.004195
2026-05-20 14:38: **********Train Epoch 933: averaged Loss: 0.005949
2026-05-20 14:38: **********Val Epoch 933: average Loss: 0.038126
2026-05-20 14:38: Train Epoch 934: 0/71 Loss: 0.005337
2026-05-20 14:38: Train Epoch 934: 20/71 Loss: 0.001999
2026-05-20 14:38: Train Epoch 934: 40/71 Loss: 0.004101
2026-05-20 14:38: Train Epoch 934: 60/71 Loss: 0.004923
2026-05-20 14:38: **********Train Epoch 934: averaged Loss: 0.005351
2026-05-20 14:38: **********Val Epoch 934: average Loss: 0.037197
2026-05-20 14:38: Train Epoch 935: 0/71 Loss: 0.017889
2026-05-20 14:39: Train Epoch 935: 20/71 Loss: 0.003219
2026-05-20 14:39: Train Epoch 935: 40/71 Loss: 0.008791
2026-05-20 14:39: Train Epoch 935: 60/71 Loss: 0.003803
2026-05-20 14:39: **********Train Epoch 935: averaged Loss: 0.008575
2026-05-20 14:39: **********Val Epoch 935: average Loss: 0.045413
2026-05-20 14:39: Train Epoch 936: 0/71 Loss: 0.006924
2026-05-20 14:39: Train Epoch 936: 20/71 Loss: 0.002307
2026-05-20 14:39: Train Epoch 936: 40/71 Loss: 0.003666
2026-05-20 14:39: Train Epoch 936: 60/71 Loss: 0.003567
2026-05-20 14:39: **********Train Epoch 936: averaged Loss: 0.005244
2026-05-20 14:39: **********Val Epoch 936: average Loss: 0.046100
2026-05-20 14:39: Train Epoch 937: 0/71 Loss: 0.004241
2026-05-20 14:39: Train Epoch 937: 20/71 Loss: 0.004084
2026-05-20 14:39: Train Epoch 937: 40/71 Loss: 0.004176
2026-05-20 14:39: Train Epoch 937: 60/71 Loss: 0.006767
2026-05-20 14:39: **********Train Epoch 937: averaged Loss: 0.005487
2026-05-20 14:39: **********Val Epoch 937: average Loss: 0.040614
2026-05-20 14:39: Train Epoch 938: 0/71 Loss: 0.013069
2026-05-20 14:39: Train Epoch 938: 20/71 Loss: 0.002473
2026-05-20 14:39: Train Epoch 938: 40/71 Loss: 0.009689
2026-05-20 14:39: Train Epoch 938: 60/71 Loss: 0.005129
2026-05-20 14:39: **********Train Epoch 938: averaged Loss: 0.006832
2026-05-20 14:39: **********Val Epoch 938: average Loss: 0.047794
2026-05-20 14:39: Train Epoch 939: 0/71 Loss: 0.009837
2026-05-20 14:39: Train Epoch 939: 20/71 Loss: 0.003098
2026-05-20 14:39: Train Epoch 939: 40/71 Loss: 0.008273
2026-05-20 14:39: Train Epoch 939: 60/71 Loss: 0.005167
2026-05-20 14:39: **********Train Epoch 939: averaged Loss: 0.006199
2026-05-20 14:39: **********Val Epoch 939: average Loss: 0.047085
2026-05-20 14:39: Train Epoch 940: 0/71 Loss: 0.004218
2026-05-20 14:39: Train Epoch 940: 20/71 Loss: 0.001429
2026-05-20 14:39: Train Epoch 940: 40/71 Loss: 0.006312
2026-05-20 14:39: Train Epoch 940: 60/71 Loss: 0.004925
2026-05-20 14:39: **********Train Epoch 940: averaged Loss: 0.005547
2026-05-20 14:39: **********Val Epoch 940: average Loss: 0.037733
2026-05-20 14:39: Train Epoch 941: 0/71 Loss: 0.012275
2026-05-20 14:39: Train Epoch 941: 20/71 Loss: 0.006372
2026-05-20 14:39: Train Epoch 941: 40/71 Loss: 0.009868
2026-05-20 14:39: Train Epoch 941: 60/71 Loss: 0.004454
2026-05-20 14:39: **********Train Epoch 941: averaged Loss: 0.007381
2026-05-20 14:39: **********Val Epoch 941: average Loss: 0.041075
2026-05-20 14:39: Train Epoch 942: 0/71 Loss: 0.011667
2026-05-20 14:39: Train Epoch 942: 20/71 Loss: 0.002446
2026-05-20 14:39: Train Epoch 942: 40/71 Loss: 0.010045
2026-05-20 14:39: Train Epoch 942: 60/71 Loss: 0.007936
2026-05-20 14:39: **********Train Epoch 942: averaged Loss: 0.007221
2026-05-20 14:39: **********Val Epoch 942: average Loss: 0.049613
2026-05-20 14:39: Train Epoch 943: 0/71 Loss: 0.015938
2026-05-20 14:39: Train Epoch 943: 20/71 Loss: 0.002745
2026-05-20 14:39: Train Epoch 943: 40/71 Loss: 0.013383
2026-05-20 14:39: Train Epoch 943: 60/71 Loss: 0.004712
2026-05-20 14:39: **********Train Epoch 943: averaged Loss: 0.006736
2026-05-20 14:39: **********Val Epoch 943: average Loss: 0.043007
2026-05-20 14:39: Train Epoch 944: 0/71 Loss: 0.005987
2026-05-20 14:39: Train Epoch 944: 20/71 Loss: 0.005386
2026-05-20 14:39: Train Epoch 944: 40/71 Loss: 0.004576
2026-05-20 14:39: Train Epoch 944: 60/71 Loss: 0.006142
2026-05-20 14:39: **********Train Epoch 944: averaged Loss: 0.007980
2026-05-20 14:39: **********Val Epoch 944: average Loss: 0.033609
2026-05-20 14:39: Train Epoch 945: 0/71 Loss: 0.029534
2026-05-20 14:39: Train Epoch 945: 20/71 Loss: 0.002228
2026-05-20 14:39: Train Epoch 945: 40/71 Loss: 0.013926
2026-05-20 14:39: Train Epoch 945: 60/71 Loss: 0.006174
2026-05-20 14:39: **********Train Epoch 945: averaged Loss: 0.008841
2026-05-20 14:39: **********Val Epoch 945: average Loss: 0.051069
2026-05-20 14:39: Train Epoch 946: 0/71 Loss: 0.008169
2026-05-20 14:39: Train Epoch 946: 20/71 Loss: 0.002599
2026-05-20 14:39: Train Epoch 946: 40/71 Loss: 0.005618
2026-05-20 14:39: Train Epoch 946: 60/71 Loss: 0.003778
2026-05-20 14:39: **********Train Epoch 946: averaged Loss: 0.005636
2026-05-20 14:39: **********Val Epoch 946: average Loss: 0.048975
2026-05-20 14:39: Train Epoch 947: 0/71 Loss: 0.003965
2026-05-20 14:39: Train Epoch 947: 20/71 Loss: 0.001607
2026-05-20 14:39: Train Epoch 947: 40/71 Loss: 0.007278
2026-05-20 14:39: Train Epoch 947: 60/71 Loss: 0.005713
2026-05-20 14:39: **********Train Epoch 947: averaged Loss: 0.006421
2026-05-20 14:39: **********Val Epoch 947: average Loss: 0.034078
2026-05-20 14:39: Train Epoch 948: 0/71 Loss: 0.029118
2026-05-20 14:39: Train Epoch 948: 20/71 Loss: 0.002583
2026-05-20 14:39: Train Epoch 948: 40/71 Loss: 0.011826
2026-05-20 14:39: Train Epoch 948: 60/71 Loss: 0.005008
2026-05-20 14:39: **********Train Epoch 948: averaged Loss: 0.008927
2026-05-20 14:39: **********Val Epoch 948: average Loss: 0.048824
2026-05-20 14:39: Train Epoch 949: 0/71 Loss: 0.007046
2026-05-20 14:39: Train Epoch 949: 20/71 Loss: 0.002835
2026-05-20 14:39: Train Epoch 949: 40/71 Loss: 0.004382
2026-05-20 14:39: Train Epoch 949: 60/71 Loss: 0.004294
2026-05-20 14:39: **********Train Epoch 949: averaged Loss: 0.004925
2026-05-20 14:39: **********Val Epoch 949: average Loss: 0.043485
2026-05-20 14:39: Train Epoch 950: 0/71 Loss: 0.005339
2026-05-20 14:39: Train Epoch 950: 20/71 Loss: 0.002617
2026-05-20 14:39: Train Epoch 950: 40/71 Loss: 0.003064
2026-05-20 14:39: Train Epoch 950: 60/71 Loss: 0.003553
2026-05-20 14:39: **********Train Epoch 950: averaged Loss: 0.004426
2026-05-20 14:39: **********Val Epoch 950: average Loss: 0.040596
2026-05-20 14:39: Train Epoch 951: 0/71 Loss: 0.009851
2026-05-20 14:39: Train Epoch 951: 20/71 Loss: 0.003193
2026-05-20 14:39: Train Epoch 951: 40/71 Loss: 0.011842
2026-05-20 14:39: Train Epoch 951: 60/71 Loss: 0.007920
2026-05-20 14:39: **********Train Epoch 951: averaged Loss: 0.006223
2026-05-20 14:39: **********Val Epoch 951: average Loss: 0.041123
2026-05-20 14:39: Train Epoch 952: 0/71 Loss: 0.014612
2026-05-20 14:39: Train Epoch 952: 20/71 Loss: 0.001954
2026-05-20 14:39: Train Epoch 952: 40/71 Loss: 0.009998
2026-05-20 14:39: Train Epoch 952: 60/71 Loss: 0.007072
2026-05-20 14:39: **********Train Epoch 952: averaged Loss: 0.006995
2026-05-20 14:39: **********Val Epoch 952: average Loss: 0.045355
2026-05-20 14:39: Train Epoch 953: 0/71 Loss: 0.013589
2026-05-20 14:40: Train Epoch 953: 20/71 Loss: 0.003774
2026-05-20 14:40: Train Epoch 953: 40/71 Loss: 0.013216
2026-05-20 14:40: Train Epoch 953: 60/71 Loss: 0.005795
2026-05-20 14:40: **********Train Epoch 953: averaged Loss: 0.007682
2026-05-20 14:40: **********Val Epoch 953: average Loss: 0.046348
2026-05-20 14:40: Train Epoch 954: 0/71 Loss: 0.004330
2026-05-20 14:40: Train Epoch 954: 20/71 Loss: 0.001854
2026-05-20 14:40: Train Epoch 954: 40/71 Loss: 0.008403
2026-05-20 14:40: Train Epoch 954: 60/71 Loss: 0.005422
2026-05-20 14:40: **********Train Epoch 954: averaged Loss: 0.007786
2026-05-20 14:40: **********Val Epoch 954: average Loss: 0.045148
2026-05-20 14:40: Train Epoch 955: 0/71 Loss: 0.027019
2026-05-20 14:40: Train Epoch 955: 20/71 Loss: 0.003104
2026-05-20 14:40: Train Epoch 955: 40/71 Loss: 0.017300
2026-05-20 14:40: Train Epoch 955: 60/71 Loss: 0.005369
2026-05-20 14:40: **********Train Epoch 955: averaged Loss: 0.008791
2026-05-20 14:40: **********Val Epoch 955: average Loss: 0.050581
2026-05-20 14:40: Train Epoch 956: 0/71 Loss: 0.010848
2026-05-20 14:40: Train Epoch 956: 20/71 Loss: 0.002861
2026-05-20 14:40: Train Epoch 956: 40/71 Loss: 0.007556
2026-05-20 14:40: Train Epoch 956: 60/71 Loss: 0.004879
2026-05-20 14:40: **********Train Epoch 956: averaged Loss: 0.005698
2026-05-20 14:40: **********Val Epoch 956: average Loss: 0.034649
2026-05-20 14:40: Train Epoch 957: 0/71 Loss: 0.014621
2026-05-20 14:40: Train Epoch 957: 20/71 Loss: 0.005809
2026-05-20 14:40: Train Epoch 957: 40/71 Loss: 0.012461
2026-05-20 14:40: Train Epoch 957: 60/71 Loss: 0.009617
2026-05-20 14:40: **********Train Epoch 957: averaged Loss: 0.007661
2026-05-20 14:40: **********Val Epoch 957: average Loss: 0.045696
2026-05-20 14:40: Train Epoch 958: 0/71 Loss: 0.004351
2026-05-20 14:40: Train Epoch 958: 20/71 Loss: 0.002784
2026-05-20 14:40: Train Epoch 958: 40/71 Loss: 0.004642
2026-05-20 14:40: Train Epoch 958: 60/71 Loss: 0.003661
2026-05-20 14:40: **********Train Epoch 958: averaged Loss: 0.005468
2026-05-20 14:40: **********Val Epoch 958: average Loss: 0.036810
2026-05-20 14:40: Train Epoch 959: 0/71 Loss: 0.005991
2026-05-20 14:40: Train Epoch 959: 20/71 Loss: 0.002313
2026-05-20 14:40: Train Epoch 959: 40/71 Loss: 0.002691
2026-05-20 14:40: Train Epoch 959: 60/71 Loss: 0.003864
2026-05-20 14:40: **********Train Epoch 959: averaged Loss: 0.004299
2026-05-20 14:40: **********Val Epoch 959: average Loss: 0.044682
2026-05-20 14:40: Train Epoch 960: 0/71 Loss: 0.005410
2026-05-20 14:40: Train Epoch 960: 20/71 Loss: 0.001626
2026-05-20 14:40: Train Epoch 960: 40/71 Loss: 0.002299
2026-05-20 14:40: Train Epoch 960: 60/71 Loss: 0.004258
2026-05-20 14:40: **********Train Epoch 960: averaged Loss: 0.004071
2026-05-20 14:40: **********Val Epoch 960: average Loss: 0.053417
2026-05-20 14:40: Train Epoch 961: 0/71 Loss: 0.004586
2026-05-20 14:40: Train Epoch 961: 20/71 Loss: 0.001557
2026-05-20 14:40: Train Epoch 961: 40/71 Loss: 0.003916
2026-05-20 14:40: Train Epoch 961: 60/71 Loss: 0.004281
2026-05-20 14:40: **********Train Epoch 961: averaged Loss: 0.005066
2026-05-20 14:40: **********Val Epoch 961: average Loss: 0.047410
2026-05-20 14:40: Train Epoch 962: 0/71 Loss: 0.014045
2026-05-20 14:40: Train Epoch 962: 20/71 Loss: 0.004300
2026-05-20 14:40: Train Epoch 962: 40/71 Loss: 0.009083
2026-05-20 14:40: Train Epoch 962: 60/71 Loss: 0.005817
2026-05-20 14:40: **********Train Epoch 962: averaged Loss: 0.006699
2026-05-20 14:40: **********Val Epoch 962: average Loss: 0.042073
2026-05-20 14:40: Train Epoch 963: 0/71 Loss: 0.010490
2026-05-20 14:40: Train Epoch 963: 20/71 Loss: 0.002468
2026-05-20 14:40: Train Epoch 963: 40/71 Loss: 0.006586
2026-05-20 14:40: Train Epoch 963: 60/71 Loss: 0.006813
2026-05-20 14:40: **********Train Epoch 963: averaged Loss: 0.005483
2026-05-20 14:40: **********Val Epoch 963: average Loss: 0.044319
2026-05-20 14:40: Train Epoch 964: 0/71 Loss: 0.004648
2026-05-20 14:40: Train Epoch 964: 20/71 Loss: 0.002195
2026-05-20 14:40: Train Epoch 964: 40/71 Loss: 0.003417
2026-05-20 14:40: Train Epoch 964: 60/71 Loss: 0.003416
2026-05-20 14:40: **********Train Epoch 964: averaged Loss: 0.004129
2026-05-20 14:40: **********Val Epoch 964: average Loss: 0.043943
2026-05-20 14:40: Train Epoch 965: 0/71 Loss: 0.003711
2026-05-20 14:40: Train Epoch 965: 20/71 Loss: 0.001394
2026-05-20 14:40: Train Epoch 965: 40/71 Loss: 0.002711
2026-05-20 14:40: Train Epoch 965: 60/71 Loss: 0.004074
2026-05-20 14:40: **********Train Epoch 965: averaged Loss: 0.004307
2026-05-20 14:40: **********Val Epoch 965: average Loss: 0.050831
2026-05-20 14:40: Train Epoch 966: 0/71 Loss: 0.005410
2026-05-20 14:40: Train Epoch 966: 20/71 Loss: 0.003569
2026-05-20 14:40: Train Epoch 966: 40/71 Loss: 0.003722
2026-05-20 14:40: Train Epoch 966: 60/71 Loss: 0.006704
2026-05-20 14:40: **********Train Epoch 966: averaged Loss: 0.005959
2026-05-20 14:40: **********Val Epoch 966: average Loss: 0.033485
2026-05-20 14:40: Train Epoch 967: 0/71 Loss: 0.025026
2026-05-20 14:40: Train Epoch 967: 20/71 Loss: 0.002819
2026-05-20 14:40: Train Epoch 967: 40/71 Loss: 0.015512
2026-05-20 14:40: Train Epoch 967: 60/71 Loss: 0.004209
2026-05-20 14:40: **********Train Epoch 967: averaged Loss: 0.010218
2026-05-20 14:40: **********Val Epoch 967: average Loss: 0.055408
2026-05-20 14:40: Train Epoch 968: 0/71 Loss: 0.014125
2026-05-20 14:40: Train Epoch 968: 20/71 Loss: 0.002598
2026-05-20 14:40: Train Epoch 968: 40/71 Loss: 0.003564
2026-05-20 14:40: Train Epoch 968: 60/71 Loss: 0.003926
2026-05-20 14:40: **********Train Epoch 968: averaged Loss: 0.005797
2026-05-20 14:40: **********Val Epoch 968: average Loss: 0.045914
2026-05-20 14:40: Train Epoch 969: 0/71 Loss: 0.004371
2026-05-20 14:40: Train Epoch 969: 20/71 Loss: 0.003517
2026-05-20 14:40: Train Epoch 969: 40/71 Loss: 0.005657
2026-05-20 14:40: Train Epoch 969: 60/71 Loss: 0.005257
2026-05-20 14:40: **********Train Epoch 969: averaged Loss: 0.005680
2026-05-20 14:40: **********Val Epoch 969: average Loss: 0.042084
2026-05-20 14:40: Train Epoch 970: 0/71 Loss: 0.015070
2026-05-20 14:40: Train Epoch 970: 20/71 Loss: 0.002108
2026-05-20 14:40: Train Epoch 970: 40/71 Loss: 0.009457
2026-05-20 14:40: Train Epoch 970: 60/71 Loss: 0.006193
2026-05-20 14:40: **********Train Epoch 970: averaged Loss: 0.007503
2026-05-20 14:40: **********Val Epoch 970: average Loss: 0.045301
2026-05-20 14:40: Train Epoch 971: 0/71 Loss: 0.017845
2026-05-20 14:40: Train Epoch 971: 20/71 Loss: 0.004584
2026-05-20 14:40: Train Epoch 971: 40/71 Loss: 0.012616
2026-05-20 14:40: Train Epoch 971: 60/71 Loss: 0.004831
2026-05-20 14:40: **********Train Epoch 971: averaged Loss: 0.008051
2026-05-20 14:40: **********Val Epoch 971: average Loss: 0.049493
2026-05-20 14:40: Train Epoch 972: 0/71 Loss: 0.004634
2026-05-20 14:40: Train Epoch 972: 20/71 Loss: 0.002693
2026-05-20 14:41: Train Epoch 972: 40/71 Loss: 0.004355
2026-05-20 14:41: Train Epoch 972: 60/71 Loss: 0.006551
2026-05-20 14:41: **********Train Epoch 972: averaged Loss: 0.006095
2026-05-20 14:41: **********Val Epoch 972: average Loss: 0.044288
2026-05-20 14:41: Train Epoch 973: 0/71 Loss: 0.013753
2026-05-20 14:41: Train Epoch 973: 20/71 Loss: 0.002459
2026-05-20 14:41: Train Epoch 973: 40/71 Loss: 0.008710
2026-05-20 14:41: Train Epoch 973: 60/71 Loss: 0.005096
2026-05-20 14:41: **********Train Epoch 973: averaged Loss: 0.006619
2026-05-20 14:41: **********Val Epoch 973: average Loss: 0.044205
2026-05-20 14:41: Train Epoch 974: 0/71 Loss: 0.006198
2026-05-20 14:41: Train Epoch 974: 20/71 Loss: 0.001991
2026-05-20 14:41: Train Epoch 974: 40/71 Loss: 0.005104
2026-05-20 14:41: Train Epoch 974: 60/71 Loss: 0.003358
2026-05-20 14:41: **********Train Epoch 974: averaged Loss: 0.004405
2026-05-20 14:41: **********Val Epoch 974: average Loss: 0.040919
2026-05-20 14:41: Train Epoch 975: 0/71 Loss: 0.011785
2026-05-20 14:41: Train Epoch 975: 20/71 Loss: 0.002233
2026-05-20 14:41: Train Epoch 975: 40/71 Loss: 0.008745
2026-05-20 14:41: Train Epoch 975: 60/71 Loss: 0.003799
2026-05-20 14:41: **********Train Epoch 975: averaged Loss: 0.005947
2026-05-20 14:41: **********Val Epoch 975: average Loss: 0.042747
2026-05-20 14:41: Train Epoch 976: 0/71 Loss: 0.004321
2026-05-20 14:41: Train Epoch 976: 20/71 Loss: 0.001410
2026-05-20 14:41: Train Epoch 976: 40/71 Loss: 0.003860
2026-05-20 14:41: Train Epoch 976: 60/71 Loss: 0.006416
2026-05-20 14:41: **********Train Epoch 976: averaged Loss: 0.004975
2026-05-20 14:41: **********Val Epoch 976: average Loss: 0.040292
2026-05-20 14:41: Train Epoch 977: 0/71 Loss: 0.003536
2026-05-20 14:41: Train Epoch 977: 20/71 Loss: 0.002881
2026-05-20 14:41: Train Epoch 977: 40/71 Loss: 0.003469
2026-05-20 14:41: Train Epoch 977: 60/71 Loss: 0.004152
2026-05-20 14:41: **********Train Epoch 977: averaged Loss: 0.005370
2026-05-20 14:41: **********Val Epoch 977: average Loss: 0.045580
2026-05-20 14:41: Train Epoch 978: 0/71 Loss: 0.007854
2026-05-20 14:41: Train Epoch 978: 20/71 Loss: 0.003730
2026-05-20 14:41: Train Epoch 978: 40/71 Loss: 0.007054
2026-05-20 14:41: Train Epoch 978: 60/71 Loss: 0.002934
2026-05-20 14:41: **********Train Epoch 978: averaged Loss: 0.005577
2026-05-20 14:41: **********Val Epoch 978: average Loss: 0.039749
2026-05-20 14:41: Train Epoch 979: 0/71 Loss: 0.008966
2026-05-20 14:41: Train Epoch 979: 20/71 Loss: 0.003282
2026-05-20 14:41: Train Epoch 979: 40/71 Loss: 0.007585
2026-05-20 14:41: Train Epoch 979: 60/71 Loss: 0.007867
2026-05-20 14:41: **********Train Epoch 979: averaged Loss: 0.005842
2026-05-20 14:41: **********Val Epoch 979: average Loss: 0.047174
2026-05-20 14:41: Train Epoch 980: 0/71 Loss: 0.004315
2026-05-20 14:41: Train Epoch 980: 20/71 Loss: 0.003098
2026-05-20 14:41: Train Epoch 980: 40/71 Loss: 0.004955
2026-05-20 14:41: Train Epoch 980: 60/71 Loss: 0.003711
2026-05-20 14:41: **********Train Epoch 980: averaged Loss: 0.005405
2026-05-20 14:41: **********Val Epoch 980: average Loss: 0.043506
2026-05-20 14:41: Train Epoch 981: 0/71 Loss: 0.004794
2026-05-20 14:41: Train Epoch 981: 20/71 Loss: 0.001912
2026-05-20 14:41: Train Epoch 981: 40/71 Loss: 0.009593
2026-05-20 14:41: Train Epoch 981: 60/71 Loss: 0.003189
2026-05-20 14:41: **********Train Epoch 981: averaged Loss: 0.005617
2026-05-20 14:41: **********Val Epoch 981: average Loss: 0.047398
2026-05-20 14:41: Train Epoch 982: 0/71 Loss: 0.006173
2026-05-20 14:41: Train Epoch 982: 20/71 Loss: 0.003141
2026-05-20 14:41: Train Epoch 982: 40/71 Loss: 0.004213
2026-05-20 14:41: Train Epoch 982: 60/71 Loss: 0.006163
2026-05-20 14:41: **********Train Epoch 982: averaged Loss: 0.006021
2026-05-20 14:41: **********Val Epoch 982: average Loss: 0.036609
2026-05-20 14:41: Train Epoch 983: 0/71 Loss: 0.018525
2026-05-20 14:41: Train Epoch 983: 20/71 Loss: 0.004161
2026-05-20 14:41: Train Epoch 983: 40/71 Loss: 0.010076
2026-05-20 14:41: Train Epoch 983: 60/71 Loss: 0.002953
2026-05-20 14:41: **********Train Epoch 983: averaged Loss: 0.007620
2026-05-20 14:41: **********Val Epoch 983: average Loss: 0.045112
2026-05-20 14:41: Train Epoch 984: 0/71 Loss: 0.005409
2026-05-20 14:41: Train Epoch 984: 20/71 Loss: 0.003119
2026-05-20 14:41: Train Epoch 984: 40/71 Loss: 0.003133
2026-05-20 14:41: Train Epoch 984: 60/71 Loss: 0.003603
2026-05-20 14:41: **********Train Epoch 984: averaged Loss: 0.004720
2026-05-20 14:41: **********Val Epoch 984: average Loss: 0.044976
2026-05-20 14:41: Train Epoch 985: 0/71 Loss: 0.010642
2026-05-20 14:41: Train Epoch 985: 20/71 Loss: 0.004508
2026-05-20 14:41: Train Epoch 985: 40/71 Loss: 0.006541
2026-05-20 14:41: Train Epoch 985: 60/71 Loss: 0.006687
2026-05-20 14:41: **********Train Epoch 985: averaged Loss: 0.006590
2026-05-20 14:41: **********Val Epoch 985: average Loss: 0.046726
2026-05-20 14:41: Train Epoch 986: 0/71 Loss: 0.005144
2026-05-20 14:41: Train Epoch 986: 20/71 Loss: 0.002851
2026-05-20 14:41: Train Epoch 986: 40/71 Loss: 0.009585
2026-05-20 14:41: Train Epoch 986: 60/71 Loss: 0.003200
2026-05-20 14:41: **********Train Epoch 986: averaged Loss: 0.007008
2026-05-20 14:41: **********Val Epoch 986: average Loss: 0.042895
2026-05-20 14:41: Train Epoch 987: 0/71 Loss: 0.003908
2026-05-20 14:41: Train Epoch 987: 20/71 Loss: 0.002081
2026-05-20 14:41: Train Epoch 987: 40/71 Loss: 0.005854
2026-05-20 14:41: Train Epoch 987: 60/71 Loss: 0.002910
2026-05-20 14:41: **********Train Epoch 987: averaged Loss: 0.004372
2026-05-20 14:41: **********Val Epoch 987: average Loss: 0.045904
2026-05-20 14:41: Train Epoch 988: 0/71 Loss: 0.003529
2026-05-20 14:41: Train Epoch 988: 20/71 Loss: 0.001927
2026-05-20 14:41: Train Epoch 988: 40/71 Loss: 0.004711
2026-05-20 14:41: Train Epoch 988: 60/71 Loss: 0.007227
2026-05-20 14:41: **********Train Epoch 988: averaged Loss: 0.005569
2026-05-20 14:41: **********Val Epoch 988: average Loss: 0.035644
2026-05-20 14:41: Train Epoch 989: 0/71 Loss: 0.025132
2026-05-20 14:41: Train Epoch 989: 20/71 Loss: 0.001978
2026-05-20 14:41: Train Epoch 989: 40/71 Loss: 0.010352
2026-05-20 14:41: Train Epoch 989: 60/71 Loss: 0.009280
2026-05-20 14:41: **********Train Epoch 989: averaged Loss: 0.009078
2026-05-20 14:41: **********Val Epoch 989: average Loss: 0.051910
2026-05-20 14:41: Train Epoch 990: 0/71 Loss: 0.005115
2026-05-20 14:41: Train Epoch 990: 20/71 Loss: 0.002155
2026-05-20 14:41: Train Epoch 990: 40/71 Loss: 0.004190
2026-05-20 14:41: Train Epoch 990: 60/71 Loss: 0.003578
2026-05-20 14:41: **********Train Epoch 990: averaged Loss: 0.005386
2026-05-20 14:41: **********Val Epoch 990: average Loss: 0.037348
2026-05-20 14:41: Train Epoch 991: 0/71 Loss: 0.021885
2026-05-20 14:41: Train Epoch 991: 20/71 Loss: 0.004516
2026-05-20 14:41: Train Epoch 991: 40/71 Loss: 0.011545
2026-05-20 14:41: Train Epoch 991: 60/71 Loss: 0.007044
2026-05-20 14:42: **********Train Epoch 991: averaged Loss: 0.006882
2026-05-20 14:42: **********Val Epoch 991: average Loss: 0.044017
2026-05-20 14:42: Train Epoch 992: 0/71 Loss: 0.005283
2026-05-20 14:42: Train Epoch 992: 20/71 Loss: 0.002344
2026-05-20 14:42: Train Epoch 992: 40/71 Loss: 0.003616
2026-05-20 14:42: Train Epoch 992: 60/71 Loss: 0.002676
2026-05-20 14:42: **********Train Epoch 992: averaged Loss: 0.004379
2026-05-20 14:42: **********Val Epoch 992: average Loss: 0.037557
2026-05-20 14:42: Train Epoch 993: 0/71 Loss: 0.010860
2026-05-20 14:42: Train Epoch 993: 20/71 Loss: 0.003145
2026-05-20 14:42: Train Epoch 993: 40/71 Loss: 0.004074
2026-05-20 14:42: Train Epoch 993: 60/71 Loss: 0.002815
2026-05-20 14:42: **********Train Epoch 993: averaged Loss: 0.004742
2026-05-20 14:42: **********Val Epoch 993: average Loss: 0.041702
2026-05-20 14:42: Train Epoch 994: 0/71 Loss: 0.007162
2026-05-20 14:42: Train Epoch 994: 20/71 Loss: 0.003119
2026-05-20 14:42: Train Epoch 994: 40/71 Loss: 0.004787
2026-05-20 14:42: Train Epoch 994: 60/71 Loss: 0.003175
2026-05-20 14:42: **********Train Epoch 994: averaged Loss: 0.004798
2026-05-20 14:42: **********Val Epoch 994: average Loss: 0.044674
2026-05-20 14:42: Train Epoch 995: 0/71 Loss: 0.007367
2026-05-20 14:42: Train Epoch 995: 20/71 Loss: 0.002953
2026-05-20 14:42: Train Epoch 995: 40/71 Loss: 0.006736
2026-05-20 14:42: Train Epoch 995: 60/71 Loss: 0.008443
2026-05-20 14:42: **********Train Epoch 995: averaged Loss: 0.005818
2026-05-20 14:42: **********Val Epoch 995: average Loss: 0.045893
2026-05-20 14:42: Train Epoch 996: 0/71 Loss: 0.004011
2026-05-20 14:42: Train Epoch 996: 20/71 Loss: 0.003221
2026-05-20 14:42: Train Epoch 996: 40/71 Loss: 0.005676
2026-05-20 14:42: Train Epoch 996: 60/71 Loss: 0.003774
2026-05-20 14:42: **********Train Epoch 996: averaged Loss: 0.005405
2026-05-20 14:42: **********Val Epoch 996: average Loss: 0.045555
2026-05-20 14:42: Train Epoch 997: 0/71 Loss: 0.004347
2026-05-20 14:42: Train Epoch 997: 20/71 Loss: 0.003021
2026-05-20 14:42: Train Epoch 997: 40/71 Loss: 0.005721
2026-05-20 14:42: Train Epoch 997: 60/71 Loss: 0.004630
2026-05-20 14:42: **********Train Epoch 997: averaged Loss: 0.005134
2026-05-20 14:42: **********Val Epoch 997: average Loss: 0.040036
2026-05-20 14:42: Train Epoch 998: 0/71 Loss: 0.009383
2026-05-20 14:42: Train Epoch 998: 20/71 Loss: 0.005171
2026-05-20 14:42: Train Epoch 998: 40/71 Loss: 0.003934
2026-05-20 14:42: Train Epoch 998: 60/71 Loss: 0.003177
2026-05-20 14:42: **********Train Epoch 998: averaged Loss: 0.005041
2026-05-20 14:42: **********Val Epoch 998: average Loss: 0.042431
2026-05-20 14:42: Train Epoch 999: 0/71 Loss: 0.008772
2026-05-20 14:42: Train Epoch 999: 20/71 Loss: 0.003278
2026-05-20 14:42: Train Epoch 999: 40/71 Loss: 0.009672
2026-05-20 14:42: Train Epoch 999: 60/71 Loss: 0.005153
2026-05-20 14:42: **********Train Epoch 999: averaged Loss: 0.006787
2026-05-20 14:42: **********Val Epoch 999: average Loss: 0.047728
2026-05-20 14:42: Train Epoch 1000: 0/71 Loss: 0.005160
2026-05-20 14:42: Train Epoch 1000: 20/71 Loss: 0.002196
2026-05-20 14:42: Train Epoch 1000: 40/71 Loss: 0.003483
2026-05-20 14:42: Train Epoch 1000: 60/71 Loss: 0.003902
2026-05-20 14:42: **********Train Epoch 1000: averaged Loss: 0.004415
2026-05-20 14:42: **********Val Epoch 1000: average Loss: 0.049343
2026-05-20 14:42: Train Epoch 1001: 0/71 Loss: 0.004270
2026-05-20 14:42: Train Epoch 1001: 20/71 Loss: 0.002119
2026-05-20 14:42: Train Epoch 1001: 40/71 Loss: 0.004540
2026-05-20 14:42: Train Epoch 1001: 60/71 Loss: 0.003767
2026-05-20 14:42: **********Train Epoch 1001: averaged Loss: 0.005488
2026-05-20 14:42: **********Val Epoch 1001: average Loss: 0.039118
2026-05-20 14:42: Train Epoch 1002: 0/71 Loss: 0.009039
2026-05-20 14:42: Train Epoch 1002: 20/71 Loss: 0.004686
2026-05-20 14:42: Train Epoch 1002: 40/71 Loss: 0.009797
2026-05-20 14:42: Train Epoch 1002: 60/71 Loss: 0.003835
2026-05-20 14:42: **********Train Epoch 1002: averaged Loss: 0.006005
2026-05-20 14:42: **********Val Epoch 1002: average Loss: 0.039899
2026-05-20 14:42: Train Epoch 1003: 0/71 Loss: 0.018181
2026-05-20 14:42: Train Epoch 1003: 20/71 Loss: 0.005122
2026-05-20 14:42: Train Epoch 1003: 40/71 Loss: 0.011386
2026-05-20 14:42: Train Epoch 1003: 60/71 Loss: 0.008411
2026-05-20 14:42: **********Train Epoch 1003: averaged Loss: 0.007651
2026-05-20 14:42: **********Val Epoch 1003: average Loss: 0.050820
2026-05-20 14:42: Train Epoch 1004: 0/71 Loss: 0.013925
2026-05-20 14:42: Train Epoch 1004: 20/71 Loss: 0.004064
2026-05-20 14:42: Train Epoch 1004: 40/71 Loss: 0.008030
2026-05-20 14:42: Train Epoch 1004: 60/71 Loss: 0.004442
2026-05-20 14:42: **********Train Epoch 1004: averaged Loss: 0.007076
2026-05-20 14:42: **********Val Epoch 1004: average Loss: 0.043741
2026-05-20 14:42: Train Epoch 1005: 0/71 Loss: 0.003448
2026-05-20 14:42: Train Epoch 1005: 20/71 Loss: 0.003910
2026-05-20 14:42: Train Epoch 1005: 40/71 Loss: 0.004560
2026-05-20 14:42: Train Epoch 1005: 60/71 Loss: 0.004146
2026-05-20 14:42: **********Train Epoch 1005: averaged Loss: 0.005136
2026-05-20 14:42: **********Val Epoch 1005: average Loss: 0.044609
2026-05-20 14:42: Train Epoch 1006: 0/71 Loss: 0.004556
2026-05-20 14:42: Train Epoch 1006: 20/71 Loss: 0.002734
2026-05-20 14:42: Train Epoch 1006: 40/71 Loss: 0.004416
2026-05-20 14:42: Train Epoch 1006: 60/71 Loss: 0.003330
2026-05-20 14:42: **********Train Epoch 1006: averaged Loss: 0.005361
2026-05-20 14:42: **********Val Epoch 1006: average Loss: 0.034925
2026-05-20 14:42: Train Epoch 1007: 0/71 Loss: 0.025102
2026-05-20 14:42: Train Epoch 1007: 20/71 Loss: 0.002563
2026-05-20 14:42: Train Epoch 1007: 40/71 Loss: 0.013497
2026-05-20 14:42: Train Epoch 1007: 60/71 Loss: 0.005710
2026-05-20 14:42: **********Train Epoch 1007: averaged Loss: 0.009083
2026-05-20 14:42: **********Val Epoch 1007: average Loss: 0.053152
2026-05-20 14:42: Train Epoch 1008: 0/71 Loss: 0.012197
2026-05-20 14:42: Train Epoch 1008: 20/71 Loss: 0.004532
2026-05-20 14:42: Train Epoch 1008: 40/71 Loss: 0.006673
2026-05-20 14:42: Train Epoch 1008: 60/71 Loss: 0.005453
2026-05-20 14:42: **********Train Epoch 1008: averaged Loss: 0.006960
2026-05-20 14:42: **********Val Epoch 1008: average Loss: 0.038867
2026-05-20 14:42: Train Epoch 1009: 0/71 Loss: 0.006666
2026-05-20 14:42: Train Epoch 1009: 20/71 Loss: 0.005741
2026-05-20 14:42: Train Epoch 1009: 40/71 Loss: 0.004930
2026-05-20 14:42: Train Epoch 1009: 60/71 Loss: 0.003589
2026-05-20 14:42: **********Train Epoch 1009: averaged Loss: 0.006372
2026-05-20 14:42: **********Val Epoch 1009: average Loss: 0.040868
2026-05-20 14:42: Train Epoch 1010: 0/71 Loss: 0.011570
2026-05-20 14:42: Train Epoch 1010: 20/71 Loss: 0.004039
2026-05-20 14:42: Train Epoch 1010: 40/71 Loss: 0.005292
2026-05-20 14:43: Train Epoch 1010: 60/71 Loss: 0.003961
2026-05-20 14:43: **********Train Epoch 1010: averaged Loss: 0.006149
2026-05-20 14:43: **********Val Epoch 1010: average Loss: 0.048220
2026-05-20 14:43: Train Epoch 1011: 0/71 Loss: 0.007101
2026-05-20 14:43: Train Epoch 1011: 20/71 Loss: 0.003846
2026-05-20 14:43: Train Epoch 1011: 40/71 Loss: 0.002940
2026-05-20 14:43: Train Epoch 1011: 60/71 Loss: 0.002970
2026-05-20 14:43: **********Train Epoch 1011: averaged Loss: 0.004734
2026-05-20 14:43: **********Val Epoch 1011: average Loss: 0.046367
2026-05-20 14:43: Train Epoch 1012: 0/71 Loss: 0.003987
2026-05-20 14:43: Train Epoch 1012: 20/71 Loss: 0.001637
2026-05-20 14:43: Train Epoch 1012: 40/71 Loss: 0.002883
2026-05-20 14:43: Train Epoch 1012: 60/71 Loss: 0.002759
2026-05-20 14:43: **********Train Epoch 1012: averaged Loss: 0.004491
2026-05-20 14:43: **********Val Epoch 1012: average Loss: 0.039075
2026-05-20 14:43: Train Epoch 1013: 0/71 Loss: 0.011792
2026-05-20 14:43: Train Epoch 1013: 20/71 Loss: 0.003275
2026-05-20 14:43: Train Epoch 1013: 40/71 Loss: 0.006894
2026-05-20 14:43: Train Epoch 1013: 60/71 Loss: 0.002328
2026-05-20 14:43: **********Train Epoch 1013: averaged Loss: 0.005378
2026-05-20 14:43: **********Val Epoch 1013: average Loss: 0.043098
2026-05-20 14:43: Train Epoch 1014: 0/71 Loss: 0.005095
2026-05-20 14:43: Train Epoch 1014: 20/71 Loss: 0.003935
2026-05-20 14:43: Train Epoch 1014: 40/71 Loss: 0.003105
2026-05-20 14:43: Train Epoch 1014: 60/71 Loss: 0.003136
2026-05-20 14:43: **********Train Epoch 1014: averaged Loss: 0.004731
2026-05-20 14:43: **********Val Epoch 1014: average Loss: 0.044817
2026-05-20 14:43: Train Epoch 1015: 0/71 Loss: 0.007646
2026-05-20 14:43: Train Epoch 1015: 20/71 Loss: 0.002757
2026-05-20 14:43: Train Epoch 1015: 40/71 Loss: 0.004825
2026-05-20 14:43: Train Epoch 1015: 60/71 Loss: 0.002740
2026-05-20 14:43: **********Train Epoch 1015: averaged Loss: 0.005548
2026-05-20 14:43: **********Val Epoch 1015: average Loss: 0.050288
2026-05-20 14:43: Train Epoch 1016: 0/71 Loss: 0.004442
2026-05-20 14:43: Train Epoch 1016: 20/71 Loss: 0.004518
2026-05-20 14:43: Train Epoch 1016: 40/71 Loss: 0.007089
2026-05-20 14:43: Train Epoch 1016: 60/71 Loss: 0.004661
2026-05-20 14:43: **********Train Epoch 1016: averaged Loss: 0.006468
2026-05-20 14:43: **********Val Epoch 1016: average Loss: 0.043680
2026-05-20 14:43: Train Epoch 1017: 0/71 Loss: 0.013878
2026-05-20 14:43: Train Epoch 1017: 20/71 Loss: 0.003957
2026-05-20 14:43: Train Epoch 1017: 40/71 Loss: 0.012874
2026-05-20 14:43: Train Epoch 1017: 60/71 Loss: 0.004961
2026-05-20 14:43: **********Train Epoch 1017: averaged Loss: 0.007065
2026-05-20 14:43: **********Val Epoch 1017: average Loss: 0.046735
2026-05-20 14:43: Train Epoch 1018: 0/71 Loss: 0.005023
2026-05-20 14:43: Train Epoch 1018: 20/71 Loss: 0.002758
2026-05-20 14:43: Train Epoch 1018: 40/71 Loss: 0.009590
2026-05-20 14:43: Train Epoch 1018: 60/71 Loss: 0.005102
2026-05-20 14:43: **********Train Epoch 1018: averaged Loss: 0.005274
2026-05-20 14:43: **********Val Epoch 1018: average Loss: 0.045692
2026-05-20 14:43: Train Epoch 1019: 0/71 Loss: 0.003388
2026-05-20 14:43: Train Epoch 1019: 20/71 Loss: 0.002888
2026-05-20 14:43: Train Epoch 1019: 40/71 Loss: 0.005948
2026-05-20 14:43: Train Epoch 1019: 60/71 Loss: 0.008633
2026-05-20 14:43: **********Train Epoch 1019: averaged Loss: 0.006093
2026-05-20 14:43: **********Val Epoch 1019: average Loss: 0.046663
2026-05-20 14:43: Train Epoch 1020: 0/71 Loss: 0.019541
2026-05-20 14:43: Train Epoch 1020: 20/71 Loss: 0.001810
2026-05-20 14:43: Train Epoch 1020: 40/71 Loss: 0.014655
2026-05-20 14:43: Train Epoch 1020: 60/71 Loss: 0.003346
2026-05-20 14:43: **********Train Epoch 1020: averaged Loss: 0.006950
2026-05-20 14:43: **********Val Epoch 1020: average Loss: 0.050559
2026-05-20 14:43: Train Epoch 1021: 0/71 Loss: 0.007042
2026-05-20 14:43: Train Epoch 1021: 20/71 Loss: 0.006530
2026-05-20 14:43: Train Epoch 1021: 40/71 Loss: 0.005803
2026-05-20 14:43: Train Epoch 1021: 60/71 Loss: 0.005187
2026-05-20 14:43: **********Train Epoch 1021: averaged Loss: 0.006209
2026-05-20 14:43: **********Val Epoch 1021: average Loss: 0.039676
2026-05-20 14:43: Train Epoch 1022: 0/71 Loss: 0.003615
2026-05-20 14:43: Train Epoch 1022: 20/71 Loss: 0.005339
2026-05-20 14:43: Train Epoch 1022: 40/71 Loss: 0.005842
2026-05-20 14:43: Train Epoch 1022: 60/71 Loss: 0.003790
2026-05-20 14:43: **********Train Epoch 1022: averaged Loss: 0.007509
2026-05-20 14:43: **********Val Epoch 1022: average Loss: 0.045351
2026-05-20 14:43: Train Epoch 1023: 0/71 Loss: 0.018546
2026-05-20 14:43: Train Epoch 1023: 20/71 Loss: 0.002588
2026-05-20 14:43: Train Epoch 1023: 40/71 Loss: 0.016021
2026-05-20 14:43: Train Epoch 1023: 60/71 Loss: 0.003774
2026-05-20 14:43: **********Train Epoch 1023: averaged Loss: 0.008610
2026-05-20 14:43: **********Val Epoch 1023: average Loss: 0.052256
2026-05-20 14:43: Train Epoch 1024: 0/71 Loss: 0.015090
2026-05-20 14:43: Train Epoch 1024: 20/71 Loss: 0.002683
2026-05-20 14:43: Train Epoch 1024: 40/71 Loss: 0.010876
2026-05-20 14:43: Train Epoch 1024: 60/71 Loss: 0.007197
2026-05-20 14:43: **********Train Epoch 1024: averaged Loss: 0.006822
2026-05-20 14:43: **********Val Epoch 1024: average Loss: 0.053190
2026-05-20 14:43: Train Epoch 1025: 0/71 Loss: 0.004818
2026-05-20 14:43: Train Epoch 1025: 20/71 Loss: 0.002267
2026-05-20 14:43: Train Epoch 1025: 40/71 Loss: 0.003647
2026-05-20 14:43: Train Epoch 1025: 60/71 Loss: 0.004377
2026-05-20 14:43: **********Train Epoch 1025: averaged Loss: 0.005066
2026-05-20 14:43: **********Val Epoch 1025: average Loss: 0.039257
2026-05-20 14:43: Train Epoch 1026: 0/71 Loss: 0.016247
2026-05-20 14:43: Train Epoch 1026: 20/71 Loss: 0.004227
2026-05-20 14:43: Train Epoch 1026: 40/71 Loss: 0.006572
2026-05-20 14:43: Train Epoch 1026: 60/71 Loss: 0.006418
2026-05-20 14:43: **********Train Epoch 1026: averaged Loss: 0.005640
2026-05-20 14:43: **********Val Epoch 1026: average Loss: 0.046283
2026-05-20 14:43: Train Epoch 1027: 0/71 Loss: 0.009956
2026-05-20 14:43: Train Epoch 1027: 20/71 Loss: 0.002803
2026-05-20 14:43: Train Epoch 1027: 40/71 Loss: 0.008346
2026-05-20 14:43: Train Epoch 1027: 60/71 Loss: 0.004236
2026-05-20 14:43: **********Train Epoch 1027: averaged Loss: 0.005693
2026-05-20 14:43: **********Val Epoch 1027: average Loss: 0.045937
2026-05-20 14:43: Train Epoch 1028: 0/71 Loss: 0.007010
2026-05-20 14:43: Train Epoch 1028: 20/71 Loss: 0.004895
2026-05-20 14:43: Train Epoch 1028: 40/71 Loss: 0.009718
2026-05-20 14:43: Train Epoch 1028: 60/71 Loss: 0.004755
2026-05-20 14:43: **********Train Epoch 1028: averaged Loss: 0.006555
2026-05-20 14:43: **********Val Epoch 1028: average Loss: 0.045797
2026-05-20 14:43: Train Epoch 1029: 0/71 Loss: 0.004177
2026-05-20 14:43: Train Epoch 1029: 20/71 Loss: 0.002705
2026-05-20 14:43: Train Epoch 1029: 40/71 Loss: 0.006236
2026-05-20 14:43: Train Epoch 1029: 60/71 Loss: 0.004948
2026-05-20 14:43: **********Train Epoch 1029: averaged Loss: 0.006150
2026-05-20 14:43: **********Val Epoch 1029: average Loss: 0.036076
2026-05-20 14:43: Train Epoch 1030: 0/71 Loss: 0.024422
2026-05-20 14:43: Train Epoch 1030: 20/71 Loss: 0.004409
2026-05-20 14:43: Train Epoch 1030: 40/71 Loss: 0.010752
2026-05-20 14:44: Train Epoch 1030: 60/71 Loss: 0.008418
2026-05-20 14:44: **********Train Epoch 1030: averaged Loss: 0.007573
2026-05-20 14:44: **********Val Epoch 1030: average Loss: 0.046737
2026-05-20 14:44: Train Epoch 1031: 0/71 Loss: 0.004441
2026-05-20 14:44: Train Epoch 1031: 20/71 Loss: 0.002790
2026-05-20 14:44: Train Epoch 1031: 40/71 Loss: 0.005667
2026-05-20 14:44: Train Epoch 1031: 60/71 Loss: 0.004202
2026-05-20 14:44: **********Train Epoch 1031: averaged Loss: 0.005612
2026-05-20 14:44: **********Val Epoch 1031: average Loss: 0.035904
2026-05-20 14:44: Train Epoch 1032: 0/71 Loss: 0.004352
2026-05-20 14:44: Train Epoch 1032: 20/71 Loss: 0.003256
2026-05-20 14:44: Train Epoch 1032: 40/71 Loss: 0.010994
2026-05-20 14:44: Train Epoch 1032: 60/71 Loss: 0.004825
2026-05-20 14:44: **********Train Epoch 1032: averaged Loss: 0.006707
2026-05-20 14:44: **********Val Epoch 1032: average Loss: 0.040205
2026-05-20 14:44: Train Epoch 1033: 0/71 Loss: 0.003924
2026-05-20 14:44: Train Epoch 1033: 20/71 Loss: 0.004673
2026-05-20 14:44: Train Epoch 1033: 40/71 Loss: 0.006639
2026-05-20 14:44: Train Epoch 1033: 60/71 Loss: 0.006091
2026-05-20 14:44: **********Train Epoch 1033: averaged Loss: 0.006783
2026-05-20 14:44: **********Val Epoch 1033: average Loss: 0.038646
2026-05-20 14:44: Train Epoch 1034: 0/71 Loss: 0.025636
2026-05-20 14:44: Train Epoch 1034: 20/71 Loss: 0.002291
2026-05-20 14:44: Train Epoch 1034: 40/71 Loss: 0.015722
2026-05-20 14:44: Train Epoch 1034: 60/71 Loss: 0.006857
2026-05-20 14:44: **********Train Epoch 1034: averaged Loss: 0.008306
2026-05-20 14:44: **********Val Epoch 1034: average Loss: 0.048036
2026-05-20 14:44: Train Epoch 1035: 0/71 Loss: 0.009138
2026-05-20 14:44: Train Epoch 1035: 20/71 Loss: 0.002690
2026-05-20 14:44: Train Epoch 1035: 40/71 Loss: 0.006253
2026-05-20 14:44: Train Epoch 1035: 60/71 Loss: 0.002758
2026-05-20 14:44: **********Train Epoch 1035: averaged Loss: 0.005425
2026-05-20 14:44: **********Val Epoch 1035: average Loss: 0.044624
2026-05-20 14:44: Train Epoch 1036: 0/71 Loss: 0.018086
2026-05-20 14:44: Train Epoch 1036: 20/71 Loss: 0.004192
2026-05-20 14:44: Train Epoch 1036: 40/71 Loss: 0.008964
2026-05-20 14:44: Train Epoch 1036: 60/71 Loss: 0.005874
2026-05-20 14:44: **********Train Epoch 1036: averaged Loss: 0.005864
2026-05-20 14:44: **********Val Epoch 1036: average Loss: 0.045850
2026-05-20 14:44: Train Epoch 1037: 0/71 Loss: 0.008866
2026-05-20 14:44: Train Epoch 1037: 20/71 Loss: 0.001939
2026-05-20 14:44: Train Epoch 1037: 40/71 Loss: 0.003847
2026-05-20 14:44: Train Epoch 1037: 60/71 Loss: 0.004778
2026-05-20 14:44: **********Train Epoch 1037: averaged Loss: 0.004771
2026-05-20 14:44: **********Val Epoch 1037: average Loss: 0.043515
2026-05-20 14:44: Train Epoch 1038: 0/71 Loss: 0.003602
2026-05-20 14:44: Train Epoch 1038: 20/71 Loss: 0.003413
2026-05-20 14:44: Train Epoch 1038: 40/71 Loss: 0.004656
2026-05-20 14:44: Train Epoch 1038: 60/71 Loss: 0.003645
2026-05-20 14:44: **********Train Epoch 1038: averaged Loss: 0.004626
2026-05-20 14:44: **********Val Epoch 1038: average Loss: 0.035715
2026-05-20 14:44: Train Epoch 1039: 0/71 Loss: 0.011635
2026-05-20 14:44: Train Epoch 1039: 20/71 Loss: 0.001650
2026-05-20 14:44: Train Epoch 1039: 40/71 Loss: 0.003422
2026-05-20 14:44: Train Epoch 1039: 60/71 Loss: 0.002809
2026-05-20 14:44: **********Train Epoch 1039: averaged Loss: 0.004258
2026-05-20 14:44: **********Val Epoch 1039: average Loss: 0.037011
2026-05-20 14:44: Train Epoch 1040: 0/71 Loss: 0.014794
2026-05-20 14:44: Train Epoch 1040: 20/71 Loss: 0.002575
2026-05-20 14:44: Train Epoch 1040: 40/71 Loss: 0.005355
2026-05-20 14:44: Train Epoch 1040: 60/71 Loss: 0.003033
2026-05-20 14:44: **********Train Epoch 1040: averaged Loss: 0.004737
2026-05-20 14:44: **********Val Epoch 1040: average Loss: 0.036938
2026-05-20 14:44: Train Epoch 1041: 0/71 Loss: 0.012975
2026-05-20 14:44: Train Epoch 1041: 20/71 Loss: 0.003263
2026-05-20 14:44: Train Epoch 1041: 40/71 Loss: 0.007417
2026-05-20 14:44: Train Epoch 1041: 60/71 Loss: 0.006616
2026-05-20 14:44: **********Train Epoch 1041: averaged Loss: 0.005190
2026-05-20 14:44: **********Val Epoch 1041: average Loss: 0.046775
2026-05-20 14:44: Train Epoch 1042: 0/71 Loss: 0.006091
2026-05-20 14:44: Train Epoch 1042: 20/71 Loss: 0.001839
2026-05-20 14:44: Train Epoch 1042: 40/71 Loss: 0.002609
2026-05-20 14:44: Train Epoch 1042: 60/71 Loss: 0.003581
2026-05-20 14:44: **********Train Epoch 1042: averaged Loss: 0.004153
2026-05-20 14:44: **********Val Epoch 1042: average Loss: 0.046606
2026-05-20 14:44: Train Epoch 1043: 0/71 Loss: 0.003741
2026-05-20 14:44: Train Epoch 1043: 20/71 Loss: 0.001614
2026-05-20 14:44: Train Epoch 1043: 40/71 Loss: 0.005892
2026-05-20 14:44: Train Epoch 1043: 60/71 Loss: 0.005946
2026-05-20 14:44: **********Train Epoch 1043: averaged Loss: 0.006396
2026-05-20 14:44: **********Val Epoch 1043: average Loss: 0.035408
2026-05-20 14:44: Train Epoch 1044: 0/71 Loss: 0.034941
2026-05-20 14:44: Train Epoch 1044: 20/71 Loss: 0.003378
2026-05-20 14:44: Train Epoch 1044: 40/71 Loss: 0.016037
2026-05-20 14:44: Train Epoch 1044: 60/71 Loss: 0.008159
2026-05-20 14:44: **********Train Epoch 1044: averaged Loss: 0.009832
2026-05-20 14:44: **********Val Epoch 1044: average Loss: 0.051447
2026-05-20 14:44: Train Epoch 1045: 0/71 Loss: 0.010915
2026-05-20 14:44: Train Epoch 1045: 20/71 Loss: 0.002630
2026-05-20 14:44: Train Epoch 1045: 40/71 Loss: 0.006516
2026-05-20 14:44: Train Epoch 1045: 60/71 Loss: 0.003885
2026-05-20 14:44: **********Train Epoch 1045: averaged Loss: 0.005927
2026-05-20 14:44: **********Val Epoch 1045: average Loss: 0.045131
2026-05-20 14:44: Train Epoch 1046: 0/71 Loss: 0.016544
2026-05-20 14:44: Train Epoch 1046: 20/71 Loss: 0.005663
2026-05-20 14:44: Train Epoch 1046: 40/71 Loss: 0.008324
2026-05-20 14:44: Train Epoch 1046: 60/71 Loss: 0.006656
2026-05-20 14:44: **********Train Epoch 1046: averaged Loss: 0.006040
2026-05-20 14:44: **********Val Epoch 1046: average Loss: 0.046191
2026-05-20 14:44: Train Epoch 1047: 0/71 Loss: 0.010224
2026-05-20 14:44: Train Epoch 1047: 20/71 Loss: 0.002094
2026-05-20 14:44: Train Epoch 1047: 40/71 Loss: 0.004825
2026-05-20 14:44: Train Epoch 1047: 60/71 Loss: 0.002548
2026-05-20 14:44: **********Train Epoch 1047: averaged Loss: 0.004248
2026-05-20 14:44: **********Val Epoch 1047: average Loss: 0.044218
2026-05-20 14:44: Train Epoch 1048: 0/71 Loss: 0.011451
2026-05-20 14:44: Train Epoch 1048: 20/71 Loss: 0.001995
2026-05-20 14:44: Train Epoch 1048: 40/71 Loss: 0.005085
2026-05-20 14:44: Train Epoch 1048: 60/71 Loss: 0.004524
2026-05-20 14:44: **********Train Epoch 1048: averaged Loss: 0.005093
2026-05-20 14:44: **********Val Epoch 1048: average Loss: 0.038165
2026-05-20 14:44: Train Epoch 1049: 0/71 Loss: 0.006505
2026-05-20 14:44: Train Epoch 1049: 20/71 Loss: 0.005072
2026-05-20 14:45: Train Epoch 1049: 40/71 Loss: 0.004684
2026-05-20 14:45: Train Epoch 1049: 60/71 Loss: 0.003816
2026-05-20 14:45: **********Train Epoch 1049: averaged Loss: 0.005771
2026-05-20 14:45: **********Val Epoch 1049: average Loss: 0.035895
2026-05-20 14:45: Train Epoch 1050: 0/71 Loss: 0.006341
2026-05-20 14:45: Train Epoch 1050: 20/71 Loss: 0.003202
2026-05-20 14:45: Train Epoch 1050: 40/71 Loss: 0.011593
2026-05-20 14:45: Train Epoch 1050: 60/71 Loss: 0.003425
2026-05-20 14:45: **********Train Epoch 1050: averaged Loss: 0.006487
2026-05-20 14:45: **********Val Epoch 1050: average Loss: 0.038677
2026-05-20 14:45: Train Epoch 1051: 0/71 Loss: 0.005313
2026-05-20 14:45: Train Epoch 1051: 20/71 Loss: 0.007054
2026-05-20 14:45: Train Epoch 1051: 40/71 Loss: 0.005736
2026-05-20 14:45: Train Epoch 1051: 60/71 Loss: 0.003898
2026-05-20 14:45: **********Train Epoch 1051: averaged Loss: 0.007419
2026-05-20 14:45: **********Val Epoch 1051: average Loss: 0.035585
2026-05-20 14:45: Train Epoch 1052: 0/71 Loss: 0.024801
2026-05-20 14:45: Train Epoch 1052: 20/71 Loss: 0.001952
2026-05-20 14:45: Train Epoch 1052: 40/71 Loss: 0.015023
2026-05-20 14:45: Train Epoch 1052: 60/71 Loss: 0.002738
2026-05-20 14:45: **********Train Epoch 1052: averaged Loss: 0.007917
2026-05-20 14:45: **********Val Epoch 1052: average Loss: 0.046890
2026-05-20 14:45: Train Epoch 1053: 0/71 Loss: 0.006535
2026-05-20 14:45: Train Epoch 1053: 20/71 Loss: 0.001460
2026-05-20 14:45: Train Epoch 1053: 40/71 Loss: 0.003054
2026-05-20 14:45: Train Epoch 1053: 60/71 Loss: 0.003909
2026-05-20 14:45: **********Train Epoch 1053: averaged Loss: 0.004752
2026-05-20 14:45: **********Val Epoch 1053: average Loss: 0.039390
2026-05-20 14:45: Train Epoch 1054: 0/71 Loss: 0.013260
2026-05-20 14:45: Train Epoch 1054: 20/71 Loss: 0.003460
2026-05-20 14:45: Train Epoch 1054: 40/71 Loss: 0.009251
2026-05-20 14:45: Train Epoch 1054: 60/71 Loss: 0.004221
2026-05-20 14:45: **********Train Epoch 1054: averaged Loss: 0.007051
2026-05-20 14:45: **********Val Epoch 1054: average Loss: 0.048040
2026-05-20 14:45: Train Epoch 1055: 0/71 Loss: 0.005379
2026-05-20 14:45: Train Epoch 1055: 20/71 Loss: 0.001813
2026-05-20 14:45: Train Epoch 1055: 40/71 Loss: 0.005895
2026-05-20 14:45: Train Epoch 1055: 60/71 Loss: 0.002889
2026-05-20 14:45: **********Train Epoch 1055: averaged Loss: 0.004713
2026-05-20 14:45: **********Val Epoch 1055: average Loss: 0.044004
2026-05-20 14:45: Train Epoch 1056: 0/71 Loss: 0.004187
2026-05-20 14:45: Train Epoch 1056: 20/71 Loss: 0.002199
2026-05-20 14:45: Train Epoch 1056: 40/71 Loss: 0.003965
2026-05-20 14:45: Train Epoch 1056: 60/71 Loss: 0.005305
2026-05-20 14:45: **********Train Epoch 1056: averaged Loss: 0.004466
2026-05-20 14:45: **********Val Epoch 1056: average Loss: 0.044898
2026-05-20 14:45: Train Epoch 1057: 0/71 Loss: 0.004981
2026-05-20 14:45: Train Epoch 1057: 20/71 Loss: 0.002562
2026-05-20 14:45: Train Epoch 1057: 40/71 Loss: 0.008111
2026-05-20 14:45: Train Epoch 1057: 60/71 Loss: 0.003549
2026-05-20 14:45: **********Train Epoch 1057: averaged Loss: 0.005338
2026-05-20 14:45: **********Val Epoch 1057: average Loss: 0.039496
2026-05-20 14:45: Train Epoch 1058: 0/71 Loss: 0.016149
2026-05-20 14:45: Train Epoch 1058: 20/71 Loss: 0.005167
2026-05-20 14:45: Train Epoch 1058: 40/71 Loss: 0.011275
2026-05-20 14:45: Train Epoch 1058: 60/71 Loss: 0.008467
2026-05-20 14:45: **********Train Epoch 1058: averaged Loss: 0.006854
2026-05-20 14:45: **********Val Epoch 1058: average Loss: 0.046395
2026-05-20 14:45: Train Epoch 1059: 0/71 Loss: 0.004975
2026-05-20 14:45: Train Epoch 1059: 20/71 Loss: 0.001748
2026-05-20 14:45: Train Epoch 1059: 40/71 Loss: 0.002832
2026-05-20 14:45: Train Epoch 1059: 60/71 Loss: 0.002635
2026-05-20 14:45: **********Train Epoch 1059: averaged Loss: 0.004197
2026-05-20 14:45: **********Val Epoch 1059: average Loss: 0.041941
2026-05-20 14:45: Train Epoch 1060: 0/71 Loss: 0.006199
2026-05-20 14:45: Train Epoch 1060: 20/71 Loss: 0.002156
2026-05-20 14:45: Train Epoch 1060: 40/71 Loss: 0.004367
2026-05-20 14:45: Train Epoch 1060: 60/71 Loss: 0.003202
2026-05-20 14:45: **********Train Epoch 1060: averaged Loss: 0.004474
2026-05-20 14:45: **********Val Epoch 1060: average Loss: 0.032676
2026-05-20 14:45: Train Epoch 1061: 0/71 Loss: 0.017448
2026-05-20 14:45: Train Epoch 1061: 20/71 Loss: 0.003196
2026-05-20 14:45: Train Epoch 1061: 40/71 Loss: 0.011971
2026-05-20 14:45: Train Epoch 1061: 60/71 Loss: 0.004712
2026-05-20 14:45: **********Train Epoch 1061: averaged Loss: 0.006325
2026-05-20 14:45: **********Val Epoch 1061: average Loss: 0.045463
2026-05-20 14:45: Train Epoch 1062: 0/71 Loss: 0.004173
2026-05-20 14:45: Train Epoch 1062: 20/71 Loss: 0.001601
2026-05-20 14:45: Train Epoch 1062: 40/71 Loss: 0.005219
2026-05-20 14:45: Train Epoch 1062: 60/71 Loss: 0.002884
2026-05-20 14:45: **********Train Epoch 1062: averaged Loss: 0.003975
2026-05-20 14:45: **********Val Epoch 1062: average Loss: 0.038330
2026-05-20 14:45: Train Epoch 1063: 0/71 Loss: 0.008473
2026-05-20 14:45: Train Epoch 1063: 20/71 Loss: 0.002141
2026-05-20 14:45: Train Epoch 1063: 40/71 Loss: 0.002664
2026-05-20 14:45: Train Epoch 1063: 60/71 Loss: 0.004748
2026-05-20 14:45: **********Train Epoch 1063: averaged Loss: 0.005057
2026-05-20 14:45: **********Val Epoch 1063: average Loss: 0.034407
2026-05-20 14:45: Train Epoch 1064: 0/71 Loss: 0.025824
2026-05-20 14:45: Train Epoch 1064: 20/71 Loss: 0.002641
2026-05-20 14:45: Train Epoch 1064: 40/71 Loss: 0.012823
2026-05-20 14:45: Train Epoch 1064: 60/71 Loss: 0.004559
2026-05-20 14:45: **********Train Epoch 1064: averaged Loss: 0.008462
2026-05-20 14:45: **********Val Epoch 1064: average Loss: 0.049586
2026-05-20 14:45: Train Epoch 1065: 0/71 Loss: 0.007174
2026-05-20 14:45: Train Epoch 1065: 20/71 Loss: 0.001934
2026-05-20 14:45: Train Epoch 1065: 40/71 Loss: 0.010408
2026-05-20 14:45: Train Epoch 1065: 60/71 Loss: 0.002744
2026-05-20 14:45: **********Train Epoch 1065: averaged Loss: 0.006683
2026-05-20 14:45: **********Val Epoch 1065: average Loss: 0.049018
2026-05-20 14:45: Train Epoch 1066: 0/71 Loss: 0.009695
2026-05-20 14:45: Train Epoch 1066: 20/71 Loss: 0.003564
2026-05-20 14:45: Train Epoch 1066: 40/71 Loss: 0.007530
2026-05-20 14:45: Train Epoch 1066: 60/71 Loss: 0.003661
2026-05-20 14:45: **********Train Epoch 1066: averaged Loss: 0.005783
2026-05-20 14:45: **********Val Epoch 1066: average Loss: 0.038772
2026-05-20 14:45: Train Epoch 1067: 0/71 Loss: 0.017710
2026-05-20 14:46: Train Epoch 1067: 20/71 Loss: 0.002443
2026-05-20 14:46: Train Epoch 1067: 40/71 Loss: 0.009226
2026-05-20 14:46: Train Epoch 1067: 60/71 Loss: 0.005006
2026-05-20 14:46: **********Train Epoch 1067: averaged Loss: 0.006870
2026-05-20 14:46: **********Val Epoch 1067: average Loss: 0.046262
2026-05-20 14:46: Train Epoch 1068: 0/71 Loss: 0.004321
2026-05-20 14:46: Train Epoch 1068: 20/71 Loss: 0.001655
2026-05-20 14:46: Train Epoch 1068: 40/71 Loss: 0.003057
2026-05-20 14:46: Train Epoch 1068: 60/71 Loss: 0.002930
2026-05-20 14:46: **********Train Epoch 1068: averaged Loss: 0.003989
2026-05-20 14:46: **********Val Epoch 1068: average Loss: 0.046397
2026-05-20 14:46: Train Epoch 1069: 0/71 Loss: 0.008350
2026-05-20 14:46: Train Epoch 1069: 20/71 Loss: 0.001873
2026-05-20 14:46: Train Epoch 1069: 40/71 Loss: 0.002702
2026-05-20 14:46: Train Epoch 1069: 60/71 Loss: 0.002111
2026-05-20 14:46: **********Train Epoch 1069: averaged Loss: 0.004247
2026-05-20 14:46: **********Val Epoch 1069: average Loss: 0.045618
2026-05-20 14:46: Train Epoch 1070: 0/71 Loss: 0.007277
2026-05-20 14:46: Train Epoch 1070: 20/71 Loss: 0.002165
2026-05-20 14:46: Train Epoch 1070: 40/71 Loss: 0.004393
2026-05-20 14:46: Train Epoch 1070: 60/71 Loss: 0.002127
2026-05-20 14:46: **********Train Epoch 1070: averaged Loss: 0.004410
2026-05-20 14:46: **********Val Epoch 1070: average Loss: 0.045740
2026-05-20 14:46: Train Epoch 1071: 0/71 Loss: 0.012594
2026-05-20 14:46: Train Epoch 1071: 20/71 Loss: 0.003528
2026-05-20 14:46: Train Epoch 1071: 40/71 Loss: 0.005719
2026-05-20 14:46: Train Epoch 1071: 60/71 Loss: 0.004867
2026-05-20 14:46: **********Train Epoch 1071: averaged Loss: 0.005891
2026-05-20 14:46: **********Val Epoch 1071: average Loss: 0.045280
2026-05-20 14:46: Train Epoch 1072: 0/71 Loss: 0.004591
2026-05-20 14:46: Train Epoch 1072: 20/71 Loss: 0.001657
2026-05-20 14:46: Train Epoch 1072: 40/71 Loss: 0.003376
2026-05-20 14:46: Train Epoch 1072: 60/71 Loss: 0.003353
2026-05-20 14:46: **********Train Epoch 1072: averaged Loss: 0.004829
2026-05-20 14:46: **********Val Epoch 1072: average Loss: 0.046865
2026-05-20 14:46: Train Epoch 1073: 0/71 Loss: 0.004814
2026-05-20 14:46: Train Epoch 1073: 20/71 Loss: 0.002060
2026-05-20 14:46: Train Epoch 1073: 40/71 Loss: 0.002536
2026-05-20 14:46: Train Epoch 1073: 60/71 Loss: 0.002834
2026-05-20 14:46: **********Train Epoch 1073: averaged Loss: 0.003924
2026-05-20 14:46: **********Val Epoch 1073: average Loss: 0.049998
2026-05-20 14:46: Train Epoch 1074: 0/71 Loss: 0.004041
2026-05-20 14:46: Train Epoch 1074: 20/71 Loss: 0.001971
2026-05-20 14:46: Train Epoch 1074: 40/71 Loss: 0.007507
2026-05-20 14:46: Train Epoch 1074: 60/71 Loss: 0.002757
2026-05-20 14:46: **********Train Epoch 1074: averaged Loss: 0.005204
2026-05-20 14:46: **********Val Epoch 1074: average Loss: 0.043995
2026-05-20 14:46: Train Epoch 1075: 0/71 Loss: 0.015383
2026-05-20 14:46: Train Epoch 1075: 20/71 Loss: 0.001987
2026-05-20 14:46: Train Epoch 1075: 40/71 Loss: 0.009768
2026-05-20 14:46: Train Epoch 1075: 60/71 Loss: 0.003892
2026-05-20 14:46: **********Train Epoch 1075: averaged Loss: 0.007476
2026-05-20 14:46: **********Val Epoch 1075: average Loss: 0.052711
2026-05-20 14:46: Train Epoch 1076: 0/71 Loss: 0.005149
2026-05-20 14:46: Train Epoch 1076: 20/71 Loss: 0.002315
2026-05-20 14:46: Train Epoch 1076: 40/71 Loss: 0.007980
2026-05-20 14:46: Train Epoch 1076: 60/71 Loss: 0.004939
2026-05-20 14:46: **********Train Epoch 1076: averaged Loss: 0.005268
2026-05-20 14:46: **********Val Epoch 1076: average Loss: 0.046990
2026-05-20 14:46: Train Epoch 1077: 0/71 Loss: 0.011019
2026-05-20 14:46: Train Epoch 1077: 20/71 Loss: 0.001789
2026-05-20 14:46: Train Epoch 1077: 40/71 Loss: 0.007641
2026-05-20 14:46: Train Epoch 1077: 60/71 Loss: 0.004266
2026-05-20 14:46: **********Train Epoch 1077: averaged Loss: 0.007809
2026-05-20 14:46: **********Val Epoch 1077: average Loss: 0.050332
2026-05-20 14:46: Train Epoch 1078: 0/71 Loss: 0.003586
2026-05-20 14:46: Train Epoch 1078: 20/71 Loss: 0.001648
2026-05-20 14:46: Train Epoch 1078: 40/71 Loss: 0.002865
2026-05-20 14:46: Train Epoch 1078: 60/71 Loss: 0.004200
2026-05-20 14:46: **********Train Epoch 1078: averaged Loss: 0.004480
2026-05-20 14:46: **********Val Epoch 1078: average Loss: 0.041003
2026-05-20 14:46: Train Epoch 1079: 0/71 Loss: 0.014534
2026-05-20 14:46: Train Epoch 1079: 20/71 Loss: 0.003392
2026-05-20 14:46: Train Epoch 1079: 40/71 Loss: 0.015119
2026-05-20 14:46: Train Epoch 1079: 60/71 Loss: 0.005430
2026-05-20 14:46: **********Train Epoch 1079: averaged Loss: 0.008949
2026-05-20 14:46: **********Val Epoch 1079: average Loss: 0.057807
2026-05-20 14:46: Train Epoch 1080: 0/71 Loss: 0.020860
2026-05-20 14:46: Train Epoch 1080: 20/71 Loss: 0.003318
2026-05-20 14:46: Train Epoch 1080: 40/71 Loss: 0.008809
2026-05-20 14:46: Train Epoch 1080: 60/71 Loss: 0.008030
2026-05-20 14:46: **********Train Epoch 1080: averaged Loss: 0.007214
2026-05-20 14:46: **********Val Epoch 1080: average Loss: 0.060588
2026-05-20 14:46: Train Epoch 1081: 0/71 Loss: 0.011894
2026-05-20 14:46: Train Epoch 1081: 20/71 Loss: 0.001635
2026-05-20 14:46: Train Epoch 1081: 40/71 Loss: 0.004006
2026-05-20 14:46: Train Epoch 1081: 60/71 Loss: 0.002083
2026-05-20 14:46: **********Train Epoch 1081: averaged Loss: 0.004944
2026-05-20 14:46: **********Val Epoch 1081: average Loss: 0.043227
2026-05-20 14:46: Validation performance didn't improve for 500 epochs. Training stops.
2026-05-20 14:46: Total training time: 56.9031min, best loss: 0.009778
2026-05-20 14:46: Saving current best model to /root/data-tmp/zzh/SAMBA/SAMBA/saved_models/002129SZ_BASIC/best_model.pth
2026-05-20 14:46: Saving timestamped model backup to /root/data-tmp/zzh/SAMBA/SAMBA/saved_models/002129SZ_BASIC/best_model_20260520_144650.pth
2026-05-20 14:46: Average Horizon, MAE: 0.0157, MSE: 0.0214
2026-05-20 14:46: Average Horizon, MAE: 0.0160, MSE: 0.0217
2026-05-20 14:46: Experiment log path in: /root/data-tmp/zzh/SAMBA/SAMBA/saved_models/300015SZ_BASIC/
2026-05-20 14:46: Train Epoch 1: 0/83 Loss: 1.677939
2026-05-20 14:46: Train Epoch 1: 20/83 Loss: 0.199171
2026-05-20 14:46: Train Epoch 1: 40/83 Loss: 0.186572
2026-05-20 14:46: Train Epoch 1: 60/83 Loss: 0.039572
2026-05-20 14:46: Train Epoch 1: 80/83 Loss: 0.155919
2026-05-20 14:46: **********Train Epoch 1: averaged Loss: 0.204127
2026-05-20 14:46: **********Val Epoch 1: average Loss: 0.135416
2026-05-20 14:46: *********************************Current best model saved!
2026-05-20 14:46: Train Epoch 2: 0/83 Loss: 0.142564
2026-05-20 14:46: Train Epoch 2: 20/83 Loss: 0.068205
2026-05-20 14:46: Train Epoch 2: 40/83 Loss: 0.065679
2026-05-20 14:46: Train Epoch 2: 60/83 Loss: 0.114859
2026-05-20 14:46: Train Epoch 2: 80/83 Loss: 0.144643
2026-05-20 14:46: **********Train Epoch 2: averaged Loss: 0.136413
2026-05-20 14:46: **********Val Epoch 2: average Loss: 0.203194
2026-05-20 14:46: Train Epoch 3: 0/83 Loss: 0.021118
2026-05-20 14:46: Train Epoch 3: 20/83 Loss: 0.007635
2026-05-20 14:47: Train Epoch 3: 40/83 Loss: 0.189509
2026-05-20 14:47: Train Epoch 3: 60/83 Loss: 0.235092
2026-05-20 14:47: Train Epoch 3: 80/83 Loss: 0.125373
2026-05-20 14:47: **********Train Epoch 3: averaged Loss: 0.090890
2026-05-20 14:47: **********Val Epoch 3: average Loss: 0.120811
2026-05-20 14:47: *********************************Current best model saved!
2026-05-20 14:47: Train Epoch 4: 0/83 Loss: 0.092855
2026-05-20 14:47: Train Epoch 4: 20/83 Loss: 0.050114
2026-05-20 14:47: Train Epoch 4: 40/83 Loss: 0.063326
2026-05-20 14:47: Train Epoch 4: 60/83 Loss: 0.176838
2026-05-20 14:47: Train Epoch 4: 80/83 Loss: 0.135503
2026-05-20 14:47: **********Train Epoch 4: averaged Loss: 0.079824
2026-05-20 14:47: **********Val Epoch 4: average Loss: 0.113022
2026-05-20 14:47: *********************************Current best model saved!
2026-05-20 14:47: Train Epoch 5: 0/83 Loss: 0.129923
2026-05-20 14:47: Train Epoch 5: 20/83 Loss: 0.020103
2026-05-20 14:47: Train Epoch 5: 40/83 Loss: 0.049308
2026-05-20 14:47: Train Epoch 5: 60/83 Loss: 0.055060
2026-05-20 14:47: Train Epoch 5: 80/83 Loss: 0.049232
2026-05-20 14:47: **********Train Epoch 5: averaged Loss: 0.070316
2026-05-20 14:47: **********Val Epoch 5: average Loss: 0.077725
2026-05-20 14:47: *********************************Current best model saved!
2026-05-20 14:47: Train Epoch 6: 0/83 Loss: 0.132474
2026-05-20 14:47: Train Epoch 6: 20/83 Loss: 0.015021
2026-05-20 14:47: Train Epoch 6: 40/83 Loss: 0.135103
2026-05-20 14:47: Train Epoch 6: 60/83 Loss: 0.093003
2026-05-20 14:47: Train Epoch 6: 80/83 Loss: 0.126047
2026-05-20 14:47: **********Train Epoch 6: averaged Loss: 0.072065
2026-05-20 14:47: **********Val Epoch 6: average Loss: 0.127260
2026-05-20 14:47: Train Epoch 7: 0/83 Loss: 0.243244
2026-05-20 14:47: Train Epoch 7: 20/83 Loss: 0.007163
2026-05-20 14:47: Train Epoch 7: 40/83 Loss: 0.037160
2026-05-20 14:47: Train Epoch 7: 60/83 Loss: 0.178350
2026-05-20 14:47: Train Epoch 7: 80/83 Loss: 0.111615
2026-05-20 14:47: **********Train Epoch 7: averaged Loss: 0.091098
2026-05-20 14:47: **********Val Epoch 7: average Loss: 0.085176
2026-05-20 14:47: Train Epoch 8: 0/83 Loss: 0.042260
2026-05-20 14:47: Train Epoch 8: 20/83 Loss: 0.027511
2026-05-20 14:47: Train Epoch 8: 40/83 Loss: 0.136416
2026-05-20 14:47: Train Epoch 8: 60/83 Loss: 0.122005
2026-05-20 14:47: Train Epoch 8: 80/83 Loss: 0.042117
2026-05-20 14:47: **********Train Epoch 8: averaged Loss: 0.061641
2026-05-20 14:47: **********Val Epoch 8: average Loss: 0.115416
2026-05-20 14:47: Train Epoch 9: 0/83 Loss: 0.162703
2026-05-20 14:47: Train Epoch 9: 20/83 Loss: 0.048622
2026-05-20 14:47: Train Epoch 9: 40/83 Loss: 0.142932
2026-05-20 14:47: Train Epoch 9: 60/83 Loss: 0.141112
2026-05-20 14:47: Train Epoch 9: 80/83 Loss: 0.067592
2026-05-20 14:47: **********Train Epoch 9: averaged Loss: 0.084894
2026-05-20 14:47: **********Val Epoch 9: average Loss: 0.108689
2026-05-20 14:47: Train Epoch 10: 0/83 Loss: 0.144695
2026-05-20 14:47: Train Epoch 10: 20/83 Loss: 0.007724
2026-05-20 14:47: Train Epoch 10: 40/83 Loss: 0.180317
2026-05-20 14:47: Train Epoch 10: 60/83 Loss: 0.057400
2026-05-20 14:47: Train Epoch 10: 80/83 Loss: 0.154777
2026-05-20 14:47: **********Train Epoch 10: averaged Loss: 0.090197
2026-05-20 14:47: **********Val Epoch 10: average Loss: 0.116615
2026-05-20 14:47: Train Epoch 11: 0/83 Loss: 0.044215
2026-05-20 14:47: Train Epoch 11: 20/83 Loss: 0.059999
2026-05-20 14:47: Train Epoch 11: 40/83 Loss: 0.140146
2026-05-20 14:47: Train Epoch 11: 60/83 Loss: 0.099036
2026-05-20 14:47: Train Epoch 11: 80/83 Loss: 0.105023
2026-05-20 14:47: **********Train Epoch 11: averaged Loss: 0.064664
2026-05-20 14:47: **********Val Epoch 11: average Loss: 0.111402
2026-05-20 14:47: Train Epoch 12: 0/83 Loss: 0.059265
2026-05-20 14:47: Train Epoch 12: 20/83 Loss: 0.018522
2026-05-20 14:47: Train Epoch 12: 40/83 Loss: 0.130803
2026-05-20 14:47: Train Epoch 12: 60/83 Loss: 0.156108
2026-05-20 14:47: Train Epoch 12: 80/83 Loss: 0.046536
2026-05-20 14:47: **********Train Epoch 12: averaged Loss: 0.062243
2026-05-20 14:47: **********Val Epoch 12: average Loss: 0.078725
2026-05-20 14:47: Train Epoch 13: 0/83 Loss: 0.085281
2026-05-20 14:47: Train Epoch 13: 20/83 Loss: 0.003931
2026-05-20 14:47: Train Epoch 13: 40/83 Loss: 0.069207
2026-05-20 14:47: Train Epoch 13: 60/83 Loss: 0.157437
2026-05-20 14:47: Train Epoch 13: 80/83 Loss: 0.105158
2026-05-20 14:47: **********Train Epoch 13: averaged Loss: 0.070680
2026-05-20 14:47: **********Val Epoch 13: average Loss: 0.108615
2026-05-20 14:47: Train Epoch 14: 0/83 Loss: 0.020404
2026-05-20 14:47: Train Epoch 14: 20/83 Loss: 0.122082
2026-05-20 14:47: Train Epoch 14: 40/83 Loss: 0.061863
2026-05-20 14:47: Train Epoch 14: 60/83 Loss: 0.087956
2026-05-20 14:47: Train Epoch 14: 80/83 Loss: 0.104677
2026-05-20 14:47: **********Train Epoch 14: averaged Loss: 0.083083
2026-05-20 14:47: **********Val Epoch 14: average Loss: 0.125369
2026-05-20 14:47: Train Epoch 15: 0/83 Loss: 0.021770
2026-05-20 14:47: Train Epoch 15: 20/83 Loss: 0.045319
2026-05-20 14:47: Train Epoch 15: 40/83 Loss: 0.101054
2026-05-20 14:47: Train Epoch 15: 60/83 Loss: 0.032957
2026-05-20 14:47: Train Epoch 15: 80/83 Loss: 0.039729
2026-05-20 14:47: **********Train Epoch 15: averaged Loss: 0.063763
2026-05-20 14:47: **********Val Epoch 15: average Loss: 0.093679
2026-05-20 14:47: Train Epoch 16: 0/83 Loss: 0.071506
2026-05-20 14:47: Train Epoch 16: 20/83 Loss: 0.092915
2026-05-20 14:47: Train Epoch 16: 40/83 Loss: 0.038129
2026-05-20 14:47: Train Epoch 16: 60/83 Loss: 0.055080
2026-05-20 14:47: Train Epoch 16: 80/83 Loss: 0.061773
2026-05-20 14:47: **********Train Epoch 16: averaged Loss: 0.087573
2026-05-20 14:47: **********Val Epoch 16: average Loss: 0.095636
2026-05-20 14:47: Train Epoch 17: 0/83 Loss: 0.113533
2026-05-20 14:47: Train Epoch 17: 20/83 Loss: 0.060418
2026-05-20 14:47: Train Epoch 17: 40/83 Loss: 0.084394
2026-05-20 14:47: Train Epoch 17: 60/83 Loss: 0.027066
2026-05-20 14:47: Train Epoch 17: 80/83 Loss: 0.084280
2026-05-20 14:47: **********Train Epoch 17: averaged Loss: 0.079526
2026-05-20 14:47: **********Val Epoch 17: average Loss: 0.114747
2026-05-20 14:47: Train Epoch 18: 0/83 Loss: 0.166547
2026-05-20 14:47: Train Epoch 18: 20/83 Loss: 0.053451
2026-05-20 14:48: Train Epoch 18: 40/83 Loss: 0.051010
2026-05-20 14:48: Train Epoch 18: 60/83 Loss: 0.039770
2026-05-20 14:48: Train Epoch 18: 80/83 Loss: 0.121714
2026-05-20 14:48: **********Train Epoch 18: averaged Loss: 0.082943
2026-05-20 14:48: **********Val Epoch 18: average Loss: 0.078021
2026-05-20 14:48: Train Epoch 19: 0/83 Loss: 0.057314
2026-05-20 14:48: Train Epoch 19: 20/83 Loss: 0.045073
2026-05-20 14:48: Train Epoch 19: 40/83 Loss: 0.038795
2026-05-20 14:48: Train Epoch 19: 60/83 Loss: 0.088056
2026-05-20 14:48: Train Epoch 19: 80/83 Loss: 0.116944
2026-05-20 14:48: **********Train Epoch 19: averaged Loss: 0.097186
2026-05-20 14:48: **********Val Epoch 19: average Loss: 0.116973
2026-05-20 14:48: Train Epoch 20: 0/83 Loss: 0.025879
2026-05-20 14:48: Train Epoch 20: 20/83 Loss: 0.018484
2026-05-20 14:48: Train Epoch 20: 40/83 Loss: 0.049443
2026-05-20 14:48: Train Epoch 20: 60/83 Loss: 0.056775
2026-05-20 14:48: Train Epoch 20: 80/83 Loss: 0.125893
2026-05-20 14:48: **********Train Epoch 20: averaged Loss: 0.083914
2026-05-20 14:48: **********Val Epoch 20: average Loss: 0.103313
2026-05-20 14:48: Train Epoch 21: 0/83 Loss: 0.086106
2026-05-20 14:48: Train Epoch 21: 20/83 Loss: 0.057242
2026-05-20 14:48: Train Epoch 21: 40/83 Loss: 0.092473
2026-05-20 14:48: Train Epoch 21: 60/83 Loss: 0.047041
2026-05-20 14:48: Train Epoch 21: 80/83 Loss: 0.042513
2026-05-20 14:48: **********Train Epoch 21: averaged Loss: 0.069138
2026-05-20 14:48: **********Val Epoch 21: average Loss: 0.129472
2026-05-20 14:48: Train Epoch 22: 0/83 Loss: 0.032999
2026-05-20 14:48: Train Epoch 22: 20/83 Loss: 0.045013
2026-05-20 14:48: Train Epoch 22: 40/83 Loss: 0.108071
2026-05-20 14:48: Train Epoch 22: 60/83 Loss: 0.068580
2026-05-20 14:48: Train Epoch 22: 80/83 Loss: 0.072925
2026-05-20 14:48: **********Train Epoch 22: averaged Loss: 0.060303
2026-05-20 14:48: **********Val Epoch 22: average Loss: 0.094322
2026-05-20 14:48: Train Epoch 23: 0/83 Loss: 0.082067
2026-05-20 14:48: Train Epoch 23: 20/83 Loss: 0.013865
2026-05-20 14:48: Train Epoch 23: 40/83 Loss: 0.044717
2026-05-20 14:48: Train Epoch 23: 60/83 Loss: 0.022071
2026-05-20 14:48: Train Epoch 23: 80/83 Loss: 0.146680
2026-05-20 14:48: **********Train Epoch 23: averaged Loss: 0.067209
2026-05-20 14:48: **********Val Epoch 23: average Loss: 0.134625
2026-05-20 14:48: Train Epoch 24: 0/83 Loss: 0.034441
2026-05-20 14:48: Train Epoch 24: 20/83 Loss: 0.008388
2026-05-20 14:48: Train Epoch 24: 40/83 Loss: 0.038837
2026-05-20 14:48: Train Epoch 24: 60/83 Loss: 0.102536
2026-05-20 14:48: Train Epoch 24: 80/83 Loss: 0.048795
2026-05-20 14:48: **********Train Epoch 24: averaged Loss: 0.080298
2026-05-20 14:48: **********Val Epoch 24: average Loss: 0.101858
2026-05-20 14:48: Train Epoch 25: 0/83 Loss: 0.056238
2026-05-20 14:48: Train Epoch 25: 20/83 Loss: 0.036817
2026-05-20 14:48: Train Epoch 25: 40/83 Loss: 0.038822
2026-05-20 14:48: Train Epoch 25: 60/83 Loss: 0.116789
2026-05-20 14:48: Train Epoch 25: 80/83 Loss: 0.085617
2026-05-20 14:48: **********Train Epoch 25: averaged Loss: 0.069503
2026-05-20 14:48: **********Val Epoch 25: average Loss: 0.094539
2026-05-20 14:48: Train Epoch 26: 0/83 Loss: 0.025754
2026-05-20 14:48: Train Epoch 26: 20/83 Loss: 0.050366
2026-05-20 14:48: Train Epoch 26: 40/83 Loss: 0.144046
2026-05-20 14:48: Train Epoch 26: 60/83 Loss: 0.106067
2026-05-20 14:48: Train Epoch 26: 80/83 Loss: 0.045957
2026-05-20 14:48: **********Train Epoch 26: averaged Loss: 0.092031
2026-05-20 14:48: **********Val Epoch 26: average Loss: 0.107201
2026-05-20 14:48: Train Epoch 27: 0/83 Loss: 0.021473
2026-05-20 14:48: Train Epoch 27: 20/83 Loss: 0.018508
2026-05-20 14:48: Train Epoch 27: 40/83 Loss: 0.116273
2026-05-20 14:48: Train Epoch 27: 60/83 Loss: 0.136284
2026-05-20 14:48: Train Epoch 27: 80/83 Loss: 0.127627
2026-05-20 14:48: **********Train Epoch 27: averaged Loss: 0.077185
2026-05-20 14:48: **********Val Epoch 27: average Loss: 0.137341
2026-05-20 14:48: Train Epoch 28: 0/83 Loss: 0.020972
2026-05-20 14:48: Train Epoch 28: 20/83 Loss: 0.047863
2026-05-20 14:48: Train Epoch 28: 40/83 Loss: 0.093947
2026-05-20 14:48: Train Epoch 28: 60/83 Loss: 0.076125
2026-05-20 14:48: Train Epoch 28: 80/83 Loss: 0.125120
2026-05-20 14:48: **********Train Epoch 28: averaged Loss: 0.058563
2026-05-20 14:48: **********Val Epoch 28: average Loss: 0.105220
2026-05-20 14:48: Train Epoch 29: 0/83 Loss: 0.023543
2026-05-20 14:48: Train Epoch 29: 20/83 Loss: 0.040241
2026-05-20 14:48: Train Epoch 29: 40/83 Loss: 0.086115
2026-05-20 14:48: Train Epoch 29: 60/83 Loss: 0.106437
2026-05-20 14:48: Train Epoch 29: 80/83 Loss: 0.051439
2026-05-20 14:48: **********Train Epoch 29: averaged Loss: 0.091701
2026-05-20 14:48: **********Val Epoch 29: average Loss: 0.096755
2026-05-20 14:48: Train Epoch 30: 0/83 Loss: 0.053382
2026-05-20 14:48: Train Epoch 30: 20/83 Loss: 0.016500
2026-05-20 14:48: Train Epoch 30: 40/83 Loss: 0.123866
2026-05-20 14:48: Train Epoch 30: 60/83 Loss: 0.110981
2026-05-20 14:48: Train Epoch 30: 80/83 Loss: 0.046976
2026-05-20 14:48: **********Train Epoch 30: averaged Loss: 0.076641
2026-05-20 14:48: **********Val Epoch 30: average Loss: 0.078571
2026-05-20 14:48: Train Epoch 31: 0/83 Loss: 0.070524
2026-05-20 14:48: Train Epoch 31: 20/83 Loss: 0.068930
2026-05-20 14:48: Train Epoch 31: 40/83 Loss: 0.085169
2026-05-20 14:48: Train Epoch 31: 60/83 Loss: 0.071730
2026-05-20 14:48: Train Epoch 31: 80/83 Loss: 0.083118
2026-05-20 14:48: **********Train Epoch 31: averaged Loss: 0.077867
2026-05-20 14:48: **********Val Epoch 31: average Loss: 0.105094
2026-05-20 14:48: Train Epoch 32: 0/83 Loss: 0.023521
2026-05-20 14:48: Train Epoch 32: 20/83 Loss: 0.003647
2026-05-20 14:48: Train Epoch 32: 40/83 Loss: 0.066456
2026-05-20 14:48: Train Epoch 32: 60/83 Loss: 0.082888
2026-05-20 14:48: Train Epoch 32: 80/83 Loss: 0.089273
2026-05-20 14:48: **********Train Epoch 32: averaged Loss: 0.082367
2026-05-20 14:48: **********Val Epoch 32: average Loss: 0.119472
2026-05-20 14:48: Train Epoch 33: 0/83 Loss: 0.038390
2026-05-20 14:48: Train Epoch 33: 20/83 Loss: 0.093290
2026-05-20 14:49: Train Epoch 33: 40/83 Loss: 0.159382
2026-05-20 14:49: Train Epoch 33: 60/83 Loss: 0.049263
2026-05-20 14:49: Train Epoch 33: 80/83 Loss: 0.044969
2026-05-20 14:49: **********Train Epoch 33: averaged Loss: 0.071959
2026-05-20 14:49: **********Val Epoch 33: average Loss: 0.092799
2026-05-20 14:49: Train Epoch 34: 0/83 Loss: 0.098780
2026-05-20 14:49: Train Epoch 34: 20/83 Loss: 0.043428
2026-05-20 14:49: Train Epoch 34: 40/83 Loss: 0.129122
2026-05-20 14:49: Train Epoch 34: 60/83 Loss: 0.068805
2026-05-20 14:49: Train Epoch 34: 80/83 Loss: 0.079596
2026-05-20 14:49: **********Train Epoch 34: averaged Loss: 0.075460
2026-05-20 14:49: **********Val Epoch 34: average Loss: 0.099439
2026-05-20 14:49: Train Epoch 35: 0/83 Loss: 0.023475
2026-05-20 14:49: Train Epoch 35: 20/83 Loss: 0.101676
2026-05-20 14:49: Train Epoch 35: 40/83 Loss: 0.170884
2026-05-20 14:49: Train Epoch 35: 60/83 Loss: 0.057458
2026-05-20 14:49: Train Epoch 35: 80/83 Loss: 0.063108
2026-05-20 14:49: **********Train Epoch 35: averaged Loss: 0.083204
2026-05-20 14:49: **********Val Epoch 35: average Loss: 0.136204
2026-05-20 14:49: Train Epoch 36: 0/83 Loss: 0.023788
2026-05-20 14:49: Train Epoch 36: 20/83 Loss: 0.096225
2026-05-20 14:49: Train Epoch 36: 40/83 Loss: 0.078376
2026-05-20 14:49: Train Epoch 36: 60/83 Loss: 0.065396
2026-05-20 14:49: Train Epoch 36: 80/83 Loss: 0.098509
2026-05-20 14:49: **********Train Epoch 36: averaged Loss: 0.075901
2026-05-20 14:49: **********Val Epoch 36: average Loss: 0.133849
2026-05-20 14:49: Train Epoch 37: 0/83 Loss: 0.023395
2026-05-20 14:49: Train Epoch 37: 20/83 Loss: 0.093363
2026-05-20 14:49: Train Epoch 37: 40/83 Loss: 0.101754
2026-05-20 14:49: Train Epoch 37: 60/83 Loss: 0.047008
2026-05-20 14:49: Train Epoch 37: 80/83 Loss: 0.117673
2026-05-20 14:49: **********Train Epoch 37: averaged Loss: 0.080208
2026-05-20 14:49: **********Val Epoch 37: average Loss: 0.137652
2026-05-20 14:49: Train Epoch 38: 0/83 Loss: 0.022964
2026-05-20 14:49: Train Epoch 38: 20/83 Loss: 0.110958
2026-05-20 14:49: Train Epoch 38: 40/83 Loss: 0.125969
2026-05-20 14:49: Train Epoch 38: 60/83 Loss: 0.035367
2026-05-20 14:49: Train Epoch 38: 80/83 Loss: 0.172081
2026-05-20 14:49: **********Train Epoch 38: averaged Loss: 0.078505
2026-05-20 14:49: **********Val Epoch 38: average Loss: 0.149186
2026-05-20 14:49: Train Epoch 39: 0/83 Loss: 0.021502
2026-05-20 14:49: Train Epoch 39: 20/83 Loss: 0.137423
2026-05-20 14:49: Train Epoch 39: 40/83 Loss: 0.135448
2026-05-20 14:49: Train Epoch 39: 60/83 Loss: 0.013304
2026-05-20 14:49: Train Epoch 39: 80/83 Loss: 0.089145
2026-05-20 14:49: **********Train Epoch 39: averaged Loss: 0.069697
2026-05-20 14:49: **********Val Epoch 39: average Loss: 0.121889
2026-05-20 14:49: Train Epoch 40: 0/83 Loss: 0.021801
2026-05-20 14:49: Train Epoch 40: 20/83 Loss: 0.140209
2026-05-20 14:49: Train Epoch 40: 40/83 Loss: 0.102999
2026-05-20 14:49: Train Epoch 40: 60/83 Loss: 0.045281
2026-05-20 14:49: Train Epoch 40: 80/83 Loss: 0.177117
2026-05-20 14:49: **********Train Epoch 40: averaged Loss: 0.079145
2026-05-20 14:49: **********Val Epoch 40: average Loss: 0.188464
2026-05-20 14:49: Train Epoch 41: 0/83 Loss: 0.038043
2026-05-20 14:49: Train Epoch 41: 20/83 Loss: 0.100849
2026-05-20 14:49: Train Epoch 41: 40/83 Loss: 0.126359
2026-05-20 14:49: Train Epoch 41: 60/83 Loss: 0.040976
2026-05-20 14:49: Train Epoch 41: 80/83 Loss: 0.115771
2026-05-20 14:49: **********Train Epoch 41: averaged Loss: 0.072950
2026-05-20 14:49: **********Val Epoch 41: average Loss: 0.164179
2026-05-20 14:49: Train Epoch 42: 0/83 Loss: 0.036558
2026-05-20 14:49: Train Epoch 42: 20/83 Loss: 0.096091
2026-05-20 14:49: Train Epoch 42: 40/83 Loss: 0.125046
2026-05-20 14:49: Train Epoch 42: 60/83 Loss: 0.031694
2026-05-20 14:49: Train Epoch 42: 80/83 Loss: 0.158318
2026-05-20 14:49: **********Train Epoch 42: averaged Loss: 0.075829
2026-05-20 14:49: **********Val Epoch 42: average Loss: 0.177716
2026-05-20 14:49: Train Epoch 43: 0/83 Loss: 0.073558
2026-05-20 14:49: Train Epoch 43: 20/83 Loss: 0.131935
2026-05-20 14:49: Train Epoch 43: 40/83 Loss: 0.089211
2026-05-20 14:49: Train Epoch 43: 60/83 Loss: 0.057006
2026-05-20 14:49: Train Epoch 43: 80/83 Loss: 0.166454
2026-05-20 14:49: **********Train Epoch 43: averaged Loss: 0.066720
2026-05-20 14:49: **********Val Epoch 43: average Loss: 0.185266
2026-05-20 14:49: Train Epoch 44: 0/83 Loss: 0.055802
2026-05-20 14:49: Train Epoch 44: 20/83 Loss: 0.123972
2026-05-20 14:49: Train Epoch 44: 40/83 Loss: 0.135827
2026-05-20 14:49: Train Epoch 44: 60/83 Loss: 0.031412
2026-05-20 14:49: Train Epoch 44: 80/83 Loss: 0.106325
2026-05-20 14:49: **********Train Epoch 44: averaged Loss: 0.071834
2026-05-20 14:49: **********Val Epoch 44: average Loss: 0.182592
2026-05-20 14:49: Train Epoch 45: 0/83 Loss: 0.026772
2026-05-20 14:49: Train Epoch 45: 20/83 Loss: 0.122090
2026-05-20 14:49: Train Epoch 45: 40/83 Loss: 0.127742
2026-05-20 14:49: Train Epoch 45: 60/83 Loss: 0.032805
2026-05-20 14:49: Train Epoch 45: 80/83 Loss: 0.136242
2026-05-20 14:49: **********Train Epoch 45: averaged Loss: 0.064220
2026-05-20 14:49: **********Val Epoch 45: average Loss: 0.155396
2026-05-20 14:49: Train Epoch 46: 0/83 Loss: 0.021846
2026-05-20 14:49: Train Epoch 46: 20/83 Loss: 0.144870
2026-05-20 14:49: Train Epoch 46: 40/83 Loss: 0.104761
2026-05-20 14:49: Train Epoch 46: 60/83 Loss: 0.049794
2026-05-20 14:49: Train Epoch 46: 80/83 Loss: 0.136037
2026-05-20 14:49: **********Train Epoch 46: averaged Loss: 0.071720
2026-05-20 14:49: **********Val Epoch 46: average Loss: 0.177017
2026-05-20 14:49: Train Epoch 47: 0/83 Loss: 0.061678
2026-05-20 14:49: Train Epoch 47: 20/83 Loss: 0.120276
2026-05-20 14:49: Train Epoch 47: 40/83 Loss: 0.141316
2026-05-20 14:49: Train Epoch 47: 60/83 Loss: 0.019478
2026-05-20 14:49: Train Epoch 47: 80/83 Loss: 0.133040
2026-05-20 14:49: **********Train Epoch 47: averaged Loss: 0.067381
2026-05-20 14:49: **********Val Epoch 47: average Loss: 0.173669
2026-05-20 14:49: Train Epoch 48: 0/83 Loss: 0.053652
2026-05-20 14:49: Train Epoch 48: 20/83 Loss: 0.125265
2026-05-20 14:49: Train Epoch 48: 40/83 Loss: 0.128008
2026-05-20 14:49: Train Epoch 48: 60/83 Loss: 0.021705
2026-05-20 14:50: Train Epoch 48: 80/83 Loss: 0.166400
2026-05-20 14:50: **********Train Epoch 48: averaged Loss: 0.066662
2026-05-20 14:50: **********Val Epoch 48: average Loss: 0.201177
2026-05-20 14:50: Train Epoch 49: 0/83 Loss: 0.074531
2026-05-20 14:50: Train Epoch 49: 20/83 Loss: 0.132997
2026-05-20 14:50: Train Epoch 49: 40/83 Loss: 0.100475
2026-05-20 14:50: Train Epoch 49: 60/83 Loss: 0.026386
2026-05-20 14:50: Train Epoch 49: 80/83 Loss: 0.154256
2026-05-20 14:50: **********Train Epoch 49: averaged Loss: 0.067337
2026-05-20 14:50: **********Val Epoch 49: average Loss: 0.196562
2026-05-20 14:50: Train Epoch 50: 0/83 Loss: 0.047378
2026-05-20 14:50: Train Epoch 50: 20/83 Loss: 0.126848
2026-05-20 14:50: Train Epoch 50: 40/83 Loss: 0.116511
2026-05-20 14:50: Train Epoch 50: 60/83 Loss: 0.019541
2026-05-20 14:50: Train Epoch 50: 80/83 Loss: 0.143951
2026-05-20 14:50: **********Train Epoch 50: averaged Loss: 0.066463
2026-05-20 14:50: **********Val Epoch 50: average Loss: 0.191825
2026-05-20 14:50: Train Epoch 51: 0/83 Loss: 0.049841
2026-05-20 14:50: Train Epoch 51: 20/83 Loss: 0.123287
2026-05-20 14:50: Train Epoch 51: 40/83 Loss: 0.144470
2026-05-20 14:50: Train Epoch 51: 60/83 Loss: 0.018466
2026-05-20 14:50: Train Epoch 51: 80/83 Loss: 0.156990
2026-05-20 14:50: **********Train Epoch 51: averaged Loss: 0.064701
2026-05-20 14:50: **********Val Epoch 51: average Loss: 0.194321
2026-05-20 14:50: Train Epoch 52: 0/83 Loss: 0.076986
2026-05-20 14:50: Train Epoch 52: 20/83 Loss: 0.141337
2026-05-20 14:50: Train Epoch 52: 40/83 Loss: 0.112690
2026-05-20 14:50: Train Epoch 52: 60/83 Loss: 0.012793
2026-05-20 14:50: Train Epoch 52: 80/83 Loss: 0.184344
2026-05-20 14:50: **********Train Epoch 52: averaged Loss: 0.069221
2026-05-20 14:50: **********Val Epoch 52: average Loss: 0.211057
2026-05-20 14:50: Train Epoch 53: 0/83 Loss: 0.078698
2026-05-20 14:50: Train Epoch 53: 20/83 Loss: 0.113112
2026-05-20 14:50: Train Epoch 53: 40/83 Loss: 0.097206
2026-05-20 14:50: Train Epoch 53: 60/83 Loss: 0.025935
2026-05-20 14:50: Train Epoch 53: 80/83 Loss: 0.135400
2026-05-20 14:50: **********Train Epoch 53: averaged Loss: 0.062585
2026-05-20 14:50: **********Val Epoch 53: average Loss: 0.203052
2026-05-20 14:50: Train Epoch 54: 0/83 Loss: 0.051715
2026-05-20 14:50: Train Epoch 54: 20/83 Loss: 0.129821
2026-05-20 14:50: Train Epoch 54: 40/83 Loss: 0.115135
2026-05-20 14:50: Train Epoch 54: 60/83 Loss: 0.008565
2026-05-20 14:50: Train Epoch 54: 80/83 Loss: 0.168497
2026-05-20 14:50: **********Train Epoch 54: averaged Loss: 0.064672
2026-05-20 14:50: **********Val Epoch 54: average Loss: 0.206786
2026-05-20 14:50: Train Epoch 55: 0/83 Loss: 0.071045
2026-05-20 14:50: Train Epoch 55: 20/83 Loss: 0.159978
2026-05-20 14:50: Train Epoch 55: 40/83 Loss: 0.143711
2026-05-20 14:50: Train Epoch 55: 60/83 Loss: 0.012110
2026-05-20 14:50: Train Epoch 55: 80/83 Loss: 0.162376
2026-05-20 14:50: **********Train Epoch 55: averaged Loss: 0.065547
2026-05-20 14:50: **********Val Epoch 55: average Loss: 0.189936
2026-05-20 14:50: Train Epoch 56: 0/83 Loss: 0.058054
2026-05-20 14:50: Train Epoch 56: 20/83 Loss: 0.146858
2026-05-20 14:50: Train Epoch 56: 40/83 Loss: 0.127116
2026-05-20 14:50: Train Epoch 56: 60/83 Loss: 0.027352
2026-05-20 14:50: Train Epoch 56: 80/83 Loss: 0.151354
2026-05-20 14:50: **********Train Epoch 56: averaged Loss: 0.063023
2026-05-20 14:50: **********Val Epoch 56: average Loss: 0.184040
2026-05-20 14:50: Train Epoch 57: 0/83 Loss: 0.087259
2026-05-20 14:50: Train Epoch 57: 20/83 Loss: 0.131831
2026-05-20 14:50: Train Epoch 57: 40/83 Loss: 0.123685
2026-05-20 14:50: Train Epoch 57: 60/83 Loss: 0.013390
2026-05-20 14:50: Train Epoch 57: 80/83 Loss: 0.160754
2026-05-20 14:50: **********Train Epoch 57: averaged Loss: 0.063724
2026-05-20 14:50: **********Val Epoch 57: average Loss: 0.200156
2026-05-20 14:50: Train Epoch 58: 0/83 Loss: 0.063423
2026-05-20 14:50: Train Epoch 58: 20/83 Loss: 0.133927
2026-05-20 14:50: Train Epoch 58: 40/83 Loss: 0.103796
2026-05-20 14:50: Train Epoch 58: 60/83 Loss: 0.014907
2026-05-20 14:50: Train Epoch 58: 80/83 Loss: 0.112637
2026-05-20 14:50: **********Train Epoch 58: averaged Loss: 0.061390
2026-05-20 14:50: **********Val Epoch 58: average Loss: 0.180952
2026-05-20 14:50: Train Epoch 59: 0/83 Loss: 0.034484
2026-05-20 14:50: Train Epoch 59: 20/83 Loss: 0.099634
2026-05-20 14:50: Train Epoch 59: 40/83 Loss: 0.131577
2026-05-20 14:50: Train Epoch 59: 60/83 Loss: 0.023741
2026-05-20 14:50: Train Epoch 59: 80/83 Loss: 0.132188
2026-05-20 14:50: **********Train Epoch 59: averaged Loss: 0.061407
2026-05-20 14:50: **********Val Epoch 59: average Loss: 0.180946
2026-05-20 14:50: Train Epoch 60: 0/83 Loss: 0.037429
2026-05-20 14:50: Train Epoch 60: 20/83 Loss: 0.123457
2026-05-20 14:50: Train Epoch 60: 40/83 Loss: 0.106257
2026-05-20 14:50: Train Epoch 60: 60/83 Loss: 0.015193
2026-05-20 14:50: Train Epoch 60: 80/83 Loss: 0.111272
2026-05-20 14:50: **********Train Epoch 60: averaged Loss: 0.062460
2026-05-20 14:50: **********Val Epoch 60: average Loss: 0.161493
2026-05-20 14:50: Train Epoch 61: 0/83 Loss: 0.022079
2026-05-20 14:50: Train Epoch 61: 20/83 Loss: 0.145238
2026-05-20 14:50: Train Epoch 61: 40/83 Loss: 0.104623
2026-05-20 14:50: Train Epoch 61: 60/83 Loss: 0.045859
2026-05-20 14:50: Train Epoch 61: 80/83 Loss: 0.142792
2026-05-20 14:50: **********Train Epoch 61: averaged Loss: 0.064378
2026-05-20 14:50: **********Val Epoch 61: average Loss: 0.186693
2026-05-20 14:50: Train Epoch 62: 0/83 Loss: 0.043729
2026-05-20 14:50: Train Epoch 62: 20/83 Loss: 0.162851
2026-05-20 14:50: Train Epoch 62: 40/83 Loss: 0.114620
2026-05-20 14:50: Train Epoch 62: 60/83 Loss: 0.021340
2026-05-20 14:50: Train Epoch 62: 80/83 Loss: 0.148008
2026-05-20 14:50: **********Train Epoch 62: averaged Loss: 0.065169
2026-05-20 14:50: **********Val Epoch 62: average Loss: 0.212031
2026-05-20 14:50: Train Epoch 63: 0/83 Loss: 0.080780
2026-05-20 14:50: Train Epoch 63: 20/83 Loss: 0.142111
2026-05-20 14:50: Train Epoch 63: 40/83 Loss: 0.103834
2026-05-20 14:50: Train Epoch 63: 60/83 Loss: 0.029731
2026-05-20 14:50: Train Epoch 63: 80/83 Loss: 0.157228
2026-05-20 14:50: **********Train Epoch 63: averaged Loss: 0.063641
2026-05-20 14:50: **********Val Epoch 63: average Loss: 0.206872
2026-05-20 14:50: Train Epoch 64: 0/83 Loss: 0.077783
2026-05-20 14:50: Train Epoch 64: 20/83 Loss: 0.131543
2026-05-20 14:51: Train Epoch 64: 40/83 Loss: 0.119221
2026-05-20 14:51: Train Epoch 64: 60/83 Loss: 0.020647
2026-05-20 14:51: Train Epoch 64: 80/83 Loss: 0.175197
2026-05-20 14:51: **********Train Epoch 64: averaged Loss: 0.066003
2026-05-20 14:51: **********Val Epoch 64: average Loss: 0.225813
2026-05-20 14:51: Train Epoch 65: 0/83 Loss: 0.081739
2026-05-20 14:51: Train Epoch 65: 20/83 Loss: 0.174730
2026-05-20 14:51: Train Epoch 65: 40/83 Loss: 0.119281
2026-05-20 14:51: Train Epoch 65: 60/83 Loss: 0.015043
2026-05-20 14:51: Train Epoch 65: 80/83 Loss: 0.147807
2026-05-20 14:51: **********Train Epoch 65: averaged Loss: 0.063161
2026-05-20 14:51: **********Val Epoch 65: average Loss: 0.198301
2026-05-20 14:51: Train Epoch 66: 0/83 Loss: 0.062822
2026-05-20 14:51: Train Epoch 66: 20/83 Loss: 0.145646
2026-05-20 14:51: Train Epoch 66: 40/83 Loss: 0.116124
2026-05-20 14:51: Train Epoch 66: 60/83 Loss: 0.012436
2026-05-20 14:51: Train Epoch 66: 80/83 Loss: 0.157338
2026-05-20 14:51: **********Train Epoch 66: averaged Loss: 0.063859
2026-05-20 14:51: **********Val Epoch 66: average Loss: 0.203669
2026-05-20 14:51: Train Epoch 67: 0/83 Loss: 0.086771
2026-05-20 14:51: Train Epoch 67: 20/83 Loss: 0.141446
2026-05-20 14:51: Train Epoch 67: 40/83 Loss: 0.113226
2026-05-20 14:51: Train Epoch 67: 60/83 Loss: 0.008657
2026-05-20 14:51: Train Epoch 67: 80/83 Loss: 0.143969
2026-05-20 14:51: **********Train Epoch 67: averaged Loss: 0.064573
2026-05-20 14:51: **********Val Epoch 67: average Loss: 0.229498
2026-05-20 14:51: Train Epoch 68: 0/83 Loss: 0.088846
2026-05-20 14:51: Train Epoch 68: 20/83 Loss: 0.153074
2026-05-20 14:51: Train Epoch 68: 40/83 Loss: 0.125885
2026-05-20 14:51: Train Epoch 68: 60/83 Loss: 0.008481
2026-05-20 14:51: Train Epoch 68: 80/83 Loss: 0.140200
2026-05-20 14:51: **********Train Epoch 68: averaged Loss: 0.063484
2026-05-20 14:51: **********Val Epoch 68: average Loss: 0.195922
2026-05-20 14:51: Train Epoch 69: 0/83 Loss: 0.054299
2026-05-20 14:51: Train Epoch 69: 20/83 Loss: 0.153863
2026-05-20 14:51: Train Epoch 69: 40/83 Loss: 0.098998
2026-05-20 14:51: Train Epoch 69: 60/83 Loss: 0.008521
2026-05-20 14:51: Train Epoch 69: 80/83 Loss: 0.159762
2026-05-20 14:51: **********Train Epoch 69: averaged Loss: 0.064363
2026-05-20 14:51: **********Val Epoch 69: average Loss: 0.207824
2026-05-20 14:51: Train Epoch 70: 0/83 Loss: 0.057835
2026-05-20 14:51: Train Epoch 70: 20/83 Loss: 0.152876
2026-05-20 14:51: Train Epoch 70: 40/83 Loss: 0.131742
2026-05-20 14:51: Train Epoch 70: 60/83 Loss: 0.008939
2026-05-20 14:51: Train Epoch 70: 80/83 Loss: 0.188856
2026-05-20 14:51: **********Train Epoch 70: averaged Loss: 0.064749
2026-05-20 14:51: **********Val Epoch 70: average Loss: 0.215422
2026-05-20 14:51: Train Epoch 71: 0/83 Loss: 0.096755
2026-05-20 14:51: Train Epoch 71: 20/83 Loss: 0.134734
2026-05-20 14:51: Train Epoch 71: 40/83 Loss: 0.104952
2026-05-20 14:51: Train Epoch 71: 60/83 Loss: 0.013155
2026-05-20 14:51: Train Epoch 71: 80/83 Loss: 0.155727
2026-05-20 14:51: **********Train Epoch 71: averaged Loss: 0.062427
2026-05-20 14:51: **********Val Epoch 71: average Loss: 0.201903
2026-05-20 14:51: Train Epoch 72: 0/83 Loss: 0.109556
2026-05-20 14:51: Train Epoch 72: 20/83 Loss: 0.123305
2026-05-20 14:51: Train Epoch 72: 40/83 Loss: 0.108014
2026-05-20 14:51: Train Epoch 72: 60/83 Loss: 0.017128
2026-05-20 14:51: Train Epoch 72: 80/83 Loss: 0.173039
2026-05-20 14:51: **********Train Epoch 72: averaged Loss: 0.062778
2026-05-20 14:51: **********Val Epoch 72: average Loss: 0.207930
2026-05-20 14:51: Train Epoch 73: 0/83 Loss: 0.056416
2026-05-20 14:51: Train Epoch 73: 20/83 Loss: 0.138910
2026-05-20 14:51: Train Epoch 73: 40/83 Loss: 0.108774
2026-05-20 14:51: Train Epoch 73: 60/83 Loss: 0.009697
2026-05-20 14:51: Train Epoch 73: 80/83 Loss: 0.152027
2026-05-20 14:51: **********Train Epoch 73: averaged Loss: 0.063521
2026-05-20 14:51: **********Val Epoch 73: average Loss: 0.204808
2026-05-20 14:51: Train Epoch 74: 0/83 Loss: 0.056938
2026-05-20 14:51: Train Epoch 74: 20/83 Loss: 0.139403
2026-05-20 14:51: Train Epoch 74: 40/83 Loss: 0.106869
2026-05-20 14:51: Train Epoch 74: 60/83 Loss: 0.024217
2026-05-20 14:51: Train Epoch 74: 80/83 Loss: 0.135319
2026-05-20 14:51: **********Train Epoch 74: averaged Loss: 0.059286
2026-05-20 14:51: **********Val Epoch 74: average Loss: 0.189555
2026-05-20 14:51: Train Epoch 75: 0/83 Loss: 0.072730
2026-05-20 14:51: Train Epoch 75: 20/83 Loss: 0.124219
2026-05-20 14:51: Train Epoch 75: 40/83 Loss: 0.107981
2026-05-20 14:51: Train Epoch 75: 60/83 Loss: 0.013779
2026-05-20 14:51: Train Epoch 75: 80/83 Loss: 0.145922
2026-05-20 14:51: **********Train Epoch 75: averaged Loss: 0.061706
2026-05-20 14:51: **********Val Epoch 75: average Loss: 0.204084
2026-05-20 14:51: Train Epoch 76: 0/83 Loss: 0.082791
2026-05-20 14:51: Train Epoch 76: 20/83 Loss: 0.153360
2026-05-20 14:51: Train Epoch 76: 40/83 Loss: 0.115940
2026-05-20 14:51: Train Epoch 76: 60/83 Loss: 0.008519
2026-05-20 14:51: Train Epoch 76: 80/83 Loss: 0.161444
2026-05-20 14:51: **********Train Epoch 76: averaged Loss: 0.060552
2026-05-20 14:51: **********Val Epoch 76: average Loss: 0.187974
2026-05-20 14:51: Train Epoch 77: 0/83 Loss: 0.054926
2026-05-20 14:51: Train Epoch 77: 20/83 Loss: 0.087819
2026-05-20 14:51: Train Epoch 77: 40/83 Loss: 0.098779
2026-05-20 14:51: Train Epoch 77: 60/83 Loss: 0.042528
2026-05-20 14:51: Train Epoch 77: 80/83 Loss: 0.082923
2026-05-20 14:51: **********Train Epoch 77: averaged Loss: 0.056261
2026-05-20 14:51: **********Val Epoch 77: average Loss: 0.109713
2026-05-20 14:51: Train Epoch 78: 0/83 Loss: 0.040435
2026-05-20 14:51: Train Epoch 78: 20/83 Loss: 0.110737
2026-05-20 14:51: Train Epoch 78: 40/83 Loss: 0.104827
2026-05-20 14:51: Train Epoch 78: 60/83 Loss: 0.025278
2026-05-20 14:51: Train Epoch 78: 80/83 Loss: 0.112439
2026-05-20 14:51: **********Train Epoch 78: averaged Loss: 0.063373
2026-05-20 14:51: **********Val Epoch 78: average Loss: 0.108713
2026-05-20 14:51: Train Epoch 79: 0/83 Loss: 0.061692
2026-05-20 14:52: Train Epoch 79: 20/83 Loss: 0.113151
2026-05-20 14:52: Train Epoch 79: 40/83 Loss: 0.096727
2026-05-20 14:52: Train Epoch 79: 60/83 Loss: 0.041113
2026-05-20 14:52: Train Epoch 79: 80/83 Loss: 0.129517
2026-05-20 14:52: **********Train Epoch 79: averaged Loss: 0.072281
2026-05-20 14:52: **********Val Epoch 79: average Loss: 0.172344
2026-05-20 14:52: Train Epoch 80: 0/83 Loss: 0.033367
2026-05-20 14:52: Train Epoch 80: 20/83 Loss: 0.115100
2026-05-20 14:52: Train Epoch 80: 40/83 Loss: 0.114263
2026-05-20 14:52: Train Epoch 80: 60/83 Loss: 0.017956
2026-05-20 14:52: Train Epoch 80: 80/83 Loss: 0.155740
2026-05-20 14:52: **********Train Epoch 80: averaged Loss: 0.064754
2026-05-20 14:52: **********Val Epoch 80: average Loss: 0.197418
2026-05-20 14:52: Train Epoch 81: 0/83 Loss: 0.073413
2026-05-20 14:52: Train Epoch 81: 20/83 Loss: 0.147953
2026-05-20 14:52: Train Epoch 81: 40/83 Loss: 0.121088
2026-05-20 14:52: Train Epoch 81: 60/83 Loss: 0.014706
2026-05-20 14:52: Train Epoch 81: 80/83 Loss: 0.161943
2026-05-20 14:52: **********Train Epoch 81: averaged Loss: 0.062777
2026-05-20 14:52: **********Val Epoch 81: average Loss: 0.213730
2026-05-20 14:52: Train Epoch 82: 0/83 Loss: 0.085535
2026-05-20 14:52: Train Epoch 82: 20/83 Loss: 0.129998
2026-05-20 14:52: Train Epoch 82: 40/83 Loss: 0.119682
2026-05-20 14:52: Train Epoch 82: 60/83 Loss: 0.013274
2026-05-20 14:52: Train Epoch 82: 80/83 Loss: 0.164029
2026-05-20 14:52: **********Train Epoch 82: averaged Loss: 0.060913
2026-05-20 14:52: **********Val Epoch 82: average Loss: 0.194781
2026-05-20 14:52: Train Epoch 83: 0/83 Loss: 0.059203
2026-05-20 14:52: Train Epoch 83: 20/83 Loss: 0.126928
2026-05-20 14:52: Train Epoch 83: 40/83 Loss: 0.097456
2026-05-20 14:52: Train Epoch 83: 60/83 Loss: 0.008643
2026-05-20 14:52: Train Epoch 83: 80/83 Loss: 0.173323
2026-05-20 14:52: **********Train Epoch 83: averaged Loss: 0.060907
2026-05-20 14:52: **********Val Epoch 83: average Loss: 0.200774
2026-05-20 14:52: Train Epoch 84: 0/83 Loss: 0.070904
2026-05-20 14:52: Train Epoch 84: 20/83 Loss: 0.140636
2026-05-20 14:52: Train Epoch 84: 40/83 Loss: 0.113267
2026-05-20 14:52: Train Epoch 84: 60/83 Loss: 0.019775
2026-05-20 14:52: Train Epoch 84: 80/83 Loss: 0.162512
2026-05-20 14:52: **********Train Epoch 84: averaged Loss: 0.063757
2026-05-20 14:52: **********Val Epoch 84: average Loss: 0.208673
2026-05-20 14:52: Train Epoch 85: 0/83 Loss: 0.079196
2026-05-20 14:52: Train Epoch 85: 20/83 Loss: 0.135416
2026-05-20 14:52: Train Epoch 85: 40/83 Loss: 0.106544
2026-05-20 14:52: Train Epoch 85: 60/83 Loss: 0.008701
2026-05-20 14:52: Train Epoch 85: 80/83 Loss: 0.144514
2026-05-20 14:52: **********Train Epoch 85: averaged Loss: 0.060909
2026-05-20 14:52: **********Val Epoch 85: average Loss: 0.203874
2026-05-20 14:52: Train Epoch 86: 0/83 Loss: 0.055343
2026-05-20 14:52: Train Epoch 86: 20/83 Loss: 0.135794
2026-05-20 14:52: Train Epoch 86: 40/83 Loss: 0.116165
2026-05-20 14:52: Train Epoch 86: 60/83 Loss: 0.030824
2026-05-20 14:52: Train Epoch 86: 80/83 Loss: 0.139397
2026-05-20 14:52: **********Train Epoch 86: averaged Loss: 0.059989
2026-05-20 14:52: **********Val Epoch 86: average Loss: 0.189095
2026-05-20 14:52: Train Epoch 87: 0/83 Loss: 0.062908
2026-05-20 14:52: Train Epoch 87: 20/83 Loss: 0.115961
2026-05-20 14:52: Train Epoch 87: 40/83 Loss: 0.110954
2026-05-20 14:52: Train Epoch 87: 60/83 Loss: 0.034064
2026-05-20 14:52: Train Epoch 87: 80/83 Loss: 0.111641
2026-05-20 14:52: **********Train Epoch 87: averaged Loss: 0.056882
2026-05-20 14:52: **********Val Epoch 87: average Loss: 0.162932
2026-05-20 14:52: Train Epoch 88: 0/83 Loss: 0.021184
2026-05-20 14:52: Train Epoch 88: 20/83 Loss: 0.101405
2026-05-20 14:52: Train Epoch 88: 40/83 Loss: 0.104679
2026-05-20 14:52: Train Epoch 88: 60/83 Loss: 0.020933
2026-05-20 14:52: Train Epoch 88: 80/83 Loss: 0.097409
2026-05-20 14:52: **********Train Epoch 88: averaged Loss: 0.058036
2026-05-20 14:52: **********Val Epoch 88: average Loss: 0.158530
2026-05-20 14:52: Train Epoch 89: 0/83 Loss: 0.020429
2026-05-20 14:52: Train Epoch 89: 20/83 Loss: 0.107711
2026-05-20 14:52: Train Epoch 89: 40/83 Loss: 0.110306
2026-05-20 14:52: Train Epoch 89: 60/83 Loss: 0.041464
2026-05-20 14:52: Train Epoch 89: 80/83 Loss: 0.138207
2026-05-20 14:52: **********Train Epoch 89: averaged Loss: 0.061248
2026-05-20 14:52: **********Val Epoch 89: average Loss: 0.170445
2026-05-20 14:52: Train Epoch 90: 0/83 Loss: 0.041878
2026-05-20 14:52: Train Epoch 90: 20/83 Loss: 0.107361
2026-05-20 14:52: Train Epoch 90: 40/83 Loss: 0.110762
2026-05-20 14:52: Train Epoch 90: 60/83 Loss: 0.034546
2026-05-20 14:52: Train Epoch 90: 80/83 Loss: 0.116527
2026-05-20 14:52: **********Train Epoch 90: averaged Loss: 0.058544
2026-05-20 14:52: **********Val Epoch 90: average Loss: 0.183180
2026-05-20 14:52: Train Epoch 91: 0/83 Loss: 0.044465
2026-05-20 14:52: Train Epoch 91: 20/83 Loss: 0.121560
2026-05-20 14:52: Train Epoch 91: 40/83 Loss: 0.107177
2026-05-20 14:52: Train Epoch 91: 60/83 Loss: 0.014897
2026-05-20 14:52: Train Epoch 91: 80/83 Loss: 0.157241
2026-05-20 14:52: **********Train Epoch 91: averaged Loss: 0.061341
2026-05-20 14:52: **********Val Epoch 91: average Loss: 0.196258
2026-05-20 14:52: Train Epoch 92: 0/83 Loss: 0.057758
2026-05-20 14:52: Train Epoch 92: 20/83 Loss: 0.125633
2026-05-20 14:52: Train Epoch 92: 40/83 Loss: 0.110795
2026-05-20 14:52: Train Epoch 92: 60/83 Loss: 0.020545
2026-05-20 14:52: Train Epoch 92: 80/83 Loss: 0.155084
2026-05-20 14:52: **********Train Epoch 92: averaged Loss: 0.060217
2026-05-20 14:52: **********Val Epoch 92: average Loss: 0.203103
2026-05-20 14:52: Train Epoch 93: 0/83 Loss: 0.063349
2026-05-20 14:52: Train Epoch 93: 20/83 Loss: 0.114954
2026-05-20 14:52: Train Epoch 93: 40/83 Loss: 0.106123
2026-05-20 14:52: Train Epoch 93: 60/83 Loss: 0.030662
2026-05-20 14:52: Train Epoch 93: 80/83 Loss: 0.145309
2026-05-20 14:52: **********Train Epoch 93: averaged Loss: 0.059676
2026-05-20 14:52: **********Val Epoch 93: average Loss: 0.195814
2026-05-20 14:52: Train Epoch 94: 0/83 Loss: 0.060546
2026-05-20 14:53: Train Epoch 94: 20/83 Loss: 0.112930
2026-05-20 14:53: Train Epoch 94: 40/83 Loss: 0.114463
2026-05-20 14:53: Train Epoch 94: 60/83 Loss: 0.011314
2026-05-20 14:53: Train Epoch 94: 80/83 Loss: 0.160623
2026-05-20 14:53: **********Train Epoch 94: averaged Loss: 0.060377
2026-05-20 14:53: **********Val Epoch 94: average Loss: 0.207990
2026-05-20 14:53: Train Epoch 95: 0/83 Loss: 0.082879
2026-05-20 14:53: Train Epoch 95: 20/83 Loss: 0.136298
2026-05-20 14:53: Train Epoch 95: 40/83 Loss: 0.153256
2026-05-20 14:53: Train Epoch 95: 60/83 Loss: 0.015361
2026-05-20 14:53: Train Epoch 95: 80/83 Loss: 0.159553
2026-05-20 14:53: **********Train Epoch 95: averaged Loss: 0.062874
2026-05-20 14:53: **********Val Epoch 95: average Loss: 0.207729
2026-05-20 14:53: Train Epoch 96: 0/83 Loss: 0.083559
2026-05-20 14:53: Train Epoch 96: 20/83 Loss: 0.142677
2026-05-20 14:53: Train Epoch 96: 40/83 Loss: 0.111305
2026-05-20 14:53: Train Epoch 96: 60/83 Loss: 0.011718
2026-05-20 14:53: Train Epoch 96: 80/83 Loss: 0.160916
2026-05-20 14:53: **********Train Epoch 96: averaged Loss: 0.062210
2026-05-20 14:53: **********Val Epoch 96: average Loss: 0.202929
2026-05-20 14:53: Train Epoch 97: 0/83 Loss: 0.078130
2026-05-20 14:53: Train Epoch 97: 20/83 Loss: 0.137880
2026-05-20 14:53: Train Epoch 97: 40/83 Loss: 0.113341
2026-05-20 14:53: Train Epoch 97: 60/83 Loss: 0.019396
2026-05-20 14:53: Train Epoch 97: 80/83 Loss: 0.163237
2026-05-20 14:53: **********Train Epoch 97: averaged Loss: 0.060940
2026-05-20 14:53: **********Val Epoch 97: average Loss: 0.215394
2026-05-20 14:53: Train Epoch 98: 0/83 Loss: 0.076585
2026-05-20 14:53: Train Epoch 98: 20/83 Loss: 0.139238
2026-05-20 14:53: Train Epoch 98: 40/83 Loss: 0.111571
2026-05-20 14:53: Train Epoch 98: 60/83 Loss: 0.013259
2026-05-20 14:53: Train Epoch 98: 80/83 Loss: 0.137080
2026-05-20 14:53: **********Train Epoch 98: averaged Loss: 0.060573
2026-05-20 14:53: **********Val Epoch 98: average Loss: 0.204556
2026-05-20 14:53: Train Epoch 99: 0/83 Loss: 0.069873
2026-05-20 14:53: Train Epoch 99: 20/83 Loss: 0.140542
2026-05-20 14:53: Train Epoch 99: 40/83 Loss: 0.105767
2026-05-20 14:53: Train Epoch 99: 60/83 Loss: 0.019836
2026-05-20 14:53: Train Epoch 99: 80/83 Loss: 0.145707
2026-05-20 14:53: **********Train Epoch 99: averaged Loss: 0.060201
2026-05-20 14:53: **********Val Epoch 99: average Loss: 0.205072
2026-05-20 14:53: Train Epoch 100: 0/83 Loss: 0.059888
2026-05-20 14:53: Train Epoch 100: 20/83 Loss: 0.127969
2026-05-20 14:53: Train Epoch 100: 40/83 Loss: 0.117353
2026-05-20 14:53: Train Epoch 100: 60/83 Loss: 0.008171
2026-05-20 14:53: Train Epoch 100: 80/83 Loss: 0.157541
2026-05-20 14:53: **********Train Epoch 100: averaged Loss: 0.060746
2026-05-20 14:53: **********Val Epoch 100: average Loss: 0.207743
2026-05-20 14:53: Train Epoch 101: 0/83 Loss: 0.070765
2026-05-20 14:53: Train Epoch 101: 20/83 Loss: 0.100619
2026-05-20 14:53: Train Epoch 101: 40/83 Loss: 0.115555
2026-05-20 14:53: Train Epoch 101: 60/83 Loss: 0.018948
2026-05-20 14:53: Train Epoch 101: 80/83 Loss: 0.163332
2026-05-20 14:53: **********Train Epoch 101: averaged Loss: 0.058556
2026-05-20 14:53: **********Val Epoch 101: average Loss: 0.216309
2026-05-20 14:53: Train Epoch 102: 0/83 Loss: 0.082647
2026-05-20 14:53: Train Epoch 102: 20/83 Loss: 0.146560
2026-05-20 14:53: Train Epoch 102: 40/83 Loss: 0.104497
2026-05-20 14:53: Train Epoch 102: 60/83 Loss: 0.017831
2026-05-20 14:53: Train Epoch 102: 80/83 Loss: 0.156344
2026-05-20 14:53: **********Train Epoch 102: averaged Loss: 0.061601
2026-05-20 14:53: **********Val Epoch 102: average Loss: 0.204074
2026-05-20 14:53: Train Epoch 103: 0/83 Loss: 0.080569
2026-05-20 14:53: Train Epoch 103: 20/83 Loss: 0.109140
2026-05-20 14:53: Train Epoch 103: 40/83 Loss: 0.099390
2026-05-20 14:53: Train Epoch 103: 60/83 Loss: 0.016845
2026-05-20 14:53: Train Epoch 103: 80/83 Loss: 0.154203
2026-05-20 14:53: **********Train Epoch 103: averaged Loss: 0.056508
2026-05-20 14:53: **********Val Epoch 103: average Loss: 0.207863
2026-05-20 14:53: Train Epoch 104: 0/83 Loss: 0.065018
2026-05-20 14:53: Train Epoch 104: 20/83 Loss: 0.140910
2026-05-20 14:53: Train Epoch 104: 40/83 Loss: 0.103339
2026-05-20 14:53: Train Epoch 104: 60/83 Loss: 0.012633
2026-05-20 14:53: Train Epoch 104: 80/83 Loss: 0.122075
2026-05-20 14:53: **********Train Epoch 104: averaged Loss: 0.058685
2026-05-20 14:53: **********Val Epoch 104: average Loss: 0.166169
2026-05-20 14:53: Train Epoch 105: 0/83 Loss: 0.054127
2026-05-20 14:53: Train Epoch 105: 20/83 Loss: 0.089770
2026-05-20 14:53: Train Epoch 105: 40/83 Loss: 0.093977
2026-05-20 14:53: Train Epoch 105: 60/83 Loss: 0.031802
2026-05-20 14:53: Train Epoch 105: 80/83 Loss: 0.149452
2026-05-20 14:53: **********Train Epoch 105: averaged Loss: 0.057173
2026-05-20 14:53: **********Val Epoch 105: average Loss: 0.196041
2026-05-20 14:53: Train Epoch 106: 0/83 Loss: 0.058322
2026-05-20 14:53: Train Epoch 106: 20/83 Loss: 0.124814
2026-05-20 14:53: Train Epoch 106: 40/83 Loss: 0.082785
2026-05-20 14:53: Train Epoch 106: 60/83 Loss: 0.045078
2026-05-20 14:53: Train Epoch 106: 80/83 Loss: 0.148294
2026-05-20 14:53: **********Train Epoch 106: averaged Loss: 0.058165
2026-05-20 14:53: **********Val Epoch 106: average Loss: 0.181253
2026-05-20 14:53: Train Epoch 107: 0/83 Loss: 0.042880
2026-05-20 14:53: Train Epoch 107: 20/83 Loss: 0.124612
2026-05-20 14:53: Train Epoch 107: 40/83 Loss: 0.108111
2026-05-20 14:53: Train Epoch 107: 60/83 Loss: 0.017099
2026-05-20 14:53: Train Epoch 107: 80/83 Loss: 0.142016
2026-05-20 14:53: **********Train Epoch 107: averaged Loss: 0.058547
2026-05-20 14:53: **********Val Epoch 107: average Loss: 0.186276
2026-05-20 14:53: Train Epoch 108: 0/83 Loss: 0.050300
2026-05-20 14:53: Train Epoch 108: 20/83 Loss: 0.110552
2026-05-20 14:53: Train Epoch 108: 40/83 Loss: 0.107168
2026-05-20 14:53: Train Epoch 108: 60/83 Loss: 0.028123
2026-05-20 14:53: Train Epoch 108: 80/83 Loss: 0.124560
2026-05-20 14:53: **********Train Epoch 108: averaged Loss: 0.055129
2026-05-20 14:53: **********Val Epoch 108: average Loss: 0.175136
2026-05-20 14:53: Train Epoch 109: 0/83 Loss: 0.050492
2026-05-20 14:53: Train Epoch 109: 20/83 Loss: 0.094992
2026-05-20 14:54: Train Epoch 109: 40/83 Loss: 0.088999
2026-05-20 14:54: Train Epoch 109: 60/83 Loss: 0.039215
2026-05-20 14:54: Train Epoch 109: 80/83 Loss: 0.145134
2026-05-20 14:54: **********Train Epoch 109: averaged Loss: 0.058568
2026-05-20 14:54: **********Val Epoch 109: average Loss: 0.168220
2026-05-20 14:54: Train Epoch 110: 0/83 Loss: 0.055063
2026-05-20 14:54: Train Epoch 110: 20/83 Loss: 0.097328
2026-05-20 14:54: Train Epoch 110: 40/83 Loss: 0.107016
2026-05-20 14:54: Train Epoch 110: 60/83 Loss: 0.030804
2026-05-20 14:54: Train Epoch 110: 80/83 Loss: 0.111832
2026-05-20 14:54: **********Train Epoch 110: averaged Loss: 0.054302
2026-05-20 14:54: **********Val Epoch 110: average Loss: 0.163993
2026-05-20 14:54: Train Epoch 111: 0/83 Loss: 0.055796
2026-05-20 14:54: Train Epoch 111: 20/83 Loss: 0.107000
2026-05-20 14:54: Train Epoch 111: 40/83 Loss: 0.097607
2026-05-20 14:54: Train Epoch 111: 60/83 Loss: 0.035728
2026-05-20 14:54: Train Epoch 111: 80/83 Loss: 0.098561
2026-05-20 14:54: **********Train Epoch 111: averaged Loss: 0.053740
2026-05-20 14:54: **********Val Epoch 111: average Loss: 0.096373
2026-05-20 14:54: Train Epoch 112: 0/83 Loss: 0.013527
2026-05-20 14:54: Train Epoch 112: 20/83 Loss: 0.075937
2026-05-20 14:54: Train Epoch 112: 40/83 Loss: 0.093450
2026-05-20 14:54: Train Epoch 112: 60/83 Loss: 0.032971
2026-05-20 14:54: Train Epoch 112: 80/83 Loss: 0.131061
2026-05-20 14:54: **********Train Epoch 112: averaged Loss: 0.058472
2026-05-20 14:54: **********Val Epoch 112: average Loss: 0.160509
2026-05-20 14:54: Train Epoch 113: 0/83 Loss: 0.039719
2026-05-20 14:54: Train Epoch 113: 20/83 Loss: 0.099933
2026-05-20 14:54: Train Epoch 113: 40/83 Loss: 0.108451
2026-05-20 14:54: Train Epoch 113: 60/83 Loss: 0.021080
2026-05-20 14:54: Train Epoch 113: 80/83 Loss: 0.126904
2026-05-20 14:54: **********Train Epoch 113: averaged Loss: 0.058802
2026-05-20 14:54: **********Val Epoch 113: average Loss: 0.163923
2026-05-20 14:54: Train Epoch 114: 0/83 Loss: 0.031277
2026-05-20 14:54: Train Epoch 114: 20/83 Loss: 0.096744
2026-05-20 14:54: Train Epoch 114: 40/83 Loss: 0.095517
2026-05-20 14:54: Train Epoch 114: 60/83 Loss: 0.023286
2026-05-20 14:54: Train Epoch 114: 80/83 Loss: 0.127748
2026-05-20 14:54: **********Train Epoch 114: averaged Loss: 0.056352
2026-05-20 14:54: **********Val Epoch 114: average Loss: 0.161131
2026-05-20 14:54: Train Epoch 115: 0/83 Loss: 0.032640
2026-05-20 14:54: Train Epoch 115: 20/83 Loss: 0.074714
2026-05-20 14:54: Train Epoch 115: 40/83 Loss: 0.113742
2026-05-20 14:54: Train Epoch 115: 60/83 Loss: 0.015682
2026-05-20 14:54: Train Epoch 115: 80/83 Loss: 0.135045
2026-05-20 14:54: **********Train Epoch 115: averaged Loss: 0.054992
2026-05-20 14:54: **********Val Epoch 115: average Loss: 0.175144
2026-05-20 14:54: Train Epoch 116: 0/83 Loss: 0.066700
2026-05-20 14:54: Train Epoch 116: 20/83 Loss: 0.089125
2026-05-20 14:54: Train Epoch 116: 40/83 Loss: 0.094780
2026-05-20 14:54: Train Epoch 116: 60/83 Loss: 0.009376
2026-05-20 14:54: Train Epoch 116: 80/83 Loss: 0.123463
2026-05-20 14:54: **********Train Epoch 116: averaged Loss: 0.052537
2026-05-20 14:54: **********Val Epoch 116: average Loss: 0.150288
2026-05-20 14:54: Train Epoch 117: 0/83 Loss: 0.049375
2026-05-20 14:54: Train Epoch 117: 20/83 Loss: 0.081913
2026-05-20 14:54: Train Epoch 117: 40/83 Loss: 0.129037
2026-05-20 14:54: Train Epoch 117: 60/83 Loss: 0.018857
2026-05-20 14:54: Train Epoch 117: 80/83 Loss: 0.142518
2026-05-20 14:54: **********Train Epoch 117: averaged Loss: 0.055233
2026-05-20 14:54: **********Val Epoch 117: average Loss: 0.187233
2026-05-20 14:54: Train Epoch 118: 0/83 Loss: 0.071303
2026-05-20 14:54: Train Epoch 118: 20/83 Loss: 0.127598
2026-05-20 14:54: Train Epoch 118: 40/83 Loss: 0.086625
2026-05-20 14:54: Train Epoch 118: 60/83 Loss: 0.011545
2026-05-20 14:54: Train Epoch 118: 80/83 Loss: 0.099756
2026-05-20 14:54: **********Train Epoch 118: averaged Loss: 0.051920
2026-05-20 14:54: **********Val Epoch 118: average Loss: 0.131174
2026-05-20 14:54: Train Epoch 119: 0/83 Loss: 0.024211
2026-05-20 14:54: Train Epoch 119: 20/83 Loss: 0.069867
2026-05-20 14:54: Train Epoch 119: 40/83 Loss: 0.106129
2026-05-20 14:54: Train Epoch 119: 60/83 Loss: 0.013449
2026-05-20 14:54: Train Epoch 119: 80/83 Loss: 0.147704
2026-05-20 14:54: **********Train Epoch 119: averaged Loss: 0.056654
2026-05-20 14:54: **********Val Epoch 119: average Loss: 0.208054
2026-05-20 14:54: Train Epoch 120: 0/83 Loss: 0.082193
2026-05-20 14:54: Train Epoch 120: 20/83 Loss: 0.128599
2026-05-20 14:54: Train Epoch 120: 40/83 Loss: 0.106622
2026-05-20 14:54: Train Epoch 120: 60/83 Loss: 0.012088
2026-05-20 14:54: Train Epoch 120: 80/83 Loss: 0.088438
2026-05-20 14:54: **********Train Epoch 120: averaged Loss: 0.050533
2026-05-20 14:54: **********Val Epoch 120: average Loss: 0.105563
2026-05-20 14:54: Train Epoch 121: 0/83 Loss: 0.019800
2026-05-20 14:54: Train Epoch 121: 20/83 Loss: 0.069288
2026-05-20 14:54: Train Epoch 121: 40/83 Loss: 0.104282
2026-05-20 14:54: Train Epoch 121: 60/83 Loss: 0.011503
2026-05-20 14:54: Train Epoch 121: 80/83 Loss: 0.153838
2026-05-20 14:54: **********Train Epoch 121: averaged Loss: 0.060228
2026-05-20 14:54: **********Val Epoch 121: average Loss: 0.210788
2026-05-20 14:54: Train Epoch 122: 0/83 Loss: 0.081156
2026-05-20 14:54: Train Epoch 122: 20/83 Loss: 0.136511
2026-05-20 14:54: Train Epoch 122: 40/83 Loss: 0.097579
2026-05-20 14:54: Train Epoch 122: 60/83 Loss: 0.012765
2026-05-20 14:54: Train Epoch 122: 80/83 Loss: 0.114099
2026-05-20 14:54: **********Train Epoch 122: averaged Loss: 0.055130
2026-05-20 14:54: **********Val Epoch 122: average Loss: 0.160109
2026-05-20 14:54: Train Epoch 123: 0/83 Loss: 0.060323
2026-05-20 14:54: Train Epoch 123: 20/83 Loss: 0.080511
2026-05-20 14:54: Train Epoch 123: 40/83 Loss: 0.081675
2026-05-20 14:54: Train Epoch 123: 60/83 Loss: 0.015248
2026-05-20 14:54: Train Epoch 123: 80/83 Loss: 0.104894
2026-05-20 14:54: **********Train Epoch 123: averaged Loss: 0.047714
2026-05-20 14:54: **********Val Epoch 123: average Loss: 0.141793
2026-05-20 14:54: Train Epoch 124: 0/83 Loss: 0.047208
2026-05-20 14:54: Train Epoch 124: 20/83 Loss: 0.086297
2026-05-20 14:54: Train Epoch 124: 40/83 Loss: 0.095528
2026-05-20 14:54: Train Epoch 124: 60/83 Loss: 0.010247
2026-05-20 14:54: Train Epoch 124: 80/83 Loss: 0.096425
2026-05-20 14:54: **********Train Epoch 124: averaged Loss: 0.050318
2026-05-20 14:54: **********Val Epoch 124: average Loss: 0.136321
2026-05-20 14:54: Train Epoch 125: 0/83 Loss: 0.052357
2026-05-20 14:54: Train Epoch 125: 20/83 Loss: 0.083060
2026-05-20 14:54: Train Epoch 125: 40/83 Loss: 0.100287
2026-05-20 14:55: Train Epoch 125: 60/83 Loss: 0.010306
2026-05-20 14:55: Train Epoch 125: 80/83 Loss: 0.096072
2026-05-20 14:55: **********Train Epoch 125: averaged Loss: 0.049353
2026-05-20 14:55: **********Val Epoch 125: average Loss: 0.132907
2026-05-20 14:55: Train Epoch 126: 0/83 Loss: 0.054350
2026-05-20 14:55: Train Epoch 126: 20/83 Loss: 0.069593
2026-05-20 14:55: Train Epoch 126: 40/83 Loss: 0.095062
2026-05-20 14:55: Train Epoch 126: 60/83 Loss: 0.013293
2026-05-20 14:55: Train Epoch 126: 80/83 Loss: 0.059648
2026-05-20 14:55: **********Train Epoch 126: averaged Loss: 0.044261
2026-05-20 14:55: **********Val Epoch 126: average Loss: 0.065382
2026-05-20 14:55: *********************************Current best model saved!
2026-05-20 14:55: Train Epoch 127: 0/83 Loss: 0.031854
2026-05-20 14:55: Train Epoch 127: 20/83 Loss: 0.073200
2026-05-20 14:55: Train Epoch 127: 40/83 Loss: 0.116692
2026-05-20 14:55: Train Epoch 127: 60/83 Loss: 0.013185
2026-05-20 14:55: Train Epoch 127: 80/83 Loss: 0.127385
2026-05-20 14:55: **********Train Epoch 127: averaged Loss: 0.052109
2026-05-20 14:55: **********Val Epoch 127: average Loss: 0.157690
2026-05-20 14:55: Train Epoch 128: 0/83 Loss: 0.079527
2026-05-20 14:55: Train Epoch 128: 20/83 Loss: 0.104036
2026-05-20 14:55: Train Epoch 128: 40/83 Loss: 0.063425
2026-05-20 14:55: Train Epoch 128: 60/83 Loss: 0.021304
2026-05-20 14:55: Train Epoch 128: 80/83 Loss: 0.035553
2026-05-20 14:55: **********Train Epoch 128: averaged Loss: 0.038834
2026-05-20 14:55: **********Val Epoch 128: average Loss: 0.054729
2026-05-20 14:55: *********************************Current best model saved!
2026-05-20 14:55: Train Epoch 129: 0/83 Loss: 0.024476
2026-05-20 14:55: Train Epoch 129: 20/83 Loss: 0.049843
2026-05-20 14:55: Train Epoch 129: 40/83 Loss: 0.107206
2026-05-20 14:55: Train Epoch 129: 60/83 Loss: 0.009996
2026-05-20 14:55: Train Epoch 129: 80/83 Loss: 0.103606
2026-05-20 14:55: **********Train Epoch 129: averaged Loss: 0.048532
2026-05-20 14:55: **********Val Epoch 129: average Loss: 0.131773
2026-05-20 14:55: Train Epoch 130: 0/83 Loss: 0.045290
2026-05-20 14:55: Train Epoch 130: 20/83 Loss: 0.087348
2026-05-20 14:55: Train Epoch 130: 40/83 Loss: 0.081657
2026-05-20 14:55: Train Epoch 130: 60/83 Loss: 0.014127
2026-05-20 14:55: Train Epoch 130: 80/83 Loss: 0.032698
2026-05-20 14:55: **********Train Epoch 130: averaged Loss: 0.042533
2026-05-20 14:55: **********Val Epoch 130: average Loss: 0.035841
2026-05-20 14:55: *********************************Current best model saved!
2026-05-20 14:55: Train Epoch 131: 0/83 Loss: 0.028494
2026-05-20 14:55: Train Epoch 131: 20/83 Loss: 0.057975
2026-05-20 14:55: Train Epoch 131: 40/83 Loss: 0.113726
2026-05-20 14:55: Train Epoch 131: 60/83 Loss: 0.011749
2026-05-20 14:55: Train Epoch 131: 80/83 Loss: 0.097754
2026-05-20 14:55: **********Train Epoch 131: averaged Loss: 0.054995
2026-05-20 14:55: **********Val Epoch 131: average Loss: 0.120539
2026-05-20 14:55: Train Epoch 132: 0/83 Loss: 0.034105
2026-05-20 14:55: Train Epoch 132: 20/83 Loss: 0.063270
2026-05-20 14:55: Train Epoch 132: 40/83 Loss: 0.073912
2026-05-20 14:55: Train Epoch 132: 60/83 Loss: 0.021468
2026-05-20 14:55: Train Epoch 132: 80/83 Loss: 0.022801
2026-05-20 14:55: **********Train Epoch 132: averaged Loss: 0.042421
2026-05-20 14:55: **********Val Epoch 132: average Loss: 0.038689
2026-05-20 14:55: Train Epoch 133: 0/83 Loss: 0.029408
2026-05-20 14:55: Train Epoch 133: 20/83 Loss: 0.055633
2026-05-20 14:55: Train Epoch 133: 40/83 Loss: 0.111825
2026-05-20 14:55: Train Epoch 133: 60/83 Loss: 0.016503
2026-05-20 14:55: Train Epoch 133: 80/83 Loss: 0.101979
2026-05-20 14:55: **********Train Epoch 133: averaged Loss: 0.048718
2026-05-20 14:55: **********Val Epoch 133: average Loss: 0.127497
2026-05-20 14:55: Train Epoch 134: 0/83 Loss: 0.052580
2026-05-20 14:55: Train Epoch 134: 20/83 Loss: 0.066779
2026-05-20 14:55: Train Epoch 134: 40/83 Loss: 0.075363
2026-05-20 14:55: Train Epoch 134: 60/83 Loss: 0.022702
2026-05-20 14:55: Train Epoch 134: 80/83 Loss: 0.021986
2026-05-20 14:55: **********Train Epoch 134: averaged Loss: 0.037712
2026-05-20 14:55: **********Val Epoch 134: average Loss: 0.047546
2026-05-20 14:55: Train Epoch 135: 0/83 Loss: 0.023285
2026-05-20 14:55: Train Epoch 135: 20/83 Loss: 0.057130
2026-05-20 14:55: Train Epoch 135: 40/83 Loss: 0.112878
2026-05-20 14:55: Train Epoch 135: 60/83 Loss: 0.012068
2026-05-20 14:55: Train Epoch 135: 80/83 Loss: 0.071737
2026-05-20 14:55: **********Train Epoch 135: averaged Loss: 0.045128
2026-05-20 14:55: **********Val Epoch 135: average Loss: 0.090776
2026-05-20 14:55: Train Epoch 136: 0/83 Loss: 0.042564
2026-05-20 14:55: Train Epoch 136: 20/83 Loss: 0.062474
2026-05-20 14:55: Train Epoch 136: 40/83 Loss: 0.073091
2026-05-20 14:55: Train Epoch 136: 60/83 Loss: 0.019381
2026-05-20 14:55: Train Epoch 136: 80/83 Loss: 0.026701
2026-05-20 14:55: **********Train Epoch 136: averaged Loss: 0.039683
2026-05-20 14:55: **********Val Epoch 136: average Loss: 0.036890
2026-05-20 14:55: Train Epoch 137: 0/83 Loss: 0.024215
2026-05-20 14:55: Train Epoch 137: 20/83 Loss: 0.064858
2026-05-20 14:55: Train Epoch 137: 40/83 Loss: 0.110918
2026-05-20 14:55: Train Epoch 137: 60/83 Loss: 0.018164
2026-05-20 14:55: Train Epoch 137: 80/83 Loss: 0.093843
2026-05-20 14:55: **********Train Epoch 137: averaged Loss: 0.048213
2026-05-20 14:55: **********Val Epoch 137: average Loss: 0.116067
2026-05-20 14:55: Train Epoch 138: 0/83 Loss: 0.051847
2026-05-20 14:55: Train Epoch 138: 20/83 Loss: 0.076785
2026-05-20 14:55: Train Epoch 138: 40/83 Loss: 0.077222
2026-05-20 14:55: Train Epoch 138: 60/83 Loss: 0.018444
2026-05-20 14:55: Train Epoch 138: 80/83 Loss: 0.021850
2026-05-20 14:55: **********Train Epoch 138: averaged Loss: 0.037690
2026-05-20 14:55: **********Val Epoch 138: average Loss: 0.044692
2026-05-20 14:55: Train Epoch 139: 0/83 Loss: 0.019424
2026-05-20 14:55: Train Epoch 139: 20/83 Loss: 0.061649
2026-05-20 14:55: Train Epoch 139: 40/83 Loss: 0.106091
2026-05-20 14:55: Train Epoch 139: 60/83 Loss: 0.018685
2026-05-20 14:55: Train Epoch 139: 80/83 Loss: 0.062007
2026-05-20 14:55: **********Train Epoch 139: averaged Loss: 0.042487
2026-05-20 14:55: **********Val Epoch 139: average Loss: 0.088439
2026-05-20 14:55: Train Epoch 140: 0/83 Loss: 0.027315
2026-05-20 14:55: Train Epoch 140: 20/83 Loss: 0.069786
2026-05-20 14:55: Train Epoch 140: 40/83 Loss: 0.080085
2026-05-20 14:55: Train Epoch 140: 60/83 Loss: 0.019709
2026-05-20 14:55: Train Epoch 140: 80/83 Loss: 0.056958
2026-05-20 14:55: **********Train Epoch 140: averaged Loss: 0.043811
2026-05-20 14:55: **********Val Epoch 140: average Loss: 0.049300
2026-05-20 14:55: Train Epoch 141: 0/83 Loss: 0.022085
2026-05-20 14:55: Train Epoch 141: 20/83 Loss: 0.032962
2026-05-20 14:55: Train Epoch 141: 40/83 Loss: 0.082372
2026-05-20 14:55: Train Epoch 141: 60/83 Loss: 0.012066
2026-05-20 14:56: Train Epoch 141: 80/83 Loss: 0.050320
2026-05-20 14:56: **********Train Epoch 141: averaged Loss: 0.039782
2026-05-20 14:56: **********Val Epoch 141: average Loss: 0.049877
2026-05-20 14:56: Train Epoch 142: 0/83 Loss: 0.022851
2026-05-20 14:56: Train Epoch 142: 20/83 Loss: 0.061667
2026-05-20 14:56: Train Epoch 142: 40/83 Loss: 0.083825
2026-05-20 14:56: Train Epoch 142: 60/83 Loss: 0.020433
2026-05-20 14:56: Train Epoch 142: 80/83 Loss: 0.058163
2026-05-20 14:56: **********Train Epoch 142: averaged Loss: 0.041281
2026-05-20 14:56: **********Val Epoch 142: average Loss: 0.042299
2026-05-20 14:56: Train Epoch 143: 0/83 Loss: 0.026231
2026-05-20 14:56: Train Epoch 143: 20/83 Loss: 0.046913
2026-05-20 14:56: Train Epoch 143: 40/83 Loss: 0.077759
2026-05-20 14:56: Train Epoch 143: 60/83 Loss: 0.019368
2026-05-20 14:56: Train Epoch 143: 80/83 Loss: 0.049924
2026-05-20 14:56: **********Train Epoch 143: averaged Loss: 0.039910
2026-05-20 14:56: **********Val Epoch 143: average Loss: 0.046318
2026-05-20 14:56: Train Epoch 144: 0/83 Loss: 0.030797
2026-05-20 14:56: Train Epoch 144: 20/83 Loss: 0.054949
2026-05-20 14:56: Train Epoch 144: 40/83 Loss: 0.095533
2026-05-20 14:56: Train Epoch 144: 60/83 Loss: 0.028010
2026-05-20 14:56: Train Epoch 144: 80/83 Loss: 0.055542
2026-05-20 14:56: **********Train Epoch 144: averaged Loss: 0.040036
2026-05-20 14:56: **********Val Epoch 144: average Loss: 0.063812
2026-05-20 14:56: Train Epoch 145: 0/83 Loss: 0.027871
2026-05-20 14:56: Train Epoch 145: 20/83 Loss: 0.044552
2026-05-20 14:56: Train Epoch 145: 40/83 Loss: 0.074282
2026-05-20 14:56: Train Epoch 145: 60/83 Loss: 0.018612
2026-05-20 14:56: Train Epoch 145: 80/83 Loss: 0.031094
2026-05-20 14:56: **********Train Epoch 145: averaged Loss: 0.038757
2026-05-20 14:56: **********Val Epoch 145: average Loss: 0.048280
2026-05-20 14:56: Train Epoch 146: 0/83 Loss: 0.024302
2026-05-20 14:56: Train Epoch 146: 20/83 Loss: 0.064463
2026-05-20 14:56: Train Epoch 146: 40/83 Loss: 0.090751
2026-05-20 14:56: Train Epoch 146: 60/83 Loss: 0.018640
2026-05-20 14:56: Train Epoch 146: 80/83 Loss: 0.069506
2026-05-20 14:56: **********Train Epoch 146: averaged Loss: 0.038496
2026-05-20 14:56: **********Val Epoch 146: average Loss: 0.095911
2026-05-20 14:56: Train Epoch 147: 0/83 Loss: 0.025691
2026-05-20 14:56: Train Epoch 147: 20/83 Loss: 0.057437
2026-05-20 14:56: Train Epoch 147: 40/83 Loss: 0.054199
2026-05-20 14:56: Train Epoch 147: 60/83 Loss: 0.020544
2026-05-20 14:56: Train Epoch 147: 80/83 Loss: 0.030320
2026-05-20 14:56: **********Train Epoch 147: averaged Loss: 0.038067
2026-05-20 14:56: **********Val Epoch 147: average Loss: 0.041669
2026-05-20 14:56: Train Epoch 148: 0/83 Loss: 0.024171
2026-05-20 14:56: Train Epoch 148: 20/83 Loss: 0.046524
2026-05-20 14:56: Train Epoch 148: 40/83 Loss: 0.069788
2026-05-20 14:56: Train Epoch 148: 60/83 Loss: 0.018239
2026-05-20 14:56: Train Epoch 148: 80/83 Loss: 0.024181
2026-05-20 14:56: **********Train Epoch 148: averaged Loss: 0.037187
2026-05-20 14:56: **********Val Epoch 148: average Loss: 0.036806
2026-05-20 14:56: Train Epoch 149: 0/83 Loss: 0.019397
2026-05-20 14:56: Train Epoch 149: 20/83 Loss: 0.050189
2026-05-20 14:56: Train Epoch 149: 40/83 Loss: 0.090515
2026-05-20 14:56: Train Epoch 149: 60/83 Loss: 0.024447
2026-05-20 14:56: Train Epoch 149: 80/83 Loss: 0.056326
2026-05-20 14:56: **********Train Epoch 149: averaged Loss: 0.040939
2026-05-20 14:56: **********Val Epoch 149: average Loss: 0.074729
2026-05-20 14:56: Train Epoch 150: 0/83 Loss: 0.035603
2026-05-20 14:56: Train Epoch 150: 20/83 Loss: 0.041224
2026-05-20 14:56: Train Epoch 150: 40/83 Loss: 0.071865
2026-05-20 14:56: Train Epoch 150: 60/83 Loss: 0.019660
2026-05-20 14:56: Train Epoch 150: 80/83 Loss: 0.022054
2026-05-20 14:56: **********Train Epoch 150: averaged Loss: 0.035816
2026-05-20 14:56: **********Val Epoch 150: average Loss: 0.030508
2026-05-20 14:56: *********************************Current best model saved!
2026-05-20 14:56: Train Epoch 151: 0/83 Loss: 0.018514
2026-05-20 14:56: Train Epoch 151: 20/83 Loss: 0.043360
2026-05-20 14:56: Train Epoch 151: 40/83 Loss: 0.097356
2026-05-20 14:56: Train Epoch 151: 60/83 Loss: 0.018631
2026-05-20 14:56: Train Epoch 151: 80/83 Loss: 0.023713
2026-05-20 14:56: **********Train Epoch 151: averaged Loss: 0.035381
2026-05-20 14:56: **********Val Epoch 151: average Loss: 0.037576
2026-05-20 14:56: Train Epoch 152: 0/83 Loss: 0.016219
2026-05-20 14:56: Train Epoch 152: 20/83 Loss: 0.042155
2026-05-20 14:56: Train Epoch 152: 40/83 Loss: 0.088543
2026-05-20 14:56: Train Epoch 152: 60/83 Loss: 0.016825
2026-05-20 14:56: Train Epoch 152: 80/83 Loss: 0.044967
2026-05-20 14:56: **********Train Epoch 152: averaged Loss: 0.037439
2026-05-20 14:56: **********Val Epoch 152: average Loss: 0.042041
2026-05-20 14:56: Train Epoch 153: 0/83 Loss: 0.023206
2026-05-20 14:56: Train Epoch 153: 20/83 Loss: 0.034231
2026-05-20 14:56: Train Epoch 153: 40/83 Loss: 0.060391
2026-05-20 14:56: Train Epoch 153: 60/83 Loss: 0.025357
2026-05-20 14:56: Train Epoch 153: 80/83 Loss: 0.021766
2026-05-20 14:56: **********Train Epoch 153: averaged Loss: 0.037315
2026-05-20 14:56: **********Val Epoch 153: average Loss: 0.036507
2026-05-20 14:56: Train Epoch 154: 0/83 Loss: 0.015567
2026-05-20 14:56: Train Epoch 154: 20/83 Loss: 0.047067
2026-05-20 14:56: Train Epoch 154: 40/83 Loss: 0.085788
2026-05-20 14:56: Train Epoch 154: 60/83 Loss: 0.022186
2026-05-20 14:56: Train Epoch 154: 80/83 Loss: 0.022155
2026-05-20 14:56: **********Train Epoch 154: averaged Loss: 0.033121
2026-05-20 14:56: **********Val Epoch 154: average Loss: 0.028310
2026-05-20 14:56: *********************************Current best model saved!
2026-05-20 14:56: Train Epoch 155: 0/83 Loss: 0.020494
2026-05-20 14:56: Train Epoch 155: 20/83 Loss: 0.040579
2026-05-20 14:56: Train Epoch 155: 40/83 Loss: 0.082125
2026-05-20 14:56: Train Epoch 155: 60/83 Loss: 0.014883
2026-05-20 14:56: Train Epoch 155: 80/83 Loss: 0.018544
2026-05-20 14:56: **********Train Epoch 155: averaged Loss: 0.035220
2026-05-20 14:56: **********Val Epoch 155: average Loss: 0.033947
2026-05-20 14:56: Train Epoch 156: 0/83 Loss: 0.017978
2026-05-20 14:56: Train Epoch 156: 20/83 Loss: 0.038738
2026-05-20 14:56: Train Epoch 156: 40/83 Loss: 0.075017
2026-05-20 14:56: Train Epoch 156: 60/83 Loss: 0.024563
2026-05-20 14:56: Train Epoch 156: 80/83 Loss: 0.019903
2026-05-20 14:56: **********Train Epoch 156: averaged Loss: 0.034689
2026-05-20 14:56: **********Val Epoch 156: average Loss: 0.030591
2026-05-20 14:56: Train Epoch 157: 0/83 Loss: 0.023495
2026-05-20 14:56: Train Epoch 157: 20/83 Loss: 0.021961
2026-05-20 14:56: Train Epoch 157: 40/83 Loss: 0.075520
2026-05-20 14:56: Train Epoch 157: 60/83 Loss: 0.035262
2026-05-20 14:56: Train Epoch 157: 80/83 Loss: 0.016409
2026-05-20 14:56: **********Train Epoch 157: averaged Loss: 0.034584
2026-05-20 14:56: **********Val Epoch 157: average Loss: 0.033504
2026-05-20 14:56: Train Epoch 158: 0/83 Loss: 0.014282
2026-05-20 14:56: Train Epoch 158: 20/83 Loss: 0.040441
2026-05-20 14:56: Train Epoch 158: 40/83 Loss: 0.095700
2026-05-20 14:56: Train Epoch 158: 60/83 Loss: 0.014966
2026-05-20 14:56: Train Epoch 158: 80/83 Loss: 0.076947
2026-05-20 14:56: **********Train Epoch 158: averaged Loss: 0.040228
2026-05-20 14:56: **********Val Epoch 158: average Loss: 0.085813
2026-05-20 14:56: Train Epoch 159: 0/83 Loss: 0.033365
2026-05-20 14:56: Train Epoch 159: 20/83 Loss: 0.035330
2026-05-20 14:56: Train Epoch 159: 40/83 Loss: 0.058540
2026-05-20 14:57: Train Epoch 159: 60/83 Loss: 0.019379
2026-05-20 14:57: Train Epoch 159: 80/83 Loss: 0.017780
2026-05-20 14:57: **********Train Epoch 159: averaged Loss: 0.035508
2026-05-20 14:57: **********Val Epoch 159: average Loss: 0.037422
2026-05-20 14:57: Train Epoch 160: 0/83 Loss: 0.017654
2026-05-20 14:57: Train Epoch 160: 20/83 Loss: 0.045589
2026-05-20 14:57: Train Epoch 160: 40/83 Loss: 0.093451
2026-05-20 14:57: Train Epoch 160: 60/83 Loss: 0.017531
2026-05-20 14:57: Train Epoch 160: 80/83 Loss: 0.061295
2026-05-20 14:57: **********Train Epoch 160: averaged Loss: 0.036018
2026-05-20 14:57: **********Val Epoch 160: average Loss: 0.063596
2026-05-20 14:57: Train Epoch 161: 0/83 Loss: 0.017255
2026-05-20 14:57: Train Epoch 161: 20/83 Loss: 0.031930
2026-05-20 14:57: Train Epoch 161: 40/83 Loss: 0.060251
2026-05-20 14:57: Train Epoch 161: 60/83 Loss: 0.019901
2026-05-20 14:57: Train Epoch 161: 80/83 Loss: 0.015172
2026-05-20 14:57: **********Train Epoch 161: averaged Loss: 0.032916
2026-05-20 14:57: **********Val Epoch 161: average Loss: 0.047237
2026-05-20 14:57: Train Epoch 162: 0/83 Loss: 0.018383
2026-05-20 14:57: Train Epoch 162: 20/83 Loss: 0.046929
2026-05-20 14:57: Train Epoch 162: 40/83 Loss: 0.079988
2026-05-20 14:57: Train Epoch 162: 60/83 Loss: 0.015828
2026-05-20 14:57: Train Epoch 162: 80/83 Loss: 0.033111
2026-05-20 14:57: **********Train Epoch 162: averaged Loss: 0.032999
2026-05-20 14:57: **********Val Epoch 162: average Loss: 0.033604
2026-05-20 14:57: Train Epoch 163: 0/83 Loss: 0.016692
2026-05-20 14:57: Train Epoch 163: 20/83 Loss: 0.038756
2026-05-20 14:57: Train Epoch 163: 40/83 Loss: 0.066023
2026-05-20 14:57: Train Epoch 163: 60/83 Loss: 0.016566
2026-05-20 14:57: Train Epoch 163: 80/83 Loss: 0.019872
2026-05-20 14:57: **********Train Epoch 163: averaged Loss: 0.037557
2026-05-20 14:57: **********Val Epoch 163: average Loss: 0.039130
2026-05-20 14:57: Train Epoch 164: 0/83 Loss: 0.016268
2026-05-20 14:57: Train Epoch 164: 20/83 Loss: 0.038520
2026-05-20 14:57: Train Epoch 164: 40/83 Loss: 0.076848
2026-05-20 14:57: Train Epoch 164: 60/83 Loss: 0.015321
2026-05-20 14:57: Train Epoch 164: 80/83 Loss: 0.045815
2026-05-20 14:57: **********Train Epoch 164: averaged Loss: 0.034059
2026-05-20 14:57: **********Val Epoch 164: average Loss: 0.043822
2026-05-20 14:57: Train Epoch 165: 0/83 Loss: 0.014723
2026-05-20 14:57: Train Epoch 165: 20/83 Loss: 0.050167
2026-05-20 14:57: Train Epoch 165: 40/83 Loss: 0.066385
2026-05-20 14:57: Train Epoch 165: 60/83 Loss: 0.014820
2026-05-20 14:57: Train Epoch 165: 80/83 Loss: 0.016337
2026-05-20 14:57: **********Train Epoch 165: averaged Loss: 0.037747
2026-05-20 14:57: **********Val Epoch 165: average Loss: 0.043045
2026-05-20 14:57: Train Epoch 166: 0/83 Loss: 0.015640
2026-05-20 14:57: Train Epoch 166: 20/83 Loss: 0.028812
2026-05-20 14:57: Train Epoch 166: 40/83 Loss: 0.079894
2026-05-20 14:57: Train Epoch 166: 60/83 Loss: 0.019782
2026-05-20 14:57: Train Epoch 166: 80/83 Loss: 0.041309
2026-05-20 14:57: **********Train Epoch 166: averaged Loss: 0.034047
2026-05-20 14:57: **********Val Epoch 166: average Loss: 0.038798
2026-05-20 14:57: Train Epoch 167: 0/83 Loss: 0.018935
2026-05-20 14:57: Train Epoch 167: 20/83 Loss: 0.023534
2026-05-20 14:57: Train Epoch 167: 40/83 Loss: 0.072221
2026-05-20 14:57: Train Epoch 167: 60/83 Loss: 0.013805
2026-05-20 14:57: Train Epoch 167: 80/83 Loss: 0.014931
2026-05-20 14:57: **********Train Epoch 167: averaged Loss: 0.031357
2026-05-20 14:57: **********Val Epoch 167: average Loss: 0.045699
2026-05-20 14:57: Train Epoch 168: 0/83 Loss: 0.015136
2026-05-20 14:57: Train Epoch 168: 20/83 Loss: 0.037997
2026-05-20 14:57: Train Epoch 168: 40/83 Loss: 0.083503
2026-05-20 14:57: Train Epoch 168: 60/83 Loss: 0.019953
2026-05-20 14:57: Train Epoch 168: 80/83 Loss: 0.032911
2026-05-20 14:57: **********Train Epoch 168: averaged Loss: 0.032625
2026-05-20 14:57: **********Val Epoch 168: average Loss: 0.049099
2026-05-20 14:57: Train Epoch 169: 0/83 Loss: 0.015663
2026-05-20 14:57: Train Epoch 169: 20/83 Loss: 0.026568
2026-05-20 14:57: Train Epoch 169: 40/83 Loss: 0.077234
2026-05-20 14:57: Train Epoch 169: 60/83 Loss: 0.017206
2026-05-20 14:57: Train Epoch 169: 80/83 Loss: 0.023558
2026-05-20 14:57: **********Train Epoch 169: averaged Loss: 0.035270
2026-05-20 14:57: **********Val Epoch 169: average Loss: 0.043045
2026-05-20 14:57: Train Epoch 170: 0/83 Loss: 0.016305
2026-05-20 14:57: Train Epoch 170: 20/83 Loss: 0.035194
2026-05-20 14:57: Train Epoch 170: 40/83 Loss: 0.080828
2026-05-20 14:57: Train Epoch 170: 60/83 Loss: 0.023758
2026-05-20 14:57: Train Epoch 170: 80/83 Loss: 0.049419
2026-05-20 14:57: **********Train Epoch 170: averaged Loss: 0.033753
2026-05-20 14:57: **********Val Epoch 170: average Loss: 0.067040
2026-05-20 14:57: Train Epoch 171: 0/83 Loss: 0.019142
2026-05-20 14:57: Train Epoch 171: 20/83 Loss: 0.024293
2026-05-20 14:57: Train Epoch 171: 40/83 Loss: 0.060143
2026-05-20 14:57: Train Epoch 171: 60/83 Loss: 0.017155
2026-05-20 14:57: Train Epoch 171: 80/83 Loss: 0.020430
2026-05-20 14:57: **********Train Epoch 171: averaged Loss: 0.033116
2026-05-20 14:57: **********Val Epoch 171: average Loss: 0.035777
2026-05-20 14:57: Train Epoch 172: 0/83 Loss: 0.017664
2026-05-20 14:57: Train Epoch 172: 20/83 Loss: 0.023252
2026-05-20 14:57: Train Epoch 172: 40/83 Loss: 0.065656
2026-05-20 14:57: Train Epoch 172: 60/83 Loss: 0.017949
2026-05-20 14:57: Train Epoch 172: 80/83 Loss: 0.019442
2026-05-20 14:57: **********Train Epoch 172: averaged Loss: 0.032934
2026-05-20 14:57: **********Val Epoch 172: average Loss: 0.041136
2026-05-20 14:57: Train Epoch 173: 0/83 Loss: 0.024737
2026-05-20 14:57: Train Epoch 173: 20/83 Loss: 0.044695
2026-05-20 14:57: Train Epoch 173: 40/83 Loss: 0.077988
2026-05-20 14:57: Train Epoch 173: 60/83 Loss: 0.025581
2026-05-20 14:57: Train Epoch 173: 80/83 Loss: 0.047741
2026-05-20 14:57: **********Train Epoch 173: averaged Loss: 0.034653
2026-05-20 14:57: **********Val Epoch 173: average Loss: 0.043911
2026-05-20 14:57: Train Epoch 174: 0/83 Loss: 0.026778
2026-05-20 14:57: Train Epoch 174: 20/83 Loss: 0.018329
2026-05-20 14:57: Train Epoch 174: 40/83 Loss: 0.057735
2026-05-20 14:57: Train Epoch 174: 60/83 Loss: 0.017492
2026-05-20 14:57: Train Epoch 174: 80/83 Loss: 0.033981
2026-05-20 14:57: **********Train Epoch 174: averaged Loss: 0.031090
2026-05-20 14:57: **********Val Epoch 174: average Loss: 0.046013
2026-05-20 14:57: Train Epoch 175: 0/83 Loss: 0.021155
2026-05-20 14:57: Train Epoch 175: 20/83 Loss: 0.048320
2026-05-20 14:57: Train Epoch 175: 40/83 Loss: 0.074267
2026-05-20 14:57: Train Epoch 175: 60/83 Loss: 0.017962
2026-05-20 14:57: Train Epoch 175: 80/83 Loss: 0.048016
2026-05-20 14:57: **********Train Epoch 175: averaged Loss: 0.031874
2026-05-20 14:57: **********Val Epoch 175: average Loss: 0.044998
2026-05-20 14:57: Train Epoch 176: 0/83 Loss: 0.013628
2026-05-20 14:58: Train Epoch 176: 20/83 Loss: 0.013736
2026-05-20 14:58: Train Epoch 176: 40/83 Loss: 0.043355
2026-05-20 14:58: Train Epoch 176: 60/83 Loss: 0.022169
2026-05-20 14:58: Train Epoch 176: 80/83 Loss: 0.015944
2026-05-20 14:58: **********Train Epoch 176: averaged Loss: 0.033146
2026-05-20 14:58: **********Val Epoch 176: average Loss: 0.044465
2026-05-20 14:58: Train Epoch 177: 0/83 Loss: 0.014987
2026-05-20 14:58: Train Epoch 177: 20/83 Loss: 0.036922
2026-05-20 14:58: Train Epoch 177: 40/83 Loss: 0.079114
2026-05-20 14:58: Train Epoch 177: 60/83 Loss: 0.017574
2026-05-20 14:58: Train Epoch 177: 80/83 Loss: 0.032703
2026-05-20 14:58: **********Train Epoch 177: averaged Loss: 0.031834
2026-05-20 14:58: **********Val Epoch 177: average Loss: 0.034564
2026-05-20 14:58: Train Epoch 178: 0/83 Loss: 0.015220
2026-05-20 14:58: Train Epoch 178: 20/83 Loss: 0.030787
2026-05-20 14:58: Train Epoch 178: 40/83 Loss: 0.072326
2026-05-20 14:58: Train Epoch 178: 60/83 Loss: 0.014260
2026-05-20 14:58: Train Epoch 178: 80/83 Loss: 0.021290
2026-05-20 14:58: **********Train Epoch 178: averaged Loss: 0.033274
2026-05-20 14:58: **********Val Epoch 178: average Loss: 0.042790
2026-05-20 14:58: Train Epoch 179: 0/83 Loss: 0.011751
2026-05-20 14:58: Train Epoch 179: 20/83 Loss: 0.025963
2026-05-20 14:58: Train Epoch 179: 40/83 Loss: 0.074605
2026-05-20 14:58: Train Epoch 179: 60/83 Loss: 0.016656
2026-05-20 14:58: Train Epoch 179: 80/83 Loss: 0.050768
2026-05-20 14:58: **********Train Epoch 179: averaged Loss: 0.031681
2026-05-20 14:58: **********Val Epoch 179: average Loss: 0.058989
2026-05-20 14:58: Train Epoch 180: 0/83 Loss: 0.012172
2026-05-20 14:58: Train Epoch 180: 20/83 Loss: 0.039578
2026-05-20 14:58: Train Epoch 180: 40/83 Loss: 0.058634
2026-05-20 14:58: Train Epoch 180: 60/83 Loss: 0.017784
2026-05-20 14:58: Train Epoch 180: 80/83 Loss: 0.014059
2026-05-20 14:58: **********Train Epoch 180: averaged Loss: 0.034094
2026-05-20 14:58: **********Val Epoch 180: average Loss: 0.042579
2026-05-20 14:58: Train Epoch 181: 0/83 Loss: 0.013158
2026-05-20 14:58: Train Epoch 181: 20/83 Loss: 0.019320
2026-05-20 14:58: Train Epoch 181: 40/83 Loss: 0.059204
2026-05-20 14:58: Train Epoch 181: 60/83 Loss: 0.016709
2026-05-20 14:58: Train Epoch 181: 80/83 Loss: 0.023884
2026-05-20 14:58: **********Train Epoch 181: averaged Loss: 0.028614
2026-05-20 14:58: **********Val Epoch 181: average Loss: 0.042480
2026-05-20 14:58: Train Epoch 182: 0/83 Loss: 0.015469
2026-05-20 14:58: Train Epoch 182: 20/83 Loss: 0.021238
2026-05-20 14:58: Train Epoch 182: 40/83 Loss: 0.059061
2026-05-20 14:58: Train Epoch 182: 60/83 Loss: 0.021390
2026-05-20 14:58: Train Epoch 182: 80/83 Loss: 0.023107
2026-05-20 14:58: **********Train Epoch 182: averaged Loss: 0.031694
2026-05-20 14:58: **********Val Epoch 182: average Loss: 0.037710
2026-05-20 14:58: Train Epoch 183: 0/83 Loss: 0.011078
2026-05-20 14:58: Train Epoch 183: 20/83 Loss: 0.026225
2026-05-20 14:58: Train Epoch 183: 40/83 Loss: 0.063331
2026-05-20 14:58: Train Epoch 183: 60/83 Loss: 0.025735
2026-05-20 14:58: Train Epoch 183: 80/83 Loss: 0.018536
2026-05-20 14:58: **********Train Epoch 183: averaged Loss: 0.031327
2026-05-20 14:58: **********Val Epoch 183: average Loss: 0.044435
2026-05-20 14:58: Train Epoch 184: 0/83 Loss: 0.022004
2026-05-20 14:58: Train Epoch 184: 20/83 Loss: 0.040519
2026-05-20 14:58: Train Epoch 184: 40/83 Loss: 0.070808
2026-05-20 14:58: Train Epoch 184: 60/83 Loss: 0.017157
2026-05-20 14:58: Train Epoch 184: 80/83 Loss: 0.036639
2026-05-20 14:58: **********Train Epoch 184: averaged Loss: 0.029560
2026-05-20 14:58: **********Val Epoch 184: average Loss: 0.045659
2026-05-20 14:58: Train Epoch 185: 0/83 Loss: 0.012314
2026-05-20 14:58: Train Epoch 185: 20/83 Loss: 0.017045
2026-05-20 14:58: Train Epoch 185: 40/83 Loss: 0.040609
2026-05-20 14:58: Train Epoch 185: 60/83 Loss: 0.018538
2026-05-20 14:58: Train Epoch 185: 80/83 Loss: 0.014741
2026-05-20 14:58: **********Train Epoch 185: averaged Loss: 0.031855
2026-05-20 14:58: **********Val Epoch 185: average Loss: 0.039986
2026-05-20 14:58: Train Epoch 186: 0/83 Loss: 0.012115
2026-05-20 14:58: Train Epoch 186: 20/83 Loss: 0.022103
2026-05-20 14:58: Train Epoch 186: 40/83 Loss: 0.056709
2026-05-20 14:58: Train Epoch 186: 60/83 Loss: 0.022121
2026-05-20 14:58: Train Epoch 186: 80/83 Loss: 0.014507
2026-05-20 14:58: **********Train Epoch 186: averaged Loss: 0.029158
2026-05-20 14:58: **********Val Epoch 186: average Loss: 0.038357
2026-05-20 14:58: Train Epoch 187: 0/83 Loss: 0.017146
2026-05-20 14:58: Train Epoch 187: 20/83 Loss: 0.028770
2026-05-20 14:58: Train Epoch 187: 40/83 Loss: 0.060814
2026-05-20 14:58: Train Epoch 187: 60/83 Loss: 0.014993
2026-05-20 14:58: Train Epoch 187: 80/83 Loss: 0.018971
2026-05-20 14:58: **********Train Epoch 187: averaged Loss: 0.030021
2026-05-20 14:58: **********Val Epoch 187: average Loss: 0.029484
2026-05-20 14:58: Train Epoch 188: 0/83 Loss: 0.013566
2026-05-20 14:58: Train Epoch 188: 20/83 Loss: 0.024676
2026-05-20 14:58: Train Epoch 188: 40/83 Loss: 0.062531
2026-05-20 14:58: Train Epoch 188: 60/83 Loss: 0.021097
2026-05-20 14:58: Train Epoch 188: 80/83 Loss: 0.022084
2026-05-20 14:58: **********Train Epoch 188: averaged Loss: 0.029783
2026-05-20 14:58: **********Val Epoch 188: average Loss: 0.034606
2026-05-20 14:58: Train Epoch 189: 0/83 Loss: 0.014109
2026-05-20 14:58: Train Epoch 189: 20/83 Loss: 0.038016
2026-05-20 14:58: Train Epoch 189: 40/83 Loss: 0.075237
2026-05-20 14:58: Train Epoch 189: 60/83 Loss: 0.017883
2026-05-20 14:58: Train Epoch 189: 80/83 Loss: 0.041691
2026-05-20 14:58: **********Train Epoch 189: averaged Loss: 0.032729
2026-05-20 14:58: **********Val Epoch 189: average Loss: 0.059525
2026-05-20 14:58: Train Epoch 190: 0/83 Loss: 0.012391
2026-05-20 14:58: Train Epoch 190: 20/83 Loss: 0.014983
2026-05-20 14:58: Train Epoch 190: 40/83 Loss: 0.049945
2026-05-20 14:58: Train Epoch 190: 60/83 Loss: 0.016778
2026-05-20 14:58: Train Epoch 190: 80/83 Loss: 0.022914
2026-05-20 14:58: **********Train Epoch 190: averaged Loss: 0.030639
2026-05-20 14:58: **********Val Epoch 190: average Loss: 0.054542
2026-05-20 14:58: Train Epoch 191: 0/83 Loss: 0.028270
2026-05-20 14:58: Train Epoch 191: 20/83 Loss: 0.040658
2026-05-20 14:58: Train Epoch 191: 40/83 Loss: 0.060873
2026-05-20 14:58: Train Epoch 191: 60/83 Loss: 0.016684
2026-05-20 14:59: Train Epoch 191: 80/83 Loss: 0.032661
2026-05-20 14:59: **********Train Epoch 191: averaged Loss: 0.029405
2026-05-20 14:59: **********Val Epoch 191: average Loss: 0.048439
2026-05-20 14:59: Train Epoch 192: 0/83 Loss: 0.014145
2026-05-20 14:59: Train Epoch 192: 20/83 Loss: 0.017916
2026-05-20 14:59: Train Epoch 192: 40/83 Loss: 0.041272
2026-05-20 14:59: Train Epoch 192: 60/83 Loss: 0.015320
2026-05-20 14:59: Train Epoch 192: 80/83 Loss: 0.018256
2026-05-20 14:59: **********Train Epoch 192: averaged Loss: 0.030918
2026-05-20 14:59: **********Val Epoch 192: average Loss: 0.041635
2026-05-20 14:59: Train Epoch 193: 0/83 Loss: 0.012735
2026-05-20 14:59: Train Epoch 193: 20/83 Loss: 0.010791
2026-05-20 14:59: Train Epoch 193: 40/83 Loss: 0.078274
2026-05-20 14:59: Train Epoch 193: 60/83 Loss: 0.014348
2026-05-20 14:59: Train Epoch 193: 80/83 Loss: 0.035152
2026-05-20 14:59: **********Train Epoch 193: averaged Loss: 0.029868
2026-05-20 14:59: **********Val Epoch 193: average Loss: 0.042870
2026-05-20 14:59: Train Epoch 194: 0/83 Loss: 0.013748
2026-05-20 14:59: Train Epoch 194: 20/83 Loss: 0.015607
2026-05-20 14:59: Train Epoch 194: 40/83 Loss: 0.052772
2026-05-20 14:59: Train Epoch 194: 60/83 Loss: 0.016894
2026-05-20 14:59: Train Epoch 194: 80/83 Loss: 0.018141
2026-05-20 14:59: **********Train Epoch 194: averaged Loss: 0.030769
2026-05-20 14:59: **********Val Epoch 194: average Loss: 0.050006
2026-05-20 14:59: Train Epoch 195: 0/83 Loss: 0.018420
2026-05-20 14:59: Train Epoch 195: 20/83 Loss: 0.023351
2026-05-20 14:59: Train Epoch 195: 40/83 Loss: 0.058477
2026-05-20 14:59: Train Epoch 195: 60/83 Loss: 0.019475
2026-05-20 14:59: Train Epoch 195: 80/83 Loss: 0.024561
2026-05-20 14:59: **********Train Epoch 195: averaged Loss: 0.026221
2026-05-20 14:59: **********Val Epoch 195: average Loss: 0.040753
2026-05-20 14:59: Train Epoch 196: 0/83 Loss: 0.014361
2026-05-20 14:59: Train Epoch 196: 20/83 Loss: 0.027292
2026-05-20 14:59: Train Epoch 196: 40/83 Loss: 0.063425
2026-05-20 14:59: Train Epoch 196: 60/83 Loss: 0.014716
2026-05-20 14:59: Train Epoch 196: 80/83 Loss: 0.020670
2026-05-20 14:59: **********Train Epoch 196: averaged Loss: 0.030986
2026-05-20 14:59: **********Val Epoch 196: average Loss: 0.038071
2026-05-20 14:59: Train Epoch 197: 0/83 Loss: 0.012908
2026-05-20 14:59: Train Epoch 197: 20/83 Loss: 0.009454
2026-05-20 14:59: Train Epoch 197: 40/83 Loss: 0.063613
2026-05-20 14:59: Train Epoch 197: 60/83 Loss: 0.015226
2026-05-20 14:59: Train Epoch 197: 80/83 Loss: 0.013165
2026-05-20 14:59: **********Train Epoch 197: averaged Loss: 0.027389
2026-05-20 14:59: **********Val Epoch 197: average Loss: 0.041424
2026-05-20 14:59: Train Epoch 198: 0/83 Loss: 0.016279
2026-05-20 14:59: Train Epoch 198: 20/83 Loss: 0.009987
2026-05-20 14:59: Train Epoch 198: 40/83 Loss: 0.056925
2026-05-20 14:59: Train Epoch 198: 60/83 Loss: 0.015014
2026-05-20 14:59: Train Epoch 198: 80/83 Loss: 0.017486
2026-05-20 14:59: **********Train Epoch 198: averaged Loss: 0.029811
2026-05-20 14:59: **********Val Epoch 198: average Loss: 0.037183
2026-05-20 14:59: Train Epoch 199: 0/83 Loss: 0.012117
2026-05-20 14:59: Train Epoch 199: 20/83 Loss: 0.023222
2026-05-20 14:59: Train Epoch 199: 40/83 Loss: 0.062750
2026-05-20 14:59: Train Epoch 199: 60/83 Loss: 0.015077
2026-05-20 14:59: Train Epoch 199: 80/83 Loss: 0.017962
2026-05-20 14:59: **********Train Epoch 199: averaged Loss: 0.028793
2026-05-20 14:59: **********Val Epoch 199: average Loss: 0.034996
2026-05-20 14:59: Train Epoch 200: 0/83 Loss: 0.015649
2026-05-20 14:59: Train Epoch 200: 20/83 Loss: 0.028068
2026-05-20 14:59: Train Epoch 200: 40/83 Loss: 0.071604
2026-05-20 14:59: Train Epoch 200: 60/83 Loss: 0.013521
2026-05-20 14:59: Train Epoch 200: 80/83 Loss: 0.024621
2026-05-20 14:59: **********Train Epoch 200: averaged Loss: 0.028810
2026-05-20 14:59: **********Val Epoch 200: average Loss: 0.047137
2026-05-20 14:59: Train Epoch 201: 0/83 Loss: 0.012152
2026-05-20 14:59: Train Epoch 201: 20/83 Loss: 0.009583
2026-05-20 14:59: Train Epoch 201: 40/83 Loss: 0.045257
2026-05-20 14:59: Train Epoch 201: 60/83 Loss: 0.026930
2026-05-20 14:59: Train Epoch 201: 80/83 Loss: 0.021141
2026-05-20 14:59: **********Train Epoch 201: averaged Loss: 0.029440
2026-05-20 14:59: **********Val Epoch 201: average Loss: 0.042153
2026-05-20 14:59: Train Epoch 202: 0/83 Loss: 0.014071
2026-05-20 14:59: Train Epoch 202: 20/83 Loss: 0.017589
2026-05-20 14:59: Train Epoch 202: 40/83 Loss: 0.063780
2026-05-20 14:59: Train Epoch 202: 60/83 Loss: 0.014170
2026-05-20 14:59: Train Epoch 202: 80/83 Loss: 0.015300
2026-05-20 14:59: **********Train Epoch 202: averaged Loss: 0.026587
2026-05-20 14:59: **********Val Epoch 202: average Loss: 0.042060
2026-05-20 14:59: Train Epoch 203: 0/83 Loss: 0.014627
2026-05-20 14:59: Train Epoch 203: 20/83 Loss: 0.022038
2026-05-20 14:59: Train Epoch 203: 40/83 Loss: 0.066006
2026-05-20 14:59: Train Epoch 203: 60/83 Loss: 0.017862
2026-05-20 14:59: Train Epoch 203: 80/83 Loss: 0.033863
2026-05-20 14:59: **********Train Epoch 203: averaged Loss: 0.029495
2026-05-20 14:59: **********Val Epoch 203: average Loss: 0.042590
2026-05-20 14:59: Train Epoch 204: 0/83 Loss: 0.015571
2026-05-20 14:59: Train Epoch 204: 20/83 Loss: 0.005811
2026-05-20 14:59: Train Epoch 204: 40/83 Loss: 0.044969
2026-05-20 14:59: Train Epoch 204: 60/83 Loss: 0.023315
2026-05-20 14:59: Train Epoch 204: 80/83 Loss: 0.013003
2026-05-20 14:59: **********Train Epoch 204: averaged Loss: 0.029253
2026-05-20 14:59: **********Val Epoch 204: average Loss: 0.040244
2026-05-20 14:59: Train Epoch 205: 0/83 Loss: 0.014459
2026-05-20 14:59: Train Epoch 205: 20/83 Loss: 0.016541
2026-05-20 14:59: Train Epoch 205: 40/83 Loss: 0.061270
2026-05-20 14:59: Train Epoch 205: 60/83 Loss: 0.018998
2026-05-20 14:59: Train Epoch 205: 80/83 Loss: 0.023323
2026-05-20 14:59: **********Train Epoch 205: averaged Loss: 0.024992
2026-05-20 14:59: **********Val Epoch 205: average Loss: 0.028097
2026-05-20 14:59: *********************************Current best model saved!
2026-05-20 14:59: Train Epoch 206: 0/83 Loss: 0.011721
2026-05-20 14:59: Train Epoch 206: 20/83 Loss: 0.014185
2026-05-20 14:59: Train Epoch 206: 40/83 Loss: 0.053683
2026-05-20 14:59: Train Epoch 206: 60/83 Loss: 0.014350
2026-05-20 14:59: Train Epoch 206: 80/83 Loss: 0.013793
2026-05-20 14:59: **********Train Epoch 206: averaged Loss: 0.029292
2026-05-20 14:59: **********Val Epoch 206: average Loss: 0.044477
2026-05-20 14:59: Train Epoch 207: 0/83 Loss: 0.010699
2026-05-20 14:59: Train Epoch 207: 20/83 Loss: 0.022256
2026-05-20 14:59: Train Epoch 207: 40/83 Loss: 0.055078
2026-05-20 14:59: Train Epoch 207: 60/83 Loss: 0.018831
2026-05-20 15:00: Train Epoch 207: 80/83 Loss: 0.042552
2026-05-20 15:00: **********Train Epoch 207: averaged Loss: 0.028017
2026-05-20 15:00: **********Val Epoch 207: average Loss: 0.046706
2026-05-20 15:00: Train Epoch 208: 0/83 Loss: 0.013485
2026-05-20 15:00: Train Epoch 208: 20/83 Loss: 0.009834
2026-05-20 15:00: Train Epoch 208: 40/83 Loss: 0.037334
2026-05-20 15:00: Train Epoch 208: 60/83 Loss: 0.018752
2026-05-20 15:00: Train Epoch 208: 80/83 Loss: 0.014636
2026-05-20 15:00: **********Train Epoch 208: averaged Loss: 0.030392
2026-05-20 15:00: **********Val Epoch 208: average Loss: 0.036988
2026-05-20 15:00: Train Epoch 209: 0/83 Loss: 0.013409
2026-05-20 15:00: Train Epoch 209: 20/83 Loss: 0.027695
2026-05-20 15:00: Train Epoch 209: 40/83 Loss: 0.060176
2026-05-20 15:00: Train Epoch 209: 60/83 Loss: 0.020068
2026-05-20 15:00: Train Epoch 209: 80/83 Loss: 0.019495
2026-05-20 15:00: **********Train Epoch 209: averaged Loss: 0.027926
2026-05-20 15:00: **********Val Epoch 209: average Loss: 0.043498
2026-05-20 15:00: Train Epoch 210: 0/83 Loss: 0.012149
2026-05-20 15:00: Train Epoch 210: 20/83 Loss: 0.031783
2026-05-20 15:00: Train Epoch 210: 40/83 Loss: 0.058615
2026-05-20 15:00: Train Epoch 210: 60/83 Loss: 0.017552
2026-05-20 15:00: Train Epoch 210: 80/83 Loss: 0.025797
2026-05-20 15:00: **********Train Epoch 210: averaged Loss: 0.027793
2026-05-20 15:00: **********Val Epoch 210: average Loss: 0.038814
2026-05-20 15:00: Train Epoch 211: 0/83 Loss: 0.010869
2026-05-20 15:00: Train Epoch 211: 20/83 Loss: 0.020377
2026-05-20 15:00: Train Epoch 211: 40/83 Loss: 0.051134
2026-05-20 15:00: Train Epoch 211: 60/83 Loss: 0.015669
2026-05-20 15:00: Train Epoch 211: 80/83 Loss: 0.022159
2026-05-20 15:00: **********Train Epoch 211: averaged Loss: 0.028620
2026-05-20 15:00: **********Val Epoch 211: average Loss: 0.042012
2026-05-20 15:00: Train Epoch 212: 0/83 Loss: 0.012781
2026-05-20 15:00: Train Epoch 212: 20/83 Loss: 0.013618
2026-05-20 15:00: Train Epoch 212: 40/83 Loss: 0.041322
2026-05-20 15:00: Train Epoch 212: 60/83 Loss: 0.023623
2026-05-20 15:00: Train Epoch 212: 80/83 Loss: 0.020003
2026-05-20 15:00: **********Train Epoch 212: averaged Loss: 0.028387
2026-05-20 15:00: **********Val Epoch 212: average Loss: 0.033041
2026-05-20 15:00: Train Epoch 213: 0/83 Loss: 0.012597
2026-05-20 15:00: Train Epoch 213: 20/83 Loss: 0.014987
2026-05-20 15:00: Train Epoch 213: 40/83 Loss: 0.062719
2026-05-20 15:00: Train Epoch 213: 60/83 Loss: 0.018418
2026-05-20 15:00: Train Epoch 213: 80/83 Loss: 0.028839
2026-05-20 15:00: **********Train Epoch 213: averaged Loss: 0.027052
2026-05-20 15:00: **********Val Epoch 213: average Loss: 0.039952
2026-05-20 15:00: Train Epoch 214: 0/83 Loss: 0.016513
2026-05-20 15:00: Train Epoch 214: 20/83 Loss: 0.013233
2026-05-20 15:00: Train Epoch 214: 40/83 Loss: 0.043462
2026-05-20 15:00: Train Epoch 214: 60/83 Loss: 0.018189
2026-05-20 15:00: Train Epoch 214: 80/83 Loss: 0.014324
2026-05-20 15:00: **********Train Epoch 214: averaged Loss: 0.029405
2026-05-20 15:00: **********Val Epoch 214: average Loss: 0.052479
2026-05-20 15:00: Train Epoch 215: 0/83 Loss: 0.022488
2026-05-20 15:00: Train Epoch 215: 20/83 Loss: 0.026300
2026-05-20 15:00: Train Epoch 215: 40/83 Loss: 0.050457
2026-05-20 15:00: Train Epoch 215: 60/83 Loss: 0.016249
2026-05-20 15:00: Train Epoch 215: 80/83 Loss: 0.029270
2026-05-20 15:00: **********Train Epoch 215: averaged Loss: 0.026301
2026-05-20 15:00: **********Val Epoch 215: average Loss: 0.040399
2026-05-20 15:00: Train Epoch 216: 0/83 Loss: 0.013616
2026-05-20 15:00: Train Epoch 216: 20/83 Loss: 0.005259
2026-05-20 15:00: Train Epoch 216: 40/83 Loss: 0.046013
2026-05-20 15:00: Train Epoch 216: 60/83 Loss: 0.018668
2026-05-20 15:00: Train Epoch 216: 80/83 Loss: 0.014721
2026-05-20 15:00: **********Train Epoch 216: averaged Loss: 0.027566
2026-05-20 15:00: **********Val Epoch 216: average Loss: 0.033150
2026-05-20 15:00: Train Epoch 217: 0/83 Loss: 0.011147
2026-05-20 15:00: Train Epoch 217: 20/83 Loss: 0.009764
2026-05-20 15:00: Train Epoch 217: 40/83 Loss: 0.056334
2026-05-20 15:00: Train Epoch 217: 60/83 Loss: 0.017166
2026-05-20 15:00: Train Epoch 217: 80/83 Loss: 0.015999
2026-05-20 15:00: **********Train Epoch 217: averaged Loss: 0.024856
2026-05-20 15:00: **********Val Epoch 217: average Loss: 0.037375
2026-05-20 15:00: Train Epoch 218: 0/83 Loss: 0.012706
2026-05-20 15:00: Train Epoch 218: 20/83 Loss: 0.024753
2026-05-20 15:00: Train Epoch 218: 40/83 Loss: 0.061712
2026-05-20 15:00: Train Epoch 218: 60/83 Loss: 0.016896
2026-05-20 15:00: Train Epoch 218: 80/83 Loss: 0.019372
2026-05-20 15:00: **********Train Epoch 218: averaged Loss: 0.028053
2026-05-20 15:00: **********Val Epoch 218: average Loss: 0.044651
2026-05-20 15:00: Train Epoch 219: 0/83 Loss: 0.013702
2026-05-20 15:00: Train Epoch 219: 20/83 Loss: 0.013538
2026-05-20 15:00: Train Epoch 219: 40/83 Loss: 0.044741
2026-05-20 15:00: Train Epoch 219: 60/83 Loss: 0.015616
2026-05-20 15:00: Train Epoch 219: 80/83 Loss: 0.014189
2026-05-20 15:00: **********Train Epoch 219: averaged Loss: 0.025419
2026-05-20 15:00: **********Val Epoch 219: average Loss: 0.039219
2026-05-20 15:00: Train Epoch 220: 0/83 Loss: 0.011570
2026-05-20 15:00: Train Epoch 220: 20/83 Loss: 0.015188
2026-05-20 15:00: Train Epoch 220: 40/83 Loss: 0.049764
2026-05-20 15:00: Train Epoch 220: 60/83 Loss: 0.015501
2026-05-20 15:00: Train Epoch 220: 80/83 Loss: 0.030870
2026-05-20 15:00: **********Train Epoch 220: averaged Loss: 0.026078
2026-05-20 15:00: **********Val Epoch 220: average Loss: 0.039792
2026-05-20 15:00: Train Epoch 221: 0/83 Loss: 0.014852
2026-05-20 15:00: Train Epoch 221: 20/83 Loss: 0.007275
2026-05-20 15:00: Train Epoch 221: 40/83 Loss: 0.051434
2026-05-20 15:00: Train Epoch 221: 60/83 Loss: 0.015070
2026-05-20 15:00: Train Epoch 221: 80/83 Loss: 0.025744
2026-05-20 15:00: **********Train Epoch 221: averaged Loss: 0.026516
2026-05-20 15:00: **********Val Epoch 221: average Loss: 0.039931
2026-05-20 15:00: Train Epoch 222: 0/83 Loss: 0.015206
2026-05-20 15:00: Train Epoch 222: 20/83 Loss: 0.014296
2026-05-20 15:00: Train Epoch 222: 40/83 Loss: 0.067642
2026-05-20 15:00: Train Epoch 222: 60/83 Loss: 0.014473
2026-05-20 15:00: Train Epoch 222: 80/83 Loss: 0.031156
2026-05-20 15:00: **********Train Epoch 222: averaged Loss: 0.026231
2026-05-20 15:00: **********Val Epoch 222: average Loss: 0.047023
2026-05-20 15:00: Train Epoch 223: 0/83 Loss: 0.014819
2026-05-20 15:00: Train Epoch 223: 20/83 Loss: 0.005693
2026-05-20 15:00: Train Epoch 223: 40/83 Loss: 0.035334
2026-05-20 15:00: Train Epoch 223: 60/83 Loss: 0.014666
2026-05-20 15:01: Train Epoch 223: 80/83 Loss: 0.020179
2026-05-20 15:01: **********Train Epoch 223: averaged Loss: 0.026476
2026-05-20 15:01: **********Val Epoch 223: average Loss: 0.038680
2026-05-20 15:01: Train Epoch 224: 0/83 Loss: 0.012552
2026-05-20 15:01: Train Epoch 224: 20/83 Loss: 0.010680
2026-05-20 15:01: Train Epoch 224: 40/83 Loss: 0.039323
2026-05-20 15:01: Train Epoch 224: 60/83 Loss: 0.019835
2026-05-20 15:01: Train Epoch 224: 80/83 Loss: 0.013411
2026-05-20 15:01: **********Train Epoch 224: averaged Loss: 0.022541
2026-05-20 15:01: **********Val Epoch 224: average Loss: 0.044504
2026-05-20 15:01: Train Epoch 225: 0/83 Loss: 0.017596
2026-05-20 15:01: Train Epoch 225: 20/83 Loss: 0.036833
2026-05-20 15:01: Train Epoch 225: 40/83 Loss: 0.057023
2026-05-20 15:01: Train Epoch 225: 60/83 Loss: 0.013258
2026-05-20 15:01: Train Epoch 225: 80/83 Loss: 0.034271
2026-05-20 15:01: **********Train Epoch 225: averaged Loss: 0.026663
2026-05-20 15:01: **********Val Epoch 225: average Loss: 0.050718
2026-05-20 15:01: Train Epoch 226: 0/83 Loss: 0.013102
2026-05-20 15:01: Train Epoch 226: 20/83 Loss: 0.019816
2026-05-20 15:01: Train Epoch 226: 40/83 Loss: 0.031597
2026-05-20 15:01: Train Epoch 226: 60/83 Loss: 0.018067
2026-05-20 15:01: Train Epoch 226: 80/83 Loss: 0.015986
2026-05-20 15:01: **********Train Epoch 226: averaged Loss: 0.029135
2026-05-20 15:01: **********Val Epoch 226: average Loss: 0.042312
2026-05-20 15:01: Train Epoch 227: 0/83 Loss: 0.020446
2026-05-20 15:01: Train Epoch 227: 20/83 Loss: 0.010793
2026-05-20 15:01: Train Epoch 227: 40/83 Loss: 0.045667
2026-05-20 15:01: Train Epoch 227: 60/83 Loss: 0.013929
2026-05-20 15:01: Train Epoch 227: 80/83 Loss: 0.017130
2026-05-20 15:01: **********Train Epoch 227: averaged Loss: 0.023680
2026-05-20 15:01: **********Val Epoch 227: average Loss: 0.033267
2026-05-20 15:01: Train Epoch 228: 0/83 Loss: 0.013102
2026-05-20 15:01: Train Epoch 228: 20/83 Loss: 0.025386
2026-05-20 15:01: Train Epoch 228: 40/83 Loss: 0.052535
2026-05-20 15:01: Train Epoch 228: 60/83 Loss: 0.014153
2026-05-20 15:01: Train Epoch 228: 80/83 Loss: 0.024686
2026-05-20 15:01: **********Train Epoch 228: averaged Loss: 0.027020
2026-05-20 15:01: **********Val Epoch 228: average Loss: 0.038453
2026-05-20 15:01: Train Epoch 229: 0/83 Loss: 0.012469
2026-05-20 15:01: Train Epoch 229: 20/83 Loss: 0.009011
2026-05-20 15:01: Train Epoch 229: 40/83 Loss: 0.045808
2026-05-20 15:01: Train Epoch 229: 60/83 Loss: 0.017235
2026-05-20 15:01: Train Epoch 229: 80/83 Loss: 0.030283
2026-05-20 15:01: **********Train Epoch 229: averaged Loss: 0.025737
2026-05-20 15:01: **********Val Epoch 229: average Loss: 0.048932
2026-05-20 15:01: Train Epoch 230: 0/83 Loss: 0.011944
2026-05-20 15:01: Train Epoch 230: 20/83 Loss: 0.006586
2026-05-20 15:01: Train Epoch 230: 40/83 Loss: 0.032306
2026-05-20 15:01: Train Epoch 230: 60/83 Loss: 0.016084
2026-05-20 15:01: Train Epoch 230: 80/83 Loss: 0.014556
2026-05-20 15:01: **********Train Epoch 230: averaged Loss: 0.024908
2026-05-20 15:01: **********Val Epoch 230: average Loss: 0.055821
2026-05-20 15:01: Train Epoch 231: 0/83 Loss: 0.018185
2026-05-20 15:01: Train Epoch 231: 20/83 Loss: 0.028205
2026-05-20 15:01: Train Epoch 231: 40/83 Loss: 0.048323
2026-05-20 15:01: Train Epoch 231: 60/83 Loss: 0.017209
2026-05-20 15:01: Train Epoch 231: 80/83 Loss: 0.020547
2026-05-20 15:01: **********Train Epoch 231: averaged Loss: 0.024185
2026-05-20 15:01: **********Val Epoch 231: average Loss: 0.039134
2026-05-20 15:01: Train Epoch 232: 0/83 Loss: 0.012286
2026-05-20 15:01: Train Epoch 232: 20/83 Loss: 0.009135
2026-05-20 15:01: Train Epoch 232: 40/83 Loss: 0.035259
2026-05-20 15:01: Train Epoch 232: 60/83 Loss: 0.017286
2026-05-20 15:01: Train Epoch 232: 80/83 Loss: 0.013964
2026-05-20 15:01: **********Train Epoch 232: averaged Loss: 0.025489
2026-05-20 15:01: **********Val Epoch 232: average Loss: 0.048206
2026-05-20 15:01: Train Epoch 233: 0/83 Loss: 0.017217
2026-05-20 15:01: Train Epoch 233: 20/83 Loss: 0.016576
2026-05-20 15:01: Train Epoch 233: 40/83 Loss: 0.051519
2026-05-20 15:01: Train Epoch 233: 60/83 Loss: 0.015124
2026-05-20 15:01: Train Epoch 233: 80/83 Loss: 0.036719
2026-05-20 15:01: **********Train Epoch 233: averaged Loss: 0.025322
2026-05-20 15:01: **********Val Epoch 233: average Loss: 0.045340
2026-05-20 15:01: Train Epoch 234: 0/83 Loss: 0.011232
2026-05-20 15:01: Train Epoch 234: 20/83 Loss: 0.005899
2026-05-20 15:01: Train Epoch 234: 40/83 Loss: 0.038329
2026-05-20 15:01: Train Epoch 234: 60/83 Loss: 0.014948
2026-05-20 15:01: Train Epoch 234: 80/83 Loss: 0.014514
2026-05-20 15:01: **********Train Epoch 234: averaged Loss: 0.026423
2026-05-20 15:01: **********Val Epoch 234: average Loss: 0.050496
2026-05-20 15:01: Train Epoch 235: 0/83 Loss: 0.014382
2026-05-20 15:01: Train Epoch 235: 20/83 Loss: 0.014812
2026-05-20 15:01: Train Epoch 235: 40/83 Loss: 0.046010
2026-05-20 15:01: Train Epoch 235: 60/83 Loss: 0.018202
2026-05-20 15:01: Train Epoch 235: 80/83 Loss: 0.016340
2026-05-20 15:01: **********Train Epoch 235: averaged Loss: 0.024562
2026-05-20 15:01: **********Val Epoch 235: average Loss: 0.037651
2026-05-20 15:01: Train Epoch 236: 0/83 Loss: 0.012534
2026-05-20 15:01: Train Epoch 236: 20/83 Loss: 0.021993
2026-05-20 15:01: Train Epoch 236: 40/83 Loss: 0.053820
2026-05-20 15:01: Train Epoch 236: 60/83 Loss: 0.015004
2026-05-20 15:01: Train Epoch 236: 80/83 Loss: 0.017254
2026-05-20 15:01: **********Train Epoch 236: averaged Loss: 0.025615
2026-05-20 15:01: **********Val Epoch 236: average Loss: 0.033844
2026-05-20 15:01: Train Epoch 237: 0/83 Loss: 0.012550
2026-05-20 15:01: Train Epoch 237: 20/83 Loss: 0.007905
2026-05-20 15:01: Train Epoch 237: 40/83 Loss: 0.038700
2026-05-20 15:01: Train Epoch 237: 60/83 Loss: 0.021649
2026-05-20 15:01: Train Epoch 237: 80/83 Loss: 0.014629
2026-05-20 15:01: **********Train Epoch 237: averaged Loss: 0.026463
2026-05-20 15:01: **********Val Epoch 237: average Loss: 0.037111
2026-05-20 15:01: Train Epoch 238: 0/83 Loss: 0.012876
2026-05-20 15:01: Train Epoch 238: 20/83 Loss: 0.019695
2026-05-20 15:01: Train Epoch 238: 40/83 Loss: 0.053495
2026-05-20 15:01: Train Epoch 238: 60/83 Loss: 0.013724
2026-05-20 15:01: Train Epoch 238: 80/83 Loss: 0.024082
2026-05-20 15:01: **********Train Epoch 238: averaged Loss: 0.025372
2026-05-20 15:01: **********Val Epoch 238: average Loss: 0.032642
2026-05-20 15:01: Train Epoch 239: 0/83 Loss: 0.011781
2026-05-20 15:01: Train Epoch 239: 20/83 Loss: 0.007122
2026-05-20 15:01: Train Epoch 239: 40/83 Loss: 0.037092
2026-05-20 15:01: Train Epoch 239: 60/83 Loss: 0.016084
2026-05-20 15:01: Train Epoch 239: 80/83 Loss: 0.012110
2026-05-20 15:01: **********Train Epoch 239: averaged Loss: 0.023316
2026-05-20 15:01: **********Val Epoch 239: average Loss: 0.034875
2026-05-20 15:01: Train Epoch 240: 0/83 Loss: 0.011500
2026-05-20 15:01: Train Epoch 240: 20/83 Loss: 0.013754
2026-05-20 15:01: Train Epoch 240: 40/83 Loss: 0.052514
2026-05-20 15:02: Train Epoch 240: 60/83 Loss: 0.014444
2026-05-20 15:02: Train Epoch 240: 80/83 Loss: 0.015252
2026-05-20 15:02: **********Train Epoch 240: averaged Loss: 0.024448
2026-05-20 15:02: **********Val Epoch 240: average Loss: 0.041712
2026-05-20 15:02: Train Epoch 241: 0/83 Loss: 0.015502
2026-05-20 15:02: Train Epoch 241: 20/83 Loss: 0.020152
2026-05-20 15:02: Train Epoch 241: 40/83 Loss: 0.050191
2026-05-20 15:02: Train Epoch 241: 60/83 Loss: 0.020032
2026-05-20 15:02: Train Epoch 241: 80/83 Loss: 0.035274
2026-05-20 15:02: **********Train Epoch 241: averaged Loss: 0.025439
2026-05-20 15:02: **********Val Epoch 241: average Loss: 0.041583
2026-05-20 15:02: Train Epoch 242: 0/83 Loss: 0.012864
2026-05-20 15:02: Train Epoch 242: 20/83 Loss: 0.006413
2026-05-20 15:02: Train Epoch 242: 40/83 Loss: 0.038471
2026-05-20 15:02: Train Epoch 242: 60/83 Loss: 0.014518
2026-05-20 15:02: Train Epoch 242: 80/83 Loss: 0.014407
2026-05-20 15:02: **********Train Epoch 242: averaged Loss: 0.024113
2026-05-20 15:02: **********Val Epoch 242: average Loss: 0.041435
2026-05-20 15:02: Train Epoch 243: 0/83 Loss: 0.017903
2026-05-20 15:02: Train Epoch 243: 20/83 Loss: 0.010196
2026-05-20 15:02: Train Epoch 243: 40/83 Loss: 0.047186
2026-05-20 15:02: Train Epoch 243: 60/83 Loss: 0.013808
2026-05-20 15:02: Train Epoch 243: 80/83 Loss: 0.020712
2026-05-20 15:02: **********Train Epoch 243: averaged Loss: 0.022371
2026-05-20 15:02: **********Val Epoch 243: average Loss: 0.040553
2026-05-20 15:02: Train Epoch 244: 0/83 Loss: 0.011610
2026-05-20 15:02: Train Epoch 244: 20/83 Loss: 0.019766
2026-05-20 15:02: Train Epoch 244: 40/83 Loss: 0.027284
2026-05-20 15:02: Train Epoch 244: 60/83 Loss: 0.020395
2026-05-20 15:02: Train Epoch 244: 80/83 Loss: 0.012143
2026-05-20 15:02: **********Train Epoch 244: averaged Loss: 0.028163
2026-05-20 15:02: **********Val Epoch 244: average Loss: 0.045641
2026-05-20 15:02: Train Epoch 245: 0/83 Loss: 0.015394
2026-05-20 15:02: Train Epoch 245: 20/83 Loss: 0.008199
2026-05-20 15:02: Train Epoch 245: 40/83 Loss: 0.047042
2026-05-20 15:02: Train Epoch 245: 60/83 Loss: 0.016466
2026-05-20 15:02: Train Epoch 245: 80/83 Loss: 0.013209
2026-05-20 15:02: **********Train Epoch 245: averaged Loss: 0.022433
2026-05-20 15:02: **********Val Epoch 245: average Loss: 0.043392
2026-05-20 15:02: Train Epoch 246: 0/83 Loss: 0.013612
2026-05-20 15:02: Train Epoch 246: 20/83 Loss: 0.010339
2026-05-20 15:02: Train Epoch 246: 40/83 Loss: 0.041277
2026-05-20 15:02: Train Epoch 246: 60/83 Loss: 0.019855
2026-05-20 15:02: Train Epoch 246: 80/83 Loss: 0.011928
2026-05-20 15:02: **********Train Epoch 246: averaged Loss: 0.024045
2026-05-20 15:02: **********Val Epoch 246: average Loss: 0.044675
2026-05-20 15:02: Train Epoch 247: 0/83 Loss: 0.012903
2026-05-20 15:02: Train Epoch 247: 20/83 Loss: 0.005520
2026-05-20 15:02: Train Epoch 247: 40/83 Loss: 0.040873
2026-05-20 15:02: Train Epoch 247: 60/83 Loss: 0.016384
2026-05-20 15:02: Train Epoch 247: 80/83 Loss: 0.014121
2026-05-20 15:02: **********Train Epoch 247: averaged Loss: 0.023907
2026-05-20 15:02: **********Val Epoch 247: average Loss: 0.046398
2026-05-20 15:02: Train Epoch 248: 0/83 Loss: 0.020925
2026-05-20 15:02: Train Epoch 248: 20/83 Loss: 0.017417
2026-05-20 15:02: Train Epoch 248: 40/83 Loss: 0.040742
2026-05-20 15:02: Train Epoch 248: 60/83 Loss: 0.015666
2026-05-20 15:02: Train Epoch 248: 80/83 Loss: 0.022158
2026-05-20 15:02: **********Train Epoch 248: averaged Loss: 0.023322
2026-05-20 15:02: **********Val Epoch 248: average Loss: 0.037997
2026-05-20 15:02: Train Epoch 249: 0/83 Loss: 0.012669
2026-05-20 15:02: Train Epoch 249: 20/83 Loss: 0.007819
2026-05-20 15:02: Train Epoch 249: 40/83 Loss: 0.036751
2026-05-20 15:02: Train Epoch 249: 60/83 Loss: 0.019835
2026-05-20 15:02: Train Epoch 249: 80/83 Loss: 0.011335
2026-05-20 15:02: **********Train Epoch 249: averaged Loss: 0.022892
2026-05-20 15:02: **********Val Epoch 249: average Loss: 0.039007
2026-05-20 15:02: Train Epoch 250: 0/83 Loss: 0.010358
2026-05-20 15:02: Train Epoch 250: 20/83 Loss: 0.015428
2026-05-20 15:02: Train Epoch 250: 40/83 Loss: 0.051691
2026-05-20 15:02: Train Epoch 250: 60/83 Loss: 0.016379
2026-05-20 15:02: Train Epoch 250: 80/83 Loss: 0.020155
2026-05-20 15:02: **********Train Epoch 250: averaged Loss: 0.024473
2026-05-20 15:02: **********Val Epoch 250: average Loss: 0.032536
2026-05-20 15:02: Train Epoch 251: 0/83 Loss: 0.011208
2026-05-20 15:02: Train Epoch 251: 20/83 Loss: 0.015214
2026-05-20 15:02: Train Epoch 251: 40/83 Loss: 0.050937
2026-05-20 15:02: Train Epoch 251: 60/83 Loss: 0.013822
2026-05-20 15:02: Train Epoch 251: 80/83 Loss: 0.011606
2026-05-20 15:02: **********Train Epoch 251: averaged Loss: 0.024836
2026-05-20 15:02: **********Val Epoch 251: average Loss: 0.035165
2026-05-20 15:02: Train Epoch 252: 0/83 Loss: 0.013183
2026-05-20 15:02: Train Epoch 252: 20/83 Loss: 0.004179
2026-05-20 15:02: Train Epoch 252: 40/83 Loss: 0.046183
2026-05-20 15:02: Train Epoch 252: 60/83 Loss: 0.013107
2026-05-20 15:02: Train Epoch 252: 80/83 Loss: 0.012402
2026-05-20 15:02: **********Train Epoch 252: averaged Loss: 0.022493
2026-05-20 15:02: **********Val Epoch 252: average Loss: 0.034385
2026-05-20 15:02: Train Epoch 253: 0/83 Loss: 0.013607
2026-05-20 15:02: Train Epoch 253: 20/83 Loss: 0.021508
2026-05-20 15:02: Train Epoch 253: 40/83 Loss: 0.054160
2026-05-20 15:02: Train Epoch 253: 60/83 Loss: 0.013612
2026-05-20 15:02: Train Epoch 253: 80/83 Loss: 0.020041
2026-05-20 15:02: **********Train Epoch 253: averaged Loss: 0.024281
2026-05-20 15:02: **********Val Epoch 253: average Loss: 0.034841
2026-05-20 15:02: Train Epoch 254: 0/83 Loss: 0.011817
2026-05-20 15:02: Train Epoch 254: 20/83 Loss: 0.005164
2026-05-20 15:02: Train Epoch 254: 40/83 Loss: 0.030888
2026-05-20 15:02: Train Epoch 254: 60/83 Loss: 0.014640
2026-05-20 15:02: Train Epoch 254: 80/83 Loss: 0.015102
2026-05-20 15:02: **********Train Epoch 254: averaged Loss: 0.022926
2026-05-20 15:02: **********Val Epoch 254: average Loss: 0.048108
2026-05-20 15:02: Train Epoch 255: 0/83 Loss: 0.016112
2026-05-20 15:02: Train Epoch 255: 20/83 Loss: 0.007623
2026-05-20 15:02: Train Epoch 255: 40/83 Loss: 0.038382
2026-05-20 15:02: Train Epoch 255: 60/83 Loss: 0.015872
2026-05-20 15:02: Train Epoch 255: 80/83 Loss: 0.019203
2026-05-20 15:02: **********Train Epoch 255: averaged Loss: 0.022113
2026-05-20 15:02: **********Val Epoch 255: average Loss: 0.032355
2026-05-20 15:02: Train Epoch 256: 0/83 Loss: 0.012202
2026-05-20 15:02: Train Epoch 256: 20/83 Loss: 0.009804
2026-05-20 15:02: Train Epoch 256: 40/83 Loss: 0.033852
2026-05-20 15:02: Train Epoch 256: 60/83 Loss: 0.015919
2026-05-20 15:02: Train Epoch 256: 80/83 Loss: 0.011788
2026-05-20 15:02: **********Train Epoch 256: averaged Loss: 0.022318
2026-05-20 15:02: **********Val Epoch 256: average Loss: 0.039219
2026-05-20 15:02: Train Epoch 257: 0/83 Loss: 0.013120
2026-05-20 15:02: Train Epoch 257: 20/83 Loss: 0.005113
2026-05-20 15:03: Train Epoch 257: 40/83 Loss: 0.037853
2026-05-20 15:03: Train Epoch 257: 60/83 Loss: 0.024031
2026-05-20 15:03: Train Epoch 257: 80/83 Loss: 0.013980
2026-05-20 15:03: **********Train Epoch 257: averaged Loss: 0.022428
2026-05-20 15:03: **********Val Epoch 257: average Loss: 0.039482
2026-05-20 15:03: Train Epoch 258: 0/83 Loss: 0.016696
2026-05-20 15:03: Train Epoch 258: 20/83 Loss: 0.010969
2026-05-20 15:03: Train Epoch 258: 40/83 Loss: 0.041974
2026-05-20 15:03: Train Epoch 258: 60/83 Loss: 0.021108
2026-05-20 15:03: Train Epoch 258: 80/83 Loss: 0.030922
2026-05-20 15:03: **********Train Epoch 258: averaged Loss: 0.022489
2026-05-20 15:03: **********Val Epoch 258: average Loss: 0.039337
2026-05-20 15:03: Train Epoch 259: 0/83 Loss: 0.015287
2026-05-20 15:03: Train Epoch 259: 20/83 Loss: 0.004810
2026-05-20 15:03: Train Epoch 259: 40/83 Loss: 0.036836
2026-05-20 15:03: Train Epoch 259: 60/83 Loss: 0.016639
2026-05-20 15:03: Train Epoch 259: 80/83 Loss: 0.017862
2026-05-20 15:03: **********Train Epoch 259: averaged Loss: 0.022562
2026-05-20 15:03: **********Val Epoch 259: average Loss: 0.033660
2026-05-20 15:03: Train Epoch 260: 0/83 Loss: 0.012476
2026-05-20 15:03: Train Epoch 260: 20/83 Loss: 0.016878
2026-05-20 15:03: Train Epoch 260: 40/83 Loss: 0.041654
2026-05-20 15:03: Train Epoch 260: 60/83 Loss: 0.020879
2026-05-20 15:03: Train Epoch 260: 80/83 Loss: 0.011359
2026-05-20 15:03: **********Train Epoch 260: averaged Loss: 0.024743
2026-05-20 15:03: **********Val Epoch 260: average Loss: 0.042977
2026-05-20 15:03: Train Epoch 261: 0/83 Loss: 0.015650
2026-05-20 15:03: Train Epoch 261: 20/83 Loss: 0.016701
2026-05-20 15:03: Train Epoch 261: 40/83 Loss: 0.050651
2026-05-20 15:03: Train Epoch 261: 60/83 Loss: 0.017974
2026-05-20 15:03: Train Epoch 261: 80/83 Loss: 0.015358
2026-05-20 15:03: **********Train Epoch 261: averaged Loss: 0.022895
2026-05-20 15:03: **********Val Epoch 261: average Loss: 0.031715
2026-05-20 15:03: Train Epoch 262: 0/83 Loss: 0.012295
2026-05-20 15:03: Train Epoch 262: 20/83 Loss: 0.005384
2026-05-20 15:03: Train Epoch 262: 40/83 Loss: 0.035554
2026-05-20 15:03: Train Epoch 262: 60/83 Loss: 0.019525
2026-05-20 15:03: Train Epoch 262: 80/83 Loss: 0.017429
2026-05-20 15:03: **********Train Epoch 262: averaged Loss: 0.024427
2026-05-20 15:03: **********Val Epoch 262: average Loss: 0.037177
2026-05-20 15:03: Train Epoch 263: 0/83 Loss: 0.011734
2026-05-20 15:03: Train Epoch 263: 20/83 Loss: 0.011067
2026-05-20 15:03: Train Epoch 263: 40/83 Loss: 0.050320
2026-05-20 15:03: Train Epoch 263: 60/83 Loss: 0.012147
2026-05-20 15:03: Train Epoch 263: 80/83 Loss: 0.013345
2026-05-20 15:03: **********Train Epoch 263: averaged Loss: 0.024022
2026-05-20 15:03: **********Val Epoch 263: average Loss: 0.035531
2026-05-20 15:03: Train Epoch 264: 0/83 Loss: 0.011962
2026-05-20 15:03: Train Epoch 264: 20/83 Loss: 0.008772
2026-05-20 15:03: Train Epoch 264: 40/83 Loss: 0.035864
2026-05-20 15:03: Train Epoch 264: 60/83 Loss: 0.016294
2026-05-20 15:03: Train Epoch 264: 80/83 Loss: 0.018606
2026-05-20 15:03: **********Train Epoch 264: averaged Loss: 0.024065
2026-05-20 15:03: **********Val Epoch 264: average Loss: 0.038782
2026-05-20 15:03: Train Epoch 265: 0/83 Loss: 0.012823
2026-05-20 15:03: Train Epoch 265: 20/83 Loss: 0.006506
2026-05-20 15:03: Train Epoch 265: 40/83 Loss: 0.041498
2026-05-20 15:03: Train Epoch 265: 60/83 Loss: 0.023366
2026-05-20 15:03: Train Epoch 265: 80/83 Loss: 0.012952
2026-05-20 15:03: **********Train Epoch 265: averaged Loss: 0.023837
2026-05-20 15:03: **********Val Epoch 265: average Loss: 0.036166
2026-05-20 15:03: Train Epoch 266: 0/83 Loss: 0.012213
2026-05-20 15:03: Train Epoch 266: 20/83 Loss: 0.008426
2026-05-20 15:03: Train Epoch 266: 40/83 Loss: 0.030935
2026-05-20 15:03: Train Epoch 266: 60/83 Loss: 0.018914
2026-05-20 15:03: Train Epoch 266: 80/83 Loss: 0.017147
2026-05-20 15:03: **********Train Epoch 266: averaged Loss: 0.021571
2026-05-20 15:03: **********Val Epoch 266: average Loss: 0.035483
2026-05-20 15:03: Train Epoch 267: 0/83 Loss: 0.009887
2026-05-20 15:03: Train Epoch 267: 20/83 Loss: 0.006278
2026-05-20 15:03: Train Epoch 267: 40/83 Loss: 0.040031
2026-05-20 15:03: Train Epoch 267: 60/83 Loss: 0.013090
2026-05-20 15:03: Train Epoch 267: 80/83 Loss: 0.015079
2026-05-20 15:03: **********Train Epoch 267: averaged Loss: 0.019846
2026-05-20 15:03: **********Val Epoch 267: average Loss: 0.043006
2026-05-20 15:03: Train Epoch 268: 0/83 Loss: 0.018470
2026-05-20 15:03: Train Epoch 268: 20/83 Loss: 0.016203
2026-05-20 15:03: Train Epoch 268: 40/83 Loss: 0.038019
2026-05-20 15:03: Train Epoch 268: 60/83 Loss: 0.014440
2026-05-20 15:03: Train Epoch 268: 80/83 Loss: 0.017502
2026-05-20 15:03: **********Train Epoch 268: averaged Loss: 0.022499
2026-05-20 15:03: **********Val Epoch 268: average Loss: 0.035303
2026-05-20 15:03: Train Epoch 269: 0/83 Loss: 0.013025
2026-05-20 15:03: Train Epoch 269: 20/83 Loss: 0.008056
2026-05-20 15:03: Train Epoch 269: 40/83 Loss: 0.041835
2026-05-20 15:03: Train Epoch 269: 60/83 Loss: 0.022868
2026-05-20 15:03: Train Epoch 269: 80/83 Loss: 0.022156
2026-05-20 15:03: **********Train Epoch 269: averaged Loss: 0.022095
2026-05-20 15:03: **********Val Epoch 269: average Loss: 0.033127
2026-05-20 15:03: Train Epoch 270: 0/83 Loss: 0.010435
2026-05-20 15:03: Train Epoch 270: 20/83 Loss: 0.017474
2026-05-20 15:03: Train Epoch 270: 40/83 Loss: 0.047529
2026-05-20 15:03: Train Epoch 270: 60/83 Loss: 0.016922
2026-05-20 15:03: Train Epoch 270: 80/83 Loss: 0.021983
2026-05-20 15:03: **********Train Epoch 270: averaged Loss: 0.025060
2026-05-20 15:03: **********Val Epoch 270: average Loss: 0.035234
2026-05-20 15:03: Train Epoch 271: 0/83 Loss: 0.012091
2026-05-20 15:03: Train Epoch 271: 20/83 Loss: 0.007570
2026-05-20 15:03: Train Epoch 271: 40/83 Loss: 0.035020
2026-05-20 15:03: Train Epoch 271: 60/83 Loss: 0.018279
2026-05-20 15:03: Train Epoch 271: 80/83 Loss: 0.020357
2026-05-20 15:03: **********Train Epoch 271: averaged Loss: 0.020467
2026-05-20 15:03: **********Val Epoch 271: average Loss: 0.034131
2026-05-20 15:03: Train Epoch 272: 0/83 Loss: 0.013040
2026-05-20 15:03: Train Epoch 272: 20/83 Loss: 0.019433
2026-05-20 15:03: Train Epoch 272: 40/83 Loss: 0.052737
2026-05-20 15:03: Train Epoch 272: 60/83 Loss: 0.013622
2026-05-20 15:03: Train Epoch 272: 80/83 Loss: 0.025335
2026-05-20 15:03: **********Train Epoch 272: averaged Loss: 0.024030
2026-05-20 15:03: **********Val Epoch 272: average Loss: 0.035045
2026-05-20 15:03: Train Epoch 273: 0/83 Loss: 0.012366
2026-05-20 15:03: Train Epoch 273: 20/83 Loss: 0.006634
2026-05-20 15:03: Train Epoch 273: 40/83 Loss: 0.035933
2026-05-20 15:04: Train Epoch 273: 60/83 Loss: 0.012187
2026-05-20 15:04: Train Epoch 273: 80/83 Loss: 0.012181
2026-05-20 15:04: **********Train Epoch 273: averaged Loss: 0.020763
2026-05-20 15:04: **********Val Epoch 273: average Loss: 0.035743
2026-05-20 15:04: Train Epoch 274: 0/83 Loss: 0.010462
2026-05-20 15:04: Train Epoch 274: 20/83 Loss: 0.007578
2026-05-20 15:04: Train Epoch 274: 40/83 Loss: 0.036953
2026-05-20 15:04: Train Epoch 274: 60/83 Loss: 0.023402
2026-05-20 15:04: Train Epoch 274: 80/83 Loss: 0.011815
2026-05-20 15:04: **********Train Epoch 274: averaged Loss: 0.021864
2026-05-20 15:04: **********Val Epoch 274: average Loss: 0.041601
2026-05-20 15:04: Train Epoch 275: 0/83 Loss: 0.013841
2026-05-20 15:04: Train Epoch 275: 20/83 Loss: 0.012310
2026-05-20 15:04: Train Epoch 275: 40/83 Loss: 0.044909
2026-05-20 15:04: Train Epoch 275: 60/83 Loss: 0.015029
2026-05-20 15:04: Train Epoch 275: 80/83 Loss: 0.011824
2026-05-20 15:04: **********Train Epoch 275: averaged Loss: 0.022361
2026-05-20 15:04: **********Val Epoch 275: average Loss: 0.031637
2026-05-20 15:04: Train Epoch 276: 0/83 Loss: 0.011605
2026-05-20 15:04: Train Epoch 276: 20/83 Loss: 0.005672
2026-05-20 15:04: Train Epoch 276: 40/83 Loss: 0.046733
2026-05-20 15:04: Train Epoch 276: 60/83 Loss: 0.012073
2026-05-20 15:04: Train Epoch 276: 80/83 Loss: 0.015894
2026-05-20 15:04: **********Train Epoch 276: averaged Loss: 0.021803
2026-05-20 15:04: **********Val Epoch 276: average Loss: 0.027328
2026-05-20 15:04: *********************************Current best model saved!
2026-05-20 15:04: Train Epoch 277: 0/83 Loss: 0.012251
2026-05-20 15:04: Train Epoch 277: 20/83 Loss: 0.006443
2026-05-20 15:04: Train Epoch 277: 40/83 Loss: 0.033894
2026-05-20 15:04: Train Epoch 277: 60/83 Loss: 0.011754
2026-05-20 15:04: Train Epoch 277: 80/83 Loss: 0.018979
2026-05-20 15:04: **********Train Epoch 277: averaged Loss: 0.022934
2026-05-20 15:04: **********Val Epoch 277: average Loss: 0.038052
2026-05-20 15:04: Train Epoch 278: 0/83 Loss: 0.010295
2026-05-20 15:04: Train Epoch 278: 20/83 Loss: 0.007260
2026-05-20 15:04: Train Epoch 278: 40/83 Loss: 0.045265
2026-05-20 15:04: Train Epoch 278: 60/83 Loss: 0.015349
2026-05-20 15:04: Train Epoch 278: 80/83 Loss: 0.014471
2026-05-20 15:04: **********Train Epoch 278: averaged Loss: 0.021146
2026-05-20 15:04: **********Val Epoch 278: average Loss: 0.033190
2026-05-20 15:04: Train Epoch 279: 0/83 Loss: 0.011258
2026-05-20 15:04: Train Epoch 279: 20/83 Loss: 0.007639
2026-05-20 15:04: Train Epoch 279: 40/83 Loss: 0.041655
2026-05-20 15:04: Train Epoch 279: 60/83 Loss: 0.014506
2026-05-20 15:04: Train Epoch 279: 80/83 Loss: 0.025027
2026-05-20 15:04: **********Train Epoch 279: averaged Loss: 0.020369
2026-05-20 15:04: **********Val Epoch 279: average Loss: 0.040613
2026-05-20 15:04: Train Epoch 280: 0/83 Loss: 0.017487
2026-05-20 15:04: Train Epoch 280: 20/83 Loss: 0.005692
2026-05-20 15:04: Train Epoch 280: 40/83 Loss: 0.032185
2026-05-20 15:04: Train Epoch 280: 60/83 Loss: 0.020334
2026-05-20 15:04: Train Epoch 280: 80/83 Loss: 0.011882
2026-05-20 15:04: **********Train Epoch 280: averaged Loss: 0.024546
2026-05-20 15:04: **********Val Epoch 280: average Loss: 0.050221
2026-05-20 15:04: Train Epoch 281: 0/83 Loss: 0.015613
2026-05-20 15:04: Train Epoch 281: 20/83 Loss: 0.010484
2026-05-20 15:04: Train Epoch 281: 40/83 Loss: 0.037255
2026-05-20 15:04: Train Epoch 281: 60/83 Loss: 0.019367
2026-05-20 15:04: Train Epoch 281: 80/83 Loss: 0.013305
2026-05-20 15:04: **********Train Epoch 281: averaged Loss: 0.021088
2026-05-20 15:04: **********Val Epoch 281: average Loss: 0.040860
2026-05-20 15:04: Train Epoch 282: 0/83 Loss: 0.012269
2026-05-20 15:04: Train Epoch 282: 20/83 Loss: 0.005028
2026-05-20 15:04: Train Epoch 282: 40/83 Loss: 0.037195
2026-05-20 15:04: Train Epoch 282: 60/83 Loss: 0.017769
2026-05-20 15:04: Train Epoch 282: 80/83 Loss: 0.013832
2026-05-20 15:04: **********Train Epoch 282: averaged Loss: 0.021283
2026-05-20 15:04: **********Val Epoch 282: average Loss: 0.036386
2026-05-20 15:04: Train Epoch 283: 0/83 Loss: 0.011835
2026-05-20 15:04: Train Epoch 283: 20/83 Loss: 0.007891
2026-05-20 15:04: Train Epoch 283: 40/83 Loss: 0.037706
2026-05-20 15:04: Train Epoch 283: 60/83 Loss: 0.013901
2026-05-20 15:04: Train Epoch 283: 80/83 Loss: 0.011428
2026-05-20 15:04: **********Train Epoch 283: averaged Loss: 0.021348
2026-05-20 15:04: **********Val Epoch 283: average Loss: 0.049510
2026-05-20 15:04: Train Epoch 284: 0/83 Loss: 0.017345
2026-05-20 15:04: Train Epoch 284: 20/83 Loss: 0.010102
2026-05-20 15:04: Train Epoch 284: 40/83 Loss: 0.043317
2026-05-20 15:04: Train Epoch 284: 60/83 Loss: 0.015878
2026-05-20 15:04: Train Epoch 284: 80/83 Loss: 0.013458
2026-05-20 15:04: **********Train Epoch 284: averaged Loss: 0.020906
2026-05-20 15:04: **********Val Epoch 284: average Loss: 0.035872
2026-05-20 15:04: Train Epoch 285: 0/83 Loss: 0.011356
2026-05-20 15:04: Train Epoch 285: 20/83 Loss: 0.005268
2026-05-20 15:04: Train Epoch 285: 40/83 Loss: 0.043498
2026-05-20 15:04: Train Epoch 285: 60/83 Loss: 0.012849
2026-05-20 15:04: Train Epoch 285: 80/83 Loss: 0.013521
2026-05-20 15:04: **********Train Epoch 285: averaged Loss: 0.021255
2026-05-20 15:04: **********Val Epoch 285: average Loss: 0.037596
2026-05-20 15:04: Train Epoch 286: 0/83 Loss: 0.010192
2026-05-20 15:04: Train Epoch 286: 20/83 Loss: 0.007242
2026-05-20 15:04: Train Epoch 286: 40/83 Loss: 0.045181
2026-05-20 15:04: Train Epoch 286: 60/83 Loss: 0.013102
2026-05-20 15:04: Train Epoch 286: 80/83 Loss: 0.013203
2026-05-20 15:04: **********Train Epoch 286: averaged Loss: 0.021521
2026-05-20 15:04: **********Val Epoch 286: average Loss: 0.032281
2026-05-20 15:04: Train Epoch 287: 0/83 Loss: 0.012672
2026-05-20 15:04: Train Epoch 287: 20/83 Loss: 0.005012
2026-05-20 15:04: Train Epoch 287: 40/83 Loss: 0.036939
2026-05-20 15:04: Train Epoch 287: 60/83 Loss: 0.016088
2026-05-20 15:04: Train Epoch 287: 80/83 Loss: 0.018804
2026-05-20 15:04: **********Train Epoch 287: averaged Loss: 0.021439
2026-05-20 15:04: **********Val Epoch 287: average Loss: 0.032843
2026-05-20 15:04: Train Epoch 288: 0/83 Loss: 0.010301
2026-05-20 15:04: Train Epoch 288: 20/83 Loss: 0.006876
2026-05-20 15:04: Train Epoch 288: 40/83 Loss: 0.036760
2026-05-20 15:04: Train Epoch 288: 60/83 Loss: 0.012979
2026-05-20 15:04: Train Epoch 288: 80/83 Loss: 0.015767
2026-05-20 15:04: **********Train Epoch 288: averaged Loss: 0.020568
2026-05-20 15:04: **********Val Epoch 288: average Loss: 0.032180
2026-05-20 15:04: Train Epoch 289: 0/83 Loss: 0.012360
2026-05-20 15:04: Train Epoch 289: 20/83 Loss: 0.007693
2026-05-20 15:04: Train Epoch 289: 40/83 Loss: 0.036532
2026-05-20 15:04: Train Epoch 289: 60/83 Loss: 0.016712
2026-05-20 15:04: Train Epoch 289: 80/83 Loss: 0.018862
2026-05-20 15:04: **********Train Epoch 289: averaged Loss: 0.020180
2026-05-20 15:04: **********Val Epoch 289: average Loss: 0.029847
2026-05-20 15:04: Train Epoch 290: 0/83 Loss: 0.011247
2026-05-20 15:05: Train Epoch 290: 20/83 Loss: 0.008371
2026-05-20 15:05: Train Epoch 290: 40/83 Loss: 0.030528
2026-05-20 15:05: Train Epoch 290: 60/83 Loss: 0.018754
2026-05-20 15:05: Train Epoch 290: 80/83 Loss: 0.011262
2026-05-20 15:05: **********Train Epoch 290: averaged Loss: 0.023762
2026-05-20 15:05: **********Val Epoch 290: average Loss: 0.034676
2026-05-20 15:05: Train Epoch 291: 0/83 Loss: 0.012674
2026-05-20 15:05: Train Epoch 291: 20/83 Loss: 0.005385
2026-05-20 15:05: Train Epoch 291: 40/83 Loss: 0.034041
2026-05-20 15:05: Train Epoch 291: 60/83 Loss: 0.012309
2026-05-20 15:05: Train Epoch 291: 80/83 Loss: 0.011304
2026-05-20 15:05: **********Train Epoch 291: averaged Loss: 0.019146
2026-05-20 15:05: **********Val Epoch 291: average Loss: 0.039886
2026-05-20 15:05: Train Epoch 292: 0/83 Loss: 0.015482
2026-05-20 15:05: Train Epoch 292: 20/83 Loss: 0.013532
2026-05-20 15:05: Train Epoch 292: 40/83 Loss: 0.039641
2026-05-20 15:05: Train Epoch 292: 60/83 Loss: 0.015765
2026-05-20 15:05: Train Epoch 292: 80/83 Loss: 0.014977
2026-05-20 15:05: **********Train Epoch 292: averaged Loss: 0.021843
2026-05-20 15:05: **********Val Epoch 292: average Loss: 0.033633
2026-05-20 15:05: Train Epoch 293: 0/83 Loss: 0.013295
2026-05-20 15:05: Train Epoch 293: 20/83 Loss: 0.005645
2026-05-20 15:05: Train Epoch 293: 40/83 Loss: 0.038683
2026-05-20 15:05: Train Epoch 293: 60/83 Loss: 0.012217
2026-05-20 15:05: Train Epoch 293: 80/83 Loss: 0.010337
2026-05-20 15:05: **********Train Epoch 293: averaged Loss: 0.022310
2026-05-20 15:05: **********Val Epoch 293: average Loss: 0.039429
2026-05-20 15:05: Train Epoch 294: 0/83 Loss: 0.014759
2026-05-20 15:05: Train Epoch 294: 20/83 Loss: 0.007389
2026-05-20 15:05: Train Epoch 294: 40/83 Loss: 0.041082
2026-05-20 15:05: Train Epoch 294: 60/83 Loss: 0.013134
2026-05-20 15:05: Train Epoch 294: 80/83 Loss: 0.013812
2026-05-20 15:05: **********Train Epoch 294: averaged Loss: 0.020643
2026-05-20 15:05: **********Val Epoch 294: average Loss: 0.036556
2026-05-20 15:05: Train Epoch 295: 0/83 Loss: 0.013463
2026-05-20 15:05: Train Epoch 295: 20/83 Loss: 0.006631
2026-05-20 15:05: Train Epoch 295: 40/83 Loss: 0.036710
2026-05-20 15:05: Train Epoch 295: 60/83 Loss: 0.014067
2026-05-20 15:05: Train Epoch 295: 80/83 Loss: 0.015065
2026-05-20 15:05: **********Train Epoch 295: averaged Loss: 0.020326
2026-05-20 15:05: **********Val Epoch 295: average Loss: 0.038391
2026-05-20 15:05: Train Epoch 296: 0/83 Loss: 0.012133
2026-05-20 15:05: Train Epoch 296: 20/83 Loss: 0.005443
2026-05-20 15:05: Train Epoch 296: 40/83 Loss: 0.035093
2026-05-20 15:05: Train Epoch 296: 60/83 Loss: 0.011720
2026-05-20 15:05: Train Epoch 296: 80/83 Loss: 0.012214
2026-05-20 15:05: **********Train Epoch 296: averaged Loss: 0.020786
2026-05-20 15:05: **********Val Epoch 296: average Loss: 0.039755
2026-05-20 15:05: Train Epoch 297: 0/83 Loss: 0.013311
2026-05-20 15:05: Train Epoch 297: 20/83 Loss: 0.006478
2026-05-20 15:05: Train Epoch 297: 40/83 Loss: 0.038624
2026-05-20 15:05: Train Epoch 297: 60/83 Loss: 0.015111
2026-05-20 15:05: Train Epoch 297: 80/83 Loss: 0.026104
2026-05-20 15:05: **********Train Epoch 297: averaged Loss: 0.019036
2026-05-20 15:05: **********Val Epoch 297: average Loss: 0.033576
2026-05-20 15:05: Train Epoch 298: 0/83 Loss: 0.015777
2026-05-20 15:05: Train Epoch 298: 20/83 Loss: 0.007873
2026-05-20 15:05: Train Epoch 298: 40/83 Loss: 0.035297
2026-05-20 15:05: Train Epoch 298: 60/83 Loss: 0.014359
2026-05-20 15:05: Train Epoch 298: 80/83 Loss: 0.013452
2026-05-20 15:05: **********Train Epoch 298: averaged Loss: 0.020844
2026-05-20 15:05: **********Val Epoch 298: average Loss: 0.034344
2026-05-20 15:05: Train Epoch 299: 0/83 Loss: 0.010235
2026-05-20 15:05: Train Epoch 299: 20/83 Loss: 0.005292
2026-05-20 15:05: Train Epoch 299: 40/83 Loss: 0.029795
2026-05-20 15:05: Train Epoch 299: 60/83 Loss: 0.012174
2026-05-20 15:05: Train Epoch 299: 80/83 Loss: 0.011889
2026-05-20 15:05: **********Train Epoch 299: averaged Loss: 0.020319
2026-05-20 15:05: **********Val Epoch 299: average Loss: 0.041943
2026-05-20 15:05: Train Epoch 300: 0/83 Loss: 0.013016
2026-05-20 15:05: Train Epoch 300: 20/83 Loss: 0.004316
2026-05-20 15:05: Train Epoch 300: 40/83 Loss: 0.029242
2026-05-20 15:05: Train Epoch 300: 60/83 Loss: 0.013939
2026-05-20 15:05: Train Epoch 300: 80/83 Loss: 0.011248
2026-05-20 15:05: **********Train Epoch 300: averaged Loss: 0.019010
2026-05-20 15:05: **********Val Epoch 300: average Loss: 0.040665
2026-05-20 15:05: Train Epoch 301: 0/83 Loss: 0.011176
2026-05-20 15:05: Train Epoch 301: 20/83 Loss: 0.010796
2026-05-20 15:05: Train Epoch 301: 40/83 Loss: 0.035700
2026-05-20 15:05: Train Epoch 301: 60/83 Loss: 0.015369
2026-05-20 15:05: Train Epoch 301: 80/83 Loss: 0.012148
2026-05-20 15:05: **********Train Epoch 301: averaged Loss: 0.019161
2026-05-20 15:05: **********Val Epoch 301: average Loss: 0.040803
2026-05-20 15:05: Train Epoch 302: 0/83 Loss: 0.014361
2026-05-20 15:05: Train Epoch 302: 20/83 Loss: 0.014317
2026-05-20 15:05: Train Epoch 302: 40/83 Loss: 0.041120
2026-05-20 15:05: Train Epoch 302: 60/83 Loss: 0.015358
2026-05-20 15:05: Train Epoch 302: 80/83 Loss: 0.017655
2026-05-20 15:05: **********Train Epoch 302: averaged Loss: 0.021575
2026-05-20 15:05: **********Val Epoch 302: average Loss: 0.031158
2026-05-20 15:05: Train Epoch 303: 0/83 Loss: 0.011369
2026-05-20 15:05: Train Epoch 303: 20/83 Loss: 0.013306
2026-05-20 15:05: Train Epoch 303: 40/83 Loss: 0.035905
2026-05-20 15:05: Train Epoch 303: 60/83 Loss: 0.011830
2026-05-20 15:05: Train Epoch 303: 80/83 Loss: 0.014061
2026-05-20 15:05: **********Train Epoch 303: averaged Loss: 0.020185
2026-05-20 15:05: **********Val Epoch 303: average Loss: 0.034222
2026-05-20 15:05: Train Epoch 304: 0/83 Loss: 0.010540
2026-05-20 15:05: Train Epoch 304: 20/83 Loss: 0.016745
2026-05-20 15:05: Train Epoch 304: 40/83 Loss: 0.040840
2026-05-20 15:05: Train Epoch 304: 60/83 Loss: 0.016647
2026-05-20 15:05: Train Epoch 304: 80/83 Loss: 0.018466
2026-05-20 15:05: **********Train Epoch 304: averaged Loss: 0.021755
2026-05-20 15:05: **********Val Epoch 304: average Loss: 0.033006
2026-05-20 15:05: Train Epoch 305: 0/83 Loss: 0.011571
2026-05-20 15:05: Train Epoch 305: 20/83 Loss: 0.006622
2026-05-20 15:05: Train Epoch 305: 40/83 Loss: 0.034423
2026-05-20 15:05: Train Epoch 305: 60/83 Loss: 0.012389
2026-05-20 15:05: Train Epoch 305: 80/83 Loss: 0.010412
2026-05-20 15:05: **********Train Epoch 305: averaged Loss: 0.020270
2026-05-20 15:05: **********Val Epoch 305: average Loss: 0.041746
2026-05-20 15:05: Train Epoch 306: 0/83 Loss: 0.013127
2026-05-20 15:05: Train Epoch 306: 20/83 Loss: 0.008816
2026-05-20 15:06: Train Epoch 306: 40/83 Loss: 0.034693
2026-05-20 15:06: Train Epoch 306: 60/83 Loss: 0.016007
2026-05-20 15:06: Train Epoch 306: 80/83 Loss: 0.013930
2026-05-20 15:06: **********Train Epoch 306: averaged Loss: 0.019524
2026-05-20 15:06: **********Val Epoch 306: average Loss: 0.035799
2026-05-20 15:06: Train Epoch 307: 0/83 Loss: 0.011630
2026-05-20 15:06: Train Epoch 307: 20/83 Loss: 0.005391
2026-05-20 15:06: Train Epoch 307: 40/83 Loss: 0.033606
2026-05-20 15:06: Train Epoch 307: 60/83 Loss: 0.016124
2026-05-20 15:06: Train Epoch 307: 80/83 Loss: 0.014530
2026-05-20 15:06: **********Train Epoch 307: averaged Loss: 0.019354
2026-05-20 15:06: **********Val Epoch 307: average Loss: 0.035939
2026-05-20 15:06: Train Epoch 308: 0/83 Loss: 0.010531
2026-05-20 15:06: Train Epoch 308: 20/83 Loss: 0.004551
2026-05-20 15:06: Train Epoch 308: 40/83 Loss: 0.037186
2026-05-20 15:06: Train Epoch 308: 60/83 Loss: 0.016471
2026-05-20 15:06: Train Epoch 308: 80/83 Loss: 0.015753
2026-05-20 15:06: **********Train Epoch 308: averaged Loss: 0.018462
2026-05-20 15:06: **********Val Epoch 308: average Loss: 0.041169
2026-05-20 15:06: Train Epoch 309: 0/83 Loss: 0.014985
2026-05-20 15:06: Train Epoch 309: 20/83 Loss: 0.005397
2026-05-20 15:06: Train Epoch 309: 40/83 Loss: 0.029322
2026-05-20 15:06: Train Epoch 309: 60/83 Loss: 0.012804
2026-05-20 15:06: Train Epoch 309: 80/83 Loss: 0.010694
2026-05-20 15:06: **********Train Epoch 309: averaged Loss: 0.019421
2026-05-20 15:06: **********Val Epoch 309: average Loss: 0.046667
2026-05-20 15:06: Train Epoch 310: 0/83 Loss: 0.023364
2026-05-20 15:06: Train Epoch 310: 20/83 Loss: 0.005967
2026-05-20 15:06: Train Epoch 310: 40/83 Loss: 0.031772
2026-05-20 15:06: Train Epoch 310: 60/83 Loss: 0.018228
2026-05-20 15:06: Train Epoch 310: 80/83 Loss: 0.011297
2026-05-20 15:06: **********Train Epoch 310: averaged Loss: 0.019116
2026-05-20 15:06: **********Val Epoch 310: average Loss: 0.035431
2026-05-20 15:06: Train Epoch 311: 0/83 Loss: 0.010202
2026-05-20 15:06: Train Epoch 311: 20/83 Loss: 0.006052
2026-05-20 15:06: Train Epoch 311: 40/83 Loss: 0.038479
2026-05-20 15:06: Train Epoch 311: 60/83 Loss: 0.013953
2026-05-20 15:06: Train Epoch 311: 80/83 Loss: 0.011973
2026-05-20 15:06: **********Train Epoch 311: averaged Loss: 0.019101
2026-05-20 15:06: **********Val Epoch 311: average Loss: 0.033779
2026-05-20 15:06: Train Epoch 312: 0/83 Loss: 0.009327
2026-05-20 15:06: Train Epoch 312: 20/83 Loss: 0.007023
2026-05-20 15:06: Train Epoch 312: 40/83 Loss: 0.033322
2026-05-20 15:06: Train Epoch 312: 60/83 Loss: 0.014745
2026-05-20 15:06: Train Epoch 312: 80/83 Loss: 0.010111
2026-05-20 15:06: **********Train Epoch 312: averaged Loss: 0.019436
2026-05-20 15:06: **********Val Epoch 312: average Loss: 0.041367
2026-05-20 15:06: Train Epoch 313: 0/83 Loss: 0.018541
2026-05-20 15:06: Train Epoch 313: 20/83 Loss: 0.006361
2026-05-20 15:06: Train Epoch 313: 40/83 Loss: 0.036292
2026-05-20 15:06: Train Epoch 313: 60/83 Loss: 0.012390
2026-05-20 15:06: Train Epoch 313: 80/83 Loss: 0.012160
2026-05-20 15:06: **********Train Epoch 313: averaged Loss: 0.019104
2026-05-20 15:06: **********Val Epoch 313: average Loss: 0.050018
2026-05-20 15:06: Train Epoch 314: 0/83 Loss: 0.022759
2026-05-20 15:06: Train Epoch 314: 20/83 Loss: 0.009956
2026-05-20 15:06: Train Epoch 314: 40/83 Loss: 0.034019
2026-05-20 15:06: Train Epoch 314: 60/83 Loss: 0.013024
2026-05-20 15:06: Train Epoch 314: 80/83 Loss: 0.010137
2026-05-20 15:06: **********Train Epoch 314: averaged Loss: 0.019147
2026-05-20 15:06: **********Val Epoch 314: average Loss: 0.037238
2026-05-20 15:06: Train Epoch 315: 0/83 Loss: 0.011772
2026-05-20 15:06: Train Epoch 315: 20/83 Loss: 0.004173
2026-05-20 15:06: Train Epoch 315: 40/83 Loss: 0.037883
2026-05-20 15:06: Train Epoch 315: 60/83 Loss: 0.011134
2026-05-20 15:06: Train Epoch 315: 80/83 Loss: 0.010738
2026-05-20 15:06: **********Train Epoch 315: averaged Loss: 0.018316
2026-05-20 15:06: **********Val Epoch 315: average Loss: 0.036826
2026-05-20 15:06: Train Epoch 316: 0/83 Loss: 0.012527
2026-05-20 15:06: Train Epoch 316: 20/83 Loss: 0.006879
2026-05-20 15:06: Train Epoch 316: 40/83 Loss: 0.050782
2026-05-20 15:06: Train Epoch 316: 60/83 Loss: 0.012143
2026-05-20 15:06: Train Epoch 316: 80/83 Loss: 0.011440
2026-05-20 15:06: **********Train Epoch 316: averaged Loss: 0.021192
2026-05-20 15:06: **********Val Epoch 316: average Loss: 0.033263
2026-05-20 15:06: Train Epoch 317: 0/83 Loss: 0.011001
2026-05-20 15:06: Train Epoch 317: 20/83 Loss: 0.004834
2026-05-20 15:06: Train Epoch 317: 40/83 Loss: 0.036652
2026-05-20 15:06: Train Epoch 317: 60/83 Loss: 0.010982
2026-05-20 15:06: Train Epoch 317: 80/83 Loss: 0.014698
2026-05-20 15:06: **********Train Epoch 317: averaged Loss: 0.020329
2026-05-20 15:06: **********Val Epoch 317: average Loss: 0.028656
2026-05-20 15:06: Train Epoch 318: 0/83 Loss: 0.010094
2026-05-20 15:06: Train Epoch 318: 20/83 Loss: 0.003605
2026-05-20 15:06: Train Epoch 318: 40/83 Loss: 0.034711
2026-05-20 15:06: Train Epoch 318: 60/83 Loss: 0.015070
2026-05-20 15:06: Train Epoch 318: 80/83 Loss: 0.010339
2026-05-20 15:06: **********Train Epoch 318: averaged Loss: 0.018811
2026-05-20 15:06: **********Val Epoch 318: average Loss: 0.043757
2026-05-20 15:06: Train Epoch 319: 0/83 Loss: 0.015343
2026-05-20 15:06: Train Epoch 319: 20/83 Loss: 0.010326
2026-05-20 15:06: Train Epoch 319: 40/83 Loss: 0.026514
2026-05-20 15:06: Train Epoch 319: 60/83 Loss: 0.011234
2026-05-20 15:06: Train Epoch 319: 80/83 Loss: 0.011446
2026-05-20 15:06: **********Train Epoch 319: averaged Loss: 0.017820
2026-05-20 15:06: **********Val Epoch 319: average Loss: 0.045937
2026-05-20 15:06: Train Epoch 320: 0/83 Loss: 0.016630
2026-05-20 15:06: Train Epoch 320: 20/83 Loss: 0.007088
2026-05-20 15:06: Train Epoch 320: 40/83 Loss: 0.032672
2026-05-20 15:06: Train Epoch 320: 60/83 Loss: 0.019978
2026-05-20 15:06: Train Epoch 320: 80/83 Loss: 0.010736
2026-05-20 15:06: **********Train Epoch 320: averaged Loss: 0.017675
2026-05-20 15:06: **********Val Epoch 320: average Loss: 0.034330
2026-05-20 15:06: Train Epoch 321: 0/83 Loss: 0.011446
2026-05-20 15:06: Train Epoch 321: 20/83 Loss: 0.010936
2026-05-20 15:06: Train Epoch 321: 40/83 Loss: 0.031156
2026-05-20 15:06: Train Epoch 321: 60/83 Loss: 0.014464
2026-05-20 15:07: Train Epoch 321: 80/83 Loss: 0.013585
2026-05-20 15:07: **********Train Epoch 321: averaged Loss: 0.017557
2026-05-20 15:07: **********Val Epoch 321: average Loss: 0.043134
2026-05-20 15:07: Train Epoch 322: 0/83 Loss: 0.018348
2026-05-20 15:07: Train Epoch 322: 20/83 Loss: 0.008932
2026-05-20 15:07: Train Epoch 322: 40/83 Loss: 0.032609
2026-05-20 15:07: Train Epoch 322: 60/83 Loss: 0.011372
2026-05-20 15:07: Train Epoch 322: 80/83 Loss: 0.011136
2026-05-20 15:07: **********Train Epoch 322: averaged Loss: 0.017796
2026-05-20 15:07: **********Val Epoch 322: average Loss: 0.039518
2026-05-20 15:07: Train Epoch 323: 0/83 Loss: 0.013443
2026-05-20 15:07: Train Epoch 323: 20/83 Loss: 0.004028
2026-05-20 15:07: Train Epoch 323: 40/83 Loss: 0.032590
2026-05-20 15:07: Train Epoch 323: 60/83 Loss: 0.014311
2026-05-20 15:07: Train Epoch 323: 80/83 Loss: 0.013415
2026-05-20 15:07: **********Train Epoch 323: averaged Loss: 0.016785
2026-05-20 15:07: **********Val Epoch 323: average Loss: 0.050239
2026-05-20 15:07: Train Epoch 324: 0/83 Loss: 0.023341
2026-05-20 15:07: Train Epoch 324: 20/83 Loss: 0.013775
2026-05-20 15:07: Train Epoch 324: 40/83 Loss: 0.028967
2026-05-20 15:07: Train Epoch 324: 60/83 Loss: 0.011973
2026-05-20 15:07: Train Epoch 324: 80/83 Loss: 0.012180
2026-05-20 15:07: **********Train Epoch 324: averaged Loss: 0.018164
2026-05-20 15:07: **********Val Epoch 324: average Loss: 0.028847
2026-05-20 15:07: Train Epoch 325: 0/83 Loss: 0.010688
2026-05-20 15:07: Train Epoch 325: 20/83 Loss: 0.007036
2026-05-20 15:07: Train Epoch 325: 40/83 Loss: 0.034358
2026-05-20 15:07: Train Epoch 325: 60/83 Loss: 0.011168
2026-05-20 15:07: Train Epoch 325: 80/83 Loss: 0.013515
2026-05-20 15:07: **********Train Epoch 325: averaged Loss: 0.018445
2026-05-20 15:07: **********Val Epoch 325: average Loss: 0.031631
2026-05-20 15:07: Train Epoch 326: 0/83 Loss: 0.009504
2026-05-20 15:07: Train Epoch 326: 20/83 Loss: 0.004600
2026-05-20 15:07: Train Epoch 326: 40/83 Loss: 0.034204
2026-05-20 15:07: Train Epoch 326: 60/83 Loss: 0.014807
2026-05-20 15:07: Train Epoch 326: 80/83 Loss: 0.009977
2026-05-20 15:07: **********Train Epoch 326: averaged Loss: 0.019298
2026-05-20 15:07: **********Val Epoch 326: average Loss: 0.040568
2026-05-20 15:07: Train Epoch 327: 0/83 Loss: 0.013214
2026-05-20 15:07: Train Epoch 327: 20/83 Loss: 0.005078
2026-05-20 15:07: Train Epoch 327: 40/83 Loss: 0.023406
2026-05-20 15:07: Train Epoch 327: 60/83 Loss: 0.011884
2026-05-20 15:07: Train Epoch 327: 80/83 Loss: 0.011058
2026-05-20 15:07: **********Train Epoch 327: averaged Loss: 0.018212
2026-05-20 15:07: **********Val Epoch 327: average Loss: 0.047826
2026-05-20 15:07: Train Epoch 328: 0/83 Loss: 0.023162
2026-05-20 15:07: Train Epoch 328: 20/83 Loss: 0.003877
2026-05-20 15:07: Train Epoch 328: 40/83 Loss: 0.027877
2026-05-20 15:07: Train Epoch 328: 60/83 Loss: 0.014006
2026-05-20 15:07: Train Epoch 328: 80/83 Loss: 0.011956
2026-05-20 15:07: **********Train Epoch 328: averaged Loss: 0.016224
2026-05-20 15:07: **********Val Epoch 328: average Loss: 0.045334
2026-05-20 15:07: Train Epoch 329: 0/83 Loss: 0.012079
2026-05-20 15:07: Train Epoch 329: 20/83 Loss: 0.004829
2026-05-20 15:07: Train Epoch 329: 40/83 Loss: 0.025860
2026-05-20 15:07: Train Epoch 329: 60/83 Loss: 0.010788
2026-05-20 15:07: Train Epoch 329: 80/83 Loss: 0.010119
2026-05-20 15:07: **********Train Epoch 329: averaged Loss: 0.016409
2026-05-20 15:07: **********Val Epoch 329: average Loss: 0.039350
2026-05-20 15:07: Train Epoch 330: 0/83 Loss: 0.012575
2026-05-20 15:07: Train Epoch 330: 20/83 Loss: 0.004688
2026-05-20 15:07: Train Epoch 330: 40/83 Loss: 0.028032
2026-05-20 15:07: Train Epoch 330: 60/83 Loss: 0.011923
2026-05-20 15:07: Train Epoch 330: 80/83 Loss: 0.010096
2026-05-20 15:07: **********Train Epoch 330: averaged Loss: 0.016871
2026-05-20 15:07: **********Val Epoch 330: average Loss: 0.047289
2026-05-20 15:07: Train Epoch 331: 0/83 Loss: 0.014714
2026-05-20 15:07: Train Epoch 331: 20/83 Loss: 0.005906
2026-05-20 15:07: Train Epoch 331: 40/83 Loss: 0.028022
2026-05-20 15:07: Train Epoch 331: 60/83 Loss: 0.011583
2026-05-20 15:07: Train Epoch 331: 80/83 Loss: 0.010280
2026-05-20 15:07: **********Train Epoch 331: averaged Loss: 0.016957
2026-05-20 15:07: **********Val Epoch 331: average Loss: 0.034882
2026-05-20 15:07: Train Epoch 332: 0/83 Loss: 0.009411
2026-05-20 15:07: Train Epoch 332: 20/83 Loss: 0.004970
2026-05-20 15:07: Train Epoch 332: 40/83 Loss: 0.031584
2026-05-20 15:07: Train Epoch 332: 60/83 Loss: 0.014583
2026-05-20 15:07: Train Epoch 332: 80/83 Loss: 0.009336
2026-05-20 15:07: **********Train Epoch 332: averaged Loss: 0.015843
2026-05-20 15:07: **********Val Epoch 332: average Loss: 0.037407
2026-05-20 15:07: Train Epoch 333: 0/83 Loss: 0.011953
2026-05-20 15:07: Train Epoch 333: 20/83 Loss: 0.004439
2026-05-20 15:07: Train Epoch 333: 40/83 Loss: 0.024377
2026-05-20 15:07: Train Epoch 333: 60/83 Loss: 0.011731
2026-05-20 15:07: Train Epoch 333: 80/83 Loss: 0.014111
2026-05-20 15:07: **********Train Epoch 333: averaged Loss: 0.015697
2026-05-20 15:07: **********Val Epoch 333: average Loss: 0.048312
2026-05-20 15:07: Train Epoch 334: 0/83 Loss: 0.021617
2026-05-20 15:07: Train Epoch 334: 20/83 Loss: 0.007941
2026-05-20 15:07: Train Epoch 334: 40/83 Loss: 0.030336
2026-05-20 15:07: Train Epoch 334: 60/83 Loss: 0.015303
2026-05-20 15:07: Train Epoch 334: 80/83 Loss: 0.009633
2026-05-20 15:07: **********Train Epoch 334: averaged Loss: 0.018311
2026-05-20 15:07: **********Val Epoch 334: average Loss: 0.035017
2026-05-20 15:07: Train Epoch 335: 0/83 Loss: 0.010768
2026-05-20 15:07: Train Epoch 335: 20/83 Loss: 0.004135
2026-05-20 15:07: Train Epoch 335: 40/83 Loss: 0.029934
2026-05-20 15:07: Train Epoch 335: 60/83 Loss: 0.012007
2026-05-20 15:07: Train Epoch 335: 80/83 Loss: 0.010340
2026-05-20 15:07: **********Train Epoch 335: averaged Loss: 0.016704
2026-05-20 15:07: **********Val Epoch 335: average Loss: 0.032817
2026-05-20 15:07: Train Epoch 336: 0/83 Loss: 0.014841
2026-05-20 15:07: Train Epoch 336: 20/83 Loss: 0.010071
2026-05-20 15:07: Train Epoch 336: 40/83 Loss: 0.032431
2026-05-20 15:07: Train Epoch 336: 60/83 Loss: 0.013038
2026-05-20 15:07: Train Epoch 336: 80/83 Loss: 0.016509
2026-05-20 15:07: **********Train Epoch 336: averaged Loss: 0.017465
2026-05-20 15:07: **********Val Epoch 336: average Loss: 0.051260
2026-05-20 15:07: Train Epoch 337: 0/83 Loss: 0.026885
2026-05-20 15:07: Train Epoch 337: 20/83 Loss: 0.012444
2026-05-20 15:07: Train Epoch 337: 40/83 Loss: 0.026079
2026-05-20 15:08: Train Epoch 337: 60/83 Loss: 0.011207
2026-05-20 15:08: Train Epoch 337: 80/83 Loss: 0.013029
2026-05-20 15:08: **********Train Epoch 337: averaged Loss: 0.017393
2026-05-20 15:08: **********Val Epoch 337: average Loss: 0.028823
2026-05-20 15:08: Train Epoch 338: 0/83 Loss: 0.009153
2026-05-20 15:08: Train Epoch 338: 20/83 Loss: 0.006438
2026-05-20 15:08: Train Epoch 338: 40/83 Loss: 0.038995
2026-05-20 15:08: Train Epoch 338: 60/83 Loss: 0.023312
2026-05-20 15:08: Train Epoch 338: 80/83 Loss: 0.012337
2026-05-20 15:08: **********Train Epoch 338: averaged Loss: 0.017183
2026-05-20 15:08: **********Val Epoch 338: average Loss: 0.034557
2026-05-20 15:08: Train Epoch 339: 0/83 Loss: 0.008814
2026-05-20 15:08: Train Epoch 339: 20/83 Loss: 0.006941
2026-05-20 15:08: Train Epoch 339: 40/83 Loss: 0.036587
2026-05-20 15:08: Train Epoch 339: 60/83 Loss: 0.010361
2026-05-20 15:08: Train Epoch 339: 80/83 Loss: 0.010331
2026-05-20 15:08: **********Train Epoch 339: averaged Loss: 0.015770
2026-05-20 15:08: **********Val Epoch 339: average Loss: 0.038698
2026-05-20 15:08: Train Epoch 340: 0/83 Loss: 0.014196
2026-05-20 15:08: Train Epoch 340: 20/83 Loss: 0.004154
2026-05-20 15:08: Train Epoch 340: 40/83 Loss: 0.030495
2026-05-20 15:08: Train Epoch 340: 60/83 Loss: 0.010971
2026-05-20 15:08: Train Epoch 340: 80/83 Loss: 0.014918
2026-05-20 15:08: **********Train Epoch 340: averaged Loss: 0.016569
2026-05-20 15:08: **********Val Epoch 340: average Loss: 0.025891
2026-05-20 15:08: *********************************Current best model saved!
2026-05-20 15:08: Train Epoch 341: 0/83 Loss: 0.010290
2026-05-20 15:08: Train Epoch 341: 20/83 Loss: 0.008955
2026-05-20 15:08: Train Epoch 341: 40/83 Loss: 0.027988
2026-05-20 15:08: Train Epoch 341: 60/83 Loss: 0.011091
2026-05-20 15:08: Train Epoch 341: 80/83 Loss: 0.009106
2026-05-20 15:08: **********Train Epoch 341: averaged Loss: 0.016088
2026-05-20 15:08: **********Val Epoch 341: average Loss: 0.036477
2026-05-20 15:08: Train Epoch 342: 0/83 Loss: 0.012251
2026-05-20 15:08: Train Epoch 342: 20/83 Loss: 0.007449
2026-05-20 15:08: Train Epoch 342: 40/83 Loss: 0.021359
2026-05-20 15:08: Train Epoch 342: 60/83 Loss: 0.010702
2026-05-20 15:08: Train Epoch 342: 80/83 Loss: 0.010348
2026-05-20 15:08: **********Train Epoch 342: averaged Loss: 0.015306
2026-05-20 15:08: **********Val Epoch 342: average Loss: 0.052896
2026-05-20 15:08: Train Epoch 343: 0/83 Loss: 0.031539
2026-05-20 15:08: Train Epoch 343: 20/83 Loss: 0.005690
2026-05-20 15:08: Train Epoch 343: 40/83 Loss: 0.022295
2026-05-20 15:08: Train Epoch 343: 60/83 Loss: 0.012062
2026-05-20 15:08: Train Epoch 343: 80/83 Loss: 0.009311
2026-05-20 15:08: **********Train Epoch 343: averaged Loss: 0.014290
2026-05-20 15:08: **********Val Epoch 343: average Loss: 0.034377
2026-05-20 15:08: Train Epoch 344: 0/83 Loss: 0.009959
2026-05-20 15:08: Train Epoch 344: 20/83 Loss: 0.004017
2026-05-20 15:08: Train Epoch 344: 40/83 Loss: 0.020435
2026-05-20 15:08: Train Epoch 344: 60/83 Loss: 0.010857
2026-05-20 15:08: Train Epoch 344: 80/83 Loss: 0.009115
2026-05-20 15:08: **********Train Epoch 344: averaged Loss: 0.013764
2026-05-20 15:08: **********Val Epoch 344: average Loss: 0.043394
2026-05-20 15:08: Train Epoch 345: 0/83 Loss: 0.015000
2026-05-20 15:08: Train Epoch 345: 20/83 Loss: 0.003592
2026-05-20 15:08: Train Epoch 345: 40/83 Loss: 0.022079
2026-05-20 15:08: Train Epoch 345: 60/83 Loss: 0.011034
2026-05-20 15:08: Train Epoch 345: 80/83 Loss: 0.010369
2026-05-20 15:08: **********Train Epoch 345: averaged Loss: 0.014215
2026-05-20 15:08: **********Val Epoch 345: average Loss: 0.042796
2026-05-20 15:08: Train Epoch 346: 0/83 Loss: 0.015600
2026-05-20 15:08: Train Epoch 346: 20/83 Loss: 0.004075
2026-05-20 15:08: Train Epoch 346: 40/83 Loss: 0.021132
2026-05-20 15:08: Train Epoch 346: 60/83 Loss: 0.011297
2026-05-20 15:08: Train Epoch 346: 80/83 Loss: 0.009425
2026-05-20 15:08: **********Train Epoch 346: averaged Loss: 0.014449
2026-05-20 15:08: **********Val Epoch 346: average Loss: 0.041905
2026-05-20 15:08: Train Epoch 347: 0/83 Loss: 0.012079
2026-05-20 15:08: Train Epoch 347: 20/83 Loss: 0.009164
2026-05-20 15:08: Train Epoch 347: 40/83 Loss: 0.023305
2026-05-20 15:08: Train Epoch 347: 60/83 Loss: 0.011599
2026-05-20 15:08: Train Epoch 347: 80/83 Loss: 0.013686
2026-05-20 15:08: **********Train Epoch 347: averaged Loss: 0.014828
2026-05-20 15:08: **********Val Epoch 347: average Loss: 0.050374
2026-05-20 15:08: Train Epoch 348: 0/83 Loss: 0.027972
2026-05-20 15:08: Train Epoch 348: 20/83 Loss: 0.003570
2026-05-20 15:08: Train Epoch 348: 40/83 Loss: 0.019747
2026-05-20 15:08: Train Epoch 348: 60/83 Loss: 0.011387
2026-05-20 15:08: Train Epoch 348: 80/83 Loss: 0.014620
2026-05-20 15:08: **********Train Epoch 348: averaged Loss: 0.013659
2026-05-20 15:08: **********Val Epoch 348: average Loss: 0.045986
2026-05-20 15:08: Train Epoch 349: 0/83 Loss: 0.025507
2026-05-20 15:08: Train Epoch 349: 20/83 Loss: 0.004325
2026-05-20 15:08: Train Epoch 349: 40/83 Loss: 0.021171
2026-05-20 15:08: Train Epoch 349: 60/83 Loss: 0.011994
2026-05-20 15:08: Train Epoch 349: 80/83 Loss: 0.009323
2026-05-20 15:08: **********Train Epoch 349: averaged Loss: 0.013057
2026-05-20 15:08: **********Val Epoch 349: average Loss: 0.040585
2026-05-20 15:08: Train Epoch 350: 0/83 Loss: 0.016918
2026-05-20 15:08: Train Epoch 350: 20/83 Loss: 0.004156
2026-05-20 15:08: Train Epoch 350: 40/83 Loss: 0.019065
2026-05-20 15:08: Train Epoch 350: 60/83 Loss: 0.011599
2026-05-20 15:08: Train Epoch 350: 80/83 Loss: 0.011545
2026-05-20 15:08: **********Train Epoch 350: averaged Loss: 0.013239
2026-05-20 15:08: **********Val Epoch 350: average Loss: 0.037218
2026-05-20 15:08: Train Epoch 351: 0/83 Loss: 0.016587
2026-05-20 15:08: Train Epoch 351: 20/83 Loss: 0.010651
2026-05-20 15:08: Train Epoch 351: 40/83 Loss: 0.017848
2026-05-20 15:08: Train Epoch 351: 60/83 Loss: 0.010636
2026-05-20 15:08: Train Epoch 351: 80/83 Loss: 0.011893
2026-05-20 15:08: **********Train Epoch 351: averaged Loss: 0.012678
2026-05-20 15:08: **********Val Epoch 351: average Loss: 0.050793
2026-05-20 15:08: Train Epoch 352: 0/83 Loss: 0.037647
2026-05-20 15:08: Train Epoch 352: 20/83 Loss: 0.005695
2026-05-20 15:08: Train Epoch 352: 40/83 Loss: 0.018340
2026-05-20 15:08: Train Epoch 352: 60/83 Loss: 0.011605
2026-05-20 15:08: Train Epoch 352: 80/83 Loss: 0.010402
2026-05-20 15:08: **********Train Epoch 352: averaged Loss: 0.016218
2026-05-20 15:08: **********Val Epoch 352: average Loss: 0.027079
2026-05-20 15:08: Train Epoch 353: 0/83 Loss: 0.009384
2026-05-20 15:08: Train Epoch 353: 20/83 Loss: 0.004734
2026-05-20 15:09: Train Epoch 353: 40/83 Loss: 0.020279
2026-05-20 15:09: Train Epoch 353: 60/83 Loss: 0.010545
2026-05-20 15:09: Train Epoch 353: 80/83 Loss: 0.009688
2026-05-20 15:09: **********Train Epoch 353: averaged Loss: 0.012223
2026-05-20 15:09: **********Val Epoch 353: average Loss: 0.043183
2026-05-20 15:09: Train Epoch 354: 0/83 Loss: 0.020815
2026-05-20 15:09: Train Epoch 354: 20/83 Loss: 0.004076
2026-05-20 15:09: Train Epoch 354: 40/83 Loss: 0.021587
2026-05-20 15:09: Train Epoch 354: 60/83 Loss: 0.010458
2026-05-20 15:09: Train Epoch 354: 80/83 Loss: 0.010752
2026-05-20 15:09: **********Train Epoch 354: averaged Loss: 0.011899
2026-05-20 15:09: **********Val Epoch 354: average Loss: 0.038464
2026-05-20 15:09: Train Epoch 355: 0/83 Loss: 0.011055
2026-05-20 15:09: Train Epoch 355: 20/83 Loss: 0.003255
2026-05-20 15:09: Train Epoch 355: 40/83 Loss: 0.017946
2026-05-20 15:09: Train Epoch 355: 60/83 Loss: 0.011920
2026-05-20 15:09: Train Epoch 355: 80/83 Loss: 0.010190
2026-05-20 15:09: **********Train Epoch 355: averaged Loss: 0.011113
2026-05-20 15:09: **********Val Epoch 355: average Loss: 0.046738
2026-05-20 15:09: Train Epoch 356: 0/83 Loss: 0.032093
2026-05-20 15:09: Train Epoch 356: 20/83 Loss: 0.003621
2026-05-20 15:09: Train Epoch 356: 40/83 Loss: 0.016982
2026-05-20 15:09: Train Epoch 356: 60/83 Loss: 0.009502
2026-05-20 15:09: Train Epoch 356: 80/83 Loss: 0.011923
2026-05-20 15:09: **********Train Epoch 356: averaged Loss: 0.012197
2026-05-20 15:09: **********Val Epoch 356: average Loss: 0.037207
2026-05-20 15:09: Train Epoch 357: 0/83 Loss: 0.017258
2026-05-20 15:09: Train Epoch 357: 20/83 Loss: 0.008189
2026-05-20 15:09: Train Epoch 357: 40/83 Loss: 0.020733
2026-05-20 15:09: Train Epoch 357: 60/83 Loss: 0.010862
2026-05-20 15:09: Train Epoch 357: 80/83 Loss: 0.012119
2026-05-20 15:09: **********Train Epoch 357: averaged Loss: 0.011643
2026-05-20 15:09: **********Val Epoch 357: average Loss: 0.049238
2026-05-20 15:09: Train Epoch 358: 0/83 Loss: 0.026384
2026-05-20 15:09: Train Epoch 358: 20/83 Loss: 0.003704
2026-05-20 15:09: Train Epoch 358: 40/83 Loss: 0.015934
2026-05-20 15:09: Train Epoch 358: 60/83 Loss: 0.010263
2026-05-20 15:09: Train Epoch 358: 80/83 Loss: 0.010130
2026-05-20 15:09: **********Train Epoch 358: averaged Loss: 0.013022
2026-05-20 15:09: **********Val Epoch 358: average Loss: 0.036834
2026-05-20 15:09: Train Epoch 359: 0/83 Loss: 0.013615
2026-05-20 15:09: Train Epoch 359: 20/83 Loss: 0.004999
2026-05-20 15:09: Train Epoch 359: 40/83 Loss: 0.019029
2026-05-20 15:09: Train Epoch 359: 60/83 Loss: 0.011616
2026-05-20 15:09: Train Epoch 359: 80/83 Loss: 0.009720
2026-05-20 15:09: **********Train Epoch 359: averaged Loss: 0.011469
2026-05-20 15:09: **********Val Epoch 359: average Loss: 0.044964
2026-05-20 15:09: Train Epoch 360: 0/83 Loss: 0.021351
2026-05-20 15:09: Train Epoch 360: 20/83 Loss: 0.003878
2026-05-20 15:09: Train Epoch 360: 40/83 Loss: 0.016631
2026-05-20 15:09: Train Epoch 360: 60/83 Loss: 0.010261
2026-05-20 15:09: Train Epoch 360: 80/83 Loss: 0.010464
2026-05-20 15:09: **********Train Epoch 360: averaged Loss: 0.011451
2026-05-20 15:09: **********Val Epoch 360: average Loss: 0.040659
2026-05-20 15:09: Train Epoch 361: 0/83 Loss: 0.017598
2026-05-20 15:09: Train Epoch 361: 20/83 Loss: 0.003027
2026-05-20 15:09: Train Epoch 361: 40/83 Loss: 0.018003
2026-05-20 15:09: Train Epoch 361: 60/83 Loss: 0.010591
2026-05-20 15:09: Train Epoch 361: 80/83 Loss: 0.011896
2026-05-20 15:09: **********Train Epoch 361: averaged Loss: 0.010587
2026-05-20 15:09: **********Val Epoch 361: average Loss: 0.037921
2026-05-20 15:09: Train Epoch 362: 0/83 Loss: 0.018673
2026-05-20 15:09: Train Epoch 362: 20/83 Loss: 0.003838
2026-05-20 15:09: Train Epoch 362: 40/83 Loss: 0.018170
2026-05-20 15:09: Train Epoch 362: 60/83 Loss: 0.009501
2026-05-20 15:09: Train Epoch 362: 80/83 Loss: 0.011926
2026-05-20 15:09: **********Train Epoch 362: averaged Loss: 0.010574
2026-05-20 15:09: **********Val Epoch 362: average Loss: 0.043558
2026-05-20 15:09: Train Epoch 363: 0/83 Loss: 0.025236
2026-05-20 15:09: Train Epoch 363: 20/83 Loss: 0.003280
2026-05-20 15:09: Train Epoch 363: 40/83 Loss: 0.016489
2026-05-20 15:09: Train Epoch 363: 60/83 Loss: 0.009938
2026-05-20 15:09: Train Epoch 363: 80/83 Loss: 0.010652
2026-05-20 15:09: **********Train Epoch 363: averaged Loss: 0.011491
2026-05-20 15:09: **********Val Epoch 363: average Loss: 0.028072
2026-05-20 15:09: Train Epoch 364: 0/83 Loss: 0.009811
2026-05-20 15:09: Train Epoch 364: 20/83 Loss: 0.009527
2026-05-20 15:09: Train Epoch 364: 40/83 Loss: 0.020805
2026-05-20 15:09: Train Epoch 364: 60/83 Loss: 0.008593
2026-05-20 15:09: Train Epoch 364: 80/83 Loss: 0.012059
2026-05-20 15:09: **********Train Epoch 364: averaged Loss: 0.009436
2026-05-20 15:09: **********Val Epoch 364: average Loss: 0.027962
2026-05-20 15:09: Train Epoch 365: 0/83 Loss: 0.010581
2026-05-20 15:09: Train Epoch 365: 20/83 Loss: 0.009717
2026-05-20 15:09: Train Epoch 365: 40/83 Loss: 0.019960
2026-05-20 15:09: Train Epoch 365: 60/83 Loss: 0.009051
2026-05-20 15:09: Train Epoch 365: 80/83 Loss: 0.011077
2026-05-20 15:09: **********Train Epoch 365: averaged Loss: 0.010259
2026-05-20 15:09: **********Val Epoch 365: average Loss: 0.033926
2026-05-20 15:09: Train Epoch 366: 0/83 Loss: 0.014790
2026-05-20 15:09: Train Epoch 366: 20/83 Loss: 0.006691
2026-05-20 15:09: Train Epoch 366: 40/83 Loss: 0.017702
2026-05-20 15:09: Train Epoch 366: 60/83 Loss: 0.008973
2026-05-20 15:09: Train Epoch 366: 80/83 Loss: 0.010484
2026-05-20 15:09: **********Train Epoch 366: averaged Loss: 0.009276
2026-05-20 15:09: **********Val Epoch 366: average Loss: 0.038863
2026-05-20 15:09: Train Epoch 367: 0/83 Loss: 0.013230
2026-05-20 15:09: Train Epoch 367: 20/83 Loss: 0.007763
2026-05-20 15:09: Train Epoch 367: 40/83 Loss: 0.019860
2026-05-20 15:09: Train Epoch 367: 60/83 Loss: 0.009713
2026-05-20 15:09: Train Epoch 367: 80/83 Loss: 0.012560
2026-05-20 15:09: **********Train Epoch 367: averaged Loss: 0.010419
2026-05-20 15:09: **********Val Epoch 367: average Loss: 0.029997
2026-05-20 15:09: Train Epoch 368: 0/83 Loss: 0.016102
2026-05-20 15:09: Train Epoch 368: 20/83 Loss: 0.012998
2026-05-20 15:09: Train Epoch 368: 40/83 Loss: 0.020938
2026-05-20 15:09: Train Epoch 368: 60/83 Loss: 0.008597
2026-05-20 15:09: Train Epoch 368: 80/83 Loss: 0.009464
2026-05-20 15:09: **********Train Epoch 368: averaged Loss: 0.009275
2026-05-20 15:09: **********Val Epoch 368: average Loss: 0.038657
2026-05-20 15:09: Train Epoch 369: 0/83 Loss: 0.027303
2026-05-20 15:09: Train Epoch 369: 20/83 Loss: 0.004000
2026-05-20 15:09: Train Epoch 369: 40/83 Loss: 0.016599
2026-05-20 15:09: Train Epoch 369: 60/83 Loss: 0.008514
2026-05-20 15:10: Train Epoch 369: 80/83 Loss: 0.011605
2026-05-20 15:10: **********Train Epoch 369: averaged Loss: 0.010025
2026-05-20 15:10: **********Val Epoch 369: average Loss: 0.029196
2026-05-20 15:10: Train Epoch 370: 0/83 Loss: 0.010587
2026-05-20 15:10: Train Epoch 370: 20/83 Loss: 0.009243
2026-05-20 15:10: Train Epoch 370: 40/83 Loss: 0.029508
2026-05-20 15:10: Train Epoch 370: 60/83 Loss: 0.008852
2026-05-20 15:10: Train Epoch 370: 80/83 Loss: 0.009012
2026-05-20 15:10: **********Train Epoch 370: averaged Loss: 0.009623
2026-05-20 15:10: **********Val Epoch 370: average Loss: 0.037266
2026-05-20 15:10: Train Epoch 371: 0/83 Loss: 0.027000
2026-05-20 15:10: Train Epoch 371: 20/83 Loss: 0.003349
2026-05-20 15:10: Train Epoch 371: 40/83 Loss: 0.019476
2026-05-20 15:10: Train Epoch 371: 60/83 Loss: 0.008550
2026-05-20 15:10: Train Epoch 371: 80/83 Loss: 0.009338
2026-05-20 15:10: **********Train Epoch 371: averaged Loss: 0.010140
2026-05-20 15:10: **********Val Epoch 371: average Loss: 0.030454
2026-05-20 15:10: Train Epoch 372: 0/83 Loss: 0.016450
2026-05-20 15:10: Train Epoch 372: 20/83 Loss: 0.006808
2026-05-20 15:10: Train Epoch 372: 40/83 Loss: 0.021618
2026-05-20 15:10: Train Epoch 372: 60/83 Loss: 0.009071
2026-05-20 15:10: Train Epoch 372: 80/83 Loss: 0.010638
2026-05-20 15:10: **********Train Epoch 372: averaged Loss: 0.009111
2026-05-20 15:10: **********Val Epoch 372: average Loss: 0.036140
2026-05-20 15:10: Train Epoch 373: 0/83 Loss: 0.022811
2026-05-20 15:10: Train Epoch 373: 20/83 Loss: 0.006194
2026-05-20 15:10: Train Epoch 373: 40/83 Loss: 0.018574
2026-05-20 15:10: Train Epoch 373: 60/83 Loss: 0.008762
2026-05-20 15:10: Train Epoch 373: 80/83 Loss: 0.011818
2026-05-20 15:10: **********Train Epoch 373: averaged Loss: 0.009729
2026-05-20 15:10: **********Val Epoch 373: average Loss: 0.036346
2026-05-20 15:10: Train Epoch 374: 0/83 Loss: 0.028957
2026-05-20 15:10: Train Epoch 374: 20/83 Loss: 0.008084
2026-05-20 15:10: Train Epoch 374: 40/83 Loss: 0.016935
2026-05-20 15:10: Train Epoch 374: 60/83 Loss: 0.008439
2026-05-20 15:10: Train Epoch 374: 80/83 Loss: 0.012494
2026-05-20 15:10: **********Train Epoch 374: averaged Loss: 0.010822
2026-05-20 15:10: **********Val Epoch 374: average Loss: 0.031663
2026-05-20 15:10: Train Epoch 375: 0/83 Loss: 0.022693
2026-05-20 15:10: Train Epoch 375: 20/83 Loss: 0.006665
2026-05-20 15:10: Train Epoch 375: 40/83 Loss: 0.017313
2026-05-20 15:10: Train Epoch 375: 60/83 Loss: 0.008422
2026-05-20 15:10: Train Epoch 375: 80/83 Loss: 0.010416
2026-05-20 15:10: **********Train Epoch 375: averaged Loss: 0.007818
2026-05-20 15:10: **********Val Epoch 375: average Loss: 0.034950
2026-05-20 15:10: Train Epoch 376: 0/83 Loss: 0.022248
2026-05-20 15:10: Train Epoch 376: 20/83 Loss: 0.004249
2026-05-20 15:10: Train Epoch 376: 40/83 Loss: 0.017935
2026-05-20 15:10: Train Epoch 376: 60/83 Loss: 0.010861
2026-05-20 15:10: Train Epoch 376: 80/83 Loss: 0.010932
2026-05-20 15:10: **********Train Epoch 376: averaged Loss: 0.008483
2026-05-20 15:10: **********Val Epoch 376: average Loss: 0.031698
2026-05-20 15:10: Train Epoch 377: 0/83 Loss: 0.024848
2026-05-20 15:10: Train Epoch 377: 20/83 Loss: 0.005059
2026-05-20 15:10: Train Epoch 377: 40/83 Loss: 0.020292
2026-05-20 15:10: Train Epoch 377: 60/83 Loss: 0.010195
2026-05-20 15:10: Train Epoch 377: 80/83 Loss: 0.012334
2026-05-20 15:10: **********Train Epoch 377: averaged Loss: 0.008379
2026-05-20 15:10: **********Val Epoch 377: average Loss: 0.036897
2026-05-20 15:10: Train Epoch 378: 0/83 Loss: 0.030570
2026-05-20 15:10: Train Epoch 378: 20/83 Loss: 0.007772
2026-05-20 15:10: Train Epoch 378: 40/83 Loss: 0.022032
2026-05-20 15:10: Train Epoch 378: 60/83 Loss: 0.011598
2026-05-20 15:10: Train Epoch 378: 80/83 Loss: 0.012444
2026-05-20 15:10: **********Train Epoch 378: averaged Loss: 0.009842
2026-05-20 15:10: **********Val Epoch 378: average Loss: 0.030210
2026-05-20 15:10: Train Epoch 379: 0/83 Loss: 0.025160
2026-05-20 15:10: Train Epoch 379: 20/83 Loss: 0.003842
2026-05-20 15:10: Train Epoch 379: 40/83 Loss: 0.017620
2026-05-20 15:10: Train Epoch 379: 60/83 Loss: 0.010397
2026-05-20 15:10: Train Epoch 379: 80/83 Loss: 0.011549
2026-05-20 15:10: **********Train Epoch 379: averaged Loss: 0.008298
2026-05-20 15:10: **********Val Epoch 379: average Loss: 0.029518
2026-05-20 15:10: Train Epoch 380: 0/83 Loss: 0.019413
2026-05-20 15:10: Train Epoch 380: 20/83 Loss: 0.002878
2026-05-20 15:10: Train Epoch 380: 40/83 Loss: 0.021911
2026-05-20 15:10: Train Epoch 380: 60/83 Loss: 0.009325
2026-05-20 15:10: Train Epoch 380: 80/83 Loss: 0.011314
2026-05-20 15:10: **********Train Epoch 380: averaged Loss: 0.007780
2026-05-20 15:10: **********Val Epoch 380: average Loss: 0.035558
2026-05-20 15:10: Train Epoch 381: 0/83 Loss: 0.028550
2026-05-20 15:10: Train Epoch 381: 20/83 Loss: 0.006112
2026-05-20 15:10: Train Epoch 381: 40/83 Loss: 0.018894
2026-05-20 15:10: Train Epoch 381: 60/83 Loss: 0.010582
2026-05-20 15:10: Train Epoch 381: 80/83 Loss: 0.009456
2026-05-20 15:10: **********Train Epoch 381: averaged Loss: 0.009840
2026-05-20 15:10: **********Val Epoch 381: average Loss: 0.027913
2026-05-20 15:10: Train Epoch 382: 0/83 Loss: 0.010096
2026-05-20 15:10: Train Epoch 382: 20/83 Loss: 0.004693
2026-05-20 15:10: Train Epoch 382: 40/83 Loss: 0.021339
2026-05-20 15:10: Train Epoch 382: 60/83 Loss: 0.009975
2026-05-20 15:10: Train Epoch 382: 80/83 Loss: 0.010191
2026-05-20 15:10: **********Train Epoch 382: averaged Loss: 0.008517
2026-05-20 15:10: **********Val Epoch 382: average Loss: 0.030291
2026-05-20 15:10: Train Epoch 383: 0/83 Loss: 0.017981
2026-05-20 15:10: Train Epoch 383: 20/83 Loss: 0.004302
2026-05-20 15:10: Train Epoch 383: 40/83 Loss: 0.016547
2026-05-20 15:10: Train Epoch 383: 60/83 Loss: 0.009076
2026-05-20 15:10: Train Epoch 383: 80/83 Loss: 0.009553
2026-05-20 15:10: **********Train Epoch 383: averaged Loss: 0.008524
2026-05-20 15:10: **********Val Epoch 383: average Loss: 0.026501
2026-05-20 15:10: Train Epoch 384: 0/83 Loss: 0.010604
2026-05-20 15:10: Train Epoch 384: 20/83 Loss: 0.002801
2026-05-20 15:10: Train Epoch 384: 40/83 Loss: 0.023822
2026-05-20 15:10: Train Epoch 384: 60/83 Loss: 0.011199
2026-05-20 15:10: Train Epoch 384: 80/83 Loss: 0.009504
2026-05-20 15:10: **********Train Epoch 384: averaged Loss: 0.007757
2026-05-20 15:10: **********Val Epoch 384: average Loss: 0.031028
2026-05-20 15:10: Train Epoch 385: 0/83 Loss: 0.021553
2026-05-20 15:10: Train Epoch 385: 20/83 Loss: 0.006283
2026-05-20 15:10: Train Epoch 385: 40/83 Loss: 0.018125
2026-05-20 15:11: Train Epoch 385: 60/83 Loss: 0.010003
2026-05-20 15:11: Train Epoch 385: 80/83 Loss: 0.010376
2026-05-20 15:11: **********Train Epoch 385: averaged Loss: 0.008590
2026-05-20 15:11: **********Val Epoch 385: average Loss: 0.030362
2026-05-20 15:11: Train Epoch 386: 0/83 Loss: 0.016460
2026-05-20 15:11: Train Epoch 386: 20/83 Loss: 0.004870
2026-05-20 15:11: Train Epoch 386: 40/83 Loss: 0.022026
2026-05-20 15:11: Train Epoch 386: 60/83 Loss: 0.010820
2026-05-20 15:11: Train Epoch 386: 80/83 Loss: 0.010397
2026-05-20 15:11: **********Train Epoch 386: averaged Loss: 0.008312
2026-05-20 15:11: **********Val Epoch 386: average Loss: 0.027214
2026-05-20 15:11: Train Epoch 387: 0/83 Loss: 0.011642
2026-05-20 15:11: Train Epoch 387: 20/83 Loss: 0.002670
2026-05-20 15:11: Train Epoch 387: 40/83 Loss: 0.019378
2026-05-20 15:11: Train Epoch 387: 60/83 Loss: 0.008483
2026-05-20 15:11: Train Epoch 387: 80/83 Loss: 0.010584
2026-05-20 15:11: **********Train Epoch 387: averaged Loss: 0.007803
2026-05-20 15:11: **********Val Epoch 387: average Loss: 0.027323
2026-05-20 15:11: Train Epoch 388: 0/83 Loss: 0.010166
2026-05-20 15:11: Train Epoch 388: 20/83 Loss: 0.010871
2026-05-20 15:11: Train Epoch 388: 40/83 Loss: 0.022614
2026-05-20 15:11: Train Epoch 388: 60/83 Loss: 0.010136
2026-05-20 15:11: Train Epoch 388: 80/83 Loss: 0.010552
2026-05-20 15:11: **********Train Epoch 388: averaged Loss: 0.008266
2026-05-20 15:11: **********Val Epoch 388: average Loss: 0.030562
2026-05-20 15:11: Train Epoch 389: 0/83 Loss: 0.009562
2026-05-20 15:11: Train Epoch 389: 20/83 Loss: 0.010266
2026-05-20 15:11: Train Epoch 389: 40/83 Loss: 0.036495
2026-05-20 15:11: Train Epoch 389: 60/83 Loss: 0.010355
2026-05-20 15:11: Train Epoch 389: 80/83 Loss: 0.010342
2026-05-20 15:11: **********Train Epoch 389: averaged Loss: 0.009293
2026-05-20 15:11: **********Val Epoch 389: average Loss: 0.031325
2026-05-20 15:11: Train Epoch 390: 0/83 Loss: 0.023134
2026-05-20 15:11: Train Epoch 390: 20/83 Loss: 0.006651
2026-05-20 15:11: Train Epoch 390: 40/83 Loss: 0.024339
2026-05-20 15:11: Train Epoch 390: 60/83 Loss: 0.007737
2026-05-20 15:11: Train Epoch 390: 80/83 Loss: 0.010076
2026-05-20 15:11: **********Train Epoch 390: averaged Loss: 0.009201
2026-05-20 15:11: **********Val Epoch 390: average Loss: 0.028407
2026-05-20 15:11: Train Epoch 391: 0/83 Loss: 0.009684
2026-05-20 15:11: Train Epoch 391: 20/83 Loss: 0.008870
2026-05-20 15:11: Train Epoch 391: 40/83 Loss: 0.027196
2026-05-20 15:11: Train Epoch 391: 60/83 Loss: 0.007863
2026-05-20 15:11: Train Epoch 391: 80/83 Loss: 0.010102
2026-05-20 15:11: **********Train Epoch 391: averaged Loss: 0.008675
2026-05-20 15:11: **********Val Epoch 391: average Loss: 0.027398
2026-05-20 15:11: Train Epoch 392: 0/83 Loss: 0.015271
2026-05-20 15:11: Train Epoch 392: 20/83 Loss: 0.009164
2026-05-20 15:11: Train Epoch 392: 40/83 Loss: 0.030705
2026-05-20 15:11: Train Epoch 392: 60/83 Loss: 0.007904
2026-05-20 15:11: Train Epoch 392: 80/83 Loss: 0.011261
2026-05-20 15:11: **********Train Epoch 392: averaged Loss: 0.009019
2026-05-20 15:11: **********Val Epoch 392: average Loss: 0.027600
2026-05-20 15:11: Train Epoch 393: 0/83 Loss: 0.021461
2026-05-20 15:11: Train Epoch 393: 20/83 Loss: 0.004067
2026-05-20 15:11: Train Epoch 393: 40/83 Loss: 0.020620
2026-05-20 15:11: Train Epoch 393: 60/83 Loss: 0.007539
2026-05-20 15:11: Train Epoch 393: 80/83 Loss: 0.010018
2026-05-20 15:11: **********Train Epoch 393: averaged Loss: 0.009178
2026-05-20 15:11: **********Val Epoch 393: average Loss: 0.026460
2026-05-20 15:11: Train Epoch 394: 0/83 Loss: 0.012129
2026-05-20 15:11: Train Epoch 394: 20/83 Loss: 0.008552
2026-05-20 15:11: Train Epoch 394: 40/83 Loss: 0.023869
2026-05-20 15:11: Train Epoch 394: 60/83 Loss: 0.006928
2026-05-20 15:11: Train Epoch 394: 80/83 Loss: 0.011522
2026-05-20 15:11: **********Train Epoch 394: averaged Loss: 0.009175
2026-05-20 15:11: **********Val Epoch 394: average Loss: 0.030535
2026-05-20 15:11: Train Epoch 395: 0/83 Loss: 0.013899
2026-05-20 15:11: Train Epoch 395: 20/83 Loss: 0.002845
2026-05-20 15:11: Train Epoch 395: 40/83 Loss: 0.017866
2026-05-20 15:11: Train Epoch 395: 60/83 Loss: 0.007472
2026-05-20 15:11: Train Epoch 395: 80/83 Loss: 0.010779
2026-05-20 15:11: **********Train Epoch 395: averaged Loss: 0.008990
2026-05-20 15:11: **********Val Epoch 395: average Loss: 0.024824
2026-05-20 15:11: *********************************Current best model saved!
2026-05-20 15:11: Train Epoch 396: 0/83 Loss: 0.009306
2026-05-20 15:11: Train Epoch 396: 20/83 Loss: 0.008568
2026-05-20 15:11: Train Epoch 396: 40/83 Loss: 0.027123
2026-05-20 15:11: Train Epoch 396: 60/83 Loss: 0.007805
2026-05-20 15:11: Train Epoch 396: 80/83 Loss: 0.009203
2026-05-20 15:11: **********Train Epoch 396: averaged Loss: 0.008770
2026-05-20 15:11: **********Val Epoch 396: average Loss: 0.031467
2026-05-20 15:11: Train Epoch 397: 0/83 Loss: 0.012851
2026-05-20 15:11: Train Epoch 397: 20/83 Loss: 0.013144
2026-05-20 15:11: Train Epoch 397: 40/83 Loss: 0.031835
2026-05-20 15:11: Train Epoch 397: 60/83 Loss: 0.006921
2026-05-20 15:11: Train Epoch 397: 80/83 Loss: 0.010290
2026-05-20 15:11: **********Train Epoch 397: averaged Loss: 0.009380
2026-05-20 15:11: **********Val Epoch 397: average Loss: 0.028267
2026-05-20 15:11: Train Epoch 398: 0/83 Loss: 0.009889
2026-05-20 15:11: Train Epoch 398: 20/83 Loss: 0.012639
2026-05-20 15:11: Train Epoch 398: 40/83 Loss: 0.025347
2026-05-20 15:11: Train Epoch 398: 60/83 Loss: 0.007389
2026-05-20 15:11: Train Epoch 398: 80/83 Loss: 0.009178
2026-05-20 15:11: **********Train Epoch 398: averaged Loss: 0.009788
2026-05-20 15:11: **********Val Epoch 398: average Loss: 0.030298
2026-05-20 15:11: Train Epoch 399: 0/83 Loss: 0.013417
2026-05-20 15:11: Train Epoch 399: 20/83 Loss: 0.006739
2026-05-20 15:11: Train Epoch 399: 40/83 Loss: 0.024978
2026-05-20 15:11: Train Epoch 399: 60/83 Loss: 0.007267
2026-05-20 15:11: Train Epoch 399: 80/83 Loss: 0.009802
2026-05-20 15:11: **********Train Epoch 399: averaged Loss: 0.009135
2026-05-20 15:11: **********Val Epoch 399: average Loss: 0.031729
2026-05-20 15:11: Train Epoch 400: 0/83 Loss: 0.017821
2026-05-20 15:11: Train Epoch 400: 20/83 Loss: 0.003324
2026-05-20 15:11: Train Epoch 400: 40/83 Loss: 0.023928
2026-05-20 15:11: Train Epoch 400: 60/83 Loss: 0.007498
2026-05-20 15:11: Train Epoch 400: 80/83 Loss: 0.010874
2026-05-20 15:11: **********Train Epoch 400: averaged Loss: 0.009652
2026-05-20 15:11: **********Val Epoch 400: average Loss: 0.032627
2026-05-20 15:11: Train Epoch 401: 0/83 Loss: 0.022663
2026-05-20 15:11: Train Epoch 401: 20/83 Loss: 0.012139
2026-05-20 15:11: Train Epoch 401: 40/83 Loss: 0.022001
2026-05-20 15:11: Train Epoch 401: 60/83 Loss: 0.009825
2026-05-20 15:11: Train Epoch 401: 80/83 Loss: 0.010800
2026-05-20 15:11: **********Train Epoch 401: averaged Loss: 0.010670
2026-05-20 15:11: **********Val Epoch 401: average Loss: 0.024365
2026-05-20 15:11: *********************************Current best model saved!
2026-05-20 15:11: Train Epoch 402: 0/83 Loss: 0.010848
2026-05-20 15:11: Train Epoch 402: 20/83 Loss: 0.009778
2026-05-20 15:11: Train Epoch 402: 40/83 Loss: 0.029623
2026-05-20 15:12: Train Epoch 402: 60/83 Loss: 0.008267
2026-05-20 15:12: Train Epoch 402: 80/83 Loss: 0.009510
2026-05-20 15:12: **********Train Epoch 402: averaged Loss: 0.007848
2026-05-20 15:12: **********Val Epoch 402: average Loss: 0.028964
2026-05-20 15:12: Train Epoch 403: 0/83 Loss: 0.017807
2026-05-20 15:12: Train Epoch 403: 20/83 Loss: 0.002355
2026-05-20 15:12: Train Epoch 403: 40/83 Loss: 0.020649
2026-05-20 15:12: Train Epoch 403: 60/83 Loss: 0.007055
2026-05-20 15:12: Train Epoch 403: 80/83 Loss: 0.010027
2026-05-20 15:12: **********Train Epoch 403: averaged Loss: 0.008401
2026-05-20 15:12: **********Val Epoch 403: average Loss: 0.026036
2026-05-20 15:12: Train Epoch 404: 0/83 Loss: 0.009424
2026-05-20 15:12: Train Epoch 404: 20/83 Loss: 0.003133
2026-05-20 15:12: Train Epoch 404: 40/83 Loss: 0.017238
2026-05-20 15:12: Train Epoch 404: 60/83 Loss: 0.007637
2026-05-20 15:12: Train Epoch 404: 80/83 Loss: 0.009466
2026-05-20 15:12: **********Train Epoch 404: averaged Loss: 0.006924
2026-05-20 15:12: **********Val Epoch 404: average Loss: 0.027967
2026-05-20 15:12: Train Epoch 405: 0/83 Loss: 0.010190
2026-05-20 15:12: Train Epoch 405: 20/83 Loss: 0.003879
2026-05-20 15:12: Train Epoch 405: 40/83 Loss: 0.023218
2026-05-20 15:12: Train Epoch 405: 60/83 Loss: 0.006978
2026-05-20 15:12: Train Epoch 405: 80/83 Loss: 0.010445
2026-05-20 15:12: **********Train Epoch 405: averaged Loss: 0.008244
2026-05-20 15:12: **********Val Epoch 405: average Loss: 0.031117
2026-05-20 15:12: Train Epoch 406: 0/83 Loss: 0.011699
2026-05-20 15:12: Train Epoch 406: 20/83 Loss: 0.005963
2026-05-20 15:12: Train Epoch 406: 40/83 Loss: 0.018929
2026-05-20 15:12: Train Epoch 406: 60/83 Loss: 0.006684
2026-05-20 15:12: Train Epoch 406: 80/83 Loss: 0.008725
2026-05-20 15:12: **********Train Epoch 406: averaged Loss: 0.007627
2026-05-20 15:12: **********Val Epoch 406: average Loss: 0.027849
2026-05-20 15:12: Train Epoch 407: 0/83 Loss: 0.011566
2026-05-20 15:12: Train Epoch 407: 20/83 Loss: 0.004532
2026-05-20 15:12: Train Epoch 407: 40/83 Loss: 0.023122
2026-05-20 15:12: Train Epoch 407: 60/83 Loss: 0.007339
2026-05-20 15:12: Train Epoch 407: 80/83 Loss: 0.008487
2026-05-20 15:12: **********Train Epoch 407: averaged Loss: 0.008176
2026-05-20 15:12: **********Val Epoch 407: average Loss: 0.029269
2026-05-20 15:12: Train Epoch 408: 0/83 Loss: 0.015465
2026-05-20 15:12: Train Epoch 408: 20/83 Loss: 0.002849
2026-05-20 15:12: Train Epoch 408: 40/83 Loss: 0.018653
2026-05-20 15:12: Train Epoch 408: 60/83 Loss: 0.007428
2026-05-20 15:12: Train Epoch 408: 80/83 Loss: 0.009423
2026-05-20 15:12: **********Train Epoch 408: averaged Loss: 0.008229
2026-05-20 15:12: **********Val Epoch 408: average Loss: 0.027284
2026-05-20 15:12: Train Epoch 409: 0/83 Loss: 0.011115
2026-05-20 15:12: Train Epoch 409: 20/83 Loss: 0.003788
2026-05-20 15:12: Train Epoch 409: 40/83 Loss: 0.017502
2026-05-20 15:12: Train Epoch 409: 60/83 Loss: 0.008470
2026-05-20 15:12: Train Epoch 409: 80/83 Loss: 0.009445
2026-05-20 15:12: **********Train Epoch 409: averaged Loss: 0.007945
2026-05-20 15:12: **********Val Epoch 409: average Loss: 0.028739
2026-05-20 15:12: Train Epoch 410: 0/83 Loss: 0.015199
2026-05-20 15:12: Train Epoch 410: 20/83 Loss: 0.005578
2026-05-20 15:12: Train Epoch 410: 40/83 Loss: 0.017899
2026-05-20 15:12: Train Epoch 410: 60/83 Loss: 0.007049
2026-05-20 15:12: Train Epoch 410: 80/83 Loss: 0.009364
2026-05-20 15:12: **********Train Epoch 410: averaged Loss: 0.007022
2026-05-20 15:12: **********Val Epoch 410: average Loss: 0.027325
2026-05-20 15:12: Train Epoch 411: 0/83 Loss: 0.014713
2026-05-20 15:12: Train Epoch 411: 20/83 Loss: 0.003917
2026-05-20 15:12: Train Epoch 411: 40/83 Loss: 0.017979
2026-05-20 15:12: Train Epoch 411: 60/83 Loss: 0.006580
2026-05-20 15:12: Train Epoch 411: 80/83 Loss: 0.009357
2026-05-20 15:12: **********Train Epoch 411: averaged Loss: 0.006746
2026-05-20 15:12: **********Val Epoch 411: average Loss: 0.030752
2026-05-20 15:12: Train Epoch 412: 0/83 Loss: 0.019650
2026-05-20 15:12: Train Epoch 412: 20/83 Loss: 0.013595
2026-05-20 15:12: Train Epoch 412: 40/83 Loss: 0.019439
2026-05-20 15:12: Train Epoch 412: 60/83 Loss: 0.009025
2026-05-20 15:12: Train Epoch 412: 80/83 Loss: 0.009936
2026-05-20 15:12: **********Train Epoch 412: averaged Loss: 0.009646
2026-05-20 15:12: **********Val Epoch 412: average Loss: 0.026421
2026-05-20 15:12: Train Epoch 413: 0/83 Loss: 0.018762
2026-05-20 15:12: Train Epoch 413: 20/83 Loss: 0.007389
2026-05-20 15:12: Train Epoch 413: 40/83 Loss: 0.019716
2026-05-20 15:12: Train Epoch 413: 60/83 Loss: 0.007788
2026-05-20 15:12: Train Epoch 413: 80/83 Loss: 0.008882
2026-05-20 15:12: **********Train Epoch 413: averaged Loss: 0.007494
2026-05-20 15:12: **********Val Epoch 413: average Loss: 0.024434
2026-05-20 15:12: Train Epoch 414: 0/83 Loss: 0.009758
2026-05-20 15:12: Train Epoch 414: 20/83 Loss: 0.003718
2026-05-20 15:12: Train Epoch 414: 40/83 Loss: 0.019760
2026-05-20 15:12: Train Epoch 414: 60/83 Loss: 0.008588
2026-05-20 15:12: Train Epoch 414: 80/83 Loss: 0.011088
2026-05-20 15:12: **********Train Epoch 414: averaged Loss: 0.006832
2026-05-20 15:12: **********Val Epoch 414: average Loss: 0.030653
2026-05-20 15:12: Train Epoch 415: 0/83 Loss: 0.020047
2026-05-20 15:12: Train Epoch 415: 20/83 Loss: 0.010544
2026-05-20 15:12: Train Epoch 415: 40/83 Loss: 0.016870
2026-05-20 15:12: Train Epoch 415: 60/83 Loss: 0.008765
2026-05-20 15:12: Train Epoch 415: 80/83 Loss: 0.008408
2026-05-20 15:12: **********Train Epoch 415: averaged Loss: 0.009178
2026-05-20 15:12: **********Val Epoch 415: average Loss: 0.030518
2026-05-20 15:12: Train Epoch 416: 0/83 Loss: 0.012299
2026-05-20 15:12: Train Epoch 416: 20/83 Loss: 0.006209
2026-05-20 15:12: Train Epoch 416: 40/83 Loss: 0.018983
2026-05-20 15:12: Train Epoch 416: 60/83 Loss: 0.008663
2026-05-20 15:12: Train Epoch 416: 80/83 Loss: 0.013881
2026-05-20 15:12: **********Train Epoch 416: averaged Loss: 0.007796
2026-05-20 15:12: **********Val Epoch 416: average Loss: 0.024657
2026-05-20 15:12: Train Epoch 417: 0/83 Loss: 0.009417
2026-05-20 15:12: Train Epoch 417: 20/83 Loss: 0.002217
2026-05-20 15:12: Train Epoch 417: 40/83 Loss: 0.019576
2026-05-20 15:12: Train Epoch 417: 60/83 Loss: 0.009703
2026-05-20 15:12: Train Epoch 417: 80/83 Loss: 0.010010
2026-05-20 15:12: **********Train Epoch 417: averaged Loss: 0.006734
2026-05-20 15:12: **********Val Epoch 417: average Loss: 0.026549
2026-05-20 15:12: Train Epoch 418: 0/83 Loss: 0.010860
2026-05-20 15:12: Train Epoch 418: 20/83 Loss: 0.006758
2026-05-20 15:12: Train Epoch 418: 40/83 Loss: 0.017420
2026-05-20 15:12: Train Epoch 418: 60/83 Loss: 0.008225
2026-05-20 15:12: Train Epoch 418: 80/83 Loss: 0.008922
2026-05-20 15:12: **********Train Epoch 418: averaged Loss: 0.007014
2026-05-20 15:12: **********Val Epoch 418: average Loss: 0.026831
2026-05-20 15:12: Train Epoch 419: 0/83 Loss: 0.011916
2026-05-20 15:12: Train Epoch 419: 20/83 Loss: 0.002624
2026-05-20 15:12: Train Epoch 419: 40/83 Loss: 0.018993
2026-05-20 15:13: Train Epoch 419: 60/83 Loss: 0.009751
2026-05-20 15:13: Train Epoch 419: 80/83 Loss: 0.008680
2026-05-20 15:13: **********Train Epoch 419: averaged Loss: 0.006644
2026-05-20 15:13: **********Val Epoch 419: average Loss: 0.026970
2026-05-20 15:13: Train Epoch 420: 0/83 Loss: 0.011744
2026-05-20 15:13: Train Epoch 420: 20/83 Loss: 0.006447
2026-05-20 15:13: Train Epoch 420: 40/83 Loss: 0.019879
2026-05-20 15:13: Train Epoch 420: 60/83 Loss: 0.010871
2026-05-20 15:13: Train Epoch 420: 80/83 Loss: 0.008456
2026-05-20 15:13: **********Train Epoch 420: averaged Loss: 0.007508
2026-05-20 15:13: **********Val Epoch 420: average Loss: 0.025623
2026-05-20 15:13: Train Epoch 421: 0/83 Loss: 0.013957
2026-05-20 15:13: Train Epoch 421: 20/83 Loss: 0.002098
2026-05-20 15:13: Train Epoch 421: 40/83 Loss: 0.022382
2026-05-20 15:13: Train Epoch 421: 60/83 Loss: 0.008365
2026-05-20 15:13: Train Epoch 421: 80/83 Loss: 0.009538
2026-05-20 15:13: **********Train Epoch 421: averaged Loss: 0.007082
2026-05-20 15:13: **********Val Epoch 421: average Loss: 0.025682
2026-05-20 15:13: Train Epoch 422: 0/83 Loss: 0.011446
2026-05-20 15:13: Train Epoch 422: 20/83 Loss: 0.008435
2026-05-20 15:13: Train Epoch 422: 40/83 Loss: 0.017572
2026-05-20 15:13: Train Epoch 422: 60/83 Loss: 0.007244
2026-05-20 15:13: Train Epoch 422: 80/83 Loss: 0.009515
2026-05-20 15:13: **********Train Epoch 422: averaged Loss: 0.006778
2026-05-20 15:13: **********Val Epoch 422: average Loss: 0.026960
2026-05-20 15:13: Train Epoch 423: 0/83 Loss: 0.009440
2026-05-20 15:13: Train Epoch 423: 20/83 Loss: 0.002445
2026-05-20 15:13: Train Epoch 423: 40/83 Loss: 0.019608
2026-05-20 15:13: Train Epoch 423: 60/83 Loss: 0.009729
2026-05-20 15:13: Train Epoch 423: 80/83 Loss: 0.008442
2026-05-20 15:13: **********Train Epoch 423: averaged Loss: 0.006896
2026-05-20 15:13: **********Val Epoch 423: average Loss: 0.029181
2026-05-20 15:13: Train Epoch 424: 0/83 Loss: 0.014675
2026-05-20 15:13: Train Epoch 424: 20/83 Loss: 0.007516
2026-05-20 15:13: Train Epoch 424: 40/83 Loss: 0.026621
2026-05-20 15:13: Train Epoch 424: 60/83 Loss: 0.015335
2026-05-20 15:13: Train Epoch 424: 80/83 Loss: 0.013714
2026-05-20 15:13: **********Train Epoch 424: averaged Loss: 0.008404
2026-05-20 15:13: **********Val Epoch 424: average Loss: 0.030828
2026-05-20 15:13: Train Epoch 425: 0/83 Loss: 0.025944
2026-05-20 15:13: Train Epoch 425: 20/83 Loss: 0.011568
2026-05-20 15:13: Train Epoch 425: 40/83 Loss: 0.018698
2026-05-20 15:13: Train Epoch 425: 60/83 Loss: 0.008682
2026-05-20 15:13: Train Epoch 425: 80/83 Loss: 0.010784
2026-05-20 15:13: **********Train Epoch 425: averaged Loss: 0.009955
2026-05-20 15:13: **********Val Epoch 425: average Loss: 0.032205
2026-05-20 15:13: Train Epoch 426: 0/83 Loss: 0.012029
2026-05-20 15:13: Train Epoch 426: 20/83 Loss: 0.004600
2026-05-20 15:13: Train Epoch 426: 40/83 Loss: 0.019790
2026-05-20 15:13: Train Epoch 426: 60/83 Loss: 0.006735
2026-05-20 15:13: Train Epoch 426: 80/83 Loss: 0.015309
2026-05-20 15:13: **********Train Epoch 426: averaged Loss: 0.008728
2026-05-20 15:13: **********Val Epoch 426: average Loss: 0.027701
2026-05-20 15:13: Train Epoch 427: 0/83 Loss: 0.010464
2026-05-20 15:13: Train Epoch 427: 20/83 Loss: 0.002216
2026-05-20 15:13: Train Epoch 427: 40/83 Loss: 0.018461
2026-05-20 15:13: Train Epoch 427: 60/83 Loss: 0.011332
2026-05-20 15:13: Train Epoch 427: 80/83 Loss: 0.010329
2026-05-20 15:13: **********Train Epoch 427: averaged Loss: 0.007095
2026-05-20 15:13: **********Val Epoch 427: average Loss: 0.029203
2026-05-20 15:13: Train Epoch 428: 0/83 Loss: 0.018924
2026-05-20 15:13: Train Epoch 428: 20/83 Loss: 0.006385
2026-05-20 15:13: Train Epoch 428: 40/83 Loss: 0.016583
2026-05-20 15:13: Train Epoch 428: 60/83 Loss: 0.006653
2026-05-20 15:13: Train Epoch 428: 80/83 Loss: 0.010258
2026-05-20 15:13: **********Train Epoch 428: averaged Loss: 0.007398
2026-05-20 15:13: **********Val Epoch 428: average Loss: 0.027079
2026-05-20 15:13: Train Epoch 429: 0/83 Loss: 0.008662
2026-05-20 15:13: Train Epoch 429: 20/83 Loss: 0.002367
2026-05-20 15:13: Train Epoch 429: 40/83 Loss: 0.015634
2026-05-20 15:13: Train Epoch 429: 60/83 Loss: 0.007246
2026-05-20 15:13: Train Epoch 429: 80/83 Loss: 0.008417
2026-05-20 15:13: **********Train Epoch 429: averaged Loss: 0.006022
2026-05-20 15:13: **********Val Epoch 429: average Loss: 0.029654
2026-05-20 15:13: Train Epoch 430: 0/83 Loss: 0.010744
2026-05-20 15:13: Train Epoch 430: 20/83 Loss: 0.002838
2026-05-20 15:13: Train Epoch 430: 40/83 Loss: 0.017631
2026-05-20 15:13: Train Epoch 430: 60/83 Loss: 0.009621
2026-05-20 15:13: Train Epoch 430: 80/83 Loss: 0.009078
2026-05-20 15:13: **********Train Epoch 430: averaged Loss: 0.006343
2026-05-20 15:13: **********Val Epoch 430: average Loss: 0.026725
2026-05-20 15:13: Train Epoch 431: 0/83 Loss: 0.010058
2026-05-20 15:13: Train Epoch 431: 20/83 Loss: 0.002664
2026-05-20 15:13: Train Epoch 431: 40/83 Loss: 0.018186
2026-05-20 15:13: Train Epoch 431: 60/83 Loss: 0.009529
2026-05-20 15:13: Train Epoch 431: 80/83 Loss: 0.011290
2026-05-20 15:13: **********Train Epoch 431: averaged Loss: 0.006426
2026-05-20 15:13: **********Val Epoch 431: average Loss: 0.028878
2026-05-20 15:13: Train Epoch 432: 0/83 Loss: 0.020421
2026-05-20 15:13: Train Epoch 432: 20/83 Loss: 0.002878
2026-05-20 15:13: Train Epoch 432: 40/83 Loss: 0.015333
2026-05-20 15:13: Train Epoch 432: 60/83 Loss: 0.007209
2026-05-20 15:13: Train Epoch 432: 80/83 Loss: 0.008716
2026-05-20 15:13: **********Train Epoch 432: averaged Loss: 0.008222
2026-05-20 15:13: **********Val Epoch 432: average Loss: 0.029171
2026-05-20 15:13: Train Epoch 433: 0/83 Loss: 0.012620
2026-05-20 15:13: Train Epoch 433: 20/83 Loss: 0.004764
2026-05-20 15:13: Train Epoch 433: 40/83 Loss: 0.016876
2026-05-20 15:13: Train Epoch 433: 60/83 Loss: 0.008696
2026-05-20 15:13: Train Epoch 433: 80/83 Loss: 0.009275
2026-05-20 15:13: **********Train Epoch 433: averaged Loss: 0.006976
2026-05-20 15:13: **********Val Epoch 433: average Loss: 0.028468
2026-05-20 15:13: Train Epoch 434: 0/83 Loss: 0.023418
2026-05-20 15:13: Train Epoch 434: 20/83 Loss: 0.003925
2026-05-20 15:13: Train Epoch 434: 40/83 Loss: 0.018071
2026-05-20 15:13: Train Epoch 434: 60/83 Loss: 0.010559
2026-05-20 15:13: Train Epoch 434: 80/83 Loss: 0.016457
2026-05-20 15:13: **********Train Epoch 434: averaged Loss: 0.009562
2026-05-20 15:13: **********Val Epoch 434: average Loss: 0.029430
2026-05-20 15:13: Train Epoch 435: 0/83 Loss: 0.022887
2026-05-20 15:14: Train Epoch 435: 20/83 Loss: 0.004834
2026-05-20 15:14: Train Epoch 435: 40/83 Loss: 0.016450
2026-05-20 15:14: Train Epoch 435: 60/83 Loss: 0.009799
2026-05-20 15:14: Train Epoch 435: 80/83 Loss: 0.008426
2026-05-20 15:14: **********Train Epoch 435: averaged Loss: 0.009146
2026-05-20 15:14: **********Val Epoch 435: average Loss: 0.026361
2026-05-20 15:14: Train Epoch 436: 0/83 Loss: 0.008929
2026-05-20 15:14: Train Epoch 436: 20/83 Loss: 0.005175
2026-05-20 15:14: Train Epoch 436: 40/83 Loss: 0.016156
2026-05-20 15:14: Train Epoch 436: 60/83 Loss: 0.007453
2026-05-20 15:14: Train Epoch 436: 80/83 Loss: 0.008001
2026-05-20 15:14: **********Train Epoch 436: averaged Loss: 0.006871
2026-05-20 15:14: **********Val Epoch 436: average Loss: 0.028099
2026-05-20 15:14: Train Epoch 437: 0/83 Loss: 0.010187
2026-05-20 15:14: Train Epoch 437: 20/83 Loss: 0.002282
2026-05-20 15:14: Train Epoch 437: 40/83 Loss: 0.019363
2026-05-20 15:14: Train Epoch 437: 60/83 Loss: 0.013472
2026-05-20 15:14: Train Epoch 437: 80/83 Loss: 0.009901
2026-05-20 15:14: **********Train Epoch 437: averaged Loss: 0.006858
2026-05-20 15:14: **********Val Epoch 437: average Loss: 0.033495
2026-05-20 15:14: Train Epoch 438: 0/83 Loss: 0.028538
2026-05-20 15:14: Train Epoch 438: 20/83 Loss: 0.007169
2026-05-20 15:14: Train Epoch 438: 40/83 Loss: 0.016714
2026-05-20 15:14: Train Epoch 438: 60/83 Loss: 0.008640
2026-05-20 15:14: Train Epoch 438: 80/83 Loss: 0.008146
2026-05-20 15:14: **********Train Epoch 438: averaged Loss: 0.009328
2026-05-20 15:14: **********Val Epoch 438: average Loss: 0.029057
2026-05-20 15:14: Train Epoch 439: 0/83 Loss: 0.014044
2026-05-20 15:14: Train Epoch 439: 20/83 Loss: 0.007093
2026-05-20 15:14: Train Epoch 439: 40/83 Loss: 0.015953
2026-05-20 15:14: Train Epoch 439: 60/83 Loss: 0.006681
2026-05-20 15:14: Train Epoch 439: 80/83 Loss: 0.008993
2026-05-20 15:14: **********Train Epoch 439: averaged Loss: 0.007773
2026-05-20 15:14: **********Val Epoch 439: average Loss: 0.026502
2026-05-20 15:14: Train Epoch 440: 0/83 Loss: 0.009516
2026-05-20 15:14: Train Epoch 440: 20/83 Loss: 0.002879
2026-05-20 15:14: Train Epoch 440: 40/83 Loss: 0.016318
2026-05-20 15:14: Train Epoch 440: 60/83 Loss: 0.011167
2026-05-20 15:14: Train Epoch 440: 80/83 Loss: 0.013333
2026-05-20 15:14: **********Train Epoch 440: averaged Loss: 0.007108
2026-05-20 15:14: **********Val Epoch 440: average Loss: 0.030963
2026-05-20 15:14: Train Epoch 441: 0/83 Loss: 0.027910
2026-05-20 15:14: Train Epoch 441: 20/83 Loss: 0.004964
2026-05-20 15:14: Train Epoch 441: 40/83 Loss: 0.016096
2026-05-20 15:14: Train Epoch 441: 60/83 Loss: 0.008329
2026-05-20 15:14: Train Epoch 441: 80/83 Loss: 0.011661
2026-05-20 15:14: **********Train Epoch 441: averaged Loss: 0.008564
2026-05-20 15:14: **********Val Epoch 441: average Loss: 0.028333
2026-05-20 15:14: Train Epoch 442: 0/83 Loss: 0.014420
2026-05-20 15:14: Train Epoch 442: 20/83 Loss: 0.002564
2026-05-20 15:14: Train Epoch 442: 40/83 Loss: 0.016557
2026-05-20 15:14: Train Epoch 442: 60/83 Loss: 0.007105
2026-05-20 15:14: Train Epoch 442: 80/83 Loss: 0.007941
2026-05-20 15:14: **********Train Epoch 442: averaged Loss: 0.008216
2026-05-20 15:14: **********Val Epoch 442: average Loss: 0.027968
2026-05-20 15:14: Train Epoch 443: 0/83 Loss: 0.008486
2026-05-20 15:14: Train Epoch 443: 20/83 Loss: 0.004613
2026-05-20 15:14: Train Epoch 443: 40/83 Loss: 0.018498
2026-05-20 15:14: Train Epoch 443: 60/83 Loss: 0.014134
2026-05-20 15:14: Train Epoch 443: 80/83 Loss: 0.009668
2026-05-20 15:14: **********Train Epoch 443: averaged Loss: 0.008060
2026-05-20 15:14: **********Val Epoch 443: average Loss: 0.030652
2026-05-20 15:14: Train Epoch 444: 0/83 Loss: 0.020788
2026-05-20 15:14: Train Epoch 444: 20/83 Loss: 0.005000
2026-05-20 15:14: Train Epoch 444: 40/83 Loss: 0.017977
2026-05-20 15:14: Train Epoch 444: 60/83 Loss: 0.007805
2026-05-20 15:14: Train Epoch 444: 80/83 Loss: 0.008483
2026-05-20 15:14: **********Train Epoch 444: averaged Loss: 0.009318
2026-05-20 15:14: **********Val Epoch 444: average Loss: 0.030456
2026-05-20 15:14: Train Epoch 445: 0/83 Loss: 0.009546
2026-05-20 15:14: Train Epoch 445: 20/83 Loss: 0.003108
2026-05-20 15:14: Train Epoch 445: 40/83 Loss: 0.022381
2026-05-20 15:14: Train Epoch 445: 60/83 Loss: 0.013054
2026-05-20 15:14: Train Epoch 445: 80/83 Loss: 0.009572
2026-05-20 15:14: **********Train Epoch 445: averaged Loss: 0.008219
2026-05-20 15:14: **********Val Epoch 445: average Loss: 0.028940
2026-05-20 15:14: Train Epoch 446: 0/83 Loss: 0.014416
2026-05-20 15:14: Train Epoch 446: 20/83 Loss: 0.010277
2026-05-20 15:14: Train Epoch 446: 40/83 Loss: 0.022640
2026-05-20 15:14: Train Epoch 446: 60/83 Loss: 0.009029
2026-05-20 15:14: Train Epoch 446: 80/83 Loss: 0.012296
2026-05-20 15:14: **********Train Epoch 446: averaged Loss: 0.008578
2026-05-20 15:14: **********Val Epoch 446: average Loss: 0.027260
2026-05-20 15:14: Train Epoch 447: 0/83 Loss: 0.008640
2026-05-20 15:14: Train Epoch 447: 20/83 Loss: 0.006290
2026-05-20 15:14: Train Epoch 447: 40/83 Loss: 0.026306
2026-05-20 15:14: Train Epoch 447: 60/83 Loss: 0.009136
2026-05-20 15:14: Train Epoch 447: 80/83 Loss: 0.009512
2026-05-20 15:14: **********Train Epoch 447: averaged Loss: 0.008129
2026-05-20 15:14: **********Val Epoch 447: average Loss: 0.025702
2026-05-20 15:14: Train Epoch 448: 0/83 Loss: 0.014472
2026-05-20 15:14: Train Epoch 448: 20/83 Loss: 0.007853
2026-05-20 15:14: Train Epoch 448: 40/83 Loss: 0.021945
2026-05-20 15:14: Train Epoch 448: 60/83 Loss: 0.006589
2026-05-20 15:14: Train Epoch 448: 80/83 Loss: 0.010308
2026-05-20 15:14: **********Train Epoch 448: averaged Loss: 0.008022
2026-05-20 15:14: **********Val Epoch 448: average Loss: 0.031669
2026-05-20 15:14: Train Epoch 449: 0/83 Loss: 0.016122
2026-05-20 15:14: Train Epoch 449: 20/83 Loss: 0.002277
2026-05-20 15:14: Train Epoch 449: 40/83 Loss: 0.019800
2026-05-20 15:14: Train Epoch 449: 60/83 Loss: 0.007205
2026-05-20 15:14: Train Epoch 449: 80/83 Loss: 0.008246
2026-05-20 15:14: **********Train Epoch 449: averaged Loss: 0.007253
2026-05-20 15:14: **********Val Epoch 449: average Loss: 0.026815
2026-05-20 15:14: Train Epoch 450: 0/83 Loss: 0.008616
2026-05-20 15:14: Train Epoch 450: 20/83 Loss: 0.005114
2026-05-20 15:14: Train Epoch 450: 40/83 Loss: 0.018530
2026-05-20 15:14: Train Epoch 450: 60/83 Loss: 0.008844
2026-05-20 15:14: Train Epoch 450: 80/83 Loss: 0.012764
2026-05-20 15:14: **********Train Epoch 450: averaged Loss: 0.006906
2026-05-20 15:14: **********Val Epoch 450: average Loss: 0.026548
2026-05-20 15:14: Train Epoch 451: 0/83 Loss: 0.021798
2026-05-20 15:14: Train Epoch 451: 20/83 Loss: 0.008502
2026-05-20 15:15: Train Epoch 451: 40/83 Loss: 0.021344
2026-05-20 15:15: Train Epoch 451: 60/83 Loss: 0.006977
2026-05-20 15:15: Train Epoch 451: 80/83 Loss: 0.008246
2026-05-20 15:15: **********Train Epoch 451: averaged Loss: 0.008233
2026-05-20 15:15: **********Val Epoch 451: average Loss: 0.024835
2026-05-20 15:15: Train Epoch 452: 0/83 Loss: 0.011240
2026-05-20 15:15: Train Epoch 452: 20/83 Loss: 0.009560
2026-05-20 15:15: Train Epoch 452: 40/83 Loss: 0.018684
2026-05-20 15:15: Train Epoch 452: 60/83 Loss: 0.008285
2026-05-20 15:15: Train Epoch 452: 80/83 Loss: 0.009432
2026-05-20 15:15: **********Train Epoch 452: averaged Loss: 0.007074
2026-05-20 15:15: **********Val Epoch 452: average Loss: 0.026405
2026-05-20 15:15: Train Epoch 453: 0/83 Loss: 0.017744
2026-05-20 15:15: Train Epoch 453: 20/83 Loss: 0.003033
2026-05-20 15:15: Train Epoch 453: 40/83 Loss: 0.016267
2026-05-20 15:15: Train Epoch 453: 60/83 Loss: 0.008240
2026-05-20 15:15: Train Epoch 453: 80/83 Loss: 0.010015
2026-05-20 15:15: **********Train Epoch 453: averaged Loss: 0.008305
2026-05-20 15:15: **********Val Epoch 453: average Loss: 0.029414
2026-05-20 15:15: Train Epoch 454: 0/83 Loss: 0.015282
2026-05-20 15:15: Train Epoch 454: 20/83 Loss: 0.002528
2026-05-20 15:15: Train Epoch 454: 40/83 Loss: 0.019743
2026-05-20 15:15: Train Epoch 454: 60/83 Loss: 0.007888
2026-05-20 15:15: Train Epoch 454: 80/83 Loss: 0.009239
2026-05-20 15:15: **********Train Epoch 454: averaged Loss: 0.007197
2026-05-20 15:15: **********Val Epoch 454: average Loss: 0.026361
2026-05-20 15:15: Train Epoch 455: 0/83 Loss: 0.014755
2026-05-20 15:15: Train Epoch 455: 20/83 Loss: 0.005005
2026-05-20 15:15: Train Epoch 455: 40/83 Loss: 0.015442
2026-05-20 15:15: Train Epoch 455: 60/83 Loss: 0.008678
2026-05-20 15:15: Train Epoch 455: 80/83 Loss: 0.009683
2026-05-20 15:15: **********Train Epoch 455: averaged Loss: 0.007612
2026-05-20 15:15: **********Val Epoch 455: average Loss: 0.026840
2026-05-20 15:15: Train Epoch 456: 0/83 Loss: 0.010117
2026-05-20 15:15: Train Epoch 456: 20/83 Loss: 0.002795
2026-05-20 15:15: Train Epoch 456: 40/83 Loss: 0.022126
2026-05-20 15:15: Train Epoch 456: 60/83 Loss: 0.008602
2026-05-20 15:15: Train Epoch 456: 80/83 Loss: 0.009792
2026-05-20 15:15: **********Train Epoch 456: averaged Loss: 0.007744
2026-05-20 15:15: **********Val Epoch 456: average Loss: 0.026533
2026-05-20 15:15: Train Epoch 457: 0/83 Loss: 0.021550
2026-05-20 15:15: Train Epoch 457: 20/83 Loss: 0.004127
2026-05-20 15:15: Train Epoch 457: 40/83 Loss: 0.016519
2026-05-20 15:15: Train Epoch 457: 60/83 Loss: 0.006939
2026-05-20 15:15: Train Epoch 457: 80/83 Loss: 0.013407
2026-05-20 15:15: **********Train Epoch 457: averaged Loss: 0.009207
2026-05-20 15:15: **********Val Epoch 457: average Loss: 0.025138
2026-05-20 15:15: Train Epoch 458: 0/83 Loss: 0.010846
2026-05-20 15:15: Train Epoch 458: 20/83 Loss: 0.002002
2026-05-20 15:15: Train Epoch 458: 40/83 Loss: 0.017781
2026-05-20 15:15: Train Epoch 458: 60/83 Loss: 0.007961
2026-05-20 15:15: Train Epoch 458: 80/83 Loss: 0.008907
2026-05-20 15:15: **********Train Epoch 458: averaged Loss: 0.008440
2026-05-20 15:15: **********Val Epoch 458: average Loss: 0.025205
2026-05-20 15:15: Train Epoch 459: 0/83 Loss: 0.015580
2026-05-20 15:15: Train Epoch 459: 20/83 Loss: 0.008595
2026-05-20 15:15: Train Epoch 459: 40/83 Loss: 0.014514
2026-05-20 15:15: Train Epoch 459: 60/83 Loss: 0.006385
2026-05-20 15:15: Train Epoch 459: 80/83 Loss: 0.009699
2026-05-20 15:15: **********Train Epoch 459: averaged Loss: 0.007288
2026-05-20 15:15: **********Val Epoch 459: average Loss: 0.025666
2026-05-20 15:15: Train Epoch 460: 0/83 Loss: 0.008624
2026-05-20 15:15: Train Epoch 460: 20/83 Loss: 0.003999
2026-05-20 15:15: Train Epoch 460: 40/83 Loss: 0.017239
2026-05-20 15:15: Train Epoch 460: 60/83 Loss: 0.007819
2026-05-20 15:15: Train Epoch 460: 80/83 Loss: 0.014585
2026-05-20 15:15: **********Train Epoch 460: averaged Loss: 0.006629
2026-05-20 15:15: **********Val Epoch 460: average Loss: 0.026456
2026-05-20 15:15: Train Epoch 461: 0/83 Loss: 0.019372
2026-05-20 15:15: Train Epoch 461: 20/83 Loss: 0.002710
2026-05-20 15:15: Train Epoch 461: 40/83 Loss: 0.016756
2026-05-20 15:15: Train Epoch 461: 60/83 Loss: 0.006372
2026-05-20 15:15: Train Epoch 461: 80/83 Loss: 0.009761
2026-05-20 15:15: **********Train Epoch 461: averaged Loss: 0.007853
2026-05-20 15:15: **********Val Epoch 461: average Loss: 0.023530
2026-05-20 15:15: *********************************Current best model saved!
2026-05-20 15:15: Train Epoch 462: 0/83 Loss: 0.008233
2026-05-20 15:15: Train Epoch 462: 20/83 Loss: 0.002197
2026-05-20 15:15: Train Epoch 462: 40/83 Loss: 0.015299
2026-05-20 15:15: Train Epoch 462: 60/83 Loss: 0.009287
2026-05-20 15:15: Train Epoch 462: 80/83 Loss: 0.008640
2026-05-20 15:15: **********Train Epoch 462: averaged Loss: 0.006604
2026-05-20 15:15: **********Val Epoch 462: average Loss: 0.026749
2026-05-20 15:15: Train Epoch 463: 0/83 Loss: 0.015862
2026-05-20 15:15: Train Epoch 463: 20/83 Loss: 0.007065
2026-05-20 15:15: Train Epoch 463: 40/83 Loss: 0.017548
2026-05-20 15:15: Train Epoch 463: 60/83 Loss: 0.008609
2026-05-20 15:15: Train Epoch 463: 80/83 Loss: 0.009478
2026-05-20 15:15: **********Train Epoch 463: averaged Loss: 0.007744
2026-05-20 15:15: **********Val Epoch 463: average Loss: 0.025679
2026-05-20 15:15: Train Epoch 464: 0/83 Loss: 0.017697
2026-05-20 15:15: Train Epoch 464: 20/83 Loss: 0.002297
2026-05-20 15:15: Train Epoch 464: 40/83 Loss: 0.016663
2026-05-20 15:15: Train Epoch 464: 60/83 Loss: 0.006961
2026-05-20 15:15: Train Epoch 464: 80/83 Loss: 0.010772
2026-05-20 15:15: **********Train Epoch 464: averaged Loss: 0.007660
2026-05-20 15:15: **********Val Epoch 464: average Loss: 0.026119
2026-05-20 15:15: Train Epoch 465: 0/83 Loss: 0.017377
2026-05-20 15:15: Train Epoch 465: 20/83 Loss: 0.003651
2026-05-20 15:15: Train Epoch 465: 40/83 Loss: 0.015377
2026-05-20 15:15: Train Epoch 465: 60/83 Loss: 0.006680
2026-05-20 15:15: Train Epoch 465: 80/83 Loss: 0.008588
2026-05-20 15:15: **********Train Epoch 465: averaged Loss: 0.007550
2026-05-20 15:15: **********Val Epoch 465: average Loss: 0.025148
2026-05-20 15:15: Train Epoch 466: 0/83 Loss: 0.014198
2026-05-20 15:15: Train Epoch 466: 20/83 Loss: 0.003924
2026-05-20 15:15: Train Epoch 466: 40/83 Loss: 0.016455
2026-05-20 15:15: Train Epoch 466: 60/83 Loss: 0.006478
2026-05-20 15:16: Train Epoch 466: 80/83 Loss: 0.016286
2026-05-20 15:16: **********Train Epoch 466: averaged Loss: 0.007260
2026-05-20 15:16: **********Val Epoch 466: average Loss: 0.025736
2026-05-20 15:16: Train Epoch 467: 0/83 Loss: 0.020168
2026-05-20 15:16: Train Epoch 467: 20/83 Loss: 0.003859
2026-05-20 15:16: Train Epoch 467: 40/83 Loss: 0.018159
2026-05-20 15:16: Train Epoch 467: 60/83 Loss: 0.007157
2026-05-20 15:16: Train Epoch 467: 80/83 Loss: 0.008270
2026-05-20 15:16: **********Train Epoch 467: averaged Loss: 0.008896
2026-05-20 15:16: **********Val Epoch 467: average Loss: 0.023284
2026-05-20 15:16: *********************************Current best model saved!
2026-05-20 15:16: Train Epoch 468: 0/83 Loss: 0.008869
2026-05-20 15:16: Train Epoch 468: 20/83 Loss: 0.004387
2026-05-20 15:16: Train Epoch 468: 40/83 Loss: 0.014806
2026-05-20 15:16: Train Epoch 468: 60/83 Loss: 0.008256
2026-05-20 15:16: Train Epoch 468: 80/83 Loss: 0.008417
2026-05-20 15:16: **********Train Epoch 468: averaged Loss: 0.007347
2026-05-20 15:16: **********Val Epoch 468: average Loss: 0.026312
2026-05-20 15:16: Train Epoch 469: 0/83 Loss: 0.010809
2026-05-20 15:16: Train Epoch 469: 20/83 Loss: 0.003161
2026-05-20 15:16: Train Epoch 469: 40/83 Loss: 0.015603
2026-05-20 15:16: Train Epoch 469: 60/83 Loss: 0.006646
2026-05-20 15:16: Train Epoch 469: 80/83 Loss: 0.008504
2026-05-20 15:16: **********Train Epoch 469: averaged Loss: 0.007035
2026-05-20 15:16: **********Val Epoch 469: average Loss: 0.024191
2026-05-20 15:16: Train Epoch 470: 0/83 Loss: 0.008714
2026-05-20 15:16: Train Epoch 470: 20/83 Loss: 0.002692
2026-05-20 15:16: Train Epoch 470: 40/83 Loss: 0.017375
2026-05-20 15:16: Train Epoch 470: 60/83 Loss: 0.007857
2026-05-20 15:16: Train Epoch 470: 80/83 Loss: 0.008044
2026-05-20 15:16: **********Train Epoch 470: averaged Loss: 0.007465
2026-05-20 15:16: **********Val Epoch 470: average Loss: 0.027145
2026-05-20 15:16: Train Epoch 471: 0/83 Loss: 0.011462
2026-05-20 15:16: Train Epoch 471: 20/83 Loss: 0.002770
2026-05-20 15:16: Train Epoch 471: 40/83 Loss: 0.016004
2026-05-20 15:16: Train Epoch 471: 60/83 Loss: 0.006874
2026-05-20 15:16: Train Epoch 471: 80/83 Loss: 0.015420
2026-05-20 15:16: **********Train Epoch 471: averaged Loss: 0.008350
2026-05-20 15:16: **********Val Epoch 471: average Loss: 0.030665
2026-05-20 15:16: Train Epoch 472: 0/83 Loss: 0.014406
2026-05-20 15:16: Train Epoch 472: 20/83 Loss: 0.004825
2026-05-20 15:16: Train Epoch 472: 40/83 Loss: 0.023265
2026-05-20 15:16: Train Epoch 472: 60/83 Loss: 0.007520
2026-05-20 15:16: Train Epoch 472: 80/83 Loss: 0.016712
2026-05-20 15:16: **********Train Epoch 472: averaged Loss: 0.008477
2026-05-20 15:16: **********Val Epoch 472: average Loss: 0.026008
2026-05-20 15:16: Train Epoch 473: 0/83 Loss: 0.009863
2026-05-20 15:16: Train Epoch 473: 20/83 Loss: 0.006679
2026-05-20 15:16: Train Epoch 473: 40/83 Loss: 0.022293
2026-05-20 15:16: Train Epoch 473: 60/83 Loss: 0.012014
2026-05-20 15:16: Train Epoch 473: 80/83 Loss: 0.009363
2026-05-20 15:16: **********Train Epoch 473: averaged Loss: 0.007542
2026-05-20 15:16: **********Val Epoch 473: average Loss: 0.025456
2026-05-20 15:16: Train Epoch 474: 0/83 Loss: 0.011986
2026-05-20 15:16: Train Epoch 474: 20/83 Loss: 0.013603
2026-05-20 15:16: Train Epoch 474: 40/83 Loss: 0.020101
2026-05-20 15:16: Train Epoch 474: 60/83 Loss: 0.006761
2026-05-20 15:16: Train Epoch 474: 80/83 Loss: 0.012569
2026-05-20 15:16: **********Train Epoch 474: averaged Loss: 0.007954
2026-05-20 15:16: **********Val Epoch 474: average Loss: 0.026778
2026-05-20 15:16: Train Epoch 475: 0/83 Loss: 0.011355
2026-05-20 15:16: Train Epoch 475: 20/83 Loss: 0.002090
2026-05-20 15:16: Train Epoch 475: 40/83 Loss: 0.023357
2026-05-20 15:16: Train Epoch 475: 60/83 Loss: 0.007135
2026-05-20 15:16: Train Epoch 475: 80/83 Loss: 0.010274
2026-05-20 15:16: **********Train Epoch 475: averaged Loss: 0.008335
2026-05-20 15:16: **********Val Epoch 475: average Loss: 0.024797
2026-05-20 15:16: Train Epoch 476: 0/83 Loss: 0.010377
2026-05-20 15:16: Train Epoch 476: 20/83 Loss: 0.002806
2026-05-20 15:16: Train Epoch 476: 40/83 Loss: 0.014544
2026-05-20 15:16: Train Epoch 476: 60/83 Loss: 0.008025
2026-05-20 15:16: Train Epoch 476: 80/83 Loss: 0.008396
2026-05-20 15:16: **********Train Epoch 476: averaged Loss: 0.007392
2026-05-20 15:16: **********Val Epoch 476: average Loss: 0.025459
2026-05-20 15:16: Train Epoch 477: 0/83 Loss: 0.007583
2026-05-20 15:16: Train Epoch 477: 20/83 Loss: 0.003219
2026-05-20 15:16: Train Epoch 477: 40/83 Loss: 0.016500
2026-05-20 15:16: Train Epoch 477: 60/83 Loss: 0.008787
2026-05-20 15:16: Train Epoch 477: 80/83 Loss: 0.011043
2026-05-20 15:16: **********Train Epoch 477: averaged Loss: 0.006333
2026-05-20 15:16: **********Val Epoch 477: average Loss: 0.029218
2026-05-20 15:16: Train Epoch 478: 0/83 Loss: 0.024972
2026-05-20 15:16: Train Epoch 478: 20/83 Loss: 0.005993
2026-05-20 15:16: Train Epoch 478: 40/83 Loss: 0.015738
2026-05-20 15:16: Train Epoch 478: 60/83 Loss: 0.006813
2026-05-20 15:16: Train Epoch 478: 80/83 Loss: 0.010193
2026-05-20 15:16: **********Train Epoch 478: averaged Loss: 0.008238
2026-05-20 15:16: **********Val Epoch 478: average Loss: 0.028792
2026-05-20 15:16: Train Epoch 479: 0/83 Loss: 0.016732
2026-05-20 15:16: Train Epoch 479: 20/83 Loss: 0.004701
2026-05-20 15:16: Train Epoch 479: 40/83 Loss: 0.014531
2026-05-20 15:16: Train Epoch 479: 60/83 Loss: 0.006804
2026-05-20 15:16: Train Epoch 479: 80/83 Loss: 0.008415
2026-05-20 15:16: **********Train Epoch 479: averaged Loss: 0.007535
2026-05-20 15:16: **********Val Epoch 479: average Loss: 0.025980
2026-05-20 15:16: Train Epoch 480: 0/83 Loss: 0.007958
2026-05-20 15:16: Train Epoch 480: 20/83 Loss: 0.003500
2026-05-20 15:16: Train Epoch 480: 40/83 Loss: 0.015528
2026-05-20 15:16: Train Epoch 480: 60/83 Loss: 0.006805
2026-05-20 15:16: Train Epoch 480: 80/83 Loss: 0.008265
2026-05-20 15:16: **********Train Epoch 480: averaged Loss: 0.006783
2026-05-20 15:16: **********Val Epoch 480: average Loss: 0.024545
2026-05-20 15:16: Train Epoch 481: 0/83 Loss: 0.012814
2026-05-20 15:16: Train Epoch 481: 20/83 Loss: 0.002884
2026-05-20 15:16: Train Epoch 481: 40/83 Loss: 0.014912
2026-05-20 15:16: Train Epoch 481: 60/83 Loss: 0.006923
2026-05-20 15:16: Train Epoch 481: 80/83 Loss: 0.008880
2026-05-20 15:16: **********Train Epoch 481: averaged Loss: 0.007001
2026-05-20 15:16: **********Val Epoch 481: average Loss: 0.027579
2026-05-20 15:16: Train Epoch 482: 0/83 Loss: 0.016563
2026-05-20 15:16: Train Epoch 482: 20/83 Loss: 0.005419
2026-05-20 15:17: Train Epoch 482: 40/83 Loss: 0.015304
2026-05-20 15:17: Train Epoch 482: 60/83 Loss: 0.006963
2026-05-20 15:17: Train Epoch 482: 80/83 Loss: 0.009039
2026-05-20 15:17: **********Train Epoch 482: averaged Loss: 0.008459
2026-05-20 15:17: **********Val Epoch 482: average Loss: 0.029602
2026-05-20 15:17: Train Epoch 483: 0/83 Loss: 0.013347
2026-05-20 15:17: Train Epoch 483: 20/83 Loss: 0.001938
2026-05-20 15:17: Train Epoch 483: 40/83 Loss: 0.019011
2026-05-20 15:17: Train Epoch 483: 60/83 Loss: 0.010614
2026-05-20 15:17: Train Epoch 483: 80/83 Loss: 0.008753
2026-05-20 15:17: **********Train Epoch 483: averaged Loss: 0.007895
2026-05-20 15:17: **********Val Epoch 483: average Loss: 0.028636
2026-05-20 15:17: Train Epoch 484: 0/83 Loss: 0.017357
2026-05-20 15:17: Train Epoch 484: 20/83 Loss: 0.004144
2026-05-20 15:17: Train Epoch 484: 40/83 Loss: 0.015918
2026-05-20 15:17: Train Epoch 484: 60/83 Loss: 0.012011
2026-05-20 15:17: Train Epoch 484: 80/83 Loss: 0.007507
2026-05-20 15:17: **********Train Epoch 484: averaged Loss: 0.007752
2026-05-20 15:17: **********Val Epoch 484: average Loss: 0.028930
2026-05-20 15:17: Train Epoch 485: 0/83 Loss: 0.009929
2026-05-20 15:17: Train Epoch 485: 20/83 Loss: 0.011225
2026-05-20 15:17: Train Epoch 485: 40/83 Loss: 0.031012
2026-05-20 15:17: Train Epoch 485: 60/83 Loss: 0.010286
2026-05-20 15:17: Train Epoch 485: 80/83 Loss: 0.008405
2026-05-20 15:17: **********Train Epoch 485: averaged Loss: 0.008594
2026-05-20 15:17: **********Val Epoch 485: average Loss: 0.025124
2026-05-20 15:17: Train Epoch 486: 0/83 Loss: 0.009418
2026-05-20 15:17: Train Epoch 486: 20/83 Loss: 0.010029
2026-05-20 15:17: Train Epoch 486: 40/83 Loss: 0.029674
2026-05-20 15:17: Train Epoch 486: 60/83 Loss: 0.007094
2026-05-20 15:17: Train Epoch 486: 80/83 Loss: 0.010015
2026-05-20 15:17: **********Train Epoch 486: averaged Loss: 0.009168
2026-05-20 15:17: **********Val Epoch 486: average Loss: 0.022596
2026-05-20 15:17: *********************************Current best model saved!
2026-05-20 15:17: Train Epoch 487: 0/83 Loss: 0.009465
2026-05-20 15:17: Train Epoch 487: 20/83 Loss: 0.009393
2026-05-20 15:17: Train Epoch 487: 40/83 Loss: 0.041196
2026-05-20 15:17: Train Epoch 487: 60/83 Loss: 0.006673
2026-05-20 15:17: Train Epoch 487: 80/83 Loss: 0.012938
2026-05-20 15:17: **********Train Epoch 487: averaged Loss: 0.009229
2026-05-20 15:17: **********Val Epoch 487: average Loss: 0.024584
2026-05-20 15:17: Train Epoch 488: 0/83 Loss: 0.007243
2026-05-20 15:17: Train Epoch 488: 20/83 Loss: 0.004307
2026-05-20 15:17: Train Epoch 488: 40/83 Loss: 0.019773
2026-05-20 15:17: Train Epoch 488: 60/83 Loss: 0.006774
2026-05-20 15:17: Train Epoch 488: 80/83 Loss: 0.008457
2026-05-20 15:17: **********Train Epoch 488: averaged Loss: 0.007082
2026-05-20 15:17: **********Val Epoch 488: average Loss: 0.026482
2026-05-20 15:17: Train Epoch 489: 0/83 Loss: 0.012461
2026-05-20 15:17: Train Epoch 489: 20/83 Loss: 0.003537
2026-05-20 15:17: Train Epoch 489: 40/83 Loss: 0.016621
2026-05-20 15:17: Train Epoch 489: 60/83 Loss: 0.006640
2026-05-20 15:17: Train Epoch 489: 80/83 Loss: 0.008552
2026-05-20 15:17: **********Train Epoch 489: averaged Loss: 0.007628
2026-05-20 15:17: **********Val Epoch 489: average Loss: 0.024677
2026-05-20 15:17: Train Epoch 490: 0/83 Loss: 0.011703
2026-05-20 15:17: Train Epoch 490: 20/83 Loss: 0.004545
2026-05-20 15:17: Train Epoch 490: 40/83 Loss: 0.016408
2026-05-20 15:17: Train Epoch 490: 60/83 Loss: 0.006833
2026-05-20 15:17: Train Epoch 490: 80/83 Loss: 0.009400
2026-05-20 15:17: **********Train Epoch 490: averaged Loss: 0.008180
2026-05-20 15:17: **********Val Epoch 490: average Loss: 0.025857
2026-05-20 15:17: Train Epoch 491: 0/83 Loss: 0.010134
2026-05-20 15:17: Train Epoch 491: 20/83 Loss: 0.003205
2026-05-20 15:17: Train Epoch 491: 40/83 Loss: 0.020074
2026-05-20 15:17: Train Epoch 491: 60/83 Loss: 0.006860
2026-05-20 15:17: Train Epoch 491: 80/83 Loss: 0.011657
2026-05-20 15:17: **********Train Epoch 491: averaged Loss: 0.009165
2026-05-20 15:17: **********Val Epoch 491: average Loss: 0.024479
2026-05-20 15:17: Train Epoch 492: 0/83 Loss: 0.008739
2026-05-20 15:17: Train Epoch 492: 20/83 Loss: 0.006638
2026-05-20 15:17: Train Epoch 492: 40/83 Loss: 0.019076
2026-05-20 15:17: Train Epoch 492: 60/83 Loss: 0.007226
2026-05-20 15:17: Train Epoch 492: 80/83 Loss: 0.009294
2026-05-20 15:17: **********Train Epoch 492: averaged Loss: 0.006743
2026-05-20 15:17: **********Val Epoch 492: average Loss: 0.029516
2026-05-20 15:17: Train Epoch 493: 0/83 Loss: 0.017108
2026-05-20 15:17: Train Epoch 493: 20/83 Loss: 0.002246
2026-05-20 15:17: Train Epoch 493: 40/83 Loss: 0.013894
2026-05-20 15:17: Train Epoch 493: 60/83 Loss: 0.006228
2026-05-20 15:17: Train Epoch 493: 80/83 Loss: 0.008162
2026-05-20 15:17: **********Train Epoch 493: averaged Loss: 0.007048
2026-05-20 15:17: **********Val Epoch 493: average Loss: 0.023168
2026-05-20 15:17: Train Epoch 494: 0/83 Loss: 0.010336
2026-05-20 15:17: Train Epoch 494: 20/83 Loss: 0.007732
2026-05-20 15:17: Train Epoch 494: 40/83 Loss: 0.014876
2026-05-20 15:17: Train Epoch 494: 60/83 Loss: 0.006346
2026-05-20 15:17: Train Epoch 494: 80/83 Loss: 0.008646
2026-05-20 15:17: **********Train Epoch 494: averaged Loss: 0.006693
2026-05-20 15:17: **********Val Epoch 494: average Loss: 0.028341
2026-05-20 15:17: Train Epoch 495: 0/83 Loss: 0.021317
2026-05-20 15:17: Train Epoch 495: 20/83 Loss: 0.006208
2026-05-20 15:17: Train Epoch 495: 40/83 Loss: 0.016324
2026-05-20 15:17: Train Epoch 495: 60/83 Loss: 0.006681
2026-05-20 15:17: Train Epoch 495: 80/83 Loss: 0.011996
2026-05-20 15:17: **********Train Epoch 495: averaged Loss: 0.008946
2026-05-20 15:17: **********Val Epoch 495: average Loss: 0.025652
2026-05-20 15:17: Train Epoch 496: 0/83 Loss: 0.008346
2026-05-20 15:17: Train Epoch 496: 20/83 Loss: 0.004569
2026-05-20 15:17: Train Epoch 496: 40/83 Loss: 0.016618
2026-05-20 15:17: Train Epoch 496: 60/83 Loss: 0.007741
2026-05-20 15:17: Train Epoch 496: 80/83 Loss: 0.007641
2026-05-20 15:17: **********Train Epoch 496: averaged Loss: 0.007214
2026-05-20 15:17: **********Val Epoch 496: average Loss: 0.026008
2026-05-20 15:17: Train Epoch 497: 0/83 Loss: 0.008264
2026-05-20 15:17: Train Epoch 497: 20/83 Loss: 0.005390
2026-05-20 15:17: Train Epoch 497: 40/83 Loss: 0.020527
2026-05-20 15:17: Train Epoch 497: 60/83 Loss: 0.008561
2026-05-20 15:17: Train Epoch 497: 80/83 Loss: 0.008811
2026-05-20 15:17: **********Train Epoch 497: averaged Loss: 0.007349
2026-05-20 15:17: **********Val Epoch 497: average Loss: 0.027115
2026-05-20 15:17: Train Epoch 498: 0/83 Loss: 0.014108
2026-05-20 15:18: Train Epoch 498: 20/83 Loss: 0.005774
2026-05-20 15:18: Train Epoch 498: 40/83 Loss: 0.016423
2026-05-20 15:18: Train Epoch 498: 60/83 Loss: 0.006571
2026-05-20 15:18: Train Epoch 498: 80/83 Loss: 0.008615
2026-05-20 15:18: **********Train Epoch 498: averaged Loss: 0.007957
2026-05-20 15:18: **********Val Epoch 498: average Loss: 0.028332
2026-05-20 15:18: Train Epoch 499: 0/83 Loss: 0.009092
2026-05-20 15:18: Train Epoch 499: 20/83 Loss: 0.002846
2026-05-20 15:18: Train Epoch 499: 40/83 Loss: 0.022696
2026-05-20 15:18: Train Epoch 499: 60/83 Loss: 0.006476
2026-05-20 15:18: Train Epoch 499: 80/83 Loss: 0.010150
2026-05-20 15:18: **********Train Epoch 499: averaged Loss: 0.008189
2026-05-20 15:18: **********Val Epoch 499: average Loss: 0.024843
2026-05-20 15:18: Train Epoch 500: 0/83 Loss: 0.011835
2026-05-20 15:18: Train Epoch 500: 20/83 Loss: 0.002443
2026-05-20 15:18: Train Epoch 500: 40/83 Loss: 0.014454
2026-05-20 15:18: Train Epoch 500: 60/83 Loss: 0.006783
2026-05-20 15:18: Train Epoch 500: 80/83 Loss: 0.008322
2026-05-20 15:18: **********Train Epoch 500: averaged Loss: 0.007282
2026-05-20 15:18: **********Val Epoch 500: average Loss: 0.025959
2026-05-20 15:18: Train Epoch 501: 0/83 Loss: 0.008045
2026-05-20 15:18: Train Epoch 501: 20/83 Loss: 0.002350
2026-05-20 15:18: Train Epoch 501: 40/83 Loss: 0.015422
2026-05-20 15:18: Train Epoch 501: 60/83 Loss: 0.006429
2026-05-20 15:18: Train Epoch 501: 80/83 Loss: 0.013292
2026-05-20 15:18: **********Train Epoch 501: averaged Loss: 0.007005
2026-05-20 15:18: **********Val Epoch 501: average Loss: 0.025783
2026-05-20 15:18: Train Epoch 502: 0/83 Loss: 0.017182
2026-05-20 15:18: Train Epoch 502: 20/83 Loss: 0.007148
2026-05-20 15:18: Train Epoch 502: 40/83 Loss: 0.020503
2026-05-20 15:18: Train Epoch 502: 60/83 Loss: 0.006705
2026-05-20 15:18: Train Epoch 502: 80/83 Loss: 0.011312
2026-05-20 15:18: **********Train Epoch 502: averaged Loss: 0.009080
2026-05-20 15:18: **********Val Epoch 502: average Loss: 0.028877
2026-05-20 15:18: Train Epoch 503: 0/83 Loss: 0.008677
2026-05-20 15:18: Train Epoch 503: 20/83 Loss: 0.001895
2026-05-20 15:18: Train Epoch 503: 40/83 Loss: 0.016009
2026-05-20 15:18: Train Epoch 503: 60/83 Loss: 0.006858
2026-05-20 15:18: Train Epoch 503: 80/83 Loss: 0.007821
2026-05-20 15:18: **********Train Epoch 503: averaged Loss: 0.007761
2026-05-20 15:18: **********Val Epoch 503: average Loss: 0.027202
2026-05-20 15:18: Train Epoch 504: 0/83 Loss: 0.010560
2026-05-20 15:18: Train Epoch 504: 20/83 Loss: 0.004068
2026-05-20 15:18: Train Epoch 504: 40/83 Loss: 0.014497
2026-05-20 15:18: Train Epoch 504: 60/83 Loss: 0.006712
2026-05-20 15:18: Train Epoch 504: 80/83 Loss: 0.008197
2026-05-20 15:18: **********Train Epoch 504: averaged Loss: 0.006776
2026-05-20 15:18: **********Val Epoch 504: average Loss: 0.027474
2026-05-20 15:18: Train Epoch 505: 0/83 Loss: 0.007885
2026-05-20 15:18: Train Epoch 505: 20/83 Loss: 0.002809
2026-05-20 15:18: Train Epoch 505: 40/83 Loss: 0.016504
2026-05-20 15:18: Train Epoch 505: 60/83 Loss: 0.008356
2026-05-20 15:18: Train Epoch 505: 80/83 Loss: 0.009495
2026-05-20 15:18: **********Train Epoch 505: averaged Loss: 0.006595
2026-05-20 15:18: **********Val Epoch 505: average Loss: 0.028630
2026-05-20 15:18: Train Epoch 506: 0/83 Loss: 0.014397
2026-05-20 15:18: Train Epoch 506: 20/83 Loss: 0.005993
2026-05-20 15:18: Train Epoch 506: 40/83 Loss: 0.013736
2026-05-20 15:18: Train Epoch 506: 60/83 Loss: 0.006595
2026-05-20 15:18: Train Epoch 506: 80/83 Loss: 0.010270
2026-05-20 15:18: **********Train Epoch 506: averaged Loss: 0.007382
2026-05-20 15:18: **********Val Epoch 506: average Loss: 0.031005
2026-05-20 15:18: Train Epoch 507: 0/83 Loss: 0.012313
2026-05-20 15:18: Train Epoch 507: 20/83 Loss: 0.004639
2026-05-20 15:18: Train Epoch 507: 40/83 Loss: 0.022715
2026-05-20 15:18: Train Epoch 507: 60/83 Loss: 0.008767
2026-05-20 15:18: Train Epoch 507: 80/83 Loss: 0.007465
2026-05-20 15:18: **********Train Epoch 507: averaged Loss: 0.007415
2026-05-20 15:18: **********Val Epoch 507: average Loss: 0.026897
2026-05-20 15:18: Train Epoch 508: 0/83 Loss: 0.012022
2026-05-20 15:18: Train Epoch 508: 20/83 Loss: 0.004415
2026-05-20 15:18: Train Epoch 508: 40/83 Loss: 0.014962
2026-05-20 15:18: Train Epoch 508: 60/83 Loss: 0.008188
2026-05-20 15:18: Train Epoch 508: 80/83 Loss: 0.010797
2026-05-20 15:18: **********Train Epoch 508: averaged Loss: 0.006633
2026-05-20 15:18: **********Val Epoch 508: average Loss: 0.027806
2026-05-20 15:18: Train Epoch 509: 0/83 Loss: 0.022336
2026-05-20 15:18: Train Epoch 509: 20/83 Loss: 0.007015
2026-05-20 15:18: Train Epoch 509: 40/83 Loss: 0.016542
2026-05-20 15:18: Train Epoch 509: 60/83 Loss: 0.007180
2026-05-20 15:18: Train Epoch 509: 80/83 Loss: 0.008230
2026-05-20 15:18: **********Train Epoch 509: averaged Loss: 0.008738
2026-05-20 15:18: **********Val Epoch 509: average Loss: 0.027935
2026-05-20 15:18: Train Epoch 510: 0/83 Loss: 0.009444
2026-05-20 15:18: Train Epoch 510: 20/83 Loss: 0.003819
2026-05-20 15:18: Train Epoch 510: 40/83 Loss: 0.017245
2026-05-20 15:18: Train Epoch 510: 60/83 Loss: 0.008077
2026-05-20 15:18: Train Epoch 510: 80/83 Loss: 0.007232
2026-05-20 15:18: **********Train Epoch 510: averaged Loss: 0.007050
2026-05-20 15:18: **********Val Epoch 510: average Loss: 0.028413
2026-05-20 15:18: Train Epoch 511: 0/83 Loss: 0.008753
2026-05-20 15:18: Train Epoch 511: 20/83 Loss: 0.007421
2026-05-20 15:18: Train Epoch 511: 40/83 Loss: 0.023422
2026-05-20 15:18: Train Epoch 511: 60/83 Loss: 0.007542
2026-05-20 15:18: Train Epoch 511: 80/83 Loss: 0.008860
2026-05-20 15:18: **********Train Epoch 511: averaged Loss: 0.007472
2026-05-20 15:18: **********Val Epoch 511: average Loss: 0.027284
2026-05-20 15:18: Train Epoch 512: 0/83 Loss: 0.008841
2026-05-20 15:18: Train Epoch 512: 20/83 Loss: 0.012677
2026-05-20 15:18: Train Epoch 512: 40/83 Loss: 0.029760
2026-05-20 15:18: Train Epoch 512: 60/83 Loss: 0.006471
2026-05-20 15:18: Train Epoch 512: 80/83 Loss: 0.011190
2026-05-20 15:18: **********Train Epoch 512: averaged Loss: 0.007758
2026-05-20 15:18: **********Val Epoch 512: average Loss: 0.025497
2026-05-20 15:18: Train Epoch 513: 0/83 Loss: 0.008045
2026-05-20 15:18: Train Epoch 513: 20/83 Loss: 0.009064
2026-05-20 15:18: Train Epoch 513: 40/83 Loss: 0.024130
2026-05-20 15:18: Train Epoch 513: 60/83 Loss: 0.008391
2026-05-20 15:19: Train Epoch 513: 80/83 Loss: 0.015826
2026-05-20 15:19: **********Train Epoch 513: averaged Loss: 0.007564
2026-05-20 15:19: **********Val Epoch 513: average Loss: 0.031089
2026-05-20 15:19: Train Epoch 514: 0/83 Loss: 0.027759
2026-05-20 15:19: Train Epoch 514: 20/83 Loss: 0.007937
2026-05-20 15:19: Train Epoch 514: 40/83 Loss: 0.018618
2026-05-20 15:19: Train Epoch 514: 60/83 Loss: 0.007143
2026-05-20 15:19: Train Epoch 514: 80/83 Loss: 0.009204
2026-05-20 15:19: **********Train Epoch 514: averaged Loss: 0.010864
2026-05-20 15:19: **********Val Epoch 514: average Loss: 0.028651
2026-05-20 15:19: Train Epoch 515: 0/83 Loss: 0.012445
2026-05-20 15:19: Train Epoch 515: 20/83 Loss: 0.005476
2026-05-20 15:19: Train Epoch 515: 40/83 Loss: 0.018156
2026-05-20 15:19: Train Epoch 515: 60/83 Loss: 0.006943
2026-05-20 15:19: Train Epoch 515: 80/83 Loss: 0.011830
2026-05-20 15:19: **********Train Epoch 515: averaged Loss: 0.008149
2026-05-20 15:19: **********Val Epoch 515: average Loss: 0.029613
2026-05-20 15:19: Train Epoch 516: 0/83 Loss: 0.011117
2026-05-20 15:19: Train Epoch 516: 20/83 Loss: 0.007172
2026-05-20 15:19: Train Epoch 516: 40/83 Loss: 0.017254
2026-05-20 15:19: Train Epoch 516: 60/83 Loss: 0.006770
2026-05-20 15:19: Train Epoch 516: 80/83 Loss: 0.009329
2026-05-20 15:19: **********Train Epoch 516: averaged Loss: 0.007269
2026-05-20 15:19: **********Val Epoch 516: average Loss: 0.023383
2026-05-20 15:19: Train Epoch 517: 0/83 Loss: 0.008364
2026-05-20 15:19: Train Epoch 517: 20/83 Loss: 0.006823
2026-05-20 15:19: Train Epoch 517: 40/83 Loss: 0.016116
2026-05-20 15:19: Train Epoch 517: 60/83 Loss: 0.006511
2026-05-20 15:19: Train Epoch 517: 80/83 Loss: 0.007872
2026-05-20 15:19: **********Train Epoch 517: averaged Loss: 0.007427
2026-05-20 15:19: **********Val Epoch 517: average Loss: 0.024636
2026-05-20 15:19: Train Epoch 518: 0/83 Loss: 0.006919
2026-05-20 15:19: Train Epoch 518: 20/83 Loss: 0.005989
2026-05-20 15:19: Train Epoch 518: 40/83 Loss: 0.015442
2026-05-20 15:19: Train Epoch 518: 60/83 Loss: 0.010962
2026-05-20 15:19: Train Epoch 518: 80/83 Loss: 0.008332
2026-05-20 15:19: **********Train Epoch 518: averaged Loss: 0.007002
2026-05-20 15:19: **********Val Epoch 518: average Loss: 0.023676
2026-05-20 15:19: Train Epoch 519: 0/83 Loss: 0.012046
2026-05-20 15:19: Train Epoch 519: 20/83 Loss: 0.002672
2026-05-20 15:19: Train Epoch 519: 40/83 Loss: 0.020988
2026-05-20 15:19: Train Epoch 519: 60/83 Loss: 0.006913
2026-05-20 15:19: Train Epoch 519: 80/83 Loss: 0.019015
2026-05-20 15:19: **********Train Epoch 519: averaged Loss: 0.007894
2026-05-20 15:19: **********Val Epoch 519: average Loss: 0.030445
2026-05-20 15:19: Train Epoch 520: 0/83 Loss: 0.025691
2026-05-20 15:19: Train Epoch 520: 20/83 Loss: 0.003113
2026-05-20 15:19: Train Epoch 520: 40/83 Loss: 0.023496
2026-05-20 15:19: Train Epoch 520: 60/83 Loss: 0.006827
2026-05-20 15:19: Train Epoch 520: 80/83 Loss: 0.008958
2026-05-20 15:19: **********Train Epoch 520: averaged Loss: 0.010841
2026-05-20 15:19: **********Val Epoch 520: average Loss: 0.019312
2026-05-20 15:19: *********************************Current best model saved!
2026-05-20 15:19: Train Epoch 521: 0/83 Loss: 0.008621
2026-05-20 15:19: Train Epoch 521: 20/83 Loss: 0.008148
2026-05-20 15:19: Train Epoch 521: 40/83 Loss: 0.015399
2026-05-20 15:19: Train Epoch 521: 60/83 Loss: 0.006571
2026-05-20 15:19: Train Epoch 521: 80/83 Loss: 0.009000
2026-05-20 15:19: **********Train Epoch 521: averaged Loss: 0.006369
2026-05-20 15:19: **********Val Epoch 521: average Loss: 0.022540
2026-05-20 15:19: Train Epoch 522: 0/83 Loss: 0.008048
2026-05-20 15:19: Train Epoch 522: 20/83 Loss: 0.004519
2026-05-20 15:19: Train Epoch 522: 40/83 Loss: 0.013927
2026-05-20 15:19: Train Epoch 522: 60/83 Loss: 0.006415
2026-05-20 15:19: Train Epoch 522: 80/83 Loss: 0.014599
2026-05-20 15:19: **********Train Epoch 522: averaged Loss: 0.006043
2026-05-20 15:19: **********Val Epoch 522: average Loss: 0.024590
2026-05-20 15:19: Train Epoch 523: 0/83 Loss: 0.015084
2026-05-20 15:19: Train Epoch 523: 20/83 Loss: 0.002250
2026-05-20 15:19: Train Epoch 523: 40/83 Loss: 0.013998
2026-05-20 15:19: Train Epoch 523: 60/83 Loss: 0.009260
2026-05-20 15:19: Train Epoch 523: 80/83 Loss: 0.008381
2026-05-20 15:19: **********Train Epoch 523: averaged Loss: 0.007062
2026-05-20 15:19: **********Val Epoch 523: average Loss: 0.022116
2026-05-20 15:19: Train Epoch 524: 0/83 Loss: 0.007086
2026-05-20 15:19: Train Epoch 524: 20/83 Loss: 0.002425
2026-05-20 15:19: Train Epoch 524: 40/83 Loss: 0.017044
2026-05-20 15:19: Train Epoch 524: 60/83 Loss: 0.009176
2026-05-20 15:19: Train Epoch 524: 80/83 Loss: 0.011873
2026-05-20 15:19: **********Train Epoch 524: averaged Loss: 0.006989
2026-05-20 15:19: **********Val Epoch 524: average Loss: 0.021659
2026-05-20 15:19: Train Epoch 525: 0/83 Loss: 0.010392
2026-05-20 15:19: Train Epoch 525: 20/83 Loss: 0.004093
2026-05-20 15:19: Train Epoch 525: 40/83 Loss: 0.016709
2026-05-20 15:19: Train Epoch 525: 60/83 Loss: 0.006836
2026-05-20 15:19: Train Epoch 525: 80/83 Loss: 0.008094
2026-05-20 15:19: **********Train Epoch 525: averaged Loss: 0.006935
2026-05-20 15:19: **********Val Epoch 525: average Loss: 0.022156
2026-05-20 15:19: Train Epoch 526: 0/83 Loss: 0.009379
2026-05-20 15:19: Train Epoch 526: 20/83 Loss: 0.004439
2026-05-20 15:19: Train Epoch 526: 40/83 Loss: 0.016227
2026-05-20 15:19: Train Epoch 526: 60/83 Loss: 0.006693
2026-05-20 15:19: Train Epoch 526: 80/83 Loss: 0.013891
2026-05-20 15:19: **********Train Epoch 526: averaged Loss: 0.007865
2026-05-20 15:19: **********Val Epoch 526: average Loss: 0.025575
2026-05-20 15:19: Train Epoch 527: 0/83 Loss: 0.009146
2026-05-20 15:19: Train Epoch 527: 20/83 Loss: 0.002203
2026-05-20 15:19: Train Epoch 527: 40/83 Loss: 0.016196
2026-05-20 15:19: Train Epoch 527: 60/83 Loss: 0.006469
2026-05-20 15:19: Train Epoch 527: 80/83 Loss: 0.009888
2026-05-20 15:19: **********Train Epoch 527: averaged Loss: 0.008456
2026-05-20 15:19: **********Val Epoch 527: average Loss: 0.025777
2026-05-20 15:19: Train Epoch 528: 0/83 Loss: 0.009991
2026-05-20 15:19: Train Epoch 528: 20/83 Loss: 0.005172
2026-05-20 15:19: Train Epoch 528: 40/83 Loss: 0.016192
2026-05-20 15:19: Train Epoch 528: 60/83 Loss: 0.006324
2026-05-20 15:19: Train Epoch 528: 80/83 Loss: 0.007338
2026-05-20 15:19: **********Train Epoch 528: averaged Loss: 0.007474
2026-05-20 15:19: **********Val Epoch 528: average Loss: 0.022532
2026-05-20 15:19: Train Epoch 529: 0/83 Loss: 0.007282
2026-05-20 15:19: Train Epoch 529: 20/83 Loss: 0.002072
2026-05-20 15:20: Train Epoch 529: 40/83 Loss: 0.015033
2026-05-20 15:20: Train Epoch 529: 60/83 Loss: 0.006443
2026-05-20 15:20: Train Epoch 529: 80/83 Loss: 0.009910
2026-05-20 15:20: **********Train Epoch 529: averaged Loss: 0.005725
2026-05-20 15:20: **********Val Epoch 529: average Loss: 0.026923
2026-05-20 15:20: Train Epoch 530: 0/83 Loss: 0.018789
2026-05-20 15:20: Train Epoch 530: 20/83 Loss: 0.003877
2026-05-20 15:20: Train Epoch 530: 40/83 Loss: 0.021865
2026-05-20 15:20: Train Epoch 530: 60/83 Loss: 0.007228
2026-05-20 15:20: Train Epoch 530: 80/83 Loss: 0.008527
2026-05-20 15:20: **********Train Epoch 530: averaged Loss: 0.008473
2026-05-20 15:20: **********Val Epoch 530: average Loss: 0.025239
2026-05-20 15:20: Train Epoch 531: 0/83 Loss: 0.013619
2026-05-20 15:20: Train Epoch 531: 20/83 Loss: 0.001773
2026-05-20 15:20: Train Epoch 531: 40/83 Loss: 0.015109
2026-05-20 15:20: Train Epoch 531: 60/83 Loss: 0.007128
2026-05-20 15:20: Train Epoch 531: 80/83 Loss: 0.011954
2026-05-20 15:20: **********Train Epoch 531: averaged Loss: 0.007539
2026-05-20 15:20: **********Val Epoch 531: average Loss: 0.025532
2026-05-20 15:20: Train Epoch 532: 0/83 Loss: 0.013901
2026-05-20 15:20: Train Epoch 532: 20/83 Loss: 0.001871
2026-05-20 15:20: Train Epoch 532: 40/83 Loss: 0.016308
2026-05-20 15:20: Train Epoch 532: 60/83 Loss: 0.007558
2026-05-20 15:20: Train Epoch 532: 80/83 Loss: 0.010273
2026-05-20 15:20: **********Train Epoch 532: averaged Loss: 0.007484
2026-05-20 15:20: **********Val Epoch 532: average Loss: 0.025990
2026-05-20 15:20: Train Epoch 533: 0/83 Loss: 0.020543
2026-05-20 15:20: Train Epoch 533: 20/83 Loss: 0.002255
2026-05-20 15:20: Train Epoch 533: 40/83 Loss: 0.015354
2026-05-20 15:20: Train Epoch 533: 60/83 Loss: 0.007619
2026-05-20 15:20: Train Epoch 533: 80/83 Loss: 0.016783
2026-05-20 15:20: **********Train Epoch 533: averaged Loss: 0.008300
2026-05-20 15:20: **********Val Epoch 533: average Loss: 0.024876
2026-05-20 15:20: Train Epoch 534: 0/83 Loss: 0.010544
2026-05-20 15:20: Train Epoch 534: 20/83 Loss: 0.003373
2026-05-20 15:20: Train Epoch 534: 40/83 Loss: 0.013717
2026-05-20 15:20: Train Epoch 534: 60/83 Loss: 0.008852
2026-05-20 15:20: Train Epoch 534: 80/83 Loss: 0.010080
2026-05-20 15:20: **********Train Epoch 534: averaged Loss: 0.006999
2026-05-20 15:20: **********Val Epoch 534: average Loss: 0.026433
2026-05-20 15:20: Train Epoch 535: 0/83 Loss: 0.024251
2026-05-20 15:20: Train Epoch 535: 20/83 Loss: 0.003042
2026-05-20 15:20: Train Epoch 535: 40/83 Loss: 0.013947
2026-05-20 15:20: Train Epoch 535: 60/83 Loss: 0.006292
2026-05-20 15:20: Train Epoch 535: 80/83 Loss: 0.009161
2026-05-20 15:20: **********Train Epoch 535: averaged Loss: 0.008185
2026-05-20 15:20: **********Val Epoch 535: average Loss: 0.023718
2026-05-20 15:20: Train Epoch 536: 0/83 Loss: 0.012451
2026-05-20 15:20: Train Epoch 536: 20/83 Loss: 0.002321
2026-05-20 15:20: Train Epoch 536: 40/83 Loss: 0.014452
2026-05-20 15:20: Train Epoch 536: 60/83 Loss: 0.006793
2026-05-20 15:20: Train Epoch 536: 80/83 Loss: 0.009408
2026-05-20 15:20: **********Train Epoch 536: averaged Loss: 0.007427
2026-05-20 15:20: **********Val Epoch 536: average Loss: 0.023801
2026-05-20 15:20: Train Epoch 537: 0/83 Loss: 0.015797
2026-05-20 15:20: Train Epoch 537: 20/83 Loss: 0.003050
2026-05-20 15:20: Train Epoch 537: 40/83 Loss: 0.017629
2026-05-20 15:20: Train Epoch 537: 60/83 Loss: 0.006770
2026-05-20 15:20: Train Epoch 537: 80/83 Loss: 0.009437
2026-05-20 15:20: **********Train Epoch 537: averaged Loss: 0.007985
2026-05-20 15:20: **********Val Epoch 537: average Loss: 0.025445
2026-05-20 15:20: Train Epoch 538: 0/83 Loss: 0.011251
2026-05-20 15:20: Train Epoch 538: 20/83 Loss: 0.002587
2026-05-20 15:20: Train Epoch 538: 40/83 Loss: 0.015343
2026-05-20 15:20: Train Epoch 538: 60/83 Loss: 0.006781
2026-05-20 15:20: Train Epoch 538: 80/83 Loss: 0.009004
2026-05-20 15:20: **********Train Epoch 538: averaged Loss: 0.007292
2026-05-20 15:20: **********Val Epoch 538: average Loss: 0.021741
2026-05-20 15:20: Train Epoch 539: 0/83 Loss: 0.007729
2026-05-20 15:20: Train Epoch 539: 20/83 Loss: 0.003955
2026-05-20 15:20: Train Epoch 539: 40/83 Loss: 0.015561
2026-05-20 15:20: Train Epoch 539: 60/83 Loss: 0.006520
2026-05-20 15:20: Train Epoch 539: 80/83 Loss: 0.008054
2026-05-20 15:20: **********Train Epoch 539: averaged Loss: 0.006856
2026-05-20 15:20: **********Val Epoch 539: average Loss: 0.027400
2026-05-20 15:20: Train Epoch 540: 0/83 Loss: 0.011284
2026-05-20 15:20: Train Epoch 540: 20/83 Loss: 0.001999
2026-05-20 15:20: Train Epoch 540: 40/83 Loss: 0.014872
2026-05-20 15:20: Train Epoch 540: 60/83 Loss: 0.006990
2026-05-20 15:20: Train Epoch 540: 80/83 Loss: 0.007533
2026-05-20 15:20: **********Train Epoch 540: averaged Loss: 0.006547
2026-05-20 15:20: **********Val Epoch 540: average Loss: 0.027943
2026-05-20 15:20: Train Epoch 541: 0/83 Loss: 0.016513
2026-05-20 15:20: Train Epoch 541: 20/83 Loss: 0.005387
2026-05-20 15:20: Train Epoch 541: 40/83 Loss: 0.015895
2026-05-20 15:20: Train Epoch 541: 60/83 Loss: 0.007930
2026-05-20 15:20: Train Epoch 541: 80/83 Loss: 0.007938
2026-05-20 15:20: **********Train Epoch 541: averaged Loss: 0.007396
2026-05-20 15:20: **********Val Epoch 541: average Loss: 0.027077
2026-05-20 15:20: Train Epoch 542: 0/83 Loss: 0.018615
2026-05-20 15:20: Train Epoch 542: 20/83 Loss: 0.006644
2026-05-20 15:20: Train Epoch 542: 40/83 Loss: 0.018698
2026-05-20 15:20: Train Epoch 542: 60/83 Loss: 0.007822
2026-05-20 15:20: Train Epoch 542: 80/83 Loss: 0.009457
2026-05-20 15:20: **********Train Epoch 542: averaged Loss: 0.008731
2026-05-20 15:20: **********Val Epoch 542: average Loss: 0.025391
2026-05-20 15:20: Train Epoch 543: 0/83 Loss: 0.011637
2026-05-20 15:20: Train Epoch 543: 20/83 Loss: 0.005709
2026-05-20 15:20: Train Epoch 543: 40/83 Loss: 0.023156
2026-05-20 15:20: Train Epoch 543: 60/83 Loss: 0.006508
2026-05-20 15:20: Train Epoch 543: 80/83 Loss: 0.014307
2026-05-20 15:20: **********Train Epoch 543: averaged Loss: 0.008923
2026-05-20 15:20: **********Val Epoch 543: average Loss: 0.028288
2026-05-20 15:20: Train Epoch 544: 0/83 Loss: 0.009894
2026-05-20 15:20: Train Epoch 544: 20/83 Loss: 0.004048
2026-05-20 15:20: Train Epoch 544: 40/83 Loss: 0.023550
2026-05-20 15:20: Train Epoch 544: 60/83 Loss: 0.006820
2026-05-20 15:20: Train Epoch 544: 80/83 Loss: 0.008124
2026-05-20 15:20: **********Train Epoch 544: averaged Loss: 0.008084
2026-05-20 15:20: **********Val Epoch 544: average Loss: 0.024897
2026-05-20 15:20: Train Epoch 545: 0/83 Loss: 0.007882
2026-05-20 15:21: Train Epoch 545: 20/83 Loss: 0.008022
2026-05-20 15:21: Train Epoch 545: 40/83 Loss: 0.014848
2026-05-20 15:21: Train Epoch 545: 60/83 Loss: 0.006501
2026-05-20 15:21: Train Epoch 545: 80/83 Loss: 0.007879
2026-05-20 15:21: **********Train Epoch 545: averaged Loss: 0.006799
2026-05-20 15:21: **********Val Epoch 545: average Loss: 0.025371
2026-05-20 15:21: Train Epoch 546: 0/83 Loss: 0.007082
2026-05-20 15:21: Train Epoch 546: 20/83 Loss: 0.005114
2026-05-20 15:21: Train Epoch 546: 40/83 Loss: 0.014170
2026-05-20 15:21: Train Epoch 546: 60/83 Loss: 0.006387
2026-05-20 15:21: Train Epoch 546: 80/83 Loss: 0.010906
2026-05-20 15:21: **********Train Epoch 546: averaged Loss: 0.006224
2026-05-20 15:21: **********Val Epoch 546: average Loss: 0.026576
2026-05-20 15:21: Train Epoch 547: 0/83 Loss: 0.018244
2026-05-20 15:21: Train Epoch 547: 20/83 Loss: 0.003837
2026-05-20 15:21: Train Epoch 547: 40/83 Loss: 0.017375
2026-05-20 15:21: Train Epoch 547: 60/83 Loss: 0.007683
2026-05-20 15:21: Train Epoch 547: 80/83 Loss: 0.013276
2026-05-20 15:21: **********Train Epoch 547: averaged Loss: 0.009079
2026-05-20 15:21: **********Val Epoch 547: average Loss: 0.030607
2026-05-20 15:21: Train Epoch 548: 0/83 Loss: 0.010978
2026-05-20 15:21: Train Epoch 548: 20/83 Loss: 0.002221
2026-05-20 15:21: Train Epoch 548: 40/83 Loss: 0.019196
2026-05-20 15:21: Train Epoch 548: 60/83 Loss: 0.006474
2026-05-20 15:21: Train Epoch 548: 80/83 Loss: 0.007492
2026-05-20 15:21: **********Train Epoch 548: averaged Loss: 0.007638
2026-05-20 15:21: **********Val Epoch 548: average Loss: 0.025171
2026-05-20 15:21: Train Epoch 549: 0/83 Loss: 0.010607
2026-05-20 15:21: Train Epoch 549: 20/83 Loss: 0.005424
2026-05-20 15:21: Train Epoch 549: 40/83 Loss: 0.014170
2026-05-20 15:21: Train Epoch 549: 60/83 Loss: 0.008311
2026-05-20 15:21: Train Epoch 549: 80/83 Loss: 0.009503
2026-05-20 15:21: **********Train Epoch 549: averaged Loss: 0.007650
2026-05-20 15:21: **********Val Epoch 549: average Loss: 0.029003
2026-05-20 15:21: Train Epoch 550: 0/83 Loss: 0.009829
2026-05-20 15:21: Train Epoch 550: 20/83 Loss: 0.003535
2026-05-20 15:21: Train Epoch 550: 40/83 Loss: 0.014910
2026-05-20 15:21: Train Epoch 550: 60/83 Loss: 0.006435
2026-05-20 15:21: Train Epoch 550: 80/83 Loss: 0.013392
2026-05-20 15:21: **********Train Epoch 550: averaged Loss: 0.006568
2026-05-20 15:21: **********Val Epoch 550: average Loss: 0.027097
2026-05-20 15:21: Train Epoch 551: 0/83 Loss: 0.018811
2026-05-20 15:21: Train Epoch 551: 20/83 Loss: 0.004233
2026-05-20 15:21: Train Epoch 551: 40/83 Loss: 0.014839
2026-05-20 15:21: Train Epoch 551: 60/83 Loss: 0.006628
2026-05-20 15:21: Train Epoch 551: 80/83 Loss: 0.007312
2026-05-20 15:21: **********Train Epoch 551: averaged Loss: 0.010093
2026-05-20 15:21: **********Val Epoch 551: average Loss: 0.024408
2026-05-20 15:21: Train Epoch 552: 0/83 Loss: 0.008091
2026-05-20 15:21: Train Epoch 552: 20/83 Loss: 0.004411
2026-05-20 15:21: Train Epoch 552: 40/83 Loss: 0.014890
2026-05-20 15:21: Train Epoch 552: 60/83 Loss: 0.007190
2026-05-20 15:21: Train Epoch 552: 80/83 Loss: 0.009059
2026-05-20 15:21: **********Train Epoch 552: averaged Loss: 0.006470
2026-05-20 15:21: **********Val Epoch 552: average Loss: 0.022948
2026-05-20 15:21: Train Epoch 553: 0/83 Loss: 0.009048
2026-05-20 15:21: Train Epoch 553: 20/83 Loss: 0.007234
2026-05-20 15:21: Train Epoch 553: 40/83 Loss: 0.014900
2026-05-20 15:21: Train Epoch 553: 60/83 Loss: 0.006490
2026-05-20 15:21: Train Epoch 553: 80/83 Loss: 0.008276
2026-05-20 15:21: **********Train Epoch 553: averaged Loss: 0.007086
2026-05-20 15:21: **********Val Epoch 553: average Loss: 0.025398
2026-05-20 15:21: Train Epoch 554: 0/83 Loss: 0.007735
2026-05-20 15:21: Train Epoch 554: 20/83 Loss: 0.004090
2026-05-20 15:21: Train Epoch 554: 40/83 Loss: 0.017138
2026-05-20 15:21: Train Epoch 554: 60/83 Loss: 0.006450
2026-05-20 15:21: Train Epoch 554: 80/83 Loss: 0.008207
2026-05-20 15:21: **********Train Epoch 554: averaged Loss: 0.006847
2026-05-20 15:21: **********Val Epoch 554: average Loss: 0.025411
2026-05-20 15:21: Train Epoch 555: 0/83 Loss: 0.011439
2026-05-20 15:21: Train Epoch 555: 20/83 Loss: 0.004266
2026-05-20 15:21: Train Epoch 555: 40/83 Loss: 0.016341
2026-05-20 15:21: Train Epoch 555: 60/83 Loss: 0.007212
2026-05-20 15:21: Train Epoch 555: 80/83 Loss: 0.010864
2026-05-20 15:21: **********Train Epoch 555: averaged Loss: 0.006968
2026-05-20 15:21: **********Val Epoch 555: average Loss: 0.026145
2026-05-20 15:21: Train Epoch 556: 0/83 Loss: 0.021808
2026-05-20 15:21: Train Epoch 556: 20/83 Loss: 0.006918
2026-05-20 15:21: Train Epoch 556: 40/83 Loss: 0.014247
2026-05-20 15:21: Train Epoch 556: 60/83 Loss: 0.006970
2026-05-20 15:21: Train Epoch 556: 80/83 Loss: 0.009826
2026-05-20 15:21: **********Train Epoch 556: averaged Loss: 0.009301
2026-05-20 15:21: **********Val Epoch 556: average Loss: 0.022973
2026-05-20 15:21: Train Epoch 557: 0/83 Loss: 0.019093
2026-05-20 15:21: Train Epoch 557: 20/83 Loss: 0.005576
2026-05-20 15:21: Train Epoch 557: 40/83 Loss: 0.016056
2026-05-20 15:21: Train Epoch 557: 60/83 Loss: 0.006873
2026-05-20 15:21: Train Epoch 557: 80/83 Loss: 0.010932
2026-05-20 15:21: **********Train Epoch 557: averaged Loss: 0.009133
2026-05-20 15:21: **********Val Epoch 557: average Loss: 0.029511
2026-05-20 15:21: Train Epoch 558: 0/83 Loss: 0.009163
2026-05-20 15:21: Train Epoch 558: 20/83 Loss: 0.003034
2026-05-20 15:21: Train Epoch 558: 40/83 Loss: 0.020714
2026-05-20 15:21: Train Epoch 558: 60/83 Loss: 0.008176
2026-05-20 15:21: Train Epoch 558: 80/83 Loss: 0.008396
2026-05-20 15:21: **********Train Epoch 558: averaged Loss: 0.007612
2026-05-20 15:21: **********Val Epoch 558: average Loss: 0.027462
2026-05-20 15:21: Train Epoch 559: 0/83 Loss: 0.013501
2026-05-20 15:21: Train Epoch 559: 20/83 Loss: 0.003816
2026-05-20 15:21: Train Epoch 559: 40/83 Loss: 0.015067
2026-05-20 15:21: Train Epoch 559: 60/83 Loss: 0.006590
2026-05-20 15:21: Train Epoch 559: 80/83 Loss: 0.011120
2026-05-20 15:21: **********Train Epoch 559: averaged Loss: 0.007469
2026-05-20 15:21: **********Val Epoch 559: average Loss: 0.033401
2026-05-20 15:21: Train Epoch 560: 0/83 Loss: 0.009000
2026-05-20 15:21: Train Epoch 560: 20/83 Loss: 0.002025
2026-05-20 15:21: Train Epoch 560: 40/83 Loss: 0.015749
2026-05-20 15:21: Train Epoch 560: 60/83 Loss: 0.007278
2026-05-20 15:21: Train Epoch 560: 80/83 Loss: 0.009916
2026-05-20 15:21: **********Train Epoch 560: averaged Loss: 0.006340
2026-05-20 15:21: **********Val Epoch 560: average Loss: 0.026947
2026-05-20 15:21: Train Epoch 561: 0/83 Loss: 0.018830
2026-05-20 15:21: Train Epoch 561: 20/83 Loss: 0.002283
2026-05-20 15:21: Train Epoch 561: 40/83 Loss: 0.014721
2026-05-20 15:21: Train Epoch 561: 60/83 Loss: 0.006478
2026-05-20 15:21: Train Epoch 561: 80/83 Loss: 0.009246
2026-05-20 15:21: **********Train Epoch 561: averaged Loss: 0.007822
2026-05-20 15:21: **********Val Epoch 561: average Loss: 0.033903
2026-05-20 15:21: Train Epoch 562: 0/83 Loss: 0.011912
2026-05-20 15:22: Train Epoch 562: 20/83 Loss: 0.001795
2026-05-20 15:22: Train Epoch 562: 40/83 Loss: 0.013868
2026-05-20 15:22: Train Epoch 562: 60/83 Loss: 0.011125
2026-05-20 15:22: Train Epoch 562: 80/83 Loss: 0.011051
2026-05-20 15:22: **********Train Epoch 562: averaged Loss: 0.006854
2026-05-20 15:22: **********Val Epoch 562: average Loss: 0.029345
2026-05-20 15:22: Train Epoch 563: 0/83 Loss: 0.022839
2026-05-20 15:22: Train Epoch 563: 20/83 Loss: 0.002527
2026-05-20 15:22: Train Epoch 563: 40/83 Loss: 0.018858
2026-05-20 15:22: Train Epoch 563: 60/83 Loss: 0.012057
2026-05-20 15:22: Train Epoch 563: 80/83 Loss: 0.009527
2026-05-20 15:22: **********Train Epoch 563: averaged Loss: 0.010594
2026-05-20 15:22: **********Val Epoch 563: average Loss: 0.035051
2026-05-20 15:22: Train Epoch 564: 0/83 Loss: 0.011573
2026-05-20 15:22: Train Epoch 564: 20/83 Loss: 0.011771
2026-05-20 15:22: Train Epoch 564: 40/83 Loss: 0.029025
2026-05-20 15:22: Train Epoch 564: 60/83 Loss: 0.006430
2026-05-20 15:22: Train Epoch 564: 80/83 Loss: 0.007591
2026-05-20 15:22: **********Train Epoch 564: averaged Loss: 0.008438
2026-05-20 15:22: **********Val Epoch 564: average Loss: 0.026921
2026-05-20 15:22: Train Epoch 565: 0/83 Loss: 0.007433
2026-05-20 15:22: Train Epoch 565: 20/83 Loss: 0.009448
2026-05-20 15:22: Train Epoch 565: 40/83 Loss: 0.019297
2026-05-20 15:22: Train Epoch 565: 60/83 Loss: 0.006830
2026-05-20 15:22: Train Epoch 565: 80/83 Loss: 0.007853
2026-05-20 15:22: **********Train Epoch 565: averaged Loss: 0.006962
2026-05-20 15:22: **********Val Epoch 565: average Loss: 0.022959
2026-05-20 15:22: Train Epoch 566: 0/83 Loss: 0.007622
2026-05-20 15:22: Train Epoch 566: 20/83 Loss: 0.008527
2026-05-20 15:22: Train Epoch 566: 40/83 Loss: 0.017194
2026-05-20 15:22: Train Epoch 566: 60/83 Loss: 0.006578
2026-05-20 15:22: Train Epoch 566: 80/83 Loss: 0.008271
2026-05-20 15:22: **********Train Epoch 566: averaged Loss: 0.007097
2026-05-20 15:22: **********Val Epoch 566: average Loss: 0.024832
2026-05-20 15:22: Train Epoch 567: 0/83 Loss: 0.008735
2026-05-20 15:22: Train Epoch 567: 20/83 Loss: 0.006296
2026-05-20 15:22: Train Epoch 567: 40/83 Loss: 0.016189
2026-05-20 15:22: Train Epoch 567: 60/83 Loss: 0.011278
2026-05-20 15:22: Train Epoch 567: 80/83 Loss: 0.009705
2026-05-20 15:22: **********Train Epoch 567: averaged Loss: 0.007243
2026-05-20 15:22: **********Val Epoch 567: average Loss: 0.020899
2026-05-20 15:22: Train Epoch 568: 0/83 Loss: 0.015888
2026-05-20 15:22: Train Epoch 568: 20/83 Loss: 0.003838
2026-05-20 15:22: Train Epoch 568: 40/83 Loss: 0.014507
2026-05-20 15:22: Train Epoch 568: 60/83 Loss: 0.009591
2026-05-20 15:22: Train Epoch 568: 80/83 Loss: 0.010789
2026-05-20 15:22: **********Train Epoch 568: averaged Loss: 0.008150
2026-05-20 15:22: **********Val Epoch 568: average Loss: 0.022782
2026-05-20 15:22: Train Epoch 569: 0/83 Loss: 0.016705
2026-05-20 15:22: Train Epoch 569: 20/83 Loss: 0.004793
2026-05-20 15:22: Train Epoch 569: 40/83 Loss: 0.019185
2026-05-20 15:22: Train Epoch 569: 60/83 Loss: 0.008495
2026-05-20 15:22: Train Epoch 569: 80/83 Loss: 0.007871
2026-05-20 15:22: **********Train Epoch 569: averaged Loss: 0.010133
2026-05-20 15:22: **********Val Epoch 569: average Loss: 0.024153
2026-05-20 15:22: Train Epoch 570: 0/83 Loss: 0.009045
2026-05-20 15:22: Train Epoch 570: 20/83 Loss: 0.002522
2026-05-20 15:22: Train Epoch 570: 40/83 Loss: 0.014931
2026-05-20 15:22: Train Epoch 570: 60/83 Loss: 0.006658
2026-05-20 15:22: Train Epoch 570: 80/83 Loss: 0.008307
2026-05-20 15:22: **********Train Epoch 570: averaged Loss: 0.006137
2026-05-20 15:22: **********Val Epoch 570: average Loss: 0.023982
2026-05-20 15:22: Train Epoch 571: 0/83 Loss: 0.011535
2026-05-20 15:22: Train Epoch 571: 20/83 Loss: 0.002254
2026-05-20 15:22: Train Epoch 571: 40/83 Loss: 0.014645
2026-05-20 15:22: Train Epoch 571: 60/83 Loss: 0.007915
2026-05-20 15:22: Train Epoch 571: 80/83 Loss: 0.010120
2026-05-20 15:22: **********Train Epoch 571: averaged Loss: 0.007357
2026-05-20 15:22: **********Val Epoch 571: average Loss: 0.025358
2026-05-20 15:22: Train Epoch 572: 0/83 Loss: 0.009537
2026-05-20 15:22: Train Epoch 572: 20/83 Loss: 0.002919
2026-05-20 15:22: Train Epoch 572: 40/83 Loss: 0.014176
2026-05-20 15:22: Train Epoch 572: 60/83 Loss: 0.006326
2026-05-20 15:22: Train Epoch 572: 80/83 Loss: 0.011781
2026-05-20 15:22: **********Train Epoch 572: averaged Loss: 0.006190
2026-05-20 15:22: **********Val Epoch 572: average Loss: 0.025590
2026-05-20 15:22: Train Epoch 573: 0/83 Loss: 0.018004
2026-05-20 15:22: Train Epoch 573: 20/83 Loss: 0.002703
2026-05-20 15:22: Train Epoch 573: 40/83 Loss: 0.014898
2026-05-20 15:22: Train Epoch 573: 60/83 Loss: 0.006853
2026-05-20 15:22: Train Epoch 573: 80/83 Loss: 0.008173
2026-05-20 15:22: **********Train Epoch 573: averaged Loss: 0.007814
2026-05-20 15:22: **********Val Epoch 573: average Loss: 0.026392
2026-05-20 15:22: Train Epoch 574: 0/83 Loss: 0.007992
2026-05-20 15:22: Train Epoch 574: 20/83 Loss: 0.001902
2026-05-20 15:22: Train Epoch 574: 40/83 Loss: 0.014884
2026-05-20 15:22: Train Epoch 574: 60/83 Loss: 0.008939
2026-05-20 15:22: Train Epoch 574: 80/83 Loss: 0.011072
2026-05-20 15:22: **********Train Epoch 574: averaged Loss: 0.006493
2026-05-20 15:22: **********Val Epoch 574: average Loss: 0.026183
2026-05-20 15:22: Train Epoch 575: 0/83 Loss: 0.011590
2026-05-20 15:22: Train Epoch 575: 20/83 Loss: 0.005100
2026-05-20 15:22: Train Epoch 575: 40/83 Loss: 0.014247
2026-05-20 15:22: Train Epoch 575: 60/83 Loss: 0.009302
2026-05-20 15:22: Train Epoch 575: 80/83 Loss: 0.010907
2026-05-20 15:22: **********Train Epoch 575: averaged Loss: 0.007521
2026-05-20 15:22: **********Val Epoch 575: average Loss: 0.028440
2026-05-20 15:22: Train Epoch 576: 0/83 Loss: 0.011638
2026-05-20 15:22: Train Epoch 576: 20/83 Loss: 0.003788
2026-05-20 15:22: Train Epoch 576: 40/83 Loss: 0.022151
2026-05-20 15:22: Train Epoch 576: 60/83 Loss: 0.007210
2026-05-20 15:22: Train Epoch 576: 80/83 Loss: 0.008321
2026-05-20 15:22: **********Train Epoch 576: averaged Loss: 0.007835
2026-05-20 15:22: **********Val Epoch 576: average Loss: 0.025416
2026-05-20 15:22: Train Epoch 577: 0/83 Loss: 0.014029
2026-05-20 15:22: Train Epoch 577: 20/83 Loss: 0.005063
2026-05-20 15:22: Train Epoch 577: 40/83 Loss: 0.013669
2026-05-20 15:22: Train Epoch 577: 60/83 Loss: 0.006597
2026-05-20 15:22: Train Epoch 577: 80/83 Loss: 0.013235
2026-05-20 15:22: **********Train Epoch 577: averaged Loss: 0.007238
2026-05-20 15:22: **********Val Epoch 577: average Loss: 0.034070
2026-05-20 15:22: Train Epoch 578: 0/83 Loss: 0.015175
2026-05-20 15:22: Train Epoch 578: 20/83 Loss: 0.004202
2026-05-20 15:23: Train Epoch 578: 40/83 Loss: 0.017149
2026-05-20 15:23: Train Epoch 578: 60/83 Loss: 0.006924
2026-05-20 15:23: Train Epoch 578: 80/83 Loss: 0.008222
2026-05-20 15:23: **********Train Epoch 578: averaged Loss: 0.007513
2026-05-20 15:23: **********Val Epoch 578: average Loss: 0.024512
2026-05-20 15:23: Train Epoch 579: 0/83 Loss: 0.010063
2026-05-20 15:23: Train Epoch 579: 20/83 Loss: 0.007913
2026-05-20 15:23: Train Epoch 579: 40/83 Loss: 0.014365
2026-05-20 15:23: Train Epoch 579: 60/83 Loss: 0.006899
2026-05-20 15:23: Train Epoch 579: 80/83 Loss: 0.011982
2026-05-20 15:23: **********Train Epoch 579: averaged Loss: 0.007233
2026-05-20 15:23: **********Val Epoch 579: average Loss: 0.030402
2026-05-20 15:23: Train Epoch 580: 0/83 Loss: 0.010522
2026-05-20 15:23: Train Epoch 580: 20/83 Loss: 0.003348
2026-05-20 15:23: Train Epoch 580: 40/83 Loss: 0.014966
2026-05-20 15:23: Train Epoch 580: 60/83 Loss: 0.007211
2026-05-20 15:23: Train Epoch 580: 80/83 Loss: 0.011095
2026-05-20 15:23: **********Train Epoch 580: averaged Loss: 0.006272
2026-05-20 15:23: **********Val Epoch 580: average Loss: 0.026065
2026-05-20 15:23: Train Epoch 581: 0/83 Loss: 0.020826
2026-05-20 15:23: Train Epoch 581: 20/83 Loss: 0.002890
2026-05-20 15:23: Train Epoch 581: 40/83 Loss: 0.015206
2026-05-20 15:23: Train Epoch 581: 60/83 Loss: 0.006395
2026-05-20 15:23: Train Epoch 581: 80/83 Loss: 0.007693
2026-05-20 15:23: **********Train Epoch 581: averaged Loss: 0.008340
2026-05-20 15:23: **********Val Epoch 581: average Loss: 0.025505
2026-05-20 15:23: Train Epoch 582: 0/83 Loss: 0.006763
2026-05-20 15:23: Train Epoch 582: 20/83 Loss: 0.006923
2026-05-20 15:23: Train Epoch 582: 40/83 Loss: 0.017018
2026-05-20 15:23: Train Epoch 582: 60/83 Loss: 0.009414
2026-05-20 15:23: Train Epoch 582: 80/83 Loss: 0.008742
2026-05-20 15:23: **********Train Epoch 582: averaged Loss: 0.007208
2026-05-20 15:23: **********Val Epoch 582: average Loss: 0.023228
2026-05-20 15:23: Train Epoch 583: 0/83 Loss: 0.014251
2026-05-20 15:23: Train Epoch 583: 20/83 Loss: 0.008223
2026-05-20 15:23: Train Epoch 583: 40/83 Loss: 0.013669
2026-05-20 15:23: Train Epoch 583: 60/83 Loss: 0.006874
2026-05-20 15:23: Train Epoch 583: 80/83 Loss: 0.010906
2026-05-20 15:23: **********Train Epoch 583: averaged Loss: 0.007723
2026-05-20 15:23: **********Val Epoch 583: average Loss: 0.032111
2026-05-20 15:23: Train Epoch 584: 0/83 Loss: 0.011962
2026-05-20 15:23: Train Epoch 584: 20/83 Loss: 0.002118
2026-05-20 15:23: Train Epoch 584: 40/83 Loss: 0.018631
2026-05-20 15:23: Train Epoch 584: 60/83 Loss: 0.006199
2026-05-20 15:23: Train Epoch 584: 80/83 Loss: 0.007926
2026-05-20 15:23: **********Train Epoch 584: averaged Loss: 0.007630
2026-05-20 15:23: **********Val Epoch 584: average Loss: 0.025893
2026-05-20 15:23: Train Epoch 585: 0/83 Loss: 0.008745
2026-05-20 15:23: Train Epoch 585: 20/83 Loss: 0.010212
2026-05-20 15:23: Train Epoch 585: 40/83 Loss: 0.014472
2026-05-20 15:23: Train Epoch 585: 60/83 Loss: 0.006349
2026-05-20 15:23: Train Epoch 585: 80/83 Loss: 0.008463
2026-05-20 15:23: **********Train Epoch 585: averaged Loss: 0.006770
2026-05-20 15:23: **********Val Epoch 585: average Loss: 0.027012
2026-05-20 15:23: Train Epoch 586: 0/83 Loss: 0.007222
2026-05-20 15:23: Train Epoch 586: 20/83 Loss: 0.004813
2026-05-20 15:23: Train Epoch 586: 40/83 Loss: 0.015676
2026-05-20 15:23: Train Epoch 586: 60/83 Loss: 0.007227
2026-05-20 15:23: Train Epoch 586: 80/83 Loss: 0.011394
2026-05-20 15:23: **********Train Epoch 586: averaged Loss: 0.006966
2026-05-20 15:23: **********Val Epoch 586: average Loss: 0.025619
2026-05-20 15:23: Train Epoch 587: 0/83 Loss: 0.014727
2026-05-20 15:23: Train Epoch 587: 20/83 Loss: 0.002828
2026-05-20 15:23: Train Epoch 587: 40/83 Loss: 0.021674
2026-05-20 15:23: Train Epoch 587: 60/83 Loss: 0.007056
2026-05-20 15:23: Train Epoch 587: 80/83 Loss: 0.015895
2026-05-20 15:23: **********Train Epoch 587: averaged Loss: 0.009531
2026-05-20 15:23: **********Val Epoch 587: average Loss: 0.032142
2026-05-20 15:23: Train Epoch 588: 0/83 Loss: 0.011909
2026-05-20 15:23: Train Epoch 588: 20/83 Loss: 0.002513
2026-05-20 15:23: Train Epoch 588: 40/83 Loss: 0.018526
2026-05-20 15:23: Train Epoch 588: 60/83 Loss: 0.007065
2026-05-20 15:23: Train Epoch 588: 80/83 Loss: 0.008400
2026-05-20 15:23: **********Train Epoch 588: averaged Loss: 0.008158
2026-05-20 15:23: **********Val Epoch 588: average Loss: 0.023639
2026-05-20 15:23: Train Epoch 589: 0/83 Loss: 0.008009
2026-05-20 15:23: Train Epoch 589: 20/83 Loss: 0.006726
2026-05-20 15:23: Train Epoch 589: 40/83 Loss: 0.014209
2026-05-20 15:23: Train Epoch 589: 60/83 Loss: 0.009323
2026-05-20 15:23: Train Epoch 589: 80/83 Loss: 0.007704
2026-05-20 15:23: **********Train Epoch 589: averaged Loss: 0.006918
2026-05-20 15:23: **********Val Epoch 589: average Loss: 0.026100
2026-05-20 15:23: Train Epoch 590: 0/83 Loss: 0.011579
2026-05-20 15:23: Train Epoch 590: 20/83 Loss: 0.004921
2026-05-20 15:23: Train Epoch 590: 40/83 Loss: 0.013953
2026-05-20 15:23: Train Epoch 590: 60/83 Loss: 0.011765
2026-05-20 15:23: Train Epoch 590: 80/83 Loss: 0.010389
2026-05-20 15:23: **********Train Epoch 590: averaged Loss: 0.007584
2026-05-20 15:23: **********Val Epoch 590: average Loss: 0.024681
2026-05-20 15:23: Train Epoch 591: 0/83 Loss: 0.017619
2026-05-20 15:23: Train Epoch 591: 20/83 Loss: 0.007356
2026-05-20 15:23: Train Epoch 591: 40/83 Loss: 0.021050
2026-05-20 15:23: Train Epoch 591: 60/83 Loss: 0.007032
2026-05-20 15:23: Train Epoch 591: 80/83 Loss: 0.012270
2026-05-20 15:23: **********Train Epoch 591: averaged Loss: 0.008577
2026-05-20 15:23: **********Val Epoch 591: average Loss: 0.020751
2026-05-20 15:23: Train Epoch 592: 0/83 Loss: 0.015279
2026-05-20 15:23: Train Epoch 592: 20/83 Loss: 0.002979
2026-05-20 15:23: Train Epoch 592: 40/83 Loss: 0.014384
2026-05-20 15:23: Train Epoch 592: 60/83 Loss: 0.006948
2026-05-20 15:23: Train Epoch 592: 80/83 Loss: 0.007667
2026-05-20 15:23: **********Train Epoch 592: averaged Loss: 0.007469
2026-05-20 15:23: **********Val Epoch 592: average Loss: 0.027975
2026-05-20 15:23: Train Epoch 593: 0/83 Loss: 0.012970
2026-05-20 15:23: Train Epoch 593: 20/83 Loss: 0.002523
2026-05-20 15:23: Train Epoch 593: 40/83 Loss: 0.016804
2026-05-20 15:23: Train Epoch 593: 60/83 Loss: 0.006873
2026-05-20 15:23: Train Epoch 593: 80/83 Loss: 0.008437
2026-05-20 15:23: **********Train Epoch 593: averaged Loss: 0.007372
2026-05-20 15:23: **********Val Epoch 593: average Loss: 0.023838
2026-05-20 15:23: Train Epoch 594: 0/83 Loss: 0.007791
2026-05-20 15:24: Train Epoch 594: 20/83 Loss: 0.002175
2026-05-20 15:24: Train Epoch 594: 40/83 Loss: 0.014882
2026-05-20 15:24: Train Epoch 594: 60/83 Loss: 0.008245
2026-05-20 15:24: Train Epoch 594: 80/83 Loss: 0.014263
2026-05-20 15:24: **********Train Epoch 594: averaged Loss: 0.006521
2026-05-20 15:24: **********Val Epoch 594: average Loss: 0.023368
2026-05-20 15:24: Train Epoch 595: 0/83 Loss: 0.023019
2026-05-20 15:24: Train Epoch 595: 20/83 Loss: 0.004205
2026-05-20 15:24: Train Epoch 595: 40/83 Loss: 0.015980
2026-05-20 15:24: Train Epoch 595: 60/83 Loss: 0.009329
2026-05-20 15:24: Train Epoch 595: 80/83 Loss: 0.009884
2026-05-20 15:24: **********Train Epoch 595: averaged Loss: 0.009943
2026-05-20 15:24: **********Val Epoch 595: average Loss: 0.027464
2026-05-20 15:24: Train Epoch 596: 0/83 Loss: 0.008654
2026-05-20 15:24: Train Epoch 596: 20/83 Loss: 0.003433
2026-05-20 15:24: Train Epoch 596: 40/83 Loss: 0.017041
2026-05-20 15:24: Train Epoch 596: 60/83 Loss: 0.007664
2026-05-20 15:24: Train Epoch 596: 80/83 Loss: 0.008246
2026-05-20 15:24: **********Train Epoch 596: averaged Loss: 0.006933
2026-05-20 15:24: **********Val Epoch 596: average Loss: 0.021802
2026-05-20 15:24: Train Epoch 597: 0/83 Loss: 0.010397
2026-05-20 15:24: Train Epoch 597: 20/83 Loss: 0.007257
2026-05-20 15:24: Train Epoch 597: 40/83 Loss: 0.015262
2026-05-20 15:24: Train Epoch 597: 60/83 Loss: 0.006512
2026-05-20 15:24: Train Epoch 597: 80/83 Loss: 0.008045
2026-05-20 15:24: **********Train Epoch 597: averaged Loss: 0.006740
2026-05-20 15:24: **********Val Epoch 597: average Loss: 0.022878
2026-05-20 15:24: Train Epoch 598: 0/83 Loss: 0.009313
2026-05-20 15:24: Train Epoch 598: 20/83 Loss: 0.005651
2026-05-20 15:24: Train Epoch 598: 40/83 Loss: 0.012992
2026-05-20 15:24: Train Epoch 598: 60/83 Loss: 0.007470
2026-05-20 15:24: Train Epoch 598: 80/83 Loss: 0.008380
2026-05-20 15:24: **********Train Epoch 598: averaged Loss: 0.006824
2026-05-20 15:24: **********Val Epoch 598: average Loss: 0.021533
2026-05-20 15:24: Train Epoch 599: 0/83 Loss: 0.011843
2026-05-20 15:24: Train Epoch 599: 20/83 Loss: 0.002237
2026-05-20 15:24: Train Epoch 599: 40/83 Loss: 0.013890
2026-05-20 15:24: Train Epoch 599: 60/83 Loss: 0.007627
2026-05-20 15:24: Train Epoch 599: 80/83 Loss: 0.011231
2026-05-20 15:24: **********Train Epoch 599: averaged Loss: 0.006859
2026-05-20 15:24: **********Val Epoch 599: average Loss: 0.024805
2026-05-20 15:24: Train Epoch 600: 0/83 Loss: 0.014216
2026-05-20 15:24: Train Epoch 600: 20/83 Loss: 0.004641
2026-05-20 15:24: Train Epoch 600: 40/83 Loss: 0.024748
2026-05-20 15:24: Train Epoch 600: 60/83 Loss: 0.007203
2026-05-20 15:24: Train Epoch 600: 80/83 Loss: 0.010187
2026-05-20 15:24: **********Train Epoch 600: averaged Loss: 0.009257
2026-05-20 15:24: **********Val Epoch 600: average Loss: 0.021819
2026-05-20 15:24: Train Epoch 601: 0/83 Loss: 0.007943
2026-05-20 15:24: Train Epoch 601: 20/83 Loss: 0.002302
2026-05-20 15:24: Train Epoch 601: 40/83 Loss: 0.013023
2026-05-20 15:24: Train Epoch 601: 60/83 Loss: 0.006950
2026-05-20 15:24: Train Epoch 601: 80/83 Loss: 0.008014
2026-05-20 15:24: **********Train Epoch 601: averaged Loss: 0.007188
2026-05-20 15:24: **********Val Epoch 601: average Loss: 0.025726
2026-05-20 15:24: Train Epoch 602: 0/83 Loss: 0.012941
2026-05-20 15:24: Train Epoch 602: 20/83 Loss: 0.002118
2026-05-20 15:24: Train Epoch 602: 40/83 Loss: 0.014813
2026-05-20 15:24: Train Epoch 602: 60/83 Loss: 0.006495
2026-05-20 15:24: Train Epoch 602: 80/83 Loss: 0.007886
2026-05-20 15:24: **********Train Epoch 602: averaged Loss: 0.006548
2026-05-20 15:24: **********Val Epoch 602: average Loss: 0.021961
2026-05-20 15:24: Train Epoch 603: 0/83 Loss: 0.007903
2026-05-20 15:24: Train Epoch 603: 20/83 Loss: 0.005437
2026-05-20 15:24: Train Epoch 603: 40/83 Loss: 0.015460
2026-05-20 15:24: Train Epoch 603: 60/83 Loss: 0.006323
2026-05-20 15:24: Train Epoch 603: 80/83 Loss: 0.006917
2026-05-20 15:24: **********Train Epoch 603: averaged Loss: 0.006324
2026-05-20 15:24: **********Val Epoch 603: average Loss: 0.029003
2026-05-20 15:24: Train Epoch 604: 0/83 Loss: 0.017031
2026-05-20 15:24: Train Epoch 604: 20/83 Loss: 0.002118
2026-05-20 15:24: Train Epoch 604: 40/83 Loss: 0.015884
2026-05-20 15:24: Train Epoch 604: 60/83 Loss: 0.006954
2026-05-20 15:24: Train Epoch 604: 80/83 Loss: 0.006817
2026-05-20 15:24: **********Train Epoch 604: averaged Loss: 0.006721
2026-05-20 15:24: **********Val Epoch 604: average Loss: 0.022925
2026-05-20 15:24: Train Epoch 605: 0/83 Loss: 0.007458
2026-05-20 15:24: Train Epoch 605: 20/83 Loss: 0.007564
2026-05-20 15:24: Train Epoch 605: 40/83 Loss: 0.015828
2026-05-20 15:24: Train Epoch 605: 60/83 Loss: 0.006103
2026-05-20 15:24: Train Epoch 605: 80/83 Loss: 0.011623
2026-05-20 15:24: **********Train Epoch 605: averaged Loss: 0.006576
2026-05-20 15:24: **********Val Epoch 605: average Loss: 0.026593
2026-05-20 15:24: Train Epoch 606: 0/83 Loss: 0.008556
2026-05-20 15:24: Train Epoch 606: 20/83 Loss: 0.002807
2026-05-20 15:24: Train Epoch 606: 40/83 Loss: 0.013453
2026-05-20 15:24: Train Epoch 606: 60/83 Loss: 0.006617
2026-05-20 15:24: Train Epoch 606: 80/83 Loss: 0.010087
2026-05-20 15:24: **********Train Epoch 606: averaged Loss: 0.006170
2026-05-20 15:24: **********Val Epoch 606: average Loss: 0.024753
2026-05-20 15:24: Train Epoch 607: 0/83 Loss: 0.017575
2026-05-20 15:24: Train Epoch 607: 20/83 Loss: 0.002591
2026-05-20 15:24: Train Epoch 607: 40/83 Loss: 0.013544
2026-05-20 15:24: Train Epoch 607: 60/83 Loss: 0.009665
2026-05-20 15:24: Train Epoch 607: 80/83 Loss: 0.010853
2026-05-20 15:24: **********Train Epoch 607: averaged Loss: 0.007781
2026-05-20 15:24: **********Val Epoch 607: average Loss: 0.023929
2026-05-20 15:24: Train Epoch 608: 0/83 Loss: 0.006092
2026-05-20 15:24: Train Epoch 608: 20/83 Loss: 0.002049
2026-05-20 15:24: Train Epoch 608: 40/83 Loss: 0.013883
2026-05-20 15:24: Train Epoch 608: 60/83 Loss: 0.005956
2026-05-20 15:24: Train Epoch 608: 80/83 Loss: 0.016123
2026-05-20 15:24: **********Train Epoch 608: averaged Loss: 0.006405
2026-05-20 15:24: **********Val Epoch 608: average Loss: 0.020512
2026-05-20 15:24: Train Epoch 609: 0/83 Loss: 0.017232
2026-05-20 15:24: Train Epoch 609: 20/83 Loss: 0.003776
2026-05-20 15:24: Train Epoch 609: 40/83 Loss: 0.018690
2026-05-20 15:24: Train Epoch 609: 60/83 Loss: 0.012484
2026-05-20 15:24: Train Epoch 609: 80/83 Loss: 0.011921
2026-05-20 15:24: **********Train Epoch 609: averaged Loss: 0.010598
2026-05-20 15:24: **********Val Epoch 609: average Loss: 0.028511
2026-05-20 15:24: Train Epoch 610: 0/83 Loss: 0.015335
2026-05-20 15:24: Train Epoch 610: 20/83 Loss: 0.002235
2026-05-20 15:24: Train Epoch 610: 40/83 Loss: 0.014339
2026-05-20 15:25: Train Epoch 610: 60/83 Loss: 0.006377
2026-05-20 15:25: Train Epoch 610: 80/83 Loss: 0.010465
2026-05-20 15:25: **********Train Epoch 610: averaged Loss: 0.006756
2026-05-20 15:25: **********Val Epoch 610: average Loss: 0.027208
2026-05-20 15:25: Train Epoch 611: 0/83 Loss: 0.016883
2026-05-20 15:25: Train Epoch 611: 20/83 Loss: 0.002137
2026-05-20 15:25: Train Epoch 611: 40/83 Loss: 0.019116
2026-05-20 15:25: Train Epoch 611: 60/83 Loss: 0.007177
2026-05-20 15:25: Train Epoch 611: 80/83 Loss: 0.007808
2026-05-20 15:25: **********Train Epoch 611: averaged Loss: 0.008659
2026-05-20 15:25: **********Val Epoch 611: average Loss: 0.024613
2026-05-20 15:25: Train Epoch 612: 0/83 Loss: 0.010341
2026-05-20 15:25: Train Epoch 612: 20/83 Loss: 0.003611
2026-05-20 15:25: Train Epoch 612: 40/83 Loss: 0.014245
2026-05-20 15:25: Train Epoch 612: 60/83 Loss: 0.006233
2026-05-20 15:25: Train Epoch 612: 80/83 Loss: 0.011411
2026-05-20 15:25: **********Train Epoch 612: averaged Loss: 0.006766
2026-05-20 15:25: **********Val Epoch 612: average Loss: 0.025475
2026-05-20 15:25: Train Epoch 613: 0/83 Loss: 0.010120
2026-05-20 15:25: Train Epoch 613: 20/83 Loss: 0.005595
2026-05-20 15:25: Train Epoch 613: 40/83 Loss: 0.013274
2026-05-20 15:25: Train Epoch 613: 60/83 Loss: 0.006463
2026-05-20 15:25: Train Epoch 613: 80/83 Loss: 0.008768
2026-05-20 15:25: **********Train Epoch 613: averaged Loss: 0.007276
2026-05-20 15:25: **********Val Epoch 613: average Loss: 0.022028
2026-05-20 15:25: Train Epoch 614: 0/83 Loss: 0.007737
2026-05-20 15:25: Train Epoch 614: 20/83 Loss: 0.002812
2026-05-20 15:25: Train Epoch 614: 40/83 Loss: 0.013758
2026-05-20 15:25: Train Epoch 614: 60/83 Loss: 0.005980
2026-05-20 15:25: Train Epoch 614: 80/83 Loss: 0.008904
2026-05-20 15:25: **********Train Epoch 614: averaged Loss: 0.007376
2026-05-20 15:25: **********Val Epoch 614: average Loss: 0.023634
2026-05-20 15:25: Train Epoch 615: 0/83 Loss: 0.007058
2026-05-20 15:25: Train Epoch 615: 20/83 Loss: 0.006195
2026-05-20 15:25: Train Epoch 615: 40/83 Loss: 0.021192
2026-05-20 15:25: Train Epoch 615: 60/83 Loss: 0.006703
2026-05-20 15:25: Train Epoch 615: 80/83 Loss: 0.013348
2026-05-20 15:25: **********Train Epoch 615: averaged Loss: 0.009039
2026-05-20 15:25: **********Val Epoch 615: average Loss: 0.024761
2026-05-20 15:25: Train Epoch 616: 0/83 Loss: 0.007871
2026-05-20 15:25: Train Epoch 616: 20/83 Loss: 0.003389
2026-05-20 15:25: Train Epoch 616: 40/83 Loss: 0.021184
2026-05-20 15:25: Train Epoch 616: 60/83 Loss: 0.006582
2026-05-20 15:25: Train Epoch 616: 80/83 Loss: 0.007481
2026-05-20 15:25: **********Train Epoch 616: averaged Loss: 0.007632
2026-05-20 15:25: **********Val Epoch 616: average Loss: 0.026491
2026-05-20 15:25: Train Epoch 617: 0/83 Loss: 0.006982
2026-05-20 15:25: Train Epoch 617: 20/83 Loss: 0.008856
2026-05-20 15:25: Train Epoch 617: 40/83 Loss: 0.019457
2026-05-20 15:25: Train Epoch 617: 60/83 Loss: 0.009645
2026-05-20 15:25: Train Epoch 617: 80/83 Loss: 0.014411
2026-05-20 15:25: **********Train Epoch 617: averaged Loss: 0.009127
2026-05-20 15:25: **********Val Epoch 617: average Loss: 0.029639
2026-05-20 15:25: Train Epoch 618: 0/83 Loss: 0.012572
2026-05-20 15:25: Train Epoch 618: 20/83 Loss: 0.003921
2026-05-20 15:25: Train Epoch 618: 40/83 Loss: 0.020150
2026-05-20 15:25: Train Epoch 618: 60/83 Loss: 0.005869
2026-05-20 15:25: Train Epoch 618: 80/83 Loss: 0.008594
2026-05-20 15:25: **********Train Epoch 618: averaged Loss: 0.007005
2026-05-20 15:25: **********Val Epoch 618: average Loss: 0.025324
2026-05-20 15:25: Train Epoch 619: 0/83 Loss: 0.012444
2026-05-20 15:25: Train Epoch 619: 20/83 Loss: 0.002648
2026-05-20 15:25: Train Epoch 619: 40/83 Loss: 0.013977
2026-05-20 15:25: Train Epoch 619: 60/83 Loss: 0.008333
2026-05-20 15:25: Train Epoch 619: 80/83 Loss: 0.009177
2026-05-20 15:25: **********Train Epoch 619: averaged Loss: 0.007492
2026-05-20 15:25: **********Val Epoch 619: average Loss: 0.022091
2026-05-20 15:25: Train Epoch 620: 0/83 Loss: 0.006966
2026-05-20 15:25: Train Epoch 620: 20/83 Loss: 0.006166
2026-05-20 15:25: Train Epoch 620: 40/83 Loss: 0.012476
2026-05-20 15:25: Train Epoch 620: 60/83 Loss: 0.009618
2026-05-20 15:25: Train Epoch 620: 80/83 Loss: 0.007439
2026-05-20 15:25: **********Train Epoch 620: averaged Loss: 0.007323
2026-05-20 15:25: **********Val Epoch 620: average Loss: 0.022473
2026-05-20 15:25: Train Epoch 621: 0/83 Loss: 0.008538
2026-05-20 15:25: Train Epoch 621: 20/83 Loss: 0.003308
2026-05-20 15:25: Train Epoch 621: 40/83 Loss: 0.013679
2026-05-20 15:25: Train Epoch 621: 60/83 Loss: 0.006562
2026-05-20 15:25: Train Epoch 621: 80/83 Loss: 0.008617
2026-05-20 15:25: **********Train Epoch 621: averaged Loss: 0.006951
2026-05-20 15:25: **********Val Epoch 621: average Loss: 0.024462
2026-05-20 15:25: Train Epoch 622: 0/83 Loss: 0.013667
2026-05-20 15:25: Train Epoch 622: 20/83 Loss: 0.002432
2026-05-20 15:25: Train Epoch 622: 40/83 Loss: 0.014846
2026-05-20 15:25: Train Epoch 622: 60/83 Loss: 0.013068
2026-05-20 15:25: Train Epoch 622: 80/83 Loss: 0.008468
2026-05-20 15:25: **********Train Epoch 622: averaged Loss: 0.007584
2026-05-20 15:25: **********Val Epoch 622: average Loss: 0.025988
2026-05-20 15:25: Train Epoch 623: 0/83 Loss: 0.011587
2026-05-20 15:25: Train Epoch 623: 20/83 Loss: 0.002683
2026-05-20 15:25: Train Epoch 623: 40/83 Loss: 0.012741
2026-05-20 15:25: Train Epoch 623: 60/83 Loss: 0.006634
2026-05-20 15:25: Train Epoch 623: 80/83 Loss: 0.008775
2026-05-20 15:25: **********Train Epoch 623: averaged Loss: 0.006440
2026-05-20 15:25: **********Val Epoch 623: average Loss: 0.021925
2026-05-20 15:25: Train Epoch 624: 0/83 Loss: 0.008792
2026-05-20 15:25: Train Epoch 624: 20/83 Loss: 0.003799
2026-05-20 15:25: Train Epoch 624: 40/83 Loss: 0.013311
2026-05-20 15:25: Train Epoch 624: 60/83 Loss: 0.010152
2026-05-20 15:25: Train Epoch 624: 80/83 Loss: 0.009907
2026-05-20 15:25: **********Train Epoch 624: averaged Loss: 0.006508
2026-05-20 15:25: **********Val Epoch 624: average Loss: 0.023918
2026-05-20 15:25: Train Epoch 625: 0/83 Loss: 0.013245
2026-05-20 15:25: Train Epoch 625: 20/83 Loss: 0.004673
2026-05-20 15:25: Train Epoch 625: 40/83 Loss: 0.014108
2026-05-20 15:25: Train Epoch 625: 60/83 Loss: 0.007042
2026-05-20 15:25: Train Epoch 625: 80/83 Loss: 0.007845
2026-05-20 15:25: **********Train Epoch 625: averaged Loss: 0.007643
2026-05-20 15:25: **********Val Epoch 625: average Loss: 0.025149
2026-05-20 15:25: Train Epoch 626: 0/83 Loss: 0.009047
2026-05-20 15:25: Train Epoch 626: 20/83 Loss: 0.005881
2026-05-20 15:25: Train Epoch 626: 40/83 Loss: 0.013497
2026-05-20 15:25: Train Epoch 626: 60/83 Loss: 0.006936
2026-05-20 15:25: Train Epoch 626: 80/83 Loss: 0.009331
2026-05-20 15:25: **********Train Epoch 626: averaged Loss: 0.005979
2026-05-20 15:25: **********Val Epoch 626: average Loss: 0.022941
2026-05-20 15:25: Train Epoch 627: 0/83 Loss: 0.009864
2026-05-20 15:26: Train Epoch 627: 20/83 Loss: 0.003124
2026-05-20 15:26: Train Epoch 627: 40/83 Loss: 0.013842
2026-05-20 15:26: Train Epoch 627: 60/83 Loss: 0.006301
2026-05-20 15:26: Train Epoch 627: 80/83 Loss: 0.007650
2026-05-20 15:26: **********Train Epoch 627: averaged Loss: 0.006185
2026-05-20 15:26: **********Val Epoch 627: average Loss: 0.022320
2026-05-20 15:26: Train Epoch 628: 0/83 Loss: 0.006602
2026-05-20 15:26: Train Epoch 628: 20/83 Loss: 0.004506
2026-05-20 15:26: Train Epoch 628: 40/83 Loss: 0.016299
2026-05-20 15:26: Train Epoch 628: 60/83 Loss: 0.005848
2026-05-20 15:26: Train Epoch 628: 80/83 Loss: 0.008997
2026-05-20 15:26: **********Train Epoch 628: averaged Loss: 0.006920
2026-05-20 15:26: **********Val Epoch 628: average Loss: 0.022520
2026-05-20 15:26: Train Epoch 629: 0/83 Loss: 0.010708
2026-05-20 15:26: Train Epoch 629: 20/83 Loss: 0.005903
2026-05-20 15:26: Train Epoch 629: 40/83 Loss: 0.014021
2026-05-20 15:26: Train Epoch 629: 60/83 Loss: 0.008927
2026-05-20 15:26: Train Epoch 629: 80/83 Loss: 0.013283
2026-05-20 15:26: **********Train Epoch 629: averaged Loss: 0.007295
2026-05-20 15:26: **********Val Epoch 629: average Loss: 0.022852
2026-05-20 15:26: Train Epoch 630: 0/83 Loss: 0.010692
2026-05-20 15:26: Train Epoch 630: 20/83 Loss: 0.002778
2026-05-20 15:26: Train Epoch 630: 40/83 Loss: 0.016817
2026-05-20 15:26: Train Epoch 630: 60/83 Loss: 0.006174
2026-05-20 15:26: Train Epoch 630: 80/83 Loss: 0.008465
2026-05-20 15:26: **********Train Epoch 630: averaged Loss: 0.006772
2026-05-20 15:26: **********Val Epoch 630: average Loss: 0.028764
2026-05-20 15:26: Train Epoch 631: 0/83 Loss: 0.014335
2026-05-20 15:26: Train Epoch 631: 20/83 Loss: 0.002252
2026-05-20 15:26: Train Epoch 631: 40/83 Loss: 0.012654
2026-05-20 15:26: Train Epoch 631: 60/83 Loss: 0.012593
2026-05-20 15:26: Train Epoch 631: 80/83 Loss: 0.008381
2026-05-20 15:26: **********Train Epoch 631: averaged Loss: 0.007750
2026-05-20 15:26: **********Val Epoch 631: average Loss: 0.024034
2026-05-20 15:26: Train Epoch 632: 0/83 Loss: 0.007983
2026-05-20 15:26: Train Epoch 632: 20/83 Loss: 0.002578
2026-05-20 15:26: Train Epoch 632: 40/83 Loss: 0.018691
2026-05-20 15:26: Train Epoch 632: 60/83 Loss: 0.013457
2026-05-20 15:26: Train Epoch 632: 80/83 Loss: 0.015177
2026-05-20 15:26: **********Train Epoch 632: averaged Loss: 0.007246
2026-05-20 15:26: **********Val Epoch 632: average Loss: 0.029773
2026-05-20 15:26: Train Epoch 633: 0/83 Loss: 0.010171
2026-05-20 15:26: Train Epoch 633: 20/83 Loss: 0.002605
2026-05-20 15:26: Train Epoch 633: 40/83 Loss: 0.030615
2026-05-20 15:26: Train Epoch 633: 60/83 Loss: 0.008981
2026-05-20 15:26: Train Epoch 633: 80/83 Loss: 0.012185
2026-05-20 15:26: **********Train Epoch 633: averaged Loss: 0.010906
2026-05-20 15:26: **********Val Epoch 633: average Loss: 0.018718
2026-05-20 15:26: *********************************Current best model saved!
2026-05-20 15:26: Train Epoch 634: 0/83 Loss: 0.012361
2026-05-20 15:26: Train Epoch 634: 20/83 Loss: 0.005289
2026-05-20 15:26: Train Epoch 634: 40/83 Loss: 0.016514
2026-05-20 15:26: Train Epoch 634: 60/83 Loss: 0.006194
2026-05-20 15:26: Train Epoch 634: 80/83 Loss: 0.008730
2026-05-20 15:26: **********Train Epoch 634: averaged Loss: 0.007330
2026-05-20 15:26: **********Val Epoch 634: average Loss: 0.019631
2026-05-20 15:26: Train Epoch 635: 0/83 Loss: 0.009470
2026-05-20 15:26: Train Epoch 635: 20/83 Loss: 0.005371
2026-05-20 15:26: Train Epoch 635: 40/83 Loss: 0.016796
2026-05-20 15:26: Train Epoch 635: 60/83 Loss: 0.006317
2026-05-20 15:26: Train Epoch 635: 80/83 Loss: 0.009969
2026-05-20 15:26: **********Train Epoch 635: averaged Loss: 0.008215
2026-05-20 15:26: **********Val Epoch 635: average Loss: 0.019571
2026-05-20 15:26: Train Epoch 636: 0/83 Loss: 0.009548
2026-05-20 15:26: Train Epoch 636: 20/83 Loss: 0.003132
2026-05-20 15:26: Train Epoch 636: 40/83 Loss: 0.014547
2026-05-20 15:26: Train Epoch 636: 60/83 Loss: 0.006594
2026-05-20 15:26: Train Epoch 636: 80/83 Loss: 0.008176
2026-05-20 15:26: **********Train Epoch 636: averaged Loss: 0.006550
2026-05-20 15:26: **********Val Epoch 636: average Loss: 0.025488
2026-05-20 15:26: Train Epoch 637: 0/83 Loss: 0.013181
2026-05-20 15:26: Train Epoch 637: 20/83 Loss: 0.008336
2026-05-20 15:26: Train Epoch 637: 40/83 Loss: 0.013240
2026-05-20 15:26: Train Epoch 637: 60/83 Loss: 0.007909
2026-05-20 15:26: Train Epoch 637: 80/83 Loss: 0.008263
2026-05-20 15:26: **********Train Epoch 637: averaged Loss: 0.006789
2026-05-20 15:26: **********Val Epoch 637: average Loss: 0.021601
2026-05-20 15:26: Train Epoch 638: 0/83 Loss: 0.007900
2026-05-20 15:26: Train Epoch 638: 20/83 Loss: 0.003578
2026-05-20 15:26: Train Epoch 638: 40/83 Loss: 0.015752
2026-05-20 15:26: Train Epoch 638: 60/83 Loss: 0.007035
2026-05-20 15:26: Train Epoch 638: 80/83 Loss: 0.011605
2026-05-20 15:26: **********Train Epoch 638: averaged Loss: 0.006221
2026-05-20 15:26: **********Val Epoch 638: average Loss: 0.032946
2026-05-20 15:26: Train Epoch 639: 0/83 Loss: 0.015046
2026-05-20 15:26: Train Epoch 639: 20/83 Loss: 0.005213
2026-05-20 15:26: Train Epoch 639: 40/83 Loss: 0.022515
2026-05-20 15:26: Train Epoch 639: 60/83 Loss: 0.006559
2026-05-20 15:26: Train Epoch 639: 80/83 Loss: 0.010059
2026-05-20 15:26: **********Train Epoch 639: averaged Loss: 0.007580
2026-05-20 15:26: **********Val Epoch 639: average Loss: 0.024874
2026-05-20 15:26: Train Epoch 640: 0/83 Loss: 0.014128
2026-05-20 15:26: Train Epoch 640: 20/83 Loss: 0.002442
2026-05-20 15:26: Train Epoch 640: 40/83 Loss: 0.013835
2026-05-20 15:26: Train Epoch 640: 60/83 Loss: 0.007278
2026-05-20 15:26: Train Epoch 640: 80/83 Loss: 0.010796
2026-05-20 15:26: **********Train Epoch 640: averaged Loss: 0.006983
2026-05-20 15:26: **********Val Epoch 640: average Loss: 0.018965
2026-05-20 15:26: Train Epoch 641: 0/83 Loss: 0.008095
2026-05-20 15:26: Train Epoch 641: 20/83 Loss: 0.002854
2026-05-20 15:26: Train Epoch 641: 40/83 Loss: 0.014232
2026-05-20 15:26: Train Epoch 641: 60/83 Loss: 0.005790
2026-05-20 15:26: Train Epoch 641: 80/83 Loss: 0.007591
2026-05-20 15:26: **********Train Epoch 641: averaged Loss: 0.005832
2026-05-20 15:26: **********Val Epoch 641: average Loss: 0.022508
2026-05-20 15:26: Train Epoch 642: 0/83 Loss: 0.007528
2026-05-20 15:26: Train Epoch 642: 20/83 Loss: 0.002763
2026-05-20 15:26: Train Epoch 642: 40/83 Loss: 0.014225
2026-05-20 15:26: Train Epoch 642: 60/83 Loss: 0.006381
2026-05-20 15:26: Train Epoch 642: 80/83 Loss: 0.008107
2026-05-20 15:26: **********Train Epoch 642: averaged Loss: 0.006672
2026-05-20 15:26: **********Val Epoch 642: average Loss: 0.027813
2026-05-20 15:26: Train Epoch 643: 0/83 Loss: 0.012753
2026-05-20 15:26: Train Epoch 643: 20/83 Loss: 0.005611
2026-05-20 15:27: Train Epoch 643: 40/83 Loss: 0.014209
2026-05-20 15:27: Train Epoch 643: 60/83 Loss: 0.009140
2026-05-20 15:27: Train Epoch 643: 80/83 Loss: 0.010051
2026-05-20 15:27: **********Train Epoch 643: averaged Loss: 0.006763
2026-05-20 15:27: **********Val Epoch 643: average Loss: 0.023196
2026-05-20 15:27: Train Epoch 644: 0/83 Loss: 0.011124
2026-05-20 15:27: Train Epoch 644: 20/83 Loss: 0.002706
2026-05-20 15:27: Train Epoch 644: 40/83 Loss: 0.012566
2026-05-20 15:27: Train Epoch 644: 60/83 Loss: 0.006035
2026-05-20 15:27: Train Epoch 644: 80/83 Loss: 0.009986
2026-05-20 15:27: **********Train Epoch 644: averaged Loss: 0.005874
2026-05-20 15:27: **********Val Epoch 644: average Loss: 0.025015
2026-05-20 15:27: Train Epoch 645: 0/83 Loss: 0.011697
2026-05-20 15:27: Train Epoch 645: 20/83 Loss: 0.003489
2026-05-20 15:27: Train Epoch 645: 40/83 Loss: 0.018261
2026-05-20 15:27: Train Epoch 645: 60/83 Loss: 0.010023
2026-05-20 15:27: Train Epoch 645: 80/83 Loss: 0.008341
2026-05-20 15:27: **********Train Epoch 645: averaged Loss: 0.007083
2026-05-20 15:27: **********Val Epoch 645: average Loss: 0.025987
2026-05-20 15:27: Train Epoch 646: 0/83 Loss: 0.006449
2026-05-20 15:27: Train Epoch 646: 20/83 Loss: 0.003002
2026-05-20 15:27: Train Epoch 646: 40/83 Loss: 0.015400
2026-05-20 15:27: Train Epoch 646: 60/83 Loss: 0.009469
2026-05-20 15:27: Train Epoch 646: 80/83 Loss: 0.011115
2026-05-20 15:27: **********Train Epoch 646: averaged Loss: 0.006609
2026-05-20 15:27: **********Val Epoch 646: average Loss: 0.032760
2026-05-20 15:27: Train Epoch 647: 0/83 Loss: 0.018338
2026-05-20 15:27: Train Epoch 647: 20/83 Loss: 0.004821
2026-05-20 15:27: Train Epoch 647: 40/83 Loss: 0.021387
2026-05-20 15:27: Train Epoch 647: 60/83 Loss: 0.006519
2026-05-20 15:27: Train Epoch 647: 80/83 Loss: 0.009001
2026-05-20 15:27: **********Train Epoch 647: averaged Loss: 0.007914
2026-05-20 15:27: **********Val Epoch 647: average Loss: 0.022309
2026-05-20 15:27: Train Epoch 648: 0/83 Loss: 0.011494
2026-05-20 15:27: Train Epoch 648: 20/83 Loss: 0.003477
2026-05-20 15:27: Train Epoch 648: 40/83 Loss: 0.017786
2026-05-20 15:27: Train Epoch 648: 60/83 Loss: 0.007402
2026-05-20 15:27: Train Epoch 648: 80/83 Loss: 0.010155
2026-05-20 15:27: **********Train Epoch 648: averaged Loss: 0.006868
2026-05-20 15:27: **********Val Epoch 648: average Loss: 0.019269
2026-05-20 15:27: Train Epoch 649: 0/83 Loss: 0.012538
2026-05-20 15:27: Train Epoch 649: 20/83 Loss: 0.003391
2026-05-20 15:27: Train Epoch 649: 40/83 Loss: 0.016088
2026-05-20 15:27: Train Epoch 649: 60/83 Loss: 0.007808
2026-05-20 15:27: Train Epoch 649: 80/83 Loss: 0.009633
2026-05-20 15:27: **********Train Epoch 649: averaged Loss: 0.006578
2026-05-20 15:27: **********Val Epoch 649: average Loss: 0.025825
2026-05-20 15:27: Train Epoch 650: 0/83 Loss: 0.017237
2026-05-20 15:27: Train Epoch 650: 20/83 Loss: 0.002935
2026-05-20 15:27: Train Epoch 650: 40/83 Loss: 0.014050
2026-05-20 15:27: Train Epoch 650: 60/83 Loss: 0.005770
2026-05-20 15:27: Train Epoch 650: 80/83 Loss: 0.009081
2026-05-20 15:27: **********Train Epoch 650: averaged Loss: 0.007106
2026-05-20 15:27: **********Val Epoch 650: average Loss: 0.022489
2026-05-20 15:27: Train Epoch 651: 0/83 Loss: 0.012725
2026-05-20 15:27: Train Epoch 651: 20/83 Loss: 0.002237
2026-05-20 15:27: Train Epoch 651: 40/83 Loss: 0.015270
2026-05-20 15:27: Train Epoch 651: 60/83 Loss: 0.008819
2026-05-20 15:27: Train Epoch 651: 80/83 Loss: 0.008553
2026-05-20 15:27: **********Train Epoch 651: averaged Loss: 0.007224
2026-05-20 15:27: **********Val Epoch 651: average Loss: 0.031119
2026-05-20 15:27: Train Epoch 652: 0/83 Loss: 0.020256
2026-05-20 15:27: Train Epoch 652: 20/83 Loss: 0.002447
2026-05-20 15:27: Train Epoch 652: 40/83 Loss: 0.012787
2026-05-20 15:27: Train Epoch 652: 60/83 Loss: 0.006160
2026-05-20 15:27: Train Epoch 652: 80/83 Loss: 0.007524
2026-05-20 15:27: **********Train Epoch 652: averaged Loss: 0.007464
2026-05-20 15:27: **********Val Epoch 652: average Loss: 0.022109
2026-05-20 15:27: Train Epoch 653: 0/83 Loss: 0.008220
2026-05-20 15:27: Train Epoch 653: 20/83 Loss: 0.002081
2026-05-20 15:27: Train Epoch 653: 40/83 Loss: 0.012319
2026-05-20 15:27: Train Epoch 653: 60/83 Loss: 0.006661
2026-05-20 15:27: Train Epoch 653: 80/83 Loss: 0.009253
2026-05-20 15:27: **********Train Epoch 653: averaged Loss: 0.006039
2026-05-20 15:27: **********Val Epoch 653: average Loss: 0.025498
2026-05-20 15:27: Train Epoch 654: 0/83 Loss: 0.013170
2026-05-20 15:27: Train Epoch 654: 20/83 Loss: 0.002601
2026-05-20 15:27: Train Epoch 654: 40/83 Loss: 0.013411
2026-05-20 15:27: Train Epoch 654: 60/83 Loss: 0.006638
2026-05-20 15:27: Train Epoch 654: 80/83 Loss: 0.008229
2026-05-20 15:27: **********Train Epoch 654: averaged Loss: 0.007046
2026-05-20 15:27: **********Val Epoch 654: average Loss: 0.020713
2026-05-20 15:27: Train Epoch 655: 0/83 Loss: 0.006512
2026-05-20 15:27: Train Epoch 655: 20/83 Loss: 0.002685
2026-05-20 15:27: Train Epoch 655: 40/83 Loss: 0.015398
2026-05-20 15:27: Train Epoch 655: 60/83 Loss: 0.010450
2026-05-20 15:27: Train Epoch 655: 80/83 Loss: 0.013105
2026-05-20 15:27: **********Train Epoch 655: averaged Loss: 0.006606
2026-05-20 15:27: **********Val Epoch 655: average Loss: 0.026395
2026-05-20 15:27: Train Epoch 656: 0/83 Loss: 0.020220
2026-05-20 15:27: Train Epoch 656: 20/83 Loss: 0.002901
2026-05-20 15:27: Train Epoch 656: 40/83 Loss: 0.014256
2026-05-20 15:27: Train Epoch 656: 60/83 Loss: 0.005919
2026-05-20 15:27: Train Epoch 656: 80/83 Loss: 0.007236
2026-05-20 15:27: **********Train Epoch 656: averaged Loss: 0.007543
2026-05-20 15:27: **********Val Epoch 656: average Loss: 0.021777
2026-05-20 15:27: Train Epoch 657: 0/83 Loss: 0.006131
2026-05-20 15:27: Train Epoch 657: 20/83 Loss: 0.002184
2026-05-20 15:27: Train Epoch 657: 40/83 Loss: 0.012096
2026-05-20 15:27: Train Epoch 657: 60/83 Loss: 0.006148
2026-05-20 15:27: Train Epoch 657: 80/83 Loss: 0.009772
2026-05-20 15:27: **********Train Epoch 657: averaged Loss: 0.005872
2026-05-20 15:27: **********Val Epoch 657: average Loss: 0.027134
2026-05-20 15:27: Train Epoch 658: 0/83 Loss: 0.014911
2026-05-20 15:27: Train Epoch 658: 20/83 Loss: 0.002414
2026-05-20 15:27: Train Epoch 658: 40/83 Loss: 0.011493
2026-05-20 15:27: Train Epoch 658: 60/83 Loss: 0.008328
2026-05-20 15:27: Train Epoch 658: 80/83 Loss: 0.007989
2026-05-20 15:27: **********Train Epoch 658: averaged Loss: 0.007247
2026-05-20 15:27: **********Val Epoch 658: average Loss: 0.022087
2026-05-20 15:27: Train Epoch 659: 0/83 Loss: 0.006792
2026-05-20 15:27: Train Epoch 659: 20/83 Loss: 0.002155
2026-05-20 15:27: Train Epoch 659: 40/83 Loss: 0.013459
2026-05-20 15:27: Train Epoch 659: 60/83 Loss: 0.006352
2026-05-20 15:28: Train Epoch 659: 80/83 Loss: 0.008322
2026-05-20 15:28: **********Train Epoch 659: averaged Loss: 0.005961
2026-05-20 15:28: **********Val Epoch 659: average Loss: 0.023851
2026-05-20 15:28: Train Epoch 660: 0/83 Loss: 0.010909
2026-05-20 15:28: Train Epoch 660: 20/83 Loss: 0.002359
2026-05-20 15:28: Train Epoch 660: 40/83 Loss: 0.013678
2026-05-20 15:28: Train Epoch 660: 60/83 Loss: 0.006262
2026-05-20 15:28: Train Epoch 660: 80/83 Loss: 0.007972
2026-05-20 15:28: **********Train Epoch 660: averaged Loss: 0.006742
2026-05-20 15:28: **********Val Epoch 660: average Loss: 0.022429
2026-05-20 15:28: Train Epoch 661: 0/83 Loss: 0.009751
2026-05-20 15:28: Train Epoch 661: 20/83 Loss: 0.002372
2026-05-20 15:28: Train Epoch 661: 40/83 Loss: 0.013431
2026-05-20 15:28: Train Epoch 661: 60/83 Loss: 0.006352
2026-05-20 15:28: Train Epoch 661: 80/83 Loss: 0.014213
2026-05-20 15:28: **********Train Epoch 661: averaged Loss: 0.007202
2026-05-20 15:28: **********Val Epoch 661: average Loss: 0.027075
2026-05-20 15:28: Train Epoch 662: 0/83 Loss: 0.020997
2026-05-20 15:28: Train Epoch 662: 20/83 Loss: 0.003536
2026-05-20 15:28: Train Epoch 662: 40/83 Loss: 0.016647
2026-05-20 15:28: Train Epoch 662: 60/83 Loss: 0.009736
2026-05-20 15:28: Train Epoch 662: 80/83 Loss: 0.012617
2026-05-20 15:28: **********Train Epoch 662: averaged Loss: 0.009683
2026-05-20 15:28: **********Val Epoch 662: average Loss: 0.022422
2026-05-20 15:28: Train Epoch 663: 0/83 Loss: 0.008887
2026-05-20 15:28: Train Epoch 663: 20/83 Loss: 0.003482
2026-05-20 15:28: Train Epoch 663: 40/83 Loss: 0.020665
2026-05-20 15:28: Train Epoch 663: 60/83 Loss: 0.006837
2026-05-20 15:28: Train Epoch 663: 80/83 Loss: 0.007869
2026-05-20 15:28: **********Train Epoch 663: averaged Loss: 0.008583
2026-05-20 15:28: **********Val Epoch 663: average Loss: 0.023768
2026-05-20 15:28: Train Epoch 664: 0/83 Loss: 0.007521
2026-05-20 15:28: Train Epoch 664: 20/83 Loss: 0.006524
2026-05-20 15:28: Train Epoch 664: 40/83 Loss: 0.030948
2026-05-20 15:28: Train Epoch 664: 60/83 Loss: 0.007164
2026-05-20 15:28: Train Epoch 664: 80/83 Loss: 0.007606
2026-05-20 15:28: **********Train Epoch 664: averaged Loss: 0.008010
2026-05-20 15:28: **********Val Epoch 664: average Loss: 0.021338
2026-05-20 15:28: Train Epoch 665: 0/83 Loss: 0.008010
2026-05-20 15:28: Train Epoch 665: 20/83 Loss: 0.009731
2026-05-20 15:28: Train Epoch 665: 40/83 Loss: 0.023691
2026-05-20 15:28: Train Epoch 665: 60/83 Loss: 0.006751
2026-05-20 15:28: Train Epoch 665: 80/83 Loss: 0.008538
2026-05-20 15:28: **********Train Epoch 665: averaged Loss: 0.008350
2026-05-20 15:28: **********Val Epoch 665: average Loss: 0.022843
2026-05-20 15:28: Train Epoch 666: 0/83 Loss: 0.005381
2026-05-20 15:28: Train Epoch 666: 20/83 Loss: 0.003501
2026-05-20 15:28: Train Epoch 666: 40/83 Loss: 0.018872
2026-05-20 15:28: Train Epoch 666: 60/83 Loss: 0.008495
2026-05-20 15:28: Train Epoch 666: 80/83 Loss: 0.012698
2026-05-20 15:28: **********Train Epoch 666: averaged Loss: 0.007918
2026-05-20 15:28: **********Val Epoch 666: average Loss: 0.025339
2026-05-20 15:28: Train Epoch 667: 0/83 Loss: 0.007652
2026-05-20 15:28: Train Epoch 667: 20/83 Loss: 0.003710
2026-05-20 15:28: Train Epoch 667: 40/83 Loss: 0.017851
2026-05-20 15:28: Train Epoch 667: 60/83 Loss: 0.006333
2026-05-20 15:28: Train Epoch 667: 80/83 Loss: 0.009894
2026-05-20 15:28: **********Train Epoch 667: averaged Loss: 0.007219
2026-05-20 15:28: **********Val Epoch 667: average Loss: 0.021901
2026-05-20 15:28: Train Epoch 668: 0/83 Loss: 0.015013
2026-05-20 15:28: Train Epoch 668: 20/83 Loss: 0.002746
2026-05-20 15:28: Train Epoch 668: 40/83 Loss: 0.014043
2026-05-20 15:28: Train Epoch 668: 60/83 Loss: 0.007450
2026-05-20 15:28: Train Epoch 668: 80/83 Loss: 0.008765
2026-05-20 15:28: **********Train Epoch 668: averaged Loss: 0.008124
2026-05-20 15:28: **********Val Epoch 668: average Loss: 0.022494
2026-05-20 15:28: Train Epoch 669: 0/83 Loss: 0.008941
2026-05-20 15:28: Train Epoch 669: 20/83 Loss: 0.003656
2026-05-20 15:28: Train Epoch 669: 40/83 Loss: 0.013817
2026-05-20 15:28: Train Epoch 669: 60/83 Loss: 0.008886
2026-05-20 15:28: Train Epoch 669: 80/83 Loss: 0.008735
2026-05-20 15:28: **********Train Epoch 669: averaged Loss: 0.008257
2026-05-20 15:28: **********Val Epoch 669: average Loss: 0.023954
2026-05-20 15:28: Train Epoch 670: 0/83 Loss: 0.006779
2026-05-20 15:28: Train Epoch 670: 20/83 Loss: 0.003744
2026-05-20 15:28: Train Epoch 670: 40/83 Loss: 0.014799
2026-05-20 15:28: Train Epoch 670: 60/83 Loss: 0.006181
2026-05-20 15:28: Train Epoch 670: 80/83 Loss: 0.013899
2026-05-20 15:28: **********Train Epoch 670: averaged Loss: 0.006251
2026-05-20 15:28: **********Val Epoch 670: average Loss: 0.030937
2026-05-20 15:28: Train Epoch 671: 0/83 Loss: 0.022516
2026-05-20 15:28: Train Epoch 671: 20/83 Loss: 0.002325
2026-05-20 15:28: Train Epoch 671: 40/83 Loss: 0.026893
2026-05-20 15:28: Train Epoch 671: 60/83 Loss: 0.007559
2026-05-20 15:28: Train Epoch 671: 80/83 Loss: 0.011480
2026-05-20 15:28: **********Train Epoch 671: averaged Loss: 0.009300
2026-05-20 15:28: **********Val Epoch 671: average Loss: 0.021180
2026-05-20 15:28: Train Epoch 672: 0/83 Loss: 0.015718
2026-05-20 15:28: Train Epoch 672: 20/83 Loss: 0.008016
2026-05-20 15:28: Train Epoch 672: 40/83 Loss: 0.015719
2026-05-20 15:28: Train Epoch 672: 60/83 Loss: 0.007970
2026-05-20 15:28: Train Epoch 672: 80/83 Loss: 0.008150
2026-05-20 15:28: **********Train Epoch 672: averaged Loss: 0.007639
2026-05-20 15:28: **********Val Epoch 672: average Loss: 0.020022
2026-05-20 15:28: Train Epoch 673: 0/83 Loss: 0.006780
2026-05-20 15:28: Train Epoch 673: 20/83 Loss: 0.005327
2026-05-20 15:28: Train Epoch 673: 40/83 Loss: 0.013974
2026-05-20 15:28: Train Epoch 673: 60/83 Loss: 0.007616
2026-05-20 15:28: Train Epoch 673: 80/83 Loss: 0.008452
2026-05-20 15:28: **********Train Epoch 673: averaged Loss: 0.006011
2026-05-20 15:28: **********Val Epoch 673: average Loss: 0.025307
2026-05-20 15:28: Train Epoch 674: 0/83 Loss: 0.008690
2026-05-20 15:28: Train Epoch 674: 20/83 Loss: 0.004011
2026-05-20 15:28: Train Epoch 674: 40/83 Loss: 0.013750
2026-05-20 15:28: Train Epoch 674: 60/83 Loss: 0.007589
2026-05-20 15:28: Train Epoch 674: 80/83 Loss: 0.008909
2026-05-20 15:28: **********Train Epoch 674: averaged Loss: 0.006678
2026-05-20 15:28: **********Val Epoch 674: average Loss: 0.020401
2026-05-20 15:28: Train Epoch 675: 0/83 Loss: 0.006488
2026-05-20 15:28: Train Epoch 675: 20/83 Loss: 0.002695
2026-05-20 15:28: Train Epoch 675: 40/83 Loss: 0.013271
2026-05-20 15:28: Train Epoch 675: 60/83 Loss: 0.008572
2026-05-20 15:28: Train Epoch 675: 80/83 Loss: 0.007685
2026-05-20 15:28: **********Train Epoch 675: averaged Loss: 0.005728
2026-05-20 15:28: **********Val Epoch 675: average Loss: 0.022196
2026-05-20 15:28: Train Epoch 676: 0/83 Loss: 0.006279
2026-05-20 15:29: Train Epoch 676: 20/83 Loss: 0.003409
2026-05-20 15:29: Train Epoch 676: 40/83 Loss: 0.012197
2026-05-20 15:29: Train Epoch 676: 60/83 Loss: 0.008276
2026-05-20 15:29: Train Epoch 676: 80/83 Loss: 0.007011
2026-05-20 15:29: **********Train Epoch 676: averaged Loss: 0.005688
2026-05-20 15:29: **********Val Epoch 676: average Loss: 0.022735
2026-05-20 15:29: Train Epoch 677: 0/83 Loss: 0.005785
2026-05-20 15:29: Train Epoch 677: 20/83 Loss: 0.003817
2026-05-20 15:29: Train Epoch 677: 40/83 Loss: 0.014803
2026-05-20 15:29: Train Epoch 677: 60/83 Loss: 0.007841
2026-05-20 15:29: Train Epoch 677: 80/83 Loss: 0.010053
2026-05-20 15:29: **********Train Epoch 677: averaged Loss: 0.006430
2026-05-20 15:29: **********Val Epoch 677: average Loss: 0.029049
2026-05-20 15:29: Train Epoch 678: 0/83 Loss: 0.016878
2026-05-20 15:29: Train Epoch 678: 20/83 Loss: 0.005932
2026-05-20 15:29: Train Epoch 678: 40/83 Loss: 0.020739
2026-05-20 15:29: Train Epoch 678: 60/83 Loss: 0.006719
2026-05-20 15:29: Train Epoch 678: 80/83 Loss: 0.008409
2026-05-20 15:29: **********Train Epoch 678: averaged Loss: 0.008569
2026-05-20 15:29: **********Val Epoch 678: average Loss: 0.020299
2026-05-20 15:29: Train Epoch 679: 0/83 Loss: 0.008426
2026-05-20 15:29: Train Epoch 679: 20/83 Loss: 0.004772
2026-05-20 15:29: Train Epoch 679: 40/83 Loss: 0.014357
2026-05-20 15:29: Train Epoch 679: 60/83 Loss: 0.008661
2026-05-20 15:29: Train Epoch 679: 80/83 Loss: 0.011354
2026-05-20 15:29: **********Train Epoch 679: averaged Loss: 0.006867
2026-05-20 15:29: **********Val Epoch 679: average Loss: 0.023439
2026-05-20 15:29: Train Epoch 680: 0/83 Loss: 0.008771
2026-05-20 15:29: Train Epoch 680: 20/83 Loss: 0.003517
2026-05-20 15:29: Train Epoch 680: 40/83 Loss: 0.013059
2026-05-20 15:29: Train Epoch 680: 60/83 Loss: 0.005945
2026-05-20 15:29: Train Epoch 680: 80/83 Loss: 0.011816
2026-05-20 15:29: **********Train Epoch 680: averaged Loss: 0.006142
2026-05-20 15:29: **********Val Epoch 680: average Loss: 0.025650
2026-05-20 15:29: Train Epoch 681: 0/83 Loss: 0.015535
2026-05-20 15:29: Train Epoch 681: 20/83 Loss: 0.002832
2026-05-20 15:29: Train Epoch 681: 40/83 Loss: 0.023532
2026-05-20 15:29: Train Epoch 681: 60/83 Loss: 0.006627
2026-05-20 15:29: Train Epoch 681: 80/83 Loss: 0.008127
2026-05-20 15:29: **********Train Epoch 681: averaged Loss: 0.008167
2026-05-20 15:29: **********Val Epoch 681: average Loss: 0.021556
2026-05-20 15:29: Train Epoch 682: 0/83 Loss: 0.007751
2026-05-20 15:29: Train Epoch 682: 20/83 Loss: 0.002498
2026-05-20 15:29: Train Epoch 682: 40/83 Loss: 0.014580
2026-05-20 15:29: Train Epoch 682: 60/83 Loss: 0.008477
2026-05-20 15:29: Train Epoch 682: 80/83 Loss: 0.008211
2026-05-20 15:29: **********Train Epoch 682: averaged Loss: 0.006488
2026-05-20 15:29: **********Val Epoch 682: average Loss: 0.022335
2026-05-20 15:29: Train Epoch 683: 0/83 Loss: 0.006918
2026-05-20 15:29: Train Epoch 683: 20/83 Loss: 0.004985
2026-05-20 15:29: Train Epoch 683: 40/83 Loss: 0.021519
2026-05-20 15:29: Train Epoch 683: 60/83 Loss: 0.008162
2026-05-20 15:29: Train Epoch 683: 80/83 Loss: 0.007832
2026-05-20 15:29: **********Train Epoch 683: averaged Loss: 0.007200
2026-05-20 15:29: **********Val Epoch 683: average Loss: 0.022716
2026-05-20 15:29: Train Epoch 684: 0/83 Loss: 0.007311
2026-05-20 15:29: Train Epoch 684: 20/83 Loss: 0.008990
2026-05-20 15:29: Train Epoch 684: 40/83 Loss: 0.024593
2026-05-20 15:29: Train Epoch 684: 60/83 Loss: 0.006421
2026-05-20 15:29: Train Epoch 684: 80/83 Loss: 0.008928
2026-05-20 15:29: **********Train Epoch 684: averaged Loss: 0.007722
2026-05-20 15:29: **********Val Epoch 684: average Loss: 0.024385
2026-05-20 15:29: Train Epoch 685: 0/83 Loss: 0.009487
2026-05-20 15:29: Train Epoch 685: 20/83 Loss: 0.009773
2026-05-20 15:29: Train Epoch 685: 40/83 Loss: 0.017661
2026-05-20 15:29: Train Epoch 685: 60/83 Loss: 0.007466
2026-05-20 15:29: Train Epoch 685: 80/83 Loss: 0.007590
2026-05-20 15:29: **********Train Epoch 685: averaged Loss: 0.007868
2026-05-20 15:29: **********Val Epoch 685: average Loss: 0.023341
2026-05-20 15:29: Train Epoch 686: 0/83 Loss: 0.010409
2026-05-20 15:29: Train Epoch 686: 20/83 Loss: 0.002733
2026-05-20 15:29: Train Epoch 686: 40/83 Loss: 0.019126
2026-05-20 15:29: Train Epoch 686: 60/83 Loss: 0.007538
2026-05-20 15:29: Train Epoch 686: 80/83 Loss: 0.012894
2026-05-20 15:29: **********Train Epoch 686: averaged Loss: 0.007718
2026-05-20 15:29: **********Val Epoch 686: average Loss: 0.022316
2026-05-20 15:29: Train Epoch 687: 0/83 Loss: 0.007827
2026-05-20 15:29: Train Epoch 687: 20/83 Loss: 0.003135
2026-05-20 15:29: Train Epoch 687: 40/83 Loss: 0.012990
2026-05-20 15:29: Train Epoch 687: 60/83 Loss: 0.006372
2026-05-20 15:29: Train Epoch 687: 80/83 Loss: 0.012410
2026-05-20 15:29: **********Train Epoch 687: averaged Loss: 0.008172
2026-05-20 15:29: **********Val Epoch 687: average Loss: 0.032549
2026-05-20 15:29: Train Epoch 688: 0/83 Loss: 0.016896
2026-05-20 15:29: Train Epoch 688: 20/83 Loss: 0.002254
2026-05-20 15:29: Train Epoch 688: 40/83 Loss: 0.013833
2026-05-20 15:29: Train Epoch 688: 60/83 Loss: 0.007405
2026-05-20 15:29: Train Epoch 688: 80/83 Loss: 0.008656
2026-05-20 15:29: **********Train Epoch 688: averaged Loss: 0.007452
2026-05-20 15:29: **********Val Epoch 688: average Loss: 0.024309
2026-05-20 15:29: Train Epoch 689: 0/83 Loss: 0.006702
2026-05-20 15:29: Train Epoch 689: 20/83 Loss: 0.002899
2026-05-20 15:29: Train Epoch 689: 40/83 Loss: 0.016145
2026-05-20 15:29: Train Epoch 689: 60/83 Loss: 0.013410
2026-05-20 15:29: Train Epoch 689: 80/83 Loss: 0.009124
2026-05-20 15:29: **********Train Epoch 689: averaged Loss: 0.007297
2026-05-20 15:29: **********Val Epoch 689: average Loss: 0.022326
2026-05-20 15:29: Train Epoch 690: 0/83 Loss: 0.007882
2026-05-20 15:29: Train Epoch 690: 20/83 Loss: 0.002928
2026-05-20 15:29: Train Epoch 690: 40/83 Loss: 0.012454
2026-05-20 15:29: Train Epoch 690: 60/83 Loss: 0.007508
2026-05-20 15:29: Train Epoch 690: 80/83 Loss: 0.011152
2026-05-20 15:29: **********Train Epoch 690: averaged Loss: 0.005838
2026-05-20 15:29: **********Val Epoch 690: average Loss: 0.025827
2026-05-20 15:29: Train Epoch 691: 0/83 Loss: 0.010765
2026-05-20 15:29: Train Epoch 691: 20/83 Loss: 0.002533
2026-05-20 15:29: Train Epoch 691: 40/83 Loss: 0.017414
2026-05-20 15:29: Train Epoch 691: 60/83 Loss: 0.010012
2026-05-20 15:30: Train Epoch 691: 80/83 Loss: 0.007465
2026-05-20 15:30: **********Train Epoch 691: averaged Loss: 0.006708
2026-05-20 15:30: **********Val Epoch 691: average Loss: 0.022488
2026-05-20 15:30: Train Epoch 692: 0/83 Loss: 0.005751
2026-05-20 15:30: Train Epoch 692: 20/83 Loss: 0.002547
2026-05-20 15:30: Train Epoch 692: 40/83 Loss: 0.011775
2026-05-20 15:30: Train Epoch 692: 60/83 Loss: 0.009372
2026-05-20 15:30: Train Epoch 692: 80/83 Loss: 0.009040
2026-05-20 15:30: **********Train Epoch 692: averaged Loss: 0.005775
2026-05-20 15:30: **********Val Epoch 692: average Loss: 0.030153
2026-05-20 15:30: Train Epoch 693: 0/83 Loss: 0.010812
2026-05-20 15:30: Train Epoch 693: 20/83 Loss: 0.003467
2026-05-20 15:30: Train Epoch 693: 40/83 Loss: 0.019838
2026-05-20 15:30: Train Epoch 693: 60/83 Loss: 0.006777
2026-05-20 15:30: Train Epoch 693: 80/83 Loss: 0.012344
2026-05-20 15:30: **********Train Epoch 693: averaged Loss: 0.007175
2026-05-20 15:30: **********Val Epoch 693: average Loss: 0.025192
2026-05-20 15:30: Train Epoch 694: 0/83 Loss: 0.012443
2026-05-20 15:30: Train Epoch 694: 20/83 Loss: 0.004671
2026-05-20 15:30: Train Epoch 694: 40/83 Loss: 0.019635
2026-05-20 15:30: Train Epoch 694: 60/83 Loss: 0.007186
2026-05-20 15:30: Train Epoch 694: 80/83 Loss: 0.011021
2026-05-20 15:30: **********Train Epoch 694: averaged Loss: 0.007293
2026-05-20 15:30: **********Val Epoch 694: average Loss: 0.021355
2026-05-20 15:30: Train Epoch 695: 0/83 Loss: 0.009385
2026-05-20 15:30: Train Epoch 695: 20/83 Loss: 0.003623
2026-05-20 15:30: Train Epoch 695: 40/83 Loss: 0.016299
2026-05-20 15:30: Train Epoch 695: 60/83 Loss: 0.006694
2026-05-20 15:30: Train Epoch 695: 80/83 Loss: 0.008862
2026-05-20 15:30: **********Train Epoch 695: averaged Loss: 0.007471
2026-05-20 15:30: **********Val Epoch 695: average Loss: 0.022737
2026-05-20 15:30: Train Epoch 696: 0/83 Loss: 0.006745
2026-05-20 15:30: Train Epoch 696: 20/83 Loss: 0.003420
2026-05-20 15:30: Train Epoch 696: 40/83 Loss: 0.014205
2026-05-20 15:30: Train Epoch 696: 60/83 Loss: 0.007455
2026-05-20 15:30: Train Epoch 696: 80/83 Loss: 0.011983
2026-05-20 15:30: **********Train Epoch 696: averaged Loss: 0.006003
2026-05-20 15:30: **********Val Epoch 696: average Loss: 0.025897
2026-05-20 15:30: Train Epoch 697: 0/83 Loss: 0.016187
2026-05-20 15:30: Train Epoch 697: 20/83 Loss: 0.006254
2026-05-20 15:30: Train Epoch 697: 40/83 Loss: 0.017143
2026-05-20 15:30: Train Epoch 697: 60/83 Loss: 0.006354
2026-05-20 15:30: Train Epoch 697: 80/83 Loss: 0.007962
2026-05-20 15:30: **********Train Epoch 697: averaged Loss: 0.007243
2026-05-20 15:30: **********Val Epoch 697: average Loss: 0.024577
2026-05-20 15:30: Train Epoch 698: 0/83 Loss: 0.007050
2026-05-20 15:30: Train Epoch 698: 20/83 Loss: 0.004584
2026-05-20 15:30: Train Epoch 698: 40/83 Loss: 0.013187
2026-05-20 15:30: Train Epoch 698: 60/83 Loss: 0.009459
2026-05-20 15:30: Train Epoch 698: 80/83 Loss: 0.007932
2026-05-20 15:30: **********Train Epoch 698: averaged Loss: 0.006316
2026-05-20 15:30: **********Val Epoch 698: average Loss: 0.020646
2026-05-20 15:30: Train Epoch 699: 0/83 Loss: 0.006232
2026-05-20 15:30: Train Epoch 699: 20/83 Loss: 0.002309
2026-05-20 15:30: Train Epoch 699: 40/83 Loss: 0.014043
2026-05-20 15:30: Train Epoch 699: 60/83 Loss: 0.008736
2026-05-20 15:30: Train Epoch 699: 80/83 Loss: 0.009159
2026-05-20 15:30: **********Train Epoch 699: averaged Loss: 0.005738
2026-05-20 15:30: **********Val Epoch 699: average Loss: 0.022844
2026-05-20 15:30: Train Epoch 700: 0/83 Loss: 0.010224
2026-05-20 15:30: Train Epoch 700: 20/83 Loss: 0.002207
2026-05-20 15:30: Train Epoch 700: 40/83 Loss: 0.015733
2026-05-20 15:30: Train Epoch 700: 60/83 Loss: 0.006078
2026-05-20 15:30: Train Epoch 700: 80/83 Loss: 0.009332
2026-05-20 15:30: **********Train Epoch 700: averaged Loss: 0.006367
2026-05-20 15:30: **********Val Epoch 700: average Loss: 0.022783
2026-05-20 15:30: Train Epoch 701: 0/83 Loss: 0.006397
2026-05-20 15:30: Train Epoch 701: 20/83 Loss: 0.002355
2026-05-20 15:30: Train Epoch 701: 40/83 Loss: 0.015043
2026-05-20 15:30: Train Epoch 701: 60/83 Loss: 0.008879
2026-05-20 15:30: Train Epoch 701: 80/83 Loss: 0.009108
2026-05-20 15:30: **********Train Epoch 701: averaged Loss: 0.006138
2026-05-20 15:30: **********Val Epoch 701: average Loss: 0.022842
2026-05-20 15:30: Train Epoch 702: 0/83 Loss: 0.006307
2026-05-20 15:30: Train Epoch 702: 20/83 Loss: 0.001973
2026-05-20 15:30: Train Epoch 702: 40/83 Loss: 0.013382
2026-05-20 15:30: Train Epoch 702: 60/83 Loss: 0.007171
2026-05-20 15:30: Train Epoch 702: 80/83 Loss: 0.007962
2026-05-20 15:30: **********Train Epoch 702: averaged Loss: 0.005685
2026-05-20 15:30: **********Val Epoch 702: average Loss: 0.023182
2026-05-20 15:30: Train Epoch 703: 0/83 Loss: 0.011498
2026-05-20 15:30: Train Epoch 703: 20/83 Loss: 0.002902
2026-05-20 15:30: Train Epoch 703: 40/83 Loss: 0.012765
2026-05-20 15:30: Train Epoch 703: 60/83 Loss: 0.006479
2026-05-20 15:30: Train Epoch 703: 80/83 Loss: 0.008895
2026-05-20 15:30: **********Train Epoch 703: averaged Loss: 0.006444
2026-05-20 15:30: **********Val Epoch 703: average Loss: 0.022050
2026-05-20 15:30: Train Epoch 704: 0/83 Loss: 0.006132
2026-05-20 15:30: Train Epoch 704: 20/83 Loss: 0.003679
2026-05-20 15:30: Train Epoch 704: 40/83 Loss: 0.013597
2026-05-20 15:30: Train Epoch 704: 60/83 Loss: 0.007562
2026-05-20 15:30: Train Epoch 704: 80/83 Loss: 0.008063
2026-05-20 15:30: **********Train Epoch 704: averaged Loss: 0.005952
2026-05-20 15:30: **********Val Epoch 704: average Loss: 0.023299
2026-05-20 15:30: Train Epoch 705: 0/83 Loss: 0.013630
2026-05-20 15:30: Train Epoch 705: 20/83 Loss: 0.006208
2026-05-20 15:30: Train Epoch 705: 40/83 Loss: 0.015524
2026-05-20 15:30: Train Epoch 705: 60/83 Loss: 0.007907
2026-05-20 15:30: Train Epoch 705: 80/83 Loss: 0.008089
2026-05-20 15:30: **********Train Epoch 705: averaged Loss: 0.007183
2026-05-20 15:30: **********Val Epoch 705: average Loss: 0.024298
2026-05-20 15:30: Train Epoch 706: 0/83 Loss: 0.013757
2026-05-20 15:30: Train Epoch 706: 20/83 Loss: 0.002644
2026-05-20 15:30: Train Epoch 706: 40/83 Loss: 0.019457
2026-05-20 15:30: Train Epoch 706: 60/83 Loss: 0.006512
2026-05-20 15:30: Train Epoch 706: 80/83 Loss: 0.010566
2026-05-20 15:30: **********Train Epoch 706: averaged Loss: 0.008891
2026-05-20 15:30: **********Val Epoch 706: average Loss: 0.027755
2026-05-20 15:30: Train Epoch 707: 0/83 Loss: 0.012223
2026-05-20 15:30: Train Epoch 707: 20/83 Loss: 0.002576
2026-05-20 15:30: Train Epoch 707: 40/83 Loss: 0.021248
2026-05-20 15:30: Train Epoch 707: 60/83 Loss: 0.006359
2026-05-20 15:30: Train Epoch 707: 80/83 Loss: 0.010791
2026-05-20 15:30: **********Train Epoch 707: averaged Loss: 0.008066
2026-05-20 15:30: **********Val Epoch 707: average Loss: 0.025361
2026-05-20 15:31: Train Epoch 708: 0/83 Loss: 0.007903
2026-05-20 15:31: Train Epoch 708: 20/83 Loss: 0.003483
2026-05-20 15:31: Train Epoch 708: 40/83 Loss: 0.013580
2026-05-20 15:31: Train Epoch 708: 60/83 Loss: 0.005692
2026-05-20 15:31: Train Epoch 708: 80/83 Loss: 0.008755
2026-05-20 15:31: **********Train Epoch 708: averaged Loss: 0.005921
2026-05-20 15:31: **********Val Epoch 708: average Loss: 0.023698
2026-05-20 15:31: Train Epoch 709: 0/83 Loss: 0.007997
2026-05-20 15:31: Train Epoch 709: 20/83 Loss: 0.003731
2026-05-20 15:31: Train Epoch 709: 40/83 Loss: 0.013752
2026-05-20 15:31: Train Epoch 709: 60/83 Loss: 0.010763
2026-05-20 15:31: Train Epoch 709: 80/83 Loss: 0.007961
2026-05-20 15:31: **********Train Epoch 709: averaged Loss: 0.006681
2026-05-20 15:31: **********Val Epoch 709: average Loss: 0.024918
2026-05-20 15:31: Train Epoch 710: 0/83 Loss: 0.008172
2026-05-20 15:31: Train Epoch 710: 20/83 Loss: 0.005476
2026-05-20 15:31: Train Epoch 710: 40/83 Loss: 0.014344
2026-05-20 15:31: Train Epoch 710: 60/83 Loss: 0.005583
2026-05-20 15:31: Train Epoch 710: 80/83 Loss: 0.016966
2026-05-20 15:31: **********Train Epoch 710: averaged Loss: 0.006613
2026-05-20 15:31: **********Val Epoch 710: average Loss: 0.024987
2026-05-20 15:31: Train Epoch 711: 0/83 Loss: 0.018692
2026-05-20 15:31: Train Epoch 711: 20/83 Loss: 0.006894
2026-05-20 15:31: Train Epoch 711: 40/83 Loss: 0.016486
2026-05-20 15:31: Train Epoch 711: 60/83 Loss: 0.007044
2026-05-20 15:31: Train Epoch 711: 80/83 Loss: 0.007576
2026-05-20 15:31: **********Train Epoch 711: averaged Loss: 0.008230
2026-05-20 15:31: **********Val Epoch 711: average Loss: 0.024413
2026-05-20 15:31: Train Epoch 712: 0/83 Loss: 0.009613
2026-05-20 15:31: Train Epoch 712: 20/83 Loss: 0.002073
2026-05-20 15:31: Train Epoch 712: 40/83 Loss: 0.015330
2026-05-20 15:31: Train Epoch 712: 60/83 Loss: 0.009336
2026-05-20 15:31: Train Epoch 712: 80/83 Loss: 0.008532
2026-05-20 15:31: **********Train Epoch 712: averaged Loss: 0.006255
2026-05-20 15:31: **********Val Epoch 712: average Loss: 0.023339
2026-05-20 15:31: Train Epoch 713: 0/83 Loss: 0.006388
2026-05-20 15:31: Train Epoch 713: 20/83 Loss: 0.005267
2026-05-20 15:31: Train Epoch 713: 40/83 Loss: 0.015719
2026-05-20 15:31: Train Epoch 713: 60/83 Loss: 0.006270
2026-05-20 15:31: Train Epoch 713: 80/83 Loss: 0.009218
2026-05-20 15:31: **********Train Epoch 713: averaged Loss: 0.007097
2026-05-20 15:31: **********Val Epoch 713: average Loss: 0.027055
2026-05-20 15:31: Train Epoch 714: 0/83 Loss: 0.009295
2026-05-20 15:31: Train Epoch 714: 20/83 Loss: 0.002510
2026-05-20 15:31: Train Epoch 714: 40/83 Loss: 0.014397
2026-05-20 15:31: Train Epoch 714: 60/83 Loss: 0.006360
2026-05-20 15:31: Train Epoch 714: 80/83 Loss: 0.009073
2026-05-20 15:31: **********Train Epoch 714: averaged Loss: 0.006519
2026-05-20 15:31: **********Val Epoch 714: average Loss: 0.024749
2026-05-20 15:31: Train Epoch 715: 0/83 Loss: 0.017020
2026-05-20 15:31: Train Epoch 715: 20/83 Loss: 0.002119
2026-05-20 15:31: Train Epoch 715: 40/83 Loss: 0.017978
2026-05-20 15:31: Train Epoch 715: 60/83 Loss: 0.006581
2026-05-20 15:31: Train Epoch 715: 80/83 Loss: 0.007972
2026-05-20 15:31: **********Train Epoch 715: averaged Loss: 0.008367
2026-05-20 15:31: **********Val Epoch 715: average Loss: 0.028039
2026-05-20 15:31: Train Epoch 716: 0/83 Loss: 0.014182
2026-05-20 15:31: Train Epoch 716: 20/83 Loss: 0.007463
2026-05-20 15:31: Train Epoch 716: 40/83 Loss: 0.017375
2026-05-20 15:31: Train Epoch 716: 60/83 Loss: 0.009407
2026-05-20 15:31: Train Epoch 716: 80/83 Loss: 0.009580
2026-05-20 15:31: **********Train Epoch 716: averaged Loss: 0.008609
2026-05-20 15:31: **********Val Epoch 716: average Loss: 0.028761
2026-05-20 15:31: Train Epoch 717: 0/83 Loss: 0.006871
2026-05-20 15:31: Train Epoch 717: 20/83 Loss: 0.002896
2026-05-20 15:31: Train Epoch 717: 40/83 Loss: 0.015219
2026-05-20 15:31: Train Epoch 717: 60/83 Loss: 0.005546
2026-05-20 15:31: Train Epoch 717: 80/83 Loss: 0.011537
2026-05-20 15:31: **********Train Epoch 717: averaged Loss: 0.006152
2026-05-20 15:31: **********Val Epoch 717: average Loss: 0.028548
2026-05-20 15:31: Train Epoch 718: 0/83 Loss: 0.018974
2026-05-20 15:31: Train Epoch 718: 20/83 Loss: 0.003578
2026-05-20 15:31: Train Epoch 718: 40/83 Loss: 0.021015
2026-05-20 15:31: Train Epoch 718: 60/83 Loss: 0.006612
2026-05-20 15:31: Train Epoch 718: 80/83 Loss: 0.008646
2026-05-20 15:31: **********Train Epoch 718: averaged Loss: 0.008488
2026-05-20 15:31: **********Val Epoch 718: average Loss: 0.023748
2026-05-20 15:31: Train Epoch 719: 0/83 Loss: 0.006296
2026-05-20 15:31: Train Epoch 719: 20/83 Loss: 0.004079
2026-05-20 15:31: Train Epoch 719: 40/83 Loss: 0.014447
2026-05-20 15:31: Train Epoch 719: 60/83 Loss: 0.009043
2026-05-20 15:31: Train Epoch 719: 80/83 Loss: 0.010568
2026-05-20 15:31: **********Train Epoch 719: averaged Loss: 0.006093
2026-05-20 15:31: **********Val Epoch 719: average Loss: 0.022247
2026-05-20 15:31: Train Epoch 720: 0/83 Loss: 0.013239
2026-05-20 15:31: Train Epoch 720: 20/83 Loss: 0.002395
2026-05-20 15:31: Train Epoch 720: 40/83 Loss: 0.013010
2026-05-20 15:31: Train Epoch 720: 60/83 Loss: 0.006204
2026-05-20 15:31: Train Epoch 720: 80/83 Loss: 0.010523
2026-05-20 15:31: **********Train Epoch 720: averaged Loss: 0.006548
2026-05-20 15:31: **********Val Epoch 720: average Loss: 0.026251
2026-05-20 15:31: Train Epoch 721: 0/83 Loss: 0.014844
2026-05-20 15:31: Train Epoch 721: 20/83 Loss: 0.003896
2026-05-20 15:31: Train Epoch 721: 40/83 Loss: 0.013277
2026-05-20 15:31: Train Epoch 721: 60/83 Loss: 0.006918
2026-05-20 15:31: Train Epoch 721: 80/83 Loss: 0.014344
2026-05-20 15:31: **********Train Epoch 721: averaged Loss: 0.007932
2026-05-20 15:31: **********Val Epoch 721: average Loss: 0.026229
2026-05-20 15:31: Train Epoch 722: 0/83 Loss: 0.011200
2026-05-20 15:31: Train Epoch 722: 20/83 Loss: 0.002955
2026-05-20 15:31: Train Epoch 722: 40/83 Loss: 0.012090
2026-05-20 15:31: Train Epoch 722: 60/83 Loss: 0.005644
2026-05-20 15:31: Train Epoch 722: 80/83 Loss: 0.010869
2026-05-20 15:31: **********Train Epoch 722: averaged Loss: 0.005876
2026-05-20 15:31: **********Val Epoch 722: average Loss: 0.026946
2026-05-20 15:31: Train Epoch 723: 0/83 Loss: 0.015838
2026-05-20 15:31: Train Epoch 723: 20/83 Loss: 0.002210
2026-05-20 15:32: Train Epoch 723: 40/83 Loss: 0.013921
2026-05-20 15:32: Train Epoch 723: 60/83 Loss: 0.012172
2026-05-20 15:32: Train Epoch 723: 80/83 Loss: 0.009148
2026-05-20 15:32: **********Train Epoch 723: averaged Loss: 0.007771
2026-05-20 15:32: **********Val Epoch 723: average Loss: 0.023946
2026-05-20 15:32: Train Epoch 724: 0/83 Loss: 0.008903
2026-05-20 15:32: Train Epoch 724: 20/83 Loss: 0.003412
2026-05-20 15:32: Train Epoch 724: 40/83 Loss: 0.019243
2026-05-20 15:32: Train Epoch 724: 60/83 Loss: 0.007457
2026-05-20 15:32: Train Epoch 724: 80/83 Loss: 0.010436
2026-05-20 15:32: **********Train Epoch 724: averaged Loss: 0.006522
2026-05-20 15:32: **********Val Epoch 724: average Loss: 0.029015
2026-05-20 15:32: Train Epoch 725: 0/83 Loss: 0.010494
2026-05-20 15:32: Train Epoch 725: 20/83 Loss: 0.002634
2026-05-20 15:32: Train Epoch 725: 40/83 Loss: 0.014439
2026-05-20 15:32: Train Epoch 725: 60/83 Loss: 0.008183
2026-05-20 15:32: Train Epoch 725: 80/83 Loss: 0.007429
2026-05-20 15:32: **********Train Epoch 725: averaged Loss: 0.006651
2026-05-20 15:32: **********Val Epoch 725: average Loss: 0.024310
2026-05-20 15:32: Train Epoch 726: 0/83 Loss: 0.007119
2026-05-20 15:32: Train Epoch 726: 20/83 Loss: 0.002467
2026-05-20 15:32: Train Epoch 726: 40/83 Loss: 0.012105
2026-05-20 15:32: Train Epoch 726: 60/83 Loss: 0.006082
2026-05-20 15:32: Train Epoch 726: 80/83 Loss: 0.010341
2026-05-20 15:32: **********Train Epoch 726: averaged Loss: 0.005743
2026-05-20 15:32: **********Val Epoch 726: average Loss: 0.032248
2026-05-20 15:32: Train Epoch 727: 0/83 Loss: 0.014929
2026-05-20 15:32: Train Epoch 727: 20/83 Loss: 0.002379
2026-05-20 15:32: Train Epoch 727: 40/83 Loss: 0.012796
2026-05-20 15:32: Train Epoch 727: 60/83 Loss: 0.007978
2026-05-20 15:32: Train Epoch 727: 80/83 Loss: 0.007662
2026-05-20 15:32: **********Train Epoch 727: averaged Loss: 0.007360
2026-05-20 15:32: **********Val Epoch 727: average Loss: 0.021666
2026-05-20 15:32: Train Epoch 728: 0/83 Loss: 0.011347
2026-05-20 15:32: Train Epoch 728: 20/83 Loss: 0.002848
2026-05-20 15:32: Train Epoch 728: 40/83 Loss: 0.014248
2026-05-20 15:32: Train Epoch 728: 60/83 Loss: 0.005796
2026-05-20 15:32: Train Epoch 728: 80/83 Loss: 0.011857
2026-05-20 15:32: **********Train Epoch 728: averaged Loss: 0.006276
2026-05-20 15:32: **********Val Epoch 728: average Loss: 0.032302
2026-05-20 15:32: Train Epoch 729: 0/83 Loss: 0.017554
2026-05-20 15:32: Train Epoch 729: 20/83 Loss: 0.003831
2026-05-20 15:32: Train Epoch 729: 40/83 Loss: 0.013517
2026-05-20 15:32: Train Epoch 729: 60/83 Loss: 0.006855
2026-05-20 15:32: Train Epoch 729: 80/83 Loss: 0.008559
2026-05-20 15:32: **********Train Epoch 729: averaged Loss: 0.007373
2026-05-20 15:32: **********Val Epoch 729: average Loss: 0.027445
2026-05-20 15:32: Train Epoch 730: 0/83 Loss: 0.007485
2026-05-20 15:32: Train Epoch 730: 20/83 Loss: 0.002887
2026-05-20 15:32: Train Epoch 730: 40/83 Loss: 0.012864
2026-05-20 15:32: Train Epoch 730: 60/83 Loss: 0.007472
2026-05-20 15:32: Train Epoch 730: 80/83 Loss: 0.007738
2026-05-20 15:32: **********Train Epoch 730: averaged Loss: 0.006022
2026-05-20 15:32: **********Val Epoch 730: average Loss: 0.026633
2026-05-20 15:32: Train Epoch 731: 0/83 Loss: 0.009681
2026-05-20 15:32: Train Epoch 731: 20/83 Loss: 0.011417
2026-05-20 15:32: Train Epoch 731: 40/83 Loss: 0.024218
2026-05-20 15:32: Train Epoch 731: 60/83 Loss: 0.006838
2026-05-20 15:32: Train Epoch 731: 80/83 Loss: 0.008880
2026-05-20 15:32: **********Train Epoch 731: averaged Loss: 0.008066
2026-05-20 15:32: **********Val Epoch 731: average Loss: 0.026164
2026-05-20 15:32: Train Epoch 732: 0/83 Loss: 0.011128
2026-05-20 15:32: Train Epoch 732: 20/83 Loss: 0.007535
2026-05-20 15:32: Train Epoch 732: 40/83 Loss: 0.016630
2026-05-20 15:32: Train Epoch 732: 60/83 Loss: 0.007853
2026-05-20 15:32: Train Epoch 732: 80/83 Loss: 0.009611
2026-05-20 15:32: **********Train Epoch 732: averaged Loss: 0.007445
2026-05-20 15:32: **********Val Epoch 732: average Loss: 0.026364
2026-05-20 15:32: Train Epoch 733: 0/83 Loss: 0.008066
2026-05-20 15:32: Train Epoch 733: 20/83 Loss: 0.002644
2026-05-20 15:32: Train Epoch 733: 40/83 Loss: 0.021190
2026-05-20 15:32: Train Epoch 733: 60/83 Loss: 0.006316
2026-05-20 15:32: Train Epoch 733: 80/83 Loss: 0.009420
2026-05-20 15:32: **********Train Epoch 733: averaged Loss: 0.006853
2026-05-20 15:32: **********Val Epoch 733: average Loss: 0.028182
2026-05-20 15:32: Train Epoch 734: 0/83 Loss: 0.014923
2026-05-20 15:32: Train Epoch 734: 20/83 Loss: 0.005236
2026-05-20 15:32: Train Epoch 734: 40/83 Loss: 0.012447
2026-05-20 15:32: Train Epoch 734: 60/83 Loss: 0.007511
2026-05-20 15:32: Train Epoch 734: 80/83 Loss: 0.008550
2026-05-20 15:32: **********Train Epoch 734: averaged Loss: 0.007192
2026-05-20 15:32: **********Val Epoch 734: average Loss: 0.025777
2026-05-20 15:32: Train Epoch 735: 0/83 Loss: 0.006528
2026-05-20 15:32: Train Epoch 735: 20/83 Loss: 0.002556
2026-05-20 15:32: Train Epoch 735: 40/83 Loss: 0.017173
2026-05-20 15:32: Train Epoch 735: 60/83 Loss: 0.005719
2026-05-20 15:32: Train Epoch 735: 80/83 Loss: 0.013618
2026-05-20 15:32: **********Train Epoch 735: averaged Loss: 0.006452
2026-05-20 15:32: **********Val Epoch 735: average Loss: 0.029595
2026-05-20 15:32: Train Epoch 736: 0/83 Loss: 0.015767
2026-05-20 15:32: Train Epoch 736: 20/83 Loss: 0.004168
2026-05-20 15:32: Train Epoch 736: 40/83 Loss: 0.013583
2026-05-20 15:32: Train Epoch 736: 60/83 Loss: 0.006325
2026-05-20 15:32: Train Epoch 736: 80/83 Loss: 0.009680
2026-05-20 15:32: **********Train Epoch 736: averaged Loss: 0.007936
2026-05-20 15:32: **********Val Epoch 736: average Loss: 0.025632
2026-05-20 15:32: Train Epoch 737: 0/83 Loss: 0.008281
2026-05-20 15:32: Train Epoch 737: 20/83 Loss: 0.002718
2026-05-20 15:32: Train Epoch 737: 40/83 Loss: 0.016394
2026-05-20 15:32: Train Epoch 737: 60/83 Loss: 0.007924
2026-05-20 15:32: Train Epoch 737: 80/83 Loss: 0.011275
2026-05-20 15:32: **********Train Epoch 737: averaged Loss: 0.007500
2026-05-20 15:32: **********Val Epoch 737: average Loss: 0.025643
2026-05-20 15:32: Train Epoch 738: 0/83 Loss: 0.007488
2026-05-20 15:32: Train Epoch 738: 20/83 Loss: 0.003012
2026-05-20 15:32: Train Epoch 738: 40/83 Loss: 0.014092
2026-05-20 15:32: Train Epoch 738: 60/83 Loss: 0.006042
2026-05-20 15:32: Train Epoch 738: 80/83 Loss: 0.010090
2026-05-20 15:32: **********Train Epoch 738: averaged Loss: 0.007013
2026-05-20 15:32: **********Val Epoch 738: average Loss: 0.024110
2026-05-20 15:32: Train Epoch 739: 0/83 Loss: 0.015463
2026-05-20 15:32: Train Epoch 739: 20/83 Loss: 0.002333
2026-05-20 15:33: Train Epoch 739: 40/83 Loss: 0.010792
2026-05-20 15:33: Train Epoch 739: 60/83 Loss: 0.010289
2026-05-20 15:33: Train Epoch 739: 80/83 Loss: 0.009446
2026-05-20 15:33: **********Train Epoch 739: averaged Loss: 0.007148
2026-05-20 15:33: **********Val Epoch 739: average Loss: 0.025937
2026-05-20 15:33: Train Epoch 740: 0/83 Loss: 0.011007
2026-05-20 15:33: Train Epoch 740: 20/83 Loss: 0.002610
2026-05-20 15:33: Train Epoch 740: 40/83 Loss: 0.012472
2026-05-20 15:33: Train Epoch 740: 60/83 Loss: 0.006961
2026-05-20 15:33: Train Epoch 740: 80/83 Loss: 0.009374
2026-05-20 15:33: **********Train Epoch 740: averaged Loss: 0.005907
2026-05-20 15:33: **********Val Epoch 740: average Loss: 0.025761
2026-05-20 15:33: Train Epoch 741: 0/83 Loss: 0.012210
2026-05-20 15:33: Train Epoch 741: 20/83 Loss: 0.004581
2026-05-20 15:33: Train Epoch 741: 40/83 Loss: 0.013894
2026-05-20 15:33: Train Epoch 741: 60/83 Loss: 0.009857
2026-05-20 15:33: Train Epoch 741: 80/83 Loss: 0.008111
2026-05-20 15:33: **********Train Epoch 741: averaged Loss: 0.006435
2026-05-20 15:33: **********Val Epoch 741: average Loss: 0.022833
2026-05-20 15:33: Train Epoch 742: 0/83 Loss: 0.006521
2026-05-20 15:33: Train Epoch 742: 20/83 Loss: 0.002496
2026-05-20 15:33: Train Epoch 742: 40/83 Loss: 0.015961
2026-05-20 15:33: Train Epoch 742: 60/83 Loss: 0.010268
2026-05-20 15:33: Train Epoch 742: 80/83 Loss: 0.009770
2026-05-20 15:33: **********Train Epoch 742: averaged Loss: 0.006330
2026-05-20 15:33: **********Val Epoch 742: average Loss: 0.029795
2026-05-20 15:33: Train Epoch 743: 0/83 Loss: 0.008838
2026-05-20 15:33: Train Epoch 743: 20/83 Loss: 0.004605
2026-05-20 15:33: Train Epoch 743: 40/83 Loss: 0.023767
2026-05-20 15:33: Train Epoch 743: 60/83 Loss: 0.006138
2026-05-20 15:33: Train Epoch 743: 80/83 Loss: 0.010388
2026-05-20 15:33: **********Train Epoch 743: averaged Loss: 0.007372
2026-05-20 15:33: **********Val Epoch 743: average Loss: 0.020360
2026-05-20 15:33: Train Epoch 744: 0/83 Loss: 0.013966
2026-05-20 15:33: Train Epoch 744: 20/83 Loss: 0.002243
2026-05-20 15:33: Train Epoch 744: 40/83 Loss: 0.014213
2026-05-20 15:33: Train Epoch 744: 60/83 Loss: 0.005688
2026-05-20 15:33: Train Epoch 744: 80/83 Loss: 0.008303
2026-05-20 15:33: **********Train Epoch 744: averaged Loss: 0.006700
2026-05-20 15:33: **********Val Epoch 744: average Loss: 0.021596
2026-05-20 15:33: Train Epoch 745: 0/83 Loss: 0.017768
2026-05-20 15:33: Train Epoch 745: 20/83 Loss: 0.003041
2026-05-20 15:33: Train Epoch 745: 40/83 Loss: 0.015741
2026-05-20 15:33: Train Epoch 745: 60/83 Loss: 0.007597
2026-05-20 15:33: Train Epoch 745: 80/83 Loss: 0.008888
2026-05-20 15:33: **********Train Epoch 745: averaged Loss: 0.007107
2026-05-20 15:33: **********Val Epoch 745: average Loss: 0.027213
2026-05-20 15:33: Train Epoch 746: 0/83 Loss: 0.015301
2026-05-20 15:33: Train Epoch 746: 20/83 Loss: 0.003339
2026-05-20 15:33: Train Epoch 746: 40/83 Loss: 0.013319
2026-05-20 15:33: Train Epoch 746: 60/83 Loss: 0.005147
2026-05-20 15:33: Train Epoch 746: 80/83 Loss: 0.010368
2026-05-20 15:33: **********Train Epoch 746: averaged Loss: 0.007041
2026-05-20 15:33: **********Val Epoch 746: average Loss: 0.025136
2026-05-20 15:33: Train Epoch 747: 0/83 Loss: 0.017346
2026-05-20 15:33: Train Epoch 747: 20/83 Loss: 0.007632
2026-05-20 15:33: Train Epoch 747: 40/83 Loss: 0.015620
2026-05-20 15:33: Train Epoch 747: 60/83 Loss: 0.005801
2026-05-20 15:33: Train Epoch 747: 80/83 Loss: 0.007396
2026-05-20 15:33: **********Train Epoch 747: averaged Loss: 0.007993
2026-05-20 15:33: **********Val Epoch 747: average Loss: 0.023246
2026-05-20 15:33: Train Epoch 748: 0/83 Loss: 0.006413
2026-05-20 15:33: Train Epoch 748: 20/83 Loss: 0.003931
2026-05-20 15:33: Train Epoch 748: 40/83 Loss: 0.013446
2026-05-20 15:33: Train Epoch 748: 60/83 Loss: 0.007119
2026-05-20 15:33: Train Epoch 748: 80/83 Loss: 0.009220
2026-05-20 15:33: **********Train Epoch 748: averaged Loss: 0.005862
2026-05-20 15:33: **********Val Epoch 748: average Loss: 0.026294
2026-05-20 15:33: Train Epoch 749: 0/83 Loss: 0.010223
2026-05-20 15:33: Train Epoch 749: 20/83 Loss: 0.003421
2026-05-20 15:33: Train Epoch 749: 40/83 Loss: 0.012041
2026-05-20 15:33: Train Epoch 749: 60/83 Loss: 0.012421
2026-05-20 15:33: Train Epoch 749: 80/83 Loss: 0.010485
2026-05-20 15:33: **********Train Epoch 749: averaged Loss: 0.007110
2026-05-20 15:33: **********Val Epoch 749: average Loss: 0.023671
2026-05-20 15:33: Train Epoch 750: 0/83 Loss: 0.008789
2026-05-20 15:33: Train Epoch 750: 20/83 Loss: 0.002306
2026-05-20 15:33: Train Epoch 750: 40/83 Loss: 0.013187
2026-05-20 15:33: Train Epoch 750: 60/83 Loss: 0.013370
2026-05-20 15:33: Train Epoch 750: 80/83 Loss: 0.010073
2026-05-20 15:33: **********Train Epoch 750: averaged Loss: 0.006488
2026-05-20 15:33: **********Val Epoch 750: average Loss: 0.028910
2026-05-20 15:33: Train Epoch 751: 0/83 Loss: 0.008089
2026-05-20 15:33: Train Epoch 751: 20/83 Loss: 0.002358
2026-05-20 15:33: Train Epoch 751: 40/83 Loss: 0.022551
2026-05-20 15:33: Train Epoch 751: 60/83 Loss: 0.006332
2026-05-20 15:33: Train Epoch 751: 80/83 Loss: 0.013592
2026-05-20 15:33: **********Train Epoch 751: averaged Loss: 0.007273
2026-05-20 15:33: **********Val Epoch 751: average Loss: 0.028685
2026-05-20 15:33: Train Epoch 752: 0/83 Loss: 0.014649
2026-05-20 15:33: Train Epoch 752: 20/83 Loss: 0.003046
2026-05-20 15:33: Train Epoch 752: 40/83 Loss: 0.014358
2026-05-20 15:33: Train Epoch 752: 60/83 Loss: 0.007383
2026-05-20 15:33: Train Epoch 752: 80/83 Loss: 0.012566
2026-05-20 15:33: **********Train Epoch 752: averaged Loss: 0.006789
2026-05-20 15:33: **********Val Epoch 752: average Loss: 0.019493
2026-05-20 15:33: Train Epoch 753: 0/83 Loss: 0.012209
2026-05-20 15:33: Train Epoch 753: 20/83 Loss: 0.002651
2026-05-20 15:33: Train Epoch 753: 40/83 Loss: 0.014224
2026-05-20 15:33: Train Epoch 753: 60/83 Loss: 0.005939
2026-05-20 15:33: Train Epoch 753: 80/83 Loss: 0.007857
2026-05-20 15:33: **********Train Epoch 753: averaged Loss: 0.007037
2026-05-20 15:33: **********Val Epoch 753: average Loss: 0.023134
2026-05-20 15:33: Train Epoch 754: 0/83 Loss: 0.010315
2026-05-20 15:33: Train Epoch 754: 20/83 Loss: 0.008174
2026-05-20 15:33: Train Epoch 754: 40/83 Loss: 0.013817
2026-05-20 15:33: Train Epoch 754: 60/83 Loss: 0.006586
2026-05-20 15:33: Train Epoch 754: 80/83 Loss: 0.016740
2026-05-20 15:33: **********Train Epoch 754: averaged Loss: 0.006355
2026-05-20 15:33: **********Val Epoch 754: average Loss: 0.022386
2026-05-20 15:33: Train Epoch 755: 0/83 Loss: 0.011492
2026-05-20 15:33: Train Epoch 755: 20/83 Loss: 0.003653
2026-05-20 15:33: Train Epoch 755: 40/83 Loss: 0.014255
2026-05-20 15:33: Train Epoch 755: 60/83 Loss: 0.005662
2026-05-20 15:34: Train Epoch 755: 80/83 Loss: 0.009795
2026-05-20 15:34: **********Train Epoch 755: averaged Loss: 0.007036
2026-05-20 15:34: **********Val Epoch 755: average Loss: 0.025845
2026-05-20 15:34: Train Epoch 756: 0/83 Loss: 0.009661
2026-05-20 15:34: Train Epoch 756: 20/83 Loss: 0.004544
2026-05-20 15:34: Train Epoch 756: 40/83 Loss: 0.014009
2026-05-20 15:34: Train Epoch 756: 60/83 Loss: 0.005497
2026-05-20 15:34: Train Epoch 756: 80/83 Loss: 0.009176
2026-05-20 15:34: **********Train Epoch 756: averaged Loss: 0.006356
2026-05-20 15:34: **********Val Epoch 756: average Loss: 0.025443
2026-05-20 15:34: Train Epoch 757: 0/83 Loss: 0.006483
2026-05-20 15:34: Train Epoch 757: 20/83 Loss: 0.002505
2026-05-20 15:34: Train Epoch 757: 40/83 Loss: 0.017025
2026-05-20 15:34: Train Epoch 757: 60/83 Loss: 0.006057
2026-05-20 15:34: Train Epoch 757: 80/83 Loss: 0.008855
2026-05-20 15:34: **********Train Epoch 757: averaged Loss: 0.006953
2026-05-20 15:34: **********Val Epoch 757: average Loss: 0.028801
2026-05-20 15:34: Train Epoch 758: 0/83 Loss: 0.014974
2026-05-20 15:34: Train Epoch 758: 20/83 Loss: 0.006319
2026-05-20 15:34: Train Epoch 758: 40/83 Loss: 0.013690
2026-05-20 15:34: Train Epoch 758: 60/83 Loss: 0.006855
2026-05-20 15:34: Train Epoch 758: 80/83 Loss: 0.009913
2026-05-20 15:34: **********Train Epoch 758: averaged Loss: 0.007237
2026-05-20 15:34: **********Val Epoch 758: average Loss: 0.028444
2026-05-20 15:34: Train Epoch 759: 0/83 Loss: 0.007087
2026-05-20 15:34: Train Epoch 759: 20/83 Loss: 0.002616
2026-05-20 15:34: Train Epoch 759: 40/83 Loss: 0.014705
2026-05-20 15:34: Train Epoch 759: 60/83 Loss: 0.007263
2026-05-20 15:34: Train Epoch 759: 80/83 Loss: 0.008267
2026-05-20 15:34: **********Train Epoch 759: averaged Loss: 0.006972
2026-05-20 15:34: **********Val Epoch 759: average Loss: 0.029246
2026-05-20 15:34: Train Epoch 760: 0/83 Loss: 0.008992
2026-05-20 15:34: Train Epoch 760: 20/83 Loss: 0.006447
2026-05-20 15:34: Train Epoch 760: 40/83 Loss: 0.013058
2026-05-20 15:34: Train Epoch 760: 60/83 Loss: 0.010884
2026-05-20 15:34: Train Epoch 760: 80/83 Loss: 0.007769
2026-05-20 15:34: **********Train Epoch 760: averaged Loss: 0.006714
2026-05-20 15:34: **********Val Epoch 760: average Loss: 0.032571
2026-05-20 15:34: Train Epoch 761: 0/83 Loss: 0.005755
2026-05-20 15:34: Train Epoch 761: 20/83 Loss: 0.002103
2026-05-20 15:34: Train Epoch 761: 40/83 Loss: 0.015490
2026-05-20 15:34: Train Epoch 761: 60/83 Loss: 0.008626
2026-05-20 15:34: Train Epoch 761: 80/83 Loss: 0.009485
2026-05-20 15:34: **********Train Epoch 761: averaged Loss: 0.006749
2026-05-20 15:34: **********Val Epoch 761: average Loss: 0.031221
2026-05-20 15:34: Train Epoch 762: 0/83 Loss: 0.008307
2026-05-20 15:34: Train Epoch 762: 20/83 Loss: 0.003358
2026-05-20 15:34: Train Epoch 762: 40/83 Loss: 0.016689
2026-05-20 15:34: Train Epoch 762: 60/83 Loss: 0.008495
2026-05-20 15:34: Train Epoch 762: 80/83 Loss: 0.010815
2026-05-20 15:34: **********Train Epoch 762: averaged Loss: 0.006641
2026-05-20 15:34: **********Val Epoch 762: average Loss: 0.027267
2026-05-20 15:34: Train Epoch 763: 0/83 Loss: 0.010831
2026-05-20 15:34: Train Epoch 763: 20/83 Loss: 0.002040
2026-05-20 15:34: Train Epoch 763: 40/83 Loss: 0.015301
2026-05-20 15:34: Train Epoch 763: 60/83 Loss: 0.005914
2026-05-20 15:34: Train Epoch 763: 80/83 Loss: 0.008055
2026-05-20 15:34: **********Train Epoch 763: averaged Loss: 0.006737
2026-05-20 15:34: **********Val Epoch 763: average Loss: 0.028627
2026-05-20 15:34: Train Epoch 764: 0/83 Loss: 0.013108
2026-05-20 15:34: Train Epoch 764: 20/83 Loss: 0.004125
2026-05-20 15:34: Train Epoch 764: 40/83 Loss: 0.012877
2026-05-20 15:34: Train Epoch 764: 60/83 Loss: 0.007041
2026-05-20 15:34: Train Epoch 764: 80/83 Loss: 0.007645
2026-05-20 15:34: **********Train Epoch 764: averaged Loss: 0.005902
2026-05-20 15:34: **********Val Epoch 764: average Loss: 0.024149
2026-05-20 15:34: Train Epoch 765: 0/83 Loss: 0.006134
2026-05-20 15:34: Train Epoch 765: 20/83 Loss: 0.002504
2026-05-20 15:34: Train Epoch 765: 40/83 Loss: 0.011762
2026-05-20 15:34: Train Epoch 765: 60/83 Loss: 0.006737
2026-05-20 15:34: Train Epoch 765: 80/83 Loss: 0.007327
2026-05-20 15:34: **********Train Epoch 765: averaged Loss: 0.005147
2026-05-20 15:34: **********Val Epoch 765: average Loss: 0.028331
2026-05-20 15:34: Train Epoch 766: 0/83 Loss: 0.010449
2026-05-20 15:34: Train Epoch 766: 20/83 Loss: 0.002273
2026-05-20 15:34: Train Epoch 766: 40/83 Loss: 0.012451
2026-05-20 15:34: Train Epoch 766: 60/83 Loss: 0.010103
2026-05-20 15:34: Train Epoch 766: 80/83 Loss: 0.008650
2026-05-20 15:34: **********Train Epoch 766: averaged Loss: 0.006562
2026-05-20 15:34: **********Val Epoch 766: average Loss: 0.028965
2026-05-20 15:34: Train Epoch 767: 0/83 Loss: 0.007341
2026-05-20 15:34: Train Epoch 767: 20/83 Loss: 0.004621
2026-05-20 15:34: Train Epoch 767: 40/83 Loss: 0.013121
2026-05-20 15:34: Train Epoch 767: 60/83 Loss: 0.006871
2026-05-20 15:34: Train Epoch 767: 80/83 Loss: 0.009881
2026-05-20 15:34: **********Train Epoch 767: averaged Loss: 0.006776
2026-05-20 15:34: **********Val Epoch 767: average Loss: 0.025093
2026-05-20 15:34: Train Epoch 768: 0/83 Loss: 0.011468
2026-05-20 15:34: Train Epoch 768: 20/83 Loss: 0.005199
2026-05-20 15:34: Train Epoch 768: 40/83 Loss: 0.012070
2026-05-20 15:34: Train Epoch 768: 60/83 Loss: 0.005734
2026-05-20 15:34: Train Epoch 768: 80/83 Loss: 0.006645
2026-05-20 15:34: **********Train Epoch 768: averaged Loss: 0.006723
2026-05-20 15:34: **********Val Epoch 768: average Loss: 0.021813
2026-05-20 15:34: Train Epoch 769: 0/83 Loss: 0.007430
2026-05-20 15:34: Train Epoch 769: 20/83 Loss: 0.002090
2026-05-20 15:34: Train Epoch 769: 40/83 Loss: 0.014488
2026-05-20 15:34: Train Epoch 769: 60/83 Loss: 0.005631
2026-05-20 15:34: Train Epoch 769: 80/83 Loss: 0.006962
2026-05-20 15:34: **********Train Epoch 769: averaged Loss: 0.005438
2026-05-20 15:34: **********Val Epoch 769: average Loss: 0.023066
2026-05-20 15:34: Train Epoch 770: 0/83 Loss: 0.007856
2026-05-20 15:34: Train Epoch 770: 20/83 Loss: 0.003171
2026-05-20 15:34: Train Epoch 770: 40/83 Loss: 0.012516
2026-05-20 15:34: Train Epoch 770: 60/83 Loss: 0.008893
2026-05-20 15:34: Train Epoch 770: 80/83 Loss: 0.007512
2026-05-20 15:34: **********Train Epoch 770: averaged Loss: 0.006388
2026-05-20 15:34: **********Val Epoch 770: average Loss: 0.025202
2026-05-20 15:34: Train Epoch 771: 0/83 Loss: 0.009301
2026-05-20 15:34: Train Epoch 771: 20/83 Loss: 0.006994
2026-05-20 15:34: Train Epoch 771: 40/83 Loss: 0.020166
2026-05-20 15:34: Train Epoch 771: 60/83 Loss: 0.006711
2026-05-20 15:34: Train Epoch 771: 80/83 Loss: 0.008135
2026-05-20 15:34: **********Train Epoch 771: averaged Loss: 0.007057
2026-05-20 15:34: **********Val Epoch 771: average Loss: 0.027129
2026-05-20 15:34: Train Epoch 772: 0/83 Loss: 0.009945
2026-05-20 15:35: Train Epoch 772: 20/83 Loss: 0.005420
2026-05-20 15:35: Train Epoch 772: 40/83 Loss: 0.021803
2026-05-20 15:35: Train Epoch 772: 60/83 Loss: 0.005914
2026-05-20 15:35: Train Epoch 772: 80/83 Loss: 0.007867
2026-05-20 15:35: **********Train Epoch 772: averaged Loss: 0.007288
2026-05-20 15:35: **********Val Epoch 772: average Loss: 0.026705
2026-05-20 15:35: Train Epoch 773: 0/83 Loss: 0.006636
2026-05-20 15:35: Train Epoch 773: 20/83 Loss: 0.003604
2026-05-20 15:35: Train Epoch 773: 40/83 Loss: 0.016941
2026-05-20 15:35: Train Epoch 773: 60/83 Loss: 0.006041
2026-05-20 15:35: Train Epoch 773: 80/83 Loss: 0.010816
2026-05-20 15:35: **********Train Epoch 773: averaged Loss: 0.007195
2026-05-20 15:35: **********Val Epoch 773: average Loss: 0.025120
2026-05-20 15:35: Train Epoch 774: 0/83 Loss: 0.007558
2026-05-20 15:35: Train Epoch 774: 20/83 Loss: 0.003046
2026-05-20 15:35: Train Epoch 774: 40/83 Loss: 0.021456
2026-05-20 15:35: Train Epoch 774: 60/83 Loss: 0.005742
2026-05-20 15:35: Train Epoch 774: 80/83 Loss: 0.008123
2026-05-20 15:35: **********Train Epoch 774: averaged Loss: 0.007114
2026-05-20 15:35: **********Val Epoch 774: average Loss: 0.024498
2026-05-20 15:35: Train Epoch 775: 0/83 Loss: 0.006903
2026-05-20 15:35: Train Epoch 775: 20/83 Loss: 0.003203
2026-05-20 15:35: Train Epoch 775: 40/83 Loss: 0.012395
2026-05-20 15:35: Train Epoch 775: 60/83 Loss: 0.006820
2026-05-20 15:35: Train Epoch 775: 80/83 Loss: 0.008083
2026-05-20 15:35: **********Train Epoch 775: averaged Loss: 0.006003
2026-05-20 15:35: **********Val Epoch 775: average Loss: 0.026491
2026-05-20 15:35: Train Epoch 776: 0/83 Loss: 0.009676
2026-05-20 15:35: Train Epoch 776: 20/83 Loss: 0.002621
2026-05-20 15:35: Train Epoch 776: 40/83 Loss: 0.013898
2026-05-20 15:35: Train Epoch 776: 60/83 Loss: 0.008345
2026-05-20 15:35: Train Epoch 776: 80/83 Loss: 0.008155
2026-05-20 15:35: **********Train Epoch 776: averaged Loss: 0.006245
2026-05-20 15:35: **********Val Epoch 776: average Loss: 0.027548
2026-05-20 15:35: Train Epoch 777: 0/83 Loss: 0.009336
2026-05-20 15:35: Train Epoch 777: 20/83 Loss: 0.002854
2026-05-20 15:35: Train Epoch 777: 40/83 Loss: 0.012966
2026-05-20 15:35: Train Epoch 777: 60/83 Loss: 0.009673
2026-05-20 15:35: Train Epoch 777: 80/83 Loss: 0.008793
2026-05-20 15:35: **********Train Epoch 777: averaged Loss: 0.006402
2026-05-20 15:35: **********Val Epoch 777: average Loss: 0.024618
2026-05-20 15:35: Train Epoch 778: 0/83 Loss: 0.007919
2026-05-20 15:35: Train Epoch 778: 20/83 Loss: 0.002687
2026-05-20 15:35: Train Epoch 778: 40/83 Loss: 0.011362
2026-05-20 15:35: Train Epoch 778: 60/83 Loss: 0.009798
2026-05-20 15:35: Train Epoch 778: 80/83 Loss: 0.007038
2026-05-20 15:35: **********Train Epoch 778: averaged Loss: 0.006273
2026-05-20 15:35: **********Val Epoch 778: average Loss: 0.022474
2026-05-20 15:35: Train Epoch 779: 0/83 Loss: 0.006729
2026-05-20 15:35: Train Epoch 779: 20/83 Loss: 0.003083
2026-05-20 15:35: Train Epoch 779: 40/83 Loss: 0.012231
2026-05-20 15:35: Train Epoch 779: 60/83 Loss: 0.010313
2026-05-20 15:35: Train Epoch 779: 80/83 Loss: 0.007953
2026-05-20 15:35: **********Train Epoch 779: averaged Loss: 0.006247
2026-05-20 15:35: **********Val Epoch 779: average Loss: 0.023611
2026-05-20 15:35: Train Epoch 780: 0/83 Loss: 0.007919
2026-05-20 15:35: Train Epoch 780: 20/83 Loss: 0.006066
2026-05-20 15:35: Train Epoch 780: 40/83 Loss: 0.017045
2026-05-20 15:35: Train Epoch 780: 60/83 Loss: 0.006740
2026-05-20 15:35: Train Epoch 780: 80/83 Loss: 0.012163
2026-05-20 15:35: **********Train Epoch 780: averaged Loss: 0.007028
2026-05-20 15:35: **********Val Epoch 780: average Loss: 0.023392
2026-05-20 15:35: Train Epoch 781: 0/83 Loss: 0.009858
2026-05-20 15:35: Train Epoch 781: 20/83 Loss: 0.005657
2026-05-20 15:35: Train Epoch 781: 40/83 Loss: 0.012416
2026-05-20 15:35: Train Epoch 781: 60/83 Loss: 0.006205
2026-05-20 15:35: Train Epoch 781: 80/83 Loss: 0.017858
2026-05-20 15:35: **********Train Epoch 781: averaged Loss: 0.008801
2026-05-20 15:35: **********Val Epoch 781: average Loss: 0.028448
2026-05-20 15:35: Train Epoch 782: 0/83 Loss: 0.009095
2026-05-20 15:35: Train Epoch 782: 20/83 Loss: 0.002875
2026-05-20 15:35: Train Epoch 782: 40/83 Loss: 0.014684
2026-05-20 15:35: Train Epoch 782: 60/83 Loss: 0.005735
2026-05-20 15:35: Train Epoch 782: 80/83 Loss: 0.007621
2026-05-20 15:35: **********Train Epoch 782: averaged Loss: 0.007303
2026-05-20 15:35: **********Val Epoch 782: average Loss: 0.023122
2026-05-20 15:35: Train Epoch 783: 0/83 Loss: 0.010092
2026-05-20 15:35: Train Epoch 783: 20/83 Loss: 0.002600
2026-05-20 15:35: Train Epoch 783: 40/83 Loss: 0.014953
2026-05-20 15:35: Train Epoch 783: 60/83 Loss: 0.007621
2026-05-20 15:35: Train Epoch 783: 80/83 Loss: 0.007095
2026-05-20 15:35: **********Train Epoch 783: averaged Loss: 0.006534
2026-05-20 15:35: **********Val Epoch 783: average Loss: 0.024087
2026-05-20 15:35: Train Epoch 784: 0/83 Loss: 0.013207
2026-05-20 15:35: Train Epoch 784: 20/83 Loss: 0.002319
2026-05-20 15:35: Train Epoch 784: 40/83 Loss: 0.012915
2026-05-20 15:35: Train Epoch 784: 60/83 Loss: 0.005794
2026-05-20 15:35: Train Epoch 784: 80/83 Loss: 0.010067
2026-05-20 15:35: **********Train Epoch 784: averaged Loss: 0.006552
2026-05-20 15:35: **********Val Epoch 784: average Loss: 0.026726
2026-05-20 15:35: Train Epoch 785: 0/83 Loss: 0.014547
2026-05-20 15:35: Train Epoch 785: 20/83 Loss: 0.002075
2026-05-20 15:35: Train Epoch 785: 40/83 Loss: 0.014199
2026-05-20 15:35: Train Epoch 785: 60/83 Loss: 0.007088
2026-05-20 15:35: Train Epoch 785: 80/83 Loss: 0.010345
2026-05-20 15:35: **********Train Epoch 785: averaged Loss: 0.007161
2026-05-20 15:35: **********Val Epoch 785: average Loss: 0.027989
2026-05-20 15:35: Train Epoch 786: 0/83 Loss: 0.010081
2026-05-20 15:35: Train Epoch 786: 20/83 Loss: 0.004563
2026-05-20 15:35: Train Epoch 786: 40/83 Loss: 0.011405
2026-05-20 15:35: Train Epoch 786: 60/83 Loss: 0.005764
2026-05-20 15:35: Train Epoch 786: 80/83 Loss: 0.011582
2026-05-20 15:35: **********Train Epoch 786: averaged Loss: 0.006428
2026-05-20 15:35: **********Val Epoch 786: average Loss: 0.029045
2026-05-20 15:35: Train Epoch 787: 0/83 Loss: 0.012078
2026-05-20 15:35: Train Epoch 787: 20/83 Loss: 0.002414
2026-05-20 15:35: Train Epoch 787: 40/83 Loss: 0.011923
2026-05-20 15:36: Train Epoch 787: 60/83 Loss: 0.005292
2026-05-20 15:36: Train Epoch 787: 80/83 Loss: 0.010509
2026-05-20 15:36: **********Train Epoch 787: averaged Loss: 0.007408
2026-05-20 15:36: **********Val Epoch 787: average Loss: 0.026911
2026-05-20 15:36: Train Epoch 788: 0/83 Loss: 0.008812
2026-05-20 15:36: Train Epoch 788: 20/83 Loss: 0.002206
2026-05-20 15:36: Train Epoch 788: 40/83 Loss: 0.011219
2026-05-20 15:36: Train Epoch 788: 60/83 Loss: 0.005322
2026-05-20 15:36: Train Epoch 788: 80/83 Loss: 0.007999
2026-05-20 15:36: **********Train Epoch 788: averaged Loss: 0.007150
2026-05-20 15:36: **********Val Epoch 788: average Loss: 0.024461
2026-05-20 15:36: Train Epoch 789: 0/83 Loss: 0.014278
2026-05-20 15:36: Train Epoch 789: 20/83 Loss: 0.005208
2026-05-20 15:36: Train Epoch 789: 40/83 Loss: 0.011602
2026-05-20 15:36: Train Epoch 789: 60/83 Loss: 0.005949
2026-05-20 15:36: Train Epoch 789: 80/83 Loss: 0.008349
2026-05-20 15:36: **********Train Epoch 789: averaged Loss: 0.008107
2026-05-20 15:36: **********Val Epoch 789: average Loss: 0.024935
2026-05-20 15:36: Train Epoch 790: 0/83 Loss: 0.006352
2026-05-20 15:36: Train Epoch 790: 20/83 Loss: 0.003261
2026-05-20 15:36: Train Epoch 790: 40/83 Loss: 0.013017
2026-05-20 15:36: Train Epoch 790: 60/83 Loss: 0.005645
2026-05-20 15:36: Train Epoch 790: 80/83 Loss: 0.008495
2026-05-20 15:36: **********Train Epoch 790: averaged Loss: 0.006655
2026-05-20 15:36: **********Val Epoch 790: average Loss: 0.027866
2026-05-20 15:36: Train Epoch 791: 0/83 Loss: 0.008212
2026-05-20 15:36: Train Epoch 791: 20/83 Loss: 0.002485
2026-05-20 15:36: Train Epoch 791: 40/83 Loss: 0.012895
2026-05-20 15:36: Train Epoch 791: 60/83 Loss: 0.005186
2026-05-20 15:36: Train Epoch 791: 80/83 Loss: 0.007876
2026-05-20 15:36: **********Train Epoch 791: averaged Loss: 0.005801
2026-05-20 15:36: **********Val Epoch 791: average Loss: 0.023947
2026-05-20 15:36: Train Epoch 792: 0/83 Loss: 0.006319
2026-05-20 15:36: Train Epoch 792: 20/83 Loss: 0.002931
2026-05-20 15:36: Train Epoch 792: 40/83 Loss: 0.010995
2026-05-20 15:36: Train Epoch 792: 60/83 Loss: 0.005213
2026-05-20 15:36: Train Epoch 792: 80/83 Loss: 0.007762
2026-05-20 15:36: **********Train Epoch 792: averaged Loss: 0.005838
2026-05-20 15:36: **********Val Epoch 792: average Loss: 0.028464
2026-05-20 15:36: Train Epoch 793: 0/83 Loss: 0.009928
2026-05-20 15:36: Train Epoch 793: 20/83 Loss: 0.002761
2026-05-20 15:36: Train Epoch 793: 40/83 Loss: 0.011374
2026-05-20 15:36: Train Epoch 793: 60/83 Loss: 0.007684
2026-05-20 15:36: Train Epoch 793: 80/83 Loss: 0.009653
2026-05-20 15:36: **********Train Epoch 793: averaged Loss: 0.006441
2026-05-20 15:36: **********Val Epoch 793: average Loss: 0.024564
2026-05-20 15:36: Train Epoch 794: 0/83 Loss: 0.007270
2026-05-20 15:36: Train Epoch 794: 20/83 Loss: 0.003547
2026-05-20 15:36: Train Epoch 794: 40/83 Loss: 0.012446
2026-05-20 15:36: Train Epoch 794: 60/83 Loss: 0.011485
2026-05-20 15:36: Train Epoch 794: 80/83 Loss: 0.008192
2026-05-20 15:36: **********Train Epoch 794: averaged Loss: 0.006266
2026-05-20 15:36: **********Val Epoch 794: average Loss: 0.026518
2026-05-20 15:36: Train Epoch 795: 0/83 Loss: 0.006560
2026-05-20 15:36: Train Epoch 795: 20/83 Loss: 0.002210
2026-05-20 15:36: Train Epoch 795: 40/83 Loss: 0.017433
2026-05-20 15:36: Train Epoch 795: 60/83 Loss: 0.006001
2026-05-20 15:36: Train Epoch 795: 80/83 Loss: 0.010020
2026-05-20 15:36: **********Train Epoch 795: averaged Loss: 0.006620
2026-05-20 15:36: **********Val Epoch 795: average Loss: 0.025614
2026-05-20 15:36: Train Epoch 796: 0/83 Loss: 0.012246
2026-05-20 15:36: Train Epoch 796: 20/83 Loss: 0.002344
2026-05-20 15:36: Train Epoch 796: 40/83 Loss: 0.009915
2026-05-20 15:36: Train Epoch 796: 60/83 Loss: 0.008216
2026-05-20 15:36: Train Epoch 796: 80/83 Loss: 0.009973
2026-05-20 15:36: **********Train Epoch 796: averaged Loss: 0.008013
2026-05-20 15:36: **********Val Epoch 796: average Loss: 0.026683
2026-05-20 15:36: Train Epoch 797: 0/83 Loss: 0.017290
2026-05-20 15:36: Train Epoch 797: 20/83 Loss: 0.002873
2026-05-20 15:36: Train Epoch 797: 40/83 Loss: 0.014163
2026-05-20 15:36: Train Epoch 797: 60/83 Loss: 0.006368
2026-05-20 15:36: Train Epoch 797: 80/83 Loss: 0.010282
2026-05-20 15:36: **********Train Epoch 797: averaged Loss: 0.006987
2026-05-20 15:36: **********Val Epoch 797: average Loss: 0.026838
2026-05-20 15:36: Train Epoch 798: 0/83 Loss: 0.008806
2026-05-20 15:36: Train Epoch 798: 20/83 Loss: 0.002536
2026-05-20 15:36: Train Epoch 798: 40/83 Loss: 0.011249
2026-05-20 15:36: Train Epoch 798: 60/83 Loss: 0.005565
2026-05-20 15:36: Train Epoch 798: 80/83 Loss: 0.008470
2026-05-20 15:36: **********Train Epoch 798: averaged Loss: 0.007417
2026-05-20 15:36: **********Val Epoch 798: average Loss: 0.025600
2026-05-20 15:36: Train Epoch 799: 0/83 Loss: 0.009600
2026-05-20 15:36: Train Epoch 799: 20/83 Loss: 0.003021
2026-05-20 15:36: Train Epoch 799: 40/83 Loss: 0.014052
2026-05-20 15:36: Train Epoch 799: 60/83 Loss: 0.005348
2026-05-20 15:36: Train Epoch 799: 80/83 Loss: 0.010187
2026-05-20 15:36: **********Train Epoch 799: averaged Loss: 0.006308
2026-05-20 15:36: **********Val Epoch 799: average Loss: 0.024648
2026-05-20 15:36: Train Epoch 800: 0/83 Loss: 0.011728
2026-05-20 15:36: Train Epoch 800: 20/83 Loss: 0.002950
2026-05-20 15:36: Train Epoch 800: 40/83 Loss: 0.012027
2026-05-20 15:36: Train Epoch 800: 60/83 Loss: 0.005190
2026-05-20 15:36: Train Epoch 800: 80/83 Loss: 0.009334
2026-05-20 15:36: **********Train Epoch 800: averaged Loss: 0.005883
2026-05-20 15:36: **********Val Epoch 800: average Loss: 0.026594
2026-05-20 15:36: Train Epoch 801: 0/83 Loss: 0.006098
2026-05-20 15:36: Train Epoch 801: 20/83 Loss: 0.005603
2026-05-20 15:36: Train Epoch 801: 40/83 Loss: 0.012502
2026-05-20 15:36: Train Epoch 801: 60/83 Loss: 0.006525
2026-05-20 15:36: Train Epoch 801: 80/83 Loss: 0.008036
2026-05-20 15:36: **********Train Epoch 801: averaged Loss: 0.005827
2026-05-20 15:36: **********Val Epoch 801: average Loss: 0.022905
2026-05-20 15:36: Train Epoch 802: 0/83 Loss: 0.009401
2026-05-20 15:36: Train Epoch 802: 20/83 Loss: 0.004697
2026-05-20 15:36: Train Epoch 802: 40/83 Loss: 0.009694
2026-05-20 15:36: Train Epoch 802: 60/83 Loss: 0.006508
2026-05-20 15:36: Train Epoch 802: 80/83 Loss: 0.008901
2026-05-20 15:36: **********Train Epoch 802: averaged Loss: 0.006050
2026-05-20 15:36: **********Val Epoch 802: average Loss: 0.028573
2026-05-20 15:36: Train Epoch 803: 0/83 Loss: 0.008232
2026-05-20 15:36: Train Epoch 803: 20/83 Loss: 0.006499
2026-05-20 15:37: Train Epoch 803: 40/83 Loss: 0.012389
2026-05-20 15:37: Train Epoch 803: 60/83 Loss: 0.006840
2026-05-20 15:37: Train Epoch 803: 80/83 Loss: 0.007235
2026-05-20 15:37: **********Train Epoch 803: averaged Loss: 0.006492
2026-05-20 15:37: **********Val Epoch 803: average Loss: 0.030736
2026-05-20 15:37: Train Epoch 804: 0/83 Loss: 0.007956
2026-05-20 15:37: Train Epoch 804: 20/83 Loss: 0.007337
2026-05-20 15:37: Train Epoch 804: 40/83 Loss: 0.011206
2026-05-20 15:37: Train Epoch 804: 60/83 Loss: 0.014263
2026-05-20 15:37: Train Epoch 804: 80/83 Loss: 0.009777
2026-05-20 15:37: **********Train Epoch 804: averaged Loss: 0.007025
2026-05-20 15:37: **********Val Epoch 804: average Loss: 0.038987
2026-05-20 15:37: Train Epoch 805: 0/83 Loss: 0.014320
2026-05-20 15:37: Train Epoch 805: 20/83 Loss: 0.009472
2026-05-20 15:37: Train Epoch 805: 40/83 Loss: 0.023458
2026-05-20 15:37: Train Epoch 805: 60/83 Loss: 0.006831
2026-05-20 15:37: Train Epoch 805: 80/83 Loss: 0.013750
2026-05-20 15:37: **********Train Epoch 805: averaged Loss: 0.008974
2026-05-20 15:37: **********Val Epoch 805: average Loss: 0.037126
2026-05-20 15:37: Train Epoch 806: 0/83 Loss: 0.008636
2026-05-20 15:37: Train Epoch 806: 20/83 Loss: 0.003675
2026-05-20 15:37: Train Epoch 806: 40/83 Loss: 0.017364
2026-05-20 15:37: Train Epoch 806: 60/83 Loss: 0.007441
2026-05-20 15:37: Train Epoch 806: 80/83 Loss: 0.014567
2026-05-20 15:37: **********Train Epoch 806: averaged Loss: 0.006609
2026-05-20 15:37: **********Val Epoch 806: average Loss: 0.020923
2026-05-20 15:37: Train Epoch 807: 0/83 Loss: 0.015040
2026-05-20 15:37: Train Epoch 807: 20/83 Loss: 0.008915
2026-05-20 15:37: Train Epoch 807: 40/83 Loss: 0.011695
2026-05-20 15:37: Train Epoch 807: 60/83 Loss: 0.005429
2026-05-20 15:37: Train Epoch 807: 80/83 Loss: 0.010426
2026-05-20 15:37: **********Train Epoch 807: averaged Loss: 0.008080
2026-05-20 15:37: **********Val Epoch 807: average Loss: 0.026161
2026-05-20 15:37: Train Epoch 808: 0/83 Loss: 0.009496
2026-05-20 15:37: Train Epoch 808: 20/83 Loss: 0.008096
2026-05-20 15:37: Train Epoch 808: 40/83 Loss: 0.013444
2026-05-20 15:37: Train Epoch 808: 60/83 Loss: 0.008163
2026-05-20 15:37: Train Epoch 808: 80/83 Loss: 0.009005
2026-05-20 15:37: **********Train Epoch 808: averaged Loss: 0.007290
2026-05-20 15:37: **********Val Epoch 808: average Loss: 0.021375
2026-05-20 15:37: Train Epoch 809: 0/83 Loss: 0.007402
2026-05-20 15:37: Train Epoch 809: 20/83 Loss: 0.004574
2026-05-20 15:37: Train Epoch 809: 40/83 Loss: 0.010979
2026-05-20 15:37: Train Epoch 809: 60/83 Loss: 0.008650
2026-05-20 15:37: Train Epoch 809: 80/83 Loss: 0.007840
2026-05-20 15:37: **********Train Epoch 809: averaged Loss: 0.007837
2026-05-20 15:37: **********Val Epoch 809: average Loss: 0.028625
2026-05-20 15:37: Train Epoch 810: 0/83 Loss: 0.006255
2026-05-20 15:37: Train Epoch 810: 20/83 Loss: 0.005588
2026-05-20 15:37: Train Epoch 810: 40/83 Loss: 0.011902
2026-05-20 15:37: Train Epoch 810: 60/83 Loss: 0.007190
2026-05-20 15:37: Train Epoch 810: 80/83 Loss: 0.007630
2026-05-20 15:37: **********Train Epoch 810: averaged Loss: 0.006715
2026-05-20 15:37: **********Val Epoch 810: average Loss: 0.029917
2026-05-20 15:37: Train Epoch 811: 0/83 Loss: 0.009030
2026-05-20 15:37: Train Epoch 811: 20/83 Loss: 0.003510
2026-05-20 15:37: Train Epoch 811: 40/83 Loss: 0.012027
2026-05-20 15:37: Train Epoch 811: 60/83 Loss: 0.014407
2026-05-20 15:37: Train Epoch 811: 80/83 Loss: 0.008168
2026-05-20 15:37: **********Train Epoch 811: averaged Loss: 0.007550
2026-05-20 15:37: **********Val Epoch 811: average Loss: 0.027385
2026-05-20 15:37: Train Epoch 812: 0/83 Loss: 0.011089
2026-05-20 15:37: Train Epoch 812: 20/83 Loss: 0.003696
2026-05-20 15:37: Train Epoch 812: 40/83 Loss: 0.013490
2026-05-20 15:37: Train Epoch 812: 60/83 Loss: 0.007902
2026-05-20 15:37: Train Epoch 812: 80/83 Loss: 0.009381
2026-05-20 15:37: **********Train Epoch 812: averaged Loss: 0.007374
2026-05-20 15:37: **********Val Epoch 812: average Loss: 0.036219
2026-05-20 15:37: Train Epoch 813: 0/83 Loss: 0.008409
2026-05-20 15:37: Train Epoch 813: 20/83 Loss: 0.002737
2026-05-20 15:37: Train Epoch 813: 40/83 Loss: 0.015566
2026-05-20 15:37: Train Epoch 813: 60/83 Loss: 0.012655
2026-05-20 15:37: Train Epoch 813: 80/83 Loss: 0.008625
2026-05-20 15:37: **********Train Epoch 813: averaged Loss: 0.006979
2026-05-20 15:37: **********Val Epoch 813: average Loss: 0.033476
2026-05-20 15:37: Train Epoch 814: 0/83 Loss: 0.006816
2026-05-20 15:37: Train Epoch 814: 20/83 Loss: 0.006028
2026-05-20 15:37: Train Epoch 814: 40/83 Loss: 0.026640
2026-05-20 15:37: Train Epoch 814: 60/83 Loss: 0.006469
2026-05-20 15:37: Train Epoch 814: 80/83 Loss: 0.009945
2026-05-20 15:37: **********Train Epoch 814: averaged Loss: 0.007224
2026-05-20 15:37: **********Val Epoch 814: average Loss: 0.041075
2026-05-20 15:37: Train Epoch 815: 0/83 Loss: 0.013151
2026-05-20 15:37: Train Epoch 815: 20/83 Loss: 0.007577
2026-05-20 15:37: Train Epoch 815: 40/83 Loss: 0.012463
2026-05-20 15:37: Train Epoch 815: 60/83 Loss: 0.007638
2026-05-20 15:37: Train Epoch 815: 80/83 Loss: 0.007824
2026-05-20 15:37: **********Train Epoch 815: averaged Loss: 0.006272
2026-05-20 15:37: **********Val Epoch 815: average Loss: 0.023338
2026-05-20 15:37: Train Epoch 816: 0/83 Loss: 0.009568
2026-05-20 15:37: Train Epoch 816: 20/83 Loss: 0.002700
2026-05-20 15:37: Train Epoch 816: 40/83 Loss: 0.012139
2026-05-20 15:37: Train Epoch 816: 60/83 Loss: 0.006545
2026-05-20 15:37: Train Epoch 816: 80/83 Loss: 0.012083
2026-05-20 15:37: **********Train Epoch 816: averaged Loss: 0.006796
2026-05-20 15:37: **********Val Epoch 816: average Loss: 0.030079
2026-05-20 15:37: Train Epoch 817: 0/83 Loss: 0.007214
2026-05-20 15:37: Train Epoch 817: 20/83 Loss: 0.010202
2026-05-20 15:37: Train Epoch 817: 40/83 Loss: 0.014187
2026-05-20 15:37: Train Epoch 817: 60/83 Loss: 0.007862
2026-05-20 15:37: Train Epoch 817: 80/83 Loss: 0.009255
2026-05-20 15:37: **********Train Epoch 817: averaged Loss: 0.007281
2026-05-20 15:37: **********Val Epoch 817: average Loss: 0.028002
2026-05-20 15:37: Train Epoch 818: 0/83 Loss: 0.006569
2026-05-20 15:37: Train Epoch 818: 20/83 Loss: 0.006629
2026-05-20 15:37: Train Epoch 818: 40/83 Loss: 0.010920
2026-05-20 15:37: Train Epoch 818: 60/83 Loss: 0.005832
2026-05-20 15:37: Train Epoch 818: 80/83 Loss: 0.007657
2026-05-20 15:37: **********Train Epoch 818: averaged Loss: 0.007450
2026-05-20 15:37: **********Val Epoch 818: average Loss: 0.037209
2026-05-20 15:37: Train Epoch 819: 0/83 Loss: 0.010280
2026-05-20 15:37: Train Epoch 819: 20/83 Loss: 0.010579
2026-05-20 15:37: Train Epoch 819: 40/83 Loss: 0.011073
2026-05-20 15:37: Train Epoch 819: 60/83 Loss: 0.008362
2026-05-20 15:38: Train Epoch 819: 80/83 Loss: 0.008069
2026-05-20 15:38: **********Train Epoch 819: averaged Loss: 0.010001
2026-05-20 15:38: **********Val Epoch 819: average Loss: 0.035159
2026-05-20 15:38: Train Epoch 820: 0/83 Loss: 0.005686
2026-05-20 15:38: Train Epoch 820: 20/83 Loss: 0.002905
2026-05-20 15:38: Train Epoch 820: 40/83 Loss: 0.013517
2026-05-20 15:38: Train Epoch 820: 60/83 Loss: 0.014228
2026-05-20 15:38: Train Epoch 820: 80/83 Loss: 0.007833
2026-05-20 15:38: **********Train Epoch 820: averaged Loss: 0.006787
2026-05-20 15:38: **********Val Epoch 820: average Loss: 0.034946
2026-05-20 15:38: Train Epoch 821: 0/83 Loss: 0.007223
2026-05-20 15:38: Train Epoch 821: 20/83 Loss: 0.003484
2026-05-20 15:38: Train Epoch 821: 40/83 Loss: 0.028597
2026-05-20 15:38: Train Epoch 821: 60/83 Loss: 0.014505
2026-05-20 15:38: Train Epoch 821: 80/83 Loss: 0.007427
2026-05-20 15:38: **********Train Epoch 821: averaged Loss: 0.009033
2026-05-20 15:38: **********Val Epoch 821: average Loss: 0.032700
2026-05-20 15:38: Train Epoch 822: 0/83 Loss: 0.010060
2026-05-20 15:38: Train Epoch 822: 20/83 Loss: 0.003632
2026-05-20 15:38: Train Epoch 822: 40/83 Loss: 0.013976
2026-05-20 15:38: Train Epoch 822: 60/83 Loss: 0.009555
2026-05-20 15:38: Train Epoch 822: 80/83 Loss: 0.016917
2026-05-20 15:38: **********Train Epoch 822: averaged Loss: 0.006865
2026-05-20 15:38: **********Val Epoch 822: average Loss: 0.026304
2026-05-20 15:38: Train Epoch 823: 0/83 Loss: 0.011618
2026-05-20 15:38: Train Epoch 823: 20/83 Loss: 0.002707
2026-05-20 15:38: Train Epoch 823: 40/83 Loss: 0.012996
2026-05-20 15:38: Train Epoch 823: 60/83 Loss: 0.010111
2026-05-20 15:38: Train Epoch 823: 80/83 Loss: 0.008692
2026-05-20 15:38: **********Train Epoch 823: averaged Loss: 0.007450
2026-05-20 15:38: **********Val Epoch 823: average Loss: 0.036200
2026-05-20 15:38: Train Epoch 824: 0/83 Loss: 0.008798
2026-05-20 15:38: Train Epoch 824: 20/83 Loss: 0.002554
2026-05-20 15:38: Train Epoch 824: 40/83 Loss: 0.023396
2026-05-20 15:38: Train Epoch 824: 60/83 Loss: 0.006678
2026-05-20 15:38: Train Epoch 824: 80/83 Loss: 0.007426
2026-05-20 15:38: **********Train Epoch 824: averaged Loss: 0.006989
2026-05-20 15:38: **********Val Epoch 824: average Loss: 0.032006
2026-05-20 15:38: Train Epoch 825: 0/83 Loss: 0.007812
2026-05-20 15:38: Train Epoch 825: 20/83 Loss: 0.009124
2026-05-20 15:38: Train Epoch 825: 40/83 Loss: 0.013552
2026-05-20 15:38: Train Epoch 825: 60/83 Loss: 0.007151
2026-05-20 15:38: Train Epoch 825: 80/83 Loss: 0.009318
2026-05-20 15:38: **********Train Epoch 825: averaged Loss: 0.007913
2026-05-20 15:38: **********Val Epoch 825: average Loss: 0.033008
2026-05-20 15:38: Train Epoch 826: 0/83 Loss: 0.006729
2026-05-20 15:38: Train Epoch 826: 20/83 Loss: 0.003968
2026-05-20 15:38: Train Epoch 826: 40/83 Loss: 0.010813
2026-05-20 15:38: Train Epoch 826: 60/83 Loss: 0.007810
2026-05-20 15:38: Train Epoch 826: 80/83 Loss: 0.012438
2026-05-20 15:38: **********Train Epoch 826: averaged Loss: 0.006782
2026-05-20 15:38: **********Val Epoch 826: average Loss: 0.032398
2026-05-20 15:38: Train Epoch 827: 0/83 Loss: 0.006939
2026-05-20 15:38: Train Epoch 827: 20/83 Loss: 0.003586
2026-05-20 15:38: Train Epoch 827: 40/83 Loss: 0.013141
2026-05-20 15:38: Train Epoch 827: 60/83 Loss: 0.005794
2026-05-20 15:38: Train Epoch 827: 80/83 Loss: 0.007568
2026-05-20 15:38: **********Train Epoch 827: averaged Loss: 0.006706
2026-05-20 15:38: **********Val Epoch 827: average Loss: 0.039132
2026-05-20 15:38: Train Epoch 828: 0/83 Loss: 0.008450
2026-05-20 15:38: Train Epoch 828: 20/83 Loss: 0.009414
2026-05-20 15:38: Train Epoch 828: 40/83 Loss: 0.011686
2026-05-20 15:38: Train Epoch 828: 60/83 Loss: 0.010680
2026-05-20 15:38: Train Epoch 828: 80/83 Loss: 0.007336
2026-05-20 15:38: **********Train Epoch 828: averaged Loss: 0.006841
2026-05-20 15:38: **********Val Epoch 828: average Loss: 0.040654
2026-05-20 15:38: Train Epoch 829: 0/83 Loss: 0.007474
2026-05-20 15:38: Train Epoch 829: 20/83 Loss: 0.006936
2026-05-20 15:38: Train Epoch 829: 40/83 Loss: 0.023127
2026-05-20 15:38: Train Epoch 829: 60/83 Loss: 0.010443
2026-05-20 15:38: Train Epoch 829: 80/83 Loss: 0.013187
2026-05-20 15:38: **********Train Epoch 829: averaged Loss: 0.008977
2026-05-20 15:38: **********Val Epoch 829: average Loss: 0.040713
2026-05-20 15:38: Train Epoch 830: 0/83 Loss: 0.014714
2026-05-20 15:38: Train Epoch 830: 20/83 Loss: 0.003137
2026-05-20 15:38: Train Epoch 830: 40/83 Loss: 0.011133
2026-05-20 15:38: Train Epoch 830: 60/83 Loss: 0.006435
2026-05-20 15:38: Train Epoch 830: 80/83 Loss: 0.013133
2026-05-20 15:38: **********Train Epoch 830: averaged Loss: 0.007638
2026-05-20 15:38: **********Val Epoch 830: average Loss: 0.024615
2026-05-20 15:38: Train Epoch 831: 0/83 Loss: 0.010053
2026-05-20 15:38: Train Epoch 831: 20/83 Loss: 0.007437
2026-05-20 15:38: Train Epoch 831: 40/83 Loss: 0.014366
2026-05-20 15:38: Train Epoch 831: 60/83 Loss: 0.006540
2026-05-20 15:38: Train Epoch 831: 80/83 Loss: 0.008289
2026-05-20 15:38: **********Train Epoch 831: averaged Loss: 0.008157
2026-05-20 15:38: **********Val Epoch 831: average Loss: 0.036829
2026-05-20 15:38: Train Epoch 832: 0/83 Loss: 0.015171
2026-05-20 15:38: Train Epoch 832: 20/83 Loss: 0.006038
2026-05-20 15:38: Train Epoch 832: 40/83 Loss: 0.012769
2026-05-20 15:38: Train Epoch 832: 60/83 Loss: 0.005529
2026-05-20 15:38: Train Epoch 832: 80/83 Loss: 0.008026
2026-05-20 15:38: **********Train Epoch 832: averaged Loss: 0.006642
2026-05-20 15:38: **********Val Epoch 832: average Loss: 0.028468
2026-05-20 15:38: Train Epoch 833: 0/83 Loss: 0.006396
2026-05-20 15:38: Train Epoch 833: 20/83 Loss: 0.002444
2026-05-20 15:38: Train Epoch 833: 40/83 Loss: 0.010915
2026-05-20 15:38: Train Epoch 833: 60/83 Loss: 0.006060
2026-05-20 15:38: Train Epoch 833: 80/83 Loss: 0.007278
2026-05-20 15:38: **********Train Epoch 833: averaged Loss: 0.006514
2026-05-20 15:38: **********Val Epoch 833: average Loss: 0.033594
2026-05-20 15:38: Train Epoch 834: 0/83 Loss: 0.013083
2026-05-20 15:38: Train Epoch 834: 20/83 Loss: 0.002307
2026-05-20 15:38: Train Epoch 834: 40/83 Loss: 0.010502
2026-05-20 15:38: Train Epoch 834: 60/83 Loss: 0.007167
2026-05-20 15:38: Train Epoch 834: 80/83 Loss: 0.008874
2026-05-20 15:38: **********Train Epoch 834: averaged Loss: 0.007140
2026-05-20 15:38: **********Val Epoch 834: average Loss: 0.023270
2026-05-20 15:38: Train Epoch 835: 0/83 Loss: 0.006752
2026-05-20 15:38: Train Epoch 835: 20/83 Loss: 0.004614
2026-05-20 15:38: Train Epoch 835: 40/83 Loss: 0.012116
2026-05-20 15:39: Train Epoch 835: 60/83 Loss: 0.005759
2026-05-20 15:39: Train Epoch 835: 80/83 Loss: 0.006990
2026-05-20 15:39: **********Train Epoch 835: averaged Loss: 0.006441
2026-05-20 15:39: **********Val Epoch 835: average Loss: 0.032861
2026-05-20 15:39: Train Epoch 836: 0/83 Loss: 0.015467
2026-05-20 15:39: Train Epoch 836: 20/83 Loss: 0.008730
2026-05-20 15:39: Train Epoch 836: 40/83 Loss: 0.011895
2026-05-20 15:39: Train Epoch 836: 60/83 Loss: 0.005714
2026-05-20 15:39: Train Epoch 836: 80/83 Loss: 0.009137
2026-05-20 15:39: **********Train Epoch 836: averaged Loss: 0.007978
2026-05-20 15:39: **********Val Epoch 836: average Loss: 0.027782
2026-05-20 15:39: Train Epoch 837: 0/83 Loss: 0.006770
2026-05-20 15:39: Train Epoch 837: 20/83 Loss: 0.005908
2026-05-20 15:39: Train Epoch 837: 40/83 Loss: 0.013574
2026-05-20 15:39: Train Epoch 837: 60/83 Loss: 0.006490
2026-05-20 15:39: Train Epoch 837: 80/83 Loss: 0.008456
2026-05-20 15:39: **********Train Epoch 837: averaged Loss: 0.006350
2026-05-20 15:39: **********Val Epoch 837: average Loss: 0.028859
2026-05-20 15:39: Train Epoch 838: 0/83 Loss: 0.014962
2026-05-20 15:39: Train Epoch 838: 20/83 Loss: 0.003083
2026-05-20 15:39: Train Epoch 838: 40/83 Loss: 0.011257
2026-05-20 15:39: Train Epoch 838: 60/83 Loss: 0.005226
2026-05-20 15:39: Train Epoch 838: 80/83 Loss: 0.009172
2026-05-20 15:39: **********Train Epoch 838: averaged Loss: 0.006751
2026-05-20 15:39: **********Val Epoch 838: average Loss: 0.023074
2026-05-20 15:39: Train Epoch 839: 0/83 Loss: 0.006752
2026-05-20 15:39: Train Epoch 839: 20/83 Loss: 0.002083
2026-05-20 15:39: Train Epoch 839: 40/83 Loss: 0.010831
2026-05-20 15:39: Train Epoch 839: 60/83 Loss: 0.006272
2026-05-20 15:39: Train Epoch 839: 80/83 Loss: 0.007701
2026-05-20 15:39: **********Train Epoch 839: averaged Loss: 0.006233
2026-05-20 15:39: **********Val Epoch 839: average Loss: 0.031902
2026-05-20 15:39: Train Epoch 840: 0/83 Loss: 0.014002
2026-05-20 15:39: Train Epoch 840: 20/83 Loss: 0.005514
2026-05-20 15:39: Train Epoch 840: 40/83 Loss: 0.010245
2026-05-20 15:39: Train Epoch 840: 60/83 Loss: 0.005586
2026-05-20 15:39: Train Epoch 840: 80/83 Loss: 0.008027
2026-05-20 15:39: **********Train Epoch 840: averaged Loss: 0.006718
2026-05-20 15:39: **********Val Epoch 840: average Loss: 0.027330
2026-05-20 15:39: Train Epoch 841: 0/83 Loss: 0.013312
2026-05-20 15:39: Train Epoch 841: 20/83 Loss: 0.002383
2026-05-20 15:39: Train Epoch 841: 40/83 Loss: 0.012372
2026-05-20 15:39: Train Epoch 841: 60/83 Loss: 0.006752
2026-05-20 15:39: Train Epoch 841: 80/83 Loss: 0.007803
2026-05-20 15:39: **********Train Epoch 841: averaged Loss: 0.006038
2026-05-20 15:39: **********Val Epoch 841: average Loss: 0.027338
2026-05-20 15:39: Train Epoch 842: 0/83 Loss: 0.012692
2026-05-20 15:39: Train Epoch 842: 20/83 Loss: 0.002498
2026-05-20 15:39: Train Epoch 842: 40/83 Loss: 0.011163
2026-05-20 15:39: Train Epoch 842: 60/83 Loss: 0.005277
2026-05-20 15:39: Train Epoch 842: 80/83 Loss: 0.009500
2026-05-20 15:39: **********Train Epoch 842: averaged Loss: 0.006498
2026-05-20 15:39: **********Val Epoch 842: average Loss: 0.024689
2026-05-20 15:39: Train Epoch 843: 0/83 Loss: 0.007941
2026-05-20 15:39: Train Epoch 843: 20/83 Loss: 0.002153
2026-05-20 15:39: Train Epoch 843: 40/83 Loss: 0.011939
2026-05-20 15:39: Train Epoch 843: 60/83 Loss: 0.008722
2026-05-20 15:39: Train Epoch 843: 80/83 Loss: 0.008696
2026-05-20 15:39: **********Train Epoch 843: averaged Loss: 0.005909
2026-05-20 15:39: **********Val Epoch 843: average Loss: 0.034412
2026-05-20 15:39: Train Epoch 844: 0/83 Loss: 0.020554
2026-05-20 15:39: Train Epoch 844: 20/83 Loss: 0.003728
2026-05-20 15:39: Train Epoch 844: 40/83 Loss: 0.011455
2026-05-20 15:39: Train Epoch 844: 60/83 Loss: 0.008096
2026-05-20 15:39: Train Epoch 844: 80/83 Loss: 0.009170
2026-05-20 15:39: **********Train Epoch 844: averaged Loss: 0.008339
2026-05-20 15:39: **********Val Epoch 844: average Loss: 0.026025
2026-05-20 15:39: Train Epoch 845: 0/83 Loss: 0.007850
2026-05-20 15:39: Train Epoch 845: 20/83 Loss: 0.007457
2026-05-20 15:39: Train Epoch 845: 40/83 Loss: 0.016040
2026-05-20 15:39: Train Epoch 845: 60/83 Loss: 0.006210
2026-05-20 15:39: Train Epoch 845: 80/83 Loss: 0.006807
2026-05-20 15:39: **********Train Epoch 845: averaged Loss: 0.006449
2026-05-20 15:39: **********Val Epoch 845: average Loss: 0.025941
2026-05-20 15:39: Train Epoch 846: 0/83 Loss: 0.007988
2026-05-20 15:39: Train Epoch 846: 20/83 Loss: 0.006524
2026-05-20 15:39: Train Epoch 846: 40/83 Loss: 0.010998
2026-05-20 15:39: Train Epoch 846: 60/83 Loss: 0.005383
2026-05-20 15:39: Train Epoch 846: 80/83 Loss: 0.009464
2026-05-20 15:39: **********Train Epoch 846: averaged Loss: 0.006370
2026-05-20 15:39: **********Val Epoch 846: average Loss: 0.027696
2026-05-20 15:39: Train Epoch 847: 0/83 Loss: 0.012324
2026-05-20 15:39: Train Epoch 847: 20/83 Loss: 0.002591
2026-05-20 15:39: Train Epoch 847: 40/83 Loss: 0.013079
2026-05-20 15:39: Train Epoch 847: 60/83 Loss: 0.006663
2026-05-20 15:39: Train Epoch 847: 80/83 Loss: 0.009422
2026-05-20 15:39: **********Train Epoch 847: averaged Loss: 0.006777
2026-05-20 15:39: **********Val Epoch 847: average Loss: 0.024987
2026-05-20 15:39: Train Epoch 848: 0/83 Loss: 0.006257
2026-05-20 15:39: Train Epoch 848: 20/83 Loss: 0.002250
2026-05-20 15:39: Train Epoch 848: 40/83 Loss: 0.013322
2026-05-20 15:39: Train Epoch 848: 60/83 Loss: 0.006736
2026-05-20 15:39: Train Epoch 848: 80/83 Loss: 0.007930
2026-05-20 15:39: **********Train Epoch 848: averaged Loss: 0.006152
2026-05-20 15:39: **********Val Epoch 848: average Loss: 0.024396
2026-05-20 15:39: Train Epoch 849: 0/83 Loss: 0.009249
2026-05-20 15:39: Train Epoch 849: 20/83 Loss: 0.002144
2026-05-20 15:39: Train Epoch 849: 40/83 Loss: 0.012502
2026-05-20 15:39: Train Epoch 849: 60/83 Loss: 0.005764
2026-05-20 15:39: Train Epoch 849: 80/83 Loss: 0.011358
2026-05-20 15:39: **********Train Epoch 849: averaged Loss: 0.006051
2026-05-20 15:39: **********Val Epoch 849: average Loss: 0.021995
2026-05-20 15:39: Train Epoch 850: 0/83 Loss: 0.012580
2026-05-20 15:39: Train Epoch 850: 20/83 Loss: 0.002164
2026-05-20 15:39: Train Epoch 850: 40/83 Loss: 0.010294
2026-05-20 15:39: Train Epoch 850: 60/83 Loss: 0.005854
2026-05-20 15:39: Train Epoch 850: 80/83 Loss: 0.008504
2026-05-20 15:39: **********Train Epoch 850: averaged Loss: 0.007684
2026-05-20 15:39: **********Val Epoch 850: average Loss: 0.025733
2026-05-20 15:39: Train Epoch 851: 0/83 Loss: 0.011352
2026-05-20 15:39: Train Epoch 851: 20/83 Loss: 0.002596
2026-05-20 15:40: Train Epoch 851: 40/83 Loss: 0.010786
2026-05-20 15:40: Train Epoch 851: 60/83 Loss: 0.005628
2026-05-20 15:40: Train Epoch 851: 80/83 Loss: 0.007949
2026-05-20 15:40: **********Train Epoch 851: averaged Loss: 0.006344
2026-05-20 15:40: **********Val Epoch 851: average Loss: 0.025448
2026-05-20 15:40: Train Epoch 852: 0/83 Loss: 0.006322
2026-05-20 15:40: Train Epoch 852: 20/83 Loss: 0.003447
2026-05-20 15:40: Train Epoch 852: 40/83 Loss: 0.011025
2026-05-20 15:40: Train Epoch 852: 60/83 Loss: 0.009695
2026-05-20 15:40: Train Epoch 852: 80/83 Loss: 0.009868
2026-05-20 15:40: **********Train Epoch 852: averaged Loss: 0.007165
2026-05-20 15:40: **********Val Epoch 852: average Loss: 0.030302
2026-05-20 15:40: Train Epoch 853: 0/83 Loss: 0.010018
2026-05-20 15:40: Train Epoch 853: 20/83 Loss: 0.002337
2026-05-20 15:40: Train Epoch 853: 40/83 Loss: 0.010055
2026-05-20 15:40: Train Epoch 853: 60/83 Loss: 0.006894
2026-05-20 15:40: Train Epoch 853: 80/83 Loss: 0.008622
2026-05-20 15:40: **********Train Epoch 853: averaged Loss: 0.007613
2026-05-20 15:40: **********Val Epoch 853: average Loss: 0.022964
2026-05-20 15:40: Train Epoch 854: 0/83 Loss: 0.007873
2026-05-20 15:40: Train Epoch 854: 20/83 Loss: 0.003245
2026-05-20 15:40: Train Epoch 854: 40/83 Loss: 0.013659
2026-05-20 15:40: Train Epoch 854: 60/83 Loss: 0.005517
2026-05-20 15:40: Train Epoch 854: 80/83 Loss: 0.015062
2026-05-20 15:40: **********Train Epoch 854: averaged Loss: 0.007448
2026-05-20 15:40: **********Val Epoch 854: average Loss: 0.025459
2026-05-20 15:40: Train Epoch 855: 0/83 Loss: 0.010122
2026-05-20 15:40: Train Epoch 855: 20/83 Loss: 0.014759
2026-05-20 15:40: Train Epoch 855: 40/83 Loss: 0.019869
2026-05-20 15:40: Train Epoch 855: 60/83 Loss: 0.012323
2026-05-20 15:40: Train Epoch 855: 80/83 Loss: 0.009058
2026-05-20 15:40: **********Train Epoch 855: averaged Loss: 0.010068
2026-05-20 15:40: **********Val Epoch 855: average Loss: 0.024509
2026-05-20 15:40: Train Epoch 856: 0/83 Loss: 0.008843
2026-05-20 15:40: Train Epoch 856: 20/83 Loss: 0.002726
2026-05-20 15:40: Train Epoch 856: 40/83 Loss: 0.014514
2026-05-20 15:40: Train Epoch 856: 60/83 Loss: 0.013379
2026-05-20 15:40: Train Epoch 856: 80/83 Loss: 0.017360
2026-05-20 15:40: **********Train Epoch 856: averaged Loss: 0.007756
2026-05-20 15:40: **********Val Epoch 856: average Loss: 0.028382
2026-05-20 15:40: Train Epoch 857: 0/83 Loss: 0.006842
2026-05-20 15:40: Train Epoch 857: 20/83 Loss: 0.002168
2026-05-20 15:40: Train Epoch 857: 40/83 Loss: 0.025246
2026-05-20 15:40: Train Epoch 857: 60/83 Loss: 0.007269
2026-05-20 15:40: Train Epoch 857: 80/83 Loss: 0.008412
2026-05-20 15:40: **********Train Epoch 857: averaged Loss: 0.008966
2026-05-20 15:40: **********Val Epoch 857: average Loss: 0.022953
2026-05-20 15:40: Train Epoch 858: 0/83 Loss: 0.008123
2026-05-20 15:40: Train Epoch 858: 20/83 Loss: 0.005164
2026-05-20 15:40: Train Epoch 858: 40/83 Loss: 0.016113
2026-05-20 15:40: Train Epoch 858: 60/83 Loss: 0.005661
2026-05-20 15:40: Train Epoch 858: 80/83 Loss: 0.008575
2026-05-20 15:40: **********Train Epoch 858: averaged Loss: 0.006567
2026-05-20 15:40: **********Val Epoch 858: average Loss: 0.024976
2026-05-20 15:40: Train Epoch 859: 0/83 Loss: 0.006574
2026-05-20 15:40: Train Epoch 859: 20/83 Loss: 0.005919
2026-05-20 15:40: Train Epoch 859: 40/83 Loss: 0.011199
2026-05-20 15:40: Train Epoch 859: 60/83 Loss: 0.007132
2026-05-20 15:40: Train Epoch 859: 80/83 Loss: 0.007534
2026-05-20 15:40: **********Train Epoch 859: averaged Loss: 0.006465
2026-05-20 15:40: **********Val Epoch 859: average Loss: 0.024115
2026-05-20 15:40: Train Epoch 860: 0/83 Loss: 0.012331
2026-05-20 15:40: Train Epoch 860: 20/83 Loss: 0.007801
2026-05-20 15:40: Train Epoch 860: 40/83 Loss: 0.014146
2026-05-20 15:40: Train Epoch 860: 60/83 Loss: 0.016688
2026-05-20 15:40: Train Epoch 860: 80/83 Loss: 0.008558
2026-05-20 15:40: **********Train Epoch 860: averaged Loss: 0.007674
2026-05-20 15:40: **********Val Epoch 860: average Loss: 0.022954
2026-05-20 15:40: Train Epoch 861: 0/83 Loss: 0.010850
2026-05-20 15:40: Train Epoch 861: 20/83 Loss: 0.003153
2026-05-20 15:40: Train Epoch 861: 40/83 Loss: 0.025394
2026-05-20 15:40: Train Epoch 861: 60/83 Loss: 0.006294
2026-05-20 15:40: Train Epoch 861: 80/83 Loss: 0.010163
2026-05-20 15:40: **********Train Epoch 861: averaged Loss: 0.007576
2026-05-20 15:40: **********Val Epoch 861: average Loss: 0.033079
2026-05-20 15:40: Train Epoch 862: 0/83 Loss: 0.007725
2026-05-20 15:40: Train Epoch 862: 20/83 Loss: 0.006581
2026-05-20 15:40: Train Epoch 862: 40/83 Loss: 0.013164
2026-05-20 15:40: Train Epoch 862: 60/83 Loss: 0.007447
2026-05-20 15:40: Train Epoch 862: 80/83 Loss: 0.013192
2026-05-20 15:40: **********Train Epoch 862: averaged Loss: 0.006131
2026-05-20 15:40: **********Val Epoch 862: average Loss: 0.024678
2026-05-20 15:40: Train Epoch 863: 0/83 Loss: 0.008374
2026-05-20 15:40: Train Epoch 863: 20/83 Loss: 0.011953
2026-05-20 15:40: Train Epoch 863: 40/83 Loss: 0.012399
2026-05-20 15:40: Train Epoch 863: 60/83 Loss: 0.007444
2026-05-20 15:40: Train Epoch 863: 80/83 Loss: 0.007913
2026-05-20 15:40: **********Train Epoch 863: averaged Loss: 0.008335
2026-05-20 15:40: **********Val Epoch 863: average Loss: 0.036434
2026-05-20 15:40: Train Epoch 864: 0/83 Loss: 0.011542
2026-05-20 15:40: Train Epoch 864: 20/83 Loss: 0.005317
2026-05-20 15:40: Train Epoch 864: 40/83 Loss: 0.011024
2026-05-20 15:40: Train Epoch 864: 60/83 Loss: 0.010784
2026-05-20 15:40: Train Epoch 864: 80/83 Loss: 0.008065
2026-05-20 15:40: **********Train Epoch 864: averaged Loss: 0.007584
2026-05-20 15:40: **********Val Epoch 864: average Loss: 0.032217
2026-05-20 15:40: Train Epoch 865: 0/83 Loss: 0.005895
2026-05-20 15:40: Train Epoch 865: 20/83 Loss: 0.008118
2026-05-20 15:40: Train Epoch 865: 40/83 Loss: 0.015292
2026-05-20 15:40: Train Epoch 865: 60/83 Loss: 0.015756
2026-05-20 15:40: Train Epoch 865: 80/83 Loss: 0.011962
2026-05-20 15:40: **********Train Epoch 865: averaged Loss: 0.008089
2026-05-20 15:40: **********Val Epoch 865: average Loss: 0.037285
2026-05-20 15:40: Train Epoch 866: 0/83 Loss: 0.006689
2026-05-20 15:40: Train Epoch 866: 20/83 Loss: 0.005089
2026-05-20 15:40: Train Epoch 866: 40/83 Loss: 0.037675
2026-05-20 15:40: Train Epoch 866: 60/83 Loss: 0.014212
2026-05-20 15:40: Train Epoch 866: 80/83 Loss: 0.008362
2026-05-20 15:40: **********Train Epoch 866: averaged Loss: 0.009421
2026-05-20 15:40: **********Val Epoch 866: average Loss: 0.024809
2026-05-20 15:40: Train Epoch 867: 0/83 Loss: 0.010999
2026-05-20 15:40: Train Epoch 867: 20/83 Loss: 0.009440
2026-05-20 15:40: Train Epoch 867: 40/83 Loss: 0.016567
2026-05-20 15:41: Train Epoch 867: 60/83 Loss: 0.010336
2026-05-20 15:41: Train Epoch 867: 80/83 Loss: 0.014035
2026-05-20 15:41: **********Train Epoch 867: averaged Loss: 0.008353
2026-05-20 15:41: **********Val Epoch 867: average Loss: 0.029746
2026-05-20 15:41: Train Epoch 868: 0/83 Loss: 0.008160
2026-05-20 15:41: Train Epoch 868: 20/83 Loss: 0.006328
2026-05-20 15:41: Train Epoch 868: 40/83 Loss: 0.015256
2026-05-20 15:41: Train Epoch 868: 60/83 Loss: 0.009276
2026-05-20 15:41: Train Epoch 868: 80/83 Loss: 0.008059
2026-05-20 15:41: **********Train Epoch 868: averaged Loss: 0.007219
2026-05-20 15:41: **********Val Epoch 868: average Loss: 0.038057
2026-05-20 15:41: Train Epoch 869: 0/83 Loss: 0.007920
2026-05-20 15:41: Train Epoch 869: 20/83 Loss: 0.003783
2026-05-20 15:41: Train Epoch 869: 40/83 Loss: 0.018846
2026-05-20 15:41: Train Epoch 869: 60/83 Loss: 0.007771
2026-05-20 15:41: Train Epoch 869: 80/83 Loss: 0.011630
2026-05-20 15:41: **********Train Epoch 869: averaged Loss: 0.006656
2026-05-20 15:41: **********Val Epoch 869: average Loss: 0.035561
2026-05-20 15:41: Train Epoch 870: 0/83 Loss: 0.006057
2026-05-20 15:41: Train Epoch 870: 20/83 Loss: 0.003753
2026-05-20 15:41: Train Epoch 870: 40/83 Loss: 0.010944
2026-05-20 15:41: Train Epoch 870: 60/83 Loss: 0.005506
2026-05-20 15:41: Train Epoch 870: 80/83 Loss: 0.009522
2026-05-20 15:41: **********Train Epoch 870: averaged Loss: 0.006670
2026-05-20 15:41: **********Val Epoch 870: average Loss: 0.038179
2026-05-20 15:41: Train Epoch 871: 0/83 Loss: 0.007463
2026-05-20 15:41: Train Epoch 871: 20/83 Loss: 0.003650
2026-05-20 15:41: Train Epoch 871: 40/83 Loss: 0.011761
2026-05-20 15:41: Train Epoch 871: 60/83 Loss: 0.007323
2026-05-20 15:41: Train Epoch 871: 80/83 Loss: 0.009412
2026-05-20 15:41: **********Train Epoch 871: averaged Loss: 0.006332
2026-05-20 15:41: **********Val Epoch 871: average Loss: 0.032440
2026-05-20 15:41: Train Epoch 872: 0/83 Loss: 0.006506
2026-05-20 15:41: Train Epoch 872: 20/83 Loss: 0.004260
2026-05-20 15:41: Train Epoch 872: 40/83 Loss: 0.012434
2026-05-20 15:41: Train Epoch 872: 60/83 Loss: 0.006683
2026-05-20 15:41: Train Epoch 872: 80/83 Loss: 0.006739
2026-05-20 15:41: **********Train Epoch 872: averaged Loss: 0.006411
2026-05-20 15:41: **********Val Epoch 872: average Loss: 0.038014
2026-05-20 15:41: Train Epoch 873: 0/83 Loss: 0.009295
2026-05-20 15:41: Train Epoch 873: 20/83 Loss: 0.002557
2026-05-20 15:41: Train Epoch 873: 40/83 Loss: 0.010966
2026-05-20 15:41: Train Epoch 873: 60/83 Loss: 0.008313
2026-05-20 15:41: Train Epoch 873: 80/83 Loss: 0.008369
2026-05-20 15:41: **********Train Epoch 873: averaged Loss: 0.007113
2026-05-20 15:41: **********Val Epoch 873: average Loss: 0.035099
2026-05-20 15:41: Train Epoch 874: 0/83 Loss: 0.006476
2026-05-20 15:41: Train Epoch 874: 20/83 Loss: 0.002899
2026-05-20 15:41: Train Epoch 874: 40/83 Loss: 0.010699
2026-05-20 15:41: Train Epoch 874: 60/83 Loss: 0.012212
2026-05-20 15:41: Train Epoch 874: 80/83 Loss: 0.007360
2026-05-20 15:41: **********Train Epoch 874: averaged Loss: 0.006780
2026-05-20 15:41: **********Val Epoch 874: average Loss: 0.042629
2026-05-20 15:41: Train Epoch 875: 0/83 Loss: 0.006776
2026-05-20 15:41: Train Epoch 875: 20/83 Loss: 0.003653
2026-05-20 15:41: Train Epoch 875: 40/83 Loss: 0.026096
2026-05-20 15:41: Train Epoch 875: 60/83 Loss: 0.011832
2026-05-20 15:41: Train Epoch 875: 80/83 Loss: 0.012156
2026-05-20 15:41: **********Train Epoch 875: averaged Loss: 0.009294
2026-05-20 15:41: **********Val Epoch 875: average Loss: 0.038994
2026-05-20 15:41: Train Epoch 876: 0/83 Loss: 0.013524
2026-05-20 15:41: Train Epoch 876: 20/83 Loss: 0.005875
2026-05-20 15:41: Train Epoch 876: 40/83 Loss: 0.018085
2026-05-20 15:41: Train Epoch 876: 60/83 Loss: 0.005809
2026-05-20 15:41: Train Epoch 876: 80/83 Loss: 0.008386
2026-05-20 15:41: **********Train Epoch 876: averaged Loss: 0.006973
2026-05-20 15:41: **********Val Epoch 876: average Loss: 0.027327
2026-05-20 15:41: Train Epoch 877: 0/83 Loss: 0.005885
2026-05-20 15:41: Train Epoch 877: 20/83 Loss: 0.003978
2026-05-20 15:41: Train Epoch 877: 40/83 Loss: 0.013594
2026-05-20 15:41: Train Epoch 877: 60/83 Loss: 0.006052
2026-05-20 15:41: Train Epoch 877: 80/83 Loss: 0.007580
2026-05-20 15:41: **********Train Epoch 877: averaged Loss: 0.007846
2026-05-20 15:41: **********Val Epoch 877: average Loss: 0.038158
2026-05-20 15:41: Train Epoch 878: 0/83 Loss: 0.013103
2026-05-20 15:41: Train Epoch 878: 20/83 Loss: 0.006550
2026-05-20 15:41: Train Epoch 878: 40/83 Loss: 0.011633
2026-05-20 15:41: Train Epoch 878: 60/83 Loss: 0.005048
2026-05-20 15:41: Train Epoch 878: 80/83 Loss: 0.007692
2026-05-20 15:41: **********Train Epoch 878: averaged Loss: 0.005984
2026-05-20 15:41: **********Val Epoch 878: average Loss: 0.033777
2026-05-20 15:41: Train Epoch 879: 0/83 Loss: 0.012089
2026-05-20 15:41: Train Epoch 879: 20/83 Loss: 0.004772
2026-05-20 15:41: Train Epoch 879: 40/83 Loss: 0.012033
2026-05-20 15:41: Train Epoch 879: 60/83 Loss: 0.005275
2026-05-20 15:41: Train Epoch 879: 80/83 Loss: 0.010708
2026-05-20 15:41: **********Train Epoch 879: averaged Loss: 0.006688
2026-05-20 15:41: **********Val Epoch 879: average Loss: 0.029854
2026-05-20 15:41: Train Epoch 880: 0/83 Loss: 0.008154
2026-05-20 15:41: Train Epoch 880: 20/83 Loss: 0.003155
2026-05-20 15:41: Train Epoch 880: 40/83 Loss: 0.011840
2026-05-20 15:41: Train Epoch 880: 60/83 Loss: 0.005438
2026-05-20 15:41: Train Epoch 880: 80/83 Loss: 0.010462
2026-05-20 15:41: **********Train Epoch 880: averaged Loss: 0.005592
2026-05-20 15:41: **********Val Epoch 880: average Loss: 0.024173
2026-05-20 15:41: Train Epoch 881: 0/83 Loss: 0.006803
2026-05-20 15:41: Train Epoch 881: 20/83 Loss: 0.002531
2026-05-20 15:41: Train Epoch 881: 40/83 Loss: 0.012826
2026-05-20 15:41: Train Epoch 881: 60/83 Loss: 0.006232
2026-05-20 15:41: Train Epoch 881: 80/83 Loss: 0.013607
2026-05-20 15:41: **********Train Epoch 881: averaged Loss: 0.008137
2026-05-20 15:41: **********Val Epoch 881: average Loss: 0.030828
2026-05-20 15:41: Train Epoch 882: 0/83 Loss: 0.014343
2026-05-20 15:41: Train Epoch 882: 20/83 Loss: 0.010015
2026-05-20 15:41: Train Epoch 882: 40/83 Loss: 0.012800
2026-05-20 15:41: Train Epoch 882: 60/83 Loss: 0.005782
2026-05-20 15:41: Train Epoch 882: 80/83 Loss: 0.009903
2026-05-20 15:41: **********Train Epoch 882: averaged Loss: 0.007750
2026-05-20 15:41: **********Val Epoch 882: average Loss: 0.025130
2026-05-20 15:41: Train Epoch 883: 0/83 Loss: 0.010213
2026-05-20 15:41: Train Epoch 883: 20/83 Loss: 0.002441
2026-05-20 15:41: Train Epoch 883: 40/83 Loss: 0.012517
2026-05-20 15:42: Train Epoch 883: 60/83 Loss: 0.006026
2026-05-20 15:42: Train Epoch 883: 80/83 Loss: 0.007937
2026-05-20 15:42: **********Train Epoch 883: averaged Loss: 0.007616
2026-05-20 15:42: **********Val Epoch 883: average Loss: 0.033916
2026-05-20 15:42: Train Epoch 884: 0/83 Loss: 0.010918
2026-05-20 15:42: Train Epoch 884: 20/83 Loss: 0.002759
2026-05-20 15:42: Train Epoch 884: 40/83 Loss: 0.016558
2026-05-20 15:42: Train Epoch 884: 60/83 Loss: 0.009233
2026-05-20 15:42: Train Epoch 884: 80/83 Loss: 0.008983
2026-05-20 15:42: **********Train Epoch 884: averaged Loss: 0.007885
2026-05-20 15:42: **********Val Epoch 884: average Loss: 0.034965
2026-05-20 15:42: Train Epoch 885: 0/83 Loss: 0.017055
2026-05-20 15:42: Train Epoch 885: 20/83 Loss: 0.002308
2026-05-20 15:42: Train Epoch 885: 40/83 Loss: 0.012083
2026-05-20 15:42: Train Epoch 885: 60/83 Loss: 0.006198
2026-05-20 15:42: Train Epoch 885: 80/83 Loss: 0.008346
2026-05-20 15:42: **********Train Epoch 885: averaged Loss: 0.006803
2026-05-20 15:42: **********Val Epoch 885: average Loss: 0.033024
2026-05-20 15:42: Train Epoch 886: 0/83 Loss: 0.016482
2026-05-20 15:42: Train Epoch 886: 20/83 Loss: 0.009528
2026-05-20 15:42: Train Epoch 886: 40/83 Loss: 0.026980
2026-05-20 15:42: Train Epoch 886: 60/83 Loss: 0.005593
2026-05-20 15:42: Train Epoch 886: 80/83 Loss: 0.007462
2026-05-20 15:42: **********Train Epoch 886: averaged Loss: 0.010739
2026-05-20 15:42: **********Val Epoch 886: average Loss: 0.023290
2026-05-20 15:42: Train Epoch 887: 0/83 Loss: 0.008970
2026-05-20 15:42: Train Epoch 887: 20/83 Loss: 0.002684
2026-05-20 15:42: Train Epoch 887: 40/83 Loss: 0.012539
2026-05-20 15:42: Train Epoch 887: 60/83 Loss: 0.005630
2026-05-20 15:42: Train Epoch 887: 80/83 Loss: 0.011393
2026-05-20 15:42: **********Train Epoch 887: averaged Loss: 0.006319
2026-05-20 15:42: **********Val Epoch 887: average Loss: 0.027031
2026-05-20 15:42: Train Epoch 888: 0/83 Loss: 0.011139
2026-05-20 15:42: Train Epoch 888: 20/83 Loss: 0.003290
2026-05-20 15:42: Train Epoch 888: 40/83 Loss: 0.012988
2026-05-20 15:42: Train Epoch 888: 60/83 Loss: 0.005824
2026-05-20 15:42: Train Epoch 888: 80/83 Loss: 0.008611
2026-05-20 15:42: **********Train Epoch 888: averaged Loss: 0.007414
2026-05-20 15:42: **********Val Epoch 888: average Loss: 0.025833
2026-05-20 15:42: Train Epoch 889: 0/83 Loss: 0.006358
2026-05-20 15:42: Train Epoch 889: 20/83 Loss: 0.002798
2026-05-20 15:42: Train Epoch 889: 40/83 Loss: 0.015574
2026-05-20 15:42: Train Epoch 889: 60/83 Loss: 0.005170
2026-05-20 15:42: Train Epoch 889: 80/83 Loss: 0.007582
2026-05-20 15:42: **********Train Epoch 889: averaged Loss: 0.006140
2026-05-20 15:42: **********Val Epoch 889: average Loss: 0.027965
2026-05-20 15:42: Train Epoch 890: 0/83 Loss: 0.011048
2026-05-20 15:42: Train Epoch 890: 20/83 Loss: 0.003858
2026-05-20 15:42: Train Epoch 890: 40/83 Loss: 0.009529
2026-05-20 15:42: Train Epoch 890: 60/83 Loss: 0.007286
2026-05-20 15:42: Train Epoch 890: 80/83 Loss: 0.008084
2026-05-20 15:42: **********Train Epoch 890: averaged Loss: 0.006405
2026-05-20 15:42: **********Val Epoch 890: average Loss: 0.027899
2026-05-20 15:42: Train Epoch 891: 0/83 Loss: 0.005399
2026-05-20 15:42: Train Epoch 891: 20/83 Loss: 0.003445
2026-05-20 15:42: Train Epoch 891: 40/83 Loss: 0.011875
2026-05-20 15:42: Train Epoch 891: 60/83 Loss: 0.006933
2026-05-20 15:42: Train Epoch 891: 80/83 Loss: 0.008837
2026-05-20 15:42: **********Train Epoch 891: averaged Loss: 0.005552
2026-05-20 15:42: **********Val Epoch 891: average Loss: 0.025081
2026-05-20 15:42: Train Epoch 892: 0/83 Loss: 0.012126
2026-05-20 15:42: Train Epoch 892: 20/83 Loss: 0.002257
2026-05-20 15:42: Train Epoch 892: 40/83 Loss: 0.012019
2026-05-20 15:42: Train Epoch 892: 60/83 Loss: 0.008991
2026-05-20 15:42: Train Epoch 892: 80/83 Loss: 0.007194
2026-05-20 15:42: **********Train Epoch 892: averaged Loss: 0.006726
2026-05-20 15:42: **********Val Epoch 892: average Loss: 0.024230
2026-05-20 15:42: Train Epoch 893: 0/83 Loss: 0.005653
2026-05-20 15:42: Train Epoch 893: 20/83 Loss: 0.002425
2026-05-20 15:42: Train Epoch 893: 40/83 Loss: 0.011203
2026-05-20 15:42: Train Epoch 893: 60/83 Loss: 0.006307
2026-05-20 15:42: Train Epoch 893: 80/83 Loss: 0.011808
2026-05-20 15:42: **********Train Epoch 893: averaged Loss: 0.006145
2026-05-20 15:42: **********Val Epoch 893: average Loss: 0.025006
2026-05-20 15:42: Train Epoch 894: 0/83 Loss: 0.010670
2026-05-20 15:42: Train Epoch 894: 20/83 Loss: 0.002371
2026-05-20 15:42: Train Epoch 894: 40/83 Loss: 0.011110
2026-05-20 15:42: Train Epoch 894: 60/83 Loss: 0.006615
2026-05-20 15:42: Train Epoch 894: 80/83 Loss: 0.012445
2026-05-20 15:42: **********Train Epoch 894: averaged Loss: 0.007669
2026-05-20 15:42: **********Val Epoch 894: average Loss: 0.026929
2026-05-20 15:42: Train Epoch 895: 0/83 Loss: 0.006343
2026-05-20 15:42: Train Epoch 895: 20/83 Loss: 0.002642
2026-05-20 15:42: Train Epoch 895: 40/83 Loss: 0.010230
2026-05-20 15:42: Train Epoch 895: 60/83 Loss: 0.006173
2026-05-20 15:42: Train Epoch 895: 80/83 Loss: 0.009312
2026-05-20 15:42: **********Train Epoch 895: averaged Loss: 0.005494
2026-05-20 15:42: **********Val Epoch 895: average Loss: 0.024986
2026-05-20 15:42: Train Epoch 896: 0/83 Loss: 0.011308
2026-05-20 15:42: Train Epoch 896: 20/83 Loss: 0.001769
2026-05-20 15:42: Train Epoch 896: 40/83 Loss: 0.009623
2026-05-20 15:42: Train Epoch 896: 60/83 Loss: 0.006501
2026-05-20 15:42: Train Epoch 896: 80/83 Loss: 0.009872
2026-05-20 15:42: **********Train Epoch 896: averaged Loss: 0.007477
2026-05-20 15:42: **********Val Epoch 896: average Loss: 0.027748
2026-05-20 15:42: Train Epoch 897: 0/83 Loss: 0.007555
2026-05-20 15:42: Train Epoch 897: 20/83 Loss: 0.002544
2026-05-20 15:42: Train Epoch 897: 40/83 Loss: 0.015670
2026-05-20 15:42: Train Epoch 897: 60/83 Loss: 0.006437
2026-05-20 15:42: Train Epoch 897: 80/83 Loss: 0.006496
2026-05-20 15:42: **********Train Epoch 897: averaged Loss: 0.007761
2026-05-20 15:42: **********Val Epoch 897: average Loss: 0.021700
2026-05-20 15:42: Train Epoch 898: 0/83 Loss: 0.006205
2026-05-20 15:42: Train Epoch 898: 20/83 Loss: 0.008167
2026-05-20 15:42: Train Epoch 898: 40/83 Loss: 0.020039
2026-05-20 15:42: Train Epoch 898: 60/83 Loss: 0.004985
2026-05-20 15:42: Train Epoch 898: 80/83 Loss: 0.008542
2026-05-20 15:42: **********Train Epoch 898: averaged Loss: 0.007291
2026-05-20 15:42: **********Val Epoch 898: average Loss: 0.021437
2026-05-20 15:42: Train Epoch 899: 0/83 Loss: 0.010773
2026-05-20 15:42: Train Epoch 899: 20/83 Loss: 0.009887
2026-05-20 15:42: Train Epoch 899: 40/83 Loss: 0.023463
2026-05-20 15:42: Train Epoch 899: 60/83 Loss: 0.006817
2026-05-20 15:42: Train Epoch 899: 80/83 Loss: 0.007783
2026-05-20 15:42: **********Train Epoch 899: averaged Loss: 0.008430
2026-05-20 15:42: **********Val Epoch 899: average Loss: 0.023874
2026-05-20 15:42: Train Epoch 900: 0/83 Loss: 0.006838
2026-05-20 15:42: Train Epoch 900: 20/83 Loss: 0.002593
2026-05-20 15:42: Train Epoch 900: 40/83 Loss: 0.013602
2026-05-20 15:42: Train Epoch 900: 60/83 Loss: 0.011506
2026-05-20 15:43: Train Epoch 900: 80/83 Loss: 0.007873
2026-05-20 15:43: **********Train Epoch 900: averaged Loss: 0.008357
2026-05-20 15:43: **********Val Epoch 900: average Loss: 0.028213
2026-05-20 15:43: Train Epoch 901: 0/83 Loss: 0.007271
2026-05-20 15:43: Train Epoch 901: 20/83 Loss: 0.003190
2026-05-20 15:43: Train Epoch 901: 40/83 Loss: 0.013528
2026-05-20 15:43: Train Epoch 901: 60/83 Loss: 0.007280
2026-05-20 15:43: Train Epoch 901: 80/83 Loss: 0.010121
2026-05-20 15:43: **********Train Epoch 901: averaged Loss: 0.006390
2026-05-20 15:43: **********Val Epoch 901: average Loss: 0.026004
2026-05-20 15:43: Train Epoch 902: 0/83 Loss: 0.005784
2026-05-20 15:43: Train Epoch 902: 20/83 Loss: 0.002073
2026-05-20 15:43: Train Epoch 902: 40/83 Loss: 0.012193
2026-05-20 15:43: Train Epoch 902: 60/83 Loss: 0.011221
2026-05-20 15:43: Train Epoch 902: 80/83 Loss: 0.008712
2026-05-20 15:43: **********Train Epoch 902: averaged Loss: 0.006279
2026-05-20 15:43: **********Val Epoch 902: average Loss: 0.026459
2026-05-20 15:43: Train Epoch 903: 0/83 Loss: 0.012997
2026-05-20 15:43: Train Epoch 903: 20/83 Loss: 0.004515
2026-05-20 15:43: Train Epoch 903: 40/83 Loss: 0.018691
2026-05-20 15:43: Train Epoch 903: 60/83 Loss: 0.007015
2026-05-20 15:43: Train Epoch 903: 80/83 Loss: 0.007954
2026-05-20 15:43: **********Train Epoch 903: averaged Loss: 0.006382
2026-05-20 15:43: **********Val Epoch 903: average Loss: 0.026273
2026-05-20 15:43: Train Epoch 904: 0/83 Loss: 0.006402
2026-05-20 15:43: Train Epoch 904: 20/83 Loss: 0.002018
2026-05-20 15:43: Train Epoch 904: 40/83 Loss: 0.020028
2026-05-20 15:43: Train Epoch 904: 60/83 Loss: 0.006671
2026-05-20 15:43: Train Epoch 904: 80/83 Loss: 0.006737
2026-05-20 15:43: **********Train Epoch 904: averaged Loss: 0.006366
2026-05-20 15:43: **********Val Epoch 904: average Loss: 0.022871
2026-05-20 15:43: Train Epoch 905: 0/83 Loss: 0.006249
2026-05-20 15:43: Train Epoch 905: 20/83 Loss: 0.002699
2026-05-20 15:43: Train Epoch 905: 40/83 Loss: 0.010548
2026-05-20 15:43: Train Epoch 905: 60/83 Loss: 0.008602
2026-05-20 15:43: Train Epoch 905: 80/83 Loss: 0.007193
2026-05-20 15:43: **********Train Epoch 905: averaged Loss: 0.005398
2026-05-20 15:43: **********Val Epoch 905: average Loss: 0.025436
2026-05-20 15:43: Train Epoch 906: 0/83 Loss: 0.004927
2026-05-20 15:43: Train Epoch 906: 20/83 Loss: 0.002187
2026-05-20 15:43: Train Epoch 906: 40/83 Loss: 0.018135
2026-05-20 15:43: Train Epoch 906: 60/83 Loss: 0.007667
2026-05-20 15:43: Train Epoch 906: 80/83 Loss: 0.006690
2026-05-20 15:43: **********Train Epoch 906: averaged Loss: 0.005649
2026-05-20 15:43: **********Val Epoch 906: average Loss: 0.025372
2026-05-20 15:43: Train Epoch 907: 0/83 Loss: 0.004715
2026-05-20 15:43: Train Epoch 907: 20/83 Loss: 0.002387
2026-05-20 15:43: Train Epoch 907: 40/83 Loss: 0.014745
2026-05-20 15:43: Train Epoch 907: 60/83 Loss: 0.009344
2026-05-20 15:43: Train Epoch 907: 80/83 Loss: 0.010558
2026-05-20 15:43: **********Train Epoch 907: averaged Loss: 0.006093
2026-05-20 15:43: **********Val Epoch 907: average Loss: 0.027748
2026-05-20 15:43: Train Epoch 908: 0/83 Loss: 0.011211
2026-05-20 15:43: Train Epoch 908: 20/83 Loss: 0.002819
2026-05-20 15:43: Train Epoch 908: 40/83 Loss: 0.013235
2026-05-20 15:43: Train Epoch 908: 60/83 Loss: 0.006451
2026-05-20 15:43: Train Epoch 908: 80/83 Loss: 0.011565
2026-05-20 15:43: **********Train Epoch 908: averaged Loss: 0.006451
2026-05-20 15:43: **********Val Epoch 908: average Loss: 0.034050
2026-05-20 15:43: Train Epoch 909: 0/83 Loss: 0.011932
2026-05-20 15:43: Train Epoch 909: 20/83 Loss: 0.006287
2026-05-20 15:43: Train Epoch 909: 40/83 Loss: 0.010766
2026-05-20 15:43: Train Epoch 909: 60/83 Loss: 0.009526
2026-05-20 15:43: Train Epoch 909: 80/83 Loss: 0.007055
2026-05-20 15:43: **********Train Epoch 909: averaged Loss: 0.006698
2026-05-20 15:43: **********Val Epoch 909: average Loss: 0.027221
2026-05-20 15:43: Train Epoch 910: 0/83 Loss: 0.008262
2026-05-20 15:43: Train Epoch 910: 20/83 Loss: 0.002718
2026-05-20 15:43: Train Epoch 910: 40/83 Loss: 0.016721
2026-05-20 15:43: Train Epoch 910: 60/83 Loss: 0.006177
2026-05-20 15:43: Train Epoch 910: 80/83 Loss: 0.007971
2026-05-20 15:43: **********Train Epoch 910: averaged Loss: 0.006948
2026-05-20 15:43: **********Val Epoch 910: average Loss: 0.036789
2026-05-20 15:43: Train Epoch 911: 0/83 Loss: 0.010026
2026-05-20 15:43: Train Epoch 911: 20/83 Loss: 0.004137
2026-05-20 15:43: Train Epoch 911: 40/83 Loss: 0.013399
2026-05-20 15:43: Train Epoch 911: 60/83 Loss: 0.009404
2026-05-20 15:43: Train Epoch 911: 80/83 Loss: 0.007156
2026-05-20 15:43: **********Train Epoch 911: averaged Loss: 0.006581
2026-05-20 15:43: **********Val Epoch 911: average Loss: 0.026633
2026-05-20 15:43: Train Epoch 912: 0/83 Loss: 0.006210
2026-05-20 15:43: Train Epoch 912: 20/83 Loss: 0.003189
2026-05-20 15:43: Train Epoch 912: 40/83 Loss: 0.009909
2026-05-20 15:43: Train Epoch 912: 60/83 Loss: 0.005406
2026-05-20 15:43: Train Epoch 912: 80/83 Loss: 0.009836
2026-05-20 15:43: **********Train Epoch 912: averaged Loss: 0.005820
2026-05-20 15:43: **********Val Epoch 912: average Loss: 0.033267
2026-05-20 15:43: Train Epoch 913: 0/83 Loss: 0.005696
2026-05-20 15:43: Train Epoch 913: 20/83 Loss: 0.010013
2026-05-20 15:43: Train Epoch 913: 40/83 Loss: 0.011671
2026-05-20 15:43: Train Epoch 913: 60/83 Loss: 0.006181
2026-05-20 15:43: Train Epoch 913: 80/83 Loss: 0.008541
2026-05-20 15:43: **********Train Epoch 913: averaged Loss: 0.006543
2026-05-20 15:43: **********Val Epoch 913: average Loss: 0.040736
2026-05-20 15:43: Train Epoch 914: 0/83 Loss: 0.012948
2026-05-20 15:43: Train Epoch 914: 20/83 Loss: 0.003031
2026-05-20 15:43: Train Epoch 914: 40/83 Loss: 0.013037
2026-05-20 15:43: Train Epoch 914: 60/83 Loss: 0.005909
2026-05-20 15:43: Train Epoch 914: 80/83 Loss: 0.010243
2026-05-20 15:43: **********Train Epoch 914: averaged Loss: 0.007655
2026-05-20 15:43: **********Val Epoch 914: average Loss: 0.035451
2026-05-20 15:43: Train Epoch 915: 0/83 Loss: 0.007192
2026-05-20 15:43: Train Epoch 915: 20/83 Loss: 0.006821
2026-05-20 15:43: Train Epoch 915: 40/83 Loss: 0.013088
2026-05-20 15:43: Train Epoch 915: 60/83 Loss: 0.008246
2026-05-20 15:43: Train Epoch 915: 80/83 Loss: 0.014789
2026-05-20 15:43: **********Train Epoch 915: averaged Loss: 0.006748
2026-05-20 15:43: **********Val Epoch 915: average Loss: 0.021379
2026-05-20 15:43: Train Epoch 916: 0/83 Loss: 0.011527
2026-05-20 15:43: Train Epoch 916: 20/83 Loss: 0.018023
2026-05-20 15:43: Train Epoch 916: 40/83 Loss: 0.015312
2026-05-20 15:44: Train Epoch 916: 60/83 Loss: 0.008567
2026-05-20 15:44: Train Epoch 916: 80/83 Loss: 0.009611
2026-05-20 15:44: **********Train Epoch 916: averaged Loss: 0.009916
2026-05-20 15:44: **********Val Epoch 916: average Loss: 0.034769
2026-05-20 15:44: Train Epoch 917: 0/83 Loss: 0.009804
2026-05-20 15:44: Train Epoch 917: 20/83 Loss: 0.002627
2026-05-20 15:44: Train Epoch 917: 40/83 Loss: 0.013817
2026-05-20 15:44: Train Epoch 917: 60/83 Loss: 0.007392
2026-05-20 15:44: Train Epoch 917: 80/83 Loss: 0.010373
2026-05-20 15:44: **********Train Epoch 917: averaged Loss: 0.007708
2026-05-20 15:44: **********Val Epoch 917: average Loss: 0.029501
2026-05-20 15:44: Train Epoch 918: 0/83 Loss: 0.007561
2026-05-20 15:44: Train Epoch 918: 20/83 Loss: 0.012350
2026-05-20 15:44: Train Epoch 918: 40/83 Loss: 0.011866
2026-05-20 15:44: Train Epoch 918: 60/83 Loss: 0.006260
2026-05-20 15:44: Train Epoch 918: 80/83 Loss: 0.007577
2026-05-20 15:44: **********Train Epoch 918: averaged Loss: 0.008068
2026-05-20 15:44: **********Val Epoch 918: average Loss: 0.039518
2026-05-20 15:44: Train Epoch 919: 0/83 Loss: 0.011258
2026-05-20 15:44: Train Epoch 919: 20/83 Loss: 0.004973
2026-05-20 15:44: Train Epoch 919: 40/83 Loss: 0.010601
2026-05-20 15:44: Train Epoch 919: 60/83 Loss: 0.008130
2026-05-20 15:44: Train Epoch 919: 80/83 Loss: 0.008358
2026-05-20 15:44: **********Train Epoch 919: averaged Loss: 0.008275
2026-05-20 15:44: **********Val Epoch 919: average Loss: 0.035507
2026-05-20 15:44: Train Epoch 920: 0/83 Loss: 0.008513
2026-05-20 15:44: Train Epoch 920: 20/83 Loss: 0.003330
2026-05-20 15:44: Train Epoch 920: 40/83 Loss: 0.013247
2026-05-20 15:44: Train Epoch 920: 60/83 Loss: 0.005525
2026-05-20 15:44: Train Epoch 920: 80/83 Loss: 0.006905
2026-05-20 15:44: **********Train Epoch 920: averaged Loss: 0.007422
2026-05-20 15:44: **********Val Epoch 920: average Loss: 0.029954
2026-05-20 15:44: Train Epoch 921: 0/83 Loss: 0.006794
2026-05-20 15:44: Train Epoch 921: 20/83 Loss: 0.004743
2026-05-20 15:44: Train Epoch 921: 40/83 Loss: 0.010521
2026-05-20 15:44: Train Epoch 921: 60/83 Loss: 0.005841
2026-05-20 15:44: Train Epoch 921: 80/83 Loss: 0.006717
2026-05-20 15:44: **********Train Epoch 921: averaged Loss: 0.007723
2026-05-20 15:44: **********Val Epoch 921: average Loss: 0.033366
2026-05-20 15:44: Train Epoch 922: 0/83 Loss: 0.009672
2026-05-20 15:44: Train Epoch 922: 20/83 Loss: 0.003043
2026-05-20 15:44: Train Epoch 922: 40/83 Loss: 0.011189
2026-05-20 15:44: Train Epoch 922: 60/83 Loss: 0.005777
2026-05-20 15:44: Train Epoch 922: 80/83 Loss: 0.006252
2026-05-20 15:44: **********Train Epoch 922: averaged Loss: 0.007132
2026-05-20 15:44: **********Val Epoch 922: average Loss: 0.034937
2026-05-20 15:44: Train Epoch 923: 0/83 Loss: 0.011675
2026-05-20 15:44: Train Epoch 923: 20/83 Loss: 0.014797
2026-05-20 15:44: Train Epoch 923: 40/83 Loss: 0.018727
2026-05-20 15:44: Train Epoch 923: 60/83 Loss: 0.009441
2026-05-20 15:44: Train Epoch 923: 80/83 Loss: 0.009560
2026-05-20 15:44: **********Train Epoch 923: averaged Loss: 0.009152
2026-05-20 15:44: **********Val Epoch 923: average Loss: 0.022576
2026-05-20 15:44: Train Epoch 924: 0/83 Loss: 0.011457
2026-05-20 15:44: Train Epoch 924: 20/83 Loss: 0.003295
2026-05-20 15:44: Train Epoch 924: 40/83 Loss: 0.015977
2026-05-20 15:44: Train Epoch 924: 60/83 Loss: 0.007743
2026-05-20 15:44: Train Epoch 924: 80/83 Loss: 0.014124
2026-05-20 15:44: **********Train Epoch 924: averaged Loss: 0.008601
2026-05-20 15:44: **********Val Epoch 924: average Loss: 0.027420
2026-05-20 15:44: Train Epoch 925: 0/83 Loss: 0.012724
2026-05-20 15:44: Train Epoch 925: 20/83 Loss: 0.006349
2026-05-20 15:44: Train Epoch 925: 40/83 Loss: 0.012047
2026-05-20 15:44: Train Epoch 925: 60/83 Loss: 0.006800
2026-05-20 15:44: Train Epoch 925: 80/83 Loss: 0.007475
2026-05-20 15:44: **********Train Epoch 925: averaged Loss: 0.009532
2026-05-20 15:44: **********Val Epoch 925: average Loss: 0.025029
2026-05-20 15:44: Train Epoch 926: 0/83 Loss: 0.011618
2026-05-20 15:44: Train Epoch 926: 20/83 Loss: 0.002899
2026-05-20 15:44: Train Epoch 926: 40/83 Loss: 0.011634
2026-05-20 15:44: Train Epoch 926: 60/83 Loss: 0.007464
2026-05-20 15:44: Train Epoch 926: 80/83 Loss: 0.011484
2026-05-20 15:44: **********Train Epoch 926: averaged Loss: 0.006867
2026-05-20 15:44: **********Val Epoch 926: average Loss: 0.030440
2026-05-20 15:44: Train Epoch 927: 0/83 Loss: 0.013902
2026-05-20 15:44: Train Epoch 927: 20/83 Loss: 0.003730
2026-05-20 15:44: Train Epoch 927: 40/83 Loss: 0.012198
2026-05-20 15:44: Train Epoch 927: 60/83 Loss: 0.005924
2026-05-20 15:44: Train Epoch 927: 80/83 Loss: 0.007678
2026-05-20 15:44: **********Train Epoch 927: averaged Loss: 0.006464
2026-05-20 15:44: **********Val Epoch 927: average Loss: 0.026730
2026-05-20 15:44: Train Epoch 928: 0/83 Loss: 0.013130
2026-05-20 15:44: Train Epoch 928: 20/83 Loss: 0.002054
2026-05-20 15:44: Train Epoch 928: 40/83 Loss: 0.011781
2026-05-20 15:44: Train Epoch 928: 60/83 Loss: 0.005896
2026-05-20 15:44: Train Epoch 928: 80/83 Loss: 0.011914
2026-05-20 15:44: **********Train Epoch 928: averaged Loss: 0.006947
2026-05-20 15:44: **********Val Epoch 928: average Loss: 0.025251
2026-05-20 15:44: Train Epoch 929: 0/83 Loss: 0.007593
2026-05-20 15:44: Train Epoch 929: 20/83 Loss: 0.005497
2026-05-20 15:44: Train Epoch 929: 40/83 Loss: 0.017145
2026-05-20 15:44: Train Epoch 929: 60/83 Loss: 0.006597
2026-05-20 15:44: Train Epoch 929: 80/83 Loss: 0.009196
2026-05-20 15:44: **********Train Epoch 929: averaged Loss: 0.006648
2026-05-20 15:44: **********Val Epoch 929: average Loss: 0.026550
2026-05-20 15:44: Train Epoch 930: 0/83 Loss: 0.015672
2026-05-20 15:44: Train Epoch 930: 20/83 Loss: 0.002146
2026-05-20 15:44: Train Epoch 930: 40/83 Loss: 0.010177
2026-05-20 15:44: Train Epoch 930: 60/83 Loss: 0.006466
2026-05-20 15:44: Train Epoch 930: 80/83 Loss: 0.007954
2026-05-20 15:44: **********Train Epoch 930: averaged Loss: 0.006949
2026-05-20 15:44: **********Val Epoch 930: average Loss: 0.025780
2026-05-20 15:44: Train Epoch 931: 0/83 Loss: 0.011245
2026-05-20 15:44: Train Epoch 931: 20/83 Loss: 0.002384
2026-05-20 15:44: Train Epoch 931: 40/83 Loss: 0.010844
2026-05-20 15:44: Train Epoch 931: 60/83 Loss: 0.005457
2026-05-20 15:44: Train Epoch 931: 80/83 Loss: 0.009491
2026-05-20 15:44: **********Train Epoch 931: averaged Loss: 0.005983
2026-05-20 15:44: **********Val Epoch 931: average Loss: 0.030210
2026-05-20 15:44: Train Epoch 932: 0/83 Loss: 0.011891
2026-05-20 15:44: Train Epoch 932: 20/83 Loss: 0.002452
2026-05-20 15:45: Train Epoch 932: 40/83 Loss: 0.010351
2026-05-20 15:45: Train Epoch 932: 60/83 Loss: 0.005398
2026-05-20 15:45: Train Epoch 932: 80/83 Loss: 0.006704
2026-05-20 15:45: **********Train Epoch 932: averaged Loss: 0.006532
2026-05-20 15:45: **********Val Epoch 932: average Loss: 0.029233
2026-05-20 15:45: Train Epoch 933: 0/83 Loss: 0.006461
2026-05-20 15:45: Train Epoch 933: 20/83 Loss: 0.002259
2026-05-20 15:45: Train Epoch 933: 40/83 Loss: 0.009342
2026-05-20 15:45: Train Epoch 933: 60/83 Loss: 0.005094
2026-05-20 15:45: Train Epoch 933: 80/83 Loss: 0.007980
2026-05-20 15:45: **********Train Epoch 933: averaged Loss: 0.006420
2026-05-20 15:45: **********Val Epoch 933: average Loss: 0.025594
2026-05-20 15:45: Train Epoch 934: 0/83 Loss: 0.005922
2026-05-20 15:45: Train Epoch 934: 20/83 Loss: 0.002170
2026-05-20 15:45: Train Epoch 934: 40/83 Loss: 0.009253
2026-05-20 15:45: Train Epoch 934: 60/83 Loss: 0.004424
2026-05-20 15:45: Train Epoch 934: 80/83 Loss: 0.010507
2026-05-20 15:45: **********Train Epoch 934: averaged Loss: 0.006219
2026-05-20 15:45: **********Val Epoch 934: average Loss: 0.027221
2026-05-20 15:45: Train Epoch 935: 0/83 Loss: 0.014082
2026-05-20 15:45: Train Epoch 935: 20/83 Loss: 0.003077
2026-05-20 15:45: Train Epoch 935: 40/83 Loss: 0.012877
2026-05-20 15:45: Train Epoch 935: 60/83 Loss: 0.009649
2026-05-20 15:45: Train Epoch 935: 80/83 Loss: 0.009185
2026-05-20 15:45: **********Train Epoch 935: averaged Loss: 0.007949
2026-05-20 15:45: **********Val Epoch 935: average Loss: 0.023691
2026-05-20 15:45: Train Epoch 936: 0/83 Loss: 0.010185
2026-05-20 15:45: Train Epoch 936: 20/83 Loss: 0.002279
2026-05-20 15:45: Train Epoch 936: 40/83 Loss: 0.016408
2026-05-20 15:45: Train Epoch 936: 60/83 Loss: 0.005929
2026-05-20 15:45: Train Epoch 936: 80/83 Loss: 0.011424
2026-05-20 15:45: **********Train Epoch 936: averaged Loss: 0.005984
2026-05-20 15:45: **********Val Epoch 936: average Loss: 0.027495
2026-05-20 15:45: Train Epoch 937: 0/83 Loss: 0.009991
2026-05-20 15:45: Train Epoch 937: 20/83 Loss: 0.002049
2026-05-20 15:45: Train Epoch 937: 40/83 Loss: 0.009267
2026-05-20 15:45: Train Epoch 937: 60/83 Loss: 0.007790
2026-05-20 15:45: Train Epoch 937: 80/83 Loss: 0.006403
2026-05-20 15:45: **********Train Epoch 937: averaged Loss: 0.005814
2026-05-20 15:45: **********Val Epoch 937: average Loss: 0.026135
2026-05-20 15:45: Train Epoch 938: 0/83 Loss: 0.010512
2026-05-20 15:45: Train Epoch 938: 20/83 Loss: 0.002674
2026-05-20 15:45: Train Epoch 938: 40/83 Loss: 0.008023
2026-05-20 15:45: Train Epoch 938: 60/83 Loss: 0.005347
2026-05-20 15:45: Train Epoch 938: 80/83 Loss: 0.009103
2026-05-20 15:45: **********Train Epoch 938: averaged Loss: 0.005877
2026-05-20 15:45: **********Val Epoch 938: average Loss: 0.030248
2026-05-20 15:45: Train Epoch 939: 0/83 Loss: 0.010511
2026-05-20 15:45: Train Epoch 939: 20/83 Loss: 0.001872
2026-05-20 15:45: Train Epoch 939: 40/83 Loss: 0.009597
2026-05-20 15:45: Train Epoch 939: 60/83 Loss: 0.005621
2026-05-20 15:45: Train Epoch 939: 80/83 Loss: 0.009574
2026-05-20 15:45: **********Train Epoch 939: averaged Loss: 0.006507
2026-05-20 15:45: **********Val Epoch 939: average Loss: 0.024990
2026-05-20 15:45: Train Epoch 940: 0/83 Loss: 0.008816
2026-05-20 15:45: Train Epoch 940: 20/83 Loss: 0.002344
2026-05-20 15:45: Train Epoch 940: 40/83 Loss: 0.010654
2026-05-20 15:45: Train Epoch 940: 60/83 Loss: 0.006084
2026-05-20 15:45: Train Epoch 940: 80/83 Loss: 0.009089
2026-05-20 15:45: **********Train Epoch 940: averaged Loss: 0.005671
2026-05-20 15:45: **********Val Epoch 940: average Loss: 0.029053
2026-05-20 15:45: Train Epoch 941: 0/83 Loss: 0.009157
2026-05-20 15:45: Train Epoch 941: 20/83 Loss: 0.002963
2026-05-20 15:45: Train Epoch 941: 40/83 Loss: 0.007233
2026-05-20 15:45: Train Epoch 941: 60/83 Loss: 0.004738
2026-05-20 15:45: Train Epoch 941: 80/83 Loss: 0.006857
2026-05-20 15:45: **********Train Epoch 941: averaged Loss: 0.006098
2026-05-20 15:45: **********Val Epoch 941: average Loss: 0.028994
2026-05-20 15:45: Train Epoch 942: 0/83 Loss: 0.008129
2026-05-20 15:45: Train Epoch 942: 20/83 Loss: 0.002509
2026-05-20 15:45: Train Epoch 942: 40/83 Loss: 0.010437
2026-05-20 15:45: Train Epoch 942: 60/83 Loss: 0.004655
2026-05-20 15:45: Train Epoch 942: 80/83 Loss: 0.007641
2026-05-20 15:45: **********Train Epoch 942: averaged Loss: 0.006598
2026-05-20 15:45: **********Val Epoch 942: average Loss: 0.026302
2026-05-20 15:45: Train Epoch 943: 0/83 Loss: 0.008070
2026-05-20 15:45: Train Epoch 943: 20/83 Loss: 0.003144
2026-05-20 15:45: Train Epoch 943: 40/83 Loss: 0.009275
2026-05-20 15:45: Train Epoch 943: 60/83 Loss: 0.004954
2026-05-20 15:45: Train Epoch 943: 80/83 Loss: 0.005838
2026-05-20 15:45: **********Train Epoch 943: averaged Loss: 0.006667
2026-05-20 15:45: **********Val Epoch 943: average Loss: 0.026942
2026-05-20 15:45: Train Epoch 944: 0/83 Loss: 0.008951
2026-05-20 15:45: Train Epoch 944: 20/83 Loss: 0.004519
2026-05-20 15:45: Train Epoch 944: 40/83 Loss: 0.017002
2026-05-20 15:45: Train Epoch 944: 60/83 Loss: 0.005116
2026-05-20 15:45: Train Epoch 944: 80/83 Loss: 0.006558
2026-05-20 15:45: **********Train Epoch 944: averaged Loss: 0.006539
2026-05-20 15:45: **********Val Epoch 944: average Loss: 0.023867
2026-05-20 15:45: Train Epoch 945: 0/83 Loss: 0.006870
2026-05-20 15:45: Train Epoch 945: 20/83 Loss: 0.003000
2026-05-20 15:45: Train Epoch 945: 40/83 Loss: 0.010660
2026-05-20 15:45: Train Epoch 945: 60/83 Loss: 0.007389
2026-05-20 15:45: Train Epoch 945: 80/83 Loss: 0.008402
2026-05-20 15:45: **********Train Epoch 945: averaged Loss: 0.006838
2026-05-20 15:45: **********Val Epoch 945: average Loss: 0.024241
2026-05-20 15:45: Train Epoch 946: 0/83 Loss: 0.007822
2026-05-20 15:45: Train Epoch 946: 20/83 Loss: 0.003015
2026-05-20 15:45: Train Epoch 946: 40/83 Loss: 0.009240
2026-05-20 15:45: Train Epoch 946: 60/83 Loss: 0.008996
2026-05-20 15:45: Train Epoch 946: 80/83 Loss: 0.006403
2026-05-20 15:45: **********Train Epoch 946: averaged Loss: 0.007183
2026-05-20 15:45: **********Val Epoch 946: average Loss: 0.027739
2026-05-20 15:45: Train Epoch 947: 0/83 Loss: 0.007361
2026-05-20 15:45: Train Epoch 947: 20/83 Loss: 0.004528
2026-05-20 15:45: Train Epoch 947: 40/83 Loss: 0.014297
2026-05-20 15:45: Train Epoch 947: 60/83 Loss: 0.009686
2026-05-20 15:45: Train Epoch 947: 80/83 Loss: 0.006987
2026-05-20 15:45: **********Train Epoch 947: averaged Loss: 0.005847
2026-05-20 15:45: **********Val Epoch 947: average Loss: 0.029622
2026-05-20 15:45: Train Epoch 948: 0/83 Loss: 0.006117
2026-05-20 15:45: Train Epoch 948: 20/83 Loss: 0.005396
2026-05-20 15:46: Train Epoch 948: 40/83 Loss: 0.019499
2026-05-20 15:46: Train Epoch 948: 60/83 Loss: 0.006317
2026-05-20 15:46: Train Epoch 948: 80/83 Loss: 0.009728
2026-05-20 15:46: **********Train Epoch 948: averaged Loss: 0.006757
2026-05-20 15:46: **********Val Epoch 948: average Loss: 0.024909
2026-05-20 15:46: Train Epoch 949: 0/83 Loss: 0.006601
2026-05-20 15:46: Train Epoch 949: 20/83 Loss: 0.002882
2026-05-20 15:46: Train Epoch 949: 40/83 Loss: 0.011952
2026-05-20 15:46: Train Epoch 949: 60/83 Loss: 0.005627
2026-05-20 15:46: Train Epoch 949: 80/83 Loss: 0.014978
2026-05-20 15:46: **********Train Epoch 949: averaged Loss: 0.005588
2026-05-20 15:46: **********Val Epoch 949: average Loss: 0.024898
2026-05-20 15:46: Train Epoch 950: 0/83 Loss: 0.009076
2026-05-20 15:46: Train Epoch 950: 20/83 Loss: 0.003212
2026-05-20 15:46: Train Epoch 950: 40/83 Loss: 0.008842
2026-05-20 15:46: Train Epoch 950: 60/83 Loss: 0.005741
2026-05-20 15:46: Train Epoch 950: 80/83 Loss: 0.006778
2026-05-20 15:46: **********Train Epoch 950: averaged Loss: 0.007235
2026-05-20 15:46: **********Val Epoch 950: average Loss: 0.030422
2026-05-20 15:46: Train Epoch 951: 0/83 Loss: 0.008254
2026-05-20 15:46: Train Epoch 951: 20/83 Loss: 0.004641
2026-05-20 15:46: Train Epoch 951: 40/83 Loss: 0.012789
2026-05-20 15:46: Train Epoch 951: 60/83 Loss: 0.010504
2026-05-20 15:46: Train Epoch 951: 80/83 Loss: 0.010793
2026-05-20 15:46: **********Train Epoch 951: averaged Loss: 0.006246
2026-05-20 15:46: **********Val Epoch 951: average Loss: 0.027265
2026-05-20 15:46: Train Epoch 952: 0/83 Loss: 0.008944
2026-05-20 15:46: Train Epoch 952: 20/83 Loss: 0.001880
2026-05-20 15:46: Train Epoch 952: 40/83 Loss: 0.012185
2026-05-20 15:46: Train Epoch 952: 60/83 Loss: 0.007119
2026-05-20 15:46: Train Epoch 952: 80/83 Loss: 0.011139
2026-05-20 15:46: **********Train Epoch 952: averaged Loss: 0.005850
2026-05-20 15:46: **********Val Epoch 952: average Loss: 0.032277
2026-05-20 15:46: Train Epoch 953: 0/83 Loss: 0.013516
2026-05-20 15:46: Train Epoch 953: 20/83 Loss: 0.002943
2026-05-20 15:46: Train Epoch 953: 40/83 Loss: 0.014728
2026-05-20 15:46: Train Epoch 953: 60/83 Loss: 0.009148
2026-05-20 15:46: Train Epoch 953: 80/83 Loss: 0.009664
2026-05-20 15:46: **********Train Epoch 953: averaged Loss: 0.006776
2026-05-20 15:46: **********Val Epoch 953: average Loss: 0.026268
2026-05-20 15:46: Train Epoch 954: 0/83 Loss: 0.012680
2026-05-20 15:46: Train Epoch 954: 20/83 Loss: 0.002727
2026-05-20 15:46: Train Epoch 954: 40/83 Loss: 0.013392
2026-05-20 15:46: Train Epoch 954: 60/83 Loss: 0.006719
2026-05-20 15:46: Train Epoch 954: 80/83 Loss: 0.007487
2026-05-20 15:46: **********Train Epoch 954: averaged Loss: 0.005948
2026-05-20 15:46: **********Val Epoch 954: average Loss: 0.034835
2026-05-20 15:46: Train Epoch 955: 0/83 Loss: 0.007100
2026-05-20 15:46: Train Epoch 955: 20/83 Loss: 0.002589
2026-05-20 15:46: Train Epoch 955: 40/83 Loss: 0.016952
2026-05-20 15:46: Train Epoch 955: 60/83 Loss: 0.009356
2026-05-20 15:46: Train Epoch 955: 80/83 Loss: 0.006378
2026-05-20 15:46: **********Train Epoch 955: averaged Loss: 0.006325
2026-05-20 15:46: **********Val Epoch 955: average Loss: 0.034691
2026-05-20 15:46: Train Epoch 956: 0/83 Loss: 0.006064
2026-05-20 15:46: Train Epoch 956: 20/83 Loss: 0.002220
2026-05-20 15:46: Train Epoch 956: 40/83 Loss: 0.014616
2026-05-20 15:46: Train Epoch 956: 60/83 Loss: 0.007068
2026-05-20 15:46: Train Epoch 956: 80/83 Loss: 0.009211
2026-05-20 15:46: **********Train Epoch 956: averaged Loss: 0.006613
2026-05-20 15:46: **********Val Epoch 956: average Loss: 0.034975
2026-05-20 15:46: Train Epoch 957: 0/83 Loss: 0.012533
2026-05-20 15:46: Train Epoch 957: 20/83 Loss: 0.005588
2026-05-20 15:46: Train Epoch 957: 40/83 Loss: 0.017758
2026-05-20 15:46: Train Epoch 957: 60/83 Loss: 0.005868
2026-05-20 15:46: Train Epoch 957: 80/83 Loss: 0.007515
2026-05-20 15:46: **********Train Epoch 957: averaged Loss: 0.007116
2026-05-20 15:46: **********Val Epoch 957: average Loss: 0.026536
2026-05-20 15:46: Train Epoch 958: 0/83 Loss: 0.006120
2026-05-20 15:46: Train Epoch 958: 20/83 Loss: 0.009181
2026-05-20 15:46: Train Epoch 958: 40/83 Loss: 0.015063
2026-05-20 15:46: Train Epoch 958: 60/83 Loss: 0.005188
2026-05-20 15:46: Train Epoch 958: 80/83 Loss: 0.009744
2026-05-20 15:46: **********Train Epoch 958: averaged Loss: 0.006550
2026-05-20 15:46: **********Val Epoch 958: average Loss: 0.025178
2026-05-20 15:46: Train Epoch 959: 0/83 Loss: 0.006975
2026-05-20 15:46: Train Epoch 959: 20/83 Loss: 0.003325
2026-05-20 15:46: Train Epoch 959: 40/83 Loss: 0.011978
2026-05-20 15:46: Train Epoch 959: 60/83 Loss: 0.006273
2026-05-20 15:46: Train Epoch 959: 80/83 Loss: 0.008709
2026-05-20 15:46: **********Train Epoch 959: averaged Loss: 0.005545
2026-05-20 15:46: **********Val Epoch 959: average Loss: 0.027353
2026-05-20 15:46: Train Epoch 960: 0/83 Loss: 0.005492
2026-05-20 15:46: Train Epoch 960: 20/83 Loss: 0.004872
2026-05-20 15:46: Train Epoch 960: 40/83 Loss: 0.010419
2026-05-20 15:46: Train Epoch 960: 60/83 Loss: 0.007616
2026-05-20 15:46: Train Epoch 960: 80/83 Loss: 0.007263
2026-05-20 15:46: **********Train Epoch 960: averaged Loss: 0.005810
2026-05-20 15:46: **********Val Epoch 960: average Loss: 0.039919
2026-05-20 15:46: Train Epoch 961: 0/83 Loss: 0.011009
2026-05-20 15:46: Train Epoch 961: 20/83 Loss: 0.003064
2026-05-20 15:46: Train Epoch 961: 40/83 Loss: 0.021227
2026-05-20 15:46: Train Epoch 961: 60/83 Loss: 0.005101
2026-05-20 15:46: Train Epoch 961: 80/83 Loss: 0.007122
2026-05-20 15:46: **********Train Epoch 961: averaged Loss: 0.006846
2026-05-20 15:46: **********Val Epoch 961: average Loss: 0.028763
2026-05-20 15:46: Train Epoch 962: 0/83 Loss: 0.004962
2026-05-20 15:46: Train Epoch 962: 20/83 Loss: 0.002431
2026-05-20 15:46: Train Epoch 962: 40/83 Loss: 0.012610
2026-05-20 15:46: Train Epoch 962: 60/83 Loss: 0.005204
2026-05-20 15:46: Train Epoch 962: 80/83 Loss: 0.008428
2026-05-20 15:46: **********Train Epoch 962: averaged Loss: 0.005131
2026-05-20 15:46: **********Val Epoch 962: average Loss: 0.026367
2026-05-20 15:46: Train Epoch 963: 0/83 Loss: 0.005313
2026-05-20 15:46: Train Epoch 963: 20/83 Loss: 0.002244
2026-05-20 15:46: Train Epoch 963: 40/83 Loss: 0.010387
2026-05-20 15:46: Train Epoch 963: 60/83 Loss: 0.005163
2026-05-20 15:46: Train Epoch 963: 80/83 Loss: 0.006440
2026-05-20 15:46: **********Train Epoch 963: averaged Loss: 0.005363
2026-05-20 15:46: **********Val Epoch 963: average Loss: 0.033632
2026-05-20 15:46: Train Epoch 964: 0/83 Loss: 0.010903
2026-05-20 15:46: Train Epoch 964: 20/83 Loss: 0.008254
2026-05-20 15:46: Train Epoch 964: 40/83 Loss: 0.010741
2026-05-20 15:46: Train Epoch 964: 60/83 Loss: 0.006580
2026-05-20 15:46: Train Epoch 964: 80/83 Loss: 0.007940
2026-05-20 15:46: **********Train Epoch 964: averaged Loss: 0.006284
2026-05-20 15:46: **********Val Epoch 964: average Loss: 0.027988
2026-05-20 15:46: Train Epoch 965: 0/83 Loss: 0.009774
2026-05-20 15:47: Train Epoch 965: 20/83 Loss: 0.002504
2026-05-20 15:47: Train Epoch 965: 40/83 Loss: 0.011956
2026-05-20 15:47: Train Epoch 965: 60/83 Loss: 0.005248
2026-05-20 15:47: Train Epoch 965: 80/83 Loss: 0.007322
2026-05-20 15:47: **********Train Epoch 965: averaged Loss: 0.005462
2026-05-20 15:47: **********Val Epoch 965: average Loss: 0.038945
2026-05-20 15:47: Train Epoch 966: 0/83 Loss: 0.011589
2026-05-20 15:47: Train Epoch 966: 20/83 Loss: 0.006372
2026-05-20 15:47: Train Epoch 966: 40/83 Loss: 0.010637
2026-05-20 15:47: Train Epoch 966: 60/83 Loss: 0.007349
2026-05-20 15:47: Train Epoch 966: 80/83 Loss: 0.006428
2026-05-20 15:47: **********Train Epoch 966: averaged Loss: 0.006106
2026-05-20 15:47: **********Val Epoch 966: average Loss: 0.033293
2026-05-20 15:47: Train Epoch 967: 0/83 Loss: 0.005156
2026-05-20 15:47: Train Epoch 967: 20/83 Loss: 0.001854
2026-05-20 15:47: Train Epoch 967: 40/83 Loss: 0.010098
2026-05-20 15:47: Train Epoch 967: 60/83 Loss: 0.006409
2026-05-20 15:47: Train Epoch 967: 80/83 Loss: 0.007834
2026-05-20 15:47: **********Train Epoch 967: averaged Loss: 0.005289
2026-05-20 15:47: **********Val Epoch 967: average Loss: 0.025633
2026-05-20 15:47: Train Epoch 968: 0/83 Loss: 0.006694
2026-05-20 15:47: Train Epoch 968: 20/83 Loss: 0.002379
2026-05-20 15:47: Train Epoch 968: 40/83 Loss: 0.012133
2026-05-20 15:47: Train Epoch 968: 60/83 Loss: 0.004851
2026-05-20 15:47: Train Epoch 968: 80/83 Loss: 0.008915
2026-05-20 15:47: **********Train Epoch 968: averaged Loss: 0.006979
2026-05-20 15:47: **********Val Epoch 968: average Loss: 0.035228
2026-05-20 15:47: Train Epoch 969: 0/83 Loss: 0.007607
2026-05-20 15:47: Train Epoch 969: 20/83 Loss: 0.010221
2026-05-20 15:47: Train Epoch 969: 40/83 Loss: 0.011007
2026-05-20 15:47: Train Epoch 969: 60/83 Loss: 0.004694
2026-05-20 15:47: Train Epoch 969: 80/83 Loss: 0.010579
2026-05-20 15:47: **********Train Epoch 969: averaged Loss: 0.006380
2026-05-20 15:47: **********Val Epoch 969: average Loss: 0.027797
2026-05-20 15:47: Train Epoch 970: 0/83 Loss: 0.005860
2026-05-20 15:47: Train Epoch 970: 20/83 Loss: 0.005378
2026-05-20 15:47: Train Epoch 970: 40/83 Loss: 0.011364
2026-05-20 15:47: Train Epoch 970: 60/83 Loss: 0.006962
2026-05-20 15:47: Train Epoch 970: 80/83 Loss: 0.007483
2026-05-20 15:47: **********Train Epoch 970: averaged Loss: 0.008182
2026-05-20 15:47: **********Val Epoch 970: average Loss: 0.040060
2026-05-20 15:47: Train Epoch 971: 0/83 Loss: 0.010041
2026-05-20 15:47: Train Epoch 971: 20/83 Loss: 0.003706
2026-05-20 15:47: Train Epoch 971: 40/83 Loss: 0.010308
2026-05-20 15:47: Train Epoch 971: 60/83 Loss: 0.005325
2026-05-20 15:47: Train Epoch 971: 80/83 Loss: 0.006245
2026-05-20 15:47: **********Train Epoch 971: averaged Loss: 0.006207
2026-05-20 15:47: **********Val Epoch 971: average Loss: 0.027865
2026-05-20 15:47: Train Epoch 972: 0/83 Loss: 0.005837
2026-05-20 15:47: Train Epoch 972: 20/83 Loss: 0.004953
2026-05-20 15:47: Train Epoch 972: 40/83 Loss: 0.009167
2026-05-20 15:47: Train Epoch 972: 60/83 Loss: 0.005036
2026-05-20 15:47: Train Epoch 972: 80/83 Loss: 0.006005
2026-05-20 15:47: **********Train Epoch 972: averaged Loss: 0.006557
2026-05-20 15:47: **********Val Epoch 972: average Loss: 0.033711
2026-05-20 15:47: Train Epoch 973: 0/83 Loss: 0.012031
2026-05-20 15:47: Train Epoch 973: 20/83 Loss: 0.003018
2026-05-20 15:47: Train Epoch 973: 40/83 Loss: 0.009699
2026-05-20 15:47: Train Epoch 973: 60/83 Loss: 0.004455
2026-05-20 15:47: Train Epoch 973: 80/83 Loss: 0.008690
2026-05-20 15:47: **********Train Epoch 973: averaged Loss: 0.006305
2026-05-20 15:47: **********Val Epoch 973: average Loss: 0.024432
2026-05-20 15:47: Train Epoch 974: 0/83 Loss: 0.005721
2026-05-20 15:47: Train Epoch 974: 20/83 Loss: 0.004050
2026-05-20 15:47: Train Epoch 974: 40/83 Loss: 0.012059
2026-05-20 15:47: Train Epoch 974: 60/83 Loss: 0.005927
2026-05-20 15:47: Train Epoch 974: 80/83 Loss: 0.008784
2026-05-20 15:47: **********Train Epoch 974: averaged Loss: 0.007823
2026-05-20 15:47: **********Val Epoch 974: average Loss: 0.035987
2026-05-20 15:47: Train Epoch 975: 0/83 Loss: 0.020857
2026-05-20 15:47: Train Epoch 975: 20/83 Loss: 0.010907
2026-05-20 15:47: Train Epoch 975: 40/83 Loss: 0.010131
2026-05-20 15:47: Train Epoch 975: 60/83 Loss: 0.005524
2026-05-20 15:47: Train Epoch 975: 80/83 Loss: 0.008463
2026-05-20 15:47: **********Train Epoch 975: averaged Loss: 0.008307
2026-05-20 15:47: **********Val Epoch 975: average Loss: 0.027802
2026-05-20 15:47: Train Epoch 976: 0/83 Loss: 0.006848
2026-05-20 15:47: Train Epoch 976: 20/83 Loss: 0.001964
2026-05-20 15:47: Train Epoch 976: 40/83 Loss: 0.010535
2026-05-20 15:47: Train Epoch 976: 60/83 Loss: 0.004920
2026-05-20 15:47: Train Epoch 976: 80/83 Loss: 0.007595
2026-05-20 15:47: **********Train Epoch 976: averaged Loss: 0.006276
2026-05-20 15:47: **********Val Epoch 976: average Loss: 0.034851
2026-05-20 15:47: Train Epoch 977: 0/83 Loss: 0.019765
2026-05-20 15:47: Train Epoch 977: 20/83 Loss: 0.003556
2026-05-20 15:47: Train Epoch 977: 40/83 Loss: 0.013639
2026-05-20 15:47: Train Epoch 977: 60/83 Loss: 0.005602
2026-05-20 15:47: Train Epoch 977: 80/83 Loss: 0.008258
2026-05-20 15:47: **********Train Epoch 977: averaged Loss: 0.007826
2026-05-20 15:47: **********Val Epoch 977: average Loss: 0.025526
2026-05-20 15:47: Train Epoch 978: 0/83 Loss: 0.005991
2026-05-20 15:47: Train Epoch 978: 20/83 Loss: 0.002669
2026-05-20 15:47: Train Epoch 978: 40/83 Loss: 0.009758
2026-05-20 15:47: Train Epoch 978: 60/83 Loss: 0.005702
2026-05-20 15:47: Train Epoch 978: 80/83 Loss: 0.007560
2026-05-20 15:47: **********Train Epoch 978: averaged Loss: 0.005965
2026-05-20 15:47: **********Val Epoch 978: average Loss: 0.031923
2026-05-20 15:47: Train Epoch 979: 0/83 Loss: 0.018502
2026-05-20 15:47: Train Epoch 979: 20/83 Loss: 0.002802
2026-05-20 15:47: Train Epoch 979: 40/83 Loss: 0.008177
2026-05-20 15:47: Train Epoch 979: 60/83 Loss: 0.004909
2026-05-20 15:47: Train Epoch 979: 80/83 Loss: 0.008580
2026-05-20 15:47: **********Train Epoch 979: averaged Loss: 0.008957
2026-05-20 15:47: **********Val Epoch 979: average Loss: 0.024386
2026-05-20 15:47: Train Epoch 980: 0/83 Loss: 0.006869
2026-05-20 15:47: Train Epoch 980: 20/83 Loss: 0.002862
2026-05-20 15:47: Train Epoch 980: 40/83 Loss: 0.008920
2026-05-20 15:47: Train Epoch 980: 60/83 Loss: 0.004789
2026-05-20 15:48: Train Epoch 980: 80/83 Loss: 0.006238
2026-05-20 15:48: **********Train Epoch 980: averaged Loss: 0.005709
2026-05-20 15:48: **********Val Epoch 980: average Loss: 0.024880
2026-05-20 15:48: Train Epoch 981: 0/83 Loss: 0.005705
2026-05-20 15:48: Train Epoch 981: 20/83 Loss: 0.003452
2026-05-20 15:48: Train Epoch 981: 40/83 Loss: 0.009332
2026-05-20 15:48: Train Epoch 981: 60/83 Loss: 0.005325
2026-05-20 15:48: Train Epoch 981: 80/83 Loss: 0.007292
2026-05-20 15:48: **********Train Epoch 981: averaged Loss: 0.005269
2026-05-20 15:48: **********Val Epoch 981: average Loss: 0.028460
2026-05-20 15:48: Train Epoch 982: 0/83 Loss: 0.010467
2026-05-20 15:48: Train Epoch 982: 20/83 Loss: 0.005319
2026-05-20 15:48: Train Epoch 982: 40/83 Loss: 0.007245
2026-05-20 15:48: Train Epoch 982: 60/83 Loss: 0.007151
2026-05-20 15:48: Train Epoch 982: 80/83 Loss: 0.006251
2026-05-20 15:48: **********Train Epoch 982: averaged Loss: 0.005986
2026-05-20 15:48: **********Val Epoch 982: average Loss: 0.027172
2026-05-20 15:48: Train Epoch 983: 0/83 Loss: 0.005593
2026-05-20 15:48: Train Epoch 983: 20/83 Loss: 0.004430
2026-05-20 15:48: Train Epoch 983: 40/83 Loss: 0.009675
2026-05-20 15:48: Train Epoch 983: 60/83 Loss: 0.007554
2026-05-20 15:48: Train Epoch 983: 80/83 Loss: 0.006194
2026-05-20 15:48: **********Train Epoch 983: averaged Loss: 0.005888
2026-05-20 15:48: **********Val Epoch 983: average Loss: 0.026298
2026-05-20 15:48: Train Epoch 984: 0/83 Loss: 0.005252
2026-05-20 15:48: Train Epoch 984: 20/83 Loss: 0.002189
2026-05-20 15:48: Train Epoch 984: 40/83 Loss: 0.013809
2026-05-20 15:48: Train Epoch 984: 60/83 Loss: 0.008772
2026-05-20 15:48: Train Epoch 984: 80/83 Loss: 0.006408
2026-05-20 15:48: **********Train Epoch 984: averaged Loss: 0.006482
2026-05-20 15:48: **********Val Epoch 984: average Loss: 0.027804
2026-05-20 15:48: Train Epoch 985: 0/83 Loss: 0.005445
2026-05-20 15:48: Train Epoch 985: 20/83 Loss: 0.004423
2026-05-20 15:48: Train Epoch 985: 40/83 Loss: 0.009123
2026-05-20 15:48: Train Epoch 985: 60/83 Loss: 0.005374
2026-05-20 15:48: Train Epoch 985: 80/83 Loss: 0.011061
2026-05-20 15:48: **********Train Epoch 985: averaged Loss: 0.010078
2026-05-20 15:48: **********Val Epoch 985: average Loss: 0.031226
2026-05-20 15:48: Train Epoch 986: 0/83 Loss: 0.006171
2026-05-20 15:48: Train Epoch 986: 20/83 Loss: 0.003608
2026-05-20 15:48: Train Epoch 986: 40/83 Loss: 0.011820
2026-05-20 15:48: Train Epoch 986: 60/83 Loss: 0.007572
2026-05-20 15:48: Train Epoch 986: 80/83 Loss: 0.007405
2026-05-20 15:48: **********Train Epoch 986: averaged Loss: 0.006548
2026-05-20 15:48: **********Val Epoch 986: average Loss: 0.026286
2026-05-20 15:48: Train Epoch 987: 0/83 Loss: 0.019883
2026-05-20 15:48: Train Epoch 987: 20/83 Loss: 0.002947
2026-05-20 15:48: Train Epoch 987: 40/83 Loss: 0.017635
2026-05-20 15:48: Train Epoch 987: 60/83 Loss: 0.005158
2026-05-20 15:48: Train Epoch 987: 80/83 Loss: 0.008631
2026-05-20 15:48: **********Train Epoch 987: averaged Loss: 0.006560
2026-05-20 15:48: **********Val Epoch 987: average Loss: 0.024719
2026-05-20 15:48: Train Epoch 988: 0/83 Loss: 0.006698
2026-05-20 15:48: Train Epoch 988: 20/83 Loss: 0.003856
2026-05-20 15:48: Train Epoch 988: 40/83 Loss: 0.009073
2026-05-20 15:48: Train Epoch 988: 60/83 Loss: 0.004678
2026-05-20 15:48: Train Epoch 988: 80/83 Loss: 0.007065
2026-05-20 15:48: **********Train Epoch 988: averaged Loss: 0.005552
2026-05-20 15:48: **********Val Epoch 988: average Loss: 0.030777
2026-05-20 15:48: Train Epoch 989: 0/83 Loss: 0.008055
2026-05-20 15:48: Train Epoch 989: 20/83 Loss: 0.007595
2026-05-20 15:48: Train Epoch 989: 40/83 Loss: 0.014772
2026-05-20 15:48: Train Epoch 989: 60/83 Loss: 0.004754
2026-05-20 15:48: Train Epoch 989: 80/83 Loss: 0.005979
2026-05-20 15:48: **********Train Epoch 989: averaged Loss: 0.006110
2026-05-20 15:48: **********Val Epoch 989: average Loss: 0.024885
2026-05-20 15:48: Train Epoch 990: 0/83 Loss: 0.004645
2026-05-20 15:48: Train Epoch 990: 20/83 Loss: 0.003303
2026-05-20 15:48: Train Epoch 990: 40/83 Loss: 0.008180
2026-05-20 15:48: Train Epoch 990: 60/83 Loss: 0.006466
2026-05-20 15:48: Train Epoch 990: 80/83 Loss: 0.007584
2026-05-20 15:48: **********Train Epoch 990: averaged Loss: 0.005302
2026-05-20 15:48: **********Val Epoch 990: average Loss: 0.031028
2026-05-20 15:48: Train Epoch 991: 0/83 Loss: 0.004806
2026-05-20 15:48: Train Epoch 991: 20/83 Loss: 0.003606
2026-05-20 15:48: Train Epoch 991: 40/83 Loss: 0.012903
2026-05-20 15:48: Train Epoch 991: 60/83 Loss: 0.014023
2026-05-20 15:48: Train Epoch 991: 80/83 Loss: 0.005914
2026-05-20 15:48: **********Train Epoch 991: averaged Loss: 0.006157
2026-05-20 15:48: **********Val Epoch 991: average Loss: 0.025094
2026-05-20 15:48: Train Epoch 992: 0/83 Loss: 0.004992
2026-05-20 15:48: Train Epoch 992: 20/83 Loss: 0.001707
2026-05-20 15:48: Train Epoch 992: 40/83 Loss: 0.020690
2026-05-20 15:48: Train Epoch 992: 60/83 Loss: 0.006097
2026-05-20 15:48: Train Epoch 992: 80/83 Loss: 0.008101
2026-05-20 15:48: **********Train Epoch 992: averaged Loss: 0.006212
2026-05-20 15:48: **********Val Epoch 992: average Loss: 0.037219
2026-05-20 15:48: Train Epoch 993: 0/83 Loss: 0.013223
2026-05-20 15:48: Train Epoch 993: 20/83 Loss: 0.004269
2026-05-20 15:48: Train Epoch 993: 40/83 Loss: 0.009459
2026-05-20 15:48: Train Epoch 993: 60/83 Loss: 0.011682
2026-05-20 15:48: Train Epoch 993: 80/83 Loss: 0.007137
2026-05-20 15:48: **********Train Epoch 993: averaged Loss: 0.006274
2026-05-20 15:48: **********Val Epoch 993: average Loss: 0.030718
2026-05-20 15:48: Train Epoch 994: 0/83 Loss: 0.005235
2026-05-20 15:48: Train Epoch 994: 20/83 Loss: 0.001975
2026-05-20 15:48: Train Epoch 994: 40/83 Loss: 0.016261
2026-05-20 15:48: Train Epoch 994: 60/83 Loss: 0.005658
2026-05-20 15:48: Train Epoch 994: 80/83 Loss: 0.006256
2026-05-20 15:48: **********Train Epoch 994: averaged Loss: 0.005644
2026-05-20 15:48: **********Val Epoch 994: average Loss: 0.025723
2026-05-20 15:48: Train Epoch 995: 0/83 Loss: 0.005560
2026-05-20 15:48: Train Epoch 995: 20/83 Loss: 0.002682
2026-05-20 15:48: Train Epoch 995: 40/83 Loss: 0.009908
2026-05-20 15:48: Train Epoch 995: 60/83 Loss: 0.004728
2026-05-20 15:48: Train Epoch 995: 80/83 Loss: 0.005187
2026-05-20 15:48: **********Train Epoch 995: averaged Loss: 0.006033
2026-05-20 15:48: **********Val Epoch 995: average Loss: 0.034920
2026-05-20 15:48: Train Epoch 996: 0/83 Loss: 0.009541
2026-05-20 15:48: Train Epoch 996: 20/83 Loss: 0.009483
2026-05-20 15:48: Train Epoch 996: 40/83 Loss: 0.012449
2026-05-20 15:48: Train Epoch 996: 60/83 Loss: 0.004729
2026-05-20 15:49: Train Epoch 996: 80/83 Loss: 0.008983
2026-05-20 15:49: **********Train Epoch 996: averaged Loss: 0.006373
2026-05-20 15:49: **********Val Epoch 996: average Loss: 0.026178
2026-05-20 15:49: Train Epoch 997: 0/83 Loss: 0.005123
2026-05-20 15:49: Train Epoch 997: 20/83 Loss: 0.006038
2026-05-20 15:49: Train Epoch 997: 40/83 Loss: 0.011471
2026-05-20 15:49: Train Epoch 997: 60/83 Loss: 0.004689
2026-05-20 15:49: Train Epoch 997: 80/83 Loss: 0.006649
2026-05-20 15:49: **********Train Epoch 997: averaged Loss: 0.006945
2026-05-20 15:49: **********Val Epoch 997: average Loss: 0.029989
2026-05-20 15:49: Train Epoch 998: 0/83 Loss: 0.012774
2026-05-20 15:49: Train Epoch 998: 20/83 Loss: 0.005647
2026-05-20 15:49: Train Epoch 998: 40/83 Loss: 0.010765
2026-05-20 15:49: Train Epoch 998: 60/83 Loss: 0.006252
2026-05-20 15:49: Train Epoch 998: 80/83 Loss: 0.012900
2026-05-20 15:49: **********Train Epoch 998: averaged Loss: 0.007182
2026-05-20 15:49: **********Val Epoch 998: average Loss: 0.035230
2026-05-20 15:49: Train Epoch 999: 0/83 Loss: 0.005996
2026-05-20 15:49: Train Epoch 999: 20/83 Loss: 0.002401
2026-05-20 15:49: Train Epoch 999: 40/83 Loss: 0.009415
2026-05-20 15:49: Train Epoch 999: 60/83 Loss: 0.006380
2026-05-20 15:49: Train Epoch 999: 80/83 Loss: 0.007508
2026-05-20 15:49: **********Train Epoch 999: averaged Loss: 0.006137
2026-05-20 15:49: **********Val Epoch 999: average Loss: 0.031289
2026-05-20 15:49: Train Epoch 1000: 0/83 Loss: 0.010033
2026-05-20 15:49: Train Epoch 1000: 20/83 Loss: 0.010783
2026-05-20 15:49: Train Epoch 1000: 40/83 Loss: 0.018243
2026-05-20 15:49: Train Epoch 1000: 60/83 Loss: 0.007142
2026-05-20 15:49: Train Epoch 1000: 80/83 Loss: 0.007775
2026-05-20 15:49: **********Train Epoch 1000: averaged Loss: 0.007439
2026-05-20 15:49: **********Val Epoch 1000: average Loss: 0.028261
2026-05-20 15:49: Train Epoch 1001: 0/83 Loss: 0.007224
2026-05-20 15:49: Train Epoch 1001: 20/83 Loss: 0.004087
2026-05-20 15:49: Train Epoch 1001: 40/83 Loss: 0.009404
2026-05-20 15:49: Train Epoch 1001: 60/83 Loss: 0.005855
2026-05-20 15:49: Train Epoch 1001: 80/83 Loss: 0.007548
2026-05-20 15:49: **********Train Epoch 1001: averaged Loss: 0.006520
2026-05-20 15:49: **********Val Epoch 1001: average Loss: 0.026757
2026-05-20 15:49: Train Epoch 1002: 0/83 Loss: 0.005923
2026-05-20 15:49: Train Epoch 1002: 20/83 Loss: 0.001714
2026-05-20 15:49: Train Epoch 1002: 40/83 Loss: 0.007312
2026-05-20 15:49: Train Epoch 1002: 60/83 Loss: 0.004555
2026-05-20 15:49: Train Epoch 1002: 80/83 Loss: 0.005895
2026-05-20 15:49: **********Train Epoch 1002: averaged Loss: 0.005259
2026-05-20 15:49: **********Val Epoch 1002: average Loss: 0.033315
2026-05-20 15:49: Train Epoch 1003: 0/83 Loss: 0.007873
2026-05-20 15:49: Train Epoch 1003: 20/83 Loss: 0.005017
2026-05-20 15:49: Train Epoch 1003: 40/83 Loss: 0.010466
2026-05-20 15:49: Train Epoch 1003: 60/83 Loss: 0.004144
2026-05-20 15:49: Train Epoch 1003: 80/83 Loss: 0.007267
2026-05-20 15:49: **********Train Epoch 1003: averaged Loss: 0.005387
2026-05-20 15:49: **********Val Epoch 1003: average Loss: 0.026162
2026-05-20 15:49: Train Epoch 1004: 0/83 Loss: 0.006997
2026-05-20 15:49: Train Epoch 1004: 20/83 Loss: 0.002271
2026-05-20 15:49: Train Epoch 1004: 40/83 Loss: 0.009973
2026-05-20 15:49: Train Epoch 1004: 60/83 Loss: 0.005759
2026-05-20 15:49: Train Epoch 1004: 80/83 Loss: 0.006777
2026-05-20 15:49: **********Train Epoch 1004: averaged Loss: 0.006494
2026-05-20 15:49: **********Val Epoch 1004: average Loss: 0.037056
2026-05-20 15:49: Train Epoch 1005: 0/83 Loss: 0.009476
2026-05-20 15:49: Train Epoch 1005: 20/83 Loss: 0.002050
2026-05-20 15:49: Train Epoch 1005: 40/83 Loss: 0.009552
2026-05-20 15:49: Train Epoch 1005: 60/83 Loss: 0.006119
2026-05-20 15:49: Train Epoch 1005: 80/83 Loss: 0.009286
2026-05-20 15:49: **********Train Epoch 1005: averaged Loss: 0.005730
2026-05-20 15:49: **********Val Epoch 1005: average Loss: 0.027694
2026-05-20 15:49: Train Epoch 1006: 0/83 Loss: 0.007222
2026-05-20 15:49: Train Epoch 1006: 20/83 Loss: 0.001772
2026-05-20 15:49: Train Epoch 1006: 40/83 Loss: 0.008564
2026-05-20 15:49: Train Epoch 1006: 60/83 Loss: 0.004631
2026-05-20 15:49: Train Epoch 1006: 80/83 Loss: 0.005615
2026-05-20 15:49: **********Train Epoch 1006: averaged Loss: 0.004967
2026-05-20 15:49: **********Val Epoch 1006: average Loss: 0.038277
2026-05-20 15:49: Train Epoch 1007: 0/83 Loss: 0.012807
2026-05-20 15:49: Train Epoch 1007: 20/83 Loss: 0.005629
2026-05-20 15:49: Train Epoch 1007: 40/83 Loss: 0.008798
2026-05-20 15:49: Train Epoch 1007: 60/83 Loss: 0.006370
2026-05-20 15:49: Train Epoch 1007: 80/83 Loss: 0.007480
2026-05-20 15:49: **********Train Epoch 1007: averaged Loss: 0.006304
2026-05-20 15:49: **********Val Epoch 1007: average Loss: 0.035302
2026-05-20 15:49: Train Epoch 1008: 0/83 Loss: 0.009719
2026-05-20 15:49: Train Epoch 1008: 20/83 Loss: 0.003910
2026-05-20 15:49: Train Epoch 1008: 40/83 Loss: 0.010998
2026-05-20 15:49: Train Epoch 1008: 60/83 Loss: 0.005348
2026-05-20 15:49: Train Epoch 1008: 80/83 Loss: 0.005316
2026-05-20 15:49: **********Train Epoch 1008: averaged Loss: 0.006349
2026-05-20 15:49: **********Val Epoch 1008: average Loss: 0.027431
2026-05-20 15:49: Train Epoch 1009: 0/83 Loss: 0.006550
2026-05-20 15:49: Train Epoch 1009: 20/83 Loss: 0.003209
2026-05-20 15:49: Train Epoch 1009: 40/83 Loss: 0.009723
2026-05-20 15:49: Train Epoch 1009: 60/83 Loss: 0.005389
2026-05-20 15:49: Train Epoch 1009: 80/83 Loss: 0.006039
2026-05-20 15:49: **********Train Epoch 1009: averaged Loss: 0.005659
2026-05-20 15:49: **********Val Epoch 1009: average Loss: 0.029734
2026-05-20 15:49: Train Epoch 1010: 0/83 Loss: 0.006967
2026-05-20 15:49: Train Epoch 1010: 20/83 Loss: 0.002141
2026-05-20 15:49: Train Epoch 1010: 40/83 Loss: 0.008408
2026-05-20 15:49: Train Epoch 1010: 60/83 Loss: 0.005806
2026-05-20 15:49: Train Epoch 1010: 80/83 Loss: 0.011177
2026-05-20 15:49: **********Train Epoch 1010: averaged Loss: 0.006408
2026-05-20 15:49: **********Val Epoch 1010: average Loss: 0.028607
2026-05-20 15:49: Train Epoch 1011: 0/83 Loss: 0.012972
2026-05-20 15:49: Train Epoch 1011: 20/83 Loss: 0.004959
2026-05-20 15:49: Train Epoch 1011: 40/83 Loss: 0.015700
2026-05-20 15:49: Train Epoch 1011: 60/83 Loss: 0.005824
2026-05-20 15:49: Train Epoch 1011: 80/83 Loss: 0.006131
2026-05-20 15:49: **********Train Epoch 1011: averaged Loss: 0.007718
2026-05-20 15:49: **********Val Epoch 1011: average Loss: 0.029150
2026-05-20 15:49: Train Epoch 1012: 0/83 Loss: 0.007880
2026-05-20 15:49: Train Epoch 1012: 20/83 Loss: 0.002019
2026-05-20 15:49: Train Epoch 1012: 40/83 Loss: 0.008463
2026-05-20 15:50: Train Epoch 1012: 60/83 Loss: 0.005449
2026-05-20 15:50: Train Epoch 1012: 80/83 Loss: 0.006417
2026-05-20 15:50: **********Train Epoch 1012: averaged Loss: 0.006136
2026-05-20 15:50: **********Val Epoch 1012: average Loss: 0.026686
2026-05-20 15:50: Train Epoch 1013: 0/83 Loss: 0.010753
2026-05-20 15:50: Train Epoch 1013: 20/83 Loss: 0.002815
2026-05-20 15:50: Train Epoch 1013: 40/83 Loss: 0.010150
2026-05-20 15:50: Train Epoch 1013: 60/83 Loss: 0.007561
2026-05-20 15:50: Train Epoch 1013: 80/83 Loss: 0.006982
2026-05-20 15:50: **********Train Epoch 1013: averaged Loss: 0.005515
2026-05-20 15:50: **********Val Epoch 1013: average Loss: 0.030219
2026-05-20 15:50: Train Epoch 1014: 0/83 Loss: 0.006905
2026-05-20 15:50: Train Epoch 1014: 20/83 Loss: 0.002235
2026-05-20 15:50: Train Epoch 1014: 40/83 Loss: 0.013959
2026-05-20 15:50: Train Epoch 1014: 60/83 Loss: 0.005495
2026-05-20 15:50: Train Epoch 1014: 80/83 Loss: 0.007469
2026-05-20 15:50: **********Train Epoch 1014: averaged Loss: 0.005893
2026-05-20 15:50: **********Val Epoch 1014: average Loss: 0.032589
2026-05-20 15:50: Train Epoch 1015: 0/83 Loss: 0.010613
2026-05-20 15:50: Train Epoch 1015: 20/83 Loss: 0.002480
2026-05-20 15:50: Train Epoch 1015: 40/83 Loss: 0.010971
2026-05-20 15:50: Train Epoch 1015: 60/83 Loss: 0.006836
2026-05-20 15:50: Train Epoch 1015: 80/83 Loss: 0.009789
2026-05-20 15:50: **********Train Epoch 1015: averaged Loss: 0.008194
2026-05-20 15:50: **********Val Epoch 1015: average Loss: 0.026523
2026-05-20 15:50: Train Epoch 1016: 0/83 Loss: 0.010158
2026-05-20 15:50: Train Epoch 1016: 20/83 Loss: 0.002465
2026-05-20 15:50: Train Epoch 1016: 40/83 Loss: 0.009729
2026-05-20 15:50: Train Epoch 1016: 60/83 Loss: 0.005196
2026-05-20 15:50: Train Epoch 1016: 80/83 Loss: 0.008172
2026-05-20 15:50: **********Train Epoch 1016: averaged Loss: 0.005545
2026-05-20 15:50: **********Val Epoch 1016: average Loss: 0.029340
2026-05-20 15:50: Train Epoch 1017: 0/83 Loss: 0.011469
2026-05-20 15:50: Train Epoch 1017: 20/83 Loss: 0.006366
2026-05-20 15:50: Train Epoch 1017: 40/83 Loss: 0.017011
2026-05-20 15:50: Train Epoch 1017: 60/83 Loss: 0.004618
2026-05-20 15:50: Train Epoch 1017: 80/83 Loss: 0.005963
2026-05-20 15:50: **********Train Epoch 1017: averaged Loss: 0.007135
2026-05-20 15:50: **********Val Epoch 1017: average Loss: 0.031432
2026-05-20 15:50: Train Epoch 1018: 0/83 Loss: 0.007096
2026-05-20 15:50: Train Epoch 1018: 20/83 Loss: 0.002425
2026-05-20 15:50: Train Epoch 1018: 40/83 Loss: 0.011642
2026-05-20 15:50: Train Epoch 1018: 60/83 Loss: 0.004721
2026-05-20 15:50: Train Epoch 1018: 80/83 Loss: 0.006042
2026-05-20 15:50: **********Train Epoch 1018: averaged Loss: 0.006107
2026-05-20 15:50: **********Val Epoch 1018: average Loss: 0.026872
2026-05-20 15:50: Train Epoch 1019: 0/83 Loss: 0.006318
2026-05-20 15:50: Train Epoch 1019: 20/83 Loss: 0.002092
2026-05-20 15:50: Train Epoch 1019: 40/83 Loss: 0.013437
2026-05-20 15:50: Train Epoch 1019: 60/83 Loss: 0.005435
2026-05-20 15:50: Train Epoch 1019: 80/83 Loss: 0.005608
2026-05-20 15:50: **********Train Epoch 1019: averaged Loss: 0.006511
2026-05-20 15:50: **********Val Epoch 1019: average Loss: 0.027032
2026-05-20 15:50: Train Epoch 1020: 0/83 Loss: 0.010567
2026-05-20 15:50: Train Epoch 1020: 20/83 Loss: 0.002043
2026-05-20 15:50: Train Epoch 1020: 40/83 Loss: 0.011271
2026-05-20 15:50: Train Epoch 1020: 60/83 Loss: 0.007099
2026-05-20 15:50: Train Epoch 1020: 80/83 Loss: 0.012580
2026-05-20 15:50: **********Train Epoch 1020: averaged Loss: 0.008873
2026-05-20 15:50: **********Val Epoch 1020: average Loss: 0.025137
2026-05-20 15:50: Train Epoch 1021: 0/83 Loss: 0.007000
2026-05-20 15:50: Train Epoch 1021: 20/83 Loss: 0.001795
2026-05-20 15:50: Train Epoch 1021: 40/83 Loss: 0.020371
2026-05-20 15:50: Train Epoch 1021: 60/83 Loss: 0.008671
2026-05-20 15:50: Train Epoch 1021: 80/83 Loss: 0.006931
2026-05-20 15:50: **********Train Epoch 1021: averaged Loss: 0.007545
2026-05-20 15:50: **********Val Epoch 1021: average Loss: 0.028210
2026-05-20 15:50: Train Epoch 1022: 0/83 Loss: 0.005776
2026-05-20 15:50: Train Epoch 1022: 20/83 Loss: 0.002904
2026-05-20 15:50: Train Epoch 1022: 40/83 Loss: 0.011986
2026-05-20 15:50: Train Epoch 1022: 60/83 Loss: 0.004982
2026-05-20 15:50: Train Epoch 1022: 80/83 Loss: 0.006050
2026-05-20 15:50: **********Train Epoch 1022: averaged Loss: 0.005585
2026-05-20 15:50: **********Val Epoch 1022: average Loss: 0.026642
2026-05-20 15:50: Train Epoch 1023: 0/83 Loss: 0.012462
2026-05-20 15:50: Train Epoch 1023: 20/83 Loss: 0.002292
2026-05-20 15:50: Train Epoch 1023: 40/83 Loss: 0.011317
2026-05-20 15:50: Train Epoch 1023: 60/83 Loss: 0.007164
2026-05-20 15:50: Train Epoch 1023: 80/83 Loss: 0.006086
2026-05-20 15:50: **********Train Epoch 1023: averaged Loss: 0.007231
2026-05-20 15:50: **********Val Epoch 1023: average Loss: 0.024779
2026-05-20 15:50: Train Epoch 1024: 0/83 Loss: 0.008895
2026-05-20 15:50: Train Epoch 1024: 20/83 Loss: 0.003273
2026-05-20 15:50: Train Epoch 1024: 40/83 Loss: 0.016386
2026-05-20 15:50: Train Epoch 1024: 60/83 Loss: 0.005653
2026-05-20 15:50: Train Epoch 1024: 80/83 Loss: 0.007215
2026-05-20 15:50: **********Train Epoch 1024: averaged Loss: 0.006203
2026-05-20 15:50: **********Val Epoch 1024: average Loss: 0.033522
2026-05-20 15:50: Train Epoch 1025: 0/83 Loss: 0.009282
2026-05-20 15:50: Train Epoch 1025: 20/83 Loss: 0.003528
2026-05-20 15:50: Train Epoch 1025: 40/83 Loss: 0.008684
2026-05-20 15:50: Train Epoch 1025: 60/83 Loss: 0.007782
2026-05-20 15:50: Train Epoch 1025: 80/83 Loss: 0.006098
2026-05-20 15:50: **********Train Epoch 1025: averaged Loss: 0.005919
2026-05-20 15:50: **********Val Epoch 1025: average Loss: 0.027403
2026-05-20 15:50: Train Epoch 1026: 0/83 Loss: 0.009904
2026-05-20 15:50: Train Epoch 1026: 20/83 Loss: 0.002395
2026-05-20 15:50: Train Epoch 1026: 40/83 Loss: 0.011432
2026-05-20 15:50: Train Epoch 1026: 60/83 Loss: 0.013189
2026-05-20 15:50: Train Epoch 1026: 80/83 Loss: 0.010353
2026-05-20 15:50: **********Train Epoch 1026: averaged Loss: 0.006352
2026-05-20 15:50: **********Val Epoch 1026: average Loss: 0.027750
2026-05-20 15:50: Train Epoch 1027: 0/83 Loss: 0.006812
2026-05-20 15:50: Train Epoch 1027: 20/83 Loss: 0.004254
2026-05-20 15:50: Train Epoch 1027: 40/83 Loss: 0.009914
2026-05-20 15:50: Train Epoch 1027: 60/83 Loss: 0.006306
2026-05-20 15:50: Train Epoch 1027: 80/83 Loss: 0.007245
2026-05-20 15:50: **********Train Epoch 1027: averaged Loss: 0.006193
2026-05-20 15:50: **********Val Epoch 1027: average Loss: 0.042904
2026-05-20 15:50: Train Epoch 1028: 0/83 Loss: 0.015154
2026-05-20 15:50: Train Epoch 1028: 20/83 Loss: 0.002390
2026-05-20 15:50: Train Epoch 1028: 40/83 Loss: 0.013082
2026-05-20 15:51: Train Epoch 1028: 60/83 Loss: 0.005550
2026-05-20 15:51: Train Epoch 1028: 80/83 Loss: 0.009779
2026-05-20 15:51: **********Train Epoch 1028: averaged Loss: 0.007673
2026-05-20 15:51: **********Val Epoch 1028: average Loss: 0.038961
2026-05-20 15:51: Train Epoch 1029: 0/83 Loss: 0.018015
2026-05-20 15:51: Train Epoch 1029: 20/83 Loss: 0.003855
2026-05-20 15:51: Train Epoch 1029: 40/83 Loss: 0.008793
2026-05-20 15:51: Train Epoch 1029: 60/83 Loss: 0.004992
2026-05-20 15:51: Train Epoch 1029: 80/83 Loss: 0.009585
2026-05-20 15:51: **********Train Epoch 1029: averaged Loss: 0.006656
2026-05-20 15:51: **********Val Epoch 1029: average Loss: 0.029668
2026-05-20 15:51: Train Epoch 1030: 0/83 Loss: 0.010545
2026-05-20 15:51: Train Epoch 1030: 20/83 Loss: 0.003721
2026-05-20 15:51: Train Epoch 1030: 40/83 Loss: 0.010800
2026-05-20 15:51: Train Epoch 1030: 60/83 Loss: 0.005390
2026-05-20 15:51: Train Epoch 1030: 80/83 Loss: 0.006855
2026-05-20 15:51: **********Train Epoch 1030: averaged Loss: 0.006130
2026-05-20 15:51: **********Val Epoch 1030: average Loss: 0.038680
2026-05-20 15:51: Train Epoch 1031: 0/83 Loss: 0.009108
2026-05-20 15:51: Train Epoch 1031: 20/83 Loss: 0.005868
2026-05-20 15:51: Train Epoch 1031: 40/83 Loss: 0.009851
2026-05-20 15:51: Train Epoch 1031: 60/83 Loss: 0.006368
2026-05-20 15:51: Train Epoch 1031: 80/83 Loss: 0.012561
2026-05-20 15:51: **********Train Epoch 1031: averaged Loss: 0.006160
2026-05-20 15:51: **********Val Epoch 1031: average Loss: 0.033941
2026-05-20 15:51: Train Epoch 1032: 0/83 Loss: 0.007795
2026-05-20 15:51: Train Epoch 1032: 20/83 Loss: 0.004500
2026-05-20 15:51: Train Epoch 1032: 40/83 Loss: 0.009410
2026-05-20 15:51: Train Epoch 1032: 60/83 Loss: 0.005008
2026-05-20 15:51: Train Epoch 1032: 80/83 Loss: 0.006969
2026-05-20 15:51: **********Train Epoch 1032: averaged Loss: 0.005921
2026-05-20 15:51: **********Val Epoch 1032: average Loss: 0.044303
2026-05-20 15:51: Train Epoch 1033: 0/83 Loss: 0.011753
2026-05-20 15:51: Train Epoch 1033: 20/83 Loss: 0.004419
2026-05-20 15:51: Train Epoch 1033: 40/83 Loss: 0.009064
2026-05-20 15:51: Train Epoch 1033: 60/83 Loss: 0.004456
2026-05-20 15:51: Train Epoch 1033: 80/83 Loss: 0.005372
2026-05-20 15:51: **********Train Epoch 1033: averaged Loss: 0.006761
2026-05-20 15:51: **********Val Epoch 1033: average Loss: 0.044570
2026-05-20 15:51: Train Epoch 1034: 0/83 Loss: 0.012166
2026-05-20 15:51: Train Epoch 1034: 20/83 Loss: 0.005479
2026-05-20 15:51: Train Epoch 1034: 40/83 Loss: 0.012106
2026-05-20 15:51: Train Epoch 1034: 60/83 Loss: 0.007178
2026-05-20 15:51: Train Epoch 1034: 80/83 Loss: 0.008382
2026-05-20 15:51: **********Train Epoch 1034: averaged Loss: 0.007126
2026-05-20 15:51: **********Val Epoch 1034: average Loss: 0.031897
2026-05-20 15:51: Train Epoch 1035: 0/83 Loss: 0.006543
2026-05-20 15:51: Train Epoch 1035: 20/83 Loss: 0.009515
2026-05-20 15:51: Train Epoch 1035: 40/83 Loss: 0.008820
2026-05-20 15:51: Train Epoch 1035: 60/83 Loss: 0.012167
2026-05-20 15:51: Train Epoch 1035: 80/83 Loss: 0.006440
2026-05-20 15:51: **********Train Epoch 1035: averaged Loss: 0.008366
2026-05-20 15:51: **********Val Epoch 1035: average Loss: 0.039552
2026-05-20 15:51: Train Epoch 1036: 0/83 Loss: 0.008765
2026-05-20 15:51: Train Epoch 1036: 20/83 Loss: 0.002996
2026-05-20 15:51: Train Epoch 1036: 40/83 Loss: 0.009439
2026-05-20 15:51: Train Epoch 1036: 60/83 Loss: 0.005931
2026-05-20 15:51: Train Epoch 1036: 80/83 Loss: 0.010058
2026-05-20 15:51: **********Train Epoch 1036: averaged Loss: 0.007383
2026-05-20 15:51: **********Val Epoch 1036: average Loss: 0.042118
2026-05-20 15:51: Train Epoch 1037: 0/83 Loss: 0.011264
2026-05-20 15:51: Train Epoch 1037: 20/83 Loss: 0.005779
2026-05-20 15:51: Train Epoch 1037: 40/83 Loss: 0.015843
2026-05-20 15:51: Train Epoch 1037: 60/83 Loss: 0.006723
2026-05-20 15:51: Train Epoch 1037: 80/83 Loss: 0.005111
2026-05-20 15:51: **********Train Epoch 1037: averaged Loss: 0.007548
2026-05-20 15:51: **********Val Epoch 1037: average Loss: 0.031188
2026-05-20 15:51: Train Epoch 1038: 0/83 Loss: 0.006439
2026-05-20 15:51: Train Epoch 1038: 20/83 Loss: 0.004991
2026-05-20 15:51: Train Epoch 1038: 40/83 Loss: 0.007707
2026-05-20 15:51: Train Epoch 1038: 60/83 Loss: 0.006985
2026-05-20 15:51: Train Epoch 1038: 80/83 Loss: 0.006589
2026-05-20 15:51: **********Train Epoch 1038: averaged Loss: 0.007263
2026-05-20 15:51: **********Val Epoch 1038: average Loss: 0.031396
2026-05-20 15:51: Train Epoch 1039: 0/83 Loss: 0.005453
2026-05-20 15:51: Train Epoch 1039: 20/83 Loss: 0.004621
2026-05-20 15:51: Train Epoch 1039: 40/83 Loss: 0.008738
2026-05-20 15:51: Train Epoch 1039: 60/83 Loss: 0.005144
2026-05-20 15:51: Train Epoch 1039: 80/83 Loss: 0.007349
2026-05-20 15:51: **********Train Epoch 1039: averaged Loss: 0.005363
2026-05-20 15:51: **********Val Epoch 1039: average Loss: 0.037620
2026-05-20 15:51: Train Epoch 1040: 0/83 Loss: 0.010040
2026-05-20 15:51: Train Epoch 1040: 20/83 Loss: 0.002244
2026-05-20 15:51: Train Epoch 1040: 40/83 Loss: 0.008321
2026-05-20 15:51: Train Epoch 1040: 60/83 Loss: 0.009350
2026-05-20 15:51: Train Epoch 1040: 80/83 Loss: 0.015638
2026-05-20 15:51: **********Train Epoch 1040: averaged Loss: 0.006704
2026-05-20 15:51: **********Val Epoch 1040: average Loss: 0.035285
2026-05-20 15:51: Train Epoch 1041: 0/83 Loss: 0.010025
2026-05-20 15:51: Train Epoch 1041: 20/83 Loss: 0.003158
2026-05-20 15:51: Train Epoch 1041: 40/83 Loss: 0.008031
2026-05-20 15:51: Train Epoch 1041: 60/83 Loss: 0.004499
2026-05-20 15:51: Train Epoch 1041: 80/83 Loss: 0.005326
2026-05-20 15:51: **********Train Epoch 1041: averaged Loss: 0.006379
2026-05-20 15:51: **********Val Epoch 1041: average Loss: 0.042936
2026-05-20 15:51: Train Epoch 1042: 0/83 Loss: 0.008700
2026-05-20 15:51: Train Epoch 1042: 20/83 Loss: 0.002054
2026-05-20 15:51: Train Epoch 1042: 40/83 Loss: 0.012738
2026-05-20 15:51: Train Epoch 1042: 60/83 Loss: 0.010786
2026-05-20 15:51: Train Epoch 1042: 80/83 Loss: 0.007101
2026-05-20 15:51: **********Train Epoch 1042: averaged Loss: 0.006831
2026-05-20 15:51: **********Val Epoch 1042: average Loss: 0.034861
2026-05-20 15:51: Train Epoch 1043: 0/83 Loss: 0.005692
2026-05-20 15:51: Train Epoch 1043: 20/83 Loss: 0.003546
2026-05-20 15:51: Train Epoch 1043: 40/83 Loss: 0.011168
2026-05-20 15:51: Train Epoch 1043: 60/83 Loss: 0.008376
2026-05-20 15:51: Train Epoch 1043: 80/83 Loss: 0.006274
2026-05-20 15:51: **********Train Epoch 1043: averaged Loss: 0.006183
2026-05-20 15:51: **********Val Epoch 1043: average Loss: 0.048335
2026-05-20 15:51: Train Epoch 1044: 0/83 Loss: 0.008144
2026-05-20 15:51: Train Epoch 1044: 20/83 Loss: 0.005093
2026-05-20 15:51: Train Epoch 1044: 40/83 Loss: 0.018884
2026-05-20 15:51: Train Epoch 1044: 60/83 Loss: 0.005194
2026-05-20 15:51: Train Epoch 1044: 80/83 Loss: 0.007752
2026-05-20 15:51: **********Train Epoch 1044: averaged Loss: 0.006847
2026-05-20 15:51: **********Val Epoch 1044: average Loss: 0.045853
2026-05-20 15:51: Train Epoch 1045: 0/83 Loss: 0.017256
2026-05-20 15:51: Train Epoch 1045: 20/83 Loss: 0.007263
2026-05-20 15:51: Train Epoch 1045: 40/83 Loss: 0.009430
2026-05-20 15:51: Train Epoch 1045: 60/83 Loss: 0.005092
2026-05-20 15:51: Train Epoch 1045: 80/83 Loss: 0.008652
2026-05-20 15:51: **********Train Epoch 1045: averaged Loss: 0.007495
2026-05-20 15:51: **********Val Epoch 1045: average Loss: 0.035978
2026-05-20 15:51: Train Epoch 1046: 0/83 Loss: 0.007234
2026-05-20 15:51: Train Epoch 1046: 20/83 Loss: 0.004196
2026-05-20 15:52: Train Epoch 1046: 40/83 Loss: 0.012612
2026-05-20 15:52: Train Epoch 1046: 60/83 Loss: 0.006156
2026-05-20 15:52: Train Epoch 1046: 80/83 Loss: 0.006712
2026-05-20 15:52: **********Train Epoch 1046: averaged Loss: 0.006407
2026-05-20 15:52: **********Val Epoch 1046: average Loss: 0.042524
2026-05-20 15:52: Train Epoch 1047: 0/83 Loss: 0.014509
2026-05-20 15:52: Train Epoch 1047: 20/83 Loss: 0.005323
2026-05-20 15:52: Train Epoch 1047: 40/83 Loss: 0.010395
2026-05-20 15:52: Train Epoch 1047: 60/83 Loss: 0.004997
2026-05-20 15:52: Train Epoch 1047: 80/83 Loss: 0.007431
2026-05-20 15:52: **********Train Epoch 1047: averaged Loss: 0.006842
2026-05-20 15:52: **********Val Epoch 1047: average Loss: 0.032626
2026-05-20 15:52: Train Epoch 1048: 0/83 Loss: 0.007214
2026-05-20 15:52: Train Epoch 1048: 20/83 Loss: 0.002209
2026-05-20 15:52: Train Epoch 1048: 40/83 Loss: 0.010952
2026-05-20 15:52: Train Epoch 1048: 60/83 Loss: 0.004860
2026-05-20 15:52: Train Epoch 1048: 80/83 Loss: 0.005844
2026-05-20 15:52: **********Train Epoch 1048: averaged Loss: 0.006002
2026-05-20 15:52: **********Val Epoch 1048: average Loss: 0.033909
2026-05-20 15:52: Train Epoch 1049: 0/83 Loss: 0.009213
2026-05-20 15:52: Train Epoch 1049: 20/83 Loss: 0.002281
2026-05-20 15:52: Train Epoch 1049: 40/83 Loss: 0.011360
2026-05-20 15:52: Train Epoch 1049: 60/83 Loss: 0.005180
2026-05-20 15:52: Train Epoch 1049: 80/83 Loss: 0.007845
2026-05-20 15:52: **********Train Epoch 1049: averaged Loss: 0.005756
2026-05-20 15:52: **********Val Epoch 1049: average Loss: 0.031873
2026-05-20 15:52: Train Epoch 1050: 0/83 Loss: 0.007900
2026-05-20 15:52: Train Epoch 1050: 20/83 Loss: 0.002823
2026-05-20 15:52: Train Epoch 1050: 40/83 Loss: 0.009117
2026-05-20 15:52: Train Epoch 1050: 60/83 Loss: 0.006462
2026-05-20 15:52: Train Epoch 1050: 80/83 Loss: 0.005921
2026-05-20 15:52: **********Train Epoch 1050: averaged Loss: 0.004939
2026-05-20 15:52: **********Val Epoch 1050: average Loss: 0.032587
2026-05-20 15:52: Train Epoch 1051: 0/83 Loss: 0.007546
2026-05-20 15:52: Train Epoch 1051: 20/83 Loss: 0.008416
2026-05-20 15:52: Train Epoch 1051: 40/83 Loss: 0.015207
2026-05-20 15:52: Train Epoch 1051: 60/83 Loss: 0.005256
2026-05-20 15:52: Train Epoch 1051: 80/83 Loss: 0.007231
2026-05-20 15:52: **********Train Epoch 1051: averaged Loss: 0.006108
2026-05-20 15:52: **********Val Epoch 1051: average Loss: 0.040610
2026-05-20 15:52: Train Epoch 1052: 0/83 Loss: 0.015209
2026-05-20 15:52: Train Epoch 1052: 20/83 Loss: 0.006302
2026-05-20 15:52: Train Epoch 1052: 40/83 Loss: 0.009690
2026-05-20 15:52: Train Epoch 1052: 60/83 Loss: 0.004112
2026-05-20 15:52: Train Epoch 1052: 80/83 Loss: 0.005353
2026-05-20 15:52: **********Train Epoch 1052: averaged Loss: 0.006284
2026-05-20 15:52: **********Val Epoch 1052: average Loss: 0.032781
2026-05-20 15:52: Train Epoch 1053: 0/83 Loss: 0.007095
2026-05-20 15:52: Train Epoch 1053: 20/83 Loss: 0.002342
2026-05-20 15:52: Train Epoch 1053: 40/83 Loss: 0.008403
2026-05-20 15:52: Train Epoch 1053: 60/83 Loss: 0.004747
2026-05-20 15:52: Train Epoch 1053: 80/83 Loss: 0.006777
2026-05-20 15:52: **********Train Epoch 1053: averaged Loss: 0.005180
2026-05-20 15:52: **********Val Epoch 1053: average Loss: 0.030094
2026-05-20 15:52: Train Epoch 1054: 0/83 Loss: 0.009710
2026-05-20 15:52: Train Epoch 1054: 20/83 Loss: 0.002186
2026-05-20 15:52: Train Epoch 1054: 40/83 Loss: 0.016133
2026-05-20 15:52: Train Epoch 1054: 60/83 Loss: 0.005258
2026-05-20 15:52: Train Epoch 1054: 80/83 Loss: 0.006768
2026-05-20 15:52: **********Train Epoch 1054: averaged Loss: 0.005768
2026-05-20 15:52: **********Val Epoch 1054: average Loss: 0.033006
2026-05-20 15:52: Train Epoch 1055: 0/83 Loss: 0.009032
2026-05-20 15:52: Train Epoch 1055: 20/83 Loss: 0.002105
2026-05-20 15:52: Train Epoch 1055: 40/83 Loss: 0.009894
2026-05-20 15:52: Train Epoch 1055: 60/83 Loss: 0.004329
2026-05-20 15:52: Train Epoch 1055: 80/83 Loss: 0.009280
2026-05-20 15:52: **********Train Epoch 1055: averaged Loss: 0.005509
2026-05-20 15:52: **********Val Epoch 1055: average Loss: 0.032513
2026-05-20 15:52: Train Epoch 1056: 0/83 Loss: 0.009606
2026-05-20 15:52: Train Epoch 1056: 20/83 Loss: 0.002499
2026-05-20 15:52: Train Epoch 1056: 40/83 Loss: 0.011237
2026-05-20 15:52: Train Epoch 1056: 60/83 Loss: 0.004535
2026-05-20 15:52: Train Epoch 1056: 80/83 Loss: 0.007976
2026-05-20 15:52: **********Train Epoch 1056: averaged Loss: 0.006029
2026-05-20 15:52: **********Val Epoch 1056: average Loss: 0.039886
2026-05-20 15:52: Train Epoch 1057: 0/83 Loss: 0.012239
2026-05-20 15:52: Train Epoch 1057: 20/83 Loss: 0.002638
2026-05-20 15:52: Train Epoch 1057: 40/83 Loss: 0.007703
2026-05-20 15:52: Train Epoch 1057: 60/83 Loss: 0.004587
2026-05-20 15:52: Train Epoch 1057: 80/83 Loss: 0.007436
2026-05-20 15:52: **********Train Epoch 1057: averaged Loss: 0.006293
2026-05-20 15:52: **********Val Epoch 1057: average Loss: 0.029773
2026-05-20 15:52: Train Epoch 1058: 0/83 Loss: 0.009252
2026-05-20 15:52: Train Epoch 1058: 20/83 Loss: 0.002598
2026-05-20 15:52: Train Epoch 1058: 40/83 Loss: 0.012026
2026-05-20 15:52: Train Epoch 1058: 60/83 Loss: 0.008744
2026-05-20 15:52: Train Epoch 1058: 80/83 Loss: 0.007776
2026-05-20 15:52: **********Train Epoch 1058: averaged Loss: 0.006145
2026-05-20 15:52: **********Val Epoch 1058: average Loss: 0.036131
2026-05-20 15:52: Train Epoch 1059: 0/83 Loss: 0.018035
2026-05-20 15:52: Train Epoch 1059: 20/83 Loss: 0.004109
2026-05-20 15:52: Train Epoch 1059: 40/83 Loss: 0.015247
2026-05-20 15:52: Train Epoch 1059: 60/83 Loss: 0.004496
2026-05-20 15:52: Train Epoch 1059: 80/83 Loss: 0.012338
2026-05-20 15:52: **********Train Epoch 1059: averaged Loss: 0.007417
2026-05-20 15:52: **********Val Epoch 1059: average Loss: 0.032907
2026-05-20 15:52: Train Epoch 1060: 0/83 Loss: 0.014420
2026-05-20 15:52: Train Epoch 1060: 20/83 Loss: 0.002309
2026-05-20 15:52: Train Epoch 1060: 40/83 Loss: 0.011225
2026-05-20 15:52: Train Epoch 1060: 60/83 Loss: 0.007606
2026-05-20 15:52: Train Epoch 1060: 80/83 Loss: 0.010918
2026-05-20 15:52: **********Train Epoch 1060: averaged Loss: 0.006877
2026-05-20 15:52: **********Val Epoch 1060: average Loss: 0.030731
2026-05-20 15:52: Train Epoch 1061: 0/83 Loss: 0.008173
2026-05-20 15:52: Train Epoch 1061: 20/83 Loss: 0.006063
2026-05-20 15:52: Train Epoch 1061: 40/83 Loss: 0.009819
2026-05-20 15:52: Train Epoch 1061: 60/83 Loss: 0.005167
2026-05-20 15:52: Train Epoch 1061: 80/83 Loss: 0.008303
2026-05-20 15:52: **********Train Epoch 1061: averaged Loss: 0.008993
2026-05-20 15:52: **********Val Epoch 1061: average Loss: 0.032214
2026-05-20 15:52: Train Epoch 1062: 0/83 Loss: 0.006357
2026-05-20 15:52: Train Epoch 1062: 20/83 Loss: 0.002103
2026-05-20 15:52: Train Epoch 1062: 40/83 Loss: 0.011569
2026-05-20 15:53: Train Epoch 1062: 60/83 Loss: 0.004598
2026-05-20 15:53: Train Epoch 1062: 80/83 Loss: 0.005221
2026-05-20 15:53: **********Train Epoch 1062: averaged Loss: 0.006071
2026-05-20 15:53: **********Val Epoch 1062: average Loss: 0.026602
2026-05-20 15:53: Train Epoch 1063: 0/83 Loss: 0.005903
2026-05-20 15:53: Train Epoch 1063: 20/83 Loss: 0.002313
2026-05-20 15:53: Train Epoch 1063: 40/83 Loss: 0.011494
2026-05-20 15:53: Train Epoch 1063: 60/83 Loss: 0.004883
2026-05-20 15:53: Train Epoch 1063: 80/83 Loss: 0.005856
2026-05-20 15:53: **********Train Epoch 1063: averaged Loss: 0.006008
2026-05-20 15:53: **********Val Epoch 1063: average Loss: 0.035721
2026-05-20 15:53: Train Epoch 1064: 0/83 Loss: 0.005733
2026-05-20 15:53: Train Epoch 1064: 20/83 Loss: 0.001941
2026-05-20 15:53: Train Epoch 1064: 40/83 Loss: 0.007943
2026-05-20 15:53: Train Epoch 1064: 60/83 Loss: 0.007136
2026-05-20 15:53: Train Epoch 1064: 80/83 Loss: 0.005168
2026-05-20 15:53: **********Train Epoch 1064: averaged Loss: 0.006385
2026-05-20 15:53: **********Val Epoch 1064: average Loss: 0.028039
2026-05-20 15:53: Train Epoch 1065: 0/83 Loss: 0.013807
2026-05-20 15:53: Train Epoch 1065: 20/83 Loss: 0.003702
2026-05-20 15:53: Train Epoch 1065: 40/83 Loss: 0.011825
2026-05-20 15:53: Train Epoch 1065: 60/83 Loss: 0.008423
2026-05-20 15:53: Train Epoch 1065: 80/83 Loss: 0.005092
2026-05-20 15:53: **********Train Epoch 1065: averaged Loss: 0.005752
2026-05-20 15:53: **********Val Epoch 1065: average Loss: 0.032703
2026-05-20 15:53: Train Epoch 1066: 0/83 Loss: 0.005947
2026-05-20 15:53: Train Epoch 1066: 20/83 Loss: 0.001931
2026-05-20 15:53: Train Epoch 1066: 40/83 Loss: 0.017781
2026-05-20 15:53: Train Epoch 1066: 60/83 Loss: 0.006233
2026-05-20 15:53: Train Epoch 1066: 80/83 Loss: 0.006252
2026-05-20 15:53: **********Train Epoch 1066: averaged Loss: 0.005380
2026-05-20 15:53: **********Val Epoch 1066: average Loss: 0.028649
2026-05-20 15:53: Train Epoch 1067: 0/83 Loss: 0.007137
2026-05-20 15:53: Train Epoch 1067: 20/83 Loss: 0.002475
2026-05-20 15:53: Train Epoch 1067: 40/83 Loss: 0.007929
2026-05-20 15:53: Train Epoch 1067: 60/83 Loss: 0.005265
2026-05-20 15:53: Train Epoch 1067: 80/83 Loss: 0.005930
2026-05-20 15:53: **********Train Epoch 1067: averaged Loss: 0.004949
2026-05-20 15:53: **********Val Epoch 1067: average Loss: 0.035792
2026-05-20 15:53: Train Epoch 1068: 0/83 Loss: 0.006585
2026-05-20 15:53: Train Epoch 1068: 20/83 Loss: 0.002081
2026-05-20 15:53: Train Epoch 1068: 40/83 Loss: 0.010162
2026-05-20 15:53: Train Epoch 1068: 60/83 Loss: 0.011356
2026-05-20 15:53: Train Epoch 1068: 80/83 Loss: 0.006761
2026-05-20 15:53: **********Train Epoch 1068: averaged Loss: 0.006522
2026-05-20 15:53: **********Val Epoch 1068: average Loss: 0.026324
2026-05-20 15:53: Train Epoch 1069: 0/83 Loss: 0.013718
2026-05-20 15:53: Train Epoch 1069: 20/83 Loss: 0.002548
2026-05-20 15:53: Train Epoch 1069: 40/83 Loss: 0.014170
2026-05-20 15:53: Train Epoch 1069: 60/83 Loss: 0.006810
2026-05-20 15:53: Train Epoch 1069: 80/83 Loss: 0.009594
2026-05-20 15:53: **********Train Epoch 1069: averaged Loss: 0.006832
2026-05-20 15:53: **********Val Epoch 1069: average Loss: 0.037153
2026-05-20 15:53: Train Epoch 1070: 0/83 Loss: 0.007676
2026-05-20 15:53: Train Epoch 1070: 20/83 Loss: 0.004942
2026-05-20 15:53: Train Epoch 1070: 40/83 Loss: 0.011924
2026-05-20 15:53: Train Epoch 1070: 60/83 Loss: 0.004489
2026-05-20 15:53: Train Epoch 1070: 80/83 Loss: 0.008878
2026-05-20 15:53: **********Train Epoch 1070: averaged Loss: 0.007198
2026-05-20 15:53: **********Val Epoch 1070: average Loss: 0.034066
2026-05-20 15:53: Train Epoch 1071: 0/83 Loss: 0.007976
2026-05-20 15:53: Train Epoch 1071: 20/83 Loss: 0.004528
2026-05-20 15:53: Train Epoch 1071: 40/83 Loss: 0.009893
2026-05-20 15:53: Train Epoch 1071: 60/83 Loss: 0.004723
2026-05-20 15:53: Train Epoch 1071: 80/83 Loss: 0.005394
2026-05-20 15:53: **********Train Epoch 1071: averaged Loss: 0.005886
2026-05-20 15:53: **********Val Epoch 1071: average Loss: 0.039560
2026-05-20 15:53: Train Epoch 1072: 0/83 Loss: 0.011547
2026-05-20 15:53: Train Epoch 1072: 20/83 Loss: 0.003102
2026-05-20 15:53: Train Epoch 1072: 40/83 Loss: 0.008457
2026-05-20 15:53: Train Epoch 1072: 60/83 Loss: 0.004541
2026-05-20 15:53: Train Epoch 1072: 80/83 Loss: 0.005868
2026-05-20 15:53: **********Train Epoch 1072: averaged Loss: 0.006011
2026-05-20 15:53: **********Val Epoch 1072: average Loss: 0.038870
2026-05-20 15:53: Train Epoch 1073: 0/83 Loss: 0.006399
2026-05-20 15:53: Train Epoch 1073: 20/83 Loss: 0.002909
2026-05-20 15:53: Train Epoch 1073: 40/83 Loss: 0.007851
2026-05-20 15:53: Train Epoch 1073: 60/83 Loss: 0.006279
2026-05-20 15:53: Train Epoch 1073: 80/83 Loss: 0.007628
2026-05-20 15:53: **********Train Epoch 1073: averaged Loss: 0.005674
2026-05-20 15:53: **********Val Epoch 1073: average Loss: 0.030877
2026-05-20 15:53: Train Epoch 1074: 0/83 Loss: 0.008936
2026-05-20 15:53: Train Epoch 1074: 20/83 Loss: 0.004402
2026-05-20 15:53: Train Epoch 1074: 40/83 Loss: 0.010200
2026-05-20 15:53: Train Epoch 1074: 60/83 Loss: 0.004707
2026-05-20 15:53: Train Epoch 1074: 80/83 Loss: 0.005983
2026-05-20 15:53: **********Train Epoch 1074: averaged Loss: 0.005873
2026-05-20 15:53: **********Val Epoch 1074: average Loss: 0.040983
2026-05-20 15:53: Train Epoch 1075: 0/83 Loss: 0.013404
2026-05-20 15:53: Train Epoch 1075: 20/83 Loss: 0.007541
2026-05-20 15:53: Train Epoch 1075: 40/83 Loss: 0.011900
2026-05-20 15:53: Train Epoch 1075: 60/83 Loss: 0.005490
2026-05-20 15:53: Train Epoch 1075: 80/83 Loss: 0.008437
2026-05-20 15:53: **********Train Epoch 1075: averaged Loss: 0.007116
2026-05-20 15:53: **********Val Epoch 1075: average Loss: 0.030652
2026-05-20 15:53: Train Epoch 1076: 0/83 Loss: 0.007361
2026-05-20 15:53: Train Epoch 1076: 20/83 Loss: 0.003150
2026-05-20 15:53: Train Epoch 1076: 40/83 Loss: 0.012197
2026-05-20 15:53: Train Epoch 1076: 60/83 Loss: 0.008653
2026-05-20 15:53: Train Epoch 1076: 80/83 Loss: 0.006116
2026-05-20 15:53: **********Train Epoch 1076: averaged Loss: 0.006350
2026-05-20 15:53: **********Val Epoch 1076: average Loss: 0.028491
2026-05-20 15:53: Train Epoch 1077: 0/83 Loss: 0.005846
2026-05-20 15:53: Train Epoch 1077: 20/83 Loss: 0.002694
2026-05-20 15:53: Train Epoch 1077: 40/83 Loss: 0.007820
2026-05-20 15:53: Train Epoch 1077: 60/83 Loss: 0.004416
2026-05-20 15:53: Train Epoch 1077: 80/83 Loss: 0.006714
2026-05-20 15:53: **********Train Epoch 1077: averaged Loss: 0.005683
2026-05-20 15:53: **********Val Epoch 1077: average Loss: 0.043842
2026-05-20 15:53: Train Epoch 1078: 0/83 Loss: 0.011396
2026-05-20 15:53: Train Epoch 1078: 20/83 Loss: 0.010603
2026-05-20 15:54: Train Epoch 1078: 40/83 Loss: 0.009154
2026-05-20 15:54: Train Epoch 1078: 60/83 Loss: 0.005033
2026-05-20 15:54: Train Epoch 1078: 80/83 Loss: 0.008090
2026-05-20 15:54: **********Train Epoch 1078: averaged Loss: 0.006243
2026-05-20 15:54: **********Val Epoch 1078: average Loss: 0.030362
2026-05-20 15:54: Train Epoch 1079: 0/83 Loss: 0.005172
2026-05-20 15:54: Train Epoch 1079: 20/83 Loss: 0.004070
2026-05-20 15:54: Train Epoch 1079: 40/83 Loss: 0.007780
2026-05-20 15:54: Train Epoch 1079: 60/83 Loss: 0.004663
2026-05-20 15:54: Train Epoch 1079: 80/83 Loss: 0.007962
2026-05-20 15:54: **********Train Epoch 1079: averaged Loss: 0.006022
2026-05-20 15:54: **********Val Epoch 1079: average Loss: 0.040085
2026-05-20 15:54: Train Epoch 1080: 0/83 Loss: 0.013794
2026-05-20 15:54: Train Epoch 1080: 20/83 Loss: 0.002130
2026-05-20 15:54: Train Epoch 1080: 40/83 Loss: 0.008553
2026-05-20 15:54: Train Epoch 1080: 60/83 Loss: 0.005439
2026-05-20 15:54: Train Epoch 1080: 80/83 Loss: 0.012743
2026-05-20 15:54: **********Train Epoch 1080: averaged Loss: 0.006544
2026-05-20 15:54: **********Val Epoch 1080: average Loss: 0.030385
2026-05-20 15:54: Train Epoch 1081: 0/83 Loss: 0.005376
2026-05-20 15:54: Train Epoch 1081: 20/83 Loss: 0.004955
2026-05-20 15:54: Train Epoch 1081: 40/83 Loss: 0.006080
2026-05-20 15:54: Train Epoch 1081: 60/83 Loss: 0.004347
2026-05-20 15:54: Train Epoch 1081: 80/83 Loss: 0.006187
2026-05-20 15:54: **********Train Epoch 1081: averaged Loss: 0.005933
2026-05-20 15:54: **********Val Epoch 1081: average Loss: 0.039880
2026-05-20 15:54: Train Epoch 1082: 0/83 Loss: 0.013004
2026-05-20 15:54: Train Epoch 1082: 20/83 Loss: 0.003705
2026-05-20 15:54: Train Epoch 1082: 40/83 Loss: 0.008982
2026-05-20 15:54: Train Epoch 1082: 60/83 Loss: 0.004181
2026-05-20 15:54: Train Epoch 1082: 80/83 Loss: 0.011341
2026-05-20 15:54: **********Train Epoch 1082: averaged Loss: 0.007449
2026-05-20 15:54: **********Val Epoch 1082: average Loss: 0.033382
2026-05-20 15:54: Train Epoch 1083: 0/83 Loss: 0.005960
2026-05-20 15:54: Train Epoch 1083: 20/83 Loss: 0.003635
2026-05-20 15:54: Train Epoch 1083: 40/83 Loss: 0.009864
2026-05-20 15:54: Train Epoch 1083: 60/83 Loss: 0.005804
2026-05-20 15:54: Train Epoch 1083: 80/83 Loss: 0.010390
2026-05-20 15:54: **********Train Epoch 1083: averaged Loss: 0.007818
2026-05-20 15:54: **********Val Epoch 1083: average Loss: 0.037938
2026-05-20 15:54: Train Epoch 1084: 0/83 Loss: 0.011026
2026-05-20 15:54: Train Epoch 1084: 20/83 Loss: 0.002427
2026-05-20 15:54: Train Epoch 1084: 40/83 Loss: 0.012540
2026-05-20 15:54: Train Epoch 1084: 60/83 Loss: 0.005850
2026-05-20 15:54: Train Epoch 1084: 80/83 Loss: 0.007756
2026-05-20 15:54: **********Train Epoch 1084: averaged Loss: 0.006287
2026-05-20 15:54: **********Val Epoch 1084: average Loss: 0.030976
2026-05-20 15:54: Train Epoch 1085: 0/83 Loss: 0.006854
2026-05-20 15:54: Train Epoch 1085: 20/83 Loss: 0.002215
2026-05-20 15:54: Train Epoch 1085: 40/83 Loss: 0.007102
2026-05-20 15:54: Train Epoch 1085: 60/83 Loss: 0.005087
2026-05-20 15:54: Train Epoch 1085: 80/83 Loss: 0.005097
2026-05-20 15:54: **********Train Epoch 1085: averaged Loss: 0.005100
2026-05-20 15:54: **********Val Epoch 1085: average Loss: 0.027608
2026-05-20 15:54: Train Epoch 1086: 0/83 Loss: 0.005961
2026-05-20 15:54: Train Epoch 1086: 20/83 Loss: 0.002344
2026-05-20 15:54: Train Epoch 1086: 40/83 Loss: 0.008389
2026-05-20 15:54: Train Epoch 1086: 60/83 Loss: 0.004770
2026-05-20 15:54: Train Epoch 1086: 80/83 Loss: 0.006785
2026-05-20 15:54: **********Train Epoch 1086: averaged Loss: 0.005424
2026-05-20 15:54: **********Val Epoch 1086: average Loss: 0.031948
2026-05-20 15:54: Train Epoch 1087: 0/83 Loss: 0.005196
2026-05-20 15:54: Train Epoch 1087: 20/83 Loss: 0.001716
2026-05-20 15:54: Train Epoch 1087: 40/83 Loss: 0.009541
2026-05-20 15:54: Train Epoch 1087: 60/83 Loss: 0.004545
2026-05-20 15:54: Train Epoch 1087: 80/83 Loss: 0.006619
2026-05-20 15:54: **********Train Epoch 1087: averaged Loss: 0.005372
2026-05-20 15:54: **********Val Epoch 1087: average Loss: 0.036285
2026-05-20 15:54: Train Epoch 1088: 0/83 Loss: 0.009929
2026-05-20 15:54: Train Epoch 1088: 20/83 Loss: 0.004746
2026-05-20 15:54: Train Epoch 1088: 40/83 Loss: 0.007484
2026-05-20 15:54: Train Epoch 1088: 60/83 Loss: 0.004436
2026-05-20 15:54: Train Epoch 1088: 80/83 Loss: 0.004642
2026-05-20 15:54: **********Train Epoch 1088: averaged Loss: 0.005739
2026-05-20 15:54: **********Val Epoch 1088: average Loss: 0.030883
2026-05-20 15:54: Train Epoch 1089: 0/83 Loss: 0.004934
2026-05-20 15:54: Train Epoch 1089: 20/83 Loss: 0.002215
2026-05-20 15:54: Train Epoch 1089: 40/83 Loss: 0.010541
2026-05-20 15:54: Train Epoch 1089: 60/83 Loss: 0.005192
2026-05-20 15:54: Train Epoch 1089: 80/83 Loss: 0.005201
2026-05-20 15:54: **********Train Epoch 1089: averaged Loss: 0.005606
2026-05-20 15:54: **********Val Epoch 1089: average Loss: 0.028097
2026-05-20 15:54: Train Epoch 1090: 0/83 Loss: 0.004595
2026-05-20 15:54: Train Epoch 1090: 20/83 Loss: 0.002216
2026-05-20 15:54: Train Epoch 1090: 40/83 Loss: 0.009461
2026-05-20 15:54: Train Epoch 1090: 60/83 Loss: 0.005250
2026-05-20 15:54: Train Epoch 1090: 80/83 Loss: 0.006252
2026-05-20 15:54: **********Train Epoch 1090: averaged Loss: 0.005873
2026-05-20 15:54: **********Val Epoch 1090: average Loss: 0.030464
2026-05-20 15:54: Train Epoch 1091: 0/83 Loss: 0.005209
2026-05-20 15:54: Train Epoch 1091: 20/83 Loss: 0.003794
2026-05-20 15:54: Train Epoch 1091: 40/83 Loss: 0.011844
2026-05-20 15:54: Train Epoch 1091: 60/83 Loss: 0.006964
2026-05-20 15:54: Train Epoch 1091: 80/83 Loss: 0.009862
2026-05-20 15:54: **********Train Epoch 1091: averaged Loss: 0.006214
2026-05-20 15:54: **********Val Epoch 1091: average Loss: 0.036803
2026-05-20 15:54: Train Epoch 1092: 0/83 Loss: 0.016909
2026-05-20 15:54: Train Epoch 1092: 20/83 Loss: 0.002148
2026-05-20 15:54: Train Epoch 1092: 40/83 Loss: 0.008751
2026-05-20 15:54: Train Epoch 1092: 60/83 Loss: 0.004880
2026-05-20 15:54: Train Epoch 1092: 80/83 Loss: 0.006239
2026-05-20 15:54: **********Train Epoch 1092: averaged Loss: 0.006954
2026-05-20 15:54: **********Val Epoch 1092: average Loss: 0.027839
2026-05-20 15:54: Train Epoch 1093: 0/83 Loss: 0.007563
2026-05-20 15:54: Train Epoch 1093: 20/83 Loss: 0.002850
2026-05-20 15:54: Train Epoch 1093: 40/83 Loss: 0.009212
2026-05-20 15:54: Train Epoch 1093: 60/83 Loss: 0.005788
2026-05-20 15:54: Train Epoch 1093: 80/83 Loss: 0.005385
2026-05-20 15:54: **********Train Epoch 1093: averaged Loss: 0.005800
2026-05-20 15:54: **********Val Epoch 1093: average Loss: 0.033580
2026-05-20 15:54: Train Epoch 1094: 0/83 Loss: 0.006105
2026-05-20 15:55: Train Epoch 1094: 20/83 Loss: 0.008531
2026-05-20 15:55: Train Epoch 1094: 40/83 Loss: 0.017803
2026-05-20 15:55: Train Epoch 1094: 60/83 Loss: 0.004494
2026-05-20 15:55: Train Epoch 1094: 80/83 Loss: 0.012750
2026-05-20 15:55: **********Train Epoch 1094: averaged Loss: 0.006524
2026-05-20 15:55: **********Val Epoch 1094: average Loss: 0.030976
2026-05-20 15:55: Train Epoch 1095: 0/83 Loss: 0.012234
2026-05-20 15:55: Train Epoch 1095: 20/83 Loss: 0.002712
2026-05-20 15:55: Train Epoch 1095: 40/83 Loss: 0.006615
2026-05-20 15:55: Train Epoch 1095: 60/83 Loss: 0.006310
2026-05-20 15:55: Train Epoch 1095: 80/83 Loss: 0.005600
2026-05-20 15:55: **********Train Epoch 1095: averaged Loss: 0.006335
2026-05-20 15:55: **********Val Epoch 1095: average Loss: 0.027981
2026-05-20 15:55: Train Epoch 1096: 0/83 Loss: 0.016320
2026-05-20 15:55: Train Epoch 1096: 20/83 Loss: 0.002137
2026-05-20 15:55: Train Epoch 1096: 40/83 Loss: 0.011218
2026-05-20 15:55: Train Epoch 1096: 60/83 Loss: 0.004983
2026-05-20 15:55: Train Epoch 1096: 80/83 Loss: 0.006906
2026-05-20 15:55: **********Train Epoch 1096: averaged Loss: 0.006291
2026-05-20 15:55: **********Val Epoch 1096: average Loss: 0.025468
2026-05-20 15:55: Train Epoch 1097: 0/83 Loss: 0.007658
2026-05-20 15:55: Train Epoch 1097: 20/83 Loss: 0.004792
2026-05-20 15:55: Train Epoch 1097: 40/83 Loss: 0.007288
2026-05-20 15:55: Train Epoch 1097: 60/83 Loss: 0.004362
2026-05-20 15:55: Train Epoch 1097: 80/83 Loss: 0.006350
2026-05-20 15:55: **********Train Epoch 1097: averaged Loss: 0.005062
2026-05-20 15:55: **********Val Epoch 1097: average Loss: 0.038025
2026-05-20 15:55: Train Epoch 1098: 0/83 Loss: 0.011753
2026-05-20 15:55: Train Epoch 1098: 20/83 Loss: 0.003700
2026-05-20 15:55: Train Epoch 1098: 40/83 Loss: 0.007503
2026-05-20 15:55: Train Epoch 1098: 60/83 Loss: 0.008701
2026-05-20 15:55: Train Epoch 1098: 80/83 Loss: 0.007591
2026-05-20 15:55: **********Train Epoch 1098: averaged Loss: 0.006927
2026-05-20 15:55: **********Val Epoch 1098: average Loss: 0.029965
2026-05-20 15:55: Train Epoch 1099: 0/83 Loss: 0.011083
2026-05-20 15:55: Train Epoch 1099: 20/83 Loss: 0.002165
2026-05-20 15:55: Train Epoch 1099: 40/83 Loss: 0.020414
2026-05-20 15:55: Train Epoch 1099: 60/83 Loss: 0.004848
2026-05-20 15:55: Train Epoch 1099: 80/83 Loss: 0.005689
2026-05-20 15:55: **********Train Epoch 1099: averaged Loss: 0.007079
2026-05-20 15:55: **********Val Epoch 1099: average Loss: 0.024136
2026-05-20 15:55: Train Epoch 1100: 0/83 Loss: 0.008912
2026-05-20 15:55: Train Epoch 1100: 20/83 Loss: 0.002504
2026-05-20 15:55: Train Epoch 1100: 40/83 Loss: 0.009549
2026-05-20 15:55: Train Epoch 1100: 60/83 Loss: 0.006810
2026-05-20 15:55: Train Epoch 1100: 80/83 Loss: 0.009151
2026-05-20 15:55: **********Train Epoch 1100: averaged Loss: 0.005845
2026-05-20 15:55: **********Val Epoch 1100: average Loss: 0.025489
2026-05-20 15:55: Train Epoch 1101: 0/83 Loss: 0.016119
2026-05-20 15:55: Train Epoch 1101: 20/83 Loss: 0.014861
2026-05-20 15:55: Train Epoch 1101: 40/83 Loss: 0.009533
2026-05-20 15:55: Train Epoch 1101: 60/83 Loss: 0.005459
2026-05-20 15:55: Train Epoch 1101: 80/83 Loss: 0.006495
2026-05-20 15:55: **********Train Epoch 1101: averaged Loss: 0.007559
2026-05-20 15:55: **********Val Epoch 1101: average Loss: 0.042229
2026-05-20 15:55: Train Epoch 1102: 0/83 Loss: 0.008268
2026-05-20 15:55: Train Epoch 1102: 20/83 Loss: 0.005964
2026-05-20 15:55: Train Epoch 1102: 40/83 Loss: 0.009698
2026-05-20 15:55: Train Epoch 1102: 60/83 Loss: 0.006800
2026-05-20 15:55: Train Epoch 1102: 80/83 Loss: 0.007068
2026-05-20 15:55: **********Train Epoch 1102: averaged Loss: 0.006123
2026-05-20 15:55: **********Val Epoch 1102: average Loss: 0.040241
2026-05-20 15:55: Train Epoch 1103: 0/83 Loss: 0.010847
2026-05-20 15:55: Train Epoch 1103: 20/83 Loss: 0.001864
2026-05-20 15:55: Train Epoch 1103: 40/83 Loss: 0.010417
2026-05-20 15:55: Train Epoch 1103: 60/83 Loss: 0.005347
2026-05-20 15:55: Train Epoch 1103: 80/83 Loss: 0.005708
2026-05-20 15:55: **********Train Epoch 1103: averaged Loss: 0.006333
2026-05-20 15:55: **********Val Epoch 1103: average Loss: 0.036588
2026-05-20 15:55: Train Epoch 1104: 0/83 Loss: 0.005390
2026-05-20 15:55: Train Epoch 1104: 20/83 Loss: 0.002492
2026-05-20 15:55: Train Epoch 1104: 40/83 Loss: 0.008547
2026-05-20 15:55: Train Epoch 1104: 60/83 Loss: 0.006753
2026-05-20 15:55: Train Epoch 1104: 80/83 Loss: 0.013090
2026-05-20 15:55: **********Train Epoch 1104: averaged Loss: 0.006067
2026-05-20 15:55: **********Val Epoch 1104: average Loss: 0.030275
2026-05-20 15:55: Train Epoch 1105: 0/83 Loss: 0.008381
2026-05-20 15:55: Train Epoch 1105: 20/83 Loss: 0.012581
2026-05-20 15:55: Train Epoch 1105: 40/83 Loss: 0.009538
2026-05-20 15:55: Train Epoch 1105: 60/83 Loss: 0.008416
2026-05-20 15:55: Train Epoch 1105: 80/83 Loss: 0.008657
2026-05-20 15:55: **********Train Epoch 1105: averaged Loss: 0.007943
2026-05-20 15:55: **********Val Epoch 1105: average Loss: 0.047780
2026-05-20 15:55: Train Epoch 1106: 0/83 Loss: 0.014435
2026-05-20 15:55: Train Epoch 1106: 20/83 Loss: 0.007045
2026-05-20 15:55: Train Epoch 1106: 40/83 Loss: 0.012716
2026-05-20 15:55: Train Epoch 1106: 60/83 Loss: 0.005247
2026-05-20 15:55: Train Epoch 1106: 80/83 Loss: 0.008891
2026-05-20 15:55: **********Train Epoch 1106: averaged Loss: 0.007537
2026-05-20 15:55: **********Val Epoch 1106: average Loss: 0.030096
2026-05-20 15:55: Train Epoch 1107: 0/83 Loss: 0.005735
2026-05-20 15:55: Train Epoch 1107: 20/83 Loss: 0.008291
2026-05-20 15:55: Train Epoch 1107: 40/83 Loss: 0.010504
2026-05-20 15:55: Train Epoch 1107: 60/83 Loss: 0.008397
2026-05-20 15:55: Train Epoch 1107: 80/83 Loss: 0.012255
2026-05-20 15:55: **********Train Epoch 1107: averaged Loss: 0.008615
2026-05-20 15:55: **********Val Epoch 1107: average Loss: 0.038880
2026-05-20 15:55: Train Epoch 1108: 0/83 Loss: 0.005697
2026-05-20 15:55: Train Epoch 1108: 20/83 Loss: 0.003891
2026-05-20 15:55: Train Epoch 1108: 40/83 Loss: 0.020291
2026-05-20 15:55: Train Epoch 1108: 60/83 Loss: 0.006604
2026-05-20 15:55: Train Epoch 1108: 80/83 Loss: 0.008564
2026-05-20 15:55: **********Train Epoch 1108: averaged Loss: 0.006543
2026-05-20 15:55: **********Val Epoch 1108: average Loss: 0.035265
2026-05-20 15:55: Train Epoch 1109: 0/83 Loss: 0.006461
2026-05-20 15:55: Train Epoch 1109: 20/83 Loss: 0.003654
2026-05-20 15:55: Train Epoch 1109: 40/83 Loss: 0.011450
2026-05-20 15:55: Train Epoch 1109: 60/83 Loss: 0.006865
2026-05-20 15:56: Train Epoch 1109: 80/83 Loss: 0.008270
2026-05-20 15:56: **********Train Epoch 1109: averaged Loss: 0.007095
2026-05-20 15:56: **********Val Epoch 1109: average Loss: 0.035625
2026-05-20 15:56: Train Epoch 1110: 0/83 Loss: 0.005436
2026-05-20 15:56: Train Epoch 1110: 20/83 Loss: 0.002058
2026-05-20 15:56: Train Epoch 1110: 40/83 Loss: 0.014842
2026-05-20 15:56: Train Epoch 1110: 60/83 Loss: 0.005482
2026-05-20 15:56: Train Epoch 1110: 80/83 Loss: 0.007789
2026-05-20 15:56: **********Train Epoch 1110: averaged Loss: 0.005752
2026-05-20 15:56: **********Val Epoch 1110: average Loss: 0.042596
2026-05-20 15:56: Train Epoch 1111: 0/83 Loss: 0.009308
2026-05-20 15:56: Train Epoch 1111: 20/83 Loss: 0.002655
2026-05-20 15:56: Train Epoch 1111: 40/83 Loss: 0.007972
2026-05-20 15:56: Train Epoch 1111: 60/83 Loss: 0.005690
2026-05-20 15:56: Train Epoch 1111: 80/83 Loss: 0.009461
2026-05-20 15:56: **********Train Epoch 1111: averaged Loss: 0.005475
2026-05-20 15:56: **********Val Epoch 1111: average Loss: 0.038272
2026-05-20 15:56: Train Epoch 1112: 0/83 Loss: 0.008101
2026-05-20 15:56: Train Epoch 1112: 20/83 Loss: 0.002269
2026-05-20 15:56: Train Epoch 1112: 40/83 Loss: 0.009374
2026-05-20 15:56: Train Epoch 1112: 60/83 Loss: 0.005416
2026-05-20 15:56: Train Epoch 1112: 80/83 Loss: 0.006066
2026-05-20 15:56: **********Train Epoch 1112: averaged Loss: 0.005092
2026-05-20 15:56: **********Val Epoch 1112: average Loss: 0.047716
2026-05-20 15:56: Train Epoch 1113: 0/83 Loss: 0.011369
2026-05-20 15:56: Train Epoch 1113: 20/83 Loss: 0.006604
2026-05-20 15:56: Train Epoch 1113: 40/83 Loss: 0.011670
2026-05-20 15:56: Train Epoch 1113: 60/83 Loss: 0.005254
2026-05-20 15:56: Train Epoch 1113: 80/83 Loss: 0.007920
2026-05-20 15:56: **********Train Epoch 1113: averaged Loss: 0.006555
2026-05-20 15:56: **********Val Epoch 1113: average Loss: 0.034994
2026-05-20 15:56: Train Epoch 1114: 0/83 Loss: 0.009454
2026-05-20 15:56: Train Epoch 1114: 20/83 Loss: 0.002062
2026-05-20 15:56: Train Epoch 1114: 40/83 Loss: 0.010738
2026-05-20 15:56: Train Epoch 1114: 60/83 Loss: 0.006395
2026-05-20 15:56: Train Epoch 1114: 80/83 Loss: 0.008165
2026-05-20 15:56: **********Train Epoch 1114: averaged Loss: 0.005503
2026-05-20 15:56: **********Val Epoch 1114: average Loss: 0.045144
2026-05-20 15:56: Train Epoch 1115: 0/83 Loss: 0.016747
2026-05-20 15:56: Train Epoch 1115: 20/83 Loss: 0.003792
2026-05-20 15:56: Train Epoch 1115: 40/83 Loss: 0.011596
2026-05-20 15:56: Train Epoch 1115: 60/83 Loss: 0.005393
2026-05-20 15:56: Train Epoch 1115: 80/83 Loss: 0.008016
2026-05-20 15:56: **********Train Epoch 1115: averaged Loss: 0.006763
2026-05-20 15:56: **********Val Epoch 1115: average Loss: 0.033081
2026-05-20 15:56: Train Epoch 1116: 0/83 Loss: 0.009349
2026-05-20 15:56: Train Epoch 1116: 20/83 Loss: 0.005126
2026-05-20 15:56: Train Epoch 1116: 40/83 Loss: 0.012500
2026-05-20 15:56: Train Epoch 1116: 60/83 Loss: 0.005594
2026-05-20 15:56: Train Epoch 1116: 80/83 Loss: 0.005637
2026-05-20 15:56: **********Train Epoch 1116: averaged Loss: 0.005882
2026-05-20 15:56: **********Val Epoch 1116: average Loss: 0.044480
2026-05-20 15:56: Train Epoch 1117: 0/83 Loss: 0.015023
2026-05-20 15:56: Train Epoch 1117: 20/83 Loss: 0.002198
2026-05-20 15:56: Train Epoch 1117: 40/83 Loss: 0.009445
2026-05-20 15:56: Train Epoch 1117: 60/83 Loss: 0.004974
2026-05-20 15:56: Train Epoch 1117: 80/83 Loss: 0.008129
2026-05-20 15:56: **********Train Epoch 1117: averaged Loss: 0.006516
2026-05-20 15:56: **********Val Epoch 1117: average Loss: 0.032630
2026-05-20 15:56: Train Epoch 1118: 0/83 Loss: 0.008680
2026-05-20 15:56: Train Epoch 1118: 20/83 Loss: 0.001769
2026-05-20 15:56: Train Epoch 1118: 40/83 Loss: 0.007417
2026-05-20 15:56: Train Epoch 1118: 60/83 Loss: 0.004296
2026-05-20 15:56: Train Epoch 1118: 80/83 Loss: 0.004917
2026-05-20 15:56: **********Train Epoch 1118: averaged Loss: 0.004907
2026-05-20 15:56: **********Val Epoch 1118: average Loss: 0.043933
2026-05-20 15:56: Train Epoch 1119: 0/83 Loss: 0.012096
2026-05-20 15:56: Train Epoch 1119: 20/83 Loss: 0.003432
2026-05-20 15:56: Train Epoch 1119: 40/83 Loss: 0.009893
2026-05-20 15:56: Train Epoch 1119: 60/83 Loss: 0.005435
2026-05-20 15:56: Train Epoch 1119: 80/83 Loss: 0.006407
2026-05-20 15:56: **********Train Epoch 1119: averaged Loss: 0.006448
2026-05-20 15:56: **********Val Epoch 1119: average Loss: 0.031503
2026-05-20 15:56: Train Epoch 1120: 0/83 Loss: 0.010835
2026-05-20 15:56: Train Epoch 1120: 20/83 Loss: 0.003024
2026-05-20 15:56: Train Epoch 1120: 40/83 Loss: 0.008112
2026-05-20 15:56: Train Epoch 1120: 60/83 Loss: 0.004616
2026-05-20 15:56: Train Epoch 1120: 80/83 Loss: 0.005321
2026-05-20 15:56: **********Train Epoch 1120: averaged Loss: 0.005696
2026-05-20 15:56: **********Val Epoch 1120: average Loss: 0.042471
2026-05-20 15:56: Train Epoch 1121: 0/83 Loss: 0.014284
2026-05-20 15:56: Train Epoch 1121: 20/83 Loss: 0.004488
2026-05-20 15:56: Train Epoch 1121: 40/83 Loss: 0.010452
2026-05-20 15:56: Train Epoch 1121: 60/83 Loss: 0.005016
2026-05-20 15:56: Train Epoch 1121: 80/83 Loss: 0.004873
2026-05-20 15:56: **********Train Epoch 1121: averaged Loss: 0.008960
2026-05-20 15:56: **********Val Epoch 1121: average Loss: 0.034975
2026-05-20 15:56: Train Epoch 1122: 0/83 Loss: 0.005230
2026-05-20 15:56: Train Epoch 1122: 20/83 Loss: 0.002855
2026-05-20 15:56: Train Epoch 1122: 40/83 Loss: 0.012508
2026-05-20 15:56: Train Epoch 1122: 60/83 Loss: 0.004718
2026-05-20 15:56: Train Epoch 1122: 80/83 Loss: 0.006092
2026-05-20 15:56: **********Train Epoch 1122: averaged Loss: 0.006999
2026-05-20 15:56: **********Val Epoch 1122: average Loss: 0.041910
2026-05-20 15:56: Train Epoch 1123: 0/83 Loss: 0.005564
2026-05-20 15:56: Train Epoch 1123: 20/83 Loss: 0.004605
2026-05-20 15:56: Train Epoch 1123: 40/83 Loss: 0.012298
2026-05-20 15:56: Train Epoch 1123: 60/83 Loss: 0.005102
2026-05-20 15:56: Train Epoch 1123: 80/83 Loss: 0.004841
2026-05-20 15:56: **********Train Epoch 1123: averaged Loss: 0.006382
2026-05-20 15:56: **********Val Epoch 1123: average Loss: 0.030393
2026-05-20 15:56: Train Epoch 1124: 0/83 Loss: 0.004918
2026-05-20 15:56: Train Epoch 1124: 20/83 Loss: 0.002571
2026-05-20 15:56: Train Epoch 1124: 40/83 Loss: 0.009926
2026-05-20 15:56: Train Epoch 1124: 60/83 Loss: 0.006689
2026-05-20 15:56: Train Epoch 1124: 80/83 Loss: 0.005485
2026-05-20 15:56: **********Train Epoch 1124: averaged Loss: 0.006006
2026-05-20 15:56: **********Val Epoch 1124: average Loss: 0.034359
2026-05-20 15:56: Train Epoch 1125: 0/83 Loss: 0.004696
2026-05-20 15:56: Train Epoch 1125: 20/83 Loss: 0.003406
2026-05-20 15:56: Train Epoch 1125: 40/83 Loss: 0.007910
2026-05-20 15:56: Train Epoch 1125: 60/83 Loss: 0.009421
2026-05-20 15:56: Train Epoch 1125: 80/83 Loss: 0.005851
2026-05-20 15:56: **********Train Epoch 1125: averaged Loss: 0.006144
2026-05-20 15:56: **********Val Epoch 1125: average Loss: 0.030795
2026-05-20 15:56: Train Epoch 1126: 0/83 Loss: 0.005560
2026-05-20 15:56: Train Epoch 1126: 20/83 Loss: 0.002372
2026-05-20 15:57: Train Epoch 1126: 40/83 Loss: 0.011029
2026-05-20 15:57: Train Epoch 1126: 60/83 Loss: 0.010944
2026-05-20 15:57: Train Epoch 1126: 80/83 Loss: 0.006033
2026-05-20 15:57: **********Train Epoch 1126: averaged Loss: 0.006075
2026-05-20 15:57: **********Val Epoch 1126: average Loss: 0.036192
2026-05-20 15:57: Train Epoch 1127: 0/83 Loss: 0.010705
2026-05-20 15:57: Train Epoch 1127: 20/83 Loss: 0.005309
2026-05-20 15:57: Train Epoch 1127: 40/83 Loss: 0.017922
2026-05-20 15:57: Train Epoch 1127: 60/83 Loss: 0.006907
2026-05-20 15:57: Train Epoch 1127: 80/83 Loss: 0.005194
2026-05-20 15:57: **********Train Epoch 1127: averaged Loss: 0.007205
2026-05-20 15:57: **********Val Epoch 1127: average Loss: 0.035559
2026-05-20 15:57: Train Epoch 1128: 0/83 Loss: 0.006399
2026-05-20 15:57: Train Epoch 1128: 20/83 Loss: 0.001903
2026-05-20 15:57: Train Epoch 1128: 40/83 Loss: 0.009220
2026-05-20 15:57: Train Epoch 1128: 60/83 Loss: 0.006861
2026-05-20 15:57: Train Epoch 1128: 80/83 Loss: 0.005609
2026-05-20 15:57: **********Train Epoch 1128: averaged Loss: 0.004843
2026-05-20 15:57: **********Val Epoch 1128: average Loss: 0.032567
2026-05-20 15:57: Train Epoch 1129: 0/83 Loss: 0.005046
2026-05-20 15:57: Train Epoch 1129: 20/83 Loss: 0.001980
2026-05-20 15:57: Train Epoch 1129: 40/83 Loss: 0.008081
2026-05-20 15:57: Train Epoch 1129: 60/83 Loss: 0.005712
2026-05-20 15:57: Train Epoch 1129: 80/83 Loss: 0.004920
2026-05-20 15:57: **********Train Epoch 1129: averaged Loss: 0.004850
2026-05-20 15:57: **********Val Epoch 1129: average Loss: 0.031895
2026-05-20 15:57: Train Epoch 1130: 0/83 Loss: 0.004613
2026-05-20 15:57: Train Epoch 1130: 20/83 Loss: 0.002094
2026-05-20 15:57: Train Epoch 1130: 40/83 Loss: 0.009619
2026-05-20 15:57: Train Epoch 1130: 60/83 Loss: 0.010797
2026-05-20 15:57: Train Epoch 1130: 80/83 Loss: 0.010056
2026-05-20 15:57: **********Train Epoch 1130: averaged Loss: 0.005336
2026-05-20 15:57: **********Val Epoch 1130: average Loss: 0.040447
2026-05-20 15:57: Train Epoch 1131: 0/83 Loss: 0.009085
2026-05-20 15:57: Train Epoch 1131: 20/83 Loss: 0.002530
2026-05-20 15:57: Train Epoch 1131: 40/83 Loss: 0.008332
2026-05-20 15:57: Train Epoch 1131: 60/83 Loss: 0.005120
2026-05-20 15:57: Train Epoch 1131: 80/83 Loss: 0.005600
2026-05-20 15:57: **********Train Epoch 1131: averaged Loss: 0.006519
2026-05-20 15:57: **********Val Epoch 1131: average Loss: 0.038985
2026-05-20 15:57: Train Epoch 1132: 0/83 Loss: 0.007583
2026-05-20 15:57: Train Epoch 1132: 20/83 Loss: 0.002953
2026-05-20 15:57: Train Epoch 1132: 40/83 Loss: 0.006865
2026-05-20 15:57: Train Epoch 1132: 60/83 Loss: 0.004607
2026-05-20 15:57: Train Epoch 1132: 80/83 Loss: 0.005210
2026-05-20 15:57: **********Train Epoch 1132: averaged Loss: 0.005912
2026-05-20 15:57: **********Val Epoch 1132: average Loss: 0.037444
2026-05-20 15:57: Train Epoch 1133: 0/83 Loss: 0.006400
2026-05-20 15:57: Train Epoch 1133: 20/83 Loss: 0.002368
2026-05-20 15:57: Train Epoch 1133: 40/83 Loss: 0.007530
2026-05-20 15:57: Train Epoch 1133: 60/83 Loss: 0.004522
2026-05-20 15:57: Train Epoch 1133: 80/83 Loss: 0.009462
2026-05-20 15:57: **********Train Epoch 1133: averaged Loss: 0.005990
2026-05-20 15:57: **********Val Epoch 1133: average Loss: 0.039714
2026-05-20 15:57: Validation performance didn't improve for 500 epochs. Training stops.
2026-05-20 15:57: Total training time: 70.5869min, best loss: 0.018718
2026-05-20 15:57: Saving current best model to /root/data-tmp/zzh/SAMBA/SAMBA/saved_models/300015SZ_BASIC/best_model.pth
2026-05-20 15:57: Saving timestamped model backup to /root/data-tmp/zzh/SAMBA/SAMBA/saved_models/300015SZ_BASIC/best_model_20260520_155725.pth
2026-05-20 15:57: Average Horizon, MAE: 0.0100, MSE: 0.0126
2026-05-20 15:57: Average Horizon, MAE: 0.0103, MSE: 0.0127
