Date,Price,Vol.,weekday,mom,mom1,mom2,mom3,ROC_5,ROC_10,ROC_15,ROC_20,EMA_10,EMA_20,EMA_50,EMA_200,Name
2010-01-04,9.12,0.10460251046025104,0,0.00219780219780219,0.0,-0.03499469777306474,0.004259850905218299,-1.7241379310344862,5.677867902665112,2.702702702702675,7.16803760282021,9.115557881263646,8.975533087691145,8.598835852201217,8.511718513563421,002129.SZ
2010-01-05,9.25,0.10255681818181839,1,0.014254385964912464,0.00219780219780219,0.0,-0.03499469777306474,-1.4909478168264156,7.308584686774955,5.1136363636363535,7.184241019698723,9.140001902852074,9.001672793625323,8.624371701134503,8.519064598005576,002129.SZ
2010-01-06,9.14,-0.43803143519711407,2,-0.011891891891891881,0.014254385964912464,0.00219780219780219,0.0,-3.0752916224814353,5.299539170506917,0.10952902519167917,3.5107587768969495,9.14000155687897,9.014846813280055,8.644592418737073,8.525243059716964,002129.SZ
2010-01-07,9.12,0.8431911966987617,3,-0.002188183807440014,-0.011891891891891881,0.014254385964912464,0.00219780219780219,0.219780219780219,0.5512679162072542,1.1086474501108556,5.555555555555536,9.136364910173702,9.024861402491478,8.663235853296403,8.531161039222267,002129.SZ
2010-01-08,9.03,-0.45033167495854054,4,-0.009868421052631526,-0.002188183807440014,-0.011891891891891881,0.014254385964912464,-0.7692307692307776,-3.525641025641024,1.9187358916478603,1.8038331454340417,9.117025835596666,9.025350792730384,8.677618761010269,8.5361246109713,002129.SZ
2010-01-11,9.92,2.6180419369437318,0,0.09856035437430788,-0.009868421052631526,-0.002188183807440014,-0.011891891891891881,8.771929824561408,6.896551724137945,14.947856315179585,11.711711711711704,9.263021138215453,9.110555479137014,8.726339593911828,8.549894515339744,002129.SZ
2010-01-12,10.0,-0.06679452968645772,1,0.008064516129032251,0.09856035437430788,-0.009868421052631526,-0.002188183807440014,8.108108108108114,6.496272630457933,16.009280742459396,13.636363636363624,9.397017294903552,9.195264481123965,8.776287060817246,8.564323425634871,002129.SZ
2010-01-13,10.18,-0.11620945402555616,2,0.018000000000000016,0.008064516129032251,0.09856035437430788,-0.009868421052631526,11.378555798687074,7.9533404029692445,17.28110599078341,11.500547645125936,9.53937778673927,9.289048816255015,8.831334627059707,8.5803998094594,002129.SZ
2010-01-14,10.51,0.6901066680147616,3,0.03241650294695475,0.018000000000000016,0.008064516129032251,0.09856035437430788,15.241228070175449,15.494505494505507,15.876515986769558,16.518847006651892,9.715854552786674,9.405329881373584,8.897164641684817,8.599599811355327,002129.SZ
2010-01-15,10.57,-0.5182459918640823,4,0.0057088487155090295,0.03241650294695475,0.018000000000000016,0.008064516129032251,17.054263565891482,16.153846153846164,12.927350427350447,19.300225733634324,9.871153725007279,9.516250845052289,8.962766028285413,8.619205783381643,002129.SZ
2010-01-18,10.87,0.16391406929094754,0,0.02838221381267725,0.0057088487155090295,0.03241650294695475,0.018000000000000016,9.5766129032258,19.188596491228083,17.13362068965518,25.955967555040527,10.052762138642318,9.64517933599969,9.03755951737226,8.641601745736054,002129.SZ
2010-01-19,10.61,-0.16856929478288696,1,-0.023919043238270432,0.02838221381267725,0.0057088487155090295,0.03241650294695475,6.099999999999994,14.702702702702686,12.992545260915843,23.085846867749417,10.154078113434624,9.737067018285433,9.099223850024329,8.661187798017288,002129.SZ
2010-01-20,9.96,-0.14185807776209425,2,-0.061262959472195955,-0.023919043238270432,0.02838221381267725,0.0057088487155090295,-2.161100196463639,8.97155361050328,5.620360551431602,14.746543778801847,10.118791183719237,9.758298730829678,9.132979777474356,8.674111302514628,002129.SZ
2010-01-21,9.92,-0.3330841121495327,3,-0.004016064257028162,-0.061262959472195955,-0.023919043238270432,0.02838221381267725,-5.6137012369172234,8.771929824561408,9.010989010989023,9.3715545755237,10.08264733213392,9.773698851703042,9.163843315612617,8.68650820497717,002129.SZ
2010-01-22,9.57,0.1455156950672647,4,-0.035282258064516125,-0.004016064257028162,-0.061262959472195955,-0.023919043238270432,-9.460737937559127,5.980066445182741,5.164835164835169,2.243589743589758,9.98943872629139,9.754298961064656,9.179771028725847,8.695299168111726,002129.SZ
2010-01-25,9.45,-0.5616559013505579,0,-0.012539184952978122,-0.035282258064516125,-0.004016064257028162,-0.061262959472195955,-13.063477460901563,-4.737903225806461,3.6184210526315708,1.8318965517241326,9.891358957874774,9.725318107629928,9.190368243285619,8.70280862912554,002129.SZ
2010-01-26,9.23,0.25139540075909794,1,-0.023280423280423124,-0.012539184952978122,-0.035282258064516125,-0.004016064257028162,-13.006597549481613,-7.699999999999996,-0.216216216216214,-1.7039403620873306,9.771111874624813,9.678144954522315,9.191922429823437,8.708054314407873,002129.SZ
2010-01-27,9.06,-0.176092774308653,2,-0.018418201516793076,-0.023280423280423124,-0.012539184952978122,-0.035282258064516125,-9.036144578313255,-11.001964636542228,-0.8752735229759279,-3.923647932131491,9.64181880651121,9.61927400647257,9.18674900120291,8.711556261528193,002129.SZ
2010-01-28,9.53,0.5114768297964487,3,0.05187637969094916,-0.018418201516793076,-0.023280423280423124,-0.012539184952978122,-3.931451612903236,-9.324452901998104,4.495614035087714,4.725274725274731,9.621488114418263,9.61077172014185,9.20020982468515,8.719699980318957,002129.SZ
2010-01-29,9.44,-0.1570200573065902,4,-0.009443861490031513,0.05187637969094916,-0.018418201516793076,-0.023280423280423124,-1.3584117032392928,-10.690633869441823,4.540420819490598,3.736263736263745,9.588490275433124,9.594507746795008,9.209613360972007,8.726867144693893,002129.SZ
2010-02-01,9.07,-0.3193405846363019,0,-0.03919491525423724,-0.009443861490031513,0.05187637969094916,-0.018418201516793076,-4.021164021164014,-16.55933762649493,-8.568548387096776,-0.5482456140350811,9.494219316263464,9.544554628052627,9.2041383272084,8.730281401960621,002129.SZ
2010-02-02,9.21,0.5375780274656681,1,0.015435501653803918,-0.03919491525423724,-0.009443861490031513,0.05187637969094916,-0.21668472372696757,-13.195098963242213,-7.899999999999996,-0.432432432432428,9.442543076942833,9.512692282523805,9.20436819672964,8.735054721344097,002129.SZ
2010-02-03,9.84,0.43455667424488476,2,0.06840390879478808,0.015435501653803918,-0.03919491525423724,-0.009443861490031513,8.609271523178808,-1.2048192771084487,-3.3398821218074692,7.658643326039383,9.514807972044135,9.543864446092966,9.229294934112792,8.746049201728734,002129.SZ
2010-02-04,9.8,-0.13414081956078794,3,-0.004065040650406471,0.06840390879478808,0.015435501653803918,-0.03919491525423724,2.833158447009465,-1.2096774193548265,-6.755470980019018,7.456140350877205,9.56666106803611,9.568258308369828,9.2516755249319,8.756536274348349,002129.SZ
2010-02-05,9.89,0.12929794744411027,4,0.009183673469387754,-0.004065040650406471,0.06840390879478808,0.015435501653803918,4.766949152542388,3.3437826541274918,-6.433301797540203,9.523809523809534,9.625449964756816,9.598900374239369,9.276707857287512,8.767814520374733,002129.SZ
2010-02-08,9.6,-0.3491548969668905,0,-0.029322548028311468,0.009183673469387754,-0.004065040650406471,0.06840390879478808,5.843439911797121,1.5873015873015817,-11.683532658693652,-3.2258064516129115,9.620822698437395,9.599005100502286,9.28938598053114,8.776094972908318,002129.SZ
2010-02-09,9.34,-0.1398078975453575,1,-0.027083333333333348,-0.029322548028311468,0.009183673469387754,-0.004065040650406471,1.411509229098784,1.1917659804983716,-11.969839773798297,-6.600000000000006,9.569764025994232,9.574337948073497,9.291370844039724,8.781705968202763,002129.SZ
2010-02-10,9.6,-0.1257237386269644,2,0.027837259100642386,-0.027083333333333348,-0.029322548028311468,0.009183673469387754,-2.4390243902439046,5.960264900662238,-3.614457831325313,-5.697445972495085,9.575261475813463,9.576781953018878,9.30347394819503,8.789848197374875,002129.SZ
2010-02-11,9.76,0.1795175023651845,3,0.016666666666666607,0.027837259100642386,-0.027083333333333348,-0.029322548028311468,-0.40816326530612734,2.413431269674726,-1.6129032258064502,-7.136060894386298,9.608850298392833,9.594231290826604,9.321376930618754,8.799501449142289,002129.SZ
2010-02-12,9.95,-0.19209945859234,4,0.019467213114753967,0.016666666666666607,0.027837259100642386,-0.027083333333333348,0.6066734074822833,5.402542372881358,3.9707419017763756,-5.865657521286671,9.670877516866863,9.628114025033595,9.346028815692529,8.810949195916994,002129.SZ
2010-02-22,10.03,0.08140977910151403,0,0.008040201005025116,0.019467213114753967,0.016666666666666607,0.027837259100642386,4.479166666666656,10.584343991179711,6.137566137566131,-7.727690892364302,9.73617251380016,9.666388879792299,9.372851215077135,8.823079054664088,002129.SZ
2010-02-23,10.01,-0.19279320633463393,1,-0.001994017946161497,0.008040201005025116,0.019467213114753967,0.016666666666666607,7.173447537473243,8.686210640608017,8.450704225352101,-5.65504241281809,9.785959329472858,9.699113748383509,9.397837441936856,8.834889213324146,002129.SZ
2010-02-24,10.44,1.4100085299971568,2,0.042957042957042946,-0.001994017946161497,0.008040201005025116,0.019467213114753967,8.749999999999991,6.0975609756097615,15.231788079470189,4.819277108433728,9.904875815023248,9.769674343775556,9.438706561860903,8.850860464932861,002129.SZ
2010-02-25,10.5,0.04447852760736182,3,0.005747126436781658,0.042957042957042946,-0.001994017946161497,0.008040201005025116,7.581967213114749,7.14285714285714,10.178384050367262,5.846774193548399,10.013080212291747,9.839229168177884,9.480325912376161,8.867269813540494,002129.SZ
2010-02-26,10.75,0.42991076471252687,4,0.023809523809523725,0.005747126436781658,0.042957042957042946,-0.001994017946161497,8.04020100502514,8.695652173913038,13.8771186440678,12.330198537095093,10.147065628238702,9.925969247399038,9.530117053067292,8.88600344723661,002129.SZ
2010-03-01,10.85,-0.21929062327198046,0,0.009302325581395321,0.023809523809523725,0.005747126436781658,0.042957042957042946,8.175473579262228,13.020833333333325,19.625137816979056,14.814814814814813,10.274871877649845,10.013972176218177,9.58187716863328,8.905545701492962,002129.SZ
2010-03-02,11.11,0.3419002327228575,1,0.023963133640553025,0.009302325581395321,0.023809523809523725,0.005747126436781658,10.989010989010994,18.950749464668082,20.62975027144407,20.36836403033584,10.426713354440782,10.118355778483112,9.641803554177073,8.927480570134824,002129.SZ
2010-03-03,11.21,0.3926255466747097,2,0.00900090009000909,0.023963133640553025,0.009302325581395321,0.023809523809523725,7.375478927203072,16.770833333333357,13.922764227642293,23.730684326710815,10.569129108178823,10.222321894818053,9.703301454013268,8.950192206252886,002129.SZ
2010-03-04,10.69,-0.3715956467594347,3,-0.04638715432649432,0.00900090009000909,0.023963133640553025,0.009302325581395321,1.8095238095237942,9.528688524590168,9.081632653061211,12.17208814270725,10.59110563396449,10.266862666740144,9.7419955146402,8.967503726588678,002129.SZ
2010-03-05,10.8,-0.47311735309322767,4,0.01028999064546321,-0.04638715432649432,0.00900090009000909,0.023963133640553025,0.46511627906977715,8.542713567839222,9.201213346814964,14.406779661016955,10.62908642778913,10.31763765086013,9.783485886615095,8.985737520353965,002129.SZ
2010-03-08,11.04,0.14194603434178243,0,0.022222222222222143,0.01028999064546321,-0.04638715432649432,0.00900090009000909,1.751152073732709,10.06979062811566,14.999999999999991,21.719955898566703,10.703797986372924,10.386434065063927,9.832760949885092,9.006177943037011,002129.SZ
2010-03-09,11.42,0.7095804095660891,1,0.034420289855072506,0.022222222222222143,0.01028999064546321,-0.04638715432649432,2.7902790279027867,14.085914085914087,22.26980728051391,23.995656894679684,10.83401653430512,10.484868916010221,9.895005618517049,9.030196072957041,002129.SZ
2010-03-10,11.3,-0.16468420170882891,2,-0.010507880910682998,0.034420289855072506,0.022222222222222143,0.01028999064546321,0.802854594112401,8.23754789272031,17.70833333333335,14.837398373983746,10.918740800795097,10.56250044781877,9.950103437398733,9.052781186658962,002129.SZ
2010-03-11,11.16,-0.25110308864821496,3,-0.012389380530973493,-0.010507880910682998,0.034420289855072506,0.022222222222222143,4.39663236669785,6.2857142857142945,14.344262295081966,13.877551020408152,10.962606109741444,10.619405167074126,9.997550361422311,9.07374853803549,002129.SZ
2010-03-12,11.08,-0.010176754151044576,4,-0.007168458781361964,-0.012389380530973493,-0.010507880910682998,0.034420289855072506,2.592592592592591,3.0697674418604715,11.356783919598001,12.032355915065708,10.983950453424818,10.663271341638495,10.03999936685673,9.093711239149565,002129.SZ
2010-03-15,10.98,-0.3824404761904763,0,-0.009025270758122761,-0.007168458781361964,-0.012389380530973493,-0.010507880910682998,-0.5434782608695565,1.1981566820276512,9.47158524426721,14.375000000000004,10.98323218916576,10.693435975768162,10.076862136783916,9.112480281546087,002129.SZ
2010-03-16,11.32,0.2346111719605697,1,0.030965391621129212,-0.009025270758122761,-0.007168458781361964,-0.012389380530973493,-0.8756567425569184,1.8901890189019,13.0869130869131,21.199143468950755,11.04446270022653,10.753108739980718,10.125612641223762,9.134445651878963,002129.SZ
2010-03-17,11.81,1.535663591199432,2,0.04328621908127217,0.030965391621129212,-0.009025270758122761,-0.007168458781361964,4.513274336283191,5.352363960749318,13.122605363984686,23.020833333333336,11.183651300185343,10.853765050458744,10.19166704745028,9.16106808320355,002129.SZ
2010-03-18,11.81,-0.5039535371912391,3,0.0,0.04328621908127217,0.030965391621129212,-0.009025270758122761,5.824372759856633,10.477081384471475,12.476190476190485,21.004098360655753,11.297532881969826,10.94483504565315,10.255131084805171,9.18742561471396,002129.SZ
2010-03-19,12.17,1.0159401890252502,4,0.030482641828958545,0.0,0.04328621908127217,0.030965391621129212,9.837545126353797,12.685185185185176,13.209302325581396,22.311557788944736,11.45616326706622,11.061517422257612,10.330223983440263,9.217102971781484,002129.SZ
2010-03-22,12.13,-0.34364285214470647,0,-0.0032867707477403085,0.030482641828958545,0.0,0.04328621908127217,10.47358834244081,9.873188405797118,11.797235023041486,20.93718843469592,11.578679036690543,11.163277667756887,10.400803435070058,9.24608702181351,002129.SZ
2010-03-23,12.0,-0.19829424307036236,1,-0.010717230008244094,-0.0032867707477403085,0.030482641828958545,0.0,6.0070671378091856,5.078809106830118,8.01080108010801,19.880119880119885,11.655282848201352,11.242965508922897,10.463517025851624,9.273489140999446,002129.SZ
2010-03-24,11.97,0.017021276595744705,2,-0.0024999999999999467,-0.010717230008244094,-0.0032867707477403085,0.030482641828958545,1.3547840812870415,5.9292035398230025,6.779661016949157,14.655172413793105,11.712504148528378,11.312206889025479,10.522594789543717,9.300320094820346,002129.SZ
2010-03-25,12.05,0.040141213389121244,3,0.006683375104427736,-0.0024999999999999467,-0.010717230008244094,-0.0032867707477403085,2.0321761219305623,7.974910394265233,12.722170252572518,14.761904761904777,11.773867030614127,11.38247289959448,10.582493033091023,9.327680093876861,002129.SZ
2010-03-26,12.15,-0.1562539283469515,4,0.008298755186721962,0.006683375104427736,-0.0024999999999999467,-0.010717230008244094,-0.16433853738700988,9.65703971119134,12.5,13.023255813953494,11.842254843229739,11.45557071868072,10.643963894538434,9.355762879012413,002129.SZ
2010-03-29,12.35,0.4986591179976161,0,0.016460905349794164,0.008298755186721962,0.006683375104427736,-0.0024999999999999467,1.8136850783182057,12.47723132969034,11.865942028985522,13.824884792626735,11.934572144460695,11.540754459758746,10.7108672712232,9.385556283201344,002129.SZ
2010-03-30,12.43,-0.2896908241375882,1,0.006477732793522373,0.016460905349794164,0.008298755186721962,0.006683375104427736,3.5833333333333384,9.805653710247352,8.844133099824859,11.881188118811892,12.024649936376932,11.625444511210295,10.778284240979154,9.4158492555078,002129.SZ
2010-04-02,12.6,-0.44908542334527624,4,0.012861736334405238,0.0008045052292839916,0.0,0.006477732793522373,3.703703703703698,3.533278553820862,13.718411552346566,16.66666666666665,12.240383023004343,11.85117200112206,10.97212642699231,9.506721658545409,002129.SZ
2010-04-06,13.11,1.1862057162416568,1,0.040476190476190554,0.012861736334405238,0.0008045052292839916,0.0,6.153846153846154,8.079142621599322,19.398907103825124,18.75,12.398495200639918,11.971060381967579,11.055964606325944,9.54257517438078,002129.SZ
2010-04-09,13.23,-0.04567772652879021,4,0.0007564296520423675,0.008390541571319687,0.0,0.040476190476190554,6.350482315112549,9.792531120331937,12.023708721422533,18.5483870967742,12.758484598998121,12.28737103551621,11.297113628767525,9.650287043612906,002129.SZ
2010-04-12,12.95,0.35578422201434345,0,-0.021164021164021274,0.0007564296520423675,0.008390541571319687,0.0,2.777777777777768,6.584362139917688,6.409202958093663,16.877256317689525,12.793305580998464,12.350478555943237,11.36193270214919,9.683120008353075,002129.SZ
2010-04-13,12.58,0.1914673413063479,1,-0.02857142857142847,-0.021164021164021274,0.0007564296520423675,0.008390541571319687,-4.04271548436308,1.8623481781376627,3.70981038746907,14.571948998178508,12.75452274808965,12.372337741091501,11.409700047162948,9.711944684886875,002129.SZ
2010-04-14,12.7,-0.5305472444744715,2,0.009538950715421324,-0.02857142857142847,-0.021164021164021274,0.0007564296520423675,-3.1273836765827623,2.1721641190667773,5.833333333333335,12.190812720848054,12.744609521164259,12.403543670511358,11.46030004531342,9.741676578569594,002129.SZ
2010-04-15,13.05,0.9109786184210527,3,0.02755905511811041,0.009538950715421324,-0.02857142857142847,-0.021164021164021274,-1.2859304084720136,4.987932421560748,9.022556390977442,10.499576629974605,12.800135062770757,12.465110939986467,11.522641220007012,9.774595219578853,002129.SZ
2010-04-16,13.21,-0.193329747175901,4,0.012260536398467359,0.02755905511811041,0.009538950715421324,-0.02857142857142847,-0.15117157974300355,6.189710610932497,9.62655601659752,11.854360711261647,12.8746559604488,12.536052755225851,11.588812152555757,9.808778351722347,002129.SZ
2010-04-19,12.94,0.21579087756735116,0,-0.020439061317184093,0.012260536398467359,0.02755905511811041,0.009538950715421324,-0.07722007722007485,2.698412698412689,6.50205761316871,6.327033689400152,12.886536694912653,12.574523921394817,11.641799911279062,9.839934786033568,002129.SZ
2010-04-20,13.4,0.21643264589732336,1,0.03554868624420404,-0.020439061317184093,0.012260536398467359,0.02755905511811041,6.518282988871227,2.212051868802445,8.502024291497978,10.469909315746072,12.979893659473987,12.653140690785786,11.710748934366158,9.875358320500895,002129.SZ
2010-04-21,14.0,0.3425917575976192,2,0.04477611940298498,0.03554868624420404,-0.020439061317184093,0.012260536398467359,10.236220472440948,6.788710907704054,12.630732099758646,16.666666666666675,13.165367539569624,12.781413005949046,11.800523485959642,9.916399531242181,002129.SZ
2010-04-22,13.98,-0.18833960236432024,3,-0.0014285714285714457,0.04477611940298498,0.03554868624420404,-0.020439061317184093,7.126436781609202,5.748865355521926,12.469831053901848,16.79197994987469,13.313482532375147,12.895564148239613,11.885993153176912,9.95683336675221,002129.SZ
2010-04-23,13.44,-0.2838464084740152,4,-0.0386266094420602,-0.0014285714285714457,0.04477611940298498,0.03554868624420404,1.7411052233156532,1.5873015873015817,8.038585209003223,11.535269709543549,13.336485708306938,12.9474151817406,11.946934598150367,9.991491741212387,002129.SZ
2010-04-26,13.51,-0.20302750173330264,0,0.005208333333333259,-0.0386266094420602,-0.0014285714285714457,0.04477611940298498,4.404945904173108,4.324324324324325,7.222222222222219,11.19341563786007,13.36803376134204,13.000994688241496,12.008231280575842,10.026501773638135,002129.SZ
2010-04-27,13.27,-0.1634043787153835,1,-0.0177646188008882,0.005208333333333259,-0.0386266094420602,-0.0014285714285714457,-0.970149253731345,5.4848966613672445,1.2204424103737566,7.4493927125506065,13.350209441098032,13.026614241742307,12.05771240682777,10.05877538783079,002129.SZ
2010-04-28,13.59,-0.00554592720970537,2,0.024114544084400835,-0.0177646188008882,0.005208333333333259,-0.0386266094420602,-2.928571428571425,7.007874015748028,3.661327231121292,9.332260659694281,13.393807724534753,13.080270028243039,12.117802116363936,10.093911951135958,002129.SZ
2010-05-04,12.86,-0.6686531585220501,1,-0.0007770007770007137,-0.052980132450331174,0.0,0.024114544084400835,-4.811250925240563,-0.6182380216383287,-0.6949806949806958,2.063492063492056,13.242709114339467,13.08091265778199,12.228543027855808,10.182881240958656,002129.SZ
2010-05-05,13.11,-0.012980919612136321,2,0.019440124416796323,-0.0007770007770007137,-0.052980132450331174,0.0,-1.2057272042200418,-2.164179104477615,4.213036565977735,0.0,13.218580184459565,13.083682880850374,12.263109967939894,10.212006800750114,002129.SZ
2010-05-06,13.11,0.38139755981619405,3,0.0,0.019440124416796323,-0.0007770007770007137,-0.052980132450331174,-3.532008830022082,-6.357142857142861,3.228346456692921,0.0,13.198838332739644,13.086189273150339,12.296321341746172,10.240842553976481,002129.SZ
2010-05-07,13.13,-0.20991052993805925,4,0.0015255530129671957,0.0,0.019440124416796323,-0.0007770007770007137,-3.3848417954378207,-6.080114449213159,0.6130268199233679,-0.6807866868381196,13.186322272241526,13.090361723326497,12.32901462246201,10.269590389260298,002129.SZ
2010-05-10,13.3,0.15563298490127764,0,0.012947448591013044,0.0015255530129671957,0.0,0.019440124416796323,3.3411033411033575,-1.041666666666663,0.681302043906129,0.5291005291005346,13.206990950015793,13.11032727348588,12.367092480404676,10.299743718720395,002129.SZ
2010-05-11,12.38,0.0342964824120604,1,-0.06917293233082711,0.012947448591013044,0.0015255530129671957,0.0,-3.732503888024874,-8.364174685418202,-4.327666151468302,-4.401544401544388,13.05662895910383,13.040772295058654,12.36759865764371,10.320442786195812,002129.SZ
2010-05-12,11.5,-0.33924450382606586,2,-0.07108239095315028,-0.06917293233082711,0.012947448591013044,0.0015255530129671957,-12.280701754385959,-13.338357196684248,-14.179104477611947,-8.58505564387917,12.773605511994042,12.894032076481638,12.333575180873368,10.332179673895357,002129.SZ
2010-05-13,12.3,0.09172794117647065,3,0.06956521739130439,-0.07108239095315028,-0.06917293233082711,0.012947448591013044,-6.178489702517154,-9.49227373068432,-12.142857142857133,-3.149606299212593,12.687495418904215,12.837457593007196,12.332258507113629,10.351759975647642,002129.SZ
2010-05-14,12.98,0.6827748779255767,4,0.055284552845528356,0.06956521739130439,-0.07108239095315028,-0.06917293233082711,-1.1424219345011477,-4.488594554819714,-7.153075822603716,-0.5363984674329525,12.740678070012539,12.851033060339844,12.357660134285645,10.377911617680999,002129.SZ
2010-05-17,12.6,-0.4004402641584951,0,-0.02927580893682591,0.055284552845528356,0.06956521739130439,-0.07108239095315028,-5.263157894736848,-2.0979020979020935,-6.25,-4.61771385314157,12.715100239101167,12.827125149831287,12.367163658431306,10.400021949843378,002129.SZ
2010-05-18,12.46,-0.18074098798397864,1,-0.01111111111111096,-0.02927580893682591,0.055284552845528356,0.06956521739130439,0.646203554119551,-3.1104199066873894,-7.772020725388595,-3.7094281298299725,12.668718377446408,12.792160849847356,12.370804299277136,10.420519243874788,002129.SZ
2010-05-19,12.46,-0.055815848441637894,2,0.0,-0.01111111111111096,-0.02927580893682591,0.055284552845528356,8.347826086956523,-4.958047292143386,-6.103993971363975,-7.014925373134329,12.63076958154706,12.760526483195228,12.374302169893719,10.440812584731756,002129.SZ
2010-05-20,11.8,0.31499460625674214,3,-0.052969502407704705,0.0,-0.01111111111111096,-0.02927580893682591,-4.0650406504065035,-9.992372234935154,-13.171449595290651,-15.714285714285714,12.47972056672032,12.669047770509968,12.351780516172397,10.454336837619998,002129.SZ
2010-05-21,12.6,0.136177194421657,4,0.06779661016949134,-0.052969502407704705,0.0,-0.01111111111111096,-2.927580893682591,-4.036557501904047,-7.284768211920534,-9.871244635193143,12.501589554589353,12.66247179236616,12.361514613577402,10.475686719832735,002129.SZ
2010-05-24,13.07,0.30483754512635386,0,0.03730158730158739,0.06779661016949134,-0.052969502407704705,0.0,3.730158730158739,-1.7293233082706805,1.5540015540015606,-2.7529761904761862,12.60493690830038,12.701284002617003,12.389298354221426,10.501500782321962,002129.SZ
2010-05-25,12.85,-0.37140327578574595,1,-0.016832440703902107,0.03730158730158739,0.06779661016949134,-0.052969502407704705,3.1300160513643593,3.796445880452337,-0.07776049766717863,-4.88527017024426,12.649493834063945,12.715447430939193,12.40736508542843,10.524868933741644,002129.SZ
2010-05-26,12.88,-0.30739436619718297,2,0.0023346303501945442,-0.016832440703902107,0.03730158730158739,0.06779661016949134,3.370786516853941,12.00000000000001,-1.754385964912275,-2.9389600602863553,12.691404046052318,12.73111910418308,12.425899787960649,10.548303073704414,002129.SZ
2010-05-27,13.29,1.0546517539400098,3,0.0318322981366459,0.0023346303501945442,-0.016832440703902107,0.03730158730158739,12.627118644067782,8.048780487804862,1.3729977116704761,-2.207505518763797,12.800239674042805,12.784345856165643,12.459786070785722,10.575583640135216,002129.SZ
2010-05-28,13.08,-0.20054435234442647,4,-0.015801354401805856,0.0318322981366459,0.0023346303501945442,-0.016832440703902107,3.809523809523818,0.7704160246533087,-0.38080731150038627,-3.7527593818984517,12.851105187853204,12.812503393673678,12.48410818565687,10.600503205905015,002129.SZ
2010-05-31,12.64,-0.13509749303621177,0,-0.033639143730886834,-0.015801354401805856,0.0318322981366459,0.0023346303501945442,-3.289977046671766,0.31746031746031633,-4.96240601503759,-1.7871017871017747,12.812722426425347,12.79607449903809,12.490221590140916,10.620796706343771,002129.SZ
2010-06-01,12.3,-0.3168724279835391,1,-0.026898734177215222,-0.033639143730886834,-0.015801354401805856,0.0318322981366459,-4.280155642023342,-1.2841091492776902,-0.646203554119551,-4.3545878693623585,12.719500167075283,12.748829308653509,12.482761919939312,10.637505196827913,002129.SZ
2010-06-02,12.55,-0.3077527501309586,2,0.020325203252032464,-0.026898734177215222,-0.033639143730886834,-0.015801354401805856,-2.5621118012422395,0.7223113964687,9.13043478260871,-4.271548436308148,12.688681954879776,12.72989318401984,12.485398707392672,10.656534995864451,002129.SZ
2010-06-03,12.0,0.6659099508134696,3,-0.043824701195219196,0.020325203252032464,-0.026898734177215222,-0.033639143730886834,-9.706546275395024,1.6949152542372836,-2.4390243902439046,-8.466819221967958,12.563467053992543,12.66037954744652,12.466363463965509,10.669902806850875,002129.SZ
2010-06-04,12.25,-0.1741994094935272,4,0.02083333333333326,-0.043824701195219196,0.020325203252032464,-0.026898734177215222,-6.345565749235471,-2.777777777777779,-5.6240369799691825,-6.702208682406708,12.506473044175717,12.621295781023042,12.457878622241372,10.685625166981712,002129.SZ
2010-06-09,12.6,0.17591375230081518,2,0.03960396039603964,-0.0106122448979592,0.0,0.02083333333333326,0.3984063745019917,-2.1739130434782705,1.123595505617958,9.565217391304337,12.434769984375727,12.547125338736318,12.443196221876015,10.734061735737408,002129.SZ
2010-06-10,12.87,0.6509391771019679,3,0.021428571428571352,0.03960396039603964,-0.0106122448979592,0.0,7.250000000000001,-3.160270880361171,9.067796610169477,4.6341463414633965,12.51390271448923,12.577875306475716,12.4599336249397,10.755314852794747,002129.SZ
2010-06-11,12.73,-0.34701340918325885,4,-0.010878010878010769,0.021428571428571352,0.03960396039603964,-0.0106122448979592,3.918367346938778,-2.675840978593269,1.031746031746028,-1.926040061633283,12.553193130036641,12.592363372525648,12.470524463177359,10.774963461224651,002129.SZ
2010-06-17,12.78,-0.4673304293714997,3,0.003927729772191579,-0.010878010878010769,0.021428571428571352,0.03960396039603964,4.326530612244883,1.1075949367088445,-2.218821729150733,1.4285714285714235,12.594430742757252,12.610233527523206,12.482660758739032,10.794914073550775,002129.SZ
2010-06-18,11.92,0.7784267912772587,4,-0.06729264475743346,0.003927729772191579,-0.010878010878010769,0.021428571428571352,-1.650165016501648,-3.0894308943089532,-7.237354085603109,-4.333868378812211,12.471806971346842,12.544497001092425,12.460595630945344,10.806108958391066,002129.SZ
2010-06-21,12.29,-0.48040289029997807,0,0.031040268456375752,-0.06729264475743346,0.003927729772191579,-0.010878010878010769,-2.4603174603174627,-2.07171314741037,-4.580745341614922,-1.3643659711075617,12.438751158374687,12.520259191464575,12.45390560620239,10.8208740433822,002129.SZ
2010-06-22,12.27,-0.22587442056468598,1,-0.0016273393002440573,0.031040268456375752,-0.06729264475743346,0.003927729772191579,-4.66200466200466,2.2499999999999964,-7.674943566591419,3.9830508474576254,12.408069129579289,12.496424982753664,12.446693621645434,10.835293207129643,002129.SZ
2010-06-23,12.0,0.24931954273271617,2,-0.022004889975550057,-0.0016273393002440573,0.031040268456375752,-0.06729264475743346,-5.734485467399841,-2.0408163265306145,-8.25688073394496,-4.761904761904756,12.333874742383054,12.4491464129676,12.429176224718162,10.846882329446762,002129.SZ
2010-06-24,12.11,-0.3411764705882353,3,0.009166666666666545,-0.022004889975550057,-0.0016273393002440573,0.031040268456375752,-5.242566510172142,-1.1428571428571455,-4.1930379746835555,-7.345065034429998,12.293170243767952,12.416846754589734,12.416659510023333,10.859450664477144,002129.SZ
2010-06-25,11.95,-0.07738095238095233,4,-0.013212221304706895,0.009166666666666545,-0.022004889975550057,-0.0016273393002440573,0.251677852348986,-1.4026402640264002,-2.8455284552845628,-7.0038910505836665,12.230775653991959,12.372385158914522,12.398359137081242,10.870301901646528,002129.SZ
2010-06-28,11.28,1.6494623655913982,0,-0.05606694560669456,-0.013212221304706895,0.009166666666666545,-0.022004889975550057,-8.218063466232707,-10.476190476190483,-10.119521912350605,-12.422360248447218,12.057907353266147,12.26834847711314,12.354501916019231,10.874378499640095,002129.SZ
2010-06-29,11.01,-0.02624458874458868,1,-0.02393617021276595,-0.05606694560669456,-0.013212221304706895,0.009166666666666545,-10.268948655256727,-14.452214452214452,-8.250000000000002,-17.155756207674944,11.867378743581392,12.148505765007126,12.301776350685143,10.875727967305368,002129.SZ
2010-06-30,11.03,-0.30702973048068904,2,0.0018165304268846771,-0.02393617021276595,-0.05606694560669456,-0.013212221304706895,-8.083333333333343,-13.354281225451691,-9.959183673469397,-15.672782874617742,11.71512806293023,12.041981406435019,12.251902768305333,10.877263012406807,002129.SZ
2010-07-01,11.19,-0.27666399358460314,3,0.014505893019038929,0.0018165304268846771,-0.02393617021276595,-0.05606694560669456,-7.597027250206445,-12.441314553990612,-8.6530612244898,-11.471518987341778,11.619650233306551,11.960840320107874,12.210259522489439,10.88037482322863,002129.SZ
2010-07-02,11.04,1.1956762749445677,4,-0.013404825737265424,0.014505893019038929,0.0018165304268846771,-0.02393617021276595,-7.615062761506275,-7.382550335570482,-8.910891089108908,-10.2439024390244,11.514259281796269,11.873141242002362,12.164366992195736,10.881963133445261,002129.SZ
2010-07-05,11.01,-0.7513254228730119,0,-0.0027173913043477826,-0.013404825737265424,0.014505893019038929,0.0018165304268846771,-2.393617021276595,-10.414971521562244,-12.619047619047619,-12.270916334661363,11.422575776015128,11.790937314192613,12.11909769838414,10.883237132117447,002129.SZ
2010-07-06,11.29,0.11269035532994942,1,0.025431425976385036,-0.0027173913043477826,-0.013404825737265424,0.014505893019038929,2.5431425976385036,-7.9869600651996775,-12.276612276612276,-5.91666666666667,11.398471089466922,11.743228998555221,12.08658406315339,10.887284523837673,002129.SZ
2010-07-07,11.35,0.21076642335766405,2,0.005314437555358875,0.025431425976385036,-0.0027173913043477826,-0.013404825737265424,2.901178603807808,-5.41666666666667,-10.840534171249027,-7.346938775510203,11.3896581641093,11.705778617740437,12.057698413617963,10.89188865792884,002129.SZ
2010-07-08,11.18,-0.18010550113036916,3,-0.0149779735682819,0.005314437555358875,0.025431425976385036,-0.0027173913043477826,-0.08936550491509543,-7.679603633360854,-12.519561815336466,-8.734693877551026,11.351538497907608,11.65570446366992,12.023278867985885,10.894755437451938,002129.SZ
2010-07-09,11.79,3.8731617647058822,4,0.054561717352414885,-0.0149779735682819,0.005314437555358875,0.025431425976385036,6.7934782608695565,-1.3389121338912124,-1.090604026845643,-2.722772277227725,11.431258771015315,11.668494514748975,12.014130677084479,10.903663343546945,002129.SZ
2010-07-12,12.12,-0.3813655224443607,0,0.027989821882951738,0.054561717352414885,-0.0149779735682819,0.005314437555358875,10.081743869209813,7.446808510638303,-1.3832384052074875,-3.809523809523818,11.55648444901253,11.711495037153835,12.018282415238028,10.915766195849962,002129.SZ
2010-07-13,12.13,-0.07774390243902429,1,0.0008250825082509738,0.027989821882951738,0.054561717352414885,-0.0149779735682819,7.440212577502225,10.172570390554059,-1.140994295028519,-5.749805749805736,11.660760003737524,11.751352652662995,12.0226634969934,10.927848124249467,002129.SZ
2010-07-14,12.29,0.28264462809917346,2,0.013190436933223193,0.0008250825082509738,0.027989821882951738,0.054561717352414885,8.281938325991177,11.42339075249319,2.416666666666667,-3.4564021995286853,11.775167275785247,11.802652400028423,12.033147281425032,10.941401874256936,002129.SZ
2010-07-15,11.97,-0.26546391752577314,3,-0.02603742880390547,0.013190436933223193,0.0008250825082509738,0.027989821882951738,7.066189624329167,6.970509383378021,-1.156069364161838,-6.338028169014076,11.810591407460656,11.818590266692384,12.03067091744758,10.95163668147826,002129.SZ
2010-07-16,12.24,-0.14526315789473687,4,0.022556390977443552,-0.02603742880390547,0.013190436933223193,0.0008250825082509738,3.8167938931297885,10.869565217391308,2.4267782426778295,2.684563758389258,11.888665697013263,11.858724527007395,12.038879901077088,10.964456216985939,002129.SZ
2010-07-19,12.6,1.104679802955665,0,0.02941176470588225,0.022556390977443552,-0.02603742880390547,0.013190436933223193,3.960396039603964,14.441416893732972,11.70212765957448,2.522375915378361,12.017999206647215,11.929322191101928,12.060884610838771,10.980730284478616,002129.SZ
2010-07-20,12.97,1.3017359079383657,1,0.029365079365079483,0.02941176470588225,0.022556390977443552,-0.02603742880390547,6.9249793899422984,14.88042515500445,17.801998183469593,5.7049714751426395,12.191090259984083,12.028434363377935,12.096536194727447,11.000524012991267,002129.SZ
2010-07-21,12.88,-0.4233539530548259,2,-0.006939090208172738,0.029365079365079483,0.02941176470588225,0.022556390977443552,4.800650935720108,13.480176211453765,16.772438803263846,7.333333333333347,12.316346576350613,12.109535852580036,12.12726026552245,11.019225266593343,002129.SZ
2010-07-22,13.0,-0.06098457016899339,3,0.009316770186335255,-0.006939090208172738,0.029365079365079483,0.02941176470588225,8.604845446950705,16.279069767441868,16.175156389633607,7.349298100743185,12.440647198832318,12.194341961858129,12.16148535314902,11.038934467920773,002129.SZ
2010-07-23,13.23,0.017996870109546093,4,0.017692307692307674,0.009316770186335255,-0.006939090208172738,0.029365079365079483,8.088235294117641,12.213740458015288,19.836956521739136,10.71129707112972,12.584165889953715,12.292976060728783,12.203387888319648,11.06073611500614,002129.SZ
2010-07-26,13.36,0.11160645657186796,0,0.009826152683295453,0.017692307692307674,0.009316770186335255,-0.006939090208172738,6.0317460317460325,10.231023102310232,21.344232515894635,18.439716312056742,12.725226637234858,12.394597388278424,12.248745226032604,11.083614362618018,002129.SZ
2010-07-27,13.35,-0.049923938597704276,1,-0.0007485029940119681,0.009826152683295453,0.017692307692307674,0.009316770186335255,2.9298380878951313,10.057708161582845,18.24623560673162,21.253405994550413,12.838821794101246,12.485588113204287,12.291931687756815,11.106165463487491,002129.SZ
2010-07-28,13.6,0.13580786026200875,2,0.01872659176029967,-0.0007485029940119681,0.009826152683295453,0.017692307692307674,5.590062111801242,10.65907241659887,19.823788546255507,23.300090661831362,12.977217831537383,12.591722578613403,12.343228484315372,11.13097973748264,002129.SZ
2010-07-29,13.48,-0.4281686530821479,3,-0.008823529411764675,0.01872659176029967,-0.0007485029940119681,0.009826152683295453,3.692307692307706,12.614870509607346,20.572450805008955,20.464700625558542,13.068632771257858,12.67632042826927,12.38780775944026,11.154353073428087,002129.SZ
2010-07-30,13.46,-0.12438368444643655,4,-0.0014836795252225476,-0.008823529411764675,0.01872659176029967,-0.0007485029940119681,1.7384731670446074,9.967320261437917,14.164546225614938,21.920289855072483,13.139790449210974,12.750956577957911,12.429854513972014,11.17729483389149,002129.SZ
2010-08-02,13.6,0.03148195546455068,0,0.010401188707280795,-0.0014836795252225476,-0.008823529411764675,0.01872659176029967,1.7964071856287456,7.9365079365079305,12.211221122112214,23.524069028156227,13.223464912990796,12.831817856247635,12.475742572247622,11.201401352957248,002129.SZ
2010-08-03,13.26,-0.04714640198511166,1,-0.025000000000000022,0.010401188707280795,-0.0014836795252225476,-0.008823529411764675,-0.6741573033707815,2.2359290670778575,9.315746084089028,17.44906997342781,13.230107656083376,12.872597108033576,12.506497765492814,11.22188492158454,002129.SZ
2010-08-06,14.45,-0.3273244781783681,4,0.021923620933521848,0.06636500754147812,0.0,-0.025000000000000022,7.3551263001485845,9.221466364323504,18.055555555555557,22.561492790500438,13.590900436727857,13.162237724220095,12.67153730927369,11.302630708140224,002129.SZ
2010-08-09,14.49,0.0036044507130543746,0,0.0027681660899654403,0.021923620933521848,0.06636500754147812,0.0,6.5441176470588225,8.458083832335328,15.000000000000014,19.554455445544573,13.75437308459552,13.288691274294372,12.742849571655114,11.334345825472163,002129.SZ
2010-08-10,14.18,-0.06855090568394762,1,-0.021394064872325758,0.0027681660899654403,0.021923620933521848,0.06636500754147812,6.9381598793363475,6.2172284644194775,9.32922127987663,16.900247320692486,13.831759796487242,13.373577819599669,12.799208411982365,11.362660792382886,002129.SZ
2010-08-11,14.6,-0.03202011735121535,2,0.02961918194640334,-0.021394064872325758,0.0027681660899654403,0.021923620933521848,10.105580693815996,7.352941176470584,13.35403726708073,18.795768917819377,13.97143983348956,13.49037993201875,12.869827689943842,11.394873122806938,002129.SZ
2010-08-12,14.35,0.31936266020090076,3,-0.017123287671232834,0.02961918194640334,-0.021394064872325758,0.0027681660899654403,1.4851485148514865,6.454005934718099,10.384615384615392,19.883040935672504,14.040268954673277,13.572248509921726,12.92787366288722,11.424277370341198,002129.SZ
2010-08-13,14.94,-0.24783407718561312,4,0.041114982578397186,-0.017123287671232834,0.02961918194640334,-0.021394064872325758,3.39100346020762,10.995542347696862,12.925170068027203,22.058823529411754,14.203856417459953,13.702510556595849,13.006780578068115,11.459259685064172,002129.SZ
2010-08-16,15.05,0.6066317626527051,0,0.007362784471218298,0.041114982578397186,-0.017123287671232834,0.02961918194640334,3.864734299516903,10.661764705882359,12.649700598802415,19.444444444444464,14.357700705194507,13.830842884539102,13.086906829908582,11.494988444416768,002129.SZ
2010-08-17,15.56,0.241038453182707,1,0.03388704318936875,0.007362784471218298,0.041114982578397186,-0.017123287671232834,9.732016925246834,17.34539969834088,16.554307116104884,19.969159599074793,14.576300576977324,13.995524514582996,13.18389087579452,11.535436320591726,002129.SZ
2010-08-18,15.55,-0.5467833698030635,2,-0.0006426735218508783,0.03388704318936875,0.007362784471218298,0.041114982578397186,6.506849315068508,17.269984917043747,14.338235294117663,20.729813664596275,14.75333683570872,14.143569798908425,13.276679468900618,11.575382227849522,002129.SZ
2010-08-19,15.35,0.21340285824642713,3,-0.012861736334405238,-0.0006426735218508783,0.03388704318936875,0.007362784471218298,6.968641114982588,8.557284299858559,13.87240356083086,18.07692307692308,14.861821047398042,14.2584679132981,13.35798615639471,11.612940613642065,002129.SZ
2010-08-20,15.3,-0.08897023714785923,4,-0.0032573289902279035,-0.012861736334405238,-0.0006426735218508783,0.03388704318936875,2.4096385542168752,5.882352941176472,13.67013372956909,15.646258503401356,14.941489947871126,14.357661445364947,13.434143562026291,11.649627771715279,002129.SZ
2010-08-23,15.44,0.05013976240391327,0,0.009150326797385588,-0.0032573289902279035,-0.012861736334405238,-0.0006426735218508783,2.591362126245844,6.556245686680473,13.529411764705879,15.568862275449113,15.032128139167284,14.460741307711142,13.512804598809574,11.687342918265376,002129.SZ
2010-08-24,15.44,-0.21710197970387624,1,0.0,0.009150326797385588,-0.0032573289902279035,-0.012861736334405238,-0.7712082262210873,8.885754583921024,16.440422322775273,15.655430711610485,15.106286659318686,14.554004040310081,13.588380889052337,11.724682789725422,002129.SZ
2010-08-25,14.9,0.5276243093922652,2,-0.03497409326424861,0.0,0.009150326797385588,-0.0032573289902279035,-4.180064308681675,2.0547945205479534,12.368024132730016,9.558823529411775,15.068779993988015,14.586956036471026,13.639816932618912,11.756277985847557,002129.SZ
2010-08-26,14.96,-0.30254555571011266,3,0.00402684563758382,-0.03497409326424861,0.0,0.009150326797385588,-2.540716612377847,4.250871080139373,5.799151343705811,10.979228486646896,15.04900181326292,14.622484032997596,13.691588817614248,11.78815581683415,002129.SZ
2010-08-27,15.5,0.29896290386916613,4,0.03609625668449201,0.00402684563758382,-0.03497409326424861,0.0,1.3071895424836555,3.748326639892907,7.26643598615917,15.156017830609203,15.131001483578752,14.70605698223592,13.762506903198002,11.825089589800974,002129.SZ
2010-08-30,15.91,0.06556118532166444,0,0.02645161290322573,0.03609625668449201,0.00402684563758382,-0.03497409326424861,3.044041450777213,5.714285714285716,9.799861973775027,16.985294117647065,15.272637577473523,14.820718222022974,13.846722318758864,11.865735464529322,002129.SZ
2010-08-31,16.12,0.17406340057636882,1,0.013199245757385292,0.02645161290322573,0.03609625668449201,0.00402684563758382,4.404145077720223,3.598971722365052,13.681241184767279,21.568627450980404,15.426703472478337,14.944459343735073,13.935870463121264,11.908066454932017,002129.SZ
2010-09-01,15.7,0.045041728031418815,2,-0.026054590570719682,0.013199245757385292,0.02645161290322573,0.03609625668449201,5.369127516778516,0.9646302250803762,7.534246575342474,18.401206636500756,15.476393750209546,15.016415596712685,14.005052013587097,11.945797136972494,002129.SZ
2010-09-02,15.8,-0.3863769817968291,3,0.006369426751592355,-0.026054590570719682,0.013199245757385292,0.02645161290322573,5.614973262032086,2.931596091205213,10.104529616724744,11.739745403111733,15.535231250171446,15.091042682740047,14.075442130701328,11.984147414216551,002129.SZ
2010-09-03,16.5,1.06622009569378,4,0.044303797468354444,0.006369426751592355,-0.026054590570719682,0.013199245757385292,6.451612903225801,7.843137254901955,10.441767068273089,14.18685121107266,15.710643750140273,15.225229093907663,14.170522831458138,12.02908127079151,002129.SZ
2010-09-06,16.18,-0.4789736939607262,0,-0.019393939393939408,0.044303797468354444,0.006369426751592355,-0.026054590570719682,1.6970458830923851,4.792746113989632,7.50830564784053,11.663216011042099,15.795981250114767,15.316159656392648,14.249325857675467,12.070383944713983,002129.SZ
2010-09-07,16.04,-0.2746666666666667,1,-0.008652657601977753,-0.019393939393939408,0.044303797468354444,0.006369426751592355,-0.49627791563277013,3.886010362694292,3.084832904884305,13.117066290550072,15.840348295548445,15.3850968319743,14.319548373060744,12.10988261193076,002129.SZ
2010-09-08,16.18,0.028186274509804043,2,0.008728179551122262,-0.008652657601977753,-0.019393939393939408,0.044303797468354444,3.0573248407643305,8.59060402684564,4.051446945337611,10.821917808219172,15.902103150903272,15.460801895595797,14.392507260391696,12.15038129240906,002129.SZ
2010-09-09,16.43,1.7773539928486293,3,0.015451174289246028,0.008728179551122262,-0.008652657601977753,-0.019393939393939408,3.987341772151898,9.826203208556139,7.035830618892502,14.494773519163772,15.998084396193587,15.553106476967626,14.472408936454768,12.192964563131358,002129.SZ
2010-09-10,16.38,-0.6756501587846537,4,-0.003043213633597164,0.015451174289246028,0.008728179551122262,-0.008652657601977753,-0.727272727272732,5.6774193548386975,7.058823529411762,9.638554216867457,16.06752359688566,15.631858241065947,14.547216429142816,12.234626607279305,002129.SZ
2010-09-13,16.6,0.6017464937814236,0,0.013431013431013605,-0.003043213633597164,0.015451174289246028,0.008728179551122262,2.595797280593337,4.336895034569466,7.512953367875652,10.299003322259148,16.164337488360996,15.724062218107285,14.627717745647018,12.278063158450657,002129.SZ
2010-09-14,17.24,1.3609780274244176,1,0.03855421686746974,0.013431013431013605,-0.003043213633597164,0.015451174289246028,7.4812967581047385,6.9478908188585375,11.658031088082899,10.796915167095111,16.35991249047718,15.86843724495421,14.730160186994194,12.32743566433672,002129.SZ
2010-09-15,16.62,-0.38002938912602335,2,-0.03596287703016232,0.03855421686746974,0.013431013431013605,-0.003043213633597164,2.71940667490731,5.859872611464989,11.54362416107384,6.881028938906764,16.407201128572236,15.940014650196668,14.804271552210109,12.370147747278645,002129.SZ
2010-09-16,16.5,-0.3136568848758464,3,-0.0072202166064982976,-0.03596287703016232,0.03855421686746974,0.013431013431013605,0.42604990870358517,4.430379746835444,10.294117647058808,7.491856677524433,16.42407365065001,15.993346588273175,14.870770707025398,12.411240804519654,002129.SZ
2010-09-17,16.75,-0.3320177602368032,4,0.015151515151515138,-0.0072202166064982976,-0.03596287703016232,0.03855421686746974,2.258852258852273,1.5151515151515138,8.064516129032251,9.477124183006524,16.483332986895462,16.065408817961444,14.944465973416559,12.454412537808015,002129.SZ
2010-09-20,16.4,-0.16174298375184637,0,-0.020895522388059806,0.015151515151515138,-0.0072202166064982976,-0.03596287703016232,-1.2048192771084487,1.3597033374536327,3.0798240100565533,6.217616580310881,16.46818153473265,16.097274644822257,15.001545739164929,12.493672114546245,002129.SZ
2010-09-21,16.61,1.319530102790015,1,0.01280487804878061,-0.020895522388059806,0.015151515151515138,-0.0072202166064982976,-3.6542923433874663,3.553615960099754,3.0397022332506074,7.577720207253891,16.493966710235803,16.146105631029663,15.064622376844735,12.53463060096867,002129.SZ
2010-09-27,16.65,-0.38326158521144593,0,0.0024081878386512656,0.01280487804878061,-0.020895522388059806,0.015151515151515138,0.18050541516243523,2.9048207663782355,6.050955414012726,11.744966442952997,16.522336399283837,16.1940955709316,15.12679404834102,12.575579550212764,002129.SZ
2010-09-28,16.69,-0.12338328885239169,1,0.002402402402402526,0.0024081878386512656,0.01280487804878061,-0.020895522388059806,1.15151515151517,1.582471089470494,5.632911392405071,11.56417112299466,16.552820690323138,16.24132456417621,15.188096242523725,12.616519057175822,002129.SZ
2010-09-29,16.23,0.2988290398126463,2,-0.02756141402037149,0.002402402402402526,0.0024081878386512656,0.01280487804878061,-3.104477611940293,-0.9157509157509125,-1.6363636363636358,4.709677419354841,16.494126019355292,16.240246034254668,15.228955213405149,12.65247409143278,002129.SZ
2010-09-30,16.05,0.6687702848900108,3,-0.011090573012939031,-0.02756141402037149,0.002402402402402526,0.0024081878386512656,-2.1341463414634054,-3.3132530120482007,-0.803461063040789,0.879949717159012,16.413375834017966,16.22212736432565,15.261153048173574,12.686280319378723,002129.SZ
2010-10-08,15.94,-0.19556996218260392,4,-0.006853582554517179,-0.011090573012939031,-0.02756141402037149,0.002402402402402526,-4.033714629741114,-7.540603248259858,-0.6234413965087282,-1.1166253101737023,16.327307500560153,16.195258091532732,15.287774497264806,12.718655639583911,002129.SZ
2010-10-11,15.89,-0.0205507051712559,0,-0.0031367628607276155,-0.006853582554517179,-0.011090573012939031,-0.02756141402037149,-4.564564564564555,-4.392298435619734,-1.792336217552526,1.2101910828025586,16.24779704591285,16.16618589233914,15.31139118364658,12.750211304861685,002129.SZ
2010-10-12,16.46,-0.11807460230389466,1,0.03587161736941469,-0.0031367628607276155,-0.006853582554517179,-0.011090573012939031,-1.3780707010185744,-0.24242424242423288,0.1825928180158254,4.177215189873418,16.286379401201422,16.19416818830684,15.35643466664083,12.787124625211321,002129.SZ
2010-10-13,15.65,1.339294044472088,2,-0.04921020656136088,0.03587161736941469,-0.0031367628607276155,-0.006853582554517179,-3.5736290819470162,-6.567164179104479,-4.4566544566544515,-5.151515151515151,16.170674055528437,16.142342646563332,15.367947032654914,12.815610947348523,002129.SZ
2010-10-14,15.55,-0.32670832225471946,3,-0.006389776357827448,-0.04921020656136088,0.03587161736941469,-0.0031367628607276155,-3.1152647975077885,-5.1829268292682755,-6.325301204819278,-3.8936959208899835,16.05782422725054,16.085929061176348,15.375086364707663,12.842818798618687,002129.SZ
2010-10-15,16.0,-0.000987264290650658,4,0.02893890675241151,-0.006389776357827448,-0.04921020656136088,0.03587161736941469,0.37641154328733606,-3.672486453943402,-7.192575406032475,-0.24937655860348684,16.047310731386805,16.077745341064315,15.399592781777951,12.874233536940888,002129.SZ
2010-10-18,15.52,-0.21247158810159106,0,-0.030000000000000027,0.02893890675241151,-0.006389776357827448,-0.04921020656136088,-2.328508495909387,-6.786786786786781,-6.618531889290025,-4.0791100123609425,15.95143605295284,16.02462673715343,15.404314633472934,12.900559571399189,002129.SZ
2010-10-19,15.81,-0.4776007027230518,1,0.018685567010309434,-0.030000000000000027,0.02893890675241151,-0.006389776357827448,-3.9489671931956294,-5.272618334331936,-4.181818181818175,-3.7735849056603765,15.925720406961414,16.00418609551977,15.420223863532819,12.929509227405168,002129.SZ
2010-10-20,15.74,1.4981984146048521,2,-0.0044275774826059155,0.018685567010309434,-0.030000000000000027,0.02893890675241151,0.5750798722044648,-3.019100431300059,-6.02985074626865,-3.9072039072039044,15.891953060241155,15.97902551499408,15.432764104178592,12.957474309719546,002129.SZ
2010-10-21,16.91,0.7535576923076923,3,0.07433290978398976,-0.0044275774826059155,0.018685567010309434,-0.030000000000000027,8.745980707395496,5.358255451713401,3.1097560975609895,1.8674698795180689,16.077052503833674,16.06768975166131,15.49069492362257,12.996802923553181,002129.SZ
2010-10-22,17.19,-0.3067938805724626,4,0.016558249556475557,0.07433290978398976,-0.0044275774826059155,0.018685567010309434,7.437500000000008,7.841907151819338,3.491872366044557,-0.2900232018561266,16.27940659404573,16.17457644197928,15.55733433838247,13.038526277547678,002129.SZ
2010-10-25,17.45,-0.07633285872488538,0,0.015125072716695609,0.016558249556475557,0.07433290978398976,-0.0044275774826059155,12.435567010309278,9.817495280050338,4.8048048048048075,4.993983152827908,16.49224175876469,16.29604535226697,15.631556521191,13.082421538467603,002129.SZ
2010-10-26,17.25,-0.24903656761154402,1,-0.011461318051575908,0.015125072716695609,0.016558249556475557,0.07433290978398976,9.108159392789371,4.799513973268521,3.355302576393049,4.545454545454541,16.630015984443833,16.38689817586059,15.695024892909,13.12388998087091,002129.SZ
2010-10-27,17.2,-0.14585471547496853,2,-0.0028985507246377384,-0.011461318051575908,0.015125072716695609,0.016558249556475557,9.275730622617528,9.904153354632573,5.976586568083797,2.686567164179099,16.733649441817683,16.464336444826248,15.754043524559627,13.164448289518962,002129.SZ
2010-10-28,17.2,-0.36648865153538057,3,0.0,-0.0028985507246377384,-0.011461318051575908,0.015125072716695609,1.714961561206385,10.610932475884226,7.1651090342679025,4.878048780487809,16.818440452396285,16.534399640557083,15.810747700067093,13.204603032906833,002129.SZ
2010-10-29,17.86,1.4056902002107483,4,0.03837209302325584,0.0,-0.0028985507246377384,-0.011461318051575908,3.8976148923792753,11.624999999999996,12.045169385194487,7.525586995785671,17.00781491559696,16.66064729383736,15.891110535358582,13.250925390788359,002129.SZ
2010-11-01,18.59,0.053263250109504945,0,0.040873460246360516,0.03837209302325584,0.0,-0.0028985507246377384,6.532951289398281,19.780927835051543,16.991818753933295,11.651651651651651,17.295484930942965,16.844395170614757,15.99694933789354,13.304050511278026,002129.SZ
2010-11-02,18.82,-0.010313565665807323,1,0.012372243141473893,0.040873460246360516,0.03837209302325584,0.0,9.101449275362317,19.03858317520557,14.337788578371802,12.762133013780709,17.572669488953334,17.032548011508588,16.107657206995754,13.35893558081755,002129.SZ
2010-11-03,18.97,-0.006891335406336574,2,0.00797024442082872,0.012372243141473893,0.040873460246360516,0.03837209302325584,10.290697674418592,20.520965692503168,21.214057507987217,16.882316697473797,17.826729581870907,17.21706724850777,16.21990594397631,13.414767067575585,002129.SZ
2010-11-04,19.52,-0.358043496657358,3,0.028993147074327874,0.00797024442082872,0.012372243141473893,0.040873460246360516,13.488372093023248,15.434654050857489,25.530546623794216,21.61993769470405,18.13459693062165,17.436394177221317,16.34932139715371,13.47551565396787,002129.SZ
2010-11-05,20.5,0.5850250461376219,4,0.050204918032786816,0.028993147074327874,0.00797024442082872,0.012372243141473893,14.781634938409848,19.25538103548574,28.125,28.607277289836897,18.56467021596317,17.728166160343097,16.51209310706925,13.545411020595056,002129.SZ
2010-11-08,21.38,0.2822687957418497,0,0.04292682926829272,0.050204918032786816,0.028993147074327874,0.00797024442082872,15.0080688542227,22.52148997134671,37.75773195876289,34.55003146633102,19.076548358515318,18.07595985935804,16.70299141659595,13.623367129842867,002129.SZ
2010-11-09,21.51,0.09158126864703586,1,0.006080449017773715,0.04292682926829272,0.050204918032786816,0.028993147074327874,14.293304994686507,24.695652173913054,36.05313092979128,30.680437424058326,19.51899411151253,18.40301130132394,16.8915015571216,13.701841088749903,002129.SZ
2010-11-10,23.07,0.681045751633987,2,0.07252440725244069,0.006080449017773715,0.04292682926829272,0.050204918032786816,21.613073273589876,34.12790697674419,46.56925031766201,47.412140575079874,20.164631545782978,18.847486415483566,17.133795613705068,13.795056600304632,002129.SZ
2010-11-11,22.11,0.09663509119185631,3,-0.04161248374512361,0.07252440725244069,0.006080449017773715,0.04292682926829272,13.268442622950815,28.54651162790698,30.751034890597275,42.18649517684887,20.518334901095162,19.15820199496132,17.328940883755852,13.877792355525482,002129.SZ
2010-11-12,21.8,0.018210533101270077,4,-0.014020805065581121,-0.04161248374512361,0.07252440725244069,0.006080449017773715,6.341463414634152,22.06047032474805,26.81791739383361,36.25000000000001,20.75136491907786,19.409801804965003,17.504276535373272,13.956620292286424,002129.SZ
2010-11-15,23.3,-0.37814567440093705,0,0.0688073394495412,-0.014020805065581121,-0.04161248374512361,0.07252440725244069,8.980355472404122,25.336202259279194,33.5243553008596,50.128865979381445,21.214753115609156,19.78029687115881,17.731559808495888,14.049589244601982,002129.SZ
2010-11-16,22.5,0.03960295240519218,1,-0.03433476394849788,0.0688073394495412,-0.014020805065581121,-0.04161248374512361,4.602510460251041,19.55366631243358,30.434782608695656,42.314990512333964,21.44843436731658,20.03931621676273,17.918557463064676,14.133672933710422,002129.SZ
2010-11-17,21.8,-0.24893502423737945,2,-0.03111111111111109,-0.03433476394849788,0.0688073394495412,-0.014020805065581121,-5.504984828781967,14.918292040063275,26.74418604651163,38.50063532401524,21.51235539144084,20.207000386594853,18.07077089588567,14.209954795066537,002129.SZ
2010-11-18,22.2,-0.14740204706956117,3,0.0183486238532109,-0.03111111111111109,-0.03433476394849788,0.0688073394495412,0.4070556309362372,13.72950819672132,29.06976744186047,31.28326434062685,21.63738168390614,20.39680987358582,18.232701448988195,14.28945773242906,002129.SZ
2010-11-19,23.8,1.1706682979048786,4,0.07207207207207222,0.0183486238532109,-0.03111111111111109,-0.03433476394849788,9.174311926605494,16.09756097560977,33.25867861142218,38.45258871436881,22.03058501410502,20.7209232189586,18.45102688236121,14.384089993797927,002129.SZ
2010-11-22,24.75,0.09222206566154711,0,0.03991596638655448,0.07207207207207222,0.0183486238532109,-0.03111111111111109,6.22317596566524,15.762394761459309,33.136094674556205,41.83381088825215,22.52502410244956,21.10464481715302,18.6980454359941,14.487233376944218,002129.SZ
2010-11-23,23.95,-0.6369089853576727,1,-0.03232323232323231,0.03991596638655448,0.07207207207207222,0.0183486238532109,6.44444444444443,11.343561134356106,27.258235919234842,38.840579710144915,22.784110629276913,21.37563102504321,18.904004438504135,14.58139025876567,002129.SZ
2010-11-24,25.33,0.1035707941019719,2,0.05762004175365343,-0.03232323232323231,0.03991596638655448,0.07207207207207222,16.192660550458694,9.796272214997813,33.52662098049552,47.26744186046512,23.246999605772018,21.752237594086715,19.156004264445148,14.68834159947447,002129.SZ
2010-11-25,25.0,0.2684320669671605,3,-0.01302803000394781,0.05762004175365343,-0.03232323232323231,0.03991596638655448,12.612612612612617,13.071008593396648,28.073770491803284,45.34883720930234,23.565726950177105,22.06154829941179,19.38518056780024,14.790945165648854,002129.SZ
2010-11-26,24.8,-0.38993590963893654,4,-0.008000000000000007,-0.01302803000394781,0.05762004175365343,-0.03232323232323231,4.201680672268915,13.761467889908264,20.97560975609756,38.85778275475924,23.790140231963086,22.322353223277332,19.597526427886507,14.890537751065285,002129.SZ
2010-11-29,24.55,0.36998127730393193,0,-0.01008064516129037,-0.008000000000000007,-0.01302803000394781,0.05762004175365343,-0.8080808080808022,5.364806866952798,14.82694106641722,32.060247444862846,23.928296553424342,22.534510059155682,19.79174107777331,14.986651803293492,002129.SZ
2010-11-30,23.88,-0.10758484549388814,1,-0.02729124236252556,-0.01008064516129037,-0.008000000000000007,-0.01302803000394781,-0.29227557411273253,6.133333333333324,11.01813110181309,26.886291179596178,23.919515361892643,22.662651958283714,19.952064957076317,15.075142830126392,002129.SZ
2010-12-01,23.98,-0.5427088650672112,2,0.0041876046901172526,-0.02729124236252556,-0.01008064516129037,-0.008000000000000007,-5.329648637978668,10.000000000000009,3.9445166883398386,26.410121244069586,23.93051256882125,22.78811367654241,20.110023194053717,15.163748374105236,002129.SZ
2010-12-02,23.8,0.496372093023256,3,-0.007506255212677226,0.0041876046901172526,-0.02729124236252556,-0.01008064516129037,-4.799999999999994,7.207207207207222,7.643600180913612,21.926229508196737,23.90678301085375,22.884483802585986,20.254728166835925,15.24968122610419,002129.SZ
2010-12-03,24.19,0.414148949396991,4,0.01638655462184868,-0.007506255212677226,0.0041876046901172526,-0.02729124236252556,-2.459677419354833,1.6386554621848681,10.963302752293579,18.000000000000014,23.95827700888034,23.00881867853018,20.409052552450202,15.338639621864349,002129.SZ
2010-12-06,23.2,-0.4446105152101283,0,-0.04092600248036382,0.01638655462184868,-0.007506255212677226,0.0041876046901172526,-5.498981670061109,-6.26262626262627,-0.42918454935623185,8.512628624883067,23.820408461811187,23.027026423432066,20.518501471961958,15.416862113189081,002129.SZ
2010-12-07,22.88,-0.10036409688143111,1,-0.01379310344827589,-0.04092600248036382,0.01638655462184868,-0.007506255212677226,-4.187604690117253,-4.467640918580374,1.6888888888888953,6.369130636913045,23.649425105118244,23.013023906914725,20.611109257375215,15.491122191664811,002129.SZ
2010-12-08,23.0,-0.33872954425479507,2,0.005244755244755206,-0.01379310344827589,-0.04092600248036382,0.01638655462184868,-4.086738949124269,-9.198578760363196,5.504587155963292,-0.30342436064152434,23.531347813278565,23.011783534827607,20.70479124728207,15.5658373937378,002129.SZ
2010-12-09,23.17,0.14795103778605645,3,0.0073913043478262,0.005244755244755206,-0.01379310344827589,-0.04092600248036382,-2.6470588235294024,-7.319999999999993,4.36936936936938,4.7942107643600185,23.46564821086428,23.02685176960593,20.801466100329833,15.641500703252847,002129.SZ
2010-12-10,25.48,8.968474733426055,4,0.09969788519637457,0.0073913043478262,0.005244755244755206,-0.01379310344827589,5.332782141380732,2.741935483870961,7.058823529411762,16.88073394495413,23.831893990707137,23.260484934405365,20.98493801796396,15.739396218643368,002129.SZ
2010-12-13,27.1,-0.033880569249372106,0,0.06357927786499218,0.09969788519637457,0.0073913043478262,0.005244755244755206,16.81034482758621,10.386965376782076,9.494949494949513,16.309012875536478,24.42609508330584,23.62615303589057,21.224744370200668,15.852437052288709,002129.SZ
2010-12-14,27.22,-0.5714010638553928,1,0.0044280442804427445,0.06357927786499218,0.09969788519637457,0.0073913043478262,18.96853146853146,13.986599664991628,13.653444676409187,20.97777777777776,24.93407779543205,23.968424175329567,21.459852434114367,15.965547131370414,002129.SZ
2010-12-15,27.55,-0.41303981580277416,2,0.012123438648052876,0.0044280442804427445,0.06357927786499218,0.09969788519637457,19.782608695652183,14.887406171809836,8.764311093564947,26.37614678899083,25.409700014444404,24.30952663482199,21.69868175042361,16.080815319117974,002129.SZ
2010-12-16,27.22,-0.4695752009184845,3,-0.011978221415608004,0.012123438648052876,0.0044280442804427445,0.06357927786499218,17.47949935261113,14.369747899159657,8.879999999999999,22.612612612612605,25.738845466363603,24.58671457436275,21.915204034720723,16.191652977634213,002129.SZ
2010-12-17,27.22,0.37716450216450204,4,0.0,-0.011978221415608004,0.012123438648052876,0.0044280442804427445,6.8288854003139665,12.525837122777993,9.758064516129018,14.369747899159657,26.008146290661127,24.83750366251868,22.1232352490454,16.30138777387666,002129.SZ
2010-12-20,27.47,0.6521283562540932,0,0.009184423218221882,0.0,-0.011978221415608004,0.012123438648052876,1.365313653136524,18.405172413793093,11.894093686354367,10.989898989898993,26.273937874177285,25.088217599421665,22.332912298102446,16.412518243788334,002129.SZ
2010-12-21,28.82,0.10306009196131272,1,0.049144521295959365,0.009184423218221882,0.0,-0.011978221415608004,5.878030859662009,25.96153846153846,20.686767169179234,20.334029227557426,26.736858260690504,25.44362544709579,22.58730789425529,16.53597577370089,002129.SZ
2010-12-22,28.17,-0.4594652867615351,2,-0.02255378209576675,0.049144521295959365,0.009184423218221882,0.0,2.250453720508161,22.478260869565215,17.47289407839867,11.212001579155162,26.997429486019502,25.70328016642,22.806236996441356,16.651737208788443,002129.SZ
2010-12-27,26.0,-0.025065469509914062,0,0.005802707930367523,-0.08235711750088748,0.0,-0.02255378209576675,-5.35129231889333,-4.059040590405905,12.068965517241391,5.906313645621175,26.788103753048993,25.936490515222417,23.240334534940022,16.947709194903307,002129.SZ
2010-12-28,25.47,-0.172102839600921,1,-0.020384615384615445,0.005802707930367523,-0.08235711750088748,0.0,-11.623872310895212,-6.429096252755329,11.319930069930063,6.658291457286425,26.5484485252219,25.892062847105997,23.327772396314923,17.032508108386857,002129.SZ
2010-12-29,26.33,-0.38238702201622254,2,0.03376521397722798,-0.020384615384615445,0.005802707930367523,-0.08235711750088748,-6.531771388001428,-4.428312159709624,14.478260869565208,9.799833194328599,26.50873061154519,25.933771147381616,23.44550681214571,17.125020465517338,002129.SZ
2010-12-30,26.8,-0.13414634146341464,3,0.017850360805165222,0.03376521397722798,-0.020384615384615445,0.005802707930367523,-4.863329783457582,-1.542983100661277,15.666810530858854,12.605042016806722,26.561688682173333,26.01626913334527,23.577055564610582,17.221288918596766,002129.SZ
2010-12-31,27.93,0.8699891657638137,4,0.04216417910447756,0.017850360805165222,0.03376521397722798,-0.020384615384615445,8.046421663442938,2.608376193975026,9.615384615384603,15.460934270359639,26.810472558141818,26.198529215883816,23.747759267959186,17.327843257715205,002129.SZ
2011-01-04,27.5,-0.05225955967555029,1,-0.015395631936985343,0.04216417910447756,0.017850360805165222,0.03376521397722798,5.769230769230771,0.10921004732435957,1.4760147601476037,18.534482758620683,26.935841183934212,26.322478814371074,23.894905963333336,17.42905874768819,002129.SZ
2011-01-05,26.9,-0.11236092431837652,2,-0.021818181818181848,-0.015395631936985343,0.04216417910447756,0.017850360805165222,5.614448370632119,-6.662040249826518,-1.1756061719324085,17.569930069930063,26.92932460503708,26.37748083205002,24.012752788300656,17.52329696910423,002129.SZ
2011-01-06,29.57,0.9976584022038568,3,0.09925650557620824,-0.021818181818181848,-0.015395631936985343,0.04216417910447756,12.305355108241557,4.9698260560880225,7.33212341197822,28.565217391304355,27.409447404121245,26.681530276616684,24.230684051504554,17.64316466095394,002129.SZ
2011-01-14,27.0,-0.5454502945852427,4,-0.019251725390483143,-0.06898884004058159,0.0,0.0,-8.691241122759552,0.746268656716409,-4.1533546325878685,-0.8082292432035176,28.151123713997766,27.56502359284275,25.19243268891706,18.29206642443772,002129.SZ
2011-01-17,24.7,0.19802489455817307,0,-0.08518518518518525,-0.019251725390483143,-0.06898884004058159,0.0,-16.469394656746704,-11.564625850340137,-4.448742746615098,-9.257898603967673,27.52364667508908,27.292164203048202,25.173121603077174,18.355826957527892,002129.SZ
2011-01-18,24.56,-0.47587154387772623,1,-0.005668016194331993,-0.08518518518518525,-0.019251725390483143,-0.06898884004058159,-16.942847480554622,-10.690909090909095,-5.538461538461547,-10.593374590462323,26.984801825072882,27.031958088472184,25.149077618642778,18.417560022627118,002129.SZ
2011-01-19,26.7,0.3602555701179555,2,0.08713355048859928,-0.005668016194331993,-0.08518518518518525,-0.019251725390483143,-9.705782888062231,-0.743494423791824,4.829210836277986,-7.356002775850112,26.93301967505963,27.000343032427217,25.2098981041862,18.49997236071043,002129.SZ
2011-01-20,25.89,-0.1235697940503433,3,-0.030337078651685334,0.08713355048859928,-0.005668016194331993,-0.08518518518518525,-5.957137667998547,-12.445045654379438,-1.6710976072920491,-8.093716719914813,26.743379734139694,26.894596076957956,25.23656876676713,18.573504974036695,002129.SZ
2011-01-21,26.35,-0.2025559983509687,4,0.017767477790652686,-0.030337078651685334,0.08713355048859928,-0.005668016194331993,-2.4074074074074026,-10.88941494758201,-1.6791044776119368,-6.46077387291445,26.671856146114294,26.84272978391434,25.280232736697833,18.65088303399653,002129.SZ
2011-01-24,25.0,0.19524383939341727,0,-0.05123339658444026,0.017767477790652686,-0.030337078651685334,0.08713355048859928,1.2145748987854255,-15.454852891444027,-10.49051199427139,-3.288201160541593,26.36788230136624,26.66723170925583,25.269243217611645,18.714058327190596,002129.SZ
2011-01-25,23.8,1.2450980392156863,1,-0.04799999999999993,-0.05123339658444026,0.017767477790652686,-0.030337078651685334,-3.0944625407166026,-19.51301995265472,-13.454545454545453,-8.461538461538453,25.90099461020874,26.394162022660037,25.211625836528835,18.76466471199467,002129.SZ
2011-01-26,24.88,-0.7390187516054456,2,0.04537815126050404,-0.04799999999999993,-0.05123339658444026,0.017767477790652686,-6.816479400749065,-15.860669597565103,-7.509293680297402,-2.316450726344721,25.715359226534424,26.249956115740034,25.198620901763,18.825513819338006,002129.SZ
2011-01-27,25.54,-0.008858267716535417,3,0.026527331189710512,0.04537815126050404,-0.04799999999999993,-0.05123339658444026,-1.351873310158369,-7.2284780239738495,-13.62867771389923,-3.000379794910746,25.683475730800893,26.182341247574318,25.212008317380135,18.89232462710579,002129.SZ
2011-01-28,26.11,0.8051142005958289,4,0.022317932654659423,0.026527331189710512,0.04537815126050404,-0.04799999999999993,-0.9108159392789417,-3.296296296296297,-11.701048359824151,-2.5746268656716476,25.761025597928,26.175451604948194,25.247223677482875,18.964142292507724,002129.SZ
2011-01-31,25.98,-0.5490303947187456,0,-0.004978935273841412,0.022317932654659423,0.026527331189710512,0.04537815126050404,3.9200000000000124,5.182186234817809,-12.140683124788632,-6.981740064446829,25.800839125577454,26.1568371663817,25.275960003856095,19.033951821935506,002129.SZ
2011-02-01,26.6,0.6303751143641354,1,0.02386451116243271,-0.004978935273841412,0.022317932654659423,0.026527331189710512,11.764705882352944,8.306188925081436,-10.043963476496442,-3.2727272727272716,25.946141102745187,26.19904315053582,25.327883140959777,19.109235883408786,002129.SZ
2011-02-09,26.16,-0.35821174710063597,2,-0.016541353383458746,0.02386451116243271,-0.004978935273841412,0.022317932654659423,5.144694533762073,-2.0224719101123556,-11.53195806560704,-2.750929368029731,25.9850245386097,26.195324755246695,25.36051517464763,19.17939274029029,002129.SZ
2011-02-10,26.49,1.1879918391139608,3,0.01261467889908241,-0.016541353383458746,0.02386451116243271,-0.004978935273841412,3.719655442443215,2.3174971031286073,-3.7776970577551805,-10.415962123774102,26.07683825886248,26.22338906427082,25.40480869721047,19.25213510108342,002129.SZ
2011-02-11,27.5,0.8165712002131347,4,0.03812759531898835,0.01261467889908241,-0.016541353383458746,0.02386451116243271,5.323630792799694,4.36432637571158,1.85185185185186,-7.0003381805884395,26.3355949390693,26.344971058149792,25.486973062025747,19.33420340853533,002129.SZ
2011-02-14,27.69,-0.00674635183691441,0,0.006909090909090976,0.03812759531898835,0.01261467889908241,-0.016541353383458746,6.58198614318708,10.760000000000014,12.105263157894752,-6.35779506256341,26.58185040469306,26.473069052611713,25.57336627527964,19.41734566317677,002129.SZ
2011-02-15,27.8,-0.28187523071244003,1,0.003972553268327905,0.006909090909090976,0.03812759531898835,0.01261467889908241,4.5112781954887105,16.806722689075638,13.19218241042346,-5.98579641528576,26.80333214929432,26.599443428553457,25.660685244876518,19.50075515906556,002129.SZ
2011-02-16,28.33,0.011617148144340561,2,0.019064748201438775,0.003972553268327905,0.006909090909090976,0.03812759531898835,8.295107033639137,13.86655948553055,6.104868913857664,-4.193439296584378,27.080908122149893,26.764258340119795,25.76536425488136,19.58860834156242,002129.SZ
2011-02-17,29.2,0.24532520325203255,3,0.03070949523473354,0.019064748201438775,0.003972553268327905,0.006909090909090976,10.23027557568894,14.330462020360212,12.78485901892623,6.066109698510713,27.466197554486275,26.996233736298862,25.90005585272915,19.684244079457322,002129.SZ
2011-02-18,30.65,0.6578260159947771,4,0.04965753424657526,0.03070949523473354,0.019064748201438775,0.003972553268327905,11.45454545454545,17.387973956338556,16.31878557874762,13.518518518518508,28.04507072639786,27.34421147569897,26.08632817222997,19.793356078666704,002129.SZ
2011-02-21,33.0,0.5303470342111738,0,0.07667210440456773,0.04965753424657526,0.03070949523473354,0.019064748201438775,19.17659804983749,27.020785219399546,32.00000000000001,33.60323886639676,28.945966957961883,27.88285800182288,26.357452557632715,19.924765470918775,002129.SZ
2011-02-22,33.72,0.13204027147865816,1,0.021818181818181737,0.07667210440456773,0.04965753424657526,0.03070949523473354,21.294964028776974,26.76691729323306,41.68067226890755,37.296416938110745,29.813972965605174,28.438776287363556,26.646179908313783,20.062031486133513,002129.SZ
2011-02-23,33.25,-0.6287151218957777,2,-0.01393831553973901,0.021818181818181737,0.07667210440456773,0.04965753424657526,17.36674902929758,27.10244648318043,33.64147909967847,24.531835205992515,30.43870515367696,28.89698806951941,26.905153245242655,20.193255053435667,002129.SZ
2011-02-24,31.88,0.09374760847937558,3,-0.04120300751879702,-0.01393831553973901,0.021818181818181737,0.07667210440456773,9.178082191780824,20.347300868252184,24.82380579483163,23.136346079567403,30.70075876209933,29.181084443850896,27.100245274840983,20.309541072804468,002129.SZ
2011-02-25,32.0,-0.6216764623565632,4,0.0037641154328733606,-0.04120300751879702,-0.01393831553973901,0.021818181818181737,4.404567699836881,16.36363636363636,22.558406740712368,21.442125237191647,30.936984441717634,29.44955259205557,27.292392518964867,20.425864047204424,002129.SZ
2011-02-28,31.89,0.9182541150360644,0,-0.0034374999999999822,0.0037641154328733606,-0.04120300751879702,-0.01393831553973901,-3.3636363636363575,15.167930660888395,22.74826789838338,27.560000000000006,31.11025999776897,29.681976154716946,27.472690851554482,20.539935051709854,002129.SZ
2011-03-01,32.1,-0.04714616274585426,1,0.0065851364063969076,-0.0034374999999999822,0.0037641154328733606,-0.04120300751879702,-4.804270462633442,15.467625899280568,20.676691729323316,34.873949579831944,31.290212725447336,29.912264139982,27.65415395541509,20.65496057358339,002129.SZ
2011-03-02,32.38,-0.28098755438631995,2,0.008722741433021763,0.0065851364063969076,-0.0034374999999999822,0.0037641154328733606,-2.6165413533834503,14.295799505824224,23.77675840978595,30.144694533762074,31.48835586627509,30.147286602840857,27.839481251281164,20.77162763255271,002129.SZ
2011-03-03,31.54,0.25724739656628204,3,-0.025941939468807962,0.008722741433021763,0.0065851364063969076,-0.0034374999999999822,-1.0664993726474226,8.01369863013699,19.063797659494153,23.492560689115116,31.497745708770527,30.27992597399887,27.984599633583866,20.878775616308406,002129.SZ
2011-03-04,31.16,-0.3796731587194986,4,-0.012048192771084265,-0.025941939468807962,0.008722741433021763,0.0065851364063969076,-2.6249999999999996,1.6639477977161476,13.309090909090916,19.341248563768666,31.436337398084973,30.36374254790374,28.109125138149206,20.981076356444643,002129.SZ
2011-03-07,31.1,0.38072897870804745,0,-0.0019255455712451353,-0.012048192771084265,-0.025941939468807962,0.008722741433021763,-2.4772656005017213,-5.757575757575751,12.314915131816552,19.707467282525016,31.375185143887705,30.43386230524624,28.226414348417865,21.081762163843205,002129.SZ
2011-03-08,32.5,0.2349712493465761,1,0.045016077170418,-0.0019255455712451353,-0.012048192771084265,-0.025941939468807962,1.2461059190031154,-3.6180308422301244,16.90647482014389,22.180451127819545,31.57969693590812,30.630637323794218,28.394005942597556,21.195376470670634,002129.SZ
2011-03-09,32.9,0.1158730158730159,2,0.012307692307692353,0.045016077170418,-0.0019255455712451353,-0.012048192771084265,1.6059295861642786,-1.0526315789473717,16.131309565831288,25.76452599388379,31.819752038470277,30.846767102480484,28.570711591907454,21.311840386385356,002129.SZ
2011-03-10,33.18,-0.21735419630156472,3,0.008510638297872353,0.012307692307692353,0.045016077170418,-0.0019255455712451353,5.199746353836399,4.077791718946044,13.630136986301377,25.25481313703284,32.0670698496575,31.068979759387105,28.751468000067945,21.42993152681933,002129.SZ
2011-03-11,32.7,-0.1759360232642675,4,-0.01446654611211562,0.008510638297872353,0.012307692307692353,0.045016077170418,4.942233632862658,2.187500000000009,6.688417618270814,18.90909090909092,32.18214805881068,31.224315020397857,28.906312392222144,21.5420715116271,002129.SZ
2011-03-14,33.43,0.18982502573150994,0,0.02232415902140672,-0.01446654611211562,0.008510638297872353,0.012307692307692353,7.491961414790982,4.829100031357791,1.3030303030302948,20.729505236547485,32.40903022993601,31.43438025655044,29.08371190625265,21.66035935728255,002129.SZ
2011-03-15,33.95,0.21045477014335146,1,0.015554890816631861,0.02232415902140672,-0.01446654611211562,0.008510638297872353,4.461538461538472,5.763239875389403,0.6820877817319326,22.1223021582734,32.68920655176582,31.673963089259924,29.27454673345843,21.78264433880213,002129.SZ
2011-03-16,35.88,1.311179173047473,2,0.056848306332842435,0.015554890816631861,0.02232415902140672,-0.01446654611211562,9.057750759878424,10.809141445336623,7.909774436090222,26.650194140487127,33.269350815081125,32.07453803313993,29.53358411646006,21.92291653443594,002129.SZ
2011-03-17,34.34,-0.41642371234207964,3,-0.04292084726867329,0.056848306332842435,0.015554890816631861,0.02232415902140672,3.496081977094656,8.87761572606216,7.716436637390234,17.602739726027416,33.46401430324819,32.29029631569803,29.722071013853785,22.046469603745038,002129.SZ
2011-03-18,34.4,-0.3098932707592159,4,0.0017472335468839972,-0.04292084726867329,0.056848306332842435,0.015554890816631861,5.198776758409762,10.397946084723998,7.499999999999996,12.23491027732464,33.63419352083943,32.49122047610774,29.90551920938893,22.169390304205287,002129.SZ
2011-03-21,33.69,-0.2240868706811452,0,-0.020639534883720945,0.0017472335468839972,-0.04292084726867329,0.056848306332842435,0.7777445408315931,8.327974276527318,5.644402634054546,2.0909090909090766,33.64434015341408,32.60538995457367,30.053930220785443,22.284023236501753,002129.SZ
2011-03-22,34.2,-0.17133163698049192,1,0.015138023152270863,-0.020639534883720945,0.0017472335468839972,-0.04292084726867329,0.7363770250368162,5.230769230769239,6.542056074766367,1.4234875444840034,33.745369216429694,32.757257577947605,30.216521192519348,22.402590169471885,002129.SZ
2011-03-23,34.05,0.06363016035482771,2,-0.004385964912280826,0.015138023152270863,-0.020639534883720945,0.0017472335468839972,-5.100334448160549,3.495440729483268,5.157504632489163,2.406015037593967,33.80075663162429,32.880375903857356,30.366853694773493,22.51848479465127,002129.SZ
2011-03-24,33.68,0.17738572574178013,3,-0.01086637298091031,-0.004385964912280826,0.015138023152270863,-0.020639534883720945,-1.921956901572519,1.5069318866787196,6.7850348763474955,5.646173149309908,33.77880088041987,32.95653057968046,30.496781000860807,22.62954464744081,002129.SZ
2011-03-25,32.98,0.4438087454025337,4,-0.02078384798099775,-0.01086637298091031,-0.004385964912280826,0.015138023152270863,-4.127906976744189,0.8562691131498212,5.840821566110388,3.0624999999999902,33.63356435670717,32.958765762568035,30.594162138081952,22.732534252938912,002129.SZ
2011-03-28,33.2,-0.07179922634210778,0,0.006670709520921969,-0.02078384798099775,-0.01086637298091031,-0.004385964912280826,-1.454437518551488,-0.6880047861202443,6.7524115755627,4.107870805895275,33.5547344736695,32.98174045184727,30.69635185815717,22.836688140969372,002129.SZ
2011-03-29,32.84,-0.47763773124618825,1,-0.010843373493975905,0.006670709520921969,-0.02078384798099775,-0.01086637298091031,-3.9766081871345005,-3.269513991163475,1.0461538461538522,2.3052959501557613,33.42478275118413,32.968241361195155,30.780416491170616,22.936223582352763,002129.SZ
2011-03-30,32.3,0.1373808133878187,2,-0.016443361753958774,-0.010843373493975905,0.006670709520921969,-0.02078384798099775,-5.139500734214386,-9.977703455964338,-1.823708206686936,-0.24706609017913772,33.22027679642338,32.90459932679562,30.840008001320786,23.02939548700597,002129.SZ
2011-03-31,31.95,-0.3608212147134303,3,-0.010835913312693402,-0.016443361753958774,-0.010843373493975905,0.006670709520921969,-5.1365795724465535,-6.959813628421674,-3.7070524412296524,1.2999365884591052,32.989317378891855,32.813685105196036,30.883537099308207,23.11815772096611,002129.SZ
2011-04-01,31.82,-0.008297644539614568,4,-0.0040688575899843205,-0.010835913312693402,-0.016443361753958774,-0.010843373493975905,-3.5172832019405575,-7.499999999999996,-2.6911314984709556,2.1181001283697043,32.776714219093336,32.7190484285107,30.920261134629452,23.20474321627988,002129.SZ
2011-04-06,31.48,-0.2010796221322536,2,-0.010685103708359511,-0.0040688575899843205,-0.010835913312693402,-0.016443361753958774,-5.180722891566269,-6.559810032650626,-5.833084056236915,1.221864951768481,32.54094799744,32.601043816271584,30.942211678369475,23.287084079799484,002129.SZ
2011-04-07,30.69,0.7749999999999999,3,-0.025095298602287097,-0.010685103708359511,-0.0040688575899843205,-0.010835913312693402,-6.546894031668704,-10.26315789473684,-9.602356406480117,-5.569230769230771,32.20441199790545,32.41903964329334,30.93232102431577,23.360744934726856,002129.SZ
2011-04-12,30.8,-0.48037516566418603,1,-0.0003245699448229944,0.003910068426197455,0.0,-0.025095298602287097,-3.2055311125078534,-6.610066707095196,-10.465116279069765,-5.810397553516822,31.557307548063914,31.991399731492166,30.91375109263953,23.579635612174958,002129.SZ
2011-04-13,32.35,1.249950951540122,2,0.05032467532467533,-0.0003245699448229944,0.003910068426197455,0.0,2.763659466327839,-2.56024096385542,-3.977441377263269,-3.2306311696081336,31.70143344841593,32.02555213801672,30.970074579202688,23.666902919516502,002129.SZ
2011-04-14,31.85,-0.5083711196372516,3,-0.015455950540958274,0.05032467532467533,-0.0003245699448229944,0.003910068426197455,3.7797328119908657,-3.0146163215590827,-6.871345029239773,-6.185567010309279,31.728445548703938,32.008832886777036,31.004581458449643,23.748326771063603,002129.SZ
2011-04-15,31.2,-0.4285207520397305,4,-0.020408163265306145,-0.015455950540958274,0.05032467532467533,-0.0003245699448229944,1.6617790811339184,-3.4055727554179516,-8.370044052863435,-13.043478260869579,31.632364539848673,31.931801183274462,31.012244930667304,23.822472773341577,002129.SZ
2011-04-18,30.4,0.4456859093730603,0,-0.02564102564102566,-0.020408163265306145,-0.015455950540958274,0.05032467532467533,-1.3307367737747544,-4.851330203442883,-9.738717339667458,-11.473500291205607,31.408298259876187,31.78591535629594,30.988235325543098,23.88792080544763,002129.SZ
2011-04-19,30.0,0.5180334907685702,1,-0.013157894736842035,-0.02564102564102566,-0.020408163265306145,-0.015455950540958274,-2.5974025974025983,-5.719673161533622,-9.03577926015766,-12.790697674418606,31.152244030807786,31.61582817950585,30.94948099905121,23.948737513851135,002129.SZ
2011-04-20,30.77,-0.5447602885023335,2,0.025666666666666726,-0.013157894736842035,-0.02564102564102566,-0.020408163265306145,-4.884080370942822,-2.2554002541296136,-7.319277108433742,-8.667260314633419,31.082745116115458,31.53527311479101,30.942442528500184,24.01661077241978,002129.SZ
2011-04-21,31.58,0.6076421248835042,3,0.02632434189145272,0.025666666666666726,-0.013157894736842035,-0.02564102564102566,-0.8477237048665764,2.8999674160964384,-3.8367844092570214,-7.660818713450301,31.173155095003555,31.53953281814425,30.967444782284492,24.091868376674313,002129.SZ
2011-04-22,31.49,0.2129468599033817,4,-0.0028499050031665085,0.02632434189145272,0.025666666666666726,-0.013157894736842035,0.9294871794871762,2.6067122841316293,-2.507739938080489,-7.518355359765049,31.23076325954836,31.534815406892417,30.98793714376353,24.16548162665765,002129.SZ
2011-04-25,31.42,-0.5013541500716903,0,-0.0022229279136232183,-0.0028499050031665085,0.02632434189145272,0.025666666666666726,3.355263157894739,1.9798766634209874,-1.6588419405320742,-6.710213776722085,31.265169939630475,31.523880606235995,31.004880785184568,24.237665889078972,002129.SZ
2011-04-26,30.35,1.2482428115015973,1,-0.034054742202418886,-0.0022229279136232183,-0.0028499050031665085,0.02632434189145272,1.1666666666666714,-1.461038961038963,-4.619736015084852,-7.9745300181928265,31.098775405152207,31.41208245326114,30.979199185765566,24.29848513396376,002129.SZ
2011-04-27,30.11,-0.2853488702572119,2,-0.007907742998352618,-0.034054742202418886,-0.0022229279136232183,-0.0028499050031665085,-2.144946376340595,-6.924265842349309,-4.351969504447273,-9.307228915662657,30.91899805876089,31.2880746005696,30.945112943186523,24.356311152531283,002129.SZ
2011-05-03,30.24,-0.7289139225880994,1,-0.00033057851239670644,0.004649618067087413,0.0,-0.007907742998352618,-3.75556970082751,-0.5263157894736858,-1.850048685491723,-5.3521126760563416,30.597557914978722,31.00696508857649,30.861039816156318,24.529032458598437,002129.SZ
2011-05-04,29.1,2.047948854555141,2,-0.037698412698412564,-0.00033057851239670644,0.004649618067087413,0.0,-4.1186161449752845,-2.9999999999999916,-5.519480519480513,-8.548082966687609,30.325274657709862,30.82534936585492,30.79197943120901,24.574514722691987,002129.SZ
2011-05-05,28.37,0.4455514770145079,3,-0.025085910652920984,-0.037698412698412564,-0.00033057851239670644,0.004649618067087413,-5.778811026237129,-7.799805004874871,-12.30293663060278,-9.879288437102918,29.969770174489888,30.59150656910683,30.696999845671403,24.61228074535177,002129.SZ
2011-05-06,28.67,-0.16614268440145108,4,0.010574550581600395,-0.025085910652920984,-0.037698412698412564,-0.00033057851239670644,-4.782464297575551,-9.21469284357187,-9.984301412872842,-6.58194851743239,29.733448324582632,30.408505943477607,30.617509655645076,24.65265606131842,002129.SZ
2011-05-09,28.49,-0.47911832946635724,0,-0.0062783397279386755,0.010574550581600395,-0.025085910652920984,-0.037698412698412564,-5.818181818181822,-9.526833915528742,-8.685897435897438,-7.16845878136202,29.507366811022152,30.225791091717838,30.534077904443308,24.690838588071472,002129.SZ
2011-05-10,28.05,0.284521158129176,1,-0.015444015444015413,-0.0062783397279386755,0.010574550581600395,-0.025085910652920984,-7.2420634920634885,-10.725652450668367,-7.7302631578947345,-8.958130477117809,29.242391027199943,30.018572892506615,30.43666308466122,24.724263079732456,002129.SZ
2011-05-11,28.54,-0.004551365409622865,2,0.0174688057040997,-0.015444015444015413,-0.0062783397279386755,0.010574550581600395,-1.9243986254295575,-5.963756177924228,-4.866666666666674,-7.337662337662342,29.114683567709044,29.877756426553603,30.362284140164704,24.762230611277406,002129.SZ
2011-05-12,28.75,0.22664924885695625,3,0.007358093903293561,0.0174688057040997,-0.015444015444015413,-0.0062783397279386755,1.3394430736693552,-4.516771836599132,-6.5648358791030255,-11.128284389489963,29.048377464489214,29.770351052596116,30.29905731113864,24.801909908677633,002129.SZ
2011-05-13,28.4,-0.2321618743343984,4,-0.012173913043478257,0.007358093903293561,0.0174688057040997,-0.015444015444015413,-0.9417509591908013,-5.679176353370973,-10.069664344521845,-10.832025117739407,28.9304906527639,29.639841428539345,30.224584475407713,24.837711800133576,002129.SZ
2011-05-16,27.98,-0.25612575127138226,0,-0.014788732394366177,-0.012173913043478257,0.007358093903293561,0.0174688057040997,-1.7901017901017835,-7.5041322314049586,-11.14639568116862,-10.320512820512818,28.757674170443188,29.481761292487977,30.13656155480349,24.86897834938598,002129.SZ
2011-05-17,27.48,0.2998756991920446,1,-0.01786990707648317,-0.014788732394366177,-0.012173913043478257,0.007358093903293561,-2.032085561497332,-9.126984126984116,-12.53978357733928,-9.605263157894727,28.52536977581715,29.291117359870075,30.03238267030139,24.894958664317464,002129.SZ
2011-05-18,28.0,-0.21683002629691606,2,0.018922852983988436,-0.01786990707648317,-0.014788732394366177,-0.012173913043478257,-1.892081289418357,-3.7800687285223455,-7.742998352553543,-6.666666666666665,28.429847998395847,29.168153801787213,29.952681389113103,24.92585459800585,002129.SZ
2011-05-19,28.36,0.4120879120879122,3,0.0128571428571429,0.018922852983988436,-0.01786990707648317,-0.014788732394366177,-1.356521739130434,-0.035248501938678345,-5.812022583859178,-7.83230419239519,28.41714836232387,29.09118677304557,29.890223295422395,24.96002519902072,002129.SZ
2011-05-20,27.99,-0.4459576307825335,4,-0.013046544428772955,0.0128571428571429,0.018922852983988436,-0.01786990707648317,-1.4436619718309895,-2.371817230554596,-7.040850215875127,-11.367954401519953,28.33948502371953,28.986311842279328,29.815704734817597,24.990174202015538,002129.SZ
2011-05-23,26.88,0.5076082715567696,0,-0.039657020364415874,-0.013046544428772955,0.0128571428571429,0.018922852983988436,-3.931379556826309,-5.651105651105648,-11.140495867768596,-14.6395681168625,28.074124110315978,28.7857107144432,29.7005790589424,25.008978438811404,002129.SZ
2011-05-24,25.57,0.08022774327122151,1,-0.04873511904761896,-0.039657020364415874,-0.013046544428772955,0.0128571428571429,-6.95050946142649,-8.841354723707662,-15.443121693121686,-18.618714194780395,27.618828817531252,28.479452551162897,29.538595566434857,25.014560742902834,002129.SZ
2011-05-25,25.57,-0.2273598466698611,2,0.0,-0.04873511904761896,-0.039657020364415874,-0.013046544428772955,-8.678571428571423,-10.406447091800974,-12.130584192439864,-15.749588138385507,27.24631448707102,28.202361832004524,29.38296436775114,25.02008750167992,002129.SZ
2011-05-26,25.57,-0.07937984496124029,3,0.0,0.0,-0.04873511904761896,-0.039657020364415874,-9.837799717912555,-11.060869565217391,-9.869580542826927,-15.078047160411822,26.941530034876287,27.95166070514695,29.233436353329527,25.02555926783236,002129.SZ
2011-05-27,25.3,1.1839003031323676,4,-0.010559249120062564,0.0,0.0,-0.04873511904761896,-9.610575205430505,-10.915492957746476,-11.75444715730729,-15.974759216207236,26.643070028535142,27.69912159037105,29.079183947316604,25.028290021386265,002129.SZ
2011-05-30,25.3,-0.532233189389266,0,0.0,-0.010559249120062564,0.0,0.0,-5.877976190476186,-9.578270192994998,-11.196911196911186,-16.36363636363636,26.39887547789239,27.47063381985952,28.930980655264975,25.03099360326302,002129.SZ
2011-06-02,17.6,-0.6030524220305242,3,-0.34352853412905626,0.05968379446640304,0.0,0.0,-31.169339069221735,-37.94076163610719,-38.782608695652165,-37.962636587945006,24.726491527711154,26.304422564562838,28.27527212845187,24.97720246800464,002129.SZ
2011-06-03,18.23,0.7917084587094618,4,0.03579545454545441,-0.34352853412905626,0.05968379446640304,0.0,-27.944664031620558,-34.86959628438727,-35.80985915492957,-36.41437042204395,23.545311249945488,25.535429939366377,27.881339888120426,24.91006612503942,002129.SZ
2011-06-07,18.43,-0.4045530882627356,1,0.010970927043335132,0.03579545454545441,-0.34352853412905626,0.05968379446640304,-27.154150197628457,-31.436011904761905,-34.131522516082924,-35.310635310635305,22.615254659046307,24.85872232609339,27.510699108194135,24.845587855138533,002129.SZ
2011-06-08,18.5,0.45314948292071433,2,0.0037981551817689585,0.010970927043335132,0.03579545454545441,-0.34352853412905626,-26.877470355731226,-27.649589362534222,-32.6783114992722,-34.046345811051694,21.867026539219705,24.253129723608307,27.157338358853192,24.782447677475464,002129.SZ
2011-06-09,17.91,-0.37481130040974764,3,-0.0318918918918919,0.0037981551817689585,0.010970927043335132,0.03579545454545441,-33.19656844461022,-29.95698083691827,-36.035714285714285,-37.24597056762439,21.147567168452486,23.649022130883708,26.794697638898167,24.714065113520483,002129.SZ
2011-06-10,17.97,-0.37116246981717826,4,0.003350083752093669,-0.0318918918918919,0.0037981551817689585,0.010970927043335132,2.1022727272727026,-29.722330856472436,-36.636107193229904,-37.49565217391305,20.569827683279303,23.108162880323352,26.44863106482373,24.646959988012817,002129.SZ
2011-06-13,17.95,-0.15249588590235885,0,-0.0011129660545352582,0.003350083752093669,-0.0318918918918919,0.0037981551817689585,-1.5359297860669252,-29.051383399209495,-35.86995355484102,-36.79577464788733,20.09349537722852,22.61690927267351,26.115351415222797,24.580323570221648,002129.SZ
2011-06-14,18.28,1.9851132686084143,1,0.01838440111420625,-0.0011129660545352582,0.003350083752093669,-0.0318918918918919,-0.8138903960933197,-27.747035573122524,-31.994047619047617,-34.66761972837741,19.763768945005154,22.203870294323654,25.808082732272887,24.517633783453274,002129.SZ
2011-06-15,18.14,-0.5793581960104077,2,-0.007658643326039383,0.01838440111420625,-0.0011129660545352582,0.003350083752093669,-1.9459459459459483,-28.300395256917,-29.057489245209222,-33.98835516739447,19.468538227731486,21.81683502819759,25.50737360551709,24.45417474083185,002129.SZ
2011-06-16,17.37,0.05927835051546393,3,-0.04244762954796033,-0.007658643326039383,0.01838440111420625,-0.0011129660545352582,-3.015075376884413,-35.210742260350614,-32.06883066093078,-37.96428571428571,19.086985822689396,21.39332693027401,25.188260915104653,24.38368543992805,002129.SZ
2011-06-17,17.9,3.1669099756690997,4,0.03051237766263659,-0.04244762954796033,-0.007658643326039383,0.01838440111420625,-0.3895381190873737,1.7045454545454364,-29.99608916699258,-36.88293370944994,18.87117021856405,21.060629127390772,24.902446761571138,24.319171156943693,002129.SZ
2011-06-20,17.5,-0.47203083031647786,0,-0.022346368715083775,0.03051237766263659,-0.04244762954796033,-0.007658643326039383,-2.506963788300831,-4.004388370817336,-30.8300395256917,-37.47767059664165,18.621866542461493,20.721521591448795,24.612154731705605,24.25131870762087,002129.SZ
2011-06-21,17.48,-0.2955098429550984,1,-0.0011428571428571122,-0.022346368715083775,0.03051237766263659,-0.04244762954796033,-4.37636761487965,-5.154639175257724,-30.909090909090907,-34.970238095238095,18.41425444383213,20.412805249406052,24.33246238928578,24.183942402072407,002129.SZ
2011-06-22,17.4,-0.1673469387755102,2,-0.004576659038901698,-0.0011428571428571122,-0.022346368715083775,0.03051237766263659,-4.079382579933855,-5.945945945945952,-31.225296442687757,-31.95150567070787,18.22984454495356,20.125871416129286,24.060601119117713,24.116440487623926,002129.SZ
2011-06-23,17.38,0.44909502262443435,3,-0.0011494252873562871,-0.004576659038901698,-0.0011428571428571122,-0.022346368715083775,0.05757052389174788,-2.9592406476828703,-35.17344274524431,-32.02972233085648,18.075327354962003,19.8643598526884,23.798616761505254,24.049411229040604,002129.SZ
2011-06-24,18.95,2.435076762945615,4,0.09033371691599545,-0.0011494252873562871,-0.004576659038901698,-0.0011428571428571122,5.865921787709505,5.453533667223143,7.670454545454541,-25.889714509190465,18.234358744968908,19.77727796195617,23.608474927720735,23.998670818801397,002129.SZ
2011-06-27,19.46,0.3367169153851983,0,0.026912928759894594,0.09033371691599545,-0.0011494252873562871,-0.004576659038901698,11.20000000000001,8.41225626740949,6.74712013165113,-23.08300395256917,18.457202609520014,19.747061013198437,23.445789636437567,23.953509915131733,002129.SZ
2011-06-28,19.89,-0.5564433866031963,1,0.022096608427543574,0.026912928759894594,0.09033371691599545,-0.0011494252873562871,13.78718535469108,8.807439824945295,7.921866521975041,-21.383399209486164,18.71771122597092,19.760674250036683,23.30634690559688,23.91307698065281,002129.SZ
2011-06-29,19.75,0.44448703206848106,2,-0.007038712921065837,0.022096608427543574,0.026912928759894594,0.09033371691599545,13.505747126436795,8.875413450937142,6.756756756756754,-21.93675889328064,18.905400093976205,19.75965765479509,23.166882321063667,23.871653329104028,002129.SZ
2011-06-30,20.09,-0.15115867680877415,3,0.017215189873417636,-0.007038712921065837,0.022096608427543574,0.026912928759894594,15.592635212888384,15.659182498560732,12.171970965940805,-25.06527415143602,19.12078189507144,19.791118830528895,23.04622026925725,23.834024937769662,002129.SZ
2011-07-01,20.18,-0.023444826508283834,4,0.004479840716774541,0.017215189873417636,-0.007038712921065837,0.022096608427543574,6.490765171503954,12.737430167597763,12.29827490261548,14.6590909090909,19.31336700505845,19.828155132383287,22.93381947438442,23.797666480677428,002129.SZ
2011-07-04,21.62,0.6540759709773796,0,0.07135777998017856,0.004479840716774541,0.017215189873417636,-0.007038712921065837,11.099691675231238,23.542857142857155,20.44568245125349,18.59572133845311,19.732754822320548,19.99880702453726,22.88229714205562,23.77599815748661,002129.SZ
2011-07-05,21.82,-0.08237646755257388,1,0.009250693802035137,0.07135777998017856,0.004479840716774541,0.017215189873417636,9.703368526897926,24.828375286041183,19.365426695842448,18.393922951709165,20.112253945534995,20.17225397458133,22.84063843060246,23.756535489252915,002129.SZ
2011-07-06,22.8,-0.028049209138840125,2,0.04491292392300639,0.009250693802035137,0.07135777998017856,0.004479840716774541,15.443037974683538,31.034482758620708,25.689084895259096,23.24324324324325,20.600935046346812,20.42251550081168,22.839044766657267,23.747017723190698,002129.SZ
2011-07-07,22.21,0.5606104440908435,3,-0.025877192982456165,0.04491292392300639,0.009250693802035137,0.07135777998017856,10.552513688402199,27.79056386651324,27.864133563615432,24.00893355667226,20.893492310647392,20.592752119781995,22.814376344435413,23.731724014502237,002129.SZ
2011-07-08,21.79,-0.4679983315567502,4,-0.018910400720396292,-0.025877192982456165,0.04491292392300639,0.009250693802035137,7.978196233894952,14.9868073878628,21.731843575418996,21.257651641624943,21.0564937087115,20.706775727421807,22.774204723085006,23.712403377542017,002129.SZ
2011-07-11,22.45,0.027876992769404918,0,0.030289123451124444,-0.018910400720396292,-0.025877192982456165,0.04491292392300639,3.8390379278445907,15.364850976361755,28.285714285714292,25.069637883008355,21.30985848894577,20.872797086714968,22.76149081237579,23.699842149904786,002129.SZ
2011-07-12,21.75,-0.15916603101957794,1,-0.031180400890868598,0.030289123451124444,-0.018910400720396292,-0.025877192982456165,-0.32080659945005197,9.351432880844634,24.427917620137297,18.98249452954048,21.389884218228357,20.95634022131354,22.72182450600811,23.680440735477873,002129.SZ
2011-07-13,22.04,0.10492893861505914,2,0.013333333333333197,-0.031180400890868598,0.030289123451124444,-0.018910400720396292,-3.3333333333333437,11.594936708860759,26.666666666666682,21.49944873208378,21.508087087641382,21.05954591452177,22.695086290086223,23.664117942090037,002129.SZ
2011-07-14,21.99,-0.06905674147053464,3,-0.00226860254083483,0.013333333333333197,-0.031180400890868598,0.030289123451124444,-0.9905447996398142,9.457441513190634,26.524741081703105,26.59758203799654,21.595707617161132,21.148160589329223,22.667435847337746,23.647460052118994,002129.SZ
2011-07-15,22.4,-0.0067613914747672865,4,0.018644838562983157,-0.00226860254083483,0.013333333333333197,-0.031180400890868598,2.799449288664513,11.000991080277501,18.20580474934037,25.139664804469277,21.741942595859108,21.267383390345486,22.656948167049993,23.635047514286967,002129.SZ
2011-07-18,22.1,0.024861878453038555,0,-0.013392857142856984,0.018644838562983157,-0.00226860254083483,0.013333333333333197,-1.5590200445434244,2.2201665124884418,13.56628982528263,26.285714285714292,21.807043942066542,21.346680210312584,22.6351070624598,23.619773409667197,002129.SZ
2011-07-19,21.64,-0.1624951867539468,1,-0.020814479638009087,-0.013392857142856984,0.018644838562983157,-0.00226860254083483,-0.5057471264367841,-0.8249312557286892,8.798391151332318,23.79862700228832,21.776672316236258,21.37461542837805,22.596083256088825,23.60007417176006,002129.SZ
2011-07-20,21.51,-0.07896551724137935,2,-0.006007393715341869,-0.020814479638009087,-0.013392857142856984,0.018644838562983157,-2.404718693284924,-5.657894736842106,8.911392405063289,23.620689655172434,21.728186440556936,21.38750919710395,22.553491755850047,23.5792774138321,002129.SZ
2011-07-21,21.5,-0.12429801572444765,3,-0.00046490004649002437,-0.006007393715341869,-0.020814479638009087,-0.013392857142856984,-2.2282855843565152,-3.1967582170193687,7.01841712294673,23.705408515535108,21.686697996819312,21.398222606903573,22.51217835365985,23.558588086331284,002129.SZ
2011-07-22,21.23,-0.3587002992731937,4,-0.012558139534883717,-0.00046490004649002437,-0.006007393715341869,-0.020814479638009087,-5.223214285714272,-2.5699862322166034,5.2031714568880005,12.031662269129285,21.603661997397616,21.38220140624609,22.461896849594755,23.53541805562152,002129.SZ
2011-07-25,21.2,1.077777777777778,0,-0.0014130946773434072,-0.012558139534883717,-0.00046490004649002437,-0.006007393715341869,-4.072398190045257,-5.56792873051225,-1.942645698427392,8.941418293936266,21.530268906961684,21.364848891365508,22.412410698630257,23.51218006501832,002129.SZ
2011-07-26,21.4,-0.4824598930481283,1,0.00943396226415083,-0.0014130946773434072,-0.012558139534883717,-0.00046490004649002437,-1.1090573012939142,-1.6091954022988575,-1.9248395967002785,7.591754650578175,21.506583651150468,21.368196615997363,22.372708318291817,23.491163347953464,002129.SZ
2011-07-27,22.28,0.9220913411861955,2,0.04112149532710285,0.00943396226415083,-0.0014130946773434072,-0.012558139534883717,3.579730357973032,1.0889292196007316,-2.280701754385961,12.810126582278492,21.647204805486744,21.455035033521423,22.36907269796665,23.47911197135691,002129.SZ
2011-07-28,22.06,-0.02838404472637346,3,-0.00987432675044897,0.04112149532710285,0.00943396226415083,-0.0014130946773434072,2.6046511627906943,0.318326512050926,-0.6753714542998779,9.80587356893976,21.722258477216428,21.51265074461462,22.356952200007175,23.464991454228983,002129.SZ
2011-07-29,22.0,-0.21909925860351898,4,-0.0027198549410697437,-0.00987432675044897,0.04112149532710285,0.00943396226415083,3.626943005181338,-1.7857142857142794,0.9637448370812374,9.018830525272548,21.77275693590435,21.559064959413227,22.342954074516697,23.45041442483367,002129.SZ
2011-08-01,22.35,0.7839025081479385,0,0.015909090909090873,-0.0027198549410697437,-0.00987432675044897,0.04112149532710285,5.4245283018868,1.1312217194570096,-0.44543429844097204,3.376503237742834,21.87771022028538,21.634392106135778,22.343230385319963,23.439465027571647,002129.SZ
2011-08-02,22.31,-0.5343553896258639,1,-0.0017897091722596237,0.015909090909090873,-0.0027198549410697437,-0.00987432675044897,4.252336448598126,3.0961182994454717,2.5747126436781453,2.2456461961503082,21.956308362051672,21.698735715075227,22.341927232954475,23.42822656958586,002129.SZ
2011-08-03,22.6,1.1777550324121462,2,0.012998655311519558,-0.0017897091722596237,0.015909090909090873,-0.0027198549410697437,1.4362657091562037,5.0674105067410435,2.5408348457350405,-0.877192982456132,22.073343205315002,21.784570408877585,22.35204773362293,23.41998550919197,002129.SZ
2011-08-04,22.6,-0.4946733510888297,3,0.0,0.012998655311519558,-0.0017897091722596237,0.015909090909090873,2.447869446962847,5.116279069767438,2.7739881764438534,1.755965781179647,22.16909898616682,21.862230369936864,22.361771351912225,23.411826449399015,002129.SZ
2011-08-05,22.08,0.804836459463649,4,-0.02300884955752225,0.0,0.012998655311519558,-0.0017897091722596237,0.363636363636366,4.003768252472906,-1.4285714285714346,1.3308857273978791,22.152899170500124,21.882970334704783,22.350721494974493,23.398574444927387,002129.SZ
2011-08-08,20.9,-0.07781499613501675,0,-0.053442028985507206,-0.02300884955752225,0.0,0.012998655311519558,-6.487695749440725,-1.4150943396226467,-5.42986425339368,-6.904231625835189,21.92509932131828,21.789354112351948,22.293830455955888,23.37371300766443,002129.SZ
2011-08-09,20.66,-0.23731023563378972,1,-0.011483253588516651,-0.053442028985507206,-0.02300884955752225,0.0,-7.395786642761093,-3.457943925233642,-4.528650646950094,-5.011494252873561,21.695081262896775,21.68179657784224,22.229758673369382,23.346710888185182,002129.SZ
2011-08-10,20.38,-0.04481621687629744,2,-0.013552758954501476,-0.011483253588516651,-0.053442028985507206,-0.02300884955752225,-9.823008849557535,-8.527827648114904,-5.253370525337065,-7.531760435571688,21.455975578733725,21.557815951381073,22.157219117550977,23.317191376859956,002129.SZ
2011-08-11,19.99,-0.0037074916901047583,3,-0.019136408243375924,-0.013552758954501476,-0.011483253588516651,-0.053442028985507206,-11.548672566371698,-9.383499546690842,-7.023255813953499,-9.09504320145521,21.189434564418498,21.40850014648764,22.07223013254898,23.284084995000654,002129.SZ
2011-08-12,20.85,0.26818940074425757,4,0.043021510755377745,-0.019136408243375924,-0.013552758954501476,-0.011483253588516651,-5.570652173913027,-5.227272727272725,-1.7899199246349418,-6.919642857142849,21.12771918906968,21.35530965634596,22.024299539115688,23.25986524380662,002129.SZ
2011-08-15,21.0,-0.38298087625215016,0,0.007194244604316502,0.043021510755377745,-0.019136408243375924,-0.013552758954501476,0.4784688995215447,-6.040268456375841,-0.9433962264150941,-4.977375565610864,21.104497518329737,21.321470641455868,21.984130929738605,23.23737902247521,002129.SZ
2011-08-16,20.46,0.013775008199409688,1,-0.02571428571428569,0.007194244604316502,0.043021510755377745,-0.019136408243375924,-0.9680542110358181,-8.29224562976243,-4.392523364485967,-5.452865064695011,20.98731615136069,21.239425818460074,21.924361089356697,23.20974341031128,002129.SZ
2011-08-17,20.45,-0.2974765448075056,2,-0.0004887585532747929,-0.02571428571428569,0.007194244604316502,0.043021510755377745,0.34347399411187585,-9.513274336283196,-8.213644524236996,-4.927940492794058,20.889622305658747,21.16424240717816,21.86654300742114,23.18228327687535,002129.SZ
2011-08-18,19.98,0.1657840202624914,3,-0.022982885085574556,-0.0004887585532747929,-0.02571428571428569,0.007194244604316502,-0.050025012506238475,-11.592920353982306,-9.428830462375338,-7.0697674418604635,20.72423643190261,21.051457416018337,21.792560928698745,23.150419761682564,002129.SZ
2011-08-19,19.64,-0.17637764171439851,4,-0.017017017017016967,-0.022982885085574556,-0.0004887585532747929,-0.02571428571428569,-5.803357314148682,-11.050724637681153,-10.72727272727273,-7.489401789919925,20.527102535193045,20.917032900207065,21.708146774632127,23.115490211815075,002129.SZ
2011-08-22,18.72,0.12565947242206232,0,-0.046843177189409446,-0.017017017017016967,-0.022982885085574556,-0.0004887585532747929,-10.857142857142865,-10.43062200956938,-16.24161073825504,-11.698113207547166,20.198538437885215,20.707791671615915,21.590964548175965,23.07175399080199,002129.SZ
2011-08-23,18.78,0.4784831700042609,1,0.003205128205128416,-0.046843177189409446,-0.017017017017016967,-0.022982885085574556,-8.211143695014666,-9.099709583736681,-15.82250112057373,-12.242990654205599,19.94062235826972,20.52419246479535,21.48073064432593,23.029049970993015,002129.SZ
2011-08-24,18.77,-0.1383285302593661,2,-0.0005324813631524261,0.003205128205128416,-0.046843177189409446,-0.017017017017016967,-8.21515892420538,-7.899901864573112,-16.94690265486727,-15.754039497307005,19.727781929493407,20.35712651576722,21.374427481803345,22.986671364316468,002129.SZ
2011-08-25,18.92,0.44916387959866233,3,0.007991475759190347,-0.0005324813631524261,0.003205128205128416,-0.046843177189409446,-5.305305305305296,-5.352676338169071,-16.283185840707958,-14.233907524931988,19.580912487767332,20.22025732378939,21.278175423693412,22.946206972631728,002129.SZ
2011-08-26,18.61,-0.12174013385645044,4,-0.01638477801268512,0.007991475759190347,-0.0005324813631524261,0.003205128205128416,-5.244399185336057,-10.743405275779383,-15.715579710144922,-15.409090909090917,19.404382944536906,20.066899483428497,21.173541093352494,22.90306063459559,002129.SZ
2011-08-29,18.69,-0.14111154907370904,0,0.004298764105319819,-0.01638477801268512,0.007991475759190347,-0.0005324813631524261,-0.16025641025639858,-10.999999999999998,-10.574162679425825,-16.37583892617449,19.274495136439285,19.935766199292452,21.07614732498573,22.861139633256332,002129.SZ
2011-08-30,19.48,1.2501147315282237,1,0.04226859283039053,0.004298764105319819,-0.01638477801268512,0.007991475759190347,3.727369542066028,-4.789833822091893,-5.711519845111324,-12.684894666069024,19.311859657086686,19.892359894597934,21.013553312241193,22.827496452825923,002129.SZ
2011-08-31,19.76,-0.2994765109796723,2,0.014373716632443578,0.04226859283039053,0.004298764105319819,-0.01638477801268512,5.27437400106554,-3.3740831295843376,-3.042198233562299,-12.566371681415934,19.39333971943456,19.87975419035051,20.96439435881997,22.796974100061487,002129.SZ
2011-09-01,19.36,-0.2227290372670807,3,-0.020242914979757165,0.014373716632443578,0.04226859283039053,0.004298764105319819,2.325581395348819,-3.103103103103111,-3.1515757878939454,-14.336283185840715,19.38727795226464,19.83025379126951,20.901476932983893,22.762775352797195,002129.SZ
2011-09-02,19.2,-0.49494318891247346,4,-0.008264462809917328,-0.020242914979757165,0.014373716632443578,0.04226859283039053,3.1703385276733,-2.2403258655804503,-7.913669064748207,-13.043478260869556,19.35322741548925,19.770229620672414,20.834752347376682,22.727324851774338,002129.SZ
2011-09-05,18.28,1.2207663782447464,0,-0.04791666666666661,-0.008264462809917328,-0.020242914979757165,0.014373716632443578,-2.193686463349387,-2.350427350427342,-12.952380952380949,-12.5358851674641,19.158095158127566,19.628302990132184,20.734565980812892,22.68307286319947,002129.SZ
2011-09-06,17.78,-0.2996771679839697,1,-0.027352297592997843,-0.04791666666666661,-0.008264462809917328,-0.020242914979757165,-8.726899383983566,-5.324813631522895,-13.098729227761485,-13.939980638915772,18.907532402104373,19.452274133929116,20.618700648231993,22.63428606854077,002129.SZ
2011-09-07,18.19,-0.41599109839453186,2,0.02305961754780661,-0.027352297592997843,-0.04791666666666661,-0.008264462809917328,-7.9453441295546545,-3.090037293553538,-11.051344743276271,-10.745829244357196,18.77707196535812,19.332057549745393,20.523457485556232,22.590064316614992,002129.SZ
2011-09-08,18.72,0.8884050081654871,3,0.029136888400219663,0.02305961754780661,-0.027352297592997843,-0.04791666666666661,-3.3057851239669422,-1.0570824524313016,-6.3063063063063085,-6.35317658829414,18.766695244383918,19.273766354531546,20.452733662593243,22.551556213962108,002129.SZ
2011-09-09,18.8,-0.20409339867396936,4,0.00427350427350448,0.029136888400219663,0.02305961754780661,-0.027352297592997843,-2.083333333333326,1.0209564750134348,-4.276985743380857,-9.832134292565954,18.772750654495933,19.228645749338067,20.387920577785668,22.514227296410247,002129.SZ
2011-09-13,18.62,-0.5637450199203187,1,-0.009574468085106314,0.00427350427350448,0.029136888400219663,0.02305961754780661,1.8599562363238453,-0.3745318352059934,-0.5341880341880212,-11.333333333333329,18.744977808223943,19.170679487496347,20.318590359048976,22.47547876609771,002129.SZ
2011-09-14,18.72,0.24906600249066013,2,0.005370569280343629,-0.009574468085106314,0.00427350427350448,0.029136888400219663,5.286839145106859,-3.901437371663252,-0.31948881789138905,-8.504398826979486,18.74043638854686,19.127757631544313,20.255900541047055,22.43811081817634,002129.SZ
2011-09-15,18.58,-0.003988035892323105,3,-0.007478632478632563,0.005370569280343629,-0.009574468085106314,0.00427350427350448,2.1440351841671035,-5.97165991902836,-1.0122535961641033,-9.144254278728614,18.711266136083793,19.075590238063903,20.19017895120207,22.399721655806427,002129.SZ
2011-09-16,18.22,0.656322989656323,4,-0.019375672766415497,-0.007478632478632563,0.005370569280343629,-0.009574468085106314,-2.6709401709401726,-5.8884297520661155,-3.6997885835095334,-8.808808808808822,18.621945020432193,18.994105453486387,20.112917031547088,22.3581323855994,002129.SZ
2011-09-19,17.45,0.1269137792103141,0,-0.04226125137211856,-0.019375672766415497,-0.007478632478632563,0.005370569280343629,-7.180851063829796,-9.114583333333337,-6.2332079527135935,-11.150712830957232,18.40886410762634,18.847047791249587,20.008488912662887,22.309295247434232,002129.SZ
2011-09-20,17.41,-0.28047908473364314,1,-0.002292263610315093,-0.04226125137211856,-0.019375672766415497,-0.007478632478632563,-6.498388829215907,-4.759299781181625,-6.848582129481007,-6.997863247863245,18.227252451694277,18.710186096844865,19.906587386676108,22.2605460409921,002129.SZ
2011-09-21,17.75,1.2529192546583854,2,0.019529006318207864,-0.002292263610315093,-0.04226125137211856,-0.019375672766415497,-5.181623931623925,-0.16872890888639525,-8.880903490759751,-5.48455804046859,18.14047927865895,18.618739801907257,19.82201533229665,22.215664985857853,002129.SZ
2011-09-22,16.99,0.024591971768857412,3,-0.04281690140845085,0.019529006318207864,-0.002292263610315093,-0.04226125137211856,-8.55758880516685,-6.597031335898862,-14.018218623481793,-9.483217900905705,17.931301227993686,18.463621725535134,19.710955907500708,22.163668319331904,002129.SZ
2011-09-23,16.54,-0.12151544505435363,4,-0.026486168334314275,-0.04281690140845085,0.019529006318207864,-0.002292263610315093,-9.220636663007687,-11.645299145299148,-14.566115702479344,-12.579281183932356,17.67833736835847,18.28041965643655,19.586604695441856,22.107711420632086,002129.SZ
2011-09-26,15.92,-0.24552805684881163,0,-0.037484885126964906,-0.026486168334314275,-0.04281690140845085,0.019529006318207864,-8.767908309455585,-15.319148936170212,-17.08333333333333,-14.454594304137558,17.358639665020565,18.055617784394975,19.442816276012767,22.0461421527651,002129.SZ
2011-09-27,15.68,0.48100032478077304,1,-0.015075376884422176,-0.037484885126964906,-0.026486168334314275,-0.04281690140845085,-9.936817920735209,-15.789473684210531,-14.22319474835887,-16.104868913857683,17.053432453198642,17.829368471595455,19.29525485342403,21.982797454727635,002129.SZ
2011-09-28,15.58,-0.5928728070175439,2,-0.0063775510204081565,-0.015075376884422176,-0.037484885126964906,-0.026486168334314275,-12.225352112676058,-16.77350427350427,-12.373453318335216,-20.02053388090349,16.78553564352616,17.615142902872076,19.1495585846623,21.91908802731741,002129.SZ
2011-09-29,14.37,1.3816321034204146,3,-0.0776636713735559,-0.0063775510204081565,-0.015075376884422176,-0.037484885126964906,-15.420835785756326,-22.65877287405812,-21.00054975261133,-27.277327935222683,16.34634734470322,17.306081674027116,18.962124914675545,21.84397272356301,002129.SZ
2011-09-30,13.54,-0.0375438199705983,4,-0.05775922059846905,-0.0776636713735559,-0.0063775510204081565,-0.015075376884422176,-18.13784764207981,-25.6860592755214,-27.670940170940174,-30.061983471074385,15.836102372938996,16.947407228881676,18.749492565080427,21.7613461292987,002129.SZ
2011-10-10,13.59,-0.6334155798378569,0,0.0036927621861153614,-0.05775922059846905,-0.0776636713735559,-0.0063775510204081565,-14.635678391959795,-22.120343839541544,-27.712765957446816,-29.218749999999993,15.427720123313723,16.627654159464374,18.547159523312565,21.680039202639012,002129.SZ
2011-10-11,12.25,3.7310897435897443,1,-0.09860191317144962,0.0036927621861153614,-0.05775922059846905,-0.0776636713735559,-21.875,-29.63813900057438,-34.21052631578948,-32.98687089715536,14.849952828165772,16.21073471570586,18.3002120910258,21.58620796679186,002129.SZ
2011-10-12,13.35,0.12262041867082174,2,0.0897959183673469,-0.09860191317144962,0.0036927621861153614,-0.05775922059846905,-14.313222079589217,-24.788732394366196,-28.685897435897434,-24.915635545556814,14.577234132135631,15.93828379040054,18.106086126671848,21.50425564871433,002129.SZ
2011-10-13,14.04,0.04266489650594418,3,0.051685393258426915,0.0897959183673469,-0.09860191317144962,0.0036927621861153614,-2.2964509394572064,-17.363154796939373,-24.43487621097955,-22.81473336998352,14.47955519902006,15.75749485798144,17.946631768763147,21.42998444822961,002129.SZ
2011-10-14,14.2,-0.4405023729598333,4,0.01139601139601143,0.051685393258426915,0.0897959183673469,-0.09860191317144962,4.874446085672091,-14.14752116082225,-22.063666300768382,-24.14529914529915,14.428726981016412,15.609162014364161,17.799705032733222,21.358044304466134,002129.SZ
2011-10-17,14.45,0.9979311058239368,0,0.01760563380281699,0.01139601139601143,0.051685393258426915,0.0897959183673469,6.32818248712288,-9.233668341708546,-17.191977077363894,-23.13829787234043,14.43259480264979,15.498765632043765,17.66834405105741,21.289307545217714,002129.SZ
2011-10-18,13.64,-0.4319146732939836,1,-0.05605536332179917,0.01760563380281699,0.01139601139601143,0.051685393258426915,11.346938775510207,-13.010204081632647,-21.65422171165996,-26.745435016111706,14.288486656713465,15.321740333753882,17.510369774545357,21.213195032329974,002129.SZ
2011-10-19,13.6,0.19148742253007645,2,-0.0029325513196482023,-0.05605536332179917,0.01760563380281699,0.01139601139601143,1.8726591760299671,-12.708600770218226,-23.380281690140848,-27.350427350427353,14.163307264583743,15.15776506387256,17.357021940249464,21.137441847928685,002129.SZ
2011-10-20,13.59,-0.38652183890461245,3,-0.0007352941176470562,-0.0029325513196482023,-0.05605536332179917,0.01760563380281699,-3.205128205128205,-5.427974947807934,-20.011771630370802,-26.85683530678148,14.05906958011397,15.008454105408505,17.209295589651443,21.062342924068698,002129.SZ
2011-10-21,12.82,0.34102244389027425,4,-0.05665930831493737,-0.0007352941176470562,-0.0029325513196482023,-0.05605536332179917,-9.718309859154928,-5.317577548005903,-22.490931076178956,-29.637760702524695,13.833784201911431,14.80002990489341,17.037166350841584,20.980329561640154,002129.SZ
2011-10-24,13.2,0.518270571827057,0,0.029641185647425905,-0.05665930831493737,-0.0007352941176470562,-0.0029325513196482023,-8.650519031141869,-2.8697571743929395,-17.0854271356784,-24.35530085959885,13.718550710654807,14.64764610442737,16.886689239043875,20.902913347096472,002129.SZ
2011-10-25,14.13,1.0826749954069448,1,0.07045454545454555,0.029641185647425905,-0.05665930831493737,-0.0007352941176470562,3.5923753665689118,15.34693877551021,-9.885204081632647,-18.83974727168294,13.793359672353933,14.598346475434287,16.778583778689214,20.835521174488548,002129.SZ
2011-10-26,14.04,-0.26931898376852503,2,-0.006369426751592466,0.07045454545454555,0.029641185647425905,-0.05665930831493737,3.2352941176470473,5.1685393258426915,-9.884467265725295,-20.901408450704228,13.83820336828958,14.545170620631021,16.671188336387676,20.767904048374234,002129.SZ
2011-10-27,14.52,0.02676164030745687,3,0.03418803418803429,-0.006369426751592466,0.07045454545454555,0.029641185647425905,6.843267108167761,3.418803418803429,1.0438413361169019,-14.53796350794585,13.962166392236929,14.542773418666162,16.586828009470512,20.705735848887926,002129.SZ
2011-10-28,14.9,-0.07756525828956651,4,0.026170798898071723,0.03418803418803429,-0.006369426751592466,0.07045454545454555,16.224648985959433,4.929577464788748,10.044313146233396,-9.91535671100362,14.132681593648396,14.576794997840814,16.520677891452063,20.647967332978595,002129.SZ
2011-10-31,15.13,-0.2535372848948374,0,0.01543624161073831,0.026170798898071723,0.03418803418803429,-0.006369426751592466,14.621212121212125,4.705882352941182,11.331861662987496,-4.962311557788935,14.314012212985052,14.629481188522643,16.46614150355198,20.59306218538677,002129.SZ
2011-11-01,14.55,0.32724271402550076,1,-0.038334434897554504,0.01543624161073831,0.026170798898071723,0.03418803418803429,2.972399150743099,6.671554252199408,18.775510204081634,-7.206632653061218,14.356919083351404,14.621911551520487,16.39099869949112,20.532932213392872,002129.SZ
2011-11-02,14.65,0.30668610884762204,2,0.0068728522336769515,-0.038334434897554504,0.01543624161073831,0.026170798898071723,4.344729344729359,7.720588235294112,9.737827715355806,-5.969191270860074,14.410206522742056,14.62458664185187,16.32272424068755,20.47439557445364,002129.SZ
2011-11-03,14.74,0.19899566758566367,3,0.006143344709897525,0.0068728522336769515,-0.038334434897554504,0.01543624161073831,1.5151515151515138,8.46210448859457,4.985754985754998,2.5748086290883876,14.47016897315259,14.63557839024693,16.260656623405684,20.41733691202127,002129.SZ
2011-11-04,15.33,0.16865128247242067,4,0.0400271370420624,0.006143344709897525,0.0068728522336769515,-0.038334434897554504,2.88590604026846,19.57878315132604,7.95774647887324,13.220088626292469,14.626501887124846,14.701713781651986,16.224160285232912,20.366716644239965,002129.SZ
2011-11-07,15.1,-0.2763515412723696,0,-0.015003261578604099,0.0400271370420624,0.006143344709897525,0.0068728522336769515,-0.1982815598149501,14.393939393939403,4.498269896193774,11.111111111111116,14.712592453102147,14.739645802447034,16.180075568164956,20.31431150350126,002129.SZ
2011-11-08,14.89,-0.40405904059040587,1,-0.013907284768211903,-0.015003261578604099,0.0400271370420624,0.006143344709897525,2.3367697594501635,5.378627034677996,9.164222873900286,21.55102040816328,14.744848370719938,14.753965249833032,16.12948436941339,20.260338254710202,002129.SZ
2011-11-09,15.18,-0.10759871815762312,2,0.019476158495634666,-0.013907284768211903,-0.015003261578604099,0.0400271370420624,3.6177474402730336,8.119658119658135,11.617647058823533,13.707865168539325,14.823966848770857,14.794539987944171,16.092249688259923,20.2097876253101,002129.SZ
2011-11-10,14.75,0.0870359099208764,3,-0.02832674571805005,0.019476158495634666,-0.013907284768211903,-0.015003261578604099,0.06784260515604323,1.5840220385674897,8.535688005886687,5.056980056980054,14.810518330812519,14.790298084330441,16.039612445583064,20.15546138028214,002129.SZ
2011-11-11,14.57,-0.22564389697648368,4,-0.012203389830508504,-0.02832674571805005,0.019476158495634666,-0.013907284768211903,-4.957599478147423,-2.2147651006711455,13.650546021840881,2.605633802816909,14.766787725210243,14.76931731439421,15.981980584971964,20.099884650130083,002129.SZ
2011-11-14,15.07,0.20253073029645696,0,0.034317089910775644,-0.012203389830508504,-0.02832674571805005,0.019476158495634666,-0.1986754966887383,-0.396563119629878,14.166666666666682,4.290657439446366,14.82191722971747,14.797953760642379,15.94621664046326,20.049836046646202,002129.SZ
2011-11-15,15.15,0.16511334255306354,1,0.005308560053085554,0.034317089910775644,-0.012203389830508504,-0.02832674571805005,1.746138347884485,4.123711340206193,7.218683651804669,11.070381231671544,14.881568642496113,14.831481973914533,15.91499245848431,20.001081459117387,002129.SZ
2011-11-16,14.94,-0.011714919750219432,2,-0.013861386138613874,0.005308560053085554,0.034317089910775644,-0.012203389830508504,-1.5810276679841917,1.9795221843003308,6.41025641025641,9.852941176470598,14.892192525678638,14.841817024017912,15.876757460112376,19.950722439623682,002129.SZ
2011-11-17,14.65,-0.35488250652741515,3,-0.019410977242302452,-0.013861386138613874,0.005308560053085554,0.034317089910775644,-0.6779661016949157,-0.6105834464043447,0.8953168044077087,7.799852832965426,14.848157521009794,14.823548736016207,15.828649324421695,19.897978932761756,002129.SZ
2011-11-18,13.57,0.24939290917921308,4,-0.0737201365187713,-0.019410977242302452,-0.013861386138613874,0.005308560053085554,-6.863417982155118,-11.480756686236138,-8.92617449664429,5.850234009360378,14.615765244462557,14.704163142109902,15.74007484111104,19.835013968256664,002129.SZ
2011-11-21,13.05,-0.04690638160025906,0,-0.03831982313927773,-0.0737201365187713,-0.019410977242302452,-0.013861386138613874,-13.404114134041134,-13.576158940397342,-13.74752148050231,-1.1363636363636243,14.331080654560273,14.546623795242294,15.634581710087078,19.76750139145809,002129.SZ
2011-11-22,12.92,-0.39759363741417986,1,-0.009961685823754896,-0.03831982313927773,-0.0737201365187713,-0.019410977242302452,-14.719471947194718,-13.230355943586304,-11.202749140893475,-8.563340410474174,14.074520535549313,14.391707243314457,15.52812752537778,19.69936704925453,002129.SZ
2011-11-23,12.8,-0.19781087790566465,2,-0.009287925696594312,-0.009961685823754896,-0.03831982313927773,-0.0737201365187713,-14.323962516733591,-15.67852437417654,-12.627986348122866,-8.83190883190882,13.8427895290858,14.240116077284508,15.421142132225711,19.63071663085399,002129.SZ
2011-11-24,12.71,0.08946405964270632,3,-0.007031249999999933,-0.009287925696594312,-0.009961685823754896,-0.03831982313927773,-13.24232081911263,-13.830508474576265,-13.77204884667571,-12.465564738292,13.636827796524745,14.094390736590746,15.314822832922742,19.56185377880569,002129.SZ
2011-11-25,12.52,-0.12175597159457718,4,-0.014948859166011075,-0.007031249999999933,-0.009287925696594312,-0.009961685823754896,-7.737656595431108,-14.070006863417984,-18.330071754729293,-15.973154362416109,13.43376819715661,13.944448761677343,15.205221937514006,19.491785582001658,002129.SZ
2011-11-28,12.36,-0.39253160835048506,0,-0.012779552715655007,-0.014948859166011075,-0.007031249999999933,-0.009287925696594312,-5.287356321839088,-17.982747179827474,-18.145695364238414,-18.307997356245874,13.238537615855407,13.793548879612835,15.093644606631104,19.420822541384727,002129.SZ
2011-11-29,13.6,4.969022265246854,1,0.10032362459546929,-0.012779552715655007,-0.014948859166011075,-0.007031249999999933,5.263157894736836,-10.231023102310232,-8.66353257219611,-6.529209621993138,13.30425804933624,13.775115652983043,15.035070308331845,19.362903909132143,002129.SZ
2011-11-30,13.25,-0.11603957184560487,2,-0.02573529411764708,0.10032362459546929,-0.012779552715655007,-0.014948859166011075,3.515625,-11.311914323962514,-12.71409749670619,-9.55631399317406,13.294392949456924,13.725104638413228,14.965067551142361,19.302078994613417,002129.SZ
2011-12-01,13.76,-0.1414549123933584,3,0.03849056603773593,-0.02573529411764708,0.10032362459546929,-0.012779552715655007,8.2612116443745,-6.075085324232088,-6.711864406779666,-6.648575305291726,13.379048776828391,13.728428006183398,14.917810000117171,19.246933929990398,002129.SZ
2011-12-02,13.44,-0.40426327599102463,4,-0.023255813953488413,0.03849056603773593,-0.02573529411764708,0.10032362459546929,7.348242811501593,-0.9579955784819516,-7.755662319835288,-12.328767123287676,13.390130817405046,13.70095867226117,14.859856666779244,19.189153492876066,002129.SZ
2011-12-05,12.4,-0.20832212357636093,0,-0.07738095238095233,-0.023255813953488413,0.03849056603773593,-0.02573529411764708,0.3236245954692629,-4.980842911877392,-17.717319177173195,-17.880794701986748,13.21010703242231,13.577057846331533,14.763391699454568,19.1215997267778,002129.SZ
2011-12-06,12.16,-0.21579066606252828,1,-0.01935483870967747,-0.07738095238095233,-0.023255813953488413,0.03849056603773593,-10.588235294117643,-5.882352941176472,-19.735973597359735,-18.334452652787103,13.0191784810728,13.442099956204721,14.661297907319094,19.052330077755133,002129.SZ
2011-12-07,12.38,-0.2975588617651307,2,0.018092105263157965,-0.01935483870967747,-0.07738095238095233,-0.023255813953488413,-6.566037735849051,-3.281250000000002,-17.135207496653273,-18.445322793148875,12.902964211786834,13.34094757942332,14.571835244286973,18.98593873369787,002129.SZ
2011-12-08,13.19,1.8938926588525598,3,0.06542810985460412,0.018092105263157965,-0.01935483870967747,-0.07738095238095233,-4.142441860465118,3.7765538945711885,-9.965870307167247,-10.576271186440678,12.9551525369165,13.32657161947824,14.517645626863954,18.928267701521776,002129.SZ
2011-12-09,12.81,-0.5538264762310807,4,-0.028809704321455576,0.06542810985460412,0.018092105263157965,-0.01935483870967747,-4.687499999999989,2.316293929712465,-5.600589535740608,-12.079615648593,12.928761166568044,13.277374322385075,14.45067913169282,18.867389415934493,002129.SZ
2011-12-12,12.8,0.9891702500398154,0,-0.0007806401249024209,-0.028809704321455576,0.06542810985460412,0.018092105263157965,3.2258064516129004,3.5598705501618255,-1.9157088122605415,-15.063039150630386,12.905350045373854,13.231910101205543,14.385946616724475,18.807017381945098,002129.SZ
2011-12-13,12.57,-0.36661329063250603,1,-0.017968749999999978,-0.0007806401249024209,-0.028809704321455576,0.06542810985460412,3.3717105263157965,-7.573529411764701,-2.7089783281733726,-17.029702970297034,12.844377309851334,13.168871043947872,14.31473302391175,18.744957507497883,002129.SZ
2011-12-14,12.83,0.142965491088358,2,0.020684168655529023,-0.017968749999999978,-0.0007806401249024209,-0.028809704321455576,3.634894991922444,-3.169811320754712,0.23437499999998668,-14.123159303882193,12.841763253514728,13.136597611190933,14.256508199444623,18.686102208915816,002129.SZ
2011-12-15,12.62,0.09190444591904456,3,-0.016367887763055422,0.020684168655529023,-0.017968749999999978,-0.0007806401249024209,-4.321455648218353,-8.284883720930235,-0.7081038552321117,-13.856655290102394,12.801442661966595,13.087397838696559,14.19233140730954,18.625742982956456,002129.SZ
2011-12-16,11.99,0.8617441507140686,4,-0.04992076069730578,-0.016367887763055422,0.020684168655529023,-0.017968749999999978,-6.401249024199851,-10.788690476190476,-4.2332268370607,-11.64333087693441,12.653907632518122,12.982883758820696,14.105965469767991,18.559715689593705,002129.SZ
2011-12-19,11.8,-0.517218867308634,0,-0.015846538782318564,-0.04992076069730578,-0.016367887763055422,0.020684168655529023,-7.8125,-4.8387096774193505,-4.53074433656957,-9.578544061302685,12.498651699333006,12.870228162742535,14.015535451345718,18.492454836960935,002129.SZ
2011-12-20,11.59,-0.052174892945684004,1,-0.017796610169491633,-0.015846538782318564,-0.04992076069730578,-0.016367887763055422,-7.796340493237874,-4.6875,-14.779411764705886,-10.29411764705882,12.333442299454278,12.74830167105277,13.920416414038044,18.423773694304607,002129.SZ
2011-12-21,11.3,-0.2963975746046843,2,-0.025021570319240682,-0.017796610169491633,-0.015846538782318564,-0.04992076069730578,-11.925175370226027,-8.723747980613894,-14.716981132075468,-11.71875,12.1455436995535,12.610368178571553,13.817654986036553,18.35289037396327,002129.SZ
2011-12-22,10.72,0.5794187225413991,3,-0.0513274336283186,-0.025021570319240682,-0.017796610169491633,-0.015846538782318564,-15.05546751188589,-18.726307808946164,-22.093023255813947,-15.65696302124312,11.886353935998317,12.430333113945693,13.696178319917472,18.276941216013388,002129.SZ
2011-12-23,10.95,0.16935915266930568,4,0.021455223880596952,-0.0513274336283186,-0.025021570319240682,-0.017796610169491633,-8.673894912427027,-14.519906323185017,-18.526785714285722,-12.539936102236426,11.716107765816803,12.289349007855627,13.588485052469728,18.20403632829186,002129.SZ
2011-12-26,10.84,-0.5243366880146385,0,-0.010045662100456543,0.021455223880596952,-0.0513274336283186,-0.025021570319240682,-8.135593220338988,-15.312500000000007,-12.580645161290327,-12.297734627831714,11.556815444759202,12.151315769012234,13.480701324921897,18.130762334975525,002129.SZ
2011-12-27,10.55,0.13771879207539905,1,-0.026752767527675192,-0.010045662100456543,0.021455223880596952,-0.0513274336283186,-8.973252804141495,-16.070007955449483,-13.240131578947366,-22.426470588235293,11.37375809116662,11.998809505296784,13.365771861199471,18.055331863980747,002129.SZ
2011-12-28,10.44,-0.16466610312764163,2,-0.010426540284360297,-0.026752767527675192,-0.010045662100456543,0.021455223880596952,-7.610619469026558,-18.62821512081061,-15.670436187399039,-21.207547169811324,11.203983892772689,11.85035145717328,13.251035709779885,17.97955741757298,002129.SZ
2011-12-29,10.4,0.2552114956486542,3,-0.003831417624520994,-0.010426540284360297,-0.026752767527675192,-0.010045662100456543,-2.985074626865669,-17.591125198098247,-21.152388172858217,-24.418604651162788,11.057805003177654,11.712222746966301,13.139230387827732,17.904138935806085,002129.SZ
2011-12-30,10.4,0.14398581102870045,4,0.0,-0.003831417624520994,-0.010426540284360297,-0.026752767527675192,-5.022831050228305,-13.261050875729774,-18.81342701014832,-22.619047619047617,10.938204093508988,11.58724915201713,13.031809588305077,17.829470886693585,002129.SZ
2012-01-04,9.8,0.03016208597603942,2,-0.05769230769230771,0.0,-0.003831417624520994,-0.010426540284360297,-9.594095940959402,-16.94915254237288,-23.4375,-20.967741935483865,10.73125789468917,11.417034947063117,12.905071957391153,17.749575653990167,002129.SZ
2012-01-05,9.03,0.3317827336160897,3,-0.07857142857142874,-0.05769230769230771,0.0,-0.003831417624520994,-14.407582938388641,-22.088006902502165,-28.16229116945108,-25.740131578947377,10.421938277472957,11.189698285438057,12.75310835121895,17.662813707184295,002129.SZ
2012-01-06,9.07,-0.4925005136634477,4,0.0044296788482836025,-0.07857142857142874,-0.05769230769230771,0.0,-13.122605363984663,-19.734513274336287,-29.30631332813718,-26.736672051696285,10.176131317932418,10.98782225825348,12.608672729602521,17.577313073281964,002129.SZ
2012-01-09,9.62,0.3200404858299595,0,0.06063947078280041,0.0044296788482836025,-0.07857142857142874,-0.05769230769230771,-7.500000000000007,-10.261194029850762,-23.77179080824089,-27.065959059893864,10.075016532853795,10.857553471753148,12.491469877461245,17.498135828771694,002129.SZ
2012-01-10,10.57,1.3950314368961818,1,0.09875259875259879,0.06063947078280041,0.0044296788482836025,-0.07857142857142874,1.6346153846153788,-3.4703196347031895,-11.84320266889074,-17.486338797814206,10.165013526880378,10.830167426824277,12.416118117560805,17.429199153858544,002129.SZ
2012-01-11,10.72,-0.24279677295428348,2,0.014191106906338735,0.09875259875259879,0.06063947078280041,0.0044296788482836025,9.387755102040817,-1.1070110701106972,-9.152542372881356,-16.249999999999996,10.265920158356671,10.81967529093625,12.349603681578028,17.362440953322636,002129.SZ
2012-01-12,11.42,0.5481988838153222,3,0.0652985074626864,0.014191106906338735,0.09875259875259879,0.06063947078280041,26.46733111849391,8.246445497630317,-1.4667817083692802,-9.148766905330152,10.475752856837275,10.876849072751845,12.313148635241635,17.303312187617934,002129.SZ
2012-01-13,10.99,-0.4012234420230488,4,-0.0376532399299474,0.0652985074626864,0.014191106906338735,0.09875259875259879,21.168687982359423,5.268199233716486,-2.743362831858409,-14.341387373343728,10.569252337412316,10.887625351537384,12.261260453467454,17.240493160875467,002129.SZ
2012-01-16,10.18,-0.5150050168749429,0,-0.07370336669699729,-0.0376532399299474,0.0652985074626864,0.014191106906338735,5.8212058212058215,-2.115384615384619,-5.037313432835832,-19.33438985736925,10.498479185155531,10.820232460914777,12.17964239646873,17.17023949758317,002129.SZ
2012-01-17,11.2,1.1545984577769417,1,0.10019646365422386,-0.07370336669699729,-0.0376532399299474,0.0652985074626864,5.960264900662238,7.692307692307687,2.2831050228310446,-6.588824020016693,10.626028424218163,10.856400797970513,12.141225047587604,17.110834129448016,002129.SZ
2012-01-18,11.11,-0.2407472067039106,2,-0.008035714285714257,0.10019646365422386,-0.07370336669699729,-0.0376532399299474,3.6380597014925353,13.367346938775505,2.4907749077490715,-5.847457627118658,10.714023256178496,10.880553102925703,12.100784849642992,17.0511243371152,002129.SZ
2012-01-19,11.22,-0.29512531616463555,3,0.00990099009900991,-0.008035714285714257,0.10019646365422386,-0.07370336669699729,-1.7513134851138257,24.252491694352173,6.3507109004739215,-3.1924072476272602,10.806019027782405,10.91288137883754,12.06624426730405,16.99310319943246,002129.SZ
2012-01-20,11.23,-0.2296525852226391,4,0.0008912655971480277,0.00990099009900991,-0.008035714285714257,0.10019646365422386,2.1838034576888044,23.814773980154346,7.567049808429127,-0.6194690265486802,10.883106477276513,10.943083152281584,12.033450374468597,16.93575888899035,002129.SZ
2012-01-30,11.49,0.4977768367562989,0,0.02315227070347281,0.0008912655971480277,0.00990099009900991,-0.008035714285714257,12.868369351669951,19.438669438669454,10.480769230769237,7.182835820895517,10.99345075413533,10.99517047111191,12.012138595077673,16.881572233378506,002129.SZ
2012-01-31,11.78,0.83149561775516,1,0.02523933855526539,0.02315227070347281,0.0008912655971480277,0.00990099009900991,5.178571428571432,11.447492904446532,13.269230769230766,7.579908675799096,11.136459707928903,11.069916140529823,12.003035120760902,16.830810320608574,002129.SZ
2012-02-01,12.2,0.3744211176288976,2,0.035653650254668934,0.02523933855526539,0.02315227070347281,0.0008912655971480277,9.810981098109806,13.80597014925371,24.489795918367328,12.546125461254597,11.329830670123648,11.177543174765077,12.010759233672239,16.784732605975655,002129.SZ
2012-02-02,13.11,-0.05492222159824789,3,0.07459016393442619,0.035653650254668934,0.02523933855526539,0.02315227070347281,16.844919786096234,14.798598949211893,45.1827242524917,24.26540284360188,11.653497821010259,11.361586681930309,12.0538667147047,16.74816810243361,002129.SZ
2012-02-03,13.08,-0.06007487075880913,4,-0.0022883295194507935,0.07459016393442619,0.035653650254668934,0.02523933855526539,16.473731077471054,19.017288444040027,44.211686879823596,25.287356321839095,11.912861853553848,11.525245093175041,12.094107235696674,16.71166891733477,002129.SZ
2012-02-06,13.11,-0.24889366544443037,0,0.002293577981651307,-0.0022883295194507935,0.07459016393442619,0.035653650254668934,14.099216710182771,28.781925343811388,36.27858627858629,26.057692307692303,12.130523334725876,11.676174131920275,12.133946167630137,16.675831415669748,002129.SZ
2012-02-07,13.18,-0.15495328676037368,1,0.005339435545385296,0.002293577981651307,-0.0022883295194507935,0.07459016393442619,11.884550084889645,17.67857142857143,24.692526017029316,26.730769230769226,12.321337273866625,11.819395643165963,12.174967886546604,16.64104702347403,002129.SZ
2012-02-08,13.41,0.01862549800796809,2,0.017450682852807375,0.005339435545385296,0.002293577981651307,-0.0022883295194507935,9.918032786885256,20.702070207020707,25.093283582089555,36.83673469387754,12.51927595134542,11.970881772388253,12.223400518446736,16.608897301847424,002129.SZ
2012-02-09,13.49,0.3526938496137675,3,0.005965697240865042,0.017450682852807375,0.005339435545385296,0.002293577981651307,2.898550724637694,20.23172905525845,18.126094570928196,49.39091915836102,12.69577123291898,12.115559698827466,12.273071086350786,16.57786349784894,002129.SZ
2012-02-10,13.35,-0.2074598814514963,4,-0.010378057820607856,0.005965697240865042,0.017450682852807375,0.005339435545385296,2.064220183486243,18.878005342831685,21.47406733393995,47.18853362734288,12.814721917842801,12.233125441796279,12.315303592768402,16.545745453094227,002129.SZ
2012-02-13,14.14,0.5819956220357532,0,0.05917602996254678,-0.010378057820607856,0.005965697240865042,0.017450682852807375,7.856598016781091,23.063533507397736,38.899803536345786,46.985446985447,13.05568156914411,12.414732542577585,12.386860314620622,16.521807687391796,002129.SZ
2012-02-14,13.66,-0.3628134909195734,1,-0.03394625176803401,0.05917602996254678,-0.010378057820607856,0.005965697240865042,3.6418816388467334,15.959252971137538,21.964285714285726,29.2336802270577,13.165557647481544,12.533329443284483,12.436787361106088,16.49333198900979,002129.SZ
2012-02-15,13.99,0.1254976474846181,2,0.024158125915080486,-0.03394625176803401,0.05917602996254678,-0.010378057820607856,4.32513049962715,14.672131147541002,25.92259225922593,30.50373134328357,13.315456257030352,12.672059972495484,12.497697660670555,16.468423212999742,002129.SZ
2012-02-16,14.08,0.12283945654795381,3,0.006433166547533897,0.024158125915080486,-0.03394625176803401,0.05917602996254678,4.37361008154189,7.3989321128909324,25.49019607843137,23.29246935201401,13.45446421029756,12.806149498924485,12.559748732801122,16.44465780789527,002129.SZ
2012-02-17,14.16,-0.18164244290112408,4,0.005681818181818121,0.006433166547533897,0.024158125915080486,-0.03394625176803401,6.067415730337089,8.25688073394495,26.090828138913615,28.844404003639678,13.582743444788912,12.935087641884058,12.62250368445598,16.421924894383874,002129.SZ
2012-02-20,14.25,0.33079615048119004,0,0.006355932203389925,0.005681818181818121,0.006433166547533897,0.024158125915080486,0.7779349363507659,8.695652173913038,24.020887728459517,39.98035363457761,13.704062818463655,13.060317390276053,12.686327069379274,16.400313701404933,002129.SZ
2012-02-21,14.26,-0.47465649858654924,1,0.00070175438596487,0.006355932203389925,0.005681818181818121,0.006433166547533897,4.392386530014636,8.19423368740515,21.052631578947366,27.321428571428584,13.805142306015718,13.174572876916429,12.748039733325184,16.379017047659612,002129.SZ
2012-02-22,14.26,0.2708046552371417,2,0.0,0.00070175438596487,0.006355932203389925,0.005681818181818121,1.9299499642601914,6.338553318419082,16.885245901639358,28.352835283528364,13.887843704921949,13.277946888638674,12.807332292802627,16.35793230091673,002129.SZ
2012-02-23,14.45,0.4628261939931071,3,0.0133239831697054,0.0,0.00070175438596487,0.006355932203389925,2.627840909090895,7.11638250555966,10.221205186880233,28.787878787878785,13.990053940390684,13.389570994482611,12.871750634261348,16.338947899912583,002129.SZ
2012-02-24,14.25,0.04308313699091193,4,-0.01384083044982698,0.0133239831697054,0.0,0.00070175438596487,0.6355932203389925,6.741573033707859,8.944954128440363,26.89225289403383,14.037316860319649,13.471516614055696,12.925799628996197,16.318162348669674,002129.SZ
2012-02-27,13.94,0.04962891255243629,0,-0.021754385964912304,-0.01384083044982698,0.0133239831697054,0.0,-2.1754385964912304,-1.4144271570014189,6.331045003813873,21.32288946910357,14.019622885716077,13.516134079383724,12.965572192564974,16.29449904171774,002129.SZ
2012-02-28,13.59,-0.24680275454992617,1,-0.025107604017216567,-0.021754385964912304,-0.01384083044982698,0.0133239831697054,-4.698457223001407,-0.512445095168379,3.1107738998482626,15.365025466893044,13.941509633767698,13.523168928966225,12.990059557562427,16.267588603491692,002129.SZ
2012-02-29,13.35,-0.21518367346938772,2,-0.017660044150110354,-0.025107604017216567,-0.021754385964912304,-0.01384083044982698,-6.381486676016834,-4.574696211579699,-0.4474272930648837,9.426229508196716,13.833962427628116,13.50667665001706,13.004174869030567,16.23855787111864,002129.SZ
2012-03-01,13.33,-0.07603494903266073,3,-0.0014981273408238849,-0.017660044150110354,-0.025107604017216567,-0.021754385964912304,-7.75086505190311,-5.326704545454541,-1.1860637509266136,1.6781083142639153,13.742332895332094,13.489850302396388,13.016952325147017,16.209616996779154,002129.SZ
2012-03-02,13.85,0.4444444444444444,4,0.039009752438109446,-0.0014981273408238849,-0.017660044150110354,-0.025107604017216567,-2.8070175438596467,-2.189265536723173,3.7453183520599342,5.886850152905199,13.76190873254444,13.524150273596732,13.049620861415761,16.1861382206918,002129.SZ
2012-03-05,13.76,-0.0727145195230301,0,-0.006498194945848357,0.039009752438109446,-0.0014981273408238849,-0.017660044150110354,-1.2912482065997155,-3.438596491228074,-2.6874115983026914,4.958047292143397,13.761561690263632,13.546612152301805,13.077478866850436,16.161997541878947,002129.SZ
2012-03-06,13.97,-0.15893427466801147,1,0.015261627906976827,-0.006498194945848357,0.039009752438109446,-0.0014981273408238849,2.796173657100809,-2.0336605890603043,2.2693997071742356,5.993930197268593,13.799459564761154,13.586934804463537,13.112479695601401,16.14018662106423,002129.SZ
2012-03-07,13.66,-0.1560907364844608,2,-0.022190408017179752,0.015261627906976827,-0.006498194945848357,0.039009752438109446,2.322097378277155,-4.207573632538564,-2.358827734095781,1.8642803877703118,13.774103280259126,13.593893394514629,13.13395108008762,16.115508147222798,002129.SZ
2012-03-08,14.41,1.756897572528123,3,0.054904831625183004,-0.022190408017179752,0.015261627906976827,-0.006498194945848357,8.102025506376599,-0.27681660899653293,2.34375,6.819866567828026,13.889720865666558,13.671617833132283,13.183992214201831,16.098537916902174,002129.SZ
2012-03-09,14.45,-0.530280903702431,4,0.002775850104094424,0.054904831625183004,-0.022190408017179752,0.015261627906976827,4.332129963898912,1.403508771929829,2.0480225988700473,8.239700374531832,13.991589799181728,13.745749468072066,13.233639578350779,16.08213455454494,002129.SZ
2012-03-14,14.63,0.3068003585032488,2,-0.031125827814569407,0.04498269896193774,0.0,0.002775850104094424,7.101024890190333,9.588014981273417,2.594670406732136,4.57469621157971,14.32834632877797,14.001560911511318,13.402751752745106,16.04209164425297,002129.SZ
2012-03-15,14.59,-0.46341463414634143,3,-0.002734107997265922,-0.031125827814569407,0.04498269896193774,0.0,1.2491325468424685,9.452363090772685,0.9688581314879041,3.622159090909083,14.37591972354561,14.05760272946262,13.449310507539415,16.027642971175826,002129.SZ
2012-03-16,14.85,-0.12006710337114557,4,0.017820424948594926,-0.002734107997265922,-0.031125827814569407,0.04498269896193774,2.768166089965396,7.2202166064981865,4.210526315789465,4.8728813559322015,14.462116137446408,14.133069136180465,13.504239507243753,16.015925130666613,002129.SZ
2012-03-19,15.07,-0.1025873808443033,0,0.014814814814814836,0.017820424948594926,-0.002734107997265922,-0.031125827814569407,4.290657439446366,9.520348837209314,8.106169296987087,5.75438596491229,14.572640476092515,14.22230064702042,13.565641879508705,16.006512940311723,002129.SZ
2012-03-20,14.39,0.19190692969145173,1,-0.04512276045122754,0.014814814814814836,0.017820424948594926,-0.002734107997265922,-4.70198675496688,3.0064423765211234,5.88668138337014,0.911640953716697,14.539433116802966,14.238272013970857,13.597969648939737,15.990428234437974,002129.SZ
2012-03-21,14.13,0.4701239178407741,2,-0.018068102849200796,-0.04512276045122754,0.014814814814814836,0.017820424948594926,-3.417634996582364,3.4407027818448066,5.842696629213484,-0.9116409537166859,14.4649907319297,14.22796039359268,13.618833584275434,15.971916510712223,002129.SZ
2012-03-22,13.79,-0.7093701287454535,3,-0.02406227883934897,-0.018068102849200796,-0.04512276045122754,0.014814814814814836,-5.483207676490753,-4.30256766134629,3.450862715678915,-4.56747404844291,14.342265144306117,14.186249879917186,13.625545992735221,15.950205898665335,002129.SZ
2012-03-23,13.87,-0.01589193484306728,4,0.005801305293691161,-0.02406227883934897,-0.018068102849200796,-0.04512276045122754,-6.599326599326605,-4.013840830449833,0.14440433212996595,-2.6666666666666727,14.256398754432276,14.156130843734598,13.635132424392662,15.929507332509461,002129.SZ
2012-03-26,13.75,-0.4230924505450142,0,-0.008651766402307137,0.005801305293691161,-0.02406227883934897,-0.018068102849200796,-8.75912408759124,-4.844290657439442,-0.07267441860464574,-1.3629842180774676,14.164326253626406,14.117451715759875,13.639637035200794,15.90782069238499,002129.SZ
2012-03-27,14.03,0.9597620713785864,1,0.02036363636363636,-0.008651766402307137,0.005801305293691161,-0.02406227883934897,-2.501737317581665,-7.086092715231795,0.42949176807443035,3.2376747608535705,14.139903298421604,14.109122980925601,13.654945386761549,15.889135909376185,002129.SZ
2012-03-28,12.97,0.25691840742724525,2,-0.07555238774055584,0.02036363636363636,-0.008651766402307137,0.005801305293691161,-8.20948336871904,-11.346548188653449,-5.051244509516839,-2.8464419475655367,13.927193607799495,14.000635077980306,13.628084783359135,15.86008978092468,002129.SZ
2012-03-29,12.48,0.15284090909090886,3,-0.037779491133384746,-0.07555238774055584,0.02036363636363636,-0.008651766402307137,-9.499637418419137,-14.461960246744344,-13.393476752255374,-6.376594148537129,13.664067497290496,13.85581268960123,13.583061850678385,15.826457046786127,002129.SZ
2012-03-30,12.66,-0.3865204534253327,4,0.014423076923076872,-0.037779491133384746,-0.07555238774055584,0.02036363636363636,-8.72386445565969,-14.747474747474742,-12.387543252595146,-8.592057761732852,13.481509770510407,13.741925766782066,13.546863346730213,15.794950011494723,002129.SZ
2012-04-05,12.91,-0.08335007029524,3,0.019747235387045814,0.014423076923076872,-0.037779491133384746,-0.07555238774055584,-6.1090909090909085,-14.333112143331117,-10.657439446366778,-6.177325581395343,13.377598903144877,13.662694741374251,13.521888313525107,15.766244041231095,002129.SZ
2012-04-06,12.81,-0.3216476774758983,4,-0.0077459333849728695,0.019747235387045814,0.014423076923076872,-0.037779491133384746,-8.695652173913038,-10.97984711605281,-15.165562913907282,-8.303507516105945,13.274399102573081,13.581485718386228,13.493971124759417,15.736828677636757,002129.SZ
2012-04-09,12.57,0.1033591731266148,0,-0.0187353629976581,-0.0077459333849728695,0.019747235387045814,0.014423076923076872,-3.084040092521201,-11.040339702760082,-14.080656185919349,-7.979502196193266,13.146326538468884,13.485153745206587,13.457736963004146,15.705317944525945,002129.SZ
2012-04-10,12.49,0.8908079625292742,1,-0.006364359586316648,-0.0187353629976581,-0.0077459333849728695,0.019747235387045814,0.08012820512819374,-9.427121102248003,-14.393420150788206,-13.324080499653013,13.026994440565451,13.390377198044055,13.419786493866729,15.673324731147577,002129.SZ
2012-04-11,12.3,-0.3136708468803221,2,-0.015212169735788539,-0.006364359586316648,-0.0187353629976581,-0.0077459333849728695,-2.843601895734593,-11.319394376351832,-17.17171717171716,-14.878892733564008,12.894813633189914,13.286531750611287,13.375873298028818,15.639759310937155,002129.SZ
2012-04-12,12.33,0.6460636138055493,3,0.0024390243902439046,-0.015212169735788539,-0.006364359586316648,-0.0187353629976581,-4.492641363284278,-10.32727272727273,-18.181818181818187,-14.671280276816601,12.792120245337202,13.195433488648307,13.334858658890434,15.60682638247012,002129.SZ
2012-04-13,12.83,-0.21858297930656434,4,0.04055150040551503,0.0024390243902439046,-0.015212169735788539,-0.006364359586316648,0.15612802498048417,-8.553100498930855,-10.8408617095205,-15.033112582781449,12.79900747345771,13.16063029925323,13.31506028011042,15.57919626921171,002129.SZ
2012-04-16,12.86,-0.1911609961417048,0,0.002338269680436378,0.04055150040551503,0.0024390243902439046,-0.015212169735788539,2.3070803500397696,-0.8481110254433433,-8.987968860580331,-12.098427887901586,12.810097023738125,13.131998842181494,13.297214778929618,15.552139589916074,002129.SZ
2012-04-17,12.55,-0.19297484822202948,1,-0.024105754276827263,0.002338269680436378,0.04055150040551503,0.0024390243902439046,0.48038430744596905,0.560897435897445,-8.992023205221166,-13.9821795750514,12.762806655785738,13.076570381021352,13.267912238579438,15.522267554195517,002129.SZ
2012-04-18,12.86,0.2885545405695864,2,0.024701195219123395,-0.024105754276827263,0.002338269680436378,0.04055150040551503,4.552845528455274,1.5797788309636518,-7.281903388608502,-13.400673400673401,12.780478172915602,13.05594463044789,13.251915680203775,15.495777329775663,002129.SZ
2012-04-19,13.25,0.5627606338615514,3,0.03032659409020222,0.024701195219123395,-0.024105754276827263,0.002338269680436378,7.461476074614759,2.6336173508907823,-3.6363636363636376,-12.076974120769746,12.865845777840036,13.074426094214758,13.2518405554899,15.47343128669332,002129.SZ
2012-04-20,13.13,-0.5206137424949967,4,-0.00905660377358486,0.03032659409020222,0.024701195219123395,-0.024105754276827263,2.338269680436489,2.4980483996877467,-6.414825374198141,-8.756080611535788,12.913873818232755,13.079718847146685,13.247062494490297,15.450113562447616,002129.SZ
2012-04-23,12.53,0.30531589201224607,0,-0.0456968773800458,-0.00905660377358486,0.03032659409020222,0.024701195219123395,-2.5660964230171057,-0.31821797931583795,-3.3924441017733287,-11.323425336164195,12.844078578554072,13.027364671227954,13.218942396667149,15.421057706104854,002129.SZ
2012-04-24,12.26,0.47803837953091666,1,-0.02154828411811649,-0.0456968773800458,-0.00905660377358486,0.03032659409020222,-2.3107569721115606,-1.8414731785428406,-1.7628205128205177,-11.094996374184184,12.73788247336242,12.954282321587197,13.181336812484124,15.389604395596349,002129.SZ
2012-04-25,12.28,-0.5367859203693017,2,0.0016313213703098572,-0.02154828411811649,-0.0456968773800458,-0.00905660377358486,-4.510108864696738,-0.1626016260162677,-3.001579778830965,-11.463590483056961,12.654631114569252,12.890064957626512,13.145990270818082,15.358663058326734,002129.SZ
2012-04-26,11.75,0.15197757707879167,3,-0.04315960912052108,0.0016313213703098572,-0.02154828411811649,-0.0456968773800458,-11.32075471698113,-4.703974047039738,-8.985282726568556,-14.54545454545455,12.490152730102114,12.781487342614463,13.091245554315412,15.322755963219006,002129.SZ
2012-04-27,11.78,0.09543119762097874,4,0.002553191489361728,-0.04315960912052108,0.0016313213703098572,-0.02154828411811649,-10.281797410510297,-8.183943881527679,-8.040593286494936,-16.03706343549537,12.36103405190173,12.6861075956988,13.039824160028534,15.2875046601024,002129.SZ
2012-05-02,12.07,0.34871668311944704,2,0.02461799660441444,0.002553191489361728,-0.04315960912052108,0.0016313213703098572,-3.6711891460494694,-6.143079315707611,-3.9777247414478967,-6.939090208172704,12.308118769737778,12.627430681822725,13.001791840027416,15.255489688360088,002129.SZ
2012-05-03,12.07,-0.5304666056724612,3,0.0,0.02461799660441444,0.002553191489361728,-0.04315960912052108,-1.5497553017944532,-3.8247011952191268,-3.3626901521216945,-3.2852564102564097,12.264824447967273,12.574342045458657,12.965250983555752,15.223793273550536,002129.SZ
2012-05-04,12.15,-0.26071706936866723,4,0.006628003314001596,0.0,0.02461799660441444,0.002553191489361728,-1.0586319218240936,-5.520995334370138,-1.2195121951219523,-4.028436018957349,12.243947275609585,12.533928517319737,12.933280356749645,15.193208265853515,002129.SZ
2012-05-07,13.28,5.012124406958356,0,0.09300411522633745,0.006628003314001596,0.0,0.02461799660441444,13.02127659574468,0.22641509433962703,7.704785077047838,2.865995352439965,12.432320498226023,12.604982944241666,12.946877205504562,15.174171367685819,002129.SZ
2012-05-08,13.65,-0.12854011398509424,1,0.027861445783132543,0.09300411522633745,0.006628003314001596,0.0,15.874363327674024,3.960396039603964,6.391270459859699,6.557377049180335,12.653716771275837,12.704508378123412,12.974450648425952,15.159005483430239,002129.SZ
2012-05-09,13.31,-0.39531139953717676,2,-0.02490842490842493,0.027861445783132543,0.09300411522633745,0.006628003314001596,10.273405136702563,6.225059856344783,3.499222395023338,5.887032617342891,12.77304099468023,12.762174246873563,12.987609446526895,15.140607418918496,002129.SZ
2012-05-14,13.27,-0.46894736842105267,0,-0.013382899628252787,0.010518407212622094,0.0,-0.02490842490842493,-0.07530120481927804,12.936170212765962,0.15094339622641062,7.623682076236826,13.029456713089319,12.912516268146614,13.027776072358613,15.087485513069991,002129.SZ
2012-05-15,13.26,0.5642550379914106,1,-0.0007535795026375469,-0.013382899628252787,0.010518407212622094,0.0,-2.857142857142858,12.56366723259763,0.990099009900991,3.351519875292275,13.071373674345807,12.945609956894556,13.036882893050432,15.069301577616558,002129.SZ
2012-05-16,12.96,-0.14889123548046468,2,-0.02262443438914019,-0.0007535795026375469,-0.013382899628252787,0.010518407212622094,-2.6296018031555235,7.373653686826853,3.431763766959306,0.7776049766718529,13.051123915373843,12.946980437190312,13.03386787763669,15.04831350221739,002129.SZ
2012-05-17,13.06,0.008188585607940668,3,0.007716049382715973,-0.02262443438914019,-0.0007535795026375469,-0.013382899628252787,-1.8782870022539422,8.202154101077053,6.5252854812398065,4.063745019920306,13.052737748942235,12.95774420507695,13.034892666748975,15.028529288264979,002129.SZ
2012-05-18,12.99,-0.12133891213389125,4,-0.0053598774885145195,0.007716049382715973,-0.02262443438914019,-0.0007535795026375469,-3.42007434944237,6.913580246913575,5.781758957654737,1.010886469673422,13.04133088549819,12.960816185545811,13.033132170013722,15.008245414749904,002129.SZ
2012-05-21,13.08,-0.05266106442577034,0,0.006928406466512715,-0.0053598774885145195,0.007716049382715973,-0.02262443438914019,-1.4318010550112947,-1.5060240963855387,11.319148936170208,-1.2830188679245236,13.048361633589428,12.972167025017638,13.034970124130833,14.989058893210105,002129.SZ
2012-05-22,13.49,0.18125369603784747,1,0.031345565749235416,0.006928406466512715,-0.0053598774885145195,0.007716049382715973,1.7345399698340813,-1.172161172161168,14.516129032258075,2.7418126428027323,13.12865951839135,13.021484451206435,13.052814432988448,14.974142884322443,002129.SZ
2012-05-23,13.9,1.6420525657071336,2,0.03039288361749448,0.031345565749235416,0.006928406466512715,-0.0053598774885145195,7.253086419753085,4.432757325319314,15.161557580778794,10.933758978451724,13.268903242320194,13.105152598710585,13.086037396400666,14.963454895423713,002129.SZ
2012-05-24,13.79,-0.22387494078635717,3,-0.00791366906474833,0.03039288361749448,0.031345565749235416,0.006928406466512715,5.5895865237366005,3.6063110443275592,14.250207125103543,12.479608482871129,13.363648107352885,13.170376160738147,13.113643773012406,14.951778727310044,002129.SZ
2012-05-25,13.9,-0.4818115234375,4,0.007976794778825402,-0.00791366906474833,0.03039288361749448,0.031345565749235416,7.005388760585074,3.3457249070631967,14.403292181069949,13.19218241042346,13.461166633288723,13.239864145429753,13.144481272109958,14.94131326733681,002129.SZ
2012-05-28,14.26,0.76113074204947,0,0.025899280575539585,0.007976794778825402,-0.00791366906474833,0.03039288361749448,9.02140672782874,7.460437076111526,7.37951807228916,21.361702127659576,13.606409063599862,13.33701994110311,13.188227104576235,14.934534030845898,002129.SZ
2012-05-29,14.55,0.34082397003745313,1,0.020336605890603154,0.025899280575539585,0.007976794778825402,-0.00791366906474833,7.857672349888811,9.728506787330327,6.593406593406592,23.514431239388813,13.77797105203625,13.452541851474242,13.241629963220305,14.93070782158375,002129.SZ
2012-05-30,14.36,-0.4754588986432562,2,-0.013058419243986319,0.020336605890603154,0.025899280575539585,0.007976794778825402,3.3093525179856087,10.80246913580245,7.888805409466548,18.972659486329736,13.883794497120567,13.538966437048124,13.28548761172147,14.925029136791872,002129.SZ
2012-06-04,14.05,0.292149631190727,0,-0.02498265093684937,0.0034818941504177747,0.0,-0.013058419243986319,-1.472650771388495,7.415902140672781,5.877920120572733,5.798192771084354,14.050252583321482,13.726700225862551,13.396735283046636,14.905737849990771,002129.SZ
2012-06-05,14.22,-0.039551478083588165,1,0.012099644128113818,-0.02498265093684937,0.0034818941504177747,0.0,-2.268041237113405,5.4114158636026755,7.239819004524883,4.175824175824183,14.081115749990303,13.773681156732785,13.429020173907553,14.898914587801809,002129.SZ
2012-06-11,13.68,-0.5110441767068273,0,0.0066225165562914245,-0.044303797468354444,0.0,0.0,-2.633451957295385,-4.06732117812062,4.587155963302747,3.0896759608138646,13.965861651231908,13.815209105396276,13.50107234176227,14.860714332260807,002129.SZ
2012-06-12,13.56,-0.367299794661191,1,-0.00877192982456132,0.0066225165562914245,-0.044303797468354444,0.0,-4.641350210970463,-6.804123711340204,0.5189028910304039,2.2624434389140413,13.892068623735195,13.790903476310916,13.503383230320614,14.847771901094033,002129.SZ
2012-06-13,13.66,-0.1221095334685598,2,0.007374631268436627,-0.00877192982456132,0.0066225165562914245,-0.044303797468354444,-3.9381153305203975,-4.874651810584951,-1.726618705035976,5.401234567901225,13.849874328510614,13.77843647856702,13.509525064425688,14.835953275212502,002129.SZ
2012-06-14,13.3,-0.10720887245841038,3,-0.026354319180087793,0.007374631268436627,-0.00877192982456132,0.0066225165562914245,-6.469760900140642,-7.381615598885782,-3.5532994923857752,1.8376722817764257,13.74989717787232,13.732871099655874,13.501308395232524,14.820670158046209,002129.SZ
2012-06-15,13.16,0.3152173913043479,4,-0.010526315789473717,-0.026354319180087793,0.007374631268436627,-0.00877192982456132,-3.16409124356144,-8.67453157529493,-5.323741007194249,1.3086989992301845,13.642643145531897,13.678311947307696,13.487923752282228,14.804146076871621,002129.SZ
2012-06-18,13.15,0.10350255804801245,0,-0.0007598784194529085,-0.010526315789473717,-0.026354319180087793,0.007374631268436627,-3.8742690058479523,-6.4056939501779375,-7.784011220196351,0.5351681957186605,13.553071664526097,13.627996523754582,13.474671840428023,14.787686911927626,002129.SZ
2012-06-19,13.1,-0.09486447931526387,1,-0.0038022813688213253,-0.0007598784194529085,-0.010526315789473717,-0.026354319180087793,-3.392330383480835,-7.876230661040795,-9.965635738831624,-2.89103039288362,13.470694998248625,13.57771114053986,13.459978827077904,14.770894007331332,002129.SZ
2012-06-20,13.17,-0.3955870764381403,2,0.005343511450381699,-0.0038022813688213253,-0.0007598784194529085,-0.010526315789473717,-3.5871156661786308,-7.383966244725748,-8.286908077994426,-5.251798561151078,13.416023180385238,13.538881508107492,13.448607108368966,14.754964713726046,002129.SZ
2012-06-21,13.09,0.3924380704041721,3,-0.0060744115413818855,0.005343511450381699,-0.0038022813688213253,-0.0007598784194529085,-1.5789473684210575,-7.946554149085805,-8.84401114206128,-5.076142131979688,13.356746238497013,13.49613088828773,13.43454408451136,14.738397900654146,002129.SZ
2012-06-27,12.46,-0.4860410359905819,2,-0.011895321173671536,-0.036669213139801426,0.0,-0.0060744115413818855,-4.8854961832060955,-8.112094395280234,-12.376933895921239,-14.364261168384873,13.050148766239158,13.28943329691886,13.352787065296734,14.67868272773126,002129.SZ
2012-06-28,12.31,-0.125,3,-0.012038523274478408,-0.011895321173671536,-0.036669213139801426,0.0,-6.529992406985574,-9.882869692532935,-13.431786216596342,-14.275766016713087,12.915576263286583,13.196153935307539,13.31189345489294,14.655113745365774,002129.SZ
2012-06-29,12.85,1.6813762154076293,4,0.04386677497969127,-0.012038523274478408,-0.011895321173671536,-0.036669213139801426,-1.8334606569900713,-3.383458646616544,-9.634317862165975,-10.515320334261835,12.903653306325385,13.163186893849677,13.29377998607361,14.637152414566115,002129.SZ
2012-07-02,12.95,0.007810320781032054,0,0.0077821011673151474,0.04386677497969127,-0.012038523274478408,-0.011895321173671536,-1.0695187165775444,-1.5957446808510745,-4.709345106696105,-10.131852879944493,12.912079977902586,13.142883380149707,13.280298417992292,14.620364828351526,002129.SZ
2012-07-03,12.95,-0.475781898699142,1,0.0,0.0077821011673151474,0.04386677497969127,-0.012038523274478408,2.6962727993655733,-1.5209125475285301,-5.336257309941528,-7.829181494661929,12.918974527374843,13.124513534421162,13.26734553885534,14.603744282795791,002129.SZ
2012-07-04,13.24,0.1927138331573388,2,0.022393822393822482,0.0,0.0077821011673151474,0.04386677497969127,6.260032102728719,1.0687022900763399,-2.359882005899705,-6.891701828410691,12.97734279512487,13.13551224542867,13.266273164782582,14.590174687942103,002129.SZ
2012-07-05,12.97,0.032315183709606066,3,-0.020392749244712904,0.022393822393822482,0.0,0.0077821011673151474,5.361494719740056,-1.518602885345477,-5.051244509516839,-8.790436005625878,12.9760077414658,13.119749174435464,13.254654609300912,14.57405354676855,002129.SZ
2012-07-06,13.02,0.0986277873070327,4,0.0038550501156513484,-0.020392749244712904,0.022393822393822482,0.0,1.322957198443575,-0.5347593582887722,-2.1052631578947434,-8.438818565400851,12.984006333926562,13.110249253060658,13.2454524677597,14.55859032739772,002129.SZ
2012-07-09,13.56,1.8696330991412955,0,0.04147465437788034,0.0038550501156513484,-0.020392749244712904,0.022393822393822482,4.71042471042471,3.59052711993888,3.039513677811545,-0.22075055187636972,13.088732455030822,13.153082657531073,13.257787665102457,14.54865410523456,002129.SZ
2012-07-10,14.91,1.2158596300326443,1,0.0995575221238938,0.04147465437788034,0.0038550501156513484,-0.020392749244712904,15.135135135135137,18.239492466296593,13.384030418250958,8.991228070175449,13.419872008661581,13.32040811871859,13.322580305686675,14.552249586774515,002129.SZ
2012-08-02,15.3,-0.625295287827925,3,0.010568031704095038,0.015425888665325349,0.0,0.0,2.6156941649899457,2.6156941649899457,2.6156941649899457,17.96453353893601,14.96595732065461,14.676980919633994,14.129819153805219,14.614325373340625,002129.SZ
2012-08-03,15.3,-0.1751970136872666,4,0.0,0.010568031704095038,0.015425888665325349,0.0,2.6156941649899457,2.6156941649899457,2.6156941649899457,17.511520737327203,15.026692353262863,14.736316070145042,14.175708598754033,14.621148006441715,002129.SZ
2012-08-06,15.45,0.05813134868751879,0,0.009803921568627416,0.0,0.010568031704095038,0.015425888665325349,3.621730382293764,3.621730382293764,3.621730382293764,13.938053097345126,15.10365737994234,14.804285968226466,14.225680810567601,14.629395289959708,002129.SZ
2012-08-07,15.25,-0.1834426385324589,1,-0.012944983818770184,0.009803921568627416,0.0,0.010568031704095038,2.280348759222006,2.280348759222006,2.280348759222006,2.280348759222006,15.130265129043734,14.84673492363347,14.265850190545342,14.63557046120389,002129.SZ
2012-08-08,14.95,0.18240018624141552,2,-0.019672131147541072,-0.012944983818770184,0.009803921568627416,0.0,-1.2549537648612996,0.26827632461434714,0.26827632461434714,0.26827632461434714,15.097489651035781,14.856569692811235,14.292679594837681,14.638699113331215,002129.SZ
2012-08-09,15.05,-0.1852726914746997,3,0.006688963210702337,-0.019672131147541072,-0.012944983818770184,0.009803921568627416,-1.6339869281045805,0.9389671361502483,0.9389671361502483,0.9389671361502483,15.088855169029275,14.874991626829212,14.32237843425581,14.642791659467225,002129.SZ
2012-08-10,15.0,-0.45408409859835674,4,-0.0033222591362126463,0.006688963210702337,-0.019672131147541072,-0.012944983818770184,-1.9607843137254943,0.6036217303822866,0.6036217303822866,0.6036217303822866,15.072699683751225,14.886897186178812,14.348951828990877,14.646345971313323,002129.SZ
2012-08-13,14.65,-0.1219566179725542,0,-0.023333333333333317,-0.0033222591362126463,0.006688963210702337,-0.019672131147541072,-5.177993527508084,-1.7437961099932897,-1.7437961099932897,-1.7437961099932897,14.995845195796456,14.864335549399879,14.360757639618686,14.646382329807718,002129.SZ
2012-08-14,14.5,0.5903705570960425,1,-0.010238907849829393,-0.023333333333333317,-0.0033222591362126463,0.006688963210702337,-4.918032786885251,-2.7498323272971192,-2.7498323272971192,-2.7498323272971192,14.905691523833463,14.82963692564751,14.366218124339522,14.644925789212618,002129.SZ
2012-08-15,14.2,-0.6671421778411792,2,-0.020689655172413834,-0.010238907849829393,-0.023333333333333317,-0.0033222591362126463,-5.0167224080267525,-6.208718626155885,-4.761904761904767,-4.761904761904767,14.77738397404556,14.769671504157271,14.359699766522287,14.640498666931895,002129.SZ
2012-08-16,13.97,0.6200000000000001,3,-0.016197183098591417,-0.020689655172413834,-0.010238907849829393,-0.023333333333333317,-7.176079734219265,-8.692810457516343,-6.3044936284372906,-6.3044936284372906,14.630586887855458,14.69351231328515,14.344417422737099,14.63382703840521,002129.SZ
2012-08-17,13.9,-0.33362727807172254,4,-0.005010737294201872,-0.016197183098591417,-0.020689655172413834,-0.010238907849829393,-7.333333333333336,-9.150326797385622,-6.773977196512404,-6.773977196512404,14.497752908245374,14.617939712019899,14.326989288512115,14.626525276829039,002129.SZ
2012-08-20,14.2,0.08072342302602542,0,0.021582733812949506,-0.005010737294201872,-0.016197183098591417,-0.020689655172413834,-3.071672354948818,-8.090614886731395,-4.761904761904767,-4.761904761904767,14.443616015837124,14.578135929922766,14.3220093164136,14.622281244223775,002129.SZ
2012-08-21,14.45,0.7371428571428573,1,0.01760563380281699,0.021582733812949506,-0.005010737294201872,-0.016197183098591417,-0.34482758620689724,-5.245901639344264,-3.0851777330650587,-3.0851777330650587,14.444776740230374,14.56593250802536,14.327028558907186,14.620567002987718,002129.SZ
2012-08-22,13.95,-0.33411654135338353,2,-0.03460207612456745,0.01760563380281699,0.021582733812949506,-0.005010737294201872,-1.7605633802816878,-6.688963210702337,-7.859973579920743,-6.438631790744475,14.354817332915758,14.507272269165803,14.312243125224551,14.613894694500278,002129.SZ
2012-08-23,13.8,0.11679604798870846,3,-0.01075268817204289,-0.03460207612456745,0.01760563380281699,0.021582733812949506,-1.2168933428775897,-8.30564784053156,-9.80392156862745,-7.444668008048283,14.253941454203801,14.439913005435727,14.292155159529472,14.605796239828635,002129.SZ
2012-08-24,13.6,-0.15134281200631905,4,-0.01449275362318847,-0.01075268817204289,-0.03460207612456745,0.01760563380281699,-2.158273381294973,-9.333333333333337,-11.111111111111116,-8.786049631120052,14.135043007984928,14.359921290632325,14.265011819940081,14.59578831704427,002129.SZ
2012-08-27,13.58,-0.07781087118391661,0,-0.0014705882352941124,-0.01449275362318847,-0.01075268817204289,-0.03460207612456745,-4.366197183098586,-7.3037542662116035,-12.103559870550162,-8.920187793427225,14.034126097442213,14.285643072476866,14.238148611314982,14.585680970606019,002129.SZ
2012-08-28,13.89,0.06055712555510695,1,0.022827687776141525,-0.0014705882352941124,-0.01449275362318847,-0.01075268817204289,-3.87543252595155,-4.206896551724137,-8.918032786885243,-6.841046277665996,14.007921352452719,14.247962779860021,14.224495724596748,14.578758771893522,002129.SZ
2012-08-29,13.98,0.2858774267224973,2,0.00647948164146861,0.022827687776141525,-0.0014705882352941124,-0.01449275362318847,0.21505376344086446,-1.5492957746478742,-6.48829431438126,-7.661822985468958,14.002844742915862,14.222442515111448,14.214907656965504,14.572800973168215,002129.SZ
2012-08-30,13.96,-0.20870337477797518,3,-0.0014306151645206988,0.00647948164146861,0.022827687776141525,-0.0014705882352941124,1.1594202898550732,-0.07158196134573469,-7.242524916943516,-8.758169934640526,13.995054789658433,14.197447989862738,14.204911278260974,14.56670345104714,002129.SZ
2012-08-31,14.36,0.36513280957725414,4,0.02865329512893977,-0.0014306151645206988,0.00647948164146861,0.022827687776141525,5.588235294117649,3.3093525179856087,-4.266666666666675,-6.1437908496732145,14.06140846426599,14.212929133685334,14.210993188917406,14.564646700290451,002129.SZ
2012-09-03,14.58,0.009043573581803077,0,0.01532033426183843,0.02865329512893977,-0.0014306151645206988,0.00647948164146861,7.3637702503681846,2.6760563380281654,-0.4778156996587013,-5.631067961165048,14.155697834399444,14.24788826381054,14.225464044253979,14.564799469441791,002129.SZ
2012-09-04,13.55,0.8826724606192284,1,-0.07064471879286693,0.01532033426183843,0.02865329512893977,-0.0014306151645206988,-2.4478041756659463,-6.228373702422141,-6.551724137931025,-11.147540983606552,14.045570955417727,14.181422714876202,14.198975258204804,14.554701962283167,002129.SZ
2012-09-05,13.38,-0.23528563185227924,2,-0.012546125461254554,-0.07064471879286693,0.01532033426183843,0.02865329512893977,-4.29184549356223,-4.086021505376336,-5.774647887323936,-10.501672240802662,13.924558054432685,14.105096742030849,14.166858581412459,14.54301338554403,002129.SZ
2012-09-06,13.45,-0.5691378985097151,3,0.00523168908819116,-0.012546125461254554,-0.07064471879286693,0.01532033426183843,-3.6532951289398374,-2.5362318840579823,-3.722261989978537,-10.631229235880413,13.83827477180856,14.042706576123148,14.138746480180599,14.53213763046399,002129.SZ
2012-09-07,13.73,1.2591943957968477,4,0.020817843866171026,0.00523168908819116,-0.012546125461254554,-0.07064471879286693,-4.387186629526452,0.9558823529411731,-1.2230215827338076,-8.466666666666667,13.818588449661549,14.012924997444753,14.122717206448026,14.524156161504152,002129.SZ
2012-09-10,13.58,-0.28003875968992253,0,-0.010924981791696986,0.020817843866171026,0.00523168908819116,-0.012546125461254554,-6.858710562414261,0.0,-4.366197183098586,-7.3037542662116035,13.775208731541266,13.971694045307157,14.101434178744183,14.51476157283247,002129.SZ
2012-09-11,13.75,-0.25464333781965,1,0.012518409425625876,-0.010924981791696986,0.020817843866171026,0.00523168908819116,1.4760147601476037,-1.0079193664506825,-4.844290657439442,-5.1724137931034475,13.77062532580649,13.950580326706476,14.087652446244412,14.50715200494359,002129.SZ
2012-09-12,13.94,0.4438425424340915,2,0.01381818181818173,0.012518409425625876,-0.010924981791696986,0.020817843866171026,4.1853512705530616,-0.28612303290415086,-0.07168458781361409,-1.8309859154929553,13.8014207211144,13.949572676543953,14.081862154234829,14.501508701411813,002129.SZ
2012-09-13,13.93,-0.16983491745872936,3,-0.0007173601147776321,0.01381818181818173,0.012518409425625876,-0.010924981791696986,3.5687732342007505,-0.21489971346705383,0.9420289855072372,-0.28632784538297207,13.824798771820873,13.947708612111196,14.075906775637385,14.495822047666424,002129.SZ
2012-09-14,14.16,0.11810786381440197,4,0.016511127063890907,-0.0007173601147776321,0.01381818181818173,0.012518409425625876,3.1318281136198056,-1.392757660167121,4.117647058823537,1.8705035971223083,13.885744449671623,13.967926839529177,14.079204549141801,14.492480534754321,002129.SZ
2012-09-17,13.52,-0.23848019401778486,0,-0.04519774011299438,0.016511127063890907,-0.0007173601147776321,0.01381818181818173,-0.44182621502208974,-7.2702331961591256,-0.44182621502208974,-4.788732394366191,13.819245458822238,13.9252671405264,14.057274958979377,14.482804111522936,002129.SZ
2012-09-18,13.23,-0.5173389950460014,1,-0.02144970414201175,-0.04519774011299438,0.016511127063890907,-0.0007173601147776321,-3.781818181818175,-2.3616236162361637,-4.751619870410373,-8.44290657439446,13.712109920854559,13.859051222381028,14.024832803725285,14.47033839897047,002129.SZ
2012-09-19,13.37,-0.18475073313782997,2,0.01058201058201047,-0.02144970414201175,-0.04519774011299438,0.016511127063890907,-4.0889526542324255,-0.07473841554560545,-4.363376251788276,-4.157706093189962,13.649908117062818,13.812474915487597,13.999153085932136,14.459389758184695,002129.SZ
2012-09-20,13.2,0.5674460431654678,3,-0.012715033657441976,0.01058201058201047,-0.02144970414201175,-0.04519774011299438,-5.240488155061018,-1.8587360594795488,-5.444126074498579,-4.34782608695653,13.568106641233214,13.754143971155443,13.967813749228915,14.446858516809723,002129.SZ
2012-09-21,13.12,-0.025817555938037806,4,-0.0060606060606061,-0.012715033657441976,0.01058201058201047,-0.02144970414201175,-7.344632768361592,-4.442825928623462,-8.635097493036215,-3.529411764705881,13.486632706463537,13.693749307235878,13.934566151219938,14.433655944503158,002129.SZ
2012-09-24,13.15,-0.48704358068315656,0,0.0022865853658537993,-0.0060606060606061,-0.012715033657441976,0.01058201058201047,-2.736686390532539,-3.166421207658321,-9.807956104252401,-3.166421207658321,13.425426759833801,13.6419636589277,13.903798851172098,14.420883248537953,002129.SZ
2012-09-25,13.0,0.4328358208955223,1,-0.011406844106463865,0.0022865853658537993,-0.0060606060606061,-0.012715033657441976,-1.7384731670445963,-5.454545454545457,-4.059040590405905,-6.407487401007927,13.348076439864018,13.580824262839347,13.86835575896927,14.406745106761457,002129.SZ
2012-09-26,13.0,0.3862179487179487,2,0.0,-0.011406844106463865,0.0022865853658537993,-0.0060606060606061,-2.7673896783844354,-6.743185078909608,-2.840059790732441,-7.010014306151646,13.284789814434195,13.525507666378456,13.834302591950868,14.392747643012589,002129.SZ
2012-09-27,13.08,-0.2820809248554914,3,0.006153846153846176,0.0,-0.011406844106463865,0.0022865853658537993,-0.9090909090909038,-6.101938262742279,-2.750929368029731,-6.303724928366772,13.247555302718887,13.483078364818603,13.804722098148874,14.379685477410474,002129.SZ
2012-09-28,13.57,1.3510466988727856,4,0.03746177370030579,0.006153846153846176,0.0,-0.011406844106463865,3.429878048780499,-4.1666666666666625,-1.1653313911143437,-5.501392757660161,13.306181611315452,13.49135661578826,13.795517309986172,14.371628905495943,002129.SZ
2012-10-08,13.5,-0.42602739726027394,0,-0.005158437730287457,0.03746177370030579,0.006153846153846176,0.0,2.6615969581748944,-0.14792899408283544,-0.589101620029453,-7.4074074074074066,13.341421318349006,13.492179795236996,13.783928395869067,14.362955981063148,002129.SZ
2012-10-09,13.6,-0.1748210023866349,1,0.007407407407407307,-0.005158437730287457,0.03746177370030579,0.006153846153846176,4.615384615384621,2.7966742252456545,-1.090909090909098,0.36900369003689537,13.388435624103732,13.502448386166805,13.776715517599692,14.355364379261525,002129.SZ
2012-10-10,13.63,-0.07447577729573385,2,0.0022058823529411686,0.007407407407407307,-0.005158437730287457,0.03746177370030579,4.846153846153856,1.944652206432318,-2.223816355810604,1.86846038863977,13.432356419721234,13.514596158912823,13.770961967889901,14.348146823248973,002129.SZ
2012-10-11,13.4,0.34609374999999987,3,-0.01687454145267797,0.0022058823529411686,0.007407407407407307,-0.005158437730287457,2.4464831804281273,1.5151515151515138,-3.804737975592243,-0.3717472118959009,13.426473434317373,13.503682239016364,13.756414439737357,14.338712526500228,002129.SZ
2012-10-12,13.4,-0.4898432965757401,4,0.0,-0.01687454145267797,0.0022058823529411686,0.007407407407407307,-1.2527634487840777,2.1341463414634276,-5.36723163841808,-2.4034959941733436,13.421660082623305,13.493807740062426,13.742437402884912,14.329372103350972,002129.SZ
2012-10-15,13.08,0.21843003412969297,0,-0.023880597014925398,0.0,-0.01687454145267797,0.0022058823529411686,-3.111111111111109,-0.5323193916349833,-3.2544378698224796,-3.6818851251840923,13.359540067600886,13.454397479104099,13.716459465516877,14.31694054013355,002129.SZ
2012-10-16,13.07,0.10550887021475241,1,-0.000764525993883769,-0.023880597014925398,0.0,-0.01687454145267797,-3.897058823529409,0.5384615384615321,-1.2093726379440728,-4.945454545454542,13.30689641894618,13.417788195379899,13.69110811392798,14.304533171575008,002129.SZ
2012-10-17,13.1,-0.0016891891891891442,2,0.002295332823259333,-0.000764525993883769,-0.023880597014925398,0.0,-3.8884812912692635,0.7692307692307665,-2.0194465220643165,-6.025824964131998,13.26927888822869,13.387522652962765,13.667927403577863,14.29254776688272,002129.SZ
2012-10-18,13.11,0.058375634517766395,3,0.0007633587786259888,0.002295332823259333,-0.000764525993883769,-0.023880597014925398,-2.164179104477615,0.2293577981651307,-0.6818181818181834,-5.886575735821964,13.240319090368928,13.36109192410917,13.646047897555201,14.280781122436126,002129.SZ
2012-10-19,13.13,-0.2605915267785771,4,0.0015255530129671957,0.0007633587786259888,0.002295332823259333,-0.000764525993883769,-2.014925373134324,-3.2424465733234986,0.07621951219514145,-7.274011299435024,13.220261073938214,13.339083169432106,13.625810725102056,14.269330564003926,002129.SZ
2012-10-22,13.01,-0.10918918918918918,0,-0.009139375476009182,0.0015255530129671957,0.0007633587786259888,0.002295332823259333,-0.5351681957186605,-3.629629629629627,-1.0646387832699666,-3.7721893491124203,13.18203178776763,13.307741915200477,13.601661284901976,14.256799911625778,002129.SZ
2012-10-23,13.1,0.5109223300970873,1,0.006917755572636519,-0.009139375476009182,0.0015255530129671957,0.0007633587786259888,0.22953328232593329,-3.676470588235292,0.7692307692307665,-0.9826152683295564,13.167116917264423,13.287956970895669,13.581988293337194,14.24528946474393,002129.SZ
2012-10-24,13.07,0.49156626506024104,2,-0.0022900763358778553,0.006917755572636519,-0.009139375476009182,0.0015255530129671957,-0.22900763358778553,-4.1085840058694085,0.5384615384615321,-2.2438294689603566,13.149459295943618,13.267199164143701,13.56191032104946,14.233595042209165,002129.SZ
2012-10-25,13.06,0.5498115239633818,3,-0.0007651109410864443,-0.0022900763358778553,0.006917755572636519,-0.009139375476009182,-0.3813882532417878,-2.5373134328358193,-0.1529051987767538,-1.0606060606060508,13.133193969408415,13.24746591041573,13.542227563361246,14.221917479600119,002129.SZ
2012-10-26,13.18,-0.13863794301598342,4,0.009188361408882129,-0.0007651109410864443,-0.0022900763358778553,0.006917755572636519,0.38080731150036407,-1.6417910447761197,-2.8739867354458437,0.45731707317073766,13.141704156788702,13.241040585614233,13.528022560876492,14.211550141494646,002129.SZ
2012-10-29,13.16,-0.417910447761194,0,-0.0015174506828528056,0.009188361408882129,-0.0007651109410864443,-0.0022900763358778553,1.1529592621060791,0.6116207951070374,-2.51851851851852,0.07604562737641984,13.14503067373621,13.233322434603354,13.513590303587218,14.201086956007138,002129.SZ
2012-10-30,13.1,-0.07969507969507972,1,-0.00455927051671734,-0.0015174506828528056,0.009188361408882129,-0.0007651109410864443,0.0,0.22953328232593329,-3.676470588235292,0.7692307692307665,13.136843278511442,13.220625059879223,13.497371075995563,14.19013086689264,002129.SZ
2012-10-31,12.93,0.7379518072289155,2,-0.012977099236641254,-0.00455927051671734,-0.0015174506828528056,0.009188361408882129,-1.0711553175210442,-1.2977099236641254,-5.13573000733677,-0.5384615384615432,13.099235409691179,13.19294648274787,13.475121229878091,14.17759225130167,002129.SZ
2012-11-01,12.9,-0.02469670710571914,3,-0.002320185614849146,-0.012977099236641254,-0.00455927051671734,-0.0015174506828528056,-1.2251148545176171,-1.6018306636155555,-3.731343283582089,-1.3761467889908285,13.063010789747327,13.165046817724264,13.452567456157382,14.1648798905922,002129.SZ
2012-11-02,12.76,0.16392714349178128,4,-0.010852713178294615,-0.002320185614849146,-0.012977099236641254,-0.00455927051671734,-3.1866464339908918,-2.8179741051028273,-4.7761194029850795,-5.969049373618274,13.007917918884177,13.126470930321954,13.42540794807278,14.150900986208198,002129.SZ
2012-11-05,12.18,1.4618320610687023,0,-0.045454545454545414,-0.010852713178294615,-0.002320185614849146,-0.012977099236641254,-7.446808510638303,-6.379707916986932,-6.880733944954132,-9.777777777777786,12.857387388177962,13.036330841719863,13.376568420697378,14.13129003112155,002129.SZ
2012-11-06,12.09,-0.6300775193798449,1,-0.00738916256157629,-0.045454545454545414,-0.010852713178294615,-0.002320185614849146,-7.709923664122131,-7.709923664122131,-7.498087222647287,-11.102941176470582,12.71786240850924,12.9462040948894,13.326114757140619,14.110978687528302,002129.SZ
2012-11-07,12.09,-0.10477787091366308,2,0.0,-0.00738916256157629,-0.045454545454545414,-0.010852713178294615,-6.49651972157772,-7.498087222647287,-7.709923664122131,-11.298606016140866,12.603705606962105,12.864660847757076,13.277639668625302,14.090869446856379,002129.SZ
2012-11-08,11.84,0.22799625468164808,3,-0.02067824648469807,0.0,-0.00738916256157629,-0.045454545454545414,-8.217054263565892,-9.341500765696786,-9.687261632341727,-11.641791044776117,12.464850042059902,12.76707410035164,13.221261642404702,14.068472735942386,002129.SZ
2012-11-09,12.06,-0.06138009912314146,4,0.01858108108108114,-0.02067824648469807,0.0,-0.00738916256157629,-5.4858934169278895,-8.497723823975711,-8.149276466108146,-9.999999999999998,12.391240943503556,12.699733709841961,13.175721970153537,14.048487932599675,002129.SZ
2012-11-12,12.0,-0.2087733549959383,0,-0.004975124378109541,0.01858108108108114,-0.02067824648469807,0.0,-1.4778325123152691,-8.814589665653493,-7.763259031514213,-8.25688073394496,12.320106226502908,12.633092404142726,13.129615226225948,14.028104968096198,002129.SZ
2012-11-13,12.0,-0.024640657084188944,1,0.0,-0.004975124378109541,0.01858108108108114,-0.02067824648469807,-0.7444168734491274,-8.3969465648855,-8.3969465648855,-8.186687069625098,12.26190509441147,12.572797889462466,13.085316589903362,14.007924819159918,002129.SZ
2012-11-14,12.0,-0.4252631578947369,2,0.0,0.0,-0.004975124378109541,0.01858108108108114,-0.7444168734491274,-7.192575406032475,-8.186687069625098,-8.3969465648855,12.214285986336655,12.518245709513659,13.042755155005192,13.987945467725492,002129.SZ
2012-11-15,11.97,0.001831501831501825,3,-0.0024999999999999467,0.0,0.0,-0.004975124378109541,1.0979729729729826,-7.20930232558139,-8.346094946401228,-8.695652173913038,12.169870352457263,12.466031832417121,13.000686325397146,13.967866408345138,002129.SZ
2012-11-16,11.86,0.4396709323583181,4,-0.009189640768588192,-0.0024999999999999467,0.0,0.0,-1.6583747927031545,-7.053291536050155,-10.015174506828528,-9.67250571210968,12.113530288374124,12.408314515044061,12.955953528322748,13.946892613237228,002129.SZ
2012-11-19,11.95,-0.04380952380952374,0,0.007588532883642474,-0.009189640768588192,-0.0024999999999999467,0.0,-0.4166666666666763,-1.8883415435139606,-9.194528875379948,-8.14757878554958,12.083797508669736,12.364665513611293,12.916504370349308,13.927023034996063,002129.SZ
2012-11-20,11.98,-0.40172642762284205,1,0.002510460251046176,0.007588532883642474,-0.009189640768588192,-0.0024999999999999467,-0.1666666666666594,-0.9098428453267138,-8.549618320610685,-8.549618320610685,12.064925234366147,12.32803070279117,12.879778708766983,13.907649671463764,002129.SZ
2012-11-21,12.05,-0.123196448390677,2,0.005843071786310494,0.002510460251046176,0.007588532883642474,-0.009189640768588192,0.4166666666666652,-0.3308519437551616,-6.805877803557614,-7.804131599081865,12.062211555390483,12.30155158823963,12.84723836724671,13.889165595130791,002129.SZ
2012-11-22,11.98,-0.14050632911392413,3,-0.0058091286307053736,0.005843071786310494,0.002510460251046176,0.007588532883642474,0.08354218880535225,1.1824324324324342,-7.131782945736431,-8.26952526799387,12.04726399986494,12.270927627454903,12.813229019511546,13.870168922542426,002129.SZ
2012-11-23,12.05,0.6111929307805595,4,0.005843071786310494,-0.0058091286307053736,0.005843071786310494,0.002510460251046176,1.6020236087689765,-0.08291873963515162,-5.564263322884,-8.573596358118351,12.047761454434951,12.249886901030626,12.78329846972678,13.85205778898479,002129.SZ
2012-11-26,12.0,-0.43327239488117,0,-0.004149377593361092,0.005843071786310494,-0.0058091286307053736,0.005843071786310494,0.4184100418409997,0.0,-1.4778325123152691,-8.814589665653493,12.039077553628596,12.226088148551518,12.752580882678672,13.8336293532735,002129.SZ
2012-11-27,11.89,0.2451612903225806,1,-0.009166666666666656,-0.004149377593361092,0.005843071786310494,-0.0058091286307053736,-0.7512520868113493,-0.9166666666666656,-1.6542597187758412,-9.236641221374043,12.011972543877942,12.194079753451375,12.718754181397156,13.81428975771854,002129.SZ
2012-11-28,11.75,2.2875647668393784,2,-0.011774600504625754,-0.009166666666666656,-0.004149377593361092,0.005843071786310494,-2.4896265560165998,-2.083333333333337,-2.8122415219189456,-9.126063418406805,11.96434117226377,12.151786443598862,12.680763821342365,13.793749561124327,002129.SZ
2012-11-29,11.56,-0.5709219858156027,3,-0.016170212765957426,-0.011774600504625754,-0.009166666666666656,-0.004149377593361092,-3.5058430717863076,-3.42522974101922,-2.3648648648648574,-10.387596899224805,11.890824595488539,12.09542582992278,12.636812298936782,13.771523197332046,002129.SZ
2012-11-30,11.56,0.5224977043158858,4,0.0,-0.016170212765957426,-0.011774600504625754,-0.009166666666666656,-4.066390041493772,-2.529510961214154,-4.145936981757881,-9.404388714733535,11.830674669036076,12.044432893739657,12.594584365645144,13.749517991388442,002129.SZ
2012-12-03,11.48,0.07177322074788917,0,-0.00692041522491349,0.0,-0.016170212765957426,-0.011774600504625754,-4.333333333333334,-3.933054393305435,-4.333333333333334,-5.747126436781603,11.766915638302244,11.990677380050167,12.550875174835532,13.726935722817414,002129.SZ
2012-12-04,11.55,-0.24366910523353968,1,0.0060975609756097615,-0.00692041522491349,0.0,-0.016170212765957426,-2.8595458368376736,-3.5893155258764575,-3.749999999999998,-4.466501240694787,11.727476431338198,11.948708105759675,12.511625167979238,13.705274670849082,002129.SZ
2012-12-05,12.06,0.9635416666666667,2,0.04415584415584406,0.0060975609756097615,-0.00692041522491349,0.0,2.6382978723404227,0.08298755186721962,0.5000000000000115,-0.2481389578163684,11.78793526200398,11.959307333782561,12.493914377078092,13.688903778601828,002129.SZ
2012-12-06,11.88,-0.6733611216369837,3,-0.01492537313432829,0.04415584415584406,0.0060975609756097615,-0.00692041522491349,2.768166089965396,-0.8347245409014992,-0.7518796992481147,0.33783783783785104,11.804674305275983,11.951754254374698,12.469839303467188,13.670904736028676,002129.SZ
2012-12-07,11.83,0.7354988399071929,4,-0.004208754208754217,-0.01492537313432829,0.04415584415584406,0.0060975609756097615,2.3356401384083014,-1.8257261410788428,-0.2529510961214121,-1.9071310116086315,11.809278977043984,11.940158611100918,12.44474756607632,13.65258727596869,002129.SZ
2012-12-10,12.01,0.6256684491978608,0,0.015215553677092153,-0.004208754208754217,-0.01492537313432829,0.04415584415584406,4.616724738675959,0.08333333333332416,0.502092050209213,0.08333333333332416,11.845773708490531,11.94681017194845,12.427698641916464,13.636243123969003,002129.SZ
2012-12-11,12.18,0.2483552631578947,1,0.014154870940882525,0.015215553677092153,-0.004208754208754217,-0.01492537313432829,5.454545454545445,2.4390243902439046,1.6694490818029983,1.4999999999999902,11.906542125128617,11.969018727000979,12.417984969684447,13.62175314263598,002129.SZ
2012-12-12,12.2,-0.6426218708827405,2,0.0016420361247946325,0.014154870940882525,0.015215553677092153,-0.004208754208754217,1.1608623548921893,3.8297872340425476,1.2448132780082943,1.6666666666666607,11.95989810237796,11.991016943477076,12.409436539500744,13.607606345196817,002129.SZ
2012-12-13,12.5,1.6912442396313363,3,0.024590163934426368,0.0016420361247946325,0.014154870940882525,0.015215553677092153,5.218855218855212,8.131487889273359,4.340567612687818,4.42773600668338,12.058098447400148,12.039491520288783,12.412988047755617,13.596585386538143,002129.SZ
2012-12-14,12.74,0.022602739726027332,4,0.019200000000000106,0.024590163934426368,0.0016420361247946325,0.014154870940882525,7.692307692307687,10.207612456747395,5.726141078838176,7.4198988195615545,12.182080547872848,12.106206613594612,12.425812045882848,13.588062148861146,002129.SZ
2012-12-17,12.68,-0.5150703281982585,0,-0.004709576138147598,0.019200000000000106,0.024590163934426368,0.0016420361247946325,5.578684429641956,10.45296167247387,5.666666666666664,6.108786610878658,12.272611357350513,12.160853602776077,12.435780200946267,13.579026704593872,002129.SZ
2012-12-18,12.25,1.4799723756906076,1,-0.03391167192429023,-0.004709576138147598,0.019200000000000106,0.024590163934426368,0.5747126436781658,6.060606060606055,3.027754415475181,2.2537562604340478,12.268500201468601,12.169343735845022,12.428494702869942,13.565802558279506,002129.SZ
2012-12-21,12.1,-0.4021782178217822,4,0.01766190075693852,-0.029387755102040725,0.0,-0.03391167192429023,-5.023547880690737,2.282333051563823,4.671280276816603,0.4149377593360981,12.17930627112743,12.144957205934672,12.388861699481692,13.521875412297062,002129.SZ
2012-12-24,11.85,0.18416694269625689,0,-0.02066115702479343,0.01766190075693852,-0.029387755102040725,0.0,-6.545741324921139,-1.3322231473771873,3.2229965156794327,-1.2500000000000067,12.119432403649714,12.116866043464702,12.36772986812947,13.505239836055301,002129.SZ
2012-12-25,12.02,0.5630769230769233,1,0.014345991561181437,-0.02066115702479343,0.01766190075693852,-0.029387755102040725,-1.8775510204081636,-1.3136288998357948,4.069264069264067,1.0933557611437994,12.101353784804312,12.107640705991875,12.354093402712627,13.490461330223907,002129.SZ
2012-12-26,12.36,-0.015748031496063075,2,0.028286189683860208,0.014345991561181437,-0.02066115702479343,0.01766190075693852,0.897959183673458,1.3114754098360715,2.487562189054726,5.1914893617021285,12.148380369385347,12.13167492446884,12.354325033978798,13.479212958778893,002129.SZ
2012-12-27,12.24,-0.4536363636363636,3,-0.009708737864077555,0.028286189683860208,0.014345991561181437,-0.02066115702479343,2.9436501261564274,-2.079999999999993,3.0303030303030276,5.882352941176472,12.165038484042555,12.14199159832895,12.349841699312963,13.466882481577112,002129.SZ
2012-12-28,12.28,-0.15207986688851916,4,0.0032679738562091387,-0.009708737864077555,0.028286189683860208,0.014345991561181437,1.4876033057851235,-3.6106750392464693,3.8038884192730382,6.22837370242213,12.185940577852998,12.155135255630954,12.347102809143829,13.455072705641022,002129.SZ
2012-12-31,12.75,1.1660125588697015,0,0.03827361563517928,0.0032679738562091387,-0.009708737864077555,0.028286189683860208,7.594936708860756,0.5520504731861164,6.16153205661949,11.062717770034848,12.28849683642518,12.211789040808958,12.362902698981326,13.448057056828675,002129.SZ
2013-01-04,13.6,0.690161261098025,4,0.06666666666666665,0.03827361563517928,0.0032679738562091387,-0.009708737864077555,13.144758735440941,11.020408163265305,11.65845648604269,17.748917748917737,12.526951957075147,12.343999608350963,12.411416318629117,13.449568926909983,002129.SZ
2013-01-07,13.97,-0.2807675814751286,0,0.027205882352941302,0.06666666666666665,0.03827361563517928,0.0032679738562091387,13.02588996763756,14.040816326530624,14.508196721311496,15.837479270315091,12.789324328516027,12.498856788508014,12.472537247310328,13.454747345547695,002129.SZ
2013-01-08,13.62,-0.25517960947980334,1,-0.025053686471009362,0.027205882352941302,0.06666666666666665,0.03827361563517928,11.27450980392155,14.55004205214465,8.95999999999999,14.64646464646464,12.94035626878584,12.605632332459631,12.517535786631491,13.456391650567122,002129.SZ
2013-01-09,13.7,0.3269961977186313,2,0.005873715124816492,-0.025053686471009362,0.027205882352941302,0.06666666666666665,11.56351791530945,13.223140495867769,7.5353218210360895,15.807269653423495,13.078473310824776,12.709857824606335,12.563906932253786,13.45881561424307,002129.SZ
2013-01-10,13.75,-0.4640325742723571,3,0.0036496350364965124,0.005873715124816492,-0.025053686471009362,0.027205882352941302,7.843137254901955,16.03375527426161,8.438485804416395,14.487926727726897,13.200569072492998,12.808918984167637,12.610420385890894,13.46171297131528,002129.SZ
2013-01-11,13.24,0.06274620146314014,4,-0.03709090909090906,0.0036496350364965124,0.005873715124816492,-0.025053686471009362,-2.6470588235294024,10.14975041597339,8.081632653061233,8.70279146141215,13.207738332039725,12.849974319008814,12.635109782522624,13.459506872098212,002129.SZ
2013-01-14,13.93,0.6309240137675403,0,0.05211480362537757,-0.03709090909090906,0.0036496350364965124,0.005873715124816492,-0.28632784538297207,12.702265372168299,13.714285714285701,14.18032786885246,13.339058635305229,12.952833907674641,12.68588979105115,13.464188395758928,002129.SZ
2013-01-15,14.06,0.04301948051948057,1,0.00933237616654714,0.05211480362537757,-0.03709090909090906,0.0036496350364965124,3.2305433186490484,14.869281045751626,18.250630782169885,12.480000000000002,13.47013888343155,13.058278297419914,12.739776465911888,13.47011686943297,002129.SZ
2013-01-16,13.95,-0.37789883268482494,2,-0.007823613086771042,0.00933237616654714,0.05211480362537757,-0.03709090909090906,1.8248175182481674,13.59934853420195,15.289256198347111,9.497645211930926,13.557386359171268,13.143204173856114,12.787236212346716,13.474891825956025,002129.SZ
2013-01-17,13.79,-0.2434325744308231,3,-0.011469534050179253,-0.007823613086771042,0.00933237616654714,0.05211480362537757,0.290909090909075,8.156862745098037,16.371308016877627,8.753943217665604,13.599679748412855,13.204803776346008,12.826560282450767,13.47802723067288,002129.SZ
2013-01-18,13.8,0.4100529100529102,4,0.0007251631617115617,-0.011469534050179253,-0.007823613086771042,0.00933237616654714,4.229607250755296,1.4705882352941346,14.808652246256248,12.653061224489793,13.636101612337791,13.261489130979722,12.864734389021326,13.481230939820415,002129.SZ
2013-01-21,14.0,-0.0445590994371482,0,0.014492753623188248,0.0007251631617115617,-0.011469534050179253,-0.007823613086771042,0.5025125628140614,0.21474588403722628,13.268608414239491,14.28571428571428,13.7022649555491,13.331823499457844,12.909254609059705,13.486392821016233,002129.SZ
2013-01-22,13.46,0.30535100638193424,1,-0.03857142857142848,0.014492753623188248,0.0007251631617115617,-0.011469534050179253,-4.267425320056894,-1.1747430249632762,9.967320261437917,13.204373423044569,13.6582167818129,13.344030785223763,12.930852467527952,13.486130205881745,002129.SZ
2013-01-23,13.49,-0.44283565250094026,2,0.0022288261515601704,-0.03857142857142848,0.014492753623188248,0.0007251631617115617,-3.2974910394265144,-1.532846715328462,9.853420195439755,11.487603305785132,13.627631912392372,13.357932615202452,12.952779821742542,13.486168711295857,002129.SZ
2013-01-24,13.5,0.04286196422544708,3,0.000741289844329085,0.0022288261515601704,-0.03857142857142848,0.014492753623188248,-2.102973168963007,-1.8181818181818188,5.882352941176472,13.924050632911399,13.604426110139213,13.371462842326029,12.974239436576168,13.486306336059084,002129.SZ
2013-01-25,13.3,-0.37216828478964403,4,-0.014814814814814725,0.000741289844329085,0.0022288261515601704,-0.03857142857142848,-3.6231884057971064,0.45317220543807935,-2.2058823529411686,10.648918469217982,13.54907590829572,13.364656857342599,12.987014360632005,13.484452541670437,002129.SZ
2013-01-28,13.38,1.0340206185567014,0,0.006015037593984918,-0.014814814814814725,0.000741289844329085,0.0022288261515601704,-4.428571428571426,-3.948312993539116,-4.2233357193987136,8.252427184466038,13.518334834060134,13.366118109024256,13.002425562175848,13.483413212897597,002129.SZ
2013-01-29,13.37,-0.3958438925494171,1,-0.0007473841554560545,0.006015037593984918,-0.014814814814814725,0.000741289844329085,-0.6686478454680622,-4.90753911806544,-1.8355359765051427,9.23202614379084,13.491364864231016,13.366487812926708,13.016840246012089,13.482284723217024,002129.SZ
2013-01-30,13.64,0.9463087248322146,2,0.020194465220643387,-0.0007473841554560545,0.006015037593984918,-0.014814814814814725,1.111934766493694,-2.2222222222222143,-0.4379562043795526,11.07491856677525,13.518389434370832,13.392536592647973,13.04127788342338,13.48385402945367,002129.SZ
2013-01-31,13.52,0.17780172413793105,3,-0.008797653958944385,0.020194465220643387,-0.0007473841554560545,0.006015037593984918,0.1481481481481417,-1.9579405366207392,-1.6727272727272813,6.039215686274502,13.518682264485225,13.404675964776738,13.060051299759717,13.484213690852142,002129.SZ
2013-02-01,13.39,-0.22049405306495873,4,-0.009615384615384581,-0.008797653958944385,0.020194465220643387,-0.0007473841554560545,0.6766917293232977,-2.971014492753621,1.1329305135951762,-1.544117647058818,13.495285489124274,13.403278253845619,13.072990464475023,13.483276241191923,002129.SZ
2013-02-04,13.39,-0.3328638497652582,0,0.0,-0.009615384615384581,-0.008797653958944385,0.020194465220643387,0.07473841554559435,-4.357142857142849,-3.876525484565685,-4.151753758052967,13.47614267291986,13.402013658241273,13.085422210966199,13.48234811938902,002129.SZ
2013-02-05,13.39,-0.3719211822660098,1,0.0,0.0,-0.009615384615384581,-0.008797653958944385,0.14958863126404154,-0.5200594353640398,-4.765291607396871,-1.6886930983847193,13.460480368752613,13.400869500313533,13.097366437987132,13.481429232628932,002129.SZ
2013-02-06,13.42,1.729411764705882,2,0.0022404779686333587,0.0,0.0,-0.009615384615384581,-1.6129032258064613,-0.5189028910303928,-3.7992831541218575,-2.0437956204379493,13.453120301706681,13.402691452664625,13.110018734536656,13.48081799648337,002129.SZ
2013-02-07,13.4,-0.5036945812807881,3,-0.0014903129657227732,0.0022404779686333587,0.0,0.0,-0.8875739644970349,-0.7407407407407418,-2.828136330674391,-2.5454545454545396,13.443462065032737,13.402435123839421,13.121390548868552,13.480013837314383,002129.SZ
2013-02-08,13.45,-0.05169561621174523,4,0.003731343283581934,-0.0014903129657227732,0.0022404779686333587,0.0,0.44809559372664953,1.1278195488721776,-2.5362318840579823,1.5861027190332333,13.444650780481329,13.406965112045189,13.134277194010963,13.479715192166976,002129.SZ
2013-02-18,13.73,1.5752289576973397,0,0.020817843866171026,0.003731343283581934,-0.0014903129657227732,0.0022404779686333587,2.5392083644510732,2.615844544095669,-1.928571428571424,-1.4357501794687644,13.49653245675745,13.437730339469455,13.1576388726772,13.482205588264819,002129.SZ
2013-02-19,14.0,0.16951735817104163,1,0.01966496722505462,0.020817843866171026,0.003731343283581934,-0.0014903129657227732,4.555638536221052,4.712041884816753,4.011887072808307,-0.42674253200569723,13.588072010074276,13.491279830948555,13.190672642376134,13.487357771466165,002129.SZ
2013-02-20,14.49,0.4533738777874312,2,0.03499999999999992,0.01966496722505462,0.020817843866171026,0.003731343283581934,7.973174366616997,6.231671554252194,7.412898443291316,3.8709677419354938,13.752058917333498,13.586396037524882,13.2416266564006,13.497334311053567,002129.SZ
2013-02-21,14.4,-0.3825844375809505,3,-0.006211180124223614,0.03499999999999992,0.01966496722505462,0.020817843866171026,7.462686567164178,6.5088757396449815,6.666666666666665,4.4234952864394605,13.869866386909226,13.66388212918918,13.28705306203195,13.506316059202288,002129.SZ
2013-02-22,14.21,-0.44118121671776656,4,-0.013194444444444398,-0.006211180124223614,0.03499999999999992,0.01966496722505462,5.650557620817853,6.1239731142643805,6.842105263157894,2.971014492753632,13.93170886201664,13.715893354980686,13.323247059599323,13.513317889458982,002129.SZ
2013-02-25,14.22,0.2555587640773893,0,0.0007037297677692234,-0.013194444444444398,-0.006211180124223614,0.03499999999999992,3.5688273852876984,6.198655713218826,6.278026905829592,1.5714285714285792,13.984125432559068,13.763903511649191,13.358413841575821,13.520349552250435,002129.SZ
2013-02-26,13.7,-0.17732290708371656,1,-0.0365682137834038,0.0007037297677692234,-0.013194444444444398,-0.006211180124223614,-2.1428571428571463,2.3151605675877374,2.4682124158563967,1.7830609212481363,13.932466263002873,13.757817462920698,13.371809377200298,13.52213711889471,002129.SZ
2013-02-27,13.77,-0.09001956947162437,2,0.005109489051094984,-0.0365682137834038,0.0007037297677692234,-0.013194444444444398,-4.968944099378891,2.608047690014903,0.9530791788856297,2.075611564121571,13.902926942456896,13.758977704547299,13.387424695741462,13.52460341621914,002129.SZ
2013-02-28,14.2,0.6341013824884794,3,0.031227305737109745,0.005109489051094984,-0.0365682137834038,0.0007037297677692234,-1.388888888888895,5.970149253731338,5.02958579881656,5.185185185185182,13.95694022564655,13.800979827923747,13.41929039394768,13.53132378023686,002129.SZ
2013-03-01,14.23,-0.4702011656326377,4,0.0021126760563381364,0.031227305737109745,0.005109489051094984,-0.0365682137834038,0.14074595355382247,5.799256505576222,6.273338312173271,6.992481203007506,14.006587457347177,13.841838891931008,13.45108292751836,13.53827578242356,002129.SZ
2013-03-04,14.0,0.23740241305890697,0,-0.016163035839775186,0.0021126760563381364,0.031227305737109745,0.005109489051094984,-1.5471167369901617,1.966496722505462,4.555638536221052,4.6337817638266054,14.005389737829507,13.856901854604246,13.472609087223523,13.542870053245217,002129.SZ
2013-03-05,13.96,-0.16518497275595068,1,-0.0028571428571427804,-0.016163035839775186,0.0021126760563381364,0.031227305737109745,1.8978102189781243,-0.28571428571427804,4.256908140403293,4.412864622288715,13.997137058224142,13.866720725594318,13.491722456352012,13.547020599979096,002129.SZ
2013-03-06,14.64,2.157334249398832,2,0.04871060171919761,-0.0028571428571427804,-0.016163035839775186,0.0021126760563381364,6.318082788671031,1.0351966873705987,9.090909090909104,7.331378299120228,14.114021229456116,13.940366370775813,13.536752948259776,13.557896016894727,002129.SZ
2013-03-07,14.37,-0.31356762049831355,3,-0.018442622950819776,0.04871060171919761,-0.0028571428571427804,-0.016163035839775186,1.1971830985915588,-0.2083333333333437,7.2388059701492535,6.286982248520712,14.160562824100458,13.981283859273354,13.569429303229981,13.565976653542542,002129.SZ
2013-03-08,14.14,-0.11602472658107466,4,-0.016005567153792533,-0.018442622950819776,0.04871060171919761,-0.0028571428571427804,-0.6324666198172846,-0.49261083743842304,5.130111524163583,5.6011949215832635,14.156824128809465,13.996399682199701,13.591804624671942,13.571688328631671,002129.SZ
2013-03-11,13.67,-0.1267706652322037,0,-0.03323903818953333,-0.016005567153792533,-0.018442622950819776,0.04871060171919761,-2.3571428571428577,-3.8677918424753877,-0.43699927166788166,2.0911127707244237,14.068310650844108,13.965313998180683,13.594871109978925,13.572666554217426,002129.SZ
2013-03-12,13.68,-0.3141683778234087,1,0.000731528895391298,-0.03323903818953333,-0.016005567153792533,-0.018442622950819776,-2.005730659025795,-0.14598540145984717,-2.285714285714291,2.165795369678869,13.997708714326997,13.938141236449189,13.59820949782289,13.573734548702825,002129.SZ
2013-03-13,13.56,-0.32904191616766465,2,-0.00877192982456132,0.000731528895391298,-0.03323903818953333,-0.016005567153792533,-7.377049180327866,-1.525054466230935,-6.418219461697716,1.0432190760059745,13.918125311722086,13.90212778535879,13.59671108614356,13.573597886526677,002129.SZ
2013-03-14,13.46,-0.42079428826416776,3,-0.007374631268436516,-0.00877192982456132,0.000731528895391298,-0.03323903818953333,-6.332637439109245,-5.211267605633796,-6.527777777777777,0.4477611940298498,13.834829800499888,13.860020377229382,13.591349867079106,13.572467559297557,002129.SZ
2013-03-15,13.46,0.9499229583975346,4,0.0,-0.007374631268436516,-0.00877192982456132,0.000731528895391298,-4.809052333804809,-5.411103302881237,-5.27797325826882,0.07434944237918462,13.766678927681726,13.821923198445631,13.586198891899533,13.571348479105543,002129.SZ
2013-03-18,13.3,-0.44290794152508883,0,-0.011887072808320909,0.0,-0.007374631268436516,-0.00877192982456132,-2.7066569129480578,-4.999999999999993,-6.469760900140642,-3.1318281136198056,13.681828213557775,13.772216227165096,13.57497540594269,13.568648494238822,002129.SZ
2013-03-19,13.5,1.1460992907801422,1,0.015037593984962294,-0.011887072808320909,0.0,-0.007374631268436516,-1.3157894736842035,-3.2951289398280847,-1.4598540145985384,-3.57142857142857,13.648768538365452,13.74629087219699,13.572035193944938,13.567965424644408,002129.SZ
2013-03-22,13.51,-0.4819393471122272,4,-0.01888162672476401,0.020000000000000018,0.0,0.015037593984962294,0.3714710252600284,-4.455445544554459,-5.059732958538299,-4.926108374384242,13.623465262560792,13.706628775769264,13.574453630447021,13.568716063932621,002129.SZ
2013-03-25,13.05,1.5458612975391497,0,-0.034048852701702326,-0.01888162672476401,0.020000000000000018,0.0,-1.8796992481203034,-4.535479151426481,-6.785714285714284,-8.227848101265822,13.519198851186102,13.644092701886478,13.553886821409883,13.563554710062645,002129.SZ
2013-03-26,13.28,-0.03529584065612179,1,0.017624521072796773,-0.034048852701702326,-0.01888162672476401,0.020000000000000018,-1.6296296296296364,-2.92397660818714,-4.871060171919783,-3.065693430656935,13.475708150970446,13.609417206468718,13.543146161746751,13.560733270161524,002129.SZ
2013-03-27,13.1,-0.33292849552148174,2,-0.013554216867469826,0.017624521072796773,-0.034048852701702326,-0.01888162672476401,-2.9629629629629672,-3.392330383480835,-10.519125683060116,-4.865649963689178,13.407397578066728,13.560901282043126,13.525767880893937,13.55614885951315,002129.SZ
2013-03-28,13.0,-0.17364588074647236,3,-0.007633587786259555,-0.013554216867469826,0.017624521072796773,-0.034048852701702326,-5.591866376180099,-3.4175334323922835,-9.533750869867774,-8.450704225352112,13.333325291145504,13.507482112324734,13.505149532623587,13.550615040015508,002129.SZ
2013-03-29,12.78,-0.15422748554117327,4,-0.01692307692307693,-0.007633587786259555,-0.013554216867469826,0.017624521072796773,-5.403404885270168,-5.05200594353642,-9.618104667609629,-10.18973998594519,13.232720692755413,13.43819810162714,13.476712296050115,13.542947228672071,002129.SZ
2013-04-01,12.58,-0.04102898078801698,0,-0.015649452269170472,-0.01692307692307693,-0.007633587786259555,-0.013554216867469826,-3.6015325670498144,-5.41353383458647,-7.973664959765914,-10.142857142857142,13.114044203163518,13.356464949091222,13.44154710796972,13.533365664207674,002129.SZ
2013-04-02,12.59,-0.4156196943972835,1,0.0007949125596184992,-0.015649452269170472,-0.01692307692307693,-0.007633587786259555,-5.195783132530119,-6.740740740740748,-7.967836257309946,-9.8137535816619,13.018763438951968,13.28346828727301,13.408153103735614,13.523978941180733,002129.SZ
2013-04-03,12.51,-0.33468913422428825,2,-0.006354249404289081,0.0007949125596184992,-0.015649452269170472,-0.01692307692307693,-4.503816793893134,-7.333333333333336,-7.743362831858414,-14.54918032786886,12.926260995506155,13.209804640866057,13.372931413393042,13.513889598482418,002129.SZ
2013-04-08,12.14,1.0262008733624457,0,-0.029576338928856805,-0.006354249404289081,0.0007949125596184992,-0.015649452269170472,-6.615384615384611,-11.837327523602026,-9.806835066864783,-15.51844119693806,12.783304450868672,13.1079184845931,13.324581161887433,13.500219055213938,002129.SZ
2013-04-09,12.59,0.9224137931034484,1,0.037067545304777516,-0.029576338928856805,-0.006354249404289081,0.0007949125596184992,-1.4866979655712043,-6.809770540340487,-6.463595839524528,-10.96181046676097,12.748158187074367,13.058592914631852,13.295774057499692,13.49116214919191,002129.SZ
2013-04-10,12.42,-0.33587443946188345,2,-0.013502779984114421,0.037067545304777516,-0.029576338928856805,-0.006354249404289081,-1.2718600953895098,-4.827586206896561,-6.6165413533834645,-9.144111192392101,12.688493062151753,12.997774541809772,13.26142997681343,13.480503819349204,002129.SZ
2013-04-11,12.17,-0.4939230249831196,3,-0.020128824476650542,-0.013502779984114421,0.037067545304777516,-0.029576338928856805,-3.3359809372517812,-8.358433734939752,-9.851851851851857,-11.038011695906436,12.59422159630598,12.918938871161222,13.218628801252118,13.467463980350704,002129.SZ
2013-04-12,12.18,-0.27885256837891925,4,0.0008216926869351049,-0.020128824476650542,-0.013502779984114421,0.037067545304777516,-2.6378896882494063,-7.022900763358775,-9.777777777777786,-10.176991150442483,12.5189085787958,12.84856374057444,13.177898260026545,13.454653393481545,002129.SZ
2013-04-15,12.15,-0.10453283996299734,0,-0.0024630541871920597,0.0008216926869351049,-0.020128824476650542,-0.013502779984114421,0.08237232289949326,-6.538461538461537,-11.764705882352933,-9.732540861812778,12.451834291742017,12.78203386051973,13.13758852433923,13.441671767675759,002129.SZ
2013-04-16,12.12,0.37396694214876036,1,-0.0024691358024692134,-0.0024630541871920597,0.0008216926869351049,-0.020128824476650542,-3.733121525019867,-5.164319248826288,-10.28867505551444,-9.955423476968805,12.391500784152559,12.71898301666071,13.097683092012202,13.428520804813314,002129.SZ
2013-04-17,12.02,0.19323308270676676,2,-0.008250825082508184,-0.0024691358024692134,-0.0024630541871920597,0.0008216926869351049,-3.2206119162640934,-4.451510333863284,-7.892720306513423,-9.624060150375946,12.323955187033912,12.652413205550166,13.055421009972507,13.414505672427113,002129.SZ
2013-04-18,12.01,-0.295526149968494,3,-0.0008319467554076532,-0.008250825082508184,-0.0024691358024692134,-0.0024630541871920597,-1.3147082990961345,-4.606830818109609,-9.56325301204819,-11.037037037037035,12.266872425755018,12.59123099549777,13.014424107620645,13.400530491606943,002129.SZ
2013-04-19,12.28,1.1216457960644006,4,0.02248126561198993,-0.0008319467554076532,-0.008250825082508184,-0.0024691358024692134,0.8210180623973606,-1.8385291766586764,-6.259541984732831,-9.037037037037043,12.269259257435923,12.561589948307507,12.985623162223758,13.389380934476527,002129.SZ
2013-04-22,12.21,-0.3621416526138279,0,-0.005700325732898914,0.02248126561198993,-0.0008319467554076532,-0.008250825082508184,0.49382716049382047,0.5766062602965416,-6.076923076923069,-11.328976034858373,12.258484846993028,12.528105191325839,12.955206567626748,13.377645800800144,002129.SZ
2013-04-23,11.65,2.929279576999339,1,-0.04586404586404591,-0.005700325732898914,0.02248126561198993,-0.0008319467554076532,-3.8778877887788665,-7.4662430500397114,-8.841940532081372,-13.76757957068837,12.14785123844884,12.444476125485282,12.904021996347268,13.360455295319545,002129.SZ
2013-04-24,11.73,-0.6745164003364171,2,0.006866952789699621,-0.04586404586404591,-0.005700325732898914,0.02248126561198993,-2.412645590682194,-5.5555555555555465,-6.756756756756754,-10.114942528735638,12.071878286003596,12.37643078020097,12.85798191805914,13.344231859545221,002129.SZ
2013-04-25,11.66,-0.21033591731266155,3,-0.0059676044330776445,0.006866952789699621,-0.04586404586404591,-0.005700325732898914,-2.9142381348875923,-4.1906327033689355,-7.3868149324860966,-12.198795180722888,11.996991324912031,12.308199277324686,12.811002234997998,13.327473333579599,002129.SZ
2013-04-26,11.62,-0.34162303664921456,4,-0.0034305317324185847,-0.0059676044330776445,0.006866952789699621,-0.04586404586404591,-5.374592833876224,-4.597701149425292,-7.114308553157478,-11.297709923664122,11.928447447655298,12.242656489008048,12.764296264998077,13.310483549165872,002129.SZ
2013-05-02,11.7,0.27634194831013903,3,0.0068846815834768815,-0.0034305317324185847,-0.0059676044330776445,0.006866952789699621,-4.176904176904195,-3.703703703703709,-3.6243822075782695,-10.000000000000009,11.886911548081606,12.19097491862633,12.72255915656678,13.294458837233874,002129.SZ
2013-05-03,12.2,3.1448598130841123,4,0.042735042735042805,0.0068846815834768815,-0.0034305317324185847,-0.0059676044330776445,4.721030042918439,0.660066006600668,-3.0976965845909477,-4.538341158059467,11.943836721157679,12.191834450185727,12.702066640622984,13.283568699549956,002129.SZ
2013-05-06,12.34,-0.2735813603908306,0,0.011475409836065653,0.042735042735042805,0.0068846815834768815,-0.0034305317324185847,5.200341005967601,2.66222961730449,-0.6441223832528209,-1.9077901430842648,12.01586640821992,12.205945454929942,12.687867948833848,13.274179956270853,002129.SZ
2013-05-07,12.27,-0.12726332126228646,1,-0.005672609400324213,0.011475409836065653,0.042735042735042805,0.0068846815834768815,5.231560891938236,2.164862614487917,0.8216926869350827,-2.5416997617156545,12.062072515816297,12.212045887793758,12.671480970448206,13.26418811590995,002129.SZ
2013-05-08,12.45,0.48399525785417885,2,0.014669926650366705,-0.005672609400324213,0.011475409836065653,0.042735042735042805,7.14285714285714,1.384364820846895,2.2167487684729092,-0.47961630695444457,12.132604785667878,12.234708184194352,12.662795442195335,13.25608674162229,002129.SZ
2013-05-09,12.22,-0.4587577391651687,3,-0.01847389558232926,0.014669926650366705,-0.005672609400324213,0.011475409836065653,4.444444444444451,0.08190008190007703,0.576131687242798,0.6589785831960571,12.148494824637355,12.23330740474727,12.64543091505042,13.245777420810128,002129.SZ
2013-05-10,12.24,0.10147601476014767,4,0.0016366612111291534,-0.01847389558232926,0.014669926650366705,-0.005672609400324213,0.3278688524590345,5.0643776824034425,0.990099009900991,-2.779984114376488,12.165132129248743,12.23394479477134,12.629531663479817,13.23576968527968,002129.SZ
2013-05-13,12.76,1.4586264656616414,0,0.042483660130719025,0.0016366612111291534,-0.01847389558232926,0.014669926650366705,3.4035656401944836,8.780903665814144,6.1564059900166335,2.7375201288244666,12.27328992393079,12.284045290507404,12.634648068833549,13.23103565856048,002129.SZ
2013-05-14,13.68,1.0258890857064995,1,0.07210031347962387,0.042483660130719025,0.0016366612111291534,-0.01847389558232926,11.49144254278729,17.324185248713555,13.905079100749385,12.407559572719794,12.529055392307008,12.416993358078127,12.675642262212627,13.235502965440476,002129.SZ
2013-05-15,13.84,-0.51439332795265,2,0.011695906432748648,0.07210031347962387,0.042483660130719025,0.0016366612111291534,11.16465863453815,19.10499139414803,12.703583061889256,13.628899835796382,12.767408957342095,12.552517800165923,12.721303349968995,13.241517861306741,002129.SZ
2013-05-16,14.13,0.8102493074792241,3,0.02095375722543369,0.011695906432748648,0.07210031347962387,0.042483660130719025,15.630114566284782,20.769230769230784,15.724815724815722,16.296296296296298,13.015152783279895,12.702754200150121,12.776546355852565,13.250358479602196,002129.SZ
2013-05-17,14.55,-0.21690895179801073,4,0.02972399150743099,0.02095375722543369,0.011695906432748648,0.07210031347962387,18.872549019607842,19.262295081967217,24.892703862660937,20.049504950495066,13.294215913592641,12.878682371564397,12.846093557583837,13.263290236024066,002129.SZ
2013-05-20,16.01,1.1489008304836346,0,0.10034364261168394,0.02972399150743099,0.02095375722543369,0.011695906432748648,25.470219435736684,29.740680713128054,36.487638533674335,33.1946755407654,13.787994838393978,13.176903098082073,12.97016832003153,13.290620681436762,002129.SZ
2013-05-21,16.8,0.6662271528598711,1,0.049344159900062357,0.10034364261168394,0.02972399150743099,0.02095375722543369,22.807017543859654,36.91931540342299,44.082332761578044,39.883430474604495,14.335632140504163,13.521959945883781,13.120357797677352,13.325539878636397,002129.SZ
2013-05-22,16.53,-0.46096542691079767,2,-0.016071428571428514,0.049344159900062357,0.10034364261168394,0.02972399150743099,19.436416184971115,32.77108433734941,42.254733218588655,34.60912052117266,14.734608114957952,13.808439951037707,13.254069256591967,13.35742505397335,002129.SZ
2013-05-23,17.01,-0.03057608585602911,3,0.029038112522685955,-0.016071428571428514,0.049344159900062357,0.10034364261168394,20.382165605095537,39.19803600654666,45.3846153846154,39.3120393120393,15.148315730420142,14.11335043189126,13.401360658294244,13.393769083287049,002129.SZ
2013-05-24,18.1,0.050809399477806716,4,0.06407995296884184,0.029038112522685955,-0.016071428571428514,0.049344159900062357,24.398625429553267,47.875816993464056,48.36065573770494,55.3648068669528,15.68498559761648,14.493031343139712,13.585621024635646,13.440597251612552,002129.SZ
2013-05-27,18.36,-0.2080206728618993,0,0.014364640883977708,0.06407995296884184,0.029038112522685955,-0.016071428571428514,14.678326046221102,43.88714733542321,48.78444084278768,56.52173913043477,16.1713518525953,14.861314072364502,13.77285157268915,13.489546532691035,002129.SZ
2013-05-28,17.62,-0.27696555186045047,1,-0.04030501089324612,0.014364640883977708,0.06407995296884184,0.029038112522685955,4.880952380952386,28.801169590643294,43.602281988590065,51.114922813036024,16.4347424248507,15.124046065472646,13.923720138466047,13.530645572166748,002129.SZ
2013-05-29,17.92,-0.21912696346437555,2,0.017026106696935273,-0.04030501089324612,0.014364640883977708,0.06407995296884184,8.408953418027831,29.47976878612719,43.93574297188758,54.216867469879546,16.704789256696028,15.390327392570489,14.080436995781104,13.5743207406029,002129.SZ
2013-05-30,18.15,0.34463214047566115,3,0.012834821428571175,0.017026106696935273,-0.04030501089324612,0.014364640883977708,6.701940035273357,28.450106157112522,48.5270049099836,55.12820512820513,16.967554846387657,15.653153355182823,14.240027701828904,13.619849887462573,002129.SZ
2013-05-31,18.05,-0.32217538639556986,4,-0.0055096418732780705,0.012834821428571175,0.017026106696935273,-0.04030501089324612,-0.2762430939226568,24.05498281786942,47.46732026143792,47.950819672131175,17.164363056135354,15.88142446421303,14.389438380188555,13.663930983109712,002129.SZ
2013-06-03,16.89,0.5443238629435434,0,-0.06426592797783937,-0.0055096418732780705,0.012834821428571175,0.017026106696935273,-8.006535947712411,5.496564647095559,32.36677115987461,36.87196110210698,17.114478864110744,15.977479277145122,14.487499620181161,13.6960311723325,002129.SZ
2013-06-04,17.25,-0.19328859060402692,1,0.02131438721136769,-0.06426592797783937,-0.0055096418732780705,0.012834821428571175,-2.0998864926220273,2.678571428571419,26.096491228070185,40.58679706601467,17.139119070636063,16.098671726940825,14.59583296840935,13.73139404623964,002129.SZ
2013-06-05,17.36,-0.4377018694332975,2,0.006376811594202891,0.02131438721136769,-0.06426592797783937,-0.0055096418732780705,-3.125000000000011,5.021173623714459,25.43352601156068,39.43775100401608,17.179279239611326,16.218798229136937,14.704231675530554,13.767499578117853,002129.SZ
2013-06-06,17.05,-0.3098346388163621,3,-0.017857142857142794,0.006376811594202891,0.02131438721136769,-0.06426592797783937,-6.060606060606045,0.23515579071133885,20.66525123849965,39.52536824877251,17.155773923318357,16.297960302552468,14.79622259021563,13.800161273857974,002129.SZ
2013-06-07,16.81,0.8232030264817152,4,-0.014076246334310927,-0.017857142857142794,0.006376811594202891,0.02131438721136769,-6.86980609418284,-7.127071823204433,15.532646048109955,37.33660130718952,17.092905937260472,16.34672598802366,14.875194253344429,13.830109917899188,002129.SZ
2013-06-13,17.28,0.31318301286484984,3,0.027959547888162017,-0.014076246334310927,-0.017857142857142794,0.006376811594202891,2.3090586145648295,-5.88235294117646,7.93254216114927,35.42319749216303,17.12692303957675,16.4356092272595,14.969500361056411,13.864437182397705,002129.SZ
2013-06-14,17.75,0.08701148214473808,4,0.02719907407407396,0.027959547888162017,-0.014076246334310927,-0.017857142857142794,2.898550724637672,0.7377979568671922,5.654761904761907,29.751461988304094,17.240209759653702,16.560789300853834,15.078539562583611,13.903099498990763,002129.SZ
2013-06-17,19.53,1.5046031592208546,0,0.1002816901408452,0.02719907407407396,0.027959547888162017,-0.014076246334310927,12.5,8.984375,18.148820326678774,41.112716763005785,17.656535257898483,16.84357127220109,15.253106638560725,13.959088558702296,002129.SZ
2013-06-18,19.55,-0.37260591990713865,1,0.0010240655401945187,0.1002816901408452,0.02719907407407396,0.027959547888162017,14.662756598240478,7.713498622589543,14.932392710170483,38.3581033262562,18.000801574644214,17.101326389134318,15.421612260577954,14.014719518317198,002129.SZ
2013-06-19,19.39,0.08276287388220771,2,-0.00818414322250638,0.0010240655401945187,0.1002816901408452,0.02719907407407396,15.348007138607977,7.4238227146814495,7.127071823204423,33.26460481099656,18.253383106527085,17.319295304454858,15.57723530918274,14.06820489624439,002129.SZ
2013-06-20,18.4,-0.1071367545708265,3,-0.05105724600309447,-0.00818414322250638,0.0010240655401945187,0.1002816901408452,6.481481481481466,8.94020130254587,0.2178649237472685,14.928169893816335,18.28004072352216,17.422219561173442,15.687931963724592,14.11130733508773,002129.SZ
2013-06-21,19.58,0.39238326103597876,4,0.0641304347826086,-0.05105724600309447,-0.00818414322250638,0.0010240655401945187,10.309859154929569,13.507246376811576,11.123723041997714,16.547619047619033,18.51639695560904,17.627722460109304,15.840562082794216,14.165722187474918,002129.SZ
2013-06-24,18.4,0.05566500206166669,0,-0.06026557711950964,0.0641304347826086,-0.05105724600309447,-0.00818414322250638,-5.7859703020993525,5.990783410138234,2.678571428571419,11.312764670296405,18.49523387277103,17.701272702003656,15.940932197194442,14.207854305012482,002129.SZ
2013-06-25,17.73,-0.03571738564360727,1,-0.0364130434782608,-0.06026557711950964,0.0641304347826086,-0.05105724600309447,-9.309462915601019,3.9882697947213996,-2.314049586776845,4.232804232804233,18.356100441358116,17.704008635146167,16.01109171887309,14.242900530833253,002129.SZ
2013-06-26,18.79,-0.3345335073585669,2,0.0597856739988718,-0.0364130434782608,-0.06026557711950964,0.0641304347826086,-3.094378545642096,11.778703152885184,4.099722991689747,3.812154696132586,18.434991270202094,17.807436384179866,16.1200685142114,14.288145301670735,002129.SZ
2013-06-27,18.02,-0.06709049100500486,3,-0.040979244278871674,0.0597856739988718,-0.0364130434782608,-0.06026557711950964,-2.0652173913043415,4.282407407407396,6.690349319123734,-1.851851851851849,18.35953831198353,17.827680538067497,16.19457563130115,14.325278184241176,002129.SZ
2013-06-28,18.44,0.04146730462519943,4,0.023307436182020025,-0.040979244278871674,0.0597856739988718,-0.0364130434782608,-5.8222676200204155,3.88732394366198,6.898550724637698,4.653802497162318,18.374167709804706,17.885996677299165,16.282631488897184,14.366220689870618,002129.SZ
2013-07-01,19.25,-0.10886816093554219,0,0.04392624728850314,0.023307436182020025,-0.040979244278871674,0.0597856739988718,4.619565217391308,-1.4336917562724039,10.88709677419355,7.421875,18.533409944385667,18.015901755651623,16.39899888148945,14.414815508876881,002129.SZ
2013-07-02,19.67,0.8764255585064833,1,0.02181818181818196,0.04392624728850314,0.023307436182020025,-0.040979244278871674,10.941906373378462,0.6138107416879812,15.366568914956025,8.374655647382934,18.74006268177009,18.173434921780043,16.52727343515653,14.46710590182338,002129.SZ
2013-07-03,20.29,-0.17962700857547254,2,0.031520081342145234,0.02181818181818196,0.04392624728850314,0.023307436182020025,7.982969664715278,4.6415678184631215,20.701963117192147,12.40997229916896,19.0218694669028,18.375012548277184,16.674831339660198,14.525045146581357,002129.SZ
2013-07-04,19.66,0.02166742781752684,3,-0.03104977821586985,0.031520081342145234,0.02181818181818196,0.04392624728850314,9.100998890122082,6.847826086956532,13.77314814814814,16.400236826524562,19.1378932001932,18.497392305584118,16.79189677732058,14.576139224724827,002129.SZ
2013-07-05,18.99,-0.30212575742525083,4,-0.03407934893184139,-0.03104977821586985,0.031520081342145234,0.02181818181818196,2.9826464208242864,-3.0132788559754875,6.985915492957728,10.086956521739122,19.1110035274308,18.54430732409992,16.87809690370017,14.620058237414133,002129.SZ
2013-07-08,19.05,-0.1139420681802007,0,0.003159557661927437,-0.03407934893184139,-0.03104977821586985,0.031520081342145234,-1.0389610389610393,3.532608695652195,-2.457757296466978,9.735023041474665,19.099911976988835,18.592468531328496,16.963269574143297,14.664137259927426,002129.SZ
2013-07-09,17.49,0.2889156626506024,1,-0.08188976377952772,0.003159557661927437,-0.03407934893184139,-0.03104977821586985,-11.082867310625332,-1.3536379018612599,-10.537084398976992,2.580645161290307,18.807200708445407,18.487471528344827,16.983925669274935,14.69225529714208,002129.SZ
2013-07-10,18.6,0.028291892565588617,2,0.06346483704974282,-0.08188976377952772,0.003159557661927437,-0.03407934893184139,-8.329226219812702,-1.011176157530591,-4.074265085095408,10.648423557406318,18.769527852364423,18.498188525645322,17.047301133224938,14.731138329011314,002129.SZ
2013-07-11,18.62,-0.39846069935155437,3,0.0010752688172042113,0.06346483704974282,-0.08188976377952772,0.003159557661927437,-5.28992878942014,3.3296337402885845,1.1956521739130643,7.754629629629628,18.742340970116345,18.509789618441005,17.108975598588668,14.769833470016176,002129.SZ
2013-07-12,18.9,-0.018940157163006344,4,0.015037593984962294,0.0010752688172042113,0.06346483704974282,-0.08188976377952772,-0.4739336492890933,2.49457700650757,-3.4729315628192037,6.478873239436611,18.771006248277008,18.546952511922814,17.17921184962441,14.810929654394124,002129.SZ
2013-07-15,19.01,0.22314643663996714,0,0.0058201058201059475,0.015037593984962294,0.0010752688172042113,0.06346483704974282,-0.20997375328083434,-1.2467532467532405,3.315217391304359,-2.662570404505882,18.814459657681187,18.59105227269207,17.25100746336463,14.852711448877766,002129.SZ
2013-07-16,19.24,0.7833095457980017,1,0.012098895318253478,0.0058201058201059475,0.015037593984962294,0.0010752688172042113,10.005717552887372,-2.186070157600428,8.516638465877024,-1.5856777493606256,18.891830629011878,18.652856818149967,17.329007170683663,14.896366061326745,002129.SZ
2013-07-17,18.05,0.13511604915022835,2,-0.06185031185031176,0.012098895318253478,0.0058201058201059475,0.015037593984962294,-2.9569892473118364,-11.039921143420395,-3.9382650345928583,-6.910778751933988,18.73877051464608,18.595441883088064,17.357281399284304,14.927745503502598,002129.SZ
2013-07-18,18.0,-0.5380946455974451,3,-0.0027700831024931594,-0.06185031185031176,0.012098895318253478,0.0058201058201059475,-3.3297529538131143,-8.443540183112919,-0.11098779134295356,-2.1739130434782483,18.604448602892248,18.538733132317773,17.382486050292766,14.95831519998516,002129.SZ
2013-07-19,17.78,-0.24728382867917753,4,-0.012222222222222134,-0.0027700831024931594,-0.06185031185031176,0.012098895318253478,-5.925925925925912,-6.371774618220105,-3.579175704989157,-9.193054136874345,18.45454885691184,18.46647283400179,17.39807483263423,14.986391665656951,002129.SZ
2013-07-22,17.98,0.16545389478706918,0,0.011248593925759165,-0.012222222222222134,-0.0027700831024931594,-0.06185031185031176,-5.418200946870078,-5.616797900262471,-6.59740259740259,-2.2826086956521663,18.36826724656423,18.420142087906385,17.42089542743289,15.016178813262355,002129.SZ
2013-07-23,18.26,0.2584442169907881,1,0.015572858731924377,0.011248593925759165,-0.012222222222222134,-0.0027700831024931594,-5.09355509355508,4.4025157232704615,-7.168276563294363,2.989283699943601,18.34858229264346,18.40489046048673,17.453801489102187,15.04845564099109,002129.SZ
2013-07-24,18.02,-0.45416836112240755,2,-0.013143483023001168,0.015572858731924377,0.011248593925759165,-0.012222222222222134,-0.16620498614958734,-3.1182795698924792,-11.187777230162643,-4.097924427887167,18.288840057617374,18.368234226154662,17.47600535227465,15.078023246553368,002129.SZ
2013-07-25,17.77,0.1257636715839665,3,-0.013873473917869084,-0.013143483023001168,0.015572858731924377,0.011248593925759165,-1.2777777777777777,-4.564983888292162,-9.613428280773151,-1.3873473917869084,18.19450550168694,18.311259537949454,17.487534554146233,15.104809084896122,002129.SZ
2013-07-26,17.75,-0.2506949040370615,4,-0.0011254924029262536,-0.013873473917869084,-0.013143483023001168,0.015572858731924377,-0.16872890888639525,-6.084656084656082,-6.5297525013164766,-3.7418655097613995,18.113686319562042,18.257806248620934,17.497827316728735,15.131129392509095,002129.SZ
2013-07-29,17.81,0.26232114467408585,0,0.0033802816901407073,-0.0011254924029262536,-0.013873473917869084,-0.013143483023001168,-0.9454949944382784,-6.312467122567089,-6.509186351706042,-7.4805194805194875,18.058470625096213,18.215158034466562,17.510069382739374,15.157784821439353,002129.SZ
2013-07-30,17.39,-0.041001959137979216,1,-0.02358225715889939,0.0033802816901407073,-0.0011254924029262536,-0.013873473917869084,-4.7645125958379,-9.615384615384603,-0.5717552887364086,-11.59125571936961,17.936930511442355,18.13657155499356,17.505360779494694,15.179995917743438,002129.SZ
2013-07-31,17.42,-0.1107544141252007,2,0.0017251293847038163,-0.02358225715889939,0.0033802816901407073,-0.0011254924029262536,-3.329633740288551,-3.4903047091412676,-6.34408602150538,-14.14489896500738,17.842943145725563,18.068326644994173,17.502013297945883,15.202284515576839,002129.SZ
2013-08-01,17.99,0.17016737774860524,3,0.032721010332950495,0.0017251293847038163,-0.02358225715889939,0.0033802816901407073,1.2380416432189012,-0.05555555555556424,-3.383458646616555,-8.494404883011198,17.86968075559364,18.06086696451854,17.52115003135977,15.230022978108414,002129.SZ
2013-08-02,18.47,0.5543402047398682,4,0.0266814897165093,0.032721010332950495,0.0017251293847038163,-0.02358225715889939,4.056338028169004,3.880764904386935,-2.2751322751322745,-2.738283307003686,17.97882970912207,18.09983201551677,17.558359834051544,15.26226155544067,002129.SZ
2013-08-05,18.25,-0.2040779501984843,0,-0.011911207363291765,0.0266814897165093,0.032721010332950495,0.0017251293847038163,2.470522178551393,1.5016685205784253,-3.9978958442924872,-4.199475065616798,18.028133398372603,18.114133728324695,17.585482977814227,15.291990296182554,002129.SZ
2013-08-06,18.26,-0.32668329177057354,1,0.0005479452054795164,-0.011911207363291765,0.0266814897165093,0.032721010332950495,5.002875215641178,0.0,-5.09355509355508,4.4025157232704615,18.070290962304856,18.128025754198532,17.61193462574308,15.32152273104641,002129.SZ
2013-08-07,19.55,3.6143097643097644,2,0.07064622124863074,0.0005479452054795164,-0.011911207363291765,0.0266814897165093,12.227324913892069,8.490566037735858,8.310249307479234,5.107526881720426,18.339328969158515,18.26345187284629,17.687937189439427,15.363597131732517,002129.SZ
2013-08-08,19.33,-0.5067678499762851,3,-0.011253196930946396,0.07064622124863074,0.0005479452054795164,-0.011911207363291765,7.448582545858806,8.778840742824979,7.388888888888889,3.8131041890440143,18.519450974766055,18.365027884956167,17.75233180946141,15.40306382693916,002129.SZ
2013-08-09,19.0,-0.2607441378800207,4,-0.017071908949818804,-0.011253196930946396,0.07064622124863074,0.0005479452054795164,2.8695181375202994,7.042253521126751,6.861642294713155,0.5291005291005346,18.60682352480859,18.425501419722245,17.80125997379626,15.438854236621358,002129.SZ
2013-08-12,19.05,-0.03041825095057027,0,0.0026315789473685403,-0.017071908949818804,-0.011253196930946396,0.07064622124863074,4.383561643835621,6.962380685008429,5.951056729699666,0.2104155707522315,18.687401065752482,18.484977474986792,17.85023017090229,15.474786035261943,002129.SZ
2013-08-13,18.65,-0.0256965944272447,1,-0.0209973753280841,0.0026315789473685403,-0.017071908949818804,-0.011253196930946396,2.135815991237666,7.245543415756162,2.135815991237666,-3.0665280665280625,18.6806008719793,18.50069390594043,17.881593693612004,15.506380204065307,002129.SZ
2013-08-14,18.76,-0.2557991738163329,2,0.005898123324396876,-0.0209973753280841,0.0026315789473685403,-0.017071908949818804,-4.040920716112528,7.692307692307687,4.106548279689237,3.9335180055401597,18.695037077073973,18.525389724422293,17.916040999744865,15.538754530393017,002129.SZ
2013-08-15,19.03,0.1245374323939652,3,0.014392324093816633,0.005898123324396876,-0.0209973753280841,0.0026315789473685403,-1.5519917227107993,5.780989438577011,7.0906021384355755,5.7222222222222285,18.755939426696887,18.573447845905886,17.959725666421537,15.57349329128463,002129.SZ
2013-08-16,18.7,0.8449563346411846,4,-0.017341040462427793,0.014392324093816633,0.005898123324396876,-0.0209973753280841,-1.5789473684210575,1.2452625879805224,5.352112676056331,5.174353205849269,18.745768621842906,18.58550043201009,17.988756032444222,15.604602810774335,002129.SZ
2013-08-19,18.33,-0.3847156479385334,0,-0.019786096256684593,-0.017341040462427793,0.014392324093816633,0.005898123324396876,-3.779527559055129,0.4383561643835465,2.9197080291970767,1.946607341490525,18.67017432696238,18.561167057532938,18.002138148818958,15.631721190766632,002129.SZ
2013-08-20,18.37,-0.3112944586910469,1,0.0021822149481725006,-0.019786096256684593,-0.017341040462427793,0.014392324093816633,-1.5013404825737098,0.6024096385542244,5.635422656699252,0.6024096385542244,18.615597176605583,18.542960671101227,18.016564103767234,15.658967746082386,002129.SZ
2013-08-21,18.35,-0.10458151206087096,2,-0.0010887316276537717,0.0021822149481725006,-0.019786096256684593,-0.017341040462427793,-2.1855010660980834,-6.13810741687979,5.338691159586673,1.8312985571587337,18.567306780859113,18.52458346432968,18.02964002126656,15.685744186419877,002129.SZ
2013-08-22,18.76,0.8065449285843427,3,0.022343324250681196,-0.0010887316276537717,0.0021822149481725006,-0.019786096256684593,-1.4188124014713588,-2.9487842731505287,4.280155642023353,5.5711873944851,18.602341911612,18.54700408677447,18.058281589060027,15.716333796505252,002129.SZ
2013-08-23,18.96,-0.1278022417934347,4,0.010660980810234477,0.022343324250681196,-0.0010887316276537717,0.0021822149481725006,1.3903743315508033,-0.21052631578947212,2.6529507309150047,6.816901408450704,18.667370654955274,18.586337030891187,18.093643095371398,15.748609082112164,002129.SZ
2013-08-26,19.23,0.3824440619621341,0,0.014240506329114,0.010660980810234477,0.022343324250681196,-0.0010887316276537717,4.909983633387904,0.9448818897637823,5.369863013698639,7.973048848961262,18.76966689950886,18.647638266044407,18.138206111239185,15.78324978776279,002129.SZ
2013-08-27,19.19,-0.3806440903054449,1,-0.002080083203328087,0.014240506329114,0.010660980810234477,0.022343324250681196,4.4637996733805085,2.895442359249345,5.093099671412915,10.35077630822312,18.846091099598155,18.69929176451637,18.179452930406278,15.817147799824852,002129.SZ
2013-08-28,18.8,-0.08871616188689369,2,-0.020323084940072955,-0.002080083203328087,0.014240506329114,0.010660980810234477,2.452316076294281,0.2132196162046851,-3.8363171355498715,7.921928817451196,18.83771089967122,18.708883025038624,18.203788109606034,15.84682792121963,002129.SZ
2013-08-29,18.66,-0.07323529411764707,3,-0.007446808510638281,-0.020323084940072955,-0.002080083203328087,0.014240506329114,-0.533049040511735,-1.9442984760903892,-3.4661148473874692,3.724291272929414,18.805399827003725,18.704227498844467,18.221678771974425,15.874819683197543,002129.SZ
2013-08-30,19.39,1.9598540145985401,4,0.03912111468381574,-0.007446808510638281,-0.020323084940072955,-0.002080083203328087,2.267932489451474,3.6898395721925104,2.0526315789473726,4.981050351922045,18.911690767548503,18.769539165621186,18.26749529072053,15.909796601772692,002129.SZ
2013-09-02,19.4,-0.07441162279526081,0,0.0005157297576068309,0.03912111468381574,-0.007446808510638281,-0.020323084940072955,0.884035361414437,5.8374249863611505,1.837270341207331,6.301369863013684,19.000474264357866,18.829583054609646,18.311907240104038,15.944524993794856,002129.SZ
2013-09-03,19.51,-0.4960903562119896,1,0.005670103092783707,0.0005157297576068309,0.03912111468381574,-0.007446808510638281,1.6675351745701006,6.2057702776265655,4.611260053619315,6.8455640744797375,19.093115307201888,18.894384668456347,18.35889126990388,15.980002357040679,002129.SZ
2013-09-04,21.08,2.5083908045977013,2,0.08047155304971798,0.005670103092783707,0.0005157297576068309,0.03912111468381574,12.127659574468064,14.877384196185272,12.366737739872047,7.826086956521716,19.454367069528818,19.102538509555743,18.46560141618216,16.030748602244255,002129.SZ
2013-09-05,21.31,-0.23857418995511592,3,0.010910815939279006,0.08047155304971798,0.005670103092783707,0.0005157297576068309,14.201500535905677,13.592750533049024,11.981082501313711,10.243145369891371,19.79175487506903,19.3127729372171,18.577146458684823,16.08327846689854,002129.SZ
2013-09-06,21.36,-0.32055419302095434,4,0.002346316283434957,0.010910815939279006,0.08047155304971798,0.005670103092783707,10.159876224858166,12.658227848101266,14.224598930481292,12.421052631578956,20.076890352329205,19.507746943196427,18.686277970108947,16.1357831587702,002129.SZ
2013-09-09,20.94,-0.02507757583433612,0,-0.019662921348314488,0.002346316283434957,0.010910815939279006,0.08047155304971798,7.938144329896923,8.89235569422777,14.2389525368249,9.921259842519682,20.23381937917844,19.644151996225336,18.774659226183104,16.18358631141925,002129.SZ
2013-09-10,21.15,-0.2520948359857096,1,0.010028653295128809,-0.019662921348314488,0.002346316283434957,0.010910815939279006,8.405945668887727,10.213652944241769,15.133369624387583,13.404825737265424,20.400397673873265,19.787566091822924,18.867809844764157,16.23300336304692,002129.SZ
2013-09-11,20.84,0.05680041688379367,2,-0.014657210401891163,0.010028653295128809,-0.019662921348314488,0.002346316283434957,-1.1385199240986688,10.851063829787222,13.569482288828327,11.087420042643913,20.480325369532668,19.887797892601693,18.94515063516556,16.278844125603666,002129.SZ
2013-09-12,20.67,-0.1803090072320842,3,-0.008157389635316648,-0.014657210401891163,0.010028653295128809,-0.019662921348314488,-3.003284842796794,10.771704180064322,10.181236673773997,8.617971623751973,20.514811665981274,19.962293331401533,19.0127917867277,16.322537218881244,002129.SZ
2013-09-13,21.0,-0.14918788851012632,4,0.015965166908562978,-0.008157389635316648,-0.014657210401891163,0.010028653295128809,-1.6853932584269593,8.303249097472932,10.759493670886066,12.299465240641716,20.60302772671195,20.061122537934722,19.090721520581518,16.369079137101334,002129.SZ
2013-09-25,21.86,-0.6038678634218562,2,-0.010859728506787403,0.05238095238095242,0.0,0.0,4.095238095238085,4.393505253104091,12.68041237113402,13.67654706188246,21.200914435411207,20.6616804223441,19.57332751289888,16.6581587335042,002129.SZ
2013-09-26,21.51,-0.0642373277271665,3,-0.01601097895699899,-0.010859728506787403,0.05238095238095242,0.0,2.4285714285714466,1.7021276595744927,10.251153254741151,12.089630015633146,21.257111810790985,20.742472763073234,19.649275453569516,16.706435761031525,002129.SZ
2013-09-27,23.15,0.7021967049425859,4,0.07624360762436067,-0.01601097895699899,-0.010859728506787403,0.05238095238095242,10.238095238095223,11.084452975047988,9.819734345351039,23.13829787234041,21.601273299738075,20.971761071351974,19.786558769115807,16.770550828085938,002129.SZ
2013-09-30,24.85,-0.047269883169575144,0,0.07343412526997861,0.07624360762436067,-0.01601097895699899,-0.010859728506787403,18.333333333333336,20.222544750846637,16.611919286719857,33.17256162915327,22.19195088160388,21.341117159794642,19.985125091895583,16.850943357159707,002129.SZ
2013-10-08,25.4,0.3454592098512057,1,0.022132796780683917,0.07343412526997861,0.07624360762436067,-0.01601097895699899,14.93212669683257,20.952380952380945,18.913857677902612,30.99535843218153,22.77523253949408,21.727677430290388,20.19747312750752,16.936008597386977,002129.SZ
2013-10-09,25.62,-0.32742249170575455,2,0.008661417322834764,0.022132796780683917,0.07343412526997861,0.07624360762436067,17.20036596523331,21.999999999999996,22.349570200573066,32.061855670103114,23.292462986858794,22.09837481788178,20.410121240154286,17.022416472039843,002129.SZ
2013-10-10,26.8,0.686908204343142,3,0.04605776736924283,0.008661417322834764,0.022132796780683917,0.07343412526997861,24.593212459321244,27.61904761904763,26.71394799054374,37.36545361353152,23.930196989248103,22.546148644750183,20.66070472093255,17.119705860377756,002129.SZ
2013-10-11,27.15,-0.36236219413820914,4,0.013059701492537323,0.04605776736924283,0.008661417322834764,0.022132796780683917,17.278617710583145,29.28571428571427,30.278310940499043,28.79506641366225,24.51561571847572,22.984610678583497,20.915186888739118,17.219509782165044,002129.SZ
2013-10-14,27.27,0.1049496600073796,0,0.0044198895027625085,0.013059701492537323,0.04605776736924283,0.008661417322834764,9.738430583500989,29.857142857142847,31.930333817126268,27.968090098545282,25.01641286057104,23.39274299490888,21.16439524604347,17.31951465995445,002129.SZ
2013-10-15,26.0,0.017555576757942948,1,-0.046571323799046604,0.0044198895027625085,0.013059701492537323,0.04605776736924283,2.3622047244094446,17.64705882352939,23.809523809523814,21.722846441947574,25.195246885921758,23.641053185869936,21.35402680502216,17.405887648412616,002129.SZ
2013-10-16,26.55,0.03834974214721032,2,0.02115384615384608,-0.046571323799046604,0.0044198895027625085,0.013059701492537323,3.629976580796246,21.45471180237879,26.428571428571423,26.790830945558742,25.441565633935983,23.91809573959661,21.557790459727173,17.496873840965726,002129.SZ
2013-10-17,28.79,0.36585696225392805,3,0.08436911487758936,0.02115384615384608,-0.046571323799046604,0.0044198895027625085,7.425373134328361,33.84472338447233,37.095238095238095,36.122931442080386,26.050371882311257,24.38208662153979,21.84140652013003,17.60924325548348,002129.SZ
2013-10-18,28.17,-0.4155895672870319,4,-0.021535255296978084,0.08436911487758936,0.02115384615384608,-0.046571323799046604,3.756906077348088,21.684665226781874,34.14285714285714,35.17274472168908,26.435758812800117,24.742840276631238,22.089586656595518,17.714325412145335,002129.SZ
2013-10-21,29.08,0.32609310481362064,0,0.03230386936457208,-0.021535255296978084,0.08436911487758936,0.02115384615384608,6.637330399706642,17.022132796780664,38.47619047619047,40.68698597000482,26.91652993774555,25.155903107428266,22.363720513199617,17.827416701576723,002129.SZ
2013-10-22,27.25,0.23157311039071837,1,-0.0629298486932599,0.03230386936457208,-0.021535255296978084,0.08436911487758936,4.807692307692313,7.283464566929143,23.303167420814464,29.761904761904766,26.97716085815545,25.355340906720812,22.555339316603554,17.92117374932223,002129.SZ
2013-10-23,25.81,0.10061302947390272,2,-0.0528440366972478,-0.0629298486932599,0.03230386936457208,-0.021535255296978084,-2.7871939736346607,0.7416081186572887,18.06953339432753,22.904761904761894,26.764949793036276,25.398641772747403,22.68297306889361,17.999669532911064,002129.SZ
2013-10-24,25.9,-0.5011328592107747,3,0.0034870205346764216,-0.0528440366972478,-0.0629298486932599,0.03230386936457208,-10.038207711010772,-3.3582089552238847,20.409112040911182,23.333333333333318,26.607686194302403,25.446390175342888,22.80913098776053,18.078279786314937,002129.SZ
2013-10-25,23.31,1.2881473538131583,4,-0.09999999999999998,0.0034870205346764216,-0.0528440366972478,-0.0629298486932599,-17.252396166134197,-14.143646408839782,0.6911447084233302,10.999999999999988,26.00810688624742,25.24292444435785,22.828772909809135,18.130336703864042,002129.SZ
2013-10-28,23.29,-0.4072338313943872,0,-0.0008580008580008069,-0.09999999999999998,0.0034870205346764216,-0.0528440366972478,-19.91059147180192,-14.5947928126146,-6.277665995975868,10.904761904761905,25.51390563420243,25.056931640133293,22.846860246679366,18.181676637158926,002129.SZ
2013-10-29,22.66,0.026183610826899795,1,-0.02705023615285529,-0.0008580008580008069,-0.09999999999999998,0.0034870205346764216,-16.84403669724771,-12.84615384615384,-10.787401574803146,2.5339366515837014,24.99501370071108,24.828652436311074,22.83953239386841,18.22623706862998,002129.SZ
2013-10-30,23.78,-0.30768184908225704,2,0.0494263018534864,-0.02705023615285529,-0.0008580008580008069,-0.09999999999999998,-7.865168539325829,-10.43314500941619,-7.181889149102261,8.783165599268084,24.77410211876361,24.72878077571002,22.876413476461806,18.28149839133018,002129.SZ
2013-10-31,23.26,-0.203783713013878,3,-0.02186711522287632,0.0494263018534864,-0.02705023615285529,-0.0008580008580008069,-10.19305019305018,-19.208058353594993,-13.208955223880592,8.135750813575072,24.498810824442955,24.588896892309066,22.89145608522801,18.331035720769684,002129.SZ
2013-11-01,22.87,-0.08994491490586198,4,-0.016766981943250214,-0.02186711522287632,0.0494263018534864,-0.02705023615285529,-1.8876018876018752,-18.814341498047572,-15.764272559852666,-1.2095032397408056,24.202663401816963,24.42519242637487,22.890614670121032,18.37619954444362,002129.SZ
2013-11-04,22.69,-0.2881019062245912,0,-0.007870572802798459,-0.016766981943250214,-0.02186711522287632,0.0494263018534864,-2.576212966938596,-21.973865199449783,-16.795012834616784,-8.692152917505025,23.927633692395695,24.25993600481536,22.882747428155504,18.419122932061097,002129.SZ
2013-11-05,23.79,0.6285532994923859,1,0.048479506390480376,-0.007870572802798459,-0.016766981943250214,-0.02186711522287632,4.986760812003532,-12.697247706422022,-8.500000000000007,-6.33858267716535,23.902609384687384,24.215180194832943,22.918325960384703,18.47256449492616,002129.SZ
2013-11-06,23.8,0.2335385334684017,2,0.0004203446826398505,0.048479506390480376,-0.007870572802798459,-0.016766981943250214,0.0841042893187538,-7.7876791941107975,-10.357815442561202,-7.103825136612018,23.88395313292604,24.17563922389647,22.952901412918635,18.52557380343436,002129.SZ
2013-11-07,23.26,0.06234996841440288,3,-0.02268907563025202,0.0004203446826398505,0.048479506390480376,-0.007870572802798459,0.0,-10.19305019305018,-19.208058353594993,-13.208955223880592,23.77050710875767,24.088435488287285,22.964944494764964,18.572682521808147,002129.SZ
2013-11-08,20.93,0.5716239519533808,4,-0.10017196904557191,-0.02268907563025202,0.0004203446826398505,0.048479506390480376,-8.48272846523831,-10.210210210210203,-25.70110046148385,-22.909760589318594,23.254051270801728,23.7876321084504,22.88514274987222,18.596138417113536,002129.SZ
2013-11-11,20.3,-0.012674990541051923,0,-0.030100334448160515,-0.10017196904557191,-0.02268907563025202,0.0004203446826398505,-10.533274570295282,-12.838127951910682,-30.19257221458046,-25.559222588925557,22.716951039746867,23.45547666955036,22.783764602818408,18.613092263709422,002129.SZ
2013-11-12,21.02,-0.45437823337804173,1,0.035467980295566415,-0.030100334448160515,-0.10017196904557191,-0.02268907563025202,-11.643547709121481,-7.237422771403357,-22.86238532110092,-19.153846153846153,22.408414487065617,23.223526510545565,22.714597363492196,18.63704159441878,002129.SZ
2013-11-13,19.8,0.04958561595729738,2,-0.05803996194100847,0.035467980295566415,-0.030100334448160515,-0.10017196904557191,-16.806722689075627,-16.736753574432296,-23.285548237117393,-25.423728813559322,21.93415730759914,22.89747636668408,22.600299427668975,18.64861331984745,002129.SZ
2013-11-14,19.87,-0.08879817987152039,3,0.0035353535353535026,-0.05803996194100847,0.035467980295566415,-0.030100334448160515,-14.574376612209806,-14.574376612209806,-23.28185328185327,-30.982980201458833,21.55885597894475,22.60914528414274,22.493228861878038,18.6607664211425,002129.SZ
2013-11-15,20.18,0.18197840934126464,4,0.015601409159536894,0.0035353535353535026,-0.05803996194100847,0.035467980295566415,-3.5833731485905407,-11.76213379973765,-13.427713427713428,-28.363507277245304,21.308154891863882,22.377798114224387,22.402514004549488,18.675883173170934,002129.SZ
2013-11-18,21.34,0.01696178937558268,0,0.0574826560951438,0.015601409159536894,0.0035353535353535026,-0.05803996194100847,5.123152709359591,-5.949757602468053,-8.372692142550452,-26.616231086657493,21.31394491152499,22.278960198583967,22.360846788684803,18.70239179831351,002129.SZ
2013-11-19,22.17,-0.10074535679374397,1,0.03889409559512669,0.0574826560951438,0.015601409159536894,0.0035353535353535026,5.470980019029503,-6.809583858764179,-2.1624007060900174,-18.642201834862384,21.46959129124772,22.268583036814064,22.353362600893245,18.736895362509397,002129.SZ
2013-11-20,22.03,-0.04470412392146195,2,-0.006314839873703182,0.03889409559512669,0.0574826560951438,0.015601409159536894,11.262626262626263,-7.436974789915962,-7.359125315391079,-14.645486245641216,21.571483783748135,22.24586084283177,22.340681714583706,18.76966257283269,002129.SZ
2013-11-21,23.2,0.6252044662541782,3,0.05310939627780287,-0.006314839873703182,0.03889409559512669,0.0574826560951438,16.758933064921976,-0.257953568357705,-0.257953568357705,-10.424710424710426,21.867577641248474,22.336731238752556,22.37438047087454,18.813745532306992,002129.SZ
2013-11-22,21.9,0.026255907579205262,4,-0.056034482758620774,0.05310939627780287,-0.006314839873703182,0.03889409559512669,8.52329038652131,4.634495938843752,-4.24136423261916,-6.048906048906055,21.873472615566932,22.295137787442787,22.355777315153972,18.84445453198553,002129.SZ
2013-11-25,21.63,-0.641693672181477,0,-0.012328767123287676,-0.056034482758620774,0.05310939627780287,-0.006314839873703182,1.3589503280224902,6.5517241379310365,-4.67166152490085,-7.1275225418634625,21.829204867282034,22.231791331495852,22.327315459657736,18.872171402314034,002129.SZ
2013-11-26,21.86,-0.35689634654290137,1,0.010633379565418322,-0.012328767123287676,-0.056034482758620774,0.05310939627780287,-1.3982859720342855,3.9961941008563207,-8.11265237494746,-3.5304501323918824,21.83480398232166,22.196382633258153,22.30898936320057,18.901901040101954,002129.SZ
2013-11-27,22.04,0.8606587712805329,2,0.008234217749313766,0.010633379565418322,-0.012328767123287676,-0.056034482758620774,0.045392646391273495,11.313131313131297,-7.394957983193285,-7.317073170731714,21.872112349172266,22.181489049138328,22.298440760722116,18.933125905374574,002129.SZ
2013-11-28,22.5,0.08045748383888607,3,0.020871143375680523,0.008234217749313766,0.010633379565418322,-0.012328767123287676,-3.0172413793103425,13.236034222445902,-3.267411865864156,-3.267411865864156,21.98627374023185,22.211823425410866,22.306345044615366,18.96861718989821,002129.SZ
2013-11-29,22.58,-0.11717599410898383,4,0.003555555555555534,0.020871143375680523,0.008234217749313766,0.010633379565418322,3.1050228310502304,11.892963330029716,7.883420926899176,-1.268036729339761,22.094223969280606,22.246887861086023,22.317076611493196,19.004551347212658,002129.SZ
2013-12-02,20.41,1.487123344802419,0,-0.09610274579273681,0.003555555555555534,0.020871143375680523,0.008234217749313766,-5.640314378178446,-4.3580131208997175,0.5418719211822687,-10.048479506390484,21.788001429411402,22.071946160030212,22.242289293395423,19.018535910921987,002129.SZ
2013-12-03,20.53,-0.49832313238869785,1,0.005879470847623747,-0.09610274579273681,0.003555555555555534,0.020871143375680523,-6.084172003659649,-7.39738385205232,-2.331113225499515,-13.703236654056317,21.559273896791147,21.925094144789238,22.175140693654427,19.033575354594408,002129.SZ
2013-12-04,21.18,-0.00016712626389236984,2,0.03166098392596184,0.005879470847623747,-0.09610274579273681,0.003555555555555534,-3.9019963702359273,-3.858374943259202,6.969696969696959,-11.008403361344543,21.490315006465483,21.854132797666455,22.13611556841308,19.054932813752675,002129.SZ
2013-12-05,20.83,-0.09887170915169252,3,-0.01652502360717667,0.03166098392596184,0.005879470847623747,-0.09610274579273681,-7.42222222222223,-10.215517241379313,4.831404126824346,-10.44711951848668,21.370257732562663,21.75659634074584,22.08489535004394,19.072595173814836,002129.SZ
2013-12-06,20.87,-0.3547579298831386,4,0.001920307249160036,-0.01652502360717667,0.03166098392596184,0.005879470847623747,-7.5730735163861755,-4.703196347031957,3.4192269573835476,-0.2866698518872335,21.279301781187634,21.672158594008142,22.037252395140257,19.09047979895101,002129.SZ
2013-12-09,20.95,-0.007474486129078528,0,0.003833253473885856,0.001920307249160036,-0.01652502360717667,0.03166098392596184,2.645761881430664,-3.143781784558486,-1.827553889409561,3.2019704433497553,21.219428730062607,21.603381585054983,21.994615046311228,19.108982487518663,002129.SZ
2013-12-10,20.76,0.40434467776973215,1,-0.00906921241050107,0.003833253473885856,0.001920307249160036,-0.01652502360717667,1.1203117389186668,-5.03202195791399,-6.359945872801087,-1.236917221693612,21.135896233687586,21.523059529335463,21.946198769985298,19.125410522468727,002129.SZ
2013-12-11,20.37,-0.17737444570485716,2,-0.018786127167630062,-0.00906921241050107,0.003833253473885856,0.001920307249160036,-3.82436260623229,-7.577132486388372,-7.535179300953243,2.8787878787878807,20.996642373017114,21.41324433606542,21.884387053515283,19.137794497369537,002129.SZ
2013-12-12,20.17,0.23780870001253596,3,-0.009818360333824216,-0.018786127167630062,-0.00906921241050107,0.003833253473885856,-3.1685069611137595,-10.35555555555555,-13.060344827586201,1.5098137896326191,20.846343759741274,21.294840113583003,21.817156188671547,19.14806519888825,002129.SZ
2013-12-13,19.99,0.20386874620214712,4,-0.008924144769459796,-0.009818360333824216,-0.018786127167630062,-0.00906921241050107,-4.216578821274563,-11.470327723649243,-8.721461187214619,-0.9415262636273569,20.690644894333765,21.170569626575098,21.745503004802075,19.156442659595832,002129.SZ
2013-12-16,19.8,0.6340540085808026,0,-0.009504752376187975,-0.008924144769459796,-0.009818360333824216,-0.018786127167630062,-5.4892601431980825,-2.988731014208723,-8.46047156726768,-7.216494845360821,20.528709459000353,21.0400391859489,21.669208769319642,19.162846215221748,002129.SZ
2013-12-17,19.19,-0.6295304777594728,1,-0.03080808080808073,-0.009504752376187975,-0.008924144769459796,-0.009818360333824216,-7.562620423892097,-6.527033609352162,-12.214089661482152,-13.441587731168248,20.285307739182105,20.86384497776329,21.571984896012992,19.163116402134964,002129.SZ
2013-12-18,19.0,-0.06948304613674261,2,-0.00990099009901002,-0.03080808080808073,-0.009504752376187975,-0.008924144769459796,-6.725576828669622,-10.292728989612844,-13.793103448275856,-13.753971856559243,20.051615422967174,20.686335932262025,21.47112274322817,19.161493353357503,002129.SZ
2013-12-19,18.78,0.1987753882915173,3,-0.011578947368421022,-0.00990099009901002,-0.03080808080808073,-0.009504752376187975,-6.891422905304911,-9.841574651944295,-16.53333333333333,-19.051724137931025,19.820412618791323,20.504780129189452,21.36558851800354,19.157697399592752,002129.SZ
2013-12-20,17.39,1.0616668742992403,4,-0.07401490947816824,-0.011578947368421022,-0.00990099009901002,-0.03080808080808073,-13.006503251625801,-16.67465261140393,-22.98494242692648,-20.593607305936068,19.37851941537472,20.20813440259998,21.209683085924972,19.140108370741086,002129.SZ
2013-12-23,16.75,0.46607045742945186,0,-0.03680276020701556,-0.07401490947816824,-0.011578947368421022,-0.00990099009901002,-15.404040404040408,-20.04773269689737,-17.93238608525233,-22.561257512713816,18.900606794397497,19.87878826901903,21.0347935531436,19.116326197897894,002129.SZ
2013-12-24,17.0,-0.47836122331217545,1,0.014925373134328401,-0.03680276020701556,-0.07401490947816824,-0.011578947368421022,-11.412193850964048,-18.11175337186899,-17.19434973209937,-22.2323879231473,18.55504192268886,19.604617957683885,20.876566354981108,19.095268225779506,002129.SZ
2013-12-25,17.27,-0.03721554993678888,2,0.01588235294117646,0.014925373134328401,-0.03680276020701556,-0.07401490947816824,-9.105263157894738,-15.21845851742759,-18.460812086874412,-21.642468239564426,18.32139793674543,19.38227339028542,20.735132380275967,19.07710635288618,002129.SZ
2013-12-26,17.0,-0.2614690192860074,3,-0.015634047481181246,0.01588235294117646,0.014925373134328401,-0.03680276020701556,-9.478168264110764,-15.716410510659406,-18.3869419107057,-24.444444444444446,18.081143766428077,19.15539021025824,20.588656600657302,19.05643862798184,002129.SZ
2013-12-27,17.35,0.31770196688520946,4,0.020588235294117796,-0.015634047481181246,0.01588235294117646,0.014925373134328401,-0.23001725129384587,-13.20660330165081,-16.86631528509822,-23.162090345438425,17.948208536168426,18.98344828547174,20.461650459455054,19.039459139146203,002129.SZ
2013-12-30,18.1,0.6159554730983303,0,0.043227665706051965,0.020588235294117796,-0.015634047481181246,0.01588235294117646,8.059701492537318,-8.585858585858585,-13.603818615751784,-11.317981381675645,17.975806984137805,18.899310353522054,20.369036715947015,19.030111287015394,002129.SZ
2013-12-31,18.58,-0.3403611314059075,1,0.026519337016574385,0.043227665706051965,0.020588235294117796,-0.015634047481181246,9.294117647058808,-3.1787389265242494,-10.50096339113682,-9.498295177788618,18.085660259749112,18.86889984366281,20.29887841336086,19.02563256774161,002129.SZ
2014-01-02,18.17,0.09137658227848089,3,-0.022066738428417443,0.026519337016574385,0.043227665706051965,0.020588235294117796,5.211349160393763,-4.368421052631566,-10.800196367206672,-14.211520302171854,18.100994757976544,18.80233795379016,20.215392985385925,19.01711881084866,002129.SZ
2014-01-03,17.69,0.09300471185212045,4,-0.02641717116125486,-0.022066738428417443,0.026519337016574385,0.043227665706051965,4.058823529411781,-5.804046858359957,-12.295488349033224,-15.074411905904928,18.026268438344445,18.69640100581015,20.116357966351185,19.00391364855166,002129.SZ
2014-01-06,17.05,-0.48726621567847195,0,-0.03617863199547766,-0.02641717116125486,-0.022066738428417443,0.026519337016574385,-1.729106628242083,-1.9551466359976954,-14.707353676838409,-18.30378533780547,17.84876508591818,18.539600910018706,19.996108634337414,18.984471721700398,002129.SZ
2014-01-07,17.3,-0.2880610529038935,1,0.014662756598240456,-0.03617863199547766,-0.02641717116125486,-0.022066738428417443,-4.41988950276243,3.2835820895522394,-12.62626262626263,-17.42243436754176,17.74898961575124,18.421543680493116,19.89037888397124,18.967710809046665,002129.SZ
2014-01-08,17.34,0.02053052325581395,2,0.0023121387283235872,0.014662756598240456,-0.03617863199547766,-0.02641717116125486,-6.673842841765332,2.0000000000000018,-9.64043772798333,-16.473988439306364,17.674627867432832,18.31853952044615,19.79036402577629,18.951514681593466,002129.SZ
2014-01-09,17.39,0.22876980594623464,3,0.0028835063437140374,0.0023121387283235872,0.014662756598240456,-0.03617863199547766,-4.292790313703909,0.694846554719164,-8.473684210526311,-14.629356897398138,17.62287734608141,18.23010718516557,19.69623210319683,18.935977222075124,002129.SZ
2014-01-10,17.2,0.16690814256737196,4,-0.010925819436457762,0.0028835063437140374,0.0023121387283235872,0.014662756598240456,-2.7699265121537753,1.17647058823529,-8.41320553780619,-14.724838869608337,17.54599055588479,18.132001738959325,19.598340648169504,18.91870381688035,002129.SZ
2014-01-13,16.51,-0.36689843555997026,0,-0.040116279069767335,-0.010925819436457762,0.0028835063437140374,0.0023121387283235872,-3.1671554252199363,-4.841498559077806,-5.060379528464631,-17.408704352176073,17.35762863663301,17.977525382867963,19.477229250202075,18.894736614722333,002129.SZ
2014-01-14,16.65,-0.026671896450284338,1,0.008479709267110724,-0.040116279069767335,-0.010925819436457762,0.0028835063437140374,-3.7572254335260236,-8.011049723756924,-0.5970149253731405,-15.909090909090917,17.228968884517915,17.851094394023395,19.366357514900034,18.872400927013654,002129.SZ
2014-01-15,17.7,1.1013499899254482,2,0.06306306306306309,0.008479709267110724,-0.040116279069767335,-0.010925819436457762,2.076124567474036,-4.736275565123782,4.117647058823515,-7.764460656591988,17.314610905514655,17.836704451735454,19.301010161374546,18.86073524614785,002129.SZ
2014-01-16,17.53,0.2365519225237318,3,-0.009604519774011222,0.06306306306306309,0.008479709267110724,-0.040116279069767335,0.8050603795284772,-3.5222894881673072,1.5055008685582072,-7.736842105263153,17.353772559057447,17.807494503951126,19.231558782497114,18.847494099420015,002129.SZ
2014-01-17,17.02,-0.5070564516129032,4,-0.02909298345693101,-0.009604519774011222,0.06306306306306309,0.008479709267110724,-1.0465116279069764,-3.787450537026582,0.11764705882353343,-9.371671991480302,17.293086639228818,17.732495027384353,19.14483098710507,18.829310078530266,002129.SZ
2014-01-20,16.8,-0.046090923391536864,0,-0.012925969447708519,-0.02909298345693101,-0.009604519774011222,0.06306306306306309,1.7565112053300913,-1.4662756598240456,-3.170028818443804,-3.392754456584246,17.203434523005395,17.643685977157272,19.052876830748012,18.80911793844539,002129.SZ
2014-01-21,16.91,-0.2557717678100263,1,0.006547619047619024,-0.012925969447708519,-0.02909298345693101,-0.009604519774011222,1.5615615615615752,-2.254335260115614,-6.574585635359121,0.9552238805970115,17.150082791549867,17.573811122189912,18.968842445228482,18.79022124254046,002129.SZ
2014-01-22,17.41,1.5481941059162416,2,0.029568302779420463,0.006547619047619024,-0.012925969447708519,-0.02909298345693101,-1.6384180790960379,0.40369088811995635,-6.297093649085028,2.4117647058823577,17.197340465813525,17.558210062933732,18.907711368945012,18.776487697838565,002129.SZ
2014-01-23,18.3,1.0267826086956524,3,0.051120045950603155,0.029568302779420463,0.006547619047619024,-0.012925969447708519,4.392470051340558,5.232892466935013,0.7154650522839701,5.964099594672856,17.397824017483792,17.62885672360671,18.88387955055501,18.771746526715795,002129.SZ
2014-01-24,18.8,-0.08216063154281794,4,0.02732240437158473,0.051120045950603155,0.029568302779420463,0.006547619047619024,10.458284371327853,9.302325581395365,6.274731486715646,10.588235294117654,17.652765105214012,17.740394178501308,18.8805901564156,18.772027655803203,002129.SZ
2014-01-27,18.42,-0.3261814612256345,0,-0.02021276595744681,0.02732240437158473,0.051120045950603155,0.029568302779420463,9.642857142857153,11.568746214415505,8.035190615835774,6.167146974063398,17.792262358811463,17.805118542453563,18.86252779734048,18.768524893058892,002129.SZ
2014-01-28,19.13,0.4885189039195281,1,0.03854505971769795,-0.02021276595744681,0.02732240437158473,0.051120045950603155,13.128326434062675,14.894894894894906,10.578034682080917,5.6906077348066075,18.035487384482103,17.931297728886555,18.873016903327127,18.77212166029214,002129.SZ
2014-01-29,19.08,-0.5114414876264156,2,-0.00261369576581294,0.03854505971769795,-0.02021276595744681,0.02732240437158473,9.592188397472711,7.7966101694915135,10.034602076124566,2.6910656620021456,18.225398769121718,18.040697945183076,18.88113388751038,18.775185126358885,002129.SZ
2014-01-30,18.39,-0.08604407135362013,3,-0.03616352201257855,-0.00261369576581294,0.03854505971769795,-0.02021276595744681,0.4918032786885185,4.905875641756974,5.75043128234618,1.2107870115575015,18.25532626564504,18.073964807546595,18.861873735058996,18.77135243853442,002129.SZ
2014-02-07,18.45,-0.11220123160421669,4,0.0032626427406199365,-0.03616352201257855,-0.00261369576581294,0.03854505971769795,-1.8617021276595813,8.401880141010576,7.267441860465107,4.296212549462952,18.290721490073214,18.109777683018347,18.84572182388021,18.768154901832588,002129.SZ
2014-02-10,19.56,1.6997413590406771,0,0.060162601626016166,0.0032626427406199365,-0.03616352201257855,-0.00261369576581294,6.188925081433205,16.428571428571416,18.47365233192002,14.72140762463341,18.52149940096899,18.247894094159456,18.873732732747655,18.776033957535745,002129.SZ
2014-02-11,19.31,-0.0350548684898101,1,-0.01278118609406953,0.060162601626016166,0.0032626427406199365,-0.03616352201257855,0.9409304756926362,14.192785334121805,15.975975975975976,11.618497109826587,18.664863146247356,18.34904703757284,18.89084125303206,18.78134705248564,002129.SZ
2014-02-12,20.17,-0.09084344961415225,2,0.04453650958052835,-0.01278118609406953,0.060162601626016166,0.0032626427406199365,5.71278825995809,15.852958070074674,13.95480225988701,16.320645905420996,18.9385243923842,18.52247112923257,18.94100434114845,18.795164494749464,002129.SZ
2014-02-13,19.59,-0.1613719845130548,3,-0.028755577590480974,0.04453650958052835,-0.01278118609406953,0.060162601626016166,6.5252854812398065,7.049180327868854,11.75128351397603,12.650948821161577,19.0569745028598,18.624140545496136,18.966455151299492,18.803073305746985,002129.SZ
2014-02-14,19.82,-0.43048239124001175,4,0.011740684022460535,-0.028755577590480974,0.04453650958052835,-0.01278118609406953,7.425474254742559,5.425531914893611,16.451233842538194,15.23255813953488,19.195706411430745,18.738031922115553,18.999927498307354,18.81319197932164,002129.SZ
2014-02-17,19.62,1.0252546248181251,0,-0.010090817356205761,0.011740684022460535,-0.028755577590480974,0.04453650958052835,0.30674846625768915,6.514657980456029,16.785714285714292,18.837068443367656,19.272850700261518,18.822028881914072,19.024244067001185,18.821219919825904,002129.SZ
2014-02-18,18.9,0.313131831477395,1,-0.03669724770642213,-0.010090817356205761,0.011740684022460535,-0.028755577590480974,-2.1232522009321575,-1.2023000522739191,11.768184506209334,13.513513513513509,19.20505966385033,18.82945470268416,19.019371750648197,18.82200380122067,002129.SZ
2014-02-19,19.06,-0.5378482941889092,2,0.00846560846560851,-0.03669724770642213,-0.010090817356205761,0.011740684022460535,-5.503222607833436,-0.10482180293500676,9.477311889718543,7.683615819209044,19.178685179513906,18.85141139766662,19.02096501532866,18.82437192260156,002129.SZ
2014-02-20,17.84,1.156857771013022,3,-0.06400839454354668,0.00846560846560851,-0.03669724770642213,-0.010090817356205761,-8.933129147524244,-2.9907558455682492,-2.513661202185802,1.768397033656588,18.93528787414774,18.75508650265075,18.974652661786358,18.81457717710304,002129.SZ
2014-02-21,17.77,-0.599051240835849,4,-0.003923766816143481,-0.06400839454354668,0.00846560846560851,-0.03669724770642213,-10.343087790111005,-3.685636856368557,-5.478723404255326,4.406580493537016,18.723417351575424,18.661268740493536,18.92741138093199,18.804183374345797,002129.SZ
2014-02-24,17.57,0.22450376454483245,0,-0.011254924029262758,-0.003923766816143481,-0.06400839454354668,0.00846560846560851,-10.448521916411824,-10.17382413087934,-4.6145494028230205,4.583333333333339,18.513705105834436,18.557338384256056,18.87417956207191,18.79190294276027,002129.SZ
2014-02-25,17.08,0.18501956400223585,1,-0.02788844621513953,-0.011254924029262758,-0.003923766816143481,-0.06400839454354668,-9.629629629629633,-11.54842050750906,-10.716152639832732,1.005322294500277,18.253031450228175,18.416639490517383,18.80381957924556,18.774869082633302,002129.SZ
2014-02-26,17.15,-0.45296495956873317,2,0.004098360655737654,-0.02788844621513953,-0.011254924029262758,-0.003923766816143481,-10.020986358866734,-14.972731779871108,-10.115303983228507,-1.4933946008041432,18.052480277459413,18.296007158087157,18.738963909471224,18.758701231064812,002129.SZ
2014-02-27,16.0,0.7707563439270755,3,-0.06705539358600576,0.004098360655737654,-0.02788844621513953,-0.011254924029262758,-10.313901345291477,-18.325676365492594,-12.996193583469285,-12.568306010928964,17.679302045194063,18.077339809697904,18.631553560080196,18.73125146757163,002129.SZ
2014-02-28,16.27,-0.34316521739130434,4,0.016874999999999973,-0.06705539358600576,0.004098360655737654,-0.02788844621513953,-8.441193021947102,-17.91120080726539,-11.815718157181577,-13.457446808510642,17.42306530970423,17.905212208774294,18.538943616547638,18.706761403217687,002129.SZ
2014-03-03,16.52,-0.35405634399491637,0,0.01536570374923163,0.016874999999999973,-0.06705539358600576,0.004098360655737654,-5.976095617529886,-15.800203873598374,-15.541922290388543,-10.314875135722056,17.25887161703073,17.773287236510075,18.45976935707518,18.685002583285176,002129.SZ
2014-03-04,16.34,0.16937202820134423,1,-0.010895883777239712,0.01536570374923163,0.016874999999999973,-0.06705539358600576,-4.332552693208425,-13.544973544973537,-15.380631796996369,-14.58442237323575,17.09180405029787,17.636783690175783,18.3766411469938,18.661669224247515,002129.SZ
2014-03-05,16.94,0.8028603477285476,2,0.0367197062423501,-0.010895883777239712,0.01536570374923163,0.016874999999999973,-1.2244897959183487,-11.122770199370402,-16.01388200297471,-11.215932914046112,17.064203313880075,17.57042333873047,18.32030227848424,18.644538187190328,002129.SZ
2014-03-06,16.3,-0.009021620780836903,3,-0.037780401416765086,0.0367197062423501,-0.010895883777239712,0.01536570374923163,1.8750000000000044,-8.632286995515692,-16.794282797345584,-11.364872213159327,16.92525725681097,17.44943063980376,18.24107473815153,18.62120944900933,002129.SZ
2014-03-07,16.32,-0.4586407157432114,4,0.0012269938650306678,-0.037780401416765086,0.0367197062423501,-0.010895883777239712,0.3073140749846326,-8.159819921215528,-17.65893037336024,-11.544715447154463,16.815210482845337,17.341865816965306,18.16573847391029,18.598311842551528,002129.SZ
2014-03-10,15.6,0.511162655842273,0,-0.044117647058823595,0.0012269938650306678,-0.037780401416765086,0.0367197062423501,-5.56900726392252,-11.212293682413211,-20.48929663608563,-20.24539877300613,16.594263122328,17.17597383439718,18.06512127885499,18.56847789386942,002129.SZ
2014-03-11,16.21,-0.012950882578664613,1,0.039102564102564186,-0.044117647058823595,0.0012269938650306678,-0.037780401416765086,-0.795593635250913,-5.09367681498828,-14.23280423280422,-16.053858104609,16.524397100086546,17.083976326359352,17.992371424782245,18.54501045213938,002129.SZ
2014-03-12,15.94,-0.3516376712994461,2,-0.016656384947563274,0.039102564102564186,-0.044117647058823595,0.0012269938650306678,-5.903187721369552,-7.055393586005831,-16.36935991605456,-20.97174020823005,16.41814308188899,16.975026200039412,17.911886270869218,18.519089950128045,002129.SZ
2014-03-13,16.59,0.37610553140458713,3,0.040777917189460444,-0.016656384947563274,0.039102564102564186,-0.044117647058823595,1.7791411042944683,3.687499999999999,-7.006726457399104,-15.313935681470136,16.449389794272808,16.938357038130896,17.86004759358023,18.49989502525115,002129.SZ
2014-03-14,16.76,0.322875816993464,4,0.01024713682941547,0.040777917189460444,-0.016656384947563274,0.039102564102564186,2.6960784313725616,3.0116779348494216,-5.683736634777703,-15.438950554994946,16.505864377132298,16.921370653547,17.816908472263357,18.482582636940194,002129.SZ
2014-03-17,17.44,0.5064229249011858,0,0.04057279236276856,0.01024713682941547,0.040777917189460444,-0.016656384947563274,11.794871794871797,5.569007263922532,-0.7398975526465512,-11.111111111111105,16.6757072176537,16.970763924637765,17.802127747860872,18.472208680353727,002129.SZ
2014-03-18,17.3,0.21263802339564886,1,-0.008027522935779796,0.04057279236276856,0.01024713682941547,0.040777917189460444,6.724244293645887,5.875152998776012,1.2880562060890055,-8.465608465608454,16.789214996262118,17.00211974133893,17.782436463631036,18.46054491239001,002129.SZ
2014-03-19,18.04,0.6091327082582043,2,0.04277456647398825,-0.008027522935779796,0.04057279236276856,0.01024713682941547,13.174404015056451,6.493506493506485,5.1895043731778445,-5.351521511017832,17.016630451487185,17.10096548025903,17.792536994469035,18.456360385898567,002129.SZ
2014-03-20,17.56,-0.40583242289268007,3,-0.026607538802660757,0.04277456647398825,-0.008027522935779796,0.04057279236276856,5.8468957203134275,7.730061349693229,9.749999999999993,-1.5695067264574036,17.11542491485315,17.144683053567697,17.78341789664672,18.447441377083656,002129.SZ
2014-03-21,17.84,-0.3549740688354549,4,0.015945330296127658,-0.026607538802660757,0.04277456647398825,-0.008027522935779796,6.443914081145574,9.313725490196067,9.64966195451753,0.3939223410241999,17.247165839425303,17.21090371513268,17.785636802660576,18.441397184276855,002129.SZ
2014-03-24,18.01,0.22819969300489729,0,0.009529147982062947,0.015945330296127658,-0.026607538802660757,0.04277456647398825,3.2683486238532122,15.44871794871796,9.019370460048437,2.5042686397268143,17.385862959529792,17.287008123215283,17.794435359418987,18.437104674980567,002129.SZ
2014-03-25,17.86,-0.27923585074093915,1,-0.008328706274292164,0.009529147982062947,0.015945330296127658,-0.026607538802660757,3.2369942196531776,10.178901912399741,9.302325581395344,4.566744730679173,17.472069694160737,17.341578778147163,17.797006521794714,18.431362339906133,002129.SZ
2014-03-26,17.98,-0.2316901989926513,2,0.006718924972004547,-0.008328706274292164,0.009529147982062947,0.015945330296127658,-0.3325942350332567,12.797992471769138,6.139315230224307,4.8396501457726115,17.564420658858783,17.402380799276003,17.804182736626295,18.42687117234488,002129.SZ
2014-03-27,18.16,0.9564750134336379,3,0.010011123470522687,0.006718924972004547,-0.008328706274292164,0.009529147982062947,3.4168564920273425,9.463532248342377,11.411042944785276,13.5,17.672707811793547,17.474535008868763,17.81813635479781,18.42421573779419,002129.SZ
2014-03-28,17.52,-0.14474045591870377,4,-0.03524229074889873,0.010011123470522687,0.006718924972004547,-0.008328706274292164,-1.7937219730941756,4.534606205250591,7.352941176470584,7.682851874615859,17.644942755103813,17.47886500802412,17.806444733041037,18.41521856627385,002129.SZ
2014-03-31,17.58,-0.44881181759794475,0,0.003424657534246478,-0.03524229074889873,0.010011123470522687,0.006718924972004547,-2.3875624652970773,0.8027522935779574,12.692307692307692,6.4164648910411515,17.633134981448574,17.488496912021823,17.797564547431584,18.406907933773613,002129.SZ
2014-04-01,18.25,0.3468888371009091,1,0.03811149032992045,0.003424657534246478,-0.03524229074889873,0.010011123470522687,2.183650615901467,5.491329479768781,12.584824182603317,11.689106487148093,17.745292257548833,17.561021015638794,17.815307114198973,18.405346660800745,002129.SZ
2014-04-02,19.11,2.5169997404619773,2,0.04712328767123286,0.03811149032992045,0.003424657534246478,-0.03524229074889873,6.284760845383763,5.931263858093128,19.887076537013805,12.80991735537189,17.9934209379945,17.708542823673195,17.866079384230385,18.412358136812678,002129.SZ
2014-04-03,19.0,-0.5515214129338548,3,-0.005756148613291434,0.04712328767123286,0.03811149032992045,0.003424657534246478,4.625550660792954,8.200455580865619,14.526823387582887,16.564417177914102,18.17643531290459,17.83153874522813,17.910546859358607,18.418205319530962,002129.SZ
2014-04-04,19.4,0.010366388767003132,4,0.021052631578947212,-0.005756148613291434,0.04712328767123286,0.03811149032992045,10.730593607305927,8.744394618834072,15.751789976133622,18.872549019607842,18.39890161964921,17.980916007587357,17.968956786442586,18.427974420829162,002129.SZ
2014-04-08,19.59,0.2561750176429076,1,0.009793814432989656,0.021052631578947212,-0.005756148613291434,0.04712328767123286,11.433447098976114,8.772903942254295,12.327981651376142,25.576923076923073,18.61546496153117,18.13416210210285,18.03252710854288,18.439536864403003,002129.SZ
2014-04-09,20.35,0.42662057044079504,2,0.03879530372639106,0.009793814432989656,0.021052631578947212,-0.005756148613291434,11.50684931506849,13.941769316909314,17.6300578034682,25.539790252930295,18.930834968525502,18.34519428285496,18.123408398403942,18.45854644784178,002129.SZ
2014-04-10,19.92,-0.13464800678541133,3,-0.021130221130221116,0.03879530372639106,0.009793814432989656,0.021052631578947212,4.238618524332827,10.789766407119018,10.421286031042154,24.96863237139273,19.11068315606632,18.495175779725916,18.19386297101555,18.473088274231415,002129.SZ
2014-04-11,19.32,-0.3243252704169146,4,-0.030120481927710885,-0.021130221130221116,0.03879530372639106,0.009793814432989656,1.6842105263157992,6.38766519823788,10.022779043280195,16.455696202531644,19.14874076405426,18.573730467371067,18.238025207446317,18.48151525657737,002129.SZ
2014-04-14,19.87,0.0502538597036577,0,0.028467908902691574,-0.030120481927710885,-0.021130221130221116,0.03879530372639106,2.4226804123711476,13.413242009132432,11.37892376681615,18.556085918854404,19.279878806953484,18.697184708573825,18.30202421891901,18.495331025168642,002129.SZ
2014-04-15,19.52,-0.253699684293607,1,-0.017614494212380594,0.028467908902691574,-0.030120481927710885,-0.021130221130221116,-0.35732516590096797,11.035267349260526,8.384230982787333,11.926605504587151,19.323537205689213,18.775548069662033,18.34978797503983,18.505526736360995,002129.SZ
2014-04-16,18.97,0.06180183753057045,2,-0.02817622950819676,-0.017614494212380594,0.028467908902691574,-0.030120481927710885,-6.781326781326791,3.945205479452052,6.215005599104151,9.653179190751437,19.25925771374572,18.79406730112279,18.374110015234347,18.510148360874815,002129.SZ
2014-04-17,19.05,-0.23786105577689232,3,0.004217185028993153,-0.02817622950819676,-0.017614494212380594,0.028467908902691574,-4.367469879518082,-0.31397174254316207,5.951056729699666,5.598669623059882,19.221210856701042,18.818441843873,18.400615504833,18.515520018975565,002129.SZ
2014-04-18,19.2,0.01478395818018452,4,0.007874015748031482,0.004217185028993153,-0.02817622950819676,-0.017614494212380594,-0.6211180124223614,1.0526315789473717,5.726872246696035,9.339407744874716,19.21735433730085,18.854780715885095,18.431963916408176,18.522330765055408,002129.SZ
2014-04-21,18.8,0.22545074050225367,0,-0.02083333333333326,0.007874015748031482,0.004217185028993153,-0.02817622950819676,-5.385002516356319,-3.092783505154628,7.30593607305936,5.381165919282527,19.141471730518877,18.84956350484842,18.446396704000012,18.525093643015058,002129.SZ
2014-04-22,18.53,-0.20729064039408873,1,-0.014361702127659526,-0.02083333333333326,0.007874015748031482,0.004217185028993153,-5.071721311475397,-5.410923940786105,5.4038680318543975,2.8872848417545782,19.030295052242717,18.819128885339044,18.449675264627462,18.525142462487548,002129.SZ
2014-04-23,18.71,-0.49697572292650594,2,0.009713977334052881,-0.014361702127659526,-0.02083333333333326,0.007874015748031482,-1.3705851344227638,-8.058968058968063,2.520547945205487,4.759238521836506,18.972059588198587,18.808735658163897,18.45988407777933,18.52698184097026,002129.SZ
2014-04-24,19.21,1.2844671388568605,3,0.026723677177979743,0.009713977334052881,-0.014361702127659526,-0.02083333333333326,0.8398950131233596,-3.5642570281124497,0.5232862375719627,6.84093437152391,19.015321481253388,18.846951309767334,18.48930038845465,18.533778041557625,002129.SZ
2014-04-25,18.52,-0.07145432258994877,4,-0.0359187922956794,0.026723677177979743,0.009713977334052881,-0.014361702127659526,-3.541666666666665,-4.140786749482405,-2.5263157894736876,1.982378854625555,18.925263030116405,18.815813089789494,18.490504294789766,18.533640946616757,002129.SZ
2014-04-28,17.0,0.12641714551949068,0,-0.0820734341252699,-0.0359187922956794,0.026723677177979743,0.009713977334052881,-9.57446808510639,-14.44388525415199,-12.371134020618547,-2.9680365296803624,18.575215206458875,18.64287850980954,18.432053145974482,18.518380837695197,002129.SZ
2014-04-29,17.35,-0.35640424651868197,1,0.020588235294117796,-0.0820734341252699,-0.0359187922956794,0.026723677177979743,-6.368051807879116,-11.116803278688515,-11.43440530883103,-1.3083048919226181,18.352448805284535,18.519747223161012,18.3896196892696,18.506755157718132,002129.SZ
2014-04-30,17.37,-0.3058054841473864,2,0.0011527377521614035,0.020588235294117796,-0.0820734341252699,-0.0359187922956794,-7.161945483698551,-8.434370057986285,-14.643734643734641,-4.821917808219167,18.173821749778256,18.410247487621866,18.34963460341589,18.49544416112392,002129.SZ
2014-05-05,17.68,-0.08625212158617501,0,0.01784686240644784,0.0011527377521614035,0.020588235294117796,-0.0820734341252699,-7.964601769911505,-7.191601049868767,-11.244979919678721,-7.482993197278908,18.084035977091297,18.340700107848352,18.323374422889778,18.48733028887393,002129.SZ
2014-05-06,17.5,0.3613644039175956,1,-0.010180995475113086,0.01784686240644784,0.0011527377521614035,0.020588235294117796,-5.507559395248373,-8.854166666666663,-9.420289855072461,-7.8947368421052655,17.977847617620153,18.260633430910417,18.29108522983528,18.477506106895085,002129.SZ
2014-05-07,16.22,0.7882659389729594,2,-0.07314285714285718,-0.010180995475113086,0.01784686240644784,0.0011527377521614035,-4.5882352941176485,-13.72340425531916,-18.369401107196794,-16.391752577319586,17.65823895987103,18.06628738987133,18.20986620121429,18.455043359562797,002129.SZ
2014-05-08,16.37,-0.4244294929597002,3,0.009247842170160503,-0.07314285714285718,-0.010180995475113086,0.01784686240644784,-5.648414985590778,-11.656772800863468,-16.137295081967206,-16.436957631444603,17.424013694439935,17.904736209883584,18.137714585480396,18.434296659467645,002129.SZ
2014-05-09,16.48,-0.3847915160279586,4,0.006719609040928498,0.009247842170160503,-0.07314285714285718,-0.010180995475113086,-5.123776626367304,-11.918760021378938,-13.125988402741163,-19.017199017199015,17.2523748409054,17.769047047037528,18.072706170363517,18.414850921562497,002129.SZ
2014-05-12,17.22,0.7663075416258571,0,0.04490291262135915,0.006719609040928498,0.009247842170160503,-0.07314285714285718,-2.601809954751133,-10.359187922956803,-9.606299212598435,-13.554216867469894,17.246488506195327,17.716756852081573,18.039266712702204,18.402961857666355,002129.SZ
2014-05-13,16.85,0.10502384385050467,1,-0.021486643437862774,0.04490291262135915,0.006719609040928498,0.009247842170160503,-3.7142857142857033,-9.017278617710577,-12.239583333333325,-12.784679089026907,17.174399686887085,17.634208580454757,17.99262880240016,18.387509500873655,002129.SZ
2014-05-14,17.04,-0.4157968687274187,2,0.011275964391691318,-0.021486643437862774,0.04490291262135915,0.006719609040928498,5.055487053020968,0.23529411764704466,-9.361702127659587,-14.242576748867652,17.149963380180342,17.577617287078112,17.955270810149173,18.374101446138596,002129.SZ
2014-05-15,16.58,0.18227108744202014,3,-0.02699530516431925,0.011275964391691318,-0.021486643437862774,0.04490291262135915,1.2828344532681557,-4.4380403458213475,-10.523475445223973,-15.061475409836067,17.046333674693006,17.482606116880195,17.901338621515873,18.356249690455627,002129.SZ
2014-05-16,16.96,0.0823888404533566,4,0.02291917973462021,-0.02699530516431925,0.011275964391691318,-0.021486643437862774,2.9126213592232997,-2.3603914795624625,-9.353287012292888,-10.59567738534527,17.03063664293064,17.432834105748746,17.864423381456426,18.3423566587098,002129.SZ
2014-05-19,17.2,0.351590817559404,0,0.014150943396226356,0.02291917973462021,-0.02699530516431925,0.011275964391691318,-0.11614401858304202,-2.714932126696834,-10.463300364393557,-9.711286089238857,17.061429980579614,17.41065942901077,17.838367562575783,18.330989925787318,002129.SZ
2014-05-20,17.07,-0.31992451330949545,1,-0.007558139534883712,0.014150943396226356,0.02291917973462021,-0.02699530516431925,1.3056379821958286,-2.4571428571428577,-7.829373650107985,-11.093749999999991,17.062988165928775,17.378215673866887,17.808235501298302,18.31844276234665,002129.SZ
2014-05-21,17.16,-0.21454651672265224,2,0.005272407732864748,-0.007558139534883712,0.014150943396226356,0.02291917973462021,0.7042253521126751,5.795314426633791,0.9411764705882453,-8.723404255319156,17.08062668121445,17.357433228736706,17.782814501247387,18.30691596869146,002129.SZ
2014-05-22,17.26,0.6048716995165488,3,0.005827505827505908,0.005272407732864748,-0.007558139534883712,0.014150943396226356,4.101326899879387,5.436774587660365,-0.5187319884726205,-6.85375067458176,17.113240011902732,17.348153873618926,17.762311971786705,18.29649889437612,002129.SZ
2014-05-23,17.3,-0.41629011702004404,4,0.002317497103128563,0.005827505827505908,0.005272407732864748,-0.007558139534883712,2.004716981132071,4.975728155339798,-0.4029936672423684,-7.536076964190275,17.14719637337496,17.343567790417126,17.744182090540168,18.286583482491782,002129.SZ
2014-05-26,17.34,0.48987693529178244,0,0.0023121387283235872,0.002317497103128563,0.005827505827505908,0.005272407732864748,0.8139534883720989,0.6968641114982743,-1.9230769230769273,-9.734513274336287,17.182251578215876,17.34322800085359,17.72833181247977,18.277164741372463,002129.SZ
2014-05-27,17.21,0.17319477751132428,1,-0.007497116493656253,0.0023121387283235872,0.002317497103128563,0.005827505827505908,0.8201523140011657,2.136498516320473,-1.657142857142857,-7.073434125269973,17.18729674581299,17.330539619819913,17.708005074735468,18.266546186731944,002129.SZ
2014-05-28,17.37,0.5283897342720871,2,0.009296920395119201,-0.007497116493656253,0.0023121387283235872,0.002317497103128563,1.2237762237762295,1.9366197183098732,7.09001233045623,2.176470588235291,17.220515519301536,17.334297751265634,17.694749973765447,18.25762532915252,002129.SZ
2014-05-29,17.08,-0.32387250167174386,3,-0.01669545192861266,0.009296920395119201,-0.007497116493656253,0.0023121387283235872,-1.0428736964078977,3.0156815440289586,4.337202199144752,-1.5561959654178836,17.19496724306489,17.310078917811765,17.670642131656997,18.24590766418583,002129.SZ
2014-05-30,18.79,2.5741758241758244,4,0.10011709601873542,-0.01669545192861266,0.009296920395119201,-0.007497116493656253,8.612716763005768,10.790094339622636,14.016990291262132,8.175014392630953,17.484973198871273,17.451023782782073,17.71453851865084,18.25132151827353,002129.SZ
2014-06-03,19.33,0.38767102229054573,1,0.028738690792974975,0.10011709601873542,-0.01669545192861266,0.009296920395119201,11.476355247981541,12.383720930232545,12.253193960511034,9.332579185520352,17.820432617258312,17.62997389870759,17.777889949291986,18.26205463749469,002129.SZ
2014-06-04,19.37,-0.5875171710905305,2,0.0020693222969478953,0.028738690792974975,0.10011709601873542,-0.01669545192861266,12.550842533410812,13.473930872876405,14.955489614243312,10.685714285714297,18.102172141393165,17.795690670259248,17.840325637555043,18.273078969459917,002129.SZ
2014-06-05,19.22,-0.10184240210560236,3,-0.0077439339184306455,0.0020693222969478953,0.028738690792974975,0.10011709601873542,10.650546919976955,12.004662004661991,12.79342723004695,18.495684340320583,18.305413570230773,17.931339177853605,17.89443051451367,18.28250106926629,002129.SZ
2014-06-06,19.13,-0.06985228156210754,4,-0.004682622268470382,-0.0077439339184306455,0.0020693222969478953,0.028738690792974975,12.002341920374704,10.834298957126286,15.379975874547647,16.860109957238834,18.455338375643358,18.045497351391358,17.94288421982686,18.29093389444772,002129.SZ
2014-06-09,19.7,0.6841123898926253,0,0.02979613173026663,-0.004682622268470382,-0.0077439339184306455,0.0020693222969478953,4.843001596593943,13.87283236994219,16.155660377358473,19.538834951456295,18.681640489162746,18.20306903221123,18.01179072101012,18.304954452711918,002129.SZ
2014-06-10,19.71,-0.39693811323636086,1,0.0005076142131981154,0.02979613173026663,-0.004682622268470382,-0.0077439339184306455,1.9658561821003673,13.66782006920415,14.593023255813954,14.459930313588853,18.86861494567861,18.34658626723873,18.07838716332345,18.318935005421256,002129.SZ
2014-06-11,19.5,-0.04197265130412764,2,-0.010654490106544956,0.0005076142131981154,0.02979613173026663,-0.004682622268470382,0.6711409395973034,13.306217315514225,14.23550087873462,15.727002967359049,18.983412228282496,18.456435194168375,18.134136686330372,18.330686895914578,002129.SZ
2014-06-12,19.8,0.05616863807572847,3,0.01538461538461533,-0.010654490106544956,0.0005076142131981154,0.02979613173026663,3.017689906347565,13.989637305699487,15.384615384615397,16.19718309859155,19.131882732231134,18.58439374710472,18.199464659415458,18.345306926801,002129.SZ
2014-06-13,20.01,0.11693674529187259,4,0.01060606060606073,0.01538461538461533,-0.010654490106544956,0.0005076142131981154,4.600104547830641,17.154566744730705,15.93279258400926,20.687575392038624,19.291540417280018,18.720165771189986,18.270466045320735,18.361871036982087,002129.SZ
2014-06-16,19.62,-0.054783777727985705,0,-0.019490254872563728,0.01060606060606073,0.01538461538461533,-0.010654490106544956,-0.4060913705583702,4.417243214475786,13.41040462427745,15.683962264150942,19.351260341410924,18.80586426917189,18.323388945504234,18.374389733131522,002129.SZ
2014-06-17,19.25,-0.0032594524119948787,1,-0.01885830784913356,-0.019490254872563728,0.01060606060606073,0.01538461538461533,-2.3338406900050734,-0.41386445938954575,11.014994232987307,11.91860465116279,19.3328493702453,18.84816291020314,18.359726633915834,18.383102273100366,002129.SZ
2014-06-18,19.55,-0.2450205125156073,2,0.01558441558441559,-0.01885830784913356,-0.019490254872563728,0.01060606060606073,0.2564102564102555,0.929272070211673,13.596746077861699,14.528412419449332,19.37233130292797,18.91500453780284,18.406404020821096,18.394713195756083,002129.SZ
2014-06-19,19.19,0.5503228854937785,3,-0.018414322250639326,0.01558441558441559,-0.01885830784913356,-0.019490254872563728,-3.080808080808073,-0.15608740894900164,10.477835348301667,11.829836829836825,19.339180156941065,18.94119458182162,18.437133274906547,18.402626497290846,002129.SZ
2014-06-20,19.68,-0.46652443360763995,4,0.025534132360604422,-0.018414322250639326,0.01558441558441559,-0.01885830784913356,-1.6491754122938573,2.8750653423941452,15.222482435597207,14.020857473928139,19.4011474011336,19.011557002600515,18.48587314647884,18.415336681397406,002129.SZ
2014-06-23,19.78,1.0409445819843839,0,0.005081300813008172,0.025534132360604422,-0.018414322250639326,0.01558441558441559,0.815494393476035,0.4060913705583813,5.268759978712101,14.335260115606928,19.47002969183658,19.084742049971897,18.536623219165946,18.42891542088599,002129.SZ
2014-06-24,19.41,-0.12690118503312497,1,-0.018705763397371178,0.005081300813008172,0.025534132360604422,-0.018414322250639326,0.831168831168827,-1.5220700152207,0.41386445938955685,11.937716262975773,19.459115202411745,19.11571899759362,18.570873289002577,18.438677456499065,002129.SZ
2014-06-25,18.93,-0.237255530618788,2,-0.02472952086553326,-0.018705763397371178,0.005081300813008172,0.025534132360604422,-3.171355498721229,-2.9230769230769282,-2.271553949406302,9.994189424753053,19.36291243833688,19.098031474013275,18.58495668943385,18.44356623802644,002129.SZ
2014-06-26,19.0,-0.15587781981224613,3,0.003697834125726329,-0.02472952086553326,-0.018705763397371178,0.005081300813008172,-0.9900990099010021,-4.040404040404044,-1.144640998959412,9.383995394358081,19.296928358639263,19.08869514315487,18.601232897691347,18.449102892374434,002129.SZ
2014-06-27,19.05,0.03693252552079018,4,0.0026315789473685403,0.003697834125726329,-0.02472952086553326,-0.018705763397371178,-3.2012195121951192,-4.797601199400303,-0.4181913225300482,11.533957845433275,19.252032293432123,19.085009891425834,18.618831607585804,18.4550819680722,002129.SZ
2014-06-30,19.07,-0.1026092524411717,0,0.0010498687664042272,0.0026315789473685403,0.003697834125726329,-0.02472952086553326,-3.5894843276036426,-2.803261977573912,-3.1979695431472055,1.4901543374135295,19.2189355128081,19.083580377956707,18.636524485719693,18.461200555454568,002129.SZ
2014-07-01,19.54,1.1841776667855868,1,0.024646040901940225,0.0010498687664042272,0.0026315789473685403,0.003697834125726329,0.6697578567748552,1.5064935064935003,-0.8625063419584023,1.0863942058975784,19.277310874115713,19.1270489133894,18.67195489804441,18.471934878285868,002129.SZ
2014-07-02,19.61,-0.36930866919841565,2,0.003582395087001089,0.024646040901940225,0.0010498687664042272,0.0026315789473685403,3.59218172213418,0.3069053708439906,0.5641025641025532,1.23902942694889,19.337799806094672,19.173044254971362,18.708740980474044,18.4832589093477,002129.SZ
2014-07-03,20.64,1.9653609582389127,3,0.0525242223355431,0.003582395087001089,0.024646040901940225,0.0010498687664042272,8.631578947368435,7.5560187597707,4.2424242424242475,7.388137356919877,19.574563477713824,19.31275432592647,18.78447662829859,18.50471901970245,002129.SZ
2014-07-04,20.45,-0.5437991266375546,4,-0.009205426356589164,0.0525242223355431,0.003582395087001089,0.024646040901940225,7.349081364829391,3.9126016260162544,2.1989005497251357,6.90015682174594,19.733733754493127,19.421063437742994,18.849791270326097,18.52407504935715,002129.SZ
2014-07-07,20.35,-0.10677706518617791,0,-0.004889975550122161,-0.009205426356589164,0.0525242223355431,0.003582395087001089,6.71211326691139,2.8816986855409565,3.720693170234446,3.2994923857868175,19.8457821627671,19.509533586529376,18.90862298521527,18.542243456826235,002129.SZ
2014-07-08,20.79,0.4220650484916679,1,0.0216216216216214,-0.004889975550122161,-0.009205426356589164,0.0525242223355431,6.397134083930389,7.109737248840808,7.999999999999985,5.47945205479452,20.017458133173083,19.631482768764673,18.982402475991144,18.56460919357423,002129.SZ
2014-07-09,20.03,0.03029389600602861,2,-0.03655603655603645,0.0216216216216214,-0.004889975550122161,-0.009205426356589164,2.1417644059153584,5.81088219757,2.455242966751925,2.717948717948726,20.019738472596156,19.669436790787085,19.02348473183463,18.579190196623244,002129.SZ
2014-07-10,19.98,-0.5562097717963721,3,-0.0024962556165751826,-0.03655603655603645,0.0216216216216214,-0.004889975550122161,-3.197674418604657,5.157894736842117,4.1167274622198935,0.9090909090909038,20.012513295760492,19.699014239283553,19.06099513450778,18.593128602626997,002129.SZ
2014-07-11,20.16,-0.33852492789451993,4,0.009009009009008917,-0.0024962556165751826,-0.03655603655603645,0.0216216216216214,-1.418092909535451,5.826771653543306,2.4390243902439046,0.7496251874062887,20.039329060167674,19.742917645066072,19.10409336452708,18.608719362799867,002129.SZ
2014-07-14,19.94,1.297620530708858,0,-0.010912698412698374,0.009009009009008917,-0.0024962556165751826,-0.03655603655603645,-2.0147420147420103,4.562139486103822,0.8088978766430666,1.6309887869520923,20.021269231046276,19.761687393155018,19.136874016898567,18.62196593630435,002129.SZ
2014-07-15,20.12,-0.29919210540584507,1,0.009027081243731194,-0.010912698412698374,0.009009009009008917,-0.0024962556165751826,-3.222703222703216,2.9682702149437246,3.657908294693457,4.519480519480523,20.039220279946953,19.795812403330732,19.175427977020192,18.63687174788341,002129.SZ
2014-07-16,19.89,-0.1558220502901354,2,-0.011431411530815172,0.009027081243731194,-0.010912698412698374,0.009009009009008917,-0.6989515726410378,1.427842937276913,5.071315372424734,1.7391304347825987,20.012089319956598,19.804782650632568,19.20345040929391,18.64934068571542,002129.SZ
2014-07-17,20.07,0.044175602602877895,3,0.009049773755656076,-0.011431411530815172,0.009027081243731194,-0.010912698412698374,0.45045045045044585,-2.761627906976749,5.631578947368432,4.585721730067749,20.02261853450994,19.83004144581042,19.237432746184346,18.66347659929039,002129.SZ
2014-07-18,20.09,-0.4493109804265777,4,0.0009965122072745913,0.009049773755656076,-0.011431411530815172,0.009027081243731194,-0.347222222222221,-1.760391198044009,5.459317585301826,2.083333333333326,20.034869710053588,19.854799403352285,19.270866756137902,18.67767086198402,002129.SZ
2014-07-21,20.47,2.4497927956646475,0,0.018914883026381224,0.0009965122072745913,0.009049773755656076,-0.011431411530815172,2.6579739217652776,0.5896805896805857,7.341373885684321,3.48837209302324,20.113984308225664,19.913389936366354,19.317891589230534,18.695504982760298,002129.SZ
2014-07-22,20.77,-0.2501848087229718,1,0.014655593551538892,0.018914883026381224,0.0009965122072745913,0.009049773755656076,3.2306163021868617,-0.09620009620009418,6.294779938587514,7.006697578567755,20.23325988854827,19.99497184718861,19.37483701710385,18.71614672422537,002129.SZ
2014-07-23,20.43,-0.1509027050341979,2,-0.016369764082811766,0.014655593551538892,0.018914883026381224,0.0009965122072745913,2.714932126696823,1.9970044932601017,4.181540030596631,7.923930269413626,20.26903081790313,20.03640309983731,19.41621595760958,18.733199990650988,002129.SZ
2014-07-24,19.48,0.9111756168359941,3,-0.04650024473813019,-0.016369764082811766,0.014655593551538892,0.018914883026381224,-2.939711011459889,-2.5025025025025016,-5.620155038759689,2.5263157894736876,20.12557066919347,19.983412328424237,19.418717292605287,18.74063083651516,002129.SZ
2014-07-25,19.76,-0.5804981773997571,4,0.014373716632443578,-0.04650024473813019,-0.016369764082811766,0.014655593551538892,-1.6426082628173133,-1.984126984126977,-3.3740831295843376,3.727034120734918,20.059103274794655,19.962134963812403,19.432100928189392,18.750773813266253,002129.SZ
2014-07-28,19.85,0.2252896451846489,0,0.0045546558704452345,0.014373716632443578,-0.04650024473813019,-0.016369764082811766,-3.0288226673180096,-0.4513540621865597,-2.457002457002455,4.0901940220241295,20.02108449755926,19.951455443449316,19.448489127083924,18.761711387263606,002129.SZ
2014-07-29,20.26,0.07837777941936896,1,0.020654911838790868,0.0045546558704452345,0.014373716632443578,-0.04650024473813019,-2.455464612421754,0.6958250497017815,-2.5493025493025345,3.68474923234392,20.064523679821214,19.98084063931129,19.480313082884553,18.776619731668944,002129.SZ
2014-08-01,19.79,-0.20571321180229285,4,-0.024642681123706267,0.0014807502467915068,0.0,0.020654911838790868,0.15182186234816708,-1.4932802389248434,-1.835317460317465,-3.2273838630806906,20.071944224334832,20.011068561174405,19.55118976779885,18.816079524258186,002129.SZ
2014-08-04,19.89,-0.4987696384629945,0,0.005053057099545288,-0.024642681123706267,0.0014807502467915068,0.0,0.201511335012583,-2.833414753297503,-0.25075225677031465,-2.2604422604422636,20.03886345627395,19.999538222014937,19.564476443571444,18.826765300136216,002129.SZ
2014-08-05,20.48,1.1899546827794563,1,0.02966314731020603,0.005053057099545288,-0.024642681123706267,0.0014807502467915068,1.0858835143139123,-1.3962445835339343,1.7892644135188762,-1.4911014911014875,20.119070100587777,20.045296486584945,19.600379328137272,18.843215396652276,002129.SZ
2014-08-06,22.06,1.594973271253664,2,0.0771484375,0.02966314731020603,0.005053057099545288,-0.024642681123706267,8.88450148075024,7.978463044542328,10.910005027652069,10.134797803295047,20.471966445935454,20.237173011672095,19.69683504075934,18.875223203650762,002129.SZ
2014-08-07,22.15,-0.4800724336716894,3,0.004079782411604782,0.0771484375,0.02966314731020603,0.005053057099545288,9.167077378018718,13.706365503080065,10.363726955655196,10.860860860860843,20.77706345576537,20.419347010560465,19.793037588180542,18.90780804739553,002129.SZ
2014-08-08,21.94,-0.29390337423312884,4,-0.009480812641083358,0.004079782411604782,0.0771484375,0.02966314731020603,10.864072764022236,11.032388663967607,9.208561473369837,8.829365079365093,20.988506463808026,20.5641711047928,19.877232192565618,18.93797911160055,002129.SZ
2014-08-11,22.26,0.4262376685672913,0,0.014585232452142272,-0.009480812641083358,0.004079782411604782,0.0771484375,11.915535444947212,12.141057934508815,8.744504152418187,11.634904714142436,21.21968710675202,20.725678618622055,19.970674067366964,18.971034045813482,002129.SZ
2014-08-12,22.02,-0.37659041152393957,1,-0.010781671159029727,0.014585232452142272,-0.009480812641083358,0.004079782411604782,7.51953125,8.687068114511343,6.018295618680791,9.44333996023856,21.365198541888013,20.84894732161043,20.05103979021532,19.00137201550688,002129.SZ
2014-08-13,22.11,0.16118688925081437,2,0.004087193460490468,-0.010781671159029727,0.014585232452142272,-0.009480812641083358,0.2266545784224805,9.131293188548861,8.223201174743021,11.161387631975872,21.500616988817463,20.96904757669515,20.131783327853935,19.032303637243132,002129.SZ
2014-08-14,22.16,-0.04549638395792244,3,0.002261420171868034,0.004087193460490468,-0.010781671159029727,0.014585232452142272,0.04514672686231069,9.216362740266138,13.757700205338796,10.413552566018925,21.620504809032468,21.082471617009897,20.211321236565546,19.063424994086482,002129.SZ
2014-08-15,22.4,-0.03320016531202652,4,0.010830324909747224,0.002261420171868034,0.004087193460490468,-0.010781671159029727,2.096627164995435,13.188479029813038,13.360323886639659,11.498257839721248,21.7622312073902,21.207950510628002,20.297151776308073,19.096624745389107,002129.SZ
2014-08-18,23.0,0.9482758620689655,0,0.026785714285714413,0.010830324909747224,0.002261420171868034,0.004087193460490468,3.3243486073674777,15.635997988939154,15.8690176322418,12.35955056179776,21.9872800787738,21.37862189056819,20.403145824295994,19.135464300161356,002129.SZ
2014-08-19,22.87,-0.2789926619371511,1,-0.005652173913043401,0.026785714285714413,0.010830324909747224,0.002261420171868034,3.860127157129889,11.669921875,12.882527147087863,10.110736639383733,22.147774609905838,21.52065790099027,20.499885203735367,19.172623859363732,002129.SZ
2014-08-20,22.78,-0.12689771766694835,2,-0.003935286401399174,-0.005652173913043401,0.026785714285714413,0.010830324909747224,3.0303030303030276,3.2638259292837812,12.438302073050345,11.502692119432222,22.26272468083205,21.6405952437531,20.58930147025555,19.208518149320312,002129.SZ
2014-08-21,22.3,0.07377430098365712,3,-0.021071115013169495,-0.003935286401399174,-0.005652173913043401,0.026785714285714413,0.631768953068601,0.6772009029345494,9.906357811729926,14.476386036960998,22.269502011589857,21.703395696728997,20.656387687108275,19.23927916275991,002129.SZ
2014-08-22,22.74,-0.1150503119702816,4,0.019730941704035665,-0.021071115013169495,-0.003935286401399174,-0.005652173913043401,1.5178571428571486,3.6463081130355457,14.9065184436584,15.080971659919019,22.3550471003917,21.802119916088138,20.73809797388834,19.274112205916527,002129.SZ
2014-08-25,22.42,-0.38350246566409907,0,-0.014072119613016576,0.019730941704035665,-0.021071115013169495,-0.003935286401399174,-2.5217391304347747,0.7187780772686336,12.719959778783307,12.94710327455919,22.3668567185023,21.860965638365457,20.8040549160888,19.305414572026812,002129.SZ
2014-08-26,22.51,0.4183248496066636,1,0.004014272970561894,-0.014072119613016576,0.019730941704035665,-0.021071115013169495,-1.5741145605596807,2.2252497729337017,9.912109375,11.10562685093781,22.392882769683702,21.922778434711603,20.870954723301004,19.3373009941957,002129.SZ
2014-08-27,22.54,-0.46306222325798185,2,0.0013327410039980503,0.004014272970561894,-0.014072119613016576,0.019730941704035665,-1.0535557506584858,1.9448213478064247,2.1758839528558394,11.253701875616962,22.419631357013937,21.981561440929546,20.936407479249983,19.36916864599475,002129.SZ
2014-08-28,22.9,0.5592881944444443,3,0.015971606033717833,0.0013327410039980503,0.004014272970561894,-0.014072119613016576,2.690582959641241,3.339350180505418,3.3860045146726803,12.863479546574673,22.50697111028413,22.069031779888636,21.013411107514692,19.404301296283364,002129.SZ
2014-08-29,23.0,-0.017703056282358243,4,0.004366812227074357,0.015971606033717833,0.0013327410039980503,0.004014272970561894,1.1433597185576128,2.6785714285714413,4.8313582497721,16.220313289540165,22.596612726596106,22.15769541989924,21.091316554278823,19.44007939283776,002129.SZ
2014-09-01,23.0,0.12218758855199785,0,0.0,0.004366812227074357,0.015971606033717833,0.0013327410039980503,2.5869759143621662,0.0,3.3243486073674777,15.635997988939154,22.669955867214995,22.23791490371836,21.166166885483577,19.475501488431416,002129.SZ
2014-09-02,23.01,0.02535225493661941,1,0.00043478260869567187,0.0,0.004366812227074357,0.015971606033717833,2.221235006663713,0.6121556624398838,4.495912806539515,12.353515625,22.731782073175903,22.311446817649944,21.238474066445004,19.510670627850008,002129.SZ
2014-09-03,23.93,1.0408314042259765,2,0.039982616253802616,0.00043478260869567187,0.0,0.004366812227074357,6.166814551907729,5.048287971905174,8.231569425599282,8.47688123300092,22.949639878053013,22.465594739778524,21.344024103055006,19.554644054438565,002129.SZ
2014-09-04,23.94,-0.40357185953903707,3,0.0004178854993732717,0.039982616253802616,0.00043478260869567187,0.0,4.541484716157207,7.354260089686093,8.032490974729246,8.081264108352148,23.12970535477065,22.606014288371046,21.445827079405788,19.598279436981464,002129.SZ
2014-09-05,23.94,-0.19281349896815447,4,0.0,0.0004178854993732717,0.039982616253802616,0.00043478260869567187,4.086956521739138,5.277044854881274,6.875000000000009,9.115770282588876,23.277031653903258,22.733060546621424,21.543637782174187,19.641480636613487,002129.SZ
2014-09-09,23.69,0.09028474032484479,1,-0.010442773600668365,0.0,0.0004178854993732717,0.039982616253802616,3.0000000000000027,5.664585191793048,3.0000000000000027,6.424079065588506,23.35211680773903,22.824197637419385,21.627808849539907,19.681764411373553,002129.SZ
2014-09-10,23.54,-0.28824313761552256,2,-0.00633178556352898,-0.010442773600668365,0.0,0.0004178854993732717,2.303346371142978,4.575744113727231,2.929602098819406,6.902815622161662,23.386277388150116,22.89236929099849,21.702796737793243,19.720154815240484,002129.SZ
2014-09-11,23.6,0.824160206718346,3,0.002548853016142827,-0.00633178556352898,-0.010442773600668365,0.0,-1.3790221479314635,4.7027506654836015,3.5996488147497896,6.739032112166443,23.425136044850092,22.959762691855776,21.77719686572292,19.75876023996446,002129.SZ
2014-09-12,23.58,-0.4770521991642468,4,-0.0008474576271187972,0.002548853016142827,-0.00633178556352898,-0.010442773600668365,-1.5037593984962516,2.9694323144104695,5.739910313901331,6.40794223826715,23.453293127604617,23.018832911679034,21.847895027851436,19.79678252613397,002129.SZ
2014-09-15,23.45,0.5656531455271891,0,-0.005513146734520746,-0.0008474576271187972,0.002548853016142827,-0.00633178556352898,-2.046783625730997,1.9565217391304346,3.1222515391380767,4.6875,23.452694377131046,23.05989644390008,21.910722673818047,19.833132948759506,002129.SZ
2014-09-16,21.47,0.8464965397923878,1,-0.08443496801705763,-0.005513146734520746,-0.0008474576271187972,0.002548853016142827,-9.371042634022809,-6.65217391304348,-4.237288135593231,-6.65217391304348,23.092204490379945,22.908477734957216,21.893439431707538,19.849420183100207,002129.SZ
2014-09-17,21.88,-0.348035885783889,2,0.01909641360037262,-0.08443496801705763,-0.005513146734520746,-0.0008474576271187972,-7.0518266779948995,-4.910908300738825,-2.798756108396283,-4.328815041539147,22.871803673947227,22.810527474485102,21.89291239516999,19.86962495739772,002129.SZ
2014-09-18,21.67,-0.38012431286602233,3,-0.009597806215722038,0.01909641360037262,-0.08443496801705763,-0.005513146734520746,-8.177966101694912,-9.444212285833675,-3.8598047914818023,-4.87269534679543,22.65329391504773,22.701905810248427,21.884170732614308,19.8875391369261,002129.SZ
2014-09-19,21.5,0.046310786529878856,4,-0.007844946931241381,-0.009597806215722038,0.01909641360037262,-0.08443496801705763,-8.821034775233239,-10.192147034252297,-6.113537117903922,-3.58744394618834,22.443604112311778,22.587438590224767,21.869105213688258,19.903583523623354,002129.SZ
2014-09-22,21.3,0.24036117881675145,0,-0.009302325581395321,-0.007844946931241381,-0.009597806215722038,0.01909641360037262,-9.168443496801704,-11.027568922305765,-7.391304347826089,-6.33245382585751,22.235676091891456,22.464825391155742,21.84678736217107,19.917478214930586,002129.SZ
2014-09-23,22.2,0.16685275333839478,1,0.04225352112676051,-0.009302325581395321,-0.007844946931241381,-0.009597806215722038,3.4000931532370826,-6.2895736597720635,-3.4782608695652195,-0.9812667261373864,22.22918952972937,22.439603925331387,21.860638838164363,19.940189874483515,002129.SZ
2014-09-24,22.31,-0.2662379913499444,2,0.004954954954955015,0.04225352112676051,-0.009302325581395321,-0.007844946931241381,1.9652650822669093,-5.225148683092606,-3.042155584528483,-0.8884940026654964,22.24388234250585,22.427260694347446,21.87826084451086,19.96377007473741,002129.SZ
2014-09-25,21.89,0.1306139481508528,3,-0.018825638727028138,0.004954954954955015,0.04225352112676051,-0.009302325581395321,1.0152284263959421,-7.245762711864412,-8.5248641872127,-2.8837622005323804,22.179540098413874,22.3760930091715,21.87872120354965,19.982936541655445,002129.SZ
2014-09-26,22.06,-0.285674740484429,4,0.007766103243490141,-0.018825638727028138,0.004954954954955015,0.04225352112676051,2.6046511627906943,-6.446140797285837,-7.8529657477026005,-3.6681222707423577,22.157805535065897,22.345988913059927,21.885830175959466,20.003603839748425,002129.SZ
2014-09-29,21.6,0.21927275075889674,0,-0.020852221214868405,0.007766103243490141,-0.018825638727028138,0.004954954954955015,1.4084507042253502,-7.889125799573549,-9.774436090225558,-6.086956521739129,22.056386346872095,22.274942349911363,21.874621149451254,20.0194883786564,002129.SZ
2014-09-30,21.98,0.003549104778048484,1,0.017592592592592604,-0.020852221214868405,0.007766103243490141,-0.018825638727028138,-0.9909909909909809,2.3754075454122114,-7.218235542422969,-4.434782608695653,22.042497920168078,22.24685260230076,21.878753653394345,20.038995956978226,002129.SZ
2014-10-08,22.0,-0.12393771443652679,2,0.0009099181073703999,0.017592592592592604,-0.020852221214868405,0.007766103243490141,-1.389511429852075,0.5484460694698434,-6.542056074766355,-4.38939591481965,22.03477102559206,22.223342830653067,21.883508412084762,20.058508435018247,002129.SZ
2014-10-09,22.41,0.44761101403868175,3,0.018636363636363562,0.0009099181073703999,0.017592592592592604,-0.020852221214868405,2.3755139333028863,3.414859252422686,-5.042372881355939,-6.351859590472209,22.10299447548441,22.241119703924202,21.904155141022613,20.081906361037966,002129.SZ
2014-10-10,22.99,0.10463664363606084,4,0.025881302989736676,0.018636363636363562,0.0009099181073703999,0.017592592592592604,4.215775158658208,6.930232558139537,-2.502120441051736,-3.9682539682539764,22.264268207214517,22.3124416368838,21.94673729235506,20.110842616152016,002129.SZ
2014-10-13,23.14,0.11424265259984945,0,0.0065245759025664984,0.025881302989736676,0.018636363636363562,0.0009099181073703999,7.129629629629619,8.638497652582156,-1.321961620469081,-3.341687552213868,22.42349216953915,22.391256719085344,21.993531908341136,20.14098348564304,002129.SZ
2014-10-14,22.73,-0.19220884620587053,1,-0.017718236819360467,0.0065245759025664984,0.025881302989736676,0.018636363636363562,3.4121929026387665,2.3873873873873963,5.868653935724266,-4.052342760658512,22.479220865986576,22.42351798393436,22.022413009974816,20.166744843994852,002129.SZ
2014-10-15,23.35,0.21655224380442073,2,0.027276726792784922,-0.017718236819360467,0.0065245759025664984,0.025881302989736676,6.136363636363651,4.661586732406997,6.718464351005493,-0.8071367884451952,22.637544344898107,22.511754366416802,22.074475244877764,20.198419024651624,002129.SZ
2014-10-16,22.8,-0.16613330580503083,3,-0.02355460385438979,0.027276726792784922,-0.017718236819360467,0.0065245759025664984,1.7402945113788482,4.1571493832800455,5.214582371942766,-3.3898305084745783,22.66708173673481,22.539206331519964,22.102927196059028,20.224305402515785,002129.SZ
2014-10-17,22.69,-0.28085668303553,4,-0.004824561403508731,-0.02355460385438979,0.027276726792784922,-0.017718236819360467,-1.3049151805132553,2.855847688123303,5.534883720930228,-3.774385072094988,22.671248693692117,22.553567633279968,22.125949658958675,20.24883967711762,002129.SZ
2014-10-20,22.72,-0.07080966316635107,0,0.001322168356103992,-0.004824561403508731,-0.02355460385438979,0.027276726792784922,-1.8150388936905903,5.185185185185182,6.666666666666665,-3.1130063965884913,22.680112567566276,22.569418334872353,22.149245750764216,20.2734283370468,002129.SZ
2014-10-21,22.54,-0.2417093805965541,1,-0.007922535211267623,0.001322168356103992,-0.004824561403508731,-0.02355460385438979,-0.8358996920369566,2.547770700636942,1.531531531531538,4.983698183511875,22.654637555281496,22.566616588694032,22.164569446812678,20.29598128891698,002129.SZ
2014-10-22,22.09,0.3211173548334554,2,-0.01996450754214729,-0.007922535211267623,0.001322168356103992,-0.004824561403508731,-5.39614561027838,0.4090909090909145,-0.9861048857014776,0.959780621572226,22.55197618159395,22.521224532627933,22.16164515478081,20.31383222136557,002129.SZ
2014-10-23,21.88,-0.26951054124029095,3,-0.009506564056134037,-0.01996450754214729,-0.007922535211267623,0.001322168356103992,-4.035087719298258,-2.365015618027666,-0.04568296025583285,0.969081679741568,22.429798694031412,22.460155529520513,22.15060024675019,20.329415980356956,002129.SZ
2014-10-24,21.97,-0.20396624472573843,4,0.004113345521023826,-0.009506564056134037,-0.01996450754214729,-0.007922535211267623,-3.1732040546496365,-4.4367116137451035,-0.4079782411604671,2.1860465116279038,22.346198931480245,22.41347405051856,22.14351788413254,20.345740199457882,002129.SZ
2014-10-27,22.06,-0.17428177674122758,0,0.004096495220755614,0.004113345521023826,-0.009506564056134037,-0.01996450754214729,-2.9049295774647876,-4.667242869490074,2.1296296296296147,3.5680751173708725,22.2941627621202,22.379809855231077,22.140242672990084,20.362797510906063,002129.SZ
2014-10-28,22.4,0.40428809860059056,1,0.015412511332728807,0.004096495220755614,0.004113345521023826,-0.009506564056134037,-0.6211180124223614,-1.4518257809063018,1.9108280254777066,0.9009009009008917,22.313405896280166,22.38173272616145,22.15042923483361,20.383068182439338,002129.SZ
2014-10-29,22.68,0.5788992503199852,2,0.012499999999999956,0.015412511332728807,0.004096495220755614,0.004113345521023826,2.6708918062471776,-2.869379014989304,3.0909090909090997,1.6584491259524992,22.38005936968377,22.41013913319369,22.17119671582053,20.40592322540014,002129.SZ
2014-10-30,22.44,-0.3231615518239721,3,-0.01058201058201047,0.012499999999999956,0.015412511332728807,0.004096495220755614,2.5594149908592323,-1.5789473684210464,0.1338688085676054,2.5125628140703515,22.390957666104903,22.412983025270485,22.181738021082467,20.42616279529666,002129.SZ
2014-10-31,22.0,0.6320472238857047,4,-0.019607843137254943,-0.01058201058201047,0.012499999999999956,0.015412511332728807,0.1365498406918686,-3.040987219039226,-4.306220095693769,-0.27198549410697437,22.319874454085827,22.373651308578058,22.174611039863546,20.44182286698525,002129.SZ
2014-11-03,22.62,0.022173297688315774,0,0.028181818181818308,-0.019607843137254943,-0.01058201058201047,0.012499999999999956,2.538531278331835,-0.4401408450704136,-2.2471910112359494,4.722222222222228,22.374442735161132,22.39711308871348,22.19207727359439,20.46349627129386,002129.SZ
2014-11-04,22.15,-0.1393333333333333,1,-0.02077807250221053,0.028181818181818308,-0.019607843137254943,-0.01058201058201047,-1.1160714285714302,-1.7302573203194394,-2.551693796744403,0.7734303912647844,22.333634965131836,22.373578508836005,22.190427184433823,20.480277402922777,002129.SZ
2014-11-05,22.19,-0.356312935708753,2,0.0018058690744922057,-0.02077807250221053,0.028181818181818308,-0.019607843137254943,-2.1604938271604923,0.45269352648258376,-4.967880085653109,0.8636363636363775,22.307519516926046,22.356094841327813,22.190410432103086,20.497289568067824,002129.SZ
2014-11-06,22.11,0.2135517911691196,3,-0.003605227579991044,0.0018058690744922057,-0.02077807250221053,0.028181818181818308,-1.4705882352941235,1.051188299817185,-3.026315789473688,-1.338688085676043,22.271606877484945,22.33265723739183,22.187257081824534,20.5133364380373,002129.SZ
2014-11-07,21.79,-0.02212051868802445,4,-0.014473089099954817,-0.003605227579991044,0.0018058690744922057,-0.02077807250221053,-0.9545454545454635,-0.8192990441511117,-3.966505068312043,-5.2196607220530655,22.1840419906695,22.280975595735466,22.17167837273338,20.52603955805683,002129.SZ
2014-11-10,21.71,-0.12901716068642743,0,-0.0036714089031665287,-0.014473089099954817,-0.003605227579991044,0.0018058690744922057,-4.0229885057471275,-1.5865820489573745,-4.445422535211263,-6.17977528089888,22.0978525378205,22.226596967570185,22.15357333850854,20.53782025897169,002129.SZ
2014-11-11,21.19,0.5477341930861543,1,-0.0239520958083832,-0.0036714089031665287,-0.014473089099954817,-0.003605227579991044,-4.334085778781027,-5.401785714285701,-5.989352262644177,-6.7751869775626865,21.93278844003495,22.127873446849215,22.11578614876311,20.544309609628687,002129.SZ
2014-11-12,21.2,-0.37790764957759515,2,0.0004719207173193851,-0.0239520958083832,-0.0036714089031665287,-0.014473089099954817,-4.46146913023886,-6.5255731922398645,-4.0289723856948845,-9.20770877944327,21.799554178210414,22.03950454714929,22.079872966458677,20.550833892119943,002129.SZ
2014-11-13,20.56,1.0622267696028276,3,-0.030188679245283012,0.0004719207173193851,-0.0239520958083832,-0.0036714089031665287,-7.010402532790594,-8.377896613190739,-6.032906764168189,-9.824561403508781,21.574180691263066,21.898599352182693,22.020270105028924,20.550925097173476,002129.SZ
2014-11-14,20.8,-0.2705786838663119,4,0.011673151750972943,-0.030188679245283012,0.0004719207173193851,-0.0239520958083832,-4.543368517668645,-5.454545454545457,-5.325443786982243,-8.329660643455272,21.43342056557887,21.793970842451007,21.972416375419947,20.553403454415534,002129.SZ
2014-11-17,20.8,-0.4353203067029434,0,0.0,0.011673151750972943,-0.030188679245283012,0.0004719207173193851,-4.191616766467066,-8.045977011494255,-5.711695376246595,-8.450704225352101,21.318253190019075,21.699306952693767,21.92643926265838,20.555857151386526,002129.SZ
2014-11-18,20.81,-0.14279456855015327,1,0.00048076923076911804,0.0,0.011673151750972943,-0.030188679245283012,-1.7932987258140742,-6.049661399548533,-7.098214285714288,-7.6752440106477415,21.225843519106515,21.61461105243722,21.882657330789424,20.558385935949847,002129.SZ
2014-11-19,21.1,0.23645886561062857,2,0.013935607880826595,0.00048076923076911804,0.0,0.011673151750972943,-0.4716981132075415,-4.912122577737721,-6.966490299823624,-4.481665912177446,21.202962879268966,21.565600476014627,21.851964886444744,20.563775130617014,002129.SZ
2014-11-20,20.78,-0.3645004649240625,3,-0.01516587677725123,0.013935607880826595,0.00048076923076911804,0.0,1.070038910505855,-6.015377657168697,-7.397504456327986,-5.027422303473483,21.126060537583697,21.490781383060853,21.809927047760638,20.565926621854658,002129.SZ
2014-11-21,21.74,2.326125833197854,4,0.046198267564966145,-0.01516587677725123,0.013935607880826595,0.00048076923076911804,4.519230769230753,-0.22946305644792053,-1.1818181818181839,-1.0468821119708704,21.23768589438666,21.51451648943601,21.807184810593554,20.577608944025258,002129.SZ
2014-11-24,21.7,-0.12674128745295477,0,-0.0018399264029438367,0.046198267564966145,-0.01516587677725123,0.013935607880826595,4.3269230769230616,-0.04606172270843478,-4.0671971706454535,-1.6319129646418795,21.321743004498177,21.5321815856802,21.802981484687926,20.588777014233962,002129.SZ
2014-11-25,22.2,-0.037501399305944205,1,0.02304147465437789,-0.0018399264029438367,0.046198267564966145,-0.01516587677725123,6.679481018740985,4.766399244926833,0.22573363431150906,-0.8928571428571397,21.481426094589416,21.59578333942494,21.818550838229577,20.604809083744072,002129.SZ
2014-11-26,22.19,-0.2559897650616423,2,-0.00045045045045033483,0.02304147465437789,-0.0018399264029438367,0.046198267564966145,5.165876777251177,4.669811320754724,0.0,-2.1604938271604923,21.610257713754976,21.65237540233685,21.833117472024497,20.62058212768692,002129.SZ
2014-11-27,22.24,0.7680162576207596,3,0.0022532672374941942,-0.00045045045045033483,0.02304147465437789,-0.0018399264029438367,7.025986525505279,8.171206225680926,0.5879692446856488,-0.891265597147961,21.72475631125407,21.70833964973334,21.849073649592164,20.636695738356703,002129.SZ
2014-11-28,21.76,-0.1261273209549072,4,-0.021582733812949506,0.0022532672374941942,-0.00045045045045033483,0.02304147465437789,0.09199632014720294,4.615384615384621,-0.13767783386873234,-1.0909090909090868,21.73116425466242,21.71325968309207,21.84558056529443,20.64787289518898,002129.SZ
2014-12-01,21.14,-0.1208074062831993,0,-0.028492647058823595,-0.021582733812949506,0.0022532672374941942,-0.00045045045045033483,-2.580645161290318,1.6346153846153788,-2.6255181943804717,-6.542882404951367,21.623679844723796,21.658663522797585,21.817910739204454,20.65276968230153,002129.SZ
2014-12-02,21.39,-0.1287185683871339,1,0.01182592242194902,-0.028492647058823595,-0.021582733812949506,0.0022532672374941942,-3.6486486486486447,2.787121576165319,0.9438414346389701,-3.43115124153498,21.58119260022856,21.633076520626386,21.80112992590232,20.660105307353255,002129.SZ
2014-12-03,21.48,0.025359926033549085,2,0.004207573632538653,0.01182592242194902,-0.028492647058823595,-0.021582733812949506,-3.199639477242,1.8009478672985635,1.3207547169811429,-3.199639477242,21.56279394564155,21.618497804376254,21.78853659547478,20.66826346349899,002129.SZ
2014-12-04,21.83,0.2853922452660054,3,0.016294227188081933,0.004207573632538653,0.01182592242194902,-0.028492647058823595,-1.8435251798561203,5.0529355149181665,6.1770428015564205,-1.2663952962460479,21.61137686461581,21.638640870626134,21.790162611338516,20.679823031026366,002129.SZ
2014-12-05,21.01,0.21671593926942934,4,-0.037562986715528934,0.016294227188081933,0.004207573632538653,0.01182592242194902,-3.4466911764705843,-3.357865685372574,1.0096153846153921,-3.579623680587418,21.502035616503843,21.578770311518884,21.759567999129164,20.68310837400123,002129.SZ
2014-12-08,20.32,0.23033522774071336,0,-0.03284150404569264,-0.037562986715528934,0.016294227188081933,0.004207573632538653,-3.878902554399244,-6.359447004608287,-2.3076923076923106,-6.402579456471679,21.28712004986678,21.458887424707562,21.703114352104492,20.67949535535445,002129.SZ
2014-12-09,19.38,-0.24890376569037664,1,-0.04625984251968507,-0.03284150404569264,-0.037562986715528934,0.016294227188081933,-9.396914446002814,-12.702702702702705,-6.871696299855834,-8.54176498348278,20.940370949891,21.260898146163985,21.612011828492555,20.66656505331112,002129.SZ
2014-12-10,20.46,-0.2287535095146842,2,0.05572755417956676,-0.04625984251968507,-0.03284150404569264,-0.037562986715528934,-4.748603351955305,-7.7963046417305115,-3.033175355450235,-3.4905660377358427,20.853030777183545,21.184622132243607,21.566834894041865,20.664509679646333,002129.SZ
2014-12-11,20.88,-0.12359875187796143,3,0.02052785923753664,0.05572755417956676,-0.04625984251968507,-0.03284150404569264,-4.3518094365551985,-6.1151079136690605,0.48123195380171957,1.5564202334630295,20.85793427224108,21.15561050060136,21.539900192314736,20.66665386193841,002129.SZ
2014-12-12,21.91,0.654644952858179,4,0.04932950191570895,0.02052785923753664,0.05572755417956676,-0.04625984251968507,4.283674440742491,0.6893382352941124,0.7819687212511583,5.336538461538454,21.04921895001543,21.227457119591705,21.55441391026318,20.67902546530221,002129.SZ
2014-12-15,21.9,-0.3660344277972586,0,-0.00045641259698769865,0.04932950191570895,0.02052785923753664,0.05572755417956676,7.7755905511810885,3.595080416272456,0.9216589861751112,5.28846153846152,21.203906413648987,21.29150882248773,21.567966305939134,20.691174465647464,002129.SZ
2014-12-16,21.46,-0.15355122564424895,1,-0.020091324200913085,-0.00045641259698769865,0.04932950191570895,0.02052785923753664,10.732714138286914,0.32725572697522853,-3.3333333333333215,3.123498318116291,21.250468883894627,21.307555601298425,21.563732333157205,20.698824470964404,002129.SZ
2014-12-17,21.17,0.026954778347070718,2,-0.013513513513513487,-0.020091324200913085,-0.00045641259698769865,0.04932950191570895,3.4701857282502413,-1.443202979515823,-4.5966651644885115,0.33175355450236754,21.235838177731964,21.294455067841433,21.548291849503983,20.703512784686154,002129.SZ
2014-12-18,21.27,-0.2096890817064354,3,0.004723665564478008,-0.013513513513513487,-0.020091324200913085,-0.00045641259698769865,1.8678160919540332,-2.5652771415483278,-4.361510791366907,2.3580365736284747,21.242049418144333,21.292126013761298,21.537378443641085,20.709149473395748,002129.SZ
2014-12-19,20.4,0.05150960658737436,4,-0.04090267983074758,0.004723665564478008,-0.013513513513513487,-0.020091324200913085,-6.891830214513927,-2.9033793431699317,-6.250000000000011,-6.163753449862009,21.08894952393627,21.207161631498316,21.492775367419867,20.706073359232608,002129.SZ
2014-12-22,19.58,0.33168015313669197,0,-0.04019607843137252,-0.04090267983074758,0.004723665564478008,-0.013513513513513487,-10.59360730593607,-3.6417322834645716,-7.379375591296133,-9.769585253456226,20.814595065038766,21.052193857069906,21.41776456869752,20.694868649190493,002129.SZ
2014-12-23,19.63,-0.3137536752695198,1,0.0025536261491319046,-0.04019607843137252,-0.04090267983074758,0.004723665564478008,-8.527493010251641,1.2899896800825594,-8.228143992519875,-11.576576576576581,20.599214144122627,20.916746823063246,21.347656154238795,20.68427294123835,002129.SZ
2014-12-24,20.45,-0.022564981433876086,2,0.04177279673968415,0.0025536261491319046,-0.04019607843137252,-0.04090267983074758,-3.4010392064241945,-0.04887585532747929,-4.795158286778401,-7.841369986480407,20.572084299736694,20.872294744676267,21.31245395211178,20.68194186719618,002129.SZ
2014-12-25,21.31,0.7686538086888759,3,0.04205378973105134,0.04177279673968415,0.0025536261491319046,-0.04019607843137252,0.18805829807240215,2.0593869731800662,-2.3820430600091647,-4.181654676258995,20.70625079069366,20.913980959469004,21.312357718695633,20.688191201850945,002129.SZ
2014-12-26,21.27,-0.3231260670815663,4,-0.0018770530267480101,0.04205378973105134,0.04177279673968415,0.0025536261491319046,4.264705882352948,-2.921040620721138,1.2375059495478347,-2.2518382352941235,20.808750646931173,20.947887534757673,21.310696631687964,20.693980344121087,002129.SZ
2014-12-29,20.61,0.050366151342554843,0,-0.031029619181946466,-0.0018770530267480101,0.04205378973105134,0.04177279673968415,5.260469867211448,-5.890410958904102,1.427165354330695,-2.507095553453176,20.77261416567096,20.915707769542657,21.283218332406083,20.693144718806447,002129.SZ
2014-12-30,20.8,-0.09853590518243083,1,0.009218825812712383,-0.031029619181946466,-0.0018770530267480101,0.04205378973105134,5.96026490066226,-3.075489282385835,7.32714138286894,-2.758298270219728,20.777593408276235,20.904687981967164,21.264268593880356,20.694207955435242,002129.SZ
2014-12-31,21.05,-0.17719343473403804,2,0.012019230769230838,0.009218825812712383,-0.031029619181946466,-0.0018770530267480101,2.933985330073363,-0.5668398677373676,2.883675464320623,-2.001862197392923,20.827121879498737,20.91852722177982,21.255865903924263,20.697748174784145,002129.SZ
2015-01-05,21.25,1.044699738903394,0,0.009501187648456089,0.012019230769230838,0.009218825812712383,-0.031029619181946466,-0.2815579540121904,-0.09402914903620108,1.7720306513409945,-2.6568941823179038,20.904008810498965,20.950096057800785,21.255635868476254,20.703243217821118,002129.SZ
2015-01-06,21.75,0.26718765961793856,1,0.0235294117647058,0.009501187648456089,0.012019230769230838,0.009218825812712383,2.256699576868826,6.617647058823528,-0.7302601551802845,3.522132317943827,21.05782539040824,21.026277385629278,21.27502269716346,20.71365870819106,002129.SZ
2015-01-07,21.66,-0.3040831956144947,2,-0.004137931034482789,0.0235294117647058,0.009501187648456089,0.012019230769230838,5.09461426491995,10.623084780388158,-1.0958904109588996,6.594488188976366,21.167311683061286,21.086631920331254,21.290119846294306,20.723075039452837,002129.SZ
2015-01-08,22.76,1.755343179843614,3,0.050784856879039664,-0.004137931034482789,0.0235294117647058,0.009501187648456089,9.423076923076934,15.944982170147748,6.057781919850891,17.440660474716218,21.45689137705014,21.246000308871135,21.34776220526316,20.743342949508037,002129.SZ
2015-01-09,22.5,-0.43051438901851957,4,-0.011423550087873546,0.050784856879039664,-0.004137931034482789,0.0235294117647058,6.888361045130642,10.02444987775062,6.282475200755777,9.97067448680351,21.64654749031375,21.365428850883408,21.392948001135192,20.7608221241398,002129.SZ
2015-01-12,22.8,-0.19360673286331254,0,0.01333333333333342,-0.011423550087873546,0.050784856879039664,-0.004137931034482789,7.294117647058829,6.992022524636332,7.1932299012694045,9.195402298850585,21.85626612843852,21.502054674608797,21.448126510894596,20.781112451262786,002129.SZ
2015-01-13,23.57,0.6502792273185021,1,0.03377192982456134,0.01333333333333342,-0.011423550087873546,0.050784856879039664,8.367816091954028,10.813352139163147,15.53921568627452,7.576449109995442,22.16785410508606,21.699001848455577,21.531337235957555,20.808862576125843,002129.SZ
2015-02-05,22.2,-0.7127264375162277,3,-0.015084294587400127,-0.04369961815867629,0.0,0.0,-5.812473483241409,-5.812473483241409,-5.812473483241409,-2.4604569420035194,23.1214222659113,23.00945504043154,22.44473882181463,21.216750182484727,002129.SZ
2015-02-06,22.24,-0.3331247610108805,4,0.0018018018018017834,-0.015084294587400127,-0.04369961815867629,0.0,-5.642766228256269,-5.642766228256269,-5.642766228256269,-1.1555555555555652,22.961163672109244,22.93617360800949,22.436709848410135,21.22693177270876,002129.SZ
2015-02-09,22.12,-0.2628753127606339,0,-0.0053956834532372655,0.0018018018018017834,-0.015084294587400127,-0.04369961815867629,-6.151887993211702,-6.151887993211702,-6.151887993211702,-2.9824561403508754,22.808224822634838,22.85844278819906,22.424289854354836,21.235818023726587,002129.SZ
2015-02-10,22.2,-0.025882186549748942,1,0.0036166365280287938,-0.0053956834532372655,0.0018018018018017834,-0.015084294587400127,-5.812473483241409,-5.812473483241409,-5.812473483241409,-5.812473483241409,22.697638491246682,22.79573395122772,22.415494173791902,21.24541187423677,002129.SZ
2015-02-11,22.26,0.0754990925589838,2,0.002702702702702897,0.0036166365280287938,-0.0053956834532372655,0.0018018018018017834,-1.2422360248447117,-5.557912600763681,-5.557912600763681,-5.557912600763681,22.618067856474557,22.744711670158416,22.409396363054967,21.25550727847322,002129.SZ
2015-02-12,22.72,0.5636854539318257,3,0.0206648697214733,0.002702702702702897,0.0036166365280287938,-0.0053956834532372655,2.3423423423423406,-3.6062791684344564,-3.6062791684344564,-3.6062791684344564,22.636600973479183,22.742358177762377,22.421576897837124,21.270079345354088,002129.SZ
2015-02-13,22.85,0.0028058361391694042,4,0.005721830985915499,0.0206648697214733,0.002702702702702897,0.0036166365280287938,2.742805755395694,-3.0547305897327015,-3.0547305897327015,-3.0547305897327015,22.67540079648297,22.752609779880245,22.438377803804293,21.285799948882904,002129.SZ
2015-02-16,23.3,-0.05432396366923509,0,0.01969365426695835,0.005721830985915499,0.0206648697214733,0.002702702702702897,5.334538878842676,-1.1455239711497645,-1.1455239711497645,-1.1455239711497645,22.788964288031515,22.804742181796414,22.47216690953746,21.305841740436307,002129.SZ
2015-02-17,24.71,0.9759661340980474,1,0.06051502145922738,0.01969365426695835,0.005721830985915499,0.0206648697214733,11.306306306306313,4.836656767076786,4.836656767076786,4.836656767076786,23.13824350838942,22.986195307339614,22.559925069947756,21.339713961924502,002129.SZ
2015-02-25,24.93,-0.1113107578898872,2,0.008903278025091055,0.06051502145922738,0.01969365426695835,0.005721830985915499,11.994609164420478,10.60337178349602,5.770046669495121,5.770046669495121,23.464017415954977,23.171319563783463,22.652869184851767,21.375438201109333,002129.SZ
2015-02-26,25.42,-0.16913785058841824,3,0.019655034095467316,0.008903278025091055,0.06051502145922738,0.01969365426695835,11.883802816901422,14.504504504504512,7.8489605430632325,7.8489605430632325,23.81965061305407,23.385479605327898,22.761384118779148,21.415682597118195,002129.SZ
2015-02-27,25.46,-0.2123358188001122,4,0.0015735641227379027,0.019655034095467316,0.008903278025091055,0.06051502145922738,11.422319474835874,14.47841726618706,8.018667798048362,8.018667798048362,24.117895956135147,23.58305297624905,22.86721219255252,21.455924561325975,002129.SZ
2015-03-02,26.3,0.7303838079771854,0,0.03299293008641002,0.0015735641227379027,0.019655034095467316,0.008903278025091055,12.875536480686689,18.896925858951175,11.582520152736532,11.582520152736532,24.514642145928754,23.841809835653905,23.00183132225634,21.50412431693467,002129.SZ
2015-03-03,25.25,-0.04397189095154164,1,-0.03992395437262364,0.03299293008641002,0.0015735641227379027,0.019655034095467316,2.185350060704172,13.738738738738743,7.127704709376315,7.127704709376315,24.648343573941705,23.975923184639246,23.089994799814917,21.541396711791045,002129.SZ
2015-03-04,25.29,-0.2550639275966098,2,0.0015841584158415856,-0.03992395437262364,0.03299293008641002,0.0015735641227379027,1.4440433212996373,13.611859838274931,12.200532386867803,7.2974119643614666,24.765008378679575,24.101073357530744,23.176269513547666,21.578696246997104,002129.SZ
2015-03-05,26.2,-0.044900845305820614,3,0.03598260181890067,0.0015841584158415856,-0.03992395437262364,0.03299293008641002,3.068450039339088,15.3169014084507,18.01801801801801,11.15825201527365,25.025915946192377,24.300971133004005,23.294847179683053,21.624679368917533,002129.SZ
2015-03-06,26.19,0.13067034594158033,4,-0.00038167938931288337,0.03598260181890067,0.0015841584158415856,-0.03992395437262364,2.867242733699915,14.617067833698027,17.760791366906492,11.115825201527363,25.237567592339214,24.48087864414648,23.408382584401366,21.670105444848705,002129.SZ
2015-03-09,26.22,-0.24622756629661602,0,0.001145475372279492,-0.00038167938931288337,0.03598260181890067,0.0015841584158415856,-0.3041825095057127,12.532188841201709,18.535262206148275,11.243105642766228,25.416191666459355,24.646509249465865,23.51864209089543,21.715378027487027,002129.SZ
2015-03-10,27.04,0.4951433309642266,1,0.03127383676582762,0.001145475372279492,-0.00038167938931288337,0.03598260181890067,7.089108910891095,9.429380817482791,21.8018018018018,14.72210436996182,25.711429545284922,24.874460749516736,23.656734557919137,21.768359340646363,002129.SZ
2015-03-11,28.16,0.27718797866159606,2,0.041420118343195256,0.03127383676582762,0.001145475372279492,-0.00038167938931288337,11.34835903519178,12.956277577216202,26.504941599281207,24.933451641526183,26.156624173414937,25.18736924956276,23.833333202706623,21.831957755167295,002129.SZ
2015-03-12,27.85,-0.32140937099375544,3,-0.011008522727272707,0.041420118343195256,0.03127383676582762,0.001145475372279492,6.297709923664141,9.559402045633348,22.579225352112697,25.450450450450468,26.46451068733949,25.44095313055678,23.990849547698524,21.891838772528814,002129.SZ
2015-03-13,28.75,-0.031964166006459904,4,0.032315978456014305,-0.011008522727272707,0.041420118343195256,0.03127383676582762,9.774723176785027,12.922230950510594,25.82056892778992,29.271582733812963,26.88005419873231,25.756100451456135,24.17748289876917,21.96007918275241,002129.SZ
2015-03-16,29.97,0.5803141427177438,0,0.04243478260869571,0.032315978456014305,-0.011008522727272707,0.041420118343195256,14.302059496567509,13.95437262357413,28.62660944206008,35.4882459312839,27.441862526235525,26.157424217984122,24.404640432150774,22.03977988740164,002129.SZ
2015-03-17,29.8,-0.3423563390100588,1,-0.005672339005672322,0.04243478260869571,0.032315978456014305,-0.011008522727272707,10.207100591715989,18.019801980198014,20.598947794415224,34.234234234234236,27.8706147941927,26.50433619722373,24.616223160301725,22.116996007925007,002129.SZ
2015-03-18,29.79,-0.010388587697246932,2,-0.0003355704697987072,-0.005672339005672322,0.04243478260869571,0.032315978456014305,5.788352272727271,17.793594306049833,19.494584837545116,33.82749326145551,28.219593922521298,26.8172565593929,24.819116369701657,22.193344306353616,002129.SZ
2015-03-19,29.6,0.2903837913937688,3,-0.006377979187646821,-0.0003355704697987072,-0.005672339005672322,0.04243478260869571,6.283662477558338,12.977099236641232,16.443745082612104,30.281690140845075,28.47057684569924,27.082279744212624,25.006602002262376,22.267042372957064,002129.SZ
2015-03-20,30.33,0.016744936198472615,4,0.024662162162162105,-0.006377979187646821,-0.0003355704697987072,-0.005672339005672322,5.495652173913035,15.807560137457033,19.12804399057344,32.73522975929977,28.808653782844832,27.391586435239994,25.215362708056006,22.347270807056997,002129.SZ
2015-03-23,31.28,0.019781655313987123,0,0.03132212331025408,0.024662162162162105,-0.006377979187646821,-0.0003355704697987072,4.371037704371039,19.298245614035103,18.93536121673003,34.24892703862661,29.257989458691224,27.76191153664571,25.453191621465574,22.43615368459872,002129.SZ
2015-03-24,31.29,0.09440479458321893,1,0.00031969309462920315,0.03132212331025408,0.024662162162162105,-0.006377979187646821,5.000000000000004,15.717455621301779,23.92079207920792,26.62889518413596,29.627445920747363,28.09791996172707,25.68208606768261,22.5242516578863,002129.SZ
2015-03-25,33.6,0.4637878059486238,2,0.0738255033557047,0.00031969309462920315,0.03132212331025408,0.024662162162162105,12.789526686807662,19.318181818181813,32.85883748517202,34.77737665463299,30.34972848061148,28.62192758441973,25.99259249640094,22.634458109051614,002129.SZ
2015-03-26,33.05,-0.17680488919351156,3,-0.016369047619047783,0.0738255033557047,0.00031969309462920315,0.03132212331025408,11.655405405405395,18.671454219030515,26.145038167938917,30.01573564122737,30.840686938682115,29.043648766855945,26.26935357497345,22.73809534179737,002129.SZ
2015-03-27,34.9,0.004475281873373982,4,0.05597579425113475,-0.016369047619047783,0.0738255033557047,0.00031969309462920315,15.06758984503791,21.39130434782608,33.25696830851468,37.07776904948938,31.578743858921726,29.601396503345853,26.60781029752351,22.859109318495904,002129.SZ
2015-03-30,35.0,-0.12286730676245083,0,0.002865329512893977,0.05597579425113475,-0.016369047619047783,0.0738255033557047,11.892583120204602,16.78345011678346,33.485888634630065,33.07984790874525,32.20079043002686,30.115549217312914,26.936915776052,22.97991420089893,002129.SZ
2015-03-31,35.11,-0.022660602838973865,1,0.003142857142857114,0.002865329512893977,0.05597579425113475,-0.016369047619047783,12.208373282198792,17.81879194630871,29.844674556213025,39.04950495049504,32.729737624567434,30.591211196616445,27.25742888287349,23.100611572034264,002129.SZ
2015-04-01,37.78,0.6931429031868175,2,0.07604671033893484,0.003142857142857114,0.002865329512893977,0.05597579425113475,12.44047619047619,26.821080899630758,34.16193181818181,49.387109529458286,33.64796714737335,31.27585774931964,27.67007873060394,23.246675138481685,002129.SZ
2015-04-02,39.15,-0.24538672948566942,3,0.0362625727898358,0.07604671033893484,0.003142857142857114,0.002865329512893977,18.456883509833588,32.26351351351351,40.57450628366246,49.42748091603053,34.64833675694183,32.02577605890825,28.12027172156065,23.404917176904753,002129.SZ
2015-04-03,42.3,0.3201053195850281,4,0.08045977011494254,0.0362625727898358,0.07604671033893484,0.003142857142857114,21.203438395415475,39.465875370919875,47.130434782608674,61.512027491408915,36.03954825567968,33.00427357710747,28.676339497185722,23.59292795126391,002129.SZ
2015-04-07,41.8,-0.05430615437900832,1,-0.011820330969267157,0.08045977011494254,0.0362625727898358,0.07604671033893484,19.428571428571416,33.6317135549872,39.472806139472794,59.42028985507246,37.08690311828337,33.841961807859136,29.190992850237265,23.774092847271238,002129.SZ
2015-04-08,40.9,-0.21089389002551084,2,-0.021531100478468845,-0.011820330969267157,0.08045977011494254,0.0362625727898358,16.49102819709485,30.712687759667624,37.248322147650995,51.25739644970415,37.78019346041366,34.51415592139636,29.650169601208354,23.9444998836168,002129.SZ
2015-04-09,38.6,0.48816478082038306,3,-0.05623471882640585,-0.021531100478468845,-0.011820330969267157,0.08045977011494254,2.1704605611434724,14.880952380952372,29.573682443773098,37.07386363636365,37.9292491948839,34.903283928882416,30.001143342337436,24.090325755421606,002129.SZ
2015-04-10,41.35,-0.2722697209227295,4,0.07124352331606221,-0.05623471882640585,-0.021531100478468845,-0.011820330969267157,5.6194125159642505,25.11346444780638,39.695945945945944,48.473967684021545,38.55120388672319,35.51725688803647,30.446196544598713,24.262063807606467,002129.SZ
2015-04-13,44.0,0.0030886090914465925,0,0.06408706166868194,0.07124352331606221,-0.05623471882640585,-0.021531100478468845,4.018912529550844,26.074498567335258,45.070886910649534,53.04347826086957,39.54189408913715,36.32513718441395,30.9777182487321,24.45846118265516,002129.SZ
2015-04-14,42.59,-0.044904754187721885,1,-0.03204545454545449,0.06408706166868194,0.07124352331606221,-0.05623471882640585,1.8899521531100527,21.685714285714287,36.15728900255755,42.10877544210878,40.096095163839486,36.92179078589834,31.43310184682104,24.638874504220784,002129.SZ
2015-04-15,43.8,0.2730568109950793,2,0.028410424982389992,-0.03204545454545449,0.06408706166868194,0.07124352331606221,7.090464547677255,24.750783252634577,39.98082454458294,46.97986577181206,40.769532406777756,37.576858330098496,31.918078244984923,24.829532469352916,002129.SZ
2015-04-24,53.0,17.2343163538874,4,0.10004151100041514,0.10000000000000009,0.0,0.0,21.004566210045674,28.174123337363955,35.37675606641124,60.36308623298034,45.380493684081344,41.96508961417115,35.34598520275272,26.246754357295963,002129.SZ
2015-04-27,51.89,0.14697954342733355,0,-0.020943396226415056,0.10004151100041514,0.10000000000000009,0.0,18.470319634703202,17.931818181818194,22.67139479905438,48.681948424068764,46.56404028697565,42.910319174726276,35.994770096762416,26.501911030357697,002129.SZ
2015-04-28,50.08,-0.23293395774936765,1,-0.0348814800539603,-0.020943396226415056,0.10004151100041514,0.10000000000000009,14.337899543379006,17.586287861000226,19.808612440191386,43.08571428571428,47.20330568934371,43.59314591999044,36.54713205375212,26.7365188808019,002129.SZ
2015-04-29,24.3,0.020454773337492682,2,-0.514776357827476,-0.0348814800539603,-0.020943396226415056,0.10004151100041514,-44.52054794520548,-44.52054794520548,-40.58679706601467,-30.788949017373966,43.03906829128122,41.755703451419926,36.066852365369684,26.712274911838698,002129.SZ
2015-04-30,23.78,0.08822533981112501,3,-0.02139917695473248,-0.514776357827476,-0.0348814800539603,-0.020943396226415056,-50.6434205064342,-45.70776255707762,-38.39378238341968,-37.0566437268396,39.53741951104827,40.04373169414184,35.58501501770812,26.683098047044282,002129.SZ
2015-05-04,23.71,-0.4088948192142541,0,-0.002943650126156494,-0.02139917695473248,-0.514776357827476,-0.0348814800539603,-55.26415094339623,-45.86757990867579,-42.6602176541717,-39.43805874840357,36.659706872675855,38.488138199461666,35.11932815426859,26.653514981899562,002129.SZ
2015-05-05,23.3,-0.09137969076189345,1,-0.017292281737663395,-0.002943650126156494,-0.02139917695473248,-0.514776357827476,-55.09732125650415,-46.80365296803652,-47.04545454545455,-44.91725768321513,34.23066925946206,37.04164884713199,34.65582508939531,26.620146673621953,002129.SZ
2015-05-06,24.02,0.4012328383300643,2,0.03090128755364807,-0.017292281737663395,-0.002943650126156494,-0.02139917695473248,-52.0367412140575,-45.15981735159818,-43.60178445644518,-42.535885167464116,32.37418393955987,35.801491814071795,34.238733909419025,26.59427456741676,002129.SZ
2015-05-07,23.72,-0.44960341265080317,3,-0.01248959200666111,0.03090128755364807,-0.017292281737663395,-0.002943650126156494,-2.3868312757201693,-45.844748858447495,-45.844748858447495,-42.00488997555012,30.80069595054898,34.65087354606496,33.8262345404222,26.565674820477295,002129.SZ
2015-05-08,25.48,1.2763999224956404,4,0.07419898819561555,-0.01248959200666111,0.03090128755364807,-0.017292281737663395,7.148864592094184,-47.11498547114985,-41.82648401826483,-33.98963730569948,29.8332966868128,33.777457017868294,33.49893122511153,26.55487208594518,002129.SZ
2015-05-11,28.03,0.12272843341703199,0,0.10007849293563575,0.07419898819561555,-0.01248959200666111,0.03090128755364807,18.2201602699283,-47.11320754716981,-36.00456621004565,-32.21281741233374,29.505424561937744,33.23008015902369,33.28446333393069,26.56954997563727,002129.SZ
2015-05-12,26.81,1.586478777138633,1,-0.043524794862647265,0.10007849293563575,0.07419898819561555,-0.01248959200666111,15.064377682403428,-48.33301214106764,-38.789954337899545,-39.06818181818183,29.01534736885815,32.61864395340239,33.030562811031444,26.571942513193118,002129.SZ
2015-05-13,29.0,-0.3321327944953524,2,0.081685938082805,-0.043524794862647265,0.10007849293563575,0.07419898819561555,20.732722731057464,-42.09265175718849,-33.789954337899545,-31.908898802535813,29.012556938156667,32.27401119593549,32.87250152432433,26.59610228918125,002129.SZ
2015-05-14,30.41,-0.038835217765781804,3,0.04862068965517241,0.081685938082805,-0.043524794862647265,0.10007849293563575,28.204047217537955,25.144032921810687,-30.570776255707756,-30.570776255707756,29.266637494855452,32.096486320132115,32.77593283709592,26.63405152013467,002129.SZ
2015-05-15,30.15,-0.3320300906372001,4,-0.008549819138441328,0.04862068965517241,0.081685938082805,-0.043524794862647265,18.328100470957608,26.78721614802353,-37.42216687422167,-31.164383561643838,29.427248859427184,31.91110667059572,32.672955078778436,26.66903608212338,002129.SZ
2015-05-18,30.16,-0.2528902598456818,0,0.0003316749585406953,-0.008549819138441328,0.04862068965517241,0.081685938082805,7.599001070281841,27.203711514129058,-43.094339622641506,-31.141552511415515,29.56047633953133,31.74433460672946,32.57440782078712,26.70377204150524,002129.SZ
2015-05-19,30.5,-0.041916852519014114,1,0.011273209549071517,0.0003316749585406953,-0.008549819138441328,0.04862068965517241,13.763521074226048,30.90128755364807,-41.221815378685676,-30.365296803652964,29.731298823252907,31.625826548945703,32.493058494481744,26.741545454027573,002129.SZ
2015-05-20,31.58,0.3042974811985195,2,0.035409836065573685,0.011273209549071517,0.0003316749585406953,-0.008549819138441328,8.896551724137925,31.473771856786016,-36.9408945686901,-27.89954337899543,30.067426309934195,31.62146211571278,32.45725227901187,26.789689280355656,002129.SZ
2015-05-21,32.15,0.06152240964296496,3,0.018049398353388257,0.035409836065573685,0.011273209549071517,0.0003316749585406953,5.721802038803014,35.53962900505903,32.30452674897117,-26.59817351598174,30.446076071764338,31.67179905707347,32.44520317003101,26.843025705426747,002129.SZ
2015-05-22,31.88,-0.12863092004862775,4,-0.00839813374805598,0.018049398353388257,0.035409836065573685,0.011273209549071517,5.737976782752896,25.117739403453676,34.06223717409587,-33.83146533831466,30.70678951326173,31.69162771830457,32.42303833983372,26.893144852636432,002129.SZ
2015-05-27,32.03,0.13532388752436497,2,-0.018387986515476573,0.02352572145545806,0.0,-0.00839813374805598,1.4249525015832987,10.448275862068979,33.34721065778518,-36.0423322683706,31.3762656312305,31.819396881530185,32.39576480873192,27.04941087396633,002129.SZ
2015-05-28,28.83,0.07388616434032125,3,-0.09990633780830482,-0.018387986515476573,0.02352572145545806,0.0,-10.326594090202178,-5.195659322591261,21.543001686340645,18.641975308641957,30.913308243734043,31.534692416622548,32.255930894664004,27.067128178702987,002129.SZ
2015-05-29,28.95,-0.2040204751731356,4,0.004162330905306932,-0.09990633780830482,-0.018387986515476573,0.02352572145545806,-9.19071518193224,-3.980099502487555,13.618524332810033,21.740958788898233,30.556343108509672,31.288531234087067,32.12628654585365,27.08586322170097,002129.SZ
2015-06-01,29.93,-0.19479770868609714,0,0.03385146804835926,0.004162330905306932,-0.09990633780830482,-0.018387986515476573,-6.116687578419066,-0.7625994694960281,6.778451658936846,26.233656684943064,30.442462543326094,31.159147307031155,32.04015766170253,27.114163090141755,002129.SZ
2015-06-02,30.1,0.4279418344519015,1,0.005679919812896728,0.03385146804835926,0.004162330905306932,-0.09990633780830482,-7.753600980692621,-1.3114754098360604,12.271540469973896,29.184549356223187,30.380196626357712,31.05827613493295,31.964073047518117,27.143872910140345,002129.SZ
2015-06-03,29.39,-0.25721067226495786,2,-0.023588039867109667,0.005679919812896728,0.03385146804835926,0.004162330905306932,-8.242272869185141,-6.93476884103863,1.3448275862069092,22.356369691923405,30.200160876110854,30.899392693510766,31.863129006438974,27.166222433422533,002129.SZ
2015-06-04,28.8,0.22679096843592794,3,-0.02007485539299081,-0.023588039867109667,0.005679919812896728,0.03385146804835926,-0.10405827263266776,-10.419906687402792,-5.294311081880954,21.416526138279934,29.945586171363423,30.699450532224027,31.743006300304113,27.18247892662231,002129.SZ
2015-06-05,28.06,-0.0980331476514682,4,-0.025694444444444464,-0.02007485539299081,-0.023588039867109667,0.005679919812896728,-3.0742659758203783,-11.982434127979925,-6.9320066334991655,10.125588697017252,29.602752322024617,30.448074291059832,31.598574680684347,27.19121047959124,002129.SZ
2015-06-08,29.15,0.07564522892760461,0,0.03884533143264424,-0.025694444444444464,-0.02007485539299081,-0.023588039867109667,-2.606080855329107,-8.563362609786706,-3.348806366047752,3.9957188726364556,29.52043371802014,30.324448168101753,31.502552144186925,27.210700922580386,002129.SZ
2015-06-09,28.29,-0.35043992167356297,1,-0.029502572898799317,0.03884533143264424,-0.025694444444444464,-0.02007485539299081,-6.0132890365448555,-13.30064357952805,-7.2459016393442655,5.520328235732941,29.296718496561933,30.13069119971111,31.376569707159987,27.22144021688307,002129.SZ
2015-06-10,28.52,0.23127813395171182,2,0.008130081300812941,-0.029502572898799317,0.03884533143264424,-0.025694444444444464,-2.9601905410003404,-10.95847642834843,-9.689677010766307,-1.6551724137931045,29.155496951732488,29.97729203783386,31.264547365702732,27.234361209749906,002129.SZ
2015-06-11,29.57,0.23700216030576637,3,0.03681626928471249,0.008130081300812941,-0.029502572898799317,0.03884533143264424,2.673611111111107,2.5667707249393157,-8.024883359253499,-2.7622492601118043,29.23086114232658,29.938502319944924,31.198094527832037,27.25760139671757,002129.SZ
2015-06-12,30.8,0.32673879166741315,4,0.041596212377409625,0.03681626928471249,0.008130081300812941,-0.029502572898799317,9.764789736279411,6.390328151986191,-3.387703889585947,2.1558872305140975,29.51615911644902,30.02054971804541,31.182482977720976,27.29284914401391,002129.SZ
2015-06-15,33.03,0.3881572285862791,0,0.07240259740259747,0.041596212377409625,0.03681626928471249,0.008130081300812941,13.310463121783878,10.35750083528233,3.6072772898368965,9.515915119363406,30.15503927709465,30.307164030612512,31.25493462565349,27.34993522218293,002129.SZ
2015-06-16,31.0,-0.27920716970672466,1,-0.061459279442930725,0.07240259740259747,0.041596212377409625,0.03681626928471249,9.579356663131854,2.9900332225913484,-4.995403003371135,1.6393442622950838,30.308668499441076,30.373148408649417,31.244937189353355,27.38625427469852,002129.SZ
2015-06-17,30.28,-0.28009256135900584,2,-0.023225806451612874,-0.061459279442930725,0.07240259740259747,0.041596212377409625,6.171107994389913,3.0282408982647224,-5.463627848891662,-4.116529449018358,30.30345604499724,30.364277131635188,31.207096515261068,27.415047764502518,002129.SZ
2015-06-18,30.59,0.11436711055299953,3,0.010237780713342026,-0.023225806451612874,-0.061459279442930725,0.07240259740259747,3.4494420020290795,6.215277777777772,6.1047519944502415,-4.852255054432342,30.35555494590683,30.385774547669932,31.182896651917495,27.44663932903483,002129.SZ
2015-06-19,28.09,-0.3004129069151398,4,-0.08172605426610002,0.010237780713342026,-0.023225806451612874,-0.061459279442930725,-8.798701298701307,0.10691375623663735,-2.970639032815192,-11.88833124215809,29.943635864832864,30.167129352653745,31.061606587136417,27.453040927750905,002129.SZ
2015-06-23,27.48,0.14607524942901784,1,-0.021715913136347464,-0.08172605426610002,0.010237780713342026,-0.023225806451612874,-16.802906448683018,-5.728987993138935,-8.185766789174743,-13.801756587202007,29.495702071226887,29.911212271448626,30.921151426856557,27.45330917722602,002129.SZ
2015-06-24,27.6,-0.12441526294812366,2,0.004366812227074357,-0.021715913136347464,-0.08172605426610002,0.010237780713342026,-10.967741935483865,-2.4390243902438935,-8.30564784053156,-15.415262028807852,29.151028967367452,29.69109681702495,30.79091019443081,27.45476878740288,002129.SZ
2015-06-25,24.84,0.5093555342597029,3,-0.10000000000000009,0.004366812227074357,-0.021715913136347464,-0.08172605426610002,-17.965653896961697,-12.903225806451612,-15.481456277645457,-22.447705276303466,28.367205518755185,29.229087596355907,30.55754116719823,27.428751187528224,002129.SZ
2015-06-26,22.36,-0.5645748843263149,4,-0.0998389694041868,-0.10000000000000009,0.004366812227074357,-0.021715913136347464,-26.904217064400136,-24.382820426107543,-22.36111111111112,-22.44190079778009,27.274986333526968,28.574888777655346,30.236068964563007,27.37831585232894,002129.SZ
2015-06-29,20.12,0.09625619714202394,0,-0.10017889087656517,-0.0998389694041868,-0.10000000000000009,0.004366812227074357,-28.373086507653966,-34.67532467532467,-28.29650748396293,-30.50086355785837,25.974079727431157,27.7696612750215,29.839360377717398,27.306093804047062,002129.SZ
2015-06-30,19.79,1.0053703549754758,1,-0.016401590457256532,-0.10017889087656517,-0.0998389694041868,-0.10000000000000009,-27.983988355167398,-40.08477141992128,-32.10977701543739,-33.879051119278316,24.849701595170945,27.009693534543263,29.445267813885344,27.23130680102172,002129.SZ
2015-07-01,19.1,-0.02322303565950623,2,-0.03486609398686191,-0.016401590457256532,-0.10017889087656517,-0.0998389694041868,-30.797101449275367,-38.38709677419354,-32.48497702368327,-36.54485049833887,23.804301305139862,26.256389388396286,29.039571036870235,27.15039827563842,002129.SZ
2015-07-02,17.19,-0.2968288459579669,3,-0.09999999999999998,-0.03486609398686191,-0.016401590457256532,-0.10017889087656517,-30.797101449275356,-43.229854689564064,-39.726507713884985,-41.510717931269134,22.601701067841702,25.392923732358547,28.574881976600818,27.051289835084802,002129.SZ
2015-07-16,16.21,-0.35404928289184834,3,0.02594936708860751,-0.08086096567771961,0.0,0.0,-5.700988947062246,-5.700988947062246,-34.74235104669887,-46.4663143989432,17.532539721114127,19.9920629553121,24.73030397259914,26.08941212785762,002129.SZ
2015-07-17,17.11,-0.3126854100438259,4,0.0555212831585441,0.02594936708860751,-0.08086096567771961,0.0,-0.46538685282141445,-0.46538685282141445,-23.479427549194988,-44.066688460281135,17.45571431727519,19.717580769091903,24.43146852269329,26.000064743500833,002129.SZ
2015-07-20,17.96,0.08588028060199648,0,0.04967855055523085,0.0555212831585441,0.02594936708860751,-0.08086096567771961,4.479348458406052,4.479348458406052,-10.735586481113323,-36.062655749377,17.547402623225153,19.550192124416483,24.177685443371985,25.920064099286893,002129.SZ
2015-07-21,17.98,-0.21901265486557775,1,0.00111358574610243,0.04967855055523085,0.0555212831585441,0.02594936708860751,4.5956951716114025,4.5956951716114025,-9.146033350176852,-34.57059679767104,17.62605669172967,19.4006500173292,23.934638955396615,25.84105848635867,002129.SZ
2015-07-22,18.37,0.0455865026054636,2,0.021690767519466192,0.00111358574610243,0.04967855055523085,0.0555212831585441,16.265822784810126,6.864456079115766,-3.8219895287958106,-33.44202898550724,17.761319111415183,19.302492872821656,23.716417819890864,25.76671959594714,002129.SZ
2015-07-23,19.17,0.33351533457249083,3,0.043549265106151314,0.021690767519466192,0.00111358574610243,0.04967855055523085,18.260333127698946,11.518324607329845,11.518324607329845,-22.826086956521728,18.017442909339692,19.2898745039815,23.538126924993183,25.701080594992444,002129.SZ
2015-07-24,19.18,0.13362778663460761,4,0.0005216484089722861,0.043549265106151314,0.021690767519466192,0.00111358574610243,12.098188194038585,11.57649796393252,11.57649796393252,-14.221824686940964,18.228816925823384,19.279410265507074,23.36721998675816,25.63619422091292,002129.SZ
2015-07-27,17.26,-0.3425089142997664,0,-0.10010427528675692,0.0005216484089722861,0.043549265106151314,0.021690767519466192,-3.897550111358572,0.40721349621872793,0.40721349621872793,-14.214711729622264,18.052668393855498,19.087085478315924,23.127721163748035,25.552849004784434,002129.SZ
2015-07-28,15.53,0.5519647490591177,1,-0.10023174971031301,-0.10010427528675692,0.0005216484089722861,0.043549265106151314,-13.626251390433819,-9.656777196044219,-9.656777196044219,-21.526023244062653,17.594001413154498,18.748315432762027,22.82977131418929,25.45311916394081,002129.SZ
2015-07-29,17.08,0.06808100434543585,2,0.09980682549903408,-0.10023174971031301,-0.10010427528675692,0.0005216484089722861,-7.0223189983669165,8.101265822784786,-0.6399069226294518,-10.575916230366511,17.50054661076277,18.58942824868945,22.604290086181866,25.369804545394135,002129.SZ
2015-07-30,16.76,-0.05629552329311882,3,-0.01873536299765788,0.09980682549903408,-0.10023174971031301,-0.10010427528675692,-12.571726656233695,3.392967304133254,-2.501454333915065,-2.501454333915065,17.365901772442264,18.415196986909503,22.37510223966493,25.28413484842504,002129.SZ
2015-07-31,17.21,-0.2583701312771315,4,0.026849642004773244,-0.01873536299765788,0.09980682549903408,-0.10023174971031301,-10.271115745568293,0.5844535359438963,0.11634671320535084,0.11634671320535084,17.337555995634577,18.300416321489553,22.172549210658463,25.20379519819196,002129.SZ
2015-08-03,16.88,0.024592228412536832,0,-0.019174898314933242,0.026849642004773244,-0.01873536299765788,0.09980682549903408,-2.2016222479722014,-6.013363028953245,-1.8033740546829713,-1.8033740546829713,17.25436399642829,18.165138576585786,21.964998261220874,25.120971365374132,002129.SZ
2015-08-04,17.88,-0.22302851524090472,1,0.05924170616113744,-0.019174898314933242,0.026849642004773244,-0.01873536299765788,15.132002575660009,-0.556173526140169,4.013961605584626,4.013961605584626,17.36811599707769,18.137982521672853,21.80480225097692,25.048921899052,002129.SZ
2015-08-05,17.29,-0.08654990002277962,2,-0.03299776286353462,0.05924170616113744,-0.019174898314933242,0.026849642004773244,1.2295081967213184,-5.8791507893304455,9.430379746835428,0.5817335660267542,17.35391308851811,18.057222281513532,21.62775118231116,24.971718696076362,002129.SZ
2015-08-06,16.92,-0.41905540392634977,3,-0.021399652978600248,-0.03299776286353462,0.05924170616113744,-0.019174898314933242,0.9546539379474916,-11.737089201877938,4.380012338062933,-1.5706806282722474,17.275019799696633,17.948915397559862,21.443133488887195,24.891602092135305,002129.SZ
2015-08-07,17.44,0.18308213297720122,4,0.030732860520094496,-0.021399652978600248,-0.03299776286353462,0.05924170616113744,1.3364323067983852,-9.071949947862345,1.9286966686148599,1.4543339150669077,17.30501619975179,17.900447264458922,21.28614786187201,24.817456797686198,002129.SZ
2015-08-10,18.65,0.8741357414985185,0,0.06938073394495392,0.030732860520094496,-0.021399652978600248,-0.03299776286353462,10.485781990521325,8.053302433371945,3.8418708240534283,8.493310063990677,17.54955870888783,17.971833239272357,21.182769514347616,24.756089068355987,002129.SZ
2015-08-11,18.48,-0.010121109127282812,1,-0.009115281501340333,0.06938073394495392,0.030732860520094496,-0.021399652978600248,3.3557046979865834,18.99549259497748,2.7808676307007785,7.504363001745196,17.718729852726405,18.02023007362737,21.076778553000654,24.69364042090966,002129.SZ
2015-08-12,20.08,1.410092032205839,2,0.08658008658008653,-0.009115281501340333,0.06938073394495392,0.030732860520094496,16.1364950838635,17.564402810304447,9.308655416439837,27.088607594936697,18.14805169768524,18.216398638043813,21.037689197981024,24.647733551049864,002129.SZ
2015-08-13,21.08,-0.01614008511866105,3,0.04980079681274896,0.08658008658008653,-0.009115281501340333,0.06938073394495392,24.586288416075618,25.775656324582318,9.963484611371909,30.043183220234404,18.681133207197014,18.489122577277737,21.039348445119025,24.61223371472101,002129.SZ
2015-08-14,21.0,-0.10944974980295841,4,-0.003795066413662118,0.04980079681274896,0.08658008658008653,-0.009115281501340333,20.41284403669723,22.022080185938407,9.48905109489051,22.735242548217414,19.10274535134301,18.728253760394143,21.037805368839848,24.57629109069394,002129.SZ
2015-08-17,21.19,-0.3301791163046779,0,0.009047619047619193,-0.003795066413662118,0.04980079681274896,0.08658008658008653,13.619302949061684,25.533175355450254,22.7694090382387,17.984409799554555,19.48224619655337,18.96270578321375,21.04377378574809,24.542596651980567,002129.SZ
2015-08-18,19.07,0.06496639139619731,1,-0.10004719207173196,0.009047619047619193,-0.003795066413662118,0.04980079681274896,3.1926406926406914,6.655480984340056,22.794591113972974,6.062291434927691,19.407292342634573,18.972924280050535,20.966370892189342,24.488142953950913,002129.SZ
2015-08-19,18.81,-0.09420624386865939,2,-0.013633980073413876,-0.10004719207173196,0.009047619047619193,-0.003795066413662118,-6.324701195219118,8.791208791208781,10.128805620608894,2.39520958083832,19.298693734882832,18.957407681950485,20.881807327789762,24.43164401908573,002129.SZ
2015-08-20,17.08,-0.3396298537890613,3,-0.09197235513024993,-0.013633980073413876,-0.10004719207173196,0.009047619047619193,-18.9753320683112,0.9456264775413503,1.909307875894961,-10.902451747522191,18.89529487399504,18.77860695033615,20.732716844347024,24.35849333232866,002129.SZ
2015-08-21,15.6,-0.07626260190053546,4,-0.08665105386416849,-0.09197235513024993,-0.013633980073413876,-0.10004719207173196,-25.71428571428571,-10.550458715596333,-9.35502614758862,-18.665276329509904,18.29615035145049,18.475882478875565,20.53143383084322,24.271344144942304,002129.SZ
2015-08-24,14.04,-0.510509138381201,0,-0.10000000000000009,-0.08665105386416849,-0.09197235513024993,-0.013633980073413876,-33.742331288343564,-24.71849865951743,-16.824644549763036,-18.65585168018541,17.522304833004945,18.05341748088742,20.276867798261133,24.169539725589644,002129.SZ
2015-08-25,12.64,0.022109614615282158,1,-0.09971509971509962,-0.10000000000000009,-0.08665105386416849,-0.09197235513024993,-33.71788148925013,-31.601731601731597,-29.30648769574944,-18.609143593045708,16.634613045185862,17.537853911279093,19.97738278656462,24.054817937275317,002129.SZ
2015-08-26,11.38,1.268761089656612,2,-0.09968354430379744,-0.09971509971509962,-0.10000000000000009,-0.08665105386416849,-39.50026581605528,-43.32669322709163,-34.181607865818386,-33.372365339578444,15.679228855152068,16.951391634014417,19.64023052042483,23.928700345859642,002129.SZ
2015-08-27,11.27,-0.06164604131204865,3,-0.009666080843585334,-0.09968354430379744,-0.09971509971509962,-0.10000000000000009,-34.01639344262295,-46.5370018975332,-33.39243498817967,-32.7565632458234,14.877550881488055,16.410306716489234,19.31198618629052,23.802743128487904,002129.SZ
2015-08-28,12.4,-0.06507084375153216,4,0.10026619343389531,-0.009666080843585334,-0.09968354430379744,-0.09971509971509962,-20.512820512820507,-40.95238095238095,-28.899082568807344,-27.948866937826843,14.427087084853863,16.02837274349026,19.040927904475208,23.689282997856186,002129.SZ
2015-08-31,12.59,0.042868941648422254,0,0.015322580645161343,0.10026619343389531,-0.009666080843585334,-0.09968354430379744,-10.32763532763532,-40.585181689476165,-32.493297587131366,-25.414691943127956,14.09307125124407,15.700908672681662,18.787950339593827,23.578842371011845,002129.SZ
2015-09-01,11.97,-0.09062338935750291,1,-0.04924543288324057,0.015322580645161343,0.10026619343389531,-0.009666080843585334,-5.3006329113924,-37.231253277399055,-35.22727272727273,-33.05369127516777,13.707058296472418,15.345584037188171,18.52057973804113,23.463331501648547,002129.SZ
2015-09-02,10.77,-0.35277854575615153,2,-0.10025062656641615,-0.04924543288324057,0.015322580645161343,0.10026619343389531,-5.360281195079097,-42.743221690590104,-46.36454183266932,-37.709658762290346,13.173047697113796,14.909814128884536,18.216635434588536,23.337029695661993,002129.SZ
2015-09-07,10.84,-0.20683468603161037,0,0.006499535747446661,-0.10025062656641615,-0.04924543288324057,0.015322580645161343,-3.815439219165928,-36.53395784543325,-48.576850094876654,-35.93380614657211,12.748857206729468,14.522212783276485,17.927355613624282,23.212681141476303,002129.SZ
2015-09-08,11.24,0.5773104265402842,1,0.03690036900368998,0.006499535747446661,-0.10025062656641615,-0.04924543288324057,-9.354838709677416,-27.94871794871795,-46.47619047619047,-35.550458715596335,12.474519532778654,14.209621089631106,17.665106373874313,23.093549985839726,002129.SZ
2015-09-09,12.36,0.5180879214682033,2,0.0996441281138789,0.03690036900368998,0.006499535747446661,-0.10025062656641615,-1.8268467037331204,-11.965811965811968,-41.670599339310996,-33.72654155495979,12.45369779954617,14.03346670014243,17.457062986663555,22.98674849344331,002129.SZ
2015-09-10,11.75,-0.3355300150693866,3,-0.04935275080906143,0.0996441281138789,0.03690036900368998,0.006499535747446661,-1.8379281537176273,-7.041139240506333,-38.38489774514945,-36.417748917748916,12.325752745083228,13.815993681081245,17.23325659502969,22.874940050722483,002129.SZ
2015-09-11,11.45,-0.14292725857225064,4,-0.025531914893617058,-0.04935275080906143,0.0996441281138789,0.03690036900368998,6.313834726090994,0.6151142355008687,-39.12812333864966,-42.97808764940238,12.166524973249913,13.590660949549697,17.006462218754017,22.761259055192905,002129.SZ
2015-09-14,10.31,-0.04735293536857488,0,-0.09956331877729252,-0.025531914893617058,-0.04935275080906143,0.0996441281138789,-4.889298892988925,-8.518189884649507,-39.63700234192037,-51.09108159392789,11.828974978113566,13.278217049592582,16.743855857234255,22.637365930265613,002129.SZ
2015-09-15,9.28,-0.2991107518189168,1,-0.0999030067895248,-0.09956331877729252,-0.025531914893617058,-0.04935275080906143,-17.437722419928836,-25.161290322580655,-40.51282051282051,-55.80952380952382,11.365524982092918,12.897434473440907,16.451155627538792,22.50445681653163,002129.SZ
2015-09-16,10.21,2.541418980865348,2,0.10021551724137945,-0.0999030067895248,-0.09956331877729252,-0.025531914893617058,-17.394822006472477,-18.903891977760125,-27.279202279202263,-51.81689476168003,11.155429530803296,12.641488333113202,16.206404426458842,22.38212391288455,002129.SZ
2015-09-17,9.6,-0.11799976617173014,3,-0.05974534769833506,0.10021551724137945,-0.0999030067895248,-0.09956331877729252,-18.297872340425535,-19.799498746867172,-24.050632911392412,-49.659150498164664,10.872624161566334,12.351822777578612,15.9473297430683,22.254938600318535,002129.SZ
2015-09-18,9.6,-0.5492254961369489,4,0.0,-0.05974534769833506,0.10021551724137945,-0.0999030067895248,-16.157205240174665,-10.863509749303624,-15.64147627416521,-48.96331738437002,10.641237950372455,12.08974441780922,15.69841485118327,22.129018813250692,002129.SZ
2015-09-21,10.14,0.24367241487953972,0,0.05625000000000013,0.0,-0.05974534769833506,0.10021551724137945,-1.6488845780795347,-6.457564575645747,-10.02661934338952,-40.63231850117095,10.550103777577462,11.904054473255961,15.480437798195691,22.00972509371586,002129.SZ
2015-09-22,10.95,1.1474413105894272,1,0.07988165680473358,0.05625000000000013,0.0,-0.05974534769833506,17.99568965517242,-2.5800711743772298,-11.693548387096786,-29.807692307692314,10.622812181654286,11.81319214246968,15.302773570815468,21.899678077857992,002129.SZ
2015-09-23,10.28,-0.2911600471883602,2,-0.061187214611872154,0.07988165680473358,0.05625000000000013,0.0,0.685602350636616,-16.828478964401295,-18.34789515488483,-26.780626780626783,10.560482694080779,11.667173843186852,15.105802058234469,21.784059390516123,002129.SZ
2015-09-24,10.46,-0.38438238524781143,3,0.017509727626459304,-0.061187214611872154,0.07988165680473358,0.05625000000000013,8.958333333333357,-10.978723404255309,-12.614870509607346,-17.246835443037966,10.54221311333882,11.552204905740485,14.923613742225275,21.671382182650294,002129.SZ
2015-09-25,9.74,-0.14308371631972616,4,-0.06883365200764824,0.017509727626459304,-0.061187214611872154,0.07988165680473358,1.4583333333333393,-14.934497816593883,-9.563602599814292,-14.411247803163452,10.396356183640853,11.37961396233663,14.720334771941932,21.55266196192741,002129.SZ
2015-09-28,10.17,-0.22681192949985274,0,0.04414784394250515,-0.06883365200764824,0.017509727626459304,-0.061187214611872154,0.2958579881656709,-1.357904946653743,-6.180811808118081,-9.76042590949423,10.35520051388797,11.264412632590284,14.541890271081463,21.439401643898282,002129.SZ
2015-09-29,9.97,-0.1455579130624014,1,-0.019665683382497523,0.04414784394250515,-0.06883365200764824,0.017509727626459304,-8.949771689497709,7.435344827586232,-11.298932384341631,-19.596774193548384,10.285164056817429,11.141135239010257,14.362600456529249,21.32527824445651,002129.SZ
2015-09-30,10.21,0.08048136003310935,2,0.02407221664994985,-0.019665683382497523,0.04414784394250515,-0.06883365200764824,-0.6809338521400643,0.0,-17.394822006472477,-18.903891977760125,10.271497864668806,11.052455692437851,14.199753379802612,21.21467846092958,002129.SZ
2015-10-08,10.73,0.4573499513833643,3,0.050930460333006744,0.02407221664994985,-0.019665683382497523,0.04414784394250515,2.581261950286806,11.770833333333353,-8.680851063829786,-10.35923141186299,10.354861889274478,11.02174562649139,14.063684619810353,21.110353302114362,002129.SZ
2015-10-09,11.17,0.5986332666141001,4,0.041006523765144465,0.050930460333006744,0.02407221664994985,-0.019665683382497523,14.68172484599588,16.35416666666667,-2.4454148471615644,3.7140204271123523,10.5030688184973,11.035865090635067,13.950206791582495,21.01144431403362,002129.SZ
2015-10-12,11.89,0.3441001644112811,0,0.0644583706356312,0.041006523765144465,0.050930460333006744,0.02407221664994985,16.912487708947886,17.258382642998015,15.324927255092135,9.686346863468632,10.755238124225063,11.117211272479347,13.869414368383183,20.920683674092988,002129.SZ
2015-10-13,12.35,0.10529930935847509,1,0.038687973086627414,0.0644583706356312,0.041006523765144465,0.050930460333006744,23.871614844533596,12.785388127853881,33.081896551724135,9.87544483985765,11.045194828911415,11.234619722719408,13.809829491191685,20.8354032395249,002129.SZ
2015-10-14,12.35,-0.02576850062569702,2,0.0,0.038687973086627414,0.0644583706356312,0.041006523765144465,20.959843290891268,20.13618677042801,20.959843290891268,-0.08090614886731018,11.282432132745702,11.34084641579375,13.752581275850835,20.750971366494802,002129.SZ
2015-10-15,12.61,0.07643172960975875,3,0.021052631578947434,0.0,0.038687973086627414,0.0644583706356312,17.520969245107175,20.554493307839383,31.35416666666666,7.319148936170206,11.523808108610119,11.461718185718155,13.70777416699394,20.669966676280925,002129.SZ
2015-10-16,12.58,-0.08024255412415082,4,-0.0023790642347343294,0.021052631578947434,0.0,0.038687973086627414,12.623097582811106,29.158110882956876,31.04166666666668,9.868995633187772,11.715842997953732,11.568221215649759,13.66354772907261,20.58946949542241,002129.SZ
2015-10-19,13.12,0.5017386853067853,0,0.042925278219395846,-0.0023790642347343294,0.021052631578947434,0.0,10.344827586206895,29.006882989183858,29.38856015779092,27.25509214354993,11.971144271053053,11.716009671302164,13.642232131854076,20.51514641586597,002129.SZ
2015-10-20,13.21,-0.17138105117159252,1,0.006859756097561176,0.042925278219395846,-0.0023790642347343294,0.021052631578947434,6.963562753036445,32.4974924774323,20.639269406392714,42.3491379310345,12.196390767225225,11.858294464511483,13.625281852173524,20.442458391827504,002129.SZ
2015-10-21,11.89,-0.056634418974126244,2,-0.0999242997728993,0.006859756097561176,0.042925278219395846,-0.0023790642347343294,-3.724696356275292,16.45445641527914,15.661478599221802,16.45445641527914,12.140683355002457,11.861314039319913,13.557231583460837,20.35735930335161,002129.SZ
2015-10-22,13.08,0.1242115076650101,3,0.1000841042893188,-0.0999242997728993,0.006859756097561176,0.042925278219395846,3.7272006344171382,21.90121155638396,25.04780114722753,36.25000000000001,12.311468199547464,11.977379368908492,13.53851661940355,20.28494776799488,002129.SZ
2015-10-23,14.0,0.15386415922101548,4,0.07033639143730896,0.1000841042893188,-0.0999242997728993,0.006859756097561176,11.287758346581867,25.335720680393912,43.737166324435314,45.83333333333335,12.618473981447924,12.170009905202923,13.55661400687792,20.222410974283488,002129.SZ
2015-10-26,13.78,-0.1824673254701944,0,-0.01571428571428579,0.07033639143730896,0.1000841042893188,-0.0999242997728993,5.030487804878048,15.895710681244735,35.496558505408046,35.897435897435884,12.829660530275573,12.323342295183597,13.565374241902317,20.158307382499572,002129.SZ
2015-10-27,13.52,-0.2758821152332811,1,-0.018867924528301883,-0.01571428571428579,0.07033639143730896,0.1000841042893188,2.346707040121121,9.473684210526322,35.606820461384146,23.47031963470321,12.955176797498197,12.437309695642302,13.563594859866932,20.09225457272346,002129.SZ
2015-10-28,13.01,-0.14328513104690666,2,-0.0377218934911242,-0.018867924528301883,-0.01571428571428579,0.07033639143730896,9.419680403700582,5.344129554655863,27.424094025465216,26.55642023346305,12.965144652498523,12.491851629390656,13.541885257519208,20.021784377969993,002129.SZ
2015-10-29,13.43,0.0625,3,0.03228285933897013,-0.0377218934911242,-0.018867924528301883,-0.01571428571428579,2.67584097859328,6.5027755749405225,25.163094128611352,28.39388145315487,13.049663806589699,12.581199093258212,13.537497600361593,19.956194483661836,002129.SZ
2015-10-30,13.05,-0.15806739591064078,4,-0.028294862248696928,0.03228285933897013,-0.0377218934911242,-0.018867924528301883,-6.785714285714284,3.7360890302066796,16.83079677708148,33.983572895277206,13.049724932664299,12.625846798662192,13.518380047406238,19.887476130590574,002129.SZ
2015-11-02,12.49,-0.3051982063696871,0,-0.04291187739463609,-0.028294862248696928,0.03228285933897013,-0.0377218934911242,-9.361393323657474,-4.801829268292678,5.046257359125317,22.812192723697144,12.947956763088971,12.61290900831341,13.47805141809619,19.813869402923007,002129.SZ
2015-11-03,12.33,0.10169709673267491,1,-0.012810248198558805,-0.04291187739463609,-0.028294862248696928,0.03228285933897013,-8.801775147928993,-6.661619984859957,-0.16194331983805377,23.67101303911734,12.835600987981884,12.585965293235944,13.433029793857123,19.73940304070487,002129.SZ
2015-11-04,13.15,1.019960612837545,2,0.06650446066504467,-0.012810248198558805,-0.04291187739463609,-0.028294862248696928,1.0760953112989968,10.597140454163156,6.477732793522284,28.795298726738494,12.89276444471245,12.63968288435633,13.421930586254884,19.673836841294875,002129.SZ
2015-11-05,13.16,-0.07438528653579213,3,0.0007604562737641984,0.06650446066504467,-0.012810248198558805,-0.04291187739463609,-2.010424422933732,0.6116207951070374,4.361617763679626,22.646784715750236,12.941352727492003,12.689236895370012,13.411658798558614,19.60902254436657,002129.SZ
2015-11-06,13.59,-0.05723518017656137,4,0.032674772036474176,0.0007604562737641984,0.06650446066504467,-0.012810248198558805,4.137931034482745,-2.928571428571425,8.028616852146264,21.66517457475381,13.059288595220728,12.775023857715725,13.41865257116416,19.549131772780832,002129.SZ
2015-11-09,13.85,0.2191503261785508,0,0.019131714495952856,0.032674772036474176,0.0007604562737641984,0.06650446066504467,10.888710968775017,0.5079825834542806,5.564024390243905,16.48444070647601,13.203054305180595,12.877402537933277,13.435568156608703,19.49242399394719,002129.SZ
2015-11-10,13.97,-0.025442091283987,1,0.008664259927797957,0.019131714495952856,0.032674772036474176,0.0007604562737641984,13.300892133008935,3.328402366863914,5.753217259651766,13.117408906882599,13.342498976965942,12.981459439082489,13.456526268114246,19.437474501470106,002129.SZ
2015-11-11,14.25,-0.10030521089833999,2,0.02004294917680749,0.008664259927797957,0.019131714495952856,0.032674772036474176,8.365019011406849,9.531129900076873,19.84861227922623,15.384615384615397,13.507499162972135,13.102272825836538,13.487642885050942,19.385857839763936,002129.SZ
2015-11-12,14.11,-0.06285208148804255,3,-0.009824561403508847,0.02004294917680749,0.008664259927797957,0.019131714495952856,7.2188449848024305,5.063291139240511,7.874617737003042,11.895321173671691,13.617044769704474,13.198246842423535,13.512049046421494,19.33336174185584,002129.SZ
2015-11-13,13.4,-0.00895051226796717,4,-0.05031892274982275,-0.009824561403508847,0.02004294917680749,0.008664259927797957,-1.3980868285504044,2.6819923371647514,-4.285714285714281,6.518282988871227,13.57758208430366,13.217461428859387,13.507654966169671,19.27432331656374,002129.SZ
2015-11-16,14.23,-0.026302488150528713,0,0.06194029850746263,-0.05031892274982275,-0.009824561403508847,0.02004294917680749,2.743682310469331,13.931144915932748,3.265602322206096,8.460365853658548,13.696203523521177,13.313893673729922,13.535982222398312,19.224131044757137,002129.SZ
2015-11-17,14.24,0.33013055955494175,1,0.0007027406886859211,0.06194029850746263,-0.05031892274982275,-0.009824561403508847,1.932712956334992,15.49067315490673,5.3254437869822535,7.797123391370175,13.79507561015369,13.402094276231836,13.563590762696418,19.17453770102821,002129.SZ
2015-11-18,14.91,0.7749567394425831,2,0.0470505617977528,0.0007027406886859211,0.06194029850746263,-0.05031892274982275,4.631578947368431,13.384030418250958,14.604150653343595,25.39949537426409,13.997789135580291,13.545704345162138,13.616391124943616,19.132104490072706,002129.SZ
2015-11-19,15.01,-0.3807913776509243,3,0.0067069081153587895,0.0470505617977528,0.0007027406886859211,0.06194029850746263,6.3784549964564174,14.057750759878406,11.764705882352944,14.755351681957185,14.181827474565692,13.685161074194315,13.6710424533772,19.091088524997353,002129.SZ
2015-11-20,15.58,0.1527010096543593,4,0.03797468354430378,0.0067069081153587895,0.0470505617977528,0.0007027406886859211,16.268656716417908,14.643119941133186,19.386973180076627,11.285714285714278,14.436040661008292,13.865621924271046,13.74590353363692,19.056152320768525,002129.SZ
2015-11-23,14.78,-0.23042586209902882,0,-0.05134788189987172,0.03797468354430378,0.0067069081153587895,0.0470505617977528,3.8650737877722996,6.714801444043328,18.33466773418735,7.256894049346885,14.498578722643147,13.952705550530945,13.786456336239395,19.013603541457396,002129.SZ
2015-11-24,14.97,-0.39785206108484505,1,0.012855209742896001,-0.05134788189987172,0.03797468354430378,0.0067069081153587895,5.12640449438202,7.158196134574091,21.411192214111917,10.72485207100593,14.584291682162576,14.049590736194665,13.832869813249616,18.97336868034837,002129.SZ
2015-11-25,14.97,0.03291190046156944,2,0.0,0.012855209742896001,-0.05134788189987172,0.03797468354430378,0.4024144869215318,5.052631578947375,13.840304182509499,15.065334358186021,14.654420467223925,14.137248761318983,13.877463153906495,18.933534166116047,002129.SZ
2015-11-26,14.41,0.2284340392461628,3,-0.03740814963259853,0.0,0.012855209742896001,-0.05134788189987172,-3.997335109926714,2.1261516654854873,9.49848024316109,7.297096053611329,14.60998038227412,14.163225069764794,13.898346951792515,18.888523875905936,002129.SZ
2015-11-27,13.13,-0.059408485231900676,4,-0.08882720333102012,-0.03740814963259853,0.0,0.012855209742896001,-15.725288831835682,-2.014925373134324,-3.3848417954378207,0.6130268199233679,14.340893040042463,14.064822682168147,13.868215698781045,18.831225130872046,002129.SZ
2015-11-30,13.25,-0.14790760241293066,0,0.009139375476009182,-0.08882720333102012,-0.03740814963259853,0.0,-10.35182679296346,-6.886858749121572,-4.332129963898912,6.08486789431546,14.142548850943832,13.987220521961657,13.84397194588767,18.77569055245541,002129.SZ
2015-12-01,13.04,-0.2417858904785397,1,-0.01584905660377367,0.009139375476009182,-0.08882720333102012,-0.03740814963259853,-12.892451569806285,-8.426966292134841,-6.657122405153915,5.75831305758312,13.942085423499499,13.897009043679594,13.812443634284232,18.718619004669783,002129.SZ
2015-12-02,13.13,-0.17577591255123948,2,0.006901840490797673,-0.01584905660377367,0.009139375476009182,-0.08882720333102012,-12.291249164996653,-11.938296445338691,-7.859649122807011,-0.1520912547528508,13.794433528317771,13.823960563329157,13.785681138822106,18.663010855369585,002129.SZ
2015-12-03,13.41,0.06364712847838971,3,0.021325209444021276,0.006901840490797673,-0.01584905660377367,0.009139375476009182,-6.939625260235949,-10.659560293137904,-4.961020552799433,1.8996960486322267,13.724536523169085,13.784535747774,13.770948545142808,18.61074209063954,002129.SZ
2015-12-04,13.0,0.031153168197420866,4,-0.030574198359433313,0.021325209444021276,0.006901840490797673,-0.01584905660377367,-0.990099009900991,-16.559691912708598,-2.985074626865669,-4.341427520235463,13.592802609865615,13.70981805750981,13.740715268862699,18.55491381113069,002129.SZ
2015-12-07,13.12,-0.09164357433332138,0,0.009230769230769154,-0.030574198359433313,0.021325209444021276,0.006901840490797673,-0.9811320754717023,-11.231393775372123,-7.800421644413225,-5.270758122743691,13.506838498980956,13.653644909175544,13.716373493613181,18.50083506674133,002129.SZ
2015-12-08,12.5,0.022681801073671348,1,-0.047256097560975596,0.009230769230769154,-0.030574198359433313,0.021325209444021276,-4.1411042944785255,-16.499665998664003,-12.219101123595511,-10.52254831782391,13.323776953711691,13.543773965444538,13.668672572295018,18.441125265082214,002129.SZ
2015-12-09,12.09,0.17799170960368804,2,-0.03280000000000005,-0.047256097560975596,0.009230769230769154,-0.030574198359433313,-7.920792079207928,-19.238476953907824,-18.913480885311873,-15.157894736842103,13.099453871218657,13.405319302068868,13.606763843969723,18.37792998881274,002129.SZ
2015-12-10,12.05,-0.14826934144536708,3,-0.003308519437551616,-0.03280000000000005,-0.047256097560975596,0.009230769230769154,-10.141685309470539,-16.377515614156835,-19.72018654230513,-14.59957476966689,12.908644076451628,13.276241273300403,13.545714281461107,18.314965511312117,002129.SZ
2015-12-11,12.15,-0.2523263446465115,4,0.008298755186721962,-0.003308519437551616,-0.03280000000000005,-0.047256097560975596,-6.538461538461537,-7.463823305407469,-22.015404364569957,-9.328358208955223,12.770708789824058,13.168980199652745,13.490980388070476,18.253622570901054,002129.SZ
2015-12-14,12.44,0.4065275769469119,0,0.02386831275720147,0.008298755186721962,-0.003308519437551616,-0.03280000000000005,-5.182926829268286,-6.113207547169819,-15.832205683355882,-12.579058327477167,12.710579918946955,13.09955351397153,13.449765470891242,18.19577558014582,002129.SZ
2015-12-15,12.56,-0.07359744455867245,1,0.009646302250803984,0.02386831275720147,0.008298755186721962,-0.003308519437551616,0.48000000000001375,-3.6809815950920144,-16.09886439545758,-11.79775280898876,12.68320175186569,13.048167465021862,13.414872707326879,18.13969821118915,002129.SZ
2015-12-16,12.55,0.014168796940332573,2,-0.0007961783439490722,0.009646302250803984,0.02386831275720147,0.008298755186721962,3.8047973531844637,-4.417364813404423,-16.165664662658653,-15.828303152246814,12.658983251526472,13.00072294454359,13.380956130568963,18.084079323515624,002129.SZ
2015-12-17,12.97,0.4716675133846575,3,0.033466135458167345,-0.0007961783439490722,0.009646302250803984,0.02386831275720147,7.6348547717842274,-3.281133482475762,-9.993060374739759,-13.590939373750832,12.715531751248932,12.997796949825153,13.364840203879984,18.03319296208761,002129.SZ
2015-12-18,12.69,-0.17892374895441931,4,-0.021588280647648506,0.033466135458167345,-0.0007961783439490722,0.009646302250803984,4.444444444444429,-2.384615384615385,-3.351104341203359,-18.549422336328625,12.710889614658216,12.96848295460371,13.338375882159202,17.980026862962365,002129.SZ
2015-12-21,12.82,-0.0667680018110961,0,0.010244286840031647,-0.021588280647648506,0.033466135458167345,-0.0007961783439490722,3.0546623794212246,-2.286585365853655,-3.245283018867917,-13.261163734776716,12.73072786653854,12.954341720831929,13.318047416192174,17.928683312087117,002129.SZ
2015-12-22,13.29,0.36294011644025503,1,0.0366614664586582,0.010244286840031647,-0.021588280647648506,0.033466135458167345,5.812101910828016,6.319999999999992,1.917177914110435,-11.22244488977957,12.832413708986078,12.986309175990792,13.316947517517972,17.88252725923053,002129.SZ
2015-12-23,12.88,-0.14966055582394677,2,-0.03085026335590657,0.0366614664586582,0.010244286840031647,-0.021588280647648506,2.6294820717131406,6.534325889164605,-1.9040365575019091,-13.961255845023379,12.841065761897699,12.976184492563098,13.299812320752563,17.832750868591425,002129.SZ
2015-12-24,12.62,-0.33711090512214814,3,-0.02018633540372683,-0.03085026335590657,0.0366614664586582,0.010244286840031647,-2.698535080956066,4.7302904564315185,-5.891126025354221,-12.421929215822347,12.800871987007207,12.942262159938041,13.273153014056383,17.780882700744744,002129.SZ
2015-12-25,12.59,-0.13324913167035046,4,-0.002377179080824021,-0.02018633540372683,-0.03085026335590657,0.0366614664586582,-0.7880220646178104,3.6213991769547205,-3.1538461538461515,-4.11271896420412,12.76253162573317,12.908713382801084,13.246362699779663,17.72923212660798,002129.SZ
2015-12-28,12.05,0.5097840228987771,0,-0.04289118347895149,-0.002377179080824021,-0.02018633540372683,-0.03085026335590657,-6.006240249609984,-3.1350482315112393,-8.155487804878037,-9.056603773584904,12.63298042105441,12.826931155867646,13.199446515474579,17.67272235420392,002129.SZ
2015-12-29,12.18,-0.36805639337481255,1,0.010788381742738551,-0.04289118347895149,-0.002377179080824021,-0.02018633540372683,-8.352144469525957,-3.0254777070063743,-2.5600000000000067,-6.5950920245398725,12.550620344499062,12.765318664832632,13.159468220750087,17.618068400430747,002129.SZ
2015-12-30,12.11,0.18709431080565087,2,-0.005747126436781658,0.010788381742738551,-0.04289118347895149,-0.002377179080824021,-5.978260869565233,-3.5059760956175356,0.16542597187758634,-7.768469154607782,12.47050755459014,12.70290736342,13.118312604250084,17.563261749680194,002129.SZ
2015-12-31,12.22,0.16344254009098003,3,0.009083402146986108,-0.005747126436781658,0.010788381742738551,-0.04289118347895149,-3.1695721077654393,-5.782575173477255,1.4107883817427336,-8.87397464578672,12.424960726482842,12.65691618595143,13.083084658985374,17.51009496610129,002129.SZ
2016-01-04,11.0,-0.17033965244865723,0,-0.09983633387888713,0.009083402146986108,-0.005747126436781658,0.010788381742738551,-12.629070691024625,-13.317572892040975,-9.465020576131689,-15.384615384615385,12.165876958031415,12.499114644432245,13.00139506451536,17.44531790176197,002129.SZ
2016-01-05,10.6,0.198719474460894,1,-0.036363636363636376,-0.09983633387888713,0.009083402146986108,-0.005747126436781658,-12.0331950207469,-17.31669266770671,-14.790996784565912,-19.207317073170728,11.881172056571158,12.318246583057746,12.90722270904417,17.377205285824044,002129.SZ
2016-01-06,10.9,-0.36645950400095306,2,0.028301886792452935,-0.036363636363636376,-0.09983633387888713,0.009083402146986108,-10.509031198686369,-17.98344620015048,-13.216560509554142,-12.8,11.702777137194584,12.183175479909389,12.828508093003222,17.312755481984997,002129.SZ
2016-01-07,9.82,-0.5907167706145986,3,-0.09908256880733946,0.028301886792452935,-0.036363636363636376,-0.09983633387888713,-18.909991742361676,-23.757763975155278,-21.752988047808763,-18.775847808105873,11.360454021341022,11.958111148489447,12.710527383473684,17.238200701069726,002129.SZ
2016-01-08,9.87,2.348342139520637,4,0.005091649694500822,-0.09908256880733946,0.028301886792452935,-0.036363636363636376,-19.23076923076924,-21.790808240887483,-23.901310717039326,-18.091286307053956,11.0894623810972,11.75924342006188,12.599134152749226,17.164885271208338,002129.SZ
2016-01-11,8.88,0.007432648767323746,0,-0.10030395136778103,0.005091649694500822,-0.09908256880733946,0.028301886792452935,-19.272727272727263,-29.467831612390782,-30.023640661938522,-26.913580246913572,10.687741948170435,11.485029761008366,12.453285754602197,17.082448601843083,002129.SZ
2016-01-12,8.98,-0.17949649270164125,1,0.011261261261261257,-0.10030395136778103,0.005091649694500822,-0.09908256880733946,-15.283018867924525,-25.477178423236513,-29.95319812792512,-27.813504823151113,10.377243412139446,11.246455498055187,12.317078470107992,17.001827222720266,002129.SZ
2016-01-13,8.8,-0.19934152279769812,2,-0.020044543429844075,0.011261261261261257,-0.10030395136778103,0.005091649694500822,-19.266055045871553,-27.750410509031187,-33.78480060195634,-29.93630573248407,10.090471882659546,11.013459736335646,12.179153824221405,16.920217001598672,002129.SZ
2016-01-14,9.12,0.30443346349217326,3,0.036363636363636154,-0.020044543429844075,0.011261261261261257,-0.10030395136778103,-7.128309572301439,-24.690338563170933,-29.19254658385094,-27.330677290836668,9.91402244944872,10.833130237637013,12.059187007585273,16.842602902080277,002129.SZ
2016-01-15,8.52,-0.1389440779888209,4,-0.06578947368421051,0.036363636363636154,-0.020044543429844075,0.011261261261261257,-13.677811550151976,-30.27823240589199,-32.48811410459588,-34.30994602929839,9.660563822276224,10.612832119766821,11.920395360228987,16.75979093290535,002129.SZ
2016-01-18,8.75,-0.16945606694560678,0,0.02699530516431925,-0.06578947368421051,0.036363636363636154,-0.020044543429844075,-1.4639639639639768,-20.45454545454546,-30.500397140587765,-31.048069345941688,9.495006763680546,10.435419536931887,11.796066130416087,16.680091520637635,002129.SZ
2016-01-19,9.17,0.3090457845606758,1,0.04800000000000004,0.02699530516431925,-0.06578947368421051,0.036363636363636154,2.1158129175946394,-13.490566037735851,-23.90041493775934,-28.471138845553824,9.435914624829538,10.314903390557422,11.693083144909574,16.60536424182532,002129.SZ
2016-01-20,9.0,-0.06415008913664777,2,-0.018538713195201728,0.04800000000000004,0.02699530516431925,-0.06578947368421051,2.2727272727272707,-17.431192660550465,-26.108374384236456,-32.27990970654627,9.356657420315075,10.18967449621862,11.587472041187631,16.529688975737507,002129.SZ
2016-01-21,8.83,0.08281930333817122,3,-0.018888888888888844,-0.018538713195201728,0.04800000000000004,0.02699530516431925,-3.1798245614034992,-10.081466395112015,-27.08505367464905,-31.444099378881994,9.260901525712335,10.060181687054941,11.479335882709684,16.453075155083404,002129.SZ
2016-01-22,9.22,0.012761442015023272,4,0.04416761041902606,-0.018888888888888844,-0.018538713195201728,0.04800000000000004,8.215962441314574,-6.585612968591681,-24.549918166939445,-26.941362916006327,9.253464884673727,9.9801643835259,11.390734475544598,16.381104258017896,002129.SZ
2016-01-25,9.25,0.0775339141943312,0,0.0032537960954446277,0.04416761041902606,-0.018888888888888844,-0.018538713195201728,5.714285714285716,4.166666666666652,-15.909090909090907,-26.528991262907063,9.25283490564214,9.910624918428194,11.306784103954614,16.310147996744085,002129.SZ
2016-01-26,8.33,0.1036335721596724,1,-0.09945945945945944,0.0032537960954446277,0.04416761041902606,-0.018888888888888844,-9.160305343511443,-7.238307349665929,-21.41509433962264,-30.87136929460581,9.085046740979934,9.760089211911223,11.190047472426983,16.230743539065042,002129.SZ
2016-01-27,8.2,-0.23619290517041502,2,-0.015606242496998934,-0.09945945945945944,0.0032537960954446277,0.04416761041902606,-8.888888888888902,-6.818181818181834,-24.770642201834868,-32.67651888341544,8.924129151710854,9.611509286967298,11.072790708802396,16.150835643153947,002129.SZ
2016-01-28,7.76,-0.18116139999392888,3,-0.05365853658536579,-0.015606242496998934,-0.09945945945945944,0.0032537960954446277,-12.117780294450743,-14.912280701754376,-20.977596741344197,-35.92072667217175,8.712469305945243,9.43517506916089,10.94287734767289,16.067344741232017,002129.SZ
2016-01-29,8.16,-0.0648748841519926,4,0.05154639175257736,-0.05365853658536579,-0.015606242496998934,-0.09945945945945944,-11.496746203904562,-4.225352112676051,-17.325227963525826,-33.224222585924714,8.612020341227925,9.3137298244789,10.833744902666112,15.98866469405558,002129.SZ
2016-02-01,8.12,-0.12408325074331028,0,-0.004901960784313819,0.05154639175257736,-0.05365853658536579,-0.015606242496998934,-12.216216216216225,-7.200000000000006,-8.558558558558572,-26.181818181818183,8.522562097368303,9.200041269766624,10.727323533934108,15.910369522970448,002129.SZ
2016-02-02,8.4,0.09346005883684105,1,0.034482758620689724,-0.004901960784313819,0.05154639175257736,-0.05365853658536579,0.8403361344537785,-8.396946564885488,-6.458797327394206,-20.75471698113207,8.500278079664973,9.123846863122184,10.636055944368065,15.835639477965769,002129.SZ
2016-02-03,8.33,0.05264900662251648,2,-0.008333333333333415,0.034482758620689724,-0.004901960784313819,0.05154639175257736,1.585365853658538,-7.444444444444443,-5.340909090909096,-23.577981651376145,8.469318428816795,9.04824239996769,10.545622377922259,15.760956498085514,002129.SZ
2016-02-04,8.52,0.061300723497955456,3,0.02280912364945964,-0.008333333333333415,0.034482758620689724,-0.004901960784313819,9.793814432989677,-3.5107587768969495,-6.578947368421051,-13.238289205702658,8.478533259941013,8.997933599970766,10.466186206239033,15.688907179696605,002129.SZ
2016-02-05,8.4,-0.30187840391241527,4,-0.014084507042253391,0.02280912364945964,-0.008333333333333415,0.034482758620689724,2.941176470588247,-8.893709327548805,-1.4084507042253391,-14.893617021276583,8.464254485406283,8.940987542830694,10.385159296190444,15.616380740097634,002129.SZ
2016-02-15,8.27,-0.09504855914663268,0,-0.015476190476190532,-0.014084507042253391,0.02280912364945964,-0.008333333333333415,1.8472906403940836,-10.594594594594597,-5.485714285714294,-6.869369369369382,8.428935488059684,8.877083967323008,10.302211872810426,15.543282424275768,002129.SZ
2016-02-16,8.69,1.0074478067088903,1,0.050785973397823536,-0.015476190476190532,-0.014084507042253391,0.02280912364945964,3.45238095238094,4.3217286914765785,-5.234460196292257,-3.229398663697114,8.476401762957922,8.859266446625577,10.238987877798252,15.4750905593576,002129.SZ
2016-02-17,8.86,0.09324880955858728,2,0.019562715765247374,0.050785973397823536,-0.015476190476190532,-0.014084507042253391,6.362545018007193,8.048780487804885,-1.5555555555555656,0.6818181818181612,8.546146896965572,8.859336308851713,10.184909921806163,15.409268762747077,002129.SZ
2016-02-18,8.88,0.12454907409881621,3,0.0022573363431153126,0.019562715765247374,0.050785973397823536,-0.015476190476190532,4.225352112676073,14.432989690721666,0.5662514156285381,-2.631578947368407,8.60684746115365,8.861304279437263,10.133736983696117,15.344300914361535,002129.SZ
2016-02-19,8.77,-0.20853531033171746,4,-0.012387387387387538,0.0022573363431153126,0.019562715765247374,0.050785973397823536,4.404761904761889,7.475490196078427,-4.880694143167041,2.934272300469476,8.636511559125713,8.85260863377657,10.080257101982545,15.278884984865401,002129.SZ
2016-02-22,9.1,0.5658700612465473,0,0.03762827822120873,-0.012387387387387538,0.0022573363431153126,0.019562715765247374,10.036275695284157,12.068965517241391,-1.6216216216216273,4.0000000000000036,8.72078218473922,8.87616971627404,10.041815647002839,15.217403542229924,002129.SZ
2016-02-23,8.91,-0.3309878058133292,1,-0.020879120879120805,0.03762827822120873,-0.012387387387387538,0.0022573363431153126,2.5316455696202667,6.071428571428572,6.962785114045622,-2.8353326063249695,8.755185423877542,8.879391648057466,9.997430719669394,15.15464330797888,002129.SZ
2016-02-24,8.95,0.026710228412575532,2,0.004489337822671136,-0.020879120879120805,0.03762827822120873,-0.012387387387387538,1.0158013544018019,7.442977190876343,9.146341463414643,-0.5555555555555647,8.790606255899807,8.886116253004374,9.956355005172556,15.092905563620882,002129.SZ
2016-02-25,8.06,0.27433356594556857,3,-0.09944134078212274,0.004489337822671136,-0.020879120879120805,0.03762827822120873,-9.23423423423424,-5.399061032863839,3.8659793814433074,-8.720271800679502,8.657768754827114,8.807438514623005,9.881988142224614,15.02292640378386,002129.SZ
2016-02-26,8.12,-0.28639957943618166,4,0.007444168734491052,-0.09944134078212274,0.004489337822671136,-0.020879120879120805,-7.411630558722926,-3.3333333333333437,-0.4901960784313819,-11.93058568329719,8.55999261758582,8.741968179897004,9.812890568019727,14.954240568920339,002129.SZ
2016-02-29,7.63,0.07765977039720062,0,-0.06034482758620685,0.007444168734491052,-0.09944134078212274,0.004489337822671136,-16.153846153846153,-7.738814993954046,-6.034482758620685,-17.513513513513512,8.390903050752033,8.636066448478243,9.727287016332678,14.881362553309192,002129.SZ
2016-03-01,7.7,-0.300415859633132,1,0.00917431192660545,-0.06034482758620685,0.007444168734491052,-0.09944134078212274,-13.580246913580252,-11.392405063291132,-8.333333333333337,-7.563025210084029,8.265284314251662,8.546917262908886,9.64778556471179,14.809906209495171,002129.SZ
2016-03-02,8.1,0.5355237978909653,2,0.051948051948051965,0.00917431192660545,-0.06034482758620685,0.007444168734491052,-9.49720670391061,-8.577878103837467,-2.7611044417767183,-1.2195121951219523,8.23523262075136,8.504353714060422,9.587088091585837,14.743140973579798,002129.SZ
2016-03-03,8.11,0.1684255183751393,3,0.0012345679012344402,0.051948051948051965,0.00917431192660545,-0.06034482758620685,0.6203473945409321,-8.671171171171189,-4.81220657276995,4.510309278350522,8.21246305334202,8.466796217483239,9.529163068386394,14.677139570857612,002129.SZ
2016-03-04,8.01,0.07867743838787256,4,-0.012330456226880337,0.0012345679012344402,0.051948051948051965,0.00917431192660545,-1.3546798029556606,-8.665906499429877,-4.642857142857149,-1.8382352941176516,8.175651589098017,8.42329181581817,9.469588046096732,14.61079987363515,002129.SZ
2016-03-07,8.1,-0.1692087602297352,0,0.011235955056179803,-0.012330456226880337,0.0012345679012344402,0.051948051948051965,6.15989515072084,-10.989010989010994,-2.055622732769047,-0.24630541871920597,8.161896754716558,8.392502119073582,9.415878710955685,14.546015795290524,002129.SZ
2016-03-08,8.11,-0.011344644213724941,1,0.0012345679012344402,0.011235955056179803,-0.012330456226880337,0.0012345679012344402,5.32467532467531,-8.978675645342316,-6.674338319907946,-3.4523809523809623,8.152460981131728,8.365597155352289,9.364667781114285,14.481975837128429,002129.SZ
2016-03-09,7.9,-0.31778597407919673,2,-0.025893958076448675,0.0012345679012344402,0.011235955056179803,-0.012330456226880337,-2.4691358024691246,-11.731843575418988,-10.835214446952591,-5.1620648259303685,8.106558984562323,8.32125456912826,9.307229828913727,14.41648354024158,002129.SZ
2016-03-10,7.89,-0.25703022339027604,3,-0.0012658227848102444,-0.025893958076448675,0.0012345679012344402,0.011235955056179803,-2.7127003699136787,-2.1091811414392203,-11.148648648648663,-7.3943661971831,8.06718462373281,8.28018270540176,9.251652188564169,14.351543405512809,002129.SZ
2016-03-11,7.9,-0.0975794633382181,4,0.0012674271229404788,-0.0012658227848102444,-0.025893958076448675,0.0012345679012344402,-1.3732833957552981,-2.709359605911321,-9.920182440136827,-5.952380952380953,8.036787419417752,8.243974828696832,9.198646220385182,14.287348943766414,002129.SZ
2016-03-14,8.13,1.9174039646096985,0,0.029113924050633067,0.0012674271229404788,-0.0012658227848102444,-0.025893958076448675,0.37037037037037646,6.553079947575369,-10.659340659340643,-1.6928657799274327,8.053735161341796,8.233120083106657,9.156738525468116,14.226081790097098,002129.SZ
2016-03-15,7.96,-0.3556498205339834,1,-0.02091020910209107,0.029113924050633067,0.0012674271229404788,-0.0012658227848102444,-1.8495684340320562,3.3766233766233666,-10.662177328844002,-8.400460299194467,8.036692404734197,8.20710864662031,9.109807602900739,14.163732717558817,002129.SZ
2016-03-16,7.75,-0.05981531128984208,2,-0.02638190954773867,-0.02091020910209107,0.029113924050633067,0.0012674271229404788,-1.898734177215189,-4.320987654320985,-13.407821229050276,-12.52821670428893,7.984566512964342,8.163574489799327,9.056481814551692,14.099914481563207,002129.SZ
2016-03-17,8.13,0.47439959444902113,3,0.049032258064516165,-0.02638190954773867,-0.02091020910209107,0.029113924050633067,3.041825095057038,0.2466091245376223,0.8684863523573227,-8.445945945945944,8.011008965152643,8.160376919342248,9.020149194373193,14.0405123474183,002129.SZ
2016-03-18,8.54,0.5039002901042227,4,0.05043050430504281,0.049032258064516165,-0.02638190954773867,-0.02091020910209107,8.101265822784786,6.616729088639195,5.1724137931034475,-2.6225769669327326,8.107189153306706,8.19653149845251,9.001319814201695,13.985780881274835,002129.SZ
2016-03-21,8.81,-0.1271004801097394,0,0.031615925058548155,0.05043050430504281,0.049032258064516165,-0.02638190954773867,8.364083640836405,8.765432098765435,15.465268676277866,-3.1868131868131755,8.234972943614578,8.25495707002846,8.993817076389865,13.93428057399847,002129.SZ
2016-03-22,8.69,-0.3138699274828529,1,-0.013620885357548351,0.031615925058548155,0.05043050430504281,0.049032258064516165,9.170854271356777,7.151664611590625,12.857142857142856,-2.4691358024691468,8.317705135684653,8.29638973002575,8.98190268123732,13.882098677739778,002129.SZ
2016-03-23,8.81,0.20582130502206852,2,0.013808975834292303,-0.013620885357548351,0.031615925058548155,0.05043050430504281,13.677419354838726,11.518987341772146,8.765432098765435,-1.5642458100558532,8.407213292832898,8.345304993832821,8.975161399620172,13.83163003418018,002129.SZ
2016-03-24,8.55,-0.07296901586799098,3,-0.0295119182746878,0.013808975834292303,-0.013620885357548351,0.031615925058548155,5.166051660516602,8.365019011406849,5.42540073982738,6.079404466501237,8.433174512317827,8.364799756324933,8.958488403556636,13.77907650150177,002129.SZ
2016-03-25,8.66,-0.3399496307679174,4,0.012865497076023358,-0.0295119182746878,0.013808975834292303,-0.013620885357548351,1.4051522248243575,9.620253164556969,8.114856429463169,6.650246305418728,8.474415510078222,8.392914065246368,8.94678297596618,13.728140416909712,002129.SZ
2016-03-28,8.63,0.5961003686218715,0,-0.0034642032332562467,0.012865497076023358,-0.0295119182746878,0.013808975834292303,-2.0431328036322305,6.150061500615012,6.543209876543221,13.106159895150737,8.50270359915491,8.415493678080047,8.934360114163583,13.677412651567327,002129.SZ
2016-03-29,8.38,-0.28816271955592476,1,-0.028968713789107814,-0.0034642032332562467,0.012865497076023358,-0.0295119182746878,-3.5673187571921616,5.276381909547756,3.3292231812577233,8.831168831168835,8.480393853854016,8.41211332778671,8.912620501843442,13.624702077919892,002129.SZ
2016-03-30,8.7,0.2707687053533312,2,0.038186157517899666,-0.028968713789107814,-0.0034642032332562467,0.012865497076023358,-1.2485811577752637,12.25806451612903,10.126582278481,7.407407407407396,8.520322244062376,8.439531106092737,8.904282442947622,13.575700067194322,002129.SZ
2016-03-31,8.75,0.12779109090501883,3,0.005747126436781658,0.038186157517899666,-0.028968713789107814,-0.0034642032332562467,2.3391812865497075,7.626076260762593,10.899873257287718,7.891491985203469,8.562081836051034,8.469099572179143,8.898232151067324,13.527683151102837,002129.SZ
2016-04-01,8.93,0.6649125245745378,4,0.020571428571428463,0.005747126436781658,0.038186157517899666,-0.028968713789107814,3.117782909930722,4.566744730679173,13.037974683544284,11.48564294631711,8.628976047678117,8.512994851019224,8.899477949064684,13.481935060047087,002129.SZ
2016-04-05,9.44,-0.004389312977099213,1,0.05711086226203799,0.020571428571428463,0.005747126436781658,0.038186157517899666,9.385863267670903,7.150964812712823,16.1131611316113,16.54320987654321,8.776434948100277,8.60128105568406,8.920674892238619,13.441716800743135,002129.SZ
2016-04-06,9.38,-0.31204475752348093,2,-0.0063559322033897026,0.05711086226203799,0.020571428571428463,0.005747126436781658,11.933174224343679,7.940161104718091,17.839195979899515,15.659679408138128,8.886174048445682,8.67544476466653,8.938687641562595,13.401301708198428,002129.SZ
2016-04-07,9.09,0.11050936003482814,3,-0.030916844349680228,-0.0063559322033897026,0.05711086226203799,0.020571428571428463,4.482758620689653,3.1782065834279116,17.290322580645157,15.063291139240498,8.923233312364648,8.71492621565067,8.944621459540532,13.358403183738742,002129.SZ
2016-04-08,8.9,-0.13404211945868816,4,-0.020902090209020896,-0.030916844349680228,-0.0063559322033897026,0.05711086226203799,1.7142857142857126,4.093567251461994,9.471094710947114,12.801013941698368,8.919009073752893,8.732552290350608,8.94287159838208,13.314040963005025,002129.SZ
2016-04-11,9.18,-0.07643554316136403,0,0.03146067415730336,-0.020902090209020896,-0.030916844349680228,-0.0063559322033897026,2.799552071668532,6.004618937644346,7.49414519906324,16.202531645569618,8.966461969434185,8.775166357936264,8.952170751386705,13.272906227054728,002129.SZ
2016-04-12,9.11,-0.2305007646758951,1,-0.007625272331154731,0.03146067415730336,-0.020902090209020896,-0.030916844349680228,-3.495762711864403,5.561993047508684,3.4052213393870545,12.054120541205403,8.992559793173424,8.807055276228049,8.958360133685266,13.231484274546721,002129.SZ
2016-04-13,9.24,0.8155480813331295,2,0.014270032930845389,-0.007625272331154731,0.03146067415730336,-0.020902090209020896,-1.4925373134328401,10.262529832935563,6.329113924050644,16.080402010050253,9.037548921687346,8.848288107063473,8.969404834325061,13.191768013108447,002129.SZ
2016-04-14,9.4,-0.34143123798296204,3,0.017316017316017396,0.014270032930845389,-0.007625272331154731,0.03146067415730336,3.4103410341034257,8.045977011494276,6.69693530079456,21.29032258064516,9.103449117744193,8.900832096866953,8.986290919253491,13.154038978152146,002129.SZ
2016-04-15,9.29,-0.22917421417155037,4,-0.011702127659574568,0.017316017316017396,0.014270032930845389,-0.007625272331154731,4.3820224719101075,6.171428571428561,8.654970760233894,14.268142681426799,9.13736745997252,8.937895706689147,8.998201079282765,13.115590829115806,002129.SZ
2016-04-18,9.1,0.10146249758093506,0,-0.020452099031216364,-0.011702127659574568,0.017316017316017396,0.014270032930845389,-0.8714596949891074,1.903695408734607,5.0808314087759765,6.557377049180335,9.130573376341152,8.95333421081399,9.002193193820696,13.075634701462912,002129.SZ
2016-04-19,9.12,-0.30875229035415785,1,0.00219780219780219,-0.020452099031216364,-0.011702127659574568,0.017316017316017396,0.1097694840834329,-3.3898305084745783,5.677867902665112,3.5187287173666038,9.128650944279123,8.96920714311742,9.006813068572827,13.036275152194625,002129.SZ
2016-04-20,8.5,1.4669208424110387,2,-0.06798245614035081,0.00219780219780219,-0.020452099031216364,-0.011702127659574568,-8.00865800865801,-9.3816631130064,1.4319809069212264,-2.1864211737629424,9.014350772592008,8.924520748534809,8.986938046275855,12.991138086003634,002129.SZ
2016-04-21,8.36,-0.49348680433918657,3,-0.016470588235294237,-0.06798245614035081,0.00219780219780219,-0.020452099031216364,-11.063829787234047,-8.030803080308036,-3.9080459770114984,-5.107832009080604,8.895377904848006,8.87075686772197,8.962352240539547,12.945057110023498,002129.SZ
2016-04-22,8.29,0.05344066023480187,4,-0.00837320574162681,-0.016470588235294237,-0.06798245614035081,0.00219780219780219,-10.764262648008616,-6.853932584269673,-5.257142857142871,-3.040935672514633,8.78530919487564,8.815446689843688,8.935985486008583,12.89873813380436,002129.SZ
2017-11-30,9.97,0.16429814385150832,3,0.10044150110375272,0.09951456310679618,0.0,0.0,20.99514563106797,20.99514563106797,20.99514563106797,20.99514563106797,8.67652892640517,8.475424462552674,8.339662856307603,8.369024875893983,002129.SZ
2017-12-01,10.97,43.28571428571428,4,0.1003009027081243,0.10044150110375272,0.09951456310679618,0.0,33.13106796116505,33.13106796116505,33.13106796116505,33.13106796116505,9.093523667058776,8.713003085166704,8.442813332530834,8.394905225387577,002129.SZ
2017-12-04,10.55,-0.254861208763394,0,-0.03828623518687324,0.1003009027081243,0.10044150110375272,0.09951456310679618,28.033980582524286,28.033980582524286,28.033980582524286,28.033980582524286,9.358337545775361,8.887955172293685,8.525448103804136,8.416348954488198,002129.SZ
2017-12-05,10.77,-0.17299178332433784,1,0.020853080568720372,-0.03828623518687324,0.1003009027081243,0.10044150110375272,30.70388349514561,30.70388349514561,30.70388349514561,30.70388349514561,9.615003446543477,9.067197536837142,8.613469746792209,8.439768367876376,002129.SZ
2017-12-06,11.22,-0.020628437122059307,2,0.04178272980501396,0.020853080568720372,-0.03828623518687324,0.1003009027081243,23.84105960264902,36.165048543689316,36.165048543689316,36.165048543689316,9.90682100171739,9.272226342852651,8.715686619467023,8.467432364215915,002129.SZ
2017-12-07,10.66,-0.18714322328106425,3,-0.04991087344028522,0.04178272980501396,0.020853080568720372,-0.03828623518687324,6.920762286860582,29.36893203883495,29.36893203883495,29.36893203883495,10.043762637768772,9.40439526258097,8.791934203017336,8.4892489576068,002129.SZ
2017-12-08,11.02,0.18920514804941657,4,0.03377110694183849,-0.04991087344028522,0.04178272980501396,0.020853080568720372,0.45578851412944044,33.7378640776699,33.7378640776699,33.7378640776699,10.22126033999263,9.558262380430403,8.879309332310774,8.514430560018674,002129.SZ
2017-12-11,11.2,-0.15144693138705834,0,0.016333938294010864,0.03377110694183849,-0.04991087344028522,0.04178272980501396,6.16113744075828,35.92233009708736,35.92233009708736,35.92233009708736,10.399213005448516,9.714618344198936,8.970316809475058,8.541152643998588,002129.SZ
2017-12-12,11.78,1.166347579577669,1,0.051785714285714324,0.016333938294010864,0.03377110694183849,-0.04991087344028522,9.37790157845868,42.961165048543684,42.961165048543684,42.961165048543684,10.650265186276059,9.911321359037133,9.08050046400545,8.573379980874224,002129.SZ
2017-12-13,12.96,-0.07134296810873608,2,0.10016977928692716,0.051785714285714324,0.016333938294010864,0.03377110694183849,15.508021390374328,43.04635761589404,57.28155339805825,57.28155339805825,11.070216970589502,10.201671705795503,9.232637700711118,8.617027941263535,002129.SZ
2017-12-14,13.49,0.10481133620616623,3,0.040895061728394966,0.10016977928692716,0.051785714285714324,0.016333938294010864,26.547842401500944,35.30591775325978,63.7135922330097,63.7135922330097,11.51017752139141,10.514845829053074,9.399593084996956,8.665515225430067,002129.SZ
2017-12-15,13.71,-0.12255200159493718,4,0.01630837657524098,0.040895061728394966,0.10016977928692716,0.051785714285714324,24.41016333938295,24.97721057429352,66.38349514563106,66.38349514563106,11.910145244774789,10.819146226286115,9.568628650291194,8.715709103783997,002129.SZ
2017-12-18,13.32,-0.26455689196629095,0,-0.02844638949671774,0.01630837657524098,0.040895061728394966,0.10016977928692716,18.928571428571427,26.255924170616108,61.6504854368932,61.6504854368932,12.166482472997554,11.057322776163629,9.715741252240559,8.761522943547341,002129.SZ
2017-12-19,12.92,0.25836234656653634,1,-0.03003003003003002,-0.02844638949671774,0.01630837657524098,0.040895061728394966,9.677419354838722,19.96285979572887,56.79611650485437,56.79611650485437,12.303485659725272,11.234720607005189,9.841398458035046,8.802900824706073,002129.SZ
2017-12-20,12.66,-0.2280390305319484,2,-0.020123839009287936,-0.03003003003003002,-0.02844638949671774,0.01630837657524098,-2.314814814814825,12.834224598930465,39.735099337748345,53.64077669902911,12.368306448866132,11.370461501576123,9.951931851837593,8.841279920977655,002129.SZ
2017-12-21,12.87,-0.12867173356384465,3,0.016587677725118377,-0.020123839009287936,-0.03003003003003002,-0.02844638949671774,-4.595997034840627,20.731707317073166,29.087261785356056,56.18932038834949,12.459523458163199,11.513274691902208,10.06636589686357,8.881366687933102,002129.SZ
2017-12-22,11.58,0.6762441797889518,4,-0.10023310023310017,0.016587677725118377,-0.020123839009287936,-0.03003003003003002,-15.536105032822768,5.081669691470059,5.560619872379213,40.533980582524265,12.299610102133526,11.519629483149616,10.125724096986566,8.908218760689987,002129.SZ
2017-12-25,11.72,-0.46093158945296686,0,0.012089810017271274,-0.10023310023310017,0.016587677725118377,-0.020123839009287936,-12.012012012012008,4.642857142857149,11.090047393364921,42.23300970873787,12.194226447200156,11.53871238951632,10.188244720634152,8.936196683469193,002129.SZ
2017-12-26,11.7,-0.16944333676856715,1,-0.0017064846416383617,0.012089810017271274,-0.10023310023310017,0.016587677725118377,-9.442724458204344,-0.6791171477079749,8.635097493036215,41.99029126213591,12.104367093163763,11.55407311432429,10.247529241393599,8.963697213981938,002129.SZ
2017-12-27,11.18,-0.18192644876479314,2,-0.0444444444444444,-0.0017064846416383617,0.012089810017271274,-0.10023310023310017,-11.690363349131127,-13.734567901234573,-0.35650623885918886,23.399558498896234,11.93630034895217,11.518447103436262,10.28409672212326,8.98574997802192,002129.SZ
2017-12-28,11.18,-0.2107453449287734,3,0.0,-0.0444444444444444,-0.0017064846416383617,0.012089810017271274,-13.131313131313128,-17.123795404002973,4.878048780487809,12.136409227683043,11.798791194597229,11.486214045966143,10.31923018400078,9.00758331157394,002129.SZ
2017-12-29,11.49,0.4872768008034687,4,0.027728085867620766,0.0,-0.0444444444444444,-0.0017064846416383617,-0.7772020725388629,-16.192560175054705,4.264972776769516,4.740200546946216,11.742647341034097,11.486574613016987,10.365142725804672,9.032283975140368,002129.SZ
2018-01-02,11.68,-0.15901018771630226,1,0.01653611836379465,0.027728085867620766,0.0,-0.0444444444444444,-0.34129692832765013,-12.312312312312311,4.285714285714293,10.710900473933638,11.731256915391533,11.504996078443941,10.416705756165275,9.058629408223549,002129.SZ
2018-01-03,11.52,-0.1684450277949352,2,-0.013698630136986356,0.01653611836379465,0.027728085867620766,0.0,-1.538461538461533,-10.835913312693501,-2.2071307300509324,6.9637883008356605,11.692846567138528,11.50642502335404,10.459972197099969,9.083120657892968,002129.SZ
2018-01-04,12.02,0.8147219668904302,3,0.04340277777777768,-0.013698630136986356,0.01653611836379465,0.027728085867620766,7.513416815742402,-5.055292259083732,-7.253086419753096,7.1301247771836,11.752329009476977,11.555336925891751,10.521149757998009,9.112343337913934,002129.SZ
2018-01-05,11.64,-0.39253828325258,4,-0.03161397670549082,0.04340277777777768,-0.013698630136986356,0.01653611836379465,4.114490161001805,-9.557109557109545,-13.71386212008895,9.193245778611626,11.731905553208437,11.563400075806822,10.565026238076518,9.137494150472005,002129.SZ
2018-01-08,11.28,0.1112196683202924,0,-0.030927835051546504,-0.03161397670549082,0.04340277777777768,-0.013698630136986356,-1.8276762402088864,-2.590673575129543,-17.72428884026259,2.3593466424682408,11.64974090717054,11.536409592396648,10.593064424818614,9.158812616636462,002129.SZ
2018-01-09,11.32,-0.43743083663043636,1,0.0035460992907803135,-0.030927835051546504,-0.03161397670549082,0.04340277777777768,-3.082191780821908,-3.412969283276457,-15.01501501501501,1.0714285714285898,11.589788014957714,11.51579915502554,10.621571702276707,9.180316968709732,002129.SZ
2018-01-10,10.8,0.569561585513729,2,-0.04593639575971731,0.0035460992907803135,-0.030927835051546504,-0.03161397670549082,-6.249999999999989,-7.692307692307676,-16.408668730650145,-8.31918505942274,11.44619019405631,11.44762780692787,10.62856889042272,9.196433217777297,002129.SZ
2018-01-11,10.74,-0.3553426727097926,3,-0.005555555555555647,-0.04593639575971731,0.0035460992907803135,-0.030927835051546504,-10.64891846921796,-3.935599284436486,-15.165876777251185,-17.129629629629626,11.317791976955162,11.380234682458548,10.632938737857124,9.21179209123225,002129.SZ
2018-01-12,10.63,-0.09739014647137145,4,-0.01024208566107998,-0.005555555555555647,-0.04593639575971731,0.0035460992907803135,-8.676975945017185,-4.9194991055456105,-17.404817404817397,-21.200889547813194,11.192738890236042,11.30878376031964,10.632823493235275,9.225903612712527,002129.SZ
2018-01-15,10.18,0.24926976071755225,0,-0.04233301975540926,-0.01024208566107998,-0.005555555555555647,-0.04593639575971731,-9.751773049645385,-11.40121845082681,-12.089810017271162,-25.747629467541945,11.00860454655676,11.201280545051102,10.615065709186833,9.235397109103447,002129.SZ
2018-01-16,10.14,-0.3019378151458971,1,-0.003929273084479323,-0.04233301975540926,-0.01024208566107998,-0.005555555555555647,-10.424028268551233,-13.184931506849306,-13.48122866894198,-23.873873873873876,10.850676447182805,11.100206207427188,10.596435681375587,9.244398132893462,002129.SZ
2018-01-17,10.6,0.8567344453090637,2,0.04536489151873768,-0.003929273084479323,-0.04233301975540926,-0.01024208566107998,-1.85185185185186,-7.986111111111116,-9.401709401709402,-17.956656346749234,10.805098911331385,11.052567521005551,10.596575458576545,9.257886708685566,002129.SZ
2018-01-18,10.52,-0.5389170819704989,3,-0.007547169811320753,0.04536489151873768,-0.003929273084479323,-0.04233301975540926,-2.0484171322160183,-12.479201331114808,-5.903398926654746,-16.903633491311222,10.753262745634768,11.001846804719309,10.59357249941668,9.270445049892675,002129.SZ
2018-01-19,10.18,0.1682145115396776,4,-0.03231939163498099,-0.007547169811320753,0.04536489151873768,-0.003929273084479323,-4.233301975540926,-12.542955326460492,-8.944543828264761,-20.901320901320897,10.649033155519355,10.923575680460328,10.57735397002779,9.279495347903694,002129.SZ
2018-01-22,10.31,0.05781363644052018,0,0.012770137524558134,-0.03231939163498099,-0.007547169811320753,0.04536489151873768,1.2770137524558134,-8.599290780141832,-10.26979982593559,-10.967184801381691,10.587390763606745,10.865139901368869,10.566869500614937,9.289749125536494,002129.SZ
2018-01-23,10.57,0.2384751914805161,1,0.025218234723569433,0.012770137524558134,-0.03231939163498099,-0.007547169811320753,4.240631163708075,-6.625441696113077,-9.503424657534243,-9.812286689419803,10.584228806587337,10.837031339333738,10.566992265296705,9.302487940207772,002129.SZ
2018-01-24,10.82,0.22417466076201054,2,0.023651844843897818,0.025218234723569433,0.012770137524558134,-0.03231939163498099,2.075471698113218,0.18518518518517713,-6.076388888888884,-7.521367521367517,10.62709629629873,10.835409307016239,10.576914137245852,9.317587562693268,002129.SZ
2018-01-25,10.48,-0.3353126054674316,3,-0.031423290203327126,0.023651844843897818,0.025218234723569433,0.012770137524558134,-0.3802281368821214,-2.420856610800748,-12.811980033277859,-6.261180679785328,10.600351515153505,10.801560801586122,10.573113582844053,9.329153855601792,002129.SZ
2018-01-26,10.46,-0.303904923599321,4,-0.001908396946564861,-0.031423290203327126,0.023651844843897818,0.025218234723569433,2.7504911591355707,-1.59924741298213,-10.137457044673537,-6.440071556350613,10.574833057852867,10.769031201435062,10.568677756065854,9.340406056043566,002129.SZ
2018-01-29,10.05,0.6072714839297926,0,-0.03919694072657742,-0.001908396946564861,-0.031423290203327126,0.023651844843897818,-2.521823472356932,-1.2770137524557912,-10.904255319148925,-12.53263707571801,10.479408865515982,10.700552039393628,10.54833745190641,9.34746669230184,002129.SZ
2018-01-30,10.07,-0.5930847669158004,1,0.0019900497512437276,-0.03919694072657742,-0.001908396946564861,-0.031423290203327126,-4.730368968779564,-0.6903353057199246,-11.042402826855124,-13.784246575342463,10.404970889967622,10.640499464213281,10.529579120459099,9.354656078448091,002129.SZ
2018-01-31,9.48,1.371392722710163,2,-0.05858987090367429,0.0019900497512437276,-0.03919694072657742,-0.001908396946564861,-12.384473197781887,-10.566037735849054,-12.222222222222223,-17.708333333333325,10.236794364518964,10.529975705716778,10.488419154950899,9.355903281647613,002129.SZ
2018-02-01,8.88,-0.2314814814814815,3,-0.06329113924050633,-0.05858987090367429,0.0019900497512437276,-0.03919694072657742,-15.267175572519076,-15.58935361216729,-17.31843575418994,-26.12312811980032,9.990104480060971,10.37283516231518,10.425343893972432,9.35116792561132,002129.SZ
2018-02-13,7.9,-0.4630045092072236,1,-0.012499999999999956,-0.0990990990990992,0.0,0.0,-11.036036036036034,-21.549155908639516,-25.26017029328288,-22.090729783037478,8.793835976938293,9.381165374132099,9.930514240857796,9.296522187928472,002129.SZ
2018-02-14,7.58,-0.28086866597724924,2,-0.040506329113924044,-0.012499999999999956,-0.0990990990990992,0.0,-14.639639639639645,-20.042194092827003,-29.944547134935306,-28.490566037735842,8.573138526585875,9.209625814690947,9.83833721180455,9.279442365163016,002129.SZ
2018-02-22,7.87,0.11216566005176887,3,0.03825857519788922,-0.040506329113924044,-0.012499999999999956,-0.0990990990990992,-11.373873873873885,-11.373873873873885,-24.904580152671763,-25.190114068441062,8.445295158115716,9.082042403768,9.76114751722398,9.26541806302209,002129.SZ
2018-02-23,7.85,-0.19431083527282123,4,-0.0025412960609911828,0.03825857519788922,-0.040506329113924044,-0.012499999999999956,-11.599099099099108,-11.599099099099108,-24.95219885277248,-22.888015717092337,8.33705967482195,8.96470503198057,9.686200555764218,9.251334301200975,002129.SZ
2018-02-26,8.64,1.1348054949287456,0,0.10063694267515944,-0.0025412960609911828,0.03825857519788922,-0.040506329113924044,8.000000000000007,-2.7027027027027084,-14.029850746268657,-16.197866149369545,8.39213973394523,8.933780743220515,9.64517308298915,9.245251372830817,002129.SZ
2018-02-27,8.91,0.8674374548953572,1,0.03125,0.10063694267515944,-0.0025412960609911828,0.03825857519788922,12.784810126582279,0.33783783783782884,-11.519364448857994,-15.704824976348153,8.486296145955187,8.931515910532847,9.616342766009183,9.241915538275286,002129.SZ
2018-02-28,9.1,-0.3467034869210269,2,0.021324354657688005,0.03125,0.10063694267515944,-0.0025412960609911828,20.052770448548806,2.4774774774774633,-4.008438818565407,-15.89648798521257,8.597878664872425,8.947562014291623,9.596094030087254,9.240503443367073,002129.SZ
2018-03-01,9.19,-0.05066301883072066,3,0.009890109890109855,0.021324354657688005,0.03125,0.10063694267515944,16.772554002541295,3.490990990990972,3.490990990990972,-12.309160305343525,8.705537089441075,8.97065134626385,9.5801687740054,9.240000921542524,002129.SZ
2018-03-02,8.87,-0.1501174821180533,4,-0.03482045701849845,0.009890109890109855,0.021324354657688005,0.03125,12.993630573248405,-0.11261261261262812,-0.11261261261262812,-15.20076481835565,8.735439436815424,8.96106550376253,9.552319018162052,9.236319320333145,002129.SZ
2018-03-05,9.02,-0.22485451129542233,0,0.016910935738444266,-0.03482045701849845,0.009890109890109855,0.021324354657688005,4.39814814814814,12.749999999999995,1.5765765765765716,-10.248756218905486,8.787177721030801,8.966678312928003,9.531443762547854,9.234166889285055,002129.SZ
2018-03-06,9.18,0.989733585560022,1,0.017738359201773912,0.016910935738444266,-0.03482045701849845,0.009890109890109855,3.0303030303030276,16.202531645569618,3.378378378378377,-8.83813306852036,8.858599953570655,8.986994664077717,9.517661654212644,9.233627915262318,002129.SZ
2018-03-07,9.06,-0.41853924238672935,2,-0.013071895424836555,0.017738359201773912,0.016910935738444266,-0.03482045701849845,-0.4395604395604269,19.525065963060694,2.0270270270270174,-4.430379746835444,8.895218143830537,8.993947553213172,9.499714138361167,9.231900274314436,002129.SZ
2018-03-08,9.24,0.32473217175071944,3,0.01986754966887405,-0.013071895424836555,0.017738359201773912,0.016910935738444266,0.5440696409140466,17.40787801778907,4.054054054054057,4.054054054054057,8.957905754043166,9.017381119573823,9.489529270190141,9.231980868599866,002129.SZ
2018-03-09,9.38,0.26639581378006927,4,0.015151515151515138,0.01986754966887405,-0.013071895424836555,0.017738359201773912,5.749718151071037,19.49044585987263,5.630630630630629,5.630630630630629,9.034650162398954,9.051916251042982,9.485234004692488,9.233453695777978,002129.SZ
2018-03-12,9.83,0.22682463781358186,0,0.04797441364605537,0.015151515151515138,0.01986754966887405,-0.013071895424836555,8.980044345898008,13.77314814814814,22.875,10.698198198198195,9.179259223780962,9.126019465229364,9.498754239802587,9.239389479899591,002129.SZ
2018-03-13,10.34,0.5677212204467026,1,0.051881993896236045,0.04797441364605537,0.015151515151515138,0.01986754966887405,12.636165577342041,16.049382716049386,30.886075949367076,16.44144144144144,9.390303001275333,9.241636659017043,9.53174426961425,9.250340828358302,002129.SZ
2018-03-14,9.92,-0.431138325107551,2,-0.04061895551257255,0.051881993896236045,0.04797441364605537,0.015151515151515138,9.492273730684332,9.010989010989023,30.87071240105541,11.711711711711704,9.486611546498,9.30624269149161,9.546969984531339,9.257004103698021,002129.SZ
2018-03-15,10.22,0.11089562764456984,3,0.030241935483870996,-0.04061895551257255,0.051881993896236045,0.04797441364605537,10.60606060606062,11.20783460282917,29.860228716645487,15.09009009009008,9.619954901680181,9.393267197063837,9.573363318471287,9.266586152417444,002129.SZ
2018-03-16,10.09,-0.4432880328101638,4,-0.012720156555773077,0.030241935483870996,-0.04061895551257255,0.051881993896236045,7.56929637526651,13.75422773393462,28.53503184713375,13.626126126126103,9.705417646829238,9.459622702105378,9.593623580492022,9.274779325030206,002129.SZ
2018-03-19,9.88,0.09291962370028051,0,-0.020812685827551913,-0.012720156555773077,0.030241935483870996,-0.04061895551257255,0.5086469989827203,9.534368070953448,14.35185185185186,23.50000000000001,9.737159892860285,9.499658635238198,9.604854028315863,9.280801421298563,002129.SZ
2018-03-20,9.64,0.20954943576508067,1,-0.02429149797570851,-0.020812685827551913,-0.012720156555773077,0.030241935483870996,-6.769825918762084,5.010893246187376,8.193041526374856,22.02531645569621,9.719494457794777,9.513024479501228,9.606232301715242,9.284375536509522,002129.SZ
2018-03-21,9.46,-0.23698726533947745,2,-0.018672199170124415,-0.02429149797570851,-0.020812685827551913,-0.012720156555773077,-4.637096774193539,4.415011037527594,3.956043956043964,24.80211081794197,9.672313647286636,9.50797452907254,9.600497701647978,9.28612304360893,002129.SZ
2018-03-22,9.58,-0.15654657424210872,3,0.012684989429175397,-0.018672199170124415,-0.02429149797570851,-0.020812685827551913,-6.262230919765166,3.6796536796536827,4.243743199129502,21.728081321473947,9.655529347779973,9.514834097732297,9.599693870210801,9.289047192428743,002129.SZ
2018-03-23,8.65,0.5383231632041199,4,-0.09707724425887265,0.012684989429175397,-0.018672199170124415,-0.02429149797570851,-14.271555996035678,-7.782515991471217,-2.480270574971799,10.19108280254779,9.472705830001797,9.432468945567317,9.562450973339791,9.282688513897115,002129.SZ
2018-03-26,9.5,0.12624676128677237,0,0.09826589595375723,-0.09707724425887265,0.012684989429175397,-0.018672199170124415,-3.8461538461538547,-3.3570701932858604,5.3215077605321515,9.953703703703699,9.477668406365105,9.438900474560906,9.560001915561761,9.284850817241423,002129.SZ
2018-03-27,9.93,0.341324131191596,1,0.045263157894736894,0.09826589595375723,-0.09707724425887265,0.012684989429175397,3.0082987551867113,-3.9651837524178,8.169934640522868,11.44781144781144,9.559910514298721,9.485671857936058,9.57451164436326,9.291270212094743,002129.SZ
2018-03-28,9.76,-0.3966562696840684,2,-0.017119838872104776,0.045263157894736894,0.09826589595375723,-0.09707724425887265,3.1712473572938604,-1.6129032258064502,7.726269315673284,7.252747252747249,9.596290420789863,9.511798347656434,9.581785697525486,9.29593419008385,002129.SZ
2018-03-29,9.9,0.08881537571381859,3,0.014344262295082011,-0.017119838872104776,0.045263157894736894,0.09826589595375723,3.3402922755741082,-3.131115459882583,7.14285714285714,7.725788900979325,9.651510344282615,9.548769933593917,9.59426468977939,9.301944795157643,002129.SZ
2018-03-30,10.36,0.43152386123401465,4,0.04646464646464632,0.014344262295082011,-0.017119838872104776,0.045263157894736894,19.768786127167616,2.6759167492566904,10.447761194029837,16.798196166854563,9.78032664532214,9.626029939918306,9.624293525474316,9.312472707643638,002129.SZ
2018-04-02,10.21,0.1270447154143497,0,-0.014478764478764394,0.04646464646464632,0.014344262295082011,-0.017119838872104776,7.473684210526321,3.34008097165992,3.8657171922685807,13.192904656319303,9.858449073445387,9.681646136116562,9.647262406828265,9.32140332746808,002129.SZ
2018-04-03,10.89,0.3958327366461407,1,0.06660137120470133,-0.014478764478764394,0.04646464646464632,0.014344262295082011,9.667673716012093,12.96680497925311,5.319148936170226,18.627450980392158,10.046003787364407,9.796727456486414,9.695997214403627,9.33701125455795,002129.SZ
2018-04-04,11.02,0.11735798340019077,2,0.011937557392102782,0.06660137120470133,-0.014478764478764394,0.04646464646464632,12.909836065573765,16.490486257928104,11.08870967741935,21.63355408388521,10.223094007843606,9.913229603487707,9.747918892270151,9.353757411229017,002129.SZ
2018-04-09,11.16,-0.38062620512349643,0,0.012704174228675091,0.011937557392102782,0.06660137120470133,-0.014478764478764394,12.72727272727272,16.49269311064718,9.197651663405093,20.779220779220786,10.393440551872041,10.031969641250782,9.803294621985048,9.371729974301365,002129.SZ
2018-04-10,10.71,-0.11683912476280822,1,-0.040322580645161255,0.012704174228675091,0.011937557392102782,0.06660137120470133,3.3783783783783994,23.815028901734102,6.14469772051538,14.179104477611947,10.450996815168033,10.09654396113166,9.838851695632693,9.385046093960058,002129.SZ
2018-04-11,10.56,-0.37612569136123675,2,-0.01400560224089642,-0.040322580645161255,0.012704174228675091,0.011937557392102782,3.4280117531831467,11.157894736842099,6.882591093117396,7.4262461851475114,10.470815576046572,10.140682631500074,9.867132021294156,9.396737177602247,002129.SZ
2018-04-12,10.5,-0.21580972367960838,3,-0.005681818181818232,-0.01400560224089642,-0.040322580645161255,0.012704174228675091,-3.581267217630857,5.740181268882183,8.92116182572613,1.547388781431347,10.476121834947193,10.174903333261971,9.891950373400269,9.407714917128594,002129.SZ
2018-04-13,10.73,0.46728539079118914,4,0.02190476190476187,-0.005681818181818232,-0.01400560224089642,-0.040322580645161255,-2.631578947368418,9.938524590163933,13.424947145877365,8.165322580645174,10.52228150132043,10.227769682475119,9.924815064639473,9.420871982629802,002129.SZ
2018-04-16,10.83,0.18982591107317814,0,0.009319664492078328,0.02190476190476187,-0.005681818181818232,-0.01400560224089642,-2.9569892473118253,9.393939393939398,13.048016701461385,5.96868884540116,10.578230319262168,10.285124950810822,9.960312513084983,9.434893156931992,002129.SZ
2018-04-17,10.19,0.22013029764068914,1,-0.05909510618651903,0.009319664492078328,0.02190476190476187,-0.005681818181818232,-4.855275443510754,-1.6409266409266432,17.803468208092465,0.9910802775024763,10.507642988487229,10.276065431685982,9.969319865513024,9.442406657858042,002129.SZ
2018-04-18,11.06,0.5543171000813407,2,0.08537782139352323,-0.05909510618651903,0.009319664492078328,0.02190476190476187,4.734848484848486,8.32517140058766,16.42105263157896,11.943319838056677,10.608071536035006,10.350725866763508,10.012091635492904,9.45850211399876,002129.SZ
2018-04-19,11.37,0.524580565601716,3,0.028028933092224095,0.08537782139352323,-0.05909510618651903,0.009319664492078328,8.285714285714274,4.4077134986225674,14.501510574018116,17.94605809128629,10.746603984028642,10.447799593738413,10.065342943904946,9.477521993461458,002129.SZ
2018-05-09,11.27,-0.5247032177822516,2,0.005352363960749118,-0.014072119613016576,0.0,0.0,-0.8795074758135457,-0.8795074758135457,4.062788550323182,0.9856630824372603,11.271916651311445,11.069205957374812,10.552801540419448,9.688953034980418,002129.SZ
2018-05-10,11.04,0.04562578910927395,3,-0.020408163265306145,0.005352363960749118,-0.014072119613016576,0.0,-2.902374670184693,-2.902374670184693,8.3415112855741,3.081232492997188,11.229749987436637,11.06642443762483,10.571907362363785,9.7023962883637,002129.SZ
2018-05-11,11.0,-0.44553182787531775,4,-0.0036231884057970065,-0.020408163265306145,0.005352363960749118,-0.014072119613016576,-3.2541776605101047,-3.2541776605101047,-0.5424954792043413,4.166666666666652,11.187977262448157,11.06009830070818,10.588695308937755,9.715307768081475,002129.SZ
2018-05-14,10.74,0.31719353705655084,0,-0.023636363636363567,-0.0036231884057970065,-0.020408163265306145,0.005352363960749118,-5.540897097625319,-5.540897097625319,-5.540897097625319,2.285714285714291,11.106526851093946,11.029612748259783,10.594628826234315,9.72550371068763,002129.SZ
2018-05-15,10.94,-0.26995640058132564,1,0.01862197392923637,-0.023636363636363567,-0.0036231884057970065,-0.020408163265306145,-2.408563782337214,-3.781882145998239,-3.781882145998239,1.9571295433364222,11.076249241804137,11.021078200806471,10.60817279383297,9.737588250879792,002129.SZ
2018-05-16,10.55,0.23839354202432705,2,-0.035648994515539156,0.01862197392923637,-0.023636363636363567,-0.0036231884057970065,-6.388642413487123,-7.211961301671055,-7.211961301671055,-2.5854108956602007,10.98056756147611,10.976213610253474,10.605891507800306,9.745671949876014,002129.SZ
2018-05-17,10.5,-0.43653310130222545,3,-0.004739336492891044,-0.035648994515539156,0.01862197392923637,-0.023636363636363567,-4.891304347826075,-7.651715039577834,-7.651715039577834,3.042198233562332,10.893191641207725,10.930859933086477,10.601738899651275,9.753177701618542,002129.SZ
2018-05-18,10.19,0.9214803570026435,4,-0.02952380952380962,-0.004739336492891044,-0.035648994515539156,0.01862197392923637,-7.363636363636372,-10.378188214599826,-10.378188214599826,-7.866184448462943,10.765338615533594,10.8603018442211,10.58559227613554,9.7575241921497,002129.SZ
2018-05-21,10.69,0.05071239818018358,0,0.04906771344455341,-0.02952380952380962,-0.004739336492891044,-0.035648994515539156,-0.4655493482309203,-5.9806508355320975,-5.9806508355320975,-5.9806508355320975,10.751640685436575,10.844082620961949,10.589686696679244,9.766802558396968,002129.SZ
2018-05-22,10.65,-0.3739191308969755,1,-0.003741814780168329,0.04906771344455341,-0.02952380952380962,-0.004739336492891044,-2.6508226691042025,-4.99553969669938,-6.33245382585751,-6.33245382585751,10.733160560811744,10.825598561822716,10.592051924260451,9.775590592641775,002129.SZ
2018-05-23,10.92,1.267445231291672,2,0.025352112676056304,-0.003741814780168329,0.04906771344455341,-0.02952380952380962,3.5071090047393394,-3.105590062111796,-3.957783641160939,-3.957783641160939,10.767131367936882,10.834589174982458,10.604912633112981,9.786977750923946,002129.SZ
2018-05-24,10.79,-0.3924514172998247,3,-0.011904761904761973,0.025352112676056304,-0.003741814780168329,0.04906771344455341,2.761904761904743,-2.264492753623193,-5.101143359718563,-5.101143359718563,10.771289301039266,10.830342586888891,10.612170961226198,9.796958071810275,002129.SZ
2018-05-25,10.25,0.05077485006538507,4,-0.05004633920296564,-0.011904761904761973,0.025352112676056304,-0.003741814780168329,0.5888125613346507,-6.818181818181824,-9.850483729111692,-9.850483729111692,10.676509428123035,10.775071864328044,10.597968178433014,9.80146595169276,002129.SZ
2018-05-28,10.1,-0.32953781452501185,0,-0.014634146341463428,-0.05004633920296564,-0.011904761904761973,0.025352112676056304,-5.51917680074836,-5.959031657355684,-11.169744942832017,-11.169744942832017,10.571689532100663,10.710779305820612,10.578440014572896,9.804436439735618,002129.SZ
2018-05-29,9.8,0.21585235758480903,1,-0.02970297029702962,-0.014634146341463428,-0.05004633920296564,-0.011904761904761973,-7.981220657276989,-10.420475319926858,-12.578055307760927,-13.808267370272631,10.431382344445996,10.624038419551983,10.547912955177882,9.804392296056657,002129.SZ
2018-05-30,9.36,-0.09832066962640595,2,-0.044897959183673564,-0.02970297029702962,-0.014634146341463428,-0.05004633920296564,-14.28571428571429,-11.279620853080585,-16.947648624667256,-17.678100263852237,10.236585554546723,10.50365380816608,10.5013281334062,9.799970482165547,002129.SZ
2018-05-31,9.43,-0.11509419274482335,3,0.007478632478632452,-0.044897959183673564,-0.02970297029702962,-0.014634146341463428,-12.604263206672838,-10.190476190476193,-14.583333333333325,-17.062445030782758,10.089933635538227,10.401401064531214,10.459315265429487,9.796289183835542,002129.SZ
2018-06-01,9.19,-0.271959533758522,4,-0.02545068928950156,0.007478632478632452,-0.044897959183673564,-0.02970297029702962,-10.341463414634156,-9.813542688910692,-16.454545454545453,-19.173262972735273,9.926309338167638,10.28602953457586,10.409538196196959,9.790256455638174,002129.SZ
2018-06-04,8.27,1.75909255679072,0,-0.10010881392818283,-0.02545068928950156,0.007478632478632452,-0.044897959183673564,-18.118811881188122,-22.637979420018706,-22.998137802607076,-27.264731750219873,9.62516218577352,10.094026721759112,10.325634737522568,9.775129525731327,002129.SZ
2018-06-05,8.27,-0.17561338778370206,1,0.0,-0.10010881392818283,-0.02545068928950156,0.007478632478632452,-15.612244897959194,-22.347417840375595,-24.40585009140768,-26.226583407671733,9.378769061087425,9.920309891115387,10.245021610560899,9.760153112539971,002129.SZ
2018-06-06,8.28,-0.4559809819780337,2,0.0012091898428052694,0.0,-0.10010881392818283,-0.02545068928950156,-11.538461538461542,-24.17582417582418,-21.51658767772513,-26.530612244897966,9.178992868162439,9.76408990148535,10.167961939558511,9.745425220872907,002129.SZ
2018-06-07,8.28,-0.19842296706784168,3,0.0,0.0012091898428052694,0.0,-0.10010881392818283,-12.195121951219512,-23.26227988878591,-21.142857142857153,-25.0,9.015539619405631,9.622748006105793,10.09392421643857,9.730843875391583,002129.SZ
2018-06-08,8.15,-0.08201614131262369,4,-0.015700483091787287,0.0,0.0012091898428052694,0.0,-11.316648531011964,-20.487804878048777,-20.019627085377813,-25.909090909090903,8.858168779513697,9.482486291238576,10.017691894225294,9.715114085586693,002129.SZ
2018-06-11,8.06,-0.19656957069869296,0,-0.01104294478527601,-0.015700483091787287,0.0,0.0012091898428052694,-2.5392986698911657,-20.198019801980195,-24.602432179607103,-24.953445065176904,8.713047183238478,9.347011406358712,9.940919663079205,9.698645288715184,002129.SZ
2018-06-12,8.14,0.18181442788124036,1,0.00992555831265518,-0.01104294478527601,-0.015700483091787287,0.0,-1.5719467956469058,-16.938775510204085,-23.56807511737089,-25.59414990859231,8.608856786286028,9.232057939086454,9.870295362566294,9.68313638036976,002129.SZ
2018-06-13,8.05,0.25097833682739346,2,-0.011056511056511065,0.00992555831265518,-0.01104294478527601,-0.015700483091787287,-2.777777777777757,-13.99572649572648,-26.282051282051277,-23.696682464454977,8.50724646150675,9.119480992506793,9.79891123070095,9.66688626713225,002129.SZ
2018-06-14,8.01,-0.38440912772672675,3,-0.00496894409937898,-0.011056511056511065,0.00992555831265518,-0.01104294478527601,-3.2608695652173836,-15.058324496288444,-25.764596848934197,-23.714285714285722,8.416838013960067,9.013816136077574,9.728757849104834,9.650399836613522,002129.SZ
2018-06-15,7.89,0.27799455535390205,4,-0.014981273408239737,-0.00496894409937898,-0.011056511056511065,0.00992555831265518,-3.1901840490797584,-14.145810663764957,-23.024390243902438,-22.571148184494604,8.321049284149145,8.90678602787971,9.656649698159546,9.63288342032881,002129.SZ
2018-06-19,7.1,0.768381439272908,1,-0.10012674271229405,-0.014981273408239737,-0.00496894409937898,-0.011056511056511065,-11.910669975186117,-14.14752116082225,-29.702970297029708,-33.58278765201123,8.099040323394755,8.734711168081642,9.556388925682702,9.607680600226036,002129.SZ
2018-06-20,7.26,-0.19684802248544475,2,0.022535211267605604,-0.10012674271229405,-0.014981273408239737,-0.00496894409937898,-10.810810810810823,-12.212817412333731,-25.918367346938787,-31.83098591549296,7.946487537322981,8.5942624854072,9.466334458008872,9.584320594253638,002129.SZ
2018-06-21,6.88,-0.06384201974753156,3,-0.052341597796143224,0.022535211267605604,-0.10012674271229405,-0.014981273408239737,-14.534161490683239,-16.90821256038647,-26.49572649572649,-36.996336996337,7.752580712355166,8.430999391558894,9.364909577302642,9.55741193162425,002129.SZ
2018-06-22,7.2,-0.027369095618274497,4,0.04651162790697683,-0.052341597796143224,0.022535211267605604,-0.10012674271229405,-10.11235955056179,-13.043478260869556,-23.64793213149522,-33.271547729379044,7.652111491926954,8.31376135426757,9.280011162506462,9.53395509648371,002129.SZ
2018-06-25,7.52,0.4655740405205073,0,0.04444444444444429,0.04651162790697683,-0.052341597796143224,0.022535211267605604,-4.689480354879594,-7.730061349693262,-18.17192600652884,-26.634146341463417,7.628091220667507,8.238165034813514,9.210991116917974,9.513915742289843,002129.SZ
2018-06-26,7.78,-0.09137398145546505,1,0.03457446808510656,0.04444444444444429,0.04651162790697683,-0.052341597796143224,9.577464788732403,-3.47394540942928,-5.925030229746064,-22.97029702970297,7.65571099872796,8.19453026959318,9.154873818215307,9.496662849331736,002129.SZ
2018-06-27,7.59,-0.3565052466654297,2,-0.024421593830334265,0.03457446808510656,0.04444444444444429,0.04651162790697683,4.545454545454541,-6.756756756756765,-8.222490931076177,-22.551020408163268,7.643763544413785,8.136955958203353,9.09350621750098,9.477691079686645,002129.SZ
2018-06-28,7.65,-0.11879284936246548,3,0.007905138339921125,-0.024421593830334265,0.03457446808510656,0.04444444444444429,11.191860465116289,-4.968944099378891,-7.608695652173902,-18.26923076923076,7.644897445429461,8.090579200279224,9.036898130540159,9.45950509879424,002129.SZ
2018-06-29,7.83,0.9217625245401004,4,0.0235294117647058,0.007905138339921125,-0.024421593830334265,0.03457446808510656,8.749999999999991,-2.2471910112359494,-5.4347826086956434,-16.967126193001057,7.678552455351377,8.065762133585965,8.989568792087603,9.443291117711711,002129.SZ
2018-07-02,7.9,-0.01765039727582296,0,0.008939974457215838,0.0235294117647058,0.007905138339921125,-0.024421593830334265,5.053191489361719,0.12674271229404788,-3.0674846625766916,-14.036996735582141,7.718815645287489,8.049975263720635,8.946840604162599,9.427934987187218,002129.SZ
2018-07-03,8.04,-0.08275078475552211,1,0.017721518987341645,0.008939974457215838,0.0235294117647058,0.007905138339921125,3.341902313624656,13.239436619718315,-0.24813895781639062,-2.781136638452242,7.777212800689764,8.049025238604383,8.91127822752877,9.414124688807245,002129.SZ
2018-07-04,8.06,0.016880117572958042,2,0.0024875621890549926,0.017721518987341645,0.008939974457215838,0.0235294117647058,6.192358366271411,11.019283746556475,-0.9828009828009798,-2.5392986698911657,7.8286286551098065,8.050070453975394,8.877894767625682,9.400650811306676,002129.SZ
2018-07-05,7.8,-0.12022546145269841,3,-0.032258064516129115,0.0024875621890549926,0.017721518987341645,0.008939974457215838,1.9607843137254832,13.372093023255815,-3.105590062111807,-5.797101449275354,7.823423445089841,8.026254220263452,8.835624384581537,9.384723937562331,002129.SZ
2018-07-06,7.9,0.08380465138109883,4,0.012820512820512997,-0.032258064516129115,0.0024875621890549926,0.017721518987341645,0.8939974457215838,9.722222222222232,-1.3732833957552981,-4.589371980676315,7.837346455073506,8.01423000880979,8.798933232245007,9.369950565049274,002129.SZ
2018-07-09,8.07,-0.2837469143822269,0,0.021518987341772045,0.012820512820512997,-0.032258064516129115,0.0024875621890549926,2.1518987341772045,7.31382978723405,2.281368821292773,-0.9815950920245453,7.879647099605595,8.019541436542191,8.770347615294222,9.357015733556247,002129.SZ
2018-07-10,8.01,-0.07845093415563209,1,-0.0074349442379182396,0.021518987341772045,0.012820512820512997,-0.032258064516129115,-0.3731343283582045,2.956298200514129,12.81690140845071,-0.6203473945409543,7.903347626950032,8.018632728300078,8.740530061753272,9.343612591928823,002129.SZ
2018-07-11,7.86,0.1679624708854115,2,-0.01872659176029956,-0.0074349442379182396,0.021518987341772045,0.012820512820512997,-2.481389578163773,3.5573122529644285,8.264462809917372,-3.439803439803446,7.895466240231844,8.003524849414356,8.705999471096282,9.328850277581273,002129.SZ
2018-07-12,8.19,0.38836614892003496,3,0.041984732824427384,-0.01872659176029956,-0.0074349442379182396,0.021518987341772045,5.000000000000004,7.058823529411762,19.040697674418606,1.7391304347825987,7.949017832916963,8.02128438756537,8.685764197719957,9.31751843402325,002129.SZ
2018-07-13,8.17,-0.38183289500303463,4,-0.0024420024420024333,0.041984732824427384,-0.01872659176029956,-0.0074349442379182396,3.417721518987338,4.342273307790556,13.472222222222218,1.9975031210986316,7.989196408750242,8.03544777922581,8.665538150750546,9.306100340152375,002129.SZ
2018-07-16,8.57,1.2563162717633198,0,0.0489596083231334,-0.0024420024420024333,0.041984732824427384,-0.01872659176029956,6.1957868649318515,8.481012658227849,13.962765957446809,8.618504435994945,8.094797061704742,8.086357514537639,8.661791556603466,9.298775958658322,002129.SZ
2018-07-17,8.68,-0.4115804130888838,1,0.012835472578763163,0.0489596083231334,-0.0024420024420024333,0.041984732824427384,8.364544319600498,7.9601990049751326,11.568123393316188,22.253521126760557,8.201197595940243,8.142894894105483,8.662505613207252,9.292618983945303,002129.SZ
2018-07-18,8.49,0.015504831394202334,2,-0.02188940092165892,0.012835472578763163,0.0489596083231334,-0.0024420024420024333,8.015267175572527,5.33498759305211,11.857707509881422,16.94214876033058,8.253707123951108,8.175952523238294,8.655740687199124,9.284632725398584,002129.SZ
2018-07-19,8.32,-0.23016239046532527,3,-0.020023557126030656,-0.02188940092165892,0.012835472578763163,0.0489596083231334,1.5873015873016039,6.666666666666665,8.758169934640513,20.93023255813955,8.265760374141815,8.189671330548933,8.642574385740335,9.275034389822478,002129.SZ
2018-07-20,8.68,0.6011035787482266,4,0.043269230769230616,-0.020023557126030656,-0.02188940092165892,0.012835472578763163,6.242350061199509,9.873417721518972,10.85568326947637,20.55555555555555,8.341076669752393,8.236369299068082,8.644042056887773,9.26911364962524,002129.SZ
2018-07-23,8.69,-0.1733393725752772,0,0.0011520737327188613,0.043269230769230616,-0.020023557126030656,-0.02188940092165892,1.4002333722286986,7.682775712515477,9.999999999999986,15.558510638297873,8.404517275251957,8.27957222296636,8.645844329166684,9.263351324753346,002129.SZ
2018-07-24,8.88,0.14646115730042641,1,0.021864211737629535,0.0011520737327188613,0.043269230769230616,-0.020023557126030656,2.3041474654378113,10.861423220973787,10.44776119402988,14.13881748071979,8.490968679751601,8.336755820779088,8.65502690449348,9.259536883711025,002129.SZ
2018-07-25,8.76,-0.08482077922077924,2,-0.013513513513513598,0.021864211737629535,0.0011520737327188613,0.043269230769230616,3.180212014134276,11.450381679389299,8.684863523573183,15.41501976284585,8.539883465251311,8.377064790228697,8.659143496474128,9.254566367455196,002129.SZ
2018-07-26,8.61,-0.35742342710532893,3,-0.017123287671232945,-0.013513513513513598,0.021864211737629535,0.0011520737327188613,3.4855769230769162,5.128205128205132,10.384615384615369,12.549019607843114,8.552631926114708,8.399249095921203,8.657216300533966,9.248152771759125,002129.SZ
2018-07-27,8.58,-0.22939118759054444,4,-0.0034843205574912606,-0.017123287671232945,-0.013513513513513598,0.021864211737629535,-1.1520737327188946,5.018359853121179,8.607594936708862,9.578544061302674,8.557607939548397,8.41646346773823,8.654188210316947,9.241504485472966,002129.SZ
2018-07-30,8.43,0.21220597001238017,0,-0.0174825174825175,-0.0034843205574912606,-0.017123287671232945,-0.013513513513513598,-2.9919447640966657,-1.6336056009334965,4.4609665427509215,6.708860759493662,8.534406495994142,8.41775266128697,8.645396515794713,9.233429813975723,002129.SZ
2018-07-31,8.43,-0.2686008246018837,1,0.0,-0.0174825174825175,-0.0034843205574912606,-0.017123287671232945,-5.067567567567577,-2.880184331797231,5.243445692883886,4.850746268656714,8.51542349672248,8.418919074497735,8.636949593606685,9.225435487468502,002129.SZ
2018-08-01,8.48,0.7897186594952419,2,0.005931198102016699,0.0,-0.0174825174825175,-0.0034843205574912606,-3.1963470319634646,-0.11778563015312216,7.888040712468203,5.210918114143914,8.508982860954756,8.424736305497952,8.630794707582893,9.218018218936477,002129.SZ
2018-08-02,8.0,0.22114662197306822,3,-0.05660377358490576,0.005931198102016699,0.0,-0.0174825174825175,-7.084785133565619,-3.8461538461538547,-2.3199023199023117,2.564102564102577,8.416440522599345,8.384285228783861,8.606057660226702,9.205898634668452,002129.SZ
2018-08-03,7.77,-0.4951134669537849,4,-0.028750000000000053,-0.05660377358490576,0.005931198102016699,0.0,-9.440559440559449,-10.483870967741938,-4.895960832313351,-1.6455696202531733,8.298905882126736,8.325781873661589,8.57327108531585,9.191611086064787,002129.SZ
2018-08-06,7.24,0.9505061867266591,0,-0.06821106821106815,-0.028750000000000053,-0.05660377358490576,0.005931198102016699,-14.116251482799525,-16.685845799769837,-15.519253208868145,-10.285006195786861,8.106377539921874,8.22237407617001,8.520985944715228,9.17219207028305,002129.SZ
2018-08-07,7.58,-0.3117550941945406,1,0.046961325966850875,-0.06821106821106815,-0.028750000000000053,-0.05660377358490576,-10.083036773428233,-14.639639639639645,-12.67281105990783,-5.368289637952561,8.010672532663351,8.161195592725246,8.484084535118553,9.156349363116055,002129.SZ
2018-08-08,7.3,-0.14325116961106077,2,-0.03693931398416894,0.046961325966850875,-0.06821106821106815,-0.028750000000000053,-13.915094339622646,-16.666666666666664,-14.016489988221437,-7.124681933842247,7.881459344906378,8.079176964846651,8.437649847466846,9.137878225174601,002129.SZ
2018-08-09,7.72,0.8112800032601168,3,0.05753424657534256,-0.03693931398416894,0.046961325966850875,-0.06821106821106815,-3.500000000000003,-10.336817653890817,-7.211538461538469,-5.7387057387057405,7.852103100377945,8.044969634861255,8.409506716193636,9.123769984128089,002129.SZ
2018-08-10,7.84,-0.41753099196796195,4,0.015544041450777257,0.05753424657534256,-0.03693931398416894,0.046961325966850875,0.9009009009009139,-8.624708624708632,-9.677419354838712,-4.039167686658507,7.849902536672864,8.025448717255422,8.38717311948016,9.110996153440247,002129.SZ
2018-08-13,8.1,0.46301518019235965,0,0.03316326530612246,0.015544041450777257,0.05753424657534256,-0.03693931398416894,11.878453038674031,-3.9145907473309594,-6.789413118527044,-5.484247374562434,7.895374802732342,8.032548839421572,8.375911428520155,9.100936490221937,002129.SZ
2018-08-14,7.9,-0.39449783504065894,1,-0.024691358024691246,0.03316326530612246,0.015544041450777257,0.05753424657534256,4.221635883905006,-6.287069988137595,-11.036036036036034,-8.986175115207363,7.896215747690098,8.019925140429041,8.357248235244855,9.088986873403808,002129.SZ
2018-08-15,7.79,0.3127234673410657,2,-0.013924050632911467,-0.024691358024691246,0.03316326530612246,0.015544041450777257,6.712328767123288,-8.13679245283019,-11.073059360730586,-8.244994110718496,7.876903793564626,7.998027508007228,8.335003206411724,9.076061630882378,002129.SZ
2018-08-16,7.62,-0.16641201089483826,3,-0.02182284980744542,-0.013924050632911467,-0.024691358024691246,0.03316326530612246,-1.2953367875647603,-4.749999999999998,-11.498257839721248,-8.413461538461542,7.830194012916512,7.962024888197016,8.306963864983814,9.061573455450715,002129.SZ
2018-08-17,7.38,-0.01737328657953463,4,-0.03149606299212604,-0.02182284980744542,-0.013924050632911467,-0.024691358024691246,-5.867346938775508,-5.019305019305021,-13.98601398601399,-14.97695852534562,7.7483405560226,7.906593946463967,8.270612340866801,9.044841381267126,002129.SZ
2018-08-20,7.49,0.015247364152473741,0,0.014905149051490652,-0.03149606299212604,-0.02182284980744542,-0.013924050632911467,-7.530864197530862,3.4530386740331487,-11.150652431791219,-13.80897583429228,7.7013695458366715,7.866918332515017,8.240000092205358,9.029370322747056,002129.SZ
2018-08-21,7.45,0.0049528678702668305,1,-0.005340453938584733,0.014905149051490652,-0.03149606299212604,-0.02182284980744542,-5.696202531645566,-1.715039577836408,-11.625148279952546,-16.10360360360361,7.655665992048185,7.827211824656445,8.2090196964326,9.013655195157533,002129.SZ
2018-08-22,7.2,-0.19387917329093796,2,-0.03355704697986572,-0.005340453938584733,0.014905149051490652,-0.03149606299212604,-7.573812580231065,-1.3698630136986245,-15.094339622641506,-17.808219178082187,7.572817629857605,7.767477365165355,8.1694502965725,8.995608874807706,002129.SZ
2018-08-23,7.46,0.3961147815797261,3,0.03611111111111098,-0.03355704697986572,-0.005340453938584733,0.014905149051490652,-2.099737532808399,-3.3678756476683946,-6.75,-13.356562137049933,7.552305333519858,7.738193806578178,8.141628716314754,8.980329184511113,002129.SZ
2018-08-24,7.38,-0.3632575222489052,4,-0.01072386058981234,0.03611111111111098,-0.03355704697986572,-0.005340453938584733,0.0,-5.867346938775508,-5.019305019305021,-13.98601398601399,7.5209770910617015,7.70408011071359,8.111760923518098,8.964405511033391,002129.SZ
2018-08-27,7.76,1.0344980587909038,0,0.051490514905149,-0.01072386058981234,0.03611111111111098,-0.03355704697986572,3.604806408544725,-4.19753086419753,7.182320441988943,-7.94780545670225,7.564435801777756,7.7094058144551525,8.09796637749778,8.952421376595249,002129.SZ
2018-08-28,7.82,-0.38531159696854045,1,0.0077319587628865705,0.051490514905149,-0.01072386058981234,0.03611111111111098,4.966442953020134,-1.0126582278481067,3.16622691292876,-7.23606168446026,7.610902019636345,7.719938594030853,8.087065735242966,8.941153502201265,002129.SZ
2018-08-29,7.73,-0.21735852403760858,2,-0.011508951406649648,0.0077319587628865705,0.051490514905149,-0.01072386058981234,7.361111111111107,-0.7702182284980652,5.890410958904124,-8.844339622641506,7.6325561978842815,7.720896823170771,8.073063157390301,8.929102223572396,002129.SZ
2018-08-30,7.52,0.1464271547571825,3,-0.027166882276843607,-0.011508951406649648,0.0077319587628865705,0.051490514905149,0.8042895442359255,-1.3123359580052618,-2.590673575129532,-6.000000000000005,7.612091434632593,7.701763792392603,8.051374406120093,8.915081305924911,002129.SZ
2018-08-31,7.44,-0.03702239137956609,4,-0.010638297872340274,-0.027166882276843607,-0.011508951406649648,0.0077319587628865705,0.8130081300813163,0.8130081300813163,-5.102040816326525,-4.247104247104239,7.580802082881212,7.6768339074028304,8.027398939213423,8.900403879995311,002129.SZ
2018-09-03,7.58,0.36053793245046717,0,0.018817204301075252,-0.010638297872340274,-0.027166882276843607,-0.011508951406649648,-2.319587628865971,1.2016021361815676,-6.419753086419744,4.6961325966850875,7.580656249630082,7.667611630507323,8.009853882773681,8.887265532930682,002129.SZ
2018-09-04,7.75,0.024107749188862826,1,0.02242744063324542,0.018817204301075252,-0.010638297872340274,-0.027166882276843607,-0.8951406649616356,4.026845637583887,-1.898734177215189,2.242744063324542,7.611446022424612,7.675458141887578,7.999663534429615,8.875949457976148,002129.SZ
2018-09-05,7.6,-0.1714496223982317,2,-0.01935483870967747,0.02242744063324542,0.018817204301075252,-0.010638297872340274,-1.6817593790427021,5.555555555555558,-2.4390243902439046,4.109589041095885,7.609364927438318,7.668271652183999,7.983990454648062,8.863253443468924,002129.SZ
2018-09-06,7.6,-0.018940909697212183,3,0.0,-0.01935483870967747,0.02242744063324542,0.018817204301075252,1.0638297872340496,1.8766756032171594,-0.2624671916010568,-1.5544041450777257,7.607662213358624,7.661769590071238,7.968932005446177,8.850683757464259,002129.SZ
2018-09-07,7.4,0.5455245864491274,4,-0.02631578947368407,0.0,-0.01935483870967747,0.02242744063324542,-0.5376344086021501,0.27100271002711285,0.27100271002711285,-5.612244897959173,7.569905447293419,7.636839152921596,7.946620946409072,8.836249093210883,002129.SZ
2018-09-10,7.23,-0.3730279748988329,0,-0.02297297297297296,-0.02631578947368407,0.0,-0.01935483870967747,-4.617414248021101,-6.829896907216481,-3.471295060080104,-10.740740740740728,7.508104456876433,7.598092566929063,7.918518164196952,8.820266515168983,002129.SZ
2018-09-11,7.29,-0.3345493662597634,1,0.008298755186721962,-0.02297297297297296,-0.02631578947368407,0.0,-5.935483870967739,-6.7774936061381075,-2.147651006711415,-7.7215189873417795,7.468449101080717,7.568750417697723,7.893870393051974,8.80503998267974,002129.SZ
2018-09-12,7.37,0.017852122575203744,2,0.010973936899862924,0.008298755186721962,-0.02297297297297296,-0.02631578947368407,-3.026315789473677,-4.6571798188874585,2.3611111111111027,-5.391527599486523,7.4505492645205855,7.549821806488416,7.8733264560695435,8.790760977876957,002129.SZ
2018-09-13,7.43,0.15011738710122913,3,0.008141112618724522,0.010973936899862924,0.008298755186721962,-0.02297297297297296,-2.2368421052631593,-1.196808510638292,-0.40214477211796273,-2.493438320209984,7.446813034607751,7.538410205870472,7.85594110485113,8.777221067649325,002129.SZ
2018-09-14,7.37,-0.05847742555235358,4,-0.008075370121130465,0.008141112618724522,0.010973936899862924,0.008298755186721962,-0.40540540540541237,-0.9408602150537626,-0.13550135501354532,-0.13550135501354532,7.432847028315432,7.522371138644713,7.8368845909354,8.763218867971224,002129.SZ
2018-09-17,7.37,-0.010904221400331426,0,0.0,-0.008075370121130465,0.008141112618724522,0.010973936899862924,1.9363762102351245,-2.770448548812665,-5.0257731958762815,-1.602136181575431,7.421420295894444,7.507859601630932,7.818575391290874,8.749355993663054,002129.SZ
2018-09-18,7.47,0.19721487976274887,1,0.013568521031207537,0.0,-0.008075370121130465,0.008141112618724522,2.4691358024691246,-3.612903225806452,-4.4757033248081886,0.26845637583892135,7.430252969368182,7.504253925285129,7.804905768102997,8.736626083278347,002129.SZ
2018-09-19,7.57,0.530479267635972,2,0.013386880856760541,0.013568521031207537,0.0,-0.008075370121130465,2.7137042062415295,-0.39473684210525883,-2.069857697283317,5.138888888888893,7.455661520392148,7.510515456210355,7.795693777196997,8.725017863544235,002129.SZ
2018-09-20,7.71,0.18729108757608826,3,0.018494055482166427,0.013386880856760541,0.013568521031207537,0.0,3.7685060565275874,1.4473684210526416,2.5265957446808596,3.351206434316345,7.501904880320849,7.529513984190321,7.792333236914763,8.714918183309964,002129.SZ
2018-09-21,7.74,-0.33860834518729255,4,0.0038910505836575737,0.018494055482166427,0.013386880856760541,0.013568521031207537,5.020352781546822,4.594594594594592,4.0322580645161255,4.878048780487809,7.545194902080694,7.549560271410291,7.790280953114184,8.705217504869069,002129.SZ
2018-09-25,7.65,-0.40258983779908586,1,-0.011627906976744207,0.0038910505836575737,0.018494055482166427,0.013386880856760541,3.7991858887381325,5.809128630705396,0.923482849604218,-1.4175257731958713,7.564250374429658,7.559125959847407,7.784779739266569,8.694717828203705,002129.SZ
2018-09-26,7.69,0.507387684692117,2,0.005228758169934622,-0.011627906976744207,0.0038910505836575737,0.018494055482166427,2.945113788487297,5.4869684499314175,-0.7741935483870921,-1.662404092071612,7.587113942715175,7.571590154147653,7.781062886746312,8.684720635883272,002129.SZ
2018-09-27,7.55,-0.2392775400537367,3,-0.01820546163849157,0.005228758169934622,-0.011627906976744207,0.0038910505836575737,-0.26420079260238705,2.4423337856173566,-0.6578947368421018,-2.3285899094437346,7.580365953130597,7.569533948990734,7.772001597069987,8.673429883287419,002129.SZ
2018-09-28,7.61,-0.2484792988423048,4,0.007947019867549754,-0.01820546163849157,0.005228758169934622,-0.011627906976744207,-1.2970168612191912,2.422611036339184,0.13157894736843812,1.196808510638303,7.585753961652307,7.573387858610664,7.765648593263321,8.662848491413913,002129.SZ
2018-10-08,7.0,1.3000870322019145,0,-0.08015768725361372,0.007947019867549754,-0.01820546163849157,0.005228758169934622,-9.560723514211888,-5.02035278154681,-5.405405405405405,-5.913978494623661,7.479253241351887,7.518779491123934,7.735623158233387,8.646302735280441,002129.SZ
2018-10-09,6.84,0.18276070833963987,1,-0.02285714285714291,-0.08015768725361372,0.007947019867549754,-0.01820546163849157,-10.588235294117654,-7.191316146540028,-5.394190871369298,-9.762532981530347,7.363025379287906,7.454133825302606,7.700500681439921,8.628329573735362,002129.SZ
2018-10-10,6.87,-0.41330219463817264,2,0.004385964912280826,-0.02285714285714291,-0.08015768725361372,0.007947019867549754,-10.663198959687914,-8.032128514056225,-5.7613168724279795,-11.354838709677416,7.2733844012355595,7.398502032416643,7.667932027265807,8.61083375708128,002129.SZ
2018-10-11,6.18,0.9205518294345385,3,-0.10043668122270744,0.004385964912280826,-0.02285714285714291,-0.08015768725361372,-18.145695364238414,-18.36195508586527,-16.146540027137046,-18.68421052631579,7.074587237374548,7.282454219805535,7.609581751686756,8.586646356513308,002129.SZ
2018-10-12,5.81,0.31279634309076987,4,-0.05987055016181231,-0.10043668122270744,0.004385964912280826,-0.02285714285714291,-23.65308804204994,-24.643320363164722,-21.80349932705249,-23.55263157894737,6.84466228512463,7.142220484585961,7.539009918287276,8.559018034557951,002129.SZ
2018-10-15,5.72,-0.6188200181668757,0,-0.015490533562822706,-0.05987055016181231,-0.10043668122270744,0.004385964912280826,-18.285714285714295,-26.09819121447029,-22.388059701492548,-22.702702702702716,6.6401782332837875,7.006770914625393,7.4676761960015,8.530769098890708,002129.SZ
2018-10-16,5.49,0.7484822695035462,1,-0.0402097902097901,-0.015490533562822706,-0.05987055016181231,-0.10043668122270744,-19.736842105263154,-28.235294117647058,-25.50881953867028,-24.06639004149378,6.43105491814128,6.862316541803927,7.390120266746539,8.500512689946522,002129.SZ
2018-10-17,5.63,-0.16890028231171106,2,0.025500910746812266,-0.0402097902097901,-0.015490533562822706,-0.05987055016181231,-18.049490538573508,-26.788036410923276,-24.631860776439083,-22.770919067215367,6.285408569388319,6.744953061632124,7.3210959425604,8.47195037462367,002129.SZ
2018-10-18,5.4,-0.297555833203186,3,-0.04085257548845467,0.025500910746812266,-0.0402097902097901,-0.015490533562822706,-12.621359223300965,-28.47682119205297,-28.665785997357997,-26.72998643147897,6.124425193135897,6.616862293857636,7.245758846773718,8.441383704229406,002129.SZ
2018-10-19,5.64,0.37101884275471075,4,0.04444444444444429,-0.04085257548845467,0.025500910746812266,-0.0402097902097901,-2.9259896729776247,-25.886990801576882,-26.848249027237358,-24.091520861372818,6.036347885293006,6.523827789680719,7.1827879116061215,8.413509239510706,002129.SZ
2018-10-22,5.98,0.807832644125517,0,0.06028368794326244,0.04444444444444429,-0.04085257548845467,0.025500910746812266,4.545454545454564,-14.57142857142857,-22.73901808785529,-18.860244233378552,6.026102815239732,6.472034666853984,7.1356197582098035,8.38929521722702,002129.SZ
2018-10-23,5.81,-0.3885898815931109,1,-0.028428093645485042,0.06028368794326244,0.04444444444444429,-0.04085257548845467,5.828779599271394,-15.058479532163748,-24.05228758169935,-21.16689280868386,5.986811394287053,6.4089837462012245,7.0836346696525565,8.363630588199886,002129.SZ
2018-10-24,5.7,-0.3134536384976525,2,-0.018932874354561036,-0.028428093645485042,0.06028368794326244,0.04444444444444429,1.243339253996445,-17.030567685589514,-25.877763328998704,-23.69477911646586,5.934663868053043,6.34146148465825,7.029374486528927,8.337126801252623,002129.SZ
2018-10-25,5.59,0.18399401645474933,3,-0.019298245614035148,-0.018932874354561036,-0.028428093645485042,0.06028368794326244,3.5185185185184986,-9.546925566343045,-25.960264900662256,-26.155878467635407,5.871997710225217,6.269893724214608,6.972928428233675,8.309792206215283,002129.SZ
2018-10-26,5.6,-0.1766537316126704,4,0.0017889087656528524,-0.019298245614035148,-0.018932874354561036,-0.028428093645485042,-0.7092198581560294,-3.6144578313253017,-26.412614980289106,-27.367055771725035,5.822543581093358,6.206094321908455,6.919088097714708,8.282829099685777,002129.SZ
2018-10-29,5.53,-0.32613580314572266,0,-0.012499999999999845,0.0017889087656528524,-0.019298245614035148,-0.018932874354561036,-7.52508361204014,-3.321678321678312,-20.999999999999996,-28.552971576227392,5.769353839076384,6.141704386488602,6.864614054667072,8.255437765360547,002129.SZ
2018-10-30,5.55,0.4804001301236176,1,0.0036166365280287938,-0.012499999999999845,0.0017889087656528524,-0.019298245614035148,-4.475043029259895,1.0928961748633892,-18.85964912280702,-27.450980392156865,5.729471322880677,6.085351587775402,6.813060562327188,8.228517986600743,002129.SZ
2018-10-31,5.7,0.2116134703070922,2,0.027027027027027195,0.0036166365280287938,-0.012499999999999845,0.0017889087656528524,0.0,1.243339253996445,-17.030567685589514,-25.877763328998704,5.724112900538735,6.048651436558697,6.769411128510435,8.203358603649491,002129.SZ
2018-11-01,5.71,0.2548175017002947,3,0.0017543859649122862,0.027027027027027195,0.0036166365280287938,-0.012499999999999845,2.146690518783534,5.740740740740735,-7.6051779935275015,-24.370860927152314,5.721546918622601,6.016398918791202,6.727865594059045,8.17854906530472,002129.SZ
2018-11-02,6.01,0.4189701897018969,4,0.0525394045534151,0.0017543859649122862,0.027027027027027195,0.0036166365280287938,7.321428571428568,6.560283687943258,3.4423407917383964,-21.024967148488837,5.773992933418492,6.015789497953945,6.699714002135161,8.156971462664872,002129.SZ
2018-11-05,6.32,0.7210847975553858,0,0.05158069883527472,0.0525394045534151,0.0017543859649122862,0.027027027027027195,14.28571428571428,5.685618729096986,10.4895104895105,-9.714285714285708,5.873266945524221,6.044761926720235,6.68482325695339,8.138693139653281,002129.SZ
2018-11-06,6.18,-0.545016053383047,1,-0.022151898734177333,0.05158069883527472,0.0525394045534151,0.0017543859649122862,11.351351351351347,6.36833046471601,12.568306010928953,-9.649122807017552,5.929036591792544,6.057641743223069,6.665026266484629,8.119203655676632,002129.SZ
2018-11-07,6.15,-0.13677603980358366,2,-0.004854368932038722,-0.022151898734177333,0.05158069883527472,0.0525394045534151,7.8947368421052655,7.8947368421052655,9.23623445825934,-10.480349344978157,5.969211756921172,6.066437767678015,6.644829157995036,8.099609589450994,002129.SZ
2018-11-08,6.1,-0.28822753814277635,3,-0.008130081300813163,-0.004854368932038722,-0.022151898734177333,0.05158069883527472,6.8301225919439545,9.123434704830057,12.962962962962955,-1.2944983818770184,5.992991437480958,6.069634170756299,6.623463308661898,8.079712976620636,002129.SZ
2018-11-09,6.14,-0.32835820895522383,4,0.006557377049180246,-0.008130081300813163,-0.004854368932038722,-0.022151898734177333,2.1630615640598982,9.642857142857153,8.865248226950362,5.679862306368322,6.019720267029874,6.076335678303318,6.604503963224177,8.060412349987596,002129.SZ
2018-11-12,6.33,1.156816390858944,0,0.030944625407166138,0.006557377049180246,-0.008130081300813163,-0.004854368932038722,0.15822784810126667,14.46654611211573,5.8528428093645335,10.664335664335667,6.076134763933533,6.1004941851315735,6.593739101921268,8.043194316654386,002129.SZ
2018-11-13,6.41,0.2080745341614907,1,0.012638230647709303,0.030944625407166138,0.006557377049180246,-0.008130081300813163,3.721682847896446,15.495495495495494,10.327022375215167,16.757741347905288,6.1368375341274355,6.129970929404757,6.5865336469439635,8.026943626936433,002129.SZ
2018-11-14,6.43,-0.36410101315590504,2,0.0031201248049921304,0.012638230647709303,0.030944625407166138,0.006557377049180246,4.552845528455274,12.807017543859644,12.807017543859644,14.20959147424512,6.190139800649719,6.158545126604304,6.580395072554004,8.011053640598757,002129.SZ
2018-11-15,6.48,-0.1451536193284504,3,0.007776049766718529,0.0031201248049921304,0.012638230647709303,0.030944625407166138,6.229508196721323,13.485113835376538,15.921288014311274,19.999999999999996,6.242841655077042,6.189159876451513,6.5764580108852195,7.995819276015685,002129.SZ
2018-11-16,6.56,0.46711917213753185,4,0.012345679012345512,0.007776049766718529,0.0031201248049921304,0.012638230647709303,6.84039087947883,9.151414309484185,17.14285714285715,16.31205673758864,6.300506808699397,6.224477983456131,6.575812598693642,7.981532517050355,002129.SZ
2018-11-19,6.46,-0.0500948047023132,0,-0.015243902439024293,0.012345679012345512,0.007776049766718529,0.0031201248049921304,2.0537124802527673,2.215189873417711,16.817359855334523,8.026755852842804,6.329505570754051,6.246908651698404,6.571270928156636,7.966392890015029,002129.SZ
2018-11-20,6.35,-0.06036169108547251,1,-0.01702786377708987,-0.015243902439024293,0.012345679012345512,0.007776049766718529,-0.9360374414976724,2.7508090614886793,14.414414414414424,9.294320137693624,6.333231830616951,6.256726875346175,6.562593636856376,7.950309378671596,002129.SZ
2018-11-21,6.43,-0.3039469770998853,2,0.012598425196850505,-0.01702786377708987,-0.015243902439024293,0.012345679012345512,0.0,4.552845528455274,12.807017543859644,12.807017543859644,6.3508260432320505,6.273229077694158,6.55739388639142,7.935181922167402,002129.SZ
2018-11-22,6.36,-0.2299945065006409,3,-0.010886469673405785,0.012598425196850505,-0.01702786377708987,-0.015243902439024293,-1.851851851851849,4.262295081967227,11.383537653239939,13.77459749552774,6.352494035371677,6.2814929750566195,6.549652949670188,7.919508470205537,002129.SZ
2018-11-23,6.0,1.1404676971858896,4,-0.05660377358490576,-0.010886469673405785,0.012598425196850505,-0.01702786377708987,-8.536585365853655,-2.280130293159599,-0.16638935108153063,7.14285714285714,6.288404210758644,6.254684120289323,6.528097932036063,7.900408883437324,002129.SZ
2018-11-26,6.04,-0.5642544996666914,0,0.006666666666666599,-0.05660377358490576,-0.010886469673405785,0.012598425196850505,-6.501547987616096,-4.581358609794628,-4.430379746835444,9.22242314647377,6.243239808802526,6.234238013595101,6.508956836662101,7.881897352258843,002129.SZ
2018-11-27,6.08,-0.007309195988441264,1,0.0066225165562914245,0.006666666666666599,-0.05660377358490576,-0.010886469673405785,-4.2519685039369985,-5.148205928237126,-1.6181229773462702,9.549549549549564,6.213559843565703,6.219548678966996,6.492134999930254,7.863968025370696,002129.SZ
2018-11-28,6.57,4.141866438356165,2,0.08059210526315796,0.0066225165562914245,0.006666666666666599,-0.05660377358490576,2.1772939346812015,2.1772939346812015,6.829268292682933,15.263157894736846,6.278367144735574,6.252924995255853,6.495188529344754,7.8510927216356645,002129.SZ
2018-11-29,6.44,-0.3740779592720249,3,-0.019786910197869045,0.08059210526315796,0.0066225165562914245,0.006666666666666599,1.2578616352201255,-0.6172839506172867,5.573770491803298,12.784588441331014,6.307754936601833,6.270741662374343,6.493024273292019,7.8370519980373,002129.SZ
2018-11-30,6.59,-0.09728392434359301,4,0.02329192546583836,-0.019786910197869045,0.08059210526315796,0.0066225165562914245,9.83333333333334,0.45731707317073766,7.328990228013033,9.650582362728777,6.359072220856045,6.301147218338691,6.496827242966843,7.82464352044489,002129.SZ
2018-12-03,6.87,0.3633229209642248,0,0.04248861911987856,0.02329192546583836,-0.019786910197869045,0.08059210526315796,13.741721854304645,6.346749226006199,8.530805687203792,8.702531645569621,6.4519681807003995,6.355323673735006,6.51146146873285,7.815144579942951,002129.SZ
2018-12-04,6.91,-0.5013942027105895,1,0.005822416302765587,0.04248861911987856,0.02329192546583836,-0.019786910197869045,13.651315789473696,8.818897637795287,7.800312012480504,11.81229773462784,6.535246693300326,6.408149990522148,6.527090430743327,7.806138166212175,002129.SZ
2018-12-05,7.06,0.8829063163827113,2,0.02170767004341534,0.005822416302765587,0.04248861911987856,0.02329192546583836,7.458143074581414,9.797822706065308,9.797822706065308,14.79674796747965,6.630656385427539,6.470230943805753,6.54798884522398,7.798713905851856,002129.SZ
2018-12-06,6.91,-0.2099555637418553,3,-0.021246458923512623,0.02170767004341534,0.005822416302765587,0.04248861911987856,7.298136645962727,8.647798742138368,6.635802469135799,13.278688524590176,6.681446133531622,6.512113711062348,6.56218536109755,7.78987098141552,002129.SZ
2018-12-07,7.17,0.12347729789590267,4,0.0376266280752533,-0.021246458923512623,0.02170767004341534,0.005822416302765587,8.801213960546272,19.500000000000007,9.29878048780488,16.775244299674274,6.770274109253145,6.57476954810403,6.586021229289803,7.783703110953675,002129.SZ
2018-12-10,7.05,-0.32626909807787086,0,-0.01673640167364021,0.0376266280752533,-0.021246458923512623,0.02170767004341534,2.6200873362445476,16.72185430463575,9.133126934984514,11.374407582938396,6.821133362116209,6.6200295911417415,6.6042164752000065,7.776402582486474,002129.SZ
2018-12-11,7.01,-0.29838678627805804,1,-0.005673758865248235,-0.01673640167364021,0.0376266280752533,-0.021246458923512623,1.447178002894356,15.296052631578938,10.393700787401583,9.36037441497659,6.855472750822352,6.657169630080623,6.620129554603928,7.768776686143325,002129.SZ
2018-12-12,7.12,0.21675904077265007,2,0.015691868758915817,-0.005673758865248235,-0.01673640167364021,0.0376266280752533,0.8498583569405138,8.371385083713845,10.730948678071538,10.730948678071538,6.903568614309196,6.701248712930088,6.6397323171684794,7.762321196728964,002129.SZ
2018-12-13,7.15,0.02494024263744188,3,0.004213483146067398,0.015691868758915817,-0.005673758865248235,-0.01673640167364021,3.47322720694645,11.024844720496896,12.421383647798745,10.339506172839496,6.9483743207984325,6.743986930746271,6.659742814534422,7.756228448502806,002129.SZ
2018-12-14,6.94,-0.09007304409046901,4,-0.029370629370629397,0.004213483146067398,0.015691868758915817,-0.005673758865248235,-3.207810320781024,5.311077389984842,15.666666666666673,5.7926829268292845,6.946851717016899,6.762654842103768,6.670733292395817,7.7481067723983,002129.SZ
2018-12-17,7.01,0.14497799700178926,0,0.010086455331411948,-0.029370629370629397,0.004213483146067398,0.015691868758915817,-0.5673758865248235,2.0378457059679667,16.05960264900661,8.513931888544878,6.958333223013826,6.786211523808172,6.684037869164609,7.740762426404287,002129.SZ
2018-12-18,7.0,-0.4317269924399205,1,-0.0014265335235377208,0.010086455331411948,-0.029370629370629397,0.004213483146067398,-0.14265335235377208,1.302460202604916,15.131578947368428,10.236220472440948,6.965909000647675,6.806572331064537,6.696428540962075,7.733391655992305,002129.SZ
2018-12-19,6.83,-0.045559271646228305,2,-0.024285714285714244,-0.0014265335235377208,0.010086455331411948,-0.029370629370629397,-4.07303370786517,-3.257790368271951,3.957382039573809,6.220839813374801,6.941198273257188,6.808803537629819,6.7016666373949345,7.724402684290889,002129.SZ
2018-12-20,7.31,2.629419093599128,3,0.07027818448023426,-0.024285714285714244,-0.0014265335235377208,0.010086455331411948,2.2377622377622197,5.788712011577424,13.50931677018632,14.937106918238975,7.008253132664972,6.856536534046026,6.725522847693172,7.72027927449695,002129.SZ
2018-12-21,7.43,0.03874788131047646,4,0.01641586867305067,0.07027818448023426,-0.024285714285714244,-0.0014265335235377208,7.060518731988452,3.6262203626220346,12.746585735963588,23.83333333333333,7.08493438127134,6.911152102232119,6.7531494026855965,7.7173909235069305,002129.SZ
2018-12-24,7.72,-0.07574098936280071,0,0.03903095558546443,0.01641586867305067,0.07027818448023426,-0.024285714285714244,10.128388017118395,9.503546099290784,12.37263464337699,27.81456953642383,7.200400857403824,6.98818523535287,6.7910651123842,7.717416884467061,002129.SZ
2018-12-25,7.6,-0.18651112898900513,1,-0.015544041450777257,0.03903095558546443,0.01641586867305067,0.07027818448023426,8.571428571428562,8.416547788873041,9.985528219971052,25.0,7.273055246966765,7.046453308176407,6.822788049153448,7.716248557258434,002129.SZ
2018-12-26,7.44,-0.38640734025602985,2,-0.021052631578947323,-0.015544041450777257,0.03903095558546443,0.01641586867305067,8.931185944363108,4.494382022471921,5.382436260623247,13.242009132420085,7.303408838427353,7.083933945492939,6.846992439382724,7.713499815395166,002129.SZ
2018-12-27,7.31,-0.07534921203438405,3,-0.017473118279569988,-0.021052631578947323,-0.015544041450777257,0.03903095558546443,0.0,2.2377622377622197,5.788712011577424,13.50931677018632,7.304607231440561,7.105464045922183,6.865149598622617,7.709484891858897,002129.SZ
2018-12-28,7.23,-0.036701689827143835,4,-0.0109439124487003,-0.017473118279569988,-0.021052631578947323,-0.015544041450777257,-2.69179004037684,4.17867435158501,0.8368200836820217,9.711684370257977,7.291042280269549,7.117324612977213,6.879457457500162,7.704713897910053,002129.SZ
2019-01-02,7.31,-0.027343553656697606,2,0.011065006915629283,-0.0109439124487003,-0.017473118279569988,-0.021052631578947323,-5.310880829015541,4.279600570613407,3.687943262411353,6.404657933042213,7.294489138402358,7.135674649836526,6.896341478774666,7.700786396438311,002129.SZ
2019-01-03,7.15,-0.23306289080667664,3,-0.02188782489740071,0.011065006915629283,-0.0109439124487003,-0.017473118279569988,-5.921052631578938,2.1428571428571574,1.9971469329529423,3.47322720694645,7.2682183859655645,7.137038968899714,6.906288871763895,7.695305934782209,002129.SZ
2019-01-04,7.37,0.5221346270466951,4,0.03076923076923066,-0.02188782489740071,0.011065006915629283,-0.0109439124487003,-0.9408602150537626,7.906295754026349,3.51123595505618,4.39093484419264,7.286724133971825,7.159225733766408,6.924473621890801,7.692069059809252,002129.SZ
2019-01-07,7.59,0.028109783089862672,0,0.02985074626865658,0.03076923076923066,-0.02188782489740071,0.011065006915629283,3.830369357045149,3.830369357045149,6.153846153846154,9.840810419681612,7.341865200522402,7.200251854360083,6.950572695542142,7.691053447273837,002129.SZ
2019-01-08,7.04,1.0982131324004305,1,-0.07246376811594202,0.02985074626865658,0.03076923076923066,-0.02188782489740071,-2.627939142461966,-5.248990578734858,1.4409221902017322,-1.8131101813110173,7.286980618609237,7.184989772992456,6.954079648658137,7.6845753035198685,002129.SZ
2019-01-09,7.17,-0.47007038640700993,2,0.01846590909090917,-0.07246376811594202,0.02985074626865658,0.03076923076923066,-1.9151846785225635,-7.124352331606221,2.2824536376604865,1.7021276595744705,7.26571141522574,7.183562175564603,6.962547113416642,7.67945515124604,002129.SZ
2019-01-10,7.45,1.1248063816604708,3,0.03905160390516049,0.01846590909090917,-0.07246376811594202,0.02985074626865658,4.195804195804187,-1.9736842105263053,6.428571428571428,6.276747503566349,7.299218430639241,7.2089372064632125,6.981662912890499,7.677172015412746,002129.SZ
2019-01-11,7.39,-0.47183393778134175,4,-0.008053691275167862,0.03905160390516049,0.01846590909090917,-0.07246376811594202,0.27137042062415073,-0.6720430107526987,8.199121522693996,3.7921348314606584,7.315724170523016,7.226181282038144,6.997676131992833,7.674314582423565,002129.SZ
2019-01-14,7.17,-0.30506193713122387,0,-0.02976995940460081,-0.008053691275167862,0.03905160390516049,0.01846590909090917,-5.533596837944666,-1.9151846785225635,-1.9151846785225635,0.2797202797202747,7.289228866791558,7.220830683748797,7.004433930738212,7.669296526877063,002129.SZ
2019-01-15,7.32,0.12691161866931489,1,0.02092050209205021,-0.02976995940460081,-0.008053691275167862,0.03905160390516049,3.9772727272727293,1.2448132780082943,-1.4804845222072593,5.475504322766578,7.294823618284002,7.230275380534627,7.016809070709263,7.665820939544954,002129.SZ
2019-01-16,7.31,-0.3190430031723651,2,-0.001366120218579292,0.02092050209205021,-0.02976995940460081,-0.008053691275167862,1.9525801952580135,0.0,-5.310880829015541,4.279600570613407,7.297582960414183,7.237868201436091,7.02830675421086,7.6622804326838105,002129.SZ
2019-01-17,7.19,-0.11737301844063419,3,-0.01641586867305056,-0.001366120218579292,0.02092050209205021,-0.02976995940460081,-3.489932885906033,0.5594405594405494,-5.394736842105252,2.7142857142857135,7.278022422157059,7.233309325108844,7.034647665810434,7.657581124895912,002129.SZ
2019-01-18,7.3,0.7316912249835057,4,0.015299026425591,-0.01641586867305056,-0.001366120218579292,0.02092050209205021,-1.2178619756427533,-0.9497964721845387,-1.8817204301075363,6.881405563689591,7.282018345401229,7.239660817955621,7.045053639700221,7.654023103752669,002129.SZ
2019-01-21,7.44,0.06519346372026069,0,0.019178082191780854,0.015299026425591,-0.01641586867305056,-0.001366120218579292,3.765690376569042,-1.9762845849802257,1.7783857729138264,1.7783857729138264,7.310742282601005,7.258740740055085,7.060541732260997,7.651893520630752,002129.SZ
2019-01-22,7.24,-0.3688101104840633,1,-0.026881720430107503,0.019178082191780854,0.015299026425591,-0.01641586867305056,-1.0928961748633892,2.840909090909083,0.13831258644536604,-2.5572005383580065,7.297880049400822,7.256955907668886,7.067579311388018,7.647795077639402,002129.SZ
2019-01-23,7.12,-0.02820803425261298,2,-0.016574585635359185,-0.026881720430107503,0.019178082191780854,0.015299026425591,-2.5991792065663377,-0.6973500697350032,-2.5991792065663377,-7.772020725388595,7.265538222237036,7.243912487890897,7.069635024666919,7.642543385324582,002129.SZ
2019-01-24,7.42,1.447388881689776,3,0.042134831460674205,-0.016574585635359185,-0.026881720430107503,0.019178082191780854,3.198887343532686,-0.4026845637583931,3.776223776223775,-2.368421052631575,7.293622181830301,7.2606827271393835,7.083374827621157,7.640329023281551,002129.SZ
2019-01-25,7.42,-0.4090487914648029,4,0.0,0.042134831460674205,-0.016574585635359185,-0.026881720430107503,1.6438356164383494,0.4059539918809252,0.6784260515603879,-0.26881720430108613,7.316599966952063,7.275855800745157,7.096575814773269,7.638136694691685,002129.SZ
2019-01-28,7.41,0.21494489741062628,0,-0.0013477088948786742,0.0,0.042134831460674205,-0.016574585635359185,-0.40322580645161255,3.347280334728042,-2.371541501976282,1.3679890560875485,7.333581791142597,7.2886314387694275,7.108866959291965,7.635866677829082,002129.SZ
2019-01-29,8.15,1.989306784660767,1,0.09986504723346834,-0.0013477088948786742,0.0,0.042134831460674205,12.569060773480656,11.338797814207657,15.767045454545459,12.72475795297372,7.482021465480306,7.370666539839005,7.149695705986398,7.640982432278545,002129.SZ
2019-01-30,8.46,0.3220550141852718,2,0.03803680981595092,0.09986504723346834,-0.0013477088948786742,0.0,18.82022471910114,15.731874145006852,17.991631799163187,15.731874145006852,7.659835744483886,7.474412583663862,7.201080188104578,7.649131860813087,002129.SZ
2019-01-31,8.41,-0.4799354351132218,3,-0.005910165484633634,0.03803680981595092,0.09986504723346834,-0.0013477088948786742,13.342318059299195,16.968011126564676,12.885906040268447,17.622377622377616,7.796229245486816,7.563516147124447,7.248488808178909,7.656702688068679,002129.SZ
2019-02-01,8.85,0.015016146393971974,4,0.05231866825208087,-0.005910165484633634,0.03803680981595092,0.09986504723346834,19.272237196765495,21.232876712328764,19.75642760487144,20.08141112618724,7.987823928125577,7.68603841882688,7.3112931686424805,7.6685762931625225,002129.SZ
2019-02-11,8.91,-0.2211322622266998,0,0.006779661016949268,0.05231866825208087,-0.005910165484633634,0.03803680981595092,20.242914979757074,19.758064516129025,24.26778242677825,17.391304347826097,8.155492304830016,7.802606188462415,7.373987554185913,7.680928767857423,002129.SZ
2019-02-12,8.84,-0.186356828393773,1,-0.007856341189674598,0.006779661016949268,0.05231866825208087,-0.005910165484633634,8.466257668711652,22.099447513812144,20.76502732240437,25.568181818181813,8.279948249406376,7.9014055990850425,7.431478238335485,7.692461814943418,002129.SZ
2019-02-13,8.95,0.27561778323199637,2,0.012443438914027105,-0.007856341189674598,0.006779661016949268,0.05231866825208087,5.79196217494089,25.702247191011217,22.435020519835835,24.825662482566237,8.401775840423397,8.001271732505515,7.491028111341937,7.704974632705176,002129.SZ
2019-02-14,9.39,0.5083522826657338,3,0.04916201117318453,0.012443438914027105,-0.007856341189674598,0.006779661016949268,11.652794292508917,26.549865229110516,30.5980528511822,26.040268456375838,8.581452960346416,8.13353156750499,7.565497597171665,7.721741054270299,002129.SZ
2019-02-15,9.38,-0.23133679297248722,4,-0.0010649627263045192,0.04916201117318453,0.012443438914027105,-0.007856341189674598,5.988700564971761,26.41509433962266,28.49315068493152,26.928281461434377,8.726643331192522,8.25224284679023,7.636654554145325,7.7382411432825355,002129.SZ
2019-02-18,10.02,0.47683255699926463,0,0.06823027718550101,-0.0010649627263045192,0.04916201117318453,0.012443438914027105,12.457912457912457,35.22267206477731,34.677419354838705,39.74895397489539,8.961799089157518,8.420600670905445,7.7301190814337435,7.760945211508581,002129.SZ
2019-02-19,10.0,-0.0673076923076924,1,-0.001996007984031878,0.06823027718550101,-0.0010649627263045192,0.04916201117318453,13.122171945701355,22.699386503067487,38.12154696132597,36.612021857923494,9.150562891128878,8.571019654628737,7.819134019416735,7.783224363632874,002129.SZ
2019-02-20,10.2,-0.30178940595008275,2,0.020000000000000018,-0.001996007984031878,0.06823027718550101,-0.0010649627263045192,13.966480446927365,20.567375886524797,43.25842696629212,39.53488372093024,9.341369638196355,8.72616063990219,7.9125013127729416,7.807271882402697,002129.SZ
2019-02-21,10.17,0.8534844503706027,3,-0.002941176470588225,0.020000000000000018,-0.001996007984031878,0.06823027718550101,8.306709265175716,20.927467300832348,37.061994609164415,41.44645340751043,9.492029703978835,8.863669150387695,8.001030673056356,7.830781614916103,002129.SZ
2019-02-22,10.44,-0.0898925140705007,4,0.026548672566371723,-0.002941176470588225,0.020000000000000018,-0.001996007984031878,11.300639658848599,17.96610169491526,40.70080862533692,43.01369863013698,9.664387939619045,9.01379589796982,8.09667652901493,7.856743986906988,002129.SZ
2019-02-25,10.41,0.4421402582910019,0,-0.002873563218390718,0.026548672566371723,-0.002941176470588225,0.020000000000000018,3.8922155688622784,16.835016835016823,40.48582995951418,39.91935483870967,9.799953768779218,9.146767717210789,8.187395096504542,7.8821495193755755,002129.SZ
2019-02-26,9.94,0.10027969660575664,1,-0.0451488952929876,-0.002873563218390718,0.026548672566371723,-0.002941176470588225,-0.6000000000000005,12.44343891402715,21.963190184049065,37.29281767955801,9.825416719910269,9.222313648905,8.256124700563188,7.902625643560894,002129.SZ
2019-02-27,9.37,-0.07451063705092897,2,-0.057344064386317894,-0.0451488952929876,-0.002873563218390718,0.026548672566371723,-8.13725490196079,4.692737430167604,10.756501182033084,31.601123595505598,9.742613679926583,9.236379015675952,8.299806084854827,7.917226383425961,002129.SZ
2019-02-28,9.68,-0.28006934055234967,3,0.033084311632870955,-0.057344064386317894,-0.0451488952929876,-0.002873563218390718,-4.818092428711895,3.088391906283272,15.10107015457789,30.458221024258748,9.731229374485386,9.278628633230623,8.353931336429149,7.934766419411773,002129.SZ
2019-03-01,9.87,-0.27344394234258007,4,0.01962809917355357,0.033084311632870955,-0.057344064386317894,-0.0451488952929876,-5.459770114942531,5.223880597014907,11.525423728813555,33.01886792452828,9.756460397306224,9.334949715780088,8.413385009510359,7.954022474940015,002129.SZ
2019-03-04,9.78,0.3456061500279961,0,-0.00911854103343468,0.01962809917355357,0.033084311632870955,-0.057344064386317894,-6.051873198847268,-2.395209580838331,9.764309764309754,31.983805668016174,9.760740325068728,9.377335457134365,8.466977754235442,7.972191405537627,002129.SZ
2019-03-05,10.6,0.7014698770791394,1,0.08384458077709622,-0.00911854103343468,0.01962809917355357,0.033084311632870955,6.639839034205242,6.000000000000005,19.909502262443436,30.061349693251515,9.913332993238049,9.493779699312045,8.550625685441895,7.998338754736258,002129.SZ
2019-03-06,10.23,-0.21035342018467473,2,-0.03490566037735843,0.08384458077709622,-0.00911854103343468,0.01962809917355357,9.178228388473864,0.2941176470588447,14.301675977653638,20.921985815602827,9.970908812649311,9.563895918425183,8.616483501699076,8.020544339266246,002129.SZ
2019-03-07,9.98,-0.36941272976864103,3,-0.024437927663734094,-0.03490566037735843,0.08384458077709622,-0.00911854103343468,3.0991735537190257,-1.868239921337267,6.283280085197007,18.668252080856117,9.972561755803982,9.603524878575165,8.669954736926563,8.040041410517329,002129.SZ
2019-03-08,10.0,0.7115285060065044,4,0.002004008016031955,-0.024437927663734094,-0.03490566037735843,0.08384458077709622,1.317122593718345,-4.214559386973171,6.609808102345416,12.994350282485879,9.977550527475985,9.64128441394896,8.72211337469415,8.05954348603457,002129.SZ
2019-03-11,10.48,-0.059718624455164515,0,0.04800000000000004,0.002004008016031955,-0.024437927663734094,-0.03490566037735843,7.1574642126789545,0.672430355427478,4.590818363273463,17.620650953984285,10.068904977025806,9.721162088810964,8.7910501050983,8.083627630452138,002129.SZ
2019-03-12,10.45,-0.11536811890661347,1,-0.002862595419847458,0.04800000000000004,0.002004008016031955,-0.024437927663734094,-1.4150943396226467,5.130784708249503,4.499999999999993,18.21266968325792,10.138194981202933,9.79057522320992,8.856106963721897,8.107173624178984,002129.SZ
2019-03-13,10.69,0.40186105490857904,2,0.022966507177033524,-0.002862595419847458,0.04800000000000004,0.002004008016031955,4.496578690127073,14.087513340448243,4.803921568627456,19.441340782122918,10.238523166438762,9.876234725761357,8.92802433769359,8.132873389112525,002129.SZ
2019-03-14,9.93,-0.33971839229536216,3,-0.07109448082319925,0.022966507177033524,-0.002862595419847458,0.04800000000000004,-0.5010020040080221,2.5826446280991844,-2.359882005899705,5.750798722044714,10.182428045268077,9.881355228069799,8.967317500921292,8.150755245937276,002129.SZ
2019-03-15,9.78,-0.2491588935672986,4,-0.015105740181268867,-0.07109448082319925,0.022966507177033524,-0.002862595419847458,-2.200000000000002,-0.911854103343468,-6.3218390804597675,4.264392324093791,10.10925930976479,9.871702349206007,8.999187402845946,8.166966636524965,002129.SZ
2019-03-18,9.86,-0.11230362628959345,0,0.008179959100204526,-0.015105740181268867,-0.07109448082319925,0.022966507177033524,-5.916030534351158,0.8179959100204526,-5.283381364073014,-1.5968063872255467,10.0639394352621,9.870587839757816,9.032944759597086,8.18381273964412,002129.SZ
2019-03-19,10.22,0.8928938459678395,1,0.036511156186612714,0.008179959100204526,-0.015105740181268867,-0.07109448082319925,-2.2009569377990257,-3.5849056603773466,2.8169014084507227,2.200000000000002,10.092314083396264,9.90386518835231,9.079495945495239,8.204073309398906,002129.SZ
2019-03-20,9.94,-0.4510535014251611,2,-0.027397260273972712,0.036511156186612714,0.008179959100204526,-0.015105740181268867,-7.015902712815714,-2.834799608993166,6.083244397011733,-2.5490196078431393,10.06462061368785,9.907306598985423,9.113241202534642,8.221346211792946,002129.SZ
2019-03-21,10.06,-0.12496545705766848,3,0.012072434607645954,-0.027397260273972712,0.036511156186612714,0.008179959100204526,1.3091641490433181,0.8016032064128265,3.9256198347107585,-1.0816125860373615,10.06378050210824,9.921848827653479,9.150368998513676,8.239641274362171,002129.SZ
2019-03-22,10.16,0.04128783471568909,4,0.00994035785288272,0.012072434607645954,-0.027397260273972712,0.036511156186612714,3.885480572597144,1.6000000000000014,2.9381965552178313,-2.6819923371647403,10.081274956270379,9.94452989168648,9.189962371120982,8.258749321383442,002129.SZ
2019-03-25,9.88,-0.1609813718134947,0,-0.027559055118110187,0.00994035785288272,0.012072434607645954,-0.027397260273972712,0.20283975659229903,-5.725190839694649,1.0224948875255713,-5.09125840537944,10.044679509675765,9.938384187716341,9.217022670292708,8.274881168931866,002129.SZ
2019-03-26,9.42,0.14828202884212915,1,-0.046558704453441346,-0.027559055118110187,0.00994035785288272,0.012072434607645954,-7.827788649706468,-9.85645933014353,-11.13207547169811,-5.231388329979881,9.931101417007444,9.889014265076689,9.224982565575347,8.286275386156426,002129.SZ
2019-03-27,9.51,-0.44447942209556623,2,0.009554140127388422,-0.046558704453441346,-0.027559055118110187,0.00994035785288272,-4.325955734406439,-11.03835360149672,-7.03812316715543,1.4941302027748238,9.854537523006089,9.85291766840272,9.23615971986651,8.298451750473276,002129.SZ
2019-03-28,9.48,-0.18464612723314155,3,-0.003154574132492094,0.009554140127388422,-0.046558704453441346,-0.027559055118110187,-5.765407554671964,-4.53172205438066,-5.010020040080166,-2.066115702479332,9.786439791550437,9.817401699983412,9.245722083793313,8.310208449473542,002129.SZ
2019-03-29,9.92,1.0966786158460753,4,0.04641350210970452,-0.003154574132492094,0.009554140127388422,-0.046558704453441346,-2.3622047244094557,1.4314928425357865,-0.8000000000000007,0.5065856129685908,9.810723465813993,9.827172966651657,9.272164355017104,8.32622627584694,002129.SZ
2019-04-01,10.29,0.9215443395732654,0,0.03729838709677402,0.04641350210970452,-0.003154574132492094,0.009554140127388422,4.149797570850189,4.361054766734274,-1.8129770992366567,5.21472392638036,9.897864653847812,9.871251731732453,9.312079478349768,8.34576631290319,002129.SZ
2019-04-02,10.52,0.13916706766780762,1,0.022351797862002032,0.03729838709677402,0.04641350210970452,-0.003154574132492094,11.677282377919319,2.935420743639905,0.6698564593301537,-0.7547169811320753,10.010980171330026,9.933037281091266,9.359448910571345,8.367400478943956,002129.SZ
2019-04-03,10.71,-0.39563557532139415,2,0.018060836501901267,0.022351797862002032,0.03729838709677402,0.04641350210970452,12.618296529968465,7.7464788732394485,0.187090739008422,4.692082111436946,10.138074685633656,10.007033730511145,9.412411698392077,8.390709926914663,002129.SZ
2019-04-04,10.79,0.08107716045312485,3,0.007469654528477809,0.018060836501901267,0.022351797862002032,0.03729838709677402,13.818565400843873,7.25646123260435,8.66062437059416,8.116232464929851,10.25660656097299,10.08160194665294,9.466434769043369,8.41458345998019,002129.SZ
2019-04-08,10.62,-0.0472937531258768,0,-0.01575532900834109,0.007469654528477809,0.018060836501901267,0.022351797862002032,7.056451612903225,4.527559055118102,8.588957055214719,6.199999999999983,10.322678095341537,10.132877951733612,9.511672621237746,8.436527903164466,002129.SZ
2019-04-09,10.52,-0.3225992317541614,1,-0.00941619585687381,-0.01575532900834109,0.007469654528477809,0.018060836501901267,2.235179786200203,6.477732793522262,6.693711967545646,0.3816793893129722,10.358554805279438,10.169746718235173,9.551214871385286,8.457258968804622,002129.SZ
2019-04-10,11.01,1.2067290426235706,2,0.04657794676806093,-0.00941619585687381,-0.01575532900834109,0.007469654528477809,4.657794676806093,16.878980891719753,7.729941291585107,5.358851674641163,10.476999386137722,10.249770840308013,9.608422131330961,8.482659377075223,002129.SZ
2019-04-11,10.29,-0.22064806804457504,3,-0.06539509536784749,0.04657794676806093,-0.00941619585687381,-0.01575532900834109,-3.9215686274509998,8.201892744479489,3.5211267605633756,-3.7418147801683843,10.442999497749044,10.253602188850108,9.635150675200336,8.500642865860545,002129.SZ
2019-04-12,10.47,-0.5193818897205096,4,0.017492711370262537,-0.06539509536784749,0.04657794676806093,-0.00941619585687381,-2.96570898980536,10.443037974683556,4.075546719681911,5.438066465256797,10.447908679976491,10.274211504197716,9.667889864408165,8.520238459235069,002129.SZ
2019-04-15,10.19,0.13171735650583116,0,-0.026743075453677267,0.017492711370262537,-0.06539509536784749,0.04657794676806093,-4.048964218455742,2.7217741935483764,0.2952755905511806,4.192229038854811,10.401016192708038,10.266191360940791,9.688364771686278,8.536853001929247,002129.SZ
2019-04-16,10.38,-0.13239038189533237,1,0.01864573110893053,-0.026743075453677267,0.017492711370262537,-0.06539509536784749,-1.330798479087436,0.8746355685131268,5.06072874493928,5.273833671399619,10.397195066761121,10.27703027894643,9.715487721816228,8.55519277305433,002129.SZ
2019-04-17,10.73,0.8100982812427222,2,0.033718689788053924,0.01864573110893053,-0.026743075453677267,0.017492711370262537,-2.5431425976385036,1.9961977186311763,13.906581740976653,4.990215264187858,10.457705054622735,10.320170252380104,9.75527251703912,8.576832645959263,002129.SZ
2019-04-18,11.06,0.43328787215974884,3,0.03075489282385835,0.033718689788053924,0.01864573110893053,-0.026743075453677267,7.48299319727892,3.2679738562091387,16.29863301787593,11.267605633802823,10.56721322650951,10.390630228343904,9.806438300684645,8.601540778835291,002129.SZ
2019-04-19,11.1,-0.394235085010503,4,0.0036166365280287938,0.03075489282385835,0.033718689788053924,0.01864573110893053,6.017191977077352,2.873030583873959,17.08860759493669,10.33797216699801,10.664083548962326,10.458189254215913,9.857166210461719,8.626401069593149,002129.SZ
2019-04-22,11.2,0.37729138572338883,0,0.009009009009008917,0.0036166365280287938,0.03075489282385835,0.033718689788053924,9.911678115799806,5.461393596986808,12.903225806451601,10.236220472440927,10.761522903696449,10.52883789667154,9.909826359071063,8.652009019149437,002129.SZ
2019-04-23,10.73,-0.20860545937745456,1,-0.041964285714285565,0.009009009009008917,0.0036166365280287938,0.03075489282385835,3.3718689788053924,1.9961977186311763,4.275996112730818,8.603238866396756,10.75579146666073,10.547996192226632,9.941990031264355,8.67268554632208,002129.SZ
2019-04-24,11.0,-0.22052125678082468,2,0.025163094128611396,-0.041964285714285565,0.009009009009008917,0.0036166365280287938,2.5163094128611396,-0.09082652134423386,4.562737642585546,16.772823779193203,10.80019301817696,10.591044173919334,9.983480618273596,8.69584290407012,002129.SZ
2019-04-25,10.4,0.024226885040029345,3,-0.054545454545454564,0.025163094128611396,-0.041964285714285565,0.009009009009008917,-5.967450271247743,1.0689990281827155,-2.8944911297852483,9.35856992639328,10.727430651235695,10.572849490688922,9.999814711674633,8.7127996910943,002129.SZ
2019-04-26,10.33,-0.29832090187663907,4,-0.006730769230769207,-0.054545454545454564,0.025163094128611396,-0.041964285714285565,-6.936936936936933,-1.3371537726838634,-4.263206672845222,8.966244725738392,10.655170532829205,10.549720967766168,10.012763154354058,8.728891236456546,002129.SZ
2019-04-29,10.12,0.0013833608387534557,0,-0.020329138431752214,-0.006730769230769207,-0.054545454545454564,0.025163094128611396,-9.642857142857142,-0.6869479882237517,-4.708097928436916,2.0161290322580516,10.557866799587531,10.508795161312246,10.016968520849977,8.742733114700759,002129.SZ
2019-04-30,10.16,-0.3118441142967936,1,0.0039525691699606735,-0.020329138431752214,-0.006730769230769207,-0.054545454545454564,-5.312208760484626,-2.1194605009633993,-3.4220532319391594,-1.263362487852271,10.485527381480708,10.475576574520604,10.022577598463704,8.756835272763437,002129.SZ
2019-05-06,9.14,1.2669578079876027,0,-0.10039370078740151,0.0039525691699606735,-0.020329138431752214,-0.006730769230769207,-16.909090909090907,-14.818266542404468,-16.984559491371478,-13.117870722433455,10.240886039393306,10.348378805518642,9.987966712249442,8.76064785711405,002129.SZ
2019-05-07,9.09,-0.2456500124285359,1,-0.005470459518599591,-0.10039370078740151,0.0039525691699606735,-0.020329138431752214,-12.596153846153847,-17.811934900542504,-11.661807580174921,-15.126050420168081,10.031634032230885,10.228533204993056,9.952752331376914,8.763924992864158,002129.SZ
2019-05-08,9.11,-0.4011450696103469,2,0.002200220022002153,-0.005470459518599591,-0.10039370078740151,0.0039525691699606735,-11.810261374636987,-17.927927927927932,-12.989493791786067,-15.569972196478222,9.864064208188905,10.122006233088955,9.919703220342525,8.76736852527347,002129.SZ
2019-05-09,9.18,0.08215833276016249,3,0.007683863885839859,0.002200220022002153,-0.005470459518599591,-0.10039370078740151,-9.288537549407106,-18.03571428571429,-9.911678115799806,-13.559322033898303,9.739688897609105,10.03229135374715,9.890695250917327,8.771474311091644,002129.SZ
2019-05-10,9.54,0.5007785934471032,4,0.039215686274509665,0.007683863885839859,0.002200220022002153,-0.005470459518599591,-6.102362204724421,-11.09040074557317,-8.092485549132967,-9.315589353612175,9.703381825316539,9.985406462914089,9.876942495979394,8.779121332871828,002129.SZ
2019-05-13,9.22,-0.4595235574377977,0,-0.03354297693920316,0.039215686274509665,0.007683863885839859,0.002200220022002153,0.875273522975939,-16.181818181818176,-14.072693383038203,-16.257947320617617,9.615494220713531,9.912510609303222,9.851180045156672,8.783508185281065,002129.SZ
2019-05-14,9.29,-0.0076790471712897546,1,0.007592190889370798,-0.03354297693920316,0.039215686274509665,0.007683863885839859,2.2002200220021972,-10.67307692307693,-16.00361663652804,-9.718172983479112,9.55631345331107,9.853223884607676,9.829172984562295,8.788547904830507,002129.SZ
2019-05-15,9.96,1.5071857233101706,2,0.07212055974165787,0.007592190889370798,-0.03354297693920316,0.039215686274509665,9.33040614709113,-3.581800580832517,-10.270270270270254,-4.871060171919773,9.629711007254512,9.863393038454564,9.834303455755931,8.800204144583438,002129.SZ
2019-05-16,9.88,-0.3634216245157632,3,-0.008032128514056214,0.07212055974165787,0.007592190889370798,-0.03354297693920316,7.625272331154687,-2.371541501976271,-11.785714285714278,-3.042198233562299,9.6752180968446,9.864974653839845,9.836095477098835,8.810948381950768,002129.SZ
2019-05-17,9.73,0.1481545616465465,4,-0.015182186234817818,-0.008032128514056214,0.07212055974165787,0.007592190889370798,1.9916142557652172,-4.232283464566922,-9.319664492078283,-6.262042389210021,9.685178442872855,9.852119924902716,9.831934870153782,8.820093174170163,002129.SZ
2019-05-20,9.8,-0.16577252062999592,0,0.007194244604316502,-0.015182186234817818,-0.008032128514056214,0.07212055974165787,6.290672451193058,7.221006564551424,-10.909090909090901,-8.667287977632798,9.706055089623245,9.847156122531029,9.830682522304615,8.829843490845086,002129.SZ
2019-05-21,9.89,-0.020790826209354574,1,0.009183673469387754,0.007194244604316502,-0.015182186234817818,-0.008032128514056214,6.4585575888051805,8.80088008800881,-4.903846153846148,-10.578661844484627,9.739499618782654,9.851236491813788,9.833008697900514,8.840392311831701,002129.SZ
2019-05-22,9.9,-0.14021205887007426,2,0.0010111223458038054,0.009183673469387754,0.007194244604316502,-0.015182186234817818,-0.6024096385542244,8.671789242590577,-4.162633107454017,-10.8108108108108,9.768681506276717,9.855880635450571,9.835635807786769,8.850935671912978,002129.SZ
2019-05-23,9.9,0.9231854715013188,3,0.0,0.0010111223458038054,0.009183673469387754,0.007194244604316502,0.2024291497975561,7.843137254901977,-2.1739130434782483,-11.607142857142849,9.792557596044587,9.860082479693375,9.838159893755916,8.86137412293872,002129.SZ
2019-05-24,9.37,-0.2734639188413194,4,-0.05353535353535366,0.0,0.0010111223458038054,0.009183673469387754,-3.699897225077098,-1.7819706498951815,-7.775590551181111,-12.674743709226476,9.715728942218297,9.813407957817816,9.819800682236076,8.86643507693933,002129.SZ
2019-05-27,10.0,0.4766619829630281,0,0.06723585912486674,-0.05353535353535366,0.0,0.0010111223458038054,2.0408163265306145,8.459869848156165,9.409190371991238,-9.090909090909093,9.767414589087696,9.831178628501833,9.826867322148388,8.877714329905109,002129.SZ
2019-05-28,9.92,-0.35651734340385677,1,-0.008000000000000007,0.06723585912486674,-0.05353535353535366,0.0,0.30333670374114163,6.781485468245441,9.130913091309134,-4.615384615384621,9.79515739107175,9.839637806739754,9.830519584024922,8.888085331597594,002129.SZ
2019-05-29,9.97,-0.021695933456561844,2,0.00504032258064524,-0.008000000000000007,0.06723585912486674,-0.05353535353535366,0.7070707070707005,0.10040160642570406,9.44017563117454,-3.484995159728943,9.826946956331431,9.85205325371692,9.835989404259239,8.898850651681201,002129.SZ
2019-05-30,9.89,-0.23787817954228763,3,-0.008024072216649913,0.00504032258064524,-0.008000000000000007,0.06723585912486674,-0.10101010101010166,0.10121457489877805,7.734204793028332,-2.2727272727272596,9.838411146089353,9.855667229553404,9.83810746683731,8.908712834251537,002129.SZ
2019-05-31,10.14,0.7955932938733767,4,0.025278058645096024,-0.008024072216649913,0.00504032258064524,-0.008000000000000007,8.217716115261497,4.213771839671132,6.28930817610065,-0.19685039370078705,9.893245483164016,9.88274654102451,9.849946389706435,8.920964447841074,002129.SZ
2019-06-03,9.75,-0.12885299092195635,0,-0.03846153846153855,0.025278058645096024,-0.008024072216649913,0.00504032258064524,-2.500000000000002,-0.5102040816326592,5.748373101952264,6.673960612691454,9.867200849861467,9.87010401330789,9.84602692344344,8.929213557812805,002129.SZ
2019-06-04,9.73,-0.4085109755131151,1,-0.002051282051282022,-0.03846153846153855,0.025278058645096024,-0.008024072216649913,-1.9153225806451513,-1.6177957532861442,4.736275565123793,7.0407040704070445,9.842255240795746,9.856760773945233,9.841476848014285,8.937181582113174,002129.SZ
2019-06-05,9.8,-0.059284565916398635,2,0.007194244604316502,-0.002051282051282022,-0.03846153846153855,0.025278058645096024,-1.7051153460381108,-1.0101010101010055,-1.6064257028112428,7.574094401756337,9.834572469741973,9.851354985950449,9.839850304954902,8.945766840002596,002129.SZ
2019-06-06,9.4,0.25514491205582845,3,-0.04081632653061229,0.007194244604316502,-0.002051282051282022,-0.03846153846153855,-4.954499494438824,-5.05050505050505,-4.858299595141702,2.3965141612200425,9.75555929342525,9.808368796812312,9.822601273388043,8.950286572937895,002129.SZ
2019-06-10,9.56,-0.47202995574719164,0,0.017021276595744705,-0.04081632653061229,0.007194244604316502,-0.002051282051282022,-5.7199211045364855,2.0277481323372593,-1.7471736896197299,0.20964360587003572,9.720003058257022,9.78471462568733,9.81230318423557,8.95635337320717,002129.SZ
2019-06-11,9.95,0.7090049430474961,1,0.040794979079497695,0.017021276595744705,-0.04081632653061229,0.007194244604316502,2.051282051282044,-0.5000000000000115,1.5306122448979442,7.917570498915394,9.761820684028473,9.800456089907586,9.817703059363588,8.966240404319537,002129.SZ
2019-06-12,9.84,-0.2264210261569416,2,-0.011055276381909507,0.040794979079497695,0.017021276595744705,-0.04081632653061229,1.130524152106882,-0.8064516129032251,-0.5055611729019249,5.920344456404747,9.776035105114204,9.804222176583055,9.818577449192468,8.97493452964969,002129.SZ
2019-06-13,9.81,-0.15020726652036087,3,-0.0030487804878047697,-0.011055276381909507,0.040794979079497695,0.017021276595744705,0.10204081632652073,-1.6048144433299938,-0.9090909090909038,-1.5060240963855498,9.782210540547984,9.804772445479907,9.8182410786359,8.983243638807407,002129.SZ
2019-06-14,9.59,-0.10210425633668097,4,-0.022426095820591296,-0.0030487804878047697,-0.011055276381909507,0.040794979079497695,2.02127659574467,-3.0333670374115385,-3.1313131313131404,-2.9352226720647856,9.74726316953926,9.784317926862773,9.80929044810116,8.989281015535692,002129.SZ
2019-06-17,9.33,0.3512649800266312,0,-0.027111574556829998,-0.022426095820591296,-0.0030487804878047697,-0.011055276381909507,-2.4058577405857817,-7.98816568047338,-0.4268943436499417,-4.110996916752319,9.671397138713939,9.741049552875841,9.790494744254056,8.99267125418708,002129.SZ
2019-06-18,9.35,-0.3476547102877414,1,0.002143622722400762,-0.027111574556829998,-0.022426095820591296,-0.0030487804878047697,-6.030150753768837,-4.10256410256411,-6.500000000000005,-4.591836734693889,9.612961295311404,9.703806738316239,9.77322044055782,8.996226764095665,002129.SZ
2019-06-19,9.54,0.8012084592145017,2,0.02032085561497321,0.002143622722400762,-0.027111574556829998,-0.022426095820591296,-3.0487804878048808,-1.9527235354573569,-3.830645161290336,-3.5389282103134634,9.599695605254784,9.688206096571836,9.764074540928103,9.001637443059888,002129.SZ
2019-06-20,9.68,-0.24984904394498497,3,0.014675052410901612,0.02032085561497321,0.002143622722400762,-0.027111574556829998,-1.3251783893985847,-1.224489795918382,-2.9087261785356144,-2.2222222222222254,9.614296404299369,9.687424563564994,9.760777500107393,9.008387319248348,002129.SZ
2019-06-21,9.89,0.4582327162150075,4,0.02169421487603307,0.014675052410901612,0.02032085561497321,0.002143622722400762,3.128258602711176,5.212765957446819,0.0,-0.10101010101010166,9.664424330790393,9.70671746227309,9.76584504912279,9.017159584728464,002129.SZ
2019-06-24,9.9,-0.14195467508969906,0,0.0010111223458038054,0.02169421487603307,0.014675052410901612,0.02032085561497321,6.109324758842449,3.556485355648542,-2.3668639053254448,5.656350053361803,9.707256270646685,9.725125323008987,9.771106027588564,9.02594406647246,002129.SZ
2019-06-25,9.84,-0.32919942816297354,1,-0.0060606060606061,0.0010111223458038054,0.02169421487603307,0.014675052410901612,5.240641711229954,-1.1055276381909507,0.9230769230769154,-1.6000000000000014,9.731391494165468,9.736065768436703,9.773807751996857,9.034044125512535,002129.SZ
2019-06-26,9.75,-0.0036762747082955682,2,-0.009146341463414642,-0.0060606060606061,0.0010111223458038054,0.02169421487603307,2.2012578616352307,-0.9146341463414642,0.20554984583760483,-1.7137096774193505,9.734774858862655,9.737392838109399,9.772874114663647,9.041168064562163,002129.SZ
2019-06-27,9.96,0.5741176470588236,3,0.02153846153846173,-0.009146341463414642,-0.0060606060606061,0.0010111223458038054,2.892561983471076,1.5290519877675823,1.6326530612244872,-0.10030090270811698,9.77572488452399,9.758593520194218,9.780212384676839,9.050310670884928,002129.SZ
2019-06-28,9.76,-0.3235493952982742,4,-0.0200803212851407,0.02153846153846173,-0.009146341463414642,-0.0060606060606061,-1.3144590495450026,1.7726798748696648,3.8297872340425476,-1.3144590495450026,9.772865814610537,9.75872747065191,9.779419742140492,9.057372256249256,002129.SZ
2019-07-01,10.07,1.7968059461631176,0,0.03176229508196737,-0.0200803212851407,0.02153846153846173,-0.009146341463414642,1.7171717171717171,7.931404072883175,5.334728033472791,-0.6903353057199246,9.826890211954076,9.788372473446966,9.790815046370277,9.067448154197024,002129.SZ
2019-07-02,9.87,-0.18649667803914516,1,-0.019860973187686315,0.03176229508196737,-0.0200803212851407,0.02153846153846173,0.304878048780477,5.561497326203213,-0.8040201005025116,1.230769230769213,9.834728355235153,9.796146523594874,9.793920338669482,9.075433744702526,002129.SZ
2019-07-03,9.72,-0.49214197421861205,2,-0.015197568389057614,-0.019860973187686315,0.03176229508196737,-0.0200803212851407,-0.3076923076922977,1.8867924528302105,-1.2195121951219412,-0.10277492291880241,9.813868654283308,9.788894473728696,9.791021501858914,9.081847339282602,002129.SZ
2019-07-04,9.72,-0.2481745479833103,3,0.0,-0.015197568389057614,-0.019860973187686315,0.03176229508196737,-2.409638554216864,0.4132231404958775,-0.917431192660545,-0.8163265306122436,9.796801626231797,9.782333095278345,9.78823634492327,9.088197117001183,002129.SZ
2019-07-05,9.71,0.20106370678691188,4,-0.0010288065843621075,0.0,-0.015197568389057614,-0.019860973187686315,-0.5122950819672067,-1.8200202224469164,1.2513034410844837,3.297872340425534,9.78101951237147,9.77544422906136,9.785168252965494,9.094384210364355,002129.SZ
2019-07-08,9.38,0.29692914901809786,0,-0.033985581874356297,-0.0010288065843621075,0.0,-0.015197568389057614,-6.852035749751728,-5.252525252525253,0.5359056806002238,-1.882845188284521,9.708106873758474,9.737782873912659,9.769279301868808,9.097226158519934,002129.SZ
2019-07-09,9.24,-0.12759324550009277,1,-0.014925373134328401,-0.033985581874356297,-0.0010288065843621075,0.0,-6.382978723404243,-6.097560975609751,-1.17647058823529,-7.135678391959788,9.622996533075115,9.690374981159072,9.748523250815131,9.098646793758542,002129.SZ
2019-07-10,9.24,-0.36980473901391075,2,0.0,-0.014925373134328401,-0.033985581874356297,-0.0010288065843621075,-4.938271604938271,-5.230769230769228,-3.1446540880503027,-6.097560975609751,9.55336079978873,9.64748212581059,9.728581162547872,9.100053293323136,002129.SZ
2019-07-11,8.99,1.0741190765492101,3,-0.027056277056277,0.0,-0.014925373134328401,-0.033985581874356297,-7.510288065843628,-9.738955823293182,-7.128099173553714,-8.358817533129459,9.450931563463506,9.584864780495295,9.699617195389134,9.098958235678131,002129.SZ
2019-07-12,9.22,-0.059330859858100715,4,0.025583982202447286,-0.027056277056277,0.0,-0.014925373134328401,-5.046343975283218,-5.532786885245889,-6.774519716885741,-3.858185610010423,9.40894400647014,9.550115753781457,9.680808677922894,9.100162631343027,002129.SZ
2019-07-15,9.5,0.017714424108224103,0,0.030368763557483636,0.025583982202447286,-0.027056277056277,0.0,1.2793176972281328,-5.660377358490565,-4.040404040404044,1.8220793140407254,9.425499641657387,9.54534282484989,9.673718141533762,9.104141112623196,002129.SZ
2019-07-16,9.58,-0.2708822029576746,1,0.008421052631578885,0.030368763557483636,0.025583982202447286,-0.027056277056277,3.6796536796536827,-2.93819655521782,-2.6422764227642226,2.4598930481283476,9.453590615901497,9.548643508197518,9.670042920297144,9.108876026925454,002129.SZ
2019-07-17,9.7,0.3731990488180166,2,0.012526096033402823,0.008421052631578885,0.030368763557483636,0.025583982202447286,4.978354978354971,-0.2057613168724437,-0.5128205128205221,1.6771488469601747,9.498392322101225,9.563058412178707,9.671217707736472,9.114757857503312,002129.SZ
2019-07-18,9.71,-0.19493395809989478,3,0.0010309278350517648,0.012526096033402823,0.008421052631578885,0.030368763557483636,8.008898776418238,-0.10288065843621075,-2.510040160642568,0.30991735537191367,9.536866445355546,9.577052849114068,9.672738581942886,9.120680664891339,002129.SZ
2019-07-19,9.76,-0.07836355967946007,4,0.005149330587023604,0.0010309278350517648,0.012526096033402823,0.008421052631578885,5.856832971800419,0.5149330587023604,0.0,-1.3144590495450026,9.577436182563629,9.59447638729368,9.676160598337283,9.12704205131033,002129.SZ
2019-07-22,9.79,0.9684239428885226,0,0.0030737704918031294,0.005149330587023604,0.0010309278350517648,0.012526096033402823,3.0526315789473513,4.3710021321961445,-2.7805362462760774,-1.1111111111111183,9.616084149370241,9.613097683741902,9.680624888598567,9.133638647814704,002129.SZ
2019-07-23,10.0,-0.047356674571069846,1,0.021450459652706977,0.0030737704918031294,0.005149330587023604,0.0010309278350517648,4.384133611691032,8.225108225108224,1.317122593718345,1.6260162601626105,9.685887031302924,9.649945523385531,9.693149402771173,9.142259158781723,002129.SZ
2019-07-24,9.96,-0.01866900944432237,2,-0.0039999999999998925,0.021450459652706977,0.0030737704918031294,0.005149330587023604,2.6804123711340333,7.792207792207795,2.4691358024691468,2.153846153846173,9.73572575288421,9.679474521158337,9.703614132074264,9.150395883569965,002129.SZ
2019-07-25,10.26,0.6849199244006763,3,0.030120481927710774,-0.0039999999999998925,0.021450459652706977,0.0030737704918031294,5.664263645726053,14.126807563959943,5.555555555555536,3.0120481927710774,9.831048343268899,9.7347626620004,9.725433185718412,9.161436720549368,002129.SZ
2019-07-26,10.32,-0.41684623786049524,4,0.005847953216374213,0.030120481927710774,-0.0039999999999998925,0.021450459652706977,5.737704918032782,11.930585683297167,6.282183316168899,5.737704918032782,9.919948644492735,9.790499551333694,9.748749531376513,9.172964713379722,002129.SZ
2019-07-29,10.29,0.0010883045227911836,0,-0.0029069767441861627,0.005847953216374213,0.030120481927710774,-0.0039999999999998925,5.107252298263543,8.315789473684209,9.701492537313406,2.1847070506454624,9.987230709130419,9.838071022635248,9.769975039949983,9.184079492351069,002129.SZ
2019-07-30,10.14,0.3931081559387166,1,-0.014577259475218485,-0.0029069767441861627,0.005847953216374213,0.030120481927710774,1.4000000000000012,5.845511482254695,9.740259740259738,2.735562310030404,10.015006943833978,9.866826163336654,9.784485822697043,9.193591139193346,002129.SZ
2019-07-31,10.18,-0.4977405948859409,2,0.0039447731755424265,-0.014577259475218485,-0.0029069767441861627,0.005847953216374213,2.208835341365445,4.948453608247427,10.173160173160166,4.732510288065828,10.04500568131871,9.896652243018877,9.799996182591276,9.203406152733711,002129.SZ
2019-08-01,10.3,0.604458736811678,3,0.011787819253438192,0.0039447731755424265,-0.014577259475218485,-0.0029069767441861627,0.3898635477582957,6.07621009268795,14.571746384872085,5.967078189300401,10.091368284715308,9.935066315112318,9.819604175430834,9.21431753429855,002129.SZ
2019-08-02,11.33,3.189911046053372,4,0.09999999999999987,0.011787819253438192,0.0039447731755424265,-0.014577259475218485,9.786821705426352,16.086065573770504,22.885032537960946,16.683831101956727,10.316574051130706,10.067917142244479,9.878835384237469,9.23536910112145,002129.SZ
2019-08-05,11.38,0.16038440659382003,0,0.0044130626654899086,0.09999999999999987,0.011787819253438192,0.0039447731755424265,10.592808551992249,16.24106230847806,19.789473684210535,21.32196162046909,10.509924223652394,10.192877414411672,9.93770458485561,9.256708712055566,002129.SZ
2019-08-06,11.68,-0.24782646959373378,1,0.026362038664323295,0.0044130626654899086,0.09999999999999987,0.011787819253438192,15.187376725838252,16.799999999999994,21.920668058455117,26.406926406926413,10.722665273897412,10.334508136848656,10.00602989525343,9.280821063179392,002129.SZ
2019-08-07,10.85,0.12450350701094282,2,-0.07106164383561642,0.026362038664323295,0.0044130626654899086,0.09999999999999987,6.581532416502944,8.935742971887528,11.855670103092786,17.424242424242408,10.7458170422797,10.383602600005927,10.039126762106237,9.296434783943775,002129.SZ
2019-08-08,10.8,-0.4733827290301029,3,-0.004608294930875445,-0.07106164383561642,0.026362038664323295,0.0044130626654899086,4.854368932038833,5.2631578947368585,11.225540679711642,20.133481646273644,10.755668489137935,10.423259495243459,10.06896492829815,9.311395631864732,002129.SZ
2019-08-09,10.8,-0.12173994426188584,4,0.0,-0.004608294930875445,-0.07106164383561642,0.026362038664323295,-4.677846425419229,4.651162790697683,10.655737704918034,17.136659436008685,10.763728763840128,10.45913954331551,10.097632970325675,9.326207615627272,002129.SZ
2019-08-12,11.37,0.30909220076488597,0,0.05277777777777759,0.0,-0.004608294930875445,-0.07106164383561642,-0.08787346221442727,10.495626822157433,16.138917262512777,19.68421052631577,10.873959897687378,10.545888158237844,10.147529716587412,9.346543858257846,002129.SZ
2019-08-13,11.42,-0.15808324740869362,1,0.004397537379067895,0.05277777777777759,0.0,-0.004608294930875445,-2.2260273972602773,12.623274161735697,14.19999999999999,19.20668058455115,10.973239916289671,10.629136905072336,10.197430512015357,9.36717526265329,002129.SZ
2019-08-14,11.39,0.13906793863607048,2,-0.0026269702276706663,0.004397537379067895,0.05277777777777759,0.0,4.976958525345632,11.886051080550097,14.357429718875503,17.42268041237114,11.049014476964278,10.701600056970209,10.244197942916717,9.387302871980124,002129.SZ
2019-08-15,11.99,0.2695866225277992,3,0.052677787532923626,-0.0026269702276706663,0.004397537379067895,0.05277777777777759,11.018518518518515,16.40776699029125,16.861598440545823,23.480947476828007,11.220102753879862,10.824304813449237,10.31266076868469,9.413200355841017,002129.SZ
2019-08-16,10.9,0.7181921508323859,4,-0.09090909090909094,0.052677787532923626,-0.0026269702276706663,0.004397537379067895,0.92592592592593,-3.7952338923212703,5.6201550387597,11.68032786885247,11.161902253174432,10.831513878835024,10.335693679716664,9.427994382151057,002129.SZ
2019-08-19,11.99,0.030727525065826322,0,0.10000000000000009,-0.09090909090909094,0.052677787532923626,-0.0026269702276706663,5.452946350043986,5.360281195079075,16.520894071914483,22.47191011235956,11.312465479869989,10.941845890374545,10.400568437374835,9.453486975363484,002129.SZ
2019-08-20,11.65,-0.19511908656951826,1,-0.028356964136780682,0.10000000000000009,-0.09090909090909094,0.052677787532923626,2.0140105078809034,-0.25684931506848585,14.891518737672582,16.500000000000004,11.3738353926209,11.009289138910303,10.449565753556215,9.475342826354892,002129.SZ
2019-08-21,12.02,0.04248965510053049,2,0.03175965665236036,-0.028356964136780682,0.10000000000000009,-0.09090909090909094,5.531167690956962,10.78341013824884,18.07465618860511,20.68273092369477,11.491319866689828,11.105547316156942,10.5111514102795,9.500662798231959,002129.SZ
2019-08-22,11.86,-0.4326392881245782,3,-0.01331114808652245,0.03175965665236036,-0.028356964136780682,0.10000000000000009,-1.0842368640533895,9.81481481481481,15.14563106796114,15.594541910331383,11.558352618200768,11.177399952713422,10.564047433405793,9.524138790289353,002129.SZ
2019-08-23,11.61,-0.15616959785711781,4,-0.021079258010118007,-0.01331114808652245,0.03175965665236036,-0.028356964136780682,6.513761467889889,7.499999999999996,2.471315092674309,12.5,11.567743051255174,11.218599957216906,10.60506518111537,9.544893628196922,002129.SZ
2019-08-26,11.3,-0.05701278088714379,0,-0.02670111972437539,-0.021079258010118007,-0.01331114808652245,0.03175965665236036,-5.754795663052537,-0.6156552330694676,-0.702987697715296,9.815354713313917,11.519062496481506,11.226352342243867,10.632317526953983,9.562357373189988,002129.SZ
2019-08-27,11.39,-0.20799929131416928,1,0.007964601769911539,-0.02670111972437539,-0.021079258010118007,-0.01331114808652245,-2.2317596566523545,-0.26269702276706663,-2.482876712328763,12.327416173570027,11.495596588030324,11.241937833458737,10.662030565112651,9.580542871964218,002129.SZ
2019-08-28,11.07,0.07972149208657231,2,-0.028094820017559252,0.007964601769911539,-0.02670111972437539,-0.021079258010118007,-7.903494176372705,-2.809482001755925,2.027649769585249,8.742632612966617,11.41821539020663,11.225562801700761,10.678029366480782,9.595363340899898,002129.SZ
2019-08-29,11.12,-0.23848185844145753,3,0.004516711833784992,-0.028094820017559252,0.007964601769911539,-0.02670111972437539,-6.2394603709949426,-7.256046705587993,2.962962962962945,7.9611650485436725,11.36399441016906,11.215509201538783,10.695361548187417,9.610533854920794,002129.SZ
2019-08-30,10.87,0.3911986260606368,4,-0.02248201438848918,0.004516711833784992,-0.028094820017559252,0.007964601769911539,-6.373815676141259,-0.27522935779817903,0.648148148148131,-4.06001765225067,11.274177244683775,11.182603563296993,10.702210114925165,9.623065856364368,002129.SZ
2019-09-02,11.17,-0.2104870744973415,0,0.027598896044158217,-0.02248201438848918,0.004516711833784992,-0.028094820017559252,-1.1504424778761124,-6.8390325271059265,-1.7590149516270803,-1.8453427065026395,11.255235927468544,11.181403223935376,10.720554816300648,9.63845823590303,002129.SZ
2019-09-03,11.32,0.009629377341548562,1,0.013428827215756556,0.027598896044158217,-0.02248201438848918,0.004516711833784992,-0.6145741878841093,-2.832618025751077,-0.8756567425569184,-3.082191780821908,11.267011213383354,11.194602916893913,10.744062470563367,9.655189994749767,002129.SZ
2019-09-04,11.73,0.7071730863591756,2,0.03621908127208484,0.013428827215756556,0.027598896044158217,-0.02248201438848918,5.962059620596216,-2.412645590682194,2.9850746268656803,8.110599078341018,11.351190992768197,11.24559311528497,10.78272668740402,9.675834870423898,002129.SZ
2019-09-05,11.75,0.02467328333408192,3,0.0017050298380221207,0.03621908127208484,0.013428827215756556,0.027598896044158217,5.665467625899279,-0.9274873524451888,-2.0016680567139344,8.79629629629628,11.423701721355798,11.29363186621021,10.82065897417249,9.696473329424656,002129.SZ
2019-09-06,11.69,-0.35193106712715405,4,-0.005106382978723456,0.0017050298380221207,0.03621908127208484,0.013428827215756556,7.54369825206993,0.6890611541774394,7.24770642201833,8.240740740740726,11.472119590200197,11.331381212285429,10.854750779106903,9.716309415699037,002129.SZ
2019-09-09,12.4,1.0706450434853179,0,0.06073567151411474,-0.005106382978723456,0.0017050298380221207,0.03621908127208484,11.011638316920337,9.734513274336276,3.4195162635529686,9.058927000879514,11.640825119254707,11.433154430163006,10.915348787769377,9.743012804597553,002129.SZ
2019-09-10,12.44,-0.11621344446694415,1,0.003225806451612856,0.06073567151411474,-0.005106382978723456,0.0017050298380221207,9.893992932862194,9.218612818261619,6.7811158798283255,8.931698774080555,11.786129643026579,11.529044484433195,10.975139031386265,9.769848498084144,002129.SZ
2019-09-11,12.28,-0.39561560407397,2,-0.012861736334405127,0.003225806451612856,0.06073567151411474,-0.005106382978723456,4.688832054560943,10.930442637759707,2.1630615640598982,7.813871817383666,11.875924253385381,11.60056405734432,11.026310049763275,9.794825129944003,002129.SZ
2019-09-12,12.76,0.6857481778603922,3,0.039087947882736174,-0.012861736334405127,0.003225806451612856,0.06073567151411474,8.59574468085107,14.748201438848918,7.588532883642496,6.422018348623859,12.036665298224403,11.710986528073432,11.09429789094903,9.82432935750675,002129.SZ
2019-09-16,12.7,-0.20873141961740194,0,-0.004702194357366851,0.039087947882736174,-0.012861736334405127,0.003225806451612856,8.639863130881098,16.835326586936517,9.388458225667517,16.5137614678899,12.157271607638146,11.805178287304534,11.15726660110789,9.852942995740515,002129.SZ
2019-09-17,12.02,0.2668830335368648,1,-0.053543307086614145,-0.004702194357366851,0.039087947882736174,-0.012861736334405127,-3.0645161290322687,7.609668755595345,6.371681415929187,0.2502085070892335,12.132313133522118,11.825637498037436,11.191099283417385,9.874505752001804,002129.SZ
2019-09-18,12.73,0.22663984252880232,2,0.0590682196339436,-0.053543307086614145,-0.004702194357366851,0.039087947882736174,2.331189710610948,12.45583038869258,11.764705882352944,9.270386266094421,12.240983472881732,11.911767260129109,11.251448331126507,9.902918630091339,002129.SZ
2019-09-19,13.0,0.06857736191903352,3,0.02120974076983506,0.0590682196339436,-0.053543307086614145,-0.004702194357366851,5.863192182410426,10.826939471440756,17.434507678410107,8.153078202995001,12.378986477812324,12.015408473450147,11.32001898480782,9.933735360140183,002129.SZ
2019-09-20,12.75,-0.328406744476221,4,-0.019230769230769273,0.02120974076983506,0.0590682196339436,-0.053543307086614145,-0.07836990595611049,8.51063829787233,14.658273381294972,7.504215851602036,12.446443481846446,12.0853695712168,11.376096671678102,9.961757893870132,002129.SZ
2019-09-23,13.27,0.41352153432585514,0,0.040784313725490184,-0.019230769230769273,0.02120974076983506,0.0590682196339436,4.488188976377949,13.5158254918734,22.079116835326595,14.298018949181746,12.596181030601636,12.1981915168152,11.450367390435822,9.994675725771923,002129.SZ
2019-09-24,13.23,-0.054843118439035665,1,-0.0030143180105500766,0.040784313725490184,-0.019230769230769273,0.02120974076983506,10.066555740432626,6.6935483870967705,18.44225604297225,17.079646017699112,12.711420843219521,12.29645899140423,11.52015690453638,10.026868007107527,002129.SZ
2019-09-25,12.76,-0.09153001261422022,2,-0.035525321239607055,-0.0030143180105500766,0.040784313725490184,-0.019230769230769273,0.23566378633148588,2.5723472668810254,12.720848056537104,12.028094820017543,12.720253417179608,12.340605754127637,11.568778202397699,10.054063350320387,002129.SZ
2019-09-26,12.05,-0.05128691411541586,3,-0.05564263322884,-0.035525321239607055,-0.0030143180105500766,0.040784313725490184,-7.307692307692304,-1.8729641693810972,2.7280477408354598,8.85275519421862,12.598389159510587,12.31292901563929,11.587649645440926,10.073923416486354,002129.SZ
2019-09-27,12.32,-0.4364308764314476,4,0.022406639004149298,-0.05564263322884,-0.035525321239607055,-0.0030143180105500766,-3.37254901960784,-3.4482758620689613,4.851063829787239,10.79136690647482,12.54777294869048,12.313602442721262,11.616369267188341,10.096272437217833,002129.SZ
2019-09-30,12.11,-0.3045681420861942,0,-0.017045454545454586,0.022406639004149298,-0.05564263322884,-0.035525321239607055,-8.741522230595333,-4.645669291338583,3.592814371257491,11.407543698252077,12.468177867110391,12.294211733890666,11.63572733514174,10.11630952739477,002129.SZ
2019-10-08,12.64,0.738141212474497,1,0.04376548307184147,-0.017045454545454586,0.022406639004149298,-0.05564263322884,-4.4595616024187485,5.158069883527472,1.9354838709677358,13.160250671441375,12.499418254908502,12.327143949710603,11.675110576900888,10.141420875380893,002129.SZ
2019-10-09,12.66,-0.3287254891685968,2,0.0015822784810126667,0.04376548307184147,-0.017045454545454586,0.022406639004149298,-0.7836990595611271,-0.5498821681068411,1.768488745980723,11.837455830388688,12.528614935834227,12.358844525928642,11.713733691532227,10.166481364183074,002129.SZ
2019-10-10,13.02,0.6940250737693401,3,0.02843601895734582,0.0015822784810126667,0.04376548307184147,-0.017045454545454586,8.049792531120325,0.15384615384614886,6.026058631921827,10.997442455242968,12.617957674773457,12.421811713935439,11.76495982127606,10.19487458443996,002129.SZ
2019-10-11,12.89,-0.29133488166334887,4,-0.009984639016897057,0.02843601895734582,0.0015822784810126667,0.04376548307184147,4.626623376623384,1.098039215686275,1.0188087774294807,9.702127659574478,12.667419915723737,12.466401074513016,11.809079043971117,10.22169175275399,002129.SZ
2019-10-14,13.04,0.2833157764685992,0,0.011636927851047307,-0.009984639016897057,0.02843601895734582,0.0015822784810126667,7.679603633360865,-1.7332328560663135,2.677165354330713,11.548331907613353,12.735161749228512,12.521029543607014,11.857350454011467,10.249734620885791,002129.SZ
2019-10-15,12.65,-0.2535722248120149,1,-0.029907975460122582,0.011636927851047307,-0.009984639016897057,0.02843601895734582,0.07911392405062223,-4.383975812547236,5.241264559068237,2.016129032258074,12.719677794823328,12.53331244421587,11.888434749932586,10.273617858488917,002129.SZ
2019-10-16,12.33,0.02609427609427617,2,-0.02529644268774711,-0.029907975460122582,0.011636927851047307,-0.009984639016897057,-2.6066350710900466,-3.369905956112851,-3.142183817753341,-0.8842443729903504,12.648827286673631,12.513949354290549,11.905751034248956,10.294079372334798,002129.SZ
2019-10-17,11.96,0.1304612453359444,3,-0.030008110300080992,-0.02529644268774711,-0.029907975460122582,0.011636927851047307,-8.141321044546846,-0.7468879668049766,-7.9999999999999964,-2.6058631921824005,12.52358596182388,12.461192272929544,11.907878444670565,10.310655696988183,002129.SZ
2019-10-18,11.76,-0.18961118003698585,4,-0.016722408026755953,-0.030008110300080992,-0.02529644268774711,-0.029907975460122582,-8.76648564778899,-4.545454545454552,-7.76470588235294,-7.836990595611281,12.384752150583173,12.394412056460062,11.902079289977602,10.325077033336559,002129.SZ
2019-10-21,11.53,-0.1876859528004854,0,-0.019557823129251695,-0.016722408026755953,-0.030008110300080992,-0.02529644268774711,-11.579754601226988,-4.789430222956237,-13.112283345892994,-9.21259842519685,12.229342668658958,12.312087098701962,11.887487945272596,10.337066316586942,002129.SZ
2019-10-22,11.68,-0.21794712230855384,1,0.013009540329575131,-0.019557823129251695,-0.016722408026755953,-0.030008110300080992,-7.66798418972332,-7.594936708860766,-11.715797430083153,-2.828618968386021,12.129462183448238,12.251888327397014,11.879351163105042,10.350428840800008,002129.SZ
2019-10-23,11.79,0.31467545754234383,2,0.009417808219178037,0.013009540329575131,-0.019557823129251695,-0.016722408026755953,-4.379562043795627,-6.872037914691953,-7.60188087774295,-7.384131971720354,12.067741786457649,12.207898962883013,11.875847195924454,10.364752931936328,002129.SZ
2019-10-24,11.57,-0.24324698232628916,3,-0.018659881255301047,0.009417808219178037,0.013009540329575131,-0.019557823129251695,-3.2608695652173947,-11.136712749615974,-3.983402489626564,-10.999999999999998,11.977243279828985,12.14714668070368,11.863853188241142,10.376745440076267,002129.SZ
2019-10-25,11.42,1.5958409506398539,4,-0.012964563526361328,-0.018659881255301047,0.009417808219178037,0.013009540329575131,-2.8911564625850317,-11.404189294026379,-7.3051948051948035,-10.431372549019613,11.875926319860078,12.077894615874758,11.846447180859137,10.387126082463567,002129.SZ
2019-10-28,11.7,-0.34401464866102094,0,0.024518388791593626,-0.012964563526361328,-0.018659881255301047,0.009417808219178037,1.4744145706851786,-10.276073619631898,-3.3856317093311272,-11.831198191409198,11.843939716249153,12.041904652458115,11.840704154158779,10.400189504528607,002129.SZ
2019-10-29,11.36,-0.2876295023887486,1,-0.029059829059829068,0.024518388791593626,-0.012964563526361328,-0.018659881255301047,-2.73972602739726,-10.19762845849803,-10.126582278481022,-14.134542705971286,11.755950676931125,11.976961352224007,11.821853010858435,10.409739857717378,002129.SZ
2019-10-30,11.33,-0.24783829097827936,2,-0.002640845070422504,-0.029059829059829068,0.024518388791593626,-0.012964563526361328,-3.901611535199312,-8.110300081103006,-10.505529225908372,-11.206896551724132,11.678505099307284,11.915345985345532,11.802564657491438,10.418896675053523,002129.SZ
2019-10-31,11.5,0.007689032484283764,3,0.015004413062665423,-0.002640845070422504,-0.029059829059829068,0.024518388791593626,-0.6050129645635338,-3.8461538461538547,-11.674347158218124,-4.564315352697101,11.64604962670596,11.875789224836433,11.790699376805499,10.429653922067915,002129.SZ
2019-11-01,11.61,-0.0009196202217028882,4,0.009565217391304337,0.015004413062665423,-0.002640845070422504,-0.029059829059829068,1.6637478108581405,-1.2755102040816313,-9.930178432893722,-5.76298701298702,11.639495149123057,11.8504759653282,11.783613126734695,10.441398659161768,002129.SZ
2019-11-04,11.73,0.6753240291564044,0,0.010335917312661591,0.009565217391304337,0.015004413062665423,-0.002640845070422504,0.2564102564102555,1.7346053772766767,-10.046012269938643,-3.1379025598678667,11.655950576555227,11.839002063868373,11.781510651176472,10.454220563050706,002129.SZ
2019-11-05,11.7,-0.37170901207252416,1,-0.002557544757033292,0.010335917312661591,0.009565217391304337,0.015004413062665423,2.992957746478875,0.1712328767123239,-7.509881422924913,-7.4367088607595,11.663959562636094,11.825763772071385,11.778314155051905,10.466616378343735,002129.SZ
2019-11-06,11.49,0.32310746614355623,2,-0.017948717948717885,-0.002557544757033292,0.010335917312661591,0.009565217391304337,1.4121800529567574,-2.5445292620865034,-6.812652068126523,-9.241706161137442,11.632330551247714,11.793786269969349,11.76700771759889,10.476799299952255,002129.SZ
2019-11-07,11.93,0.3711192883426815,3,0.03829416884247161,-0.017948717948717885,-0.002557544757033292,0.010335917312661591,3.7391304347826004,3.111495246326701,-0.2508361204013432,-8.371735791090629,11.686452269202675,11.806759006162745,11.7733995718107,10.491259008410442,002129.SZ
2019-11-08,12.01,-0.18465827666171608,4,0.0067057837384745245,0.03829416884247161,-0.017948717948717885,-0.002557544757033292,3.445305770887175,5.166374781085814,2.1258503401360596,-6.826997672614432,11.745279129347642,11.826115291290101,11.782678019974986,10.506370859073025,002129.SZ
2019-11-11,11.86,-0.22135050492138575,0,-0.01248959200666111,0.0067057837384745245,0.03829416884247161,-0.017948717948717885,1.1082693947144007,1.3675213675213627,2.862098872506502,-9.04907975460123,11.766137469466251,11.82934240640533,11.785710254485771,10.519839805748916,002129.SZ
2019-11-12,11.36,1.1765816420758863,1,-0.042158516020236125,-0.01248959200666111,0.0067057837384745245,0.03829416884247161,-2.9059829059829068,0.0,-2.73972602739726,-10.19762845849803,11.692294293199659,11.784643129604822,11.769015734702016,10.528199608676788,002129.SZ
2019-11-13,11.1,-0.4520821744746246,2,-0.022887323943661997,-0.042158516020236125,-0.01248959200666111,0.0067057837384745245,-3.394255874673635,-2.03000882612534,-5.852417302798973,-9.97566909975669,11.58460442170881,11.71943902202341,11.742779823537232,10.533889164809358,002129.SZ
2019-11-14,11.32,-0.21491499759102484,3,0.01981981981981984,-0.022887323943661997,-0.042158516020236125,-0.01248959200666111,-5.1131601005867555,-1.565217391304341,-2.1607605877268843,-5.35117056856188,11.536494526852662,11.681397210402132,11.726200222614203,10.541711163169465,002129.SZ
2019-11-15,10.99,0.08243107000394523,4,-0.02915194346289751,0.01981981981981984,-0.022887323943661997,-0.042158516020236125,-8.49292256452956,-5.3402239448751,-3.76532399299474,-6.547619047619047,11.437131885606723,11.6155498570305,11.69732962564894,10.546171748610565,002129.SZ
2019-11-18,10.99,0.07374410269909082,0,0.0,-0.02915194346289751,0.01981981981981984,-0.022887323943661997,-7.335581787521073,-6.308610400682014,-6.0683760683760575,-4.683434518647001,11.355835179132773,11.555973680170453,11.669591208956826,10.550587950116928,002129.SZ
2019-11-19,11.21,-0.09530634181297015,1,0.020018198362147466,0.0,-0.02915194346289751,0.01981981981981984,-1.320422535211252,-4.188034188034173,-1.320422535211252,-4.023972602739711,11.329319692017723,11.523023805868505,11.651568024291853,10.557149264046112,002129.SZ
2019-11-20,10.86,0.00860865033871816,2,-0.031222123104371224,0.020018198362147466,0.0,-0.02915194346289751,-2.1621621621621623,-5.483028720626637,-4.148278905560465,-7.888040712468191,11.243988838923592,11.459878681500076,11.620526140986291,10.560162704204858,002129.SZ
2019-11-21,10.54,0.251839298999752,3,-0.029465930018416242,-0.031222123104371224,0.020018198362147466,0.0,-6.890459363957602,-11.651299245599333,-8.347826086956534,-8.902333621434755,11.115990868210211,11.372271188023879,11.578152566829967,10.559962080282423,002129.SZ
2019-11-22,10.16,0.2318321392016376,4,-0.03605313092979123,-0.029465930018416242,-0.031222123104371224,0.020018198362147466,-7.552320291173798,-15.403830141548703,-12.489233419465972,-11.033274956217165,10.942174346717445,11.256816789164462,11.522538740679773,10.555982358090558,002129.SZ
2019-11-25,9.91,-0.1567605237412385,0,-0.02460629921259838,-0.03605313092979123,-0.029465930018416242,-0.031222123104371224,-9.827115559599642,-16.441821247892076,-15.515771526001709,-15.29914529914529,10.75450628367791,11.128548523529751,11.459301927319782,10.549554672935429,002129.SZ
2019-11-26,9.99,-0.22890972663699938,1,0.008072653884964698,-0.02460629921259838,-0.03605313092979123,-0.029465930018416242,-10.883140053523643,-12.059859154929576,-14.615384615384608,-12.059859154929576,10.615505141191017,11.020115330812633,11.401682243895477,10.543986964747019,002129.SZ
2019-11-27,9.99,0.03326669002617644,2,0.0,0.008072653884964698,-0.02460629921259838,-0.03605313092979123,-8.011049723756901,-9.999999999999998,-13.054830287206265,-11.827007943512802,10.501776933701741,10.922009108830478,11.346322155899577,10.538474656640084,002129.SZ
2019-11-28,9.99,-0.0828628992040853,3,0.0,0.0,0.008072653884964698,-0.02460629921259838,-5.218216318785574,-11.749116607773857,-16.261525565800493,-13.130434782608692,10.408726582119606,10.83324633656091,11.293133051746652,10.533017197370034,002129.SZ
2019-11-29,10.11,-0.12060378015094497,4,0.012012012012011963,0.0,0.0,0.008072653884964698,-0.49212598425197873,-8.007279344858976,-15.820149875104084,-12.919896640826877,10.354412658097859,10.764365733078918,11.246735677168353,10.528808071028045,002129.SZ
2019-12-02,10.26,0.28665413533834605,0,0.014836795252225476,0.012012012012011963,0.0,0.0,3.5317860746720386,-6.642402183803464,-13.490725126475544,-12.53196930946292,10.337246720261884,10.716330901357116,11.208040160416653,10.526133363853637,002129.SZ
2019-12-03,10.25,-0.34712237130444823,1,-0.0009746588693957392,0.014836795252225476,0.012012012012011963,0.0,2.6026026026026106,-8.563782337198933,-9.771126760563376,-12.393162393162383,10.321383680214268,10.671918434561201,11.170469958047374,10.523385768193402,002129.SZ
2019-12-04,10.04,0.07095748439524208,2,-0.02048780487804891,-0.0009746588693957392,0.014836795252225476,0.012012012012011963,0.5005005005005003,-7.550644567219155,-9.549549549549551,-12.619669277632727,10.2702230110844,10.611735726507755,11.126137802829831,10.518575959554662,002129.SZ
2019-12-05,10.44,0.8617968878869522,3,0.03984063745019917,-0.02048780487804891,-0.0009746588693957392,0.014836795252225476,4.504504504504503,-0.9487666034155517,-7.773851590106018,-12.489522212908632,10.3010915545236,10.595379943030826,11.099230438012976,10.517794109210834,002129.SZ
2019-12-06,10.73,0.130255016907606,4,0.0277777777777779,0.03984063745019917,-0.02048780487804891,-0.0009746588693957392,6.1325420375865525,5.610236220472453,-2.3657870791628732,-10.657785179017477,10.379074908246581,10.608200900837415,11.084750812992858,10.519905610611723,002129.SZ
2019-12-09,10.79,-0.1783073345352877,0,0.005591798695246952,0.0277777777777779,0.03984063745019917,-0.02048780487804891,5.165692007797262,8.879919273461145,-1.8198362147406777,-9.02192242833053,10.453788561292656,10.625515100757662,11.073191957581376,10.522593116973797,002129.SZ
2019-12-10,10.98,-0.012751613826438302,1,0.017608897126969447,0.005591798695246952,0.0277777777777779,0.03984063745019917,7.1219512195122014,9.90990990990992,-2.0517395182872433,-3.3450704225352013,10.549463368330354,10.659275567352172,11.069537371009556,10.527144429242714,002129.SZ
2019-12-11,10.9,-0.18680345294079748,2,-0.007285974499089298,0.017608897126969447,0.005591798695246952,0.0277777777777779,8.565737051792844,9.109109109109115,0.36832412523020164,-1.8018018018017945,10.613197301361199,10.682201703794822,11.062888846656241,10.530854434921892,002129.SZ
2019-12-12,11.01,0.11312459152753829,3,0.010091743119265972,-0.007285974499089298,0.017608897126969447,0.005591798695246952,5.4597701149425415,10.210210210210203,4.459203036053139,-2.738515901060079,10.685343246568253,10.713420589147695,11.060814774238349,10.535622052484857,002129.SZ
2019-12-13,11.31,0.172226670225069,4,0.027247956403269713,0.010091743119265972,-0.007285974499089298,0.017608897126969447,5.405405405405417,11.869436201780426,11.318897637795278,2.91173794358508,10.79891720173766,10.770237675895533,11.07058674387606,10.543327305693964,002129.SZ
2019-12-16,11.43,-0.005706913561508653,0,0.010610079575596787,0.027247956403269713,0.010091743119265972,-0.007285974499089298,5.931417979610765,11.403508771929815,15.338042381432881,4.003639672429471,10.913659528694449,10.833072182953101,11.084681381371116,10.552149919567658,002129.SZ
2019-12-17,11.4,0.06255628997542328,1,-0.002624671916010457,0.010610079575596787,0.027247956403269713,0.010091743119265972,3.825136612021862,11.219512195121961,14.114114114114118,1.6949152542372836,11.002085068931821,10.88706530838614,11.097046817395778,10.560586238775938,002129.SZ
2019-12-18,11.16,0.14258623414311788,2,-0.021052631578947434,-0.002624671916010457,0.010610079575596787,0.027247956403269713,2.3853211009174258,11.155378486055788,11.711711711711704,2.7624309392265234,11.030796874580581,10.91305908853984,11.099515569654768,10.56655055480802,002129.SZ
2019-12-19,11.15,-0.37422672634914256,3,-0.0008960573476702871,-0.021052631578947434,-0.002624671916010457,0.010610079575596787,1.2715712988192518,6.800766283524906,11.611611611611616,5.787476280834936,11.052470170111384,10.935624889631285,11.101495351236935,10.572356021924357,002129.SZ
2019-12-20,10.87,-0.01617472723984814,4,-0.025112107623318503,-0.0008960573476702871,-0.021052631578947434,-0.002624671916010457,-3.890362511052181,1.3047530288909481,7.51730959446093,6.98818897637794,11.019293775545677,10.92937490014259,11.092417102168818,10.575317653547,002129.SZ
2019-12-23,10.63,0.07005146638346549,0,-0.022079116835326484,-0.025112107623318503,-0.0008960573476702871,-0.021052631578947434,-6.9991251093613265,-1.4828544949026745,3.6062378167641462,7.265388496468228,10.948513089082827,10.900863004890915,11.074283098162198,10.575861756496781,002129.SZ
2019-12-24,10.97,-0.1704584494407757,1,0.0319849482596426,-0.022079116835326484,-0.025112107623318503,-0.0008960573476702871,-3.771929824561404,-0.09107468123861207,7.024390243902445,9.80980980980981,10.952419800158676,10.907447480615591,11.070193564900935,10.57978353006398,002129.SZ
2019-12-25,12.07,4.228999378781952,2,0.10027347310847756,0.0319849482596426,-0.022079116835326484,-0.025112107623318503,8.15412186379929,10.73394495412845,20.2191235059761,20.820820820820817,11.155616200129826,11.018166768176012,11.109401660395015,10.594611554640458,002129.SZ
2019-12-26,12.2,-0.32715560483658057,3,0.010770505385252704,0.10027347310847756,0.0319849482596426,-0.022079116835326484,9.417040358744377,10.808356039963662,16.858237547892728,22.12212212212212,11.345504163742584,11.13072231406401,11.152170222732465,10.610585569022147,002129.SZ
2019-12-27,11.77,-0.2185579010698684,4,-0.03524590163934427,0.010770505385252704,0.10027347310847756,0.0319849482596426,8.279668813247465,4.067197170645431,9.692451071761399,16.41938674579624,11.422685224880295,11.191605903200772,11.176398841448838,10.622122031021927,002129.SZ
2019-12-30,11.87,-0.2151470772835684,0,0.008496176720475646,-0.03524590163934427,0.010770505385252704,0.10027347310847756,11.66509877704609,3.849518810148722,10.00926784059315,15.692007797270957,11.504015183992967,11.256214864800699,11.203598886882217,10.634538727230664,002129.SZ
2019-12-31,11.81,-0.27077602200754913,1,-0.005054759898904693,0.008496176720475646,-0.03524590163934427,0.010770505385252704,7.657247037374648,3.5964912280701755,7.55919854280509,15.219512195121965,11.559648786903338,11.308956306248252,11.227379322690757,10.646234859298021,002129.SZ
2020-01-02,12.23,0.9685338714158296,3,0.035563082133784896,-0.005054759898904693,0.008496176720475646,-0.03524590163934427,1.3256006628003414,9.587813620071683,12.20183486238533,21.812749003984088,11.681530825648185,11.396674753272228,11.266697780624453,10.661993716419435,002129.SZ
2020-01-03,12.15,-0.3762385798113348,4,-0.006541291905151292,0.035563082133784896,-0.005054759898904693,0.008496176720475646,-0.4098360655737654,8.968609865470857,10.354223433242504,16.3793103448276,11.766707039166697,11.468420014865348,11.301337083345063,10.676799749091877,002129.SZ
2020-01-06,12.45,0.537694845017088,0,0.024691358024691246,-0.006541291905151292,0.035563082133784896,-0.005054759898904693,5.777400169923541,14.535418583256664,10.079575596816959,16.02982292637465,11.89094212295457,11.56190382297341,11.346382687919766,10.694443532683005,002129.SZ
2020-01-07,12.6,-0.10266318699615118,1,0.012048192771084265,0.024691358024691246,-0.006541291905151292,0.035563082133784896,6.149957877000856,18.532455315145803,10.236220472440948,16.77479147358667,12.01986173696283,11.66077012554737,11.3955441511386,10.71340429355183,002129.SZ
2020-01-08,12.26,0.14750504858725866,2,-0.026984126984127,0.012048192771084265,0.024691358024691246,-0.006541291905151292,3.810330228619807,11.759343664539635,7.543859649122808,11.657559198542788,12.063523239333222,11.717839637400001,11.429444380505712,10.72879330555629,002129.SZ
2020-01-09,12.72,0.02079478964547321,3,0.03752039151712894,-0.026984126984127,0.012048192771084265,0.024691358024691246,4.0065412919051635,5.385252692626352,13.978494623655923,16.697247706422026,12.182882650363544,11.813283481457145,11.480054404799606,10.748606307491052,002129.SZ
2020-01-10,12.79,-0.1000655708717979,4,0.005503144654087855,0.03752039151712894,-0.026984126984127,0.012048192771084265,5.267489711934137,4.836065573770498,14.708520179372186,16.167120799273384,12.293267623024718,11.906304102270749,11.531424820297662,10.768918682540892,002129.SZ
2020-01-13,13.43,0.3178249514936675,0,0.05003909304143872,0.005503144654087855,0.03752039151712894,-0.026984126984127,7.871485943775114,14.103653355989799,23.55105795768171,18.744473916887692,12.499946237020223,12.051417997292582,11.60587874891344,10.795397103610139,002129.SZ
2020-01-14,13.4,-0.2982649048586392,1,-0.0022338049143707517,0.05003909304143872,0.005503144654087855,0.03752039151712894,6.349206349206349,12.88963774220726,26.058325493885228,17.235345581802285,12.663592375743818,12.179854378502814,11.676236445034482,10.821313550340387,002129.SZ
2020-01-15,14.2,1.0345523597057342,2,0.05970149253731338,-0.0022338049143707517,0.05003909304143872,0.005503144654087855,15.823817292006526,20.237087214225213,29.44393801276206,24.561403508771917,12.942939216517669,12.372249199597784,11.775207564837052,10.854932320983766,002129.SZ
2020-01-16,14.25,-0.19805413778549397,3,0.0035211267605634866,0.05970149253731338,-0.0022338049143707517,0.05003909304143872,12.028301886792448,16.51676206050694,18.061309030654506,27.688172043010752,13.180586631696272,12.5510826091599,11.872258248568933,10.888714088934178,002129.SZ
2020-01-17,14.32,-0.20969159649275115,4,0.004912280701754312,0.0035211267605634866,0.05970149253731338,-0.0022338049143707517,11.962470680218939,17.86008230452676,17.377049180327873,28.430493273542588,13.387752698660586,12.719550932097052,11.968248121174074,10.922856237302993,002129.SZ
2020-01-20,15.3,0.4563941314183322,0,0.06843575418994408,0.004912280701754312,0.0035211267605634866,0.05970149253731338,13.924050632911399,22.89156626506026,29.99150382327953,40.754369825207014,13.735434026176844,12.965307986183047,12.098905057598621,10.96640990658356,002129.SZ
2020-01-21,15.22,-0.2517465375658783,1,-0.005228758169934622,0.06843575418994408,0.004912280701754312,0.0035211267605634866,13.582089552238807,20.79365079365081,28.222409435551832,43.179680150517406,14.005355112326507,13.18004055892752,12.221300937692794,11.008734186120043,002129.SZ
2020-01-22,16.33,0.2735462735462735,2,0.07293035479632048,-0.005228758169934622,0.06843575418994408,0.004912280701754312,14.999999999999991,33.197389885807496,38.272650296359004,48.86052871467636,14.428017819176231,13.480036696172519,12.382426391116606,11.061682104666112,002129.SZ
2020-01-23,15.68,0.3322334899826862,3,-0.039804041641151144,0.07293035479632048,-0.005228758169934622,0.06843575418994408,10.035087719298241,23.27044025157232,28.209321340964834,29.90886495443248,14.655650942962371,13.689557010822757,12.51174300322968,11.10763551655998,002129.SZ
2020-02-03,14.11,-0.8913226715581614,0,-0.10012755102040816,-0.039804041641151144,0.07293035479632048,-0.005228758169934622,-1.4664804469273762,10.32056293979673,16.131687242798343,15.655737704918039,14.556441680605577,13.72959920026821,12.574419748201066,11.137509790027046,002129.SZ
2020-02-04,14.88,8.198202815361487,1,0.05457122608079379,-0.10012755102040816,-0.039804041641151144,0.07293035479632048,-2.7450980392156876,10.796723752792259,19.518072289156628,26.423109600679705,14.615270465950017,13.839161181195045,12.66483466003632,11.174748498583991,002129.SZ
2020-02-05,14.56,-0.1642454116257388,2,-0.021505376344086002,0.05457122608079379,-0.10012755102040816,-0.039804041641151144,-4.336399474375819,8.65671641791046,15.555555555555568,22.66217354675655,14.605221290322742,13.907812497271708,12.73915486944666,11.208432593125444,002129.SZ
2020-02-06,15.15,-0.15677612046436384,3,0.0405219780219781,-0.021505376344086002,0.05457122608079379,-0.10012755102040816,-7.225964482547442,6.690140845070425,23.5725938009788,28.281117696867053,14.704271964809514,14.026116068960118,12.83369781574287,11.24765216931325,002129.SZ
2020-02-07,16.28,0.41169184385574686,4,0.07458745874587458,0.0405219780219781,-0.021505376344086002,0.05457122608079379,3.826530612244916,14.245614035087728,27.987421383647803,33.11529026982829,14.990767971207784,14.240771681440107,12.968846921007856,11.297725282056403,002129.SZ
2020-02-10,16.25,-0.2806230841320394,0,-0.0018427518427519551,0.07458745874587458,0.0405219780219781,-0.021505376344086002,15.166548547129711,13.477653631284925,27.052384675527776,33.744855967078195,15.219719249170005,14.43212675939819,13.097519590772254,11.347001647409076,002129.SZ
2020-02-11,15.8,-0.2243680905174651,1,-0.027692307692307683,-0.0018427518427519551,0.07458745874587458,0.0405219780219781,6.182795698924726,3.267973856209161,17.647058823529417,26.907630522088375,15.325224840230003,14.562400401360268,13.20349921466354,11.39131008872839,002129.SZ
2020-02-12,17.38,0.9110083578134514,2,0.09999999999999987,-0.027692307692307683,-0.0018427518427519551,0.07458745874587458,19.368131868131865,14.191852825229944,29.701492537313424,37.93650793650794,15.698820323824547,14.830743220278338,13.367283559186538,11.450899043069402,002129.SZ
2020-02-13,17.06,0.1874586372438134,3,-0.018411967779056404,0.09999999999999987,-0.027692307692307683,-0.0018427518427519551,12.607260726072589,4.470300061236987,20.14084507042253,39.15171288743882,15.946307537674627,15.043053389775638,13.512095968630202,11.506710992889607,002129.SZ
2020-02-14,16.62,-0.26434456442890086,4,-0.02579132473622492,-0.018411967779056404,0.09999999999999987,-0.027692307692307683,2.0884520884520974,5.994897959183687,16.631578947368418,30.660377358490564,16.06879707627924,15.193238781225578,13.633974558095685,11.557589490472797,002129.SZ
2020-02-17,17.05,-0.10765049664494097,0,0.025872442839951937,-0.02579132473622492,-0.018411967779056404,0.09999999999999987,4.923076923076919,20.836286321757626,19.06424581005586,33.30727130570761,16.24719760786483,15.370073183013618,13.767936340131149,11.612240341313864,002129.SZ
2020-02-18,17.79,0.2862616679693466,1,0.04340175953079162,0.025872442839951937,-0.02579132473622492,-0.018411967779056404,12.59493670886076,19.556451612903203,16.274509803921553,32.464631422189115,16.527707133707587,15.600542403678988,13.925664326792672,11.673710586673925,002129.SZ
2020-02-19,18.39,0.3216155337093367,2,0.033726812816188945,0.04340175953079162,0.025872442839951937,-0.02579132473622492,5.811277330264675,26.30494505494505,20.82785808147174,37.23880597014926,16.866305836669845,15.866205031900035,14.100736313977274,11.74053933705528,002129.SZ
2020-02-20,19.33,-0.06451519139198492,3,0.05111473626971175,0.033726812816188945,0.04340175953079162,0.025872442839951937,13.305978898007043,27.590759075907577,18.37109614206982,36.126760563380266,17.3142502300026,16.196090266957174,14.305805478135028,11.81605635857712,002129.SZ
2020-02-21,19.13,-0.01975577857935784,4,-0.0103466114847387,0.05111473626971175,0.033726812816188945,0.04340175953079162,15.102286401925369,17.506142506142485,22.002551020408156,34.2456140350877,17.644386551820308,16.47551024153268,14.494989577031694,11.888831917198244,002129.SZ
2020-02-24,20.14,-0.046186341775471096,0,0.052796654469419835,-0.0103466114847387,0.05111473626971175,0.033726812816188945,18.123167155425215,23.938461538461553,42.73564847625799,40.64245810055866,18.098134451489344,16.824509266148617,14.716362534795156,11.970933092151496,002129.SZ
2020-02-25,22.15,0.9084292796698499,1,0.09980139026812296,0.052796654469419835,-0.0103466114847387,0.05111473626971175,24.508150646430572,40.189873417721515,48.8575268817204,44.771241830065335,18.83483727849128,17.33169885984875,15.007877729509072,12.072217339990784,002129.SZ
2020-02-26,19.94,0.04135718039804215,2,-0.09977426636568842,0.09980139026812296,0.052796654469419835,-0.0103466114847387,8.428493746601418,14.729574223245123,36.95054945054945,31.011826544021037,19.03577595512923,17.580108492244108,15.201294289136168,12.150503734617741,002129.SZ
2020-02-27,19.08,-0.40792196005880055,3,-0.04312938816449363,-0.09977426636568842,0.09980139026812296,0.052796654469419835,-1.2933264355923457,11.84056271981242,25.940594059405917,16.840171463564,19.043816690560277,17.722955302506573,15.353400395444554,12.219453946213585,002129.SZ
2020-02-28,17.58,-0.10574125947740443,4,-0.07861635220125784,-0.04312938816449363,-0.09977426636568842,0.09980139026812296,-8.10245687401987,5.776173285198549,7.985257985257976,12.117346938775508,18.777668201367497,17.70934051179166,15.440718026995748,12.272792712917928,002129.SZ
2020-03-02,18.12,-0.12512381745359535,0,0.03071672354948829,-0.07861635220125784,-0.04312938816449363,-0.09977426636568842,-10.029791459781523,6.27565982404692,11.507692307692308,28.41956059532247,18.658092164755224,17.748450939240072,15.545787908290034,12.33097387995357,002129.SZ
2020-03-03,18.2,-0.03006087655678258,1,0.004415011037527394,0.03071672354948829,-0.07861635220125784,-0.04312938816449363,-17.83295711060948,2.3046655424395768,15.189873417721511,22.311827956989227,18.574802680254273,17.7914556116934,15.649874656984542,12.389372149804778,002129.SZ
2020-03-04,17.4,-0.05622980494324237,2,-0.04395604395604402,0.004415011037527394,0.03071672354948829,-0.07861635220125784,-12.738214643931812,-5.383360522022851,0.11507479861909697,19.505494505494482,18.361202192935313,17.75417412486546,15.718507023377304,12.439229143339059,002129.SZ
2020-03-05,17.5,-0.250656064473571,3,0.005747126436781658,-0.04395604395604402,0.004415011037527394,0.03071672354948829,-8.280922431865822,-9.467149508535943,2.579132473622514,15.51155115511551,18.204619976037982,17.729967065354465,15.788369493048782,12.48958507226106,002129.SZ
2020-03-06,17.26,-0.27197049072093926,4,-0.013714285714285679,0.005747126436781658,-0.04395604395604402,0.004415011037527394,-1.8202502844140933,-9.775222164140086,3.8507821901323736,6.019656019656017,18.032870889485622,17.68520829722547,15.846080493321379,12.537051887462443,002129.SZ
2020-03-09,15.7,0.5289277922351023,0,-0.0903823870220164,-0.013714285714285679,0.005747126436781658,-0.04395604395604402,-13.355408388520985,-22.045680238331688,-7.917888563049857,-3.384615384615386,17.60871254594278,17.49614084034685,15.840351846524463,12.568524007985205,002129.SZ
2020-03-10,17.27,0.20410900025788714,1,0.10000000000000009,-0.0903823870220164,-0.013714285714285679,0.005747126436781658,-5.109890109890114,-22.03160270880361,-2.922990444069695,9.303797468354414,17.547128446680453,17.474603617456673,15.896416479994093,12.615304863627143,002129.SZ
2020-03-11,17.2,0.11199437440210169,2,-0.004053271569195105,0.10000000000000009,-0.0903823870220164,-0.013714285714285679,-1.1494252873563204,-13.741223671013048,-6.470908102229478,-1.0356731875719172,17.484014183647645,17.44845089198461,15.947537402347265,12.66092372070548,002129.SZ
2020-03-12,17.6,-0.19541735281183092,3,0.023255813953488413,-0.004053271569195105,0.10000000000000009,-0.0903823870220164,0.5714285714285783,-7.756813417190756,-8.949818934299003,3.1652989449003632,17.505102513893526,17.462884140367027,16.012339857157176,12.7100687583104,002129.SZ
2020-03-13,18.9,0.5952019980370722,4,0.07386363636363624,0.023255813953488413,-0.004053271569195105,0.10000000000000009,9.50173812282733,7.508532423208192,-1.2023000522739191,13.718411552346566,17.758720238640155,17.59975231747493,16.12558143138631,12.771660113949105,002129.SZ
2020-03-16,17.82,-0.05457805923002468,0,-0.05714285714285705,0.07386363636363624,0.023255813953488413,-0.004053271569195105,13.503184713375793,-1.6556291390728561,-11.519364448857994,4.516129032258065,17.769862013432853,17.62072828723922,16.19202921839077,12.821892351621253,002129.SZ
2020-03-17,18.31,-0.20742363277064824,1,0.02749719416386065,-0.05714285714285705,0.07386363636363624,0.023255813953488413,6.022003474232762,0.6043956043956022,-17.33634311512415,2.922990444069695,17.868068920081424,17.686373212264055,16.275086896100934,12.87650038792353,002129.SZ
2020-03-18,17.77,0.06726946839296266,2,-0.029492080830147427,0.02749719416386065,-0.05714285714285705,0.07386363636363624,3.31395348837209,2.126436781609198,-10.882647943831502,-3.3713974986405715,17.850238207339345,17.694337668238905,16.333710939391093,12.925191926352152,002129.SZ
2020-03-19,17.81,-0.1849103219652547,3,0.0022509848058525073,-0.029492080830147427,0.02749719416386065,-0.05714285714285705,1.1931818181817988,1.7714285714285571,-6.656184486373162,-7.863424728401447,17.84292216964128,17.705353128406628,16.391604628042423,12.973796981811336,002129.SZ
2020-03-20,17.06,-0.1912949057856187,4,-0.04211117349803484,0.0022509848058525073,-0.029492080830147427,0.02749719416386065,-9.73544973544973,-1.1587485515643259,-2.9579067121729197,-10.820700470465239,17.700572684251956,17.643890925701236,16.417816211256447,13.014455718310726,002129.SZ
2020-03-23,15.41,-0.02306758013398358,0,-0.096717467760844,-0.04211117349803484,0.0022509848058525073,-0.029492080830147427,-13.524130190796857,-1.847133757961783,-14.955849889624728,-23.48560079443893,17.28410492347887,17.431139408967784,16.37829400689345,13.038291979820073,002129.SZ
2020-03-24,15.3,-0.0720460395318343,1,-0.007138221933809197,-0.096717467760844,-0.04211117349803484,0.0022509848058525073,-16.43910431458219,-11.4070642733063,-15.934065934065922,-30.925507900677196,16.92335857375544,17.22817375097085,16.336007967407436,13.0607965372348,002129.SZ
2020-03-25,15.99,-0.12723276200444844,2,0.045098039215686336,-0.007138221933809197,-0.096717467760844,-0.04211117349803484,-10.016882386043891,-7.03488372093023,-8.103448275862057,-19.80942828485457,16.753657014890813,17.11025244135458,16.322439027509105,13.089942840346893,002129.SZ
2020-03-26,15.43,-0.2957592765824758,3,-0.03502188868042533,0.045098039215686336,-0.007138221933809197,-0.096717467760844,-13.36327905670971,-12.329545454545466,-11.828571428571433,-19.129979035639412,16.512992103092483,16.95022839932081,16.28744141858718,13.113226991189212,002129.SZ
2020-03-27,15.18,-0.07743396740518727,4,-0.016202203499675938,-0.03502188868042533,0.045098039215686336,-0.007138221933809197,-11.019929660023442,-19.68253968253968,-12.050984936268838,-13.651877133105794,16.270629902530214,16.781635218433113,16.244012343348466,13.133791896749518,002129.SZ
2020-03-30,14.5,0.32626352124635427,0,-0.044795783926218746,-0.016202203499675938,-0.03502188868042533,0.045098039215686336,-5.905256327060348,-18.630751964085302,-7.643312101910826,-19.977924944812365,15.948697192979266,16.56433662620139,16.17561970243284,13.147386007229624,002129.SZ
2020-03-31,14.29,-0.34568330804882463,1,-0.014482758620689706,-0.044795783926218746,-0.016202203499675938,-0.03502188868042533,-6.601307189542494,-21.955215729109778,-17.2553561088593,-21.483516483516485,15.647115885164853,16.34773313799173,16.1016738317492,13.158755300690025,002129.SZ
2020-04-01,14.68,0.6028141751042286,2,0.02729181245626311,-0.014482758620689706,-0.044795783926218746,-0.016202203499675938,-8.192620387742345,-17.38885762521103,-14.651162790697668,-15.63218390804597,15.471276633316698,16.188901410563947,16.045921916778642,13.173892063867239,002129.SZ
2020-04-02,15.54,0.17659900599191802,3,0.058583106267029894,0.02729181245626311,-0.014482758620689706,-0.044795783926218746,0.712896953985731,-12.745648512071872,-11.704545454545467,-11.20000000000001,15.483771790895478,16.127101276224522,16.026081841610853,13.197435426415824,002129.SZ
2020-04-03,15.17,-0.18886513983430808,4,-0.023809523809523725,0.058583106267029894,0.02729181245626311,-0.014482758620689706,-0.06587615283267789,-11.078546307151226,-19.735449735449727,-12.108922363847052,15.426722374369026,16.03594877372695,15.992510004684938,13.217062934610691,002129.SZ
2020-04-07,15.65,-0.0019259115054092169,1,0.03164139749505601,-0.023809523809523725,0.058583106267029894,0.02729181245626311,7.931034482758625,1.557430240103841,-12.177328843995506,-0.31847133757960666,15.46731830630193,15.999191747657717,15.979078239795333,13.241271263619542,002129.SZ
2020-04-08,15.69,-0.12618511887761152,2,0.002555910543130979,0.03164139749505601,-0.023809523809523725,0.058583106267029894,9.797060881735487,2.549019607843128,-14.309120699071542,-9.148812970469022,15.507805886974307,15.969744914547459,15.967741838234732,13.265636723683029,002129.SZ
2020-04-09,15.6,-0.3458548913000151,3,-0.005736137667303964,0.002555910543130979,0.03164139749505601,-0.023809523809523725,6.267029972752036,-2.4390243902439046,-12.21159257175014,-9.302325581395344,15.524568452978977,15.934531113161986,15.953320589676506,13.288864218969765,002129.SZ
2020-04-10,14.77,0.3707680308089796,4,-0.05320512820512824,-0.005736137667303964,0.002555910543130979,0.03164139749505601,-4.954954954954949,-4.277381723914453,-17.069062324536777,-16.079545454545464,15.387374188800981,15.82362338809894,15.906915860669585,13.303601888432752,002129.SZ
2020-04-13,14.46,-0.35668625585675284,0,-0.02098849018280291,-0.05320512820512824,-0.005736137667303964,0.002555910543130979,-4.680290046143698,-4.743083003952564,-15.2403282532239,-23.492063492063487,15.218760699928074,15.693754493994279,15.850174062211954,13.31510833730407,002129.SZ
2020-04-14,15.27,0.3813261836977251,1,0.056016597510373245,-0.02098849018280291,-0.05320512820512824,-0.005736137667303964,-2.4281150159744413,5.310344827586211,-0.9085009733938998,-14.309764309764317,15.228076936304788,15.65339692313768,15.827422138203643,13.334559995639353,002129.SZ
2020-04-15,15.91,1.044232116058029,2,0.04191224623444656,0.056016597510373245,-0.02098849018280291,-0.05320512820512824,1.4021669853409913,11.336599020293914,3.9869281045751492,-13.107591480065528,15.352062947885734,15.677835311410282,15.830660485725067,13.36018626433946,002129.SZ
2020-04-16,15.9,-0.4894014810029317,3,-0.0006285355122563896,0.04191224623444656,0.056016597510373245,-0.02098849018280291,1.9230769230769384,8.31062670299727,-0.5628517823639712,-10.523353967360716,15.451687866451964,15.698993853180731,15.833379682363299,13.385458042803744,002129.SZ
2020-04-17,15.94,0.5704618215976842,4,0.002515723270440251,-0.0006285355122563896,0.04191224623444656,0.056016597510373245,7.921462423832093,2.5740025740025763,3.3052495139338944,-10.499719258843342,15.540471890733425,15.721946819544472,15.83756087129023,13.410876370736046,002129.SZ
2020-04-20,16.02,-0.36207275390625004,0,0.005018820577164407,0.002515723270440251,-0.0006285355122563896,0.04191224623444656,10.788381742738572,5.603164139749506,5.533596837944654,-6.096131301289565,15.627658819690982,15.750332836730712,15.844715346925907,13.436837799882952,002129.SZ
2020-04-21,16.0,-0.07213111617137724,1,-0.0012484394506866447,0.005018820577164407,0.002515723270440251,-0.0006285355122563896,4.780615586116577,2.2364217252396124,10.344827586206895,3.8286826735885793,15.695357216110803,15.774110661803977,15.850804941164107,13.462341901376654,002129.SZ
2020-04-22,15.9,-0.17100609410284695,2,-0.006249999999999978,-0.0012484394506866447,0.005018820577164407,0.002515723270440251,-0.06285355122563896,1.3384321223709472,11.266620013995809,3.9215686274509887,15.732564994999747,15.786100122584552,15.852734159157672,13.486597205840567,002129.SZ
2020-04-23,15.18,0.2275265874743453,3,-0.04528301886792452,-0.006249999999999978,-0.0012484394506866447,0.005018820577164407,-4.528301886792452,-2.692307692307694,3.4059945504087086,-5.0656660412757955,15.632098632272518,15.728376301386023,15.826352427425999,13.50344698488693,002129.SZ
2020-04-24,15.24,-0.3294354879568737,4,0.0039525691699604515,-0.04528301886792452,-0.006249999999999978,-0.0012484394506866447,-4.391468005018817,3.182125930941093,-1.9305019305019266,-1.2313674659753748,15.560807971859333,15.681864272682592,15.803358214585764,13.520726119365667,002129.SZ
2020-04-27,15.39,-0.009928070599613092,0,0.009842519685039353,0.0039525691699604515,-0.04528301886792452,-0.006249999999999978,-3.93258426966292,6.431535269709543,1.4502307185234153,1.3833992094861802,15.529751976975817,15.654067675284251,15.787148088523578,13.539325859471482,002129.SZ
2020-04-28,16.07,1.422304980234741,1,0.044184535412605586,0.009842519685039353,0.0039525691699604515,-0.04528301886792452,0.4375000000000018,5.239030779305831,2.6837060702875393,10.827586206896544,15.62797889025294,15.693680277638132,15.798240320346183,13.564506696690671,002129.SZ
2020-04-29,16.05,-0.3506209555974217,2,-0.001244555071561848,0.044184535412605586,0.009842519685039353,0.0039525691699604515,0.9433962264151052,0.879949717159012,2.294455066921608,12.316305108467462,15.704710001116041,15.727615489291644,15.808113248960058,13.589237973340516,002129.SZ
2020-04-30,17.17,1.0219578696112013,3,0.06978193146417455,-0.001244555071561848,0.044184535412605586,0.009842519685039353,13.109354413702246,7.987421383647808,10.064102564102573,16.961852861035442,15.971126364549487,15.86498544269244,15.861520572530253,13.624867446242602,002129.SZ
2020-05-06,17.86,-0.019353600307123853,2,0.04018637157833416,0.06978193146417455,-0.001244555071561848,0.044184535412605586,17.191601049868765,12.045169385194487,20.920785375761675,14.929214929214929,16.3145579346314,16.054986829102685,15.93989231478397,13.66700806866805,002129.SZ
2020-05-07,17.74,-0.024991191669276547,3,-0.006718924972004547,0.04018637157833416,0.06978193146417455,-0.001244555071561848,15.269655620532795,10.736579275905122,22.683264177040098,16.941331575477903,16.57372921924387,16.215464273950047,16.010484773027738,13.707535351566877,002129.SZ
2020-05-08,17.68,-0.23621169916434548,4,-0.0033821871476887866,-0.006718924972004547,0.04018637157833416,0.06978193146417455,10.018668326073431,10.499999999999998,15.782580222658815,12.97124600638977,16.774869361199528,16.354943866907185,16.0759559583992,13.747062362994072,002129.SZ
2020-05-11,17.38,-0.07641558407422733,0,-0.016968325791855254,-0.0033821871476887866,-0.006718924972004547,0.04018637157833416,8.286604361370697,9.308176100628929,9.239472030169704,10.771191841937533,16.884893113708703,16.45256826053507,16.127094940422758,13.783210996198111,002129.SZ
2020-05-12,17.61,-0.04423273948431905,1,0.013233601841196707,-0.016968325791855254,-0.0033821871476887866,-0.006718924972004547,2.5626092020966773,16.00790513833992,10.754716981132063,12.884615384615383,17.016730729398027,16.562799854769825,16.185248080014023,13.821288498723504,002129.SZ
2020-05-13,18.62,0.9333457401272938,2,0.05735377626348681,0.013233601841196707,-0.016968325791855254,-0.0033821871476887866,4.255319148936176,22.178477690288712,16.81304893350064,26.066350710900487,17.30823423314384,16.75872367812508,16.280728547464452,13.869036871870534,002129.SZ
2020-05-14,18.55,-0.23699348519151686,3,-0.003759398496240629,0.05735377626348681,0.013233601841196707,-0.016968325791855254,4.565952649379956,20.532813515269655,15.792759051186023,28.284923928077443,17.534009827117686,16.92932142306555,16.36971958481879,13.915613619414112,002129.SZ
2020-05-15,19.17,0.12969999747685002,4,0.033423180592991875,-0.003759398496240629,0.05735377626348681,0.013233601841196707,8.427601809954766,19.29060360920971,19.81250000000001,25.540275049115934,17.83146258582356,17.142719382773592,16.47953450306119,13.967896070962231,002129.SZ
2020-05-18,18.3,0.1378184368397306,0,-0.04538341158059478,0.033423180592991875,-0.003759398496240629,0.05735377626348681,5.293440736478727,14.018691588785037,15.094339622641506,15.021998742928977,17.91665120658291,17.2529365844142,16.550925306862712,14.01100158269395,002129.SZ
2020-05-19,19.2,-0.1970555904522613,1,0.04918032786885229,-0.04538341158059478,0.033423180592991875,-0.003759398496240629,9.028960817717202,11.822947000582396,26.48221343873518,20.75471698113207,18.14998735084056,17.438371195422373,16.65481058894653,14.062633407741773,002129.SZ
2020-05-20,19.42,0.5076176134085642,2,0.01145833333333357,0.04918032786885229,-0.04538341158059478,0.033423180592991875,4.29645542427497,8.734602463605846,27.427821522309713,21.831869510665,18.380898741596823,17.62709774823929,16.763249389379997,14.115940538013,002129.SZ
2020-05-21,18.93,-0.2384651058709829,3,-0.025231719876416148,0.01145833333333357,0.04918032786885229,-0.04538341158059478,2.0485175202156203,6.7080045095828655,23.001949317738777,18.16479400749065,18.480735334033763,17.751183676978407,16.848220001561174,14.163841627187,002129.SZ
2020-05-22,17.8,-0.011434436177959806,4,-0.05969360802958257,-0.025231719876416148,0.01145833333333357,0.04918032786885229,-7.146583202921231,0.6787330316742057,10.765401369010586,11.250000000000004,18.35696527330035,17.75583285059951,16.885544707382305,14.200022307513498,002129.SZ
2020-05-25,17.88,-0.5011028208088502,0,0.004494382022471877,-0.05969360802958257,-0.025231719876416148,0.01145833333333357,-2.2950819672131195,2.8768699654775576,11.401869158878487,12.452830188679243,18.270244314518468,17.767658293399556,16.924542954151626,14.236639000971076,002129.SZ
2020-05-26,18.19,0.16881098350746915,1,0.017337807606264022,0.004494382022471877,-0.05969360802958257,-0.025231719876416148,-5.260416666666656,3.293583191368543,5.940594059405946,19.828722002635057,18.255654439151474,17.80788131307579,16.974168720655484,14.27597592633455,002129.SZ
2020-05-27,17.35,0.2302674349881797,2,-0.04617921935129188,0.017337807606264022,0.004494382022471877,-0.05969360802958257,-10.659114315139028,-6.8206229860365175,-2.8555431131018882,13.845144356955386,18.09098999566939,17.764273568973334,16.988907202198405,14.306563230550127,002129.SZ
2020-05-28,17.48,-0.21891682529769585,3,0.007492795389048901,-0.04617921935129188,0.017337807606264022,0.004494382022471877,-7.659799260433175,-5.768194070080868,-1.465614430665152,13.58024691358024,17.97990090554768,17.737199895737778,17.008165743288664,14.338139715818285,002129.SZ
2020-05-29,17.55,-0.20290913563921797,4,0.004004576659038861,0.007492795389048901,-0.04617921935129188,0.017337807606264022,-1.4044943820224698,-8.450704225352112,-0.7352941176470562,9.209707529558187,17.90173710453901,17.719371334238943,17.02941414551264,14.370098524616113,002129.SZ
2020-06-01,18.78,0.6595871913580249,0,0.07008547008547006,0.004004576659038861,0.007492795389048901,-0.04617921935129188,5.033557046979875,2.622950819672143,8.055235903337188,17.009345794392527,18.0614212673501,17.82038358812095,17.098064571178814,14.413978141286599,002129.SZ
2020-06-02,19.02,0.02968628317041122,1,0.012779552715654896,0.07008547008547006,0.004004576659038861,0.007492795389048901,4.562946673996682,-0.9375000000000022,8.006814310051102,10.77460687245193,18.23570830965008,17.93463277020467,17.17343458799533,14.459809204557379,002129.SZ
2020-06-03,18.84,-0.15083477259643063,2,-0.009463722397476282,0.012779552715654896,0.07008547008547006,0.004004576659038861,8.5878962536023,-2.9866117404737436,1.1815252416756072,5.487122060470329,18.345579526077337,18.020858220661367,17.238790094348456,14.503393192571734,002129.SZ
2020-06-04,18.78,-0.4452243270189432,3,-0.0031847133757960666,-0.009463722397476282,0.012779552715654896,0.07008547008547006,7.437070938215107,-0.7923930269413515,1.2398921832884158,5.862457722660674,18.42456506679055,18.093157437741237,17.299229698491654,14.545946494138184,002129.SZ
2020-06-05,19.49,0.8628064121917907,4,0.037806176783812484,-0.0031847133757960666,-0.009463722397476282,0.012779552715654896,11.054131054131044,9.494382022471903,1.6692749087115155,10.23755656108596,18.618280509192267,18.226190062718263,17.38514225933512,14.595141056385566,002129.SZ
2020-06-08,20.0,0.2847550504563259,0,0.026167265264238182,0.037806176783812484,-0.0031847133757960666,-0.009463722397476282,6.496272630457933,11.85682326621924,9.289617486338786,15.074798619102413,18.86950223479367,18.395124342459383,17.48768570014551,14.648920747366805,002129.SZ
2020-06-09,19.98,-0.2560086105479211,1,-0.0010000000000000009,0.026167265264238182,0.037806176783812484,-0.0031847133757960666,5.047318611987395,9.840571742715776,4.062500000000013,13.458262350936966,19.07141091937664,18.546064881272777,17.58542351582608,14.701966312069624,002129.SZ
2020-06-10,19.4,-0.19794638531517472,2,-0.029029029029029152,-0.0010000000000000009,0.026167265264238182,0.037806176783812484,2.972399150743099,11.815561959654165,-0.1029866117404854,4.189044038668088,19.131154388580885,18.627392035437275,17.656583377950547,14.748712915929628,002129.SZ
2020-06-11,19.41,0.36441886608835716,3,0.0005154639175257714,-0.029029029029029152,-0.0010000000000000009,0.026167265264238182,3.3546325878594185,11.041189931350104,2.535657686212356,4.636118598382755,19.181853590657084,18.701926127300393,17.72534481410935,14.795093881940279,002129.SZ
2020-06-12,18.95,-0.10126909171401155,4,-0.02369912416280273,0.0005154639175257714,-0.029029029029029152,-0.0010000000000000009,-2.7706516162134376,7.9772079772079785,6.460674157303359,-1.147626499739185,19.139698392355797,18.72555221041464,17.773370507673686,14.83643623137371,002129.SZ
2020-06-15,20.35,0.773230436626849,0,0.07387862796833788,-0.02369912416280273,0.0005154639175257714,-0.029029029029029152,1.750000000000007,8.35995740149096,13.814317673378085,11.202185792349727,19.359753230109288,18.880261523708484,17.874414801490403,14.891297562404818,002129.SZ
2020-06-16,20.24,-0.3184276928537807,1,-0.005405405405405572,0.07387862796833788,-0.02369912416280273,0.0005154639175257714,1.301301301301283,6.414300736067302,11.269928532160511,5.41666666666667,19.51979809736214,19.009760426212438,17.96718284849078,14.944518482181886,002129.SZ
2020-06-17,19.26,0.1551564074405336,2,-0.04841897233201564,-0.005405405405405572,0.07387862796833788,-0.02369912416280273,-0.7216494845360688,2.2292993630573354,11.008645533141204,-0.8238928939237944,19.472562079659934,19.033592766573157,18.01788156031467,14.987458596787043,002129.SZ
2020-06-18,19.5,-0.4690610252716073,3,0.012461059190031154,-0.04841897233201564,-0.005405405405405572,0.07387862796833788,0.46367851622874934,3.833865814696469,11.556064073226535,3.0110935023771823,19.477550792449037,19.07801250309,18.07600385206704,15.03235950627175,002129.SZ
2020-06-19,19.35,0.34794406756195495,4,-0.007692307692307665,0.012461059190031154,-0.04841897233201564,-0.005405405405405572,2.110817941952514,-0.7183170856849497,10.256410256410264,8.70786516853932,19.454359739276484,19.103916074224287,18.12596448531931,15.075321103224269,002129.SZ
2020-06-22,21.29,1.4285039337729297,0,0.10025839793281643,-0.007692307692307665,0.012461059190031154,-0.04841897233201564,4.619164619164606,6.45,13.365282215122454,19.07158836689038,19.788112513953486,19.312114543345785,18.25004430942444,15.137158704187213,002129.SZ
2020-06-23,21.67,-0.11976338301387779,1,0.01784875528417107,0.10025839793281643,-0.007692307692307665,0.012461059190031154,7.065217391304368,8.458458458458473,13.932702418506837,19.131390874106646,20.13027387505285,19.53667506302714,18.384160218858778,15.20216210016545,002129.SZ
2020-06-24,20.89,-0.033639770652487244,2,-0.035994462390401494,0.01784875528417107,0.10025839793281643,-0.007692307692307665,8.463136033229478,7.680412371134038,10.88110403397029,20.403458213256485,20.26840589777051,19.66556315226265,18.4824284455702,15.258757502153854,002129.SZ
2020-06-29,21.23,-0.3193928827132667,0,0.016275730014361,-0.035994462390401494,0.01784875528417107,0.10025839793281643,8.87179487179488,9.376609994848017,13.045793397231087,21.453089244851252,20.44324118908496,19.814557137761444,18.590176349665487,15.318172850391129,002129.SZ
2020-06-30,22.46,0.13134889519848447,1,0.057936881771078586,0.016275730014361,-0.035994462390401494,0.01784875528417107,16.072351421188635,18.52242744063326,15.23858388917394,27.977207977207975,20.809924609251333,20.06650407702226,18.741934139874687,15.389235807103656,002129.SZ
2020-07-01,22.63,-0.027429929272797082,2,0.0075690115761353205,0.057936881771078586,0.016275730014361,-0.035994462390401494,6.294034758102396,11.203931203931194,13.149999999999995,20.500532481363145,21.140847407569268,20.31064654587728,18.894407310859993,15.461283212008098,002129.SZ
2020-07-02,22.59,-0.09805735430157259,3,-0.0017675651789659241,0.0075690115761353205,0.057936881771078586,0.016275730014361,4.245500692201198,11.610671936758909,13.063063063063062,18.76971608832807,21.404329697102128,20.5277278272223,19.03933251435568,15.532215717361252,002129.SZ
2020-07-03,24.0,0.3551171635382162,4,0.062416998671978696,-0.0017675651789659241,0.0075690115761353205,0.057936881771078586,14.887505983724258,24.61059190031152,23.71134020618557,27.388535031847127,21.876269752174466,20.85842041510589,19.233868494184872,15.61647227738751,002129.SZ
2020-07-06,26.21,0.39484462535172504,0,0.0920833333333333,0.062416998671978696,-0.0017675651789659241,0.0075690115761353205,23.45737164390014,34.41025641025641,35.03348789283876,39.563365282215116,22.66422070632456,21.368094661286282,19.507442278726643,15.721880513433407,002129.SZ
2020-07-07,25.93,0.2310142767757697,1,-0.010682945440671499,0.0920833333333333,0.062416998671978696,-0.0017675651789659241,15.449688334817457,34.005167958656315,36.83377308707125,33.042585941508484,23.257998759720092,21.802561836401875,19.759307287404027,15.82345384165795,002129.SZ
2020-07-08,26.67,-0.3666152765680132,2,0.028538372541457857,-0.010682945440671499,0.0920833333333333,0.062416998671978696,17.852408307556345,25.270079849694717,31.05651105651106,33.350000000000016,23.87836262158917,22.266127375792173,20.030314844760735,15.931379674079265,002129.SZ
2020-07-09,26.85,0.1007924880127864,3,0.006749156355455588,0.028538372541457857,-0.010682945440671499,0.0920833333333333,18.857901726427627,23.904014766958937,32.658102766798436,34.38438438438438,24.418660326754775,22.702686673335776,20.297753478299533,16.040022662396886,002129.SZ
2020-07-10,25.84,0.01885114492271378,4,-0.037616387337057744,0.006749156355455588,0.028538372541457857,-0.010682945440671499,7.666666666666666,23.695548109143118,34.16407061266873,33.19587628865981,24.67708572189027,23.00147841873237,20.515096479150532,16.137534874711346,002129.SZ
2020-07-13,28.0,0.17560016863506545,0,0.08359133126934992,-0.037616387337057744,0.006749156355455588,0.028538372541457857,6.829454406714985,31.888836552048993,43.58974358974359,44.25553838227718,25.281251954273852,23.47752809313881,20.80862210741914,16.25556935356994,002129.SZ
2020-07-14,26.96,-0.011377181994504548,1,-0.037142857142857144,0.08359133126934992,-0.037616387337057744,0.006749156355455588,3.9722329348245378,20.035618878005334,39.328165374677006,42.26912928759896,25.586478871678604,23.80919208426845,21.049852613010547,16.36208110129561,002129.SZ
2020-07-15,27.98,0.42217783034411926,2,0.03783382789317513,-0.037142857142857144,0.08359133126934992,-0.037616387337057744,4.911886014248212,23.641184268669925,31.423203381869435,37.4938574938575,26.021664531373403,24.20641188576669,21.32162309877484,16.477682284367297,002129.SZ
2020-07-16,25.18,-0.2774630431268299,3,-0.10007147962830598,0.03783382789317513,-0.037142857142857144,0.08359133126934992,-6.219739292365,11.465250110668435,16.197508075680656,24.407114624505933,25.868634616578237,24.29913456331272,21.4729319968621,16.564272510393494,002129.SZ
2020-07-17,23.02,-0.0927191006766801,4,-0.08578236695790309,-0.10007147962830598,0.03783382789317513,-0.037142857142857144,-10.913312693498456,-4.083333333333339,10.196266156055533,19.522326064382135,25.35070104992765,24.177312223949603,21.53360133031849,16.628508604817437,002129.SZ
2020-07-20,24.71,-0.29175446143560546,0,0.07341442224152916,-0.08578236695790309,-0.10007147962830598,0.03783382789317513,-11.749999999999993,-5.723006486074023,16.391898257183236,26.717948717948726,25.2342099499408,24.228044393097257,21.65816598403149,16.708921454520745,002129.SZ
2020-07-21,24.84,0.018910407687962705,1,0.005261027923917361,0.07341442224152916,-0.08578236695790309,-0.10007147962830598,-7.863501483679524,-4.203625144620126,10.596616206589493,28.372093023255808,25.162535413587925,24.286325879468947,21.782943788579274,16.789827708704617,002129.SZ
2020-07-22,24.84,-0.24820974294718456,2,0.0,0.005261027923917361,0.07341442224152916,-0.08578236695790309,-11.222301644031452,-6.861642294713166,9.765797613787019,16.6744950681071,25.10389261111739,24.339056748090954,21.90282834588989,16.869928925533426,002129.SZ
2020-07-23,25.95,0.8837973929161258,3,0.04468599033816423,0.0,0.005261027923917361,0.07341442224152916,3.057982525814129,-3.3519553072625774,14.87383798140769,19.750807568066442,25.257730318186955,24.492479914939434,22.061540959776565,16.960277891448516,002129.SZ
2020-07-24,23.67,-0.2337622992573528,4,-0.08786127167630053,0.04468599033816423,0.0,0.005261027923917361,2.8236316246742055,-8.39783281733746,-1.374999999999993,13.307802776448074,24.969052078516597,24.41414849446901,22.12461778488337,17.02704129551371,002129.SZ
2020-07-27,23.39,-0.25459501257877026,0,-0.011829319814110728,-0.08786127167630053,0.04468599033816423,0.0,-5.341966815054633,-16.464285714285708,-10.759252193819158,10.174281676872354,24.68195170060449,24.316610542614818,22.174240616848728,17.090354317448895,002129.SZ
2020-07-28,22.9,0.008970314876358687,1,-0.02094912355707579,-0.011829319814110728,-0.08786127167630053,0.04468599033816423,-7.80998389694042,-15.059347181008908,-11.68530659467798,1.9590382902938464,24.357960482312762,24.181695252841976,22.20270176912917,17.148161737175773,002129.SZ
2020-07-29,23.85,-0.13132074418344974,2,0.04148471615720539,-0.02094912355707579,-0.011829319814110728,-0.08786127167630053,-3.985507246376807,-14.760543245175118,-10.573678290213728,5.391073795846224,24.265604030983166,24.150105228761788,22.267301699751556,17.214846695014824,002129.SZ
2020-07-30,23.92,0.030237789203084953,3,0.002935010482180367,0.04148471615720539,-0.02094912355707579,-0.011829319814110728,-7.822736030828503,-5.003971405877672,-10.912476722532583,5.887560867640551,24.202766934440774,24.12819044507019,22.332113397800516,17.281564638348012,002129.SZ
2020-07-31,24.33,0.11962612935757888,4,0.017140468227424543,0.002935010482180367,0.04148471615720539,-0.02094912355707579,2.7883396704689423,5.69070373588183,-5.843653250773995,1.374999999999993,24.225900219087904,24.147410402682553,22.410461892004417,17.35169832353858,002129.SZ
2020-08-03,25.24,0.09313857497051692,0,0.03740238388820383,0.017140468227424543,0.002935010482180367,0.04148471615720539,7.909362975630607,2.144880615135558,-9.857142857142865,-3.700877527661206,24.410281997435558,24.251466554808026,22.52142417074934,17.43018888748347,002129.SZ
2020-08-04,24.79,-0.15710717896006599,1,-0.017828843106180603,0.03740238388820383,0.017140468227424543,0.002935010482180367,8.25327510917031,-0.20128824476650653,-8.048961424332346,-4.3964519861164675,24.479321634265457,24.30275545435012,22.610387928759174,17.503420838851795,002129.SZ
2020-08-05,24.83,-0.043875252583787216,2,0.0016135538523598392,-0.017828843106180603,0.03740238388820383,0.017140468227424543,4.109014675052403,-0.04025764895331241,-11.25804145818442,-6.899137607799033,24.54308133712628,24.35296922060249,22.697431539396067,17.57632212403735,002129.SZ
2020-08-06,23.99,0.025956298552771706,3,-0.033830044301248474,0.0016135538523598392,-0.017828843106180603,0.03740238388820383,0.29264214046822445,-7.552986512524084,-4.725972994440042,-10.651769087523288,24.442521094012413,24.318400723402252,22.748120498635437,17.64013981434544,002129.SZ
2020-08-07,23.45,-0.18894316961786028,4,-0.022509378907878297,-0.033830044301248474,0.0016135538523598392,-0.017828843106180603,-3.6169338265515827,-0.9294465568229882,1.8679409209383158,-9.249226006191957,24.26206271328288,24.23569589260204,22.77564518496346,17.697949368431555,002129.SZ
2020-08-10,24.09,-0.15100135540833248,0,0.02729211087420036,-0.022509378907878297,-0.033830044301248474,0.0016135538523598392,-4.55625990491283,2.9927319367250904,-2.5091056252529387,-13.964285714285719,24.230778583595082,24.221820093306604,22.827188511043325,17.761551862278008,002129.SZ
2020-08-11,23.18,-0.14790555410496475,1,-0.03777501037775011,0.02729211087420036,-0.022509378907878297,-0.033830044301248474,-6.494554255748286,1.2227074235807933,-6.682769726247983,-14.020771513353115,24.03972793203234,24.12259913203931,22.841024255708295,17.815466769121013,002129.SZ
2020-08-12,22.94,0.03582591337693364,2,-0.010353753235547769,-0.03777501037775011,0.02729211087420036,-0.022509378907878297,-7.611759967780896,-3.815513626834377,-7.648953301127204,-18.01286633309507,23.83977739893555,24.00997064327366,22.844905657445224,17.866457149527772,002129.SZ
2020-08-13,23.16,-0.2903956521371639,3,0.009590235396687019,-0.010353753235547769,-0.03777501037775011,0.02729211087420036,-3.4597749062109107,-3.177257525083621,-10.751445086705203,-8.022239872915016,23.716181508219993,23.92902105819998,22.85726229832973,17.919129217691673,002129.SZ
2020-08-14,23.46,0.03291087976749174,4,0.012953367875647714,0.009590235396687019,-0.010353753235547769,-0.03777501037775011,0.04264392324093702,-3.575832305795301,-0.8871989860583018,1.9113814074717794,23.669603052179994,23.884352385990457,22.880899070944253,17.974262260301707,002129.SZ
2020-08-17,23.99,0.6493536446140895,0,0.022591645353793544,0.012953367875647714,0.009590235396687019,-0.010353753235547769,-0.4151100041511091,-4.952456418383521,2.5651988029072204,-2.9138000809388998,23.72785704269272,23.894414063515175,22.924393225024872,18.03412034726388,002129.SZ
2020-08-18,24.06,-0.18980332384794485,1,0.002917882451021203,0.022591645353793544,0.012953367875647714,0.009590235396687019,3.796376186367545,-2.944735780556673,5.065502183406112,-3.1400966183574908,23.788246671294043,23.910184152704208,22.968926824043507,18.09407934878364,002129.SZ
2020-08-19,23.03,0.03450983776320338,2,-0.04280964256026587,0.002917882451021203,0.022591645353793544,0.012953367875647714,0.39232781168265785,-7.249295207410378,-3.4381551362683394,-7.2866344605475035,23.65038364014967,23.826357090541904,22.971321850551604,18.143192987104204,002129.SZ
2020-08-20,22.81,-0.43429624871745676,3,-0.009552757273122103,-0.04280964256026587,0.002917882451021203,0.022591645353793544,-1.5112262521589037,-4.9187161317215455,-4.6404682274247655,-12.100192678227362,23.497586614667913,23.72956117715696,22.96499550347115,18.189628877779786,002129.SZ
2020-08-21,22.68,0.3178306004482718,4,-0.005699254712845159,-0.009552757273122103,-0.04280964256026587,0.002917882451021203,-3.324808184143224,-3.2835820895522394,-6.781750924784213,-4.182509505703436,23.34893450291011,23.62960296980868,22.953819209217382,18.23430918745362,002129.SZ
2020-08-24,23.35,0.1589235761441199,0,0.029541446208112943,-0.005699254712845159,-0.009552757273122103,-0.04280964256026587,-2.6677782409337047,-3.071814030718134,-7.488114104595867,-0.17101325352714136,23.349128229653726,23.602974115541187,22.9693557108167,18.28521158359836,002129.SZ
2020-08-25,22.85,-0.242177015245286,1,-0.021413276231263434,0.029541446208112943,-0.005699254712845159,-0.009552757273122103,-5.029093931837059,-1.4236410698878266,-7.825736183945131,-0.21834061135369565,23.258377642443957,23.531262295013455,22.96467509470624,18.330632363861067,002129.SZ
2020-08-26,21.03,1.3890177092623266,2,-0.07964989059080962,-0.021413276231263434,0.029541446208112943,-0.005699254712845159,-8.684324793747288,-8.326068003487364,-15.304067660088593,-11.82389937106918,22.85321807109051,23.293046838345507,22.888805483149135,18.357491743325138,002129.SZ
2020-08-27,21.48,-0.5444713461394883,3,0.021398002853066922,-0.07964989059080962,-0.021413276231263434,0.029541446208112943,-5.830775975449354,-7.253886010362698,-10.462692788661931,-10.200668896321075,22.60354205816496,23.12037571088403,22.83355820930015,18.3885614772224,002129.SZ
2020-08-28,21.74,0.05978833501135594,4,0.012104283054003684,0.021398002853066922,-0.07964989059080962,-0.021413276231263434,-4.1446208112874805,-7.331628303495319,-7.29211087420043,-10.645293875873406,22.446534411225876,22.988911357466502,22.79067357364132,18.42190912421521,002129.SZ
2020-08-31,21.67,-0.16999723833195246,0,-0.0032198712051516587,0.012104283054003684,0.021398002853066922,-0.07964989059080962,-7.194860813704496,-9.670696123384726,-10.04566210045661,-14.144215530903315,22.305346336457536,22.863300751993503,22.746725590361272,18.454228436412077,002129.SZ
2020-09-01,21.74,-0.1444314310051107,1,0.0032302722658050786,-0.0032198712051516587,0.012104283054003684,0.021398002853066922,-4.85776805251642,-9.642560266001665,-6.21225194132874,-12.303348124243652,22.202556093465255,22.75631972799412,22.707246155445144,18.486922680825888,002129.SZ
2020-09-02,21.64,-0.07401530707485537,2,-0.004599816007359592,0.0032302722658050786,-0.0032198712051516587,0.012104283054003684,2.900618164526869,-6.035605731654369,-5.666957279860507,-12.84736206202174,22.10027316738066,22.650003563423255,22.66539336503553,18.518296584499264,002129.SZ
2020-09-03,21.29,0.06422403655545472,3,-0.016173752310536083,-0.004599816007359592,0.0032302722658050786,-0.0032198712051516587,-0.8845437616387342,-6.663743971942127,-8.074265975820383,-11.254689453939138,21.952950773311446,22.520479414525802,22.611456370328256,18.54587572296196,002129.SZ
2020-09-04,21.72,0.5053434150499614,4,0.0201972757162987,-0.016173752310536083,-0.004599816007359592,0.0032302722658050786,-0.09199632014719183,-4.232804232804233,-7.416879795396425,-7.377398720682304,21.91059608725482,22.444243279809058,22.57649729698205,18.577459049101645,002129.SZ
2020-09-07,21.64,0.22416685891654975,0,-0.0036832412523019054,0.0201972757162987,-0.016173752310536083,-0.004599816007359592,-0.13844023996308907,-7.323340471092077,-9.795748228428502,-10.170195101701951,21.861396798663034,22.367648681732007,22.539771912786676,18.60793209338919,002129.SZ
2020-09-08,21.17,-0.35126221742519637,1,-0.021719038817005543,-0.0036832412523019054,0.0201972757162987,-0.016173752310536083,-2.6218951241950172,-7.3522975929978145,-12.011637572734813,-8.671268334771343,21.735688289815208,22.253586902519437,22.486055367187202,18.633425306390297,002129.SZ
2020-09-09,20.33,0.18077984498171196,2,-0.03967879074161562,-0.021719038817005543,-0.0036832412523019054,0.0201972757162987,-6.053604436229221,-3.3285782215882187,-11.723838471558846,-11.377506538796878,21.480108600757895,22.070388149898537,22.401504176317115,18.650306646625218,002129.SZ
2020-09-10,20.21,-0.356515029522276,3,-0.005902606984751424,-0.03967879074161562,-0.021719038817005543,-0.0036832412523019054,-5.072804133395947,-5.912476722532589,-11.398509425690474,-12.737478411053537,21.24917976425646,21.893208326098677,22.315562836069386,18.665825983474722,002129.SZ
2020-09-11,22.03,1.192638548563683,4,0.0900544285007423,-0.005902606984751424,-0.03967879074161562,-0.021719038817005543,1.4272559852670508,1.3339466421343316,-2.865961199294531,-6.095481670929237,21.391147079846192,21.90623610456547,22.30436429347843,18.69930035179836,002129.SZ
2020-09-14,21.71,0.13513406408762707,0,-0.014525646845211071,0.0900544285007423,-0.005902606984751424,-0.03967879074161562,0.32347504621073053,0.1845869866174299,-7.023554603854388,-9.503959983326371,21.449120338055977,21.88754695174971,22.28105588981261,18.72925756222823,002129.SZ
2020-09-15,21.83,-0.4533064285265429,1,0.005527406725011508,-0.014525646845211071,0.0900544285007423,-0.005902606984751424,3.117619272555494,0.4139834406623688,-4.463894967177251,-9.268495428096424,21.51837118568216,21.882066289678306,22.26336742354545,18.760110720813024,002129.SZ
2020-09-16,22.55,1.2177450254157196,2,0.03298213467705002,0.005527406725011508,-0.014525646845211071,0.0900544285007423,10.919822921790479,4.205175600739364,7.227769852591526,-2.084237950499346,21.705940061012676,21.94567902399466,22.274607916739747,18.797821061899462,002129.SZ
2020-09-17,23.3,0.10212214575714817,3,0.03325942350332589,0.03298213467705002,0.005527406725011508,-0.014525646845211071,15.28946066303809,9.441052137153605,8.472998137802602,2.1481806225339906,21.99576914082855,22.074661974090407,22.314819370985248,18.84261886227857,002129.SZ
2020-09-18,23.16,-0.3933628734755301,4,-0.006008583690987113,0.03325942350332589,0.03298213467705002,0.005527406725011508,5.129369042215148,6.629834254143652,6.531738730450787,2.1164021164021163,22.20744747885972,22.178027500367513,22.347963709377986,18.885577878574306,002129.SZ
2020-09-21,23.03,-0.28626062688958376,0,-0.005613126079447306,-0.006008583690987113,0.03325942350332589,0.03298213467705002,6.0801473975126585,6.42329020332717,6.275957544993083,-1.3704496788008558,22.357002482703408,22.25916773842775,22.37471023057885,18.92681590963327,002129.SZ
2020-09-22,22.22,-0.03514234338607103,1,-0.03517151541467656,-0.005613126079447306,-0.006008583690987113,0.03325942350332589,1.7865322950068707,4.9598488427019305,2.2079116835326706,-2.7571115973741955,22.332092940393697,22.255437477625104,22.368643162713013,18.959583910532444,002129.SZ
2020-09-23,23.06,0.5132268514465108,2,0.03780378037803778,-0.03517151541467656,-0.005613126079447306,-0.006008583690987113,2.26164079822615,13.428430890309894,6.561922365988893,9.652876842605785,22.464439678503933,22.332062479756047,22.3957551955478,19.000384070626648,002129.SZ
2020-09-24,22.21,-0.2163013291013688,3,-0.03686036426712913,0.03780378037803778,-0.03517151541467656,-0.005613126079447306,-4.678111587982836,9.896091044037615,4.321277595115092,3.3985102420856617,22.418177918775946,22.320437481684042,22.388470678075336,19.03232054753584,002129.SZ
2020-09-25,21.81,-0.31105837683910764,4,-0.01800990544799652,-0.03686036426712913,0.03780378037803778,-0.03517151541467656,-5.829015544041461,-0.9986382206082722,0.4143646408839796,0.3219871205151881,22.307600115362135,22.271824388190325,22.365785553444933,19.059959149052897,002129.SZ
2020-09-28,22.0,0.2641835828664154,0,0.008711600183402224,-0.01800990544799652,-0.03686036426712913,0.03780378037803778,-4.472427268779855,1.3357899585444422,1.6635859519408491,1.522842639593902,22.251672821659927,22.245936351219818,22.35144102193729,19.089213286873267,002129.SZ
2020-09-29,22.09,-0.3082260623160852,1,0.004090909090909145,0.008711600183402224,-0.01800990544799652,-0.03686036426712913,-0.5850585058505775,1.1910215300045879,4.345772319319785,1.609935602575896,22.2222777631763,22.231085270151265,22.34118843284171,19.119071861133236,002129.SZ
2020-09-30,22.15,0.10678150054266,2,0.0027161611588952805,0.004090909090909145,0.008711600183402224,-0.01800990544799652,-3.9462272333044224,-1.7738359201773912,8.952287260206603,2.356746765249529,22.2091363516897,22.223362863470193,22.333690847240074,19.149230350077183,002129.SZ
2020-10-09,23.6,2.3619397083478315,4,0.06546275395033874,0.0027161611588952805,0.004090909090909145,0.008711600183402224,6.258442143178744,1.2875536480686733,16.773874319643745,10.850164396430252,22.46202065138248,22.354471162187316,22.383350029701248,19.193516615250545,002129.SZ
2020-10-12,24.19,-0.04288631081754968,0,0.02499999999999991,0.06546275395033874,0.0027161611588952805,0.004090909090909145,10.912425492893174,4.447322970639034,9.804811620517473,11.372007366482517,22.776198714767485,22.52928343245519,22.454199048144336,19.24323286783512,002129.SZ
2020-10-13,25.12,0.15212390511487062,1,0.03844563869367512,0.02499999999999991,0.06546275395033874,0.0027161611588952805,14.181818181818183,9.075119409465904,15.707047443574385,16.081330868761555,23.202344402991578,22.776018343649937,22.558740261942596,19.30170816268253,002129.SZ
2020-10-14,24.75,-0.4169030909362401,2,-0.014729299363057335,0.03844563869367512,0.02499999999999991,0.06546275395033874,12.041647804436394,11.386138613861396,13.37608795235914,16.910722720831362,23.48373632972038,22.96401659663566,22.64467201637622,19.355920021760316,002129.SZ
2020-10-15,24.92,0.13321382842509588,3,0.006868686868686913,-0.014729299363057335,0.03844563869367512,0.02499999999999991,12.505643340857798,8.065915004336532,10.50997782705101,22.57747171667488,23.744875178862127,23.15030073028941,22.733900564753622,19.4112840016433,002129.SZ
2020-10-16,23.46,0.2672227889619194,4,-0.058587479935794606,0.006868686868686913,-0.014729299363057335,0.03844563869367512,-0.5932203389830581,5.628095452498871,0.6866952789699621,16.081147946561103,23.693079691796285,23.179795898833277,22.762375052410345,19.45156973297023,002129.SZ
2020-10-19,23.29,-0.580261884139196,0,-0.007246376811594235,-0.058587479935794606,0.006868686868686913,-0.014729299363057335,-3.7205456800330827,6.785878037597426,0.5613126079447195,5.719473445301859,23.61979247510605,23.19029152751582,22.78306622682563,19.489763068960578,002129.SZ
2020-10-20,23.81,-0.08134058410817913,1,0.02232717904680115,-0.007246376811594235,-0.058587479935794606,0.006868686868686913,-5.21496815286625,8.227272727272727,3.3868866695614397,9.67296176877015,23.654375661450402,23.249311382038123,22.823338139499132,19.532750501110225,002129.SZ
2020-10-21,23.4,-0.03969292160515847,2,-0.017219655606887874,0.02232717904680115,-0.007246376811594235,-0.058587479935794606,-5.454545454545457,5.93028519692167,5.310531053105305,7.1919377004122875,23.60812554118669,23.263662678986872,22.84595233010701,19.571230595626545,002129.SZ
2020-10-22,23.0,-0.1245923744788584,3,-0.017094017094017033,-0.017219655606887874,0.02232717904680115,-0.007246376811594235,-7.704654895666141,3.8374717832957206,-0.2601908065914982,1.9955654101995624,23.49755726097093,23.238551947654788,22.851993415200855,19.605347704127777,002129.SZ
2020-10-23,22.1,0.6029203734557227,4,-0.03913043478260858,-0.017094017094017033,-0.017219655606887874,0.02232717904680115,-5.797101449275354,-6.355932203389825,-0.49527239981990157,-5.150214592274671,23.243455940794398,23.13011842883052,22.82250347734984,19.63017011503198,002129.SZ
2020-10-26,22.95,-0.1055294613702551,0,0.038461538461538325,-0.03913043478260858,-0.017094017094017033,-0.017219655606887874,-1.4598540145985384,-5.126085159156679,5.226960110041268,-0.90673575129534,23.190100315195416,23.112964292751425,22.827503340983178,19.663203248215744,002129.SZ
2020-10-27,22.78,-0.5152216095331017,1,-0.007407407407407307,0.038461538461538325,-0.03913043478260858,-0.017094017094017033,-4.325913481730359,-9.315286624203821,3.5454545454545405,-1.0855405992184153,23.115536621523525,23.08125340772748,22.825640464866193,19.694216151218573,002129.SZ
2020-10-28,23.05,1.3354740960177294,2,0.011852502194907855,-0.007407407407407307,0.038461538461538325,-0.03913043478260858,-1.4957264957264904,-6.8686868686868685,4.345857854232693,3.7353735373537367,23.10362087215561,23.078276892705816,22.834438878008694,19.727607035286052,002129.SZ
2020-10-29,23.81,0.20277506124306477,3,0.03297180043383929,0.011852502194907855,-0.007407407407407307,0.038461538461538325,3.5217391304347867,-4.454253611556991,7.494356659142221,3.2523850823937606,23.23205344085459,23.147964807686215,22.872696176910313,19.768227860805595,002129.SZ
2020-10-30,23.34,0.13302312850691123,4,-0.01973960520789575,0.03297180043383929,0.011852502194907855,-0.007407407407407307,5.61085972850679,-0.5115089514066584,-1.1016949152542477,5.087798289058987,23.251680087971934,23.166253873620864,22.891021817031476,19.803767882091112,002129.SZ
2020-11-02,23.75,-0.061985320761956175,0,0.01756640959725786,-0.01973960520789575,0.03297180043383929,0.011852502194907855,3.4858387799564294,1.9750966079862708,-1.8189334435717242,8.895002292526378,23.342283708340673,23.221848742799832,22.924707235971418,19.843033873314084,002129.SZ
2020-11-03,23.9,-0.04541770502730669,1,0.0063157894736840525,0.01756640959725786,-0.01973960520789575,0.03297180043383929,4.9165935030728525,0.37799244015119804,-4.856687898089184,8.636363636363619,23.44368667046055,23.286434576818895,22.962954011031364,19.883401695470166,002129.SZ
2020-11-04,23.85,0.39497552034152505,2,-0.0020920502092048876,0.0063157894736840525,0.01756640959725786,-0.01973960520789575,3.470715835141003,1.9230769230769384,-3.6363636363636265,7.967406066093252,23.517561821285902,23.340107474264716,22.99774012824582,19.922870335316237,002129.SZ
2020-11-05,23.99,-0.26030864794452757,3,0.005870020964360512,-0.0020920502092048876,0.0063157894736840525,0.01756640959725786,0.7559848803023961,4.304347826086952,-3.731942215088291,8.306997742663658,23.60345967196119,23.40200200052522,23.036652280079316,19.963339287203638,002129.SZ
2020-11-06,22.72,0.3398186669947785,4,-0.05293872446852854,0.005870020964360512,-0.0020920502092048876,0.0063157894736840525,-2.65638389031706,2.8054298642533837,-3.154305200341012,-3.7288135593220417,23.44283064069552,23.337049429046626,23.02423454360562,19.990768747032458,002129.SZ
2020-11-09,24.3,0.3259616819533251,0,0.06954225352112675,-0.05293872446852854,0.005870020964360512,-0.0020920502092048876,2.3157894736842044,5.882352941176472,4.336625161013319,0.4547333608929227,23.598679615114513,23.42875900723266,23.074264561503437,20.033646669947558,002129.SZ
2020-11-10,24.59,-0.03217512131141864,1,0.011934156378600846,0.06954225352112675,-0.05293872446852854,0.005870020964360512,2.8870292887029247,7.945566286215966,3.275934481310383,-2.109872611464969,23.77891968509369,23.539353387496217,23.133705166934675,20.078983519002808,002129.SZ
2020-11-11,23.6,-0.35256995133819957,2,-0.04026026840178931,0.011934156378600846,0.06954225352112675,-0.05293872446852854,-1.0482180293501009,2.386117136659438,0.8547008547008739,-4.6464646464646435,23.74638883325847,23.545129255353718,23.15199123881959,20.114018508863477,002129.SZ
2020-11-12,23.14,-0.1889951987841525,3,-0.019491525423728895,-0.04026026840178931,0.011934156378600846,0.06954225352112675,-3.543142976240088,-2.813943721125567,0.6086956521739184,-7.142857142857151,23.636136318120567,23.506545516748602,23.15152099416,20.144127777432,002129.SZ
2020-11-13,23.08,-0.32218029421535477,4,-0.002592912705272399,-0.019491525423728895,-0.04026026840178931,0.011934156378600846,1.5845070422535246,-1.1139674378748965,4.4343891402714775,-1.6197783461210702,23.535020623916825,23.465922134201115,23.14871624929098,20.173340436363027,002129.SZ
2020-11-16,23.21,-0.25352502073541605,0,0.0056325823223570826,-0.002592912705272399,-0.019491525423728895,-0.04026026840178931,-4.485596707818928,-2.2736842105263166,1.1328976034858496,-0.3434950622584698,23.475925965022853,23.44154859761053,23.15111953363251,20.203555954409165,002129.SZ
2020-11-17,22.06,1.5116329966329967,1,-0.04954760878931508,0.0056325823223570826,-0.002592912705272399,-0.019491525423728895,-10.28873525823506,-7.698744769874477,-3.160667251975424,-7.349853002939943,23.21848488047324,23.309972540695245,23.108330532313587,20.222028034464795,002129.SZ
2020-11-18,21.46,0.3197914083289206,2,-0.027198549410697992,-0.04954760878931508,0.0056325823223570826,-0.002592912705272399,-9.067796610169498,-10.020964360587003,-6.898047722342737,-8.290598290598282,22.898760356750834,23.13378467967665,23.04369011928168,20.234346163475095,002129.SZ
2020-11-19,21.49,-0.6174676614136038,3,0.0013979496738116826,-0.027198549410697992,-0.04954760878931508,0.0056325823223570826,-7.130509939498708,-10.421008753647353,-9.74380512389752,-6.5652173913043566,22.642622110068864,22.977233757802686,22.98276109499613,20.246840231500222,002129.SZ
2020-11-20,22.61,0.9158667569469336,4,0.05211726384364823,0.0013979496738116826,-0.027198549410697992,-0.04954760878931508,-2.0363951473136854,-0.48415492957746276,-3.127677806341045,2.3076923076922995,22.636690817329068,22.94225911420243,22.96814301283942,20.270354259047483,002129.SZ
2020-11-23,22.88,-0.10847856969612968,0,0.011941618752764338,0.05211726384364823,0.0013979496738116826,-0.027198549410697992,-1.4218009478673022,-5.843621399176957,-3.663157894736846,-0.3050108932461937,22.680928850541964,22.936329674754578,22.96468642410062,20.296320883335568,002129.SZ
2020-11-24,22.8,-0.3992040481613046,1,-0.0034965034965034336,0.011941618752764338,0.05211726384364823,0.0013979496738116826,3.354487760652769,-7.279381862545742,-4.602510460251041,0.08779631255486642,22.702578150443422,22.923345896206524,22.95822813295942,20.32123311335213,002129.SZ
2020-11-25,22.81,-0.11446055917094677,2,0.000438596491227905,-0.0034965034965034336,0.011941618752764338,0.05211726384364823,6.290773532152838,-3.347457627118655,-4.36058700209645,-1.0412147505423075,22.722109395817345,22.91255104894876,22.952415265000226,20.345996962970517,002129.SZ
2020-11-26,22.47,-0.17355287379832285,3,-0.014905743095133706,0.000438596491227905,-0.0034965034965034336,0.011941618752764338,4.56026058631922,-2.895419187554027,-6.335973322217592,-5.627887442251156,22.676271323850553,22.87040333000126,22.933497019313947,20.367131321547927,002129.SZ
2020-11-27,22.47,0.01021797160888882,4,0.0,-0.014905743095133706,0.000438596491227905,-0.0034965034965034336,-0.6191950464396356,-2.6429809358752165,-1.1003521126760618,-3.7275064267352276,22.638767446786815,22.83226967952495,22.91532066561536,20.388055388000186,002129.SZ
2020-11-30,22.31,0.10088371686061759,0,-0.007120605251446421,0.0,-0.014905743095133706,0.000438596491227905,-2.4912587412587395,-3.877638948729001,-8.189300411522638,-6.0631578947368485,22.578991547371032,22.782529710046383,22.891582600297113,20.407179214985263,002129.SZ
2020-12-01,22.72,0.1905420441901129,1,0.018377409233527597,-0.007120605251446421,0.0,-0.014905743095133706,-0.35087719298246833,2.9918404351767958,-7.604717364782432,-4.93723849372385,22.604629447849028,22.776574499565776,22.884853870873698,20.430192357124714,002129.SZ
2020-12-02,23.96,1.6111593254736505,2,0.05457746478873249,0.018377409233527597,-0.007120605251446421,0.0,5.041648399824639,11.649580615097864,1.5254237288135464,0.4612159329140386,22.85106045733102,22.889281690083322,22.92701646417277,20.465314821232926,002129.SZ
2020-12-03,23.72,-0.42775914260001646,3,-0.010016694490818101,0.05457746478873249,0.018377409233527597,-0.007120605251446421,5.5629728526924715,10.376919497440662,2.506482281763178,-1.1254689453939148,23.009049465089014,22.968397719599196,22.95811385773462,20.49769974838484,002129.SZ
2020-12-04,24.18,0.2662270355279148,4,0.019392917369308593,-0.010016694490818101,0.05457746478873249,0.018377409233527597,7.6101468624833135,6.9438301636444155,4.766031195840559,6.426056338028174,23.221949562345557,23.0837884129707,23.00603096135287,20.534339551883498,002129.SZ
2020-12-07,24.12,-0.2433277348877253,0,-0.002481389578163684,0.019392917369308593,-0.010016694490818101,0.05457746478873249,8.11295383236219,5.419580419580439,3.920723825937089,-0.7407407407407418,23.38523146010091,23.182475230783012,23.049716021691975,20.570017765297592,002129.SZ
2020-12-08,23.74,-0.24344136162275587,1,-0.01575456053068003,-0.002481389578163684,0.019392917369308593,-0.010016694490818101,4.489436619718301,4.122807017543839,7.61559383499546,-3.4566897112647488,23.449734830991652,23.2355728278513,23.076785981625623,20.601559877085677,002129.SZ
2020-12-09,22.75,0.39272946919454643,2,-0.041701769165964575,-0.01575456053068003,-0.002481389578163684,0.019392917369308593,-5.050083472454093,-0.2630425252082347,6.011183597390479,-3.601694915254239,23.322510316265895,23.189327796627367,23.063970845091283,20.622937390746515,002129.SZ
2020-12-10,23.7,0.42480594082190826,3,0.04175824175824183,-0.041701769165964575,-0.01575456053068003,-0.002481389578163684,-0.0843170320404707,5.473965287049398,10.283852954862738,2.420051858254091,23.39114480421755,23.237963244567617,23.088913164891625,20.653554929147045,002129.SZ
2020-12-11,22.9,-0.013772239340025916,4,-0.03375527426160341,0.04175824175824183,-0.041701769165964575,-0.01575456053068003,-5.2936311000827185,1.9136626613262209,1.2826183104820865,-0.7798960138648114,23.30184574890527,23.20577626889451,23.081504805484112,20.675907616419217,002129.SZ
2020-12-14,24.03,0.2664667829855316,0,0.04934497816593897,-0.03375527426160341,0.04175824175824183,-0.041701769165964575,-0.3731343283582045,7.709547288211582,5.026223776223793,3.5329599310641946,23.434237430922494,23.284273767095033,23.118700695465126,20.709281669987185,002129.SZ
2020-12-15,24.8,0.7125279141363652,1,0.0320432792342904,0.04934497816593897,-0.03375527426160341,0.04175824175824183,4.465037910699254,9.154929577464799,8.771929824561408,12.420670897552144,23.682557898027497,23.428628646419316,23.184634001525318,20.749985334962435,002129.SZ
2020-12-16,24.9,-0.3448998913820044,2,0.004032258064516014,0.0320432792342904,0.04934497816593897,-0.03375527426160341,9.450549450549438,3.923205342237046,9.162647961420433,16.02982292637465,23.903911007477042,23.568759251522238,23.251903256367463,20.79127901322152,002129.SZ
2020-12-17,24.66,-0.30191339197049216,3,-0.009638554216867434,0.004032258064516014,0.0320432792342904,0.04934497816593897,4.0506329113924044,3.9629005059022004,9.746328437917228,14.75104699860401,24.041381733390306,23.672686941853453,23.307122736509918,20.82977374940837,002129.SZ
2020-12-18,25.15,0.1808707911549159,4,0.019870235198702346,-0.009638554216867434,0.004032258064516014,0.0320432792342904,9.825327510917026,4.011579818031419,11.92701379617267,11.23396727111896,24.2429486909557,23.813383423581694,23.37939243311737,20.872761075284906,002129.SZ
2020-12-21,26.33,0.6450547736720678,0,0.04691848906560625,0.019870235198702346,-0.009638554216867434,0.004032258064516014,9.571369121930907,9.162520729684886,18.01882563872703,15.078671328671334,24.622412565327387,24.053061192764392,23.495102533779434,20.92706196010794,002129.SZ
2020-12-22,25.03,-0.20124357209874033,1,-0.04937333839726532,0.04691848906560625,0.019870235198702346,-0.009638554216867434,0.92741935483871,5.433866891322681,10.167253521126774,9.780701754385968,24.696519371631496,24.14610298392969,23.55529459127828,20.96788721423622,002129.SZ
2020-12-23,26.7,0.2871029001285126,2,0.0667199360767079,-0.04937333839726532,0.04691848906560625,0.019870235198702346,7.2289156626506035,17.36263736263737,11.435726210350584,17.053923717667697,25.060788576789406,24.389331271174484,23.678616372012467,21.024923162353275,002129.SZ
2020-12-24,26.8,-0.2580266659883046,3,0.0037453183520599342,0.0667199360767079,-0.04937333839726532,0.04691848906560625,8.67802108678022,13.080168776371304,12.984822934232731,19.270137961726764,25.377008835554967,24.618918769157865,23.80102357311002,21.08238661347414,002129.SZ
2020-12-25,27.89,0.01839820346450205,4,0.04067164179104488,0.0037453183520599342,0.0667199360767079,-0.04937333839726532,10.894632206759457,21.79039301310044,15.343258891645984,24.121050289274603,25.833916319999517,24.930450314952353,23.961375589850803,21.150124060106236,002129.SZ
2020-12-28,27.09,-0.12665855885806143,0,-0.02868411617067057,0.04067164179104488,0.0037453183520599342,0.0667199360767079,2.886441321686295,12.734082397003732,12.313432835820892,21.425369789332137,26.062295170908694,25.13612171352832,24.08406674318999,21.20922730328926,002129.SZ
2020-12-29,25.24,0.16949593558614784,1,-0.06829088224437063,-0.02868411617067057,0.04067164179104488,0.0037453183520599342,0.8389932081502183,1.7741935483870819,6.3184498736309935,11.09154929577465,25.912786958016202,25.146014883668478,24.129397459143323,21.24933449430131,002129.SZ
2020-12-30,25.18,-0.30563349525563543,2,-0.002377179080824021,-0.06829088224437063,-0.02868411617067057,0.04067164179104488,-5.692883895131084,1.1244979919678766,10.681318681318675,5.091819699499167,25.779552965649618,25.149251561414335,24.170597558784763,21.2884455938605,002129.SZ
2020-12-31,25.5,0.2546030653478035,3,0.012708498808578161,-0.002377179080824021,-0.06829088224437063,-0.02868411617067057,-4.850746268656714,3.406326034063256,7.594936708860756,7.504215851602036,25.728725153713324,25.18265617461297,24.222730987852028,21.33035160785194,002129.SZ
2021-01-04,26.72,0.5236831774949513,0,0.04784313725490197,0.012708498808578161,-0.002377179080824021,-0.06829088224437063,-4.195051989960563,6.242544731610344,16.681222707423583,10.504549214226632,25.908956943947263,25.329069872268878,24.320663105975477,21.38397995006237,002129.SZ
2021-01-05,27.18,-0.2039402414305802,1,0.017215568862275488,0.04784313725490197,0.012708498808578161,-0.002377179080824021,0.33222591362125353,3.2282567413596697,13.108614232209725,12.686567164179108,26.140055681411397,25.505348932052794,24.432793964564674,21.441651791355284,002129.SZ
2021-01-06,26.48,-0.20054901135065362,2,-0.02575423105224428,0.017215568862275488,0.04784313725490197,0.012708498808578161,4.912836767036466,5.793048341989615,6.774193548387086,11.541701769165979,26.201863739336595,25.59817284328586,24.51307655418959,21.49178460935175,002129.SZ
2021-01-07,29.13,1.6481943929609613,3,0.1000755287009063,-0.02575423105224428,0.017215568862275488,0.04784313725490197,15.687053216838764,9.101123595505612,16.987951807228917,28.043956043956044,26.734252150366302,25.93453733440149,24.694132375593917,21.56778675254228,002129.SZ
2021-01-08,30.31,-0.03260497206024815,4,0.040508067284586335,0.1000755287009063,-0.02575423105224428,0.017215568862275488,18.862745098039202,13.097014925373118,22.911597729115975,27.890295358649798,27.384388123026973,26.351248064458492,24.9143624785118,21.654773949034396,002129.SZ
2021-01-11,29.12,-0.14489263228437455,0,-0.0392609699769052,0.040508067284586335,0.1000755287009063,-0.02575423105224428,8.982035928143727,4.410182861240597,15.785288270377752,27.161572052401752,27.69995391884025,26.614938724986256,25.07928944013879,21.72905480526291,002129.SZ
2021-01-12,32.03,0.020378674195027813,1,0.09993131868131866,-0.0392609699769052,0.040508067284586335,0.1000755287009063,17.844002943340698,18.23551125876708,21.64830991264719,33.29171868497711,28.487235024505658,27.130658846416136,25.351866324839232,21.83155177237472,002129.SZ
2021-01-13,32.34,0.11597886968987514,2,0.009678426475179691,0.09993131868131866,-0.0392609699769052,0.040508067284586335,22.12990936555892,28.129952456418405,29.204954055133857,30.40322580645163,29.187737747322814,27.626786575328886,25.625910782688678,21.93611344628144,002129.SZ
2021-01-14,30.15,-0.1785778528581372,3,-0.06771799628942499,0.009678426475179691,0.09993131868131866,-0.0392609699769052,3.501544799176104,19.73788721207308,12.921348314606739,21.084337349397586,29.362694520536845,27.867092615773753,25.80332604611265,22.0178436607463,002129.SZ
2021-01-15,29.27,-0.28870222175674454,4,-0.029187396351575412,-0.06771799628942499,0.009678426475179691,0.09993131868131866,-3.431210821511055,14.784313725490183,9.21641791044776,18.694241686942426,29.345840971348323,28.00070284284292,25.939274044304312,22.090004420340865,002129.SZ
2021-01-18,30.39,-0.20373190018371712,0,0.0382644345746499,-0.029187396351575412,-0.06771799628942499,0.009678426475179691,4.361263736263732,13.73502994011977,8.963786303334519,20.834990059642156,29.535688067466808,28.228254953048356,26.113812317076693,22.17259144103399,002129.SZ
2021-01-19,28.76,0.0846319363894632,1,-0.05363606449489955,0.0382644345746499,-0.029187396351575412,-0.06771799628942499,-10.209178894786142,5.813097866077999,6.164636397194534,9.229016331181183,29.394653873381934,28.278897338472323,26.21758438307369,22.23813779485455,002129.SZ
2021-01-20,29.15,-0.09923823841665191,2,0.01356050069541026,-0.05363606449489955,0.0382644345746499,-0.029187396351575412,-9.863945578231304,10.083081570996978,15.491283676703649,16.460247702756693,29.350171350948855,28.361859496713052,26.332581073933547,22.306912543164454,002129.SZ
2021-01-21,30.16,0.38125553825374037,3,0.034648370497427194,0.01356050069541026,-0.05363606449489955,0.0382644345746499,0.03316749585406953,3.535873669756273,19.777601270849885,12.958801498127336,29.497412923503607,28.53311097321657,26.48267593377929,22.385052716864312,002129.SZ
2021-01-22,31.0,0.021126979875804253,4,0.027851458885941538,0.034648370497427194,0.01356050069541026,-0.05363606449489955,5.910488554834292,2.2764764104256097,21.568627450980383,15.671641791044767,29.770610573775677,28.768052785291182,26.659825897160495,22.470773585353225,002129.SZ
2021-01-25,30.42,0.17024001951874101,0,-0.01870967741935481,0.027851458885941538,0.034648370497427194,0.01356050069541026,0.09871668311944859,4.464285714285721,13.847305389221564,9.071351738974553,29.888681378543733,28.925381091453925,26.807283705114983,22.54987036559847,002129.SZ
2021-01-26,31.75,0.005829923640249035,1,0.0437212360289283,-0.01870967741935481,0.027851458885941538,0.034648370497427194,10.396383866481207,-0.8741804558226707,16.813833701250914,17.20191952750092,30.227102946081235,29.194392416077363,27.001115716679102,22.64141394405023,002129.SZ
2021-01-27,31.56,-0.0968423125455049,2,-0.00598425196850394,0.0437212360289283,-0.01870967741935481,0.027851458885941538,8.26758147512865,-2.4118738404452778,19.18429003021147,25.039619651347067,30.469447864975553,29.41968837645095,27.17989549249561,22.730156093860675,002129.SZ
2021-01-28,29.01,-0.20100065696802094,3,-0.08079847908745241,-0.00598425196850394,0.0437212360289283,-0.01870967741935481,-3.812997347480096,-3.7810945273631713,-0.4119464469618861,15.210484511517075,30.204093707707273,29.380670435836574,27.251664296711468,22.79264210287699,002129.SZ
2021-01-29,27.26,0.04150688669625291,4,-0.06032402619786281,-0.08079847908745241,-0.00598425196850394,0.0437212360289283,-12.064516129032254,-6.86709941920054,-10.062685582316055,6.901960784313732,29.668803942669584,29.178701822899757,27.25199118703651,22.83709342523642,002129.SZ
2021-02-01,27.78,-0.33562130259111644,0,0.019075568598679427,-0.06032402619786281,-0.08079847908745241,-0.00598425196850394,-8.678500986193294,-8.588351431391905,-4.601648351648347,3.967065868263475,29.325385044002385,29.04549212548073,27.272697414995864,22.88627657523407,002129.SZ
2021-02-02,28.29,-0.10430428352748877,1,0.018358531317494542,0.019075568598679427,-0.06032402619786281,-0.08079847908745241,-10.897637795275594,-1.6342141863699644,-11.676553231345622,4.083885209713012,29.137133217820132,28.973540494482563,27.312591634015636,22.9400449675203,002129.SZ
2021-02-03,27.98,0.17478304193170868,2,-0.01095793566631309,0.018358531317494542,0.019075568598679427,-0.06032402619786281,-11.343472750316852,-4.013722126929665,-13.48175633889921,5.664652567975836,28.92674536003465,28.87891759024613,27.338764511113062,22.99019377381363,002129.SZ
2021-02-04,27.7,-0.21798070853716267,3,-0.010007147962830643,-0.01095793566631309,0.018358531317494542,0.019075568598679427,-4.515684246811446,-8.156498673740053,-8.126036484245436,-4.909028492962586,28.703700749119257,28.766639724508405,27.352930608716473,23.037057517357773,002129.SZ
2021-02-05,26.66,0.47342998215423027,4,-0.03754512635379059,-0.010007147962830643,-0.01095793566631309,0.018358531317494542,-2.2010271460014774,-14.000000000000002,-8.916979842842498,-12.042230287033973,28.332118794733937,28.56600736979332,27.325756859355046,23.073106696289535,002129.SZ
2021-02-08,26.32,-0.3569447654263924,0,-0.01275318829707428,-0.03754512635379059,-0.010007147962830643,-0.01095793566631309,-5.255579553635714,-13.477975016436561,-13.392563343205,-9.615384615384615,27.96627901387322,28.35210190600348,27.286315413890144,23.105414092346358,002129.SZ
2021-02-09,27.55,0.06646700608964773,1,0.04673252279635265,-0.01275318829707428,-0.03754512635379059,-0.010007147962830643,-2.615765288087657,-13.228346456692908,-4.207232267037552,-13.986887293162663,27.89059192044172,28.27571124828886,27.296655985894454,23.1496388277459,002129.SZ
2021-02-10,28.09,0.15411689819148533,2,0.019600725952813036,0.04673252279635265,-0.01275318829707428,-0.03754512635379059,0.393137955682632,-10.994930291508231,-3.6363636363636376,-13.14162028447744,27.92684793490686,28.258024462737538,27.327767515859378,23.198796650355394,002129.SZ
2021-02-18,27.71,0.14997458607749614,3,-0.013527945888216375,0.019600725952813036,0.04673252279635265,-0.01275318829707428,0.03610108303249149,-4.481213374698378,-8.123342175066306,-8.092868988391366,27.887421037651066,28.205831656762534,27.34275702504136,23.243684245874245,002129.SZ
2021-02-19,26.91,0.20775459153446119,4,-0.028870443883074692,-0.013527945888216375,0.019600725952813036,0.04673252279635265,0.9377344336084059,-1.2839325018341952,-13.193548387096776,-8.06286299965835,27.709708121714506,28.082419118023246,27.325786161314248,23.280164999646644,002129.SZ
2021-02-22,28.75,0.30848951560784554,0,0.06837606837606836,-0.028870443883074692,-0.013527945888216375,0.019600725952813036,9.232522796352583,3.4917206623469976,-5.489809335963192,-5.396512010529786,27.898852099584595,28.14599824964008,27.381637684399966,23.334591218555634,002129.SZ
2021-02-23,27.35,-0.35386615728839377,1,-0.04869565217391303,0.06837606837606836,-0.028870443883074692,-0.013527945888216375,-0.7259528130671433,-3.3227288794626997,-13.858267716535433,-4.9026425591098715,27.79906080875103,28.0701888925315,27.380396990894088,23.37454553478891,002129.SZ
2021-02-24,26.86,-0.24734416083771182,2,-0.017915904936014693,-0.04869565217391303,0.06837606837606836,-0.028870443883074692,-4.378782484870058,-4.002859185132246,-14.89226869455006,-7.855917667238421,27.628322479887203,27.9549328075285,27.359989265760987,23.40922667374624,002129.SZ
2021-02-25,26.65,-0.3613420700034873,3,-0.007818317200297908,-0.017915904936014693,-0.04869565217391303,0.06837606837606836,-3.8253338145074034,-3.7906137184115507,-8.13512581868322,-11.637931034482762,27.450445665362253,27.830653492525787,27.33214654945664,23.441473174504985,002129.SZ
2021-02-26,26.28,-0.08172395294478296,4,-0.013883677298311303,-0.007818317200297908,-0.017915904936014693,-0.04869565217391303,-2.341137123745818,-1.4253563390847712,-3.5950110051357287,-15.2258064516129,27.237637362569114,27.68297220752333,27.29088590045834,23.46971722251986,002129.SZ
2021-03-01,26.94,-0.05495686282691936,0,0.02511415525114158,-0.013883677298311303,-0.007818317200297908,-0.017915904936014693,-6.2956521739130356,2.3556231003039496,-3.0237580993520474,-11.439842209072982,27.183521478465636,27.612212949663967,27.277125669067814,23.50424739941021,002129.SZ
2021-03-02,26.72,0.19818079457770832,1,-0.008166295471418006,0.02511415525114158,-0.013883677298311303,-0.007818317200297908,-2.3034734917733224,-3.0127041742286864,-5.5496641922941015,-15.842519685039369,27.09924484601734,27.52724028779121,27.255277603614175,23.53624493772454,002129.SZ
2021-03-03,27.25,-0.011138545447845205,2,0.019835329341317376,-0.008166295471418006,0.02511415525114158,-0.013883677298311303,1.4519731943410275,-2.9903880384478443,-2.6090064331665497,-13.656527249683137,27.126654874014186,27.500836450858714,27.25507063876656,23.57319772441385,002129.SZ
2021-03-04,26.62,0.5881322612803146,3,-0.023119266055045884,0.019835329341317376,-0.008166295471418006,0.02511415525114158,-0.11257035647278535,-3.9335979790689257,-3.898916967509014,-8.238538435022402,27.034535806011604,27.416947265062646,27.23016590783454,23.603514164966946,002129.SZ
2021-03-05,26.58,-0.4694207991364492,4,-0.0015026296018032514,-0.023119266055045884,0.019835329341317376,-0.008166295471418006,1.1415525114155223,-1.2263099219620988,-0.30007501875469744,-2.494497432135012,26.95189293219131,27.337238001723346,27.20466920556652,23.633130939444886,002129.SZ
2021-03-08,24.96,0.4032860838990735,0,-0.06094808126410822,-0.0015026296018032514,-0.023119266055045884,0.019835329341317376,-7.349665924276172,-13.182608695652176,-5.167173252279634,-10.151187904967607,26.5897305808838,27.110834382511598,27.116642962210975,23.646333616664343,002129.SZ
2021-03-09,24.1,0.18097796968073365,1,-0.034455128205128194,-0.06094808126410822,-0.0015026296018032514,-0.023119266055045884,-9.805389221556881,-11.882998171846438,-12.522686025408348,-14.810887239307169,26.13705229345038,26.824088250843825,26.9983432382027,23.650847710030867,002129.SZ
2021-03-10,24.49,-0.4661507155485872,2,0.016182572614107826,-0.034455128205128194,-0.06094808126410822,-0.0015026296018032514,-10.12844036697248,-8.823529411764708,-12.815948736205062,-12.473195139385284,25.837588240095766,26.60179413171584,26.899976836704557,23.659197484060414,002129.SZ
2021-03-11,25.15,0.36305238952209584,3,0.026949775418538158,0.016182572614107826,-0.034455128205128194,-0.06094808126410822,-5.52216378662661,-5.628517823639778,-9.238542042583909,-9.205776173285196,25.71257219644199,26.46352802393338,26.83135029408869,23.67403133994041,002129.SZ
2021-03-12,26.4,0.684072029780133,4,0.0497017892644136,0.026949775418538158,0.016182572614107826,-0.034455128205128194,-0.6772009029345383,0.45662100456620447,-1.8952062430323324,-0.9752438109527417,25.837559069816173,26.457477735939726,26.81443459628129,23.701155406209658,002129.SZ
2021-03-15,26.56,0.09948550428746428,0,0.0060606060606061,0.0497017892644136,0.026949775418538158,0.016182572614107826,6.41025641025641,-1.4105419450631151,-7.617391304347832,0.911854103343468,25.96891196621323,26.467241761088324,26.804456768976145,23.729601621073243,002129.SZ
2021-03-16,27.0,-0.1818636480678194,1,0.016566265060240948,0.0060606060606061,0.0497017892644136,0.026949775418538158,12.03319502074689,1.0479041916167775,-1.2797074954296161,-1.9963702359346636,26.156382517810826,26.517980640984675,26.81212513097708,23.762142898475503,002129.SZ
2021-03-17,27.29,-0.1405148255972304,2,0.010740740740740717,0.016566265060240948,0.0060606060606061,0.0497017892644136,11.433238056349527,0.14678899082567476,1.6008935219657516,-2.8479886080455707,26.362494787299763,26.591506294224228,26.830865321919156,23.797245954212066,002129.SZ
2021-03-18,30.02,1.984901940072533,3,0.10003664345914265,0.010740740740740717,0.016566265060240948,0.0060606060606061,19.363817097415502,12.772351615326816,12.645403377110709,8.336340671237807,27.02749573506344,26.91802950429811,26.955929426941932,23.859163904916425,002129.SZ
2021-03-19,29.19,-0.2560094934543765,4,-0.027648234510326386,0.10003664345914265,0.010740740740740717,0.016566265060240948,10.56818181818182,9.81941309255081,11.073059360730596,8.472686733556301,27.42067832868827,27.134407646745913,27.043540037650093,23.912207050141138,002129.SZ
2021-03-22,29.44,-0.41504521873691946,0,0.008564576909900756,-0.027648234510326386,0.10003664345914265,0.010740740740740717,10.843373493975905,17.948717948717952,9.279881217520414,2.400000000000002,27.78782772347222,27.35398787086535,27.137518859703032,23.967209965065106,002129.SZ
2021-03-23,28.9,-0.27981937344486063,1,-0.018342391304347894,0.008564576909900756,-0.027648234510326386,0.10003664345914265,7.037037037037042,19.917012448132777,8.15868263473054,5.667276051188286,27.990040864659086,27.501227121259127,27.206635767165658,24.016292452974906,002129.SZ
2021-03-24,28.49,-0.11355578806331901,2,-0.01418685121107266,-0.018342391304347894,0.008564576909900756,-0.027648234510326386,4.397215097105156,16.333197223356464,4.550458715596317,6.068503350707366,28.08094252563016,27.595395966853495,27.256963776296416,24.060806955930378,002129.SZ
2021-03-25,28.89,0.09963062030314607,3,0.014040014040014093,-0.01418685121107266,-0.018342391304347894,0.008564576909900756,-3.76415722851432,14.870775347912524,8.527422990232903,8.405253283302061,28.228043884606492,27.718691589057926,27.321004412520086,24.108858628010672,002129.SZ
2021-03-26,29.81,0.27789618372484504,4,0.03184492904119063,0.014040014040014093,-0.01418685121107266,-0.018342391304347894,2.124015073655361,12.916666666666664,12.151993980436426,13.43226788432268,28.515672269223494,27.917863818671456,27.418612082617337,24.165586402856338,002129.SZ
2021-03-29,28.78,-0.23401516753784335,0,-0.03455216370345515,0.03184492904119063,0.014040014040014093,-0.01418685121107266,-2.2418478260869623,8.358433734939762,15.30448717948718,6.829992576095023,28.563731856637403,27.999972026417034,27.471999844083324,24.211500966011997,002129.SZ
2021-03-30,29.32,0.035366325073564964,1,0.018763029881862403,-0.03455216370345515,0.03184492904119063,0.014040014040014093,1.453287197231834,8.592592592592595,21.65975103734439,9.730538922155695,28.701235155430602,28.125688976282078,27.544470438433,24.262331802171083,002129.SZ
2021-03-31,28.29,-0.20298380091738932,2,-0.03512960436562074,0.018763029881862403,-0.03455216370345515,0.03184492904119063,-0.7020007020007046,3.664345914254308,15.516537362188654,3.816513761467877,28.62646512717049,28.141337645207592,27.573706891827783,24.302408102646993,002129.SZ
2021-04-01,28.64,0.053048698877650624,3,0.01237186284906322,-0.03512960436562074,0.018763029881862403,-0.03455216370345515,-0.8653513326410511,-4.596935376415723,13.876739562624273,7.588279489105942,28.62892601313949,28.188829298044965,27.61552230783454,24.345568221028618,002129.SZ
2021-04-02,29.14,0.20754237365071582,4,0.01745810055865915,0.01237186284906322,-0.03512960436562074,0.018763029881862403,-2.2475679302247475,-0.17129153819801513,10.378787878787875,9.631301730624543,28.72184855620504,28.279416983945445,27.67530574674299,24.393274009874105,002129.SZ
2021-04-06,29.34,0.3255495744744836,1,0.006863417982155173,0.01745810055865915,0.01237186284906322,-0.03512960436562074,1.94579569145239,-0.33967391304348116,10.466867469879526,17.548076923076916,28.83423972780412,28.380424890236355,27.740587874321697,24.44249516400471,002129.SZ
2021-04-07,29.15,-0.40037092913778827,2,-0.006475800954328648,0.006863417982155173,0.01745810055865915,0.01237186284906322,-0.5798090040927795,0.865051903114189,7.9629629629629495,20.954356846473022,28.89165068638519,28.45371775783289,27.79585893807379,24.48933600814397,002129.SZ
2021-04-08,28.7,-0.29628368472328637,3,-0.015437392795883298,-0.006475800954328648,0.006863417982155173,0.01745810055865915,1.449275362318847,0.7371007371007376,5.166727739098564,17.190690077582694,28.856805107042426,28.477173209467853,27.83131545030619,24.53123316229179,002129.SZ
2021-04-09,28.6,0.010712509576741747,4,-0.0034843205574912606,-0.015437392795883298,-0.006475800954328648,0.006863417982155173,-0.13966480446927498,-1.003807545863622,-4.730179880079943,13.717693836978139,28.810113269398347,28.488870999042344,27.861459942451045,24.571718404458043,002129.SZ
2021-04-12,28.12,1.084286398212671,0,-0.016783216783216814,-0.0034843205574912606,-0.015437392795883298,-0.006475800954328648,-3.5003431708991117,-5.66923851056692,-3.665638917437475,6.515151515151518,28.684638129507736,28.45374042770498,27.871598768237277,24.607024688990798,002129.SZ
2021-04-13,27.87,-0.20633573661711213,1,-0.008890469416785174,-0.016783216783216814,-0.0034843205574912606,-0.015437392795883298,-5.010224948875253,-3.161917998610142,-5.332880434782606,4.932228915662651,28.536522105960874,28.398146101256884,27.87153607144366,24.639492105020743,002129.SZ
2021-04-14,28.69,-0.24755006391137624,2,0.02942231790455696,-0.008890469416785174,-0.016783216783216814,-0.0034843205574912606,-1.578044596912509,-2.1487039563437893,-0.7266435986159059,6.259259259259253,28.56442717760435,28.425941710660993,27.90363269609293,24.679795666164818,002129.SZ
2021-04-15,28.77,-0.19325199256394365,3,0.0027884280237016057,0.02942231790455696,-0.008890469416785174,-0.016783216783216814,0.24390243902439046,1.6967126193001114,0.9828009828009909,5.423231953096375,28.60180405440356,28.458709166788516,27.937607884481444,24.720494216750247,002129.SZ
2021-04-16,28.07,0.4386041583896172,4,-0.024330900243308973,0.0027884280237016057,0.02942231790455696,-0.008890469416785174,-1.8531468531468587,-1.9902234636871463,-2.838352371062647,-6.495669553630911,28.505112408148364,28.42168924614199,27.942799732148842,24.753822632503976,002129.SZ
2021-04-19,29.11,0.24567104548509167,0,0.037050231563947156,-0.024330900243308973,0.0027884280237016057,0.02942231790455696,3.5206258890469355,-0.10295126973233204,-2.348205300234818,-0.27406646111682864,28.615091970303205,28.487242651271327,27.988572291672416,24.797167680936774,002129.SZ
2021-04-20,29.05,0.02392917319459631,1,-0.0020611473720371087,0.037050231563947156,-0.024330900243308973,0.0027884280237016057,4.233943308216714,-0.9884117246080404,0.938151494093109,-1.3247282608695676,28.6941661575208,28.540838589245485,28.030196907685266,24.839484420429944,002129.SZ
2021-04-21,29.03,-0.2560950964966727,2,-0.000688468158347666,-0.0020611473720371087,0.037050231563947156,-0.024330900243308973,1.1850819100732046,-0.41166380789021684,-0.9890859481582526,0.44982698961939516,28.75522685615338,28.587425390269726,28.069404872089763,24.88118109286348,002129.SZ
2021-04-22,29.15,0.6820541180351407,3,0.004133654839820755,-0.000688468158347666,-0.0020611473720371087,0.037050231563947156,1.320820298922487,1.5679442508710784,3.039943442912696,2.316602316602312,28.82700379139822,28.641003924529752,28.111781151615656,24.92365690288474,002129.SZ
2021-04-23,28.68,-0.28182914097513434,4,-0.016123499142366993,0.004133654839820755,-0.000688468158347666,-0.0020611473720371087,2.173138582116141,0.2797202797202747,0.13966480446927498,-0.7268951194184914,28.800275829325816,28.644717836479302,28.13406424370916,24.961033451114744,002129.SZ
2021-04-26,27.45,0.5826841217572887,0,-0.042887029288702916,-0.016123499142366993,0.004133654839820755,-0.000688468158347666,-5.702507729302642,-2.3826458036984466,-5.799588194921079,-7.91680644079168,28.55477113308476,28.530935185386035,28.107238194936254,24.98579928742206,002129.SZ
2021-04-27,27.79,-0.18695828681619808,1,0.012386156648451774,-0.042887029288702916,-0.016123499142366993,0.004133654839820755,-4.337349397590362,-0.2870470039469053,-5.282890252215411,-3.439888811674785,28.41572183616026,28.460369929634986,28.094797481409344,25.01370178207458,002129.SZ
2021-04-28,27.6,0.17373828159133176,2,-0.0068369917236414945,0.012386156648451774,-0.042887029288702916,-0.016123499142366993,-4.925938684119879,-3.799233182293482,-5.317324185248706,-5.8663028649386,28.267408775040213,28.378429936336417,28.075393658608977,25.039436092700704,002129.SZ
2021-04-29,27.16,-0.21946355833962583,3,-0.01594202898550734,-0.0068369917236414945,0.012386156648451774,-0.042887029288702916,-6.826758147512857,-5.596107055961063,-5.3658536585365795,-3.994344291268992,28.0660617250329,28.262388990018664,28.039495868075292,25.06053623108179,002129.SZ
2021-04-30,27.63,-0.18208511884891299,4,0.01730486008836518,-0.01594202898550734,-0.0068369917236414945,0.012386156648451774,-3.661087866108792,-1.5675097969362395,-3.3916083916084028,-3.526536312849171,27.986777775026916,28.202161467159744,28.02343720658214,25.086103034752618,002129.SZ
2021-05-06,27.81,0.237389218364763,3,0.006514657980456029,0.01730486008836518,-0.01594202898550734,-0.0068369917236414945,1.3114754098360715,-4.4658193060803875,-1.102418207681377,-4.564172958133161,27.95463636138566,28.164812756001673,28.01506712004951,25.113206487143138,002129.SZ
2021-05-07,26.7,-0.10198847572632541,4,-0.03991370010787487,0.006514657980456029,0.01730486008836518,-0.01594202898550734,-3.9222741993522825,-8.089500860585208,-4.1980624327233595,-8.997955010224956,27.72652065931554,28.025306779239607,27.963495860439725,25.12899547732082,002129.SZ
2021-05-10,27.3,-0.33298602001424227,0,0.022471910112359605,-0.03991370010787487,0.006514657980456029,0.01730486008836518,-1.0869565217391353,-5.959352394075101,-4.844893691181595,-6.3464837049742595,27.648971448530897,27.95622994312155,27.937476414932284,25.150597512372354,002129.SZ
2021-05-11,27.97,0.3446838160097996,1,0.024542124542124455,0.022471910112359605,-0.03991370010787487,0.006514657980456029,2.9823269513991058,-4.048027444253854,-2.7806743135210366,-2.54355400696864,27.707340276070735,27.957541377109973,27.938751849640823,25.17865126846815,002129.SZ
2021-05-12,28.06,-0.29227606264729966,2,0.0032177332856631047,0.024542124542124455,0.022471910112359605,-0.03991370010787487,1.5562794064422736,-2.1617852161785245,-0.03562522265764256,-1.8881118881118986,27.771460225876055,27.967299341194735,27.943506679066676,25.20732140510031,002129.SZ
2021-05-13,27.24,-0.0027396613211780885,3,-0.029223093371347098,0.0032177332856631047,0.024542124542124455,0.022471910112359605,-2.049622437971954,-0.7650273224043769,-6.423909309515629,-3.1294452347084056,27.67483109389859,27.89803273727143,27.915918181848372,25.227547062761005,002129.SZ
2021-05-14,27.37,-0.22599171107164007,4,0.004772393538913455,-0.029223093371347098,0.0032177332856631047,0.024542124542124455,2.5093632958801626,-1.5113350125944502,-5.783132530120483,-1.794043774668097,27.619407258644298,27.847743905150338,27.894509625697456,25.248865002435025,002129.SZ
2021-05-17,27.66,0.5064943012315459,0,0.010595542564852067,0.004772393538913455,-0.029223093371347098,0.0032177332856631047,1.318681318681314,0.21739130434781373,-4.7192559421288305,-3.5901010805158617,27.626787757072606,27.829863533231258,27.885313169787754,25.272856395445622,002129.SZ
2021-05-18,27.26,-0.17495328621333983,1,-0.014461315979754086,0.010595542564852067,0.004772393538913455,-0.029223093371347098,-2.5384340364676294,0.3681885125184081,-6.4837049742709985,-5.248522766770936,27.560099073968495,27.77559081578066,27.86079108469804,25.292628968625266,002129.SZ
2021-05-19,28.05,0.5218846930234848,2,0.02898019075568592,-0.014461315979754086,0.010595542564852067,0.004772393538913455,-0.03563791874553468,1.5200868621064068,-2.1966527196652708,-0.07125044531528513,27.649171969610585,27.80172502380155,27.868211042160862,25.32006549630064,002129.SZ
2021-05-20,28.27,-0.19454239591084088,3,0.007843137254901933,0.02898019075568592,-0.014461315979754086,0.010595542564852067,3.781204111600589,1.6540812657317439,2.987249544626591,-2.885606320851941,27.76204979331775,27.84632264058235,27.883967471880045,25.349418078427004,002129.SZ
2021-05-21,27.56,0.3420524149010944,4,-0.02511496285815351,0.007843137254901933,0.02898019075568592,-0.014461315979754086,0.6941907197661523,3.22097378277153,-0.8276358402303008,-5.129087779690201,27.725313467259976,27.819053817669744,27.871262865139652,25.371413918442656,002129.SZ
2021-05-24,27.22,-0.2830271968875089,0,-0.012336719883889735,-0.02511496285815351,0.007843137254901933,0.02898019075568592,-1.590744757772966,-0.2930402930403031,-1.376811594202909,-6.2349293833964925,27.633438291394526,27.76200107312977,27.8457231449381,25.389807809801436,002129.SZ
2021-05-25,27.22,0.30566541788848656,1,0.0,-0.012336719883889735,-0.02511496285815351,0.007843137254901933,-0.14673514306677848,-2.6814444047193464,0.22091310751104487,-6.620926243567748,27.558267692959156,27.71038192330789,27.821184982391507,25.4080186773656,002129.SZ
2021-05-26,26.83,-0.2300628206972618,2,-0.014327700220426176,0.0,-0.012336719883889735,-0.02511496285815351,-4.349376114082004,-4.383464005702065,-2.895403546869346,-6.450488145048816,27.4258553851484,27.626536025849994,27.782314983082035,25.422167745252512,002129.SZ
2021-05-27,27.13,0.26302513157484975,3,0.01118151323145744,-0.014327700220426176,0.0,-0.012336719883889735,-4.032543332154226,-0.4038179148311283,-2.4451636102121532,-1.1657559198542833,27.3720634969396,27.57924688053095,27.756734003353326,25.439161101021142,002129.SZ
2021-05-28,27.03,-0.20625292797790762,4,-0.0036859565057131283,0.01118151323145744,-0.014327700220426176,0.0,-1.9230769230769162,-1.2422360248447228,1.2359550561797716,-2.734796689456631,27.309870133859672,27.526937653813718,27.7282346306728,25.45499034379705,002129.SZ
2021-05-31,28.8,1.9362367461895293,0,0.06548279689234193,-0.0036859565057131283,0.01118151323145744,-0.014327700220426176,5.804555473916251,4.121475054229928,5.494505494505497,4.347826086956519,27.580802836794277,27.64818168678384,27.77026464515622,25.488274021968223,002129.SZ
2021-06-01,28.94,-0.3125154282893112,1,0.004861111111111205,0.06548279689234193,-0.0036859565057131283,0.01118151323145744,6.318883174136669,6.162876008804097,3.4680014301036843,6.553755522827687,27.82792959374077,27.771212002328234,27.81613661985598,25.522619554087942,002129.SZ
2021-06-02,28.78,-0.20017953321364457,2,-0.005528680027643396,0.004861111111111205,0.06548279689234193,-0.0036859565057131283,7.26798360044727,2.602495543672023,2.565930149679274,4.162142598624685,28.00103330396972,27.867287049725547,27.853935183783197,25.555031299818413,002129.SZ
2021-06-03,28.64,-0.26714766714766713,3,-0.00486448922863103,-0.005528680027643396,0.004861111111111205,0.06548279689234193,5.5657943236269825,1.3088079235939132,5.139500734214408,2.984537935994247,28.117209066884314,27.940878759275495,27.884761255007383,25.585727505790373,002129.SZ
2021-06-04,28.78,-0.10709722586855697,4,0.004888268156424624,-0.00486448922863103,-0.005528680027643396,0.004861111111111205,6.474287828338876,4.4267053701016135,5.1516258677384075,7.7902621722846455,28.237716509268985,28.020795067915927,27.9198686567718,25.61751131170291,002129.SZ
2021-06-07,29.12,0.1409263760388897,0,0.011813759555246772,0.004888268156424624,-0.00486448922863103,-0.005528680027643396,1.1111111111111072,6.980161645848648,5.278380332610277,6.666666666666665,28.398131689401893,28.125481251923933,27.966932631016043,25.652361945417308,002129.SZ
2021-06-08,28.99,-0.0901976617329977,1,-0.0044642857142858094,0.011813759555246772,0.004888268156424624,-0.00486448922863103,0.1727712508638568,6.502571638501098,6.346294937637542,3.646764390418311,28.505744109510637,28.207816370788322,28.007052919995807,25.685572274318627,002129.SZ
2021-06-09,29.4,0.25689494009120883,2,0.014142807864780949,-0.0044642857142858094,0.011813759555246772,0.004888268156424624,2.154273801250861,9.578829668281784,4.8128342245989275,4.775481111903068,28.668336089599613,28.32135766880848,28.061678295682245,25.722531754176153,002129.SZ
2021-06-10,30.07,1.5006347703934075,3,0.022789115646258518,0.014142807864780949,-0.0044642857142858094,0.011813759555246772,4.993016759776525,10.836712126796911,6.367173682348781,10.389133627019099,28.923184073308775,28.487895033683863,28.140436009577062,25.765790144681862,002129.SZ
2021-06-11,29.62,-0.41869190884457563,4,-0.014965081476554731,0.022789115646258518,0.014142807864780949,-0.0044642857142858094,2.918693537178596,9.581945985941553,7.474600870827297,8.220679576178291,29.049877878161723,28.5957145542854,28.19845812684855,25.80414049150095,002129.SZ
2021-06-15,29.58,-0.33924870934901585,1,-0.0013504388926401933,-0.014965081476554731,0.022789115646258518,0.014142807864780949,1.579670329670324,2.708333333333335,8.670095518001464,6.941431670281983,29.146263718495955,28.689456025305837,28.252636239521156,25.84171123287905,002129.SZ
2021-06-16,28.75,0.2511888002502738,2,-0.028059499661933662,-0.0013504388926401933,-0.014965081476554731,0.022789115646258518,-0.8278716798896135,-0.6565307532826581,5.6208670095518,5.465884079236982,29.074215769678506,28.695222118133852,28.272140700716406,25.87064942956682,002129.SZ
2021-06-17,30.95,0.7810435250067198,3,0.0765217391304347,-0.028059499661933662,-0.0013504388926401933,-0.014965081476554731,5.272108843537415,7.539958304378036,15.355944837868062,10.338680926916211,29.41526744791878,28.90996286878777,28.377154790884394,25.921190231262674,002129.SZ
2021-06-18,30.3,-0.007433509051473108,4,-0.02100161550888524,0.0765217391304347,-0.028059499661933662,-0.0013504388926401933,0.7648819421350206,5.796089385474867,11.68448212311095,7.180756986204462,29.576127911933547,29.04234735747465,28.452560485359516,25.96476047771777,002129.SZ
2021-06-21,32.82,0.8856963027920002,0,0.08316831683168324,-0.02100161550888524,0.0765217391304347,-0.028059499661933662,10.803511141120858,14.037526059763717,21.42064372918979,19.085631349782297,30.165922837036536,29.402123799619922,28.623832623188555,26.032971816247944,002129.SZ
2021-06-22,33.19,-0.25246676292448755,1,0.011273613650213177,0.08316831683168324,-0.02100161550888524,0.0765217391304347,12.204192021636228,13.976648351648336,15.24305555555554,21.93240264511389,30.715755048484436,29.762873913941835,28.802898010514493,26.10418602703155,002129.SZ
2021-06-23,36.0,0.1714252029338872,2,0.08466405543838507,0.011273613650213177,0.08316831683168324,-0.02100161550888524,25.217391304347835,24.180751983442583,24.395300621976503,32.2556943423953,31.676526857850902,30.35688592213785,29.085137304219806,26.20265183770785,002129.SZ
2021-06-24,35.99,-0.32660800743483276,3,-0.0002777777777777102,0.08466405543838507,0.011273613650213177,0.08316831683168324,16.284329563812605,22.414965986394563,25.052119527449612,34.14088706671639,32.46079470187801,30.893372977172337,29.35591623346609,26.30003838658638,002129.SZ
2021-06-25,35.94,-0.3148619255377335,4,-0.0013892747985552178,-0.0002777777777777102,0.08466405543838507,0.011273613650213177,18.61386138613861,19.52111739275024,25.48882681564244,32.473276815333584,33.09337748335473,31.374004122203544,29.614115596859577,26.395958402640247,002129.SZ
2021-06-28,36.2,0.03537646086867752,0,0.0072342793544797335,-0.0013892747985552178,-0.0002777777777777102,0.08466405543838507,10.298598415600257,22.214719783929795,25.781792911744272,33.92526822049575,33.6582179409266,31.83362277723178,29.872385573453318,26.493511055350297,002129.SZ
2021-06-29,36.31,0.35365525650450946,1,0.003038674033149169,0.0072342793544797335,-0.0013892747985552178,-0.0002777777777777102,9.400421813799342,22.751859364435447,24.69093406593408,26.0763888888889,34.140360133485395,32.25994441749542,30.124841041161034,26.591187562262235,002129.SZ
2021-06-30,38.6,0.398598526996238,2,0.06306802533737255,0.003038674033149169,0.0072342793544797335,-0.0013892747985552178,7.222222222222219,34.26086956521739,33.149361848913436,33.379405666897036,34.95120374557896,32.86375923487681,30.457200216017462,26.7106782332845,002129.SZ
2021-07-01,36.91,-0.4087613536270044,3,-0.04378238341968921,0.06306802533737255,0.003038674033149169,0.0072342793544797335,2.5562656293414587,19.25686591276252,25.54421768707482,28.24878387769283,35.30734851911005,33.249115498221876,30.710251187938347,26.812164022008037,002129.SZ
2021-07-02,37.29,0.19054141185987938,4,0.010295312923326971,-0.04378238341968921,0.06306802533737255,0.003038674033149169,3.7562604340567685,23.069306930693067,24.01064183571666,30.20251396648044,35.667830606544584,33.63396164124836,30.968280553117236,26.91642109641592,002129.SZ
2021-07-05,37.39,-0.29141171365426866,0,0.0026816840976133793,0.010295312923326971,-0.04378238341968921,0.06306802533737255,3.2872928176795435,13.92443631931748,26.232275489534107,29.9166087560806,35.98095231444557,33.99167958017709,31.22011268828911,27.02063581187447,002129.SZ
2021-07-06,36.74,0.05499722284200592,1,-0.017384327360256746,0.0026816840976133793,0.010295312923326971,-0.04378238341968921,1.1842467639768595,10.695992768906315,24.2055442866802,26.167582417582413,36.11896098454637,34.253424382064985,31.436578857375814,27.117345903298606,002129.SZ
2021-07-07,39.19,0.5681045034018501,2,0.06668481219379419,-0.017384327360256746,0.0026816840976133793,0.010295312923326971,1.5284974093264125,8.861111111111097,36.31304347826085,35.18454639530872,36.67733171462885,34.72357444091594,31.740634588459116,27.23747181470857,002129.SZ
2021-07-08,39.31,-0.36823890978899976,3,0.003062005613676977,0.06668481219379419,-0.017384327360256746,0.0026816840976133793,6.502302898943402,9.224784662406215,27.01130856219711,33.7074829931973,37.15599867560542,35.16037687511442,32.03747244773523,27.357596473268686,002129.SZ
2021-07-09,39.48,-0.012463776015407158,4,0.004324599338590529,0.003062005613676977,0.06668481219379419,-0.017384327360256746,5.8728881737731164,9.849749582637735,30.297029702970278,31.293648154306595,37.578544370949885,35.571769553674955,32.32933627331425,27.47821740388293,002129.SZ
2021-07-12,41.69,0.6670315619049372,0,0.05597771023302944,0.004324599338590529,0.003062005613676977,0.06668481219379419,11.500401176785235,15.165745856353574,27.026203534430216,40.749493585415244,38.3260817580499,36.15445816761068,32.69642112534114,27.619628175983596,002129.SZ
2021-07-13,42.01,-0.361622465759472,1,0.007675701607100072,0.05597771023302944,0.004324599338590529,0.003062005613676977,14.344039194338576,15.698154778297969,26.574269358240432,42.02163624070319,38.9958850747681,36.712128818314426,33.061659512582665,27.762815955327042,002129.SZ
2021-07-14,40.9,0.4071253527883787,2,-0.02642228040942629,0.007675701607100072,0.05597771023302944,0.004324599338590529,4.363357999489659,5.958549222797926,13.611111111111107,42.2608695652174,39.34208778844662,37.110973692760666,33.369045414050014,27.89353420452777,002129.SZ
2021-07-15,44.96,1.1907282042461178,3,0.0992665036674818,-0.02642228040942629,0.007675701607100072,0.05597771023302944,14.37293309590435,21.809807640205925,24.923589886079455,45.26655896607432,40.36352637236541,37.85850000773584,33.82359265271472,28.063349784582222,002129.SZ
2021-07-16,45.05,-0.3432478397601899,4,0.0020017793594304667,0.0992665036674818,-0.02642228040942629,0.007675701607100072,14.108409321175275,20.80986859747922,25.347801892042288,48.67986798679866,41.215612486480794,38.543404768903855,34.26384392123571,28.23237117976051,002129.SZ
2021-07-19,45.0,-0.3238915835496652,0,-0.0011098779134294245,0.0020017793594304667,0.0992665036674818,-0.02642228040942629,7.939553849844083,20.35303557100829,24.309392265193353,37.11151736745886,41.903682943484284,39.15831860043682,34.68486964981471,28.39921325757384,002129.SZ
2021-07-20,44.91,-0.39013577518155984,1,-0.002000000000000113,-0.0011098779134294245,0.0020017793594304667,0.0992665036674818,6.903118305165434,22.237343494828508,23.6849352795373,35.31184091593853,42.45028604466896,39.7060977813476,35.08585515374354,28.563499692821864,002129.SZ
2021-07-21,46.32,0.5420049289649174,2,0.03139612558450233,-0.002000000000000113,-0.0011098779134294245,0.0020017793594304667,13.251833740831298,18.193416687930597,19.999999999999996,28.666666666666664,43.15387040018369,40.33599323074307,35.52640985359673,28.740181287918166,002129.SZ
2021-07-22,46.38,-0.09393981109965777,3,0.0012953367875647714,0.03139612558450233,-0.002000000000000113,-0.0011098779134294245,3.1583629893238374,17.985245484609514,25.657003522080757,28.86913031397611,43.740439418332116,40.911612923053255,35.952040839730195,28.915701872117985,002129.SZ
2021-07-23,48.87,0.7074830184064538,4,0.053686934023285726,0.0012953367875647714,0.03139612558450233,-0.002000000000000113,8.47946725860156,23.78419452887539,31.05390185036203,35.97662771285477,44.67308679681718,41.66955454942914,36.458627473466265,29.114252102246166,002129.SZ
2021-07-26,49.19,-0.16919000099833748,0,0.006547984448536992,0.053686934023285726,0.0012953367875647714,0.03139612558450233,9.311111111111114,17.98992564164068,31.559240438619952,35.883977900552466,45.49434374285042,42.38578744948351,36.95789698431073,29.314010787795958,002129.SZ
2021-07-27,44.27,0.521923465749238,1,-0.10002032933523064,0.006547984448536992,0.053686934023285726,0.0012953367875647714,-1.425072366956115,5.379671506784112,20.495372890582473,21.922335444781062,45.27173578960489,42.56523626381841,37.244646122180896,29.46282660085272,002129.SZ
2021-07-28,44.99,-0.06523104808395386,2,0.016263835554551687,-0.10002032933523064,0.006547984448536992,0.053686934023285726,-2.8713298791018915,10.000000000000009,14.79969379943864,16.55440414507772,45.22051110058582,42.796166143454755,37.54838548993851,29.617325838655184,002129.SZ
2021-07-29,49.49,-0.11090484427159664,3,0.10002222716159137,0.016263835554551687,-0.10002032933523064,0.006547984448536992,6.705476498490737,10.075622775800719,25.896718392266592,34.08290436196155,45.996781809570216,43.433674129792394,38.01668409817621,29.81506389001185,002129.SZ
2021-07-30,50.06,-0.12117231822190266,4,0.011517478278440185,0.10002222716159137,0.016263835554551687,-0.10002032933523064,2.435031716799685,11.120976692563822,26.798378926038513,34.24510592652186,46.73554875328472,44.064752784097884,38.48897099628695,30.016506040359992,002129.SZ
2021-08-02,48.86,0.05049925857340587,0,-0.023971234518577744,0.011517478278440185,0.10002222716159137,0.016263835554551687,-0.6708680626143493,8.577777777777772,17.19836891340849,30.676651511099216,47.12181261632386,44.521442995136184,38.89567801604041,30.204003492694717,002129.SZ
2021-08-03,46.01,-0.08360699744977851,1,-0.05832992222677036,-0.023971234518577744,0.011517478278440185,0.10002222716159137,3.9304269256833058,2.449343130705861,9.521542489883373,25.231355470876426,46.91966486790134,44.66321032893274,39.174671035019216,30.361277089782334,002129.SZ
2021-08-04,49.68,-0.08993618880692111,2,0.07976526841990883,-0.05832992222677036,-0.023971234518577744,0.011517478278440185,10.424538786396976,7.253886010362698,21.46699266503669,26.767032406226086,47.42154398282837,45.14099982141534,39.58664471992042,30.553503188391463,002129.SZ
2021-08-05,49.13,-0.31428310855033736,3,-0.011070853462157748,0.07976526841990883,-0.05832992222677036,-0.023971234518577744,-0.7274196807435795,5.929279862009484,9.274911032028466,24.98092088527093,47.73217234958685,45.520904600328166,39.96089394659021,30.738343952686076,002129.SZ
2021-08-06,49.2,0.17906962188719988,4,0.0014247913698350878,-0.011070853462157748,0.07976526841990883,-0.05832992222677036,-1.717938473831404,0.6752608962553808,9.211986681465056,24.62006079027357,47.99905010420742,45.87129463839215,40.32321183103765,30.922042022808604,002129.SZ
2021-08-09,48.4,0.01963405935338325,0,-0.016260162601626105,0.0014247913698350878,-0.011070853462157748,0.07976526841990883,-0.9414654113794496,-1.6060174832282947,7.55555555555556,16.094986807387855,48.07195008526061,46.112123720450036,40.639948621977354,31.0959520524324,002129.SZ
2021-08-10,49.9,0.5992945762414059,1,0.030991735537190035,-0.016260162601626105,0.0014247913698350878,-0.011070853462157748,8.45468376439904,12.717415857239644,11.111111111111116,18.781242561294942,48.404322797031405,46.47287384231194,41.00308789170373,31.283057007134563,002129.SZ
2021-08-11,50.41,-0.33089461991064373,2,0.010220440881763437,0.030991735537190035,-0.016260162601626105,0.0014247913698350878,1.4694041867954866,12.047121582573883,8.829879101899829,23.251833740831284,48.76899137938933,46.847838238282236,41.37198640575456,31.473374847859596,002129.SZ
2021-08-12,48.71,-0.1586160133302521,3,-0.03372346756595901,0.010220440881763437,0.030991735537190035,-0.016260162601626105,-0.854874821901086,-1.5760759749444353,5.0237171194480235,8.340747330960863,48.75826567404581,47.02518697749345,41.659751644744574,31.644883555841094,002129.SZ
2021-08-13,46.81,0.11051963962401201,4,-0.03900636419626358,-0.03372346756595901,0.010220440881763437,0.030991735537190035,-4.857723577235773,-6.492209348781463,-4.215264988745638,3.9067702552719297,48.40403555149203,47.00469297963693,41.861722168480085,31.795780236877505,002129.SZ
2021-08-16,46.53,-0.15471553208175903,0,-0.005981627857295502,-0.03900636419626358,-0.03372346756595901,0.010220440881763437,-3.863636363636358,-4.7687269750307015,-5.4076031713762855,3.400000000000003,48.06330181485711,46.95948412443341,42.044791887363225,31.94238938874937,002129.SZ
2021-08-17,45.77,-0.1508796920115495,1,-0.016333548248441798,-0.005981627857295502,-0.03900636419626358,-0.03372346756595901,-8.276553106212415,-0.5216257335361796,3.388299073864909,1.914940993097325,47.64633784851945,46.84619992210642,42.19087848001565,32.079977554035445,002129.SZ
2021-08-18,44.72,0.4281303415412654,2,-0.022940790911077258,-0.016333548248441798,-0.005981627857295502,-0.03900636419626358,-11.28744296766514,-9.98389694041868,-0.6001333629695571,-3.4542314335060498,47.11427642151591,46.64370469142962,42.29005971609347,32.20574892165698,002129.SZ
2021-08-19,46.61,-0.18618863635642102,3,0.042262969588551025,-0.022940790911077258,-0.016333548248441798,-0.005981627857295502,-4.311229726955457,-5.129248931406483,-5.819357445948681,0.49590340664078525,47.02258979942211,46.64049472081727,42.459469138991764,32.34907480303353,002129.SZ
2021-08-20,46.2,-0.27909027073418113,4,-0.008796395623256736,0.042262969588551025,-0.022940790911077258,-0.016333548248441798,-1.3031403546250764,-6.097560975609751,-7.710747103475823,-5.4634745242479905,46.87302801770899,46.5985428426442,42.606156623737185,32.48689495424713,002129.SZ
2021-08-23,49.2,0.9034729813093214,0,0.06493506493506485,-0.008796395623256736,0.042262969588551025,-0.022940790911077258,5.738233397807879,1.6528925619834878,0.6958657388456801,0.020329335230750978,47.29611383267099,46.846300667154274,42.864738716923966,32.65319450694119,002129.SZ
2021-08-24,49.4,-0.24672928547467288,1,0.00406504065040636,0.06493506493506485,-0.008796395623256736,0.042262969588551025,7.930959143543803,-1.002004008016033,7.367963486198659,11.587982832618016,47.67863859036717,47.08951012742529,43.12102347312303,32.81982938746914,002129.SZ
2021-08-25,51.14,0.1899241043291855,2,0.03522267206477747,0.00406504065040636,0.06493506493506485,-0.008796395623256736,14.355992844364952,1.4481253719500264,2.938808373590973,13.669704378750836,48.30797702848223,47.475271067670505,43.4354931408437,33.002119642320196,002129.SZ
2021-08-26,50.63,-0.004824084264477779,3,-0.009972624168947952,0.03522267206477747,0.00406504065040636,0.06493506493506485,8.624758635485952,3.9416957503592753,3.0531243639324135,2.303495655688015,48.73016302330363,47.775721442178074,43.71763066473218,33.177521436923975,002129.SZ
2021-08-27,52.35,-0.06187613936233938,4,0.03397195338731973,-0.009972624168947952,0.03522267206477747,0.00406504065040636,13.311688311688297,11.835077974791709,6.4024390243902385,4.574510587295233,49.38831520088479,48.211367019113496,44.05615495238974,33.368292367899855,002129.SZ
2021-08-30,54.92,0.4490499631399967,0,0.0490926456542502,0.03397195338731973,-0.009972624168947952,0.03522267206477747,11.626016260162597,18.031377605845698,13.471074380165305,12.40278346295538,50.39407607345119,48.85028444586459,44.482188091511716,33.582737219960556,002129.SZ
2021-08-31,54.0,-0.3268923284678036,1,-0.016751638747268816,0.0490926456542502,0.03397195338731973,-0.009972624168947952,9.31174089068827,17.98121039982521,8.21643286573146,17.36579004564225,51.04969860555097,49.340733546258434,44.855435617334784,33.78589406354304,002129.SZ
2021-09-01,49.93,0.5470314100018809,2,-0.07537037037037042,-0.016751638747268816,0.0490926456542502,0.03397195338731973,-2.3660539694955074,11.65026833631484,-0.9521920253917848,0.5032206119162552,50.84611704090534,49.39685416090049,45.05443814214519,33.94653193355754,002129.SZ
2021-09-02,51.45,-0.3078291254091975,3,0.0304426196675347,-0.07537037037037042,-0.016751638747268816,0.0490926456542502,1.6195931266047792,10.384037760137321,5.625128310408534,4.722165682882151,50.95591394255891,49.592391859862346,45.30524448951204,34.12069579491517,002129.SZ
2021-09-03,49.32,-0.10628228314185717,4,-0.04139941690962101,0.0304426196675347,-0.07537037037037042,-0.016751638747268816,-5.787965616045843,6.7532467532467555,5.36210211493271,0.24390243902439046,50.658475043911835,49.566449777970696,45.4626858820802,34.27193265267721,002129.SZ
2021-09-06,48.96,0.03610046549546708,0,-0.007299270072992692,-0.04139941690962101,0.0304426196675347,-0.07537037037037042,-10.852148579752363,-0.4878048780487809,5.222437137330749,1.1570247933884392,50.349661399564226,49.5086926562592,45.59983545533196,34.41808257653116,002129.SZ
2021-09-07,49.5,-0.23930729239848259,1,0.011029411764705843,-0.007299270072992692,-0.04139941690962101,0.0304426196675347,-8.333333333333337,0.2024291497975783,8.14944286650643,-0.8016032064128265,50.19517750873436,49.50786478423451,45.75278308453463,34.56815140661543,002129.SZ
2021-09-08,47.38,0.3494601808324944,2,-0.04282828282828277,0.011029411764705843,-0.007299270072992692,-0.04139941690962101,-5.107150010014017,-7.352366053969495,5.948121645796078,-6.010712160285648,49.68332705260084,49.3052109952598,45.816595512592095,34.69563248714662,002129.SZ
2021-09-09,47.49,-0.2914988485136758,3,0.002321654706627152,-0.04282828282828277,0.011029411764705843,-0.007299270072992692,-7.6967930029154585,-6.201856606754886,1.888006865479519,-2.5046191747074453,49.28454031576432,49.13233375761601,45.88221921798064,34.822939626578,002129.SZ
2021-09-10,47.94,0.21237309583377617,4,0.009475679090334754,0.002321654706627152,-0.04282828282828277,0.011029411764705843,-2.7980535279805374,-8.424068767908322,3.766233766233751,2.414014099551376,49.0400784401708,49.018778161652584,45.962916503550034,34.95345764024389,002129.SZ
2021-09-13,46.59,-0.06259735396407418,0,-0.02816020025031274,0.009475679090334754,0.002321654706627152,-0.04282828282828277,-4.840686274509798,-15.167516387472679,-5.304878048780481,0.12894906511928816,48.59460963286702,48.78746595578091,45.98750801321474,35.069244131385744,002129.SZ
2021-09-14,46.8,-0.22695321796484547,1,0.004507405022536881,-0.02816020025031274,0.009475679090334754,0.002321654706627152,-5.454545454545457,-13.333333333333341,-5.263157894736848,2.2503823465151784,48.26831697234574,48.598183483801776,46.01937044406907,35.18596807037694,002129.SZ
2021-09-15,49.18,0.8742282890143538,2,0.050854700854700896,0.004507405022536881,-0.02816020025031274,0.009475679090334754,3.7990713381173435,-1.5021029441217748,-3.8326163472819696,9.97316636851522,48.43407752282833,48.653594580582556,46.1433167011644,35.32521216917916,002129.SZ
2021-09-16,46.0,-0.056646056012483736,3,-0.06466043106954045,0.050854700854700896,0.004507405022536881,-0.02816020025031274,-3.1375026321330823,-10.592808551992228,-9.14477582460992,-1.3087320317528461,47.99151797322318,48.40087128719374,46.137696438373645,35.431428963515685,002129.SZ
2021-09-17,45.2,-0.12801761128316103,4,-0.017391304347825987,-0.06466043106954045,0.050854700854700896,0.004507405022536881,-5.715477680433867,-8.353609083536085,-13.658070678127988,-2.164502164502169,47.483969250818966,48.096026402699096,46.10092402902566,35.5286286753215,002129.SZ
2021-09-22,46.86,-0.029731849950078493,2,0.03672566371681407,-0.017391304347825987,-0.06466043106954045,0.050854700854700896,0.5795235028976053,-4.289215686274517,-14.675892206846331,-4.756097560975614,47.37052029612461,47.97830960244204,46.13069171416191,35.641378638751135,002129.SZ
2021-09-23,46.65,-0.27945035317638234,3,-0.004481434058898892,0.03672566371681407,-0.017391304347825987,-0.06466043106954045,-0.3205128205128194,-5.757575757575761,-13.611111111111118,-5.566801619433203,47.23951660592014,47.85180392601899,46.151056744979094,35.750917159758586,002129.SZ
2021-09-24,47.3,0.26625625436721845,4,0.013933547695605508,-0.004481434058898892,0.03672566371681407,-0.017391304347825987,-3.8226921512810152,-0.16884761502744539,-5.267374324053675,-7.508799374266728,47.25051358666193,47.79925117116004,46.19611334321521,35.86583340692517,002129.SZ
2021-09-27,47.61,0.09528892397670252,0,0.006553911205074092,0.013933547695605508,-0.004481434058898892,0.03672566371681407,3.499999999999992,0.25268477574225123,-7.463556851311958,-5.964842978471263,47.315874752723396,47.78122725009718,46.251559878775396,35.98269078596074,002129.SZ
2021-09-28,46.29,-0.3259378574081633,1,-0.027725267800882136,0.006553911205074092,0.013933547695605508,-0.004481434058898892,2.4115044247787543,-3.4418022528160175,-6.1435523114355295,-11.575931232091696,47.12935207041004,47.639205607230785,46.253067334509694,36.0852510766477,002129.SZ
2021-09-29,45.08,0.29193695340247583,2,-0.026139554979477175,-0.027725267800882136,0.006553911205074092,0.013933547695605508,-3.7985488689714075,-3.2410388495385356,-7.924836601307195,-17.916970138383103,46.75674260306276,47.395471739875475,46.20706469394069,36.17475106593479,002129.SZ
2021-09-30,45.87,-0.31740729636026577,3,0.01752440106477371,-0.026139554979477175,-0.027725267800882136,0.006553911205074092,-1.6720257234726699,-1.9871794871794912,-7.333333333333336,-15.055555555555555,46.59551667523317,47.25018871703019,46.19384647064889,36.27122120458221,002129.SZ
2021-10-08,46.2,0.450414501361049,4,0.007194244604316724,0.01752440106477371,-0.026139554979477175,-0.027725267800882136,-2.3255813953488302,-6.059373729158191,-2.4905023216547084,-7.470458642098931,46.523604552463496,47.15017074397969,46.19408778552541,36.37001502344209,002129.SZ
2021-10-11,46.1,-0.22016251146324295,0,-0.0021645021645021467,0.007194244604316724,0.01752440106477371,-0.026139554979477175,-3.1716026044948498,0.21739130434783593,-2.9269319856812026,-10.39844509232265,46.44658554292468,47.050154482648296,46.19039806844598,36.46683079435312,002129.SZ
2021-10-12,44.36,0.273796826542835,1,-0.03774403470715837,-0.0021645021645021467,0.007194244604316724,0.01752440106477371,-4.169367033916616,-1.8584070796460295,-7.4676679182311245,-10.056772100567724,46.06720635330201,46.793949293824646,46.118617752036336,36.545369791424235,002129.SZ
2021-10-13,48.01,0.5699588212308975,2,0.0822813345356177,-0.03774403470715837,-0.0021645021645021467,0.007194244604316724,6.499556344276836,2.45411865130174,3.0478643485726487,-1.9403594771241872,46.42044156179255,46.90976364679373,46.192789604897655,36.659445713897625,002129.SZ
2021-10-14,49.04,-0.029555033463430913,3,0.021453863778379434,0.0822813345356177,-0.03774403470715837,-0.0021645021645021467,6.910834968388935,5.123258306538059,4.7863247863247915,-0.9292929292929353,46.8967249141939,47.11264329948004,46.30444491450951,36.782635308784215,002129.SZ
2021-10-15,49.32,0.6022400279580742,4,0.005709624796084833,0.021453863778379434,0.0822813345356177,-0.03774403470715837,6.7532467532467555,4.2706131078224185,0.2846685644571023,4.094554664415351,47.337320384340465,47.32286774714861,46.42270197668561,36.90738520620925,002129.SZ
2021-10-18,49.75,-0.3512072077143089,0,0.008718572587185669,0.005709624796084833,0.021453863778379434,0.0822813345356177,7.917570498915394,4.494854022264239,8.15217391304348,4.758896609812591,47.77598940536947,47.55402319980112,46.55318425210971,37.03517241808777,002129.SZ
2021-10-19,49.98,0.14894534215377941,1,0.004623115577889303,0.008718572587185669,0.005709624796084833,0.021453863778379434,12.66907123534715,7.971484121840566,10.575221238938038,4.255319148936176,48.1767186043932,47.785068609343874,46.687569183399525,37.16397667263416,002129.SZ
2021-10-20,51.9,0.1677556828237492,2,0.038415366146458574,0.004623115577889303,0.008718572587185669,0.005709624796084833,8.102478650281197,15.128660159716055,10.755441741357231,11.397295556986474,48.85367885813989,48.17696683702541,46.89197823503092,37.3106037704189,002129.SZ
2021-10-21,49.63,-0.1695947202082172,3,-0.04373795761078991,0.038415366146458574,0.004623115577889303,0.008718572587185669,1.2030995106036002,8.197078700675831,6.387995712754568,6.04700854700857,48.994828156659906,48.31535094778489,46.99935163757873,37.433184827429656,002129.SZ
2021-10-22,49.46,-0.4212770203021845,4,-0.003425347572033055,-0.04373795761078991,0.038415366146458574,0.004623115577889303,0.28386050283859543,7.056277056277049,4.56659619450317,0.5693371289142046,49.07940485544901,48.424365143233956,47.095847651791324,37.5528546301418,002129.SZ
2021-10-25,50.76,0.33329689135946783,0,0.026283865750101,-0.003425347572033055,-0.04373795761078991,0.038415366146458574,2.0301507537688446,10.10845986984814,6.6162570888468775,10.347826086956523,49.38496760900373,48.64680655816405,47.23953990074069,37.684269011931434,002129.SZ
2021-10-26,49.49,0.19129195234100527,1,-0.025019700551615398,0.026283865750101,-0.003425347572033055,-0.04373795761078991,-0.9803921568627305,11.564472497745726,6.912940159861747,9.491150442477881,49.40406440736669,48.72711069548176,47.32779323796654,37.80173897201172,002129.SZ
2021-10-27,50.15,-0.20587332094392474,2,0.01333602748029894,-0.025019700551615398,0.026283865750101,-0.003425347572033055,-3.3718689788053924,4.45740470735263,11.2466725820763,7.020913358941527,49.53968906057274,48.86262396257874,47.43846801294825,37.924607240946926,002129.SZ
2021-10-28,49.65,-0.0048504042003501,3,-0.009970089730807596,0.01333602748029894,-0.025019700551615398,0.026283865750101,0.04029820672979412,1.243882544861341,8.240680183126226,6.430868167202575,49.559745595014064,48.937612156618854,47.525194757538515,38.04127781566387,002129.SZ
2021-10-29,52.36,0.7383793380678012,4,0.05458207452165165,-0.009970089730807596,0.01333602748029894,-0.025019700551615398,5.863323898099471,6.163828061638288,13.33333333333333,10.697674418604652,50.068882759556956,49.263553855988484,47.71479496312524,38.18375266326921,002129.SZ
2021-11-01,49.56,0.13754550131903232,0,-0.053475935828877,0.05458207452165165,-0.009970089730807596,0.01333602748029894,-2.36406619385342,-0.38190954773869024,7.505422993492417,4.095778197857602,49.97635862145569,49.291786822084816,47.78715594496347,38.29694915418196,002129.SZ
2021-11-02,47.05,-0.02363637287636,1,-0.050645682001614345,-0.053475935828877,0.05458207452165165,-0.009970089730807596,-4.930288947262085,-5.862344937975195,6.0640216411181225,1.641823287967159,49.444293417554654,49.07828331521959,47.7582478686904,38.384044187473684,002129.SZ
2021-11-03,48.25,-0.02709910022451001,2,0.025504782146652527,-0.050645682001614345,-0.053475935828877,0.05458207452165165,-3.7886340977068778,-7.032755298651249,0.49989585503020795,7.031943212067437,49.22714915981744,48.999399189960585,47.777532265996655,38.482212902026184,002129.SZ
2021-11-04,49.54,-0.33790639985590654,3,0.026735751295336785,0.025504782146652527,-0.050645682001614345,-0.053475935828877,-0.22155085599194768,-0.18134193028410683,1.0195758564437218,8.00087202964901,49.28403113075972,49.05088498139291,47.84664864772228,38.592240634344336,002129.SZ
2021-11-05,48.15,-0.2914021445482632,4,-0.028058134840532878,0.026735751295336785,0.025504782146652527,-0.050645682001614345,-8.04048892284187,-2.6486049332794193,-2.372262773722633,4.220779220779214,49.07784365243977,48.96508641173645,47.85854477918416,38.68734271758469,002129.SZ
2021-11-08,48.13,-0.1750006651994267,0,-0.0004153686396676237,-0.028058134840532878,0.026735751295336785,0.025504782146652527,-2.885391444713481,-5.181245074862084,-3.2562814070351664,4.403470715835134,48.90550844290526,48.88555437252346,47.86919008196126,38.78129950646445,002129.SZ
2021-11-09,48.43,-0.02631772945079247,1,0.006233118637024582,-0.0004153686396676237,-0.028058134840532878,0.026735751295336785,2.9330499468650517,-2.1418468377449984,-3.1012404961984763,9.17493237150586,48.81905236237703,48.84216824180694,47.891182627766696,38.877306476549386,002129.SZ
2021-11-10,47.68,0.08570563294972744,2,-0.015486268841627071,0.006233118637024582,-0.0004153686396676237,-0.028058134840532878,-1.181347150259071,-4.92522432701894,-8.131021194605005,-0.6873568006665276,48.611951932853934,48.73148555211104,47.88290095608957,38.96489546683247,002129.SZ
2021-11-11,47.11,-0.07076359832635992,3,-0.011954697986577223,-0.015486268841627071,0.006233118637024582,-0.0004153686396676237,-4.905127169963663,-5.115810674723065,-5.077574047954869,-3.935562805872761,48.33886976324412,48.57705835667189,47.85259111467429,39.045941283082904,002129.SZ
2021-11-12,47.85,0.19685840790979525,4,0.015707917639566915,-0.011954697986577223,-0.015486268841627071,0.006233118637024582,-0.6230529595015466,-8.613445378151251,-3.255155681358668,-2.980535279805352,48.24998435174519,48.50781470365552,47.85248950233412,39.13354385738059,002129.SZ
2021-11-15,46.01,0.1407661408837071,0,-0.0384535005224661,0.015707917639566915,-0.011954697986577223,-0.015486268841627071,-4.404737170164152,-7.1630347054076005,-9.35776201733649,-7.5175879396985,47.8427144696097,48.26992758902166,47.78023501204651,39.20196630656088,002129.SZ
2021-11-16,45.5,-0.17952901973582502,1,-0.011084546837643927,-0.0384535005224661,0.015707917639566915,-0.011954697986577223,-6.049969027462321,-3.2943676939426125,-8.062234794908063,-8.963585434173659,47.41676638422612,48.00612496149579,47.690814031181944,39.26463330848564,002129.SZ
2021-11-17,46.21,-0.10241798731341722,2,0.015604395604395638,-0.011084546837643927,-0.0384535005224661,0.015707917639566915,-3.0830536912751616,-4.227979274611393,-7.856430707876372,-10.963391136801537,47.19735431436682,47.835065441353336,47.63274289270422,39.33374143476937,002129.SZ
2021-11-18,45.77,-0.32326681407260205,3,-0.00952174853927712,0.015604395604395638,-0.011084546837643927,-0.0384535005224661,-2.8444067077053603,-7.610012111425101,-7.814702920443095,-7.777553898851497,46.937835348118305,47.63839254217683,47.559694151813865,39.39778380855277,002129.SZ
2021-11-19,46.42,0.49973117167790226,4,0.014201441992571562,-0.00952174853927712,0.015604395604395638,-0.011084546837643927,-2.9885057471264354,-3.592938733125639,-11.344537815126044,-6.146380913869787,46.84368346664225,47.522355157207606,47.51500026350744,39.46765660647761,002129.SZ
2021-11-22,47.01,0.10846064750978979,0,0.012710038776389432,0.014201441992571562,-0.00952174853927712,0.015604395604395638,2.1734405564007853,-2.3270309578225734,-5.1452784503632,-7.387706855791965,46.87392283634365,47.47355942794974,47.495196331605186,39.54270479944798,002129.SZ
2021-11-23,46.15,-0.20361985321557396,1,-0.018293980004254418,0.012710038776389432,0.014201441992571562,-0.00952174853927712,1.4285714285714235,-4.707825727854642,-1.9128586609989395,-6.748838149121039,46.74230050246299,47.34750614909738,47.44244353428734,39.60844903029925,002129.SZ
2021-11-24,44.94,0.46780483487189106,2,-0.026218851570964263,-0.018293980004254418,0.012710038776389432,0.014201441992571562,-2.7483228738368393,-5.746644295302017,-6.860103626943015,-10.388833499501493,46.41460950201517,47.11821984918334,47.344308493727056,39.66149928870423,002129.SZ
2021-11-25,44.92,-0.454945000372458,3,-0.0004450378282152556,-0.026218851570964263,-0.018293980004254418,0.012710038776389432,-1.857111645182441,-4.648694544682652,-9.325797335486474,-9.526686807653572,46.142862319830584,46.90886557783255,47.249237572404425,39.71382267886638,002129.SZ
2021-11-26,45.37,-0.11929817710875523,4,0.010017809439002656,-0.0004450378282152556,-0.026218851570964263,-0.018293980004254418,-2.2619560534252514,-5.182863113897607,-5.773624091381102,-13.34988540870894,46.002341898043206,46.76230695137231,47.175541981329744,39.77010305022094,002129.SZ
2021-11-29,44.83,0.46368029794717947,0,-0.011902137976636529,0.010017809439002656,-0.0004450378282152556,-0.026218851570964263,-4.637311210380767,-2.56465985655292,-6.856430500727207,-9.543987086359973,45.78918882567171,46.57827771790828,47.08355994284623,39.82045028355208,002129.SZ
2021-11-30,45.0,-0.3123075214313842,1,0.003792103502119115,-0.011902137976636529,0.010017809439002656,-0.0004450378282152556,-2.4918743228602325,-1.098901098901095,-7.082386950237451,-4.3570669500531345,45.64569994827685,46.42796555429796,47.001851709793435,39.87198809167594,002129.SZ
2021-12-01,42.18,2.330156958902903,2,-0.06266666666666665,0.003792103502119115,-0.011902137976636529,0.010017809439002656,-6.141522029372492,-8.721056048474363,-11.535234899328861,-12.580310880829016,45.01557268495379,46.02339740626959,46.81275948587997,39.89495338429608,002129.SZ
2021-12-02,41.27,-0.4092907185404331,3,-0.021574205784732015,-0.06266666666666665,0.003792103502119115,-0.011902137976636529,-8.125556544968827,-9.83176753331877,-12.39651878582041,-16.693580944691156,44.334559469507646,45.57069289138677,46.59539636878664,39.90863544017373,002129.SZ
2021-12-03,41.35,0.006471259992386846,4,0.0019384540828688568,-0.021574205784732015,-0.06266666666666665,0.003792103502119115,-8.860480493718303,-10.92201637225334,-13.584117032392895,-14.12253374870197,43.79191229323352,45.16872213982612,46.38969455040285,39.922977376092405,002129.SZ
2021-12-06,41.05,-0.3867691554685415,0,-0.007255139056832061,0.0019384540828688568,-0.021574205784732015,-0.06266666666666665,-8.4318536694178,-12.678153584343754,-10.78026515974788,-14.710159983378357,43.29338278537288,44.776462888414116,46.180294764112546,39.93419153155418,002129.SZ
2021-12-07,41.2,0.2529915770251723,1,0.0036540803897686658,-0.007255139056832061,0.0019384540828688568,-0.021574205784732015,-8.444444444444443,-10.725893824485366,-9.450549450549438,-14.928763163328506,42.912767733486895,44.43584737523182,45.98498908708853,39.94678664069294,002129.SZ
2021-12-08,40.76,0.010360919018825188,2,-0.010679611650485588,0.0036540803897686658,-0.007255139056832061,0.0019384540828688568,-3.366524419156003,-9.301290609701828,-11.793983986150192,-14.513422818791955,42.52135541830746,44.0857666728288,45.780087554261534,39.95487831590993,002129.SZ
2021-12-09,41.44,-0.03690630850941867,3,0.016683022571148287,-0.010679611650485588,0.0036540803897686658,-0.007255139056832061,0.41192149260962374,-7.747105966162071,-9.460345204282294,-12.035661218424965,42.32474534225155,43.83378889446415,45.60988804232971,39.96965564609989,002129.SZ
2021-12-10,41.69,0.22333751568381421,4,0.006032818532818451,0.016683022571148287,-0.010679611650485588,0.0036540803897686658,0.8222490931076187,-8.111086621115271,-10.18957345971565,-12.873563218390816,42.209337098205815,43.629618523562804,45.4561669426305,39.986773500367555,002129.SZ
2021-12-13,41.95,-0.26205736292692816,0,0.006236507555768878,0.006032818532818451,0.016683022571148287,-0.010679611650485588,2.192448233861155,-6.424269462413557,-10.76366730482875,-8.824168658987164,42.162184898532026,43.46965485465206,45.318670199782254,40.0063080924037,002129.SZ
2021-12-14,41.52,-0.34252768743957107,1,-0.0102502979737783,0.006236507555768878,0.006032818532818451,0.016683022571148287,0.7766990291262044,-7.733333333333325,-10.032502708559033,-8.747252747252743,42.045424007889835,43.2839734399233,45.16970274096726,40.02136970342456,002129.SZ
2021-12-15,41.62,-0.0709385783875468,2,0.002408477842003709,-0.0102502979737783,0.006236507555768878,0.006032818532818451,2.1099116781158056,-1.3276434329066,-7.3876279483756075,-9.932914953473283,41.968074188273505,43.125499778978224,45.03049871190972,40.03727647254472,002129.SZ
2021-12-16,42.36,0.4100421796728151,3,0.01777991350312358,0.002408477842003709,-0.0102502979737783,0.006236507555768878,2.220077220077221,2.6411436879088868,-5.6990204808548555,-7.450294953026004,42.03933342676923,43.05259503812316,44.92577327222699,40.06038814943482,002129.SZ
2021-12-17,40.42,0.4744744361669557,4,-0.045797922568460714,0.01777991350312358,0.002408477842003709,-0.0102502979737783,-3.0462940753178125,-2.2490931076178944,-10.910293145250161,-12.925463162429985,41.744909167356646,42.80187170115905,44.74907628115927,40.063966376803634,002129.SZ
2021-12-20,39.74,-0.1490565548028756,0,-0.016823354774863963,-0.045797922568460714,0.01777991350312358,0.002408477842003709,-5.268176400476765,-3.1912302070645437,-11.354004015168407,-15.464794724526687,41.38038022783726,42.51026487247724,44.55264191719225,40.06074283076579,002129.SZ
2021-12-21,40.15,-0.4467963968360479,1,0.010317060895822738,-0.016823354774863963,-0.045797922568460714,0.01777991350312358,-3.29961464354529,-2.548543689320404,-10.777777777777786,-13.001083423618631,41.15667473186684,42.28547774176512,44.37998929298863,40.06163096180295,002129.SZ
2021-12-22,40.32,0.08171910607954125,2,0.004234122042341193,0.010317060895822738,-0.016823354774863963,-0.045797922568460714,-3.12349831811628,-1.079489695780167,-4.409672830725464,-10.280373831775691,41.00455205334559,42.09828938540653,44.22077402659692,40.06420179800392,002129.SZ
2021-12-23,40.38,-0.27271337190040523,3,0.0014880952380953438,0.004234122042341193,0.010317060895822738,-0.016823354774863963,-4.674220963172793,-2.55791505791505,-2.1565301671916615,-10.106856634016026,40.890997134555484,41.93464277727258,44.07015543731861,40.06734406867055,002129.SZ
2021-12-24,40.0,0.36335178825892966,4,-0.009410599306587497,0.0014880952380953438,0.004234122042341193,0.010317060895822738,-1.0390895596239513,-4.053729911249693,-3.2648125755743718,-11.836014987877451,40.72899765554539,41.750391084199,43.91054149860024,40.06667397843503,002129.SZ
2021-12-27,38.89,0.12390123541406073,0,-0.02774999999999994,-0.009410599306587497,0.0014880952380953438,0.004234122042341193,-2.1389028686462086,-7.294398092967825,-5.261875761266744,-13.250055766227964,40.39463444544623,41.47797288570386,43.71365751826298,40.054965779644625,002129.SZ
2021-12-28,40.63,0.18601353823637035,1,0.044741578812034,-0.02774999999999994,-0.009410599306587497,0.0014880952380953438,1.1955168119551773,-2.1435452793834298,-1.383495145631064,-9.711111111111103,40.437428182637824,41.39721356325588,43.59272977244874,40.0606875131805,002129.SZ
2021-12-29,39.36,0.4328474284318642,2,-0.03125769136106338,0.044741578812034,-0.02774999999999994,-0.009410599306587497,-2.3809523809523836,-5.43008169149447,-3.4347399411187363,-6.685633001422476,40.241532149430945,41.20319322389818,43.42674036960762,40.05371549812398,002129.SZ
2021-12-30,40.54,-0.1295288676765457,3,0.029979674796748013,-0.03125769136106338,0.044741578812034,-0.02774999999999994,0.3962357602773636,-4.296506137865908,-2.1718146718146647,-1.76883935061789,40.29579903135259,41.14003196447931,43.31353486491713,40.05855414988394,002129.SZ
2021-12-31,41.75,0.2252248073999641,4,0.029847064627528397,0.029979674796748013,-0.03125769136106338,0.044741578812034,4.374999999999996,3.2904502721424977,0.1439194051331416,0.96735187424426,40.5601992074703,41.19812415833842,43.25221977217529,40.07538445685027,002129.SZ
2022-01-04,40.07,-0.21307531512737587,1,-0.04023952095808381,0.029847064627528397,0.029979674796748013,-0.03125769136106338,3.0341990228850646,0.8303975842979261,-4.481525625744942,-2.387332521315466,40.471072078839335,41.09068376230619,43.12742683993312,40.0753308801652,002129.SZ
2022-01-05,39.77,-0.15908070550507758,2,-0.0074868979286247805,-0.04023952095808381,0.029847064627528397,0.029979674796748013,-2.11666256460743,-0.9464508094644941,-4.214836223506746,-3.470873786407769,40.343604428141276,40.964904356372266,42.99576304228869,40.0722927619546,002129.SZ
2022-01-06,39.08,-0.16388493415365835,3,-0.017349761126477348,-0.0074868979286247805,-0.04023952095808381,0.029847064627528397,-0.7113821138211462,-3.0753968253968256,-6.102835175396438,-4.121687929342488,40.113858168479226,40.78538965576538,42.842203707296974,40.06241920213416,002129.SZ
2022-01-07,37.74,0.3605521812833046,4,-0.03428863868986687,-0.017349761126477348,-0.0074868979286247805,-0.04023952095808381,-6.906758756783415,-6.537890044576522,-10.906515580736542,-8.92857142857142,39.68224759239209,40.495352545692484,42.642117287402975,40.03931055335671,002129.SZ
2022-01-10,37.79,-0.40824775675766267,0,0.001324854266030684,-0.03428863868986687,-0.017349761126477348,-0.0074868979286247805,-9.48502994011976,-5.525000000000002,-6.506679861454733,-9.35476133365315,39.33820257559353,40.237699922293196,42.451838178093055,40.01692935382082,002129.SZ
2022-01-11,39.45,0.8497540434129898,1,0.04392696480550429,0.001324854266030684,-0.03428863868986687,-0.017349761126477348,-1.547292238582476,1.4399588583183354,-0.7297433316557633,-5.959475566150174,39.358529380031065,40.1626808820748,42.334119033854115,40.0112882657231,002129.SZ
2022-01-12,41.36,0.2899195050864414,2,0.048415716096324335,0.04392696480550429,0.001324854266030684,-0.03428863868986687,3.997988433492572,1.7967019443760668,3.013698630136985,-0.3853564547206201,39.722433129116325,40.276711274258155,42.29591828742847,40.02470828297959,002129.SZ
2022-01-13,41.2,-0.24699262401468858,3,-0.003868471953578201,0.048415716096324335,0.04392696480550429,0.001324854266030684,5.4247697031729825,4.674796747967491,2.182539682539697,-1.0091302258529389,39.99108165109517,40.364643533852615,42.25294109968618,40.036402727925065,002129.SZ
2022-01-14,40.84,-0.2740180983110345,4,-0.008737864077669855,-0.003868471953578201,0.048415716096324335,0.04392696480550429,8.214096449390574,0.7400098667982302,1.1391778107974204,-3.5882908404154756,40.14543044180514,40.409915578247606,42.19753164479653,40.04439872068203,002129.SZ
2022-01-17,41.01,0.08844010133912428,0,0.004162585700293597,-0.008737864077669855,-0.003868471953578201,0.048415716096324335,8.520772691188139,-1.7724550898203684,2.5249999999999995,1.4596734289955338,40.30262490693147,40.46706647555735,42.15096177637314,40.054006693610575,002129.SZ
2022-01-18,41.1,-0.3369466907852735,1,0.002194586686174116,0.004162585700293597,-0.008737864077669855,-0.003868471953578201,4.1825095057034245,2.5705016221612143,5.682694780149133,3.4222445898339116,40.44760219658029,40.5273458588376,42.10974758906438,40.06441458720649,002129.SZ
2022-01-19,40.78,0.07024934304226593,2,-0.007785888077858849,0.002194586686174116,0.004162585700293597,-0.008737864077669855,-1.4023210831721422,2.539602715614775,0.36918533103618145,1.5691158156911689,40.50803816083842,40.55140815799592,42.057600624787355,40.071534840070115,002129.SZ
2022-01-20,40.75,0.19998875414690853,3,-0.0007356547327120877,-0.007785888077858849,0.002194586686174116,0.004162585700293597,-1.092233009708743,4.273285568065521,3.531504065040658,1.0664682539682557,40.552031222504155,40.57032166675821,42.00632216891334,40.07828573718385,002129.SZ
2022-01-21,40.91,-0.12923480624150696,4,0.003926380368098004,-0.0007356547327120877,-0.007785888077858849,0.002194586686174116,0.1714005876591429,8.39957604663486,0.9126788357177951,1.312530955918767,40.617116454776124,40.60267198420981,41.963329142681445,40.086561500992964,002129.SZ
2022-01-24,41.72,0.37029363755403666,0,0.01979956000977756,0.003926380368098004,-0.0007356547327120877,-0.007785888077858849,1.7312850524262346,10.39957660756814,-0.07185628742515382,4.299999999999993,40.81764073572592,40.70908417618983,41.9537868233606,40.10281462038607,002129.SZ
2022-01-25,41.65,0.3765160192427268,1,-0.001677852348993314,0.01979956000977756,0.003926380368098004,-0.0007356547327120877,1.338199513381988,5.5766793409378845,3.943099575742437,7.0969400874260735,40.968978783775746,40.7986952070289,41.94187361460136,40.118209499785216,002129.SZ
2022-01-26,43.38,0.2539619896248886,2,0.04153661464585845,-0.001677852348993314,0.01979956000977756,0.003926380368098004,6.375674350171656,4.883945841392667,9.077193864722144,6.768397735663312,41.4073462776347,41.044533758740435,41.99827072775425,40.150665126653024,002129.SZ
2022-01-27,42.6,-0.19910360151978224,3,-0.017980636237897696,0.04153661464585845,-0.001677852348993314,0.01979956000977756,4.539877300613493,3.398058252427183,9.007164790174006,8.231707317073166,41.62419240897384,41.19267340076516,42.021867954116836,40.17503661793011,002129.SZ
2022-01-28,42.9,0.06880225742611756,4,0.007042253521126751,-0.017980636237897696,0.04153661464585845,-0.001677852348993314,4.864336348081166,5.044074436826618,13.672496025437187,5.821410952146033,41.856157425524046,41.35527593402561,42.05630450493578,40.202150681433295,002129.SZ
2022-02-07,43.68,-0.07579314805134973,0,0.0181818181818183,0.007042253521126751,-0.017980636237897696,0.04153661464585845,4.697986577181212,6.5106071689831735,15.58613389785657,4.622754491017966,42.187765166337854,41.576678226023176,42.11997883807555,40.23675614728968,002129.SZ
2022-02-08,42.39,-0.1614246822216684,1,-0.02953296703296704,0.0181818181818183,0.007042253521126751,-0.017980636237897696,1.776710684273719,3.1386861313868586,7.452471482889722,5.789867731469922,42.22453513609461,41.6541374425924,42.130567903249066,40.25818145925695,002129.SZ
2022-02-09,42.5,-0.3283092416993889,2,0.0025949516395376016,-0.02953296703296704,0.0181818181818183,0.007042253521126751,-2.028584601198713,4.217753800882784,2.756286266924568,6.864470706562731,42.274619656804674,41.73469578139313,42.14505543645498,40.28048811140365,002129.SZ
2022-02-10,43.4,0.7678889011802548,3,0.021176470588235352,0.0025949516395376016,-0.02953296703296704,0.0181818181818183,1.8779342723004522,6.5030674846625836,5.339805825242716,11.054247697031737,42.479234264658366,41.89329618316521,42.19426894875087,40.31152803069317,002129.SZ
2022-02-11,42.31,-0.1967779665667102,4,-0.025115207373271775,0.021176470588235352,0.0025949516395376016,-0.02953296703296704,-1.3752913752913654,3.4221461745294723,3.5994123408423118,12.10916799152093,42.44846439835685,41.932982260959,42.198807421348874,40.3314133239201,002129.SZ
2022-02-14,42.33,-0.06327490636704114,0,0.00047270148900957487,-0.025115207373271775,0.021176470588235352,0.0025949516395376016,-3.090659340659341,1.4621284755512942,3.218727139722022,12.013760254035466,42.42692541683742,41.970793474201,42.2039522283548,40.35129975850796,002129.SZ
2022-02-15,43.53,0.03309961872105216,1,0.028348688873139682,0.00047270148900957487,-0.025115207373271775,0.021176470588235352,2.689313517338987,4.51380552220888,5.912408759124088,10.34220532319392,42.62748443195789,42.11928933380091,42.25595410175265,40.38292861663226,002129.SZ
2022-02-16,42.95,-0.19531240324478305,2,-0.013324144268320626,0.028348688873139682,0.00047270148900957487,-0.025115207373271775,1.0588235294117787,-0.9912402028584566,5.321235899950971,3.844294003868476,42.68612362614736,42.19840463534368,42.283171587958435,40.40847161547175,002129.SZ
2022-02-17,43.41,0.18252545229282258,3,0.010710128055878787,-0.013324144268320626,0.028348688873139682,0.00047270148900957487,0.023041474654372784,1.9014084507042117,6.527607361963184,5.3640776699029,42.81773751230239,42.31379467007285,42.327360937450266,40.438337569546654,002129.SZ
2022-02-18,43.32,-0.40780123382877376,4,-0.0020732550103661485,0.010710128055878787,-0.013324144268320626,0.028348688873139682,2.3871425194989415,0.9790209790209836,5.89098020044001,6.072477962781586,42.90905796461104,42.409623749113535,42.366287959511034,40.46701082756111,002129.SZ
2022-02-21,44.98,1.798509922858838,0,0.038319482917820835,-0.0020732550103661485,0.010710128055878787,-0.013324144268320626,6.260335459484989,2.9761904761904656,7.813998082454443,9.680565715679101,43.2855928801363,42.6544214872932,42.468786470902764,40.51191619246101,002129.SZ
2022-02-22,45.55,0.14565123493148002,1,0.01267229879946652,0.038319482917820835,-0.0020732550103661485,0.010710128055878787,4.6404778313806405,7.4545883463080775,9.363745498199272,10.827250608272498,43.69730326556606,42.93019086945575,42.58961837400462,40.5620463796007,002129.SZ
2022-02-23,46.66,-0.13435905169606843,2,0.024368825466520194,0.01267229879946652,0.038319482917820835,-0.0020732550103661485,8.637951105937125,9.78823529411763,7.561088059013366,14.418832761157429,44.2359753990995,43.285410786650445,42.74924118286719,40.62272253502756,002129.SZ
2022-02-24,46.81,0.38881937900396735,3,0.0032147449635664405,0.024368825466520194,0.01267229879946652,0.038319482917820835,7.832296705828168,7.857142857142874,9.882629107981234,14.871165644171791,44.7039798719905,43.62108594982659,42.90848662667632,40.684287484927786,002129.SZ
2022-02-25,47.49,-0.42603695372659034,4,0.014526810510574695,0.0032147449635664405,0.024368825466520194,0.01267229879946652,9.626038781163437,12.242968565350987,10.699300699300718,16.08408702028845,45.21052898617404,43.989553954605014,43.08815381778705,40.75200601741607,002129.SZ
2022-02-28,47.98,-0.020682975288712324,0,0.010317961676142184,0.014526810510574695,0.0032147449635664405,0.024368825466520194,6.66963094708759,13.34750767776991,9.844322344322332,15.004793863854271,45.714069170506036,44.36959643511882,43.279990922971876,40.82392635555124,002129.SZ
2022-03-01,47.96,0.15019197508635074,1,-0.00041684035014577514,0.010317961676142184,0.014526810510574695,0.0032147449635664405,5.290889132821075,10.176889501493225,13.139891483840538,15.150060024009605,46.12242023041403,44.71153963177417,43.46352069069847,40.894932063456196,002129.SZ
2022-03-02,47.66,-0.20527135064579993,2,-0.00625521267723117,-0.00041684035014577514,0.010317961676142184,0.014526810510574695,2.1431633090441604,10.966239813736877,12.141176470588233,9.866297833102799,46.40198018852057,44.99234538112901,43.62808850674951,40.96224617227753,002129.SZ
2022-03-03,46.67,-0.27282866226841196,3,-0.020772135963071703,-0.00625521267723117,-0.00041684035014577514,0.010317961676142184,-0.2990813928647751,7.509790370882308,7.534562211981566,9.553990610328643,46.45071106333501,45.15212201149768,43.74737915354365,41.01903974270263,002129.SZ
2022-03-04,46.9,0.30862322877003967,4,0.004928219412899004,-0.020772135963071703,-0.00625521267723117,-0.00041684035014577514,-1.2423668140661315,8.264081255771005,10.848499172772375,9.32400932400932,46.53239996091045,45.31858658183124,43.871011343600756,41.07755676018818,002129.SZ
2022-03-07,46.02,0.13421652604388368,0,-0.018763326226012733,0.004928219412899004,-0.020772135963071703,-0.00625521267723117,-4.085035431429751,2.3121387283237205,8.717221828490441,5.35714285714286,46.439236331654,45.38538785975207,43.95528540855759,41.126735299887805,002129.SZ
2022-03-08,46.29,0.3177871342864633,1,0.005867014341590426,-0.018763326226012733,0.004928219412899004,-0.020772135963071703,-3.482068390325277,1.624588364434687,6.340454858718125,9.200283085633409,46.41210245317145,45.47154139691854,44.04684284351612,41.17811106804813,002129.SZ
2022-03-09,47.3,0.25260599534978057,2,0.02181896737956368,0.005867014341590426,-0.018763326226012733,0.004928219412899004,-0.7553503986571508,1.3716245177882502,10.128055878928976,11.29411764705881,46.57353837077664,45.64568031149773,44.17441763396646,41.239025385778994,002129.SZ
2022-03-10,47.36,-0.0656496918242323,3,0.0012684989429176952,0.02181896737956368,0.005867014341590426,-0.018763326226012733,1.4784658238697235,1.1749626148258807,9.099285878829777,9.124423963133644,46.71653139427179,45.80894885325985,44.29934243263445,41.299930605821,002129.SZ
2022-03-11,47.3,-0.30811255849922004,4,-0.0012668918918918859,0.0012684989429176952,0.02181896737956368,0.005867014341590426,0.8528784648187626,-0.40008422825859036,9.187442289935355,11.79390215079177,46.822616595313285,45.95095372437796,44.41701527841349,41.359632788847655,002129.SZ
2022-03-14,46.12,-0.1839436524721899,0,-0.02494714587737845,-0.0012668918918918859,0.0012684989429176952,0.02181896737956368,0.21729682746629564,-3.876615256356819,2.5344597598932816,8.953460902433253,46.694868123438134,45.9670533696753,44.48379899298551,41.40699962676957,002129.SZ
2022-03-15,44.05,0.47815665808675933,1,-0.044882914137033825,-0.02494714587737845,-0.0012668918918918859,0.0012684989429176952,-4.839058111903228,-8.152627189324447,-3.2930845225027428,1.1945784516425473,46.21398301008574,45.78447685827765,44.46678726777039,41.43329813794599,002129.SZ
2022-03-16,45.53,0.16138939700138177,2,0.03359818388195235,-0.044882914137033825,-0.02494714587737845,-0.0012668918918918859,-3.7420718816067566,-4.469156525388152,-2.4217745392198786,6.006984866123388,46.08962246279742,45.76024096701311,44.50848188472058,41.47406134055349,002129.SZ
2022-03-17,45.58,-0.27700307093410736,3,0.0010981770261364598,0.03359818388195235,-0.044882914137033825,-0.02494714587737845,-3.758445945945943,-2.3355474608956595,-2.6276436658833613,4.998848191660921,45.99696383319789,45.74307516063091,44.55050220296683,41.51491645159276,002129.SZ
2022-03-18,44.8,-0.34108951156054235,4,-0.017112768758227315,0.0010981770261364598,0.03359818388195235,-0.044882914137033825,-5.285412262156452,-4.477611940298509,-5.664350389555706,3.416435826408115,45.77933404534372,45.65325847866606,44.56028643030147,41.54760385008438,002129.SZ
2022-03-21,45.89,0.17264852378546158,0,0.02433035714285725,-0.017112768758227315,0.0010981770261364598,0.03359818388195235,-0.49869904596703263,-0.28248587570621764,-4.355981659024588,2.0231213872832443,45.799455128008496,45.675805290221675,44.61243206048572,41.59081177197409,002129.SZ
2022-03-22,44.38,-0.052300134813200616,1,-0.03290477228154276,0.02433035714285725,-0.017112768758227315,0.0010981770261364598,0.7491486946651582,-4.126161157917474,-7.464553794829021,-2.5686059275521256,45.54137237746149,45.55239526258151,44.60331707772158,41.61856488867087,002129.SZ
2022-03-23,44.55,-0.2880007275042058,2,0.003830554303740241,-0.03290477228154276,0.02433035714285725,-0.017112768758227315,-2.152426971227772,-5.813953488372093,-6.525388166177082,-4.522074582083158,45.36112285428668,45.45692904709756,44.60122621192858,41.6477333972413,002129.SZ
2022-03-24,44.12,-0.08463412186510733,3,-0.009652076318742986,0.003830554303740241,-0.03290477228154276,0.02433035714285725,-3.2031592803861364,-6.841216216216218,-5.463895436040289,-5.746635334330286,45.13546415350728,45.329602471183506,44.58235459577451,41.67233306493044,002129.SZ
2022-03-25,43.15,0.11252192632753943,4,-0.02198549410698092,-0.009652076318742986,0.003830554303740241,-0.03290477228154276,-3.6830357142857095,-8.773784355179703,-7.995735607675902,-9.138766056011793,44.774470671051404,45.122021283451744,44.52618382731277,41.68703621851323,002129.SZ
2022-03-28,42.82,-0.132406428609822,0,-0.0076477404403244575,-0.02198549410698092,-0.009652076318742986,0.003830554303740241,-6.68991065591632,-7.1552471812662555,-6.953498478922215,-10.754481033764062,44.419112367223875,44.90278116121824,44.45927465761423,41.69830948997081,002129.SZ
2022-03-29,42.92,-0.00446069016789552,1,0.0023353573096684954,-0.0076477404403244575,-0.02198549410698092,-0.009652076318742986,-3.289770166741779,-2.565266742338246,-7.280190105854389,-10.508757297748117,44.146546482274076,44.713944860149844,44.398910945550924,41.710465614448715,002129.SZ
2022-03-30,44.16,0.47386271703279603,2,0.02889095992544255,0.0023353573096684954,-0.0076477404403244575,-0.02198549410698092,-0.8754208754208737,-3.009005051614333,-6.638477801268506,-7.343684431389008,44.14899257640606,44.661188206802244,44.38954188886265,41.73483909092187,002129.SZ
2022-03-31,42.7,-0.2092947973624395,3,-0.03306159420289845,0.02889095992544255,0.0023353573096684954,-0.0076477404403244575,-3.218495013599265,-6.318560772268533,-9.839527027027017,-8.506535247482317,43.88553938069587,44.47440837758299,44.32328534420137,41.74444268205698,002129.SZ
2022-04-01,41.99,0.29502491990032054,4,-0.01662763466042161,-0.03306159420289845,0.02889095992544255,0.0023353573096684954,-2.688296639629195,-6.272321428571415,-11.22621564482028,-10.469083155650317,43.54089585693298,44.237798055908414,44.23178395815427,41.74688603845442,002129.SZ
2022-04-06,40.68,0.14535870633431602,2,-0.031197904262919796,-0.01662763466042161,-0.03306159420289845,0.02889095992544255,-4.997664642690336,-11.353235999128353,-11.79531656548135,-11.603650586701441,43.02073297385425,43.898960145821896,44.09249831273645,41.736270256977264,002129.SZ
2022-04-07,40.38,-0.4066782671306852,3,-0.007374631268436516,-0.031197904262919796,-0.01662763466042161,-0.03306159420289845,-5.917986952469711,-9.013068949977466,-8.331441543700324,-12.767336357744641,42.54059970588075,43.56382108431505,43.946910143609536,41.72277503053968,002129.SZ
2022-04-08,41.91,0.4599273889343971,4,0.0378900445765229,-0.007374631268436516,-0.031197904262919796,-0.01662763466042161,-5.095108695652173,-5.925925925925924,-7.95080166922909,-11.395348837209307,42.42594521390243,43.40631431438028,43.867031314448376,41.72463796555918,002129.SZ
2022-04-11,40.53,-0.10349676507668215,0,-0.03292770221904073,0.0378900445765229,-0.007374631268436516,-0.031197904262919796,-5.0819672131147575,-8.136899365367167,-11.079420798595873,-14.421452702702698,42.0812279022838,43.132379617772635,43.73616734133275,41.71275102062825,002129.SZ
2022-04-12,42.58,0.2570602916064626,1,0.050579817419195594,-0.03292770221904073,0.0378900445765229,-0.007374631268436516,1.4050964515360809,-1.3209733487833164,-4.955357142857142,-9.97885835095137,42.1719137382322,43.079772035127625,43.690827445594216,41.72138036370657,002129.SZ
2022-04-13,42.5,-0.24540537218022007,2,-0.0018788163457021945,0.050579817419195594,-0.03292770221904073,0.0378900445765229,4.4739429695181965,-0.7473143390938852,-7.38723033340597,-7.849089332176929,42.23156578582634,43.024555650829754,43.64412833008072,41.72912782277417,002129.SZ
2022-04-14,43.15,-0.010442715757748688,3,0.01529411764705868,-0.0018788163457021945,0.050579817419195594,-0.03292770221904073,6.85983159980188,0.5358807082944894,-2.771518702118081,-2.0431328036322305,42.398553824767,43.03650273170311,43.62475074850893,41.743265854388355,002129.SZ
2022-04-15,40.41,1.2040779368306676,4,-0.06349942062572422,0.01529411764705868,-0.0018788163457021945,0.050579817419195594,-3.5790980672870454,-8.491847826086962,-9.292929292929298,-11.245332747638926,42.036998583900264,42.78635961439805,43.49868209170466,41.729999527479016,002129.SZ
2022-04-18,41.14,-0.536689846801963,0,0.018064835436773174,-0.06349942062572422,0.01529411764705868,-0.0018788163457021945,1.5050579817419196,-3.653395784543334,-6.754306436990021,-9.741114523913996,41.87390793228204,42.62956346064586,43.40618475477507,41.72412888541455,002129.SZ
2022-04-19,41.61,-0.09587682882592408,1,0.011424404472532679,0.018064835436773174,-0.06349942062572422,0.01529411764705868,-2.2780648191639274,-0.9049773755656187,-3.568945538818069,-7.1205357142857135,41.825924671867114,42.532462178679594,43.335746136940756,41.72299327461441,002129.SZ
2022-04-20,40.71,-0.17265359616979148,2,-0.021629416005767843,0.011424404472532679,0.018064835436773174,-0.06349942062572422,-4.211764705882349,0.07374631268437515,-4.927603923400281,-11.287862279363692,41.62302927698218,42.358894352138684,43.23277570019798,41.71291373954362,002129.SZ
2022-04-21,38.33,0.7350855640329323,3,-0.058462294276590554,-0.021629416005767843,0.011424404472532679,0.018064835436773174,-11.170336037079952,-5.076770678553755,-10.694315004659838,-13.63226678684093,41.024296681167236,41.975190128125476,43.04050998646473,41.67925290631433,002129.SZ
2022-04-22,38.77,-0.014887366544727332,4,0.011479259066005776,-0.058462294276590554,-0.021629416005767843,0.011424404472532679,-4.058401385795585,-7.49224528752086,-12.205615942028968,-12.97418630751963,40.61442455731864,41.669933925446855,42.87303900660337,41.65030511620175,002129.SZ
2022-04-25,35.73,-0.01890147025445732,0,-0.07841114263605897,0.011479259066005776,-0.058462294276590554,-0.021629416005767843,-13.150218765192035,-11.843079200592166,-16.32318501170962,-19.01631912964642,39.72634736507888,41.10422593254716,42.59291982987383,41.59139660758283,002129.SZ
2022-04-26,34.21,-0.0008289742568150515,1,-0.04254128183599204,-0.07841114263605897,0.011479259066005776,-0.058462294276590554,-17.78418649363134,-19.657116016909338,-18.52822100500119,-20.718424101969866,38.723375116882714,40.447632986590285,42.264177875761135,41.51794987516907,002129.SZ
2022-04-27,37.5,0.34901759012123357,2,0.09617071031862023,-0.04254128183599204,-0.07841114263605897,0.011479259066005776,-7.885040530582166,-11.764705882352944,-7.817109144542778,-12.424100887435774,38.500943277449494,40.16690603548645,42.07734737082932,41.477970274421125,002129.SZ
2022-04-28,38.48,-0.12916682558449977,3,0.026133333333333342,0.09617071031862023,-0.04254128183599204,-0.07841114263605897,0.3913383772501833,-10.822711471610669,-4.705299653293727,-10.344827586206906,38.49713540882231,40.00624831782107,41.93627492491445,41.44813972442689,002129.SZ
2022-04-29,39.02,-0.04256565512786126,4,0.014033264033264103,0.026133333333333342,0.09617071031862023,-0.04254128183599204,0.6448284756254807,-3.4397426379608853,-6.895728942973022,-11.63949275362317,38.59220169812734,39.91231990660002,41.82191120236879,41.42397913015398,002129.SZ
2022-05-05,39.02,0.17930742663708532,3,0.0,0.014033264033264103,0.026133333333333342,0.09617071031862023,9.207948502658848,-5.153135634419048,-3.725635331852939,-8.618266978922717,38.66998320755873,39.8273370583524,41.71203233168766,41.40005893980419,002129.SZ
2022-05-06,38.17,-0.36856702320574863,4,-0.021783700666324957,0.0,0.014033264033264103,0.026133333333333342,11.575562700964625,-8.267243451093487,-10.356975105683407,-9.097404143843768,38.57907716982078,39.66949543374741,41.57312910299403,41.367919049855885,002129.SZ
2022-05-09,37.96,-0.1275608932026906,0,-0.005501702908042971,-0.021783700666324957,0.0,0.014033264033264103,1.2266666666666648,-6.755097027757307,-10.682352941176465,-6.686332350049162,38.466517684398816,39.50668634481909,41.43143776562172,41.334009407568765,002129.SZ
2022-05-10,40.08,0.8244613434727504,1,0.05584826132771337,-0.005501702908042971,-0.021783700666324957,0.0,4.158004158004158,4.565614401252294,-7.1147161066048685,-0.7429420505200679,38.75987810541721,39.561287645312504,41.37844020618558,41.32153170202082,002129.SZ
2022-05-11,40.85,-0.0928949094978967,2,0.019211576846307477,0.05584826132771337,-0.005501702908042971,-0.021783700666324957,4.6899026140440725,5.364972917204014,1.0888393961890674,-2.5292293008828293,39.13990026806862,39.68402215528275,41.35771706084497,41.31683984428927,002129.SZ
2022-05-12,40.14,-0.27783568754254584,3,-0.017380660954712357,0.019211576846307477,0.05584826132771337,-0.005501702908042971,2.8703229113275164,12.34256926952142,-2.4307243558580494,-0.9622501850481191,39.32173658296523,39.72744861668439,41.309963450615754,41.305129995092365,002129.SZ
2022-05-13,40.04,-0.3096325208041829,4,-0.0024912805181863673,-0.017380660954712357,0.019211576846307477,0.05584826132771337,4.899135446685876,17.041800643086802,-3.7731314587839515,-5.965241897604512,39.452329931517006,39.7572154150954,41.260160962356316,41.29254163693224,002129.SZ
2022-05-16,39.55,0.11455544295695752,0,-0.012237762237762295,-0.0024912805181863673,-0.017380660954712357,0.019211576846307477,4.1886195995785025,5.466666666666664,-2.8494227462540045,-6.941176470588239,39.47008812578664,39.737480613657745,41.19309582657763,41.2752029141767,002129.SZ
2022-05-17,40.54,0.1603594808774551,1,0.025031605562578996,-0.012237762237762295,-0.0024912805181863673,-0.017380660954712357,1.1477045908183658,5.353430353430366,5.765718758152882,-6.0486674391657,39.664617557461796,39.81391103140463,41.167484225535375,41.26788746229435,002129.SZ
2022-05-18,40.97,-0.02027400423956005,2,0.010606808090774633,0.025031605562578996,-0.012237762237762295,-0.0024912805181863673,0.29375764993879727,4.997437211686306,5.674490585504244,1.3857955951497303,39.901959819741464,39.92401474269943,41.159739746102616,41.26492340794316,002129.SZ
2022-05-19,44.03,1.6076645254712454,3,0.07468879668049788,0.010606808090774633,0.025031605562578996,-0.012237762237762295,9.691081215744891,12.839569451563303,23.229778897285215,7.024793388429762,40.65251257978847,40.31506095768044,41.27229897174565,41.292436607864126,002129.SZ
2022-05-20,44.0,-0.4453591871918796,4,-0.0006813536225300787,0.07468879668049788,0.010606808090774633,0.025031605562578996,9.8901098901099,15.27377521613833,28.617363344051448,5.743811583753899,41.26114665619056,40.66600753313944,41.37926763952033,41.31937753713911,002129.SZ
2022-05-23,43.86,-0.24149131231991627,0,-0.0031818181818181746,-0.0006813536225300787,0.07468879668049788,0.010606808090774633,10.897597977244011,15.54267650158061,16.959999999999997,7.737656595431086,41.7336654459741,40.97019729188806,41.47655126149992,41.34465736264021,002129.SZ
2022-05-24,42.68,0.3199726801117353,1,-0.026903784769721883,-0.0031818181818181746,-0.0006813536225300787,0.07468879668049788,5.278737049827331,6.487025948103797,10.914760914760912,11.34881294025567,41.9057262739788,41.13303564504158,41.523745329676395,41.35794435405673,002129.SZ
2022-05-25,42.68,-0.2253274652186299,2,0.0,-0.026903784769721883,-0.0031818181818181746,-0.0006813536225300787,4.173785696851362,4.479804161566703,9.379805228088145,10.085117358782547,42.04650331507356,41.28036558360905,41.56908865008124,41.371099136603426,002129.SZ
2022-05-26,42.87,-0.09014154271047548,3,0.004451733833177096,0.0,-0.026903784769721883,-0.0031818181818181746,-2.6345673404497005,6.801195814648731,9.866735007688355,19.983207388748948,42.196229985060185,41.43175933755104,41.62010478145061,41.38601357305514,002129.SZ
2022-05-27,42.55,-0.0656988493421865,4,-0.007464427338465085,0.004451733833177096,0.0,-0.026903784769721883,-3.295454545454557,6.268731268731265,11.474980351061026,24.3788365974861,42.26055180595833,41.538258448260464,41.65657126060941,41.3975955275521,002129.SZ
2022-05-30,42.75,-0.1430475854153792,0,0.004700352526439522,-0.007464427338465085,0.004451733833177096,0.0,-2.530779753761969,8.091024020227566,12.618545837723927,13.99999999999999,42.34954238669317,41.65366240556899,41.69945081901689,41.411052288471986,002129.SZ
2022-05-31,43.6,0.8396674461969569,1,0.019883040935672502,0.004700352526439522,-0.007464427338465085,0.004451733833177096,2.1555763823805085,7.548100641341882,8.782435129740529,13.305613305613328,42.576898316385325,41.839027890752895,41.7739821594476,41.43283286271605,002129.SZ
2022-06-01,43.0,-0.3652328765589038,2,-0.013761467889908285,0.019883040935672502,0.004700352526439522,-0.007464427338465085,0.7497656982193179,4.954845008542841,5.263157894736836,10.199897488467435,42.65382589522436,41.949596663062145,41.82206129044965,41.4484265655746,002129.SZ
2022-06-02,43.75,0.7150708860089456,3,0.01744186046511631,-0.013761467889908285,0.019883040935672502,0.004700352526439522,2.052717518077918,-0.6359300476947549,8.99352267065272,12.121988723731402,42.853130277910836,42.12106364753242,41.897666730039866,41.47132779377784,002129.SZ
2022-06-06,45.49,0.4532445153159641,0,0.03977142857142857,0.01744186046511631,-0.013761467889908285,0.019883040935672502,6.9095182138660505,3.386363636363643,13.61138861138862,19.177364422321187,43.3325611364725,42.4419147287198,42.03854254454811,41.511314581899455,002129.SZ
2022-06-07,45.08,-0.28331646125202636,1,-0.009012969883490984,0.03977142857142857,0.01744186046511631,-0.013761467889908285,5.450292397660816,2.7815777473780168,13.982300884955755,18.756585879873544,43.650277293477494,42.693160945032204,42.15781538593838,41.54682388954225,002129.SZ
2022-06-08,44.97,-0.20700231138505298,2,-0.0024401064773735825,-0.009012969883490984,0.03977142857142857,0.01744186046511631,3.1422018348623793,5.365510777881899,10.927479033053778,12.200598802395213,43.89022687648158,42.91000275979104,42.26809713550942,41.58088534337765,002129.SZ
2022-06-09,45.12,0.3707952641642218,3,0.0033355570380253496,-0.0024401064773735825,-0.009012969883490984,0.03977142857142857,4.930232558139536,5.716963448922208,10.129362948498887,10.452876376988973,44.11382198984856,43.120478687429994,42.37993646352866,41.61610041458783,002129.SZ
2022-06-10,45.73,0.1033489475190712,4,0.01351950354609932,0.0033355570380253496,-0.0024401064773735825,-0.009012969883490984,4.5257142857142885,6.6713319337531996,3.8610038610038533,13.92625809666168,44.40767253714882,43.36900452672237,42.5113115041746,41.657034738820784,002129.SZ
2022-06-13,46.38,-0.006213814516195515,0,0.014213863984255504,0.01351950354609932,0.0033355570380253496,-0.0024401064773735825,1.956473950318749,9.00117508813163,5.409090909090919,15.834165834165837,44.76627753039449,43.65576600036786,42.66302477852069,41.7040294180365,002129.SZ
2022-06-14,45.51,-0.0370643539946216,1,-0.018758085381630152,0.014213863984255504,0.01351950354609932,0.0033355570380253496,0.9538598047914792,6.456140350877182,3.7619699042407584,15.069532237673844,44.90149979759549,43.83235971461854,42.774670865637525,41.74189977208589,002129.SZ
2022-06-15,44.83,-0.13823195290715684,2,-0.01494177103933203,-0.018758085381630152,0.014213863984255504,0.01351950354609932,-0.3113186568823645,2.8211009174311963,5.0374882849109515,10.582141095214602,44.888499834396306,43.927373075131065,42.85527200816154,41.772627137537775,002129.SZ
2022-06-16,46.43,0.28239159526234836,3,0.03569038590229767,-0.01494177103933203,-0.018758085381630152,0.014213863984255504,2.9033687943262443,7.976744186046503,8.786316776007496,13.326824505735901,45.16877259177879,44.16571849654716,42.99545741960619,41.81896915606974,002129.SZ
2022-06-17,46.79,0.06708926805335991,4,0.007753607581305166,0.03569038590229767,-0.01494177103933203,-0.018758085381630152,2.317953203586276,6.948571428571437,9.143923489619787,6.268453327276857,45.46354121145537,44.41565006830457,43.14426301099419,41.86843214954168,002129.SZ
2022-06-20,47.0,-0.22454862580824086,0,0.004488138491130611,0.007753607581305166,0.03569038590229767,-0.01494177103933203,1.3367830961621419,3.319410859529559,10.458284371327853,6.818181818181812,45.74289735482712,44.66177863322795,43.295468383112066,41.91949252616316,002129.SZ
2022-06-21,46.65,-0.0027762876798705927,1,-0.007446808510638281,0.004488138491130611,0.007753607581305166,0.03569038590229767,2.5049439683586083,3.4826974267968103,9.122807017543867,6.361149110807118,45.90782510849492,44.851133049111,43.427018642597865,41.96656225227099,002129.SZ
2022-06-22,46.5,-0.322379721032068,2,-0.003215434083601254,-0.007446808510638281,0.004488138491130611,0.007753607581305166,3.7251840285523086,3.402268178785861,6.65137614678899,8.950328022492982,46.015493270586745,45.00816799681471,43.54752771543716,42.011671085581725,002129.SZ
2022-06-23,46.65,0.25627419849029276,3,0.003225806451612856,-0.003215434083601254,-0.007446808510638281,0.004488138491130611,0.4738315744130972,3.390957446808507,8.488372093023244,9.301780693533267,46.130858130480064,45.164532949499026,43.66919329522394,42.05782361209335,002129.SZ
2022-06-24,46.78,-0.025287407292440278,4,0.0027867095391211905,0.003225806451612856,-0.003215434083601254,-0.007446808510638281,-0.021372088052995508,2.2960857205335694,6.925714285714291,9.120597154187093,46.248883924938234,45.31838695430864,43.79118571501908,42.104810441823766,002129.SZ
2022-06-27,49.2,1.3466197311253159,0,0.051731509191962344,0.0027867095391211905,0.003225806451612856,-0.003215434083601254,4.680851063829783,6.0802069857697205,8.155638601890525,15.628672150411305,46.78545048404037,45.68806438723163,44.003296079135986,42.175409342900146,002129.SZ
2022-06-28,54.12,0.20172111700542117,1,0.09999999999999987,0.051731509191962344,0.0027867095391211905,0.003225806451612856,16.012861736334404,18.918918918918926,20.05323868677906,26.596491228070175,48.119004941487574,46.491105874161946,44.400029566228696,42.2942609912295,002129.SZ
2022-06-29,53.54,0.8237627476168485,2,-0.010716925351071716,0.09999999999999987,0.051731509191962344,0.0027867095391211905,15.139784946236556,19.428953825563244,19.057149210584832,22.798165137614678,49.10464040667165,47.16242912424176,44.75845977931777,42.406158891814286,002129.SZ
2022-06-30,58.89,-0.23790915584688432,3,0.09992528950317525,-0.010716925351071716,0.09999999999999987,0.051731509191962344,26.23794212218651,26.83609735085075,30.518617021276604,36.95348837209303,50.88379669636771,48.27934063621874,45.312637827187665,42.57017721129873,002129.SZ
2022-07-01,59.17,0.07046949678325487,4,0.004754627271183587,0.09992528950317525,-0.010716925351071716,0.09999999999999987,26.4856776400171,26.458645009617456,29.389897222829674,35.24571428571428,52.39037911520994,49.316546289912196,45.856063794748934,42.73534957735546,002129.SZ
2022-07-04,59.18,-0.37541171144551033,0,0.00016900456312307632,0.004754627271183587,0.09992528950317525,-0.010716925351071716,20.28455284552846,25.914893617021285,27.598102630444153,30.09452626950977,53.62485563971722,50.25592283373008,46.37857109691564,42.898977939769836,002129.SZ
2022-07-05,60.89,0.15830991417193818,1,0.02889489692463676,0.00016900456312307632,0.004754627271183587,0.09992528950317525,12.509238728750937,30.52518756698821,33.79477038013623,35.07098491570542,54.945790977950445,51.268692087660554,46.94764674017386,43.07799308464775,002129.SZ
2022-07-06,59.8,-0.4062800348474487,2,-0.017901133191000174,0.02889489692463676,0.00016900456312307632,0.004754627271183587,11.692192753081798,28.602150537634397,33.39281730983716,32.97754058261062,55.82837443650491,52.08119760312145,47.45166059350037,43.24438121315872,002129.SZ
2022-07-07,60.61,-0.08065925951637898,3,0.013545150501672376,-0.017901133191000174,0.02889489692463676,0.00016900456312307632,2.920699609441324,29.924973204715965,30.540598750807657,34.330673758865245,56.69776090259492,52.893464498062265,47.96767390355918,43.41717343989346,002129.SZ
2022-07-08,59.8,-0.1456682913434475,4,-0.013364131331463525,0.013545150501672376,-0.017901133191000174,0.02889489692463676,1.0647287476761802,27.832407011543392,27.805086556956617,30.76754865514979,57.26180437485039,53.5512297839611,48.431686691654896,43.58018663949651,002129.SZ
2022-07-11,56.9,0.7905151043989374,0,-0.04849498327759194,-0.013364131331463525,0.013545150501672376,-0.017901133191000174,-3.852652923284894,15.650406504065039,21.063829787234045,22.68219059939629,57.19602176124123,53.87016028072671,48.76377740962922,43.71272209581993,002129.SZ
2022-07-12,57.6,-0.290803996759869,1,0.012302284710017597,-0.04849498327759194,-0.013364131331463525,0.013545150501672376,-5.403186073246835,6.430155210643029,23.4726688102894,26.565589980224136,57.269472350106454,54.22538311113369,49.11029594258494,43.85090396551326,002129.SZ
2022-07-13,57.49,-0.19291212772218025,2,-0.0019097222222221877,0.012302284710017597,-0.04849498327759194,-0.013364131331463525,-3.8628762541805917,7.377661561449389,23.634408602150536,28.240017845192966,57.309568286450734,54.536299005311434,49.43891178797377,43.98661636386636,002129.SZ
2022-07-14,58.5,-0.019475555590401705,3,0.0175682727430857,-0.0019097222222221877,0.012302284710017597,-0.04849498327759194,-3.4812737172083774,-0.6622516556291425,25.401929260450174,25.996123196209343,57.52601041618696,54.91379433813891,49.79424858060226,44.13102814134033,002129.SZ
2022-07-15,56.01,0.7029997481219092,4,-0.04256410256410259,0.0175682727430857,-0.0019097222222221877,0.012302284710017597,-6.337792642140472,-5.340544194693264,19.730654125694723,19.705065184868566,57.250372158698426,55.018194877363776,50.0380035382257,44.249226866302116,002129.SZ
2022-07-18,54.41,-0.07173510879057943,0,-0.028566327441528316,-0.04256410256410259,0.0175682727430857,-0.0019097222222221877,-4.376098418277685,-8.060155457924978,10.589430894308926,15.76595744680851,56.73394085711689,54.96027155571008,50.209454379863914,44.35032908653792,002129.SZ
2022-07-19,53.22,-0.47721294891249366,1,-0.02187097959933837,-0.028566327441528316,-0.04256410256410259,0.0175682727430857,-7.604166666666668,-12.596485465593698,-1.6629711751662946,14.08360128617363,56.09504251945927,54.79453140754722,50.32751499241827,44.43858451851267,002129.SZ
2022-07-20,53.75,-0.07770789995646066,2,0.009958662157083742,-0.02187097959933837,-0.028566327441528316,-0.04256410256410259,-6.505479213776311,-10.11705685618729,0.3922301083302271,15.591397849462375,55.66867115228485,54.695052225876054,50.46173009075481,44.53123541882598,002129.SZ
2022-07-21,54.09,0.6528243297822678,3,0.006325581395348889,0.009958662157083742,-0.02187097959933837,-0.028566327441528316,-7.538461538461528,-10.757300775449586,-8.150789607743247,15.948553054662383,55.3816400336876,54.637428204364056,50.60401518523501,44.6263475042108,002129.SZ
2022-07-22,54.75,0.01622311222255357,4,0.012201885745978913,0.006325581395348889,0.009958662157083742,-0.02187097959933837,-2.249598286020349,-8.444816053511705,-7.470001690045636,17.037195382642146,55.266796391198945,54.648149327757956,50.76660282502972,44.727080364865415,002129.SZ
2022-07-25,52.69,-0.23984597992617518,0,-0.03762557077625572,0.012201885745978913,0.006325581395348889,0.009958662157083742,-3.161183605954787,-7.398945518453425,-10.966542750929376,7.093495934959337,54.798287956435495,54.461658915590526,50.842030165224635,44.80631339606079,002129.SZ
2022-07-26,53.53,-0.10695314586200533,1,0.015942304042512845,-0.03762557077625572,0.012201885745978913,0.006325581395348889,0.5824877865464151,-7.065972222222228,-12.087370668418462,-1.0901699926090136,54.56769014617449,54.372929495058095,50.94744074698053,44.89311624784128,002129.SZ
2022-07-27,54.82,0.21844135412018528,2,0.024098636278722108,0.015942304042512845,-0.03762557077625572,0.012201885745978913,1.9906976744185956,-4.64428596277614,-8.327759197324413,2.3907358983937366,54.613564665051854,54.4155076383859,51.099305815726396,44.991891210549326,002129.SZ
2022-07-28,52.35,0.4139602667008979,3,-0.045056548704852206,0.024098636278722108,0.015942304042512845,-0.03762557077625572,-3.21686078757627,-10.51282051282051,-13.628114172578776,-11.10545084055018,54.20200745322424,54.21879262520629,51.14835264648222,45.065106223379686,002129.SZ
2022-07-29,50.87,-0.04642332647993386,4,-0.028271251193887403,-0.045056548704852206,0.024098636278722108,0.015942304042512845,-7.0867579908675875,-9.176932690590967,-14.933110367892976,-14.02737873922597,53.596187916274374,53.89985999423426,51.137436856424095,45.12286636046049,002129.SZ
2022-08-01,51.74,-0.43980242156785876,0,0.017102417928051894,-0.028271251193887403,-0.045056548704852206,0.024098636278722108,-1.8029986714746538,-4.907186179011203,-9.068541300527233,-12.571814802298064,53.258699204224484,53.694159042402426,51.161066783623156,45.18870848622706,002129.SZ
2022-08-02,50.46,0.14088773367989615,1,-0.02473908001546199,0.017102417928051894,-0.028271251193887403,-0.045056548704852206,-5.735101812068,-5.186020293122883,-12.39583333333334,-17.129249466250617,52.7498448034564,53.38614389550696,51.13357396857911,45.241159148055644,002129.SZ
2022-08-03,50.93,0.24143687074472298,2,0.009314308363059798,-0.02473908001546199,0.017102417928051894,-0.028271251193887403,-7.0959503830718695,-5.24651162790698,-11.410680118281446,-14.832775919732432,52.41896393010068,53.1522254292682,51.12559067569366,45.29776452966703,002129.SZ
2022-08-04,50.18,-0.26826255589317916,3,-0.014726094639701537,0.009314308363059798,-0.02473908001546199,0.017102417928051894,-4.145176695319963,-7.228692919208735,-14.222222222222225,-17.208381455205412,52.01187957917328,52.869156340766466,51.08850868841156,45.34634398708328,002129.SZ
2022-08-05,50.72,-0.012366161859747371,4,0.010761259465922768,-0.014726094639701537,0.009314308363059798,-0.02473908001546199,-0.29486927462157864,-7.360730593607312,-9.44474201035529,-15.183946488294309,51.77699238295996,52.66447478450299,51.074057367297385,45.39981320114216,002129.SZ
2022-08-08,49.86,-0.02542290112122514,0,-0.016955835962145116,0.010761259465922768,-0.014726094639701537,0.009314308363059798,-3.6335523772709766,-5.371038147656105,-8.362433376217604,-12.372583479789101,51.428448313330875,52.397381947883666,51.02644727446219,45.444193169289996,002129.SZ
2022-08-09,51.59,0.7168311870521622,1,0.03469715202567203,-0.016955835962145116,0.010761259465922768,-0.014726094639701537,2.2393975426080015,-3.6241359985055066,-3.062758361518214,-10.434027777777777,51.457821347270716,52.3204884290376,51.04854738134603,45.50534547606323,002129.SZ
2022-08-10,50.92,-0.39270579170412223,2,-0.012987012987012991,0.03469715202567203,-0.016955835962145116,0.010761259465922768,-0.01963479285292946,-7.1141919007661425,-5.265116279069759,-11.42807444773004,51.36003564776695,52.18710857865307,51.04350630756776,45.55922263550539,002129.SZ
2022-08-11,51.7,-0.09006324612160954,3,0.01531814611154747,-0.012987012987012991,0.03469715202567203,-0.016955835962145116,3.029095257074532,-1.241642788920727,-4.418561656498432,-11.623931623931616,51.42184734817295,52.14071728544801,51.069251158251376,45.62032489783867,002129.SZ
2022-08-12,50.58,-0.1701895043731777,4,-0.021663442940038746,0.01531814611154747,-0.012987012987012991,0.03469715202567203,-0.2760252365930582,-0.5700805976017298,-7.61643835616439,-9.694697375468664,51.26878419395968,51.99207754397677,51.050064838319955,45.669674898855206,002129.SZ
2022-08-15,55.64,3.0213667869622496,0,0.10003954132068027,-0.021663442940038746,0.01531814611154747,-0.012987012987012991,11.592458884877654,7.537688442211055,5.598785348263435,2.2606138577467405,52.06355070414883,52.3394987302647,51.23006229564074,45.768882113791975,002129.SZ
2022-08-16,54.45,-0.2891380148114383,1,-0.02138749101365922,0.10003954132068027,-0.021663442940038746,0.01531814611154747,5.543710021321968,7.90725326991677,1.7186624322809596,2.3111612175873875,52.497450576121764,52.54049885119187,51.35633436247836,45.85526139624181,002129.SZ
2022-08-17,54.5,-0.2563227936739778,2,0.0009182736455464191,-0.02138749101365922,0.10003954132068027,-0.021663442940038746,7.030636292223091,7.009621048497938,-0.5837285662167124,1.3953488372093092,52.861550471372354,52.72711800822122,51.47961536787137,45.94127869578169,002129.SZ
2022-08-18,55.24,-0.24465355516501164,3,0.013577981651376136,0.0009182736455464191,-0.02138749101365922,0.10003954132068027,6.847195357833646,10.083698684734955,5.520534861509074,2.1260861527084396,53.293995840213746,52.966440102676344,51.62708143187641,46.03380328587342,002129.SZ
2022-08-19,53.78,0.2787812486374861,4,-0.02643012309920345,0.013577981651376136,0.0009182736455464191,-0.02138749101365922,6.326611308817731,6.033123028391163,5.720463927658748,-1.7716894977168884,53.38236023290216,53.043921997659545,51.71150961101851,46.110879870093584,002129.SZ
2022-08-22,54.65,-0.2455916311507168,0,0.01617701747861644,-0.02643012309920345,0.013577981651376136,0.0009182736455464191,-1.7792954708842568,9.606899318090644,5.624275222265163,3.7198709432529897,53.61284019055631,53.19688180740625,51.826744528233476,46.19584623954539,002129.SZ
2022-08-23,55.27,0.10481488633515634,1,0.011344922232388033,0.01617701747861644,-0.02643012309920345,0.013577981651376136,1.505968778696043,7.133165342120562,9.532302814110194,3.250513730618354,53.91414197409152,53.39432163527232,51.96177415457726,46.28613632671409,002129.SZ
2022-08-24,54.2,-0.24181672133342258,2,-0.01935950787045415,0.011344922232388033,0.01617701747861644,-0.02643012309920345,-0.5504587155963248,6.4414768263943545,6.420577262909877,-1.1309740970448678,53.96611616062033,53.47105290810353,52.049547717142865,46.36488123888609,002129.SZ
2022-08-25,52.79,0.1557556762165424,3,-0.026014760147601512,-0.01935950787045415,0.011344922232388033,0.01617701747861644,-4.435191889934831,2.108317214700195,5.2012754085293045,0.8404966571155637,53.752276858689356,53.406190726379386,52.07858506156864,46.42881276884743,002129.SZ
2022-08-26,51.05,0.01846099001833368,4,-0.032960788028035704,-0.026014760147601512,-0.01935950787045415,0.011344922232388033,-5.076236519152111,0.9292210359826081,0.6506309148264888,0.35384312954589436,53.26095379347311,53.181791609581346,52.03824839248752,46.47479473134646,002129.SZ
2022-08-29,50.95,-0.31235259311115005,0,-0.0019588638589617124,-0.032960788028035704,-0.026014760147601512,-0.01935950787045415,-6.770356816102463,-8.42918763479511,2.186121139189745,-1.5268650947042883,52.840780376477994,52.96924002771646,51.99557198493899,46.51932413700471,002129.SZ
2022-08-30,50.79,-0.2802700229664956,1,-0.003140333660451522,-0.0019588638589617124,-0.032960788028035704,-0.026014760147601512,-8.10566310837707,-6.721763085399457,-1.5506881178523058,0.6539833531510109,52.467911217118356,52.761693358410135,51.94829465219629,46.5618184241987,002129.SZ
2022-08-31,48.11,1.4943926177887041,2,-0.05276629257727894,-0.003140333660451522,-0.0019588638589617124,-0.032960788028035704,-11.236162361623625,-11.724770642201833,-5.518460329929309,-5.537011584527784,51.675563723096836,52.31867494332345,51.79777329328664,46.57722321599772,002129.SZ
2022-09-01,48.57,-0.5782882834228931,3,0.009561421741841603,-0.05276629257727894,-0.003140333660451522,-0.0019588638589617124,-7.993938245879894,-12.074583635047064,-6.054158607350102,-3.2084495815065783,51.11091577344287,51.96165828205455,51.67119394845187,46.597051840714165,002129.SZ
2022-09-02,47.61,0.33317325393395114,4,-0.019765287214329796,0.009561421741841603,-0.05276629257727894,-0.003140333660451522,-6.738491674828595,-11.472666418743028,-5.8718861209964395,-6.131703470031546,50.47438563281689,51.547214636144595,51.51193144066945,46.607130926876216,002129.SZ
2022-09-05,48.25,-0.016215989049254365,0,0.013442554085276281,-0.019765287214329796,0.009561421741841603,-0.05276629257727894,-5.299313052011778,-11.710887465690757,-13.281811646297626,-3.2290413156839115,50.06995188139563,51.233194194607016,51.3840125606432,46.6234778828277,002129.SZ
2022-09-06,49.8,0.3548696166919927,1,0.032124352331606154,0.013442554085276281,-0.019765287214329796,0.009561421741841603,-1.9492025989368056,-9.89686991134432,-8.539944903581276,-3.469664663694527,50.02086972114188,51.09669950940634,51.321894421010136,46.6550850680732,002129.SZ
2022-09-07,49.31,-0.19489849693486416,2,-0.009839357429718754,0.032124352331606154,0.013442554085276281,-0.019765287214329796,2.49428393265434,-9.02214022140222,-9.52293577981651,-3.1618224666142947,49.89162068093427,50.92653765136764,51.24299660057837,46.681502132072474,002129.SZ
2022-09-08,49.86,0.14224333260603217,3,0.01115392415331562,-0.009839357429718754,0.032124352331606154,0.013442554085276281,2.655960469425578,-5.550293616215196,-9.739319333816077,-3.558994197292076,49.885871466218944,50.824962636951675,51.188761439771376,46.71312897652947,002129.SZ
2022-09-09,49.25,-0.20618804122095535,4,-0.01223425591656635,0.01115392415331562,-0.009839357429718754,0.032124352331606154,3.4446544843520277,-3.525954946131238,-8.423205652658982,-2.629497825227356,49.77025847236095,50.67496619533723,51.11273157938818,46.738371474275446,002129.SZ
2022-09-13,48.79,-0.2792911748554646,1,-0.009340101522842703,-0.01223425591656635,0.01115392415331562,-0.009839357429718754,1.1191709844559528,-4.239450441609427,-10.722781335773101,-12.311286843997127,49.592029659204414,50.495445605305115,51.021644066471,46.758785688461764,002129.SZ
2022-09-14,48.27,-0.1235724192250397,2,-0.01065792170526736,-0.009340101522842703,-0.01223425591656635,0.01115392415331562,-3.0722891566264954,-4.961606615475478,-12.665098606839154,-11.34986225895317,49.35166063025815,50.283498404799865,50.913736456021155,46.773822646785526,002129.SZ
2022-09-15,44.81,2.56140350877193,3,-0.07168013258752848,-0.01065792170526736,-0.009340101522842703,-0.01223425591656635,-9.125937943621986,-6.859280814799407,-17.324723247232477,-17.77981651376146,48.5259041520294,49.762212842437975,50.67437424205954,46.754282122936914,002129.SZ
2022-09-16,44.0,-0.5398257759443537,4,-0.018076322249497956,-0.07168013258752848,-0.01065792170526736,-0.009340101522842703,-11.752908142799834,-9.409100267654935,-16.650880848645578,-20.34757422157857,47.70301248802405,49.21343066696769,50.41263407570427,46.72687633066889,002129.SZ
2022-09-19,44.05,-0.3359042521487239,0,0.001136363636363491,-0.018076322249497956,-0.07168013258752848,-0.01065792170526736,-10.55837563451777,-7.47742070993489,-13.71204701273262,-18.09222759390109,47.0388283992924,48.72167536535172,50.163119013911945,46.7002407452891,002129.SZ
2022-09-20,44.82,0.16029725897072278,1,0.01748013620885369,0.001136363636363491,-0.018076322249497956,-0.07168013258752848,-8.136913301906123,-7.108808290155444,-12.031403336604518,-17.987191216834397,46.63540505396651,48.35008723531822,49.95358493493501,46.6815318821519,002129.SZ
2022-09-21,43.97,-0.1748789430529556,2,-0.018964747880410582,0.01748013620885369,0.001136363636363491,-0.018076322249497956,-8.908224570126377,-11.706827309236944,-13.42784012600906,-20.445087751040358,46.15078595324532,47.93293607004981,49.71893454532972,46.65455146541407,002129.SZ
2022-09-22,43.82,0.12309927814755772,3,-0.003411416875142126,-0.018964747880410582,0.01748013620885369,0.001136363636363491,-2.209328274938638,-11.133644291218825,-8.917065059239238,-19.151291512915137,45.72700668901889,47.54122787290221,49.4876037788462,46.6263469732209,002129.SZ
2022-09-23,43.06,-0.04989106935668319,4,-0.01734367868553166,-0.003411416875142126,-0.018964747880410582,0.01748013620885369,-2.1363636363636362,-13.638186923385476,-11.34445130739139,-18.43152112142451,45.24209638192455,47.11444426595914,49.235540885558116,46.590860933686365,002129.SZ
2022-09-26,44.15,0.7234853809389936,0,0.025313516024152216,-0.01734367868553166,-0.003411416875142126,-0.018964747880410582,0.2270147559591429,-10.355329949238579,-7.267380802352452,-13.516160626836438,45.043533403392814,46.8321162406297,49.03610790965388,46.56657376021685,002129.SZ
2022-09-27,45.73,0.11864467258658129,1,0.03578708946772369,0.025313516024152216,-0.01734367868553166,-0.003411416875142126,2.0303435966086525,-6.271777003484324,-5.2227979274611425,-10.245338567222785,45.168345511866846,46.72715278914116,48.90645661907922,46.558249643199765,002129.SZ
2022-09-28,44.27,-0.2860117840591664,2,-0.03192652525694284,0.03578708946772369,0.025313516024152216,-0.01734367868553166,0.6822833750284474,-8.286720530350111,-11.10441767068272,-12.83717267178578,45.0050099642547,46.49313823779438,48.72463479088004,46.5354809900336,002129.SZ
2022-09-29,45.25,-0.01887876234969743,3,0.022136887282584006,-0.03192652525694284,0.03578708946772369,0.025313516024152216,3.263350068461879,0.9819236777504958,-8.23362401135672,-5.944710039492829,45.049553607117474,46.3747441199092,48.58837460300239,46.52269013441138,002129.SZ
2022-09-30,44.76,0.5022897883246815,4,-0.010828729281768035,0.022136887282584006,-0.03192652525694284,0.03578708946772369,3.947979563399895,1.7272727272727328,-10.228640192539117,-7.844348363187159,44.996907496732476,46.220958965632136,48.43824226562975,46.50515092909385,002129.SZ
2022-10-10,43.34,-0.33133570912051125,0,-0.03172475424486132,-0.010828729281768035,0.022136887282584006,-0.03192652525694284,-1.8346545866364528,-1.6118047673098657,-11.99999999999999,-8.968704053770205,44.69565158823566,45.94658192128622,48.238311196389375,46.473656889998395,002129.SZ
2022-10-11,43.4,-0.2547888254264289,1,0.0013844023996307797,-0.03172475424486132,-0.010828729281768035,0.022136887282584006,-5.095123551279245,-3.1682284694332874,-11.047345767575322,-10.05181347150259,44.46007857219281,45.70405030973515,48.048573502413326,46.44307323935165,002129.SZ
2022-10-12,44.0,1.2671254898893785,2,0.01382488479262678,0.0013844023996307797,-0.03172475424486132,-0.010828729281768035,-0.6098938332956938,0.0682283375028403,-8.846074166148753,-11.646586345381527,44.37642792270321,45.54175980404609,47.8898059140834,46.41876405289044,002129.SZ
2022-10-13,43.5,-0.40336688463513926,3,-0.011363636363636354,0.01382488479262678,0.0013844023996307797,-0.03172475424486132,-3.8674033149171283,-0.7302601551802845,-2.9234545860299055,-11.782599878320832,44.21707739130262,45.34730648937503,47.717656662550716,46.389721624503466,002129.SZ
2022-10-14,45.68,0.9485731539657456,4,0.05011494252873572,-0.011363636363636354,0.01382488479262678,0.0013844023996307797,2.0554066130473725,6.084533209475151,3.8181818181818095,-8.38347372643401,44.48306332015668,45.37899158562503,47.63774855813696,46.38265971779199,002129.SZ
2022-10-17,44.75,-0.43200213642103324,0,-0.020359019264448275,0.05011494252873572,-0.011363636363636354,0.01382488479262678,3.2533456391324433,1.3590033975084959,1.589103291713978,-9.137055837563457,44.531597261946374,45.31908762508931,47.5245035166414,46.36641434746571,002129.SZ
2022-10-18,44.78,-0.0982354306942187,1,0.0006703910614525022,-0.020359019264448275,0.05011494252873572,-0.011363636363636354,3.179723502304155,-2.077410890006548,-0.08924587237839621,-8.218897315023565,44.57676139613794,45.26774594650938,47.41687592775351,46.350629130077984,002129.SZ
2022-10-19,43.41,-0.10466283889904471,2,-0.030594015185350654,0.0006703910614525022,-0.020359019264448275,0.05011494252873572,-1.3409090909091037,-1.9426248023492354,-1.273595633386404,-10.068365444375404,44.36462296047649,45.09081776112754,47.259743538429845,46.32136913873393,002129.SZ
2022-10-20,42.16,0.26055386208086495,3,-0.02879520847730943,-0.030594015185350654,0.0006703910614525022,-0.020359019264448275,-3.0804597701149516,-6.828729281767965,-3.788224554997721,-5.913858513724623,43.963782422208034,44.81169226006777,47.05975359574632,46.279962480637074,002129.SZ
2022-10-21,41.94,-0.03404852342333098,4,-0.005218216318785607,-0.02879520847730943,-0.030594015185350654,0.0006703910614525022,-8.187390542907181,-6.300268096514749,-2.6010218300046573,-4.681818181818187,43.59582198180657,44.53819775910894,46.858978944932744,46.23677877436208,002129.SZ
2022-10-24,40.82,-0.22108072363138254,0,-0.026704816404387155,-0.005218216318785607,-0.02879520847730943,-0.030594015185350654,-8.782122905027933,-5.814490078449475,-7.542468856172135,-7.332576617480124,43.091127076023554,44.18408368681285,46.62215624120989,46.182880478099776,002129.SZ
2022-10-25,41.76,0.1860237712622419,1,0.023027927486526156,-0.026704816404387155,-0.005218216318785607,-0.02879520847730943,-6.744082179544442,-3.7788018433179693,-8.681390771922148,-6.827309236947798,42.849103971291996,43.953218573783055,46.43148344743696,46.138871717123656,002129.SZ
2022-10-26,43.11,0.16344230339053456,2,0.032327586206896575,0.023027927486526156,-0.026704816404387155,-0.005218216318785607,-0.6910850034554161,-2.022727272727276,-2.620284617122215,-1.9558790084148292,42.896539612875266,43.872912042946574,46.301229194596296,46.108733690087604,002129.SZ
2022-10-27,42.72,0.040920027686526916,3,-0.009046624913013224,0.032327586206896575,0.023027927486526156,-0.026704816404387155,1.3282732447817969,-1.7931034482758679,-5.591160220994473,-2.5102692834322204,42.864441501443395,43.76311089599928,46.16078883402389,46.075014946902655,002129.SZ
2022-10-28,40.9,-0.20059951342308435,4,-0.04260299625468167,-0.009046624913013224,0.032327586206896575,0.023027927486526156,-2.4797329518359557,-10.464098073555173,-8.623771224307418,-5.016256386437535,42.507270319362775,43.49043366780887,45.954483389552365,46.02352226086383,002129.SZ
2022-10-31,39.5,0.2882436821674721,0,-0.03422982885085568,-0.04260299625468167,-0.009046624913013224,0.032327586206896575,-3.2337089661930385,-11.731843575419,-8.86017535763729,-10.532276330690827,41.96049389766045,43.110392366112784,45.701366393883646,45.95861159160151,002129.SZ
2022-11-01,41.73,0.21874263341840128,1,0.05645569620253155,-0.03422982885085568,-0.04260299625468167,-0.009046624913013224,-0.07183908045976795,-6.8110763733809865,-3.84792626728111,-8.746993221080256,41.91858591626764,42.97892642648299,45.545626535299974,45.916535854371645,002129.SZ
2022-11-02,41.9,-0.4016600581104435,2,0.004073807812125629,0.05645569620253155,-0.03422982885085568,-0.04260299625468167,-2.8067733704476905,-3.4784611840589674,-4.772727272727273,-5.3535125367065834,41.915206658764426,42.87617152872271,45.40266078881762,45.876570323482376,002129.SZ
2022-11-03,41.62,0.13521528612288214,3,-0.006682577565632508,0.004073807812125629,0.05645569620253155,-0.03422982885085568,-2.5749063670411965,-1.2808349146110065,-4.321839080459777,-8.02209944751382,41.861532720807254,42.75653614503483,45.25432115004046,45.83421638991539,002129.SZ
2022-11-04,45.78,1.38696298130494,4,0.09995194617972136,-0.006682577565632508,0.004073807812125629,0.05645569620253155,11.931540342298286,9.15593705293276,0.2189141856392407,2.2788203753351333,42.57398131702412,43.04448508360294,45.27493600690162,45.83367692334907,002129.SZ
2022-11-07,46.67,-0.18536009751290228,0,0.019440803844473553,0.09995194617972136,-0.006682577565632508,0.004073807812125629,18.15189873417722,14.33121019108281,4.290502793296103,7.683433317951072,43.3187119866561,43.3897722184979,45.32964439878783,45.841998546002316,002129.SZ
2022-11-08,45.44,-0.34958630064593765,1,-0.026355260338547293,0.019440803844473553,0.09995194617972136,-0.006682577565632508,8.890486460579927,8.812260536398476,1.4738722644037416,4.700460829493092,43.70440071635498,43.585032007212384,45.3339720694236,45.837998560469956,002129.SZ
2022-11-09,44.33,-0.20745352559396202,2,-0.024427816901408494,-0.026355260338547293,0.019440803844473553,0.09995194617972136,5.799522673031032,2.829969844583613,2.1193273439299665,0.7500000000000062,43.81814604065408,43.65598133985882,45.29460061572071,45.82299359966926,002129.SZ
2022-11-10,43.41,0.11162164498956284,3,-0.020753440108278842,-0.024427816901408494,-0.026355260338547293,0.019440803844473553,4.300816914944727,1.6151685393258397,2.9648956356736145,-0.206896551724145,43.74393766962606,43.632554545586544,45.22069470922186,45.79898371310539,002129.SZ
2022-11-11,43.77,0.13656414586990828,4,0.00829302004146526,-0.020753440108278842,-0.024427816901408494,-0.026355260338547293,-4.390563564875483,7.0171149144254485,4.363376251788287,-4.181260945709275,43.74867627514859,43.645644588864016,45.163804720624924,45.77879482043768,002129.SZ
2022-11-14,42.66,-0.1487361726880343,0,-0.025359835503769856,0.00829302004146526,-0.020753440108278842,-0.024427816901408494,-8.59224341118493,7.999999999999985,4.5075943165115095,-4.670391061452516,43.55073513421248,43.55177367563887,45.06561630020826,45.74776203615472,002129.SZ
2022-11-15,44.12,0.0877179886189412,1,0.03422409751523681,-0.025359835503769856,0.00829302004146526,-0.020753440108278842,-2.9049295774647876,5.727294512341241,5.6513409961685745,-1.4738722644037638,43.65423783708294,43.60589046843517,45.02853330804323,45.73156539897905,002129.SZ
2022-11-16,43.58,-0.19260393295499534,2,-0.012239347234814124,0.03422409751523681,-0.025359835503769856,0.00829302004146526,-1.6918565305662048,4.009546539379483,1.0902342843887691,0.3916148352914206,43.6407400485224,43.60342470953658,44.97172808027683,45.71015678804394,002129.SZ
2022-11-17,44.69,0.3187176754434715,3,0.025470399265718147,-0.012239347234814124,0.03422409751523681,-0.025359835503769856,2.9486293480764925,7.3762614127823145,4.611423220973787,6.00094876660342,43.83151458515469,43.706908070533096,44.960679920265974,45.70000597423256,002129.SZ
2022-11-18,45.48,0.34310760290749,4,0.01767733273663019,0.025470399265718147,-0.012239347234814124,0.03422409751523681,3.9067854694996518,-0.655307994757548,11.19804400977995,8.44062947067239,44.13123920603566,43.87577396857756,44.98104541358887,45.697816860061096,002129.SZ
2022-11-21,44.48,-0.33538462674335334,0,-0.021987686895338587,0.01767733273663019,0.025470399265718147,-0.012239347234814124,4.266291608063755,-4.692521962716956,12.607594936708843,8.96619304262616,44.194650259483716,43.933319304903506,44.96139657384029,45.68569927936397,002129.SZ
2022-11-22,43.41,-0.3333907295803593,1,-0.024055755395683498,-0.021987686895338587,0.01767733273663019,0.025470399265718147,-1.6092475067996381,-4.467429577464788,4.025880661394687,3.951149425287359,44.051986575941214,43.88347937110318,44.90055749251322,45.66305550543996,002129.SZ
2022-11-23,44.9,0.40058993609025695,2,0.034323888504952826,-0.024055755395683498,-0.021987686895338587,0.01767733273663019,3.0289123451124444,1.2858109632303272,7.1599045346061985,4.152168870331718,44.20617083486099,43.98029085956954,44.900535630061725,45.65546291334603,002129.SZ
2022-11-24,44.22,-0.25843451980795895,3,-0.015144766146993338,0.034323888504952826,-0.024055755395683498,-0.021987686895338587,-1.051689415976731,1.8659295093296446,6.246996636232582,3.51123595505618,44.208685228522626,44.0031203015153,44.8738479582946,45.64117970027791,002129.SZ
2022-11-25,43.09,-0.05340596394676245,4,-0.025554047942107583,-0.015144766146993338,0.034323888504952826,-0.024055755395683498,-5.25505716798591,-1.5535755083390446,-5.875928352992565,5.354523227383878,44.005287914245784,43.91615646327575,44.80389313640069,45.615794827638325,002129.SZ
2022-11-28,41.51,0.7452878161231271,0,-0.036667440241355376,-0.025554047942107583,-0.015144766146993338,0.034323888504952826,-6.6771582733812895,-2.695733708391934,-11.056353117634465,5.0886075949367005,43.55159920256473,43.686998704868536,44.67472085654184,45.57494114776133,002129.SZ
2022-11-29,41.8,-0.21924440343806162,1,0.006986268369067572,-0.036667440241355376,-0.025554047942107583,-0.015144766146993338,-3.708822851877447,-5.258386219401634,-8.010563380281688,0.16774502755811938,43.23312662028023,43.5072845425001,44.5619867053049,45.53737954430102,002129.SZ
2022-11-30,41.57,-0.10950920817758314,2,-0.005502392344497564,0.006986268369067572,-0.036667440241355376,-0.025554047942107583,-7.416481069042313,-4.612207434603022,-6.226032032483642,-0.7875894988066734,42.930739962047454,43.32278125273819,44.444653893332166,45.49790313092489,002129.SZ
2022-12-01,42.04,-0.030312766284381287,3,0.011306230454654731,-0.005502392344497564,0.006986268369067572,-0.036667440241355376,-4.929895974672094,-5.929738196464529,-3.1559548491131073,1.009130225852961,42.768787241675184,43.20061160962027,44.35035374065247,45.46349613459728,002129.SZ
2022-12-02,41.87,-0.09528645720788853,4,-0.004043767840152257,0.011306230454654731,-0.005502392344497564,0.006986268369067572,-2.8312833604084653,-7.937554969217242,-4.340872743888524,-8.540847531673224,42.605371379552416,43.07388669441834,44.25308496650924,45.42773995415352,002129.SZ
2022-12-05,40.94,0.5688547430436686,0,-0.02221160735610217,-0.004043767840152257,0.011306230454654731,-0.005502392344497564,-1.373163093230545,-7.95863309352518,-4.031879981247066,-12.277694450396403,42.30257658327016,42.870659390188024,44.123160065861825,45.38308582525647,002129.SZ
2022-12-06,40.75,-0.16082230431958422,1,-0.004640937957987257,-0.02221160735610217,-0.004043767840152257,0.011306230454654731,-2.511961722488032,-6.127620363971431,-7.638259292837713,-10.321302816901401,42.02028993176649,42.668691829217735,43.99087927896529,45.33698546878626,002129.SZ
2022-12-07,40.48,-0.16666767453814302,2,-0.0066257668711656725,-0.004640937957987257,-0.02221160735610217,-0.004043767840152257,-2.6220832331008026,-9.844097995545663,-7.11335474988527,-8.684863523573206,41.74023721689986,42.46024498833985,43.85319773861371,45.2886572551665,002129.SZ
2022-12-08,40.03,0.19091608371309987,3,-0.011116600790513687,-0.0066257668711656725,-0.004640937957987257,-0.02221160735610217,-4.781160799238815,-9.475350520126636,-10.427388677556493,-7.786224372264449,41.42928499564534,42.22879308468844,43.70326841553082,45.2363323073539,002129.SZ
2022-12-09,40.3,0.2026043031325977,4,0.006744941294029472,-0.011116600790513687,-0.0066257668711656725,-0.004640937957987257,-3.7497014568903753,-6.474820143884907,-11.3896218117854,-7.927804432259555,41.223960450982545,42.045098505194304,43.569806909039414,45.187214572952364,002129.SZ
2022-12-12,39.77,-0.4068037068751489,0,-0.013151364764267814,0.006744941294029472,-0.011116600790513687,-0.0066257668711656725,-2.857840742550055,-4.19176102144061,-10.589028776978404,-6.774496015002329,40.959604005349355,41.828422457080556,43.42079487339081,45.133311940385674,002129.SZ
2022-12-13,38.59,0.45253042921204356,1,-0.029670605984410403,-0.013151364764267814,0.006744941294029472,-0.011116600790513687,-5.300613496932504,-7.679425837320563,-11.103432388850475,-12.533998186763363,40.52876691346765,41.52000127069193,43.23135193717941,45.068204358889304,002129.SZ
2022-12-14,38.38,-0.3252124312722354,2,-0.005441824306815279,-0.029670605984410403,-0.013151364764267814,0.006744941294029472,-5.187747035573109,-7.673803223478459,-14.521158129175937,-11.932078935291413,40.13808202010989,41.22095353062603,43.04110284160375,45.001655061785925,002129.SZ
2022-12-15,39.05,0.07059633467246473,3,0.017457008858780432,-0.005441824306815279,-0.029670605984410403,-0.013151364764267814,-2.448163877092191,-7.112274024738352,-11.691542288557223,-12.62027299172075,39.94024892554445,41.014196051518795,42.88458900467812,44.94243461340995,002129.SZ
2022-12-16,37.98,0.010166704652752934,4,-0.027400768245838703,0.017457008858780432,-0.005441824306815279,-0.029670605984410403,-5.756823821339951,-9.290661571530933,-11.85889997679277,-16.490765171503963,39.58384002999092,40.7252249989932,42.692252180965255,44.87315665705761,002129.SZ
2022-12-19,37.58,-0.3013352027783821,0,-0.010531858873091049,-0.027400768245838703,0.017457008858780432,-0.005441824306815279,-5.506663314055837,-8.207132388861748,-9.467598169115876,-15.512589928057551,39.21950547908348,40.42567976099385,42.49177170328035,44.80058793410181,002129.SZ
2022-12-20,37.53,-0.07539357591834384,1,-0.0013304949441191871,-0.010531858873091049,-0.027400768245838703,0.017457008858780432,-2.7468256024877014,-7.90184049079754,-10.215311004784677,-13.545266067726324,38.91232266470466,40.1499007361373,42.297192420798766,44.72824377555354,002129.SZ
2022-12-21,36.56,0.20427103083524623,2,-0.025845989874766828,-0.0013304949441191871,-0.010531858873091049,-0.027400768245838703,-4.74205315268369,-9.68379446640315,-12.05196054847245,-18.574610244988854,38.484627634758354,39.80800542793375,42.07220448272823,44.64696771808534,002129.SZ
2022-12-22,34.94,1.4305601590984418,3,-0.04431072210065656,-0.025845989874766828,-0.0013304949441191871,-0.010531858873091049,-10.524967989756718,-12.715463402448169,-16.888677450047574,-20.985979194934423,37.84014988298411,39.34438586336863,41.79251018928791,44.5503809746218,002129.SZ
2022-12-23,34.93,-0.2484828855857084,4,-0.00028620492272457554,-0.04431072210065656,-0.025845989874766828,-0.0013304949441191871,-8.030542390731954,-13.325062034739442,-16.57511344638165,-18.937108377813882,37.31103172244154,38.92396816209543,41.523392142649165,44.454655790794725,002129.SZ
2022-12-26,37.39,0.37932950756458816,0,0.07042656742055553,-0.00028620492272457554,-0.04431072210065656,-0.025845989874766828,-0.5055880787652955,-5.984410359567516,-8.671226184660474,-9.925319200192718,37.32538959108853,38.777875956181575,41.36129833313351,44.384360708299255,002129.SZ
2022-12-27,38.04,-0.3629882997179763,1,0.017384327360256746,0.07042656742055553,-0.00028620492272457554,-0.04431072210065656,1.3589128697042208,-1.4252396994040017,-6.650306748466262,-8.995215311004777,37.45531875634516,38.70760205559285,41.2310513396773,44.3212327410525,002129.SZ
2022-12-28,37.8,-0.24011281204016832,2,-0.006309148264984299,0.017384327360256746,0.07042656742055553,-0.00028620492272457554,3.391684901531722,-1.51120375195416,-6.6205533596837896,-9.069040173201836,37.51798807337331,38.62116376458401,41.09650030674878,44.25634485308183,002129.SZ
2022-12-29,37.76,-0.26566335153682175,3,-0.0010582010582009804,-0.006309148264984299,0.017384327360256746,0.07042656742055553,8.070978820835716,-3.3034571062740103,-5.670746939795157,-10.180780209324459,37.561990241850886,38.53914816795697,40.96565715746452,44.19170460578748,002129.SZ
2022-12-30,37.66,-0.07499161491042416,4,-0.0026483050847457834,-0.0010582010582009804,-0.006309148264984299,0.017384327360256746,7.815631262525047,-0.8425487098472906,-6.550868486352357,-10.054931932171007,37.579810197878,38.455419771008685,40.8360235434463,44.12671252015775,002129.SZ
2023-01-03,38.03,0.2960027007089361,1,0.00982474774296338,-0.0026483050847457834,-0.0010582010582009804,-0.006309148264984299,1.711687617009905,1.1974454497073017,-4.375157153633403,-7.107962872496332,37.6616628891729,38.41490360234119,40.72598340448763,44.06604871398703,002129.SZ
2023-01-04,36.81,0.20613971616836957,2,-0.03207993689192734,0.00982474774296338,-0.0026483050847457834,-0.0010582010582009804,-3.2334384858044074,-1.918465227817745,-4.612593936252917,-9.668711656441708,37.50681509114146,38.262055640213454,40.57241542784106,43.993849224295616,002129.SZ
2023-01-05,37.41,-0.08340265557510795,3,0.01629991850040735,-0.03207993689192734,0.00982474774296338,-0.0026483050847457834,-1.031746031746028,2.32494529540479,-2.527357998957802,-7.583992094861658,37.48921234729756,38.180907484002645,40.44839913655318,43.928338286740434,002129.SZ
2023-01-06,39.19,1.0546804778651402,4,0.047580860732424624,0.01629991850040735,-0.03207993689192734,0.00982474774296338,3.7870762711864403,12.163709215798502,0.35851472471191137,-2.098426180364732,37.79844646597073,38.27701153314525,40.399050150806,43.88119064209626,002129.SZ
2023-01-09,39.25,-0.40628663167014933,0,0.0015310028068384884,0.047580860732424624,0.01629991850040735,-0.03207993689192734,4.22198619224643,12.367592327512167,3.343865192206441,-2.605459057071957,38.062365290339685,38.36967710141713,40.35398936057831,43.83510914316992,002129.SZ
2023-01-10,40.84,1.1351016875192248,1,0.04050955414012747,0.0015310028068384884,0.047580860732424624,0.01629991850040735,7.388903497239019,9.227066060443967,8.674827035657273,2.6904702036711026,38.5673897830052,38.60494594890121,40.373048601339946,43.805307062143356,002129.SZ
2023-01-11,39.94,-0.4572919039897074,2,-0.022037218413320403,0.04050955414012747,0.0015310028068384884,0.047580860732424624,8.503124151045904,4.994742376445838,6.421529443112162,3.498315625809778,38.816955277004254,38.732093953767766,40.356066303248184,43.76684629535586,002129.SZ
2023-01-12,40.48,-0.004864768090084515,3,0.013520280420630915,-0.022037218413320403,0.04050955414012747,0.0015310028068384884,8.206361935311413,7.08994708994708,10.722100656455137,5.4715997915580905,39.11932704482166,38.89856119626607,40.36092644821884,43.73414135709361,002129.SZ
2023-01-13,40.13,-0.3163909102752601,4,-0.008646245059288349,0.013520280420630915,-0.022037218413320403,0.04050955414012747,2.3985710640469726,6.27648305084747,14.854035489410421,2.7656850192061544,39.30308576394499,39.01584108233597,40.351870509073,43.698279254037956,002129.SZ
2023-01-16,40.68,0.2365758260506563,0,0.013705457263892384,-0.008646245059288349,0.013520280420630915,-0.022037218413320403,3.6433121019108228,8.019118428040372,16.46149441740623,7.109004739336511,39.553433806864085,39.17433240782778,40.36473833224661,43.668246624644546,002129.SZ
2023-01-17,40.75,-0.41757056259265235,1,0.0017207472959686054,0.013705457263892384,-0.008646245059288349,0.013520280420630915,-0.2203721841332107,7.152248225085445,8.98635998930195,8.435337945715805,39.77099129652515,39.32439598803465,40.37984663294282,43.639209344797344,002129.SZ
2023-01-18,41.12,0.921588145609415,2,0.009079754601226897,0.0017207472959686054,0.013705457263892384,-0.008646245059288349,2.9544316474712007,11.708774789459376,8.096740273396419,9.56568078870237,40.01626560624785,39.49540589393611,40.408872255180356,43.61414258514762,002129.SZ
2023-01-19,40.9,-0.3855924145754509,3,-0.005350194552529164,0.009079754601226897,0.0017207472959686054,0.013705457263892384,1.037549407114624,9.329056402031544,8.20105820105821,11.87089715536105,40.176944586930055,39.62917676118029,40.42813216674191,43.58713619126556,002129.SZ
2023-01-20,41.65,0.7270088261347507,4,0.01833740831295838,-0.005350194552529164,0.009079754601226897,0.0017207472959686054,3.787690007475697,6.277111508037758,10.30190677966103,19.20435031482541,40.44477284385186,39.82163611725836,40.47604855235988,43.567861204287794,002129.SZ
2023-01-30,41.25,0.16125424084934403,0,-0.009603841536614643,0.01833740831295838,-0.005350194552529164,0.009079754601226897,1.4011799410029502,5.095541401273884,9.532660647902302,18.093329516175217,40.591177781333336,39.95767077275757,40.50639958952224,43.54479790872274,002129.SZ
2023-01-31,42.44,0.012692043658501406,1,0.0288484848484849,-0.009603841536614643,0.01833740831295838,-0.005350194552529164,4.14723926380367,3.9177277179235803,11.59610833552458,13.506285102968697,40.927327275636365,40.19408308011399,40.5822270565998,43.533804894705604,002129.SZ
2023-02-01,42.7,-0.020578250953767308,2,0.006126295947219695,0.0288484848484849,-0.009603841536614643,0.01833740831295838,3.8424124513618763,6.910365548322495,16.001086661233366,12.25026288117772,41.249631407338846,40.43274183438885,40.66527697594883,43.52550832858913,002129.SZ
2023-02-02,42.3,-0.3253425759998283,3,-0.009367681498829161,0.006126295947219695,0.0288484848484849,-0.009603841536614643,3.4229828850855792,4.49604743083003,13.071371291098632,11.904761904761907,41.440607515095415,40.61057594539943,40.72938376120574,43.513314215866856,002129.SZ
2023-02-03,41.56,0.04117890316834205,4,-0.01749408983451528,-0.009367681498829161,0.006126295947219695,0.0288484848484849,-0.2160864345738256,3.563418888612002,6.047461087011996,10.06355932203391,41.462315239623514,40.70099728393282,40.761956947040815,43.493878253519924,002129.SZ
2023-02-06,42.3,0.04181115473335262,0,0.01780558229066398,-0.01749408983451528,-0.009367681498829161,0.006126295947219695,2.5454545454545396,3.9823008849557473,7.770700636942673,12.320764737121625,41.61462155969196,40.8532832568916,40.82227236088235,43.48199886791276,002129.SZ
2023-02-07,42.31,-0.1172468400832869,1,0.00023640661938539864,0.01780558229066398,-0.01749408983451528,-0.009367681498829161,-0.30631479736097367,3.8282208588957145,3.5994123408423118,11.254272942413879,41.741054003384335,40.99201818480669,40.88061462123991,43.470337187635025,002129.SZ
2023-02-08,41.66,-0.23930268097405405,2,-0.015362798392815069,0.00023640661938539864,0.01780558229066398,-0.01749408983451528,-2.4355971896955597,1.3132295719844311,4.306459689534292,13.175767454496047,41.72631691185991,41.05563550053938,40.9111787537403,43.45232388228542,002129.SZ
2023-02-09,42.5,0.3435272024543896,3,0.0201632261161786,-0.015362798392815069,0.00023640661938539864,0.01780558229066398,0.47281323877068626,3.9119804400977953,4.990118577075098,13.605987703822509,41.86698656424902,41.19319402429754,40.97348546927989,43.44284802276019,002129.SZ
2023-02-10,42.35,-0.2441997480801268,4,-0.003529411764705892,0.0201632261161786,-0.015362798392815069,0.00023640661938539864,1.900866217516839,1.6806722689075793,5.532020931971093,8.063281449349336,41.954807188931014,41.303366021983486,41.02746643126892,43.43197391308098,002129.SZ
2023-02-13,42.28,0.10265039514004637,0,-0.0016528925619835322,-0.003529411764705892,0.0201632261161786,-0.015362798392815069,-0.047281323877057524,2.4969696969697086,3.9331366764995046,7.71974522292993,42.01393315457992,41.39637878179458,41.07658539474857,43.420511486085154,002129.SZ
2023-02-14,42.25,-0.17351197441298072,1,-0.0007095553453169146,-0.0016528925619835322,-0.003529411764705892,0.0201632261161786,-0.14181044670291687,-0.44769085768142647,3.6809815950920255,3.452497551420164,42.05685439920175,41.47767604067129,41.12260165377804,43.4088646056266,002129.SZ
2023-02-15,43.05,0.5219330328700535,2,0.01893491124260338,-0.0007095553453169146,-0.0016528925619835322,-0.003529411764705892,3.336533845415257,0.8196721311475308,4.6935797665369705,7.786680020030046,42.23742632661961,41.62742117965498,41.19818590264949,43.40529381353081,002129.SZ
2023-02-16,42.25,0.5948168935470868,3,-0.018583042973286834,0.01893491124260338,-0.0007095553453169146,-0.0016528925619835322,-0.588235294117645,-0.11820330969266601,3.3007334963325308,4.372529644268774,42.239712449052405,41.68671440064022,41.2394335143103,43.39379835269966,002129.SZ
2023-02-17,40.72,-0.34478065378539313,4,-0.03621301775147934,-0.018583042973286834,0.01893491124260338,-0.0007095553453169146,-3.848878394332944,-2.02117420596728,-2.232893157262905,1.4702217792175398,41.96340109467924,41.59464636248401,41.21906357257264,43.36719339396633,002129.SZ
2023-02-20,41.92,-0.2789569346043993,0,0.02946954813359537,-0.03621301775147934,-0.018583042973286834,0.01893491124260338,-0.8514664143803197,-0.8983451536642928,1.6242424242424391,3.048180924287114,41.95550998655575,41.625632423199825,41.246551275609,43.35279345969801,002129.SZ
2023-02-21,42.69,0.3998024549093042,1,0.018368320610686828,0.02946954813359537,-0.03621301775147934,-0.018583042973286834,1.0414201183431837,0.8981328291183921,0.5890669180018904,4.760736196319004,42.08905362536379,41.727000763847464,41.303157107938056,43.34619849990003,002129.SZ
2023-02-22,42.58,-0.42882448493579606,2,-0.002576715858514822,0.018368320610686828,0.02946954813359537,-0.03621301775147934,-1.0917537746806039,2.2083533365338415,-0.2810304449648804,3.5505836575875582,42.17831660257037,41.80823878633818,41.353229378215,43.33857463422938,002129.SZ
2023-02-23,43.7,1.4188060585003024,3,0.026303428839830945,-0.002576715858514822,0.018368320610686828,0.02946954813359537,3.4319526627218933,2.8235294117647136,3.309692671394804,6.8459657701711585,42.454986311193935,41.98840652097264,41.445259598677154,43.34217090652561,002129.SZ
2023-02-24,43.54,-0.5284231471087395,4,-0.0036613272311213363,0.026303428839830945,-0.002576715858514822,0.018368320610686828,6.925343811394891,2.809917355371905,4.764196342637139,4.537815126050426,42.652261527340485,42.13617732849906,41.52740628108197,43.3441393552169,002129.SZ
2023-02-27,43.55,0.2611378738478547,0,0.00022967386311423255,-0.0036613272311213363,0.026303428839830945,-0.002576715858514822,3.8883587786259444,3.003784295175005,2.9550827423167947,5.575757575757567,42.81548670418766,42.270827106737244,41.60672368182386,43.34618771984161,002129.SZ
2023-02-28,43.65,0.05322670101801652,1,0.0022962112514350874,0.00022967386311423255,-0.0036613272311213363,0.026303428839830945,2.248770203794792,3.313609467455625,3.1670999763649066,2.851083883129135,42.96721639433536,42.402176906095605,41.68685216488959,43.34921072760439,002129.SZ
2023-03-01,44.12,-0.03556261466331445,2,0.010767468499427224,0.0022962112514350874,0.00022967386311423255,-0.0036613272311213363,3.6167214654767577,2.4854819976771303,5.904944791166589,3.3255269320842995,43.17681341354711,42.56577910551508,41.782269727050775,43.35688027260335,002129.SZ
2023-03-02,44.21,0.9100300310879006,3,0.002039891205802391,0.010767468499427224,0.0022962112514350874,0.00022967386311423255,1.1670480549198947,4.639053254437875,4.023529411764715,4.515366430260048,43.3646655201749,42.7223715716565,41.87747483579388,43.36536902610979,002129.SZ
2023-03-03,43.84,-0.5537988399221696,4,-0.008369147251752973,0.002039891205802391,0.010767468499427224,0.0022962112514350874,0.6890215893431417,7.6620825147347915,3.51829988193626,5.486044273339763,43.45108997105219,42.828812374355884,41.954436606939225,43.370091722367405,002129.SZ
2023-03-06,48.16,4.63709919089002,0,0.0985401459854014,-0.008369147251752973,0.002039891205802391,0.010767468499427224,10.58553386911596,14.885496183206094,13.907284768211902,13.853427895981095,44.307255430860884,43.336544529179136,42.19779203411808,43.417752501249325,002129.SZ
2023-03-07,48.04,-0.4277577866215475,1,-0.002491694352159457,0.0985401459854014,-0.008369147251752973,0.002039891205802391,10.057273768613983,12.532208948231439,13.70414201183432,13.542897660127618,44.985936261613446,43.78449266925732,42.42689822885855,43.4637450136747,002129.SZ
2023-03-08,47.8,-0.20318801674733877,2,-0.004995836802664466,-0.002491694352159457,0.0985401459854014,-0.008369147251752973,8.340888485947406,12.259276655706897,11.03368176538908,14.738358137301976,45.497584214047365,44.16692193885186,42.63760810223665,43.506891829459036,002129.SZ
2023-03-09,48.05,0.1383935032564123,3,0.0052301255230124966,-0.004995836802664466,-0.002491694352159457,0.0985401459854014,8.685817688305807,9.954233409610968,13.727810650887573,13.058823529411768,45.96165981149329,44.536738897056445,42.84985876489404,43.552096885882335,002129.SZ
2023-03-10,48.31,-0.1868987583167352,4,0.005411030176899256,0.0052301255230124966,-0.004995836802664466,-0.002491694352159457,10.196167883211672,10.95544327055582,18.639489194499028,14.073199527744972,46.38863075485814,44.89609709733678,43.06398195058446,43.599439205425796,002129.SZ
2023-03-13,47.54,-0.05320077657758604,0,-0.015938729041606314,0.005411030176899256,0.0052301255230124966,-0.004995836802664466,-1.287375415282388,9.161882893226192,13.406488549618324,12.440870387890257,46.59797061761121,45.14789737378089,43.23951207016939,43.638648765570814,002129.SZ
2023-03-14,46.7,0.32226870710851774,1,-0.017669331089608664,-0.015938729041606314,0.005411030176899256,0.0052301255230124966,-2.789342214820978,6.987399770904945,9.393300538767878,10.532544378698239,46.61652141440917,45.29571667151605,43.37521747918235,43.66910997188355,002129.SZ
2023-03-15,45.88,-0.4795104147874717,2,-0.017558886509635996,-0.017669331089608664,-0.015938729041606314,0.005411030176899256,-4.016736401673626,3.9891205802357277,7.750117426021608,6.573751451800236,46.48260842997114,45.35136270280024,43.473444244704616,43.691108877635955,002129.SZ
2023-03-16,43.13,1.0206828058762367,3,-0.059938971229293814,-0.017558886509635996,-0.017669331089608664,-0.015938729041606314,-10.239334027055136,-2.442886224836005,-1.30434782608696,2.0828402366863896,45.873043260885474,45.139804350152595,43.45997584295149,43.68552570472416,002129.SZ
2023-03-17,43.81,-0.3403923353751662,4,0.015766287966612502,-0.059938971229293814,-0.017558886509635996,-0.017669331089608664,-9.314841647691985,-0.06843065693430406,0.6201194304088276,7.588408644400801,45.49794448617902,45.01315631680473,43.47370228048281,43.686764254925905,002129.SZ
2023-03-20,44.58,-0.036856265565146096,0,0.017575895914174744,0.015766287966612502,-0.059938971229293814,-0.017558886509635996,-6.226335717290709,-7.433554817275745,2.3650975889781822,6.3454198473282375,45.33104548869193,44.9719033342519,43.51708650477761,43.69565217278734,002129.SZ
2023-03-21,44.52,-0.2149785042264637,1,-0.0013458950201883368,0.017575895914174744,0.015766287966612502,-0.059938971229293814,-4.668094218415419,-7.327227310574513,1.9931271477663381,4.286718200983852,45.18358267256612,44.92886492146601,43.55641644576673,43.70385463872976,002129.SZ
2023-03-22,45.28,0.10857717339541773,2,0.017070979335130243,-0.0013458950201883368,0.017575895914174744,0.015766287966612502,-1.3077593722755076,-5.271966527196648,2.6291931097008225,6.341005166744962,45.20111309573591,44.962306357516866,43.624007957697444,43.71953767715036,002129.SZ
2023-03-23,44.89,-0.33003794568278355,3,-0.008613074204947058,0.017070979335130243,-0.0013458950201883368,0.017575895914174744,4.080686297240899,-6.576482830385011,1.5381135489708209,2.723112128146443,45.14454707832938,44.955420037753356,43.67365470445441,43.7311840684225,002129.SZ
2023-03-24,45.15,0.22846888886909889,4,0.005791935843172169,-0.008613074204947058,0.017070979335130243,-0.0013458950201883368,3.058662405843404,-6.54108880149038,2.9881386861313697,3.6977491961414755,45.14553851863313,44.973951462729225,43.73155059839738,43.745301639880985,002129.SZ
2023-03-27,47.5,1.050534267032027,0,0.05204872646733105,0.005791935843172169,-0.008613074204947058,0.017070979335130243,6.550022431583669,-0.08413967185527671,-1.3704318936876958,9.070034443168783,45.57362242433619,45.21452751389787,43.879332927871985,43.782661822568734,002129.SZ
2023-03-28,47.18,-0.36451921955151434,1,-0.006736842105263152,0.05204872646733105,0.005791935843172169,-0.008613074204947058,5.974842767295585,1.027837259100628,-1.7901748542880958,8.087056128293234,45.86569107445688,45.40171536971712,44.008770852269166,43.81646618254318,002129.SZ
2023-03-29,47.34,-0.011148569711939671,2,0.003391267486223093,-0.006736842105263152,0.05204872646733105,0.005791935843172169,4.549469964664321,3.1822144725370594,-0.9623430962342971,7.298277425204014,46.13374724273745,45.58631390593453,44.139407289435084,43.85152622052783,002129.SZ
2023-03-30,48.95,0.4577721518987341,3,0.03400929446556811,0.003391267486223093,-0.006736842105263152,0.05204872646733105,9.044330585876592,13.49408764201252,1.8730489073881529,10.721556209002504,46.645793198603364,45.906664962512195,44.32805798396704,43.90225730291064,002129.SZ
2023-03-31,48.46,-0.17983629143366575,4,-0.010010214504596604,0.03400929446556811,0.003391267486223093,-0.006736842105263152,7.3311184939091945,10.61401506505364,0.3104947215897269,10.538321167883202,46.97564898067548,46.14983972798723,44.490094925772254,43.947607976513524,002129.SZ
2023-04-03,48.8,-0.018817052512704602,0,0.0070160957490712494,-0.010010214504596604,0.03400929446556811,0.003391267486223093,2.7368421052631486,9.466128308658583,2.6503996634413163,1.3289036544850585,47.307349166007214,46.402235944369394,44.659110811036086,43.99589048420991,002129.SZ
2023-04-04,47.23,0.3675217364198331,1,-0.03217213114754103,0.0070160957490712494,-0.010010214504596604,0.03400929446556811,0.1059771089444661,6.08715184186881,1.1349036402569457,-1.6860949208992504,47.293285681278626,46.481070616334215,44.75992999491702,44.02807067839688,002129.SZ
2023-04-06,49.28,-0.13808533544678903,3,0.04340461571035359,-0.03217213114754103,0.0070160957490712494,-0.010010214504596604,4.098014364174052,8.833922261484094,7.410636442894503,3.096234309623447,47.65450646650069,46.747635319540485,44.937187642175175,44.08032868159691,002129.SZ
2023-04-07,49.05,-0.18530317640501104,4,-0.004667207792207861,0.04340461571035359,-0.03217213114754103,0.0070160957490712494,0.20429009193052572,9.267097349075515,13.725944817992097,2.0811654526534884,47.90823256350056,46.966908146250915,45.09847440130556,44.129778147451674,002129.SZ
2023-04-10,48.88,0.4788026188966077,0,-0.003465851172273049,-0.004667207792207861,0.04340461571035359,-0.03217213114754103,0.8666941807676576,8.261351052048727,11.572700296735917,1.1798799420409845,48.08491755195501,47.1491073704175,45.24676952282299,44.177044036531754,002129.SZ
2023-04-11,48.22,-0.41833298999361723,1,-0.013502454991816792,-0.003465851172273049,-0.004667207792207861,0.04340461571035359,-1.1885245901639307,1.5157894736842037,8.165096455809785,1.4303744215397485,48.10947799705409,47.25109714466345,45.363366796437774,44.2172724540787,002129.SZ
2023-04-12,47.58,-0.23011762793344104,2,-0.01327250103691413,-0.013502454991816792,-0.003465851172273049,-0.004667207792207861,0.7410544145670217,0.847816871555751,6.873315363881383,1.8843683083511698,48.01320927031698,47.28242122612407,45.45029358873433,44.25073242966001,002129.SZ
2023-04-13,46.59,0.1903275189852418,3,-0.02080706179066827,-0.01327250103691413,-0.013502454991816792,-0.003465851172273049,-5.458603896103886,-1.584283903675543,2.8931095406360408,1.5475152571926776,47.754443948441164,47.21647634744559,45.49498795780357,44.27400872389225,002129.SZ
2023-04-14,45.88,0.4855899291058723,4,-0.015239321742863243,-0.02080706179066827,-0.01327250103691413,-0.013502454991816792,-6.462793068297645,-6.271705822267615,2.2053909556694284,6.37607233943891,47.413635957815494,47.08919288578411,45.510086469262255,44.28998873658985,002129.SZ
2023-04-17,45.71,-0.21595653490385391,0,-0.0037053182214472624,-0.015239321742863243,-0.02080706179066827,-0.01327250103691413,-6.485270049099845,-5.674783326454813,1.240310077519391,4.3369093814197734,47.1038839654854,46.95784118237609,45.517926215565694,44.30411820189741,002129.SZ
2023-04-18,45.43,-0.25133806187720287,1,-0.006125574272588086,-0.0037053182214472624,-0.015239321742863243,-0.02080706179066827,-5.785980920779754,-6.905737704918025,-4.3578947368421055,1.9066846119335956,46.799541426306234,46.812332498340275,45.514478128680764,44.31532100585863,002129.SZ
2023-04-19,43.96,0.6882810229584422,2,-0.03235747303543912,-0.006125574272588086,-0.0037053182214472624,-0.015239321742863243,-7.608238755779739,-6.923565530383224,-6.824925816023741,-1.2578616352201255,46.28326116697782,46.54068178421263,45.45351820206584,44.311785473462024,002129.SZ
2023-04-20,43.18,-0.2993652501344809,3,-0.017743403093721577,-0.03235747303543912,-0.006125574272588086,-0.0037053182214472624,-7.319167203262511,-12.378246753246758,-8.787494719053656,-4.637809187279151,45.71903186389095,46.220616852382854,45.36436062551424,44.300523926462404,002129.SZ
2023-04-21,42.9,-0.0977642650942816,4,-0.006484483557202436,-0.017743403093721577,-0.03235747303543912,-0.006125574272588086,-6.495204882301664,-12.538226299694188,-12.35955056179776,-4.4330585876587225,45.20648061591077,45.90436762834639,45.267719032356815,44.286588365005066,002129.SZ
2023-04-24,41.5,0.47508730844900726,0,-0.03263403263403264,-0.006484483557202436,-0.017743403093721577,-0.03235747303543912,-9.210238459855614,-15.098199672667768,-14.362360709863808,-8.08416389811738,44.532575049381535,45.48490404469435,45.11996534481341,44.258861117592076,002129.SZ
2023-04-25,40.13,-0.2398652390622117,1,-0.03301204819277104,-0.03263403263403264,-0.006484483557202436,-0.017743403093721577,-11.666299801893022,-16.77727084197428,-17.76639344262294,-15.515789473684205,43.73210685858489,44.97491318329489,44.92428042933053,44.21777792239216,002129.SZ
2023-04-26,42.13,0.21931805762995893,2,0.049838026414154024,-0.03301204819277104,-0.03263403263403264,-0.006484483557202436,-4.162875341219285,-11.454392601933572,-10.798221469405023,-10.703688003391266,43.44081470247855,44.70396907060014,44.8147008046509,44.19700401271662,002129.SZ
2023-04-27,40.4,-0.08989737537905385,3,-0.041063375267030744,0.049838026414154024,-0.03301204819277104,-0.03263403263403264,-6.4381658175081125,-13.286112899763902,-18.019480519480524,-14.659907055344323,42.887939302027895,44.294067254352505,44.641575282899886,44.15922287826172,002129.SZ
2023-04-28,41.58,-0.19080837094788672,4,0.029207920792079234,-0.041063375267030744,0.049838026414154024,-0.03301204819277104,-3.076923076923077,-9.372275501307769,-15.229357798165132,-15.05617977528091,42.65013215620464,44.03558465869989,44.5215135070999,44.13355896902529,002129.SZ
2023-05-04,41.15,-0.25703853955375255,3,-0.010341510341510318,0.029207920792079234,-0.041063375267030744,0.049838026414154024,-0.8433734939759074,-9.975935243929124,-15.81423895253683,-15.084605860503508,42.377380855076524,43.760767072157044,44.3892972911352,44.10387181510464,002129.SZ
2023-05-05,40.45,0.07676276800990145,4,-0.017010935601457944,-0.010341510341510318,0.029207920792079234,-0.041063375267030744,0.7974084226264555,-10.961919436495704,-16.113645790128572,-17.110655737704906,42.026947972335336,43.445455922427804,44.23481504442402,44.06751488162101,002129.SZ
2023-05-08,40.93,-0.2842654180647234,0,0.011866501854140843,-0.017010935601457944,-0.010341510341510318,0.029207920792079234,-2.848326608117735,-6.8926296633303075,-13.976460697772175,-13.338979462206224,41.82750288645619,43.205888691720396,44.1052144544466,44.03629582807255,002129.SZ
2023-05-09,39.62,0.4926610379642202,1,-0.032005863669679946,0.011866501854140843,-0.017010935601457944,-0.010341510341510318,-1.9306930693069324,-8.244557665585928,-14.960291908134804,-19.60227272727273,41.426138725282335,42.86437548298512,43.92932369152713,43.99235258600218,002129.SZ
2023-05-10,39.62,-0.05430913089568523,2,0.0,-0.032005863669679946,0.011866501854140843,-0.017010935601457944,-4.7138047138047146,-7.645687645687649,-13.644289450741077,-19.22528032619776,41.09774986614009,42.55538734174844,43.76033060558489,43.94884659012156,002129.SZ
2023-05-11,38.98,-0.18828686392116512,3,-0.016153457849570896,0.0,-0.032005863669679946,0.011866501854140843,-5.2733900364520085,-6.072289156626509,-14.723255305184868,-20.253682487725055,40.7127044359328,42.214874261581926,43.57286666026784,43.89940533051836,002129.SZ
2023-05-12,38.4,0.0170869704121277,4,-0.014879425346331354,-0.016153457849570896,0.0,-0.032005863669679946,-5.06798516687269,-4.310989284824329,-15.474356152322255,-20.36499377851514,40.292212720308655,41.85155290333603,43.37000914417891,43.844684879468424,002129.SZ
2023-05-15,39.84,0.15071283095723031,0,0.03750000000000009,-0.014879425346331354,-0.016153457849570896,0.0,-2.6630833129733578,-5.435556610491332,-9.372156505914464,-16.26733921815888,40.209992225707076,41.65997643635164,43.231577413034636,43.80483726872745,002129.SZ
2023-05-16,40.08,-0.06081979483115407,1,0.0060240963855420215,0.03750000000000009,-0.014879425346331354,-0.016153457849570896,1.1610297829379057,-0.7920792079207928,-7.179249652616959,-13.972955569864787,40.186357275578516,41.50950249003244,43.107986141935235,43.76777421132718,002129.SZ
2023-05-17,39.81,-0.36027302218305224,2,-0.006736526946107713,0.0060240963855420215,0.03750000000000009,-0.014879425346331354,0.47955577990914655,-4.256854256854248,-7.202797202797195,-13.230165649520487,40.117928680018785,41.34764511002935,42.978653352055424,43.72839337340353,002129.SZ
2023-05-18,39.42,-0.16839606049947253,3,-0.009796533534287888,-0.006736526946107713,0.0060240963855420215,0.03750000000000009,1.1287839917906828,-4.2041312272174896,-5.012048192771079,-13.760665062349597,39.99103255637901,41.16405986145512,42.83909831864149,43.68552378759852,002129.SZ
2023-05-19,39.58,0.006080152268161276,4,0.004058853373921867,-0.009796533534287888,-0.006736526946107713,0.0060240963855420215,3.0729166666666696,-2.1508034610630555,-1.3705457263892495,-12.876953554919657,39.9162993643101,41.01319701750702,42.711290541439865,43.64467280463734,002129.SZ
2023-05-22,40.06,0.476378159651059,0,0.012127337038908559,0.004058853373921867,-0.009796533534287888,-0.006736526946107713,0.5522088353413723,-2.125580258978743,-4.9133633990030905,-8.871701546860777,39.94242675261735,40.92241634917301,42.607318363344184,43.60900441852155,002129.SZ
2023-05-23,40.19,0.3716807859329392,1,0.0032451323015476596,0.012127337038908559,0.004058853373921867,-0.009796533534287888,0.2744510978043957,1.4386673397274174,-0.5198019801980203,-6.92450208429829,39.98744007032328,40.85266241115653,42.51252156478167,43.57498447405865,002129.SZ
2023-05-24,41.3,0.3788924641893294,2,0.027618810649415293,0.0032451323015476596,0.012127337038908559,0.004058853373921867,3.7427781964330498,4.240282685512375,-0.6734006734006814,-3.7296037296037365,40.2260873302645,40.89526599104638,42.46497169949612,43.552347812625236,002129.SZ
2023-05-25,41.88,0.16048453368964521,3,0.01404358353510915,0.027618810649415293,0.0032451323015476596,0.012127337038908559,6.240487062404876,7.439712673165744,1.773997569866359,0.9156626506024113,40.52679872476186,40.989050182375294,42.44203163284921,43.5357075358827,002129.SZ
2023-05-26,40.9,-0.36130901542752747,4,-0.023400191021967665,0.01404358353510915,0.027618810649415293,0.0032451323015476596,3.3350176856998592,6.510416666666674,1.1124845488257096,1.9187640169449294,40.59465350207788,40.98056921262526,42.38155980411002,43.50948159025203,002129.SZ
2023-05-29,39.13,0.19562604736191758,0,-0.04327628361858182,-0.023400191021967665,0.01404358353510915,0.027618810649415293,-2.3215177234148787,-1.7821285140562249,-4.397752259956011,-7.120816520294326,40.32835286533645,40.80432452570857,42.25404765492923,43.465904659005744,002129.SZ
2023-05-30,38.17,0.03762352408188674,1,-0.024533605928954816,-0.04327628361858182,-0.023400191021967665,0.01404358353510915,-5.02612590196565,-4.765469061876237,-3.6597677940434004,-5.519801980198014,39.935925071638906,40.55343647564109,42.09388892336338,43.413209090259414,002129.SZ
2023-05-31,37.15,0.023208694050469658,2,-0.02672255698192305,-0.024533605928954816,-0.04327628361858182,-0.023400191021967665,-10.04842615012106,-6.681738256719427,-6.234225138818772,-10.654160654160648,39.429393240431835,40.22929966843718,41.900010926368736,43.35088860179912,002129.SZ
2023-06-01,36.45,0.36686335300196715,3,-0.018842530282637826,-0.02672255698192305,-0.024533605928954816,-0.04327628361858182,-12.965616045845273,-7.534246575342463,-6.490507952796287,-11.421628189550415,38.88768537853513,39.86936636668126,41.68628500768761,43.282223043572266,002129.SZ
2023-06-02,36.26,-0.5126165192747636,4,-0.005212620027434944,-0.018842530282637826,-0.02672255698192305,-0.024533605928954816,-11.34474327628362,-8.38807478524507,-5.572916666666671,-10.358467243510516,38.40992440061965,39.525617188902096,41.47348951719005,43.21235017746707,002129.SZ
2023-06-05,35.64,0.0007806401249024209,0,-0.01709873138444562,-0.005212620027434944,-0.018842530282637826,-0.02672255698192305,-8.918987988755433,-11.03344982526211,-10.542168674698804,-12.924505252870755,37.90630178232517,39.15555840900666,41.24472522239829,43.13700340953208,002129.SZ
2023-06-06,35.9,0.9152966118644745,1,0.00729517396184054,-0.01709873138444562,-0.005212620027434944,-0.018842530282637826,-5.947078857741694,-10.674297088828066,-10.42914171656687,-9.389197375063096,37.54151964008423,38.8455052271965,41.035128154853254,43.06499342535763,002129.SZ
2023-06-07,35.2,-0.4421998517141634,2,-0.01949860724233976,0.00729517396184054,-0.01709873138444562,-0.005212620027434944,-5.248990578734847,-14.769975786924928,-11.580005023863349,-11.155981827359906,37.115788796432554,38.49831425317779,40.806299599760976,42.98673478430929,002129.SZ
2023-06-08,36.78,1.0168771236813288,3,0.04488636363636367,-0.01949860724233976,0.00729517396184054,-0.01709873138444562,0.9053497942386857,-12.177650429799424,-6.69710806697108,-5.643919958953303,37.054736287990266,38.33466527668467,40.64840549780957,42.924976229241544,002129.SZ
2023-06-09,36.39,-0.25480240410275445,4,-0.010603588907014738,0.04488636363636367,-0.01949860724233976,0.00729517396184054,0.35852178709321336,-11.026894865525671,-8.059626073774629,-5.234374999999991,36.93387514471931,38.149459059857556,40.48140920377782,42.85995159014462,002129.SZ
2023-06-12,36.91,-0.23821030866196657,0,0.014289640010991977,-0.010603588907014738,0.04488636363636367,-0.01949860724233976,3.5634118967452277,-5.673396371070805,-7.863205192211698,-7.354417670682745,36.9295342093158,38.031415339871124,40.341353940884574,42.80074809173522,002129.SZ
2023-06-13,36.86,-0.39787926354687864,1,-0.0013546464372797828,0.014289640010991977,-0.010603588907014738,0.04488636363636367,2.674094707520891,-3.4320146712077615,-8.285643194824576,-8.033932135728538,36.91689162580383,37.91985197416911,40.20483025692832,42.74163617042443,002129.SZ
2023-06-14,36.57,0.04490217110890837,2,-0.007867607162235446,-0.0013546464372797828,0.014289640010991977,-0.010603588907014738,3.8920454545454453,-1.5612382234185707,-11.452784503631952,-8.138658628485306,36.853820421112225,37.79129464329586,40.062287893911524,42.68022685529583,002129.SZ
2023-06-15,39.19,1.991917459327408,3,0.0716434235712331,-0.007867607162235446,-0.0013546464372797828,0.014289640010991977,6.55247417074496,7.517146776406025,-6.423113658070689,-0.5834601725012822,37.27858034454636,37.924504677267684,40.02808052552284,42.64549822987,002129.SZ
2023-06-16,31.9,-0.29864145305455914,4,-0.18601684103087524,0.0716434235712331,-0.007867607162235446,-0.0013546464372797828,-12.33855454795274,-12.024269167126311,-22.004889975550125,-19.403739262253662,36.30065664553793,37.35074232705171,39.709332269619985,42.538577849473285,002129.SZ
2023-06-19,31.5,-0.20241508499241412,0,-0.01253918495297801,-0.18601684103087524,0.0716434235712331,-0.007867607162235446,-14.657274451368185,-11.616161616161612,-19.49910554561718,-21.36794807788318,35.42780998271285,36.793528772094405,39.38739767081136,42.42874125395614,002129.SZ
2023-06-20,32.66,0.4932141803444152,1,0.03682539682539665,-0.01253918495297801,-0.18601684103087524,0.0716434235712331,-11.394465545306575,-9.02506963788301,-14.435420487293705,-18.736003981089834,34.92457180403778,36.399859365228274,39.12357815430896,42.33153984844414,002129.SZ
2023-06-21,32.2,-0.3713076439115447,2,-0.01408450704225328,0.03682539682539665,-0.01253918495297801,-0.18601684103087524,-11.949685534591193,-8.52272727272727,-13.324360699865402,-22.033898305084733,34.42919511239455,35.999872759016064,38.85206528551253,42.23072850666858,002129.SZ
2023-06-26,32.19,-0.09713676061929322,0,-0.0003105590062113528,-0.01408450704225328,0.03682539682539665,-0.01253918495297801,-17.861699413115595,-12.479608482871129,-11.687242798353925,-23.137535816618925,34.022068728322814,35.63702773434787,38.590807823335574,42.13082076033357,002129.SZ
2023-06-27,32.05,0.13641485064167735,1,-0.004349176762969864,-0.0003105590062113528,-0.01408450704225328,0.03682539682539665,0.4702194357366629,-11.926353393789512,-11.610590182018754,-21.638141809290957,33.66351077771866,35.295406045362355,38.33430555575379,42.0305140861014,002129.SZ
2023-06-28,31.82,-0.2832281414488267,2,-0.007176287051481989,-0.004349176762969864,-0.0003105590062113528,-0.01408450704225328,1.0158730158730256,-13.790300731509063,-10.718294051627385,-18.681318681318682,33.328326999951635,34.964414993423084,38.078842592783054,41.92891693101581,002129.SZ
2023-06-29,32.35,0.45644497424709285,3,0.016656191074795768,-0.007176287051481989,-0.004349176762969864,-0.0003105590062113528,-0.9491733006735892,-12.23548562126966,-9.888579387186624,-15.247576630861936,33.15044936359679,34.715423089287555,37.85418209894842,41.83360432473705,002129.SZ
2023-06-30,33.2,0.2786194116284457,4,0.026275115919629055,0.016656191074795768,-0.007176287051481989,-0.004349176762969864,3.105590062111796,-9.21520371889526,-5.681818181818176,-10.63257065948855,33.159458570215556,34.57109708078398,37.671665153891624,41.74769781404315,002129.SZ
2023-07-03,32.33,-0.015894295687041926,0,-0.026204819277108604,0.026275115919629055,0.016656191074795768,-0.007176287051481989,0.4349176762969975,-17.504465424853276,-12.098966829798808,-11.303155006858724,33.008647921085455,34.357659263566454,37.46218808903313,41.65398937808252,002129.SZ
2023-07-04,31.72,-0.32725420650212933,1,-0.018867924528301883,-0.026204819277108604,0.026275115919629055,0.016656191074795768,-1.029641185647423,-0.5642633228840066,-12.833195932948616,-12.520683949255373,32.77434829906991,34.106453619417266,37.237004242404375,41.55514371262896,002129.SZ
2023-07-05,31.25,-0.1968403385872738,2,-0.01481715006305162,-0.018867924528301883,-0.026204819277108604,0.026275115919629055,-1.7913262099308658,-0.7936507936507908,-15.33459767000812,-12.317620650953987,32.49719406287538,33.834410417568,37.00221976231009,41.45260496921971,002129.SZ
2023-07-06,31.25,0.07834007177576896,3,0.0,-0.01481715006305162,-0.018867924528301883,-0.026204819277108604,-3.4003091190108248,-4.317207593386396,-15.219750406945199,-12.95264623955431,32.270431505988945,33.58827609208534,36.776642516729304,41.35108651181454,002129.SZ
2023-07-07,30.31,-0.23966298051606105,4,-0.030079999999999996,0.0,-0.01481715006305162,-0.018867924528301883,-8.704819277108445,-5.869565217391315,-17.117856166256495,-13.892045454545466,31.913989413990954,33.27605932141054,36.52304869254384,41.24122495448306,002129.SZ
2023-07-10,31.24,1.0118153863201926,0,0.030682942923127676,-0.030079999999999996,0.0,-0.01481715006305162,-3.371481596040826,-2.951227089158126,-20.28578719060985,-15.062533985861892,31.791445884174415,33.08214890984763,36.31587031244408,41.14171027831905,002129.SZ
2023-07-11,30.59,-0.3062909233618607,1,-0.020806658130601785,0.030682942923127676,-0.030079999999999996,0.0,-3.562421185372,-4.555382215288606,-4.106583072100312,-15.938444627644955,31.573001177960883,32.84480139462405,36.09132637862275,41.03671813624623,002129.SZ
2023-07-12,31.12,0.4251798918167835,2,0.0173259235044132,-0.020806658130601785,0.030682942923127676,-0.030079999999999996,-0.41599999999999415,-2.199874292897541,-1.2063492063491998,-15.686805743700882,31.49063732742254,32.680534595136045,35.89637240299049,40.93804432394528,002129.SZ
2023-07-13,31.34,-0.3129517946432303,3,0.007069408740359773,0.0173259235044132,-0.020806658130601785,0.030682942923127676,0.28799999999999937,-3.122102009273575,-4.041641151255348,-14.9755832881172,31.463248722436624,32.55286463369452,35.717691132284976,40.84254139534881,002129.SZ
2023-07-14,30.54,-0.06772015893610117,4,-0.02552648372686661,0.007069408740359773,0.0173259235044132,-0.020806658130601785,0.7588254701418773,-8.012048192771093,-5.155279503105604,-16.488925348646433,31.295385318357233,32.361163240009326,35.514644421214975,40.740028545643845,002129.SZ
2023-07-17,30.79,0.043653166621364425,0,0.008185985592665368,-0.02552648372686661,0.007069408740359773,0.0173259235044132,-1.440460947503197,-4.763377667800805,-4.349176762969864,-21.434039295738707,31.203497078655914,32.21152864572272,35.329364247834,40.64102328648321,002129.SZ
2023-07-18,30.22,-0.191717887279925,1,-0.018512504059759682,0.008185985592665368,-0.02552648372686661,0.007069408740359773,-1.2095456031382845,-4.7288776796973515,-5.7098283931357185,-5.26645768025078,31.024679427991202,32.021859250891985,35.12899702242875,40.53733151248836,002129.SZ
2023-07-19,29.6,0.32468068104192715,2,-0.020516214427531376,-0.018512504059759682,0.008185985592665368,-0.02552648372686661,-4.884318766066842,-5.279999999999996,-6.976744186046513,-6.0317460317460325,30.765646804720074,31.791205988902274,34.91217360978449,40.42850234320987,002129.SZ
2023-07-20,29.13,-0.1162408297495573,3,-0.015878378378378466,-0.020516214427531376,-0.018512504059759682,0.008185985592665368,-7.051691129546911,-6.784000000000001,-9.953632148377134,-10.808328230251064,30.46825647658915,31.53775779948301,34.68542170351843,40.31607943432221,002129.SZ
2023-07-21,28.84,0.44053241734650084,4,-0.009955372468245738,-0.015878378378378466,-0.020516214427531376,-0.018512504059759682,-5.566470203012441,-4.84988452655889,-13.132530120481933,-10.43478260869566,30.172209844482033,31.280828485246534,34.45618947985104,40.20188958920458,002129.SZ
2023-07-24,28.72,-0.03130421491077229,0,-0.004160887656033285,-0.009955372468245738,-0.015878378378378466,-0.020516214427531376,-6.722962000649558,-8.066581306017929,-11.166099597896684,-10.779745262503882,29.908171690939845,31.036940058080198,34.23124087279806,40.08764193160056,002129.SZ
2023-07-25,29.18,-0.1878752495088719,1,0.016016713091921986,-0.004160887656033285,-0.009955372468245738,-0.015878378378378466,-3.4414295168762377,-4.609349460608048,-8.007566204287508,-8.954758190327606,29.77577683804169,30.86008862397732,34.033152995433426,39.97910818103737,002129.SZ
2023-07-26,29.06,-0.16102238283982273,2,-0.004112405757368043,0.016016713091921986,-0.004160887656033285,-0.009955372468245738,-1.8243243243243334,-6.619537275064269,-7.008000000000003,-8.67379006913891,29.64563559476138,30.688651612169956,33.83812738776937,39.87046033843998,002129.SZ
2023-07-27,28.66,-0.2500781602806823,3,-0.013764624913971013,-0.004112405757368043,0.016016713091921986,-0.004160887656033285,-1.6134569172674196,-8.551372048500316,-8.287999999999995,-11.4064914992272,29.466429122986582,30.495446696725196,33.63506356864116,39.75891346940078,002129.SZ
2023-07-28,29.42,0.49473472917052685,4,0.026517794836008468,-0.013764624913971013,-0.004112405757368043,0.016016713091921986,2.011095700416088,-3.6673215455140684,-2.9363246453315672,-11.3855421686747,29.45798746426175,30.393023201798986,33.46976695810621,39.656038708511225,002129.SZ
2023-07-31,29.09,0.8488714425907753,0,-0.011216859279401858,0.026517794836008468,-0.013764624913971013,-0.004112405757368043,1.28830083565461,-5.5212731406300675,-6.8822023047375165,-10.021651716671819,29.39108065257779,30.268925754008606,33.298011391121655,39.5509039949937,002129.SZ
2023-08-01,28.45,-0.26621410213431673,1,-0.022000687521485096,-0.011216859279401858,0.026517794836008468,-0.013764624913971013,-2.5017135023989057,-5.8570483123759125,-6.995750245178167,-10.308953341740224,29.219975079381825,30.09569472981731,33.10789329735218,39.44044723882462,002129.SZ
2023-08-02,28.16,-0.30008451798101,2,-0.010193321616871698,-0.022000687521485096,-0.011216859279401858,0.026517794836008468,-3.0970406056434863,-4.86486486486487,-9.511568123393321,-9.887999999999996,29.02725233767604,29.91134285078709,32.913858266083466,39.328203982716914,002129.SZ
2023-08-03,28.57,0.15939600966036416,3,0.014559659090909172,-0.010193321616871698,-0.022000687521485096,-0.011216859279401858,-0.3140265177948409,-1.9224167524888425,-8.838544990427566,-8.575999999999995,28.944115549007666,29.78359591261689,32.7435108830998,39.22115717691874,002129.SZ
2023-08-04,28.94,-0.022491414416274114,4,0.012950647532376625,0.014559659090909172,-0.010193321616871698,-0.022000687521485096,-1.6315431679129855,0.34674063800277377,-5.2390307793058195,-4.519960409105894,28.943367267369908,29.703253444748615,32.594353593566474,39.11885710550661,002129.SZ
2023-08-07,28.57,-0.45516764736938087,0,-0.01278507256392536,0.012950647532376625,0.014559659090909172,-0.010193321616871698,-1.78755586112066,-0.5222841225626662,-7.210133160116916,-8.546734955185652,28.87548230966629,29.595324545248747,32.436535805583475,39.013893353213014,002129.SZ
2023-08-08,28.04,0.4053630261280148,1,-0.018550927546377327,-0.01278507256392536,0.012950647532376625,0.014559659090909172,-1.4411247803163496,-3.906785469499663,-7.213765718067499,-8.336057535142205,28.723576435181506,29.4471983980822,32.26412263673706,38.90470038452433,002129.SZ
2023-08-09,28.06,-0.4200734639637945,2,0.0007132667617688604,-0.018550927546377327,-0.01278507256392536,0.012950647532376625,-0.35511363636364646,-3.44115622849277,-5.202702702702711,-9.832904884318772,28.602926174239414,29.315084264931514,32.09925508235522,38.796792918011654,002129.SZ
2023-08-10,28.83,1.14591755117923,3,0.02744119743406981,0.0007132667617688604,-0.018550927546377327,-0.01278507256392536,0.9100455022751142,0.5931612002791242,-1.029866117404743,-8.008934269304413,28.6442123243777,29.268885763509466,31.97104900069423,38.69762084917572,002129.SZ
2023-08-11,28.35,-0.2447112866180441,4,-0.01664932362122773,0.02744119743406981,0.0007132667617688604,-0.018550927546377327,-2.0387007601935014,-3.636981645139359,-1.6990291262135915,-7.170923379174843,28.590719174490847,29.181372833651423,31.82904707909838,38.59465944769139,002129.SZ
2023-08-14,27.8,-0.012390631668800611,0,-0.01940035273368612,-0.01664932362122773,0.02744119743406981,0.0007132667617688604,-2.695134756737838,-4.434513578549327,-3.203342618384397,-9.710945112049362,28.446952051856147,29.049813516160814,31.67104523285923,38.48724990094819,002129.SZ
2023-08-15,26.62,1.8319715856145415,1,-0.04244604316546763,-0.01940035273368612,-0.01664932362122773,0.02744119743406981,-5.064194008559197,-6.432337434094892,-8.773132282385188,-11.912640635340832,28.114778951518666,28.81840270509788,31.472965027649064,38.36916781238155,002129.SZ
2023-08-16,25.95,-0.5296305657156208,2,-0.025169045830202963,-0.04244604316546763,-0.01940035273368612,-0.01664932362122773,-7.519600855310049,-7.848011363636365,-10.701995870612524,-12.331081081081086,27.72118277851527,28.54522149508856,31.25637816381969,38.245594003303125,002129.SZ
2023-08-17,26.0,0.045358692566608516,3,0.0019267822736031004,-0.025169045830202963,-0.04244604316546763,-0.01940035273368612,-9.816163718348935,-8.995449772488628,-9.281228192602931,-10.744936491589419,27.408240455148857,28.302819447937267,31.050245686807155,38.1237472968026,002129.SZ
2023-08-18,26.09,-0.04830763262535154,4,0.003461538461538405,0.0019267822736031004,-0.025169045830202963,-0.04244604316546763,-7.971781305114645,-9.847961299239817,-11.318830727396334,-9.535367545076278,27.168560372394516,28.092074738609906,30.855726248108837,38.004008517729936,002129.SZ
2023-08-21,25.1,0.1248356754883877,0,-0.03794557301648138,0.003461538461538405,0.0019267822736031004,-0.025169045830202963,-9.712230215827333,-12.145607280364013,-13.716053626675828,-12.604456824512521,26.7924584865046,27.807115239694674,30.630011493281042,37.87561042302615,002129.SZ
2023-08-22,25.06,0.31558539214886894,1,-0.0015936254980081221,-0.03794557301648138,0.003461538461538405,0.0019267822736031004,-5.860255447032314,-10.627674750356631,-11.915641476274164,-14.119259766963676,26.477466034412856,27.54548521686661,30.411579670015122,37.74809191135425,002129.SZ
2023-08-23,23.93,-0.18149890161349203,2,-0.04509177972865119,-0.0015936254980081221,-0.03794557301648138,0.003461538461538405,-7.7842003853564545,-14.718460441910185,-15.021306818181824,-17.653131452167926,26.014290391792336,27.201153291450744,30.15740007511257,37.61059845949998,002129.SZ
2023-08-24,24.92,0.26748109072246495,3,0.04137066443794413,-0.04509177972865119,-0.0015936254980081221,-0.03794557301648138,-4.153846153846152,-13.56226153312521,-12.775638781939092,-13.049546406140955,25.815328502375547,26.983900597026864,29.95201183687286,37.48432384796267,002129.SZ
2023-08-25,24.53,-0.4252998692324542,4,-0.015650080256821797,0.04137066443794413,-0.04509177972865119,-0.0015936254980081221,-5.97930241471828,-13.474426807760143,-15.238424326192124,-16.621346023113524,25.581632411034537,26.750195778262402,29.739383921701375,37.35542510320683,002129.SZ
2023-08-28,24.77,0.4686294439695997,0,0.009783938035059059,-0.015650080256821797,0.04137066443794413,-0.04509177972865119,-1.3147410358565814,-10.89928057553957,-13.300665033251668,-14.850464077002412,25.43406288175553,26.561605704142174,29.544506120850343,37.23019699272716,002129.SZ
2023-08-29,25.7,0.05241012654245747,1,0.03754541784416632,0.009783938035059059,-0.015650080256821797,0.04137066443794413,2.553870710295292,-3.4560480841472674,-8.345221112696144,-9.666080843585235,25.482415085072702,26.479548018033395,29.393741174934643,37.115468664441316,002129.SZ
2023-08-30,26.07,-0.10017561558868604,2,0.014396887159533023,0.03754541784416632,0.009783938035059059,-0.015650080256821797,8.942749686585882,0.46242774566473965,-7.0919458303635,-7.421875,25.589248705968572,26.440543444887357,29.263398383760737,37.00556350360111,002129.SZ
2023-08-31,25.65,-0.35511170168590644,3,-0.016110471806674354,0.014396887159533023,0.03754541784416632,0.009783938035059059,2.929373996789719,-1.3461538461538525,-11.03017689906347,-10.220511025551282,25.600294395792467,26.365253592993323,29.12169648635836,36.89257282197324,002129.SZ
2023-09-01,25.78,-0.22391211961211066,4,0.005068226120857888,-0.016110471806674354,0.014396887159533023,0.03754541784416632,5.095801059926619,-1.1881947106170854,-9.065255731922395,-10.919143054595715,25.632968142012018,26.309515155565386,28.9906495653247,36.78199995807301,002129.SZ
2023-09-04,25.81,0.20766958714987394,0,0.001163692785104642,0.005068226120857888,-0.016110471806674354,0.014396887159533023,4.198627371820751,2.8286852589641365,-7.158273381294967,-9.660483024151212,25.665155752555286,26.26194228360678,28.86591820982177,36.67282582913696,002129.SZ
2023-09-05,25.88,0.3311944379560039,1,0.0027121270825261057,0.001163692785104642,0.005068226120857888,-0.016110471806674354,0.7003891050583633,3.272146847565849,-2.7798647633358486,-7.703281027104136,25.70421834299978,26.22556682802518,28.748823378064056,36.565434527354505,002129.SZ
2023-09-06,25.58,-0.16048223114478288,2,-0.011591962905718733,0.0027121270825261057,0.001163692785104642,0.005068226120857888,-1.8795550441120135,6.8951107396573175,-1.4258188824662898,-8.838203848895231,25.681633189727094,26.164084272975163,28.624555794610565,36.45612672111218,002129.SZ
2023-09-07,24.85,-0.011729267842872204,3,-0.028537920250195303,-0.011591962905718733,0.0027121270825261057,0.001163692785104642,-3.1189083820662655,-0.2808988764045006,-4.423076923076918,-13.80506416926811,25.53042715523126,26.03893338983467,28.476533998743484,36.340642873140915,002129.SZ
2023-09-08,24.41,-0.2820815864445577,4,-0.017706237424547355,-0.028537920250195303,-0.011591962905718733,0.0027121270825261057,-5.314197051978287,-0.48919690175296404,-6.439248754311999,-13.897707231040568,25.32671312700739,25.88379687651708,28.317062077224133,36.221930008731555,002129.SZ
2023-09-11,24.82,0.31261372103904206,0,0.016796394920114643,-0.017706237424547355,-0.028537920250195303,-0.011591962905718733,-3.8357225881441193,0.20185708518369871,-1.1155378486055856,-10.719424460431659,25.2345834675515,25.782482888277357,28.179922387921227,36.10847796884368,002129.SZ
2023-09-12,24.74,-0.38764571534186176,1,-0.0032232070910557242,0.016796394920114643,-0.017706237424547355,-0.028537920250195303,-4.404945904173108,-3.735408560311293,-1.276935355147646,-7.062359128474838,25.14465920072395,25.683198803679513,28.045023470747847,35.995358785074096,002129.SZ
2023-09-13,24.45,0.022335288030355338,2,-0.011721907841552137,-0.0032232070910557242,0.016796394920114643,-0.017706237424547355,-4.4175136825645005,-6.214039125431537,2.173004596740502,-5.780346820809246,25.01835752786505,25.56575129856718,27.9040421581695,35.88047959318281,002129.SZ
2023-09-14,24.16,0.3974061577393504,3,-0.011860940695296529,-0.011721907841552137,-0.0032232070910557242,0.016796394920114643,-2.776659959758554,-5.80896686159843,-3.049759229534521,-7.07692307692308,24.862292522798676,25.43187022251316,27.75721697549619,35.763857905688454,002129.SZ
2023-09-15,23.71,0.6225911114464651,4,-0.018625827814569562,-0.011860940695296529,-0.011721907841552137,-0.0032232070910557242,-2.867677181482997,-8.029480217222652,-3.3428454953118636,-9.122269068608658,24.652784791380736,25.267882582273813,27.59850258430026,35.64391902105474,002129.SZ
2023-09-18,23.8,-0.3426586434277955,0,0.003795866722901664,-0.018625827814569562,-0.011860940695296529,-0.011721907841552137,-4.109589041095885,-7.7876791941107975,-3.916027452563575,-5.1792828685259025,24.497733011129693,25.12808424110488,27.449541698641426,35.52606908054673,002129.SZ
2023-09-19,23.12,0.5841987605761341,1,-0.02857142857142858,0.003795866722901664,-0.018625827814569562,-0.011860940695296529,-6.548100242522226,-10.664605873261202,-10.038910505836574,-7.741420590582592,24.2472361000152,24.936838122904412,27.279755749675097,35.40262560710846,002129.SZ
2023-09-20,22.44,-0.12116854815661626,2,-0.02941176470588236,-0.02857142857142858,0.003795866722901664,-0.018625827814569562,-8.220858895705518,-12.275215011727902,-13.924050632911388,-6.22649394066025,23.91864771819425,24.699044015961135,27.089961406550582,35.273644257784,002129.SZ
2023-09-21,22.26,-0.19890041767868216,3,-0.008021390374331583,-0.02941176470588236,-0.02857142857142858,0.003795866722901664,-7.864238410596025,-10.422535211267602,-13.216374269005836,-10.67415730337079,23.617075405795294,24.466754109679123,26.900551155313302,35.14415526019411,002129.SZ
2023-09-22,22.55,0.16912557561303587,4,0.01302785265049411,-0.008021390374331583,-0.02941176470588236,-0.02857142857142858,-4.892450442851115,-7.619827939369106,-12.529092319627622,-8.071748878923767,23.423061695650695,24.284206099233494,26.72994130608533,35.01884028248074,002129.SZ
2023-09-25,22.41,-0.1048165710007487,0,-0.006208425720620858,0.01302785265049411,-0.008021390374331583,-0.02941176470588236,-5.840336134453783,-9.709911361805002,-13.173188686555592,-9.527654420670162,23.23886866007784,24.105710280258876,26.560531843101593,34.89337918514262,002129.SZ
2023-09-26,22.08,-0.07778087538332867,1,-0.014725568942436484,-0.006208425720620858,0.01302785265049411,-0.008021390374331583,-4.498269896193785,-10.751818916734035,-14.683153013910355,-14.085603112840472,23.028165267336416,23.91278549166279,26.38482471199957,34.765882874842696,002129.SZ
2023-09-27,23.58,2.002838967457021,2,0.06793478260869557,-0.014725568942436484,-0.006208425720620858,0.01302785265049411,5.080213903743291,-3.5582822085889587,-7.818608287724782,-9.551208285385504,23.128498855093433,23.881091635313954,26.274831586038804,34.654580557680084,002129.SZ
2023-09-28,23.38,-0.484978202636693,3,-0.008481764206955011,0.06793478260869557,-0.014725568942436484,-0.006208425720620858,5.031446540880502,-3.228476821192061,-5.915492957746493,-8.849902534113063,23.174226335985534,23.83336862242691,26.161308778743166,34.542395676509145,002129.SZ
2023-10-09,23.08,-0.3187326840378699,0,-0.01283147989734823,-0.008481764206955011,0.06793478260869557,-0.014725568942436484,2.3503325942350273,-2.6571067060312203,-5.44858664481771,-10.4732350659426,23.157094274897254,23.761619229814823,26.040473140361083,34.42834198818567,002129.SZ
2023-10-10,22.51,0.2831640927122576,1,-0.02469670710571914,-0.01283147989734823,-0.008481764206955011,0.06793478260869557,0.44622936189202544,-5.420168067226882,-9.307010475423038,-12.785741960480424,23.03944077037048,23.642417398403886,25.9020232132881,34.30975152064154,002129.SZ
2023-10-11,22.47,-0.2222611096528324,2,-0.0017769880053311038,-0.02469670710571914,-0.01283147989734823,-0.008481764206955011,1.7663043478260976,-2.8114186851211143,-9.17542441390461,-13.176197836166924,22.935906084848572,23.5307585985559,25.76743406766896,34.191943047799334,002129.SZ
2023-10-12,22.81,0.28444105551319376,3,0.015131286159323576,-0.0017769880053311038,-0.02469670710571914,-0.01283147989734823,-3.2654792196776916,1.6488413547236958,-6.707566462167691,-10.828772478498827,22.913014069421557,23.462114922502955,25.65145626109371,34.07868988314462,002129.SZ
2023-10-13,22.13,0.28571150514821797,4,-0.02981148619026741,0.015131286159323576,-0.0017769880053311038,-0.02469670710571914,-5.346449957228405,-0.5840071877807884,-8.402317880794708,-10.945674044265608,22.77064787498127,23.33524683464553,25.513359937129252,33.95979744649641,002129.SZ
2023-10-16,21.08,-0.002588712607484389,0,-0.04744690465431545,-0.02981148619026741,0.015131286159323576,-0.0017769880053311038,-8.66551126516465,-6.518847006651896,-11.092366090257288,-13.641950020483417,22.4632573522574,23.12046142182215,25.339502684692814,33.83164025797406,002129.SZ
