Date,Price,Vol.,weekday,mom,mom1,mom2,mom3,ROC_5,ROC_10,ROC_15,ROC_20,EMA_10,EMA_20,EMA_50,EMA_200,Name
2010-01-04,3535.23,-0.04677552545543284,0,-0.01131253356005002,0.0047262325576167274,0.016602204105417906,0.006413813128336665,3.2250246731176935,4.230571918838133,-1.113000766429273,-2.971326942025354,3501.759991605375,3501.3311315505102,3471.661709229321,3190.7117112317997,000300.SH
2010-01-05,3564.04,0.3733960580536213,1,0.008149399049001138,-0.01131253356005002,0.0047262325576167274,0.016602204105417906,2.461167825714483,4.9290176705077515,-1.348280395820356,-2.856223918796996,3513.0836294953065,3507.3034047361757,3475.2843872987596,3194.426420572777,000300.SH
2010-01-06,3541.73,-0.056557381137880114,2,-0.006259750171154099,0.008149399049001138,-0.01131253356005002,0.0047262325576167274,1.1708952964230468,7.145277322313448,-1.1612071419402015,-2.270682832876192,3518.2920604961596,3510.582128094635,3477.8900976007694,3197.882177582003,000300.SH
2010-01-07,3471.46,-0.0050379198848305995,3,-0.019840586380102332,-0.006259750171154099,0.008149399049001138,-0.01131253356005002,-2.455842601282432,4.0455809715628455,-2.5067963782605673,-2.3356440323197725,3509.7771404059486,3506.8562111332412,3477.637936910543,3200.604344969247,000300.SH
2010-01-08,3480.13,-0.251130619646905,4,0.002497508253011649,-0.019840586380102332,-0.006259750171154099,0.008149399049001138,-2.672218990513686,1.2012841614274627,-0.000574687872645363,-2.7146627008531654,3504.3867512412307,3504.31085769198,3477.7356648748355,3203.385694770548,000300.SH
2010-01-11,3482.05,0.48700047100064126,0,0.0005517035283164606,0.002497508253011649,-0.019840586380102332,-0.006259750171154099,-1.5042868497947781,1.672224201262562,2.6626451319971656,-2.6005448920565444,3500.3255237428248,3502.1907760070294,3477.9048544875873,3206.15847392706,000300.SH
2010-01-12,3534.92,-0.0003174910896699412,1,0.015183584382763016,0.0005517035283164606,0.002497508253011649,-0.019840586380102332,-0.8170503136889606,1.6240085325851084,4.071694802480108,-2.1543145803058605,3506.615428516857,3505.307844958741,3480.1407425468974,3209.42973289296,000300.SH
2010-01-13,3421.14,0.19235247899962582,2,-0.03218743281318959,0.015183584382763016,0.0005517035283164606,0.002497508253011649,-3.404833231217519,-2.273804966949844,3.497159314363163,-4.526503206505672,3491.0744415137915,3497.2918597245753,3477.826987937215,3211.536302714921,000300.SH
2010-01-14,3469.05,-0.2611811468744697,3,0.01400410389519302,-0.03218743281318959,0.015183584382763016,0.0005517035283164606,-0.06942323978958997,-2.5235609155740857,3.97334915839449,-2.5744793187894466,3487.0699976021924,3494.602158798425,3477.4827923318344,3214.0986280610414,000300.SH
2010-01-15,3482.74,-0.11915116240772106,4,0.003946325362851333,0.01400410389519302,-0.03218743281318959,0.015183584382763016,0.07499719838051089,-2.5992258815106473,1.2771822892736262,0.07442207950805191,3486.2827253108844,3493.4724293890513,3477.688957338429,3216.771676538046,000300.SH
2010-01-18,3500.68,0.1331192006396298,0,0.005151116649534604,0.003946325362851333,0.01400410389519302,-0.03218743281318959,0.5350296520727715,-0.9773055784206508,2.2162007486612234,3.2119207250555837,3488.9004116179963,3494.158864685332,3478.5905668545697,3219.596634980454,000300.SH
2010-01-19,3507.48,-0.08364755396521972,1,0.0019424797467921806,0.005151116649534604,0.003946325362851333,0.01400410389519302,-0.776255191065145,-1.5869631092804815,0.83514689098243,3.263832869146399,3492.278518596542,3495.42754423911,3479.7234858014494,3222.4611460751757,000300.SH
2010-01-20,3394.43,0.18877961125691778,2,-0.03223111749746266,0.0019424797467921806,0.005151116649534604,0.003946325362851333,-0.7807339074109798,-4.158984451101588,-3.036786507995448,2.689121898388769,3474.487878851716,3485.8087305020517,3476.3786432210004,3224.1722789500495,000300.SH
2010-01-21,3408.57,-0.2206852922026875,3,0.004165647840727482,-0.03223111749746266,0.0019424797467921806,0.005151116649534604,-1.7434167855753024,-1.8116296889493122,-4.222981516553048,2.1606603366422172,3462.5028099695855,3478.452660930428,3473.7194807417454,3226.0070821445765,000300.SH
2010-01-22,3366.2,0.19106572454842352,4,-0.012430432703450567,0.004165647840727482,-0.03223111749746266,0.0019424797467921806,-3.346215910461303,-3.2737282802653977,-5.8584660819760215,-2.1117708981569394,3444.993208156933,3467.761931318006,3469.503030516579,3227.4020365510987,000300.SH
2010-01-25,3328.01,-0.357147387427052,0,-0.011345136949676093,-0.012430432703450567,0.004165647840727482,-0.03223111749746266,-4.932470262920341,-4.423830789333872,-5.861570534307525,-2.8255829571534496,3423.7235339465815,3454.4522235734344,3463.9542842218116,3228.403110814272,000300.SH
2010-01-26,3242.8,0.06472201635384445,1,-0.025603889411390024,-0.011345136949676093,-0.012430432703450567,0.004165647840727482,-7.546158495558064,-8.26383623957543,-9.013366853346195,-6.774033112639888,3390.8283459562936,3434.2948689473933,3455.281567193505,3228.546363442986,000300.SH
2010-01-27,3198.57,-0.13538820234731264,2,-0.013639447391143422,-0.025603889411390024,-0.011345136949676093,-0.012430432703450567,-5.770040919977715,-6.50572616145495,-9.689050266395228,-8.631603603809468,3355.872283055149,3411.844881428594,3445.214446911407,3228.248091169922,000300.SH
2010-01-28,3206.57,-0.09155266913494942,3,0.002501117686966259,-0.013639447391143422,-0.025603889411390024,-0.011345136949676093,-5.926238862631539,-7.566336605122437,-7.630507048907376,-9.898956407388882,3328.726413408758,3392.2948927211087,3435.8558411501754,3228.0323887702216,000300.SH
2010-01-29,3204.16,0.06142118893694515,4,-0.0007515819083944164,0.002501117686966259,-0.013639447391143422,-0.025603889411390024,-4.813736557542625,-7.998874449427751,-7.929876182786277,-10.390191516019332,3306.0779746071653,3374.3772838905265,3426.7697297325212,3227.794852563553,000300.SH
2010-02-01,3152.71,0.11708688802336797,0,-0.016057250574253445,-0.0007515819083944164,0.002501117686966259,-0.013639447391143422,-5.267412057055121,-9.940068786635736,-9.458221450007898,-10.820229518305736,3278.192888314953,3353.266113996191,3416.0222893508535,3227.047739602722,000300.SH
2010-02-02,3146.19,-0.10086237359695649,1,-0.002068062079924937,-0.016057250574253445,-0.0007515819083944164,0.002501117686966259,-2.9792154927840153,-10.300557665332377,-10.996854242811715,-11.724054724413868,3254.1923631667796,3333.5445793298873,3405.4406309449378,3226.2431849798095,000300.SH
2010-02-03,3230.72,0.2812981156909242,2,0.02686741741598553,-0.002068062079924937,-0.016057250574253445,-0.0007515819083944164,1.0051366704495912,-4.822901046714767,-5.56598093033317,-8.781301793191465,3249.9246607728196,3323.7517622508503,3398.5888414961164,3226.287730402896,000300.SH
2010-02-04,3218.8,-0.13788230590184058,3,-0.003689580031695616,0.02686741741598553,-0.002068062079924937,-0.016057250574253445,0.38140442903165095,-5.567437371096973,-7.21379051901817,-7.278205711717833,3244.265631541398,3313.756356322198,3391.538298692347,3226.2132256227683,000300.SH
2010-02-05,3153.09,-0.023499417954047197,4,-0.020414440164036263,-0.003689580031695616,0.02686741741598553,-0.002068062079924937,-1.5938654748826386,-6.330877547382796,-9.465248626081756,-9.397350098990554,3227.6882439884166,3298.4547985772265,3382.1873850181373,3225.485631337965,000300.SH
2010-02-08,3150.99,-0.34997427847073403,0,-0.0006660133392958345,-0.020414440164036263,-0.003689580031695616,0.02686741741598553,-0.05455623891826855,-5.319094594066742,-9.989202097878124,-9.507617639034482,3213.743108717795,3284.410532046062,3373.120820899779,3224.7443812749007,000300.SH
2010-02-09,3169.19,-0.0559422559565349,1,0.0057759624752855565,-0.0006660133392958345,-0.020414440164036263,-0.003689580031695616,0.7310429440052779,-2.269951893425437,-9.644816221332697,-10.346203025811052,3205.6425434963776,3273.4371480416753,3365.1235338056704,3224.1916013617174,000300.SH
2010-02-10,3214.13,0.06477925004853757,2,0.014180279503595683,0.0057759624752855565,-0.0006660133392958345,-0.020414440164036263,-0.513507824881132,0.486467390114953,-5.311642897334745,-6.050907007605644,3207.185717406127,3267.788848228183,3359.2022187544676,3224.0914859252825,000300.SH
2010-02-11,3220.4,-0.02393330308200159,3,0.0019507611702078709,0.014180279503595683,0.0057759624752855565,-0.0006660133392958345,0.04970796570149538,0.43130198311591705,-5.5204968652543425,-7.167668381833647,3209.5883142413763,3263.2756245874034,3353.7589944895867,3224.054754722046,000300.SH
2010-02-12,3251.28,-0.006308336796120639,4,0.009588870947708328,0.0019507611702078709,0.014180279503595683,0.0057759624752855565,3.1140880850213604,1.4705882352941346,-3.41393856574177,-6.64591672074285,3217.168620742944,3262.133184150508,3349.7402103919558,3224.325652685011,000300.SH
2010-02-22,3233.35,0.0701902352771393,0,-0.005514751113407712,0.009588870947708328,0.0019507611702078709,0.014180279503595683,2.6137817003544894,2.5577994804469872,-2.844342414836498,-7.636516333969401,3220.110689698772,3259.3919285171264,3345.1758884158007,3224.4154471856577,000300.SH
2010-02-23,3198.63,0.2481876732772017,1,-0.0107380889789227,-0.005514751113407712,0.009588870947708328,0.0019507611702078709,0.9289439888425788,1.6667779123320514,-1.3620944862464568,-8.805467173013104,3216.2051097535405,3253.605078182162,3339.4289908308674,3224.15887557187,000300.SH
2010-02-24,3244.48,0.032507572202004065,2,0.014334261855857067,-0.0107380889789227,-0.005514751113407712,0.009588870947708328,0.9442679667592824,0.42591125198099267,1.435328912607825,-4.417531072963643,3221.34599888926,3252.736023117194,3335.705500994363,3224.361075814936,000300.SH
2010-02-25,3292.13,0.3892268928697289,3,0.014686482887858787,0.014334261855857067,-0.0107380889789227,-0.005514751113407712,2.2273630604893846,2.2781782030570463,2.6682717046563775,-3.4160953126971094,3234.2158172730306,3256.4878304393656,3333.9966578181134,3225.035393468519,000300.SH
2010-02-26,3281.67,-0.21583457934107986,4,-0.003177274287467391,0.014686482887858787,0.014334261855857067,-0.0107380889789227,0.9347087916143693,4.077904531745058,2.4190427444322538,-2.5111401580417025,3242.843850496116,3258.886132302283,3331.9446320213247,3225.598921891718,000300.SH
2010-03-01,3324.42,0.1572432293545245,0,0.013026903984861393,-0.003177274287467391,0.014686482887858787,0.014334261855857067,2.816583419673102,5.5039844620262235,5.4464254561948255,-0.10787227201841665,3257.67587767864,3265.1274530353985,3331.6495484126453,3226.5822162012537,000300.SH
2010-03-02,3311.24,-0.06122354234044436,1,-0.003964601343993901,0.013026903984861393,-0.003177274287467391,0.014686482887858787,3.520569743921609,4.482217853773363,5.246027735133607,2.1105217713087265,3267.414809009796,3269.5191241748844,3330.849173965091,3227.4245822092016,000300.SH
2010-03-03,3335.08,0.028965294876996506,2,0.007199719742452926,-0.003964601343993901,0.013026903984861393,-0.003177274287467391,2.7924351513956003,3.76307118878203,3.2302396988906468,4.2678446930972225,3279.717571008015,3275.76301711061,3331.0150887115583,3228.4957803961747,000300.SH
2010-03-04,3250.57,0.14049567496446103,3,-0.025339721985679464,0.007199719742452926,-0.003964601343993901,0.013026903984861393,-1.262404583051091,0.9368401440814855,0.9870137939604895,1.372182737317451,3274.418012642921,3273.3636821476944,3327.8603793503207,3228.715424372332,000300.SH
2010-03-05,3259.76,-0.3335653848058374,4,0.0028271964609283273,-0.025339721985679464,0.007199719742452926,-0.003964601343993901,-0.6676478744054082,0.26082035382988256,3.3830306144131628,1.7352441825626785,3271.7529194351173,3272.0680933717235,3325.189776238544,3229.024325622359,000300.SH
2010-03-08,3286.18,-0.08276622502271846,0,0.008104891157631133,0.0028271964609283273,-0.025339721985679464,0.007199719742452926,-1.1502758375897204,1.6339091035613151,4.290397621065134,4.233500702570159,3274.3760249923685,3273.4120844791782,3323.6599810919342,3229.593038800246,000300.SH
2010-03-09,3305.86,0.3160692499217359,1,0.0059887163819389855,0.008104891157631133,0.0028271964609283273,-0.025339721985679464,-0.16247689687246547,3.3523727345769805,4.3124583884210255,5.075027255188025,3280.1003840846647,3276.5023621478276,3322.9619426177405,3230.351914036065,000300.SH
2010-03-10,3279.69,-0.14187419151800795,2,-0.007916245697034974,0.0059887163819389855,0.008104891157631133,0.0028271964609283273,-1.6608297252239779,1.0852278331196397,2.039743258673421,1.5157611925515235,3280.0257687965436,3276.8059467051776,3321.2650036915547,3230.8428402645623,000300.SH
2010-03-11,3276.71,0.031933553571437345,3,-0.0009086224612692151,-0.007916245697034974,0.0059887163819389855,0.008104891157631133,0.8041666538483927,-0.4683897658962488,1.7485405539684473,1.7991176836087863,3279.422901742626,3276.796808923732,3319.5177486448274,3231.2992299136713,000300.SH
2010-03-12,3233.13,-0.17450158207738398,4,-0.013299925840248306,-0.0009086224612692151,-0.007916245697034974,0.0059887163819389855,-0.8169313078263518,-1.4791249577197019,-0.5582416771240939,2.5384622703443327,3271.006010516694,3272.63806521671,3316.129993796011,3231.3174465314455,000300.SH
2010-03-15,3183.18,-0.06445983660136301,0,-0.015449425170036557,-0.013299925840248306,-0.0009086224612692151,-0.007916245697034974,-3.1343383503033895,-4.248560651181266,-1.5516414863840922,1.021583692744188,3255.0376449682044,3264.118249481785,3310.916268549109,3230.8384669639686,000300.SH
2010-03-16,3203.97,-0.1566331910467108,1,0.006531204644412147,-0.015449425170036557,-0.013299925840248306,-0.0009086224612692151,-3.082102690374078,-3.239571882436787,0.16694647395916196,1.0974413020361506,3245.7526186103487,3258.389844769234,3306.722297233458,3230.571119033979,000300.SH
2010-03-17,3273.92,0.5077511844613511,2,0.0218322893160674,0.006531204644412147,-0.015449425170036557,-0.013299925840248306,-0.17593126179608065,-1.8338390683281913,0.9073873163033763,1.8602234508249493,3250.873960681194,3259.8689071721637,3305.4359326360677,3231.0024511828947,000300.SH
2010-03-18,3267.56,-0.0012505712012322867,3,-0.0019426253543153305,0.0218322893160674,0.006531204644412147,-0.015449425170036557,-0.2792435094958079,0.522677561166196,-0.7463253273716441,1.4644143584647829,3253.907786011886,3260.6013922033862,3303.950601944457,3231.3662078875427,000300.SH
2010-03-19,3293.87,-0.006317477142938843,4,0.00805187969004395,-0.0019426253543153305,0.0218322893160674,0.006531204644412147,1.8786748445005275,1.046396053697185,0.3717619382814119,1.309945621416797,3261.173643100634,3263.769831041159,3303.555284221145,3231.988136167269,000300.SH
2010-03-22,3302.63,0.056971647237678,0,0.002659485650617688,0.00805187969004395,-0.0019426253543153305,0.0218322893160674,3.752536771404702,0.5005812219659456,-0.655452680467572,2.1426693676836805,3268.711162536882,3267.470799513429,3303.5189985654138,3232.6910402850076,000300.SH
2010-03-23,3275.57,-0.053424079150710235,1,-0.008193470052655027,0.002659485650617688,0.00805187969004395,-0.0019426253543153305,2.234727541144288,-0.9162517468979336,-1.0772399463644944,2.405404813935963,3269.9582238938124,3268.2421519407217,3302.4229594059857,3233.1176966005796,000300.SH
2010-03-24,3276.67,-0.06139186519126949,2,0.0003358194146361182,-0.008193470052655027,0.002659485650617688,0.00805187969004395,0.08399716547746738,-0.0920818735917095,-1.7513822756875408,0.9921466614064567,3271.1785468222097,3269.0448041368436,3301.4130394292806,3233.55105285331,000300.SH
2010-03-25,3229.13,0.004705273245637409,3,-0.014508632239438213,0.0003358194146361182,-0.008193470052655027,0.002659485650617688,-1.1761069421831527,-1.452066249378181,-0.6595766280990789,-1.9136546855683112,3263.5333564908983,3265.2433942190487,3298.5784104320537,3233.5070622776557,000300.SH
2010-03-26,3275.0,0.050986984674964875,4,0.014205064522022859,-0.014508632239438213,0.0003358194146361182,-0.008193470052655027,-0.572882354191262,1.2950298936324822,0.46751908115933993,-0.20325017445386173,3265.61820076528,3266.1725947696154,3297.653766885699,3233.9199273296194,000300.SH
2010-03-29,3358.54,0.7912304417201741,0,0.025508396946564815,0.014205064522022859,-0.014508632239438213,0.0003358194146361182,1.692893239630222,5.508956452352676,2.2019487672616966,1.0263444450460568,3282.5130733534106,3274.9694905058427,3300.041462301946,3235.159928052708,000300.SH
2010-03-30,3366.71,-0.2868228865525809,1,0.002432604643684444,0.025508396946564815,0.014205064522022859,-0.014508632239438213,2.7824164954496355,5.079323464327068,1.8406708088061885,1.675203247121937,3297.821605470972,3283.7066818862386,3302.655914760693,3236.468883992482,000300.SH
2010-03-31,3345.61,-0.08339549229836762,2,-0.006267246065149612,0.002432604643684444,0.025508396946564815,0.014205064522022859,2.103965306240796,2.18972974293814,2.009946061975376,0.31573455509312787,3306.5104044762497,3289.602235992311,3304.3403886916462,3237.5548652462885,000300.SH
2010-04-01,3391.94,0.28063450132132317,3,0.013847997824014024,-0.006267246065149612,0.002432604643684444,0.025508396946564815,5.041915314651302,3.806510056433554,3.516637114666854,4.349083391528241,3322.0430582078407,3299.348689707329,3307.7756675664837,3239.0910357413504,000300.SH
2010-04-02,3407.35,0.07232810562957104,4,0.004543122814672396,0.013847997824014024,-0.006267246065149612,0.002432604643684444,4.041221374045789,3.445187575708819,5.388586292540043,4.527633936240694,3337.5534112609603,3309.6345287828212,3311.68054334819,3240.765254291188,000300.SH
2010-04-06,3405.15,-0.05103838056169996,1,-0.0006456630519318107,0.004543122814672396,0.013847997824014024,-0.006267246065149612,1.3878054154483843,3.1041927191359564,6.9732154637815125,3.620312946947535,3349.8437001226034,3318.7312403273145,3315.3460122364963,3242.4009234027185,000300.SH
2010-04-07,3386.95,-0.1835671485972148,2,-0.005344845307842627,-0.0006456630519318107,0.004543122814672396,0.013847997824014024,0.6011803808465777,3.4003242183803017,5.711039741320922,2.45291694143126,3356.5903001003117,3325.2282650580464,3318.154011756634,3243.8392226723436,000300.SH
2010-04-08,3346.74,0.16400093518890646,3,-0.011872038264515328,-0.005344845307842627,-0.0006456630519318107,0.004543122814672396,0.03377560444881578,2.1384515376891677,2.224244941843412,2.044400537855706,3354.7993364457093,3327.2770017191847,3319.2750309034327,3244.8631110039623,000300.SH
2010-04-09,3379.17,-0.1536889703660438,4,0.009690026712562139,-0.011872038264515328,-0.005344845307842627,-0.0006456630519318107,-0.376480716050398,4.646452759721664,3.415698564066161,3.1269169380262474,3359.230366182853,3332.219192031643,3321.6238532209454,3246.199497959147,000300.SH
2010-04-12,3351.48,0.40225036631655153,0,-0.008194319906959402,0.009690026712562139,-0.011872038264515328,-0.005344845307842627,-1.6396906687014767,2.3352671755725307,1.7490064878091793,3.6605394772248445,3357.821208695061,3334.053554695296,3322.7946825063987,3247.2470651436333,000300.SH
2010-04-13,3391.72,0.09852890578293017,1,0.012006635874300287,-0.008194319906959402,0.009690026712562139,-0.011872038264515328,-0.3944025960677333,0.9879292787937644,2.6975471063970025,6.551310324895221,3363.9846252959587,3339.5455971052675,3325.497636133599,3248.6846067839956,000300.SH
2010-04-14,3403.71,-0.2203082711713139,2,0.0035350795466606577,0.012006635874300287,-0.008194319906959402,0.009690026712562139,0.49484049070698255,1.0989957555001872,3.911990890135142,6.234140769108332,3371.2074206966936,3345.6564926190517,3328.564787657772,3250.2271480100258,000300.SH
2010-04-15,3394.57,-0.022991363244990515,3,-0.0026853051523190175,0.0035350795466606577,0.012006635874300287,-0.008194319906959402,1.4291519508536688,1.4634102600123766,3.5981652104117856,3.6851847326752063,3375.4551623882035,3350.3149218934277,3331.153227357467,3251.663395293508,000300.SH
2010-04-16,3356.33,-0.2419907770260824,4,-0.011265049770663227,-0.0026853051523190175,0.0035350795466606577,0.012006635874300287,-0.6759056217947035,-1.0498416835203472,3.9391415025099574,2.716706043653372,3371.977860135803,3350.887786475006,3332.1405517748212,3252.7048540468068,000300.SH
2010-04-19,3176.42,0.7677535412787273,0,-0.053603191581280685,-0.011265049770663227,-0.0026853051523190175,0.0035350795466606577,-5.2233640063494295,-6.777407662846491,-3.010076335877865,-3.5657144938932017,3336.421885565657,3334.2718068107197,3326.0338634699265,3251.9458007727094,000300.SH
2010-04-20,3173.37,-0.25955784972349305,1,-0.0009602004772669703,-0.053603191581280685,-0.011265049770663227,-0.0026853051523190175,-6.4377366056160295,-6.806748601383205,-5.513407611640774,-3.913850476741265,3306.7760881900826,3318.9478252096987,3320.0470452946356,3251.1639520088024,000300.SH
2010-04-21,3236.68,0.06098915789462933,2,0.019950399732776125,-0.0009602004772669703,-0.053603191581280685,-0.011265049770663227,-4.9072923368912225,-4.436735115664536,-3.862227515883465,-1.1872742759275634,3294.0313448827947,3311.1127942373464,3316.7777494007287,3251.019833083342,000300.SH
2010-04-22,3201.54,0.05994224478111421,3,-0.01085680388546284,0.019950399732776125,-0.0009602004772669703,-0.053603191581280685,-5.686434511587635,-4.338550350490323,-4.306240117646709,-2.2928766094846287,3277.214736722286,3300.677290024266,3312.2586219732493,3250.5274964357463,000300.SH
2010-04-23,3190.0,-0.06926031108900355,4,-0.0036045153269989028,-0.01085680388546284,0.019950399732776125,-0.0009602004772669703,-4.955710552895576,-5.5981202484633785,-5.953525121317005,-1.2117815015189937,3261.357511863688,3290.1365957362405,3307.4641662095923,3249.9252327896197,000300.SH
2010-04-26,3172.0,-0.18625007015635886,0,-0.005642633228840177,-0.0036045153269989028,-0.01085680388546284,0.019950399732776125,-0.13915036424654303,-5.355246040555217,-6.907127239643707,-3.1450381679389294,3245.1106915248356,3278.885491380408,3302.1518459660792,3249.1498573389767,000300.SH
2010-04-27,3108.41,0.1747517847061173,1,-0.020047288776797068,-0.005642633228840177,-0.0036045153269989028,-0.01085680388546284,-2.047035170812106,-8.352989043906922,-8.71444723433623,-7.447581389532365,3220.2560203385015,3262.64973029656,3294.5541265164293,3247.7494607485396,000300.SH
2010-04-28,3097.35,-0.25634624583060595,2,-0.0035580891838592477,-0.020047288776797068,-0.005642633228840177,-0.0036045153269989028,-4.30471965100041,-9.000766810333438,-8.550465758278092,-8.000689100041292,3197.909471186046,3246.906898839745,3286.8206313589226,3246.2529487012907,000300.SH
2010-04-29,3060.06,0.05750849852019391,3,-0.012039323938205282,-0.0035580891838592477,-0.020047288776797068,-0.005642633228840177,-4.419123296913363,-9.854267256235705,-8.565947758116854,-8.53506535430012,3172.8459309704012,3229.1119560931024,3277.9280575801413,3244.400282545059,000300.SH
2010-04-30,3067.37,0.05689473648489907,4,0.002388842048848705,-0.012039323938205282,-0.0035580891838592477,-0.020047288776797068,-3.844200626959249,-8.60940372371013,-9.227117901733273,-9.568860298236414,3153.6684889757826,3213.7079602747117,3269.6708788515084,3242.638787196352,000300.SH
2010-05-04,3019.45,-0.2545709246835125,1,-0.015622503969198398,0.002388842048848705,-0.012039323938205282,-0.0035580891838592477,-4.8092686002522145,-4.941726849723915,-9.906966474512757,-11.384213538380273,3129.265127343822,3195.2072021533104,3259.8582953671357,3240.4180032441495,000300.SH
2010-05-05,3036.39,0.48162389034471365,2,0.005610293265329691,-0.015622503969198398,0.002388842048848705,-0.012039323938205282,-2.316940171985038,-4.316546762589923,-10.476395457172172,-10.829478877582488,3112.3787405540356,3180.0817543291855,3251.094832803719,3238.387873858636,000300.SH
2010-05-06,2896.86,0.008250351888171581,3,-0.04595259502237847,0.005610293265329691,-0.015622503969198398,0.002388842048848705,-6.472952685360056,-10.499029870113807,-14.891104118741016,-14.469950840726897,3073.1935149987567,3153.1082539168824,3237.203270732985,3234.98958655656,000300.SH
2010-05-07,2836.79,-0.02889195956038515,4,-0.02073624545197217,-0.04595259502237847,0.005610293265329691,-0.015622503969198398,-7.296262164794154,-11.392954640579223,-16.431536247595425,-15.237215917579494,3030.2110577262556,3122.982705924798,3221.5007895277704,3231.027401615699,000300.SH
2010-05-10,2858.23,-0.1798958905840361,0,0.007557838260851213,-0.02073624545197217,-0.04595259502237847,0.005610293265329691,-6.818218865021175,-10.400313479623824,-14.840614599875456,-15.416211673280722,2998.9417745032997,3097.768162503389,3207.254876212956,3227.317974733951,000300.SH
2010-05-11,2800.82,0.1384315533747995,1,-0.02008585733128543,0.007557838260851213,-0.02073624545197217,-0.04595259502237847,-7.240722648164388,-11.701765447667078,-11.824632762669918,-16.430353157411048,2962.919633684518,3069.4873851221137,3191.3162536163695,3223.074213791325,000300.SH
2010-05-12,2818.16,-0.12451073940786261,2,0.00619104405138482,-0.02008585733128543,0.007557838260851213,-0.02073624545197217,-7.187153165436588,-9.337571298509529,-11.193463100741486,-16.91059403488495,2936.599700287333,3045.551443681912,3176.6826750431787,3219.0452166391724,000300.SH
2010-05-13,2886.91,0.04316552434005061,3,0.024395350157549567,0.00619104405138482,-0.02008585733128543,0.007557838260851213,-0.34347534917118505,-6.794195037693518,-10.80644363977903,-15.18343219604491,2927.5652093259996,3030.442734759825,3165.31904072776,3215.7403886129123,000300.SH
2010-05-14,2868.02,-0.18242526583819518,4,-0.0065433283337547055,0.024395350157549567,0.00619104405138482,-0.02008585733128543,1.1008922056267911,-6.275693940641691,-10.41748658458117,-15.51153754378316,2916.738807630363,3014.973902877937,3153.6602548168676,3212.280484248605,000300.SH
2010-05-17,2714.72,0.13085966562205664,0,-0.05345151010104543,-0.0065433283337547055,0.024395350157549567,0.00619104405138482,-5.020939532507884,-11.4968197511223,-14.899059561128535,-19.116415847071057,2880.0081153339333,2986.378293080038,3136.446911490716,3207.3296336590665,000300.SH
2010-05-18,2771.35,0.005621237810220503,1,0.020860346555077625,-0.05345151010104543,-0.0065433283337547055,0.024395350157549567,-1.0521918580987055,-8.216728212091606,-12.630832282471626,-12.752406797589744,2860.252094364127,2965.8994080247962,3122.1293855499034,3202.9915278515136,000300.SH
2010-05-19,2762.17,-0.12892961730780717,2,-0.0033124650441119785,0.020860346555077625,-0.05345151010104543,-0.0065433283337547055,-1.986757316830834,-9.031119190881276,-11.138813734352926,-12.957833470411572,2842.418986297922,2946.49660726053,3108.013331214613,3198.605243992295,000300.SH
2010-05-20,2726.02,-0.03619850557299786,3,-0.013087536248674092,-0.0033124650441119785,0.020860346555077625,-0.05345151010104543,-5.573086795223958,-5.897419965065631,-11.988635446430006,-15.777277951481139,2821.255534243754,2925.4988351404795,3093.033200578746,3193.9029032560534,000300.SH
2010-05-21,2768.79,0.2054729951372416,4,0.015689540062068463,-0.013087536248674092,-0.0033124650441119785,0.020860346555077625,-3.4598782435268927,-2.397075567807272,-9.518440814885986,-13.516932476245803,2811.716346199435,2910.5741841747194,3080.3177809482067,3189.6729241191774,000300.SH
2010-05-24,2873.47,0.41668213866659887,0,0.03780712874576975,0.015689540062068463,-0.013087536248674092,-0.0033124650441119785,5.847748570754985,0.533197118496398,-6.321376293045833,-9.922570532915366,2822.944283254083,2907.040452348556,3072.206103263963,3186.526626366748,000300.SH
2010-05-25,2813.94,-0.2446246121134863,1,-0.020717112063115217,0.03780712874576975,0.015689540062068463,-0.013087536248674092,1.5367961462825042,0.4684342442570433,-6.806206428323036,-11.288146279949562,2821.3071408442497,2898.173742601074,3062.0780207830235,3182.8192967511586,000300.SH
2010-05-26,2813.94,-0.2863570430957315,2,0.0,-0.020717112063115217,0.03780712874576975,0.015689540062068463,1.8742510417534053,-0.1497430947852374,-7.3261339946449455,-9.473332025054603,2819.9676606907497,2890.1514814009715,3052.347118007219,3179.1488559874656,000300.SH
2010-05-27,2859.98,0.34582869373716374,3,0.016361400740598553,0.0,-0.020717112063115217,0.03780712874576975,4.9141238875723525,-0.9328312971308317,-1.2731026007470225,-7.663647957124631,2827.2426314742497,2887.2780069818314,3044.803309457916,3175.973046475153,000300.SH
2010-05-28,2850.3,-0.014161264606782242,4,-0.0033846390534199022,0.016361400740598553,0.0,-0.020717112063115217,2.94388523506659,-0.6178478532227749,0.47624251354525526,-6.854767553577368,2831.4348802971135,2883.756292031181,3037.1757286948605,3172.7325186495295,000300.SH
2010-05-31,2773.26,-0.11884382502330104,0,-0.027028733817492934,-0.0033846390534199022,0.016361400740598553,0.0,-3.487421131941504,2.156391819414183,-2.972818842430447,-9.58834441231412,2820.857629334002,2873.232835647259,3026.8260922754544,3168.7576677176935,000300.SH
2010-06-01,2744.16,-0.06111369801643152,1,-0.01049306592241639,-0.027028733817492934,-0.0033846390534199022,0.016361400740598553,-2.479797010597251,-0.9811102892092305,-2.0229789847259094,-9.117223335375646,2806.912605818729,2860.940184633234,3015.7411474803384,3164.532815302592,000300.SH
2010-06-02,2757.53,-0.12899798256313855,2,0.004872164888344743,-0.01049306592241639,-0.027028733817492934,-0.0033846390534199022,-2.004662501688015,-0.1679838677561385,-2.151403752803238,-9.183932235318903,2797.9339502153234,2851.091595620545,3005.6152201281684,3160.48303604585,000300.SH
2010-06-03,2736.08,0.016802392706618763,3,-0.007778700503711766,0.004872164888344743,-0.01049306592241639,-0.027028733817492934,-4.332198127259634,0.3690361772840989,-5.224617324405678,-5.550147400979,2786.6877774489008,2840.1381103233502,2995.0452114956915,3156.2601202642995,000300.SH
2010-06-04,2744.39,-0.15452686131591242,4,0.0030371918949738674,-0.007778700503711766,0.004872164888344743,-0.01049306592241639,-3.7157492193804265,-0.8812513769552832,-4.310639395820115,-3.2572026833145973,2778.997272458191,2831.019242673507,2985.2155953586057,3152.161910112416,000300.SH
2010-06-07,2695.72,0.18074853054666562,0,-0.01773435991240313,0.0030371918949738674,-0.007778700503711766,0.004872164888344743,-2.7959873938974478,-6.18590067061775,-0.6998880179171385,-5.6856865962501395,2763.8559501930654,2818.133600514125,2973.86282691317,3147.620199564034,000300.SH
2010-06-08,2699.34,-0.09318632377657887,1,0.0013428694374788552,-0.01773435991240313,0.0030371918949738674,-0.007778700503711766,-1.6332866888227993,-4.072581504936135,-2.598372634275703,-3.623224627073496,2752.12577743069,2806.8199242746846,2963.0972258577517,3143.159700065885,000300.SH
2010-06-09,2782.13,0.6568623453796065,2,0.030670460186564164,0.0013428694374788552,-0.01773435991240313,0.0030371918949738674,0.8921027151109762,-1.1304434351834036,0.7226202587096386,-1.2784937689840126,2757.58109062511,2804.4685029151906,2956.0004719025455,3139.567364741846,000300.SH
2010-06-10,2750.02,-0.2884714597975282,3,-0.011541516751553682,0.030670460186564164,0.0013428694374788552,-0.01773435991240313,0.509488026665883,-3.8447821313435826,0.88040439908732,-4.741748097446752,2756.20634687509,2799.282931208982,2947.92280633774,3135.6912715603353,000300.SH
2010-06-11,2758.87,-0.02863637158671517,4,0.003218158413393235,-0.011541516751553682,0.030670460186564164,0.0013428694374788552,0.5276218030236146,-3.2077325193839323,-0.3582792483359132,-3.8057614660985672,2756.690647443255,2795.4340806176506,2940.5089707950833,3131.941806171675,000300.SH
2010-06-17,2742.73,-0.17552670801047976,3,-0.005850221286251234,0.003218158413393235,-0.011541516751553682,0.030670460186564164,1.7438754766815556,-1.1008704557091686,-4.549899598742979,1.0317822832557333,2754.1523479081175,2790.4146443683508,2932.752932724688,3128.06905188141,000300.SH
2010-06-18,2696.17,0.24726535946609385,4,-0.016975786898455136,-0.005850221286251234,0.003218158413393235,-0.011541516751553682,-0.11743611401305865,-1.7488047344178081,-4.1852349374897795,-2.712757320439496,2743.6101028339144,2781.4389639523174,2923.4751706570532,3123.771548877615,000300.SH
2010-06-21,2780.66,0.24977619743574708,0,0.03133704477091559,-0.016975786898455136,-0.005850221286251234,0.003218158413393235,-0.05283721465209057,0.8387941382324016,-1.182683355011127,0.669401231640343,2750.3464477732023,2781.3647769092395,2917.874575729326,3120.357503615151,000300.SH
2010-06-22,2783.72,-0.28024529531426856,1,0.0011004581646083533,0.03133704477091559,-0.016975786898455136,-0.005850221286251234,1.225445633122657,1.7411771585626123,-2.6664522129525414,2.1166389094724014,2756.4143663598925,2781.5890838702644,2912.6136119752346,3117.007876713508,000300.SH
2010-06-23,2758.5,-0.07978749407450714,2,-0.009059819234693123,0.0011004581646083533,0.03133704477091559,-0.016975786898455136,-0.013411287954845363,0.5141397541894577,-3.220713609093784,-0.37164248642909126,2756.7935724762756,2779.390123501668,2906.569940917382,3113.4406341591443,000300.SH
2010-06-24,2757.5,-0.18815708755526406,3,-0.00036251586006885717,-0.009059819234693123,0.0011004581646083533,0.03133704477091559,0.5385145457263318,2.291781045509178,-0.5682842575164271,-4.035886924171816,2756.9220138442256,2777.3053498348427,2900.7240608814063,3109.898936306815,000300.SH
2010-06-25,2736.29,0.02594746195613884,4,-0.007691749773345413,-0.00036251586006885717,-0.009059819234693123,0.0011004581646083533,1.488036733588749,1.3688531270606763,-0.2867908576759337,-2.759476037157871,2753.1707385998207,2773.3991260410485,2894.275666337038,3106.181434453016,000300.SH
2010-06-28,2716.78,-0.09959543054121345,0,-0.007130092205138938,-0.007691749773345413,-0.00036251586006885717,-0.009059819234693123,-2.2972963253328205,-2.3489197125942995,-1.4777717740151464,-3.4528099390889633,2746.5542406725804,2768.0068283228534,2887.3150519708797,3102.30679331418,000300.SH
2010-06-29,2592.02,0.6230372315396875,1,-0.04592201061550816,-0.007130092205138938,-0.007691749773345413,-0.00036251586006885717,-6.886468466656126,-5.745412760634472,-5.265196924066551,-9.369296288785234,2718.4571060048384,2751.246178006391,2875.7348538543747,3097.229312783691,000300.SH
2010-06-30,2563.07,-0.292797392841492,2,-0.011168895301733706,-0.04592201061550816,-0.007130092205138938,-0.007691749773345413,-7.084647453326076,-7.097108598810376,-6.606932688138334,-10.077184857734277,2690.204904913049,2733.3246372438775,2863.473487036556,3091.9142947460423,000300.SH
2010-07-01,2526.07,-0.0930310034462547,3,-0.014435813302016709,-0.011168895301733706,-0.04592201061550816,-0.007130092205138938,-8.39274705349048,-7.899428671433206,-6.2933093941507146,-8.913336650728743,2660.3621949288586,2713.586100363508,2850.2419777410046,3086.284003256032,000300.SH
2010-07-02,2534.11,0.3352640488496068,4,0.0031828096608566003,-0.014435813302016709,-0.011168895301733706,-0.04592201061550816,-7.388836709559287,-6.010748580393665,-6.12112590485081,-7.654437059063602,2637.407250396339,2696.4931384241263,2837.8446452805733,3080.7897345669176,000300.SH
2010-07-05,2512.65,-0.28696769825758195,0,-0.008468456381135803,0.0031828096608566003,-0.014435813302016709,-0.011168895301733706,-7.5136742761651725,-9.638359238454175,-9.686103812546499,-8.880411092535711,2614.724113960641,2678.984268098019,2825.0919140931,3075.1366028796847,000300.SH
2010-07-06,2562.9,0.260476743321163,1,0.01999880604143045,-0.008468456381135803,0.0031828096608566003,-0.014435813302016709,-1.1234481215422698,-7.93255068756914,-6.804314150442536,-6.329493289669886,2605.3015477859785,2667.9286235172553,2814.809878246312,3070.0397212589914,000300.SH
2010-07-07,2580.48,-0.049181513945204314,2,0.006859417066604312,0.01999880604143045,-0.008468456381135803,0.0031828096608566003,0.6792635394273328,-6.453507340946163,-6.466053130448335,-5.97254763353604,2600.7885390976185,2659.6001831822787,2805.6204712562608,3065.1684802514396,000300.SH
2010-07-08,2575.92,-0.04617227785288136,3,-0.0017671130952380265,0.006859417066604312,0.01999880604143045,-0.008468456381135803,1.9734211641007526,-6.58495013599274,-6.081896504577555,-4.444081729556471,2596.266986534415,2651.6306419268235,2796.612609638368,3060.300336169336,000300.SH
2010-07-09,2647.1,0.738959725885717,4,0.027632845740550804,-0.0017671130952380265,0.006859417066604312,0.01999880604143045,4.4587646155849425,-3.2595229306835227,-1.819989095643082,-1.9352878851867539,2605.5093526190667,2651.1991522195067,2790.749370044707,3056.188890038298,000300.SH
2010-07-12,2676.22,0.03240910576480549,0,0.011000717766612489,0.027632845740550804,-0.0017671130952380265,0.006859417066604312,6.509860107854237,-1.492943852649109,-3.755942833715742,-3.806795512790573,2618.3658339610542,2653.582090103363,2786.258022199817,3052.4081050627924,000300.SH
2010-07-13,2634.59,-0.28894574507746806,1,-0.015555522341212491,0.011000717766612489,0.027632845740550804,-0.0017671130952380265,2.797221897069724,1.642348438669461,-5.357219835328253,-4.197424018734408,2621.3156823317713,2651.7733196173285,2780.310256623354,3048.2507109825656,000300.SH
2010-07-14,2653.61,0.09688619041593483,2,0.007219339631593602,-0.015555522341212491,0.011000717766612489,0.027632845740550804,2.8339688740079305,3.5324825307151198,-3.802428856262452,-3.8153301895341163,2627.1873764532675,2651.9482415585358,2775.3416191087126,3044.3239377389577,000300.SH
2010-07-15,2608.52,-0.16268424560545047,3,-0.016991946819615578,0.007219339631593602,-0.015555522341212491,0.011000717766612489,1.2655672536414198,3.2639633897714626,-5.402719854941074,-4.893299741498436,2623.793308007219,2647.812218552961,2768.79959482994,3039.9875801495155,000300.SH
2010-07-16,2616.13,-0.1453111868800625,4,0.0029173631024490554,-0.016991946819615578,0.007219339631593602,-0.015555522341212491,-1.1699595784065542,3.2366392934797705,-4.391347408352175,-2.968655537299203,2622.3999792786335,2644.79486440506,2762.8125518954325,3035.7700917898187,000300.SH
2010-07-19,2682.47,0.6889383053006393,0,0.025358067068532497,0.0029173631024490554,-0.016991946819615578,0.007219339631593602,0.2335383488651921,6.758601476528758,-1.2628921002068805,-3.531176051728724,2633.3218012279726,2648.382972556959,2759.6618635858076,3032.2546679909156,000300.SH
2010-07-20,2741.5,0.35322508743253156,1,0.022005837903126713,0.025358067068532497,0.0029173631024490554,-0.016991946819615578,4.057936908589177,6.968668305435255,5.766930810719062,-1.5166755277111088,2652.9905646410684,2657.251260884868,2758.9496336412662,3029.3615867173744,000300.SH
2010-07-21,2747.34,-0.08922540540046453,2,0.0021302206821083303,0.022005837903126713,0.025358067068532497,0.0029173631024490554,3.532169384348105,6.466238839285721,7.189425181520592,-0.40456769983686636,2670.145007433601,2665.8311408005948,2758.494353890628,3026.555401774913,000300.SH
2010-07-22,2781.29,-0.13776541272500098,3,0.01235740752873693,0.0021302206821083303,0.022005837903126713,0.025358067068532497,6.623295968595211,7.972685487126929,10.103441313977823,0.8627379873073382,2690.353187900219,2676.8272226291097,2759.388300796878,3024.114950015959,000300.SH
2010-07-23,2793.08,0.10769276746475898,4,0.004239040157624663,0.01235740752873693,0.0021302206821083303,0.022005837903126713,6.7638076089490795,5.514714215556649,10.219366957235465,2.075437910455391,2709.0307901001793,2687.8989157120513,2760.7095439028826,3021.81609479192,000300.SH
2010-07-26,2811.06,-0.15015519002648825,0,0.0064373379924671514,0.004239040157624663,0.01235740752873693,0.0021302206821083303,4.793716239137824,5.038449753757179,11.876305892185535,3.4702846752405314,2727.58155553651,2699.628542787094,2762.6840715929657,3019.719019221851,000300.SH
2010-07-27,2795.72,-0.0649121262191743,1,-0.005457016214524102,0.0064373379924671514,0.004239040157624663,0.01235740752873693,1.9777494072587887,6.1159421390045265,9.084240508798613,7.85873565790387,2739.970363620781,2708.780110140704,2763.979598197163,3017.4901732594444,000300.SH
2010-07-28,2863.72,0.5102005771925842,2,0.024322893565879244,-0.005457016214524102,0.0064373379924671514,0.004239040157624663,4.236097461544608,7.917892983520547,10.97625248015872,11.730073700679245,2762.4702975079113,2723.5362901273033,2767.890986503157,3015.9601217842264,000300.SH
2010-07-29,2877.98,0.09183222043888284,3,0.004979537105582965,0.024322893565879244,-0.005457016214524102,0.0064373379924671514,3.4764443837212333,10.32999555303391,11.726295847697132,13.931126215821399,2783.472061597382,2738.245214877084,2772.20820271872,3014.5871852490604,000300.SH
2010-07-30,2868.85,-0.29317578947665,4,-0.0031723639497147627,0.004979537105582965,0.024322893565879244,-0.005457016214524102,2.712775860340555,9.660070409345089,8.37709191190359,13.20937133747153,2798.9953231251307,2750.683765841171,2775.9980771219075,3013.1370640028013,000300.SH
2010-08-02,2917.28,0.12793647415816878,0,0.016881328755424807,-0.0031723639497147627,0.004979537105582965,0.024322893565879244,3.7786457777493343,8.75349957315461,9.007480700390857,16.103715201082537,2820.5016280114705,2766.550073856298,2781.5385446857545,3012.1832623709324,000300.SH
2010-08-03,2865.97,0.1808028836031228,1,-0.0175883014314705,0.016881328755424807,-0.0031723639497147627,0.004979537105582965,2.5127695191220933,4.5402152106510885,8.78239118800268,11.825276054469525,2828.7686047366574,2776.018638250936,2784.8495821490583,3010.7284040388836,000300.SH
2010-08-04,2876.43,-0.12893238757383552,2,0.0036497241771547007,-0.0175883014314705,0.016881328755424807,-0.0031723639497147627,0.4438283072367488,4.698726768437833,8.396863141154864,11.468796502976186,2837.4343129663557,2785.58162508418,2788.4409710843897,3009.3921015111337,000300.SH
2010-08-05,2850.83,-0.03477831546234744,3,-0.008899921082730966,0.0036497241771547007,-0.0175883014314705,0.016881328755424807,-0.9433700025712533,2.500278647677878,9.289175471148381,10.672303487685951,2839.8698924270184,2791.7957560285436,2790.887599669316,3007.814369157789,000300.SH
2010-08-06,2897.66,0.12468348867158463,4,0.016426795003560368,-0.008899921082730966,0.0036497241771547007,-0.0175883014314705,1.0042351464872645,3.7442536554627814,10.761315378058423,9.465452759623737,2850.377184713015,2801.878064978206,2795.0747526234604,3006.7183057830844,000300.SH
2010-08-09,2918.24,0.015665319255001586,0,0.007102282531421977,0.016426795003560368,-0.008899921082730966,0.0036497241771547007,0.03290736576535558,3.8127965963017374,8.789287485041775,9.043352190776544,2862.715878401558,2812.9601540279004,2799.9047623245015,3005.8379246310137,000300.SH
2010-08-10,2832.64,0.010208555520317297,1,-0.029332748505948802,0.007102282531421977,0.016426795003560368,-0.008899921082730966,-1.1629570442119097,1.3205900447827323,3.324457413824544,7.517298706819653,2857.2475368740015,2814.8344250728624,2801.188497135305,3004.1145621968744,000300.SH
2010-08-11,2850.21,-0.3025187551092322,2,0.006202694306371548,-0.029332748505948802,0.007102282531421977,0.016426795003560368,-0.9115466046453302,-0.47176399927366663,3.7443490794732304,7.408775215649621,2855.967984715092,2818.203527446876,2803.1109090123523,3002.5831735182987,000300.SH
2010-08-12,2816.39,0.11974405601305071,3,-0.011865792345125525,0.006202694306371548,-0.029332748505948802,0.007102282531421977,-1.2080692289613948,-2.140042668816322,1.2620043217355992,7.968886571695832,2848.771987494166,2818.0308105471736,2803.631657678535,3000.730505125082,000300.SH
2010-08-13,2855.55,-0.044084057861370374,4,0.013904324330082263,-0.011865792345125525,0.006202694306371548,-0.029332748505948802,-1.4532415811378763,-0.46360039737175507,2.236599023300445,9.151685887169215,2850.004353404317,2821.6040666855383,2805.6676711029063,2999.285922984534,000300.SH
2010-08-16,2922.08,0.45298889528993413,0,0.023298488907565806,0.013904324330082263,-0.011865792345125525,0.006202694306371548,0.13158616152202374,0.1645368288268445,3.949399870511483,8.932439132590497,2863.109016421714,2831.173203191677,2810.23286047142,2998.5177048453843,000300.SH
2010-08-17,2942.29,-0.051701834600986096,1,0.006916306192848998,0.023298488907565806,0.013904324330082263,-0.011865792345125525,3.870947243560785,2.6629727457021524,5.242656632280784,7.324092650009129,2877.505558890493,2841.7557552686603,2815.411571825482,2997.9582251951815,000300.SH
2010-08-18,2937.36,-0.0676832001277039,2,-0.0016755656308521383,0.006916306192848998,0.023298488907565806,0.013904324330082263,3.0576694348837474,2.118250748323458,2.5714804519995083,6.916508331695392,2888.3881845467668,2850.8609214335497,2820.1938631264434,2997.3552577803043,000300.SH
2010-08-19,2955.4,0.13487443211178896,3,0.006141569300324168,-0.0016755656308521383,0.006916306192848998,0.023298488907565806,4.9357510856095965,3.6680545665648268,2.6900812375346694,6.260044799355691,2900.572150992809,2860.8170241541643,2825.4960645724655,2996.937792528759,000300.SH
2010-08-20,2898.33,-0.10286654139948737,4,-0.019310414833863532,0.006141569300324168,-0.0016755656308521383,0.006916306192848998,1.4981352103797807,0.023122105422990202,1.027589452219524,3.768241511163306,2900.1644871759345,2864.3896885204344,2828.3522973343297,2995.9566204637963,000300.SH
2010-08-23,2896.19,-0.2980065048834014,0,-0.0007383562258265197,-0.019310414833863532,0.006141569300324168,-0.0016755656308521383,-0.8860127032798482,-0.7555924118646806,-0.7229336916579898,3.028394982675575,2899.441853143946,2867.4182896137263,2831.0125993996503,2994.9639177726144,000300.SH
2010-08-24,2911.83,0.1257306641639886,1,0.005400198191416905,-0.0007383562258265197,-0.019310414833863532,0.006141569300324168,-1.0352480550863463,2.795625282422054,1.6001563170584543,4.153134076373899,2901.6942434814105,2871.647976317181,2834.181909227115,2994.136714610698,000300.SH
2010-08-25,2843.02,0.030930742217573304,2,-0.023631187260245268,0.005400198191416905,-0.0007383562258265197,-0.019310414833863532,-3.2117275376528642,-0.2522621140196746,-1.161509231929847,-0.7228360314555871,2891.026199212063,2868.921502382211,2834.52850102213,2992.6330657090994,000300.SH
2010-08-26,2850.09,-0.2264832683104787,3,0.002486792213913347,-0.023631187260245268,0.005400198191416905,-0.0007383562258265197,-3.563307843269947,1.1965672367818536,-0.025957352770944464,-0.9690824814626908,2883.583253900779,2867.128025964858,2835.1387558840074,2991.21472674682,000300.SH
2010-08-27,2858.57,-0.09956207633507719,4,0.002975344638239452,0.002486792213913347,-0.023631187260245268,0.005400198191416905,-1.371824464432958,0.10575896062055001,-1.3490195537088412,-0.35833173571290233,2879.0353895551825,2866.312975872967,2836.0576282022816,2989.8948787194886,000300.SH
2010-08-30,2915.01,0.6561608793614642,0,0.019744137803167305,0.002975344638239452,0.002486792213913347,-0.023631187260245268,0.6498192452843332,-0.24195093905710063,-0.11068315148855534,-0.07781220863269933,2885.5762278178763,2870.950787694589,2839.15379964533,2989.1497555481506,000300.SH
2010-08-31,2903.19,0.0340661341202837,1,-0.0040548745973427724,0.019744137803167305,0.002975344638239452,0.002486792213913347,-0.2967206189921745,-1.3288968796413614,2.4906094667871637,1.2986877043374534,2888.7787318509895,2874.0211888665326,2841.6650231886506,2988.294434597423,000300.SH
2010-09-01,2884.04,0.0994736568998209,2,-0.006596192464151551,-0.0040548745973427724,0.019744137803167305,0.002975344638239452,1.4428319181715166,-1.8152354495193035,1.1869300858533105,0.264564060310879,2887.9171442417187,2874.9753613554344,2843.3267869851743,2987.2570770392394,000300.SH
2010-09-02,2921.39,0.011272929536713105,3,0.012950583209664135,-0.006596192464151551,-0.0040548745973427724,0.019744137803167305,2.5016753856895724,-1.150774852811809,3.7281768505072144,2.4750686642135866,2894.0031180159513,2879.395803131107,2846.388089456344,2986.601683237854,000300.SH
2010-09-03,2920.21,-0.013475794939314945,4,-0.0004039173133336682,0.012950583209664135,-0.006596192464151551,-0.0040548745973427724,2.156322916703113,0.7549174869666331,2.2643623820279846,0.7782141452068236,2898.7680056494146,2883.2828694995733,2849.283066340409,2985.9410694742937,000300.SH
2010-09-06,2975.09,0.2592343581629055,0,0.018793168984422293,-0.0004039173133336682,0.012950583209664135,-0.006596192464151551,2.061056394317684,2.724268780708461,1.8141187099600442,1.9480920006579527,2912.6447318949754,2892.026405737709,2854.2166715819612,2985.8330986337537,000300.SH
2010-09-07,2983.11,-0.22611394335204305,1,0.0026957167682322147,0.018793168984422293,-0.0004039173133336682,0.012950583209664135,2.7528339516187383,2.4479451066854896,1.3873547474926085,5.312005761409866,2925.4565988231616,2900.7010337626893,2859.2713119120804,2985.80600312496,000300.SH
2010-09-08,2980.97,0.08390270047827664,2,-0.0007173721384730047,0.0026957167682322147,0.018793168984422293,-0.0004039173133336682,3.360910389592364,4.852234595606064,1.4846665032546058,4.5877321320183295,2935.5499444916777,2908.345697213862,2864.0438094841556,2985.757883690881,000300.SH
2010-09-09,2926.46,0.11425965304883778,3,-0.01828599415626453,-0.0007173721384730047,0.0026957167682322147,0.018793168984422293,0.1735475236103401,2.679564504980547,-0.9792244704608488,3.908194532717424,2933.8972273113723,2910.0708689077796,2866.4915032298754,2985.1678549974395,000300.SH
2010-09-10,2932.55,-0.18891472090382522,4,0.002081012554417283,-0.01828599415626453,-0.0007173721384730047,0.0026957167682322147,0.4225723492488509,2.5880072903584628,1.180679908775062,2.6965033005900807,2933.6522768911227,2912.21173853561,2869.0820325149784,2984.6442942511967,000300.SH
2010-09-13,2962.32,0.04529349023848628,0,0.010151574568208588,0.002081012554417283,-0.01828599415626453,-0.0007173721384730047,-0.4292307123481942,1.6229789949262496,2.283344670066545,1.3771012429502294,2938.8645901836458,2916.9839539131713,2872.738423396744,2984.42216197009,000300.SH
2010-09-14,2965.01,-0.0037899757563101266,1,0.0009080720516352336,0.010151574568208588,0.002081012554417283,-0.01828599415626453,-0.6067493320728978,2.1293818179313195,1.8263428840282758,0.7721876497558178,2943.6183010593463,2921.557863064298,2876.356916596872,2984.2290061295917,000300.SH
2010-09-15,2913.19,-0.008697494920555493,2,-0.01747717545640659,0.0009080720516352336,0.010151574568208588,0.002081012554417283,-2.273756528915072,1.0107349412629585,2.468150065775121,-0.8228477272108292,2938.08588268492,2920.760923724841,2877.801351240132,2983.5221503472076,000300.SH
2010-09-16,2857.79,-0.025999826943908122,3,-0.019016953923362445,-0.01747717545640659,0.0009080720516352336,0.010151574568208588,-2.346521052739492,-2.1770458583071695,0.27016690700993884,-3.302767814847407,2923.4866312876616,2914.763692893904,2877.01659236797,2982.271084174599,000300.SH
2010-09-17,2861.37,-0.25810532221641325,4,0.0012527162597670838,-0.019016953923362445,-0.01747717545640659,0.0009080720516352336,-2.427239092257605,-2.0149235842627844,0.09795107343881782,-1.2752171077827557,2912.1926983262683,2909.678579284961,2876.4030005104028,2981.068088312165,000300.SH
2010-09-20,2849.83,-0.07817555473484683,0,-0.004033033127487817,0.0012527162597670838,-0.019016953923362445,-0.01747717545640659,-3.7973615274514594,-4.210292797864945,-2.236012912477159,-1.6007237094251447,2900.8540259033102,2903.978714591155,2875.3609220590142,2979.7622366871683,000300.SH
2010-09-21,2857.48,-0.22299918778097494,1,0.0026843706466701533,-0.004033033127487817,0.0012527162597670838,-0.019016953923362445,-3.6266319506511047,-4.211376717586679,-1.5744749740802422,-1.8665238011834506,2892.9678393754352,2899.550265582474,2874.659709429249,2978.545498013664,000300.SH
2010-09-27,2905.03,0.3993895672592416,0,0.016640536416702822,0.0026843706466701533,-0.004033033127487817,0.0012527162597670838,-0.2801053141058385,-2.5474929301535942,0.7277985048751212,2.181131332174946,2895.1609594889924,2900.07214505081,2875.8507012163373,2977.814000520991,000300.SH
2010-09-28,2880.91,0.2914514307508538,1,-0.008302840246056098,0.016640536416702822,0.0026843706466701533,-0.004033033127487817,0.8090167577043728,-1.556488043574833,-1.3856417664194098,1.0813693602658159,2892.569875945539,2898.2471788554944,2876.0491050902065,2976.8497816103345,000300.SH
2010-09-29,2874.81,-0.07845349509490196,2,-0.0021173865202314124,-0.008302840246056098,0.016640536416702822,0.0026843706466701533,0.4697050713469375,-1.9689348860207012,-1.5546827111748818,0.5681162259451256,2889.340807591804,2896.0150665835426,2876.0005127337276,2975.8344604002814,000300.SH
2010-09-30,2935.57,0.08311917356831455,3,0.021135309811779024,-0.0021173865202314124,-0.008302840246056098,0.016640536416702822,3.00860051301306,-0.9030084528342641,-1.3283631755677927,0.7053149045800788,2897.746115302385,2899.7822030993957,2878.336571057895,2975.4338190032636,000300.SH
2010-10-08,3044.23,0.6724952493336307,4,0.037014957912773205,0.021135309811779024,-0.0021173865202314124,-0.008302840246056098,6.535478813500006,2.6718291000704886,2.0488684627787634,4.8581043610648855,2924.3795488837695,2913.5391361375487,2884.8421957222913,2976.118358117659,000300.SH
2010-10-11,3132.9,0.5750230541333572,0,0.02912723414459495,0.037014957912773205,0.021135309811779024,-0.0021173865202314124,7.843980957167385,7.541904235563068,5.096663166687354,8.62886783817145,2962.2923581776295,2934.4306469815915,2894.56995275279,2977.678374454797,000300.SH
2010-10-12,3172.73,-0.16162138916640922,1,0.01271346037217902,0.02912723414459495,0.037014957912773205,0.021135309811779024,10.129438267769576,11.020403878521524,8.415286728675596,8.603438774008264,3000.5537475998785,2957.1258234595352,2905.4781898997394,2979.619186649277,000300.SH
2010-10-13,3217.58,0.09649347118537044,2,0.014136091000494844,0.01271346037217902,0.02912723414459495,0.037014957912773205,11.923222752112306,12.448931805393926,9.719527373787319,10.183171758195474,3040.0130662180823,2981.9309831300557,2917.7174765703376,2981.9869559363487,000300.SH
2010-10-14,3224.14,0.16480230317810585,3,0.0020387993460924125,0.014136091000494844,0.01271346037217902,0.02912723414459495,9.83011817125805,13.13446767000137,8.838342920413723,8.37117532578846,3073.4906905420676,3004.9985085462413,2929.734046116599,2984.3964389618577,000300.SH
2010-10-15,3327.68,0.07891275224741912,4,0.03211399008727911,0.0020387993460924125,0.014136091000494844,0.01271346037217902,9.311057311701143,16.455058303120218,12.2316619505499,11.550697091290619,3119.7069286253277,3035.730079160885,2945.339769798301,2987.812195788108,000300.SH
2010-10-18,3306.16,0.09064869902324446,0,-0.006466967977690197,0.03211399008727911,0.0020387993460924125,0.014136091000494844,5.530339302243914,13.80811902114607,13.489336431883947,10.908865235141585,3153.607487057086,3061.485309716991,2959.489582747387,2990.9798356310125,000300.SH
2010-10-19,3375.67,-0.382237530319518,1,0.021024390834079476,-0.006466967977690197,0.03211399008727911,0.0020387993460924125,6.396384186489246,17.17374024179861,18.121695435983764,15.349944984725571,3193.982489410343,3091.407661172516,2975.81038342396,2994.807598460555,000300.SH
2010-10-20,3396.88,0.42228297956642535,2,0.006283197113462036,0.021024390834079476,-0.006466967977690197,0.03211399008727911,5.572511017597082,18.160156671223504,18.715160919419738,15.833660125147041,3230.8729458811895,3120.5002648703717,2992.322917407334,2998.8083188738824,000300.SH
2010-10-21,3374.69,-0.25486606184268434,3,-0.006532465085608008,0.006283197113462036,0.021024390834079476,-0.006466967977690197,4.669462244195355,14.95859407202007,18.417238923023493,13.920508250290297,3257.0215011755186,3144.7088110731934,3007.3177049599876,3002.548435103993,000300.SH
2010-10-22,3378.66,-0.06973332928126563,4,0.0011764043512143552,-0.006532465085608008,0.006283197113462036,0.021024390834079476,1.5319982690643386,10.98570081761232,18.239147780561883,13.951049068974463,3279.137591870878,3166.9898766852702,3021.8801479027334,3006.2908387347993,000300.SH
2010-10-25,3481.08,0.27983314130572157,0,0.030313793042211934,0.0011764043512143552,-0.006532465085608008,0.006283197113462036,5.290730031214452,11.113664655750256,19.82939935215815,19.493750836711634,3315.8543933489,3196.9032217628633,3039.8879852398813,3011.0151089961446,000300.SH
2010-10-26,3466.08,-0.01720683948103685,1,-0.0043090075493812385,0.030313793042211934,0.0011764043512143552,-0.006532465085608008,2.6782831260164564,9.245980590847624,20.311984754817058,21.28532887301027,3343.1681400127363,3222.5391054044953,3056.6013975834157,3015.5431178618546,000300.SH
2010-10-27,3403.87,-0.1371425566935518,2,-0.017948229700410878,-0.0043090075493812385,0.030313793042211934,0.0011764043512143552,0.20577706601350165,5.789755033285893,18.403303174818507,18.959449494472924,3354.204841828602,3239.8087144135907,3070.219774148772,3019.407066937856,000300.SH
2010-10-28,3397.69,-0.2029488478027791,3,-0.0018155805010179327,-0.017948229700410878,-0.0043090075493812385,0.030313793042211934,0.6815440825675756,5.382830770375979,15.742087567320828,19.224304607643262,3362.111234223402,3254.8450273265817,3083.0617437899964,3023.1710762220564,000300.SH
2010-10-29,3379.98,0.031122419047516336,4,-0.0052123648714274,-0.0018155805010179327,-0.017948229700410878,-0.0043090075493812385,0.03906874322956444,1.5716655447639338,11.029061536086292,18.285342329605104,3365.3601007282377,3266.762643771669,3094.7055969747025,3026.7214137720857,000300.SH
2010-11-01,3473.0,0.2830883765138028,0,0.0275208729045735,-0.0052123648714274,-0.0018155805010179327,-0.017948229700410878,-0.23211187332666805,5.046337745299678,10.855756647195891,19.551261088525763,3384.9309915049216,3286.404296745796,3109.5406716031453,3031.161996719627,000300.SH
2010-11-02,3463.13,0.2530474102769751,1,-0.002841923409156344,0.0275208729045735,-0.0052123648714274,-0.0018155805010179327,-0.08511055717120852,2.5908930671540764,9.153000728079608,20.209586554248492,3399.148993049481,3303.235316103339,3123.406919775571,3035.460185806994,000300.SH
2010-11-03,3420.34,-0.23580557734433116,2,-0.012355874598989902,-0.002841923409156344,0.0275208729045735,-0.0052123648714274,0.48386101701887174,0.690633758036796,6.301630417891713,18.976210601744125,3403.0019034041206,3314.3881431411164,3135.0513542941762,3039.289835699462,000300.SH
2010-11-04,3480.51,-0.0787565869159147,3,0.01759181835723944,-0.012355874598989902,-0.002841923409156344,0.0275208729045735,2.437538445237797,3.1356954268392023,7.951577785083774,18.56334544909506,3417.0942846033713,3330.209272365772,3148.598752164993,3043.680086090512,000300.SH
2010-11-05,3520.8,0.1936400002452625,4,0.011575889740296663,0.01759181835723944,-0.012355874598989902,-0.002841923409156344,4.1662968419931445,4.206993305038109,5.803442638715262,15.654861820558907,3435.94986922094,3348.3607702356985,3163.194879531072,3048.427547920457,000300.SH
2010-11-08,3548.57,-0.1146917139444581,0,0.00788741195182907,0.011575889740296663,0.01759181835723944,-0.012355874598989902,2.175928591995402,1.9387661300515946,7.332071043143706,13.267898751955066,3456.4262566353145,3367.4283159275365,3178.3076293533827,3053.404089732194,000300.SH
2010-11-09,3523.95,-0.022363153437302774,1,-0.006938006013690101,0.00788741195182907,0.011575889740296663,0.01759181835723944,1.756214753705465,1.6696094723722466,4.392609467157627,11.06996183097837,3468.7033008834387,3382.335142982057,3191.862232123838,3058.08613859058,000300.SH
2010-11-10,3499.11,0.03734334938270556,2,-0.007048908185416813,-0.006938006013690101,0.00788741195182907,0.011575889740296663,2.3029874223030378,2.797991697685287,3.0095263889216017,8.749743596118819,3474.2317916319043,3393.4565579361465,3203.911164197413,3062.4744357190325,000300.SH
2010-11-11,3509.98,0.18462465653103965,3,0.003106504225360185,-0.007048908185416813,-0.006938006013690101,0.00788741195182907,0.8467149929177076,3.304892441629459,4.008960823068186,8.865619979281302,3480.731465880649,3404.5540286088944,3215.913863640652,3066.9272274034206,000300.SH
2010-11-12,3291.83,0.07210763999287884,4,-0.06215135128975091,0.003106504225360185,-0.007048908185416813,-0.006938006013690101,-6.503351511020227,-2.608003597654429,-2.569953768653843,-1.077327146841045,3446.38574481144,3393.8184068366186,3218.890967027293,3069.16506593672,000300.SH
2010-11-15,3314.89,-0.3555198891136824,0,0.007005222019363044,-0.06215135128975091,0.003106504225360185,-0.007048908185416813,-6.585187836226991,-4.552548229196662,-4.774093097544441,0.2640525564401086,3422.477427572996,3386.3014157093216,3222.655634987007,3071.6100901562554,000300.SH
2010-11-16,3169.54,0.06772067426126993,1,-0.043847608819598816,0.007005222019363044,-0.06215135128975091,0.003106504225360185,-10.05718015295336,-8.477591080900805,-8.55548631306836,-6.10634333332346,3376.4888043779056,3365.657471356053,3220.5726689090857,3072.584517119875,000300.SH
2010-11-17,3103.91,-0.22878735032468311,2,-0.020706474756589266,-0.043847608819598816,0.007005222019363044,-0.06215135128975091,-11.294300550711478,-9.25141944952842,-8.812322444746712,-8.624679117307654,3326.929021763741,3340.7291407507146,3215.9976622852,3072.896213466941,000300.SH
2010-11-18,3147.96,-0.20595778006329235,3,0.014191777467774669,-0.020706474756589266,-0.043847608819598816,0.007005222019363044,-10.31401888329848,-9.554634234638026,-7.349993672171385,-6.718543036545577,3294.389199624879,3322.370174964932,3213.3295186661726,3073.643116815529,000300.SH
2010-11-19,3178.85,0.2137774074549208,4,0.009812704100433223,0.014191777467774669,-0.020706474756589266,-0.043847608819598816,-3.432133494135481,-9.712281299704618,-5.950626926786551,-5.913883018711563,3273.382072420355,3308.701586873034,3211.9773806792637,3074.689951474081,000300.SH
2010-11-22,3171.94,-0.0032265665372959162,0,-0.0021737420765370885,0.009812704100433223,0.014191777467774669,-0.020706474756589266,-4.312360289481698,-10.613571100471464,-8.668586236682984,-8.880577292104741,3254.938059253018,3295.676673837507,3210.4072873192927,3075.6576136484687,000300.SH
2010-11-23,3107.18,-0.07892637619771581,1,-0.02041652742485678,-0.0021737420765370885,0.009812704100433223,0.014191777467774669,-1.9674779305514423,-11.826785283559637,-10.278274277893129,-10.354636938558837,3228.072957570651,3277.7246096625067,3206.359158404811,3075.9712692340563,000300.SH
2010-11-24,3177.04,0.022862429909311643,2,0.022483409393726728,-0.02041652742485678,-0.0021737420765370885,0.009812704100433223,2.356060581653474,-9.204340532306787,-7.113327914768708,-6.6638855185421235,3218.7942380123504,3268.1355992184585,3205.209387486975,3076.9769282466527,000300.SH
2010-11-25,3223.48,0.08598740162013674,3,0.014617379699342736,0.022483409393726728,-0.02041652742485678,-0.0021737420765370885,2.3990139645992947,-8.162439672020927,-7.384837279594092,-5.127307082164645,3219.6461947373773,3263.882685007177,3205.925882095329,3078.434670254149,000300.SH
2010-11-26,3194.85,-0.17718880907204304,4,-0.008881705485996538,0.014617379699342736,0.022483409393726728,-0.02041652742485678,0.5033266747408671,-2.9460816627833175,-9.257839127471035,-5.4772513446825215,3215.137795694218,3257.3081435779222,3205.4915337778657,3079.593031744157,000300.SH
2010-11-29,3190.05,-0.07718570283800574,0,-0.001502417953894497,-0.008881705485996538,0.014617379699342736,0.022483409393726728,0.5709439648921455,-3.766037485406748,-10.103224679236988,-8.14713504175064,3210.576378295269,3250.9026060943106,3204.885983433636,3080.692106055161,000300.SH
2010-11-30,3136.99,0.35781072932407954,1,-0.0166329681352958,-0.001502417953894497,-0.008881705485996538,0.014617379699342736,0.9593908302705234,-1.0269629031342098,-10.980859546815369,-9.417492268554762,3197.197036787038,3240.053786466281,3202.2233958480033,3081.2522841043633,000300.SH
2010-12-01,3136.02,-0.42380992388552163,2,-0.00030921360922409047,-0.0166329681352958,-0.001502417953894497,-0.008881705485996538,-1.291138921763657,1.034501644699759,-10.376638630966163,-8.312623891192105,3186.073939189395,3230.1458068028255,3199.627184246121,3081.7972365013347,000300.SH
2010-12-02,3155.06,0.2920821423358684,3,0.00607138985083,-0.00030921360922409047,-0.0166329681352958,-0.001502417953894497,-2.1225507836251545,0.2255428912692592,-10.111738528424663,-9.350641141671778,3180.435041154959,3222.994777583509,3197.8794515305867,3082.5262192227146,000300.SH
2010-12-03,3158.16,-0.20472441822069987,4,0.0009825486678540774,0.00607138985083,-0.00030921360922409047,-0.0166329681352958,-1.148410723508153,-0.6508643062742792,-4.060659268552758,-10.299931833674169,3176.385033672239,3216.8200368612697,3196.321825980368,3083.278794155822,000300.SH
2010-12-06,3165.57,0.12125217160353663,0,0.0023463029105557087,0.0009825486678540774,0.00607138985083,-0.00030921360922409047,-0.767386091127098,-0.20082347080966345,-4.504523528684201,-10.793080029420299,3174.4186639136497,3211.93908096972,3195.1158720203534,3084.097612124421,000300.SH
2010-12-07,3200.34,0.06877635217278244,1,0.010983803864706765,0.0023463029105557087,0.0009825486678540774,0.00607138985083,2.0194517674586354,2.9982170328078928,0.9717498438259309,-9.183160941557055,3179.131634111168,3210.8344065916517,3195.320739784261,3085.2542527998003,000300.SH
2010-12-08,3171.88,0.017625366912652485,2,-0.008892805139453897,0.010983803864706765,0.0023463029105557087,0.0009825486678540774,1.1434876053086462,-0.16241532999269337,2.1898186480922455,-9.35180660225029,3177.813155181864,3207.1244631067325,3194.4014950868395,3086.1162005331357,000300.SH
2010-12-09,3123.37,-0.044765037169705924,3,-0.015293768995043977,-0.008892805139453897,0.010983803864706765,0.0023463029105557087,-1.0044182994935147,-3.105649794631893,-0.7811408022973643,-11.014592675741742,3167.9143996942526,3199.147847572758,3191.615946259905,3086.4868851049455,000300.SH
2010-12-10,3161.98,-0.061207055781307695,4,0.01236164783551108,-0.015293768995043977,-0.008892805139453897,0.010983803864706765,0.12095650632013566,-1.028843294677373,-0.5306950626798979,-3.944614393817414,3166.835417931661,3195.608052565829,3190.453752288928,3087.238060377533,000300.SH
2010-12-13,3261.06,0.6919410645335826,0,0.03133479655152782,0.01236164783551108,-0.015293768995043977,-0.008892805139453897,3.0165183521451144,2.225983918747354,2.8096370044830676,-1.6238849554585544,3183.9671601259042,3201.8415713690833,3193.2226247481863,3088.9676319160653,000300.SH
2010-12-14,3269.47,-0.12991009426645117,1,0.002578916057968783,0.03133479655152782,0.01236164783551108,-0.015293768995043977,2.1600829911821773,4.223156592784805,5.223064000154487,3.1528234381014153,3199.5131310121033,3208.2823740958374,3196.212717895316,3090.763675379587,000300.SH
2010-12-15,3247.64,-0.08819003845339302,2,-0.006676923171033855,0.002578916057968783,0.03133479655152782,0.01236164783551108,2.388488845731862,3.559288524945625,2.2221942436985387,4.630611067975554,3208.2634708280843,3212.030719420043,3198.2294740562843,3092.3246338335216,000300.SH
2010-12-16,3230.67,-0.2436302862104467,3,-0.005225332857090037,-0.006676923171033855,0.002578916057968783,0.03133479655152782,3.4353919004152633,2.3964678960146646,0.223050864283314,2.627415850264936,3212.337385222978,3213.805888999087,3199.501651544273,3093.7012046411483,000300.SH
2010-12-17,3225.66,-0.17114197176516788,4,-0.0015507619162589137,-0.005225332857090037,-0.006676923171033855,0.002578916057968783,2.0139279818341516,2.1373204650809274,0.9643645241560694,1.472545102788736,3214.7596788188,3214.934851951555,3200.5274691307723,3095.01422748054,000300.SH
2010-12-20,3178.66,0.6366280724645139,0,-0.014570661508032434,-0.0015507619162589137,-0.005225332857090037,-0.006676923171033855,-2.526785769044426,0.4135116266580585,-0.3570476951772039,0.21185772744753972,3208.196100851745,3211.4801041466453,3199.6699213217225,3095.846523724515,000300.SH
2010-12-21,3249.51,0.04594130428029697,1,0.022289266546280606,-0.014570661508032434,-0.0015507619162589137,-0.005225332857090037,-0.6104965024912201,1.536399257578891,3.5868778669999157,4.580680874619447,3215.7077188787007,3215.1019989898223,3201.6244342110667,3097.3755135382016,000300.SH
2010-12-22,3215.45,-0.12584419866393592,2,-0.010481580299799176,0.022289266546280606,-0.014570661508032434,-0.0015507619162589137,-0.9911812885664673,1.3736333026469927,2.5328282345137954,1.20898698159293,3215.660860900755,3215.135141943172,3202.1666132616133,3098.5503840502597,000300.SH
2010-12-23,3188.61,-0.1411726877988726,3,-0.008347198681366463,-0.010481580299799176,0.022289266546280606,-0.014570661508032434,-1.301897129697549,2.0887695021723385,1.0633712195647682,-1.081750158214101,3210.7425225551633,3212.6089379485843,3201.6349813690013,3099.4464996318493,000300.SH
2010-12-24,3162.96,-0.13551196203077365,4,-0.00804425752914284,-0.008347198681366463,-0.010481580299799176,0.022289266546280606,-1.9437882479864554,0.030993238413912216,0.151987233072437,-0.9981689281186923,3202.054791181497,3207.880467667767,3200.118315432962,3100.0784747598905,000300.SH
2010-12-27,3099.71,0.368086814010961,0,-0.01999709133216987,-0.00804425752914284,-0.008347198681366463,-0.010481580299799176,-2.4837510145784614,-4.947777716448021,-2.08050998714292,-2.831930534004179,3183.4466473303155,3197.5785183660746,3196.1807344355907,3100.0748083443696,000300.SH
2010-12-28,3044.93,-0.25047718963445964,1,-0.017672620987124632,-0.01999709133216987,-0.00804425752914284,-0.008347198681366463,-6.295718431394281,-6.86777979305514,-4.856046545054593,-2.934660295378688,3158.2618023611667,3183.0405642359724,3190.2493330851757,3099.5261037837295,000300.SH
2010-12-29,3061.83,-0.19653128989967938,2,0.0055502096928337075,-0.017672620987124632,-0.01999709133216987,-0.00804425752914284,-4.777558351086164,-5.721385375226317,-3.469551181003072,-2.3657374634090345,3140.728747386409,3171.4967009754037,3185.2132808073256,3099.1510181739413,000300.SH
2010-12-30,3064.1,0.1687791989926628,3,0.0007413866870467078,0.0055502096928337075,-0.017672620987124632,-0.01999709133216987,-3.9048362766221034,-5.155896454914933,-1.8976298037056138,-2.8829879621940613,3126.796247861607,3161.268443739651,3180.463740383509,3098.8022518239522,000300.SH
2010-12-31,3128.26,0.28828096410747883,4,0.02093926438432181,0.0007413866870467078,0.0055502096928337075,-0.017672620987124632,-1.0970736272352455,-3.019537086983737,-1.0664204074662065,-0.9467538060136116,3127.062384614042,3158.1247824311126,3178.4165348782735,3099.095363746102,000300.SH
2011-01-04,3189.68,0.4264546489680925,1,0.019633917896849873,0.02093926438432181,0.0007413866870467078,0.0055502096928337075,2.902529591477898,0.3466869687226648,-2.18885883731057,0.7616321863045172,3138.447405593307,3161.130041247197,3178.858239392851,3099.99670341032,000300.SH
2011-01-05,3175.66,-0.09458381806945537,2,-0.004395425246419671,0.019633917896849873,0.02093926438432181,0.0007413866870467078,4.293366349965355,-2.2726503380509744,-2.869272389714539,-0.7711680633932683,3145.213331849069,3162.513846842702,3178.73281824019,3100.749572033103,000300.SH
2011-01-06,3159.64,-0.2169836111049116,3,-0.005044620645787035,-0.004395425246419671,0.019633917896849873,0.02093926438432181,3.1944947955961034,-1.7356824083720745,-2.709659937677822,-0.3858910173146546,3147.8363624219655,3162.2401471433973,3177.984080269987,3101.335546440734,000300.SH
2011-01-07,3166.62,0.24116166649102388,4,0.0022091124305301246,-0.005044620645787035,-0.004395425246419671,0.019633917896849873,3.3458438040533833,-0.6896421951885112,-1.9825608929417204,1.384722271136618,3151.2515692543357,3162.657275986883,3177.5384300633204,3101.985142993563,000300.SH
2011-01-10,3108.19,-0.22576408090540134,0,-0.01845185086938117,0.0022091124305301246,-0.005044620645787035,-0.004395425246419671,-0.6415707134317494,-1.7316058375698717,-3.6417353347841908,-1.7011492798815975,3143.4221930262743,3157.469916369085,3174.8188837863277,3102.0468828642743,000300.SH
2011-01-11,3124.92,-0.14956244187029688,1,0.00538255383358166,-0.01845185086938117,0.0022091124305301246,-0.005044620645787035,-2.0302977101151143,0.8133018895315924,-1.6906495189796922,-4.1747161965741135,3140.058157930588,3154.369924333934,3172.8620648143146,3102.274476069605,000300.SH
2011-01-12,3142.34,-0.04384501643337879,2,0.005574542708293384,0.00538255383358166,-0.01845185086938117,0.0022091124305301246,-1.0492307110962718,3.199088320585375,-3.298035703844582,-3.8883978137129183,3140.473038306845,3153.2242172545116,3171.6651210961063,3102.6731379992607,000300.SH
2011-01-13,3141.28,-0.0646477735871629,3,-0.0003373282331001759,0.005574542708293384,0.00538255383358166,-0.01845185086938117,-0.5810788570849712,2.594853404663233,-2.3066755819558526,-3.2749935337660463,3140.619758614691,3152.086672754082,3170.4735477197883,3103.0572858798655,000300.SH
2011-01-14,3091.86,0.06105748786192722,4,-0.015732440279121906,-0.0003373282331001759,0.005574542708293384,0.00538255383358166,-2.360876897133213,0.9059756535361174,-3.03423748906263,-4.296631967981868,3131.7543479574742,3146.350799158455,3167.390663495483,3102.9458700999667,000300.SH
2011-01-17,2974.35,0.20337407286927145,0,-0.03800624866585167,-0.015732440279121906,-0.0003373282331001759,0.005574542708293384,-4.306043066865284,-4.919987469072273,-5.96308521132104,-7.790963709752418,3103.1353756015696,3129.969770667174,3159.820441397621,3101.6663092034496,000300.SH
2011-01-18,2977.65,-0.3604472200989256,1,0.0011094861062082018,-0.03800624866585167,-0.015732440279121906,-0.0003373282331001759,-4.712760646672553,-6.647375285295065,-3.9377877285294405,-6.323733900448614,3080.3198527649206,3115.463125841729,3152.676502519283,3100.4323160770473,000300.SH
2011-01-19,3044.85,0.33154634323603593,2,0.0225681325877789,0.0011094861062082018,-0.03800624866585167,-0.015732440279121906,-3.1024650419751,-4.119143737049935,-0.0026273181977898297,-6.2981803410360415,3073.870788625844,3108.7380662377545,3148.4480122244095,3099.8792582056344,000300.SH
2011-01-20,2944.71,0.05040233066926758,3,-0.03288831962165617,0.0225681325877789,0.0011094861062082018,-0.03800624866585167,-6.257640197626446,-6.802357230570566,-3.8251633826829057,-8.419972321137003,3050.3870088756903,3093.116345643683,3140.458286254825,3098.3352854871705,000300.SH
2011-01-21,2983.46,0.11404573933164941,4,0.013159190548475141,-0.03288831962165617,0.0225681325877789,0.0011094861062082018,-3.5059802190267386,-5.784085239150894,-2.6317678926927934,-6.433837941924536,3038.218461807383,3082.6728841538084,3134.30149071542,3097.1922478206316,000300.SH
2011-01-24,2954.23,-0.10982612395178393,0,-0.009797349386283072,0.013159190548475141,-0.03288831962165617,0.0225681325877789,-0.6764503168759539,-4.953365141770616,-5.563156515123424,-6.599198219389435,3022.9478323878584,3070.440228520112,3127.239863628541,3095.769737892068,000300.SH
2011-01-25,2938.65,-0.24051661864008356,1,-0.005273793848143193,-0.009797349386283072,0.013159190548475141,-0.03288831962165617,-1.3097576948264522,-5.9607925962904655,-7.8700684708183815,-5.195969945575552,3007.620953771884,3057.8887781848634,3119.8441827019315,3094.20635741553,000300.SH
2011-01-26,2978.43,-0.10120713211546695,2,0.013536828135368273,-0.005273793848143193,-0.009797349386283072,0.013159190548475141,-2.18138824572639,-5.216176479948076,-6.210677465471748,-2.1839582519138423,3002.3135076315416,3050.3212755005907,3114.2985284783267,3093.0543538591564,000300.SH
2011-01-27,3026.47,0.8740763544418084,3,0.016129303022061947,0.013536828135368273,-0.005273793848143193,-0.009797349386283072,2.776504307724692,-3.6548795395507705,-4.21472066437949,-1.1548649010559076,3006.705597153079,3048.049725452915,3110.8542724595686,3092.3918229749856,000300.SH
2011-01-28,3036.74,-0.19318289272101574,4,0.003393392301922704,0.016129303022061947,0.013536828135368273,-0.005273793848143193,1.7858459640819557,-1.782745661187779,-4.101534127871364,-0.8929212493064886,3012.166397670701,3046.9726087431136,3107.9478304023305,3091.8380734926473,000300.SH
2011-01-31,3076.51,0.06171103674347456,0,0.013096280880154465,0.003393392301922704,0.016129303022061947,0.013536828135368273,4.139149626129313,3.4347000184914434,-1.0192427103877133,-1.6542742610908268,3023.8652344578463,3049.7856936247217,3106.7149743081213,3091.6855553484415,000300.SH
2011-02-01,3077.28,-0.20750626788319437,1,0.0002502836005733311,0.013096280880154465,0.003393392301922704,0.016129303022061947,4.717472308713178,3.3459271573220484,-1.5245190276871101,-3.523864462892823,3033.577010010965,3052.404198993796,3105.5606615901556,3091.5422164892534,000300.SH
2011-02-09,3040.95,0.18707511616567452,2,-0.011805880517860023,0.0002502836005733311,0.013096280880154465,0.003393392301922704,2.0990924748944817,-0.12808512734617805,-3.2265763730213948,-4.2419528538949365,3034.917553645335,3051.3133228991487,3103.0269101552476,3091.038811350057,000300.SH
2011-02-10,3104.16,0.11284830545388291,3,0.020786267449316886,-0.011805880517860023,0.0002502836005733311,0.013096280880154465,2.567017019828377,5.414794665688638,-1.1816838995568846,-1.755896241343946,3047.507089346183,3056.3463397658966,3103.0713450511203,3091.1693704411014,000300.SH
2011-02-11,3120.96,0.13837654096765362,4,0.00541209216019789,0.020786267449316886,-0.011805880517860023,0.0002502836005733311,2.773368809973853,4.608742869017846,0.9411810366575457,-1.4419159861303155,3060.8621640105134,3062.5000216929543,3103.7728609314686,3091.465794615817,000300.SH
2011-02-14,3219.14,0.5740102927733419,0,0.031458269250487,0.00541209216019789,0.020786267449316886,-0.011805880517860023,4.636097396075423,8.967142030241382,8.230033452687135,3.5696016009317155,3089.6399523722384,3077.4181148650537,3108.2970624635677,3092.736184719142,000300.SH
2011-02-15,3217.67,-0.05186537994311469,1,-0.00045664369987008513,0.031458269250487,0.00541209216019789,0.020786267449316886,4.5621457910882235,9.494836064179136,8.060719023390938,2.9680759827451553,3112.918142850013,3090.775437258858,3112.586197268918,3093.9793072592497,000300.SH
2011-02-16,3248.53,-0.15024058319062905,2,0.009590790851765396,-0.00045664369987008513,0.031458269250487,0.00541209216019789,6.826156299840513,9.068536107949509,6.689327881504847,3.3793287804629646,3137.57484415001,3105.799681329443,3117.917326787784,3095.5171250974663,000300.SH
2011-02-17,3245.91,0.016010166499933032,3,-0.0008065186407391067,0.009590790851765396,-0.00045664369987008513,0.031458269250487,4.566452760167006,7.250691399551301,10.228511466324353,3.330807823562365,3157.2721452136443,3119.1435212028296,3122.9366473059104,3097.0135716139093,000300.SH
2011-02-18,3211.88,-0.17886766248297759,4,-0.01048396289484299,-0.0008065186407391067,0.009590790851765396,-0.00045664369987008513,2.9132061929662667,5.767368954866092,7.656211244662248,3.881805773870739,3167.2008460838906,3127.97556680256,3126.424621921365,3098.1565211500897,000300.SH
2011-02-21,3257.91,0.03162500881917407,0,0.014331170529409576,-0.01048396289484299,-0.0008065186407391067,0.009590790851765396,1.2043589281609313,5.896291577144219,10.279497534044403,9.533511523526151,3183.6934195231834,3140.3502747261255,3131.5809112577826,3099.746108004318,000300.SH
2011-02-22,3163.58,0.3658545004677207,1,-0.028954145449076263,0.014331170529409576,-0.01048396289484299,-0.0008065186407391067,-1.681030062125699,2.80442468673634,7.654194953465021,6.2441858512585435,3180.0364341553313,3142.5626295141137,3132.835777482968,3100.381271108753,000300.SH
2011-02-23,3174.74,-0.34106419187767945,2,0.003527649055816484,-0.028954145449076263,0.014331170529409576,-0.01048396289484299,-2.271488950386802,4.399611963366712,6.591056361908798,4.265891587434512,3179.0734461270895,3145.62714098896,3134.4790803267733,3101.1211589584173,000300.SH
2011-02-24,3190.94,-0.024093632771634566,3,0.005102780070179058,0.003527649055816484,-0.028954145449076263,0.014331170529409576,-1.6935158399339456,2.7956033194165286,5.434383952261235,8.361774164518753,3181.231001376709,3149.9426513709636,3136.6932340394487,3102.0148787697763,000300.SH
2011-02-25,3197.62,-0.06988199554348684,4,0.0020934270152368484,0.005102780070179058,0.003527649055816484,-0.028954145449076263,-0.44397673636624724,2.4562954988208707,5.29778644203982,7.178242711482641,3184.2108193082163,3154.4833512403957,3139.0825189790785,3102.9661735083855,000300.SH
2011-02-28,3239.56,0.23759678462638179,0,0.013116005028740219,0.0020934270152368484,0.005102780070179058,0.003527649055816484,-0.5632445340724601,0.6343309082549986,5.299836503050526,9.658354291981318,3194.274306706722,3162.5858892175006,3143.022812352448,3104.325316060541,000300.SH
2011-03-01,3254.89,0.13538484266860662,1,0.004732124115620628,0.013116005028740219,0.0020934270152368484,0.005102780070179058,2.8862870545394825,1.1567376393477158,5.77165548796339,10.761404046075572,3205.295341850954,3171.376756911072,3147.409760887646,3105.82347211964,000300.SH
2011-03-02,3243.3,-0.08423642357560535,2,-0.0035607962173835883,0.004732124115620628,0.013116005028740219,0.0020934270152368484,2.1595469235276,-0.16099589660554248,6.6541705716963495,8.892940240327963,3212.2052796962353,3178.226589586208,3151.170162421464,3107.1913977701906,000300.SH
2011-03-03,3221.72,0.1551675157434047,3,-0.006653716893287864,-0.0035607962173835883,0.004732124115620628,0.013116005028740219,0.9646060408531554,-0.7452455551755888,3.7871759187670717,6.4514103890010555,3213.9352288423743,3182.368819149426,3153.9368227186615,3108.3309858520793,000300.SH
2011-03-04,3270.67,-0.1814996898286665,4,0.015193747439256056,-0.006653716893287864,-0.0035607962173835883,0.004732124115620628,2.2845116055066006,1.8303921690723257,4.7969214600635635,7.703326593649784,3224.250641780124,3190.7784554209093,3158.514594376753,3109.9462994256905,000300.SH
2011-03-07,3334.51,0.5866284748832444,0,0.019518936487019634,0.015193747439256056,-0.006653716893287864,-0.0035607962173835883,2.9309535862894975,2.351200616346083,3.5838764390489386,8.386125837393665,3244.2977978201016,3204.4671739522514,3165.4163749894296,3112.180764108022,000300.SH
2011-03-08,3337.46,-0.2587951171188797,1,0.0008846877052399726,0.019518936487019634,0.015193747439256056,-0.006653716893287864,2.5367984785968245,5.496304819223785,3.7228802207808664,8.454869235168715,3261.2363800346284,3217.1331573853704,3172.163183813374,3114.422348544758,000300.SH
2011-03-09,3338.86,-0.10112113937599176,2,0.00041948068291453033,0.0008846877052399726,0.019518936487019634,0.015193747439256056,2.9463817716523177,5.169557192085028,2.7806423212960896,9.796609612127805,3275.3497654828775,3228.7261900153353,3178.7003138599084,3116.6555590069993,000300.SH
2011-03-10,3280.26,0.038918178672150416,3,-0.017550900606793873,0.00041948068291453033,0.0008846877052399726,0.019518936487019634,1.8170418285884615,2.7991751646850194,1.0582548499496358,5.673032317921778,3276.2425353950816,3233.6341719186366,3182.683046649716,3118.283463892502,000300.SH
2011-03-11,3247.38,-0.1496070922708549,4,-0.01002359569058553,-0.017550900606793873,0.00041948068291453033,0.0008846877052399726,-0.7120865143839028,1.5561573920603422,1.1052716788921169,4.050676714856971,3270.994801686885,3234.943298402576,3185.2201820752175,3119.5680065403376,000300.SH
2011-03-14,3262.92,-0.061525582497092945,0,0.004785396227112271,-0.01002359569058553,-0.017550900606793873,0.00041948068291453033,-2.1469421294283197,0.7210855795231508,0.1537795703380418,1.3599905564840364,3269.5266559256324,3237.6077461737596,3188.2672337585423,3120.994394534961,000300.SH
2011-03-15,3203.96,0.37678596487649774,1,-0.01806970443651701,0.004785396227112271,-0.01002359569058553,-0.017550900606793873,-4.000047940649476,-1.5647226173541862,1.2764020508411411,-0.4260847134727963,3257.6054457573355,3234.4031989191158,3188.8826363562466,3121.8199229475485,000300.SH
2011-03-16,3248.2,-0.1371663935769547,2,0.013807912708023728,-0.01806970443651701,0.004785396227112271,-0.01002359569058553,-2.7152980358565615,0.15108068942126796,2.313890271329311,-0.010158440894814103,3255.895364710547,3235.717179974438,3191.208807479531,3123.0774361520507,000300.SH
2011-03-17,3197.1,0.0489119266432434,3,-0.01573178991441415,0.013807912708023728,-0.01806970443651701,0.004785396227112271,-2.5351648954656136,-0.7641880734514439,0.1930465630817224,-1.5037385509764634,3245.205298399538,3232.039353310206,3191.439834637197,3123.813979075911,000300.SH
2011-03-18,3215.69,-0.2596047614009478,4,0.005814644521597634,-0.01573178991441415,0.013807912708023728,-0.01806970443651701,-0.9758636192869319,-1.68100114043912,0.565107798925446,0.11862211539659384,3239.8388805087125,3230.4822720425673,3192.3908215141696,3124.7281683388373,000300.SH
2011-03-21,3207.11,-0.0315441728500826,0,-0.0026681676405374555,0.005814644521597634,-0.01573178991441415,0.013807912708023728,-1.7104311475610756,-3.8206513100875417,-1.0016792403906627,-1.5592818708926814,3233.8881749616735,3228.2563413718462,3192.968044199889,3125.547888056859,000300.SH
2011-03-22,3222.96,-0.048700005493085397,1,0.004942144173414764,-0.0026681676405374555,0.005814644521597634,-0.01573178991441415,0.593016142523628,-3.430752728122588,-0.980985532537193,1.8769874635697459,3231.901234059551,3227.751927907861,3194.144199329305,3126.5171628025623,000300.SH
2011-03-23,3264.93,0.23160453239534817,2,0.013022190781145193,0.004942144173414764,-0.0026681676405374555,0.005814644521597634,0.5150544917184918,-2.214228808635288,0.6669133290167384,2.84086255882372,3237.906464230541,3231.292696678541,3196.920113081097,3127.8944049637307,000300.SH
2011-03-24,3251.36,-0.1063676205155204,3,-0.004156291252798594,0.013022190781145193,0.004942144173414764,-0.0026681676405374555,1.697163054017703,-0.8810277234121755,0.9200054629204368,1.8934859320451025,3240.35256164317,3233.2038684234417,3199.0550106073288,3129.1229183471764,000300.SH
2011-03-25,3294.48,0.3856788597542258,4,0.013262142611091932,-0.004156291252798594,0.013022190781145193,0.004942144173414764,2.4501739906520825,1.4504000147811391,0.727985397487374,3.029127913885965,3250.193914071684,3239.039690478352,3202.7971670541,3130.7682624432246,000300.SH
2011-03-28,3290.57,0.1393912394197836,0,-0.0011868337340035229,0.013262142611091932,-0.004156291252798594,0.013022190781145193,2.6023429193261283,0.8474004879065467,-1.3177348396016253,1.574596550148799,3257.5350206041053,3243.947339004223,3206.2392389343313,3132.3583294835908,000300.SH
2011-03-29,3257.98,-0.04403363646198,1,-0.00990405917515813,-0.0011868337340035229,0.013262142611091932,-0.004156291252798594,1.0865787971305885,1.686038527322431,-2.3814517627177567,0.09493408379392942,3257.615925948813,3245.2837829085825,3208.2682883878874,3133.608296354401,000300.SH
2011-03-30,3256.08,-0.22298230476281045,2,-0.0005831834449566697,-0.00990405917515813,-0.0011868337340035229,0.013262142611091932,-0.27106247300860975,0.24259589926729497,-2.4792893382771464,0.39404310424566713,3257.336666685392,3246.3119940601464,3210.143257470715,3134.8269202712727,000300.SH
2011-03-31,3223.29,-0.16177251650085356,3,-0.010070391390874955,-0.0005831834449566697,-0.00990405917515813,-0.0011868337340035229,-0.8633310368584279,0.8191798817678508,-1.7367525744910517,0.048731733359819174,3251.146363651684,3244.1194231972754,3210.658816001275,3135.707149920315,000300.SH
2011-04-01,3272.73,0.0016886660335422299,4,0.015338365458894554,-0.010070391390874955,-0.0005831834449566697,-0.00990405917515813,-0.6601952356669383,1.7738028230333214,0.7806293073185033,0.06298403690987442,3255.0706611695596,3246.8442400356303,3213.0929800796566,3137.070561363894,000300.SH
2011-04-06,3311.07,0.6494929452881419,2,0.011714990237508216,0.015338365458894554,-0.010070391390874955,-0.0005831834449566697,0.6229923691032146,3.241547686234658,1.4756720973851722,-0.7029518579941274,3265.2523591387303,3252.9609790798563,3216.9352161549646,3138.8018990617657,000300.SH
2011-04-07,3324.42,-0.21220359995578553,3,0.004031929255497335,0.011714990237508216,0.015338365458894554,-0.010070391390874955,2.039300425416979,3.1480378285799304,3.759722343599803,-0.3907162932289765,3276.0101120225972,3259.76660011987,3221.150305717515,3140.6488453397583,000300.SH
2011-04-08,3353.36,-0.04747370374442905,4,0.008705277913139797,0.004031929255497335,0.011714990237508216,0.015338365458894554,2.9876415812879253,2.708480733124463,3.237485376516225,0.43427996381999456,3290.0737280184885,3268.6802572513106,3226.334999610946,3142.7653742418506,000300.SH
2011-04-11,3333.43,0.3227922249018256,0,-0.005943292697473623,0.008705277913139797,0.004031929255497335,0.011714990237508216,3.417005606073298,2.5241744992864357,4.2641769103249905,1.6209080987482638,3297.956686560581,3274.8468994178525,3230.5348035477714,3144.662534697156,000300.SH
2011-04-12,3326.77,-0.13460758662178451,1,-0.00199794205968018,-0.005943292697473623,0.008705277913139797,0.004031929255497335,1.6512208462048594,0.9801243291809314,3.454313071222659,2.4447400673773823,3303.1954708222934,3279.7919566161527,3234.308732820408,3146.4745492772836,000300.SH
2011-04-13,3372.03,-0.11849184575149863,2,0.013604787827231846,-0.00199794205968018,-0.005943292697473623,0.008705277913139797,1.8410966847574928,2.475558945714562,5.142324397978237,3.3439373322055044,3315.7108397636944,3288.5765321765193,3239.7095668274505,3148.718882120296,000300.SH
2011-04-14,3353.56,-0.007515795866921637,3,-0.005477412715782504,0.013604787827231846,-0.00199794205968018,-0.005943292697473623,0.876543878330649,2.9337196667873933,4.05217563978455,4.669221837975512,3322.5925052612047,3294.765433873994,3244.174289696962,3150.757102198701,000300.SH
2011-04-15,3358.94,-0.07960333136014897,4,0.0016042653180501354,-0.005477412715782504,0.013604787827231846,-0.00199794205968018,0.16640026719469958,3.1590132920567005,2.8793879194959793,3.4092728280278317,3329.2011406682586,3300.877297314566,3248.674905787277,3152.8285738186146,000300.SH
2011-04-18,3359.44,0.08332436275813393,0,0.00014885648448625943,0.0016042653180501354,-0.005477412715782504,0.013604787827231846,0.7802773719562284,4.2239450995721795,3.324147433689295,5.077726689812656,3334.6991150922117,3306.4546975703215,3253.01863497209,3154.8844089049967,000300.SH
2011-04-19,3295.81,-0.02621101318803265,1,-0.01894065677612944,0.00014885648448625943,0.0016042653180501354,-0.005477412715782504,-0.9306324152255852,0.7052216345375228,0.040370559238489534,2.491533698832904,3327.6283668936276,3305.4409168493385,3254.696727718282,3156.2866535925095,000300.SH
2011-04-20,3295.76,-0.1025385128799764,2,-1.5170777441619876e-05,-0.01894065677612944,0.00014885648448625943,0.0016042653180501354,-2.2618422730521393,-0.46238829139825244,0.15772343393394284,2.76417085787517,3321.834118367513,3304.5189247684493,3256.307052121487,3157.6744480841267,000300.SH
2011-04-21,3317.37,0.032796880528219496,3,0.006556909483700135,-1.5170777441619876e-05,-0.01894065677612944,0.00014885648448625943,-1.0791517074392631,-0.21206706733806202,1.822908673472523,2.929294809740113,3321.0224604825103,3305.7428366952636,3258.7016775284874,3159.2634585509513,000300.SH
2011-04-22,3299.94,-0.13656107926544303,4,-0.005254162182692812,0.006556909483700135,-1.5170777441619876e-05,-0.01894065677612944,-1.7565065169368954,-1.5930290812796732,1.3470185007739444,1.0723047661052476,3317.1892858493266,3305.1901855814285,3260.3188666450174,3160.663225132534,000300.SH
2011-04-25,3249.57,0.17871242008549681,0,-0.01526391388934345,-0.005254162182692812,0.006556909483700135,-1.5170777441619876e-05,-3.2704855571166536,-2.5157270439157164,0.8153160280334859,-0.05505388514344123,3304.894870240358,3299.893025049864,3259.89734246286,3161.5478696585787,000300.SH
2011-04-26,3230.96,-0.22100274762665273,1,-0.005726911560606562,-0.01526391388934345,-0.005254162182692812,0.006556909483700135,-1.9676498341834048,-2.8799706622339327,-1.276304491968483,-1.9280736261868325,3291.452166560293,3293.3279750451147,3258.762544719218,3162.238537622175,000300.SH
2011-04-27,3209.5,-0.020673727711929768,2,-0.006641988758758988,-0.005726911560606562,-0.01526391388934345,-0.005254162182692812,-2.6173022307449667,-4.819945255528579,-3.0675884230777384,-2.4637068957657826,3276.5517726402395,3285.3443583741514,3256.8306802204256,3162.7088009294175,000300.SH
2011-04-28,3161.78,0.05384785900913647,3,-0.014868359557563382,-0.006641988758758988,-0.005726911560606562,-0.01526391388934345,-4.69016118190011,-5.718698934863243,-4.892281961966294,-2.952749863412296,3255.684177614741,3273.57632424328,3253.103202564723,3162.699559129125,000300.SH
2011-04-29,3192.72,-0.19834319215653484,4,0.009785627083478188,-0.014868359557563382,-0.006641988758758988,-0.005726911560606562,-3.2491499845451854,-4.948584970258485,-4.790419161676651,-1.9458981351809568,3244.2361453211515,3265.875721934396,3250.7352338366945,3162.998269983562,000300.SH
2011-05-03,3211.13,0.014075622074637417,1,0.005766243203287669,0.009785627083478188,-0.014868359557563382,-0.006641988758758988,-1.1829257409441851,-4.414723882551852,-3.6688936020855323,-0.37725429607636807,3238.216846171851,3260.6618436549297,3249.182087411726,3163.4771926702924,000300.SH
2011-05-04,3129.03,0.29866311810022195,2,-0.025567323652421425,0.005766243203287669,0.009785627083478188,-0.014868359557563382,-3.1547899076435404,-5.060364523440364,-5.94390354608223,-4.390829674308594,3218.3646923224237,3248.1254775925554,3244.4702408465605,3163.1344345342695,000300.SH
2011-05-05,3126.12,-0.24600772595523202,3,-0.0009300006711345787,-0.025567323652421425,0.005766243203287669,0.009785627083478188,-2.597912447421724,-5.147219457727514,-7.292639745198004,-5.585807609020654,3201.592930081983,3236.5059082980265,3239.829054931009,3162.766131703083,000300.SH
2011-05-06,3121.4,0.10693647627329073,4,-0.00150985886658217,-0.0009300006711345787,-0.025567323652421425,0.005766243203287669,-1.277128705982078,-5.907390493071308,-6.922792495139484,-6.10692993063452,3187.012397339804,3225.5434408410715,3235.184778267048,3162.3545284025545,000300.SH
2011-05-09,3129.76,-0.17864415532800726,0,0.0026782853847633348,-0.00150985886658217,-0.0009300006711345787,-0.025567323652421425,-1.9719862687614165,-5.157063461759903,-6.822985822908412,-6.667939022353697,3176.6028705507483,3216.421208380017,3231.050473236968,3162.0302047368577,000300.SH
2011-05-10,3153.22,-0.04112910672694048,1,0.007495782424211228,0.0026782853847633348,-0.00150985886658217,-0.0009300006711345787,-1.8034149972128266,-2.9650076779389356,-6.138523087181202,-5.4061432218465715,3172.3514395415214,3210.4020456771586,3227.9982978159105,3161.9425410081326,000300.SH
2011-05-11,3145.09,0.08331308073749666,2,-0.0025783167682558172,0.007495782424211228,0.0026782853847633348,-0.00150985886658217,0.5132581023512106,-2.6577240201054786,-4.573079152014214,-5.461153010277231,3167.3948141703354,3204.1818508507627,3224.7469920192084,3161.7748540329276,000300.SH
2011-05-12,3101.6,0.03689202006059045,3,-0.013827903176061862,-0.0025783167682558172,0.007495782424211228,0.0026782853847633348,-0.7843588857753381,-3.3618943760710396,-5.891205670315813,-8.019798163124303,3155.43212068482,3194.4121507697373,3219.9176982145336,3161.176099266431,000300.SH
2011-05-13,3128.09,-0.0639493198718768,4,0.00854075315965952,-0.013827903176061862,-0.0025783167682558172,0.007495782424211228,0.21432690459408654,-1.0655390318111913,-5.705724715663307,-6.723302997411695,3150.4608260148525,3188.0957554583338,3216.3166120100423,3160.846884348357,000300.SH
2011-05-16,3100.46,-0.06091862816780791,0,-0.008832866062037925,0.00854075315965952,-0.013827903176061862,-0.0025783167682558172,-0.9361740197331492,-2.8896990653737187,-6.044958393182909,-7.695284821997417,3141.3697667394244,3179.7494930337302,3211.7732154606288,3160.246019827478,000300.SH
2011-05-17,3116.03,0.20611142740831645,1,0.005021835469575464,-0.008832866062037925,0.00854075315965952,-0.013827903176061862,-1.1794292818134933,-2.961574274476586,-4.109466790990801,-7.245552830233604,3136.7625364231653,3173.680969887661,3208.018579560212,3159.8060594311846,000300.SH
2011-05-18,3139.38,-0.23939564590386064,2,0.007493509369293605,0.005021835469575464,-0.008832866062037925,0.00854075315965952,-0.18155283314627013,0.3307734345787683,-2.8344516799960306,-4.746329430397989,3137.2384388916807,3170.414210850741,3205.3268705578507,3159.602815058735,000300.SH
2011-05-19,3120.64,0.05009348401446467,3,-0.005969331524058985,0.007493509369293605,0.005021835469575464,-0.008832866062037925,0.6138767087954689,-0.17529717349301643,-2.768655553824584,-5.313493700997651,3134.220540911375,3165.673809817337,3202.0058168104842,3159.215125356658,000300.SH
2011-05-20,3121.6,-0.062826222093609,4,0.00030762920426585794,-0.005969331524058985,0.007493509369293605,0.005021835469575464,-0.2074748488694489,0.006407381303263904,-1.270803155184752,-5.901361620802026,3131.9258971093063,3161.4763041204474,3198.8526475237986,3158.840845502363,000300.SH
2011-05-23,3022.98,0.3677862431109258,0,-0.03159277293695539,0.00030762920426585794,-0.005969331524058985,0.007493509369293605,-2.498984021725814,-3.4117632022902744,-5.316469969179883,-8.392879870543101,3112.117552180341,3148.2861799185,3191.955680954238,3157.4889962933844,000300.SH
2011-05-24,3026.22,-0.20909952949119548,1,0.0010717900879264608,-0.03159277293695539,0.00030762920426585794,-0.005969331524058985,-2.8821930469218993,-4.027628899981606,-5.758409033580092,-6.8732170717972,3096.4998154202785,3136.660829450071,3185.456242485444,3156.1828371262864,000300.SH
2011-05-25,2990.34,-0.08244573658118137,2,-0.011856375280052234,0.0010717900879264608,-0.03159277293695539,0.00030762920426585794,-4.747434206754198,-4.920367938596348,-4.432364023355484,-7.447322158120184,3077.1980307984095,3122.7255123595883,3177.804625133074,3154.532659642443,000300.SH
2011-05-26,2978.38,-0.005306515459505667,3,-0.003999545202217791,-0.011856375280052234,0.0010717900879264608,-0.03159277293695539,-4.558680270713689,-3.972788238328595,-4.725986206543564,-7.201121670042054,3059.231116107789,3108.978320706294,3169.984051598444,3152.779896859931,000300.SH
2011-05-27,2963.31,0.07598298779973223,4,-0.0050597976080957174,-0.003999545202217791,-0.011856375280052234,0.0010717900879264608,-5.070797027165552,-5.2677512475664106,-5.0647145511629414,-6.277160333736065,3041.7909131791002,3095.1051473056946,3161.879186829877,3150.8946242543598,000300.SH
2011-05-30,2954.51,-0.1741586263280711,0,-0.0029696521794884134,-0.0050597976080957174,-0.003999545202217791,-0.011856375280052234,-2.264983559269329,-4.707366003754276,-5.5994708859465225,-7.461036357713791,3025.921656237446,3081.715133276581,3153.747061856157,3148.9405483911323,000300.SH
2011-05-31,3001.56,0.17674776642413237,1,0.015924806482292997,-0.0029696521794884134,-0.0050597976080957174,-0.003999545202217791,-0.8148779665721584,-3.673584657400608,-4.809686606072516,-6.526362993712498,3021.492264194274,3074.0813110597637,3147.7789417833665,3147.4740752728126,000300.SH
2011-06-01,3004.17,-0.02953926531929907,2,0.0008695478351257169,0.015924806482292997,-0.0029696521794884134,-0.0050597976080957174,0.4624892152731874,-4.306901362689453,-4.480634894390945,-3.990374013671971,3018.342761613497,3067.4230909588337,3142.147218576176,3146.048164076068,000300.SH
2011-06-02,2955.71,0.2586271771264945,3,-0.016130911366533884,0.0008695478351257169,0.015924806482292997,-0.0029696521794884134,-0.7611520356703982,-5.285133818703846,-4.703701315450082,-5.451166301997357,3006.954986774679,3056.783748962754,3134.8359551026006,3144.1542519957093,000300.SH
2011-06-03,2986.35,-0.20202305000862364,4,0.010366375591651433,-0.016130911366533884,0.0008695478351257169,0.015924806482292997,0.777508934266069,-4.332713992824189,-4.531199549885079,-4.326584225027242,3003.208625542919,3050.0757728710632,3129.012976471126,3142.584060433563,000300.SH
2011-06-07,3004.26,0.011880156902984496,1,0.005997287658847883,0.010366375591651433,-0.016130911366533884,0.0008695478351257169,1.6838663602424697,-0.6192564952464008,-3.1027653961025026,-4.0098921323040715,3003.399784535115,3045.712365930962,3124.120702884023,3141.2077016232793,000300.SH
2011-06-08,3008.65,0.025352422845640765,2,0.0014612583464812534,0.005997287658847883,0.010366375591651433,-0.016130911366533884,0.2362105038713258,-0.580592290051607,-3.446051546358675,-4.584837087168026,3004.354369165094,3042.1826167946797,3119.5924400258264,3139.8887195175753,000300.SH
2011-06-09,2951.89,0.08329077273933794,3,-0.018865604174629902,0.0014612583464812534,0.005997287658847883,0.010366375591651433,-1.740247722332633,-1.2858069650942827,-5.972198332154766,-6.142908470027897,2994.815392953258,3033.583319957091,3113.0158737503034,3138.0180854925247,000300.SH
2011-06-10,2961.93,-0.08014061791276761,4,0.0034012107497229938,-0.018865604174629902,0.0014612583464812534,0.005997287658847883,0.21044013113600268,-0.5523136738764145,-5.0858157301066464,-4.5031596595305645,2988.83623059812,3026.759194246892,3107.090937524801,3136.265965238868,000300.SH
2011-06-13,2950.35,-0.077571222262376,0,-0.003909612988828193,0.0034012107497229938,-0.018865604174629902,0.0014612583464812534,-1.2054849565523162,-0.4373487755246708,-5.485968733982571,-5.682061577512165,2981.8387341257344,3019.48212812814,3100.944234092456,3134.4160551369887,000300.SH
2011-06-14,2993.56,0.4078975929151112,1,0.014645719999322182,-0.003909612988828193,0.0034012107497229938,-0.018865604174629902,-0.3561609181628844,1.3217081681903275,-0.9732118637900355,-3.447875476542195,2983.9698733756004,3017.0133540206984,3096.733087657458,3133.014502349556,000300.SH
2011-06-15,2963.12,-0.1767140661779344,2,-0.010168495036010694,0.014645719999322182,-0.003909612988828193,0.0034012107497229938,-1.5133033087929904,-1.2806673862924667,-2.0851094765086398,-4.907205643077905,2980.1789873073094,3011.8806536377747,3091.493358729714,3131.3240097888643,000300.SH
2011-06-16,2917.58,-0.13586969892248058,3,-0.015368935446421372,-0.010168495036010694,0.014645719999322182,-0.003909612988828193,-1.162306183495998,-2.88232689894381,-2.4331681347271594,-7.065089285145476,2968.7973532514347,3002.899639005606,3084.6732270148236,3129.197203721313,000300.SH
2011-06-17,2892.16,0.09730706252062205,4,-0.008712700251578442,-0.015368935446421372,-0.010168495036010694,0.014645719999322182,-2.355558706654104,-2.1500756163493784,-2.8948623076974767,-7.321575061525842,2954.863289023901,2992.353006719358,3077.123688700517,3126.8386245798074,000300.SH
2011-06-20,2874.9,-0.12063509397225336,0,-0.005967857933171006,-0.008712700251578442,-0.015368935446421372,-0.010168495036010694,-2.557323707356751,-3.731980511326527,-2.9834880589610924,-7.902998462327004,2940.324509201373,2981.167006079419,3069.1933479671634,3124.3317725939387,000300.SH
2011-06-21,2909.07,0.10445452884071282,1,0.011885630804549852,-0.005967857933171006,-0.008712700251578442,-0.015368935446421372,-2.822392068306623,-3.1685007289648737,-1.537987686621467,-3.7681360776452344,2934.64187116476,2974.3006245480456,3062.914000988059,3122.1898644089247,000300.SH
2011-06-22,2908.58,-0.13749514560009946,2,-0.00016843871065330696,0.011885630804549852,-0.005967857933171006,-0.008712700251578442,-1.8406274467453243,-3.3260764794841635,-3.0977225176241685,-3.8873578259346564,2929.9033491348036,2968.0415174482314,3056.8616872238213,3120.0643931212735,000300.SH
2011-06-23,2957.63,0.2776698225746541,3,0.016863899222300915,-0.00016843871065330696,0.011885630804549852,-0.005967857933171006,1.3727130018714284,0.194451690273012,-1.5491799731706224,-1.0938555481985301,2934.944558383021,2967.049944357924,3052.9702485091616,3118.4481305031513,000300.SH
2011-06-24,3027.47,0.8990380971143637,4,0.02361350135074347,0.016863899222300915,-0.00016843871065330696,0.011885630804549852,4.678510179243189,2.212746418720224,2.427843056321488,1.6482114438050033,2951.7673659497445,2972.8042353714545,3051.970238763704,3117.5428754732693,000300.SH
2011-06-27,3036.49,-0.24700437026997057,0,0.002979385427436032,0.02361350135074347,0.016863899222300915,-0.00016843871065330696,5.620717242338857,2.91965360042028,1.6789726589314657,2.469535755624608,2967.171481231609,2978.869546288459,3051.363170576892,3116.7363791999037,000300.SH
2011-06-28,3041.73,-0.11020119768509107,1,0.0017256766859103934,0.002979385427436032,0.02361350135074347,0.016863899222300915,4.560220276583227,1.6091209128930029,1.2472289349124255,2.952096963625106,2980.7275755531346,2984.8562561657486,3050.9853991817204,3115.9900470685616,000300.SH
2011-06-29,3000.17,-0.12249900083018883,2,-0.013663277148201813,0.0017256766859103934,0.002979385427436032,0.02361350135074347,3.1489592859746063,1.2503712303248093,-0.2818539876688897,-0.046309252522014344,2984.262561816201,2986.314707959487,3048.992638429496,3114.837608789273,000300.SH
2011-06-30,3044.09,0.19725404187653361,3,0.014639170447008132,-0.013663277148201813,0.0017256766859103934,0.002979385427436032,2.9232865503798555,4.336127886810304,3.123422620761618,1.328819607412357,2995.140277849619,2991.8171167252503,3048.8003780989275,3114.133652482912,000300.SH
2011-07-01,3049.75,-0.017282326952415716,4,0.0018593405582620903,0.014639170447008132,-0.013663277148201813,0.0017256766859103934,0.7359280191050699,5.448868665633988,2.964958658712402,3.1816382527379172,3005.069318240597,2997.3345341799886,3048.8376181734793,3113.493019124873,000300.SH
2011-07-04,3121.98,0.4140372500590448,0,0.02368390851709168,0.0018593405582620903,0.014639170447008132,-0.013663277148201813,2.8154217534060777,8.594385891683176,5.817275916416698,4.541664573810844,3026.3258058332153,3009.2055309247517,3051.705946872559,3113.57746669577,000300.SH
2011-07-05,3122.5,-0.20140267094352138,1,0.0001665609645160604,0.02368390851709168,0.0018593405582620903,0.014639170447008132,2.6553967643413445,7.3367089825957965,4.307246221889649,3.9357445760353604,3043.8120229544484,3019.9954803604896,3054.4821842501055,3113.6662481216827,000300.SH
2011-07-06,3113.71,-0.06637611321877135,2,-0.002815052041633348,0.0001665609645160604,0.02368390851709168,0.0018593405582620903,3.784452214374512,7.052582359776949,5.082143146413243,3.491931597227982,3056.5207460536394,3028.9206727071096,3056.8048436912777,3113.666683463756,000300.SH
2011-07-07,3101.68,0.2032936243583212,3,-0.003863558263293654,-0.002815052041633348,0.0001665609645160604,0.02368390851709168,1.891862592761706,4.870453707867428,6.31002406103689,5.074376077699361,3064.731519498432,3035.8501324492895,3058.5646537426,3113.5474129815293,000300.SH
2011-07-08,3109.18,-0.29271438348989454,4,0.002418044414639775,-0.003863558263293654,-0.002815052041633348,0.0001665609645160604,1.9486843183867508,2.698953251394731,7.503734233237447,4.971420661528136,3072.813061407808,3042.833929358881,3060.549569282106,3113.503956135942,000300.SH
2011-07-11,3113.21,-0.044789591184418054,0,0.0012961616889342054,0.002418044414639775,-0.003863558263293654,-0.002815052041633348,-0.28091147284735607,2.5266014378443558,8.289331802845323,5.520023048112943,3080.157959333661,3049.536412277083,3062.6146842122193,3113.501031199266,000300.SH
2011-07-12,3056.91,0.14437318486919004,1,-0.0180842281760627,0.0012961616889342054,0.002418044414639775,-0.003863558263293654,-2.1005604483586904,0.4990581018039064,5.082036527137523,2.116209462980523,3075.9310576366315,3050.2386587268848,3062.390971105858,3112.9379363614626,000300.SH
2011-07-13,3106.25,-0.04110785559198593,2,0.01614048172828131,-0.0180842281760627,0.0012961616889342054,0.002418044414639775,-0.23958557476451148,3.5357996380205092,6.796099815030021,4.830381489781055,3081.4435926117894,3055.5730721814675,3064.1109330232757,3112.8713897310004,000300.SH
2011-07-14,3115.75,0.17063780669781292,3,0.003058350100603624,0.01614048172828131,-0.0180842281760627,0.0012961616889342054,0.4536251321864304,2.3540696891353408,5.346172442124275,6.792273048211195,3087.6811212278276,3061.304208164185,3066.135994473343,3112.900032619249,000300.SH
2011-07-15,3128.89,-0.006549965721687534,4,0.004217283158148177,0.003058350100603624,0.01614048172828131,-0.0180842281760627,0.6339292031982691,2.594966800557419,3.3499919074342577,8.185231799070603,3095.1736446409495,3067.7409502437863,3068.596935866545,3113.0591367722914,000300.SH
2011-07-18,3122.6,-0.015106355252795689,0,-0.0020102975815704527,0.004217283158148177,0.003058350100603624,0.01614048172828131,0.3016179441797995,0.019859191923066177,2.835840065338613,8.615951859195103,3100.160254706231,3072.9656216491403,3070.7147030874653,3113.1540707347567,000300.SH
2011-07-19,3095.13,-0.12424360847161053,1,-0.008797156215973767,-0.0020102975815704527,0.004217283158148177,0.003058350100603624,1.250282147658921,-0.8765412329863831,1.7555798838161163,6.3958584702327625,3099.245662941462,3075.0765148254127,3071.6721657114863,3112.9747267473463,000300.SH
2011-07-20,3091.57,-0.1689642976162551,2,-0.0011501940144679201,-0.008797156215973767,-0.0020102975815704527,0.004217283158148177,-0.4725955734406373,-0.7110488773842127,3.046494032004854,6.2913861746969335,3097.850087861196,3076.647322937278,3072.4524729384866,3112.7617443916515,000300.SH
2011-07-21,3059.14,0.017769759493028392,3,-0.010489815854080708,-0.0011501940144679201,-0.008797156215973767,-0.0020102975815704527,-1.8168980181336836,-1.3715147919836967,0.4944006254742783,3.4321399228436134,3090.811890068251,3074.9799588480137,3071.930415176193,3112.2281946962125,000300.SH
2011-07-22,3067.99,-0.14365396536988995,4,0.00289296991965049,-0.010489815854080708,-0.0011501940144679201,-0.008797156215973767,-1.9463771497240212,-1.3247865996822372,0.5980818099844187,1.3384112807063309,3086.662455510387,3074.314248481536,3071.7758890908526,3111.7880136544595,000300.SH
2011-07-25,2968.29,0.5621779582195916,0,-0.032496846469512564,0.00289296991965049,-0.010489815854080708,-0.0011501940144679201,-4.941715237302247,-4.655002393028418,-4.922837430092441,-2.246014312578004,3065.1401908721346,3064.2167010071043,3067.7176189304273,3110.3601727225746,000300.SH
2011-07-26,2977.77,-0.36061980325266674,1,0.003193758022295601,-0.032496846469512564,0.00289296991965049,-0.010489815854080708,-3.7917631892683046,-2.58888877984631,-4.6350680544435585,-2.1027507372449294,3049.2547016226554,3055.983681863571,3064.190261325313,3109.040867521355,000300.SH
2011-07-27,3000.05,0.18533926491726915,2,0.007482109095061196,0.003193758022295601,-0.032496846469512564,0.00289296991965049,-2.960308192924632,-3.4189134808853106,-3.650307832135935,-0.003999773346174962,3040.3083922367177,3050.656664543231,3061.674956959614,3107.9563812773613,000300.SH
2011-07-28,2981.0,0.032893690862152436,3,-0.00634989416843057,0.007482109095061196,0.003193758022295601,-0.032496846469512564,-2.554312649960444,-4.324801412180057,-3.890794666116426,-2.0725405622041393,3029.525048193678,3044.0226964914946,3058.5112331572764,3106.6931337024625,000300.SH
2011-07-29,2972.08,-0.10416126937668302,4,-0.0029922844682992444,-0.00634989416843057,0.007482109095061196,0.003193758022295601,-3.1261509978846025,-5.011681458919936,-4.409522768061025,-2.5467661283711807,3019.0804939766454,3037.171011111352,3055.1217730334615,3105.3536995362692,000300.SH
2011-08-01,2977.72,-0.24200783542660687,0,0.001897660897418607,-0.0029922844682992444,-0.00634989416843057,0.007482109095061196,0.3176913306988105,-4.639723307500166,-4.35209960137608,-4.620785527133431,3011.56040416271,3031.5090100531283,3052.086409385091,3104.083712476207,000300.SH
2011-08-02,2956.38,0.17552505732575585,1,-0.007166556963045467,0.001897660897418607,-0.0029922844682992444,-0.00634989416843057,-0.7183227717385776,-4.482848862567968,-3.2886149739442705,-5.32009607686148,3001.5276034058534,3024.3538662385445,3048.3332168601855,3102.6140237948516,000300.SH
2011-08-03,2954.87,0.02392222201576133,2,-0.0005107597805424913,-0.007166556963045467,0.001897660897418607,-0.0029922844682992444,-1.5059749004183387,-4.421701594982497,-4.873400402414485,-5.101310012814297,2993.044402786607,3017.736355168207,3044.66799266959,3101.143934005848,000300.SH
2011-08-04,2960.31,-0.16651859762011434,3,0.0018410285393266612,-0.0005107597805424913,-0.007166556963045467,0.001897660897418607,-0.6940623951694036,-3.230646521571423,-4.988846987081763,-4.557852518635064,2987.0926931890417,3012.2671784855206,3041.359836094312,3099.7426013291733,000300.SH
2011-08-05,2897.42,0.457337804694542,4,-0.021244396701696755,0.0018410285393266612,-0.0005107597805424913,-0.007166556963045467,-2.5120454361928335,-5.5596661006065755,-7.397831179747449,-6.8107989888009035,2970.7885671546705,3001.32935196309,3035.715136639633,3097.729441116943,000300.SH
2011-08-08,2793.9,0.3893552824185649,0,-0.035728337624507334,-0.021244396701696755,0.0018410285393266612,-0.0005107597805424913,-6.173179479601831,-5.875099804938189,-10.526484339973097,-10.256616161453936,2938.6270094901847,2981.574175585653,3026.2321901047453,3094.7062625983667,000300.SH
2011-08-09,2798.19,-0.04828866886457328,1,0.0015354880274884852,-0.035728337624507334,-0.021244396701696755,0.0018410285393266612,-5.350800641324859,-6.030687393586476,-9.59378119820492,-8.463448384152617,2913.0930077646967,2964.1090160060667,3017.2893591202455,3091.7558520252487,000300.SH
2011-08-10,2824.12,-0.1390117268240555,2,0.009266704548297255,0.0015354880274884852,-0.035728337624507334,-0.021244396701696755,-4.424898557296942,-5.864235596073408,-8.650944342195077,-9.082655935613682,2896.9160972620243,2950.7767287673937,3009.7140901351377,3089.0928087215148,000300.SH
2011-08-11,2866.92,0.009381815891213563,3,0.015155163378326675,0.009266704548297255,0.0015354880274884852,-0.035728337624507334,-3.154737172796085,-3.8269037235826864,-6.283465287629852,-7.986199149482465,2891.462261396202,2942.7903736466897,3004.114321894544,3086.882134007868,000300.SH
2011-08-12,2875.37,-0.08286597340949187,4,0.002947413949464961,0.015155163378326675,0.009266704548297255,0.0015354880274884852,-0.7610218746333053,-3.2539500955559797,-6.278377700057691,-8.10255394085443,2888.536395687802,2936.3693856803384,2999.065524957503,3084.777535659531,000300.SH
2011-08-15,2917.88,-0.03757282519873151,0,0.014784184296281921,0.002947413949464961,0.015155163378326675,0.009266704548297255,4.437524607179921,-2.009591230874619,-1.6982841972987717,-6.556075065650413,2893.8715964718376,2934.6084918060205,2995.8817788807382,3083.116863662919,000300.SH
2011-08-16,2897.58,-0.059009302933788255,1,-0.006957105843969025,0.014784184296281921,0.002947413949464961,0.015155163378326675,3.5519389319524253,-1.9889188805228053,-2.6929547950311883,-6.382607515677863,2894.5458516587764,2931.081968776876,2992.026807159925,3081.270725716024,000300.SH
2011-08-17,2886.01,-0.27140338485925175,2,-0.00399298725143038,-0.006957105843969025,0.014784184296281921,0.002947413949464961,2.191479115618322,-2.3303901694490703,-3.801269978833688,-6.649048865139717,2892.993878629908,2926.7894003219353,2987.869285310516,3079.32783292283,000300.SH
2011-08-18,2834.25,0.09291950582273167,3,-0.01793479579072843,-0.00399298725143038,-0.006957105843969025,0.014784184296281921,-1.1395504583315952,-4.258337809215929,-4.922844682992289,-7.351412488477149,2882.3131734244703,2917.9761241007986,2981.844999612064,3076.889247520613,000300.SH
2011-08-19,2807.66,0.05806647763584216,4,-0.00938167063597073,-0.01793479579072843,-0.00399298725143038,-0.006957105843969025,-2.3548273787373453,-3.097928501908598,-5.532152566552718,-8.485360121773533,2868.7398691654757,2907.469826567389,2975.0142153135516,3074.2103495353335,000300.SH
2011-08-22,2777.79,-0.17146805232380513,0,-0.010638752555508835,-0.00938167063597073,-0.01793479579072843,-0.00399298725143038,-4.801088461485737,-0.5766133361967185,-6.714197439651814,-6.417836532144772,2852.203529317207,2895.119366894304,2967.2799323600793,3071.2608933210518,000300.SH
2011-08-23,2821.0,-0.0920495388989685,1,0.01555553155566125,-0.010638752555508835,-0.00938167063597073,-0.01793479579072843,-2.6428951055708527,0.8151698061961365,-4.5792489463465476,-5.264677930128925,2846.530160350442,2888.060379571037,2961.54346442439,3068.770735178554,000300.SH
2011-08-24,2810.02,0.15086415423526556,2,-0.003892236795462578,0.01555553155566125,-0.010638752555508835,-0.00938167063597073,-2.6330470095391245,-0.49927056923926294,-4.902076910320929,-6.334227762870626,2839.8919493776343,2880.6279624690337,2955.601367780296,3066.1961009976726,000300.SH
2011-08-25,2903.84,0.8060647909931813,3,0.033387662721261924,-0.003892236795462578,0.01555553155566125,-0.010638752555508835,2.4553232777630773,1.287793171766216,-1.907570490928312,-2.5883931566588303,2851.5188676726098,2882.838632710078,2953.571510220285,3064.580617405656,000300.SH
2011-08-26,2901.22,-0.31667075049283167,4,-0.0009022535676898036,0.033387662721261924,-0.003892236795462578,0.01555553155566125,3.3323123170184488,0.8990147354948963,0.13115116206832145,-2.3841888509057663,2860.5554371866806,2884.5892391186417,2951.5185098194897,3062.9551386255002,000300.SH
2011-08-29,2852.81,-0.03606647136570085,0,-0.016686083785441896,-0.0009022535676898036,0.033387662721261924,-0.003892236795462578,2.700708116884276,-2.230043730379594,2.1085221375138685,-4.194820198003835,2859.1471758800117,2881.5626449168662,2947.6475878657843,3060.8641422212663,000300.SH
2011-08-30,2841.74,-0.026594297957715174,1,-0.003880384603250908,-0.016686083785441896,-0.0009022535676898036,0.033387662721261924,0.7352002835873783,-1.9271253942945488,1.5563632205103817,-3.8777153139988862,2855.9822348109183,2877.770012067641,2943.4943491259496,3058.683802497672,000300.SH
2011-08-31,2846.78,-0.22528718260322744,2,0.00177356126880035,-0.003880384603250908,-0.016686083785441896,-0.0009022535676898036,1.3081757425214224,-1.3593161492856942,0.8023738368058142,-3.658028948820069,2854.309101208933,2874.818582346913,2939.701629552383,3056.5753069504317,000300.SH
2011-09-01,2834.54,-0.06593595562895915,3,-0.00429959462972207,0.00177356126880035,-0.003880384603250908,-0.016686083785441896,-2.3864951236982845,0.010231983769948272,-1.1294350731795855,-4.24854153787948,2850.714719170945,2870.9825268853024,2935.5776440797404,3054.3660004136113,000300.SH
2011-09-02,2803.85,-0.09057462028077279,4,-0.010827153612226303,-0.00429959462972207,0.00177356126880035,-0.003880384603250908,-3.356174299087966,-0.13570019161863733,-2.4873320650907527,-3.2294247986139446,2842.193861139864,2864.588952896226,2930.411854115829,3051.8733038920827,000300.SH
2011-09-05,2743.82,0.12764810422833106,0,-0.02140984717442085,-0.010827153612226303,-0.00429959462972207,0.00177356126880035,-3.820443702875398,-1.2229146191756635,-5.965289867986345,-1.7924764665879223,2824.3077045689797,2853.0871478584904,2923.094526503444,3048.808096888182,000300.SH
2011-09-06,2723.3,-0.06363707748351777,1,-0.007478624691124036,-0.02140984717442085,-0.010827153612226303,-0.00429959462972207,-4.167868981680223,-3.4633108826657155,-6.014674314427893,-2.676372941079763,2805.9426673746193,2840.726467110063,2915.259447032721,3045.5692103519814,000300.SH
2011-09-07,2779.09,0.0992641971196686,2,0.02048617486138138,-0.007478624691124036,-0.02140984717442085,-0.010827153612226303,-2.377774186976167,-1.1007039095807136,-3.7047688677447455,-1.5944789881449761,2801.0603642155975,2834.856327385295,2909.9194687177123,3042.9176759206184,000300.SH
2011-09-08,2756.11,-0.15869946243138877,3,-0.008268893774580843,0.02048617486138138,-0.007478624691124036,-0.02140984717442085,-2.7669392564578343,-5.087401509725053,-2.7569903854635203,-3.865123547221405,2792.887570721852,2827.356677158124,2903.8877248464296,3040.0638682000153,000300.SH
2011-09-09,2751.1,-0.02759773965825718,4,-0.0018177794064824226,-0.008268893774580843,0.02048617486138138,-0.007478624691124036,-1.881341726554564,-5.174374918137881,-2.01448893384526,-4.321878575626792,2785.289830590606,2820.094136476398,2897.8960493622562,3037.188605829866,000300.SH
2011-09-13,2720.28,-0.010339681555338043,1,-0.011202791610628315,-0.0018177794064824226,-0.008268893774580843,0.02048617486138138,-0.8579279981922983,-4.645595044885564,-2.070350890456074,-6.772039974227861,2773.4698613923138,2810.588028240551,2890.9307140931483,3034.035286368872,000300.SH
2011-09-14,2733.11,0.09402836886044441,2,0.0047164262502388254,-0.011202791610628315,-0.0018177794064824226,-0.008268893774580843,0.3602247273528425,-3.822657949003061,-3.11556185749734,-5.676115931225356,2766.131704775529,2803.209168408118,2884.7416664816524,3031.0410049124657,000300.SH
2011-09-15,2729.05,-0.010691627899332867,3,-0.00148548722883457,0.0047164262502388254,-0.011202791610628315,-0.0018177794064824226,-1.800589401566699,-4.135549638538983,-2.881474153208863,-5.43865059372629,2759.389576634524,2796.1463904644875,2878.6361109333525,3028.036119291446,000300.SH
2011-09-16,2733.99,-0.08500294243320927,4,0.0018101537164945114,-0.00148548722883457,0.0047164262502388254,-0.011202791610628315,-0.802580448530732,-3.5473127914935065,-5.849151468400471,-3.5374437681926496,2754.771471791883,2790.2267342297746,2872.963714426162,3025.1102872586957,000300.SH
2011-09-19,2679.27,-0.00041991789243589484,0,-0.02001470378457848,0.0018101537164945114,-0.00148548722883457,0.0047164262502388254,-2.610955617752897,-4.443176346808853,-7.6502299032820575,-4.572847139610914,2741.0439314660857,2779.659426207891,2865.367882487881,3021.66909037055,000300.SH
2011-09-20,2689.85,-0.08264220141520318,1,0.003948836810026668,-0.02001470378457848,0.0018101537164945114,-0.00148548722883457,-1.1186348464128804,-1.9669657630602688,-5.712262646303124,-3.1658260703652963,2731.735943926797,2771.1061475214256,2858.4848282726703,3018.3674078793006,000300.SH
2011-09-21,2771.01,1.1685756030849497,2,0.030172686209268385,0.003948836810026668,-0.02001470378457848,0.0018101537164945114,1.3866986692815164,1.7519186281349741,-2.488968026631555,-1.7720666430343757,2738.876681394652,2771.096990614623,2855.0544428502126,3015.906140139208,000300.SH
2011-09-22,2685.69,-0.19194985196923764,3,-0.030790217285394217,0.030172686209268385,0.003948836810026668,-0.02001470378457848,-1.5888312782836533,-3.360812352244802,-5.658674010636588,-4.424523668870684,2729.2063756865336,2762.9629915084683,2848.412699993342,3012.620407401505,000300.SH
2011-09-23,2669.48,-0.03889643178242663,4,-0.006035692875946186,-0.030790217285394217,0.030172686209268385,0.003948836810026668,-2.3595550824984657,-3.143198203264752,-5.823167074728175,-8.070692600143259,2718.3470346526183,2754.059849460043,2841.3957313661517,3009.20607498955,000300.SH
2011-09-26,2610.92,-0.11841511165720464,0,-0.021936856616269762,-0.006035692875946186,-0.030790217285394217,0.030172686209268385,-2.551068014795066,-5.095416378902984,-6.880895910979545,-10.006135349956214,2698.81484653396,2740.427482844801,2832.357467391009,3005.243029467266,000300.SH
2011-09-27,2637.88,-0.07886673472441796,1,0.010325862148208298,-0.021936856616269762,-0.006035692875946186,-0.030790217285394217,-1.9320779969143165,-3.0290999455938383,-3.861040447259667,-7.533975273502258,2687.7357835277853,2730.6610559072005,2824.730900042342,3001.5876759402286,000300.SH
2011-09-28,2610.59,-0.029634079875478836,2,-0.010345428905029763,0.010325862148208298,-0.021936856616269762,-0.006035692875946186,-5.789224867467102,-4.482805302384463,-4.138728748209896,-8.134100938157596,2673.709277431824,2719.225717249372,2816.3332176877407,2997.6971518015202,000300.SH
2011-09-29,2588.19,0.041790897979661956,3,-0.008580435840174094,-0.010345428905029763,0.010325862148208298,-0.021936856616269762,-3.6303519765870207,-5.161503087154873,-6.869155011172722,-9.083596203429845,2658.160317898765,2706.746125130384,2807.386424837241,2993.6224537736443,000300.SH
2011-09-30,2581.35,-0.1413975280957278,4,-0.0026427735212639636,-0.008580435840174094,-0.010345428905029763,0.010325862148208298,-3.301392031406869,-5.583048950435076,-6.34082093965771,-8.932313532354463,2644.194805553535,2694.8036370227283,2798.522251314212,2989.52024030326,000300.SH
2011-10-10,2557.08,-0.13055013670333093,0,-0.00940205706316466,-0.0026427735212639636,-0.008580435840174094,-0.010345428905029763,-2.0621083755917535,-4.560570603186687,-7.0524517465740955,-8.801112755675234,2628.3557499983467,2681.687100163421,2789.0539277332628,2985.217352340044,000300.SH
2011-10-11,2551.99,0.6841939047740844,1,-0.001990551723059175,-0.00940205706316466,-0.0026427735212639636,-0.008580435840174094,-3.256023776669159,-5.125192854620153,-6.186495507815382,-6.991347828939231,2614.4710681804654,2669.334995385952,2779.757303116272,2980.9066324162623,000300.SH
2011-10-12,2644.76,0.3250996785691762,2,0.03635202332297549,-0.001990551723059175,-0.00940205706316466,-0.0026427735212639636,1.3088995207979792,-4.556100483217307,-3.232581198707696,-2.8840010281643624,2619.978146693108,2666.994519634909,2774.463291229359,2977.5618898051553,000300.SH
2011-10-13,2662.6,-0.0985595523156152,3,0.006745413572498027,0.03635202332297549,-0.001990551723059175,-0.00940205706316466,2.874982130369097,-0.8597418168143078,-2.4349132481999325,-4.191659859882202,2627.727574567088,2666.575993955394,2770.0764954948745,2974.4279406528653,000300.SH
2011-10-14,2653.78,-0.34087895966593584,4,-0.00331255164125277,0.006745413572498027,0.03635202332297549,-0.001990551723059175,2.8058961396168813,-0.5881295233528538,-2.9338073657913744,-3.712841650006704,2632.4643791912536,2665.3573278644044,2765.5158486127225,2971.2374138802,000300.SH
2011-10-17,2666.95,0.020760200939220264,0,0.00496273240434375,-0.00331255164125277,0.006745413572498027,0.03635202332297549,4.2966977959234764,2.1459868552081263,-0.4598267438518766,-3.058776489404247,2638.734492065571,2665.5090109249372,2761.650521216145,2968.209678418706,000300.SH
2011-10-18,2592.21,0.035475656940570977,1,-0.028024522394495488,0.00496273240434375,-0.00331255164125277,0.006745413572498027,1.5760249844239294,-1.7313145404643127,-3.629942190084945,-4.707971238254894,2630.2754935081944,2658.5281527416096,2755.0057948939434,2964.4683880861817,000300.SH
2011-10-19,2583.08,-0.1860004106120401,2,-0.0035220911885996964,-0.028024522394495488,0.00496273240434375,-0.00331255164125277,-2.3321586835856722,-1.0537847766213804,-6.7820036737507365,-5.489350959163741,2621.6944946885224,2651.3426143852657,2748.263606858887,2960.673478751991,000300.SH
2011-10-20,2520.53,0.22714111207327914,3,-0.02421527788531508,-0.0035220911885996964,-0.028024522394495488,0.00496273240434375,-5.335762037106573,-2.6141821118233155,-6.14963007644217,-7.640754108572578,2603.3009501997003,2638.8842701580975,2739.3328771781466,2956.293941649981,000300.SH
2011-10-21,2507.88,-0.2618369635824773,4,-0.005018785731572328,-0.02421527788531508,-0.0035220911885996964,-0.028024522394495488,-5.49781820648283,-2.846185135684809,-6.053613437823091,-8.270330176774587,2585.9516865270275,2626.4076730001834,2730.256293759396,2951.8321113848074,000300.SH
2011-10-24,2576.67,0.514460458338762,0,0.027429542083353242,-0.005018785731572328,-0.02421527788531508,-0.0035220911885996964,-3.385140328840053,0.7661082171852351,-1.3117981401191914,-3.8294012921430087,2584.2641071584767,2621.6707517620707,2724.233301847263,2948.09915505262,000300.SH
2011-10-25,2625.43,0.30589492229677506,1,0.018923649516624064,0.027429542083353242,-0.005018785731572328,-0.02421527788531508,1.2815319746471099,2.8777542231748665,-0.471969915234971,-2.394929085264985,2591.7488149478445,2622.028775403778,2720.358662559135,2944.8885166938876,000300.SH
2011-10-26,2651.65,0.2085899231508066,2,0.009986935473427216,0.018923649516624064,0.027429542083353242,-0.005018785731572328,2.654582901032887,0.2605151318078036,1.5728245339176272,-4.307454682588663,2602.6399395027815,2624.849844412942,2717.664205203875,2941.970720507879,000300.SH
2011-10-27,2657.48,-0.31827631691727654,3,0.002198631041049781,0.009986935473427216,0.018923649516624064,0.027429542083353242,5.433381074615262,-0.19229324720198004,2.6771604866721477,-1.0503818385591779,2612.6108595931846,2627.9574782783757,2715.304040293919,2939.1399670699893,000300.SH
2011-10-28,2709.02,0.5380478372566251,4,0.01939431340969633,0.002198631041049781,0.009986935473427216,0.018923649516624064,8.020319951512821,2.081559134517552,4.945861661533701,1.4811873473485448,2630.1397942126055,2635.67771844234,2715.057607341216,2936.8502161538704,000300.SH
2011-10-31,2695.31,-0.2796099545155415,0,-0.005060870720777322,0.01939431340969633,0.002198631041049781,0.009986935473427216,4.604392491083442,1.0633870151296465,5.405775337494334,3.2321940159024454,2641.988922537586,2641.3569833525935,2714.2831913670507,2934.4468309185086,000300.SH
2011-11-01,2697.53,0.06749697748583938,1,0.0008236529378811142,-0.005060870720777322,0.01939431340969633,0.002198631041049781,2.7462168101987317,4.062942431361671,5.703000403606606,2.2612855778124885,2652.0873002580247,2646.7067944618702,2713.626203470304,2932.0894495163343,000300.SH
2011-11-02,2742.39,0.16515542574402597,2,0.016630028210992798,0.0008236529378811142,-0.005060870720777322,0.01939431340969633,3.42202025154148,6.16744351704166,3.6914502639180835,5.048667159530984,2668.5059729383834,2655.8194807035966,2714.7541954910766,2930.201892804729,000300.SH
2011-11-03,2744.3,0.3853672298395714,3,0.0006964727846878738,0.016630028210992798,0.0008236529378811142,-0.005060870720777322,3.267004831645015,8.877894728489633,3.0684293547660335,6.0316282807676425,2682.2867051314042,2664.2461968270636,2715.9128544914265,2928.3521227270703,000300.SH
2011-11-04,2763.75,-0.2983526983493835,4,0.00708741755638953,0.0006964727846878738,0.016630028210992798,0.0008236529378811142,2.020287779344554,10.20264127470214,4.143900398676603,7.06607007960951,2697.0982132893305,2673.7227495102006,2717.788820981959,2926.7142906601343,000300.SH
2011-11-07,2736.25,-0.24785376956252725,0,-0.00995024875621886,0.00708741755638953,0.0006964727846878738,0.016630028210992798,1.5189347422003507,6.193264950498123,2.598473912146848,7.006820279381176,2704.2167199639975,2679.6777257473245,2718.5127887865883,2924.8191235888894,000300.SH
2011-11-08,2727.71,0.0021559007025260257,1,-0.0031210598446779203,-0.00995024875621886,0.00708741755638953,0.0006964727846878738,1.1188012737578301,3.8957427926092247,5.227199956793616,6.8856069185224245,2708.488225425089,2684.252228057103,2718.873463736134,2922.85783877706,000300.SH
2011-11-09,2751.65,0.012938914958787073,2,0.008776592819617957,-0.0031210598446779203,-0.00995024875621886,0.00708741755638953,0.3376616746706418,3.77123677710105,6.525930284776327,4.041576551369497,2716.3358208023456,2690.671063480236,2720.158818099423,2921.1542781922135,000300.SH
2011-11-10,2699.59,0.06826384579068279,3,-0.018919557356495198,0.008776592819617957,-0.0031210598446779203,-0.00995024875621886,-1.6291950588492532,1.5845838915062416,7.1040614473939945,1.3892435964846461,2713.29112611101,2691.520486005928,2719.352197781799,2918.949658508709,000300.SH
2011-11-11,2695.0,-0.25234086220494856,4,-0.0017002581873544198,-0.018919557356495198,0.008776592819617957,-0.0031210598446779203,-2.487562189054726,-0.5175303246192309,7.4612820390130175,1.5532561101523124,2709.965466818099,2691.8518682910776,2718.3972096334933,2916.7213036976773,000300.SH
2011-11-14,2750.2,0.32561714606517556,0,0.020482374768088896,-0.0017002581873544198,-0.018919557356495198,0.008776592819617957,0.5098218364550045,2.0365004396525777,6.7346614040602715,3.121543336020549,2717.280836487535,2697.408833215737,2719.6443778831604,2915.0643753026757,000300.SH
2011-11-15,2744.68,-0.08479357238325314,1,-0.0020071267544178317,0.020482374768088896,-0.0017002581873544198,-0.018919557356495198,0.6221335845819409,1.7478952968085437,4.5421131014729,5.8818537078400235,2722.26250258071,2701.910849099953,2720.6261669857813,2913.369008384241,000300.SH
2011-11-16,2670.12,0.23123220281332313,2,-0.027165279741172,-0.0020071267544178317,0.020482374768088896,-0.0017002581873544198,-2.9629495030254693,-2.635292573266379,0.6965474327305543,3.369620762810288,2712.7820475660355,2698.8831491856718,2718.645532986339,2910.9486202411144,000300.SH
2011-11-17,2662.02,-0.3471663537571614,3,-0.003033571524875267,-0.027165279741172,-0.0020071267544178317,0.020482374768088896,-1.3916928126122885,-2.9982144809240996,0.17083853876604937,5.61350192221477,2703.5525843722107,2695.3723730727506,2716.42492384962,2908.4717185471727,000300.SH
2011-11-18,2606.5,0.19031614315100853,4,-0.020856342176242104,-0.003033571524875267,-0.027165279741172,-0.0020071267544178317,-3.2838589981447175,-5.689733152419718,-3.784394356630816,3.93240505925323,2685.9066599408998,2686.9083375420128,2712.1141425221836,2905.467024830286,000300.SH
2011-11-21,2609.69,-0.3064344682074187,0,0.0012238634183772135,-0.020856342176242104,-0.003033571524875267,-0.027165279741172,-5.109082975783574,-4.625308359981728,-3.1766290333950398,1.2814989890051809,2672.0490854061904,2679.554210157059,2708.0975094820983,2902.5239698568503,000300.SH
2011-11-22,2609.48,0.022817021492259393,1,-8.046932777461269e-05,0.0012238634183772135,-0.020856342176242104,-0.003033571524875267,-4.9258930002768935,-4.334405050390256,-3.2640971555460085,-0.6075195301341041,2660.67288805961,2672.880475856387,2704.230156169075,2899.608109460265,000300.SH
2011-11-23,2584.01,-0.02910865143316632,2,-0.009760565323359338,-8.046932777461269e-05,0.0012238634183772135,-0.020856342176242104,-3.2249486914445624,-6.092344593244048,-5.775254431353661,-2.5508645560311405,2646.734181139681,2664.4166210129215,2699.5156402408766,2896.467829764143,000300.SH
2011-11-24,2588.92,0.03023945558191321,3,0.0019001474452498002,-0.009760565323359338,-8.046932777461269e-05,0.0012238634183772135,-2.7460349659281236,-4.09951140728777,-5.6619174288525365,-2.57988771317188,2636.222511841557,2657.2264666307387,2695.178556309862,2893.4076523535546,000300.SH
2011-11-25,2569.97,-0.13749512850555556,4,-0.007319654527756847,0.0019001474452498002,-0.009760565323359338,-8.046932777461269e-05,-1.4014962593516311,-4.639332096474957,-7.0114880144731,-5.132852470635141,2624.176600597638,2648.9163269516207,2690.2684168467304,2890.1893672555093,000300.SH
2011-11-28,2573.32,0.06071315363207286,0,0.0013035171616790908,-0.007319654527756847,0.0019001474452498002,-0.009760565323359338,-1.3936521196004081,-6.431532252199823,-5.954499771585198,-4.5260099951397015,2614.929945943522,2641.716676765752,2685.6822044213686,2887.0364382280914,000300.SH
2011-11-29,2608.57,0.19818304195336878,1,0.013698257503924838,0.0013035171616790908,-0.007319654527756847,0.0019001474452498002,-0.03487284823029402,-4.959048049317216,-4.367766368125636,-3.297831720129152,2613.773592135609,2638.559850407109,2682.6581964048446,2884.2656278974637,000300.SH
2011-11-30,2521.52,0.2142808723535521,2,-0.03337077402561561,0.013698257503924838,0.0013035171616790908,-0.007319654527756847,-2.4183342943719377,-5.565292945635402,-8.363345628986252,-8.053923767224935,2597.0002117473164,2627.413197987384,2676.339051447792,2880.656218664653,000300.SH
2011-12-01,2583.61,0.5580742169033412,3,0.024624036295567864,-0.03337077402561561,0.013698257503924838,0.0013035171616790908,-0.2051048313582493,-2.945507546900472,-4.296207942687591,-5.855409394016686,2594.565627793259,2623.2414648457284,2672.7026180576827,2877.7005348968455,000300.SH
2011-12-02,2557.31,-0.49856357396524487,4,-0.010179554963791082,0.024624036295567864,-0.03337077402561561,0.013698257503924838,-0.49261275423447826,-1.8872050642624205,-5.109090909090908,-7.469561284486659,2587.7918772853936,2616.9622777175637,2668.1774173495387,2874.512569375484,000300.SH
2011-12-05,2521.39,-0.012617121949131116,0,-0.014046009283192107,-0.010179554963791082,0.024624036295567864,-0.03337077402561561,-2.0180156373867386,-3.3835436392828377,-8.319758563013602,-7.852352672453177,2575.718808688049,2607.8601560301768,2662.4210480417137,2870.998911968763,000300.SH
2011-12-06,2516.34,-0.19661080191621794,1,-0.002002863499894758,-0.014046009283192107,-0.010179554963791082,0.024624036295567864,-3.535653633983371,-3.5692934990879333,-8.319366920733916,-7.748990911790477,2564.922661653858,2599.143950693969,2656.692379491058,2867.469967571064,000300.SH
2011-12-07,2528.23,-0.10935413177940423,2,0.00472511663765629,-0.002002863499894758,-0.014046009283192107,-0.010179554963791082,0.2661093308797824,-2.158660376701338,-5.313993378574744,-8.11949194119892,2558.2512686258838,2592.390241104067,2651.6546391188594,2864.0944455056806,000300.SH
2011-12-08,2525.0,0.18818813735585427,3,-0.0012775736384743608,0.00472511663765629,-0.002002863499894758,-0.014046009283192107,-2.268531241170302,-2.4689832053520377,-5.147219029158312,-6.46727836449239,2552.2055834211774,2585.9721229036795,2646.687790525963,2860.720371421047,000300.SH
2011-12-09,2503.46,-0.08499020244450439,4,-0.008530693069306872,-0.0012775736384743608,0.00472511663765629,-0.002002863499894758,-2.1057282847992576,-2.58796795293329,-3.9531939382313475,-7.107235621521335,2543.342750071872,2578.1138254842813,2641.0710144269055,2857.1655418546684,000300.SH
2011-12-12,2477.69,-0.1678674770108537,0,-0.010293753445231757,-0.008530693069306872,-0.0012775736384743608,0.00472511663765629,-1.7331709890179514,-3.716210964823652,-5.058072031543981,-9.90873391026107,2531.4058864224407,2568.5496516286357,2634.6639158219286,2853.389665816314,000300.SH
2011-12-13,2421.93,0.5692669586102932,1,-0.022504833130859936,-0.010293753445231757,-0.008530693069306872,-0.0012775736384743608,-3.75187772717519,-7.154877959955086,-7.1872556984533436,-11.759112173368113,2511.5011798001788,2554.5858752830513,2626.321409319108,2849.0965348131667,000300.SH
2011-12-14,2397.48,-0.28601692559022396,2,-0.010095254610992033,-0.022504833130859936,-0.010293753445231757,-0.008530693069306872,-5.171602267198794,-4.919255052508009,-7.2186253149175155,-10.21077704372837,2490.770056200146,2539.62341097038,2617.3472364046333,2844.6028379493546,000300.SH
2011-12-15,2340.79,0.427168333571192,3,-0.023645661277674868,-0.010095254610992033,-0.022504833130859936,-0.010293753445231757,-7.2954455445544575,-9.398477324363974,-9.584305424655849,-12.067152012381577,2463.5009550728464,2520.6868956398675,2606.501854584844,2839.589774885182,000300.SH
2011-12-16,2390.13,-0.007325577279324258,4,0.021078353889071755,-0.023645661277674868,-0.010095254610992033,-0.022504833130859936,-4.5269347223442775,-6.5373380622607336,-6.997747055413084,-8.301170151544213,2450.160781423238,2508.2529055789278,2598.0166838168107,2835.1175383191608,000300.SH
2011-12-19,2384.41,0.001762447826374025,0,-0.00239317526661742,0.021078353889071755,-0.023645661277674868,-0.010095254610992033,-3.764797048864066,-5.432717667635711,-7.341100212954488,-8.63244293383506,2438.2060938917402,2496.4583431428396,2589.639951118112,2830.632886196582,000300.SH
2011-12-20,2377.07,-0.11105184986549055,1,-0.0030783296496825763,-0.00239317526661742,0.021078353889071755,-0.023645661277674868,-1.8522418071537872,-5.534625686512951,-8.874594126283753,-8.906372150773334,2427.0904404568782,2485.0880247482833,2581.3038746036764,2826.1198226523375,000300.SH
2011-12-21,2339.11,0.03170684664735246,2,-0.015969239441833816,-0.0030783296496825763,-0.00239317526661742,0.021078353889071755,-2.4346397050236,-7.480332090039276,-7.23412862083187,-9.477517501867261,2411.0939967374457,2471.1853557246372,2571.8060755996107,2821.2739537702246,000300.SH
2011-12-22,2341.34,0.03000274275305137,3,0.00095335405346475,-0.015969239441833816,-0.0030783296496825763,-0.00239317526661742,0.0234963409789124,-7.273663366336624,-9.377189281664023,-9.56306104475998,2398.4114518760916,2458.81913136991,2562.768190281979,2816.4984915436553,000300.SH
2011-12-23,2359.16,-0.06076721768189253,4,0.007611026164503931,0.00095335405346475,-0.015969239441833816,-0.0030783296496825763,-1.2957454197052187,-5.764022592731665,-7.7483762234535565,-8.202819488165225,2391.2748242622565,2449.3277855251563,2554.78355536896,2811.947859787002,000300.SH
2011-12-26,2335.7,-0.16306255704556627,0,-0.009944217433323743,0.007611026164503931,0.00095335405346475,-0.015969239441833816,-2.042853368338504,-5.730741133878747,-7.364588580108588,-9.233985668319534,2381.170310760028,2438.5060916656175,2546.1920433937066,2807.2090751125047,000300.SH
2011-12-27,2305.04,0.06966670062177815,1,-0.013126685790127102,-0.009944217433323743,0.007611026164503931,0.00095335405346475,-3.0302010458253315,-4.826316202367531,-8.397116446903052,-11.635877128081674,2367.3284360763864,2425.795035316511,2536.7351005155224,2802.212367897455,000300.SH
2011-12-28,2307.93,0.07701566492462564,2,0.0012537743379723576,-0.013126685790127102,-0.009944217433323743,0.007611026164503931,-1.3329856227368708,-3.735171930527059,-8.71360596148294,-8.47068434912276,2356.528720426134,2414.569793857796,2527.762351475698,2797.2941353810625,000300.SH
2011-12-29,2311.36,-0.06834604343313821,3,0.0014861802567669447,0.0012537743379723576,-0.013126685790127102,-0.009944217433323743,-1.280463324421055,-1.2572678454709663,-8.46099009900989,-10.537581136471841,2348.3162258032007,2404.740289680863,2519.2759847511606,2792.458969854883,000300.SH
2011-12-30,2345.74,0.20449549691047642,4,0.014874359684341476,0.0014861802567669447,0.0012537743379723576,-0.013126685790127102,-0.5688465385984887,-1.8572211553346651,-6.30008068832737,-8.273146392107334,2347.8478211117094,2399.1212144731617,2512.470652015821,2788.0140049807055,000300.SH
2012-01-04,2298.75,0.0064858718306441965,2,-0.02003205811385733,0.014874359684341476,0.0014861802567669447,0.0012537743379723576,-1.5819668621826377,-3.592502967191036,-7.222049570365952,-8.83005009141783,2338.9209445459437,2389.562051190004,2504.0894499759847,2783.1457064236834,000300.SH
2012-01-05,2276.39,0.15542903457052026,3,-0.009727025557368152,-0.02003205811385733,0.014874359684341476,0.0014861802567669447,-1.2429285392010603,-4.23546635143266,-6.009257080097274,-9.5356748293156,2327.5516819012264,2378.7837606004796,2495.1600597808483,2778.1033610861346,000300.SH
2012-01-06,2290.6,-0.1741959071902499,4,0.006242339845105693,-0.009727025557368152,-0.02003205811385733,0.014874359684341476,-0.7508893250661841,-2.0738657010572537,-4.458014248294051,-9.399065749556012,2320.8331942828213,2370.385307209958,2487.138096652188,2773.252581373835,000300.SH
2012-01-09,2368.57,0.6563445965425285,0,0.03403911638871926,0.006242339845105693,-0.009727025557368152,-0.02003205811385733,2.4751661359545984,1.1630092169441442,1.1867788225342846,-6.195247524752467,2329.5126135041264,2370.2124208090095,2482.48836737171,2769.225889021857,000300.SH
2012-01-10,2447.35,0.46176949318089067,1,0.03326057494606438,0.03403911638871926,0.006242339845105693,-0.009727025557368152,4.331682113107171,3.7381949507451884,2.3940120411860333,-2.241298043507789,2350.9375928670124,2377.5588569224374,2481.1103921806625,2766.0231438574606,000300.SH
2012-01-11,2435.61,-0.23471278616266278,2,-0.00479702535395421,0.03326057494606438,0.03403911638871926,0.006242339845105693,5.953670473083195,4.277518516932832,2.1472817174898795,-1.6983561301050498,2366.332575982101,2383.0875372155383,2479.3260630755385,2762.7354508837548,000300.SH
2012-01-12,2435.22,-0.16861050073262773,3,-0.00016012415780863876,-0.00479702535395421,0.03326057494606438,0.03403911638871926,6.977275422928408,5.6476243362371115,2.446288918710837,0.5487359254809254,2378.8575621671735,2388.052533671201,2477.5964135431645,2759.4765906759562,000300.SH
2012-01-13,2394.33,-0.013556915463890151,4,-0.016791090743341397,-0.00016012415780863876,-0.00479702535395421,0.03326057494606438,4.528507814546412,3.7436144077160005,2.3607269431535904,-0.13138795735522235,2381.670732682233,2388.650387607277,2474.3310639924525,2755.843291266245,000300.SH
2012-01-16,2345.65,-0.2714037800185227,0,-0.020331366185947553,-0.016791090743341397,-0.00016012415780863876,-0.00479702535395421,-0.9676724774864143,1.4835421569984852,0.1840826193547196,0.20762221301355854,2375.1215085581907,2384.5551125970605,2469.2847477574546,2751.761765980014,000300.SH
2012-01-17,2460.6,0.8693228992754805,1,0.04900560612197036,-0.020331366185947553,-0.016791090743341397,-0.00016012415780863876,0.5414019245306045,4.896535847962702,4.299835534681828,2.948375192981123,2390.6630524567013,2391.797482825912,2468.944169414025,2748.864633980213,000300.SH
2012-01-18,2422.19,0.042514527596408946,2,-0.015610013817767943,0.04900560612197036,-0.020331366185947553,-0.016791090743341397,-0.5509913327667482,5.3698749320282735,3.7029584278803096,1.5844590485696752,2396.395224737301,2394.692008271063,2467.1106725742593,2745.6141401097634,000300.SH
2012-01-19,2468.35,-0.15928086438715605,3,0.019057134246281304,-0.015610013817767943,0.04900560612197036,-0.020331366185947553,1.3604520330811942,8.432649941354509,7.084909589421429,3.840021539121685,2409.4779111487005,2401.7070551023908,2467.1592736497787,2742.8552929444922,000300.SH
2012-01-20,2504.09,0.01945505000651848,4,0.014479308039783811,0.019057134246281304,-0.015610013817767943,0.04900560612197036,4.584163419411702,9.320265432637754,8.499391229370046,7.053109943525526,2426.680109121664,2411.457811759306,2468.6075374282186,2740.479518885343,000300.SH
2012-01-30,2460.72,-0.22103009892390502,0,-0.017319665028014297,0.014479308039783811,0.019057134246281304,-0.015610013817767943,4.90567646494573,3.890533106473515,6.461996400387626,5.098789582034202,2432.869180190452,2416.14944873461,2468.298222234955,2737.695842080514,000300.SH
2012-01-31,2464.26,-0.26974581027984923,1,0.0014386033356093009,-0.017319665028014297,0.014479308039783811,0.019057134246281304,0.14874420872958982,0.6909514372688941,5.052563370194507,4.454975499754155,2438.5766019740063,2420.731405997981,2468.139860578682,2734.975087432947,000300.SH
2012-02-01,2428.99,0.15471248202659016,2,-0.014312613117122508,0.0014386033356093009,-0.017319665028014297,0.014479308039783811,0.2807376795379346,-0.27180049351087643,5.665687873844472,3.994091706982905,2436.833583433278,2421.517938760078,2466.6045719285376,2731.930459697296,000300.SH
2012-02-02,2486.24,0.1688388951990234,3,0.023569467144780365,-0.014312613117122508,0.0014386033356093009,-0.017319665028014297,0.724775659853738,2.095087918134708,9.218543395463863,7.861034949501944,2445.816568263591,2427.6819445924516,2467.3745887156538,2729.4857785062786,000300.SH
2012-02-03,2506.09,0.1672734087863088,4,0.007983943625716083,0.023569467144780365,-0.014312613117122508,0.0014386033356093009,0.0798693337699552,4.667694093963659,9.407578800314331,8.586048970289406,2456.7753740338467,2435.1493784407894,2468.8928401385697,2727.2629349390522,000300.SH
2012-02-06,2504.32,-0.07699900305877494,0,-0.0007062795031304026,0.007983943625716083,0.023569467144780365,-0.014312613117122508,1.7718391365129094,6.764436296975251,5.731306231185895,8.348331718122658,2465.4198514822383,2441.737056684524,2470.282140525292,2725.044597277967,000300.SH
2012-02-07,2457.95,-0.15790912869424445,1,-0.018516004344492853,-0.0007062795031304026,0.007983943625716083,0.023569467144780365,-0.2560606429516499,-0.10769730959928614,0.4331215396244925,4.7835651009915825,2464.0616966672856,2443.281146524093,2469.798527171359,2722.3869395936094,000300.SH
2012-02-08,2528.24,0.5417115032417219,2,0.028597001566345925,-0.018516004344492853,-0.0007062795031304026,0.007983943625716083,4.08606046134401,4.3782692522056355,3.8031540353340443,9.9832517672648,2475.7304790914154,2451.3724659027507,2472.0903496352275,2720.4551292493948,000300.SH
2012-02-09,2529.23,0.028108606249608092,3,0.0003915767490429989,0.028597001566345925,-0.018516004344492853,-0.0007062795031304026,1.7291170602999006,2.4664249397370774,3.8604315010553503,11.107059862325874,2485.457664711158,2458.787469150108,2474.3311202377677,2718.5523916449233,000300.SH
2012-02-10,2533.62,-0.0540014917373729,4,0.0017357061239982041,0.0003915767490429989,0.028597001566345925,-0.018516004344492853,1.0985239955468407,1.179270713113345,5.817493829171405,10.609447306382602,2494.2144529454927,2465.9143768500976,2476.6561743460907,2716.712268344974,000300.SH
2012-02-13,2531.98,-0.09573396271298706,0,-0.0006472951744933564,0.0017357061239982041,0.0003915767490429989,0.028597001566345925,1.1044914387937643,2.895900386878636,7.943640355551773,6.899099456634161,2501.0809160463123,2472.206340959612,2478.8257361364404,2714.874136321641,000300.SH
2012-02-14,2522.11,-0.19451787699267287,1,-0.0038981350563590533,-0.0006472951744933564,0.0017357061239982041,0.0003915767490429989,2.610305335747287,2.3475607281699062,2.4997967975290747,3.0547326700308686,2504.9043858560735,2476.9590703920303,2480.5231582487368,2712.956085213963,000300.SH
2012-02-15,2549.61,0.3819145597991751,2,0.01090356883720367,-0.0038981350563590533,-0.0006472951744933564,0.0017357061239982041,0.845252033034849,4.965850003499406,5.260528695106492,4.680552305172014,2513.032679336787,2483.8782065451705,2483.2324461605513,2711.3307510327295,000300.SH
2012-02-16,2536.07,-0.08700019976038686,3,-0.005310616133447854,0.01090356883720367,-0.0038981350563590533,-0.0006472951744933564,0.2704380384543903,2.0042312890147462,2.7435331294184406,4.141309614737088,2517.2212830937347,2488.8488535408687,2485.3045070954317,2709.586862962752,000300.SH
2012-02-17,2537.09,-0.26660857494059254,4,0.00040219710023770006,-0.005310616133447854,0.01090356883720367,-0.0038981350563590533,0.1369581863104985,1.236986700397824,1.3178440072042052,5.962419549519082,2520.833777076692,2493.4432484417384,2487.3353107387484,2707.8704762666057,000300.SH
2012-02-20,2540.71,0.40266226704236496,0,0.001426831527458594,0.00040219710023770006,-0.005310616133447854,0.01090356883720367,0.3447894533132212,1.4530890621006876,3.250674599304282,8.315818643020044,2524.4476357900207,2497.9448438282398,2489.428435807817,2706.2071879455452,000300.SH
2012-02-21,2562.45,-0.1584291222509825,1,0.008556663294905675,0.001426831527458594,0.00040219710023770006,-0.005310616133447854,1.5994544250647058,4.251510405012304,3.9845633171824213,4.139234333089492,2531.3571565554716,2504.088192035074,2492.2920265604516,2704.7767681649925,000300.SH
2012-02-22,2597.48,0.6001809531048365,2,0.013670510644110179,0.008556663294905675,0.001426831527458594,0.00040219710023770006,1.8775420554516087,2.7386640508812565,6.936627981177379,7.236839389147831,2543.379491727204,2512.9826499364954,2496.4170451267087,2703.7091386310126,000300.SH
2012-02-23,2606.26,-0.04985121394010428,3,0.0033801992700617234,0.013670510644110179,0.008556663294905675,0.001426831527458594,2.7676680848714774,3.0455909506055256,4.827369843619289,5.58713310511072,2554.8123114131668,2521.8662070854007,2500.724611984485,2702.7394954605547,000300.SH
2012-02-24,2648.02,0.2127266960639751,4,0.01602296010375004,0.0033801992700617234,0.013670510644110179,0.008556663294905675,4.37233208124268,4.515278534271117,5.663403947982704,5.747796604754618,2571.7591638835,2533.880854029648,2506.5009017105835,2702.1950228689075,000300.SH
2012-02-27,2656.57,0.21135454995774428,0,0.0032288275768310726,0.01602296010375004,0.0033801992700617234,0.013670510644110179,4.5601426372942955,4.920654981476957,6.079494633273708,7.959052635001163,2587.179315904682,2545.565534598253,2512.3859643886,2701.741042541854,000300.SH
2012-02-28,2662.46,-0.27615170158566293,1,0.0022171446639840386,0.0032288275768310726,0.01602296010375004,0.0033801992700617234,3.9029054225448334,5.564785041096543,8.320348257694432,8.042982477498306,2600.8667130129215,2556.698340826991,2518.2712206870865,2701.3501863971587,000300.SH
2012-02-29,2634.14,-0.1597894397384898,2,-0.01063677951969233,0.0022171446639840386,0.0032288275768310726,0.01602296010375004,1.411367941235353,3.3154090233408207,4.188684618548866,8.445897265941827,2606.916401556027,2564.073736938706,2522.815094385632,2700.681428323555,000300.SH
2012-03-01,2633.35,-0.28286825077433264,3,-0.0002999081294084993,-0.01063677951969233,0.0022171446639840386,0.0032288275768310726,1.0394204722475875,3.8358562657970774,4.116667918694628,5.91696698629256,2611.722510364022,2570.671476277877,2527.149796566588,2700.011463862624,000300.SH
2012-03-02,2679.93,0.43971874349799056,4,0.017688495642432578,-0.0002999081294084993,-0.01063677951969233,0.0022171446639840386,1.2050513213646363,5.630072248126772,5.774741279276285,6.936702193456723,2624.123872116018,2581.0770499656983,2533.1411770933887,2699.811648301802,000300.SH
2012-03-05,2662.7,0.11931144065108046,0,-0.006429272406368813,0.017688495642432578,-0.0002999081294084993,-0.01063677951969233,0.23074867215995276,4.801413778038421,5.162757999668233,6.324271658573966,2631.137713549469,2588.8506642546795,2538.221915246589,2699.4423781694463,000300.SH
2012-03-06,2621.05,-0.08163844015853117,1,-0.015642017501032668,-0.006429272406368813,0.017688495642432578,-0.0002999081294084993,-1.5553285307572606,2.286873890222263,3.9229058209197865,6.635610976626882,2629.303583813202,2591.9172676589956,2541.4700754329974,2698.662354506069,000300.SH
2012-03-07,2603.01,-0.0814678495614396,2,-0.006882737834074115,-0.015642017501032668,-0.006429272406368813,0.017688495642432578,-1.1817898820867367,0.21289865562006405,2.0944379728664364,2.957393285447596,2624.5229322108016,2592.9737183581387,2543.883405808174,2697.710589784616,000300.SH
2012-03-08,2635.79,0.019220378952454764,3,0.01259311335722857,-0.006882737834074115,-0.015642017501032668,-0.006429272406368813,0.09265764140733435,1.1330412161488113,3.932068121148058,4.21313996749999,2626.571489990656,2597.051459466887,2547.4875859725594,2697.0944645131276,000300.SH
2012-03-09,2664.3,0.023341868494396012,4,0.010816491450381216,0.01259311335722857,-0.006882737834074115,-0.015642017501032668,-0.583224188691478,0.6147989818808153,5.014012116243416,5.157837402609711,2633.431219083264,2603.456082374803,2552.0684649540276,2696.768151433395,000300.SH
2012-03-12,2654.4,0.12740784895390522,0,-0.003715797770521334,0.010816491450381216,0.01259311335722857,-0.006882737834074115,-0.3117136740901971,-0.08168427709415171,4.474733440652412,4.834951302932877,2637.243724704488,2608.3078840533935,2556.0814663283795,2696.3465777872916,000300.SH
2012-03-13,2681.07,-0.10673908161742263,1,0.010047468354430489,-0.003715797770521334,0.010816491450381216,0.01259311335722857,2.289921977833309,0.6989776372227308,4.629163495873101,6.3026592813160365,2645.212138394581,2615.237609381642,2560.9829774527566,2696.1945720381646,000300.SH
2012-03-14,2605.11,0.762469260765055,2,-0.02833197193657755,0.010047468354430489,-0.003715797770521334,0.010816491450381216,0.0806758329779722,-1.1020674679401932,0.2937462463618701,2.176803511125236,2637.920840504657,2614.2730751548193,2562.7134489251976,2695.2882578885315,000300.SH
2012-03-15,2585.55,-0.34196702932625533,3,-0.007508320186095818,-0.02833197193657755,0.010047468354430489,-0.003715797770521334,-1.9060699069349152,-1.815178384946925,-0.7946252484402949,1.9510502470357682,2628.39886950381,2611.5375441876936,2563.608999947739,2694.1963349244666,000300.SH
2012-03-16,2623.52,-0.12448864442438912,4,0.014685463441047375,-0.007508320186095818,-0.02833197193657755,0.010047468354430489,-1.530608414968293,-2.1049057251495307,-0.9252195980392952,3.406658809896368,2627.511802321299,2612.6787304555323,2565.958450930181,2693.4930878107907,000300.SH
2012-03-19,2630.01,0.02004571559373769,0,0.002473775690675195,0.014685463441047375,-0.007508320186095818,-0.02833197193657755,-0.918851717902347,-1.2277012055432301,-0.9997854376131654,3.514765557659083,2627.966020081063,2614.3293275550054,2568.470276383899,2692.8614152952605,000300.SH
2012-03-20,2584.45,-0.06598633741032855,1,-0.017323128048942982,0.002473775690675195,0.014685463441047375,-0.007508320186095818,-3.6037850559664686,-1.3963869441636079,-2.9299970703785316,0.8585533376261001,2620.0540164299605,2611.4836773116713,2569.0969322119818,2691.782694745059,000300.SH
2012-03-21,2587.79,0.03751877806205739,2,0.0012923445994312832,-0.017323128048942982,0.002473775690675195,0.014685463441047375,-0.6648471657626831,-0.5847077037737125,-1.7595875693774743,-0.37305388299428976,2614.187831624513,2609.2271366153213,2569.8299936938647,2690.747941563516,000300.SH
2012-03-22,2583.75,-0.24836040298211082,3,-0.0015611776844334235,0.0012923445994312832,-0.017323128048942982,0.002473775690675195,-0.0696176828914652,-1.9743606281228732,-1.883532382706432,-0.8636897316461223,2608.653680420056,2606.800742651957,2570.3758762941056,2689.6832854285562,000300.SH
2012-03-23,2552.94,-0.04595523421790981,4,-0.011924528301886728,-0.0015611776844334235,0.0012923445994312832,-0.017323128048942982,-2.690278709520033,-4.179709492174311,-4.738556604090394,-3.590607321696959,2598.5239203436818,2601.6711481136754,2569.692116439435,2688.3226557227995,000300.SH
2012-03-26,2555.44,-0.23960939872552,0,0.0009792631240843619,-0.011924528301886728,-0.0015611776844334235,0.0012923445994312832,-2.8353504359299064,-3.728149487643162,-4.028242009989846,-3.8067884527793416,2590.6904802811937,2597.268181626659,2569.133209912398,2687.000440242971,000300.SH
2012-03-27,2547.14,0.3036167490874304,1,-0.0032479729518205547,0.0009792631240843619,-0.011924528301886728,-0.0015611776844334235,-1.4436340420592386,-4.995393630155132,-2.8198622689380337,-4.33133267729845,2582.772211139158,2592.4940690907865,2568.2707310923042,2685.608794071399,000300.SH
2012-03-28,2474.9,0.160338993207223,2,-0.028361220820213973,-0.0032479729518205547,0.0009792631240843619,-0.011924528301886728,-4.362409623655705,-4.998253432676547,-4.921609982289743,-6.0452367755700065,2563.159081841129,2581.2946339392834,2564.609133794567,2683.512189155266,000300.SH
2012-03-29,2443.12,-0.1153231537319589,3,-0.01284092286557037,-0.028361220820213973,-0.0032479729518205547,0.0009792631240843619,-5.442864054184815,-5.508692541238824,-7.309762917379614,-7.223878329883993,2541.3337942336507,2568.1351449926847,2559.8448540379172,2681.120227074119,000300.SH
2012-03-30,2454.9,-0.1955097057445182,4,0.004821703395658128,-0.01284092286557037,-0.028361220820213973,-0.0032479729518205547,-3.840278267409336,-6.427242788314935,-7.859475284314832,-8.396861112043963,2525.6185589184415,2557.350845469572,2555.7293695658423,2678.8692795410434,000300.SH
2012-04-05,2512.83,0.4831393872314942,3,0.02359770255407545,0.004821703395658128,-0.01284092286557037,-0.028361220820213973,-1.667423222615283,-4.455496366933975,-5.333408679927675,-5.628497389867427,2523.2933663878157,2553.1107649486603,2554.047041347574,2677.2171474063066,000300.SH
2012-04-06,2519.83,-0.18676912831059045,4,0.0027857037682612606,0.02359770255407545,0.004821703395658128,-0.01284092286557037,-1.0721829188815701,-2.500338563330684,-6.014016791803279,-3.861811106236057,2522.6636634082124,2549.941168286883,2552.705196588846,2675.6511061385822,000300.SH
2012-04-09,2495.15,-0.1912194594961003,0,-0.009794311521015286,0.0027857037682612606,0.02359770255407545,0.004821703395658128,0.8182148773687725,-3.579888630839434,-4.220935008502524,-4.143664450002116,2517.6611791521736,2544.7229617833705,2550.44813005595,2673.855075231731,000300.SH
2012-04-10,2519.79,0.15411116858626417,1,0.009875157806143786,-0.009794311521015286,0.0027857037682612606,0.02359770255407545,3.1382003339991416,-2.4754716981132074,-2.5433660149678072,-4.400957587668208,2518.0482374881417,2542.348393994478,2549.245850445913,2672.32208940853,000300.SH
2012-04-11,2520.04,-0.009913802004909544,2,9.921461709105905e-05,0.009875157806143786,-0.009794311521015286,0.0027857037682612606,2.653468573057971,-1.288710271295057,-3.94431908275904,-5.414555417933419,2518.410376126661,2540.223785042623,2548.1005229774464,2670.806844737798,000300.SH
2012-04-12,2570.44,0.36465062100055956,3,0.01999968254472151,9.921461709105905e-05,0.009875157806143786,-0.009794311521015286,2.2926342012790313,0.5869830635820028,-2.265010399200007,-3.1630500301386366,2527.8703077399955,2543.1015198004684,2548.9765808998995,2669.80816966578,000300.SH
2012-04-13,2580.45,0.039572567959897276,4,0.003894274910132056,0.01999968254472151,9.921461709105905e-05,0.009875157806143786,2.4057178460451745,1.307741231341808,-0.15477180831511284,-3.7529792209826773,2537.430251787269,2546.6585179147096,2550.210832629315,2668.919033649205,000300.SH
2012-04-16,2574.04,-0.3108950320375591,0,-0.002484062857253555,0.003894274910132056,0.01999968254472151,9.921461709105905e-05,3.1617337635011955,4.0058184169057265,-0.5313414148752416,-1.1926559723006047,2544.0865696441288,2549.2662781133085,2551.145309781107,2667.974963662646,000300.SH
2012-04-17,2541.88,-0.101342625547587,1,-0.012493978337554945,-0.002484062857253555,0.003894274910132056,0.01999968254472151,0.8766603566170206,4.04237204885558,-1.6205128205128205,-1.689002339927681,2543.6853751633776,2548.562823054898,2550.7819642994946,2666.7202874072964,000300.SH
2012-04-18,2599.91,0.5487465958680271,2,0.022829559223881413,-0.012493978337554945,-0.002484062857253555,0.003894274910132056,3.1693941366010003,5.906961587030013,1.8398395575297322,-0.8999359638958371,2553.908034224581,2553.4530303830034,2552.7085539348086,2666.0555084281195,000300.SH
2012-04-19,2596.06,-0.06482504256581889,3,-0.0014808204899400268,0.022829559223881413,-0.012493978337554945,-0.002484062857253555,0.996716515460383,3.3122017804626758,1.5895501361800735,-1.290869616465351,2561.57202800193,2557.5108370131934,2554.408610643248,2665.3590357074418,000300.SH
2012-04-20,2626.84,0.14982059134691683,4,0.011856428587937229,-0.0014808204899400268,0.022829559223881413,-0.012493978337554945,1.7977484547269107,4.246715056174444,3.128999583847003,1.6401942386194523,2573.438932001579,2564.113614440508,2557.249057284689,2664.975761720303,000300.SH
2012-04-23,2606.04,-0.027509987089124888,0,-0.007918259201169509,0.011856428587937229,-0.0014808204899400268,0.022829559223881413,1.2431819241348174,4.4442217902731285,5.298799951513189,0.7052349688344117,2579.366398910383,2568.1066035414124,2559.16242758725,2664.389336230549,000300.SH
2012-04-24,2604.87,0.17844135905641578,1,-0.00044895703826497435,-0.007918259201169509,0.011856428587937229,-0.0014808204899400268,2.4780870851495607,3.3764718488445533,6.620632633681511,0.8174165457184301,2584.003417290313,2571.607879394611,2560.954881407358,2663.79710402925,000300.SH
2012-04-25,2625.99,-0.13152403175316207,2,0.008107890221008995,-0.00044895703826497435,-0.007918259201169509,0.011856428587937229,1.0031116461723721,4.204298344470714,6.9693266528167985,2.861406848574566,2591.6373414193467,2576.7871289760765,2563.5052782149123,2663.420913939407,000300.SH
2012-04-26,2631.49,0.013348610235314418,3,0.002094448189063902,0.008107890221008995,-0.00044895703826497435,-0.007918259201169509,1.3647604446738404,2.3750797528827583,4.722165844884052,2.9760041323607656,2598.8832793431015,2581.99692621645,2566.171345735896,2663.103193402697,000300.SH
2012-04-27,2626.16,-0.171363779482549,4,-0.002025468460833957,0.002094448189063902,0.008107890221008995,-0.00044895703826497435,-0.025886616619219538,1.7713964618574218,4.219729108709713,3.1023029751014786,2603.842683098901,2586.202933243455,2568.5238419815473,2662.735599438491,000300.SH
2012-05-02,2683.49,0.731468546937025,2,0.021830353063027275,-0.002025468460833957,0.002094448189063902,0.008107890221008995,2.9719421037282645,4.252070674892372,7.548243592569581,8.428219321992803,2618.3240134445555,2595.4683681726497,2573.0323187665845,2662.942110886864,000300.SH
2012-05-03,2691.52,-0.2168409423848081,3,0.0029923718739404137,0.021830353063027275,-0.002025468460833957,0.002094448189063902,3.3264615892539817,5.886981289439297,6.815250477222312,10.167327024460526,2631.6323746364546,2604.616142632397,2577.678894501228,2663.2264679924674,000300.SH
2012-05-04,2715.88,0.018831353212600987,4,0.009050647961003522,0.0029923718739404137,0.021830353063027275,-0.002025468460833957,3.4230899584537733,4.460539018658349,7.7713052173775,10.630982932094991,2646.9501247025537,2615.2127004769304,2583.0985456972585,2663.750383733836,000300.SH
2012-05-07,2717.78,0.12233616080423815,0,0.0006995890834646801,0.009050647961003522,0.0029923718739404137,0.021830353063027275,3.2791308346222348,4.688643559856098,5.732092560028645,8.156142675787859,2659.828283847544,2624.981014717223,2588.3801713561897,2664.2879918558874,000300.SH
2012-05-08,2709.12,-0.10845792580777014,1,-0.003186424213880601,0.0006995890834646801,0.009050647961003522,0.0029923718739404137,3.1589849818746796,3.132280610924143,4.986339591931643,7.5120146994043235,2668.7904140570813,2632.9942514108207,2593.115066597123,2664.7340814891622,000300.SH
2012-05-09,2657.51,-0.057793055753310396,2,-0.01905046657217091,-0.003186424213880601,0.0006995890834646801,0.009050647961003522,-0.9681422326895062,1.9750272444014838,3.2427623502354397,6.50702362583413,2666.739429683066,2635.32908460979,2595.640358103118,2664.66220008131,000300.SH
2012-05-10,2657.21,-0.22200715632608925,3,-0.00011288762789229967,-0.01905046657217091,-0.003186424213880601,0.0006995890834646801,-1.2747443823564408,2.0093133246572803,4.537192943805368,5.453629072263966,2665.0068061043266,2637.4129813136196,2598.05485386378,2664.58804883672,000300.SH
2012-05-11,2636.92,-0.08628030253279173,4,-0.007635828557020274,-0.00011288762789229967,-0.01905046657217091,-0.003186424213880601,-2.907344948966817,0.41622397648126697,1.423510813835871,4.63802161870448,2659.900114085358,2637.3660307123223,2599.578977241671,2664.3127448681958,000300.SH
2012-05-14,2615.53,0.22145672758635349,0,-0.008111736419762372,-0.007635828557020274,-0.00011288762789229967,-0.01905046657217091,-3.76226184606554,-0.6065004997168777,0.7499826660400943,1.7541743825959744,2651.832820615293,2635.28640873972,2600.204507545919,2663.827344421746,000300.SH
2012-05-15,2617.37,-0.14845580129315983,1,0.0007034903059799369,-0.008111736419762372,-0.007635828557020274,-0.00011288762789229967,-3.386708599102295,-0.3347092332531165,-0.36050920497633365,1.4307582010889552,2645.566853230694,2633.580084097842,2600.8776641127456,2663.365082288197,000300.SH
2012-05-16,2574.65,-0.06834523411885529,2,-0.016321727535655972,0.0007034903059799369,-0.008111736419762372,-0.007635828557020274,-3.1179562823846374,-4.055912263507588,-1.204509524028785,0.02369815542881959,2632.6728799160223,2627.967695136143,2599.849128265187,2662.482345151001,000300.SH
2012-05-17,2613.94,0.02800398800423043,3,0.01526032664634025,-0.016321727535655972,0.0007034903059799369,-0.008111736419762372,-1.6283997124803884,-2.8823861609796664,0.34819395977534473,2.8349095944733893,2629.2669017494727,2626.631724170796,2600.401711470474,2661.9993367415386,000300.SH
2012-05-18,2573.98,-0.046671087724532434,4,-0.015287267496576051,0.01526032664634025,-0.016321727535655972,0.0007034903059799369,-2.386875597287752,-5.224825839138703,-1.980586369331172,-0.9973422156920764,2619.2147377950228,2621.617274249768,2599.3655659226124,2661.123522445603,000300.SH
2012-05-21,2587.23,-0.0555795862965226,0,0.005147670145067229,-0.015287267496576051,0.01526032664634025,-0.016321727535655972,-1.0819986771323675,-4.8035528997932175,-1.681936849465504,-0.34013081361755626,2613.3993309232005,2618.34229574979,2598.889661376628,2660.388263515796,000300.SH
2012-05-22,2627.53,0.11494250278947749,1,0.01557650460144644,0.005147670145067229,-0.015287267496576051,0.01526032664634025,0.3881759170465182,-3.011679069218043,0.05216742315778955,0.026267302157734207,2615.9685434826188,2619.217315202191,2600.0128119108776,2660.0613156201166,000300.SH
2012-05-23,2616.87,0.0641999448903181,2,-0.0040570421650752975,0.01557650460144644,0.005147670145067229,-0.015287267496576051,1.6398345406171577,-1.5292510658473701,-2.4825879731245504,0.4155730533683233,2616.132444667597,2618.993761373411,2600.673878110451,2659.631551285588,000300.SH
2012-05-24,2595.26,-0.04754182568098708,3,-0.008257957024995433,-0.0040570421650752975,0.01557650460144644,0.005147670145067229,-0.7146300221122059,-2.3313927013672187,-3.576417786232311,-0.3689243609085957,2612.337454728034,2616.733403147372,2600.4615691649433,2658.9910383374727,000300.SH
2012-05-25,2573.1,-0.17266466977359585,4,-0.008538643527045586,-0.008257957024995433,-0.0040570421650752975,0.01557650460144644,-0.03418829983139471,-2.4202478649333337,-5.257227859846536,-2.014097540356208,2605.2033720502095,2612.5778409428603,2599.388566452593,2658.1364011400847,000300.SH
2012-05-28,2614.69,0.41024208548124474,0,0.016163382690140393,-0.008538643527045586,-0.008257957024995433,-0.0040570421650752975,1.0613667899645574,-0.032115861794745904,-3.7931694250454506,-0.6384215786493508,2606.928213495626,2612.778998948302,2599.9886226701383,2657.7040986411785,000300.SH
2012-05-29,2650.85,0.3470015068733765,1,0.013829555320133524,0.016163382690140393,-0.008538643527045586,-0.008257957024995433,0.8875255468063115,1.279146624283145,-2.1508829435388566,0.9401559691717187,2614.9139928600575,2616.4048085722734,2601.9831864869957,2657.6358986546993,000300.SH
2012-05-30,2642.26,-0.27586188927995914,2,-0.0032404700379122797,0.013829555320133524,0.016163382690140393,-0.008538643527045586,0.9702430766526549,2.6259879983687062,-0.5738454417857364,-1.5364320344029458,2619.8859941582286,2618.8672077558663,2603.5626693698587,2657.482904638235,000300.SH
2012-05-31,2632.04,-0.12463502355717149,3,-0.0038679009635691486,-0.0032404700379122797,0.013829555320133524,0.016163382690140393,1.4171990474942664,0.6924412955155779,-0.9472341290300723,-2.2099036975389397,2622.0958134021866,2620.1217593981646,2604.679427433786,2657.229741408004,000300.SH
2012-06-01,2633.0,0.0795660514758485,4,0.00036473609823550746,-0.0038679009635691486,-0.0032404700379122797,0.013829555320133524,2.327931289106533,2.2929471091461373,-0.14865828314852836,-3.0516812230290014,2624.0783927836073,2621.348258503101,2605.7900381226573,2656.9886494536954,000300.SH
2012-06-04,2559.03,0.12577530393697267,0,-0.028093429548043947,0.00036473609823550746,-0.0038679009635691486,-0.0032404700379122797,-2.1287418393767465,-1.0899688083394143,-2.160174037384388,-5.8411644798328055,2612.251412277497,2615.4131862647105,2603.956311137455,2656.013936523808,000300.SH
2012-06-05,2558.84,-0.28148328886456064,1,-7.424688260793122e-05,-0.028093429548043947,0.00036473609823550746,-0.0038679009635691486,-3.4709621442178817,-2.6142422731614934,-2.236214215032639,-5.547188755020072,2602.540246408861,2610.0252637633093,2602.187044034026,2655.047031682775,000300.SH
2012-06-06,2557.4,-0.05134834788638287,2,-0.0005627549983586722,-7.424688260793122e-05,-0.028093429548043947,0.00036473609823550746,-3.211644576990913,-2.272562259493205,-0.6699939797642385,-3.7670601427652217,2594.3329288799773,2605.0133338810892,2600.430689366025,2654.075419427225,000300.SH
2012-06-07,2542.18,0.01781570790264797,3,-0.005951356846797595,-0.0005627549983586722,-7.424688260793122e-05,-0.028093429548043947,-3.4140818528593853,-2.045267140864515,-2.7452810699557073,-4.32897663338615,2584.8505781745266,2599.029206844795,2598.146348606573,2652.962032169243,000300.SH
2012-06-08,2524.33,0.13280883646826624,4,-0.00702153270028083,-0.005951356846797595,-0.0005627549983586722,-7.424688260793122e-05,-4.127231295100653,-1.8953791146865684,-1.928919416623287,-4.269754107064305,2573.846836688249,2591.9149966691,2595.251589837688,2651.682111451141,000300.SH
2012-06-11,2558.27,-0.0879203392417105,0,0.01344515178284933,-0.00702153270028083,-0.005951356846797595,-0.0005627549983586722,-0.029698753043150283,-2.1578083826380934,-1.1193438542379308,-2.189231245674883,2571.0146845631125,2588.7107112720428,2593.8013314126806,2650.7526377053587,000300.SH
2012-06-12,2540.18,-0.07341254223853533,1,-0.007071184824119503,0.01344515178284933,-0.00702153270028083,-0.005951356846797595,-0.7292366853730692,-4.174887300299912,-3.324414944834131,-2.9491436059861598,2565.4083782789103,2584.0887387699436,2591.698534102379,2649.652412454559,000300.SH
2012-06-13,2580.64,0.2740035931525926,2,0.015928005102000764,-0.007071184824119503,0.01344515178284933,-0.00702153270028083,0.9087354344255782,-2.3320944948642564,-1.3844784035890179,0.2326529819587142,2568.1777640463806,2583.76028745852,2591.264866098364,2648.9657217833696,000300.SH
2012-06-14,2560.42,-0.09669189318182214,3,-0.007835265670531277,0.015928005102000764,-0.007071184824119503,0.01344515178284933,0.71749443391107,-2.7210832662117546,-1.342447384847767,-2.047483874916789,2566.767261492493,2581.5374029386608,2590.0552635062713,2648.0846698253263,000300.SH
2012-06-15,2568.05,0.05474596076735172,4,0.0029799798470564465,-0.007835265670531277,0.015928005102000764,-0.007071184824119503,1.7319447140429434,-2.4667679453095226,-0.1962613190315099,-0.2303825204546972,2567.0004866756763,2580.252888373074,2589.192311996221,2647.2883049514426,000300.SH
2012-06-18,2581.21,-0.1640296470308974,0,0.005124510815599281,0.0029799798470564465,-0.007835265670531277,0.015928005102000764,0.8966997228595952,0.8667346611802129,-1.2804577215654644,-0.23268128461714221,2569.584034552826,2580.3440418613527,2588.879280153232,2646.6308093797866,000300.SH
2012-06-19,2558.62,-0.09381101990211105,1,-0.008751709469589919,0.005124510815599281,0.0029799798470564465,-0.007835265670531277,0.7259328079112448,-0.0085976458082615,-3.479261368994857,-2.6226151556785426,2567.590573725039,2578.275085493605,2587.69264171585,2645.7550799332216,000300.SH
2012-06-20,2552.61,-0.09309471302570183,2,-0.0023489224660167007,-0.008751709469589919,0.005124510815599281,0.0029799798470564465,-1.0861646723293372,-0.18729960115742017,-3.392928780665039,-2.455605360602542,2564.866833047759,2575.8307916370713,2586.3168518446405,2644.8282632174687,000300.SH
2012-06-21,2512.19,0.14994756307546964,3,-0.015834773036225713,-0.0023489224660167007,-0.008751709469589919,0.005124510815599281,-1.8836753345154333,-1.1796961662824734,-4.553502226409933,-3.200835369095978,2555.2892270390757,2569.769763862112,2583.409916478184,2643.5084795038624,000300.SH
2012-06-25,2456.52,0.10090017706193244,0,-0.02215994809309807,-0.015834773036225713,-0.0023489224660167007,-0.008751709469589919,-4.342983976168691,-2.6862573435327386,-6.702620584884167,-4.530721697563244,2537.3311857592435,2558.9840720657203,2578.433841322177,2641.647897618252,000300.SH
2012-06-26,2454.92,-0.2025009228649587,1,-0.0006513278947454237,-0.02215994809309807,-0.015834773036225713,-0.0023489224660167007,-4.892666617594077,-4.039839422734892,-4.0683383938445505,-6.110475811664095,2522.347333803017,2549.073208059461,2573.5901612703274,2639.7899085872245,000300.SH
2012-06-27,2447.2,-0.0725416864450058,2,-0.0031447053264466174,-0.0006513278947454237,-0.02215994809309807,-0.015834773036225713,-4.354691200725391,-3.6603705249234286,-4.36291444560818,-7.6824414810343855,2508.6841822024685,2539.3709977680837,2568.6336843577656,2637.8735910888445,000300.SH
2012-06-28,2425.73,0.0948288037254752,3,-0.00877329192546572,-0.0031447053264466174,-0.0006513278947454237,-0.02215994809309807,-4.970598720525265,-6.002774505549002,-5.148588410104016,-8.194878626630242,2493.6016036202013,2528.548045599695,2563.0296183045198,2635.762709585473,000300.SH
2012-06-29,2461.61,0.19052819695288536,4,0.014791423612685817,-0.00877329192546572,-0.0031447053264466174,-0.0006513278947454237,-2.0133827457318065,-3.8591324860764997,-3.169327112950293,-6.475205543988682,2487.784948416528,2522.172993637819,2559.052378371009,2634.029846803528,000300.SH
2012-07-02,2465.24,0.11408820754509774,0,0.0014746446431399551,0.014791423612685817,-0.00877329192546572,-0.0031447053264466174,0.35497370263624095,-4.003426724557557,-2.3408191480511764,-6.371439422711744,2483.68586688625,2516.7508037675507,2555.373461572146,2632.350345840309,000300.SH
2012-07-03,2468.72,-0.014168872509719321,1,0.0014116272654995932,0.0014746446431399551,0.014791423612685817,-0.00877329192546572,0.5621364443647803,-4.358033635388059,-3.5004123880591265,-3.5290715622716573,2480.964800179659,2512.1764415039743,2551.9752866085328,2630.7221831951315,000300.SH
2012-07-04,2464.92,-0.15924998861228779,2,-0.0015392592112510872,0.0014116272654995932,0.0014746446431399551,0.014791423612685817,0.7240928407976632,-3.6621303671510397,-2.9627821650434094,-3.670413155961294,2478.0475637833574,2507.6758280274053,2548.561353800355,2629.072410228016,000300.SH
2012-07-05,2430.37,-0.04998882066174304,3,-0.014016682082988563,-0.0015392592112510872,0.0014116272654995932,0.0014746446431399551,0.19128262419971787,-4.788823987996604,-5.82297414594829,-4.967154140924379,2469.378915822747,2500.3133682152716,2543.926398749361,2627.095271817787,000300.SH
2012-07-06,2472.61,0.5746248560348521,4,0.017380069701321332,-0.014016682082988563,-0.0015392592112510872,0.0014116272654995932,0.4468620130727352,-1.5755177753274952,-3.429515470118183,-2.736627618815335,2469.9663856731563,2497.6749521947695,2541.1296772297783,2625.5581049340276,000300.SH
2012-07-09,2416.04,-0.03533546118160935,0,-0.02287865858344018,0.017380069701321332,-0.014016682082988563,-0.0015392592112510872,-1.9957488926027445,-1.6478595737058899,-5.919277272638778,-4.289851168428848,2460.161588278037,2489.900194842887,2536.2241996913554,2623.4733476710026,000300.SH
2012-07-10,2406.71,-0.2941793236221637,1,-0.0038616910316053854,-0.02287865858344018,0.017380069701321332,-0.014016682082988563,-2.511827991833815,-1.9638114480308944,-6.760395318474666,-5.924316041700051,2450.4431176820303,2481.9773191435643,2531.145211468165,2621.3164984404457,000300.SH
2012-07-11,2425.57,0.03406572505846661,2,0.00783642399790585,-0.0038616910316053854,-0.02287865858344018,0.017380069701321332,-1.596400694545863,-0.8838672768878619,-5.200068787080525,-4.511884984528647,2445.920732648934,2476.605193510844,2527.0050070968646,2619.3687720878047,000300.SH
2012-07-12,2449.18,0.6344906101065722,3,0.009733794530770057,0.00783642399790585,-0.0038616910316053854,-0.02287865858344018,0.7739562288869628,0.9667192968714433,-4.051931160655187,-5.094085188170383,2446.513326712764,2473.993270319335,2523.9530460342426,2617.675351470016,000300.SH
2012-07-13,2450.63,-0.35500204643896593,4,0.000592034885145365,0.009733794530770057,0.00783642399790585,-0.0038616910316053854,-0.8889392180732147,-0.4460495366853445,-2.4504515980081076,-4.287968380187623,2447.2618127649885,2471.768196955589,2521.077632464272,2616.0132086693193,000300.SH
2012-07-16,2399.73,0.09119194317646806,0,-0.020770169303403696,0.000592034885145365,0.009733794530770057,0.00783642399790585,-0.6750716047747574,-2.6573477633009324,-2.3118069464119984,-6.554389517338066,2438.619664989536,2464.907416293152,2516.3189017793984,2613.8611369412665,000300.SH
2012-07-17,2414.2,-0.16489169564845618,1,0.006029845024231761,-0.020770169303403696,0.000592034885145365,0.009733794530770057,0.3112132330027162,-2.2084318999319508,-1.658709856125673,-6.470221330306336,2434.1797259005293,2460.078138550947,2512.31423896452,2611.8744589617518,000300.SH
2012-07-18,2414.34,0.1577636302469032,2,5.799022450525548e-05,0.006029845024231761,-0.020770169303403696,0.000592034885145365,-0.46298395840977946,-2.0519935738279482,-1.3427590715920146,-5.6389772611798445,2430.5725030095236,2455.722125355619,2508.4721119463034,2609.908941957157,000300.SH
2012-07-19,2424.32,0.07622137961701059,3,0.004133634865014946,5.799022450525548e-05,0.006029845024231761,-0.020770169303403696,-1.0150336030834706,-0.2489332899928698,-0.058126831922755695,-5.02583630088419,2429.435684280519,2452.731446750322,2505.17202912488,2608.06228581828,000300.SH
2012-07-20,2398.46,-0.23101649252348433,4,-0.010666908658922947,0.004133634865014946,5.799022450525548e-05,0.006029845024231761,-2.1288403390148702,-2.99885546042441,-2.565394193231263,-4.527125734916549,2423.803741684061,2447.5627375360054,2500.987243669002,2605.9766909345162,000300.SH
2012-07-23,2365.43,-0.0955382811183848,0,-0.013771336607656615,-0.010666908658922947,0.004133634865014946,5.799022450525548e-05,-1.4293274660066024,-2.094750086919095,-4.048693027859351,-3.708091120772483,2413.1903341051407,2439.7405720563856,2495.6712733290415,2603.5831915222325,000300.SH
2012-07-24,2375.99,-0.06117798253289064,1,0.004464304587326495,-0.013771336607656615,-0.010666908658922947,0.004133634865014946,-1.5827189130975028,-1.2764313107935799,-3.756197543666351,-3.215176054616864,2406.4266369951147,2433.6690890033965,2490.977890061236,2601.318582651365,000300.SH
2012-07-25,2360.08,-0.17395392677350985,2,-0.006696156128603192,0.004464304587326495,-0.013771336607656615,-0.010666908658922947,-2.247405087932941,-2.6999839213051047,-4.253282053778628,-3.5599869238313153,2397.9999757232754,2426.6606043364063,2485.8446394705993,2598.9181987443867,000300.SH
2012-07-26,2347.49,0.21747646770771012,3,-0.0053345649300023945,-0.006696156128603192,0.004464304587326495,-0.013771336607656615,-3.169136087645208,-4.152001894511637,-3.4101803429107513,-3.2254208011608942,2388.816343773589,2419.120546780558,2480.418967334497,2596.416425622552,000300.SH
2012-07-27,2349.11,0.05496258746616278,4,0.0006900987863633912,-0.0053345649300023945,-0.006696156128603192,0.004464304587326495,-2.0575702742593127,-4.142608227272171,-4.994722176162036,-4.570179679153075,2381.597008542027,2412.4528756586005,2475.269596066478,2593.9556651685966,000300.SH
2012-07-30,2335.79,-0.09501915082767032,0,-0.005670232556159616,0.0006900987863633912,-0.0053345649300023945,-0.006696156128603192,-1.2530491284882594,-2.6644664191388223,-3.321550967699205,-5.251010043646865,2373.2684615343856,2405.1516494054003,2469.799807985439,2591.386852579855,000300.SH
2012-07-31,2332.92,0.04307748068491435,1,-0.0012287063477453009,-0.005670232556159616,0.0006900987863633912,-0.0053345649300023945,-1.8127180669952225,-3.3667467484052582,-3.0660112768052583,-5.500826339155507,2365.9323776190427,2398.272444700124,2464.4319723781673,2588.8150431014483,000300.SH
2012-08-01,2358.65,0.0026102429356271717,2,0.01102909658282325,-0.0012287063477453009,-0.005670232556159616,0.0006900987863633912,-0.06059116640113604,-2.3066345253775378,-2.7589391359556736,-4.31129610697305,2364.6083089610347,2394.4988785382075,2460.2836597358864,2586.524843667603,000300.SH
2012-08-02,2334.88,-0.04880752330090132,3,-0.010077798740805166,0.01102909658282325,-0.0012287063477453009,-0.005670232556159616,-0.5371694874099386,-3.689281942977829,-4.666868094627574,-3.9290313820529277,2359.2031618772103,2388.820890105997,2455.3658691580085,2584.020914874891,000300.SH
2012-08-03,2353.74,0.045570644784726166,4,0.008077502912355206,-0.010077798740805166,0.01102909658282325,-0.0012287063477453009,0.19709592143406507,-1.864529739916454,-3.9536772176950508,-4.80747064842415,2358.2098597177173,2385.479852953045,2451.380540955734,2581.729562488076,000300.SH
2012-08-06,2385.61,0.40440287459876334,0,0.013540153118016596,0.008077502912355206,-0.010077798740805166,0.01102909658282325,2.132897221068686,0.853121842540272,-0.588399528280259,-1.259499014916965,2363.191703405405,2385.4922479098977,2448.8013040555093,2579.778124055359,000300.SH
2012-08-07,2388.87,-0.0751482888724232,1,0.00136652680027316,0.013540153118016596,0.008077502912355206,-0.010077798740805166,2.3982819813795464,0.54208982361037,-1.049208847651395,-0.7412608914244001,2367.8604846044223,2385.8139385851455,2446.451056837646,2577.8785407314253,000300.SH
2012-08-08,2389.8,0.023194652174268082,2,0.00038930540381021395,0.00136652680027316,0.013540153118016596,0.008077502912355206,1.3206707226591563,1.2592793464628382,-1.0164268495737927,-1.47470491472107,2371.8494874036182,2386.1935634817983,2444.229446765581,2576.007112465441,000300.SH
2012-08-09,2411.7,0.04632801543073839,3,0.009163946773788512,0.00038930540381021395,0.00136652680027316,0.013540153118016596,3.2901048447885772,2.735261918048648,-0.5205583421330706,-1.530308103120226,2379.095035148415,2388.622747912103,2442.953782186539,2574.372215823994,000300.SH
2012-08-10,2399.75,-0.05911027577613326,4,-0.004955010988099584,0.009163946773788512,0.00038930540381021395,0.00136652680027316,1.9547613585187973,2.1557100348642555,0.05378451172834975,-2.0762008136683274,2382.8504833032484,2389.6824862061885,2441.2595162184393,2572.634681338183,000300.SH
2012-08-13,2351.93,0.1363775521987891,0,-0.019927075737055988,-0.004955010988099584,0.009163946773788512,0.00038930540381021395,-1.4117982402823692,0.6909867753522203,-0.5707207569025541,-1.9918907543765463,2377.2285772481123,2386.0870113294086,2437.756397935363,2570.438614857206,000300.SH
2012-08-14,2357.02,-0.08313549412666199,1,0.0021641800563791946,-0.019927075737055988,-0.004955010988099584,0.009163946773788512,-1.3332663560595592,1.033040138538821,-0.7984040336870057,-2.3684864551404172,2373.554290475728,2383.3187245361314,2434.590264682996,2568.3150465501694,000300.SH
2012-08-15,2331.61,-0.28468855685538563,2,-0.010780561895953333,0.0021641800563791946,-0.019927075737055988,-0.004955010988099584,-2.4349317934555192,-1.1464185021092588,-1.2063150401681266,-3.4266093425118216,2365.928055843777,2378.394084104119,2430.5518229307218,2565.959772455143,000300.SH
2012-08-16,2319.67,-0.10736185801660003,3,-0.00512092502605499,-0.010780561895953333,0.0021641800563791946,-0.019927075737055988,-3.815980428743204,-0.651425340916878,-1.1850955701621646,-4.316674366420282,2357.517500235818,2372.8013141894407,2426.203516149125,2563.509127953102,000300.SH
2012-08-17,2313.48,0.05739289407593451,4,-0.0026684830169808604,-0.00512092502605499,-0.010780561895953333,0.0021641800563791946,-3.594957808105015,-1.7104692956741108,-1.5167446394592,-3.543106826880582,2349.5106820111237,2367.151665219018,2421.782986104061,2561.0212759336687,000300.SH
2012-08-20,2301.79,-0.05082610984223879,0,-0.005052993758320801,-0.0026684830169808604,-0.00512092502605499,-0.010780561895953333,-2.1318661694863295,-3.5135667607027243,-1.4556103074334636,-2.6904199236502446,2340.8341943727373,2360.926744721969,2417.0773788058627,2558.4418602527367,000300.SH
2012-08-21,2313.7,0.27904692652978036,1,0.005174233965739683,-0.005052993758320801,-0.0026684830169808604,-0.00512092502605499,-1.8379139761223962,-3.146676043484997,-0.8238602266687378,-2.621644030488346,2335.900704486785,2356.428959510353,2413.0233639507305,2556.0066178621623,000300.SH
2012-08-22,2295.59,-0.0923632547103721,2,-0.007827289622682088,0.005174233965739683,-0.005052993758320801,-0.0026684830169808604,-1.544855271679224,-3.9421708929617605,-2.6735632671231357,-2.732534490356253,2328.5714854891876,2350.6347728903193,2408.418133991878,2553.415407734181,000300.SH
2012-08-23,2302.2,0.0710699287931349,3,0.0028794340452780176,-0.007827289622682088,0.005174233965739683,-0.005052993758320801,-0.7531243668280507,-4.540365717128991,-1.3996436647707888,-1.9292946934811206,2323.776669945699,2346.0219373769555,2404.252716972589,2550.915751935831,000300.SH
2012-08-24,2275.68,-0.023772403343040538,4,-0.011519416210581168,0.0028794340452780176,-0.007827289622682088,0.005174233965739683,-1.6339021733492443,-5.170121887696643,-3.316424074026869,-3.125864689180169,2315.031820864662,2339.322705245817,2399.2106496403303,2548.1770877374647,000300.SH
2012-08-27,2228.2,0.07269130191467155,0,-0.02086409336989381,-0.011519416210581168,0.0028794340452780176,-0.007827289622682088,-3.1970770574205387,-5.260785822707314,-6.598312381319671,-4.606150381669593,2299.244217071087,2328.739590460501,2392.5043496544354,2544.9932361181864,000300.SH
2012-08-28,2238.41,-0.14280627263724788,1,0.004582173952069057,-0.02086409336989381,-0.011519416210581168,0.0028794340452780176,-3.25409517223495,-5.032201678390513,-6.29837538250303,-4.051146203041689,2288.183450330889,2320.1367723214057,2386.4614339817126,2541.942656654324,000300.SH
2012-08-29,2214.81,-0.09676180340429696,2,-0.010543198073632576,0.004582173952069057,-0.02086409336989381,-0.011519416210581168,-3.518921061687852,-5.009414095839359,-7.322370072809448,-6.098403747906644,2274.842822998,2310.1056511479383,2379.730005198116,2538.6876053443307,000300.SH
2012-08-30,2211.37,0.23620145720992602,3,-0.0015531806340047805,-0.010543198073632576,0.004582173952069057,-0.02086409336989381,-3.945356615411344,-4.668767540210473,-8.306588713355723,-5.289779346261914,2263.3023097256364,2300.7022558005156,2373.127652053092,2535.430713748865,000300.SH
2012-08-31,2204.87,-0.3108115489879444,4,-0.0029393543369042874,-0.0015531806340047805,-0.010543198073632576,0.004582173952069057,-3.111597412641498,-4.694659128239708,-8.12084592145016,-6.324827720988724,2252.6782534118843,2291.5753742957045,2366.5293127568925,2532.1415524180306,000300.SH
2012-09-03,2228.37,0.5123322204080478,0,0.010658224747944312,-0.0029393543369042874,-0.0015531806340047805,-0.010543198073632576,0.007629476707649019,-3.1896915009622995,-5.253557716428636,-6.591186321318244,2248.25857097336,2285.555814838971,2361.1113004919166,2529.1189499064085,000300.SH
2012-09-04,2204.41,-0.05889598568578658,1,-0.010752253889614427,0.010658224747944312,-0.0029393543369042874,-0.0015531806340047805,-1.5189353156928376,-4.723602887150447,-6.474701105633384,-7.72164245019612,2240.286103523658,2277.8276419971644,2354.966151453018,2525.888015081469,000300.SH
2012-09-05,2199.88,-0.08353441580724974,2,-0.00205497162506052,-0.010752253889614427,0.010658224747944312,-0.0029393543369042874,-0.6740984553979756,-4.169298524562315,-5.649744168192794,-7.947108544648085,2232.939539246629,2270.404057045054,2348.8843415921156,2522.644154234887,000300.SH
2012-09-06,2217.82,-0.11732074414430926,3,0.008154990272196683,-0.00205497162506052,-0.010752253889614427,0.010658224747944312,0.2916743918928155,-3.665189818434522,-4.390710747649451,-8.039142513579623,2230.1905321108784,2265.3960516121915,2343.744563490464,2519.611078073346,000300.SH
2012-09-07,2317.18,2.1370240074542335,4,0.044800750286317026,0.008154990272196683,-0.00205497162506052,-0.010752253889614427,5.093724346560102,1.8236307389439599,0.15993222331724954,-3.440775080737579,2246.0067989998097,2270.327856220554,2342.7028159026027,2517.596838490527,000300.SH
2012-09-10,2326.67,-0.24969926662692865,0,0.004095495386633896,0.044800750286317026,0.008154990272196683,-0.00205497162506052,4.4112961492032365,4.419262184723105,1.0808979098875238,-1.074011556466381,2260.6728355452988,2275.69377467574,2342.0740780240694,2515.6970689533077,000300.SH
2012-09-11,2311.89,-0.3140178561829785,1,-0.00635242642918854,0.004095495386633896,0.044800750286317026,0.008154990272196683,4.875681021225642,3.282687264620865,-0.07822967541167847,-1.914705857396204,2269.985047264335,2279.141034230431,2340.890388689792,2513.6691379189465,000300.SH
2012-09-12,2320.07,0.07133939636001752,2,0.0035382306251596773,-0.00635242642918854,0.004095495386633896,0.044800750286317026,5.463479826172346,4.752552137655153,1.0663925178276523,-0.4949369748800114,2279.091402307183,2283.03903097039,2340.07390285882,2511.7427783376634,000300.SH
2012-09-13,2298.46,-0.18201869542479887,3,-0.00931437413526326,0.0035382306251596773,-0.00635242642918854,0.004095495386633896,3.6360029217880507,3.9382826030922136,-0.1624533055338273,-0.914354196933187,2282.612965524059,2284.5076946874956,2338.4419850996505,2509.6205616377865,000300.SH
2012-09-14,2315.54,0.4579899537134442,4,0.007431062537525124,-0.00931437413526326,0.0035382306251596773,-0.00635242642918854,-0.07077568423686786,5.019343544063837,1.7515643675736436,0.08904334595500885,2288.599699065139,2287.4631523363055,2337.5438680369193,2507.689411770744,000300.SH
2012-09-17,2258.71,-0.21078161952473196,0,-0.024542871209307537,0.007431062537525124,-0.00931437413526326,0.0035382306251596773,-2.9209127207554197,1.3615333180755584,1.369266672650582,-1.8715868954161774,2283.1652083260224,2284.7247568757048,2334.4523438001775,2505.212004688448,000300.SH
2012-09-18,2235.24,-0.3104156795953299,1,-0.010390886833635204,-0.024542871209307537,0.007431062537525124,-0.00931437413526326,-3.3154691615950638,1.3985601589540986,-0.141618380904307,-3.391105156243246,2274.451534084927,2280.0119228875424,2330.561663651151,2502.5257160845827,000300.SH
2012-09-19,2246.24,0.08072220472962899,2,0.004921171775737809,-0.010390886833635204,-0.024542871209307537,0.007431062537525124,-3.182231570599181,2.1073876756913856,1.4190833525223212,-2.1497741321403363,2269.322164251304,2276.795549279205,2327.2549317432627,2499.9756094568756,000300.SH
2012-09-20,2195.95,0.17722722813284641,3,-0.022388524823705347,0.004921171775737809,-0.010390886833635204,-0.024542871209307537,-4.459942744272261,-0.9861034709760186,-0.697305290385597,-4.615150725393102,2255.9817707510665,2269.0959731573757,2322.105718733723,2496.950479014519,000300.SH
2012-09-21,2199.06,-0.11312733386721041,4,0.0014162435392428563,-0.022388524823705347,0.004921171775737809,-0.010390886833635204,-5.030360088791386,-5.097575501255836,-0.2635075990874758,-3.366905716093649,2245.632357887236,2262.425880475721,2317.2803964304394,2493.986394646215,000300.SH
2012-09-24,2215.52,-0.012766362437091283,0,0.00748501632515719,0.0014162435392428563,-0.022388524823705347,0.004921171775737809,-1.9121533972931481,-4.777213786226675,-0.5766546848144594,-0.5690692038416545,2240.15738372592,2257.9586537637474,2313.2897926488536,2491.215584749238,000300.SH
2012-09-25,2210.15,-0.20624682374476178,1,-0.0024238102115980986,0.00748501632515719,0.0014162435392428563,-0.022388524823705347,-1.122474544120533,-4.400728408358523,0.26038713306508754,-1.2625032947493842,2234.701495775753,2253.4054486433906,2309.245094897918,2488.4189122641715,000300.SH
2012-09-26,2184.89,-0.06590456369629949,2,-0.011429088523403519,-0.0024238102115980986,0.00748501632515719,0.0014162435392428563,-2.7312308568986365,-5.826548336903636,-0.6814008036802099,-1.3509059467855078,2225.6448601801612,2246.8801678202108,2304.3684245097643,2485.3987240824385,000300.SH
2012-09-27,2251.72,0.9346978119436959,3,0.030587352223681696,-0.011429088523403519,-0.0024238102115980986,0.00748501632515719,2.53967531136865,-2.0335354976810716,1.5285280139957003,1.8246607306782625,2230.3857946928592,2247.341104218286,2302.3037804113424,2483.0735626487826,000300.SH
2012-09-28,2293.11,0.1290357842614629,4,0.01838150391700588,0.030587352223681696,-0.011429088523403519,-0.0024238102115980986,4.276827371695191,-0.9686725342684555,-1.0387626338911882,4.0020500074834375,2241.790195657794,2251.700046673687,2301.9432400030546,2481.1833779458098,000300.SH
2012-10-08,2270.05,-0.3769075132455545,0,-0.010056211869469811,0.01838150391700588,0.030587352223681696,-0.011429088523403519,2.4612731999711146,0.5020564835680696,-2.433520868881267,1.87042546794296,2246.9283419018316,2253.4476612761932,2300.692524708817,2479.082548314508,000300.SH
2012-10-09,2320.16,0.4250037740477606,1,0.022074403647496688,-0.010056211869469811,0.01838150391700588,0.030587352223681696,4.977490215596214,3.7991446108695204,0.35771598129668014,5.250838092732302,2260.243188828771,2259.801217345127,2301.455955112393,2477.5012294258067,000300.SH
2012-10-10,2324.12,-0.2163491978100649,2,0.00170677884283843,0.022074403647496688,-0.010056211869469811,0.01838150391700588,6.372403187345821,3.46712728826839,0.17456369850907816,5.647580777133299,2271.857154496267,2265.9268156932103,2302.3447411864167,2475.9750480384855,000300.SH
2012-10-11,2302.53,-0.04491313302001376,3,-0.009289537545393411,0.00170677884283843,0.022074403647496688,-0.010056211869469811,2.256497255431422,4.85348027049799,0.17707508505695468,3.8195164621114497,2277.4340354969454,2269.412833246238,2302.3520062379303,2474.2492266649683,000300.SH
2012-10-12,2304.53,-0.08202425236972588,4,0.0008686097466699128,-0.009289537545393411,0.00170677884283843,0.022074403647496688,0.49801361469794525,4.796140168981311,-0.4754830406730082,-0.5459221985344098,2282.3605744975007,2272.757325318025,2302.4374177580116,2472.560478140939,000300.SH
2012-10-15,2294.86,-0.13964024465531732,0,-0.004196083366239556,0.0008686097466699128,-0.009289537545393411,0.00170677884283843,1.0929274685579582,3.581100599407816,1.6004710653426013,-1.3671900183524044,2284.633197316137,2274.8623419544033,2302.1402641204427,2470.7923141793376,000300.SH
2012-10-16,2298.16,0.14477640465091213,1,0.0014379962176340744,-0.004196083366239556,0.0008686097466699128,-0.009289537545393411,-0.948210468243571,3.9820826640725615,2.8149102557219807,-0.593886387328113,2287.09261598593,2277.0811665301744,2301.984175331406,2469.0745797098916,000300.SH
2012-10-17,2300.8,-0.04385365725387502,2,0.001148745083022984,0.0014379962176340744,-0.004196083366239556,0.0008686097466699128,-1.003390530609427,5.305072566582303,2.4289479307643136,-0.8305783877210593,2289.5848676248515,2279.3401030511104,2301.9377370831153,2467.40020578243,000300.SH
2012-10-18,2336.08,0.44064577610494093,3,0.015333796940194544,0.001148745083022984,0.0014379962176340744,-0.004196083366239556,1.4570928500388547,3.7464693656404924,6.381292834536301,1.6367480834993842,2298.0385280566966,2284.7439027605287,2303.2766493543654,2466.0935370681773,000300.SH
2012-10-19,2332.47,-0.26364447376476385,4,-0.0015453237902811612,0.015333796940194544,0.001148745083022984,0.0014379962176340744,1.2123947182288708,1.7164462236874733,6.066683037297738,0.7311469462846665,2304.2987956827515,2289.289245354764,2304.4214866345865,2464.7639496346633,000300.SH
2012-10-22,2341.59,-0.010784664530192223,0,0.003910018135281579,-0.0015453237902811612,0.015333796940194544,0.001148745083022984,2.0362897954559367,3.151472434527869,5.690311980934504,3.6693510897813475,2311.0790146495237,2294.2702696066913,2305.8790753940148,2463.5383381955126,000300.SH
2012-10-23,2312.08,0.0274753186550043,1,-0.012602547841424117,0.003910018135281579,-0.0015453237902811612,0.015333796940194544,0.6057019528666441,-0.34825184470036463,4.611904169400249,3.4376621749789837,2311.2610119859737,2295.966434406054,2306.122248907975,2462.031290054264,000300.SH
2012-10-24,2307.78,-0.09860046362534125,2,-0.0018597972388497697,-0.012602547841424117,0.003910018135281579,-0.0015453237902811612,0.3033727399165409,-0.7030618040376413,5.624539450498678,2.73968943656957,2310.6281007157963,2297.0915358911916,2306.1872587547214,2460.4964513472564,000300.SH
2012-10-25,2291.24,0.09183716444714096,3,-0.007167060985016072,-0.0018597972388497697,-0.012602547841424117,0.003910018135281579,-1.9194548131913347,-0.49033020199521493,1.755102765885641,4.33935198888864,2307.102991494742,2296.534246758697,2305.6010917447325,2458.8123075527565,000300.SH
2012-10-26,2247.91,0.040578564125034244,4,-0.018911157277282098,-0.007167060985016072,-0.0018597972388497697,-0.012602547841424117,-3.6253413763092324,-2.456900105444504,-1.9711221877712015,2.2214036906678336,2296.3406294047886,2291.9033661150115,2303.338695990037,2456.7137771293465,000300.SH
2012-10-29,2235.85,-0.2664755675270858,0,-0.005364983473537643,-0.018911157277282098,-0.007167060985016072,-0.0018597972388497697,-4.515735034741364,-2.571398690987692,-1.5065747450496825,0.9176175344840054,2285.3423331493723,2286.5649502945344,2300.692080461016,2454.5161276056715,000300.SH
2012-10-30,2239.88,0.16534556717393145,1,0.0018024464968580123,-0.005364983473537643,-0.018911157277282098,-0.007167060985016072,-3.1227293173246573,-2.535941796915786,-3.4601061995724325,1.345157568490829,2277.076454394941,2282.1187645521977,2298.3072929919567,2452.380444743924,000300.SH
2012-10-31,2254.82,0.03786780536937995,2,0.006670000178581104,0.0018024464968580123,-0.005364983473537643,-0.018911157277282098,-2.294846129180428,-1.99843532684284,-2.9817737466223626,3.2006187954542575,2273.0298263231334,2279.5188822138934,2296.6019089530564,2450.4146691743326,000300.SH
2012-11-01,2297.88,0.48859450629946233,3,0.019096868042681958,0.006670000178581104,0.0018024464968580123,-0.005364983473537643,0.28979940992652775,-1.6352179719872573,-0.20195176610077192,2.0499884532712898,2277.548039718927,2281.2675600982843,2296.6520301705837,2448.8969112721006,000300.SH
2012-11-02,2306.77,-0.23481924313201097,4,0.003868783400351683,0.019096868042681958,0.006670000178581104,0.0018024464968580123,2.618432232607182,-1.1018362508413704,0.0971998628787496,0.5956975461273162,2282.8611234063947,2283.6963638984475,2297.048813301149,2447.48271314999,000300.SH
2012-11-05,2301.88,-0.035270654911405575,0,-0.0021198472322770945,0.003868783400351683,0.019096868042681958,0.006670000178581104,2.9532392602366064,-1.6958562344389971,0.3059010135694651,1.4021717583313054,2286.3191009688685,2285.428138765262,2297.238271603065,2446.033929934568,000300.SH
2012-11-06,2292.21,0.02406875173594858,1,-0.00420091403548406,-0.0021198472322770945,0.003868783400351683,0.019096868042681958,2.3362858724574442,-0.8593993287429491,-0.25890277439342135,-1.204658299427619,2287.3901735199834,2286.074030311427,2297.0410844813764,2444.5033435670593,000300.SH
2012-11-07,2287.51,-0.12168606617627853,2,-0.0020504229542667174,-0.00420091403548406,-0.0021198472322770945,0.003868783400351683,1.4497831312477283,-0.8783332900016427,-0.5776251738525695,-1.5752198681651453,2287.4119601527136,2286.2107893293864,2296.6673164624985,2442.9412207454966,000300.SH
2012-11-08,2245.41,0.004406434279165428,3,-0.018404291128782058,-0.0020504229542667174,-0.00420091403548406,-0.0021198472322770945,-2.283409055303165,-2.0002269513451187,-3.8812883120441066,-2.480749436489438,2279.7752401249472,2282.3249998694446,2294.657225620832,2440.9757359619593,000300.SH
2012-11-09,2240.92,-0.19852741709076094,4,-0.001999634810568973,-0.018404291128782058,-0.0020504229542667174,-0.00420091403548406,-2.8546409048149535,-0.3109555097846384,-3.925023687335727,-2.760215748981354,2272.7106510113204,2278.381666548545,2292.549883439623,2438.9851316240297,000300.SH
2012-11-12,2251.85,0.1914534501121674,0,0.004877461042785969,-0.001999634810568973,-0.018404291128782058,-0.0020504229542667174,-2.1734408396615,0.7156115124002049,-3.8324386421192513,-1.8741884036499012,2268.9178053728983,2275.8548411629695,2290.953809579246,2437.123090513343,000300.SH
2012-11-13,2212.44,-0.00765715293163205,1,-0.017501165708195376,0.004877461042785969,-0.001999634810568973,-0.018404291128782058,-3.48004763961417,-1.2250656285158201,-4.309539462302336,-3.7299404741184206,2258.6491134869166,2269.8153324807818,2287.8748366545697,2434.887437871419,000300.SH
2012-11-14,2223.11,-0.1813466720104655,2,0.004822729655945546,-0.017501165708195376,0.004877461042785969,-0.001999634810568973,-2.815288239177105,-1.4063206819169616,-3.6688939153645572,-3.3766515994436697,2252.187456489295,2265.36720557785,2285.335039138704,2432.780199683644,000300.SH
2012-11-15,2193.62,0.007900028483845745,3,-0.013265200552379453,0.004822729655945546,-0.017501165708195376,0.004877461042785969,-2.3064830031041095,-4.537225616655361,-4.260575059792949,-6.098250059929455,2241.538828036696,2258.5341383799596,2281.738370937186,2430.4004962042045,000300.SH
2012-11-16,2177.24,0.09838847371807535,4,-0.007467109162024421,-0.013265200552379453,0.004822729655945546,-0.017501165708195376,-2.8416900201702955,-5.615210879281429,-3.143809138266218,-6.655176701093691,2229.848132030024,2250.79183948663,2277.6403956063164,2427.881486291725,000300.SH
2012-11-19,2174.99,0.023698754702171865,0,-0.001033418456394375,-0.007467109162024421,-0.013265200552379453,0.004822729655945546,-3.4131935963763183,-5.512450692477467,-2.722007290292283,-7.114823688177707,2219.8739262063827,2243.5726166783797,2273.614889896265,2425.3651530947927,000300.SH
2012-11-20,2164.88,-0.13980585864947814,1,-0.004648297233550314,-0.001033418456394375,-0.007467109162024421,-0.013265200552379453,-2.14966281571477,-5.554901165251003,-3.348393663946281,-6.36656171066744,2209.8750305324947,2236.078081756629,2269.350776567,2422.7732610241983,000300.SH
2012-11-21,2194.9,0.17925623499947818,2,0.01386681940800405,-0.004648297233550314,-0.001033418456394375,-0.007467109162024421,-1.2689430572486282,-4.048506891773151,-2.657418330509753,-4.891280797996345,2207.1522977084046,2232.1563596845695,2266.431138270255,2420.5058653921164,000300.SH
2012-11-22,2177.55,-0.20595126825320442,3,-0.007904688140689786,0.01386681940800405,-0.004648297233550314,-0.001033418456394375,-0.7325790246259456,-3.0221652170427493,-5.236565878113741,-4.961942005202403,2201.770061761422,2226.9557540003248,2262.9456034361274,2418.0883940946824,000300.SH
2012-11-23,2192.68,0.22155677778990213,4,0.006948175702050419,-0.007904688140689786,0.01386681940800405,-0.004648297233550314,0.7091547096323758,-2.1526872891491133,-4.945876702055263,-2.456948899199707,2200.117323259345,2223.6913964764844,2260.190089575887,2415.8455245017008,000300.SH
2012-11-26,2175.6,-0.15494098100056908,0,-0.007789554335333904,0.006948175702050419,-0.007904688140689786,0.01386681940800405,0.028046105959123047,-3.386104758309838,-5.48595061428051,-2.694724601382026,2195.6596281212824,2219.111263478724,2256.8728311611467,2413.455021770341,000300.SH
2012-11-27,2150.64,0.1762472167869915,1,-0.01147269718698296,-0.007789554335333904,0.006948175702050419,-0.007904688140689786,-0.657773179113863,-2.7932960893854775,-6.1761356943735635,-3.9841420076075607,2187.4742411901398,2212.5901907664647,2252.7068377822784,2410.839946926855,000300.SH
2012-11-28,2129.16,-0.06602054169563454,2,-0.009987724584309743,-0.01147269718698296,-0.007789554335333904,0.006948175702050419,-2.995125062645232,-4.226061688355509,-6.922374109839968,-5.572950390718567,2176.8716518828414,2204.644458312516,2247.861863751601,2408.0371613852944,000300.SH
2012-11-29,2115.68,-0.016666857740880503,3,-0.006331135283398126,-0.009987724584309743,-0.01147269718698296,-0.007789554335333904,-2.8412665610433874,-3.5530310628094197,-5.777564008354819,-7.929047643915277,2165.745896995052,2196.171652758943,2242.6782612515385,2405.128134903849,000300.SH
2012-11-30,2139.66,0.18886412788669027,4,0.011334417303183963,-0.006331135283398126,-0.009987724584309743,-0.01147269718698296,-2.4180454968349196,-1.7260384707244003,-4.51867982792783,-7.244328650017129,2161.003006632315,2190.7895905914247,2238.638329437753,2402.4866609247065,000300.SH
2012-12-03,2108.85,0.1968887019399994,0,-0.014399484030172993,0.011334417303183963,-0.006331135283398126,-0.009987724584309743,-3.068119139547709,-3.0409335215334288,-6.350334169682704,-8.385754253045341,2151.520641790076,2182.985820058908,2233.548591028429,2399.5649031045605,000300.SH
2012-12-04,2131.47,-0.07143837430300837,1,0.010726225193826044,-0.014399484030172993,0.011334417303183963,-0.006331135283398126,-0.8913625711416184,-1.5432726063338564,-3.6597602646851524,-7.012446503592617,2147.8750705555167,2178.079551481869,2229.5455090273144,2396.8972921283957,000300.SH
2012-12-05,2207.88,1.1778743704372259,2,0.03584849892327835,0.010726225193826044,-0.014399484030172993,0.011334417303183963,3.6972327114918713,0.5913709052804306,-0.6850763120133552,-3.481077678348954,2158.7850577272407,2180.917689435977,2228.6958812223215,2395.0165230524913,000300.SH
2012-12-06,2203.6,-0.3812884130226071,3,-0.001938511150968436,0.03584849892327835,0.010726225193826044,-0.014399484030172993,4.15563790365272,1.196298592454803,0.4549557352686362,-1.862020744541082,2166.9332290495604,2183.0779094896934,2227.7117290175247,2393.1118810320686,000300.SH
2012-12-07,2246.76,0.5200812375156607,4,0.01958613178435309,-0.001938511150968436,0.03584849892327835,0.010726225193826044,5.005468158492499,2.4663881642556396,3.19303338171264,0.2606072505935142,2181.4471874041856,2189.1428704906753,2228.4587200364454,2391.655643409859,000300.SH
2012-12-10,2271.05,-0.05533728739239807,0,0.010811123573501336,0.01958613178435309,-0.001938511150968436,0.03584849892327835,7.691395784432298,4.38729545872405,4.416572030216259,0.8526322801252428,2197.7386078761515,2196.9435494915633,2230.128966309526,2390.455587256527,000300.SH
2012-12-11,2258.5,-0.2656653274108355,1,-0.005526078245745469,0.010811123573501336,0.01958613178435309,-0.001938511150968436,5.959736707530494,5.015251274039367,4.324489117179708,2.081864366943287,2208.786133716851,2202.806068587605,2231.241555866015,2389.142596338552,000300.SH
2012-12-12,2267.77,-0.13097592750883946,2,0.0041044941332741836,-0.005526078245745469,0.010811123573501336,0.01958613178435309,2.7125568418573387,6.510079092224164,3.319969019089708,2.0088974454705255,2219.51047304106,2208.9931096745,2232.6740438712695,2387.934908812795,000300.SH
2012-12-13,2242.64,-0.06423396747633003,3,-0.011081370685739778,0.0041044941332741836,-0.005526078245745469,0.010811123573501336,1.7716463968052265,6.000907509642284,2.989139170168298,2.23466233896481,2223.715841579049,2212.1975754197856,2233.0648656802396,2386.489188327096,000300.SH
2012-12-14,2355.86,1.5619247858147496,4,0.050485142510612535,-0.011081370685739778,0.0041044941332741836,-0.005526078245745469,4.855881358044467,10.104409111728053,7.442034405385201,8.203964652495843,2247.74205220104,2225.879711094092,2237.8803611437597,2386.1844202840407,000300.SH
2012-12-17,2366.7,-0.09510773117592064,0,0.004601292097153431,0.050485142510612535,-0.011081370685739778,0.0041044941332741836,4.2117082406816,12.227043175190255,8.783783783783772,8.814293399050111,2269.370769982669,2239.2911671803686,2242.932111687142,2385.990545455344,000300.SH
2012-12-18,2368.12,-0.07291670833293151,1,0.0005999915494148134,0.004601292097153431,0.050485142510612535,-0.011081370685739778,4.853663936240871,11.102666235039681,10.11233865268013,9.38804922212777,2287.3251754403655,2251.560579829857,2247.8414406405877,2385.812729082654,000300.SH
2012-12-19,2371.11,-0.22413012018348577,2,0.0012626049355608515,0.0005999915494148134,0.004601292097153431,0.050485142510612535,4.5568995092095,7.393064840480457,11.363636363636376,8.028156180236001,2302.5587799057535,2262.9462388936804,2252.675501791937,2385.6664332708865,000300.SH
2012-12-20,2384.82,0.0308785875214157,3,0.005782102053468741,0.0012626049355608515,0.0005999915494148134,0.004601292097153431,6.339849463132752,8.223815574514436,12.721205475308196,9.51849555693325,2317.5153653774346,2274.553263760949,2257.857638976567,2385.6580110492855,000300.SH
2012-12-21,2372.0,0.06122640340454488,4,-0.005375667765282199,0.005782102053468741,0.0012626049355608515,0.0005999915494148134,0.685100133284644,5.574249140985232,10.858734565304772,8.178119926300242,2327.4216625815375,2283.833905307525,2262.333809997094,2385.52211044183,000300.SH
2012-12-24,2381.22,-0.19085972594965506,0,0.003887015177065578,-0.005375667765282199,0.005782102053468741,0.0012626049355608515,0.6135124857396423,4.851060082340752,12.91557009744646,9.451185879757308,2337.2031784758033,2293.1087714687133,2266.9960135266197,2385.4793033727574,000300.SH
2012-12-25,2448.4,0.6606654208287495,1,0.028212428922989252,0.003887015177065578,-0.005375667765282199,0.005782102053468741,3.390030910595754,8.408235554571618,14.869080962903558,13.845180969385872,2357.4207823892934,2307.8984122812167,2274.109895349105,2386.105379956113,000300.SH
2012-12-26,2457.62,-0.23889700423141336,2,0.0037657245548112783,0.028212428922989252,0.003887015177065578,-0.005375667765282199,3.648502178304658,8.371660265370817,11.311303150533526,15.426741062202943,2375.638821954876,2322.1576111115774,2281.306370041297,2386.8169682152566,000300.SH
2012-12-27,2444.59,0.013468946692582362,3,-0.005301877426127644,0.0037657245548112783,0.028212428922989252,0.003887015177065578,2.5062688169337655,9.005011950201558,10.936195316754404,15.546301898207693,2388.175399781262,2333.8178386247605,2287.709649647521,2387.3918242529157,000300.SH
2012-12-28,2480.05,-0.04722953051887002,4,0.014505499899778673,-0.005301877426127644,0.0037657245548112783,0.028212428922989252,4.555227655986527,5.271535660013749,10.383396535455503,15.908602301300224,2404.8798725483052,2347.744711136688,2295.2524084848733,2388.3137961508965,000300.SH
2012-12-31,2522.95,0.22853956252595453,0,0.017298038346000855,0.014505499899778673,-0.005301877426127644,0.0037657245548112783,5.95199099621202,6.602019689863514,11.091785737874527,19.63629466296797,2426.347168448613,2364.43092912367,2304.181725799192,2389.6534598707885,000300.SH
2013-01-04,2524.41,0.1778229648444567,4,0.0005786876473969915,0.017298038346000855,0.014505499899778673,-0.005301877426127644,3.1044763927462693,6.599750012668282,11.773743635156064,18.435164463961495,2444.1767741852286,2379.667031111892,2312.818128709028,2390.9943209666017,000300.SH
2013-01-07,2535.99,-0.23448332143221473,0,0.00458721047690358,0.0005786876473969915,0.017298038346000855,0.014505499899778673,3.1888575125528007,6.953705226665985,11.827478095221288,14.860862003369736,2460.8700879697326,2394.5549329107594,2321.56996679887,2392.437064041561,000300.SH
2013-01-08,2525.33,0.045519520891171616,1,-0.00420348660680836,0.00458721047690358,0.0005786876473969915,0.017298038346000855,3.3028033330742446,5.891849280029504,12.605233118110792,14.600199673261937,2472.590071975236,2407.0097012049728,2329.5605563361696,2393.759381812292,000300.SH
2013-01-09,2526.13,-0.02960153499317486,2,0.0003167902808742795,-0.00420348660680836,0.00458721047690358,0.0005786876473969915,1.8580270559061196,6.4978920741989965,7.22750927474467,12.434349908312402,2482.3246043433746,2418.354491566404,2337.2691619700454,2395.076502391274,000300.SH
2013-01-10,2530.57,-0.041417228855935906,3,0.0017576292589851494,0.0003167902808742795,-0.00420348660680836,0.00458721047690358,0.302027388572923,6.271995027758903,6.923986986098796,11.427313357257663,2491.096494462761,2429.0416828457937,2344.8495869908284,2396.424696397331,000300.SH
2013-01-11,2483.23,0.022721916607936654,4,-0.01870724777421695,0.0017576292589851494,0.0003167902808742795,-0.00420348660680836,-1.631272257676042,1.4225616729292678,4.860817863959599,9.950409563869833,2489.6662227422585,2434.202474955718,2350.276269853933,2397.288430761537,000300.SH
2013-01-14,2577.73,0.3308450102726286,0,0.03805527478324611,-0.01870724777421695,0.0017576292589851494,0.0003167902808742795,1.6459055437915815,4.887248638927089,8.71406219028219,13.668052756672866,2505.677818607302,2447.8717630551737,2359.1960239773084,2399.0838692614225,000300.SH
2013-01-15,2595.86,0.04649797265911082,1,0.007033320014121047,0.03805527478324611,-0.01870724777421695,0.0017576292589851494,2.7929023137570175,6.187949717539554,8.849305188651545,15.750187279278016,2522.0745788605195,2461.965880859443,2368.4769642134925,2401.0418407115576,000300.SH
2013-01-16,2577.09,-0.057144176384137824,2,-0.007230744339063011,0.007033320014121047,0.03805527478324611,-0.01870724777421695,2.0173150233756765,3.9128243382189787,8.646290050590233,9.390625928535655,2532.077382704061,2472.9300826823537,2376.657867577669,2402.7935636895522,000300.SH
2013-01-17,2552.76,-0.24955663684403295,3,-0.009440880993678902,-0.007230744339063011,0.007033320014121047,0.03805527478324611,0.8768775414234709,1.1815533403357392,7.203870284979996,7.861579414374464,2535.8378585760497,2480.532931950701,2383.563833555015,2404.2857670359253,000300.SH
2013-01-18,2595.44,0.0797455300147305,4,0.016719158871182582,-0.009440880993678902,-0.007230744339063011,0.007033320014121047,4.518711516855056,2.8137267718001624,6.005554647933353,9.599175717446752,2546.6746115622223,2491.4764622411103,2391.872702827368,2406.1877992047225,000300.SH
2013-01-21,2610.9,0.10230856370671915,0,0.0059566008075702115,0.016719158871182582,-0.009440880993678902,-0.007230744339063011,1.2867910913866076,2.9538760010883403,6.236928410413345,10.11298505763123,2558.351954914546,2502.850132503862,2400.462008598844,2408.2247365260687,000300.SH
2013-01-22,2596.9,0.19803452399697097,1,-0.0053621356620322524,0.0059566008075702115,0.016719158871182582,-0.009440880993678902,0.04006379388719061,2.834085050270674,6.230492638847407,8.89291434992996,2565.360690384628,2511.807262741589,2408.165459242027,2410.1021023317794,000300.SH
2013-01-23,2607.46,-0.2884988787531846,2,0.004066386845854586,-0.0053621356620322524,0.0059566008075702115,0.016719158871182582,1.1784609773038524,3.2195492710193063,5.137396423459206,9.92664418212479,2573.0151103146954,2520.9170472423903,2415.980931428614,2412.0658625075826,000300.SH
2013-01-24,2582.76,0.5054877799879685,3,-0.009472820292545148,0.004066386845854586,-0.0053621356620322524,0.0059566008075702115,1.1751986085648536,2.06238120265394,2.370637547315657,8.463728676896732,2574.786908439296,2526.8068522669246,2422.521287058865,2413.7643116368604,000300.SH
2013-01-25,2571.67,-0.4459498320577905,4,-0.004293856184856559,-0.009472820292545148,0.004066386845854586,-0.0053621356620322524,-0.9158370064420662,3.5614904781272827,1.8721206143217817,5.034716549583407,2574.220197813969,2531.079533003408,2428.3702561938117,2415.3355125160956,000300.SH
2013-01-28,2651.86,0.6176355101395845,0,0.031182072349873913,-0.004293856184856559,-0.009472820292545148,0.004066386845854586,1.5688076908345838,2.875786059827834,4.569024325805726,7.903581513822333,2588.3365254841565,2542.582434622131,2437.1345598724856,2417.688990003498,000300.SH
2013-01-29,2675.87,0.10851965015327991,1,0.009054022459707545,0.031182072349873913,-0.004293856184856559,-0.009472820292545148,3.040933420616887,3.082215527801946,5.961201110349923,9.460891192388088,2604.251702668855,2555.2764884676426,2446.4967339951336,2420.2579552770953,000300.SH
2013-01-30,2688.71,-0.07323880349189049,2,0.004798439386068942,0.009054022459707545,0.031182072349873913,-0.004293856184856559,3.116059306758312,4.331241827021937,6.43593164247287,8.413540049595758,2619.607756729063,2567.9844419469146,2455.995293446305,2422.929119901204,000300.SH
2013-01-31,2686.88,-0.06325641393006798,3,-0.0006806237935663706,0.004798439386068942,0.009054022459707545,0.031182072349873913,4.03134631169757,5.253921246023907,6.176869242897842,6.4975524683406505,2631.8390736874153,2579.307828428161,2465.049595664097,2425.55549681761,000300.SH
2013-02-01,2743.32,0.17024398153959863,4,0.021005776216280525,-0.0006806237935663706,0.004798439386068942,0.009054022459707545,6.674651102202067,5.697685170915157,10.473858643782496,8.67172923574222,2652.1083330169763,2594.9280352445267,2475.962160540015,2428.7173326701713,000300.SH
2013-02-04,2748.03,0.2311726212867422,0,0.001716897773500703,0.021005776216280525,-0.0006806237935663706,0.004798439386068942,3.6265112034572056,5.252211880960589,6.606587966932143,8.361231708326944,2669.5486361047983,2609.509174745048,2486.6314875776616,2431.8945731411154,000300.SH
2013-02-05,2771.68,-0.17204298073480828,1,0.00860616514375745,0.001716897773500703,0.021005776216280525,-0.0006806237935663706,3.580517738156197,6.730332319303778,6.773092539659298,9.755160711669353,2688.117974994835,2624.9540152455193,2497.8098606138315,2435.2755226621,000300.SH
2013-02-06,2775.84,-0.21039346796488445,2,0.0015008947641863557,0.00860616514375745,0.001716897773500703,0.021005776216280525,3.2405874936307866,6.457625428578018,7.712187001618109,9.885081132008256,2704.0674340866835,2639.32410903166,2508.713003334858,2438.6642239291436,000300.SH
2013-02-07,2759.87,0.07853750967248074,3,-0.0057532134416969916,0.0015008947641863557,0.00860616514375745,0.001716897773500703,2.716533674745425,6.857392866545853,8.113179460662167,9.06119965067158,2714.213355161832,2650.804670076264,2518.5622973217264,2441.8603013029833,000300.SH
2013-02-08,2771.73,-0.13622797165201406,4,0.004297303858515011,-0.0057532134416969916,0.0015008947641863557,0.00860616514375745,1.0356064914045726,7.779380713699657,6.792297259809521,11.617933095202627,2724.67092695059,2662.3213681642387,2528.490442524796,2445.1425868621577,000300.SH
2013-02-18,2737.47,-0.022945436767967897,0,-0.012360511305213762,0.004297303858515011,-0.0057532134416969916,0.0015008947641863557,-0.3842752808375649,3.2283001365079445,4.847753648167297,6.196925201630887,2726.9980311413915,2669.4783807200256,2536.6857192885295,2448.051317341141,000300.SH
2013-02-19,2685.61,0.018017473037801768,1,-0.018944499848400076,-0.012360511305213762,0.004297303858515011,-0.0057532134416969916,-3.105336835421102,0.3639937665133264,3.415995995225085,3.457428366706994,2719.4729345702294,2671.0147254133562,2542.525887159568,2450.4150853277965,000300.SH
2013-02-20,2702.64,-0.10701386513181232,2,0.006341203674397944,-0.018944499848400076,-0.012360511305213762,0.004297303858515011,-2.6370395988241535,0.5180923193650377,3.650295690058525,4.871773977625926,2716.412401012006,2674.02665632637,2548.80487197684,2452.9247859713014,000300.SH
2013-02-21,2610.55,0.4071784645520229,3,-0.03407409051889998,0.006341203674397944,-0.018944499848400076,-0.012360511305213762,-5.41039976520632,-2.8408414220210787,1.0759807337886507,2.2638242529654073,2697.1646917370954,2667.9812604857634,2551.2262495463756,2454.4931960611393,000300.SH
2013-02-22,2596.6,-0.3640280063115533,4,-0.005343701518837118,-0.03407409051889998,0.006341203674397944,-0.018944499848400076,-6.318436499947689,-5.348264147091852,0.9694089832676722,0.044693770613069006,2678.8802023303506,2661.1830452014046,2553.005612309263,2455.907194110282,000300.SH
2013-02-25,2604.96,-0.15606601607609216,0,0.0032195948548101594,-0.005343701518837118,-0.03407409051889998,0.006341203674397944,-4.840600992887589,-5.206275040665497,-1.7685699848408287,-0.2275077559462324,2665.440165543014,2655.8284694679373,2555.0430392775274,2457.3903066066973,000300.SH
2013-02-26,2567.59,0.4991409612854494,1,-0.014345709722989985,0.0032195948548101594,-0.005343701518837118,-0.03407409051889998,-4.39453234088345,-7.363404144778607,-4.046534398158341,-1.1286533944318222,2647.649226353375,2647.4248057090863,2555.5350769529186,2458.4868209688198,000300.SH
2013-02-27,2594.68,-0.22503057309500485,2,0.010550749925026803,-0.014345709722989985,0.0032195948548101594,-0.005343701518837118,-3.9946126750140643,-6.526312755778441,-3.4972161371066512,-0.4901321592661101,2638.0184579254883,2642.40149087965,2557.070171974373,2459.8419769790808,000300.SH
2013-02-28,2673.33,0.42752111944062654,3,0.03031202306257419,0.010550749925026803,-0.014345709722989985,0.0032195948548101594,2.404857213997036,-3.135654940268928,-0.5043023878997244,3.506713748083423,2644.438738302672,2645.347063176826,2561.6293809165545,2461.9662359146128,000300.SH
2013-03-01,2668.84,-0.1289378327492119,4,-0.0016795532164004534,0.03031202306257419,0.010550749925026803,-0.014345709722989985,2.7820996687976773,-3.712122032088261,-2.7149585174168545,3.7784785761781237,2648.87533133855,2647.5844857314137,2565.833718919827,2464.024681328398,000300.SH
2013-03-04,2545.72,0.40130926561513003,0,-0.046132402092294855,-0.0016795532164004534,0.03031202306257419,0.010550749925026803,-2.2741232111049725,-7.004642973256326,-7.362001142636743,-4.002473735415912,2630.1198165497226,2637.8831061379456,2565.0449456288534,2464.837570071399,000300.SH
2013-03-05,2622.81,-0.17966783153427834,1,0.030282199142089627,-0.046132402092294855,-0.0016795532164004534,0.03031202306257419,2.150654894278281,-2.3383886714750113,-5.3711106621254885,-1.9829064939627106,2628.7907589952274,2636.447572220046,2567.3102418787025,2466.409435045813,000300.SH
2013-03-06,2650.2,0.029145123933582484,2,0.010442998158463501,0.030282199142089627,-0.046132402092294855,-0.0016795532164004534,2.1397628994712203,-1.9403250155403673,-4.526197475358817,-1.432285371051556,2632.6833482688226,2637.7573272467084,2570.5608206285574,2468.238196886153,000300.SH
2013-03-07,2619.48,0.01524699551988462,3,-0.011591577994113589,0.010442998158463501,0.030282199142089627,-0.046132402092294855,-2.0143416637676603,0.3420735094137095,-5.086833800142754,-2.508485678556549,2630.282739492673,2636.0166294136884,2572.479219819594,2469.743090449475,000300.SH
2013-03-08,2606.93,-0.34657169415770883,4,-0.004791027226777933,-0.011591577994113589,0.010442998158463501,0.030282199142089627,-2.319734416450603,0.39782792883000795,-5.945745076179865,-4.971713106746578,2626.0367868576413,2633.2464742314323,2573.830230807061,2471.1081343255996,000300.SH
2013-03-11,2592.37,-0.1680082290599304,0,-0.005585113524336993,-0.004791027226777933,-0.011591577994113589,0.010442998158463501,1.8324874691639348,-0.4833087648178913,-5.30051470883699,-5.66442142189133,2619.915552883525,2629.3534766855814,2574.557280579333,2472.314720053703,000300.SH
2013-03-12,2555.61,0.36625810841979467,1,-0.014180074603547976,-0.005585113524336993,-0.004791027226777933,-0.011591577994113589,-2.562137554759969,-0.466585397201269,-4.840613491906865,-7.79563297350343,2608.223634177429,2622.330288429812,2573.8142499683786,2473.1435288093876,000300.SH
2013-03-13,2527.49,-0.21864501675825354,2,-0.011003243843935584,-0.014180074603547976,-0.005585113524336993,-0.004791027226777933,-4.630216587427361,-2.5895293446590695,-6.480700352248181,-8.946841316502407,2593.5447915997147,2613.297880007925,2571.9976127147165,2473.684289716757,000300.SH
2013-03-14,2534.27,-0.10845600970792657,3,0.002682503194869401,-0.011003243843935584,-0.014180074603547976,-0.005585113524336993,-3.2529356971612744,-5.2017521218854395,-2.921989619045806,-8.174298064763919,2582.767556763403,2605.7714152452654,2570.51809849061,2474.2871326051477,000300.SH
2013-03-15,2539.87,0.6573251474370607,4,0.0022097093048489835,0.002682503194869401,-0.011003243843935584,-0.014180074603547976,-2.572374402074473,-4.832436564200182,-2.1847800970499875,-8.365172653902075,2574.9680009882386,2599.4950899838113,2569.316212275292,2474.9396984498726,000300.SH
2013-03-18,2502.49,-0.23753895473926978,0,-0.014717288680129337,0.0022097093048489835,0.002682503194869401,-0.011003243843935584,-3.4670976751003946,-1.6981443363763504,-3.9336496529697285,-8.583838361698948,2561.7901826267407,2590.256509985353,2566.69557649979,2475.213830803605,000300.SH
2013-03-19,2525.1,-0.11875300743847705,1,0.009035001138865795,-0.014717288680129337,0.0022097093048489835,0.002682503194869401,-1.1938441311467818,-3.7253937570773332,-1.654859225966776,-5.976668242969019,2555.119240330969,2584.0511280819865,2565.064377421367,2475.710210596604,000300.SH
2013-03-20,2610.17,0.6415352886575263,2,0.03368975486119363,0.009035001138865795,-0.014717288680129337,0.0022097093048489835,3.271229559760891,-1.510452041355359,0.5969907657206397,-3.42146937808957,2565.1284693617017,2586.538639693226,2566.8332253656276,2477.048118948877,000300.SH
2013-03-21,2614.99,-0.21505566608108473,3,0.0018466230168914244,0.03368975486119363,0.009035001138865795,-0.014717288680129337,3.1851381265610934,-0.17140806572297773,-2.1822969854077168,0.17007910210491417,2574.1942022050284,2589.248293055776,2568.7217263316816,2478.4206749792365,000300.SH
2013-03-22,2618.31,-0.21998803227182906,4,0.0012696033254429029,0.0018466230168914244,0.03368975486119363,0.009035001138865795,3.0883470413840097,0.4365287905697457,-1.8933319344734079,0.8360933528460235,2582.2152563495683,2592.0160746695115,2570.666364514753,2479.8126085615327,000300.SH
2013-03-25,2613.1,0.037986913171184966,0,-0.0019898331366415833,0.0012696033254429029,0.0018466230168914244,0.03368975486119363,4.41999768230843,0.7996543703252312,2.6467954056219822,0.31248080584729276,2587.8306642860102,2594.0240675581294,2572.3304286514294,2481.138851262413,000300.SH
2013-03-26,2575.05,0.1258796450577564,1,-0.014561249091117778,-0.0019898331366415833,0.0012696033254429029,0.0018466230168914244,1.9781394796245744,0.7606794463943967,-1.820947762132974,0.2905448299767466,2585.506907143099,2592.2170135049746,2572.437078508236,2482.073290553334,000300.SH
2013-03-27,2583.53,-0.10189357671058208,2,0.003293139939030354,-0.014561249091117778,-0.0019898331366415833,0.0012696033254429029,-1.0206231778006725,2.2172194548742308,-2.5156591955323937,-0.4297254382043092,2585.1474694807175,2591.389678885453,2572.872095037325,2483.0828100503163,000300.SH
2013-03-28,2499.3,0.44454645814951665,3,-0.032602679279900015,0.003293139939030354,-0.014561249091117778,-0.0019898331366415833,-4.424108696400353,-1.379884542688814,-4.587933482981343,-6.5098584910953665,2569.5388386660416,2582.619233277315,2569.986914839783,2483.2441751244423,000300.SH
2013-03-29,2495.08,-0.3856006250745049,4,-0.0016884727723763815,-0.032602679279900015,0.003293139939030354,-0.014561249091117778,-4.706470967914422,-1.763476083421589,-4.290487278139421,-6.510693784565591,2556.000867999488,2574.28216344138,2567.049388767635,2483.3619445261893,000300.SH
2013-04-01,2493.19,-0.09404801102822102,0,-0.000757490741779776,-0.0016884727723763815,-0.032602679279900015,0.003293139939030354,-4.58880257165818,-0.3716298566627585,-3.825842761642817,-2.0634633816759007,2544.5807101813994,2566.5591002564865,2564.1529421492965,2483.4597361229435,000300.SH
2013-04-02,2486.39,0.17976256058653317,1,-0.002727429518007085,-0.000757490741779776,-0.0016884727723763815,-0.032602679279900015,-3.443039940972037,-1.5330085937190652,-2.7085509917397554,-5.201291744350522,2534.0005810575085,2558.9239478511067,2561.103415006187,2483.488892977442,000300.SH
2013-04-03,2483.55,-0.18837458047546796,2,-0.001142218236077075,-0.002727429518007085,-0.000757490741779776,-0.0016884727723763815,-3.8698989367261127,-4.851025029021095,-1.7384836339609522,-6.288204663798947,2524.8277481379614,2551.7454766271917,2558.0621046137876,2483.4895010075174,000300.SH
2013-04-08,2472.3,0.22350117546181392,0,-0.004529806124297875,-0.001142218236077075,-0.002727429518007085,-0.000757490741779776,-1.0803024846957165,-5.456617424923216,-2.4452801003839286,-5.618672408264224,2515.2772484765137,2544.1792407579355,2554.6988848250116,2483.3781626890345,000300.SH
2013-04-09,2489.43,-0.005470838544560763,1,0.006928770780245008,-0.004529806124297875,-0.001142218236077075,-0.002727429518007085,-0.2264456450294161,-4.922259014402419,-1.985928413658966,-4.507217301576949,2510.577748753511,2538.965027352418,2552.139320714227,2483.438379975711,000300.SH
2013-04-10,2485.31,-0.054292642515411216,2,-0.0016549973287057762,0.006928770780245008,-0.004529806124297875,-0.001142218236077075,-0.3160609500278855,-4.890360108683167,-0.6865162298350769,-4.129811716691679,2505.983612616509,2533.855024747426,2549.5185630391593,2483.45700306053,000300.SH
2013-04-11,2477.88,-0.17173237071485514,3,-0.0029895666938932752,-0.0016549973287057762,0.006928770780245008,-0.004529806124297875,-0.342263281303401,-3.7735189607968844,-1.8700249495069432,-3.041543897543053,2500.873864868053,2528.524070009576,2546.7092076258587,2483.4015104927635,000300.SH
2013-04-12,2462.11,-0.06068547942086355,4,-0.006364311427510594,-0.0029895666938932752,-0.0016549973287057762,0.006928770780245008,-0.863280384932863,-4.699771243221484,-5.672427466410235,-2.5867560306865545,2493.8258894374976,2522.1989204848546,2543.391591640531,2483.189654666965,000300.SH
2013-04-15,2436.82,0.09045180264692454,0,-0.010271677544870017,-0.006364311427510594,-0.0029895666938932752,-0.0016549973287057762,-1.4351009181733598,-2.499899971992159,-6.813410376330298,-3.8452887813847703,2483.4611822670436,2514.067594724392,2539.2123135369807,2482.7282650682887,000300.SH
2013-04-16,2459.59,0.21999444707069382,1,0.009344145238466606,-0.010271677544870017,-0.006364311427510594,-0.0029895666938932752,-1.198667968169409,-1.422399281786546,-6.0619254404558625,-3.16079169406307,2479.120967309399,2508.8792523696884,2536.089869868864,2482.498033575072,000300.SH
2013-04-17,2458.47,-0.12982533970607213,2,-0.00045536044625338334,0.009344145238466606,-0.010271677544870017,-0.006364311427510594,-1.079945761293366,-1.3925934244883198,-5.917492633270827,-1.7590479882037435,2475.3662459804173,2504.078371191623,2533.0459534034185,2482.258948663877,000300.SH
2013-04-18,2464.85,-0.011339328811048932,3,0.002595109966768039,-0.00045536044625338334,0.009344145238466606,-0.010271677544870017,-0.5258527450885508,-0.8663162255317935,-4.279528552843647,-2.3860441170646673,2473.454201256705,2500.3423358400396,2530.3716022895587,2482.0857252940873,000300.SH
2013-04-19,2533.83,0.6581683133009755,4,0.027985475789601866,0.002595109966768039,-0.00045536044625338334,0.009344145238466606,2.912948649735392,2.024521350486186,-1.9237245164561823,-2.924713715964866,2484.431619210031,2503.531637188607,2530.507225729184,2482.6005936991214,000300.SH
2013-04-22,2530.67,-0.17851933066818482,0,-0.0012471239191262917,0.027985475789601866,0.002595109966768039,-0.00045536044625338334,3.8513308328066875,2.3609594304898174,1.255151442403868,-3.224486518112868,2492.8385975354795,2506.1162431706443,2530.513609033922,2483.078896249379,000300.SH
2013-04-23,2449.47,-0.02301965093701075,1,-0.03208636448055269,-0.0012471239191262917,0.027985475789601866,0.002595109966768039,-0.411450688935977,-1.6051867294922917,-1.8279974990781933,-6.448434295404293,2484.953397983574,2500.721362868678,2527.335428287494,2482.7444793712757,000300.SH
2013-04-24,2495.58,0.0099593738875563,2,0.01882448039780038,-0.03208636448055269,-0.0012471239191262917,0.027985475789601866,1.50947540543509,0.4132281284829675,0.09586112570640903,-4.497340323753396,2486.885507441106,2500.2317092621374,2526.090117374259,2482.872195994447,000300.SH
2013-04-25,2467.88,-0.036953874147724775,3,-0.011099624135471386,0.01882448039780038,-0.03208636448055269,-0.0012471239191262917,0.12292837292331438,-0.4035707943887523,-0.7444528010489004,-4.161860934739137,2483.4299606336317,2497.150594094315,2523.807367673308,2482.7230199149003,000300.SH
2013-04-26,2447.31,-0.22606446213872877,4,-0.008335089226380599,-0.011099624135471386,0.01882448039780038,-0.03208636448055269,-3.414593717810588,-0.6011104296721137,-1.4592015461738383,-5.27263085777987,2476.8626950638804,2492.403870847237,2520.8074709018056,2482.370651557538,000300.SH
2013-05-02,2449.64,0.018304715719864362,3,0.0009520657374830765,-0.008335089226380599,-0.011099624135471386,0.01882448039780038,-3.2019188594324954,0.5260954850994315,-0.9165554342110749,-1.986956347777391,2471.913114143175,2488.3311212427384,2518.0165896899703,2482.0449734325875,000300.SH
2013-05-03,2492.91,0.34039061068273724,4,0.017663819989875984,0.0009520657374830765,-0.008335089226380599,-0.011099624135471386,1.7734448676652415,1.3546973276033603,0.1397910365023236,-0.0869711592413891,2475.7307297535062,2488.767204933906,2517.0320175452653,2482.153083149676,000300.SH
2013-05-06,2525.98,-0.023694644162268408,0,0.013265621302012587,0.017663819989875984,0.0009520657374830765,-0.008335089226380599,1.2181536957340589,2.746016831606668,1.6364155779359457,1.3151825572860432,2484.8669607074144,2492.3112806544864,2517.382918818,2482.589171874555,000300.SH
2013-05-07,2529.94,-0.0408464260186715,1,0.0015677083745715414,0.013265621302012587,0.017663819989875984,0.0009520657374830765,2.5147089809877343,2.640728644745116,2.10098955558784,1.7515353584916404,2493.0620587606118,2495.894968211202,2517.8753533741565,2483.0603243932164,000300.SH
2013-05-08,2542.8,0.017962712433718053,2,0.005083124500976366,0.0015677083745715414,0.013265621302012587,0.017663819989875984,3.9018350760631204,0.35400954286595177,3.277270308800184,2.385697892130212,2502.1053208041367,2500.3621140958494,2518.8527904967386,2483.65474902612,000300.SH
2013-05-09,2527.79,0.06846622776145916,3,-0.005902941639138071,0.005083124500976366,0.0015677083745715414,0.013265621302012587,3.190264691954736,-0.11380385431526419,3.7331440155612627,2.24446871334385,2506.7752624761115,2502.9742937057686,2519.203269300788,2484.0939057522287,000300.SH
2013-05-10,2540.84,-0.21014834502901925,4,0.0051626124005554885,-0.005902941639138071,0.005083124500976366,0.0015677083745715414,1.9226526428952617,3.7301946951789677,3.303396094471034,2.0651313754554312,2512.9688511168183,2506.580551448076,2520.0517685438945,2484.658543505938,000300.SH
2013-05-13,2530.77,0.08366752336939776,0,-0.00396325624596594,0.0051626124005554885,-0.005902941639138071,0.005083124500976366,0.1896293715706321,1.4100930445026805,2.940853457638304,1.82914807408332,2516.2054236410327,2508.8843084530217,2520.472091346095,2485.1173639685653,000300.SH
2013-05-14,2493.34,0.017939958034698167,1,-0.014789965109432979,-0.00396325624596594,0.0051626124005554885,-0.005902941639138071,-1.446674624694655,1.0316546995801978,1.1558512688399025,0.6239204481250038,2512.0480738881174,2507.4038981241624,2519.4080877638958,2485.19918124251,000300.SH
2013-05-15,2506.93,-0.15257005263376322,2,0.005450520185774854,-0.014789965109432979,-0.00396325624596594,0.0051626124005554885,-1.4106496775208588,2.4361441746243884,-1.0616339691297383,1.8203898282367348,2511.1175149993687,2507.35876496948,2518.918750988841,2485.4154082948235,000300.SH
2013-05-16,2552.71,0.6148111997434142,3,0.018261379456147697,0.005450520185774854,-0.014789965109432979,-0.00396325624596594,0.9858413871405514,4.2075570287879005,0.8709156073292812,4.755788281448758,2518.679784999483,2511.677930210482,2520.2438980088864,2486.0850062222385,000300.SH
2013-05-17,2592.05,0.08810218970501782,4,0.015411072938171566,0.018261379456147697,0.005450520185774854,-0.014789965109432979,2.0154751971788842,3.97687842721961,5.820851041245678,5.385450420598548,2532.0198240904865,2519.332413047579,2523.0598235771654,2487.1393842697785,000300.SH
2013-05-20,2609.61,0.12512115820968517,0,0.006774560675912866,0.015411072938171566,0.018261379456147697,0.005450520185774854,3.1152574117758736,3.3107942263992607,4.569278484360351,6.147726024722711,2546.127128801307,2527.930278471619,2526.453948142767,2488.3579973616215,000300.SH
2013-05-21,2614.85,-0.19372445630644974,1,0.002007962875678615,0.006774560675912866,0.015411072938171566,0.018261379456147697,4.8733826914901135,3.356206076033419,5.955313872635615,6.0855630160050245,2558.6221962919785,2536.208347188608,2529.9204599803056,2489.616624253546,000300.SH
2013-05-22,2618.03,0.031466098506800266,2,0.0012161309444136403,0.002007962875678615,0.006774560675912866,0.015411072938171566,4.431715285229365,2.9585496303287773,6.97582243361079,3.323032721216501,2569.423615147982,2544.000885551598,2533.375736059509,2490.8943692858493,000300.SH
2013-05-23,2582.85,0.04008711889796657,3,-0.013437584748837939,0.0012161309444136403,0.002007962875678615,0.006774560675912866,1.1807059948055088,2.1781872703033,5.437941901667176,2.0619045549202353,2571.864776030167,2547.70080121335,2535.3159032728618,2491.80935068599,000300.SH
2013-05-24,2597.23,-0.2277371004958093,4,0.005567493272935042,-0.013437584748837939,0.0012161309444136403,0.002007962875678615,0.19984182403887107,2.2193447836148517,4.18466771764725,6.032325360179969,2576.4766349337724,2552.41786776446,2537.743907066083,2492.8583123707067,000300.SH
2013-05-27,2599.59,0.061600089382288115,0,0.0009086603804824289,0.005567493272935042,-0.013437584748837939,0.0012161309444136403,-0.3839654201202469,2.71933048044668,2.914116501318298,4.1677686149111715,2580.6790649458135,2556.9104517868923,2540.1692440438837,2493.9203192127893,000300.SH
2013-05-28,2644.36,0.3006685741657067,1,0.017221946537723243,0.0009086603804824289,0.005567493272935042,-0.013437584748837939,1.128554219171285,6.056935676642583,4.522636900479848,7.151077037781417,2592.2574167738476,2565.2389801881404,2544.2551560421625,2495.4172314594284,000300.SH
2013-05-29,2642.56,-0.05536042502288585,2,-0.0006806940053548649,0.017221946537723243,0.0009086603804824289,0.005567493272935042,0.9369640531239121,5.410202917512663,3.923234229982686,7.978147435347371,2601.403340996784,2572.602886836889,2548.1102479620777,2496.881338609086,000300.SH
2013-05-30,2634.32,-0.13310881673039154,3,-0.0031181884233469903,-0.0006806940053548649,0.017221946537723243,0.0009086603804824289,1.9927599357299153,3.1969945665586863,4.214353249281011,7.5390669649417985,2607.3881880882777,2578.4807071381374,2551.4910225518,2498.2488874786477,000300.SH
2013-05-31,2606.43,-0.07235744858862148,4,-0.010587172401226974,-0.0031181884233469903,-0.0006806940053548649,0.017221946537723243,0.3542235381541081,0.5547732489728174,2.5814297633853345,4.553714333850811,2607.213972072227,2581.1425445535533,2553.645492255651,2499.32531645896,000300.SH
2013-06-03,2602.62,-0.04393816925508642,0,-0.0014617695468513991,-0.010587172401226974,-0.0031181884233469903,-0.0006806940053548649,0.1165568416557905,-0.26785611643119767,2.8390568878246425,3.0340699451302022,2606.378704422731,2583.1880165008342,2555.566061186802,2500.353124255388,000300.SH
2013-06-04,2565.67,0.002074475100347195,1,-0.014197232020041306,-0.0014617695468513991,-0.010587172401226974,-0.0031181884233469903,-2.9757672934093704,-1.880796221580583,2.900928072384823,1.4122864573863358,2598.977121800416,2581.5196339769454,2555.962294081437,2501.003043417026,000300.SH
2013-06-05,2560.54,-0.2498021046123009,2,-0.0019994777192702262,-0.014197232020041306,-0.0014617695468513991,-0.010587172401226974,-3.1038084281908462,-2.1959259443169232,2.1384721551858332,0.6976561271039738,2591.9885542003403,2579.5215735981888,2556.1418119605964,2501.595450945215,000300.SH
2013-06-06,2527.84,0.14949312876923337,3,-0.012770743671256746,-0.0019994777192702262,-0.014197232020041306,-0.0014617695468513991,-4.04202982173768,-2.1298178368856058,-0.9742587289586324,0.0019780124140167388,2580.3251807093693,2574.5995189697896,2555.0319369817494,2501.8565907368047,000300.SH
2013-06-07,2484.16,0.12705785379878187,4,-0.017279574656623997,-0.012770743671256746,-0.0019994777192702262,-0.014197232020041306,-4.691090879095161,-4.353484289031018,-4.162342547404574,-2.230758331890248,2562.8406023985744,2565.9862314488573,2552.252645335406,2501.6805052568366,000300.SH
2013-06-13,2399.94,0.04424962483400874,3,-0.033902808192708966,-0.017279574656623997,-0.012770743671256746,-0.0019994777192702262,-7.787537174078418,-7.680057239795513,-8.034533895869501,-5.169572896786345,2533.222311053379,2550.1723046442044,2546.2796004202924,2500.668161920948,000300.SH
2013-06-14,2416.77,-0.16221224189158823,4,0.007012675316882877,-0.033902808192708966,-0.017279574656623997,-0.012770743671256746,-5.803552288486047,-8.606619371038748,-7.575195517907329,-3.0709810936334514,2512.0491635891285,2537.4673232495184,2541.200792560673,2499.833354339645,000300.SH
2013-06-17,2403.84,-0.031721403295187356,0,-0.005350116064002708,0.007012675316882877,-0.033902808192708966,-0.017279574656623997,-6.119802854085455,-9.033664325502533,-8.181342459788466,-4.1122009788865155,2492.374770209287,2524.740911511469,2535.814094813196,2498.8781965850217,000300.SH
2013-06-18,2418.75,-0.06139744412485759,1,0.006202575878594185,-0.005350116064002708,0.007012675316882877,-0.033902808192708966,-4.31554212291918,-8.183136445078809,-6.35344677391253,-5.247756306043383,2478.9884483530527,2514.646538986567,2531.2233459969925,2498.0809010966136,000300.SH
2013-06-19,2400.77,0.08583153539846311,2,-0.00743359173126612,0.006202575878594185,-0.005350116064002708,0.007012675316882877,-3.3568691227618186,-7.890486220615934,-7.564212641930057,-7.379487278408991,2464.766912288861,2503.8011543211796,2526.107528506914,2497.1126334240107,000300.SH
2013-06-20,2321.47,-0.015255759768924126,3,-0.03303106919863219,-0.00743359173126612,0.006202575878594185,-0.005350116064002708,-3.269665074960215,-10.802575865858255,-10.698610165449185,-11.041496622100633,2438.7129282363408,2486.4362824810673,2518.082527388996,2495.3649455292443,000300.SH
2013-06-21,2317.39,0.02519352431028743,4,-0.0017575070967963402,-0.03303106919863219,-0.00743359173126612,0.006202575878594185,-4.112100034343369,-9.677004447181448,-12.364806607269818,-11.37579593475725,2416.6542140115516,2470.3366365304896,2510.2122321972706,2493.594050548854,000300.SH
2013-06-24,2171.21,0.3785243015338742,0,-0.06307958522303103,-0.0017575070967963402,-0.03303106919863219,-0.00743359173126612,-9.677432774227901,-15.204995821193968,-17.836870307580522,-17.067031317440986,2372.0279932821786,2441.8483854323476,2496.9180270130637,2490.3862490508554,000300.SH
2013-06-25,2165.42,0.1811760522205239,1,-0.0026667157944187947,-0.06307958522303103,-0.0017575070967963402,-0.03303106919863219,-10.473591731266152,-14.337141591239956,-17.799659874274955,-16.16160442921578,2334.46290359451,2415.5218725340287,2483.9181043851004,2487.152754035424,000300.SH
2013-06-26,2168.3,-0.22725768021018167,2,0.0013299960284840484,-0.0026667157944187947,-0.06307958522303103,-0.0017575070967963402,-9.68314332484994,-12.714961999227093,-16.80958245569609,-16.514902415265485,2304.2514665773265,2391.9769322926927,2471.540923820979,2483.9800898161666,000300.SH
2013-06-27,2160.74,-0.06495470993899843,3,-0.0034866024074161617,0.0013299960284840484,-0.0026667157944187947,-0.06307958522303103,-6.9236302859825845,-9.966915839562663,-16.97827573752604,-16.881508237837515,2278.158472654176,2369.9543673124363,2459.3526522985876,2480.7637705145135,000300.SH
2013-06-28,2200.64,0.018735495115934198,4,0.018465895943056587,-0.0034866024074161617,0.0013299960284840484,-0.0026667157944187947,-5.037995330954226,-8.942927957563196,-14.227472745910429,-16.779863558668275,2264.064204898871,2353.8291894731565,2449.2070580908003,2477.9764693153643,000300.SH
2013-07-01,2213.32,-0.1907980604014754,0,0.005761960157045332,0.018465895943056587,-0.0034866024074161617,0.0013299960284840484,1.939471538911497,-7.92565228966986,-13.560420848727217,-16.243339791717116,2254.837985826349,2340.447361904284,2439.9565852244946,2475.3430716107337,000300.SH
2013-07-02,2221.98,0.14955564114634612,1,0.003912674172735997,0.005761960157045332,0.018465895943056587,-0.0034866024074161617,2.6119644226062277,-8.135193798449613,-12.09965820621559,-15.652616234929706,2248.8638065851947,2329.164756008638,2431.4084838431418,2472.8220460225675,000300.SH
2013-07-03,2203.83,-0.0016121972937757079,2,-0.008168390354548638,0.003912674172735997,0.005761960157045332,0.018465895943056587,1.638610893326553,-8.203201472860789,-11.284699858302204,-15.446415211611287,2240.6758417515225,2317.228112579244,2422.4838374179208,2470.145508251199,000300.SH
2013-07-04,2221.98,0.12853605066852825,3,0.008235662460353232,-0.008168390354548638,0.003912674172735997,0.005761960157045332,2.8342142043929597,-4.285646594614612,-7.415185379634492,-14.62526223574705,2237.2765977967,2308.1568637621735,2414.620941832904,2467.6761997113863,000300.SH
2013-07-05,2226.85,-0.13045186605383174,4,0.002191738899540052,0.008235662460353232,-0.008168390354548638,0.003912674172735997,1.1910171586447582,-3.9069815611528447,-7.858422605378257,-13.205907228910974,2235.3808527427545,2300.413352927681,2407.2573754865157,2465.279919117243,000300.SH
2013-07-08,2163.62,-0.15637558965089926,0,-0.02839436872712575,0.002191738899540052,0.008235662460353232,-0.008168390354548638,-2.2454954547919126,-0.3495746611336559,-9.993177582534617,-15.501417669710293,2222.3334249713444,2287.385414553616,2397.7029686046917,2462.278327882246,000300.SH
2013-07-09,2162.67,-0.24431908213417997,1,-0.0004390789510172466,-0.02839436872712575,0.002191738899540052,0.008235662460353232,-2.6692409472632517,-0.1269961485531712,-10.587286821705423,-14.445930122159634,2211.4855295220086,2275.5077560247005,2388.4859894437236,2459.297150490383,000300.SH
2013-07-10,2224.07,0.4598475709864551,2,0.02839083170340362,-0.0004390789510172466,-0.02839436872712575,0.002191738899540052,0.918401147093939,2.5720610616612127,-7.360138622192036,-10.469937524153018,2213.7736150634614,2270.608922117586,2382.038303583185,2456.9565818287874,000300.SH
2013-07-11,2326.69,1.0474914738285523,3,0.0461406340627768,0.02839083170340362,-0.0004390789510172466,-0.02839436872712575,4.71246365853879,7.680239177318904,0.22485752561955952,-3.05215963732427,2234.3038668701047,2275.9499771540063,2379.8677818740407,2455.6603969349685,000300.SH
2013-07-12,2275.37,-0.26286984591099183,4,-0.022057085387395925,0.0461406340627768,0.02839083170340362,-0.0004390789510172466,2.178862518804592,3.3958303039115956,-1.8132467992008294,-5.850784311291523,2241.7704365300856,2275.894741234577,2375.769829643686,2453.8664626371083,000300.SH
2013-07-15,2307.3,-0.12512551093919222,0,0.01403288256415447,-0.022057085387395925,0.0461406340627768,0.02839083170340362,6.640722492859208,4.246109916324792,6.2679335485743115,-4.0160742811501615,2253.6849026155246,2278.8857182598554,2373.0847382851102,2452.4080898745497,000300.SH
2013-07-16,2317.85,-0.1352517452527774,1,0.004572443982143515,0.01403288256415447,-0.022057085387395925,0.0461406340627768,7.175389680348809,4.314620293612004,7.0392810632579295,-4.171576227390183,2265.3512839581563,2282.596602235107,2370.918670117067,2451.069203408136,000300.SH
2013-07-17,2282.84,0.01841698312475848,2,-0.015104514959984328,0.004572443982143515,0.01403288256415447,-0.022057085387395925,2.6424528004963754,3.585122264421492,5.282479361711934,-4.912174010838177,2268.531050511219,2282.619782974621,2367.46460462228,2449.395280986165,000300.SH
2013-07-18,2245.33,-0.17858592235911774,3,-0.01643128734383492,-0.015104514959984328,0.004572443982143515,0.01403288256415447,-3.496813069209914,1.0508645442353082,3.9148625008099236,-3.279818390933331,2264.312677690997,2279.068375072276,2362.6750122841518,2447.364780677845,000300.SH
2013-07-19,2190.48,0.27421229930585467,4,-0.02442848044608137,-0.01643128734383492,-0.015104514959984328,0.004572443982143515,-3.7308218004104776,-1.6332487594584277,-0.46168387378217046,-5.4764195927314745,2250.888554474452,2270.6313869701544,2355.9222667043814,2444.808713208414,000300.SH
2013-07-22,2202.19,-0.26150443032819903,0,0.005345860268069158,-0.02442848044608137,-0.01643128734383492,-0.015104514959984328,-4.555541108655148,1.7826605411301433,-0.5028644750872058,1.4268541504506738,2242.0342718427332,2264.1131596396635,2349.8935503630332,2442.3945966590763,000300.SH
2013-07-23,2265.84,0.4170501269106941,1,0.02890304651278952,0.005345860268069158,-0.02442848044608137,-0.01643128734383492,-2.243889811678912,4.770492030684292,1.973915156752093,4.637437540985134,2246.362586053145,2264.2776206263625,2346.597332701738,2440.637834503265,000300.SH
2013-07-24,2249.15,0.00035246338842509495,2,-0.007365921689086674,0.02890304651278952,0.005345860268069158,-0.02442848044608137,-1.4757933100874365,1.127662348757008,2.056419959797262,3.7287275745976123,2246.8693885889365,2262.8368948524235,2342.775868674219,2438.7324829161676,000300.SH
2013-07-25,2237.68,-0.12588757795739391,3,-0.0050997043327480895,-0.007365921689086674,0.02890304651278952,0.005345860268069158,-0.34070715663176987,-3.8256063334608514,0.7065770168948271,3.5608171274655875,2245.198590663675,2260.4410001045735,2338.654462059544,2436.7319606980964,000300.SH
2013-07-26,2224.01,-0.24641172581291837,4,-0.006109005755961405,-0.0050997043327480895,-0.007365921689086674,0.02890304651278952,1.5307147291917955,-2.2572153100374748,-0.12753440959201168,1.061963792351328,2241.346119633916,2256.9713810469952,2334.158600802307,2434.61532427324,000300.SH
2013-07-29,2175.97,0.08739884919976681,0,-0.021600622299360328,-0.006109005755961405,-0.0050997043327480895,-0.007365921689086674,-1.1906329608253663,-5.691934295496914,0.5708026363224539,-1.6875101657239044,2229.4595524277493,2249.2569638044242,2327.9551262610403,2432.0417389570885,000300.SH
2013-07-30,2189.39,0.025846449977138475,1,0.006167364439767065,-0.021600622299360328,-0.006109005755961405,-0.0050997043327480895,-3.3740246442820476,-5.542205060724381,1.2355098096334505,-1.4667098713759819,2222.1741792590674,2243.555348204003,2322.5211997409997,2429.6272937933363,000300.SH
2013-07-31,2193.02,-0.08218361124736118,2,0.001657996062830236,0.006167364439767065,-0.021600622299360328,-0.006109005755961405,-2.495609452459824,-3.934572725201946,-1.3960891518702279,-0.4905097035615258,2216.8734193937826,2238.74245789886,2317.442721319784,2427.272992362557,000300.SH
2013-08-01,2245.36,0.2615660773627997,3,0.0238666314032705,0.001657996062830236,0.006167364439767065,-0.021600622299360328,0.3432126130635371,0.0013361064965966563,-3.4955236838599024,1.0522146914013764,2222.052797685822,2239.37270000373,2314.6159479346948,2425.4629128365614,000300.SH
2013-08-02,2247.26,-0.00822413930871213,4,0.0008461894751843335,0.0238666314032705,0.001657996062830236,0.006167364439767065,1.0454089684848622,2.5921259267375207,-1.2354034728417673,0.9165413027370617,2226.635925379309,2240.1238714319466,2311.9745382117653,2423.689749524755,000300.SH
2013-08-05,2278.33,-0.08273913787204923,0,0.013825725550225432,0.0008461894751843335,0.0238666314032705,0.001657996062830236,4.704108972090615,3.457467339330389,-1.255580115286281,5.301762786441233,2236.034848037616,2243.7625503431896,2310.6551445564023,2422.243383857842,000300.SH
2013-08-06,2293.64,0.2866398734723694,1,0.006719834264570901,0.013825725550225432,0.0008461894751843335,0.0238666314032705,4.761600263086985,1.226918052466175,-1.0445024483896725,6.055940111066405,2246.5085120307767,2248.5127836438382,2309.9878839855633,2420.9637481975656,000300.SH
2013-08-07,2280.62,0.008216706539941665,2,-0.005676566505641634,0.006719834264570901,0.013825725550225432,0.0008461894751843335,3.9944916143035636,1.3991952515394646,-0.09724728846525199,2.54263579833367,2252.7106007524535,2251.5706137729967,2308.8362022606393,2419.56729299162,000300.SH
2013-08-08,2276.78,-0.24223812141606837,3,-0.001683752663749205,-0.005676566505641634,0.006719834264570901,0.013825725550225432,1.3993301742259545,1.7473454649458597,1.400684977263933,-2.1451074272894055,2257.0868551610984,2253.971507699378,2307.579096289634,2418.1465239071263,000300.SH
2013-08-09,2286.01,0.18883792687119105,4,0.004053970958985964,-0.001683752663749205,-0.005676566505641634,0.006719834264570901,1.7243220633126555,2.7877572492929437,4.361144589313759,0.4676162558177488,2262.345608768171,2257.0227926803896,2306.733249376315,2416.8317326244683,000300.SH
2013-08-12,2352.79,0.5006852421438919,0,0.029212470636611254,0.004053970958985964,-0.001683752663749205,-0.005676566505641634,3.268183274591485,8.126031149326508,6.838646983230334,1.9715684999783267,2278.7900435375946,2266.143479091781,2308.5393964595974,2416.1945014540756,000300.SH
2013-08-13,2359.07,-0.2430950124794088,1,0.0026691714942685962,0.029212470636611254,0.004053970958985964,-0.001683752663749205,2.8526708637798492,7.750103910221573,4.114588850051204,1.7783721983735123,2293.386399258032,2274.9936239401827,2310.5209887552996,2415.626098454533,000300.SH
2013-08-14,2349.08,0.002243654405851503,2,-0.0042347196140852805,0.0026691714942685962,0.029212470636611254,0.004053970958985964,3.001815295840604,7.116214170413393,4.443011804459451,2.9016488233954085,2303.512508483844,2282.0494692792126,2312.033106843327,2414.9639482211546,000300.SH
2013-08-15,2321.58,-0.16718976167333588,3,-0.0117067107122788,-0.0042347196140852805,0.0026691714942685962,0.029212470636611254,1.9676912130289104,3.394555884134376,3.7494190411497597,3.3959373455126896,2306.797506941327,2285.8142817288112,2312.4074948102552,2414.0347547065167,000300.SH
2013-08-16,2304.14,0.750962276473123,4,-0.007512125362899469,-0.0117067107122788,-0.0042347196140852805,0.0026691714942685962,0.7930848946417379,2.5310822957735013,3.602951425578116,5.188817062926843,2306.3143238610855,2287.5595882308294,2312.0832793275003,2412.941274560183,000300.SH
2013-08-19,2331.43,-0.3553108493131144,0,0.01184389837423061,-0.007512125362899469,-0.0117067107122788,-0.0042347196140852805,-0.9078583298977039,2.3306544705990806,7.144399968749582,5.868703427043065,2310.8808104317973,2291.737722685036,2312.841974255834,2412.130217101873,000300.SH
2013-08-20,2312.47,0.00782495411536277,1,-0.008132347958120123,0.01184389837423061,-0.007512125362899469,-0.0117067107122788,-1.9753546948585776,0.8209658010847276,5.621657173916028,2.0579564311689946,2311.1697539896522,2293.712225286461,2312.827387030115,2411.1385731506107,000300.SH
2013-08-21,2308.59,-0.2471265226615117,2,-0.001677859604665044,-0.008132347958120123,0.01184389837423061,-0.007512125362899469,-1.7236535154187882,1.2264208855486736,5.2699017792815495,2.6427761598826205,2310.7007078097154,2295.12915621156,2312.6612149897182,2410.1181893381668,000300.SH
2013-08-22,2303.93,0.01571752822457828,3,-0.0020185481181155263,-0.001677859604665044,-0.008132347958120123,0.01184389837423061,-0.760258100087019,1.1924735811101428,2.6084903979762597,2.9606556790962024,2309.4696700261306,2295.967331810459,2312.3188144018864,2409.0615904392794,000300.SH
2013-08-23,2286.93,0.26648332991850254,4,-0.007378696401366347,-0.0020185481181155263,-0.001677859604665044,-0.008132347958120123,-0.7469164200092027,0.04024479332984665,1.7652608064932185,2.8291239697663118,2305.3715482031976,2295.1066335427963,2311.32317462142,2407.846350733416,000300.SH
2013-08-26,2335.62,0.016516383706959292,0,0.02129055108814004,-0.007378696401366347,-0.0020185481181155263,-0.001677859604665044,0.17971802713356855,-0.7297718878437998,2.514561103966506,7.336957770557495,2310.871266711707,2298.9650493958634,2312.275991302933,2407.1276805768643,000300.SH
2013-08-27,2340.88,-0.059596780992653975,1,0.0022520786771822454,0.02129055108814004,-0.007378696401366347,-0.0020185481181155263,1.2285564785705416,-0.7710665643664738,2.059608308191363,6.919278885899738,2316.327400036851,2302.9569494534003,2313.3977171341908,2406.468499675602,000300.SH
2013-08-28,2328.06,0.29388842704590856,2,-0.005476572912750832,0.0022520786771822454,0.02129055108814004,-0.007378696401366347,0.8433719283198693,-0.8948183969894608,2.0801361033403243,6.157718579857918,2318.460600030151,2305.347716172124,2313.9727086191247,2405.6883155992277,000300.SH
2013-08-29,2318.31,-0.26240391593660317,3,-0.0041880363908146645,-0.005476572912750832,0.0022520786771822454,0.02129055108814004,0.6241509073626306,-0.14085235055436574,1.8240673231493476,3.2489222218263336,2318.4332182064873,2306.5822193938266,2314.1427984771985,2404.818879623116,000300.SH
2013-08-30,2313.91,0.28426246000494304,4,-0.001897934271085422,-0.0041880363908146645,-0.005476572912750832,0.0022520786771822454,1.1797475217868447,0.42401937382277044,1.2204671020686453,2.965833948897756,2317.6108148962167,2307.280103261081,2314.1336691251513,2403.914313656717,000300.SH
2013-09-02,2320.34,-0.040681782622301044,0,0.00277884619540103,-0.001897934271085422,-0.0041880363908146645,-0.005476572912750832,-0.6542160111661866,-0.47567372814107944,-1.379213614474717,1.8438944314476124,2318.1070303696315,2308.523902950502,2314.3770546496553,2403.0827284462025,000300.SH
2013-09-03,2354.5,-0.012393873154337154,1,0.014721980399424073,0.00277884619540103,-0.001897934271085422,-0.0041880363908146645,0.581832473257915,1.8175370923730894,-0.1937204067704701,2.653424251408243,2324.7239339387893,2312.902578859978,2315.950503486924,2402.599318212907,000300.SH
2013-09-04,2350.7,-0.057180600346966926,2,-0.001613930770864358,0.014721980399424073,0.00277884619540103,-0.001897934271085422,0.9724835270568555,1.82405710845146,0.06896316855959927,3.0728486113425157,2329.4468550408274,2316.5023332542655,2317.3132288403776,2402.08290708641,000300.SH
2013-09-05,2341.74,-0.12995283394111223,3,-0.0038116305781257243,-0.001613930770864358,0.014721980399424073,0.00277884619540103,1.0106499993529638,1.6411088878568236,0.8683741245186338,2.8531522588919334,2331.6819723061312,2318.905920563383,2318.271141434873,2401.4824801502273,000300.SH
2013-09-06,2357.78,0.07232182896809003,4,0.006849607556774107,-0.0038116305781257243,-0.001613930770864358,0.014721980399424073,1.89592507919496,3.0980397301185514,2.3279835426667006,3.1395313231350697,2336.427068250471,2322.608213843061,2319.8205084374267,2401.047629601469,000300.SH
2013-09-09,2440.61,0.9916418023467664,0,0.03513050411828078,0.006849607556774107,-0.0038116305781257243,-0.001613930770864358,5.18329210374342,4.495166165729025,4.68296281681202,3.7325898188958817,2355.369419477658,2333.8464791913407,2324.557351243802,2401.44128502832,000300.SH
2013-09-10,2474.89,0.026304727707207043,1,0.014045668910641185,0.03513050411828078,0.006849607556774107,-0.0038116305781257243,5.113187513272455,5.724770171901161,7.023658685301859,4.909561818852337,2377.1004341180837,2347.279195458832,2330.452749234241,2402.172118013113,000300.SH
2013-09-11,2482.89,0.09324404413595522,2,0.003232466897518771,0.014045668910641185,0.03513050411828078,0.006849607556774107,5.623431318330718,6.650601788613697,7.550063025483067,5.696272583309203,2396.3349006420685,2360.1945101770384,2336.43068063682,2402.975281017958,000300.SH
2013-09-12,2507.46,-0.11702531724888332,3,0.009895726351147216,0.003232466897518771,0.014045668910641185,0.03513050411828078,7.076789054292965,8.158960622177357,8.83403575629469,8.006616183805871,2416.539464161692,2374.219794922082,2343.1377127687097,2404.014929963053,000300.SH
2013-09-13,2488.9,-0.22075409745334307,4,-0.007401912692525436,0.009895726351147216,0.003232466897518771,0.014045668910641185,5.561163467329422,7.562524039396523,8.831490251122688,8.018609980296354,2429.6959252232027,2385.141719215217,2348.8538808954268,2404.85955752561,000300.SH
2013-09-16,2478.39,-0.012527803355095068,0,-0.004222749005584836,-0.007401912692525436,0.009895726351147216,0.003232466897518771,1.5479736623221108,6.811501762672689,6.112723816374244,6.303427510154713,2438.5493933644384,2394.022507861387,2353.933728703449,2405.591203719385,000300.SH
2013-09-17,2427.32,-0.04048407400201803,1,-0.02060611929518752,-0.004222749005584836,-0.007401912692525436,0.009895726351147216,-1.922105628937032,3.092801019324698,3.6926284132463127,4.966550917417334,2436.507685479995,2397.193697588874,2356.8116216954704,2405.80741064755,000300.SH
2013-09-18,2432.51,-0.25531602765652106,2,0.0021381606051118496,-0.02060611929518752,-0.004222749005584836,-0.007401912692525436,-2.0290870719202103,3.4802399285319474,4.486568215595832,5.367778600790962,2435.7808335745412,2400.5571549613624,2359.78018555055,2406.073108054042,000300.SH
2013-09-23,2472.29,0.1669907398661088,0,0.01635347850574087,0.0021381606051118496,-0.02060611929518752,-0.004222749005584836,-1.4026145980394533,5.574914379905538,6.641907251402968,7.30751368314142,2442.4188638337155,2407.3888544888514,2364.192335136803,2406.7319826007683,000300.SH
2013-09-24,2443.89,0.19586016876524415,1,-0.011487325516019609,0.01635347850574087,0.0021381606051118496,-0.02060611929518752,-1.8084294266543566,3.6521643240675417,5.617331702615913,6.863349555954934,2442.686343136676,2410.865154061342,2367.3177337588895,2407.1017141171787,000300.SH
2013-09-25,2429.03,-0.07905986814278787,2,-0.006080470070256694,-0.011487325516019609,0.01635347850574087,0.0021381606051118496,-1.991615524594581,-0.4744715460479165,4.684227311514699,3.9993663352771547,2440.20337165728,2412.595139388833,2369.7378226310902,2407.3199060165102,000300.SH
2013-09-26,2384.44,-0.055378626518499674,3,-0.018357121978732294,-0.006080470070256694,-0.011487325516019609,0.01635347850574087,-1.7665573554372815,-3.654707886007047,1.2716075599915166,1.8608386589658465,2430.064576810502,2409.9136975422775,2370.3143786063415,2407.092245260127,000300.SH
2013-09-27,2394.97,-0.21144097352558533,4,0.0044161312509434225,-0.018357121978732294,-0.006080470070256694,-0.011487325516019609,-1.5432618982039292,-3.54103484246181,1.8832688135449027,2.874066819583687,2423.6837446631375,2408.490488252537,2371.2812657198183,2406.9716259043053,000300.SH
2013-09-30,2409.04,-0.08125227182035921,0,0.005874812628133164,0.0044161312509434225,-0.018357121978732294,-0.006080470070256694,-2.558356827071262,-3.9250875387842665,2.8739313501926045,3.9136267367176902,2421.0212456334757,2408.5428227046764,2372.7620003974725,2406.9922067410785,000300.SH
2013-10-08,2441.81,0.38104142735202773,1,0.013602928967555439,0.005874812628133164,0.0044161312509434225,-0.018357121978732294,-0.0851102136348203,-1.89200048214071,3.563945745574215,5.527440565968433,2424.801019154662,2411.711125304231,2375.469765087768,2407.3386524451475,000300.SH
2013-10-09,2453.58,-0.09618400399573035,2,0.004820194855455595,0.013602928967555439,0.005874812628133164,0.0044161312509434225,1.010691510602979,-1.00105310302252,0.5314245209189439,5.74226190989251,2430.0335611265414,2415.6986371800185,2378.5329115549143,2407.798765356141,000300.SH
2013-10-10,2429.32,0.17522620353996965,3,-0.009887592823547564,0.004820194855455595,0.013602928967555439,0.005874812628133164,1.8822029491201375,0.0823953990409132,-1.8412939564990682,3.177744744107036,2429.9038227398974,2416.9959098295403,2380.524562082173,2408.0129069943882,000300.SH
2013-10-11,2468.51,0.026193940583461917,4,0.016132086345150176,-0.009887592823547564,0.004820194855455595,0.013602928967555439,3.0706021369787617,1.4799528059494138,-0.5791637970268382,5.0116986429574295,2436.9231276962796,2421.902013655298,2383.974971412284,2408.6148681188224,000300.SH
2013-10-14,2472.54,0.07948477936433718,0,0.0016325637732881315,0.016132086345150176,-0.009887592823547564,0.004820194855455595,2.635904758742069,0.010112082320445914,-1.3926443492618068,5.585590202157387,2443.3989226605922,2426.7246790214604,2387.448109788273,2409.250939082814,000300.SH
2013-10-15,2467.52,-0.13125265111721252,1,-0.0020303008242535947,0.0016325637732881315,0.016132086345150176,-0.009887592823547564,1.0529074743735212,0.9669011289378915,-0.8590140222588305,4.654378271085502,2447.784573085939,2430.609947686083,2390.5881839142235,2409.8307307337313,000300.SH
2013-10-16,2421.37,-0.034261810746982424,2,-0.01870298923615621,-0.0020303008242535947,0.0016325637732881315,0.016132086345150176,-1.312775617668882,-0.3153522187869351,-2.300687139635005,-0.7883275082868679,2442.98192343395,2429.729952668361,2391.795313956803,2409.945549333396,000300.SH
2013-10-17,2413.33,-0.18554181947628923,3,-0.0033204342995907243,-0.01870298923615621,-0.0020303008242535947,0.0016325637732881315,-0.6582088814977127,1.2116052406434985,-0.5763558162912297,-2.48738327764062,2437.590664627777,2428.168052414231,2392.639811448693,2409.9792254594317,000300.SH
2013-10-18,2426.05,-0.1267538936982754,4,0.005270725512051877,-0.0033204342995907243,-0.01870298923615621,-0.0020303008242535947,-1.7200659507152105,1.2977198044234584,-0.2655693090675926,-2.289267748470525,2435.4923619681813,2427.9663331366855,2393.950014921293,2410.1391336638158,000300.SH
2013-10-21,2471.32,0.3903430491851789,0,0.018659961666082747,0.005270725512051877,-0.0033204342995907243,-0.01870298923615621,-0.049341972222882724,2.585262179125314,-0.03923487940329373,-1.4412991632967165,2442.0064779739664,2432.0952537903345,2396.9841319832035,2410.747898502982,000300.SH
2013-10-22,2445.89,0.014459431437496617,1,-0.01029004742404882,0.018659961666082747,0.005270725512051877,-0.0033204342995907243,-0.8765886396057576,0.16708916746184244,0.08183674387962636,-1.7280726425328519,2442.7125728877904,2433.409039143636,2398.902009160333,2411.097571154694,000300.SH
2013-10-23,2418.49,-0.0015018213795249258,2,-0.011202466177955728,-0.01029004742404882,0.018659961666082747,0.005270725512051877,-0.11894093013459228,-1.4301551202732354,-0.4339180660593134,-2.416891611086236,2438.3084687263736,2431.9881782728135,2399.6701656638493,2411.1711276606175,000300.SH
2013-10-24,2400.51,-0.27446780869665033,3,-0.007434390880259767,-0.011202466177955728,-0.01029004742404882,0.018659961666082747,-0.5312162033372814,-1.1859285726046775,0.673952793947441,-1.1045103241434928,2431.436019867033,2428.9902565325456,2399.703100343698,2411.0650467883725,000300.SH
2013-10-25,2368.56,0.17129460157372756,4,-0.013309671694764935,-0.007434390880259767,-0.011202466177955728,-0.01029004742404882,-2.369695595721455,-4.049001219359061,-1.1027278003482244,-2.6289717205684737,2420.004016254845,2423.2349940056365,2398.4818022910044,2410.6421109994335,000300.SH
2013-10-28,2365.95,-0.20028794217420365,0,-0.0011019353531259712,-0.013309671694764935,-0.007434390880259767,-0.011202466177955728,-4.263713319197848,-4.310951491179116,-1.7886793079400998,-4.301275335822263,2410.176013299418,2417.779280290814,2397.2060453384165,2410.1974133775484,000300.SH
2013-10-29,2372.05,0.6208154821110878,1,0.0025782455250535907,-0.0011019353531259712,-0.013309671694764935,-0.007434390880259767,-3.018941980219869,-3.869066917390729,-2.8568971377789354,-2.939575840156461,2403.244010881342,2413.4241107393077,2396.219533756518,2409.8178371250356,000300.SH
2013-10-30,2407.47,-0.17447370635511317,2,0.014932231614004587,0.0025782455250535907,-0.0011019353531259712,-0.013309671694764935,-0.4556562152417398,-0.5740551836357133,-1.8792947448218578,-0.8875971066639954,2404.0123725392796,2412.8570525736595,2396.6607285111645,2409.7944755616027,000300.SH
2013-10-31,2373.72,-0.0705246591836517,3,-0.01401886627870752,0.014932231614004587,0.0025782455250535907,-0.0011019353531259712,-1.116012847269976,-1.6413006095312377,-2.2887063046449385,-0.44958145308753306,2398.5046684412287,2409.129714233311,2395.761092098962,2409.4355255560145,000300.SH
2013-11-01,2384.96,-0.17862135174250948,4,0.004735183593684189,-0.01401886627870752,0.014932231614004587,0.0025782455250535907,0.6924038234201513,-1.6936996352095002,-3.384632835192092,-0.41795930637961165,2396.042001451914,2406.8278366872814,2395.337519859787,2409.191987988293,000300.SH
2013-11-04,2380.45,-0.15324395369563104,0,-0.0018910170401181814,0.004735183593684189,-0.01401886627870752,0.014932231614004587,0.6128616412012011,-3.676982341420798,-3.7245100180381407,-1.186779796101356,2393.2070920970204,2404.3156617646832,2394.75369555156,2408.9059980580614,000300.SH
2013-11-05,2383.77,0.16291213179230324,1,0.0013946942804932139,-0.0018910170401181814,0.004735183593684189,-0.01401886627870752,0.494087392761533,-2.5397707991773877,-3.394096096485544,-2.376925313599332,2391.4912571702894,2402.358932072809,2394.3229623926754,2408.655888624648,000300.SH
2013-11-06,2353.57,0.045688853449207034,2,-0.01266900749652855,0.0013946942804932139,-0.0018910170401181814,0.004735183593684189,-2.2388648664365296,-2.6843195547634924,-2.800067730251876,-4.076084741479791,2384.5964831393276,2397.7123671134937,2392.7248070047276,2408.1077703298756,000300.SH
2013-11-07,2340.55,-0.14435256673721686,3,-0.0055320215672362005,-0.01266900749652855,0.0013946942804932139,-0.0018910170401181814,-1.3973846957518021,-2.4978025502913948,-3.01575002175416,-3.654108968764924,2376.58803165945,2392.2683321503036,2390.6787361417973,2407.435553709678,000300.SH
2013-11-08,2307.95,-0.04667157546232947,4,-0.013928350174104542,-0.0055320215672362005,-0.01266900749652855,0.0013946942804932139,-3.2289849724943087,-2.5589387644813777,-4.8679953010037025,-6.504328522063929,2364.1083895395495,2384.238014802656,2387.434471979374,2406.4456477026165,000300.SH
2013-11-11,2315.89,-0.12351384742098215,0,0.003440282501787406,-0.013928350174104542,-0.0055320215672362005,-0.01266900749652855,-2.712092251465059,-2.1158519833470724,-6.289351439716439,-6.335590121898937,2355.3414096232677,2377.7286800595457,2384.6288064115556,2405.544596481695,000300.SH
2013-11-12,2340.0,0.17121918501734346,1,0.01041068444528892,0.003440282501787406,-0.013928350174104542,-0.0055320215672362005,-1.8361670798776708,-1.351151957167862,-4.329303443736221,-5.167941901180129,2352.552062419037,2374.135472434827,2382.8786571405144,2404.892411442076,000300.SH
2013-11-13,2288.12,0.06675972364524463,2,-0.022170940170940234,0.01041068444528892,0.003440282501787406,-0.013928350174104542,-2.7808818093364662,-4.957486489966644,-5.390553609897076,-5.503082965428662,2340.837141979212,2365.9435226791293,2379.162631370298,2403.730496900364,000300.SH
2013-11-14,2304.5,-0.02327752921278492,3,0.0071587154519867635,-0.022170940170940234,0.01041068444528892,0.003440282501787406,-1.5402362692529592,-2.9160979390998043,-3.999566758730444,-4.509536615382059,2334.2303888920824,2360.09175861445,2376.2346850420513,2402.7431287720024,000300.SH
2013-11-15,2350.73,0.6006878803536351,4,0.020060750705142016,0.0071587154519867635,-0.022170940170940234,0.01041068444528892,1.8535930154466085,-1.4352441969676666,-0.7527780592427424,-3.104635106448761,2337.230318184431,2359.200162555931,2375.234501314912,2402.2255852021317,000300.SH
2013-11-18,2428.9,0.3054997446717209,0,0.033253499976602985,0.020060750705142016,0.0071587154519867635,-0.022170940170940234,4.879765446545403,2.0353294545149225,2.660664849214922,-1.7164915915381274,2353.8975330599887,2365.838242312509,2377.3390306751116,2402.491002264797,000300.SH
2013-11-19,2412.16,-0.2640690870000242,1,-0.006892008728231036,0.033253499976602985,0.020060750705142016,0.0071587154519867635,3.0837606837606835,1.1909706053855773,1.6909424337598233,-1.3790481174541735,2364.4907088672635,2370.249838282746,2378.704558883931,2402.5872111974854,000300.SH
2013-11-20,2424.85,-0.1520125069881758,2,0.005260845051737961,-0.006892008728231036,0.033253499976602985,0.020060750705142016,5.975648130342814,3.028590609159698,0.7219196916264936,0.2629740044407969,2375.465125436852,2375.4498536843894,2380.5141840257374,2402.8087314840777,000300.SH
2013-11-21,2409.99,0.21374069015076902,3,-0.006128214116337127,0.005260845051737961,-0.006892008728231036,0.033253499976602985,4.577565632458214,2.9668240370852805,1.5279813962893574,0.3949160803329077,2381.742375357424,2378.739391428733,2381.6700983776695,2402.8801868921964,000300.SH
2013-11-22,2397.96,-0.14799612700137055,4,-0.004991721957352424,-0.006128214116337127,0.005260845051737961,-0.006892008728231036,2.009163111033585,3.899997833575264,0.5450825171072093,1.241260512716602,2384.691034383347,2380.5699255783775,2382.3089180491334,2402.831229808692,000300.SH
2013-11-25,2388.63,-0.08908983742268817,0,-0.003890807186108125,-0.004991721957352424,-0.006128214116337127,0.005260845051737961,-1.6579521594137225,3.1409091105363496,0.34363250645887966,0.9586001394788601,2385.4072099500113,2381.33755171377,2382.556803615834,2402.689924039452,000300.SH
2013-11-26,2387.42,-0.1641883949339984,1,-0.0005065665255816754,-0.003890807186108125,-0.004991721957352424,-0.006128214116337127,-1.0256367736800165,2.026495726495736,0.15311879921302562,0.6479627326573922,2385.7731717772817,2381.916832502935,2382.7475171995266,2402.5379844967706,000300.SH
2013-11-27,2414.48,0.3264430703001078,2,0.011334411205401684,-0.0005065665255816754,-0.003890807186108125,-0.004991721957352424,-0.4276553188857002,5.522437634389821,2.587983361446655,0.29117704478145434,2390.992595090503,2385.018086550275,2383.9919282897413,2402.6568105216784,000300.SH
2013-11-28,2439.53,0.22768704630928238,3,0.010374904741393687,0.011334411205401684,-0.0005065665255816754,-0.003890807186108125,1.225731227100546,5.859405510956828,4.228920552861504,2.77244156850851,2399.8175778013206,2390.2096973550106,2386.169891886222,2403.023707929423,000300.SH
2013-11-29,2438.94,-0.2872121626966193,4,-0.00024184986452313595,0.010374904741393687,0.011334411205401684,-0.0005065665255816754,1.7089526097182617,3.752451366171372,5.675599558049371,2.2633503287266876,2406.9307454738077,2394.8506785592954,2388.239307890684,2403.3810839699263,000300.SH
2013-12-02,2418.79,0.824045182342587,0,-0.008261785857790693,-0.00024184986452313595,0.010374904741393687,0.011334411205401684,1.262648463763738,-0.41623780312075587,4.443216214932488,1.6106198407864092,2409.086973569479,2397.1306139346007,2389.437374247912,2403.534406517489,000300.SH
2013-12-03,2442.78,-0.36199029346316003,1,0.009918182231611672,-0.008261785857790693,-0.00024184986452313595,0.010374904741393687,2.318821154216688,1.269401698063155,4.392307692307695,2.475490504536948,2415.2129783750283,2401.4781745122577,2391.5292419244647,2403.9249099352255,000300.SH
2013-12-04,2475.14,0.31561700892619804,2,0.013247201958424215,0.009918182231611672,-0.008261785857790693,-0.00024184986452313595,2.512342202047635,2.073942718106281,8.173522367707985,5.1653445616658855,2426.1088004886597,2408.4935864634713,2394.808095182329,2404.6335177965666,000300.SH
2013-12-05,2468.2,-0.22982798877404642,3,-0.0028038818006254074,0.013247201958424215,0.009918182231611672,-0.008261785857790693,1.1752263755723247,2.4153627193473914,7.10349316554566,5.453846318173072,2433.7617458543577,2414.1799115621884,2397.686209096748,2405.2660201070485,000300.SH
2013-12-06,2452.29,-0.11173599755506602,4,-0.006445993031358843,-0.0028038818006254074,0.013247201958424215,0.009918182231611672,0.5473689389652758,2.2656758244507857,4.320360058364847,6.2540349660954675,2437.1305193353833,2417.809443794361,2399.8275342302086,2405.733920404491,000300.SH
2013-12-09,2450.87,-0.11117077640048967,0,-0.000579050601682507,-0.006445993031358843,-0.0028038818006254074,0.013247201958424215,1.3262829761988337,2.6056777315867086,0.9045246819547881,5.8284288113857,2439.6286067289498,2420.958068194898,2401.829199554514,2406.183035624347,000300.SH
2013-12-10,2453.32,0.06250054220958479,1,0.0009996450240119525,-0.000579050601682507,-0.006445993031358843,-0.0028038818006254074,0.4314756138497966,2.760301915875729,1.7063544706818812,4.842735042735047,2442.1179509600497,2424.040156938241,2403.8484466308078,2406.652060145498,000300.SH
2013-12-11,2412.76,0.02567282740276955,2,-0.016532698547274682,0.0009996450240119525,-0.000579050601682507,-0.006445993031358843,-2.520261480158681,-0.0712368708790212,-0.49858754149739726,5.447266751743807,2436.780141694586,2422.9658562774566,2404.1979193119523,2406.7128356664384,000300.SH
2013-12-12,2410.02,-0.24403248905210018,3,-0.0011356289063149116,-0.016532698547274682,0.0009996450240119525,-0.000579050601682507,-2.357183372498173,-1.2096592376400483,0.0012448184432356513,4.578867433282707,2431.914661386479,2421.7329175843656,2404.42623620168,2406.745742774235,000300.SH
2013-12-13,2406.64,0.0021498922210674287,4,-0.0014024779877346294,-0.0011356289063149116,-0.016532698547274682,0.0009996450240119525,-1.8615253497751172,-1.324345822365458,0.3619743448597834,2.3784101109017186,2427.319268407119,2420.295496862045,2404.5130504682807,2406.7446906073274,000300.SH
2013-12-16,2367.92,0.3052392287835728,0,-0.016088820928763625,-0.0014024779877346294,-0.0011356289063149116,-0.016532698547274682,-3.3845124384402236,-2.103117674539745,-0.8670241937847267,-2.510601506854959,2416.5194014240064,2415.307354303755,2403.0780288812894,2406.3583752779014,000300.SH
2013-12-17,2356.38,-0.25442516240690194,1,-0.004873475455251852,-0.016088820928763625,-0.0014024779877346294,-0.0011356289063149116,-3.951380170544405,-3.5369537985410093,-1.3001482772197592,-2.3124502520562418,2405.5849648014596,2409.695225322445,2401.246733631043,2405.861078011455,000300.SH
2013-12-18,2357.23,-0.14319523483741237,2,0.00036072280362242637,-0.004873475455251852,-0.016088820928763625,-0.0014024779877346294,-2.3015136192576224,-4.763770938209555,-2.3711109638514305,-2.7886261005835355,2396.793153019376,2404.698537196498,2399.520587214139,2405.377186687958,000300.SH
2013-12-19,2332.41,0.13795999371900947,3,-0.010529307704381874,0.00036072280362242637,-0.004873475455251852,-0.016088820928763625,-3.2203052256827847,-5.5015800988574615,-4.3910097436801525,-3.219100494192917,2385.087125197671,2397.8139146063554,2396.8887994802512,2404.651145029371,000300.SH
2013-12-20,2278.14,0.3480321877380319,4,-0.023267778821047802,-0.010529307704381874,0.00036072280362242637,-0.004873475455251852,-5.339394342319581,-7.101525512887963,-6.5930281187729145,-4.996747235149879,2365.6421933435486,2386.4163989295594,2392.2319838143594,2403.3923276658948,000300.SH
2013-12-23,2284.6,-0.27023027291355073,0,0.0028356466240002653,-0.023267778821047802,-0.010529307704381874,0.00036072280362242637,-3.5186999560796073,-6.784121556834921,-5.547815229929021,-4.355216169938425,2350.9072490992667,2376.7195990315063,2388.0111217039926,2402.210314455289,000300.SH
2013-12-24,2288.25,0.01706279857364601,1,0.001597653856254988,0.0028356466240002653,-0.023267778821047802,-0.010529307704381874,-2.8912993659766295,-6.7284333067027635,-6.325989241765539,-4.153856464300376,2339.515021990309,2368.293922933268,2384.0989208528554,2401.076380978122,000300.SH
2013-12-25,2305.11,-0.08788863482964115,2,0.0073680760406424906,0.001597653856254988,0.0028356466240002653,-0.023267778821047802,-2.2110697725720385,-4.46169531988263,-6.869510411532264,-4.529753818627613,2333.259563446616,2362.276406463433,2381.001316113528,2400.1214916151557,000300.SH
2013-12-26,2265.33,0.17959938819959143,3,-0.017257310930931746,0.0073680760406424906,0.001597653856254988,0.0028356466240002653,-2.8759952152494606,-6.00368461672518,-8.219350133700665,-7.140719728800226,2320.9087337290493,2353.0434153716774,2376.4651860698605,2398.7802827433634,000300.SH
2013-12-27,2303.48,0.053390520463650226,4,0.01684081347971378,-0.017257310930931746,0.0073680760406424906,0.001597653856254988,1.1123109203121873,-4.286474088355541,-6.068205636364377,-5.554052170205093,2317.7398730510404,2348.3230900981844,2373.603021910258,2397.832021223529,000300.SH
2013-12-30,2299.46,-0.09847093487141567,0,-0.0017451855453487486,0.01684081347971378,-0.017257310930931746,0.0073680760406424906,0.6504420905191433,-2.8911449711138903,-6.177806248393425,-4.9334584647695685,2314.416259769033,2343.6694624697857,2370.695452423581,2396.853195141703,000300.SH
2013-12-31,2330.03,0.23550451464627686,1,0.013294425647760955,-0.0017451855453487486,0.01684081347971378,-0.017257310930931746,1.8258494482683352,-1.118240691229766,-5.025434920841965,-4.61564283316549,2317.2551216292086,2342.3704660440917,2369.1007287991274,2396.188287727358,000300.SH
2014-01-02,2321.98,-0.14053609120954136,3,-0.0034548911387407566,0.013294425647760955,-0.0017451855453487486,0.01684081347971378,0.7318522760302093,-1.4953992609970213,-3.7624960626005177,-6.187932803800988,2318.1141904238975,2340.4285168970355,2367.252857081515,2395.449896804698,000300.SH
2014-01-03,2290.78,0.17806787329116558,4,-0.01343680824124227,-0.0034548911387407566,0.013294425647760955,-0.0017451855453487486,1.1234566266283608,-1.7848491474483308,-4.947676782765276,-7.188234340815159,2313.1443376195525,2335.7000867163656,2364.253921509691,2394.4084052942035,000300.SH
2014-01-06,2238.64,0.038788729628188356,0,-0.022760806362898345,-0.01343680824124227,-0.0034548911387407566,0.013294425647760955,-2.8148714119506146,-1.7338706137463022,-6.980686766612376,-8.712264862638596,2299.5980944159974,2326.4562689338545,2359.3278853720562,2392.858470913167,000300.SH
2014-01-07,2238.0,-0.29032837296029834,1,-0.0002858878604866666,-0.022760806362898345,-0.01343680824124227,-0.0034548911387407566,-2.6728014403381684,-2.0397443753829902,-5.486671847021862,-8.685487194343233,2288.398440885816,2318.031862368726,2354.569929082956,2391.317590605573,000300.SH
2014-01-08,2241.91,0.19090134885758814,2,0.0017470956210901,-0.0002858878604866666,-0.022760806362898345,-0.01343680824124227,-3.781925554606602,-2.0251283732109715,-4.857875215372742,-8.617302267947125,2279.9459970883945,2310.782161190752,2350.1518926483304,2389.8309479129803,000300.SH
2014-01-09,2222.22,0.07314837263611706,3,-0.008782689760070683,0.0017470956210901,-0.0002858878604866666,-0.022760806362898345,-4.2963333017510985,-3.5959238387756054,-5.727485226303763,-7.8971799930370405,2269.4503612541407,2302.3476696487755,2345.134955681729,2388.1631772869805,000300.SH
2014-01-10,2204.85,-0.12550080892302484,4,-0.007816507816507778,-0.008782689760070683,0.0017470956210901,-0.0002858878604866666,-3.7511240712770455,-2.6698096966005003,-5.469021312719457,-8.513207359275032,2257.704841026115,2293.0621773012736,2339.633584870681,2386.3391655726823,000300.SH
2014-01-13,2193.68,-0.030465411496729877,0,-0.005066104270131766,-0.007816507816507778,-0.008782689760070683,0.0017470956210901,-2.0083622199192352,-4.766700817892932,-3.707410431316782,-8.848851510820065,2246.0639608395486,2283.597208034486,2333.9099148757523,2384.4221589500685,000300.SH
2014-01-14,2212.85,0.014355093987815204,1,0.008738740381459609,-0.005066104270131766,-0.007816507816507778,-0.008782689760070683,-1.1237712243074238,-3.766536491176198,-3.1405935393504336,-6.548785431940274,2240.0250588687213,2276.859378697868,2329.162467233566,2382.714973288874,000300.SH
2014-01-15,2208.94,-0.02199824303036635,2,-0.0017669521205684324,0.008738740381459609,-0.005066104270131766,-0.007816507816507778,-1.4706210329584968,-5.196928794908229,-3.4659674423686226,-6.257055313659087,2234.373229983499,2270.3908664409287,2324.447860675387,2380.9858690770443,000300.SH
2014-01-16,2211.84,0.08931895355157393,3,0.0013128468858367714,-0.0017669521205684324,0.008738740381459609,-0.005066104270131766,-0.4671004671004564,-4.743365575930881,-4.046227728828555,-6.167832583159038,2230.276279077408,2264.814593446554,2320.0318661390975,2379.302825603641,000300.SH
2014-01-17,2178.49,-0.07171790979556103,4,-0.015077944155092782,0.0013128468858367714,-0.0017669521205684324,0.008738740381459609,-1.1955461822799829,-4.901823832930285,-3.833437070978629,-6.599182819487148,2220.8605919724246,2256.5932035945016,2314.481204721878,2377.304688035446,000300.SH
2014-01-20,2165.99,-0.1536894918665449,0,-0.005737919384527834,-0.015077944155092782,0.0013128468858367714,-0.0017669521205684324,-1.2622624995441423,-3.245273916306335,-5.968795040547359,-4.922875679282224,2210.8841207047108,2247.964327061692,2308.6580202229807,2375.2020543236504,000300.SH
2014-01-21,2187.41,-0.01446067558915698,1,0.009889242332605352,-0.005737919384527834,-0.015077944155092782,0.0013128468858367714,-1.149648643152501,-2.260500446827529,-4.872883198664047,-4.254136391490859,2206.6160987583994,2242.197248293912,2303.903195900511,2373.333476668689,000300.SH
2014-01-22,2243.8,0.6792354899420825,2,0.025779346350250032,0.009889242332605352,-0.005737919384527834,-0.015077944155092782,1.5781324979401878,0.08430311653904177,-3.700810719175285,-1.9425325030044682,2213.376808075054,2242.349891313539,2301.546207825981,2372.0445863535774,000300.SH
2014-01-23,2231.89,-0.14006897173233002,3,-0.005307959711204346,0.025779346350250032,0.009889242332605352,-0.005737919384527834,0.906485098379628,0.43515043515043317,-3.879878379658741,-3.1764210818572725,2216.7428429704987,2241.35371118844,2298.8145918328055,2370.6500133550344,000300.SH
2014-01-24,2245.68,0.06885477301430809,4,0.0061786199140638765,-0.005307959711204346,0.025779346350250032,0.009889242332605352,3.084246427571391,1.8518266548744888,-1.9687617318118855,-0.867423289322089,2222.00414424859,2241.765738694303,2296.730882349166,2369.406530635084,000300.SH
2014-01-27,2215.92,0.0661570140749066,0,-0.013252110719247479,0.0061786199140638765,-0.005307959711204346,0.025779346350250032,2.305181464365047,1.0138215236497716,-1.0149019047278607,-3.8012051331029584,2220.8979362033915,2239.304239771036,2293.561828139395,2367.879301474536,000300.SH
2014-01-28,2219.86,-0.22195817932070094,1,0.0017780425286111345,-0.013252110719247479,0.0061786199140638765,-0.005307959711204346,1.4834896064295444,0.31678604514540076,-0.8105451295799759,-3.461682308020142,2220.7092205300473,2237.45240741189,2290.671560369223,2366.406472604143,000300.SH
2014-01-29,2227.78,-0.012550001254838294,2,0.0035677925634949315,0.0017780425286111345,-0.013252110719247479,0.0061786199140638765,-0.7139673767715515,0.8528977699711282,-0.6302661569821955,-4.388355514735864,2221.994816797311,2236.5312257536148,2288.2052246684693,2365.0271047175347,000300.SH
2014-01-30,2202.45,-0.10889247259815193,3,-0.011370063471258574,0.0035677925634949315,0.0017780425286111345,-0.013252110719247479,-1.319061423278034,-0.42453342013890616,-0.8896508896508837,-5.147761823960595,2218.4412137432546,2233.285394729461,2284.842274681471,2363.4094220835295,000300.SH
2014-02-07,2212.48,0.14079390081323107,4,0.004554019387500441,-0.011370063471258574,0.0035677925634949315,0.0017780425286111345,-1.4783940721741273,1.5602550390408254,0.34605528720774714,-3.4180497472476645,2217.3573566990262,2231.3039285647505,2282.0045384194527,2361.907636789166,000300.SH
2014-02-10,2267.53,0.6352412469194275,0,0.024881580850448337,0.004554019387500441,-0.011370063471258574,0.0035677925634949315,2.3290552005487575,4.68792561369169,3.3664891871193703,1.290515670228376,2226.4796554810214,2234.754030606203,2281.4369094618273,2360.96855582609,000300.SH
2014-02-11,2285.56,0.14285162960197395,1,0.007951383223154584,0.024881580850448337,0.004554019387500441,-0.011370063471258574,2.9596461038083444,4.487041752574972,3.285807894796311,2.1251117068811443,2237.221536302654,2239.592694357993,2281.5985992868536,2360.218221937273,000300.SH
2014-02-12,2291.25,-0.2071615425222656,2,0.0024895430441556066,0.007951383223154584,0.024881580850448337,0.004554019387500441,2.8490245895016475,2.1147161066048525,3.7262216266625625,2.200801994727719,2247.044893338535,2244.51243775247,2281.9770855893303,2359.5319709727232,000300.SH
2014-02-13,2279.55,0.18866831284500818,3,-0.005106382978723345,0.0024895430441556066,0.007951383223154584,0.024881580850448337,3.5006470067425077,2.135409899233398,3.061252170138884,2.579852579852604,2252.9549127315286,2247.849348442711,2281.8819057622977,2358.736130465532,000300.SH
2014-02-14,2295.57,-0.26031182757785376,4,0.007027702836086114,-0.005106382978723345,0.0024895430441556066,0.007951383223154584,3.7555141741394404,2.221598803035185,5.374364812324162,4.114565616708621,2260.703110416705,2252.394172400548,2282.4186937716195,2358.107611754432,000300.SH
2014-02-17,2311.65,0.3444803107965493,0,0.007004796194409302,0.007027702836086114,-0.005106382978723345,0.0024895430441556066,1.9457294942073489,4.320101808729548,6.72486945923112,5.377721454359818,2269.9661812500312,2258.037584552877,2283.5650195060657,2357.645346960856,000300.SH
2014-02-18,2282.44,0.014227015005522592,1,-0.01263599593364051,0.007004796194409302,0.007027702836086114,-0.005106382978723345,-0.1365092143719604,2.8190966997918787,4.344407312758025,3.144813249881384,2272.23414829548,2260.36162411927,2283.520901094063,2356.897035050798,000300.SH
2014-02-19,2308.66,0.002663003858818902,2,0.011487706139044151,-0.01263599593364051,0.007004796194409302,0.007027702836086114,0.7598472449536153,3.630520069306642,2.8906319636331057,4.514382463987232,2278.8570304235745,2264.9614694412444,2284.5067481099823,2356.41706455278,000300.SH
2014-02-20,2287.44,0.03882302735168719,3,-0.00919147903978923,0.011487706139044151,-0.01263599593364051,0.007004796194409302,0.3461209449233449,3.8588844241639997,2.4889219450779487,3.41796875,2280.4175703465608,2267.102281875412,2284.6217775958653,2355.7307256020063,000300.SH
2014-02-21,2264.29,-0.23823721064032888,4,-0.0101204840345539,-0.00919147903978923,0.011487706139044151,-0.01263599593364051,-1.3626245333403064,2.34171608330922,0.8287022193723015,3.9385078655399086,2277.485284829004,2266.8344455063248,2283.824452984263,2354.820867635817,000300.SH
2014-02-24,2214.51,0.13862410112463208,0,-0.021984816432524035,-0.0101204840345539,-0.00919147903978923,0.011487706139044151,-4.202193238595797,-2.3382270576354003,-0.06363045597312933,2.2400842109151275,2266.035233041912,2261.851164981913,2281.106239141743,2353.42473959964,000300.SH
2014-02-25,2157.91,0.10939086661101305,1,-0.02555870147346384,-0.021984816432524035,-0.0101204840345539,-0.00919147903978923,-5.456003224619277,-5.585064491853209,-2.7907165316731763,-1.3486269149359242,2246.376099761564,2251.952006412207,2276.275014077361,2351.4793193051164,000300.SH
2014-02-26,2163.41,-0.22270132335566883,2,0.002548762459972931,-0.02555870147346384,-0.021984816432524035,-0.0101204840345539,-6.291528419082937,-5.579487179487186,-2.8894235516972233,-3.582761386932898,2231.2913543503705,2243.5194343729495,2271.8489350939353,2349.607982794618,000300.SH
2014-02-27,2154.11,0.18862631988249512,3,-0.004298769072898723,0.002548762459972931,-0.02555870147346384,-0.021984816432524035,-5.828786765991678,-5.50284047290035,-2.1948284864582446,-3.484938773864288,2217.258380832121,2235.0042501469543,2267.231721952997,2347.6627292344724,000300.SH
2014-02-28,2178.97,-0.1393734372701868,4,0.011540729117825776,-0.004298769072898723,0.002548762459972931,-0.02555870147346384,-3.768068577788186,-5.079348484254476,-1.514589962395152,-2.9705924263474737,2210.2968570444623,2229.6676548948635,2263.7704779548403,2345.984194615224,000300.SH
2014-03-03,2190.37,-0.011508072142279335,0,0.005231829717710745,0.011540729117825776,-0.004298769072898723,0.002548762459972931,-1.0900831335148742,-5.2464689723790485,-3.402821572371717,-1.1530199646196726,2206.673792127287,2225.925021095353,2260.892027838964,2344.4357946688037,000300.SH
2014-03-04,2184.27,-0.0679640633153693,1,-0.0027849176166583334,0.005231829717710745,0.011540729117825776,-0.004298769072898723,1.221552335361542,-4.301098824065475,-4.431736642223349,-1.60325425927762,2202.600375376871,2221.957876229129,2257.8872424335145,2342.8421051696114,000300.SH
2014-03-05,2163.98,-0.1394583270986084,2,-0.009289144657025017,-0.0027849176166583334,0.005231829717710745,0.011540729117825776,0.026347294317763392,-6.266838772274818,-5.554609929078014,-2.863837542306702,2195.5784889447123,2216.436173731117,2254.2046054753378,2341.062382730113,000300.SH
2014-03-06,2173.63,0.10464116193949735,3,0.004459375779813257,-0.009289144657025017,-0.0027849176166583334,0.005231829717710745,0.9061747078839888,-4.975431049557577,-4.646531113596986,-1.308542759199971,2191.5878545911282,2212.3593952805345,2251.044817025325,2339.396388872102,000300.SH
2014-03-07,2168.36,-0.045562063399605335,4,-0.0024245156719404637,0.004459375779813257,-0.009289144657025017,-0.0027849176166583334,-0.48692730969217557,-4.236648132527188,-5.541543059022381,-1.9941423199305697,2187.364608301832,2208.1689766823883,2247.8022751811945,2337.694534256459,000300.SH
2014-03-10,2097.79,0.07485077482596791,0,-0.03254533380066049,-0.0024245156719404637,0.004459375779813257,-0.009289144657025017,-4.226683163118561,-5.270691936365168,-9.251400514783814,-7.485678249019867,2171.078315883317,2197.6566931888274,2241.9194408603635,2335.3074244628624,000300.SH
2014-03-11,2108.66,-0.15868124371001624,1,0.005181643539152958,-0.03254533380066049,-0.0024245156719404637,0.004459375779813257,-3.461568395848502,-2.282300930066594,-7.613781742345916,-7.739897443077415,2159.729531177259,2189.1808176470345,2236.6935804344666,2333.0522262095005,000300.SH
2014-03-12,2114.13,0.1326303636046422,2,0.00259406447696664,0.005181643539152958,-0.03254533380066049,-0.0024245156719404637,-2.3036257266702997,-2.2778853754027106,-8.426099988738045,-7.730278232405885,2151.438707326848,2182.0331207282693,2231.887165515468,2330.873895600451,000300.SH
2014-03-13,2140.33,-0.01583874571572863,3,0.012392804605203978,0.00259406447696664,0.005181643539152958,-0.03254533380066049,-1.5319994663305248,-0.6397073501353323,-6.431206938761235,-6.1073457480643185,2149.4189423583302,2178.0613949446247,2228.29668843643,2328.9779364402475,000300.SH
2014-03-14,2122.84,-0.15817023755858584,4,-0.008171637084000927,0.012392804605203978,0.00259406447696664,0.005181643539152958,-2.099282406980385,-2.5759877373254136,-6.24699133061577,-7.524492827489471,2144.5864073840885,2172.802214473708,2224.1611320271586,2326.9268126945735,000300.SH
2014-03-17,2143.04,-0.044853905963728735,0,0.009515554634357715,-0.008171637084000927,0.012392804605203978,0.00259406447696664,2.1570319240724833,-2.1608221442039444,-3.2273505199795993,-7.293924253239037,2144.305242405163,2169.967717857164,2220.9799111633483,2325.0970931652746,000300.SH
2014-03-18,2138.13,0.13909965443442895,1,-0.0022911378229056867,0.009515554634357715,-0.008171637084000927,0.012392804605203978,1.3975700207714992,-2.1123762172258864,-0.9166276628774894,-6.322619652652417,2143.18247105877,2166.93555425172,2217.730895039296,2323.236724079053,000300.SH
2014-03-19,2120.87,0.02021648897809203,2,-0.008072474545514186,-0.0022911378229056867,0.009515554634357715,-0.008171637084000927,0.3188072635079031,-1.9921625893030481,-1.9663401759259624,-8.134155744024675,2139.1256581389935,2162.548358608699,2213.9324285671664,2321.223124834485,000300.SH
2014-03-20,2086.97,0.0663422324819829,3,-0.01598400656334431,-0.008072474545514186,-0.0022911378229056867,0.009515554634357715,-2.4930734980119995,-3.986879091657747,-3.116832473736264,-8.76394572098067,2129.642811204631,2155.3504196935846,2208.953509799827,2318.89224797046,000300.SH
2014-03-21,2158.8,0.41744261394092774,4,0.0344183193816876,-0.01598400656334431,-0.008072474545514186,-0.0022911378229056867,1.693957151740122,-0.4408861997085345,-0.9256667140896679,-4.658855535289197,2134.9441182583346,2155.6789511513384,2206.9867054939514,2317.299290279212,000300.SH
2014-03-24,2176.55,-0.028202317099309093,0,0.008222160459514516,0.0344183193816876,-0.01598400656334431,-0.008072474545514186,1.5636665671196148,3.7544272782309207,-0.6309436305281579,-1.714148953944672,2142.5088240295463,2157.666670089306,2205.7931092000713,2315.898799828673,000300.SH
2014-03-25,2174.44,-0.16816234587718748,1,-0.0009694240885805838,0.008222160459514516,0.0344183193816876,-0.01598400656334431,1.6982129243778399,3.1195166598693147,-0.45003593878045756,0.7660189720609445,2148.3144923878103,2159.2641300808004,2204.563575505951,2314.4912495816216,000300.SH
2014-03-26,2171.05,-0.25807320284234425,2,-0.001559022093044593,-0.0009694240885805838,0.008222160459514516,0.0344183193816876,2.366010175069677,2.6923604508710453,0.3267128161997812,0.3531461905048161,2152.448221044572,2160.386593882629,2203.2493176429725,2313.063973466382,000300.SH
2014-03-27,2155.71,0.24063842260418933,3,-0.0070657055341886155,-0.001559022093044593,-0.0009694240885805838,0.008222160459514516,3.2937703943995533,0.7185807795994092,-0.8244273404397262,0.07427661540031494,2153.0412717637405,2159.9412039890453,2201.3850306765817,2311.498262287612,000300.SH
2014-03-28,2151.97,-0.03301152569502064,4,-0.0017349272397494397,-0.0070657055341886155,-0.001559022093044593,-0.0009694240885805838,-0.3163794700759892,1.3722183490041395,-0.7558707963622457,-1.2391175647209485,2152.846495079424,2159.1820417043746,2199.4471863363237,2309.910916394203,000300.SH
2014-03-31,2146.3,-0.19989441704336453,0,-0.0026347950947269716,-0.0017349272397494397,-0.0070657055341886155,-0.001559022093044593,-1.3898141554294585,0.15212035239660082,2.312433561033278,-2.011988842067769,2151.6562232468013,2157.955180589672,2197.3629829505853,2308.282947076848,000300.SH
2014-04-01,2163.11,-0.09242195513067031,1,0.007832083119787558,-0.0026347950947269716,-0.0017349272397494397,-0.0070657055341886155,-0.5210536965839396,1.1683106265755638,2.5822086064135608,-0.9687447064694266,2153.738728111019,2158.446115771608,2196.019728717229,2306.83844014076,000300.SH
2014-04-02,2180.73,0.3004666156348763,2,0.00814567913790798,0.007832083119787558,-0.0026347950947269716,-0.0017349272397494397,0.44586720711174976,2.8224266456690073,3.1502320103304893,0.7740367286204197,2158.646232090834,2160.5683904600264,2195.420131512632,2305.583629791101,000300.SH
2014-04-03,2165.01,0.01640994660704176,3,-0.007208595286899211,0.00814567913790798,0.007832083119787558,-0.0026347950947269716,0.4314123884938237,3.7393925164233455,1.1530932145977557,-0.3965716336266967,2159.8032808015914,2160.991400892405,2194.2275773356664,2304.184887206115,000300.SH
2014-04-04,2185.47,-0.23906623696950513,4,0.009450302769963947,-0.007208595286899211,0.00814567913790798,0.007832083119787558,1.5567131512056465,1.2354085603112575,2.95029300371199,0.7890756147503009,2164.469957019484,2163.3226960455095,2193.884142930346,2303.003644547348,000300.SH
2014-04-08,2237.32,0.9514410663722637,1,0.0237248738257676,0.009450302769963947,-0.007208595286899211,0.00814567913790798,4.240786469738622,2.7920332636511835,4.399357921457381,6.651285400349893,2177.7154193795777,2170.3700583268896,2195.5875098742545,2302.3500759448866,000300.SH
2014-04-09,2238.62,-0.28607110811643766,2,0.0005810523304667914,0.0237248738257676,0.009450302769963947,-0.007208595286899211,3.4908072173860605,2.9515645407553137,4.699901315635624,6.1631557482002775,2188.7889794923817,2176.870052771948,2197.275058506637,2301.7159458359824,000300.SH
2014-04-10,2273.76,0.6609855434814413,3,0.015697170578302888,0.0005810523304667914,0.0237248738257676,0.009450302769963947,4.2660026688310815,4.730890582897684,7.208834110530127,7.55062366079664,2204.238255948312,2186.0976667936675,2200.274467976965,2301.437777220699,000300.SH
2014-04-11,2270.67,-0.15215955390062397,4,-0.0013589824783618587,0.015697170578302888,0.0005810523304667914,0.0237248738257676,4.880346972993199,5.332813782929979,8.802234818900146,6.089715137385365,2216.3167548668007,2194.15217471808,2203.0350770759073,2301.1316301836773,000300.SH
2014-04-14,2268.61,-0.30062962212806366,0,-0.0009072212166453264,-0.0013589824783618587,0.015697170578302888,0.0005810523304667914,3.8042160267585556,5.420149909153027,5.086622197517143,6.866744549754111,2225.824617618291,2201.243396173501,2205.606642680774,2300.808031873392,000300.SH
2014-04-15,2229.46,0.03891798324264806,1,-0.017257263258118494,-0.0009072212166453264,-0.0013589824783618587,0.015697170578302888,-0.3513131782668655,3.874574849741408,2.430911304587524,4.0325892190533175,2226.485596233147,2203.9306917760246,2206.5420684579985,2300.098101207985,000300.SH
2014-04-16,2232.53,-0.23688671661838057,2,0.0013770150619434318,-0.017257263258118494,-0.0009072212166453264,-0.0013589824783618587,-0.2720425976717622,3.209268137080401,2.671492430234923,4.4150729843367875,2227.584578736211,2206.6544354164034,2207.561203028273,2299.4257817929806,000300.SH
2014-04-17,2224.8,-0.055971900485281445,3,-0.003462439474497536,0.0013770150619434318,-0.017257263258118494,-0.0009072212166453264,-2.153261557948072,2.0208829153540497,2.4757605766794866,4.9003474989037565,2227.0782916932635,2208.382584424365,2208.2372342820663,2298.6832367005136,000300.SH
2014-04-18,2224.48,0.013597306926512953,4,-0.00014383315354193904,-0.003462439474497536,0.0013770150619434318,-0.017257263258118494,-2.0342013590702313,2.7468695294709855,3.1901322534107157,6.5889782795152785,2226.6058750217608,2209.9156716220446,2208.874205486691,2297.944896036827,000300.SH
2014-04-21,2187.25,0.13446819290993872,0,-0.016736495720348188,-0.00014383315354193904,-0.003462439474497536,0.0013770150619434318,-3.5863370081239188,0.08144701139800592,1.6394280589413501,1.317861775060214,2219.45026138144,2207.7570362294687,2208.02619742839,2296.8434542852165,000300.SH
2014-04-22,2196.8,0.009562614704419437,1,0.004366213281517872,-0.016736495720348188,-0.00014383315354193904,-0.003462439474497536,-1.464928727135717,-1.8110954177319338,2.3528863625774665,0.930371459419721,2215.33203203936,2206.7135089695194,2207.5859543919823,2295.847997028647,000300.SH
2014-04-23,2194.67,-0.1367825750272339,2,-0.000969592134013153,0.004366213281517872,-0.016736495720348188,-0.00014383315354193904,-1.695833874572794,-1.9632630817199792,1.4590104063131326,0.9303544820735477,2211.5752989412945,2205.5665081152792,2207.0794463766106,2294.841250789556,000300.SH
2014-04-24,2190.47,-0.07222962903134789,3,-0.0019137273485309025,-0.000969592134013153,0.004366213281517872,-0.016736495720348188,-1.5430600503416159,-3.663095489409629,0.4466394280814079,0.8944980539370206,2207.737971861059,2204.1287454376334,2206.4280955383124,2293.8027308812025,000300.SH
2014-04-25,2167.83,0.2424453830597506,4,-0.010335681383447315,-0.0019137273485309025,-0.000969592134013153,0.004366213281517872,-2.5466625908077467,-4.529059704844829,0.13025343993791072,0.5622277579080626,2200.4819769772303,2200.6717220626206,2204.9144447328886,2292.549270872434,000300.SH
2014-04-28,2134.97,-0.04018293013018115,0,-0.015158015158015181,-0.010335681383447315,-0.0019137273485309025,-0.000969592134013153,-2.3902160246885407,-5.890831830944954,-2.3107157728085914,-0.7899738379252508,2188.5707084359155,2194.4144151995138,2202.171525331599,2290.9813179284297,000300.SH
2014-04-29,2158.47,-0.16897322156267314,1,0.011007180428764807,-0.015158015158015181,-0.010335681383447315,-0.0019137273485309025,-1.7448106336489633,-3.184179128578235,-3.524305865946775,0.5670223174765621,2183.0978523566578,2190.9911375614647,2200.457740024477,2289.662797352027,000300.SH
2014-04-30,2158.66,-0.04951414368350693,2,8.802531422724691e-05,0.011007180428764807,-0.015158015158015181,-0.010335681383447315,-1.6407933766807825,-3.308802121360088,-3.571843367789085,-0.20572231647952854,2178.654606473629,2187.91198160323,2198.818612964694,2288.359286930614,000300.SH
2014-05-05,2156.47,0.05007036686482835,0,-0.0010145182659613283,8.802531422724691e-05,0.011007180428764807,-0.015158015158015181,-1.5521782996343214,-3.071287306724213,-5.158416015762457,-1.1124715118332018,2174.6210416602416,2184.917507164827,2197.1578830445096,2287.0469557173737,000300.SH
2014-05-06,2157.33,0.0003858168888932756,1,0.00039879989056190723,-0.0010145182659613283,8.802531422724691e-05,0.011007180428764807,-0.48435532306499995,-3.0186830180536584,-4.991478286144623,-0.3547327725969107,2171.477215903834,2182.2901255300812,2195.5960052780583,2285.7562397400866,000300.SH
2014-05-07,2137.32,-0.0900397599698215,2,-0.009275354257345825,0.00039879989056190723,-0.0010145182659613283,8.802531422724691e-05,0.11007180428765917,-2.282775174305629,-5.787244171541161,-2.203187415064023,2165.2668130122274,2178.0072564319785,2193.3106717377427,2284.279262230235,000300.SH
2014-05-08,2135.5,0.07890515276143528,3,-0.0008515336964048936,-0.009275354257345825,0.00039879989056190723,-0.0010145182659613283,-1.064179719894176,-2.7904224326292915,-4.214473459940971,-4.550980637548507,2159.8546651918223,2173.9589462955996,2191.043586571557,2282.7988715612773,000300.SH
2014-05-09,2133.91,-0.011957347168913501,4,-0.0007445563099977015,-0.0008515336964048936,-0.009275354257345825,0.00039879989056190723,-1.1465446156411874,-2.7685255642078355,-4.417409844436593,-4.677435205617753,2155.1374533387634,2170.144760934114,2188.803053764829,2281.31739025221,000300.SH
2014-05-12,2180.05,0.6468931670922091,0,0.021622280227376223,-0.0007445563099977015,-0.0008515336964048936,-0.009275354257345825,1.09345365342437,-0.4756969965349689,-2.0114167565623897,-4.121367250721275,2159.66700727717,2171.088117035627,2188.4597967544437,2280.3097545283076,000300.SH
2014-05-13,2174.85,-0.24193295532542858,1,-0.0023852663929727624,0.021622280227376223,-0.0007445563099977015,-0.0008515336964048936,0.8121149754557688,0.323826130277749,-2.231083219449048,-4.219899853347253,2162.4275514085934,2171.4463916036625,2187.9260792346618,2279.2604037369815,000300.SH
2014-05-14,2172.37,-0.2194840577310132,2,-0.001140308527024847,-0.0023852663929727624,0.021622280227376223,-0.0007445563099977015,1.6399041790653657,1.751781055471513,-0.6803063207223681,-4.242245251497623,2164.2352693343037,2171.5343543080758,2187.3160369117336,2278.1968176301457,000300.SH
2014-05-15,2144.08,-0.0070278256913581805,3,-0.013022643472336615,-0.001140308527024847,-0.0023852663929727624,0.021622280227376223,0.4017794427534582,-0.6666759324892135,-2.3998543335761235,-3.8296269051698695,2160.570674909885,2168.919653897783,2185.62050605245,2276.8623219323335,000300.SH
2014-05-16,2145.95,-0.10146607999839752,4,0.0008721689489197271,-0.013022643472336615,-0.001140308527024847,-0.0023852663929727624,0.5642224836098997,-0.5887911945373525,-2.2199237242956915,-3.8781113803622036,2157.912370380815,2166.7320678122796,2184.0647999327457,2275.5597117638526,000300.SH
2014-05-19,2115.14,0.061403486207538105,0,-0.014357277662573664,0.0008721689489197271,-0.013022643472336615,-0.001140308527024847,-2.977454645535671,-1.9165580787119607,-3.438987979748631,-4.928982380438707,2150.1355757661213,2161.8185375444436,2181.3618666020498,2273.963495726401,000300.SH
2014-05-20,2115.77,-0.14970964792875896,1,0.00029785262441262006,-0.014357277662573664,0.0008721689489197271,-0.013022643472336615,-2.71650918454146,-1.9264553869829837,-2.401479820834662,-4.886984823419405,2143.88728926319,2157.432962540211,2178.7896365392244,2272.389431092308,000300.SH
2014-05-21,2135.91,0.021233303163064488,2,0.00951899308525972,0.00029785262441262006,-0.014357277662573664,0.0008721689489197271,-1.6783512937483036,-0.06597046768852532,0.04402872171507255,-2.347239684535385,2142.4368730335186,2155.3831565840005,2177.1080821651376,2271.0314268028324,000300.SH
2014-05-22,2130.87,0.21647846717241181,3,-0.002359649985252177,0.00951899308525972,0.00029785262441262006,-0.014357277662573664,-0.6161150703332008,-0.2168110512760557,-1.278683511932055,-3.001183539694119,2140.333805209242,2153.048570242667,2175.2948240410146,2269.636785740118,000300.SH
2014-05-23,2148.41,-0.17353951495823727,4,0.008231379671214123,-0.002359649985252177,0.00951899308525972,0.00029785262441262006,0.11463454414128993,0.6795038216232285,-0.474831608497861,-2.10783397959603,2141.8022042621074,2152.606801648127,2174.240517215877,2268.4305490660868,000300.SH
2014-05-26,2155.98,0.16559089106052371,0,0.0035235360103518243,0.008231379671214123,-0.002359649985252177,0.00951899308525972,1.9308414573030674,-1.1041031169010007,-0.02272231934595803,-1.5745479280702246,2144.3799853053606,2152.9280586340196,2173.524418501529,2267.311638130106,000300.SH
2014-05-27,2147.28,-0.14327699870436716,1,-0.004035287896919204,0.0035235360103518243,0.008231379671214123,-0.002359649985252177,1.489292314382018,-1.2676736326643123,-0.4658536246193057,-0.9479525608557693,2144.907260704386,2152.3901482879223,2172.495225619116,2266.1172934720953,000300.SH
2014-05-28,2169.35,0.4093795502970572,2,0.010278119295108024,-0.004035287896919204,0.0035235360103518243,0.008231379671214123,1.5656090378340037,-0.13901867545583757,1.498605730541036,1.6103270771954614,2149.35139512177,2154.005372260501,2172.3718834379742,2265.154434830582,000300.SH
2014-05-29,2155.16,-0.09973586174339133,3,-0.006541129831516335,0.010278119295108024,-0.004035287896919204,0.0035235360103518243,1.1399099898163678,0.5167717622476697,0.9206274877077814,-0.1533493632063454,2150.40750509963,2154.11533680712,2171.696907616877,2264.0599628422183,000300.SH
2014-05-30,2156.46,-0.0318356468390637,4,0.0006032034744520853,-0.006541129831516335,0.010278119295108024,-0.004035287896919204,0.37469570519594875,0.48975978005081355,1.056745598455433,-0.10191507694587987,2151.507958717879,2154.3386380635848,2171.09938182798,2262.989316445778,000300.SH
2014-06-03,2149.92,-0.04684454301318597,1,-0.0030327481149662328,0.0006032034744520853,-0.006541129831516335,0.010278119295108024,-0.28107867419919774,1.6443355995347853,-1.3820783926974167,-0.30373712595119784,2151.2192389509914,2153.9178153908624,2170.268817834726,2261.8642486204467,000300.SH
2014-06-04,2128.27,-0.060655201005217485,2,-0.010070142144824046,-0.0030327481149662328,0.0006032034744520853,-0.006541129831516335,-0.8853060616221597,0.5908014576253562,-2.141756902774905,-1.3470354558644204,2147.046650050811,2151.4751663060183,2168.6218053706193,2260.534952614273,000300.SH
2014-06-05,2150.6,-0.07179033797268064,3,0.010492089819430728,-0.010070142144824046,-0.0030327481149662328,0.0006032034744520853,-0.8643141954963518,0.6877630611776819,-1.0021313128058318,0.6213388729811031,2147.692713677936,2151.3918171340165,2167.915067905105,2259.441072488758,000300.SH
2014-06-06,2134.72,-0.0192183058917218,4,-0.007383985864410025,0.010492089819430728,-0.010070142144824046,-0.0030327481149662328,-0.9484214629076337,0.18067737590747868,-0.43655087496735634,-0.03652540388668912,2145.3340384637654,2149.804025026015,2166.613300536277,2258.2000667923526,000300.SH
2014-06-09,2134.28,0.08980645121484732,0,-0.0002061160245838689,-0.007383985864410025,0.010492089819430728,-0.010070142144824046,-1.0285375105496875,-0.6576956912321075,-0.5438150935482944,0.01733906303453825,2143.3242132885352,2148.325546452109,2165.345327966227,2256.9670313018814,000300.SH
2014-06-10,2161.27,0.25729553796799176,1,0.012645950859305977,-0.0002061160245838689,-0.007383985864410025,0.010492089819430728,0.5279266205254096,0.24536405718049714,2.1809431054209183,-0.8614481319235923,2146.5870835997102,2149.5583515519083,2165.1855111832383,2256.014822035196,000300.SH
2014-06-11,2160.77,-0.1599657241714385,2,-0.00023134545892000702,0.012645950859305977,-0.0002061160245838689,-0.007383985864410025,1.5270618859449137,0.6282366528817862,2.1268852474512823,-0.647400970181844,2149.1657956724903,2150.6261275945835,2165.012353881935,2255.067112363204,000300.SH
2014-06-12,2153.41,-0.0015823717780348856,3,-0.003406193162622695,-0.00023134545892000702,0.012645950859305977,-0.0002061160245838689,0.13066121082487836,-0.7347823080646299,0.8193229115458944,-0.8727794988883097,2149.937469186583,2150.8912582998614,2164.5573596120553,2254.0555988073515,000300.SH
2014-06-13,2176.24,0.38960201911089976,4,0.010601789719560939,-0.003406193162622695,-0.00023134545892000702,0.012645950859305977,1.944985759256479,0.9781176339575648,2.129177284395567,1.4999440319390933,2154.719747516295,2153.305424176065,2165.015502372367,2253.281314242104,000300.SH
2014-06-16,2191.86,0.09927053746790104,0,0.007177517185604776,0.010601789719560939,-0.003406193162622695,-0.00023134545892000702,2.6978653222632376,1.6415792548899688,2.022425887051371,2.1393788298888827,2161.4725206951503,2156.9772885402494,2166.068227769529,2252.6701568864614,000300.SH
2014-06-17,2169.67,-0.1873201146486293,1,-0.01012382177693838,0.007177517185604776,0.010601789719560939,-0.003406193162622695,0.3886603709855718,0.9186388330728601,0.6349780610209743,2.5780799379710118,2162.9629714778503,2158.186118203083,2166.2094737393513,2251.844284678636,000300.SH
2014-06-18,2160.24,-0.08015745709047783,2,-0.00434628307530649,-0.01012382177693838,0.007177517185604776,0.010601789719560939,-0.024528293154768566,1.5021590305741128,0.6035542639990954,2.1018352656479555,2162.4678857546046,2158.3817259932657,2165.975376729965,2250.9327992589483,000300.SH
2014-06-19,2126.91,0.08208288569541189,3,-0.015428841239862212,-0.00434628307530649,-0.01012382177693838,0.007177517185604776,-1.2306063406411272,-1.1015530549614128,-1.9563463710328022,-0.42136606879503713,2156.0028156174035,2155.3844187558116,2164.4434011719272,2249.6987415548792,000300.SH
2014-06-20,2136.73,-0.23037361706287784,4,0.004617026578463745,-0.015428841239862212,-0.00434628307530649,-0.01012382177693838,-1.8155166709553971,0.09415754759407591,-0.8551569257038816,0.2750050448877772,2152.4986673233298,2153.607807445734,2163.3566011259695,2248.574674474731,000300.SH
2014-06-23,2134.11,0.047612877765893735,0,-0.0012261727031491754,0.004617026578463745,-0.015428841239862212,-0.00434628307530649,-2.634748569707923,-0.00796521543565687,-1.0364208007567877,-0.6656085197890405,2149.1552732645423,2151.750873403283,2162.2096755916177,2247.435722489908,000300.SH
2014-06-24,2144.82,0.04489277581661999,1,0.0050184854576380555,-0.0012261727031491754,0.004617026578463745,-0.015428841239862212,-1.1453354657620651,-0.7611265598467476,-0.23721812904665684,-0.5176300336737771,2148.3670417618982,2151.090790222018,2161.5277275292015,2246.4146705248345,000300.SH
2014-06-25,2133.37,-0.12814288119889083,2,-0.005338443319253039,0.0050184854576380555,-0.0012261727031491754,0.004617026578463745,-1.2438432766729624,-1.2680664763024319,0.2396312497944253,-0.6477962818076999,2145.6403068960985,2149.4030959151587,2160.423502920213,2245.2898479325477,000300.SH
2014-06-26,2149.08,0.20090673222649835,3,0.007363935932351184,-0.005338443319253039,0.0050184854576380555,-0.0012261727031491754,1.0423572224494748,-0.20107643226324745,-0.07067795033943725,-0.9343812662779172,2146.265705642262,2149.3723248756196,2159.9786596684403,2244.332536012821,000300.SH
2014-06-27,2150.26,0.12127110495484938,4,0.0005490721611109972,0.007363935932351184,-0.005338443319253039,0.0050184854576380555,0.6332105600614035,-1.1938021541741506,0.7279643231899557,-0.22736130960112622,2146.9919409800327,2149.456865363656,2159.597535759874,2243.396490878365,000300.SH
2014-06-30,2165.12,0.10437847482530183,0,0.006910792183270731,0.0005490721611109972,0.007363935932351184,-0.005338443319253039,1.453064743616772,-1.2199684286405277,1.4449837884438654,0.4015840776086632,2150.287951710936,2150.9485924718792,2159.814102984977,2242.6176203223617,000300.SH
2014-07-01,2164.56,-0.006788116450337611,1,-0.0002586461720366362,0.006910792183270731,0.0005490721611109972,0.007363935932351184,0.9203569530310096,-0.2355196873257248,0.15222531196934508,0.680955570439834,2152.8828695816746,2152.244916998367,2160.0002165934097,2241.840927582836,000300.SH
2014-07-02,2170.87,0.06683277168423452,2,0.002915142107402957,-0.0002586461720366362,0.006910792183270731,0.0005490721611109972,1.7577822881169158,0.4920749546346803,0.46742596389248714,2.001625733577028,2156.153256930461,2154.018734427094,2160.4264826093545,2241.134749198927,000300.SH
2014-07-03,2180.19,0.05164428349769845,3,0.004293209634846917,0.002915142107402957,-0.0002586461720366362,0.006910792183270731,1.4475961806912796,2.505042526482093,1.243608973674326,1.3758950990421237,2160.523573852195,2156.5112359102277,2161.2015225070268,2240.5283337840124,000300.SH
2014-07-04,2178.7,-0.1434166640785337,4,-0.0006834266738221517,0.004293209634846917,0.002915142107402957,-0.0002586461720366362,1.3226307516300162,1.964216349281367,0.11303900305112968,2.0602233548193682,2163.828378606341,2158.624451537825,2161.887737310673,2239.9131264826788,000300.SH
2014-07-07,2176.29,-0.0067962032947260775,0,-0.0011061642263734406,-0.0006834266738221517,0.004293209634846917,0.002915142107402957,0.515906739580263,1.9764679421398146,-0.7103555884043766,1.968345296774543,2166.094127950643,2160.3068847246986,2162.452531925941,2239.2800605475277,000300.SH
2014-07-08,2180.47,-0.03454628536325621,1,0.0019206999067218344,-0.0011061642263734406,-0.0006834266738221517,0.004293209634846917,0.7350223602025308,1.6621441426319938,0.4977715505122715,0.8883665622527515,2168.7079228687076,2162.2271814175847,2163.1590993013942,2238.6948858157116,000300.SH
2014-07-09,2148.71,0.2816981537583607,2,-0.014565667035088659,0.0019206999067218344,-0.0011061642263734406,-0.0006834266738221517,-1.0207889003026382,0.7190501413256944,-0.5337369921860402,-0.5581343687666829,2165.071936892579,2160.939830806386,2162.5924679562418,2237.799513817545,000300.SH
2014-07-10,2142.85,-0.13646229034295376,3,-0.0027272177259844987,-0.014565667035088659,0.0019206999067218344,-0.0011061642263734406,-1.7126947651351587,-0.2898914884508774,0.749444029131463,-0.49038501725170436,2161.031584730292,2159.2169897772064,2161.818253526585,2236.8547425357788,000300.SH
2014-07-11,2148.01,0.012176313873077493,4,0.0024080080266934978,-0.0027272177259844987,-0.014565667035088659,0.0019206999067218344,-1.4086381787304147,-0.1046385088314894,0.5279094691421182,-1.297191486233118,2158.664023870239,2158.1496574174726,2161.276753388288,2235.970715246866,000300.SH
2014-07-14,2171.76,0.17293779871635961,0,0.011056745545877433,0.0024080080266934978,-0.0027272177259844987,-0.014565667035088659,-0.20815240615909003,0.3066804611291829,1.7642014704021936,-0.9170293723139156,2161.0451104392864,2159.4458805205704,2161.687861098551,2235.3318026573447,000300.SH
2014-07-15,2174.98,0.063469070530763,1,0.0014826684348177022,0.011056745545877433,0.0024080080266934978,-0.0027272177259844987,-0.2517805794163497,0.481391137228826,1.4061786070625804,0.24473767900188292,2163.578726723052,2160.925320470992,2162.2091214476277,2234.731287208018,000300.SH
2014-07-16,2170.87,-0.04943372882431307,2,-0.001889672548713195,0.0014826684348177022,0.011056745545877433,0.0024080080266934978,1.0313164642971717,0.0,1.7577822881169158,0.4920749546346803,2164.904412773406,2161.872432807088,2162.548763743799,2234.0958515144057,000300.SH
2014-07-17,2157.07,-0.24165474458107472,3,-0.0063568983863611095,-0.001889672548713195,0.0014826684348177022,0.011056745545877433,0.6636022120073859,-1.0604580334741431,0.3717869972267307,1.4180195682939267,2163.4799740873323,2161.415058254032,2162.33391026365,2233.329425131178,000300.SH
2014-07-18,2164.14,0.15973090078341645,4,0.003277594143908047,-0.0063568983863611095,-0.001889672548713195,0.0014826684348177022,0.7509276027578782,-0.6682884288796043,0.6455033344804573,1.2828012898213448,2163.599978798726,2161.674576515553,2162.404737312135,2232.6409731398235,000300.SH
2014-07-21,2166.3,-0.11211702169612037,0,0.0009980869999168807,0.003277594143908047,-0.0063568983863611095,-0.001889672548713195,-0.25140899546911566,-0.45903808775483723,0.054500443393457054,1.50835711373829,2164.090891744412,2162.1150930378813,2162.557492711659,2231.980863954353,000300.SH
2014-07-22,2192.7,0.39961928809051783,1,0.012186677745464447,0.0009980869999168807,0.003277594143908047,-0.0063568983863611095,0.8147201353575495,0.5608882488637779,1.300033263111211,2.2323551626709737,2169.2925477908825,2165.027941319988,2163.739551821006,2231.590009586648,000300.SH
2014-07-23,2197.83,0.035504087874597134,2,0.002339581338076435,0.012186677745464447,0.0009980869999168807,0.003277594143908047,1.2418984093934604,2.2860227764565755,1.2418984093934604,3.0215105677871223,2174.4811754652674,2168.15194690856,2165.076432141751,2231.2540890932487,000300.SH
2014-07-24,2237.02,0.4450312237994738,3,0.01783122443501095,0.002339581338076435,0.012186677745464447,0.0009980869999168807,3.7064165743346145,4.394614648715489,2.6066535485439246,4.091983546447775,2185.8518708352185,2174.710809107745,2167.897748528349,2231.311461341077,000300.SH
2014-07-25,2260.45,-0.1797621492537791,4,0.01047375526369887,0.01783122443501095,0.002339581338076435,0.012186677745464447,4.450266618610632,5.23461250180397,3.7522375728645585,5.1244965725074865,2199.415167046997,2182.8764463355787,2171.5272485860605,2231.6013970491263,000300.SH
2014-07-28,2323.9,0.7717933970253639,0,0.028069632152889934,0.01047375526369887,0.01783122443501095,0.002339581338076435,7.275077320777368,7.0053781264964865,6.782643857206527,7.333542713567853,2222.048773038452,2196.3072609702854,2177.502650602293,2232.519791108339,000300.SH
2014-07-29,2331.37,-0.22784593779267281,1,0.0032144240285725267,0.028069632152889934,0.01047375526369887,0.01783122443501095,6.3241665526519775,7.190410946307546,6.920526308548158,7.706416084562218,2241.9253597587335,2209.1703789731155,2183.5366643041643,2233.503375276415,000300.SH
2014-07-30,2322.01,-0.07857471102471958,2,-0.004014806744532029,0.0032144240285725267,0.028069632152889934,0.01047375526369887,5.650118526000658,6.962185667497378,8.06530429885839,6.962185667497378,2256.4862034389635,2219.9170095471045,2188.966991194197,2234.384038208988,000300.SH
2014-07-31,2350.25,-0.09894070672375632,3,0.012161876994500442,-0.004014806744532029,0.0032144240285725267,0.028069632152889934,5.061644509213159,8.955666714571153,9.678698928996443,7.800237593971171,2273.534166450061,2232.3296753045233,2195.2918150689343,2235.536933351187,000300.SH
2014-08-01,2329.4,0.13947002203347214,4,-0.008871396659929753,0.012161876994500442,-0.004014806744532029,0.0032144240285725267,3.050277599593021,7.636289703993282,8.44456031396501,6.916968834626158,2283.691590731868,2241.574468132664,2200.550959576035,2236.4708942133648,000300.SH
2014-08-04,2375.62,-0.04544915302389563,0,0.01984201940413821,-0.008871396659929753,0.012161876994500442,-0.004014806744532029,2.225569086449486,9.66255827909337,9.38685674291817,9.159165368585986,2300.4058469624374,2254.340709262887,2207.4164121416807,2237.8554624301473,000300.SH
2014-08-05,2369.35,-0.033512898920247225,1,-0.0026393110009176324,0.01984201940413821,-0.008871396659929753,0.012161876994500442,1.6290850444159455,8.056277648561139,8.936633900081837,8.662352612051528,2312.9411475147213,2265.293975047374,2213.766748920438,2239.163865789051,000300.SH
2014-08-06,2363.22,-0.01251872057729897,2,-0.002587207461962171,-0.0026393110009176324,0.01984201940413821,-0.008871396659929753,1.7747554920090503,7.525149806854947,8.860502932004222,9.983199221858685,2322.082757057499,2274.6202631381,2219.62766072748,2240.398255184185,000300.SH
2014-08-07,2327.46,-0.02510154497301964,3,-0.015131896310965454,-0.002587207461962171,-0.0026393110009176324,0.01984201940413821,-0.9696840761621139,4.042878472253264,7.899140964363682,8.615162050540182,2323.060437592499,2279.65261902971,2223.8563799146377,2241.264541202253,000300.SH
2014-08-08,2331.13,-0.229684433997546,4,0.001576826239763518,-0.015131896310965454,-0.002587207461962171,-0.0026393110009176324,0.074268051858839,3.12681103320136,7.716229079449577,8.525099976257078,2324.527630757499,2284.5552267411663,2228.0631885454363,2242.1587248718824,000300.SH
2014-08-11,2365.35,0.1428019326865242,0,0.01467957599962233,0.001576826239763518,-0.015131896310965454,-0.002587207461962171,-0.43230819743897975,1.7836395714101227,9.188478050131543,8.9139683942977,2331.9498797106808,2292.2499670515317,2233.4469850730666,2243.384508704003,000300.SH
2014-08-12,2357.05,-1.5667577393241316e-06,1,-0.0035089944405689577,0.01467957599962233,0.001576826239763518,-0.015131896310965454,-0.5191297191212696,1.1014982606793566,7.495325397911268,8.371111458496184,2336.513537945102,2298.4213987609096,2238.2941621290247,2244.5155086173963,000300.SH
2014-08-13,2358.9,0.13512101474960092,2,0.000784879404340133,-0.0035089944405689577,0.01467957599962233,0.001576826239763518,-0.1828014319445348,1.588709781611608,7.32859229330749,8.661504373822492,2340.583803773265,2304.1812655455847,2243.023802829847,2245.653662760507,000300.SH
2014-08-14,2335.95,-0.10547116337830742,3,-0.009729111026325898,0.000784879404340133,-0.0035089944405689577,0.01467957599962233,0.3647753344848015,-0.6084459100095807,4.4224012302080284,8.292730416722671,2339.7412939963074,2307.206859303148,2246.6679674247553,2246.5521337778155,000300.SH
2014-08-15,2360.64,-0.028049609597177172,4,0.010569575547421772,-0.009729111026325898,0.000784879404340133,-0.0035089944405689577,1.2659096661275848,1.3411178844337401,4.432303302439777,9.079819235354458,2343.5410587242513,2312.2957298457054,2251.1374588982944,2247.6873364267926,000300.SH
2014-08-18,2374.56,0.10087763539126882,0,0.005896705978039929,0.010569575547421772,-0.009729111026325898,0.000784879404340133,0.38937155177880545,-0.044619930797007434,2.1799561082662677,9.613626921479002,2349.1808662289327,2318.2256603365904,2255.9775585493417,2248.94975098971,000300.SH
2014-08-19,2374.77,0.13970052438792657,1,8.843743683040195e-05,0.005896705978039929,0.010569575547421772,-0.009729111026325898,0.7517871916166374,0.22875472175913902,1.8615663751356593,8.303461485839382,2353.8334360054905,2323.6108355426295,2260.6360856650535,2250.201693765932,000300.SH
2014-08-20,2366.14,-0.11064487658303113,2,-0.0036340361382365405,8.843743683040195e-05,0.005896705978039929,0.010569575547421772,0.30692271821610717,0.12356022714770099,1.9005086110740033,7.658008126197191,2356.0709930954013,2327.661232157617,2264.773494070346,2251.3553087533355,000300.SH
2014-08-21,2354.24,0.00894404146438621,3,-0.005029288207798355,-0.0036340361382365405,8.843743683040195e-05,0.005896705978039929,0.7829790877373233,1.1506105368083608,0.16976917349216247,5.2400067947537154,2355.7380852598735,2330.192543380701,2268.28198449896,2252.379037024447,000300.SH
2014-08-22,2365.36,-0.07104299437500361,4,0.00472339268723676,-0.005029288207798355,-0.0036340361382365405,8.843743683040195e-05,0.19994577741631048,1.4683865764672177,1.5437451704301441,4.641111283151589,2357.4875243035326,2333.5418249634913,2272.088965499001,2253.503225710771,000300.SH
2014-08-25,2342.86,-0.0053708172324802295,0,-0.009512294111678532,0.00472339268723676,-0.005029288207798355,-0.0036340361382365405,-1.334984165487496,-0.9508106622698409,-1.379008427273709,0.8158698739188397,2354.8279744301626,2334.429270205064,2274.8643001853147,2254.3923478430024,000300.SH
2014-08-26,2324.09,-0.024036160483216773,1,-0.008011575595639475,-0.009512294111678532,0.00472339268723676,-0.005029288207798355,-2.134101407715272,-1.3983581171379544,-1.9102285436934041,-0.3122627467969319,2349.2392518064967,2333.444577804582,2276.7947197858907,2255.085856819689,000300.SH
2014-08-27,2327.59,-0.24882832182775416,2,0.0015059657758520473,-0.008011575595639475,-0.009512294111678532,0.00472339268723676,-1.629235801769957,-1.3273135783627987,-1.507688662079687,0.24030904259670915,2345.3030242053155,2332.88699896605,2278.7866915589934,2255.8072910801898,000300.SH
2014-08-28,2311.28,0.06000591205450623,3,-0.007007247840040587,0.0015059657758520473,-0.008011575595639475,-0.009512294111678532,-1.8247927144216192,-1.0561013720327805,-0.6951784348603107,-1.6581214764386676,2339.117019804349,2330.829189540712,2280.060938948837,2256.3592583331233,000300.SH
2014-08-29,2338.29,-0.11837578632052681,4,0.011686165241770796,-0.007007247840040587,0.0015059657758520473,-0.008011575595639475,-1.1444346737917388,-0.9467771451809659,0.30714717754907195,0.38164334163304225,2338.9666525671946,2331.539742917787,2282.3444315390784,2257.1744895934903,000300.SH
2014-09-01,2355.32,0.25706438848409285,0,0.007283100043194102,0.011686165241770796,-0.007007247840040587,0.0015059657758520473,0.5318286197211863,-0.8102553736271001,-0.4240387257699596,-0.8545137690371241,2341.9399884640684,2333.8045293065693,2285.206218537546,2258.151061836341,000300.SH
2014-09-02,2386.46,0.4575044327981259,1,0.013221133434098142,0.007283100043194102,0.011686165241770796,-0.007007247840040587,2.683631012568366,0.4922581976359863,1.2477461233321163,0.7221389832654523,2350.034536016056,2338.819336039277,2289.1769550654853,2259.4277676887154,000300.SH
2014-09-03,2408.84,0.15621488510863468,2,0.009377907025468701,0.013221133434098142,0.007283100043194102,0.011686165241770796,3.490735052135463,1.8046269451511776,2.117088473441009,1.9304169734514876,2360.7264385585913,2345.4879707022033,2293.86962349429,2260.9144565674346,000300.SH
2014-09-04,2426.22,-0.12403616006866991,3,0.007215091081184122,0.009377907025468701,0.013221133434098142,0.007283100043194102,4.9730019729327335,3.0574622808209773,3.864380658832589,4.243252300791411,2372.6343588206655,2353.1767353972314,2299.059834337651,2262.5592878453704,000300.SH
2014-09-05,2449.26,0.13901529807091206,4,0.009496253431263701,0.007215091081184122,0.009377907025468701,0.013221133434098142,4.74577575920867,3.5470287820881463,3.75406669377798,5.067499453054958,2386.5662935805444,2362.327522502257,2304.950036912645,2264.417006374272,000300.SH
2014-09-09,2445.22,-0.12609806037033688,1,-0.001649477801458521,0.009496253431263701,0.007215091081184122,0.009377907025468701,3.8168911230745506,4.369019062171864,2.975709184017239,3.376667300822289,2397.2306038386273,2370.222044168709,2310.450819778816,2266.216041136717,000300.SH
2014-09-10,2432.43,-0.09576056301574076,2,-0.005230613196358647,-0.001649477801458521,0.009496253431263701,0.007215091081184122,1.926284119574584,4.66160949016603,2.428024608698931,3.1980653783330704,2403.6304940497857,2376.146611390737,2315.234317042392,2267.869911374163,000300.SH
2014-09-11,2423.45,0.30501572338013094,3,-0.0036917814695592854,-0.005230613196358647,-0.001649477801458521,0.009496253431263701,0.6065159994021796,4.118422918125608,2.422088295705249,2.7364449531561252,2407.2340405861883,2380.6516960201907,2319.4780693152393,2269.417971957505,000300.SH
2014-09-12,2438.36,-0.24038362817088665,4,0.0061523860611938375,-0.0036917814695592854,-0.005230613196358647,-0.001649477801458521,0.5003668257618887,5.4982520508116695,3.5731276335462914,4.38408356343245,2412.893305934154,2386.147724970649,2324.1401058126808,2271.098987161908,000300.SH
2014-09-15,2437.19,0.16436526197928347,0,-0.00047983070588430987,0.0061523860611938375,-0.0036917814695592854,-0.005230613196358647,-0.49280190751492814,4.229586578225963,3.0367470490749726,3.24276467398672,2417.3108866733983,2391.0088940210635,2328.5734349964973,2272.7516340558195,000300.SH
2014-09-16,2388.77,0.30880093618489557,1,-0.019867142077556577,-0.00047983070588430987,0.0061523860611938375,-0.0036917814695592854,-2.3085857305273128,1.420189188730192,1.9595707810112328,0.5984266558857199,2412.121634550962,2390.7956660190575,2330.934084604478,2273.9060456572543,000300.SH
2014-09-17,2401.33,-0.33419791637592,2,0.005257936092633475,-0.019867142077556577,-0.00047983070588430987,0.0061523860611938375,-1.2785568341123876,0.6230986482069545,3.32345132933749,1.1184241000181006,2410.15951917806,2391.7989359220046,2333.6947087376357,2275.1739457004655,000300.SH
2014-09-18,2408.66,-0.06052807099018387,3,0.0030524750867226835,0.005257936092633475,-0.019867142077556577,-0.00047983070588430987,-0.6102869875590611,-0.007472476378689308,3.483001731404567,1.7970196184503129,2409.8868793275033,2393.4047515484804,2336.634524081258,2276.502165146232,000300.SH
2014-09-19,2425.21,-0.042172260823559404,4,0.006871040329477829,0.0030524750867226835,0.005257936092633475,-0.019867142077556577,-0.5392969044767826,-0.04162854151724682,4.9293032432245365,3.0145609623488,2412.672901267957,2396.4338228295774,2340.1080721565027,2277.981845095026,000300.SH
2014-09-22,2378.92,0.008354242933431788,0,-0.019087006898371617,0.006871040329477829,0.0030524750867226835,0.005257936092633475,-2.3908681719521208,-2.871887835509501,1.7375945669698911,0.5732742584638295,2406.5360101283286,2394.765839702951,2341.6301085425225,2278.986204845324,000300.SH
2014-09-23,2399.46,-0.15169373073108838,1,0.00863417012762091,-0.019087006898371617,0.006871040329477829,0.0030524750867226835,0.4475106435529508,-1.871406253833996,1.8740553300613083,2.4158507123771766,2405.249462832269,2395.212902588384,2343.897947423208,2280.184949075719,000300.SH
2014-09-24,2441.86,0.5953361935171995,2,0.017670642561242955,0.00863417012762091,-0.019087006898371617,0.006871040329477829,1.6878146693707352,0.38767816545595135,2.32143006796679,5.0673596977741875,2411.9059241354926,2399.6554832942525,2347.739596543867,2281.7936560500902,000300.SH
2014-09-25,2436.97,-0.006456602603174266,3,-0.0020025718100138423,0.017670642561242955,0.00863417012762091,-0.019087006898371617,1.1753423065106627,0.5578823577957026,1.167782002955775,4.699281230800945,2416.46302883813,2403.209246790038,2351.2388280519503,2283.3376992734725,000300.SH
2014-09-26,2437.2,-0.2663201202080415,4,9.437949584945038e-05,-0.0020025718100138423,0.017670642561242955,0.00863417012762091,0.4943901765207981,-0.04757295887400925,0.4525558275836561,5.448063410750725,2420.233387231197,2406.446461381463,2354.609854402854,2284.8686674399055,000300.SH
2014-09-29,2447.8,0.2701356854546022,0,0.004349253241424655,9.437949584945038e-05,-0.0020025718100138423,0.017670642561242955,2.8954315403628472,0.43533741727153075,-0.059609841339836045,4.68333696846841,2425.2454986437065,2410.3848936308477,2358.264369916468,2286.489874729061,000300.SH
2014-09-30,2450.99,-0.08574283054100629,1,0.0013032110466539848,0.004349253241424655,9.437949584945038e-05,-0.0020025718100138423,2.14756653580388,2.604687768181946,0.2359705875135898,4.061868450996031,2429.9263170721233,2414.252046618386,2361.90066913543,2288.1266918959363,000300.SH
2014-10-08,2478.38,0.14320520680906124,2,0.011175076193701505,0.0013032110466539848,0.004349253241424655,9.437949584945038e-05,1.4955812372535737,3.20863854613902,1.889057444613007,3.8517301777528212,2438.7360776044643,2420.3594707499683,2366.4684860320795,2290.0197596382654,000300.SH
2014-10-09,2481.96,0.03650228313089143,3,0.0014444919665264067,0.011175076193701505,0.0013032110466539848,0.004349253241424655,1.846145007940203,3.043185837768725,2.414326683034518,3.035485960047146,2446.5949725854707,2426.2261878214,2370.9975650112137,2291.929612776193,000300.SH
2014-10-10,2466.79,0.009708608417058784,4,-0.006112104949314245,0.0014444919665264067,0.011175076193701505,0.0013032110466539848,1.2140981454127786,1.7144907038977975,1.1659476041273598,1.6721484449060853,2450.2667957517488,2430.0894080288854,2374.754131089205,2293.669517126679,000300.SH
2014-10-13,2454.95,-0.07496815459540407,0,-0.004799760011999443,-0.006112104949314245,0.0014444919665264067,0.011175076193701505,0.29209902769833374,3.1959880954382625,0.7287080613329167,0.23231506659151524,2451.118287433249,2432.4570834547058,2377.899067124923,2295.2742980507915,000300.SH
2014-10-14,2446.56,-0.056992238648438165,1,-0.0034175848795290342,-0.004799760011999443,-0.006112104949314245,0.0014444919665264067,-0.1807432914862961,1.9629416618739182,2.419236678290493,0.054800795020493176,2450.289507899931,2433.800218363782,2380.5916527278673,2296.7796284184456,000300.SH
2014-10-15,2463.87,0.0797378518163041,2,0.007075240337453437,-0.0034175848795290342,-0.004799760011999443,-0.006112104949314245,-0.5854630847569875,0.9013620764499075,2.604390067171103,1.2925346258679582,2452.7586882817614,2436.6640070910407,2383.8574702679507,2298.442219180451,000300.SH
2014-10-16,2444.4,0.1175858468969444,3,-0.007902202632444011,0.007075240337453437,-0.0034175848795290342,-0.004799760011999443,-1.513320117971284,0.3048868061568344,1.4838125762872467,0.8644700736553323,2451.2389267759863,2437.4007683204654,2386.2316871201883,2299.8945354075113,000300.SH
2014-10-17,2441.73,-0.12197939341531472,4,-0.001092292587137944,-0.007902202632444011,0.007075240337453437,-0.0034175848795290342,-1.015895151188384,0.18586903003448008,0.6811781247809456,0.13820764776324435,2449.510030998534,2437.813076099469,2388.4080915468476,2301.3058335626606,000300.SH
2014-10-20,2454.71,-0.24707693429943112,0,0.00531590306872598,-0.001092292587137944,-0.007902202632444011,0.007075240337453437,-0.009776166520691909,0.2822943050902804,3.1858994837993704,0.7188606550986965,2450.4554799078915,2439.4223069471386,2391.008166388148,2302.832243178953,000300.SH
2014-10-21,2433.39,0.020963157979722924,1,-0.008685343686219649,0.00531590306872598,-0.001092292587137944,-0.007902202632444011,-0.5383068471650043,-0.7180771851374335,1.4140681653372011,1.867906914437123,2447.3526653791837,2438.847801523602,2392.6701990788088,2304.1313253363764,000300.SH
2014-10-22,2418.64,-0.05045427153778126,2,-0.006061502677334962,-0.008685343686219649,0.00531590306872598,-0.001092292587137944,-1.835729969519495,-2.41044553296913,-0.9509144668408576,0.7208505286653732,2442.1321807647864,2436.9232489975448,2393.6886226443457,2305.2707151340246,000300.SH
2014-10-23,2395.94,0.046123158002493225,3,-0.009385439751265046,-0.006061502677334962,-0.008685343686219649,0.00531590306872598,-1.9824905907380175,-3.465809279762766,-1.6836481368256329,-0.5280944591598558,2433.733602443916,2433.02008242635,2393.7769119524105,2306.1728970729896,000300.SH
2014-10-24,2390.71,-0.23759792063380458,4,-0.0021828593370452065,-0.009385439751265046,-0.006061502677334962,-0.008685343686219649,-2.0895021153034876,-3.0841701158185297,-1.9075168225832884,-1.4225572218488303,2425.9111292722946,2428.9905507666977,2393.656640895453,2307.0140622762437,000300.SH
2014-10-27,2368.83,0.005415294804685722,0,-0.009152092892906305,-0.0021828593370452065,-0.009385439751265046,-0.006061502677334962,-3.498580280358987,-3.5080144198456176,-3.2261622681591717,-0.42414204765187646,2415.532742131877,2423.2609745032023,2392.683047134847,2307.629146233694,000300.SH
2014-10-28,2416.65,0.3725702159969726,1,0.02018718101341177,-0.009152092892906305,-0.0021828593370452065,-0.009385439751265046,-0.687929185210745,-1.2225328624681175,-1.4010665078192819,0.7164111925183292,2415.735879926081,2422.63135788385,2393.6229276393633,2308.7139308482842,000300.SH
2014-10-29,2451.38,0.4861578329369636,2,0.014371133594024865,0.02018718101341177,-0.009152092892906305,-0.0021828593370452065,1.3536532927595823,-0.506926095938498,-1.089421315536765,0.3898667409270029,2422.21662903043,2425.3693237996736,2395.887910869192,2310.133493725416,000300.SH
2014-10-30,2468.93,0.034306384666406675,3,0.007159232758690903,0.014371133594024865,0.02018718101341177,-0.009152092892906305,3.046403499252892,1.0035182457862835,-0.5249883156860036,1.3114646466718893,2430.7099692067154,2429.517959628276,2398.752306521381,2311.7135584644666,000300.SH
2014-10-31,2508.32,0.30503065019342146,4,0.015954279789220482,0.007159232758690903,0.014371133594024865,0.02018718101341177,4.9194590728277365,2.7271647561360135,1.6835644704251251,2.9181027408501814,2444.8208838964033,2437.0229158541542,2403.0490788146603,2313.6698414648204,000300.SH
2014-11-03,2512.55,-0.16628310447168138,0,0.0016863877017285755,0.015954279789220482,0.007159232758690903,0.014371133594024865,6.06713018663223,2.3562864859800303,2.346279964968745,2.6452324536318406,2457.1352686425116,2444.215971487092,2407.3432325866343,2315.648748514922,000300.SH
2014-11-04,2513.17,0.025659606923967404,1,0.0002467612584824419,0.0016863877017285755,0.015954279789220482,0.007159232758690903,3.9939585790246923,3.2785537871035997,2.7225982604146326,2.5369340552185093,2467.3234016166,2450.7830218216545,2411.4933018969623,2317.6141341018383,000300.SH
2014-11-05,2503.45,-0.058992009112131316,2,-0.0038676253496581214,0.0002467612584824419,0.0016863877017285755,0.015954279789220482,2.1241096851569274,3.506516058611453,1.6064159229180142,1.0115478659446842,2473.8918740499453,2455.798924505307,2415.0994469206107,2319.4632471953523,000300.SH
2014-11-06,2506.07,-0.186762005845444,3,0.001046555753061007,-0.0038676253496581214,0.0002467612584824419,0.0016863877017285755,1.5042953830201933,4.596525789460504,2.522909507445603,0.9714096923399307,2479.7424424045007,2460.5866459809918,2418.666919590391,2321.3200308053492,000300.SH
2014-11-07,2502.15,0.4883024288281983,4,-0.0015642021172592724,0.001046555753061007,-0.0038676253496581214,0.0002467612584824419,-0.24598137398736952,4.661376745820278,2.4744750648105995,1.4334418414214456,2483.8165437855005,2464.5450606494687,2421.9407658809637,2323.119333981416,000300.SH
2014-11-10,2565.73,0.06074507147026087,0,0.025410147273344785,-0.0015642021172592724,0.001046555753061007,-0.0038676253496581214,2.116574794531445,8.31212032944535,4.52273384636066,4.51251552984786,2498.709899460864,2474.1817215399956,2427.579559375828,2325.5333704592126,000300.SH
2014-11-11,2558.61,0.41696534512586236,1,-0.002775038682947928,0.025410147273344785,-0.0015642021172592724,0.001046555753061007,1.8080750605808715,5.8742474086028285,5.145907561056817,4.579899941141852,2509.600826831616,2482.222509964758,2432.7180080277567,2327.8525409024046,000300.SH
2014-11-12,2594.32,-0.40623278220463843,2,0.013956796854542208,-0.002775038682947928,0.025410147273344785,-0.0015642021172592724,3.6297908885737806,5.831001313545836,7.263586147587087,5.294516350294476,2525.004312862231,2492.898461396686,2439.055341046276,2330.5039584058636,000300.SH
2014-11-13,2579.75,0.22260787603823395,3,-0.005616115205525962,0.013956796854542208,-0.002775038682947928,0.025410147273344785,2.940061530603688,4.488584123486694,7.671728006544409,5.537146129929638,2534.958074160007,2501.170036501763,2444.5727786523044,2332.9840185212283,000300.SH
2014-11-14,2581.09,-0.24652387006377952,4,0.0005194301773427945,-0.005616115205525962,0.013956796854542208,-0.002775038682947928,3.1548867973542727,2.901144989475024,7.963324702703378,5.7074287492884235,2543.3456970400057,2508.7814615968337,2449.9263951757434,2335.4527347548483,000300.SH
2014-11-17,2567.1,0.01591858272677804,0,-0.005420190694629068,0.0005194301773427945,-0.005616115205525962,0.013956796854542208,0.05339610948931206,2.1711010726154667,8.369954787806645,4.578544919766481,2547.6646612145496,2514.3356081114207,2454.521438502185,2337.7576826677355,000300.SH
2014-11-18,2541.42,-0.15893082163335637,1,-0.010003505901600929,-0.005420190694629068,0.0005194301773427945,-0.005616115205525962,-0.6718491681030003,1.124078355224678,5.162932158152822,4.439485655813513,2546.5292682664494,2516.915074005571,2457.9292252275895,2339.7841733874598,000300.SH
2014-11-19,2537.22,-0.09026343969837414,2,-0.0016526194017518758,-0.010003505901600929,-0.005420190694629068,0.0005194301773427945,-2.2009621018224568,1.3489384649184144,3.5017010826554618,4.902755267423009,2544.8366740361857,2518.848876481231,2461.0386673755274,2341.7487089756446,000300.SH
2014-11-20,2537.1,-0.13169913719794768,3,-4.729585924745372e-05,-0.0016526194017518758,-0.010003505901600929,-0.005420190694629068,-1.6532609749006721,1.2381936657794856,2.7611151389468347,5.891633346411007,2543.4300060296064,2520.587078721114,2464.02146473335,2343.6925029161857,000300.SH
2014-11-21,2583.46,0.46466981586733347,4,0.018272831185211613,-4.729585924745372e-05,-0.0016526194017518758,-0.010003505901600929,0.09182167223924509,3.2496053394081015,2.9956305415576923,8.062458432850494,2550.708186751496,2526.57497598577,2468.7053288614543,2346.078249155826,000300.SH
2014-11-24,2649.26,0.8432933351819025,0,0.02546971890410532,0.018272831185211613,-4.729585924745372e-05,-0.0016526194017518758,3.2004986171165983,3.255603668351714,5.441085749537322,11.838333692160274,2568.6266982512243,2538.259263987125,2475.785904200221,2349.094982995072,000300.SH
2014-11-25,2685.56,-0.21924981501078722,1,0.013701939409495267,0.02546971890410532,0.018272831185211613,-4.729585924745372e-05,5.671632394488113,4.961678411324888,6.8594643418471435,11.127387085428175,2589.8872985691837,2552.2879055121607,2484.0123393296244,2352.442893612036,000300.SH
2014-11-26,2723.02,0.15687748420926395,2,0.013948673647209642,0.013701939409495267,0.02546971890410532,0.018272831185211613,7.322975540158128,4.960837521971073,8.770696438914305,11.081105336585928,2614.0932442838775,2568.5481049871933,2493.3851887676788,2356.1302280039563,000300.SH
2014-11-27,2754.49,0.0912155779018351,3,0.011557021248466803,0.013948673647209642,0.013701939409495267,0.02546971890410532,8.568444286784116,6.773524566333933,9.91273188697841,11.566144038105563,2639.6199271413543,2586.2568568931747,2503.624593129731,2360.0940068297873,000300.SH
2014-11-28,2808.82,0.2645498889437201,4,0.019724159463276436,0.011557021248466803,0.013948673647209642,0.013701939409495267,8.72318518575863,8.823016632507974,12.256259616729626,11.98013012693755,2670.383576752017,2607.453346712872,2515.5930404579767,2364.5589420852125,000300.SH
2014-12-01,2819.81,0.025970942179948775,0,0.003912675073518335,0.019724159463276436,0.011557021248466803,0.013948673647209642,6.437646739089398,9.844182151065418,9.902834670834416,12.229010367952874,2697.5520173425593,2627.6777898830746,2527.523117302762,2369.0888033579963,000300.SH
2014-12-02,2923.94,0.006941795647579685,1,0.0369280199729769,0.003912675073518335,0.019724159463276436,0.011557021248466803,8.876360982439424,15.051427941859274,14.278455880341268,16.34469614073062,2738.713468734821,2655.893238465639,2543.0688774085356,2374.60971078727,000300.SH
2014-12-03,2967.55,0.36247854134583046,2,0.014914806733380415,0.0369280199729769,0.003912675073518335,0.019724159463276436,8.980102973903993,16.960689258322127,14.386428813716122,18.538416984561312,2780.3201107830355,2685.574834802245,2559.7151959415346,2380.5096141625213,000300.SH
2014-12-04,3104.35,-0.06664825242144101,3,0.04609863355293076,0.014914806733380415,0.0369280199729769,0.003912675073518335,12.701443824446645,22.358204248945658,20.335303808508563,23.87323578351761,2839.2346360952106,2725.4581838686977,2581.07342355167,2387.712006061402,000300.SH
2014-12-05,3124.89,0.27770024658683257,4,0.006616521977225398,0.04609863355293076,0.014914806733380415,0.0369280199729769,11.252768066305418,20.95755304901179,21.06861829692106,24.88819615130986,2891.1719749869903,2763.499309214536,2602.399563804546,2395.0471104787016,000300.SH
2014-12-08,3252.88,-0.06961005021061029,0,0.04095824173010887,0.006616521977225398,0.04609863355293076,0.014914806733380415,15.358126966001251,22.784475664902647,26.714191110591724,26.781851558815628,2956.937070443901,2810.106994051247,2627.908600518093,2403.5827611207046,000300.SH
2014-12-09,3106.91,0.36135310355503214,1,-0.04487408081453981,0.04095824173010887,0.006616521977225398,0.04609863355293076,6.257652345807352,15.689465139486725,22.250946321347897,21.429604355489886,2984.204875817737,2838.373946998747,2646.6929691252267,2410.581042104578,000300.SH
2014-12-10,3221.55,-0.3202306743244785,2,0.036898397443118736,-0.04487408081453981,0.04095824173010887,0.006616521977225398,8.55924921231319,18.307981579275957,26.97164613238112,24.177048320947293,3027.3585347599665,2874.866904427438,2669.2363821007084,2418.6503849692094,000300.SH
2014-12-11,3183.01,-0.17673423910868646,3,-0.011963185423165879,0.036898397443118736,-0.04487408081453981,0.04095824173010887,2.53386377180409,15.557144879814434,25.458594458239723,23.384436476402758,3055.6588011672447,2904.213865910539,2689.3843671163672,2426.2559532779737,000300.SH
2014-12-12,3193.23,-0.14029295155760169,4,0.0032107973270583123,-0.011963185423165879,0.036898397443118736,-0.04487408081453981,2.1869569808857348,13.68581824396009,23.60284269932571,23.71633689642747,3080.6717464095636,2931.739212014297,2709.1430193863134,2433.887535832422,000300.SH
2014-12-15,3217.23,-0.03300421671539522,0,0.007515900827688604,0.0032107973270583123,-0.011963185423165879,0.036898397443118736,-1.0959518949361868,14.093857387554486,21.43881687716569,25.32546453196214,3105.500519789643,2958.9288108700785,2729.0679990182225,2441.6819882121995,000300.SH
2014-12-16,3303.4,0.30305287900218225,1,0.026783910382534026,0.007515900827688604,0.0032107973270583123,-0.011963185423165879,6.3242900502428645,12.977694480734892,23.00600247248248,29.982450755876645,3141.482243464253,2991.7355907872143,2751.5908225861353,2450.2562967872027,000300.SH
2014-12-17,3360.6,0.23982012834343025,2,0.017315493128291948,0.026783910382534026,0.007515900827688604,0.0032107973270583123,4.316245285654419,13.244932688581489,23.41444425674435,32.45205382268783,3181.3218355616614,3026.8655345217653,2775.473535425895,2459.3144430878274,000300.SH
2014-12-18,3345.93,-0.21125289233172106,3,-0.00436529191215862,0.017315493128291948,0.026783910382534026,0.007515900827688604,5.118425641138402,7.781983345950039,21.47185141351031,31.88009932600213,3211.250592732268,3057.252626472073,2797.844377173899,2468.136488430237,000300.SH
2014-12-19,3383.17,0.046260508294746705,4,0.011129939956902923,-0.00436529191215862,0.017315493128291948,0.026783910382534026,5.948209180046549,8.265250936832992,20.448088521158336,30.954998335565477,3242.5086667809464,3088.2923763318754,2820.798323167079,2477.2412994906326,000300.SH
2014-12-22,3394.48,0.23306612669217608,0,0.0033430185299585524,0.011129939956902923,-0.00436529191215862,0.017315493128291948,5.509397836026642,4.353065591106953,20.379741897503735,28.129364426292614,3270.13981827532,3117.453102395506,2843.2956438271935,2486.368052729532,000300.SH
2014-12-23,3324.92,-0.29755503089170976,1,-0.020492093045179183,0.0033430185299585524,0.011129939956902923,-0.00436529191215862,0.6514500211902918,7.016939660305588,13.713687695369936,23.807325101654776,3280.0998513161708,3137.211854548315,2862.182873481029,2494.711853199885,000300.SH
2014-12-24,3230.39,-0.10007738825802781,2,-0.028430759236312553,-0.020492093045179183,0.0033430185299585524,0.011129939956902923,-3.874605725168123,0.27440207353601753,8.857138043166902,18.632621133888104,3271.0616965314125,3146.0859636389514,2876.6223686386356,2502.0320337650605,000300.SH
2014-12-25,3335.42,-0.0275332144441518,3,0.03251310213317904,-0.028430759236312553,-0.020492093045179183,0.0033430185299585524,-0.31411296709733527,4.788235035391031,7.443426160065725,21.09029257684727,3282.7632062529738,3164.117776625718,2894.6144326135914,2510.324451339538,000300.SH
2014-12-26,3445.84,0.32929403281033154,4,0.033105276097163294,0.03251310213317904,-0.028430759236312553,-0.020492093045179183,1.852404697369625,7.910798783676709,10.270761530805883,22.679274570816222,3312.4135323887963,3190.9484645661255,2916.2311215307054,2519.6330637640203,000300.SH
2014-12-29,3455.46,0.15077549156303394,0,0.0027917721078170032,0.033105276097163294,0.03251310213317904,-0.028430759236312553,1.796445994673701,7.404817187456292,6.227712058237622,22.542298949219997,3338.4219810453787,3216.1400393693516,2937.377352058913,2528.9447745723387,000300.SH
2014-12-30,3457.55,-0.21860545364238426,1,0.0006048398766012042,0.0027917721078170032,0.033105276097163294,0.03251310213317904,3.9889681556247947,4.6664043107101705,11.285811304479388,18.24969048612488,3360.0816208553097,3239.131464191318,2957.7762794291516,2538.184627561669,000300.SH
2014-12-31,3533.71,0.02306878042467342,2,0.022027157958670163,0.0006048398766012042,0.0027917721078170032,0.033105276097163294,9.389578348125148,5.151163482711429,9.689745619344725,19.078364307256823,3391.650417063435,3267.186562839764,2980.3619155299693,2548.090352660558,000300.SH
2015-01-05,3641.54,0.28767846713275436,0,0.030514671549165095,0.022027157958670163,0.0006048398766012042,0.0027917721078170032,9.177854662980977,8.83491286428586,14.405546950842108,17.304427657963828,3437.0848866882648,3302.839271140739,3006.2904678621276,2558.9704486539854,000300.SH
2015-01-06,3641.06,-0.041012286971648826,1,-0.00013181236509829386,0.030514671549165095,0.022027157958670163,0.0006048398766012042,5.665382025863064,7.622732526003717,14.024357781932405,16.5180214343545,3474.1712709267617,3335.0507691273356,3031.1833906910642,2569.7375088663835,000300.SH
2015-01-07,3643.79,-0.2001844464237319,2,0.0007497816569899118,-0.00013181236509829386,0.030514671549165095,0.022027157958670163,5.450215022023119,7.344571186161053,13.2586106681835,12.017350778387147,3505.0110398491684,3364.4545054009222,3055.207179291415,2580.4245983303995,000300.SH
2015-01-08,3559.26,-0.10759051223715033,3,-0.023198373122490512,0.0007497816569899118,-0.00013181236509829386,0.030514671549165095,2.9416783560613835,7.04798912455038,7.745353272386035,14.559481928990547,3514.874487149319,3383.0074096484536,3074.9739565741042,2590.1642540684056,000300.SH
2015-01-09,3546.72,0.2090273676083687,4,-0.0035232042615600534,-0.023198373122490512,0.0007497816569899118,-0.00013181236509829386,0.3681682990398061,9.792316098056265,5.5382967327263,10.09358849001256,3520.6645803948973,3398.59908492003,3093.4738014143354,2599.6822216896157,000300.SH
2015-01-12,3513.58,-0.2230383496603373,0,-0.00934384445346681,-0.0035232042615600534,-0.023198373122490512,0.0007497816569899118,-3.51389796624505,5.34145624838851,5.010565074583151,10.385452763264947,3519.376474868552,3409.549648260979,3109.948554300048,2608.77573192156,000300.SH
2015-01-13,3514.04,-0.24968936339518022,1,0.00013092059950259305,-0.00934384445346681,-0.0035232042615600534,-0.023198373122490512,-3.4885445447204955,1.9791981055417462,3.8682655615886796,10.046567268878226,3518.4062067106333,3419.5011103313623,3125.7952776608304,2617.7833365790566,000300.SH
2015-01-14,3502.42,-0.03792251157391713,2,-0.003306735267669114,0.00013092059950259305,-0.00934384445346681,-0.0035232042615600534,-3.879751577341173,1.3590086413965086,3.179868492375859,8.864457934309943,3515.4996236723364,3427.3981474426614,3140.564874615308,2626.5856914389665,000300.SH
2015-01-15,3604.12,0.2576177284170509,3,0.029037065800218143,-0.003306735267669114,0.00013092059950259305,-0.00934384445346681,1.2603743474767226,4.239128862923169,8.397194518965856,9.103348065629335,3531.6124193682754,3444.22880006717,3158.7435069833355,2636.312400976887,000300.SH
2015-01-16,3635.15,0.17177181986805867,4,0.008609591245574588,0.029037065800218143,-0.003306735267669114,0.00013092059950259305,2.493289574592872,2.8706373754495917,12.52975646903316,8.169672082366253,3550.437434028589,3462.4117714893446,3177.4261145526166,2646.2510835542316,000300.SH
2015-01-19,3355.16,0.029386219051727114,0,-0.07702295641170243,0.008609591245574588,0.029037065800218143,-0.003306735267669114,-4.508791602866591,-7.864255232676287,0.5918295147237851,0.2758575343775771,3514.9324460233906,3452.197317061788,3184.3960708446707,2653.304903618369,000300.SH
2015-01-20,3396.22,0.043441553195553206,1,0.012237866450482304,-0.07702295641170243,0.008609591245574588,0.029037065800218143,-3.352836051951602,-6.724415417488316,-1.4399972140320072,0.38573290730290477,3493.3483649282284,3446.866144008284,3192.70289159586,2660.6970936321163,000300.SH
2015-01-21,3548.89,0.11394019500002495,2,0.04495291824440106,0.012237866450482304,-0.07702295641170243,0.008609591245574588,1.3267969004288505,-2.6044311005848364,2.7038368263559542,4.548855789399253,3503.446844032187,3456.5827017217807,3206.6710134940613,2669.534833993986,000300.SH
2015-01-22,3567.61,-0.1890016235197165,3,0.005274888768037389,0.04495291824440106,0.012237866450482304,-0.07702295641170243,-1.0130073360487324,0.23459932682636797,3.1831788405084493,7.299122986417728,3515.112872389971,3467.1567301292303,3220.825483553118,2678.4709052975286,000300.SH
2015-01-23,3571.73,0.048719540125145455,4,0.0011548347493139932,0.005274888768037389,0.04495291824440106,0.012237866450482304,-1.744632271020452,0.7051585690440731,1.0759230383930785,10.566526023173672,3525.406895591794,3477.1160891645413,3234.5864449824076,2687.3590554935736,000300.SH
2015-01-26,3607.99,-0.14440217386047327,0,0.01015194317599577,0.0011548347493139932,0.005274888768037389,0.04495291824440106,7.535557171640095,2.6870029997893896,-0.9213135102182135,8.171984337804528,3540.422005484195,3489.5802711488705,3249.229721649764,2696.5195624040853,000300.SH
2015-01-27,3574.93,0.15492491562352795,1,-0.009162996571498216,0.01015194317599577,0.0011548347493139932,0.005274888768037389,5.262026606050263,1.7327634289877158,-1.8162293398076401,3.746256355489508,3546.69618630525,3497.70881675374,3262.0022815850675,2705.259964768224,000300.SH
2015-01-28,3525.32,-0.22038726241842888,2,-0.013877194798219694,-0.009162996571498216,0.01015194317599577,0.0011548347493139932,-0.6641513261893106,0.6538336350294882,-3.251285063079923,2.021727932026418,3542.8096069770227,3500.338453253384,3272.3284666209474,2713.419766113814,000300.SH
2015-01-29,3481.8,-0.09632760520865402,3,-0.012344978611870672,-0.013877194798219694,-0.009162996571498216,0.01015194317599577,-2.405251695112409,-3.3938936550392262,-2.176295072571266,0.7013636823762548,3531.716951163018,3498.5728862768715,3280.543036557381,2721.0653405803437,000300.SH
2015-01-30,3434.39,-0.05747224679456475,4,-0.013616520190706027,-0.012344978611870672,-0.013877194798219694,-0.009162996571498216,-3.8451954655027154,-5.522743215548198,-3.1671516217801177,-2.8106437709942256,3514.021141860651,3492.4602304409786,3286.576250810033,2728.1630983855143,000300.SH
2015-02-02,3353.96,-0.05299881278299179,0,-0.02341900599524216,-0.013616520190706027,-0.012344978611870672,-0.013877194798219694,-7.040762308099513,-0.03576580550553876,-4.542944802736804,-7.897208323950855,3484.919116067805,3479.269732303743,3289.218750778267,2734.3899332274495,000300.SH
2015-02-03,3437.45,0.07232881735128394,1,0.024892962348984415,-0.02341900599524216,-0.013616520190706027,-0.012344978611870672,-3.8456697054208067,1.2139967375493832,-2.1795426346882807,-5.592052863726504,3476.2883676918404,3475.286900655767,3295.0317409438253,2741.3855557824004,000300.SH
2015-02-04,3401.77,0.01217038472248988,2,-0.010379787342361335,0.024892962348984415,-0.02341900599524216,-0.013616520190706027,-3.5046463867109967,-4.14552155744472,-2.8737273085466697,-6.641985405306016,3462.739573566051,3468.2852910695037,3299.2175550244597,2747.956545277103,000300.SH
2015-02-05,3366.95,0.2765569020420491,3,-0.010235847808640841,-0.010379787342361335,0.024892962348984415,-0.02341900599524216,-3.298581193635486,-5.624493708673317,-6.580524510837604,-5.403089406224904,3445.3232874631326,3458.6343109676463,3301.873729337226,2754.1156841300676,000300.SH
2015-02-06,3312.42,-0.28919308121915743,4,-0.016195666701317113,-0.010235847808640841,-0.010379787342361335,0.024892962348984415,-3.551431258534987,-7.2600672503240755,-8.87803804519759,-6.606103667614017,3421.1590533789267,3444.7091384945375,3302.287308578904,2759.670950954644,000300.SH
2015-02-09,3345.92,-0.0030106147597211974,0,0.010113451796571749,-0.016195666701317113,-0.010235847808640841,-0.010379787342361335,-0.23971663347207572,-7.263601063195846,-0.2753967023927273,-4.7717712418672615,3407.479225491849,3435.3006491141055,3303.998394516986,2765.5042748257424,000300.SH
2015-02-10,3406.94,-0.09804860365382384,1,0.01823713657230308,0.010113451796571749,-0.016195666701317113,-0.010235847808640841,-0.8875765465679475,-4.699112989624965,0.3156450406628597,-3.04777407200828,3407.3811844933307,3432.599634912762,3308.0353202222022,2771.886719852352,000300.SH
2015-02-11,3434.12,-0.06599746445221055,2,0.00797783348107095,0.01823713657230308,0.010113451796571749,-0.016195666701317113,0.9509755215667104,-2.5869991943993864,-3.233968931130582,-1.9500802302408138,3412.242787312725,3432.7444315877374,3312.97981746839,2778.476105724468,000300.SH
2015-02-12,3442.87,0.028533564126142608,3,0.002547959884919626,0.00797783348107095,0.01823713657230308,0.010113451796571749,2.254859739526882,-1.1180998334195058,-3.496458413335546,-4.474046369155305,3417.8113714376836,3433.7087714365243,3318.0735501166887,2785.086990244623,000300.SH
2015-02-13,3469.83,0.2916591800533934,4,0.007830676151001859,0.002547959884919626,0.00797783348107095,0.01823713657230308,4.7521147680547715,1.0319154202056202,-2.852959210242656,-4.5478178342021724,3427.2693039035594,3437.14888844257,3324.0247834454462,2791.900353525771,000300.SH
2015-02-16,3499.48,-0.09825484976999999,0,0.00854508722329328,0.007830676151001859,0.002547959884919626,0.00797783348107095,4.5894701606733035,4.338751803837848,-3.0074917059082718,4.301434208800781,3440.3985213756396,3443.0851847813724,3330.9053801730756,2798.9409470230275,000300.SH
2015-02-17,3522.32,-0.03744371851095685,1,0.006526683964474866,0.00854508722329328,0.007830676151001859,0.002547959884919626,3.386616729381786,2.4689813670017102,-1.471637206882359,3.71295145779722,3455.2933356709777,3450.6313576593366,3338.411835852563,2806.138748545187,000300.SH
2015-02-25,3478.73,-0.012674832613508435,2,-0.012375366235889973,0.006526683964474866,0.00854508722329328,0.007830676151001859,1.2990227481858518,2.2623516581073977,-1.3215821542441608,-1.9769561750293763,3459.554547367163,3453.3074188346377,3343.914508956384,2812.831198808419,000300.SH
2015-02-26,3566.3,0.3214806942091837,3,0.025172979794350292,-0.012375366235889973,0.006526683964474866,0.00854508722329328,3.5850903461356554,5.9207888445032,2.426905623528053,-0.036719260233042395,3478.9628114822244,3464.068617040863,3352.6355086051535,2820.3284008103255,000300.SH
2015-02-27,3572.84,-0.028401973231176103,4,0.0018338333847405242,0.025172979794350292,-0.012375366235889973,0.006526683964474866,2.9687333385209236,7.861925721979701,4.031283575831535,0.0310773770693773,3496.031391212729,3474.4277963703043,3361.270978855932,2827.816078414203,000300.SH
2015-03-02,3601.27,0.19606623876566776,0,0.007957255292708298,0.0018338333847405242,0.025172979794350292,-0.012375366235889973,2.9087178666544755,7.631682765876047,7.373671719400354,-0.1862532878416978,3515.165683719505,3486.508006239799,3370.682705175307,2835.5121373354546,000300.SH
2015-03-03,3507.9,0.03239962246847661,1,-0.02592696465413591,0.007957255292708298,0.0018338333847405242,0.025172979794350292,-0.409389266165483,2.9633630178400594,2.0494843561361,-1.875001748285976,3513.8446503159585,3488.5453389788663,3376.0637755605894,2842.2025638296295,000300.SH
2015-03-04,3530.82,-0.2330393268849591,2,0.006533823655178406,-0.02592696465413591,0.007957255292708298,0.0018338333847405242,1.4973855401252845,2.8158596671054026,3.7936133248279713,0.1560142058026015,3516.9310775312388,3492.571497171355,3382.132647107233,2849.0544786173946,000300.SH
2015-03-05,3496.34,0.08374529588615398,3,-0.00976543692400067,0.006533823655178406,-0.02592696465413591,0.007957255292708298,-1.9616969968875297,1.5530647395922692,3.842943910661001,0.4176000919064782,3513.1872452528314,3492.9304022026545,3386.611366828518,2855.4951305714503,000300.SH
2015-03-06,3478.52,-0.1632879749851084,4,-0.005096758324419248,-0.00976543692400067,0.006533823655178406,-0.02592696465413591,-2.6399167049182215,0.25044454627460855,5.01446072659868,1.2849443423722962,3506.8841097523164,3491.557982945259,3390.21562695289,2861.6943830035757,000300.SH
2015-03-09,3537.75,0.19014242836017314,0,0.017027356461943643,-0.005096758324419248,-0.00976543692400067,0.006533823655178406,-1.7638222071657994,1.0935910478128141,5.733251243305282,5.479791052964256,3512.4960897973497,3495.9572226647583,3396.001288641012,2868.4213045657293,000300.SH
2015-03-10,3520.61,-0.11694301100116888,1,-0.004844887287117516,0.017027356461943643,-0.005096758324419248,-0.00976543692400067,0.3623250377718934,-0.048547548206867575,3.3364250617856417,2.4192351888754793,3513.9713461978313,3498.305106220496,3400.887904772737,2874.9107443212943,000300.SH
2015-03-11,3524.65,-0.03910014169408449,2,0.0011475284112696382,-0.004844887287117516,0.017027356461943643,-0.005096758324419248,-0.1747469426365611,1.320021962037865,2.636192095791645,3.6122371588908075,3515.912919616407,3500.8141437233057,3405.7413202718453,2881.375811541978,000300.SH
2015-03-12,3592.84,0.36632090153247554,3,0.019346601790248608,0.0011475284112696382,-0.004844887287117516,0.017027356461943643,2.7600290589588017,0.7441886549084398,4.355958836668261,6.709039338273515,3529.8996615043334,3509.578510987753,3413.0785233984398,2888.455057198277,000300.SH
2015-03-13,3617.66,-0.07711750668379158,4,0.006908184054953637,0.019346601790248608,0.0011475284112696382,-0.004844887287117516,3.999977001713373,1.2544642357340319,4.260439272241001,9.215015004135951,3545.856086685363,3519.871986131777,3421.1013264024227,2895.7108277734183,000300.SH
2015-03-16,3705.67,0.20585050339302047,0,0.02432788045311063,0.006908184054953637,0.019346601790248608,0.0011475284112696382,4.746519680587946,2.898977305228434,5.892018242710351,10.751900822494264,3574.9131618334786,3537.5670350716073,3432.260882229779,2903.770123019454,000300.SH
2015-03-17,3757.12,0.2691964132420759,1,0.01388412891595836,0.02432788045311063,0.006908184054953637,0.019346601790248608,6.717869914588648,7.104535477066043,6.666061005246537,10.278431671822808,3608.041677863755,3558.476841255264,3445.00045547567,2912.2611665714994,000300.SH
2015-03-18,3846.06,0.06475044396879026,2,0.023672387360531566,0.01388412891595836,0.02432788045311063,0.006908184054953637,9.118919609039189,8.928237633184356,10.559313312616968,11.995503942785923,3651.317736433981,3585.8657135166677,3460.728280751134,2921.5526972523803,000300.SH
2015-03-19,3839.74,-0.04386836355519452,3,-0.0016432400950583403,0.023672387360531566,0.01388412891595836,0.02432788045311063,6.872000979726334,9.821699262657502,7.667330286291096,11.527301350326912,3685.5763298096203,3610.044216991271,3475.59148542756,2930.688889319521,000300.SH
2015-03-20,3892.57,0.17541731681778572,4,0.013758744081630692,-0.0016432400950583403,0.023672387360531566,0.01388412891595836,7.5991110275703155,11.903050722721154,8.948903393378927,12.183305810371126,3723.2115425715074,3636.9514344206736,3491.943584038244,2940.2598456447,000300.SH
2015-03-23,3972.06,-0.04538032209290688,0,0.020420955820961373,0.013758744081630692,-0.0016432400950583403,0.023672387360531566,7.188713511996481,12.276446894212413,10.296089990475576,13.504292066249835,3768.4567166494153,3668.8665359044194,3510.7716787818426,2950.5265138472405,000300.SH
2015-03-24,3973.05,0.13719129948036435,1,0.00024924094802192265,0.020420955820961373,0.013758744081630692,-0.0016432400950583403,5.747221275870884,12.851182039476106,13.26007012742667,12.796395557473472,3805.6554954404305,3697.836389627808,3528.9002403982413,2960.7008768935366,000300.SH
2015-03-25,3940.41,-0.15113843308404407,2,-0.008215350926869869,0.00024924094802192265,0.020420955820961373,0.013758744081630692,2.4531598571005064,11.795781141389927,11.600421431848673,13.27151000508806,3830.156314451261,3720.9386382346834,3545.037878029683,2970.449226377183,000300.SH
2015-03-26,3950.0,-0.06616136693497032,3,0.002433756893318151,-0.008215350926869869,0.00024924094802192265,0.020420955820961373,2.8715485944360797,9.940882421705389,12.975282724220172,10.759049995793957,3851.9460754601223,3742.754006021856,3560.918745557931,2980.196000244077,000300.SH
2015-03-27,3971.7,-0.1609390511332378,4,0.005493670886075996,0.002433756893318151,-0.008215350926869869,0.00024924094802192265,2.0328471934994097,9.786436536324583,14.177868748778222,11.163668118359604,3873.719516285554,3764.558386400727,3577.0278143595806,2990.0617116844346,000300.SH
2015-03-30,4088.18,0.38938217625692717,0,0.02932749200594209,0.005493670886075996,0.002433756893318151,-0.008215350926869869,2.923420089323936,10.322289896294045,15.558759098296937,13.520508042995939,3912.712331506362,3795.3794924578006,3597.0729981101854,3000.9882618169277,000300.SH
2015-03-31,4051.2,0.09503770959754254,1,-0.009045589969130519,0.02932749200594209,0.005493670886075996,0.002433756893318151,1.9670026805602703,7.827271952985271,15.070967815236557,15.48789874283758,3937.891907596114,3819.7433503189623,3614.88190014508,3011.4381298585504,000300.SH
2015-04-01,4123.9,-0.21989640804389432,2,0.017945300157977906,-0.009045589969130519,0.02932749200594209,0.005493670886075996,4.656622026641899,7.224016265996891,17.001688110876234,16.797231238069333,3971.7115607604565,3848.710650288585,3634.8433942570377,3022.5074021982664,000300.SH
2015-04-02,4124.78,0.021476631724800965,3,0.00021339023739663787,0.017945300157977906,-0.009045589969130519,0.02932749200594209,4.424810126582268,7.423419294014688,14.805557720354923,17.974224474736424,3999.542186076737,3875.00296930872,3654.056594482252,3033.4752887435575,000300.SH
2015-04-03,4170.54,-0.020251528981793943,4,0.011093925009333816,0.00021339023739663787,0.017945300157977906,-0.009045589969130519,5.006420424503366,7.141040495097073,15.282807118413565,19.894092890079683,4030.6326976991477,3903.14935318408,3674.3108456790264,3044.7893654724776,000300.SH
2015-04-07,4260.04,0.2091818326660464,1,0.02146005073683499,0.011093925009333816,0.00021339023739663787,0.017945300157977906,4.203826641684083,7.250142243571345,14.960047710670409,20.416649000070674,4072.3431162993024,3937.1389385951197,3697.2806164367116,3056.881411587179,000300.SH
2015-04-08,4295.8,0.1658768271083395,2,0.008394287377583298,0.02146005073683499,0.011093925009333816,0.00021339023739663787,6.037717219589256,8.123481959703494,14.337577719104,22.018627453765106,4112.97164060852,3971.297134919394,3720.7519648117427,3069.2089597305903,000300.SH
2015-04-09,4262.14,-0.011983614479822768,3,-0.007835560314725987,0.008394287377583298,0.02146005073683499,0.011093925009333816,3.3521666383763193,8.164886395070582,10.818343967592824,20.92377966606613,4140.09316049788,3998.9964554032613,3741.9828681524587,3081.0789203302857,000300.SH
2015-04-10,4344.42,-0.2168830053666163,4,0.019304856245923263,-0.007835560314725987,0.008394287377583298,0.02146005073683499,5.324890054742326,9.985316455696204,13.143598264465828,20.918827445697552,4177.243494952811,4031.893935841046,3765.6078537151075,3093.6494783369494,000300.SH
2015-04-13,4421.07,0.17505271232720943,0,0.017643321778280985,0.019304856245923263,-0.007835560314725987,0.008394287377583298,6.007135766591376,11.314298663041011,13.577148259376193,22.208001857554336,4221.575586779572,4068.9583229038035,3791.312251608633,3106.8576427316066,000300.SH
2015-04-14,4438.18,0.006030393665261258,1,0.0038701038436397273,0.017643321778280985,0.019304856245923263,-0.007835560314725987,4.181650876517606,8.561266871810936,11.73496875676603,19.76727555340869,4260.9582073651045,4104.122292151061,3816.6796142906474,3120.104631361143,000300.SH
2015-04-15,4380.51,-0.008809696498800923,2,-0.012994065134807498,0.0038701038436397273,0.017643321778280985,0.019304856245923263,1.9719260673215722,8.128702606635073,10.255597085362634,16.592230218891068,4282.694896935085,4130.444930993817,3838.7906098086614,3132.645978312774,000300.SH
2015-04-16,4513.55,-0.053784868301295696,3,0.030370892886901313,-0.012994065134807498,0.0038701038436397273,0.017643321778280985,5.8986800058186795,9.448580227454606,14.54518692217308,17.355163465988575,4324.668552037797,4166.931128042025,3865.2517623651847,3146.3863168370253,000300.SH
2015-04-17,4596.14,0.29967048968658694,4,0.0182982353136667,0.030370892886901313,-0.012994065134807498,0.0038701038436397273,5.7940990972327855,11.427518558565563,16.35797468354432,19.699250470083918,4374.026997121834,4207.808163466594,3893.9140461940015,3160.811726619742,000300.SH
2015-04-20,4521.92,0.2797333335549641,0,-0.01614833316652675,0.0182982353136667,0.030370892886901313,-0.012994065134807498,2.2811219908302816,8.42528785241241,13.85351360878213,16.16798156487873,4400.916634008773,4237.723576469775,3918.541730656982,3174.355092524023,000300.SH
2015-04-21,4619.16,-0.270317638825852,1,0.021504139834406466,-0.01614833316652675,0.0182982353136667,0.030370892886901313,4.077797655795834,8.429967793729642,12.988175667411905,16.29129469343362,4440.597246007178,4274.050854901225,3946.016956905728,3188.7312607576146,000300.SH
2015-04-22,4739.81,0.1233791721179589,2,0.02611946760882944,0.021504139834406466,-0.01614833316652675,0.0182982353136667,8.202241291539124,10.335909492993167,16.997679699842028,19.299027195731245,4494.999564914963,4318.408868720156,3977.146095850602,3204.1648800535586,000300.SH
2015-04-23,4740.89,-0.022945825358528626,3,0.00022785723478357944,0.02611946760882944,0.021504139834406466,-0.01614833316652675,5.0368335345792214,11.232620233028467,14.961323019471884,20.31463730931553,4539.706916748606,4358.645166937284,4007.096837189794,3219.455677266956,000300.SH
2015-04-24,4702.64,-0.04118949896780133,4,-0.008068105355745425,0.00022785723478357944,0.02611946760882944,0.021504139834406466,2.3171617922865817,8.24551954000765,14.009474444697666,19.05417721518987,4569.331113703405,4391.406579609923,4034.3730396529395,3234.213730229474,000300.SH
2015-04-27,4807.59,0.06188682206504037,0,0.022317251586343012,-0.008068105355745425,0.00022785723478357944,0.02611946760882944,6.3174492251079295,8.742679939471687,15.275000359665668,21.0461515220183,4612.6509112118765,4431.043095837549,4064.69527339204,3249.8692155008225,000300.SH
2015-04-28,4741.86,0.1233035613565241,1,-0.013672130942946614,0.022317251586343012,-0.008068105355745425,0.00022785723478357944,2.6563271244122166,6.842444425417615,11.310222439225925,15.989511225043906,4636.1434728097165,4460.6447057577825,4091.250752866862,3264.714894948576,000300.SH
2015-04-29,4774.33,-0.30066085439565593,2,0.006847523967388414,-0.013672130942946614,0.022317251586343012,-0.008068105355745425,0.7282992356233642,8.990277387792744,11.139485078448708,17.84977290679306,4661.268295935222,4490.519495685613,4118.038174323064,3279.7359407699832,000300.SH
2015-04-30,4749.89,0.01800813676655233,3,-0.005119042881409408,0.006847523967388414,-0.013672130942946614,0.022317251586343012,0.1898377730763734,5.236233120271194,11.443781762213344,15.179563034991173,4677.381333037909,4515.2214484774595,4142.816677290787,3294.364339369287,000300.SH
2015-05-04,4787.74,-0.07682803693684603,0,0.007968605588760891,-0.005119042881409408,0.006847523967388414,-0.013672130942946614,1.8096218294404665,4.1687154873437215,10.204354090994872,16.072614781879267,4697.446545212834,4541.175596241511,4168.107787985266,3309.223798679045,000300.SH
2015-05-05,4596.84,0.16724075762427582,1,-0.039872674790193186,0.007968605588760891,-0.005119042881409408,0.006847523967388414,-4.3836932849931065,1.6568183426509009,3.9757343810435053,10.221697909623217,4679.154446083227,4546.476968028033,4184.920815907413,3322.0359001847264,000300.SH
2015-05-06,4553.33,-0.11209691424302115,2,-0.009465197831553862,-0.039872674790193186,0.007968605588760891,-0.005119042881409408,-3.9758660103841104,-1.4251508932359935,2.594531992843896,6.884677139181794,4656.277274068095,4547.129637739649,4199.368234891436,3334.287582769953,000300.SH
2015-05-07,4470.09,-0.2710491928974973,3,-0.01828112612088295,-0.009465197831553862,-0.039872674790193186,0.007968605588760891,-6.372412464157273,-5.690523459801133,2.044967366813455,4.057218678709429,4622.42504241935,4539.792529383492,4209.984774699616,3345.589099359307,000300.SH
2015-05-08,4558.4,0.05828964375215295,4,0.019755754358413258,-0.01828112612088295,-0.009465197831553862,-0.039872674790193186,-4.031461781220214,-3.849277245411742,0.9936746020316578,6.950968292923254,4610.784125615831,4541.564669442208,4223.6481168682585,3357.656869514936,000300.SH
2015-05-11,4690.53,0.29014025282979716,0,0.028986047736047738,0.019755754358413258,-0.01828112612088295,-0.009465197831553862,-2.030394298771443,-0.25751492778525176,2.053679826985233,7.966771168533415,4625.283375503861,4555.751843781045,4241.957210324405,3370.9192887237423,000300.SH
2015-05-12,4747.42,0.04091292601189922,1,0.012128693345954566,0.028986047736047738,0.019755754358413258,-0.01828112612088295,3.27572854395628,-1.251562633252834,4.986819757978922,7.381697190951519,4647.490034503158,4574.005953897136,4261.779280507762,3384.6158132140536,000300.SH
2015-05-13,4718.44,-0.027413624217683785,2,-0.00610436826739591,0.012128693345954566,0.028986047736047738,0.019755754358413258,3.626137354419723,-0.4938990185285985,2.149308532287253,6.31475064102851,4660.390028229856,4587.761577335505,4279.687544017263,3397.8876956696354,000300.SH
2015-05-14,4700.78,-0.1308430592508788,3,-0.003742762438432967,-0.00610436826739591,0.012128693345954566,0.028986047736047738,5.160746204215116,-1.5405302943030774,-0.823450729037678,7.311249146788823,4667.733659460791,4598.525236636886,4296.200973663645,3410.851798200286,000300.SH
2015-05-15,4617.47,-0.012713172367558867,4,-0.017722590718986964,-0.003742762438432967,-0.00610436826739591,0.012128693345954566,1.2958494208494375,-2.787854034514481,-2.6033086614538625,2.302400549456629,4658.594812286102,4600.329499814326,4308.799759010169,3422.857949461975,000300.SH
2015-05-18,4575.14,-0.14330490446314048,0,-0.00916735788213019,-0.017722590718986964,-0.003742762438432967,-0.00610436826739591,-2.4600631485141244,-4.440508465371962,-2.711243046459011,-0.4569051421410175,4643.4212100522645,4597.9304998320085,4319.244474343103,3434.323442502154,000300.SH
2015-05-19,4731.22,0.20767687977185378,1,0.034114803044278386,-0.00916735788213019,-0.017722590718986964,-0.003742762438432967,-0.34123797768050856,2.923312536438072,-1.5885298039142293,4.628564857405704,4659.384626406398,4610.624737943246,4335.400377310041,3447.2278858603418,000300.SH
2015-05-20,4754.92,0.12537214428050358,2,0.005009278790671257,0.034114803044278386,-0.00916735788213019,-0.017722590718986964,0.7731368842244679,4.427309244003852,0.27541935021280217,2.939062513530599,4676.754694332507,4624.367143853413,4351.852127219451,3460.2397476925776,000300.SH
2015-05-21,4840.98,-0.14341768077149186,3,0.018099147830036966,0.005009278790671257,0.034114803044278386,-0.00916735788213019,2.98248375801462,8.297148379562813,1.3960073978966703,2.134473744728149,4706.613840817506,4644.9969396768975,4371.033612426531,3473.978456670761,000300.SH
2015-05-22,4951.34,0.423044396245575,4,0.022797036963590145,0.018099147830036966,0.005009278790671257,0.034114803044278386,7.230582981589473,8.620129870129878,4.241150847703845,4.439039927102284,4751.109506123414,4674.172469231479,4393.790725664707,3488.6785715297583,000300.SH
2015-05-25,5099.5,0.0527802798367667,0,0.029923212706055358,0.022797036963590145,0.018099147830036966,0.005009278790671257,11.461070043758227,8.719057334672197,6.511631792870953,8.439089532688016,4814.453232282793,4714.679853114196,4421.465599168052,3504.706645444885,000300.SH
2015-05-26,5198.92,0.05971583169110439,1,0.019496029022453287,0.029923212706055358,0.022797036963590145,0.018099147830036966,9.885399537539996,9.510428822391948,13.097693197935968,8.139837215735945,4884.356280958648,4760.797962341416,4451.954007043815,3521.5644897688167,000300.SH
2015-05-27,5181.43,-0.030499385363882636,2,-0.0033641602486670363,0.019496029022453287,0.029923212706055358,0.022797036963590145,8.969867000916953,9.812353235391381,13.794299995827242,9.269991100538611,4938.3696844207125,4800.858156404138,4480.560908728372,3538.0805644974853,000300.SH
2015-05-28,4834.01,0.12262512693868621,3,-0.0670509878547042,-0.0033641602486670363,0.019496029022453287,0.029923212706055358,-0.14397911166745825,2.834210492726741,8.141223107364738,1.2500183271789034,4919.39519634422,4804.015474841839,4494.421657405691,3550.975384751242,000300.SH
2015-05-29,4840.83,-0.2716413315618411,4,0.0014108369655834174,-0.0670509878547042,-0.0033641602486670363,0.019496029022453287,-2.2319210557142144,4.837281021858275,6.19581432081433,1.9145706532151197,4905.110615190725,4807.521620094997,4508.0062982917425,3563.809759032324,000300.SH
2015-06-01,5076.18,0.0028860164763613305,0,0.04861769572573316,0.0014108369655834174,-0.0670509878547042,-0.0033641602486670363,-0.45729973526815737,10.951358865521055,8.221885373294713,6.0245543826523695,4936.214139701502,4833.108132466902,4530.2876199273605,3578.8582191414557,000300.SH
2015-06-02,5161.87,0.03231070659820601,1,0.01688080406920167,0.04861769572573316,0.0014108369655834174,-0.0670509878547042,-0.7126480115100864,9.10230342279581,8.730004928993008,12.291704736297104,4977.242477937592,4864.418786517674,4555.055556400797,3594.6095801450233,000300.SH
2015-06-03,5143.59,0.02066005150315542,2,-0.00354135226187402,0.01688080406920167,0.04861769572573316,0.0014108369655834174,-0.7303003224978455,8.174059710783776,9.010393265570826,12.963259855973552,5007.487481948939,4891.006521135038,4578.135338502727,3610.022320641093,000300.SH
2015-06-04,5181.42,0.09391195112708739,3,0.007354785276431519,-0.00354135226187402,0.01688080406920167,0.04861769572573316,7.186786953274815,7.032460369594595,10.2246861159212,15.91310242075663,5039.111576140041,4918.664947693606,4601.793560522227,3625.658118445659,000300.SH
2015-06-05,5230.55,0.1633004891231582,4,0.009481956683689008,0.007354785276431519,-0.00354135226187402,0.01688080406920167,8.050685522937195,5.639079521907209,13.277400827725995,14.745305370305385,5073.918562296397,4948.368286008501,4626.450675795866,3641.627191893961,000300.SH
2015-06-08,5353.75,0.11023260094075882,0,0.023553928363174048,0.009481956683689008,0.007354785276431519,-0.00354135226187402,5.468088208061972,4.985782919894111,17.01827703633112,14.139553525934168,5124.797005515234,4986.976068293406,4654.972217921518,3658.6632397358126,000300.SH
2015-06-09,5317.46,-0.08221838190055819,1,-0.00677842633667991,0.023553928363174048,0.009481956683689008,0.007354785276431519,3.0142177156728067,2.2800889415494074,12.390884380772826,12.007363999814636,5159.8266408761,5018.450728455939,4680.952130944204,3675.1686801364513,000300.SH
2015-06-10,5309.11,-0.1835170076759418,2,-0.001570298601211939,-0.00677842633667991,0.023553928363174048,0.009481956683689008,3.21798588145632,2.464184597688268,11.655085679674947,12.518332330176918,5186.969069807718,5046.132563841087,4705.585772867961,3691.4268027221583,000300.SH
2015-06-11,5306.59,-0.07157235030222941,3,-0.0004746558274361101,-0.001570298601211939,-0.00677842633667991,0.023553928363174048,2.4157470345967047,9.776148580578026,9.618093857028963,12.887435702160065,5208.718329842678,5070.93803395146,4729.154566088826,3707.4980783169626,000300.SH
2015-06-12,5335.12,0.0509068577365388,4,0.005376333954573376,-0.0004746558274361101,-0.001570298601211939,-0.00677842633667991,1.9992161436177769,10.210852271201421,7.751033053678391,15.542060912144517,5231.700451689463,5096.098221194178,4752.917916438284,3723.693321318784,000300.SH
2015-06-15,5221.17,0.1037499187749491,0,-0.02135846991257928,0.005376333954573376,-0.0004746558274361101,-0.001570298601211939,-2.4763950501984544,2.8562816921385625,2.385920188253743,14.120442215975903,5229.785824109561,5108.009819175684,4771.280743244626,3738.5935867782987,000300.SH
2015-06-16,5064.82,-0.14971228315786533,1,-0.029945395380728934,-0.02135846991257928,0.005376333954573376,-0.0004746558274361101,-4.751140582157653,-1.8801325876087627,-2.5793818716195016,7.0510354623120275,5199.792037907822,5103.896503063715,4782.792086646798,3751.789869496923,000300.SH
2015-06-17,5138.83,-0.09463089480574072,2,0.014612562736681767,-0.029945395380728934,-0.02135846991257928,0.005376333954573376,-3.2073172339619926,-0.09254236826807816,-0.8221668535520199,8.073952874075685,5188.708031015491,5107.2235027719325,4796.7543577586885,3765.591263830287,000300.SH
2015-06-18,4930.55,-0.05801567220836068,3,-0.040530626621234744,0.014612562736681767,-0.029945395380728934,-0.02135846991257928,-7.086283281730832,-4.841722925375668,1.9970997163845317,1.8502451982863155,5141.770207194492,5090.397454888891,4802.00124568972,3777.182893045906,000300.SH
2015-06-19,4637.05,-0.0648562766747709,4,-0.059526827635862145,-0.040530626621234744,0.014612562736681767,-0.029945395380728934,-13.084429216212568,-11.346799093785553,-4.209608682808518,-6.347574595967965,5050.002896795494,5047.221506804235,4795.532569388162,3785.7387846573897,000300.SH
2015-06-23,4786.09,0.0334376629468609,1,0.03214112420612247,-0.059526827635862145,-0.040530626621234744,0.014612562736681767,-8.332998159416372,-10.603035255661919,-5.714730368111454,-6.145896656534955,5002.018733741767,5022.351839489546,4795.162272549411,3795.692528093635,000300.SH
2015-06-24,4880.13,0.14598193603903842,2,0.019648606691474724,0.03214112420612247,-0.059526827635862145,-0.040530626621234744,-3.6465264313440438,-8.224415416383014,-5.4580994872013395,-6.131850461249644,4979.857145788718,5008.806902395304,4798.494340292571,3806.4829506996684,000300.SH
2015-06-25,4706.52,0.04041819505270383,3,-0.03557487198086928,0.019648606691474724,0.03214112420612247,-0.059526827635862145,-8.41261532294315,-11.350113295825459,-8.4973724577581,-9.16561644179309,4930.159482918042,4980.017673595751,4794.887503418353,3815.4385432300205,000300.SH
2015-06-26,4336.19,-0.04261940402944875,4,-0.07868446325522904,-0.03557487198086928,0.019648606691474724,0.03214112420612247,-12.05463893480444,-18.28669635302521,-16.312709643302426,-10.29828237839807,4822.165031478397,4918.700752300918,4776.899366029398,3820.6201497650454,000300.SH
2015-06-29,4191.55,0.14854990088415,0,-0.03335647192581492,-0.07868446325522904,-0.03557487198086928,0.019648606691474724,-9.607401257264858,-21.434756856453085,-19.86406783225473,-13.412575942555305,4707.5077530277795,4849.448299700831,4753.944488930207,3824.3109940459904,000300.SH
2015-06-30,4473.0,0.01708953316376749,1,0.06714699812718439,-0.03335647192581492,-0.07868446325522904,-0.03557487198086928,-6.541665534914721,-14.329546825711482,-16.451085687602152,-11.882557356122126,4664.869979750001,4813.596080681704,4742.927057991767,3830.765611020657,000300.SH
2015-07-01,4253.02,-0.12948225674325897,2,-0.04917952157388772,0.06714699812718439,-0.03335647192581492,-0.07868446325522904,-12.850272431267197,-16.028210281905363,-20.01782806076585,-17.60699126479356,4589.988165250001,4760.207882521541,4723.715016501894,3834.967147229407,000300.SH
2015-07-02,4108.0,-0.04784605472601544,3,-0.03409812321597372,-0.04917952157388772,0.06714699812718439,-0.03335647192581492,-12.71682686995913,-20.059624467047943,-22.62356590841026,-20.133603183768535,4502.353953386364,4698.092846090918,4699.569329580251,3837.6838920330947,000300.SH
2015-07-03,3885.92,-0.09315787156501965,4,-0.05406037000973707,-0.03409812321597372,-0.04917952157388772,0.06714699812718439,-10.384000701076278,-21.186885844378423,-26.77180637659966,-25.00279846065364,4390.275052770661,4620.743051225117,4667.661512733966,3838.1638533063974,000300.SH
2015-07-06,3998.54,0.4484087799031644,0,0.028981553917733827,-0.05406037000973707,-0.03409812321597372,-0.04917952157388772,-4.6047404897949455,-13.769745851349457,-25.052482418389843,-23.554119547657514,4319.05049772145,4561.485617775106,4641.421453411066,3839.759635860563,000300.SH
2015-07-07,3928.0,0.02104346201085927,1,-0.01764143912528071,0.028981553917733827,-0.05406037000973707,-0.03409812321597372,-12.184216409568528,-17.928831258919075,-24.767820239524863,-26.630866215269666,4247.95040722664,4501.153654177477,4613.444141512593,3840.63764943409,000300.SH
2015-07-08,3663.04,-0.19578838524380993,2,-0.06745417515274954,-0.01764143912528071,0.028981553917733827,-0.05406037000973707,-13.872025055137305,-24.939704475085712,-27.67679799084666,-31.11297499181941,4141.603060458159,4421.3333061605745,4576.17339086504,3838.870508643701,000300.SH
2015-07-09,3897.63,-0.11775616663313138,3,0.0640424346990478,-0.06745417515274954,-0.01764143912528071,0.028981553917733827,-5.120983446932814,-17.186583717906235,-24.153357865506354,-26.586000290067446,4097.244322193039,4371.456800811949,4549.563846125235,3839.4551801994858,000300.SH
2015-07-10,4106.56,0.1139196971427976,4,0.053604369835002386,0.0640424346990478,-0.06745417515274954,-0.01764143912528071,5.677934697574849,-5.295662782304267,-16.711928689497114,-22.613957362449323,4098.938081794305,4346.228534067954,4532.191146277187,3842.112939600486,000300.SH
2015-07-13,4211.81,0.04796247456859626,0,0.025629724148679145,0.053604369835002386,0.0640424346990478,-0.06745417515274954,5.333696799331777,0.48335341341509963,-9.170485545767237,-21.055009071960885,4119.460248740795,4333.4267689186245,4519.627179756513,3845.791517315904,000300.SH
2015-07-14,4112.15,-0.0936371618416103,1,-0.023662036036763423,0.025629724148679145,0.053604369835002386,0.0640424346990478,4.6881364562118,-8.06729264475744,-14.081222877129363,-21.240832993371228,4118.131112606105,4312.352790926375,4503.64768251116,3848.44185047694,000300.SH
2015-07-15,3966.76,-0.1396715658284694,2,-0.035356200527704384,-0.023662036036763423,0.025629724148679145,0.053604369835002386,8.291473748580414,-6.730746622400085,-18.71609977603056,-21.680138682124927,4090.6090921322675,4279.43919179053,4482.593263589155,3849.6191454970703,000300.SH
2015-07-16,3997.36,-0.20233574566990642,3,0.007714104205951422,-0.035356200527704384,-0.023662036036763423,0.025629724148679145,2.5587344103981113,-2.693281402142156,-15.067608339070059,-22.212643734079542,4073.6547117445825,4252.574506858098,4463.564508154286,3851.0892037508306,000300.SH
2015-07-17,4151.5,0.06230007055221676,4,0.03856044989693186,0.007714104205951422,-0.035356200527704384,-0.023662036036763423,1.0943466064053498,6.834417589657016,-4.259269081843731,-15.800468507570153,4087.8084005182945,4242.948363347803,4451.326684305099,3854.0783659025637,000300.SH
2015-07-20,4160.61,0.10995665489967688,0,0.0021943875707575167,0.03856044989693186,0.007714104205951422,-0.035356200527704384,-1.215629384991268,4.053229428741489,-0.7381517577030094,-10.274635813717781,4101.045054969513,4235.106614457536,4439.926030018625,3857.128431913484,000300.SH
2015-07-21,4166.01,-0.10713280974175676,1,0.0012978866079735862,0.0021943875707575167,0.03856044989693186,0.007714104205951422,1.3097771238889777,6.059317718940949,-6.863179074446679,-12.955878389248843,4112.856863156874,4228.5259845092,4429.184224919856,3860.2018803521555,000300.SH
2015-07-22,4157.16,0.02348104628481007,2,-0.002124334795163829,0.0012978866079735862,0.0021943875707575167,0.03856044989693186,4.79988706148089,13.489342185725505,-2.253927797188837,-14.814564366113203,4120.911978946533,4221.7292240797515,4418.516608256333,3863.1566875128306,000300.SH
2015-07-23,4250.81,0.09537485143408753,3,0.022527398512446117,-0.002124334795163829,0.0012978866079735862,0.0021943875707575167,6.340434686893359,9.061403981393834,3.476387536514136,-9.682525517792339,4144.529800956254,4224.498821786442,4411.93987852079,3867.0139344032505,000300.SH
2015-07-24,4176.28,0.10729836931549519,4,-0.017533128980123935,0.022527398512446117,-0.002124334795163829,0.0012978866079735862,0.5968926893893611,1.6977713706849418,7.472104418001391,-3.6877996582253103,4150.302564418753,4219.906553044876,4402.69831465723,3870.091208687795,000300.SH
2015-07-27,3818.73,-0.10813484153295672,0,-0.08561447029413727,-0.017533128980123935,0.022527398512446117,-0.002124334795163829,-8.217064324702383,-9.332804661178928,-4.496891365348354,-8.894561677661017,4090.016643615343,4181.6992622786975,4379.797596435378,3869.5801518849316,000300.SH
2015-07-28,3811.09,0.009838916672826548,1,-0.002000665142599778,-0.08561447029413727,-0.017533128980123935,0.022527398512446117,-8.519422661011378,-7.321230986223737,-2.9763238289205685,-14.797898502123852,4039.3027084125533,4146.403142061678,4357.495337751638,3868.998160323888,000300.SH
2015-07-29,3930.38,-0.22866597297520497,2,0.03130075647649355,-0.002000665142599778,-0.08561447029413727,-0.017533128980123935,-5.45516650790443,-0.9171212778186777,7.29830960076876,-7.586138790788666,4019.4985796102706,4125.829509484376,4340.7457166633385,3869.6089248977796,000300.SH
2015-07-30,3815.41,0.010914403415829721,3,-0.02925162452485519,0.03130075647649355,-0.002000665142599778,-0.08561447029413727,-10.242753733994236,-4.5517541577441145,-2.1094870472569305,-7.122444011684525,3982.3915651356756,4096.26574667634,4320.144316009874,3869.0696321127275,000300.SH
2015-07-31,3816.7,-0.20469879235396027,4,0.0003381025892368328,-0.02925162452485519,0.03130075647649355,-0.002000665142599778,-8.610054881377682,-8.064554980127669,-7.058462557469037,-1.7813027545600546,3952.265826020098,4069.64043746907,4300.401401656546,3868.5485412459343,000300.SH
2015-08-03,3829.24,0.03447486697349866,0,0.003285560824796363,0.0003381025892368328,-0.02925162452485519,0.03130075647649355,0.2752223906900886,-7.964457134891278,-9.083268238595776,-4.2340454265807015,3929.8974940164435,4046.745157710111,4281.924483944525,3868.1574114822934,000300.SH
2015-08-04,3948.16,-0.06741824873648106,1,0.03105577085792488,0.003285560824796363,0.0003381025892368328,-0.02925162452485519,3.596608844188931,-5.2292241257222205,-3.9879381831888328,0.5132382892057086,3933.2179496498175,4037.356095071053,4268.835680652583,3868.9534571391864,000300.SH
2015-08-05,3866.9,-0.05562815036198321,2,-0.020581739341870575,0.03105577085792488,0.003285560824796363,0.0003381025892368328,-1.615111007078196,-6.982170520259013,-2.5174197581905644,5.5653227919979065,3921.1601406225777,4021.1221812547624,4253.07349709758,3868.9330247298412,000300.SH
2015-08-06,3831.85,-0.2829592460781337,3,-0.009064108200367293,-0.020581739341870575,0.03105577085792488,0.003285560824796363,0.4308842300041249,-9.856003914548062,-4.140482718594274,-1.6876922642734216,3904.9219332366547,4003.0962592304995,4236.55492858395,3868.5640394091465,000300.SH
2015-08-07,3906.94,0.26089676409572315,4,0.019596278559964597,-0.009064108200367293,-0.020581739341870575,0.03105577085792488,2.3643461629156093,-6.449280220674847,-5.890882813440923,-4.861002883191778,3905.2888544663538,3993.938520256166,4223.628852953207,3868.9458897632844,000300.SH
2015-08-10,4084.36,0.629317954790771,0,0.045411498512902604,0.019596278559964597,-0.009064108200367293,-0.020581739341870575,6.662418652265201,6.955977510847844,-1.8326639603327255,-3.0260149436940442,3937.84724456338,4002.550089755579,4218.167329307983,3871.0893137457397,000300.SH
2015-08-11,4066.67,0.03807429198389389,1,-0.00433115592161315,0.045411498512902604,0.019596278559964597,-0.009064108200367293,3.0016514021721674,6.706217906163325,-2.3845358028425356,-1.1059907834101268,3961.2695637336747,4008.656747874095,4212.226257570415,3873.0353902258817,000300.SH
2015-08-12,4016.13,-0.18512664397647038,2,-0.012427858665689628,-0.00433115592161315,0.045411498512902604,0.019596278559964597,3.8591636711577726,2.1817228868455496,-3.3924602372773616,1.2445925642085687,3971.2441885093704,4009.3684861718,4204.536208253929,3874.4592171888085,000300.SH
2015-08-13,4075.46,-0.05859860776080905,3,0.0147729281671658,-0.012427858665689628,-0.00433115592161315,0.045411498512902604,6.357503555723731,6.815781265971421,-4.125096158143982,1.9537895010707018,3990.1925178713027,4015.6629160602,4199.4743961655395,3876.459224977975,000300.SH
2015-08-14,4073.54,0.0631134498492596,4,-0.00047111246337838697,0.0147729281671658,-0.012427858665689628,-0.00433115592161315,4.264206770516044,6.7293735425891565,-2.4600840939783652,-1.8778754666987862,4005.3466055310655,4021.175019292562,4194.535792394342,3878.4202277145123,000300.SH
2015-08-17,4077.87,-0.009545637645801297,0,0.0010629575258864765,-0.00047111246337838697,0.0147729281671658,-0.012427858665689628,-0.1588988238059419,6.492933323583805,6.78602572059297,-1.9886507026613875,4018.5326772526896,4026.5745412646993,4189.960663280838,3880.4048025631246,000300.SH
2015-08-18,3825.41,0.26153689855219797,1,-0.061909771522878354,0.0010629575258864765,-0.00047111246337838697,0.0147729281671658,-5.932618088017971,-3.1090431998703205,0.37574552162240593,-8.175688488505795,3983.4194632067456,4007.416013525204,4175.664558838453,3879.8575905973225,000300.SH
2015-08-19,3886.14,-0.19768399623669342,2,0.01587542250373164,-0.061909771522878354,0.0010629575258864765,-0.00047111246337838697,-3.236698015253492,0.4975561819545282,-1.1255909097848127,-6.519354559362645,3965.7322880782463,3995.865916998994,4164.310654570278,3879.9201021336676,000300.SH
2015-08-20,3761.45,-0.2063418221103991,3,-0.03208582295027973,0.01587542250373164,-0.061909771522878354,0.0010629575258864765,-7.704897115908393,-1.837232668293387,-1.4142647841254297,-11.512158859135091,3928.590053882201,3973.5405915705182,4148.5121975283055,3878.7412951472634,000300.SH
2015-08-21,3589.54,-0.011376700211067736,4,-0.04570311980752095,-0.03208582295027973,0.01587542250373164,-0.061909771522878354,-11.88155756418251,-8.124004975761078,-5.951738412764951,-14.049345350407538,3866.944589539982,3936.9691066590403,4126.591719193862,3875.8636703199277,000300.SH
2015-08-24,3275.53,0.021031151472552523,0,-0.08747917560467355,-0.04570311980752095,-0.03208582295027973,0.01587542250373164,-19.6754678300191,-19.803102566864816,-14.460049513741623,-14.224624417018216,3759.414664169076,3873.974906024846,4093.216749813711,3869.890200963511,000300.SH
2015-08-25,3042.93,0.02942287471162852,1,-0.07101140884070678,-0.08747917560467355,-0.04570311980752095,-0.03208582295027973,-20.45480092329972,-25.173913791873947,-22.927895526017185,-20.155913400103387,3629.1447252292437,3794.827772117718,4052.0290341347422,3861.6617412524315,000300.SH
2015-08-26,3025.69,0.11035667798511972,2,-0.005665592044509671,-0.07101140884070678,-0.08747917560467355,-0.04570311980752095,-22.141508025958913,-24.66155229038901,-21.754118285965507,-23.017876134114257,3519.4256842784716,3721.5765557255545,4011.780444560831,3853.3436144738007,000300.SH
2015-08-27,3205.64,-0.10704525234373818,3,0.05947403732702283,-0.005665592044509671,-0.07101140884070678,-0.08747917560467355,-14.776482473514207,-21.342866817488094,-16.342236778579544,-15.98176866968426,3462.373741682386,3672.4397408945492,3980.1670937937392,3846.8988023894844,000300.SH
2015-08-28,3342.29,0.14346415636289112,4,0.0426279931620519,0.05947403732702283,-0.005665592044509671,-0.07101140884070678,-6.88806922335452,-17.951216877703423,-14.452487112676415,-12.429847774255244,3440.54033410377,3640.996908428402,3955.152305801828,3841.8778192811315,000300.SH
2015-08-31,3366.54,-0.03812416027080634,0,0.007255504459517281,0.0426279931620519,0.05947403732702283,-0.005665592044509671,2.778481650297815,-17.44366544298862,-17.574846487577002,-12.083337685807106,3427.0857279030843,3614.858155244745,3932.0694702801875,3837.1480897360457,000300.SH
2015-09-01,3362.08,0.1460383223831352,1,-0.0013248023192952152,0.007255504459517281,0.0426279931620519,0.05947403732702283,10.488246525552668,-12.111904344893754,-17.32596940494311,-14.844383206354351,3415.266504647978,3590.784045221436,3909.716942033906,3832.4210440670304,000300.SH
2015-09-02,3365.83,-0.006834158143724012,2,0.0011153809546471383,-0.0013248023192952152,0.007255504459517281,0.0426279931620519,11.241733290588263,-13.388864014163149,-16.192204933605236,-12.957924952804579,3406.278049257436,3569.359850438442,3888.388042346302,3827.7783471111397,000300.SH
2015-09-07,3250.49,-0.3645689449379387,0,-0.03426792202814766,0.0011153809546471383,-0.0013248023192952152,0.007255504459517281,1.3990965922561438,-13.584123144000316,-20.242377547565194,-15.171783864190935,3377.9529493924474,3538.9912932538286,3863.3724328425255,3822.0341844533177,000300.SH
2015-09-08,3334.02,-0.2410841174243188,1,0.025697664044497914,-0.03426792202814766,0.0011153809546471383,-0.0013248023192952152,-0.247435141774055,-7.1184608612802736,-18.154234400545967,-14.664161722473345,3369.9651404120023,3519.4702177058452,3842.613513907525,3817.1783219214444,000300.SH
2015-09-09,3399.31,0.5378720964260619,2,0.019582965909022754,0.025697664044497914,-0.03426792202814766,0.0011153809546471383,0.9734029597153082,3.778930432632266,-16.640059638978187,-16.772517603737192,3375.3005694280014,3508.0263874481457,3825.22906238174,3813.0204281709825,000300.SH
2015-09-10,3357.56,-0.3504713777134163,3,-0.012281904268807486,0.019582965909022754,0.025697664044497914,-0.03426792202814766,-0.13444058440013062,10.339705481230265,-12.230061614310618,-17.437116854822253,3372.0750113501826,3493.696255310227,3806.8890991510834,3808.4884836120673,000300.SH
2015-09-11,3347.19,-0.22512788930610006,4,-0.00308855240114847,-0.012281904268807486,0.019582965909022754,0.025697664044497914,-0.5538009941084332,10.62567546576152,-13.868517346261322,-16.65633333582329,3367.550463831967,3479.7432786140153,3788.8616834980994,3803.898448949261,000300.SH
2015-09-14,3281.13,0.7362533826911384,0,-0.019735957624156364,-0.00308855240114847,-0.012281904268807486,0.019582965909022754,0.9426271116047324,2.354911967657003,-12.769543660024718,-19.490560574757197,3351.8376522261547,3460.8277282698236,3768.950637086409,3798.6967728403133,000300.SH
2015-09-15,3152.23,-0.35451144732545703,1,-0.03928524624138641,-0.019735957624156364,-0.00308855240114847,-0.012281904268807486,-5.452576769185546,-5.686520319900423,-12.182898087220085,-22.61693760218385,3315.545351821399,3431.4374684346026,3744.765514063413,3792.2642676379223,000300.SH
2015-09-16,3309.25,0.15261833391659563,2,0.0498123550629237,-0.03928524624138641,-0.019735957624156364,-0.00308855240114847,-2.6493611938893435,-1.7017471944488993,1.0294517223166766,-18.848565550152408,3314.400742399326,3419.800566678926,3727.6864742962207,3787.458155522122,000300.SH
2015-09-17,3237.0,0.13074440434483092,3,-0.02183274155775483,0.0498123550629237,-0.03928524624138641,-0.019735957624156364,-3.590702772251275,-3.7203159948603237,6.377734617621833,-15.381619225128807,3300.327880144903,3402.3909888999806,3708.443867461075,3781.980959944788,000300.SH
2015-09-18,3251.27,-0.36010713817582973,4,0.004408402842137837,-0.02183274155775483,0.0498123550629237,-0.03928524624138641,-2.865687337737033,-3.403618126881036,7.455489491653133,-16.336776338474678,3291.4082655731017,3387.998513766649,3690.5154805018174,3776.7002538756856,000300.SH
2015-09-21,3308.25,0.19359343087162117,0,0.01752545928206506,0.004408402842137837,-0.02183274155775483,0.0498123550629237,0.8265445136279137,1.7769628579075825,3.200920876954383,-12.04854510893405,3294.4703991052647,3380.4034172174443,3675.5246773448835,3772.0390573197087,000300.SH
2015-09-22,3339.03,0.1869617077872452,1,0.009304012695533936,0.01752545928206506,0.004408402842137837,-0.02183274155775483,5.925963524235223,0.15026904457682289,-0.09753791562071568,-6.978888659828275,3302.572144722489,3376.463091768164,3662.3288076450845,3767.730509485682,000300.SH
2015-09-23,3263.03,-0.20642523986210204,2,-0.022761101277916085,0.009304012695533936,0.01752545928206506,0.004408402842137837,-1.3966910931479837,-4.00904889521696,-3.0746701361041184,-0.3816176313451547,3295.3826638638548,3365.659940171196,3646.670030874689,3762.708613868909,000300.SH
2015-09-24,3285.0,-0.11736293227399919,3,0.006733005825873439,-0.022761101277916085,0.009304012695533936,0.01752545928206506,1.4828544949026856,-2.1610931748055173,-2.292628372912009,7.9551616369748945,3293.4949067976995,3357.9780411072725,3632.486892409015,3757.955294327925,000300.SH
2015-09-25,3231.95,0.13889621839447308,4,-0.016149162861491706,0.006733005825873439,-0.022761101277916085,0.009304012695533936,-0.5942293319226022,-3.442887914937609,-3.9776221615470786,6.816957454332728,3282.304923743572,3345.9753705256276,3616.779563294936,3752.7214108022745,000300.SH
2015-09-28,3242.75,-0.3604209148736536,0,0.0033416358545150793,-0.016149162861491706,0.006733005825873439,-0.022761101277916085,-1.9798987380034716,-1.169718968769906,-0.23811794529439156,1.1576471469035843,3275.1131194265586,3336.14438285652,3602.1117372833696,3747.6470684062324,000300.SH
2015-09-29,3178.85,0.0986738966589995,1,-0.01970549687765022,0.0033416358545150793,-0.016149162861491706,0.006733005825873439,-4.797201582495525,0.8444815257769855,-4.6541412469031425,-4.890060407684549,3257.610734076275,3321.1639654416135,3585.513237782061,3741.987396083782,000300.SH
2015-09-30,3202.95,-0.0083762266201034,2,0.007581358038284192,-0.01970549687765022,0.0033416358545150793,-0.016149162861491706,-1.8412334547950993,-3.2122082042759015,-5.776466400534231,-4.859291735728677,3247.6724187896793,3309.905492542412,3570.510757869039,3736.623839903844,000300.SH
2015-10-08,3296.48,0.7117006808397022,3,0.029201205139012476,0.007581358038284192,-0.01970549687765022,0.0033416358545150793,0.3494672754946748,1.8375038616002426,-1.819178212749728,-1.9511730833293606,3256.546524464283,3308.6268742050397,3559.764453638881,3732.2442992082833,000300.SH
2015-10-09,3340.12,-0.11814031876559072,4,0.013238363345143833,0.029201205139012476,0.007581358038284192,-0.01970549687765022,3.3468958368786605,2.7327782681844326,-0.21122195035239155,-0.7638531951999927,3271.741701834413,3311.6262195188456,3551.150945653043,3728.3425648878033,000300.SH
2015-10-12,3447.69,0.8220412386149398,0,0.03220542974503915,0.013238363345143833,0.029201205139012476,0.007581358038284192,6.319944491558083,4.214917252323747,5.076299933254691,6.06677762429666,3303.7323015008833,3324.584674802765,3547.093653666649,3725.550002053099,000300.SH
2015-10-13,3445.04,-0.3364632274665085,1,-0.0007686305903372714,0.03220542974503915,0.013238363345143833,0.029201205139012476,8.373782971829446,3.1748741400945635,9.288979547812183,3.329914037708237,3329.4246103189043,3336.0566105358353,3543.0915496012904,3722.7588577540632,000300.SH
2015-10-14,3406.11,-0.0021698611272876756,2,-0.01130030420546635,-0.0007686305903372714,0.03220542974503915,0.013238363345143833,6.342902636631864,4.384881536486018,2.9269471934728397,0.20004059647400485,3343.36740844274,3342.728361913375,3537.71972412673,3719.6081228510375,000300.SH
2015-10-15,3486.82,0.1562585087703121,3,0.023695652812152357,-0.01130030420546635,-0.0007686305903372714,0.03220542974503915,5.774037761491058,6.143683409436829,7.717639789928943,3.8498195117883327,3369.4496978167867,3356.451375064482,3535.7236565139174,3717.2918231211765,000300.SH
2015-10-16,3534.07,0.24930226526521349,4,0.013551029304638584,0.023695652812152357,-0.01130030420546635,-0.0007686305903372714,5.806677604397459,9.347916892278674,8.698139496258396,5.583190676358374,3399.380661850098,3373.36743458215,3535.6588072388618,3715.468720403553,000300.SH
2015-10-19,3534.18,0.010624020341024165,0,3.112558608053817e-05,0.013551029304638584,0.023695652812152357,-0.01130030420546635,2.508636217293314,8.98712512527946,6.829290410337796,7.71228204917207,3423.889632422807,3388.6829170028977,3535.600814798122,3713.664852538841,000300.SH
2015-10-20,3577.7,-0.11128447498281524,1,0.012314030411580523,3.112558608053817e-05,0.013551029304638584,0.023695652812152357,3.850753547128627,12.546990263774639,7.147884265789761,13.497428804370237,3451.8551538004785,3406.6845439550025,3537.2517632374115,3712.311968433977,000300.SH
2015-10-21,3473.25,0.44304669697788657,2,-0.02919473404701345,0.012314030411580523,3.112558608053817e-05,0.013551029304638584,1.9711635854390952,8.439095209104108,6.442478310036992,4.955805696154725,3455.745125836755,3413.0241111973833,3534.7418901692777,3709.9332423799083,000300.SH
2015-10-22,3524.53,-0.316021693001609,3,0.01476426977614631,-0.02919473404701345,0.012314030411580523,3.112558608053817e-05,1.0815011959321108,6.917985244867264,7.291628614916301,8.882607352486872,3468.2514665937088,3423.6437196547754,3534.3414238881296,3708.088433998019,000300.SH
2015-10-23,3571.24,0.10499910972901816,4,0.01325283087390372,0.01476426977614631,-0.02919473404701345,0.012314030411580523,1.0517618496520997,6.919511873824891,10.497996565540934,9.841385058761642,3486.976654485761,3437.700508259082,3535.788426872909,3706.7267580378398,000300.SH
2015-10-26,3589.26,0.0948356650168225,0,0.005045866421747203,0.01325283087390372,0.01476426977614631,-0.02919473404701345,1.558494473965677,4.106227648077421,10.685683447691009,8.494218997959656,3505.573626397441,3452.134745567741,3537.8853513092654,3705.5579345747765,000300.SH
2015-10-27,3592.88,-0.11626029761718149,1,0.0010085644394666193,0.005045866421747203,0.01325283087390372,0.01476426977614631,0.42429493808873175,4.291387037596084,13.024521446435045,7.602507314998674,3521.4475125069966,3465.5390555136705,3540.0420041990983,3704.4367610964205,000300.SH
2015-10-28,3524.92,-0.10767757069515749,2,-0.018915187815902623,0.0010085644394666193,0.005045866421747203,0.01325283087390372,1.487655653926434,3.488143365892471,10.052295540049027,8.025975856795675,3522.078873869361,3471.1943835599873,3539.4489844265845,3702.6505246676006,000300.SH
2015-10-29,3533.31,-0.24496197944126608,3,0.0023801958626010755,-0.018915187815902623,0.0010085644394666193,0.005045866421747203,0.24911122901492,1.333306565868031,7.184329951948754,7.5589041095890375,3524.1208968022042,3477.110156554274,3539.2082399392675,3700.9655443226497,000300.SH
2015-10-30,3534.08,0.13824898298306199,4,0.00021792596743552828,0.0023801958626010755,-0.018915187815902623,0.0010085644394666193,-1.0405349402448416,0.0002829598734432892,5.80697699483852,9.348226303005935,3525.9316428381667,3482.5358559300576,3539.007132490669,3699.3049916428226,000300.SH
2015-11-02,3475.96,-0.08652791078194255,0,-0.016445581311119173,0.00021792596743552828,0.0023801958626010755,-0.018915187815902623,-3.1566395301538486,-1.6473411088286372,0.8199693127862506,7.191735409760236,3516.8458895948634,3481.9095839367187,3536.5346959224075,3697.082653417521,000300.SH
2015-11-03,3465.49,-0.21034653468302844,1,-0.003012117515736712,-0.016445581311119173,0.00021792596743552828,0.0023801958626010755,-3.5456235666095237,-3.1363725298376055,0.5936070408471217,9.017097377982598,3507.50845512307,3480.3458140379835,3533.7486294156465,3694.778248905904,000300.SH
2015-11-04,3628.54,1.0188524670747894,2,0.04704962357415554,-0.003012117515736712,-0.016445581311119173,0.00021792596743552828,2.939641183345998,4.471028575541647,6.530323448156405,13.28743814296196,3529.514190555239,3494.459546034366,3537.4659380660137,3694.1191618521143,000300.SH
2015-11-05,3705.97,0.8547564917934567,3,0.0213391612053333,0.04704962357415554,-0.003012117515736712,-0.016445581311119173,4.886636043822934,5.147920431944097,6.28509644891333,12.42203805271076,3561.5970649997407,3514.6033987929977,3544.0739404947976,3694.2370806396552,000300.SH
2015-11-06,3793.37,-0.21278650361372864,4,0.023583569213998068,0.0213391612053333,0.04704962357415554,-0.003012117515736712,7.336845798623681,6.2199684143322775,7.3371495188267355,13.569871741135042,3603.7375986361512,3541.15259890795,3553.8502565538256,3695.223477847221,000300.SH
2015-11-09,3840.35,0.18826610792333964,0,0.012384766052349283,0.023583569213998068,0.0213391612053333,0.04704962357415554,10.483147101807845,6.995592406234152,8.663112801272144,11.389075003843141,3646.75803524776,3569.6475894881455,3565.0855406105384,3696.667522843766,000300.SH
2015-11-10,3833.24,-0.17758609622544141,1,-0.001851393753173558,0.012384766052349283,0.023583569213998068,0.0213391612053333,10.611774958231024,6.689897797866884,7.142577633675273,11.268374242389045,3680.663847020894,3594.7516285845127,3575.6014017630664,3698.0264529647243,000300.SH
2015-11-11,3833.65,-0.19401477454173433,2,0.00010695912596148105,-0.001851393753173558,0.012384766052349283,0.023583569213998068,5.65268675555457,8.758496646732405,10.37644857122293,12.552148932359785,3708.4795111989133,3617.5038544336066,3585.720954635103,3699.375940994926,000300.SH
2015-11-12,3795.32,-0.014858065419330435,3,-0.009998304487890075,0.00010695912596148105,-0.001851393753173558,0.012384766052349283,2.4109747245660396,7.415426328287089,7.683010216965092,8.847603260277271,3724.268690980929,3634.43872543993,3593.94052504157,3700.330608248708,000300.SH
2015-11-13,3746.24,-0.06773310439168478,4,-0.012931715902743446,-0.009998304487890075,0.00010695912596148105,-0.001851393753173558,-1.2424308728123057,6.003259688518647,4.900258733661134,6.003559635208111,3728.2634744389416,3645.0864658742225,3599.913053471312,3700.78741811688,000300.SH
2015-11-16,3764.13,-0.19320897174727603,0,0.004775454856069006,-0.012931715902743446,-0.009998304487890075,0.00010695912596148105,-1.9847149348366622,8.290371580800704,4.872034904130662,6.506459772846895,3734.7846609045882,3656.423945314773,3606.352933727339,3701.4176925634783,000300.SH
2015-11-17,3758.39,0.6051197687957524,1,-0.0015249207652233698,0.004775454856069006,-0.012931715902743446,-0.009998304487890075,-1.9526562385866808,8.45190723389766,4.606610852575077,5.050451407328738,3739.0765407401177,3666.1349981419376,3612.3151716203847,3701.984581194688,000300.SH
2015-11-18,3715.58,-0.30399593469438724,2,-0.011390515619720154,-0.0015249207652233698,0.004775454856069006,-0.012931715902743446,-3.079832535573157,2.398760934149813,5.408917081806108,6.977038796516233,3734.8044424237323,3670.8440459379435,3616.364772733311,3702.119858993746,000300.SH
2015-11-19,3774.97,-0.19509223238796103,3,0.01598404555950883,-0.011390515619720154,-0.0015249207652233698,0.004775454856069006,-0.5361866720065889,1.8618607274208943,6.8394791286357615,7.105628268166231,3742.1072710739627,3680.760803467663,3622.5845855672987,3702.844736018684,000300.SH
2015-11-20,3774.38,0.18448338343413395,4,-0.0001562926327890457,0.01598404555950883,-0.011390515619720154,-0.0015249207652233698,0.7511531562313323,-0.5006102752960984,6.799506519377041,5.688220338033867,3747.975039969606,3689.676917423124,3628.5373469176006,3703.5565296901405,000300.SH
2015-11-23,3753.34,-0.03159003345878775,0,-0.005574425468553801,-0.0001562926327890457,0.01598404555950883,-0.011390515619720154,-0.28665322398535587,-2.265678909474389,7.979953739398615,4.571415835018922,3748.950487247859,3695.740068144731,3633.4315686071063,3704.0518876036717,000300.SH
2015-11-24,3753.89,-0.17961858154530386,1,0.00014653615180071355,-0.005574425468553801,-0.0001562926327890457,0.01598404555950883,-0.11973211933833383,-2.0700504012271526,8.322055466903677,4.481363140433303,3749.848580475521,3701.278156892852,3638.1554286617297,3704.547789219556,000300.SH
2015-11-25,3781.61,0.11756117428443624,2,0.007384339977996257,0.00014653615180071355,-0.005574425468553801,-0.0001562926327890457,1.77711151421851,-1.3574530799629558,4.218501105127692,7.28215108427992,3755.623384025426,3708.9288086173424,3643.781098125976,3705.314577386526,000300.SH
2015-11-26,3759.43,0.11468752709180086,3,-0.005865226715605298,0.007384339977996257,0.00014653615180071355,-0.005574425468553801,-0.4116589006005311,-0.9456383124479717,1.4425373114191453,6.399664903447477,3756.3154960208026,3713.738445891881,3648.316349179859,3705.8530393030783,000300.SH
2015-11-27,3556.99,0.12494290488200432,4,-0.053848588748826254,-0.005865226715605298,0.007384339977996257,0.00014653615180071355,-5.759621447760965,-5.051731869821474,-6.23139846627142,0.6482592357841321,3720.0744967442924,3698.8100224736068,3644.7349237218255,3704.3718150314057,000300.SH
2015-11-30,3566.41,-0.18409036508514265,0,0.002648306573816539,-0.053848588748826254,-0.005865226715605298,0.007384339977996257,-4.980364155658701,-5.252741005225648,-7.133204004843307,2.60215882806476,3692.135497336239,3686.2004965237393,3641.6633580856756,3702.999060652984,000300.SH
2015-12-01,3591.7,-0.19763661044345238,1,0.007091164504361425,0.002648306573816539,-0.053848588748826254,-0.005865226715605298,-4.320584780054826,-4.4351437716681925,-6.301196898707095,3.6419092249580842,3673.874497820559,3677.200449235764,3639.704010709767,3701.8916073131536,000300.SH
2015-12-02,3721.95,0.4775789825537329,2,0.03626416460172055,0.007091164504361425,0.002648306573816539,-0.053848588748826254,-1.577634922691662,0.17144025966335796,-2.9136723488059735,2.5743136357873952,3682.615498216821,3681.4623112133104,3642.9293436231096,3702.0911933100374,000300.SH
2015-12-03,3749.3,-0.09289423504042271,3,0.007348298606913106,0.03626416460172055,0.007091164504361425,0.002648306573816539,-0.26945574196087785,-0.6800054040164483,-1.2125459776777703,1.1691945698427242,3694.7399530864895,3687.923043478709,3647.1007419123994,3702.560932680087,000300.SH
2015-12-04,3677.59,-0.17001927215659007,4,-0.019126236897554216,0.007348298606913106,0.03626416460172055,0.007091164504361425,3.390507142274801,-2.564394682040494,-1.8325040574015405,-3.0521673340591526,3691.621779798037,3686.9389440997847,3648.2963990923054,3702.3124656882455,000300.SH
2015-12-07,3687.61,-0.17935625148888612,0,0.002724610410622219,-0.019126236897554216,0.007348298606913106,0.03626416460172055,3.3983753971080333,-1.751240228702966,-2.0328734661130166,-3.977241657661401,3690.8923652893027,3687.0028541855195,3649.8381089318227,3702.166172497318,000300.SH
2015-12-08,3623.02,0.013008120701605064,1,-0.017515409709812135,0.002724610410622219,-0.019126236897554216,0.007348298606913106,0.872010468580342,-3.486250263060453,-3.601808221073377,-5.48413352672934,3678.551935236702,3680.9092490249936,3648.7864183854767,3701.378648392867,000300.SH
2015-12-09,3635.94,-0.055090574338053755,2,0.0035660857516657263,-0.017515409709812135,0.002724610410622219,-0.019126236897554216,-2.31088542296376,-3.852063010199358,-2.143406951270055,-5.157226142188254,3670.8043106482105,3676.626463403566,3648.2826372723207,3700.727517563087,000300.SH
2015-12-10,3623.08,0.09267885515026286,3,-0.00353691205025386,0.0035660857516657263,-0.017515409709812135,0.002724610410622219,-3.366495079081433,-3.6268796067488895,-4.023608134634182,-4.538220756089084,3662.1271632576263,3671.5268002222742,3647.2942985557593,3699.9549054480317,000300.SH
2015-12-11,3608.06,-0.13861491183337138,4,-0.0041456440376695936,-0.00353691205025386,0.0035660857516657263,-0.017515409709812135,-1.8906403378299408,1.435764508755999,-4.406551539590609,-3.6884983343298816,3652.296769938058,3665.482343058248,3645.7556986123964,3699.0405282793945,000300.SH
2015-12-14,3711.32,0.3996104197602124,0,0.028619257994600966,-0.0041456440376695936,-0.00353691205025386,0.0035660857516657263,0.642963870908253,4.063189594017524,-1.1195361997580866,-1.4029802371331446,3663.0282663129565,3669.847834195558,3648.32684768642,3699.1627120776093,000300.SH
2015-12-15,3694.39,-0.08114480530938073,1,-0.0045617192804716655,0.028619257994600966,-0.0041456440376695936,-0.00353691205025386,1.9699035611175253,2.8590917949717465,-1.585022470024433,-1.7028568083674145,3668.730399710601,3672.1851833197907,3650.1332458163647,3699.1152224051957,000300.SH
2015-12-16,3685.44,-0.14281514122452443,2,-0.00242259209233453,-0.0045617192804716655,0.028619257994600966,-0.0041456440376695936,1.3614086041023876,-0.9809374118405656,-2.5430967233532775,-0.8111788738231929,3671.768508854128,3673.4475468131436,3651.5178244118015,3698.9791505404673,000300.SH
2015-12-17,3755.89,0.5147794529842449,3,0.019115763653729134,-0.00242259209233453,-0.0045617192804716655,0.028619257994600966,3.665665676717045,0.17576614301335614,-0.0941632109122903,-0.505434480274014,3687.0633254261047,3681.2992090214157,3655.6108509054566,3699.5454276495175,000300.SH
2015-12-18,3767.91,-0.04231136460207485,4,0.0032003067182477807,0.019115763653729134,-0.00242259209233453,-0.0045617192804716655,4.430358696917458,2.4559562104530253,5.929732723454384,-0.17141888204156297,3701.7627208031763,3689.547855781281,3660.0147391052424,3700.2256721505178,000300.SH
2015-12-21,3865.97,0.2480776123931716,0,0.026025037753024893,0.0032003067182477807,0.019115763653729134,-0.00242259209233453,4.166981020229987,4.836737073605923,8.399482953446192,3.0007939595133815,3731.618589748053,3706.3499647544927,3668.091416003076,3701.8748694425526,000300.SH
2015-12-22,3876.73,-0.15904476941417656,1,0.002783260087377837,0.026025037753024893,0.0032003067182477807,0.019115763653729134,4.935591532025585,7.002721486494701,7.9357964195228,3.2723388271899356,3758.0024825211344,3722.5766347778745,3676.2733212578573,3703.6147214879006,000300.SH
2015-12-23,3866.38,0.20883490252581494,2,-0.002669775816216191,0.002783260087377837,0.026025037753024893,0.0032003067182477807,4.909590171051481,6.337838358168724,3.8804927524550337,2.241637820928122,3777.70748569911,3736.2721933704574,3683.7284851300983,3705.234276497971,000300.SH
2015-12-24,3829.4,-0.3088697097835956,3,-0.009564502195852476,-0.002669775816216191,0.002783260087377837,0.026025037753024893,1.9571925695374581,5.6946023825033,2.1363987944416296,1.8611864032579417,3787.106124662908,3745.1415082875565,3689.4410935563687,3706.4697563338127,000300.SH
2015-12-25,3838.2,-0.1981948565897863,4,0.002298010132135486,-0.009564502195852476,-0.002669775816216191,0.002783260087377837,1.865490417764759,6.378497031645813,4.367262255988291,7.9058417369742395,3796.3959201787425,3754.0042217839796,3695.274776162001,3707.7805050270085,000300.SH
2015-12-28,3727.63,0.2860217992877667,0,-0.02880777447761962,0.002298010132135486,-0.009564502195852476,-0.002669775816216191,-3.5784033502587853,0.4394662815386363,1.085255761862025,4.520512223776851,3783.893025600789,3751.4923911378864,3696.543608469374,3707.9780124396752,000300.SH
2015-12-29,3761.87,-0.3314873080963968,1,0.009185461003372142,-0.02880777447761962,0.002298010132135486,-0.009564502195852476,-2.962806282614472,1.8265532334160728,3.8324381317243583,4.737867862015199,3779.888839127918,3752.4807348390405,3699.105427745085,3708.5142511218673,000300.SH
2015-12-30,3765.18,0.10924848434949563,2,0.0008798815482724542,0.009185461003372142,-0.02880777447761962,0.002298010132135486,-2.6174354305577907,2.1636493878614216,3.5545141008927583,1.1614879297142666,3777.2145047410236,3753.690188663894,3701.696587441356,3709.0780894191626,000300.SH
2015-12-31,3731.0,-0.0687050103342598,3,-0.009077919249544486,0.0008798815482724542,0.009185461003372142,-0.02880777447761962,-2.569593147751603,-0.6626924643692966,2.9786811221391707,-0.48809111034060493,3768.811867515383,3751.529218314952,3702.8457408750282,3709.2962178826538,000300.SH
2016-01-04,3469.07,0.006374010039732703,0,-0.07020369874028409,-0.009077919249544486,0.0008798815482724542,0.009185461003372142,-9.617268511281319,-7.9311873160452295,-3.852208666153001,-5.670017593043275,3714.3133461489497,3724.6283403801945,3693.6780647622822,3706.9059072569557,000300.SH
2016-01-05,3478.78,0.34287520549851247,1,0.0027990210632820034,-0.07020369874028409,-0.009077919249544486,0.0008798815482724542,-6.6758235125267245,-10.015338970555888,-6.265695224340662,-5.663017509986146,3671.489101394595,3701.2142127249376,3685.2506896735654,3704.635997732011,000300.SH
2016-01-06,3539.81,-0.17891241013729964,2,0.017543506631635175,0.0027990210632820034,-0.07020369874028409,-0.009077919249544486,-5.902915305419909,-8.69082964250799,-4.184181962380795,-2.296702750743851,3647.547446595577,3685.84238294161,3679.5471332157786,3702.995938053086,000300.SH
2016-01-07,3294.38,-0.7071660768251948,3,-0.06933422980329451,0.017543506631635175,0.0027990210632820034,-0.07020369874028409,-12.504050271168964,-14.794200259674428,-10.610944690457579,-9.393994400347639,3583.335183578199,3648.560251232885,3664.4425397563364,3698.9301078237017,000300.SH
2016-01-08,3361.56,3.317746993473482,4,0.020392304470036704,-0.06933422980329451,0.017543506631635175,0.0027990210632820034,-9.901902975073707,-12.21705750248081,-10.498976274598027,-7.218167967585587,3543.012422927617,3621.2268939726105,3652.5647930992254,3695.5731913279437,000300.SH
2016-01-11,3192.45,-0.09353771841583203,0,-0.05030700032127944,0.020392304470036704,-0.06933422980329451,0.017543506631635175,-7.973895020855748,-16.824292637173677,-15.272657786412102,-11.518932611985388,3479.273800577141,3580.390999308552,3634.521075722785,3690.566990419208,000300.SH
2016-01-12,3215.71,-0.22993716119753405,1,0.007285940265313595,-0.05030700032127944,0.020392304470036704,-0.06933422980329451,-7.562133851522668,-13.73312265434069,-16.82009948344141,-13.354008816270223,3431.353109563115,3545.6594755648807,3618.0971119689502,3685.8420452409077,000300.SH
2016-01-13,3155.88,-0.0785844115241715,2,-0.018605533459173818,0.007285940265313595,-0.05030700032127944,0.020392304470036704,-10.846062359279163,-16.108743789657797,-18.59427919922202,-14.57642533679443,3381.267089642549,3508.5376207491777,3599.970950715266,3680.568791059406,000300.SH
2016-01-14,3221.57,0.10608843965683734,3,0.020815113375667105,-0.018605533459173818,0.007285940265313595,-0.05030700032127944,-2.210127550555796,-14.43782236174631,-16.677357114406753,-12.586556829035334,3352.2312551620853,3481.207371154018,3585.13169774604,3676.0016389095613,000300.SH
2016-01-15,3118.73,-0.0890287997133139,4,-0.031922323587567636,0.020815113375667105,-0.018605533459173818,0.007285940265313595,-7.2237294589416745,-16.410345751809164,-18.55825977959994,-16.964288091504276,3309.7764814962516,3446.685716758397,3566.841435089333,3670.456647477625,000300.SH
2016-01-18,3130.73,-0.17003324316737733,0,0.0038477200655395727,-0.031922323587567636,0.020815113375667105,-0.018605533459173818,-1.9333114065999357,-9.753046205467175,-18.432338075139388,-16.91070115793636,3277.2225757696606,3416.59469611474,3549.739025870144,3665.086233074863,000300.SH
2016-01-19,3223.13,0.30559037602359784,1,0.029513883343501357,0.0038477200655395727,-0.031922323587567636,0.020815113375667105,0.23074220001182422,-7.348840685527691,-13.53406856367182,-16.628168351021856,3267.3875619933583,3398.1694869609555,3536.9308287771973,3660.6886586164064,000300.SH
2016-01-20,3174.38,0.0028385456373971607,2,-0.015125049253365552,0.029513883343501357,0.0038477200655395727,-0.031922323587567636,0.5862073336121876,-10.323435438625228,-15.616967093493395,-18.117072893908002,3250.4770961763843,3376.856202488483,3522.7131492173075,3655.84976649087,000300.SH
2016-01-21,3081.35,-0.149721861202872,3,-0.029306510247670503,-0.015125049253365552,0.029513883343501357,0.0038477200655395727,-4.352536185772782,-6.4664671349389025,-18.161947104786492,-20.30400529694444,3219.7267150534053,3348.7127546324373,3505.404790424472,3650.1333509038964,000300.SH
2016-01-22,3113.46,-0.20491800991660658,4,0.010420757135671144,-0.029306510247670503,-0.015125049253365552,0.029513883343501357,-0.16897903954494753,-7.380501909827575,-16.551594746716702,-18.695879250013057,3200.405494134604,3326.307730381729,3490.0344064862575,3644.7933175615694,000300.SH
2016-01-25,3128.89,-0.11464832725004637,0,0.004955901151773245,0.010420757135671144,-0.029306510247670503,-0.015125049253365552,-0.05877223522948727,-1.9909473915018183,-9.806086357438748,-18.480277213277052,3187.4026770192213,3307.506041773945,3475.871880741698,3639.6599512176736,000300.SH
2016-01-26,2940.51,0.48349009284327216,1,-0.06020665475615938,0.004955901151773245,0.010420757135671144,-0.029306510247670503,-8.768495220484429,-8.557985639252285,-15.47295316174061,-21.115829629013604,3142.5130993793628,3272.554037795474,3454.8772971832004,3632.7032352851597,000300.SH
2016-01-27,2930.35,-0.0019880448547806573,2,-0.0034551829444553483,-0.06020665475615938,0.004955901151773245,0.010420757135671144,-7.687485430225749,-7.146342699975927,-17.217308273607912,-22.103900453763693,3103.9379904012967,3239.9631770530477,3434.3075992544477,3625.7146458793372,000300.SH
2016-01-28,2853.76,-0.24672728247691467,3,-0.02613680959612319,-0.0034551829444553483,-0.06020665475615938,0.004955901151773245,-7.386048322975314,-11.41710408279193,-13.374899070538305,-24.206545238209053,3058.4510830556064,3203.181922095615,3411.5410267346656,3618.033505124319,000300.SH
2016-01-29,2946.09,0.1442391841100319,4,0.032353806907378324,-0.02613680959612319,-0.0034551829444553483,-0.06020665475615938,-5.375691353028456,-5.5355866009561545,-12.359440259879339,-21.037523452157593,3038.021795227314,3178.696977134128,3393.2880452940904,3611.3475000982066,000300.SH
2016-02-01,2901.05,-0.2423747304552908,0,-0.015288059767352702,0.032353806907378324,-0.02613680959612319,-0.0034551829444553483,-7.281815595946162,-7.336308145384618,-9.12778586978652,-16.373840827656984,3013.1178324587113,3152.2544078832584,3373.98459253746,3604.279863281309,000300.SH
2016-02-02,2961.33,0.07004315009565132,1,0.020778683580082946,-0.015288059767352702,0.032353806907378324,-0.02613680959612319,0.7080404419641306,-8.122539270833018,-7.910539196631539,-14.87446748572776,3003.7018629207637,3134.0711309419958,3357.802059496775,3597.8823522038833,000300.SH
2016-02-03,2948.64,-0.1568977227126862,2,-0.004285236701076944,0.020778683580082946,-0.015288059767352702,0.032353806907378324,0.6241575238452812,-7.111309925087738,-6.566789611772316,-16.700613874755987,2993.6906151169883,3116.411023233234,3341.756488536117,3591.422229296382,000300.SH
2016-02-04,2984.76,0.22365558457299017,3,0.012249715122904181,-0.004285236701076944,0.020778683580082946,-0.015288059767352702,4.590435075128951,-3.1346650007301857,-7.350763758043433,-9.398430053606443,2992.0668669138995,3103.8728305443547,3327.756626240583,3585.3857892038804,000300.SH
2016-02-05,2963.79,-0.15409149173105297,4,-0.0070256905077795695,0.012249715122904181,-0.004285236701076944,0.020778683580082946,0.6007963096850366,-4.807191998612481,-4.968047891289085,-11.832899011173382,2986.9256183840994,3090.5316085877494,3313.4834252115406,3579.2007564754836,000300.SH
2016-02-15,2946.71,-0.0795185169211714,0,-0.005762891432928741,-0.0070256905077795695,0.012249715122904181,-0.004285236701076944,1.5739128936074875,-5.822512136891989,-5.877862351592123,-7.697536374884484,2979.6136877688086,3076.8343125317733,3299.1001536346175,3572.9073161125434,000300.SH
2016-02-16,3037.04,0.5753722554729217,1,0.030654526573704155,-0.005762891432928741,-0.0070256905077795695,0.012249715122904181,2.55662151803413,3.2827638742939147,-5.773580339607776,-5.556160225891016,2990.0548354472066,3073.0443780049377,3288.8232848646326,3567.575303016896,000300.SH
2016-02-17,3063.32,0.088858472478615,2,0.008653162289597782,0.030654526573704155,-0.005762891432928741,-0.0070256905077795695,3.8892506375820757,4.537683211903021,-3.498635954107576,-2.9329378810347695,3003.375774456805,3072.1182467663725,3279.98001879151,3562.5578373152357,000300.SH
2016-02-18,3053.7,0.0027745488322066247,3,-0.0031403836360550663,0.008653162289597782,0.030654526573704155,-0.005762891432928741,2.3097334459051932,7.006195335276955,-0.8973339607639574,-5.210813361187261,3012.525633646477,3070.3641280267184,3271.106292564392,3557.4945752523977,000300.SH
2016-02-19,3051.59,-0.25909011690802897,4,-0.0006909650587810789,-0.0031403836360550663,0.008653162289597782,0.030654526573704155,2.9624231136484047,3.5810175520774923,-1.9871782518484205,-2.1527993766693454,3019.628245710754,3068.5761158336977,3262.497810503043,3552.4606988817272,000300.SH
2016-02-22,3118.87,0.5595499097736978,0,0.02204752276681976,-0.0006909650587810789,-0.0031403836360550663,0.008653162289597782,5.842448018298363,7.508315954568157,-0.32024136355065513,-0.378825385772652,3037.6722010360713,3073.366009563822,3256.8653473460613,3548.1463635694713,000300.SH
2016-02-23,3089.36,-0.17085624581110304,1,-0.009461760188786195,0.02204752276681976,-0.0006909650587810789,-0.0031403836360550663,1.7227300266048573,4.323395231196803,5.062047059863772,-4.150313515123494,3047.0699826658765,3074.88924674822,3250.2965101952354,3543.5813251259938,000300.SH
2016-02-24,3109.55,-0.038798067391708324,2,0.006535334179247565,-0.009461760188786195,0.02204752276681976,-0.0006909650587810789,1.509146938615613,5.457092083129855,6.1153104577951645,-2.0422885728866746,3058.4299858175355,3078.1902708674374,3244.777039207187,3539.262605472999,000300.SH
2016-02-25,2918.75,0.35932429561433676,3,-0.061359360679198005,0.006535334179247565,-0.009461760188786195,0.02204752276681976,-4.419229131872804,-2.211568099277672,2.2773463781116776,-5.27690784883249,3033.0336247598016,3063.0054831657767,3231.991665120631,3533.088350692173,000300.SH
2016-02-26,2948.03,-0.33201147075036186,4,0.010031691648822338,-0.061359360679198005,0.006535334179247565,-0.009461760188786195,-3.393640692229294,-0.5317515748416657,0.0658499910050292,-5.313381254295857,3017.5784202580194,3052.0554371499884,3220.855913547273,3527.266874565883,000300.SH
2016-02-29,2877.47,0.15516450201630572,0,-0.023934627530927566,0.010031691648822338,-0.061359360679198005,0.006535334179247565,-7.739982750162722,-2.3497392006678663,-0.8128091553058492,-8.035437487415663,2992.104162029288,3035.4282526595134,3207.389799290517,3520.8012340229393,000300.SH
2016-03-01,2930.69,-0.06712035030487384,1,0.01849541437443314,-0.023934627530927566,0.010031691648822338,-0.061359360679198005,-5.136015226454671,-3.5017648763269515,-1.0346702326319512,-0.3339556743558125,2980.937950751236,3025.453180977655,3196.5388267693206,3514.929480450572,000300.SH
2016-03-02,3051.33,0.48451096125079474,2,0.04116436743565499,0.01849541437443314,-0.023934627530927566,0.010031691648822338,-1.8722966345612768,-0.3914054032879477,3.482622497151233,4.12851707133961,2993.736505160102,3027.917639932164,3190.844362974445,3510.3165502968354,000300.SH
2016-03-03,3058.42,0.009046965721600131,3,0.00232357693202645,0.04116436743565499,0.01849541437443314,-0.023934627530927566,4.785267665952886,0.15456659134820416,2.4678701135099512,7.171591163938107,3005.4971405855376,3030.8226266052916,3185.6512507009375,3505.820067209305,000300.SH
2016-03-04,3093.89,0.24174738680515984,4,0.011597491515226821,0.00232357693202645,0.04116436743565499,0.01849541437443314,4.947710844190856,1.3861626234192626,4.389649739016588,5.016818902341735,3021.5685695699854,3036.8290431190735,3182.0527702812933,3501.7212605704062,000300.SH
2016-03-07,3104.84,-0.3782111641623259,0,0.0035392337801281037,0.011597491515226821,0.00232357693202645,0.04116436743565499,7.901733119719756,-0.449842410873158,5.366323798405692,7.0246979541890076,3036.7088296481697,3043.3062771077334,3179.0248185055566,3497.7721933010494,000300.SH
2016-03-08,3107.67,0.007576081259350387,1,0.0009114801406835404,0.0035392337801281037,0.011597491515226821,0.00232357693202645,6.0388509190668405,0.5926793899059923,2.3256196823222552,4.9416984935822805,3049.6108606212297,3049.4361554784255,3176.2265903288685,3493.8905794373577,000300.SH
2016-03-09,3071.91,-0.17443385674995104,2,-0.011507013292917256,0.0009114801406835404,0.0035392337801281037,0.011597491515226821,0.6744599895783132,-1.210464536669309,0.2804147134481516,4.180571382060871,3053.6652495991875,3051.576521623337,3172.1357436493054,3489.691767701663,000300.SH
2016-03-10,3013.15,-0.26452057481444957,3,-0.01912816456211275,-0.011507013292917256,0.0009114801406835404,0.0035392337801281037,-1.480176038608172,3.2342612419700156,-1.3278973049087872,0.9511652528176429,3046.2988405811534,3047.916852897305,3165.9010086042344,3484.9500585703036,000300.SH
2016-03-11,3018.28,-0.048773945718156964,4,0.0017025372118879556,-0.01912816456211275,-0.011507013292917256,0.0009114801406835404,-2.4438490056207463,2.3829472563033693,-1.0915621036902023,1.8385243218986602,3041.2045059300344,3045.094295478514,3160.111949443284,3480.3065754004497,000300.SH
2016-03-14,3065.69,0.6612018992218354,0,0.015707621559298612,0.0017025372118879556,-0.01912816456211275,-0.011507013292917256,-1.260934540910319,6.541162896572339,-1.7051047334451175,4.037723427144169,3045.6564139427555,3047.0557911472274,3156.409127896489,3476.181037336764,000300.SH
2016-03-15,3074.78,-0.1799936214526413,1,0.0029650747466312133,0.015707621559298612,0.0017025372118879556,-0.01912816456211275,-1.0583491812193646,4.9165896085904714,-0.47194240878369875,1.2426573242367622,3050.9516114077087,3049.696191990349,3153.2079856260384,3472.1869971642586,000300.SH
2016-03-16,3090.03,0.2450671427309301,2,0.00495970443413829,0.0029650747466312133,0.015707621559298612,0.0017025372118879556,0.589861031084915,1.2682993973120116,-0.6277435641813156,0.8719298016531152,3058.0567729699433,3053.5375070388873,3150.730417562272,3468.384439978545,000300.SH
2016-03-17,3124.2,0.0830489614390364,3,0.01105814506655256,0.00495970443413829,0.0029650747466312133,0.015707621559298612,3.6855118397689957,2.1507837380084993,7.038972162740897,2.3086747224678295,3070.082814248135,3060.2672682732787,3149.6900090304184,3464.9597191827384,000300.SH
2016-03-18,3171.96,0.5374237978292244,4,0.015287113501056382,0.01105814506655256,0.00495970443413829,0.0029650747466312133,5.091641597201058,2.5233605590373243,7.595919987245714,3.944501063380068,3088.605938930292,3070.904671294871,3150.563342009618,3462.044299091368,000300.SH
2016-03-21,3249.44,0.2229279031145026,0,0.024426537535151782,0.015287113501056382,0.01105814506655256,0.00495970443413829,5.99375670729918,4.657244817768391,12.926980993720182,4.186452144526709,3117.8484954884207,3087.908035933455,3154.440858009241,3459.9288334287676,000300.SH
2016-03-22,3225.79,-0.24383070888951042,1,-0.007278177162834187,0.024426537535151782,0.015287113501056382,0.01105814506655256,4.911245682617937,3.8009183729289076,10.069301086092342,4.4161250226584015,3137.4742235814347,3101.03965155884,3157.238863577506,3457.599093792661,000300.SH
2016-03-23,3236.09,-0.19898309053849317,2,0.0031930162843831766,-0.007278177162834187,0.024426537535151782,0.015287113501056382,4.726814950016656,5.34455762050321,6.055064512851782,4.069399109195859,3155.4043647484464,3113.9015895056173,3160.3310650058393,3455.395023207659,000300.SH
2016-03-24,3181.85,0.044154328795012576,3,-0.01676096771103408,0.0031930162843831766,-0.007278177162834187,0.024426537535151782,1.845272389731778,5.59879196190034,4.0357439462205935,9.01413276231262,3160.2126620669105,3120.3728666955585,3161.174944809532,3452.6731821807175,000300.SH
2016-03-25,3197.82,-0.2908248686683078,4,0.005019092666216363,-0.01676096771103408,0.0031930162843831766,-0.007278177162834187,0.8152687927968971,5.948420954980982,3.359201523001798,8.473115945224441,3167.0503598729265,3127.7487841531247,3162.6120057973935,3450.1373296217052,000300.SH
2016-03-28,3169.73,0.0750761313800179,0,-0.00878410917437511,0.005019092666216363,-0.01676096771103408,0.0031930162843831766,-2.4530380619429804,3.3936895119858868,2.089962767807685,10.156839167741104,3167.537567168758,3131.7469951861603,3162.891142824947,3447.3472069389027,000300.SH
2016-03-29,3135.41,-0.08074478190472467,1,-0.01082742063204123,-0.00878410917437511,0.005019092666216363,-0.01676096771103408,-2.801794289150883,1.9718483924052954,0.8926301698700234,6.985385694153923,3161.6961913198925,3132.0958527874786,3161.813450949459,3444.243354133541,000300.SH
2016-03-30,3216.28,0.23608994672371764,2,0.02579248009032331,-0.01082742063204123,-0.00878410917437511,0.005019092666216363,-0.612158499918114,4.085720850606633,4.699681956828172,5.405839420842717,3171.6205201708212,3140.1133906172427,3163.94939404948,3441.97506205261,000300.SH
2016-03-31,3218.09,0.046516256866297345,3,0.0005627619485866209,0.02579248009032331,-0.01082742063204123,-0.00878410917437511,1.1389600389710486,3.0052493438320393,6.801520003982553,5.220669496014274,3180.069516503399,3147.5397343679815,3166.0725550671473,3439.7473499923854,000300.SH
2016-04-01,3221.89,-0.1372842176712029,4,0.001180824650646617,0.0005627619485866209,0.02579248009032331,-0.01082742063204123,0.7527002770637337,1.5741056003228282,6.745895013053782,4.137186519236291,3187.673240775508,3154.6207120472213,3168.261474476279,3437.5796151665904,000300.SH
2016-04-05,3264.49,0.2538088517836665,1,0.013222052894419134,0.001180824650646617,0.0005627619485866209,0.02579248009032331,2.989529076609032,0.4631567285439786,6.484673923325568,5.141971889050634,3201.63992427087,3165.08445375701,3172.035142143876,3435.8573304385645,000300.SH
2016-04-06,3257.53,-0.13867388456773777,2,-0.0021320328749665496,0.013222052894419134,0.001180824650646617,0.0005627619485866209,3.894865424298577,0.983945018119603,5.943514657959259,4.822262338021743,3211.801756221621,3173.888791494438,3175.387881667645,3434.0829291406685,000300.SH
2016-04-07,3209.29,-0.06510781176399583,3,-0.014808766151040875,-0.0021320328749665496,0.013222052894419134,0.001180824650646617,-0.2173318243436584,-0.8281599090260161,3.8595094546007624,4.472136227949397,3211.345073272235,3177.2603351616344,3176.7173765042085,3431.84618357708,000300.SH
2016-04-08,3185.73,-0.11188903485353552,4,-0.007341187614706035,-0.014808766151040875,-0.0021320328749665496,0.013222052894419134,-1.0055654130245006,0.12194163772647482,1.9694641828308157,5.7275608582380455,3206.687787222738,3178.0669699081454,3177.07081271973,3429.397266327557,000300.SH
2016-04-11,3230.1,0.2531477153585404,0,0.01392773398875602,-0.007341187614706035,-0.014808766151040875,-0.0021320328749665496,0.25481937620464024,1.0094376794191007,1.8329361025990254,7.017904236850114,3210.9445531822394,3183.02249658356,3179.150388691505,3427.414208951164,000300.SH
2016-04-12,3218.45,-0.3059196274797563,1,-0.003606699482988196,0.01392773398875602,-0.007341187614706035,-0.014808766151040875,-1.4103274937279586,1.5370394323806602,-0.9537027918656849,4.982891290378344,3212.309179876377,3186.3965445279828,3180.691549919289,3425.3349630909534,000300.SH
2016-04-13,3261.38,1.0200479257731825,2,0.013338718948562311,-0.003606699482988196,0.01392773398875602,-0.007341187614706035,0.11818770663662992,4.017656383056778,1.1032956268077099,6.068726868263741,3221.231147171581,3193.5378260015086,3183.8558028636307,3423.7035704233817,000300.SH
2016-04-14,3275.83,-0.4105232024844174,3,0.004430639790518054,0.013338718948562311,-0.003606699482988196,0.01392773398875602,2.0733557889751397,1.8515179026701523,1.228025178533354,6.0128866062789,3231.1582113222025,3201.375175906127,3187.4626341238804,3422.232191613199,000300.SH
2016-04-15,3272.21,-0.08496912944073642,4,-0.0011050634495685108,0.004430639790518054,0.013338718948562311,-0.003606699482988196,2.7146054436502753,1.6817428971843462,2.8398573157125684,4.737532808398948,3238.6221728999835,3208.121349629353,3190.7860602366695,3420.739433487695,000300.SH
2016-04-18,3228.45,-0.03712191788409436,0,-0.013373224823590268,-0.0011050634495685108,0.004430639790518054,0.013338718948562311,-0.05108200984489386,0.20360719950092143,0.9578400285194189,1.7809177921537467,3236.7726869181683,3210.057411569415,3192.26307748229,3418.8261057913,000300.SH
2016-04-19,3238.3,-0.12485947199853009,1,0.0030509997057412974,-0.013373224823590268,-0.0011050634495685108,0.004430639790518054,0.6167565132284336,-0.8022692671749487,2.16327573641919,-0.34282830272293063,3237.050380205774,3212.747181896137,3194.0684469927887,3417.0298261316852,000300.SH
2016-04-20,3181.03,0.8941724784405245,2,-0.017685205200259402,0.0030509997057412974,-0.013373224823590268,-0.0011050634495685108,-2.4636810184645697,-2.348405079922522,1.4549931268956984,-1.3875670765920778,3226.864856531997,3209.726497906029,3193.5571353460127,3414.681569155251,000300.SH
2016-04-21,3160.6,-0.35978773558217336,3,-0.006422448074994702,-0.017685205200259402,0.0030509997057412974,-0.013373224823590268,-3.5175818036955575,-1.517158000679275,-1.7311925578618825,-2.33275341538709,3214.816700798906,3205.0477838197407,3192.264698665777,3412.1533943377863,000300.SH
2016-04-22,3174.9,-0.252722562320314,4,0.004524457381509972,-0.006422448074994702,-0.017685205200259402,0.0030509997057412974,-2.973831141644334,-0.3399534800500925,-1.3421004384588375,-0.2184263871646941,3207.5591188354683,3202.1765663130986,3191.5837300906483,3409.792664045868,000300.SH
2016-04-25,3162.03,-0.09349583930312022,0,-0.0040536709817631245,0.004524457381509972,-0.006422448074994702,-0.017685205200259402,-2.057334014774881,-2.1073650970558133,-1.8579156954458331,-1.1191999549693188,3199.2810972290195,3198.353083807089,3190.424760283172,3407.3273639061085,000300.SH
2016-04-26,3179.16,-0.07845469683822215,1,0.005417405906964712,-0.0040536709817631245,0.004524457381509972,-0.006422448074994702,-1.8262668684186245,-1.2207739750501045,-2.6138845577716507,0.2975016799538155,3195.622715914652,3196.5251710635566,3189.9830049779493,3405.057041877192,000300.SH
2016-04-27,3165.92,0.025393068690918064,2,-0.004164622101435533,0.005417405906964712,-0.0040536709817631245,0.004524457381509972,-0.4750033794085562,-2.926981829777575,-2.812253455839242,0.9730784809642179,3190.222222111988,3193.6103928670273,3189.039357723912,3402.677568823688,000300.SH
2016-04-28,3160.58,0.11691181062245315,3,-0.001686713498761816,-0.004164622101435533,0.005417405906964712,-0.0040536709817631245,-0.0006327912421721926,-3.518192335988135,-1.5177811914784956,-1.73181439426916,3184.832727182535,3190.4646411654053,3187.923304479837,3400.2686377906166,000300.SH
2016-04-29,3156.75,-0.10229970116676945,4,-0.0012118028969365646,-0.001686713498761816,-0.004164622101435533,0.005417405906964712,-0.5716715487101953,-3.528502143811063,-0.9096816114359974,-1.9060995808072523,3179.72677678571,3187.2537229591762,3186.7008219512163,3397.8455667678245,000300.SH
2016-05-03,3213.54,0.6344814193936534,1,0.017990021382751298,-0.0012118028969365646,-0.001686713498761816,-0.004164622101435533,1.6290168024971186,-0.46183152906192904,-0.5126776260796828,-0.25916465180375603,3185.8746355519443,3189.757177915445,3187.7533387374433,3396.011680531329,000300.SH
2016-05-04,3209.46,-0.15498254745996132,2,-0.001269627887003133,0.017990021382751298,-0.0012118028969365646,-0.001686713498761816,0.9530819461744722,-0.8905907420560188,-0.2793270052354302,-1.6857150734111537,3190.162883633409,3191.6336371615935,3188.604580355583,3394.155444904152,000300.SH
2016-05-05,3213.92,-0.14162622751544673,3,0.0013896418712182612,-0.001269627887003133,0.017990021382751298,-0.0012118028969365646,1.516146965179166,1.0339418364492037,-1.455212210781942,-1.3387443860839343,3194.4823593364254,3193.7561479081087,3189.597341910266,3392.362057392668,000300.SH
2016-05-06,3130.35,0.4207289166314261,4,-0.02600251406382237,0.0013896418712182612,-0.001269627887003133,0.017990021382751298,-0.956470014997246,-0.9570967537809283,-4.441011896221725,-2.459734084485976,3182.821930366166,3187.7174671549556,3187.2739167373147,3389.7549722444824,000300.SH
2016-05-09,3065.62,-0.15810149849218402,0,-0.020678198923443025,-0.02600251406382237,0.0013896418712182612,-0.001269627887003133,-2.8868298091391464,-3.4419981731708127,-6.3134701012465655,-3.7702504606479614,3161.512488481408,3176.0891369497217,3182.503174904479,3386.52974864006,000300.SH
2016-05-10,3069.11,-0.2963717172956546,1,0.001138432030062475,-0.020678198923443025,-0.02600251406382237,0.0013896418712182612,-4.494420483329908,-2.9386185456811043,-4.935495361551201,-4.984056221169619,3144.712036030243,3165.900647716415,3178.0563837317545,3383.371343180955,000300.SH
2016-05-11,3082.81,0.23598684571829098,2,0.00446383479249679,0.001138432030062475,-0.020678198923443025,-0.02600251406382237,-3.9461467038068743,-3.030674769435948,-4.8015934286508415,-4.214451055632362,3133.45712038838,3157.9872526958043,3174.321231428549,3380.3806830498015,000300.SH
2016-05-12,3090.14,-0.06761783581287095,3,0.002377700863822163,0.00446383479249679,0.001138432030062475,-0.020678198923443025,-3.851371533827852,-2.393617021276606,-2.857250638943998,-5.250538115766956,3125.5812803177655,3151.525609581918,3171.020006666645,3377.492716054281,000300.SH
2016-05-13,3074.94,-0.19120635420889942,4,-0.004918870989663815,0.002377700863822163,0.00446383479249679,0.001138432030062475,-1.7700896065935057,-2.7096292452651105,-2.7102448902107112,-6.132491612812629,3116.373774805444,3144.231742002688,3167.2521632679527,3374.4822412676713,000300.SH
2016-05-16,3095.31,-0.0219556270975384,0,0.006624519502819615,-0.004918870989663815,0.002377700863822163,0.00446383479249679,0.968482721276609,-1.9463055357567094,-2.5068506094680143,-5.406132247013485,3112.54399756809,3139.5725284786226,3164.4309019633274,3371.7044080212268,000300.SH
2016-05-17,3086.02,0.1705481855502351,1,-0.0030013148925309707,0.006624519502819615,-0.004918870989663815,0.002377700863822163,0.5509740608840907,-3.968209513496024,-2.403835510732033,-4.411714599885386,3107.7214525557097,3134.472287671135,3161.3559646314325,3368.8617770956425,000300.SH
2016-05-18,3068.04,0.17335940773628766,2,-0.005826274619088689,-0.0030013148925309707,0.006624519502819615,-0.004918870989663815,-0.47910834595710217,-4.406348731562327,-3.4952628996338664,-5.257696939752343,3100.506643000126,3128.145403131027,3157.6965150380433,3365.8685255822534,000300.SH
2016-05-19,3062.5,-0.22360442171699046,3,-0.0018057130937014776,-0.005826274619088689,-0.0030013148925309707,0.006624519502819615,-0.8944578562783523,-4.7113804948474165,-3.266664982058931,-3.726151592408755,3093.5963442728303,3121.893459975691,3153.9633183698847,3362.849933287903,000300.SH
2016-05-20,3078.22,-0.05175973579137505,4,0.0051330612244897544,-0.0018057130937014776,-0.005826274619088689,-0.0030013148925309707,0.10666874800808746,-1.665308991007397,-2.60585082484861,-2.6064671264949713,3090.8006453141334,3117.734082835149,3150.992992159301,3360.017794648222,000300.SH
2016-05-23,3087.22,0.08005097947385176,0,0.0029237676319431305,0.0051330612244897544,-0.0018057130937014776,-0.005826274619088689,-0.2613631591020016,0.7045883051389312,-2.2025817692246874,-2.7616617846231484,3090.1496188933816,3114.8279797079917,3148.4920905059953,3357.303388731325,000300.SH
2016-05-24,3063.56,-0.13124561844739735,1,-0.007663852916215852,0.0029237676319431305,0.0051330612244897544,-0.0018057130937014776,-0.727798264431212,-0.18083418319969624,-4.667127217959011,-3.114138702036362,3085.3151427309485,3109.9453149738974,3145.1614202900737,3354.3805689429537,000300.SH
2016-05-25,3059.23,0.03617548647416413,2,-0.0014133883455847984,-0.007663852916215852,0.0029237676319431305,0.0051330612244897544,-0.2871540136373696,-0.7648865807493799,-4.680849737962145,-3.7723801255677536,3080.5723895071396,3105.115284976383,3141.7915606708552,3351.443747361432,000300.SH
2016-05-26,3064.21,0.04214726763424914,3,0.0016278606054465072,-0.0014133883455847984,-0.007663852916215852,0.0029237676319431305,0.055836734693870405,-0.8391205576446348,-4.658174441180862,-3.212652246424419,3077.5974095967504,3101.2195435500607,3138.7491465269,3348.585700124005,000300.SH
2016-05-27,3062.5,-0.10022553549145419,4,-0.0005580557468319869,0.0016278606054465072,-0.0014133883455847984,-0.007663852916215852,-0.5106847463793973,-0.40456073939654225,-2.167489258389632,-3.103227888552096,3074.852426033705,3097.5319679738645,3135.758983918002,3345.739076242174,000300.SH
2016-05-30,3066.71,0.06947391504852973,0,0.0013746938775509587,-0.0005580557468319869,0.0016278606054465072,-0.0014133883455847984,-0.6643517468790661,-0.9239785352678664,0.03555561354635639,-2.8523006256434558,3073.3719849366676,3094.596542452544,3133.0511806271,3342.9626675233467,000300.SH
2016-05-31,3169.56,1.3843520996488472,1,0.03353756957782106,0.0013746938775509587,-0.0005580557468319869,0.0016278606054465072,3.4600268968128622,2.7070466166777996,3.2729358022358213,-1.3685841781960084,3090.8607149481822,3101.7359193618254,3134.482899033881,3341.2372678464976,000300.SH
2016-06-01,3160.55,-0.13010301709042993,2,-0.0028426658589835174,0.03353756957782106,0.0013746938775509587,-0.0005580557468319869,3.311944508912368,3.0152801136882346,2.5217253090524583,-1.5239323749166478,3103.5314940485123,3107.337260374985,3135.5051382874544,3339.4393845843433,000300.SH
2016-06-02,3167.1,-0.26277125685322233,3,0.002072424103399584,-0.0028426658589835174,0.03353756957782106,0.0013746938775509587,3.3577985843006752,3.41551020408164,2.490502048450871,-1.4567879723204058,3115.08940422151,3113.0289498630814,3136.74415247226,3337.7245648372354,000300.SH
2016-06-03,3189.33,0.40412949850572066,4,0.0070190394998579375,0.002072424103399584,-0.0028426658589835174,0.03353756957782106,4.141387755102044,3.609553573168922,3.720072586782175,1.8841343619723006,3128.5876943630537,3120.295716542788,3138.806342571387,3336.2480020030343,000300.SH
2016-06-06,3178.79,-0.25786896886960464,0,-0.0033047693402689093,0.0070190394998579375,0.002072424103399584,-0.0028426658589835174,3.6547309657580795,2.966098949864282,2.6969835008448184,3.691586041322803,3137.715386297044,3125.8666006815697,3140.374329137215,3334.6812557144467,000300.SH
2016-06-07,3177.05,-0.12319701969523866,1,-0.0005473780904053926,-0.0033047693402689093,0.0070190394998579375,0.002072424103399584,0.23631040270575276,3.704513703012191,2.9497540521448373,3.5169804927161374,3144.867134243036,3130.741210140468,3141.8125907396775,3333.1127855083328,000300.SH
2016-06-08,3163.99,0.10112733822243358,2,-0.004110731653578115,-0.0005473780904053926,-0.0033047693402689093,0.0070190394998579375,0.10884181550678829,3.42439110495123,3.1274038148133565,2.633311816167705,3148.34401892612,3133.907761555661,3142.6822930636117,3331.42997172218,000300.SH
2016-06-13,3066.34,0.16797769596875778,0,-0.030862929402431627,-0.004110731653578115,-0.0005473780904053926,-0.0033047693402689093,-3.1814593792428347,0.06951220706152839,0.12538775510204658,-0.7701916418026311,3133.4341973031887,3127.4727366455986,3139.6884776493525,3328.792260560766,000300.SH
2016-06-14,3075.98,-0.31088263331513744,1,0.0031438131453132012,-0.030862929402431627,-0.004110731653578115,-0.0005473780904053926,-3.5540379954410506,0.44016326530611494,-0.07276932772835032,0.03382179814890307,3122.9879796116993,3122.5686664888754,3137.190105976829,3326.2767156795644,000300.SH
2016-06-15,3116.37,0.3503823533040431,2,0.01313077458240941,0.0031438131453132012,-0.030862929402431627,-0.004110731653578115,-1.9636402530522679,1.619324944321443,0.9442151838871204,0.6803841941517952,3121.78471059139,3121.9783172994585,3136.373631232639,3324.1880916429523,000300.SH
2016-06-16,3094.67,-0.11937382040795252,3,-0.0069632296550152795,0.01313077458240941,0.0031438131453132012,-0.030862929402431627,-2.5929714672416226,-2.3627885258521664,1.015485252451409,0.280296303977301,3116.8547632111377,3119.3775251757006,3134.7381947137123,3321.9043295370525,000300.SH
2016-06-17,3110.36,0.04767197055197081,4,0.005070007464446968,-0.0069632296550152795,0.01313077458240941,0.0031438131453132012,-1.6950116782922686,-1.588014744269195,1.671335597519641,1.3793822766326347,3115.6738971727486,3118.5187132542055,3133.7821870778807,3319.7994108351913,000300.SH
2016-06-20,3112.67,-0.23792530304464188,0,0.0007426793040032909,0.005070007464446968,-0.0069632296550152795,0.01313077458240941,1.5109218155846982,-1.7186069274730764,1.5814842977472265,1.638204081632666,3115.1277340504307,3117.9616929442814,3132.954258172866,3317.7384216726523,000300.SH
2016-06-21,3106.32,0.4365278012212013,1,-0.002040049218195228,0.0007426793040032909,0.005070007464446968,-0.0069632296550152795,0.9863523169851618,-2.6027410145704533,1.430857142857156,0.9128652273066917,3113.5263278594434,3116.8529602829212,3131.909777460205,3315.634755785363,000300.SH
2016-06-22,3133.96,-0.24138805695675347,2,0.008897988616755503,-0.002040049218195228,0.0007426793040032909,0.005070007464446968,0.5644387540632234,-1.4102850455676497,2.192903795924628,1.5139834543699493,3117.2415409759083,3118.482202160738,3131.9901783441187,3313.8270467725733,000300.SH
2016-06-23,3117.32,0.004718328696505569,3,-0.005309576382595771,0.008897988616755503,-0.002040049218195228,0.0007426793040032909,0.7319035632232129,-1.8800459545805115,-1.6481782960410807,1.7548211884213183,3117.2558062530156,3118.3715162406675,3131.4148772325843,3311.8717527748363,000300.SH
2016-06-24,3077.16,0.4555699045239625,4,-0.012882860918994599,-0.005309576382595771,0.008897988616755503,-0.002040049218195228,-1.0674005581347568,-2.7443196723124896,-2.638464824160358,0.5860951938886583,3109.965659661558,3114.4466099320325,3129.287234988169,3309.5363124487185,000300.SH
2016-06-27,3120.54,-0.12525578427173012,0,0.014097414499083527,-0.012882860918994599,-0.005309576382595771,0.008897988616755503,0.25283759601884004,1.7675795899998015,-1.4701146158946687,1.8383204806459164,3111.8882669958202,3115.0269327956485,3128.944206165104,3307.655752125846,000300.SH
2016-06-28,3136.4,0.12618626549592338,1,0.005082453677889065,0.014097414499083527,-0.012882860918994599,-0.005309576382595771,0.9683483993921937,1.9642520432512578,-1.6595962161331634,2.4130612244898098,3116.344945723853,3117.0624630055863,3129.2365902370607,3305.9517147912607,000300.SH
2016-06-29,3151.39,0.0064938937841747535,2,0.004779364876928982,0.005082453677889065,0.014097414499083527,-0.012882860918994599,0.5561653626721341,1.1237433295789634,-0.8619631998339039,2.7612653299464274,3122.7167737740615,3120.33175224315,3130.1053514042346,3304.4137872809,000300.SH
2016-06-30,3153.92,-0.1469236816971612,3,0.0008028203427694613,0.004779364876928982,0.005082453677889065,0.014097414499083527,1.1740854323585515,1.9145821686965103,-0.7280338678963272,-0.4934438849556355,3128.3900876333228,3123.5306329818977,3131.0392591923037,3302.9163366611897,000300.SH
2016-07-01,3154.2,-0.09354144391948516,4,8.877840909082835e-05,0.0008028203427694613,0.004779364876928982,0.005082453677889065,2.5036072222438754,1.409483146645396,-0.309419435586078,-0.20091439781051434,3133.0827989727186,3126.45152507886,3131.9475235377035,3301.4365721172976,000300.SH
2016-07-04,3204.7,0.6433122918448857,0,0.016010398833301576,8.877840909082835e-05,0.0008028203427694613,0.004779364876928982,2.696969114319958,2.9566256622128195,4.51221977993308,1.1872059612894947,3146.1041082504057,3133.9037607856353,3134.8005618303428,3300.4740191609067,000300.SH
2016-07-05,3207.38,-0.039999258146280914,1,0.0008362717259027264,0.016010398833301576,8.877840909082835e-05,0.0008028203427694613,2.263104195893373,3.2533673285430886,4.271809309553376,0.5659495881580101,3157.2451794776043,3140.90149785367,3137.6468143075845,3299.5477105125397,000300.SH
2016-07-06,3216.8,0.023164634108205018,2,0.00293697659772163,0.0008362717259027264,0.016010398833301576,8.877840909082835e-05,2.0755920403377592,2.643301127008635,3.2226596970192922,1.195738000937463,3168.0733286634945,3148.1299266295114,3140.7508608053263,3298.7243502089327,000300.SH
2016-07-07,3209.95,-0.045802668392373014,3,-0.0021294454115892147,0.00293697659772163,0.0008362717259027264,0.016010398833301576,1.7765193790584277,2.971462666649538,3.725114471009827,1.035551848412819,3175.6872689064953,3154.0175526647963,3143.464552538451,3297.8410233411823,000300.SH
2016-07-08,3192.28,-0.2094498188930749,4,-0.005504758641100227,-0.0021294454115892147,0.00293697659772163,0.0008362717259027264,1.2072791833111607,3.7411119343810695,2.633778726578284,0.8941241912901354,3178.704129105314,3157.661595268149,3145.378883811453,3296.790664899977,000300.SH
2016-07-11,3203.33,0.3981928531496448,0,0.003461475810392578,-0.005504758641100227,-0.0021294454115892147,0.00293697659772163,-0.042749711361433906,2.653066456446629,2.9126120019147494,4.4675411076397165,3183.181560177075,3162.0109671473733,3147.6514766031605,3295.860708035301,000300.SH
2016-07-12,3273.18,0.22902964585514085,1,0.02180543372053445,0.003461475810392578,-0.005504758641100227,-0.0021294454115892147,2.0515186850326383,4.361050886366535,5.371629452213544,6.410964960760457,3199.544912872152,3172.598494085719,3152.5741637951937,3295.6350293483824,000300.SH
2016-07-13,3282.87,0.030067841479029855,2,0.002960423808039847,0.02180543372053445,0.003461475810392578,-0.005504758641100227,2.0539045013678203,4.172127220052113,4.751496509208786,5.342754550967954,3214.694928713579,3183.1005422680314,3157.683804430676,3295.508014130986,000300.SH
2016-07-14,3276.76,-0.34844640405549965,3,-0.0018611763487434985,0.002960423808039847,0.02180543372053445,0.003461475810392578,2.0813408308540726,3.8948356331168776,5.114649763258194,5.883987630345078,3225.979487129292,3192.020490623457,3162.353459158885,3295.3214667266975,000300.SH
2016-07-15,3276.28,-0.022723088892986687,4,-0.00014648616316115248,-0.0018611763487434985,0.002960423808039847,0.02180543372053445,2.631348127357258,3.8703950288504263,6.470901740565993,5.334430741136087,3235.1250349239663,3200.0452058021756,3166.8211666428506,3295.1319993960838,000300.SH
2016-07-18,3262.02,0.03679427217536135,0,-0.004352497344549344,-0.00014648616316115248,-0.0018611763487434985,0.002960423808039847,1.8321559127532971,1.788622960027464,4.533830683150986,4.798131507676695,3240.015028574154,3205.947567154349,3170.5544542254843,3294.802526765277,000300.SH
2016-07-19,3248.23,-0.1747249369749566,1,-0.004227441891833883,-0.004352497344549344,-0.00014648616316115248,-0.0018611763487434985,-0.762255665744016,1.2736252018781702,3.565552863155208,4.568428236627264,3241.5086597424893,3209.9744655206014,3173.6005540597794,3294.3391185387572,000300.SH
2016-07-20,3237.61,-0.14696685831272116,2,-0.003269472912940219,-0.004227441891833883,-0.004352497344549344,-0.00014648616316115248,-1.3786717110333302,0.6469161900024778,2.7359355712875955,3.3073172599522582,3240.7998125165823,3212.606421185306,3176.1107284103764,3293.774649697576,000300.SH
2016-07-21,3252.52,0.1761745566938775,3,0.004605248933627015,-0.003269472912940219,-0.004227441891833883,-0.004352497344549344,-0.7397551239639255,1.3261888814467548,3.1262682629870087,4.337058755597756,3242.9307556953854,3216.407714405753,3179.107170433499,3293.3641556707344,000300.SH
2016-07-22,3225.16,-0.000439030459203793,4,-0.008411939050336437,0.004605248933627015,-0.003269472912940219,-0.004227441891833883,-1.560306200935213,1.0299848384226928,2.249698814279366,4.809629658516301,3239.6997092053152,3217.2412654147283,3180.9131637498326,3292.6855073556026,000300.SH
2016-07-25,3230.89,-0.143376428045906,0,0.0017766560418708277,-0.008411939050336437,0.004605248933627015,-0.003269472912940219,-0.9543166504190737,0.8603546933971806,0.8172371828876424,3.536246931620801,3238.0979438952577,3218.54114489904,3182.8730396812116,3292.0706266853977,000300.SH
2016-07-26,3269.59,0.12747718218950133,1,0.011978123674900809,0.0017766560418708277,-0.008411939050336437,0.004605248933627015,0.657588902263706,-0.10967927214512452,1.9395893221258564,4.246588445351351,3243.823772277938,3223.4029406229406,3186.273704791752,3291.8469388576823,000300.SH
2016-07-27,3218.24,0.8017928636312464,2,-0.015705333084576445,0.011978123674900809,0.0017766560418708277,-0.008411939050336437,-0.5982808306127185,-1.968704213081851,0.044764983834855165,2.1212861626139556,3239.1721773183126,3222.911231992184,3187.527284995997,3291.1145315058648,000300.SH
2016-07-28,3221.14,-0.2655160369718089,3,0.0009011136521825946,-0.015705333084576445,0.011978123674900809,0.0017766560418708277,-0.9647903779223532,-1.6974084156300862,0.34860356080312904,2.1313159496753276,3235.8935996240734,3222.742543231024,3188.8454306824287,3290.418267510782,000300.SH
2016-07-29,3203.93,-0.2440630961349245,4,-0.0053428289363393056,0.0009011136521825946,-0.015705333084576445,0.011978123674900809,-0.6582619156879077,-2.2082972151342473,0.3649429248060887,1.576627988079382,3230.0820360560597,3220.950872447117,3189.4369824203727,3289.557687734555,000300.SH
2016-08-01,3176.81,-0.04787110682327067,0,-0.008464604407711795,-0.0053428289363393056,0.0009011136521825946,-0.015705333084576445,-1.6738421920894808,-2.6121850877677044,-0.827888478552008,-0.8702842699784608,3220.396211318594,3216.746979833106,3188.941806639182,3288.435820194908,000300.SH
2016-08-02,3189.05,-0.28514734519189355,1,0.0038529216415210676,-0.008464604407711795,-0.0053428289363393056,0.0009011136521825946,-2.4633057967512695,-1.8219153200358273,-2.570283333027812,-0.5714944908305153,3214.6969001697585,3214.109172229953,3188.9460495160765,3287.446906561128,000300.SH
2016-08-03,3193.51,0.12901276826580022,2,0.0013985356140544525,0.0038529216415210676,-0.008464604407711795,-0.0053428289363393056,-0.7684324351198035,-1.3621158817769818,-2.722008486476757,-0.7240114399403086,3210.8447365025295,3212.1473463032908,3189.1250279664264,3286.512210973455,000300.SH
2016-08-04,3201.29,0.089841779103627,3,0.0024361908996684,0.0013985356140544525,0.0038529216415210676,-0.008464604407711795,-0.6162414548886441,-1.575086394549463,-2.3031897362028375,-0.2697861337404017,3209.1075116838874,3211.113313322025,3189.602085693233,3285.664228774714,000300.SH
2016-08-05,3205.11,0.08640112085204255,4,0.0011932689634490679,0.0024361908996684,0.0013985356140544525,0.0038529216415210676,0.03682976844063823,-0.62167458358654,-2.1722807574444225,0.4019071008808828,3208.380691377726,3210.541569196118,3190.2102391954595,3284.8626941600405,000300.SH
2016-08-08,3234.18,0.08692809474662266,0,0.009069891516983786,0.0011932689634490679,0.0024361908996684,0.0013985356140544525,1.8058996288729867,0.10182952684862911,-0.853458899700188,0.963060315359332,3213.071474763594,3212.7928483202973,3191.934543540736,3284.358388745513,000300.SH
2016-08-09,3256.98,0.03201471344175055,1,0.007049700387733671,0.009069891516983786,0.0011932689634490679,0.0024361908996684,2.1301014408679597,-0.3856752681528963,0.2693774763486534,-0.49493153447105476,3221.0548429883947,3217.001148480269,3194.4853457548247,3284.0859669669508,000300.SH
2016-08-10,3243.34,0.002203465596339882,2,-0.004187928694680321,0.007049700387733671,0.009069891516983786,0.0011932689634490679,1.5603520890806744,0.7799294024062986,0.17698240368666518,-1.2041293136797915,3225.106689717777,3219.509610529767,3196.401214548753,3283.680534459817,000300.SH
2016-08-11,3233.36,0.10210032362307131,3,-0.003077074867266494,-0.004187928694680321,0.007049700387733671,0.009069891516983786,1.001783655963684,0.37936879489870456,-0.5890816966536705,-1.324479058582262,3226.607291587272,3220.828695241218,3197.8505786840965,3283.179832624396,000300.SH
2016-08-12,3294.23,0.10563192843252289,4,0.018825617933047933,-0.003077074867266494,-0.004187928694680321,0.007049700387733671,2.780559793579629,2.8184136357535916,2.141599176474962,0.5478774707900369,3238.902329480495,3227.819295694436,3201.6301638337395,3283.289784538581,000300.SH
2016-08-15,3393.42,1.0014539867089471,0,0.030110223026321714,0.018825617933047933,-0.003077074867266494,-0.004187928694680321,4.923659165538097,6.818475137008506,5.030502431218653,4.028178858498732,3266.9964513931322,3243.590791342585,3209.1513338794753,3284.385607577998,000300.SH
2016-08-16,3378.25,-0.12403455020377563,1,-0.004470416276205147,0.030110223026321714,0.018825617933047933,-0.003077074867266494,3.723387923782151,5.932801304463697,3.323352469269847,4.002795368554568,3287.2243693216533,3256.4154778813863,3215.782654119496,3285.3195816319485,000300.SH
2016-08-17,3373.05,-0.25957466454054356,2,-0.0015392584918226815,-0.004470416276205147,0.030110223026321714,0.018825617933047933,3.9992723550414055,5.6220271738619765,4.8103932584269815,4.183332767072012,3302.829029444989,3267.523527606969,3221.950001016771,3286.192521118198,000300.SH
2016-08-18,3364.49,0.02584006565603958,3,-0.002537762559108314,-0.0015392584918226815,-0.004470416276205147,0.030110223026321714,4.055533562609792,5.097944890965822,4.4502877863116685,3.4425614600371413,3314.0401150004454,3276.7584297396384,3227.539804898466,3286.9716005100568,000300.SH
2016-08-19,3365.02,-0.21406340880081587,4,0.0001575275896199546,-0.002537762559108314,-0.0015392584918226815,-0.004470416276205147,2.1489088497160136,4.989220338771516,5.027887625509919,4.336529040419701,3323.3091850003643,3285.1642935739583,3232.9311850985264,3287.748201500007,000300.SH
2016-08-22,3336.79,-0.0530417067290202,0,-0.008389251772649153,0.0001575275896199546,-0.002537762559108314,-0.0015392584918226815,-1.668817888737617,3.172674371865525,5.035869315445374,3.277734618015482,3325.760242273025,3290.0810275192957,3237.0040798005452,3288.2361795945344,000300.SH
2016-08-23,3341.83,-0.15364911470027953,1,0.001510433680273593,-0.008389251772649153,0.0001575275896199546,-0.002537762559108314,-1.0780729667727362,2.605174118355036,4.7907684106551995,2.209451337935331,3328.682016405202,3295.0095010888867,3241.114900200524,3288.769451439365,000300.SH
2016-08-24,3329.86,-0.13355177137293672,2,-0.0035818698138444516,0.001510433680273593,-0.008389251772649153,0.0001575275896199546,-1.2804435155126637,2.6676204159909123,4.269596775961237,3.4683553743661166,3328.89619524062,3298.3285962232785,3244.5951001926605,3289.178312619073,000300.SH
2016-08-25,3308.97,0.1974763444521348,3,-0.006273537025580755,-0.0035818698138444516,0.001510433680273593,-0.008389251772649153,-1.6501758067344552,2.338434322191141,3.3636440310000015,2.726674407197449,3325.2732506514158,3299.3420632496327,3247.1196060674583,3289.3752448318187,000300.SH
2016-08-26,3307.09,-0.17201323454091522,4,-0.0005681526275547188,-0.006273537025580755,-0.0035818698138444516,0.001510433680273593,-1.7215350874586144,0.39037954241203376,3.181794072590338,3.2197956884201684,3321.967205078431,3300.079961987763,3249.4713862216754,3289.5515110523975,000300.SH
2016-08-29,3307.78,-0.0558029275035159,0,0.0002086426435325972,-0.0005681526275547188,-0.006273537025580755,-0.0035818698138444516,-0.8693984338241201,-2.523707645973672,2.275692756742065,4.122689112663336,3319.387713245989,3300.8132989413093,3251.7579985267075,3289.7328890518766,000300.SH
2016-08-30,3311.99,0.017058879939062743,1,0.001272756954815435,0.0002086426435325972,-0.0005681526275547188,-0.006273537025580755,-0.8929239368848818,-1.961370532080231,1.6889879581698297,3.8550665558708674,3318.0426744739907,3301.8777466611846,3254.1200378001704,3289.954352842405,000300.SH
2016-08-31,3327.79,0.10838669056188688,2,0.0047705458047881955,0.001272756954815435,0.0002086426435325972,-0.0005681526275547188,-0.06216477569628287,-1.3418123063696163,2.603797320046608,4.2047778150060555,3319.8149154787193,3304.3455803125003,3257.009055925654,3290.330826943476,000300.SH
2016-09-01,3301.58,0.017098415724067673,3,-0.007876097950892391,0.0047705458047881955,0.001272756954815435,0.0002086426435325972,-0.22333233604414637,-1.8698227666005818,2.1098795061484044,3.132799590165214,3316.49947630077,3304.08219171131,3258.7569360854327,3290.44275901369,000300.SH
2016-09-02,3314.11,-0.015013953816543801,4,0.0037951526238952926,-0.007876097950892391,0.0047705458047881955,0.001272756954815435,0.21227121124614,-1.5129181995946483,0.6034794170413083,3.400819316653725,3316.065026064266,3305.037221072137,3260.9276444742395,3290.6782539488777,000300.SH
2016-09-05,3319.68,-0.11937346209187905,0,0.0016806925539585293,0.0037951526238952926,-0.007876097950892391,0.0047705458047881955,0.3597579040927723,-0.5127682593150995,-2.1730289796134894,2.6436376454000765,3316.722294052581,3306.431771446219,3263.231658416426,3290.9668285364514,000300.SH
2016-09-06,3342.63,0.3522798585051323,1,0.006913316946211667,0.0016806925539585293,0.0037951526238952926,-0.007876097950892391,0.9251235661943413,0.02393897954116042,-1.0543920668985352,2.629736749995404,3321.432786043021,3309.8792217846744,3266.345318870684,3291.4808899440495,000300.SH
2016-09-07,3340.82,-0.027428530683462626,2,-0.0005414897849896905,0.006913316946211667,0.0016806925539585293,0.0037951526238952926,0.39155114956173076,0.3291429669715962,-0.955515038318433,3.0055436679472303,3324.957734035199,3312.825962567086,3269.2658946012452,3291.971826362517,000300.SH
2016-09-08,3339.56,-0.27256414637572246,3,-0.0003771529145539798,-0.0005414897849896905,0.006913316946211667,0.0016806925539585293,1.150358313292421,0.9244568551543209,-0.740974114947579,3.2845089937402427,3327.612691483344,3315.3720613702208,3272.0225261855103,3292.4453405280638,000300.SH
2016-09-09,3318.04,0.1400586441627205,4,-0.006443962677717963,-0.0003771529145539798,-0.0005414897849896905,0.006913316946211667,0.11858387319672037,0.3311068038668319,-1.396128403397301,0.7227789195047185,3325.872202122736,3315.626150763533,3273.8271330017647,3292.7000137566406,000300.SH
2016-09-12,3262.6,0.40834769106784985,0,-0.016708659329001452,-0.006443962677717963,-0.0003771529145539798,-0.0005414897849896905,-1.7194428378638937,-1.365870765286692,-2.223394340069351,-3.8551078263227123,3314.3681653731473,3310.576041167006,3273.3868532762053,3292.4005111321967,000300.SH
2016-09-13,3260.33,-0.42834622584248916,1,-0.0006957641145098892,-0.016708659329001452,-0.006443962677717963,-0.0003771529145539798,-2.4621331107541167,-1.5597873181984245,-2.438783540754619,-3.490564641456373,3304.5430443962114,3305.7907039130055,3272.8748198143935,3292.0814015686924,000300.SH
2016-09-14,3238.73,0.03796525854433308,2,-0.006625096232589889,-0.0006957641145098892,-0.016708659329001452,-0.006443962677717963,-3.055836591016581,-2.6762506047557033,-2.7367516952664706,-3.982152651161419,3292.5770363241727,3299.403970207005,3271.5358072726526,3291.5505418515913,000300.SH
2016-09-19,3263.12,-0.1516997521331901,0,0.00753072963785173,-0.006625096232589889,-0.0006957641145098892,-0.016708659329001452,-2.288924289427352,-1.1648968069833288,-1.3856275517759253,-3.0129380678795226,3287.221211537959,3295.948353996814,3271.2057756149015,3291.267650887894,000300.SH
2016-09-20,3257.4,-0.08942163357887334,1,-0.0017529235823383615,0.00753072963785173,-0.006625096232589889,-0.0006957641145098892,-1.8275849597955363,-1.7111683076301065,-1.5025294140770251,-3.1981979304729236,3281.7991730765116,3292.277082187594,3270.6643726496113,3290.930659336771,000300.SH
2016-09-21,3266.64,0.11896881437506646,2,0.0028366181617240915,-0.0017529235823383615,0.00753072963785173,-0.006625096232589889,0.12382762214184773,-1.5977443609022535,-1.2437344684350315,-2.102319894269644,3279.042959789873,3289.835455312585,3270.5065541143326,3290.688961233918,000300.SH
2016-09-22,3291.12,0.30502768797237256,3,0.007493938726030436,0.0028366181617240915,-0.0017529235823383615,0.00753072963785173,0.9443829305622486,-1.541002145017556,-0.63013475282232,-1.5174320656646256,3281.238785282623,3289.957792901863,3271.3149245412214,3290.6932501768642,000300.SH
2016-09-23,3275.67,-0.24386121573797426,4,-0.0046944505214030485,0.007493938726030436,0.0028366181617240915,-0.0017529235823383615,1.1405705322765414,-1.950120030411695,-1.5662045982468786,-1.6273957463677213,3280.2262788676007,3288.597050720733,3271.485711814115,3290.5437651004777,000300.SH
2016-09-26,3220.28,0.1565784805807109,0,-0.016909517747514258,-0.0046944505214030485,0.007493938726030436,0.0028366181617240915,-1.3128539557233476,-3.5717280120734385,-2.4624573688960982,-2.6802902413741947,3269.3269554371277,3282.0906649378057,3269.4776446841497,3289.8446231591797,000300.SH
2016-09-27,3240.75,-0.15310776860831465,1,0.006356590110176752,-0.016909517747514258,-0.0046944505214030485,0.007493938726030436,-0.5111438570639226,-2.32938722860484,-2.213565633005543,-2.0059931843403156,3264.13114535765,3278.1534587532524,3268.3510703828106,3289.356119446153,000300.SH
2016-09-28,3230.89,-0.2198720411791968,2,-0.0030425055928412492,0.006356590110176752,-0.016909517747514258,-0.0046944505214030485,-1.0943966889525591,-0.971924232207444,-2.674655388471181,-2.3245197685456853,3258.0873007471682,3273.652176967228,3266.8820087991708,3288.774367013853,000300.SH
2016-09-29,3244.39,0.19662684404557917,3,0.004178415235430499,-0.0030425055928412492,0.006356590110176752,-0.016909517747514258,-1.4198813777680508,-0.4889075645716834,-2.939003120297501,-2.041068964580206,3255.596882429501,3270.865302970349,3265.999969238419,3288.332731521178,000300.SH
2016-09-30,3253.28,-0.15372089173469117,4,0.002740114474523825,0.004178415235430499,-0.0030425055928412492,0.006356590110176752,-0.6835242866344848,0.4492501690477546,-2.620314773019794,-2.2390234960739663,3255.1756310786823,3269.1905122112685,3265.5011469153437,3287.983948122958,000300.SH
2016-10-10,3293.87,0.7017705951905719,0,0.01247663896129425,0.002740114474523825,0.004178415235430499,-0.0030425055928412492,2.285205013228664,0.9423496530927444,-1.3681443064355814,-0.23352455491006952,3262.2109708825583,3271.540939619719,3266.613650957879,3288.0425158033268,000300.SH
2016-10-11,3306.56,-0.01556300950395173,1,0.0038526110623673393,0.01247663896129425,0.002740114474523825,0.004178415235430499,2.030702769420656,1.5091790998956078,-0.34598739014598534,-0.2278138021972742,3270.274430722093,3274.8760882273646,3268.180174449727,3288.226769377423,000300.SH
2016-10-12,3300.01,-0.17941159066273582,2,-0.0019809106745377614,0.0038526110623673393,0.01247663896129425,0.002740114474523825,2.139348600540414,1.0215389513383855,1.1466315208729316,-0.5925269905532993,3275.6808978635304,3277.269794110473,3269.428402902679,3288.3440154532695,000300.SH
2016-10-13,3302.65,0.10411882479857204,3,0.000799997575764877,-0.0019809106745377614,0.0038526110623673393,0.01247663896129425,1.7957150650815823,0.35033666350665627,1.2980281137185523,-1.1960641770103142,3280.584370979252,3279.686956576142,3270.731210631986,3288.4863635582124,000300.SH
2016-10-14,3305.85,0.019541750731165708,4,0.0009689188984602914,0.000799997575764877,-0.0019809106745377614,0.0038526110623673393,1.6159076378301274,0.9213382300414796,2.0724172746724667,-1.0467490017420977,3285.178121710297,3282.178674997462,3272.1084180581825,3288.659136060121,000300.SH
2016-10-17,3277.88,0.08239271724083763,0,-0.008460758957605452,0.0009689188984602914,0.000799997575764877,-0.0019809106745377614,-0.48544720951342324,1.7886643397468482,0.45232783348452266,-1.846949897591299,3283.851190490243,3281.769277378656,3272.3347546049204,3288.5518809749456,000300.SH
2016-10-18,3321.33,0.1862327439341438,1,0.013255518810938671,-0.008460758957605452,0.0009689188984602914,0.000799997575764877,0.44668779638052936,2.486461467252954,1.9626082151409152,0.09915492278573801,3290.6655194920168,3285.5369652473555,3274.256136777277,3288.878031413006,000300.SH
2016-10-19,3316.24,-0.07904991004065554,2,-0.0015325185994767843,0.013255518810938671,-0.008460758957605452,0.0009689188984602914,0.49181669146456386,2.6416869655110586,1.5183797418754308,1.6440875375467456,3295.3154250389225,3288.4610637952264,3275.902562786011,3289.1502898069066,000300.SH
2016-10-20,3318.6,-0.14398236344894944,3,0.0007116493378043209,-0.0015325185994767843,0.013255518810938671,-0.008460758957605452,0.4829455134513161,2.287332903874084,0.8349741121563392,1.7872423957083994,3299.5489841227545,3291.3314386718716,3277.5769720885205,3289.4433217491264,000300.SH
2016-10-21,3327.74,0.29866029914731973,4,0.0027541734466340895,0.0007116493378043209,-0.0015325185994767843,0.013255518810938671,0.6621595051196971,2.2887670289676754,1.5895984638257143,2.7482994877621625,3304.6746233731624,3294.798920703122,3279.544149653677,3289.8243832242597,000300.SH
2016-10-24,3367.58,0.40095325646947644,0,0.01197208916561987,0.0027541734466340895,0.0007116493378043209,-0.0015325185994767843,2.7365248270223352,2.237793234098495,4.574136410498464,3.2012307239696947,3316.111964578042,3301.7304520647294,3282.996535941768,3290.5980709533715,000300.SH
2016-10-25,3367.45,-0.2631328000151404,1,-3.8603388783697845e-05,0.01197208916561987,0.0027541734466340895,0.0007116493378043209,1.3886003498598365,1.8414908545436814,3.909588829746191,3.378461349542561,3325.446152836579,3307.9894566299936,3286.308436493071,3291.3627667647806,000300.SH
2016-10-26,3354.8,-0.05296956831066546,2,-0.003756551693417709,-3.8603388783697845e-05,0.01197208916561987,0.0027541734466340895,1.162762646853066,1.6602979990969713,3.8351661616458754,2.698797541204434,3330.783215957201,3312.4476036176134,3288.9943801600093,3291.9939830158773,000300.SH
2016-10-27,3345.7,-0.18600493204119362,3,-0.002712531298438181,-0.003756551693417709,-3.8603388783697845e-05,0.01197208916561987,0.8166094136081492,1.3034987055849045,3.122620893295802,1.6584020029655644,3333.4953585104367,3315.6144985111737,3291.218129957656,3292.5283712445753,000300.SH
2016-10-28,3340.13,0.22943135000394776,4,-0.0016648235047971305,-0.002712531298438181,-0.003756551693417709,-3.8603388783697845e-05,0.37232476094888334,1.036949649863117,2.669613436285845,1.9678416934550746,3334.7016569630846,3317.9493081767764,3293.136242508336,3293.0020192918932,000300.SH
2016-10-31,3336.28,-0.229929549207871,0,-0.0011526497471655572,-0.0016648235047971305,-0.002712531298438181,-0.003756551693417709,-0.9294508222521758,1.7816393522642748,1.2875432242316798,3.6021712397679595,3334.9886284243416,3319.695088350417,3294.828154566833,3293.432645965606,000300.SH
2016-11-01,3359.05,0.049761703019832515,1,0.0068249667294111305,-0.0011526497471655572,-0.0016648235047971305,-0.002712531298438181,-0.2494469108672681,1.1356896183155607,1.5874504016258673,3.6503895703155154,3339.363423256279,3323.4431751741868,3297.34665830931,3294.085554960973,000300.SH
2016-11-02,3333.35,0.1845107184238286,2,-0.007650972745270268,0.0068249667294111305,-0.0011526497471655572,-0.0016648235047971305,-0.639382377488984,0.5159457699080994,1.0102999687879644,3.1712624075719065,3338.2700735733188,3324.3866823004546,3298.758554061886,3294.4762459563863,000300.SH
2016-11-03,3365.09,0.3690865878085481,3,0.00952195239023812,-0.007650972745270268,0.0068249667294111305,-0.0011526497471655572,0.5795498699823654,1.4008919423853516,1.8906030006207164,3.7202679086053347,3343.1464238327153,3328.26318874803,3301.35978723593,3295.178870374731,000300.SH
2016-11-04,3354.17,-0.19341569806692027,4,-0.0032450840839324258,0.00952195239023812,-0.007650972745270268,0.0068249667294111305,0.4203429207845222,0.7942327225083812,1.4616513150929489,3.1011778881620877,3345.1507104085854,3330.7305041053605,3303.430775971776,3295.765846788913,000300.SH
2016-11-07,3356.59,-0.14838309354514334,0,0.0007214899662211227,-0.0032450840839324258,0.00952195239023812,-0.007650972745270268,0.6087618545206119,-0.3263471097939674,2.4012471475465924,1.9041431507618833,3347.230581243388,3333.1933132381832,3305.515451423863,3296.3710622437497,000300.SH
2016-11-08,3371.12,0.11409642465981018,1,0.004328797976517862,0.0007214899662211227,-0.0032450840839324258,0.00952195239023812,0.3593277861299926,0.10898454320034112,1.4990982528083618,1.952482338139938,3351.574111926408,3336.8053786440705,3308.0881788190054,3297.114832768688,000300.SH
2016-11-09,3353.05,0.3809142361686413,2,-0.005360236360616,0.004328797976517862,0.0007214899662211227,-0.0032450840839324258,0.5909970450147739,-0.05216406343150348,1.1099920391769214,1.6072678567640608,3351.8424552125152,3338.3524854398734,3309.85138749277,3297.6714015968605,000300.SH
2016-11-10,3390.61,-0.08202887698148031,3,0.011201741697857148,-0.005360236360616,0.004328797976517862,0.0007214899662211227,0.7583749617395164,1.3423199928266127,2.1698909178569314,2.663315822142831,3358.8910997193307,3343.329391588457,3313.018391904818,3298.596163770026,000300.SH
2016-11-11,3417.22,0.43045460070499564,4,0.007848145318983812,0.011201741697857148,-0.005360236360616,0.004328797976517862,1.8797496847207995,2.3079940002335153,2.6889119943264816,3.368876385800923,3369.4963543158156,3350.366592389556,3317.1047294771784,3299.7765004489315,000300.SH
2016-11-14,3430.25,0.09287329422550883,0,0.0038130410099437295,0.007848145318983812,0.011201741697857148,-0.005360236360616,2.194489049898851,2.816610116656859,1.860980288515801,4.6484313031593505,3380.54247171294,3357.974535971503,3321.541798909446,3301.0747442255592,000300.SH
2016-11-15,3429.87,-0.3510697286258616,1,-0.00011077909773338224,0.0038130410099437295,0.007848145318983812,0.011201741697857148,1.7427442511687596,2.1083342016343876,1.853628116230377,3.267967952597295,3389.511113219678,3364.821723021836,3325.789963658095,3302.3562890591356,000300.SH
2016-11-16,3429.59,-0.04631550624277159,2,-8.16357471273843e-05,-0.00011077909773338224,0.0038130410099437295,0.007848145318983812,2.282697842263004,2.887185564072192,2.2293430308811146,3.4180276457675074,3396.7981835433725,3370.99013035309,3329.860553318562,3303.622296133174,000300.SH
2016-11-17,3436.54,-0.05713864713993455,3,0.0020264812995138826,-8.16357471273843e-05,-0.00011077909773338224,0.0038130410099437295,1.3546235043251809,2.1232715915473266,2.715126879277885,3.553908274573625,3404.0239683536684,3377.2329750813674,3334.04406103156,3304.944860350755,000300.SH
2016-11-18,3417.46,-0.03480324548549041,4,-0.005552096003538454,0.0020264812995138826,-8.16357471273843e-05,-0.00011077909773338224,0.007023252819560177,1.886904957113078,2.315179349306762,2.6961240962334987,3406.466883198456,3381.064120311713,3337.31527432444,3306.0644139791057,000300.SH
2016-11-21,3441.11,0.25733369999951416,0,0.006920344349311991,-0.005552096003538454,0.0020264812995138826,-8.16357471273843e-05,0.3165950003644058,2.518031692878786,3.1421223638303797,2.1834670594313987,3412.765631707827,3386.7827755201215,3341.3856557234817,3307.4081511534428,000300.SH
2016-11-22,3468.36,0.1335755323259542,1,0.007918956383260012,0.006920344349311991,-0.005552096003538454,0.0020264812995138826,1.1221999667625937,2.884501293338726,3.2541938941069715,2.996629497097225,3422.87369867004,3394.552034994396,3346.365041773541,3309.0096620872396,000300.SH
2016-11-23,3474.73,0.023894971541817966,2,0.0018366028901266596,0.007918956383260012,0.006920344349311991,-0.005552096003538454,1.3161923145332155,3.6289348503601104,4.241378793106043,3.5748777870513893,3432.302117093669,3402.188031661596,3351.3989617039906,3310.6586206734364,000300.SH
2016-11-24,3488.74,-0.036062913058041435,3,0.004031967951466653,0.0018366028901266596,0.007918956383260012,0.006920344349311991,1.5189696613454151,2.8941694857267386,3.674493104196319,4.275338494186576,3442.563550349365,3410.4310762652535,3356.7848847744226,3312.4305746965865,000300.SH
2016-11-25,3521.3,0.010666472003486804,4,0.009332882358674022,0.004031967951466653,0.0018366028901266596,0.007918956383260012,3.038513984070046,3.045750639408662,4.982752812171132,5.424040381661799,3456.879268467662,3420.9900213828487,3363.2364579205237,3314.508877435924,000300.SH
2016-11-28,3535.08,0.31784988963160465,0,0.0039133274642886295,0.009332882358674022,0.004031967951466653,0.0018366028901266596,2.7308048856328204,3.056045477734859,5.317599111002536,5.958732480487239,3471.097583291723,3431.8557336321014,3369.975420355013,3316.703614973875,000300.SH
2016-11-29,3564.04,0.1294600189930155,1,0.008192176697557008,0.0039133274642886295,0.009332882358674022,0.004031967951466653,2.7586525043536314,3.9118100686031942,5.722727164859154,6.102618299816909,3487.9962045114094,3444.444711381425,3377.585796027365,3319.1646735313493,000300.SH
2016-11-30,3538.0,-0.23212361232044643,2,-0.007306315305103173,0.008192176697557008,0.0039133274642886295,0.009332882358674022,1.8208609014225496,3.1610192471986487,5.515873607610966,6.1394693026535,3497.0878036911527,3453.354738868908,3383.876549124331,3321.342139466361,000300.SH
2016-12-01,3565.04,0.046971115090876925,3,0.007642736009044748,-0.007306315305103173,0.008192176697557008,0.0039133274642886295,2.1870360072691053,3.739226082047642,5.144502021760089,5.941891598738813,3509.4427484745793,3463.991430405202,3390.980998178279,3323.7669938000295,000300.SH
2016-12-02,3528.95,0.020559289040238626,4,-0.010123308574377932,0.007642736009044748,-0.007306315305103173,0.008192176697557008,0.21724931133386693,3.2623644461091006,3.269616823031596,5.21082711967491,3512.989521479201,3470.177960842802,3396.391547269327,3325.808615752268,000300.SH
2016-12-05,3469.41,-0.0665895103197841,0,-0.016871874070190862,-0.010123308574377932,0.007642736009044748,-0.007306315305103173,-1.857666587460538,0.8224090482431556,1.1416077545368442,3.3611492616018035,3505.065972119346,3470.104821714916,3399.255016003863,3327.2374852472703,000300.SH
2016-12-06,3459.15,-0.33888413128409156,1,-0.0029572751562945143,-0.016871874070190862,-0.010123308574377932,0.007642736009044748,-2.9430084959764735,-0.2655433692004272,0.8536766699612564,2.6112983222193353,3496.7176135521922,3469.0615053611145,3401.6038389056725,3328.5500475831186,000300.SH
2016-12-07,3475.75,-0.08308078367742999,2,0.0047988667736293955,-0.0029572751562945143,-0.016871874070190862,-0.010123308574377932,-1.759468626342564,0.02935479879011549,1.3459334789289734,3.6593549156737737,3492.905320179066,3469.698504850532,3404.5115314976074,3330.01472372657,000300.SH
2016-12-08,3470.14,0.03388485246506856,3,-0.0016140401352227052,0.0047988667736293955,-0.0029572751562945143,-0.016871874070190862,-2.6619617171195875,-0.5331437711036058,0.9777275981073918,2.3455956302848024,3488.7661710555994,3469.740552007624,3407.085196929074,3331.409005082525,000300.SH
2016-12-09,3493.7,0.28095292071358213,4,0.006789351438270419,-0.0016140401352227052,0.0047988667736293955,-0.0029572751562945143,-0.9988806868898692,-0.7838014369693114,2.2308966308310696,2.238076565161151,3489.6632308636717,3472.022404197374,3410.4818558730317,3333.023840852848,000300.SH
2016-12-12,3409.18,0.30449457726736573,0,-0.024192117239602684,0.006789351438270419,-0.0016140401352227052,0.0047988667736293955,-1.7360300454544175,-3.5614469828122775,-0.9278982653853074,-0.6142409445375696,3475.029916161186,3466.0374133214336,3410.43080270154,3333.7816135806806,000300.SH
2016-12-13,3405.04,-0.37511559595697086,1,-0.001214368264509269,-0.024192117239602684,0.006789351438270419,-0.0016140401352227052,-1.564257115187262,-4.461229391364851,-1.8256467033410662,-0.7239341432765611,3462.304476859152,3460.2281358622495,3410.2193986740285,3334.49065225152,000300.SH
2016-12-14,3378.95,0.013888483786684835,2,-0.0076621713694994265,-0.001214368264509269,-0.024192117239602684,0.006789351438270419,-2.7850104294037337,-4.49547767100057,-2.756473164821449,-1.4765613382357712,3447.1491174302155,3452.487361018226,3408.9931477456353,3334.9330338211566,000300.SH
2016-12-15,3340.43,-0.03704835220240621,3,-0.011399991121502251,-0.0076621713694994265,-0.001214368264509269,-0.024192117239602684,-3.737889537597905,-6.3003500661984235,-4.251104983461074,-2.7967083170863716,3427.7456415338124,3441.8152313974424,3406.3043968536495,3334.9877300020407,000300.SH
2016-12-16,3346.03,-0.19254400190407506,4,0.0016764308786594295,-0.011399991121502251,-0.0076621713694994265,-0.001214368264509269,-4.226751008958973,-5.183411496337431,-4.9774231107829525,-2.0901488239803756,3412.8882521640285,3432.69282840721,3403.9406950162515,3335.0976033353536,000300.SH
2016-12-19,3328.98,-0.12247731449531107,0,-0.005095590894283686,0.0016764308786594295,-0.011399991121502251,-0.0076621713694994265,-2.3524718554021717,-4.047662282635944,-5.830136800298713,-3.25854157524752,3397.6322063160233,3422.815416177952,3401.0010599175753,3335.036731660375,000300.SH
2016-12-20,3309.06,0.028243690247444553,1,-0.005983814862210113,-0.005095590894283686,0.0016764308786594295,-0.011399991121502251,-2.818762775180317,-4.338927193096575,-7.154240693145986,-4.592948828841303,3381.5281688040186,3411.981567018147,3397.395528156102,3334.778256718481,000300.SH
2016-12-21,3338.54,0.1996912818467964,2,0.008908874423552371,-0.005983814862210113,-0.005095590894283686,0.0016764308786594295,-1.195933648026748,-3.9476372006041927,-5.637648388920291,-3.9194412227712694,3373.712138112379,3404.9871320640377,3395.087468228412,3334.8156869998893,000300.SH
2016-12-22,3335.67,-0.12843601587827524,3,-0.0008596572154294657,0.008908874423552371,-0.005983814862210113,-0.005095590894283686,-0.1424966246860393,-3.875059795858371,-6.433868904696716,-4.387543927033821,3366.7953857283096,3398.3855004388915,3392.757371435141,3334.824187626756,000300.SH
2016-12-23,3307.6,0.0757370397930619,4,-0.008415101014189075,-0.0008596572154294657,0.008908874423552371,-0.005983814862210113,-1.1485252672570279,-5.326730972894067,-6.272403972853113,-6.068781415954339,3356.032588323162,3389.739262301854,3389.4178666729786,3334.553300187684,000300.SH
2016-12-26,3322.4,-0.04099654262239483,0,0.00447454347563192,-0.008415101014189075,-0.0008596572154294657,0.008908874423552371,-0.19765814153284156,-2.545480144785539,-4.237319890125402,-6.016271201783264,3349.917572264405,3383.325999225487,3386.7897150387444,3334.4323718276073,000300.SH
2016-12-27,3316.39,-0.16625358323868433,1,-0.0018089333012281106,0.00447454347563192,-0.008415101014189075,-0.0008596572154294657,0.22151305808899568,-2.6034936447148938,-4.127025425321252,-6.94857521239941,3343.821650034513,3376.9511421563934,3384.02894189997,3334.2528457397707,000300.SH
2016-12-28,3301.89,-0.09868843551632678,2,-0.004372224014666526,-0.0018089333012281106,0.00447454347563192,-0.008415101014189075,-1.0977852594247772,-2.280590124150994,-5.002085880745167,-6.673544375353313,3336.1977136646015,3369.8024619510225,3380.8078069235007,3333.930827374201,000300.SH
2016-12-29,3297.76,0.05871139066084896,3,-0.0012507987849381674,-0.004372224014666526,-0.0018089333012281106,0.00447454347563192,-1.1365033111788603,-1.2773804570070157,-4.967522924147138,-7.497251082736788,3329.2090384528556,3362.9412750985443,3377.551030181403,3333.5709186441095,000300.SH
2016-12-30,3310.08,0.012483520452539754,4,0.003735869196060282,-0.0012507987849381674,-0.004372224014666526,-0.0018089333012281106,0.07497883661868876,-1.0744075815219856,-5.255746057188649,-6.202128111761285,3325.7310314614274,3357.906867946302,3374.9051074291915,3333.337178160089,000300.SH
2017-01-03,3342.23,0.1389912842165968,1,0.00971275618716172,0.003735869196060282,-0.0012507987849381674,-0.004372224014666526,0.5968576932338099,0.3980198138769264,-1.9638153456256302,-3.6657529666427435,3328.7308439229855,3356.4138329037974,3373.6237306672624,3333.425663949541,000300.SH
2017-01-04,3368.31,0.11872230497905734,2,0.0078031733303811635,0.00971275618716172,0.003735869196060282,-0.0012507987849381674,1.5655577299412915,1.7905387028340325,-1.0786951107769616,-2.626078660942721,3335.927054118806,3357.546801198674,3373.415349072468,3333.772771770939,000300.SH
2017-01-05,3367.79,-0.06963285787919249,3,-0.00015438008971857542,0.0078031733303811635,0.00971275618716172,0.003735869196060282,1.9958266326255636,0.8761314826241318,-0.3302801166042646,-3.1060922103143263,3341.7203170062958,3358.5223439416573,3373.1947471480576,3334.1112516538155,000300.SH
2017-01-06,3347.67,-0.0012839220022866638,4,-0.005974244237318849,-0.00015438008971857542,0.0078031733303811635,0.00971275618716172,1.5134515549948935,0.35974781678043133,0.21673856359811783,-3.529252422092477,3342.8020775506056,3357.4887873757853,3372.1937766716633,3334.246164572683,000300.SH
2017-01-09,3363.9,-0.03465533851910563,0,0.004848148114957596,-0.005974244237318849,-0.00015438008971857542,0.0078031733303811635,1.6259425754060475,1.7021405248518695,0.5340657435827012,-3.7152588945816634,3346.6380634504953,3358.099379054282,3371.8685305276767,3334.5412276117613,000300.SH
2017-01-10,3358.27,-0.061219148433756976,1,-0.0016736526056065903,0.004848148114957596,-0.005974244237318849,-0.00015438008971857542,0.4799190959329458,1.0796412232121355,0.879849082902262,-1.493320974545198,3348.7529610049505,3358.11562866816,3371.335254820709,3334.777334799704,000300.SH
2017-01-11,3334.5,0.051087933853176004,2,-0.007078049114573881,-0.0016736526056065903,0.004848148114957596,-0.005974244237318849,-1.003767467958705,0.5460757027973218,0.7687983898750694,-2.071634988135229,3346.161513549505,3355.866521175954,3369.8907350238187,3334.7745752494584,000300.SH
2017-01-12,3317.62,-0.13508366410967743,3,-0.005062228220123033,-0.007078049114573881,-0.0016736526056065903,0.004848148114957596,-1.4897009611644418,0.47639382293171995,-0.6266212176580188,-1.8150608916971178,3340.9721474495946,3352.223995349673,3367.8409022777864,3334.603882958419,000300.SH
2017-01-13,3319.91,0.12693549369474777,4,0.0006902538566804228,-0.005062228220123033,-0.007078049114573881,-0.0016736526056065903,-0.8292334668590473,0.6716680413371368,-0.4724687993716503,-0.61429217196588,3337.1426660951224,3349.1464719830374,3365.9612590512065,3334.4576751677882,000300.SH
2017-01-16,3319.45,0.8125542687044456,0,-0.0001385579729571429,0.0006902538566804228,-0.005062228220123033,-0.007078049114573881,-1.321382918636116,0.2830747293116831,0.3582658120691695,-0.7943742285634103,3333.925817714191,3346.318236556081,3364.137288108022,3334.3083450666163,000300.SH
2017-01-17,3326.36,-0.5122453291254769,1,0.0020816701562007545,-0.0001385579729571429,0.0006902538566804228,-0.005062228220123033,-0.9501916165168378,-0.47483267159950104,0.11919094630388205,-0.0787027858383027,3332.550214493429,3344.4174521221685,3362.655825829276,3334.2292570560035,000300.SH
2017-01-18,3339.37,0.012389486600875355,2,0.0039111821931479,0.0020816701562007545,-0.0001385579729571429,0.0006902538566804228,0.14604888289098117,-0.8591845762415007,0.6929221231519733,0.9159700942261484,3333.7901754946233,3343.9367423962476,3361.7426561889124,3334.2804087270883,000300.SH
2017-01-19,3329.29,-0.15606321190560124,3,-0.0030185334359474902,0.0039111821931479,0.0020816701562007545,-0.0001385579729571429,0.3517581880986942,-1.1431829181748232,0.829827765310176,-0.27706722100079295,3332.971961768328,3342.541814548986,3360.4700030050335,3334.230752918859,000300.SH
2017-01-20,3354.89,0.10899705040151275,4,0.007689327153837633,-0.0030185334359474902,0.0039111821931479,0.0020816701562007545,1.053643020443329,0.21567239303754704,1.732388045218558,0.5761960865433347,3336.957059628632,3343.7178322109876,3360.2511793577773,3334.436317566432,000300.SH
2017-01-23,3364.08,0.07992707180947622,0,0.0027392850436229743,0.007689327153837633,-0.0030185334359474902,0.0039111821931479,1.3444998418412624,0.0053509319539735145,1.6313805104408274,1.70758253718708,3341.888503332517,3345.6570862861317,3360.401329186884,3334.7312795806965,000300.SH
2017-01-24,3364.45,-0.1365230337133002,1,0.00010998549380514255,0.0027392850436229743,0.007689327153837633,-0.0030185334359474902,1.1450955398693896,0.18402332153162337,0.6648255805255632,1.2656513363833222,3345.9905936356954,3347.446887592215,3360.5601005913204,3335.026988241585,000300.SH
2017-01-25,3375.9,-0.05399347309183311,2,0.0034032308401077405,0.00010998549380514255,0.0027392850436229743,0.007689327153837633,1.0939189128488458,1.2415654520917752,0.22533555403154715,1.7944210421573015,3351.4286675201142,3350.1567078215276,3361.161665274014,3335.433684875997,000300.SH
2017-01-26,3387.96,0.06410374595492563,3,0.0035723806984804263,0.0034032308401077405,0.00010998549380514255,0.0027392850436229743,1.7622375942017765,2.120194597331837,0.598909076872367,2.606688896359355,3358.0707279710023,3353.757021362335,3362.212580361308,3335.9563347777284,000300.SH
2017-02-03,3364.49,-0.1410006975608833,4,-0.00692747257936932,0.0035723806984804263,0.0034032308401077405,0.00010998549380514255,0.2861494713686463,1.34280748574509,0.502439009818767,2.0234947358206634,3359.237868339911,3354.7792098040172,3362.3018909353746,3336.240251844617,000300.SH
2017-02-06,3373.21,0.28529489782250717,0,0.0025917746820469656,-0.00692747257936932,0.0035723806984804263,0.0034032308401077405,0.2713966374164656,1.6195454066185722,0.2767620916198421,1.9072046597061076,3361.7782559144725,3356.534523156016,3362.7296599183014,3336.608110035218,000300.SH
2017-02-07,3365.68,-0.049721461407413514,1,-0.0022322950542659203,0.0025917746820469656,-0.00692747257936932,0.0035723806984804263,0.03655872430858853,1.1820728964994753,0.2206493224189865,0.7016273565852771,3362.487663930023,3357.405520950681,3362.8453595293486,3336.8973825721814,000300.SH
2017-02-08,3383.29,0.18795731195968712,2,0.005232226474293444,-0.0022322950542659203,0.0025917746820469656,-0.00692747257936932,0.21890458840605476,1.3152181399485485,1.4631878842405133,0.44473341230468755,3366.2699068518364,3359.8707094315687,3363.6471101360407,3337.3590006560407,000300.SH
2017-02-09,3396.29,0.23246712249851376,3,0.003842413745200668,0.005232226474293444,-0.0022322950542659203,0.0025917746820469656,0.24587067143648778,2.0124410910434376,2.3712782054605475,0.8462522900774649,3371.728105606048,3363.3392132952285,3364.927223464039,3337.9453787589655,000300.SH
2017-02-10,3413.49,0.19361138768070218,4,0.005064349628565168,0.003842413745200668,0.005232226474293444,-0.0022322950542659203,1.4563871493153524,1.746704064812854,2.8187511107228724,1.9661436163062485,3379.321177314039,3368.115478695683,3366.8316460732926,3338.6970665325084,000300.SH
2017-02-13,3436.28,0.028090065522869745,0,0.0066764513738140074,0.005064349628565168,0.003842413745200668,0.005232226474293444,1.8697323914016684,2.1462034196571,3.5195589630812485,2.1516691934956533,3389.6773268933043,3374.607337867523,3369.5551109331636,3339.6680409948717,000300.SH
2017-02-14,3435.8,-0.2137970845667143,1,-0.0001396859394461325,0.0066764513738140074,0.005064349628565168,0.003842413745200668,2.083382852796478,2.1207032352984934,3.290082853329168,2.308629145363539,3398.0632674581575,3380.4352104515683,3372.152949720098,3340.6245779003957,000300.SH
2017-02-15,3421.71,0.2650371428365559,2,-0.004100937190756215,-0.0001396859394461325,0.0066764513738140074,0.005064349628565168,1.1355810468508531,1.3569714742735162,2.4657345547214105,2.6153846153846194,3402.3626733748556,3384.366142789514,3374.0963634565646,3341.43139802079,000300.SH
2017-02-16,3440.93,-0.18325573402940853,3,0.005617074503683872,-0.004100937190756215,-0.0001396859394461325,0.0066764513738140074,1.3143753919718337,1.5634777270097544,3.353267513493874,3.7168210946401326,3409.374914579427,3389.7531768095605,3376.717290379837,3342.4214338613792,000300.SH
2017-02-17,3421.44,0.15934973627776583,4,-0.0056641663736256564,0.005617074503683872,-0.004100937190756215,-0.0001396859394461325,0.23289946652840232,1.6926785337450845,1.9836715957900264,3.058215433550915,3411.5685664740763,3392.770969494364,3378.471122129647,3343.2076882508186,000300.SH
2017-02-20,3471.39,0.14104836498023898,0,0.014599116161616132,-0.0056641663736256564,0.005617074503683872,-0.004100937190756215,1.021744444573769,2.910580722812983,3.1898765784404537,4.577264305833806,3422.4451907515167,3400.2584962091864,3382.1149996931904,3344.4831341388704,000300.SH
2017-02-21,3482.82,-0.10399408203843286,1,0.0032926291773613947,0.014599116161616132,-0.0056641663736256564,0.005617074503683872,1.3685313464113058,3.480425946614063,3.518257070249242,4.703640014911192,3433.4224287966954,3408.121496570216,3386.064215391497,3345.859620366344,000300.SH
2017-02-22,3489.76,-0.09482460514124547,2,0.0019926381495454226,0.0032926291773613947,0.014599116161616132,-0.0056641663736256564,1.9887716960233393,3.1469368573193712,3.372730234900323,4.503544081668109,3443.6656235609325,3415.8965921349577,3390.1307167486934,3347.2914649398135,000300.SH
2017-02-23,3473.32,-0.02450288801594902,3,-0.004710925679702882,0.0019926381495454226,0.0032926291773613947,0.014599116161616132,0.9413152839494066,2.2680630923743283,2.519510265764646,4.326147617059495,3449.0573283680355,3421.3654881221046,3393.393041582078,3348.5454802140443,000300.SH
2017-02-24,3473.85,-0.06269712654163184,4,0.0001525917565901036,-0.004710925679702882,0.0019926381495454226,0.0032926291773613947,1.5318111672278256,1.7682782137929287,3.250418339778105,3.545868866043289,3453.565086846574,3426.3640130628564,3396.548216421996,3349.7922913561933,000300.SH
2017-02-27,3446.22,0.06964403665095142,0,-0.007953711300142552,0.0001525917565901036,-0.004710925679702882,0.0019926381495454226,-0.7250697847260068,0.2892662996030415,2.1644071967058087,2.4416779624741425,3452.2296165108332,3428.2550594378226,3398.4961295034864,3350.7517710441916,000300.SH
2017-02-28,3452.81,-0.23262534203593577,1,0.0019122400775342108,-0.007953711300142552,0.0001525917565901036,-0.004710925679702882,-0.8616580816694586,0.4950812037953334,2.5887784934990776,2.6262836422000557,3452.335140781591,3430.593625205649,3400.6260852092323,3351.7672758099216,000300.SH
2017-03-01,3458.44,0.3334801183371756,2,0.0016305559819393967,0.0019122400775342108,-0.007953711300142552,0.0001525917565901036,-0.8974829214616564,1.0734398882430218,2.221210715014088,2.4449776355934594,3453.445115184938,3433.2456609003493,3402.8932975539683,3352.8286959511165,000300.SH
2017-03-02,3435.1,-0.10466357805656135,3,-0.006748707509744323,0.0016305559819393967,0.0019122400775342108,-0.007953711300142552,-1.1003881012979,-0.16943093872877624,1.142717494678025,1.3913977732912919,3450.1096396967673,3433.4222646241255,3404.1563054930284,3353.647315891901,000300.SH
2017-03-03,3427.86,-0.08037266264655385,4,-0.00210765334342522,-0.006748707509744323,0.0016305559819393967,0.0019122400775342108,-1.3238913597305557,0.1876402918069564,0.4209767715739776,1.8834949724921168,3446.064250660991,3432.8925251361134,3405.085862140361,3354.3857505596434,000300.SH
2017-03-06,3446.48,0.05742641730961662,0,0.005431960465129837,-0.00210765334342522,-0.006748707509744323,0.0016305559819393967,0.007544498029732338,-0.7175799895718926,0.296832621323051,2.1721149883938473,3446.1398414499013,3434.1865703612457,3406.7091616642683,3355.3021112505926,000300.SH
2017-03-07,3453.96,-0.007299228660239021,1,0.002170330308024493,0.005431960465129837,-0.00210765334342522,-0.006748707509744323,0.0333062056701694,-0.828638861612141,0.5285523022294569,2.6229469230586444,3447.56168845901,3436.069754136365,3408.56213571665,3356.2837817854124,000300.SH
2017-03-08,3448.73,-0.05671775336771945,2,-0.0015142039861492096,0.002170330308024493,0.005431960465129837,-0.00210765334342522,-0.28076242467702794,-1.1757255513273224,0.7896636477083163,1.9342119652764111,3447.7741087391896,3437.275491837664,3410.1373460807035,3357.2036446532193,000300.SH
2017-03-09,3426.94,0.010829071243942945,3,-0.006318267884119599,-0.0015142039861492096,0.002170330308024493,0.005431960465129837,-0.23754766964571017,-1.335321824651925,-0.406576129127878,0.9024553262530599,3443.986088968428,3436.2911592816963,3410.796273685382,3357.897538736272,000300.SH
2017-03-10,3427.89,-0.0880045021620035,4,0.00027721524158574873,-0.006318267884119599,-0.0015142039861492096,0.002170330308024493,0.0008751816001684176,-1.3230277645839617,0.1885171156004395,0.4218556374854021,3441.059527337804,3435.4910488739156,3411.4666158937985,3358.593981136906,000300.SH
2017-03-13,3458.1,0.32043413891530026,0,0.008813001584064839,0.00027721524158574873,-0.006318267884119599,-0.0015142039861492096,0.3371555906315882,0.34472552535822487,-0.3828437599923906,0.6349889997322666,3444.1577950945666,3437.6442823144953,3413.295376054826,3359.5840907773354,000300.SH
2017-03-14,3456.69,-0.12140920280131262,1,-0.0004077383534309975,0.008813001584064839,0.00027721524158574873,-0.006318267884119599,0.07903971094047613,0.11237224173934468,-0.7502541044326128,0.6080097793818018,3446.4363778046454,3439.458160189305,3414.9971260134607,3360.5503187298,000300.SH
2017-03-15,3463.64,-0.01323260897572287,2,0.0020105939497032654,-0.0004077383534309975,0.008813001584064839,0.00027721524158574873,0.4323330617357568,0.1503568082719342,-0.7484755398652121,1.225410686469619,3449.5643091128914,3441.7611925522283,3416.9046896992077,3361.576086702638,000300.SH
2017-03-16,3481.51,0.325755138467126,3,0.005159312168701247,0.0020105939497032654,-0.0004077383534309975,0.008813001584064839,1.5923827087722664,1.3510523711100175,0.23579745027813015,1.1793323316661608,3455.372616546911,3445.54679326154,3419.438231279631,3362.7694589742537,000300.SH
2017-03-17,3445.81,-0.018658642003080095,4,-0.010254171322213734,0.005159312168701247,0.0020105939497032654,-0.0004077383534309975,0.5227705673169325,0.5236503241089041,-0.8071735970177185,0.712273194912072,3453.633958992927,3445.571860569965,3420.472418288273,3363.595733014311,000300.SH
2017-03-20,3449.61,-0.1519954576701339,0,0.0011027886041308221,-0.010254171322213734,0.005159312168701247,0.0020105939497032654,-0.24551054047019516,0.09081729764861546,0.09836864738759221,-0.6274143786782704,3452.9023300851222,3445.9564452775876,3421.615068551478,3364.4515963674025,000300.SH
2017-03-21,3466.35,0.09404313795781793,1,0.0048527224816716785,0.0011027886041308221,-0.010254171322213734,0.005159312168701247,0.27945809430407476,0.358718688114501,0.39214436936871877,-0.4728926559512181,3455.347360978736,3447.898688584484,3423.369379588675,3365.4655108314087,000300.SH
2017-03-22,3450.05,0.09105614287903796,2,-0.00470235261874874,0.0048527224816716785,0.0011027886041308221,-0.010254171322213734,-0.39236179279601435,0.03827495918788948,-0.24259492719260756,-1.1379006006143721,3454.3842044371477,3448.1035753859614,3424.4156784283355,3366.307147539554,000300.SH
2017-03-23,3461.98,-0.06500454847688186,3,0.003457920899696987,-0.00470235261874874,0.0048527224816716785,0.0011027886041308221,-0.5609634899799265,1.0224865331753596,0.7825099705976557,-0.32648877730817594,3455.765258175848,3449.4251396349177,3425.8887890782044,3367.2591162207527,000300.SH
2017-03-24,3489.6,0.22396914495775588,4,0.00797809346096745,0.003457920899696987,-0.00470235261874874,0.0048527224816716785,1.2708187624970613,1.800232796268264,1.8011237331746255,0.45338745196252805,3461.917029416603,3453.2513168125447,3428.387267937883,3368.4764384474124,000300.SH
2017-03-27,3478.04,-0.12249883652870253,0,-0.0033127005960568168,0.00797809346096745,0.003457920899696987,-0.00470235261874874,0.8241511359255105,0.576617217547204,0.9157169053643166,0.9233304896379302,3464.848478613584,3455.6121437827783,3430.3344339011032,3369.566623139478,000300.SH
2017-03-28,3469.81,-0.21619503358884828,1,-0.002366275258478878,-0.0033127005960568168,0.00797809346096745,0.003457920899696987,0.09981681018940147,0.37955385064902813,0.45889355985593294,0.49235260555895444,3465.750573411114,3456.9643205653706,3431.8824953167464,3370.5640696754035,000300.SH
2017-03-29,3465.19,0.17608456311103815,2,-0.0013314850092656094,-0.002366275258478878,-0.0033127005960568168,0.00797809346096745,0.43883421979391546,0.044750609185717494,0.4772771426003297,0.19517470304530882,3465.6486509727297,3457.747718606764,3433.188671970992,3371.505621220922,000300.SH
2017-03-30,3436.76,0.06475078767457498,3,-0.008204456321298403,-0.0013314850092656094,-0.002366275258478878,-0.0033127005960568168,-0.7284848554873213,-1.2853618113979226,0.2865530181444642,0.04832464848185669,3460.396168977688,3455.7488882632624,3433.328724050561,3372.1549185222066,000300.SH
2017-03-31,3456.05,-0.17285160329408245,4,0.005612844656013305,-0.008204456321298403,-0.0013314850092656094,-0.002366275258478878,-0.9614282439248001,0.297172508060517,0.8214966057837447,0.822378976971061,3459.60595643629,3455.777565571523,3434.219754479951,3372.9896954523338,000300.SH
2017-04-05,3503.89,0.5917524707404305,2,0.013842392326499864,0.005612844656013305,-0.008204456321298403,-0.0013314850092656094,0.743234695403161,1.5735112085134118,1.3241375321708437,1.6657575265198066,3467.6576007206004,3460.359702183759,3436.9519209709333,3374.292186044848,000300.SH
2017-04-06,3514.05,-0.09655998663207555,3,0.0028996344063312307,0.013842392326499864,0.005612844656013305,-0.008204456321298403,1.2749977664483048,1.3760872387381662,1.6593909202155865,1.7397422089427739,3476.092582407764,3465.473063880544,3439.9753750505047,3375.682811059328,000300.SH
2017-04-07,3517.46,-0.004558273822000802,4,0.0009703902904056871,0.0028996344063312307,0.013842392326499864,0.005612844656013305,1.508430995125809,1.9538847263083081,1.5538566363709982,1.9929075340777702,3483.6139310608974,3470.4242006538257,3443.013987793622,3377.0935293572447,000300.SH
2017-04-10,3505.14,0.07739474796845158,0,-0.0035025273919249145,0.0009703902904056871,0.0028996344063312307,0.013842392326499864,1.989664684179271,1.246685422792737,0.6787284827560303,2.2819191465272226,3487.527761777098,3473.730467258223,3445.4503019977938,3378.3676235924963,000300.SH
2017-04-11,3517.33,0.2164359390152697,1,0.0034777498188374167,-0.0035025273919249145,0.0009703902904056871,0.0028996344063312307,1.7731224953342561,0.7946469509399368,2.075564235985161,2.6091852422335693,3492.946350544898,3477.882803709821,3448.269113684155,3379.7503338055067,000300.SH
2017-04-12,3509.44,0.06701933369988922,2,-0.0022431787748092846,0.0034777498188374167,-0.0035025273919249145,0.0009703902904056871,0.15839538341673176,0.9028073282653537,1.7343989610419719,1.4846302883086082,3495.945195900371,3480.888250975552,3450.667971971051,3381.040778245253,000300.SH
2017-04-13,3514.57,-0.34037637635399487,3,0.0014617716786724522,-0.0022431787748092846,0.0034777498188374167,-0.0035025273919249145,0.014797740498861955,1.2899841778080123,1.3910886090556351,1.6744342130766698,3499.331523918485,3484.096036596928,3453.1739338545394,3382.3694272179373,000300.SH
2017-04-14,3486.5,-0.021901980810362875,4,-0.007986752291176513,0.0014617716786724522,-0.0022431787748092846,0.0034777498188374167,-0.8801805848538402,0.6149734935169571,1.0565064274430824,0.6599993070873555,3496.9985195696695,3484.324985492459,3454.4808384092635,3383.4055523202464,000300.SH
2017-04-17,3479.94,-0.05015143140457545,0,-0.001881543094794158,-0.007986752291176513,0.0014617716786724522,-0.0022431787748092846,-0.718944179119807,1.2564159266285735,0.5187782713938383,-0.045095375282566685,3493.8969705570025,3483.9073678265104,3455.479236903018,3384.3660940882046,000300.SH
2017-04-18,3462.74,0.023461232437958168,1,-0.004942613953114239,-0.001881543094794158,-0.007986752291176513,0.0014617716786724522,-1.5520295223934055,0.193573588345064,-0.7697157267308574,0.4913213438930031,3488.2320668193656,3481.8914280335093,3455.763972710743,3385.1459339480234,000300.SH
2017-04-19,3445.88,0.0020467565285664513,2,-0.004868976590792218,-0.004942613953114239,-0.001881543094794158,-0.007986752291176513,-1.8111151636728384,-1.6555885030637318,-0.9246587158284525,-0.10812816521288404,3480.531691034026,3478.461768220794,3455.376365937773,3385.7502530132174,000300.SH
2017-04-20,3461.55,0.05452090021626077,3,0.004547459574912649,-0.004868976590792218,-0.004942613953114239,-0.001881543094794158,-1.5085771516856972,-1.494002646518977,-0.23805338044445845,-0.1384741875459672,3477.080474482385,3476.8511236283375,3455.6184692343304,3386.5044793513944,000300.SH
2017-04-21,3466.79,-0.14008668336701324,4,0.00151377273186859,0.004547459574912649,-0.004868976590792218,-0.004942613953114239,-0.5653233902194188,-1.4405281083509136,0.04617351429503369,0.48521035927013845,3475.209479121951,3475.8929213780198,3456.056568480043,3387.3033402533706,000300.SH
2017-04-24,3431.26,0.0657008668519592,0,-0.010248673845257406,0.00151377273186859,0.004547459574912649,-0.004868976590792218,-1.398874693241836,-2.107761744181391,-0.1600344510527374,-0.8873534798005678,3467.218664736142,3471.642166961066,3455.084154029845,3387.7407199523423,000300.SH
2017-04-25,3440.97,-0.12362777904700462,1,0.0028298642481185965,-0.010248673845257406,0.00151377273186859,0.004547459574912649,-0.6286928848253104,-2.170964908041051,-0.4363362798570747,-1.3935694635488383,3462.4461802386613,3468.7210082028687,3454.5306577933807,3388.2703645299307,000300.SH
2017-04-26,3445.18,0.22042157128072115,2,0.0012234922129514825,0.0028298642481185965,-0.010248673845257406,0.00151377273186859,-0.02031411424658902,-1.8310613659159314,-1.6755662991703502,-0.9447849938471142,3459.306874740723,3466.479007421643,3454.1639653308953,3388.8366295594838,000300.SH
2017-04-27,3446.72,0.025087235747382586,3,0.00044700131778308005,0.0012234922129514825,0.0028298642481185965,-0.010248673845257406,-0.42842079415291723,-1.9305348876249573,-1.9160228226690057,-0.6654543044143701,3457.018352060591,3464.5971971910103,3453.8720451218405,3389.4125834942156,000300.SH
2017-04-28,3439.75,-0.1548903711027967,4,-0.0020222124222448734,0.00044700131778308005,0.0012234922129514825,0.0028298642481185965,-0.7799722509872264,-1.3408862756345896,-2.2092646398253257,-0.7341588772910024,3453.878651685938,3462.2307974585333,3453.3182394307883,3389.9134533101937,000300.SH
2017-05-02,3426.58,-0.10658440884095521,1,-0.0038287666254814834,-0.0020222124222448734,0.00044700131778308005,0.0012234922129514825,-0.13639304512046424,-1.5333597705707636,-2.2412799488750745,-0.29620922031216024,3448.9152604703127,3458.8354834148636,3452.269681021738,3390.278294570789,000300.SH
2017-05-03,3413.13,-0.037208717474324526,2,-0.003925196551663679,-0.0038287666254814834,-0.0020222124222448734,0.00044700131778308005,-0.8090741854767658,-1.4326804784650204,-2.9624743768710826,-1.2418801811316382,3442.40884947571,3454.4825802324954,3450.7347915699056,3390.505674724314,000300.SH
2017-05-04,3404.39,0.09332085353176756,3,-0.0025606994166645913,-0.003925196551663679,-0.0038287666254814834,-0.0020222124222448734,-1.1839729709333002,-1.2040465715579263,-2.993355065195591,-2.839701018011409,3435.496331389217,3449.7118583055912,3448.917348763243,3390.6438272146193,000300.SH
2017-05-05,3382.55,0.09794734729186416,4,-0.006415246196822211,-0.0025606994166645913,-0.003925196551663679,-0.0038287666254814834,-1.8617700306378104,-2.2822146148401723,-3.756362798293955,-3.7421209146141887,3425.8697256820865,3443.315490847916,3446.3147076352725,3390.5632916204445,000300.SH
2017-05-08,3358.81,0.08019831279018219,0,-0.007018373712140313,-0.006415246196822211,-0.0025606994166645913,-0.003925196551663679,-2.3530779853186967,-3.114696880976353,-3.6624121611931737,-4.510356905266866,3413.6770482853435,3435.2673488624005,3442.8831504731047,3390.2473384699924,000300.SH
2017-05-09,3352.53,-0.32593655552099243,1,-0.0018697098079378804,-0.007018373712140313,-0.006415246196822211,-0.0025606994166645913,-2.161046874726391,-2.294492402207937,-3.661270021896923,-4.353891713312441,3402.5594031425535,3427.3876013516956,3439.339889670238,3389.872041569794,000300.SH
2017-05-10,3337.7,0.1948600255609716,2,-0.004423524919985877,-0.0018697098079378804,-0.007018373712140313,-0.006415246196822211,-2.209994931338688,-3.0011886183256453,-3.6110132438473608,-5.106998774638716,3390.766784389362,3418.8459250324863,3435.3540116439544,3389.352916778055,000300.SH
2017-05-11,3356.65,0.09179902965879538,3,0.005677562393265001,-0.004423524919985877,-0.0018697098079378804,-0.007018373712140313,-1.402307021228466,-2.569677056060926,-2.5894691631745737,-4.353686058174522,3384.563732682205,3412.922503600821,3432.2675798147798,3389.0275146210593,000300.SH
2017-05-12,3385.38,-0.12596079923008796,4,0.008559128893390833,0.005677562393265001,-0.004423524919985877,-0.0018697098079378804,0.08366469083975758,-1.779662983938346,-2.200459331802229,-3.6758408567762246,3384.712144921804,3410.2994080197905,3430.4288511945924,3388.991220943238,000300.SH
2017-05-15,3399.19,-0.05474449747970023,0,0.004079305720480431,0.008559128893390833,0.005677562393265001,-0.004423524919985877,1.2022114975244191,-1.1791554618794997,-1.949930627468055,-2.5042306037573514,3387.3444822087486,3409.2413691607626,3429.2037982065694,3389.092701331863,000300.SH
2017-05-16,3428.65,0.2238015268053346,1,0.00866677061299903,0.004079305720480431,0.008559128893390833,0.005677562393265001,2.2705240519846237,0.06041008819288596,-0.07606535208640741,-1.4738759863675788,3394.854576352612,3411.0898101930707,3429.1820806298415,3389.486306293735,000300.SH
2017-05-17,3409.97,-0.020038718564434843,2,-0.0054482084785557605,0.00866677061299903,0.004079305720480431,0.008559128893390833,2.165263504808701,-0.09258364023638777,-0.9009087553800255,-1.5239376909614966,3397.6028351975915,3410.9831616032543,3428.4286657031807,3389.6901241415585,000300.SH
2017-05-18,3398.11,-0.20318027162426866,3,-0.0034780364636638472,-0.0054482084785557605,0.00866677061299903,0.004079305720480431,1.2351600554123987,-0.18446770199652684,-1.3662566251980923,-1.3862931965129333,3397.6950469798476,3409.757146212468,3427.2396984207035,3389.773904000847,000300.SH
2017-05-19,3403.85,-0.1100461033722222,4,0.0016891742762887851,-0.0034780364636638472,-0.0054482084785557605,0.00866677061299903,0.5455812936804749,0.6297024434228637,-1.243791198588795,-1.6668833326111243,3398.814129347148,3409.1945608589,3426.322455345382,3389.913964657555,000300.SH
2017-05-22,3411.24,0.2630715327662714,0,0.0021710709931401784,0.0016891742762887851,-0.0034780364636638472,-0.0054482084785557605,0.3544962182166822,1.5609695100347931,-0.8288393051820719,-1.6023468395836016,3401.0733785567572,3409.3893645866237,3425.730986508308,3390.1261640141965,000300.SH
2017-05-23,3424.19,0.28021032280790203,1,0.003796273495854985,0.0021710709931401784,0.0016891742762887851,-0.0034780364636638472,-0.13008035232525694,2.137490193972913,-0.06974884578792029,-0.2060467583336778,3405.2764006373463,3410.798948911707,3425.6705556648453,3390.4651076558466,000300.SH
2017-05-24,3424.17,-0.26937277319345765,2,-5.840797385636698e-06,0.003796273495854985,0.0021710709931401784,0.0016891742762887851,0.4164259509614521,2.590706174910884,0.3234567684207823,-0.48823442227046154,3408.711600521465,3412.0723823486874,3425.6117103446554,3390.8004797189724,000300.SH
2017-05-25,3485.66,0.47520995723928006,3,0.017957636449124736,-5.840797385636698e-06,0.003796273495854985,0.0021710709931401784,2.576432193189726,3.8434153099071944,2.3872118059329317,1.174974892458458,3422.7022186084714,3419.0807268869075,3427.9665452331,3391.7443555426644,000300.SH
2017-05-26,3480.43,-0.17600382393784497,4,-0.0015004332034679324,0.017957636449124736,-5.840797385636698e-06,0.003796273495854985,2.249805367451563,2.807661178361065,2.8936748902455234,0.9780312877170294,3433.1981788614767,3424.92351480244,3430.023935616116,3392.6267997661203,000300.SH
2017-05-31,3492.88,0.030046566217744264,2,0.0035771442034462364,-0.0015004332034679324,0.017957636449124736,-5.840797385636698e-06,2.3932646193173257,2.7562448701013986,3.9915922603541265,1.544588996293328,3444.049419068481,3431.3955610117314,3432.488879317445,3393.624344047055,000300.SH
2017-06-01,3497.74,0.0010351066188274416,3,0.0013914019376559672,0.0035771442034462364,-0.0015004332034679324,0.017957636449124736,2.147953238576128,2.0150788211103388,4.331355722394714,2.0767062201962228,3453.8113428742113,3437.714079010614,3435.0477467951923,3394.6603207232038,000300.SH
2017-06-02,3486.51,-0.20017457330282684,4,-0.0032106445876478595,0.0013914019376559672,0.0035771442034462364,-0.0015004332034679324,1.8205871787907668,2.244594527224586,4.458459418162231,2.149932759666351,3459.756553260718,3442.361309581032,3437.0658743718514,3395.5742478801867,000300.SH
2017-06-05,3468.75,-0.07798838458493873,0,-0.005093919134033786,-0.0032106445876478595,0.0013914019376559672,0.0035771442034462364,-0.4851305061308264,2.07880262851996,3.339639223630697,1.8905002070855659,3461.391725395133,3444.874518192362,3438.308389102367,3396.3023648167023,000300.SH
2017-06-06,3492.88,-0.09041850159801257,1,0.006956396396396336,-0.005093919134033786,-0.0032106445876478595,0.0013914019376559672,0.35771442034462364,2.6155676660252425,3.175419007615088,3.2617404029504415,3467.116866232381,3449.4464688407083,3440.4484522748235,3397.2633363110635,000300.SH
2017-06-07,3533.87,0.5948532139769991,2,0.011735301527679098,0.006956396396396336,-0.005093919134033786,-0.0032106445876478595,1.1735301527679098,3.5948804540284485,3.9621203875040756,5.211964951872838,3479.2537996446754,3457.4868051415933,3444.1120423816933,3398.6226065965257,000300.SH
2017-06-08,3560.98,-0.09786407507442874,3,0.007671476313503289,0.011735301527679098,0.006956396396396336,-0.005093919134033786,1.8080246101768616,3.994813371921535,3.859536552287346,6.217692309986789,3494.113108800189,3467.343299890013,3448.6950995431953,3400.2381030483016,000300.SH
2017-06-09,3576.17,0.08626693903242555,4,0.00426567967244984,0.007671476313503289,0.011735301527679098,0.006956396396396336,2.571626067328059,4.439031940587057,4.8739431725205895,7.144740390088988,3509.0325435637906,3477.7077475195356,3453.6941152473837,3401.9886691871243,000300.SH
2017-06-12,3574.39,-0.03294799146002492,0,-0.0004977392014362536,0.00426567967244984,0.007671476313503289,0.011735301527679098,3.045477477477476,2.5455724310460504,5.187589571850237,6.48682466149284,3520.9157174612833,3486.915581089104,3458.4272871984667,3403.7041053146154,000300.SH
2017-06-13,3582.27,-0.1994013975603871,1,0.00220457196892343,-0.0004977392014362536,0.00426567967244984,0.007671476313503289,2.5592061565241186,2.9260752263369882,5.241711591286347,5.815890682877556,3532.0710415592316,3495.996954318713,3463.283864171076,3405.480880386112,000300.SH
2017-06-14,3535.3,0.12610741167584316,2,-0.013111797826517724,0.00220457196892343,-0.0004977392014362536,0.00426567967244984,0.04046555193033541,1.2144705801516276,3.6368006941757347,4.004189233317357,3532.6581249120986,3499.7401015264545,3466.1080263604454,3406.7726129195835,000300.SH
2017-06-15,3528.79,-0.00048461283562417634,3,-0.0018414278844794962,-0.013111797826517724,0.00220457196892343,-0.0004977392014362536,-0.9039646389477074,0.8877160680896834,3.0547370326996948,2.920683067679697,3531.954829473535,3502.506758523935,3468.5661429737615,3407.9867162736177,000300.SH
2017-06-16,3518.76,-0.13758673655565712,4,-0.002842334057849838,-0.0018414278844794962,-0.013111797826517724,0.00220457196892343,-1.6053487390140786,0.9249937616699899,2.7624212582903374,3.1903506482461763,3529.555769569256,3504.05468628356,3470.5345295238103,3409.0889380022386,000300.SH
2017-06-19,3553.67,0.07773772119635325,0,0.009921108572337856,-0.002842334057849838,-0.0018414278844794962,-0.013111797826517724,-0.5796793298996405,2.4481441441441376,1.951136943936027,4.57783885748253,3533.9401751021182,3508.7799542565544,3473.7947440522885,3410.527555534555,000300.SH
2017-06-20,3546.49,-0.003903325435243632,1,-0.0020204464680176892,0.009921108572337856,-0.002842334057849838,-0.0018414278844794962,-0.9988080183794157,1.5348365818464993,1.8980413339731106,4.19054893723283,3536.221961447188,3512.3713871845016,3476.645538403179,3411.88041567849,000300.SH
2017-06-21,3587.96,0.19310177659908168,2,0.01169325163753454,-0.0020204464680176892,0.009921108572337856,-0.002842334057849838,1.4895482703023655,1.5306165761615587,2.7221089759739803,5.180520866312555,3545.628877547699,3519.5703026907395,3481.0108114069762,3413.632451343381,000300.SH
2017-06-22,3590.34,0.44619702632059655,3,0.0006633295800400063,0.01169325163753454,-0.0020204464680176892,0.009921108572337856,1.7442239407842397,0.824492134187782,2.647423765059731,4.852242428136289,3553.7581725390264,3526.31027386305,3485.2982305674873,3415.3907354096164,000300.SH
2017-06-23,3622.88,-0.20920753777030654,4,0.00906320849835951,0.0006633295800400063,0.01169325163753454,-0.0020204464680176892,2.9589969193693166,1.3061459606226844,3.911361217951481,5.803158137592468,3566.3257775319307,3535.5073906379976,3490.693594074645,3417.4553052065357,000300.SH
2017-06-26,3668.09,0.27439223599070006,0,0.012479022214370916,0.00906320849835951,0.0006633295800400063,0.01169325163753454,3.2197699842697824,2.621426313301023,5.746738738738744,5.233729049878644,3584.828363435216,3548.1343058153316,3497.6503158756395,3419.9491827666698,000300.SH
2017-06-27,3674.72,-0.2792578918527484,1,0.00180748018723631,0.012479022214370916,0.00906320849835951,0.0006633295800400063,3.6156876235376334,2.5807658272547718,5.2060191017154755,5.582356203112826,3601.1722973560854,3560.1900862138714,3504.594225056987,3422.4842157739668,000300.SH
2017-06-28,3646.17,0.01144768170062016,2,-0.00776929942961635,0.00180748018723631,0.012479022214370916,0.00906320849835951,1.622370372021975,3.1360846321387026,3.177819218024447,4.3886420375163215,3609.353697836797,3568.3786494315978,3510.1462162312228,3424.709944970246,000300.SH
2017-06-29,3668.83,-0.10138258696454727,3,0.006214740398829521,-0.00776929942961635,0.00180748018723631,0.012479022214370916,2.1861439306583685,3.9684991172611594,3.0286606495964596,4.891444189676775,3620.167570957379,3577.9454447238263,3516.3691097123515,3427.139000244174,000300.SH
2017-06-30,3666.8,-0.0839295407031393,4,-0.0005533099107889461,0.006214740398829521,-0.00776929942961635,0.00180748018723631,1.2122951905666257,4.2071638872784645,2.534275495851701,5.171073652448999,3628.6461944196735,3586.407783321557,3522.2683603118676,3429.5236868089087,000300.SH
2017-07-03,3650.85,0.1244847988453639,0,-0.00434984182393372,-0.0005533099107889461,0.006214740398829521,-0.00776929942961635,-0.4699993729706753,2.734637712561949,2.1391062530949245,5.249729729729724,3632.683249979733,3592.5451372909324,3527.3107775545395,3431.725938681457,000300.SH
2017-07-04,3619.98,0.08797254933376975,1,-0.008455565142364119,-0.00434984182393372,-0.0005533099107889461,0.006214740398829521,-1.489637305699476,2.07218968614038,1.0526844710197825,3.6388309933350182,3630.373568165236,3595.157981358463,3530.9448647092636,3433.5991134209453,000300.SH
2017-07-05,3659.68,-0.03987900479312312,2,0.010966911419399983,-0.008455565142364119,-0.00434984182393372,-0.0005533099107889461,0.3705257845904031,1.9989074571622911,3.518230418917767,3.560119642205284,3635.702010317011,3601.3029355147996,3535.993301387332,3435.8486744814336,000300.SH
2017-07-06,3660.1,0.10374239405435248,3,0.00011476413238309391,0.010966911419399983,-0.008455565142364119,-0.00434984182393372,-0.2379505182851238,1.9429914715597851,3.7211055347583732,2.7835034175985207,3640.138008441191,3606.9026559419617,3540.8602307446918,3438.080030954255,000300.SH
2017-07-07,3655.93,-0.07055060584341144,4,-0.0011393131335210027,0.00011476413238309391,0.010966911419399983,-0.008455565142364119,-0.2964437656812535,0.9122576513712843,3.8982482465413915,2.2303190284578056,3643.009279633701,3611.571926804632,3545.3727707154885,3440.247692337795,000300.SH
2017-07-10,3653.69,0.14230093145941547,0,-0.0006127031972712471,-0.0011393131335210027,0.00011476413238309391,0.010966911419399983,0.07779010367447992,-0.39257488229569315,2.81455509374815,2.218560369741418,3644.9512287912103,3615.5831718708578,3549.6205051972343,3442.371496394135,000300.SH
2017-07-11,3670.81,0.028714437014511818,1,0.00468567393511754,-0.0006127031972712471,-0.0011393131335210027,0.00011476413238309391,1.4041514041513992,-0.10640266469281734,3.505437770866404,2.4716171589522773,3649.6528235564447,3620.842869787919,3554.373034405186,3444.644516330512,000300.SH
2017-07-12,3658.82,-0.01095748707855193,2,-0.0032663090707499842,0.00468567393511754,-0.0006127031972712471,-0.0011393131335210027,-0.023499322345110762,0.34693939119678774,1.9749384051104268,3.493904336265663,3651.3195829098186,3624.4597393319264,3558.4689938402767,3446.7756156705072,000300.SH
2017-07-13,3686.92,0.020168563834457753,3,0.007680071717111048,-0.0032663090707499842,0.00468567393511754,-0.0006127031972712471,0.7327668642933327,0.4930727234568,2.689995933532763,4.481139427395786,3657.792386017124,3630.4083355860284,3563.5062881994813,3449.165112031995,000300.SH
2017-07-14,3703.09,-0.17328682791592898,4,0.004385774576068924,0.007680071717111048,-0.0032663090707499842,0.00468567393511754,1.289959052826517,0.9896912839533201,2.2139844543567655,5.238493105525799,3666.028315832192,3637.3303988635494,3568.980159250482,3451.691727832672,000300.SH
2017-07-17,3663.56,0.6213427454389284,0,-0.010674868825764516,0.004385774576068924,0.007680071717111048,-0.0032663090707499842,0.27013786062857204,0.34813810482490215,-0.1234975150555262,3.092296133293182,3665.5795311354295,3639.82845611464,3572.689172613208,3453.799869844287,000300.SH
2017-07-18,3667.18,-0.2790018206859999,1,0.0009881099258644,-0.010674868825764516,0.004385774576068924,0.007680071717111048,-0.09888825627041298,1.3038746070420215,-0.2051857012234981,3.4030830483097407,3665.870525474442,3642.433365056103,3576.3946952558276,3455.923055218971,000300.SH
2017-07-19,3729.75,0.402341504639637,2,0.017062156752600144,0.0009881099258644,-0.010674868825764516,0.004385774576068924,1.938603156208818,1.9146482752590455,2.2922683253934872,3.951827779573902,3677.4849753881795,3650.74923505076,3582.408628775207,3458.647701435698,000300.SH
2017-07-20,3747.88,-0.14680649389631517,3,0.004860915610966021,0.017062156752600144,0.0009881099258644,-0.010674868825764516,1.6534126045588238,2.398295128548411,2.1546378545749034,4.387885269918734,3690.2840707721466,3659.999784093545,3588.8977021565715,3461.5256347547456,000300.SH
2017-07-21,3728.6,-0.16444135793625636,4,-0.005144241544553285,0.004860915610966021,0.017062156752600144,0.0009881099258644,0.6888841481033303,1.987729524361792,1.6853932584269593,2.918120390407619,3697.250603359029,3666.5331379893973,3594.3762236406274,3464.1830911253455,000300.SH
2017-07-24,3743.47,0.09382028744003423,0,0.0039880920452717294,-0.005144241544553285,0.004860915610966021,0.017062156752600144,2.1812117175643353,2.457241856862513,2.5369434515249756,2.0550204602395095,3705.6541300210233,3673.860458180883,3600.2230383998185,3466.962065343004,000300.SH
2017-07-25,3719.56,-0.13684526652164797,1,-0.006387122108631793,0.0039880920452717294,-0.005144241544553285,0.004860915610966021,1.4283454861773848,1.3280447639621773,2.7508439273145058,1.220229024252184,3708.182470017201,3678.2127954969897,3604.9029192468847,3469.475477628148,000300.SH
2017-07-26,3705.39,0.09725296607561096,2,-0.003809590381658068,-0.006387122108631793,0.0039880920452717294,-0.005144241544553285,-0.6531268851799776,1.27281473261871,1.2490163074367233,1.6241700194999042,3707.674748195892,3680.8011006877523,3608.8435890803403,3471.822885810953,000300.SH
2017-07-27,3712.19,0.10314923059629333,3,0.0018351644496261699,-0.003809590381658068,-0.006387122108631793,0.0039880920452717294,-0.9522716842588319,0.6853959402427945,1.4231851588754507,1.1818481641286294,3708.495703069366,3683.790519669871,3612.896389508562,3474.2145983899486,000300.SH
2017-07-28,3721.89,-0.2215745682316469,4,0.002613012803762693,0.0018351644496261699,-0.003809590381658068,-0.006387122108631793,-0.17996030681757258,0.5076841232592111,1.804192093393464,1.5023999127304455,3710.9310297840266,3687.4190416060737,3617.170648743521,3476.6790302467653,000300.SH
2017-07-31,3737.87,0.2787543040391882,0,0.004293517540819414,0.002613012803762693,0.0018351644496261699,-0.003809590381658068,-0.1495938260490881,2.028354933452703,2.3039721487044584,2.3835545147020465,3715.829024368749,3692.2238947864475,3621.903956635932,3479.2779453686885,000300.SH
2017-08-01,3770.38,0.07606091187818653,1,0.008697466739078674,0.004293517540819414,0.002613012803762693,0.0018351644496261699,1.3662906365269123,2.814151473339188,2.712480351747981,4.154719086845793,3725.747383574431,3699.6673333782146,3627.726546571778,3482.174483225717,000300.SH
2017-08-02,3760.85,0.0936257527541251,2,-0.002527596687867062,0.008697466739078674,0.004293517540819414,0.002613012803762693,1.4967385349450302,0.8338360479924978,2.7886039761453096,2.764449350762921,3732.1296774699886,3705.494254008861,3632.9470741571986,3484.947373939889,000300.SH
2017-08-03,3727.83,-0.1300662237944472,3,-0.008779930069000352,-0.002527596687867062,0.008697466739078674,0.004293517540819414,0.4213146417613389,-0.5349691025326342,1.1095982554544026,1.8504958880904976,3731.34791792999,3707.621467912779,3636.6679732098573,3487.3641164877513,000300.SH
2017-08-04,3707.58,0.021748527689134045,4,-0.005432114661881093,-0.008779930069000352,-0.002527596687867062,0.008697466739078674,-0.38448207765409137,-0.563750469345059,0.12125009114010155,1.4127732204938237,3727.0264783063553,3707.617518587752,3639.448837005549,3489.555319308769,000300.SH
2017-08-07,3726.79,-0.2016970198404957,0,0.005181277275203788,-0.005432114661881093,-0.008779930069000352,-0.002527596687867062,-0.29642550436478343,-0.4455758961605105,1.7259168677461245,2.000717083277448,3726.983482250654,3709.443469198442,3642.8739806523904,3491.9158633952493,000300.SH
2017-08-08,3732.21,0.09031233238559944,1,0.0014543346955422365,0.005181277275203788,-0.005432114661881093,-0.008779930069000352,-1.012364801425858,0.34009398961167836,1.773297192938439,1.6726553539954336,3727.9337582050803,3711.611710227162,3646.37735396014,3494.3068498291273,000300.SH
2017-08-09,3731.04,-0.06320420404245242,2,-0.0003134871831971253,0.0014543346955422365,0.005181277275203788,-0.005432114661881093,-0.7926399617107838,0.6922348254839505,0.034586768550171065,1.9738604249457392,3728.49852944052,3713.4620235388606,3649.6974577264095,3496.662403562171,000300.SH
2017-08-10,3715.92,0.07856935687447364,3,-0.004052489386337288,-0.0003134871831971253,0.0014543346955422365,0.005181277275203788,-0.31948881789136685,0.10047977070140046,-0.8527487539622403,0.7865643952133405,3726.211524087698,3713.6961165351595,3652.294420168511,3498.844071188418,000300.SH
2017-08-11,3647.35,0.08836380512923969,4,-0.018453034510969024,-0.004052489386337288,-0.0003134871831971253,0.0014543346955422365,-1.6245097880558168,-2.0027459167251016,-2.179102075846162,-1.5052294165143199,3711.8730651626615,3707.3774387699063,3652.1005213383733,3500.321742121867,000300.SH
2017-08-14,3694.68,-0.12943339251383146,0,0.012976544614583085,-0.018453034510969024,-0.004052489386337288,-0.0003134871831971253,-0.8615993925066956,-1.1554708965266336,-1.3033362094527212,0.8494469859917642,3708.7470533149044,3706.168158887058,3653.7703048153,3502.25565513558,000300.SH
2017-08-15,3706.06,-0.11012502042124062,1,0.003080104366278036,0.012976544614583085,-0.018453034510969024,-0.004052489386337288,-0.7006572513336584,-1.7059288453683763,-0.3629461549215507,1.0602152062347603,3708.25849816674,3706.1578580406713,3655.820881097053,3504.2835590645795,000300.SH
2017-08-16,3701.42,0.019965761852472452,2,-0.0012520034753888964,0.003080104366278036,0.012976544614583085,-0.018453034510969024,-0.793880526609203,-1.5802278740178366,-0.10714121860316839,-0.7595683356793281,3707.0151348636964,3705.706633465369,3657.609081838345,3506.245115690803,000300.SH
2017-08-17,3721.28,0.07650584524132475,3,0.005365508372462413,-0.0012520034753888964,0.003080104366278036,0.012976544614583085,0.1442442248487552,-0.1757054372114486,0.24486893181652203,-0.7097345699435431,3709.6087467066604,3707.189811230572,3660.1059805897826,3508.384766280944,000300.SH
2017-08-18,3724.67,-0.10175040140125524,4,0.000910976868174318,0.005365508372462413,-0.0012520034753888964,0.003080104366278036,2.119895266426308,0.46094757227086447,0.07469323381401605,-0.1054014911763046,3712.3471563963585,3708.8545911133747,3662.637902919595,3510.536858158746,000300.SH
2017-08-21,3740.99,0.0067726069353002405,0,0.004381596221947115,0.000910976868174318,0.005365508372462413,-0.0012520034753888964,1.253423841848278,0.3810249571346791,0.0834699976189679,-0.06624869439316727,3717.554946142475,3711.9151062454343,3665.71053417765,3512.8299242467187,000300.SH
2017-08-22,3752.3,0.05826212403475628,1,0.003023263895385986,0.004381596221947115,0.000910976868174318,0.005365508372462413,1.247686222025557,0.5382869667033718,-0.47952726250404254,0.8802116379356795,3723.872228662025,3715.761286603012,3669.106199504017,3515.212711070135,000300.SH
2017-08-23,3756.09,-0.05376238798612798,2,0.00101004717106834,0.003023263895385986,0.004381596221947115,0.000910976868174318,1.4770007186431178,0.6713945709507341,-0.12656713243016648,1.3682770234712205,3729.7300052689293,3719.6021164503445,3672.517328935232,3517.609500014711,000300.SH
2017-08-24,3734.65,-0.13172942612722194,3,-0.005708063438309541,0.00101004717106834,0.003023263895385986,0.004381596221947115,0.3592849772121376,0.5040474498912761,0.18294825676063997,0.6050336863145489,3730.6245497654872,3721.0352482169783,3674.9539042711053,3519.769106979739,000300.SH
2017-08-25,3795.75,0.39876227096564354,4,0.016360301500810026,-0.005708063438309541,0.00101004717106834,0.003023263895385986,1.9083569819608126,4.068707417714235,2.3781010794102997,1.9844756293173615,3742.4655407172163,3728.15093886298,3679.6910060643954,3522.515185517254,000300.SH
2017-08-28,3842.71,0.5690169975423547,0,0.012371731541856112,0.016360301500810026,-0.005708063438309541,0.00101004717106834,2.7190663434010887,4.006571611073229,3.1104516219051748,2.8048059456321495,3760.691806041359,3739.0613256379347,3686.08390778736,3525.701203571809,000300.SH
2017-08-29,3834.54,-0.32763298284921216,1,-0.0021261037132648264,0.012371731541856112,0.016360301500810026,-0.005708063438309541,2.191722410255048,3.466754450818388,2.7418071330391314,1.701685241275408,3774.118750397475,3748.154532720036,3691.905715325111,3528.774226421841,000300.SH
2017-08-30,3834.3,0.0456441077508003,2,-6.258899372535431e-05,-0.0021261037132648264,0.012371731541856112,0.016360301500810026,2.082218477193032,3.5899735777080277,2.767592949954989,1.953015940545355,3785.060795779752,3756.358862937175,3697.4898049202047,3531.81428387038,000300.SH
2017-08-31,3822.09,-0.05507801239593657,3,-0.003184414365073218,-6.258899372535431e-05,-0.0021261037132648264,0.012371731541856112,2.341317124764042,2.7090141026743453,2.8571659239165603,2.528548780389661,3791.7933783652516,3762.618971228873,3702.376087080197,3534.70259945376,000300.SH
2017-09-01,3830.54,0.16355575231402342,4,0.0022108322933263036,-0.003184414365073218,-6.258899372535431e-05,-0.0021261037132648264,0.9165514061779678,2.8423994608918424,5.022550618942523,3.316449004471922,3798.8382186624785,3769.087640635647,3707.4021228809734,3537.646255180588,000300.SH
2017-09-04,3845.62,-0.039499606145260935,0,0.003936781759229735,0.0022108322933263036,-0.003184414365073218,-6.258899372535431e-05,0.0757278066781053,2.796853239383168,4.0853335065553775,3.1885349053743184,3807.3439970874824,3776.3764367655854,3712.822431787602,3540.7106705519254,000300.SH
2017-09-05,3857.05,-0.16958774446661018,1,0.0029722125431010937,0.003936781759229735,0.0022108322933263036,-0.003184414365073218,0.587032603649984,2.791621139034728,4.074138033383168,3.3449350384892718,3816.3814521624854,3784.059633264101,3718.478414854755,3543.8583255713093,000300.SH
2017-09-06,3849.45,0.06930701491071178,2,-0.001970417806354652,0.0029722125431010937,0.003936781759229735,0.0022108322933263036,0.3951177529144756,2.4855634449653774,3.999275953552961,3.1736459539431383,3822.3939154056698,3790.287287238949,3723.6145554486866,3546.8990387497047,000300.SH
2017-09-07,3829.87,0.0014759757490410141,3,-0.005086440920131441,-0.001970417806354652,0.0029722125431010937,0.003936781759229735,0.2035535531607069,2.5496365121229436,2.918081950296658,3.0665353398350748,3823.7532035137297,3794.0570694066682,3727.7814356271692,3549.7146702049317,000300.SH
2017-09-08,3825.99,-0.13550931566412627,4,-0.0010130892171275052,-0.005086440920131441,-0.001970417806354652,0.0029722125431010937,-0.11878220825263242,0.796680497925295,2.7202409877921996,4.897802514154104,3824.1598937839603,3797.0983008917474,3731.632751877084,3552.463678461599,000300.SH
2017-09-11,3825.65,0.14697338990970432,0,-8.886588830592235e-05,-0.0010130892171275052,-0.005086440920131441,-0.001970417806354652,-0.5192920777403853,-0.44395751956302076,2.26303732434463,3.5448266155661656,3824.4308221868764,3799.8175103306285,3735.319702783865,3555.1819503177026,000300.SH
2017-09-12,3837.93,0.21196836567849253,1,0.00320991204109089,-8.886588830592235e-05,-0.0010130892171275052,-0.005086440920131441,-0.49571563759869264,0.08840695363721007,2.2820669989073172,3.558226256455632,3826.8852181528982,3803.447271251521,3739.3436360080273,3557.9953637473773,000300.SH
2017-09-13,3842.61,-0.3270213940106492,2,0.0012194073367675085,0.00320991204109089,-8.886588830592235e-05,-0.0010130892171275052,-0.17768772162256585,0.21672795555902624,2.303459182287959,3.814482009607123,3829.7442693978255,3807.1770549418525,3743.3932973410456,3560.827350177752,000300.SH
2017-09-14,3829.96,0.13351839888935335,3,-0.003292033279463702,0.0012194073367675085,0.00320991204109089,-8.886588830592235e-05,0.0023499492149969825,0.20590828578082032,2.552046376501149,2.920500472955534,3829.7834931436755,3809.3468592331046,3746.788069994338,3563.5052869919036,000300.SH
2017-09-15,3831.3,0.0724300273548677,4,0.00034987310572431873,-0.003292033279463702,0.0012194073367675085,0.00320991204109089,0.13878760791325995,0.01984054467516483,0.9365737996443357,2.862803953101878,3830.059221663007,3811.4376345442374,3750.1022633278935,3566.1699110019345,000300.SH
2017-09-18,3843.14,-0.004145175420821379,0,0.003090334873280476,0.00034987310572431873,-0.003292033279463702,0.0012194073367675085,0.4571772117156536,-0.0644889510664104,0.011190019543505514,2.7305606269998117,3832.4375449970057,3814.4569074447863,3753.750802020917,3568.9258322854976,000300.SH
2017-09-19,3832.12,-0.04784428631500326,1,-0.002867446931415496,0.003090334873280476,0.00034987310572431873,-0.003292033279463702,-0.15138368860296847,-0.6463488935844808,-0.06311056867316367,2.127228633105016,3832.3798095430047,3816.1391067357595,3756.82410390245,3571.5446797254426,000300.SH
2017-09-20,3842.44,-0.07205862001150831,2,0.002693026314416036,-0.002867446931415496,0.003090334873280476,0.00034987310572431873,-0.004424076343945149,-0.18210393692604798,0.2122942910048664,2.298933199151243,3834.20893508064,3818.6439537133065,3760.1815900239226,3574.24015554907,000300.SH
2017-09-21,3837.82,0.06731993067632058,3,-0.0012023609997813267,0.002693026314416036,-0.002867446931415496,0.003090334873280476,0.2052240754472745,0.20757884732380827,0.41155493460385273,2.762507865529562,3834.8654923387053,3820.4702438358486,3763.2262335523965,3576.8628405684826,000300.SH
2017-09-22,3837.73,-0.10942672418488253,4,-2.34508132220812e-05,-0.0012023609997813267,0.002693026314416036,-0.002867446931415496,0.1678281523242786,0.3068486849155505,0.1877019950189851,1.1059737864717034,3835.3863119134858,3822.114030137196,3766.147949883675,3579.4585336971545,000300.SH
2017-09-25,3817.79,0.059358729955928835,0,-0.005195779796911215,-2.34508132220812e-05,-0.0012023609997813267,0.002693026314416036,-0.6596168757838639,-0.20545528210892394,-0.7236804468460201,-0.6485006674976757,3832.18698247467,3821.7022177431777,3768.1731283196095,3581.8299910733026,000300.SH
2017-09-26,3820.78,-0.25697777853605785,1,0.0007831756068301665,-0.005195779796911215,-2.34508132220812e-05,-0.0012023609997813267,-0.29591975199105836,-0.44685546635815365,-0.940355971532647,-0.35884356402592354,3830.1129856610933,3821.6143874819227,3770.2361428953113,3584.207603102424,000300.SH
2017-09-27,3821.2,0.08178394031296077,2,0.00010992519851948934,0.0007831756068301665,-0.005195779796911215,-2.34508132220812e-05,-0.552773758341063,-0.5571733795519229,-0.733871072490877,-0.34165297446732135,3828.492442813622,3821.574922007454,3772.234725526868,3586.565736404888,000300.SH
2017-09-28,3822.54,0.05806843197529998,3,0.0003506751805715247,0.00010992519851948934,0.0007831756068301665,-0.005195779796911215,-0.398142695592818,-0.19373570481153735,-0.19139030828722037,0.011773663100544951,3827.4101804838724,3821.6668341972204,3774.2074813885592,3588.913739027725,000300.SH
2017-09-29,3836.5,0.0035490963224604766,4,0.0036520219539886156,0.0003506751805715247,0.00010992519851948934,0.0007831756068301665,-0.0320501963400277,0.1357241667319098,0.2747001429695306,0.15559163982101776,3829.06287494135,3823.0795166546277,3776.650325255675,3591.3772839130215,000300.SH
2017-10-09,3882.21,0.48152878272169874,0,0.011914505408575637,0.0036520219539886156,0.0003506751805715247,0.00010992519851948934,1.687363631839367,1.01661662078405,1.4784415720204391,0.9514720643225338,3838.7259885883773,3828.710991258949,3780.789920343688,3594.271141784534,000300.SH
2017-10-10,3889.86,-0.08120042716864218,1,0.001970527096679442,0.011914505408575637,0.0036520219539886156,0.0003506751805715247,1.8080077889854884,1.5067377848292818,1.3530731409900687,0.8506501082433449,3848.023081572308,3834.534706377144,3785.067178369426,3597.2123244533445,000300.SH
2017-10-11,3902.69,-0.08752388122679533,2,0.003298319219714907,0.001970527096679442,0.011914505408575637,0.0036520219539886156,2.1325761540877286,1.5680140743902227,1.563520627906545,1.3830547221031608,3857.9625212864335,3841.025686722178,3789.6798380412133,3600.2519033145054,000300.SH
2017-10-12,3912.95,-0.1457168972299797,3,0.002628955925271903,0.003298319219714907,0.001970527096679442,0.011914505408575637,2.365181266906302,1.957621774861762,2.166863361497251,2.1692642309007804,3867.9602446889,3847.8756213200654,3794.513962039597,3603.3633271621225,000300.SH
2017-10-13,3921.0,-0.0717221862445162,4,0.0020572713681494825,0.002628955925271903,0.003298319219714907,0.001970527096679442,2.2025283461488243,2.1697722351494253,2.341241876125588,2.483278837634195,3877.603836563645,3854.8398478610115,3799.4741988223577,3606.5238910709572,000300.SH
2017-10-16,3913.45,0.3193714273017525,0,-0.0019255292017342773,0.0020572713681494825,0.002628955925271903,0.003298319219714907,0.8046962941211211,2.505638078574246,1.8294935911780552,2.295034830682363,3884.1213208248,3860.421767112344,3803.943838084226,3609.57788220458,000300.SH
2017-10-17,3913.07,-0.2924957579628038,1,-9.71010233935532e-05,-0.0019255292017342773,0.0020572713681494825,0.002628955925271903,0.5966795720154572,2.415475374138265,2.112407753410661,1.9578262240322442,3889.3847170384724,3865.435884530216,3808.223295414257,3612.597704272196,000300.SH
2017-10-18,3944.16,0.18472698272723487,2,0.007945168371636502,-9.71010233935532e-05,-0.0019255292017342773,0.0020572713681494825,1.0626004115110277,3.217837328587869,2.647276209908278,2.6427350160437735,3899.3438593951137,3872.9334193368622,3813.5541465744823,3615.896831592871,000300.SH
2017-10-19,3931.25,0.05354737899063422,3,-0.0032731937852419346,0.007945168371636502,-9.71010233935532e-05,-0.0019255292017342773,0.4676778389705927,2.8439205345136997,2.4344549770442647,2.6446751402103397,3905.1449758687295,3878.487379400018,3818.169670238228,3619.0346740645837,000300.SH
2017-10-20,3926.85,-0.2902639885648952,4,-0.0011192368839427758,-0.0032731937852419346,0.007945168371636502,-9.71010233935532e-05,0.14919663351184997,2.3550110778052913,2.3222060957909907,2.4939315636989923,3909.091343892597,3883.0933432666834,3822.431643954376,3622.0975131286177,000300.SH
2017-10-23,3930.8,0.06084091719803442,0,0.0010058953104905566,-0.0011192368839427758,-0.0032731937852419346,0.007945168371636502,0.4433428304948306,1.2516066879432186,2.960089475848604,2.2809473503437427,3913.0383722757606,3887.6368343841423,3826.6813834071454,3625.1691796646514,000300.SH
2017-10-24,3959.4,0.19855464016032554,1,0.007275872595909227,0.0010058953104905566,-0.0011192368839427758,-0.0032731937852419346,1.1839808641296967,1.7877250080979845,3.6280550044755167,3.3213991211131333,3921.467759134713,3894.4714215856525,3831.886035038238,3628.4948594689836,000300.SH
2017-10-25,3976.95,-0.11125385476505745,2,0.004432489771177384,0.007275872595909227,0.0010058953104905566,-0.0011192368839427758,0.8313557259340465,1.9027901268099612,4.075944729404379,3.5006402181946727,3931.5554392920376,3902.3265242917805,3837.574817977915,3631.9620747976505,000300.SH
2017-10-26,3993.58,0.5960318782074308,3,0.0041815964495404145,0.004432489771177384,0.007275872595909227,0.0010058953104905566,1.5855007949125532,2.060593669737676,4.474511712107665,4.058554074969645,3942.8326321480304,3911.017331502087,3843.692668253291,3635.560263108122,000300.SH
2017-10-27,4021.97,-0.10272703245530412,4,0.007108909800229268,0.0041815964495404145,0.004432489771177384,0.007275872595909227,2.4222977704775994,2.5751083907166405,4.834354229115068,4.800754612752844,3957.221244484752,3921.584252311412,3850.6839361649263,3639.405136112021,000300.SH
2017-10-30,4009.72,0.2648475569477673,0,-0.00304577110222104,0.007108909800229268,0.0041815964495404145,0.004432489771177384,2.0077337946473817,2.459977768976218,3.2844694130405028,5.02725398725441,3966.7664727602514,3929.9781330436585,3856.920644550615,3643.089861125832,000300.SH
2017-10-31,4006.72,-0.261474349247485,1,-0.0007481819179394611,-0.00304577110222104,0.007108909800229268,0.0041815964495404145,1.1951305753396868,2.3932615567827664,3.004221231612436,4.866545574463843,3974.0307504402053,3937.286882277596,3862.795129078042,3646.7080714628887,000300.SH
2017-11-01,3996.62,0.16501322873973545,2,-0.002520765114607415,-0.0007481819179394611,-0.00304577110222104,0.007108909800229268,0.4946001332679639,1.33006774573039,2.406801462580943,4.590704490735886,3978.137886723804,3942.937655394015,3868.043163231844,3650.1897821946013,000300.SH
2017-11-02,3997.13,-0.0870736967249679,3,0.00012760782861520603,-0.002520765114607415,-0.0007481819179394611,-0.00304577110222104,0.08889267273974877,1.6758028616852272,2.151318059264762,4.567381897900358,3981.5909982285666,3948.0988310707758,3873.105392124713,3653.641923665302,000300.SH
2017-11-03,3992.7,0.040535892033075616,4,-0.00110829520180733,0.00012760782861520603,-0.002520765114607415,-0.0007481819179394611,-0.7277528176490633,1.6769166125520485,1.828615149196633,4.071419262348486,3983.6108167324633,3952.3465614449874,3877.795376747273,3657.0156358676377,000300.SH
2017-11-06,4020.89,0.004867775214259851,0,0.007060385202995567,-0.00110829520180733,0.00012760782861520603,-0.002520765114607415,0.27857306744609733,2.291899867711389,2.7454036719518626,3.572192127679852,3990.3888500538333,3958.8745079740365,3883.406930600321,3660.636276306766,000300.SH
2017-11-07,4054.25,0.22074570142215943,1,0.008296670637595094,0.007060385202995567,-0.00110829520180733,0.00012760782861520603,1.1862570880920131,2.3955649845936122,3.607908879728705,4.226116107006428,4001.999968225863,3967.9578881669854,3890.1066588120734,3664.5528307713753,000300.SH
2017-11-08,4048.01,0.03587161814799922,2,-0.0015391256089288818,0.008296670637595094,0.007060385202995567,-0.00110829520180733,1.2858365318694442,1.7867964143376325,2.6330067745730545,3.723585526905815,4010.365428548433,3975.5818988177484,3896.298946701796,3668.3683249925557,000300.SH
2017-11-09,4075.9,-0.2075272155116995,3,0.006889805114117742,-0.0015391256089288818,0.008296670637595094,0.007060385202995567,1.970663951385121,2.061308399981976,3.679491255961853,4.164377260123442,4022.2808051759903,3985.136003692249,3903.3421252625103,3672.4233665349184,000300.SH
2017-11-10,4111.91,0.24881209842308039,4,0.008834858558845804,0.006889805114117742,-0.0015391256089288818,0.008296670637595094,2.9856989004934054,2.236217574969479,4.712683193908607,4.868910992093856,4038.577022416719,3997.2097176263205,3911.521257605157,3676.796367862929,000300.SH
2017-11-13,4128.07,0.03550548617656091,0,0.00393004710706224,0.008834858558845804,0.006889805114117742,-0.0015391256089288818,2.665579013601471,2.951577666270966,5.018571283199336,5.48416358967152,4054.8484728864064,4009.6726016619086,3920.0133651500532,3681.2866527598153,000300.SH
2017-11-14,4099.35,-0.03071803732127476,1,-0.0069572463645236615,0.00393004710706224,0.008834858558845804,0.006889805114117742,1.1124129000431804,2.3118660650107925,3.534626458554335,4.760456623571785,4062.939659634332,4018.213306265536,3927.0461743598553,3685.4464870607126,000300.SH
2017-11-15,4073.67,-0.1094758593484203,2,-0.006264407771963909,-0.0069572463645236615,0.00393004710706224,0.008834858558845804,0.6338917146943679,1.9278790578038496,2.4320144834609536,3.283588901058776,4064.890630609908,4023.494896145009,3932.796128306528,3689.309407587472,000300.SH
2017-11-16,4105.01,-0.02728053994901236,3,0.007693308490869466,-0.006264407771963909,-0.0069572463645236615,0.00393004710706224,0.7141980912191093,2.698936486929382,2.790228316447907,4.419968203497615,4072.1850614081063,4031.258239369294,3939.549613470978,3693.4457318900845,000300.SH
2017-11-17,4120.85,0.46369942652530405,4,0.0038586994915967843,0.007693308490869466,-0.006264407771963909,-0.0069572463645236615,0.21741721000703151,3.2096075337491037,2.4584967068377095,4.940346588232303,4081.033232061178,4039.79078800079,3946.6594325505475,3697.698510677248,000300.SH
2017-11-20,4143.83,-0.24296600935098167,0,0.005576519407403779,0.0038586994915967843,0.007693308490869466,-0.006264407771963909,0.38177647181369956,3.0575320389267135,3.3446225671617924,5.419507479393504,4092.4508262318727,4049.6992843816674,3954.3916116662126,3702.1376299739923,000300.SH
2017-11-21,4217.7,0.3221080221247872,1,0.017826503500384838,0.005576519407403779,0.0038586994915967843,0.007693308490869466,2.88704306780343,4.031571807362644,5.2656537017810034,6.523715714502187,4115.223403280623,4065.6993525357943,3964.717430816557,3707.267603805097,000300.SH
2017-11-22,4227.57,0.003932693833689438,2,0.0023401379898997376,0.017826503500384838,0.005576519407403779,0.0038586994915967843,3.777920155535419,4.435759793083505,5.77863294483838,6.301814204352585,4135.6500572296,4081.1156046752426,3975.0253747061042,3712.4447420756933,000300.SH
2017-11-23,4102.4,-0.0659133232318132,3,-0.02960802541412677,0.0023401379898997376,0.017826503500384838,0.005576519407403779,-0.06358084389563867,0.6501631541499853,2.6336396364391224,2.7248734218420445,4129.604592278763,4083.1426899442667,3980.020458050963,3716.324893895836,000300.SH
2017-11-24,4104.2,-0.22996243401704097,4,0.0004387675507020461,-0.02960802541412677,0.0023401379898997376,0.017826503500384838,-0.4040428552361863,-0.1875041039322345,2.79259648859167,2.0445204713113174,4124.985575500807,4085.148148044813,3984.890244009749,3720.1843476879176,000300.SH
2017-11-27,4049.95,0.0005049417428111269,0,-0.013218166756006067,0.0004387675507020461,-0.02960802541412677,0.0023401379898997376,-2.2655369549426485,-1.8924097701831566,0.7227255657329623,1.0033119519567535,4111.342743591568,4081.7959434691165,3987.4416069897593,3723.4655979596796,000300.SH
2017-11-28,4055.82,-0.2593645895689478,1,0.0014494006098841883,-0.013218166756006067,0.0004387675507020461,-0.02960802541412677,-3.8381108186926416,-1.0618756632149062,0.03872479496824788,1.2254412586854224,4101.247699302192,4079.3220440911055,3990.123112598004,3726.772606935205,000300.SH
2017-11-29,4053.75,0.22284025375600436,2,-0.0005103776794828097,0.0014494006098841883,-0.013218166756006067,0.0004387675507020461,-4.111581830697064,-0.4889939538548771,0.14179806868066525,1.429457891918684,4092.6117539745205,4076.886611320524,3992.618284652984,3730.02611333386,000300.SH
2017-11-30,4006.1,-0.12014594372238419,3,-0.01175454825778599,-0.0005103776794828097,0.0014494006098841883,-0.013218166756006067,-2.3474063962558467,-2.409494739355089,-1.7125052135724683,0.22441101490318083,4076.882344160971,4070.145029289998,3993.146979372475,3732.7731171812843,000300.SH
2017-12-01,3998.14,-0.06733198495919401,4,-0.0019869698709468198,-0.01175454825778599,-0.0005103776794828097,0.0014494006098841883,-2.584182057404605,-2.9777837096715554,-2.766840713926133,0.13624865379318063,4062.5655543135217,4063.2874074528554,3993.3427841029666,3735.4135836769933,000300.SH
2017-12-04,4018.86,0.016264354636792877,0,0.005182409820566614,-0.0019869698709468198,-0.01175454825778599,-0.0005103776794828097,-0.7676637983184853,-3.015809046220519,-2.6455462237801153,-0.05048633511485212,4054.6190898928808,4059.0562257906786,3994.3434592361837,3738.2339460284666,000300.SH
2017-12-05,4040.17,0.4204406992581411,1,0.005302498718542159,0.005182409820566614,-0.0019869698709468198,-0.01175454825778599,-0.38586525043025066,-4.20916613320056,-1.4436435044580254,-0.34728988098908786,4051.9919826396294,4057.257537620138,3996.1405784818235,3741.2382848739544,000300.SH
2017-12-06,4015.82,-0.2659841723691725,2,-0.006026974112475436,0.005302498718542159,0.005182409820566614,-0.0019869698709468198,-0.9356768424298445,-5.008787554079519,-1.4200953930976201,-0.7952055454408469,4045.4152585233333,4053.3111054658393,3996.912320502144,3743.970441243368,000300.SH
2017-12-07,3971.06,-0.1697516461685621,3,-0.01114591789472641,-0.006026974112475436,0.005302498718542159,0.005182409820566614,-0.8746661341454298,-3.2015405616224624,-3.2630858390113593,-2.5721926445693044,4031.89612061,4045.4776668500454,3995.898504011864,3746.2300388429367,000300.SH
2017-12-08,4003.38,0.03944824623572507,4,0.008138884831757842,-0.01114591789472641,-0.006026974112475436,0.005302498718542159,0.1310609433386567,-2.456507967447974,-2.850625477753377,-2.639406018127821,4026.7113714081815,4041.468365245279,3996.191896011399,3748.7887449241016,000300.SH
2017-12-11,4069.5,0.19381781461838088,0,0.016516043942868208,0.008138884831757842,-0.01114591789472641,-0.006026974112475436,1.2600588226511888,0.4827220089137052,-1.7937511915305349,-1.4188228397289726,4034.4911220612394,4044.1380447457286,3999.066723618795,3751.979901691026,000300.SH
2017-12-12,4016.02,-0.16811680548428543,1,-0.013141663595036213,0.016516043942868208,0.008138884831757842,-0.01114591789472641,-0.5977471245021904,-0.9813058764935323,-4.781753088176021,-2.0327612914242565,4031.1327362319225,4041.460135722326,3999.7315579866854,3754.607166350817,000300.SH
2017-12-13,4050.09,-0.06888869853891633,2,0.008483523488428846,-0.013141663595036213,0.016516043942868208,0.008138884831757842,0.8533749022615611,-0.09028677150786368,-4.198156387712082,-0.5788392285089317,4034.579511462482,4042.282027558295,4001.706398849953,3757.547294048819,000300.SH
2017-12-14,4026.15,0.00070056982925637,3,-0.005910979756005408,0.008483523488428846,-0.013141663595036213,0.016516043942868208,1.3872870216012911,0.5004867576945182,-1.858668096723859,-1.9210671837583848,4033.0468730147577,4040.7456439813145,4002.6649714440728,3760.219957789627,000300.SH
2017-12-15,3980.86,0.02943157325830592,4,-0.011248959924493596,-0.005910979756005408,0.008483523488428846,-0.013141663595036213,-0.5625246666566719,-0.4322009734526455,-3.0052141708493685,-3.3971146729436907,4023.558350648438,4035.042249316428,4001.8098745246975,3762.415381095203,000300.SH
2017-12-18,3985.29,-0.05697268619126494,0,0.0011128248669884933,-0.011248959924493596,-0.005910979756005408,0.008483523488428846,-2.0692959823074064,-0.8353115062480487,-1.596562920529876,-3.825929152499019,4016.600468712358,4030.3039398577203,4001.162036308043,3764.6330389947534,000300.SH
2017-12-19,4035.33,0.03825352306815821,1,0.012556175334793584,0.0011128248669884933,-0.011248959924493596,-0.005910979756005408,0.4808242986837685,-0.11979693923770407,-0.5051999349083625,-4.3239206202432605,4020.005838037384,4030.782612252223,4002.5019564528257,3767.326541094308,000300.SH
2017-12-20,4030.49,0.0932314466948625,2,-0.00119940624434689,0.012556175334793584,0.0011128248669884933,-0.011248959924493596,-0.4839398630647751,0.36530521786333203,-0.5737897008942339,-4.661779698502921,4021.9120493033142,4030.754744418678,4003.599526788009,3769.9450829739667,000300.SH
2017-12-21,4067.85,0.08679433824072125,3,0.009269344422142334,-0.00119940624434689,0.012556175334793584,0.0011128248669884933,1.0357289221712973,2.437384476688842,1.5413993659669112,-0.8421899375974928,4030.2644039754387,4034.2876259026134,4006.1191531884792,3772.9093110040767,000300.SH
2017-12-22,4054.6,-0.24229528589273852,4,-0.0032572489152746797,0.009269344422142334,-0.00119940624434689,0.012556175334793584,1.8523635596328303,1.2794188910370652,1.412156652843577,-1.2085181034062642,4034.6890577980857,4036.2221377214123,4008.0203628673626,3775.712203431897,000300.SH
2017-12-25,4041.54,0.24430905948202808,0,-0.0032210329009026983,-0.0032572489152746797,0.009269344422142334,-0.00119940624434689,1.411440572706124,-0.6870622926649528,0.5643391409504206,-0.2076568846528959,4035.934683652979,4036.7286007955636,4009.3348584411915,3778.357256134067,000300.SH
2017-12-26,4053.62,-0.0786042110272801,1,0.0029889596539933727,-0.0032210329009026983,-0.0032572489152746797,0.009269344422142334,0.4532466985351924,0.9362503174785042,0.3329067836254307,-0.05424303839914879,4039.1501957160735,4038.3373054817007,4011.071530659184,3781.0961889088526,000300.SH
2017-12-27,3991.21,0.17366291613036866,2,-0.015396115077387584,0.0029889596539933727,-0.0032210329009026983,-0.0032572489152746797,-0.9745713300367886,-1.4537948539415146,-0.6128262720938693,-1.5427690410114048,4030.433796494969,4033.8489906739196,4010.2926471039223,3783.186873596327,000300.SH
2017-12-28,4018.9,0.09336805086305988,3,0.006937745696167452,-0.015396115077387584,0.0029889596539933727,-0.0032210329009026983,-1.2033383728505154,-0.1800727742384156,1.2047161211364177,0.31951274306682986,4028.3367425867928,4032.4252772764034,4010.6301903547487,3785.5322778391496,000300.SH
2017-12-29,4030.85,-0.2107547220162892,4,0.0029734504466396583,0.006937745696167452,-0.015396115077387584,0.0029889596539933727,-0.5857544517338331,1.2557588058861535,0.6861701861926583,0.8181304306502435,4028.793698480103,4032.275250869127,4011.423124066327,3787.9732501989592,000300.SH
2018-01-02,4087.4,0.4712715236987477,1,0.014029299031221854,0.0029734504466396583,0.006937745696167452,-0.015396115077387584,1.1347159746037505,2.5621723889604153,0.43985747634844863,1.7054587619374617,4039.4493896655385,4037.5252269768293,4014.4026093970597,3790.952620843746,000300.SH
2018-01-03,4111.39,0.15316451275806675,2,0.005869256740226092,0.014029299031221854,0.0029734504466396583,0.006937745696167452,1.4251459189563942,1.8848520443185635,2.3747391696256503,1.762797110022607,4052.5295006354404,4044.5599672647504,4018.206036479528,3794.1410524771413,000300.SH
2018-01-04,4128.81,-0.15167356100118956,3,0.0042370098677089185,0.005869256740226092,0.014029299031221854,0.0029734504466396583,3.4475760483662965,2.4394056305809153,1.9436605112479022,2.813622124497628,4066.3986823380874,4052.583779906203,4022.543446813664,3797.471091755976,000300.SH
2018-01-05,4138.75,0.0612108187570779,4,0.0024074733397758674,0.0042370098677089185,0.005869256740226092,0.014029299031221854,2.9821592973201527,1.7429354573054612,2.7967164661028443,4.222801972269363,4079.5534673675256,4060.7900865818024,4027.100566546462,3800.8669017882553,000300.SH
2018-01-08,4160.16,0.22244158122275426,0,0.005173059498640775,0.0024074733397758674,0.0042370098677089185,0.005869256740226092,3.2080082364761786,2.603462733685191,4.504051888285443,3.9161908187581362,4094.20920057343,4070.253887859726,4032.3185835446398,3804.441957491855,000300.SH
2018-01-09,4189.3,-0.1962368841133325,1,0.007004538286988993,0.005173059498640775,0.0024074733397758674,0.0042370098677089185,2.4930273523511293,3.656032106573237,5.119075399782713,2.9438505958963024,4111.498436832806,4081.591612825466,4038.4747175232815,3808.271390750643,000300.SH
2018-01-10,4207.81,0.0707523799412535,2,0.004418399255245564,0.007004538286988993,0.005173059498640775,0.0024074733397758674,2.3451922585792095,3.803760589300431,4.27424770712681,4.775623627372383,4129.009630135932,4093.612411603993,4045.1153168360943,3812.2468993003886,000300.SH
2018-01-11,4205.59,-0.12544474538780426,3,-0.000527590361732222,0.004418399255245564,0.007004538286988993,0.005173059498640775,1.8596157246276723,5.371303439307873,4.344384925902323,3.8394208523761186,4142.93333374758,4104.276943832184,4051.4084416660517,3816.1607609988923,000300.SH
2018-01-12,4225.0,-0.07512060368771745,4,0.004615285845743333,-0.000527590361732222,0.004418399255245564,0.007004538286988993,2.0839625490788327,5.128268929309021,3.8632201285691448,4.938961538939179,4157.854545793474,4115.774377752929,4058.215953757579,3820.2288131282567,000300.SH
2018-01-15,4225.24,0.4909729128059104,0,5.680473372771111e-05,0.004615285845743333,-0.000527590361732222,0.004418399255245564,1.564362909118877,4.82255603656796,4.208553248162583,6.138874514552128,4170.106446558297,4126.199675109792,4064.7659163553208,3824.258775186682,000300.SH
2018-01-16,4258.47,-0.028577630749056726,1,0.007864642008501344,5.680473372771111e-05,0.004615285845743333,-0.000527590361732222,1.6511111641563048,4.185301169447575,5.3675084250063065,6.854708189366399,4186.172547184061,4138.79684890886,4072.362154929622,3828.5792848863175,000300.SH
2018-01-17,4248.12,0.2465625212603444,2,-0.0024304503730213645,0.007864642008501344,5.680473372771111e-05,0.004615285845743333,0.9579805171811451,3.3256392606879848,4.798180391847295,5.273174684598292,4197.435720423322,4149.208577584207,4079.254619442186,3832.7538193650607,000300.SH
2018-01-18,4271.42,-0.20827187466043395,3,0.005484779149364849,-0.0024304503730213645,0.007864642008501344,5.680473372771111e-05,1.565297615792316,3.4540218610204843,7.020677939772657,5.97768509536063,4210.887407619081,4160.847760671425,4086.7905167189633,3837.118656983319,000300.SH
2018-01-19,4285.4,0.14765451539304797,4,0.0032729162667215483,0.005484779149364849,-0.0024304503730213645,0.007864642008501344,1.4295857988165572,3.5433403805496644,6.631167732464105,5.348033973720745,4224.435151688339,4172.709878702718,4094.579123906455,3841.5791678591067,000300.SH
2018-01-22,4336.6,-0.0951230325587159,0,0.011947542819807033,0.0032729162667215483,0.005484779149364849,-0.0024304503730213645,2.635589930986182,4.241183031421891,7.585248768870101,6.955063384797522,4244.828760472277,4188.318461683411,4104.070138655222,3846.5047482784194,000300.SH
2018-01-23,4382.61,0.09896186625230552,1,0.010609694230502953,0.011947542819807033,0.0032729162667215483,0.005484779149364849,2.915131490887557,4.6143747165397375,7.222439692714189,8.439109844267279,4269.8798949318625,4206.822417713563,4114.993270472664,3851.8391288925645,000300.SH
2018-01-24,4389.89,0.10640228885811309,2,0.0016611106167330192,0.010609694230502953,0.011947542819807033,0.0032729162667215483,3.337240944229447,4.327191579467704,6.773864799982476,8.295548176691469,4291.69991403516,4224.257425550366,4125.773534375698,3857.192868903584,000300.SH
2018-01-25,4365.08,-0.1200921809868647,3,-0.005651622250215982,0.0016611106167330192,0.010609694230502953,0.011947542819807033,2.1927134301941598,3.792333537030479,5.722472092443098,9.367334718042898,4305.041747846949,4237.669099307474,4135.158101655083,3862.246472198076,000300.SH
2018-01-26,4381.3,-0.107774303259635,4,0.0037158540049666566,-0.005651622250215982,0.0016611106167330192,0.010609694230502953,2.2378307742567882,3.699408284023664,5.860465116279068,9.017392818930547,4318.906884602049,4251.348232706762,4144.810725119589,3867.411183917498,000300.SH
2018-01-29,4302.02,0.14706854135230762,0,-0.018095085933398702,0.0037158540049666566,-0.005651622250215982,0.0016611106167330192,-0.7973988839182766,1.8171748823735623,3.409965001346116,6.727365195926427,4315.836541947131,4256.174115306118,4150.975794722743,3871.735649749165,000300.SH
2018-01-30,4256.1,-0.27139803554052144,1,-0.010674055443721797,-0.018095085933398702,0.0037158540049666566,-0.005651622250215982,-2.88663604564402,-0.05565379115034519,1.594538467047002,4.127318099525379,4304.975352502198,4256.167056705535,4155.0983125767525,3875.5601706471834,000300.SH
2018-01-31,4275.9,0.041528027479369456,2,0.004652146331147966,-0.010674055443721797,-0.018095085933398702,0.0037158540049666566,-2.596648207586083,0.6539363294822076,1.6181814292945518,4.00132315348336,4299.688924774525,4258.046384638342,4159.835633652174,3879.5436515362667,000300.SH
2018-02-01,4245.9,0.23059714467664394,3,-0.007016066792955855,0.004652146331147966,-0.010674055443721797,-0.018095085933398702,-2.730305057410176,-0.5974593928951166,0.9584862052648857,2.835926090084051,4289.909120270066,4256.889586101357,4163.210706842285,3883.188988336901,000300.SH
2018-02-02,4271.23,-0.2008960821434408,4,0.005965755199133227,-0.007016066792955855,0.004652146331147966,-0.010674055443721797,-2.5122680482961846,-0.330657581555982,1.0942011834319532,3.2009664753850586,4286.512916584599,4258.25533980599,4167.446757554352,3887.050092930564,000300.SH
2018-02-05,4274.15,0.1370000408537182,0,0.0006836438215689356,0.005965755199133227,-0.007016066792955855,0.004652146331147966,-0.6478352029976819,-1.4400682562376255,1.1575673807878273,2.740038844659809,4284.265113569218,4259.769116967324,4171.631198434574,3890.901833299414,000300.SH
2018-02-06,4148.89,0.2854935920866821,1,-0.029306411801176657,0.0006836438215689356,0.005965755199133227,-0.007016066792955855,-2.5189727684969854,-5.3328952382256105,-2.5732246558036076,-0.9646002912180984,4259.651456556632,4249.209201065674,4170.739386731258,3893.468879734246,000300.SH
2018-02-07,4050.5,-0.06409120796200407,2,-0.023714776723412823,-0.029306411801176657,0.0006836438215689356,0.005965755199133227,-5.271404850440831,-7.731173218463338,-4.651940152349743,-3.7385243154990477,4221.62391900088,4230.284515249896,4166.024116663365,3895.031378443358,000300.SH
2018-02-08,4012.05,-0.23878998587533196,3,-0.009492655227749669,-0.023714776723412823,-0.029306411801176657,0.0006836438215689356,-5.507666219176133,-8.087595187258877,-6.0722195429154695,-4.601970234854091,4183.519570091628,4209.500275702287,4159.9859160098995,3896.1957428369565,000300.SH
2018-02-09,3840.65,0.23968972043200454,4,-0.042721302077491585,-0.009492655227749669,-0.023714776723412823,-0.029306411801176657,-10.080936872985058,-12.33994476525232,-10.378261072478633,-9.097041420118346,4121.179648256786,4174.371678016354,4147.4629389114725,3895.64304887838,000300.SH
2018-02-12,3890.1,-0.392733691681603,0,0.012875424732792684,-0.042721302077491585,-0.009492655227749669,-0.023714776723412823,-8.985412304200835,-9.575036843157413,-10.29608449015359,-7.931857125275721,4079.1651667555516,4147.298184871939,4137.370274640435,3895.587894163172,000300.SH
2018-02-13,3935.63,-0.035891901428845574,1,0.011704069304131037,0.012875424732792684,-0.042721302077491585,-0.009492655227749669,-5.14017002137922,-7.529663306783208,-10.198945377297996,-7.581126554842466,4053.0678637090873,4127.139310122231,4129.458891321203,3895.9863230769715,000300.SH
2018-02-14,3966.96,-0.3555466577057552,2,0.007960606052906272,0.011704069304131037,0.012875424732792684,-0.042721302077491585,-2.0624614245154937,-7.225145583385951,-9.634182177685545,-6.618457105731467,4037.411888489253,4111.884137729638,4123.086385779196,3896.6925288174994,000300.SH
2018-02-22,4052.73,0.4857057551159807,3,0.021621090205094173,0.007960606052906272,0.011704069304131037,0.012875424732792684,1.0139454892137412,-4.549565463152683,-7.15565350463222,-5.11984304985228,4040.1969996730254,4106.250410326815,4120.32731182707,3898.2451404710564,000300.SH
2018-02-23,4071.09,-0.073289962088956,4,0.004530279589313846,0.021621090205094173,0.007960606052906272,0.011704069304131037,6.0000260372593095,-4.685769672904517,-7.080318626891557,-5.000933401782781,4045.813908823384,4102.901799819499,4118.39643685346,3899.964989819603,000300.SH
2018-02-26,4118.42,0.3964032686240053,0,0.011625879064329103,0.004530279589313846,0.021621090205094173,0.007960606052906272,5.869257859695121,-3.6435314623960213,-4.2677625859480095,-5.031130378637649,4059.015016310041,4104.379723646213,4118.397360898422,3902.1386715129406,000300.SH
2018-02-27,4058.98,-0.05210898264478869,1,-0.014432719343826061,0.011625879064329103,0.004530279589313846,0.021621090205094173,3.1341869027322167,-2.1670856542352346,-4.631470125232029,-7.384412484797864,4059.008649708215,4100.055940441812,4116.067268314171,3903.6992817466426,000300.SH
2018-02-28,4023.64,-0.10131125397722485,2,-0.008706620875195248,-0.014432719343826061,0.011625879064329103,0.004530279589313846,1.4288019037247635,-0.6631280088877922,-5.8995766973034875,-8.343033652323872,4052.577986124903,4092.7782318283057,4112.442669556753,3904.892721729263,000300.SH
2018-03-01,4049.09,-0.04256202755900229,3,0.006325118549373343,-0.008706620875195248,-0.014432719343826061,0.011625879064329103,-0.08981600057245132,0.923218803354886,-4.635295225982706,-7.239042583411981,4051.9438068294658,4088.617447844658,4109.9582511427625,3906.3275205180266,000300.SH
2018-03-02,4016.46,-0.10323234805531323,4,-0.008058600821419182,0.006325118549373343,-0.008706620875195248,-0.014432719343826061,-1.3419010633515915,4.577610560712375,-5.964792343189185,-8.327208819300214,4045.492205587744,4081.7453099546906,4106.291653058733,3907.4233660850114,000300.SH
2018-03-05,4018.1,-0.09725200674125134,0,0.00040831976417043947,-0.008058600821419182,0.006325118549373343,-0.008706620875195248,-2.4358856066161283,3.290403845659484,-5.99066481054712,-6.599690378008482,4040.5118045717904,4075.683851863768,4102.833156860352,3908.5246261239663,000300.SH
2018-03-06,4066.56,0.44986254404267556,1,0.012060426569771687,0.00040831976417043947,-0.008058600821419182,0.006325118549373343,0.18674642397844554,3.3267863086723137,-1.9843861852206324,-4.453372806090094,4045.247840104192,4074.814913591028,4101.41068012073,3910.0971174063147,000300.SH
2018-03-07,4036.65,-0.20305892520101898,2,-0.007355110953729871,0.012060426569771687,0.00040831976417043947,-0.008058600821419182,0.3233390661192326,1.7567608445762106,-0.3419330946796695,-5.595313267382296,4043.6845964488843,4071.180159915692,4098.871045606192,3911.356350068939,000300.SH
2018-03-08,4077.6,-0.0947312819121241,3,0.01014455055553487,-0.007355110953729871,0.012060426569771687,0.00040831976417043947,0.70410882445191,0.613660421493667,1.6338280928702265,-3.963823924256338,4049.851033458178,4071.7915732570546,4098.036886954968,3913.010515739895,000300.SH
2018-03-09,4108.87,0.21344729923587757,4,0.0076687267019814875,0.01014455055553487,-0.007355110953729871,0.012060426569771687,2.3007822809140377,0.9280069956694614,6.983713694296534,-3.8012469476005672,4060.5817546475996,4075.322851994478,4098.461714917519,3914.959366329548,000300.SH
2018-03-12,4127.67,0.26891322542001905,0,0.004575467220914842,0.0076687267019814875,0.01014455055553487,-0.007355110953729871,2.7269107289515038,0.22460069638357005,6.107040950104126,-3.427114163049949,4072.779617438945,4080.30829466167,4099.60713786193,3917.075890047662,000300.SH
2018-03-13,4091.25,-0.2584128422280284,1,-0.008823379775999562,0.004575467220914842,0.0076687267019814875,0.01014455055553487,0.6071470727101014,0.7950273221351223,3.9541318670708314,-1.389287255145355,4076.137868813682,4081.3503618367495,4099.279406965384,3918.8089657685814,000300.SH
2018-03-14,4073.34,-0.06825753381497024,2,-0.004377635197066909,-0.008823379775999562,0.004575467220914842,0.0076687267019814875,0.9089220021552435,1.2351999681880166,2.681650432573046,0.56388100234539,4075.629165393012,4080.58747023325,4098.262175319683,3920.34658799974,000300.SH
2018-03-15,4096.16,-0.03539290103024251,3,0.005602282156657701,-0.004377635197066909,-0.008823379775999562,0.004575467220914842,0.45516970767118803,1.1624834222010216,1.0716233255114505,2.0964344910955557,4079.3620444124645,4082.070568306274,4098.179737071852,3922.0959751838227,000300.SH
2018-03-16,4056.42,-0.037492261538140226,4,-0.009701769462130305,0.005602282156657701,-0.004377635197066909,-0.008823379775999562,-1.2765066794520052,0.994905961966519,-0.3603457550680589,5.618059443063017,4075.190763610198,4079.6276570390096,4096.542100323937,3923.4325326446806,000300.SH
2018-03-19,4074.25,-0.03227438302321195,0,0.004395501452019168,-0.009701769462130305,0.005602282156657701,-0.004377635197066909,-1.2941926074516608,1.3974266444339412,-1.0724986766769806,4.733811470142157,4075.019715681071,4079.1154992257707,4095.667900311234,3924.9332039616493,000300.SH
2018-03-20,4077.7,-0.05249102626738589,1,0.0008467816162482933,0.004395501452019168,-0.009701769462130305,0.005602282156657701,-0.33119462267033883,0.2739416115832505,0.46119961172510493,3.609841372283462,4075.507040102694,4078.980689775697,4094.963276769617,3926.4532715839214,000300.SH
2018-03-21,4061.05,0.24424114863846946,2,-0.004083184147926411,0.0008467816162482933,0.004395501452019168,-0.009701769462130305,-0.3017180004615372,0.6044616204030628,0.9297551470807575,2.371841410046982,4072.8784873567497,4077.2730050351547,4093.6333443472795,3927.7925425134345,000300.SH
2018-03-22,4020.35,-0.0837295318373068,3,-0.010022038635328356,-0.004083184147926411,0.0008467816162482933,0.004395501452019168,-1.850757782899104,-1.4040121640180536,-0.7097891131093714,-0.7989676094879328,4063.3278532918857,4071.851766460378,4090.7594877062097,3928.7135122396694,000300.SH
2018-03-23,3904.94,0.7146920588787755,4,-0.028706455905580297,-0.010022038635328356,-0.004083184147926411,0.0008467816162482933,-3.734327313246655,-4.963165055112473,-2.7765743963589773,-4.081216578361079,4034.53006178427,4055.9554077498656,4083.4724489726327,3928.476959879076,000300.SH
2018-03-26,3879.89,-0.2846005868389594,0,-0.006414951318074125,-0.028706455905580297,-0.010022038635328356,-0.004083184147926411,-4.7704485488126664,-6.002902363803308,-3.439685423458849,-5.791784227932073,4006.4136869144027,4039.18727367845,4075.4888235227254,3927.9935075419708,000300.SH
2018-03-27,3913.27,0.03631453062053813,1,0.008603336692535102,-0.006414951318074125,-0.028706455905580297,-0.010022038635328356,-4.032420236898249,-4.350259700580505,-3.769525102297766,-3.5898181316488365,3989.4784711117836,4027.1951523757402,4069.127301031638,3927.847004979364,000300.SH
2018-03-28,3842.72,-0.03969769220886721,2,-0.018028400800353728,0.008603336692535102,-0.006414951318074125,-0.028706455905580297,-5.376195811428087,-5.661692861386491,-4.8042312313428255,-4.496426121621222,3962.7951127278225,4009.6260902447175,4060.248583344123,3926.999970103948,000300.SH
2018-03-29,3894.05,0.058696770173940704,3,0.013357725777574325,-0.018028400800353728,0.008603336692535102,-0.006414951318074125,-3.141517529568316,-4.9341334322877906,-4.501422405336464,-3.8290084932663837,3950.2960013227635,3998.6188435547447,4053.7309918404317,3926.672109704904,000300.SH
2018-03-30,3898.5,-0.16386683424973503,4,0.0011427690964420645,0.013357725777574325,-0.018028400800353728,0.008603336692535102,-0.16491930733890658,-3.893087993846789,-5.119899145020401,-2.936914596435669,3940.8785465368064,3989.08371559715,4047.6435019643363,3926.3917902053527,000300.SH
2018-04-02,3886.92,0.15509503963778282,0,-0.0029703732204694466,0.0011427690964420645,0.013357725777574325,-0.018028400800353728,0.1811907038601568,-4.597901454255382,-5.832588360988156,-3.264727109828025,3931.067901711932,3979.353837921231,4041.3406195343628,3925.9990360739566,000300.SH
2018-04-03,3862.48,-0.1713529850884885,1,-0.006287754829016334,-0.0029703732204694466,0.0011427690964420645,0.013357725777574325,-1.2978915331679164,-5.277975329229712,-5.591689581423765,-5.018492288322318,3918.597374127944,3968.2229962144474,4034.3264775918387,3925.3670058642656,000300.SH
2018-04-04,3854.86,-0.0034598273956050196,2,-0.001972825749259499,-0.006287754829016334,-0.0029703732204694466,0.0011427690964420645,0.3159220552108932,-5.07725834451681,-5.363657342623007,-4.503486802175072,3907.008760650136,3957.4265203845,4027.288576509806,3924.66544361686,000300.SH
2018-04-09,3852.93,-0.10202512943880704,0,-0.0005006666908785595,-0.001972825749259499,-0.006287754829016334,-0.0029703732204694466,-1.0559700055212562,-4.164314052259133,-5.938000468731685,-5.509858740435547,3897.1762587137473,3947.474470824071,4020.450985274127,3923.951658108235,000300.SH
2018-04-10,3927.17,0.1673393148542739,1,0.019268452839786843,-0.0005006666908785595,-0.001972825749259499,-0.006287754829016334,0.7354110555341853,0.569278913376392,-3.1863071378210317,-4.422140393830897,3902.6296662203385,3945.540711697969,4016.7929074202398,3923.9836814106407,000300.SH
2018-04-11,3938.34,0.014846822525233616,2,0.0028442873621463693,0.019268452839786843,-0.0005006666908785595,-0.001972825749259499,1.322898335957512,1.5064860086239529,-3.3358286801251746,-4.586849239401403,3909.1224541802767,3944.854929631496,4013.7163228155246,3924.1265303518285,000300.SH
2018-04-12,3898.64,-0.22797258275972399,3,-0.010080389199510487,0.0028442873621463693,0.019268452839786843,-0.0005006666908785595,0.9361860773389186,-0.3738561356614878,-4.391200922088434,-4.707852123434164,3907.2165534202263,3940.4535077618298,4009.203525842367,3923.8729330348947,000300.SH
2018-04-13,3871.14,-0.08469758706801178,4,-0.007053741817659498,-0.010080389199510487,0.0028442873621463693,0.019268452839786843,0.422324027331733,0.7395802972894217,-4.6763767991036875,-4.963985328992926,3900.657180071094,3933.852221308322,4003.7892699269805,3923.3482272335523,000300.SH
2018-04-16,3808.86,0.33000845212831176,0,-0.01608828407135876,-0.007053741817659498,-0.010080389199510487,0.0028442873621463693,-1.1438048446247295,-2.187696614065049,-5.26048727100874,-7.013886176321227,3883.9667836945314,3921.948200231339,3996.1449848318052,3922.2090408929203,000300.SH
2018-04-17,3748.64,-0.03836923383523527,1,-0.015810504980492968,-0.01608828407135876,-0.007053741817659498,-0.010080389199510487,-4.546021689919211,-3.8440425804796785,-4.002622319421045,-7.587478614147458,3859.361913931889,3905.4426573521637,3986.438906995264,3920.481985759657,000300.SH
2018-04-18,3766.28,0.13088123301882137,2,0.004705706602928128,-0.015810504980492968,-0.01608828407135876,-0.007053741817659498,-4.368845757349538,-3.1037428092165475,-2.928175798798416,-7.558937227710616,3842.437929580636,3892.1890709376717,3977.8052243679986,3918.947637642646,000300.SH
2018-04-19,3811.84,-0.10873505916506332,3,0.012096817018384165,0.004705706602928128,-0.015810504980492968,-0.01608828407135876,-2.226417417355786,-1.3110747499016195,-2.591949954897055,-6.519851877283756,3836.8746696568837,3884.536778467417,3971.2967841967047,3917.881890004411,000300.SH
2018-04-20,3760.85,-0.03112802905141554,4,-0.013376741940899994,0.012096817018384165,0.004705706602928128,-0.015810504980492968,-2.849031551429293,-2.4387396688855145,-2.130522130157797,-7.392176900062797,3823.0520024465413,3872.7570852800445,3963.0439691301676,3916.3193836362084,000300.SH
2018-04-23,3766.33,-0.09540733368746601,0,0.0014571174069690773,-0.013376741940899994,0.012096817018384165,0.004705706602928128,-1.1166070687817387,-2.247640107658322,-3.279875707810642,-6.318355367070028,3812.738911092624,3862.6211723962306,3955.329695830945,3914.8269519582364,000300.SH
2018-04-24,3843.49,0.3036556900792686,1,0.020486786872100815,0.0014571174069690773,-0.013376741940899994,0.012096817018384165,2.5302509710188215,-2.1307964768522925,-1.411055534179817,-1.5736477385055903,3818.330018166692,3860.799155977542,3950.943825406202,3914.1171315407414,000300.SH
2018-04-25,3828.7,-0.2741930004225792,2,-0.003848065169936743,0.020486786872100815,0.0014571174069690773,-0.013376741940899994,1.657338275433573,-2.783914034847179,-1.497844051331143,-1.3193673016503094,3820.215469409111,3857.74209350349,3946.1499499000765,3913.2672098338685,000300.SH
2018-04-26,3755.49,0.18933120379156776,3,-0.019121372789719704,-0.003848065169936743,0.020486786872100815,0.0014571174069690773,-1.4782887004701206,-3.671793240719845,-2.7699819804892223,-4.031922152062095,3808.4472022438176,3848.0037988841104,3938.673089119681,3911.69728734796,000300.SH
2018-04-27,3756.88,0.12992780366362044,4,0.00037012480395381964,-0.019121372789719704,-0.003848065169936743,0.020486786872100815,-0.10556124280415302,-2.951585321119876,-2.541726547786427,-2.23383436732314,3799.071347290396,3839.3253418475288,3931.54394836989,3910.1568168270846,000300.SH
2018-05-02,3763.65,-0.15501785437470006,2,0.0018020272140713,0.00037012480395381964,-0.019121372789719704,-0.003848065169936743,-0.07115680251066347,-1.1869693294056516,-2.317197561336426,-3.3486986556413023,3792.6311023285057,3832.1181664334786,3924.9598719632277,3908.699037555173,000300.SH
2018-05-03,3793.0,0.022123692617835644,3,0.007798280924102841,0.0018020272140713,0.00037012480395381964,-0.019121372789719704,-1.3136498338749414,1.183362499466467,-3.416455106348848,-2.706169039374118,3792.698174632413,3828.3926267731476,3919.7849750234936,3907.5478033506442,000300.SH
2018-05-04,3774.6,-0.19899687282492773,4,-0.004851041392037958,0.007798280924102841,0.0018020272140713,0.00037012480395381964,-1.41301224958863,0.22090763299593696,-4.1575892381053965,-2.8896915809947243,3789.4075974265197,3823.269519461419,3914.0914465911997,3906.224939635713,000300.SH
2018-05-07,3834.19,0.2852002832520608,0,0.015787103269220726,-0.004851041392037958,0.007798280924102841,0.0018020272140713,2.095598710155011,0.5863310107454556,-1.6531405823569156,-0.7324309769888737,3797.5498524398795,3824.309565226998,3910.9580565287997,3905.5081740671985,000300.SH
2018-05-08,3878.68,0.07194867151861262,1,0.011603493827901046,0.015787103269220726,-0.004851041392037958,0.007798280924102841,3.242051915419175,3.1330683223207423,0.19477466586070857,0.6179212734055195,3812.300788359901,3829.487701872046,3909.692250390415,3905.241227061555,000300.SH
2018-05-09,3871.62,-0.31837783746214166,2,-0.0018202068745036826,0.011603493827901046,0.015787103269220726,-0.004851041392037958,2.868757721892301,2.795559603114972,1.647737118192838,0.48508537658353834,3823.0860995671915,3833.500301693756,3908.1992209633404,3904.9066874888035,000300.SH
2018-05-10,3893.06,0.1184130914431849,3,0.005537733558562019,-0.0018202068745036826,0.011603493827901046,0.015787103269220726,2.638017400474557,1.289713255400704,3.8525972085876603,-0.8685643860591785,3835.808626918611,3839.1726539133983,3907.6055260236017,3904.788810001353,000300.SH
2018-05-11,3872.84,0.043197074741267105,4,-0.005193857787961109,0.005537733558562019,-0.0018202068745036826,0.011603493827901046,2.6026598844910875,1.1528717319194692,2.8293169918327976,-1.6631372608764128,3842.5416038425,3842.3790678264077,3906.2421720618922,3904.470911394374,000300.SH
2018-05-14,3909.29,0.13744164486694843,0,0.009411697875460812,-0.005193857787961109,0.005537733558562019,-0.0018202068745036826,1.958692709542298,4.095337758854378,2.556508143049019,0.2731721831202627,3854.6776758711358,3848.751537557226,3906.361694726132,3904.518862524779,000300.SH
2018-05-15,3924.1,-0.13408531909675192,1,0.0037884117064734824,0.009411697875460812,-0.005193857787961109,0.005537733558562019,1.1710169439087537,4.451033836587803,4.34077402714812,1.368072454109126,3867.2999166218383,3855.927581599395,3907.057314540794,3904.713699713587,000300.SH
2018-05-16,3892.84,0.004166387427655849,2,-0.0079661578451109,0.0037884117064734824,0.009411697875460812,-0.005193857787961109,0.548090980003213,3.4325721042073543,3.3589727931434554,2.2048591967150255,3871.9435681451405,3859.443050018501,3906.499772794096,3904.5955534477803,000300.SH
2018-05-17,3864.05,-0.18238095600152926,3,-0.007395628898182349,-0.0079661578451109,0.0037884117064734824,0.009411697875460812,-0.7451721781837395,1.8731874505668378,0.5349304928593757,3.0787165478680434,3870.508373936933,3859.881807159596,3904.8350758217784,3904.1921151050165,000300.SH
2018-05-18,3903.06,0.11158685054917594,4,0.010095625056611546,-0.007395628898182349,-0.0079661578451109,0.0037884117064734824,0.7803059253674194,3.4032745191543423,1.9421735837229281,3.6317002453349234,3876.4268514029445,3863.994016001539,3904.765465005238,3904.180850278101,000300.SH
2018-05-21,3921.24,0.2448248029798441,0,0.004657883814237929,0.010095625056611546,-0.007395628898182349,-0.0079661578451109,0.3056821059578496,2.270362188623931,4.4135385795195825,2.8700050369375285,3884.574696602409,3869.446014477583,3905.4115252011115,3904.3505930614033,000300.SH
2018-05-22,3906.21,-0.14639978368642892,1,-0.003832971202986757,0.004657883814237929,0.010095625056611546,-0.007395628898182349,-0.45590071608776483,0.7097775531881956,3.974840825365722,3.8650836911868325,3888.508388129243,3872.947346432099,3905.442837938323,3904.3690946229813,000300.SH
2018-05-23,3854.58,0.07582519426126777,2,-0.013217415346333139,-0.003832971202986757,0.004657883814237929,0.010095625056611546,-0.9828300161321857,-0.4401258387961571,2.416005739109628,2.3431297841665533,3882.3395902875623,3871.1980753433277,3903.4482168427025,3903.873680746136,000300.SH
2018-05-24,3827.22,-0.15608581147315115,3,-0.007098049592951794,-0.013217415346333139,-0.003832971202986757,0.004657883814237929,-0.9531450162394428,-1.6912146229444258,0.9021882414974813,-0.4233131867131146,3872.3178465989145,3867.0096872153918,3900.4588750057337,3903.1109575546325,000300.SH
2018-05-25,3816.5,0.024187592912058298,4,-0.0028009887072077966,-0.007098049592951794,-0.013217415346333139,-0.003832971202986757,-2.217747100992551,-1.4547463876638411,1.1100513961744385,-0.31864601561887307,3862.1691472172934,3862.199240813926,3897.166370103548,3902.2491569819495,000300.SH
2018-05-28,3833.26,0.04530376761020505,0,0.004391458142277038,-0.0028009887072077966,-0.007098049592951794,-0.013217415346333139,-2.2436780202180873,-1.9448544364833453,-0.024255448999654927,2.070834964278978,3856.9129386323307,3859.443122641171,3894.660237942625,3901.5626977084976,000300.SH
2018-05-29,3804.01,0.1728665649883343,1,-0.007630580758936301,0.004391458142277038,-0.0028009887072077966,-0.007098049592951794,-2.6163467913911442,-3.060319563721614,-1.9251394804417954,1.254498413577232,3847.294222517361,3854.1637776277266,3891.1053266507574,3900.592024099458,000300.SH
2018-05-30,3723.37,-0.012188739943820637,2,-0.02119868244300105,-0.007630580758936301,0.004391458142277038,-0.0028009887072077966,-3.404002511298254,-4.3533769689995,-3.8291464554889187,-1.070237668221019,3824.7625456960222,3841.707227377467,3884.527470703669,3898.828620874588,000300.SH
2018-05-31,3802.38,0.12676134383368476,3,0.02122002379564747,-0.02119868244300105,-0.007630580758936301,0.004391458142277038,-0.6490350698418079,-1.5959938406594154,-2.329273116777031,0.24729765357236477,3820.692991933109,3837.9617771510416,3881.3060012643095,3897.8689331046917,000300.SH
2018-06-01,3770.59,-0.18852097607101037,4,-0.008360553127251924,0.02122002379564747,-0.02119868244300105,-0.007630580758936301,-1.202934625966201,-3.394003679164548,-2.640181365612837,-0.10623642240237263,3811.58335703618,3831.545417422371,3876.9641972931604,3896.6024760588743,000300.SH
2018-06-04,3807.58,0.08695531509124432,0,0.009810135814289023,-0.008360553127251924,0.02122002379564747,-0.02119868244300105,-0.669925859451237,-2.8985729004090466,-2.6017512131358944,-0.694018814925712,3810.8554739386927,3829.2629967154785,3874.2432483797033,3895.716680277194,000300.SH
2018-06-05,3845.32,0.05310627412199431,1,0.009911807499776826,0.009810135814289023,-0.008360553127251924,0.02122002379564747,1.0859592903278426,-1.5587999621116122,-2.007594098009724,-0.860086421153583,3817.1217514043847,3830.7922351235284,3873.1090033452056,3895.215220771948,000300.SH
2018-06-06,3837.35,-0.11643789243194902,2,-0.0020726493503792076,0.009911807499776826,0.009810135814289023,-0.008360553127251924,3.0612053059459576,-0.4470007108426821,-1.4254374698163819,-0.8851591840108308,3820.7996147854055,3831.416784159383,3871.706689488531,3894.639447430934,000300.SH
2018-06-07,3831.01,0.04875462516860818,3,-0.0016521818442414293,-0.0020726493503792076,0.009911807499776826,0.009810135814289023,0.7529494684907823,0.09902749254029342,-0.8550613993090095,-1.593861897838711,3822.656048460786,3831.3780428108703,3870.1107408811376,3894.006318600776,000300.SH
2018-06-08,3779.62,-0.04046528073377553,4,-0.013414217138561502,-0.0016521818442414293,-0.0020726493503792076,0.009911807499776826,0.2394850673236748,-0.9663304074413737,-3.1626467438368833,-2.4070191384100603,3814.8313123770067,3826.4487054003116,3866.562084375995,3892.8681462763902,000300.SH
2018-06-11,3779.98,-0.020598170263442128,0,9.524767040081095e-05,-0.013414217138561502,-0.0016521818442414293,-0.0020726493503792076,-0.7248698648485319,-1.3899396336277792,-3.6024318837918567,-3.307761767482076,3808.4947101266416,3822.0231144098057,3863.1667085181125,3891.744881139312,000300.SH
2018-06-12,3825.95,0.10056267201449876,1,0.012161440007619095,9.524767040081095e-05,-0.013414217138561502,-0.0016521818442414293,-0.5037292084924094,0.5767597876977115,-2.0546770398928937,-2.5012104686424896,3811.6683991945247,3822.3971035136337,3861.7072297526965,3891.09020570509,000300.SH
2018-06-13,3788.34,-0.16375932155962536,2,-0.009830238241482436,0.012161440007619095,9.524767040081095e-05,-0.013414217138561502,-1.277183472969623,1.7449246247351224,-1.7184751646093677,-2.6844154910039997,3807.4268720682476,3819.1535698456687,3858.830083487885,3890.067815598572,000300.SH
2018-06-14,3773.37,0.021078453061413427,3,-0.003951598853323635,-0.009830238241482436,0.012161440007619095,9.524767040081095e-05,-1.5045640705714791,-0.762943209253153,-1.407026510103937,-2.346760523285163,3801.234713510384,3814.7932298603673,3855.478707664831,3888.906643304059,000300.SH
2018-06-15,3753.43,0.10380391724531557,4,-0.00528440094663396,-0.003951598853323635,-0.009830238241482436,0.012161440007619095,-0.6929268021652946,-0.455101191060292,-1.6525612472160445,-3.833658719056332,3792.5429474175867,3808.9491127308083,3851.4767975603277,3887.5586170025263,000300.SH
2018-06-19,3621.12,0.769744620207806,1,-0.03525042427859315,-0.00528440094663396,-0.003951598853323635,-0.009830238241482436,-4.202667738982746,-4.897073731871693,-5.534192828036721,-7.65370138017566,3761.375138796207,3791.0606258040643,3842.4431976560013,3884.907486485088,000300.SH
2018-06-20,3635.44,-0.4180783682952899,2,0.003954577589254216,-0.03525042427859315,-0.00528440094663396,-0.003951598853323635,-4.979416876854104,-5.458063308125205,-4.431376363363926,-6.931782981457735,3738.47784083326,3776.239613822725,3834.3254251989033,3882.425222937973,000300.SH
2018-06-21,3592.97,0.024638488376515166,3,-0.011682217283189966,0.003954577589254216,-0.03525042427859315,-0.00528440094663396,-5.157140066625498,-6.3684573989862825,-3.5022036488450037,-6.786991059985792,3712.021869772667,3758.7853648872274,3824.8605065636525,3879.5450714659537,000300.SH
2018-06-22,3608.9,-0.22405208672642396,4,0.0044336579487165295,-0.011682217283189966,0.003954577589254216,-0.03525042427859315,-4.358703228148841,-5.797687816006746,-5.088392007111331,-5.704401628335964,3693.272438904909,3744.5105682313006,3816.3914670905683,3876.8520856802234,000300.SH
2018-06-25,3560.48,0.18958173332940875,0,-0.01341683061320631,0.0044336579487165295,-0.011682217283189966,0.003954577589254216,-5.14063136917432,-5.797937358782102,-5.572337485645484,-6.70824053452116,3669.1283591040165,3726.983847447367,3806.355723283095,3873.7041047281814,000300.SH
2018-06-26,3531.11,0.0135140619559313,1,-0.00824888779041022,-0.01341683061320631,0.0044336579487165295,-0.011682217283189966,-2.4856950335807593,-6.583897269297722,-7.261042446908528,-7.882324705342192,3644.034111994195,3708.3291953095227,3795.5617733504246,3870.2952081637222,000300.SH
2018-06-27,3459.26,-0.0046542116004886225,2,-0.020347709360512667,-0.00824888779041022,-0.01341683061320631,0.0044336579487165295,-4.846180929956201,-9.58428625570119,-10.039736614898109,-9.062804777064205,3610.438818904341,3684.608319565759,3782.373468513153,3866.2053055949295,000300.SH
2018-06-28,3423.53,-0.08416298968028102,3,-0.010328798644796855,-0.020347709360512667,-0.00824888779041022,-0.01341683061320631,-4.71587572398321,-9.629811474154904,-10.784004586498487,-8.052919801147873,3576.45539728537,3659.7437177023535,3768.301175630284,3861.800576186025,000300.SH
2018-06-29,3510.98,-0.009679972300037365,4,0.025543810044018844,-0.010328798644796855,-0.020347709360512667,-0.00824888779041022,-2.7132921388788867,-6.953731014981301,-8.35367174713718,-7.663621205665927,3564.5507795971207,3645.5757445878435,3758.2101491349786,3858.309824184174,000300.SH
2018-07-02,3407.96,0.10228991305454205,0,-0.02934223493155752,0.025543810044018844,-0.010328798644796855,-0.020347709360512667,-4.283692086460256,-9.204114636479165,-9.833263661426273,-9.617327792202278,3536.0797287612804,3622.945673674715,3744.474849168901,3853.828731406222,000300.SH
2018-07-03,3409.28,0.20721339118380655,1,0.00038732848977107714,-0.02934223493155752,0.025543810044018844,-0.010328798644796855,-3.4501898836343248,-5.8501237186284865,-9.806930195397856,-10.460712578593224,3513.0252326228656,3602.596561896171,3731.329953123062,3849.4053609444686,000300.SH
2018-07-04,3363.75,-0.27906091255278564,2,-0.01335472592453546,0.00038732848977107714,-0.02934223493155752,0.025543810044018844,-2.760995126125243,-7.47337323680215,-12.080659705432629,-12.52353510241021,3485.88428123689,3579.8492702870117,3716.915053000589,3844.57296929328,000300.SH
2018-07-05,3342.44,0.04160298887671088,3,-0.006335191378669669,-0.01335472592453546,0.00038732848977107714,-0.02934223493155752,-2.3686078404453914,-6.972782962284674,-11.770326845003353,-12.897181648794087,3459.803502830182,3557.2388635930106,3702.2297568044874,3839.5766213401134,000300.SH
2018-07-06,3365.12,0.122378046067533,4,0.006785462117494978,-0.006335191378669669,-0.01335472592453546,0.00038732848977107714,-4.154395638824493,-6.754966887417224,-10.819241155783821,-12.161022811216892,3442.5883204974216,3538.941828965105,3689.0097663415663,3834.8556599337444,000300.SH
2018-07-09,3459.18,-0.07821454387819582,0,0.02795145492582729,0.006785462117494978,-0.006335191378669669,-0.01335472592453546,1.5029519125811186,-2.845122006021661,-7.839496140863156,-8.478100973113701,3445.60498949789,3531.3454643017612,3679.9968343281716,3831.117593665747,000300.SH
2018-07-10,3467.52,-0.10693154877096311,1,0.002410976011655963,0.02795145492582729,0.006785462117494978,-0.006335191378669669,1.7082785808147039,-1.8008501575991764,-4.241781548250268,-8.26618130254657,3449.58953686191,3525.266848653974,3671.6644094525573,3827.4997071616103,000300.SH
2018-07-11,3407.53,-0.005169790113888739,2,-0.017300549095607187,0.002410976011655963,0.02795145492582729,0.006785462117494978,1.3015235971757688,-1.4954065320328613,-6.2691173558083735,-10.936368745017566,3441.9423483415626,3514.0538154488336,3661.306197317163,3823.3209041052764,000300.SH
2018-07-12,3481.06,0.3138917691660559,3,0.021578680158355068,-0.017300549095607187,0.002410976011655963,0.02795145492582729,4.14726965929082,1.680429264531047,-3.1146934151968897,-8.11120437975472,3449.0546486430967,3510.911547310849,3654.237718991,3819.915322969901,000300.SH
2018-07-13,3492.69,-0.15283944249811043,4,0.003340936381447168,0.021578680158355068,-0.017300549095607187,0.002410976011655963,3.7909495055154174,-0.5209371742362467,-3.2200947657180845,-7.438443619364121,3456.9883488898063,3509.176161852673,3647.9025143246863,3816.6593496070163,000300.SH
2018-07-16,3472.09,-0.0906401079997945,0,-0.005898032748397286,0.003340936381447168,0.021578680158355068,-0.017300549095607187,0.373209835857069,1.8817709128041482,-2.4825304453332087,-7.495544075685434,3459.734103637114,3505.644146438133,3641.0079059197965,3813.230798864658,000300.SH
2018-07-17,3449.38,-0.05546547716917838,1,-0.006540729070963036,-0.005898032748397286,0.003340936381447168,0.021578680158355068,-0.5231404577334731,1.17620142669419,-2.3145696395750925,-4.742731530576172,3457.8515393394564,3500.285656301168,3633.493086079805,3809.610392905806,000300.SH
2018-07-18,3431.32,0.0330878613018859,2,-0.005235723521328506,-0.006540729070963036,-0.005898032748397286,0.003340936381447168,0.6981596640381671,2.0087699739873788,-0.8076871932147345,-5.614726140439663,3453.027623095919,3493.7174985581996,3625.56472976295,3805.8463093943055,000300.SH
2018-07-19,3428.34,0.002800912001519551,3,-0.0008684704428616463,-0.005235723521328506,-0.006540729070963036,-0.005898032748397286,-1.5144812212372072,2.569978817869578,0.1404982576463487,-4.582003189561834,3448.5389643512062,3487.4910701240856,3617.830426634991,3802.0900277087903,000300.SH
2018-07-20,3492.89,0.37601569552854675,4,0.01882835424724494,-0.0008684704428616463,-0.005235723521328506,-0.006540729070963036,0.0057262453867945595,3.796892829973375,-0.5152407589903762,-3.2145529108592696,3456.602789014623,3488.0052539217913,3612.9308020610697,3799.0134105176585,000300.SH
2018-07-23,3525.75,0.1781057546853666,0,0.009407682463518752,0.01882835424724494,-0.0008684704428616463,-0.005235723521328506,1.545466851377686,1.924444521534019,3.4563199098580855,-0.9754302790634939,3469.175009193782,3491.5999916435253,3609.511947078283,3796.2943716070354,000300.SH
2018-07-24,3581.71,0.23261880845032068,1,0.015871800326171748,0.009407682463518752,0.01882835424724494,-0.0008684704428616463,3.8363416034185915,3.2931316906607666,5.057666134785044,1.4329771658203816,3489.635916613094,3500.1818972012848,3608.4216746438406,3794.1592037303485,000300.SH
2018-07-25,3577.75,-0.3678368341993571,2,-0.001105617149350424,0.015871800326171748,0.009407682463518752,0.01882835424724494,4.267453924437237,4.995407230457238,6.361947231512444,3.4252990523984783,3505.656659047077,3507.5693355630674,3607.2188638734942,3792.0058783200966,000300.SH
2018-07-26,3536.25,-0.05883040407057838,3,-0.01159946893997621,-0.001105617149350424,0.015871800326171748,0.009407682463518752,3.1475874621536892,1.585436619880154,5.798458611074553,3.2925080253422667,3511.219084674881,3510.300827414204,3604.435771172573,3789.4610437099464,000300.SH
2018-07-27,3521.23,-0.23096927378984633,4,-0.00424743725698129,-0.01159946893997621,-0.001105617149350424,0.015871800326171748,0.8113625107003086,0.8171352166954415,4.639061905667563,0.29194128135163755,3513.03925109763,3511.341700993804,3601.1727997540406,3786.7920781008925,000300.SH
2018-07-30,3515.08,0.1846350227324851,0,-0.0017465487911895172,-0.00424743725698129,-0.01159946893997621,-0.001105617149350424,-0.3026306459618544,1.238159149100393,1.6159899166854563,3.143229380626522,3513.410296352606,3511.6977294705844,3597.796611528392,3784.0884753337195,000300.SH
2018-07-31,3517.66,-0.1680227607552679,1,0.0007339804499471025,-0.0017465487911895172,-0.00424743725698129,-0.01159946893997621,-1.7882519801994068,1.9794861685288323,1.4459902177925477,3.178970339778475,3514.182969743041,3512.2655647591,3594.6539993115925,3781.437445728409,000300.SH
2018-08-01,3447.39,0.3430933810201302,2,-0.019976347913101322,0.0007339804499471025,-0.0017465487911895172,-0.00424743725698129,-3.6436307735308593,0.468332886469347,1.1697622618142667,2.486510590858404,3502.0387934261244,3506.0869395439477,3588.8789405150596,3778.113590547032,000300.SH
2018-08-02,3370.96,0.13885789007196125,3,-0.02217039557462308,-0.019976347913101322,0.0007339804499471025,-0.0017465487911895172,-4.674160480735246,-1.673696307834116,-3.1628297127886285,0.8532688694486756,3478.2062855304653,3493.217707206429,3580.3330997105472,3774.0623110391016,000300.SH
2018-08-03,3315.28,-0.25330854383222134,4,-0.016517549896765238,-0.02217039557462308,-0.019976347913101322,0.0007339804499471025,-5.848808512934401,-5.084901041830681,-5.079465970355224,-1.4810764549258226,3448.583324524926,3476.271258901055,3569.938860506212,3769.49731291931,000300.SH
2018-08-06,3273.27,0.06698324510736198,0,-0.012671629545619179,-0.016517549896765238,-0.02217039557462308,-0.019976347913101322,-6.879217542701732,-7.16102956817698,-5.726234054992818,-5.374395087853189,3416.7081746113026,3456.9378056723826,3558.3047875451844,3764.559727716133,000300.SH
2018-08-07,3368.87,0.10248601309358407,1,0.029206267738377756,-0.012671629545619179,-0.016517549896765238,-0.02217039557462308,-4.229800492372771,-5.942412981508838,-2.3340426395468183,-2.8449727759320864,3408.0103246819745,3448.550395608346,3550.875972347334,3760.622516495077,000300.SH
2018-08-08,3314.51,-0.1539667769859091,2,-0.016135974377164963,0.029206267738377756,-0.012671629545619179,-0.016517549896765238,-3.854510223676455,-7.357696876528541,-3.404229276196913,-2.72983656783653,3391.010265648888,3435.7846436456466,3541.6067185297916,3756.1835859826883,000300.SH
2018-08-09,3397.53,0.19617000687453268,3,0.025047442910113293,-0.016135974377164963,0.029206267738377756,-0.012671629545619179,0.7882027671642478,-3.922799575821845,-0.8986856612821392,-2.3995564569412653,3392.195671894545,3432.1413442508233,3535.9566511364665,3752.614893584851,000300.SH
2018-08-10,3405.02,-0.21293479771387225,4,0.0022045427119112837,0.025047442910113293,-0.016135974377164963,0.029206267738377756,2.7068603556863913,-3.3002672361646335,-2.5156818565714945,-2.5100996653009577,3394.527367913718,3429.5583590840783,3530.821880503664,3749.1562379272905,000300.SH
2018-08-13,3390.34,0.06112920350344675,0,-0.004311281578375459,0.0022045427119112837,0.025047442910113293,-0.016135974377164963,3.5765457783806465,-3.548710128930199,-3.840601290505563,-2.354489658966208,3393.766028293042,3425.823277266547,3525.3127871505794,3745.585927102143,000300.SH
2018-08-14,3372.91,-0.20631062485466756,1,-0.005141077296082486,-0.004311281578375459,0.0022045427119112837,0.025047442910113293,0.11992151671034179,-4.114951416566692,-5.829617696575107,-2.2169201421704865,3389.974023148852,3420.783917526876,3519.3362072623213,3741.8777089220225,000300.SH
2018-08-15,3291.98,0.1564044475200974,2,-0.02399411783889871,-0.005141077296082486,-0.004311281578375459,0.0022045427119112837,-0.6797384832147202,-4.508048117561403,-7.987422262595201,-4.0608279029644585,3372.156928030879,3408.5168777624117,3510.4202775657595,3737.4011148033956,000300.SH
2018-08-16,3276.73,0.07034575470979831,3,-0.004632470428131419,-0.02399411783889871,-0.005141077296082486,-0.004311281578375459,-3.555524160198742,-2.795346132852361,-7.338847649346059,-4.422256835669747,3354.8065774798097,3395.9657465469436,3501.2559529553378,3732.817322616297,000300.SH
2018-08-17,3229.62,-0.05395736804124329,4,-0.014377138183493954,-0.004632470428131419,-0.02399411783889871,-0.005141077296082486,-5.151217907677486,-2.583793827369041,-8.281481186971607,-7.537311509953071,3332.0453815743895,3380.1232944948533,3490.6035626433636,3727.8103840828016,000300.SH
2018-08-20,3267.25,0.05341384412175154,0,0.011651525566475307,-0.014377138183493954,-0.004632470428131419,-0.02399411783889871,-3.630609319419298,-0.1839139453818306,-7.050479647689379,-7.331773381550022,3320.2644031063182,3369.373456923915,3481.8445994024473,3723.227693693918,000300.SH
2018-08-21,3326.65,0.1007432496382219,1,0.01818042696457267,0.011651525566475307,-0.014377138183493954,-0.004632470428131419,-1.3715159906430907,-1.2532392167106443,-5.430030190524371,-7.121179548316303,3321.425420723351,3365.3045562644943,3475.758536680783,3719.281646990496,000300.SH
2018-08-22,3307.95,-0.32041900278823243,2,-0.005621270647648613,0.01818042696457267,0.011651525566475307,-0.014377138183493954,0.4851183786049651,-0.19791764091827702,-4.044799108891073,-7.541052337362874,3318.9753442281963,3359.8422175726378,3469.1778097521246,3715.1887947816354,000300.SH
2018-08-23,3320.03,0.2053275699211432,3,0.003651808521894395,-0.005621270647648613,0.01818042696457267,0.011651525566475307,1.3214393618027787,-2.2810688941672375,-1.5108455751477234,-6.114386709084474,3319.1670998230693,3356.050577803815,3463.328876036355,3711.2568664753503,000300.SH
2018-08-24,3325.33,-0.03758677387982623,4,0.0015963711171282924,0.003651808521894395,-0.005621270647648613,0.01818042696457267,2.963506542565386,-2.340368044827934,0.3031418160758692,-5.563396881203442,3320.2876271279656,3353.124808489166,3457.9171554074783,3707.416798152213,000300.SH
2018-08-27,3406.57,0.4891732088393652,0,0.024430658009881867,0.0015963711171282924,0.003651808521894395,-0.005621270647648613,4.264136506236138,0.47871304942868065,4.072380219169225,-3.0869852179751134,3335.9753312865173,3358.2148267282932,3455.90354146993,3704.4232976730864,000300.SH
2018-08-28,3400.17,-0.17410274113031587,1,-0.0018787225860616985,0.024430658009881867,0.0015963711171282924,0.003651808521894395,2.2100311123803174,0.8082041916327443,0.9290949190678299,-3.340004434766286,3347.647089234423,3362.210557516075,3453.717912392678,3701.3959016763397,000300.SH
2018-08-29,3386.57,-0.16718617276460968,2,-0.0039998000099994435,-0.0018787225860616985,0.024430658009881867,0.0015963711171282924,2.376698559530843,2.8733467396521384,2.1740770128918063,-1.764233231517165,3354.7239821008916,3364.530504419306,3451.084660926299,3698.2633056397594,000300.SH
2018-08-30,3351.09,0.014591076774040923,3,-0.010476676991764577,-0.0039998000099994435,-0.0018787225860616985,0.024430658009881867,0.9355337150567911,2.2693355876132637,-1.366875347679053,-0.589446329828891,3354.0632580825477,3363.250456379372,3447.1633016742876,3694.808844887125,000300.SH
2018-08-31,3334.5,0.19776419255341615,4,-0.004950628004619428,-0.010476676991764577,-0.0039998000099994435,-0.0018787225860616985,0.27576210481365937,3.2474408753971007,-2.071059788195073,0.5797398711421042,3350.506302067539,3360.512317676574,3442.7451329811784,3691.2236822514324,000300.SH
2018-09-03,3321.82,-0.15387573290524315,0,-0.0038026690658269358,-0.004950628004619428,-0.010476676991764577,-0.0039998000099994435,-2.4878396745113163,1.6702119519473646,-2.021036238253393,1.4832262538684526,3345.2906107825315,3356.82733504071,3438.002970903485,3687.548023721568,000300.SH
2018-09-04,3363.9,0.0564088511405354,1,0.012667754423779654,-0.0038026690658269358,-0.004950628004619428,-0.010476676991764577,-1.0667113703138331,1.1197450889032456,-0.26712838468858635,-0.14752721238872057,3348.674136094798,3357.50092217969,3435.096972044525,3684.32764537608,000300.SH
2018-09-05,3298.14,-0.06095279609146553,2,-0.019548738071880956,0.012667754423779654,-0.0038026690658269358,-0.004950628004619428,-2.6111965794299308,-0.2965582913889264,0.18712142844123925,-0.49388899113294027,3339.486111350289,3351.8475010197194,3429.7261103957203,3680.4849822380097,000300.SH
2018-09-06,3262.88,-0.015913623025396006,3,-0.010690874250334992,-0.019548738071880956,0.012667754423779654,-0.0038026690658269358,-2.63227785586182,-1.7213699876205912,-0.4226774863964944,-3.963173246446683,3325.5577274684183,3343.374405684508,3423.18312567432,3676.3297087829055,000300.SH
2018-09-07,3277.64,0.023815361216653397,4,0.004523611043004916,-0.010690874250334992,-0.019548738071880956,0.012667754423779654,-1.7052031788873934,-1.4341433782511848,1.4868622314699653,-3.740947189737509,3316.845413383251,3337.1139860955072,3417.4755521184643,3672.3626470039712,000300.SH
2018-09-10,3230.07,-0.0626094588169046,0,-0.01451349141455427,0.004523611043004916,-0.010690874250334992,-0.019548738071880956,-2.762040086458628,-5.181164631873115,-1.137960058152876,-4.7272544936496015,3301.068065495387,3326.919320753078,3410.1263147804852,3667.961725143235,000300.SH
2018-09-11,3224.21,-0.11097335917888651,1,-0.0018142021689933063,-0.01451349141455427,0.004523611043004916,-0.010690874250334992,-4.15262047028746,-5.175035365878767,-3.0793741451610512,-4.40865602699152,3287.0938717689532,3317.1374806813565,3402.8354789067407,3663.5462850920585,000300.SH
2018-09-12,3202.02,0.01720117444639957,2,-0.006882306053265785,-0.0018142021689933063,-0.01451349141455427,0.004523611043004916,-2.9143699175899096,-5.449466569419803,-3.202285403346483,-2.7327018997685304,3271.625895083689,3306.1739110926555,3394.9603620868684,3658.953983747859,000300.SH
2018-09-13,3236.57,0.2467945340065516,3,0.010790063772243785,-0.006882306053265785,-0.0018142021689933063,-0.01451349141455427,-0.8063428627470226,-3.4173955339904305,-2.513832706330965,-1.2256121193995217,3265.252095977564,3299.5449671790693,3388.748975338364,3654.7511580389255,000300.SH
2018-09-14,3242.09,-0.10952350015066137,4,0.0017055092273610128,0.010790063772243785,-0.006882306053265785,-0.0018142021689933063,-1.0846218620714776,-2.771330034487929,-2.503210207708706,0.3861135365770707,3261.0408057998247,3294.0730655429675,3382.9976429721532,3650.645076864409,000300.SH
2018-09-17,3204.92,-0.20698247321139407,0,-0.011464826701294561,0.0017055092273610128,0.010790063772243785,-0.006882306053265785,-0.7786208967607511,-3.5191551619293104,-5.91944389811453,-1.9077205601040648,3250.8370229271295,3285.582297396018,3376.014205992853,3646.2100014727234,000300.SH
2018-09-18,3269.43,0.3833114540351723,1,0.020128427542653204,-0.011464826701294561,0.0017055092273610128,0.010790063772243785,1.4025141042301792,-2.8083474538482145,-3.8451018625539346,-1.7200486976387763,3254.217564213106,3284.043983358302,3371.8344332088195,3642.4609467317014,000300.SH
2018-09-19,3312.48,0.30389203035931,2,0.013167432855268446,0.020128427542653204,-0.011464826701294561,0.0017055092273610128,3.4496973785298035,0.43479051829213855,-2.187759296279135,0.13694281957103982,3264.810734356178,3286.752175419416,3369.506808377101,3639.1775542269083,000300.SH
2018-09-20,3310.13,-0.29923163145221243,3,-0.0007094382456648285,0.013167432855268446,0.020128427542653204,-0.011464826701294561,2.2727764268963835,1.4481071936448764,-1.2222888672044019,-0.29819007659569463,3273.0506008368725,3288.978634903281,3367.1783060878033,3635.9034492097253,000300.SH
2018-09-21,3410.49,0.6119456019598006,4,0.03031905091340814,-0.0007094382456648285,0.013167432855268446,0.020128427542653204,5.194180297277362,4.053221220146197,2.2789023841655265,2.560948838160426,3298.0395825028954,3300.551145864873,3368.8768038882813,3633.660529317091,000300.SH
2018-09-25,3379.8,-0.32938465905853953,1,-0.008998706930675504,0.03031905091340814,-0.0007094382456648285,0.013167432855268446,5.4566104614155675,4.635503255347406,1.7454287107669941,-0.7858344317010935,3312.9051129569143,3308.098655782504,3369.3051645201135,3631.134553901001,000300.SH
2018-09-26,3417.24,0.4373509940807312,2,0.011077578554943956,-0.008998706930675504,0.03031905091340814,-0.0007094382456648285,4.520971545498753,5.986892913302788,1.5856595023633124,0.5020337218433202,3331.8750924192937,3318.4930695175035,3371.184961989913,3629.0062498820853,000300.SH
2018-09-27,3403.59,-0.2647900335579598,3,-0.0039944516627452575,0.011077578554943956,-0.008998706930675504,0.03031905091340814,2.7505071728735064,6.295088725242204,3.197256635558232,0.5025734002250148,3344.9141665248767,3326.597539087265,3372.4557477942303,3626.763302122065,000300.SH
2018-09-28,3438.86,0.08343844527955424,4,0.010362587738241169,-0.0039944516627452575,0.011077578554943956,-0.008998706930675504,3.888971128022156,6.250135173965021,5.393394792330697,2.619147799671162,3361.995227156717,3337.289202031335,3375.0598361160255,3624.8936175238355,000300.SH
2018-10-08,3290.9,0.20324497356036475,0,-0.043025886485637654,0.010362587738241169,-0.0039944516627452575,0.011077578554943956,-3.506534251676441,1.5055103343830645,0.4045593780891199,-1.307542360173941,3349.068822219132,3332.8711827902557,3371.7594503859855,3621.570297946484,000300.SH
2018-10-09,3288.69,-0.31350698143428823,1,-0.0006715488164331651,-0.043025886485637654,0.010362587738241169,-0.0039944516627452575,-2.695721640333748,2.6137937920447385,1.8148213506208766,-0.9973448290395037,3338.090854542926,3328.6634510959457,3368.5018248806527,3618.2580561758723,000300.SH
2018-10-10,3281.6,0.010129389046780624,2,-0.002155873615330206,-0.0006715488164331651,-0.043025886485637654,0.010362587738241169,-3.9692851541009655,0.3722361390211759,1.7799709076021575,-2.446564998959544,3327.8197900805753,3324.1812176582366,3365.0939101794506,3614.9082247711376,000300.SH
2018-10-11,3124.11,0.5880781352690605,3,-0.047991833252072125,-0.002155873615330206,-0.0006715488164331651,-0.043025886485637654,-8.21132980176813,-5.686675844080568,-2.433151573069492,-5.276610453164499,3290.7816464295615,3305.1268159764995,3355.6435607606486,3610.0246603455544,000300.SH
2018-10-12,3170.73,-0.16941996648507174,4,0.014922649970711577,-0.047991833252072125,-0.002155873615330206,-0.0006715488164331651,-7.7970606538213305,-4.211314963460655,-2.034252310316176,-2.8241921247486923,3268.9540743514594,3292.3271192168327,3348.392048573957,3605.6535691978374,000300.SH
2018-10-15,3126.45,-0.26129644902257243,0,-0.013965238288974557,0.014922649970711577,-0.047991833252072125,-0.002155873615330206,-4.997113251694074,-8.328422015604797,-3.5668349737360883,-4.612770163898416,3243.044242651194,3276.529298339039,3339.6884388259587,3600.885374479451,000300.SH
2018-10-16,3100.97,-0.02503613667506288,1,-0.008149818484223359,-0.013965238288974557,0.014922649970711577,-0.047991833252072125,-5.708047885328204,-8.249896443576555,-3.243450694557126,-3.996817406433928,3217.2125621691584,3259.8093651638924,3330.3269314210193,3595.9110921463225,000300.SH
2018-10-17,3118.25,0.14528311194502286,2,0.005572449910834498,-0.008149818484223359,-0.013965238288974557,0.014922649970711577,-4.97775475377864,-8.749458627430318,-4.624047616862869,-3.286386432645516,3199.2193690474933,3246.327520862569,3322.010189012352,3591.1582454582995,000300.SH
2018-10-18,3044.39,-0.07464029340773015,3,-0.023686362543093087,0.005572449910834498,-0.008149818484223359,-0.013965238288974557,-2.55176674316846,-10.5535625618832,-8.093331884267984,-4.922829963585496,3171.0685746752215,3227.0953760185153,3311.123122776574,3585.717765403988,000300.SH
2018-10-19,3134.95,0.39204739853454784,4,0.029746517364726666,-0.023686362543093087,0.005572449910834498,-0.008149818484223359,-1.1284467614713356,-8.837521736854658,-5.292239277611466,-3.139743617471591,3164.5015610979085,3218.3196259215138,3304.214372863767,3581.232514006934,000300.SH
2018-10-22,3270.27,0.5380730314551321,0,0.04316496275857684,0.029746517364726666,-0.023686362543093087,0.005572449910834498,4.600105551024325,-0.626880184751899,-4.111432668033032,0.8691924036655418,3183.732186352834,3223.2672805956554,3302.883220986757,3578.138359638706,000300.SH
2018-10-23,3183.43,-0.16444133947755812,1,-0.026554382359866402,0.04316496275857684,0.029746517364726666,-0.023686362543093087,2.6591679377743205,-3.20066652679335,-5.810107106929419,-0.670531557729992,3183.6772433795913,3219.4732538722596,3298.1987809480606,3574.210913274142,000300.SH
2018-10-24,3188.2,-0.15172813252730677,2,0.0014983838187112575,-0.026554382359866402,0.04316496275857684,0.029746517364726666,2.2432454100857813,-2.8461725987323327,-6.702485046411722,-2.4845309427025564,3184.4995627651197,3216.494848741568,3293.885103263823,3570.3700086644494,000300.SH
2018-10-25,3194.31,-0.06335148314997086,3,0.0019164418794304083,0.0014983838187112575,-0.026554382359866402,0.04316496275857684,4.924467627340778,2.247039956979746,-6.148801706433504,-3.5674177655412254,3186.283278626007,3214.382006004276,3289.9801972534774,3566.6281180309725,000300.SH
2018-10-26,3173.64,-0.06374144631007994,4,-0.006470881035340992,0.0019164418794304083,0.0014983838187112575,-0.026554382359866402,1.2341504649197033,0.09177697249529437,-7.712439587537734,-4.123403008341064,3183.9845006940054,3210.5018149562497,3285.4178365768707,3562.717788498326,000300.SH
2018-10-29,3076.89,0.02271246909009572,0,-0.030485499300487717,-0.006470881035340992,0.0019164418794304083,0.0014983838187112575,-5.913273215972992,-1.5851844744038779,-6.503084262663716,-9.781585637254464,3164.512773295095,3197.7768801985117,3277.2402743581697,3557.8836811500846,000300.SH
2018-10-30,3110.26,0.2146729303391821,1,0.010845366587690863,-0.030485499300487717,-0.006470881035340992,0.0019164418794304083,-2.298464235117459,0.2995836786554129,-5.425564586507081,-7.9750281081720775,3154.6486326959866,3189.441939227225,3270.692028304908,3553.4297141734673,000300.SH
2018-10-31,3153.82,-0.11131306676704589,2,0.01400526001041702,0.010845366587690863,-0.030485499300487717,-0.006470881035340992,-1.0783514208644318,1.1407039204682112,-3.8938322769380695,-7.708560124544938,3154.497972205807,3186.0493735865366,3266.1088115086372,3549.45349811204,000300.SH
2018-11-01,3177.03,0.24611164674204966,3,0.007359329321267483,0.01400526001041702,0.010845366587690863,-0.030485499300487717,-0.5409618978746478,4.356866235929058,1.6939224291078192,-6.6565009299004885,3158.5947045320236,3185.190385625914,3262.6155247828083,3545.747791663164,000300.SH
2018-11-02,3290.25,0.22218678406489079,4,0.03563705725158406,0.007359329321267483,0.01400526001041702,0.010845366587690863,3.6743297916588036,4.953827014784928,3.769478952796357,-4.321490261307526,3182.5320309807466,3195.196063185351,3263.6992296932863,3543.2055250794515,000300.SH
2018-11-05,3262.84,-0.30677090762935477,0,-0.008330673960945223,0.03563705725158406,0.007359329321267483,0.01400526001041702,6.043439966979647,-0.22719836588416253,4.3624558204993,-0.8526542891002409,3197.1334798933376,3201.6383428819845,3263.665534411197,3540.415818362243,000300.SH
2018-11-06,3243.15,-0.25824462035872586,1,-0.006034620146865954,-0.008330673960945223,0.03563705725158406,0.007359329321267483,4.27263315607056,1.8759639759630353,4.58501694631035,-1.3847459018636599,3205.500119912731,3205.5918340360813,3262.8610036499736,3537.4579495228177,000300.SH
2018-11-07,3221.91,0.11025725187260305,2,-0.006549188289163399,-0.006034620146865954,-0.008330673960945223,0.03563705725158406,2.158969123158583,1.057336428078548,3.3243004890563643,-1.8189297903461799,3208.4837344740527,3207.145945080264,3261.25508193821,3534.318168930551,000300.SH
2018-11-08,3212.77,-0.16297464065188083,3,-0.0028368266028535594,-0.006549188289163399,-0.006034620146865954,-0.008330673960945223,1.1249500319480799,0.577902583030454,5.5308288359901425,2.8379282419633167,3209.26305547877,3207.681569358334,3259.3537061759275,3531.118684662586,000300.SH
2018-11-09,3167.44,0.03487986095555273,4,-0.014109319994895397,-0.0028368266028535594,-0.006549188289163399,-0.006034620146865954,-3.732543119823717,-0.19535927200311498,1.036380165552897,-0.10376159433316268,3201.6588635735393,3203.8490389432545,3255.7492471102046,3527.499991282859,000300.SH
2018-11-12,3205.14,0.10396217710032829,0,0.011902356477154985,-0.014109319994895397,-0.0028368266028535594,-0.006549188289163399,-1.768398082651934,4.168169807825439,-1.9915786769899801,2.5169121527611305,3202.291797469259,3203.971987615326,3253.7645707529414,3524.292429180542,000300.SH
2018-11-13,3237.38,0.29004843213108056,1,0.010058842983457827,0.011902356477154985,-0.014109319994895397,-0.0028368266028535594,-0.17791344834496847,4.087118118742472,1.6947129354187185,4.398946136208992,3208.6714706566663,3207.153703080533,3253.1220385665515,3521.437579138945,000300.SH
2018-11-14,3204.94,-0.16095532711984295,2,-0.010020448634389556,0.010058842983457827,0.011902356477154985,-0.014109319994895397,-0.5267062084291507,1.6208914903196758,0.5250611630387203,2.7800849835645014,3207.993021446363,3206.94287421572,3251.2325468580593,3518.2883494957714,000300.SH
2018-11-15,3242.37,-0.04998151092686676,3,0.01167884578182421,-0.010020448634389556,0.010058842983457827,0.011902356477154985,0.9213233440302337,2.0566378032313093,1.5045502784639009,6.5031089972046985,3214.2433811833876,3210.3168861951754,3250.8849960008806,3515.5428932818836,000300.SH
2018-11-16,3257.67,0.35218632911432857,4,0.004718770528965077,0.01167884578182421,-0.010020448634389556,0.010058842983457827,2.8486727451822347,-0.9901983131980874,2.6477483268423807,3.9145759900476973,3222.1391300591354,3214.8267065575396,3251.151074589082,3512.976993846243,000300.SH
2018-11-19,3294.6,-0.09005050975108542,0,0.011336323200324072,0.004718770528965077,0.01167884578182421,-0.010020448634389556,2.7911417285984452,0.9733851491338763,7.075651063248922,0.7439752680971301,3235.313833684747,3222.4241630758693,3252.854954016961,3510.804088434838,000300.SH
2018-11-20,3218.41,-0.07333224665428129,1,-0.02312572087658593,0.011336323200324072,0.004718770528965077,0.01167884578182421,-0.5859676652107626,-0.7628385982763719,3.477201262916907,1.0988148003882703,3232.240409378429,3222.0418618305484,3251.5041715064917,3507.8946945200632,000300.SH
2018-11-21,3226.49,-0.23075453416129477,2,0.0025105564548955073,-0.02312572087658593,0.011336323200324072,0.004718770528965077,0.6723994832976476,0.14215170504452423,2.3041898396230387,1.200991154883635,3231.1948804005324,3222.465494037163,3250.5232236042766,3505.094647808421,000300.SH
2018-11-22,3214.43,-0.20190456408239899,3,-0.003737807958493544,0.0025105564548955073,-0.02312572087658593,0.011336323200324072,-0.8617153501913721,0.051668809158456064,1.1772000893916612,0.6298699875716407,3228.146720327708,3221.7002088907666,3249.1078030707754,3502.202462258089,000300.SH
2018-11-23,3143.48,0.23945167020364466,4,-0.02207234253040191,-0.003737807958493544,0.0025105564548955073,-0.02312572087658593,-3.5052660336989283,-0.7564468466648155,-4.46075526175822,-0.9503283296152021,3212.7527711772154,3214.250665186884,3244.9655362836866,3498.6330845241773,000300.SH
2018-11-26,3141.24,-0.2874055646149568,0,-0.0007125860511281168,-0.02207234253040191,-0.003737807958493544,0.0025105564548955073,-4.654889819704977,-1.993672663284607,-3.726814676784651,2.0913974825229387,3199.750449144994,3207.297268502419,3240.8978681941303,3495.0769344294094,000300.SH
2018-11-27,3137.24,0.000755741405259025,1,-0.0012733824858972564,-0.0007125860511281168,-0.02207234253040191,-0.003737807958493544,-2.5220528148992893,-3.0932420661151983,-3.2656522208346916,0.8674515956865303,3188.384912936813,3200.6251476926645,3236.8328537551447,3491.516367917674,000300.SH
2018-11-28,3178.93,0.2530304492958897,2,0.013288750621565537,-0.0012733824858972564,-0.0007125860511281168,-0.02207234253040191,-1.4740476493031118,-0.811559654782934,-1.3339913281252391,0.7961773341534917,3186.6658378573925,3198.558943150506,3234.5621536078843,3488.40605579909,000300.SH
2018-11-29,3137.65,0.11990458712286878,3,-0.012985501410851974,0.013288750621565537,-0.0012733824858972564,-0.0007125860511281168,-2.388603889336516,-3.2297362731582124,-2.3381692433631973,-1.2395224470653443,3177.7538673378663,3192.758091421886,3230.7616769958104,3484.915945791139,000300.SH
2018-11-30,3172.69,-0.11078079795360762,4,0.011167593581183466,-0.012985501410851974,0.013288750621565537,-0.0012733824858972564,0.9292249354218907,-2.608612904315044,0.16574899603465365,-3.5729807765367383,3176.833164185527,3190.8468446198017,3228.484356329308,3481.8092199623716,000300.SH
2018-12-03,3260.95,0.8865816188579998,0,0.027818664918413116,0.011167593581183466,-0.012985501410851974,0.013288750621565537,3.8109154346691154,-1.021368299641845,1.7412655921426268,-0.05792499785464145,3192.127134333613,3197.523335608392,3229.757518826198,3479.611615783642,000300.SH
2018-12-04,3267.71,-0.37910868128448494,1,0.002073015532283673,0.027818664918413116,0.011167593581183466,-0.012985501410851974,4.158751004067285,1.5318122924052657,0.9368687024692735,0.7572884387092804,3205.869473545683,3204.207779836164,3231.245851421249,3477.50314199475,000300.SH
2018-12-05,3252.0,0.004036618822313098,2,-0.004807648169513179,0.002073015532283673,0.027818664918413116,0.011167593581183466,2.298572161073076,0.7906424628621345,1.4683582219948033,0.9339180796484214,3214.2568419919226,3208.7594198517672,3232.059739600808,3475.259329636593,000300.SH
2018-12-06,3181.67,0.052467690524677035,3,-0.021626691266912634,-0.004807648169513179,0.002073015532283673,0.027818664918413116,1.4029608146224115,-1.019154251298049,-1.8720873928638526,-0.9680120270047277,3208.3319616297545,3206.1794751039797,3230.0836713811686,3472.3380427745374,000300.SH
2018-12-07,3181.56,-0.3068065805118121,4,-3.4573038687257807e-05,-0.021626691266912634,-0.004807648169513179,0.002073015532283673,0.27957348496070455,1.2113962869176875,-2.3363324093600646,0.4457858712398677,3203.4643322425263,3203.834763189315,3228.1807823073977,3469.4447289160844,000300.SH
2018-12-10,3144.76,0.11147161425952046,0,-0.011566652836973002,-3.4573038687257807e-05,-0.021626691266912634,-0.004807648169513179,-3.5630721108879215,0.11205765875896834,-4.548048321495768,-1.883849067435417,3192.79081728934,3198.208595266523,3224.909379079657,3466.214035096024,000300.SH
2018-12-11,3159.82,-0.1858757269842416,1,0.0047889187092178265,-0.011566652836973002,-3.4573038687257807e-05,-0.021626691266912634,-3.301700579304767,0.7197409187693848,-1.8204641422317147,-2.3957644762122476,3186.7961232367325,3194.552538574473,3222.3568544098666,3463.165338229397,000300.SH
2018-12-12,3170.61,0.008685333009414098,2,0.0034147514731852624,0.0047889187092178265,-0.011566652836973002,-3.4573038687257807e-05,-2.502767527675276,-0.26172328424972635,-1.7319130076336675,-1.0711588984505194,3183.8531917391447,3192.2722968054754,3220.327566001637,3460.254339839055,000300.SH
2018-12-13,3219.69,0.7076632799338973,3,0.015479671104298598,0.0034147514731852624,0.0047889187092178265,-0.011566652836973002,1.194969937171364,2.6146957117588077,0.1636370989569036,-0.6994883372347993,3190.3689750593003,3194.8835066335255,3220.302563413338,3457.860664815781,000300.SH
2018-12-14,3165.91,-0.11413325481052183,4,-0.01670347145222062,0.015479671104298598,0.0034147514731852624,0.0047889187092178265,-0.4918970567897585,-0.21369878557313537,0.7135404074465113,-2.8167371157913568,3185.9218886848817,3192.1241250493804,3218.169521710854,3454.955683076321,000300.SH
2018-12-17,3161.2,-0.1575223664483073,0,-0.0014877239087656147,-0.01670347145222062,0.015479671104298598,0.0034147514731852624,0.522774392958425,-3.0589245465278525,0.6354178604627503,-4.049049960541495,3181.4269998330847,3189.1789702827728,3215.9354228202324,3452.0327409561587,000300.SH
2018-12-18,3128.43,-0.0663116162759787,1,-0.010366316588637181,-0.0014877239087656147,-0.01670347145222062,0.015479671104298598,-0.9934110170832566,-4.262312139082114,-0.2808200838953945,-2.795790467963999,3171.791181681614,3183.3933540653657,3212.503837611596,3448.812813185451,000300.SH
2018-12-19,3091.13,-0.057784465842859345,2,-0.011922913410240876,-0.010366316588637181,-0.0014877239087656147,-0.01670347145222062,-2.5067731445999386,-4.946801968019676,-2.7619356198469225,-4.195271022070413,3157.1255122849566,3174.6063679639024,3207.744079273886,3445.2537802184315,000300.SH
2018-12-20,3067.42,0.151879571410807,3,-0.007670334149647573,-0.011922913410240876,-0.010366316588637181,-0.0014877239087656147,-4.729337296447788,-3.5908815181964204,-2.2382993641738236,-4.573439147842695,3140.8154191422373,3164.3981424435306,3202.2411742043223,3441.4942401167555,000300.SH
2018-12-21,3029.4,0.08496442185823438,4,-0.012394781281989453,-0.007670334149647573,-0.011922913410240876,-0.010366316588637181,-4.3118724158298765,-4.782559499113637,-4.5163567824149204,-3.6290989603878443,3120.558070207285,3151.5411764965274,3195.463088941408,3437.393799916589,000300.SH
2018-12-24,3038.2,-0.24690314907077682,0,0.002904865649963506,-0.012394781281989453,-0.007670334149647573,-0.011922913410240876,-3.8909274958876416,-3.3884938755262883,-6.830831506156176,-3.2802332836714188,3105.583875624142,3140.7467787349533,3189.2959089829214,3433.421722305479,000300.SH
2018-12-25,3017.28,0.2588077407994962,1,-0.0068856559805146045,0.002904865649963506,-0.012394781281989453,-0.007670334149647573,-3.5529003365905476,-4.511016450304128,-7.663776773336672,-3.8237431627800134,3089.528625510661,3128.9880379030533,3182.550187062023,3429.2810086506984,000300.SH
2018-12-26,3002.03,-0.2715785407860888,2,-0.005054221020256655,-0.0068856559805146045,0.002904865649963506,-0.012394781281989453,-2.882441049066198,-5.316957935539213,-7.686654366543655,-5.564765502857871,3073.6197845087227,3116.8967961980006,3175.4709640399824,3425.0297548332787,000300.SH
2018-12-27,2990.51,0.38556229734304615,3,-0.0038374033570617305,-0.005054221020256655,-0.0068856559805146045,0.002904865649963506,-2.5073188542814484,-7.118076585012833,-6.008165523137221,-4.689496916482073,3058.5089145980455,3104.8599584648578,3168.21759290116,3420.7061751831966,000300.SH
2018-12-28,3010.65,-0.037136361625726866,4,0.006734637235789265,-0.0038374033570617305,-0.005054221020256655,-0.0068856559805146045,-0.6189344424638588,-4.9041191947970635,-5.3718930336061455,-5.1073379372078564,3049.8072937620373,3095.8875814682046,3162.0384716109184,3416.6260142361,000300.SH
2019-01-02,2969.54,-0.026101886344810588,2,-0.013654858585355312,0.006734637235789265,-0.0038374033570617305,-0.005054221020256655,-2.2598907247712408,-6.062887511071747,-5.571808341495066,-8.936352903295052,3035.2132403507576,3083.854478471233,3154.489511939902,3412.1773971790244,000300.SH
2019-01-03,2964.84,0.007348082407108825,3,-0.0015827367201654008,-0.013654858585355312,0.006734637235789265,-0.0038374033570617305,-1.7379891823098959,-5.229140495392248,-6.170604654695522,-9.268570344369598,3022.4181057415285,3072.5197662358773,3147.0522761775533,3407.7262787991335,000300.SH
2019-01-04,3035.87,0.3975258528033725,4,0.02395744795671928,-0.0015827367201654008,-0.013654858585355312,0.006734637235789265,1.1272372361368799,-1.7876957617440903,-4.2496554290814785,-6.646063960639614,3024.863904697614,3069.029312308651,3142.6921869156886,3404.0262163235207,000300.SH
2019-01-07,3054.3,-0.013413160820540782,0,0.006070747429896661,0.02395744795671928,-0.0015827367201654008,-0.013654858585355312,2.1330809794984695,-0.42772101635901727,-5.136829943255405,-4.003243579629567,3030.2159220253207,3067.626520660208,3139.2258266444856,3400.546353474531,000300.SH
2019-01-08,3047.7,-0.2466801142890227,1,-0.002160887928494337,0.006070747429896661,0.02395744795671928,-0.0015827367201654008,1.2306312590304236,0.6040800158447102,-3.7338395595579166,-4.207369969448949,3033.3948452934437,3065.728756787807,3135.63657854078,3397.035444484735,000300.SH
2019-01-09,3078.48,0.4709447125213866,2,0.010099419234176565,-0.002160887928494337,0.006070747429896661,0.02395744795671928,3.668581665847248,1.3257850042788455,-2.616727824876619,-2.107633014920063,3041.5921461491807,3066.943160903254,3133.3951440882006,3393.865738569464,000300.SH
2019-01-10,3072.69,-0.22985472170674415,3,-0.0018807983160520347,0.010099419234176565,-0.002160887928494337,0.006070747429896661,3.637633059456835,1.8364222080814452,-1.7817243793212478,-2.757435550126275,3047.2463013947845,3067.490478912468,3131.014550202389,3390.669960076236,000300.SH
2019-01-11,3094.78,-0.14174785135544543,4,0.007189140459987975,-0.0018807983160520347,0.010099419234176565,-0.002160887928494337,1.9404651714335586,3.089576053537102,0.1180797960616431,-2.3916533411551644,3055.8887920502784,3070.0894809208044,3129.5935874493543,3387.72578136901,000300.SH
2019-01-14,3067.78,-0.12017878012261396,0,-0.008724368129560123,0.007189140459987975,-0.0018807983160520347,0.010099419234176565,0.4413449890318555,2.583840214545341,0.011736247400095934,-4.718156095773196,3058.0508298593186,3069.8695303569184,3127.169525196439,3384.5422412558855,000300.SH
2019-01-15,3127.99,0.46774522920249106,1,0.019626570353806105,-0.008724368129560123,0.007189140459987975,-0.0018807983160520347,2.6344456475374756,3.8974972182086898,3.2544398230672567,-1.197759885783234,3070.7670426121695,3075.404813180069,3127.2017006789315,3381.9894826364243,000300.SH
2019-01-16,3128.65,-0.14198581292136614,2,0.0002109981170017594,0.019626570353806105,-0.008724368129560123,0.007189140459987975,1.629700371611964,5.358068926500414,2.9770916990323304,-1.029672276350746,3081.291216682684,3080.475783353396,3127.258496730738,3379.4686917644203,000300.SH
2019-01-17,3111.42,-0.03372961494418547,3,-0.005507167628210241,0.0002109981170017594,0.019626570353806105,-0.008724368129560123,1.2604590765745938,4.943943012101837,3.1200286350620443,-0.5437232094053446,3086.7691772858325,3083.422851605453,3126.6373792118857,3376.801540602585,000300.SH
2019-01-18,3168.17,0.2882490766780945,4,0.018239260530561685,-0.005507167628210241,0.0002109981170017594,0.019626570353806105,2.371412507512649,4.357894112725513,5.534255154012446,2.492292462626944,3101.569326870226,3091.49400859541,3128.2661094388704,3374.7256048751965,000300.SH
2019-01-21,3185.64,-0.011646959290193548,0,0.005514224299832282,0.018239260530561685,-0.005507167628210241,0.0002109981170017594,3.8418661051313974,4.300166977703546,6.524974001090111,3.854053243442368,3116.8549038029123,3100.460293491085,3130.516065931464,3372.8441560704687,000300.SH
2019-01-22,3143.32,-0.25949299861593556,1,-0.013284614708504283,0.005514224299832282,0.018239260530561685,-0.005507167628210241,0.49009108085384945,3.13744791153987,4.406689585305501,3.760480623225715,3121.66673947511,3104.542170301458,3131.0181809929754,3370.5603336220065,000300.SH
2019-01-23,3141.05,-0.19809412254858805,2,-0.0007221663718616211,-0.013284614708504283,0.005514224299832282,0.018239260530561685,0.3963370782925635,2.0324965567422915,5.775642018629146,3.385228095582926,3125.190968661453,3108.019106463224,3131.4115856599174,3368.276648710345,000300.SH
2019-01-24,3158.78,0.29191530509584784,3,0.005644609286703517,-0.0007221663718616211,-0.013284614708504283,0.005514224299832282,1.5221345880658932,2.8017795482134566,6.541331066769196,4.689654258139786,3131.2980652684614,3112.8534772762505,3132.484856810509,3366.192104942083,000300.SH
2019-01-25,3184.47,0.15122891837693553,4,0.00813288674741508,0.005644609286703517,-0.0007221663718616211,-0.013284614708504283,0.5144925935161249,2.8981058427416384,4.894807748684893,6.077221080402251,3140.965689765105,3119.674098488036,3134.5234898767635,3364.3839247934056,000300.SH
2019-01-28,3183.78,0.044669360857162665,0,-0.00021667655842250166,0.00813288674741508,0.005644609286703517,-0.0007221663718616211,-0.05838701171506644,3.7812359426034448,4.239269226991449,6.46277725204063,3148.750109807813,3125.7794224415566,3136.455117724734,3362.586870815362,000300.SH
2019-01-29,3193.97,-0.11736072670134479,1,0.003200598031270818,-0.00021667655842250166,0.00813288674741508,0.005644609286703517,1.6113536006515217,2.1093417817831916,4.799356892082551,6.089050537259388,3156.971908024574,3132.2737631614086,3138.7106033041564,3360.909091006254,000300.SH
2019-01-30,3168.48,-0.15054923612388604,2,-0.00798066356290128,0.003200598031270818,-0.00021667655842250166,0.00813288674741508,0.8732748603174079,1.2730730506768095,2.9235206985265494,6.6993541087171815,3159.064288383742,3135.721976193656,3139.878030625562,3358.994373682809,000300.SH
2019-01-31,3201.63,0.3356587866714005,3,0.010462429934858353,-0.00798066356290128,0.003200598031270818,-0.00021667655842250166,1.3565363843002665,2.8993192818713043,4.196323091493115,7.986602987007729,3166.803508677607,3141.998930841879,3142.2996764833833,3357.428559019299,000300.SH
2019-02-01,3247.4,-0.028135801143534755,4,0.014295843054943802,0.010462429934858353,-0.00798066356290128,0.003200598031270818,1.9761530176136244,2.500812772041905,4.931529866420226,6.9676896573305225,3181.4574161907694,3152.037127904557,3146.4212577977605,3356.3337474867685,000300.SH
2019-02-11,3306.47,0.21089698343537533,0,0.0181899365646363,0.014295843054943802,0.010462429934858353,-0.00798066356290128,3.8535954117432603,3.7929584008236983,7.7805448891380635,8.256228923157494,3204.1869768833562,3166.7450204850757,3152.6976790605936,3355.837590795358,000300.SH
2019-02-12,3330.34,0.07042765830698383,1,0.0072191793665148385,0.0181899365646363,0.014295843054943802,0.010462429934858353,4.269608042655393,5.949760126235959,6.469010450800683,9.273878662598033,3227.1238901772913,3182.3254947245923,3159.664044587629,3355.58388342426,000300.SH
2019-02-13,3397.03,0.3747506596295329,2,0.020024982434226013,0.0072191793665148385,0.0181899365646363,0.014295843054943802,7.213237893248503,8.149504146702547,8.57814073162546,10.347639094618133,3258.0159101450563,3202.7735428460596,3168.97251342733,3355.996282594168,000300.SH
2019-02-14,3402.14,-0.17894024537524544,3,0.001504255187619652,0.020024982434226013,0.0072191793665148385,0.0181899365646363,6.2627474130364735,7.704240244651395,9.343643738228845,10.721875620384736,3284.220290118682,3221.7608244797684,3178.1163364301797,3356.4554240608927,000300.SH
2019-02-15,3338.7,0.020957698376962375,4,-0.018647086833581183,0.001504255187619652,0.020024982434226013,0.0072191793665148385,2.8114799531933077,4.843192116741557,5.382602574988082,7.881658793193691,3294.125691915285,3232.8978888150286,3184.4137350015453,3356.278753174715,000300.SH
2019-02-18,3445.74,0.27476714714401584,0,0.032060382783718255,-0.018647086833581183,0.001504255187619652,0.020024982434226013,4.212044869604137,8.227955449183021,8.164764380155942,12.320309800572392,3321.6919297488694,3253.1685660707403,3194.661823825014,3357.168914834668,000300.SH
2019-02-19,3439.61,0.029443156859078945,1,-0.0017790082826909526,0.032060382783718255,-0.018647086833581183,0.001504255187619652,3.281046379648922,7.690742242413062,9.426020895104536,9.96230806364471,3343.1315788854386,3270.924893111622,3204.267634655406,3357.989224139796,000300.SH
2019-02-20,3451.93,-0.2163646371514203,2,0.0035818014251614017,-0.0017790082826909526,0.032060382783718255,-0.018647086833581183,1.6161176086169293,8.945929909609651,9.897327326849293,10.332891183098125,3362.913109997177,3288.163474720039,3213.9798842767627,3358.9239582279574,000300.SH
2019-02-21,3442.71,0.2722183775724518,3,-0.0026709695735428474,0.0035818014251614017,-0.0017790082826909526,0.032060382783718255,1.1924847301992392,7.529914449827113,8.988596863345965,10.64754999325066,3377.4216354522355,3302.8821914133687,3222.9496927364976,3359.7576501858885,000300.SH
2019-02-22,3520.12,0.09542333154568894,4,0.022485193350587185,-0.0026709695735428474,0.0035818014251614017,-0.0017790082826909526,5.433851499086484,8.398103097862908,10.540215483267247,11.10893670478541,3403.366792642738,3323.5715065168574,3234.6034302762428,3361.353295457671,000300.SH
2019-02-25,3729.48,0.855295052296974,0,0.05947524516209679,0.022485193350587185,-0.0026709695735428474,0.0035818014251614017,8.234515662818453,12.793402026935086,17.14000339219417,17.071608844690545,3462.660103071331,3362.2294582771565,3254.0103545791353,3365.0162477416743,000300.SH
2019-02-26,3684.69,0.029891063713156196,1,-0.012009717172367207,0.05947524516209679,0.022485193350587185,-0.0026709695735428474,7.125226406482121,10.640054769182727,15.363951446006086,17.22287263148519,3503.0291752401795,3392.9399860602844,3270.8997524387773,3368.1970810974785,000300.SH
2019-02-27,3678.39,-0.20722368583509654,2,-0.0017097774846731584,-0.012009717172367207,0.05947524516209679,0.022485193350587185,6.560387956882097,8.28252915046377,16.093205574912893,17.107018353735203,3534.912961560147,3420.125701673591,3286.8797621470603,3371.283577802976,000300.SH
2019-02-28,3669.37,-0.3296230485462137,3,-0.002452159776423879,-0.0017097774846731584,-0.012009717172367207,0.05947524516209679,6.583766858085638,7.854762002739446,14.609433319902676,16.164151982727493,3559.359695821938,3443.863253895154,3301.8793793177642,3374.249611854688,000300.SH
2019-03-01,3749.71,0.14372856667431666,4,0.021894766676568533,-0.002452159776423879,-0.0017097774846731584,-0.012009717172367207,6.522220833380676,12.310480126995538,15.468066761101195,17.7498924467808,3593.968842036131,3472.991515428949,3319.4413644425576,3377.98553611484,000300.SH
2019-03-04,3794.1,0.5974717747538394,0,0.011838248824575626,0.021894766676568533,-0.002452159776423879,-0.0017097774846731584,1.7326812316998508,10.109874801929353,14.747752134451542,19.16966624578331,3630.356325302289,3503.573275864287,3338.0554285820654,3382.125978541558,000300.SH
2019-03-05,3816.01,-0.30535068411358646,1,0.005774755541498644,0.011838248824575626,0.021894766676568533,-0.002452159776423879,3.5639361791629742,10.943101107392984,14.583195709747354,19.475449049302295,3664.111538883691,3533.3291543534024,3356.798745108259,3386.4432324864188,000300.SH
2019-03-06,3848.09,0.26654326413888074,2,0.008406686565286758,0.005774755541498644,0.011838248824575626,0.021894766676568533,4.61343141972439,11.476478375865096,13.278069372363511,21.44908599707116,3697.5621681775656,3563.306377748316,3376.065068829504,3391.0367326606834,000300.SH
2019-03-07,3808.85,0.08510660335464038,3,-0.01019726669594534,0.008406686565286758,0.005774755541498644,0.011838248824575626,3.8011974807664606,10.635226318801184,11.954534498874247,18.965964211979514,3717.796319418008,3586.691484629429,3393.037026914622,3395.1940786043583,000300.SH
2019-03-08,3657.58,-0.027947024419688216,4,-0.0397153996613151,-0.01019726669594534,0.008406686565286758,0.005774755541498644,-2.4569900072272333,3.904980512028011,9.551022853206348,12.631027899242465,3706.8478977056425,3593.4427718075785,3403.4112611532646,3397.8048837923748,000300.SH
2019-03-11,3729.95,-0.23068707006642397,0,0.019786306793016184,-0.0397153996613151,-0.01019726669594534,0.008406686565286758,-1.6907830579056982,0.012602293081065419,8.248155693697147,12.807616582034619,3711.0482799409797,3606.443460206857,3416.216701892352,3401.109810321804,000300.SH
2019-03-12,3755.35,0.210116417011321,1,0.00680974275794588,0.019786306793016184,-0.0397153996613151,-0.01019726669594534,-1.5896184758425802,1.9176647153491766,9.179529074517156,12.761760060534355,3719.103138133529,3620.6250354252516,3429.516046916181,3404.6345883285526,000300.SH
2019-03-13,3724.19,-0.11996277637947794,2,-0.008297495572982538,0.00680974275794588,0.019786306793016184,-0.0397153996613151,-3.2197791631692674,1.2451099529957377,7.887181953284106,9.630765698271727,3720.0280221092503,3630.488365384751,3441.0718882135857,3407.81424416608,000300.SH
2019-03-14,3698.49,-0.1899245224141296,3,-0.006900829442106904,-0.008297495572982538,0.00680974275794588,0.019786306793016184,-2.8974624886776934,0.7935967209629968,7.429612136950237,8.710693857395647,3716.1120180893863,3636.964711538584,3451.1667161267783,3410.7065402440294,000300.SH
2019-03-15,3745.01,-0.0328952854184591,4,0.012578106200098027,-0.006900829442106904,-0.008297495572982538,0.00680974275794588,2.3903783375893495,-0.12534302652738027,6.388702657863954,12.169706772096944,3721.3661966185887,3647.2547390111,3462.6899821610223,3414.0329428286664,000300.SH
2019-03-18,3851.75,0.23318646374511842,0,0.028501926563613944,0.012578106200098027,-0.006900829442106904,-0.008297495572982538,3.265459322511033,1.5194644316175232,3.2784731383463717,11.782955185243239,3745.0723426879363,3666.7304781529,3477.9472377625507,3418.3883364323615,000300.SH
2019-03-19,3833.96,-0.1894451709558368,1,-0.004618679820860616,0.028501926563613944,0.012578106200098027,-0.006900829442106904,2.093280253504992,0.4703866080015384,4.0510870656690345,11.464962597503781,3761.233734926493,3682.6570992811953,3491.908522556176,3422.5233778608954,000300.SH
2019-03-20,3835.44,-0.03877742346178936,2,0.00038602385001418327,-0.004618679820860616,0.028501926563613944,0.012578106200098027,2.987226752662986,-0.32873451504512596,4.2695309632746925,11.110016715286818,3774.725783121676,3697.2078517306054,3505.380345201032,3426.632000966757,000300.SH
2019-03-21,3836.89,0.07700056530198962,3,0.00037805310472838194,0.00038602385001418327,-0.004618679820860616,0.028501926563613944,3.742067708713548,0.7361802118749816,4.565361356309117,11.449700962323274,3786.0283680086436,3710.5109134705476,3518.3807238205995,3430.714170111367,000300.SH
2019-03-22,3833.8,-0.14429312551712126,4,-0.0008053397413008145,0.00037805310472838194,0.00038602385001418327,-0.004618679820860616,2.370888195225107,4.817939730641574,2.2425734256782626,8.911059850232395,3794.714119279799,3722.252731235257,3530.750107200184,3434.724974388866,000300.SH
2019-03-25,3742.83,0.1253192210555405,0,-0.023728415671135705,-0.0008053397413008145,0.00037805310472838194,0.00038602385001418327,-2.8278055429350357,0.3453129398517385,-1.3513086107377226,0.35795875028152846,3785.280643047108,3724.212471117614,3539.0669657413537,3437.790696036738,000300.SH
2019-03-26,3700.44,-0.12018425888026207,1,-0.011325654651693995,-0.023728415671135705,-0.0008053397413008145,0.00037805310472838194,-3.482561111748683,-1.4621806223121592,-3.0285560048322724,0.42744437116826184,3769.8550715839974,3721.9484262492697,3545.3953200260066,3440.4041219468204,000300.SH
2019-03-27,3743.39,-0.0968735291428584,2,0.011606727848580078,-0.011325654651693995,-0.023728415671135705,-0.0008053397413008145,-2.399985399328375,0.5155483474258871,-2.7208303340098716,1.7670774442079207,3765.0432403869067,3723.9904808921965,3553.159817279889,3443.418906803071,000300.SH
2019-03-28,3728.4,-0.02762215214194008,3,-0.004004391741175728,0.011606727848580078,-0.011325654651693995,-0.023728415671135705,-2.827550437984927,0.8087084188412197,-2.1121860929151803,1.6087230232982863,3758.380833043833,3724.4104350929397,3560.0319813081287,3446.2545395711995,000300.SH
2019-03-29,3872.34,0.6397166955023563,4,0.038606372706791126,-0.004004391741175728,0.011606727848580078,-0.011325654651693995,1.0052689237831869,3.399990921252538,5.871641905303515,3.2703862432028163,3779.1006815813175,3738.4989650840885,3572.279354590163,3450.4941958938743,000300.SH
2019-04-01,3973.93,0.20414327775585184,0,0.026234783102723425,0.038606372706791126,-0.004004391741175728,0.011606727848580078,6.1744722576232425,3.1720646459401536,6.541106449148115,4.739727471600652,3814.5241940210776,3760.9209684094135,3588.03036029251,3455.702512352642,000300.SH
2019-04-02,3971.29,-0.17285048037056405,1,-0.0006643297692712213,0.026234783102723425,0.038606372706791126,-0.004004391741175728,7.319399855152353,3.5819361704347408,5.750196386488615,4.069171726489174,3843.027067835427,3780.9561142751836,3603.0601500849607,3460.8327361103275,000300.SH
2019-04-03,4022.16,0.010409800119946633,2,0.012809439753833196,-0.0006643297692712213,0.026234783102723425,0.038606372706791126,7.446993233406074,4.868281083786985,8.000934431379703,4.523542848530049,3875.5966918653485,3803.927912915642,3619.495438316923,3466.4180820196775,000300.SH
2019-04-04,4062.23,0.10080849218734911,3,0.009962308809197129,0.012809439753833196,-0.0006643297692712213,0.026234783102723425,8.953706683832197,5.872985673292708,9.83482448242392,6.652401643540706,3909.5300206171028,3828.528111685581,3636.857577990769,3472.346558815502,000300.SH
2019-04-08,4057.23,0.03550118082437037,0,-0.0012308510350226287,0.009962308809197129,0.012809439753833196,-0.0006643297692712213,4.774632392816747,5.827899212269805,8.336960381948245,10.92662361452108,3936.3845623230836,3850.3092439060015,3653.342771010739,3478.166294548681,000300.SH
2019-04-09,4075.43,-0.2509699912634489,1,0.00448581914261692,-0.0012308510350226287,0.009962308809197129,0.012809439753833196,2.5541466507965627,8.886323984792256,5.8072304796521035,9.262322551240644,3961.6655509916136,3871.7493159149535,3669.8952113632595,3484.109216990983,000300.SH
2019-04-10,4085.85,0.14430865415965788,2,0.002556785418961871,0.00448581914261692,-0.0012308510350226287,0.009962308809197129,2.8847049699216143,10.415247916463976,6.569969431084299,8.800777557351513,3984.244541720411,3892.1398572563867,3686.2071638588177,3490.0966874686846,000300.SH
2019-04-11,3997.58,-0.15100820559631545,3,-0.021603827844879242,0.002556785418961871,0.00448581914261692,-0.0012308510350226287,-0.6111144260795176,6.790369157368059,4.227415889702346,7.3409251407688725,3986.669170498518,3902.1817756129212,3698.417863315335,3495.146272668001,000300.SH
2019-04-12,3988.62,-0.24322113055849348,4,-0.0022413560203923266,-0.021603827844879242,0.002556785418961871,0.00448581914261692,-1.8120588937603266,6.979401351786274,3.9545048203101896,7.844552776944114,3987.023866771515,3910.4139874593093,3709.7983392637534,3500.0564590096133,000300.SH
2019-04-15,3975.52,0.3216112177938717,0,-0.0032843439585621415,-0.0022413560203923266,-0.021603827844879242,0.002556785418961871,-2.013935616171625,2.664538754344914,3.6965934581876914,6.155123751338443,3984.932254631239,3916.6145600822324,3720.218796547528,3504.7874395169806,000300.SH
2019-04-16,4085.79,0.06039173635811479,1,0.027737251982130617,-0.0032843439585621415,-0.0022413560203923266,-0.021603827844879242,0.2542063046108156,2.814845757222706,9.163119885220539,6.076199130265469,4003.270026516468,3932.726506741067,3734.5549221731153,3510.568559521787,000300.SH
2019-04-17,4087.24,-0.08678153233591634,2,0.0003548885282895764,0.027737251982130617,-0.0032843439585621415,-0.0022413560203923266,0.03401984899102928,2.9197061911872435,10.452811017068232,6.6062243737545545,4018.5372944225646,3947.442077527632,3748.3857095388757,3516.3065838051525,000300.SH
2019-04-18,4072.08,-0.17922797841122118,3,-0.0037091044323308564,0.0003548885282895764,0.027737251982130617,-0.0032843439585621415,1.8636274946342457,1.2411241720866384,8.780543838606182,6.169826669169631,4028.27233180028,3959.312355858334,3761.079603282449,3521.8366675483853,000300.SH
2019-04-19,4120.61,0.03668016255983564,4,0.011917742284041521,-0.0037091044323308564,0.0003548885282895764,0.027737251982130617,3.3091645732107766,1.4371416684924254,10.519525801952568,7.394530466080607,4045.0609987456833,3974.674036252778,3775.178834526275,3527.794611154869,000300.SH
2019-04-22,4025.61,0.25515371746388027,0,-0.023054838968016744,0.011917742284041521,-0.0037091044323308564,0.0003548885282895764,1.2599609610818296,-0.7793494576348814,3.9580718635243706,5.003130053732585,4041.524453519195,3979.52508041918,3784.9996645448527,3532.7479981085517,000300.SH
2019-04-23,4019.01,-0.164739133290272,1,-0.0016395030815204992,-0.023054838968016744,0.011917742284041521,-0.0037091044323308564,-1.6344452358050598,-1.3843937940290818,1.1343934090434438,7.378908473000378,4037.4309165157047,3983.285548950687,3794.176540445055,3537.5864259880686,000300.SH
2019-04-24,4030.09,-0.08633852453864377,2,0.0027568978430010382,-0.0016395030815204992,-0.023054838968016744,0.011917742284041521,-1.3982540785468789,-1.3647099134818874,1.480627201740492,8.90840008215239,4036.0962044219395,3987.743115717288,3803.428048662896,3542.4869590628145,000300.SH
2019-04-25,3941.82,0.05915903852245896,3,-0.021902736663449218,0.0027568978430010382,-0.0016395030815204992,-0.023054838968016744,-3.198856603995981,-1.3948438805477248,-1.997434214451932,5.300810228162178,4018.9550763452235,3983.369485648975,3808.855184009449,3546.460422156717,000300.SH
2019-04-26,3889.27,-0.055479190608056395,4,-0.013331405289942255,-0.021902736663449218,0.0027568978430010382,-0.0016395030815204992,-5.614217312485281,-2.490836429642329,-4.257759900350299,4.31471945070272,3995.3759715551823,3974.4076298728824,3812.008706205157,3549.871462732272,000300.SH
2019-04-29,3900.33,0.09312435393623053,0,0.0028437213153111873,-0.013331405289942255,-0.021902736663449218,0.0027568978430010382,-3.1120749401954084,-1.891324908439651,-3.867170458662683,0.7228187607493108,3978.0948858178763,3967.3526175040365,3815.4722863539746,3553.3586123568266,000300.SH
2019-04-30,3913.21,-0.20731230805326184,1,0.003302284678476042,0.0028437213153111873,-0.013331405289942255,-0.021902736663449218,-2.632489095573287,-4.22390773877267,-3.9804388739347663,-1.527958469323809,3966.2976338509893,3962.1961777417473,3819.305137869505,3556.9392231791467,000300.SH
2019-05-06,3684.62,0.5718550947534271,0,-0.05841495856343004,0.003302284678476042,0.0028437213153111873,-0.013331405289942255,-8.572265135518077,-9.85065716718372,-9.819988496885589,-7.2185612231793765,3915.0835186053546,3935.7603512901524,3814.0233677569754,3558.2096786699017,000300.SH
2019-05-07,3720.67,-0.27726080355617955,1,0.009783912588001042,-0.05841495856343004,0.003302284678476042,0.0028437213153111873,-5.610352578250655,-8.629742048289813,-6.926940799183501,-7.49572369075322,3879.7356061316536,3915.2755559291854,3810.362451374349,3559.8261992801513,000300.SH
2019-05-08,3667.46,-0.21017557741198434,2,-0.014301187689313988,0.009783912588001042,-0.05841495856343004,0.003302284678476042,-5.703126807858538,-10.997158187744038,-8.05190767734203,-9.71806126191771,3841.140041380444,3891.67407441212,3804.7584336733944,3560.897182371891,000300.SH
2019-05-09,3599.7,-0.02226267486997824,3,-0.018476002464921315,-0.014301187689313988,0.009783912588001042,-0.05841495856343004,-7.707809339209759,-10.580011476521578,-9.453354529721903,-11.276905672096483,3797.241852038545,3863.8670197062033,3796.7169264705162,3561.2832800597334,000300.SH
2019-05-10,3730.45,0.3753677489316367,4,0.03632247131705424,-0.018476002464921315,-0.014301187689313988,0.009783912588001042,-4.67033458465046,-7.179877631556042,-8.696971699475498,-8.464873645234983,3785.097878940627,3851.1606368770413,3794.1182234716725,3562.966531004413,000300.SH
2019-05-13,3668.73,-0.3076542300787981,0,-0.01654492085405246,0.03632247131705424,-0.018476002464921315,-0.014301187689313988,-0.43125206941285743,-8.966549134138447,-10.23942807371233,-10.208891662689524,3763.9400827696036,3833.786290507799,3789.2010382374897,3564.0189038302397,000300.SH
2019-05-14,3645.15,0.001547085671627535,1,-0.006427292278254337,-0.01654492085405246,0.03632247131705424,-0.018476002464921315,-2.0297419550779794,-7.52621885322009,-10.484322508398646,-8.816083730657043,3742.3418859024023,3815.8209295070565,3783.551977914451,3564.8261784189935,000300.SH
2019-05-15,3727.09,0.1276897348104471,2,0.022479184670040953,-0.006427292278254337,-0.01654492085405246,0.03632247131705424,1.62592093710634,-4.169934203590897,-9.55004234809893,-6.556904392998075,3739.5688157383292,3807.3703647920984,3781.3377827021195,3566.4407438078597,000300.SH
2019-05-16,3743.96,-0.08314581843916669,3,0.004526319461027217,0.022479184670040953,-0.006427292278254337,-0.01654492085405246,4.007556185237671,-4.0091479438919215,-6.996455195610107,-5.824646838652548,3740.367212876815,3801.331282430946,3779.871987302037,3568.2071045659904,000300.SH
2019-05-17,3648.76,0.10182490139214373,4,-0.025427622089979507,0.004526319461027217,0.022479184670040953,-0.006427292278254337,-2.1898162420083245,-6.757879081367979,-9.212467747032226,-10.696340242645853,3723.7113559901213,3786.8006841041893,3774.7303407411728,3569.008625913593,000300.SH
2019-05-20,3617.79,-0.12913093998501546,0,-0.008487815038533686,-0.025427622089979507,0.004526319461027217,0.022479184670040953,-1.3884913853022707,-1.8137555568823904,-10.230540757154316,-11.485745882306887,3704.452927628281,3770.7044284752187,3768.5758175748524,3569.4940127204227,000300.SH
2019-05-21,3666.78,-0.00836757101235186,1,0.013541416168434406,-0.008487815038533686,-0.025427622089979507,0.004526319461027217,0.5933912184683754,-1.4483950471286033,-6.977487556509432,-9.953144339011011,3697.603304423139,3760.806863858531,3764.58382472878,3570.462032494349,000300.SH
2019-05-22,3649.38,-0.08488782486512125,2,-0.004745307872302207,0.013541416168434406,-0.008487815038533686,-0.025427622089979507,-2.0850046551062595,-0.49298424522693507,-6.16799553643742,-11.435928175682719,3688.835430891659,3750.19478158629,3760.066027680593,3571.2472859023655,000300.SH
2019-05-23,3583.96,0.031506651105758454,3,-0.01792633269212851,-0.004745307872302207,0.013541416168434406,-0.008487815038533686,-4.273549931089004,-0.4372586604439177,-8.11136493578748,-10.971008120508452,3669.767170729539,3734.362897625691,3753.1599089480205,3571.373780570004,000300.SH
2019-05-24,3593.91,-0.19324965606382893,4,0.0027762586636010944,-0.01792633269212851,-0.004745307872302207,0.013541416168434406,-1.5032504193205454,-3.6601482394885365,-8.159541655060687,-10.577231706315748,3655.974957869623,3720.986431185149,3746.914814479471,3571.598021559357,000300.SH
2019-05-27,3637.2,0.3163838657949918,0,0.012045376762356286,0.0027762586636010944,-0.01792633269212851,-0.004745307872302207,0.5365153864652195,-0.8594254687589453,-1.2869712480527151,-9.748913795969827,3652.5613291660547,3713.006771072278,3742.6122727351776,3572.250777563742,000300.SH
2019-05-28,3672.26,0.11669715788830581,1,0.009639282964918117,0.012045376762356286,0.0027762586636010944,-0.01792633269212851,0.14944992609320362,0.7437279672990238,-1.301109746362883,-6.838465480412603,3656.1429056813176,3709.126126208251,3739.8533600788965,3573.245894204899,000300.SH
2019-05-29,3663.91,-0.19443526638299635,2,-0.0022738041424082978,0.009639282964918117,0.012045376762356286,0.0027762586636010944,0.39814982270960364,-1.695156274734455,-0.09679723841569121,-5.794403577020879,3657.5551046483506,3704.819828474132,3736.8751890954104,3574.1480246108204,000300.SH
2019-05-30,3641.18,-0.05948191043101514,3,-0.006203755004899114,-0.0022738041424082978,0.009639282964918117,0.012045376762356286,1.596557997299075,-2.7452216369833082,1.1523182487429562,-6.644309584060837,3654.5778128941047,3698.7588924289767,3733.1224365818653,3574.8150094405637,000300.SH
2019-05-31,3629.79,-0.040755925180092745,4,-0.003128106822513521,-0.006203755004899114,-0.0022738041424082978,0.009639282964918117,0.9983555514745834,-0.519902651859816,-2.6983339811550877,-7.24264734067428,3650.070937822449,3692.1904264833597,3729.0701841668906,3575.3620242720012,000300.SH
2019-06-03,3632.01,0.14444525521825313,0,0.0006116056300777828,-0.003128106822513521,-0.006203755004899114,-0.0022738041424082978,-0.1426921807984094,0.39305764016153155,-1.0008913166136502,-1.42782702151103,3646.78713094564,3686.4589572944683,3725.263902434856,3575.925685722031,000300.SH
2019-06-04,3598.47,-0.11650463731750249,1,-0.00923455607225765,0.0006116056300777828,-0.003128106822513521,-0.006203755004899114,-2.009389313392851,-1.862942418143454,-1.2806057363894618,-3.284354699556813,3638.0021980464326,3678.0790565997568,3720.29159253545,3576.1500072571353,000300.SH
2019-06-05,3597.11,0.04720124486558719,2,-0.00037793840159838776,-0.00923455607225765,0.0006116056300777828,-0.003128106822513521,-1.8231888883733394,-1.432298088990458,-3.4874392622662675,-1.91822133029399,3630.5672529470808,3670.3677178759704,3715.4609418477853,3576.3585643988554,000300.SH
2019-06-06,3564.68,-0.08956277719142003,3,-0.009015570833252329,-0.00037793840159838776,-0.00923455607225765,0.0006116056300777828,-2.100967268852405,-0.537952432504829,-4.788512697785241,-0.9728588493485568,3618.5877524112475,3660.3022209354017,3709.5479637361077,3576.2423597779716,000300.SH
2019-06-10,3610.74,0.12436216833112512,0,0.012921215929620589,-0.009015570833252329,-0.00037793840159838776,-0.00923455607225765,-0.5248237501343067,0.46829219429533886,-1.041997829399588,-3.208996233698347,3617.160888336475,3655.5820094177443,3705.6731416288094,3576.5856198796832,000300.SH
2019-06-11,3719.28,0.5415790025804752,1,0.03006032004519854,0.012921215929620589,-0.009015570833252329,-0.00037793840159838776,2.402801754400463,2.2566809633784324,2.805303790435598,1.3778610036715655,3635.727999548025,3661.6484847112924,3706.206743917876,3578.005464457995,000300.SH
2019-06-12,3691.1,-0.26867451557379485,2,-0.00757673528209768,0.03006032004519854,0.012921215929620589,-0.009015570833252329,2.5741495691224303,0.5130355693768962,0.6632522267493446,1.2605791256875554,3645.795635993838,3664.4533909292645,3705.614322587763,3579.130783219607,000300.SH
2019-06-13,3685.39,-0.16505550806108427,3,-0.001546964319579569,-0.00757673528209768,0.03006032004519854,0.012921215929620589,2.454192393337973,0.5862589419499908,0.9867429535975969,-1.1188353380251148,3652.9946112676853,3666.447353697906,3704.821211898047,3580.188088859213,000300.SH
2019-06-14,3654.88,0.055444192869991804,4,-0.008278635368305642,-0.001546964319579569,-0.00757673528209768,0.03006032004519854,2.530381408709914,0.3762516546833794,1.9788167278652624,-2.379298924133799,3653.337409219015,3665.345700964772,3702.8627330000845,3580.9312919551417,000300.SH
2019-06-17,3654.82,-0.20149958493539344,0,-1.6416407652264375e-05,-0.008278635368305642,-0.001546964319579569,-0.00757673528209768,1.2208023839988646,0.6895715730111274,1.6948115005662512,0.16608382025673496,3653.606971179194,3664.343253253841,3700.9787042549833,3581.6665029804635,000300.SH
2019-06-18,3667.62,-0.0388832278576875,1,0.003502224459754455,-1.6416407652264375e-05,-0.008278635368305642,-0.001546964319579569,-1.3889785119700626,0.9804488423765356,0.8363576377433235,1.377360211620915,3656.1547946011583,3664.6553243725225,3699.670519774396,3582.5217616572754,000300.SH
2019-06-19,3715.94,0.9287884457450999,2,0.013174756381522768,0.003502224459754455,-1.6416407652264375e-05,-0.008278635368305642,0.6729701173092018,3.264442943806678,1.1894582627591577,1.3406858333469662,3667.0248319464017,3669.539579194187,3700.3085386067723,3583.8493063174024,000300.SH
2019-06-20,3828.52,0.3195889443020967,3,0.030296506402148538,0.013174756381522768,0.003502224459754455,-1.6416407652264375e-05,3.8837137996249993,6.433220001612394,4.492741361005059,4.908779025478305,3696.3875897743283,3684.6805716518834,3705.3364390535658,3586.283840582901,000300.SH
2019-06-21,3833.94,-0.12192389325147157,4,0.001415690658531199,0.030296506402148538,0.013174756381522768,0.003502224459754455,4.899203257015272,7.553553194115614,5.293888245019485,6.974966238462477,3721.397118906268,3698.895755304085,3710.379715953426,3588.7480809751114,000300.SH
2019-06-24,3841.27,-0.2816384964274644,0,0.001911871338622806,0.001415690658531199,0.030296506402148538,0.013174756381522768,5.101482425947101,6.384563829021195,5.826232371569695,6.882754437367655,3743.1921881960375,3712.455207179886,3715.512668268978,3591.260736885807,000300.SH
2019-06-25,3801.31,0.17901150985490388,1,-0.010402809487487175,0.001911871338622806,0.001415690658531199,0.030296506402148538,3.6451431718662164,2.2055344045083913,4.661330778274286,4.511987242934135,3753.759063069485,3720.917568400849,3718.8772695133316,3593.350779304854,000300.SH
2019-06-26,3794.33,-0.33805112802234827,2,-0.0018362090963378597,-0.010402809487487175,0.001911871338622806,0.001415690658531199,2.1095604342373564,2.7967272628755646,5.442868774784837,3.3241110378894767,3761.135597056851,3727.909228553149,3721.8362001206524,3595.3505725456016,000300.SH
2019-06-27,3834.82,0.3958416104063571,3,0.010671185690227292,-0.0018362090963378597,-0.010402809487487175,0.001911871338622806,0.16455444923888507,4.054659072716871,6.608360600593244,4.664688816046247,3774.5327612283327,3738.0912067861827,3726.266937370823,3597.7333529182824,000300.SH
2019-06-28,3825.59,-0.2554351764551158,4,-0.002406892631205637,0.010671185690227292,-0.0018362090963378597,-0.010402809487487175,-0.21779161906549938,4.670741583855009,7.319310569251658,5.064566981033636,3783.8158955504537,3746.424425187499,3730.1619594347126,3600.0005832375036,000300.SH
2019-07-01,3935.81,0.866504365857437,0,0.028811242187479547,-0.002406892631205637,0.010671185690227292,-0.0018362090963378597,2.4611651875551477,7.6882035230189105,9.002863678913474,8.430790761999996,3811.4511872685525,3764.461146598213,3738.226588476489,3603.3419704689713,000300.SH
2019-07-02,3937.17,-0.19990412481707276,1,0.0003455451355629524,0.028811242187479547,-0.002406892631205637,0.010671185690227292,3.574031057714322,7.349452778641186,5.858391946828423,8.401959245706925,3834.3091532197245,3780.909608826955,3746.028290889176,3606.6636424046037,000300.SH
2019-07-03,3893.53,-0.06236496538303371,2,-0.011084103556615488,0.0003455451355629524,0.028811242187479547,-0.002406892631205637,2.61442731654864,4.7791406750378185,5.484272980954197,8.19959593938535,3845.0765799070473,3791.6353603672446,3751.81267163862,3609.518034022469,000300.SH
2019-07-04,3873.1,-0.1255103029665563,3,-0.005247166453064556,-0.011084103556615488,0.0003455451355629524,0.028811242187479547,0.9982215592909016,1.1644186265188594,5.093355113027398,7.672548240114985,3850.171747196675,3799.3938974751263,3756.5690374567134,3612.1407401515985,000300.SH
2019-07-05,3893.2,-0.18527284714310566,4,0.005189641372543852,-0.005247166453064556,-0.011084103556615488,0.0003455451355629524,1.7673090948062908,1.5456684246493158,6.520597119467664,9.21597450542546,3857.9950658881885,3808.3278120013047,3761.9271144191953,3614.937349702329,000300.SH
2019-07-08,3802.79,0.2663698121726288,0,-0.023222541867872204,0.005189641372543852,-0.005247166453064556,-0.011084103556615488,-3.3797363185722906,-1.0017520247209921,4.048626197733407,5.3188543068733996,3847.957781181245,3807.800401334514,3763.529580520403,3616.806530302306,000300.SH
2019-07-09,3793.13,-0.2313259884175387,1,-0.002540240192069443,-0.023222541867872204,0.005189641372543852,-0.005247166453064556,-3.6584653443971216,-0.2151889743272628,3.4221102513346535,1.985599363317636,3837.9890936937454,3806.4032202550366,3764.6903812843093,3618.5609926873576,000300.SH
2019-07-10,3786.74,-0.104218914055623,2,-0.0016846245712645036,-0.002540240192069443,-0.023222541867872204,0.005189641372543852,-2.7427552889023654,-0.2000353158528645,1.9053052525067615,2.591097504808859,3828.671076658519,3804.5305326116995,3765.5550722143366,3620.2344156456925,000300.SH
2019-07-11,3785.22,0.1215438967878204,3,-0.0004014006770995948,-0.0016846245712645036,-0.002540240192069443,-0.023222541867872204,-2.2689835015878734,-1.2934114247865725,-1.1309853415941484,2.7088042242476407,3820.7708809024243,3802.6914342677283,3766.3262458529903,3621.8760632512085,000300.SH
2019-07-12,3808.73,-0.05864721606282908,4,0.006210999624856717,-0.0004014006770995948,-0.0016846245712645036,-0.002540240192069443,-2.169680468509194,-0.44071633395110776,-0.6575481097774061,4.209440528827213,3818.581629829256,3803.26653576604,3767.989138172481,3623.735306402938,000300.SH
2019-07-15,3824.19,0.3316121834720269,0,0.004059095814090252,0.006210999624856717,-0.0004014006770995948,-0.0016846245712645036,0.5627447216385972,-2.836010884671769,-0.44464460972543085,4.634154349598618,3819.601333496664,3805.2592466454644,3770.193093538266,3625.7298804685806,000300.SH
2019-07-16,3806.84,-0.2389124943286708,1,-0.00453690846950594,0.004059095814090252,0.006210999624856717,-0.0004014006770995948,0.36144292444497683,-3.3102456840827243,0.14547616479583247,3.7959221511497887,3817.281091042725,3805.4097945839912,3771.630227125001,3627.531971210187,000300.SH
2019-07-17,3804.64,0.07669086713764406,2,-0.0005779071355770382,-0.00453690846950594,0.004059095814090252,0.006210999624856717,0.47270211316330357,-2.2830182379486086,0.27172122614531613,2.3870137838608807,3814.982710853138,3805.3364808140873,3772.9247280220598,3629.294240153369,000300.SH
2019-07-18,3768.4,-0.04365462505688689,3,-0.00952521132091333,-0.0005779071355770382,-0.00453690846950594,0.004059095814090252,-0.44435990510458545,-2.703260953757969,-1.7320239281113592,-1.570319601308079,3806.5131270616585,3801.8187207365554,3772.7472877074697,3630.678377067266,000300.SH
2019-07-19,3807.96,0.054877716243944,4,0.01049782401019006,-0.00952521132091333,-0.0005779071355770382,-0.00453690846950594,-0.020216712657494806,-2.1894585431007862,-0.46084394825373076,-0.6776318878229715,3806.7761948686293,3802.4036044759314,3774.1281783856084,3632.4423733153526,000300.SH
2019-07-22,3781.68,0.00010967971909092711,0,-0.00690133299719542,0.01049782401019006,-0.00952521132091333,-0.0005779071355770382,-1.1116079483498575,-0.5551187417659142,-3.91609351061154,-1.551309853251659,3802.2132503470602,3800.4299278591757,3774.4243282528396,3633.9273248246527,000300.SH
2019-07-23,3789.91,-0.11835826108804437,1,0.002176281441052641,-0.00690133299719542,0.01049782401019006,-0.00952521132091333,-0.44472580933268,-0.0848903148587099,-3.7402499765059716,-0.29989661458813544,3799.9762957385037,3799.4280299678258,3775.031609497826,3635.4793912443083,000300.SH
2019-07-24,3819.83,0.2510333205252391,2,0.00789464657472072,0.002176281441052641,-0.00690133299719542,0.01049782401019006,0.39924933765087545,0.8738387108700341,-1.892883835491188,0.6720554089918451,3803.5860601496847,3801.371074732795,3776.7884091253627,3637.313725659788,000300.SH
2019-07-25,3851.07,-0.03109952017302675,3,0.008178374430275692,0.00789464657472072,0.002176281441052641,-0.00690133299719542,2.1937692389343066,1.7396611029213638,-0.5687950220753302,0.42374870267705145,3812.2195037588326,3806.104305710624,3779.701412689074,3639.4406537626755,000300.SH
2019-07-26,3858.57,-0.11890253734129208,4,0.0019475106918336316,0.008178374430275692,0.00789464657472072,0.002176281441052641,1.329058078341161,1.30857267383091,-0.8894996403986388,0.8620892463646168,3820.646866711772,3811.101038500088,3782.7942984659735,3641.6210452675246,000300.SH
2019-07-29,3854.27,0.006755447795645075,0,-0.0011144024858951163,0.0019475106918336316,0.008178374430275692,0.00789464657472072,1.9195172515918957,0.7865717969034014,1.3537429098109621,-2.0717463495443122,3826.760163673268,3815.2123681667463,3785.5972671535824,3643.7369552648624,000300.SH
2019-07-30,3870.32,0.07880766599948719,1,0.004164212678406054,-0.0011144024858951163,0.0019475106918336316,0.008178374430275692,2.121686266956213,1.667524771201312,2.0349948459451817,-1.6979200796511162,3834.6801339144913,3820.4607140556277,3788.919727265207,3645.9915129239184,000300.SH
2019-07-31,3835.36,-0.07799110360633288,2,-0.00903284482936817,0.004164212678406054,-0.0011144024858951163,0.0019475106918336316,0.4065625957176078,0.8074351318390294,1.2839540079329526,-1.4940169974290707,3834.803745930038,3821.8796936693775,3790.7409144312774,3647.8757764769143,000300.SH
2019-08-01,3803.47,0.05910190937677817,3,-0.008314734470818985,-0.00903284482936817,0.004164212678406054,-0.0011144024858951163,-1.2360201190837916,0.9306336906909962,0.4821384226015857,-1.7977847202499286,3829.1067012154854,3820.126389510389,3791.240094257502,3649.4239777059997,000300.SH
2019-08-02,3747.44,0.20591417737279216,4,-0.014731284853041982,-0.008314734470818985,-0.00903284482936817,0.004164212678406054,-2.8800825176166334,-1.5893024086387486,-1.6091978165950316,-3.7439638343778836,3814.258210085397,3813.2038762236853,3789.522443502306,3650.39926150992,000300.SH
2019-08-05,3675.69,-0.06212301706314416,0,-0.01914640394509315,-0.014731284853041982,-0.008314734470818985,-0.00903284482936817,-4.633302804422101,-2.80272259947959,-3.8831752606434344,-3.342282902816085,3789.06399006987,3800.1073165833345,3785.058426110059,3650.650910649125,000300.SH
2019-08-06,3636.33,0.25707272824288996,1,-0.010708193563657487,-0.01914640394509315,-0.014731284853041982,-0.008314734470818985,-6.04575332272268,-4.052338973748714,-4.479042985783488,-4.133789245293473,3761.29417369353,3784.509476908731,3779.2259388116254,3650.508414025751,000300.SH
2019-08-07,3621.43,-0.35033594097310494,2,-0.0040975379022256675,-0.010708193563657487,-0.01914640394509315,-0.014731284853041982,-5.5778336323057065,-5.1939484217884075,-4.81543588880945,-4.3654964428505805,3735.86432393107,3768.9780981555186,3773.0378627797973,3650.2190765727582,000300.SH
2019-08-08,3669.29,0.0581032978805931,3,0.013215773879379222,-0.0040975379022256675,-0.010708193563657487,-0.01914640394509315,-3.527831164699602,-4.7202465808203975,-2.630028659377992,-3.0627017716275406,3723.759901398148,3759.4839935692785,3768.969319141374,3650.4088370048703,000300.SH
2019-08-09,3633.53,0.011950344759449338,4,-0.009745754628279535,0.013215773879379222,-0.0040975379022256675,-0.010708193563657487,-3.039675084857929,-5.832212451763219,-4.580667864158228,-4.59995851635584,3707.354464780303,3747.488375134109,3763.6579732926925,3650.2408883779563,000300.SH
2019-08-12,3699.1,0.04102644228228125,0,0.01804581219915602,-0.009745754628279535,0.013215773879379222,-0.0040975379022256675,0.636887223895366,-4.025924494132482,-2.1836855577415326,-3.2710194838645568,3705.8536530020656,3742.87995845467,3761.126288065528,3650.7270486926036,000300.SH
2019-08-13,3665.75,-0.14335939225299232,1,-0.009015706523208378,0.01804581219915602,-0.009745754628279535,0.013215773879379222,0.8090574837817277,-5.285609458649421,-3.2760672417023073,-3.7062235344800465,3698.5620797289625,3735.534248125654,3757.3860414747232,3650.876530795165,000300.SH
2019-08-14,3682.4,0.23647193948748457,2,0.004542044602059647,-0.009015706523208378,0.01804581219915602,-0.009745754628279535,1.6835890794520525,-3.988152350757168,-3.597804090757961,-3.2129189621094234,3695.6235197782416,3730.4738435422587,3754.4454123972832,3651.190197155412,000300.SH
2019-08-15,3694.0,-0.07061942373782037,3,0.0031501194872909366,0.004542044602059647,-0.009015706523208378,0.01804581219915602,0.673427284297512,-2.8781612580091265,-4.07860672488426,-1.974312705657577,3695.3283343640155,3727.0001441572817,3752.075004067978,3651.6161653429203,000300.SH
2019-08-16,3710.54,0.112845589791706,4,0.004477531131564794,0.0031501194872909366,0.004542044602059647,-0.009015706523208378,2.119426563149318,-0.984672202890513,-3.8363953485358593,-2.5583251924915174,3698.094091752376,3725.432511380398,3750.4461803790377,3652.202472155429,000300.SH
2019-08-19,3791.09,0.47289744727288685,0,0.021708430578837534,0.004477531131564794,0.0031501194872909366,0.004542044602059647,2.486821118650484,3.139546588531683,-1.6392209160229987,0.24883120729413122,3715.002438706489,3731.6856055346457,3752.0400556582913,3653.5844376066193,000300.SH
2019-08-20,3787.73,-0.2370624266368495,1,-0.0008862886399426673,0.021708430578837534,0.004477531131564794,0.0031501194872909366,3.3275591625179013,4.163538512731235,-2.133932077967715,-0.057521154855910694,3728.2256316689454,3737.0231669122986,3753.4396613187505,3654.9192193219765,000300.SH
2019-08-21,3781.76,-0.18393030522547182,2,-0.0015761419108542007,-0.0008862886399426673,0.021708430578837534,0.004477531131564794,2.6982402780795223,4.4272566361906796,-1.397522005756957,-0.9966412117816681,3737.9591531836822,3741.283817682556,3754.5502628356626,3656.181316642156,000300.SH
2019-08-22,3793.51,-0.008056389218669802,3,0.0031070189541377857,-0.0015761419108542007,-0.0008862886399426673,0.021708430578837534,2.6938278289117656,3.385396084801151,-0.26186613802657854,-1.4946495389593029,3748.0593071502853,3746.257739808027,3756.0780956656367,3657.547771202931,000300.SH
2019-08-23,3820.86,0.1416143931966809,4,0.007209681798650891,0.0031070189541377857,-0.0015761419108542007,-0.0008862886399426673,2.9731521557509133,5.155592495452077,1.9592041500331003,-0.9773050637930658,3761.295796759324,3753.362716969167,3758.6185625022786,3659.1727685043948,000300.SH
2019-08-26,3765.91,0.03300993489579085,0,-0.014381579016242485,0.007209681798650891,0.0031070189541377857,-0.0015761419108542007,-0.6641889271950863,1.8061150009461846,2.4545051405314267,-2.292522319401602,3762.134742803083,3754.557696305437,3758.9045012276792,3660.2348305093265,000300.SH
2019-08-27,3816.95,0.2767651282228527,1,0.013553165104848386,-0.014381579016242485,0.007209681798650891,0.0031070189541377857,0.7714383020964943,4.124667530518988,4.96709594563749,-1.3789557452613788,3772.1011532025223,3760.4998204668236,3761.180795297182,3661.794185429632,000300.SH
2019-08-28,3802.58,-0.2425408302603187,2,-0.0037647860202517647,0.013553165104848386,-0.014381579016242485,0.007209681798650891,0.5505373159587101,3.2636324136432693,5.002167652004874,-0.8546785699386827,3777.6427617111544,3764.5074566128405,3762.8042935208223,3663.195039305954,000300.SH
2019-08-29,3790.19,-0.08129455307027211,3,-0.003258314092011161,-0.0037647860202517647,0.013553165104848386,-0.014381579016242485,-0.08751789240044605,2.603952355170547,3.2949153650978724,-0.3491548507021158,3779.9240777636714,3766.9534131259034,3763.8782427945157,3664.4586707556464,000300.SH
2019-08-30,3799.59,0.20504329369883623,4,0.002480086750268562,-0.003258314092011161,-0.0037647860202517647,0.013553165104848386,-0.5566809566432629,2.3999202272445563,4.570211337184493,1.3916166769848193,3783.4996999884584,3770.0616594948647,3765.2787038613974,3665.8032610963864,000300.SH
2019-09-02,3848.32,0.08257922597185563,0,0.012825067967859649,0.002480086750268562,-0.003258314092011161,-0.0037647860202517647,2.188315705898458,1.5095922280927043,4.033954205076928,4.696533167922223,3795.285209081466,3777.514834781068,3768.535225278598,3667.6193480506513,000300.SH
2019-09-03,3853.61,-0.11348156780536744,1,0.001374625810743435,0.012825067967859649,0.002480086750268562,-0.003258314092011161,0.9604527174838617,1.7393003197165635,5.124735729386898,5.975255271111268,3805.8897165211993,3784.7619933733477,3771.871490953947,3669.470001303879,000300.SH
2019-09-04,3886.0,0.2089901438176618,2,0.00840510586177623,0.001374625810743435,0.012825067967859649,0.002480086750268562,2.193773701013524,2.7563885598239857,5.529002824245044,7.305677591448689,3820.4552226082537,3794.403708290172,3776.347118759675,3671.6245286540893,000300.SH
2019-09-05,3925.32,0.38363252605819675,3,0.010118373648996482,0.00840510586177623,0.001374625810743435,0.012825067967859649,3.5652566230188976,3.4746184931633284,6.262046561992429,6.9776441763937935,3839.521545770389,3806.871926548251,3782.189192533806,3674.1488617023074,000300.SH
2019-09-06,3948.51,-0.257326481479597,4,0.0059077985998594595,0.010118373648996482,0.00840510586177623,0.001374625810743435,3.919370247842524,3.3408709034091766,6.413352234445657,8.668705088440177,3859.337628357591,3820.361266876989,3788.7115771403237,3676.8788232774086,000300.SH
2019-09-09,3972.95,0.15313330905032285,0,0.006189676612190276,0.0059077985998594595,0.010118373648996482,0.00840510586177623,3.238556045235308,5.497741581715965,4.797037263689319,7.403152118082779,3879.994423201665,3834.8935271744185,3795.9366133308995,3679.824805135345,000300.SH
2019-09-10,3959.27,-0.11954946849463022,1,-0.003443285216275016,0.006189676612190276,0.0059077985998594595,0.010118373648996482,2.7418446599422275,3.7286314989716907,4.5288338925953076,8.007092682261474,3894.4081644377256,3846.7389055387594,3802.341844180668,3682.6053543379785,000300.SH
2019-09-11,3930.1,0.030736225797700634,2,-0.0073675197700586725,-0.003443285216275016,0.006189676612190276,0.0059077985998594595,1.1348430262480669,3.353512615119203,3.9225122694195313,6.726591353465117,3900.8975890854117,3854.6780573922106,3807.351967938289,3685.0679876281483,000300.SH
2019-09-12,3972.38,-0.17571245099190447,3,0.010757995979746138,-0.0073675197700586725,-0.003443285216275016,0.006189676612190276,1.1988831483802587,4.806883032249054,4.715158257128627,7.536004331348134,3913.8943910698817,3865.8877662120003,3813.823655470121,3687.926813621898,000300.SH
2019-09-16,3957.72,-0.012849069525389556,0,-0.003690482783620941,0.010757995979746138,-0.0073675197700586725,-0.003443285216275016,0.23325254336445944,4.161764821993952,3.581916113126349,6.661564085011884,3921.86268360263,3874.633693239429,3819.4666493732534,3690.611322939093,000300.SH
2019-09-17,3891.22,0.0010517876998032971,1,-0.016802603519197934,-0.003690482783620941,0.010757995979746138,-0.0073675197700586725,-2.0571615550157962,1.1147721603192995,3.3274826004870084,2.641192902305134,3916.29128658397,3876.2133415023404,3822.2805062605767,3692.6074291785053,000300.SH
2019-09-18,3910.08,-0.1597149890283558,2,0.004846808969937388,-0.016802603519197934,-0.003690482783620941,0.010757995979746138,-1.2424007455919872,1.4653792158521473,2.4399062078360956,3.2301668809550765,3915.1619617505207,3879.4387375497367,3825.723623662123,3694.771335355834,000300.SH
2019-09-19,3924.38,-0.021033952481093188,3,0.0036572141746460396,0.004846808969937388,-0.016802603519197934,-0.003690482783620941,-0.14554337039769383,0.9876479670612559,3.203088429434753,3.7712599424606585,3916.8379687049714,3883.7188577830952,3829.5925011655695,3697.055998685627,000300.SH
2019-09-20,3935.65,0.202012544322286,4,0.0028717912128795042,0.0036572141746460396,0.004846808969937388,-0.016802603519197934,-0.9246346019262996,0.26316325802737683,3.8378023265324357,3.7469256704213194,3920.25833803134,3888.664680851372,3833.75161876692,3699.4300683504466,000300.SH
2019-09-23,3890.66,-0.09100838527214761,0,-0.011431402690788128,0.0028717912128795042,0.0036572141746460396,0.004846808969937388,-1.694409912778061,-1.4651096236301897,2.3968375535255104,1.8268138586600813,3914.8768220256416,3888.8547112464794,3835.9833199917466,3701.332853739995,000300.SH
2019-09-24,3901.08,0.02239485270842545,1,0.0026782088386032576,-0.011431402690788128,0.0028717912128795042,0.0036572141746460396,0.25339096735728095,-1.808983249222862,1.3709878596374514,3.5893051081943073,3912.3683089300703,3890.0190244611003,3838.5361309724626,3703.3203875336267,000300.SH
2019-09-25,3870.98,-0.06404981263356968,2,-0.007715812031539926,0.0026782088386032576,-0.011431402690788128,0.0028717912128795042,-0.9999795400605582,-2.2299565323910753,0.45074618344875805,1.4155281049005097,3904.8431618518757,3888.2057840362336,3839.808439561778,3704.9886423840385,000300.SH
2019-09-26,3841.14,0.13197493913655212,3,-0.007708642255966236,-0.007715812031539926,0.0026782088386032576,-0.011431402690788128,-2.121099383851721,-2.263555634716674,-1.1544004117344353,1.0140483566420722,3893.260768787898,3883.723328413735,3839.8606576181787,3706.3433822608145,000300.SH
2019-09-27,3852.65,-0.2763554681736726,4,0.002996506245541708,-0.007708642255966236,-0.007715812031539926,0.0026782088386032576,-2.1089273690495847,-3.0140620987921585,-1.8513140329960431,1.6479384938485886,3885.8769926446435,3880.763963802903,3840.3622004566814,3707.7991695020005,000300.SH
2019-09-30,3814.53,-0.07920069626744053,0,-0.009894488209414298,0.002996506245541708,-0.007708642255966236,-0.007715812031539926,-1.9567374173019347,-3.6179921773142,-3.3931786927220653,0.393200318981779,3872.904812163799,3874.4559672502455,3839.349172987792,3708.861167815414,000300.SH
2019-10-08,3837.68,0.17791716303965655,1,0.006068899707172282,-0.009894488209414298,0.002996506245541708,-0.007708642255966236,-1.625190972756263,-1.3759180925262515,-3.4047747895140867,-0.27648428405122605,3866.5003008612894,3870.953494178794,3839.2837152235647,3710.142947240136,000300.SH
2019-10-09,3843.24,-0.05034795558982963,2,0.0014487919784869074,0.006068899707172282,-0.009894488209414298,0.002996506245541708,-0.7166143973877492,-1.7094279400933,-2.9305907402122133,-0.26909832598525085,3862.271155250146,3868.3141137808134,3839.43886364617,3711.4672960238163,000300.SH
2019-10-10,3874.64,0.13404802101236202,3,0.008170189735743794,0.0014487919784869074,0.006068899707172282,-0.009894488209414298,0.8721369176859062,-1.2674613569532034,-1.4111600213735032,-0.29233144621719775,3864.5200361137554,3868.9165791350215,3840.819300365928,3713.0909050186046,000300.SH
2019-10-11,3911.73,0.0968295976184641,4,0.009572502219561185,0.008170189735743794,0.0014487919784869074,0.006068899707172282,1.5334899354989329,-0.6077776225020037,-1.5267925022278805,-0.3462138118675684,3873.103665911254,3872.994047788829,3843.600112116284,3715.0674134263795,000300.SH
2019-10-14,3953.24,0.20054621280771423,0,0.010611673096047047,0.009572502219561185,0.008170189735743794,0.0014487919784869074,3.6363588699000804,1.6084674579634362,-0.1131964868661739,0.11979202281364731,3887.6739084728442,3880.636519427988,3847.8997155627044,3717.4372899096993,000300.SH
2019-10-15,3936.25,-0.25462141524759774,1,-0.004297740587467458,0.010611673096047047,0.009572502219561185,0.008170189735743794,2.5684788726522356,0.9015452131204693,1.1572206146144515,-0.9237468379919123,3896.5059251141447,3885.933041387227,3851.3644325994615,3719.61453080612,000300.SH
2019-10-16,3922.69,0.027505590562314053,2,-0.003444903143855149,-0.004297740587467458,0.010611673096047047,0.009572502219561185,2.067266160843473,1.3358374365147752,0.32249979540059925,-0.9239076900539711,3901.2666660024815,3889.433704112253,3854.1615136739924,3721.635182240885,000300.SH
2019-10-17,3925.22,-0.22220758124723416,3,0.0006449655720945913,-0.003444903143855149,-0.004297740587467458,0.010611673096047047,1.3054115995292381,2.188933493702394,0.021404655002821293,-0.12416986845118494,3905.6218176383936,3892.841922768229,3856.948120980895,3723.660901820578,000300.SH
2019-10-18,3869.38,0.2219688904645727,4,-0.014225954214031278,0.0006449655720945913,-0.003444903143855149,-0.004297740587467458,-1.08264118433532,0.4342465575642773,-1.6838387559869439,-2.592904002134744,3899.0323962495945,3890.60745393316,3857.435645648311,3725.1108430959957,000300.SH
2019-10-21,3880.84,-0.09271605400021088,0,0.0029617147966858326,-0.014225954214031278,0.0006449655720945913,-0.003444903143855149,-1.83140917323511,1.7383530867498775,-0.25239933584532137,-1.9425325692570383,3895.724687840577,3889.67722022524,3858.353463466024,3726.660386945787,000300.SH
2019-10-22,3895.88,-0.07229836952129143,1,0.0038754496449222575,0.0029617147966858326,-0.014225954214031278,0.0006449655720945913,-1.0255954271197187,1.5165412436680459,-0.13329642047842372,0.11975678578954874,3895.7529264150176,3890.2679611561693,3859.82509234971,3728.3441641901077,000300.SH
2019-10-23,3871.08,-0.03023792394200997,2,-0.006365699148844439,0.0038754496449222575,0.0029617147966858326,-0.014225954214031278,-1.3156787816523852,0.7243887969525797,0.002583325152794025,-0.997422047630736,3891.2669397941054,3888.4405362841535,3860.2664612771723,3729.7644212628434,000300.SH
2019-10-24,3870.67,0.05377676129208209,3,-0.00010591359517242438,-0.006365699148844439,0.0038754496449222575,0.0029617147966858326,-1.389731021445928,-0.10246113187288852,0.768782184455663,-1.3686238335737122,3887.5220416497223,3886.748104257091,3860.674443187872,3731.166466822417,000300.SH
2019-10-25,3896.79,0.20533926055894103,4,0.0067481857146178825,-0.00010591359517242438,-0.006365699148844439,0.0038754496449222575,0.7083822214411617,-0.3819282005659952,1.1457049044164336,-0.9873845489309252,3889.207124986136,3887.704475280226,3862.0907395334457,3732.8144621774177,000300.SH
2019-10-28,3926.59,0.19012629553413918,0,0.007647319973619338,0.0067481857146178825,-0.00010591359517242438,-0.006365699148844439,1.1788684923882409,-0.6741305865568425,2.9377144759642704,0.9234937002976507,3896.0040113522928,3891.4078585868706,3864.6201222968402,3734.7425769816223,000300.SH
2019-10-29,3910.23,-0.07396270417916428,1,-0.004166465049826984,0.007647319973619338,0.0067481857146178825,-0.00010591359517242438,0.3683378338141807,-0.661035249285491,1.8904650726480732,0.23455043218800764,3898.5905547427847,3893.200443483359,3866.4087449518665,3736.488720494243,000300.SH
2019-10-30,3891.23,-0.1217731328855477,2,-0.004859049211938915,-0.004166465049826984,0.007647319973619338,0.0067481857146178825,0.520526571396096,-0.8020006679090086,1.248686004517019,0.5231233434427551,3897.2522720622783,3893.0127821992296,3867.3821275027735,3738.028434718181,000300.SH
2019-10-31,3886.75,0.10114900436748897,3,-0.0011513069132382814,-0.004859049211938915,-0.004166465049826984,0.007647319973619338,0.41543195364110996,-0.9800724545375727,0.31254516548635536,1.1874079049448927,3895.342768050955,3892.4163267516838,3868.1416519144295,3739.5082512881495,000300.SH
2019-11-01,3952.39,0.1219045535288863,4,0.016888145622949713,-0.0011513069132382814,-0.004859049211938915,-0.004166465049826984,1.4268154044739356,2.1453049325731666,1.0394377935082355,2.5888674029564074,3905.71499204169,3898.1281051562855,3871.4455087020992,3741.6264776434914,000300.SH
2019-11-04,3978.12,0.01990017102937025,0,0.00650998509762446,0.016888145622949713,-0.0011513069132382814,-0.004859049211938915,1.312334621134359,2.5066738128858734,0.6293571854984803,4.288601741236797,3918.8795389432007,3905.7463808556868,3875.6288220863307,3743.9796470201736,000300.SH
2019-11-05,4002.81,0.05717370241426112,1,0.006206449277548209,0.00650998509762446,0.016888145622949713,-0.0011513069132382814,2.3676356633753004,2.7446943951045633,1.6909495077802372,4.302860061287039,3934.1396227717096,3914.990535059907,3880.616319259416,3746.5550734179833,000300.SH
2019-11-06,3984.88,-0.14363462759063816,2,-0.0044793532543387915,0.006206449277548209,0.00650998509762446,0.016888145622949713,2.4066940273383963,2.939748080638993,1.5853916572556193,3.6854320833463516,3943.3651459041257,3921.6466745780112,3884.7050910531643,3748.9264657222825,000300.SH
2019-11-07,3991.87,-0.1580741308293394,3,0.0017541306137198731,-0.0044793532543387915,0.006206449277548209,0.00650998509762446,2.7045732295619684,3.131240844608296,1.6979939977886715,3.0255714079243434,3952.1842102851933,3928.334610332486,3888.90763650206,3751.343814322061,000300.SH
2019-11-08,3973.01,0.18067804627624873,4,-0.004724602755099672,0.0017541306137198731,-0.0044793532543387915,0.006206449277548209,0.5217096490984119,1.9559688872123004,2.6782068445073914,1.5665702898717493,3955.970717506067,3932.58940934844,3892.2057684039405,3753.549448010399,000300.SH
2019-11-11,3902.98,-0.06255339353233458,0,-0.017626434365883847,-0.004724602755099672,0.0017541306137198731,-0.0044793532543387915,-1.8888319105507145,-0.6012850845135365,0.570495047463937,-1.2713622244032718,3946.3360415958728,3929.7694656009694,3892.6282872900606,3755.036319174475,000300.SH
2019-11-12,3903.69,-0.16497987264336822,1,0.00018191228240982404,-0.017626434365883847,-0.004724602755099672,0.0017541306137198731,-2.476260427049992,-0.16725358866358508,0.2004681869051339,-0.8271832327723105,3938.5822158511683,3927.285706972306,3893.0620799453523,3756.515460277217,000300.SH
2019-11-13,3899.98,0.029669780564309356,2,-0.0009503828428999439,0.00018191228240982404,-0.017626434365883847,-0.004724602755099672,-2.1305534922005154,0.2248646314918501,0.7465616830445221,-0.5789394522636271,3931.5636311509556,3924.685163451134,3893.3333709278877,3757.942968135155,000300.SH
2019-11-14,3905.86,0.06902210166865763,3,0.001507700039487414,-0.0009503828428999439,0.00018191228240982404,-0.017626434365883847,-2.15462928401976,0.4916704187303056,0.9091449283974207,-0.49322076214836086,3926.890243668963,3922.892290741502,3893.824611283657,3759.4147793974917,000300.SH
2019-11-15,3877.09,-0.03646792508020391,4,-0.007365855407003852,0.001507700039487414,-0.0009503828428999439,0.00018191228240982404,-2.414290424640264,-1.9051763616444672,-0.5055443069808652,0.19925672846812237,3917.8356539109695,3918.5301678137403,3893.168352017631,3760.5856771149297,000300.SH
2019-11-18,3907.93,-0.07223169173705557,0,0.007954419422814496,-0.007365855407003852,0.001507700039487414,-0.0009503828428999439,0.1268261687223493,-1.7644012749741145,-0.4752215026269657,0.6980447531977463,3916.0346259271564,3917.5206280219554,3893.7472401738023,3762.051789780453,000300.SH
2019-11-19,3947.04,0.15073284212606297,1,0.010007855821368317,0.007954419422814496,-0.007365855407003852,0.001507700039487414,1.1104877692644566,-1.3932712269630554,0.9413768499551223,1.3131821308664415,3921.671966667673,3920.3319967817692,3895.8371523238498,3763.8924684891053,000300.SH
2019-11-20,3907.86,-0.04239414083760906,2,-0.009926425878633016,0.010007855821368317,0.007954419422814496,-0.007365855407003852,0.2020523182170164,-1.9328060067053454,0.4273712939096397,0.9501224464490532,3919.160700000823,3919.1441875644578,3896.308636546444,3765.3249812404574,000300.SH
2019-11-21,3889.6,-0.11741466704338,3,-0.004672634127118269,-0.009926425878633016,0.010007855821368317,0.007954419422814496,-0.41629756314871535,-2.5619571779642136,0.07332604360970052,0.4890626170662937,3913.7860272734006,3916.330455415462,3896.045552760309,3766.561548591299,000300.SH
2019-11-22,3849.99,0.4112751526028833,4,-0.010183566433566438,-0.004672634127118269,-0.009926425878633016,0.010007855821368317,-0.6989778416286563,-3.096392911168122,-2.5908374426612757,-1.2009885059241165,3902.1867495873275,3910.0123168044656,3894.2394526520616,3767.391682436162,000300.SH
2019-11-25,3878.21,-0.041706569739958566,0,0.00732988916854338,-0.010183566433566438,-0.004672634127118269,-0.009926425878633016,-0.7605049220431259,-0.6346432725763407,-2.511487838476467,-1.232112341752012,3897.8273405714494,3906.98352472785,3893.610846665706,3768.494352262668,000300.SH
2019-11-26,3891.65,-0.004525701897351353,1,0.0034655163077812468,0.00732988916854338,-0.010183566433566438,-0.004672634127118269,-1.4033300903968482,-0.3084261301486535,-2.777049122991093,-0.4751638650411838,3896.7041877402767,3905.5231890394834,3893.5339507180315,3769.719781593388,000300.SH
2019-11-27,3875.62,-0.23517549613400635,2,-0.00411907545642598,0.0034655163077812468,0.00732988916854338,-0.010183566433566438,-0.8250039663652342,-0.6246185877876287,-2.7418642468531096,-0.4011585025814446,3892.870699060226,3902.675266273818,3892.831442846736,3770.773515109872,000300.SH
2019-11-28,3862.3,-0.18796392948001495,3,-0.003436869455725744,-0.00411907545642598,0.0034655163077812468,0.00732988916854338,-0.7018716577540052,-1.1152473462950563,-3.245847184402295,-0.6290602688621583,3887.312390140185,3898.830002819169,3891.6341313625503,3771.6842264023107,000300.SH
2019-11-29,3828.67,0.33438414621472523,4,-0.008707246977189831,-0.003436869455725744,-0.00411907545642598,0.0034655163077812468,-0.5537676721238172,-1.248874800430222,-3.6330137603479473,-3.1302578945903603,3876.650137387424,3892.148097788772,3889.1649497404896,3772.2512490251734,000300.SH
2019-12-02,3836.06,-0.053424613444203684,0,0.00193017418581376,-0.008707246977189831,-0.003436869455725744,-0.00411907545642598,-1.0868416099179767,-1.8390810480228614,-1.7145873153334157,-3.57103355353785,3869.270112407892,3886.806374189841,3887.082402691843,3772.8861619701966,000300.SH
2019-12-03,3851.09,-0.01171778935290091,1,0.003918082616017449,0.00193017418581376,-0.008707246977189831,-0.003436869455725744,-1.0422314442460112,-2.4309355871741767,-1.3474430602839815,-3.7903372880551345,3865.9646374246386,3883.4048147431895,3885.670935919614,3773.6643096122843,000300.SH
2019-12-04,3849.82,0.008671460369525485,2,-0.00032977676450041127,0.003918082616017449,0.00193017418581376,-0.008707246977189831,-0.6656999396225549,-1.4852118550818139,-1.2861604418484163,-3.389311597839828,3863.029248801977,3880.206260958124,3884.265016863943,3774.422077675844,000300.SH
2019-12-05,3879.36,0.17977116244828606,3,0.007673086014410968,-0.00032977676450041127,0.003918082616017449,0.00193017418581376,0.44170571938999537,-0.2632661456190788,-0.6784677382189797,-2.818478557668458,3865.9984762925264,3880.1256646763977,3884.0726632614355,3775.46623610693,000300.SH
2019-12-06,3902.39,-0.09997720272927157,4,0.0059365462344302955,0.007673086014410968,-0.00032977676450041127,0.003918082616017449,1.9254728143193178,1.3610424962142709,0.6525512691219371,-1.777493638324601,3872.6151169666123,3882.2460775643594,3884.79099019236,3776.7291591307417,000300.SH
2019-12-09,3895.45,0.12410004124551488,0,-0.001778397341116622,0.0059365462344302955,0.007673086014410968,-0.00032977676450041127,1.5482031042267197,0.4445349787659758,-0.319350653670869,-0.19292950514735452,3876.7669138817737,3883.5035939868017,3885.2089905769735,3777.9104610299382,000300.SH
2019-12-10,3900.38,-0.0745354851378931,1,0.0012655790730211613,-0.001778397341116622,0.0059365462344302955,0.007673086014410968,1.2798973797028879,0.22432644251153544,-1.1821516883538052,-0.08479156900266238,3881.0602022669054,3885.1108707499634,3885.803932122975,3779.12906340775,000300.SH
2019-12-11,3902.75,0.0542608675262497,2,0.0006076331024156278,0.0012655790730211613,-0.001778397341116622,0.0059365462344302955,1.3748694744169843,0.7000170295333508,-0.1307621050907648,0.07102600526156522,3885.0038018547407,3886.7907878213955,3886.468483804427,3780.35912247832,000300.SH
2019-12-12,3891.02,-0.07687414245706803,3,-0.0030055729934020947,0.0006076331024156278,0.0012655790730211613,-0.001778397341116622,0.3005650416563421,0.7435983740258445,0.036507610037017635,-0.3799419334026388,3886.0976560629692,3887.1935699336436,3886.6469746356256,3781.4602257372426,000300.SH
2019-12-13,3968.22,0.7053664195361993,4,0.01984055594676959,-0.0030055729934020947,0.0006076331024156278,0.0012655790730211613,1.6869149418689444,3.6448688447946687,3.0709170673170583,2.3504741958530584,3901.0289913242473,3894.910372797106,3889.8459168067775,3783.3185319488125,000300.SH
2019-12-16,3987.55,0.005651259938804554,0,0.00487120169748656,0.01984055594676959,-0.0030055729934020947,0.0006076331024156278,2.364296807814248,3.9491040286127044,2.8193419128928143,2.037395756832905,3916.7600838107473,3903.7331944354764,3893.6774494810215,3785.35068585977,000300.SH
2019-12-17,4041.8,0.24477749488140033,1,0.013604845080312566,0.00487120169748656,0.01984055594676959,-0.0030055729934020947,3.6258005630220635,4.95210446912433,3.8582606349491844,2.4007864120961564,3939.494614026975,3916.88241401305,3899.486176952354,3787.902420328827,000300.SH
2019-12-18,4032.78,-0.2146642713197342,2,-0.002231678954921046,0.013604845080312566,0.00487120169748656,0.01984055594676959,3.3317532509128167,4.752429983739503,4.055093120584585,3.196634475134741,3956.455593294798,3927.920279345141,3904.7133856993205,3790.339013161376,000300.SH
2019-12-19,4027.15,-0.22804550202633622,3,-0.0013960592940850391,-0.002231678954921046,0.013604845080312566,0.00487120169748656,3.498568498748411,3.8096490142703887,4.268182171245116,3.5363533525298196,3969.309121786652,3937.370728931318,3909.5148215542495,3792.6953413886263,000300.SH
2019-12-20,4017.25,0.03871696157572213,4,-0.002458314192418931,-0.0013960592940850391,-0.002231678954921046,0.013604845080312566,1.235566576449898,2.943324475513731,4.925470202446269,4.344426868641227,3978.0256450981697,3944.978278556907,3913.7397305129066,3794.9297161011773,000300.SH
2019-12-23,3967.1,0.022643094737398783,0,-0.012483664198145505,-0.002458314192418931,-0.0013960592940850391,-0.002231678954921046,-0.5128462339030304,1.8393253667740694,3.4160049634260226,2.29203679016865,3976.0391641712295,3947.085109170535,3915.832290100636,3796.6428532543996,000300.SH
2019-12-24,3992.96,-0.2440575418705514,1,0.0065186156134204865,-0.012483664198145505,-0.002458314192418931,-0.0013960592940850391,-1.2083725072987272,2.373614878550301,3.683892092887975,2.60326596687781,3979.11567977646,3951.4541463923883,3918.856906175121,3798.5962576996294,000300.SH
2019-12-25,3990.87,0.07671326072766527,2,-0.0005234212213496292,0.0065186156134204865,-0.012483664198145505,-0.002458314192418931,-1.0392334816181514,2.2578950739862824,3.663807658539864,2.9737177535465342,3981.2528289080124,3955.208037212161,3921.6809490702144,3800.5094292648073,000300.SH
2019-12-26,4025.99,0.06761742751720345,3,0.008800086196744106,-0.0005234212213496292,0.0065186156134204865,-0.012483664198145505,-0.028804489527345378,3.4687562644242442,3.7797471747917033,4.2381482536312465,3989.386860015646,3961.9491765252883,3925.771500087069,3802.753017033317,000300.SH
2019-12-27,4022.03,0.38543806812585335,4,-0.0009836090005189702,0.008800086196744106,-0.0005234212213496292,0.0065186156134204865,0.11898686912690248,1.3560236075620846,3.0658135142822784,5.050317734356846,3995.3219763764378,3967.6711597133562,3929.5463432209094,3804.934877560349,000300.SH
2019-12-30,4081.63,0.11135472464511587,0,0.01481838772957933,-0.0009836090005189702,0.008800086196744106,-0.0005234212213496292,2.886995538302539,2.3593434565083893,4.779422146350232,6.401620412610853,4011.014344307994,3978.524382597798,3935.5104081926384,3807.688062858256,000300.SH
2019-12-31,4096.58,-0.20153300519439044,1,0.0036627523807890583,0.01481838772957933,-0.0009836090005189702,0.008800086196744106,2.595067318480515,1.3553367311593734,5.03027910101066,6.374558891119131,4026.571736251995,3989.7677747313414,3941.826862773319,3810.5626094964828,000300.SH
2020-01-02,4152.24,0.5602272651786182,3,0.013586943255105455,0.0036627523807890583,0.01481838772957933,-0.0009836090005189702,4.043479241368431,2.9622245696516947,6.392671833963215,7.855432202025026,4049.4205114789047,4005.2413199950233,3950.0783583508364,3813.9623845263686,000300.SH
2020-01-03,4144.96,-0.20321405489180477,4,-0.0017532705238617607,0.013586943255105455,0.0036627523807890583,0.01481838772957933,2.9550495654484976,2.925393888978567,6.526309296791077,6.846490142703954,4066.791327573649,4018.5478609478782,3957.7207756704115,3817.2558931380468,000300.SH
2020-01-06,4129.3,0.1624680919831858,0,-0.0037780822975371775,-0.0017532705238617607,0.013586943255105455,0.0036627523807890583,2.667061160657669,2.7892214823573402,4.059250747186405,5.814641796437581,4078.1565407420767,4029.095683714747,3964.4493727029444,3820.3608096242356,000300.SH
2020-01-07,4160.23,-0.21501544854913068,1,0.007490373671082073,-0.0037780822975371775,-0.0017532705238617607,0.013586943255105455,1.9257012517057914,4.868291699226135,4.330478614688205,6.797160790152601,4093.078987879881,4041.5846662181043,3972.127044361652,3823.742592613049,000300.SH
2020-01-08,4112.32,0.08155851451195906,2,-0.011516190210637323,0.007490373671082073,-0.0037780822975371775,-0.0017532705238617607,0.38422293718174405,2.9892610995351676,1.7447671829382783,5.433829524302758,4096.577353719902,4048.321364673523,3977.624807327862,3826.614009601974,000300.SH
2020-01-09,4164.37,-0.05770032389817514,3,0.012657088942494843,-0.011516190210637323,0.007490373671082073,-0.0037780822975371775,0.2921314760225835,4.347422992981476,3.263009636032699,6.703478316571654,4108.9032894071925,4059.373615656997,3984.948148216966,3829.9747657253374,000300.SH
2020-01-10,4163.18,-0.11153085667849194,4,-0.0002857575095391862,0.012657088942494843,-0.011516190210637323,0.007490373671082073,0.43956998378753553,3.4076090601318,3.3778230262096143,6.994566977296457,4118.771782242248,4069.2599379753783,3991.9376326006145,3833.2902406932444,000300.SH
2020-01-13,4203.99,0.12353596107596676,0,0.00980260281803802,-0.0002857575095391862,0.012657088942494843,-0.011516190210637323,1.8087811493473271,4.524083609520546,4.648453544091091,5.941454858853601,4134.266003652749,4082.0913724539137,4000.253411714316,3836.9787955122174,000300.SH
2020-01-14,4189.89,-0.017889442849785997,1,-0.0033539565983742303,0.00980260281803802,-0.0002857575095391862,0.012657088942494843,0.7129413518002892,2.6523717240416245,5.615941115676448,5.074293739263469,4144.379457534067,4092.357908410684,4007.690140666696,3840.4903497857276,000300.SH
2020-01-15,4166.73,-0.16888756090955692,2,-0.005527591416481292,-0.0033539565983742303,0.00980260281803802,-0.0002857575095391862,1.3230974243249483,1.7124040052922007,4.351909360474426,3.0909495769211537,4148.443192527873,4099.4409647525235,4013.9269978954535,3843.736515459502,000300.SH
2020-01-16,4149.04,-0.04193855199040131,3,-0.004245535467860773,-0.005527591416481292,-0.0033539565983742303,0.00980260281803802,-0.3681229093476346,-0.0770668362137017,3.9632962236304303,2.882874840680616,4148.55170297735,4104.1646823951405,4019.2255469975926,3846.7743610768202,000300.SH
2020-01-17,4154.85,0.06623728715059674,4,0.0014003239303550519,-0.004245535467860773,-0.005527591416481292,-0.0033539565983742303,-0.20008743316406452,0.23860302632594532,3.2007034294670555,3.170976993655561,4149.696847890558,4108.991855500365,4024.544152997687,3849.839790319837,000300.SH
2020-01-20,4185.83,0.21670181549981016,0,0.007456346197816988,0.0014003239303550519,-0.004245535467860773,-0.005527591416481292,-0.43197058032963254,1.3689971665899803,4.072570318968283,4.1964030120106965,4156.266511910457,4116.309774024139,4030.869088174248,3853.182976485809,000300.SH
2020-01-21,4114.31,0.009347124155536513,1,-0.01708621707044944,0.007456346197816988,0.0014003239303550519,-0.004245535467860773,-1.8038659726150263,-1.1037851272645782,0.8006605204293527,3.7107710922336334,4148.638055199464,4116.1193193551735,4034.1412807948664,3855.7812553267463,000300.SH
2020-01-22,4131.93,0.01734847317677457,2,0.004282613609572383,-0.01708621707044944,0.007456346197816988,0.0014003239303550519,-0.8351873051529402,0.47685977744924557,0.862914919274127,3.480375460811036,4145.60022698138,4117.625098464205,4037.976132528401,3858.529004029963,000300.SH
2020-01-23,4003.9,0.20310364153463967,3,-0.030985520083834928,0.004282613609572383,-0.01708621707044944,0.007456346197816988,-3.498158610184521,-3.853403996282745,-3.572529526231616,0.3264952253518638,4119.836549348402,4106.794136705709,4036.6398136057187,3859.975481601804,000300.SH
2020-02-03,3688.36,-0.028378531856796396,0,-0.07880816204200902,-0.030985520083834928,0.004282613609572383,-0.01708621707044944,-11.227601477791016,-11.40522389135229,-11.015787848374892,-8.386260273870516,4041.386267648692,4066.9432665432605,4022.981781699612,3858.267864869448,000300.SH
2020-02-04,3785.64,0.22549099351833202,1,0.02637486579401127,-0.07880816204200902,-0.030985520083834928,0.004282613609572383,-9.560588939350145,-9.951260588155542,-8.322475964449183,-5.877380327844406,3994.8869462580205,4040.1524792534265,4013.674260848647,3857.545199547364,000300.SH
2020-02-05,3828.53,-0.11444254650693142,2,0.011329656280047784,0.02637486579401127,-0.07880816204200902,-0.030985520083834928,-6.946000665968299,-8.624570096112317,-7.973116870942221,-6.200954030620121,3964.640228756562,4019.997957419767,4006.4137015996803,3857.2564910941564,000300.SH
2020-02-06,3899.78,-0.004631178900763366,3,0.01861027600671794,0.011329656280047784,0.02637486579401127,-0.07880816204200902,-5.618439808999676,-6.406702618120185,-5.168372111119746,-4.804007245067831,3952.8474598917323,4008.548628141694,4002.2319878114577,3857.679610585757,000300.SH
2020-02-07,3899.87,-0.09630645054569464,4,2.3078224925532353e-05,0.01861027600671794,0.011329656280047784,0.02637486579401127,-2.5982167386797927,-6.005485606308936,-6.3515009473221635,-6.077924204766583,3943.215194456872,3998.1982826043895,3998.2177922110086,3858.0994154555506,000300.SH
2020-02-10,3916.01,-0.03319194630329936,0,0.004138599491777972,2.3078224925532353e-05,0.01861027600671794,0.011329656280047784,6.172119858148339,-5.7484626400471805,-5.937048121868383,-5.523575619547594,3938.268795464713,3990.3708271182572,3994.9939572223416,3858.675640177386,000300.SH
2020-02-11,3952.46,-0.044935439209174755,1,0.009307943544577313,0.004138599491777972,2.3078224925532353e-05,0.01861027600671794,4.406652507898268,-5.575238363717583,-5.983125554532709,-4.28256605235755,3940.8490144711286,3986.7602721546136,3993.3259588998967,3859.6088178870637,000300.SH
2020-02-12,3984.43,-0.08449525031380656,2,0.008088633408054768,0.009307943544577313,0.004138599491777972,2.3078224925532353e-05,4.072058988698002,-3.1567869217438815,-4.9037086892496085,-4.2257279044668135,3948.7728300218323,3986.538341473222,3992.9770977665676,3860.8508196991324,000300.SH
2020-02-13,3959.92,0.13860800886716396,3,-0.006151444497707215,0.008088633408054768,0.009307943544577313,0.004138599491777972,1.5421382744667644,-4.162945645255367,-4.963364556858729,-3.7059372811454327,3950.799588199681,3984.003261332915,3991.6807409914086,3861.836582687201,000300.SH
2020-02-14,3987.73,-0.02498141234019391,4,0.007022869148871624,-0.006151444497707215,0.008088633408054768,0.009307943544577313,2.2528956093408326,-0.4038562401658452,-3.8878873185122287,-4.241698023950802,3957.5142085270113,3984.3581888250183,3991.5258099721377,3863.089253506234,000300.SH
2020-02-17,4077.42,0.22509582648014592,0,0.022491492653715195,0.007022869148871624,-0.006151444497707215,0.008088633408054768,4.121797441783848,10.548319578349187,-1.8636051843026857,-2.0599637776891777,3979.3152615221,3993.2212184607306,3994.8942095810735,3865.221897749953,000300.SH
2020-02-18,4057.51,-0.11174989422041759,1,-0.004882989733704157,0.022491492653715195,0.007022869148871624,-0.006151444497707215,2.657838409496871,7.18161262032313,-3.065580780872601,-3.484308954112625,3993.5324866999,3999.3439595597088,3997.3497307739726,3867.1352122002027,000300.SH
2020-02-19,4051.31,0.06185060456184921,2,-0.0015280307380635128,-0.004882989733704157,0.022491492653715195,0.007022869148871624,1.6785336923976546,5.818943563195256,-1.5312409614248956,-3.3074853993780406,4004.0374891180995,4004.293106268308,3999.465819763229,3868.9677971534347,000300.SH
2020-02-20,4144.66,0.2068728821476027,3,0.023041929647447335,-0.0015280307380635128,-0.004882989733704157,0.022491492653715195,4.66524576254066,6.279328577509502,0.3080884719731447,-0.5296719489863655,4029.6052183693537,4017.6613818618025,4005.1597091842787,3871.7110031519082,000300.SH
2020-02-21,4149.49,0.05060041548009342,4,0.0011653549386438922,0.023041929647447335,-0.0015280307380635128,-0.004882989733704157,4.0564431393298905,6.400726178052096,3.6362047004170783,0.0108458824209956,4051.402451393107,4030.216488351155,4010.819720588817,3874.4749732698,000300.SH
2020-02-24,4132.84,-0.0005395573302630075,0,-0.004012541300256078,0.0011653549386438922,0.023041929647447335,-0.0015280307380635128,1.359192822912525,5.5370134397001,12.050884403908512,-0.529742349302631,4066.209278412542,4039.9901561272354,4015.604829585334,3877.045769555673,000300.SH
2020-02-25,4123.85,0.14040328713266859,1,-0.002175259627761994,-0.004012541300256078,0.0011653549386438922,0.023041929647447335,1.6349928897279487,4.336286768240538,8.93402436576116,-1.4807099189407924,4076.6894096102615,4047.9768079246414,4019.849738229046,3879.5015330426813,000300.SH
2020-02-26,4073.02,-0.016633723227612363,2,-0.012325860542939382,-0.002175259627761994,-0.004012541300256078,0.0011653549386438922,0.5358760499690307,2.2234046024149023,6.3860019380806765,-1.0035704650354638,4076.022244226577,4050.3618738365803,4021.9348465337894,3881.427089927829,000300.SH
2020-02-27,4084.88,-0.22941821432687093,3,0.0029118442826208124,-0.012325860542939382,-0.002175259627761994,-0.004012541300256078,-1.4423378515969865,3.1556193054405046,4.746421593012928,-1.1386930562715336,4077.63274527629,4053.6493144235724,4024.403283924621,3883.451496993224,000300.SH
2020-02-28,3940.05,0.17127695100812002,4,-0.03545514188911303,0.0029118442826208124,-0.012325860542939382,-0.002175259627761994,-5.047367266820735,-1.1956677107025748,1.0302907532815375,-1.5946951722070946,4052.6177006806006,4042.830332097518,4021.0953120060085,3884.0146661773706,000300.SH
2020-03-02,4069.67,-0.03914742302546026,0,0.0328980596692936,-0.03545514188911303,0.0029118442826208124,-0.012325860542939382,-1.528488884157142,-0.19007117245709582,3.923891920602851,10.338199091195,4055.718118738673,4045.3864909453737,4023.000201731263,3885.8619829318245,000300.SH
2020-03-03,4091.36,0.04214012447176296,1,0.0053296704646814685,0.0328980596692936,-0.03545514188911303,0.0029118442826208124,-0.7878560083417252,0.8342554916685341,3.514267064056309,8.07578110966707,4062.198460786187,4049.7649203791475,4025.680978133959,3887.906739320563,000300.SH
2020-03-04,4115.05,-0.14817819292164558,2,0.005790250674592379,0.0053296704646814685,0.0328980596692936,-0.03545514188911303,1.0319124384363443,1.5733182600196072,3.2782606295003403,7.48381232483486,4071.8078315523344,4055.982547009705,4029.1856456581177,3890.1668712676224,000300.SH
2020-03-05,4206.73,0.28764487204883915,3,0.022279194663491264,0.005790250674592379,0.0053296704646814685,0.0328980596692936,2.98295176357688,1.4975896695989421,6.2327016707408145,7.8709568232053995,4096.339134906455,4070.339447294495,4036.1481693577994,3893.3167531455565,000300.SH
2020-03-06,4138.51,-0.30225596306767943,4,-0.016216871536799182,0.022279194663491264,0.005790250674592379,0.0053296704646814685,5.036991916346234,-0.2646108316925577,3.781098519709203,6.119178331585418,4104.006564923463,4076.8318808854956,4040.162358794749,3895.7564869451035,000300.SH
2020-03-09,3997.13,0.20642407394628615,0,-0.0341620534926822,-0.016216871536799182,0.022279194663491264,0.005790250674592379,-1.7824541056154386,-3.2836983769030548,-1.9691373466554807,2.071496242348725,4084.5744622101056,4069.2412255630675,4038.474815312602,3896.7651786172914,000300.SH
2020-03-10,4082.73,-0.03026660262117442,1,0.021415365524763974,-0.0341620534926822,-0.016216871536799182,0.022279194663491264,-0.21093230612804215,-0.9971264716224004,0.6215634711929097,3.2959220333665717,4084.2391054446316,4070.5258707475373,4040.2103127513237,3898.6155748499555,000300.SH
2020-03-11,4028.43,-0.17284354978269623,2,-0.013299924315347877,0.021415365524763974,-0.0341620534926822,-0.016216871536799182,-2.1049561973730646,-1.0947650637610495,-0.5647555975721419,1.104298481840571,4074.0919953637895,4066.5167402001525,4039.7483397022525,3899.907260672344,000300.SH
2020-03-12,3950.91,-0.04832024964848691,3,-0.019243228751647634,-0.013299924315347877,0.021415365524763974,-0.0341620534926822,-6.081207969135161,-3.2796557059203812,-4.674689841868817,-0.22752984908787077,4051.6952689340096,4055.5065744668045,4036.2644832433407,3900.414750615903,000300.SH
2020-03-13,3895.31,0.2018444123672518,4,-0.01407270730034349,-0.019243228751647634,-0.013299924315347877,0.021415365524763974,-5.876511111486993,-1.135518584789541,-6.125572058252937,-2.3176092664247583,4023.2615836732803,4040.2497578509183,4030.7368564494845,3900.3639570774367,000300.SH
2020-03-16,3727.84,0.009359971835755765,0,-0.04299272715136915,-0.01407270730034349,-0.019243228751647634,-0.013299924315347877,-6.73708385766788,-8.399452535463558,-9.799556721286084,-8.573558770006517,3969.5485684599566,4010.4964475794022,4018.858548353426,3898.647300788109,000300.SH
2020-03-17,3709.68,-0.11318284389581756,1,-0.004871453710459717,-0.04299272715136915,-0.01407270730034349,-0.019243228751647634,-9.137268445378465,-9.328927300457558,-10.04328479454879,-8.57249889710685,3922.2997378308733,3981.8472620956495,4006.73389939839,3896.767029138476,000300.SH
2020-03-18,3636.26,-0.02669947532539041,2,-0.01979146449289415,-0.004871453710459717,-0.04299272715136915,-0.01407270730034349,-9.735058074733816,-11.63509556384491,-10.72324712375583,-10.244834386902014,3870.292512770714,3948.9341895151115,3992.2055111866885,3894.174919395805,000300.SH
2020-03-19,3589.09,0.11346672774958733,3,-0.012972119705411678,-0.01979146449289415,-0.004871453710459717,-0.04299272715136915,-9.157890207572429,-14.682187827600046,-12.137198644758229,-13.404477086178357,3819.1647831760383,3914.663314323196,3976.3970597676025,3891.139248556046,000300.SH
2020-03-20,3653.22,-0.2229517127168934,4,0.0178680389736674,-0.012972119705411678,-0.01979146449289415,-0.004871453710459717,-6.214909724771589,-11.726200975713486,-7.279856854608457,-11.959783009478276,3788.9930044167586,3889.76395105432,3963.723449580638,3888.771892849021,000300.SH
2020-03-23,3530.31,-0.06416647575475543,0,-0.0336442918849672,0.0178680389736674,-0.012972119705411678,-0.01979146449289415,-5.298778917550118,-11.678879596110214,-13.253163032874903,-14.579078793275336,3741.9597308864386,3855.5302414300986,3946.726843714731,3885.205107845548,000300.SH
2020-03-24,3625.11,0.05506263152311264,1,0.026853165869286322,-0.0336442918849672,0.0178680389736674,-0.012972119705411678,-2.2797114575920263,-11.208676547310247,-11.395966133510615,-12.094038337960889,3720.7143252707224,3833.5854565319937,3934.114418471016,3882.6170968222095,000300.SH
2020-03-25,3722.52,0.11032009767837403,2,0.026870908744837996,0.026853165869286322,-0.0336442918849672,0.0178680389736674,2.372217608201832,-7.5937772283495075,-9.53888774133972,-8.60540827199474,3721.0426297669546,3823.0077940051374,3925.8165981388192,3881.0240908836804,000300.SH
2020-03-26,3698.05,-0.26871999285546233,3,-0.006573503970428551,0.026870908744837996,0.026853165869286322,-0.0336442918849672,3.03586703036145,-6.400044546699357,-12.092052496832439,-9.46980082646246,3716.8621516275084,3811.1070517189337,3916.884574682395,3879.203453163445,000300.SH
2020-03-27,3710.06,0.09901668460828028,4,0.003247657549248828,-0.006573503970428551,0.026870908744837996,0.026853165869286322,1.5558876826470946,-4.7557190570198475,-10.352759809689971,-5.837235568076549,3715.625396786143,3801.4835229837972,3908.7738070477913,3877.520433728983,000300.SH
2020-03-30,3674.11,-0.029352656208432082,0,-0.009689870244686039,0.003247657549248828,-0.006573503970428551,0.026870908744837996,4.073296679328453,-1.441317223915195,-8.081298331552889,-9.719707003270539,3708.077142825026,3789.352711271055,3899.571304810623,3875.4964493137695,000300.SH
2020-03-31,3686.16,-0.10543182935416573,1,0.00327970583352144,-0.009689870244686039,0.003247657549248828,-0.006573503970428551,1.6840868277100407,-0.6340169502490722,-9.713353564894078,-9.903797270345315,3704.0922077659297,3779.524834007145,3891.202234033736,3873.6125045444783,000300.SH
2020-04-01,3675.08,0.054624413760010926,2,-0.0030058380536927,0.00327970583352144,-0.009689870244686039,0.003247657549248828,-1.2744055102457463,1.0675804260421362,-8.771407223161376,-10.691729140593676,3698.8172608993973,3769.5777069588453,3882.726852306923,3871.637056738066,000300.SH
2020-04-02,3734.53,-0.008973635358274445,3,0.016176518606397794,-0.0030058380536927,0.00327970583352144,-0.009689870244686039,0.9864658401049109,4.052280661671892,-5.476712959799124,-11.224870623976324,3705.3104861904158,3766.2398301056223,3876.915211039985,3870.2728074172896,000300.SH
2020-04-03,3713.22,-0.11107867774001168,4,-0.005706206671254543,0.016176518606397794,-0.0030058380536927,0.00327970583352144,0.08517382468207213,1.642386716376243,-4.674595860149777,-10.276403826497948,3706.7485796103397,3761.190322476515,3870.4957909992013,3868.7100929156254,000300.SH
2020-04-07,3798.02,0.38306081241929646,1,0.02283732178540454,-0.005706206671254543,0.016176518606397794,-0.0030058380536927,3.3725174259888746,7.583186745639892,1.8825915275333616,-4.981324100041784,3723.3433833175504,3764.6979108120854,3867.65360311688,3868.006708906515,000300.SH
2020-04-08,3780.34,-0.22185236166605715,2,-0.004655057108703953,0.02283732178540454,-0.005706206671254543,0.016176518606397794,2.5549623456388337,4.282076957664738,1.9047465010459286,-7.406563745337058,3733.706404532541,3766.187633591887,3864.229540249551,3867.1344033452565,000300.SH
2020-04-09,3792.81,-0.04320825326561473,3,0.003298645095414665,-0.004655057108703953,0.02283732178540454,-0.005706206671254543,3.2034676796151462,1.8882370007414329,4.305247699559422,-5.848928738987647,3744.4525127993516,3768.723097059326,3861.428773965255,3866.394857043314,000300.SH
2020-04-10,3769.18,0.04952226238155211,4,-0.006230209264371345,0.003298645095414665,-0.004655057108703953,0.02283732178540454,0.9278275981180917,1.9234461405335246,5.0177064381221825,-4.599699815991764,3748.9484195631057,3768.7666116251044,3857.8111749862255,3865.4275450329333,000300.SH
2020-04-13,3753.26,-0.26118094759589805,0,-0.004223730360449651,-0.006230209264371345,0.003298645095414665,-0.004655057108703953,1.0783093918485864,1.1644016538816082,2.738406118437986,-3.6466930744921355,3749.7323432789044,3767.2897914703326,3853.711128908334,3864.3114500574816,000300.SH
2020-04-14,3825.7,0.42326236732977773,1,0.01930055471776515,-0.004223730360449651,-0.006230209264371345,0.003298645095414665,0.728800796204343,4.125897156045943,8.367253867224122,2.6251126657796275,3763.5446445009215,3772.852668473158,3852.61265326487,3863.9272565245715,000300.SH
2020-04-15,3797.36,-0.005347554090091022,2,-0.007407794651959065,0.01930055471776515,-0.004223730360449651,-0.006230209264371345,0.4502240539210778,3.016689454608601,4.751579952056617,2.3635461818809267,3769.6928909552994,3775.1867000471425,3850.445882548601,3863.264895763133,000300.SH
2020-04-16,3802.38,-0.13279841357895716,3,0.0013219710535741225,-0.007407794651959065,0.01930055471776515,-0.004223730360449651,0.2523195203556261,3.463870174254713,2.1453209116405025,4.568430200260698,3775.6360016906992,3777.776538137891,3848.5609459780676,3862.6590759047936,000300.SH
2020-04-17,3839.49,0.38345556632960576,4,0.009759676833982933,0.0013219710535741225,-0.007407794651959065,0.01930055471776515,1.8653924726333093,2.810527696925713,3.8247184326874795,6.976698828951067,3787.245819565117,3783.654010696187,3848.205222606379,3862.4285378360896,000300.SH
2020-04-20,3853.46,-0.25379361711104587,0,0.0036385040721553796,0.009759676833982933,0.0013219710535741225,-0.007407794651959065,2.669679158917848,3.776775951869271,3.8651666010792285,5.481191934786311,3799.284761462368,3790.302200153693,3848.4112923080893,3862.3392986536414,000300.SH
2020-04-21,3808.05,0.02075615526148633,1,-0.011784214705744978,0.0036385040721553796,0.009759676833982933,0.0013219710535741225,-0.4613534777949013,0.2640849705899395,3.645508708231393,7.867297772716841,3800.8784411964825,3791.992466805722,3846.828496531302,3861.7991066272375,000300.SH
2020-04-22,3839.38,-0.12593816831525162,2,0.008227307939759232,-0.011784214705744978,0.0036385040721553796,0.009759676833982933,1.1065582404617968,1.5617642857520764,4.1566291208195105,5.910717192030024,3807.878724615304,3796.505565205177,3846.5363986281136,3861.5760309394045,000300.SH
2020-04-23,3829.75,0.04850905160177321,3,-0.0025082174726127615,0.008227307939759232,-0.011784214705744978,0.0036385040721553796,0.7198123280682145,0.9739480754374696,4.208615866865495,2.8805755241073205,3811.855320139794,3799.671701852303,3845.8781084858347,3861.2593540146345,000300.SH
2020-04-24,3796.97,-0.022243831116173896,4,-0.008559305437691789,-0.0025082174726127615,0.008227307939759232,-0.011784214705744978,-1.1074387483754333,0.7372956452066592,1.6719640758007026,2.6749232703722203,3809.148898296195,3799.414396913988,3843.9601434471747,3860.6196589498127,000300.SH
2020-04-27,3822.77,0.04562388637979509,0,0.006794891716289664,-0.008559305437691789,-0.0025082174726127615,0.008227307939759232,-0.7964271070674211,1.8519900033570735,2.9502695773479637,3.0379562594675003,3811.625462242341,3801.638740065037,3843.129157429639,3860.2430454279242,000300.SH
2020-04-28,3849.15,0.2675726241671179,1,0.006900755211535214,0.006794891716289664,-0.008559305437691789,-0.0025082174726127615,1.0792925513057883,0.6129597197898518,1.3462277713124138,4.7641469634823075,3818.4481054710063,3806.163621963605,3843.3652689029864,3860.132666866453,000300.SH
2020-04-29,3867.03,-0.17861712926545237,2,0.004645181403686527,0.006900755211535214,0.006794891716289664,-0.008559305437691789,0.7201683605165377,1.8346956833168226,2.2931799785204543,4.906732209128206,3827.28117720355,3811.9604198718325,3844.2932975734575,3860.2012970468863,000300.SH
2020-04-30,3912.58,0.3370272490929198,3,0.011779065587802506,0.004645181403686527,0.006900755211535214,0.006794891716289664,2.1628043605979475,2.8981848210857253,3.157817027480947,6.462444354952823,3842.790054075632,3821.543237026896,3846.9712074725376,3860.7224781707982,000300.SH
2020-05-06,3936.25,0.06262805702268004,2,0.006049716555316387,0.011779065587802506,0.004645181403686527,0.006900755211535214,3.6681880552124513,2.520126370950315,4.4325290912081705,5.40148291752911,3859.782771516426,3832.467690643382,3850.472336591262,3861.4739958009395,000300.SH
2020-05-07,3924.89,-0.22205758403572862,3,-0.0028859955541442606,0.006049716555316387,0.011779065587802506,0.004645181403686527,2.671361342691281,1.8536587897629575,4.572824691068544,5.700443281033718,3871.62044942253,3841.2698153440124,3853.3906763327814,3862.1050008178454,000300.SH
2020-05-08,3963.62,0.13810234929231768,4,0.009867792473164938,-0.0028859955541442606,0.006049716555316387,0.011779065587802506,2.973903329306471,4.085292997728485,3.6050918786104447,4.36016661312999,3888.347640436615,3852.9222138826776,3857.7133949079666,3863.1151003121954,000300.SH
2020-05-11,3960.18,0.01817397504639917,0,-0.0008678934913034508,0.009867792473164938,-0.0028859955541442606,0.006049716555316387,2.4088253776153756,3.146341336361602,4.287715676153958,4.757244057412824,3901.4080694481395,3863.137241131946,3861.7316931468704,3864.0809202095866,000300.SH
2020-05-12,3960.24,-0.187307327399852,1,1.5150826477627888e-05,-0.0008678934913034508,0.009867792473164938,-0.0028859955541442606,1.2181220575681495,3.407272015144591,4.151610307228615,4.414405150798473,3912.104784093932,3872.385122928904,3865.594764003856,3865.0377269736705,000300.SH
2020-05-13,3968.25,-0.07558721647331879,2,0.002022604690624874,1.5150826477627888e-05,-0.0008678934913034508,0.009867792473164938,0.8129564941251166,4.510965322349136,3.3535703960682284,5.2815201184342575,3922.313005167762,3881.5151112213894,3869.620459533117,3866.0647147649775,000300.SH
2020-05-14,3925.22,-0.014180764420282155,3,-0.010843570843570904,0.002022604690624874,1.5150826477627888e-05,-0.0008678934913034508,0.008407878946914416,2.679993826466154,1.8622225220970234,4.581617047579956,3922.8415496827142,3885.677481581257,3871.800833669073,3866.6533245683113,000300.SH
2020-05-15,3912.82,0.06830931019954267,4,-0.0031590586005370014,-0.010843570843570904,0.002022604690624874,1.5150826477627888e-05,-1.2816566673899077,1.6541314316147693,2.7512769002507875,2.2772303107928105,3921.0194497404023,3888.262483335423,3873.409428427149,3867.1126944731045,000300.SH
2020-05-18,3922.91,0.2297864515489767,0,0.002578702828139212,-0.0031590586005370014,-0.010843570843570904,0.002022604690624874,-0.9411188380326174,1.4450366301786977,2.175611687303669,3.306244338171771,3921.3631861512376,3891.5622468272877,3875.3506273123594,3867.6678915430243,000300.SH
2020-05-19,3956.25,-0.15192375545886738,1,0.008498792987858605,0.002578702828139212,-0.0031590586005370014,-0.010843570843570904,-0.10075146960789594,1.1161433120856268,3.3030876689079003,4.046676029223795,3927.706243214649,3897.7229852246887,3878.5231517314824,3868.5493055575216,000300.SH
2020-05-20,3935.22,-0.01741044350163512,2,-0.005315639810426598,0.008498792987858605,0.002578702828139212,-0.0031590586005370014,-0.8323568323568398,-0.026167037154656292,3.6410611619264843,2.4932998913918203,3929.072380811985,3901.2941294890043,3880.746557545934,3869.2126955519743,000300.SH
2020-05-21,3913.79,-0.05059364734609928,3,-0.005445692998104268,-0.005315639810426598,0.008498792987858605,0.002578702828139212,-0.29119386938820657,-0.282810473669326,2.3809959793552826,1.5656059748901052,3926.2937661188967,3902.4842123948133,3882.0423788186426,3869.656250820114,000300.SH
2020-05-22,3824.06,0.054523260299714105,4,-0.022926626109218917,-0.005445692998104268,-0.005315639810426598,0.008498792987858605,-2.2684406642779487,-3.521023710648341,-0.6518322226985229,0.42042515198066344,3907.7058086427332,3895.0152397857837,3879.768560041441,3869.2025567821033,000300.SH
2020-05-25,3829.32,-0.19248052487145917,0,0.00137550143041687,-0.022926626109218917,-0.005445692998104268,-0.005315639810426598,-2.3857289614087396,-3.304395254761139,-0.9751669886191694,-0.2620214722168668,3893.4538434349633,3888.758550282376,3877.790185137855,3868.805715421088,000300.SH
2020-05-26,3872.77,-0.012331913414111106,1,0.01134666207055024,0.00137550143041687,-0.022926626109218917,-0.005445692998104268,-2.110078988941544,-2.2087045229582047,-1.0174871823707132,1.123310921078402,3889.693144628606,3887.235831207864,3877.5933151324493,3868.8451610387883,000300.SH
2020-05-27,3845.61,-0.01361641801443525,2,-0.007013068165679814,0.01134666207055024,0.00137550143041687,-0.022926626109218917,-2.2771280894079537,-3.09053109053109,-2.3026992696093984,1.281021446047781,3881.678027423405,3883.2714663309243,3876.3390674801967,3868.613965406562,000300.SH
2020-05-28,3856.63,0.12422192140620258,3,0.0028656051965747498,-0.007013068165679814,0.01134666207055024,0.00137550143041687,-1.4604769290125441,-1.7474179791196365,-1.7391570209610907,0.8857451533835548,3877.1238406191496,3880.7341838232173,3875.5661628731305,3868.4947219696805,000300.SH
2020-05-29,3867.02,-0.024802741976563403,4,0.002694061914158219,0.0028656051965747498,-0.007013068165679814,0.01134666207055024,1.1234133355648268,-1.1705112936449935,-2.4371660249973504,0.46425834275098943,3875.286778688395,3879.428071078149,3875.231019231047,3868.480048119236,000300.SH
2020-06-01,3971.34,0.5364836197813119,0,0.026976845219316203,0.002694061914158219,0.0028656051965747498,-0.007013068165679814,3.7087524678010686,1.2345427246610363,0.28180537248307935,2.6974189494263,3892.75100074505,3888.1815881183256,3878.999998869045,3869.5035302275023,000300.SH
2020-06-02,3983.57,-0.06176082107688341,1,0.003079565083825564,0.026976845219316203,0.002694061914158219,0.0028656051965747498,2.8610012988119715,0.6905529225908369,0.5891057107650033,1.8144037949383796,3909.263546064132,3897.2661987737233,3883.1007832271216,3870.6385199764827,000300.SH
2020-06-03,3983.65,0.027200758015435422,2,2.00824888227924e-05,0.003079565083825564,0.026976845219316203,0.002694061914158219,3.589547562025275,1.2306808767997834,0.3880803880803807,1.2041918069228386,3922.788355870653,3905.4932274619405,3887.0438897672343,3871.763012315025,000300.SH
2020-06-04,3982.19,-0.25798583920363105,3,-0.0003664980608236723,2.00824888227924e-05,0.003079565083825564,0.026976845219316203,3.2556921457334465,1.7476665840528094,1.4513836167144856,1.459913526238954,3933.5886548032613,3912.7976819893747,3890.775109776362,3872.8617883118905,000300.SH
2020-06-05,4001.25,0.03524456878691273,4,0.004786311049949976,-0.0003664980608236723,2.00824888227924e-05,0.003079565083825564,3.4711483261012255,4.633557004858702,2.2600068492800496,0.9493846534228911,3945.8907175663044,3921.221712276101,3895.1074584125836,3874.1392829555534,000300.SH
2020-06-08,4021.95,0.25102613975097365,0,0.0051733833177132205,0.004786311049949976,-0.0003664980608236723,2.00824888227924e-05,1.274380939431019,5.030397041772416,2.5246564412642725,1.5597775858673169,3959.7196780087943,3930.8148825355197,3900.081675729737,3875.610036358981,000300.SH
2020-06-09,4047.03,-0.13734209069352454,1,0.006235781150934372,0.0051733833177132205,0.004786311049949976,-0.0003664980608236723,1.5930434258717652,4.499621717788571,2.294597156398104,2.1915338464335576,3975.594282007195,3941.882988960708,3905.8443551128844,3877.315707638991,000300.SH
2020-06-10,4039.71,0.0014691897394869535,2,-0.0018087338122030339,0.006235781150934372,0.0051733833177132205,0.004786311049949976,1.4072521431350626,5.047313690155786,2.655251802948766,1.8007938007938096,3987.251685278614,3951.1998471549264,3911.093988245713,3878.9315712445737,000300.SH
2020-06-11,3995.88,0.1816827382691213,3,-0.010849788722457787,-0.0018087338122030339,0.006235781150934372,0.0051733833177132205,0.3437806834932555,3.6106652699377406,2.0974554076738983,1.8001538767253855,3988.820469773411,3955.455099806838,3914.4189298831357,3880.0952372023394,000300.SH
2020-06-12,4003.08,-0.018141872130345127,4,0.0018018559115888788,-0.010849788722457787,-0.0018087338122030339,0.006235781150934372,0.04573570759136558,3.5184715879410966,4.681411902532906,2.3067761869955516,3991.413111632791,3959.9908045871393,3917.895834593601,3881.3189661854008,000300.SH
2020-06-15,3954.99,0.09106419219649409,0,-0.012013249797655834,0.0018018559115888788,-0.010849788722457787,-0.0018087338122030339,-1.6648640584790986,-0.4116998292767793,3.2817837109460513,0.8177602850944821,3984.7907276995556,3959.5145374836025,3919.3505077467935,3882.052011297984,000300.SH
2020-06-16,4014.57,-0.12325052975639972,1,0.015064513437454963,-0.012013249797655834,0.0018018559115888788,-0.010849788722457787,-0.802069665903149,0.7781964418850373,3.6614619510066504,1.4741232227488243,3990.2051408450907,3964.7579148661166,3923.0846054822136,3883.370598250243,000300.SH
2020-06-17,4017.59,-0.04390250174455956,2,0.0007522598933384916,0.015064513437454963,-0.012013249797655834,0.0018018559115888788,-0.5475640578160301,0.8519824783803864,4.47211235668723,2.093148540615264,3995.184206145983,3969.7895420217246,3926.790699384872,3884.7061146855644,000300.SH
2020-06-18,4044.38,0.18768159794324135,3,0.006668176692992578,0.0007522598933384916,0.015064513437454963,-0.012013249797655834,1.2137501626675373,1.5617034847659195,4.868239888192538,3.3366634387639538,4004.1288959376225,3976.8933951625127,3931.4020445070337,3886.2949095643153,000300.SH
2020-06-19,4098.71,0.21578690661892885,4,0.013433455807812411,0.006668176692992578,0.0007522598933384916,0.015064513437454963,2.3889105388850584,2.4357388316151196,5.9914352653981595,7.18215718372619,4021.3254603125997,3988.494976575607,3937.9631408008754,3888.4084925537254,000300.SH
2020-06-22,4102.05,0.014285747826842332,0,0.0008148905387304062,0.013433455807812411,0.006668176692992578,0.0007522598933384916,3.7183406279156284,1.9915712527505347,3.2913323966218044,7.12215223590611,4036.0026493466726,3999.3097407112637,3944.3979195929983,3890.5342786974697,000300.SH
2020-06-23,4121.79,-0.09411250409528493,1,0.004812228032325283,0.0008148905387304062,0.013433455807812411,0.006668176692992578,2.670771714031628,1.84728059836472,3.4697520063661447,6.430022955145809,4051.600349465459,4010.9745273101908,3951.354471765822,3892.835330650729,000300.SH
2020-06-24,4138.99,-0.04367459828945974,2,0.004172944279063229,0.004812228032325283,0.0008148905387304062,0.013433455807812411,3.021712021385947,2.4576021546101057,3.899438956735657,7.628958734765079,4067.4893768353754,4023.166477090173,3958.7127277750055,3895.284630843259,000300.SH
2020-06-29,4109.72,0.00877585148311022,0,-0.007071773548619209,0.004172944279063229,0.004812228032325283,0.0008148905387304062,1.6155751932311002,2.848934402434522,3.20250917208873,6.5624651574042625,4075.1676719562156,4031.409669748252,3964.6345815877503,3897.4183161085,000300.SH
2020-06-30,4163.96,0.006240628396192438,1,0.01319797942438905,-0.007071773548619209,0.004172944279063229,0.004812228032325283,1.591964300962978,4.018905442809051,4.066479225242103,7.678781076901586,4091.3117316005396,4044.033510724609,3972.451264662741,3900.0704721671223,000300.SH
2020-07-01,4247.78,0.3412194754924305,2,0.020129876367688482,0.01319797942438905,-0.007071773548619209,0.004172944279063229,3.552613936933957,7.403052852219605,5.61493802757369,6.960874666988959,4119.760507673169,4063.4379382746465,3983.2484699700844,3903.530268463967,000300.SH
2020-07-02,4335.84,0.3070203047445341,3,0.02073082880940169,0.020129876367688482,0.01319797942438905,-0.007071773548619209,5.193132110078391,8.002600527578284,7.136344430360042,8.843072922027218,4159.047688096229,4089.3809917722992,3997.075588794787,3907.8318578324847,000300.SH
2020-07-03,4419.6,0.10702336575381133,4,0.019318056016827345,0.02073082880940169,0.020129876367688482,0.01319797942438905,6.779673301940825,10.00624752650221,9.403892853694963,10.943481480551753,4206.4208357150965,4120.830421127319,4013.645173547933,3912.92407815256,000300.SH
2020-07-06,4670.09,0.35064643988622013,0,0.05667707484840245,0.019318056016827345,0.02073082880940169,0.020129876367688482,13.6352354904957,15.471098165849906,16.87262880767191,17.274414329803456,4290.724320130534,4173.140857210432,4039.3881079186026,3920.4580674246736,000300.SH
2020-07-07,4698.13,0.0632977916946793,1,0.006004166943249567,0.05667707484840245,0.019318056016827345,0.02073082880940169,12.828413337303912,14.624601398976743,17.3628805819519,17.41655732583567,4364.7980801068,4223.139823190391,4065.2211232943437,3928.196096604528,000300.SH
2020-07-08,4774.0,-0.16120290578233232,2,0.016148978423330185,0.006004166943249567,0.05667707484840245,0.019318056016827345,12.388118028711471,16.380833973257268,20.70826980599194,18.698641206379985,4439.19842917829,4275.602697172259,4093.016373361232,3936.612055842294,000300.SH
2020-07-09,4840.77,0.044794797063180125,3,0.0139861751152075,0.016148978423330185,0.006004166943249567,0.05667707484840245,11.645494298682625,17.443392312563244,20.58003721444639,19.61290131281459,4512.211442054964,4329.428154584424,4122.340044994125,3945.608652301575,000300.SH
2020-07-10,4753.13,-0.08307008100841151,4,-0.018104557745978522,0.0139861751152075,0.016148978423330185,0.006004166943249567,7.5466105529912175,14.837919395794641,18.307990611286872,17.660178577175103,4556.014816226789,4369.780711290669,4147.076905974747,3953.643690587132,000300.SH
2020-07-13,4852.96,0.06000923929117685,0,0.021003002232213186,-0.018104557745978522,0.0139861751152075,0.016148978423330185,3.915770359885995,18.084930360219186,19.9926812020631,21.44909256534231,4610.0048496401,4415.797786405844,4174.7585959365215,3962.592111576315,000300.SH
2020-07-14,4806.69,-0.0552462913397046,1,-0.009534387260558552,0.021003002232213186,-0.018104557745978522,0.0139861751152075,2.310706600285628,15.435546931286549,17.273239629054004,20.07479240984442,4645.765786069172,4453.025616271954,4199.540219625285,3970.99109554073,000300.SH
2020-07-15,4744.47,-0.047852447633907835,2,-0.012944458660741454,-0.009534387260558552,0.021003002232213186,-0.018104557745978522,-0.6185588604943337,11.692931366502046,15.66095001279848,19.961618107757563,4663.712006783868,4480.782224246054,4220.910014934098,3978.6874030477875,000300.SH
2020-07-16,4516.25,0.050312671835456735,3,-0.048102317013280826,-0.012944458660741454,-0.009534387260558552,0.021003002232213186,-6.703892149389468,4.160900771246179,9.570113955344638,12.496481565896222,4636.900732823165,4484.1601076511915,4232.491975132762,3984.0362846095013,000300.SH
2020-07-17,4544.7,-0.2704495378238345,4,0.006299474121228776,-0.048102317013280826,-0.012944458660741454,-0.009534387260558552,-4.385110443013351,2.830572902525108,9.802149799830385,13.12005456007208,4620.136963218953,4489.925811684411,4244.73542708834,3989.615028046223,000300.SH
2020-07-20,4680.3,0.11727450948376017,0,0.02983695293418709,0.006299474121228776,-0.048102317013280826,-0.012944458660741454,-3.5578286241798818,0.21862533698493447,13.883670907020429,15.7235472433352,4631.075697179143,4508.056686762086,4261.816390731935,3996.4875153293456,000300.SH
2020-07-21,4691.04,-0.1455299749550183,1,0.0022947246971347646,0.02983695293418709,0.006299474121228776,-0.048102317013280826,-2.4060216073847007,-0.15091110718520317,12.658142729517085,14.451620143898936,4641.978297692026,4525.483668975221,4278.648689134604,4003.3984853260686,000300.SH
2020-07-22,4714.45,0.08537946533574403,2,0.004990364609979814,0.0022947246971347646,0.02983695293418709,0.006299474121228776,-0.6327366386551181,-1.2473816506074598,10.98620926695828,14.929120805450925,4655.15497083893,4543.480462406153,4295.738936619521,4010.4736247755604,000300.SH
2020-07-23,4712.44,0.04839798270948559,3,-0.0004263487787546927,0.004990364609979814,0.0022947246971347646,0.02983695293418709,4.344090783282573,-2.651024527089718,8.685744861433985,14.329939176910989,4665.570430686397,4559.5718469389,4312.080154791305,4017.458364827545,000300.SH
2020-07-24,4505.59,0.08033915791553614,4,-0.04389445807267567,-0.0004263487787546927,0.004990364609979814,0.0022947246971347646,-0.8605628534336662,-5.207936664892399,1.9456511901529527,8.857233286381462,4636.483079652507,4554.430718659005,4319.668776172039,4022.315396023291,000300.SH
2020-07-27,4528.45,-0.31031540204617625,0,0.005073697340414851,-0.04389445807267567,-0.0004263487787546927,0.004990364609979814,-3.2444501420849203,-6.6868467904124484,-3.0329179951564145,10.188771984466083,4616.840701533869,4551.956364501004,4327.856275145684,4027.35156123699,000300.SH
2020-07-28,4568.26,-0.030002580050035643,1,0.008791087458181135,0.005073697340414851,-0.04389445807267567,-0.0004263487787546927,-2.6173300590060955,-4.960378139634535,-2.7642913244205647,9.709507295939446,4608.007846709529,4553.509091691384,4337.283872198795,4032.7337347570206,000300.SH
2020-07-29,4679.01,0.19668654572584887,2,0.02424336618318579,0.008791087458181135,0.005073697340414851,-0.04389445807267567,-0.751731379057996,-1.3797115378535452,-1.9897360703812317,10.151891105471567,4620.917329125978,4565.4615591493475,4350.6848968184495,4039.1643443614284,000300.SH
2020-07-30,4656.15,-0.07540224919110716,3,-0.004885648887264726,0.02424336618318579,0.008791087458181135,0.005073697340414851,-1.1944979670828748,3.097702740105168,-3.8138560600896265,7.387495848555292,4627.323269284891,4574.098553516076,4362.663920472628,4045.3035051140514,000300.SH
2020-07-31,4695.05,0.08367066939202106,4,0.0083545418425095,-0.004885648887264726,0.02424336618318579,0.008791087458181135,4.204998679418237,3.3082491693621208,-1.2219316534578306,6.232464476423205,4639.637220324001,4585.6177388954975,4375.698668689388,4051.768644366648,000300.SH
2020-08-03,4771.31,0.14466740664305822,0,0.016242638523551456,0.0083545418425095,-0.004885648887264726,0.02424336618318579,5.362982919100356,1.9445334700767036,-1.6824783225083184,2.1674100499133875,4663.577725719637,4603.302716143546,4391.212838544707,4058.928259845587,000300.SH
2020-08-04,4775.8,0.060949530028538534,1,0.0009410413492310088,0.016242638523551456,0.0083545418425095,-0.004885648887264726,4.543086426779563,1.8068488011187434,-0.6426459788336558,1.6532109584026067,4683.981775588793,4619.731028891779,4406.294688013541,4066.0613119864274,000300.SH
2020-08-05,4777.11,-0.18527534503947884,2,0.00027429959378522106,0.0009410413492310088,0.016242638523551456,0.0083545418425095,2.096597357133234,1.3291051978491675,0.6879588236409884,0.06514453288646305,4700.914180027194,4634.719502330658,4420.836464954187,4073.1364233099457,000300.SH
2020-08-06,4762.76,0.16382923309963293,3,-0.003003908220660545,0.00027429959378522106,0.0009410413492310088,0.016242638523551456,2.289659912159192,1.0678120039724792,5.45828951010241,-1.611520481245754,4712.158874567704,4646.913835442024,4434.245231034415,4079.9983494461653,000300.SH
2020-08-07,4707.93,-0.018010805211867487,4,-0.01151223240306043,-0.003003908220660545,0.00027429959378522106,0.0009410413492310088,0.2743314767680971,4.490865791161647,3.5916562149316933,-0.9509523198397596,4711.389988282666,4652.7248987332605,4444.977967072281,4086.2464255710793,000300.SH
2020-08-10,4724.87,-0.06483873550556629,0,0.0035981843400390012,-0.01151223240306043,-0.003003908220660545,0.00027429959378522106,-0.9733176004074418,4.337466462034478,0.9522893831591883,-2.6394200652797517,4713.840899504,4659.5958607586645,4455.95412522631,4092.6008889982327,000300.SH
2020-08-11,4681.78,-0.05512821037660465,1,-0.009119827635469369,0.0035981843400390012,-0.01151223240306043,-0.003003908220660545,-1.9686754051677302,2.484972396492302,-0.19739759200518847,-2.5986697706737893,4708.011645048727,4661.708635924506,4464.810041884102,4098.4633677146685,000300.SH
2020-08-12,4647.64,-0.010061665726844082,2,-0.007292098304490957,-0.009119827635469369,0.0035981843400390012,-0.01151223240306043,-2.710216009260813,-0.6704409693503499,-1.4171324332636792,-2.040902355795271,4697.034982312594,4660.368765836458,4471.979844163157,4103.9278118170105,000300.SH
2020-08-13,4635.71,-0.27743498125115196,3,-0.0025668941656411537,-0.007292098304490957,-0.009119827635469369,0.0035981843400390012,-2.6675709042655926,-0.4389892937297857,-1.6282435426233421,2.6451148629947463,4685.884985528486,4658.020311947272,4478.400634588132,4109.219176873557,000300.SH
2020-08-14,4704.63,0.0135410078675533,4,0.014867194022059271,-0.0025668941656411537,-0.007292098304490957,-0.009119827635469369,-0.07009450013063523,0.20404468536010523,4.417623441103169,3.5190441613307977,4689.293169977852,4662.459329857056,4487.272374408205,4115.143662675811,000300.SH
2020-08-17,4815.23,0.6374251982345323,0,0.02350875626776161,0.014867194022059271,-0.0025668941656411537,-0.007292098304490957,1.9124335696008465,0.9205019166643735,6.332851196325451,2.882934854603314,4712.190775436424,4677.0089174897175,4500.133457764746,4122.109695883018,000300.SH
2020-08-18,4812.76,-0.24509197751881562,1,-0.0005129557674294905,0.02350875626776161,0.014867194022059271,-0.0025668941656411537,2.797653883779261,0.7739017546798399,5.352147207032876,2.594733790374848,4730.476088993438,4689.937592014507,4512.393322166129,4128.9818382125395,000300.SH
2020-08-19,4740.68,0.01592698836317563,2,-0.014976853198580442,-0.0005129557674294905,0.02350875626776161,0.014867194022059271,2.001876221049814,-0.7625949580394753,1.31801385335788,0.5563745505838602,4732.331345540086,4694.77020229884,4521.345740904712,4135.068387086047,000300.SH
2020-08-20,4679.15,-0.18445874493027292,3,-0.012979150670368145,-0.014976853198580442,-0.0005129557674294905,0.02350875626776161,0.9370732854298458,-1.7554947131495302,0.49397034030260745,-0.7064280924531707,4722.662009987343,4693.282563984664,4527.534143222175,4140.482134478226,000300.SH
2020-08-21,4718.84,-0.033442800273457474,4,0.008482309821228329,-0.012979150670368145,-0.014976853198580442,-0.0005129557674294905,0.30204288116175704,0.2317366655833819,0.5067038689683834,4.733009439385305,4721.9670990805525,4695.716605509934,4535.03633368405,4146.236939110284,000300.SH
2020-08-24,4755.85,0.08203164283561581,0,0.00784302921904545,0.008482309821228329,-0.012979150670368145,-0.014976853198580442,-1.2331705858287023,0.6556794155183177,-0.3240200280426153,5.021585752299362,4728.1276265204515,4701.443595461369,4543.695693147421,4152.302740711177,000300.SH
2020-08-25,4761.95,-0.03714696862507405,1,0.001282630865145018,0.00784302921904545,0.008482309821228329,-0.012979150670368145,-1.0557351706713125,1.7123828971032484,-0.29000376900205627,4.239907535910814,4734.277148971278,4707.206110179333,4552.254685573012,4158.368882594648,000300.SH
2020-08-26,4706.13,0.05774709265366207,2,-0.01172208864015789,0.001282630865145018,0.00784302921904545,0.008482309821228329,-0.7287984002295023,1.2584881789467373,-1.4858355784145516,0.5796097892502905,4729.159485521955,4707.103623495587,4558.289011628972,4163.819241971816,000300.SH
2020-08-27,4731.35,-0.19399393115371366,3,0.005358967984309793,-0.01172208864015789,0.001282630865145018,0.00784302921904545,1.1155872327239136,2.0631143880872616,-0.6594915553166603,1.6150682430763785,4729.557760881599,4709.412802210293,4565.075717055287,4169.466314191002,000300.SH
2020-08-28,4844.27,0.3640648404153779,4,0.023866338360087447,0.005358967984309793,-0.01172208864015789,0.001282630865145018,2.6580685083622324,2.968139896229882,2.8959648932758153,3.1782409133023215,4750.414531630399,4722.256344856932,4576.0245124648845,4176.180778726415,000300.SH
2020-08-31,4816.22,0.17032470443656256,0,-0.005790346120261747,0.023866338360087447,0.005358967984309793,-0.01172208864015789,1.2693840217836927,0.020559765577154998,1.93338652703674,0.9412509352777265,4762.3791622430535,4731.205264394366,4585.443943348615,4182.549328191824,000300.SH
2020-09-01,4842.12,-0.2660662494232925,1,0.005377661319457827,-0.005790346120261747,0.023866338360087447,0.005358967984309793,1.6835540062369425,0.6100449638045458,3.4247657942064746,1.3886678671636066,4776.87749638068,4741.768572547284,4595.509671060434,4189.112220448623,000300.SH
2020-09-02,4843.89,0.07160017627791837,2,0.00036554236574071197,0.005377661319457827,-0.005790346120261747,0.023866338360087447,2.927245953681701,2.1771138317709715,4.222573176924205,1.3979163134196337,4789.061587947829,4751.4944227808755,4605.250076116888,4195.627422235204,000300.SH
2020-09-03,4817.1,-0.004867251105773351,3,-0.00553067885521763,0.00036554236574071197,0.005377661319457827,-0.005790346120261747,1.8123791306920767,2.948185033606543,3.9128849733913507,1.1409350880581925,4794.159481048224,4757.742572992221,4613.5579162691665,4201.8112289791325,000300.SH
2020-09-04,4770.22,-0.1465529449899412,4,-0.009731996429387046,-0.00553067885521763,0.00036554236574071197,0.005377661319457827,-1.5286100898587396,1.0888269150893137,1.3941585204362505,1.3230867918596845,4789.806848130364,4758.930899373913,4619.701527395866,4207.467037646007,000300.SH
2020-09-07,4669.37,0.1838984977732847,0,-0.021141582568518946,-0.009731996429387046,-0.00553067885521763,0.00036554236574071197,-3.0490716786193417,-1.8183920855367686,-3.029138795031594,-1.1746354926167268,4767.909239379389,4750.4012899097315,4621.649310635245,4212.063087022664,000300.SH
2020-09-08,4694.39,-0.11730898797622058,1,0.0053583245705524085,-0.021141582568518946,-0.009731996429387046,-0.00553067885521763,-3.0509363667153955,-1.418746521908032,-2.4595034865648846,0.2693420024008075,4754.542104946772,4745.0668813469,4624.501886688765,4216.862359788608,000300.SH
2020-09-09,4584.59,-0.017227054744469616,2,-0.023389620376662368,0.0053583245705524085,-0.021141582568518946,-0.009731996429387046,-5.353135599693637,-2.5825890912490768,-3.292565623497057,-1.3566024907264773,4723.6417222291775,4729.783368837671,4622.936714661754,4220.521341283249,000300.SH
2020-09-10,4581.98,-0.07659629426391501,3,-0.0005692984541694202,-0.023389620376662368,0.0053583245705524085,-0.021141582568518946,-4.880944966888812,-3.1570270641571807,-2.0766592222946523,-1.1590457556663436,4697.885045460236,4715.706857519798,4621.330568988745,4224.11794485257,000300.SH
2020-09-11,4627.28,-0.12339544178380757,4,0.009886555593869861,-0.0005692984541694202,-0.023389620376662368,0.0053583245705524085,-2.9965074986059492,-4.479312672497626,-1.940307363674132,-1.6441250427770115,4685.047764467466,4707.285252041723,4621.563880008794,4228.129507590355,000300.SH
2020-09-14,4651.05,0.06765747113878051,0,0.00513692709323843,0.009886555593869861,-0.0005692984541694202,-0.023389620376662368,-0.3923441492106994,-3.4294529734937407,-2.2036018797901513,-3.4095982954085113,4678.866352746108,4701.929513752035,4622.720198439822,4232.337671693935,000300.SH
2020-09-15,4688.48,-0.08069669182273043,1,0.0080476451553948,0.00513692709323843,0.009886555593869861,-0.0005692984541694202,-0.12589495120773897,-3.172990343072879,-1.5428553428742497,-2.582302047058249,4680.614288610451,4700.648607680412,4625.29901418728,4236.876401328821,000300.SH
2020-09-16,4657.36,0.007948197310139848,2,-0.00663754564379071,0.0080476451553948,0.00513692709323843,0.009886555593869861,1.5872738892681593,-3.8508306340565235,-1.0363079642933926,-1.7575537686576714,4676.386236135823,4696.52588313942,4626.556307748563,4241.06031773351,000300.SH
2020-09-17,4632.71,0.09191537087537993,3,-0.005292698009172536,-0.00663754564379071,0.0080476451553948,0.00513692709323843,1.1071632787572394,-3.8278217184613217,-2.084817229754732,-0.9924879518715901,4668.445102292946,4690.448179983286,4626.797629013326,4244.957329497355,000300.SH
2020-09-18,4737.09,0.31632196908053434,4,0.022531088714812686,-0.005292698009172536,-0.00663754564379071,0.0080476451553948,2.3731003959129415,-0.6945172340059758,-2.2125108633499035,0.38674759050953966,4680.925992785137,4694.890258080115,4631.12282003241,4249.8541719899185,000300.SH
2020-09-21,4691.43,-0.20486310881628222,0,-0.009638828901287422,0.022531088714812686,-0.005292698009172536,-0.00663754564379071,0.8681910536330495,0.47244060761946205,-2.5910361237651114,-1.3545423005351331,4682.835812278749,4694.560709691532,4633.487807482119,4254.247961323352,000300.SH
2020-09-22,4635.76,-0.09471262581149253,1,-0.011866317945701033,-0.009638828901287422,0.022531088714812686,-0.005292698009172536,-1.124458246595894,-1.2489375616427267,-4.261769638092394,-2.64996482533415,4674.276573682612,4688.960642101862,4633.576913071056,4258.044101011677,000300.SH
2020-09-23,4652.33,-0.0616815243782417,2,0.003574386939789731,-0.011866317945701033,-0.009638828901287422,0.022531088714812686,-0.10800109933524205,1.477558516683053,-3.954672793973446,-1.1431898396346951,4670.286287558501,4685.472009520732,4634.3123282447405,4261.967343787681,000300.SH
2020-09-24,4563.07,0.016399722112318216,3,-0.019186085251906126,0.003574386939789731,-0.011866317945701033,-0.009638828901287422,-1.5032238150024524,-0.412703678322468,-5.273504805796037,-3.556701575660237,4650.792417093318,4673.814675280662,4631.518511450829,4264.963390118152,000300.SH
2020-09-25,4570.02,-0.13465815490998223,4,0.0015230973883813004,-0.019186085251906126,0.003574386939789731,-0.011866317945701033,-3.526848761581469,-1.237444027592871,-4.196871423120941,-5.661327712947461,4636.106523076351,4663.929468111075,4629.106805119423,4267.998779271206,000300.SH
2020-09-28,4581.91,-0.048625506979746214,0,0.002601739160878802,0.0015230973883813004,-0.019186085251906126,0.003574386939789731,-2.3344694474819017,-1.4865460487416882,-1.873057821504831,-4.865018624564499,4626.252609789742,4656.118090195734,4627.255950016701,4271.122274004827,000300.SH
2020-09-29,4591.8,0.0039118177935644205,1,0.002158488490607624,0.002601739160878802,0.0015230973883813004,-0.019186085251906126,-0.9482803251246841,-2.062075555403875,-2.1853744575972667,-5.169636440236913,4619.9884989188795,4649.99255779614,4625.865520604281,4274.313097149057,000300.SH
2020-09-30,4587.4,0.03497814057694515,2,-0.0009582298880614903,0.002158488490607624,0.002601739160878802,0.0015230973883813004,-1.395644762946746,-1.502138550595189,0.061292285678749,-5.295124373179416,4614.063317297265,4644.031361815555,4624.357068815878,4277.428389714739,000300.SH
2020-10-09,4681.14,0.38901496035031724,4,0.020434232898809856,-0.0009582298880614903,0.002158488490607624,0.002601739160878802,2.5875123546209133,1.0453924376876644,2.1641299176338835,-2.822445039546617,4626.259077788671,4647.565517833122,4626.583850430942,4281.445420662851,000300.SH
2020-10-12,4823.16,0.3388985265001594,0,0.030338763634499166,0.020434232898809856,-0.0009582298880614903,0.002158488490607624,5.539144248821648,1.816938246898414,4.233156411541983,1.109802063636467,4662.059245463457,4664.288801849015,4634.292719041494,4286.835615482126,000300.SH
2020-10-13,4839.2,-0.21333862987697583,1,0.0033256205475249434,0.030338763634499166,0.020434232898809856,-0.0009582298880614903,5.615343819498864,3.14978588617969,4.045323099085141,3.637107361378522,4694.266655379191,4680.9470111967275,4642.328298686926,4292.331778512154,000300.SH
2020-10-14,4807.1,-0.05094036868006979,2,-0.006633327822780477,0.0033256205475249434,0.030338763634499166,0.020434232898809856,4.688793065900088,3.6960498386456653,2.53003105484082,2.400950922271061,4714.781808946611,4692.961581558944,4648.7899340325375,4297.453850367755,000300.SH
2020-10-15,4798.74,-0.06943170530004816,3,-0.001739094256412499,-0.006633327822780477,0.0033256205475249434,0.030338763634499166,4.6069669093604215,3.147025254012492,3.0356253328065685,4.671082910358382,4730.046934592681,4703.035716648568,4654.670328776359,4302.441772254643,000300.SH
2020-10-16,4791.68,-0.04536767149204346,4,-0.001471219528459411,-0.001739094256412499,-0.006633327822780477,0.0033256205475249434,2.3613906014346986,5.010004229608578,3.431468837894025,4.576624079546421,4741.25294648492,4711.478029348705,4660.0432570596395,4307.309814321762,000300.SH
2020-10-19,4755.49,0.10391603521937265,0,-0.007552674636035928,-0.001471219528459411,-0.001739094256412499,-0.006633327822780477,-1.4030220851060315,4.05840674657878,0.38842411691564216,2.770742207084931,4743.84150166948,4715.669645601209,4663.786266586712,4311.769318656869,000300.SH
2020-10-20,4793.47,-0.17544085376512586,1,0.00798655869321574,-0.007552674636035928,-0.001471219528459411,-0.001739094256412499,-0.944990907588017,4.617288423386756,2.1750297883587733,3.0621042560282197,4752.8648650023015,4723.079203162999,4668.871903191155,4316.562360262274,000300.SH
2020-10-21,4792.83,0.02221962752597273,2,-0.00013351496932290097,0.00798655869321574,-0.007552674636035928,-0.001471219528459411,-0.2968525722369053,4.378021690840184,3.3882254473915685,2.225668020339233,4760.131253183701,4729.722136195094,4673.733005026796,4321.301341752202,000300.SH
2020-10-22,4777.98,0.024404156887061434,3,-0.0030983782024399664,-0.00013351496932290097,0.00798655869321574,-0.007552674636035928,-0.4326135610597803,4.154422984697215,2.7007972349338827,2.589879244894111,4763.376479877574,4734.318123224132,4677.821122476725,4325.8454080034235,000300.SH
2020-10-23,4718.49,0.032735662626569795,4,-0.01245086835859499,-0.0030983782024399664,-0.00013351496932290097,0.00798655869321574,-1.5274392279951976,0.7978825670669876,3.406040231686136,1.8516160087723943,4755.215301718014,4732.810682917072,4679.415980418815,4329.752319366574,000300.SH
2020-10-26,4691.24,0.02255467574777148,0,-0.005775152644172166,-0.01245086835859499,-0.0030983782024399664,-0.00013351496932290097,-1.3510700264326103,-2.735136300682539,2.6525048030424214,-0.9678937913360386,4743.583428678375,4728.851570258303,4679.879667461214,4333.3492117111855,000300.SH
2020-10-27,4699.28,-0.09168709908510164,1,0.0017138325901040474,-0.005775152644172166,-0.01245086835859499,-0.0030983782024399664,-1.9649648375811402,-2.891387006116719,2.561595491836366,0.1673263802294711,4735.528259827761,4726.035230233702,4680.640464815676,4336.990314082219,000300.SH
2020-10-28,4737.27,0.2146971577156196,2,0.008084217156670848,0.0017138325901040474,-0.005775152644172166,-0.01245086835859499,-1.1592316022057791,-1.45264296561336,3.1680386776427705,2.1897164650456435,4735.8449398590765,4727.105208306683,4682.861230901335,4340.973196529162,000300.SH
2020-10-29,4772.92,0.11267373764003374,3,0.007525431313815778,0.008084217156670848,0.0017138325901040474,-0.005775152644172166,-0.10590249435953325,-0.5380579068672176,4.0441208527706385,2.592034528934972,4742.585859884699,4731.468521801285,4686.392947336577,4345.27117467315,000300.SH
2020-10-30,4695.33,0.11287916684155519,4,-0.01625629593624034,0.007525431313815778,0.008084217156670848,0.0017138325901040474,-0.4908349917028487,-2.0107770134900615,0.3031312885322768,2.8984872026946773,4733.993885360208,4728.026757820209,4686.743419990045,4348.754347064463,000300.SH
2020-11-02,4720.83,-0.006252615005763129,0,0.005430928177572181,-0.01625629593624034,0.007525431313815778,0.008084217156670848,0.6307500788704123,-0.7288418228195148,-2.121638096185896,3.299985558050067,4731.600451658352,4727.341352313522,4688.080148617887,4352.456592367304,000300.SH
2020-11-03,4777.56,-0.09546410967312957,1,0.012016954645687417,0.005430928177572181,-0.01625629593624034,0.007525431313815778,1.665787099300342,-0.33190986905101694,-1.2737642585551212,4.270053318375977,4739.956733175015,4732.124080664616,4691.589162397578,4356.6864770203665,000300.SH
2020-11-04,4813.66,-0.08667832109093143,2,0.0075561583737304705,0.012016954645687417,0.005430928177572181,-0.01625629593624034,1.612532112376952,0.4346075283287787,0.13646481246487596,4.831656431029208,4753.357327143194,4739.889406315604,4696.376254068261,4361.233477249019,000300.SH
2020-11-05,4885.11,0.22314571489590418,3,0.014843175463161051,0.0075561583737304705,0.012016954645687417,0.005430928177572181,2.3505527014908933,2.2421609131892506,1.799847459958226,6.489732746217913,4777.312358571704,4753.719939047451,4703.777577438133,4366.446178967934,000300.SH
2020-11-06,4885.72,0.08303958054126448,4,0.0001248692455237954,0.014843175463161051,0.0075561583737304705,0.012016954645687417,4.054880061678312,3.544142299761166,1.9625684519834374,4.370302960389982,4797.0228388313935,4766.291373423884,4710.9125744013445,4371.6130826597955,000300.SH
2020-11-09,4981.35,0.2179626289972234,0,0.01957336892003636,0.0001248692455237954,0.014843175463161051,0.0075561583737304705,5.518521107517116,6.184079262625675,4.749457994864903,3.279799965168073,4830.536868134776,4786.773147383514,4721.517963640507,4377.68011666318,000300.SH
2020-11-10,4953.88,-0.10123544834300235,1,-0.005514569343651909,0.01957336892003636,0.0001248692455237954,0.014843175463161051,3.6905868267483655,5.417851245297167,3.3464275357934836,2.3698131922631926,4852.962892110271,4802.688085727941,4730.630200360487,4383.413448835687,000300.SH
2020-11-11,4904.9,-0.09098264027685765,2,-0.009887199528450519,-0.005514569343651909,0.01957336892003636,0.0001248692455237954,1.895439229193574,3.5385359078118572,2.338284479107333,2.0344906492479664,4862.4060026356765,4812.422553753851,4737.464310150272,4388.6023697427945,000300.SH
2020-11-12,4908.46,-0.2508162021171956,3,0.0007258048074374468,-0.009887199528450519,-0.005514569343651909,0.01957336892003636,0.4779830955700115,2.8397710416265154,2.7308611588998,2.2864335221328913,4870.779456701917,4821.568977205866,4744.170023477713,4393.775082481672,000300.SH
2020-11-13,4856.85,0.12171182869044284,4,-0.010514499456041104,0.0007258048074374468,-0.009887199528450519,-0.005514569343651909,-0.5909057416307095,3.440013800946917,2.932294017789605,1.3600657806865257,4868.246828210659,4824.929074614831,4748.58884608643,4398.382793103745,000300.SH
2020-11-16,4904.17,0.04445577341901208,0,0.00974294038317014,-0.010514499456041104,0.0007258048074374468,-0.009887199528450519,-1.5493791843576576,3.8836391058352016,4.538885241428714,3.1264916969649947,4874.77831399054,4832.475829413418,4754.690067808531,4403.415501630076,000300.SH
2020-11-17,4894.79,0.08326194672818854,1,-0.0019126580032911011,0.00974294038317014,-0.010514499456041104,0.0007258048074374468,-1.1928024094245315,2.453763008732479,4.160424575679689,2.113708858092367,4878.416802355896,4838.410512326425,4760.184182796432,4408.304800121318,000300.SH
2020-11-18,4891.67,0.006285006189267417,2,-0.0006374124324025621,-0.0019126580032911011,0.00974294038317014,-0.010514499456041104,-0.2697302697302617,1.6205963861178452,3.2592611356329515,2.0622471483445093,4880.826474654824,4843.482844485813,4765.340489353434,4413.114404100211,000300.SH
2020-11-19,4927.99,-0.14790524258444038,3,0.007424867172151739,-0.0006374124324025621,-0.0019126580032911011,0.00974294038317014,0.39788446885580253,0.877769384926852,3.2489545184080093,3.1396113001728843,4889.40166108122,4851.531145010974,4771.718901535653,4418.23754435792,000300.SH
2020-11-20,4943.29,-0.07537914497378051,4,0.0031047140923581296,0.007424867172151739,-0.0006374124324025621,-0.0019126580032911011,1.7797543675427407,1.1783319551673,5.280991964356074,4.764236016183143,4899.199540884634,4860.270083581357,4778.447179906803,4423.4619469016225,000300.SH
2020-11-23,5005.03,0.4565748517989321,0,0.012489657697606127,0.0031047140923581296,0.007424867172151739,-0.0006374124324025621,2.056617123794635,0.47537314181897994,6.020127816506848,6.688849856327961,4918.441442541973,4874.056742287894,4787.332780694772,4429.2486936986215,000300.SH
2020-11-24,4974.29,-0.2063021906381617,1,-0.006141821327744212,0.012489657697606127,0.0031047140923581296,0.007424867172151739,1.6241759094874242,0.412000290681247,4.117792345883653,5.852173098857705,4928.595725716159,4883.602766831905,4794.664436353801,4434.671990278735,000300.SH
2020-11-25,4910.7,0.046321730859195664,2,-0.012783733960022414,-0.006141821327744212,0.012489657697606127,0.0031047140923581296,0.389028695721505,0.11824909784092785,2.0159296668231574,3.6609692924405746,4925.34195740413,4886.183455705057,4799.214850614437,4439.40858739039,000300.SH
2020-11-26,4919.59,-0.13470387912627635,3,0.0018103325391491953,-0.012783733960022414,-0.006141821327744212,0.012489657697606127,-0.1704548913451509,0.22675136397158902,0.7058182927303758,3.0729616251686576,4924.296146967015,4889.365031352194,4803.935444707988,4444.186511893968,000300.SH
2020-11-27,4980.77,0.05602053655054284,4,0.012435995682567036,0.0018103325391491953,-0.012783733960022414,-0.006141821327744212,0.7581994987144292,2.5514479549502367,1.9454655608589944,6.0792319176713905,4934.56412024574,4898.070266461508,4810.870133150812,4449.525651079102,000300.SH
2020-11-30,4960.25,0.5660693698216721,0,-0.004119844923576199,0.012435995682567036,0.0018103325391491953,-0.012783733960022414,-0.8946999318685367,1.1435166399207164,-0.4235799532255391,5.071565805165612,4939.23428020106,4903.992145846126,4816.728167144898,4454.607485396723,000300.SH
2020-12-01,5067.1,-0.17161547449313652,1,0.02154125296104037,-0.004119844923576199,0.012435995682567036,0.0018103325391491953,1.8657939122970424,3.520273597028689,2.285481279320467,6.060415777091244,4962.482592891776,4919.526227194114,4826.546670394118,4460.701938278347,000300.SH
2020-12-02,5067.14,-0.05431945543416061,2,7.89406169210416e-06,0.02154125296104037,-0.004119844923576199,0.012435995682567036,3.185696540208127,3.58711850962965,3.3077126954678127,5.265847608680296,4981.511212365998,4933.584681747056,4835.981702927683,4466.736147847717,000300.SH
2020-12-03,5057.06,-0.11356540569414864,3,-0.0019892878428462435,7.89406169210416e-06,0.02154125296104037,-0.004119844923576199,2.7943385526029596,2.6191205745141666,3.0274261173565797,3.5198797979984153,4995.247355572181,4945.344235866383,4844.651440067773,4472.610017023362,000300.SH
2020-12-04,5065.92,-0.06369105498711924,4,0.001752006106314763,-0.0019892878428462435,7.89406169210416e-06,0.02154125296104037,1.709575025548249,2.48073651353653,4.3046418975261735,3.6882997797663464,5008.096927286329,4956.827641974347,4853.328638496489,4478.5135989435275,000300.SH
2020-12-07,5022.24,0.026605823874601198,0,-0.00862232328974799,0.001752006106314763,-0.0019892878428462435,7.89406169210416e-06,1.2497353964013858,0.3438540827927161,2.407542968534937,0.82086181456833,5010.668395052451,4963.057390357742,4859.952613457411,4483.923811889363,000300.SH
2020-12-08,5009.88,-0.11251179211553097,1,-0.0024610532352097314,-0.00862232328974799,0.001752006106314763,-0.0019892878428462435,-1.1292455250537792,0.7154789929819216,2.351275539910813,1.1304270591939947,5010.52505049746,4967.516686514148,4865.832118812022,4489.157206795936,000300.SH
2020-12-09,4942.7,0.11023521946145842,2,-0.013409502822422925,-0.0024610532352097314,-0.00862232328974799,0.001752006106314763,-2.455823205989982,0.6516382593112935,1.0432020148538168,0.7706579135150493,4998.193223134285,4965.15319256042,4868.846545525276,4493.670070409907,000300.SH
2020-12-10,4940.52,-0.11934332714263074,3,-0.00044105448439102357,-0.013409502822422925,-0.0024610532352097314,-0.00862232328974799,-2.3045010341977368,0.42544195756151204,0.2542618795898566,0.6531580169747864,4987.707182564415,4962.807174221333,4871.657269230168,4498.116338366028,000300.SH
2020-12-11,4889.63,0.1983940607690058,4,-0.010300535166338887,-0.00044105448439102357,-0.013409502822422925,-0.0024610532352097314,-3.479920725159491,-1.8298375552374457,-1.0855118756941229,0.6749230468307665,4969.874967552703,4955.8379195335865,4872.362082201534,4502.011996690744,000300.SH
2020-12-14,4934.84,-0.09932116875552954,0,0.0092460983755418,-0.010300535166338887,-0.00044105448439102357,-0.013409502822422925,-1.7402593265156474,-0.5122725669069017,-1.4023891964683455,0.6253861509694758,4963.504973452212,4953.8381176732455,4874.812196625004,4506.318742992329,000300.SH
2020-12-15,4945.1,0.0008678049565296053,1,0.0020790947629507617,0.0092460983755418,-0.010300535166338887,-0.00044105448439102357,-1.2930449431922453,-2.407688816088094,-0.5868174151486882,1.027827547249216,4960.158614642719,4953.005915990079,4877.568581071082,4510.684725649123,000300.SH
2020-12-16,4953.87,-0.0741549381867852,2,0.0017734727305815934,0.0020790947629507617,0.0092460983755418,-0.010300535166338887,0.22598984360775454,-2.235383273404734,0.8791007392021433,1.2715493890634422,4959.015230162225,4953.08820970531,4880.560793578099,4515.094529374008,000300.SH
2020-12-17,5017.48,0.17625171073911416,3,0.012840466140613183,0.0017734727305815934,0.0020790947629507617,0.0092460983755418,1.5577307651825967,-0.7826681906087929,1.9897999630050345,1.815953360294964,4969.645188314547,4959.220761161947,4885.930174222096,4520.093389778246,000300.SH
2020-12-18,4999.97,-0.0416085388293953,4,-0.003489799660387094,0.012840466140613183,0.0017734727305815934,0.0020790947629507617,2.256612463519736,-1.301836586444316,0.38548256594863606,1.1466047915457134,4975.158790439175,4963.101641051285,4890.402324252603,4524.868281422244,000300.SH
2020-12-21,5046.84,0.15164119054501546,0,0.009374056244337403,-0.003489799660387094,0.012840466140613183,0.0017734727305815934,2.269577129147038,0.489821274968949,1.7456781412227285,0.8353596282140163,4988.1917376320525,4971.076722855924,4896.537135066226,4530.062029865804,000300.SH
2020-12-22,4964.77,0.09575489018770034,1,-0.016261660761981656,0.009374056244337403,-0.003489799660387094,0.012840466140613183,0.39776748700735,-0.9004207685613164,-2.0194983323794657,-0.19138409702690318,4983.93323988077,4970.476082583932,4899.21293369108,4534.387482304951,000300.SH
2020-12-23,5007.12,-0.05517763835724476,2,0.008530103106488163,-0.016261660761981656,0.009374056244337403,-0.003489799660387094,1.0749171859576467,1.3033362332328435,-1.184494606424935,1.9634675300873594,4988.149014447902,4973.9659794807,4903.444583350253,4539.091288451171,000300.SH
2020-12-24,5000.02,-0.20100007436942102,3,-0.0014179807953472734,0.008530103106488163,-0.016261660761981656,0.009374056244337403,-0.3479834498592793,1.204326670067113,-1.1279280846974271,1.6348923385892,4990.307375457374,4976.447314768253,4907.2318545914195,4543.677643789965,000300.SH
2020-12-25,5042.01,-0.010873479899501604,4,0.008397966408134394,-0.0014179807953472734,0.008530103106488163,-0.016261660761981656,0.8408050448302617,3.1163912197855526,-0.471977449308314,1.229528767640331,4999.707852646942,4982.691380028419,4912.517272058422,4548.636174697527,000300.SH
2020-12-28,5064.41,0.1517547256722518,0,0.004442672664274783,0.008397966408134394,-0.0014179807953472734,0.008530103106488163,0.3481386372462758,2.6256170412819912,0.8396651693268309,2.0998941585605557,5011.471879438407,4990.474105739998,4918.473849624759,4553.768252561234,000300.SH
2020-12-29,5042.94,-0.007060085741457334,1,-0.004239388201192296,0.004442672664274783,0.008397966408134394,-0.0014179807953472734,1.5744938839059808,1.9785241956684185,0.6598960454142544,-0.4768013262023807,5017.193355904151,4995.470857574283,4923.354875129671,4558.635633132764,000300.SH
2020-12-30,5113.71,0.06286869224362812,2,0.01403348046972619,-0.004239388201192296,0.004442672664274783,0.008397966408134394,2.1287686334659384,3.226568319314005,3.459849879620447,0.9190588773943409,5034.74183664885,5006.731728281495,4930.819781987331,4564.158761161294,000300.SH
2020-12-31,5211.29,0.20956915151541522,3,0.019082036329787888,0.01403348046972619,-0.004239388201192296,0.004442672664274783,4.2253830984676055,3.862696014732503,5.480597184102076,3.0497957311165003,5066.841502712695,5026.213468445162,4941.81861406626,4570.59787796566,000300.SH
2021-01-04,5267.72,0.2622151778920254,0,0.010828412926549902,0.019082036329787888,0.01403348046972619,-0.004239388201192296,4.476587710060076,5.355032130192772,7.732486916187931,3.983481776261777,5103.364865855841,5049.214090498003,4954.599060573466,4577.534416493365,000300.SH
2021-01-05,5368.5,0.09992522463418307,1,0.019131616714631816,0.010828412926549902,0.019082036329787888,0.01403348046972619,6.004450666513961,6.373493116484763,8.787721587731312,6.894533116696944,5151.571253882052,5079.6222723553365,4970.830469962742,4585.404720806864,000300.SH
2021-01-06,5417.67,-0.10763663799076839,2,0.009158982956132933,0.019131616714631816,0.010828412926549902,0.019082036329787888,7.430784423372083,9.122275553550296,9.556328486784892,8.139715921339441,5199.9528440853155,5111.817294035781,4988.353588787733,4593.685967366,000300.SH
2021-01-07,5513.66,0.06514115762151418,3,0.017717948859934163,0.009158982956132933,0.019131616714631816,0.010828412926549902,7.821131820146232,10.116394254581484,11.300054300980843,11.55158111963097,5256.9905087970765,5150.088027937135,5008.953840207822,4602.839937839971,000300.SH
2021-01-08,5495.43,0.00038509852491230845,4,-0.003306333723878452,0.017717948859934163,0.009158982956132933,0.019131616714631816,5.452392785663451,9.908160367358532,9.525698159235318,11.231813655242773,5300.343143561245,5182.97773956217,5028.031336670261,4611.721430995792,000300.SH
2021-01-11,5441.16,0.10290151787183932,0,-0.009875478352012523,-0.003306333723878452,0.017717948859934163,0.009158982956132933,3.2925060557508656,7.91648568725567,8.82385294311765,11.279585571914442,5325.94620836829,5207.566526270535,5044.232460722407,4619.974551085385,000300.SH
2021-01-12,5596.35,-0.06905001906189723,1,0.02852149174073193,-0.009875478352012523,-0.003306333723878452,0.017717948859934163,4.2442022911427735,10.50349399041548,10.888199348503225,13.404892559839832,5375.11053411951,5244.59352376858,5065.884128929372,4629.6897296815505,000300.SH
2021-01-13,5577.97,0.12489050534047652,2,-0.003284283506213903,0.02852149174073193,-0.009875478352012523,-0.003306333723878452,2.958836547814836,10.609485736495007,12.351025324435971,12.797921174495963,5411.994073370508,5276.343664362048,5085.965927794887,4639.125354261833,000300.SH
2021-01-14,5470.46,-0.08240026953354918,3,-0.019274036970439057,-0.003284283506213903,0.02852149174073193,-0.009875478352012523,-0.7835085950167353,6.97634398509106,9.253622841074316,10.42800880927437,5422.624241848597,5294.8309344228055,5101.044126704892,4647.3973407865915,000300.SH
2021-01-15,5458.08,-0.052163191659624464,4,-0.0022630638008503956,-0.019274036970439057,-0.003284283506213903,0.02852149174073193,-0.6796556411418297,4.735679649376645,9.161163355346558,8.781300573196106,5429.07074333067,5310.378464477777,5115.045533500778,4655.463834908118,000300.SH
2021-01-18,5518.52,-0.111397109398097,0,0.011073491044469863,-0.0022630638008503956,-0.019274036970439057,-0.003284283506213903,1.4217556550441657,4.761073101835334,9.45079442523915,10.371062226373361,5445.334244543275,5330.201467860847,5130.868061598787,4664.051458441371,000300.SH
2021-01-19,5437.52,0.024810842217661166,1,-0.014677848408631289,0.011073491044469863,-0.0022630638008503956,-0.019274036970439057,-2.8380998329268214,1.285647760081976,7.3672945120951905,7.741081548057793,5443.913472808134,5340.422280445528,5142.893627810599,4671.74766283499,000300.SH
2021-01-20,5476.43,-0.13719780543713722,2,0.007155835748650086,-0.014677848408631289,0.011073491044469863,-0.0022630638008503956,-1.82037551295543,1.0845990988746168,8.595977743141914,10.305814770875577,5449.8255686612,5353.375396593573,5155.973485543517,4679.754452259517,000300.SH
2021-01-21,5564.97,0.21246547144800498,3,0.016167466762105898,0.007155835748650086,-0.014677848408631289,0.011073491044469863,1.7276426479674534,0.9305978243127067,8.82451292701385,11.141135023726223,5470.760919813709,5373.527263584661,5172.012564541811,4688.5625671624075,000300.SH
2021-01-22,5569.78,0.007587453281636236,4,0.0008643352974049279,0.016167466762105898,0.007155835748650086,-0.014677848408631289,2.046507196669878,1.3529423539195173,6.879102870882248,11.395154419382303,5488.764388938489,5392.218000386122,5187.611287500956,4697.330899827458,000300.SH
2021-01-25,5625.92,0.11288279704497062,0,0.010079392722872393,0.0008643352974049279,0.016167466762105898,0.007155835748650086,1.9461739741814865,3.395599467760557,6.799905841616494,11.580897300878013,5513.701772767854,5414.475333682682,5204.799864461703,4706.570592366488,000300.SH
2021-01-26,5512.97,-0.18332342254902112,1,-0.020076716341504985,0.010079392722872393,0.0008643352974049279,0.016167466762105898,1.3875811031499596,-1.4898996667470743,2.6910682686039022,8.857102801708393,5513.568723173698,5423.8557780938545,5216.884967816146,4714.594467069309,000300.SH
2021-01-27,5528.0,-0.09184269597456263,2,0.0027262981659612606,-0.020076716341504985,0.010079392722872393,0.0008643352974049279,0.9416718555701475,-0.8958456212564858,2.036484318904619,9.618595501830285,5516.192591687571,5433.77427541825,5229.085557313552,4722.688054461654,000300.SH
2021-01-28,5377.14,-0.0019265169460339626,3,-0.02729015918958022,0.0027262981659612606,-0.020076716341504985,0.010079392722872393,-3.3752203515921897,-1.7058894498817256,-2.476032254437155,5.1514458191802115,5490.910302289831,5428.380534902226,5234.891613889492,4729.200014118753,000300.SH
2021-01-29,5351.96,0.037539677906476054,4,-0.0046827867602480255,-0.02729015918958022,0.0027262981659612606,-0.020076716341504985,-3.910746923576869,-1.944273444141531,-2.6107147211410275,2.6993316434126724,5465.646610964406,5421.102388721062,5239.482530991865,4735.396630893691,000300.SH
2021-02-01,5417.65,-0.11127332763172726,0,0.012274008026965655,-0.0046827867602480255,-0.02729015918958022,0.0027262981659612606,-3.701972299641665,-1.8278451468872192,-0.43207698358438407,2.8462029113164533,5456.9199544254225,5420.773589795246,5246.469490560812,4742.185221631067,000300.SH
2021-02-02,5501.09,0.09559398012587694,1,0.015401511725563699,0.012274008026965655,-0.0046827867602480255,-0.02729015918958022,-0.215491831081982,1.1690991481410506,-1.7021808857558995,2.4697774052342414,5464.950871802618,5428.422771719508,5256.454608578035,4749.736512958121,000300.SH
2021-02-03,5485.2,0.0640152885904599,2,-0.0028885184572512435,0.015401511725563699,0.012274008026965655,-0.0046827867602480255,-0.7742402315484842,0.16014082166666554,-1.6631498555926383,1.2464768064500031,5468.632531474869,5433.8301267938405,5265.425016084779,4757.054557605304,000300.SH
2021-02-04,5473.95,-0.01570048345021402,3,-0.002050973528768374,-0.0028885184572512435,0.015401511725563699,0.012274008026965655,1.8003994688626124,-1.635588332012583,0.06379719438585063,-0.7202112571322861,5469.599343933984,5437.651067099188,5273.602466434395,4764.187845589331,000300.SH
2021-02-05,5483.41,-0.0065203799814576024,4,0.0017281853140784786,-0.002050973528768374,-0.0028885184572512435,0.015401511725563699,2.4561095374404873,-1.5506896143115179,0.4640826078034843,-0.21872719696184317,5472.110372309622,5442.00906070879,5281.830212848733,4771.344284936701,000300.SH
2021-02-08,5564.56,-0.07035243008139624,0,0.014799185178566043,0.0017281853140784786,-0.002050973528768374,-0.0028885184572512435,2.71169233892925,-1.0906660599510731,0.8342816552264098,2.267898756882736,5488.919395526054,5453.680578736525,5292.917655482116,4779.236978618923,000300.SH
2021-02-09,5686.25,0.030432193543783237,1,0.021868755121698724,0.014799185178566043,0.0017281853140784786,-0.002050973528768374,3.3658783986446394,3.143133374569418,4.574328002471706,1.6064041741492119,5524.797687248591,5475.830047428284,5308.342453306346,4788.261983806795,000300.SH
2021-02-10,5807.72,0.10108358358252656,2,0.021362057595075923,0.021868755121698724,0.014799185178566043,0.0017281853140784786,5.879822066652096,5.060057887120117,6.049378883688816,4.118881958848819,5576.238107748846,5507.438614339876,5327.925886510019,4798.405844664439,000300.SH
2021-02-18,5768.38,0.21681663916679272,3,-0.006773742535797211,0.021362057595075923,0.021868755121698724,0.014799185178566043,5.378748435773084,7.275986862904804,3.6551859219366767,5.445977120754009,5611.172997249056,5532.290174878935,5345.19859684296,4808.057328797132,000300.SH
2021-02-19,5778.84,-0.10058982672935857,4,0.0018133340729979963,-0.006773742535797211,0.021362057595075923,0.021868755121698724,5.387705825389677,7.9761433194567966,3.7534696163942005,5.876791838888407,5641.657906840136,5555.771110604752,5362.204142064805,4817.7168578638275,000300.SH
2021-02-22,5597.33,0.19104492680088403,0,-0.03140941780703399,0.0018133340729979963,-0.006773742535797211,0.021362057595075923,0.5889055019624001,3.3165671462719093,-0.5081835504237575,1.4281002877583049,5633.598287414657,5559.7291000709665,5371.424763944617,4825.474202561701,000300.SH
2021-02-23,5579.67,-0.2183985284929737,1,-0.0031550757236039617,-0.03140941780703399,0.0018133340729979963,-0.006773742535797211,-1.8743460101121157,1.4284441810622939,1.209874169458569,2.6142432579558283,5623.793144248355,5561.628233397541,5379.591243789926,4832.978638357107,000300.SH
2021-02-24,5437.57,0.11170685024801008,2,-0.025467455960657248,-0.0031550757236039617,-0.03140941780703399,0.0018133340729979963,-6.373413318823918,-0.8683366148909855,-1.6358538350217167,-0.7095863546142445,5589.934390748654,5549.813163550157,5381.864920504047,4838.994472801315,000300.SH
2021-02-25,5469.56,-0.12736446137122281,3,0.005883142653795748,-0.025467455960657248,-0.0031550757236039617,-0.03140941780703399,-5.18031058980164,-0.0801980288457016,1.7187575551315337,-1.7144746512559816,5568.048137885262,5542.170005116809,5385.303943229379,4845.268756654038,000300.SH
2021-02-26,5336.76,-0.015740812801050774,4,-0.024279832381398192,0.005883142653795748,-0.025467455960657248,-0.0031550757236039617,-7.6499781963162095,-2.6744306918505045,-0.2840081017047913,-4.183648187181532,5525.99574917885,5522.607147486637,5383.400259181168,4850.159216786834,000300.SH
2021-03-01,5418.78,-0.11725184777494313,0,0.015368875497492773,-0.024279832381398192,0.005883142653795748,-0.025467455960657248,-3.1899137624545992,-2.619793838147144,0.020857751977332306,-3.6818866958648555,5506.501976600876,5512.718847726005,5384.787699997592,4855.817135027762,000300.SH
2021-03-02,5349.63,0.05109098496132369,1,-0.012761175024636473,0.015368875497492773,-0.024279832381398192,0.005883142653795748,-4.122824468113706,-5.9198944823038,-2.753272533261586,-2.9628312869469653,5477.97979903708,5497.186576514005,5383.408966664353,4860.730695873257,000300.SH
2021-03-03,5452.21,-0.10316072794879438,2,0.01917515790811697,-0.012761175024636473,0.015368875497492773,-0.024279832381398192,0.2692379132590572,-6.12133505058784,-0.6014365930139265,-1.3710202604920396,5473.294381030338,5492.90309303648,5386.107046403005,4866.616062083474,000300.SH
2021-03-04,5280.71,0.13853886748896982,3,-0.03145513470684369,0.01917515790811697,-0.012761175024636473,0.015368875497492773,-3.4527457418878416,-8.454193378383534,-3.530174736707492,-1.7933325150544799,5438.279039024822,5472.6942270330055,5381.973828897006,4870.736399774186,000300.SH
2021-03-05,5262.8,-0.08284116293964094,4,-0.0033915893885481108,-0.03145513470684369,0.01917515790811697,-0.012761175024636473,-1.3858595852164979,-8.929819825432094,-4.023226422974025,-1.6659317334210222,5406.373759202127,5452.704300648909,5377.300345410848,4874.637530124692,000300.SH
2021-03-08,5080.02,0.15485920921772878,0,-0.034730561678194105,-0.0033915893885481108,-0.03145513470684369,0.01917515790811697,-6.251591686689606,-9.242085065558037,-8.707606711042736,-6.232037876200924,5347.036712074468,5417.210557729965,5365.642292649639,4876.681136790118,000300.SH
2021-03-09,4971.0,0.01788456276536121,1,-0.021460545430923572,-0.034730561678194105,-0.0033915893885481108,-0.03145513470684369,-7.0776857464908804,-10.908709654872062,-12.578588700813365,-9.636090302103772,5278.666400788201,5374.714314136635,5350.166124310437,4877.619632941461,000300.SH
2021-03-10,5003.61,-0.2529776839030595,2,0.0065600482800241,-0.021460545430923572,-0.034730561678194105,-0.0033915893885481108,-8.22785622710791,-7.980770822260686,-13.845536630553823,-8.77980748195144,5228.656146099436,5339.371046123622,5336.57568806297,4878.8732684345805,000300.SH
2021-03-11,5128.22,0.07843527730269484,3,0.02490401929806696,0.0065600482800241,-0.021460545430923572,-0.034730561678194105,-2.887679876380256,-6.240721374297021,-11.09774321386594,-6.31591446761478,5210.395028626812,5319.2614226832775,5328.404876766383,4881.3543304402065,000300.SH
2021-03-12,5146.38,-0.03181415998121362,4,0.003541189730549732,0.02490401929806696,0.0065600482800241,-0.021460545430923572,-2.2121304248688967,-3.56733298855485,-10.94441098905663,-6.146357832078941,5198.755932512846,5302.796525284871,5321.266646304956,4883.99140177911,000300.SH
2021-03-15,5035.54,0.02321127405446921,0,-0.021537469055918912,0.003541189730549732,0.02490401929806696,0.0065600482800241,-0.8755871039877849,-7.072440660074775,-10.03674966457222,-9.506951133602659,5169.080308419601,5277.343522876788,5310.061679783193,4885.4993480300645,000300.SH
2021-03-16,5079.36,-0.17834362050176444,1,0.008702145152257756,-0.021537469055918912,0.003541189730549732,0.02490401929806696,2.1798430899215404,-5.052125100240589,-8.966659318561854,-10.672939107496159,5152.767525070583,5258.4879492694745,5301.014555085812,4887.428309741209,000300.SH
2021-03-17,5100.86,-0.030404697171220962,2,0.004232816732816724,0.008702145152257756,-0.021537469055918912,0.003541189730549732,1.9435967231658635,-6.444175847958911,-6.192288099279642,-12.171041303644126,5143.329793239567,5243.475763624762,5293.165356847153,4889.552008151744,000300.SH
2021-03-18,5141.77,-0.009724644071355093,3,0.008020216198837193,0.004232816732816724,0.008702145152257756,-0.021537469055918912,0.26422423374972137,-2.6310855926570453,-5.992986638778985,-10.862841907086562,5143.046194468736,5233.789500422405,5287.2282840296175,4892.061639911428,000300.SH
2021-03-19,5007.09,0.08448409832443593,4,-0.026193314753479857,0.008020216198837193,0.004232816732816724,0.008702145152257756,-2.7065626712368673,-4.85882039978719,-6.1773435567647805,-13.354756317876948,5118.326886383511,5212.199071810747,5276.242468969633,4893.20620070833,000300.SH
2021-03-22,5057.15,-0.06631477628955185,0,0.0099978230868627,-0.026193314753479857,0.008020216198837193,0.004232816732816724,0.42914960461042373,-0.45019507797214864,-6.6736424065933715,-9.65067273146304,5107.203816131963,5197.432493543057,5267.650607441412,4894.837482293321,000300.SH
2021-03-23,5009.25,-0.03199632412358233,1,-0.009471738034268262,0.0099978230868627,-0.026193314753479857,0.008020216198837193,-1.3802920052919943,0.7694628847314533,-6.362683026676608,-10.223185242137978,5089.394031380697,5179.510351300861,5257.517250286847,4895.975915305328,000300.SH
2021-03-24,4928.69,0.03993910118332611,2,-0.01608224784149337,-0.009471738034268262,0.0099978230868627,-0.026193314753479857,-3.375313182482953,-1.497318935728409,-9.601977913543324,-9.35859216525029,5060.175116584207,5155.622698796017,5244.622064001089,4896.301428585873,000300.SH
2021-03-25,4926.35,-0.17365855745696457,3,-0.00047477118666405804,-0.01608224784149337,-0.009471738034268262,0.0099978230868627,-4.189607858772371,-3.936453584284605,-6.7104612826684225,-9.931511858357888,5035.84327720526,5133.787203672588,5232.140806589282,4896.600419346212,000300.SH
2021-03-26,5037.99,0.2462433579084371,4,0.022661808438295905,-0.00047477118666405804,-0.01608224784149337,-0.009471738034268262,0.6171249168678727,-2.1061406270038385,-4.271680474272255,-5.598340566186232,5036.233590440666,5124.663660465675,5224.527049468134,4898.007280845255,000300.SH
2021-03-29,5046.88,-0.028204694585565515,0,0.001764592625233652,0.022661808438295905,-0.00047477118666405804,-0.01608224784149337,-0.20307880921071053,0.22519928349293838,-0.652359636379396,-6.863168462273794,5038.169301269636,5117.255692802278,5217.560498508599,4899.48860143386,000300.SH
2021-03-30,5094.73,-0.042259875586358686,1,0.009481105158038128,0.001764592625233652,0.022661808438295905,-0.00047477118666405804,1.706443080301434,0.30259717759717475,2.489036411184853,-4.7648155106054135,5048.453064675156,5115.1103887258705,5212.743616214144,4901.431301917105,000300.SH
2021-03-31,5048.36,-0.05440563396701692,2,-0.0091015618099487,0.009481105158038128,0.001764592625233652,0.022661808438295905,2.4280285430814397,-1.0292382068906036,0.8943542762125833,-7.4070881349031055,5048.436143825128,5108.753208847216,5206.297199892021,4902.893279012457,000300.SH
2021-04-01,5110.78,-0.12264728780139622,3,0.01236441141281519,-0.0091015618099487,0.009481105158038128,0.001764592625233652,3.7437453692896305,-0.6027107396869291,-0.34007901377086647,-3.2179384969066693,5059.771390402377,5108.946236576053,5202.551427347235,4904.961803599398,000300.SH
2021-04-02,5161.56,0.17289936154957508,4,0.009935861062303708,0.01236441141281519,-0.0091015618099487,0.009481105158038128,2.452763899888666,3.085025433934696,0.2949646159047692,-1.9236908109751427,5078.278410329218,5113.957071187857,5200.943920392441,4907.515019483982,000300.SH
2021-04-06,5140.34,-0.1379016673279304,1,-0.00411116019188007,0.009935861062303708,0.01236441141281519,-0.0091015618099487,1.8518371746504725,1.6449976765569696,2.081206782192191,1.1873969000121942,5089.562335723906,5116.469731074728,5198.5672960633265,4909.8316859567785,000300.SH
2021-04-07,5103.74,0.1515940150133428,2,-0.007120151585303769,-0.00411116019188007,0.009935861062303708,0.01236441141281519,0.1768494110580887,1.8863103258970781,0.4799817299817377,2.670287668477167,5092.140092865014,5115.257375734278,5194.848578570647,4911.761121917408,000300.SH
2021-04-08,5112.21,-0.07247774293046616,3,0.0016595672977073317,-0.007120151585303769,-0.00411116019188007,0.009935861062303708,1.2647671719132614,3.723504622932272,0.22251149806111759,2.170432947411971,5095.789166889556,5114.96714947387,5191.607849999249,4913.755638117235,000300.SH
2021-04-09,5035.34,-0.030216965519215933,4,-0.015036549750499284,0.0016595672977073317,-0.007120151585303769,-0.00411116019188007,-1.47609562532528,2.212388482344929,-2.069909778150336,-1.8111547476512335,5084.798409273273,5107.383611428741,5185.479699018886,4914.965432762836,000300.SH
2021-04-12,4947.75,0.20629493193362092,0,-0.017395051774060977,-0.015036549750499284,0.0016595672977073317,-0.007120151585303769,-4.142352312091702,-1.7911905343202306,-1.1851195005482262,-3.8596061697737105,5059.880516678132,5092.180410340288,5176.156965724028,4915.291647362211,000300.SH
2021-04-13,4939.64,-0.15517270155999852,1,-0.0016391288969732631,-0.017395051774060977,-0.015036549750499284,0.0016595672977073317,-3.904410992268992,-2.124877151824489,-2.323640785818082,-1.9044630764525672,5038.018604554835,5077.652752212642,5166.881790597596,4915.533919527761,000300.SH
2021-04-14,4980.63,-0.020894274690997805,2,0.008298175575548017,-0.0016391288969732631,-0.017395051774060977,-0.015036549750499284,-2.4121526566792117,-2.239569123388274,-0.571343015421466,-1.943748818748814,5027.584312817592,5068.412490097152,5159.577798809455,4916.181641721515,000300.SH
2021-04-15,4948.97,-0.032643509925157965,3,-0.006356625567448315,0.008298175575548017,-0.0016391288969732631,-0.017395051774060977,-3.1931395619506975,-1.9687581709703639,0.4114683617756576,-2.977733166564056,5013.2908013962115,5057.037014849804,5151.318669444379,4916.507894042695,000300.SH
2021-04-16,4966.18,-0.002019026392558021,4,0.00347749127596253,-0.006356625567448315,0.008298175575548017,-0.0016391288969732631,-1.3734921574312775,-2.8293137251065303,0.8085093426167367,-3.4149718871128054,5004.725201142354,5048.38396581649,5144.058329466169,4917.002143853215,000300.SH
2021-04-19,5087.02,0.44290256154986696,0,0.02433258560905971,0.00347749127596253,-0.006356625567448315,0.008298175575548017,2.8148148148148255,-1.4441370438394552,0.9732055839729803,1.596336394991904,5019.687891843744,5052.063588119681,5141.821532232201,4918.693863814875,000300.SH
2021-04-20,5083.37,-0.10152391144936834,1,-0.0007175124139477962,0.02433258560905971,0.00347749127596253,-0.006356625567448315,2.9097262148658487,-1.1082924475812939,0.7230209555210365,0.5184738439635073,5031.266456963063,5055.045151155901,5139.5293152819195,4920.33243233413,000300.SH
2021-04-21,5098.74,-0.12314024489320252,2,0.0030235847479131994,-0.0007175124139477962,0.02433258560905971,0.00347749127596253,2.371386752278326,-0.09796737294611724,0.0787087833898914,1.7864949842790745,5043.53437387887,5059.206565331529,5137.929734290472,4922.1076320123975,000300.SH
2021-04-22,5089.24,-0.004477584252293054,3,-0.0018632054193781222,0.0030235847479131994,-0.0007175124139477962,0.02433258560905971,2.834327142819615,-0.4493164404435701,0.8097679246329426,3.2574578640571783,5051.844487719075,5062.066892442813,5136.020332945748,4923.770640649091,000300.SH
2021-04-23,5135.45,0.09464755826200655,4,0.00907994120929656,-0.0018632054193781222,0.0030235847479131994,-0.0007175124139477962,3.4084547881872984,1.9881477715506746,0.48270518394453177,4.2445218062054035,5067.04548995197,5069.055759829212,5135.997966947876,4925.87690293119,000300.SH
2021-04-26,5077.24,0.23232956243045555,0,-0.011334936568363041,0.00907994120929656,-0.0018632054193781222,0.0030235847479131994,-0.19225401118927454,2.6171492092365245,-1.6336146436348842,0.7790805460114125,5068.899037233429,5069.835211274049,5133.693732949921,4927.383003399536,000300.SH
2021-04-27,5090.52,-0.21802028227005377,1,0.002615594299265167,-0.011334936568363041,0.00907994120929656,-0.0018632054193781222,0.1406547231462607,3.05447360536395,-0.9691965901088229,0.8646926417905876,5072.8301213728055,5071.80519115271,5132.0006453832575,4929.006257097054,000300.SH
2021-04-28,5119.24,0.06848020050089887,2,0.005641859770710855,0.002615594299265167,-0.011334936568363041,0.00907994120929656,0.4020601168131632,2.78298126943779,0.3036988561329501,0.4810853568295137,5081.268281123204,5076.32279199531,5131.500227917248,4930.899130160765,000300.SH
2021-04-29,5164.17,0.08057067735282919,3,0.008776693415428971,0.005641859770710855,0.002615594299265167,-0.011334936568363041,1.4723219969975831,4.3483795618078025,1.0163901717652468,2.2940123129095547,5096.341320918986,5084.689192757662,5132.781395449905,4933.220233343245,000300.SH
2021-04-30,5123.49,0.07127426941634041,4,-0.007877354928284785,0.008776693415428971,0.005641859770710855,0.002615594299265167,-0.23289098326340074,3.167625821053588,1.7506265713933766,0.2486900238319878,5101.277444388261,5088.3845077331225,5132.417027000889,4935.1134648522675,000300.SH
2021-05-06,5061.12,0.025972125375823163,3,-0.012173342780019025,-0.007877354928284785,0.008776693415428971,0.005641859770710855,-0.31749533210957415,-0.5091389457875239,2.291344550553287,-1.9459233255062491,5093.976090863122,5085.787887949016,5129.621065157717,4936.367261221897,000300.SH
2021-05-07,4996.05,-0.05760059905041248,4,-0.012856838012139549,-0.012173342780019025,-0.007877354928284785,0.008776693415428971,-1.8558025506235198,-1.7177581014169663,1.1419860556639794,-2.8070127656925403,5076.171347069827,5077.241422430063,5124.3829841711395,4936.961119319191,000300.SH
2021-05-10,4992.42,-0.07215633354166784,0,-0.000726573993454882,-0.012856838012139549,-0.012173342780019025,-0.007877354928284785,-2.4773208523140133,-2.085221054613484,0.23671704182000042,-2.181145591272282,5060.9438294207675,5069.163191722438,5119.207965184036,4937.512948977707,000300.SH
2021-05-11,5023.06,-0.041482071491573125,1,0.0061373041530961014,-0.000726573993454882,-0.012856838012139549,-0.012173342780019025,-2.732481695993738,-1.3003906280701916,1.4970791902153335,-1.7438641996318505,5054.055860435173,5064.772411558396,5115.437456745446,4938.36416341574,000300.SH
2021-05-12,5044.55,-0.15718951519944402,2,0.004278268625101056,0.0061373041530961014,-0.000726573993454882,-0.012856838012139549,-1.540746639497681,-1.770049362762749,1.5780740931661708,0.18290721182681047,5052.327522174232,5062.846467600453,5112.657556480918,4939.42073890414,000300.SH
2021-05-13,4992.97,0.041504876786564227,3,-0.010224896175080045,0.004278268625101056,0.0061373041530961014,-0.000726573993454882,-1.3465398963075303,-1.6597600271013313,-1.8488230830623897,0.9139507857106821,5041.535245415281,5056.1915659242195,5107.9639268149995,4939.953567372757,000300.SH
2021-05-14,5110.59,0.3405134693513703,4,0.023557121312565377,-0.010224896175080045,0.004278268625101056,0.0061373041530961014,2.292611162818625,0.39426227575964923,0.5354715474183536,3.460778518272578,5054.090655339775,5061.372369169531,5108.0669100771565,4941.6514423242725,000300.SH
2021-05-17,5184.99,0.052186243413992806,0,0.014558006022787895,0.023557121312565377,-0.010224896175080045,0.004278268625101056,3.857247587342405,1.284370336221774,1.6915943939090905,4.1030953915468515,5077.890536187088,5073.145476867671,5111.083501838837,4944.072721505126,000300.SH
2021-05-18,5187.6,-0.28994057385717753,1,0.0005033760913715213,0.014558006022787895,0.023557121312565377,-0.010224896175080045,3.275692506161576,0.45370311201993196,1.9327050797368628,4.82181140722211,5097.837711425799,5084.0459076421785,5114.084148825549,4946.495878505075,000300.SH
2021-05-19,5172.27,0.05270757558906469,2,-0.002955123756650413,0.0005033760913715213,0.014558006022787895,0.023557121312565377,2.5318412940698476,0.9520853949163577,0.7169770906152451,4.149869718777821,5111.370854802926,5092.448202152447,5116.365946910822,4948.742387176667,000300.SH
2021-05-20,5186.41,0.10509919027274406,3,0.0027338093332327507,-0.002955123756650413,0.0005033760913715213,0.014558006022787895,3.8742471915513166,2.4755390111279807,2.150183958213514,1.9537961321166364,5125.014335747848,5101.396944804595,5119.112772522162,4951.1072390455565,000300.SH
2021-05-21,5134.15,-0.03260630197302339,4,-0.010076334111649543,0.0027338093332327507,-0.002955123756650413,0.0005033760913715213,0.46100352405493705,2.7641837051270324,0.8570833627998597,0.9989436141772057,5126.675365611875,5104.516283394632,5119.702467717372,4952.928560050078,000300.SH
2021-05-24,5155.59,0.03902017667136226,0,0.004175959019506736,-0.010076334111649543,0.0027338093332327507,-0.002955123756650413,-0.5670213443034533,3.2683548259160977,0.7100663379720595,1.1149813483331217,5131.932571864261,5109.380446880858,5121.109821924534,4954.945091790873,000300.SH
2021-05-25,5318.48,0.45301340012228497,1,0.03159483201728608,0.004175959019506736,-0.010076334111649543,0.0027338093332327507,2.522939316832429,5.881275557130494,2.9880890830472184,4.5044053729043965,5165.850286070759,5129.294690035062,5128.849828907886,4958.562354559123,000300.SH
2021-05-26,5320.59,-0.1439116923304793,2,0.0003967298927514129,0.03159483201728608,0.004175959019506736,-0.010076334111649543,2.867599719272196,5.472044087183203,3.846987112300404,3.6051368429251607,5193.984779512439,5147.513290984103,5136.369051303655,4962.164619687888,000300.SH
2021-05-27,5338.23,-0.0997300434571583,3,0.0033154217859296953,0.0003967298927514129,0.03159483201728608,0.004175959019506736,2.927265680885238,6.914922380867483,5.475270295902868,5.140391236183439,5220.211183237449,5165.676787080855,5144.2851669388065,4965.906563770596,000300.SH
2021-05-28,5321.09,0.06033526613922424,4,-0.003210802082338038,0.0033154217859296953,0.0003967298927514129,0.03159483201728608,3.6411090443403626,4.118898209404387,6.505939692356955,4.529399746980656,5238.552786285186,5180.478045454107,5151.218689803952,4969.440727315168,000300.SH
2021-05-31,5331.57,-0.028003528146401835,0,0.0019695212822936625,-0.003210802082338038,0.0033154217859296953,0.0003967298927514129,3.4133823674884933,2.8270064165986764,6.7932986407393425,4.14768598463835,5255.465006960607,5194.867755410859,5158.291290203797,4973.044003660291,000300.SH
2021-06-01,5341.68,0.0012289283461108802,1,0.0018962519483005646,0.0019695212822936625,-0.003210802082338038,0.0033154217859296953,0.43621485838061247,2.9701596113809847,6.3431454133536125,3.4373384299897225,5271.140460240496,5208.849873943158,5165.483004313452,4976.712023524368,000300.SH
2021-06-02,5289.97,-0.07975762557626975,2,-0.009680475056536575,0.0018962519483005646,0.0019695212822936625,-0.003210802082338038,-0.5755000855168335,2.275596594918672,4.865052383265112,3.2493476126624676,5274.564012924042,5216.575600234286,5170.364847281552,4979.82901831517,000300.SH
2021-06-03,5255.29,-0.03622016463309097,3,-0.006555802773928865,-0.009680475056536575,0.0018962519483005646,0.0019695212822936625,-1.5536985105549905,1.3280862870463483,5.253786824274931,3.836502592311586,5271.059646937852,5220.262685926259,5173.695245427374,4982.569923605567,000300.SH
2021-06-04,5282.28,0.02409337189672267,4,0.005135777473745495,-0.006555802773928865,-0.009680475056536575,0.0018962519483005646,-0.7293618412768876,2.885190343094779,3.359494696307075,5.729126009547536,5273.09971113097,5226.169096790425,5177.953471096889,4985.552113420437,000300.SH
2021-06-07,5277.63,-0.040580680373849654,0,-0.0008803016879074255,0.005135777473745495,-0.006555802773928865,-0.009680475056536575,-1.0117094964522622,2.367139357474124,1.786695827764384,5.71286069681638,5273.923400016248,5231.070135191338,5181.862354583285,4988.458361048095,000300.SH
2021-06-08,5232.12,0.0840714751728977,1,-0.00862318881770796,-0.0008803016879074255,0.005135777473745495,-0.006555802773928865,-2.051040122208747,-1.6237722055925663,0.8582003238491787,4.162004833706923,5266.3227818314745,5231.170122315972,5183.833242638842,4990.882854968015,000300.SH
2021-06-09,5236.45,-0.16105253408556208,2,0.0008275804071771198,-0.00862318881770796,-0.0008803016879074255,0.005135777473745495,-1.0117259644194632,-1.581403566145867,1.240847828902969,3.8041054207015312,5260.891366953025,5231.672967809688,5185.8966448883,4993.326309147437,000300.SH
2021-06-10,5271.47,0.18182420142746003,3,0.00668773692100566,0.0008275804071771198,-0.00862318881770796,-0.0008803016879074255,0.30788025018599896,-1.2506017912304102,1.6400554526155853,5.577842446479742,5262.814754779747,5235.463161351622,5189.252462735818,4996.093908061393,000300.SH
2021-06-11,5224.7,0.21200278622626545,4,-0.008872287995568717,0.00668773692100566,0.0008275804071771198,-0.00862318881770796,-1.0900595954777104,-1.8114709580180022,1.7636804534343575,2.232814606532707,5255.884799365247,5234.438098365753,5190.642562236374,4998.368595543369,000300.SH
2021-06-15,5166.56,-0.09510222011777314,1,-0.01112791165042959,-0.008872287995568717,0.00668773692100566,0.0008275804071771198,-2.1045431377341717,-3.094960771405031,0.21277875083163256,-0.35544909440518024,5239.643926753384,5227.973517569015,5189.698148031027,5000.042141856371,000300.SH
2021-06-16,5080.49,-0.09778652385956876,2,-0.01665905360626807,-0.01112791165042959,-0.008872287995568717,0.00668773692100566,-2.8980604420387968,-4.8896601818154695,-4.474774747672261,-2.0647312822885455,5210.706849161859,5213.927468276727,5185.415475559223,5000.842618056805,000300.SH
2021-06-17,5101.89,-0.05484483941409801,3,0.004212192131074044,-0.01665905360626807,-0.01112791165042959,-0.008872287995568717,-2.5696798403498478,-3.5554076866220363,-4.110446397861889,-1.3607178279556154,5190.921967496066,5203.257233202753,5182.139966713763,5001.8480646433045,000300.SH
2021-06-18,5102.47,0.2652095958929548,4,0.00011368336048023231,0.004212192131074044,-0.01665905360626807,-0.01112791165042959,-3.20593686391083,-2.90792706016223,-4.416445151295456,-1.6184605536392116,5174.839791587689,5193.658449088205,5179.015654293616,5002.849277930436,000300.SH
2021-06-21,5090.39,-0.07056401636009935,0,-0.0023674808475110387,0.00011368336048023231,0.004212192131074044,-0.01665905360626807,-2.570673914291721,-3.632711632098251,-4.335577860926987,-0.8523319342052638,5159.485284026291,5183.823358698853,5175.540138438964,5003.720329891327,000300.SH
2021-06-22,5122.16,-0.05380178249067524,1,0.006241172090939884,-0.0023674808475110387,0.00011368336048023231,0.004212192131074044,-0.859372580595219,-2.9458298516569004,-3.9277361077506234,-0.6484223920055765,5152.698868748783,5177.95065787039,5173.4467996766525,5004.898834071514,000300.SH
2021-06-23,5147.39,0.1436936046203776,2,0.004925656363721664,0.006241172090939884,-0.0023674808475110387,0.00011368336048023231,1.31680211948062,-1.61942004388278,-3.6372452112444,-3.2168965569109864,5151.733619885368,5175.040119025591,5172.424964395215,5006.316656618066,000300.SH
2021-06-24,5155.97,-0.12865849176706345,3,0.001666864177767735,0.004925656363721664,0.006241172090939884,-0.0023674808475110387,1.059999333580297,-1.5369190959524048,-2.5330956508260005,-3.0940177687061032,5152.503870815301,5173.22391721363,5171.779671673835,5007.805744611916,000300.SH
2021-06-25,5239.97,0.17804510206443602,4,0.016291793784680708,0.001666864177767735,0.004925656363721664,0.006241172090939884,2.694773315668675,-0.5975562793679945,-0.291515786949903,-1.840685021065025,5168.406803394337,5179.580687002807,5174.45380219643,5010.11583670533,000300.SH
2021-06-28,5251.76,-0.08367022782793421,0,0.002250012881753083,0.016291793784680708,0.001666864177767735,0.004925656363721664,3.1700910932168203,0.5179244741325029,-0.5777808067728207,-1.3029285353188924,5183.561930049912,5186.454907288255,5177.48541779657,5012.5202562406,000300.SH
2021-06-29,5190.54,-0.06684173906766266,1,-0.011657044495559599,0.002250012881753083,0.016291793784680708,0.001666864177767735,1.3349836787605263,0.46413861447460736,-1.6501725206200524,-2.6451870649733533,5184.830670040837,5186.843963736992,5177.997362196705,5014.2915969745245,000300.SH
2021-06-30,5224.04,-0.10759501429102947,2,0.006454049097011083,-0.011657044495559599,0.002250012881753083,0.016291793784680708,1.489104186782031,2.8255148617554626,-0.1544307087757879,-2.2023033951865445,5191.95963912432,5190.386443381088,5179.8029558360495,5016.3786457608485,000300.SH
2021-07-01,5229.66,0.15330787257970213,3,0.0010757957442897315,0.006454049097011083,-0.011657044495559599,0.002250012881753083,1.4292170047537134,2.5043660290598124,-0.1296680002673578,-1.1400820798605715,5198.814250192626,5194.126782106699,5181.758134038558,5018.500848290591,000300.SH
2021-07-02,5081.12,0.057024709238642446,4,-0.028403376127702384,0.0010757957442897315,0.006454049097011083,-0.011657044495559599,-3.031505905568166,-0.4184248021056547,-3.610947231038031,-3.3141843742210297,5177.415295612148,5183.36423142987,5177.81154054685,5019.123924427004,000300.SH
2021-07-05,5085.79,-0.02154589412029284,0,0.0009190887048524665,-0.028403376127702384,0.0010757957442897315,0.006454049097011083,-3.160273889134313,-0.09036635699819495,-2.65871724692327,-3.719795239934265,5160.756150955393,5174.071447484169,5174.202852682268,5019.787268462556,000300.SH
2021-07-06,5083.1,0.08243225589285674,1,-0.000528924709828682,0.0009190887048524665,-0.028403376127702384,0.0010757957442897315,-2.069919507411555,-0.7625689162384486,-1.6153881886593835,-3.6859347851213475,5146.636850781685,5165.407500104725,5170.630191792767,5020.41724589079,000300.SH
2021-07-07,5140.49,-0.07192784257262863,2,0.011290354311345396,-0.000528924709828682,0.0009190887048524665,-0.028403376127702384,-1.5993369116622413,-0.1340485177925177,1.1809884479646593,-1.7512977531096374,5145.519241548651,5163.034404856656,5169.448223487168,5021.611999663021,000300.SH
2021-07-08,5088.26,0.18159420238207646,3,-0.010160509990292721,0.011290354311345396,-0.000528924709828682,0.0009190887048524665,-2.703808660601259,-1.3132349490008632,-0.2671558971283239,-2.8299706862473517,5135.108470357986,5155.913032965546,5166.264371585711,5022.275163845479,000300.SH
2021-07-09,5069.44,-0.11318564570758505,4,-0.0036987103646434205,-0.010160509990292721,0.011290354311345396,-0.000528924709828682,-0.22987057971471936,-3.2544079450836705,-0.6473335463020979,-3.8325173054195583,5123.168748474716,5147.677506016447,5162.467337405879,5022.744465697763,000300.SH
2021-07-12,5132.71,0.23907787083516818,0,0.012480668476202661,-0.0036987103646434205,-0.010160509990292721,0.011290354311345396,0.9225705347645219,-2.2668591100888147,0.8313704843833092,-1.7606752540815673,5124.903521479313,5146.252029252976,5161.300382997806,5023.8386501186815,000300.SH
2021-07-13,5142.1,-0.1735455474188602,1,0.001829442925861846,0.012480668476202661,-0.0036987103646434205,-0.010160509990292721,1.160709016151551,-0.9332362336096023,0.38928889374796327,-0.4734291288594372,5128.03015393762,5145.85659789555,5160.547426801814,5025.0153799682475,000300.SH
2021-07-14,5083.08,0.031106376361299315,2,-0.011477800898465729,0.001829442925861846,0.012480668476202661,-0.0036987103646434205,-1.1168196028005117,-2.6982948063184797,-1.2493710404690606,0.050979334670486764,5119.857398676234,5139.87787428645,5157.509488495861,5025.593137381499,000300.SH
2021-07-15,5151.46,-0.00022554265312713095,3,0.013452473697049827,-0.011477800898465729,0.001829442925861846,0.012480668476202661,1.242074893971612,-1.4953170951840011,-0.08747141662965863,0.9716007205172961,5125.603326189646,5140.980933878216,5157.272253652886,5026.845543974719,000300.SH
2021-07-16,5094.77,-0.026550987091850997,4,-0.011004647226223185,0.013452473697049827,-0.011477800898465729,0.001829442925861846,0.49966071203133566,0.2686415593412539,-2.7710082309631456,-0.15090730567743904,5119.9972668824375,5136.579892556481,5154.821184882185,5027.521409208801,000300.SH
2021-07-19,5113.49,-0.06142303521296788,0,0.003674356251606836,-0.011004647226223185,0.013452473697049827,-0.011477800898465729,-0.3744610546865146,0.5446548127232997,-2.6328316602434287,0.45379627101262976,5118.814127449266,5134.38085517015,5153.2003541024915,5028.376818072395,000300.SH
2021-07-20,5108.99,-0.1668401882895706,1,-0.0008800251882764565,0.003674356251606836,-0.011004647226223185,0.013452473697049827,-0.6439003519962738,0.509334854714627,-1.571127474212708,-0.25711809080544157,5117.02792245849,5131.962678487279,5151.466614725923,5029.178939285604,000300.SH
2021-07-21,5144.04,0.3764238265973858,2,0.006860455784802877,-0.0008800251882764565,0.003674356251606836,-0.011004647226223185,1.1992728817960874,0.06905956436060734,-1.5313818424054992,-0.06508152675434031,5121.939209284219,5133.112899583728,5151.17537493275,5030.321835412116,000300.SH
2021-07-22,5151.75,0.07160618221711657,3,0.0014988219376210754,0.006860455784802877,-0.0008800251882764565,0.003674356251606836,0.005629472033175098,1.24777428826357,-1.4897718016085193,-0.08184686877542591,5127.359353050724,5134.887861528135,5151.197909249113,5031.530075855778,000300.SH
2021-07-23,5089.23,0.041364452525007867,4,-0.012135682049788987,0.0014988219376210754,0.006860455784802877,-0.0008800251882764565,-0.10873896171958997,0.39037842444136217,0.15961047957930852,-2.8767340271032227,5120.426743405138,5130.539493763551,5148.767795160912,5032.104204454228,000300.SH
2021-07-26,4925.3,0.1369221385954671,0,-0.03221115964497567,-0.012135682049788987,0.0014988219376210754,0.006860455784802877,-3.6802653373723127,-4.040945231661242,-3.155655266930013,-6.216201806632449,5084.949153695113,5110.992875309879,5140.004352213426,5031.041476051699,000300.SH
2021-07-27,4751.31,0.05249372487724324,1,-0.035325766958357874,-0.03221115964497567,-0.012135682049788987,0.0014988219376210754,-7.000992368354597,-7.599813305847802,-6.527316007947903,-8.462125328000546,5024.28748938691,5076.737363375605,5124.761436440351,5028.2580782800405,000300.SH
2021-07-28,4760.48,-0.19464782736941422,2,0.0019299940437478291,-0.035325766958357874,-0.03221115964497567,-0.012135682049788987,-7.4563961399989225,-6.346545795069137,-7.392485930329606,-8.873592085818649,4976.322491316563,5046.61761448269,5110.4758899132785,5025.593619789693,000300.SH
2021-07-29,4850.27,-0.009602051111186838,3,0.018861543373777545,0.0019299940437478291,-0.035325766958357874,-0.03221115964497567,-5.851992041539278,-5.846692005761467,-4.677237405321266,-7.254582515880559,4953.403856531733,5027.917841674815,5100.2717373676605,5023.849106159945,000300.SH
2021-07-30,4811.17,0.012672895426371955,4,-0.008061406890750522,0.018861543373777545,0.0019299940437478291,-0.035325766958357874,-5.463694900800309,-5.5664926974132385,-5.094645562428979,-5.31280505085493,4927.543155344145,5007.275190086737,5088.934414333635,5021.732896148404,000300.SH
2021-08-02,4933.74,0.246387939448659,0,0.025476131585456363,-0.008061406890750522,0.018861543373777545,0.0019299940437478291,0.17136012019571822,-3.515211724282241,-3.8765096800715493,-2.9897026813926697,4928.6698543724815,5000.2718386499055,5082.848358869571,5020.857344942947,000300.SH
2021-08-03,4934.46,-0.10190480701338733,1,0.00014593391625838947,0.025476131585456363,-0.008061406890750522,0.018861543373777545,3.8547263807244603,-3.4161350873656016,-4.038038933509657,-2.924199799335059,4929.722608122939,4994.004044492772,5077.029207541353,5019.997669868888,000300.SH
2021-08-04,4978.85,-0.09633549552071041,2,0.008995918499693945,0.00014593391625838947,0.025476131585456363,-0.008061406890750522,4.587142473027939,-3.211289181266075,-2.0505284197769758,-3.1444473192244193,4938.654861191495,4992.560802160127,5073.179042539731,5019.588240317954,000300.SH
2021-08-05,4948.67,-0.06347841826075673,3,-0.006061640740331664,0.008995918499693945,0.00014593391625838947,0.025476131585456363,2.0287530384906383,-3.9419614694035987,-3.9365539089889046,-2.743373962808504,4940.475795520314,4988.380725763925,5068.296334989154,5018.8825861854375,000300.SH
2021-08-06,4921.56,-0.06770434178449913,4,-0.005478239607813795,-0.006061640740331664,0.008995918499693945,0.00014593391625838947,2.294452284995141,-3.2946044883017556,-3.3997609313079935,-2.917087488953396,4937.036559971166,4982.016847119741,5062.541968911149,5017.914202243294,000300.SH
2021-08-09,4985.56,0.0998550192913108,0,0.01300400685961356,-0.005478239607813795,-0.006061640740331664,0.008995918499693945,1.0503188250698292,1.2234787728666374,-2.5018138296936,-2.866906565927152,4945.859003612772,4982.3542902511945,5059.523068169536,5017.592269882665,000300.SH
2021-08-10,5043.15,0.002938881487678069,1,0.011551360328629023,0.01300400685961356,-0.005478239607813795,-0.006061640740331664,2.202672632871683,6.14230601665644,-1.2887087271652553,-1.9243110791311135,4963.548275683176,4988.144357846319,5058.880987064848,5017.846575654978,000300.SH
2021-08-11,5015.34,-0.08952089979496658,2,-0.005514410636209388,0.011551360328629023,0.01300400685961356,-0.005478239607813795,0.732900167709416,5.353661815615252,-2.501924557351809,-1.332656578295044,4972.9649528316895,4990.734419003812,5057.173497376031,5017.821634603684,000300.SH
2021-08-12,4973.35,-0.030954452405664967,3,-0.008372313741441206,-0.005514410636209388,0.011551360328629023,0.01300400685961356,0.49871985806289043,2.537590690827529,-3.462900955985826,-3.457466426993505,4973.034961407746,4989.078760051068,5053.886301400501,5017.379130776782,000300.SH
2021-08-13,4945.98,-0.025894348033175252,4,-0.005503332763630353,-0.008372313741441206,-0.005514410636209388,0.011551360328629023,0.49618413673711004,2.802021129995391,-2.814767656403816,-2.920445868999011,4968.115877515428,4984.97411623668,5049.654681737737,5016.668691664576,000300.SH
2021-08-16,4941.07,-0.03326329494088498,0,-0.000992725405278616,-0.005503332763630353,-0.008372313741441206,-0.005514410636209388,-0.8923771853111884,0.14856883419069877,0.3201835421192456,-3.371865399169649,4963.198445239896,4980.792771833187,5045.3964589244915,5015.916465876869,000300.SH
2021-08-17,4837.4,0.14005603531564348,1,-0.020981285430078933,-0.000992725405278616,-0.005503332763630353,-0.008372313741441206,-4.079791400216138,-1.9669832159952771,1.8119213437977955,-5.315923499556662,4940.3260006508235,4967.136317372883,5037.2397350451,5014.140182634313,000300.SH
2021-08-18,4894.24,0.018882495476399086,2,0.011750113697440723,-0.020981285430078933,-0.000992725405278616,-0.005503332763630353,-2.4145920316469116,-1.6993884129869463,2.8098006923671592,-4.8561053179990825,4931.946727805219,4960.193810956419,5031.631902298233,5012.947145991185,000300.SH
2021-08-19,4862.14,0.00412539742764495,3,-0.006558730262512524,0.011750113697440723,-0.020981285430078933,-0.000992725405278616,-2.2361185116671844,-1.748550620671807,0.2447286439724028,-5.621584898335508,4919.254595476998,4950.855352770093,5024.985161031636,5011.446577374358,000300.SH
2021-08-20,4769.27,0.018904373321082524,4,-0.019100642926777045,-0.006558730262512524,0.011750113697440723,-0.020981285430078933,-3.5728005370017524,-3.094344069766497,-0.8708900329857272,-6.287002159462219,4891.984669026634,4933.561509649132,5014.957115500984,5009.036860186554,000300.SH
2021-08-23,4835.88,-0.03787964697018831,0,0.01396649801751626,-0.019100642926777045,-0.006558730262512524,0.011750113697440723,-2.1288911106298714,-3.0022705573696906,-1.9834851451434377,-1.8155239274765034,4881.783820112701,4924.258508730168,5007.934483520554,5007.313906353852,000300.SH
2021-08-24,4888.39,0.07156663825198994,1,0.01085841666873466,0.01396649801751626,-0.019100642926777045,-0.006558730262512524,1.0540786372845057,-3.0687169725270746,-0.9336381285895423,2.8850990568916712,4882.984943728573,4920.842460279676,5003.246464558963,5006.13058390257,000300.SH
2021-08-25,4898.16,-0.10925810520482304,2,0.0019986130402851465,0.01085841666873466,0.01396649801751626,-0.019100642926777045,0.08009415149237142,-2.336431827154295,-1.620655372224522,2.8921453298827116,4885.744044868832,4918.682225967325,4999.1254267331215,5005.056249734385,000300.SH
2021-08-26,4801.61,-0.0077459702120268314,3,-0.019711483495843396,0.0019986130402851465,0.01085841666873466,0.01396649801751626,-1.2449250741443207,-3.453205585772179,-2.9717075497052825,-1.0032431184243462,4870.446945801772,4907.532490160914,4991.37972372398,5003.031908941009,000300.SH
2021-08-27,4827.04,-0.001534766522853337,4,0.005296140252956771,-0.019711483495843396,0.0019986130402851465,0.01085841666873466,1.2112964877224242,-2.4047812566973525,-1.920529263079196,0.3298573943552263,4862.554773837814,4899.866538717017,4984.93502867598,5001.280745667964,000300.SH
2021-08-30,4813.27,0.2952072193632831,0,-0.0028526799032118078,0.005296140252956771,-0.019711483495843396,0.0019986130402851465,-0.467546754675463,-2.5864843040070085,-3.455780293487587,-2.441758179393305,4853.593905867302,4891.619249315396,4978.203066767118,4999.409991979725,000300.SH
2021-08-31,4805.61,-0.03431901789604119,1,-0.0015914336822993036,-0.0028526799032118078,0.005296140252956771,-0.019711483495843396,-1.6934000765078228,-0.6571712076735459,-4.710151393474316,-2.6112279763135238,4844.869559345974,4883.427892237739,4971.434711207623,4997.481633850574,000300.SH
2021-09-01,4869.46,0.23440272487978375,2,0.013286554672559792,-0.0015914336822993036,-0.0028526799032118078,0.005296140252956771,-0.5859343100266146,-0.5063094576481686,-2.9086761814752338,-2.197093706377984,4849.340548555797,4882.097616786526,4967.435702924971,4996.207786747584,000300.SH
2021-09-02,4869.41,-0.18084045077548727,3,-1.026807900672555e-05,0.013286554672559792,-0.0015914336822993036,-0.0028526799032118078,1.4120263828174329,0.14952263817988865,-2.089939376878769,-1.6016424615098668,4852.9895397274695,4880.889272330666,4963.591557712227,4994.946117227707,000300.SH
2021-09-03,4843.06,0.0010215383218086238,4,-0.005411333200531332,-1.026807900672555e-05,0.013286554672559792,-0.0015914336822993036,0.3318804070403525,1.5471969504766925,-2.080881847480154,-1.5950227163744835,4851.18416886793,4877.28648448965,4958.864829958807,4993.4348125786755,000300.SH
2021-09-06,4933.73,-0.029315945548284872,0,0.018721634668990017,-0.005411333200531332,-1.026807900672555e-05,0.013286554672559792,2.502664508743524,2.023416627377017,-0.14855081996409947,-1.0396023716493397,4866.192501801033,4882.662057395398,4957.879150352579,4992.840734841574,000300.SH
2021-09-07,4992.83,-0.07729686267410807,1,0.011978766572147359,0.018721634668990017,-0.005411333200531332,-1.026807900672555e-05,3.8958633763455763,2.1364907464420657,3.213089676272385,-0.9977890802375433,4889.217501473572,4893.1542424053605,4959.24977190738,4992.84062802723,000300.SH
2021-09-08,4972.13,0.025927444786193243,2,-0.004145945285539465,0.011978766572147359,0.018721634668990017,-0.005411333200531332,2.1084473432372297,1.5101589168177387,1.5914626172807367,-0.8615567439096861,4904.29250120565,4900.67574312866,4959.754878891405,4992.634552126462,000300.SH
2021-09-09,4970.01,-0.0627996970912228,3,-0.00042637662329825243,-0.004145945285539465,0.011978766572147359,0.018721634668990017,2.0659587095767318,3.5071569744315134,2.2185704237228876,-0.06715795188354523,4916.241137350077,4907.279005687836,4960.157040503506,4992.409432204806,000300.SH
2021-09-10,5013.52,0.17697570893573378,4,0.008754509548270617,-0.00042637662329825243,-0.004145945285539465,0.011978766572147359,3.5196755770112276,3.863237097683059,5.121328840682127,1.3655534393588464,4933.928203286427,4917.397195622328,4962.2497055818,4992.619487605753,000300.SH
2021-09-13,4991.66,-0.08340952909275623,0,-0.00436020999218123,0.008754509548270617,-0.00042637662329825243,-0.004145945285539465,1.1741623477571794,3.706212200853054,3.2213371713111005,1.0238672999977716,4944.424893597985,4924.469843658297,4963.403050460945,4992.609940465398,000300.SH
2021-09-14,4917.16,-0.03711677874416297,1,-0.014924894724400284,-0.00436020999218123,0.008754509548270617,-0.00042637662329825243,-1.5155733321583154,2.3212453777980313,0.5885373302866537,1.6488196138421563,4939.467640216533,4923.773668071793,4961.589597501693,4991.8591947891255,000300.SH
2021-09-15,4867.32,-0.12939417513172025,2,-0.010135932123420899,-0.014924894724400284,-0.00436020999218123,0.008754509548270617,-2.10794971169298,-0.04394737814871208,-0.6296241854084061,-0.5500343260649299,4926.34988744989,4918.397128255431,4957.892750540843,4990.619998821075,000300.SH
2021-09-16,4807.7,0.08330369175622798,3,-0.012249040539763167,-0.010135932123420899,-0.014924894724400284,-0.00436020999218123,-3.265788197609265,-1.2672993237373698,0.1268324582796243,-1.119671584939974,4904.777180640819,4907.854544612057,4952.002838754928,4988.799899330317,000300.SH
2021-09-17,4855.94,-0.08416365055592101,4,0.010033903945753542,-0.012249040539763167,-0.010135932123420899,-0.014924894724400284,-3.1431010547479765,0.26594756207849457,0.5987105969703865,1.8172592451255465,4895.897693251579,4902.910302268051,4948.2356686076755,4987.477910282255,000300.SH
2021-09-22,4821.77,-0.13441946948454842,2,-0.007036742628615533,0.010033903945753542,-0.012249040539763167,-0.010135932123420899,-3.4034769996353798,-2.2692769973225,0.17659512140395517,-0.29177729803054886,4882.4199308422,4895.182654432999,4943.276230623062,4985.829075354073,000300.SH
2021-09-23,4853.2,0.1608829907352387,3,0.006518353218838646,-0.007036742628615533,0.010033903945753542,-0.012249040539763167,-1.3007508399157208,-2.7966103392264574,0.9903009191341017,-0.7198689138959935,4877.107216143618,4891.18430639176,4939.743829422157,4984.509383061993,000300.SH
2021-09-24,4849.43,-0.0008048524314787642,4,-0.0007768070551388284,0.006518353218838646,-0.007036742628615533,0.010033903945753542,-0.3675533969412226,-2.46775526786307,-0.41133924500867947,-0.9948633772681847,4872.074995026596,4887.207705783021,4936.202110621289,4983.165309598689,000300.SH
2021-09-27,4877.37,0.1775146542298185,0,0.005761501867229679,-0.0007768070551388284,0.006518353218838646,-0.007036742628615533,1.4491336813861055,-1.8639801529574451,0.16346949630448027,1.577804111537584,4873.037723203578,4886.270781422734,4933.894969028297,4982.112619950942,000300.SH
2021-09-28,4883.83,-0.24598689133430174,1,0.0013244843019906138,0.005761501867229679,-0.0007768070551388284,0.006518353218838646,0.5743481179750987,-2.5868052785268714,0.841823144871201,1.1764973979913051,4874.999955348381,4886.038326049141,4931.93163690954,4981.134683434017,000300.SH
2021-09-29,4833.93,0.03289914386925319,2,-0.01021739085922313,0.0013244843019906138,0.005761501867229679,-0.0007768070551388284,0.2521895486512271,-3.159870664267994,-2.0228103280884757,0.42923002449477554,4867.532690739585,4881.075628330175,4928.088435462108,4979.669960215768,000300.SH
2021-09-30,4866.38,-0.1464164080368786,3,0.006712964399567145,-0.01021739085922313,0.0013244843019906138,0.005761501867229679,0.2715733948734922,-1.032709938257037,-2.532631793992579,1.264563707833144,4867.323110605114,4879.6760446796825,4925.668496816535,4978.542696930039,000300.SH
2021-10-08,4929.94,0.2131691093976238,4,0.013061043321729748,0.006712964399567145,-0.01021739085922313,0.0013244843019906138,1.6601951157146244,1.2865396152297315,-0.8485297045732976,1.2420268366512888,4878.707999586002,4884.4630880435225,4925.836006745298,4978.059088005362,000300.SH
2021-10-11,4936.19,-0.0827897346213946,0,0.0012677639078770842,0.013061043321729748,0.006712964399567145,-0.01021739085922313,1.2059778118125086,2.672587723859632,-0.6804815282061893,1.3714187139715062,4889.159272388547,4889.389460610806,4926.242045696463,4977.6424801645135,000300.SH
2021-10-12,4883.84,-0.050008769416134635,1,-0.01060534541822733,0.0012677639078770842,0.013061043321729748,0.006712964399567145,0.00020475733184532885,0.5745540513268477,-2.5866058178684925,0.8420296258976778,4888.192131954265,4888.860940552634,4924.579220375033,4976.709122152927,000300.SH
2021-10-13,4940.11,-0.06472278263109232,2,0.011521671471628858,-0.01060534541822733,0.0012677639078770842,0.013061043321729748,2.1965564251033687,2.4542854594889363,-1.032722581265555,0.1293139267856125,4897.631744326217,4893.741803357145,4925.188270556405,4976.344951783247,000300.SH
2021-10-14,4913.61,-0.11031454374760985,3,-0.005364253022705934,0.011521671471628858,-0.01060534541822733,0.0012677639078770842,0.970536620650253,1.244745734772934,-0.07219614574266453,-1.5866752923692662,4900.536881721449,4895.634012561227,4924.734220730664,4975.720723407295,000300.SH
2021-10-15,4932.11,0.2070097302578786,4,0.0037650525784505007,-0.005364253022705934,0.011521671471628858,-0.01060534541822733,0.04401676288150469,1.7049426427435677,1.3311226712030333,-0.804886436999841,4906.277448681186,4899.107916126824,4925.0234669765205,4975.286785860953,000300.SH
2021-10-18,4874.78,0.006021877075896631,0,-0.011623828341217002,0.0037650525784505007,-0.005364253022705934,0.011521671471628858,-1.2440769095192872,-0.05310238919745691,1.3952617675811796,-1.9160927241595127,4900.55063983006,4896.790971733793,4923.053134938225,4974.286718339949,000300.SH
2021-10-19,4922.72,-0.0648219617250565,1,0.009834289957700859,-0.011623828341217002,0.0037650525784505007,-0.005364253022705934,0.7960948761630116,0.7963012635574973,1.3752229228532586,-1.8111027780880584,4904.581432588231,4899.260402997242,4923.040070823001,4973.773616664926,000300.SH
2021-10-20,4910.18,-0.011241401706665988,2,-0.0025473721844834207,0.009834289957700859,-0.011623828341217002,0.0037650525784505007,-0.605856954602213,1.577391480637913,1.8335590457446038,-1.6323227142874264,4905.599353935825,4900.3003646165525,4922.535754320139,4973.140844359803,000300.SH
2021-10-21,4928.02,-0.017675818138005894,3,0.003633268026834058,-0.0025473721844834207,0.009834289957700859,-0.011623828341217002,0.29326706840797634,1.266649953353416,1.5416632325063961,0.22085919514518437,4909.6758350384025,4902.940329891167,4922.750822778173,4972.691880734333,000300.SH
2021-10-22,4959.73,0.05258185719688013,4,0.006434632976326959,0.003633268026834058,-0.0025473721844834207,0.009834289957700859,0.5600037306548344,0.6042669890505836,2.274494115803294,1.8985807384761966,4918.776592304147,4908.3488699015315,4924.200986590794,4972.562906796677,000300.SH
2021-10-25,4979.52,0.035109864695775705,0,0.003990136559853141,0.006434632976326959,0.003633268026834058,-0.0025473721844834207,2.148609783415889,0.8778025157054392,2.09436643108889,3.5738502818395634,4929.820848248848,4915.127072768052,4926.370359665665,4972.632131604671,000300.SH
2021-10-26,4963.1,0.00794233344888351,1,-0.003297506586980248,0.003990136559853141,0.006434632976326959,0.003633268026834058,0.8202782201709669,1.6229032892150386,1.6231113695603705,2.206781797139179,4935.871603112693,4919.695922980619,4927.810737717992,4972.537284524027,000300.SH
2021-10-27,4898.16,-0.007706647185327209,2,-0.013084564082932126,-0.003297506586980248,0.003990136559853141,0.006434632976326959,-0.2447975430636018,-0.8491713747264651,1.3287325219851986,1.5842729951863976,4929.014948001294,4917.644882696751,4926.647963689836,4971.797212041201,000300.SH
2021-10-28,4864.14,0.057340589894886884,3,-0.006945465235925208,-0.013084564082932126,-0.003297506586980248,0.003990136559853141,-1.296260972966834,-1.0067954111132038,-0.04603010862282986,0.22541828072200065,4917.2195029101495,4912.549179582775,4924.196670996117,4970.725996000991,000300.SH
2021-10-29,4908.77,0.1645453640761374,4,0.009175311565867705,-0.006945465235925208,-0.013084564082932126,-0.003297506586980248,-1.02747528595305,-0.4732254552311077,-0.4294169908761414,1.223648964929902,4915.683229653759,4912.189257717749,4923.591703506074,4970.1095184288415,000300.SH
2021-11-01,4890.69,0.029828656851823565,0,-0.003683203735355467,0.009175311565867705,-0.006945465235925208,-0.013084564082932126,-1.783906882591113,0.32637370301837887,-0.9217635463788842,0.27309800158692443,4911.139006080348,4910.141709363677,4922.301440623482,4969.319274464376,000300.SH
2021-11-02,4839.85,0.015803591581477594,1,-0.01039526120036216,-0.003683203735355467,0.009175311565867705,-0.006945465235925208,-2.48332695291249,-1.6834189228719043,-0.9007256584982248,-0.9005227454682019,4898.177368611194,4903.447260852851,4919.06805079511,4968.0310229771685,000300.SH
2021-11-03,4821.11,-0.21637293759592802,2,-0.0038720208270919265,-0.01039526120036216,-0.003683203735355467,0.009175311565867705,-1.5730396720401219,-1.8139864526351523,-2.4088532441585264,-0.2652086397610387,4884.165119772795,4895.605616962104,4915.226558607067,4966.569122251029,000300.SH
2021-11-04,4868.74,0.021233073986781426,3,0.009879467591488389,-0.0038720208270919265,-0.01039526120036216,-0.003683203735355467,0.0945696464328627,-1.2029171959529572,-0.913177887540928,0.04849600729905923,4881.360552541378,4893.046986775237,4913.403556308751,4965.595698149029,000300.SH
2021-11-05,4842.35,0.010958570927557254,4,-0.005420293546174015,0.009879467591488389,-0.0038720208270919265,-0.01039526120036216,-1.3530884518932473,-2.366661088406008,-1.8199107481382093,-1.776695051055377,4874.267724806581,4888.218702320453,4910.617142335858,4964.369372794312,000300.SH
2021-11-08,4848.18,-0.05183765327128931,0,0.0012039608867595586,-0.005420293546174015,0.009879467591488389,-0.0038720208270919265,-0.8692025051679653,-2.637603624445728,-0.5456656505524293,-1.7829540597100069,4869.524502114476,4884.405492575648,4908.168626950139,4963.21325963218,000300.SH
2021-11-09,4846.74,-0.11574675672509815,1,-0.0002970186750492765,0.0012039608867595586,-0.005420293546174015,0.009879467591488389,0.14235978387757697,-2.3445024279180493,-1.5434556505346753,-0.7596481457214033,4865.381865366388,4880.818302806539,4905.759661187389,4962.054321725393,000300.SH
2021-11-10,4821.19,0.1506388024051053,2,-0.0052715846115121145,-0.0002970186750492765,0.0012039608867595586,-0.005420293546174015,0.0016593689005306445,-1.5714064056707056,-1.8123571844616881,-2.4072338470196075,4857.346980754317,4875.1394168249635,4902.443203885923,4960.652686683349,000300.SH
2021-11-11,4898.65,0.07495428553415984,3,0.016066572775601085,-0.0052715846115121145,-0.0002970186750492765,0.0012039608867595586,0.6143273208263356,0.7094779344344326,-0.5959797241082754,-0.3044604679655061,4864.856620617168,4877.3785199844915,4902.2944507923585,4960.035744527296,000300.SH
2021-11-12,4888.37,-0.16022074710444634,4,-0.0020985373521276163,0.016066572775601085,-0.0052715846115121145,-0.0002970186750492765,0.9503650087250959,-0.4155827223520481,-1.4387879985402363,-0.8868415343534441,4869.131780504956,4878.425327605016,4901.748393898541,4959.3226525419495,000300.SH
2021-11-15,4882.38,0.004505594277582459,0,-0.0012253573276981289,-0.0020985373521276163,0.016066572775601085,-0.0052715846115121145,0.7054193532418207,-0.16991467461645593,-1.9507904376325547,0.15590447158642107,4871.540547685872,4878.801963071204,4900.988849039774,4958.557054009194,000300.SH
2021-11-16,4883.32,0.04064810057958357,1,0.00019252905345346072,-0.0012253573276981289,-0.0020985373521276163,0.016066572775601085,0.7547341099378047,0.8981683316631628,-1.6074630775120502,-0.8003705268632033,4873.682266288441,4879.232252302519,4900.2959529989985,4957.808426606118,000300.SH
2021-11-17,4885.75,-0.1334649491213472,2,0.00049761228017009,0.00019252905345346072,-0.0012253573276981289,-0.0020985373521276163,1.3390884823041738,1.3407700716225213,-0.253360445555062,-0.49753776847285547,4875.876399690542,4879.85299017847,4899.725523469626,4957.091427336405,000300.SH
2021-11-18,4837.62,-0.006877992957288859,3,-0.009851097579696044,0.00049761228017009,0.00019252905345346072,-0.0012253573276981289,-1.2458534494197315,-0.6391797467106497,-0.5452145703043199,-1.8344081395773704,4868.9206906558975,4875.830800637663,4897.290012745327,4955.902656915148,000300.SH
2021-11-19,4890.06,0.08915064668052253,4,0.01084004117727333,-0.009851097579696044,0.00049761228017009,0.00019252905345346072,0.03457185114876804,0.9852654186500276,-0.3811545458434651,-1.4047135630366858,4872.764201445734,4877.185962481695,4897.006482833745,4955.247506100072,000300.SH
2021-11-22,4912.4,0.1872765609581588,0,0.0045684511028492025,0.01084004117727333,-0.009851097579696044,0.00049761228017009,0.6148640621991719,1.3246207855318826,0.44390464331209856,-1.347921084763204,4879.970710273782,4880.539680340582,4897.610150173599,4954.821162755794,000300.SH
2021-11-23,4913.35,-0.04784664538196415,1,0.00019338816057334896,0.0045684511028492025,0.01084004117727333,-0.009851097579696044,0.6149504845064602,1.3743258355100707,1.5186421066768707,-1.0023976949890212,4886.039672042185,4883.664472689098,4898.227399186399,4954.408514370164,000300.SH
2021-11-24,4916.66,-0.037587964872352386,2,0.0006736747840068169,0.00019338816057334896,0.0045684511028492025,0.01084004117727333,0.6326561940336761,1.9802165025647245,1.9819087305620542,0.37769284792656954,4891.607004398151,4886.806903861565,4898.950246277129,4954.032907262003,000300.SH
2021-11-25,4896.44,-0.11824467409075667,3,-0.00411254794921756,0.0006736747840068169,0.00019338816057334896,0.0045684511028492025,1.2158871511197544,-0.04511447031324556,0.568935699996298,0.6640433869090856,4892.485730871214,4887.724341589035,4898.851805246653,4953.4598435081525,000300.SH
2021-11-26,4860.13,-0.04857937720264849,4,-0.007415591736036675,-0.00411254794921756,0.0006736747840068169,0.00019338816057334896,-0.6120579297595574,-0.5776976783672172,0.3671770937664576,-0.9908795889805422,4886.602870712812,4885.096309056746,4897.333303080118,4952.5311883488675,000300.SH
2021-11-29,4851.42,0.17673487152432577,0,-0.001792133132241358,-0.007415591736036675,-0.00411254794921756,0.0006736747840068169,-1.2413484243953943,-0.634116967544518,0.0668292018860539,-0.802954184378879,4880.205985128664,4881.889041527532,4895.5327813907015,4951.525106872759,000300.SH
2021-11-30,4832.03,-0.023521337174796098,1,-0.003996767956598313,-0.001792133132241358,-0.007415591736036675,-0.00411254794921756,-1.6550825811310177,-1.0503100349762096,-0.30350297313245234,-0.16157525543147866,4871.44671510527,4877.1405613820525,4893.042476238125,4950.336100834224,000300.SH
2021-12-01,4843.85,-0.08342989820216917,2,0.0024461768656238725,-0.003996767956598313,-0.001792133132241358,-0.007415591736036675,-1.4808833639096353,-0.8575960702041585,0.47000844189921676,0.4716756099736541,4866.429130540676,4873.970031726619,4891.113359522905,4949.276537641845,000300.SH
2021-12-02,4856.16,0.08627149289341429,3,0.002541366887909291,0.0024461768656238725,-0.003996767956598313,-0.001792133132241358,-0.8226384883711413,0.3832463070683412,-0.8673818296877633,-0.2583830724170899,4864.562015896916,4872.273838228845,4889.742639541614,4948.3500049289905,000300.SH
2021-12-03,4901.02,0.07912545625952427,4,0.0092377516391553,0.002541366887909291,0.0024461768656238725,-0.003996767956598313,0.8413355198317873,0.2241281293072106,0.25877746569922255,1.2116018049087796,4871.190740279295,4875.011567921337,4890.184888971355,4947.8790596063145,000300.SH
2021-12-06,4892.62,0.11115744000970484,0,-0.0017139289372417599,0.0092377516391553,0.002541366887909291,0.0024461768656238725,0.8492358938207767,-0.4026545069619636,0.20973377737905086,0.9166326332768149,4875.086969319423,4876.688561452638,4890.280383521498,4947.329218217197,000300.SH
2021-12-07,4922.1,0.021631238017792098,1,0.006025401523110485,-0.0017139289372417599,0.0092377516391553,0.002541366887909291,1.8640198839825262,0.17808623444288685,0.7941318611109027,1.5548595550823885,4883.634793079527,4881.013460361911,4891.5282116186945,4947.078181220011,000300.SH
2021-12-08,4995.93,-0.03391760799796206,2,0.014999695252026601,0.006025401523110485,-0.0017139289372417599,0.0092377516391553,3.1396513104245516,1.61227337257408,2.255129713964088,3.624416378528972,4904.052103428704,4891.957892708395,4895.622399398353,4947.564268969066,000300.SH
2021-12-09,5078.69,0.2936081926470233,3,0.016565484304223554,0.014999695252026601,0.006025401523110485,-0.0017139289372417599,4.582427267635336,3.722091968858998,4.983235557980992,3.6752982964694425,4935.804448259848,4909.741902926643,4902.801520990575,4948.869002611164,000300.SH
2021-12-10,5055.12,-0.16153724611032638,4,-0.00464096056266472,0.016565484304223554,0.014999695252026601,0.006025401523110485,3.144243443201611,4.012032599951021,3.375418706518918,3.411157502398554,4957.4981849398755,4923.587435981248,4908.77479467722,4949.92622646578,000300.SH
2021-12-13,5083.8,0.1946076465878137,0,0.005673455823007156,-0.00464096056266472,0.016565484304223554,0.014999695252026601,3.9075178534200505,4.7899377914095265,3.4891295497109454,4.125447015594852,4980.462151314443,4938.845775411605,4915.63852821929,4951.25830381438,000300.SH
2021-12-14,5049.7,-0.2525725090919053,1,-0.006707580943388858,0.005673455823007156,-0.00464096056266472,0.016565484304223554,2.592389427276953,4.504731965654196,2.775092350432984,3.4071082787939355,4993.0508510754535,4949.4033206105005,4920.895840838141,4952.237823179412,000300.SH
2021-12-15,5005.9,-0.08664644778046715,2,-0.008673782600946645,-0.006707580943388858,0.005673455823007156,-0.00464096056266472,0.1995624438292598,3.345479319136624,1.8150533085468545,2.459192549762057,4995.387059970825,4954.783956742834,4924.229337275861,4952.771775187578,000300.SH
2021-12-16,5034.73,0.0013817859924074583,3,0.005759204139115903,-0.008673782600946645,-0.006707580943388858,0.005673455823007156,-0.865577540665019,3.6771852657243587,2.8242968360686627,4.074524249527656,5002.540321794311,4962.397865624469,4928.5626965983765,4953.58727991208,000300.SH
2021-12-17,4954.76,0.02219245254057478,4,-0.015883672014189276,0.005759204139115903,-0.008673782600946645,-0.006707580943388858,-1.9853138995711173,1.0965064415162429,1.947067259517743,1.3230921501985682,4993.852990558981,4961.67044985071,4929.590041829812,4953.598948768677,000300.SH
2021-12-20,4880.42,0.06576287952228221,0,-0.015003753965883382,-0.015883672014189276,0.005759204139115903,-0.008673782600946645,-4.000550769109723,-0.2493551512277592,0.5977631291457008,-0.6510056184349744,4973.228810457348,4953.9323117696895,4927.66180489531,4952.87080002471,000300.SH
2021-12-21,4913.49,-0.18427381609672344,1,0.00677605615910104,-0.015003753965883382,-0.015883672014189276,0.005759204139115903,-2.6973879636414066,-0.1749253367465231,1.6858339041769144,0.0028493797510797947,4962.367208556012,4950.080663029719,4927.106047840592,4952.4789512682455,000300.SH
2021-12-22,4914.45,-0.055519085203108,2,0.0001953804729428743,0.00677605615910104,-0.015003753965883382,-0.015883672014189276,-1.8268443236980292,-1.6309275750460928,1.4575182963964428,-0.04494921349046388,4953.654988818555,4946.687266550699,4926.609732239,4952.100553743188,000300.SH
2021-12-23,4948.74,0.07650883973733902,3,0.0069773830235326795,0.0001953804729428743,0.00677605615910104,-0.015003753965883382,-1.7079366718771416,-2.558730696301603,1.9064445982010403,1.0681229628056288,4952.761354487908,4946.882764974443,4927.477585876686,4952.067115397485,000300.SH
2021-12-24,4921.34,0.10299181621368425,4,-0.0055367628931808355,0.0069773830235326795,0.0001953804729428743,0.00677605615910104,-0.6745029022596438,-2.6464258019591957,0.41460757148510385,1.2594313320837047,4947.048380944651,4944.450120691163,4927.2368962344635,4951.76137295572,000300.SH
2021-12-27,4919.32,-0.12414512403210554,0,-0.00041045731447131306,-0.0055367628931808355,0.0069773830235326795,0.0001953804729428743,0.7970625478954663,-3.2353751131043773,0.5457198801460228,1.399590223068703,4942.006857136533,4942.056775863432,4926.926429715465,4951.438573224817,000300.SH
2021-12-28,4955.96,0.08605875454015233,1,0.007448183895335303,-0.00041045731447131306,-0.0055367628931808355,0.0069773830235326795,0.8643550714461767,-1.8563479018555484,0.6879177586802232,2.5647605664699924,4944.543792202618,4943.380892447867,4928.065001099172,4951.483562545965,000300.SH
2021-12-29,4883.48,-0.011187379063149816,2,-0.01462481537381266,0.007448183895335303,-0.00041045731447131306,-0.0055367628931808355,-0.6301824212271989,-2.445514293134099,-2.2508321773924145,0.8181508510791913,4933.441284529414,4937.67604554807,4926.3165696835185,4950.806910182323,000300.SH
2021-12-30,4921.51,-0.019042843992545744,3,0.007787479420413357,-0.01462481537381266,0.007448183895335303,-0.00041045731447131306,-0.5502410714646522,-2.2487799742985093,-3.0948925805670213,1.345713485552369,4931.27196006952,4936.13642216254,4926.128076754754,4950.51539863822,000300.SH
2021-12-31,4940.37,-0.003906724540419071,4,0.003832157203784936,0.007787479420413357,-0.01462481537381266,0.007448183895335303,0.386683301702373,-0.2904277906498054,-2.269975786924938,0.8028940914340144,4932.926149147789,4936.539620051823,4926.686583548685,4950.414449398039,000300.SH
2022-01-04,4917.77,0.26047932732676227,1,-0.004574556156724974,0.003832157203784936,0.007787479420413357,-0.01462481537381266,-0.03150841986289121,0.7653029862183969,-3.265864117392492,0.5140395125720065,4930.170485666373,4934.752037189744,4926.336913605599,4950.089629006019,000300.SH
2022-01-05,4868.12,0.0815042724741124,2,-0.010096039465042228,-0.004574556156724974,0.003832157203784936,0.007787479420413357,-1.7724113996077429,-0.9233762559809788,-3.595857179634432,-1.0966863737022936,4918.888579181577,4928.406128885958,4924.053897385772,4949.274010806955,000300.SH
2022-01-06,4818.23,-0.11593648625519937,3,-0.010248309408971035,-0.010096039465042228,-0.004574556156724974,0.003832157203784936,-1.3361373446804325,-1.9578996632380052,-3.7489762080744726,-3.556895312784625,4900.587019330382,4917.913164230154,4919.903940625545,4947.970090301413,000300.SH
2022-01-07,4822.37,0.03253727240720505,4,0.000859236690652132,-0.010248309408971035,-0.010096039465042228,-0.004574556156724974,-2.0144224028804225,-2.5535792949316405,-4.217902449585176,-5.0469707739594245,4886.365743088494,4908.813815255853,4916.079080208858,4946.720338159111,000300.SH
2022-01-10,4844.05,-0.08182895647584221,0,0.004495714762658309,0.000859236690652132,-0.010248309408971035,-0.010096039465042228,-1.949651544317521,-1.5705072195784098,-2.234417005061795,-4.175370713257054,4878.671971617859,4902.645832850533,4913.254410396746,4945.698742754543,000300.SH
2022-01-11,4797.77,-0.0609377019243309,1,-0.009553988914234979,0.004495714762658309,0.000859236690652132,-0.010248309408971035,-2.4401303843001987,-2.4708699576364013,-1.6935017887804715,-5.626303159054247,4863.962522232793,4892.657658293339,4908.725609989031,4944.226814965941,000300.SH
2022-01-12,4845.58,0.02341553249033934,2,0.009965046261075416,-0.009553988914234979,0.004495714762658309,0.000859236690652132,-0.4630124154704429,-2.2272173302448017,-1.382113324744727,-4.042220329920587,4860.620245463194,4888.174071789212,4906.249311558089,4943.245254618021,000300.SH
2022-01-13,4765.92,-0.014852037693349418,3,-0.016439724449911042,0.009965046261075416,-0.009553988914234979,0.004495714762658309,-1.0856683885991258,-2.4072997125000883,-3.022311754112861,-4.793943147086432,4843.402019015341,4876.530826856906,4900.74620130091,4941.480824223812,000300.SH
2022-01-14,4726.73,-0.0241367425219301,4,-0.008222966394736075,-0.016439724449911042,0.009965046261075416,-0.009553988914234979,-1.983257195113608,-3.9577284207489294,-4.486192444945591,-6.117507790884513,4822.1889246489145,4862.264081441963,4893.9220365440115,4939.344000102183,000300.SH
2022-01-17,4767.28,-0.06401131610382138,0,0.00857886953559861,-0.008222966394736075,-0.016439724449911042,0.009965046261075416,-1.5848308749909723,-3.5035837396794167,-3.13044821125954,-3.783836149480513,4812.205483803657,4853.21797844749,4888.955682169737,4937.631920499176,000300.SH
2022-01-18,4813.35,0.0718801945075338,1,0.00966379151214114,0.00857886953559861,-0.008222966394736075,-0.016439724449911042,0.32473419943015447,-2.123320122738559,-2.154159517982146,-1.374266968826443,4812.413577657538,4849.421028119158,4885.9907534571985,4936.395284474308,000300.SH
2022-01-19,4780.38,-0.025516695190748284,2,-0.006849699273894561,0.00966379151214114,0.00857886953559861,-0.008222966394736075,-1.3455561563321616,-1.8023384797416608,-3.5428050266749556,-2.709072370148302,4806.589290810713,4842.84569210781,4881.849155282406,4934.842893584017,000300.SH
2022-01-20,4823.51,0.10455933368213421,3,0.009022295298700023,-0.006849699273894561,0.00966379151214114,0.00857886953559861,1.2083711014872378,0.10958380982228899,-1.2280177250649005,-1.8504613944591908,4809.665783390583,4841.0041976213515,4879.561345271331,4933.735103598106,000300.SH
2022-01-21,4779.31,-0.09740649955394276,4,-0.009163451511451148,0.009022295298700023,-0.006849699273894561,0.00966379151214114,1.1123969424951419,-0.8929219450187209,-2.8893571281984554,-3.4236997700424654,4804.14655004684,4835.128559752651,4875.629919966574,4932.1985354031,000300.SH
2022-01-24,4786.74,-0.10352255900600482,0,0.0015546177167833353,-0.009163451511451148,0.009022295298700023,-0.006849699273894561,0.40819922471513337,-1.1831009176205942,-3.1096861166268974,-2.7350274518728734,4800.981722765596,4830.520125490494,4872.144040752199,4930.751186792124,000300.SH
2022-01-25,4678.45,0.017437432388971663,1,-0.022622912462343936,0.0015546177167833353,-0.009163451511451148,0.009022295298700023,-2.802621874578004,-2.486988746855323,-4.866433363089384,-4.896408446695888,4778.703227717306,4816.037256396161,4864.548196016818,4928.2407272220535,000300.SH
2022-01-26,4712.31,-0.09579631712332937,2,0.007237439750344743,-0.022622912462343936,0.0015546177167833353,-0.009163451511451148,-1.4239453767273647,-2.750341548380164,-3.2006195410137717,-4.916302795018512,4766.631731768704,4806.158470072717,4858.5780706828255,4926.092162772084,000300.SH
2022-01-27,4619.88,0.10585674153273761,3,-0.019614583930174456,0.007237439750344743,-0.022622912462343936,0.0015546177167833353,-4.221614550400021,-3.064256219156003,-4.116656946638075,-5.397790100502087,4739.949598719849,4788.417663399125,4849.217362028597,4923.045275580322,000300.SH
2022-01-28,4563.77,0.05361404440389839,4,-0.012145337108323107,-0.019614583930174456,0.007237439750344743,-0.022622912462343936,-4.509856025242131,-3.4476265832827147,-5.362508476122729,-7.268907306903771,4707.916944407149,4767.022647837303,4838.023347831397,4919.470397216339,000300.SH
2022-02-07,4634.09,0.007818754015876506,0,0.015408313740613577,-0.012145337108323107,-0.019614583930174456,0.007237439750344743,-3.1890179955460174,-2.793836317564724,-4.334389611998224,-6.199535662308686,4694.493863605849,4754.362395662321,4830.02596164193,4916.6307912738885,000300.SH
2022-02-08,4608.77,0.05763626971047331,1,-0.005463855902669068,0.015408313740613577,-0.012145337108323107,-0.019614583930174456,-1.4893821671707386,-4.250262291335549,-3.9393301471308595,-6.283335739573015,4678.907706586603,4740.49645321829,4821.349257263815,4913.567499818427,000300.SH
2022-02-09,4652.06,-0.026985991534763998,2,0.00939296167958048,-0.005463855902669068,0.015408313740613577,-0.012145337108323107,-1.278566138475612,-2.6843054317857495,-3.9937427511257617,-4.438263641816542,4674.0263053890385,4732.073933864167,4814.710462861312,4910.965435143617,000300.SH
2022-02-10,4639.86,0.04913735504541816,3,-0.0026224941208842223,0.00939296167958048,-0.005463855902669068,0.015408313740613577,0.43247876568222043,-3.807393371217238,-2.6450297109477328,-3.7019818481060507,4667.814249863759,4723.2916544485315,4807.8535819647905,4908.267868624775,000300.SH
2022-02-11,4601.4,0.07211654274903334,4,-0.00828904320388979,-0.0026224941208842223,0.00939296167958048,-0.005463855902669068,0.8245376081616573,-3.72250387608255,-2.651515952889205,-4.58218676708756,4655.738931706712,4711.682925453433,4799.75736306421,4905.214456996668,000300.SH
2022-02-14,4551.69,-0.10456802313660396,0,-0.010803233798409195,-0.00828904320388979,-0.0026224941208842223,0.00939296167958048,-1.7781268814373585,-4.910440090750701,-4.522285244416102,-6.035445546598417,4636.820944123673,4696.445503981678,4790.029231179339,4901.696800708143,000300.SH
2022-02-15,4600.1,-0.09342412739940564,1,0.010635610070105939,-0.010803233798409195,-0.00828904320388979,-0.0026224941208842223,-0.18811960674973704,-1.6746999540446006,-4.430386321377,-4.1200391014992395,4630.14440882846,4687.269741697709,4782.581026035051,4898.695837517018,000300.SH
2022-02-16,4617.99,-0.15915895625761756,2,0.003889045890306697,0.010635610070105939,-0.010803233798409195,-0.00828904320388979,-0.7323637270370664,-2.0015661108883087,-3.3970102795175317,-4.696857754902406,4627.934516314194,4680.671671059832,4776.1264759944615,4895.902744606401,000300.SH
2022-02-17,4629.16,0.08447234140883242,3,0.0024188012533592484,0.003889045890306697,0.010635610070105939,-0.010803233798409195,-0.23061040634846375,0.20087101829484588,-4.029223532241055,-2.869540403531745,4628.157331529796,4675.765797625562,4770.363084778993,4893.248587943651,000300.SH
2022-02-18,4651.24,-0.14091282484357603,4,0.00476976384484451,0.0024188012533592484,0.003889045890306697,0.010635610070105939,1.0831486069457164,1.916617182723912,-2.679675518014124,-1.5970872040501516,4632.35418034256,4673.4300073755085,4765.691591258248,4890.840542292471,000300.SH
2022-02-21,4634.31,0.0981152116397388,0,-0.0036398895778329,0.00476976384484451,0.0024188012533592484,0.003889045890306697,1.8151499772612212,0.004747426139761757,-3.184421965680184,-2.789221526740604,4632.70978391664,4669.704292387365,4760.539371993219,4888.287999583093,000300.SH
2022-02-22,4574.15,0.1480371158409366,1,-0.0129814362871713,-0.0036398895778329,0.00476976384484451,0.0024188012533592484,-0.564118171344119,-0.7511765612083221,-2.2293708386324607,-4.969511878421484,4622.062550477251,4660.603883588568,4753.229984856231,4885.162248343459,000300.SH
2022-02-23,4623.05,0.04932573417518071,2,0.01069051080528638,-0.0129814362871713,-0.0036398895778329,0.00476976384484451,0.10957148023273966,-0.6235947085807214,-1.8941877762710946,-3.291160953731709,4622.242086754114,4657.027323246801,4748.124887410889,4882.55416627039,000300.SH
2022-02-24,4529.32,0.32154592460185794,3,-0.02027449411103066,0.01069051080528638,-0.0129814362871713,-0.0036398895778329,-2.156762782016608,-2.382399468949492,-1.9602240750842048,-6.099085520710035,4605.347161889729,4644.86472103282,4739.544303590855,4879.039398446805,000300.SH
2022-02-25,4573.42,-0.20627941261996208,4,0.0097365608965585,-0.02027449411103066,0.01069051080528638,-0.0129814362871713,-1.6731022265030315,-0.6080758030164612,0.21144799146319837,-4.307944033762201,4599.542223364324,4638.0604618868365,4733.029625018664,4875.9984094075335,000300.SH
2022-02-28,4581.65,-0.0859826900175027,0,0.001799528580362031,0.0097365608965585,-0.02027449411103066,0.01069051080528638,-1.1363072388338447,0.6582170578400603,-1.1316137580409613,-4.284544387202982,4596.289091843537,4632.688036945234,4727.093169135579,4873.069569512932,000300.SH
2022-03-01,4619.69,0.048587851374272795,1,0.008302685713662106,0.001799528580362031,0.0097365608965585,-0.02027449411103066,0.995594809964695,0.4258603073846068,0.23693957389931963,-1.2559715290320517,4600.543802417439,4631.450128664735,4722.881280149871,4870.548379766535,000300.SH
2022-03-02,4578.6,-0.1732954105842699,2,-0.008894536213468696,0.008302685713662106,0.001799528580362031,0.0097365608965585,-0.9614864645634325,-0.8529684992821474,-1.5790853944274152,-2.8374618817522568,4596.554020159723,4626.416783077617,4717.223190732229,4867.643420763882,000300.SH
2022-03-03,4551.63,0.12727428366584492,3,-0.005890446861486098,-0.008894536213468696,0.008302685713662106,0.001799528580362031,0.4925684208667125,-1.674817893527114,-1.9015659955257225,-1.4773110989895866,4588.386016494319,4619.29423230832,4710.729340115279,4864.499008616978,000300.SH
2022-03-04,4496.43,0.029948318877114133,4,-0.0121275235465097,-0.005890446861486098,-0.008894536213468696,0.008302685713662106,-1.6834229088953045,-3.328359749228149,-2.281262224540348,-1.4755344813608073,4571.666740768079,4607.5928768503845,4702.325444424484,4860.836630421785,000300.SH
2022-03-07,4352.78,0.2277400737399664,0,-0.031947567292274215,-0.0121275235465097,-0.005890446861486098,-0.008894536213468696,-4.9953619329280885,-6.074906512512124,-4.370025199431415,-6.070447488072094,4531.8691515375185,4583.324983817014,4688.61777993725,4855.781340566842,000300.SH
2022-03-08,4265.39,0.02697363848565848,1,-0.02007682446620307,-0.031947567292274215,-0.0121275235465097,-0.005890446861486098,-7.6693457786128345,-6.750106577178261,-7.27614617073542,-7.450577919922241,4483.4183967125155,4553.045461548727,4672.020612096574,4849.906799864685,000300.SH
2022-03-09,4226.35,0.08196256258790702,2,-0.009152738671024174,-0.02007682446620307,-0.031947567292274215,-0.0121275235465097,-7.693399729174855,-8.58091519667752,-8.480745952243286,-9.150999772143953,4436.67868821933,4521.9316080678955,4654.543333190826,4843.7022545924,000300.SH
2022-03-10,4292.84,-0.11546077954041101,3,0.01573225123333377,-0.009152738671024174,-0.02007682446620307,-0.031947567292274215,-5.685655468480522,-5.2210927909708165,-7.26524898685722,-7.4791049729948655,4410.526199452179,4500.113359680477,4640.35888875197,4838.221038128794,000300.SH
2022-03-11,4306.52,-0.021971336462356605,4,0.0031867015775104424,0.01573225123333377,-0.009152738671024174,-0.02007682446620307,-4.223572923408126,-5.835895238136879,-7.411356971474259,-6.408484374320844,4391.615981369964,4481.675896853764,4627.267167624442,4832.930480535473,000300.SH
2022-03-14,4174.76,-0.1163259079397726,0,-0.030595469195545455,0.0031867015775104424,0.01573225123333377,-0.009152738671024174,-4.089800081786798,-8.88086169829645,-9.916255062781731,-8.281099987037766,4352.18762112088,4452.44581143912,4609.521788501915,4826.381520530145,000300.SH
2022-03-15,3983.81,0.33103203224836575,1,-0.04573915626287506,-0.030595469195545455,0.0031867015775104424,0.01573225123333377,-6.6015065445363845,-13.764559959650969,-12.90600439425904,-13.397317449620672,4285.209871826174,4407.813829397299,4584.984071305762,4817.997724305966,000300.SH
2022-03-16,4156.08,0.09191831613081636,2,0.04324252411636098,-0.04573915626287506,-0.030595469195545455,0.0031867015775104424,-1.66266400085181,-9.228148342288044,-10.10090740961055,-10.002403643143442,4261.731713312324,4383.839178978508,4568.164303803575,4811.411478292971,000300.SH
2022-03-17,4237.7,0.016246705221516722,3,0.01963869800388829,0.04324252411636098,-0.04573915626287506,-0.030595469195545455,-1.2844643639176034,-6.897089614050356,-6.438494078581325,-8.456393816588758,4257.362310891902,4369.921161932936,4555.20491934069,4805.702906369658,000300.SH
2022-03-18,4265.9,-0.28373191612698145,4,0.006654553177431133,0.01963869800388829,0.04324252411636098,-0.04573915626287506,-0.943220976565784,-5.126956274199768,-6.724070826646155,-8.284672474436928,4258.914618002465,4360.01438460599,4543.859628386153,4800.33173317195,000300.SH
2022-03-21,4258.75,-0.0891135829561549,0,-0.0016760824210599878,0.006654553177431133,0.01963869800388829,0.04324252411636098,2.011852178328799,-2.1602286354927114,-7.04767932949919,-8.103903277942138,4258.8846874565625,4350.370157500658,4532.67885864552,4794.942860205065,000300.SH
2022-03-22,4255.3,-0.09952055322912445,1,-0.0008100968594070279,-0.0016760824210599878,0.006654553177431133,0.01963869800388829,6.814833036716106,-0.23655515673830507,-7.887758702423742,-6.970694008722922,4258.2329261008235,4341.315856786309,4521.801256345696,4789.573279506508,000300.SH
2022-03-23,4276.52,0.0007835517177066098,2,0.004986722440251112,-0.0008100968594070279,-0.0016760824210599878,0.006654553177431133,2.897923042867334,1.1870763188093658,-6.597649936661865,-7.495700890105006,4261.557848627946,4335.14482280666,4512.182383547826,4784.468271750224,000300.SH
2022-03-24,4251.31,-0.030020436344625034,3,-0.0058949800304920474,0.004986722440251112,-0.0008100968594070279,-0.0016760824210599878,0.3211647827831232,-0.9674248283187747,-6.598075854144547,-6.138007471320184,4259.694603422865,4327.16055396793,4501.952093996931,4779.163214319874,000300.SH
2022-03-25,4174.57,-0.011754578656662629,4,-0.018050906661711497,-0.0058949800304920474,0.004986722440251112,-0.0008100968594070279,-2.1409315736421353,-3.0639588345114044,-7.158123222200741,-8.721044644926558,4244.217402800526,4312.628120256699,4489.113580506855,4773.14736144107,000300.SH
2022-03-28,4148.47,-0.01633181835629438,0,-0.006252140939066675,-0.018050906661711497,-0.0058949800304920474,0.004986722440251112,-2.5894922218960947,-0.629736799241154,-4.693781904897554,-9.454672443333722,4226.80878410952,4296.994013565584,4475.755008722273,4766.931666302353,000300.SH
2022-03-29,4134.14,-0.06560728709188968,1,-0.003454285555879566,-0.006252140939066675,-0.018050906661711497,-0.0058949800304920474,-2.8472728127276525,3.7735233357012676,-3.0770925988010456,-10.510445506083732,4209.959914271425,4281.484107511719,4462.358341713556,4760.635231811782,000300.SH
2022-03-30,4254.1,0.3479594422748784,2,0.029016917666068398,-0.003454285555879566,-0.006252140939066675,-0.018050906661711497,-0.5242580415852127,2.358472406690937,0.6565949341630573,-7.087319267898485,4217.9853844038935,4278.876097272508,4454.191347920868,4755.595080251467,000300.SH
2022-03-31,4222.6,-0.1115485233376321,3,-0.0074046214240379715,0.029016917666068398,-0.003454285555879566,-0.006252140939066675,-0.6753212539193809,-0.3563253651744924,-1.6362128567568246,-7.228838899471168,4218.824405421367,4273.51646896084,4445.109334276913,4750.291646617125,000300.SH
2022-04-01,4276.16,0.0246220631670111,4,0.012684128262208105,-0.0074046214240379715,0.029016917666068398,-0.003454285555879566,2.4335440536390696,0.24051196699408361,-0.7049775688955484,-4.898775250587695,4229.249058981119,4273.768233821713,4438.483870187622,4745.573918790089,000300.SH
2022-04-06,4263.84,0.03649330461445577,2,-0.002881089575693996,0.012684128262208105,-0.0074046214240379715,0.029016917666068398,2.781025293662487,0.11951863809802621,2.133775354750922,-2.0432918732396166,4235.538320984551,4272.8226877434545,4431.635090964578,4740.7805464638195,000300.SH
2022-04-07,4209.1,-0.14464348410090966,3,-0.012838192802731796,-0.002881089575693996,0.012684128262208105,-0.0074046214240379715,1.813194521714312,-1.0857048856719786,5.655139175814128,-1.319691751516272,4230.731353532815,4266.753860339316,4422.908224652242,4735.490192767662,000300.SH
2022-04-08,4230.77,0.05569489491958346,4,0.005148369010002263,-0.012838192802731796,-0.002881089575693996,0.012684128262208105,-0.5484121200723946,-1.0697950670171097,1.7971261380916648,0.10458196789191465,4230.738380163212,4263.326826021286,4415.373392312938,4730.468101297338,000300.SH
2022-04-11,4100.07,0.15777405596263727,0,-0.030892721655868982,0.005148369010002263,-0.012838192802731796,-0.002881089575693996,-2.9017666840335465,-3.5574916907964993,-3.2477523184746504,-4.490500461233138,4206.980492860809,4247.778556876402,4403.008553398706,4724.195483373982,000300.SH
2022-04-12,4179.97,-0.046732107724564154,1,0.019487472165109487,-0.030892721655868982,0.005148369010002263,-0.012838192802731796,-2.2494481029708857,0.12935464011862852,-2.014346327855776,-2.9385675673165412,4202.069494158844,4241.320599078649,4394.261943461502,4718.7803044349375,000300.SH
2022-04-13,4139.74,-0.1247847519608104,2,-0.009624470989026301,0.019487472165109487,-0.030892721655868982,0.005148369010002263,-2.9105219708056684,-0.21043902932890157,-2.7944819489286843,-0.8388506165624032,4190.736858857235,4231.646256309254,4384.280690776737,4713.018709365933,000300.SH
2022-04-14,4191.57,0.11168056294748818,3,0.012520109958596315,-0.009624470989026301,0.019487472165109487,-0.030892721655868982,-0.4164785821197059,1.3891643727594882,-1.4976617394778402,5.21510815023809,4190.888339065011,4227.829469994087,4376.723408785493,4707.830164994133,000300.SH
2022-04-15,4188.75,-0.08034380701108679,4,-0.0006727789348620616,0.012520109958596315,-0.009624470989026301,0.019487472165109487,-0.9931998194182223,-1.5361651113043995,-2.052369683761568,0.7860772651152148,4190.4995501441,4224.107615708936,4369.351902558611,4702.665188228022,000300.SH
2022-04-18,4166.38,-0.059118708265323616,0,-0.005340495374515086,-0.0006727789348620616,0.012520109958596315,-0.009624470989026301,1.617289460911664,-1.331407189883016,-1.9977371680729106,-1.6829884135261985,4186.114177390627,4218.609747546179,4361.392220105332,4697.329017200878,000300.SH
2022-04-19,4134.9,-0.020129869428216818,1,-0.0075557198335246545,-0.005340495374515086,-0.0006727789348620616,0.012520109958596315,-1.0782374036177433,-3.303431115767419,-0.9502775136121855,-3.0708642959281773,4176.80250877415,4210.637390637019,4352.510172258064,4691.732708572014,000300.SH
2022-04-20,4070.79,0.03819359374653897,2,-0.015504607124718794,-0.0075557198335246545,-0.005340495374515086,-0.0006727789348620616,-1.6655635378067135,-4.527608915906789,-1.8724975713937941,-4.413501614323456,4157.52750717885,4197.318591528731,4341.462322365591,4685.554174158363,000300.SH
2022-04-21,3995.83,0.048444641978373726,3,-0.018414116178923523,-0.015504607124718794,-0.0075557198335246545,-0.005340495374515086,-4.669849245032287,-5.066878905229155,-3.3455567542463593,-6.097572439075982,4128.127960419059,4178.1292018593285,4327.9081136453715,4678.691247052309,000300.SH
2022-04-22,4013.25,-0.09098009978386679,4,0.00435954482548051,-0.018414116178923523,-0.015504607124718794,-0.0075557198335246545,-4.189794091316024,-5.141380883385304,-5.661597047554134,-6.1561737113354,4107.241058524684,4162.426420729868,4315.568579776926,4672.069941111491,000300.SH
2022-04-25,3814.91,0.32231879389317664,0,-0.04942129197034828,0.00435954482548051,-0.018414116178923523,-0.015504607124718794,-8.43586038719465,-6.955003207262312,-9.65495192535406,-10.26507123686583,4054.089956974741,4129.329618755595,4295.934909981752,4663.540986473566,000300.SH
2022-04-26,3784.12,-0.04860183766111437,1,-0.008070963666246378,-0.04942129197034828,0.00435954482548051,-0.018414116178923523,-8.483397421944904,-9.470163661461694,-11.506585347601582,-9.353059117465989,4005.0045102520608,4096.452512207444,4275.863737041291,4654.790528896714,000300.SH
2022-04-27,3895.54,0.14365933966255717,2,0.02944409796729497,-0.008070963666246378,-0.04942129197034828,0.00435954482548051,-4.305061179771008,-5.898921188287187,-8.63775376186724,-6.096946585126572,3985.101872024413,4077.317987235306,4260.949080686731,4647.235797265901,000300.SH
2022-04-28,3921.11,-0.09572096033969624,3,0.006563916684208193,0.02944409796729497,-0.008070963666246378,-0.04942129197034828,-1.8699494222727098,-6.452474848326517,-6.8420802546862785,-5.152945957321242,3973.466986201792,4062.4410360700385,4247.622057914702,4640.010664954798,000300.SH
2022-04-29,4016.24,0.1970659164705666,4,0.024260987322467287,0.006563916684208193,0.02944409796729497,-0.008070963666246378,0.07450320812307787,-4.11841241420472,-5.0707081689621685,-5.591311910862473,3981.243897801466,4058.0409373967013,4238.548251721969,4633.803991671666,000300.SH
2022-05-05,4010.21,-0.09606478082159742,3,-0.001501404298547837,0.024260987322467287,0.006563916684208193,0.02944409796729497,5.119386826950056,-3.7483378856465355,-2.1916698983188043,-5.029839435418948,3986.5104618375626,4053.485610025587,4229.59381047797,4627.5990763316495,000300.SH
2022-05-06,3908.82,-0.2605958603107067,4,-0.02528296523124718,-0.001501404298547837,0.024260987322467287,0.006563916684208193,3.295350041753431,-5.4676050206776345,-6.486888661880352,-8.59041757090473,3972.3849233216415,4039.707932880293,4217.0144453611865,4620.447045721385,000300.SH
2022-05-09,3877.44,-0.20048242019312734,0,-0.00802799821941147,-0.02528296523124718,-0.001501404298547837,0.024260987322467287,-0.4646339146819112,-4.7496923201639,-6.336146714527957,-9.062253743104808,3955.122209990434,4024.2538440345506,4203.697800445062,4613.053940788834,000300.SH
2022-05-10,3919.87,0.3918553882968039,1,0.01094278699348017,-0.00802799821941147,-0.02528296523124718,-0.001501404298547837,-0.03162369839153634,-1.9009817734988776,-6.482058035533223,-6.87154023425437,3948.7127172649007,4014.3125255550694,4192.5672984668245,4606.156588144168,000300.SH
2022-05-11,3976.42,0.29379502343781927,2,0.014426498837971646,0.01094278699348017,-0.00802799821941147,-0.02528296523124718,-0.9914746130709196,-0.9177100853423048,-5.069054013727248,-6.0119079978349195,3953.7504050349185,4010.7037135974438,4184.090933821067,4599.890552441242,000300.SH
2022-05-12,3958.74,-0.34680735612493585,3,-0.004446210410369189,0.014426498837971646,0.01094278699348017,-0.00802799821941147,-1.2834739327865718,3.7702068987210735,-4.983702878758067,-3.447014319267716,3954.6576041194785,4005.7547884929254,4175.253642298672,4593.510944954265,000300.SH
2022-05-13,3988.6,-0.031194061292934228,4,0.007542804023502381,-0.004446210410369189,0.014426498837971646,0.01094278699348017,2.041025168720978,5.403634134224067,-3.5381750465549255,-4.578262523415244,3960.8289488250275,4004.120999112647,4167.933891620293,4587.491930576612,000300.SH
2022-05-16,3956.54,0.020389925664337172,0,-0.008037908037908048,0.007542804023502381,-0.004446210410369189,0.014426498837971646,2.040005777007514,1.5658933036241551,-2.806580540877812,-4.425398696536497,3960.0491399477496,3999.5894753876332,4159.643935086165,4581.213801914158,000300.SH
2022-05-17,4005.89,0.05207159438029363,1,0.012473019355295323,-0.008037908037908048,0.007542804023502381,-0.004446210410369189,2.1944605305788123,2.1621428626077854,0.25176246236702227,-4.42984371011339,3968.3838417754314,4000.189525350716,4153.614369004355,4575.4891869697385,000300.SH
2022-05-18,3991.91,-0.039581988252860745,2,-0.0034898611794133005,0.012473019355295323,-0.008037908037908048,0.007542804023502381,0.38954637588584085,-0.6057904906081268,-0.5317386158350534,-4.69925395404357,3972.6613250889886,3999.400999126838,4147.2730212002625,4569.682428890438,000300.SH
2022-05-19,3999.6,0.04165501531783811,3,0.0019263961361855042,-0.0034898611794133005,0.012473019355295323,-0.008037908037908048,1.0321465920974937,-0.26457467314680017,4.841267552838735,-4.002995406083942,3977.5592659818994,3999.4199515909486,4141.481922329664,4564.009966911429,000300.SH
2022-05-20,4077.6,0.2635616051782943,4,0.019501950195019546,0.0019263961361855042,-0.0034898611794133005,0.012473019355295323,2.231359374216524,4.317927149369871,7.755568005242974,-1.385765072915901,3995.7484903488266,4006.8656704870486,4138.976748904971,4559.170066743156,000300.SH
2022-05-23,4053.98,-0.14919500684257458,0,-0.00579262311163431,0.019501950195019546,0.0019263961361855042,-0.0034898611794133005,2.462757864194476,4.553004043905262,4.0672153282985235,-0.4129419596687556,4006.3360375581306,4011.352749488282,4135.64354306556,4554.1432999098915,000300.SH
2022-05-24,3959.15,0.09616493453403319,1,-0.023391827290711875,-0.00579262311163431,0.019501950195019546,0.0019263961361855042,-1.1667819136321755,1.0020740483740687,0.9701334571078135,-0.9179569701413648,3997.756758002107,4006.3810590608264,4128.722227651225,4548.222968567505,000300.SH
2022-05-25,3983.18,-0.2382292833675611,2,0.006069484611595843,-0.023391827290711875,-0.00579262311163431,0.019501950195019546,-0.21869230518724025,0.17000216274940527,-0.8231579786068588,-0.7492680495857496,3995.10643836536,4004.1714343883664,4123.014689311961,4542.6006504723055,000300.SH
2022-05-26,3993.04,0.14990147881929738,3,0.002475409095245462,0.006069484611595843,-0.023391827290711875,-0.00579262311163431,-0.16401640164016573,0.8664373007573056,-0.42815712892840807,4.669310678364624,3994.7307222989307,4003.1112977799507,4117.917642672276,4537.1323852934775,000300.SH
2022-05-27,4001.3,-0.04628202893048494,4,0.002068599362891499,0.002475409095245462,0.006069484611595843,-0.023391827290711875,-1.8711987443594258,0.3184074612646137,2.3659314064091053,5.7392471697514935,3995.925136426398,4002.938793229479,4113.344401783167,4531.800719768169,000300.SH
2022-05-30,4029.02,0.02029670477238743,0,0.006927748481743379,0.002068599362891499,0.002475409095245462,0.006069484611595843,-0.6156912466267705,1.8319036329722538,3.9092803499215956,3.4264825929139375,4001.9423843488707,4005.4227176838144,4110.037562497553,4526.797926536646,000300.SH
2022-05-31,4091.52,0.26818274214955506,1,0.015512457123568524,0.006927748481743379,0.002068599362891499,0.002475409095245462,3.3433944154679596,2.1376023804947186,4.3789717516142135,4.345963260403307,4018.2292235581667,4013.6224588567843,4109.3113835760805,4522.466802889515,000300.SH
2022-06-01,4083.18,-0.15817244562303445,2,-0.0020383622712342175,0.015512457123568524,0.006927748481743379,0.002068599362891499,2.5105568917297205,2.286374191802931,2.6848270554921116,1.6667330637611277,4030.0384556384997,4020.2469865847097,4108.286623435843,4518.09578992544,000300.SH
2022-06-02,4089.57,-0.01223824867276635,3,0.0015649567249056417,-0.0020383622712342175,0.015512457123568524,0.006927748481743379,2.4174563740909205,2.249474947494745,3.3048394186028895,1.9789487333581102,4040.862372795136,4026.8491783385466,4107.552638203065,4513.8318517172265,000300.SH
2022-06-06,4166.09,0.4554891336713771,0,0.018711013627349615,0.0015649567249056417,-0.0020383622712342175,0.015512457123568524,4.1184115162572255,2.1701491073180312,4.449932307075177,6.581781714174606,4063.631032286929,4040.1102089729707,4109.848221018631,4510.371733789692,000300.SH
2022-06-07,4179.13,-0.11831161139762358,1,0.0031300331965944395,0.018711013627349615,0.0015649567249056417,-0.0020383622712342175,3.7257199021101917,3.087089724172287,5.625875133323555,7.780649088058111,4084.6308445983964,4053.350189070783,4112.565153527705,4507.075796140043,000300.SH
2022-06-08,4219.81,0.11810482151004109,2,0.009734083409705052,0.0031300331965944395,0.018711013627349615,0.0015649567249056417,3.135509541686221,6.583736408067398,5.340136648784677,7.651784370400061,4109.2088728532335,4069.203504397375,4116.77083378152,4504.217430009297,000300.SH
2022-06-09,4175.67,-0.10738519830255555,3,-0.010460186596079057,0.009734083409705052,0.0031300331965944395,0.018711013627349615,2.265146283044106,4.832570960890559,4.603310194869126,5.010788598789873,4121.292714152645,4079.3431706452443,4119.0806050057745,4500.948301352488,000300.SH
2022-06-10,4238.99,0.13647388530743476,4,0.015164033556291479,-0.010460186596079057,0.009734083409705052,0.0031300331965944395,3.6536848617336304,6.159467473403724,5.985348534853485,7.079272697878625,4142.692220670346,4094.5476305837924,4123.782934221234,4498.341751090275,000300.SH
2022-06-13,4189.35,0.038551558165189403,0,-0.011710336660383569,0.015164033556291479,-0.010460186596079057,0.009734083409705052,0.5583172711103312,4.699722590158206,2.740582695703364,5.033094318808606,4151.175453275737,4103.576427671051,4126.354191702755,4495.267206303307,000300.SH
2022-06-14,4222.31,-0.003467497591326363,1,0.007867568954611048,-0.011710336660383569,0.015164033556291479,-0.010460186596079057,1.0332294042061374,4.797444539863305,4.152215847142826,6.717232733651124,4164.109007225603,4114.8843869404745,4130.117164577157,4492.5512142007865,000300.SH
2022-06-15,4278.22,0.37072563903440536,2,0.013241566820058281,0.007867568954611048,-0.011710336660383569,0.015164033556291479,1.384185543898897,4.563096355388718,8.059053079575174,6.798239592200495,4184.856460457311,4130.44015961281,4135.925118907465,4490.418565303266,000300.SH
2022-06-16,4250.06,-0.26650663916982964,3,-0.00658217669965544,0.013241566820058281,0.007867568954611048,-0.011710336660383569,1.7815105120855046,4.087010614276143,6.700174232648304,6.466829161980114,4196.711649465073,4141.8325253639705,4140.400996597368,4488.026937787811,000300.SH
2022-06-17,4309.04,0.0279917402627734,4,0.013877451141866226,-0.00658217669965544,0.013241566820058281,0.007867568954611048,1.6525162833599616,5.366578882376372,7.913769959729922,7.7367736773677365,4217.134985925968,4157.757046757878,4147.014290848451,4486.245973232709,000300.SH
2022-06-20,4330.43,0.037192018027913276,0,0.004963982696842173,0.013877451141866226,-0.00658217669965544,0.013241566820058281,3.3675868571496848,3.9447059473031176,8.225576687576531,6.200461055522877,4237.734079393974,4174.202089923794,4154.207063756356,4484.695565538851,000300.SH
2022-06-21,4325.57,-0.11793548559345857,1,-0.0011222903961040087,0.004963982696842173,0.013877451141866226,-0.00658217669965544,2.445580736610986,3.504078600091387,7.360350655990788,6.699342374654038,4253.704246776887,4188.618081359623,4160.927178903165,4483.112226578265,000300.SH
2022-06-22,4270.62,-0.05835182958735585,2,-0.012703528089939575,-0.0011222903961040087,0.004963982696842173,0.013877451141866226,-0.1776439734282098,1.2040826482708766,4.377346316283437,7.867092684035715,4256.779838271998,4196.427787896802,4165.228858161865,4480.997876065049,000300.SH
2022-06-23,4343.88,0.09538899335309425,3,0.017154417859701843,-0.012703528089939575,-0.0011222903961040087,0.004963982696842173,2.2074982470835725,4.0283355724949566,6.384729549027979,9.055578708469113,4272.616231313453,4210.470855716155,4172.234785292772,4479.633519089278,000300.SH
2022-06-24,4394.77,0.08837056791797182,4,0.01171533283608217,0.017154417859701843,-0.012703528089939575,-0.0011222903961040087,1.9895382730260147,3.674932000311415,7.462887296219423,10.060755714944026,4294.82600743828,4228.023155171759,4180.961656457762,4478.7891059640115,000300.SH
2022-06-27,4444.26,0.07127617311663448,0,0.01126111264070695,0.01171533283608217,0.017154417859701843,-0.012703528089939575,2.628607320751053,6.08471481256041,6.6770040973670675,11.070402119311229,4321.995824267683,4248.617140393496,4191.2870816947125,4478.44553277034,000300.SH
2022-06-28,4490.52,-0.051770564039076095,1,0.010408931970676827,0.01126111264070695,0.01171533283608217,0.017154417859701843,3.813370261029192,6.3522100461595565,7.451072352379562,11.454398340043003,4352.636583491741,4271.655507975068,4203.021705941979,4478.565676722874,000300.SH
2022-06-29,4421.36,0.09466814540801805,2,-0.015401334366621389,0.010408931970676827,0.01126111264070695,0.01171533283608217,3.529698263952308,3.3457839942779843,4.776281396555748,8.061551697168778,4365.131750129605,4285.913078644109,4211.58399198347,4477.996466009214,000300.SH
2022-06-30,4485.01,-0.10502520280867556,3,0.014396022943166997,-0.015401334366621389,0.010408931970676827,0.01126111264070695,3.248938736797524,5.528157249544718,7.408152464155449,9.841104237383625,4386.927795560586,4304.874690201813,4222.306580533138,4478.066252417083,000300.SH
2022-07-01,4466.72,-0.10117786989356581,4,-0.004078028811529966,0.014396022943166997,-0.015401334366621389,0.010408931970676827,1.637173276417192,3.659283738373298,5.3722702813642,9.222240969099449,4401.435469095025,4320.288529230212,4231.891420512231,4477.953354383082,000300.SH
2022-07-04,4496.03,0.1208079772646189,0,0.006561861947916858,-0.004078028811529966,0.014396022943166997,-0.015401334366621389,1.1648733422436885,3.8241006089464458,7.320467375607187,7.919656080401527,4418.634474714111,4337.025812160668,4242.249796178418,4478.133221503649,000300.SH
2022-07-05,4489.54,0.013792056509632777,1,-0.001443495706211828,0.006561861947916858,-0.004078028811529966,0.014396022943166997,-0.021823753151095637,3.790714287365593,6.329000002368357,7.427622495591191,4431.526388402454,4351.550972907271,4251.947451230245,4478.2467217871945,000300.SH
2022-07-06,4423.97,-0.04758090020540651,2,-0.014605059761133576,-0.001443495706211828,0.006561861947916858,-0.004078028811529966,0.05903161018330216,3.5908135118554396,3.40679067462637,4.838132522554339,4430.152499602008,4358.448023106578,4258.6934335349415,4477.70665490374,000300.SH
2022-07-07,4443.47,-0.0479863346303222,3,0.0044078056587182335,-0.014605059761133576,-0.001443495706211828,0.006561861947916858,-0.9261963741440948,2.292650809875041,4.550759283398342,6.413342050497284,4432.573863310734,4366.545354239285,4265.9395733963165,4477.365991670867,000300.SH
2022-07-08,4428.78,-0.07345195530850546,4,-0.003305974834982739,0.0044078056587182335,-0.014605059761133576,-0.001443495706211828,-0.84939284307054,0.7738744007081078,2.7788092011213683,4.47724575901336,4431.884069981509,4372.472463359353,4272.325472478814,4476.882548967675,000300.SH
2022-07-11,4354.62,-0.01590587226419038,0,-0.01674501781528992,-0.003305974834982739,0.0044078056587182335,-0.014605059761133576,-3.145219226740037,-2.0169837048237604,0.5586050346039428,3.9450034014823165,4417.836057257598,4370.7722287537,4275.552708852194,4475.666006191877,000300.SH
2022-07-12,4313.62,-0.02714922961839994,1,-0.009415287671484585,-0.01674501781528992,-0.003305974834982739,0.0044078056587182335,-3.9184415329855615,-3.939410135129129,-0.2762641686529177,2.162560304667349,4398.887683210762,4365.329159348586,4277.045543799167,4474.053608120316,000300.SH
2022-07-13,4321.46,-0.017166730837433475,2,0.0018174989915662465,-0.009415287671484585,-0.01674501781528992,-0.003305974834982739,-2.317149528590845,-2.2594857690846126,1.1904594649020606,1.0107007119783518,4384.809922626987,4361.15114417253,4278.787287179592,4472.53526376091,000300.SH
2022-07-14,4322.07,0.05416160171674922,3,0.00014115599820430091,0.0018174989915662465,-0.009415287671484585,-0.01674501781528992,-2.7320990127085443,-3.6329907848589027,-0.5020856929749518,1.6943290212373396,4373.402663967535,4357.429130441812,4280.484648466667,4471.03809695732,000300.SH
2022-07-15,4248.53,0.0504802767756698,4,-0.017014995129648547,0.00014115599820430091,0.0018174989915662465,-0.009415287671484585,-4.0699696078829835,-4.884792420389017,-3.3275916600868927,-1.4042570967083168,4350.698543246164,4347.0577846854485,4279.231524997386,4468.824086042322,000300.SH
2022-07-18,4292.59,-0.11281195785805875,0,0.010370645846916604,-0.017014995129648547,0.00014115599820430091,0.0018174989915662465,-1.4244641323467921,-4.524880839318235,-3.4127166277400534,-0.8738162261022642,4340.133353565043,4341.870376620168,4279.755386762195,4467.070513046877,000300.SH
2022-07-19,4269.34,-0.17767830816679986,1,-0.0054163104326292455,0.010370645846916604,-0.017014995129648547,0.00014115599820430091,-1.0265160120733752,-4.904734115299114,-4.925487471384171,-1.299944284799448,4327.261834735034,4334.9627217039615,4279.3469402225,4465.103045255366,000300.SH
2022-07-20,4283.8,-0.08141240397264204,2,0.003386940370174285,-0.0054163104326292455,0.010370645846916604,-0.017014995129648547,-0.8714647364548078,-3.1684211240130433,-3.1112598838366368,0.3086202940088434,4319.359682965028,4330.09008154168,4279.521570017696,4463.299034854815,000300.SH
2022-07-21,4236.06,0.12683010626189462,3,-0.011144311125636075,0.003386940370174285,-0.0054163104326292455,0.010370645846916604,-1.9900186716087287,-4.667748403837535,-5.550712261511115,-2.4821127655460073,4304.214286062295,4321.134835680567,4277.817194722885,4461.0379499308865,000300.SH
2022-07-22,4238.23,-0.062420831327751336,4,0.000512268475894917,-0.011144311125636075,0.003386940370174285,-0.0054163104326292455,-0.24243679578583865,-4.302539299762021,-5.115386681950085,-3.5619611492751835,4292.217143141877,4313.239137044323,4276.2647557141445,4458.820955404211,000300.SH
2022-07-25,4212.64,-0.1612111139362553,0,-0.006037897896055466,0.000512268475894917,-0.011144311125636075,0.003386940370174285,-1.8625119100589616,-3.2604452282862684,-6.303116304828915,-5.211666284150784,4277.748571661536,4303.658266849626,4273.769667254766,4456.3713936588965,000300.SH
2022-07-26,4245.98,0.050309129390836205,1,0.00791427703292924,-0.006037897896055466,0.000512268475894917,-0.011144311125636075,-0.5471571718345336,-1.5680565279278302,-5.425054682662378,-5.445694485271213,4271.972467723074,4298.165098578233,4272.67987638203,4454.277946955823,000300.SH
2022-07-27,4225.04,-0.016984241154959445,2,-0.004931723653903153,0.00791427703292924,-0.006037897896055466,0.000512268475894917,-1.3716793501097224,-2.2311903847310854,-4.496639895840171,-4.440262724591526,4263.439291773424,4291.200803475544,4270.811645935676,4451.996972359248,000300.SH
2022-07-28,4225.67,0.2554820631438701,3,0.00014911101433368046,-0.004931723653903153,0.00791427703292924,-0.006037897896055466,-0.24527509053224872,-2.2304127420425757,-4.901574670246456,-5.782372837518757,4256.57214781462,4284.959774573111,4269.0413853107475,4449.744962684031,000300.SH
2022-07-29,4170.1,0.03824592206329647,4,-0.013150577304900657,0.00014911101433368046,-0.004931723653903153,0.00791427703292924,-1.6075106825254704,-1.8460502809206858,-5.840886203423956,-6.640666977110721,4240.849939121053,4274.020748423291,4265.161330984836,4446.962425741902,000300.SH
2022-08-01,4188.68,-0.008188316064015821,0,0.004455528644397022,-0.013150577304900657,0.00014911101433368046,-0.004931723653903153,-0.5687644802309211,-2.4206830841054017,-3.8106654541613216,-6.836030898370327,4231.364495644498,4265.893058097263,4262.162063103078,4444.392451356411,000300.SH
2022-08-02,4107.02,0.119017274682508,1,-0.019495401892720365,0.004455528644397022,-0.013150577304900657,0.00014911101433368046,-3.2727426883781607,-3.8019928138775527,-4.789480760938591,-8.52024929057319,4208.756405527316,4250.762290659428,4256.078060628448,4441.035511541919,000300.SH
2022-08-03,4066.98,-0.04383318726683505,2,-0.009749161192300071,-0.019495401892720365,0.004455528644397022,-0.013150577304900657,-3.7410296707250046,-5.061394089359917,-5.8887505611529445,-8.069448933876133,4182.978877249622,4233.25921535853,4248.6624504077245,4437.3135661534425,000300.SH
2022-08-04,4101.54,-0.19277246718817842,3,0.008497705914462417,-0.009749161192300071,-0.019495401892720365,0.004455528644397022,-2.937522333736431,-3.175592413705197,-5.102416203347005,-7.695112153339623,4168.171808658782,4220.714528181527,4242.892942548598,4433.972535644452,000300.SH
2022-08-05,4156.91,0.14028310361317087,4,0.013499807389419471,0.008497705914462417,-0.009749161192300071,-0.019495401892720365,-0.3162993693196947,-1.918725505694585,-2.156510604844497,-6.138710886519538,4166.124207084457,4214.637906449953,4239.521062448653,4431.2156944937615,000300.SH
2022-08-08,4148.07,-0.09398566830243005,0,-0.0021265795987885916,0.013499807389419471,0.008497705914462417,-0.009749161192300071,-0.9695178433301366,-1.5327680504386931,-3.366731973004655,-4.743238215963741,4162.841623978192,4208.298105835672,4235.934746274196,4428.398324399296,000300.SH
2022-08-09,4156.29,-0.04398913052840181,1,0.0019816444756237672,-0.0021265795987885916,0.013499807389419471,0.008497705914462417,1.1996532765849555,-2.1123509766885262,-2.6479502686597933,-3.6472846472336395,4161.650419618521,4203.344952898941,4232.811422890894,4425.690778882886,000300.SH
2022-08-10,4109.74,0.015048195650070317,2,-0.0111998922115637,0.0019816444756237672,-0.0021265795987885916,0.013499807389419471,1.0513944007592757,-2.7289682464544773,-4.063214902656531,-4.899270154068303,4152.212161506062,4194.430195479995,4227.985092581448,4422.5469900382805,000300.SH
2022-08-11,4193.54,0.2399828059543787,3,0.02039058431920271,-0.0111998922115637,0.0019816444756237672,-0.0021265795987885916,2.2430599238334903,-0.7603527961246415,-1.0037629306478335,-2.973806532517975,4159.726313959505,4194.34541495809,4226.634304637078,4420.268313520486,000300.SH
2022-08-12,4191.15,-0.18700720614469402,4,-0.0005699242167716001,0.02039058431920271,-0.0111998922115637,0.0019816444756237672,0.8236887495760126,0.5047840579362362,-1.1108410822442405,-1.350584790504017,4165.439711421413,4194.041089723986,4225.242763278761,4417.988529306352,000300.SH
2022-08-15,4185.68,0.12012213419524809,0,-0.0013051310499503366,-0.0005699242167716001,0.02039058431920271,-0.0111998922115637,0.906686724187411,-0.07162160871683199,-0.6399787306772042,-2.490570960655447,4169.119763890248,4193.244795464559,4223.691282365869,4415.677001651562,000300.SH
2022-08-16,4177.84,-0.047736497301048564,1,-0.0018730528850748884,-0.0013051310499503366,-0.0005699242167716001,0.02039058431920271,0.5184912506105199,1.72436462447223,-1.604812081074325,-2.143188408512786,4170.705261364748,4191.7776720869815,4221.893192861325,4413.310464321697,000300.SH
2022-08-17,4216.96,0.07794820762540744,2,0.009363690328016316,-0.0018730528850748884,-0.0013051310499503366,-0.0005699242167716001,2.6089241655189888,3.6877486488746003,-0.19124079298656893,-1.560296932629912,4179.115213843885,4194.175989031079,4221.699734317744,4411.356728358297,000300.SH
2022-08-18,4180.1,-0.07510123318386097,3,-0.008740893914099157,0.009363690328016316,-0.0018730528850748884,-0.0013051310499503366,-0.3204929486781971,1.9153781262647884,-1.078408867706182,-1.321038889911852,4179.2942658722695,4192.835418647166,4220.068372187636,4409.055666384583,000300.SH
2022-08-19,4151.07,0.12602611692599242,4,-0.0069448099327769075,-0.008740893914099157,0.009363690328016316,-0.0018730528850748884,-0.9563007766364873,-0.14048896896974306,-0.4563439725666196,-2.056518876984026,4174.162581168221,4188.857759728388,4217.362553670474,4406.488644828518,000300.SH
2022-08-22,4181.4,-0.010464881633734047,0,0.007306549877501345,-0.0069448099327769075,-0.008740893914099157,0.009363690328016316,-0.1022533972974693,0.8035062089116085,-0.17380177048618162,-0.7415777279805691,4175.4784755012715,4188.147496897113,4215.9522574481025,4404.2489568202745,000300.SH
2022-08-23,4161.08,-0.07948433391918519,1,-0.004859616396422184,0.007306549877501345,-0.0069448099327769075,-0.008740893914099157,-0.40116423797943446,0.11524701115659397,1.316282852287043,-1.9995383868977146,4172.860570864676,4185.569640049769,4213.800404214844,4401.829365210123,000300.SH
2022-08-24,4082.42,0.09930091145875264,2,-0.018903746142828304,-0.004859616396422184,0.007306549877501345,-0.0069448099327769075,-3.1904499924115926,-0.6647622477334303,0.3796428799748286,-3.3755893435328366,4156.416830707462,4175.745864806934,4208.648231500537,4398.651162571216,000300.SH
2022-08-25,4116.24,-0.0787337949221728,3,0.008284301958152218,-0.018903746142828304,-0.004859616396422184,0.007306549877501345,-1.5277146479749426,-1.8433113789304567,0.35840196609078223,-2.5896485054441087,4149.111952397015,4170.0786395872265,4205.02437928483,4395.8411012521,000300.SH
2022-08-26,4107.55,-0.06867812861785672,4,-0.0021111499815364976,0.008284301958152218,-0.018903746142828304,-0.004859616396422184,-1.0484043873025373,-1.9946792646409528,-1.1874204637579266,-1.4999640296395778,4141.555233779375,4164.12353105511,4201.201854606993,4392.972533080438,000300.SH
2022-08-29,4089.52,-0.09947303821581499,0,-0.00438947791262434,-0.0021111499815364976,0.008284301958152218,-0.018903746142828304,-2.1973501697995834,-2.2973567018979013,-1.4114998059338357,-2.3673329067868676,4132.094282183125,4157.018432859386,4196.82217403417,4389.953104890583,000300.SH
2022-08-30,4075.79,-0.05139258162990157,1,-0.0033573622332205844,-0.00438947791262434,-0.0021111499815364976,0.008284301958152218,-2.0497082488200147,-2.442649790322271,-1.9368234651576333,-0.7604053547341061,4121.857139968011,4149.282391634682,4192.075814268123,4386.827103846896,000300.SH
2022-08-31,4078.84,0.520769222783404,2,0.0007483211843593018,-0.0033573622332205844,-0.00438947791262434,-0.0021111499815364976,-0.08769308400409237,-3.2753452724237353,-0.7518723812211858,0.2916168754210746,4114.035841792009,4142.573592431379,4187.635194100746,4383.762555549912,000300.SH
2022-09-01,4043.74,-0.2801476660081228,3,-0.008605387806337239,0.0007483211843593018,-0.0033573622332205844,-0.00438947791262434,-1.7613161526052856,-3.262122915719734,-3.5721609904758367,-1.409226778234518,4101.254779648007,4133.160869342677,4181.992245312482,4380.379246539465,000300.SH
2022-09-02,4023.61,-0.1253217543036106,4,-0.004978064860747589,-0.008605387806337239,0.0007483211843593018,-0.0033573622332205844,-2.043553943348231,-3.0705336214518097,-3.9974708612194654,-3.2067088293948998,4087.1375469847326,4122.727453214803,4175.781176868855,4376.829303787829,000300.SH
2022-09-05,4015.43,0.09026140150995032,0,-0.002033000216223768,-0.004978064860747589,-0.008605387806337239,0.0007483211843593018,-1.811704063068531,-3.9692447505620065,-4.067439460254974,-3.197631669668055,4074.099811169326,4112.508648146727,4169.492895423018,4373.233290814816,000300.SH
2022-09-06,4052.28,0.17304775736915556,1,0.009177099339298778,-0.002033000216223768,-0.004978064860747589,-0.008605387806337239,-0.5768206899766648,-2.614705797533323,-3.0053807709246816,-2.5024721566589414,4070.132572774903,4106.772586418467,4164.896311288782,4370.039725732082,000300.SH
2022-09-07,4054.98,-0.08805751091124081,2,0.0006662915691906246,0.009177099339298778,-0.002033000216223768,-0.004978064860747589,-0.5849702366359066,-0.672150342198996,-3.8411557140689,-1.3324443882094639,4067.3775595431025,4101.839959140518,4160.58586770883,4366.904803087981,000300.SH
2022-09-08,4037.68,-0.13134312957434024,3,-0.004266358896961364,0.0006662915691906246,0.009177099339298778,-0.002033000216223768,-0.14986126704485958,-1.9085378889471927,-3.4070955240305345,-3.716668971799486,4061.978003262538,4095.7294868414206,4155.766029759464,4363.628934400539,000300.SH
2022-09-09,4093.79,0.1848877716484727,4,0.013896594083731229,-0.004266358896961364,0.0006662915691906246,0.009177099339298778,1.7442048309850966,-0.33499287896678887,-1.3798851862290906,-2.3229901101129657,4067.7620026693494,4095.544773808904,4153.335597219877,4360.94396987914,000300.SH
2022-09-13,4111.11,-0.0131929929455743,1,0.004230798355558063,0.013896594083731229,-0.004266358896961364,0.0006662915691906246,2.382808316917484,0.5279348187562372,-1.6810159276797187,-1.7815504290820239,4075.6434567294673,4097.027176303294,4151.6796914465485,4358.45805973109,000300.SH
2022-09-14,4065.36,-0.1511803484753369,2,-0.01112838138604888,0.004230798355558063,0.013896594083731229,-0.004266358896961364,0.3227812490745885,-0.2559013099300955,-2.300364328491633,-2.692300327441932,4073.77373732411,4094.0112547505996,4148.294605507468,4355.5416611268,000300.SH
2022-09-15,4027.12,0.37136442915024315,3,-0.009406301040990273,-0.01112838138604888,0.004230798355558063,0.013896594083731229,-0.6870564096493781,-1.2680075707799388,-1.3545886998398093,-4.501821217180158,4065.2912396288166,4087.6406590600664,4143.54266019345,4352.273783901658,000300.SH
2022-09-16,3932.68,-0.05156181711743113,4,-0.02345100220504981,-0.009406301040990273,-0.01112838138604888,0.004230798355558063,-2.6005032592974153,-2.7464673792083505,-4.459409558237615,-5.918997153178163,4041.1801051508496,4072.8825010543455,4135.273536264295,4348.098721375274,000300.SH
2022-09-19,3928.0,-0.23907548228440456,0,-0.0011900281741712426,-0.02345100220504981,-0.009406301040990273,-0.01112838138604888,-4.049792490577186,-2.376224335857602,-4.37121885308761,-5.373795190155784,4020.6019042143316,4059.0841676205982,4127.145162293146,4343.91863459542,000300.SH
2022-09-20,3932.84,-0.023566951913349232,1,0.0012321792260692188,-0.0011900281741712426,-0.02345100220504981,-0.009406301040990273,-4.336298469269851,-2.0568158329244857,-3.8312564799780846,-5.944420529009409,4004.64519435718,4047.0609135614936,4119.525352007141,4339.8282999228295,000300.SH
2022-09-21,3903.73,-0.05751289483322419,2,-0.007401775815949807,0.0012321792260692188,-0.0011900281741712426,-0.02345100220504981,-3.975785662278375,-3.665837503825009,-4.221512884618683,-6.184692435617678,3986.2969772013294,4033.410350365161,4111.062789183332,4335.489013356433,000300.SH
2022-09-22,3869.34,-0.04619991100933607,3,-0.008809523199606484,-0.007401775815949807,0.0012321792260692188,-0.0011900281741712426,-3.917936391267207,-4.578074367814389,-5.13626423198753,-5.219453167483989,3965.032072255633,4017.784602711336,4101.583464117319,4330.850714716071,000300.SH
2022-09-23,3856.02,0.07304915595147143,4,-0.0034424475491944273,-0.008809523199606484,-0.007401775815949807,0.0012321792260692188,-1.9493068340164954,-4.499118305561611,-4.642237136907912,-6.321788816978602,3945.211695481881,4002.378450072161,4091.9535243480123,4326.126030987552,000300.SH
2022-09-26,3836.68,0.1156786210863654,0,-0.005015534151793899,-0.0034424475491944273,-0.008809523199606484,-0.007401775815949807,-2.3248472505091655,-6.280488251717853,-4.645828000228658,-6.5944419422770295,3925.4786599397207,3986.5976453033836,4081.9427979029924,4321.255921226482,000300.SH
2022-09-27,3892.3,-0.03603279728697162,1,0.014496908785721185,-0.005015534151793899,-0.0034424475491944273,-0.008809523199606484,-1.030807253791155,-5.322406843893734,-3.0664212799127233,-4.822570864062281,3919.446176314317,3977.6169171792517,4074.5058254362084,4316.987703104826,000300.SH
2022-09-28,3828.71,-0.07269066079070097,2,-0.0163373840659764,0.014496908785721185,-0.005015534151793899,-0.0034424475491944273,-1.9217517604957268,-5.821132691815734,-5.517140967554068,-6.062137646934707,3902.9486897117135,3963.435306019323,4064.8667734583178,4312.129218496818,000300.SH
2022-09-29,3827.14,-0.0046515258466172105,3,-0.00041005978514963015,-0.0163373840659764,0.014496908785721185,-0.005015534151793899,-1.0906252745946365,-4.965831661336139,-5.618770006263906,-6.170872110698145,3889.165291582311,3950.454800684149,4055.544154891325,4307.303455128691,000300.SH
2022-09-30,3804.89,-0.0754107210879027,4,-0.005813740809063717,-0.00041005978514963015,-0.0163373840659764,0.014496908785721185,-1.325978599696065,-3.249438042251085,-5.765439559350916,-5.906660665621432,3873.842511294618,3936.5914863332778,4045.7145801897045,4302.3043162716895,000300.SH
2022-10-10,3720.94,0.226495224261978,0,-0.022063712748594533,-0.005813740809063717,-0.00041005978514963015,-0.0163373840659764,-3.016670663177534,-5.271384928716905,-9.107697268301497,-7.522349333061607,3846.042054695596,3916.0532495396324,4032.97832214305,4296.519596706797,000300.SH
2022-10-11,3727.69,-0.14301318513182826,1,0.0018140577380985068,-0.022063712748594533,-0.005813740809063717,-0.00041005978514963015,-4.229119029879513,-5.216332217939201,-9.326434953090523,-7.165857703907175,3824.523499296397,3898.1138924406196,4021.0062310786166,4290.859600719665,000300.SH
2022-10-12,3784.31,0.26457346625068046,2,0.015189031276742426,0.0018140577380985068,-0.022063712748594533,-0.005813740809063717,-1.1596595197860382,-3.059125503044524,-6.913286892181758,-6.612820436889855,3817.211953969779,3887.275426493894,4011.724025938279,4285.819306185142,000300.SH
2022-10-13,3752.67,-0.05955714693158942,3,-0.008360837246420005,0.015189031276742426,0.0018140577380985068,-0.022063712748594533,-1.9458394519144773,-3.015242909643512,-6.81504400166868,-7.455277214684164,3805.477053248001,3874.4558620659045,4001.5650445289343,4280.514337964394,000300.SH
2022-10-14,3842.47,0.29330395507077744,4,0.023929628770981592,-0.008360837246420005,0.015189031276742426,0.0018140577380985068,0.9876763848626346,-0.3513985923309537,-2.293855589572502,-4.834707059499522,3812.203043566546,3871.4095894881993,3995.3260231748586,4276.155687835396,000300.SH
2022-10-17,3846.41,-0.1405660552762027,0,0.0010253821109860173,0.023929628770981592,-0.008360837246420005,0.015189031276742426,3.371997398506821,0.25360467904542716,-2.0771384928716996,-6.042811184745678,3818.42249019081,3869.028676203609,3989.486179128786,4271.879611339521,000300.SH
2022-10-18,3838.27,-0.15389697448220407,1,-0.002116259057146741,0.0010253821109860173,0.023929628770981592,-0.008360837246420005,2.9664483902899663,-1.3881252729748494,-2.404623630760472,-6.636650442337954,3822.0311283379356,3866.099278469932,3983.5561328884414,4267.565087843606,000300.SH
2022-10-19,3776.53,0.0009654458198411486,2,-0.016085371795105496,-0.002116259057146741,0.0010253821109860173,0.023929628770981592,-0.20558569461803788,-1.3628611203251206,-3.258422073247891,-7.104659857921558,3813.7581959128565,3857.5688709966053,3975.4374610104633,4262.679166571531,000300.SH
2022-10-20,3754.93,0.0912795206890824,3,-0.005719536187982155,-0.016085371795105496,-0.002116259057146741,0.0010253821109860173,0.0602237873300826,-1.886787522797706,-2.956835015790815,-6.758924491944618,3803.0621602923366,3847.7937404255,3966.790109598288,4257.626936058382,000300.SH
2022-10-21,3742.89,-0.11333338109688207,4,-0.0032064512520872945,-0.005719536187982155,-0.016085371795105496,-0.002116259057146741,-2.5915621982735004,-1.629482061242249,-2.933854077520348,-4.825971093503667,3792.1217675119115,3837.8029080040237,3958.0097131434536,4252.505175500587,000300.SH
2022-10-24,3633.37,0.43591768631566885,0,-0.0292608118325679,-0.0032064512520872945,-0.005719536187982155,-0.016085371795105496,-5.538671124503103,-2.35343757222638,-5.299112774586357,-7.500763747454176,3763.2578097824726,3818.333107241736,3945.278744000573,4246.344626490631,000300.SH
2022-10-25,3627.45,-0.15474220655527893,1,-0.0016293413552707081,-0.0292608118325679,-0.0032064512520872945,-0.005719536187982155,-5.492578687794247,-2.68906480957376,-6.8044600878657935,-7.765126473489903,3738.5654807311134,3800.153763694904,3932.8148716868254,4240.186471003162,000300.SH
2022-10-26,3656.9,0.10556661484789331,2,0.008118650842878772,-0.0016293413552707081,-0.0292608118325679,-0.0032064512520872945,-3.167722750779156,-3.366796060576427,-4.487412209334218,-6.322927046696359,3723.7172115072744,3786.510548104913,3921.9946806402836,4234.382625520544,000300.SH
2022-10-27,3631.14,0.061947923194112686,3,-0.007044217780087014,0.008118650842878772,-0.0016293413552707081,-0.0292608118325679,-3.2967325622581534,-3.2384941921351995,-5.121317746411158,-6.156088635271139,3706.8849912332244,3771.7133530473025,3910.5886147328215,4228.38021133626,000300.SH
2022-10-28,3541.33,-0.045274088981336,4,-0.024733279355794613,-0.007044217780087014,0.008118650842878772,-0.0016293413552707081,-5.385143565533578,-7.837146418839957,-6.926875678403322,-8.161005388976195,3676.784083736274,3749.772081328512,3896.107884743299,4221.543890825451,000300.SH
2022-10-31,3508.7,0.043765866767663475,0,-0.009214052347564339,-0.024733279355794613,-0.007044217780087014,0.008118650842878772,-3.431249776378409,-8.779875260307668,-5.703935027170559,-8.548536755736736,3646.2233412387695,3726.8128354877012,3880.9154186749342,4214.4509167873875,000300.SH
2022-11-01,3634.17,0.1501125870418616,1,0.03575968307350319,-0.009214052347564339,-0.024733279355794613,-0.007044217780087014,0.18525410412273402,-5.317499811112814,-2.5087923083732866,-6.63181152531922,3644.031824649902,3717.989708298396,3871.2391277465053,4208.676977316867,000300.SH
2022-11-02,3677.81,-0.011663156380836148,2,0.012008243973176791,0.03575968307350319,-0.009214052347564339,-0.024733279355794613,0.5717957833137222,-2.614039872581453,-2.814251475169849,-3.9412752598133594,3650.173311077192,3714.163069412835,3863.6536717564463,4203.394718836103,000300.SH
2022-11-03,3647.9,-0.26151005534920924,3,-0.008132557146780295,0.012008243973176791,0.03575968307350319,-0.009214052347564339,0.46156303530020537,-2.8503860258380254,-2.7918788489262325,-4.683392820748644,3649.7599817904293,3707.8523008973266,3855.192743452272,4197.867408200917,000300.SH
2022-11-04,3767.17,0.4446396659288985,4,0.032695523451848896,-0.008132557146780295,0.012008243973176791,0.03575968307350319,6.377265038841351,0.6486965954115798,-1.9596769786101031,-0.9913558604847883,3671.107257828533,3713.501605573772,3851.740871160026,4193.581861850659,000300.SH
2022-11-07,3775.3,-0.19267443640833215,0,0.002158118693873723,0.032695523451848896,-0.008132557146780295,0.012008243973176791,7.598255764243178,3.9062908539455155,-1.8487368741241794,1.460921165081941,3690.0513927687994,3719.3871669476985,3848.7431899380645,4189.419853275031,000300.SH
2022-11-08,3749.33,-0.23027611539528747,1,-0.006878923529256009,0.002158118693873723,0.032695523451848896,-0.008132557146780295,3.168811585588993,3.359936043225953,-2.3171897756020354,0.580520375889626,3700.82932135629,3722.238865333632,3844.844633469905,4185.040849759856,000300.SH
2022-11-09,3714.27,-0.1102749073409528,2,-0.009351004046056266,-0.006878923529256009,0.002158118693873723,0.032695523451848896,0.9913508310652297,1.56881511662883,-1.648603347517441,-1.8507997494919826,3703.2730811096917,3721.479925778048,3839.72405960834,4180.35656269757,000300.SH
2022-11-10,3685.69,0.06467366387619622,3,-0.007694647938895072,-0.009351004046056266,-0.006878923529256009,0.002158118693873723,1.0359384851558406,1.5022830295719825,-1.8439757864993411,-1.784862511225338,3700.0761572715655,3718.0713614182337,3833.6835082511507,4175.434507347345,000300.SH
2022-11-11,3788.44,0.8807608144148265,4,0.027878090669589684,-0.007694647938895072,-0.009351004046056266,-0.006878923529256009,0.5646148169580867,6.977886839125413,1.2169740494644588,-1.4061267882377715,3716.142310494917,3724.773136521259,3831.9092530256153,4171.583815731949,000300.SH
2022-11-14,3794.02,-0.08399674364772247,0,0.0014729017748729145,0.027878090669589684,-0.007694647938895072,-0.009351004046056266,0.49585463406880415,8.131786701627398,4.421515012233823,-1.3620492875174528,3730.3018904049322,3731.3680759001863,3830.4233999657877,4167.826961844069,000300.SH
2022-11-15,3865.97,-0.06106646304333496,1,0.018964053958598015,0.0014729017748729145,0.027878090669589684,-0.007694647938895072,3.110955824107231,6.378347738273105,6.575417993356214,0.7216792982255082,3754.968819422217,3744.1873067668353,3831.8173842808546,4164.823409984924,000300.SH
2022-11-16,3834.39,-0.2039488620004838,2,-0.008168713156077256,0.018964053958598015,0.0014729017748729145,0.027878090669589684,3.2340136823655774,4.257424934947696,4.853564494517215,1.5320942770215007,3769.4090340727225,3752.778039455708,3831.9182711718017,4161.5355153582095,000300.SH
2022-11-17,3818.66,-0.06912933639902441,3,-0.004102347439879583,-0.008168713156077256,0.018964053958598015,0.0014729017748729145,3.6077369502047096,4.6810493708709044,5.164218399731224,1.697235367903005,3778.363755150409,3759.0525118884975,3831.3983389689865,4158.123818687979,000300.SH
2022-11-18,3801.57,0.021569201644104474,4,-0.004475391891396341,-0.004102347439879583,-0.008168713156077256,0.018964053958598015,0.3465806506108171,0.9131523132749564,7.348651495342162,1.5677724966536521,3782.583072395789,3763.101796470545,3830.2286001858893,4154.576019497054,000300.SH
2022-11-21,3769.13,-0.16072044760180237,0,-0.008533316498183674,-0.004475391891396341,-0.004102347439879583,-0.008168713156077256,-0.6560323878102903,-0.16343072073742304,7.422407159346767,3.736476053911386,3780.137059232918,3763.675911092398,3827.832576649188,4150.740735720965,000300.SH
2022-11-22,3769.57,0.08107331457723843,1,0.0001167378148272391,-0.008533316498183674,-0.004475391891396341,-0.004102347439879583,-2.493552717687919,0.5398297829212195,3.7257475572138876,3.9179037615956203,3778.2157757360237,3764.2372528931223,3825.5477697217693,4146.947992081951,000300.SH
2022-11-23,3773.53,-0.011893558053696962,2,0.001050517698305109,0.0001167378148272391,-0.008533316498183674,-0.004475391891396341,-1.5872146547429855,1.5954682885196858,2.602635807722531,3.189313352839851,3777.3638165112916,3765.1222764271106,3823.5078571836607,4143.232390170688,000300.SH
2022-11-24,3756.81,-0.2007836053605052,3,-0.004430864469078144,0.001050517698305109,0.0001167378148272391,-0.008533316498183674,-1.6196781069799382,1.9296251176848855,2.9855533320540584,3.4608965779342027,3773.6267589637837,3764.3306310531,3820.8922549411645,4139.387391263517,000300.SH
2022-11-25,3775.78,0.19298275308881974,4,0.005049496780513252,-0.004430864469078144,0.001050517698305109,0.0001167378148272391,-0.6784039225898764,-0.33417448870775024,0.228553529572606,6.62039403275041,3774.0182573340044,3765.421047143281,3819.1231469042564,4135.7694072708455,000300.SH
2022-11-28,3733.24,0.02396586028639769,0,-0.011266546250046416,0.005049496780513252,-0.004430864469078144,0.001050517698305109,-0.9522091304890123,-1.6019947180035965,-1.1140836489815453,6.399521190184387,3766.604028727821,3762.3561855105877,3815.7551803589918,4131.764139536807,000300.SH
2022-11-29,3848.42,0.47251224061101493,1,0.030852557028211436,-0.011266546250046416,0.005049496780513252,-0.004430864469078144,2.0917505179635754,-0.45396110161226577,2.642872193165191,5.895431419003505,3781.479659868217,3770.552739271484,3817.036153678247,4128.944794864799,000300.SH
2022-11-30,3853.04,-0.13495659794354398,2,0.001200492669718889,0.030852557028211436,-0.011266546250046416,0.005049496780513252,2.107045657514317,0.48638766531312605,3.7361311913242767,4.764520190004373,3794.4906308012683,3778.4086688646757,3818.4480692202765,4126.199473522861,000300.SH
2022-12-01,3894.77,0.22646029635418663,3,0.010830409235305094,0.001200492669718889,0.030852557028211436,-0.011266546250046416,3.6722645009995114,1.9931075298665002,5.672750556883521,6.767455248224996,3812.7232433828553,3789.490700401373,3821.441086113599,4123.896692691788,000300.SH
2022-12-02,3870.95,-0.3437643432105706,4,-0.006115893878200773,0.010830409235305094,0.001200492669718889,0.030852557028211436,2.5205388025785203,1.825035445881551,2.177941316214582,2.754853112548661,3823.309926404154,3797.2487289345754,3823.38261214836,4121.379810177442,000300.SH
2022-12-05,3946.88,0.47384267288808424,0,0.019615339903641393,-0.006115893878200773,0.010830409235305094,0.001200492669718889,5.72264306607666,4.715942405807172,4.028971908424306,4.544804386406387,3845.7772125124893,3811.499326178902,3828.2256469660715,4119.643493658264,000300.SH
2022-12-06,3968.2,-0.07090687874009016,1,0.005401735041349109,0.019615339903641393,-0.006115893878200773,0.010830409235305094,3.112446146730341,5.269301273089488,2.6443557503032844,5.837576313634707,3868.035901146582,3826.423199876149,3833.7148372811275,4118.136593223853,000300.SH
2022-12-07,3958.44,-0.07290931824166647,2,-0.0024595534499268767,0.005401735041349109,0.019615339903641393,-0.006115893878200773,2.735502356580777,4.900186297710629,3.235195167940663,6.573835504688685,3884.4730100290217,3838.9962284593726,3838.606020132848,4116.547572395755,000300.SH
2022-12-08,3959.18,-0.22487358939653523,3,0.0001869423308171747,-0.0024595534499268767,0.005401735041349109,0.019615339903641393,1.653756190994593,5.386750993529077,3.6798248600294237,7.420320211412235,3898.056099114654,3850.442301939432,3843.3344115001873,4114.981725904255,000300.SH
2022-12-09,3998.24,0.35411996574995386,4,0.009865679256815696,0.0001869423308171747,-0.0024595534499268767,0.005401735041349109,3.288340071558671,5.891762761601571,5.173388889327302,5.537899504809363,3916.2713538210805,3864.518273183296,3849.4091404609644,4113.820116691278,000300.SH
2022-12-12,3953.44,-0.15125098077953647,0,-0.011204930169274374,0.009865679256815696,0.0001869423308171747,-0.0024595534499268767,0.16620723204150423,5.898361744757907,4.8899878751860415,4.201875583154546,3923.029289489975,3872.9870090706013,3853.488782011515,4112.224294634648,000300.SH
2022-12-13,3945.68,-0.1914955781100962,1,-0.0019628475454288585,-0.011204930169274374,0.009865679256815696,0.0001869423308171747,-0.5675117181593636,2.527270931966874,4.671885652740215,2.0618370033911315,3927.1476004917977,3879.9101510638775,3857.1041238934163,4110.567137474104,000300.SH
2022-12-14,3954.89,0.06604914555808117,2,0.002334198414468469,-0.0019628475454288585,-0.011204930169274374,0.009865679256815696,-0.08968179383798125,2.6433673151589288,4.806109928899449,3.1426119930419105,3932.1916731296524,3887.0510890577943,3860.93886413289,4109.018111230581,000300.SH
2022-12-15,3951.99,-0.07228348183416322,3,-0.0007332694461793521,0.002334198414468469,-0.0019628475454288585,-0.011204930169274374,-0.18160326128138227,1.4691496545367277,5.195365216766357,3.4915389167927913,3935.791368924261,3893.2357472427666,3864.5094969119928,4107.455642462118,000300.SH
2022-12-16,3954.23,-0.07970800718635562,4,0.0005668030536514213,-0.0007332694461793521,0.002334198414468469,-0.0019628475454288585,-1.1007343231021594,2.1514098606285392,4.726175783546704,4.01570929905275,3939.143847301668,3899.044723695836,3868.027948013483,4105.931009203789,000300.SH
2022-12-19,3893.22,0.0794857842129284,0,-0.015429046868796203,0.0005668030536514213,-0.0007332694461793521,0.002334198414468469,-1.523230401877862,-1.3595548889249298,4.285285703571162,3.2922716913452055,3930.7940568831827,3898.4899881057568,3869.0158716207975,4103.814481749025,000300.SH
2022-12-20,3829.02,-0.09267047117281568,1,-0.01649020605051854,-0.015429046868796203,0.0005668030536514213,-0.0007332694461793521,-2.956651324993409,-3.5073837004183206,-0.5041029825227028,1.5771029586928886,3912.289682904422,3891.8737987623513,3867.447406067041,4101.080208298786,000300.SH
2022-12-21,3830.54,-0.24746894842704303,2,0.0003969684148945607,-0.01649020605051854,-0.015429046868796203,0.0005668030536514213,-3.1442088149101433,-3.2310708258808996,-0.5839544878848857,1.5107869819505737,3897.426104194527,3886.0324845945083,3866.0000568095097,4098.388265927654,000300.SH
2022-12-22,3836.03,0.328232133420127,3,0.0014332182929821524,0.0003969684148945607,-0.01649020605051854,-0.015429046868796203,-2.9342179509563415,-3.1104925767456826,-1.5081763493094535,2.1087039270019092,3886.2631761591583,3881.270343204555,3864.8247604640387,4095.777735918424,000300.SH
2022-12-23,3828.22,-0.20376182736984516,4,-0.0020359590514152925,0.0014332182929821524,0.0003969684148945607,-0.01649020605051854,-3.1867139746549977,-4.2523710432590285,-1.1038633927072161,1.3888521047306757,3875.7098714029476,3876.217929566026,3863.3892796615273,4093.1154698893847,000300.SH
2022-12-26,3843.49,0.13889009310856304,0,0.003988798971845897,-0.0020359590514152925,0.0014332182929821524,0.0003969684148945607,-1.277348826935032,-2.7811222631429877,-2.6195374574347396,2.95319882997076,3869.8517129660477,3873.1009838930713,3862.608915753232,4090.6316343680974,000300.SH
2022-12-27,3887.85,0.022458244960432916,1,0.011541593707802056,0.003988798971845897,-0.0020359590514152925,0.0014332182929821524,1.5364244637009028,-1.4656535755560474,-2.0248475379265107,1.0245763196324642,3873.1241287904027,3874.5056520937314,3863.598762194282,4088.613906662942,000300.SH
2022-12-28,3871.26,0.05682289299089982,2,-0.004267139935954289,0.011541593707802056,0.003988798971845897,-0.0020359590514152925,1.06303549891138,-2.11459737186116,-2.2023827568436016,0.47287336752279696,3872.7851962830564,3874.1965423705187,3863.8992028925454,4086.45118122351,000300.SH
2022-12-29,3856.7,-0.07256904663389419,3,-0.003761049374105707,-0.004267139935954289,0.011541593707802056,0.003988798971845897,0.5388383302528776,-2.4111903117163713,-2.588414772755976,-0.9774646513144636,3869.860615140682,3872.530205001898,3863.6168812104847,4084.1650998183013,000300.SH
2022-12-30,3871.63,-0.004807149951040701,4,0.003871185210153838,-0.003761049374105707,-0.004267139935954289,0.011541593707802056,1.1339473697958846,-2.0889022641576216,-3.166643323062135,0.017566747180941533,3870.1823214787396,3872.4444711921933,3863.931121163015,4082.0503227056815,000300.SH
2023-01-03,3887.9,0.3995084124520678,1,0.004202364378827594,0.003871185210153838,-0.003761049374105707,-0.004267139935954289,1.1554602717842366,-0.13664781337812126,-1.6577967542191097,-1.494344900275657,3873.403717573514,3873.9164263167463,3864.871077195838,4080.11847869866,000300.SH
2023-01-04,3892.95,-0.04116051364899631,2,0.0012989017207232223,0.004202364378827594,0.003871185210153838,-0.003761049374105707,0.13117790038195132,1.6696178134352868,-1.3363982887613757,-1.8963257900307395,3876.957587105602,3875.7291476199134,3865.9722114234523,4078.2561057762855,000300.SH
2023-01-05,3968.58,0.28801788724101396,3,0.01942742650175311,0.0012989017207232223,0.004202364378827594,0.003871185210153838,2.513910199779912,3.6036694565257044,0.3461537489032551,0.25616151817382526,3893.616207631856,3884.5720859418266,3869.9960462695913,4077.1648012411983,000300.SH
2023-01-06,3980.89,-0.08024692971602132,4,0.0031018651507592754,0.01942742650175311,0.0012989017207232223,0.004202364378827594,3.220110457126557,3.7762999767989136,0.7312771540413765,0.5483458695992649,3909.4841698806094,3893.7452206140338,3874.344828768823,4076.2068430198933,000300.SH
2023-01-09,4013.12,-0.010739941082777427,0,0.008096179497549594,0.0031018651507592754,0.01942742650175311,0.0012989017207232223,3.654533103628177,4.829920955430977,1.4892912147244752,0.37216375205091357,3928.3270480841347,3905.114247222221,3879.7869923465164,4075.5791132386007,000300.SH
2023-01-10,4017.47,-0.07864615106493245,1,0.0010839446615102943,0.008096179497549594,0.0031018651507592754,0.01942742650175311,3.3326474446359056,4.526615133641565,3.191445641397106,1.6196021692500562,3944.534857523383,3915.8147951058186,3885.1863259799866,4075.0009131068737,000300.SH
2023-01-11,4010.03,-0.055246639183842094,2,-0.00185191177532118,0.0010839446615102943,0.008096179497549594,0.0031018651507592754,3.0074878947841777,3.1426109546407455,4.7273192618476845,1.6308975892621813,3956.443065246404,3924.787671762407,3890.082156333713,4074.354436359542,000300.SH
2023-01-12,4017.87,-0.0951426860241461,3,0.0019550975927860037,-0.00185191177532118,0.0010839446615102943,0.008096179497549594,1.2420059567905817,3.787139071000123,4.890433202629385,1.5924589558748758,3967.6115988379665,3933.652655404083,3895.0934443206265,4073.7924021669096,000300.SH
2023-01-13,4074.38,0.15508905483245972,4,0.014064666104179668,0.0019550975927860037,-0.00185191177532118,0.0010839446615102943,2.348469814538956,5.644203593745956,6.213455056399453,3.0969207918036368,3987.024035412882,3947.055259651313,3902.1242896413864,4073.798248911518,000300.SH
2023-01-16,4137.96,0.503519517000198,0,0.0156048282192629,0.014064666104179668,0.0019550975927860037,-0.00185191177532118,3.110796587193998,6.879014781887727,8.090966558870715,4.646416622199512,4014.466938065085,3965.236663494045,3911.372748871136,4074.436674295483,000300.SH
2023-01-17,4137.24,-0.3593209569359992,1,-0.00017399878200863306,0.0156048282192629,0.014064666104179668,0.0019550975927860037,2.98122948024504,6.413230792973068,7.642793398707948,6.267819439949451,4036.7893129623417,3981.617933637469,3920.2302881310916,4075.061583008961,000300.SH
2023-01-18,4130.31,-0.1578195549716368,2,-0.0016750297299648054,-0.00017399878200863306,0.0156048282192629,0.014064666104179668,2.999478806891731,6.097175663699783,6.236351711099974,7.868593008132629,4053.7930742419157,3995.7790828148527,3928.4687082043824,4075.611318501409,000300.SH
2023-01-19,4156.01,0.11952522966147439,3,0.006222293241911592,-0.0016750297299648054,-0.00017399878200863306,0.0156048282192629,3.4381401090627595,4.7228479708107285,7.355486327448935,8.496713257138676,4072.377969834294,4011.039170165819,3937.391896117936,4076.4113053819924,000300.SH
2023-01-20,4181.53,0.15382943990695574,4,0.006140504955473913,0.006222293241911592,-0.0016750297299648054,-0.00017399878200863306,2.629847976870092,5.040078977314111,8.422485544636604,9.006707455364005,4092.223793500786,4027.2763920547886,3946.965939407429,4077.4572625423707,000300.SH
2023-01-30,4201.35,0.4850664151147739,0,0.004739891857765022,0.006140504955473913,0.006222293241911592,-0.0016750297299648054,1.531914276600066,4.690365600829294,8.516309668020972,9.746827507301049,4112.064921955189,4043.8548309067137,3956.9417849208635,4078.6900260991633,000300.SH
2023-01-31,4156.86,-0.24478993094106205,1,-0.010589453389981962,0.004739891857765022,0.006140504955473913,0.006222293241911592,0.4742291962757772,3.469596537124109,6.917873402093666,8.153266952691428,4120.2094815997,4054.6172279632174,3964.781714923967,4079.467836784744,000300.SH
2023-02-01,4195.93,0.06491933200655176,2,0.0093989213011747,-0.010589453389981962,0.004739891857765022,0.006140504955473913,1.58874273359626,4.635875542078249,7.782786832607669,7.924174029347841,4133.976848581573,4068.0755872048157,3973.8463535543997,4080.6266642794235,000300.SH
2023-02-02,4181.15,-0.011509939882272557,3,-0.003522461051542969,0.0093989213011747,-0.010589453389981962,0.004739891857765022,0.604907110425601,4.063844773474501,5.356323924426354,8.004887297675678,4142.553785203105,4078.844578899595,3981.9759083169724,4081.626896475648,000300.SH
2023-02-03,4141.63,-0.13555435054909493,4,-0.009451945039044118,-0.003522461051542969,0.0093989213011747,-0.010589453389981962,-0.9541961913462238,1.6505578762903816,4.037790544325515,7.387922317006779,4142.385824257086,4084.824142813919,3988.236853088856,4082.2239422818607,000300.SH
2023-02-06,4086.88,-0.0025104580014778666,0,-0.013219432928581298,-0.009451945039044118,-0.003522461051542969,0.0093989213011747,-2.724600426053536,-1.2344246923604807,1.8379714536320924,5.5596738324684924,4132.293856210343,4085.0199387364028,3992.105211791254,4082.2702712143796,000300.SH
2023-02-07,4094.23,-0.18912606506056162,1,0.0017984379281994478,-0.013219432928581298,-0.009451945039044118,-0.003522461051542969,-1.5066660893077843,-1.0395819435178977,1.910655213355672,5.306978060135292,4125.373155081189,4085.897087428174,3996.110105446499,4082.3892734908536,000300.SH
2023-02-08,4076.14,-0.0705338722608777,2,-0.0044184132303266566,0.0017984379281994478,-0.013219432928581298,-0.009451945039044118,-2.854909400299821,-1.3115238323515799,1.6486160951414197,4.705685919418445,4116.421672339155,4084.967841006443,3999.2485326838914,4082.327091665074,000300.SH
2023-02-09,4130.86,0.2411069702960429,3,0.013424465302958044,-0.0044184132303266566,0.0017984379281994478,-0.013219432928581298,-1.2027791397103638,-0.6051477258235849,2.8121865565585713,4.0891200378976755,4119.046822822944,4089.3385228153534,4004.409766696288,4082.810006175869,000300.SH
2023-02-10,4106.31,-0.07733840991285712,4,-0.005943072386863535,0.013424465302958044,-0.0044184132303266566,0.0017984379281994478,-0.8528043306620714,-1.7988630955654838,0.7836775165792176,3.150551761038378,4116.731036855136,4090.954853975796,4008.4058542768257,4083.043836960189,000300.SH
2023-02-13,4143.57,0.2899531462569014,0,0.009073840016949442,-0.005943072386863535,0.013424465302958044,-0.0044184132303266566,1.3871217163214933,-1.3752722339248291,0.135574050981635,3.2505880711267032,4121.61084833602,4095.9658202638157,4013.706409011068,4083.6460873386945,000300.SH
2023-02-14,4145.29,-0.18681180353932836,1,0.00041510098779551363,0.009073840016949442,-0.005943072386863535,0.013424465302958044,1.2471209482613377,-0.2783350894665637,0.19457416055148613,3.1816043430318075,4125.916148638562,4100.663361191071,4018.8665498341634,4084.259459603981,000300.SH
2023-02-15,4123.69,0.07290856169744941,2,-0.0052107331453288275,0.00041510098779551363,0.009073840016949442,-0.005943072386863535,1.166544819363402,-1.7216683786431264,-0.1602785263091877,2.834392760153892,4125.511394340641,4102.856374410969,4022.9772733700784,4084.6518032895137,000300.SH
2023-02-16,4093.49,0.27954766477786586,3,-0.007323537899308619,-0.0052107331453288275,0.00041510098779551363,0.009073840016949442,-0.9046542366480614,-2.096552383913508,-1.5043274679319985,1.8820917550841587,4119.689322642343,4101.964338752781,4025.742478335958,4084.7397455453397,000300.SH
2023-02-17,4034.51,-0.1975641381888379,4,-0.014408243332706183,-0.007323537899308619,-0.0052107331453288275,0.00041510098779551363,-1.7485284842108872,-2.586421288236751,-3.515937946158454,-0.9785537922334164,4104.202173071008,4095.540116014421,4026.08630271494,4084.239947082202,000300.SH
2023-02-20,4133.49,0.24092208768803625,0,0.024533338621046896,-0.014408243332706183,-0.007323537899308619,-0.0052107331453288275,-0.24326848587087335,1.1404788004541366,-1.6151951158556277,-0.10802424383029585,4109.5272325126425,4099.154390679714,4030.2982124123932,4084.729997359991,000300.SH
2023-02-21,4144.35,-0.1086978375496247,1,0.0026273197709443252,0.024533338621046896,-0.014408243332706183,-0.007323537899308619,-0.02267633868799912,1.2241618082032613,-0.30094831194698024,0.17185369956784768,4115.858644783071,4103.458734424504,4034.7708315334758,4085.323231217106,000300.SH
2023-02-22,4106.95,-0.23265535646053936,2,-0.009024334334696738,0.0026273197709443252,0.024533338621046896,-0.014408243332706183,-0.4059471007762383,0.7558621637137053,-2.1206264165512856,-0.5655749810547062,4114.238891186149,4103.791235907885,4037.601387159614,4085.5384229462893,000300.SH
2023-02-23,4103.65,0.02926839809305637,3,-0.000803515991185666,-0.009024334334696738,0.0026273197709443252,0.024533338621046896,0.24819896958341303,-0.6587006095583048,-1.853557035743758,-1.2598622236231538,4112.313638243213,4103.777784869038,4040.1915288396294,4085.718637643341,000300.SH
2023-02-24,4061.05,-0.030341302186409846,4,-0.010381002278459284,-0.000803515991185666,-0.009024334334696738,0.0026273197709443252,0.6578246181072833,-1.1022061169273734,-1.9456107860914673,-2.881242033418374,4102.992976744446,4099.708472024368,4041.0095081008203,4085.473178562313,000300.SH
2023-02-27,4043.84,-0.017002102447632783,0,-0.004237820268157222,-0.010381002278459284,-0.000803515991185666,-0.009024334334696738,-2.1688694057563906,-2.406861715863362,-1.053126101084445,-3.7490330489009516,4092.2378900636377,4094.387665164905,4041.120507783141,4085.058918079106,000300.SH
2023-02-28,4069.46,0.05767317202233313,1,0.006335562237872905,-0.004237820268157222,-0.010381002278459284,-0.000803515991185666,-1.807038498196345,-1.8293050667142707,-0.6049977651475413,-2.1025485582867764,4088.0964555066125,4092.0136018158664,4042.2318604190964,4084.9037049638914,000300.SH
2023-03-01,4126.94,0.2845833125209287,2,0.014124724164876756,0.006335562237872905,-0.004237820268157222,-0.010381002278459284,0.4867358989030679,0.07881290785680672,1.246277115113803,-1.6442123676991938,4095.158918141774,4095.3399254524506,4045.553748245799,4085.321976556291,000300.SH
2023-03-02,4117.74,-0.07604908847893721,3,-0.002229254605106923,0.014124724164876756,0.006335562237872905,-0.004237820268157222,0.3433528687875498,0.5924040366533267,-0.3176094082103953,-1.5165684082130482,4099.264569388724,4097.47326588555,4048.3845816479247,4085.644543953741,000300.SH
2023-03-03,4130.55,-0.03830928406017842,4,0.003110929781870775,-0.002229254605106923,0.014124724164876756,0.006335562237872905,1.7113800618066666,2.3804625592698914,0.5903110091542096,-0.26752751935832375,4104.952829499865,4100.623431039307,4051.6067549166337,4086.0913644119128,000300.SH
2023-03-06,4109.01,0.24751744654540664,0,-0.0052148019028942505,0.003110929781870775,-0.002229254605106923,0.014124724164876756,1.6115870064097537,-0.5922356168758025,-0.8340633801287134,0.5414888619191149,4105.690496863526,4101.422151892707,4053.8578625669616,4086.319410537167,000300.SH
2023-03-07,4048.85,-0.03740241358039387,1,-0.01464099624970494,-0.0052148019028942505,0.003110929781870775,-0.002229254605106923,-0.5064554019452272,-2.304342056052222,-2.3264958543310565,-1.108389123229525,4095.3558610701575,4096.415280283878,4053.66147579963,4085.9465805815735,000300.SH
2023-03-08,4034.11,-0.29664112328586245,2,-0.0036405399063931254,-0.01464099624970494,-0.0052148019028942505,0.003110929781870775,-2.249366358609517,-1.7735789332716467,-2.1723262417882916,-1.0311225816581282,4084.2202499664922,4090.481444066366,4052.8947512584677,4085.4307937101153,000300.SH
2023-03-09,4019.85,0.05258451361126282,3,-0.003534856511101636,-0.0036405399063931254,-0.01464099624970494,-0.0052148019028942505,-2.377274912937677,-2.042084485762663,-1.7989539488309503,-2.6873338723655604,4072.5165681544026,4083.754639869569,4051.5988786600965,4084.7782484990694,000300.SH
2023-03-10,3967.14,0.08203199605587419,4,-0.013112429568267525,-0.003534856511101636,-0.0036405399063931254,-0.01464099624970494,-3.9561317500090842,-2.312456138190866,-1.6698434258435424,-3.389174222111835,4053.357192126329,4072.6484836915147,4048.2867657714655,4083.607718663258,000300.SH
2023-03-13,4008.69,0.11259747261128195,0,0.010473540132186043,-0.013112429568267525,-0.003534856511101636,-0.0036405399063931254,-2.4414640022779266,-0.8692233124950599,-3.019240399759038,-3.2551640252246217,4045.2358844669966,4066.557199530418,4046.7339514274863,4082.86226872631,000300.SH
2023-03-14,3984.7,0.10029966378100919,1,-0.005984498676625094,0.010473540132186043,-0.013112429568267525,-0.003534856511101636,-1.5844005087864432,-2.0828316287664794,-3.8522325575784055,-3.8740353509645886,4034.2293600184516,4058.7612757656166,4044.3012474499383,4081.8855297340087,000300.SH
2023-03-15,3986.9,-0.1314389735834821,2,0.0005521118277411752,-0.005984498676625094,0.010473540132186043,-0.013112429568267525,-1.1702705181564244,-3.3933132054257964,-2.923093780055752,-3.317174666378886,4025.6240218332787,4051.91734474032,4042.050218138176,4080.9404000849145,000300.SH
2023-03-16,3939.15,0.06102168671418129,3,-0.011976723770347864,0.0005521118277411752,-0.005984498676625094,0.010473540132186043,-2.0075375946863594,-4.337087820017771,-4.008626466682086,-3.7703768666834336,4009.9014724090457,4041.1775976221943,4038.014915466091,4079.5295503328257,000300.SH
2023-03-17,3958.82,0.2407037171325166,4,0.0049934630567507465,-0.011976723770347864,0.0005521118277411752,-0.005984498676625094,-0.20972287340501605,-4.157557710232296,-2.517329262136636,-1.876064255634513,4000.6139319710373,4033.3340168962714,4034.9092325066367,4078.328460279763,000300.SH
2023-03-20,3939.08,0.046537155632981886,0,-0.004986334311739449,0.0049934630567507465,-0.011976723770347864,0.0005521118277411752,-1.7364775026255441,-4.135546031769222,-2.590606947851548,-4.703289472092587,3989.4259443399396,4024.357443858531,4031.1512233887297,4076.942903461059,000300.SH
2023-03-21,3982.38,-0.21305989995059738,1,0.010992414472414946,-0.004986334311739449,0.0049934630567507465,-0.011976723770347864,-0.058222701834509394,-1.641700729836859,-2.13984164975205,-3.9082123855369466,3988.1448635508596,4020.3595920624807,4029.238626393093,4076.001979048511,000300.SH
2023-03-22,3999.44,0.053844505223680006,2,0.004283870449329319,0.010992414472414946,-0.004986334311739449,0.0049934630567507465,0.31453008603175014,-0.8594212849922345,-3.0894561103383955,-2.617757703405199,3990.1985247234306,4018.367249961292,4028.0700528090506,4075.24016831171,000300.SH
2023-03-23,4039.09,0.11802708783913984,3,0.009913887944312139,0.004283870449329319,0.010992414472414946,-0.004986334311739449,2.537095566302372,0.4786248243093816,-1.910028316503709,-1.5732335847355228,3999.087883864625,4020.340845203074,4028.5022076008527,4074.8804651444298,000300.SH
2023-03-24,4027.05,-0.0023406000407515393,4,-0.0029808694532679203,0.009913887944312139,0.004283870449329319,0.010992414472414946,1.7234933641842698,1.510155930972945,-2.505719577296006,-0.8372219007399595,4004.1719049801477,4020.979812326591,4028.4452582831723,4074.4045401181174,000300.SH
2023-03-27,4012.48,0.06656548075922153,0,-0.0036180330514893333,-0.0029808694532679203,0.009913887944312139,0.004283870449329319,1.8633792662245963,0.09454460185247537,-2.3492276728457773,-0.7755005143625926,4005.68246771103,4020.1703063907253,4027.819169723048,4073.788375539828,000300.SH
2023-03-28,3999.51,-0.2115471700266297,1,-0.003232414865619204,-0.0036180330514893333,-0.0029808694532679203,0.009913887944312139,0.4301447877902209,0.37167164403846265,-1.2186176321671516,-1.718901279285212,4004.5602008544784,4018.202658163037,4026.7090062044977,4073.049287225999,000300.SH
2023-03-29,4006.14,0.060827319080737796,2,0.001657703068625782,-0.003232414865619204,-0.0036180330514893333,-0.0029808694532679203,0.16752345328345797,0.4825804509769549,-0.6933375639236461,-2.927108220618657,4004.847437062755,4017.053833576081,4025.9023785102036,4072.383523173999,000300.SH
2023-03-30,4038.53,0.06115885992833059,3,0.008085089387789735,0.001657703068625782,-0.003232414865619204,-0.0036180330514893333,-0.013864509084970944,2.5228793013721162,0.46469395624215704,-1.9236280095392022,4010.971539414981,4019.0991827593116,4026.3975793529407,4072.0466721971434,000300.SH
2023-03-31,4050.93,-0.0005036700809899486,4,0.0030704241394763354,0.008085089387789735,0.001657703068625782,-0.003232414865619204,0.5929899057622645,2.3267034116226437,2.1121009089671627,-1.9275883356937973,4018.2367140668025,4022.1306891631866,4027.3596350645903,4071.836556055878,000300.SH
2023-04-03,4090.57,0.3681501876860125,0,0.009785407301533322,0.0030704241394763354,0.008085089387789735,0.001657703068625782,1.9461779248743927,3.8458218670349487,2.042562532897274,-0.448769898345347,4031.388220600111,4028.6487187666926,4029.838472905195,4072.0229584831827,000300.SH
2023-04-04,4103.11,0.030158667810094242,1,0.0030655874364695634,0.009785407301533322,0.0030704241394763354,0.008085089387789735,2.590317313870938,3.031604216574002,2.9716164328556616,1.3401336181878776,4044.4285441273632,4035.740269360341,4032.7118661245995,4072.3322822793702,000300.SH
2023-04-06,4096.64,-0.16595883341169704,3,-0.0015768526800401528,0.0030655874364695634,0.009785407301533322,0.0030704241394763354,2.259032385288595,2.430340247634666,2.7525144849381844,1.5500321012565488,4053.921536104206,4041.540243706975,4035.218851766772,4072.5741501173866,000300.SH
2023-04-07,4123.28,-0.12892528873553344,4,0.006502890173410325,-0.0015768526800401528,0.0030655874364695634,0.009785407301533322,2.0985358533921916,2.084380392613183,4.674358681441415,2.572981578914635,4066.5321659034407,4049.324982401549,4038.672230128859,4073.078685937114,000300.SH
2023-04-10,4104.81,0.18932621069005773,0,-0.004479443549795126,0.006502890173410325,-0.0015768526800401528,0.0030655874364695634,1.3300649480489701,1.930942004693259,3.687715026194671,3.470258170873741,4073.491772102815,4054.6092697918775,4041.265868163022,4073.394420405402,000300.SH
2023-04-11,4100.15,-0.04879257405965143,1,-0.0011352535196514912,-0.004479443549795126,0.006502890173410325,-0.0015768526800401528,0.2341971901226314,2.18493300901188,4.089025863907292,2.281543347078463,4078.338722629576,4058.9464821926513,4043.575049803688,4073.660645077985,000300.SH
2023-04-12,4097.29,0.0038010697024717377,2,-0.0006975354560198044,-0.0011352535196514912,-0.004479443549795126,0.006502890173410325,-0.14184362593251398,2.4447994879372548,2.885460453296762,2.8255577584259894,4081.784409424198,4062.5982457933515,4045.6815184388374,4073.8957630374084,000300.SH
2023-04-13,4068.98,-0.07723497652594413,3,-0.006909445023417948,-0.0006975354560198044,-0.0011352535196514912,-0.004479443549795126,-0.6751874707077055,1.5685922109561767,1.7387434240793809,2.0587423812987504,4079.4563349834348,4063.2060319082702,4046.5951843824123,4073.84684997236,000300.SH
2023-04-14,4092.0,0.019682506656376164,4,0.005657437490476758,-0.006909445023417948,-0.0006975354560198044,-0.0011352535196514912,-0.7586193515841666,1.3239966027242644,1.3099485280100076,3.880278740337384,4081.7370013500827,4065.948314583673,4048.375765387024,4074.027478330844,000300.SH
2023-04-17,4149.38,0.11636053383148037,0,0.01402248289345076,0.005657437490476758,-0.006909445023417948,-0.0006975354560198044,1.0857993427223045,2.4303061272349824,3.037707503010889,4.81355555443288,4094.03572837734,4073.894189385228,4052.336715764003,4074.777254665861,000300.SH
2023-04-18,4162.03,-0.030089728186657783,1,0.003048648231783968,0.01402248289345076,0.005657437490476758,-0.006909445023417948,1.509213077570326,1.7469448023136103,3.727121381290366,5.659951054560963,4106.398323217823,4082.2880761104443,4056.6384131850227,4075.6454411865993,000300.SH
2023-04-19,4124.56,-0.05829106615360302,2,-0.00900281833624439,0.003048648231783968,0.01402248289345076,0.005657437490476758,0.6655618713832911,0.522774188359576,3.1266330125440334,3.570226849271041,4109.7004462691275,4086.3139736237354,4059.3020048248263,4076.132153214594,000300.SH
2023-04-20,4113.02,0.06390664055554995,3,-0.0027978741974901133,-0.00900281833624439,0.003048648231783968,0.01402248289345076,1.0823351306715745,0.3998398687705018,2.667904766183926,2.83989758566201,4110.304001492922,4088.8574047071893,4061.408592870912,4076.49919646619,000300.SH
2023-04-21,4032.57,0.04720319788148575,4,-0.019559836810907894,-0.0027978741974901133,-0.00900281833624439,0.003048648231783968,-1.4523460410557187,-2.19994761452047,-0.14757845057483676,-0.16142249863211333,4096.170546676027,4083.496699496981,4060.277667660288,4076.0620900336908,000300.SH
2023-04-24,3982.64,-0.05599044835187239,0,-0.012381682153068674,-0.019559836810907894,-0.0027978741974901133,-0.00900281833624439,-4.018431669309641,-2.9762644312404385,-1.6857857331526338,-1.1027923666207307,4075.528629098567,4073.8912995448873,4057.2330532422375,4075.13251699853,000300.SH
2023-04-25,3962.67,0.008328876546925157,1,-0.005014261896631345,-0.012381682153068674,-0.019559836810907894,-0.0027978741974901133,-4.789970278926381,-3.353048059217334,-3.1267036134328463,-1.2413769040593325,4055.0088783533724,4063.2987948263262,4053.5246982131303,4074.0134869786443,000300.SH
2023-04-26,3959.23,-0.0273256412011188,2,-0.000868101557788048,-0.005014261896631345,-0.012381682153068674,-0.019559836810907894,-4.008427565607009,-3.3695442597424186,-3.5066084019195087,-1.00712337261315,4037.5945368345774,4053.3874810333427,4049.8268669106546,4072.8713627301004,000300.SH
2023-04-27,3988.42,-0.05358833576593336,3,0.007372645691207547,-0.000868101557788048,-0.005014261896631345,-0.012381682153068674,-3.029404184759621,-1.9798573598297398,-2.6416770817059843,-0.4423210372078823,4028.6537119555633,4047.20010188731,4047.418754482786,4072.0310506631345,000300.SH
2023-04-28,4029.09,0.07917314077243076,4,0.010197020373982735,0.007372645691207547,-0.000868101557788048,-0.005014261896631345,-0.08629732403900858,-1.5373900293255138,-2.2843464426378857,-0.23374841836014681,4028.7330370545515,4045.475330278995,4046.6999797971866,4071.603776527183,000300.SH
2023-05-04,4030.25,0.05033260392156791,3,0.00028790620214480533,0.010197020373982735,0.007372645691207547,-0.000868101557788048,1.1954382017957954,-2.8710313348018324,-1.8164056314421417,-0.510500058011365,4029.0088484991784,4044.0252988238526,4046.0548825502383,4071.1922961637288,000300.SH
2023-05-05,4016.88,-0.10940329791809389,4,-0.0033174120712113897,0.00028790620214480533,0.010197020373982735,0.007372645691207547,1.3680170188282048,-3.4874808687106906,-2.0309013084886973,-1.8014604321647143,4026.8036033175094,4041.4400322692,4044.9107695090524,4070.6518753063783,000300.SH
2023-05-08,4062.66,0.1684965499382196,0,0.011396905060643947,-0.0033174120712113897,0.00028790620214480533,0.010197020373982735,2.612376648994874,-1.500766142327925,-0.8451927981665941,-0.9858375719880685,4033.322948168871,4043.4609815768954,4045.6068177636,4070.5723541590514,000300.SH
2023-05-09,4027.88,0.10258156291115905,1,-0.008560893601728847,0.011396905060643947,-0.0033174120712113897,0.00028790620214480533,0.9893642093861788,-2.070011816135109,-1.0100811505586171,-1.6784486798937737,4032.333321229076,4041.9770785695723,4044.911648439537,4070.1475546151805,000300.SH
2023-05-10,3996.87,-0.2193047905601232,2,-0.007698839091532128,-0.008560893601728847,0.011396905060643947,-0.0033174120712113897,-0.7996842959576589,-0.8852915138484962,-2.3247800586510325,-3.0657631788285067,4025.885444641971,4037.6811663248513,4043.0276622262218,4069.418424718512,000300.SH
2023-05-11,3990.66,-0.22111835199687468,3,-0.0015537157825998849,-0.007698839091532128,-0.008560893601728847,0.011396905060643947,-0.9823211959555933,0.20137396299941823,-3.8251497814131286,-2.7808838898755517,4019.4808183434307,4033.2029600081987,4040.974028413429,4068.6347588009153,000300.SH
2023-05-12,3937.76,-0.05002715803270219,4,-0.013255952649436353,-0.0015537157825998849,-0.007698839091532128,-0.008560893601728847,-1.9696879169903037,-0.6286165640843167,-5.388476296422651,-3.960586807799704,4004.622487735534,4024.113154293132,4036.92641945604,4067.3325223949364,000300.SH
2023-05-15,3998.89,0.22069782768829693,0,0.015524054284669297,-0.013255952649436353,-0.0015537157825998849,-0.007698839091532128,-1.5696612564182089,1.001709928445682,-3.0468704540605684,-2.401587390689941,4003.5802172381636,4021.7109491223578,4035.434795163647,4066.651502271604,000300.SH
2023-05-16,3978.21,-0.15987666634374498,1,-0.005171435073232811,0.015524054284669297,-0.013255952649436353,-0.0015537157825998849,-1.2331549102753803,-0.2559910942177668,-3.277640274056537,-2.230780195528115,3998.967450467588,4017.5680015868948,4033.190685549386,4065.771487323628,000300.SH
2023-05-17,3960.17,-0.12623436359931717,2,-0.00453470279346746,-0.005171435073232811,0.015524054284669297,-0.013255952649436353,-0.9182185059809278,-1.7105599527436732,-1.7953811093173844,-3.2216520039100693,3991.91336856439,4012.1015252452858,4030.3271292533323,4064.7207262557317,000300.SH
2023-05-18,3956.07,0.11666175834394954,3,-0.0010353090902662787,-0.00453470279346746,-0.005171435073232811,0.015524054284669297,-0.8667739170964084,-1.8405806091433496,-0.6671454110841024,-4.658768297914384,3985.3963924617738,4006.765189507639,4027.4150849688876,4063.6396245019437,000300.SH
2023-05-19,3944.54,-0.09618482061471567,4,-0.0029145085905962764,-0.0010353090902662787,-0.00453470279346746,-0.005171435073232811,0.17217910690341398,-1.8009002011511455,-0.457519803566786,-5.225575019882123,3977.9679574687234,4000.838980983102,4024.165081636774,4062.4545536113774,000300.SH
2023-05-22,3969.33,-0.02370603435767038,0,0.006284636484862549,-0.0029145085905962764,-0.0010353090902662787,-0.00453470279346746,-0.7392051294234148,-2.297263369319602,0.25510010784925985,-3.7635529608006757,3976.397419747137,3997.838125651378,4022.014686278469,4061.5279411376323,000300.SH
2023-05-23,3913.19,-0.0604876560169606,1,-0.01414344486349084,0.006284636484862549,-0.0029145085905962764,-0.0010353090902662787,-1.6344034125900797,-2.8474035969293987,-1.8862105796280226,-4.858473822155018,3964.905161611294,3989.7763993988656,4017.747051522451,4060.0519417233277,000300.SH
2023-05-24,3859.09,0.11482980621493977,2,-0.01382503788469247,-0.01414344486349084,0.006284636484862549,-0.0029145085905962764,-2.5524156791248864,-3.447197431990523,-4.219315031433901,-4.301971199508003,3945.666041318331,3977.330075646593,4011.525206364708,4058.052320412648,000300.SH
2023-05-25,3850.5,0.007296697368601723,3,-0.0022259133629949357,-0.01382503788469247,-0.01414344486349084,0.006284636484862549,-2.6685574319969096,-3.5122009893100326,-4.460021090503075,-3.317899684631298,3928.3631247149974,3965.251020823108,4005.210492389622,4055.987123194612,000300.SH
2023-05-26,3850.95,-0.1020834956530201,4,0.0001168679392287153,-0.0022259133629949357,-0.01382503788469247,-0.01414344486349084,-2.372646747149232,-2.204552842225027,-4.1308179482583585,-2.819311221979126,3914.288011130452,3954.365209316145,3999.161061315519,4053.9469528145664,000300.SH
2023-05-29,3833.94,0.2013064051788831,0,-0.00441709188641759,0.0001168679392287153,-0.0022259133629949357,-0.01382503788469247,-3.4109030995155276,-4.124894658267664,-5.629809041366984,-3.164504209151775,3899.679281834006,3942.8961417622263,3992.6818040090284,4051.757828905964,000300.SH
2023-05-30,3837.75,0.06288977003950658,1,0.0009937557708257216,-0.00441709188641759,0.0001168679392287153,-0.0022259133629949357,-1.927838924253611,-3.530733671676456,-4.720349166310811,-3.777686402134184,3888.419412409641,3932.882223499157,3986.6060469890667,4049.628397772571,000300.SH
2023-05-31,3798.54,-0.03663690009255971,2,-0.010216923978893844,0.0009937557708257216,-0.00441709188641759,0.0001168679392287153,-1.569022748886395,-4.081390445359667,-4.96213286896997,-5.722135767629921,3872.0777010624333,3920.087726023047,3979.2309078914564,4047.130005754934,000300.SH
2023-06-01,3806.87,0.026414551540511644,3,0.0021929478167928007,-0.010216923978893844,0.0009937557708257216,-0.00441709188641759,-1.1330995974548785,-3.7714196159319813,-4.605503851493231,-5.542584206935053,3860.221755414718,3909.3050854494236,3972.4716566015954,4044.739358931502,000300.SH
2023-06-02,3861.83,-0.037766269672172004,4,0.01443705721498234,0.0021929478167928007,-0.010216923978893844,0.0009937557708257216,0.2825276879730998,-2.0968224431746174,-1.928253626427212,-3.859960964728848,3860.5141635211326,3904.7836487399545,3968.1327681074154,4042.919365310293,000300.SH
2023-06-05,3844.25,-0.09261929323833984,0,-0.004552245955932843,0.01443705721498234,0.0021929478167928007,-0.010216923978893844,0.26891396318147187,-3.151161531039237,-3.867073112788799,-5.3760344207981925,3857.5570428809265,3899.0185393361494,3963.274620338497,4040.942555705216,000300.SH
2023-06-06,3808.16,0.05184775004172515,1,-0.009388047083306317,-0.004552245955932843,0.01443705721498234,0.0021929478167928007,-0.7710246889453543,-2.6839994991298743,-4.274535532312274,-5.454978797779486,3848.5757623571217,3890.365345113659,3957.191694050713,4038.6263113698406,000300.SH
2023-06-07,3789.34,-0.14503886052122972,2,-0.00494201924288884,-0.009388047083306317,-0.004552245955932843,0.01443705721498234,-0.2421983183012344,-1.807420920476066,-4.313703704638938,-5.192312984910686,3837.805623746736,3880.7438836742626,3950.609274676175,4036.1458505601904,000300.SH
2023-06-08,3820.19,0.0486597862784659,3,0.008141259427763226,-0.00494201924288884,-0.009388047083306317,-0.004552245955932843,0.3498937447299344,-0.7871704973380078,-3.434721832525711,-4.271724476652983,3834.6027830655107,3874.9768471338566,3945.4947933163253,4033.997036126756,000300.SH
2023-06-09,3836.7,0.24194937406871153,4,0.004321774571421688,0.008141259427763226,-0.00494201924288884,-0.009388047083306317,-0.6507277637803899,-0.37003856191329954,-2.7339056011600915,-2.5664337085043343,3834.9840952354175,3871.3314331211086,3941.228330833332,4032.0338815384303,000300.SH
2023-06-12,3844.43,-0.026303772130000125,0,0.0020147522610576285,0.004321774571421688,0.008141259427763226,-0.00494201924288884,0.004682317747284337,0.273608872334985,-3.1466267606875764,-3.862571863692177,3836.701532465341,3868.7693918714795,3937.432317859476,4030.1671762494907,000300.SH
2023-06-13,3864.91,-0.06377328380717451,1,0.005327187645502773,0.0020147522610576285,0.004321774571421688,0.008141259427763226,1.4902209991176862,0.7077063383492899,-1.2337760241644347,-2.848014559311851,3841.8303447443695,3868.4018307408624,3934.5883053943985,4028.5228262370583,000300.SH
2023-06-14,3864.02,0.08205177522837825,2,-0.00023027703103040142,0.005327187645502773,0.0020147522610576285,0.004321774571421688,1.9707917473755332,1.7238202046049311,0.12775032455838442,-2.4279260738806707,3845.8648275181204,3867.984513527447,3931.8209208691283,4026.885982194899,000300.SH
2023-06-15,3925.5,0.15866404561457093,3,0.015910890730379323,-0.00023027703103040142,0.005327187645502773,0.0020147522610576285,2.7566691709051128,3.116208328626935,1.9477989871445223,-0.7727365794841901,3860.3439497875524,3873.462178905785,3931.5730416193587,4025.8771664516667,000300.SH
2023-06-16,3963.35,-0.008000221910938188,4,0.009642083810979418,0.015910890730379323,-0.00023027703103040142,0.005327187645502773,3.301013892146898,2.628805514484056,2.918760305898549,0.47686168729432765,3879.0723225534516,3882.022923771901,3932.8191968499723,4025.255005591451,000300.SH
2023-06-19,3930.91,-0.0433765507280327,0,-0.008184995016841778,0.009642083810979418,0.015910890730379323,-0.00023027703103040142,2.249488220620477,2.254275866553934,2.5292518923092144,-0.9679215383956552,3888.49735481646,3886.6788357936243,3932.7443263852674,4024.3162493169093,000300.SH
2023-06-20,3924.24,-0.0072292897583252635,1,-0.0016968081182220374,-0.008184995016841778,0.009642083810979418,0.015910890730379323,1.535093960790812,3.0481912524683796,2.253664256400234,0.2823783153897308,3894.9960175771034,3890.2560895275647,3932.410823389767,4023.3204657416168,000300.SH
2023-06-21,3864.03,-0.08503783019361111,2,-0.015343098281450529,-0.0016968081182220374,-0.008184995016841778,0.009642083810979418,0.000258797832319857,1.9710556455741601,1.724083463646564,0.12800945300577293,3889.3658325630845,3887.7583667154154,3929.729222472521,4021.735485982994,000300.SH
2023-06-26,3809.7,0.016759545625426364,0,-0.014060449841228007,-0.015343098281450529,-0.0016968081182220374,-0.008184995016841778,-2.9499426824608377,-0.2745936720425002,0.07433928660554034,-1.0596026490066301,3874.8811357334325,3880.3242365520423,3925.0221941402656,4019.6256801523177,000300.SH
2023-06-27,3845.43,-0.15185319674293551,1,0.009378691235530257,-0.014060449841228007,-0.015343098281450529,-0.0016968081182220374,-2.975260827330417,0.22753929157870445,-0.4246691335454966,-0.14334125345694115,3869.526383781899,3877.0009759280383,3921.9009316249612,4017.8923898025437,000300.SH
2023-06-28,3840.8,-0.0186091985486182,2,-0.0012040265978056075,0.009378691235530257,-0.014060449841228007,-0.015343098281450529,-2.2923445207343796,-0.09442232008385343,-0.08974442348962386,0.17892820440590373,3864.3034049124626,3873.5532639348917,3918.720502933786,4016.130276471175,000300.SH
2023-06-29,3821.84,-0.010077843536547837,3,-0.004936471568423251,-0.0012040265978056075,0.009378691235530257,-0.014060449841228007,-2.609422461419275,-1.1143855872452368,0.3592286038401893,-0.4145658263305263,3856.582785837469,3868.6281911791875,3914.921267524618,4014.1970398893723,000300.SH
2023-06-30,3842.45,0.019774824392510215,4,0.005392690431833769,-0.004936471568423251,-0.0012040265978056075,0.009378691235530257,-0.5584842767784037,-0.558226924291283,1.4015633329286903,1.155970451805155,3854.0131884124744,3866.135030114503,3912.0792570334565,4012.4881141193287,000300.SH
2023-07-03,3892.88,0.2341154131659433,0,0.013124438834597685,0.005392690431833769,-0.004936471568423251,-0.0012040265978056075,2.1833740189516337,-0.8309769456120164,1.902784940016078,2.2593364102267754,3861.079881428388,3868.682170103598,3911.3263449929286,4011.2979836305794,000300.SH
2023-07-04,3899.01,-0.1578225600377956,1,0.0015746696533158744,0.013124438834597685,0.005392690431833769,-0.004936471568423251,1.3933422270071327,-1.6233741657940781,1.62405191961843,0.9627559990988743,3867.9762666232264,3871.570534855636,3910.8433510716377,4010.180690261121,000300.SH
2023-07-05,3868.81,-0.1291296425955949,2,-0.0077455559231702775,0.0015746696533158744,0.013124438834597685,0.005392690431833769,0.7292751510102002,-1.5797868686894367,0.6341642324089625,0.6388762437406603,3868.127854509912,3871.307626774147,3909.194984362946,4008.7740167261845,000300.SH
2023-07-06,3842.75,-0.019415311878268393,3,-0.006735921381510024,-0.0077455559231702775,0.0015746696533158744,0.013124438834597685,0.5471186653549065,-2.076580433408759,-0.5733639334421725,0.9083126759379834,3863.5136991444733,3868.587852795657,3906.5892987016537,4007.1220364602523,000300.SH
2023-07-07,3825.7,-0.05858892613834987,4,-0.0044369266801119744,-0.006735921381510024,-0.0077455559231702775,0.0015746696533158744,-0.43591979075849885,-0.9919695240461435,-0.9917132934094575,0.9595338502219386,3856.638481118205,3864.5032953865466,3903.417169340805,4005.316842067613,000300.SH
2023-07-10,3844.33,0.06579085061421841,0,0.004869697048906163,-0.0044369266801119744,-0.006735921381510024,-0.0077455559231702775,-1.2471486405951415,0.9089954589600158,-2.067762068526302,0.6319057429080788,3854.4005754603495,3862.5820291592563,3901.1000254450873,4003.7149829425625,000300.SH
2023-07-11,3869.49,-0.041945867629732514,1,0.006544703498398974,0.004869697048906163,-0.0044369266801119744,-0.006735921381510024,-0.7571152677218196,0.6256777525530222,-2.3681986198544225,0.8546407068574569,3857.144107194831,3863.239931144089,3899.860416604103,4002.3794109729847,000300.SH
2023-07-12,3843.44,0.20531400925378618,2,-0.0067321533328681404,0.006544703498398974,0.004869697048906163,-0.0044369266801119744,-0.6557571966573694,0.06873568006664499,-2.2251844992635217,-0.02575154184104589,3854.6524513412255,3861.3542234160805,3897.6478512470794,4000.7979242966367,000300.SH
2023-07-13,3898.42,0.0991942779541568,3,0.014304893532876894,-0.0067321533328681404,0.006544703498398974,0.004869697048906163,1.4487021013597001,2.0037468863165264,-0.6579617964242668,0.8670318325653126,3862.6101874610026,3864.884297376454,3897.6781315903313,3999.77923848274,000300.SH
2023-07-14,3899.1,-0.06395920820885148,4,0.0001744296407262258,0.014304893532876894,-0.0067321533328681404,0.006544703498398974,1.9186031314530672,1.4743197699384591,0.9076016490555228,0.9078627957412211,3869.2446988317292,3868.142935721554,3897.733891135809,3998.7774550152503,000300.SH
2023-07-17,3867.17,-0.20708723910910243,0,-0.008189069272396154,0.0001744296407262258,0.014304893532876894,-0.0067321533328681404,0.5941217325255765,-0.6604364891802494,1.508517731054937,-1.4859253598267674,3868.8674808623236,3868.050275176644,3896.5353071696986,3997.4679280996756,000300.SH
2023-07-18,3854.94,-0.04305965604295625,1,-0.003162519361703753,-0.008189069272396154,0.0001744296407262258,0.014304893532876894,-0.37601854507958166,-1.1302869189871334,0.24730654309141897,-2.73531229893903,3866.3352116146284,3866.801677540773,3894.90411865324,3996.0497397603754,000300.SH
2023-07-19,3850.87,-0.09450886727524455,2,-0.001055788157532933,-0.003162519361703753,-0.008189069272396154,0.0001744296407262258,0.19331640405468864,-0.4637084788345791,0.2621849614663496,-2.0361697418663893,3863.5233549574227,3865.2843749178423,3893.17729047076,3994.6051652353967,000300.SH
2023-07-20,3823.69,0.1520663865028613,3,-0.0070581453022303675,-0.001055788157532933,-0.003162519361703753,-0.008189069272396154,-1.9169304487459016,-0.49599895907878055,0.04840600339104384,-2.5622795751534033,3856.2809267833454,3861.3230058780478,3890.452298687593,3992.9045168250946,000300.SH
2023-07-21,3821.91,-0.09853473080991393,4,-0.0004655189097443335,-0.0070581453022303675,-0.001055788157532933,-0.003162519361703753,-1.9796876202200497,-0.09906683744150824,-0.5345547762495295,-1.0900536486518009,3850.0316673681914,3857.569386270615,3887.764365405727,3991.2030788467355,000300.SH
2023-07-24,3805.22,-0.036245942500840456,0,-0.004366926484401845,-0.0004655189097443335,-0.0070581453022303675,-0.001055788157532933,-1.6019466431524965,-1.0173424237773565,-2.2518032921641673,-0.11759456125154388,3841.8840914830657,3852.5837304353186,3884.527331468247,3989.3525009477635,000300.SH
2023-07-25,3915.12,0.9799061554772759,1,0.02888137873762897,-0.004366926484401845,-0.0004655189097443335,-0.0070581453022303675,1.5611137916543338,1.1792251692083422,0.4131818076896332,1.8122810712976278,3855.1997112134172,3858.539565631955,3885.7270439596887,3988.613869097537,000300.SH
2023-07-26,3907.01,-0.3566439231203392,2,-0.00207145630274419,0.02888137873762897,-0.004366926484401845,-0.0004655189097443335,1.4578523814099187,1.6539870532647827,0.9873837174738664,1.7238596125807026,3864.6197637200685,3863.155797476531,3886.5616696867596,3987.801890300547,000300.SH
2023-07-27,3902.35,0.02038653668103918,3,-0.0011927279428515236,-0.00207145630274419,0.02888137873762897,-0.004366926484401845,2.057175137105771,0.10081007177267232,1.5509726107605148,2.106576936763438,3871.479806680056,3866.8885786692426,3887.180819895122,3986.9516227353674,000300.SH
2023-07-28,3992.74,0.5753094699734709,4,0.02316296590515976,-0.0011927279428515236,-0.00207145630274419,0.02888137873762897,4.469754651470081,2.40157985176066,4.366259769453951,3.9113065882444786,3893.5271145564093,3878.874428319791,3891.3203955855097,3987.0092185290455,000300.SH
2023-07-31,4014.63,0.18204779367909207,0,0.005482450647926074,0.02316296590515976,-0.0011927279428515236,-0.00207145630274419,5.503229773836993,3.81312432605756,4.4299006588924605,3.1275045724502126,3915.545821000698,3891.8035303845727,3896.156066346862,3987.284052175523,000300.SH
2023-08-01,3998.0,-0.30261936816773927,1,-0.004142349357226016,0.005482450647926074,0.02316296590515976,-0.0011927279428515236,2.1169210649992776,3.711082403357757,3.3211095002183777,2.538849605412641,3930.537489909662,3901.9174798717563,3900.1499460979658,3987.390678522035,000300.SH
2023-08-02,3969.9,-0.19851704538719595,2,-0.007028514257128582,-0.004142349357226016,0.005482450647926074,0.02316296590515976,1.6096708224447864,3.0909898282725834,3.290281622712987,2.612948167524376,3937.694309926087,3908.3920055982558,3902.885242329418,3987.216641919826,000300.SH
2023-08-03,4004.98,0.09729870830453335,3,0.008836494622030733,-0.007028514257128582,-0.004142349357226016,0.005482450647926074,2.629953745819824,4.741231637501997,2.733415075851231,4.221716218853677,3949.9280717577076,3917.590862207946,3906.8889583164996,3987.3933917514696,000300.SH
2023-08-04,4020.58,0.4079888321609424,4,0.003895150537580605,0.008836494622030733,-0.007028514257128582,-0.004142349357226016,0.6972655369495762,5.1981862471905504,3.1155907773588787,5.093969731029624,3962.7738768926697,3927.3993515214747,3911.347430539382,3987.723606758918,000300.SH
2023-08-07,3990.15,-0.28256164120823657,0,-0.0075685597600345655,0.003895150537580605,0.008836494622030733,-0.007028514257128582,-0.6097697670769175,4.859902975386454,3.1801032796592965,3.7931186968860775,3967.751353821275,3933.3756037575245,3914.437727380975,3987.747749975247,000300.SH
2023-08-08,3979.73,-0.10779500883722304,1,-0.0026114306479706473,-0.0075685597600345655,0.003895150537580605,0.008836494622030733,-0.45697848924461937,1.6502687018533413,3.237145065811653,2.8489542549535063,3969.929289490134,3937.79030816157,3916.9982086601526,3987.6679713685285,000300.SH
2023-08-09,3967.57,-0.1392671308525969,2,-0.003055483663464531,-0.0026114306479706473,-0.0075685597600345655,0.003895150537580605,-0.05869165470162585,1.5500344253022158,3.030484020494084,3.229658847282635,3969.500327764655,3940.6264692890395,3918.981416163676,3987.4679915539164,000300.SH
2023-08-10,3975.72,0.007181945917480004,3,0.002054154053992674,-0.003055483663464531,-0.0026114306479706473,-0.0075685597600345655,-0.7305904149334186,1.8801491409022653,3.9760022386752025,1.9828545923733065,3970.6311772619906,3943.968710309131,3921.2064586670613,3987.351096115569,000300.SH
2023-08-11,3884.25,0.15883922234134396,4,-0.023007153421267024,0.002054154053992674,-0.003055483663464531,-0.0026114306479706473,-3.3908043118157094,-2.71718168475783,1.6311216119688776,-0.3808571208740452,3954.925508668901,3938.281214089214,3919.7571857781572,3986.3252145621805,000300.SH
2023-08-14,3855.91,-0.02909681688177912,0,-0.007296131814378604,-0.023007153421267024,0.002054154053992674,-0.003055483663464531,-3.3642845507061203,-3.953539927714389,1.3321174597000995,-0.29116899438090815,3936.9226889109186,3930.436336556908,3917.2533745711708,3985.0275507356914,000300.SH
2023-08-15,3846.54,-0.10214712531797154,1,-0.0024300359707565278,-0.007296131814378604,-0.023007153421267024,0.002054154053992674,-3.346709450138574,-3.7883941970985546,-1.751670446882847,-0.21790222415912774,3920.489472745297,3922.4462092657736,3914.480301058576,3983.649565156232,000300.SH
2023-08-16,3818.33,-0.04572437991677847,2,-0.007333863680086483,-0.0024300359707565278,-0.007296131814378604,-0.023007153421267024,-3.7614963315077077,-3.817980301770829,-2.2697663942503388,-0.8450038562714424,3901.915023155243,3912.5303798118903,3910.7097010170633,3982.0045943586574,000300.SH
2023-08-17,3831.1,0.028170747573865507,3,0.003344394015184715,-0.007333863680086483,-0.0024300359707565278,-0.007296131814378604,-3.6375801112754402,-4.341594714580355,-1.8258229015849392,0.19379186074184318,3889.039564399744,3904.7751055440913,3907.5877519575706,3980.5030561063327,000300.SH
2023-08-18,3784.0,-0.032443190842180836,4,-0.012294119182480245,0.003344394015184715,-0.007333863680086483,-0.0024300359707565278,-2.58093583059793,-5.884225658984521,-5.227988799671401,-0.9919124207529717,3869.9414617816083,3893.272714539892,3902.741173449431,3978.5478018167178,000300.SH
2023-08-21,3729.56,0.029292824292506348,0,-0.014386892177589816,-0.012294119182480245,0.003344394015184715,-0.007333863680086483,-3.276788099307293,-6.53083217422904,-7.10077890116898,-1.988321305995444,3844.4175596394975,3877.681027440855,3895.9497548827867,3976.0703112513775,000300.SH
2023-08-22,3758.23,0.17351453691816943,1,0.007687233882817335,-0.014386892177589816,-0.012294119182480245,0.003344394015184715,-2.295829498718327,-5.5657042060642254,-5.9972486243121566,-4.0072845787613165,3828.747094250498,3866.3047391131545,3890.548980181501,3973.902745965294,000300.SH
2023-08-23,3696.63,-0.21127902407051313,2,-0.016390694555681762,0.007687233882817335,-0.014386892177589816,-0.012294119182480245,-3.1872572564445645,-6.828865023175402,-6.883548703997578,-5.384680356589822,3804.7258043867705,3850.145240149997,3882.9443142920304,3971.1438131696195,000300.SH
2023-08-24,3723.43,0.22296859790387646,3,0.007249846481795608,-0.016390694555681762,0.007687233882817335,-0.014386892177589816,-2.810419983816659,-6.345768816717479,-7.029997652922115,-4.584929593706355,3789.944749043721,3838.0771220404736,3876.6888509864607,3968.6789991082305,000300.SH
2023-08-25,3709.15,-0.10524928513519927,4,-0.00383517348251472,0.007249846481795608,-0.016390694555681762,0.007687233882817335,-1.9780655391120505,-4.507948767458325,-7.745897358092613,-7.102641293948508,3775.254794672135,3825.7983485128093,3870.118699967384,3966.0966210076513,000300.SH
2023-08-28,3752.62,0.9080006974885855,0,0.011719666230807446,-0.00383517348251472,0.007249846481795608,-0.016390694555681762,0.6183034996085413,-2.678745095191537,-5.952909038507325,-6.5263797660058405,3771.1393774590197,3818.8289819877796,3865.5109078118003,3963.972475524988,000300.SH
2023-08-29,3790.11,-0.21761897344339087,1,0.009990353406420072,0.011719666230807446,-0.00383517348251472,0.007249846481795608,0.8482716597973061,-1.4670327099159164,-4.764644837715116,-5.199849924962474,3774.5885815573793,3816.093840846086,3862.5540094662397,3962.2425006441426,000300.SH
2023-08-30,3788.51,-0.13507340913805688,2,-0.0004221513359770057,0.009990353406420072,0.011719666230807446,-0.00383517348251472,2.485507069952897,-0.7809696909381825,-4.51308987617105,-4.569132723746183,3777.1197485469465,3813.466808384554,3859.6503228205047,3960.5138190456937,000300.SH
2023-08-31,3765.27,-0.14621288958885803,3,-0.006134337773953447,-0.0004221513359770057,0.009990353406420072,0.011719666230807446,1.1236950875939788,-1.7183054475215953,-5.293380821587023,-5.985298303612008,3774.965248811138,3808.8766361574535,3855.949133690289,3958.571094478075,000300.SH
2023-09-01,3791.49,-0.11033263249249647,4,0.006963644041463102,-0.006134337773953447,-0.0004221513359770057,0.009990353406420072,2.219915614089474,0.19793868921775815,-2.388105811932806,-5.697934128906779,3777.9697490272943,3807.2207660472195,3853.421324525964,3956.908596025557,000300.SH
2023-09-04,3848.95,0.38158122262136485,0,0.015154991836982212,0.006963644041463102,-0.006134337773953447,-0.0004221513359770057,2.56700651811268,3.2011819088578752,-0.18050213827605077,-3.53871408343045,3790.8752492041494,3811.194978804627,3853.2459784661223,3955.834381139731,000300.SH
2023-09-05,3820.32,-0.2376990109850714,1,-0.0074383922888059395,0.015154991836982212,0.006963644041463102,-0.006134337773953447,0.7970744912416894,1.6521075080556669,-0.6816515621831498,-4.0055481150731325,3796.22884025794,3812.064028442282,3851.9547636243137,3954.4859793373457,000300.SH
2023-09-06,3812.03,-0.08433420878003439,2,-0.002169975290028048,-0.0074383922888059395,0.015154991836982212,0.006963644041463102,0.6208245457976824,3.1217622537283995,-0.16499359667707658,-3.920283700098548,3799.1017783928596,3812.060787638255,3850.389086619439,3953.0685069061283,000300.SH
2023-09-07,3758.47,-0.01009004493696819,3,-0.014050256687381912,-0.002169975290028048,-0.0074383922888059395,0.015154991836982212,-0.18059793852764905,0.9410677789027933,-1.8958001618334164,-5.464419023472478,3791.7141823214306,3806.9569031012784,3846.784416555932,3951.132203354824,000300.SH
2023-09-08,3739.99,-0.2141536412199695,4,-0.004916894374572656,-0.014050256687381912,-0.002169975290028048,-0.0074383922888059395,-1.358305046301056,0.8314573419786031,-1.1630549682875357,-3.7139730964793727,3782.3097855357155,3800.579102805919,3842.596400220405,3949.0312859085075,000300.SH
2023-09-11,3767.54,0.446402047838947,0,0.007366329856496989,-0.004916894374572656,-0.014050256687381912,-0.002169975290028048,-2.1151223060834723,0.3975888845659803,1.018350690161851,-2.2918066033698947,3779.624369983767,3797.4325215863078,3839.6530119764675,3947.225402466632,000300.SH
2023-09-12,3760.6,-0.2501943043721534,1,-0.0018420507811462983,0.007366329856496989,-0.004916894374572656,-0.014050256687381912,-1.5632198349876503,-0.7786053702926843,0.06306160080675749,-2.2342156847452554,3776.1653936230814,3793.924662387612,3836.5528938597436,3945.3684332878597,000300.SH
2023-09-13,3736.65,-0.013413170131270635,2,-0.006368664574801897,-0.0018420507811462983,0.007366329856496989,-0.004916894374572656,-1.9774241021188188,-1.3688758905216036,1.0826076723934985,-2.139155075648247,3768.980776600703,3788.4699326364107,3832.6351333162243,3943.2916329566374,000300.SH
2023-09-14,3733.51,0.09650024823114967,3,-0.0008403248899414573,-0.006368664574801897,-0.0018420507811462983,0.007366329856496989,-0.6641000194227864,-0.8434986070055994,0.27071812817751617,-2.5473101720132507,3762.531544491484,3783.235653337705,3828.7478731861765,3941.204253524233,000300.SH
2023-09-15,3708.78,0.19013874695618949,4,-0.006623793695476943,-0.0008403248899414573,-0.006368664574801897,-0.0018420507811462983,-0.8344942098775565,-2.181464279214762,-0.009975331275358101,-1.9878435517970305,3752.7585364021234,3776.1446387341143,3824.0432507082874,3938.8915743846887,000300.SH
2023-09-18,3727.71,-0.12988987686570497,0,0.005104104314626268,-0.006623793695476943,-0.0008403248899414573,-0.006368664574801897,-1.0571885102746092,-3.1499499863599123,-0.6638028897143822,-0.049603706603462694,3748.2042570562826,3771.531815997532,3820.265476170707,3936.790265186831,000300.SH
2023-09-19,3720.5,-0.13856462923378088,1,-0.0019341633335211439,0.005104104314626268,-0.006623793695476943,-0.0008403248899414573,-1.0663192043822822,-2.6128701260627385,-1.836622156085188,-1.0039300415355057,3743.1671194096857,3766.671643045386,3816.35310455617,3934.638123244674,000300.SH
2023-09-20,3705.69,-0.12960724583983219,2,-0.003980647762397482,-0.0019341633335211439,0.005104104314626268,-0.006623793695476943,-0.8285496367066769,-2.7895897986112472,-2.1860837110104003,0.24508809375025642,3736.353097698833,3760.863867517254,3812.013374965732,3932.36003246612,000300.SH
2023-09-21,3672.44,0.14716393604618694,3,-0.008972687947453761,-0.003980647762397482,-0.0019341633335211439,0.005104104314626268,-1.6357261665296274,-2.2889633281627852,-2.4654274461061165,-1.3694362456122433,3724.7325344808633,3752.4425468013255,3806.5399092808016,3929.773763486358,000300.SH
2023-09-22,3738.93,0.4238493968675332,4,0.0181051290150418,-0.008972687947453761,-0.003980647762397482,-0.0019341633335211439,0.8129357902059375,-0.028342321770913337,-1.386262392885118,0.8028793658924505,3727.313891847979,3751.1556375821515,3803.8885402893975,3927.874820566096,000300.SH
2023-09-25,3714.6,-0.18957193710433828,0,-0.0065072092817998195,0.0181051290150418,-0.008972687947453761,-0.003980647762397482,-0.3516904480230565,-1.4051609272894283,-3.4905623611634296,-1.0131588063806096,3725.002275148346,3747.674148288613,3800.3870289054994,3925.7526830480256,000300.SH
2023-09-26,3692.89,-0.11544353200637014,1,-0.005844505464922212,-0.0065072092817998195,0.0181051290150418,-0.008972687947453761,-0.7421045558392736,-1.8005105568260404,-3.3355844536583357,-2.565097055230592,3719.1636796668286,3742.4566103563643,3796.1714591444997,3923.435641425657,000300.SH
2023-09-27,3700.5,0.1957935232413921,2,0.0020607166744746053,-0.005844505464922212,-0.0065072092817998195,0.0181051290150418,-0.14005488856326798,-0.9674441009995594,-2.9257377302906895,-2.3230768824683112,3715.7702833637686,3738.4607427033775,3792.4196372172646,3921.217376336845,000300.SH
2023-09-28,3689.52,-0.0685113772376601,3,-0.0029671665991082286,0.0020607166744746053,-0.005844505464922212,-0.0065072092817998195,0.46508588295519626,-1.1782478150587528,-1.834523090512885,-2.01180791815726,3710.997504570356,3733.79971958877,3788.3843573263916,3918.9119298061305,000300.SH
2023-10-09,3684.73,0.16007747731243982,0,-0.0012982718619224398,-0.0029671665991082286,0.0020607166744746053,-0.005844505464922212,-1.4496125896981127,-0.6484612190531758,-1.4775440576044296,-2.8157795484097248,3706.221594648473,3729.126412961268,3784.319480568494,3916.5817613503486,000300.SH
2023-10-10,3657.13,-0.0906003502620677,1,-0.007490372428916037,-0.0012982718619224398,-0.0029671665991082286,0.0020607166744746053,-1.5471383190652999,-1.8933876294024987,-2.9305594632041077,-4.9836968523883085,3697.2958501669323,3722.269611726862,3779.331657801102,3914.0001517846736,000300.SH
2023-10-11,3667.55,0.15887832057214646,2,0.0028492287668198113,-0.007490372428916037,-0.0012982718619224398,-0.0029671665991082286,-0.6861834498184227,-1.4231958070151762,-2.474339201191289,-3.9988796750010436,3691.8875137729447,3717.0582201338275,3774.9480633775297,3911.5479114684085,000300.SH
2023-10-12,3702.38,0.03693057217403872,3,0.009496803042903235,0.0028492287668198113,-0.007490372428916037,-0.0012982718619224398,0.05080394541279176,-0.08932209655961865,-0.9171316553597486,-2.876420175077321,3693.7952385415,3715.6602944067963,3772.102256970568,3909.4666387174793,000300.SH
2023-10-13,3663.41,-0.12562247486128086,4,-0.010525661871553016,0.009496803042903235,0.0028492287668198113,-0.007490372428916037,-0.7076801318328663,-0.2458855692673012,-1.877589721200701,-2.5292206669203177,3688.2706497157724,3710.6840758918634,3767.8398155207415,3907.0183139541214,000300.SH
2023-10-16,3626.6,-0.06238140404911341,0,-0.010048015373654628,-0.010525661871553016,0.009496803042903235,0.0028492287668198113,-1.5775918452641036,-3.004335464959229,-2.2158229930057893,-3.0318262883055835,3677.0578043129044,3702.676068664067,3762.3009992258103,3904.2280819744788,000300.SH
