Date,Price,Vol.,weekday,mom,mom1,mom2,mom3,ROC_5,ROC_10,ROC_15,ROC_20,EMA_10,EMA_20,EMA_50,EMA_200,Name
2010-01-04,48.77,-0.15263774912075023,0,-0.0006147540983605371,0.013920631622688528,0.02100127280441244,-0.010703043022035619,3.545647558386422,-0.46938775510203534,-6.749521988527718,-10.068227918126482,48.622858631834625,49.732371917886844,50.99759540153857,51.65675377056033,300015.SZ
2010-01-05,51.0,1.558384061981184,1,0.045724830838630215,-0.0006147540983605371,0.013920631622688528,0.02100127280441244,7.030430220356765,3.7639877924720233,-2.0172910662824117,-7.725710150171894,49.05506615331924,49.85309840189762,50.99768969951745,51.65021890717167,300015.SZ
2010-01-06,49.74,-0.47317759030932294,2,-0.024705882352941133,0.045724830838630215,-0.0006147540983605371,0.013920631622688528,5.5154857870173934,6.578101564173977,-5.058217217026151,-11.178571428571427,49.17959957998847,49.84232712552642,50.94836853483049,51.63121175386648,300015.SZ
2010-01-07,48.58,-0.06466844590433174,3,-0.023321270607157274,-0.024705882352941133,0.045724830838630215,-0.0006147540983605371,0.9349677955537095,2.0588235294117574,-4.37007874015748,-13.681592039801005,49.07058147453601,49.7221054945239,50.85549133738616,51.600851437907615,300015.SZ
2010-01-08,47.23,0.1788849868305531,4,-0.027789213668176216,-0.023321270607157274,-0.024705882352941133,0.045724830838630215,-3.2172131147541028,-3.0582922824302194,-2.154547337891044,-13.482322769738053,48.73593029734764,49.48476211409306,50.71331520650828,51.55736037882396,300015.SZ
2010-01-11,47.4,-0.18692980822938,0,0.0035994071564684482,-0.027789213668176216,-0.023321270607157274,-0.024705882352941133,-2.8091039573508447,0.6369426751592355,-3.2653061224489854,-9.369024856596553,48.49303387964807,49.28621334132229,50.58338127684129,51.51599360888541,300015.SZ
2010-01-12,48.44,-0.12136478131440354,1,0.021940928270042237,0.0035994071564684482,-0.027789213668176216,-0.023321270607157274,-5.019607843137264,1.6579223504721963,-1.444557477110886,-6.935638808837652,48.483391356075686,49.20562159452969,50.49932710912202,51.485386707304464,300015.SZ
2010-01-13,49.35,0.7954130831378683,2,0.018786127167630173,0.021940928270042237,0.0035994071564684482,-0.027789213668176216,-0.7840772014475306,4.688162918964789,5.742446968073711,-5.802634090475278,48.64095656406192,49.2193719188602,50.45425545778391,51.464139078376064,300015.SZ
2010-01-14,51.52,0.4581216431993034,3,0.04397163120567371,0.018786127167630173,0.021940928270042237,0.0035994071564684482,6.05187319884728,7.043424059837933,8.23529411764705,1.4173228346456845,49.164419006959754,49.438479355159224,50.49604936140023,51.46469490844197,300015.SZ
2010-01-15,51.06,-0.532404181184669,4,-0.008928571428571397,0.04397163120567371,0.018786127167630173,0.021940928270042237,8.109252593690464,4.631147540983616,4.802955665024644,5.779987569919198,49.50907009660344,49.59290989276311,50.51816507271787,51.460668093432595,300015.SZ
2010-01-18,51.2,-0.43304236746859703,0,0.0027418723070897766,-0.008928571428571397,0.04397163120567371,0.018786127167630173,8.016877637130815,4.982571252819357,8.704883227176218,4.489795918367356,49.81651189722099,49.74596609345234,50.544903697317174,51.458074381060136,300015.SZ
2010-01-19,50.08,0.6425084491175368,1,-0.02187500000000009,0.0027418723070897766,-0.008928571428571397,0.04397163120567371,3.3856317093311272,-1.8039215686274535,5.099685204616988,1.8921668362156696,49.86441882499899,49.77777884645688,50.526672179775325,51.44436219816402,300015.SZ
2010-01-20,47.1,0.23822588020118873,2,-0.05950479233226835,-0.02187500000000009,0.0027418723070897766,-0.008928571428571397,-4.559270516717328,-5.307599517490957,-0.08485362749257597,0.9213627598028795,49.36179722045372,49.522752289651464,50.39229287860766,51.40113471360518,300015.SZ
2010-01-21,47.63,-0.5334194977843427,3,0.011252653927813272,-0.05950479233226835,-0.02187500000000009,0.0027418723070897766,-7.550465838509313,-1.9555372581309127,-1.0388531061707895,0.06302521008403339,49.04692499855304,49.34249016682752,50.28396766768187,51.3636109851116,300015.SZ
2010-01-22,44.8,1.7447566284131382,4,-0.0594163342431242,0.011252653927813272,-0.05950479233226835,-0.02187500000000009,-12.260086173129658,-5.145034935422399,-8.196721311475407,-8.045977011494255,48.274756816997936,48.909872055701086,50.068910112086506,51.29830142307069,300015.SZ
2010-01-25,43.51,-0.4968281430219147,0,-0.028794642857142838,-0.0594163342431242,0.011252653927813272,-0.05950479233226835,-15.019531250000007,-8.206751054852324,-10.785318843551373,-7.62208067940553,47.408437395725585,48.395598526586696,49.81169795082821,51.220805886522726,300015.SZ
2010-01-26,43.6,-0.2816618911174785,1,0.002068490002298473,-0.028794642857142838,-0.0594163342431242,0.011252653927813272,-12.939297124600635,-9.991742361684553,-14.50980392156862,-8.49947534102833,46.715994232866386,47.938874857387965,49.56810195275652,51.144976972228974,300015.SZ
2010-01-27,43.7,-0.0969285999202234,2,0.002293577981651307,0.002068490002298473,-0.028794642857142838,-0.0594163342431242,-7.218683651804669,-11.448834853090172,-12.143144350623237,-7.2974119643614666,46.1676316450725,47.535172490017686,49.33798030755038,51.07089759937098,300015.SZ
2010-01-28,44.0,1.0786219081272086,3,0.00686498855835227,0.002293577981651307,0.002068490002298473,-0.028794642857142838,-7.621247113163976,-14.596273291925465,-9.427748044462735,-8.58092665697071,45.77351680051386,47.198489395730284,49.12864774646998,51.00054040932749,300015.SZ
2010-01-29,44.11,-0.06396090097747564,4,0.0024999999999999467,0.00686498855835227,0.002293577981651307,0.002068490002298473,-1.5401785714285632,-13.611437524481007,-6.605970781283077,-9.61065573770491,45.47105920042043,46.904347548517876,48.93183803092214,50.93197781818991,300015.SZ
2010-02-01,40.8,3.3986379114642453,0,-0.07503967354341423,0.0024999999999999467,0.00686498855835227,0.002293577981651307,-6.228453229142728,-20.31250000000001,-13.924050632911399,-16.342013532909583,44.621775709434885,46.322981115325696,48.61294242186637,50.83116211850643,300015.SZ
2010-02-02,40.82,-0.743445499587118,1,0.0004901960784313708,-0.07503967354341423,0.0024999999999999467,0.00686498855835227,-6.376146788990833,-18.49041533546325,-15.730800990916594,-19.960784313725487,43.930543762264904,45.79888767577087,48.30733683669514,50.73154856508845,300015.SZ
2010-02-03,40.35,0.04385435526051085,2,-0.011513963743263078,0.0004901960784313708,-0.07503967354341423,0.0024999999999999467,-7.665903890160186,-14.3312101910828,-18.237082066869302,-18.878166465621227,43.279535805489466,45.27994599236412,47.99528441172671,50.628249574391056,300015.SZ
2010-02-04,41.1,-0.20986702640200428,3,0.018587360594795488,-0.011513963743263078,0.0004901960784313708,-0.07503967354341423,-6.590909090909092,-13.709846735250897,-20.225155279503106,-15.397282832441327,42.88325656812775,44.88185589785325,47.72488110146291,50.53344112091453,300015.SZ
2010-02-05,41.0,-0.19195121951219507,4,-0.0024330900243308973,0.018587360594795488,-0.011513963743263078,0.0004901960784313708,-7.050555429607797,-8.482142857142849,-19.702311006658835,-13.190768579292822,42.54084628301361,44.512155336152944,47.46116027395457,50.438581010258666,300015.SZ
2010-02-08,42.7,1.0842137035919106,0,0.04146341463414638,-0.0024330900243308973,0.018587360594795488,-0.011513963743263078,4.656862745098045,-1.8616410020684815,-16.6015625,-9.915611814345981,42.569783322465675,44.33956911366219,47.27444810634851,50.361580204186446,300015.SZ
2010-02-09,42.85,-0.7081824764663287,1,0.003512880562060783,0.04146341463414638,-0.0024330900243308973,0.018587360594795488,4.973052425281721,-1.7201834862385357,-14.436900958466447,-11.54004954582989,42.62073180929009,44.19770538855151,47.100940337472096,50.2868381126025,300015.SZ
2010-02-10,44.6,1.464516129032258,2,0.040840140023337135,0.003512880562060783,0.04146341463414638,-0.0024330900243308973,10.532837670384133,2.0594965675057253,-5.307855626326963,-9.625126646403237,42.980598753055524,44.236019161070416,47.00286424580653,50.23025265874576,300015.SZ
2010-02-11,44.62,-0.24063632702376148,3,0.0004484304932734773,0.040840140023337135,0.003512880562060783,0.04146341463414638,8.564476885644767,1.4090909090908932,-6.319546504304019,-13.392857142857151,43.27867170704543,44.27258876477799,46.909418589108235,50.17442924920601,300015.SZ
2010-02-12,45.76,-0.17104216388225935,4,0.025549081129538243,0.0004484304932734773,0.040840140023337135,0.003512880562060783,11.609756097560965,3.7406483790523692,2.1428571428571352,-10.379945162553861,43.72982230576444,44.414246977656276,46.86434335031968,50.13050458005968,300015.SZ
2010-02-22,45.43,-0.07421625079974403,0,-0.007211538461538436,0.025549081129538243,0.0004484304932734773,0.040840140023337135,6.393442622950807,11.348039215686278,4.41277867156975,-11.269531250000009,44.038945522898175,44.51098536073663,46.808094591483616,50.08373339020834,300015.SZ
2010-02-23,45.5,-0.03248099516240499,1,0.0015408320493066618,-0.007211538461538436,0.025549081129538243,0.0004484304932734773,6.1843640606767725,11.46496815286624,4.357798165137616,-9.14536741214057,44.304591791462144,44.60517723114267,46.75679676436661,50.03812410274358,300015.SZ
2010-02-24,47.59,1.2321428571428572,2,0.045934065934065904,0.0015408320493066618,-0.007211538461538436,0.025549081129538243,6.704035874439462,17.94299876084262,8.901601830663619,1.0403397027600958,44.90193873846903,44.889446066271944,46.78947140105812,50.01376465893519,300015.SZ
2010-02-25,47.84,0.14847999999999995,3,0.005253204454717331,0.045934065934065904,0.0015408320493066618,-0.007211538461538436,7.2164948453608435,16.39902676399028,8.727272727272739,0.44089859332354653,45.436131695111015,45.170451202817475,46.830668601016626,49.992135159841304,300015.SZ
2010-02-26,49.1,0.1492059069378655,4,0.026337792642140423,0.005253204454717331,0.045934065934065904,0.0015408320493066618,7.298951048951063,19.756097560975604,11.312627522103845,9.598214285714302,46.102289568727194,45.54469394540629,46.91966198921205,49.983258193076715,300015.SZ
2010-03-01,50.9,0.19153836828706527,0,0.03665987780040725,0.026337792642140423,0.005253204454717331,0.045934065934065904,12.040501871010335,19.20374707259953,24.754901960784316,16.984601241093998,46.97460055623134,46.05472309346283,47.075753675909624,49.99238000210083,300015.SZ
2010-03-02,50.3,-0.2823278054735985,1,-0.011787819253438192,0.03665987780040725,0.026337792642140423,0.005253204454717331,10.549450549450533,17.386231038506406,23.223909848113667,15.3669724770642,47.57921863691655,46.459035179799706,47.20219470822689,49.995440897602315,300015.SZ
2010-03-03,49.28,-0.04564785937057003,2,-0.020278330019880664,-0.011787819253438192,0.03665987780040725,0.026337792642140423,3.551166211388934,10.4932735426009,22.131350681536553,12.76887871853547,47.88845161202263,46.72769849600926,47.28367726868858,49.988322082700805,300015.SZ
2010-03-04,50.39,0.518270944741533,3,0.022524350649350655,-0.020278330019880664,-0.011787819253438192,0.03665987780040725,5.330267558528412,12.931420887494415,22.603406326034058,14.522727272727277,48.34327859165488,47.07648911543695,47.40549384638707,49.992318877897816,300015.SZ
2010-03-05,53.5,0.2062420506799727,4,0.06171859495931731,0.022524350649350655,-0.020278330019880664,-0.011787819253438192,8.96130346232178,16.914335664335667,30.487804878048784,21.287689866243475,49.280864302263076,47.688252056823906,47.644494087705226,50.02722117762023,300015.SZ
2010-03-08,54.14,-0.25403520155730397,0,0.011962616822429828,0.06171859495931731,0.022524350649350655,-0.020278330019880664,6.365422396856579,19.172353070658165,26.79156908665106,32.69607843137257,50.16434352003342,48.30270424188829,47.899219809756005,50.06814434998221,300015.SZ
2010-03-09,53.68,-0.3208654996194411,1,-0.008496490579977811,0.011962616822429828,0.06171859495931731,0.022524350649350655,6.7196819085487025,17.978021978021985,25.27421236872811,31.504164625183726,50.80355378911825,48.81482764742274,48.12591707211851,50.104083212171446,300015.SZ
2010-03-10,56.29,1.0914185078450207,2,0.04862146050670635,-0.008496490579977811,0.011962616822429828,0.06171859495931731,14.224837662337663,18.28115150241647,26.210762331838566,39.50433705080545,51.80108946382402,49.52674882385867,48.4460771869374,50.16563462299561,300015.SZ
2010-03-11,56.3,-0.2085279032381535,3,0.0001776514478593061,0.04862146050670635,-0.008496490579977811,0.011962616822429828,11.728517563008523,17.6839464882943,26.176602420439266,36.982968369829685,52.61907319767419,50.171820364443555,48.75407415999869,50.22667308445835,300015.SZ
2010-03-16,55.21,-0.514386944384797,1,-0.028506070737286615,0.009413854351687512,0.0,0.0001776514478593061,2.8502235469448634,9.761431411530829,21.34065934065934,28.844807467911316,54.16458629684784,51.7031288067939,49.584695410134,50.40054388126068,300015.SZ
2010-03-17,58.98,0.8022330311739998,2,0.06828473102698784,-0.028506070737286615,0.009413854351687512,0.0,4.778823947415178,19.68344155844155,23.93359949569236,32.2421524663677,55.04011606105732,52.39616415852782,49.95313872738365,50.4859116038352,300015.SZ
2010-03-18,59.67,-0.024658038397840976,3,0.011698880976602322,0.06828473102698784,-0.028506070737286615,0.009413854351687512,5.98579040852576,18.41635245088311,24.72826086956521,33.7292693859256,55.88191314086508,53.08891042914422,50.334192110623505,50.577295567976144,300015.SZ
2010-03-19,59.99,-0.5428589396893277,4,0.005362828892240712,0.011698880976602322,0.06828473102698784,-0.028506070737286615,6.554174067495566,12.13084112149534,22.179226069246425,31.09702797202798,56.628838024344155,53.74615705494001,50.71285124354023,50.67095431854355,300015.SZ
2010-03-22,60.4,0.020498005227679306,0,0.006834472412068582,0.005362828892240712,0.011698880976602322,0.06828473102698784,6.281893366179836,11.562615441448099,18.664047151277007,32.951793968743125,57.31450383809976,54.37985638304096,51.092739430068065,50.76776074323466,300015.SZ
2010-03-23,63.85,0.9983823132919925,1,0.0571192052980134,0.006834472412068582,0.005362828892240712,0.011698880976602322,15.649338887882625,18.945603576751125,26.938369781312144,40.32967032967034,58.502775867536165,55.281774822751345,51.59302415830069,50.89793227812785,300015.SZ
2010-03-24,64.66,-0.08014031300593627,2,0.012685982772122184,0.0571192052980134,0.006834472412068582,0.005362828892240712,9.630383180739233,14.869426185823409,31.209415584415567,35.86888001681024,59.62227116434777,56.174939125346455,52.105454583465374,51.03486827536041,300015.SZ
2010-03-25,69.0,0.4393517160457612,3,0.0671203216826477,0.012685982772122184,0.0571192052980134,0.006834472412068582,15.635997988939154,22.557726465364137,36.931930938678306,44.230769230769226,61.32731277082999,57.39637349436108,52.76798577627065,51.213625804958816,300015.SZ
2010-03-26,71.37,0.19187853467162586,4,0.03434782608695652,0.0671203216826477,0.012685982772122184,0.0571192052980134,18.969828304717453,26.76731793960925,33.401869158878505,45.356415478615084,63.153255903406354,58.72719506632669,53.497476530142386,51.41418674222291,300015.SZ
2010-03-29,69.91,0.13029538750908398,0,-0.020456774555135282,0.03434782608695652,0.0671203216826477,0.012685982772122184,15.745033112582774,23.01601266936477,29.128186183967486,37.34774066797642,64.38175483005975,59.79222410762891,54.14110490150935,51.598224685086365,300015.SZ
2010-03-30,69.9,-0.4413600090768125,1,-0.0001430410527820669,-0.020456774555135282,0.03434782608695652,0.0671203216826477,9.475332811276438,26.607498641550453,30.216095380029827,38.966202783300204,65.38507213368524,60.75486943071187,54.75910078772467,51.78033190215018,300015.SZ
2010-03-31,70.6,-0.005957619660144853,2,0.010014306151645114,-0.0001430410527820669,-0.020456774555135282,0.03434782608695652,9.186514073615836,19.701593760596815,25.421922188665835,43.26298701298701,66.33324083665156,61.69250091350121,55.38031252153939,51.967592281233266,300015.SZ
2010-04-01,68.88,0.5174691820472654,3,-0.02436260623229458,0.010014306151645114,-0.0001430410527820669,-0.020456774555135282,-0.17391304347826875,15.43489190548013,22.34458259325045,36.69378845008928,66.79628795726036,62.37702463602491,55.90971203049863,52.13587494510159,300015.SZ
2010-04-02,66.88,-0.11538979399488358,4,-0.029036004645760727,-0.02436260623229458,0.010014306151645114,-0.0001430410527820669,-6.291158750175152,11.48524754125686,18.792184724689154,25.009345794392512,66.81150832866757,62.80587943259397,56.33991940185163,52.28258265709063,300015.SZ
2010-04-06,70.34,-0.13450025367833585,1,0.05173444976076569,-0.029036004645760727,-0.02436260623229458,0.010014306151645114,0.615076526963243,16.456953642384107,23.77265528770016,29.922423346878467,67.45305226890983,63.52341472472788,56.88894217040647,52.46225845154744,300015.SZ
2010-04-07,71.1,-0.1677706782343631,2,0.010804663065112186,0.05173444976076569,-0.029036004645760727,-0.02436260623229458,1.716738197424883,11.354737666405622,28.781017931534137,32.451564828613996,68.11613367456258,64.2449942747538,57.44623855588073,52.64770861620866,300015.SZ
2010-04-12,77.01,0.0873606747859017,0,0.01462450592885367,0.06751054852320681,0.0,0.010804663065112186,15.146531100478477,7.902480033627568,28.371395232538752,36.78507992895206,71.25430612228106,66.99942076779358,59.403011962675095,53.299152648084224,300015.SZ
2010-04-13,69.32,0.23611825701507905,1,-0.09985716140760958,0.01462450592885367,0.06751054852320681,0.0,-1.4500995166335073,-0.8439422114146833,14.768211920529794,21.977828611648764,70.90261410004814,67.220428313718,59.791913454334896,53.4585640645212,300015.SZ
2010-04-14,70.95,-0.5195786507860276,2,0.02351413733410279,-0.09985716140760958,0.01462450592885367,0.06751054852320681,-0.21097046413500742,1.5021459227467782,11.119812059514489,28.509328020286183,70.91122971822121,67.57562561717343,60.229485475733526,53.63260820318268,300015.SZ
2010-04-15,67.03,0.22119293568810394,3,-0.05525017618040873,0.02351413733410279,-0.09985716140760958,0.01462450592885367,-5.724331926863568,-5.056657223796024,3.6653263223012766,13.648694472702626,70.20555158763553,67.52366127268073,60.496172319822406,53.76591558424554,300015.SZ
2010-04-16,73.6,0.5774394237066143,4,0.0980158138147098,-0.05525017618040873,0.02351413733410279,-0.09985716140760958,-3.03030303030305,6.8524970963995235,6.666666666666665,23.345064521535086,70.82272402624724,68.10236019909209,61.01004791512349,53.96326965803414,300015.SZ
2010-04-19,35.0,0.020653866113129027,0,-0.5244565217391304,0.0980158138147098,-0.05525017618040873,0.02351413733410279,-54.551356966627715,-47.66746411483253,-50.95978702536079,-41.656942823803966,64.30950147602047,64.94975446584522,59.99004603609904,53.77458040770545,300015.SZ
2010-04-20,35.7,-0.24198359433258754,1,0.020000000000000018,-0.5244565217391304,0.0980158138147098,-0.05525017618040873,-48.49971148297748,-49.24651691782769,-48.934344156772994,-40.89403973509933,59.10777393492584,62.164063564336146,59.03749521115398,53.5947338364845,300015.SZ
2010-04-21,38.22,0.08241291418861518,2,0.07058823529411762,0.020000000000000018,-0.5244565217391304,0.0980158138147098,-46.131078224101486,-46.24472573839662,-45.321888412017174,-40.14095536413469,55.30999685584841,59.8836765582089,58.22112284993226,53.44175141025082,300015.SZ
2010-04-22,38.6,0.28567297364289845,3,0.009942438513867113,0.07058823529411762,0.020000000000000018,-0.5244565217391304,-42.413844547217664,-45.71026722925456,-45.325779036827186,-40.3031240334055,52.27181560933051,57.856659743141385,57.451667051895704,53.29407229174087,300015.SZ
2010-04-23,38.98,-0.37653031714919183,4,0.00984455958549213,0.009942438513867113,0.07058823529411762,0.020000000000000018,-47.038043478260875,-48.64295125164691,-43.408826945412315,-43.5072463768116,49.8551218621795,56.05888262474697,56.72728795182137,53.15164371172355,300015.SZ
2010-04-26,37.12,-0.01649229500592686,0,-0.047716777834787005,0.00984455958549213,0.009942438513867113,0.07058823529411762,6.05714285714285,-51.79846773146346,-44.49760765550239,-47.989351268039805,47.53964515996505,54.25517951762821,55.95837469880876,52.99212486882083,300015.SZ
2010-04-27,37.61,-0.14091075826652,1,0.013200431034482873,-0.047716777834787005,0.00984455958549213,0.009942438513867113,5.35014005602239,-45.744373918061164,-46.53113448962184,-46.20226004863396,45.73425513088049,52.66992432547314,55.23883059297312,52.839068899976844,300015.SZ
2010-04-28,35.0,0.12779065511772592,2,-0.06939643711778776,0.013200431034482873,-0.047716777834787005,0.00984455958549213,-8.424908424908416,-50.669485553206485,-50.773558368495074,-49.92846924177397,43.78257237981131,50.9870743897138,54.445150961876145,52.661565726842746,300015.SZ
2010-04-29,34.3,-0.3565904051057386,3,-0.02000000000000013,-0.06939643711778776,0.013200431034482873,-0.047716777834787005,-11.139896373057,-48.82888258988514,-51.75808720112518,-51.41643059490085,42.058468310754705,49.397829209741055,53.65514504180257,52.478863580307,300015.SZ
2010-04-30,35.16,0.05548083389374581,4,0.02507288629737614,-0.02000000000000013,-0.06939643711778776,0.013200431034482873,-9.799897383273471,-52.228260869565226,-53.67588932806324,-48.954703832752614,40.80420134516294,48.041845475479995,52.92984523624168,52.30653657950793,300015.SZ
2010-05-04,37.13,0.5041414463204843,1,0.056029579067121915,0.02507288629737614,-0.02000000000000013,-0.06939643711778776,0.02693965517241992,6.085714285714294,-51.78548240488248,-44.48265550239233,40.13616473695149,47.00262209686285,52.31024346227142,52.15552626528397,300015.SZ
2010-05-05,37.9,-0.0537435137138621,2,0.02073794775114446,0.056029579067121915,0.02507288629737614,-0.02000000000000013,0.7710715235309751,6.162464985994376,-45.326024235429884,-46.11885129371625,39.72958933023304,46.135705706685435,51.74513587551568,52.01368023279358,300015.SZ
2010-05-06,36.53,-0.21218734262212535,3,-0.03614775725593666,0.02073794775114446,0.056029579067121915,0.02507288629737614,4.371428571428582,-4.421768707482987,-48.513037350246655,-48.62165963431786,39.14784581564521,45.220876591763016,51.148463880397415,51.859613762815535,300015.SZ
2010-05-07,34.9,0.022231692591803354,4,-0.044620859567478854,-0.03614775725593666,0.02073794775114446,0.056029579067121915,1.7492711370262537,-9.585492227979287,-47.93376100253618,-50.914205344585085,38.37551021280063,44.237935963976064,50.51126921842105,51.69086138706613,300015.SZ
2010-05-10,32.7,0.028904947192885055,0,-0.0630372492836675,-0.044620859567478854,-0.03614775725593666,0.02073794775114446,-6.9965870307167055,-16.11082606464852,-55.57065217391304,-56.916996047430835,37.343599265018696,43.13908491978787,49.81278807260062,51.501897592169954,300015.SZ
2010-05-11,31.1,-0.12067801188546734,1,-0.04892966360856277,-0.0630372492836675,-0.044620859567478854,-0.03614775725593666,-16.24023700511715,-16.217672413793093,-11.142857142857142,-59.61563433320348,36.20839939865166,41.9925054036176,49.078953246224124,51.29889363602896,300015.SZ
2010-05-12,31.0,-0.08816527148452502,2,-0.003215434083601365,-0.04892966360856277,-0.0630372492836675,-0.044620859567478854,-18.20580474934037,-17.575113001861208,-13.165266106442585,-55.279861511829196,35.261417689805896,40.945600127082585,48.36997468754867,51.09691459487444,300015.SZ
2010-05-13,31.26,-0.007664448749263086,3,0.008387096774193692,-0.003215434083601365,-0.04892966360856277,-0.0630372492836675,-14.426498768135776,-10.685714285714276,-18.21036106750392,-55.94080338266385,34.53388720075028,40.02316201974139,47.69899528803696,50.89953236009957,300015.SZ
2010-05-14,31.39,-0.027499575623832873,4,0.004158669225847733,0.008387096774193692,-0.003215434083601365,-0.04892966360856277,-10.057306590257875,-8.483965014577254,-18.678756476683944,-53.170222288527526,33.96227134606841,39.20095611309935,47.05942684536885,50.70540765999908,300015.SZ
2010-05-17,30.7,-0.12942921975912025,0,-0.021981522777954843,0.004158669225847733,0.008387096774193692,-0.003215434083601365,-6.1162079510703515,-12.684869169510804,-21.24166239096973,-58.28804347826087,33.3691311013287,38.39134124518513,46.41788069457007,50.506348877312526,300015.SZ
2010-05-18,30.66,0.13764411027568935,1,-0.0013029315960911836,-0.021981522777954843,0.004158669225847733,0.008387096774193692,-1.414790996784565,-17.42526259089685,-17.403017241379303,-12.4,32.876561810178025,37.65502303135798,45.79992458890066,50.308872769080565,300015.SZ
2010-05-19,31.47,0.12627775819527676,2,0.02641878669275921,-0.0013029315960911836,-0.021981522777954843,0.004158669225847733,1.5161290322580623,-16.965699208443276,-16.325445360276525,-11.848739495798332,32.62082329923656,37.065973218847695,45.23796676188495,50.12142129874146,300015.SZ
2010-05-20,31.69,0.0019560284797746075,3,0.00699078487448368,0.02641878669275921,-0.0013029315960911836,-0.021981522777954843,1.3755598208573305,-13.249384067889402,-9.457142857142852,-17.08529565672422,32.45158269937537,36.55397576943363,44.70667394769338,49.938024071888314,300015.SZ
2010-05-21,33.13,0.21583632672184905,4,0.04544020195645326,0.00699078487448368,0.02641878669275921,-0.0013029315960911836,5.543166613571215,-5.071633237822337,-3.4110787172011547,-14.170984455958546,32.57493129948894,36.22788283901138,44.252686734058344,49.77078005127251,300015.SZ
2010-05-24,35.1,0.09094412331406576,0,0.0594627226079083,0.04544020195645326,0.00699078487448368,0.02641878669275921,14.332247557003264,7.339449541284404,-0.17064846416381396,-9.9538224730631,33.03403469958185,36.120465425772196,43.89375784252665,49.62480214031458,300015.SZ
2010-05-25,35.19,0.09242905922524414,1,0.002564102564102555,0.0594627226079083,0.04544020195645326,0.00699078487448368,14.774951076320942,13.151125401929242,-5.2248855373013825,-5.199353448275856,33.42602839056697,36.03184967093675,43.55243400556482,49.48117226827165,300015.SZ
2010-05-26,35.0,-0.4141517568441475,2,-0.00539926115373679,0.002564102564102555,0.0594627226079083,0.04544020195645326,11.217032094057844,12.903225806451623,-7.651715039577834,-6.939643711778776,33.71220504682752,35.93357827370468,43.21704443671914,49.33708100192069,300015.SZ
2010-05-27,37.9,1.2113880967712265,3,0.08285714285714274,-0.00539926115373679,0.002564102564102555,0.0594627226079083,19.596087093720406,21.241202815099157,3.7503421845058726,8.285714285714274,34.4736223110407,36.120856533351855,43.00853289018114,49.22327920090655,300015.SZ
2010-05-28,38.51,-0.02142262895174707,4,0.016094986807387857,0.08285714285714274,-0.00539926115373679,0.002564102564102555,16.239058255357676,22.682382924498246,10.343839541547272,12.274052478134113,35.207509163578756,36.348394006365965,42.83211983566423,49.116679407862705,300015.SZ
2010-05-31,37.5,-0.11906482465462276,0,-0.026226954037912198,0.016094986807387857,0.08285714285714274,-0.00539926115373679,6.8376068376068355,22.1498371335505,14.678899082568808,6.6552901023891,35.62432567929171,36.458070767664445,42.62301709701073,49.00109055803323,300015.SZ
2010-06-01,36.5,-0.06818181818181812,1,-0.026666666666666616,-0.026226954037912198,0.016094986807387857,0.08285714285714274,3.722648479681734,19.047619047619047,17.36334405144695,-1.6967411796391163,35.78353919214776,36.462064027886875,42.3828987794809,48.87670159725679,300015.SZ
2010-06-02,39.03,0.0281186888302003,2,0.06931506849315072,-0.026666666666666616,-0.026226954037912198,0.016094986807387857,11.514285714285721,24.022878932316495,25.903225806451612,2.981530343007921,36.37380479357543,36.706629358564314,42.25141255283459,48.77872446693583,300015.SZ
2010-06-03,40.49,0.91573486451093,3,0.03740712272610813,0.06931506849315072,-0.026666666666666616,-0.026226954037912198,6.833773087071249,27.769012306721375,29.52655150351888,10.840405146454968,37.12220392201626,37.06695037203438,42.18233755076264,48.69624959661806,300015.SZ
2010-06-04,43.26,-0.18969370316813472,4,0.06841195356878238,0.03740712272610813,0.06931506849315072,-0.026666666666666616,12.334458582186446,30.576516752188333,37.814590633959845,23.954154727793696,38.23816684528603,37.656764622316814,42.22459882328175,48.64215756083082,300015.SZ
2010-06-07,43.9,0.11453601557430249,0,0.014794267221451607,0.06841195356878238,0.03740712272610813,0.06931506849315072,17.066666666666652,25.071225071225058,42.99674267100977,34.25076452599387,39.26759105523402,38.25135846781045,42.290300830211876,48.59497191345937,300015.SZ
2010-06-08,42.75,-0.3396215429403202,1,-0.026195899772209486,0.014794267221451607,0.06841195356878238,0.03740712272610813,17.12328767123288,21.483375959079297,39.43248532289627,37.45980707395498,39.90075631791874,38.67980051849516,42.30832824863494,48.53681298894734,300015.SZ
2010-06-09,45.07,0.5714159760183388,2,0.05426900584795313,-0.026195899772209486,0.014794267221451607,0.06841195356878238,15.475275429157055,28.77142857142858,43.21576104226248,45.387096774193544,40.840618805569875,39.288390945305146,42.41662910162965,48.50231733731602,300015.SZ
2010-06-10,48.18,0.005414352241485787,3,0.06900377191036156,0.05426900584795313,-0.026195899772209486,0.014794267221451607,18.99234378858976,27.124010554089708,52.03534237929945,54.12667946257197,42.17505175001171,40.135210855276085,42.642643646663785,48.49911019963129,300015.SZ
2010-06-11,48.94,-0.10566701079829233,4,0.01577418015774179,0.06900377191036156,0.05426900584795313,-0.026195899772209486,13.129912159038382,27.08387431835886,47.72109870208268,55.9095253265371,43.40504234091867,40.97376220239265,42.889598797775015,48.50349716281904,300015.SZ
2010-06-17,48.1,-0.08763883689005358,3,-0.017163874131589596,0.01577418015774179,0.06900377191036156,0.05426900584795313,9.56719817767655,28.266666666666662,37.037037037037045,56.67752442996743,44.258671006206185,41.65245151645049,43.0939282566858,48.49948226567656,300015.SZ
2010-06-18,43.29,0.28006702458708066,4,-0.10000000000000009,-0.017163874131589596,0.01577418015774179,0.06900377191036156,1.2631578947368327,18.602739726027394,23.01790281329923,41.19373776908024,44.08254900507778,41.80840851488378,43.101617344658905,48.44764662124197,300015.SZ
2010-06-21,45.4,-0.043117035770576684,0,0.048741048741048676,-0.10000000000000009,-0.017163874131589596,0.01577418015774179,0.7321943643221696,16.320778888034848,29.714285714285715,44.26437877343501,44.322085549609085,42.15046484679961,43.19174999780954,48.417321779239565,300015.SZ
2010-06-22,43.39,-0.2600854295206455,1,-0.04427312775330394,0.048741048741048676,-0.10000000000000009,-0.017163874131589596,-9.941884599418849,7.162262286984444,14.485488126649093,36.92016408961818,44.15261544968016,42.268515813771074,43.199524507699365,48.367298676958576,300015.SZ
2010-06-23,43.57,-0.04648530355054137,2,0.00414842129522941,-0.04427312775330394,0.048741048741048676,-0.10000000000000009,-10.972619534123407,0.7165973185390806,13.139444300181768,31.512224569876235,44.046685367920134,42.39246668865002,43.21405295837783,48.31956436176496,300015.SZ
2010-06-24,43.58,-0.4667801036761505,3,0.000229515721826834,0.00414842129522941,-0.04427312775330394,0.048741048741048676,-9.39708939708941,-0.7289293849658374,16.213333333333324,24.159544159544154,43.961833482843744,42.50556509925478,43.22840382275517,48.27240451736929,300015.SZ
2010-06-25,41.33,0.47955473098330237,4,-0.05162918770078018,0.000229515721826834,0.00414842129522941,-0.04427312775330394,-4.5276045276045345,-3.321637426900592,13.232876712328757,17.448138675760163,43.48331830414488,42.393606518373375,43.15395661401967,48.20332586545517,300015.SZ
2010-06-28,41.77,-0.31845312735115616,0,0.010646019840309773,-0.05162918770078018,0.000229515721826834,0.00414842129522941,-7.995594713656374,-7.321943643221651,7.020240840379199,19.34285714285715,43.171805885209444,42.33421542138543,43.099683805626746,48.13931267276408,300015.SZ
2010-06-29,39.52,0.558213129231675,1,-0.05386641129997605,0.010646019840309773,-0.05162918770078018,0.000229515721826834,-8.91910578474302,-17.97426317974262,-2.395653247715479,4.2744063324538395,42.50784117880772,42.066194905063014,42.959304048543345,48.05354836756245,300015.SZ
2010-06-30,40.7,0.021489633023189958,2,0.029858299595141746,-0.05386641129997605,0.010646019840309773,-0.05162918770078018,-6.587101216433322,-16.83694319574989,-5.917706888580665,5.68683458841861,42.17914278266086,41.93608110458082,42.87070388977694,47.98037873206432,300015.SZ
2010-07-01,39.12,-0.27302570741631227,3,-0.03882063882063891,0.029858299595141746,-0.05386641129997605,0.010646019840309773,-10.23405231757687,-18.669438669438676,-10.888382687927113,4.3199999999999905,41.622935003995245,41.66788290414455,42.723617462726864,47.89221575960597,300015.SZ
2010-07-02,37.38,0.6868282134452715,4,-0.04447852760736182,-0.03882063882063891,0.029858299595141746,-0.05386641129997605,-9.55722235664166,-13.65211365211364,-12.561403508771928,2.410958904109606,40.85149227599611,41.25951310374983,42.51406383673758,47.78761659781885,300015.SZ
2010-07-05,35.8,-0.4547168388507654,0,-0.04226859283039075,-0.04447852760736182,-0.03882063882063891,0.029858299595141746,-14.292554464926999,-21.145374449339215,-20.56800532504993,-8.275685370228036,39.933039134905904,40.73955947482128,42.250767215689045,47.668336830676374,300015.SZ
2010-07-06,38.6,0.5436315862259715,1,0.07821229050279332,-0.04226859283039075,-0.04447852760736182,-0.03882063882063891,-2.327935222672073,-11.039410002304672,-19.883769198837687,-4.667819214620894,39.69066838310483,40.53579190579068,42.10759987389732,47.57810462340597,300015.SZ
2010-07-07,40.55,0.01630532162694842,2,0.050518134715025864,0.07821229050279332,-0.04226859283039075,-0.04447852760736182,-0.3685503685503799,-6.931374799173751,-17.14344094809972,-6.264447526583449,39.846910495267586,40.53714505762014,42.04651752590135,47.50817323411835,300015.SZ
2010-07-08,40.62,-0.011900564174894157,3,0.0017262638717632228,0.050518134715025864,0.07821229050279332,-0.04226859283039075,3.83435582822087,-6.792106470858195,-15.550935550935563,-7.471526195899781,39.98747222340075,40.545036004513456,41.990575662140515,47.43963419696295,300015.SZ
2010-07-09,41.32,0.09157819609242579,4,0.01723289020187102,0.0017262638717632228,0.050518134715025864,0.07821229050279332,10.540395933654345,-0.024195499637058582,-4.550704550704543,-3.345029239766084,40.22975000096425,40.618842099321704,41.96427857735069,47.378742314406104,300015.SZ
2010-07-12,40.34,-0.15561276613133923,0,-0.023717328170377416,0.01723289020187102,0.0017262638717632228,0.050518134715025864,12.681564245810083,-3.42350969595403,-11.145374449339196,-10.494785888617697,40.249795455334386,40.59228570891012,41.9005813782389,47.308705077446845,300015.SZ
2010-07-13,40.22,-0.2724676958815273,1,-0.0029747149231532655,-0.023717328170377416,0.01723289020187102,0.0017262638717632228,4.196891191709828,1.771255060728727,-7.305830836598304,-16.521378165213786,40.24437809981904,40.556829927109156,41.834676226151096,47.238170698566776,300015.SZ
2010-07-14,38.9,0.1615778620368522,2,-0.0328194927896569,-0.0029747149231532655,-0.023717328170377416,0.01723289020187102,-4.069050554870524,-4.4226044226044365,-10.718384209318344,-20.514916223947687,39.99994571803375,40.39903660071781,41.71959088394909,47.15520382594423,300015.SZ
2010-07-15,36.6,-0.056408200664299635,3,-0.059125964010282694,-0.0328194927896569,-0.0029747149231532655,-0.023717328170377416,-9.896602658788767,-6.441717791411028,-16.016521340064237,-23.908523908523904,39.38177376930034,40.03722359112564,41.5188226139903,47.05017692220349,300015.SZ
2010-07-16,37.46,-0.24561509983613528,4,0.023497267759562845,-0.059125964010282694,-0.0328194927896569,-0.0029747149231532655,-9.341723136495638,0.21401819154627244,-9.363658359545123,-13.467313467313469,39.03236035670027,39.79177372530415,41.359653099716176,46.954752276211416,300015.SZ
2010-07-19,38.95,0.10836685438455351,0,0.039775760811532335,0.023497267759562845,-0.059125964010282694,-0.0328194927896569,-3.4457114526524557,8.798882681564258,-6.751256882930335,-14.207048458149774,39.017385746391135,39.711604799084704,41.26515689972731,46.875102999831206,300015.SZ
2010-07-20,40.98,0.5700079843216956,1,0.05211810012836948,0.039775760811532335,0.023497267759562845,-0.059125964010282694,1.8896071606166132,6.1658031088082765,3.694331983805643,-5.554275178612588,39.374224701592745,39.83240434202902,41.253974276208595,46.81644525853936,300015.SZ
2010-07-21,40.6,-0.08044382801664363,2,-0.009272816007808604,0.05211810012836948,0.039775760811532335,0.023497267759562845,4.370179948586128,0.12330456226881115,-0.24570024570025328,-6.8166169382602675,39.59709293766679,39.90550869040721,41.2283282261612,46.754590081837485,300015.SZ
2010-07-22,40.93,-0.2524886877828054,3,0.00812807881773403,-0.009272816007808604,0.05211810012836948,0.039775760811532335,11.830601092896176,0.7631708517971569,4.626789366053186,-6.080770995869667,39.839439676272825,40.00307929132081,41.21662908003723,46.6966339616202,300015.SZ
2010-07-23,41.98,0.5512510088781273,4,0.02565355484974341,0.00812807881773403,-0.009272816007808604,0.05211810012836948,12.066203950880938,1.5972894482090938,12.306046013911164,1.5727074764093851,40.22863246240504,40.19135745405216,41.246565194545575,46.649702280410054,300015.SZ
2010-07-26,41.43,-0.2633541449878598,0,-0.013101476893758845,0.02565355484974341,0.00812807881773403,-0.009272816007808604,6.367137355584074,2.702032721864156,15.726256983240239,-0.8139813263107532,40.447062923785936,40.3093234108091,41.2537587163281,46.597764944286574,300015.SZ
2010-07-27,40.71,-0.17781047675103,1,-0.0173787110789283,-0.013101476893758845,0.02565355484974341,0.00812807881773403,-0.658857979502192,1.218299353555441,5.466321243523309,3.011133603238858,40.49486966491577,40.34748308597014,41.23243484509955,46.53918021847278,300015.SZ
2010-07-28,41.93,0.35228004867921836,2,0.02996806681405051,-0.0173787110789283,-0.013101476893758845,0.02565355484974341,3.275862068965507,7.7892030848329075,3.403205918619001,3.0221130221130155,40.7558024531129,40.49819898254441,41.25979034137015,46.493317728736734,300015.SZ
2010-07-29,42.57,0.36500794070937004,3,0.015263534462198969,0.02996806681405051,-0.0173787110789283,-0.013101476893758845,4.006840947959933,16.311475409836063,4.800590841949792,8.819018404907975,41.085656552546915,40.69551336515922,41.31117111229681,46.454279741386124,300015.SZ
2010-07-30,42.99,-0.36819856505720383,4,0.009866102889358741,0.015263534462198969,0.02996806681405051,-0.0173787110789283,2.4059075750357373,14.762413240790174,4.041626331074544,15.008025682182978,41.431900815720205,40.91403590181072,41.37700753926557,46.4198092961982,300015.SZ
2010-08-02,43.4,-0.03695291878951579,0,0.009537101651546864,0.009866102889358741,0.015263534462198969,0.02996806681405051,4.7550084479845545,11.424903722721425,7.585523054040633,21.22905027932962,41.7897370310438,41.150794387352555,41.45634057694143,46.389761442504685,300015.SZ
2010-08-03,41.8,0.08407164255210664,1,-0.03686635944700467,0.009537101651546864,0.009866102889358741,0.015263534462198969,2.6774748219110744,2.000976085895556,3.9283938339134794,8.290155440414493,41.79160302539947,41.21262349331898,41.46981741706138,46.34409217442006,300015.SZ
2010-08-04,41.81,-0.14646048918156174,2,0.00023923444976081676,-0.03686635944700467,0.009537101651546864,0.009866102889358741,-0.2861912711662251,2.9802955665024555,7.480719794344481,3.1072749691738677,41.794947929872286,41.26951649395527,41.48315791050995,46.29897682940096,300015.SZ
2010-08-05,41.51,-0.1790314803334021,3,-0.007175316909830309,0.00023923444976081676,-0.03686635944700467,0.009537101651546864,-2.4900164435048167,1.4170535059858214,13.415300546448083,2.191038897095021,41.74313921535005,41.292419685007154,41.48421054147035,46.25132531866065,300015.SZ
2010-08-06,42.38,0.04111428091961722,4,0.02095880510720316,-0.007175316909830309,0.00023923444976081676,-0.03686635944700467,-1.4189346359618549,0.9528346831824797,13.13400961025093,2.565343659244923,41.8589320852864,41.395998762625524,41.51933953984406,46.21280466872373,300015.SZ
2010-08-09,43.72,0.6432946486137976,0,0.031618688060405686,0.02095880510720316,-0.007175316909830309,0.00023923444976081676,0.7373271889400845,5.527395607048025,12.246469833119367,8.37878036688149,42.19730806977978,41.61733221380405,41.60563995004625,46.188000642169264,300015.SZ
2010-08-10,41.66,-0.08950465914664052,1,-0.047118023787740215,0.031618688060405686,0.02095880510720316,-0.007175316909830309,-0.33492822966507685,2.3335789732252366,1.65934602244997,3.5803083043262074,42.09961569345619,41.621395812489375,41.607771716711106,46.14294590941136,300015.SZ
2010-08-11,41.95,-0.4705090223538918,2,0.006961113778204631,-0.047118023787740215,0.031618688060405686,0.02095880510720316,0.33484812245874185,0.04769854519437455,3.325123152709364,7.840616966580982,42.07241284010051,41.65269144939515,41.62119243370283,46.101225054591346,300015.SZ
2010-08-12,40.88,0.11047812817904368,3,-0.025506555423122745,0.006961113778204631,-0.047118023787740215,0.031618688060405686,-1.5177065767284836,-3.9699318769086167,-0.12215978499877655,11.693989071038246,41.855610505536774,41.57910178754799,41.5921260637537,46.04927256648596,300015.SZ
2010-08-13,41.39,0.0018321729571271206,4,0.012475538160469535,-0.025506555423122745,0.006961113778204631,-0.047118023787740215,-2.336007550731478,-3.7217957664573142,-1.4054311576941259,10.491190603310208,41.77095404998463,41.5610920934958,41.584199551449636,46.0029116454264,300015.SZ
2010-08-16,41.76,0.6313094367227505,0,0.008939357332689024,0.012475538160469535,-0.025506555423122745,0.006961113778204631,-4.48307410795975,-3.7788018433179693,0.7965242577842035,7.21437740693196,41.76896240453288,41.58003570363906,41.59109368668691,45.96069361910375,300015.SZ
2010-08-17,41.04,0.4636210762331838,1,-0.01724137931034475,0.008939357332689024,0.012475538160469535,-0.025506555423122745,-1.4882381180988946,-1.8181818181818188,0.8106116433308719,0.14641288433383526,41.636423785526894,41.52860373186391,41.56948216956194,45.91173149354053,300015.SZ
2010-08-18,39.7,0.003446823177970959,2,-0.032651072124756264,-0.01724137931034475,0.008939357332689024,0.012475538160469535,-5.363528009535157,-5.04663955991389,-5.3183877891724185,-2.216748768472898,41.284346733612914,41.35445099549592,41.496169143304606,45.849923219972965,300015.SZ
2010-08-19,39.62,-0.43093775046753946,3,-0.002015113350126052,-0.032651072124756264,-0.01724137931034475,0.008939357332689024,-3.08219178082193,-4.553119730185495,-6.929762743716239,-3.2005863669679946,40.98173823659238,41.189265186401066,41.422593882782856,45.787933934202094,300015.SZ
2010-08-20,38.97,0.10382293762575467,4,-0.01640585562847041,-0.002015113350126052,-0.032651072124756264,-0.01724137931034475,-5.8468229040831154,-8.046248230297316,-9.351011863224013,-7.170080990948069,40.615967648121035,40.97790659722001,41.32641373051686,45.72009379555332,300015.SZ
2010-08-23,39.59,0.05468465184104998,0,0.015909674108288474,-0.01640585562847041,-0.002015113350126052,-0.032651072124756264,-5.1963601532566965,-9.446477584629454,-8.778801843317963,-4.441226164615008,40.42942807573539,40.84572501653239,41.25831907441817,45.65909783738861,300015.SZ
2010-08-24,39.39,-0.28407650650996663,1,-0.005051780752715396,0.015909674108288474,-0.01640585562847041,-0.002015113350126052,-4.020467836257302,-5.448871819491108,-5.76555023923444,-3.2424465733235097,40.24044115287441,40.7070845387674,41.18505165973511,45.59671875442952,300015.SZ
2010-08-25,37.8,-0.007000885169389126,2,-0.04036557501904048,-0.005051780752715396,0.015909674108288474,-0.01640585562847041,-4.785894206549135,-9.892729439809312,-9.59100693613969,-9.849749582637735,39.79672457962452,40.430219344599074,41.05230453582393,45.51913946334067,300015.SZ
2010-08-26,37.42,-0.20737439222042142,3,-0.01005291005290998,-0.04036557501904048,-0.005051780752715396,0.015909674108288474,-5.552751135789991,-8.463796477495112,-9.853047458443742,-12.097721400046979,39.3645928378746,40.143531787970595,40.90986122069358,45.43855101096913,300015.SZ
2010-08-27,37.96,-0.09743380022492587,4,0.014430785676109004,-0.01005291005290998,-0.04036557501904048,-0.005051780752715396,-2.5917372337695643,-8.287025851654983,-10.429447852760742,-11.700395440800193,39.1092123218974,39.93557637959245,40.794180388509524,45.364137568073915,300015.SZ
2010-08-30,39.22,0.813094698685999,0,0.033192834562697504,0.014430785676109004,-0.01005291005290998,-0.04036557501904048,-0.9345794392523477,-6.082375478927204,-10.292772186642274,-9.631336405529956,39.129355536097876,39.86742624820269,40.73244782425425,45.30300187087915,300015.SZ
2010-08-31,38.39,-0.24553292515306757,1,-0.02116267210606826,0.033192834562697504,0.014430785676109004,-0.01005291005290998,-2.5387154100025344,-6.457115009746584,-7.849255880940942,-8.157894736842097,38.994927256807344,39.7267189864691,40.64058712526389,45.2342157826117,300015.SZ
2010-09-01,37.2,0.09465054653858895,2,-0.03099765563948942,-0.02116267210606826,0.033192834562697504,0.014430785676109004,-1.5873015873015706,-6.297229219143574,-11.323003575685341,-11.026070318105718,38.668576846478736,39.48607908299586,40.505662139959426,45.15427333701357,300015.SZ
2010-09-02,37.22,0.009834329374385442,3,0.0005376344086021057,-0.03099765563948942,-0.02116267210606826,0.033192834562697504,-0.5344735435595993,-6.057546693589089,-8.953033268101773,-10.334859070103587,38.405199238028054,39.27026202747244,40.37681264427474,45.07532534361045,300015.SZ
2010-09-03,37.9,0.33732863884935194,4,0.018269747447608786,0.0005376344086021057,-0.03099765563948942,-0.02116267210606826,-0.15806111696523573,-2.7457018219142926,-8.431988402995893,-10.571024067956591,38.31334483111386,39.139760881998875,40.27968273665613,45.00392907153473,300015.SZ
2010-09-06,36.69,-0.08385615057136453,0,-0.03192612137203166,0.018269747447608786,0.0005376344086021057,-0.03099765563948942,-6.4507904130545635,-7.32508209143724,-12.140804597701148,-16.079597438243365,38.01819122545679,38.90645032180851,40.1389108646304,44.9212034091314,300015.SZ
2010-09-07,36.81,-0.34313665545704675,1,0.003270645952575757,-0.03192612137203166,0.018269747447608786,0.0005376344086021057,-4.115655118520445,-6.549885757806551,-10.307017543859642,-11.64186269803167,37.79852009355555,38.70678838639817,40.00836534052725,44.84049491749826,300015.SZ
2010-09-08,36.71,-0.269291631760216,2,-0.002716653083401299,0.003270645952575757,-0.03192612137203166,0.018269747447608786,-1.3172043010752699,-2.883597883597877,-7.531486146095723,-12.491060786650776,37.60060734927272,38.51661806388406,39.879017680114416,44.75959447055798,300015.SZ
2010-09-09,37.25,0.969044585987261,3,0.014709888313811037,-0.002716653083401299,0.003270645952575757,-0.03192612137203166,0.0806018269747577,-0.45430251202566163,-5.981827359919222,-8.879647749510767,37.53686055849586,38.395987772085576,39.77591894756091,44.6848721375176,300015.SZ
2010-09-10,38.4,0.2510836514200685,4,0.0308724832214764,0.014709888313811037,-0.002716653083401299,0.003270645952575757,1.3192612137203241,1.1591148577449806,-1.4626635873749017,-7.223967141821697,37.6937950024057,38.396369889029806,39.72196134177421,44.62233609634827,300015.SZ
2010-09-13,38.07,-0.1539455993380907,0,-0.008593749999999956,0.0308724832214764,0.014709888313811037,-0.002716653083401299,3.761242845461976,-2.932177460479346,-3.8393533720636586,-8.836206896551724,37.76219591105921,38.36528704245554,39.65717854405757,44.55713872225525,300015.SZ
2010-09-14,37.05,-0.17162765112156964,1,-0.026792750197005555,-0.008593749999999956,0.0308724832214764,0.014709888313811037,0.6519967400162807,-3.4904923157072276,-5.940594059405946,-9.722222222222232,37.632705745412075,38.240021609840724,39.55493624821218,44.48244082452137,300015.SZ
2010-09-15,35.79,-0.04235224673504023,2,-0.034008097165991846,-0.026792750197005555,-0.008593749999999956,0.0308724832214764,-2.5061291201307623,-3.790322580645167,-5.317460317460309,-9.848866498740561,37.29766833715533,38.00668621842732,39.407291689458766,44.39594887601867,300015.SZ
2010-09-16,34.4,-0.06641497804145147,3,-0.03883766415199774,-0.034008097165991846,-0.026792750197005555,-0.008593749999999956,-7.651006711409403,-7.576571735626003,-8.070550507749875,-13.175164058556287,36.770819548581635,37.66319229286282,39.21092730947999,44.296486698147845,300015.SZ
2010-09-17,36.15,0.606668317240241,4,0.05087209302325579,-0.03883766415199774,-0.034008097165991846,-0.026792750197005555,-5.859375,-4.617414248021112,-4.768177028451004,-7.23633564280216,36.65794326702134,37.5190787411616,39.09089094440234,44.21542712901205,300015.SZ
2010-09-20,34.54,-0.4364598315183892,0,-0.044536652835407975,0.05087209302325579,-0.03883766415199774,-0.034008097165991846,-9.272392960336228,-5.859907331698011,-11.932687404385522,-12.755746400606228,36.27286267301746,37.23535695628907,38.912424632857146,44.11915422225571,300015.SZ
2010-09-21,33.58,-0.13408075836295685,1,-0.02779386218876667,-0.044536652835407975,0.05087209302325579,-0.03883766415199774,-9.365721997300946,-8.774789459386046,-12.529304506381877,-14.74993653211476,35.78325127792337,36.88722772235677,38.70330994137256,44.01428701606412,300015.SZ
2010-09-27,33.76,-0.13736842105263158,0,0.005360333531864159,-0.02779386218876667,-0.044536652835407975,0.05087209302325579,-5.6719754121262955,-8.035957504767099,-9.247311827957006,-10.68783068783069,35.41538740921003,36.58939651070374,38.50945464955402,43.91225430943662,300015.SZ
2010-09-28,34.21,-0.016595485051860925,1,0.013329383886256041,0.005360333531864159,-0.02779386218876667,-0.044536652835407975,-0.5523255813953409,-8.161073825503351,-8.087049973132721,-8.578300374131487,35.19622606208093,36.362787319208145,38.34084858486563,43.81571446556163,300015.SZ
2010-09-29,33.68,-0.161186251395955,2,-0.01549254603916983,0.013329383886256041,0.005360333531864159,-0.02779386218876667,-6.832641770401104,-12.291666666666668,-11.134564643799472,-11.275026343519501,34.92054859624803,36.107283764997845,38.15807020898855,43.7148615853073,300015.SZ
2010-09-30,34.45,-0.06168639053254432,3,0.02286223277909749,-0.01549254603916983,0.013329383886256041,0.005360333531864159,-0.2605674580196782,-9.508799579721561,-6.1052057781411655,-12.162162162162149,34.834994306021116,35.94944721595043,38.012655690989,43.62267390784156,300015.SZ
2010-10-08,35.01,0.1206053917704557,4,0.0162554426705368,0.02286223277909749,-0.01549254603916983,0.013329383886256041,4.258487194758787,-5.506072874493928,-4.88997555012226,-8.804376139619697,34.866813523108185,35.85997605252658,37.89490448742081,43.53697566000234,300015.SZ
2010-10-11,34.3,0.3697242543612831,0,-0.020279920022850617,0.0162554426705368,0.02286223277909749,-0.01549254603916983,1.5995260663506983,-4.163174070969555,-6.564968673386007,-7.795698924731198,34.763756518906696,35.7114069046669,37.75392784085529,43.44506545443018,300015.SZ
2010-10-12,34.49,-0.15088331963845525,1,0.0055393586005831885,-0.020279920022850617,0.0162554426705368,0.02286223277909749,0.8184741303712384,0.26162790697674687,-7.4093959731543535,-7.334766254701764,34.7139826063782,35.595082437555774,37.62593067062567,43.355960325530376,300015.SZ
2010-10-13,37.14,1.4117575904197412,2,0.0768338648883733,0.0055393586005831885,-0.020279920022850617,0.0162554426705368,10.273159144893107,2.7385892116182697,-3.281249999999991,-2.0052770448548807,35.1550766779458,35.74221744350284,37.606874565895254,43.294109974032565,300015.SZ
2010-10-14,37.1,0.00035108837395925185,3,-0.001077005923532548,0.0768338648883733,0.0055393586005831885,-0.020279920022850617,7.692307692307687,7.411696583671112,-2.5479380089309167,1.1174707004633522,35.50869910013747,35.87153006793114,37.586997131938574,43.232477038967566,300015.SZ
2010-10-15,36.3,-0.36896465279518675,4,-0.021563342318059453,-0.001077005923532548,0.0768338648883733,0.0055393586005831885,3.6846615252784876,8.100059559261453,-2.0242914979757054,-1.3854930725346493,35.65257199102157,35.912336728128174,37.53652665617628,43.16349716793306,300015.SZ
2010-10-18,37.21,0.0024630541871921707,0,0.02506887052341611,-0.021563342318059453,-0.001077005923532548,0.0768338648883733,8.483965014577265,10.219194312796208,3.967588711930703,1.3620266957232285,35.935740719926734,36.03592370640168,37.523721689267404,43.10425839014268,300015.SZ
2010-10-19,40.35,2.025996671157962,1,0.08438591776404203,0.02506887052341611,-0.021563342318059453,-0.001077005923532548,16.990432009278056,17.947968430283545,17.296511627906995,8.322147651006716,36.73833331630369,36.446788115315805,37.63455613282555,43.07685283402186,300015.SZ
2010-10-20,39.3,-0.24924696822860737,2,-0.02602230483271384,0.08438591776404203,0.02506887052341611,-0.021563342318059453,5.8158319870759145,16.686460807600945,8.713692946058082,2.34375,37.20409089515756,36.71852258052382,37.69986765702847,43.03927220880771,300015.SZ
2010-10-21,38.58,-0.5337194292293199,3,-0.018320610687022842,-0.02602230483271384,0.08438591776404203,0.02506887052341611,3.98921832884096,11.988388969521036,11.696583671105953,1.3396375098502666,37.45425618694709,36.895806144283455,37.734382650870494,42.99490134105838,300015.SZ
2010-10-22,39.09,-0.06816311260755703,4,0.013219284603421588,-0.018320610687022842,-0.02602230483271384,0.08438591776404203,7.685950413223153,11.653813196229667,16.408576533650997,5.506072874493939,37.75166415295671,37.104776987685035,37.78754411554224,42.956046601346365,300015.SZ
2010-10-25,38.92,0.3641400353300144,0,-0.004348938347403464,0.013219284603421588,-0.018320610687022842,-0.02602230483271384,4.595538833646873,13.469387755102048,15.284360189573466,8.745459625593742,37.964088852419124,37.27765536981027,37.831954150226856,42.91588693367128,300015.SZ
2010-10-26,38.95,-0.23627052798869852,1,0.0007708119218909903,-0.004348938347403464,0.013219284603421588,-0.018320610687022842,-3.4696406443618266,12.931284430269653,13.855597778427375,13.226744186046524,38.14334542470655,37.43692628697119,37.875799085512085,42.876425372142215,300015.SZ
2010-10-27,38.3,-0.19714836223506738,2,-0.016688061617458394,0.0007708119218909903,-0.004348938347403464,0.013219284603421588,-2.5445292620865145,3.123317178244478,13.717339667458429,5.947441217150762,38.1718280747599,37.51912378345013,37.892434415492005,42.83088880127513,300015.SZ
2010-10-28,40.87,1.392243448209657,3,0.06710182767624029,-0.016688061617458394,0.0007708119218909903,-0.004348938347403464,5.935717988595135,10.16172506738544,18.63570391872278,18.32657788071801,38.662404788439915,37.83825485169297,38.009201693315845,42.81137746991916,300015.SZ
2010-10-29,41.58,0.1342295345104334,4,0.01737215561536587,0.06710182767624029,-0.016688061617458394,0.0007708119218909903,6.369915579432073,14.54545454545455,18.76606683804627,23.823704586063133,39.1928766450872,38.19461153248412,38.149232999460324,42.799124957780656,300015.SZ
2010-11-01,44.03,0.16055191933486634,0,0.05892255892255904,0.01737215561536587,0.06710182767624029,-0.016688061617458394,13.129496402877706,18.328406342381086,28.36734693877552,30.420616113744092,40.07235361870771,38.75036281510468,38.37985131320698,42.81137247063857,300015.SZ
2010-11-02,42.8,-0.37213059781117575,1,-0.027935498523733893,0.05892255892255904,0.01737215561536587,0.06710182767624029,9.884467265725272,6.071871127633188,24.093940272542746,25.109617071031852,40.56828932439721,39.13604254699947,38.55319047739494,42.811259311726744,300015.SZ
2010-11-03,40.31,-0.39633909496989705,2,-0.05817757009345781,-0.027935498523733893,0.05892255892255904,0.01737215561536587,5.248041775456924,2.5699745547073993,8.535271943995703,19.6852731591449,40.52132762905226,39.2478480187138,38.622084968477495,42.78637115937126,300015.SZ
2010-11-04,41.33,-0.049786857556502806,3,0.02530389481518225,-0.05817757009345781,-0.027935498523733893,0.05892255892255904,1.125519941277231,7.128045619491963,11.401617250673857,19.970972423802593,40.66835896922457,39.446148207407724,38.72827771481171,42.77187990405413,300015.SZ
2010-11-05,40.95,-0.24614863721008973,4,-0.009194289862085592,0.02530389481518225,-0.05817757009345781,-0.027935498523733893,-1.5151515151515027,4.758250191864932,12.809917355371914,16.966580976863767,40.71956642936556,39.589372187654604,38.815404078936744,42.75375174580484,300015.SZ
2010-11-08,41.84,0.5253761509094992,0,0.021733821733821657,-0.009194289862085592,0.02530389481518225,-0.05817757009345781,-4.973881444469674,7.502569373072965,12.4428916957807,21.982507288629762,40.923281624026366,39.80371769359226,38.93401568368432,42.74465968863265,300015.SZ
2010-11-09,41.6,-0.4467427309532572,1,-0.005736137667304075,0.021733821733821657,-0.009194289862085592,0.02530389481518225,-2.8037383177569986,6.803594351732989,3.0978934324659146,20.61467091910698,41.04632132874884,39.97479219896443,39.03856408824572,42.73327003998955,300015.SZ
2010-11-10,42.25,0.8424693986162852,2,0.015625,-0.005736137667304075,0.021733821733821657,-0.009194289862085592,4.812701562887622,10.313315926892951,7.506361323155231,13.758750673128706,41.265171996249045,40.191478656205916,39.16450275145177,42.728461382875224,300015.SZ
2010-11-11,41.42,-0.12413344887348343,3,-0.0196449704142011,0.015625,-0.005736137667304075,0.021733821733821657,0.21775949673361605,1.3457303645705965,7.361327112493532,11.644204851752015,41.29332254238558,40.30848068894821,39.25295362394386,42.715441866627714,300015.SZ
2010-11-12,38.67,0.3083518839145849,4,-0.06639304683727665,-0.0196449704142011,0.015625,-0.005736137667304075,-5.56776556776557,-6.998556998556992,-1.074443591711438,6.528925619834713,40.816354807406384,40.15243490904838,39.23009269751469,42.67518871372595,300015.SZ
2010-11-15,40.72,-0.24355661982481558,0,0.05301267132143783,-0.06639304683727665,-0.0196449704142011,0.015625,-2.6768642447418833,-7.517601635248694,4.624871531346342,9.432948132222506,40.79883575151431,40.206488727234245,39.28852043486705,42.65573409965903,300015.SZ
2010-11-16,41.32,1.105048317227591,1,0.014734774066797574,0.05301267132143783,-0.06639304683727665,-0.0196449704142011,-0.6730769230769207,-3.457943925233642,6.084724005134778,2.403965303593547,40.893592887602615,40.31253741987861,39.368186300166386,42.642443213095255,300015.SZ
2010-11-17,39.61,-0.3792789584075349,2,-0.04138431752178129,0.014734774066797574,0.05301267132143783,-0.06639304683727665,-6.248520710059169,-1.7365418010419353,3.420365535248049,0.7888040712468181,40.660212362583955,40.24562909417588,39.37766919035594,42.61226964878585,300015.SZ
2010-11-18,40.16,-0.5256614599936245,3,0.013885382479171815,-0.04138431752178129,0.014734774066797574,0.05301267132143783,-3.042008691453413,-2.8308734575368977,-1.737215561536587,4.095386210471741,40.569264660295964,40.23747394234961,39.40834882994983,42.587868955763106,300015.SZ
2010-11-19,41.7,0.611290322580645,4,0.03834661354581681,0.013885382479171815,-0.04138431752178129,0.014734774066797574,7.835531419705211,1.831501831501825,0.28860028860029363,6.6768994627782075,40.77485290387852,40.37676213831631,39.49821750328513,42.579034438790345,300015.SZ
2010-11-22,42.46,0.46287954621287963,0,0.018225419664268605,0.03834661354581681,0.013885382479171815,-0.04138431752178129,4.273084479371314,1.4818355640535241,-3.56575062457416,9.095580678314485,41.08124328499151,40.57516574419095,39.61436583648964,42.57785001651383,300015.SZ
2010-11-23,42.94,-0.19609967497291447,1,0.011304757418747036,0.018225419664268605,0.03834661354581681,0.013885382479171815,3.9206195546950484,3.221153846153846,0.3271028037383106,10.243902439024378,41.419199051356685,40.800388054268005,39.74478286250966,42.581453498936575,300015.SZ
2010-11-24,43.0,-0.22322315222017297,2,0.0013972985561248041,0.011304757418747036,0.018225419664268605,0.03834661354581681,8.558444837162327,1.775147928994092,6.673282064003971,12.271540469973896,41.70661740565547,41.00987490624248,39.87243843652889,42.585618140738205,300015.SZ
2010-11-25,42.02,0.029221075700849086,3,-0.022790697674418547,0.0013972985561248041,0.011304757418747036,0.018225419664268605,4.631474103585664,1.4485755673587564,1.6694894749576639,2.8137998531930553,41.763596059172656,41.10607729612415,39.95665653705717,42.57999009953683,300015.SZ
2010-11-26,44.15,1.6716351699050662,4,0.0506901475487862,-0.022790697674418547,0.0013972985561248041,0.011304757418747036,5.875299760191832,14.171192138608735,7.814407814407809,6.180856180856176,42.19748768477763,41.395974696493276,40.12110137874121,42.59561208859616,300015.SZ
2010-11-29,44.58,-0.406980605738576,0,0.009739524348810757,0.0506901475487862,-0.022790697674418547,0.0013972985561248041,4.9929345266132685,9.479371316306473,6.54875717017207,1.2491483079718257,42.63067174209078,41.699215201589155,40.29596014820234,42.615357241943464,300015.SZ
2010-12-02,42.83,-0.427730011509038,3,0.00023353573096684954,-0.03947958725886047,0.0,0.009739524348810757,1.9276534983341254,6.648406374501992,3.4041525832930963,3.6293249455601195,42.93233636362448,42.1280744053234,40.64551790394236,42.63867056705562,300015.SZ
2010-12-03,41.68,0.16443866083047443,4,-0.026850338547746877,0.00023353573096684954,-0.03947958725886047,0.0,-5.594563986409962,-0.04796163069544779,7.783811740367197,1.7826617826617763,42.70463884296548,42.08540065243546,40.68608582927796,42.629131556438146,300015.SZ
2010-12-06,42.69,-0.01371533069186237,0,0.024232245681381936,-0.026850338547746877,0.00023353573096684954,-0.03947958725886047,-4.239569313593538,0.5416862929816135,4.837917485265231,2.031548757170154,42.70197723515358,42.1429815426797,40.764670698718035,42.62973721259299,300015.SZ
2010-12-07,42.79,-0.30706633704161523,1,0.0023424689622861816,0.024232245681381936,-0.026850338547746877,0.00023353573096684954,-4.015253476895464,-0.34932463903120103,3.557599225556629,2.8605769230769074,42.71798137421656,42.20460234813878,40.844095377199686,42.631331867194056,300015.SZ
2010-12-08,42.56,-0.23160398394529502,2,-0.005375087637298326,0.0023424689622861816,0.024232245681381936,-0.026850338547746877,-0.6071929005137755,-1.023255813953483,7.4476142388285815,0.733727810650886,42.68925748799537,42.238449743554135,40.91138575456441,42.63062209737123,300015.SZ
2010-12-09,43.39,0.9868446508028634,3,0.019501879699248104,-0.005375087637298326,0.0023424689622861816,0.024232245681381936,1.3074947466728881,3.2603522132317986,8.042828685258986,4.756156446161275,42.816665217450755,42.34812119654897,41.008586313208944,42.63817809640236,300015.SZ
2010-12-10,44.1,-0.05404089581304772,4,0.01636321733118229,0.019501879699248104,-0.005375087637298326,0.0023424689622861816,5.8061420345489445,-0.11325028312569874,5.755395683453224,14.041892940263768,43.049998814277885,42.514966796877644,41.12981822249487,42.652723587980454,300015.SZ
2010-12-13,45.5,0.6893463715903241,0,0.03174603174603163,0.01636321733118229,0.019501879699248104,-0.005375087637298326,6.582337784024372,2.0637056976222645,7.159679698539789,11.738703339882118,43.495453575318265,42.799255673365494,41.30119790004409,42.68105469655776,300015.SZ
2010-12-14,45.92,-0.28680233975140146,1,0.009230769230769376,0.03174603174603163,0.01636321733118229,0.019501879699248104,7.314793175975698,3.005832211754167,6.939916162086646,11.132623426911902,43.93628019798767,43.096469418759256,41.48232739416001,42.7132830080348,300015.SZ
2010-12-15,45.27,-0.05835113199487396,2,-0.014155052264808288,0.009230769230769376,0.03174603174603163,0.01636321733118229,6.367481203007519,5.721625408687525,5.279069767441857,14.289320878566025,44.17877470744446,43.30347233125838,41.63086357478119,42.73872297810411,300015.SZ
2010-12-16,44.87,-0.4332244601705679,3,-0.008835873647006998,-0.014155052264808288,0.009230769230769376,0.03174603174603163,3.4109241760774234,4.763016577165535,6.782484531175625,11.728087649402386,44.304452033363646,43.4526654425671,41.757888532632904,42.759929714640386,300015.SZ
2010-12-17,45.26,-0.21498319193212745,4,0.0086917762424783,-0.008835873647006998,-0.014155052264808288,0.009230769230769376,2.6303854875283417,8.589251439539346,2.514156285390712,8.537170263788951,44.47818802729752,43.62479254327499,41.89522623723553,42.78480603588775,300015.SZ
2010-12-20,46.51,1.8028140293637844,0,0.027618205921343453,0.0086917762424783,-0.008835873647006998,-0.014155052264808288,2.2197802197802208,8.948231435933485,4.329295648272757,9.538389072067833,44.8476083859707,43.89957420582023,42.07619775734394,42.82187264249583,300015.SZ
2010-12-21,46.0,-0.46686067660967623,1,-0.010965383788432592,0.027618205921343453,0.0086917762424783,-0.008835873647006998,0.17421602787455193,7.501752745968693,3.1852848811126044,7.126222636236612,45.05713413397602,44.099614757646876,42.23007235509516,42.85349580028195,300015.SZ
2010-12-22,47.75,0.8051310043668123,2,0.03804347826086962,-0.010965383788432592,0.027618205921343453,0.0086917762424783,5.478241661144234,12.194548872180455,11.513311536665105,11.046511627906973,45.54674610961674,44.44727049501384,42.44654010587575,42.90221723510502,300015.SZ
2010-12-23,46.7,-0.3504687027517387,3,-0.021989528795811508,0.03804347826086962,-0.010965383788432592,0.027618205921343453,4.078448852239824,7.628485826227238,9.035722624328745,11.137553545930512,45.75642863514097,44.66181616215538,42.61334245466493,42.94000611833781,300015.SZ
2010-12-24,45.25,-0.0981145251396649,4,-0.031049250535331918,-0.021989528795811508,0.03804347826086962,-0.010965383788432592,-0.02209456473707405,2.6077097505669,8.565259117082524,2.491506228765572,45.66435070147897,44.717833670521536,42.71674078977611,42.9629911320857,300015.SZ
2010-12-27,43.01,0.40585882049296695,0,-0.04950276243093932,-0.031049250535331918,-0.021989528795811508,0.03804347826086962,-7.52526338421845,-5.472527472527478,0.7495900679316048,-3.521758636159711,45.18174148302825,44.55518284475758,42.72824115096137,42.963458882015196,300015.SZ
2010-12-28,43.26,-0.3329355608591885,1,0.005812601720530219,-0.04950276243093932,-0.031049250535331918,-0.021989528795811508,-5.956521739130438,-5.792682926829274,1.0983874737088062,-2.960969044414541,44.832333940659474,44.43183209763781,42.74909443915896,42.9664095399056,300015.SZ
2010-12-29,43.34,-0.46016237787257475,2,0.0018492834026815341,0.005812601720530219,-0.04950276243093932,-0.031049250535331918,-9.235602094240836,-4.263309034680807,1.8327067669172914,1.2143858010275732,44.561000496903205,44.327848088338975,42.77226720625077,42.97012685791649,300015.SZ
2010-12-30,42.9,0.34973234769309225,3,-0.010152284263959532,0.0018492834026815341,0.005812601720530219,-0.04950276243093932,-8.137044967880092,-4.390461332739026,-1.1292924637013146,0.16343684333410824,44.25900040655716,44.19186255611622,42.777276335417405,42.969429078235734,300015.SZ
2010-12-31,44.24,-0.0013220018885741203,4,0.031235431235431266,-0.010152284263959532,0.0018492834026815341,0.005812601720530219,-2.2320441988950224,-2.253645603181609,0.31746031746031633,6.142034548944353,44.25554578718313,44.19644707458134,42.83463804775398,42.982071574969716,300015.SZ
2011-01-04,43.99,-0.15752647503782158,1,-0.005650994575045254,0.031235431235431266,-0.010152284263959532,0.0018492834026815341,2.278539874447816,-5.418189636637272,-3.3186813186813158,3.045209650972125,44.207264734968014,44.176785448430735,42.87994635960676,42.99210071352723,300015.SZ
2011-01-05,44.54,0.06554433221099898,2,0.01250284155489867,-0.005650994575045254,0.031235431235431266,-0.010152284263959532,2.9588534442903436,-3.1739130434782603,-3.0052264808362428,4.089740593596636,44.26776205588291,44.211377310484956,42.94504650236728,43.00750269647721,300015.SZ
2011-01-06,42.9,0.8660206446176533,3,-0.03682083520431079,0.01250284155489867,-0.005650994575045254,0.031235431235431266,-1.0152284263959532,-10.157068062827223,-5.235255135851569,0.7988721804511156,44.019078045722374,44.086484233295906,42.94327997286268,43.0064330179053,300015.SZ
2011-01-07,42.0,-0.31801761119891625,4,-0.020979020979020935,-0.03682083520431079,0.01250284155489867,-0.005650994575045254,-2.0979020979020935,-10.0642398286938,-6.396255850234001,-3.203503111315975,43.65197294650012,43.88777144917248,42.906288601377874,42.99641875902067,300015.SZ
2011-01-10,40.47,0.01986426088395965,0,-0.03642857142857148,-0.020979020979020935,-0.03682083520431079,0.01250284155489867,-8.521699819168182,-10.563535911602218,-10.583296509058771,-8.231292517006805,43.073432410772824,43.56226940639415,42.81074787191208,42.97128026390604,300015.SZ
2011-01-11,39.61,-0.293621165395228,1,-0.02125030887076851,-0.03642857142857148,-0.020979020979020935,-0.03682083520431079,-9.95680836553763,-7.905138339920947,-14.835519243173511,-12.945054945054945,42.443717426995946,43.185862796261375,42.68522834752337,42.93783468914081,300015.SZ
2011-01-12,39.16,1.0597426470588234,2,-0.011360767482958889,-0.02125030887076851,-0.03642857142857148,-0.020979020979020935,-12.079030085316578,-9.47757743874249,-14.869565217391312,-14.721254355400703,41.84667789481486,42.802447291855536,42.54698409860089,42.90024429422399,300015.SZ
2011-01-13,39.43,-0.5036813922356091,3,0.006894790602655743,-0.011360767482958889,-0.02125030887076851,-0.03642857142857148,-8.08857808857809,-9.021688970927555,-17.424083769633512,-12.900375524630004,41.40728191393943,42.48126183548834,42.42474942806752,42.86571450025161,300015.SZ
2011-01-14,38.19,-0.2690492245448415,4,-0.03144813593710383,0.006894790602655743,-0.011360767482958889,-0.02125030887076851,-9.071428571428575,-10.979020979020982,-18.222698072805144,-14.887452640962785,40.82232156595044,42.0725702321085,42.25868082304527,42.81918997786106,300015.SZ
2011-01-17,36.08,0.7321648216482162,0,-0.05525006546216282,-0.03144813593710383,0.006894790602655743,-0.011360767482958889,-10.84754138868298,-18.44484629294757,-20.265193370165747,-20.282810428634555,39.96008128123218,41.50184925762197,42.016379614298394,42.752133361165924,300015.SZ
2011-01-18,35.68,-0.046689153204331535,1,-0.011086474501108556,-0.05525006546216282,-0.03144813593710383,0.006894790602655743,-9.921736935117398,-18.890656967492614,-17.04254824459428,-23.28531498602451,39.1818846846445,40.94738742356274,41.76789413922787,42.68176387498517,300015.SZ
2011-01-19,36.85,0.139851024208566,2,0.03279147982062791,-0.011086474501108556,-0.05525006546216282,-0.03144813593710383,-5.898876404494368,-17.26537943421643,-14.817383263985196,-19.89130434782609,38.757905651072775,40.5571600498901,41.575035545532664,42.623736373741544,300015.SZ
2011-01-20,35.37,-0.3917660512988075,3,-0.04016282225237455,0.03279147982062791,-0.011086474501108556,-0.05525006546216282,-10.29672837940655,-17.55244755244756,-18.389478541762816,-25.92670157068063,38.14192280542318,40.06314480704342,41.33170081825688,42.551559892410786,300015.SZ
2011-01-21,35.4,-0.02793446145581513,4,0.0008481764206955678,-0.04016282225237455,0.03279147982062791,-0.011086474501108556,-7.305577376276506,-15.714285714285714,-17.48251748251748,-24.19700214132763,37.643391386255324,39.619035777801194,41.09908509989386,42.480400092486306,300015.SZ
2011-01-24,35.05,0.4332688588007738,0,-0.009887005649717562,0.0008481764206955678,-0.04016282225237455,0.03279147982062791,-2.8547671840354782,-13.392636520879664,-20.773056057866192,-22.541436464088406,37.17186567966345,39.183889513248694,40.861866076368614,42.406465763207834,300015.SZ
2011-01-25,34.05,0.0204357046462309,1,-0.02853067047075608,-0.009887005649717562,0.0008481764206955678,-0.04016282225237455,-4.5683856502242275,-14.036859378944722,-22.596044555580818,-20.832364566379912,36.604253737906454,38.69494765484406,40.594734073373765,42.32331685014109,300015.SZ
2011-01-26,35.34,-0.33138106933685996,2,0.037885462555066196,-0.02853067047075608,-0.009887005649717562,0.0008481764206955678,-4.097693351424692,-9.754851889683335,-20.65559048046699,-18.307905686546455,36.37438942192346,38.37542883057319,40.38866607049636,42.253831110338695,300015.SZ
2011-01-27,36.31,0.2252048601299801,3,0.027447651386530714,0.037885462555066196,-0.02853067047075608,-0.009887005649717562,2.657619451512594,-7.91275678417448,-15.361305361305355,-16.22058144900784,36.36268225430101,38.178721322899555,40.22871838145729,42.19468851222587,300015.SZ
2011-01-28,36.3,-0.36992619926199255,4,-0.0002754062241807631,0.027447651386530714,0.037885462555066196,-0.02853067047075608,2.5423728813559254,-4.948939512961514,-13.571428571428578,-15.384615384615385,36.35128548079174,37.999795482623405,40.07465099394916,42.1360348951888,300015.SZ
2011-01-31,36.64,0.17276720351390917,0,0.009366391184573164,-0.0002754062241807631,0.027447651386530714,0.037885462555066196,4.536376604850223,1.55210643015522,-9.463800345935258,-17.179023508137437,36.40377902973869,37.870291150944986,39.93995879810802,42.081347980808815,300015.SZ
2011-02-01,37.1,-0.36704119850187256,1,0.01255458515283836,0.009366391184573164,-0.0002754062241807631,0.027447651386530714,8.957415565345084,3.979820627802688,-6.336783640494814,-15.662650602409645,36.5303646606953,37.796930088950226,39.828587864848885,42.031782329258476,300015.SZ
2011-02-09,37.7,0.9437869822485208,2,0.016172506738544534,0.01255458515283836,0.009366391184573164,-0.0002754062241807631,6.677985285795129,2.3066485753052923,-3.728294177732361,-15.356982487651539,36.74302563147797,37.78769865190735,39.74511383093324,41.988680017524565,300015.SZ
2011-02-10,38.71,-0.08193810248604783,3,0.026790450928381837,0.016172506738544534,0.01255458515283836,0.009366391184573164,6.609749380335983,9.443030817076625,-1.8260207963479602,-9.766899766899762,37.10065733484561,37.87553687553522,39.704521131680956,41.95605633575815,300015.SZ
2011-02-11,38.3,-0.2989776181265542,4,-0.010591578403513435,0.026790450928381837,0.016172506738544534,0.01255458515283836,5.509641873278248,8.19209039548021,0.28803351662738397,-8.809523809523812,37.31871963760095,37.91596193500805,39.64944187161503,41.919677665750605,300015.SZ
2011-02-14,38.38,0.8376034686637759,0,0.002088772845953102,-0.010591578403513435,0.026790450928381837,0.016172506738544534,4.748908296943233,9.500713266761785,6.374722838137492,-5.164319248826277,37.51167970349169,37.960156036435855,39.599659837434054,41.884456992459555,300015.SZ
2011-02-15,38.55,-0.16216216216216206,1,0.004429390307451708,0.002088772845953102,-0.010591578403513435,0.026790450928381837,3.908355795148233,13.215859030836995,8.043721973094154,-2.676091895985866,37.700465211947744,38.01633165201339,39.558496706554294,41.851278315917675,300015.SZ
2011-02-16,38.64,0.07910906298003062,2,0.0023346303501945442,0.004429390307451708,0.002088772845953102,-0.010591578403513435,2.4933687002652416,9.337860780984709,4.857530529172327,-1.327885597548506,37.871289718866336,38.075728637535924,39.52247722786589,41.81932529784884,300015.SZ
2011-02-17,38.88,0.12811387900355875,3,0.006211180124223725,0.0023346303501945442,0.004429390307451708,0.002088772845953102,0.4391630069749519,7.077939961443125,9.92366412213741,-1.394876997210237,38.054691588163365,38.152325910151546,39.49728204245939,41.7900782799598,300015.SZ
2011-02-18,37.53,0.5446898002103051,4,-0.03472222222222221,0.006211180124223725,0.0023346303501945442,0.004429390307451708,-2.0104438642297495,3.3884297520661244,6.0169491525423835,-1.728201099764326,37.9592931175882,38.0930567758514,39.42013372706882,41.74768944135324,300015.SZ
2011-02-21,37.5,-0.11545268890401639,0,-0.0007993605115907965,-0.03472222222222221,0.006211180124223725,0.0023346303501945442,-2.2928608650338744,2.347161572052392,6.990014265335254,3.9356984478935653,37.87578527802671,38.03657517815127,39.34483436522299,41.70542387477261,300015.SZ
2011-02-22,37.1,-0.22148684008003694,1,-0.010666666666666602,-0.0007993605115907965,-0.03472222222222221,0.006211180124223725,-3.7613488975356546,0.0,8.957415565345084,3.979820627802688,37.73473340929458,37.947377542136856,39.256801645018164,41.6595987615908,300015.SZ
2011-02-23,37.16,-0.18406484776591525,2,0.0016172506738543202,-0.010666666666666602,-0.0007993605115907965,-0.03472222222222221,-3.8302277432712306,-1.432360742705585,5.14997170345215,0.8412483039348606,37.63023642578647,37.872389204790494,39.17457412952726,41.6148266346098,300015.SZ
2011-02-24,36.85,0.05791131572570851,3,-0.008342303552206554,0.0016172506738543202,-0.010666666666666602,-0.0007993605115907965,-5.22119341563786,-4.80495995866701,1.4871936105755879,4.184337008764505,37.488375257461655,37.77501880433425,39.08341435974188,41.56741542431518,300015.SZ
2011-02-25,37.03,-0.13421896472743933,4,0.004884667571234624,-0.008342303552206554,0.0016172506738543202,-0.010666666666666602,-1.3322675193178757,-3.3159268929503827,2.0110192837465624,4.604519774011306,37.40503430155953,37.704064632492894,39.00288830641867,41.52226701213294,300015.SZ
2011-02-28,38.13,0.7912698412698413,0,0.02970564407237375,0.004884667571234624,-0.008342303552206554,0.0016172506738543202,1.6800000000000148,-0.6513809275664362,4.066593886462888,8.787446504992879,37.53684624673052,37.74462990558881,38.968657392441465,41.488513111514706,300015.SZ
2011-03-01,38.04,-0.3495790872840052,1,-0.002360346184107076,0.02970564407237375,0.004884667571234624,-0.008342303552206554,2.5336927223719607,-1.322957198443575,2.5336927223719607,11.718061674008817,37.628328747324964,37.77276039077083,38.93223945548298,41.45419954821605,300015.SZ
2011-03-02,36.98,0.2618074477747503,2,-0.02786540483701372,-0.002360346184107076,0.02970564407237375,0.004884667571234624,-0.4843918191603902,-4.2960662525880045,-1.9098143236074394,4.640633842671171,37.51045079326588,37.69725940117361,38.85568104546404,41.40968014972634,300015.SZ
2011-03-03,36.4,-0.060824185711714995,3,-0.01568415359653863,-0.02786540483701372,-0.002360346184107076,0.02970564407237375,-1.2211668928086894,-6.378600823045277,-5.967450271247743,0.24786560176259798,37.30855064903572,37.57371088677613,38.75937982799486,41.35983258604747,300015.SZ
2011-03-04,36.75,-0.5690745353515999,4,0.009615384615384581,-0.01568415359653863,-0.02786540483701372,-0.002360346184107076,-0.7561436672967936,-2.078337330135893,-4.046997389033935,1.2396694214876103,37.20699598557468,37.495262230892685,38.680580619053885,41.31396360509177,300015.SZ
2011-03-07,37.29,0.5282347710093376,0,0.014693877551020362,0.009615384615384581,-0.01568415359653863,-0.02786540483701372,-2.202989771833208,-0.5600000000000049,-2.8400208441896946,1.7740174672489006,37.2220876245611,37.47571344699814,38.626048045757656,41.27392416623514,300015.SZ
2011-03-08,37.15,0.039278440500436496,1,-0.0037543577366586645,0.014693877551020362,0.009615384615384581,-0.01568415359653863,-2.339642481598314,0.13477088948785632,-3.6316472114137466,0.13477088948785632,37.2089807837318,37.44469311871261,38.56816380866912,41.23289009492932,300015.SZ
2011-03-09,36.9,-0.21752519596864506,2,-0.006729475100942128,-0.0037543577366586645,0.014693877551020362,0.009615384615384581,-0.21633315305570333,-0.6996770721205525,-4.503105590062118,-2.1220159151193796,37.152802459416925,37.39281758359712,38.50274562009386,41.18977676065141,300015.SZ
2011-03-10,37.46,1.2486583184257602,3,0.015176151761517653,-0.006729475100942128,-0.0037543577366586645,0.014693877551020362,2.912087912087924,1.655359565807335,-3.652263374485598,-3.2291397571686864,37.20865655770476,37.39921590896883,38.461853634992146,41.15266455407777,300015.SZ
2011-03-11,37.3,-0.3910898965791567,4,-0.004271222637480032,0.015176151761517653,-0.006729475100942128,-0.0037543577366586645,1.4965986394557707,0.7291385363218827,-0.6128430588862366,-2.610966057441255,37.22526445630389,37.38976677478132,38.41629074734539,41.11432958339042,300015.SZ
2011-03-14,37.03,0.10739482623464847,0,-0.007238605898123196,-0.004271222637480032,0.015176151761517653,-0.006729475100942128,-0.697237865379452,-2.8848675583530103,-1.2533333333333285,-3.517457008858782,37.189761827885,37.355503272421196,38.36192640431224,41.0736894880333,300015.SZ
2011-03-15,36.66,-0.19679093912222756,1,-0.009991898460707693,-0.007238605898123196,-0.004271222637480032,0.015176151761517653,-1.318977119784659,-3.6277602523659414,-1.1859838274932755,-4.902723735408565,37.09344149554227,37.28926486552394,38.29518419237843,41.02977217969466,300015.SZ
2011-03-16,36.56,-0.28407755581668626,2,-0.0027277686852152927,-0.009991898460707693,-0.007238605898123196,-0.004271222637480032,-0.9214092140921282,-1.1357490535424453,-1.6146393972012785,-5.3830227743271175,36.9964521327164,37.21981106880738,38.22713775346163,40.98529683462307,300015.SZ
2011-03-17,36.12,1.2031185884283953,3,-0.012035010940919189,-0.0027277686852152927,-0.009991898460707693,-0.007238605898123196,-3.5771489588894867,-0.7692307692307776,-1.9810040705563248,-7.098765432098775,36.83709719949523,37.11506715749239,38.1445049003847,40.936885920845725,300015.SZ
2011-03-18,35.94,-0.42782641087725837,4,-0.004983388704318914,-0.012035010940919189,-0.0027277686852152927,-0.009991898460707693,-3.646112600536189,-2.2040816326530654,-2.9435592762624974,-4.236610711430866,36.67398861776882,37.00315599963597,38.05805372782059,40.88716566292686,300015.SZ
2011-03-21,35.44,0.03125,0,-0.013912075681691727,-0.004983388704318914,-0.012035010940919189,-0.0027277686852152927,-4.293815825006764,-4.961115580584607,-7.054812483608719,-5.493333333333339,36.44962705090176,36.85428399967064,37.95538495418057,40.832965009564404,300015.SZ
2011-03-22,35.76,-0.391729797979798,1,0.009029345372460584,-0.013912075681691727,-0.004983388704318914,-0.012035010940919189,-2.454991816693941,-3.7415881561238207,-5.993690851735023,-3.6118598382749445,36.324240314374165,36.75006647589248,37.86929142656565,40.78248774578764,300015.SZ
2011-03-23,36.01,-0.03373118837571343,2,0.006991051454138697,0.009029345372460584,-0.013912075681691727,-0.004983388704318914,-1.5043763676148902,-2.4119241192411933,-2.6230394808004265,-3.0947255113024763,36.26710571176068,36.67958395437891,37.79637803728857,40.73500030553105,300015.SZ
2011-03-24,36.14,0.2841031149301825,3,0.0036101083032491488,0.006991051454138697,0.009029345372460584,-0.013912075681691727,0.05537098560355336,-3.523758675920985,-0.7142857142857117,-1.9267299864314857,36.24399558234965,36.62819500634282,37.73142203582627,40.68927890945612,300015.SZ
2011-03-25,36.03,-0.06398996235884569,4,-0.003043718871057033,0.0036101083032491488,0.006991051454138697,0.009029345372460584,0.25041736227044975,-3.4048257372654045,-1.959183673469389,-2.7005130974885216,36.20508729464971,36.57122405335779,37.664699603048774,40.64291792528243,300015.SZ
2011-03-28,35.44,0.29669347631814125,0,-0.01637524285317804,-0.003043718871057033,0.0036101083032491488,0.006991051454138697,0.0,-4.293815825006764,-4.961115580584607,-7.054812483608719,36.065980513804305,36.46348842922848,37.57745648136059,40.591147597667685,300015.SZ
2011-03-29,34.68,0.41385251550654734,1,-0.021444695259593582,-0.01637524285317804,-0.003043718871057033,0.0036101083032491488,-3.0201342281879096,-5.400981996726673,-6.648721399730817,-8.832807570977918,35.81398405674898,36.29363238834957,37.46383073699351,40.53233020863617,300015.SZ
2011-03-30,34.38,-0.5786010236412382,2,-0.008650519031141779,-0.021444695259593582,-0.01637524285317804,-0.003043718871057033,-4.5265204109969375,-5.962800875273522,-6.829268292682922,-7.030827474310419,35.55325968279462,36.111381684697236,37.34289619828788,40.471112992629834,300015.SZ
2011-03-31,34.81,0.3776749566223252,3,0.012507271669575326,-0.008650519031141779,-0.021444695259593582,-0.01637524285317804,-3.680132816823456,-3.626799557032101,-7.074212493326215,-4.368131868131853,35.41812155865014,35.98744057186892,37.24356693560993,40.41478351011611,300015.SZ
2011-04-01,35.06,-0.4185558354324097,4,0.007181844297615703,0.012507271669575326,-0.008650519031141779,-0.021444695259593582,-2.692200943658063,-2.4485253199777235,-6.005361930294894,-4.598639455782305,35.35300854798648,35.8991128983576,37.15793685970365,40.36150208215476,300015.SZ
2011-04-06,34.7,0.39783393501805064,2,-0.01026811180832854,0.007181844297615703,0.012507271669575326,-0.008650519031141779,-2.0880361173814754,-2.0880361173814754,-6.292195517148258,-6.945561812818434,35.234279721079844,35.78491166994259,37.06154717893096,40.30516872810347,300015.SZ
2011-04-07,34.88,0.044938016528925706,3,0.005187319884726316,-0.01026811180832854,0.007181844297615703,0.012507271669575326,0.5767012687428075,-2.460850111856816,-4.855428259683558,-6.110363391655438,35.169865226338054,35.698729606138535,36.97599630916896,40.25118694971438,300015.SZ
2011-04-08,35.95,1.1749876421156698,4,0.030676605504587062,0.005187319884726316,-0.01026811180832854,0.007181844297615703,4.566608493310054,-0.16662038322686756,-1.6684901531728635,-2.574525745257439,35.31170791245841,35.72266011983963,36.935761159789784,40.20838906961772,300015.SZ
2011-04-11,35.16,-0.2859090909090909,0,-0.02197496522948561,0.030676605504587062,0.005187319884726316,-0.01026811180832854,1.0054582016661762,-2.7116768123962465,-2.657807308970106,-6.139882541377483,35.28412465564779,35.669073441759664,36.866123467249004,40.15815634255685,300015.SZ
2011-04-12,35.43,-0.2558879694462127,1,0.007679180887372183,-0.02197496522948561,0.030676605504587062,0.005187319884726316,1.0553337136337548,-1.6652789342214813,-1.4190317195325486,-5.013404825737256,35.31064744553001,35.646304542544456,36.809804899905906,40.111110010790114,300015.SZ
2011-04-13,36.39,1.2874251497005988,2,0.02709568162574083,0.007679180887372183,-0.02197496522948561,0.030676605504587062,4.87031700288183,2.6805869074492117,2.6805869074492117,-1.728328382392652,35.50689336452455,35.717132681349746,36.7933419626547,40.0740840405335,300015.SZ
2011-04-14,36.78,-0.12434554973821987,3,0.010717230008244094,0.02709568162574083,0.007679180887372183,-0.02197496522948561,5.44724770642202,6.055363321799323,2.8523489932885893,0.3273322422258751,35.738367298247354,35.81835814026882,36.79281874843295,40.04130708490631,300015.SZ
2011-04-15,36.4,-0.2980995088618408,4,-0.010331702011963095,0.010717230008244094,0.02709568162574083,0.007679180887372183,1.2517385257301727,5.875509016870262,1.0830324909747224,-0.4376367614879806,35.85866415311147,35.873752603100364,36.77741409163166,40.005075173613704,300015.SZ
2011-04-18,36.0,-0.058411925768177664,0,-0.01098901098901095,-0.010331702011963095,0.010717230008244094,0.02709568162574083,2.3890784982935287,3.41855788566503,-0.3873824017708971,-0.33222591362125353,35.884361579818474,35.88577616470985,36.746927264508855,39.965223679348895,300015.SZ
2011-04-19,35.08,-0.004846526655896577,1,-0.025555555555555554,-0.01098901098901095,-0.010331702011963095,0.010717230008244094,-0.9878633926051372,0.057045065601823985,-2.636691645850686,-2.3928770172509717,35.73811401985147,35.80903557759463,36.68155756786145,39.9166144885096,300015.SZ
2011-04-20,35.45,-0.412987012987013,2,0.010547320410490446,-0.025555555555555554,-0.01098901098901095,-0.010331702011963095,-2.583127232756244,2.1613832853025983,0.028216704288963612,0.028216704288963612,35.68572965260575,35.774841713061804,36.6332611926512,39.872170563250805,300015.SZ
2011-04-21,35.3,0.2538716814159294,3,-0.0042313117066292705,0.010547320410490446,-0.025555555555555554,-0.01098901098901095,-4.023926046764559,1.2041284403669472,1.7877739331026543,-1.2863534675615185,35.61559698849561,35.7296186927702,36.58097643999821,39.8266763287906,300015.SZ
2011-04-22,35.25,-0.3123070136744597,4,-0.0014164305949008194,-0.0042313117066292705,0.010547320410490446,-0.025555555555555554,-3.159340659340659,-1.9471488178025131,2.530541012216392,-2.110524854207163,35.549124808769136,35.68394072203018,36.52878128548848,39.78113726084243,300015.SZ
2011-04-25,34.76,0.19563822963438104,0,-0.013900709219858198,-0.0014164305949008194,-0.0042313117066292705,0.010547320410490446,-3.44444444444445,-1.1376564277588153,-0.14363688595232516,-3.818483674598794,35.405647570811105,35.595946367551115,36.45941731350854,39.731175696057925,300015.SZ
2011-04-26,35.66,0.5477467811158798,1,0.02589182968929804,-0.013900709219858198,-0.0014164305949008194,-0.0042313117066292705,1.6533637400228063,0.6491673722833768,1.7113519680547418,-1.0269220094365927,35.45189346702726,35.60204671349863,36.42806761493958,39.69066648515187,300015.SZ
2011-04-27,35.43,-0.0731369150779897,2,-0.0064498037016264,0.02589182968929804,-0.013900709219858198,-0.0014164305949008194,-0.05641748942173397,-2.638087386644683,2.103746397694506,-0.028216704288930305,35.447912836658666,35.58566131221304,36.388927708471364,39.648271793757324,300015.SZ
2011-04-28,34.2,0.4338070306656696,3,-0.03471634208298047,-0.0064498037016264,0.02589182968929804,-0.013900709219858198,-3.116147308781858,-7.014681892332786,-1.9495412844036664,-1.3840830449826869,35.22101959362982,35.453693568192755,36.30308740617837,39.594060134117946,300015.SZ
2011-04-29,34.3,-0.6431924882629108,4,0.0029239766081869956,-0.03471634208298047,-0.0064498037016264,0.02589182968929804,-2.6950354609929117,-5.769230769230771,-4.5897079276773445,-0.23269342641072388,35.053561485697124,35.343817990269635,36.22453495887726,39.54138291885309,300015.SZ
2011-05-03,35.09,-0.08260233918128645,1,0.023032069970845725,0.0029239766081869956,-0.03471634208298047,-0.0064498037016264,0.9493670886076,-2.5277777777777732,-0.19908987485777185,0.8043665613329587,35.060186670115826,35.319644848339195,36.18004339186246,39.49709055150132,300015.SZ
2011-05-04,34.75,0.36653386454183257,2,-0.00968937019093774,0.023032069970845725,0.0029239766081869956,-0.03471634208298047,-2.5518788558609007,-0.9407069555302128,-1.9192774484899755,-0.8841985168283051,35.00378909373113,35.265392958021174,36.12396325884824,39.44985581964559,300015.SZ
2011-05-05,35.25,0.13002915451895047,3,0.014388489208633004,-0.00968937019093774,0.023032069970845725,0.0029239766081869956,-0.5080440304826461,-0.5641748942172176,-3.1327287716405583,1.5850144092218965,35.04855471305274,35.263926962019156,36.0896901898738,39.408066209499864,300015.SZ
2011-05-10,36.17,-0.2861313868613139,1,0.0024944567627496195,0.02354609929078011,0.0,0.014388489208633004,3.0777999430037006,4.056386651323374,0.4722222222222294,2.872582480091035,35.430410507750146,35.41945308632862,36.062077490169415,39.30250653153855,300015.SZ
2011-05-11,36.15,0.24182004089979547,2,-0.0005529444290849339,0.0024944567627496195,0.02354609929078011,0.0,4.028776978417259,1.3740886146943465,3.05017103762828,2.0321761219305623,35.561244960886484,35.48902898286875,36.065525431731395,39.27113830734413,300015.SZ
2011-05-12,35.95,-0.15644298065047346,3,-0.0055325034578145305,-0.0005529444290849339,0.0024944567627496195,0.02354609929078011,1.9858156028368823,1.4676827547276394,1.4104372355430161,-1.2091233855454742,35.63192769527076,35.532930984500304,36.06099502264389,39.23809215503225,300015.SZ
2011-05-13,35.99,-0.370424597364568,4,0.0011126564673156203,-0.0055325034578145305,-0.0005529444290849339,0.0024944567627496195,2.0992907801418603,5.2339181286549685,1.9546742209631818,-2.147906470908101,35.697031750676075,35.57646136692885,36.05821090410883,39.205772830106554,300015.SZ
2011-05-16,36.17,0.6209302325581394,0,0.005001389274798651,0.0011126564673156203,-0.0055325034578145305,-0.0005529444290849339,0.24944567627496195,5.451895043731803,2.6099290780141837,-0.6318681318681185,35.78302597782588,35.63298885579277,36.062594790222214,39.175566135279624,300015.SZ
2011-05-17,36.1,-0.15016738402678143,1,-0.0019353055017971021,0.005001389274798651,0.0011126564673156203,-0.0055325034578145305,-0.19353055017971021,2.878312909660874,3.8550057537399374,0.2777777777777768,35.84065761822117,35.677466107622024,36.06406166119389,39.14496348716739,300015.SZ
2011-05-18,35.82,-0.1958356781091728,2,-0.007756232686980669,-0.0019353055017971021,0.005001389274798651,0.0011126564673156203,-0.9128630705394158,3.079136690647477,0.44868199663490316,2.109464082098067,35.8369016876355,35.69104076403897,36.054490615656874,39.11187927336473,300015.SZ
2011-05-19,35.0,0.9426172148355496,3,-0.022892238972641032,-0.007756232686980669,-0.0019353055017971021,0.005001389274798651,-2.6425591098748313,-0.7092198581560294,-1.2136607394863108,-1.2693935119887256,35.68473774442905,35.62522735794003,36.013138042493864,39.07096505173921,300015.SZ
2011-05-20,34.81,-0.6970461095100864,4,-0.005428571428571338,-0.022892238972641032,-0.007756232686980669,-0.0019353055017971021,-3.2786885245901676,-1.2482269503546028,1.783625730994154,-1.3881019830028207,35.525694518169225,35.547586657183835,35.9659561584745,39.02856738953285,300015.SZ
2011-05-23,34.01,1.7907253269916765,0,-0.022981901752370137,-0.005428571428571338,-0.022892238972641032,-0.007756232686980669,-5.971799834116687,-5.737250554323725,-0.8454810495626797,-3.517730496453908,35.25011369668391,35.40114983269014,35.88925199539707,38.97863139560716,300015.SZ
2011-05-24,34.8,0.08777162334895627,1,0.023228462216994927,-0.022981901752370137,-0.005428571428571338,-0.022892238972641032,-3.6011080332410073,-3.7876693392314142,-0.826446280991755,0.11507479861909697,35.168274842741376,35.34389746767203,35.8465362308717,38.93705297376032,300015.SZ
2011-05-25,33.9,-0.3775949862906385,2,-0.025862068965517238,0.023228462216994927,-0.022981901752370137,-0.005428571428571338,-5.360134003350092,-6.224066390041494,-2.4460431654676262,-4.935501962983735,34.93767941678839,35.20638342313184,35.77020147671987,38.88693304367316,300015.SZ
2011-05-26,32.66,0.48709880427942087,3,-0.036578171091445455,-0.025862068965517238,0.023228462216994927,-0.022981901752370137,-6.685714285714295,-9.151599443671788,-7.347517730496467,-7.818233135760666,34.52355588646323,34.9638707161669,35.6482327913583,38.82497351090029,300015.SZ
2011-05-27,32.3,0.15827338129496415,4,-0.01102265768524191,-0.036578171091445455,-0.025862068965517238,0.023228462216994927,-7.2105716748061095,-10.252848013337045,-8.368794326241147,-5.55555555555557,34.11927299801537,34.71016874319862,35.51692954463837,38.76004840133909,300015.SZ
2011-05-30,32.8,-0.23456339057362086,0,0.015479876160990669,-0.01102265768524191,-0.036578171091445455,-0.025862068965517238,-3.5577771243751832,-9.317113630080186,-9.090909090909093,-4.373177842565601,33.87940518019439,34.52824791051304,35.410383287985894,38.70074443714667,300015.SZ
2011-05-31,32.49,0.031026252983293645,1,-0.009451219512194964,0.015479876160990669,-0.01102265768524191,-0.036578171091445455,-6.637931034482747,-9.999999999999998,-10.17417749516174,-7.4095183813052135,33.62678605652268,34.33412906189275,35.29585845316292,38.638945985035754,300015.SZ
2011-06-01,32.52,-0.5351851851851852,2,0.0009233610341643494,-0.009451219512194964,0.015479876160990669,-0.01102265768524191,-4.0707964601769735,-9.212730318257945,-10.041493775933596,-6.417266187050352,33.425552228064014,34.161354865522014,35.187001258921235,38.57806095035878,300015.SZ
2011-06-02,31.59,0.7948207171314743,3,-0.02859778597785989,0.0009233610341643494,-0.009451219512194964,0.015479876160990669,-3.2761788120024393,-9.742857142857142,-12.127955493741316,-10.382978723404257,33.0918154593251,33.916463925948484,35.04594238602237,38.508528005579095,300015.SZ
2011-06-03,31.96,-0.46503884572696996,4,0.011712567268122864,-0.02859778597785989,0.0009233610341643494,-0.009451219512194964,-1.0526315789473606,-8.187302499281824,-11.197554876354543,-9.333333333333327,32.886030830356894,33.73013402823911,34.9249250375509,38.44336852293652,300015.SZ
2011-06-07,32.12,-0.1182572614107884,1,0.005006257822277815,0.011712567268122864,-0.02859778597785989,0.0009233610341643494,-2.073170731707319,-5.55718906204058,-11.197124688968774,-10.97560975609756,32.74675249756473,33.576787930311575,34.81492797725478,38.38044943315606,300015.SZ
2011-06-08,32.18,0.15647058823529414,2,0.0018679950186799577,0.005006257822277815,0.011712567268122864,-0.02859778597785989,-0.9541397353031722,-7.528735632183903,-10.858725761772858,-11.031241360243305,32.643706588916594,33.44376050837714,34.71159746834284,38.3187534188958,300015.SZ
2011-06-09,31.5,0.44862665310274674,3,-0.021131137352392804,0.0018679950186799577,0.005006257822277815,0.011712567268122864,-3.136531365313666,-7.079646017699115,-12.060301507537686,-12.863070539419086,32.435759936386305,33.25864045996027,34.585652469584296,38.25090512617047,300015.SZ
2011-06-10,30.7,0.4241573033707866,4,-0.025396825396825418,-0.021131137352392804,0.0018679950186799577,0.005006257822277815,-2.817347261791703,-6.001224739742794,-12.285714285714288,-14.603616133518782,32.120167220679704,33.01496041615453,34.43327394136531,38.175771741830474,300015.SZ
2011-06-13,31.26,-0.17159763313609466,0,0.018241042345277014,-0.025396825396825418,-0.021131137352392804,0.0018679950186799577,-2.1902377972465525,-3.219814241486052,-10.198218902614197,-13.142539594331758,31.96377318055612,32.847821328901716,34.30883182601765,38.10695809265803,300015.SZ
2011-06-14,31.23,-0.37321428571428583,1,-0.0009596928982725794,0.018241042345277014,-0.025396825396825418,-0.021131137352392804,-2.7708592777085816,-4.786585365853647,-8.174066451043805,-13.657727398396469,31.83035987500046,32.693743107101554,34.18809332303657,38.038530648949994,300015.SZ
2011-06-15,30.99,-0.29344729344729337,2,-0.007684918347742653,-0.0009596928982725794,0.018241042345277014,-0.025396825396825418,-3.697949036668746,-4.616805170821802,-10.948275862068968,-14.155124653739614,31.67756717045492,32.53148185880617,34.062677898603766,37.968396015627114,300015.SZ
2011-06-16,30.4,-0.016129032258064502,3,-0.01903839948370445,-0.007684918347742653,-0.0009596928982725794,0.018241042345277014,-3.492063492063502,-6.519065190651919,-10.32448377581121,-15.131211613623673,31.445282230372207,32.32848358653891,33.919043471207544,37.893088592586054,300015.SZ
2011-06-17,29.66,0.6434426229508194,4,-0.02434210526315783,-0.01903839948370445,-0.007684918347742653,-0.0009596928982725794,-3.387622149837133,-6.109528331750558,-9.1855480710349,-15.257142857142858,31.120685461213625,32.07434229258282,33.75202215861117,37.81116731305784,300015.SZ
2011-06-20,29.39,0.3657522859517872,0,-0.009103169251517218,-0.02434210526315783,-0.01903839948370445,-0.007684918347742653,-5.9820857325655785,-8.041301627033793,-9.009287925696585,-15.570238437230689,30.8060153773566,31.81869064567017,33.58096246611662,37.72737460347517,300015.SZ
2011-06-21,29.42,-0.47595861229458314,1,0.0010207553589656193,-0.009103169251517218,-0.02434210526315783,-0.01903839948370445,-5.79570925392251,-8.405977584059766,-10.304878048780475,-13.496030579241392,30.55401258147358,31.590243917511106,33.41778746744538,37.6447141596595,300015.SZ
2011-06-22,29.42,-0.15795586527293837,2,0.0,0.0010207553589656193,-0.009103169251517218,-0.02434210526315783,-5.066150371087441,-8.576755748912356,-9.449061249615266,-15.459770114942517,30.347828475751108,31.38355402060529,33.26101148832988,37.56287620782209,300015.SZ
2011-06-23,30.55,2.0151724137931035,3,0.038409245411284765,0.0,0.0010207553589656193,-0.009103169251517218,0.49342105263159297,-3.0158730158730163,-6.057810578105793,-9.882005899705003,30.38458693470545,31.304167923404783,33.15469731231694,37.493096345057694,300015.SZ
2011-06-24,31.4,0.02698993595608412,4,0.02782324058919805,0.038409245411284765,0.0,0.0010207553589656193,5.866486850977748,2.28013029315961,-0.601456157011715,-3.8579301898346574,30.56920749203173,31.313294787842423,33.08588565301039,37.43246852072877,300015.SZ
2011-06-27,31.67,0.004008908685968704,0,0.008598726114649846,0.02782324058919805,0.038409245411284765,0.0,7.757740728138818,1.3115802943058252,-0.9073842302878554,-1.9504643962848123,30.769351584389593,31.347266712809812,33.030360725441355,37.37513052549764,300015.SZ
2011-06-28,31.7,-0.06743566992014194,1,0.000947268708556992,0.008598726114649846,0.02782324058919805,0.038409245411284765,7.74983004758667,1.5049631764329163,-1.3075965130759593,-3.3536585365853577,30.938560387227845,31.380860359208878,32.97818971660052,37.31866156504493,300015.SZ
2011-06-29,31.35,-0.4519505233111323,2,-0.011041009463722329,0.000947268708556992,0.008598726114649846,0.02782324058919805,6.5601631543168,1.1616650532429995,-2.5792417650714716,-3.508771929824561,31.013367589550054,31.377921277379464,32.914339139478926,37.259271897731054,300015.SZ
2011-06-30,31.96,0.6163194444444446,3,0.01945773524720895,-0.011041009463722329,0.000947268708556992,0.008598726114649846,4.615384615384621,5.13157894736842,1.460317460317473,-1.7220172201722117,31.185482573268224,31.43335734620047,32.87691407518563,37.20654282412179,300015.SZ
2011-07-01,32.02,-0.257250268528464,4,0.001877346683354153,0.01945773524720895,-0.011041009463722329,0.000947268708556992,1.9745222929936412,7.956844234659477,4.2996742671009835,1.3611902500791473,31.337213014492185,31.48922807513376,32.84330960164894,37.15493543283699,300015.SZ
2011-07-04,32.69,0.302241503976862,0,0.020924422236102247,0.001877346683354153,0.01945773524720895,-0.011041009463722329,3.2207136090937727,11.228308948621969,4.574536148432484,2.28410513141426,31.583174284584516,31.6035873060734,32.837297460407804,37.11050821459981,300015.SZ
2011-07-05,32.8,0.038867295946696245,1,0.003364943407770049,0.020924422236102247,0.001877346683354153,0.01945773524720895,3.4700315457413256,11.488783140720592,5.027217419148244,2.1170610211706187,31.804415323750966,31.71753137216165,32.83583481490162,37.06761758559882,300015.SZ
2011-07-06,32.65,-0.321218599679316,2,-0.004573170731707266,0.003364943407770049,0.020924422236102247,0.001877346683354153,4.146730462519921,10.978925900747782,5.3565666343981855,1.4605344934742082,31.95815799215988,31.806337908146254,32.828547175101555,37.023661191712264,300015.SZ
2011-07-07,32.8,0.8952755905511813,3,0.004594180704440953,-0.004573170731707266,0.003364943407770049,0.020924422236102247,2.6282853566958586,7.364975450081812,7.8947368421052655,4.126984126984112,32.11122017540354,31.900972393084707,32.82742767803875,36.981634712192744,300015.SZ
2011-07-08,32.58,-0.5143331948483589,4,-0.006707317073170738,0.004594180704440953,-0.004573170731707266,0.003364943407770049,1.7489069331667606,3.7579617834395007,9.844908968307475,6.123778501628663,32.19645287078471,31.965641688981403,32.81772463184116,36.937837351872425,300015.SZ
2011-07-11,33.28,0.9948674080410609,0,0.021485573971761873,-0.006707317073170738,0.004594180704440953,-0.004573170731707266,1.8048332823493496,5.083675402589205,13.235794487921071,6.461932181701857,32.393461439732945,32.090818670983175,32.835853077651315,36.901440960311504,300015.SZ
2011-07-12,33.55,0.6663807890222984,1,0.008112980769230616,0.021485573971761873,-0.006707317073170738,0.004594180704440953,2.286585365853666,5.835962145110396,14.038069340584624,7.428754402817783,32.603741177963315,32.22978832136573,32.863858839312044,36.868093289064625,300015.SZ
2011-07-13,33.96,-0.5259907359752959,2,0.012220566318926984,0.008112980769230616,0.021485573971761873,-0.006707317073170738,4.012251148545176,8.325358851674647,15.431679129843644,9.583736689254607,32.85033369106089,32.39457038599757,32.90684476718216,36.839157037432145,300015.SZ
2011-07-14,34.29,0.07980456026058635,3,0.009717314487632356,0.012220566318926984,0.008112980769230616,0.021485573971761873,4.542682926829267,7.29036295369212,12.242225859247124,12.796052631578947,33.11209120177709,32.57508749209304,32.96108614886129,36.813792290791035,300015.SZ
2011-07-15,34.87,0.6601307189542485,4,0.01691455234762307,0.009717314487632356,0.012220566318926984,0.008112980769230616,7.028852056476365,8.90068707058087,11.05095541401273,17.565745111260945,33.43171098327216,32.793650588084176,33.035945515572614,36.794451073967245,300015.SZ
2011-07-18,35.02,0.7955784373107206,0,0.004301691998852997,0.01691455234762307,0.009717314487632356,0.012220566318926984,5.228365384615397,7.12756194554911,10.57783391221978,19.15617556992175,33.720490804495405,33.005683865409495,33.11375157378545,36.77679484437553,300015.SZ
2011-07-19,34.08,-0.4171023781413391,1,-0.026841804683038428,0.004301691998852997,0.01691455234762307,0.009717314487632356,1.5797317436661684,3.9024390243902474,7.507886435331224,15.83956492182188,33.78585611276897,33.107999687751445,33.15164366893112,36.749961064829506,300015.SZ
2011-07-20,34.21,-0.31423611111111116,2,0.003814553990610481,-0.026841804683038428,0.004301691998852997,0.01691455234762307,0.7361601884570135,4.777947932618698,9.122807017543867,16.281441196464996,33.86297318317461,33.21295209844178,33.19314783877696,36.72468782040335,300015.SZ
2011-07-21,33.5,0.01940928270042197,3,-0.020754165448699236,0.003814553990610481,-0.026841804683038428,0.004301691998852997,-2.3038786818314394,2.1341463414634276,4.818523153942422,9.656301145662848,33.796978058961045,33.24028999382828,33.20518125686414,36.69260137442919,300015.SZ
2011-07-22,34.72,0.14031456953642385,4,0.036417910447761104,-0.020754165448699236,0.003814553990610481,-0.026841804683038428,-0.43016919988528857,6.568446899938607,8.432229856339779,10.573248407643309,33.96480023005903,33.38121475632082,33.2645859134577,36.67297350005676,300015.SZ
2011-07-25,34.33,1.5001814882032667,0,-0.01123271889400923,0.036417910447761104,-0.020754165448699236,0.003814553990610481,-1.9703026841804805,3.1550480769230616,5.016824717038859,8.399115882538677,34.031200188230116,33.47157525571884,33.306366858027985,36.649660330901966,300015.SZ
2011-07-26,35.8,-0.009146341463414531,1,0.04281969123215834,-0.01123271889400923,0.036417910447761104,-0.020754165448699236,5.046948356807501,6.706408345752601,9.146341463414643,12.933753943217653,34.35280015400646,33.69332999326943,33.404156393007284,36.641205999251206,300015.SZ
2011-07-27,35.95,-0.40293040293040294,2,0.0041899441340784715,0.04281969123215834,-0.01123271889400923,0.036417910447761104,5.086232095878396,5.859835100117783,10.107197549770298,14.673046251993615,34.64320012600528,33.90825094629139,33.503993397203075,36.63432832761686,300015.SZ
2011-07-28,36.08,-0.11607361963190177,3,0.003616133518775877,0.0041899441340784715,0.04281969123215834,-0.01123271889400923,7.701492537313426,5.220180810731989,10.000000000000009,12.891113892365457,34.904436466731596,34.11508418950174,33.60501326397942,36.62881262286446,300015.SZ
2011-07-29,35.15,-0.17351471404775132,4,-0.025776053215077588,0.003616133518775877,0.0041899441340784715,0.04281969123215834,1.2384792626728203,0.8029825064525431,7.888275015346835,9.775140537164262,34.9490843818713,34.21364760002538,33.665600979117485,36.61409806940312,300015.SZ
2011-08-01,35.55,-0.2838427947598253,0,0.011379800853485111,-0.025776053215077588,0.003616133518775877,0.0041899441340784715,3.5537430818526117,1.5134209023415002,6.820913461538458,8.748852860201906,35.058341766985606,34.34091925716582,33.73949897993641,36.60351002891155,300015.SZ
2011-08-02,35.85,-0.08067542213883672,1,0.008438818565400963,0.011379800853485111,-0.025776053215077588,0.003616133518775877,0.13966480446927498,5.193661971830998,6.855439642324912,9.29878048780488,35.20227962753368,34.48464123267384,33.82226372582125,36.59601241668358,300015.SZ
2011-08-03,36.6,1.855612244897959,2,0.02092050209205021,0.008438818565400963,0.011379800853485111,-0.025776053215077588,1.8080667593880273,6.986261327097343,7.773851590106018,12.098009188361413,35.456410604345734,34.68610397241919,33.931194560102774,36.59605209412952,300015.SZ
2011-08-04,36.8,-0.5996069322851527,3,0.005464480874316724,0.02092050209205021,0.008438818565400963,0.011379800853485111,1.9955654101995624,9.850746268656717,7.319918343540377,12.195121951219523,35.700699585373776,34.88742740361736,34.0436967342164,36.59808142652624,300015.SZ
2011-08-05,37.0,1.6117804551539492,4,0.005434782608695787,0.005464480874316724,0.02092050209205021,0.008438818565400963,5.263157894736836,6.566820276497709,6.108402638371091,13.56660527931246,35.93693602439672,35.08862479374904,34.15963019561968,36.60208061631205,300015.SZ
2011-08-08,36.75,0.7613189817187767,0,-0.006756756756756799,0.005434782608695787,0.005464480874316724,0.02092050209205021,3.3755274261603407,7.049228080396164,4.9400342661336305,10.426682692307686,36.08476583814277,35.24685100386818,34.261213325203215,36.60355245097561,300015.SZ
2011-08-09,36.17,-0.4848190901154331,1,-0.015782312925170072,-0.006756756756756799,0.005434782608695787,0.005464480874316724,0.8926080892608157,1.0335195530726482,6.1326291079812245,7.809239940387491,36.10026295848045,35.33476995588074,34.33606770460702,36.599238496239536,300015.SZ
2011-08-10,36.79,0.042364903031444134,2,0.017141277301631064,-0.015782312925170072,-0.006756756756756799,0.005434782608695787,0.5191256830600954,2.3365785813630024,7.541654486992111,8.333333333333325,36.22566969330219,35.47336329341591,34.43230034364204,36.60113662065506,300015.SZ
2011-08-11,37.65,0.0800216763005781,3,0.02337591736885014,0.017141277301631064,-0.015782312925170072,-0.006756756756756799,2.309782608695654,4.351441241685139,12.388059701492526,9.798775153105854,36.484638839974515,35.6806620273763,34.558484643891376,36.611573072190836,300015.SZ
2011-08-12,37.9,-0.25104532530523493,4,0.006640106241699861,0.02337591736885014,0.017141277301631064,-0.015782312925170072,2.43243243243243,7.823613086770975,9.158986175115214,8.689417837682821,36.74197723270642,35.892027548578554,34.689524461777985,36.62439324062675,300015.SZ
2011-08-15,39.15,0.5408664582402858,0,0.03298153034300788,0.006640106241699861,0.02337591736885014,0.017141277301631064,6.530612244897949,10.126582278481022,14.040198077483247,11.793260993717869,37.17979955403252,36.20231063919012,34.86444507112003,36.649523656142904,300015.SZ
2011-08-16,38.56,-0.2226086956521739,1,-0.015070242656449406,0.03298153034300788,0.006640106241699861,0.02337591736885014,6.6076859275642885,7.559274755927481,7.70949720670393,13.145539906103298,37.43074508966297,36.42685248307677,35.00936879382121,36.66853337100715,300015.SZ
2011-08-17,39.0,-0.46401938851603286,2,0.011410788381742698,-0.015070242656449406,0.03298153034300788,0.006640106241699861,6.0070671378091856,6.557377049180313,8.484005563282327,14.001753873136513,37.7160641642697,36.671914151355175,35.165864135239985,36.691732043932454,300015.SZ
2011-08-18,38.18,0.22782608695652162,3,-0.021025641025641084,0.011410788381742698,-0.015070242656449406,0.03298153034300788,1.407702523240384,3.750000000000009,5.820399113082053,13.970149253731346,37.80041613440248,36.815541375035636,35.28406554170117,36.706540680311235,300015.SZ
2011-08-19,37.85,-0.041359773371104636,4,-0.00864326872708221,-0.021025641025641084,0.011410788381742698,-0.015070242656449406,-0.13192612137202797,2.297297297297307,7.681365576102417,9.014976958525356,37.809431382692935,36.91406124407987,35.38469042241877,36.717918384984756,300015.SZ
2011-08-22,37.68,-0.28309692671394804,0,-0.004491413474240424,-0.00864326872708221,-0.021025641025641084,0.011410788381742698,-3.7547892720306453,2.5306122448979673,5.9915611814346015,9.758228954267413,37.78589840402149,36.98700779226274,35.474702562716075,36.727491336377945,300015.SZ
2011-08-25,38.53,-0.26943005181347157,3,0.002863092139510748,0.01963906581740993,0.0,-0.004491413474240424,0.916710319539038,2.3373173970783645,4.701086956521761,6.790465631929066,38.00262955411845,37.311463821091685,35.78532285320867,36.771390082823764,300015.SZ
2011-08-26,38.95,-0.42853246044735405,4,0.010900596937451379,0.002863092139510748,0.01963906581740993,0.0,2.9062087186261687,2.770448548812676,5.270270270270272,10.810810810810834,38.174878726096914,37.46751488574962,35.909427839357356,36.79306779344243,300015.SZ
2011-08-29,40.03,2.1422434367541765,0,0.027727856225930658,0.010900596937451379,0.002863092139510748,0.01963906581740993,6.236730360934195,2.2477650063857046,8.92517006802722,12.601969057665263,38.5121735031702,37.7115610871068,36.071018904480596,36.8252760741047,300015.SZ
2011-08-30,38.42,-0.24001215251405128,1,-0.04021983512365723,0.027727856225930658,0.010900596937451379,0.002863092139510748,1.9639065817409929,-0.36307053941908585,6.220624827204868,7.168758716875878,38.49541468441198,37.779031459763296,36.16313581018724,36.84114397386486,300015.SZ
2011-08-31,38.25,-0.20567659404357386,2,-0.004424778761061954,-0.04021983512365723,0.027727856225930658,0.010900596937451379,-0.4424778761061954,-1.9230769230769273,3.9684696928513175,4.508196721311464,38.45079383270071,37.82388560645251,36.24497362155245,36.855162441786604,300015.SZ
2011-09-01,38.55,-0.5198792148968294,3,0.007843137254901933,-0.004424778761061954,-0.04021983512365723,0.027727856225930658,0.05190760446405207,0.9690937663698218,2.39043824701195,4.755434782608692,38.46883131766422,37.893039358218935,36.33536681286412,36.872026497092214,300015.SZ
2011-09-02,37.04,2.905136268343816,4,-0.039169909208819687,0.007843137254901933,-0.004424778761061954,-0.04021983512365723,-4.903722721437753,-2.1400264200792662,-2.2691292875989477,0.108108108108107,38.20904380536163,37.811797514579034,36.362999486869455,36.873697875230604,300015.SZ
2011-09-05,35.92,-0.30358341162260105,0,-0.030237580993520474,-0.039169909208819687,0.007843137254901933,-0.004424778761061954,-10.267299525355977,-4.670912951167727,-8.250319284802032,-2.2585034013605343,37.792854022568605,37.63162632271436,36.34562695797261,36.864208344133786,300015.SZ
2011-09-06,22.65,-0.35864328386972444,1,-0.36943207126948785,-0.030237580993520474,-0.039169909208819687,0.007843137254901933,-41.04633003643936,-39.88853503184714,-41.26037344398341,-37.37904340613769,35.039607836647036,36.204804768170135,35.80854354785604,36.72277343523693,300015.SZ
2011-09-07,23.23,-0.0829326923076924,2,0.02560706401766022,-0.36943207126948785,-0.030237580993520474,-0.039169909208819687,-39.267973856209146,-39.53669963560645,-40.43589743589744,-36.857841804838266,32.89240641180212,34.96910907596346,35.31526733029306,36.58851698314502,300015.SZ
2011-09-08,22.88,-0.45511140235910885,3,-0.01506672406371079,0.02560706401766022,-0.36943207126948785,-0.030237580993520474,-40.648508430609596,-40.61770049312224,-40.073336825563125,-39.22974767596281,31.07196888238355,33.817765354443125,34.82760978792863,36.45211382908388,300015.SZ
2011-09-09,24.03,2.4359591100420928,4,0.05026223776223793,-0.01506672406371079,0.02560706401766022,-0.36943207126948785,-35.12419006479482,-38.305519897304244,-36.51254953764861,-36.59630606860158,29.79161090376836,32.88559722544854,34.40417410997065,36.328510706406426,300015.SZ
2011-09-13,23.45,-0.17273363668183406,1,-0.024136496046608502,0.05026223776223793,-0.01506672406371079,0.02560706401766022,-34.71603563474388,-41.41893579815139,-37.76539278131635,-40.102171136653894,28.638590739446833,31.986968918262967,33.974598654677685,36.200366321268056,300015.SZ
2011-09-14,23.3,-0.35011635286651155,2,-0.006396588486140664,-0.024136496046608502,0.05026223776223793,-0.01506672406371079,2.8697571743929506,-39.354502863092144,-38.16348195329087,-39.574688796680505,27.667937877729223,31.159638545095063,33.55598694272954,36.072004467325094,300015.SZ
2011-09-15,23.1,-0.03059895833333326,3,-0.008583690987124415,-0.006396588486140664,-0.024136496046608502,0.05026223776223793,-0.5596211795092509,-39.607843137254896,-39.875065070275895,-40.76923076923077,26.837403718142088,30.392053921752677,33.14594823909309,35.94292979600843,300015.SZ
2011-09-16,23.14,-0.4076561450638012,4,0.0017316017316015841,-0.008583690987124415,-0.006396588486140664,-0.024136496046608502,1.1363636363636465,-39.97405966277561,-39.94290163508955,-39.3923520167627,26.165148496661708,29.701382119680996,32.75355811206983,35.81553745972974,300015.SZ
2011-09-19,22.47,0.18253968253968256,0,-0.02895419187554027,0.0017316017316015841,-0.008583690987124415,-0.006396588486140664,-6.491885143570542,-39.33585313174947,-42.31065468549423,-40.63408190224571,25.493303315450486,29.01267906066376,32.35028132336121,35.68274604221999,300015.SZ
2011-09-20,22.65,0.0004793863854266611,1,0.008010680907877266,-0.02895419187554027,0.0017316017316015841,-0.008583690987124415,-3.4115138592750616,-36.943207126948785,-43.41743692230827,-39.88853503184714,24.976339076277668,28.406709626314832,31.96987813420979,35.55306697712327,300015.SZ
2011-09-21,23.2,0.21130809774796355,2,0.02428256070640189,0.008010680907877266,-0.02895419187554027,0.0017316017316015841,-0.42918454935623185,2.428256070640189,-39.61478396668402,-38.42887473460722,24.65336833513627,27.910832519046753,31.625961344632938,35.43015088779867,300015.SZ
2011-09-22,22.6,-0.382120253164557,3,-0.025862068965517127,0.02428256070640189,0.008010680907877266,-0.02895419187554027,-2.164502164502169,-2.712010331467929,-40.91503267973856,-41.17647058823529,24.280028637838765,27.405038945804204,31.272002076215962,35.30248769488525,300015.SZ
2011-09-23,23.0,0.7836107554417413,4,0.017699115044247815,-0.025862068965517127,0.02428256070640189,0.008010680907877266,-0.6050129645635338,0.5244755244755206,-40.33722438391699,-40.30625486633792,24.047296158231717,26.985511427156183,30.947609837932983,35.18007488200082,300015.SZ
2011-09-26,22.71,-0.31837760229720036,0,-0.012608695652173929,0.017699115044247815,-0.025862068965517127,0.02428256070640189,1.0680907877169687,-5.493133583021226,-38.68790496760259,-41.69448010269576,23.804151402189586,26.57831986266512,30.624566314876787,35.05599453491624,300015.SZ
2011-09-27,22.7,-0.11479726171669302,1,-0.00044033465433734875,-0.012608695652173929,0.017699115044247815,-0.025862068965517127,0.22075055187638082,-3.1982942430703654,-36.80400890868597,-43.292530602048465,23.60339660179148,26.20895606622082,30.31379900841103,34.93304931566334,300015.SZ
2011-09-28,21.93,0.4646044021415825,2,-0.033920704845815,-0.00044033465433734875,-0.012608695652173929,0.017699115044247815,-5.474137931034484,-5.879828326180259,-3.1788079470198682,-42.92035398230089,23.29914267419303,25.801436440866457,29.985022576708637,34.80366574038311,300015.SZ
2011-09-29,21.39,0.12753858651502847,3,-0.024623803009575895,-0.033920704845815,-0.00044033465433734875,-0.012608695652173929,-5.353982300884963,-7.402597402597411,-7.920792079207917,-44.07843137254902,22.95202582433975,25.381299636974415,29.647962867818105,34.670196429533526,300015.SZ
2011-09-30,21.2,-0.2330691642651298,4,-0.008882655446470378,-0.024623803009575895,-0.033920704845815,-0.00044033465433734875,-7.826086956521738,-8.383751080380296,-7.342657342657343,-45.00648508430609,22.633475674459795,24.983080623929233,29.316670206335044,34.536164624264536,300015.SZ
2011-10-10,22.12,0.4786284640676375,0,0.04339622641509444,-0.008882655446470378,-0.024623803009575895,-0.033920704845815,-2.5979744605900468,-1.5576323987538832,-7.94839783603829,-40.28077753779697,22.540116460921652,24.710406278793116,29.034447845302296,34.412620697654944,300015.SZ
2011-10-11,22.34,-0.11658195679796701,1,0.00994575045207946,0.04339622641509444,-0.008882655446470378,-0.024623803009575895,-1.585903083700435,-1.3686534216335478,-4.733475479744131,-37.80623608017818,22.503731649844987,24.48465329986044,28.77192047881985,34.292495118573804,300015.SZ
2011-10-12,23.6,1.518518518518519,2,0.05640107430617736,0.00994575045207946,0.04339622641509444,-0.008882655446470378,7.6151390788873785,1.7241379310344973,1.2875536480686733,4.1942604856512355,22.703053168054986,24.400400604635635,28.569100067885742,34.18610213231934,300015.SZ
2011-10-13,24.03,-0.23786407766990292,3,0.018220338983050866,0.05640107430617736,0.00994575045207946,0.04339622641509444,12.342215988779802,6.3274336283185795,4.025974025974022,3.443822643133876,22.944316228408624,24.3651243565751,28.391096143654927,34.0850463897092,300015.SZ
2011-10-14,24.29,-0.3199700262270514,4,0.01081980857261744,0.018220338983050866,0.05640107430617736,0.00994575045207946,14.575471698113219,5.608695652173901,4.969749351771813,6.162587412587417,23.1889860050616,24.3579696559489,28.230268843903755,33.98758324155289,300015.SZ
2011-10-17,24.0,0.032506887052341504,0,-0.01193906957595714,0.01081980857261744,0.018220338983050866,0.05640107430617736,8.499095840867987,5.680317040951111,6.809078771695609,-0.12484394506866447,23.3364430950504,24.32387730776329,28.06437594806439,33.888204303825994,300015.SZ
2011-10-18,23.4,-0.12086446104589099,1,-0.025000000000000022,-0.01193906957595714,0.01081980857261744,0.018220338983050866,4.7448522829006246,3.083700440528636,3.31125827814569,-0.2132196162046962,23.347998895950326,24.235888992738214,27.881459244218732,33.78384406199688,300015.SZ
2011-10-19,24.6,0.8349013657056144,2,0.05128205128205132,-0.025000000000000022,-0.01193906957595714,0.01081980857261744,4.237288135593209,12.175102599179223,6.034482758620707,5.579399141630903,23.575635460322992,24.27056623152505,27.75277456797486,33.69246252904169,300015.SZ
2011-10-20,24.15,-0.08699966920277868,3,-0.018292682926829396,0.05128205128205132,-0.025000000000000022,-0.01193906957595714,0.4993757802746357,12.903225806451601,6.858407079646001,4.545454545454541,23.6800653766279,24.25908373328457,27.611489290799376,33.597512653130835,300015.SZ
2011-10-21,23.3,-0.38985507246376816,4,-0.03519668737060033,-0.018292682926829396,0.05128205128205132,-0.025000000000000022,-4.075751337999167,9.905660377358494,1.304347826086949,0.6914433880726101,23.61096258087737,24.167742425352706,27.44241127939548,33.49504984066188,300015.SZ
2011-10-24,23.59,0.6505344418052257,0,0.01244635193133048,-0.03519668737060033,-0.018292682926829396,0.05128205128205132,-1.708333333333334,6.645569620253156,3.8749449581682027,4.984423676012462,23.607151202536027,24.112719337223876,27.291336327262325,33.396492130804546,300015.SZ
2011-10-25,24.45,0.5974096060442524,1,0.03645612547689692,0.01244635193133048,-0.03519668737060033,-0.018292682926829396,4.487179487179493,9.444941808415397,7.70925110132159,7.947019867549665,23.760396438438566,24.144841305107317,27.179911373252036,33.30747230860749,300015.SZ
2011-10-26,24.28,-0.46227477477477474,2,-0.006952965235173747,0.03645612547689692,0.01244635193133048,-0.03519668737060033,-1.3008130081300862,2.8813559322033777,10.715914272685833,4.655172413793118,23.854869813267914,24.157713561763764,27.066189358614704,33.21764671349696,300015.SZ
2011-10-27,23.7,0.14952879581151834,3,-0.023887973640856708,-0.006952965235173747,0.03645612547689692,0.01244635193133048,-1.8633540372670732,-1.3732833957553092,10.79943899018232,4.867256637168138,23.826711665401017,24.11412179397674,26.93418193278668,33.12294376112386,300015.SZ
2011-10-28,24.71,0.9269447986882855,4,0.04261603375527434,-0.023887973640856708,-0.006952965235173747,0.03645612547689692,6.051502145922738,1.729106628242083,16.55660377358492,7.434782608695656,23.987309544419013,24.17087209931229,26.846959111893085,33.0392328779286,300015.SZ
2011-10-31,26.05,0.401531625224544,0,0.05422905706191816,0.04261603375527434,-0.023887973640856708,-0.006952965235173747,10.428147520135656,8.54166666666667,17.766726943942125,14.707177454865693,24.362344172706464,24.34983666128255,26.815705813387474,32.96968827217806,300015.SZ
2011-11-01,25.82,0.16250674581759306,1,-0.008829174664107486,0.05422905706191816,0.04261603375527434,-0.023887973640856708,5.603271983640079,10.34188034188035,15.57743957027753,13.744493392070488,24.62737250494165,24.48985221735088,26.776658526587966,32.89854709534047,300015.SZ
2011-11-02,26.91,-0.300702141240643,2,0.0422153369481022,-0.008829174664107486,0.05422905706191816,0.04261603375527434,10.831960461285007,9.39024390243901,14.025423728813546,22.708618331053355,25.04239568586135,24.720342482365083,26.781887603976674,32.8389595620535,300015.SZ
2011-11-03,26.83,0.15683345780433156,3,-0.0029728725380899768,0.0422153369481022,-0.008829174664107486,0.05422905706191816,13.206751054852317,11.097308488612834,11.652101539741967,25.432445067788677,25.367414652068376,24.92126224594936,26.78377436460504,32.77916891964501,300015.SZ
2011-11-04,26.39,-0.486765655261459,4,-0.01639955273947069,-0.0029728725380899768,0.0422153369481022,-0.008829174664107486,6.798866855524088,13.261802575107296,8.645533141210372,24.481132075471713,25.55333926078322,25.06114203204942,26.768332232659745,32.71559509954904,300015.SZ
2011-11-07,26.4,-0.3210342417889588,0,0.00037893141341416303,-0.01639955273947069,-0.0029728725380899768,0.0422153369481022,1.3435700575815668,11.911827045358203,9.999999999999986,19.34900542495479,25.70727757700445,25.18865231471138,26.75388783137897,32.65275335726498,300015.SZ
2011-11-08,25.91,-0.07245780156442971,1,-0.018560606060606055,0.00037893141341416303,-0.01639955273947069,-0.0029728725380899768,0.34856700232377413,5.971370143149279,10.726495726495733,15.980304386750221,25.744136199367276,25.25735209426268,26.72079419093274,32.58566128405836,300015.SZ
2011-11-09,26.89,1.0423879272081669,2,0.037823234272481576,-0.018560606060606055,0.00037893141341416303,-0.01639955273947069,-0.07432181345224942,10.74958813838549,9.308943089430887,13.940677966101699,25.952475072209587,25.412842370999567,26.727429712856946,32.528988037450816,300015.SZ
2011-11-10,26.63,-0.07638813430403135,3,-0.009669021941242195,0.037823234272481576,-0.018560606060606055,0.00037893141341416303,-0.7454342154304849,12.362869198312243,10.26915113871636,10.81980857261755,26.075661422716934,25.528762145190086,26.723608939803732,32.47029163906822,300015.SZ
2011-11-11,26.51,-0.28200000000000003,4,-0.004506196019526731,-0.009669021941242195,0.037823234272481576,-0.018560606060606055,0.45471769609701784,7.284500202347233,13.776824034334778,9.139563606422406,26.154632073132035,25.622213369457697,26.715232118634958,32.41098525459988,300015.SZ
2011-11-14,26.8,0.28821890873340994,0,0.010939268200679031,-0.004506196019526731,-0.009669021941242195,0.037823234272481576,1.5151515151515138,2.8790786948176494,13.607460788469705,11.66666666666667,26.27197169619894,25.734383524747443,26.718556349276724,32.355154555549134,300015.SZ
2011-11-15,26.55,-0.17476469091834146,1,-0.009328358208955279,0.010939268200679031,-0.004506196019526731,-0.009669021941242195,2.4700887688151374,2.8272656855151013,8.588957055214742,13.461538461538481,26.32252229689004,25.812061284295307,26.711946296363916,32.29739182365312,300015.SZ
2011-11-16,26.19,0.25354500616522824,2,-0.013559322033898313,-0.009328358208955279,0.010939268200679031,-0.004506196019526731,-2.603198214949798,-2.6755852842809347,7.866556836902805,6.463414634146347,26.29842733381912,25.848055447695753,26.69147781415357,32.236621755756076,300015.SZ
2011-11-17,25.91,-0.12037378581089375,3,-0.010691103474608665,-0.013559322033898313,-0.009328358208955279,0.010939268200679031,-2.7037176117161055,-3.4289973909802374,9.324894514767944,7.287784679089038,26.227804182215642,25.853954928867587,26.660831625363233,32.1736702954998,300015.SZ
2011-11-18,25.5,-0.24979032708974003,4,-0.01582400617522195,-0.010691103474608665,-0.013559322033898313,-0.009328358208955279,-3.809883062995101,-3.3724895793861287,3.1970861999190525,9.4420600858369,26.095476149085524,25.8202449356421,26.61530881652546,32.10726561594259,300015.SZ
2011-11-21,25.66,-0.26923793553195463,0,0.006274509803921635,-0.01582400617522195,-0.010691103474608665,-0.013559322033898313,-4.253731343283585,-2.803030303030296,-1.497120921305184,8.774904620601953,26.01629866743361,25.804983513199996,26.577845725681325,32.04311371926654,300015.SZ
2011-11-22,25.67,0.035186129525752285,1,0.000389711613406174,0.006274509803921635,-0.01582400617522195,-0.010691103474608665,-3.3145009416195803,-0.9262832883056626,-0.5809450038729569,4.989775051124745,25.95333527335477,25.79212794051428,26.54224393251735,31.97969965240817,300015.SZ
2011-11-23,24.94,0.2761083743842365,2,-0.028437865212310065,0.000389711613406174,0.006274509803921635,-0.01582400617522195,-4.7728140511645645,-7.251766455931574,-7.320698625046451,2.7182866556836993,25.769092496381177,25.71097289856054,26.479410837124515,31.90965288969764,300015.SZ
2011-11-24,25.01,-0.3613202084539664,3,0.002806736166800272,-0.028437865212310065,0.000389711613406174,0.006274509803921635,-3.4735623311462738,-6.083364626361243,-6.783451360417436,5.527426160337567,25.631075678857325,25.644213574888106,26.421786882727474,31.840999627113586,300015.SZ
2011-11-25,24.39,0.46600181323662726,4,-0.024790083966413468,0.002806736166800272,-0.028437865212310065,0.000389711613406174,-4.352941176470582,-7.99698227084119,-7.578628268283438,-1.2950222581950666,25.405425555428717,25.524764662994,26.34210896575777,31.766860327341313,300015.SZ
2011-11-28,24.8,-0.12925170068027203,0,0.01681016810168101,-0.024790083966413468,0.002806736166800272,-0.028437865212310065,-3.351519875292286,-7.462686567164178,-6.060606060606055,-4.798464491362764,25.295348181714402,25.455739456994568,26.281634104355504,31.697538334034434,300015.SZ
2011-11-29,25.73,0.7457386363636362,1,0.03750000000000009,0.01681016810168101,-0.024790083966413468,0.002806736166800272,0.23373587845734178,-3.0885122410546195,-0.6947124662292525,-0.34856700232377413,25.374375785039057,25.481859508709373,26.26000139438078,31.63815984314852,300015.SZ
2011-11-30,25.45,-0.02793599132085689,2,-0.01088223863194715,0.03750000000000009,0.01681016810168101,-0.024790083966413468,2.044907778668792,-2.825505918289428,-5.3551506136110145,-5.425492382014118,25.38812564230468,25.47882526978467,26.228236633816827,31.576586113365952,300015.SZ
2011-12-01,25.99,0.0778459821428572,3,0.021218074656188524,-0.01088223863194715,0.03750000000000009,0.01681016810168101,3.9184326269491976,0.30876109610189495,-2.403304543747653,-3.13082370480805,25.49755734370383,25.527508577424225,26.218894020725973,31.520998191839922,300015.SZ
2011-12-02,25.56,-0.5432306497540772,4,-0.016544824932666402,0.021218074656188524,-0.01088223863194715,0.03750000000000009,4.797047970479706,0.23529411764704466,-3.583553376084503,-3.145130731337631,25.508910553939497,25.53060299862192,26.193055039521035,31.461684776995746,300015.SZ
2011-12-05,24.9,0.2504958911873052,0,-0.025821596244131495,-0.016544824932666402,0.021218074656188524,-0.01088223863194715,0.40322580645160144,-2.961808261886212,-7.0895522388059735,-5.681818181818176,25.398199544132314,25.470545570181734,26.142346998755503,31.396394381204747,300015.SZ
2011-12-06,25.04,-0.49739406299569455,1,0.005622489959839383,-0.025821596244131495,-0.016544824932666402,0.021218074656188524,-2.681694520015554,-2.454226723802111,-5.687382297551791,-3.3577769201080687,25.333072354290074,25.42954123016443,26.09911770468666,31.33314667591913,300015.SZ
2011-12-07,25.26,-0.3534715960324617,2,0.008785942492012921,0.005622489959839383,-0.025821596244131495,-0.016544824932666402,-0.746561886051067,1.2830793905372895,-3.550973654066436,-6.061732986240232,25.319786471691877,25.413394446339243,26.066211128032283,31.272717355760733,300015.SZ
2011-12-08,25.98,3.1743375174337514,3,0.028503562945368044,0.008785942492012921,0.005622489959839383,-0.025821596244131495,-0.038476337052706366,3.8784486205517776,0.27016595908915253,-2.4408561772437,25.439825295020626,25.46735688002122,26.062830299482,31.220053501474556,300015.SZ
2011-12-09,25.47,0.11460073504844637,4,-0.019630484988452768,0.028503562945368044,0.008785942492012921,0.005622489959839383,-0.35211267605633756,4.428044280442789,-0.11764705882353343,-3.9230479064504054,25.445311605016876,25.467608605733485,26.03958205244349,31.162839038773317,300015.SZ
2011-12-12,24.77,-0.4487410071942446,0,-0.027483313702394985,-0.019630484988452768,0.028503562945368044,0.008785942492012921,-0.5220883534136522,-0.12096774193548487,-3.468433359314105,-7.574626865671641,25.32252767683199,25.401169690901725,25.989794520975117,31.099228700079056,300015.SZ
2011-12-13,24.04,-0.01087547580206627,1,-0.029471134436818702,-0.027483313702394985,-0.019630484988452768,0.028503562945368044,-3.9936102236421744,-6.5682083171395345,-6.349824698091167,-9.453860640301325,25.089340826498898,25.27153448224442,25.913331990740797,31.028987618486234,300015.SZ
2011-12-14,24.17,-0.18059373282023095,2,0.005407653910149968,-0.029471134436818702,-0.027483313702394985,-0.019630484988452768,-4.315122723673792,-5.02946954813358,-3.087409783480355,-7.712867506681942,24.922187948953642,25.16662643631638,25.84496603031959,30.960738985466474,300015.SZ
2011-12-15,23.75,0.04964776920496483,3,-0.01737691352916848,0.005407653910149968,-0.029471134436818702,-0.027483313702394985,-8.583525789068513,-8.618699499807613,-5.037984806077578,-8.336549594751064,24.709062867325706,25.03170963285768,25.76281049971882,30.888990338844916,300015.SZ
2011-12-16,24.63,0.22115691914349633,4,0.037052631578947226,-0.01737691352916848,0.005407653910149968,-0.029471134436818702,-3.297997644287398,-3.638497652582162,0.9840098400983877,-3.4117647058823586,24.694687800539214,24.99345157258552,25.718386558553377,30.82671182801064,300015.SZ
2011-12-19,24.95,0.14053912588327666,0,0.01299228583028822,0.037052631578947226,-0.01737691352916848,0.005407653910149968,0.7266855066612843,0.20080321285140812,0.6048387096774244,-2.7669524551831692,24.74110820044117,24.989313327577378,25.688253752335598,30.768237083453325,300015.SZ
2011-12-20,24.82,-0.5006883891693437,1,-0.0052104208416833275,0.01299228583028822,0.037052631578947226,-0.01737691352916848,3.2445923460898474,-0.8785942492012699,-3.5367275553828237,-3.311258278145701,24.75545216399732,24.973188248760486,25.65420458557734,30.709050644812002,300015.SZ
2011-12-21,24.05,0.21277573529411753,2,-0.031023368251410166,-0.0052104208416833275,0.01299228583028822,0.037052631578947226,-0.49648324369052643,-4.790182106096596,-5.500982318271119,-3.568564554931841,24.627188134179626,24.885265558402345,25.59129460182921,30.642791434415866,300015.SZ
2011-12-22,23.94,0.6623721106479725,3,-0.0045738045738045185,-0.031023368251410166,-0.0052104208416833275,0.01299228583028822,0.8000000000000007,-7.852193995381063,-7.88764909580607,-4.2782886845261885,24.502244837056054,24.795240267125934,25.526537950777083,30.576096992282373,300015.SZ
2011-12-23,24.23,-0.31274219284248916,4,0.012113617376775299,-0.0045738045738045185,-0.031023368251410166,-0.0052104208416833275,-1.624035728786033,-4.8684727129956755,-5.203442879499209,-0.6560065600656029,24.452745775773135,24.741407860732988,25.47569332525641,30.51295174857807,300015.SZ
2011-12-26,24.19,-0.2431177446102819,0,-0.0016508460586049933,0.012113617376775299,-0.0045738045738045185,-0.031023368251410166,-3.0460921843687316,-2.3415421881307963,-2.8514056224899442,-2.459677419354833,24.404973816541656,24.688892826377465,25.425273979167926,30.450036805806153,300015.SZ
2011-12-27,24.0,0.3080631025416303,1,-0.007854485324514271,-0.0016508460586049933,0.012113617376775299,-0.0045738045738045185,-3.3037872683319924,-0.16638935108153063,-4.153354632587858,-6.723668869024491,24.33134221353408,24.623283985770087,25.369380881945656,30.385857335101615,300015.SZ
2011-12-28,23.56,0.31926298157453936,2,-0.018333333333333424,-0.007854485324514271,-0.0016508460586049933,0.012113617376775299,-2.037422037422043,-2.523789822093514,-6.730007917656389,-7.426326129666016,24.1910981747097,24.522018844268175,25.29842476892818,30.317938356642895,300015.SZ
2011-12-29,24.0,-0.3232605383443373,3,0.018675721561969505,-0.018333333333333424,-0.007854485324514271,-0.0016508460586049933,0.25062656641603454,1.0526315789473717,-7.621247113163976,-7.656791073489799,24.156353052035207,24.47230276386168,25.24750615053884,30.255073298367844,300015.SZ
2011-12-30,24.95,0.2855534709193246,4,0.039583333333333304,0.018675721561969505,-0.018333333333333424,-0.007854485324514271,2.9715229054890546,1.299228583028822,-2.0416175893207655,-2.386541471048509,24.300652497119714,24.517797738731996,25.23583924267457,30.202286499379113,300015.SZ
2012-01-04,23.79,0.1687098657326329,2,-0.046492985971943845,0.039583333333333304,0.018675721561969505,-0.018333333333333424,-1.6535758577924886,-4.6492985971943845,-3.9563988696003194,-4.457831325301198,24.20780658855249,24.448483668376568,25.17913966453047,30.138482653614147,300015.SZ
2012-01-05,22.42,0.5811688311688312,3,-0.057587221521647636,-0.046492985971943845,0.039583333333333304,0.018675721561969505,-6.58333333333333,-9.669621273166795,-6.738768718801991,-10.463258785942486,23.88275084517931,24.255294747578798,25.070938109058687,30.06168183119013,300015.SZ
2012-01-06,22.66,-0.35713157479071234,4,0.01070472792149868,-0.057587221521647636,-0.046492985971943845,0.039583333333333304,-3.8200339558573826,-5.7796257796257855,-6.247414149772457,-10.2929532858274,23.66043250969216,24.103361914476057,24.976391516546585,29.9880332557554,300015.SZ
2012-01-09,23.15,0.3063882063882064,0,0.021624007060900174,0.01070472792149868,-0.057587221521647636,-0.046492985971943845,-3.5416666666666763,-3.299916457811203,-2.5263157894736876,-10.892994611239427,23.56762659883904,24.012565541668813,24.904768319819265,29.91999312385734,300015.SZ
2012-01-10,23.5,0.5405303742712055,1,0.015118790496760237,0.021624007060900174,0.01070472792149868,-0.057587221521647636,-5.811623246492981,-3.0127940569541933,-4.587900933820544,-7.734589713388296,23.555330853595578,23.96374977579559,24.849679366100865,29.856112595261745,300015.SZ
2012-01-11,22.97,-0.30997436210474905,2,-0.022553191489361746,0.015118790496760237,0.021624007060900174,0.01070472792149868,-3.4468263976460745,-5.043406366267067,-7.935871743486977,-7.266855066612843,23.448907062032745,23.869106940005537,24.775966449783187,29.78759406197556,300015.SZ
2012-01-12,22.48,0.01840056617126673,3,-0.021332172398780935,-0.022553191489361746,0.015118790496760237,0.021624007060900174,0.267618198037467,-6.333333333333336,-9.427880741337635,-6.489184692179695,23.27274214166315,23.73681104095739,24.68592854979169,29.714881683249438,300015.SZ
2012-01-13,21.35,0.04517025712300193,4,-0.050266903914590655,-0.021332172398780935,-0.022553191489361746,0.015118790496760237,-5.781112091791696,-9.380305602716454,-11.226611226611228,-11.667356226727343,22.92315266136076,23.509495703723353,24.555107822348877,29.63164902968477,300015.SZ
2012-01-16,21.02,-0.11652260638297873,0,-0.015456674473067977,-0.050266903914590655,-0.021332172398780935,-0.022553191489361746,-9.200863930885529,-12.416666666666664,-12.197159565580629,-11.494736842105269,22.57712490474971,23.27240087479732,24.416476143041077,29.545960979638156,300015.SZ
2012-01-17,21.81,-0.29200376293508934,1,0.03758325404376772,-0.015456674473067977,-0.050266903914590655,-0.021332172398780935,-7.19148936170213,-12.585170340681362,-9.987618654560471,-11.449451887941532,22.43764764934067,23.133124601007097,24.314261392333584,29.468986243522355,300015.SZ
2012-01-18,20.57,0.7695987244220037,2,-0.05685465382851895,0.03758325404376772,-0.015456674473067977,-0.050266903914590655,-10.448410970831512,-13.535098781000421,-14.96486151302191,-17.555110220440884,22.098075349460544,22.88901749614928,24.167427612242072,29.380439116721142,300015.SZ
2012-01-19,20.87,-0.47995194473644687,3,0.014584346135148252,-0.05685465382851895,0.03758325404376772,-0.015456674473067977,-7.161921708185048,-6.91347011596789,-13.041666666666663,-15.914585012087024,21.8747889222859,22.696730115563636,24.038116725487484,29.295758130485112,300015.SZ
2012-01-20,21.15,-0.27952642217730295,4,0.013416387158600829,0.014584346135148252,-0.05685465382851895,0.03758325404376772,-0.9367681498829161,-6.663724624889678,-10.229202037351449,-12.05821205821207,21.743009118233918,22.549422485509957,23.9248572460566,29.214705810778792,300015.SZ
2012-01-30,21.22,-0.3370741482965932,0,0.003309692671394915,0.013416387158600829,0.014584346135148252,-0.05685465382851895,0.9514747859181716,-8.336933045356377,-11.583333333333334,-11.361737677527161,21.647916551282297,22.422810820223294,23.81878441287791,29.135156499228756,300015.SZ
2012-01-31,21.24,0.2400241837968562,1,0.0009425070688029447,0.003309692671394915,0.013416387158600829,0.014584346135148252,-2.613480055020634,-9.61702127659575,-14.869739478957921,-12.340074288072644,21.573749905594607,22.31016217067822,23.717655612372894,29.056597728092154,300015.SZ
2012-02-01,21.68,0.4895173086299365,2,0.020715630885122405,0.0009425070688029447,0.003309692671394915,0.013416387158600829,5.396208070004849,-5.616020896821938,-8.869272803699035,-10.376188507647798,21.593068104577405,22.25014672585172,23.63774754914259,28.98319874572308,300015.SZ
2012-02-02,21.94,-0.3636661211129296,3,0.011992619926199266,0.020715630885122405,0.0009425070688029447,0.003309692671394915,5.126976521322479,-2.4021352313167266,-2.140945584299736,-8.583333333333332,21.656146631017876,22.220608942437273,23.571169213882094,28.913117166163648,300015.SZ
2012-02-03,22.13,0.42901234567901225,4,0.00865998176845939,0.011992619926199266,0.020715630885122405,0.0009425070688029447,4.633569739952725,3.653395784543312,-2.3389232127096204,-6.069609507640072,21.742301789014626,22.21197951934801,23.514652774122013,28.845623463017745,300015.SZ
2012-02-06,22.28,0.28257739380849545,0,0.006778129236330921,0.00865998176845939,0.011992619926199266,0.020715630885122405,4.995287464656006,5.994291151284492,-3.7580993520518247,-7.166666666666666,21.840065100102873,22.218457660362485,23.46623501827409,28.780293876321053,300015.SZ
2012-02-07,21.7,-0.4361493123772102,1,-0.026032315978456122,0.006778129236330921,0.00865998176845939,0.011992619926199266,2.165725047080991,-0.5043558000916937,-7.659574468085106,-13.026052104208418,21.814598718265984,22.169080740327963,23.396970899910404,28.709843190984525,300015.SZ
2012-02-08,22.17,-0.20806371329019413,2,0.021658986175115302,-0.026032315978456122,0.006778129236330921,0.00865998176845939,2.2601476014760147,7.778317938745749,-3.4828036569438225,-6.809583858764179,21.879217133126712,22.169168288868157,23.348854394031566,28.644770124407568,300015.SZ
2012-02-09,22.25,0.6090509113764928,3,0.0036084799278304214,0.021658986175115302,-0.026032315978456122,0.006778129236330921,1.4129443938012631,6.6123622424532735,-1.0231316725978656,-0.7582515611061602,21.946632199830947,22.176866547071192,23.305762064853855,28.581140570930877,300015.SZ
2012-02-10,22.46,0.02578125000000009,4,0.009438202247191052,0.0036084799278304214,0.021658986175115302,-0.026032315978456122,1.4911884319927848,6.193853427896001,5.1990632318501095,-0.8826125330979706,22.039971799861682,22.20383163782632,23.272594925055664,28.520233699578334,300015.SZ
2012-02-13,23.35,1.0948210205635944,0,0.039626001780944,0.009438202247191052,0.0036084799278304214,0.021658986175115302,4.802513464991032,10.037700282752127,11.084681255946727,0.8639308855291628,22.278158745341376,22.31299052946191,23.275630418190737,28.468788588139745,300015.SZ
2012-02-14,23.32,-0.5351754226504272,1,-0.0012847965738758127,0.039626001780944,0.009438202247191052,0.0036084799278304214,7.4654377880184475,9.79284369114879,6.923429619440635,-0.7659574468085073,22.46758442800658,22.40889619332268,23.2773704017911,28.417556860894575,300015.SZ
2012-02-15,22.74,7.333594055533828,2,-0.02487135506003435,-0.0012847965738758127,0.039626001780944,0.009438202247191052,2.571041948579156,4.889298892988925,10.549343704423908,-1.0013060513713534,22.517114532005387,22.440429889196707,23.256297052701253,28.361063757801098,300015.SZ
2012-02-16,22.43,-0.26960439251020707,3,-0.013632365875109853,-0.02487135506003435,-0.0012847965738758127,0.039626001780944,0.8089887640449378,2.2333637192342604,7.474844274077608,-0.22241992882562345,22.501275526186223,22.439436566416067,23.22389324671297,28.302048198021982,300015.SZ
2012-02-17,22.49,-0.45611667951683366,4,0.002674988854213023,-0.013632365875109853,-0.02487135506003435,-0.0012847965738758127,0.13357079252003246,1.6267510167193855,6.335697399527196,5.3395784543325275,22.499225430516,22.4442521315193,23.195113119390893,28.24421687266853,300015.SZ
2012-02-20,22.08,0.3311281748375665,0,-0.018230324588706104,0.002674988854213023,-0.013632365875109853,-0.02487135506003435,-5.438972162740907,-0.8976660682226356,4.052780395852973,5.0428163653663205,22.423002624967634,22.409561452326987,23.151383193140273,28.1828813813982,300015.SZ
2012-02-21,21.68,0.4040646077387291,1,-0.018115942028985477,-0.018230324588706104,0.002674988854213023,-0.013632365875109853,-7.032590051457976,-0.09216589861751334,2.0715630885122405,-0.5960568546538259,22.28791123860988,22.340079409248226,23.0936818914485,28.118176094021106,300015.SZ
2012-02-22,22.22,-0.07256178496934462,2,0.024907749077490715,-0.018115942028985477,-0.018230324588706104,0.002674988854213023,-2.2867194371152144,0.225529995489393,2.4907749077490715,8.021390374331538,22.27556374068081,22.328643275034107,23.059419856489736,28.059487774677613,300015.SZ
2012-02-23,22.33,-0.2837865467184624,3,0.004950495049504955,0.024907749077490715,-0.018115942028985477,-0.018230324588706104,-0.4458314757021964,0.35955056179775013,1.77757520510482,6.995687589841859,22.285461242375206,22.32877248693562,23.030815156235235,28.002477946073856,300015.SZ
2012-02-24,22.59,-0.02236178513654974,4,0.01164352888490816,0.004950495049504955,0.024907749077490715,-0.018115942028985477,0.44464206313918897,0.5788067675868147,2.0786262991414395,6.808510638297882,22.340831925579714,22.353651297703657,23.013528287363265,27.948622444122876,300015.SZ
2012-02-27,22.51,-0.04078255791317886,0,-0.0035413899955731853,0.01164352888490816,0.004950495049504955,0.024907749077490715,1.9474637681159646,-3.5974304068522422,1.032315978456011,6.07917059377947,22.371589757292494,22.368541650303307,22.993782080015688,27.894506797912697,300015.SZ
2012-02-28,21.84,0.08746829020801639,1,-0.029764549089293713,-0.0035413899955731853,0.01164352888490816,0.004950495049504955,0.7380073800737907,-6.34648370497427,0.6451612903225934,2.824858757062154,22.274937074148404,22.31820435027442,22.94853572393664,27.834262949177248,300015.SZ
2012-02-29,21.87,-0.556592329943081,2,0.0013736263736263687,-0.029764549089293713,-0.0035413899955731853,0.01164352888490816,-1.5751575157515685,-3.825857519788911,-1.3531799729364025,0.8763837638376515,22.201312151575966,22.275518221676858,22.90624020535089,27.774917049185436,300015.SZ
2012-03-01,21.66,-0.032196969696969724,3,-0.009602194787380003,0.0013736263736263687,-0.029764549089293713,-0.0035413899955731853,-3.000447828034025,-3.43290236290682,-2.6516853932584294,-1.2762078395624488,22.102891760380334,22.216897438660016,22.85736804043517,27.714072103422396,300015.SZ
2012-03-02,21.94,-0.015003261578604099,4,0.012927054478301114,-0.009602194787380003,0.0013736263736263687,-0.029764549089293713,-2.877379371403266,-2.4455313472654394,-2.315227070347281,-0.8585630366018893,22.07327507667482,22.190526254025727,22.8213928231632,27.656618649657002,300015.SZ
2012-03-05,22.05,0.22030905077262708,0,0.005013673655423823,0.012927054478301114,-0.009602194787380003,0.0013736263736263687,-2.043536206130614,-0.13586956521738358,-5.567451820128477,-1.032315978456011,22.069043244552127,22.177142801261372,22.791142124215625,27.60083139941166,300015.SZ
2012-03-06,21.9,-0.18777134587554278,1,-0.006802721088435493,0.005013673655423823,0.012927054478301114,-0.009602194787380003,0.27472527472527375,1.0147601476014678,-6.089193825042893,0.9216589861751112,22.03830810917901,22.150748248760287,22.756195374246385,27.544106708870252,300015.SZ
2012-03-07,21.71,-0.18195991091314034,2,-0.008675799086757863,-0.006802721088435493,0.005013673655423823,0.012927054478301114,-0.7315957933241912,-2.295229522952291,-4.529463500439745,-2.0748759585024867,21.978615725691917,22.10877222506883,22.715168104668095,27.486055895846672,300015.SZ
2012-03-08,22.0,0.03702695344405127,3,0.013357899585444422,-0.008675799086757863,-0.006802721088435493,0.005013673655423823,1.5697137580794163,-1.477832512315258,-1.9170753455193923,-1.1235955056179803,21.982503775566112,22.098412965538465,22.687122296641896,27.43146827499248,300015.SZ
2012-03-09,22.55,1.4691520084011547,4,0.025000000000000133,0.013357899585444422,-0.008675799086757863,-0.006802721088435493,2.7803099361896066,-0.17706949977865927,0.2667852378835045,0.40071237756009737,22.085684907281365,22.1414212545348,22.681744951675547,27.382896451360715,300015.SZ
2012-03-12,22.78,-0.15576820839978722,0,0.010199556541020005,0.025000000000000133,0.013357899585444422,-0.008675799086757863,3.31065759637188,1.1994669035984007,3.1702898550724834,-2.441113490364022,22.21192401504839,22.20223827791244,22.68559809082553,27.33709648667056,300015.SZ
2012-03-13,22.69,-0.3691435768261965,1,-0.003950834064969211,0.010199556541020005,0.025000000000000133,0.013357899585444422,3.6073059360730797,3.8919413919414003,4.658671586715868,-2.7015437392795882,22.298846921403225,22.248691775254112,22.685770714714725,27.29085672063404,300015.SZ
2012-03-14,21.7,0.9101617089239369,2,-0.043631555751432405,-0.003950834064969211,0.010199556541020005,0.025000000000000133,-0.04606172270843478,-0.7773205304069553,-2.3402340234023433,-4.573438874230429,22.189965662966273,22.1964354157061,22.647113039627875,27.235226305503353,300015.SZ
2012-03-15,21.33,-0.42130016722408037,3,-0.017050691244239635,-0.043631555751432405,-0.003950834064969211,0.010199556541020005,-3.045454545454551,-1.5235457063711988,-4.478280340349306,-4.904146232724038,22.033608269699677,22.113917757067423,22.59546154787776,27.176467834801826,300015.SZ
2012-03-16,22.06,0.46920715188730355,4,0.03422409751523681,-0.017050691244239635,-0.043631555751432405,-0.003950834064969211,-2.172949002217306,0.5469462169553241,-2.346170872067288,-1.9119608714984415,22.038406766117916,22.108782732584814,22.574463055804124,27.125557707092355,300015.SZ
2012-03-19,22.43,-0.3854947756607252,0,0.016772438803263956,0.03422409751523681,-0.017050691244239635,-0.043631555751432405,-1.5364354697102733,1.7233560090702982,-0.35539760106619855,1.5851449275362306,22.109605535914657,22.13937485329102,22.568797837929452,27.078835739857606,300015.SZ
2012-03-20,21.67,-0.1602320464092819,1,-0.03388319215336599,0.016772438803263956,0.03422409751523681,-0.017050691244239635,-4.495372410753628,-1.0502283105022658,-0.7783882783882645,-0.046125461254598044,22.029677256657447,22.094672486310923,22.533550863893005,27.0250164787645,300015.SZ
2012-03-21,21.78,-0.34373511195807516,2,0.0050761421319796,-0.03388319215336599,0.016772438803263956,0.03422409751523681,0.36866359447005337,0.32243205895901017,-0.4115226337448541,-1.9801980198019709,21.984281391810637,22.064703678090837,22.503999849622694,26.972827260070325,300015.SZ
2012-03-22,21.63,-0.33756805807622503,3,-0.006887052341597921,0.0050761421319796,-0.03388319215336599,0.016772438803263956,1.406469760900153,-1.6818181818181843,-0.13850415512466352,-3.1347962382445083,21.919866593299613,22.02330332779647,22.469725345715922,26.91966479977112,300015.SZ
2012-03-23,21.27,0.3172602739726027,4,-0.01664355062413314,-0.006887052341597921,0.0050761421319796,-0.03388319215336599,-3.5811423390752495,-5.676274944567627,-3.05378304466728,-5.843293492695889,21.8017090308815,21.951560153720617,22.42267729294275,26.863449229624145,300015.SZ
2012-03-26,21.28,-0.21921797004991683,0,0.0004701457451810054,-0.01664355062413314,-0.006887052341597921,0.0050761421319796,-5.12706197057512,-6.584723441615448,-3.4920634920634908,-5.464238116392717,21.7068528434485,21.887602043842463,22.377866418709704,26.80789252087167,300015.SZ
2012-03-27,21.09,-0.0010655301012253426,1,-0.008928571428571508,0.0004701457451810054,-0.01664355062413314,-0.006887052341597921,-2.6765113059529333,-7.051564565888057,-3.6986301369862917,-3.434065934065933,21.59469778100332,21.811639944428897,22.32736185327011,26.75099806792767,300015.SZ
2012-03-28,19.89,1.5263999999999998,2,-0.056899004267425335,-0.008928571428571508,0.0004701457451810054,-0.01664355062413314,-8.677685950413228,-8.34101382488479,-8.383233532934131,-9.053497942386834,21.284752729911805,21.62862661638805,22.231779035494814,26.682729430435856,300015.SZ
2012-03-29,19.97,0.07979734008866379,3,0.004022121669180478,-0.056899004267425335,-0.008928571428571508,0.0004701457451810054,-7.674526121128067,-6.375996249413973,-9.227272727272728,-7.8024007386888306,21.04570677901875,21.47066217673205,22.143081818416583,26.615936102769826,300015.SZ
2012-03-30,20.08,-0.6236559139784946,4,0.0055082623935902575,0.004022121669180478,-0.056899004267425335,-0.008928571428571508,-5.594734367653976,-8.975521305530377,-10.95343680709535,-8.477666362807668,20.870123728288068,21.338218159900425,22.062176649066917,26.550901912692517,300015.SZ
2012-04-05,20.5,0.1890909090909092,3,0.020916334661354563,0.0055082623935902575,0.004022121669180478,-0.056899004267425335,-3.665413533834594,-8.60454748105216,-10.008779631255493,-7.029478458049887,20.802828504962964,21.258387858957526,22.000914819691744,26.490693933461746,300015.SZ
2012-04-06,20.22,-0.25163826998689387,4,-0.013658536585365866,0.020916334661354563,0.0055082623935902575,0.004022121669180478,-4.125177809388337,-6.691278264882339,-10.885852798589701,-7.671232876712331,20.69685968587879,21.159493777152047,21.93107502284109,26.42829896894969,300015.SZ
2012-04-09,20.08,-0.39287799182720373,0,-0.006923837784371889,-0.013658536585365866,0.020916334661354563,0.0055082623935902575,0.9552538964303636,-7.805325987144185,-7.465437788018436,-7.508060801473981,20.58470337935537,21.05668484599471,21.858483845474773,26.365131815029795,300015.SZ
2012-04-10,20.19,0.3471153846153845,1,0.005478087649402497,-0.006923837784371889,-0.013658536585365866,0.020916334661354563,1.101652478718096,-6.657420249653246,-5.344585091420518,-8.227272727272716,20.512939128563485,20.974143432090454,21.79305310643655,26.303687717367808,300015.SZ
2012-04-11,20.05,-0.12990720913633125,2,-0.006934125804853863,0.005478087649402497,-0.006923837784371889,-0.013658536585365866,-0.14940239043823578,-5.735778091208266,-9.111514052583857,-11.086474501108645,20.428768377915578,20.886129771891362,21.724698082654722,26.24146196893629,300015.SZ
2012-04-12,20.51,0.8556193601312554,3,0.02294264339152119,-0.006934125804853863,0.005478087649402497,-0.006923837784371889,0.04878048780487809,-3.618421052631582,-8.55996433348194,-9.96488147497805,20.44353776374911,20.85030788885409,21.677062863727087,26.184432496608565,300015.SZ
2012-04-13,20.56,0.06056587091069843,4,0.0024378352023401995,0.02294264339152119,-0.006934125804853863,0.005478087649402497,1.6815034619188873,-2.5130393551446195,-5.122288878634073,-9.387395328338489,20.464712715794725,20.822659518487036,21.63325647691426,26.12846799415475,300015.SZ
2012-04-16,20.37,-0.5356398499374739,0,-0.009241245136186627,0.0024378352023401995,0.02294264339152119,-0.006934125804853863,1.444223107569731,2.413273001508287,-6.473829201101933,-6.129032258064504,20.447492222013864,20.77954908815494,21.58371700723135,26.071169805158185,300015.SZ
2012-04-17,20.21,0.21903052064631945,1,-0.007854688267059373,-0.009241245136186627,0.0024378352023401995,0.02294264339152119,0.0990589400693409,1.2018027040560986,-6.564956079519179,-5.250820440693849,20.404311818011344,20.72530631785447,21.52984575204581,26.012849707594423,300015.SZ
2012-04-18,20.55,1.877761413843888,2,0.016823354774863963,-0.007854688267059373,-0.009241245136186627,0.0024378352023401995,2.493765586034913,2.340637450199212,-3.3850493653032387,-6.8449682683590085,20.430800578372917,20.708610478058805,21.491420428436168,25.958492994086022,300015.SZ
2012-04-19,21.08,0.43833162743091103,3,0.025790754257907444,0.016823354774863963,-0.007854688267059373,-0.009241245136186627,2.7791321306679606,2.8292682926829293,-0.9398496240601628,-6.018724921979501,20.548836836850565,20.743980908719873,21.475286293987693,25.9099507752394,300015.SZ
2012-04-20,21.05,-0.4106030955346024,4,-0.0014231499051232666,0.025790754257907444,0.016823354774863963,-0.007854688267059373,2.383268482490286,4.10484668644906,-0.1896633475580778,-2.8610982925703743,20.639957411968645,20.773125584079885,21.458608400105824,25.86159305608279,300015.SZ
2012-04-23,20.42,0.2290974947177784,0,-0.029928741092636546,-0.0014231499051232666,0.025790754257907444,0.016823354774863963,0.2454590083456054,1.6932270916334868,2.664655605832089,-6.244260789715328,20.599965155247073,20.73949457607228,21.417878658925204,25.80744785154465,300015.SZ
2012-04-26,20.25,-0.4167381974248927,3,-0.000493583415597354,-0.007835455435847183,0.0,-0.029928741092636546,-3.937381404174567,-1.2676743052169703,-1.2195121951219523,-4.840225563909783,20.463857699605647,20.62665082575097,21.292329694792283,25.644955656783893,300015.SZ
2012-04-27,20.25,0.022075055187638082,4,0.0,-0.000493583415597354,-0.007835455435847183,0.0,-3.8004750593824244,-1.5077821011673098,0.14836795252226587,-3.982930298719767,20.42497448149553,20.59077931853659,21.2514540204867,25.591274505970123,300015.SZ
2012-05-02,20.5,0.44420446364290833,2,0.012345679012345734,0.0,-0.000493583415597354,-0.007835455435847183,0.3917727717923425,0.6381934216985741,2.0916334661354563,3.066867772750115,20.438615484859977,20.582133669152153,21.221985235369576,25.540615058149527,300015.SZ
2012-05-03,20.93,0.5942173479561317,3,0.02097560975609758,0.012345679012345734,0.0,-0.000493583415597354,2.4975514201762916,3.5625927758535347,3.6651807825656135,4.80721081622435,20.527958123976344,20.615263795899565,21.210534833982535,25.49473829140177,300015.SZ
2012-05-04,21.09,-0.1760475297060663,4,0.007644529383659782,0.02097560975609758,0.012345679012345734,0.0,4.09674234945705,2.62773722627736,5.18703241895262,5.029880478087656,20.630147555980646,20.660476767718656,21.205807977747927,25.450910049696283,300015.SZ
2012-05-07,21.1,0.01973434535104368,0,0.00047415836889519447,0.007644529383659782,0.02097560975609758,0.012345679012345734,4.197530864197541,0.09487666034158071,2.8766455387615686,2.9268292682926855,20.71557527307507,20.70233612317402,21.201658645287225,25.40761741238587,300015.SZ
2012-05-08,20.95,-0.16189058429475256,1,-0.007109004739336622,0.00047415836889519447,0.007644529383659782,0.02097560975609758,3.4567901234567877,-0.47505938242280443,1.8968871595330672,3.6102868447082104,20.758197950697785,20.72592315906221,21.19178967880537,25.36326301027258,300015.SZ
2012-05-09,20.63,-0.2175843694493783,2,-0.015274463007159955,-0.007109004739336622,0.00047415836889519447,0.007644529383659782,0.6341463414634152,1.028403525954924,1.2763868433971481,2.739043824701204,20.734889232389094,20.7167876201039,21.16975871100908,25.316165865891758,300015.SZ
2012-05-10,21.08,1.6702610669693527,3,0.021812893843916603,-0.015274463007159955,-0.007109004739336622,0.00047415836889519447,0.7166746297180948,3.2321253672869643,4.304799604156351,4.40812283308567,20.797636644681983,20.751379275332102,21.166238761557747,25.274014961753533,300015.SZ
2012-05-11,20.9,-0.4136025504782146,4,-0.008538899430740043,0.021812893843916603,-0.015274463007159955,-0.007109004739336622,-0.9009009009009028,3.1589338598222882,1.703163017031617,4.239401496259343,20.816248163830714,20.76553363006238,21.155798025810384,25.230492424820664,300015.SZ
2012-05-14,20.8,-0.4599492569771656,0,-0.004784688995215225,-0.008538899430740043,0.021812893843916603,-0.015274463007159955,-1.4218009478673022,2.716049382716057,-1.3282732447817747,1.4139444173573823,20.813293952225127,20.768816141485008,21.141845162053116,25.18640792308116,300015.SZ
2012-05-15,20.7,-0.15838926174496648,1,-0.004807692307692402,-0.004784688995215225,-0.008538899430740043,0.021812893843916603,-1.1933174224343701,2.2222222222222143,-1.6627078384798155,0.6809338521400754,20.79269505182056,20.762262223248342,21.124517900796132,25.14176704822463,300015.SZ
2012-05-16,20.12,0.13795853269537495,2,-0.02801932367149751,-0.004807692307692402,-0.004784688995215225,-0.008538899430740043,-2.4721279689772113,-1.8536585365853564,-1.4691478942213565,-1.227295041728027,20.670386860580457,20.701094392462785,21.08512504194138,25.091799216899012,300015.SZ
2012-05-17,20.05,0.5473020322354589,3,-0.0034791252485089075,-0.02801932367149751,-0.004807692307692402,-0.004784688995215225,-4.886148007590119,-4.204491161012891,-1.8119490695396756,-0.7916872835230127,20.557589249565826,20.639085402704424,21.04453190304172,25.041632060511958,300015.SZ
2012-05-18,19.7,-0.2821557971014492,4,-0.017456359102244412,-0.0034791252485089075,-0.02801932367149751,-0.004807692307692402,-5.741626794258369,-6.590801327643437,-2.764067127344527,-4.1362530413625365,20.40166393146295,20.549648697684955,20.991805161745965,24.98848149274567,300015.SZ
2012-05-21,19.91,-0.12302839116719244,0,0.010659898477157315,-0.017456359102244412,-0.0034791252485089075,-0.02801932367149751,-4.27884615384616,-5.639810426540293,-1.6790123456790096,-5.550284629981017,20.312270489378776,20.488729774095912,20.94938142991279,24.937949338588997,300015.SZ
2012-05-22,20.12,-0.26690647482014396,1,0.010547463586137562,0.010659898477157315,-0.017456359102244412,-0.0034791252485089075,-2.801932367149751,-3.961813842482087,-0.6419753086419733,-4.418052256532068,20.277312218582637,20.453612652753446,20.916856667955425,24.89000954417518,300015.SZ
2012-05-23,19.89,0.13052011776251238,2,-0.011431411530815172,0.010547463586137562,0.010659898477157315,-0.017456359102244412,-1.1431411530815172,-3.587009209888503,-2.9756097560975636,-2.595494613124394,20.206891815203974,20.39993525725312,20.876587779016,24.84025820542717,300015.SZ
2012-05-24,19.85,0.7048611111111112,3,-0.002011060834590239,-0.011431411530815172,0.010547463586137562,0.010659898477157315,-0.9975062344139585,-5.834914611005681,-5.16005733397037,-2.791380999020565,20.142002394257798,20.34756047084806,20.83632943474086,24.790603894925408,300015.SZ
2012-05-25,19.46,-0.39969450101833004,4,-0.019647355163727953,-0.002011060834590239,-0.011431411530815172,0.010547463586137562,-1.2182741116751217,-6.889952153110035,-7.728781412991936,-3.948667324777888,20.018001958938196,20.26303090219586,20.782355731417688,24.73756306015003,300015.SZ
2012-05-28,19.4,0.5233248515691267,0,-0.0030832476875644055,-0.019647355163727953,-0.002011060834590239,-0.011431411530815172,-2.5615268709191397,-6.730769230769241,-8.056872037914708,-4.197530864197541,19.905637966403976,20.180837482939115,20.728145702734643,24.684452979949533,300015.SZ
2012-05-29,19.78,0.18652561247216015,1,0.019587628865979534,-0.0030832476875644055,-0.019647355163727953,-0.002011060834590239,-1.6898608349900535,-4.444444444444439,-5.5847255369928295,-2.320987654320983,19.88279469978507,20.142662484563964,20.69096351831368,24.635652452785855,300015.SZ
2012-05-30,19.78,-0.37306428906616607,2,0.0,0.019587628865979534,-0.0030832476875644055,-0.019647355163727953,-0.5530417295123158,-1.6898608349900535,-4.120213281628682,-3.5121951219512115,19.864104754369603,20.108123200319778,20.65523945877197,24.587337503006893,300015.SZ
2012-05-31,19.88,0.26646706586826374,3,0.005055611729019027,0.0,0.019587628865979534,-0.0030832476875644055,0.15113350125943725,-0.8478802992518797,-5.692599620493355,-5.016722408026764,19.866994799029673,20.086397181241704,20.62483791136915,24.540498323872495,300015.SZ
2012-06-01,19.95,-0.2819148936170214,4,0.0035211267605634866,0.005055611729019027,0.0,0.019587628865979534,2.5179856115107757,1.2690355329949332,-4.545454545454541,-5.405405405405405,19.88208665375155,20.073406973504397,20.59837367955075,24.49482172363496,300015.SZ
2012-06-04,19.51,0.41728395061728385,0,-0.02205513784461144,0.0035211267605634866,0.005055611729019027,0.0,0.5670103092783707,-2.009040683073826,-6.201923076923077,-7.5355450236966774,19.81443453488763,20.019749166503978,20.555692358784054,24.44522150747939,300015.SZ
2012-06-05,19.57,-0.1428571428571428,1,0.003075345976422339,-0.02205513784461144,0.0035211267605634866,0.005055611729019027,-1.0616784630940401,-2.733598409542748,-5.458937198067626,-6.587112171837706,19.769991892180787,19.97691591255122,20.517037756478796,24.396711840738302,300015.SZ
2012-06-06,19.5,-0.17479674796747968,2,-0.0035769034236076136,0.003075345976422339,-0.02205513784461144,0.0035211267605634866,-1.4155712841253831,-1.9607843137254943,-3.0815109343936387,-5.477460009694612,19.720902457238825,19.931495349451104,20.477153922891393,24.347988339835435,300015.SZ
2012-06-07,20.11,3.197044334975369,3,0.031282051282051304,-0.0035769034236076136,0.003075345976422339,-0.02205513784461144,1.15694164989939,1.3098236775818561,0.29925187032417977,-4.601518026565465,19.791647465013583,19.94849579236052,20.46275572983683,24.305819301628116,300015.SZ
2012-06-08,20.03,-0.46087636932707354,4,-0.003978120338140156,0.031282051282051304,-0.0035769034236076136,0.003075345976422339,0.4010025062656686,2.9290853031860298,1.6751269035533145,-4.162679425837313,19.834984289556566,19.956258097849997,20.445784916902053,24.263273835940275,300015.SZ
2012-06-11,20.17,-0.2685050798258345,0,0.006989515726410378,-0.003978120338140156,0.031282051282051304,-0.0035769034236076136,3.382880574064573,3.9690721649484617,1.3058764439979997,-3.028846153846154,19.895896236909916,19.97661446948333,20.43496982212158,24.22254474304535,300015.SZ
2012-06-12,20.8,2.3095238095238093,1,0.031234506693108566,0.006989515726410378,-0.003978120338140156,0.031282051282051304,6.285130301481856,5.156723963599585,3.379721669980107,0.48309178743961567,20.06027873928993,20.055032139056348,20.44928473105799,24.18848957147276,300015.SZ
2012-06-13,20.99,-0.2879196642685852,2,0.009134615384615241,0.031234506693108566,0.006989515726410378,-0.003978120338140156,7.641025641025623,6.117290192113223,5.530417295123158,4.324055666003956,20.229318968509943,20.14407669724146,20.470489251408658,24.156663804592437,300015.SZ
2012-06-14,20.69,-0.37402652073247733,3,-0.014292520247736862,0.009134615384615241,0.031234506693108566,0.006989515726410378,2.8841372451516856,4.074446680080501,4.231738035264487,3.1920199501246804,20.31307915605359,20.196069392742274,20.4790975160593,24.122169637382562,300015.SZ
2012-06-15,20.85,0.5033624747814391,4,0.007733204446592534,-0.014292520247736862,0.009134615384615241,0.031234506693108566,4.093859211183237,4.511278195488733,7.14285714285714,5.837563451776662,20.41070112768021,20.25834849819539,20.493642711507956,24.08961073551806,300015.SZ
2012-06-18,20.95,-0.37664951912323863,0,0.004796163069544335,0.007733204446592534,-0.014292520247736862,0.009134615384615241,3.867129400099145,7.3808303434136135,7.989690721649478,5.2235057759919545,20.508755468101988,20.324220069795825,20.511539075762546,24.058370827701964,300015.SZ
2012-06-19,20.99,-0.18335127377107996,1,0.0019093078758949389,0.004796163069544335,0.007733204446592534,-0.014292520247736862,0.9134615384615241,7.256004087889623,6.117290192113223,4.324055666003956,20.596254473901624,20.38762768219622,20.530302249262053,24.027839774690005,300015.SZ
2012-06-20,20.51,0.16608084358523723,2,-0.022868032396379134,0.0019093078758949389,0.004796163069544335,0.007733204446592534,-2.2868032396379134,5.179487179487197,3.690596562184023,3.117144293614893,20.580571842283145,20.399282188653725,20.529506082624327,23.99283639384732,300015.SZ
2012-06-21,20.02,-0.042954031650339175,3,-0.023890784982935287,-0.022868032396379134,0.0019093078758949389,0.004796163069544335,-3.238279362010643,-0.4475385380407704,0.7042253521126751,0.8564231738035222,20.478649689140756,20.363160075448608,20.509525451933175,23.95330568346078,300015.SZ
2012-06-25,20.05,-0.12992125984251957,0,0.0014985014985016143,-0.023890784982935287,-0.022868032396379134,0.0019093078758949389,-3.83693045563549,0.09985022466301174,0.5012531328320913,3.031860226104821,20.400713382024254,20.33333530635826,20.49150484597501,23.91446682093878,300015.SZ
2012-06-26,20.1,-0.27692307692307694,1,0.0024937655860348684,0.0014985014985016143,-0.023890784982935287,-0.022868032396379134,-4.057279236276845,-0.3470500743678717,3.0240902101486444,3.6082474226804218,20.346038221656208,20.311112896228902,20.476151714760306,23.8765119271981,300015.SZ
2012-06-27,20.47,0.5156445556946181,2,0.018407960199004814,0.0024937655860348684,0.0014985014985016143,-0.023890784982935287,-2.4773701762744182,-1.586538461538467,4.598875830352567,3.48837209302324,20.368576726809625,20.32624500134996,20.475910471044216,23.842616286131452,300015.SZ
2012-06-28,20.38,-0.5524360033030553,3,-0.004396678065461623,0.018407960199004814,0.0024937655860348684,0.0014985014985016143,-0.6338371526084963,-2.9061457837065263,4.5128205128205146,3.033367037411505,20.37065368557151,20.331364525030917,20.47214927610131,23.80816239273711,300015.SZ
2012-06-29,20.97,1.2047970479704797,4,0.028949950932286583,-0.004396678065461623,0.018407960199004814,0.0024937655860348684,4.7452547452547345,1.3533107781536824,4.276479363500751,5.482897384305829,20.479625742740325,20.39218695121845,20.491672833901255,23.77992197091883,300015.SZ
2012-07-02,21.15,0.2635983263598327,0,0.008583690987124415,0.028949950932286583,-0.004396678065461623,0.018407960199004814,5.486284289276799,1.4388489208633004,5.591612581128302,6.015037593984962,20.60151197133299,20.464359622530978,20.51748958551297,23.753753593098743,300015.SZ
2012-07-03,21.42,0.2950331125827814,1,0.01276595744680864,0.008583690987124415,0.028949950932286583,-0.004396678065461623,6.567164179104479,2.24343675417662,6.197322756569168,9.789851358277811,20.750327976545172,20.55537299181374,20.55288215078697,23.73053216431169,300015.SZ
2012-07-04,21.12,-0.32498082331884426,2,-0.01400560224089642,0.01276595744680864,0.008583690987124415,0.028949950932286583,3.175378602833434,0.6193425440686129,1.538461538461533,7.920286152273892,20.817541071718775,20.609146992593384,20.575122066442383,23.70455671989068,300015.SZ
2012-07-05,21.09,-0.1488636363636363,3,-0.0014204545454545858,-0.01400560224089642,0.01276595744680864,0.008583690987124415,3.483807654563309,2.8278888347147646,0.47641734159125093,8.153846153846157,20.867079058678996,20.6549425171083,20.59531335795445,23.678541230140524,300015.SZ
2012-07-06,21.86,1.0031152647975077,4,0.036510194404931307,-0.0014204545454545858,-0.01400560224089642,0.01276595744680864,4.24415832141154,9.19080919080919,5.6549057515707934,8.702138239681755,21.047610138919175,20.76970989643132,20.64490891254447,23.660446292527187,300015.SZ
2012-07-09,21.36,-0.061764052432792704,0,-0.02287282708142724,0.036510194404931307,-0.0014204545454545858,-0.01400560224089642,0.9929078014184523,6.533665835411462,2.446043165467615,6.640039940089859,21.104408295479324,20.8259280015331,20.672951700287822,23.63755627966622,300015.SZ
2012-07-10,20.83,-0.1887283921382903,1,-0.024812734082397037,-0.02287282708142724,0.036510194404931307,-0.0014204545454545858,-2.7544351073762963,3.6318407960198806,-0.5727923627685039,3.272186415468492,21.054515878119446,20.8263158109109,20.67911045713928,23.60962039628646,300015.SZ
2012-07-11,21.06,-0.4547577349678925,2,0.011041766682669207,-0.024812734082397037,-0.02287282708142724,0.036510194404931307,-0.28409090909091717,2.8822667318026296,0.33349213911386677,1.2499999999999956,21.055512991188635,20.848571447967004,20.694047301957347,23.58425103910948,300015.SZ
2012-07-12,21.5,1.1065310492505356,3,0.02089268755935425,0.011041766682669207,-0.024812734082397037,-0.02287282708142724,1.944049312470364,5.495583905789991,4.826913700633839,2.4297284421153087,21.13632881097252,20.910612262446335,20.725653290115883,23.563512222799933,300015.SZ
2012-07-13,21.37,-0.5138500635324016,4,-0.006046511627906925,0.02089268755935425,0.011041766682669207,-0.024812734082397037,-2.2415370539798696,1.907486886027665,6.743256743256754,3.286611889801838,21.178814481704787,20.954363475546685,20.750921788542712,23.541686230533266,300015.SZ
2012-07-16,19.6,3.52221641400941,0,-0.08282639213851195,-0.006046511627906925,0.02089268755935425,0.011041766682669207,-8.239700374531822,-7.328605200945615,-2.244389027431415,-5.995203836930452,20.891757303213005,20.825376477875572,20.705787600756725,23.502465472020496,300015.SZ
2012-07-17,19.64,-0.7145994682695642,1,0.0020408163265306367,-0.08282639213851195,-0.006046511627906925,0.02089268755935425,-5.712914066250585,-8.309990662931844,-2.2885572139303534,-6.25298329355608,20.664165066265184,20.71248347998266,20.663992008570187,23.464032979761587,300015.SZ
2012-07-18,19.84,-0.4325637910085055,2,0.010183299389002087,0.0020408163265306367,-0.08282639213851195,-0.006046511627906925,-5.792972459639123,-6.060606060606066,-3.0776746458231474,-5.478799428299186,20.514316872398787,20.629389815222403,20.631678596469396,23.427972950112217,300015.SZ
2012-07-19,20.14,0.710206995003569,3,0.015120967741935498,0.010183299389002087,0.0020408163265306367,-0.08282639213851195,-6.325581395348834,-4.504504504504503,-1.177625122669279,-1.8039980497318475,20.44625925923537,20.5827812613917,20.61239708288236,23.395256801354883,300015.SZ
2012-07-20,20.15,-0.592237061769616,4,0.0004965243296921606,0.015120967741935498,0.010183299389002087,0.0020408163265306367,-5.708937763219479,-7.822506861848133,-3.910348116356699,0.6493506493506551,20.39239393937439,20.54156399840201,20.594263863945798,23.36296568890359,300015.SZ
2012-07-23,20.04,0.2968270214943707,0,-0.0054590570719602605,0.0004965243296921606,0.015120967741935498,0.010183299389002087,2.244897959183656,-6.17977528089888,-5.248226950354606,-0.04987531172070403,20.328322314033592,20.4937959985542,20.572528026144003,23.32990135369062,300015.SZ
2012-07-24,20.11,-0.3528018942383584,1,0.003493013972055925,-0.0054590570719602605,0.0004965243296921606,0.015120967741935498,2.393075356415464,-3.456553048487754,-6.115779645191422,0.04975124378108209,20.288627347845665,20.457243998691897,20.55438967217757,23.29786253425091,300015.SZ
2012-07-25,20.09,0.3621951219512196,2,-0.0009945300845349836,0.003493013972055925,-0.0054590570719602605,0.0004965243296921606,1.260080645161299,-4.605887939221265,-4.876893939393945,-1.8563751831949138,20.252513284600997,20.42226837976886,20.536178312484335,23.26594350405936,300015.SZ
2012-07-26,20.2,0.48701880035810197,3,0.005475360876057822,-0.0009945300845349836,0.003493013972055925,-0.0054590570719602605,0.2979145978152964,-6.04651162790698,-4.220009483167376,-0.8832188420019649,20.24296541467354,20.401099962648015,20.522994849249656,23.235436603521457,300015.SZ
2012-07-27,20.03,-0.349789283564118,4,-0.008415841584158312,0.005475360876057822,-0.0009945300845349836,0.003493013972055925,-0.5955334987592931,-6.270472625175483,-8.371454711802373,-4.4825941821649895,20.20424443018744,20.36575710906249,20.50366171790653,23.20354171194413,300015.SZ
2012-07-30,19.96,0.12222222222222201,0,-0.003494757863205189,-0.008415841584158312,0.005475360876057822,-0.0009945300845349836,-0.39920159680637557,1.8367346938775508,-6.554307116104862,-5.626477541371145,20.159836351971542,20.32711357486606,20.48234165053765,23.171267665059116,300015.SZ
2012-07-31,20.15,-0.020627062706270682,1,0.009519038076152286,-0.003494757863205189,-0.008415841584158312,0.005475360876057822,0.19890601690699672,2.596741344195519,-3.2645223235717724,-5.929038281979471,20.15804792434035,20.310245615355008,20.46930864463421,23.141205300232656,300015.SZ
2012-08-01,20.1,-0.004212299915753892,2,-0.002481389578163684,0.009519038076152286,-0.003494757863205189,-0.008415841584158312,0.04977600796416404,1.310483870967749,-4.55840455840455,-4.829545454545448,20.147493756278468,20.290222223416436,20.454825952687774,23.11094455097661,300015.SZ
2012-08-02,20.12,-0.2825719120135364,3,0.0009950248756218638,-0.002481389578163684,0.009519038076152286,-0.003494757863205189,-0.3960396039603853,-0.09930486593843213,-6.418604651162784,-4.599336178283542,20.142494891500565,20.274010583091062,20.44169552317061,23.081183908678337,300015.SZ
2012-08-03,20.55,0.4398584905660379,4,0.02137176938369789,0.0009950248756218638,-0.002481389578163684,0.009519038076152286,2.59610584123815,1.985111662531036,-3.837154890032757,-5.992680695333941,20.216586729409553,20.30029528946334,20.445942757556075,23.05599799913925,300015.SZ
2012-08-06,20.72,0.24979524979524959,0,0.008272506082724895,0.02137176938369789,0.0009950248756218638,-0.002481389578163684,3.8076152304609145,3.3932135728542923,5.714285714285694,-2.9962546816479474,20.30811641497145,20.340267166657306,20.456690100397015,23.03275423795379,300015.SZ
2012-08-07,20.88,-0.06094364351245085,1,0.007722007722007707,0.008272506082724895,0.02137176938369789,0.0009950248756218638,3.622828784119103,3.82894082545997,6.313645621181263,0.2400384061449934,20.412095248613003,20.391670293642324,20.47329048861674,23.011333797775144,300015.SZ
2012-08-08,20.57,-0.34961618981158404,2,-0.014846743295019116,0.007722007722007707,0.008272506082724895,0.02137176938369789,2.3383084577114355,2.3892483822797406,3.679435483870974,-2.32668566001899,20.44080520341064,20.4086540752002,20.477083018474907,22.987041919190318,300015.SZ
2012-08-09,20.81,0.27575107296137347,3,0.011667476908118646,-0.014846743295019116,0.007722007722007707,0.008272506082724895,3.4294234592445294,3.0198019801980225,3.326713008937432,-3.209302325581398,20.507931530063253,20.446877496609705,20.490138586377853,22.96537981054166,300015.SZ
2012-08-10,20.98,-0.03448275862068961,4,0.00816914944738123,0.011667476908118646,-0.014846743295019116,0.007722007722007707,2.092457420924565,4.742885671492747,4.119106699751862,-1.8249883013570445,20.593762160960843,20.49765106836116,20.50934883789245,22.945624787551196,300015.SZ
2012-08-13,20.67,0.485191637630662,0,-0.014775977121067596,0.00816914944738123,0.011667476908118646,-0.014846743295019116,-0.24131274131272695,3.5571142284569257,3.1437125748503103,5.459183673469381,20.60762358624069,20.514065252326766,20.515648883465296,22.922981754839245,300015.SZ
2012-08-14,21.1,-0.13548387096774195,1,0.020803096274794264,-0.014775977121067596,0.00816914944738123,0.011667476908118646,1.053639846743315,4.714640198511177,4.922923918448552,7.433808553971488,20.697146570560562,20.56986856162898,20.53856461352548,22.904842632900547,300015.SZ
2012-08-15,20.88,-0.23812754409769332,2,-0.010426540284360297,0.020803096274794264,-0.014775977121067596,0.00816914944738123,1.5070491006319742,3.8805970149253577,3.932304629168737,5.241935483870974,20.73039264864046,20.599404889092888,20.551954236524484,22.884694945010988,300015.SZ
2012-08-16,20.7,-0.30899376669634915,3,-0.008620689655172376,-0.010426540284360297,0.020803096274794264,-0.014775977121067596,-0.5285920230658325,2.882703777335971,2.4752475247524774,2.7805362462760552,20.724866712524012,20.608985375845947,20.55775995273921,22.862956686851675,300015.SZ
2012-08-17,20.34,0.23324742268041243,4,-0.017391304347826098,-0.008620689655172376,-0.010426540284360297,0.020803096274794264,-3.0505243088655876,-1.0218978102189857,1.547678482276571,0.9429280397022399,20.654890946610553,20.583367721003476,20.549220346749436,22.837852640216333,300015.SZ
2012-08-20,20.32,-0.3563218390804598,0,-0.000983284169124854,-0.017391304347826098,-0.008620689655172376,-0.010426540284360297,-1.6932752781809501,-1.9305019305019266,1.8036072144288484,1.39720558882237,20.594001683590452,20.558285080907908,20.540231313543575,22.81279938011468,300015.SZ
2012-08-21,20.7,0.8636363636363638,1,0.01870078740157477,-0.000983284169124854,-0.017391304347826098,-0.008620689655172376,-1.8957345971564066,-0.8620689655172376,2.7295285359801635,2.933863749378407,20.613274104755824,20.57178173986906,20.546496752228144,22.791776500710554,300015.SZ
2012-08-22,20.8,0.18292682926829262,2,0.004830917874396157,0.01870078740157477,-0.000983284169124854,-0.017391304347826098,-0.3831417624520994,1.1181332036946934,3.482587064676612,3.534096565455447,20.64722426752749,20.593516812262482,20.556438056062337,22.771957829061694,300015.SZ
2012-08-23,20.99,0.11340206185567014,3,0.009134615384615241,0.004830917874396157,0.01870078740157477,-0.000983284169124854,1.400966183574881,0.864968765016827,4.324055666003956,3.9108910891089144,20.709547127977036,20.63127711585653,20.573440485236365,22.75422690538944,300015.SZ
2012-08-24,20.75,-0.2566137566137565,4,-0.011434016198189512,0.009134615384615241,0.004830917874396157,0.01870078740157477,2.015732546705995,-1.096282173498575,0.9732360097323589,3.5946080878682007,20.716902195617575,20.642584057203525,20.580364387776115,22.73428434911691,300015.SZ
2012-08-27,20.25,0.1770462633451957,0,-0.02409638554216864,-0.011434016198189512,0.009134615384615241,0.004830917874396157,-0.34448818897637734,-2.0319303338171335,-2.2683397683397666,1.4529058116232507,20.63201088732347,20.605195099374615,20.567408921588815,22.70956510186201,300015.SZ
2012-08-28,20.14,0.09599395313681014,1,-0.005432098765432047,-0.02409638554216864,-0.011434016198189512,0.009134615384615241,-2.70531400966183,-4.549763033175358,-3.544061302681989,-0.04962779156326702,20.542554362355567,20.56089080419608,20.55064778740886,22.683997289903186,300015.SZ
2012-08-29,19.85,0.19379310344827583,2,-0.014399205561072437,-0.005432098765432047,-0.02409638554216864,-0.011434016198189512,-4.567307692307687,-4.932950191570873,-3.5002430724355826,-1.243781094527363,20.416635387381827,20.493186918082166,20.523171403588904,22.655798311894202,300015.SZ
2012-08-30,19.4,0.13056036972848073,3,-0.02267002518891703,-0.014399205561072437,-0.005432098765432047,-0.02409638554216864,-7.575035731300616,-6.2801932367149815,-6.775588659298415,-3.5785288270377857,20.23179258967604,20.389073878264817,20.479125466193263,22.62340230879078,300015.SZ
2012-08-31,19.21,0.08891159938681636,4,-0.009793814432989545,-0.02267002518891703,-0.014399205561072437,-0.005432098765432047,-7.421686746987943,-5.5555555555555465,-8.436606291706383,-6.520681265206807,20.04601211882585,20.276781127953882,20.429355840068038,22.589438106713263,300015.SZ
2012-09-03,19.32,0.2909432191459411,0,0.005726184279021274,-0.009793814432989545,-0.02267002518891703,-0.014399205561072437,-4.592592592592593,-4.921259842519687,-6.5312046444122025,-6.756756756756754,19.914009915402964,20.1856591157678,20.385851689477136,22.556906384258404,300015.SZ
2012-09-04,19.08,-0.5005452562704471,1,-0.01242236024844734,0.005726184279021274,-0.009793814432989545,-0.02267002518891703,-5.2631578947368585,-7.826086956521749,-9.573459715639821,-8.62068965517242,19.76237174896606,20.080358247599438,20.334641819301563,22.52231030083295,300015.SZ
2012-09-05,19.35,0.5989810771470159,2,0.014150943396226578,-0.01242236024844734,0.005726184279021274,-0.009793814432989545,-2.518891687657432,-6.971153846153843,-7.327586206896541,-5.930967428293621,19.687395067335867,20.010800319256635,20.29602841462307,22.490745024207747,300015.SZ
2012-09-06,19.36,-0.46563495675921707,3,0.000516795865632913,0.014150943396226578,-0.01242236024844734,0.005726184279021274,-0.20618556701030855,-7.76560266793711,-6.473429951690823,-6.967803940413264,19.627868691456616,19.948819336470287,20.259321417971183,22.459593332424586,300015.SZ
2012-09-07,19.6,1.6771720613287906,4,0.012396694214876103,0.000516795865632913,0.014150943396226578,-0.01242236024844734,2.0301926080166677,-5.542168674698789,-3.6381514257620373,-6.5776930409914165,19.62280165664632,19.91559844728264,20.23346567608996,22.431139667425334,300015.SZ
2012-09-10,19.58,-0.25707922367165126,0,-0.0010204081632654294,0.012396694214876103,0.000516795865632913,0.014150943396226578,1.3457556935817738,-3.308641975308646,-3.6417322834645716,-5.273343009192077,19.615019537256078,19.883636690398582,20.207839571145257,22.40277011849573,300015.SZ
2012-09-11,19.37,-0.46680942184154184,1,-0.010725229826353266,-0.0010204081632654294,0.012396694214876103,0.000516795865632913,1.5199161425576646,-3.8232373386295926,-6.425120772946857,-8.199052132701423,19.570470530482247,19.834718910360625,20.174983117374854,22.37259330139627,300015.SZ
2012-09-12,19.33,0.815261044176707,2,-0.0020650490449150016,-0.010725229826353266,-0.0010204081632654294,0.012396694214876103,-0.10335917312662701,-2.6196473551637456,-7.0673076923077005,-7.42337164750958,19.52674861584911,19.78665044270723,20.141846524536625,22.342318741183373,300015.SZ
2012-09-13,19.14,-0.33938053097345133,3,-0.009829280910501725,-0.0020650490449150016,-0.010725229826353266,-0.0010204081632654294,-1.1363636363636354,-1.3402061855670055,-8.81372081943782,-7.5362318840579645,19.456430685694727,19.72506468625892,20.10255842553519,22.310454873111897,300015.SZ
2012-09-14,19.18,-0.1808439383791024,4,0.002089864158829613,-0.009829280910501725,-0.0020650490449150016,-0.010725229826353266,-2.1428571428571463,-0.1561686621551317,-7.566265060240962,-5.703048180924286,19.406170561022957,19.673153763758073,20.066379663749498,22.279306068404317,300015.SZ
2012-09-17,18.76,0.757154538021259,0,-0.021897810218977964,0.002089864158829613,-0.009829280910501725,-0.0020650490449150016,-4.187946884576077,-2.898550724637672,-7.358024691358011,-7.677165354330706,19.28868500447333,19.586186738638254,20.015149088700497,22.244288097574426,300015.SZ
2012-09-18,17.93,0.3922754769660308,1,-0.044243070362473436,-0.021897810218977964,0.002089864158829613,-0.009829280910501725,-7.43417656169335,-6.0272536687631,-10.973187686196628,-13.381642512077295,19.04165136729636,19.428454668291753,19.93337853620244,22.20135985779757,300015.SZ
2012-09-19,17.26,1.7710561497326203,2,-0.03736754043502499,-0.044243070362473436,-0.021897810218977964,0.002089864158829613,-10.708742886704592,-10.801033591731269,-13.047858942065494,-17.019230769230763,18.71771475506066,19.22193517607349,19.828540162233715,22.152192098018492,300015.SZ
2012-09-20,17.01,-0.7330840670606682,3,-0.014484356894553851,-0.03736754043502499,-0.044243070362473436,-0.021897810218977964,-11.128526645768023,-12.138429752066104,-12.31958762886597,-18.961410195331098,18.407221163231448,19.011274683114113,19.71800917547945,22.101026007490944,300015.SZ
2012-09-21,16.73,-0.05738816086760057,4,-0.016460905349794275,-0.014484356894553851,-0.03736754043502499,-0.044243070362473436,-12.773722627737227,-14.642857142857146,-12.90994273815721,-19.37349397590361,18.10227186082573,18.794010427579437,19.600832345068493,22.047582962640288,300015.SZ
2012-09-24,16.59,0.24065196548418033,0,-0.008368200836820106,-0.016460905349794275,-0.014484356894553851,-0.03736754043502499,-11.567164179104484,-15.270684371807963,-14.130434782608702,-18.074074074074076,17.827313340675598,18.58410467257187,19.482760488399144,21.993278654554317,300015.SZ
2012-09-25,16.59,-0.5057959814528594,1,0.0,-0.008368200836820106,-0.016460905349794275,-0.014484356894553851,-7.473508087005021,-14.352090862157985,-13.050314465408796,-17.626613704071502,17.60234727873458,18.394189941850737,19.369318900618786,21.939514687842333,300015.SZ
2012-09-26,16.38,-0.10398749022673948,2,-0.012658227848101333,0.0,-0.008368200836820106,-0.016460905349794275,-5.098493626882982,-15.26125193998965,-15.348837209302335,-17.481108312342574,17.380102318964656,18.20236232834114,19.252090708437656,21.884196133734452,300015.SZ
2012-09-27,16.77,0.5977312390924954,3,0.023809523809523947,-0.012658227848101333,0.0,-0.008368200836820106,-1.4109347442680886,-12.382445141065833,-13.378099173553714,-13.556701030927831,17.269174624607444,18.06594686849913,19.154753817910688,21.833308610015703,300015.SZ
2012-09-28,16.98,-0.24467504096122328,4,0.012522361359570633,0.023809523809523947,-0.012658227848101333,0.0,1.4943215780035768,-11.470281543274242,-13.367346938775515,-11.608537220197812,17.21659742013336,17.962523357213495,19.06946935446321,21.78501698205535,300015.SZ
2012-10-08,17.2,0.12364425162689807,0,0.012956419316843215,0.012522361359570633,0.023809523809523947,-0.012658227848101333,3.6769138034960847,-8.315565031982953,-12.155260469867212,-10.97308488612837,17.21357970738184,17.889902085097926,18.99615683075877,21.739394922532412,300015.SZ
2012-10-09,17.53,0.22908622908622922,1,0.01918604651162803,0.012956419316843215,0.012522361359570633,0.023809523809523947,5.666063893911999,-2.230897936419396,-9.499225606608153,-8.1236897274633,17.271110669676048,17.85562569604098,18.938660484454505,21.69751039594005,300015.SZ
2012-10-10,17.48,-0.3256544502617801,2,-0.0028522532800913103,0.01918604651162803,0.012956419316843215,0.012522361359570633,6.715506715506714,1.2746234067207318,-9.570615623383327,-9.664082687338505,17.309090547916767,17.81985182022755,18.881458112515112,21.655545118368508,300015.SZ
2012-10-11,17.11,0.020962732919254545,3,-0.02116704805491998,-0.0028522532800913103,0.01918604651162803,0.012956419316843215,2.027429934406677,0.5878894767783471,-10.606060606060607,-11.621900826446286,17.272892266477353,17.752246884967786,18.811989166926285,21.610315813708127,300015.SZ
2012-10-12,17.15,-0.1536121673003802,4,0.0023378141437755406,-0.02116704805491998,-0.0028522532800913103,0.01918604651162803,1.0011778563015161,2.5104602510460206,-10.58394160583942,-12.50000000000001,17.250548218026925,17.69489003878038,18.746813121164468,21.56593456183043,300015.SZ
2012-10-15,17.0,-0.36747529200359397,0,-0.008746355685131157,0.0023378141437755406,-0.02116704805491998,-0.0028522532800913103,-1.1627906976744096,2.471368294153109,-9.3816631130064,-13.176710929519908,17.204993996567485,17.62871003508701,18.678310645824688,21.520502377135603,300015.SZ
2012-10-16,17.47,1.8849431818181817,1,0.027647058823529358,-0.008746355685131157,0.0023378141437755406,-0.02116704805491998,-0.3422703936109661,5.304400241109097,-2.5655326268823275,-9.808982963345391,17.253176906282487,17.61359479365015,18.630925914615876,21.480198870895446,300015.SZ
2012-10-17,17.37,-0.5627769571639586,2,-0.005724098454493287,0.027647058823529358,-0.008746355685131157,0.0023378141437755406,-0.6292906178489655,6.043956043956067,0.6373117033603659,-10.139679255043966,17.27441746877658,17.590395289492992,18.581477839532898,21.439301369692508,300015.SZ
2012-10-18,17.7,1.1993243243243241,3,0.01899827288428324,-0.005724098454493287,0.027647058823529358,-0.008746355685131157,3.4482758620689724,5.545617173524153,4.056437389770706,-7.523510971786839,17.3517961108172,17.6008338333508,18.546910081119844,21.4020943908896,300015.SZ
2012-10-19,17.55,-0.677931387608807,4,-0.008474576271186307,0.01899827288428324,-0.005724098454493287,0.027647058823529358,2.3323615160349975,3.3568904593639592,4.9013747758517745,-8.49843587069864,17.387833181577708,17.59599251588882,18.507815568134752,21.363765093467816,300015.SZ
2012-10-22,17.5,0.2321144674085851,0,-0.002849002849002913,-0.008474576271186307,0.01899827288428324,-0.005724098454493287,2.941176470588225,1.744186046511631,5.485232067510548,-6.7164179104477695,17.40822714856358,17.586850371518455,18.468293388992215,21.325319669652217,300015.SZ
2012-10-23,17.11,0.15999999999999992,1,-0.022285714285714353,-0.002849002849002913,-0.008474576271186307,0.01899827288428324,-2.060675443617632,-2.395892755276674,3.1344183242917323,-4.573340769659795,17.354004030642926,17.54143605042146,18.41502698158076,21.283376190352197,300015.SZ
2012-10-24,17.05,-0.14349276974416014,2,-0.003506721215663311,-0.022285714285714353,-0.002849002849002913,-0.008474576271186307,-1.842256764536554,-2.4599542334096114,4.090354090354098,-1.2166859791425289,17.29873057052603,17.494632617047987,18.361496511714847,21.241253044179537,300015.SZ
2012-10-25,16.67,0.6272727272727272,3,-0.02228739002932545,-0.003506721215663311,-0.022285714285714353,-0.002849002849002913,-5.819209039548012,-2.571595558153117,-0.5963029218843063,-1.9988242210464469,17.18441592133948,17.41609617732913,18.29516331517701,21.19576793926233,300015.SZ
2012-10-26,16.41,-0.3750997605746209,4,-0.01559688062387532,-0.02228739002932545,-0.003506721215663311,-0.022285714285714353,-6.495726495726495,-4.314868804664718,-3.3568904593639592,-1.9127316198445876,17.04361302655048,17.320277493773975,18.221235342032816,21.14814835777713,300015.SZ
2012-10-29,16.67,-0.29757343550447,0,0.01584399756246202,-0.01559688062387532,-0.02228739002932545,-0.003506721215663311,-4.7428571428571376,-1.941176470588224,-3.0813953488371904,0.4822182037371947,16.975683385359485,17.25834630389074,18.160402583521726,21.10358966765,300015.SZ
2012-10-30,16.78,0.32727272727272716,1,0.006598680263947276,0.01584399756246202,-0.01559688062387532,-0.02228739002932545,-1.9286966686148377,-3.9496279336004414,-4.27837992013691,1.1452682338758402,16.940104588021395,17.212789513044,18.106269148873814,21.060568874937065,300015.SZ
2012-10-31,16.79,-0.47671232876712333,2,0.0005959475566148509,0.006598680263947276,0.01584399756246202,-0.01559688062387532,-1.5249266862170208,-3.3390903857225207,-3.947368421052644,2.503052503052494,16.912812844744778,17.172523845135046,18.054650750878764,21.01807565230088,300015.SZ
2012-11-01,17.11,1.9502617801047122,3,0.019058963668850515,0.0005959475566148509,0.006598680263947276,0.01584399756246202,2.639472105578866,-3.3333333333333326,0.0,2.027429934406677,16.94866505479118,17.166569193217423,18.017605623393322,20.979189327402366,300015.SZ
2012-11-02,17.12,-0.41703637976929897,4,0.0005844535359440517,0.019058963668850515,0.0005959475566148509,0.006598680263947276,4.326630103595375,-2.450142450142445,-0.17492711370260539,0.8244994110718551,16.979816863010964,17.162134031958622,17.982405402868096,20.94078943359737,300015.SZ
2012-11-05,17.27,0.8569254185692541,0,0.008761682242990565,0.0005844535359440517,0.019058963668850515,0.0005959475566148509,3.5992801439711952,-1.3142857142857123,1.5882352941176459,0.40697674418603835,17.032577433372605,17.172406981295897,17.954467936088953,20.904264165601376,300015.SZ
2012-11-06,17.27,-0.2499999999999999,1,0.0,0.008761682242990565,0.0005844535359440517,0.019058963668850515,2.9201430274135687,0.9351256575102385,-1.1448196908986796,-1.483171705647468,17.075745172759405,17.18170155450581,17.927626056242328,20.86810233310783,300015.SZ
2012-11-07,16.93,-0.371584699453552,2,-0.01968731905037635,0.0,0.008761682242990565,0.0005844535359440517,0.8338296605122197,-0.7038123167155463,-2.533103051237773,-3.1464530892448606,17.049246050439514,17.15772997788621,17.888503465801453,20.828917235265966,300015.SZ
2012-11-08,16.7,0.40521739130434775,3,-0.013585351447135241,-0.01968731905037635,0.0,0.008761682242990565,-2.396259497369957,0.179964007198552,-5.649717514124298,-2.396259497369957,16.985746768541418,17.114136646658952,17.841895486750417,20.787833481681233,300015.SZ
2012-11-09,16.51,-0.12252475247524752,4,-0.011377245508981892,-0.013585351447135241,-0.01968731905037635,0.0,-3.5630841121495282,0.6093845216331495,-5.925925925925924,-3.7317784256559627,16.899247356079343,17.056599823167623,17.789664291191578,20.74526797440082,300015.SZ
2012-11-12,16.5,-0.2411847672778561,0,-0.0006056935190794643,-0.011377245508981892,-0.013585351447135241,-0.01968731905037635,-4.458598726114649,-1.0197960407918538,-5.714285714285716,-2.941176470588236,16.82665692770128,17.00359031619928,17.739089220948774,20.703026502018723,300015.SZ
2012-11-13,16.49,-0.08921933085501854,1,-0.000606060606060721,-0.0006056935190794643,-0.011377245508981892,-0.013585351447135241,-4.516502605674589,-1.7282479141835672,-3.6236119228521435,-5.609616485403556,16.765446577210135,16.95467695275173,17.69010532993118,20.661105840307094,300015.SZ
2012-11-14,16.71,-0.3204081632653062,2,0.013341419041843716,-0.000606060606060721,-0.0006056935190794643,-0.011377245508981892,-1.2994683992911926,-0.4764740917212573,-1.9941348973606998,-3.799654576856648,16.755365381353744,16.931374385822995,17.651669826796624,20.62179135433389,300015.SZ
2012-11-15,16.5,-0.23423423423423428,3,-0.012567324955116699,0.013341419041843716,-0.000606060606060721,-0.0006056935190794643,-1.19760479041916,-3.5651665692577383,-1.0197960407918538,-6.779661016949145,16.7089353120167,16.89029111098271,17.60650630417715,20.580778505037035,300015.SZ
2012-11-16,16.55,0.26666666666666683,4,0.003030303030303161,-0.012567324955116699,0.013341419041843716,-0.000606060606060721,0.24227740763174133,-3.3294392523364524,0.8531383302864182,-5.698005698005693,16.680037982559117,16.857882433746262,17.565074684405495,20.540671256230695,300015.SZ
2012-11-19,16.62,-0.23529411764705876,0,0.004229607250755274,0.003030303030303161,-0.012567324955116699,0.013341419041843716,0.727272727272732,-3.7637521713954736,-0.29994001199760145,-5.028571428571427,16.669121985730186,16.835226963865665,17.528012932075868,20.501659601939846,300015.SZ
2012-11-20,16.0,2.226720647773279,1,-0.03730445246690739,0.004229607250755274,0.003030303030303161,-0.012567324955116699,-2.9714978775015055,-7.353792704111173,-4.648390941597147,-6.487434248977209,16.54746344287015,16.7556815387356,17.468090856308187,20.45686696908472,300015.SZ
2012-11-21,15.77,1.2885821831869508,2,-0.014375000000000027,-0.03730445246690739,0.004229607250755274,0.003030303030303161,-5.625374027528429,-6.851742468989963,-6.075044669446095,-7.507331378299131,16.406106453257394,16.661807106475067,17.401499058021592,20.410231476855024,300015.SZ
2012-11-22,15.4,-0.7001096491228069,3,-0.023462270133164154,-0.014375000000000027,-0.03730445246690739,0.004229607250755274,-6.666666666666665,-7.784431137724546,-9.994155464640553,-7.618476304739064,16.223178007210592,16.541635001096488,17.323008898883494,20.36037842733408,300015.SZ
2012-11-23,15.6,0.36197440585009155,4,0.01298701298701288,-0.023462270133164154,-0.014375000000000027,-0.03730445246690739,-5.740181268882183,-5.51181102362206,-8.878504672897202,-4.936014625228524,16.109872914990483,16.451955477182537,17.25543992245669,20.313011477808367,300015.SZ
2012-11-26,15.51,-0.6053691275167785,0,-0.005769230769230749,0.01298701298701288,-0.023462270133164154,-0.014375000000000027,-6.678700361010836,-6.000000000000005,-10.191082802547768,-6.958608278344347,16.00080511226494,16.362245431736582,17.186991298046628,20.265220318825197,300015.SZ
2012-11-27,15.51,3.095238095238095,1,0.0,-0.005769230769230749,0.01298701298701288,-0.023462270133164154,-3.0625000000000013,-5.942995755003022,-10.191082802547768,-7.568533969010738,15.911567819125858,16.281079200142624,17.12122693341735,20.217904693762257,300015.SZ
2012-11-28,15.15,-0.7350498338870433,2,-0.023210831721469982,0.0,-0.005769230769230749,0.01298701298701288,-3.9315155358275122,-9.335727109515268,-10.513880685174248,-9.76771888028588,15.773100942921157,16.17335737155761,17.043923916420592,20.167477781386516,300015.SZ
2012-11-29,14.97,0.4796238244514106,3,-0.011881188118811892,-0.023210831721469982,0.0,-0.005769230769230749,-2.7922077922077904,-9.272727272727266,-10.359281437125745,-12.507305669199287,15.627082589662765,16.058751907599742,16.96259356675704,20.1157615845568,300015.SZ
2012-11-30,15.11,-0.30720338983050843,4,0.009352037408149494,-0.011881188118811892,-0.023210831721469982,0.0,-3.141025641025641,-8.700906344410885,-8.479709267110858,-11.74065420560748,15.53306757336044,15.968394583066432,16.88994283864892,20.065953011576138,300015.SZ
2012-12-03,14.63,0.7186544342507646,0,-0.03176704169424216,0.009352037408149494,-0.011881188118811892,-0.023210831721469982,-5.6737588652482245,-11.973525872442837,-11.333333333333329,-15.286624203821653,15.368873469113087,15.8409284322982,16.80131762929014,20.011863926883837,300015.SZ
2012-12-04,14.7,0.37722419928825635,1,0.004784688995215225,-0.03176704169424216,0.009352037408149494,-0.011881188118811892,-5.222437137330759,-8.125000000000004,-10.855063674954513,-14.881297046902143,15.247260111092526,15.732268581603135,16.718913016376803,19.95900955945216,300015.SZ
2012-12-05,15.0,0.1472868217054264,2,0.020408163265306145,0.004784688995215225,-0.03176704169424216,0.009352037408149494,-0.990099009900991,-4.8826886493341775,-10.23339317773788,-11.399881866509155,15.202303727257522,15.66252871668855,16.6515046627934,19.90966618075114,300015.SZ
2012-12-06,15.12,-0.10923423423423428,3,0.008000000000000007,0.020408163265306145,0.004784688995215225,-0.03176704169424216,1.002004008016022,-1.81818181818183,-8.363636363636374,-9.461077844311383,15.187339413210697,15.610859315099164,16.591445656409345,19.862007810793422,300015.SZ
2012-12-07,15.42,0.4563843236409608,4,0.019841269841269993,0.008000000000000007,0.020408163265306145,0.004784688995215225,2.0516214427531487,-1.1538461538461497,-6.827794561933542,-6.602059357964885,15.229641338081478,15.592682237470672,16.54550661105996,19.81780872809896,300015.SZ
2012-12-10,15.76,0.3246527777777779,0,0.02204928664072625,0.019841269841269993,0.008000000000000007,0.020408163265306145,7.723855092276133,1.6118633139909688,-5.174488567990377,-4.4848484848484915,15.326070185703026,15.608617262473466,16.51470243023408,19.77743252184922,300015.SZ
2012-12-11,15.5,-0.5681520314547838,1,-0.016497461928933976,0.02204928664072625,0.019841269841269993,0.008000000000000007,5.442176870748305,-0.06447453255963298,-3.125,-6.003638568829583,15.357693788302475,15.598272761285516,16.47491017806804,19.73487100421888,300015.SZ
2012-12-12,15.72,-0.004552352048558417,2,0.014193548387096744,-0.016497461928933976,0.02204928664072625,0.019841269841269993,4.800000000000004,3.7623762376237657,-0.3170577045022105,-5.9245960502693045,15.423567644974753,15.609865831639276,16.44530585735949,19.694922039002773,300015.SZ
2012-12-13,15.55,-0.20731707317073167,3,-0.010814249363867656,0.014193548387096744,-0.016497461928933976,0.02204928664072625,2.8439153439153486,3.874415497661987,0.9740259740259827,-5.757575757575751,15.446555345888434,15.604164323864106,16.41019582373755,19.65367903363956,300015.SZ
2012-12-14,16.13,1.8038461538461537,4,0.03729903536977486,-0.010814249363867656,0.014193548387096744,-0.016497461928933976,4.604409857328129,6.75049636002647,3.3974358974358854,-2.5377643504531866,15.570818010272355,15.654243912067525,16.39920775221843,19.618617550717772,300015.SZ
2012-12-17,15.95,0.2777777777777777,0,-0.011159330440173587,0.03729903536977486,-0.010814249363867656,0.014193548387096744,1.2055837563451854,9.022556390977442,2.8368794326241176,-4.031287605294831,15.639760190222836,15.682411158537285,16.381591761935354,19.5821138934967,300015.SZ
2012-12-18,15.98,-0.12989801395598488,1,0.0018808777429468737,-0.011159330440173587,0.03729903536977486,-0.010814249363867656,3.0967741935483906,8.70748299319728,3.0303030303030276,-0.12499999999999734,15.701621973818684,15.710752952962306,16.36584306538887,19.546271964208177,300015.SZ
2012-12-19,16.08,-0.35718692165330046,2,0.006257822277847103,0.0018808777429468737,-0.011159330440173587,0.03729903536977486,2.2900763358778553,7.199999999999984,6.138613861386122,1.965757767913745,15.770417978578923,15.745919338394469,16.354633533412834,19.5117816959076,300015.SZ
2012-12-20,16.18,0.5268714011516316,3,0.006218905472636926,0.006257822277847103,0.0018808777429468737,-0.011159330440173587,4.051446945337611,7.010582010582023,8.082832331329314,5.064935064935061,15.844887437019118,15.787260353785472,16.347785159553506,19.478629639231904,300015.SZ
2012-12-21,16.79,1.170333123821496,4,0.03770086526576022,0.006218905472636926,0.006257822277847103,0.0018808777429468737,4.091754494730315,8.884565499351481,11.118464592984779,7.628205128205123,16.01672608483382,15.882759367710666,16.36512691800239,19.451877105508206,300015.SZ
2012-12-24,16.86,-0.2988705473501303,0,0.004169148302560988,0.03770086526576022,0.006218905472636926,0.006257822277847103,5.705329153605021,6.979695431472077,15.242652084757346,8.704061895551263,16.170048614864033,15.975829904119173,16.38453370553171,19.42608728356285,300015.SZ
2012-12-25,16.96,0.14374225526641893,1,0.005931198102016699,0.004169148302560988,0.03770086526576022,0.006218905472636926,6.132665832290374,9.419354838709681,15.374149659863967,9.34880722114766,16.313676139434207,16.069560389441158,16.40710101119713,19.401549101636853,300015.SZ
2012-12-26,16.99,-0.44275911881545693,2,0.001768867924528239,0.005931198102016699,0.004169148302560988,0.03770086526576022,5.659203980099514,8.078880407124679,13.266666666666648,12.145214521452141,16.436644114082533,16.157221304732474,16.429959795071756,19.37755358818773,300015.SZ
2012-12-27,17.0,0.762799740764744,3,0.0005885815185404653,0.001768867924528239,0.005931198102016699,0.004169148302560988,5.067985166872679,9.324758842443725,12.43386243386244,13.560454241816956,16.539072456976616,16.237485942377,16.45231431291208,19.353896338554023,300015.SZ
2012-12-28,17.14,-0.49154411764705885,4,0.008235294117647118,0.0005885815185404653,0.001768867924528239,0.005931198102016699,2.0845741512805382,6.261624302541868,11.154345006485089,13.434811383189938,16.648332010253593,16.32343966215062,16.47928237907239,19.33186751926493,300015.SZ
2012-12-31,17.01,0.272595806218366,0,-0.0075845974329054044,0.008235294117647118,0.0005885815185404653,0.001768867924528239,0.8896797153024938,6.645768025078391,7.931472081218294,16.267942583732054,16.714089826571122,16.388826360993416,16.500094834795043,19.308764359869258,300015.SZ
2013-01-04,16.65,0.08749999999999991,4,-0.021164021164021385,-0.0075845974329054044,0.008235294117647118,0.0005885815185404653,-1.827830188679258,4.19274092615769,7.4193548387096575,13.265306122448983,16.702437130830916,16.413700040898803,16.50597346872465,19.28230899310439,300015.SZ
2013-01-07,16.66,0.027168234064785857,0,0.0006006006006007425,-0.021164021164021385,-0.0075845974329054044,0.008235294117647118,-1.9423190111830357,3.606965174129373,5.9796437659032975,11.06666666666667,16.694721288861658,16.437157179860822,16.512013724853098,19.256216366307335,300015.SZ
2013-01-08,17.02,0.13784333672431326,1,0.021608643457383003,0.0006006006006007425,-0.021164021164021385,-0.0075845974329054044,0.11764705882353343,5.191594561186652,9.453376205787766,12.56613756613756,16.753862872704993,16.492666019874076,16.531934755251015,19.23396545718985,300015.SZ
2013-01-09,16.84,-0.2217255252570407,2,-0.010575793184488869,0.021608643457383003,0.0006006006006007425,-0.021164021164021385,-1.75029171528589,0.29779630732580387,4.401735895846248,9.20881971465628,16.76952416857681,16.525745446552733,16.544015745241172,19.210144905377017,300015.SZ
2013-01-10,17.17,0.016082711085583012,3,0.01959619952494074,-0.010575793184488869,0.021608643457383003,0.0006006006006007425,0.9406231628453776,1.8386714116251701,7.648902821316628,8.946700507614235,16.8423379561083,16.58710302307152,16.568564147388578,19.189844956069784,300015.SZ
2013-01-11,16.79,0.6026003391746748,4,-0.02213162492719878,0.01959619952494074,-0.010575793184488869,0.021608643457383003,0.8408408408408397,-1.0023584905660465,5.068836045056302,8.322580645161292,16.83282196408861,16.606426544683757,16.57724790631452,19.165965901780535,300015.SZ
2013-01-14,17.29,-0.27160493827160503,0,0.029779630732578832,-0.02213162492719878,0.01959619952494074,-0.010575793184488869,3.7815126050420034,1.7657445556209517,7.524875621890548,9.98727735368956,16.915945243345224,16.6715287785234,16.60519896881199,19.147299574399636,300015.SZ
2013-01-15,17.85,0.6372881355932205,1,0.03238866396761142,0.029779630732578832,-0.02213162492719878,0.01959619952494074,4.876615746180968,5.000000000000004,10.32138442521633,14.790996784565923,17.08577338091882,16.78376413294974,16.654014695525245,19.134391120923024,300015.SZ
2013-01-16,17.68,-0.39337474120082816,2,-0.009523809523809601,0.03238866396761142,0.029779630732578832,-0.02213162492719878,4.988123515439424,3.1505250875145885,5.300774270399056,9.609423434593921,17.193814584388125,16.86911992981167,16.694249413347784,19.119919567481006,300015.SZ
2013-01-17,17.6,-0.348122866894198,3,-0.004524886877827927,-0.009523809523809601,0.03238866396761142,0.029779630732578832,2.5043680838672033,3.468547912992359,4.389086595492309,10.344827586206918,17.267666478135737,16.938727555543892,16.729769044196892,19.104795989695123,300015.SZ
2013-01-18,17.79,0.17801047120418856,4,0.010795454545454497,-0.004524886877827927,-0.009523809523809601,0.03238866396761142,5.955926146515789,6.8468468468468435,4.8938679245282835,11.326658322903626,17.362636209383783,17.01980112168257,16.77134672873819,19.091713442533976,300015.SZ
2013-01-21,17.79,0.15428571428571436,0,0.0,0.010795454545454497,-0.004524886877827927,-0.009523809523809601,2.8918449971081506,6.782713085234082,4.708652148322545,10.634328358208966,17.44033871676855,17.093153395808038,16.8112939158465,19.07876106997145,300015.SZ
2013-01-22,17.46,-0.002200220022002153,1,-0.018549747048903775,0.0,0.010795454545454497,-0.004524886877827927,-2.1848739495798353,2.585193889541726,2.70588235294118,7.91100123609394,17.443913495537906,17.128091167635844,16.83673337012703,19.06265399464835,300015.SZ
2013-01-23,17.63,-0.037486218302094754,2,0.009736540664375681,-0.018549747048903775,0.0,0.010795454545454497,-0.2828054298642524,4.691211401425166,2.8588098016335994,5.002977963073252,17.477747405440105,17.17589200881338,16.867841865416164,19.048398731020008,300015.SZ
2013-01-24,17.5,0.2720504009163802,3,-0.007373794668179223,0.009736540664375681,-0.018549747048903775,0.0,-0.5681818181818232,1.921956901572508,2.8806584362139898,3.7959667852906387,17.481793331723722,17.20675943654544,16.892632380497883,19.032991778472546,300015.SZ
2013-01-25,17.06,-0.08149482215218384,4,-0.025142857142857244,-0.007373794668179223,0.009736540664375681,-0.018549747048903775,-4.103428892636318,1.6081000595592698,2.462462462462467,0.589622641509413,17.40510363504668,17.192782347350636,16.899195816556787,19.013360019482768,300015.SZ
2013-01-28,17.41,-0.0926470588235293,0,0.0205158264947245,-0.025142857142857244,-0.007373794668179223,0.009736540664375681,-2.1360314783586243,0.6940427993059606,4.501800720288118,2.4720423778693545,17.40599388322001,17.213469742841053,16.919227353162405,18.99740618844314,300015.SZ
2013-01-29,17.47,-0.4683954619124798,1,0.003446295232624852,0.0205158264947245,-0.025142857142857244,-0.007373794668179223,0.05727376861395239,-2.128851540616261,2.6439482961222005,2.764705882352936,17.41763135899819,17.23790119590381,16.940826280489368,18.982208116916343,300015.SZ
2013-01-30,17.24,0.3465447154471546,2,-0.013165426445334916,0.003446295232624852,0.0205158264947245,-0.025142857142857244,-2.212138400453778,-2.488687782805432,2.375296912114,0.5834305717619559,17.385334748271244,17.238101082008207,16.952558583215275,18.96487271276792,300015.SZ
2013-01-31,16.9,1.4467924528301888,3,-0.019721577726218076,-0.013165426445334916,0.003446295232624852,0.0205158264947245,-3.4285714285714364,-3.9772727272727404,-1.5725101921957085,-0.6466784244562152,17.29709206676738,17.205900978959807,16.950497462304874,18.94432671562595,300015.SZ
2013-02-01,16.67,0.0015422578655150954,4,-0.013609467455621083,-0.019721577726218076,-0.013165426445334916,0.003446295232624852,-2.2860492379835673,-6.295671725688578,-0.7147111375818804,0.1201201201201485,17.183075327355127,17.154862790487446,16.93949756182233,18.92169659905256,300015.SZ
2013-02-04,16.4,-0.22420696027101938,0,-0.016196760647870567,-0.013609467455621083,-0.019721577726218076,-0.013165426445334916,-5.801263641585308,-7.813378302417096,-5.147484094852517,-1.5606242496998934,17.04069799510874,17.08297109615531,16.918340794692043,18.896605090604275,300015.SZ
2013-02-05,16.59,-0.1532354108773324,1,0.011585365853658658,-0.016196760647870567,-0.013609467455621083,-0.019721577726218076,-5.037206639954206,-4.982817869415812,-7.058823529411773,-2.526439482961218,16.958752905088968,17.03602146795004,16.905464685096277,18.8736537961704,300015.SZ
2013-02-06,16.75,-0.2400375058602906,2,0.009644364074743894,0.011585365853658658,-0.016196760647870567,-0.013609467455621083,-2.842227378190243,-4.991491775382862,-5.260180995475117,-0.5344418052256494,16.920797831436428,17.008781328145275,16.899368030778774,18.85252291262642,300015.SZ
2013-02-07,16.83,-0.030228254164096247,3,0.004776119402984946,0.009644364074743894,0.011585365853658658,-0.016196760647870567,-0.41420118343195034,-3.8285714285714367,-4.375000000000018,-1.9801980198020042,16.90428913481162,16.991754534988583,16.896647715846274,18.832398306530635,300015.SZ
2013-02-08,18.51,5.418575063613232,4,0.09982174688057066,0.004776119402984946,0.009644364074743894,0.011585365853658658,11.037792441511684,8.499413833528745,4.047217537942682,10.24419297200716,17.196236564845872,17.136349341180146,16.95991643287191,18.82919036318207,300015.SZ
2013-02-18,19.52,0.8222001982160556,0,0.054565099945975026,0.09982174688057066,0.004776119402984946,0.009644364074743894,19.024390243902456,12.119471568064322,9.724564362001132,12.89762868710238,17.618739007601167,17.36336368963918,17.060311866876933,18.836064090911602,300015.SZ
2013-02-19,19.55,-0.2567714565430219,1,0.0015368852459016757,0.054565099945975026,0.09982174688057066,0.004776119402984946,17.842073538276072,11.906124785346318,11.970217640320735,9.523809523809511,17.9698773698555,17.5716147668164,17.15794669562686,18.84316793080303,300015.SZ
2013-02-20,21.51,0.04002927186242222,2,0.10025575447570345,0.0015368852459016757,0.054565099945975026,0.09982174688057066,28.41791044776121,24.767981438515108,22.00794100964267,21.662895927601824,18.61353602988177,17.946699074738646,17.3286154526611,18.869703573282603,300015.SZ
2013-02-21,21.28,-0.33338024204897276,3,-0.010692701069270116,0.10025575447570345,0.0015368852459016757,0.054565099945975026,26.440879382055883,25.917159763313634,21.599999999999998,20.9090909090909,19.098347660812358,18.264156305715918,17.48357170941949,18.893686622304667,300015.SZ
2013-02-22,20.75,0.02248258391386959,4,-0.024906015037594043,-0.010692701069270116,0.10025575447570345,0.0015368852459016757,12.101566720691515,24.47510497900418,21.629542790152414,16.63856098931984,19.398648086119202,18.500903324219163,17.611666936501077,18.91215740218223,300015.SZ
2013-02-25,20.55,-0.34561783834004334,0,-0.009638554216867434,-0.024906015037594043,-0.010692701069270116,0.10025575447570345,5.276639344262302,25.3048780487805,18.0356117174038,15.514333895446896,19.60798479773389,18.69605538857924,17.72689568408927,18.92845434345405,300015.SZ
2013-02-26,20.17,0.024767313456381057,1,-0.018491484184914753,-0.009638554216867434,-0.024906015037594043,-0.010692701069270116,3.171355498721229,21.579264617239314,15.455065827132252,15.521191294387183,19.710169379964093,18.836431065857408,17.82270369647793,18.940808031578886,300015.SZ
2013-02-27,20.22,-0.2889470443349753,2,0.0024789291026274807,-0.018491484184914753,-0.009638554216867434,-0.024906015037594043,-5.99721059972107,20.71641791044776,17.28538283062646,14.690867838910936,19.802865856334257,18.96819953577575,17.916715316223893,18.953536309871634,300015.SZ
2013-02-28,20.0,-0.06408313487767914,3,-0.010880316518298683,0.0024789291026274807,-0.018491484184914753,-0.009638554216867434,-6.015037593984962,18.835412953060015,18.343195266272193,14.28571428571428,19.838708427909847,19.06646624665425,17.99841275480335,18.963948883902763,300015.SZ
2013-03-01,20.6,0.9056210964607911,4,0.030000000000000027,-0.010880316518298683,0.0024789291026274807,-0.018491484184914753,-0.7228915662650492,11.291193949216627,23.575284943011397,20.75029308323566,19.977125077380784,19.212517080306228,18.10043578402675,18.98022799948582,300015.SZ
2013-03-04,19.72,-0.26936149550861854,0,-0.042718446601941906,0.030000000000000027,-0.010880316518298683,0.0024789291026274807,-4.038929440389305,1.0245901639344135,20.243902439024385,13.268236645605969,19.930375063311548,19.26084878694373,18.16394810622178,18.98758891491382,300015.SZ
2013-03-05,20.67,0.056321648114304734,1,0.048174442190669575,-0.042718446601941906,0.030000000000000027,-0.010880316518298683,2.4789291026276583,5.728900255754477,24.593128390596753,18.317115054378963,20.064852324527628,19.39505366437766,18.26222465107583,19.00432932372065,300015.SZ
2013-03-06,20.9,0.2173639509279648,2,0.011127237542331692,0.048174442190669575,-0.042718446601941906,0.030000000000000027,3.3630069238377747,-2.8358902835890376,24.776119402985074,21.229698375870075,20.216697356431695,19.538381886817884,18.365666821621875,19.0231917185095,300015.SZ
2013-03-07,19.6,-0.22028423772609818,3,-0.062200956937798924,0.011127237542331692,0.048174442190669575,-0.042718446601941906,-1.9999999999999907,-7.8947368421052655,16.45870469399884,15.97633136094676,20.104570564353203,19.544250278549516,18.41407204430337,19.028931104394978,300015.SZ
2013-03-08,19.18,-0.2934548467274234,4,-0.021428571428571463,-0.062200956937798924,0.011127237542331692,0.048174442190669575,-6.893203883495158,-7.566265060240962,3.6196650459211055,15.056988602279532,19.936466825379892,19.509559775830517,18.44410843472285,19.030434277485575,300015.SZ
2013-03-11,19.72,-0.401031894934334,0,0.02815432742440027,-0.021428571428571463,-0.062200956937798924,0.011127237542331692,0.0,-4.038929440389305,1.0245901639344135,20.243902439024385,19.897109220765365,19.529601701941896,18.494143398067052,19.037295627958358,300015.SZ
2013-03-12,19.19,0.12176977290524671,1,-0.02687626774847862,0.02815432742440027,-0.021428571428571463,-0.062200956937798924,-7.160135462022255,-4.858701041150226,-1.8414322250639326,15.672091621458728,19.768543907898934,19.497258682709337,18.5214318922605,19.038815074446333,300015.SZ
2013-03-13,19.4,-0.06631762652705053,2,0.010943199583115959,-0.02687626774847862,0.02815432742440027,-0.021428571428571463,-7.177033492822971,-4.055390702274975,-9.809390980939114,15.820895522388057,19.70153592464458,19.487995951022732,18.555885543544406,19.04240895430259,300015.SZ
2013-03-14,19.97,0.4549532710280375,3,0.02938144329896919,0.010943199583115959,-0.02687626774847862,0.02815432742440027,1.8877551020408,-0.15000000000000568,-6.156015037593998,18.65715983363043,19.750347574709203,19.53390109854438,18.611341012425015,19.05163871595132,300015.SZ
2013-03-15,19.81,-0.328622816032888,4,-0.008012018027040546,0.02938144329896919,0.010943199583115959,-0.02687626774847862,3.2846715328467058,-3.834951456310698,-4.530120481927713,7.023230686115589,19.761193470216618,19.560196232016345,18.658347247231877,19.059184599374692,300015.SZ
2013-03-18,19.2,0.4515882127822426,0,-0.030792529025744586,-0.008012018027040546,0.02938144329896919,0.010943199583115959,-2.6369168356997985,-2.6369168356997985,-6.569343065693434,-1.6393442622950838,19.659158293813597,19.525891828967172,18.679588531654158,19.06058574763962,300015.SZ
2013-03-19,18.95,-0.136040073820195,1,-0.01302083333333337,-0.030792529025744586,-0.008012018027040546,0.02938144329896919,-1.250651380927581,-8.32123850991776,-6.04858701041151,-3.069053708439906,19.530220422211123,19.471044988113153,18.690192902961837,19.059485391941717,300015.SZ
2013-03-20,19.28,0.5370765944461395,2,0.01741424802110836,-0.01302083333333337,-0.030792529025744586,-0.008012018027040546,-0.6185567010309145,-7.751196172248798,-4.648862512363983,-10.36727103672711,19.48472579999092,19.452850227340473,18.713322593041767,19.061679567146278,300015.SZ
2013-03-21,19.2,-0.09172126265634306,3,-0.004149377593361092,0.01741424802110836,-0.01302083333333337,-0.030792529025744586,-3.855783675513269,-2.0408163265306256,-4.0000000000000036,-9.774436090225569,19.432957472719842,19.428769253308047,18.732407981549933,19.06305588986124,300015.SZ
2013-03-22,19.16,0.25967213114754095,4,-0.002083333333333326,-0.004149377593361092,0.01741424802110836,-0.01302083333333337,-3.2811711256940823,-0.10427528675703845,-6.990291262135928,-7.662650602409638,19.38332884131623,19.403172181564422,18.749176295998954,19.064020507872574,300015.SZ
2013-03-25,18.88,-0.23911157383307302,0,-0.014613778705636848,-0.002083333333333326,-0.004149377593361092,0.01741424802110836,-1.6666666666666718,-4.259634888438136,-4.259634888438136,-8.126520681265214,19.291814506531463,19.35334625951067,18.75430663733233,19.062189458042994,300015.SZ
2013-03-26,18.9,-0.24583808437856325,1,0.0010593220338983578,-0.014613778705636848,-0.002083333333333326,-0.004149377593361092,-0.26385224274406704,-1.51120375195416,-8.563134978229336,-6.2964799206742805,19.220575505343923,19.310170425271558,18.760020102534988,19.06057563258983,300015.SZ
2013-03-27,19.02,0.08557605080133035,2,0.006349206349206327,0.0010593220338983578,-0.014613778705636848,-0.002083333333333326,-1.34854771784233,-1.9587628865979312,-8.995215311004777,-5.934718100890201,19.184107231645026,19.282535146674267,18.770215392631656,19.06017189495212,300015.SZ
2013-03-28,19.07,0.06796657381615612,3,0.002628811777076745,0.006349206349206327,0.0010593220338983578,-0.014613778705636848,-0.6770833333333282,-4.506760140210309,-2.704081632653066,-4.649999999999999,19.16336046225502,19.26229370413386,18.78197165174414,19.06026968704215,300015.SZ
2013-03-29,18.74,-0.2699530516431926,4,-0.017304667016255992,0.002628811777076745,0.006349206349206327,0.0010593220338983578,-2.192066805845516,-5.401312468450281,-2.294056308654857,-9.029126213592242,19.086385832754107,19.212551446597303,18.780325704616917,19.057082923987004,300015.SZ
2013-04-01,18.8,0.062165058949624985,0,0.0032017075773747017,-0.017304667016255992,0.002628811777076745,0.006349206349206327,-0.4237288135593098,-2.083333333333326,-4.665314401622711,-4.665314401622711,19.034315681344268,19.173260832635656,18.781097245612333,19.05452488494236,300015.SZ
2013-04-02,17.95,0.6340396905482677,1,-0.04521276595744683,0.0032017075773747017,-0.017304667016255992,0.002628811777076745,-5.026455026455023,-5.277044854881263,-6.461698801459104,-13.159167876149013,18.837167375645308,19.05675980095607,18.74850519676479,19.04353458757975,300015.SZ
2013-04-03,18.35,-0.3065047344586249,2,0.022284122562674202,-0.04521276595744683,0.0032017075773747017,-0.017304667016255992,-3.5226077812828493,-4.823651452282151,-5.412371134020599,-12.200956937799035,18.74859148916434,18.989449343722157,18.732877541989698,19.03663374591229,300015.SZ
2013-04-08,18.89,-0.08400118729593342,0,0.029427792915531326,0.022284122562674202,-0.04521276595744683,0.0032017075773747017,-0.9438909281594077,-1.6145833333333304,-5.408112168252366,-3.6224489795918413,18.774302127498096,18.97997797765338,18.73903920700971,19.03517470366441,300015.SZ
2013-04-09,18.99,-0.24270900842514576,1,0.0052938062466911795,0.029427792915531326,0.022284122562674202,-0.04521276595744683,1.3340448239060887,-0.8872651356993777,-4.139323573952547,-0.9906152241918709,18.81351992249844,18.980932455972106,18.74888080673482,19.03472520412546,300015.SZ
2013-04-10,18.91,0.2391955498502354,2,-0.004212743549236397,0.0052938062466911795,0.029427792915531326,0.022284122562674202,0.5851063829787284,0.15889830508475367,-1.5104166666666585,-4.107505070993911,18.83106175477145,18.97417698397476,18.75519920647071,19.03348415731824,300015.SZ
2013-04-11,18.41,-0.057320441988950255,3,-0.026441036488630387,-0.004212743549236397,0.0052938062466911795,0.029427792915531326,2.5626740947075177,-2.5925925925925797,-2.849604221635882,-4.064616988014591,18.75450507208573,18.920445842643833,18.741661982687546,19.027280334857362,300015.SZ
2013-04-12,18.32,-0.6175824175824176,4,-0.004888647474198815,-0.026441036488630387,-0.004212743549236397,0.0052938062466911795,-0.16348773841962094,-3.680336487907465,-4.9792531120331995,-5.567010309278341,18.675504149888326,18.863260524296802,18.725126218660584,19.020242719585152,300015.SZ
2013-04-15,18.63,0.8936781609195403,0,0.016921397379912495,-0.004888647474198815,-0.026441036488630387,-0.004212743549236397,-1.3763896241397622,-2.3072889355007953,-2.968749999999998,-6.710065097646467,18.667230668090447,18.841045236268535,18.72139577871311,19.01635970744998,300015.SZ
2013-04-16,18.69,-0.6767830045523521,1,0.0032206119162641045,0.016921397379912495,-0.004888647474198815,-0.026441036488630387,-1.5797788309636518,-0.26680896478120664,-2.4530271398747305,-5.653710247349808,18.671370546619457,18.826659975671532,18.720164571704753,19.013112347176843,300015.SZ
2013-04-17,18.96,1.4444444444444446,2,0.014446227929374,0.0032206119162641045,0.016921397379912495,-0.004888647474198815,0.26441036488631386,0.8510638297872353,0.4237288135593209,-1.2499999999999956,18.723848629052284,18.839359025607575,18.729569882618293,19.012583866110408,300015.SZ
2013-04-18,18.76,0.3162612035851473,3,-0.010548523206751037,0.014446227929374,0.0032206119162641045,0.016921397379912495,1.9011406844106515,4.512534818941516,-0.7407407407407196,-1.0026385224274237,18.73042160558823,18.831801023168758,18.73076322055483,19.010070593810802,300015.SZ
2013-04-19,19.26,0.6955252918287937,4,0.026652452025586415,-0.010548523206751037,0.014446227929374,0.0032206119162641045,5.131004366812242,4.959128065395091,1.2618296529968598,-0.10373443983402453,18.82670858639037,18.872581878105066,18.751517604062485,19.01255745357388,300015.SZ
2013-04-22,19.92,0.6767068273092371,0,0.034267912772585785,0.026652452025586415,-0.010548523206751037,0.014446227929374,6.924315619967802,5.452620434092115,4.457262716308352,3.750000000000009,19.0254888434103,18.972335984952203,18.79734044311886,19.021586732642795,300015.SZ
2013-04-23,20.0,0.10128314798973492,1,0.00401606425702794,0.034267912772585785,0.026652452025586415,-0.010548523206751037,7.0090957731407055,5.3185887309110225,6.723585912486674,4.384133611691032,19.202672690062972,19.07020874829009,18.844503562996554,19.031322188039386,300015.SZ
2013-04-24,19.99,-0.19931645176324386,2,-0.000500000000000056,0.00401606425702794,0.034267912772585785,0.026652452025586415,5.432489451476785,5.7112638815441485,6.329787234042539,5.879237288135597,19.34582311005152,19.157807915119605,18.88942499189865,19.040861270745463,300015.SZ
2013-04-25,19.32,0.13057819169577045,3,-0.03351675837918955,-0.000500000000000056,0.00401606425702794,0.034267912772585785,2.985074626865658,4.94296577946769,7.632311977715878,2.2222222222222365,19.34112799913306,19.17325478034631,18.906310286333998,19.04363877053904,300015.SZ
2013-04-26,18.88,-0.4178822721812253,4,-0.022774327122153326,-0.03351675837918955,-0.000500000000000056,0.00401606425702794,-1.9730010384216068,3.056768558951961,2.888283378746581,-0.7360672975814997,19.25728654474523,19.145325753646663,18.905278510399334,19.042010524066015,300015.SZ
2013-05-02,18.99,0.4799528301886793,3,0.005826271186440746,-0.022774327122153326,-0.03351675837918955,-0.000500000000000056,-4.668674698795194,1.9323671497584405,0.529380624669118,-0.41950707918196883,19.20868899115519,19.130532824727933,18.908600921756225,19.041493006413617,300015.SZ
2013-05-03,19.24,-0.48406374501992033,4,0.01316482359136395,0.005826271186440746,-0.022774327122153326,-0.03351675837918955,-3.8000000000000034,2.9427501337613515,1.316482359136395,2.6680896478121774,19.214381901854246,19.140958269991938,18.921596964040294,19.04346820037965,300015.SZ
2013-05-06,19.47,0.013127413127413057,0,0.01195426195426208,0.01316482359136395,0.005826271186440746,-0.022774327122153326,-2.6013006503251557,2.689873417721511,2.9613960867265865,3.5638297872340408,19.26085791969893,19.172295577611756,18.94310296545048,19.04771229788831,300015.SZ
2013-05-07,19.47,0.02820121951219523,1,0.0,0.01195426195426208,0.01316482359136395,0.005826271186440746,0.7763975155279379,3.784648187633244,5.757740358500807,8.467966573816144,19.29888375248094,19.200648379743967,18.96376559425634,19.051914165571013,300015.SZ
2013-05-08,19.7,0.33024462564862866,2,0.011813045711350778,0.0,0.01195426195426208,0.01316482359136395,4.343220338983045,2.2845275181723634,7.5327510917030605,7.35694822888282,19.371813979302587,19.24820567691121,18.992637531736484,19.058362780838962,300015.SZ
2013-05-09,19.8,-0.14990247979938698,3,0.005076142131979822,0.011813045711350778,0.0,0.01195426195426208,4.2654028436019065,-0.6024096385542244,6.2801932367149815,4.817363684489151,19.449665983065753,19.30075751720538,19.02429880500172,19.065742255656488,300015.SZ
2013-05-10,19.53,-0.20124549328089147,4,-0.013636363636363669,0.005076142131979822,0.011813045711350778,0.0,1.5072765072765115,-2.3499999999999965,4.494382022471899,2.8436018957346043,19.46427216796289,19.32259013461439,19.04413022441342,19.07036173569971,300015.SZ
2013-05-13,21.48,7.664751743947475,0,0.09984639016897079,-0.013636363636363669,0.005076142131979822,0.011813045711350778,10.323574730354391,7.453726863431731,13.291139240506332,13.59069275515601,19.83076813742418,19.528057740841593,19.139654529338383,19.094338235842,300015.SZ
2013-05-14,20.75,-0.617020268990339,1,-0.03398510242085662,0.09984639016897079,-0.013636363636363669,0.005076142131979822,6.574216743708283,7.4016563146998005,10.607675906183367,12.710483432916897,19.997901203347055,19.644433194094773,19.202805332109428,19.110812482251532,300015.SZ
2013-05-15,21.23,-0.071843699765055,2,0.023132530120481887,-0.03398510242085662,0.09984639016897079,-0.013636363636363669,7.766497461928945,12.447033898305083,10.22845275181723,15.884279475982543,20.22191916637486,19.795439556561938,19.282303162222785,19.131898925214205,300015.SZ
2013-05-16,20.45,0.3182787103650413,3,-0.03674046161092803,0.023132530120481887,-0.03398510242085662,0.09984639016897079,3.282828282828265,7.688256977356511,2.660642570281113,9.769189479334406,20.26338840885216,19.85777864641318,19.32809519507679,19.145014358794164,300015.SZ
2013-05-17,20.5,-0.47781707933299644,4,0.0024449877750611915,-0.03674046161092803,0.023132530120481887,-0.03398510242085662,4.966717869943671,6.548856548856552,2.499999999999991,9.684323167469234,20.306408698151763,19.918942584850022,19.37405224625025,19.15849680298527,300015.SZ
2013-05-20,22.0,1.5562221792142443,0,0.07317073170731714,0.0024449877750611915,-0.03674046161092803,0.023132530120481887,2.4208566108007368,12.994350282485879,10.055027513756887,16.03375527426161,20.614334389396895,20.11713852915002,19.477030589534557,19.186770466637157,300015.SZ
2013-05-21,22.81,-0.2979254996971533,1,0.03681818181818186,0.07317073170731714,0.0024449877750611915,-0.03674046161092803,9.927710843373493,17.154596815613754,18.06418219461696,21.588486140724928,21.01354631859746,20.373601526373825,19.60773527229791,19.222822501794997,300015.SZ
2013-05-22,22.27,0.16693626658039462,2,-0.023673827268741787,0.03681818181818186,0.07317073170731714,0.0024449877750611915,4.898728214790382,13.045685279187813,17.955508474576277,15.628245067497382,21.24199244248883,20.554210904814415,19.71213781063917,19.253142675906492,300015.SZ
2013-05-23,21.52,0.1065520746696238,3,-0.03367759317467445,-0.023673827268741787,0.03681818181818186,0.07317073170731714,5.232273838630808,8.686868686868676,13.322801474460256,8.032128514056215,21.292539271127225,20.646190818641614,19.783034367084692,19.275698470176078,300015.SZ
2013-05-24,22.35,-0.28820778353098375,4,0.038568773234200826,-0.03367759317467445,-0.023673827268741787,0.03681818181818186,9.024390243902447,14.439324116743467,16.164241164241176,11.750000000000016,21.484804858195005,20.808458359723367,19.883699686022545,19.306288535149452,300015.SZ
2013-05-27,22.92,0.17118385544995873,0,0.025503355704697972,0.038568773234200826,-0.03367759317467445,-0.023673827268741787,4.181818181818198,6.703910614525155,17.71956856702621,14.65732866433218,21.745749429432276,21.009557563559238,20.00277028657068,19.342245863157917,300015.SZ
2013-05-28,22.06,-0.2482468443197755,1,-0.03752181500872609,0.025503355704697972,0.038568773234200826,-0.03367759317467445,-3.2880315651030223,6.313253012048192,13.302516692347211,14.182194616977227,21.802885896808224,21.10959970036312,20.083445961607122,19.36928819287774,300015.SZ
2013-05-29,22.01,-0.3095682302771855,2,-0.002266545784224694,-0.03752181500872609,0.025503355704697972,0.038568773234200826,-1.1674898967220404,3.674046161092792,11.725888324873113,16.5783898305085,21.840543006479457,21.195352109852347,20.15899710036763,19.39556393225209,300015.SZ
2013-05-30,22.89,1.0322331596216947,3,0.039981826442526014,-0.002266545784224694,-0.03752181500872609,0.025503355704697972,6.36617100371748,11.931540342298286,15.606060606060602,20.53712480252765,22.031353368937737,21.356747147009266,20.266095253294388,19.430334440388886,300015.SZ
2013-05-31,22.47,-0.40165257859245895,4,-0.01834862385321112,0.039981826442526014,-0.002266545784224694,-0.03752181500872609,0.5369127516778427,9.609756097560961,15.053763440860202,16.787941787941783,22.111107301858148,21.462771228246478,20.3525228904201,19.46057986884273,300015.SZ
2013-06-03,23.03,0.5038095238095237,0,0.024922118380062308,-0.01834862385321112,0.039981826442526014,-0.002266545784224694,0.47993019197207776,4.681818181818187,7.216014897579148,18.284540318438648,22.2781787015203,21.612031111270625,20.45752199275657,19.496096487063202,300015.SZ
2013-06-04,22.11,-0.3725986911547393,1,-0.039947894051237554,0.024922118380062308,-0.01834862385321112,0.039981826442526014,0.2266545784224805,-3.068829460762823,6.554216867469886,13.559322033898313,22.247600755789335,21.659456719721042,20.522325051864154,19.522105477241677,300015.SZ
2013-06-05,22.94,0.33815612382234206,2,0.03753957485300785,-0.039947894051237554,0.024922118380062308,-0.01834862385321112,4.225352112676051,3.0085316569375964,8.054639660857287,16.44670050761423,22.373491527464,21.781413222604755,20.61713583414399,19.556114377965642,300015.SZ
2013-06-06,22.52,0.3283882323359315,3,-0.018308631211857107,0.03753957485300785,-0.039947894051237554,0.024922118380062308,-1.6164263870685924,4.646840148698894,10.122249388753058,13.737373737373737,22.400129431561453,21.85175482045192,20.691757958295206,19.585605777189866,300015.SZ
2013-06-07,22.05,-0.3042778724209728,4,-0.02087033747779743,-0.018308631211857107,0.03753957485300785,-0.039947894051237554,-1.869158878504662,-1.342281879194629,7.560975609756104,12.903225806451601,22.336469534913917,21.870635313742213,20.74502235208755,19.610127112740216,300015.SZ
2013-06-13,21.4,-0.49571486872534354,3,-0.02947845804988669,-0.02087033747779743,-0.018308631211857107,0.03753957485300785,-7.077724706904053,-6.631762652705076,-2.7272727272727337,-0.3724394785847407,22.16620234674775,21.82581290290962,20.770707750044902,19.627936793210463,300015.SZ
2013-06-14,22.65,0.47990288643107637,4,0.05841121495327095,-0.02947845804988669,-0.02087033747779743,-0.018308631211857107,2.4423337856173566,2.6745240253853053,-0.7014467338886443,9.15662650602409,22.254165556429975,21.904306912156326,20.84440548533726,19.658007073875037,300015.SZ
2013-06-17,22.35,0.2705067444403937,0,-0.013245033112582627,0.05841121495327095,-0.02947845804988669,-0.02087033747779743,-2.571926765475152,1.5447523852794243,0.35922766052987054,5.275553462081972,22.271590000715435,21.946753872903344,20.903448407480894,19.684793073139964,300015.SZ
2013-06-18,22.15,-0.524103299856528,1,-0.008948545861297674,-0.013245033112582627,0.05841121495327095,-0.02947845804988669,-1.642984014209592,-3.232852774137185,2.927509293680286,8.312958435207829,22.24948272785808,21.966110646912547,20.952332783658115,19.709322495297776,300015.SZ
2013-06-19,21.95,-0.4941211938498643,2,-0.009029345372460473,-0.008948545861297674,-0.013245033112582627,0.05841121495327095,-0.45351473922903285,-2.314196706720073,-1.7897091722595126,7.073170731707323,22.195031322792975,21.96457629958754,20.99145698822054,19.731617793852028,300015.SZ
2013-06-20,20.64,1.5613825983313463,3,-0.059681093394077345,-0.009029345372460473,-0.008948545861297674,-0.013245033112582627,-3.5514018691588656,-10.37776812852801,-9.947643979057597,-6.181818181818177,21.912298355012435,21.838426175817297,20.9776743612315,19.740656422768925,300015.SZ
2013-06-21,20.71,-0.3922754769660306,4,0.0033914728682171713,-0.059681093394077345,-0.009029345372460473,-0.008948545861297674,-8.565121412803522,-6.331976481230206,-6.119673617407062,-9.206488382288459,21.693698654101084,21.73095701621565,20.967177327457716,19.75030163249262,300015.SZ
2013-06-24,19.68,0.22932618683001516,0,-0.049734427812650917,0.0033914728682171713,-0.059681093394077345,-0.009029345372460473,-11.946308724832221,-14.210985178727121,-10.586097228532498,-11.629995509654245,21.327571626082705,21.535627776576067,20.916699785204475,19.749602113761348,300015.SZ
2013-06-25,19.99,0.904702584864528,1,0.015752032520325088,-0.049734427812650917,0.0033914728682171713,-0.059681093394077345,-9.751693002257333,-11.234458259325052,-12.66928789864571,-7.109665427509304,21.084376784976754,21.388425131187873,20.880358617157242,19.751994132529894,300015.SZ
2013-06-26,21.02,-0.23577501635055587,2,0.05152576288144073,0.015752032520325088,-0.049734427812650917,0.0033914728682171713,-4.236902050113889,-4.671201814058968,-6.453048509123271,-5.950782997762872,21.07267191498098,21.353337023455694,20.885834749817743,19.76461110633557,300015.SZ
2013-06-27,20.83,-0.20838682071031245,3,-0.009039010466222686,0.05152576288144073,0.015752032520325088,-0.049734427812650917,0.9205426356589053,-2.6635514018691575,-9.552757273122026,-9.118673647469478,21.028549748620797,21.3034954021742,20.883645151785675,19.77521199084964,300015.SZ
2013-06-28,21.1,-0.15378378378378377,4,0.012962073931829243,-0.009039010466222686,0.05152576288144073,0.015752032520325088,1.88314823756639,-6.843267108167761,-4.568068747173215,-4.351767905711679,21.041540703417013,21.28411488768142,20.89212965563722,19.788393961089945,300015.SZ
2013-07-01,22.05,0.02555094219099341,0,0.04502369668246442,0.012962073931829243,-0.009039010466222686,0.05152576288144073,12.042682926829285,-1.342281879194629,-3.8796861377506597,0.18173557473875057,21.224896939159372,21.357056326949856,20.937536335808307,19.810897503765666,300015.SZ
2013-07-02,22.9,1.2566178760510742,1,0.038548752834467015,0.04502369668246442,0.012962073931829243,-0.009039010466222686,14.557278639319659,3.3860045146726803,1.687388987566596,0.043687199650488395,21.529461132039486,21.50400334343082,21.014495695188373,19.841634842036658,300015.SZ
2013-07-03,22.92,-0.23971846536019858,2,0.0008733624454149158,0.038548752834467015,0.04502369668246442,0.012962073931829243,9.039010466222663,4.419134396355373,3.9455782312925125,2.002670226969294,21.78228638075958,21.638860167865978,21.089221354200593,19.872265341120873,300015.SZ
2013-07-04,22.2,-0.2555817752768198,3,-0.03141361256544517,0.0008733624454149158,0.038548752834467015,0.04502369668246442,6.577052328372535,7.558139534883712,3.738317757009346,-3.6039947894051294,21.858234311530563,21.692302056640646,21.13278130109469,19.895426880015194,300015.SZ
2013-07-05,21.43,0.12582297000731546,4,-0.034684684684684663,-0.03141361256544517,0.0008733624454149158,0.038548752834467015,1.563981042654028,3.476581361661024,-5.386313465783665,-3.075531433740386,21.780373527615914,21.667320908389154,21.144436936345876,19.910696264293648,300015.SZ
2013-07-08,20.75,-0.1589776911414339,0,-0.0317312179188054,-0.034684684684684663,-0.03141361256544517,0.0008733624454149158,-5.895691609977327,5.436991869918706,-7.15883668903804,-9.546643417611167,21.593032886231203,21.57995701235209,21.128968821195055,19.91904754524595,300015.SZ
2013-07-09,20.95,-0.3046613443214009,1,0.009638554216867545,-0.0317312179188054,-0.034684684684684663,-0.03141361256544517,-8.515283842794751,4.802401200600315,-5.4176072234762955,-6.971580817051515,21.476117816007346,21.519961106413792,21.121950436050152,19.92930577862659,300015.SZ
2013-07-10,21.81,0.7337037037037037,2,0.041050119331742296,0.009638554216867545,-0.0317312179188054,-0.034684684684684663,-4.842931937172789,3.758325404376772,-0.6378132118451063,-1.0884353741496655,21.536823667642373,21.547583858183906,21.148932771891324,19.94801915396364,300015.SZ
2013-07-11,22.41,0.2651142918179876,3,0.02751031636863832,0.041050119331742296,0.009638554216867545,-0.0317312179188054,0.9459459459459474,7.585213634181476,8.575581395348841,4.7196261682243,21.695583000798305,21.62971872883306,21.1983863886799,19.972516475814746,300015.SZ
2013-07-12,22.3,0.0736237757514353,4,-0.0049085229808121245,0.02751031636863832,0.041050119331742296,0.009638554216867545,4.059729351376573,5.687203791469186,7.677450507001438,-1.5452538631346435,21.805477000653156,21.693555040372768,21.24158692245716,19.99567551585639,300015.SZ
2013-07-15,23.38,0.5064485687323057,0,0.04843049327354243,-0.0049085229808121245,0.02751031636863832,0.041050119331742296,12.674698795180728,6.0317460317460325,18.800813008130078,4.608501118568231,22.091753909625307,21.854168846051554,21.32544625883139,20.02935038634538,300015.SZ
2013-07-16,23.2,-0.4693046565044895,1,-0.007698887938408894,0.04843049327354243,-0.0049085229808121245,0.02751031636863832,10.739856801909298,1.310043668122285,16.05802901450726,4.740406320541757,22.293253198784342,21.982343241665692,21.39895817024977,20.060899138720053,300015.SZ
2013-07-17,23.73,1.554987212276215,2,0.022844827586206984,-0.007698887938408894,0.04843049327354243,-0.0049085229808121245,8.803301237964245,3.5340314136125706,12.892483349191242,8.109339407744876,22.55447988991446,22.148786742459436,21.490371575338013,20.097407605001447,300015.SZ
2013-07-18,23.54,-0.5261415261415261,3,-0.008006742520016874,0.022844827586206984,-0.007698887938408894,0.04843049327354243,5.04239178937973,6.036036036036041,13.0100816130581,14.050387596899228,22.733665364475467,22.281283243177587,21.570749160618874,20.13166225569795,300015.SZ
2013-07-19,23.45,0.2936301592460189,4,-0.0038232795242141293,-0.008006742520016874,0.022844827586206984,-0.007698887938408894,5.156950672645744,9.426038264115721,11.137440758293838,13.23032351521003,22.86390802547993,22.392589600970197,21.644445271967154,20.164680541710908,300015.SZ
2013-07-22,25.26,0.27094586107272955,0,0.07718550106609823,-0.0038232795242141293,-0.008006742520016874,0.022844827586206984,8.041060735671524,21.734939759036152,14.557823129251712,28.353658536585378,23.299561111756304,22.665676305639703,21.786231731890012,20.215380237813285,300015.SZ
2013-07-23,26.0,0.10792646768135983,1,0.029295328582739533,0.07718550106609823,-0.0038232795242141293,-0.008006742520016874,12.068965517241391,24.105011933174225,13.53711790393013,30.06503251625814,23.790550000527883,22.983230943197825,21.951477546325698,20.272938643407183,300015.SZ
2013-07-24,26.65,-0.2037466547725244,2,0.02499999999999991,0.029295328582739533,0.07718550106609823,-0.0038232795242141293,12.305099030762733,22.191655204034856,16.273996509598597,26.78401522359657,24.310450000431906,23.33244704384565,22.13573332882273,20.336391990238955,300015.SZ
2013-07-25,25.01,0.14429755769661656,3,-0.06153846153846143,0.02499999999999991,0.029295328582739533,0.07718550106609823,6.244689889549715,11.60196340919233,12.657657657657673,20.067210753720623,24.437640909444283,23.49221399205083,22.248449668868897,20.382895552525135,300015.SZ
2013-07-26,26.93,-0.12443704719013116,4,0.07676929228308671,-0.06153846153846143,0.02499999999999991,0.029295328582739533,14.840085287846483,20.762331838565018,25.664955669622035,27.630331753554493,24.89079710772714,23.819622183284082,22.432039877932862,20.448040870410455,300015.SZ
2013-07-29,25.73,-0.33501062283350114,0,-0.044559970293353124,0.07676929228308671,-0.06153846153846143,0.02499999999999991,1.8606492478226322,10.051325919589393,24.0,16.689342403628117,25.04337945177675,24.001562927733218,22.56137164742569,20.500597677670054,300015.SZ
2013-07-30,24.59,0.1330082394484613,1,-0.04430625728721338,-0.044559970293353124,0.07676929228308671,-0.06153846153846143,-5.42307692307692,5.991379310344835,17.374701670644388,7.379912663755461,24.96094682418098,24.05760455366339,22.64092570046782,20.5412882480415,300015.SZ
2013-07-31,24.72,-0.4798159691303058,2,0.005286701911346059,-0.04430625728721338,-0.044559970293353124,0.07676929228308671,-7.242026266416513,4.171934260429833,13.342503438789555,7.853403141361248,24.917138310693524,24.120689834266877,22.722458025939673,20.582867469454026,300015.SZ
2013-08-01,25.92,0.7406562054208274,3,0.04854368932038855,0.005286701911346059,-0.04430625728721338,-0.044559970293353124,3.6385445821671247,10.110450297366192,15.662650602409656,16.756756756756765,25.099476799658333,24.292052707193843,22.847851828844,20.635973265777867,300015.SZ
2013-08-02,26.01,0.18439600065563044,4,0.003472222222222321,0.04854368932038855,0.005286701911346059,-0.04430625728721338,-3.4162643891570643,10.916844349680188,16.636771300448427,21.371908539430716,25.265026472447726,24.455666735080147,22.97185763947757,20.68944616860595,300015.SZ
2013-08-05,26.58,-0.5489897592028785,0,0.021914648212225885,0.003472222222222321,0.04854368932038855,0.005286701911346059,3.3035367275553673,5.2256532066508266,13.686911890504705,28.09638554216867,25.50411256836632,24.657984188882036,23.113353418321587,20.74805864454022,300015.SZ
2013-08-06,27.26,0.8254065664314205,1,0.02558314522197147,0.021914648212225885,0.003472222222222321,0.04854368932038855,10.858072387149264,4.846153846153856,17.500000000000004,30.11933174224344,25.82336482866335,24.905795218512317,23.27596700975996,20.812854080912953,300015.SZ
2013-08-07,26.38,-0.2355017650025215,2,-0.03228173147468827,0.02558314522197147,0.021914648212225885,0.003472222222222321,6.715210355987056,-1.013133208255157,11.167298777918244,20.953690967446125,25.92457122345183,25.046195673892097,23.397693793690944,20.868248567670037,300015.SZ
2013-08-08,26.18,-0.2974934036939314,3,-0.007581501137225111,-0.03228173147468827,0.02558314522197147,0.021914648212225885,1.0030864197530853,4.6781287485005985,11.214953271028039,16.822846943328873,25.971012819187862,25.154177038283326,23.506803840997183,20.921101815752923,300015.SZ
2013-08-09,25.01,1.1809076682316122,4,-0.0446906035141329,-0.007581501137225111,-0.03228173147468827,0.02558314522197147,-3.844675124951946,-7.129595246936493,6.652452025586353,12.15246636771301,25.79628321569916,25.140445891780153,23.565752709977687,20.961787369825036,300015.SZ
2013-08-12,25.07,-0.20665901262916198,0,0.002399040383846307,-0.0446906035141329,-0.007581501137225111,-0.03228173147468827,-5.680963130173056,-2.5650991061018313,-0.7521773555027811,7.228400342172803,25.664231721935675,25.133736759229663,23.624742799782485,21.002665107438716,300015.SZ
2013-08-13,25.15,-0.44030390738060776,1,0.0031910650179496347,0.002399040383846307,-0.0446906035141329,-0.007581501137225111,-7.740278796771838,2.277348515656774,-3.26923076923078,8.405172413793105,25.570735045220097,25.135285639303028,23.684556807634152,21.043932121295047,300015.SZ
2013-08-14,25.83,0.8474466709760826,2,0.027037773359841033,0.0031910650179496347,0.002399040383846307,-0.0446906035141329,-2.0849128127369276,4.490291262135915,-3.076923076923077,8.849557522123884,25.61787412790735,25.201448911750358,23.768691834785752,21.091554687252312,300015.SZ
2013-08-15,25.25,-0.44506648005598315,3,-0.02245451025938827,0.027037773359841033,0.0031910650179496347,0.002399040383846307,-3.5523300229182597,-2.5848765432098797,0.9596161535385672,7.264231096006801,25.550987922833283,25.20607282491699,23.826782351068665,21.132932252553285,300015.SZ
2013-08-16,24.8,0.22351828499369497,4,-0.017821782178217838,-0.02245451025938827,0.027037773359841033,0.0031910650179496347,-0.839664134346263,-4.652056901191848,-7.909394727070174,5.756929637526653,25.41444466413632,25.167399222543942,23.864947749065973,21.16942048884629,300015.SZ
2013-08-19,25.5,-0.41123421798505544,0,0.028225806451612767,-0.017821782178217838,-0.02245451025938827,0.027037773359841033,1.715197447147987,-4.063205417607218,-0.8938981733385143,0.9501187648456089,25.430000179747896,25.199075487063567,23.929067445181033,21.212510832240856,300015.SZ
2013-08-20,26.62,2.5203501094091902,1,0.043921568627451,0.028225806451612767,-0.017821782178217838,-0.02245451025938827,5.844930417495031,-2.3477622890682337,8.25538836925579,2.384615384615385,25.646363783430097,25.33440163115275,24.03459421203668,21.26631669460662,300015.SZ
2013-08-21,27.27,-0.24925410243659862,2,0.024417731029301226,0.043921568627451,0.028225806451612767,-0.017821782178217838,5.574912891986061,3.373768006065214,10.315533980582536,2.3264540337711193,25.941570368260987,25.518744332947726,24.161472870388184,21.326054836948845,300015.SZ
2013-08-22,27.49,0.2755423083291937,3,0.008067473414008042,0.024417731029301226,0.043921568627451,0.028225806451612767,8.871287128712858,5.003819709702051,6.0570987654320785,9.916033586565366,26.22310302857717,25.706482967905085,24.292003346059236,21.387387624640898,300015.SZ
2013-08-23,27.95,-0.2003115669219785,4,0.01673335758457628,0.008067473414008042,0.024417731029301226,0.043921568627451,12.7016129032258,11.75529788084766,7.458669742406765,3.7875974749350227,26.537084296108592,25.92015125667603,24.435454195233387,21.452687250266365,300015.SZ
2013-08-26,27.96,-0.1465909090909091,0,0.0003577817531306149,0.01673335758457628,0.008067473414008042,0.024417731029301226,9.64705882352941,11.52772237734343,5.191873589164797,8.666925767586475,26.79579624227066,26.114422565564023,24.573671677773255,21.517436630860733,300015.SZ
2013-08-27,27.52,-0.39261936465664826,1,-0.015736766809728242,0.0003577817531306149,0.01673335758457628,0.008067473414008042,3.380916604057105,9.423459244532806,0.9537784299339602,11.915412769418454,26.927469652766902,26.248287083129355,24.689213964919404,21.577163629558637,300015.SZ
2013-08-28,27.0,0.7823363607892264,2,-0.018895348837209336,-0.015736766809728242,0.0003577817531306149,0.01673335758457628,-0.990099009900991,4.529616724738683,2.3502653525398154,9.223300970873783,26.940656988627463,26.31987878949799,24.77983302511864,21.6311222004088,300015.SZ
2013-08-29,26.95,-0.4635389211034967,3,-0.0018518518518518823,-0.018895348837209336,-0.015736766809728242,0.0003577817531306149,-1.9643506729719817,6.732673267326739,2.941176470588225,3.9737654320987525,26.94235571796792,26.379890333355327,24.864937612368895,21.684046357618666,300015.SZ
2013-08-30,26.4,0.6236488699639697,4,-0.020408163265306145,-0.0018518518518518823,-0.018895348837209336,-0.015736766809728242,-5.545617173524153,6.451612903225801,5.557776889244281,1.4994232987312506,26.843745587428298,26.381805539702437,24.925136137374036,21.730971269483156,300015.SZ
2013-09-02,27.3,0.08150090780714137,0,0.03409090909090917,-0.020408163265306145,-0.0018518518518518823,-0.018895348837209336,-2.3605150214592308,7.058823529411762,8.895093737534898,2.708803611738153,26.926700935168608,26.46925263115935,25.018268053555445,21.78638449068233,300015.SZ
2013-09-03,27.34,-0.4653982465957843,1,0.00146520146520146,0.03409090909090917,-0.020408163265306145,-0.0018518518518518823,-0.6540697674418561,2.704733283245675,8.707753479125246,0.29347028613351256,27.001846219683408,26.552180952001315,25.10931636518072,21.841644346496437,300015.SZ
2013-09-04,27.96,1.1964410327983255,2,0.022677395757132457,0.00146520146520146,0.03409090909090917,-0.020408163265306145,3.5555555555555562,2.5302530253025424,8.246225319396071,5.989385898407895,27.176055997922788,26.68625895657262,25.221107880271674,21.90252350722782,300015.SZ
2013-09-05,27.92,-0.4419380460683081,3,-0.0014306151645206988,0.022677395757132457,0.00146520146520146,0.03409090909090917,3.5992578849721735,1.5642051655147426,10.574257425742584,6.64629488158901,27.311318543755007,26.803758103565702,25.326946786927685,21.962398895215603,300015.SZ
2013-09-06,29.6,1.5818388841446058,4,0.06017191977077352,-0.0014306151645206988,0.022677395757132457,0.00146520146520146,12.121212121212132,5.903398926654746,19.354838709677423,18.352658936425435,27.72744244489046,27.070066855607063,25.494517501165816,22.03839492610898,300015.SZ
2013-09-09,28.41,-0.0007717750826902181,0,-0.040202702702702764,0.06017191977077352,-0.0014306151645206988,0.022677395757132457,4.065934065934074,1.6094420600858417,11.411764705882344,13.322696449940175,27.851543818546737,27.19767953602544,25.60885014817892,22.101793981570587,300015.SZ
2013-09-10,28.67,-0.27893633454705946,1,0.009151707145371502,-0.040202702702702764,0.06017191977077352,-0.0014306151645206988,4.864667154352609,4.1787790697674465,7.70097670924117,13.996023856858852,28.000354033356423,27.337900532594443,25.728895240407198,22.167149265336054,300015.SZ
2013-09-11,28.25,-0.06319816373374132,2,-0.014649459365190132,0.009151707145371502,-0.040202702702702764,0.06017191977077352,1.03719599427754,4.629629629629628,3.5936927026035903,9.368950832365464,28.0457442091098,27.42476714853783,25.827762093724566,22.22767514329291,300015.SZ
2013-09-12,27.7,-0.3105194380921267,3,-0.019469026548672552,-0.014649459365190132,0.009151707145371502,-0.040202702702702764,-0.7879656160458492,2.782931354359919,0.76391415060022,9.70297029702969,27.982881625635287,27.450979801058036,25.901183188088307,22.282126136891986,300015.SZ
2013-09-13,28.13,0.6064913527600095,4,0.015523465703971118,-0.019469026548672552,-0.014649459365190132,0.009151707145371502,-4.966216216216224,6.553030303030316,0.6440071556350624,13.42741935483871,28.00963042097432,27.515648391433462,25.98858776894759,22.3403139365249,300015.SZ
2013-09-16,28.61,-0.05279457307181834,0,0.017063633131887634,0.015523465703971118,-0.019469026548672552,-0.014649459365190132,0.7039774727208625,4.798534798534804,2.3247496423462133,12.196078431372538,28.118788526251716,27.619872354154086,26.091388248596704,22.402698872479878,300015.SZ
2013-09-17,27.96,-0.2894286159115679,1,-0.022719328905976832,0.017063633131887634,0.015523465703971118,-0.019469026548672552,-2.4764562260202294,2.2677395757132457,1.5988372093023395,5.03380916604057,28.089917885115042,27.65226546328227,26.1646671408086,22.45799540111192,300015.SZ
2013-09-18,28.39,0.012708150744960456,2,0.015379113018598067,-0.022719328905976832,0.017063633131887634,0.015523465703971118,0.49557522123893083,1.5379113018598067,5.148148148148146,4.1070773744041,28.144478269639578,27.722525895350625,26.25193509607101,22.51702032249389,300015.SZ
2013-09-23,29.18,0.3033318909562961,0,0.02782669954209216,0.015379113018598067,-0.022719328905976832,0.017063633131887634,5.342960288808674,4.512893982808008,8.27458256029685,6.147690069116041,28.332754947886926,27.86133295293628,26.366761170734893,22.583318627742713,300015.SZ
2013-09-24,28.99,-0.3129150066401063,1,-0.006511309115832753,0.02782669954209216,0.015379113018598067,-0.022719328905976832,3.057234269463205,-2.0608108108108203,9.810606060606064,3.7209302325581284,28.45225404827112,27.968825052656637,26.469633281686466,22.647066701098506,300015.SZ
2013-09-25,28.28,-0.10533945397438993,2,-0.02449120386340109,-0.006511309115832753,0.02782669954209216,0.015379113018598067,-1.1534428521495887,-0.457585357268564,3.589743589743599,1.1444921316166035,28.42093513040364,27.998460761927433,26.540628054953665,22.703115788649768,300015.SZ
2013-09-26,27.95,0.44261409667836893,3,-0.011669024045261711,-0.02449120386340109,-0.006511309115832753,0.02782669954209216,-0.03576537911302857,-2.511335891175448,2.2311631309436697,1.5625,28.335310561239343,27.993845451267678,26.5958975429947,22.755323591747782,300015.SZ
2013-09-27,28.75,-0.05278921752152754,4,0.028622540250447193,-0.011669024045261711,-0.02449120386340109,-0.006511309115832753,1.2680521310320492,1.7699115044247815,2.825464949928458,6.481481481481488,28.410708641014004,28.065860170194565,26.680372149151772,22.81497211322293,300015.SZ
2013-09-30,31.07,1.5264822134387352,0,0.08069565217391306,0.028622540250447193,-0.011669024045261711,-0.02449120386340109,6.477039067854706,12.166064981949454,11.282234957020055,15.287569573283854,28.894216160829636,28.35196872541413,26.852514417812486,22.897111694185885,300015.SZ
2013-10-08,32.88,0.006883604505631968,1,0.058255551979401465,0.08069565217391306,0.028622540250447193,-0.011669024045261711,13.418420144877551,16.885886953430518,11.081081081081079,24.54545454545456,29.618904131587882,28.783209799184213,27.088886401427683,22.996443916134286,300015.SZ
2013-10-09,32.69,-0.10821939092604094,2,-0.005778588807786034,0.058255551979401465,0.08069565217391306,0.028622540250447193,15.594059405940586,14.260747990213197,15.065117916226667,19.74358974358974,30.1772851985719,29.155285056404765,27.308537915097187,23.09289721050111,300015.SZ
2013-10-10,32.45,-0.01759735168568699,3,-0.007341694707861612,-0.005778588807786034,0.058255551979401465,0.08069565217391306,16.10017889087658,16.058655221745365,13.184513428671085,18.690563277249474,30.590506071558828,29.469067431985266,27.510163879211024,23.186002710894133,300015.SZ
2013-10-11,32.27,-0.4035647778664537,4,-0.005546995377503805,-0.007341694707861612,-0.005778588807786034,0.058255551979401465,12.243478260869578,13.666784078901028,14.230088495575233,15.414878397711028,30.895868604002676,29.735822914653337,27.696824119241967,23.276390743621555,300015.SZ
2013-10-14,32.33,-0.06259292298542984,0,0.001859312054539597,-0.005546995377503805,-0.007341694707861612,-0.005778588807786034,4.055358867074332,10.795065113091162,16.714801444043314,15.795128939828063,31.15661976691128,29.982887398972064,27.878517291036403,23.366476407864127,300015.SZ
2013-10-15,33.96,3.1873116574147504,1,0.050417568821528036,0.001859312054539597,-0.005546995377503805,-0.007341694707861612,3.2846715328467058,17.14384270438083,20.725204408105235,14.729729729729723,31.6663252638365,30.361660027641392,28.117006809034976,23.471884602810754,300015.SZ
2013-10-16,32.8,-0.615810007196697,2,-0.034157832744405314,0.050417568821528036,0.001859312054539597,-0.005546995377503805,0.3364943407770049,15.983026874115968,14.645228940929744,15.452305526223142,31.87244794313895,30.593882882151735,28.300653600837524,23.564701671439504,300015.SZ
2013-10-17,32.61,-0.2063492063492064,3,-0.005792682926829218,-0.034157832744405314,0.050417568821528036,0.001859312054539597,0.49306625577811847,16.672629695885522,16.630901287553645,13.742588071154515,32.00654831711368,30.785894036232524,28.469647577275268,23.654704639882894,300015.SZ
2013-10-18,31.74,0.06198757763975138,4,-0.026678932842686298,-0.005792682926829218,-0.034157832744405314,0.050417568821528036,-1.6423923148435216,10.399999999999988,11.799929552659382,12.353982300884958,31.958084986729375,30.876761270877044,28.597896691891926,23.735155339983564,300015.SZ
2013-10-21,33.96,0.6586735290677275,0,0.06994328922495274,-0.026678932842686298,-0.005792682926829218,-0.034157832744405314,5.041756882152804,9.301577084003853,16.3810829335161,22.59927797833936,32.32206953459676,31.17040305460304,28.808175252994204,23.83689508784442,300015.SZ
2013-10-22,34.08,-0.19795486600846268,1,0.0035335689045936647,0.06994328922495274,-0.026678932842686298,-0.005792682926829218,0.35335689045936647,3.649635036496335,17.55777854432563,21.151795236402428,32.64169325557916,31.447507525593224,29.01491347836698,23.93881652975642,300015.SZ
2013-10-23,32.6,-0.3787039479468918,2,-0.04342723004694826,0.0035335689045936647,0.06994328922495274,-0.026678932842686298,-0.609756097560965,-0.2753135515448091,15.27581329561527,13.946172666899702,32.63411266365568,31.557268713631963,29.155505106666315,24.024997459808596,300015.SZ
2013-10-24,32.51,-0.3593263515425983,3,-0.0027607361963191135,-0.04342723004694826,0.0035335689045936647,0.06994328922495274,-0.30665440049064685,0.1848998459167861,16.314847942754906,16.273247496423448,32.61154672480919,31.648005026619394,29.28705392601273,24.10942534578065,300015.SZ
2013-10-25,30.59,1.1899712834106473,4,-0.05905875115349113,-0.0027607361963191135,-0.04342723004694826,0.0035335689045936647,-3.6231884057970953,-5.206073752711504,6.400000000000006,7.7492074674180955,32.243992774843875,31.547242643131835,29.33814985048282,24.17390867567338,300015.SZ
2013-10-28,31.95,-0.14565261246721806,0,0.04445897352075834,-0.05905875115349113,-0.0027607361963191135,-0.04342723004694826,-5.918727915194355,-1.1753789050417573,2.8323141293852494,9.492803289924613,32.19053954305408,31.585600486643088,29.44057534654232,24.251282718701507,300015.SZ
2013-10-29,30.33,0.28441558441558445,1,-0.05070422535211272,0.04445897352075834,-0.05905875115349113,-0.0027607361963191135,-11.003521126760562,-10.689045936395768,-7.755474452554756,4.622283546050365,31.852259626135154,31.466019487915176,29.47545474471713,24.311767467769155,300015.SZ
2013-10-30,31.12,-0.2902840334589577,2,0.026046818331684873,-0.05070422535211272,0.04445897352075834,-0.05905875115349113,-4.539877300613493,-5.121951219512189,-4.8026919547262015,10.042432814710045,31.719121512292396,31.433065250970873,29.539946715512535,24.379511075055035,300015.SZ
2013-10-31,28.96,0.2307991192850669,3,-0.06940874035989719,0.026046818331684873,-0.05070422535211272,0.04445897352075834,-10.91971701015072,-11.19288561790861,-10.755007704160246,3.613595706618966,31.21746305551196,31.197535227068883,29.517203707061064,24.425088079283345,300015.SZ
2013-11-01,29.8,-0.3154793223192677,4,0.02900552486187835,-0.06940874035989719,0.026046818331684873,-0.05070422535211272,-2.5825433148087606,-6.112161310649011,-7.654167957855595,3.6521739130434883,30.959742499964328,31.064436634014704,29.52829375776455,24.478569789937243,300015.SZ
2013-11-04,29.7,-0.40676402767102227,0,-0.003355704697986628,0.02900552486187835,-0.06940874035989719,0.026046818331684873,-7.042253521126762,-12.54416961130742,-8.134859263841632,-4.40939813324751,30.730698409061723,30.934490287918067,29.53502733589143,24.530524319390604,300015.SZ
2013-11-05,30.99,0.5208603265094582,1,0.04343434343434338,-0.003355704697986628,0.02900552486187835,-0.06940874035989719,2.1760633036597365,-9.0669014084507,-8.745583038869265,-5.748175182481763,30.77784415286868,30.939776927163965,29.5920850874251,24.594797709247416,300015.SZ
2013-11-06,31.36,-0.013630942238882171,2,0.011939335269441687,0.04343434343434338,-0.003355704697986628,0.02900552486187835,0.7712082262210762,-3.8036809815951034,-4.390243902439018,-4.06852248394004,30.88369067052892,30.97979817219597,29.661415083996665,24.662113154926548,300015.SZ
2013-11-07,30.18,0.13767490067369148,3,-0.037627551020408156,0.011939335269441687,0.04343434343434338,-0.003355704697986628,4.21270718232043,-7.167025530605963,-7.451701931922727,-6.995377503852085,30.755746912250935,30.903626917701118,29.681751747369347,24.717017501643696,300015.SZ
2013-11-08,29.47,-0.22213786820528403,4,-0.023525513585155755,-0.037627551020408156,0.011939335269441687,0.04343434343434338,-1.1073825503355783,-3.661327231121281,-7.151858853182103,-8.676789587852507,30.521974746387126,30.7670910207772,29.67344775727643,24.764310859836296,300015.SZ
2013-11-11,30.19,-0.2320905719305093,0,0.02443162538174426,-0.023525513585155755,-0.037627551020408156,0.011939335269441687,1.6498316498316568,-5.508607198748039,-11.101295641931685,-6.6192390968141,30.461615701589466,30.712129971179372,29.693704707971474,24.818297816454844,300015.SZ
2013-11-12,30.65,0.8070665988815455,1,0.015236833388539095,0.02443162538174426,-0.023525513585155755,-0.037627551020408156,-1.0971281058405946,1.055060995713819,-10.064553990610325,-9.746760895170791,30.49586739220956,30.70621283106705,29.73120648412946,24.876324703853307,300015.SZ
2013-11-13,29.71,-0.40779293852862575,2,-0.030668841761827048,0.015236833388539095,0.02443162538174426,-0.023525513585155755,-5.261479591836727,-4.530848329048842,-8.86503067484663,-9.420731707317065,30.352982411807822,30.611335418584474,29.730374857300852,24.92442097545676,300015.SZ
2013-11-14,30.3,0.3114014251781472,3,0.019858633456748542,-0.030668841761827048,0.015236833388539095,0.02443162538174426,0.3976143141153132,4.6270718232044095,-6.797908335896641,-7.083716651333938,30.34334924602458,30.581684426338335,29.752713098191016,24.977909323959675,300015.SZ
2013-11-15,31.4,0.4316247056692628,4,0.03630363036303619,0.019858633456748542,-0.030668841761827048,0.015236833388539095,6.549032914828645,5.369127516778516,2.6479241582216373,-1.0712035286704502,30.5354675649292,30.65961924287754,29.817312584536467,25.04181072372127,300015.SZ
2013-11-18,32.18,-0.20002530364372484,0,0.024840764331210297,0.03630363036303619,0.019858633456748542,-0.030668841761827048,6.591586618085454,8.350168350168353,0.7198748043818481,-5.241460541813902,30.8344734622148,30.804417410222538,29.909966992986018,25.112837482689216,300015.SZ
2013-11-19,31.72,-0.25889609362644317,1,-0.01429459291485402,0.024840764331210297,0.03630363036303619,0.019858633456748542,3.4910277324633032,2.355598580187168,4.582921200131884,-6.924882629107976,30.99547828726665,30.891615752106105,29.980948679535587,25.178580393309222,300015.SZ
2013-11-20,31.95,-0.4428083653435766,2,0.007250945775535866,-0.01429459291485402,0.024840764331210297,0.03630363036303619,7.539548973409627,1.8813775510204023,2.6670951156812395,-1.9938650306748573,31.169027689581803,30.992414251905522,30.05816637837733,25.245957702828534,300015.SZ
2013-11-21,31.67,-0.09881271543469927,3,-0.008763693270735451,0.007250945775535866,-0.01429459291485402,0.024840764331210297,4.521452145214533,4.937044400265078,9.357734806629846,-2.583820362965228,31.26011356420329,31.056946227914523,30.12137554000959,25.309878521705862,300015.SZ
2013-11-22,30.91,0.11942201444963874,4,-0.023997473950110537,-0.008763693270735451,0.007250945775535866,-0.01429459291485402,-1.5605095541401215,4.88632507634883,3.7248322147650947,1.0460934946060707,31.196456552529963,31.042951349065522,30.15230198942098,25.365601123479934,300015.SZ
2013-11-25,30.82,-0.1617312072892939,0,-0.002911679068262729,-0.023997473950110537,-0.008763693270735451,0.007250945775535866,-4.226227470478561,2.08678370321298,3.7710437710437805,-3.5367762128325486,31.128009906615425,31.021717887249757,30.178486225129962,25.419873749116952,300015.SZ
2013-11-26,30.95,0.3337862318840581,1,0.004218040233614495,-0.002911679068262729,-0.023997473950110537,-0.008763693270735451,-2.427490542244637,0.978792822185981,-0.1290738948047765,2.0441806791955175,31.095644469048985,31.01488761227359,30.208741667281732,25.474899880966536,300015.SZ
2013-11-27,32.17,1.400339558573854,2,0.039418416801292544,0.004218040233614495,-0.002911679068262729,-0.023997473950110537,0.6885758998435021,8.280040390440924,2.5829081632653184,3.3740359897172167,31.290981838312803,31.12489831586658,30.28565375876088,25.54151779259871,300015.SZ
2013-11-28,32.0,-0.3591738576884991,3,-0.005284426484302163,0.039418416801292544,0.004218040233614495,-0.002911679068262729,1.0419955794126912,5.610561056105601,6.030483764082173,10.497237569060779,31.419894231346838,31.208241333403098,30.352883023123198,25.605781297149967,300015.SZ
2013-11-29,32.25,-0.2483443708609272,4,0.0078125,-0.005284426484302163,0.039418416801292544,0.004218040233614495,4.335166612746688,2.7070063694267565,9.433322022395663,8.221476510067106,31.570822552920138,31.307456444507565,30.427279767314445,25.671892926034047,300015.SZ
2013-12-02,29.03,1.4810572687224672,0,-0.09984496124031006,0.0078125,-0.005284426484302163,0.039418416801292544,-5.807916937053859,-9.788688626476072,-3.8423318979794674,-2.2558922558922445,31.108854816025566,31.09055583074494,30.37248448232172,25.705306926770028,300015.SZ
2013-12-03,30.12,0.2385179924242422,1,0.037547364795039506,-0.09984496124031006,0.0078125,-0.005284426484302163,-2.6817447495961155,-5.044136191677174,-1.7292006525285397,-2.8073572120038692,30.929063031293644,30.998121942102564,30.36258313007381,25.749234221031024,300015.SZ
2013-12-04,29.88,-0.5290069769664532,2,-0.007968127490039945,0.037547364795039506,-0.09984496124031006,0.0078125,-7.118433322971718,-6.478873239436622,0.5721979131605437,-4.719387755102044,30.73832429833116,30.891634138092797,30.343658301443465,25.790336368085445,300015.SZ
2013-12-05,28.34,0.26014610389610393,3,-0.05153949129852742,-0.007968127490039945,0.037547364795039506,-0.09984496124031006,-11.4375,-10.514682664982644,-6.468646864686467,-6.096752816434725,30.30226533499822,30.64862136303634,30.26508346609274,25.81570615546768,300015.SZ
2013-12-06,27.47,0.6938808373590981,4,-0.03069865913902614,-0.05153949129852742,-0.007968127490039945,0.037547364795039506,-14.82170542635659,-11.129084438692981,-12.515923566878984,-6.786562606040036,29.787308001362177,30.345895518937642,30.15547234977538,25.83216679073666,300015.SZ
2013-12-09,27.9,-0.2626675539499952,0,0.015653440116490724,-0.03069865913902614,-0.05153949129852742,-0.007968127490039945,-3.8925249741646684,-9.474367293964958,-13.300186451211937,-7.5852931434249875,29.4441610920236,30.11295308856263,30.067022453705757,25.852742245555202,300015.SZ
2013-12-10,27.24,-0.28223310985043837,1,-0.023655913978494647,0.015653440116490724,-0.03069865913902614,-0.05153949129852742,-9.561752988047822,-11.987075928917612,-14.12358133669609,-11.125611745513863,29.04340452983749,29.839338508699523,29.956158828070237,25.866545805300923,300015.SZ
2013-12-11,27.45,-0.3996766660679001,2,0.007709251101321701,-0.023655913978494647,0.015653440116490724,-0.03069865913902614,-8.13253012048193,-14.672054709356551,-14.084507042253524,-7.606866374957932,28.75369461532158,29.61178246025195,29.857878089714543,25.88230156843226,300015.SZ
2013-12-12,27.69,0.34440454817474553,3,0.008743169398907069,0.007709251101321701,-0.023655913978494647,0.015653440116490724,-2.2935779816513735,-13.468749999999996,-12.567098200189452,-8.61386138613861,28.56029559435402,29.428755559275572,29.772863262666913,25.90028861750259,300015.SZ
2013-12-13,27.68,-0.3265079011796127,4,-0.0003611412062116681,0.008743169398907069,0.007709251101321701,-0.023655913978494647,0.7644703312704726,-14.170542635658911,-10.449692656098353,-11.847133757961782,28.40024184992602,29.262207410773136,29.69079019354272,25.917997188472714,300015.SZ
2013-12-16,27.21,0.7091870456047586,0,-0.01697976878612717,-0.0003611412062116681,0.008743169398907069,0.007709251101321701,-2.473118279569886,-6.269376507061663,-11.713173264114207,-15.444375388440024,28.18383424084856,29.0667590859376,29.593504303599868,25.930852937841145,300015.SZ
2013-12-17,27.3,-0.38128383604021654,1,0.00330760749724357,-0.01697976878612717,-0.0003611412062116681,0.008743169398907069,0.22026431718062955,-9.362549800796815,-11.793214862681744,-13.93442622950819,28.023137106148823,28.89849631584831,29.503562958360657,25.944476291693473,300015.SZ
2013-12-18,27.9,0.2718750000000001,2,0.0219780219780219,0.00330760749724357,-0.01697976878612717,-0.0003611412062116681,1.6393442622950838,-6.62650602409639,-13.273235934100104,-12.676056338028175,28.000748541394486,28.80340142862466,29.44067813646416,25.963934239039805,300015.SZ
2013-12-19,28.01,0.1361179361179361,3,0.003942652329749219,0.0219780219780219,0.00330760749724357,-0.01697976878612717,1.1556518598772048,-1.1644318983768498,-12.468749999999995,-11.556678244395325,28.002430624777308,28.727839387803265,29.384573111504782,25.98429310233294,300015.SZ
2013-12-20,28.26,0.15614186851211076,4,0.008925383791503094,0.003942652329749219,0.0219780219780219,0.00330760749724357,2.095375722543369,2.8758645795413207,-12.372093023255815,-8.57327725655127,28.049261420272344,28.683283255631522,29.340472205171263,26.006936952060972,300015.SZ
2013-12-23,28.46,-0.14927048260381603,0,0.007077140835102691,0.008925383791503094,0.003942652329749219,0.0219780219780219,4.593899301727311,2.007168458781372,-1.9634860489149197,-7.6573653471771586,28.12394116204101,28.662018183666614,29.30594388339984,26.031345539602658,300015.SZ
2013-12-24,29.24,0.25087950747581367,1,0.027406886858749147,0.007077140835102691,0.008925383791503094,0.003942652329749219,7.106227106227103,7.3421439060205484,-2.92164674634795,-5.525040387722136,28.326860950760825,28.71706407093646,29.30335784875671,26.063272449656363,300015.SZ
2013-12-25,29.99,0.39637897697310587,2,0.025649794801641645,0.027406886858749147,0.007077140835102691,0.008925383791503094,7.491039426523294,9.25318761384335,0.3681392235609149,-6.776499844575701,28.629249868804308,28.838296064180607,29.330284991942722,26.10234436558018,300015.SZ
2013-12-26,29.21,-0.5830815709969789,3,-0.026008669556518815,0.025649794801641645,0.027406886858749147,0.007077140835102691,4.28418421992145,5.489346334416756,3.069865913902614,-8.718749999999996,28.73484080174898,28.87369643902055,29.325567933435163,26.133266312191324,300015.SZ
2013-12-27,31.02,1.0655193236714977,4,0.06196508045190008,-0.026008669556518815,0.025649794801641645,0.027406886858749147,9.766454352441611,12.066473988439297,12.92318893338187,-3.8139534883720905,29.150324292340073,29.078106301970973,29.39201624977104,26.18189052799042,300015.SZ
2013-12-30,31.5,-0.013886858646396716,0,0.01547388781431347,0.06196508045190008,-0.026008669556518815,0.025649794801641645,10.68165846802529,15.76626240352812,12.903225806451623,8.508439545297964,29.57753805736915,29.308762844640405,29.474682279191782,26.234807040149718,300015.SZ
2013-12-31,31.21,0.09501927067892102,1,-0.009206349206349218,0.01547388781431347,0.06196508045190008,-0.026008669556518815,6.737346101231201,14.322344322344316,14.574155653450816,3.6188579017264244,29.87434931966567,29.489833049912747,29.542733954517594,26.28431144771042,300015.SZ
2014-01-02,31.02,-0.3586029511303641,3,-0.006087792374239065,-0.009206349206349218,0.01547388781431347,0.06196508045190008,3.434478159386467,11.18279569892473,13.005464480874318,3.81526104417671,30.08264944336282,29.635563235635342,29.600665956301217,26.33143272683768,300015.SZ
2014-01-03,30.87,0.1568172224567328,4,-0.004835589941972862,-0.006087792374239065,-0.009206349206349218,0.01547388781431347,5.68298527901403,10.210639057479476,11.484290357529803,8.927311220889212,30.225804090024123,29.75312864176531,29.650443761936465,26.376592600202482,300015.SZ
2014-01-06,30.67,0.14504652435686904,0,-0.006478781988985993,-0.004835589941972862,-0.006087792374239065,-0.009206349206349218,-1.1283043197936715,8.527954706298658,10.802023121387293,11.649071714597747,30.30656698274701,29.84044972350195,29.690426359507587,26.419313071842257,300015.SZ
2014-01-07,31.35,-0.34273422562141487,1,0.022171503097489387,-0.006478781988985993,-0.004835589941972862,-0.006087792374239065,-0.4761904761904745,10.154602951510894,15.214994487320844,12.365591397849474,30.496282076793005,29.984216416501766,29.755507678742585,26.468374633316465,300015.SZ
2014-01-08,31.52,0.43006060606060603,2,0.005422647527910662,0.022171503097489387,-0.006478781988985993,-0.004835589941972862,0.9932713873758381,7.797537619699058,15.457875457875447,15.712187958884005,30.682412608285183,30.130481519692072,29.824703456046798,26.518639562338194,300015.SZ
2014-01-09,31.35,-0.33988811662993734,3,-0.0053934010152283385,0.005422647527910662,0.022171503097489387,-0.006478781988985993,1.0638297872340496,4.534844948316108,12.365591397849474,14.20765027322406,30.803792134051513,30.246626136864258,29.88451900679006,26.566712800523884,300015.SZ
2014-01-10,30.2,0.04340010272213668,4,-0.036682615629984094,-0.0053934010152283385,0.005422647527910662,0.022171503097489387,-2.1703919663103366,3.389250256761378,7.818636201356655,9.06464427591187,30.694011746042147,30.242185552400997,29.896890810445353,26.602864911961458,300015.SZ
2014-01-13,32.3,1.2151119862170807,0,0.06953642384105962,-0.036682615629984094,-0.0053934010152283385,0.005422647527910662,5.314639713074643,4.126370083816888,14.295824486907271,16.690751445086693,30.986009610398117,30.43816788074376,29.99113038650632,26.659552823285225,300015.SZ
2014-01-14,35.51,0.8293333333333333,1,0.0993808049535605,0.06953642384105962,-0.036682615629984094,-0.0053934010152283385,13.269537480063786,12.730158730158724,24.771609276177074,30.503491363469305,31.80855331759846,30.921199511149112,30.20755664585901,26.747616974297312,300015.SZ
2014-01-15,34.84,-0.6954567541302235,2,-0.01886792452830177,0.0993808049535605,0.06953642384105962,-0.036682615629984094,10.532994923857885,11.630887536046153,19.151846785225747,27.61904761904763,32.359725441671465,31.294418605325387,30.389221091119445,26.82813819843366,300015.SZ
2014-01-16,34.6,-0.06840845632229753,3,-0.006888633754305484,-0.01886792452830177,0.0993808049535605,0.06953642384105962,10.366826156299847,11.54094132817538,15.371790596865642,24.01433691756274,32.76704808864029,31.609235881008683,30.554349675781427,26.9054701566582,300015.SZ
2014-01-17,34.18,-0.011988867480197007,4,-0.012138728323699444,-0.006888633754305484,-0.01886792452830177,0.0993808049535605,13.178807947019866,10.722384191771939,17.014720985963706,22.027847197429473,33.02394843616023,31.854070559007855,30.69653204143706,26.97785353818399,300015.SZ
2014-01-20,34.65,0.41473456121343455,0,0.0137507314218841,-0.012138728323699444,-0.006888633754305484,-0.01886792452830177,7.27554179566563,12.976850342354073,11.702127659574458,22.611464968152852,33.31959417504019,32.12034955338806,30.851570000596393,27.054193303973207,300015.SZ
2014-01-21,35.25,-0.3988359626282739,1,0.017316017316017396,0.0137507314218841,-0.012138728323699444,-0.006888633754305484,-0.7321881160236465,12.440191387559807,11.904761904761907,23.858046380885444,33.6705770523056,32.418411500684435,31.0240574515534,27.13574361935656,300015.SZ
2014-01-22,35.94,0.4644585987261145,2,0.01957446808510621,0.017316017316017396,0.0137507314218841,-0.012138728323699444,3.157290470723284,14.022842639593902,15.155398910605555,22.913816689466483,34.08319940643185,32.75380088157163,31.2168395122768,27.22334816045749,300015.SZ
2014-01-23,35.25,0.17188587334725125,3,-0.01919866444073448,0.01957446808510621,0.017316017316017396,0.0137507314218841,1.8786127167629951,12.440191387559807,13.636363636363647,17.539179726575526,34.29534496889879,32.99153413094576,31.3750026686581,27.303215342940504,300015.SZ
2014-01-24,35.35,0.034887173396674465,4,0.0028368794326241176,-0.01919866444073448,0.01957446808510621,0.017316017316017396,3.423054417788185,17.052980132450337,14.512471655328806,21.02019856213626,34.48710042909901,33.21614992799854,31.53088491694602,27.383282851965973,300015.SZ
2014-01-27,35.74,-0.24802754267680382,0,0.011032531824610947,0.0028368794326241176,-0.01919866444073448,0.01957446808510621,3.145743145743163,10.650154798761635,16.530811868275187,15.215989684074804,34.714900351081006,33.45651660152249,31.695948253536375,27.46643426637427,300015.SZ
2014-01-28,34.01,0.9013735215566578,1,-0.04840514829322895,0.011032531824610947,0.0028368794326241176,-0.01919866444073448,-3.517730496453908,-4.224162207828785,8.484848484848474,7.968253968253958,34.58673665088446,33.509229306139396,31.786695380848673,27.53154437317652,300015.SZ
2014-01-29,34.33,-0.3983144376442259,2,0.009408997353719473,-0.04840514829322895,0.011032531824610947,0.0028368794326241176,-4.47968836950473,-1.4638346727899099,8.914974619289339,9.996795898750399,34.54005725981455,33.58739794364993,31.886432816893826,27.59919069782153,300015.SZ
2014-01-30,32.7,1.0375187593796897,3,-0.04748033789688311,0.009408997353719473,-0.04840514829322895,0.011032531824610947,-7.234042553191477,-5.491329479768781,4.306220095693791,5.415860735009681,34.20550139439373,33.50288385377851,31.918337412309754,27.649945019236245,300015.SZ
2014-02-07,33.4,-0.528930354366151,4,0.021406727828745975,-0.04748033789688311,0.009408997353719473,-0.04840514829322895,-5.5162659123055295,-2.2820362785254567,10.596026490066212,8.195659216067375,34.05904659541305,33.493085391513894,31.97644182751329,27.707159496656782,300015.SZ
2014-02-10,35.99,0.665045170257123,0,0.07754491017964082,0.021406727828745975,-0.04748033789688311,0.009408997353719473,0.6994963626189232,3.867243867243886,11.424148606811158,17.34594065862407,34.410129032610676,33.73088678279829,32.133836265650025,27.789575820073132,300015.SZ
2014-02-11,36.1,-0.14378130217028384,1,0.003056404556821324,0.07754491017964082,0.021406727828745975,-0.04748033789688311,6.145251396648055,2.411347517730511,1.6615038017459893,15.15151515151516,34.717378299408736,33.95651661300798,32.28937209836963,27.8722666079331,300015.SZ
2014-02-12,37.55,0.11905922495734833,2,0.040166204986149534,0.003056404556821324,0.07754491017964082,0.021406727828745975,9.379551412758524,4.47968836950472,7.778415614236489,19.130710659898465,35.23240042678896,34.298753126054834,32.4956712317669,27.968562462580532,300015.SZ
2014-02-13,36.87,-0.281280627245998,3,-0.018109187749667077,0.040166204986149534,0.003056404556821324,0.07754491017964082,12.752293577981643,4.595744680851066,6.560693641618487,17.60765550239234,35.53014580373642,34.54363378071628,32.667213536403494,28.0571339803658,300015.SZ
2014-02-14,36.88,-0.05303030303030298,4,0.0002712232167074724,-0.018109187749667077,0.040166204986149534,0.003056404556821324,10.419161676646716,4.328147100424329,7.8993563487419705,22.119205298013256,35.7755738394207,34.766144849219486,32.832420848701396,28.144923692003957,300015.SZ
2014-02-17,37.38,-0.04720000000000002,0,0.013557483731019504,0.0002712232167074724,-0.018109187749667077,0.040166204986149534,3.8621839399833213,4.5886961387800795,7.878787878787885,15.727554179566571,36.06728768679875,35.01508343500811,33.01075728600723,28.236814998551182,300015.SZ
2014-02-18,38.3,0.6329135180520571,1,0.024612092027822108,0.013557483731019504,0.0002712232167074724,-0.018109187749667077,6.094182825484751,12.613937077330206,8.652482269503547,7.856941706561527,36.473235380108065,35.327932631674,33.218178568908904,28.336946192595452,300015.SZ
2014-02-19,37.14,-0.44066227889757303,2,-0.030287206266318423,0.024612092027822108,0.013557483731019504,0.0002712232167074724,-1.091877496671101,8.185260704922825,3.338898163606019,6.601607347876004,36.594465310997506,35.500510476276474,33.371975487775224,28.424538767793507,300015.SZ
2014-02-20,35.9,0.6979224122081265,3,-0.03338718362950999,-0.030287206266318423,0.024612092027822108,0.013557483731019504,-2.6308652020612944,9.78593272171253,1.8439716312056653,3.7572254335260125,36.46819889081614,35.53855709758348,33.4711137039409,28.498921466621432,300015.SZ
2014-02-21,35.8,-0.4650785056848944,4,-0.002785515320334331,-0.03338718362950999,-0.030287206266318423,0.024612092027822108,-2.9284164859002315,7.18562874251496,1.2729844413012614,4.739613809245169,36.34670818339502,35.56345642162315,33.562442578296164,28.57156901421724,300015.SZ
2014-02-24,38.36,1.801821862348178,0,0.0715083798882683,-0.002785515320334331,-0.03338718362950999,-0.030287206266318423,2.6217228464419318,6.585162545151424,7.330721880246216,10.70707070707071,36.712761240959566,35.829793905278095,33.75058208502965,28.66896633745886,300015.SZ
2014-02-25,37.0,0.6047250921176217,1,-0.035453597497393075,0.0715083798882683,-0.002785515320334331,-0.03338718362950999,-3.394255874673624,2.4930747922437657,8.791531902381667,4.964539007092195,36.76498646987601,35.94124210477542,33.8780102385579,28.751862194797578,300015.SZ
2014-02-26,40.7,-0.19629913106118602,2,0.10000000000000009,-0.035453597497393075,0.0715083798882683,-0.002785515320334331,9.585352719439966,8.388814913448762,18.55519953393534,13.244296048970527,37.48044347535309,36.39445714241585,34.14553924881053,28.870749138132926,300015.SZ
2014-02-27,39.38,-0.22727018094224416,3,-0.032432432432432434,0.10000000000000009,-0.035453597497393075,0.0715083798882683,9.693593314763248,6.807702739354493,20.42813455657493,11.7163120567376,37.82581738892526,36.67879455742387,34.350812219445416,28.97531879845001,300015.SZ
2014-02-28,40.26,-0.3718283311584747,4,0.022346368715083775,-0.032432432432432434,0.10000000000000009,-0.035453597497393075,12.458100558659213,9.164859002169191,20.53892215568862,13.889674681753883,38.2683960454843,37.01986174243112,34.58254507358481,29.087604183540062,300015.SZ
2014-03-03,41.21,0.19088286208886318,0,0.023596621957277852,0.022346368715083775,-0.032432432432432434,0.10000000000000009,7.429614181438993,10.246120920278212,14.504028896915798,15.304980414101843,38.803233128123516,37.41892252886625,34.84244526677757,29.208225037435188,300015.SZ
2014-03-04,40.51,0.014730109506735145,1,-0.016986168405726865,0.023596621957277852,0.022346368715083775,-0.032432432432432434,9.48648648648649,5.7702349869451774,12.216066481994448,19.11202587474272,39.1135543775556,37.71331085945042,35.06470231513923,29.320680509699514,300015.SZ
2014-03-05,39.74,-0.13303409416483614,2,-0.019007652431498268,-0.016986168405726865,0.023596621957277852,0.022346368715083775,-2.358722358722365,7.000538502961762,5.832223701731043,15.758811535100502,39.2274535816364,37.90632887283609,35.24804732238867,29.424355330498525,300015.SZ
2014-03-06,39.08,-0.31890284203569075,3,-0.016607951685958855,-0.019007652431498268,-0.016986168405726865,0.023596621957277852,-0.7618080243778635,8.857938718662961,5.994033089232431,19.51070336391436,39.20064383952068,38.01810707542313,35.398319976412644,29.520431396861724,300015.SZ
2014-03-07,42.08,1.5505418081837297,4,0.07676560900716489,-0.016607951685958855,-0.019007652431498268,-0.016986168405726865,4.520615996025823,17.541899441340792,14.099783080260298,25.98802395209581,39.724163141426004,38.40495402062093,35.660346644004306,29.64540222873375,300015.SZ
2014-03-10,40.3,-0.42098922003804684,0,-0.04230038022813687,0.07676560900716489,-0.016607951685958855,-0.019007652431498268,-2.208201892744488,5.057351407716371,7.811663991439266,11.975548763545408,39.82886075207582,38.5854345900856,35.84229383443551,29.751418126955308,300015.SZ
2014-03-11,38.49,0.08618990252984338,1,-0.04491315136476415,-0.04230038022813687,0.07676560900716489,-0.016607951685958855,-4.986423105406068,4.027027027027041,0.4960835509138617,6.620498614958459,39.58543152442567,38.57634558150602,35.94612544877137,29.838369190368688,300015.SZ
2014-03-12,37.61,-0.27142569066344024,2,-0.022863081319823397,-0.04491315136476415,-0.04230038022813687,0.07676560900716489,-5.3598389531957835,-7.592137592137604,1.2654819601507716,0.1597869507323546,39.22626215634827,38.48431266898163,36.011375431172496,29.915698850166017,300015.SZ
2014-03-13,37.92,-0.19222252975366738,3,0.008242488699814032,-0.022863081319823397,-0.04491315136476415,-0.04230038022813687,-2.9682702149436913,-3.7074657186389026,5.626740947075226,2.8478437754271946,38.98875994610313,38.430568605269094,36.086223453479455,29.995343637726553,300015.SZ
2014-03-14,37.82,-0.25766660955970533,4,-0.0026371308016878148,0.008242488699814032,-0.022863081319823397,-0.04491315136476415,-10.12357414448669,-6.060606060606055,5.642458100558678,2.5488069414316694,38.77625813772074,38.372419214291085,36.15421469059791,30.073200914963106,300015.SZ
2014-03-17,40.58,1.4989614585737367,0,0.07297726070861965,-0.0026371308016878148,0.008242488699814032,-0.022863081319823397,0.6947890818858493,-1.5287551565154156,5.787278415015629,8.560727661851253,39.10421120358969,38.58266500340622,36.327774898809764,30.17774617949084,300015.SZ
2014-03-18,40.7,0.27521241226449944,1,0.0029571217348449697,0.07297726070861965,-0.0026371308016878148,0.008242488699814032,5.741751104182913,0.4690199950629692,10.000000000000009,6.266318537859017,39.394354621118836,38.784315955462766,36.499234706699575,30.28244522248098,300015.SZ
2014-03-19,41.0,-0.5997972190034764,2,0.0073710073710073765,0.0029571217348449697,0.07297726070861965,-0.0026371308016878148,9.013560223344852,3.1706089582284713,0.7371007371007376,10.393107162089388,39.68629014455177,38.99533348351393,36.67573530643685,30.3890875585757,300015.SZ
2014-03-20,39.6,0.273072747014115,3,-0.03414634146341455,0.0073710073710073765,0.0029571217348449697,0.07297726070861965,4.430379746835444,1.3306038894575378,0.5586592178770999,10.30640668523677,39.67060102736054,39.05292077079832,36.79041235324325,30.480738428639622,300015.SZ
2014-03-21,38.8,1.0348258706467663,4,-0.020202020202020332,-0.03414634146341455,0.0073710073710073765,0.0029571217348449697,2.5912215758857604,-7.794676806083656,-3.626428216592148,8.379888268156432,39.5123099314768,39.02883307834134,36.86921971193959,30.56351715074271,300015.SZ
2014-03-24,37.55,-0.28026545581557805,0,-0.03221649484536082,-0.020202020202020332,-0.03414634146341455,0.0073710073710073765,-7.466732380482998,-6.823821339950376,-8.881339480708572,-2.1115745568300426,39.155526307571925,38.887991832785026,36.89591697813804,30.63303439302388,300015.SZ
2014-03-25,36.78,-0.03416480636707753,1,-0.020505992010652396,-0.03221649484536082,-0.020202020202020332,-0.03414634146341455,-9.631449631449641,-4.442712392829307,-9.207603060972591,-0.5945945945945885,38.723612433467935,38.687230705853125,36.89137121428949,30.694198229909215,300015.SZ
2014-03-26,38.47,0.41191840016078785,2,0.0459488852637302,-0.020505992010652396,-0.03221649484536082,-0.020202020202020332,-6.170731707317079,2.2866258973677223,-3.1957725213890398,-5.479115479115492,38.677501081928305,38.666542067200446,36.953278225493825,30.771569391800664,300015.SZ
2014-03-27,37.0,-0.4321708185053381,3,-0.03821159344944114,0.0459488852637302,-0.020505992010652396,-0.03221649484536082,-6.565656565656564,-2.426160337552752,-5.322415557830085,-6.043676993397673,38.372500885214066,38.507823775086116,36.95511045194505,30.833543825713097,300015.SZ
2014-03-28,34.91,0.21170719478566058,4,-0.056486486486486576,-0.03821159344944114,0.0459488852637302,-0.020505992010652396,-10.025773195876287,-7.694341618191447,-17.03897338403042,-13.288623944361655,37.742955269720596,38.16517389174459,36.874910042064855,30.874105578691076,300015.SZ
2014-03-31,35.3,0.02875762904727419,0,0.01117158407333152,-0.056486486486486576,-0.03821159344944114,0.0459488852637302,-5.992010652463387,-13.01133563331691,-12.406947890818865,-14.341179325406461,37.29878158431685,37.89230018776891,36.81314886394466,30.91814432915186,300015.SZ
2014-04-01,35.1,-0.05389643036701863,1,-0.005665722379603277,0.01117158407333152,-0.056486486486486576,-0.03821159344944114,-4.567699836867867,-13.759213759213761,-8.8074824629774,-13.354727227844965,36.89900311444106,37.626366836552826,36.74596655555467,30.959754833339403,300015.SZ
2014-04-02,32.72,0.27218620469763,2,-0.06780626780626786,-0.005665722379603277,0.01117158407333152,-0.056486486486486576,-14.946711723420847,-20.19512195121952,-13.001861207125764,-17.664821338701564,36.139184366360865,37.15909380450017,36.58808551416037,30.97726971061961,300015.SZ
2014-04-03,33.3,-0.22715121136173766,3,0.017726161369193028,-0.06780626780626786,-0.005665722379603277,0.01117158407333152,-10.000000000000009,-15.909090909090917,-12.183544303797477,-14.790174002047085,35.62296902702252,36.791561061214445,36.4591409841933,31.00038145479255,300015.SZ
2014-04-04,34.93,-0.026159334126040434,4,0.04894894894894897,0.017726161369193028,-0.06780626780626786,-0.005665722379603277,0.05729017473503628,-9.97422680412371,-7.641459545214168,-16.991444866920148,35.496974658472965,36.614269531574976,36.39917467108768,31.039482136834415,300015.SZ
2014-04-08,35.8,-0.12276612276612275,1,0.024906956770684108,0.04894894894894897,0.017726161369193028,-0.06780626780626786,1.4164305949008416,-4.660452729693743,-11.779201577131593,-11.166253101736977,35.552070175114245,36.53672005237736,36.37567762516267,31.08685047378134,300015.SZ
2014-04-09,37.92,0.7289636846767049,2,0.05921787709497228,0.024906956770684108,0.04894894894894897,0.017726161369193028,8.034188034188027,3.0995106035889064,-6.830466830466831,-1.480904130943106,35.98260287054802,36.66846099976999,36.436239286921,31.154842011355655,300015.SZ
2014-04-10,37.95,-0.3536299765807962,3,0.0007911392405064444,0.05921787709497228,0.024906956770684108,0.04894894894894897,15.984107579462115,-1.3517026254224018,-7.4390243902438975,0.9040148896570122,36.340311439539285,36.79051233312523,36.49560245213979,31.222455523680477,300015.SZ
2014-04-11,37.09,0.15658967391304368,4,-0.022661396574439996,0.0007911392405064444,0.05921787709497228,0.024906956770684108,11.381381381381406,0.24324324324325186,-6.338383838383832,-2.1888185654008407,36.47661845053214,36.81903496806569,36.51891215989902,31.280839050808034,300015.SZ
2014-04-14,36.93,-0.5417523250122369,0,-0.004313831221353537,-0.022661396574439996,0.0007911392405064444,0.05921787709497228,5.725737188663049,5.786307648238331,-4.819587628865973,-2.3532522474881024,36.5590514595263,36.82960306634514,36.535033251667684,31.337049607516413,300015.SZ
2014-04-15,38.39,1.5073702200384531,1,0.03953425399404287,-0.004313831221353537,-0.022661396574439996,0.0007911392405064444,7.234636871508382,8.75354107648727,2.237017310253009,-5.396747166091664,36.89195119415788,36.9782122981218,36.607777045719935,31.407228218386898,300015.SZ
2014-04-16,37.31,-0.4478998040385107,2,-0.02813232612659544,0.03953425399404287,-0.004313831221353537,-0.022661396574439996,-1.608649789029537,6.296296296296289,1.441000543773785,-8.329238329238331,36.96796006794736,37.0098111268721,36.63531520078974,31.46596226596514,300015.SZ
2014-04-17,37.05,-0.3799382716049382,3,-0.006968641114982743,-0.02813232612659544,0.03953425399404287,-0.004313831221353537,-2.371541501976304,13.233496332518335,-3.6911879386535063,-9.634146341463424,36.982876419229655,37.013638638598565,36.65157734977838,31.5215248304829,300015.SZ
2014-04-18,37.9,0.06520657043305111,4,0.02294197031039147,-0.006968641114982743,-0.02813232612659544,0.03953425399404287,2.1838770558101794,13.813813813813812,2.43243243243243,-4.292929292929304,37.149626161187896,37.09805400635108,36.70053510076746,31.584992245104964,300015.SZ
2014-04-21,37.35,-0.147429906542056,0,-0.01451187335092341,0.02294197031039147,-0.006968641114982743,-0.02813232612659544,1.1372867587327473,6.928141998282289,6.989401317674027,-3.7371134020618424,37.18605776824464,37.12204886288907,36.72600431250207,31.642355506347702,300015.SZ
2014-04-22,35.45,1.4187448616059193,1,-0.05087014725568939,-0.01451187335092341,0.02294197031039147,-0.006968641114982743,-7.658244334462094,-0.9776536312849027,0.4249291784702791,-5.592543275632478,36.870410901291066,36.96280611404249,36.67596492769807,31.68024251623479,300015.SZ
2014-04-23,35.7,-0.5888284613641515,2,0.007052186177715081,-0.05087014725568939,-0.01451187335092341,0.02294197031039147,-4.315196998123827,-5.854430379746834,1.7094017094017033,-2.9363784665579096,36.65760891923814,36.84253886508606,36.637691793278535,31.720240103137932,300015.SZ
2014-04-24,34.69,0.6844860843207496,3,-0.028291316526610766,0.007052186177715081,-0.05087014725568939,-0.01451187335092341,-6.369770580296896,-8.590250329380778,6.020782396088009,-9.825838315570579,36.299861843013026,36.6375351636493,36.56131172295389,31.749789952857952,300015.SZ
2014-04-25,34.05,-0.23507279568133488,4,-0.01844912078408767,-0.028291316526610766,0.007052186177715081,-0.05087014725568939,-10.158311345646442,-8.196279320571598,2.2522522522522515,-7.972972972972981,35.89079605337429,36.39110324330174,36.46282891028903,31.77267761501857,300015.SZ
2014-04-28,33.8,0.5528229255774166,0,-0.007342143906020504,-0.01844912078408767,-0.028291316526610766,0.007052186177715081,-9.504685408299874,-8.475494178174936,-3.2350415115946274,-3.179604697794325,35.510651316397144,36.144331505844434,36.35840424714045,31.792849977058186,300015.SZ
2014-04-29,33.38,-0.04902905935821511,1,-0.012426035502958399,-0.007342143906020504,-0.01844912078408767,-0.028291316526610766,-5.8392101551481,-13.050273508726228,-6.759776536312834,-5.439093484419244,35.1232601679613,35.88106183862115,36.24160408058592,31.8086425145999,300015.SZ
2014-04-30,34.55,-0.2396813902968863,2,0.03505092869982018,-0.012426035502958399,-0.007342143906020504,-0.01844912078408767,-3.2212885154061732,-7.3974805682122895,-8.887130801687771,-1.5669515669515799,35.01903104651379,35.754294044466754,36.175266665660985,31.835919703509354,300015.SZ
2014-05-05,35.1,0.008952380952380823,0,0.01591895803183796,0.03505092869982018,-0.012426035502958399,-0.007342143906020504,1.1818968002306196,-5.263157894736836,-7.509881422924902,7.273838630806861,35.03375267442037,35.69198032594611,36.133099345438985,31.86839811441971,300015.SZ
2014-05-06,35.72,0.15725882575042482,1,0.017663817663817527,0.01591895803183796,0.03505092869982018,-0.012426035502958399,4.90455212922174,-5.751978891820575,-3.6937179832839173,7.2672672672672745,35.158524915434846,35.694648866332194,36.11689937110804,31.906722511291154,300015.SZ
2014-05-07,34.61,-0.2897226753670473,2,-0.031075027995520754,0.017663817663817527,0.01591895803183796,0.03505092869982018,2.396449704142012,-7.336010709504692,-6.282155429190361,-0.9161179501860905,35.05879311262851,35.59134897430056,36.05780527812342,31.933620794760895,300015.SZ
2014-05-08,33.5,0.4864492420762516,3,-0.03207165559086966,-0.031075027995520754,0.017663817663817527,0.01591895803183796,0.3594967046135267,-5.5007052186177745,-12.73769210731962,-6.424581005586583,34.775376183059684,35.39217288151003,35.95749918878524,31.94920665749959,300015.SZ
2014-05-09,31.75,0.6155747836835601,4,-0.052238805970149294,-0.03207165559086966,-0.031075027995520754,0.017663817663817527,-8.104196816208386,-11.064425770308128,-14.902170999731979,-16.27109704641351,34.22530778613974,35.04529927374717,35.792499220597584,31.947224501703577,300015.SZ
2014-05-12,32.2,-0.4853672532517215,0,0.014173228346456845,-0.052238805970149294,-0.03207165559086966,-0.031075027995520754,-8.262108262108258,-7.177861055059076,-13.090418353576238,-15.151515151515149,33.8570700068416,34.77431839053315,35.651616898221214,31.949739680791104,300015.SZ
2014-05-13,32.4,0.47147370377253295,1,0.006211180124223503,0.014173228346456845,-0.052238805970149294,-0.03207165559086966,-9.294512877939532,-4.8458149779735615,-14.511873350923487,-12.644917767592357,33.59214818741586,34.548192829529995,35.52410251005568,31.95421988297229,300015.SZ
2014-05-14,32.78,-0.45364991159383694,2,0.011728395061728403,0.006211180124223503,0.014173228346456845,-0.052238805970149294,-5.287489164981219,-3.017751479289932,-12.235609103078982,-11.237476306525851,33.444484880612976,34.3797935124319,35.416490646916245,31.962436600554657,300015.SZ
2014-05-15,20.9,0.3441978733240869,3,-0.36241610738255037,0.011728395061728403,0.006211180124223503,0.014173228346456845,-37.61194029850746,-37.38765727980827,-41.04372355430185,-45.55873925501434,31.16366944777425,33.096003654105054,34.84721650389992,31.85236260452924,300015.SZ
2014-05-16,20.62,-0.2607050730868443,4,-0.013397129186602741,-0.36241610738255037,0.011728395061728403,0.006211180124223503,-35.055118110236215,-40.31837916063675,-42.240896358543424,-44.733315465022784,29.246638639088022,31.90781282990457,34.28928644492346,31.740597802494126,300015.SZ
2014-05-19,20.9,0.09327750639683652,0,0.013579049466537318,-0.013397129186602741,-0.36241610738255037,0.011728395061728403,-35.09316770186336,-40.455840455840466,-39.75208993946382,-43.58974358974359,27.729067977435655,30.859449703246995,33.7642163882598,31.63273115769319,300015.SZ
2014-05-20,21.57,0.4514893617021276,1,0.03205741626794256,0.013579049466537318,-0.013397129186602741,-0.36241610738255037,-33.425925925925924,-39.61366181410973,-36.65198237885462,-43.08707124010554,26.609237436083717,29.974740207699664,33.28601182401432,31.53260447950719,300015.SZ
2014-05-21,21.7,-0.5370858985634712,2,0.006026889197960017,0.03205741626794256,0.013579049466537318,-0.013397129186602741,-33.80109823062843,-37.30135798902051,-35.79881656804733,-41.900937081659976,25.716648811341223,29.186669711728268,32.83165841915101,31.43476761901458,300015.SZ
2014-05-22,22.02,1.7868904369854341,3,0.014746543778801913,0.006026889197960017,0.03205741626794256,0.013579049466537318,5.358851674641163,-34.26865671641791,-34.03235470341522,-37.88434414668548,25.044530845642818,28.504129739182716,32.40767181447843,31.34108833922339,300015.SZ
2014-05-23,22.31,-0.387115100556755,4,0.013169845594913632,0.014746543778801913,0.006026889197960017,0.03205741626794256,8.195926285160038,-29.732283464566933,-35.426917510853826,-37.50700280112046,24.547343419162303,27.914212621165312,32.01168468449888,31.251226763708733,300015.SZ
2014-05-26,23.28,0.903411197626993,0,0.04347826086956541,0.013169845594913632,0.014746543778801913,0.006026889197960017,11.387559808612458,-27.701863354037272,-33.675213675213676,-32.891323147881224,24.316917342950976,27.472859038197186,31.669265677263635,31.171911074517602,300015.SZ
2014-05-27,23.28,-0.48358819518846785,1,0.0,0.04347826086956541,0.013169845594913632,0.014746543778801913,7.927677329624472,-28.148148148148145,-34.826427771556546,-31.62995594713656,24.12838691695989,27.073539129797453,31.34027486639055,31.093384596164196,300015.SZ
2014-05-28,24.76,1.3477932855526218,2,0.06357388316151202,0.0,0.04347826086956541,0.013169845594913632,14.101382488479274,-24.466137888956673,-28.45998266396994,-26.745562130177504,24.243225659330818,26.853202069816742,31.08222487163014,31.03036584396356,300015.SZ
2014-05-29,24.74,-0.0575996143958869,3,-0.0008077544426495775,0.06357388316151202,0.0,0.04347826086956541,12.352406902815627,18.373205741626798,-26.149253731343293,-25.883762732174965,24.333548266725217,26.651944729834195,30.8335101707819,30.9677751390485,300015.SZ
2014-05-30,24.24,-0.3287869746824653,4,-0.0202101859337106,-0.0008077544426495775,0.06357388316151202,0.0,8.650829224562973,17.555771096023264,-23.653543307086622,-29.840810419681617,24.31653949095699,26.422235707945227,30.574941144476725,30.90083210283906,300015.SZ
2014-06-03,24.16,-0.5463550927101855,1,-0.0033003300330032292,-0.0202101859337106,-0.0008077544426495775,0.06357388316151202,3.7800687285223233,15.598086124401922,-24.968944099378888,-31.168091168091173,24.288077765328445,26.20678468814092,30.323374825085484,30.833759146591905,300015.SZ
2014-06-04,23.9,0.16405375139977596,2,-0.010761589403973537,-0.0033003300330032292,-0.0202101859337106,-0.0008077544426495775,2.6632302405498187,10.802039870190061,-26.234567901234573,-33.090705487122065,24.217518171632364,25.987090908317974,30.071477773121348,30.76476651826761,300015.SZ
2014-06-05,24.46,0.05122655122655129,3,0.023430962343096384,-0.010761589403973537,-0.0033003300330032292,-0.0202101859337106,-1.2116316639741553,12.718894009216598,-25.381330079316655,-29.326784166425888,24.261605776790113,25.84165367895436,29.851419821234238,30.702032523060968,300015.SZ
2014-06-06,24.16,-0.22512010981468777,4,-0.0122649223221587,0.023430962343096384,-0.010761589403973537,-0.0033003300330032292,-2.3443815683104163,9.71843778383288,15.598086124401922,-27.880597014925367,24.24313199919191,25.68149618572061,29.62822688706819,30.63693767208524,300015.SZ
2014-06-09,23.5,0.42072630646589904,0,-0.027317880794701987,-0.0122649223221587,0.023430962343096384,-0.010761589403973537,-3.052805280528048,5.333930972657996,13.967022308438404,-25.984251968503933,24.108017090247927,25.47373464422341,29.38790426404591,30.565923366890363,300015.SZ
2014-06-10,23.98,-0.17019950124688277,1,0.020425531914893602,-0.027317880794701987,-0.0122649223221587,0.023430962343096384,-0.7450331125827825,3.0068728522336663,14.73684210526316,-25.52795031055901,24.08474125565739,25.331474201916418,29.175829587024506,30.50039179110041,300015.SZ
2014-06-11,24.3,0.5196594039569247,2,0.01334445371142623,0.020425531914893602,-0.027317880794701987,-0.0122649223221587,1.673640167364021,4.381443298969079,12.65646731571628,-25.0,24.123879209174227,25.23323856363866,28.984620583611783,30.43869635039294,300015.SZ
2014-06-12,24.15,-0.5774555042847725,3,-0.006172839506172978,0.01334445371142623,0.020425531914893602,-0.027317880794701987,-1.2673753066230642,-2.463651050080784,11.290322580645151,-26.327028676021968,24.12862844386982,25.130072986149266,28.795027619548573,30.376122257354208,300015.SZ
2014-06-13,24.75,1.5046801872074882,4,0.024844720496894457,-0.006172839506172978,0.01334445371142623,0.020425531914893602,2.4420529801324475,0.04042037186742231,12.397820163487738,18.42105263157896,24.241605090438945,25.093875558896954,28.63639908544863,30.320140941360634,300015.SZ
2014-06-16,24.1,0.5146371846776705,0,-0.02626262626262621,0.024844720496894457,-0.006172839506172978,0.01334445371142623,2.553191489361706,-0.5775577557755707,8.02330793366204,16.876818622696412,24.215858710359136,24.99922074376391,28.458501082097705,30.258248991695357,300015.SZ
2014-06-17,23.88,-0.6021383777115246,1,-0.00912863070539427,-0.02626262626262621,0.024844720496894457,-0.006172839506172978,-0.417014178482078,-1.1589403973509937,2.577319587628857,14.258373205741638,24.154793490293834,24.89262829197687,28.27895202005466,30.194783827598886,300015.SZ
2014-06-18,23.81,-0.39844961240310084,2,-0.002931323283082099,-0.00912863070539427,-0.02626262626262621,0.024844720496894457,-2.016460905349804,-0.3765690376569042,2.27663230240549,10.38479369494667,24.09210376478586,24.78952083559812,28.10369899966036,30.131253640259597,300015.SZ
2014-06-19,22.5,1.603522336769759,3,-0.055018899622007456,-0.002931323283082099,-0.00912863070539427,-0.02626262626262621,-6.832298136645953,-8.013082583810306,-9.127625201938617,3.686635944700467,23.80263035300661,24.57147123220782,27.883946097712897,30.055320768217214,300015.SZ
2014-06-20,23.08,-0.5606335588186768,4,0.025777777777777677,-0.055018899622007456,-0.002931323283082099,-0.00912863070539427,-6.747474747474758,-4.470198675496695,-6.709781729991915,4.813805631244317,23.671243016096316,24.429426352949932,27.695556054665335,29.985914591419036,300015.SZ
2014-06-23,23.49,0.1738640630867443,0,0.017764298093587483,0.025777777777777677,-0.055018899622007456,-0.002931323283082099,-2.5311203319502207,-0.042553191489369535,-3.094059405940597,5.289108023307931,23.63828974044244,24.33995717647851,27.530632287815717,29.921278625335265,300015.SZ
2014-06-24,23.5,0.04446577095329496,1,0.00042571306939120923,0.017764298093587483,0.025777777777777677,-0.055018899622007456,-1.5912897822445538,-2.0016680567139344,-2.7317880794701987,0.9450171821305808,23.613146151271085,24.25996125490913,27.372568276528828,29.85738530568019,300015.SZ
2014-06-25,23.25,-0.24716692189892808,2,-0.010638297872340385,0.00042571306939120923,0.017764298093587483,0.025777777777777677,-2.351952960940773,-4.320987654320996,-2.7196652719665204,-0.12886597938144284,23.547119578312703,24.163774468727308,27.210898932351228,29.791640178260486,300015.SZ
2014-06-26,23.9,1.0935720097640358,3,0.027956989247311714,-0.010638297872340385,0.00042571306939120923,0.017764298093587483,6.222222222222218,-1.0351966873705987,-2.289452166802952,-3.473344103392584,23.61127965498312,24.138653090753277,27.081059758533534,29.733016892904665,300015.SZ
2014-06-27,24.26,0.1476875242907112,4,0.015062761506276168,0.027956989247311714,-0.010638297872340385,0.00042571306939120923,5.112651646447164,-1.9797979797979703,0.41390728476822236,-1.9401778496362043,23.72922880862255,24.150209939252964,26.97042996408124,29.678559013373278,300015.SZ
2014-06-30,24.34,-0.05841517101252969,0,0.0032976092333056872,0.015062761506276168,0.027956989247311714,-0.010638297872340385,3.618561089825456,0.9958506224066355,3.574468085106375,0.4125412541254203,23.840278116145722,24.168285183133634,26.86727584784276,29.62543902319046,300015.SZ
2014-07-01,24.99,1.3553317748606366,1,0.026705012325390243,0.0032976092333056872,0.015062761506276168,0.027956989247311714,6.340425531914895,4.648241206030157,4.211843202668875,3.43543046357615,24.04931845866468,24.246543737120906,26.793657187143044,29.579315251815434,300015.SZ
2014-07-02,24.84,-0.32127042296533814,2,-0.006002400960384069,0.026705012325390243,0.0032976092333056872,0.015062761506276168,6.838709677419352,4.32591348173037,2.2222222222222143,3.9330543933054463,24.193078738907463,24.30306338120463,26.7170431798041,29.532157886125727,300015.SZ
2014-07-03,24.63,-0.16490438695163112,3,-0.008454106280193274,-0.006002400960384069,0.026705012325390243,0.0032976092333056872,3.054393305439329,9.466666666666669,1.9875776397515477,0.6950122649223234,24.272518968197012,24.334200202042286,26.635198349223547,29.483380195716517,300015.SZ
2014-07-04,24.3,0.27559267241379315,4,-0.013398294762484664,-0.008454106280193274,-0.006002400960384069,0.026705012325390243,0.16488046166529546,5.285961871750433,-1.8181818181818188,0.5794701986755024,24.277515519433916,24.33094303994302,26.543621943371644,29.43180427337108,300015.SZ
2014-07-07,23.65,-0.06420274551214356,0,-0.026748971193415683,-0.013398294762484664,-0.008454106280193274,-0.006002400960384069,-2.8348397699260564,0.6811409110259792,-1.8672199170124637,0.6382978723404209,24.163421788627748,24.26609132185321,26.430146573043345,29.374273882591268,300015.SZ
2014-07-08,23.98,-0.42134958248702326,1,0.013953488372093092,-0.026748971193415683,-0.013398294762484664,-0.008454106280193274,-4.041616646658652,2.04255319148936,0.41876046901172526,0.0,24.13007237251361,24.23884452929576,26.334062393708315,29.32059951560031,300015.SZ
2014-07-09,23.58,-0.024180967238689566,2,-0.016680567139282787,0.013953488372093092,-0.026748971193415683,-0.013398294762484664,-5.072463768115954,1.4193548387096744,-0.9659806803863913,-2.9629629629629783,24.03005921387477,24.176097431267593,26.226059946896225,29.26347912241026,300015.SZ
2014-07-10,24.14,0.3750999200639489,3,0.02374893977947412,-0.016680567139282787,0.013953488372093092,-0.026748971193415683,-1.9894437677628884,1.004184100418426,7.2888888888889,-0.04140786749481373,24.05004844771572,24.17265958067068,26.14425367446892,29.212499230644987,300015.SZ
2014-07-11,23.85,-0.5416363900595844,4,-0.012013256006627948,0.02374893977947412,-0.016680567139282787,0.013953488372093092,-1.851851851851849,-1.6900247320692507,3.3362218370883934,-3.6363636363636265,24.013676002676497,24.14193009679728,26.054282942136805,29.15914102934504,300015.SZ
2014-07-14,25.1,3.4873176918199116,0,0.052410901467505155,-0.012013256006627948,0.02374893977947412,-0.016680567139282787,6.131078224101483,3.122432210353332,6.853980417198824,4.149377593361003,24.211189456735312,24.233174849483255,26.01686008166085,29.118751566366484,300015.SZ
2014-07-15,25.05,-0.4620221861089522,1,-0.0019920318725099584,0.052410901467505155,-0.012013256006627948,0.02374893977947412,4.46205170975813,0.24009603841537164,6.595744680851068,4.899497487437188,24.363700464601617,24.31096772096104,25.97894400002709,29.078266476153885,300015.SZ
2014-07-16,24.4,-0.05883898082479644,2,-0.0259481037924153,-0.0019920318725099584,0.052410901467505155,-0.012013256006627948,3.4775233248515613,-1.7713365539452575,4.946236559139772,2.4779504409911723,24.370300380128594,24.31944698563142,25.91702462747701,29.031716560968277,300015.SZ
2014-07-17,24.12,-0.3607312308121685,3,-0.011475409836065431,-0.0259481037924153,-0.0019920318725099584,0.052410901467505155,-0.08285004142501995,-2.0706455542021884,0.9205020920502127,7.200000000000006,24.32479122010521,24.300452034618907,25.846553073458303,28.982843759366602,300015.SZ
2014-07-18,24.06,0.10783671687404484,4,-0.0024875621890547706,-0.011475409836065431,-0.0259481037924153,-0.0019920318725099584,0.8805031446540657,-0.9876543209876631,-0.8244023083264773,4.2461005199306845,24.276647361904264,24.27755184084568,25.7764921686168,28.933860239372905,300015.SZ
2014-07-21,24.23,0.23211822660098513,0,0.007065669160432275,-0.0024875621890547706,-0.011475409836065431,-0.0259481037924153,-3.46613545816733,2.452431289640611,-0.4519309778142966,3.1502767134951037,24.268166023376214,24.273023094098473,25.715845416906337,28.88705565987666,300015.SZ
2014-07-22,24.34,-0.18551095474172397,1,0.004539826661163815,0.007065669160432275,-0.0024875621890547706,-0.011475409836065431,-2.8343313373253576,1.5012510425354453,-2.6010404161664558,3.574468085106375,24.28122674639872,24.279401847041477,25.661890694674714,28.841811324952513,300015.SZ
2014-07-23,23.41,1.1892794031022973,2,-0.03820870994248149,0.004539826661163815,0.007065669160432275,-0.0024875621890547706,-4.057377049180322,-0.720949957591166,-5.7568438003220646,0.6881720430107485,24.122821883417135,24.196601671132765,25.573581255667865,28.78776345107239,300015.SZ
2014-07-24,22.8,0.22618834080717498,3,-0.026057240495514722,-0.03820870994248149,0.004539826661163815,0.007065669160432275,-5.472636815920396,-5.550952775476392,-7.429963459196099,-4.602510460251041,23.882308813704928,24.06359198816774,25.464813363288734,28.728183715240824,300015.SZ
2014-07-25,23.49,-0.44916617905207723,4,0.03026315789473677,-0.026057240495514722,-0.03820870994248149,0.004539826661163815,-2.3690773067331694,-1.5094339622641617,-3.3333333333333437,-3.173948887056899,23.810979938485847,24.008964179770814,25.387369701983296,28.676062484243406,300015.SZ
2014-07-28,23.41,0.06572832293188169,0,-0.003405704555129785,0.03026315789473677,-0.026057240495514722,-0.03820870994248149,-3.3842344201403196,-6.733067729083675,-1.014799154334034,-3.820870994248149,23.738074495124785,23.95191997217359,25.3098257921016,28.623663852559392,300015.SZ
2014-07-29,23.54,-0.2600299028158485,1,0.005553182400683365,-0.003405704555129785,0.03026315789473677,-0.026057240495514722,-3.286770747740353,-6.027944111776451,-1.834862385321101,-5.802320928371341,23.702060950556643,23.912689498633252,25.240420859078007,28.573080132633432,300015.SZ
2014-07-30,23.71,-0.25963966997811083,2,0.007221750212404565,0.005553182400683365,-0.003405704555129785,0.03026315789473677,1.2815036309269612,-2.8278688524590034,0.5513146734520857,-4.549114331723025,23.7035044140918,23.893385736858654,25.180404354800437,28.524691275592303,300015.SZ
2014-07-31,23.79,-0.24516715942688194,3,0.003374103753690294,0.007221750212404565,0.005553182400683365,-0.003405704555129785,4.3421052631578805,-1.3681592039801016,-1.4498757249378658,-3.410475030450666,23.719230884256923,23.88353947620545,25.12587869382787,28.47757991961626,300015.SZ
2014-08-01,24.29,2.194335643266044,4,0.021017234131988305,0.003374103753690294,0.007221750212404565,0.005553182400683365,3.4057045551298515,0.9559434746467144,1.8448637316561767,-0.04115226337448874,23.8230070871193,23.92225000228112,25.093099137207172,28.435912457729533,300015.SZ
2014-08-04,24.41,-0.29041690247123175,0,0.004940304652120364,0.021017234131988305,0.003374103753690294,0.007221750212404565,4.271678769756515,0.7428807263722748,-2.749003984063747,3.213530655391117,23.929733071279426,23.96870238301625,25.066310935748067,28.395853627304366,300015.SZ
2014-08-05,24.65,0.10341619034959448,1,0.009832036050798854,0.004940304652120364,0.021017234131988305,0.003374103753690294,4.715378079864063,1.2736236647493682,-1.5968063872255578,2.7939949958298405,24.060690694683164,24.033587870348036,25.04998501669912,28.358581451908304,300015.SZ
2014-08-06,24.64,-0.15287314781351657,2,-0.00040567951318448703,0.009832036050798854,0.004940304652120364,0.021017234131988305,3.9223956136651195,5.254164886800505,0.9836065573770592,4.495335029686176,24.166019659286224,24.091341406505368,25.033907172907,28.321580641441557,300015.SZ
2014-08-07,24.47,-0.05346985210466426,3,-0.006899350649350766,-0.00040567951318448703,0.009832036050798854,0.004940304652120364,2.858343841950406,7.324561403508767,1.4510779436152532,1.3670256835128347,24.22128881214327,24.127404129695332,25.011793166126335,28.283256455954575,300015.SZ
2014-08-08,24.71,-0.2985276442307693,4,0.00980792807519415,-0.006899350649350766,-0.00040567951318448703,0.009832036050798854,1.729106628242083,5.193699446573019,2.7015793848711667,3.6058700209643524,24.310145391753583,24.182889450676733,24.999958140003734,28.24770166534806,300015.SZ
2014-08-11,25.9,2.324266438209467,0,0.048158640226628746,0.00980792807519415,-0.006899350649350766,-0.00040567951318448703,6.104055714870937,10.636480136693717,6.892282294676022,3.1872509960159334,24.5992098659802,24.34642378870752,25.035253899219274,28.22434144977246,300015.SZ
2014-08-12,25.89,-0.3609303524257458,1,-0.0003861003861003187,0.048158640226628746,0.00980792807519415,-0.006899350649350766,5.03042596348886,9.983007646559061,6.36811832374693,3.3532934131736525,24.833898981256525,24.49343104692585,25.06877335415185,28.20111417166527,300015.SZ
2014-08-13,26.03,-0.262728097590483,2,0.0054074932406333875,-0.0003861003861003187,0.048158640226628746,0.00980792807519415,5.6412337662337775,9.78490088570223,11.191798376762074,6.680327868852465,25.051371893755338,24.639770947218626,25.106468516734132,28.179511045579048,300015.SZ
2014-08-14,26.35,0.6183508819909751,3,0.01229350749135616,0.0054074932406333875,-0.0003861003861003187,0.048158640226628746,7.682876992235399,10.760823875577973,15.57017543859649,9.245439469320061,25.28748609489073,24.802649904626374,25.155234457254366,28.161306955573288,300015.SZ
2014-08-15,26.3,-0.3518377693282636,4,-0.00189753320683117,0.01229350749135616,0.0054074932406333875,-0.0003861003861003187,6.434641845406719,8.275010292301355,11.962537249893579,9.310058187863678,25.471579532183323,24.945254675614336,25.20012722363655,28.142786488353654,300015.SZ
2014-08-18,27.44,0.8470864294094644,0,0.043346007604562864,-0.00189753320683117,0.01229350749135616,0.0054074932406333875,5.945945945945952,12.412945514133567,17.214865442118764,13.248039620305407,25.829474162695444,25.18284946841297,25.287965371729236,28.135793587972024,300015.SZ
2014-08-19,27.08,-0.21038887712612042,1,-0.013119533527696903,0.043346007604562864,-0.00189753320683117,0.01229350749135616,4.596369254538413,9.8580121703854,15.038232795242145,11.25718981101067,26.056842496750818,25.36353047142126,25.35824123950456,28.125288179136483,300015.SZ
2014-08-20,26.79,-0.21129781909188416,2,-0.010709010339734037,-0.013119533527696903,0.043346007604562864,-0.00189753320683117,2.9197080291970767,8.725649350649345,12.990299451708132,14.438274241777016,26.19014386097794,25.49938471223828,25.414388641876933,28.112001729592837,300015.SZ
2014-08-21,26.35,0.14947869446962847,3,-0.01642403882045529,-0.010709010339734037,-0.013119533527696903,0.043346007604562864,0.0,7.682876992235399,10.760823875577973,15.57017543859649,26.219208613527407,25.580395692025114,25.451079283371957,28.0944693740745,300015.SZ
2014-08-22,26.39,-0.10056196391600125,4,0.0015180265654648473,-0.01642403882045529,-0.010709010339734037,-0.013119533527696903,0.3422053231939115,6.798866855524088,8.645533141210372,12.34567901234569,26.250261592886062,25.657500864213198,25.487899703631882,28.0775094798051,300015.SZ
2014-08-25,26.78,0.20081113668749317,0,0.014778325123152802,0.0015180265654648473,-0.01642403882045529,-0.010709010339734037,-2.405247813411082,3.397683397683404,9.709135600163865,14.395557454079455,26.346577666906775,25.76440554381194,25.538570303489458,28.06459893771749,300015.SZ
2014-08-26,26.04,0.04427202190780477,1,-0.027632561613144202,0.014778325123152802,0.0015180265654648473,-0.01642403882045529,-3.840472673559825,0.5793742757821407,5.638945233265713,10.620220900594735,26.290836272923723,25.79065263487747,25.55823421315654,28.044453674655628,300015.SZ
2014-08-27,25.88,-0.4907342657342658,2,-0.006144393241167445,-0.027632561613144202,0.014778325123152802,0.0015180265654648473,-3.396789846957826,-0.5762581636573283,5.032467532467533,9.152256431885263,26.21613876875577,25.79916190774628,25.570852479307263,28.022916822171492,300015.SZ
2014-08-28,25.53,0.22399588053553043,3,-0.013523956723338393,-0.006144393241167445,-0.027632561613144202,0.014778325123152802,-3.111954459203037,-3.111954459203037,4.331834899877407,7.313997477931911,26.091386265345626,25.773527440341876,25.569250421295212,27.998111679662323,300015.SZ
2014-08-29,26.4,-0.13434300939559674,4,0.034077555816686145,-0.013523956723338393,-0.006144393241167445,-0.027632561613144202,0.0378931413414163,0.3802281368821214,6.839336301092658,8.686702346644704,26.147497853464603,25.833191493642648,25.60182883614638,27.982210070909463,300015.SZ
2014-09-01,26.75,0.2632431556779524,0,0.013257575757575912,0.034077555816686145,-0.013523956723338393,-0.006144393241167445,-0.11202389843166793,-2.514577259475226,3.2818532818532864,9.586235149528877,26.25704369828922,25.920506589486205,25.646855156297505,27.969949274183996,300015.SZ
2014-09-02,26.8,0.1619646063093101,1,0.0018691588785046953,0.013257575757575912,0.034077555816686145,-0.013523956723338393,2.9185867895545448,-1.0339734121122546,3.514870606411735,8.722109533468569,26.355763025872996,26.004267866677992,25.692076522717212,27.95830798787371,300015.SZ
2014-09-03,26.92,-0.08100651142258031,2,0.004477611940298498,0.0018691588785046953,0.013257575757575912,0.034077555816686145,4.0185471406491535,0.4852556924225482,3.4191317710334346,9.253246753246746,26.45835156662336,26.0914804508039,25.74023038457144,27.9479765651088,300015.SZ
2014-09-04,26.89,0.1687282334574276,3,-0.0011144130757800852,0.004477611940298498,0.0018691588785046953,0.013257575757575912,5.327066196631414,2.0493358633776104,2.0493358633776104,9.889660809154076,26.536833099964568,26.167529931679717,25.785319389098053,27.937449435107716,300015.SZ
2014-09-05,26.67,-0.11128236744759556,4,-0.008181480104127892,-0.0011144130757800852,0.004477611940298498,0.0018691588785046953,1.0227272727272751,1.0610079575596787,1.4068441064638781,7.932011331444766,26.561045263607376,26.215384223900696,25.820012746388326,27.924837997942465,300015.SZ
2014-09-09,26.12,0.9391837206613483,1,-0.02062242219722532,-0.008181480104127892,-0.0011144130757800852,0.004477611940298498,-2.355140186915883,-2.464525765496639,-4.810495626822153,0.8494208494208566,26.480855215678762,26.20630001210063,25.831776952412312,27.906879410898263,300015.SZ
2014-09-10,26.26,-0.5446577629382303,2,0.0053598774885146305,-0.02062242219722532,-0.008181480104127892,-0.0011144130757800852,-2.014925373134324,0.8448540706605279,-3.0280649926144654,1.4291232135959842,26.44069972191899,26.211414296662475,25.848570013102027,27.89049255108833,300015.SZ
2014-09-11,26.46,0.8682728820217362,3,0.007616146230007503,0.0053598774885146305,-0.02062242219722532,-0.008181480104127892,-1.7087667161961417,2.2411128284389514,-1.2318029115341522,1.65194006915097,26.444208863388262,26.235089125551763,25.872547659647047,27.876258794361085,300015.SZ
2014-09-12,26.48,-0.5568404821979255,4,0.0007558578987150177,0.007616146230007503,0.0053598774885146305,-0.02062242219722532,-1.5247303830420278,3.7211124167645826,0.49335863377608646,0.49335863377608646,26.45071634277221,26.25841397073731,25.896369320053047,27.862365672029135,300015.SZ
2014-09-15,26.35,0.15831092835679272,0,-0.004909365558912304,0.0007558578987150177,0.007616146230007503,0.0053598774885146305,-1.1998500187476613,-0.18939393939393367,-0.1515725653656652,0.19011406844107182,26.432404280449987,26.26713644971471,25.91415875848234,27.84731725738208,300015.SZ
2014-09-16,25.33,0.8083014746040416,1,-0.03870967741935494,-0.004909365558912304,0.0007558578987150177,0.007616146230007503,-3.024502297090359,-5.30841121495328,-5.414488424197172,-7.689504373177858,26.231967138549987,26.17788535926569,25.89125057187519,27.822269324472806,300015.SZ
2014-09-17,25.69,-0.46383267894895797,2,0.014212396367943247,-0.03870967741935494,-0.004909365558912304,0.0007558578987150177,-2.170601675552175,-4.141791044776122,-1.344086021505364,-5.132939438700134,26.133427658813623,26.131420086954673,25.88335839258597,27.80105271427905,300015.SZ
2014-09-18,26.1,-0.13491057597521483,3,0.01595951732191514,0.014212396367943247,-0.03870967741935494,-0.004909365558912304,-1.3605442176870763,-3.046062407132244,0.8500772797527034,-2.5755879059350395,26.127349902665692,26.128427697720895,25.891854141896324,27.784126816624532,300015.SZ
2014-09-19,26.4,-0.05534755005697545,4,0.011494252873563093,0.01595951732191514,0.014212396367943247,-0.03870967741935494,-0.30211480362538623,-1.8222387504648663,3.4077555816686145,0.1897533206830948,26.176922647635564,26.154291726509378,25.91178143044941,27.770354410488963,300015.SZ
2014-09-22,26.42,0.7584008271583664,0,0.0007575757575759567,0.011494252873563093,0.01595951732191514,0.014212396367943247,0.2656546489563594,-0.9373828271466045,0.07575757575759567,0.11367942402424891,26.221118529883643,26.17959727636563,25.931711570431784,27.75691804819554,300015.SZ
2014-09-23,26.69,-0.21089768718149748,1,0.010219530658591935,0.0007575757575759567,0.011494252873563093,0.01595951732191514,5.369127516778538,2.1822358346095028,-0.22429906542055233,-0.3360716952949927,26.306369706268434,26.228207059568902,25.961448371591324,27.746301948213496,300015.SZ
2014-09-24,26.62,-0.03303527074018875,2,-0.0026227051330086626,0.010219530658591935,0.0007575757575759567,0.011494252873563093,3.6200856364344114,1.3709063214013772,-0.6716417910447747,2.227342549923206,26.363393396037807,26.265520672943293,25.987273925646566,27.73509496365416,300015.SZ
2014-09-25,26.58,0.06884151040328801,3,-0.0015026296018032514,-0.0026227051330086626,0.010219530658591935,0.0007575757575759567,1.8390804597701038,0.45351473922901064,-1.2630014858841188,2.7047913446677008,26.40277641494002,26.295471085043932,26.010518085425133,27.723601481428744,300015.SZ
2014-09-26,26.04,0.5938476327805815,4,-0.020316027088036037,-0.0015026296018032514,-0.0026227051330086626,0.010219530658591935,-1.3636363636363669,-1.6616314199395799,-3.1610264038676172,1.9976498237367801,26.336817066769107,26.271140505515937,26.01167423893787,27.70684922788219,300015.SZ
2014-09-29,26.14,-0.36308805790108556,0,0.0038402457757296116,-0.020316027088036037,-0.0015026296018032514,-0.0026227051330086626,-1.0598031794095464,-0.7969639468690781,-1.9872515935508095,-0.9848484848484773,26.30103214553836,26.258650933562038,26.01670662172462,27.691258688301275,300015.SZ
2014-09-30,26.16,-0.2646780303030304,1,0.0007651109410864443,0.0038402457757296116,-0.020316027088036037,-0.0015026296018032514,-1.9857624578493827,3.27674694038691,0.15313935681469104,-2.2056074766355183,26.27538993725866,26.24925560655613,26.022325969892282,27.676022283442556,300015.SZ
2014-10-08,26.53,0.74275595621378,2,0.01414373088685017,0.0007651109410864443,0.0038402457757296116,-0.020316027088036037,-0.3380916604057149,3.2697547683923744,1.0281797410510274,-1.007462686567162,26.321682675938902,26.2759931678365,26.0422347553867,27.664619076642133,300015.SZ
2014-10-09,27.09,0.6267319416220212,3,0.02110817941952492,0.01414373088685017,0.0007651109410864443,0.0038402457757296116,1.9187358916478603,3.7931034482758585,2.3809523809523725,0.6315007429420483,26.4613767348591,26.353517628042546,26.083323588508794,27.65890147388948,300015.SZ
2014-10-10,26.83,-0.3690307194367157,4,-0.009597637504614287,0.02110817941952492,0.01414373088685017,0.0007651109410864443,3.0337941628264087,1.6287878787878851,1.3217522658610203,-0.2231312755671344,26.5283991467029,26.398896901562303,26.11260501641041,27.650653698029885,300015.SZ
2014-10-13,27.27,0.024748020158387396,0,0.01639955273947069,-0.009597637504614287,0.02110817941952492,0.01414373088685017,4.322876817138477,3.2172596517789476,3.4914611005692597,2.249718785151855,26.663235665484187,26.481859101413512,26.15799305498255,27.646866099044516,300015.SZ
2014-10-14,27.85,0.49205234038816204,1,0.021268793546021403,0.01639955273947069,-0.009597637504614287,0.02110817941952492,6.460244648318048,4.346197077557146,9.94867745756023,6.623277182235832,26.879010999032516,26.612158234612224,26.22434626851265,27.648887331889846,300015.SZ
2014-10-15,27.55,-0.23819894055326662,2,-0.010771992818671472,0.021268793546021403,0.01639955273947069,-0.009597637504614287,3.8447041085563516,3.493613824192332,7.240171272868823,4.9124143183549185,27.001008999208423,26.701476497982487,26.276332689355293,27.647903378338704,300015.SZ
2014-10-16,27.12,0.027814262535733603,3,-0.015607985480943776,-0.010771992818671472,0.021268793546021403,0.01639955273947069,0.11074197120708451,2.031602708803626,3.9080459770114873,2.4943310657596474,27.02264372662507,26.741335879127014,26.309417681929595,27.642650608404985,300015.SZ
2014-10-17,26.48,-0.12982034127640374,4,-0.02359882005899705,-0.015607985480943776,-0.010771992818671472,0.021268793546021403,-1.3045098770033459,1.6897081413210557,0.3030303030303161,0.0,26.923981230875057,26.716446747781582,26.316107184599023,27.631081945634786,300015.SZ
2014-10-20,26.94,-0.26097097442985495,0,0.017371601208459264,-0.02359882005899705,-0.015607985480943776,-0.010771992818671472,-1.2101210121012063,3.0604437643458438,1.9682059046177036,2.2390891840607274,26.92689373435232,26.737737533707147,26.340573569516707,27.62420550836479,300015.SZ
2014-10-21,26.3,0.1787258912916423,1,-0.02375649591685225,0.017371601208459264,-0.02359882005899705,-0.015607985480943776,-5.565529622980259,0.5351681957186605,-1.4612214312476612,3.8294512435846917,26.81291305537917,26.69604824478266,26.338982449143504,27.611029334152203,300015.SZ
2014-10-22,26.15,-0.47996826656088853,2,-0.005703422053232043,-0.02375649591685225,0.017371601208459264,-0.02359882005899705,-5.081669691470059,-1.4323407463249227,-1.765589782118715,1.790579992214858,26.69238340894659,26.644043650041453,26.331571372706506,27.596491728837258,300015.SZ
2014-10-23,26.61,0.19660564454614793,3,0.01759082217973229,-0.005703422053232043,-0.02375649591685225,0.017371601208459264,-1.8805309734513331,-1.7718715393133966,0.11286681715576563,1.9540229885057325,26.677404607319936,26.640801397656556,26.34249014240429,27.586675890739375,300015.SZ
2014-10-24,26.43,-0.17338645418326692,4,-0.006764374295377684,0.01759082217973229,-0.005703422053232043,-0.02375649591685225,-0.1888217522658664,-1.4908684308609699,1.497695852534564,0.11363636363637131,26.632421951443582,26.62072507407022,26.345921901525692,27.5751666778962,300015.SZ
2014-10-27,27.1,0.5274725274725276,0,0.025349981082103845,-0.006764374295377684,0.01759082217973229,-0.005703422053232043,0.5939123979213035,-0.6233956729006174,3.672532517214999,2.5738077214231714,26.7174361420902,26.66637030511115,26.37549359166194,27.570438651250466,300015.SZ
2014-10-28,27.66,0.5718793386343557,1,0.020664206642066363,0.025349981082103845,-0.006764374295377684,0.01759082217973229,5.171102661596949,-0.6822262118492017,5.733944954128445,3.634319970026212,26.888811388982887,26.761001704624373,26.425866391988926,27.571329808949468,300015.SZ
2014-10-29,27.75,0.3138750602216154,2,0.0032537960954446277,0.020664206642066363,0.025349981082103845,-0.006764374295377684,6.118546845124295,0.7259528130671544,4.598567659253661,4.244928625093913,27.045391136440543,26.85519201846967,26.477793200146227,27.573107621795742,300015.SZ
2014-10-30,27.24,-0.36209741489946834,3,-0.018378378378378413,0.0032537960954446277,0.020664206642066363,0.025349981082103845,2.367531003382184,0.4424778761061843,0.5537098560354226,2.483069977426644,27.080774566178626,26.891840397663035,26.50768366288559,27.569793118096285,300015.SZ
2014-10-31,27.28,-0.23356964935811453,4,0.001468428781204123,-0.018378378378378413,0.0032537960954446277,0.020664206642066363,3.216042376087791,3.0211480362537735,1.677226984718616,4.761904761904767,27.116997372327965,26.928807978837984,26.53797057806655,27.56690960448339,300015.SZ
2014-11-03,27.12,-0.05775000000000008,0,-0.0058651026392961825,0.001468428781204123,-0.018378378378378413,0.0032537960954446277,0.07380073800737907,0.6681514476614581,-0.5500550055005493,3.7490436113236436,27.117543304631972,26.947016742758176,26.560795261279626,27.562462742747236,300015.SZ
2014-11-04,26.65,0.23109578137436992,1,-0.01733038348082605,-0.0058651026392961825,0.001468428781204123,-0.018378378378378413,-3.6514822848879303,1.330798479087436,-4.308797127468589,1.8730886850152784,27.03253543106252,26.918729433924064,26.564293486327486,27.55338351147612,300015.SZ
2014-11-05,26.65,-0.05689655172413799,2,0.0,-0.01733038348082605,-0.0058651026392961825,0.001468428781204123,-3.963963963963968,1.9120458891013437,-3.266787658802184,0.4523181304183943,26.962983534505696,26.893136154502724,26.56765452607935,27.544394620814668,300015.SZ
2014-11-06,27.69,0.3119287020109689,3,0.039024390243902474,0.0,-0.01733038348082605,-0.0058651026392961825,1.651982378854644,4.0586245772266105,2.1017699115044364,2.214839424141757,27.09516834641375,26.969027949311986,26.611668074076242,27.545843430557806,300015.SZ
2014-11-07,26.97,-0.08866051210590487,4,-0.02600216684723733,0.039024390243902474,0.0,-0.01733038348082605,-1.1363636363636465,2.0431328036322416,1.850453172205424,0.5218039508013472,27.07241046524761,26.969120525567988,26.62572030646541,27.540113645179122,300015.SZ
2014-11-10,26.7,-0.03392584097859319,0,-0.010011123470522798,-0.02600216684723733,0.039024390243902474,0.0,-1.5486725663716894,-1.4760147601476148,-0.8908685968819663,-2.0902090209020896,27.004699471566227,26.94348999932342,26.62863323562363,27.531754305426098,300015.SZ
2014-11-11,25.73,0.44376298348006715,1,-0.03632958801498121,-0.010011123470522798,-0.02600216684723733,0.039024390243902474,-3.4521575984990505,-6.9775849602313755,-2.167300380228143,-7.612208258527831,26.77293593128146,26.82791952319738,26.59339271657957,27.51382640188952,300015.SZ
2014-11-12,25.87,-0.5683453237410072,2,0.005441119315973575,-0.03632958801498121,-0.010011123470522798,-0.02600216684723733,-2.9268292682926744,-6.774774774774772,-1.0707456978967356,-6.09800362976406,26.608765761957557,26.736689092416675,26.56502437475292,27.497469920278682,300015.SZ
2014-11-13,25.1,0.2492063492063492,3,-0.029764205643602604,0.005441119315973575,-0.03632958801498121,-0.010011123470522798,-9.353557240881184,-7.856093979441992,-5.674558436677934,-7.448377581120946,26.33444471432891,26.580813940757942,26.5075724384881,27.473614498186357,300015.SZ
2014-11-14,25.08,-0.2744599745870394,4,-0.0007968127490041166,-0.029764205643602604,0.005441119315973575,-0.03632958801498121,-7.00778642936597,-8.064516129032274,-5.107832009080592,-5.287009063444115,26.106363857178195,26.437879279733377,26.451589205606215,27.449797438502912,300015.SZ
2014-11-17,25.7,0.3385288966725044,0,0.02472089314194581,-0.0007968127490041166,-0.029764205643602604,0.005441119315973575,-3.745318352059923,-5.235988200589981,-5.166051660516613,-4.602821083890129,26.03247951950943,26.36760506261591,26.422115119111854,27.432386518716815,300015.SZ
2014-11-18,26.15,0.06646604736360073,1,0.017509727626459082,0.02472089314194581,-0.0007968127490041166,-0.029764205643602604,1.6323357947920725,-1.8761726078799223,-5.459146782357205,-0.5703422053232043,26.053846879598623,26.346880770938206,26.411443937970212,27.41962645385396,300015.SZ
2014-11-19,25.9,-0.36915715863084286,2,-0.009560229445506718,0.017509727626459082,0.02472089314194581,-0.0007968127490041166,0.11596443757246888,-2.814258911819889,-6.666666666666677,-0.9560229445506718,26.0258747196716,26.304320697515518,26.391387312951775,27.404505792621585,300015.SZ
2014-11-20,25.61,-0.34072345390898484,3,-0.01119691119691113,-0.009560229445506718,0.017509727626459082,0.02472089314194581,2.031872509960153,-7.511737089201887,-5.983847283406751,-3.7579857196542665,25.95026113427676,26.238194916799756,26.360744673228176,27.386650013590526,300015.SZ
2014-11-21,25.84,0.1725663716814161,4,0.008980866848887104,-0.01119691119691113,-0.009560229445506718,0.017509727626459082,3.0303030303030276,-4.189840563589165,-5.278592375366575,-2.2323117669315162,25.93021365531735,26.200271591390255,26.340323313493737,27.37126046121649,300015.SZ
2014-11-24,25.48,1.0015094339622643,0,-0.01393188854489158,0.008980866848887104,-0.01119691119691113,-0.009560229445506718,-0.8560311284046662,-4.569288389513105,-6.0471976401179965,-5.977859778597794,25.84835662707783,26.131674296972136,26.30658514433712,27.352441949164586,300015.SZ
2014-11-25,25.87,-0.02677224736048256,1,0.015306122448979664,-0.01393188854489158,0.008980866848887104,-0.01119691119691113,-1.0707456978967356,0.5441119315973575,-2.9268292682926744,-6.471438900939985,25.85229178579095,26.106752935355743,26.289464158284687,27.337691283003746,300015.SZ
2014-11-26,25.65,0.6054500839467905,2,-0.008504058755315125,0.015306122448979664,-0.01393188854489158,0.008980866848887104,-0.9652509652509633,-0.8504058755315125,-3.7523452157598447,-7.567567567567568,25.815511461101686,26.063252655798053,26.2643871324696,27.32089833491416,300015.SZ
2014-11-27,25.95,0.0833400370042634,3,0.011695906432748648,-0.008504058755315125,0.015306122448979664,-0.01393188854489158,1.327606403748538,3.3864541832669293,-6.2838569880823485,-4.735682819383258,25.83996392271956,26.05246668857919,26.25205822531393,27.30725755546228,300015.SZ
2014-11-28,25.74,0.16477314917947594,4,-0.008092485549133,0.011695906432748648,-0.008504058755315125,0.015306122448979664,-0.38699690402477227,2.6315789473684292,-4.560622914349278,-5.645161290322587,25.82178866404327,26.022707956333555,26.231977510595737,27.291662952920365,300015.SZ
2014-12-01,25.48,-0.05578222618895834,0,-0.010101010101010055,-0.008092485549133,0.011695906432748648,-0.008504058755315125,0.0,-0.8560311284046662,-4.569288389513105,-6.0471976401179965,25.759645270580858,25.971021484301787,26.20248819645473,27.27363645587638,300015.SZ
2014-12-02,25.77,-0.09391668354601324,1,0.011381475667189944,-0.010101010101010055,-0.008092485549133,0.011695906432748648,-0.38654812524159254,-1.453154875717011,0.1554605518849561,-3.302063789868659,25.76152794865706,25.95187658103495,26.185527875025134,27.258674899101496,300015.SZ
2014-12-03,27.01,1.1300298062593148,2,0.04811796662786194,0.011381475667189944,-0.010101010101010055,-0.008092485549133,5.302144249512675,4.285714285714293,4.406648627754151,1.3508442776735574,25.98852286708305,26.052650239984004,26.217860115220226,27.25620052199601,300015.SZ
2014-12-04,26.78,-0.14983382893125774,3,-0.008515364679748227,0.04811796662786194,0.011381475667189944,-0.010101010101010055,3.198458574181129,4.5685279187817285,6.693227091633469,-3.2863849765258246,26.132427800340672,26.12192164569981,26.23990481658414,27.25146220834431,300015.SZ
2014-12-05,25.26,0.04719776150111099,4,-0.05675877520537709,-0.008515364679748227,0.04811796662786194,0.011381475667189944,-1.8648018648018572,-2.244582043343646,0.717703349282317,-6.340378197997765,25.973804563915095,26.039833869918876,26.201477176718097,27.231646663982676,300015.SZ
2014-12-08,25.29,0.10082910919878962,0,0.0011876484560569,-0.05675877520537709,-0.008515364679748227,0.04811796662786194,-0.7456828885400335,-0.7456828885400335,-1.5953307392996163,-5.280898876404494,25.849476461385077,25.96842112040279,26.165732973709545,27.212326796679367,300015.SZ
2014-12-09,25.02,-0.17990362305907548,1,-0.010676156583629859,0.0011876484560569,-0.05675877520537709,-0.008515364679748227,-2.9103608847497076,-3.2856590645535477,-4.3212237093690264,-2.759424795958032,25.69866255931506,25.878095299412045,26.120802268858192,27.190512599697485,300015.SZ
2014-12-10,26.79,0.01793253536452677,2,0.07074340527577938,-0.010676156583629859,0.0011876484560569,-0.05675877520537709,-0.814513143280271,4.444444444444451,3.436293436293436,3.556242752222638,25.897087548530504,25.964943366134705,26.147045317138264,27.186527399700495,300015.SZ
2014-12-11,27.16,-0.1496985504767605,3,0.01381112355356473,0.07074340527577938,-0.010676156583629859,0.0011876484560569,1.418969380134416,4.662813102119467,6.052323311206553,8.207171314741025,26.12670799425223,26.078758283645683,26.186769030191666,27.18626344547462,300015.SZ
2014-12-12,29.26,0.7850749270843809,4,0.07731958762886593,0.01381112355356473,0.07074340527577938,-0.010676156583629859,15.835312747426755,13.675213675213694,13.235294117647056,16.666666666666675,26.69639744984273,26.381733685203237,26.30728789175278,27.20689764004701,300015.SZ
2014-12-15,29.78,0.017127725505662328,0,0.017771701982228327,0.07731958762886593,0.01381112355356473,0.07074340527577938,17.754052985369718,16.875981161695442,16.875981161695442,15.875486381322968,27.25705245896223,26.705378096136265,26.443472680311494,27.23250064860376,300015.SZ
2014-12-16,29.6,-0.3576413892427851,1,-0.006044325050369337,0.017771701982228327,0.07731958762886593,0.01381112355356473,18.305355715427662,14.86224291812186,14.418245071511414,13.193116634799251,27.683042920969097,26.981056372694717,26.56725806539732,27.256057856080343,300015.SZ
2014-12-17,29.04,-0.14663907213383354,2,-0.018918918918918948,-0.006044325050369337,0.017771701982228327,0.07731958762886593,8.398656215005595,7.515734912995176,13.21637426900586,12.123552123552116,27.929762389883805,27.177146241961886,26.66422833734252,27.273808524179046,300015.SZ
2014-12-18,29.62,-0.00601253031527893,3,0.019972451790633672,-0.018918918918918948,-0.006044325050369337,0.017771701982228327,9.057437407952884,10.604929051530988,14.142581888246642,15.657946114798914,28.23707831899584,27.409798980822657,26.780140951564384,27.297153712993186,300015.SZ
2014-12-19,28.58,-0.17206323387383726,4,-0.03511141120864292,0.019972451790633672,-0.018918918918918948,-0.006044325050369337,-2.323991797676017,13.143309580364203,11.033411033411022,10.603715170278626,28.29942771554205,27.521246696934785,26.850723659346173,27.309918352664894,300015.SZ
2014-12-22,27.12,0.08177799607072678,0,-0.05108467459762067,-0.03511141120864292,0.019972451790633672,-0.018918918918918948,-8.932169241101406,7.236061684460271,6.436420722135017,6.436420722135017,28.084986312716218,27.48303272579814,26.861283515842402,27.308028617812507,300015.SZ
2014-12-23,27.56,-0.16464245175936432,1,0.016224188790560312,-0.05108467459762067,-0.03511141120864292,0.019972451790633672,-6.891891891891899,10.151878497202226,6.946061311602625,6.5326633165829096,27.98953425585872,27.490362942388792,26.888684162279958,27.310535795744723,300015.SZ
2014-12-24,28.2,0.034784971805149834,2,0.02322206095791013,0.016224188790560312,-0.05108467459762067,-0.03511141120864292,-2.892561983471076,5.263157894736836,4.405775638652343,9.941520467836252,28.027800754793496,27.55794742406605,26.940108312778783,27.319386185836816,300015.SZ
2014-12-25,27.7,0.1418816886612828,3,-0.01773049645390068,0.02322206095791013,0.016224188790560312,-0.05108467459762067,-6.482106684672528,1.9882179675994038,3.4353995519043945,6.743737957610785,27.968200617558313,27.571476240821667,26.969907986787458,27.323173387967795,300015.SZ
2014-12-26,28.05,-0.3919618215271389,4,0.012635379061371799,-0.01773049645390068,0.02322206095791013,0.016224188790560312,-1.8544436668999187,-4.135338345864669,11.04513064133017,8.974358974358987,27.98307323254771,27.617049932171984,27.01226453632521,27.330405493560157,300015.SZ
2014-12-29,27.28,0.4922931442080378,0,-0.027450980392156876,0.012635379061371799,-0.01773049645390068,0.02322206095791013,0.5899705014749346,-8.3948959032908,7.868722815342033,7.064364207221363,27.855241735720853,27.584949938631794,27.022763966273242,27.329903946360556,300015.SZ
2014-12-30,27.35,-0.49559596983714593,1,0.002565982404692191,-0.027450980392156876,0.012635379061371799,-0.01773049645390068,-0.7619738751814098,-7.601351351351349,9.31254996003199,6.131160263872726,27.763379601953424,27.562573754000194,27.035596751909587,27.330103907093285,300015.SZ
2014-12-31,27.55,0.10326633165829135,2,0.007312614259597838,0.002565982404692191,-0.027450980392156876,0.012635379061371799,-2.3049645390070927,-5.130853994490348,2.8368794326241176,1.9992595335061036,27.724583310689162,27.561376253619223,27.055769428305293,27.33229192791823,300015.SZ
2015-01-05,27.65,0.36916419949897517,0,0.003629764065335772,0.007312614259597838,0.002565982404692191,-0.027450980392156876,-0.18050541516245744,-6.6509115462525354,1.8041237113401998,3.2486930545182924,27.711022708745677,27.56981661041739,27.0790725879796,27.335453202267306,300015.SZ
2015-01-06,30.07,1.3795741849634067,1,0.08752260397830014,0.003629764065335772,0.007312614259597838,0.002565982404692191,7.201426024955437,5.213435969209246,2.7682843472317087,19.041963578780674,28.139927670791916,27.807929314187163,27.196363859039224,27.36266262314027,300015.SZ
2015-01-07,29.21,-0.3473367817698867,2,-0.02859993348852674,0.08752260397830014,0.003629764065335772,0.007312614259597838,7.074780058651031,7.706489675516215,-1.914036265950303,15.500197706603402,28.334486276102478,27.941459855693147,27.275329982214156,27.381044089576687,300015.SZ
2015-01-08,29.2,-0.1766627396379994,3,-0.000342348510784074,-0.02859993348852674,0.08752260397830014,0.003629764065335772,6.764168190127973,5.950653120464433,-1.3513513513513598,16.706634692246205,28.491852407720206,28.06132082181761,27.3508072378136,27.399143153361994,300015.SZ
2015-01-09,29.21,0.19648780487804873,4,0.00034246575342478103,-0.000342348510784074,-0.02859993348852674,0.08752260397830014,6.025408348457351,3.5815602836879457,0.5853994490358172,9.033221351250464,28.62242469722562,28.170718838787362,27.423716757899342,27.417161629447946,300015.SZ
2015-01-12,30.49,0.03060447923461629,0,0.04382060938034904,0.00034246575342478103,-0.000342348510784074,-0.02859993348852674,10.271247739602174,10.072202166064969,2.9372045914922262,12.260677466863035,28.961983843184598,28.391602758902852,27.543963159550348,27.447737135622592,300015.SZ
2015-01-13,30.2,-0.014346748246215513,1,-0.009511315185306679,0.04382060938034904,0.00034246575342478103,-0.000342348510784074,0.43232457598936236,7.664884135472372,5.668299510146957,3.2125768967874224,29.187077689878308,28.56383106757877,27.64812146701896,27.475122835765653,300015.SZ
2015-01-14,29.51,-0.44421255418205174,2,-0.02284768211920518,-0.009511315185306679,0.04382060938034904,0.00034246575342478103,1.0270455323519334,8.174486803519066,8.81268436578171,-0.9066487575554061,29.24579083717316,28.653942394476033,27.721136311449587,27.495370369738136,300015.SZ
2015-01-15,29.49,0.24032351242056604,3,-0.0006777363605559028,-0.02284768211920518,-0.009511315185306679,0.04382060938034904,0.9931506849315097,7.824497257769636,7.0029027576197445,-0.3716216216216317,29.290192503141675,28.73356692833546,27.790503514922154,27.515217430735767,300015.SZ
2015-01-16,30.04,-0.17124670082285354,4,0.0186503899626993,-0.0006777363605559028,-0.02284768211920518,-0.009511315185306679,2.841492639507015,9.038112522686026,6.52482269503547,3.443526170798905,29.426521138934095,28.857989125636845,27.87871906335658,27.54033964535531,300015.SZ
2015-01-19,29.82,0.994660921693518,0,-0.007323568575232975,0.0186503899626993,-0.0006777363605559028,-0.02284768211920518,-2.197441784191534,7.848101265822782,7.653429602888084,0.6752194463200523,29.498062750036986,28.949609208909525,27.954847727538674,27.563022832963718,300015.SZ
2015-01-20,32.8,1.0267668466776239,1,0.09993293091884636,-0.007323568575232975,0.0186503899626993,-0.0006777363605559028,8.609271523178808,9.07881609577652,16.934046345811037,14.765570328901333,30.098414977302987,29.316313093775285,28.144853699007744,27.61513205850637,300015.SZ
2015-01-21,33.09,-0.22567191844300283,2,0.00884146341463432,0.09993293091884636,-0.007323568575232975,0.0186503899626993,12.131480853947817,13.283122218418363,21.297653958944295,22.013274336283196,30.642339526884264,29.675711846749067,28.338781004929007,27.669608356431677,300015.SZ
2015-01-22,34.4,-0.11831238779174136,3,0.039588999697793836,0.00884146341463432,0.09993293091884636,-0.007323568575232975,16.64971176670058,17.808219178082197,25.776965265082264,24.818577648766336,31.325550521996213,30.125644051820583,28.57647586748081,27.73657742751196,300015.SZ
2015-01-23,32.43,-0.04676576393131071,4,-0.05726744186046506,0.039588999697793836,0.00884146341463432,0.09993293091884636,7.956058588548598,11.023622047244096,17.713248638838476,14.999999999999991,31.5263595179969,30.345106523075764,28.727594460912936,27.78327814962627,300015.SZ
2015-01-26,32.7,-0.4447450868698376,0,0.008325624421831712,-0.05726744186046506,0.039588999697793836,0.00884146341463432,9.657947686116719,7.248278123975083,18.26401446654613,18.0505415162455,31.739748696542918,30.569382092306643,28.8833750702889,27.832200755102626,300015.SZ
2015-01-27,32.47,0.25814311361887654,1,-0.0070336391437310075,0.008325624421831712,-0.05726744186046506,0.039588999697793836,-1.006097560975605,7.516556291390719,7.981376787495842,15.757575757575747,31.872521660807838,30.750393321610773,29.024027028316787,27.878348011270763,300015.SZ
2015-01-28,32.15,-0.2748955254306391,2,-0.009855251000923992,-0.0070336391437310075,0.008325624421831712,-0.05726744186046506,-2.840737382895153,8.946119959335807,10.065046217048955,17.851906158357767,31.92297226793368,30.88368919574308,29.146614203676915,27.92085201115862,300015.SZ
2015-01-29,31.96,-0.49184706213100926,3,-0.005909797822705953,-0.009855251000923992,-0.0070336391437310075,0.008325624421831712,-7.0930232558139465,8.375720583248558,9.45205479452056,16.85557586837294,31.92970458285483,30.986194986624692,29.256943058434683,27.961042538410776,300015.SZ
2015-01-30,32.25,1.9078838174273862,4,0.009073842302878665,-0.005909797822705953,-0.009855251000923992,-0.0070336391437310075,-0.5550416281221104,7.356857523302263,10.40739472783294,17.05989110707804,31.987940113244857,31.106557368850915,29.374317840456854,28.00371873205843,300015.SZ
2015-02-02,31.66,-0.3873192541856926,0,-0.018294573643410805,0.009073842302878665,-0.005909797822705953,-0.009855251000923992,-3.180428134556579,6.170355466130117,3.8373237126926973,14.50271247739603,31.928314638109427,31.159266190865115,29.463952434948744,28.040099640197155,300015.SZ
2015-02-03,32.99,0.809409207359677,1,0.0420088439671511,-0.018294573643410805,0.009073842302878665,-0.005909797822705953,1.6014782876501377,0.5792682926829329,9.238410596026503,9.710675091453291,32.121348340271346,31.333621791735105,29.602228810048793,28.089352380095693,300015.SZ
2015-02-04,32.46,-0.4300853820740549,2,-0.01606547438617767,0.0420088439671511,-0.018294573643410805,0.009073842302878665,0.9642301710730994,-1.903898458748876,9.996611318197225,11.126326600479297,32.18292136931292,31.440895906807953,29.714298268478252,28.132841411139516,300015.SZ
2015-02-05,31.8,0.39772641722502433,3,-0.020332717190388205,-0.01606547438617767,0.0420088439671511,-0.018294573643410805,-0.5006257822277815,-7.558139534883712,7.833163784333674,8.90410958904111,32.11329930216512,31.475096296635765,29.79609049324381,28.169330551327185,300015.SZ
2015-02-06,31.05,-0.16034687062372088,4,-0.02358490566037741,-0.020332717190388205,-0.01606547438617767,0.0420088439671511,-3.7209302325581395,-4.255319148936165,3.362183754993353,6.299212598425186,31.919972156316913,31.434610935051406,29.845263415077387,28.19799392892592,300015.SZ
2015-02-09,30.99,-0.4579511193790493,0,-0.0019323671497585293,-0.02358490566037741,-0.020332717190388205,-0.01606547438617767,-2.1162349968414484,-5.229357798165147,3.9235412474849074,1.6398819285011523,31.750886309713835,31.392267036475083,29.890155045858666,28.225775083861983,300015.SZ
2015-02-10,31.2,0.28863905325443784,1,0.006776379477250849,-0.0019323671497585293,-0.02358490566037741,-0.020332717190388205,-5.425886632312826,-3.9113027409916845,-4.8780487804877986,3.31125827814569,31.650725162493135,31.373955890144124,29.94152151464852,28.255369361634504,300015.SZ
2015-02-11,32.67,0.5683717513086601,2,0.04711538461538467,0.006776379477250849,-0.0019323671497585293,-0.02358490566037741,0.6469500924214389,1.617418351477462,-1.2692656391659174,10.708234496780754,31.836047860221655,31.49738866251135,30.048520670936814,28.299296034653068,300015.SZ
2015-02-12,32.25,-0.32743881016512477,3,-0.012855831037649312,0.04711538461538467,0.006776379477250849,-0.0019323671497585293,1.4150943396226356,0.9073842302878665,-6.25,9.35910478128179,31.911311885635897,31.569065932748366,30.134853193645174,28.338606521870453,300015.SZ
2015-02-13,32.4,0.046839630854953906,4,0.0046511627906975495,-0.012855831037649312,0.04711538461538467,0.006776379477250849,4.347826086956519,0.46511627906975495,-0.09250693802035359,7.856191744340868,32.00016427006573,31.648202510581854,30.223682480168893,28.379018397274727,300015.SZ
2015-02-16,33.42,0.8999500998003991,0,0.031481481481481666,0.0046511627906975495,-0.012855831037649312,0.04711538461538467,7.841239109390141,5.559065066329749,2.2018348623853212,12.072434607645889,32.25831622096287,31.816945128621676,30.34902826526031,28.42917741819737,300015.SZ
2015-02-17,33.02,-0.45988181221273794,1,-0.011968880909634882,0.031481481481481666,0.0046511627906975495,-0.012855831037649312,5.833333333333335,0.09093664746893104,1.6938712657838195,0.6707317073170849,32.396804180787804,31.931521783038658,30.453772254857945,28.474857244881974,300015.SZ
2015-02-25,32.33,0.4592754680282032,2,-0.020896426408237523,-0.011968880909634882,0.031481481481481666,0.0046511627906975495,-1.040710131619238,-0.4004929143561431,0.5598755832037394,-2.2967663946811823,32.38465796609911,31.969472089415927,30.527349813490968,28.513216874286137,300015.SZ
2015-02-26,32.8,-0.4626791069643452,3,0.014537581193937443,-0.020896426408237523,-0.011968880909634882,0.031481481481481666,1.7054263565891459,3.1446540880503138,2.6282853566958586,-4.651162790697683,32.460174699535635,32.04856998566203,30.61647335021681,28.55587143275095,300015.SZ
2015-02-27,33.33,0.4525064599483204,4,0.016158536585365812,0.014537581193937443,-0.020896426408237523,-0.011968880909634882,2.8703703703703676,7.342995169082123,3.3488372093023244,2.775208140610541,32.61832475416552,32.1706109394085,30.722886160012234,28.60337519958925,300015.SZ
2015-03-02,33.63,0.26577954885077926,0,0.00900090009000909,0.016158536585365812,0.014537581193937443,-0.020896426408237523,0.6283662477558405,8.518877057115205,6.222362602653209,2.8440366972477094,32.80226570795361,32.30960037375055,30.83689062432548,28.653391366757518,300015.SZ
2015-03-03,32.72,-0.032437598380930854,1,-0.027059173357121713,0.00900090009000909,0.016158536585365812,0.014537581193937443,-0.90854027861903,4.871794871794877,-0.8184298272203794,0.7699414844471786,32.7873083065075,32.348686052440975,30.91073805082252,28.69385513425247,300015.SZ
2015-03-04,35.29,1.1476381383998602,2,0.0785452322738387,-0.027059173357121713,0.00900090009000909,0.016158536585365812,9.155583049798954,8.019589837771646,8.718422674060378,9.76671850699844,33.24234315986977,32.62881119030374,31.082473813535362,28.759488416498716,300015.SZ
2015-03-05,34.45,-0.47417687958228494,3,-0.02380277699064881,0.0785452322738387,-0.027059173357121713,0.00900090009000909,5.03048780487807,6.821705426356606,8.333333333333348,7.7909887359199015,33.46191713080253,32.802257743608145,31.214533663984955,28.8161104223047,300015.SZ
2015-03-06,32.81,0.09842560197571504,4,-0.04760522496371555,-0.02380277699064881,0.0785452322738387,-0.027059173357121713,-1.5601560156015437,1.26543209876544,5.668276972624797,1.7364341085271295,33.34338674338389,32.80299510135975,31.277100971279662,28.855850617107638,300015.SZ
2015-03-09,33.31,-0.4070448264555717,0,0.01523925632429135,-0.04760522496371555,-0.02380277699064881,0.0785452322738387,-0.9515313707998851,-0.32914422501495455,7.486285898677014,5.211623499684159,33.337316426404996,32.85128128218263,31.356822501817714,28.900170511464776,300015.SZ
2015-03-10,33.52,0.24915080180109017,1,0.006304413089162519,0.01523925632429135,-0.04760522496371555,-0.02380277699064881,2.444987775061147,1.5142337976983722,7.435897435897454,1.606547438617767,33.37053162160409,32.91496877911762,31.44165299194251,28.94613896408702,300015.SZ
2015-03-11,33.3,-0.2887497628533485,2,-0.0065632458233891855,0.006304413089162519,0.01523925632429135,-0.04760522496371555,-5.6389912156418305,3.0003093102381584,1.928374655647369,2.5878003696857554,33.35770769040334,32.95163841920166,31.51452934519967,28.989460964444365,300015.SZ
2015-03-12,32.99,1.0419667466880056,3,-0.009309309309309177,-0.0065632458233891855,0.006304413089162519,0.01523925632429135,-4.2380261248185835,0.5792682926829329,2.2945736434108577,3.742138364779879,33.29085174669364,32.955291903087215,31.572390939505564,29.029267323007108,300015.SZ
2015-03-13,33.1,-0.46111643298789506,4,0.0033343437405273235,-0.009309309309309177,-0.0065632458233891855,0.006304413089162519,0.8838768668089081,-0.6900690069006843,2.1604938271605034,6.602254428341392,33.256151429112975,32.96907362660272,31.632297177172013,29.069772125763258,300015.SZ
2015-03-16,33.9,0.7981577246283127,0,0.024169184290030232,0.0033343437405273235,-0.009309309309309177,-0.0065632458233891855,1.7712398679075259,0.8028545941123788,1.4362657091561815,9.390125847047436,33.373214805637886,33.05773328121199,31.721226699635857,29.117834094661138,300015.SZ
2015-03-17,33.51,0.17012671879212715,1,-0.011504424778761124,0.024169184290030232,0.0033343437405273235,-0.009309309309309177,-0.029832935560869522,2.4144254278728683,1.4839491217443879,7.40384615384615,33.39808484097645,33.100806302048944,31.791374672199154,29.161537237997845,300015.SZ
2015-03-18,33.9,-0.13060675883256523,2,0.011638316920322245,-0.011504424778761124,0.024169184290030232,0.0033343437405273235,1.8018018018018056,-3.9387928591669064,4.856170739251464,3.7649219467401185,33.48934214261709,33.17691998756809,31.874065861524677,29.208686121201847,300015.SZ
2015-03-19,35.16,0.6114669375855826,3,0.03716814159292037,0.011638316920322245,-0.011504424778761124,0.024169184290030232,6.577750833585916,2.060957910014505,7.195121951219519,9.023255813953469,33.79309811668671,33.36578475065684,32.00292602381783,29.26790317472223,300015.SZ
2015-03-20,34.47,-0.25250808617948584,4,-0.019624573378839494,0.03716814159292037,0.011638316920322245,-0.011504424778761124,4.138972809667663,5.059433099664723,3.4203420342034274,6.388888888888888,33.91617118638003,33.470948107737144,32.0996740228838,29.319665332187682,300015.SZ
2015-03-23,34.88,-0.1590025669233589,0,0.011894400928343485,-0.019624573378839494,0.03716814159292037,0.011638316920322245,2.8908554572271594,4.713299309516672,3.716919417187037,4.368641532016748,34.09141278885639,33.6051435260479,32.20870641414326,29.374992045300246,300015.SZ
2015-03-24,36.2,1.1287607918374465,1,0.037844036697247674,0.011894400928343485,-0.019624573378839494,0.03716814159292037,8.02745449119666,7.995226730310256,10.635696821515905,9.630526953361596,34.47479228179159,33.85227271404334,32.36522773123568,29.442902572212684,300015.SZ
2015-03-25,36.21,-0.252842014706786,2,0.00027624309392249025,0.037844036697247674,0.011894400928343485,-0.019624573378839494,6.8141592920354155,8.73873873873876,2.6069708132615554,12.001237240952678,34.79028459419312,34.076818169848735,32.51600311432448,29.51023687497674,300015.SZ
2015-03-26,35.02,-0.21133865175315947,3,-0.032863849765258135,0.00027624309392249025,0.037844036697247674,0.011894400928343485,-0.3981797497155659,6.153379812064275,1.6545718432510848,6.768292682926846,34.83205103161255,34.16664501081552,32.61419907062548,29.565060388658566,300015.SZ
2015-03-27,34.99,-0.5015294771968855,4,-0.0008566533409480881,-0.032863849765258135,0.00027624309392249025,0.037844036697247674,1.508558166521623,5.709969788519631,6.644315757391039,4.980498049804982,34.86076902586481,34.24505977169024,32.70736773452252,29.61903988727888,300015.SZ
2015-03-30,35.3,0.46171548117154826,0,0.008859674192626343,-0.0008566533409480881,-0.032863849765258135,0.00027624309392249025,1.2041284403669472,4.129793510324475,5.9741819273491314,4.965804341361868,34.9406292029803,34.3455302696245,32.80903958807066,29.675566853574615,300015.SZ
2015-03-31,35.85,0.4288917513477408,1,0.015580736543909568,0.008859674192626343,-0.0008566533409480881,-0.032863849765258135,-0.9668508287292821,6.982990152193391,6.951073985680178,9.566014669926659,35.105969347892966,34.48881310108883,32.92829293755808,29.737003999310193,300015.SZ
2015-04-01,36.96,0.31748522586891936,2,0.030962343096234246,0.015580736543909568,0.008859674192626343,-0.0008566533409480881,2.07125103562551,9.026548672566381,10.990990990991012,4.732218758855211,35.44306583009424,34.724164234318465,33.086399096869535,29.80887460628223,300015.SZ
2015-04-02,37.95,0.16647237709072482,3,0.026785714285714413,0.030962343096234246,0.015580736543909568,0.008859674192626343,8.366647629925762,7.93515358361776,15.034859048196413,10.159651669085633,35.89887204280438,35.031386688192896,33.27712854405112,29.889880829105294,300015.SZ
2015-04-03,38.63,-0.30313498012122797,4,0.017918313570487454,0.026785714285714413,0.030962343096234246,0.015580736543909568,10.402972277793655,12.068465332172917,16.70694864048339,17.738494361475166,36.39544076229449,35.37411176550786,33.487045071735395,29.976847189014695,300015.SZ
2015-04-07,38.33,-0.18378226711560042,1,-0.00776598498576242,0.017918313570487454,0.026785714285714413,0.030962343096234246,8.583569405099144,9.891055045871555,13.067846607669619,15.070549384569176,36.74717880551367,35.65562493069759,33.67696487284381,30.05996313738271,300015.SZ
2015-04-08,36.71,0.6069668843818037,2,-0.042264544743021104,-0.00776598498576242,0.017918313570487454,0.026785714285714413,2.3988842398884325,1.4088397790055218,9.549388242315725,9.51670644391407,36.740419022693,35.75604160396449,33.795907426849936,30.12613265840378,300015.SZ
2015-04-09,37.73,-0.2225945997337898,3,0.027785344592753836,-0.042264544743021104,-0.00776598498576242,0.017918313570487454,2.083333333333326,4.197735432201033,11.29793510324484,13.303303303303293,36.920342836748816,35.94403764168216,33.95018556697347,30.20179302996195,300015.SZ
2015-04-10,38.26,0.03534411593848419,4,0.014047177312483505,0.027785344592753836,-0.042264544743021104,-0.00776598498576242,0.8168642951251526,9.251856082238707,8.816837315130833,15.974537738708694,37.163916866430846,36.16460548533148,34.11919789768039,30.281974193842927,300015.SZ
2015-04-13,40.32,0.20249239583025713,0,0.05384213277574501,0.014047177312483505,0.027785344592753836,-0.042264544743021104,4.374838208646126,15.232923692483569,16.971279373368155,21.812688821752268,37.737750163443415,36.56035734387133,34.362366607575275,30.381855047635536,300015.SZ
2015-04-14,41.77,0.24553045186640476,1,0.035962301587301626,0.05384213277574501,0.014047177312483505,0.027785344592753836,8.974693451604509,18.328611898017023,19.753440366972484,23.215339233038357,38.47088649736279,37.056513787312156,34.65286203472919,30.495169922783443,300015.SZ
2015-04-15,43.13,-0.1582869986986869,2,0.032559253052429904,0.035962301587301626,0.05384213277574501,0.014047177312483505,17.488422773086356,20.306834030683408,19.143646408839786,28.70784840346168,39.317998043296825,37.634941045663375,34.985298817680984,30.620889625044306,300015.SZ
2015-04-16,43.69,-0.05315062075427501,3,0.012984001854857263,0.032559253052429904,0.035962301587301626,0.05384213277574501,15.79644844950967,18.208874458874448,20.657276995305153,28.87905604719765,40.11290748997013,38.211613327028765,35.32665964836016,30.750930524297598,300015.SZ
2015-04-17,42.42,-0.21545731179337468,4,-0.02906843671320658,0.012984001854857263,0.032559253052429904,0.035962301587301626,10.872974385781497,11.778656126482211,21.130782410051395,20.64846416382253,40.532378855430096,38.61241205778793,35.60482985822839,30.86704066833444,300015.SZ
2015-04-20,39.69,0.10462916246215936,0,-0.06435643564356441,-0.02906843671320658,0.012984001854857263,0.032559253052429904,-1.562500000000011,2.7439813616360276,13.432409259788503,15.143603133159257,40.37921906353372,38.715039480855744,35.7650326088861,30.954831308450515,300015.SZ
2015-04-21,42.04,-0.30488153011704255,1,0.05920886873267839,-0.06435643564356441,-0.02906843671320658,0.012984001854857263,0.6463969355997135,9.679102530654848,19.09348441926346,20.527522935779796,40.68117923380031,39.03170238744091,36.01110976147881,31.065131494436084,300015.SZ
2015-04-22,42.78,0.011827515400410604,2,0.01760228353948623,0.05920886873267839,-0.06435643564356441,-0.02906843671320658,-0.8115001159285873,16.535004086080086,19.3305439330544,18.176795580110493,41.06278300947298,39.388683112446536,36.276556437499245,31.18169735021284,300015.SZ
2015-04-23,41.97,0.1373082230700544,3,-0.018934081346423604,0.01760228353948623,0.05920886873267839,-0.06435643564356441,-3.936827649347674,11.23774184998676,13.555194805194803,15.907207953603963,41.22773155320517,39.63452281602306,36.499828734067904,31.289043645235598,300015.SZ
2015-04-24,41.57,-0.3044502337532564,4,-0.009530617107457728,-0.018934081346423604,0.01760228353948623,0.05920886873267839,-2.003771805752008,8.651332984840575,9.538866930171274,18.70359794403198,41.28996217989514,39.81885397640181,36.698658979790736,31.391341718417333,300015.SZ
2015-04-27,41.73,-0.01339148281169833,0,0.0038489295164780835,-0.009530617107457728,-0.018934081346423604,0.01760228353948623,5.139833711262276,3.4970238095237915,8.024851151954415,19.26264647042011,41.36996905627784,40.00086788341116,36.895966470779335,31.494213940124624,300015.SZ
2015-04-28,39.85,0.15081387487648867,1,-0.045051521687035634,0.0038489295164780835,-0.009530617107457728,-0.018934081346423604,-5.209324452901997,-4.596600430931296,3.9655622228019993,12.889518413597756,41.093611046045496,39.98649951356248,37.01181092290564,31.57735608997413,300015.SZ
2015-04-29,41.1,-0.12404537032852814,2,0.031367628607277265,-0.045051521687035634,0.0038489295164780835,-0.009530617107457728,-3.9270687237026647,-4.706700672385811,11.958594388450017,14.644351464435147,41.09477267403722,40.09254717893748,37.172132063183845,31.672108765695782,300015.SZ
2015-04-30,40.68,-0.0729467602146101,3,-0.010218978102189857,0.031367628607277265,-0.045051521687035634,0.0038489295164780835,-3.0736240171551077,-6.889448386358432,7.818711900344555,10.064935064935066,41.019359460575906,40.148495066657716,37.30969551168644,31.761739524246074,300015.SZ
2015-05-04,40.6,-0.39159710628825817,0,-0.001966568338249708,-0.010218978102189857,0.031367628607277265,-0.045051521687035634,-2.333413519364924,-4.290429042904287,6.116048092002102,6.982872200263501,40.94311228592574,40.191495536499836,37.438727060247764,31.849682414552085,300015.SZ
2015-05-05,40.01,1.1458885941644565,1,-0.01453201970443363,-0.001966568338249708,-0.010218978102189857,0.031367628607277265,-4.12173496285646,0.8062484252960411,-0.7688492063492092,3.5723530934506753,40.773455506666515,40.174210247309375,37.539561293179226,31.93087960445704,300015.SZ
2015-05-06,40.08,0.051063467030390886,2,0.0017495626093477767,-0.01453201970443363,-0.001966568338249708,-0.010218978102189857,0.5771643663738946,-4.662226450999052,-4.045966004309321,4.565614401252294,40.6473726872726,40.16523784280372,37.63918634050553,32.01196537953707,300015.SZ
2015-05-07,39.19,-0.30220203576787386,3,-0.02220558882235535,0.0017495626093477767,-0.01453201970443363,-0.001966568338249708,-4.647201946472023,-8.391771856007491,-9.13517273359612,6.755652410787238,40.382395835041216,40.07235804825098,37.70000256244649,32.083388609591424,300015.SZ
2015-05-08,41.11,0.6042308362875575,4,0.04899208981883141,-0.02220558882235535,0.0017495626093477767,-0.01453201970443363,1.0570304818092513,-2.049082678103409,-5.9052414740215164,8.958388550225283,40.514687501397354,40.1711810912747,37.83372795215447,32.17320563835171,300015.SZ
2015-05-11,42.91,0.9725764381973625,0,0.04378496716127467,0.04899208981883141,-0.02220558882235535,0.0017495626093477767,5.689655172413777,3.2234784700505115,1.1551155115511413,12.153685311029783,40.95019886477965,40.432020987343776,38.032797444226844,32.28003941309448,300015.SZ
2015-05-12,42.6,-0.27558722521165824,1,-0.00722442321137251,0.04378496716127467,0.04899208981883141,-0.02220558882235535,6.473381654586352,2.08483105679369,7.331821617535916,5.654761904761907,41.25016270754699,40.63849517902532,38.21190342680619,32.38272558808857,300015.SZ
2015-05-13,42.58,0.06923564456838638,2,-0.00046948356807519076,-0.00722442321137251,0.04378496716127467,0.04899208981883141,6.237524950099793,6.8506900878293475,1.284490960989526,1.9391908067991181,41.49195130617481,40.823400400070526,38.38320133163732,32.48419100512251,300015.SZ
2015-05-14,41.24,-0.18138277693474958,3,-0.03147017379051187,-0.00046948356807519076,-0.00722442321137251,0.04378496716127467,5.230926256698143,0.3406326034063323,-3.599812996727436,-4.382100626014374,41.44614197777939,40.86307655244476,38.495232651965274,32.571313482683486,300015.SZ
2015-05-15,39.8,-0.1444997972542431,4,-0.03491755577109612,-0.03147017379051187,-0.00046948356807519076,-0.00722442321137251,-3.1865726100705483,-2.163225172074734,-5.170359780795808,-8.903639276722364,41.146843436364954,40.76183116649764,38.54639999894703,32.64324071171151,300015.SZ
2015-05-18,41.21,0.28333954023766794,0,0.03542713567839195,-0.03491755577109612,-0.03147017379051187,-0.00046948356807519076,-3.9617804707527293,1.5024630541871975,-0.8660091412076021,-2.852428099952853,41.15832644793496,40.80451391254549,38.65085490094911,32.72848209766464,300015.SZ
2015-05-19,42.52,0.06801034137075912,1,0.031788400873574485,0.03542713567839195,-0.03491755577109612,-0.03147017379051187,-0.187793427230043,6.273431642089489,1.893122453870122,7.130259511211912,41.40590345740133,40.96789353992211,38.80258608130405,32.82591013649385,300015.SZ
2015-05-20,44.23,0.751259756941014,2,0.04021636876763868,0.031788400873574485,0.03542713567839195,-0.03491755577109612,3.8750587130107927,10.354291417165662,10.991217063989955,5.209324452901987,41.91937555605563,41.278570345643814,39.015425842821536,32.93938366747402,300015.SZ
2015-05-21,47.28,-0.12042652825185474,3,0.06895772100384367,0.04021636876763868,0.031788400873574485,0.03542713567839195,14.64597478176528,20.64302117887218,15.03649635036497,10.518934081346432,42.89403454586369,41.85013507463012,39.33952679016187,33.08207636730015,300015.SZ
2015-05-22,45.69,-0.1680243745991019,4,-0.03362944162436554,0.06895772100384367,0.04021636876763868,0.031788400873574485,14.798994974874379,11.14084164436877,12.315634218289073,8.86347390993567,43.402391901161195,42.215836496093914,39.58856495525356,33.207528343744926,300015.SZ
2015-05-25,46.48,-0.11316063374580787,0,0.017290435543882765,-0.03362944162436554,0.06895772100384367,0.04021636876763868,12.788158214025703,8.31973898858076,14.48275862068964,11.811402453692565,43.961957010040976,42.621947305989735,39.8588173099495,33.33959273833453,300015.SZ
2015-05-26,49.12,-0.005607354762991568,1,0.05679862306368322,0.017290435543882765,-0.03362944162436554,0.06895772100384367,15.52210724365004,15.30516431924882,22.76930767308174,17.70908219506351,44.89978300821534,43.24080946732405,40.22200094485345,33.496611716062546,300015.SZ
2015-05-27,48.28,-0.025637663104058683,2,-0.017100977198696965,0.05679862306368322,0.017290435543882765,-0.03362944162436554,9.156680985756282,13.386566463128236,20.459081836327364,21.154328732747807,45.51436791581255,43.720732375197954,40.538000907800374,33.643710106947495,300015.SZ
2015-05-28,45.72,0.030596680125616782,3,-0.05302402651201332,-0.017100977198696965,0.05679862306368322,0.017290435543882765,-3.2994923857868064,10.863239573229855,16.662413881092107,11.240875912408743,45.55175556748299,43.91113881565529,40.741216558474875,33.76387219543558,300015.SZ
2015-05-29,50.29,0.3420250740031343,4,0.09995625546806641,-0.05302402651201332,-0.017100977198696965,0.05679862306368322,10.067848544539281,26.356783919597994,22.330333252250067,23.62340216322516,46.413254555213356,44.5186494046405,41.11567865422096,33.92831127806806,300015.SZ
2015-06-01,55.32,-0.03206396574653747,0,0.1000198846689202,0.09995625546806641,-0.05302402651201332,-0.017100977198696965,19.018932874354565,34.239262314972095,28.92099743649501,36.256157635467964,48.03266281790184,45.547349461341405,41.67271086385936,34.14116390216689,300015.SZ
2015-06-02,58.41,-0.014342923208391145,1,0.05585683297180033,0.1000198846689202,0.09995625546806641,-0.05302402651201332,18.9128664495114,37.3706491063029,37.11267605633801,45.98850287428142,49.919451396465135,46.77236379835651,42.32907514370801,34.38264485836424,300015.SZ
2015-06-03,56.3,-0.08125796855078615,2,-0.03612395137818869,0.05585683297180033,0.1000198846689202,0.09995625546806641,16.611433305716638,27.289170246439063,32.221700328792856,40.4690618762475,51.07955114256238,47.679757722322556,42.87695454983711,34.60072799410191,300015.SZ
2015-06-04,38.88,0.06603756129151628,3,-0.30941385435168733,-0.03612395137818869,0.05585683297180033,0.1000198846689202,-14.960629921259837,-17.76649746192893,-5.72259941804073,-0.7910181168665376,48.861450934823765,46.841685558291836,42.72021123415722,34.643307815056126,300015.SZ
2015-06-05,37.85,0.05908286180442257,4,-0.026491769547325128,-0.30941385435168733,-0.03612395137818869,0.05585683297180033,-24.736528136806513,-17.15911578025825,-4.899497487437177,-7.929944052541959,46.85936894667399,45.985334552740234,42.529222558307914,34.67521519998094,300015.SZ
2015-06-08,37.05,-0.25015569176308616,0,-0.021136063408190298,-0.026491769547325128,-0.30941385435168733,-0.03612395137818869,-33.02603036876356,-20.288296041308087,-10.094637223974768,-13.656490328594728,45.075847320005984,45.134350309622114,42.314351085433096,34.69884489948362,300015.SZ
2015-06-09,38.9,0.04019320715128738,1,0.04993252361673428,-0.021136063408190298,-0.026491769547325128,-0.30941385435168733,-33.40181475774696,-20.806188925081436,-8.513640639698972,-8.685446009389675,43.9529659890958,44.54060266108667,42.18045496443572,34.740647437797215,300015.SZ
2015-06-10,40.0,0.1441388439476392,2,0.028277634961439535,0.04993252361673428,-0.021136063408190298,-0.026491769547325128,-28.95204262877442,-17.149958574979284,-9.56364458512321,-6.0591827148896105,43.23424490016929,44.10816431241175,42.09494692661471,34.792979304087794,300015.SZ
2015-06-11,39.06,-0.36383670321194417,3,-0.023499999999999965,0.028277634961439535,0.04993252361673428,-0.021136063408190298,0.4629629629629539,-14.566929133858263,-17.385786802030456,-5.2861299709020315,42.475291281956686,43.62738675884873,41.9759294000808,34.83543722146006,300015.SZ
2015-06-12,39.23,0.07265956525504458,4,0.00435227854582676,-0.023499999999999965,0.028277634961439535,0.04993252361673428,3.6459709379128125,-21.992443825810305,-14.138761216896478,-1.4321608040200995,41.88523832160092,43.20858801991075,41.86824589419528,34.87916421428135,300015.SZ
2015-06-15,37.64,-0.045723666505194105,0,-0.040530206474636676,0.00435227854582676,-0.023499999999999965,0.028277634961439535,1.5924426450742324,-31.95950831525669,-19.018932874354554,-8.662945886920648,41.11337680858257,42.67824630372878,41.70243232971704,34.906635217124325,300015.SZ
2015-06-16,37.14,-0.18607405736202365,1,-0.013283740701381497,-0.040530206474636676,0.00435227854582676,-0.023499999999999965,-4.52442159383033,-36.41499743194658,-24.389250814332243,-12.652869238005648,40.39094466156755,42.15079427480222,41.523513414826176,34.928857752277324,300015.SZ
2015-06-17,38.37,0.1919891895637711,2,0.033117932148626794,-0.013283740701381497,-0.040530206474636676,0.00435227854582676,-4.075000000000006,-31.84724689165187,-20.526097763048888,-13.248926068279443,40.02350017764618,41.79071862958296,41.3998462220879,34.963097973647706,300015.SZ
2015-06-18,34.98,-0.20458112900412762,3,-0.08835027365129011,0.033117932148626794,-0.013283740701381497,-0.040530206474636676,-10.445468509984657,-10.030864197530875,-23.490813648293972,-26.015228426395943,39.10650014534687,41.14207876009887,41.14808754671191,34.963266153014395,300015.SZ
2015-06-19,32.2,0.44072504019880143,4,-0.07947398513436232,-0.08835027365129011,0.033117932148626794,-0.013283740701381497,-17.91995921488655,-14.927344782034346,-35.97136607675482,-29.525060188224984,37.850772846192896,40.29045221151803,40.79718215272322,34.93577096741226,300015.SZ
2015-06-23,33.97,-0.1805245535714286,1,0.0549689440993788,-0.07947398513436232,-0.08835027365129011,0.033117932148626794,-9.75026567481403,-8.313090418353575,-38.593637020968906,-26.914802065404476,37.145177783248734,39.68850438184965,40.52944951928309,34.926161306044975,300015.SZ
2015-06-24,33.99,-0.2956634785031107,2,0.0005887547836327389,0.0549689440993788,-0.07947398513436232,-0.08835027365129011,-8.481421647819054,-12.622107969151664,-41.807909604519764,-30.80211726384364,36.57150909538532,39.14578967881635,40.27300051852689,34.916846268173884,300015.SZ
2015-06-25,32.6,-0.20333992529114486,3,-0.04089438070020601,0.0005887547836327389,0.0549689440993788,-0.07947398513436232,-15.037789940057323,-18.499999999999993,-42.09591474245114,-32.47721623860812,35.84941653258799,38.5223811379767,39.97209853740819,34.89379307147564,300015.SZ
2015-06-26,29.45,1.442188879082083,4,-0.09662576687116575,-0.04089438070020601,0.0005887547836327389,0.0549689440993788,-15.809033733562028,-24.603174603174605,-24.254115226337458,-35.58617672790901,34.68588625393562,37.658344839121774,39.559467222215716,34.83962597623708,300015.SZ
2015-06-29,29.33,0.07494578966389587,0,-0.004074702886247894,-0.09662576687116575,-0.04089438070020601,0.0005887547836327389,-8.913043478260885,-25.235788937037984,-22.509907529722597,-41.67826605687015,33.71208875322005,36.86516914015779,39.15831164487392,34.7848038272198,300015.SZ
2015-06-30,32.26,0.05488548014288708,1,0.09989771564950556,-0.004074702886247894,-0.09662576687116575,-0.04089438070020601,-5.033853400058874,-14.293304994686507,-12.928475033738184,-41.684743311641355,33.44807261627095,36.4265816029999,38.887789619584744,34.75968140107831,300015.SZ
2015-07-01,32.24,0.004521732201904438,2,-0.0006199628022317549,0.09989771564950556,-0.004074702886247894,-0.09662576687116575,-5.148573109738153,-13.19332256327409,-17.120822622107955,-44.80397192261598,33.22842304967623,36.027859545571346,38.62709198744417,34.73460994435116,300015.SZ
2015-07-02,31.37,-0.14701858057863537,3,-0.026985111662531036,-0.0006199628022317549,0.09989771564950556,-0.004074702886247894,-3.7730061349693256,-18.24341933802449,-21.575,-44.28063943161633,32.890527949735095,35.58425387456455,38.342500144799295,34.70113123843723,300015.SZ
2015-07-03,31.99,0.5312797861211205,4,0.01976410583359889,-0.026985111662531036,-0.0006199628022317549,0.09989771564950556,8.62478777589133,-8.54774156660949,-18.100358422939077,-17.72119341563787,32.7267955952378,35.24194398174888,38.09338249206207,34.67415480820402,300015.SZ
2015-07-06,31.6,-0.08708325742393863,0,-0.012191309784307491,0.01976410583359889,-0.026985111662531036,-0.0006199628022317549,7.73951585407433,-1.8633540372670843,-19.449400968646437,-16.512549537648614,32.52192366883093,34.89509217396328,37.838740041392974,34.643566203147266,300015.SZ
2015-07-07,28.44,-0.5017960486928758,1,-0.09999999999999998,-0.012191309784307491,0.01976410583359889,-0.026985111662531036,-11.841289522628628,-16.279069767441857,-24.442082890541972,-23.238866396761125,31.779755729043487,34.28032149072868,37.47016200055403,34.58183917625028,300015.SZ
2015-07-13,34.41,1.0195840162776237,0,0.10006393861892571,0.09985935302391002,0.0,0.0,8.89240506329112,17.320150017047386,6.863354037267055,-12.286515421871014,31.44456234808102,33.16686584804301,36.47595490968501,34.42839276086277,300015.SZ
2015-07-14,35.0,0.2538305464213251,1,0.017146178436501014,0.10006393861892571,0.09985935302391002,0.0,23.066104078762308,8.493490390576564,3.0320871357079726,-7.013815090329434,32.09100555752084,33.3414500529913,36.41807432499148,34.43408039508304,300015.SZ
2015-07-15,31.5,-0.5117236761341444,2,-0.09999999999999998,0.017146178436501014,0.10006393861892571,0.09985935302391002,10.759493670886066,-2.295285359801491,-7.325684024713153,-15.18578352180937,31.983550001607956,33.16607385746832,36.22520866518789,34.404885565281226,300015.SZ
2015-07-16,31.79,-0.07357377948436639,3,0.009206349206349218,-0.09999999999999998,0.017146178436501014,0.10006393861892571,11.779184247538677,1.3388587822760645,-2.4846625766871244,-17.14881417774302,31.948359092224692,33.0350192043761,36.0512789136119,34.37886680343763,300015.SZ
2015-07-17,34.25,0.06143142624528175,4,0.07738282478766911,0.009206349206349218,-0.09999999999999998,0.017146178436501014,9.494884910485935,7.064707721162877,16.29881154499151,-2.0869068038879224,32.36683925727475,33.150731661102185,35.98064052484281,34.377584546687004,300015.SZ
2015-07-20,34.0,0.0614322571647723,0,-0.007299270072992692,0.07738282478766911,0.009206349206349218,-0.09999999999999998,-1.1915140947398872,7.594936708860756,15.922263893624278,5.590062111801242,32.66377757413388,33.23161436004484,35.902968347398,34.373827486520966,300015.SZ
2015-07-21,35.81,0.11549073709105229,1,0.05323529411764705,-0.007299270072992692,0.07738282478766911,0.009206349206349218,2.314285714285713,25.914205344585085,11.00433973961563,5.416544009420088,33.23581801520045,33.477174897183424,35.89932252985299,34.38811776028693,300015.SZ
2015-07-22,35.03,-0.18005496662740472,2,-0.021781625244345237,0.05323529411764705,-0.007299270072992692,0.07738282478766911,11.20634920634922,23.17158931082981,8.653846153846146,3.0597234480729707,33.56203292152764,33.62506300221357,35.86523145025091,34.39450464824428,300015.SZ
2015-07-23,36.25,0.11729074889867852,3,0.03482729089351988,-0.021781625244345237,0.05323529411764705,-0.007299270072992692,14.029569046870094,27.461322081575233,15.556263946445647,11.1963190184049,34.05075420852261,33.875057002002755,35.88032041298617,34.41296728856025,300015.SZ
2015-07-24,35.07,0.09850643923971969,4,-0.03255172413793106,0.03482729089351988,-0.021781625244345237,0.05323529411764705,2.394160583941596,12.116368286445,9.62800875273524,19.08319185059424,34.236071625154864,33.98886109705011,35.848543141888676,34.41950492748005,300015.SZ
2015-07-27,31.56,-0.20497815230961292,0,-0.10008554319931573,-0.03255172413793106,0.03482729089351988,-0.021781625244345237,-7.176470588235295,-8.282476024411501,-0.12658227848102444,7.603136720081838,33.749513147853975,33.75754099256915,35.680364979461665,34.39105214213199,300015.SZ
2015-07-28,32.07,0.3649278633820787,1,0.01615969581749055,-0.10008554319931573,-0.03255172413793106,0.03482729089351988,-10.444010053057806,-8.371428571428574,12.76371308016877,-0.5889646621202616,33.44414712097143,33.59682280280066,35.53878203909062,34.36795709594162,300015.SZ
2015-07-29,33.5,-0.33108630390623583,2,0.04458995946367317,0.01615969581749055,-0.10008554319931573,-0.03255172413793106,-4.367684841564379,6.349206349206349,17.791842475386765,3.90818858560793,33.454302189885716,33.58760158348631,35.45882980226354,34.35932070692728,300015.SZ
2015-07-30,31.65,-0.3879229260165006,3,-0.055223880597014996,0.04458995946367317,0.01615969581749055,-0.10008554319931573,-12.689655172413794,-0.4403900597672261,11.28691983122363,0.8925725215173763,33.12624724627013,33.40306809934476,35.30946392766497,34.33236229193298,300015.SZ
2015-07-31,32.46,-0.0057077625570775,4,0.025592417061611528,-0.055223880597014996,0.04458995946367317,0.01615969581749055,-7.442258340461927,-5.226277372262766,3.772378516624042,1.4692091278524666,33.00511138331193,33.31325208988335,35.19772024422713,34.31373182136648,300015.SZ
2015-08-03,33.83,1.9000264947452088,0,0.04220579174368444,0.025592417061611528,-0.055223880597014996,0.04458995946367317,7.1926489226869394,-0.5000000000000004,-1.6855565242661963,7.056962025316449,33.15509113180067,33.36246617656113,35.14408415621822,34.30891856941259,300015.SZ
2015-08-04,34.91,-0.37080123031945667,1,0.031924327519952556,0.04220579174368444,0.025592417061611528,-0.055223880597014996,8.855628313065168,-2.5132644512706137,-0.2571428571428669,22.74964838255975,33.47416547147327,33.509850350221974,35.13490438538613,34.31489947916968,300015.SZ
2015-08-05,33.91,-0.4223900101640773,2,-0.028645087367516475,0.031924327519952556,0.04220579174368444,0.025592417061611528,1.2238805970149258,-3.197259491864124,7.650793650793641,19.233473980309412,33.553408113023586,33.547959840677024,35.086868919292556,34.31087062863068,300015.SZ
2015-08-06,33.23,-0.2904725992961288,3,-0.020053081686818075,-0.028645087367516475,0.031924327519952556,0.04220579174368444,4.992101105845181,-8.331034482758625,4.529726329034278,16.842475386779164,33.494606637928385,33.517677951088736,35.01405053030069,34.30011569700252,300015.SZ
2015-08-07,33.92,0.9891939769707707,4,0.020764369545591466,-0.020053081686818075,-0.028645087367516475,0.031924327519952556,4.497843499691934,-3.2791559737667453,-0.9635036496350335,8.43989769820972,33.57195088557776,33.555994336699335,34.97114658793596,34.2963334512612,300015.SZ
2015-08-10,35.21,0.2175319856324398,0,0.03803066037735836,0.020764369545591466,-0.020053081686818075,-0.028645087367516475,4.079219627549513,11.565272496831437,3.55882352941177,2.3249055507120087,33.869777997290896,33.713518685585115,34.980513388409065,34.305424660701384,300015.SZ
2015-08-11,34.6,-0.19192978178715103,1,-0.01732462368645271,0.03803066037735836,0.020764369545591466,-0.020053081686818075,-0.8879977083929957,7.888992828188335,-3.3789444289304638,-1.1428571428571344,34.0025456341471,33.797945477434155,34.96559129474597,34.308355758604854,300015.SZ
2015-08-12,33.48,-0.3261623872310895,2,-0.03236994219653189,-0.01732462368645271,0.03803066037735836,0.020764369545591466,-1.2680625184311456,-0.05970149253732293,-4.424778761061954,6.285714285714272,33.90753733702944,33.76766495577376,34.90733281259907,34.30011341274809,300015.SZ
2015-08-13,33.36,0.6384722160032239,3,-0.0035842293906809264,-0.03236994219653189,-0.01732462368645271,0.03803066037735836,0.39121275955462664,5.402843601895735,-7.97241379310345,4.938659955960989,33.807985093933176,33.728839721890544,34.84665309445793,34.290759050432186,300015.SZ
2015-08-14,32.71,-0.19435942282466112,4,-0.01948441247002397,-0.0035842293906809264,-0.03236994219653189,-0.01732462368645271,-3.567216981132082,0.7701786814541034,-6.729398346164817,-4.496350364963497,33.60835144049078,33.63180736742478,34.762862777028204,34.275030104656736,300015.SZ
2015-08-17,32.3,-0.28402306648575315,0,-0.012534393151941381,-0.01948441247002397,-0.0035842293906809264,-0.03236994219653189,-8.264697529111054,-4.522613065326642,2.344740177439797,-5.000000000000004,33.37046936040154,33.50496857052718,34.6662799230271,34.255378063814376,300015.SZ
2015-08-18,30.15,0.5681053678874308,1,-0.06656346749226005,-0.012534393151941381,-0.01948441247002397,-0.0035842293906809264,-12.86127167630059,-13.635061586937836,-5.986903648269415,-15.805640882435078,32.78492947669217,33.1854477542865,34.4891709064378,34.2145285308411,300015.SZ
2015-08-19,31.91,-0.10728744939271251,2,0.058374792703151046,-0.06656346749226005,-0.012534393151941381,-0.01948441247002397,-4.689366786140969,-5.897965202005295,-4.7462686567164125,-8.906651441621472,32.62585139002086,33.06397653959255,34.388026949322594,34.19159789869343,300015.SZ
2015-08-20,31.0,-0.12085829356618283,3,-0.02851770604826076,0.058374792703151046,-0.06656346749226005,-0.012534393151941381,-7.074340527577938,-6.7108034908215375,-2.053712480252756,-14.482758620689651,32.330242046380704,32.86740734534564,34.25516314738838,34.159840705671606,300015.SZ
2015-08-21,29.0,-0.20103172158915927,4,-0.06451612903225812,-0.02851770604826076,0.058374792703151046,-0.06656346749226005,-11.342097217976155,-14.504716981132082,-10.659272951324706,-17.30824066153408,31.724743492493303,32.4990828362651,34.04907831807903,34.10849900710771,300015.SZ
2015-08-24,26.1,0.5735761780861521,0,-0.09999999999999998,-0.06451612903225812,-0.02851770604826076,0.058374792703151046,-19.19504643962847,-25.873331439931835,-22.84954182678095,-17.30038022813687,30.702062857494518,31.889646375668427,33.737349756585736,34.02881244982306,300015.SZ
2015-08-25,23.49,-0.09718905015616386,1,-0.10000000000000009,-0.09999999999999998,-0.06451612903225812,-0.02851770604826076,-22.089552238805975,-32.10982658959538,-32.71268977370381,-26.753975678203933,29.39077870158642,31.089680054176196,33.335492903386296,33.92394864435218,300015.SZ
2015-08-26,23.8,0.2783543616876951,2,0.013197105151128152,-0.10000000000000009,-0.09999999999999998,-0.06451612903225812,-25.415230335318086,-28.91278375149342,-29.814214096136826,-28.955223880597014,28.37427348311616,30.39542481092132,32.96155200521428,33.82321283694569,300015.SZ
2015-08-27,24.85,-0.467246822848956,3,0.044117647058823595,0.013197105151128152,-0.10000000000000009,-0.09999999999999998,-19.838709677419352,-25.509592326139085,-25.21817634667468,-21.48499210110584,27.73349648618595,29.8672891146431,32.64345192657843,33.73392713707559,300015.SZ
2015-08-28,26.86,0.2987051792828683,4,0.08088531187122738,0.044117647058823595,0.013197105151128152,-0.10000000000000009,-7.379310344827584,-17.884439009477227,-20.813679245283023,-17.25200246457178,27.574678943243047,29.58088062753423,32.41664989024202,33.665529852129566,300015.SZ
2015-08-31,26.93,-0.20128077306541903,0,0.002606105733432562,0.08088531187122738,0.044117647058823595,0.013197105151128152,3.1800766283524906,-16.625386996904023,-23.516046577676796,-20.396098137747554,27.457464589926126,29.328415805864307,32.20148714944822,33.59850965459594,300015.SZ
2015-09-01,26.95,0.37707043064957513,1,0.0007426661715559391,0.002606105733432562,0.08088531187122738,0.044117647058823595,14.729672200936573,-10.613598673300162,-22.109826589595382,-22.80148954454311,27.365198300848647,29.10190001482961,31.99554647692084,33.53235532967458,300015.SZ
2015-09-02,28.14,0.5786354286511175,2,0.04415584415584428,0.0007426661715559391,0.002606105733432562,0.08088531187122738,18.23529411764706,-11.81447821999373,-15.949820788530456,-17.0156296077853,27.506071337057982,29.010290489607744,31.84434857586512,33.4787000527624,300015.SZ
2015-09-07,26.83,-0.43189045936395765,0,-0.046552949538024246,0.04415584415584428,0.0007426661715559391,0.002606105733432562,7.967806841046254,-13.451612903225808,-19.574340527577938,-19.259705085765876,27.383149275774713,28.80264377631177,31.64770745524296,33.41254383333193,300015.SZ
2015-09-08,27.85,-0.46466334940133724,1,0.038017144986955076,-0.046552949538024246,0.04415584415584428,0.0007426661715559391,3.6857781087118457,-3.9655172413793016,-14.857841638642611,-17.895047169811317,27.468031225633858,28.711915797615408,31.498777751115785,33.35719513847291,300015.SZ
2015-09-09,28.23,0.4583545131072544,2,0.013644524236983813,0.038017144986955076,-0.046552949538024246,0.04415584415584428,4.827330115113249,8.160919540229884,-12.600619195046425,-19.82391366089179,27.606571002791338,28.66601905498537,31.37059038832693,33.30617827142343,300015.SZ
2015-09-10,27.38,-0.5084897674650202,3,-0.030109812256464807,0.013644524236983813,0.038017144986955076,-0.046552949538024246,1.595547309833023,16.560238399318862,-9.18739635157545,-20.867052023121392,27.56537627501109,28.543541049748665,31.21409664760823,33.247211323449065,300015.SZ
2015-09-11,27.09,-0.010535913281329079,4,-0.01059167275383488,-0.030109812256464807,0.013644524236983813,0.038017144986955076,-3.731343283582089,13.823529411764701,-15.104982764023822,-19.086021505376337,27.478944225009073,28.405108568820218,31.05236736730987,33.18594553913614,300015.SZ
2015-09-14,25.06,0.618204156854715,0,-0.07493540051679592,-0.01059167275383488,-0.030109812256464807,0.013644524236983813,-6.597092806559823,0.8450704225352101,-19.161290322580648,-24.880095923261393,27.039136184098332,28.08652680036115,30.81737256859184,33.105090359642254,300015.SZ
2015-09-15,24.58,-0.11509016134134764,1,-0.019154030327214744,-0.07493540051679592,-0.01059167275383488,-0.030109812256464807,-11.741472172351896,-8.48845867460909,-15.241379310344838,-24.85478446958117,26.59202051426227,27.75257186699342,30.57276972276471,33.020263589894576,300015.SZ
2015-09-16,26.65,0.24817674817674806,2,0.08421480878763221,-0.019154030327214744,-0.07493540051679592,-0.01059167275383488,-5.596882748848753,-1.039732640178248,2.1072796934865856,-17.492260061919506,26.602562238941857,27.647565022517856,30.418935615989625,32.956877882532446,300015.SZ
2015-09-17,25.95,-0.029443776135647526,3,-0.026266416510318913,0.08421480878763221,-0.019154030327214744,-0.07493540051679592,-5.222790357925488,-3.710575139146566,10.47254150702428,-13.93034825870647,26.483914559134245,27.485892163230442,30.243683238891997,32.887157704596795,300015.SZ
2015-09-18,26.01,-0.6096913179484154,4,0.0023121387283238093,-0.026266416510318913,0.08421480878763221,-0.019154030327214744,-3.9867109634551423,-7.569296375266521,9.285714285714297,-18.489501723597613,26.397748275655292,27.345331004827546,30.077656445209957,32.81872827470031,300015.SZ
2015-09-21,27.1,1.2166943898381977,0,0.04190695886197626,0.0023121387283238093,-0.026266416510318913,0.08421480878763221,8.140462889066246,1.0063361908311697,9.05432595573441,-12.580645161290317,26.525430407354328,27.321966147224924,29.960885604221332,32.76182550579782,300015.SZ
2015-09-22,27.4,0.047956886554335165,1,0.011070110701106861,0.04190695886197626,0.0023121387283238093,-0.026266416510318913,11.472742066720908,-1.6157989228007263,2.010424422933732,-5.517241379310345,26.68444306056263,27.32939794272731,29.86045871778128,32.7084740082277,300015.SZ
2015-09-23,26.72,-0.3893373258690275,2,-0.02481751824817513,0.011070110701106861,0.04190695886197626,0.0023121387283238093,0.262664165103188,-5.348919589089629,-0.7797994801336805,2.375478927203045,26.69090795864215,27.27136004341995,29.73730347394672,32.64888720217568,300015.SZ
2015-09-24,27.88,0.6573926020680096,3,0.04341317365269459,-0.02481751824817513,0.011070110701106861,0.04190695886197626,7.437379576107905,1.8261504747991264,3.450834879406317,18.688803746275017,26.907106511616306,27.32932575357043,29.66446804359587,32.60143558822369,300015.SZ
2015-09-25,27.7,-0.08078209416002058,4,-0.0064562410329985775,0.04341317365269459,-0.02481751824817513,0.011070110701106861,6.497500961168767,2.251753414544111,-1.5636105188344018,16.386554621848724,27.0512689640497,27.3646280627542,29.587430081101918,32.552665084858276,300015.SZ
2015-09-28,28.59,-0.14441645675902592,0,0.03212996389891698,-0.0064562410329985775,0.04341317365269459,-0.02481751824817513,5.498154981549819,14.086193136472481,6.5598210957882985,15.050301810865175,27.33103824331339,27.481330152015705,29.548315175960667,32.51323558152635,300015.SZ
2015-09-29,27.88,0.13632646385345093,1,-0.024833857992305086,0.03212996389891698,-0.0064562410329985775,0.04341317365269459,1.751824817518255,13.425549227013844,0.10771992818670029,3.797468354430378,27.430849471801864,27.519298708966588,29.48289105141319,32.467133734944,300015.SZ
2015-09-30,27.64,-0.28297948902482906,2,-0.008608321377331363,-0.024833857992305086,0.03212996389891698,-0.0064562410329985775,3.4431137724550975,3.7148217636022496,-2.0899752036840247,2.636464909023406,27.46887684056516,27.53079407001739,29.41062081410287,32.41910255350177,300015.SZ
2015-10-08,28.36,0.9712937870119442,3,0.026049204052098318,-0.008608321377331363,-0.024833857992305086,0.03212996389891698,1.7216642754662947,9.287090558766863,3.5792549306062904,5.231910946196661,27.630899233189673,27.609766063349067,29.369419997863545,32.378713473367426,300015.SZ
2015-10-09,28.96,-0.23818737270875767,4,0.021156558533145242,0.026049204052098318,-0.008608321377331363,-0.024833857992305086,4.548736462093861,11.341791618608221,6.902916205241794,2.9140014214641186,27.872553918064277,27.738359771601537,29.35336431167282,32.34469642388119,300015.SZ
2015-10-12,30.72,0.6015238604464643,0,0.06077348066298338,0.021156558533145242,0.026049204052098318,-0.008608321377331363,7.450157397691504,13.35793357933579,22.585794094173984,14.498695490122993,28.390271387507134,28.022325507639486,29.406957868077807,32.32853029031023,300015.SZ
2015-10-13,31.35,-0.21534095651448126,1,0.0205078125,0.06077348066298338,0.021156558533145242,0.026049204052098318,12.446197991391683,14.416058394160602,27.54271765663143,12.5673249551167,28.928403862505835,28.3392468878643,29.483155598741423,32.31879367050615,300015.SZ
2015-10-14,30.5,-0.2530049994681418,2,-0.027113237639553422,0.0205078125,0.06077348066298338,0.021156558533145242,10.347322720694653,14.146706586826351,14.446529080675429,8.041091037902937,29.2141486147775,28.54503289854389,29.523031849771172,32.30069622104838,300015.SZ
2015-10-15,31.19,0.07290850836596663,3,0.02262295081967225,-0.027113237639553422,0.0205078125,0.06077348066298338,9.978843441466868,11.8723098995696,20.192678227360304,13.915266617969335,29.57339432118159,28.796934527253995,29.588403149780145,32.28964451735636,300015.SZ
2015-10-16,31.74,0.22403610060388868,4,0.017633857005450393,0.02262295081967225,-0.027113237639553422,0.0205078125,9.599447513812143,14.584837545126362,22.029988465974615,17.165005537098565,29.967322626421296,29.07722647703933,29.672779496847593,32.28417541768117,300015.SZ
2015-10-19,30.71,0.04478178368121455,0,-0.032451165721486985,0.017633857005450393,0.02262295081967225,-0.027113237639553422,-0.03255208333332593,7.415180132913601,13.32103321033209,22.54588986432562,30.102354876162877,29.232728717321297,29.713454810696707,32.26851198068932,300015.SZ
2015-10-20,31.01,-0.2109387162056977,1,0.00976880494952792,-0.032451165721486985,0.017633857005450393,0.02262295081967225,-1.0845295055821325,11.22668579626973,13.175182481751847,26.159479251423946,30.267381262315077,29.401992649004985,29.764299720081148,32.25598947341878,300015.SZ
2015-10-21,29.82,0.5042088649217413,2,-0.038374717832957095,0.00976880494952792,-0.032451165721486985,0.017633857005450393,-2.229508196721308,7.887120115774238,11.601796407185638,11.89493433395874,30.186039214621424,29.44180287290927,29.766484044783848,32.231750772190736,300015.SZ
2015-10-22,32.8,0.9280811437065537,3,0.09993293091884636,-0.038374717832957095,0.00976880494952792,-0.032451165721486985,5.161910868868214,15.655853314527501,17.647058823529417,26.39691714836223,30.661304811962978,29.761631170727437,29.885445454792325,32.237404993362965,300015.SZ
2015-10-23,34.14,0.3924400807237933,4,0.04085365853658551,0.09993293091884636,-0.038374717832957095,0.00976880494952792,7.5614366729678695,17.886740331491712,23.249097472924184,31.25720876585929,31.293794846151524,30.178618678277207,30.05229073107498,32.25633628696134,300015.SZ
2015-10-26,33.56,-0.38841844710786877,0,-0.01698886936145283,0.04085365853658551,0.09993293091884636,-0.038374717832957095,9.280364702051447,9.244791666666675,17.383700594613515,23.837638376383772,31.705832146851243,30.50065499463176,30.189847957307336,32.26930806520053,300015.SZ
2015-10-27,33.66,-0.18119608051975722,1,0.0029797377830749205,-0.01698886936145283,0.04085365853658551,0.09993293091884636,8.545630441792952,7.3684210526315574,20.731707317073166,22.846715328467138,32.061135392878285,30.801544995143022,30.325932351138423,32.28314579589505,300015.SZ
2015-10-28,31.96,-0.10363890605183568,2,-0.050505050505050386,0.0029797377830749205,-0.01698886936145283,0.04085365853658551,7.176391683433936,4.786885245901651,15.629522431259035,19.610778443113787,32.042747139627686,30.91187404322464,30.390013435407507,32.279930414841374,300015.SZ
2015-10-29,32.38,-0.2894354955739369,3,0.013141426783479293,-0.050505050505050386,0.0029797377830749205,-0.01698886936145283,-1.2804878048780277,3.815325424815641,14.174894217207346,16.140602582496435,32.10406584151356,31.05169556291753,30.468052124215056,32.280926132106636,300015.SZ
2015-10-30,32.11,-0.39252527315429386,4,-0.008338480543545468,0.013141426783479293,-0.050505050505050386,0.0029797377830749205,-5.9461042765085015,1.1657214870825383,10.87707182320441,15.920577617328524,32.105144779420186,31.15248646168729,30.532442236990935,32.27922537457324,300015.SZ
2015-11-02,31.7,0.2948394688182887,0,-0.012768607910308316,-0.008338480543545468,0.013141426783479293,-0.050505050505050386,-5.542312276519679,3.223705633344176,3.190104166666674,10.877929345925153,32.03148209225288,31.204630608193263,30.578228815932466,32.27346193801032,300015.SZ
2015-11-03,31.54,-0.28865377125795144,1,-0.0050473186119873725,-0.012768607910308316,-0.008338480543545468,0.013141426783479293,-6.298276886512177,1.7091260883585813,0.6060606060605878,13.127690100430423,31.942121711843264,31.236570550270095,30.615945332954723,32.266163809273905,300015.SZ
2015-11-04,33.24,1.0748243452869786,2,0.05389980976537734,-0.0050473186119873725,-0.012768607910308316,-0.008338480543545468,4.0050062578222745,11.468812877263579,8.983606557377065,20.260492040520983,32.17809958241722,31.427373355006278,30.718849437544737,32.27585372161944,300015.SZ
2015-11-05,32.5,0.15287184448940105,3,-0.022262334536702788,0.05389980976537734,-0.0050473186119873725,-0.012768607910308316,0.3705991352686677,-0.9146341463414531,4.200064123116376,14.598025387870251,32.23662693106863,31.529528273577107,30.78869847920965,32.27808403284711,300015.SZ
2015-11-06,33.1,-0.22922865644312196,4,0.01846153846153853,-0.022262334536702788,0.05389980976537734,-0.0050473186119873725,3.083151666147632,-3.0462800234329235,4.284814114681801,14.29558011049723,32.393603852692515,31.679097009426904,30.879337754534763,32.28626230117699,300015.SZ
2015-11-09,33.57,0.4959663449641176,0,0.014199395770392753,0.01846153846153853,-0.022262334536702788,0.05389980976537734,5.8990536277602645,0.029797377830753646,9.31292738521654,9.27734375,32.60749406129387,31.859183008529104,30.984853921023596,32.299035810618015,300015.SZ
2015-11-10,33.53,-0.10897902468073839,1,-0.0011915400655346797,0.014199395770392753,0.01846153846153853,-0.022262334536702788,6.309448319594169,-0.38621509209743055,8.126410835214436,6.953748006379579,32.77522241378589,32.01830843628824,31.084663571179536,32.31128421051237,300015.SZ
2015-11-11,33.52,-0.17514480914896768,2,-0.00029824038174763867,-0.0011915400655346797,0.014199395770392753,0.01846153846153853,0.8423586040914532,4.881101376720909,12.407780013413827,9.901639344262314,32.910636520370275,32.16132668045126,31.180166960545048,32.32331123329334,300015.SZ
2015-11-12,33.93,0.28917398154400176,3,0.012231503579952063,-0.00029824038174763867,-0.0011915400655346797,0.014199395770392753,4.400000000000004,4.786905497220495,3.4451219512195097,8.784866944533508,33.095975334848404,32.32977175850352,31.2880035503276,32.3392981861959,300015.SZ
2015-11-13,32.01,-0.07179021613883163,4,-0.056587091069849715,0.012231503579952063,-0.00029824038174763867,-0.0011915400655346797,-3.29305135951663,-0.31142946122704185,-6.239015817223203,0.8506616257088817,32.898525273966875,32.29931730531271,31.316317136589262,32.33602158732828,300015.SZ
2015-11-16,33.09,-0.23225369597110934,0,0.033739456419868974,-0.056587091069849715,0.012231503579952063,-0.00029824038174763867,-1.4298480786416379,4.384858044164042,-1.4004767580452882,7.749918593292104,32.933338860518354,32.37462041909246,31.385873327311252,32.34352386009119,300015.SZ
2015-11-17,32.63,-0.0319466901857024,1,-0.013901480809912381,0.033739456419868974,-0.056587091069849715,0.012231503579952063,-2.684163435729192,3.4559289790742076,-3.0600118835412804,5.224121251209279,32.87818634042411,32.3989422839408,31.434662608593165,32.34637436894601,300015.SZ
2015-11-18,31.5,-0.2373336032798501,2,-0.03463070793748091,-0.013901480809912381,0.033739456419868974,-0.056587091069849715,-6.026252983293567,-5.234657039711199,-1.4392991239048802,5.633802816901401,32.62760700580154,32.31332873308929,31.43722485923657,32.337952733434115,300015.SZ
2015-11-19,32.6,-0.1893416511813114,3,0.03492063492063502,-0.03463070793748091,-0.013901480809912381,0.033739456419868974,-3.9198349543177025,0.3076923076923199,0.6794317479925871,-0.609756097560965,32.62258755020126,32.34063075850936,31.482823884364546,32.34056016892234,300015.SZ
2015-11-20,32.18,0.037413016782644304,4,-0.012883435582822123,0.03492063492063502,-0.03463070793748091,-0.013901480809912381,0.5310840362386715,-2.77945619335348,0.21800062285892707,-5.7410661980082045,32.5421170865283,32.32533259103228,31.510164124193388,32.33896255530122,300015.SZ
2015-11-23,31.24,1.11489898989899,0,-0.029210689869484163,-0.012883435582822123,0.03492063492063502,-0.03463070793748091,-5.590812934421285,-6.94072088173966,-1.4511041009463765,-6.912991656734214,32.305368525341336,32.22196758236254,31.499569452656395,32.32802760450221,300015.SZ
2015-11-24,31.56,-0.5451119402985074,1,0.010243277848911658,-0.029210689869484163,-0.012883435582822123,0.03492063492063502,-3.279190928593334,-5.87533552042947,0.06341154090043766,-6.23885918003565,32.16984697527927,32.158923050708964,31.50193927804242,32.32038553878577,300015.SZ
2015-11-25,33.12,1.7828726109424986,2,0.049429657794676674,0.010243277848911658,-0.029210689869484163,-0.012883435582822123,5.142857142857138,-1.1933174224343812,-0.361010830324926,3.6295369211514217,32.342602070683036,32.25045418873668,31.565392639687815,32.328341901583926,300015.SZ
2015-11-26,32.21,-0.37525791428403,3,-0.027475845410627864,0.049429657794676674,0.010243277848911658,-0.029210689869484163,-1.1963190184049122,-5.0692602416740336,-0.8923076923076922,-0.5250154416306385,32.31849260328612,32.246601408857,31.590671359700057,32.327164370224885,300015.SZ
2015-11-27,31.08,-0.26091059212078316,4,-0.035082272586153485,-0.027475845410627864,0.049429657794676674,0.010243277848911658,-3.4182722187694248,-2.9053420805998154,-6.10271903323264,-3.2077234506384333,32.09331212996137,32.13549651277538,31.570645031868683,32.31475477450125,300015.SZ
2015-11-30,31.83,-0.10571337376316625,0,0.024131274131274028,-0.035082272586153485,-0.027475845410627864,0.049429657794676674,1.8886043533930863,-3.807796917497752,-5.183199285075968,0.4100946372239678,32.04543719724112,32.10640160679677,31.580815814932656,32.3099313439092,300015.SZ
2015-12-01,31.88,-0.14305089585266617,1,0.0015708451146716484,0.024131274131274028,-0.035082272586153485,-0.027475845410627864,1.0139416983523386,-2.2984983144345827,-4.920966298836871,1.0779961953075512,32.01535770683364,32.0848395490066,31.59254852807255,32.30565342008921,300015.SZ
2015-12-02,32.21,0.2293211162015829,2,0.01035131744040152,0.0015708451146716484,0.024131274131274028,-0.035082272586153485,-2.7475845410627864,2.2539682539682637,-3.908114558472564,-3.098676293622149,32.05074721468207,32.09675959195835,31.61676231128539,32.30470164476494,300015.SZ
2015-12-03,33.8,1.3587206938609566,3,0.049363551692021,0.01035131744040152,0.0015708451146716484,0.024131274131274028,4.9363551692021,3.6809815950920033,-0.3831417624521105,3.9999999999999813,32.36879317564897,32.2589729641528,31.70237947554871,32.31958023536429,300015.SZ
2015-12-04,32.97,-0.12645791439241605,4,-0.02455621301775146,0.049363551692021,0.01035131744040152,0.0015708451146716484,6.0810810810810745,2.454940957116225,2.9990627928772273,-0.39274924471299766,32.478103507349154,32.326689824709675,31.752090084350723,32.32605207381838,300015.SZ
2015-12-07,33.75,-0.08142594054196262,0,0.023657870791628843,-0.02455621301775146,0.049363551692021,0.01035131744040152,6.032045240339312,8.034571062740081,1.9945602901178416,0.536193029490617,32.70935741510385,32.462243174737324,31.83043949280756,32.34022070989979,300015.SZ
2015-12-08,32.46,-0.25358012315623657,1,-0.03822222222222216,0.023657870791628843,-0.02455621301775146,0.049363551692021,1.8193224592220947,2.851711026615966,-0.520992951271837,-3.1911720847002667,32.66401970326679,32.46202953904805,31.85512814014844,32.34141254363213,300015.SZ
2015-12-09,31.81,-0.19257518346203661,2,-0.0200246457178066,-0.03822222222222216,0.023657870791628843,-0.02455621301775146,-1.2418503570319817,-3.9553140096618367,0.9841269841269762,-5.101431980906934,32.508743393581916,32.39993148771015,31.853358409162226,32.33612485663082,300015.SZ
2015-12-10,31.53,-0.3100273256504693,3,-0.00880226343917001,-0.0200246457178066,-0.03822222222222216,0.023657870791628843,-6.71597633136094,-2.1111456069543566,-3.2822085889570585,-7.073386383731206,32.33079004929429,32.31708086983299,31.840677687234297,32.32810371377877,300015.SZ
2015-12-11,31.97,0.051829530779164745,4,0.013954963526799702,-0.00880226343917001,-0.0200246457178066,-0.03822222222222216,-3.0330603579011184,2.863577863577871,-0.6525792417650722,-0.12496094970321225,32.26519185851351,32.284025548896516,31.845749150480014,32.324540492746145,300015.SZ
2015-12-14,32.77,0.14930015552099518,0,0.025023459493275002,0.013954963526799702,-0.00880226343917001,-0.0200246457178066,-2.9037037037036972,2.9531888155827968,4.89756722151089,-0.967059534602599,32.356975156965596,32.33030882995399,31.88199428183374,32.32897292565414,300015.SZ
2015-12-15,33.3,0.37191083256178326,1,0.016173329264571157,0.025023459493275002,0.013954963526799702,-0.00880226343917001,2.5878003696857554,4.4542032622333805,5.513307984790861,2.05332516089487,32.52843421933549,32.42266036995837,31.93760234921281,32.33863488659291,300015.SZ
2015-12-16,32.8,-0.344442714011317,2,-0.01501501501501501,0.016173329264571157,0.025023459493275002,0.013954963526799702,3.1122288588494085,1.8317292766221627,-0.9661835748792313,4.126984126984112,32.57780981581994,32.458597477581385,31.971421864929955,32.34322558423875,300015.SZ
2015-12-17,33.6,0.8182610072853975,3,0.024390243902439046,-0.01501501501501501,0.016173329264571157,0.025023459493275002,6.565176022835395,-0.5917159763313529,4.315429990686126,3.0674846625766916,32.76366257657995,32.567302479716496,32.03528767414839,32.355730802306034,300015.SZ
2015-12-18,32.83,-0.19546187012760774,4,-0.022916666666666807,0.024390243902439046,-0.01501501501501501,0.016173329264571157,2.6900218955270505,-0.424628450106157,5.630630630630629,2.019888129272829,32.775723926292684,32.59232129117207,32.06645286339747,32.3604498988005,300015.SZ
2015-12-21,33.92,0.5349428896226927,0,0.033201340237587695,-0.022916666666666807,0.024390243902439046,-0.01501501501501501,3.5093072932560254,0.5037037037037173,6.566132579327699,8.578745198463512,32.9837741215122,32.718766882489014,32.13914098640149,32.375967810255226,300015.SZ
2015-12-22,33.48,-0.24725797919238235,1,-0.012971698113207641,0.033201340237587695,-0.022916666666666807,0.024390243902439046,0.540540540540535,3.1423290203327126,5.018820577164362,6.083650190114054,33.07399700850998,32.79126527463291,32.19172369281712,32.38695320517806,300015.SZ
2015-12-23,33.17,0.0759464017991005,2,-0.009259259259259078,-0.012971698113207641,0.033201340237587695,-0.022916666666666807,1.1280487804878225,4.275385099025475,2.9804408568767427,0.15096618357488545,33.091452097871795,32.8273352484774,32.23008746956939,32.394744715574305,300015.SZ
2015-12-24,33.11,-0.42003048116699326,3,-0.0018088634308109919,-0.009259259259259078,-0.012971698113207641,0.033201340237587695,-1.4583333333333393,5.011100539169044,-2.0414201183431846,2.7941633033219393,33.094824443713286,32.85425570100336,32.26459384331177,32.401861683578545,300015.SZ
2015-12-25,32.7,0.1428035137773107,4,-0.012382965871337914,-0.0018088634308109919,-0.009259259259259078,-0.012971698113207641,-0.39597928723726916,2.2833906787613545,-0.8189262966332933,5.212355212355235,33.02303818121996,32.83956468186018,32.281668594554446,32.4048282339907,300015.SZ
2015-12-28,32.0,0.1896064647526443,0,-0.021406727828746308,-0.012382965871337914,-0.0018088634308109919,-0.009259259259259078,-5.660377358490576,-2.349710100701874,-5.185185185185182,0.5340873389883871,32.837031239179964,32.75960614073064,32.27062276731702,32.40080009235895,300015.SZ
2015-12-29,32.23,-0.32423924449108077,1,0.007187499999999902,-0.021406727828746308,-0.012382965871337914,-0.0018088634308109919,-3.733572281959374,-3.2132132132132174,-0.7085643869377822,1.0978670012546932,32.72666192296542,32.70916746066106,32.26902971761832,32.39910058895239,300015.SZ
2015-12-30,32.79,0.06775089898659692,2,0.017375116351225683,0.007187499999999902,-0.021406727828746308,-0.012382965871337914,-1.1456135061802875,-0.030487804878043256,3.080792203709537,1.8006830176963584,32.73817793697171,32.71686579774095,32.28945992477054,32.402990135330974,300015.SZ
2015-12-31,31.58,0.5863758132414847,3,-0.036901494358036024,0.017375116351225683,0.007187499999999902,-0.021406727828746308,-4.620960434913924,-6.011904761904773,0.15857913098635823,-6.568047337278104,32.527600130249574,32.608592864622764,32.261637966936405,32.394801178760524,300015.SZ
2016-01-04,28.82,-0.3230724693621537,0,-0.08739708676377445,-0.036901494358036024,0.017375116351225683,0.007187499999999902,-11.86544342507646,-12.214438014011563,-9.852987175477,-12.587200485289651,31.85349101565874,32.24777449656345,32.12667177215459,32.35923101777783,300015.SZ
2016-01-05,29.82,0.3500356379187455,1,0.03469812630117963,-0.08739708676377445,-0.036901494358036024,0.017375116351225683,-6.812499999999999,-12.0872641509434,-9.002136100091551,-11.644444444444446,31.48376537644806,32.01655787784313,32.03621405559951,32.333965037501436,300015.SZ
2016-01-06,29.85,-0.41766538197560843,2,0.001006036217303885,0.03469812630117963,-0.08739708676377445,-0.036901494358036024,-7.384424449270854,-10.842293906810019,-10.360360360360342,-8.040665434380777,31.186717126184774,31.810219032334256,31.950480171066197,32.30924896747655,300015.SZ
2016-01-07,27.46,-0.7700815956482321,3,-0.08006700167504188,0.001006036217303885,0.03469812630117963,-0.08739708676377445,-16.254955779200976,-17.214350316551098,-16.280487804878042,-13.674944985853498,30.509132194151178,31.39591245782623,31.77438290945576,32.26099773396932,300015.SZ
2016-01-08,29.24,7.950315457413248,4,0.06482155863073547,-0.08006700167504188,0.001006036217303885,0.03469812630117963,-7.409753008233055,-11.688311688311693,-12.976190476190485,-7.262924199175402,30.27838088612369,31.19058746184278,31.674995344379063,32.23093805502435,300015.SZ
2016-01-11,28.11,0.10837959291567545,0,-0.038645690834473334,0.06482155863073547,-0.08006700167504188,0.001006036217303885,-2.463566967383768,-14.036697247706432,-14.377094121230583,-12.073819205505165,29.88412981591938,30.89719817976252,31.535191605383805,32.18993369626789,300015.SZ
2016-01-12,29.2,-0.3438270132760951,1,0.03877623621487025,-0.038645690834473334,0.06482155863073547,-0.08006700167504188,-2.0791415157612403,-8.750000000000002,-13.915094339622646,-10.89411046689046,29.75974257666131,30.735560257880376,31.443615463996206,32.160183112225425,300015.SZ
2016-01-13,28.99,-0.32456990550036346,2,-0.007191780821917848,0.03877623621487025,-0.038645690834473334,0.06482155863073547,-2.8810720268006795,-10.052745888923365,-13.410991636798087,-12.942942942942937,29.619789380904706,30.569316423796533,31.347395249721846,32.12863900165602,300015.SZ
2016-01-14,30.29,0.6084304932735427,3,0.04484304932735439,-0.007191780821917848,0.03877623621487025,-0.038645690834473334,10.305899490167514,-7.624275693809091,-8.682544467892683,-7.652439024390234,29.741645857103848,30.542714859625434,31.305928769340596,32.11034408621666,300015.SZ
2016-01-15,30.01,-0.25370804059328644,4,-0.009243974909210917,0.04484304932735439,-0.007191780821917848,0.03877623621487025,2.6333789329685553,-4.971500949968322,-9.36273029296284,-10.684523809523805,29.790437519448602,30.491980111089678,31.255108033288025,32.08944514008515,300015.SZ
2016-01-18,30.24,-0.1040047818290496,0,0.007664111962679021,-0.009243974909210917,0.04484304932735439,-0.007191780821917848,7.577374599786557,4.927133934767514,-7.522935779816531,-7.889125799573559,29.872176152276126,30.46798200527161,31.215299875119868,32.07104270088032,300015.SZ
2016-01-19,30.52,0.3614909939959974,1,0.0092592592592593,0.007664111962679021,-0.009243974909210917,0.04484304932735439,4.520547945205489,2.3474178403755763,-4.625000000000002,-10.023584905660387,29.98996230640774,30.472936100007647,31.18803321335046,32.05560944017504,300015.SZ
2016-01-20,29.65,0.14423960311141037,2,-0.028505897771952893,0.0092592592592593,0.007664111962679021,-0.009243974909210917,2.27664711969644,-0.6700167504187671,-8.004964318957486,-11.439665471923533,29.928150977969967,30.39456123334025,31.127718185375937,32.03167302783499,300015.SZ
2016-01-21,28.86,-0.36329086821539447,3,-0.02664418212478914,-0.028505897771952893,0.0092592592592593,0.007664111962679021,-4.72103004291845,5.0983248361252675,-11.985361390667881,-12.993668977992169,29.733941709248153,30.2484125444507,31.038788060459236,32.00011409223465,300015.SZ
2016-01-22,28.9,-0.06540563261874743,4,0.001386001386001423,-0.02664418212478914,-0.028505897771952893,0.0092592592592593,-3.6987670776407966,-1.1627906976744207,-8.486383787207096,-12.715191784959234,29.582315943930304,30.119992302122064,30.9549140188726,31.969267185844252,300015.SZ
2016-01-25,28.93,-0.5193847260951696,0,0.0010380622837371511,0.001386001386001423,-0.02664418212478914,-0.028505897771952893,-4.332010582010581,2.917111348274637,0.3816793893129722,-11.529051987767591,29.463713045033884,30.00665970191996,30.875505625975634,31.93902572130849,300015.SZ
2016-01-26,28.21,1.8536402769979414,1,-0.024887659868648382,0.0010380622837371511,0.001386001386001423,-0.02664418212478914,-7.568807339449535,-3.3904109589041,-5.39906103286385,-11.843749999999996,29.235765218664085,29.83554925411806,30.770975993584432,31.90192098776313,300015.SZ
2016-01-27,29.15,0.19984259198530863,2,0.03332151719248477,-0.024887659868648382,0.0010380622837371511,0.001386001386001423,-1.6863406408094472,0.5519144532597497,-2.345058626465668,-9.55631399317406,29.22017154254334,29.77025884896396,30.707408307561515,31.87453868937743,300015.SZ
2016-01-28,28.37,-0.291461681425604,3,-0.026758147512864427,0.03332151719248477,-0.024887659868648382,0.0010380622837371511,-1.6978516978516933,-6.338725652030364,3.3139111434814295,-13.479719426654457,29.06559489844455,29.63690086334834,30.61574523667675,31.839667657642334,300015.SZ
2016-01-29,29.45,0.1191174201512113,4,0.038068382093760844,-0.026758147512864427,0.03332151719248477,-0.024887659868648382,1.903114186851207,-1.86604465178275,0.7181942544459696,-6.744775174160855,29.135486735090996,29.61910078112469,30.570029737199235,31.815889870004103,300015.SZ
2016-02-01,28.9,-0.2736109196194678,0,-0.018675721561969505,0.038068382093760844,-0.026758147512864427,0.03332151719248477,-0.10369858278603816,-4.43121693121693,2.8103877623621543,0.2775850104094424,29.09267096507445,29.55061499244615,30.504538374956127,31.786876040451823,300015.SZ
2016-02-02,29.9,0.3910980354939737,1,0.03460207612456756,-0.018675721561969505,0.038068382093760844,-0.026758147512864427,5.990783410138234,-2.0314547837483654,2.397260273972601,0.26827632461434714,29.23945806233364,29.583889755070327,30.480830987702944,31.76810115447718,300015.SZ
2016-02-03,30.19,-0.24389411925228555,2,0.009698996655518544,0.03460207612456756,-0.018675721561969505,0.038068382093760844,3.567753001715279,1.821247892074207,4.139358399448101,1.1390284757119007,29.412283869182065,29.641614540301724,30.469425850930282,31.75239865542766,300015.SZ
2016-02-04,30.2,0.03942975728593345,3,0.0003312355084463814,0.009698996655518544,0.03460207612456756,-0.018675721561969505,6.450475854776161,4.643104643104645,-0.29712776493892035,9.9781500364166,29.555504983876233,29.694794107892037,30.458860131285956,31.736951902637337,300015.SZ
2016-02-05,29.92,-0.23506944444444444,4,-0.009271523178807861,0.0003312355084463814,0.009698996655518544,0.03460207612456756,1.595925297113765,3.529411764705892,-0.29990003332222015,2.3255813953488413,29.621776804989643,29.716242288092793,30.437728361431603,31.71887277922801,300015.SZ
2016-02-15,30.39,0.08749432591920092,0,0.015708556149732544,-0.009271523178807861,0.0003312355084463814,0.009698996655518544,5.155709342560555,5.046664362253717,0.49603174603174427,8.110992529348993,29.761453749536976,29.780409689226815,30.435856660983305,31.705650164509326,300015.SZ
2016-02-16,31.01,0.6775540018783262,1,0.020401447844685894,0.015708556149732544,-0.009271523178807861,0.0003312355084463814,3.7123745819398035,9.925558312655092,1.6055045871559592,6.198630136986316,29.988462158712068,29.89751352834807,30.458372086042782,31.698728272325155,300015.SZ
2016-02-17,30.63,-0.1351704404080617,2,-0.012254111576910809,0.020401447844685894,0.015708556149732544,-0.009271523178807861,1.457436237164611,5.077186963979408,3.305227655986509,5.657123145912379,30.1051054025826,29.967274144695875,30.465102592472476,31.688094160162716,300015.SZ
2016-02-18,30.55,-0.36840969574911886,3,-0.0026118184786156906,-0.012254111576910809,0.020401447844685894,0.015708556149732544,1.1589403973510048,7.684173422629548,5.855855855855863,0.8583690987124415,30.18599532938576,30.022771845201028,30.468431902571595,31.6767698401611,300015.SZ
2016-02-19,30.74,0.2541851725316022,4,0.00621931260229136,-0.0026118184786156906,-0.012254111576910809,0.020401447844685894,2.740641711229941,4.380305602716472,6.366782006920424,2.432522492502498,30.286723451315623,30.091079288515214,30.479081631882515,31.667448747224174,300015.SZ
2016-02-22,30.77,0.02297285026786522,0,0.0009759271307743234,0.00621931260229136,-0.0026118184786156906,-0.012254111576910809,1.2504113195130007,6.470588235294117,6.36017974421017,1.7526455026455112,30.37459191471278,30.15573840389472,30.490490195338104,31.658518908943336,300015.SZ
2016-02-23,30.47,-0.16545357713474174,1,-0.009749756256093645,0.0009759271307743234,0.00621931260229136,-0.0026118184786156906,-1.741373750403108,1.9063545150501682,8.011343495214462,-0.163826998689387,30.391938839310455,30.18566807971427,30.489686658266024,31.646692850147883,300015.SZ
2016-02-24,29.93,0.010955115932780313,2,-0.01772234985231369,-0.009749756256093645,0.0009759271307743234,0.00621931260229136,-2.285341168788768,-0.8612123219609247,2.6758147512864427,0.9443507588532851,30.307949959435824,30.1613187387891,30.467738161863434,31.629611329250892,300015.SZ
2016-02-25,28.15,0.7520252498684903,3,-0.05947210157033078,-0.01772234985231369,-0.009749756256093645,0.0009759271307743234,-7.855973813420625,-6.788079470198682,-0.7754670426506904,-2.460152460152465,29.91559542135658,29.969764573190137,30.37684646924134,31.59498833094989,300015.SZ
2016-02-26,28.67,-0.2561100102083709,4,0.01847246891651877,-0.05947210157033078,-0.01772234985231369,-0.009749756256093645,-6.7338972023422095,-4.177807486631013,-2.6485568760611145,-0.7958477508650419,29.689123526564472,29.845977470981552,30.309911313584816,31.5658839694479,300015.SZ
2016-02-29,28.15,0.09113658379076517,0,-0.018137425880711655,0.01847246891651877,-0.05947210157033078,-0.01772234985231369,-8.514787130321743,-7.370845672918724,-2.595155709342556,-2.6961631524369256,29.409282885370928,29.684455807078546,30.22520890913051,31.531895074229514,300015.SZ
2016-03-01,28.0,-0.14174742916327576,1,-0.005328596802841923,-0.018137425880711655,0.01847246891651877,-0.05947210157033078,-8.106334099113877,-9.706546275395034,-6.35451505016722,-0.7444168734491385,29.153049633485303,29.524031444499638,30.137945814654806,31.496751839660067,300015.SZ
2016-03-02,29.02,0.5908111369709508,2,0.03642857142857148,-0.005328596802841923,-0.018137425880711655,0.01847246891651877,-3.0404276645506156,-5.256284688214164,-3.8754554488241166,-0.4459691252144071,29.12885879103343,29.476028449785385,30.094104802315403,31.472107542748027,300015.SZ
2016-03-03,28.55,-0.31449471687889463,3,-0.01619572708476913,0.03642857142857148,-0.005328596802841923,-0.018137425880711655,1.4209591474245276,-6.54664484451718,-5.4635761589403975,0.6344730348960104,29.02361173811826,29.38783526409154,30.03355167281284,31.443031845805262,300015.SZ
2016-03-04,27.22,0.2898585092087582,4,-0.046584938704028134,-0.01619572708476913,0.03642857142857148,-0.005328596802841923,-5.057551447506114,-11.450878334417691,-9.024064171123003,-7.57215619694398,28.695682331187665,29.18137476274949,29.92321631309469,31.401011628434066,300015.SZ
2016-03-07,27.4,-0.23630346856232387,0,0.006612784717119791,-0.046584938704028134,-0.01619572708476913,0.03642857142857148,-2.6642984014209614,-10.95222619434515,-9.838762750904905,-5.190311418685123,28.46010372551718,29.011720023440013,29.824266653757647,31.361200567454624,300015.SZ
2016-03-08,28.18,0.2338308457711442,1,0.028467153284671642,0.006612784717119791,-0.046584938704028134,-0.01619572708476913,0.642857142857145,-7.515589104036757,-9.126088358594009,-5.752508361204011,28.409175775423147,28.9325085926362,29.75978560851225,31.329546830465027,300015.SZ
2016-03-09,27.75,-0.5254942767950053,2,-0.015259048970901357,0.028467153284671642,0.006612784717119791,-0.046584938704028134,-4.376292212267396,-7.283661877714664,-9.402546523016653,-8.082146406094736,28.28932563443712,28.819888726670847,29.680970486609812,31.293929449067367,300015.SZ
2016-03-10,27.74,-0.007127192982456121,3,-0.0003603603603604677,-0.015259048970901357,0.028467153284671642,0.006612784717119791,-2.837127845884424,-1.4564831261101197,-9.198036006546651,-8.145695364238414,28.189448246357642,28.717042181273623,29.60485399693884,31.258566966987097,300015.SZ
2016-03-11,27.83,-0.2963832136940917,4,0.0032444124008652597,-0.0003603603603604677,-0.015259048970901357,0.028467153284671642,2.2409992652461463,-2.9298918730380263,-9.466493168510082,-6.985294117647067,28.124094019747158,28.632561973533278,29.535251879411824,31.224451872788222,300015.SZ
2016-03-14,28.59,1.1069256425348244,0,0.027308659719726958,0.0032444124008652597,-0.0003603603603604677,-0.015259048970901357,4.343065693430659,1.5630550621669625,-7.08482287942801,-5.923000987166837,28.208804197974946,28.628508452244397,29.49818317825842,31.198238421317697,300015.SZ
2016-03-15,27.9,-0.11174224788155318,1,-0.02413431269674715,0.027308659719726958,0.0032444124008652597,-0.0003603603603604677,-0.9936124911284594,-0.357142857142867,-8.43452576304562,-10.029022895840056,28.152657980161315,28.559126694887787,29.43550932813064,31.165420128568268,300015.SZ
2016-03-16,27.87,-0.22560016773246672,2,-0.0010752688172042113,-0.02413431269674715,0.027308659719726958,0.0032444124008652597,0.432432432432428,-3.9627842866988283,-6.8827263615101835,-9.010773751224288,28.101265620131983,28.49349558108895,29.37411680545885,31.132629878532764,300015.SZ
2016-03-17,28.72,0.8246920265330984,3,0.030498744169357606,-0.0010752688172042113,-0.02413431269674715,0.027308659719726958,3.532804614275409,0.5954465849387081,2.0248667850799373,-5.990180032733228,28.213762780107984,28.515067430509053,29.34846516602909,31.108623611084678,300015.SZ
2016-03-18,29.23,0.06973811113584105,4,0.017757660167130984,0.030498744169357606,-0.0010752688172042113,-0.02413431269674715,5.030542579949704,7.384276267450418,1.9532612486920176,-4.912166558230313,28.398533183724716,28.583156246651047,29.343819473243634,31.08993083883508,300015.SZ
2016-03-21,29.6,0.06810458422914212,0,0.012658227848101333,0.017757660167130984,0.030498744169357606,-0.0010752688172042113,3.5327037425673335,8.029197080291972,5.150976909413862,-3.8024049398765025,28.61698169577477,28.679998508874757,29.35386576841055,31.075105656359113,300015.SZ
2016-03-22,29.18,-0.35835335367833254,1,-0.01418918918918921,0.012658227848101333,0.017757660167130984,0.030498744169357606,4.587813620071679,3.548616039744501,4.214285714285704,-4.233672464719396,28.719348660179353,28.727617698505732,29.347047502982686,31.056248883659023,300015.SZ
2016-03-23,29.18,-0.13529649868447668,2,0.0,-0.01418918918918921,0.012658227848101333,0.017757660167130984,4.700394689630416,5.153153153153145,0.5513439007581056,-2.505846976277981,28.80310344923765,28.770701727219475,29.340496620512777,31.037579740538042,300015.SZ
2016-03-24,29.17,0.34663545933294304,3,-0.0003427004797805777,0.0,-0.01418918918918921,0.012658227848101333,1.566852367688032,5.1550108147080165,2.1716287215411523,3.6234458259325253,28.869811913012622,28.808730134150956,29.333810478531884,31.018996857547613,300015.SZ
2016-03-25,29.23,-0.4278265403667332,4,0.002056907781967654,-0.0003427004797805777,0.0,-0.01418918918918921,0.0,5.030542579949704,7.384276267450418,1.9532612486920176,28.935300656101234,28.848851073755625,29.32973947937377,31.00119589379092,300015.SZ
2016-03-28,29.41,0.5174665856622114,0,0.006158056790968258,0.002056907781967654,-0.0003427004797805777,0.0,-0.6418918918918992,2.868135711787345,7.33576642335767,4.476021314387224,29.02160962771919,28.902293828636044,29.332886950770877,30.98536309882783,300015.SZ
2016-03-29,29.19,0.16034430987889103,1,-0.007480448826929553,0.006158056790968258,0.002056907781967654,-0.0003427004797805777,0.034270047978068874,4.623655913978508,3.5841022001419587,4.249999999999998,29.052226059042972,28.929694416384994,29.327283540936726,30.96749878938676,300015.SZ
2016-03-30,30.1,0.10696109721383595,2,0.031175059952038398,-0.007480448826929553,0.006158056790968258,0.002056907781967654,3.152844413982181,8.001435235019727,8.46846846846847,3.7215713301171682,29.242730411944247,29.041152091014993,29.3575861471745,30.958866960636644,300015.SZ
2016-03-31,29.84,-0.24062962674355182,3,-0.008637873754152925,0.031175059952038398,-0.007480448826929553,0.006158056790968258,2.296880356530684,3.8997214484679743,7.570295602018762,4.518388791593697,29.35132488249984,29.11723284425166,29.376504337481386,30.947733956053195,300015.SZ
2016-04-01,30.0,-0.16818881477680858,4,0.00536193029490617,-0.008637873754152925,0.031175059952038398,-0.007480448826929553,2.6342798494697117,2.6342798494697117,7.797340998922042,10.213078618662763,29.46926581295441,29.201305906703883,29.400955147776234,30.938303767435755,300015.SZ
2016-04-05,30.37,0.7184801381692574,1,0.012333333333333307,0.00536193029490617,-0.008637873754152925,0.031175059952038398,3.264195851751106,2.6013513513513553,6.225953130465212,10.83941605839418,29.63303566514452,29.31261010606542,29.438956906686972,30.932649003580675,300015.SZ
2016-04-06,30.3,-0.4204594400574301,2,-0.002304906157392206,0.012333333333333307,0.00536193029490617,-0.008637873754152925,3.802672147995878,3.8382453735435362,8.602150537634422,7.523066004258339,29.754301907845516,29.406647238821094,29.47272330250317,30.926353988619674,300015.SZ
2016-04-07,29.61,0.20339402948098595,3,-0.022772277227722793,-0.002304906157392206,0.012333333333333307,0.00536193029490617,-1.6279069767441978,1.473612063056895,6.243272335844985,6.702702702702701,29.728065197328146,29.42601416845718,29.478106702405007,30.913255938981667,300015.SZ
2016-04-08,31.22,4.566237776634071,4,0.05437352245862881,-0.022772277227722793,-0.002304906157392206,0.012333333333333307,4.624664879356555,7.027768255056555,8.704735376044571,12.54506128334536,29.99932607054121,29.596869961937447,29.546416243487162,30.916308118693294,300015.SZ
2016-04-11,31.6,-0.3691101412826392,0,0.0121716848174247,0.05437352245862881,-0.022772277227722793,-0.002304906157392206,5.3333333333333455,8.108108108108114,8.108108108108114,13.546532518864552,30.29035769407917,29.78764425127674,29.626948939821,30.923111022984905,300015.SZ
2016-04-12,32.39,0.28238949466525964,1,0.02499999999999991,0.0121716848174247,0.05437352245862881,-0.022772277227722793,6.6513006256173846,10.13260795647739,9.42567567567567,13.291360615599856,30.67211084061023,30.03548765591705,29.73530388335743,30.937706933203962,300015.SZ
2016-04-13,32.13,-0.22251428571428578,2,-0.008027168879283675,0.02499999999999991,0.0121716848174247,0.05437352245862881,6.039603960396045,10.07194244604317,10.10966415352983,15.161290322580667,30.937181596862917,30.234965022020187,29.829213534990476,30.9495705458089,300015.SZ
2016-04-14,32.7,-0.278935763633691,3,0.017740429505135324,-0.008027168879283675,0.02499999999999991,0.0121716848174247,10.435663627153001,8.637873754152835,12.063056888279643,17.33046286329387,31.25769403379693,30.469730258018263,29.941793396363398,30.966987754308317,300015.SZ
2016-04-15,32.07,-0.41276960084804504,4,-0.019266055045871644,0.017740429505135324,-0.008027168879283675,0.02499999999999991,2.722613709160804,7.473190348525471,9.941720946177579,11.664345403899734,31.405386027652032,30.622136900111762,30.025252478858953,30.977963000534107,300015.SZ
2016-04-18,31.65,-0.14628896757619947,0,-0.013096351730589428,-0.019266055045871644,0.017740429505135324,-0.008027168879283675,0.15822784810126667,5.499999999999994,8.279165241190544,8.279165241190544,31.44986129535166,30.72002862391064,30.088968067923307,30.98464993585218,300015.SZ
2016-04-19,31.67,-0.1851821730644112,1,0.0006319115323856206,-0.013096351730589428,-0.019266055045871644,0.017740429505135324,-2.2229083050324117,4.280540006585443,7.684461067664072,6.993243243243241,31.48988651437863,30.810502088300105,30.15096932016161,30.99146933947554,300015.SZ
2016-04-20,30.9,1.1021059986026551,2,-0.024313230186296275,0.0006319115323856206,-0.013096351730589428,-0.019266055045871644,-3.8281979458450133,1.980198019801982,5.858170606372037,5.894448252227558,31.38263442085524,30.81902569893819,30.180343072312137,30.99055919679419,300015.SZ
2016-04-21,30.73,-0.46503015051517027,3,-0.005501618122977336,-0.024313230186296275,0.0006319115323856206,-0.013096351730589428,-6.024464831804288,3.78250591016549,2.0930232558139528,5.311857436600409,31.263973617063378,30.810547060944078,30.201898245946957,30.98796656797037,300015.SZ
2016-04-22,31.32,0.032750510339930816,4,0.019199479336153624,-0.005501618122977336,-0.024313230186296275,0.0006319115323856206,-2.3386342376052416,0.32030749519538215,4.959785522788196,7.370586218717845,31.274160232142762,30.859066388473213,30.24574537355688,30.991270383214445,300015.SZ
2016-04-25,30.89,-0.15709865933310418,0,-0.01372924648786722,0.019199479336153624,-0.005501618122977336,-0.024313230186296275,-2.40126382306477,-2.2468354430379756,2.966666666666673,5.679096818337315,31.204312917207712,30.86201244671386,30.271010260868376,30.990262717709825,300015.SZ
2016-04-26,32.44,1.1012438825448614,1,0.05017805114923912,-0.01372924648786722,0.019199479336153624,-0.005501618122977336,2.4313230186296053,0.15436863229389974,6.8159367797168136,10.302618157089416,31.42898329589722,31.01229697559825,30.356068682010793,31.00468796429978,300015.SZ
2016-04-27,32.11,-0.35746518511330005,2,-0.010172626387176309,0.05017805114923912,-0.01372924648786722,0.019199479336153624,3.915857605177986,-0.06224712107065766,5.9735973597359715,10.003425830763945,31.55280451482499,31.11684012077937,30.424850302324096,31.01568609400824,300015.SZ
2016-04-28,32.18,0.4651865277148468,3,0.0021800062285892707,-0.010172626387176309,0.05017805114923912,-0.01372924648786722,4.718516108037751,-1.590214067278295,8.679500168861875,6.910299003322251,31.666840057584082,31.218093442609906,30.493679702232956,31.027271307003186,300015.SZ
2016-04-29,31.78,-0.43392433769714467,4,-0.0124300807955251,0.0021800062285892707,-0.010172626387176309,0.05017805114923912,1.4687100893997496,-0.9042719052073545,1.7937219730941756,6.501340482573736,31.687414592568793,31.271608352837536,30.544123635478723,31.03476114474445,300015.SZ
2016-05-03,32.3,0.6412637712828917,1,0.016362492133417117,-0.0124300807955251,0.0021800062285892707,-0.010172626387176309,4.56458400776949,2.0537124802527673,2.215189873417711,7.666666666666666,31.798793757556282,31.369550414472055,30.612981532126614,31.04735058609028,300015.SZ
2016-05-04,32.0,-0.41279263286364143,2,-0.009287925696594312,0.016362492133417117,-0.0124300807955251,0.0021800062285892707,-1.3563501849568338,1.0419955794126912,-1.2040753318925623,5.367138623641754,31.835376710727864,31.429593232141382,30.667374413219687,31.056829684736147,300015.SZ
2016-05-05,32.0,0.11563533301842233,3,0.0,-0.009287925696594312,0.016362492133417117,-0.0124300807955251,-0.34257240734972827,3.5598705501618255,-0.4046062869592415,5.610561056105601,31.865308217868254,31.483917686223155,30.71963424015225,31.066214463992505,300015.SZ
2016-05-06,30.79,0.44982640359048176,4,-0.03781250000000003,0.0,-0.009287925696594312,0.016362492133417117,-4.319453076445001,0.1952489424015491,-5.840978593272183,3.9851401553529175,31.669797632801295,31.417830287535235,30.722393681714905,31.063466061365716,300015.SZ
2016-05-09,31.0,-0.18269960866771795,0,0.006820396232543047,-0.03781250000000003,0.0,-0.009287925696594312,-2.4543738200125897,-1.0217113665389577,-3.336451512316807,-0.7046764894298452,31.54801624501924,31.378036926817593,30.733280204000597,31.06283455826755,300015.SZ
2016-05-10,30.62,-0.4182091045522762,1,-0.012258064516128986,0.006820396232543047,-0.03781250000000003,0.0,-5.2012383900928665,-0.8740692780835224,-3.2543443917851467,-3.1012658227848156,31.379286018652103,31.305842933787346,30.728837843059395,31.058428244254937,300015.SZ
2016-05-11,31.83,0.8554231666871395,2,0.03951665578053554,-0.012258064516128986,0.006820396232543047,-0.03781250000000003,-0.5312500000000053,-1.8803945745992534,0.5052099778970476,-1.728928681691888,31.461234015260807,31.355762654379028,30.772020672743338,31.066105575157877,300015.SZ
2016-05-12,32.05,-0.10215160542866608,3,0.00691171850455552,0.03951665578053554,-0.012258064516128986,0.006820396232543047,0.15624999999999112,-0.18685767673622955,3.721682847896446,-0.24898848428261955,31.56828237612248,31.421880496819117,30.822137509106344,31.075895569434913,300015.SZ
2016-05-13,31.45,-0.4178587229022268,4,-0.018720748829953116,0.00691171850455552,0.03951665578053554,-0.012258064516128986,2.1435531016563925,-2.268489745183344,2.3429873088187447,-3.822629969418967,31.546776489554755,31.424558544741103,30.846759567572764,31.07961800157984,300015.SZ
2016-05-16,32.65,0.6771374287523748,0,0.038155802861685295,-0.018720748829953116,0.00691171850455552,0.03951665578053554,5.32258064516129,2.737570799244793,4.2464878671775175,1.808543810414709,31.74736258236298,31.541267254765756,30.917474878648346,31.09524369310641,300015.SZ
2016-05-17,32.52,0.10671399441129825,1,-0.0039816232771821,0.038155802861685295,-0.018720748829953116,0.00691171850455552,6.2050947093402975,0.681114551083617,5.276788604726468,2.7488151658767945,31.88784211284244,31.634479897169015,30.98031900105429,31.109420372776995,300015.SZ
2016-05-18,31.78,-0.3304899686092534,2,-0.022755227552275548,-0.0039816232771821,0.038155802861685295,-0.018720748829953116,-0.15708451146716484,-0.6874999999999964,-2.0345252774352507,0.347331859804223,31.868234455961993,31.64833895458149,31.011679040228632,31.11609280687872,300015.SZ
2016-05-19,32.33,0.08103149526042208,3,0.017306482064191275,-0.022755227552275548,-0.0039816232771821,0.038155802861685295,0.8736349453978276,1.0312499999999947,0.6851448146994565,4.627831715210351,31.952191827605265,31.713259054145155,31.063377901396137,31.12817148541724,300015.SZ
2016-05-20,32.51,0.19866113520648687,4,0.005567584287039962,0.017306482064191275,-0.022755227552275548,-0.0039816232771821,3.370429252782192,5.58622929522572,1.025481665630812,5.792385291246327,32.0536114953134,31.789139144226567,31.12010817977276,31.141921022875778,300015.SZ
2016-05-23,32.71,0.028160151026508373,0,0.006151953245155495,0.005567584287039962,0.017306482064191275,-0.022755227552275548,0.1837672281776559,5.516129032258066,2.9263687853996245,4.438058748403573,32.17295485980187,31.876840178109752,31.1824568786052,31.157523798767564,300015.SZ
2016-05-24,32.42,-0.3068625200826257,1,-0.008865790278202335,0.006151953245155495,0.005567584287039962,0.017306482064191275,-0.30750307503075724,5.878510777269752,0.37151702786379914,4.95305924247329,32.21787215801971,31.928569684956443,31.230987981405,31.170085751018636,300015.SZ
2016-05-25,32.37,0.02461368653421636,2,-0.0015422578655152064,-0.008865790278202335,0.006151953245155495,0.005567584287039962,1.856513530522319,1.6965127238454336,1.156249999999992,-0.21578298397040285,32.24553176565249,31.970610667341546,31.275655119389118,31.182025196282137,300015.SZ
2016-05-26,31.89,0.1347624690294087,3,-0.014828544949026745,-0.0015422578655152064,-0.008865790278202335,0.006151953245155495,-1.3609650479430746,-0.4992199687987364,-0.3437499999999982,-0.6851448146994676,32.18088962644294,31.962933460928067,31.299747075491506,31.189069721692267,300015.SZ
2016-05-27,31.55,-0.4960129105752801,4,-0.010661649419880792,-0.014828544949026745,-0.0015422578655152064,-0.008865790278202335,-2.952937557674551,0.31796502384737746,2.4683338746346317,-1.9577377252952166,32.06618242163513,31.923606464649204,31.30956091566831,31.19266106774508,300015.SZ
2016-05-30,31.9,0.38425315501977764,0,0.011093502377178988,-0.010661649419880792,-0.014828544949026745,-0.0015422578655152064,-2.476306939773776,-2.297090352220521,2.9032258064516148,0.37759597230961894,32.035967435883286,31.92135822992071,31.33271538956367,31.199699266075978,300015.SZ
2016-05-31,32.94,1.1801605660634102,1,0.03260188087774285,0.011093502377178988,-0.010661649419880792,-0.014828544949026745,1.603948180135717,1.291512915129145,7.576747224036562,1.981424148606803,32.20033699299542,32.01837173183302,31.395746158600392,31.217015691289152,300015.SZ
2016-06-01,33.27,0.07296217700661578,2,0.010018214936247993,0.03260188087774285,0.011093502377178988,-0.010661649419880792,2.7803521779425466,4.688483322844572,4.52403393025449,3.9687500000000098,32.394821176087156,32.1375744240394,31.469246309243516,31.23744339585344,300015.SZ
2016-06-02,33.49,-0.501017974521552,3,0.006612563871355448,0.010018214936247993,0.03260188087774285,0.011093502377178988,5.01724678582629,3.5879987627590593,4.492979719188783,4.656250000000006,32.59394459861676,32.266376859845174,31.54849155201828,31.259856894402162,300015.SZ
2016-06-03,33.0,1.9436931685707624,4,-0.014631233203941552,0.006612563871355448,0.010018214936247993,0.03260188087774285,4.5958795562599075,1.5072285450630662,4.9284578696343395,7.17765508281909,32.66777285341371,32.33624573033611,31.605413451939132,31.27717175117428,300015.SZ
2016-06-06,32.82,-0.4931685873826779,0,-0.00545454545454549,-0.014631233203941552,0.006612563871355448,0.010018214936247993,2.8840125391849547,0.33628859675940426,0.5206738131699806,5.8709677419354955,32.695450516429396,32.382317565542195,31.653044296961127,31.292523276038217,300015.SZ
2016-06-07,33.25,-0.20034380371933114,1,0.013101767215112803,-0.00545454545454549,-0.014631233203941552,0.006612563871355448,0.941105039465695,2.560148056755085,2.2447724477244746,8.58915741345525,32.796277695260414,32.46495398787151,31.71567001080579,31.312000656376146,300015.SZ
2016-06-08,32.86,-0.04582763337893292,2,-0.0117293233082707,0.013101767215112803,-0.00545454545454549,-0.014631233203941552,-1.2323414487526385,1.5137472968798305,3.3983637507866593,3.2359409362237024,32.80786356884943,32.50257741759803,31.760545696656546,31.327403634919666,300015.SZ
2016-06-13,31.91,0.01781874039938547,0,-0.02891052951917228,-0.0117293233082707,0.013101767215112803,-0.00545454545454549,-4.717826216781129,0.06271558482282558,-1.2991030003093096,-0.4368174726989027,32.64461564724044,32.44614147306489,31.76640664972884,31.333200613676684,300015.SZ
2016-06-14,32.63,-0.07435355669584465,1,0.022563459730492008,-0.02891052951917228,-0.0117293233082707,0.013101767215112803,-1.1212121212121118,3.4231378763866838,0.36911719470933413,3.7519872813990496,32.64195825683309,32.463651808963476,31.80027305562183,31.346104090157514,300015.SZ
2016-06-15,33.53,0.6624999999999999,2,0.02758197977321486,0.022563459730492008,-0.02891052951917228,-0.0117293233082707,2.1633150517976762,5.109717868338559,2.506878630388254,2.6952526799387533,32.80342039195435,32.56520877953838,31.86810548481313,31.367834397718138,300015.SZ
2016-06-16,33.2,0.4290944753187318,3,-0.00984193259767363,0.02758197977321486,0.022563459730492008,-0.02891052951917228,-0.15037593984961184,0.789313904068023,2.4059222702035754,2.091020910209096,32.875525775235374,32.625665086249015,31.92033664227144,31.38606490122343,300015.SZ
2016-06-17,34.75,0.0851404520084178,4,0.04668674698795172,-0.00984193259767363,0.02758197977321486,0.022563459730492008,5.7516737674984775,4.448452058911934,7.352486870559161,9.345500314663301,33.216339270647126,32.82798269708244,32.0313038327706,31.419536892256037,300015.SZ
2016-06-20,34.7,-0.3406973312534255,0,-0.0014388489208632116,0.04668674698795172,-0.00984193259767363,0.02758197977321486,8.743340645565656,3.6130188115855555,8.811539667607416,7.330652644602553,33.4860957668931,33.00627005926506,32.13595858442665,31.45217831621369,300015.SZ
2016-06-21,34.49,0.03280470648420519,1,-0.006051873198847257,-0.0014388489208632116,0.04668674698795172,-0.00984193259767363,5.700275819797729,4.5151515151515165,9.318541996830444,6.090433712703791,33.66862380927617,33.14757767266839,32.22827393405698,31.4824053976444,300015.SZ
2016-06-22,34.76,-0.2738530121973871,2,0.007828356045230356,-0.006051873198847257,-0.0014388489208632116,0.04668674698795172,3.6683566954965663,5.9110298598415545,8.965517241379306,6.267196575970635,33.867055843953224,33.30114170384283,32.327557309191995,31.51501827925988,300015.SZ
2016-06-23,33.96,0.005798090040927573,3,-0.023014959723820394,0.007828356045230356,-0.006051873198847257,-0.0014388489208632116,2.289156626506017,2.135338345864657,3.0965391621129434,4.750154225786551,33.88395478141627,33.36389011300066,32.391574669615835,31.53934645558565,300015.SZ
2016-06-24,33.9,0.43438453713123093,4,-0.0017667844522968323,-0.023014959723820394,0.007828356045230356,-0.006051873198847257,-2.4460431654676262,3.164942178940966,1.8935978358881833,4.726598702502316,33.88687209388603,33.41494819747679,32.45072860414071,31.562835545579826,300015.SZ
2016-06-27,34.39,-0.08404255319148934,0,0.014454277286135797,-0.0017667844522968323,-0.023014959723820394,0.007828356045230356,-0.8933717579250766,7.771858351613914,2.687369363989256,7.839448102853552,33.97834989499766,33.50781027390757,32.52677846280186,31.590966535176047,300015.SZ
2016-06-28,35.14,0.1024003097173829,1,0.02180866530968295,0.014454277286135797,-0.0017667844522968323,-0.023014959723820394,1.8846042331110535,7.692307692307687,6.484848484848493,11.378763866877971,34.18955900499809,33.6632569144878,32.62925773877041,31.62628030099519,300015.SZ
2016-06-29,36.45,0.5361428153350893,2,0.037279453614115,0.02180866530968295,0.014454277286135797,-0.0017667844522968323,4.861910241657097,8.708619147032515,11.060329067641694,14.263322884012553,34.60054827681662,33.92866101786991,32.77909076862255,31.674277511930562,300015.SZ
2016-06-30,36.53,-0.39077919603734046,3,0.0021947873799725848,0.037279453614115,0.02180866530968295,0.014454277286135797,7.567726737338054,10.030120481927707,9.864661654135332,10.898603521554362,34.95135768103178,34.176407587596586,32.92618524828441,31.72259315857802,300015.SZ
2016-07-01,35.93,-0.31434110951279004,4,-0.01642485628250756,0.0021947873799725848,0.037279453614115,0.02180866530968295,5.988200589970516,3.395683453237419,9.342665855143029,7.995190862639001,35.12929264811691,34.34341638877786,33.04398190521444,31.76445790326879,300015.SZ
2016-07-04,36.15,0.4184073702453708,0,0.006123016977456208,-0.01642485628250756,0.0021947873799725848,0.037279453614115,5.117766792672285,4.17867435158501,13.287370730178626,7.94266945356823,35.31487580300474,34.51547197079901,33.1657865363825,31.808095138062136,300015.SZ
2016-07-05,35.9,-0.4539549839228296,1,-0.006915629322268302,0.006123016977456208,-0.01642485628250756,0.0021947873799725848,2.1627774615822437,4.088141490287023,10.021452650934703,8.787878787878789,35.42126202064024,34.647331783103866,33.27301059377926,31.848810609325202,300015.SZ
2016-07-06,36.83,0.3905311506300788,2,0.025905292479108555,-0.006915629322268302,0.006123016977456208,-0.01642485628250756,1.0425240054869667,5.9551208285385515,9.841932597673718,12.218159658744664,35.67739619870565,34.85520494661778,33.412500374415366,31.898374682864254,300015.SZ
2016-07-07,36.72,1.0549673922249512,3,-0.0029866956285636848,0.025905292479108555,-0.006915629322268302,0.006123016977456208,0.5201204489460709,8.127208480565361,10.60240963855421,10.436090225563909,35.86696052621372,35.03280447551133,33.54220624208535,31.94635105417904,300015.SZ
2016-07-08,36.4,-0.36001318880600086,4,-0.008714596949891074,-0.0029866956285636848,0.025905292479108555,-0.006915629322268302,1.3080990815474536,7.374631268436582,4.748201438848909,10.772976262933653,35.96387679417486,35.16301357308168,33.65427658553298,31.99066596906283,300015.SZ
2016-07-11,36.79,-0.14618753219989689,0,0.010714285714285676,-0.008714596949891074,-0.0029866956285636848,0.025905292479108555,1.7704011065006853,6.978772899098562,6.023054755043211,15.293011595111249,36.11408101341579,35.31796466135961,33.77724613119836,32.038420536534844,300015.SZ
2016-07-12,38.0,0.7701010710514404,1,0.03288937211198695,0.010714285714285676,-0.008714596949891074,-0.0029866956285636848,5.84958217270195,8.13887307911212,10.176862858799641,16.457247931351503,36.45697537461292,35.57339659837298,33.94284432213176,32.09773973517629,300015.SZ
2016-07-13,37.51,-0.3586585989432419,2,-0.012894736842105292,0.03288937211198695,0.010714285714285676,-0.008714596949891074,1.8463209340211728,2.9080932784636415,7.911392405063289,11.869967193557995,36.64843439741056,35.75783501757555,34.082732780087376,32.15159307114469,300015.SZ
2016-07-14,37.5,-0.23453591123513384,3,-0.0002665955745133619,-0.012894736842105292,0.03288937211198695,0.010714285714285676,2.12418300653594,2.6553517656720427,10.424028268551243,12.951807228915646,36.803264506972276,35.92375549209216,34.21674325929963,32.204811050536286,300015.SZ
2016-07-15,38.01,0.04261782831351457,4,0.013600000000000056,-0.0002665955745133619,-0.012894736842105292,0.03288937211198695,4.42307692307693,5.789034233231272,12.123893805309738,9.381294964028775,37.022670960250046,36.12244544522624,34.36549842560161,32.262574124660304,300015.SZ
2016-07-18,38.51,1.1455211455211458,0,0.01315443304393571,0.013600000000000056,-0.0002665955745133619,-0.012894736842105292,4.67518347377005,6.528354080221299,11.980226810119209,10.979827089337157,37.29309442202276,36.34983159329993,34.52802789910743,32.324737566205975,300015.SZ
2016-07-19,37.95,-0.35837342852708365,1,-0.014541677486367033,0.01315443304393571,0.013600000000000056,-0.0002665955745133619,-0.1315789473684159,5.710306406685239,7.996585088218566,10.031893302406502,37.412531799836806,36.502228584414226,34.66222288345615,32.38071032674124,300015.SZ
2016-07-20,37.7,-0.04795597484276737,2,-0.006587615283267456,-0.014541677486367033,0.01315443304393571,0.013600000000000056,0.5065315915755875,2.362204724409467,3.429355281207136,8.457997698504037,37.46479874532102,36.61630205256525,34.78135139783042,32.43363858219655,300015.SZ
2016-07-21,37.57,-0.17474433081369511,3,-0.0034482758620690834,-0.006587615283267456,-0.014541677486367033,0.01315443304393571,0.1866666666666683,2.314814814814814,2.8469750889679624,10.630153121319207,37.48392624617174,36.70713042851142,34.89071016654296,32.48474665600554,300015.SZ
2016-07-22,36.99,0.43249692118226624,4,-0.015437849347883947,-0.0034482758620690834,-0.006587615283267456,-0.014541677486367033,-2.6835043409628945,1.6208791208791373,2.9501809073197993,9.115044247787619,37.39412147414051,36.734070387700804,34.973035258051084,32.52957504748807,300015.SZ
2016-07-25,37.22,-0.2500134329160174,0,0.00621789672884554,-0.015437849347883947,-0.0034482758620690834,-0.006587615283267456,-3.349779278109577,1.1687958684425181,2.9598893499308554,8.229136376853742,37.36246302429678,36.78034939839597,35.06115152244124,32.576245942537945,300015.SZ
2016-07-26,37.59,-0.0919186129818026,1,0.00994089199355197,0.00621789672884554,-0.015437849347883947,-0.0034482758620690834,-0.9486166007905084,-1.078947368421046,4.707520891364925,6.972111553784877,37.40383338351555,36.85745897950111,35.160322050972965,32.62613404261219,300015.SZ
2016-07-27,36.01,0.836844181459566,2,-0.042032455440276784,0.00994089199355197,0.00621789672884554,-0.015437849347883947,-4.482758620689664,-3.9989336177019497,-2.2264458322020064,-1.2071330589849216,37.150409131967265,36.776748600501,35.193642754856384,32.659804350645906,300015.SZ
2016-07-28,35.89,-0.43999656386908337,3,-0.0033324076645375733,-0.042032455440276784,0.00994089199355197,0.00621789672884554,-4.471652914559487,-4.293333333333327,-2.2603485838779913,-1.7519846701341324,36.92124383524594,36.69229635283424,35.22095088211692,32.69194560088823,300015.SZ
2016-07-29,36.34,-0.22879275962570944,4,0.012538311507383826,-0.0033324076645375733,-0.042032455440276784,0.00994089199355197,-1.7572316842389801,-4.393580636674543,-0.16483516483515315,1.1411077094350297,36.81556313792849,36.658744319230976,35.264835161249586,32.72824464963561,300015.SZ
2016-08-01,36.7,0.45559423172550995,0,0.009906439185470628,0.012538311507383826,-0.0033324076645375733,-0.042032455440276784,-1.3970983342288967,-4.7000779018436685,-0.24463169339493662,1.5214384508990486,36.79455165830513,36.66267343168517,35.32111613531823,32.76776460337059,300015.SZ
2016-08-02,36.6,-0.5038261820169445,1,-0.0027247956403270157,0.009906439185470628,0.012538311507383826,-0.0033324076645375733,-2.6336791699920203,-3.5573122529644285,-3.68421052631579,1.9498607242339983,36.75917862952238,36.65670453342944,35.37126844373712,32.80589629885944,300015.SZ
2016-08-03,36.48,-0.37592949600660974,2,-0.003278688524590234,-0.0027247956403270157,0.009906439185470628,0.012538311507383826,1.305193001943894,-3.2360742705570433,-2.7459344174886713,-0.9503122454520785,36.70841887870013,36.63987553024568,35.41474811261018,32.84245454464193,300015.SZ
2016-08-04,36.43,0.7890556045895851,3,-0.0013706140350876472,-0.003278688524590234,-0.0027247956403270157,0.009906439185470628,1.5045973808860413,-3.0343359063082276,-2.85333333333333,-0.7897603485838789,36.657797264391014,36.619887384508,35.454561912115665,32.87815151434699,300015.SZ
2016-08-05,36.48,-0.20177602368031577,4,0.0013724951962668097,-0.0013706140350876472,-0.003278688524590234,-0.0027247956403270157,0.38525041276828986,-1.378751013787527,-4.025256511444364,0.219780219780219,36.62547048904719,36.606564776459614,35.494775170464074,32.91399080276145,300015.SZ
2016-08-08,36.92,0.19437577255871452,0,0.01206140350877205,0.0013724951962668097,-0.0013706140350876472,-0.003278688524590234,0.5994550408719324,-0.8060182697474438,-4.12879771487924,0.35335689045936647,36.679021309220424,36.636415750130126,35.5506663402498,32.95385159079367,300015.SZ
2016-08-09,36.99,0.3063389391979303,1,0.001895991332611091,0.01206140350877205,0.0013724951962668097,-0.0013706140350876472,1.0655737704918122,-1.5961691939345601,-2.529644268774711,-2.6578947368421035,36.735562889362164,36.670090440593924,35.607110797494904,32.99401227148228,300015.SZ
2016-08-10,36.55,-0.2851059615765499,2,-0.011895106785617893,0.001895991332611091,0.01206140350877205,0.0013724951962668097,0.19188596491228616,1.4995834490419302,-3.0503978779841012,-2.5593175153292513,36.70182418220541,36.658653255775455,35.644086844651966,33.0293952339551,300015.SZ
2016-08-11,36.55,-0.060119130073417404,3,0.0,-0.011895106785617893,0.001895991332611091,0.01206140350877205,0.32939884710403433,1.8389523544162678,-2.714932126696845,-2.533333333333343,36.67421978544078,36.64830532665398,35.67961285074404,33.06442612714958,300015.SZ
2016-08-12,36.53,-0.24170965364775232,4,-0.0005471956224348817,0.0,-0.011895106785617893,0.001895991332611091,0.13706140350877583,0.5228398458998251,-1.2435793457691302,-3.8937121810049935,36.64799800626973,36.63703815268694,35.71296136640114,33.098909449267495,300015.SZ
2016-08-15,37.16,1.3477162293488822,0,0.017246099096632772,-0.0005471956224348817,0.0,-0.011895106785617893,0.6500541711809138,1.253405994550394,-0.1612036539494932,-3.505582965463516,36.74108927785705,36.686844042907225,35.76970797948344,33.139318310468816,300015.SZ
2016-08-16,34.73,11.244722245218973,1,-0.06539289558665229,0.017246099096632772,-0.0005471956224348817,0.0,-6.109759394430936,-5.109289617486345,-7.608406491088071,-8.484848484848495,36.37543668188304,36.50047794358273,35.72893511754291,33.15514598897162,300015.SZ
2016-08-17,35.66,-0.6333094439636521,2,0.02677800172761291,-0.06539289558665229,0.017246099096632772,-0.0005471956224348817,-2.43502051983584,-2.247807017543857,-0.9719522354901478,-5.411140583554397,36.24535728517703,36.42043242514628,35.72623177960005,33.180069909479364,300015.SZ
2016-08-18,35.18,-0.6909191481515626,3,-0.013460459899046429,0.02677800172761291,-0.06539289558665229,0.017246099096632772,-3.748290013679889,-3.4312379906670354,-1.97826692672054,-6.361458610593562,36.05165596059938,36.30229600370378,35.70481092549809,33.19996971137509,300015.SZ
2016-08-19,35.05,-0.16858557537433627,4,-0.0036952814098920594,-0.013460459899046429,0.02677800172761291,-0.06539289558665229,-4.0514645496852015,-3.9199561403508776,-3.5498073747936343,-5.244660719113292,35.869536695035855,36.18302971763675,35.67913206567464,33.21837797295345,300015.SZ
2016-08-22,35.52,0.5054172346990027,0,0.013409415121255597,-0.0036952814098920594,-0.013460459899046429,0.02677800172761291,-4.413347685683511,-3.7919826652220934,-3.215258855585834,-4.5674368619021966,35.8059845686657,36.11988403024277,35.67289159251092,33.24127968466536,300015.SZ
2016-08-23,35.44,-0.40998999094418753,1,-0.0022522522522524513,0.013409415121255597,-0.0036952814098920594,-0.013460459899046429,2.044342067376914,-4.1903217085699,-3.1693989071038375,-5.71960627826551,35.73944191981739,36.055133170219655,35.66375858888304,33.26315749874829,300015.SZ
2016-08-24,35.15,-0.3930042814443816,2,-0.008182844243792342,-0.0022522522522524513,0.013409415121255597,-0.0036952814098920594,-1.4301738642736872,-3.830369357045138,-3.645833333333326,-2.3882254929186275,35.63227066166877,35.968930011151116,35.64361119324057,33.28193205099955,300015.SZ
2016-08-25,35.18,0.6475911631620974,3,0.0008534850640113945,-0.008182844243792342,-0.0022522522522524513,0.013409415121255597,0.0,-3.748290013679889,-3.4312379906670354,-1.97826692672054,35.55003963227445,35.89379381961292,35.625430362133095,33.30081829924831,300015.SZ
2016-08-26,35.09,-0.3397415185783522,4,-0.002558271745309759,0.0008534850640113945,-0.008182844243792342,-0.0022522522522524513,0.11412268188304431,-3.9419655078018034,-3.810307017543846,-3.4397358282883816,35.46639606277,35.81724202726883,35.60443309302983,33.31862110224087,300015.SZ
2016-08-29,34.9,-0.1349400538292146,0,-0.0054146480478770576,-0.002558271745309759,0.0008534850640113945,-0.008182844243792342,-1.7454954954955082,-6.081808396124866,-5.471289274106184,-4.904632152588562,35.36341496044818,35.72988564371942,35.57680826585219,33.33435621565141,300015.SZ
2016-08-30,35.33,0.9076509687455805,1,0.012320916905444124,-0.0054146480478770576,-0.002558271745309759,0.0008534850640113945,-0.3103837471783333,1.7276130146847146,-4.487699378210341,-3.469945355191262,35.35733951309396,35.69180129669852,35.56712951032858,33.35421336773448,300015.SZ
2016-08-31,35.58,-0.40566387426792194,2,0.007076139258420655,0.012320916905444124,-0.0054146480478770576,-0.002558271745309759,1.2233285917496506,-0.22434099831744048,-2.653898768809848,-2.467105263157887,35.39782323798597,35.681153554155806,35.567634235413735,33.376360498403784,300015.SZ
2016-09-01,35.16,0.0956716976425096,3,-0.01180438448566612,0.007076139258420655,0.012320916905444124,-0.0054146480478770576,-0.05685048322912056,-0.05685048322912056,-3.8030095759233995,-3.486137798517719,35.354582649261246,35.63151988233144,35.551648579123,33.39410815513609,300015.SZ
2016-09-02,34.8,-0.2588797814207652,4,-0.010238907849829282,-0.01180438448566612,0.007076139258420655,0.012320916905444124,-0.826446280991755,-0.7132667617689048,-4.7358335614563485,-4.6052631578947345,35.25374944030465,35.55232751258559,35.52217216425543,33.408097128716825,300015.SZ
2016-09-05,34.9,-0.1442396313364055,0,0.00287356321839094,-0.010238907849829282,-0.01180438448566612,0.007076139258420655,0.0,-1.7454954954955082,-6.081808396124866,-5.471289274106184,35.18943136024926,35.49020108281553,35.497773255853254,33.422941933406214,300015.SZ
2016-09-06,35.22,0.38197810087955464,1,0.009169054441260815,0.00287356321839094,-0.010238907849829282,-0.01180438448566612,-0.31135012737050216,-0.6207674943566555,1.410883961992515,-4.785077047850783,35.19498929474939,35.46446764635691,35.48688018699627,33.440823108198195,300015.SZ
2016-09-07,34.98,0.19833744642161344,2,-0.006814310051107331,0.009169054441260815,0.00287356321839094,-0.010238907849829282,-1.6863406408094472,-0.4836415362731161,-1.9068984856982607,-4.295485636114915,35.15590033206768,35.418327870513394,35.46700253260426,33.45613830115145,300015.SZ
2016-09-08,35.06,-0.6037285931064383,3,0.002287021154945945,-0.006814310051107331,0.009169054441260815,0.00287356321839094,-0.28441410693968994,-0.34110289937463456,-0.34110289937463456,-4.076607387140885,35.13846390805537,35.384201406654974,35.451041648972726,33.47209712402557,300015.SZ
2016-09-09,34.81,0.375,4,-0.00713063320022822,0.002287021154945945,-0.006814310051107331,0.009169054441260815,0.028735632183929383,-0.797948133371329,-0.6847360912981326,-4.708458800985493,35.07874319749985,35.329515558402115,35.42590276077772,33.48540959045318,300015.SZ
2016-09-12,34.0,1.0296399443007758,0,-0.023269175524274655,-0.00713063320022822,0.002287021154945945,-0.006814310051107331,-2.5787965616045794,-2.5787965616045794,-4.279279279279291,-8.503767491926794,34.88260807068169,35.202895029030486,35.3699850054531,33.490529893035735,300015.SZ
2016-09-13,34.08,-0.6578457316475547,1,0.0023529411764704466,-0.023269175524274655,-0.00713063320022822,0.002287021154945945,-3.236797274275982,-3.5380696292103053,-3.8374717832957095,-1.8715807659084316,34.73667933055775,35.0959526453133,35.31939735818043,33.496395267234384,300015.SZ
2016-09-14,34.55,1.0527069607562303,2,0.013791079812206508,0.0023529411764704466,-0.023269175524274655,-0.00713063320022822,-1.2292738707833095,-2.8948847667228828,-1.7069701280227667,-3.1127313516545185,34.7027376340927,35.04395715528346,35.28922491276159,33.50687889641613,300015.SZ
2016-09-19,34.59,-0.34342729556237794,0,0.001157742402315698,0.013791079812206508,0.0023529411764704466,-0.023269175524274655,-1.340559041642897,-1.6211604095562993,-1.677089255258657,-1.677089255258657,34.68223988243948,35.00072314049456,35.26180432794742,33.517656220829906,300015.SZ
2016-09-20,34.65,-0.07098831030818276,1,0.0017346053772764325,0.001157742402315698,0.013791079812206508,0.0023529411764704466,-0.45963803504741607,-0.4310344827586188,-1.2539184952978233,-1.1412268188302432,34.6763780856323,34.96732093663793,35.23781200136124,33.528923323110206,300015.SZ
2016-09-21,35.0,0.7320979180965452,2,0.010101010101010166,0.0017346053772764325,0.001157742402315698,0.013791079812206508,2.941176470588225,0.2865329512893977,0.2865329512893977,-1.4639639639639768,34.73521843369915,34.9704332283867,35.22848604052355,33.54356090198473,300015.SZ
2016-09-22,34.93,-0.30220578523312636,3,-0.0020000000000000018,0.010101010101010166,0.0017346053772764325,0.001157742402315698,2.4941314553990734,-0.8233957978421302,-1.1321822813472937,-1.4390519187358897,34.770633263935665,34.966582444730825,35.21678070560105,33.55735631589533,300015.SZ
2016-09-23,35.01,-0.3706227522241151,4,0.00229029487546506,-0.0020000000000000018,0.010101010101010166,0.0017346053772764325,1.3314037626628084,0.08576329331047017,-1.6020236087689765,-0.3982930298719767,34.81415448867463,34.97071744999456,35.20867165832259,33.571810481906326,300015.SZ
2016-09-26,35.0,2.53593984962406,0,-0.0002856326763781558,0.00229029487546506,-0.0020000000000000018,0.010101010101010166,1.185313674472388,-0.17113519680548306,-0.455062571103515,-0.5116543490619629,34.84794458164288,34.97350626428079,35.20048845603543,33.58602132288238,300015.SZ
2016-09-27,35.2,-0.2955685974313176,1,0.005714285714285783,-0.0002856326763781558,0.00229029487546506,-0.0020000000000000018,1.5873015873016039,1.1203677104280496,1.1494252873563315,0.31347962382444194,34.91195465770781,34.99507709625405,35.20046930089679,33.602080812206935,300015.SZ
2016-09-28,35.25,-0.07800048297512674,2,0.0014204545454543638,0.005714285714285783,-0.0002856326763781558,0.00229029487546506,0.7142857142857117,3.6764705882353033,1.002865329512903,1.002865329512903,34.973417447215475,35.01935546803938,35.20241168125378,33.61847801805562,300015.SZ
2016-09-29,35.26,-0.428103719224725,3,0.00028368794326238955,0.0014204545454543638,0.005714285714285783,-0.0002856326763781558,0.944746636129401,3.462441314553999,0.11357183418512218,-0.19813189923577612,35.02552336590357,35.04227399489277,35.20467004669481,33.63481157011477,300015.SZ
2016-09-30,34.96,0.47515456835356074,4,-0.008508224617129856,0.00028368794326238955,0.0014204545454543638,0.005714285714285783,-0.1428163381890779,1.1866859623733905,-0.057175528873631976,-1.7425519955030833,35.01361002664837,35.03443837633155,35.19507514290285,33.64799752464099,300015.SZ
2016-10-10,34.96,1.5127289661595777,0,0.0,-0.008508224617129856,0.00028368794326238955,0.0014204545454543638,-0.11428571428571122,1.069673315987263,-0.28522532800913103,-0.568828213879391,35.00386274907594,35.02734900715711,35.18585650984784,33.66105227563959,300015.SZ
2016-10-11,35.15,-0.6137641317106319,1,0.005434782608695565,0.0,-0.008508224617129856,0.00028368794326238955,-0.14204545454546968,1.443001443001446,0.9767308244757134,1.0057471264367956,35.03043315833486,35.03903005409453,35.18445037220675,33.67586767588198,300015.SZ
2016-10-12,35.42,0.6118042226487523,2,0.00768136557610255,0.005434782608695565,0.0,-0.008508224617129856,0.48226950354610665,1.200000000000001,4.176470588235293,1.489971346704877,35.10126349318306,35.07531290608553,35.19368761251237,33.69322222637072,300015.SZ
2016-10-13,35.46,-0.46303463332340977,3,0.0011293054771315258,0.00768136557610255,0.005434782608695565,0.0,0.5672149744753385,1.5173203549956993,4.049295774647899,0.6814310051107331,35.16648831260432,35.11194977217262,35.2041312355511,33.71080210471529,300015.SZ
2016-10-14,34.98,0.49879874330068374,4,-0.013536379018612599,0.0011293054771315258,0.00768136557610255,0.005434782608695565,0.05720823798625041,-0.08568980291345785,1.2445730824891532,0.0,35.13258134667626,35.0993831272038,35.19534177533342,33.72343093949424,300015.SZ
2016-10-17,34.76,-0.3167694204685574,0,-0.0062893081761006275,-0.013536379018612599,0.0011293054771315258,0.00768136557610255,-0.5720823798627039,-0.6857142857142895,0.491471523561704,-0.8556759840273931,35.06483928364421,35.06706092461296,35.178269548849755,33.73374505949927,300015.SZ
2016-10-18,35.1,0.09023641941887739,1,0.009781357882623798,-0.0062893081761006275,-0.013536379018612599,0.0011293054771315258,-0.14224751066855834,-0.28409090909091717,1.2987012987013102,0.8330939385233993,35.07123214116344,35.070197979411724,35.175200154777215,33.747339636021664,300015.SZ
2016-10-19,34.74,0.041549412348949044,2,-0.01025641025641022,0.009781357882623798,-0.0062893081761006275,-0.013536379018612599,-1.9198193111236606,-1.4468085106382977,-0.742857142857134,2.176470588235291,35.01100811549736,35.03875055280108,35.15813348204085,33.75721685357369,300015.SZ
2016-10-20,34.52,0.07136045772409405,3,-0.0063327576280943765,-0.01025641025641022,0.009781357882623798,-0.0062893081761006275,-2.6508742244782835,-2.0986954055586926,-1.173776123675918,1.291079812206597,34.921733912679656,34.9893457382486,35.133108639607876,33.76480673562769,300015.SZ
2016-10-21,34.18,0.18928942293428275,4,-0.009849362688296726,-0.0063327576280943765,-0.01025641025641022,0.009781357882623798,-2.2870211549456787,-2.231121281464532,-2.370751213938871,-1.0709117221418207,34.786873201283356,34.91226519174873,35.09573183021149,33.7689380118901,300015.SZ
2016-10-24,33.97,2.5233878009230386,0,-0.006143943826799281,-0.009849362688296726,-0.0063327576280943765,-0.01025641025641022,-2.2727272727272707,-2.8318077803203723,-2.942857142857147,-1.7924255565192393,34.63835080105002,34.822525649677424,35.05158548392869,33.77093862868721,300015.SZ
2016-10-25,34.39,-0.4612525223917584,1,0.012363850456285075,-0.006143943826799281,-0.009849362688296726,-0.0063327576280943765,-2.0227920227920304,-2.162162162162151,-2.301136363636369,-0.7503607503607457,34.593196109950014,34.78133273066053,35.025640955147175,33.77709844332714,300015.SZ
2016-10-26,33.83,-0.3252727033775792,2,-0.016283803431230037,0.012363850456285075,-0.006143943826799281,-0.009849362688296726,-2.619458837075428,-4.488989271597976,-4.0283687943262425,-3.3428571428571474,34.45443318086819,34.690729613454764,34.97875307455317,33.77762482697563,300015.SZ
2016-10-27,33.95,-0.39501363459291006,3,0.003547147502217074,-0.016283803431230037,0.012363850456285075,-0.006143943826799281,-1.65121668597914,-4.258319232938512,-3.7152580828133774,-2.8056112224448815,34.36271805707398,34.62018393598288,34.93840981672755,33.77934000282662,300015.SZ
2016-10-28,33.72,-0.21361880231809394,4,-0.00677466863033882,0.003547147502217074,-0.016283803431230037,0.012363850456285075,-1.345816266822708,-3.6020583190394473,-3.5469107551487467,-3.6846615252784876,34.24586022851507,34.53445213255594,34.89062903960098,33.7787495550373,300015.SZ
2016-10-31,33.82,0.746775844421699,0,0.0029655990510082386,-0.00677466863033882,0.003547147502217074,-0.016283803431230037,-0.44156608772445427,-2.704257767548901,-3.2608695652173947,-3.3714285714285697,34.16843109605779,34.466409072312516,34.84864358706761,33.77916000722598,300015.SZ
2016-11-01,33.9,0.027774522442282956,1,0.0023654642223536193,0.0029655990510082386,-0.00677466863033882,0.003547147502217074,-1.4248328002326338,-3.418803418803429,-3.5561877667140807,-3.6931818181818343,34.11962544222909,34.41246535113989,34.81144187777085,33.780362395213785,300015.SZ
2016-11-02,34.16,-0.11436716077537057,2,0.007669616519174083,0.0023654642223536193,0.0029655990510082386,-0.00677466863033882,0.9754655631096565,-1.669545192861266,-3.5573122529644396,-3.0921985815602904,34.12696627091471,34.38842103198371,34.785895137466106,33.784139883818625,300015.SZ
2016-11-03,34.03,-0.26548216814728987,3,-0.0038056206088992184,0.007669616519174083,0.0023654642223536193,0.0029655990510082386,0.2356406480117812,-1.4194669756662837,-4.032712915961644,-3.488372093023251,34.109336039839306,34.35428569560431,34.75625219089881,33.78658625313386,300015.SZ
2016-11-04,33.85,-0.06906222611744084,4,-0.005289450484866287,-0.0038056206088992184,0.007669616519174083,0.0023654642223536193,0.38552787663108656,-0.9654768870684616,-3.2304173813607617,-3.1750572082379858,34.062184032595795,34.30625848649914,34.72071288929494,33.787217235689745,300015.SZ
2016-11-07,32.88,2.589719450197703,0,-0.028655834564254024,-0.005289450484866287,-0.0038056206088992184,0.007669616519174083,-2.779420461265514,-3.20871357079775,-5.408515535097802,-5.949656750572075,33.84724148121474,34.170424344927795,34.6485280701069,33.77819019851871,300015.SZ
2016-11-08,32.92,-0.4788355625491739,1,0.0012165450121655041,-0.028655834564254024,-0.005289450484866287,-0.0038056206088992184,-2.890855457227126,-4.27449840069788,-6.210826210826214,-6.344238975817918,33.678652120993874,34.05133631207753,34.5807426555929,33.7696509925633,300015.SZ
2016-11-09,32.9,-0.12590579710144933,2,-0.0006075334143378353,0.0012165450121655041,-0.028655834564254024,-0.005289450484866287,-3.688524590163933,-2.749039314218149,-5.296488198042615,-7.114624505928857,33.5370790080859,33.94168523473681,34.51483117890298,33.760997748856205,300015.SZ
2016-11-10,32.96,0.022222222222222365,3,0.0018237082066869803,-0.0006075334143378353,0.0012165450121655041,-0.028655834564254024,-3.144284454892743,-2.9160530191458034,-4.519119351100819,-7.050197405527358,33.43215555207028,33.84819140285711,34.453857407181296,33.753027622001916,300015.SZ
2016-11-11,32.97,0.38308177517458897,4,0.00030339805825230215,0.0018237082066869803,-0.0006075334143378353,0.0012165450121655041,-2.5997045790251194,-2.2241992882562234,-3.5400819192510258,-5.746140651801024,33.34812726987568,33.76455412639453,34.395666920625175,33.74523630238001,300015.SZ
2016-11-14,32.9,-0.11670331460216643,0,-0.002123142250530785,0.00030339805825230215,0.0018237082066869803,-0.0006075334143378353,0.060827250608253,-2.7202838557066844,-3.149838092434498,-5.350978135788265,33.26664958444374,33.68221563816648,34.33701331589477,33.73682599091354,300015.SZ
2016-11-15,32.99,-0.032638760833486935,1,0.0027355623100304705,-0.002123142250530785,0.00030339805825230215,0.0018237082066869803,0.21263669501823124,-2.684365781710907,-4.070950857807498,-6.011396011396009,33.21634965999942,33.616290339293485,34.28418926429106,33.72939488652634,300015.SZ
2016-11-16,33.23,0.07977506671749901,2,0.007274931797514261,0.0027355623100304705,-0.002123142250530785,0.00030339805825230215,1.003039513677817,-2.7224824355971844,-1.7735737511084926,-4.346574553828453,33.21883153999953,33.579500783170296,34.242848508828665,33.72442578317782,300015.SZ
2016-11-17,33.34,-0.16894695030452822,3,0.0033102618116163107,0.007274931797514261,0.0027355623100304705,-0.002123142250530785,1.1529126213592367,-2.0276226858654045,-1.7967599410898316,-3.418308227114719,33.24086216909052,33.55669118477312,34.20744268495303,33.7206006510069,300015.SZ
2016-11-18,33.27,-0.3808815719596389,4,-0.0020995800839832546,0.0033102618116163107,0.007274931797514261,0.0027355623100304705,0.9099181073703555,-1.7134416543574504,-1.3345195729537296,-2.662375658279681,33.24615995652861,33.52938726241378,34.170680226719576,33.71611706243967,300015.SZ
2016-11-21,33.07,-0.0046320123520329215,0,-0.006011421701232478,-0.0020995800839832546,0.0033102618116163107,0.007274931797514261,0.5167173252279778,0.5778588807785923,-2.2176227084565348,-2.64939652634677,33.2141308735234,33.485636094564846,34.127516296259984,33.70968803694276,300015.SZ
2016-11-22,33.2,0.025163736642537016,1,0.003931055337163647,-0.006011421701232478,-0.0020995800839832546,0.0033102618116163107,0.6365565322825173,0.8505467800729027,-2.0648967551622266,-3.4603082291363663,33.21156162379187,33.45843265698724,34.09114310817136,33.70461651418711,300015.SZ
2016-11-23,33.05,0.2634498991257568,2,-0.004518072289156794,0.003931055337163647,-0.006011421701232478,-0.0020995800839832546,-0.54167920553716,0.45592705167172287,-3.249414519906324,-2.3056458764410315,33.18218678310244,33.419534308702744,34.050313966674445,33.698102917031015,300015.SZ
2016-11-24,33.05,-0.29434464404524285,3,0.0,-0.004518072289156794,0.003931055337163647,-0.006011421701232478,-0.8698260347930642,0.27305825242718296,-2.879811930649434,-2.6509572901325607,33.158152822538355,33.38434056501677,34.01108596798133,33.691654131786926,300015.SZ
2016-11-25,33.21,0.3835564774655855,4,0.004841149773071152,0.0,-0.004518072289156794,0.003931055337163647,-0.18034265103697988,0.7279344858962755,-1.890694239290991,-1.5124555160142328,33.16757958207683,33.36773670168184,33.97967083198206,33.68686155336119,300015.SZ
2016-11-28,33.19,0.010767343600926793,0,-0.0006022282445047322,0.004841149773071152,0.0,-0.004518072289156794,0.3628666465073982,0.8814589665653516,0.9428223844281991,-1.8628030751034919,33.17165602169922,33.35080939675976,33.94870334837493,33.68191765730785,300015.SZ
2016-11-29,33.14,0.010652642934196432,1,-0.0015064778547754232,-0.0006022282445047322,0.004841149773071152,0.0,-0.1807228915662762,0.4546832373446552,0.6682867557715744,-2.2418879056047114,33.16590038139027,33.33073231135407,33.91698949157591,33.67652544181225,300015.SZ
2016-11-30,33.43,0.8936624416277519,2,0.00875075437537709,-0.0015064778547754232,-0.0006022282445047322,0.004841149773071152,1.1497730711043985,0.6018657839302,1.6109422492401215,-2.1370023419203688,33.21391849386477,33.34018637693939,33.89789186445529,33.674072452341484,300015.SZ
2016-12-01,33.41,-0.24223208623969572,3,-0.0005982650314090288,0.00875075437537709,-0.0015064778547754232,-0.0006022282445047322,1.089258698940987,0.20995800839829215,1.3652912621359148,-1.8219218336761767,33.249569676798444,33.34683529342136,33.878758850162924,33.67144486575102,300015.SZ
2016-12-02,33.05,-0.16959553695955365,4,-0.010775217000897896,-0.0005982650314090288,0.00875075437537709,-0.0015064778547754232,-0.48178259560374137,-0.6612563871355781,0.24264482863207704,-2.363367799113747,33.21328428101691,33.318565265476465,33.846258503097715,33.66526133474852,300015.SZ
2016-12-09,32.78,-0.4410685204540483,4,-0.033323503391329834,0.026021180030257218,0.0,0.0,-0.8169440242057346,-1.2947907256850355,-1.4727983168019265,-0.5762814680012052,33.18871080284982,33.26121513039982,33.7237186220347,33.641039941869565,300015.SZ
2016-12-12,30.5,0.49275929549902164,0,-0.06955460646735823,-0.033323503391329834,0.026021180030257218,0.0,-7.715582450832059,-8.10485085869237,-7.771394012700339,-7.294832826747721,32.69985429324076,32.99824226083793,33.5972982839157,33.609785813094746,300015.SZ
2016-12-13,30.78,-0.4580201596457496,1,0.009180327868852478,-0.06955460646735823,-0.033323503391329834,0.026021180030257218,-6.868381240544618,-7.121303560651782,-7.289156626506033,-6.698999696877839,32.35078987628789,32.786981093139076,33.48681599827195,33.58162874032764,300015.SZ
2016-12-14,30.65,-0.5814878520748226,2,-0.0042235217673814995,0.009180327868852478,-0.06955460646735823,-0.033323503391329834,-7.261724659606649,-8.315883936583912,-7.261724659606649,-7.76406861269936,32.04155535332645,32.58345908426869,33.37556831206521,33.5524583051005,300015.SZ
2016-12-15,30.95,0.10852812740816864,3,0.00978792822185981,-0.0042235217673814995,0.009180327868852478,-0.06955460646735823,-8.72898849896785,-7.363064950613585,-6.35400907715582,-7.168566286742662,31.843090743630732,32.42789155243358,33.28044798610187,33.526563197587066,300015.SZ
2016-12-16,30.82,-0.23160699803035578,4,-0.0042003231017769815,0.00978792822185981,-0.0042235217673814995,0.009180327868852478,-5.979255643685177,-6.7473524962178395,-7.196627521830779,-7.3639915840096215,31.65707424478878,32.27475902363038,33.18395982978415,33.49963222049665,300015.SZ
2016-12-19,31.01,-0.14806996381182136,0,0.006164828033744296,-0.0042003231017769815,0.00978792822185981,-0.0042235217673814995,1.6721311475409895,-6.17246596066564,-6.56824344682132,-6.229210765043847,31.53942438209991,32.15430578328463,33.09870650312595,33.474859760591215,300015.SZ
2016-12-20,31.02,0.153628318584071,1,0.00032247662044504466,0.006164828033744296,-0.0042003231017769815,0.00978792822185981,0.7797270955165692,-6.142208774583957,-6.397103198551601,-6.566265060240973,31.44498358535447,32.04627666106705,33.017188601042584,33.4504332953117,300015.SZ
2016-12-21,30.98,-0.19622583614605715,2,-0.0012894906511927706,0.00032247662044504466,0.006164828033744296,-0.0042003231017769815,1.0766721044045635,-6.263237518910736,-7.328746634759198,-6.263237518910736,31.36044111529002,31.944726502870186,32.93729885198209,33.4258518694877,300015.SZ
2016-12-22,30.73,0.023477762931857216,3,-0.00806972240154935,-0.0012894906511927706,0.00032247662044504466,0.006164828033744296,-0.7108239095314994,-9.377764671188427,-8.021550434001789,-7.019667170953092,31.24581545796456,31.829038264501595,32.850738112688674,33.39902747277638,300015.SZ
2016-12-23,30.44,-0.169899291309213,4,-0.009437032216075503,-0.00806972240154935,-0.0012894906511927706,0.00032247662044504466,-1.2329656067488592,-7.1384990848078145,-7.897125567322227,-8.340861186389636,31.099303556516457,31.696748905977632,32.75619936317147,33.36958441334577,300015.SZ
2016-12-26,30.4,0.45675129184452956,0,-0.0013140604467806183,-0.009437032216075503,-0.00806972240154935,-0.0012894906511927706,-1.967107384714617,-0.3278688524590234,-8.018154311649017,-8.406146429647487,30.972157455331644,31.57324901017024,32.66379938814514,33.340036309730394,300015.SZ
2016-12-27,30.42,-0.4292103639728563,1,0.0006578947368423016,-0.0013140604467806183,-0.009437032216075503,-0.00806972240154935,-1.934235976789156,-1.1695906432748537,-7.957639939485617,-8.207604103802046,30.87176519072589,31.46341577110641,32.5758072552767,33.31098122207139,300015.SZ
2016-12-28,30.43,0.09510942988381532,2,0.00032873109796183186,0.0006578947368423016,-0.0013140604467806183,-0.009437032216075503,-1.7753389283408638,-0.7177814029363794,-7.927382753403922,-8.973975471133711,30.791444246957546,31.364995221477226,32.491657951148206,33.28231474224978,300015.SZ
2016-12-29,30.17,0.7392055267702935,3,-0.008544199802826058,0.00032873109796183186,0.0006578947368423016,-0.0013140604467806183,-1.8223234624145768,-2.5201938610662333,-11.029194927749908,-9.697695300808128,30.678454383874353,31.25118615276511,32.40061254129925,33.251346436356755,300015.SZ
2016-12-30,29.9,0.028372818839551783,4,-0.00894928737156131,-0.008544199802826058,0.00032873109796183186,0.0006578947368423016,-1.7739816031537514,-2.9850746268656803,-8.785845027455775,-9.53101361573373,30.536917223169926,31.122501757263674,32.30254930438556,33.21799970564674,300015.SZ
2017-01-03,29.98,-0.02607256173265282,1,0.0026755852842810235,-0.00894928737156131,-0.008544199802826058,0.00032873109796183186,-1.3815789473684115,-3.3215091905836824,-1.704918032786884,-9.288956127080173,30.435659546229935,31.013692066095707,32.2114689395077,33.18578080310299,300015.SZ
2017-01-04,31.09,1.0208215297450427,2,0.03702468312208129,0.0026755852842810235,-0.00894928737156131,-0.008544199802826058,2.2024983563444955,0.22566086395874319,1.0071474983755602,-5.930408472012094,30.55463053782449,31.020959488372306,32.16748976540936,33.16492726277362,300015.SZ
2017-01-05,30.87,-0.6574612742692927,3,-0.007076230299131514,0.03702468312208129,0.0026755852842810235,-0.00894928737156131,1.4459415050936508,-0.35506778566817276,0.7177814029363905,-6.596066565809366,30.611970440038217,31.00658239424161,32.11660781382468,33.14209216563159,300015.SZ
2017-01-06,31.31,1.020462451401678,4,0.014253320375769318,-0.007076230299131514,0.03702468312208129,0.0026755852842810235,3.7785880013258,1.8874064432151005,1.163166397415183,-7.667354762606893,30.73888490548581,31.035479309075743,32.08497613485116,33.123862392839236,300015.SZ
2017-01-09,31.13,-0.38778610492201737,0,-0.005748961992973478,0.014253320375769318,-0.007076230299131514,0.03702468312208129,4.113712374581935,2.266754270696447,1.0058403634003898,-5.033557046979875,30.809996740852025,31.044481279639957,32.0475260903472,33.104022966044816,300015.SZ
2017-01-10,30.72,-0.2951199338296113,1,-0.013170575008030871,-0.005748961992973478,0.014253320375769318,-0.007076230299131514,2.4683122081387454,1.0526315789473717,-0.9351821992905629,0.721311475409836,30.793633697060745,31.013578300626627,31.995466243666915,33.080301344492135,300015.SZ
2017-01-11,30.4,0.6449190330908239,2,-0.01041666666666663,-0.013170575008030871,-0.005748961992973478,0.014253320375769318,-2.2193631392730784,-0.06574621959238858,-1.9987105093488111,-1.2345679012345734,30.72206393395879,30.95514227199552,31.932898939993702,33.05363167937281,300015.SZ
2017-01-12,29.97,-0.13853616778427735,3,-0.014144736842105265,-0.01041666666666663,-0.013170575008030871,-0.005748961992973478,-2.9154518950437414,-1.5116661189615521,-3.260167850225959,-2.21859706362153,30.58532503687537,30.86131919847214,31.85592251097434,33.0229487770905,300015.SZ
2017-01-13,29.74,0.33901954289499825,4,-0.00767434100767439,-0.014144736842105265,-0.01041666666666663,-0.013170575008030871,-5.014372404982437,-1.4252568776930818,-3.2216075496257823,-3.909531502423269,30.4316295756253,30.754526893855743,31.772945157602802,32.99028262010452,300015.SZ
2017-01-16,29.62,0.15881261595547325,0,-0.004034969737726879,-0.00767434100767439,-0.014144736842105265,-0.01041666666666663,-4.850626405396719,-0.9364548494983249,-2.6938239159001287,-3.893575600259569,30.284060561875247,30.64647671348853,31.688515935736024,32.956747469655724,300015.SZ
2017-01-17,29.76,-0.511153805101932,1,0.004726536124240344,-0.004034969737726879,-0.00767434100767439,-0.014144736842105265,-3.124999999999989,-0.7338225483655703,-2.1052631578947323,-4.030957755562725,30.188776823352473,30.562050359822955,31.61288785982481,32.92493903712184,300015.SZ
2017-01-18,29.52,-0.20655021834061127,2,-0.008064516129032362,0.004726536124240344,-0.004034969737726879,-0.00767434100767439,-2.894736842105261,-5.049855258925695,-2.9585798816568087,-4.835589941972918,30.067181037288385,30.462807468411246,31.53081382610619,32.891059046702715,300015.SZ
2017-01-19,29.76,0.20225646670335706,3,0.008130081300813163,-0.008064516129032362,0.004726536124240344,-0.004034969737726879,-0.700700700700696,-3.5957240038872684,-2.2017745645744324,-3.938024531956097,30.011329939599584,30.395873423800648,31.461370146651046,32.85990423031762,300015.SZ
2017-01-20,29.98,0.17349507896543837,4,0.007392473118279508,0.008130081300813163,-0.008064516129032362,0.004726536124240344,0.806993947545398,-4.247844139252632,-0.6297646668876444,-2.4406117800195304,30.00563358694511,30.35626643105773,31.403277199723554,32.83124846683187,300015.SZ
2017-01-23,30.35,-0.020674858591769096,0,0.012341561040693838,0.007392473118279508,0.008130081300813163,-0.008064516129032362,2.464550979068192,-2.5056215868936693,1.5050167224080369,-0.2956636005256197,30.068245662045996,30.35566962809985,31.361972211499104,32.80655942736092,300015.SZ
2017-01-24,30.47,-0.09978092013543116,1,0.003953871499176254,0.012341561040693838,0.007392473118279508,0.008130081300813163,2.385752688172027,-0.813802083333337,1.634422948632408,0.23026315789473895,30.141291905310357,30.366558234947483,31.326992909087377,32.783310079824986,300015.SZ
2017-01-25,30.6,-0.3641592920353983,2,0.00426649163111259,0.003953871499176254,0.012341561040693838,0.007392473118279508,3.658536585365857,0.657894736842124,-1.576069475715658,0.591715976331364,30.224693377072107,30.388790784000104,31.298483383240814,32.76158560141877,300015.SZ
2017-01-26,30.64,0.2710508002783578,3,0.0013071895424836555,0.00426649163111259,0.003953871499176254,0.012341561040693838,2.9569892473118253,2.235568902235574,-0.7450599287334048,0.6901084456128803,30.3002036721499,30.41271547123819,31.272660505466668,32.740475296927045,300015.SZ
2017-02-03,31.19,1.4916506980563917,4,0.017950391644908636,0.0013071895424836555,0.00426649163111259,0.003953871499176254,4.036024016010686,4.875588433086753,-0.38326413286489114,3.3808418959230924,30.4619848226681,30.486742569215505,31.269418917016996,32.72504768203225,300015.SZ
2017-02-06,31.1,0.12228081740276875,0,-0.002885540237255513,0.017950391644908636,0.0013071895424836555,0.00426649163111259,2.471169686985175,4.9966239027684045,-0.09637006103436763,4.013377926421424,30.577987582182992,30.545148038814027,31.26277503791829,32.708878053355306,300015.SZ
2017-02-07,30.55,-0.44444444444444453,1,-0.01768488745980712,-0.002885540237255513,0.017950391644908636,0.0013071895424836555,0.2625533311453987,2.6545698924731242,-0.553385416666663,1.9012675116744537,30.572898930876992,30.54561013035555,31.234823075646986,32.68739667969008,300015.SZ
2017-02-08,30.85,-0.28405286343612335,2,0.009819967266775809,-0.01768488745980712,-0.002885540237255513,0.017950391644908636,0.8169934640522847,4.505420054200537,1.4802631578947567,-0.7719523962688934,30.62328094344481,30.574599641750257,31.219731974641224,32.66911412566331,300015.SZ
2017-02-09,30.71,-0.05906965296578892,3,-0.004538087520259304,0.009819967266775809,-0.01768488745980712,-0.002885540237255513,0.22845953002610386,3.1922043010752743,2.4691358024691468,-0.5183025591188883,30.63904804463666,30.58749491396452,31.199742485439607,32.649620452771146,300015.SZ
2017-02-10,30.54,0.5364896678001572,4,-0.0055356561380658365,-0.004538087520259304,0.009819967266775809,-0.01768488745980712,-2.0840012824623333,1.867911941294187,2.689979825151312,-2.459278185883107,30.621039309248175,30.58297158882504,31.173870231108644,32.62862920448487,300015.SZ
2017-02-13,30.5,0.3879809329247532,0,-0.0013097576948264411,-0.0055356561380658365,-0.004538087520259304,0.009819967266775809,-1.9292604501607746,0.49423393739702615,2.9709655638082255,-2.023771281721809,30.59903216211214,30.575069532746465,31.147443947535756,32.607448814390494,300015.SZ
2017-02-14,30.2,0.22617441432601493,1,-0.00983606557377048,-0.0013097576948264411,-0.0055356561380658365,-0.004538087520259304,-1.1456628477905073,-0.8861174926156901,1.4784946236559016,-1.692708333333337,30.526480859909935,30.53934862486585,31.110289282926512,32.58349409981944,300015.SZ
2017-02-15,30.14,-0.3978193458037411,2,-0.001986754966887383,-0.00983606557377048,-0.0013097576948264411,-0.0055356561380658365,-2.301458670988654,-1.503267973856215,2.1002710027100413,-0.8552631578947256,30.456211612653583,30.501315422497672,31.07223872281175,32.55918072569189,300015.SZ
2017-02-16,30.21,-0.10299003322259137,3,0.002322495023225013,-0.001986754966887383,-0.00983606557377048,-0.0013097576948264411,-1.628134158254635,-1.4033942558746682,1.5120967741935498,0.800800800800805,30.411445864898383,30.473571096545513,31.038425439564232,32.53580579309794,300015.SZ
2017-02-17,31.09,2.377962962962963,4,0.029129427341939795,0.002322495023225013,-0.001986754966887383,-0.00983606557377048,1.8009168303863898,-0.3206155819172829,3.702468312208129,4.539340954942839,30.534819344007765,30.532278611160226,31.040447971346026,32.52141966580344,300015.SZ
2017-02-20,31.18,-0.2682418727043474,0,0.002894821486008281,0.029129427341939795,0.002322495023225013,-0.001986754966887383,2.2295081967213193,0.25723472668810476,2.7347611202635846,5.266711681296421,30.652124917824533,30.5939663624783,31.04592059992069,32.508072206442215,300015.SZ
2017-02-21,31.23,-0.41144740785136347,1,0.001603592046183433,0.002894821486008281,0.029129427341939795,0.002322495023225013,3.410596026490076,2.225859247135853,2.49425664588121,4.939516129032251,30.757193114583707,30.654540994623225,31.0531393999238,32.4953550700597,300015.SZ
2017-02-22,31.17,-0.1540224032586559,2,-0.0019212295869356355,0.001603592046183433,0.002894821486008281,0.029129427341939795,3.4173855341738557,1.0372771474878473,1.862745098039209,5.589430894308944,30.832248911932123,30.703632328468633,31.057722168554243,32.4821674574223,300015.SZ
2017-02-23,31.68,0.4423713511886851,3,0.016361886429258732,-0.0019212295869356355,0.001603592046183433,0.002894821486008281,4.865938430983108,3.1585802670139884,3.394255874673635,6.451612903225801,30.986385473399004,30.796619725757335,31.082125220767804,32.47418569167681,300015.SZ
2017-02-24,31.37,-0.3967243897350302,4,-0.00978535353535348,0.016361886429258732,-0.0019212295869356355,0.001603592046183433,0.9006111289803886,2.7177472167648986,0.5771080474511026,4.636424282855245,31.056133569144638,30.851227370923304,31.093414427796517,32.46319876937157,300015.SZ
2017-02-27,31.4,0.40411551098046017,0,0.00095632770162557,-0.00978535353535348,0.016361886429258732,-0.0019212295869356355,0.7055805003207238,2.950819672131133,0.9646302250803762,3.4596375617792274,31.118654738391065,30.90349143083537,31.10543739141234,32.452619677139026,300015.SZ
2017-02-28,31.75,-0.3899014778325124,1,0.011146496815286566,0.00095632770162557,-0.00978535353535348,0.016361886429258732,1.6650656420108767,5.132450331125837,3.9279869067103013,4.200853298326224,31.233444785956326,30.984111294565338,31.130714356454995,32.44562843657048,300015.SZ
2017-03-01,31.48,0.13423496164715387,2,-0.008503937007873996,0.011146496815286566,0.00095632770162557,-0.00978535353535348,0.9945460378569138,4.44591904445919,2.0421393841166813,2.875816993464042,31.27827300669154,31.03133879032102,31.144411832672446,32.43602019342053,300015.SZ
2017-03-02,31.03,-0.09165331909592456,3,-0.014294790343074903,-0.008503937007873996,0.011146496815286566,0.00095632770162557,-2.0517676767676685,2.7143330023171153,1.0420058612829797,1.2728459530026104,31.23313246002035,31.03121128648092,31.139925094136274,32.422029942739734,300015.SZ
2017-03-03,30.06,4.456308777429467,4,-0.031260070899129966,-0.014294790343074903,-0.008503937007873996,0.011146496815286566,-4.175964297099144,-3.312962367320682,-1.5717092337917515,-3.6229560756652845,31.019835649107556,30.938714973482735,31.097575090444657,32.39852715723984,300015.SZ
2017-03-06,30.36,-0.5038601026966858,0,0.009980039920159722,-0.031260070899129966,-0.014294790343074903,-0.008503937007873996,-3.3121019108280247,-2.6298909557408656,-0.4590163934426239,-2.3794212218649635,30.899865531087997,30.883599261722473,31.068650577093887,32.37824330492899,300015.SZ
2017-03-07,30.46,-0.546283563725845,1,0.0032938076416337836,0.009980039920159722,-0.031260070899129966,-0.014294790343074903,-4.062992125984244,-2.465577969900734,0.8609271523178919,-0.29459901800327204,30.819889979981088,30.84325647489176,31.044781927011776,32.35915630687,300015.SZ
2017-03-08,30.3,-0.011006540118041142,2,-0.005252790544977071,0.0032938076416337836,0.009980039920159722,-0.031260070899129966,-3.7484116899618836,-2.791145332050049,0.5308560053085554,-1.7828200972447306,30.725364529075435,30.79151776299731,31.01557479261916,32.33866718938871,300015.SZ
2017-03-09,30.22,-0.3629032258064516,3,-0.0026402640264027166,-0.005252790544977071,0.0032938076416337836,0.009980039920159722,-2.610377054463431,-4.608585858585856,0.033101621979469975,-1.5955714750895522,30.633480069243532,30.73708749985471,30.984375781143896,32.317585923822655,300015.SZ
2017-03-10,30.16,0.13797468354430387,4,-0.0019854401058900795,-0.0026402640264027166,-0.005252790544977071,0.0032938076416337836,0.3326679973386648,-3.8571883965572207,-2.991315535541972,-1.2442698100851302,30.547392783926526,30.68212678558283,30.952047319138256,32.296117407167706,300015.SZ
2017-03-13,30.37,0.6266963292547274,0,0.00696286472148544,-0.0019854401058900795,-0.0026402640264027166,-0.005252790544977071,0.032938076416333395,-3.2802547770700574,-2.5978191148171903,-0.42622950819671823,30.51513955048534,30.652400425051134,30.92922193407401,32.2769520598327,300015.SZ
2017-03-14,30.89,0.9649890590809627,1,0.017122160026341815,0.00696286472148544,-0.0019854401058900795,-0.0026402640264027166,1.4116874589625628,-2.708661417322833,-1.0886967659301972,2.2847682119205404,30.583295995851643,30.675028955998645,30.927683819012287,32.26315154182442,300015.SZ
2017-03-15,30.65,-0.38787583518930957,2,-0.0077695046940757795,0.017122160026341815,0.00696286472148544,-0.0019854401058900795,1.1551155115511413,-2.63659466327828,-1.6682707731793478,1.6921035169210175,30.595423996605888,30.672645245903535,30.916794257482394,32.24710028270179,300015.SZ
2017-03-16,30.64,-0.23956793632745887,3,-0.00032626427406190484,-0.0077695046940757795,0.017122160026341815,0.00696286472148544,1.3898080741231,-1.2568482114083124,-3.282828282828276,1.4233697451175198,30.603528724495725,30.6695361748651,30.905939580718382,32.23110923511272,300015.SZ
2017-03-17,30.36,-0.03827751196172258,4,-0.009138381201044377,-0.00032626427406190484,-0.0077695046940757795,0.017122160026341815,0.6631299734747964,0.9980039920159722,-3.219636595473385,-2.3480218719845625,30.559250774587408,30.640056539163663,30.884530185396095,32.21249123277329,300015.SZ
2017-03-20,30.25,-0.4519589552238805,0,-0.0036231884057971175,-0.009138381201044377,-0.00032626427406190484,-0.0077695046940757795,-0.3951267698386607,-0.36231884057971175,-3.6624203821655987,-2.9826812059012164,30.50302336102606,30.60290829733855,30.8596466487139,32.192963956825295,300015.SZ
2017-03-21,30.11,1.2451063829787232,1,-0.004628099173553779,-0.0036231884057971175,-0.009138381201044377,-0.00032626427406190484,-2.525089025574623,-1.1490479317137314,-5.16535433070866,-3.5862952289465344,30.43156456811223,30.555964649972974,30.830248740921196,32.172237947304644,300015.SZ
2017-03-22,30.76,-0.05850391710892089,2,0.0215875124543341,-0.004628099173553779,-0.0036231884057971175,-0.009138381201044377,0.35889070146819524,1.518151815181512,-2.2871664548919868,-1.3153673403914046,30.49128010118273,30.575396588070788,30.82749388833605,32.15818582842599,300015.SZ
2017-03-23,30.65,-0.11595758958529057,3,-0.0035760728218466875,0.0215875124543341,-0.004628099173553779,-0.0036231884057971175,0.032637075718011666,1.4228987425545903,-1.2246213341927215,-3.25126262626263,30.52013826460405,30.582501674921186,30.820533343695423,32.14317900426255,300015.SZ
2017-03-24,30.9,0.05632306057385761,4,0.00815660685154973,-0.0035760728218466875,0.0215875124543341,-0.004628099173553779,1.7786561264822032,2.4535809018567667,2.794411177644718,-1.4982467325470261,30.589204034676037,30.61273961064298,30.823649683158347,32.13080906392163,300015.SZ
2017-03-27,30.69,0.37826961770623746,0,-0.006796116504854233,0.00815660685154973,-0.0035760728218466875,0.0215875124543341,1.454545454545464,1.053671386236421,1.0869565217391353,-2.2611464968152806,30.607530573825848,30.620097742962695,30.81840851911292,32.116472655325396,300015.SZ
2017-03-28,30.65,-0.25828988529718466,1,-0.0013033561420658923,-0.006796116504854233,0.00815660685154973,-0.0035760728218466875,1.7934241115908245,-0.776950469407578,0.6237688772160244,-3.464566929133861,30.615252287675695,30.622945576966245,30.811804263461436,32.10188088761072,300015.SZ
2017-03-29,30.52,-0.1553493603261633,2,-0.004241435562805873,-0.0013033561420658923,-0.006796116504854233,0.00815660685154973,-0.7802340702210753,-0.4241435562805873,0.7260726072607193,-3.0495552731893305,30.597933689916474,30.61314123630279,30.800360959011968,32.086140779276285,300015.SZ
2017-03-30,30.1,0.35369507323568583,3,-0.013761467889908174,-0.004241435562805873,-0.0013033561420658923,-0.006796116504854233,-1.7944535073409318,-1.7624020887728409,-0.3970880211780159,-2.9970995810505996,30.50740029174984,30.56427064236919,30.77289582336444,32.06637818445762,300015.SZ
2017-03-31,30.23,-0.33382515676872004,4,0.004318936877076407,-0.013761467889908174,-0.004241435562805873,-0.0013033561420658923,-2.168284789644004,-0.42819499341237854,0.23209549071618873,0.5655355954757191,30.45696387506805,30.532435343095933,30.75160579107564,32.04810576471177,300015.SZ
2017-04-05,30.41,0.4438907345884091,2,0.005954349983460228,0.004318936877076407,-0.013761467889908174,-0.004241435562805873,-0.9123492994460802,0.5289256198347081,0.13170892327953876,0.16469038208168918,30.44842498869204,30.520774834229655,30.738209485543262,32.03180620486389,300015.SZ
2017-04-06,31.69,3.590438450722229,3,0.04209141729694177,0.005954349983460228,0.004318936877076407,-0.013761467889908174,3.3931484502446985,5.247426104284303,2.589834898025245,4.038082731451076,30.67416589983894,30.63212961192207,30.77553460375725,32.028405148099075,300015.SZ
2017-04-07,31.82,-0.48021497591267304,4,0.004102240454401995,0.04209141729694177,0.005954349983460228,0.004318936877076407,4.259501965923995,3.4460338101430343,3.817292006525297,5.016501650165006,30.882499372595493,30.74526012507235,30.816494031060888,32.026331465033415,300015.SZ
2017-04-13,31.6,-0.561746382636656,3,-0.000948466645589563,-0.005971087366436256,0.0,0.0,-0.28400126222782873,3.0995106035889064,4.948522085685836,2.2984784719974227,31.331617948473394,31.062496515132857,30.949100632302546,32.0141802359131,300015.SZ
2017-04-14,31.32,-0.3114754098360656,4,-0.008860759493670933,-0.000948466645589563,-0.005971087366436256,0.0,-1.5713387806411072,2.6212319790301475,1.820546163849146,2.185970636215351,31.329505594205504,31.087020656548773,30.963645705545584,32.00727296988412,300015.SZ
2017-04-17,31.4,0.48934398934398926,0,0.0025542784163472554,-0.008860759493670933,-0.000948466645589563,-0.005971087366436256,-1.3199245757385292,4.318936877076407,2.446982055464919,2.4804177545691752,31.342322758895413,31.116828213067937,30.980757638661444,32.00123045277085,300015.SZ
2017-04-18,31.79,0.4243711570709894,1,0.012420382165605037,0.0025542784163472554,-0.008860759493670933,-0.000948466645589563,-0.09428032683846954,5.160436652332123,2.88025889967638,4.710144927536231,31.42371862091443,31.18093981182337,31.01249263322374,31.99912865722089,300015.SZ
2017-04-19,31.66,-0.3462836512047719,2,-0.0040893362692669966,0.012420382165605037,0.0025542784163472554,-0.008860759493670933,0.0948466645589674,4.110489970404463,3.160638644509617,4.661157024793394,31.46667887165726,31.22656459164972,31.037885078979674,31.99575424272118,300015.SZ
2017-04-20,31.97,0.9822307599951974,3,0.009791535060012624,-0.0040893362692669966,0.012420382165605037,0.0025542784163472554,1.1708860759493511,0.8835594824865733,4.306688417618276,6.177349717701763,31.558191804083208,31.29736796387356,31.074438605294198,31.995497981599577,300015.SZ
2017-04-21,31.8,-0.03900666262870989,4,-0.005317485142320888,0.009791535060012624,-0.0040893362692669966,0.012420382165605037,1.5325670498084198,-0.06285355122563896,4.19397116644824,3.3810143042912744,31.602156930613532,31.345237681599887,31.102891993321876,31.993552728051323,300015.SZ
2017-04-24,32.33,0.24335056094793917,0,0.016666666666666607,-0.005317485142320888,0.009791535060012624,-0.0040893362692669966,2.9617834394904508,1.6027655562539156,7.4086378737541425,5.4812398042414445,31.73449203413834,31.439024569066564,31.151013875936705,31.996900462100566,300015.SZ
2017-04-25,31.97,-0.44938409286764336,1,-0.011135168574079812,0.016666666666666607,-0.005317485142320888,0.009791535060012624,0.5662157911292764,0.4714016341923255,5.755871650678124,3.4627831715210444,31.777311664295006,31.489593657726893,31.18313097884115,31.99663279581101,300015.SZ
2017-04-26,32.56,0.7390904069232185,2,0.01845480137629041,-0.011135168574079812,0.016666666666666607,-0.005317485142320888,2.8427037271004485,2.940246601327856,7.070042749095706,6.093189964157708,31.919618634423188,31.59153711889576,31.237125842416006,32.002238439633786,300015.SZ
2017-04-27,32.81,-0.16183165696135515,3,0.007678132678132776,0.01845480137629041,-0.011135168574079812,0.016666666666666607,2.627463246793882,3.829113924050631,3.53423792994636,7.04730831973901,32.081506155437154,31.70758120281045,31.298807181929103,32.01027586809514,300015.SZ
2017-04-28,32.87,-0.18139329249036817,4,0.0018287107589147755,0.007678132678132776,0.01845480137629041,-0.011135168574079812,3.364779874213819,4.948914431673046,3.299811439346323,7.699868938401044,32.22486867263039,31.81828775492374,31.360422586559334,32.018830337069325,300015.SZ
2017-05-02,32.28,-0.1943522876321272,1,-0.017949498022512778,0.0018287107589147755,0.007678132678132776,0.01845480137629041,-0.15465511908443474,2.8025477707006363,1.4456316781898293,7.242524916943527,32.23489255033395,31.86226034969291,31.396484445909948,32.021429040183065,300015.SZ
2017-05-03,31.88,0.04280789120858075,2,-0.01239157372986377,-0.017949498022512778,0.0018287107589147755,0.007678132678132776,-0.28151391929934766,0.2831078955646493,0.18856065367693908,5.4581541515051235,32.170366632091415,31.863949840198348,31.41544584018799,32.02002178605189,300015.SZ
2017-05-04,31.37,0.22848746441362855,3,-0.01599749058971134,-0.01239157372986377,-0.017949498022512778,0.0018287107589147755,-3.6547911547911593,-0.9159823120656996,-0.8220044261776693,3.156856297270627,32.02484542625661,31.816906998274696,31.413663650376694,32.01355390758371,300015.SZ
2017-05-05,31.61,-0.3633101592285266,4,0.007650621613006114,-0.01599749058971134,-0.01239157372986377,-0.017949498022512778,-3.6574215178299396,-1.1260556771973684,0.03164556962025333,-0.2524455664247416,31.949418985119042,31.797201569867582,31.421363115067805,32.00953844581671,300015.SZ
2017-05-08,31.78,0.12551367852530237,0,0.005378044922492942,0.007650621613006114,-0.01599749058971134,-0.01239157372986377,-3.31609370246424,-0.06289308176100628,1.4687100893997496,-0.12570710245128902,31.918615533279212,31.795563325118287,31.435427306633773,32.00725448118172,300015.SZ
2017-05-09,31.72,-0.15710411016065096,1,-0.0018879798615482057,0.005378044922492942,0.007650621613006114,-0.01599749058971134,-1.7348203221809189,-1.8867924528301883,1.0191082802547768,-0.3142677561282281,31.882503618137534,31.788366817964164,31.446587020099116,32.00439622763762,300015.SZ
2017-05-10,31.74,-0.22475247524752473,2,0.0006305170239595537,-0.0018879798615482057,0.005378044922492942,0.007650621613006114,-0.43914680050188837,-0.7194244604316613,-0.1572821642025768,-0.25141420490257804,31.85659386938525,31.783760454348528,31.45809341146778,32.001765419402425,300015.SZ
2017-05-11,32.13,1.2522349936143042,3,0.012287334593573007,0.0006305170239595537,-0.0018879798615482057,0.005378044922492942,2.422696844118599,-1.3206388206388198,1.484523057485787,1.5807777426493974,31.906304074951567,31.816735649172475,31.484442689449438,32.00304138537852,300015.SZ
2017-05-12,32.56,-0.004536433229373471,4,0.013383131030189954,0.012287334593573007,0.0006305170239595537,-0.0018879798615482057,3.005378044922491,-0.7619628162145675,1.8454801376290408,3.037974683544298,32.02515787950583,31.88752273020367,31.526621407510245,32.008583262140924,300015.SZ
2017-05-15,32.88,-0.23098832241526635,0,0.00982800982800991,0.013383131030189954,0.012287334593573007,0.0006305170239595537,3.4612964128382773,0.03042287800427701,3.396226415094339,4.980842911877392,32.180583719595674,31.982044374946177,31.57969507780396,32.01725407545295,300015.SZ
2017-05-16,33.8,0.46342592592592613,1,0.027980535279805263,0.00982800982800991,0.013383131030189954,0.012287334593573007,6.557377049180313,4.708798017348181,4.5468605010825724,7.643312101910826,32.47502304330555,32.15518300590369,31.66676585906655,32.03499284087133,300015.SZ
2017-05-17,33.31,-0.20841505852578301,2,-0.014497041420118206,0.027980535279805263,0.00982800982800991,0.013383131030189954,4.946439823566484,4.485570890840673,4.191429465123564,4.781377791758423,32.62683703543181,32.26516557677,31.73120641361296,32.04767947927063,300015.SZ
2017-05-18,22.23,0.02389896890736143,3,-0.3326328429900931,-0.014497041420118206,0.027980535279805263,0.00982800982800991,-30.81232492997199,-29.136117309531397,-31.726044226044227,-29.78521794061908,30.736503028989663,31.309435521839525,31.358610083667354,31.94999112624306,300015.SZ
2017-05-19,22.4,0.13590944574551123,4,0.007647323436797082,-0.3326328429900931,-0.014497041420118206,0.027980535279805263,-31.203931203931212,-29.136349256564387,-31.72813166717465,-29.93431341883016,29.220775205536995,30.460917853092905,31.007292041170597,31.85496633891726,300015.SZ
2017-05-22,22.57,-0.2619063981856916,0,0.007589285714285854,0.007647323436797082,-0.3326328429900931,-0.014497041420118206,-31.356447688564483,-28.98049087476401,-31.335564344386967,-29.0251572327044,28.011543349984812,29.709401867084058,30.676417843477633,31.762578614151916,300015.SZ
2017-05-23,22.74,0.6965549348230913,1,0.007532122286220577,0.007589285714285854,0.007647323436797082,-0.3326328429900931,-32.721893491124256,-28.310214375788146,-29.55390334572492,-29.66285184039592,27.053080922714848,29.045649308314147,30.365185771184393,31.672801712518567,300015.SZ
2017-05-24,22.62,-0.4051918116459031,2,-0.005277044854881119,0.007532122286220577,0.007589285714285854,0.007647323436797082,-32.092464725307714,-28.73345935727788,-29.046424090338764,-29.246168282765083,26.247066209493966,28.433682707522323,30.06145299584383,31.582724083538285,300015.SZ
2017-05-25,22.35,-0.0071968997970105475,3,-0.011936339522546358,-0.005277044854881119,0.007532122286220577,0.007589285714285854,0.5398110661268607,-30.438842203548088,-28.75358622888109,-31.357493857493857,25.5385087168587,27.85428435442496,29.75904307443819,31.490856182209548,300015.SZ
2017-05-26,22.46,0.05381040892193312,4,0.004921700223713632,-0.011936339522546358,-0.005277044854881119,0.007532122286220577,0.267857142857153,-31.01965601965602,-28.94653590635874,-31.545260591283153,24.97877985924803,27.340542987336867,29.47280609112689,31.400996916714927,300015.SZ
2017-05-31,22.37,0.9559925919393244,2,-0.004007123775601085,0.004921700223713632,-0.011936339522546358,-0.005277044854881119,-0.886132033673015,-31.9647201946472,-29.609817495280055,-31.94402190447215,24.50445624847566,26.867157940923832,29.194264675788585,31.31113625087697,300015.SZ
2017-06-01,22.14,-0.4877136029577528,3,-0.010281627179257957,-0.004007123775601085,0.004921700223713632,-0.011936339522546358,-2.638522427440626,-34.497041420118336,-30.201765447667086,-31.412639405204455,24.074555112389177,26.416952422740607,28.917626845365504,31.21988116380357,300015.SZ
2017-06-02,21.2,0.7436190811476853,4,-0.042457091237579125,-0.010281627179257957,-0.004007123775601085,0.004921700223713632,-6.277630415561452,-36.35544881416992,-33.20730938878387,-33.500627352572145,23.551908728318416,25.920099811051024,28.614974812213916,31.120180853715972,300015.SZ
2017-06-05,21.31,-0.06471152390086321,0,0.005188679245283101,-0.042457091237579125,-0.010281627179257957,-0.004007123775601085,-4.653243847874733,-4.138551506972565,-33.675692499221924,-32.06885559451707,23.14428895953325,25.48104268618902,28.32850521173494,31.022567113878004,300015.SZ
2017-06-06,21.35,-0.5014301905121701,1,0.0018770530267482322,0.005188679245283101,-0.042457091237579125,-0.010281627179257957,-4.942119323241312,-4.687499999999989,-34.42874692874693,-32.45808288516292,22.818054603254478,25.087610049409115,28.05483834068651,30.926322664983697,300015.SZ
2017-06-07,22.06,1.0582377137908638,2,0.033255269320842995,0.0018770530267482322,0.005188679245283101,-0.042457091237579125,-1.3857845328565155,-2.2596366858662065,-32.90754257907543,-30.585273757079932,22.680226493571844,24.799266235179676,27.819746641051744,30.83810054891421,300015.SZ
2017-06-08,22.06,-0.4680235615861996,3,0.0,0.033255269320842995,0.0018770530267482322,0.005188679245283101,-0.36133694670280603,-2.9903254177660488,-34.73372781065088,-30.45397225725095,22.567458040195145,24.538383736591136,27.593874223755595,30.75075626484541,300015.SZ
2017-06-09,21.73,0.4088976767177457,4,-0.014959202175883868,0.0,0.033255269320842995,0.0018770530267482322,2.5000000000000133,-3.9345711759504853,-34.76433503452417,-31.537492123503462,22.415192941977843,24.270918618820552,27.36391837184361,30.66099749604098,300015.SZ
2017-06-12,21.82,-0.41190091923373795,0,0.004141739530602928,-0.014959202175883868,0.0,0.033255269320842995,2.3932426091037184,-2.371364653243857,-1.8443544759334185,-32.08839091192033,22.306976043436418,24.0374977979805,27.146509808241902,30.573027371702267,300015.SZ
2017-06-13,21.75,-0.20987948932108347,1,-0.0032080659945005197,0.004141739530602928,-0.014959202175883868,0.0,1.87353629976581,-3.161175422974183,-2.9017857142857095,-33.2002457002457,22.20570767190252,23.8196408648395,26.934881972624574,30.4852360545709,300015.SZ
2017-06-14,22.21,0.8045907580791303,2,0.021149425287356305,-0.0032080659945005197,0.004141739530602928,-0.014959202175883868,0.6799637352674637,-0.7152436298614173,-1.5950376606114314,-32.45133819951338,22.20648809519297,23.666341734854786,26.74959248350204,30.402895397311493,300015.SZ
2017-06-15,22.7,0.9394979079497909,3,0.022062134173795434,0.021149425287356305,-0.0032080659945005197,0.004141739530602928,2.901178603807808,2.5293586269195867,-0.17590149516270026,-32.84023668639053,22.29621753243061,23.57430918867814,26.590784935129413,30.326249671965112,300015.SZ
2017-06-16,22.92,-0.5086508176209174,4,0.0096916299559473,0.022062134173795434,0.021149425287356305,-0.0032080659945005197,5.476300046019333,8.113207547169822,1.326259946949615,-31.191834283998798,22.409632526534136,23.51199402785165,26.44683258473218,30.252555645378397,300015.SZ
2017-06-19,22.7,-0.21689497716894968,0,-0.009598603839441666,0.0096916299559473,0.022062134173795434,0.021149425287356305,4.032997250229142,6.5227592679493185,1.5659955257270708,2.1142600089968377,22.462426612618835,23.43466126329435,26.299897973566214,30.177405837961697,300015.SZ
2017-06-20,22.49,-0.007400762502803415,1,-0.009251101321585908,-0.009598603839441666,0.0096916299559473,0.022062134173795434,3.402298850574703,5.3395784543325275,0.13357079252003246,0.4017857142857073,22.467439955779046,23.344693523932982,26.15049020989695,30.10091423758397,300015.SZ
2017-06-21,22.8,-0.025079078174423897,2,0.013783903957314436,-0.009251101321585908,-0.009598603839441666,0.0096916299559473,2.656461053579462,3.354487760652769,1.9222172552525674,1.0190518387239722,22.52790541836467,23.29281795022508,26.019098436959816,30.028268324772192,300015.SZ
2017-06-22,22.53,-0.11877172653534185,3,-0.011842105263157876,0.013783903957314436,-0.009251101321585908,-0.009598603839441666,-0.7488986784140894,2.1305530371713566,1.7615176151761558,-0.9234828496042069,22.528286251389275,23.22016862163221,25.88227104727512,29.953658689699836,300015.SZ
2017-06-23,22.7,0.41512163050624595,4,0.00754549489569456,-0.011842105263157876,0.013783903957314436,-0.009251101321585908,-0.9598603839441666,4.463874827427516,7.0754716981132,0.35366931918654476,22.55950693295486,23.170628752905333,25.757476104244724,29.881482981344615,300015.SZ
2017-06-26,22.72,0.2779223192715108,0,0.0008810572687223406,0.00754549489569456,-0.011842105263157876,0.013783903957314436,0.08810572687223406,4.124656278643446,6.61661191928673,1.6554809843400298,22.588687490599433,23.12771172881911,25.638359394274342,29.81022444421681,300015.SZ
2017-06-27,23.35,0.25790736566567296,1,0.027728873239436735,0.0008810572687223406,0.00754549489569456,-0.011842105263157876,3.8239217429969052,7.35632183908046,9.36768149882905,3.9626001780944,22.72710794685408,23.14888204036015,25.54861981018515,29.74594360397585,300015.SZ
2017-06-28,23.17,-0.09491329479768784,2,-0.007708779443254765,0.027728873239436735,0.0008810572687223406,0.00754549489569456,1.6228070175438702,4.322377307519143,5.031731640979165,3.576218149307109,22.807633774698793,23.150893274611565,25.4553406019426,29.680511329309425,300015.SZ
2017-06-29,23.13,-0.37769830118789127,3,-0.0017263703064308578,-0.007708779443254765,0.027728873239436735,0.0008810572687223406,2.6631158455392656,1.8942731277532987,4.850407978241167,4.471544715447151,22.866245815662644,23.148903438934276,25.36415077441544,29.61533211210237,300015.SZ
2017-06-30,23.26,0.14244663382594402,4,0.005620406398616717,-0.0017263703064308578,-0.007708779443254765,0.027728873239436735,2.466960352422909,1.4834205933682343,7.0409572020248445,9.716981132075485,22.937837485542165,23.15948406379768,25.281635057771698,29.552094976658566,300015.SZ
2017-07-03,23.04,-0.09755659360402447,0,-0.009458297506448887,0.005620406398616717,-0.0017263703064308578,-0.007708779443254765,1.4084507042253502,1.497797356828201,5.591200733272217,8.118254340685116,22.956412488170862,23.148104629150282,25.19372780060418,29.487298011716693,300015.SZ
2017-07-04,22.7,0.016324905434998982,1,-0.01475694444444442,-0.009458297506448887,0.005620406398616717,-0.0017263703064308578,-2.7837259100642497,0.9337483325922769,4.367816091954024,6.323185011709587,22.909792035776157,23.105427997802636,25.095934553521662,29.41976270811752,300015.SZ
2017-07-05,22.95,-0.26238981390793337,2,0.011013215859030812,-0.01475694444444442,-0.009458297506448887,0.005620406398616717,-0.9495036685369107,0.6578947368421018,3.3318325078793176,4.0344514959202105,22.917102574725945,23.090625331345244,25.011780257305126,29.355386959778045,300015.SZ
2017-07-06,22.76,-0.1823131058292392,3,-0.008278867102396448,0.011013215859030812,-0.01475694444444442,-0.009458297506448887,-1.5996541288370025,1.0208610741234025,0.2643171806167466,3.1731640979147935,22.888538470230316,23.05913720455046,24.923475149175516,29.289761218884735,300015.SZ
2017-07-07,22.6,-0.12374147450470929,4,-0.00702987697715296,-0.008278867102396448,0.011013215859030812,-0.01475694444444442,-2.837489251934655,-0.4405286343612258,-1.3961605584642212,4.003681546249438,22.83607693018844,23.01540985173613,24.83235847665883,29.223196430637127,300015.SZ
2017-07-10,22.19,0.7750185322461083,0,-0.018141592920354,-0.00702987697715296,-0.008278867102396448,0.011013215859030812,-3.689236111111105,-2.3327464788732266,-2.2466960352422793,1.6956920256645303,22.718608397426905,22.936799389666024,24.728736575613386,29.15321437660094,300015.SZ
2017-07-11,22.29,-0.09281687199832955,1,0.0045065344749886105,-0.018141592920354,-0.00702987697715296,-0.008278867102396448,-1.8061674008810535,-4.539614561027849,-0.8892841262783446,2.4827586206896513,22.64067959789474,22.87519944779307,24.63309984715796,29.0849236862865,300015.SZ
2017-07-12,22.15,0.24985613994705935,2,-0.006280843427545979,0.0045065344749886105,-0.018141592920354,-0.00702987697715296,-3.4858387799564294,-4.402244281398371,-2.8508771929824706,-0.2701485817199534,22.55146512555024,22.80613283371754,24.535723382563532,29.015919470502556,300015.SZ
2017-07-13,22.07,-0.26104972375690605,3,-0.0036117381489840783,-0.006280843427545979,0.0045065344749886105,-0.018141592920354,-3.031634446397191,-4.582792909641153,-2.041722148246783,-2.7753303964757614,22.463926011813832,22.73602494479206,24.4390283479532,28.94680584393039,300015.SZ
2017-07-14,22.4,0.27364485981308406,4,0.014952424105119988,-0.0036117381489840783,-0.006280843427545979,0.0045065344749886105,-0.8849557522124019,-3.697334479793646,-1.3215859030836996,-2.2687609075043746,22.45230310057495,22.704022569097578,24.359066451955037,28.88166349722462,300015.SZ
2017-07-17,21.58,0.42128950200567483,0,-0.03660714285714284,0.014952424105119988,-0.0036117381489840783,-0.006280843427545979,-2.748986029743139,-6.336805555555558,-5.017605633802824,-4.933920704845818,22.293702536834047,22.596972800612097,24.250083453839157,28.809010129093032,300015.SZ
2017-07-18,21.93,-0.3017140497005576,1,0.016218721037998263,-0.03660714285714284,0.014952424105119988,-0.0036117381489840783,-1.6150740242261041,-3.3920704845814997,-6.081370449678802,-2.4899955535793605,22.22757480286422,22.53345158150618,24.15909978898272,28.740562267112008,300015.SZ
2017-07-19,22.25,-0.2795741324921136,2,0.01459188326493388,0.016218721037998263,-0.03660714285714284,0.014952424105119988,0.4514672686230403,-3.05010893246187,-3.970651704790684,-2.412280701754388,22.23165211143436,22.50645619279131,24.08423313059124,28.675979557986516,300015.SZ
2017-07-20,22.35,-0.1107006020799125,3,0.004494382022471877,0.01459188326493388,0.016218721037998263,-0.03660714285714284,1.268690530131411,-1.8014059753954315,-3.3722438391698972,-0.7989347536617841,22.253169909355385,22.49155560300166,24.016223988215113,28.613034487757798,300015.SZ
2017-07-21,22.7,0.7745807047238038,4,0.015659955257270708,0.004494382022471877,0.01459188326493388,0.016218721037998263,1.3392857142857206,0.4424778761061843,-2.4075666380051652,0.0,22.33441174401804,22.511407450334836,23.964607361226285,28.554198323700508,300015.SZ
2017-07-24,22.49,-0.45582242261337036,0,-0.009251101321585908,0.015659955257270708,0.004494382022471877,0.01459188326493388,4.216867469879526,1.3519603424966053,-2.387152777777779,-1.0123239436619746,22.36270051783294,22.50936864554104,23.906779621570355,28.493858041872645,300015.SZ
2017-07-25,22.2,-0.05066921606118546,1,-0.012894619831036014,-0.009251101321585908,0.015659955257270708,0.004494382022471877,1.2311901504787892,-0.40376850605652326,-2.2026431718061623,-4.925053533190582,22.333118605499678,22.479904965013322,23.839847087391124,28.431232588719684,300015.SZ
2017-07-26,22.1,0.08408862034239695,2,-0.0045045045045044585,-0.012894619831036014,-0.009251101321585908,0.015659955257270708,-0.6741573033707815,-0.22573363431149795,-3.703703703703698,-4.618040569702197,22.290733404499736,22.44372353977396,23.771617789846374,28.368235249528446,300015.SZ
2017-07-27,22.57,0.592196934509986,3,0.02126696832579178,-0.0045045045045044585,-0.012894619831036014,-0.009251101321585908,0.9843400447427264,2.265518803806077,-0.8347978910369092,-2.4210981409424903,22.341509149136144,22.4557498693193,23.72449552357789,28.31054136644856,300015.SZ
2017-07-28,22.5,-0.35754570206145475,4,-0.003101462117855558,0.02126696832579178,-0.0045045045045044585,-0.012894619831036014,-0.8810572687224627,0.44642857142858094,-0.4424778761062065,-3.267411865864156,22.370325667475026,22.459964167479363,23.67647609128072,28.2527250344441,300015.SZ
2017-07-31,22.6,0.4287876494626912,0,0.004444444444444473,-0.003101462117855558,0.02126696832579178,-0.0045045045045044585,0.4891062694531101,4.726598702502338,1.8476791347453725,-1.9097222222222099,22.41208463702502,22.473300913433707,23.634261342603043,28.196479014200875,300015.SZ
2017-08-01,23.14,0.43442796610169476,1,0.023893805309734395,0.004444444444444473,-0.003101462117855558,0.02126696832579178,4.234234234234235,5.517555859553136,3.8133692238672134,1.938325991189438,22.544432884838653,22.53679606453526,23.614878544853905,28.146165790178976,300015.SZ
2017-08-02,22.69,-0.3404475297245403,2,-0.01944684528954188,0.023893805309734395,0.004444444444444473,-0.003101462117855558,2.6696832579185426,1.977528089887648,2.4379232505643555,-1.1328976034858274,22.570899633049805,22.5513869155319,23.57860879799689,28.091875583311523,300015.SZ
2017-08-03,22.45,-0.02194603067965517,3,-0.010577346848832159,-0.01944684528954188,0.023893805309734395,0.004444444444444473,-0.5316792202038179,0.4474272930648615,1.7217942908926087,-1.362038664323384,22.548917881586203,22.541731018814577,23.53434962944799,28.035737517805938,300015.SZ
2017-08-04,22.48,-0.2950200343445907,4,0.0013363028953230494,-0.010577346848832159,-0.01944684528954188,0.023893805309734395,-0.0888888888888828,-0.9691629955947079,0.3571428571428559,-0.5309734513274433,22.53638735766144,22.53585187416557,23.493002585155914,27.98045654747951,300015.SZ
2017-08-07,22.73,-0.35855797336797657,0,0.011120996441281061,0.0013363028953230494,-0.010577346848832159,-0.01944684528954188,0.5752212389380507,1.067140951534018,5.32900834105654,2.4335286164939074,22.57158965626845,22.554342171864086,23.4630809151498,27.92821319874837,300015.SZ
2017-08-08,22.85,0.6939240506329114,1,0.005279366476022895,0.011120996441281061,0.0013363028953230494,-0.010577346848832159,-1.253241140881589,2.9279279279279313,4.195166438668507,2.512337371018414,22.622209718765095,22.582500060257985,23.439038526320395,27.877683714183714,300015.SZ
2017-08-09,23.07,0.8161709759378271,2,0.009628008752735173,0.005279366476022895,0.011120996441281061,0.0013363028953230494,1.6747465843984122,4.389140271493197,3.685393258426961,4.153498871331829,22.703626133535078,22.6289286259477,23.424566427249008,27.829846065286365,300015.SZ
2017-08-10,23.35,0.5561224489795917,3,0.012136974425660974,0.009628008752735173,0.005279366476022895,0.011120996441281061,4.008908685968837,3.4559149313247772,4.4742729306487705,5.799728137743543,22.821148654710516,22.69760209014316,23.4216422536314,27.7852704825472,300015.SZ
2017-08-11,22.94,-0.35928080380750926,4,-0.017558886509635996,0.012136974425660974,0.009628008752735173,0.005279366476022895,2.0462633451957313,1.9555555555555548,1.0572687224669641,2.4107142857142883,22.842757990217695,22.720687605367623,23.402754322116444,27.737058835954695,300015.SZ
2017-08-14,23.52,0.2835094090458896,0,0.02528334786399289,-0.017558886509635996,0.012136974425660974,0.009628008752735173,3.475582930048393,4.070796460176984,4.579813250333498,8.989805375347547,22.965892901087205,22.79681259533261,23.40735219183737,27.695098051517334,300015.SZ
2017-08-15,22.84,0.45328274709021943,1,-0.028911564625850317,0.02528334786399289,-0.017558886509635996,0.012136974425660974,-0.04376367614880028,-1.2964563526361328,2.8828828828828756,4.149566803465565,22.94300328270771,22.800925681491407,23.38510308627512,27.6467886181689,300015.SZ
2017-08-16,22.82,-0.5300884955752212,2,-0.0008756567425568518,-0.028911564625850317,0.02528334786399289,-0.017558886509635996,-1.0836584308625885,0.5729396209783966,3.2579185520361875,2.561797752808981,22.920639049488123,22.80274228325413,23.362942180930997,27.598760870724437,300015.SZ
2017-08-17,22.75,0.16977401129943503,3,-0.0030674846625766694,-0.0008756567425568518,-0.028911564625850317,0.02528334786399289,-2.5695931477516143,1.3363028953229383,0.7975188303057212,1.7897091722594904,22.88961376776301,22.7977192086585,23.338905232659194,27.550514493901307,300015.SZ
2017-08-18,22.86,-0.438621910971585,4,0.004835164835164774,-0.0030674846625766694,-0.0008756567425568518,-0.028911564625850317,-0.34873583260680574,1.6903914590747249,1.6000000000000014,0.7048458149779835,22.88422944635155,22.803650712595786,23.32012463530001,27.503842707892343,300015.SZ
2017-08-21,22.73,-0.06854029251505589,0,-0.005686789151356009,0.004835164835164774,-0.0030674846625766694,-0.0008756567425568518,-3.3588435374149572,0.0,0.5752212389380507,1.067140951534018,22.856187728833085,22.79663635901524,23.296982492739225,27.456341785425753,300015.SZ
2017-08-22,22.34,0.4225677339901479,1,-0.017157941047074354,-0.005686789151356009,0.004835164835164774,-0.0030674846625766694,-2.189141856392296,-2.2319474835886255,-3.457216940363006,0.6306306306306242,22.762335414499795,22.75314718196617,23.259453767533763,27.40543291193893,300015.SZ
2017-08-23,22.58,-0.2639324748403853,2,0.0107430617726052,-0.017157941047074354,-0.005686789151356009,0.004835164835164774,-1.0517090271691565,-2.1239705244906926,-0.4847950639048193,2.1719457013574583,22.729183520954376,22.736656974159867,23.232808521748126,27.357418654108695,300015.SZ
2017-08-24,22.31,-0.17112613937077326,3,-0.011957484499557136,0.0107430617726052,-0.017157941047074354,-0.005686789151356009,-1.9340659340659427,-4.453961456102795,-0.6236080178173786,-1.1519716437749294,22.652968335326307,22.69602297662083,23.19661995226781,27.307195582923537,300015.SZ
2017-08-25,22.44,-0.19013834693153608,4,0.005826983415508913,-0.011957484499557136,0.0107430617726052,-0.017157941047074354,-1.8372703412073421,-2.1795989537925053,-0.1779359430604921,-0.2666666666666595,22.61424681981243,22.671639835990277,23.166948581590642,27.258765776128282,300015.SZ
2017-08-28,22.84,2.5459921156373193,0,0.017825311942959,0.005826983415508913,-0.011957484499557136,0.0107430617726052,0.48394192696876726,-2.8911564625850317,0.48394192696876726,1.0619469026548645,22.655292852573805,22.687674137324535,23.154127068587087,27.214797957460338,300015.SZ
2017-08-29,22.91,-0.39651658328701134,1,0.0030647985989491477,0.017825311942959,0.005826983415508913,-0.011957484499557136,2.5514771709937323,0.3064798598949148,0.26258205689277947,-0.9939498703543714,22.70160324301493,22.70884802900791,23.14455345805426,27.171964146938347,300015.SZ
2017-08-30,23.3,0.4273871661037765,2,0.01702313400261901,0.0030647985989491477,0.017825311942959,0.005826983415508913,3.1886625332152363,2.1034180543382908,0.9969657563935863,2.6884089907448283,22.810402653375853,22.765148216721443,23.150649400875665,27.133437140501147,300015.SZ
2017-08-31,23.33,-0.10668961066896099,3,0.0012875536480685401,0.01702313400261901,0.0030647985989491477,0.017825311942959,4.571940833706867,2.5494505494505493,-0.08565310492506528,3.9198218262806117,22.904874898216605,22.818943624652732,23.15768275770407,27.09559199482452,300015.SZ
2017-09-01,23.4,0.09976723653583752,4,0.0030004286326619223,0.0012875536480685401,0.01702313400261901,0.0030647985989491477,4.278074866310155,2.3622047244094446,2.005231037489086,4.09252669039144,22.9948976439954,22.87428232706676,23.16718539465685,27.058819935174526,300015.SZ
2017-09-04,23.93,0.38651291782221553,0,0.02264957264957279,0.0030004286326619223,0.0012875536480685401,0.01702313400261901,4.772329246935203,5.279366476022873,1.743197278911568,5.279366476022873,23.164916254178056,22.974826867346117,23.197099692905603,27.027687398506124,300015.SZ
2017-09-05,23.61,-0.22618170333719334,1,-0.013372335979941474,0.02264957264957279,0.0030004286326619223,0.0012875536480685401,3.0554343081623747,5.684870188003588,3.371278458844129,3.3260393873085325,23.245840571600226,23.035319546646484,23.213291861811268,26.993680558719994,300015.SZ
2017-09-06,23.38,0.06237670906741055,2,-0.009741634900465868,-0.013372335979941474,0.02264957264957279,0.0030004286326619223,0.34334763948498104,3.5429583702391465,2.4539877300613355,1.3437364542696173,23.270233194945636,23.068146256489676,23.219829435857886,26.957723538235218,300015.SZ
2017-09-07,23.4,0.08611858112434367,3,0.0008554319931566301,-0.009741634900465868,-0.013372335979941474,0.02264957264957279,0.30004286326619223,4.885701479157323,2.857142857142847,0.21413276231261325,23.293827159500974,23.09975137491923,23.226894948177186,26.922323304023923,300015.SZ
2017-09-08,24.16,0.2277309438188999,4,0.032478632478632585,0.0008554319931566301,-0.009741634900465868,-0.013372335979941474,3.2478632478632585,7.664884135472372,5.686789151356075,5.31822144725369,23.451313130500793,23.20072743445073,23.263487303150633,26.894837500003785,300015.SZ
2017-09-11,24.19,0.10347642370114296,0,0.0012417218543046005,0.032478632478632585,0.0008554319931566301,-0.009741634900465868,1.0865022983702621,5.91068301225921,6.423229212494497,2.848639455782309,23.585619834046103,23.294943869264944,23.29982113439963,26.8679236940336,300015.SZ
2017-09-12,23.9,-0.44667333884513294,1,-0.011988424968995548,0.0012417218543046005,0.032478632478632585,0.0008554319931566301,1.228293096145694,4.321257092972486,6.982990152193369,4.640980735551659,23.642779864219534,23.35256826266828,23.323357560501606,26.83839211498849,300015.SZ
2017-09-13,23.79,-0.493472790185593,2,-0.004602510460251064,-0.011988424968995548,0.0012417218543046005,0.032478632478632585,1.7536355859709252,2.1030042918454894,5.358724534986714,4.2506573181419816,23.669547161634164,23.394228428128446,23.34165726401135,26.80805985513786,300015.SZ
2017-09-14,23.56,0.2544635926098433,3,-0.009667927700714563,-0.004602510460251064,-0.011988424968995548,0.0012417218543046005,0.6837606837606813,0.9858551221603173,5.6028686687584095,3.5604395604395656,23.649629495882493,23.410016196878118,23.3502197242462,26.77574085160415,300015.SZ
2017-09-15,23.64,-0.2726485148514851,4,0.00339558573853993,-0.009667927700714563,-0.004602510460251064,-0.011988424968995548,-2.1523178807946963,1.0256410256410442,5.3475935828877,3.4120734908136496,23.64787867844931,23.43191941622306,23.361583656628703,26.744539450095655,300015.SZ
2017-09-18,24.53,2.8218478815722308,0,0.0376480541455162,0.00339558573853993,-0.009667927700714563,-0.004602510460251064,1.4055394791236075,2.5073129962390306,7.399299474605958,7.919049714034321,23.808264373276707,23.536498519439913,23.40740390538836,26.72250423168674,300015.SZ
2017-09-19,24.51,-0.48777881661546685,1,-0.0008153281695882919,0.0376480541455162,0.00339558573853993,-0.009667927700714563,2.5523012552301383,3.811944091486663,6.983849847228285,9.713518352730532,23.93585266904458,23.629212946159925,23.45064296792215,26.700489264207274,300015.SZ
2017-09-20,24.7,0.22485875706214675,2,0.007751937984496138,-0.0008153281695882919,0.0376480541455162,0.00339558573853993,3.825136612021862,5.645851154833181,6.008583690987113,9.388839681133753,24.07478854740011,23.731192665573264,23.49963736133697,26.680583898394268,300015.SZ
2017-09-21,24.15,-0.2417683792222537,3,-0.022267206477732837,0.007751937984496138,-0.0008153281695882919,0.0376480541455162,2.504244482173168,3.205128205128216,3.5147878268324106,8.247422680412363,24.088463356963725,23.771079078375813,23.52514177853944,26.655403959106764,300015.SZ
2017-09-22,24.6,-0.19457182966775843,4,0.018633540372670954,-0.022267206477732837,0.007751937984496138,-0.0008153281695882919,4.0609137055837685,1.8211920529801473,5.128205128205132,9.625668449197855,24.181470019333954,23.850023928054306,23.567293081341816,26.634952178419134,300015.SZ
2017-09-25,25.2,1.2845689054148268,0,0.024390243902439046,0.018633540372670954,-0.022267206477732837,0.007751937984496138,2.73134936812065,4.175279040925983,5.307145842039285,10.332749562171628,24.366657288545962,23.978593077763417,23.631320803642136,26.620674047290585,300015.SZ
2017-09-26,25.28,-0.1208992421545192,1,0.0031746031746031633,0.024390243902439046,0.018633540372670954,-0.022267206477732837,3.1415748674010535,5.774058577405872,7.073274036425259,10.344827586206895,24.532719599719425,24.1025365941669,23.69597488977382,26.607334007019038,300015.SZ
2017-09-27,24.8,0.5797847720435085,2,-0.01898734177215189,0.0031746031746031633,0.024390243902439046,0.018633540372670954,0.4048582995951566,4.245481294661624,6.073567151411474,6.4377682403433445,24.581316036134076,24.168961680436716,23.73926999213563,26.589350584063624,300015.SZ
2017-09-28,25.37,-0.4917414392968321,3,0.022983870967741904,-0.01898734177215189,0.0031746031746031633,0.024390243902439046,5.051759834368541,7.682512733446534,8.418803418803433,8.744106300900146,24.724713120473336,24.283346282299885,23.80322018852247,26.577217742431152,300015.SZ
2017-09-29,25.33,0.10527453523562458,4,-0.0015766653527790053,0.022983870967741904,-0.01898734177215189,0.0031746031746031633,2.967479674796736,7.1489001692047305,4.842715231788075,8.24786324786324,24.834765280387273,24.383027588747517,23.86309390661963,26.564807615640795,300015.SZ
2017-10-09,25.3,0.17139318078101584,0,-0.0011843663639952151,-0.0015766653527790053,0.022983870967741904,-0.01898734177215189,0.3968253968253954,3.1390134529148073,4.588673005374111,5.725031341412468,24.919353411225952,24.470358294581086,23.919443165183566,26.552222465236408,300015.SZ
2017-10-10,26.15,0.7322462154942118,1,0.03359683794466384,-0.0011843663639952151,-0.0015766653527790053,0.022983870967741904,3.441455696202511,6.691146470828224,9.414225941422604,10.758153324862342,25.143107336457597,24.63032417128765,24.006915982235192,26.548220251651966,300015.SZ
2017-10-11,26.47,-0.10528514056224891,2,0.012237093690248502,0.03359683794466384,-0.0011843663639952151,-0.0015766653527790053,6.733870967741917,7.165991902834001,11.265237494745683,13.216424294268613,25.384360548010758,24.805531393069778,24.10350751234362,26.547441940690256,300015.SZ
2017-10-12,26.34,-0.39708417121516804,3,-0.004911220249338877,0.012237093690248502,0.03359683794466384,-0.0011843663639952151,3.8234134804887576,9.06832298136646,11.799660441426152,12.564102564102564,25.558113175645165,24.951671260396466,24.19121310009485,26.545377841777917,300015.SZ
2017-10-13,26.49,-0.15598570577724835,4,0.005694760820045497,-0.004911220249338877,0.012237093690248502,0.03359683794466384,4.579549940781691,7.682926829268277,12.055837563451766,9.64403973509933,25.72754714370968,25.098178759406327,24.281361605973483,26.544826818476643,300015.SZ
2017-10-16,26.02,-0.04939665514078051,0,-0.0177425443563608,0.005694760820045497,-0.004911220249338877,0.012237093690248502,2.8458498023715473,3.2539682539682646,6.074194863432525,7.565109549400573,25.780720390307916,25.185971258510488,24.349543503778445,26.539604661078865,300015.SZ
2017-10-17,26.03,-0.2458614802167619,1,0.0003843197540354115,-0.0177425443563608,0.005694760820045497,-0.004911220249338877,-0.4588910133843105,2.9667721518987333,6.201550387596888,8.912133891213392,25.826043955706478,25.266354948176158,24.41544375853223,26.5345339679338,300015.SZ
2017-10-18,27.11,1.9205630475440496,2,0.04149058778332693,0.0003843197540354115,-0.0177425443563608,0.005694760820045497,2.41783150736683,9.314516129032246,9.757085020242906,13.955443463640194,26.05949050921439,25.441940191207003,24.521112630746654,26.540259998103615,300015.SZ
2017-10-19,27.25,-0.5116616110549377,3,0.005164146071560349,0.04149058778332693,0.0003843197540354115,-0.0177425443563608,3.4548215641609703,7.410327158060692,12.836438923395455,15.662139219015291,26.275946780266317,25.614136363473,24.628127821697767,26.547322087674722,300015.SZ
2017-10-20,27.39,0.19021326523569604,4,0.005137614678899061,0.005164146071560349,0.04149058778332693,0.0003843197540354115,3.3975084937712507,8.13264903276747,11.341463414634134,15.862944162436543,26.478501911126987,25.783266233618427,24.736436534572366,26.55570694252373,300015.SZ
2017-10-23,28.08,0.4442447086111918,0,0.025191675794085322,0.005137614678899061,0.005164146071560349,0.04149058778332693,7.916986933128367,10.9881422924901,11.428571428571432,14.472075010191588,26.769683381831168,26.00200278279762,24.86755667047149,26.570874037622996,300015.SZ
2017-10-24,28.17,-0.19083754918493534,1,0.003205128205128416,0.025191675794085322,0.005137614678899061,0.005164146071560349,8.221283134844404,7.72466539196941,11.431962025316466,14.932680538555697,27.02428640331641,26.208478708245465,24.99706425202163,26.586785738741174,300015.SZ
2017-10-25,28.99,0.48022626904182997,2,0.02910898118565841,0.003205128205128416,0.025191675794085322,0.005137614678899061,6.934710438952418,9.520211560256886,16.89516129032258,17.368421052631568,27.381688875440695,26.473385497936373,25.153649967628624,26.610698318455192,300015.SZ
2017-10-26,28.7,0.09067748315510715,3,-0.010003449465332825,0.02910898118565841,0.003205128205128416,0.025191675794085322,5.321100917431187,8.959757023538351,13.1257390618841,18.840579710144922,27.62138180717875,26.685444021942434,25.2927225179177,26.63148738991335,300015.SZ
2017-10-27,28.89,-0.4405274157855914,4,0.0066202090592335505,-0.010003449465332825,0.02910898118565841,0.003205128205128416,5.476451259583781,9.06002265005663,14.05448085274379,17.439024390243894,27.852039660418978,26.895401734138392,25.4337922230974,26.65396015220277,300015.SZ
2017-10-30,28.02,0.6394000988847992,0,-0.03011422637590866,0.0066202090592335505,-0.010003449465332825,0.02910898118565841,-0.21367521367521292,7.686395080707142,10.750988142292496,11.190476190476195,27.88257790397916,27.00250633088712,25.535212135917106,26.667552588499262,300015.SZ
2017-10-31,27.68,0.2656323302727699,1,-0.012134189864382527,-0.03011422637590866,0.0066202090592335505,-0.010003449465332825,-1.7394391196308145,6.338839800230489,5.850860420650106,9.493670886075932,27.84574555780113,27.067029537469296,25.619321463920357,26.677626692096286,300015.SZ
2017-11-01,27.7,-0.3427943551589928,2,0.0007225433526012459,-0.012134189864382527,-0.03011422637590866,0.0066202090592335505,-4.449810279406686,2.176318701586122,4.64676992822064,11.693548387096776,27.81924636547365,27.1273124386627,25.700916700629364,26.687799560831646,300015.SZ
2017-11-02,27.95,-0.11381032954637016,3,0.00902527075812265,0.0007225433526012459,-0.012134189864382527,-0.03011422637590866,-2.6132404181184676,2.5688073394495303,6.112376613515558,10.169491525423723,27.843019753569347,27.205663634980535,25.789116045702723,26.700358769181584,300015.SZ
2017-11-03,28.01,1.2501704777924263,4,0.0021466905187836893,0.00902527075812265,0.0007225433526012459,-0.012134189864382527,-3.046036690896503,2.2635998539612956,5.738014345035869,10.580339518357684,27.87337979837492,27.282267098315724,25.87620953410654,26.71339002520963,300015.SZ
2017-11-06,28.57,-0.10097581671616462,0,0.019992859692966825,0.0021466905187836893,0.00902527075812265,0.0007225433526012459,1.9628836545324768,1.7450142450142536,9.800153727901616,12.924901185770743,28.000038016852205,27.404908327047558,25.981848375906285,26.731863756302072,300015.SZ
2017-11-07,29.88,0.4160992381851276,1,0.04585229261463075,0.019992859692966825,0.0021466905187836893,0.00902527075812265,7.947976878612706,6.070287539936103,14.790626200537837,14.263862332695986,28.34184928651544,27.64063134351922,26.134717067047216,26.763188495045338,300015.SZ
2017-11-08,28.67,0.5258271840038087,2,-0.04049531459170008,0.04585229261463075,0.019992859692966825,0.0021466905187836893,3.50180505415163,-1.1038289065194773,5.7543341940243575,8.311295806573483,28.40151305260354,27.738666453660247,26.234139927163014,26.782161743850857,300015.SZ
2017-11-09,28.37,-0.4600208008320332,3,-0.010463899546564348,-0.04049531459170008,0.04585229261463075,0.019992859692966825,1.5026833631484937,-1.1498257839721249,4.110091743119271,7.7069096431283235,28.39578340667562,27.798793458073558,26.317899145705642,26.797961129484182,300015.SZ
2017-11-10,28.49,-0.2860417188312564,4,0.004229820232640069,-0.010463899546564348,-0.04049531459170008,0.04585229261463075,1.7136736879685754,-1.3845621322256862,4.016064257028096,7.550018875047182,28.41291369637096,27.864622652542742,26.403079571364245,26.814797337151006,300015.SZ
2017-11-13,29.39,0.13844825725693322,0,0.03159003159003171,0.004229820232640069,-0.010463899546564348,-0.04049531459170008,2.87014350717536,4.889364739471813,4.665242165242178,12.951575710991548,28.59056575157624,28.00989668563391,26.52021370582055,26.84042124424403,300015.SZ
2017-11-14,28.54,-0.33793838862559245,1,-0.028921401837359695,0.03159003159003171,0.004229820232640069,-0.010463899546564348,-4.484605087014726,3.10693641618498,1.3134540291089625,9.642719938532451,28.581371978562373,28.06038271557354,26.599421011474647,26.857332475644586,300015.SZ
2017-11-15,28.44,-0.3014424281470346,2,-0.003503854239663595,-0.028921401837359695,0.03159003159003171,0.004229820232640069,-0.8022322985699382,2.671480144404348,-1.8972059330803592,4.90593876798231,28.555667982460122,28.096536742661772,26.671600579652115,26.873080411210314,300015.SZ
2017-11-16,28.55,0.27442742224727157,3,0.003867791842475432,-0.003503854239663595,-0.028921401837359695,0.03159003159003171,0.6344730348960104,2.146690518783556,-0.5226480836236891,4.770642201834874,28.554637440194643,28.139723719551128,26.7452633020187,26.88976617826295,300015.SZ
2017-11-17,27.38,0.5082619708117235,4,-0.040980735551663816,0.003867791842475432,-0.003503854239663595,-0.028921401837359695,-3.8961038961038974,-2.249196715458779,-5.226722049151967,-0.03650967506390046,28.34106699652289,28.067369079593878,26.770154937233652,26.894644126737944,300015.SZ
2017-11-20,27.62,-0.42305744368919096,0,0.008765522279035931,-0.040980735551663816,0.003867791842475432,-0.003503854239663595,-6.022456617897243,-3.325166258312917,-1.4275517487508882,-1.638176638176625,28.209963906246003,28.024762500584938,26.803482194597038,26.901861598113687,300015.SZ
2017-11-21,27.78,0.26404546294585085,1,0.005792903692976026,0.008765522279035931,-0.040980735551663816,0.003867791842475432,-2.66292922214435,-7.028112449799195,0.36127167630057855,-1.3844515441959526,28.13178865056491,28.001451786243514,26.841777010495193,26.910599293654847,300015.SZ
2017-11-22,27.63,-0.35823677766000206,2,-0.005399568034557323,0.005792903692976026,0.008765522279035931,-0.040980735551663816,-2.848101265822789,-3.62748517614232,-0.2527075812274404,-4.6912728527078285,28.040554350462198,27.966075425648896,26.87268771596597,26.91775750963838,300015.SZ
2017-11-23,26.22,0.3964574552910354,3,-0.05103148751357223,-0.005399568034557323,0.005792903692976026,0.008765522279035931,-8.161120840630476,-7.5784279168135456,-6.189624329159216,-8.6411149825784,27.709544468559976,27.79978252796805,26.847092119261422,26.910814648845964,300015.SZ
2017-11-24,26.62,-0.38296831028997924,4,0.015255530129672179,-0.05103148751357223,-0.005399568034557323,0.005792903692976026,-2.7757487216946597,-6.563706563706551,-4.962513388075685,-7.857390100380757,27.511445474276343,27.687422287209188,26.838186545957054,26.907920970747995,300015.SZ
2017-11-27,26.74,0.5483508493621523,0,0.00450788880540931,0.015255530129672179,-0.05103148751357223,-0.005399568034557323,-3.1860970311368697,-9.016672337529775,-6.4053202660133035,-4.56816559600286,27.371182660771552,27.597191593189265,26.834336093174425,26.90625011531767,300015.SZ
2017-11-28,27.26,-0.2963500533617929,1,0.01944652206432318,0.00450788880540931,0.015255530129672179,-0.05103148751357223,-1.8718502519798452,-4.484933426769433,-8.768406961178032,-1.5173410404624166,27.35096763154036,27.565078108123622,26.851028795402883,26.909770014667743,300015.SZ
2017-11-29,27.75,0.050536916823393785,2,0.017975055025678532,0.01944652206432318,0.00450788880540931,0.015255530129672179,0.43431053203040193,-2.426160337552752,-3.2089291942797415,0.18050541516245744,27.423518971260293,27.58268971687375,26.886282568132184,26.918130512034235,300015.SZ
2017-11-30,27.2,-0.3871563871563871,3,-0.01981981981981984,0.017975055025678532,0.01944652206432318,0.00450788880540931,3.7376048817696406,-4.728546409807355,-4.124074726824112,-2.683363148479423,27.382879158303876,27.54624307717149,26.89858521251916,26.920935183556285,300015.SZ
2017-12-01,28.06,0.9527892951375798,4,0.03161764705882342,-0.01981981981981984,0.017975055025678532,0.01944652206432318,5.40946656649135,2.48356464572681,-1.5093015093015083,0.178507675830053,27.50599203861226,27.59517230791706,26.944130890459586,26.932269161829357,300015.SZ
2017-12-04,28.32,-0.262317232060995,0,0.009265858873841903,0.03161764705882342,-0.01981981981981984,0.017975055025678532,5.908750934928952,2.5343953656770335,-3.640694113644094,-0.8750437521876098,27.6539934861373,27.664203516686865,26.99808654181411,26.946077428875835,300015.SZ
2017-12-05,27.66,0.23398966442074953,1,-0.02330508474576276,0.009265858873841903,0.03161764705882342,-0.01981981981981984,1.4673514306676294,-0.4319654427645814,-3.083391730903995,-7.429718875502001,27.65508557956688,27.663803181764305,27.024043932331207,26.9531811360512,300015.SZ
2017-12-06,27.79,-0.16279686174724328,2,0.004699927693420092,-0.02330508474576276,0.009265858873841903,0.03161764705882342,0.14414414414414267,0.5790807093738692,-2.285513361462732,-3.0694105336588895,27.67961547419108,27.675821926358182,27.054081425180964,26.961507691911386,300015.SZ
2017-12-07,28.65,1.1800797821819793,3,0.030946383591219817,0.004699927693420092,-0.02330508474576276,0.009265858873841903,5.330882352941169,9.267734553775743,0.3502626970227629,0.9869580542826828,27.856049024338155,27.768600790514544,27.11666646733073,26.978308610399832,300015.SZ
2017-12-18,28.75,-0.4579748510919921,0,0.020227111426543765,-0.0164048865619546,0.0,0.0,0.3490401396160525,1.5183615819209129,7.516828721017199,4.091238233164374,28.403395597333727,28.18159067719814,27.4773877147861,27.087691130248963,300015.SZ
2017-12-19,29.06,-0.14878772021629172,1,0.010782608695652174,0.020227111426543765,-0.0164048865619546,0.0,1.431064572425833,5.061460592913947,6.603081438004388,4.607631389488831,28.52277821600032,28.265248707941176,27.539450941657236,27.107316094127086,300015.SZ
2017-12-20,29.47,0.05717213114754105,2,0.014108740536820319,0.010782608695652174,0.020227111426543765,-0.0164048865619546,2.862129144851666,6.045340050377823,6.1981981981982015,6.659428157799496,28.695000358545716,28.37998692623249,27.615158747866758,27.130825386722837,300015.SZ
2017-12-21,30.64,0.738709052141888,3,0.03970139124533434,0.014108740536820319,0.010782608695652174,0.020227111426543765,6.945898778359516,6.945898778359516,12.647058823529411,16.85736079328757,29.04863665699195,28.5952262665913,27.733779973440612,27.165742547053956,300015.SZ
2017-12-22,30.37,-0.43620401337792647,4,-0.00881201044386426,0.03970139124533434,0.014108740536820319,0.010782608695652174,7.7714691270404535,6.003490401396161,8.232359230220965,14.087152516904577,29.288884537538866,28.76425233643975,27.837161150952745,27.19762570578974,300015.SZ
2017-12-25,30.59,0.23476197538187749,0,0.007243990780375409,-0.00881201044386426,0.03970139124533434,0.014108740536820319,6.400000000000006,6.77137870855149,8.01553672316384,14.39790575916231,29.52545098525907,28.938133066302633,27.945115615621265,27.231380673891334,300015.SZ
2017-12-26,30.43,-0.3443830570902394,1,-0.0052304674730303535,0.007243990780375409,-0.00881201044386426,0.03970139124533434,4.714384033035102,6.212914485165788,10.014461315979762,11.62876008804108,29.689914442484692,29.080215631416667,28.04256206206749,27.263207731862565,300015.SZ
2017-12-27,29.83,0.44217147044455296,2,-0.019717384160368057,-0.0052304674730303535,0.007243990780375409,-0.00881201044386426,1.2215812690872019,4.118673647469451,7.340770061173085,7.4954954954954855,29.71538454385111,29.151623666519843,28.112657667476608,27.288747953436072,300015.SZ
2017-12-28,29.88,-0.15243256975907182,3,0.0016761649346295204,-0.019717384160368057,-0.0052304674730303535,0.007243990780375409,-2.4804177545691974,4.293193717277499,4.293193717277499,9.852941176470598,29.74531462678727,29.220992841137,28.181965209928507,27.314531555889445,300015.SZ
2017-12-29,30.8,0.11265424389269119,4,0.030789825970549023,0.0016761649346295204,-0.019717384160368057,-0.0052304674730303535,1.4158709252551915,9.297374024130601,7.504363001745218,9.764789736279411,29.93707560373504,29.37137447531443,28.284633240911703,27.349212833940296,300015.SZ
2018-01-02,30.42,0.04552801724137945,1,-0.012337662337662314,0.030789825970549023,0.0016761649346295204,-0.019717384160368057,-0.5557371690094737,5.808695652173923,6.178010471204209,7.415254237288149,30.024880039419575,29.471243572903532,28.368373113817125,27.379767930119996,300015.SZ
2018-01-03,30.25,0.2963583268916945,2,-0.005588428665351808,-0.012337662337662314,0.030789825970549023,0.0016761649346295204,-0.591521524811045,4.0949759119063955,5.584642233856907,9.363702096890814,30.065810941343287,29.545410851674625,28.442162403471357,27.40832745320338,300015.SZ
2018-01-04,29.67,0.2259913207672175,3,-0.019173553719008196,-0.005588428665351808,-0.012337662337662314,0.030789825970549023,-0.536372779081451,0.6786562606040158,3.560209424083771,6.7650233897085466,29.993845315644506,29.557276484848472,28.490312897452874,27.43083165764912,300015.SZ
2018-01-05,31.5,0.8130454754248968,4,0.06167846309403435,-0.019173553719008196,-0.005588428665351808,-0.012337662337662314,5.421686746987953,2.8067885117493363,9.947643979057608,9.947643979057608,30.267691621890958,29.74229777200576,28.6083398426508,27.47132089488644,300015.SZ
2018-01-08,33.63,-0.22304356249720558,0,0.06761904761904769,0.06167846309403435,-0.019173553719008196,-0.005588428665351808,9.188311688311689,10.734277247283508,19.339957416607522,17.3821989528796,30.87902041791078,30.11255512705283,28.805267691958615,27.532601283992047,300015.SZ
2018-01-09,33.4,-0.27970767076515846,1,-0.0068391317276242924,0.06761904761904769,0.06167846309403435,-0.019173553719008196,9.796186719263634,9.186008499509635,16.17391304347826,16.57940663176265,31.337380341927002,30.42564511495256,28.98545327266612,27.590983360768245,300015.SZ
2018-01-10,33.9,0.03975926073872871,2,0.014970059880239583,-0.0068391317276242924,0.06761904761904769,0.06167846309403435,12.06611570247933,11.403220506079514,16.655196145905027,18.324607329842934,31.803311188849364,30.75653605638565,29.178180595306664,27.653759645735725,300015.SZ
2018-01-11,33.89,-0.15072738448929424,3,-0.0002949852507374562,0.014970059880239583,-0.0068391317276242924,0.06761904761904769,14.223120997640715,13.610459269192088,14.998303359348487,18.289703315881333,32.18270915451311,31.054961193872728,29.362957826863266,27.715811788564228,300015.SZ
2018-01-12,34.11,-0.380711119153171,4,0.006491590439657635,-0.0002949852507374562,0.014970059880239583,-0.0068391317276242924,8.285714285714274,14.156626506024095,11.325065274151424,19.057591623036664,32.53312567187436,31.34591727064675,29.549116343456863,27.779435551862097,300015.SZ
2018-01-15,33.45,0.6965668371073777,0,-0.019349164467897917,0.006491590439657635,-0.0002949852507374562,0.014970059880239583,-0.535236396074934,8.603896103896114,10.141587092525528,18.70120652945353,32.69983009516993,31.54630610201373,29.702092173125223,27.83585907870924,300015.SZ
2018-01-16,35.45,0.2509256867303884,1,0.05979073243647237,-0.019349164467897917,0.006491590439657635,-0.0002949852507374562,6.137724550898227,16.535174227481917,15.887544949329847,23.304347826086968,33.19986098695721,31.91808647325052,29.927500323198746,27.911621674940992,300015.SZ
2018-01-17,35.26,-0.07767146233450362,2,-0.005359661495063617,0.05979073243647237,-0.019349164467897917,0.006491590439657635,4.011799410029493,16.56198347107438,15.872494249096292,21.33516861665519,33.57443171660135,32.236363951988565,30.13661795758311,27.98473986723014,300015.SZ
2018-01-18,35.97,0.06174743755597567,3,0.020136131593874174,-0.005359661495063617,0.05979073243647237,-0.019349164467897917,6.137503688403645,21.233569261880668,20.583305397251085,22.056328469630127,34.0099895863102,32.591948337513465,30.36537803767789,28.06419519193432,300015.SZ
2018-01-19,35.1,-0.38741271849664927,4,-0.024186822351959902,0.020136131593874174,-0.005359661495063617,0.05979073243647237,2.902374670184704,11.428571428571432,17.469879518072307,14.55613577023498,34.208173297890156,32.83081040060742,30.551049487180716,28.134203199974774,300015.SZ
2018-01-22,35.0,-0.09340575275397789,0,-0.002849002849002913,-0.024186822351959902,0.020136131593874174,-0.005359661495063617,4.6337817638266054,4.073743681236985,13.636363636363624,15.24530786960816,34.35214178918285,33.037399886263856,30.725518134742256,28.202519586044676,300015.SZ
2018-01-23,35.59,0.06936123533879002,1,0.016857142857142904,-0.002849002849002913,-0.024186822351959902,0.020136131593874174,0.39492242595204896,6.5568862275449336,16.995397764628528,16.345210853220028,34.577206918422334,33.280504659000634,30.916282129458246,28.276026853845227,300015.SZ
2018-01-24,36.33,0.742010573660538,2,0.02079235740376495,0.016857142857142904,-0.002849002849002913,-0.024186822351959902,3.0346001134429867,7.168141592920363,20.099173553718998,19.388761091028584,34.89589656961827,33.570932786714856,31.12858479104812,28.356165890125375,300015.SZ
2018-01-25,35.79,-0.46422666636468635,3,-0.014863748967795187,0.02079235740376495,0.016857142857142904,-0.002849002849002913,-0.5004170141784781,5.60637356152256,20.626895854398363,19.97988602078444,35.058460829687675,33.782272521313445,31.311385387477603,28.430134388731094,300015.SZ
2018-01-26,35.3,0.07334291511667224,4,-0.013690975132718664,-0.014863748967795187,0.02079235740376495,0.016857142857142904,0.5698005698005604,3.4887129873937273,12.063492063492065,18.13922356091031,35.10237704247173,33.92681799547407,31.467801646792207,28.498491260485014,300015.SZ
2018-01-29,34.9,0.20077980386751215,0,-0.011331444759206777,-0.013690975132718664,-0.014863748967795187,0.02079235740376495,-0.28571428571428914,4.334828101644228,3.776390127862017,13.311688311688297,35.06558121656778,34.01950199590511,31.602397660643494,28.5621878648583,300015.SZ
2018-01-30,34.77,-0.4742366099248909,1,-0.0037249283667620814,-0.011331444759206777,-0.013690975132718664,-0.014863748967795187,-2.304017982579376,-1.9181946403384997,4.101796407185643,14.299802761341219,35.01183917719182,34.090977996295095,31.7266173602261,28.623957139834832,300015.SZ
2018-01-31,34.98,0.5630068621334996,2,0.006039689387402847,-0.0037249283667620814,-0.011331444759206777,-0.013690975132718664,-3.715937241948808,-0.7941009642654651,3.1858407079645934,15.636363636363626,35.00605023588421,34.1756467585527,31.85420099315841,28.687201347398666,300015.SZ
2018-02-01,34.6,0.20023947315905022,3,-0.010863350485991852,0.006039689387402847,-0.0037249283667620814,-0.011331444759206777,-3.324951103660234,-3.8087294968028873,2.095013278253166,16.61611054937646,34.9322229202689,34.216061352976254,31.961879385583572,28.746035164837487,300015.SZ
2018-02-02,34.51,-0.31072093641926046,4,-0.0026011560693642855,-0.010863350485991852,0.006039689387402847,-0.0037249283667620814,-2.2379603399433456,-1.6809116809116897,1.1726766344180461,9.55555555555554,34.85545511658364,34.24405550983566,32.06180568418814,28.803388048769456,300015.SZ
2018-02-05,33.6,0.2058568120416826,0,-0.026369168356997874,-0.0026011560693642855,-0.010863350485991852,0.006039689387402847,-3.72492836676217,-3.9999999999999925,0.4484304932735439,-0.0892060660124927,34.62719054993207,34.182716889851314,32.12212702990625,28.851115530871255,300015.SZ
2018-02-06,31.5,1.0243248649729946,1,-0.0625,-0.026369168356997874,-0.0026011560693642855,-0.010863350485991852,-9.404659188956,-11.491992132621531,-11.14245416078985,-5.688622754491012,34.05861044994442,33.92722004319881,32.09772989147856,28.87747259026557,300015.SZ
2018-02-07,32.6,-0.04421123364559865,2,0.03492063492063502,-0.0625,-0.026369168356997874,-0.0026011560693642855,-6.8038879359633935,-10.266996972199271,-7.54395916052183,-3.834808259587008,33.79340854995452,33.80081813432273,32.117426758479404,28.914512663994273,300015.SZ
2018-02-08,32.5,-0.41758855275945495,3,-0.0030674846625767804,0.03492063492063502,-0.0625,-0.026369168356997874,-6.069364161849711,-9.192511874825371,-9.646927995551845,-4.101504868692829,33.5582433590537,33.67693069295866,32.1324296306959,28.950189154899803,300015.SZ
2018-02-09,31.47,0.10786054107789522,4,-0.031692307692307686,-0.0030674846625767804,0.03492063492063502,-0.0625,-8.809040857722394,-10.849858356940501,-10.34188034188035,-7.739665787159189,33.17856274831666,33.46674681743879,32.106451998119596,28.97526189962717,300015.SZ
2018-02-12,33.69,0.5952121522881679,0,0.07054337464251659,-0.031692307692307686,-0.0030674846625767804,0.03492063492063502,0.2678571428571308,-3.4670487106017167,-3.7428571428571478,0.7174887892376525,33.27155133953181,33.488009025301764,32.16855191976197,29.022174716546303,300015.SZ
2018-02-13,33.75,-0.3107861060329068,1,0.0017809439002671734,0.07054337464251659,-0.031692307692307686,-0.0030674846625767804,7.14285714285714,-2.9335634167385716,-5.169991570665921,-4.7954866008462655,33.358542005071484,33.51296054670159,32.23056949153601,29.06921775419261,300015.SZ
2018-02-14,35.1,-0.1953828664703996,2,0.040000000000000036,0.0017809439002671734,0.07054337464251659,-0.031692307692307686,7.668711656441718,0.34305317324185847,-3.3856317093311272,-0.45377197958025306,33.67517073142212,33.664107161301445,32.34309617814244,29.12922553773298,300015.SZ
2018-02-22,35.61,0.047782930010143554,3,0.014529914529914478,0.040000000000000036,0.0017809439002671734,0.07054337464251659,9.569230769230774,2.919075144508665,-0.5029337803855838,-1.0008340283569672,34.02695787116355,33.84943028879655,32.4712100535094,29.19371085576549,300015.SZ
2018-02-23,35.06,-0.131314179027072,4,-0.015445099691097974,0.014529914529914478,0.040000000000000036,0.0017809439002671734,11.407689863361936,1.5937409446537432,-0.6798866855523888,-0.11396011396010985,34.21478371277018,33.964722642244496,32.57273122788158,29.252081892026535,300015.SZ
2018-02-26,37.16,0.5429253731343284,0,0.05989731888191652,-0.015445099691097974,0.014529914529914478,0.040000000000000036,10.299792223211623,10.59523809523808,6.475644699140393,6.171428571428561,34.750277583175595,34.269034771554544,32.752624120905836,29.330767644344682,300015.SZ
2018-02-27,36.61,-0.18266006294175308,1,-0.014800861141011756,0.05989731888191652,-0.015445099691097974,0.014529914529914478,8.474074074074078,16.22222222222223,5.291918320391131,2.8659735880865345,35.088408931689116,34.4919838409303,32.90389376322325,29.40319781703777,300015.SZ
2018-02-28,36.3,-0.24519488717058546,2,-0.008467631794591757,-0.014800861141011756,0.05989731888191652,-0.015445099691097974,3.4188034188034067,11.349693251533722,3.7735849056603765,-0.08257638315442017,35.30869821683655,34.6641758560798,33.03707439995959,29.471822714380682,300015.SZ
2018-03-01,37.13,0.22453587556447574,3,0.02286501377410488,-0.008467631794591757,-0.014800861141011756,0.05989731888191652,4.268463914630738,14.246153846153863,7.312138728323703,3.7440625873149003,35.63984399559354,34.89901625073887,33.19758128623569,29.54802348339182,300015.SZ
2018-03-02,36.81,-0.36949395615652536,4,-0.008618367896579548,0.02286501377410488,-0.008467631794591757,-0.014800861141011756,4.991443240159721,16.968541468064835,6.664734859461041,4.277620396600579,35.85259963275835,35.081014703049455,33.33924476520684,29.620281956193892,300015.SZ
2018-03-05,37.24,0.12082317898727313,0,0.011681608258625298,-0.008618367896579548,0.02286501377410488,-0.008467631794591757,0.21528525296019563,10.537251409913928,10.83333333333334,6.704871060171924,36.104854244984104,35.28663235037808,33.49221555872814,29.696100046182014,300015.SZ
2018-03-06,38.28,0.5959605720912253,1,0.027926960257787403,0.011681608258625298,-0.008618367896579548,0.02286501377410488,4.5615951925703335,13.422222222222224,21.523809523809522,10.09490940465918,36.50033529135063,35.571714983675406,33.679971811327036,29.781511986021,300015.SZ
2018-03-07,38.35,-0.33569482288828345,2,0.0018286311389759113,0.027926960257787403,0.011681608258625298,-0.008618367896579548,5.6473829201102,9.259259259259256,17.63803680981595,9.634076615208699,36.83663796565052,35.8363135566587,33.86311017166716,29.866770573224773,300015.SZ
2018-03-08,40.08,0.7610062893081762,3,0.045110821382007726,0.0018286311389759113,0.027926960257787403,0.011681608258625298,7.945057904659292,12.552653748946918,23.32307692307691,15.838150289017339,37.42634015371406,36.24047417031025,34.10690977277825,29.968394746625524,300015.SZ
2018-03-09,39.9,-0.17859730848861277,4,-0.004491017964071808,0.045110821382007726,0.0018286311389759113,0.027926960257787403,8.394458027709861,13.804905875641737,26.78741658722592,15.618661257606492,37.87609648940241,36.58900043980451,34.33408978168891,30.06721668944517,300015.SZ
2018-03-12,39.87,0.11654431456567638,0,-0.0007518796992481702,-0.004491017964071808,0.045110821382007726,0.0018286311389759113,7.062298603651973,7.292787944025836,18.343722172751555,18.660714285714274,38.23862440042015,36.90147658839456,34.551184300054054,30.164756821888503,300015.SZ
2018-03-13,38.88,0.10485919069924954,1,-0.02483069977426622,-0.0007518796992481702,-0.004491017964071808,0.045110821382007726,1.5673981191222541,6.20049166894292,15.200000000000014,23.428571428571445,38.3552381457983,37.089907389499835,34.72094177848331,30.251475659481653,300015.SZ
2018-03-14,38.84,-0.41398069162793083,2,-0.0010288065843621075,-0.02483069977426622,-0.0007518796992481702,-0.004491017964071808,1.277705345501956,6.997245179063372,10.655270655270655,19.141104294478527,38.443376664744065,37.25658287621414,34.88247347344475,30.336933613118653,300015.SZ
2018-03-15,38.87,-0.15855306166920902,3,0.0007723995880533074,-0.0010288065843621075,-0.02483069977426622,-0.0007518796992481702,-3.0189620758483082,4.686237543765137,9.15473181690536,19.599999999999994,38.520944543881505,37.41024164990803,35.03884706272142,30.421839746321453,300015.SZ
2018-03-16,39.56,0.6261459574247681,4,0.01775147928994092,0.0007723995880533074,-0.0010288065843621075,-0.02483069977426622,-0.8521303258145263,7.470795979353428,12.83513976041073,25.70702256116939,38.70986371772123,37.614980540392985,35.21614717790882,30.512766714019747,300015.SZ
2018-03-19,40.26,0.08720856160020385,0,0.01769464105156704,0.01775147928994092,0.0007723995880533074,-0.0010288065843621075,0.9781790820165615,8.109559613319007,8.342303552206687,19.501335707925204,38.99170667813554,37.86688715559365,35.41394532779475,30.60975410990015,300015.SZ
2018-03-20,41.59,0.21963438214097386,1,0.03303527074018886,0.01769464105156704,0.01775147928994092,0.0007723995880533074,6.9701646090535085,8.64681295715779,13.602840753892398,23.229629629629645,39.464123645747264,38.2214693312514,35.65614355023418,30.719010287911097,300015.SZ
2018-03-21,41.17,-0.07141312963897095,2,-0.010098581389757166,0.03303527074018886,0.01769464105156704,0.01775147928994092,5.998970133882597,7.353324641460235,13.415977961432525,17.293447293447283,39.774282982884124,38.50228177589412,35.87237321493088,30.82300023529507,300015.SZ
2018-03-22,41.17,-0.4192922551606394,3,0.0,-0.010098581389757166,0.03303527074018886,0.01769464105156704,5.9171597633136175,2.719560878243521,10.880689469431726,15.613591687728178,40.02804971326883,38.75635017818991,36.0801232849336,30.925955456834423,300015.SZ
2018-03-23,40.09,1.3388124192614366,4,-0.02623269370901138,0.0,-0.010098581389757166,0.03303527074018886,1.3397371081900866,0.4761904761904967,8.91062211355611,14.346833998859099,40.039313401765405,38.88336444693373,36.237373352191106,31.017139979651994,300015.SZ
2018-03-26,42.16,-0.23243943318604288,0,0.05163382389623328,-0.02623269370901138,0.0,-0.010098581389757166,4.719324391455526,5.7436669174818045,13.211600429645532,13.455328310010772,40.4248927832626,39.19542497579719,36.46963322073263,31.128014208710184,300015.SZ
2018-03-27,43.2,0.38004962779156326,1,0.024667931688804767,0.05163382389623328,-0.02623269370901138,0.0,3.871122866073584,11.111111111111116,12.85266457680252,18.00054629882546,40.92945773176031,39.57681307334031,36.73356917286077,31.248133470315057,300015.SZ
2018-03-28,41.87,-0.3767081415420023,2,-0.030787037037037113,0.024667931688804767,0.05163382389623328,-0.02623269370901138,1.7002671848433293,7.80123583934087,9.178617992177296,15.344352617079892,41.10046541689479,39.795211828260285,36.93499783274858,31.353823684540778,300015.SZ
2018-03-29,40.01,0.6499927881148133,3,-0.04442321471220445,-0.030787037037037113,0.024667931688804767,0.05163382389623328,-2.817585620597529,2.932853100077182,-0.17465069860279625,7.756531106921605,40.90219897745937,39.81566784461645,37.05558615303295,31.439954792157287,300015.SZ
2018-03-30,41.18,-0.25461125583509636,4,0.029242689327668048,-0.04442321471220445,-0.030787037037037113,0.024667931688804767,2.718882514342713,4.095045500505545,3.2080200501253264,11.871773974463462,40.952708254284936,39.94560424036727,37.21732787252186,31.536870664872144,300015.SZ
2018-04-02,40.35,-0.14647933574142702,0,-0.020155415250121322,0.029242689327668048,-0.04442321471220445,-0.030787037037037113,-4.293168880455401,0.22354694485842153,1.2039127163280705,8.351235230934485,40.843124935324035,39.98411812223705,37.340177759873946,31.6245634940774,300015.SZ
2018-04-03,40.28,-0.011239660336914925,1,-0.0017348203221809744,-0.020155415250121322,0.029242689327668048,-0.04442321471220445,-6.759259259259265,-3.1497956239480707,3.600823045267476,5.224660397074188,40.74073858344694,40.01229734869066,37.45546490654556,31.71068724040499,300015.SZ
2018-04-04,38.9,0.08451917732073366,2,-0.03426017874875875,-0.0017348203221809744,-0.020155415250121322,0.029242689327668048,-7.093384284690707,-5.5137235851348105,0.1544799176107059,1.4341590612777066,40.406058841002036,39.906364267862976,37.51211334158299,31.782222690749222,300015.SZ
2018-04-09,40.98,0.23810256015991405,0,0.05347043701799481,-0.03426017874875875,-0.0017348203221809744,-0.020155415250121322,2.424393901524624,-0.4615010930289154,5.428350913300739,2.2455089820359264,40.510411779001664,40.00861528997127,37.64810889681503,31.873742862980578,300015.SZ
2018-04-10,42.38,-0.16650107633714195,1,0.03416300634455838,0.05347043701799481,-0.03426017874875875,-0.0017348203221809744,2.9140359397765936,5.712147667747569,7.128412537917095,6.2155388471178075,40.85033691009227,40.23446145283115,37.83367325380268,31.97828273499072,300015.SZ
2018-04-11,42.37,-0.41216350451971784,2,-0.0002359603586599146,0.03416300634455838,0.05347043701799481,-0.03426017874875875,5.00619578686492,0.49810246679315995,5.240933929458524,6.270378730875348,41.12663929007549,40.43784607637104,38.01156842032022,32.081682906781865,300015.SZ
2018-04-12,42.8,0.07798572092433775,3,0.01014869011092756,-0.0002359603586599146,0.03416300634455838,0.05347043701799481,6.256206554121135,-0.9259259259259411,2.909353209906218,10.082304526748963,41.43088669187994,40.662813116716656,38.1993500508959,32.18833282810742,300015.SZ
2018-04-13,42.27,-0.018497472273386384,4,-0.012383177570093329,0.01014869011092756,-0.0002359603586599146,0.03416300634455838,8.663239074550134,0.955337950800117,2.6718484333252412,8.831101956745613,41.58345274790177,40.815878534172214,38.35898338223332,32.288647924345156,300015.SZ
2018-04-16,42.15,-0.07151127969654625,0,-0.002838892831795725,-0.012383177570093329,0.01014869011092756,-0.0002359603586599146,2.855051244509532,5.348662834291429,2.3803740587806654,8.438384358116814,41.686461339192356,40.9429377213939,38.507650700577116,32.38677083057058,300015.SZ
2018-04-17,40.68,-0.00645050313924489,1,-0.034875444839857606,-0.002838892831795725,-0.012383177570093329,0.01014869011092756,-4.011326097215672,-1.214181641573575,1.4716887004240453,2.831142568250744,41.503468368430106,40.9178960336421,38.592840869181934,32.46929052379873,300015.SZ
2018-04-18,40.8,0.47511253462603875,2,0.002949852507374562,-0.034875444839857606,-0.002838892831795725,-0.012383177570093329,-3.7054519707340083,1.1152416356877248,-3.2258064516129004,1.3412816691505292,41.37556502871554,40.906667839961905,38.67939612921402,32.55218315540273,300015.SZ
2018-04-19,41.95,-0.15501305712860536,3,0.028186274509804043,0.002949852507374562,-0.034875444839857606,-0.002838892831795725,-1.9859813084112,4.145978152929497,-2.893518518518523,0.8655926905506206,41.48000775076726,41.00603280758458,38.807655104538966,32.64569377077186,300015.SZ
2018-04-20,42.6,0.22143898881866786,4,0.015494636471990342,0.028186274509804043,0.002949852507374562,-0.034875444839857606,0.78069552874378,9.511568123393332,1.7434917602101807,3.4734029633228136,41.68364270517321,41.15783920686224,38.95637451220411,32.74474159394826,300015.SZ
2018-04-23,42.95,0.1758066808813077,0,0.008215962441314506,0.015494636471990342,0.028186274509804043,0.002949852507374562,1.8979833926453304,4.807223035627151,7.348162959260196,4.323536555744467,41.91388948605081,41.32852118716107,39.112987276431404,32.84628645370997,300015.SZ
2018-04-24,43.38,-0.27452307841098667,1,0.010011641443538943,0.008215962441314506,0.015494636471990342,0.028186274509804043,6.63716814159292,2.3596035865974585,5.342399222923766,8.206535295584928,42.18045503404157,41.52390012171716,39.28032110872822,32.951099523822315,300015.SZ
2018-04-25,45.55,0.5609731711381436,2,0.05002305209774072,0.010011641443538943,0.008215962441314506,0.015494636471990342,11.6421568627451,7.505310361104556,12.887236679058223,8.04079696394686,42.79309957330674,41.907338205363146,39.52619086917025,33.076461717615125,300015.SZ
2018-04-26,44.4,-0.2521724277814549,3,-0.02524698133918768,0.05002305209774072,0.010011641443538943,0.008215962441314506,5.84028605482716,3.738317757009346,10.228401191658376,2.777777777777768,43.08526328725097,42.14473456675713,39.717320639006715,33.189133740325424,300015.SZ
2018-04-27,47.0,0.3007194655398846,4,0.05855855855855863,-0.02524698133918768,0.05002305209774072,0.010011641443538943,10.328638497652577,11.189969245327646,20.822622107969146,12.252209219011224,43.79703359865988,42.60714079849455,40.002915908065276,33.32655529514806,300015.SZ
2018-05-02,46.47,-0.032704844267872346,2,-0.011276595744680873,0.05855855855855863,-0.02524698133918768,0.05002305209774072,8.195576251455172,10.249110320284704,13.396778916544672,16.14596350912272,44.283027489812625,42.97503215101888,40.25652704892546,33.45733583947495,300015.SZ
2018-05-03,45.8,-0.14545372030225334,3,-0.014417904024101591,-0.011276595744680873,0.05855855855855863,-0.02524698133918768,5.57860765329643,12.586037364798418,8.069844266163262,11.219038368139866,44.558840673483054,43.244076708064696,40.473918145046035,33.580148418186646,300015.SZ
2018-05-04,45.98,-0.175495897395045,4,0.003930131004366899,-0.014417904024101591,-0.011276595744680873,0.05855855855855863,0.9440175631174608,12.696078431372548,8.520179372197312,13.952912019826513,44.817233278304315,43.50464083110615,40.689842923671684,33.70353002596589,300015.SZ
2018-05-07,46.2,0.06254428341384877,0,0.004784688995215447,0.003930131004366899,-0.014417904024101591,-0.011276595744680873,4.054054054054057,10.131108462455307,7.943925233644866,14.697120158887799,45.06864540952171,43.761341704334136,40.90592751490025,33.82787301078215,300015.SZ
2018-05-08,45.5,0.09153734238603284,1,-0.015151515151515249,0.004784688995215447,0.003930131004366899,-0.014417904024101591,-3.1914893617021267,6.8075117370892,7.641353205583146,16.966580976863767,45.14707351688139,43.92692820868327,41.08608722019828,33.944013577839044,300015.SZ
2018-05-09,45.11,-0.1961012995668111,2,-0.008571428571428563,-0.015151515151515249,0.004784688995215447,0.003930131004366899,-2.926619324295243,5.029103608847496,7.022538552787672,10.07808687164471,45.14033287744841,44.0396017126182,41.243887721366974,34.05511792034811,300015.SZ
2018-05-10,47.76,0.9442832469775475,3,0.05874528929283973,-0.008571428571428563,-0.015151515151515249,0.004784688995215447,4.279475982532754,10.096818810511742,17.404129793510315,12.69466729589428,45.61663599063961,44.393925359035514,41.49942153621533,34.191484906215294,300015.SZ
2018-05-11,46.05,-0.024890294384138367,4,-0.03580402010050254,0.05874528929283973,-0.008571428571428563,-0.015151515151515249,0.15224010439320868,1.0976948408342402,12.867647058823529,8.685390606561239,45.695429446886955,44.55164675341308,41.67787559361865,34.30948008127783,300015.SZ
2018-05-14,45.97,-0.32959224574572754,0,-0.001737242128121541,-0.03580402010050254,0.05874528929283973,-0.008571428571428563,-0.4978354978355082,3.5360360360360277,9.582836710369481,7.406542056074761,45.74535136563478,44.68672801499278,41.846194197790474,34.42550515509596,300015.SZ
2018-05-15,46.45,0.030111968692249302,1,0.010441592342832262,-0.001737242128121541,-0.03580402010050254,0.05874528929283973,2.0879120879121027,-1.1702127659574457,9.037558685446022,9.88881003075468,45.87346929915573,44.854658680231566,42.02673560179869,34.54515186997063,300015.SZ
2018-05-16,47.44,0.09983115238497242,2,0.021313240043056902,0.010441592342832262,-0.001737242128121541,-0.03580402010050254,5.165151851030814,2.0873681945341005,10.45401629802094,12.550415183867148,46.158293062945596,45.10088166306665,42.239020480159525,34.673458816538094,300015.SZ
2018-05-17,46.81,-0.19883419689119164,3,-0.013279932546374273,0.021313240043056902,0.010441592342832262,-0.001737242128121541,-1.9891122278056894,2.205240174672496,7.906869525126781,15.068829891838753,46.27678523331912,45.263654838012684,42.4182745789768,34.79422042035363,300015.SZ
2018-05-18,48.5,0.08847570286535533,4,0.03610339671010454,-0.013279932546374273,0.021313240043056902,0.010441592342832262,5.320304017372424,5.480643758155734,6.476399560922075,18.872549019607842,46.681006099988366,45.57187818677338,42.656773615095354,34.93059633656902,300015.SZ
2018-05-21,48.68,0.12204984320845025,0,0.003711340206185465,0.03610339671010454,-0.013279932546374273,0.021313240043056902,5.8951490102240545,5.367965367965355,9.639639639639652,16.042908224076278,47.04445953635412,45.86788978803306,42.89297857136612,35.06740632326982,300015.SZ
2018-05-22,50.16,0.09798730112034515,1,0.030402629416598215,0.003711340206185465,0.03610339671010454,-0.013279932546374273,7.987082884822372,10.241758241758237,6.723404255319143,17.746478873239436,47.610921438835184,46.27666218917277,43.17795980386157,35.217581384729826,300015.SZ
2018-05-23,49.49,0.3446458872912388,2,-0.013357256778309345,0.030402629416598215,0.003711340206185465,0.03610339671010454,4.321247892074198,9.709598758590122,6.498816440714439,15.22700814901048,47.9525720863197,46.582694361632505,43.42549079194543,35.35959550030466,300015.SZ
2018-05-24,33.3,-0.11553533475026578,3,-0.3271367953121843,-0.013357256778309345,0.030402629416598215,0.003711340206185465,-28.861354411450556,-30.276381909547744,-27.292576419213976,-23.236514522821583,45.28846807062521,45.317675851000836,43.02841272167306,35.33910201273943,300015.SZ
2018-05-25,33.5,-0.14829347050651442,4,0.006006006006006093,-0.3271367953121843,-0.013357256778309345,0.030402629416598215,-30.927835051546392,-27.25298588490771,-27.142235754675937,-26.454445664105375,43.145110239602445,44.19218291281028,42.654749477685876,35.320802490224615,300015.SZ
2018-05-28,34.44,0.1801529746291357,0,0.028059701492537226,0.006006006006006093,-0.3271367953121843,-0.013357256778309345,-29.25225965488908,-25.081574940178374,-25.454545454545464,-22.432432432432435,41.562362923311085,43.26340358778073,42.33260243934526,35.31203828634178,300015.SZ
2018-05-29,31.14,0.7494583488980202,1,-0.09581881533101033,0.028059701492537226,0.006006006006006093,-0.3271367953121843,-37.91866028708133,-32.96017222820237,-31.56043956043956,-33.744680851063826,39.667387846345434,42.1087937222778,41.89367685348858,35.27052546757221,300015.SZ
2018-05-30,30.76,0.16033566075203387,2,-0.012202954399486154,-0.09581881533101033,0.028059701492537226,0.006006006006006093,-37.846029500909275,-35.160202360876895,-31.811128352915098,-33.806757047557554,38.04786278337354,41.02795622491801,41.457062074920394,35.22564461714861,300015.SZ
2018-05-31,33.0,-0.29772551617533394,3,0.07282184655396606,-0.012202954399486154,-0.09581881533101033,0.028059701492537226,-0.9009009009008917,-29.502243110446493,-30.90452261306532,-27.947598253275107,37.13006955003289,40.26338896540201,41.125412581786264,35.20349889956504,300015.SZ
2018-06-01,32.12,-0.2414773471687236,4,-0.026666666666666727,0.07282184655396606,-0.012202954399486154,-0.09581881533101033,-4.119402985074638,-33.77319587628867,-30.24972855591749,-30.14354066985646,36.21914781366327,39.487828111554194,40.77225914720641,35.17281731847485,300015.SZ
2018-06-04,31.72,-0.16467743328439421,0,-0.01245330012453294,-0.026666666666666727,0.07282184655396606,-0.012202954399486154,-7.897793263646924,-34.83976992604766,-30.998477267783343,-31.34199134199135,35.40112093845176,38.74803495807284,40.417268592414004,35.13846092724624,300015.SZ
2018-06-05,32.6,-0.03999090175968245,1,0.02774274905422458,-0.01245330012453294,-0.026666666666666727,0.07282184655396606,4.688503532434174,-35.007974481658685,-29.81700753498385,-28.35164835164835,34.89182622236962,38.16250781920876,40.11070903977032,35.1132026095622,300015.SZ
2018-06-06,32.38,-0.13304758007194084,2,-0.006748466257668673,0.02774274905422458,-0.01245330012453294,-0.026666666666666727,5.266579973992203,-34.572640937563136,-31.745362563237766,-28.21990689425847,34.43513054557515,37.611792788807925,39.80754397938718,35.08600656369591,300015.SZ
2018-06-07,30.94,1.1595031055900624,3,-0.044471896232242125,-0.006748466257668673,0.02774274905422458,-0.01245330012453294,-6.242424242424239,-7.087087087087074,-33.903012176885284,-35.21775544388609,33.79965226456149,36.9763839517786,39.45979715666611,35.044752767042226,300015.SZ
2018-06-08,31.59,-0.44009433962264155,4,0.021008403361344463,-0.044471896232242125,-0.006748466257668673,0.02774274905422458,-1.6500622665006182,-5.701492537313435,-34.8659793814433,-31.400651465798045,33.39789730736849,36.463395003990165,39.15117766032627,35.01037711761892,300015.SZ
2018-06-11,31.04,-0.3091622660118767,0,-0.01741057296612858,0.021008403361344463,-0.044471896232242125,-0.006748466257668673,-2.1437578814627933,-9.872241579558649,-36.2366474938373,-32.477702849684576,32.96918870602876,35.946881194086345,38.8330922618821,34.97087087764262,300015.SZ
2018-06-12,30.87,0.34008506588144316,1,-0.005476804123711321,-0.01741057296612858,0.021008403361344463,-0.044471896232242125,-5.306748466257671,-0.8670520231213841,-38.456937799043054,-33.541442411194836,32.58751803220535,35.463368699411454,38.52081413396516,34.93006619229294,300015.SZ
2018-06-13,30.86,0.154344689823549,2,-0.0003239390994493885,-0.005476804123711321,-0.01741057296612858,0.021008403361344463,-4.694255713403339,0.32509752925877766,-37.6439684784805,-34.94940978077572,32.27342384453165,35.02495263280084,38.22039005028025,34.88956802122535,300015.SZ
2018-06-14,30.12,-0.4115057009363764,3,-0.023979261179520317,-0.0003239390994493885,-0.005476804123711321,-0.01741057296612858,-2.650290885585005,-8.727272727272728,-9.54954954954954,-35.654774620807515,31.881892236434982,34.557814286819806,37.9027276953673,34.842109632954454,300015.SZ
2018-06-15,29.95,-0.20717482928741793,4,-0.005644090305444993,-0.023979261179520317,-0.0003239390994493885,-0.005476804123711321,-5.191516302627419,-6.755915317559147,-10.597014925373138,-38.24742268041237,31.530639102537712,34.1189748309322,37.590856021039166,34.793431925163866,300015.SZ
2018-06-19,29.76,1.0475974614687216,1,-0.0063439065108513715,-0.005644090305444993,-0.023979261179520317,-0.0003239390994493885,-4.123711340206182,-6.179066834804536,-13.588850174216017,-38.866064092029575,31.208704720258126,33.703834370843424,37.28376362805724,34.743348025410995,300015.SZ
2018-06-20,32.07,0.5654195262342261,2,0.0776209677419355,-0.0063439065108513715,-0.005644090305444993,-0.023979261179520317,3.8872691933916403,-1.6257668711656459,2.9865125240847723,-36.0645933014354,31.365303862029375,33.54823109742976,37.079302309309895,34.716747547546206,300015.SZ
2018-06-21,32.25,-0.18428665098160213,3,0.00561272217025266,0.0776209677419355,-0.0063439065108513715,-0.005644090305444993,4.504212572909916,-0.4014823965410863,4.843953185955785,-34.83532026672055,31.526157705296757,33.42459004053169,36.88991790502323,34.692202795829324,300015.SZ
2018-06-22,32.47,-0.3708449572083786,4,0.006821705426356628,0.00561272217025266,0.0776209677419355,-0.0063439065108513715,7.802124833997337,4.9450549450549275,-1.6060606060606109,-2.492492492492493,31.697765395242797,33.33367670333819,36.71658779110075,34.67009132522406,300015.SZ
2018-06-25,33.22,0.4004208627686756,0,0.023098244533415357,0.006821705426356628,0.00561272217025266,0.0776209677419355,10.918196994991657,5.159860715416276,3.424657534246589,-0.8358208955223878,31.97453532338047,33.322850350639314,36.579466701253665,34.65566255581885,300015.SZ
2018-06-26,32.9,-0.22076133233158024,1,-0.009632751354605618,0.023098244533415357,0.006821705426356628,0.00561272217025266,10.5510752688172,5.992268041237114,3.7200504413619218,-4.471544715447151,32.14280162822038,33.28257888867367,36.435173889439795,34.63819327665647,300015.SZ
2018-06-27,31.76,0.02701958173595642,2,-0.03465045592705163,-0.009632751354605618,0.023098244533415357,0.006821705426356628,-0.9666354848768322,2.8830579850988025,-2.5766871165644134,1.9910083493898556,32.07320133218031,33.13757137546665,36.251833736912744,34.60955453758527,300015.SZ
2018-06-28,31.61,-0.15085609548929324,3,-0.004722921914357747,-0.03465045592705163,-0.009632751354605618,0.023098244533415357,-1.98449612403101,2.430330524951385,-2.378011117974066,2.763328998699599,31.988982908147523,32.99208838732697,36.06980104134754,34.57970822377845,300015.SZ
2018-06-29,32.29,0.3084050646239702,4,0.021512179689971545,-0.004722921914357747,-0.03465045592705163,-0.009632751354605618,-0.554357868801969,7.2045152722443495,4.363283775048465,-2.1515151515151487,32.04371328848434,32.92522282662917,35.92157354952999,34.556925057372695,300015.SZ
2018-07-02,32.3,0.05013580122724082,0,0.0003096934035304866,0.021512179689971545,-0.004722921914357747,-0.03465045592705163,-2.769416014449133,7.846410684474114,2.2475466919911202,0.5603985056039873,32.09031087239628,32.86567779552163,35.77955105739156,34.534468091627694,300015.SZ
2018-07-03,31.29,0.36829702856486013,1,-0.03126934984520113,0.0003096934035304866,0.021512179689971545,-0.004722921914357747,-4.893617021276597,5.141129032258052,0.8054123711340289,-1.3556116015132402,31.94479980468786,32.715613243567184,35.603490231611495,34.502184827034384,300015.SZ
2018-07-04,30.16,-0.5187129835762592,2,-0.036113774368807916,-0.03126934984520113,0.0003096934035304866,0.021512179689971545,-5.037783375314864,-5.9557218584346705,-2.2999676060900587,-7.484662576687118,31.620290749290067,32.472221506084594,35.39002002645026,34.45897900785992,300015.SZ
2018-07-05,29.78,0.0020364228777565163,3,-0.012599469496021198,-0.036113774368807916,-0.03126934984520113,0.0003096934035304866,-5.789307181271742,-7.658914728682165,-3.499675955930004,-8.029647930821493,31.285692431237326,32.21581945788606,35.17001924109927,34.412422002806586,300015.SZ
2018-07-06,30.27,0.380879108117524,4,0.01645399597044994,-0.012599469496021198,-0.036113774368807916,-0.03126934984520113,-6.255806751316195,-6.7754850631352,0.4980079681274896,-2.1654815772462865,31.101021080103266,32.030503319039774,34.97786162380126,34.37120387342543,300015.SZ
2018-07-09,31.77,-0.036772280974707305,0,0.049554013875123815,0.01645399597044994,-0.012599469496021198,-0.036113774368807916,-1.6408668730650056,-4.364840457555685,6.076794657762941,0.5698005698005604,31.22265361099358,32.005693479131224,34.85206312875023,34.34532124781921,300015.SZ
2018-07-10,32.0,-0.27179464792421526,1,0.007239534151715521,0.049554013875123815,0.01645399597044994,-0.012599469496021198,2.2690955576861738,-2.7355623100303927,7.526881720430101,3.0927835051546504,31.36398931808565,32.00515124302349,34.74021751585807,34.32198471799016,300015.SZ
2018-07-11,32.15,0.42983034590252367,2,0.004687499999999956,0.007239534151715521,0.049554013875123815,0.01645399597044994,6.598143236074261,1.2279596977329943,0.2494543186778886,4.1464204729510845,31.506900351160986,32.01894636273554,34.638640358373436,34.300372929751454,300015.SZ
2018-07-12,32.99,0.31721940379858293,3,0.026127527216174284,0.004687499999999956,0.007239534151715521,0.049554013875123815,10.779046339825381,4.365707054729517,2.2945736434108577,6.902138690861959,31.77655483276808,32.11142766152263,34.57398779529997,34.287334393137016,300015.SZ
2018-07-13,33.64,-0.14527166820511206,4,0.01970294028493469,0.026127527216174284,0.004687499999999956,0.007239534151715521,11.133135117277826,4.180860947661813,3.6033261472128153,11.686586985391756,32.115363044992066,32.25700597947286,34.53736082293527,34.280893254896846,300015.SZ
2018-07-16,35.66,0.4214985290284141,0,0.06004756242568354,0.01970294028493469,0.026127527216174284,0.004687499999999956,12.244255587031772,10.402476780185754,7.344972907886804,19.0651085141903,32.75984249135714,32.58110064809449,34.58138588870251,34.294615710072,300015.SZ
2018-07-17,34.83,-0.2676342297263664,1,-0.023275378575434602,0.06004756242568354,0.01970294028493469,0.026127527216174284,8.843749999999995,11.313518696069025,5.866261398176298,17.036290322580626,33.13623476565584,32.79528153875216,34.59113546169458,34.29994291693696,300015.SZ
2018-07-18,34.91,-0.18634973439931324,2,0.002296870513924798,-0.023275378575434602,0.06004756242568354,0.01970294028493469,8.584758942457228,15.749336870026509,9.918136020151124,8.855628313065168,33.45873753553659,32.99668329696624,34.60363995339283,34.30601313666894,300015.SZ
2018-07-19,34.0,-0.01760749142706408,3,-0.026067029504439843,0.002296870513924798,-0.023275378575434602,0.06004756242568354,3.0615337981206414,14.170584284754861,7.560898449857634,5.4263565891472965,33.55714889271176,33.09223726868374,34.57996779835782,34.30296822983641,300015.SZ
2018-07-20,33.76,0.08151529390705048,4,-0.007058823529411784,-0.026067029504439843,0.002296870513924798,-0.023275378575434602,0.356718192627814,11.529567228278825,4.552493031898419,3.972898059747454,33.59403091221871,33.15583371928529,34.547812198422214,34.297565560882816,300015.SZ
2018-07-23,33.25,0.9166425290685647,0,-0.015106635071090002,-0.007058823529411784,-0.026067029504439843,0.002296870513924798,-6.758272574312951,4.658482845451695,2.941176470588247,0.09030704394943356,33.531479837269856,33.16480193649622,34.49691760240566,34.287142022963586,300015.SZ
2018-07-24,33.2,-0.13442502617688012,1,-0.0015037593984961184,-0.015106635071090002,-0.007058823529411784,-0.026067029504439843,-4.679873672121726,3.750000000000009,6.104186641099396,0.911854103343468,33.471210775948066,33.16815413302039,34.446058088585836,34.27632468940176,300015.SZ
2018-07-25,34.26,-0.2176938617713816,2,0.031927710843373314,-0.0015037593984961184,-0.015106635071090002,-0.007058823529411784,-1.8619306788885681,6.562986003110427,13.594164456233404,7.871536523929468,33.61462699850296,33.272139453685114,34.43876169295502,34.276162254681346,300015.SZ
2018-07-26,33.98,-0.3945958871353419,3,-0.008172796263864579,0.031927710843373314,-0.0015037593984961184,-0.015106635071090002,-0.05882352941177782,3.00090936647468,14.103425117528534,7.497627333122425,33.6810584533206,33.33955474381034,34.420771038329335,34.273215366575066,300015.SZ
2018-07-27,33.7,-0.1573847328646285,4,-0.008240141259564293,-0.008172796263864579,0.031927710843373314,-0.0015037593984961184,-0.17772511848339612,0.1783590963139181,11.331351172778348,4.366676989780127,33.68450237089867,33.37388286344745,34.392505507414455,34.267511731086756,300015.SZ
2018-07-30,32.8,0.6848749999999999,0,-0.02670623145400608,-0.008240141259564293,-0.008172796263864579,0.031927710843373314,-1.3533834586466287,-8.020190689848572,3.242052250550831,1.5479876160990669,33.523683758008,33.319227352642926,34.33005431104527,34.25290962430977,300015.SZ
2018-07-31,33.42,-0.13252095852808066,1,0.01890243902439037,-0.02670623145400608,-0.008240141259564293,-0.008172796263864579,0.6626506024096424,-4.048234280792407,4.437500000000005,6.807286673058499,33.5048321656429,33.32882474762931,34.29436590669055,34.24462196635645,300015.SZ
2018-08-01,33.16,-0.17705415749075282,2,-0.007779772591262835,0.01890243902439037,-0.02670623145400608,-0.008240141259564293,-3.210741389375371,-5.012890289315386,3.1415241057542787,9.946949602122013,33.44213540825328,33.31274620023604,34.24988096917327,34.23382970798475,300015.SZ
2018-08-02,33.12,0.28061834242660444,3,-0.0012062726176115257,-0.007779772591262835,0.01890243902439037,-0.02670623145400608,-2.5309005297233678,-2.588235294117658,0.3940588056986938,11.215580926796488,33.383565334025405,33.29438941926118,34.20557191155863,34.22274682531823,300015.SZ
2018-08-03,31.94,0.015073745714227593,4,-0.035628019323671434,-0.0012062726176115257,-0.007779772591262835,0.01890243902439037,-5.222551928783393,-5.3909952606635,-5.053507728894169,5.517013544763794,33.12109890965715,33.16539995076012,34.116725954242604,34.200032926558855,300015.SZ
2018-08-06,30.24,0.20112323619938444,0,-0.053224796493425264,-0.035628019323671434,-0.0012062726176115257,-0.007779772591262835,-7.804878048780484,-9.052631578947368,-15.199102636006723,-4.815864022662897,32.59726274426494,32.88679043164011,33.96469748544878,34.16062961385678,300015.SZ
2018-08-07,31.23,-0.27871607567765444,1,0.032738095238095344,-0.053224796493425264,-0.035628019323671434,-0.0012062726176115257,-6.552962298025133,-5.933734939759039,-10.335917312661492,-2.4062499999999987,32.348669518034946,32.729000866722004,33.857454446803736,34.13146912018656,300015.SZ
2018-08-08,30.01,-0.18365746187740795,2,-0.03906500160102466,0.032738095238095344,-0.053224796493425264,-0.035628019323671434,-9.499396863691178,-12.405137186222992,-14.036092810083057,-6.656298600311028,31.923456878392226,32.470048403224666,33.70657388026242,34.09045947719963,300015.SZ
2018-08-09,31.53,0.5667213022099133,3,0.0506497834055315,-0.03906500160102466,0.032738095238095344,-0.053224796493425264,-4.800724637681153,-7.210123602118879,-7.26470588235294,-4.4255835101545955,31.851919264139095,32.38051998386994,33.621218041820754,34.06498226847128,300015.SZ
2018-08-10,32.35,-0.23735569985569982,4,0.026006977481763505,0.0506497834055315,-0.03906500160102466,0.032738095238095344,1.2836568566061413,-4.00593471810089,-4.1765402843601755,-3.834720570749106,31.942479397931987,32.37761331873947,33.571366353906214,34.04791776828749,300015.SZ
2018-08-13,32.73,-0.2877415387526313,0,0.011746522411128169,0.026006977481763505,0.0506497834055315,-0.03906500160102466,8.234126984126977,-0.2134146341463472,-1.5639097744361008,-8.216489063376331,32.08566496194435,32.411173955049996,33.5383715949295,34.03480415865279,300015.SZ
2018-08-14,32.5,-0.22301178814544242,1,-0.007027192178429509,0.011746522411128169,0.026006977481763505,0.0506497834055315,4.066602625680438,-2.752842609216044,-2.108433734939763,-6.689635371805913,32.16099860522719,32.419633578378566,33.49765114022638,34.019532475482116,300015.SZ
2018-08-15,30.82,0.7406299414504893,2,-0.051692307692307704,-0.007027192178429509,0.011746522411128169,0.026006977481763505,2.699100299900037,-7.056694813027731,-10.040863981319315,-11.71584073331423,31.917180677004062,32.2672875232949,33.39264521315868,33.98769633144747,300015.SZ
2018-08-16,30.71,-0.13788700925630393,3,-0.0035691109669045984,-0.051692307692307704,-0.007027192178429509,0.011746522411128169,-2.6006977481763394,-7.276570048309172,-9.623307828134188,-9.676470588235286,31.69769328118514,32.11897442583824,33.28744344009363,33.95508243760222,300015.SZ
2018-08-17,29.26,1.0487853501552133,4,-0.04721589058938458,-0.0035691109669045984,-0.051692307692307704,-0.007027192178429509,-9.551777434312214,-8.390732623669383,-13.175074183976266,-13.329383886255918,31.25447632096966,31.846691147186977,33.129504481658586,33.908365199417126,300015.SZ
2018-08-20,27.94,-0.1419814009091035,0,-0.045112781954887216,-0.04721589058938458,-0.0035691109669045984,-0.051692307692307704,-14.634891536816363,-7.605820105820094,-14.817073170731698,-15.969924812030067,30.65184426261154,31.47462532364536,32.9259945019857,33.84897848101497,300015.SZ
2018-08-21,30.15,-0.03956257594167678,1,0.0790980672870436,-0.045112781954887216,-0.04721589058938458,-0.0035691109669045984,-7.230769230769241,-3.458213256484155,-9.784560143626575,-9.186746987951821,30.56059985122762,31.34847053091723,32.817131972496064,33.81217272498497,300015.SZ
2018-08-22,29.59,-0.5618980146078977,2,-0.018573797678275272,0.0790980672870436,-0.045112781954887216,-0.04721589058938458,-3.990914990266059,-1.399533488837057,-10.765983112183342,-13.631056625802685,30.384127151004414,31.180997147020353,32.69057777749622,33.770161056079644,300015.SZ
2018-08-23,29.97,0.42772986292930826,3,0.012842176410949646,-0.018573797678275272,0.0790980672870436,-0.045112781954887216,-2.4096385542168752,-4.947668886774503,-9.510869565217384,-11.801059446733364,30.308831305367246,31.06566408539937,32.58388845288853,33.73234850825796,300015.SZ
2018-08-24,29.88,-0.4135001752919285,4,-0.0030030030030030463,0.012842176410949646,-0.018573797678275272,0.0790980672870436,2.1189336978810536,-7.635239567233388,-6.44959298685035,-11.335311572700302,30.230861977118654,30.952743696313718,32.47785361159878,33.69401668230514,300015.SZ
2018-08-27,31.73,1.5335663049475814,0,0.06191432396251684,-0.0030030030030030463,0.012842176410949646,-0.018573797678275272,13.56478167501789,-3.05530094714328,4.9272486772486745,-3.2621951219512058,30.50343252673344,31.0267681061886,32.44852601898707,33.67447422775484,300015.SZ
2018-08-28,32.46,-0.045136116152450056,1,0.023006618342262808,0.06191432396251684,-0.0030030030030030463,0.012842176410949646,7.661691542288573,-0.12307692307692575,3.9385206532180694,-2.872531418312385,30.85917206732736,31.16326638178969,32.44897597902679,33.662389907080666,300015.SZ
2018-08-29,32.45,-0.23925645752950786,2,-0.00030807147258160583,0.023006618342262808,0.06191432396251684,-0.0030030030030030463,9.66542750929369,5.28877352368593,8.130623125624803,-2.1411338962605386,31.148413509631474,31.285812440666863,32.44901613671202,33.650326325915685,300015.SZ
2018-08-30,31.76,-0.12789506558400998,3,-0.02126348228043151,-0.00030807147258160583,0.023006618342262808,0.06191432396251684,5.972639305972649,3.419081732334739,0.7294640025372612,-4.1062801932366995,31.259611053334844,31.330973160603353,32.42199589605664,33.6315171087424,300015.SZ
2018-08-31,31.37,-0.27104222769724406,4,-0.012279596977329943,-0.02126348228043151,-0.00030807147258160583,0.023006618342262808,4.986613119143257,7.211209842788779,-3.0293663060278253,-1.784596117720727,31.279681770910326,31.334690002450653,32.38074115503481,33.609014450943974,300015.SZ
2018-09-03,31.66,0.15692670465710368,0,0.00924450111571562,-0.012279596977329943,-0.02126348228043151,-0.00030807147258160583,-0.2206114087614286,13.314244810307807,-3.269172013443311,4.695767195767209,31.34883053983572,31.365671906979163,32.35247679601384,33.58962127232761,300015.SZ
2018-09-04,31.1,0.7048712548406821,1,-0.017687934301958252,0.00924450111571562,-0.012279596977329943,-0.02126348228043151,-4.189772027110283,3.1509121061360057,-4.307692307692301,-0.4162664105027192,31.303588623501952,31.340369820600195,32.30336005891526,33.56484892135918,300015.SZ
2018-09-05,30.3,-0.4558460189686777,2,-0.025723472668810365,-0.017687934301958252,0.00924450111571562,-0.012279596977329943,-6.6255778120184905,2.3994592767826894,-1.6872160934458091,0.9663445518160563,31.121117964683414,31.241286980543034,32.224796919349956,33.53236286244019,300015.SZ
2018-09-06,29.95,-0.08722079824240214,3,-0.011551155115511635,-0.025723472668810365,-0.017687934301958252,0.00924450111571562,-5.698992443324946,-0.0667334000667319,-2.474763920547063,-5.011100539169055,30.908187425650063,31.118307268110364,32.135589197022504,33.49671746082387,300015.SZ
2018-09-07,30.6,0.15725288831835704,4,0.0217028380634392,-0.011551155115511635,-0.025723472668810365,-0.017687934301958252,-2.4545744341727738,2.4096385542168752,4.579630895420372,-5.409582689335391,30.852153348259144,31.068944671147474,32.075370012825545,33.46789440151219,300015.SZ
2018-09-10,30.23,-0.3470951192457017,0,-0.012091503267973924,0.0217028380634392,-0.011551155115511635,-0.025723472668810365,-4.5167403663929235,-4.727387330601951,8.19613457408732,-7.638252367858223,30.73903455766657,30.98904517865724,32.00300256134219,33.43567654677077,300015.SZ
2018-09-11,30.46,-0.157791345898593,1,0.007608336089976797,-0.012091503267973924,0.0217028380634392,-0.011551155115511635,-2.057877813504827,-6.161429451632783,1.0281923714759555,-6.276923076923069,30.688301001727194,30.93865992354703,31.942492656975833,33.406067824912355,300015.SZ
2018-09-12,28.95,2.0252159112399926,2,-0.04957321076822063,0.007608336089976797,-0.012091503267973924,0.0217028380634392,-4.455445544554459,-10.785824345146388,-2.1628928692125737,-6.067488643737839,30.37224627414043,30.749263740352074,31.825140003761096,33.3617288415799,300015.SZ
2018-09-13,28.51,0.2906082643939236,3,-0.015198618307426526,-0.04957321076822063,0.007608336089976797,-0.012091503267973924,-4.808013355592644,-10.232997481108308,-4.871538204871529,-7.163790296320416,30.033656042478533,30.53600052698521,31.695134513417525,33.31345293270845,300015.SZ
2018-09-14,28.09,-0.44548316783724873,4,-0.014731673097158948,-0.015198618307426526,-0.04957321076822063,0.007608336089976797,-8.202614379084972,-10.455849537774952,-5.990629183400264,-3.998632946001368,29.68026403475516,30.303048095843764,31.553756689361936,33.261478276661606,300015.SZ
2018-09-17,28.2,-0.4345446075005823,0,0.00391598433606255,-0.014731673097158948,-0.015198618307426526,-0.04957321076822063,-6.71518359245783,-10.92861655085281,-11.12511818468327,0.9305654974946176,29.41112511934513,30.102757801001502,31.422236819190882,33.21111530873462,300015.SZ
2018-09-18,29.07,1.0658084449021628,1,0.030851063829787195,0.00391598433606255,-0.014731673097158948,-0.015198618307426526,-4.563361785948783,-6.527331189710617,-10.443622920517559,-3.5820895522387985,29.349102370373284,30.004399915191833,31.32999223804614,33.16991018128453,300015.SZ
2018-09-19,29.37,-0.1961463682137694,2,0.01031991744066052,0.030851063829787195,0.00391598433606255,-0.014731673097158948,1.4507772020725396,-3.069306930693072,-9.49152542372882,-0.7434944237918129,29.35290193939632,29.943980875649757,31.253129797338453,33.13210012972946,300015.SZ
2018-09-20,28.89,-0.41523768178858256,3,-0.01634320735444328,0.01031991744066052,0.030851063829787195,0.00391598433606255,1.3328656611715228,-3.53923205342237,-9.036523929471041,-3.6036036036036,29.268737950415172,29.843601744635496,31.16045804058008,33.08989017818987,300015.SZ
2018-09-21,29.78,0.5997454661151764,4,0.030806507442021402,-0.01634320735444328,0.01031991744066052,0.030851063829787195,6.016375934496265,-2.679738562091505,-5.06853681861651,-0.33467202141900243,29.36169468670332,29.837544435622593,31.10632243114557,33.056955947561114,300015.SZ
2018-09-25,29.75,-0.3238862370723946,1,-0.001007387508394908,0.030806507442021402,-0.01634320735444328,0.01031991744066052,5.496453900709231,-1.5878266622560422,-6.032849020846498,-6.240151276394579,29.43229565275726,29.8292068703252,31.05313331619869,33.02405091325703,300015.SZ
2018-09-26,31.34,1.698534098151689,2,0.05344537815126049,-0.001007387508394908,0.030806507442021402,-0.01634320735444328,7.808737530099763,2.8890347997373667,0.7717041800643143,-3.450400492914363,29.779150988619577,29.973091930294228,31.064382990073252,33.00729418775199,300015.SZ
2018-09-27,31.42,-0.22006831147124006,3,0.002552648372686761,0.05344537815126049,-0.001007387508394908,0.030806507442021402,6.97991147429351,8.53195164075995,3.6963696369636923,-3.17411402157165,30.077487172506927,30.110892698837635,31.078328755168418,32.99150021573456,300015.SZ
2018-09-28,32.25,0.0842786927251975,4,0.026416295353278052,0.002552648372686761,0.05344537815126049,-0.001007387508394908,11.630321910695752,13.118204138898616,7.6794657762938145,1.5428211586901774,30.472489504778395,30.31461720371024,31.1242766471226,32.98412210413521,300015.SZ
2018-10-08,31.03,-0.1713966528455111,0,-0.03782945736434107,0.026416295353278052,0.002552648372686761,0.05344537815126049,4.1974479516454055,10.466358134567466,1.4052287581699296,-1.0838380618425236,30.57385504936414,30.38274889859498,31.120579523706027,32.96467810309904,300015.SZ
2018-10-09,31.1,-0.3298763255464233,1,0.0022558814050919196,-0.03782945736434107,0.026416295353278052,0.002552648372686761,4.537815126050426,10.283687943262422,2.877935825339062,-1.7687934301958252,30.66951776766157,30.45105852730022,31.11977248356069,32.94612409212293,300015.SZ
2018-10-10,30.16,0.28035285924320985,2,-0.030225080385852143,0.0022558814050919196,-0.03782945736434107,0.026416295353278052,-3.765156349712828,3.7495700034399615,-0.9848982271831952,-3.0225080385852143,30.576878173541285,30.42333866755734,31.08213434695047,32.91840146434061,300015.SZ
2018-10-11,29.04,0.4611990813489666,3,-0.037135278514588865,-0.030225080385852143,0.0022558814050919196,-0.03782945736434107,-7.5747931253978384,-1.1235955056179803,0.31088082901553626,-4.158415841584162,30.29744577835196,30.291592127789972,31.002050647070057,32.87981040499394,300015.SZ
2018-10-12,30.11,-0.17396699342350164,4,0.03684573002754821,-0.037135278514588865,-0.030225080385852143,0.0022558814050919196,-6.6356589147286815,4.222914503288333,5.612065941774813,0.5342237061769728,30.263364727742513,30.274297639429022,30.967068268753582,32.852250102456686,300015.SZ
2018-10-15,29.06,-0.11391517700665965,0,-0.034872135503155155,0.03684573002754821,-0.037135278514588865,-0.030225080385852143,-6.348694811472777,-2.417730020147757,3.4531861872552527,-5.032679738562096,30.044571140880237,30.158650245197684,30.89228127782207,32.81451627059145,300015.SZ
2018-10-16,29.37,-0.2512714737793852,1,0.010667584308327704,-0.034872135503155155,0.03684573002754821,-0.037135278514588865,-5.5627009646302294,-1.2773109243697456,4.148936170212769,-2.844856103208726,29.921921842538374,30.083540698036003,30.83258397280944,32.78024247685422,300015.SZ
2018-10-17,29.0,0.5798709385259819,2,-0.012597889002383456,0.010667584308327704,-0.034872135503155155,0.03684573002754821,-3.8461538461538436,-7.466496490108487,-0.2407980736154114,-4.793171372291527,29.754299689349576,29.9803463458421,30.76071793466005,32.74262812385069,300015.SZ
2018-10-18,27.22,0.40002388630120644,3,-0.061379310344827576,-0.012597889002383456,0.010667584308327704,-0.034872135503155155,-6.2672176308539935,-13.367281985996193,-7.320394960844401,-5.975820379965457,29.293517927649653,29.717456217666662,30.621866250947892,32.68767660023029,300015.SZ
2018-10-19,28.5,-0.12599808912850619,4,0.047024246877296116,-0.061379310344827576,-0.012597889002383456,0.010667584308327704,-5.347060777150448,-11.627906976744185,-1.349948078920038,-0.03507541213609855,29.14924194080426,29.601508006460314,30.53865580973425,32.64600817634741,300015.SZ
2018-10-22,30.83,0.35182618541003774,0,0.08175438596491214,0.047024246877296116,-0.061379310344827576,-0.012597889002383456,6.090846524432214,-0.6445375443119628,3.5258562793821335,9.754360982556065,29.454834315203485,29.718507243940284,30.550081072097612,32.62793844324943,300015.SZ
2018-10-23,29.08,-0.11080144404332137,1,-0.056762893285760674,0.08175438596491214,0.047024246877296116,-0.061379310344827576,-0.9874021109976261,-6.495176848874607,-2.2521008403361353,3.1205673758865293,29.38668262153012,29.657697030231688,30.492430833976137,32.59263557316734,300015.SZ
2018-10-24,28.55,-0.13014599606996113,2,-0.018225584594222743,-0.056762893285760674,0.08175438596491214,0.047024246877296116,-1.551724137931032,-5.338196286472153,-8.902361199744735,-1.7887856897144783,29.234558508524643,29.552202074971525,30.416257075780997,32.55241034358359,300015.SZ
2018-10-25,27.85,-0.19186752048989042,3,-0.024518388791593626,-0.018225584594222743,-0.056762893285760674,0.08175438596491214,2.3144746509919267,-4.097796143250676,-11.362189688096757,-5.175348995573714,28.982820597883794,29.390087591640903,30.315619543397432,32.50562019091112,300015.SZ
2018-10-26,27.5,-0.25888277965161943,4,-0.012567324955116699,-0.024518388791593626,-0.018225584594222743,-0.056762893285760674,-3.508771929824561,-8.668216539355688,-14.72868217054264,-4.811353409484253,28.71321685281401,29.210079249579866,30.20520309071518,32.4558130248324,300015.SZ
2018-10-29,26.21,0.4681109725685786,0,-0.0469090909090909,-0.012567324955116699,-0.024518388791593626,-0.018225584594222743,-14.985403827440802,-9.807295251204396,-15.533354817918143,-11.98791134989926,28.258086515938736,28.924357416286547,30.04852845970674,32.39366563155049,300015.SZ
2018-10-30,26.7,-0.2250249485105209,1,0.018695154521175095,-0.0469090909090909,-0.012567324955116699,-0.024518388791593626,-8.184319119669869,-9.090909090909093,-14.147909967845662,-10.252100840336132,27.974798058495328,28.712513852830682,29.917213618149614,32.33701224218183,300015.SZ
2018-10-31,27.04,0.11175648647908143,2,0.012734082397003688,0.018695154521175095,-0.0469090909090909,-0.012567324955116699,-5.288966725043787,-6.758620689655171,-10.344827586206895,-13.720485003190808,27.80483477513254,28.55322681922776,29.80438171155551,32.28430565270739,300015.SZ
2018-11-01,27.09,0.019690472669919634,3,0.0018491124260355818,0.012734082397003688,0.018695154521175095,-0.0469090909090909,-2.7289048473967736,-0.4775900073475392,-6.714876033057848,-13.781031190324644,27.674864816017532,28.41387188406321,29.697935369925883,32.232621019347114,300015.SZ
2018-11-02,29.13,0.7634676269425043,4,0.07530454042081947,0.0018491124260355818,0.012734082397003688,0.018695154521175095,5.927272727272714,2.210526315789463,-3.254732646961145,-9.67441860465117,27.93943484946889,28.482074561771473,29.67566339463467,32.20174916840834,300015.SZ
2018-11-05,28.25,-0.24693354530130052,0,-0.030209406110538906,0.07530454042081947,0.0018491124260355818,0.012734082397003688,7.783288821060652,-8.368472267272132,-2.7873365450791443,-8.959071865936197,27.995901240474545,28.45997222255514,29.61975502621763,32.1624282811605,300015.SZ
2018-11-06,28.6,-0.48805255782634804,1,0.012389380530973604,-0.030209406110538906,0.07530454042081947,0.0018491124260355818,7.116104868913875,-1.6506189821182793,-2.621722846441943,-8.038585209003212,28.10573737857008,28.473308201359416,29.579764633032624,32.12698123358677,300015.SZ
2018-11-07,28.24,-0.018520493405851157,2,-0.012587412587412694,0.012389380530973604,-0.030209406110538906,0.07530454042081947,4.4378698224851965,-1.0858143607705872,-2.6206896551724146,-6.366047745358094,28.130148764284613,28.451088372658518,29.527224843501934,32.088304803401826,300015.SZ
2018-11-08,27.9,-0.16780152118797542,3,-0.012039660056657242,-0.012587412587412694,0.012389380530973604,-0.030209406110538906,2.9900332225913484,0.17953321364452268,2.4981631153563555,-3.9256198347107474,28.088303534414678,28.39860376573866,29.463412104541074,32.046630128741114,300015.SZ
2018-11-09,27.84,0.06167036601819209,4,-0.0021505376344085336,-0.012039660056657242,-0.012587412587412694,0.012389380530973604,-4.428424304840373,1.2363636363636354,-2.3157894736842155,-7.539023580205906,28.04315743724837,28.34540340709688,29.399748884755148,32.004773112534735,300015.SZ
2018-11-12,28.17,0.5842010330409118,0,0.0118534482758621,-0.0021505376344085336,-0.012039660056657242,-0.012587412587412694,-0.2831858407079557,7.47806180847006,-8.627959779435601,-3.0626290433585557,28.06621972138503,28.3286983207067,29.351523438294162,31.966616166141357,300015.SZ
2018-11-13,28.52,0.44396429033510154,1,0.012424565140219945,0.0118534482758621,-0.0021505376344085336,-0.012039660056657242,-0.2797202797202858,6.816479400749076,-1.9257221458046758,-2.8941096356826734,28.14872522658775,28.346917528258444,29.318914676008117,31.932321477921047,300015.SZ
2018-11-14,28.01,-0.46091537937708327,2,-0.017882187938288885,0.012424565140219945,0.0118534482758621,-0.0021505376344085336,-0.8144475920679795,3.5872781065088954,-1.891418563922942,-3.4137931034482705,28.12350245811725,28.314830144614785,29.26758468871368,31.893293403513873,300015.SZ
2018-11-15,28.37,0.042550362342929304,3,0.01285255265976426,-0.017882187938288885,0.012424565140219945,0.0118534482758621,1.6845878136200865,4.724990771502413,1.8671454219030492,4.2248346803820835,28.168320193005023,28.32008441655623,29.23238528915628,31.858235757707767,300015.SZ
2018-11-16,28.12,0.0894713347363052,4,-0.008812125484666922,0.01285255265976426,-0.017882187938288885,0.012424565140219945,1.0057471264367956,-3.467215928595946,2.2545454545454646,-1.3333333333333308,28.159534703367743,28.30102875783659,29.188762336640348,31.821039382009182,300015.SZ
2018-11-19,28.39,-0.14241395457738237,0,0.009601706970127966,-0.008812125484666922,0.01285255265976426,-0.017882187938288885,0.7809726659566918,0.49557522123893083,8.317436093094233,-7.914369120986042,28.20143748457361,28.3095022094712,29.157438323438768,31.78689968666581,300015.SZ
2018-11-20,27.68,-0.20176097194730724,1,-0.025008805917576593,0.009601706970127966,-0.008812125484666922,0.01285255265976426,-2.9453015427770013,-3.2167832167832255,3.670411985018718,-4.814305364511684,28.10663066919659,28.249549618092992,29.099499565656856,31.74603501316665,300015.SZ
2018-11-21,27.95,-0.12116289012398462,2,0.009754335260115488,-0.025008805917576593,0.009601706970127966,-0.008812125484666922,-0.2142092109960858,-1.026912181303108,3.3653846153846256,-2.101576182136611,28.0781523657063,28.221021083036515,29.054421151317374,31.708263520498328,300015.SZ
2018-11-22,27.83,-0.2905720957384704,3,-0.004293381037567157,0.009754335260115488,-0.025008805917576593,0.009601706970127966,-1.9034191046880644,-0.2508960573476715,2.7316352897748253,-0.0718132854578224,28.033033753759696,28.18378097989018,29.006404635579436,31.669673833727202,300015.SZ
2018-11-23,27.45,0.49235411095110737,4,-0.013654329859863368,-0.004293381037567157,0.009754335260115488,-0.025008805917576593,-2.3826458036984466,-1.4008620689655138,-5.767250257466527,-0.181818181818183,27.92702761671248,28.113897077043497,28.945369159674364,31.62768702941151,300015.SZ
2018-11-26,28.22,0.4477323898359602,0,0.02805100182149367,-0.013654329859863368,-0.004293381037567157,0.009754335260115488,-0.5988023952095856,0.17749378771740876,-0.10619469026549311,7.66882869133918,27.980295322764754,28.12400211732507,28.91692331027537,31.593779695785525,300015.SZ
2018-11-27,28.59,-0.0800774431078809,1,0.013111268603827053,0.02805100182149367,-0.013654329859863368,-0.004293381037567157,3.2875722543352692,0.24544179523142695,-0.03496503496503989,7.078651685393256,28.091150718625705,28.168382868056018,28.904102788303785,31.563891340603583,300015.SZ
2018-11-28,28.59,-0.25834943417057676,2,0.0,0.013111268603827053,0.02805100182149367,-0.013654329859863368,2.28980322003578,2.0706890396287037,1.2393767705382475,5.732248520710059,28.181850587966487,28.208536880622113,28.891785031899715,31.534300381990615,300015.SZ
2018-11-29,28.04,-0.10829921845924828,3,-0.01923749562784194,0.0,0.013111268603827053,0.02805100182149367,0.7545813869924478,-1.1632005639760412,0.501792114695343,3.506829088224439,28.156059571972577,28.192485749134292,28.858381697315416,31.499531223960858,300015.SZ
2018-11-30,28.5,0.1310517529215358,4,0.016405135520684677,-0.01923749562784194,0.0,0.013111268603827053,3.825136612021862,1.3513513513513375,2.37068965517242,-2.162718846549949,28.21859419525029,28.221772820645313,28.84432751310697,31.469685142130405,300015.SZ
2018-12-03,29.82,1.4189575645756456,0,0.04631578947368431,0.016405135520684677,-0.01923749562784194,0.0,5.6697377746279365,5.036984853821758,5.857294994675177,5.557522123893799,28.50975888702296,28.373984932964806,28.882589179259636,31.453270364596772,300015.SZ
2018-12-04,30.51,-0.19285700665484418,1,0.023138832997988024,0.04631578947368431,0.016405135520684677,-0.01923749562784194,6.715634837355733,10.223988439306364,6.977559607293138,6.678321678321675,28.873439089382423,28.57741493934911,28.946409211445534,31.443884589824666,300015.SZ
2018-12-05,30.32,0.0020553284981927877,2,-0.006227466404457593,0.023138832997988024,0.04631578947368431,0.016405135520684677,6.051066806575722,8.479427549194995,8.247054623348804,7.365439093484416,29.136450164040163,28.743375421315864,29.000275516879043,31.432701658582634,300015.SZ
2018-12-06,30.0,0.015772350056582507,3,-0.01055408970976257,-0.006227466404457593,0.023138832997988024,0.04631578947368431,6.9900142653352315,7.797340998922042,5.745505816002816,7.526881720430123,29.29345922512377,28.863053952619115,29.03948039857006,31.41844592068629,300015.SZ
2018-12-07,29.4,-0.2523384008355577,4,-0.020000000000000018,-0.01055408970976257,-0.006227466404457593,0.023138832997988024,3.157894736842093,7.10382513661203,4.551920341394022,5.603448275862055,29.312830275101263,28.914191671417296,29.053618422155548,31.398361881674486,300015.SZ
2018-12-10,29.16,-0.027628597150218814,0,-0.008163265306122436,-0.020000000000000018,-0.01055408970976257,-0.006227466404457593,-2.213279678068414,3.330970942593914,2.712222613596338,3.514376996805102,29.285042952355575,28.937601988425172,29.057790248737685,31.376089624145386,300015.SZ
2018-12-11,30.42,0.172109951154104,1,0.043209876543209846,-0.008163265306122436,-0.020000000000000018,-0.01055408970976257,-0.2949852507374673,6.400839454354679,9.898843930635849,6.6619915848527445,29.491398779200015,29.0787827514323,29.111210238983265,31.3665762945519,300015.SZ
2018-12-12,30.31,-0.5071362423053876,2,-0.0036160420775805946,0.043209876543209846,-0.008163265306122436,-0.020000000000000018,-0.032981530343012544,6.01608954179782,8.443649373881934,8.211353088182772,29.64023536480001,29.196041537010178,29.158221602160392,31.356063097591186,300015.SZ
2018-12-13,30.25,0.8613981762917935,3,-0.0019795447047178394,-0.0036160420775805946,0.043209876543209846,-0.008163265306122436,0.8333333333333304,7.881597717546374,8.69565217391306,6.626718364469508,29.751101662109097,29.296418533485397,29.201036441291357,31.34505749463008,300015.SZ
2018-12-14,29.48,-0.09224511608574315,4,-0.025454545454545396,-0.0019795447047178394,-0.0036160420775805946,0.043209876543209846,0.2721088435374108,3.438596491228063,7.395264116575606,4.836415362731139,29.70181045081653,29.313902482677264,29.211976188691697,31.326499708613863,300015.SZ
2018-12-17,28.96,0.03365494685200332,0,-0.01763907734056991,-0.025454545454545396,-0.0019795447047178394,-0.0036160420775805946,-0.6858710562414272,-2.883970489604293,2.622253720765433,2.007749207467424,29.56693582339534,29.280197484327047,29.202094769527317,31.302952447831636,300015.SZ
2018-12-18,28.46,-0.2275344893051513,1,-0.017265193370165743,-0.01763907734056991,-0.025454545454545396,-0.0019795447047178394,-6.443129520052604,-6.719108489019998,-0.45470444211261896,2.817919075144504,29.365674764596186,29.20208343820066,29.172993013859582,31.274664363773613,300015.SZ
2018-12-19,26.95,1.5623233523122924,2,-0.0530569219957836,-0.017265193370165743,-0.01763907734056991,-0.025454545454545396,-11.085450346420323,-11.114775725593674,-5.73627142357468,-3.5778175313059046,28.92646117103324,28.987599301229167,29.08581681723764,31.231632877566913,300015.SZ
2018-12-20,26.83,-0.4080474470057869,3,-0.0044526901669759145,-0.0530569219957836,-0.017265193370165743,-0.01763907734056991,-11.305785123966949,-10.566666666666668,-4.31526390870186,-3.593244699964071,28.545286412663557,28.782113653493056,28.997353412640084,31.187835535501574,300015.SZ
2018-12-21,26.35,0.03743012233654697,4,-0.017890421170331572,-0.0044526901669759145,-0.0530569219957836,-0.017265193370165743,-10.617367706919945,-10.37414965986394,-7.543859649122798,-4.007285974499086,28.146143428542906,28.550483781731813,28.89353563175224,31.139697868481658,300015.SZ
2018-12-24,26.75,-0.30113237016790306,0,0.015180265654648917,-0.017890421170331572,-0.0044526901669759145,-0.0530569219957836,-7.631215469613261,-8.264746227709196,-10.29510395707579,-5.2090715804394065,27.89229916880783,28.37900913585259,28.809475410899214,31.09601928272562,300015.SZ
2018-12-25,26.59,-0.028457555779044408,1,-0.005981308411214914,0.015180265654648917,-0.017890421170331572,-0.0044526901669759145,-6.570625439212929,-12.590401051939516,-12.848246476565063,-6.995452955578873,27.655517501751863,28.208627313390437,28.722437159491403,31.051183269962184,300015.SZ
2018-12-26,26.18,-0.14557374535137824,2,-0.015419330575404344,-0.005981308411214914,0.015180265654648917,-0.017890421170331572,-2.857142857142858,-13.62586605080831,-13.654353562005284,-8.429520811472546,27.387241592342434,28.015424712115156,28.622733741472132,31.002713784688932,300015.SZ
2018-12-27,26.12,0.181100242304586,3,-0.0022918258212375475,-0.015419330575404344,-0.005981308411214914,0.015180265654648917,-2.6462914647782276,-13.652892561983466,-12.93333333333333,-6.847360912981449,27.156834030098356,27.834908072866096,28.52458732023793,30.954129567925857,300015.SZ
2018-12-28,26.3,0.4230301648810879,4,0.006891271056661541,-0.0022918258212375475,-0.015419330575404344,-0.005981308411214914,-0.189753320683117,-10.786974219810041,-10.54421768707482,-7.719298245614037,27.001046024625925,27.688726351640753,28.43734860179723,30.90781982098132,300015.SZ
2019-01-02,24.62,0.3956269856101664,2,-0.06387832699619767,0.006891271056661541,-0.0022918258212375475,-0.015419330575404344,-7.9626168224299025,-14.986187845303867,-15.56927297668038,-17.43796109993293,26.56812856560303,27.39646669910354,28.28764865662871,30.84525444962827,300015.SZ
2019-01-03,24.8,-0.5259775040171397,3,0.007311129163281915,-0.06387832699619767,0.006891271056661541,-0.0022918258212375475,-6.731854080481381,-12.860154602951512,-18.474687705456937,-18.715175352343493,26.246650644584292,27.149184156331774,28.150878121074644,30.78510266405983,300015.SZ
2019-01-04,25.7,0.49903147699757855,4,0.03629032258064502,0.007311129163281915,-0.06387832699619767,0.006891271056661541,-1.8334606569900713,-4.638218923933213,-15.209501814582648,-15.237467018469664,26.147259618296236,27.01116661763351,28.05476525358152,30.734504627601524,300015.SZ
2019-01-07,26.0,-0.00678404135034727,0,0.011673151750972721,0.03629032258064502,0.007311129163281915,-0.06387832699619767,-0.45941807044410643,-3.0935519940365253,-14.049586776859503,-13.33333333333333,26.120485142242373,26.914865035001746,27.974186224029307,30.68739512881942,300015.SZ
2019-01-08,25.9,-0.5504689109340273,1,-0.0038461538461539435,0.011673151750972721,0.03629032258064502,0.007311129163281915,-1.5209125475285301,-1.7077798861480198,-12.143826322930806,-11.904761904761907,26.08039693456194,26.818211222144434,27.892845587792863,30.639759356393355,300015.SZ
2019-01-09,26.13,0.5111245100994877,2,0.008880308880308885,-0.0038461538461539435,0.011673151750972721,0.03629032258064502,6.133225020308686,-2.3177570093458,-9.772099447513815,-10.390946502057618,26.089415673732493,26.75266729622592,27.823714388271572,30.594886128966557,300015.SZ
2019-01-10,26.27,-0.13670098156571697,3,0.005357826253348685,0.008880308880308885,-0.0038461538461539435,0.011673151750972721,5.927419354838714,-1.2034599473486285,-7.695010541110337,-13.642340565417499,26.122249187599312,26.706698982299642,27.762784412260924,30.551852436141022,300015.SZ
2019-01-11,25.95,-0.16625069328896291,4,-0.012181195279786894,0.005357826253348685,0.008880308880308885,-0.0038461538461539435,0.9727626459143934,-0.8785332314744099,-3.710575139146566,-14.384691520950177,26.090931153490345,26.63463241255682,27.691694827466378,30.50606285966201,300015.SZ
2019-01-14,25.69,0.20749487222129837,0,-0.010019267822735989,-0.012181195279786894,0.005357826253348685,0.008880308880308885,-1.1923076923076925,-1.6462480857580397,-4.248975027953772,-15.074380165289247,26.018034580128464,26.54466742088474,27.613196991095148,30.458141836182786,300015.SZ
2019-01-15,26.3,0.4649710770360851,1,0.023744647722849344,-0.010019267822735989,-0.012181195279786894,0.005357826253348685,1.5444015444015635,0.0,-0.189753320683117,-10.786974219810041,26.069301020105105,26.52136576175286,27.56169906987573,30.416767290549128,300015.SZ
2019-01-16,26.89,0.09564399874647433,2,0.02243346007604563,0.023744647722849344,-0.010019267822735989,-0.012181195279786894,2.908534251817829,9.22014622258327,0.5233644859813147,-7.147790055248615,26.21851901644963,26.556473784443064,27.535357929880604,30.38167507870287,300015.SZ
2019-01-17,26.72,-0.3463474629597849,3,-0.0063220528077352345,0.02243346007604563,0.023744647722849344,-0.010019267822735989,1.7129805862200254,7.741935483870965,0.48890560361036783,-6.113843991567114,26.30969737709515,26.572047709734203,27.503383109100973,30.345240500805332,300015.SZ
2019-01-18,27.0,0.36520369316938694,4,0.010479041916167775,-0.0063220528077352345,0.02243346007604563,0.023744647722849344,4.046242774566466,5.058365758754868,3.1321619556913705,0.18552875695732052,26.43520694489603,26.6128050707119,27.483642595018583,30.31195452567294,300015.SZ
2019-01-21,27.43,0.3193371582422513,0,0.0159259259259259,0.010479041916167775,-0.0063220528077352345,0.02243346007604563,6.773063448812766,5.499999999999994,5.015313935681465,2.236302646291466,26.61607840946039,26.69063315921553,27.481538963841384,30.283278361238388,300015.SZ
2019-01-22,26.84,-0.5367814974976921,1,-0.021509296390813004,0.0159259259259259,0.010479041916167775,-0.0063220528077352345,2.0532319391634912,3.62934362934364,2.0532319391634912,1.8595825426944934,26.656791425922133,26.704858572623575,27.456380573102507,30.249016885007162,300015.SZ
2019-01-23,26.9,-0.42371636859495465,2,0.0022354694485842153,-0.021509296390813004,0.0159259259259259,0.010479041916167775,0.037188545927846484,2.9468044393417436,9.260763606823708,0.5607476635513864,26.701011166663562,26.72344347046895,27.434561727098487,30.21569333391256,300015.SZ
2019-01-24,26.72,1.2026756461594466,3,-0.006691449814126393,0.0022354694485842153,-0.021509296390813004,0.0159259259259259,0.0,1.7129805862200254,7.741935483870965,0.48890560361036783,26.704463681815643,26.723115520900482,27.40653969858482,30.180910315664676,300015.SZ
2019-01-25,26.81,-0.009668222947568528,4,0.0033682634730538563,-0.006691449814126393,0.0022354694485842153,-0.021509296390813004,-0.7037037037037064,3.314065510597297,4.319066147859929,2.4064171122994527,26.723652103303706,26.731390233195675,27.383145984914826,30.14736891948891,300015.SZ
2019-01-28,27.1,0.24352288372481135,0,0.010816859380828214,0.0033682634730538563,-0.006691449814126393,0.0022354694485842153,-1.2030623405030916,5.488516932658616,4.230769230769238,3.7519142419601748,26.792078993612122,26.76649592527228,27.37204222080052,30.117046840688026,300015.SZ
2019-01-29,27.46,-0.09964436690599199,1,0.013284132841328455,0.010816859380828214,0.0033682634730538563,-0.006691449814126393,2.3099850968703484,4.410646387832706,6.023166023166038,4.410646387832706,26.913519176591734,26.832543932389207,27.37549154547501,30.090608563666258,300015.SZ
2019-01-30,27.17,-0.40639439558801604,2,-0.01056081573197376,0.013284132841328455,0.010816859380828214,0.0033682634730538563,1.0037174721189812,1.0412792859799236,3.9800995024875663,10.357432981315995,26.960152053575055,26.864682605494995,27.3674330534956,30.061547781938234,300015.SZ
2019-01-31,27.16,0.9696170747018202,3,-0.0003680529996320514,-0.01056081573197376,0.013284132841328455,0.010816859380828214,1.646706586826352,1.646706586826352,3.3878949371907163,9.51612903225807,26.996488043834134,26.892808071638328,27.359298423946754,30.032676659729894,300015.SZ
2019-02-01,28.27,0.5429627740948497,4,0.04086892488954352,-0.0003680529996320514,-0.01056081573197376,0.013284132841328455,5.445729205520333,4.703703703703699,8.940269749518315,10.000000000000009,27.228035672227925,27.02396920767277,27.39501221124296,30.015137588488805,300015.SZ
2019-02-11,29.05,-0.29509212591919365,0,0.027591085956844674,0.04086892488954352,-0.0003680529996320514,-0.01056081573197376,7.19557195571956,5.905942398833397,13.079019073569476,11.730769230769234,27.55930191364103,27.216924521227742,27.459913693155002,30.005534229399366,300015.SZ
2019-02-12,29.22,-0.10118384809236347,1,0.005851979345955272,0.027591085956844674,0.04086892488954352,-0.0003680529996320514,6.409322651128901,8.867362146050661,11.102661596958164,12.818532818532823,27.86124702025175,27.40769361444415,27.528936685580295,29.997717968410317,300015.SZ
2019-02-13,29.83,0.20441430574120556,2,0.02087611225188235,0.005851979345955272,0.027591085956844674,0.04086892488954352,9.790209790209769,10.89219330855018,10.933432502789131,14.15996938384998,28.2192021074787,27.638389460687563,27.61917446261636,29.99604913290375,300015.SZ
2019-02-14,29.7,-0.36407438486316757,3,-0.004358028830036886,0.02087611225188235,0.005851979345955272,0.027591085956844674,9.351988217967588,11.152694610778436,11.152694610778436,13.056718690521496,28.48843808793712,27.83473332157446,27.700775464082387,29.993103370387296,300015.SZ
2019-02-15,29.69,0.641765632316009,4,-0.00033670033670030186,-0.004358028830036886,0.02087611225188235,0.005851979345955272,5.022992571630702,10.742260350615451,9.962962962962973,14.412331406551072,28.70690389013037,28.011425386186417,27.77878426941249,29.990087416453097,300015.SZ
2019-02-18,31.56,0.2946590614467204,0,0.0629841697541258,-0.00033670033670030186,-0.004358028830036886,0.02087611225188235,8.64027538726333,16.457564575645755,15.05650747356908,22.849357726741903,29.225648637379393,28.34938487321628,27.927067239239452,30.00570843718491,300015.SZ
2019-02-19,31.82,-0.034244517873235236,1,0.00823827629911289,0.0629841697541258,-0.00033670033670030186,-0.004358028830036886,8.898015058179332,15.877640203932986,18.554396423248875,20.988593155893543,29.697348885128594,28.679919647195682,28.0797312690732,30.02376108955123,300015.SZ
2019-02-20,31.28,-0.262789009849663,2,-0.016970458830923962,0.00823827629911289,0.0629841697541258,-0.00033670033670030186,4.860878310425765,15.126978284873015,16.2825278810409,16.325771662328002,29.98510363328703,28.927546347462762,28.20523200361935,30.036260979207437,300015.SZ
2019-02-21,31.3,-0.17681143114311415,3,0.0006393861892584063,-0.016970458830923962,0.00823827629911289,0.0629841697541258,5.387205387205385,15.243004418262164,17.14071856287427,17.14071856287427,30.224175699962114,29.15349431437107,28.326595454457806,30.048835496827266,300015.SZ
2019-02-22,31.58,-0.11398892913278214,4,0.008945686900958316,0.0006393861892584063,-0.016970458830923962,0.00823827629911289,6.3657797238127145,11.70852493809691,17.791868705706815,16.96296296296296,30.47068920905991,29.384590093954778,28.454179946439854,30.06407096452053,300015.SZ
2019-02-25,32.49,0.9855379868877747,0,0.028815706143128672,0.008945686900958316,0.0006393861892584063,-0.016970458830923962,2.946768060836513,11.841652323580032,19.88929889298894,18.44695588771419,30.83783662559447,29.680343418340037,28.612447399520644,30.088209561888483,300015.SZ
2019-02-26,32.16,0.21600466155190823,1,-0.010156971375808066,0.028815706143128672,0.008945686900958316,0.0006393861892584063,1.0685103708359511,10.06160164271046,17.115804806991974,19.82116244411325,31.078229966395472,29.91650118802194,28.751567109343366,30.10882439211845,300015.SZ
2019-02-27,31.0,-0.057390665431428234,2,-0.036069651741293396,-0.010156971375808066,0.028815706143128672,0.008945686900958316,-0.8951406649616356,3.9222259470331977,14.09642988590356,15.241635687732359,31.064006336141748,30.01969155106747,28.839740948192645,30.117691811102347,300015.SZ
2019-02-28,32.17,-0.12541304458339686,3,0.03774193548387106,-0.036069651741293396,-0.010156971375808066,0.028815706143128672,2.7795527156549538,8.316498316498322,18.446244477172314,20.39670658682635,31.265096093206886,30.224482831918188,28.97033934238117,30.138112788106305,300015.SZ
2019-03-01,33.14,0.12194838409672148,4,0.030152315822194575,0.03774193548387106,-0.036069651741293396,-0.010156971375808066,4.939835338822052,11.620074099023237,17.226742129465865,23.610593062290206,31.605987712623815,30.502151133640268,29.13385544660152,30.16798231260276,300015.SZ
2019-03-04,33.15,0.46328532449141724,0,0.0003017501508750797,0.030152315822194575,0.03774193548387106,-0.036069651741293396,2.031394275161569,5.038022813688214,14.113597246127352,22.32472324723247,31.886717219419484,30.75432721615072,29.29135131144068,30.19765413038781,300015.SZ
2019-03-05,32.82,-0.3682980656886927,1,-0.009954751131221684,0.0003017501508750797,0.030152315822194575,0.03774193548387106,2.0522388059701635,3.1426775612822144,12.320328542094462,19.51930080116533,32.05640499770685,30.951057957469697,29.429729691384182,30.223747124115295,300015.SZ
2019-03-06,32.96,-0.10592982849456334,2,0.004265691651432091,-0.009954751131221684,0.0003017501508750797,0.030152315822194575,6.322580645161291,5.3708439897698135,10.492792490781099,21.310268678689724,32.22069499812378,31.14238577104401,29.568171664271077,30.250973520890266,300015.SZ
2019-03-07,31.86,0.1692786693413575,3,-0.033373786407767,0.004265691651432091,-0.009954751131221684,0.0003017501508750797,-0.963630711843344,1.7891373801916854,7.272727272727275,17.30486008836525,32.155114089374,31.210729983325535,29.658047285280055,30.26698373461275,300015.SZ
2019-03-08,30.69,-0.03529495862894727,4,-0.03672316384180785,-0.033373786407767,0.004265691651432091,-0.009954751131221684,-7.392878696439342,-2.818239392020261,3.368137420006745,8.560311284046707,31.88872970948782,31.161136651580247,29.69851601919064,30.271192851681285,300015.SZ
2019-03-11,31.94,-0.1625541847282428,0,0.04072987943955675,-0.03672316384180785,-0.033373786407767,0.004265691651432091,-3.650075414781284,-1.6928285626346629,1.2040557667934104,9.948364888123917,31.898051580490034,31.235314113334507,29.7864173517714,30.287797897933213,300015.SZ
2019-03-12,31.75,-0.032583449465790726,1,-0.005948653725735831,0.04072987943955675,-0.03672316384180785,-0.033373786407767,-3.260207190737352,-1.2748756218905366,-0.21998742928975856,8.658453114305264,31.871133111310026,31.28433181682646,29.863420592878406,30.302347172580646,300015.SZ
2019-03-13,31.35,0.013033337906434461,2,-0.012598425196850394,-0.005948653725735831,0.04072987943955675,-0.03672316384180785,-4.884708737864074,1.1290322580645107,0.22378516624042,5.095541401273906,31.776381636526384,31.290585929509653,29.921717824530234,30.312771578823625,300015.SZ
2019-03-14,31.41,-0.10202239075478525,3,0.00191387559808609,-0.012598425196850394,-0.005948653725735831,0.04072987943955675,-1.412429378531066,-2.3624494870997825,0.3514376996805124,5.757575757575761,31.709766793521585,31.30195869812778,29.9800818314114,30.323689274556724,300015.SZ
2019-03-15,32.22,0.2699829077015887,4,0.025787965616045794,0.00191387559808609,-0.012598425196850394,-0.005948653725735831,4.985337243401755,-2.7761013880507,2.0265991133628924,8.521387672617031,31.80253646742675,31.38939120306799,30.067921759591346,30.34255803799397,300015.SZ
2019-03-18,33.44,0.32235526966848105,0,0.0378646803227809,0.025787965616045794,0.00191387559808609,-0.012598425196850394,4.696305572949266,0.8748114630467541,2.923976608187129,5.956907477820028,32.10025710971279,31.58468727896628,30.200160121960316,30.373378356023885,300015.SZ
2019-03-19,32.68,-0.13928635574447712,1,-0.022727272727272707,0.0378646803227809,0.025787965616045794,0.00191387559808609,2.9291338582677184,-0.4265691651432091,1.6169154228855787,2.7027027027026973,32.20566490794683,31.689002776207584,30.29740874462854,30.396329815167928,300015.SZ
2019-03-20,32.59,-0.4503877856223698,2,-0.0027539779681761134,-0.022727272727272707,0.0378646803227809,0.025787965616045794,3.955342902711334,-1.1225728155339731,5.129032258064536,4.187979539641962,32.275544015592864,31.774812035616385,30.387314284054874,30.418157379196106,300015.SZ
2019-03-21,32.3,0.07387837752325521,3,-0.008898435102792424,-0.0027539779681761134,-0.022727272727272707,0.0378646803227809,2.8334925183062687,1.381042059008153,0.40410320174073533,3.194888178913735,32.27999055821234,31.82482993698625,30.462321567033115,30.436882181393162,300015.SZ
2019-03-22,32.26,-0.07433487522465465,4,-0.0012383900928791824,-0.008898435102792424,-0.0027539779681761134,-0.022727272727272707,0.12414649286156543,5.115672857608322,-2.6554013277006683,2.1532615579480607,32.27635591126464,31.866274704892323,30.532818760482797,30.455022657200196,300015.SZ
2019-03-25,31.49,0.007352473104589752,0,-0.02386856788592684,-0.0012383900928791824,-0.008898435102792424,-0.0027539779681761134,-5.831339712918659,-1.4088916718847933,-5.007541478129718,-3.0778701138812092,32.13338210921652,31.830439018712102,30.57035527967955,30.465320939218106,300015.SZ
2019-03-26,31.27,-0.20190211381086287,1,-0.006986344871387717,-0.02386856788592684,-0.0012383900928791824,-0.008898435102792424,-4.314565483476129,-1.511811023622045,-4.72273004265692,-2.7674129353233767,31.976403543904425,31.777063874072855,30.597792327535256,30.473327696041807,300015.SZ
2019-03-27,32.44,0.6444039748208559,2,0.03741605372561563,-0.006986344871387717,-0.02386856788592684,-0.0012383900928791824,-0.4602638846271989,3.4768740031897893,-1.5776699029126262,4.645161290322575,32.06069380864907,31.840200647970676,30.67003576567113,30.492896574688157,300015.SZ
2019-03-28,32.43,-0.26899557010785824,3,-0.00030826140567197235,0.03741605372561563,-0.006986344871387717,-0.02386856788592684,0.4024767801857676,3.247373447946522,1.789077212806034,0.8082064034814929,32.12784038889469,31.89637201483061,30.739053970938933,30.512171235636536,300015.SZ
2019-03-29,34.0,1.5490893521720515,4,0.04841196423065064,-0.00030826140567197235,0.03741605372561563,-0.006986344871387717,5.393676379417234,5.524518932340161,10.785272075594655,2.5950512975256412,32.46823304545929,32.0967175372277,30.8669342073727,30.546875999461047,300015.SZ
2019-04-01,34.38,-0.1881831571875242,0,0.011176470588235343,0.04841196423065064,-0.00030826140567197235,0.03741605372561563,9.177516671959363,2.8110047846890085,7.639323731997494,3.7104072398190135,32.81582703719397,32.31417300987268,31.004701493358084,30.585016536779847,300015.SZ
2019-04-02,33.82,-0.28446835261725534,1,-0.01628853984874934,0.011176470588235343,0.04841196423065064,-0.00030826140567197235,8.15478094019828,3.488372093023262,6.519685039370082,3.0469226081657474,32.99840393952234,32.45758510417052,31.11510535636365,30.617205426961142,300015.SZ
2019-04-03,33.8,-0.3463600169042905,2,-0.0005913660555885158,-0.01628853984874934,0.011176470588235343,0.04841196423065064,4.192355117139335,3.7127953359926247,7.814992025518319,2.5485436893203817,33.144148677791,32.58543414186857,31.220395342388603,30.648875024702825,300015.SZ
2019-04-04,33.6,0.0010548882158778472,3,-0.005917159763313529,-0.0005913660555885158,-0.01628853984874934,0.011176470588235343,3.6077705827937123,4.024767801857609,6.972301814708692,5.46139359698683,33.22703073637446,32.68205946169061,31.313713172098854,30.678239452317726,300015.SZ
2019-04-08,33.21,0.2257461418179345,0,-0.011607142857142927,-0.005917159763313529,-0.0005913660555885158,-0.01628853984874934,-2.323529411764702,2.9448233106013744,3.0726256983240274,8.211143695014655,33.223934238851825,32.73233951295818,31.38807736142831,30.703431099558347,300015.SZ
2019-04-09,34.5,0.500762639008292,1,0.038843721770551065,-0.011607142857142927,-0.005917159763313529,-0.0005913660555885158,0.3490401396160525,9.558590028580504,3.169856459330145,8.01502817783344,33.45594619542422,32.900688130771684,31.51011354333308,30.741207904537866,300015.SZ
2019-04-10,34.32,-0.14321088033114038,2,-0.00521739130434784,0.038843721770551065,-0.011607142857142927,-0.005917159763313529,1.4784151389710232,9.753757595139124,5.018359853121179,8.094488188976378,33.61304688716527,33.03586068974581,31.620305169084727,30.776817776134504,300015.SZ
2019-04-11,33.07,-0.11657248846137258,3,-0.036421911421911424,-0.00521739130434784,0.038843721770551065,-0.011607142857142927,-2.159763313609453,1.94204685573367,1.4728444308069966,5.486443381180228,33.514311089498854,33.03911205262716,31.67715594676768,30.799635509705308,300015.SZ
2019-04-12,33.69,-0.2787041331998731,4,0.018748110069549462,-0.036421911421911424,-0.00521739130434784,0.038843721770551065,0.2678571428571308,3.885291396854762,4.303405572755414,7.25883476599809,33.54625452777179,33.10110138094838,31.75609100767875,30.828395355379882,300015.SZ
2019-04-15,32.8,0.6070401083093586,0,-0.026417334520629332,0.018748110069549462,-0.036421911421911424,-0.00521739130434784,-1.2345679012345845,-3.529411764705892,1.673899566026038,1.8001241464928652,33.41057188635873,33.07242505895329,31.79702861522076,30.84801331204277,300015.SZ
2019-04-16,33.4,-0.29673546756529057,1,0.018292682926829285,-0.026417334520629332,0.018748110069549462,-0.036421911421911424,-3.1884057971014568,-2.850494473531129,6.065417592886635,-0.11961722488037507,33.408649725202594,33.103622672386315,31.85989023815328,30.873406214410505,300015.SZ
2019-04-17,33.76,0.23446437662843267,2,0.010778443113772518,0.018292682926829285,-0.026417334520629332,0.018748110069549462,-1.631701631701643,-0.17740981667653255,7.962903741605376,3.3047735618114915,33.472531593347576,33.166134798825716,31.934404346460997,30.902128540635278,300015.SZ
2019-04-18,33.69,-0.5136826783114992,3,-0.0020734597156397694,0.010778443113772518,0.018292682926829285,-0.026417334520629332,1.8748110069549462,-0.3254437869822491,3.8532675709001207,3.3752684872660144,33.512071303648014,33.216026722747074,32.003251234835076,30.929868555156318,300015.SZ
2019-04-19,33.78,-0.2736206724533572,4,0.002671415850400871,-0.0020734597156397694,0.010778443113772518,0.018292682926829285,0.2671415850400871,0.5357142857142838,4.162812210915834,4.582043343653264,33.56078561207565,33.26973846343783,32.07292765699841,30.958228072020432,300015.SZ
2019-04-22,34.46,2.0515761280131852,0,0.020130254588513807,0.002671415850400871,-0.0020734597156397694,0.010778443113772518,5.060975609756113,3.76392652815416,1.3529411764706012,6.8195908245505255,33.724279137152806,33.38309670501518,32.166538337116116,30.993071573791372,300015.SZ
2019-04-23,34.15,-0.12893279920781375,1,-0.008995937318630354,0.020130254588513807,0.002671415850400871,-0.0020734597156397694,2.2455089820359264,-1.0144927536231974,-0.6689936009307895,8.447126071768807,33.801682930397746,33.45613511406135,32.24432114742529,31.02448379693773,300015.SZ
2019-04-24,34.92,-0.08724970933987863,2,0.022547584187408543,-0.008995937318630354,0.020130254588513807,0.002671415850400871,3.4360189573459765,1.7482517482517501,3.25251330573626,11.672529581068126,34.005013306689065,33.595550817484074,32.3492497298792,31.06324515219208,300015.SZ
2019-04-25,35.73,1.4273380887681162,3,0.02319587628865971,0.022547584187408543,-0.008995937318630354,0.020130254588513807,6.055209260908279,8.043543997580871,5.710059171597637,10.141800246609112,34.31864725092741,33.7988316920094,32.48182817184472,31.10968052381206,300015.SZ
2019-04-26,36.07,-0.1489160729070702,4,0.009515813042261456,0.02319587628865971,0.022547584187408543,-0.008995937318630354,6.779159265837764,7.064410804392995,7.351190476190483,11.224175146469317,34.63707502348606,34.015133435627554,32.62254079255669,31.15903693651045,300015.SZ
2019-04-29,37.09,0.10213337352534135,0,0.028278347657332947,0.009515813042261456,0.02319587628865971,0.022547584187408543,7.632037144515391,13.079268292682954,11.683227943390563,9.088235294117663,35.08306138285223,34.307977870329694,32.79773527127996,31.218051494356118,300015.SZ
2019-04-30,37.33,-0.44015813618111066,1,0.006470746832029972,0.028278347657332947,0.009515813042261456,0.02319587628865971,9.311859443631043,11.766467065868259,8.202898550724624,8.580570098894702,35.49159567687909,34.59578950172686,32.97547114299447,31.278866902372474,300015.SZ
2019-05-06,34.5,0.9276958607212651,0,-0.07581034020894717,0.006470746832029972,0.028278347657332947,0.009515813042261456,-1.2027491408934776,2.1919431279620927,0.5244755244755206,2.0106445890005986,35.311305553810165,34.58666669203859,33.03525658836724,31.31091797797076,300015.SZ
2019-05-07,36.8,-0.09583218136577276,1,0.06666666666666665,-0.07581034020894717,0.006470746832029972,0.028278347657332947,2.9946823397704936,9.23122588305134,11.2791049289386,8.875739644970416,35.58197727129922,34.79746034041587,33.18289358490186,31.365535709533244,300015.SZ
2019-05-08,35.09,-0.19821885869357492,2,-0.04646739130434763,0.06666666666666665,-0.07581034020894717,0.006470746832029972,-2.7169392847241403,3.8780343398460593,4.1555357672900195,4.434523809523805,35.49252685833573,34.82532126037626,33.25768207176846,31.402595055707042,300015.SZ
2019-05-09,33.71,-0.08278908645977323,3,-0.03932744371615848,-0.04646739130434763,0.06666666666666665,-0.07581034020894717,-9.112968455109204,-2.1764364480557186,2.774390243902447,1.505570611261664,35.16843106591105,34.71910018795948,33.27542002973832,31.425554308884088,300015.SZ
2019-05-10,35.12,-0.07420176365620834,4,0.04182735093444068,-0.03932744371615848,-0.04646739130434763,0.06666666666666665,-5.920171443878919,2.8404099560761287,5.149700598802398,1.7971014492753623,35.15962541756358,34.75728112243953,33.34775649916035,31.462314962527035,300015.SZ
2019-05-13,35.84,0.004378906396197424,0,0.0205011389521641,0.04182735093444068,-0.03932744371615848,-0.04646739130434763,3.8840579710144985,2.6345933562428536,6.161137440758302,4.4289044289044455,35.28332988709747,34.860397206016714,33.445491538408966,31.505874017626272,300015.SZ
2019-05-14,35.12,-0.2723766582203012,1,-0.02008928571428592,0.0205011389521641,0.04182735093444068,-0.03932744371615848,-4.565217391304344,-1.7072488105233652,4.244582962303345,6.198971877834891,35.25363354398884,34.88512128163417,33.511158536902734,31.541835470187205,300015.SZ
2019-05-15,36.1,0.19624612705810063,2,0.0279043280182234,-0.02008928571428592,0.0205011389521641,0.04182735093444068,2.878312909660874,0.0831716107568603,6.867969212551817,7.153457999406365,35.40751835417269,35.00082401671663,33.612681731533996,31.587190341130615,300015.SZ
2019-05-16,36.39,-0.267268874285592,3,0.008033240997229907,0.0279043280182234,-0.02008928571428592,0.0205011389521641,7.950163156333434,-1.8873011593421474,5.600696459663368,10.945121951219527,35.58615138068674,35.133126491315046,33.72159617343463,31.63497949196514,300015.SZ
2019-05-17,36.3,0.5364727878239024,4,-0.002473206924979432,0.008033240997229907,0.0279043280182234,-0.02008928571428592,3.35990888382689,-2.759174926332708,6.295754026354317,8.682634730538918,35.7159420387437,35.244257301665996,33.82271004898621,31.681397606472952,300015.SZ
2019-05-20,36.69,-0.12417530183477532,0,0.010743801652892682,-0.002473206924979432,0.008033240997229907,0.0279043280182234,2.3716517857142794,6.347826086956521,5.068728522336752,8.678909952606627,35.89304348624484,35.38194708245971,33.93515279216322,31.73123444620954,300015.SZ
2019-05-21,36.8,0.005817992358457813,1,0.0029980921231942403,0.010743801652892682,-0.002473206924979432,0.008033240997229907,4.783599088838275,0.0,2.9946823397704936,9.23122588305134,36.057944670563955,35.516999741273075,34.04749974149016,31.781669924356713,300015.SZ
2019-05-22,36.29,-0.11905378572045233,2,-0.013858695652173902,0.0029980921231942403,0.010743801652892682,-0.002473206924979432,0.5263157894736858,3.4197777144485464,0.6099251455503163,7.430432208407334,36.100136548643235,35.590618813532785,34.13544092809838,31.82652893008451,300015.SZ
2019-05-23,35.39,-0.12735201881615055,3,-0.024800220446403953,-0.013858695652173902,0.0029980921231942403,0.010743801652892682,-2.7480076944215392,4.983684366656771,-4.5834456726880575,2.698781195589084,35.971020812526284,35.571512259863,34.18463932307492,31.86198635366576,300015.SZ
2019-05-24,35.4,-0.20601942837890952,4,0.0002825656965244061,-0.024800220446403953,-0.013858695652173902,0.0029980921231942403,-2.4793388429751984,0.7972665148063829,-5.170104473613712,3.660322108345526,35.86719884661241,35.55517775892367,34.23230052609159,31.897190469549685,300015.SZ
2019-05-27,35.8,0.3997524752475248,0,0.011299435028248483,0.0002825656965244061,-0.024800220446403953,-0.013858695652173902,-2.4257290814935994,-0.11160714285716189,3.768115942028971,2.5200458190148822,35.85498087450106,35.5784941628357,34.2937789368331,31.93602439522581,300015.SZ
2019-05-28,37.89,0.9983579638752049,1,0.05837988826815654,0.011299435028248483,0.0002825656965244061,-0.024800220446403953,2.9619565217391397,7.887243735763105,2.9619565217391397,6.045340050377845,36.2249843518645,35.79863757589897,34.43480721382004,31.995267933581776,300015.SZ
2019-05-29,37.13,-0.4854054737374376,2,-0.020058062813407163,0.05837988826815654,0.011299435028248483,0.0002825656965244061,2.3146872416643705,2.853185595567864,5.8136221145625555,2.938730246742449,36.3895326515255,35.92543399724193,34.54050104857219,32.04635979493917,300015.SZ
2019-05-30,37.75,0.28904119684575136,3,0.016698087799622785,-0.020058062813407163,0.05837988826815654,0.011299435028248483,6.668550437976828,3.73729046441329,11.984574310293672,1.7794553788083034,36.636890351248134,36.099202187980794,34.666363752549756,32.1031124337955,300015.SZ
2019-05-31,38.29,-0.09006536695062217,4,0.014304635761589468,0.016698087799622785,-0.020058062813407163,0.05837988826815654,8.163841807909611,5.482093663911858,9.026195899772205,2.571658183766412,36.93745574193029,36.30784959864929,34.808467134802704,32.164673504106,300015.SZ
2019-06-03,37.46,0.11173476867656618,0,-0.02167667798380779,0.014304635761589468,0.016698087799622785,-0.020058062813407163,4.636871508379903,2.098664486236035,4.520089285714279,8.579710144927532,37.032463788852056,36.41757820830174,34.91244881579083,32.217363319985544,300015.SZ
2019-06-04,37.3,-0.4087072830714744,1,-0.004271222637480032,-0.02167667798380779,0.014304635761589468,0.016698087799622785,-1.5571390868303059,1.3586956521739024,6.20728929384966,1.3586956521739024,37.081106736333496,36.50161837893967,35.006078273995115,32.26793681928917,300015.SZ
2019-06-05,27.84,0.5980820084748462,2,-0.25361930294906165,-0.004271222637480032,-0.02167667798380779,0.014304635761589468,-25.020199299757618,-23.284651419123726,-22.880886426592806,-20.661157024793397,35.40090551154558,35.67670234285018,34.725055596583545,32.223877746460424,300015.SZ
2019-06-06,28.09,-0.18226041189018916,3,0.00897988505747116,-0.25361930294906165,-0.004271222637480032,-0.02167667798380779,-25.58940397350994,-20.627295846284266,-22.808463863698826,-16.671610797982794,34.07164996399184,34.95415926257873,34.464857337893996,32.18274463455535,300015.SZ
2019-06-10,28.6,-0.12199819587000515,0,0.01815592737629057,0.00897988505747116,-0.25361930294906165,-0.004271222637480032,-25.306868634108113,-19.209039548022588,-21.212121212121204,-18.564920273348505,33.076804515993324,34.34900123757123,34.234862932486394,32.147095434211515,300015.SZ
2019-06-11,29.34,0.3148585233110266,1,0.025874125874125742,0.01815592737629057,0.00897988505747116,-0.25361930294906165,-21.676454885210894,-18.044692737430157,-20.032706459525752,-18.136160714285722,32.397385513085446,33.871953500659686,34.04290752336928,32.11916413635867,300015.SZ
2019-06-12,29.18,-0.2702736948808919,2,-0.005453306066803054,0.025874125874125742,0.01815592737629057,0.00897988505747116,-21.769436997319026,-22.987595671681184,-20.706521739130434,-16.913439635535298,31.81240632888809,33.42510078631114,33.85220526755087,32.08991872206654,300015.SZ
2019-06-13,28.84,-0.11975458702321007,3,-0.011651816312542862,-0.005453306066803054,0.025874125874125742,0.01815592737629057,3.5919540229885083,-22.32695933207649,-20.529071369523287,-20.110803324099724,31.2719688145448,32.98842452094818,33.655648198235156,32.05758122234449,300015.SZ
2019-06-14,28.5,0.19654129405576004,4,-0.011789181692094308,-0.011651816312542862,-0.005453306066803054,0.025874125874125742,1.4595941616233565,-24.50331125827815,-19.468776490534047,-21.681780708985986,30.76797448462756,32.560955518953115,33.453465915951426,32.02218240421171,300015.SZ
2019-06-17,28.83,-0.2058855855360774,0,0.011578947368420911,-0.011789181692094308,-0.011651816312542862,-0.005453306066803054,0.8041958041957953,-24.70618960564116,-18.559322033898308,-20.578512396694215,30.415615487422546,32.20562642190996,33.27215352709059,31.990419395214584,300015.SZ
2019-06-18,29.35,0.574097782083665,1,0.01803676725633041,0.011578947368420911,-0.011789181692094308,-0.011651816312542862,0.034083162917530885,-21.649759743726637,-18.016759776536308,-20.005451076587622,30.22186721698208,31.93366200077568,33.11834358485174,31.964146565411454,300015.SZ
2019-06-19,29.36,-0.10779680390389734,2,0.0003407155025552111,0.01803676725633041,0.011578947368420911,-0.011789181692094308,0.6168608636052175,-21.286863270777477,-22.512536289258378,-20.21739130434782,30.0651640866217,31.68855133403514,32.97095756191638,31.938234659287957,300015.SZ
2019-06-20,29.98,0.48426913695828944,3,0.02111716621253401,0.0003407155025552111,0.01803676725633041,0.011578947368420911,3.952843273231621,7.686781609195403,-19.256665768920012,-17.387710112978784,30.04967970723593,31.525832159365127,32.8536651085079,31.918749737304992,300015.SZ
2019-06-21,30.2,0.02252469084571329,4,0.007338225483655814,0.02111716621253401,0.0003407155025552111,0.01803676725633041,5.964912280701751,7.511569953720176,-20.000000000000007,-14.665159649618541,30.07701066955667,31.39956242990178,32.74959981013504,31.901647749869124,300015.SZ
2019-06-24,30.08,-0.38532839842862243,0,-0.003973509933774877,0.007338225483655814,0.02111716621253401,0.0003407155025552111,4.335761359694756,5.174825174825171,-21.441629668320715,-15.028248587570625,30.077554184182727,31.273889817530183,32.64490962150229,31.88352190161172,300015.SZ
2019-06-25,30.5,0.15985738808926464,1,0.013962765957446832,-0.003973509933774877,0.007338225483655814,0.02111716621253401,3.918228279386704,3.9536468984321838,-18.57981847303791,-14.804469273743015,30.15436251433132,31.20018602538445,32.560795518698285,31.869755514531004,300015.SZ
2019-06-26,31.04,0.0787148777266724,2,0.017704918032786843,0.013962765957446832,-0.003973509933774877,0.007338225483655814,5.722070844686655,6.3742289239205,-16.782841823056295,-18.078648719978887,30.315387511725625,31.184930213443074,32.50115647874933,31.861499240754576,300015.SZ
2019-06-27,31.0,0.11816358839050145,3,-0.0012886597938144284,0.017704918032786843,0.013962765957446832,-0.003973509933774877,3.402268178785861,7.4895977808599135,11.350574712643668,-16.509561001885274,30.43986250959369,31.167317812162782,32.44228759722975,31.852927109005773,300015.SZ
2019-06-28,30.97,-0.40399826326619215,4,-0.000967741935483879,-0.0012886597938144284,0.017704918032786843,0.013962765957446832,2.549668874172184,8.666666666666668,10.25275898896405,-17.96026490066226,30.53625114421302,31.14852563957585,32.384550828710935,31.84414176463756,300015.SZ
2019-07-01,31.88,1.2871215000633471,0,0.029383274136260962,-0.000967741935483879,-0.0012886597938144284,0.017704918032786843,5.984042553191493,10.57925771765522,11.468531468531463,-16.740663358579265,30.780569117992467,31.21818986437815,32.36476452170267,31.844498562999377,300015.SZ
2019-07-02,31.77,-0.35082884404991077,1,-0.0034504391468004325,0.029383274136260962,-0.000967741935483879,-0.0012886597938144284,4.16393442622951,8.245315161839862,8.282208588957051,-15.189535504538176,30.960465641993835,31.270743210627852,32.34144042281237,31.84375728376555,300015.SZ
2019-07-03,30.96,0.1697457120914756,2,-0.025495750708215303,-0.0034504391468004325,0.029383274136260962,-0.000967741935483879,-0.2577319587628857,5.449591280653965,6.100068540095971,-16.99731903485254,30.960380979813134,31.241148619139487,32.28726628858443,31.83496367895197,300015.SZ
2019-07-04,30.25,0.2899348932212351,3,-0.022932816537467704,-0.025495750708215303,-0.0034504391468004325,0.029383274136260962,-2.4193548387096753,0.9006004002668488,4.889042995839121,8.656609195402298,30.83122080166529,31.146753512554774,32.20737349295367,31.819192896076824,300015.SZ
2019-07-05,30.78,-0.3103731037310373,4,0.017520661157024886,-0.022932816537467704,-0.025495750708215303,-0.0034504391468004325,-0.6134969325153339,1.920529801324511,8.000000000000007,9.576361694553226,30.821907928635234,31.111824606597178,32.15139806185745,31.808852668255167,300015.SZ
2019-07-08,30.74,-0.14047316413137068,0,-0.001299545159194393,0.017520661157024886,-0.022932816537467704,-0.025495750708215303,-3.575909661229615,2.194148936170204,6.6250433576136025,7.48251748251747,30.80701557797428,31.076412739302206,32.096049118255195,31.798217318322283,300015.SZ
2019-07-09,31.0,-0.08887086771931496,1,0.008458035133376729,-0.001299545159194393,0.017520661157024886,-0.022932816537467704,-2.4236701290525686,1.6393442622950838,5.621805792163537,5.657805044308106,30.84210365470623,31.06913533555914,32.05306679989225,31.790274857443453,300015.SZ
2019-07-10,30.55,-0.07301047120418847,2,-0.014516129032258074,0.008458035133376729,-0.001299545159194393,0.017520661157024886,-1.3242894056847532,-1.5786082474226748,4.053133514986373,4.694996572995214,30.788993899305094,31.019693875029695,31.994123003818046,31.77793381408581,300015.SZ
2019-07-11,30.5,-0.14670582587331615,3,-0.0016366612111292644,-0.014516129032258074,0.008458035133376729,-0.001299545159194393,0.8264462809917328,-1.6129032258064502,1.7344896597731863,5.755894590846045,30.736449553976893,30.970199220264963,31.93552994484479,31.765218054741673,300015.SZ
2019-07-12,30.3,0.177124702144559,4,-0.006557377049180357,-0.0016366612111292644,-0.014516129032258074,0.008458035133376729,-1.5594541910331383,-2.1633839199225013,0.33112582781458233,6.315789473684208,30.657095089617457,30.90637072309687,31.871391515635192,31.75063877061489,300015.SZ
2019-07-15,30.78,0.12182298695456595,0,0.015841584158415856,-0.006557377049180357,-0.0016366612111292644,-0.014516129032258074,0.13012361743658385,-3.450439146800499,2.3271276595744794,6.763787721123848,30.679441436959735,30.894335416135263,31.82859184835538,31.740980673394844,300015.SZ
2019-07-16,30.44,-0.29738603042530254,1,-0.011046133853151341,0.015841584158415856,-0.006557377049180357,-0.0016366612111292644,-1.806451612903226,-4.186339313818066,-0.19672131147540073,3.7137989778534886,30.63590663023978,30.851065376503332,31.774137266066937,31.728035592067535,300015.SZ
2019-07-17,30.33,-0.17838416265382562,2,-0.0036136662286465615,-0.011046133853151341,0.015841584158415856,-0.006557377049180357,-0.7201309328969008,-2.034883720930236,-2.2873711340206215,3.303814713896447,30.580287242923458,30.801440102550632,31.717504432103528,31.71412479015642,300015.SZ
2019-07-18,29.57,0.7261439611009812,3,-0.025057698648203064,-0.0036136662286465615,-0.011046133853151341,0.015841584158415856,-3.04918032786885,-2.247933884297515,-4.612903225806453,-1.3675783855903956,30.396598653301012,30.684160092783905,31.633288572021037,31.69279021512999,300015.SZ
2019-07-19,29.72,-0.26692655935613674,4,0.005072708826513228,-0.025057698648203064,-0.0036136662286465615,-0.011046133853151341,-1.9141914191419196,-3.4437946718648527,-4.0361640297061685,-1.5894039735099397,30.27358071633719,30.59233532204258,31.558257647628054,31.67316046174561,300015.SZ
2019-07-22,29.81,-0.09582461316773594,0,0.00302826379542398,0.005072708826513228,-0.025057698648203064,-0.0036136662286465615,-3.151397011046142,-3.025374105400125,-6.493099121706402,-0.8976063829787218,30.18929331336679,30.517827196133762,31.48969852419166,31.65462155167849,300015.SZ
2019-07-23,30.03,-0.24000151779616008,1,0.0073800738007381295,0.00302826379542398,0.005072708826513228,-0.025057698648203064,-1.34691195795007,-3.1290322580645125,-5.476864966949946,-1.5409836065573779,30.160330892754644,30.47136746316864,31.432455444811595,31.638456163104575,300015.SZ
2019-07-24,30.11,0.3896849568126217,2,0.002664002664002574,0.0073800738007381295,0.00302826379542398,0.005072708826513228,-0.7253544345532492,-1.4402618657937794,-2.745478036175719,-2.996134020618557,30.151179821344705,30.436951514295437,31.380594446975845,31.62324764406871,300015.SZ
2019-07-25,30.06,-0.11518286987138027,3,-0.0016605778811026317,0.002664002664002574,0.0073800738007381295,0.00302826379542398,1.6570848833276974,-1.442622950819672,-0.62809917355372,-3.0322580645161357,30.134601672009303,30.40105137007682,31.328806429447383,31.607692941142655,300015.SZ
2019-07-26,30.89,0.8599155432840668,4,0.027611443779108402,-0.0016605778811026317,0.002664002664002574,0.0073800738007381295,3.9367429340511517,1.9471947194719563,0.3573749187784303,-0.2583144979011909,30.271946822553065,30.447617906259982,31.31159833417494,31.600551717847704,300015.SZ
2019-07-29,30.81,-0.40363707811203764,0,-0.002589834898025334,0.027611443779108402,-0.0016605778811026317,0.002664002664002574,3.354579000335467,0.09746588693957392,0.22771633051399398,-3.356336260978676,30.36977467299796,30.482130486616175,31.291927811266117,31.592685531600463,300015.SZ
2019-07-30,30.48,0.04264743566277396,1,-0.01071080817916259,-0.002589834898025334,0.027611443779108402,-0.0016605778811026317,1.4985014985015033,0.13140604467805073,-1.677419354838705,-4.060434372049104,30.389815641543784,30.481927583128922,31.260087504941957,31.581614033773594,300015.SZ
2019-07-31,30.49,-0.31634014465276317,2,0.00032808398950123774,-0.01071080817916259,-0.002589834898025334,0.027611443779108402,1.2620391896379868,0.5275304978568984,-0.1963993453355184,-1.5180878552971677,30.408030979444913,30.482696384735693,31.229887994944235,31.570752202591766,300015.SZ
2019-08-01,30.24,0.0899239934264584,3,-0.008199409642505762,0.00032808398950123774,-0.01071080817916259,-0.002589834898025334,0.5988023952095745,2.2658099425092892,-0.8524590163934476,-0.033057851239670644,30.377479892273108,30.45958244333229,31.1910688578876,31.557510887143096,300015.SZ
2019-08-02,30.45,1.0770390613956558,4,0.00694444444444442,-0.008199409642505762,0.00032808398950123774,-0.01071080817916259,-1.4244091939138892,2.45625841184387,0.4950495049504955,-1.072124756335291,30.390665366405266,30.458669829681597,31.162007334048873,31.5464908783158,300015.SZ
2019-08-05,29.68,-0.18193779632948437,0,-0.025287356321839094,0.00694444444444442,-0.008199409642505762,0.00032808398950123774,-3.6676403765011356,-0.4360952700436016,-3.573749187784281,-3.4482758620689613,30.261453481604306,30.38451079828335,31.10388939938029,31.527918829775345,300015.SZ
2019-08-06,29.1,0.08812844901694339,1,-0.019541778975741164,-0.025287356321839094,0.00694444444444442,-0.008199409642505762,-4.527559055118102,-3.096903096903092,-4.402102496714844,-6.129032258064515,30.05028012131261,30.26217643654208,31.025305501365377,31.503760433459174,300015.SZ
2019-08-07,29.87,-0.1416447921710543,2,0.026460481099656263,-0.019541778975741164,-0.025287356321839094,0.00694444444444442,-2.0334535913414165,-0.7970773829292566,-1.5166501813385969,-2.225859247135842,30.017501917437592,30.224826299728548,30.97999940327262,31.48750411073819,300015.SZ
2019-08-08,30.9,0.48567441584275994,3,0.0344827586206895,0.026460481099656263,-0.019541778975741164,-0.025287356321839094,2.182539682539675,2.794411177644718,4.497801826175163,1.3114754098360715,30.17795611426712,30.289128556897257,30.97686217177173,31.481658298691045,300015.SZ
2019-08-09,30.88,-0.28911449069725603,4,-0.0006472491909385036,0.0344827586206895,0.026460481099656263,-0.019541778975741164,1.412151067323486,-0.032372936225322224,3.9030955585464433,1.9141914191419085,30.30560045712764,30.345402027668946,30.973063655231666,31.475671648952826,300015.SZ
2019-08-12,31.09,-0.16945912515461603,0,0.00680051813471505,-0.0006472491909385036,0.0344827586206895,0.026460481099656263,4.750673854447429,0.9087958455047174,4.293861120429399,1.0071474983755602,30.4482185558317,30.416316120271905,30.97764939424219,31.471834120107523,300015.SZ
2019-08-13,30.99,-0.38380043325209856,1,-0.0032164683177871023,0.00680051813471505,-0.0006472491909385036,0.0344827586206895,6.494845360824741,1.67322834645669,3.1968031968031774,1.8068331143232585,30.546724272953206,30.47095268024601,30.978133731722888,31.46703975075322,300015.SZ
2019-08-14,31.55,1.0747596814062068,2,0.01807034527266871,-0.0032164683177871023,0.00680051813471505,-0.0006472491909385036,5.624372279879486,3.4765496884224367,4.782464297575562,4.022420046158937,30.72913804150717,30.573719091651157,31.00055985989062,31.467865225870106,300015.SZ
2019-08-15,31.65,0.10950199888803591,3,0.0031695721077653616,0.01807034527266871,-0.0032164683177871023,0.00680051813471505,2.4271844660194164,4.662698412698418,5.289421157684626,7.0341562394318435,30.896567488505863,30.676222035303425,31.026028100679223,31.46967751217986,300015.SZ
2019-08-16,31.88,-0.004844059465005768,4,0.0072669826224329714,0.0031695721077653616,0.01807034527266871,-0.0032164683177871023,3.2383419689119064,4.696223316912973,3.204920686306245,7.2678331090175075,31.07537339968661,30.79086755575072,31.059517194770233,31.473760323003944,300015.SZ
2019-08-19,32.08,-0.04975541914444659,0,0.006273525721455453,0.0072669826224329714,0.0031695721077653616,0.01807034527266871,3.184303634609198,8.086253369272223,4.122038299253483,7.614894330761479,31.25803278156177,30.91364207425065,31.099536128308657,31.479792558595946,300015.SZ
2019-08-20,32.0,-0.30195059173837346,1,-0.0024937655860348684,0.006273525721455453,0.0072669826224329714,0.0031695721077653616,3.2591158438205925,9.965635738831601,4.986876640419946,6.560106560106549,31.3929359121869,31.017104733845827,31.134848437002436,31.484968752042754,300015.SZ
2019-08-21,31.77,-0.19047102628059143,2,-0.007187500000000013,-0.0024937655860348684,0.006273525721455453,0.0072669826224329714,0.6973058637083973,6.360897221292272,4.198097736962936,5.513118565260711,31.461493019062008,31.08880904490813,31.159756341433713,31.487804883863223,300015.SZ
2019-08-22,32.82,1.11936232919532,3,0.03305004721435312,-0.007187500000000013,-0.0024937655860348684,0.006273525721455453,3.696682464454981,6.213592233009724,8.531746031746046,9.181636726546905,31.70849428832346,31.253684373964497,31.224863935887292,31.501060556660605,300015.SZ
2019-08-23,33.57,0.34527296095741766,4,0.022851919561243106,0.03305004721435312,-0.007187500000000013,-0.0024937655860348684,5.301129234629864,8.711139896373066,10.246305418719226,8.67594690838458,32.04694987226465,31.474285862158354,31.316830056048577,31.521647018783387,300015.SZ
2019-08-26,33.52,-0.29401077559203115,0,-0.0014894250819182941,0.022851919561243106,0.03305004721435312,-0.007187500000000013,4.488778054862852,7.816018012222581,12.938005390835583,8.795845504706268,32.31477716821653,31.669115780048035,31.40322887738001,31.541531128049225,300015.SZ
2019-08-27,34.01,0.3530038157777975,1,0.014618138424820959,-0.0014894250819182941,0.022851919561243106,0.03305004721435312,6.281249999999994,9.745079057760563,16.87285223367696,11.581364829396312,32.62299950126807,31.892057134329175,31.505455195914127,31.56609300737212,300015.SZ
2019-08-28,34.1,-0.4734210008526267,2,0.002646280505733678,0.014618138424820959,-0.0014894250819182941,0.022851919561243106,7.333962858042176,8.082408874801894,14.161365918982249,11.839947523778305,32.891545046492055,32.102337407250204,31.60720205097632,31.59130601227389,300015.SZ
2019-08-29,33.29,0.5759302506616848,3,-0.023753665689149606,0.002646280505733678,0.014618138424820959,-0.0014894250819182941,1.4320536258378924,5.181674565560823,7.734627831715213,10.085978835978837,32.963991401675315,32.21544813036923,31.67319412740862,31.60820844001246,300015.SZ
2019-08-30,33.78,0.3107822410147991,4,0.014719134875337936,-0.023753665689149606,0.002646280505733678,0.014618138424820959,0.6255585344057124,5.9598494353827025,9.39119170984457,10.935960591133021,33.11235660137071,32.364453070334065,31.75581396554946,31.629818306280995,300015.SZ
2019-09-02,34.17,-0.12283690081398857,0,0.011545293072824148,0.014719134875337936,-0.023753665689149606,0.002646280505733678,1.9391408114558528,6.514962593516227,9.906722418784186,15.128032345013477,33.304655401121494,32.53640992077844,31.850487927684778,31.655093746019496,300015.SZ
2019-09-03,34.03,-0.2696636936983382,1,-0.004097161252560766,0.011545293072824148,0.014719134875337936,-0.023753665689149606,0.05880623346075087,6.3437500000000036,9.809616005162969,16.941580756013753,33.43653623728122,32.67865659499002,31.9359589893442,31.6787246540193,300015.SZ
2019-09-04,33.95,-0.018823972328760652,2,-0.0023508668821627943,-0.004097161252560766,0.011545293072824148,0.014719134875337936,-0.4398826979472137,6.861819326408569,7.60697305863709,13.659189822564443,33.52989328504827,32.79973691927668,32.014940989762074,31.701324408705677,300015.SZ
2019-09-05,33.68,0.14472769131154206,3,-0.007952871870397726,-0.0023508668821627943,-0.004097161252560766,0.011545293072824148,1.1715229798738402,2.6203534430225384,6.413902053712484,8.9967637540453,33.55718541503949,32.88357149839319,32.08023742153611,31.721012723046915,300015.SZ
2019-09-06,33.9,-0.2614907613022165,4,0.0065320665083135054,-0.007952871870397726,-0.0023508668821627943,-0.004097161252560766,0.3552397868561208,0.9830205540661163,6.336260978670016,9.77979274611398,33.61951533957776,32.98037421283193,32.151600659907245,31.742694188489235,300015.SZ
2019-09-09,34.33,0.5005389765119712,0,0.012684365781710838,0.0065320665083135054,-0.007952871870397726,-0.0023508668821627943,0.4682470002926431,2.4164677804295875,7.013715710723201,10.4213573496301,33.74869436874543,33.108910002086034,32.23702808500892,31.768438524922182,300015.SZ
2019-09-10,34.3,-0.11940185643798329,1,-0.0008738712496358936,0.012684365781710838,0.0065320665083135054,-0.007952871870397726,0.7934175727299264,0.8526903851808321,7.187499999999991,10.680864795095179,33.84893175624626,33.22234714474451,32.31792894442034,31.79362819134087,300015.SZ
2019-09-11,33.96,-0.012258216869538985,2,-0.0099125364431486,-0.0008738712496358936,0.012684365781710838,0.0065320665083135054,0.02945508100147265,-0.4105571847507372,6.89329556185081,7.63866877971473,33.8691259823833,33.29259979762598,32.3823238877764,31.815184129735485,300015.SZ
2019-09-12,33.87,-0.3300586828950228,3,-0.0026501766784453595,-0.0099125364431486,-0.0008738712496358936,0.012684365781710838,0.5641330166270775,1.7422649444277516,3.199268738574035,7.014218009478679,33.86928489467724,33.34759029309017,32.44066412747145,31.835630058792844,300015.SZ
2019-09-16,34.17,-0.09719698935894117,0,0.008857395925597977,-0.0026501766784453595,-0.0099125364431486,-0.0008738712496358936,0.7964601769911539,1.1545293072824148,1.787310098302064,7.1831869510665,33.923960368372285,33.42591502708159,32.50848122051179,31.858857620396897,300015.SZ
2019-09-17,33.64,0.047254563748742484,1,-0.015510681884694177,0.008857395925597977,-0.0026501766784453595,-0.0099125364431486,-2.009903874162533,-1.5510681884694177,0.35799522673030104,4.862842892768082,33.872331210486415,33.446304072121436,32.55285450598192,31.87658043014419,300015.SZ
2019-09-18,34.51,0.9392993171602098,2,0.025862068965517127,-0.015510681884694177,0.008857395925597977,-0.0026501766784453595,0.612244897959191,1.4105201292976766,1.4701558365186607,7.843749999999994,33.98827099039797,33.54760844620511,32.629605309668904,31.902783609943754,300015.SZ
2019-09-19,35.57,0.23481430366084544,3,0.030715734569690012,0.025862068965517127,-0.015510681884694177,0.008857395925597977,4.740871613663122,4.771723122238569,4.310850439882685,11.96096946805163,34.27585808305288,33.74021716561415,32.74491490536816,31.9392733252677,300015.SZ
2019-09-20,35.55,-0.40065627328480546,4,-0.0005622715771718134,0.030715734569690012,0.025862068965517127,-0.015510681884694177,4.9601417183348095,5.552256532066502,6.788825473115034,8.3180987202925,34.507520249770536,33.912577435555654,32.854918242412545,31.975200953872,300015.SZ
2019-09-23,35.29,-0.1954240084156167,0,-0.007313642756680672,-0.0005622715771718134,0.030715734569690012,0.025862068965517127,3.2777290020485683,4.10029498525073,4.470100651272935,5.123622281799212,34.6497892952668,34.04376053693131,32.95041164467088,32.00818402895785,300015.SZ
2019-09-24,35.75,0.108935310373518,1,0.013034854066307666,-0.007313642756680672,-0.0005622715771718134,0.030715734569690012,6.2722948870392425,4.136323914943207,4.623939127889964,6.652744630071594,34.84982760521829,34.20625953341404,33.06019942331124,32.04541602866971,300015.SZ
2019-09-25,35.26,0.282724617487071,2,-0.013706293706293726,0.013034854066307666,-0.007313642756680672,-0.0005622715771718134,2.173283106345991,2.798833819241975,3.6144578313253017,3.675389591296674,34.92440440426951,34.306615768326985,33.14646611259315,32.0774019388322,300015.SZ
2019-09-26,35.35,-0.2997075412575725,3,0.0025524673851391455,-0.013706293706293726,0.013034854066307666,-0.007313642756680672,-0.6184987348889504,4.093050647820973,4.123711340206171,3.665689149560114,35.00178542167505,34.405985695152985,33.23287920621695,32.10996510361994,300015.SZ
2019-09-27,35.16,-0.12331831876622035,4,-0.005374823196605538,0.0025524673851391455,-0.013706293706293726,0.013034854066307666,-1.0970464135021119,3.8086802480070903,4.394299287410908,5.617302493241216,35.03055170864322,34.47779658132889,33.30845257067903,32.14031370955407,300015.SZ
2019-09-30,35.47,0.3704447242165436,0,0.008816837315130943,-0.005374823196605538,0.0025524673851391455,-0.013706293706293726,0.5100595069424729,3.8045068773778112,4.631268436578173,5.002960331557138,35.11045139798082,34.57229214501185,33.39321913653475,32.17344491642418,300015.SZ
2019-10-08,36.08,0.003724302314033201,1,0.01719763180152234,0.008816837315130943,-0.005374823196605538,0.0025524673851391455,0.9230769230769154,7.253269916765759,5.097582289542668,5.589698565993562,35.286732961984306,34.715883369296435,33.49858309196476,32.21231611128563,300015.SZ
2019-10-09,35.43,-0.20009399891159152,2,-0.018015521064301487,0.01719763180152234,0.008816837315130943,-0.005374823196605538,0.4821327283040411,2.6658939437844253,3.2944606413994215,4.11401704378489,35.312781514350796,34.78389447698249,33.57432493149555,32.244332866397215,300015.SZ
2019-10-10,36.8,0.611621362525899,3,0.03866779565340095,-0.018015521064301487,0.01719763180152234,0.008816837315130943,4.101838755304099,3.4579701996064083,8.362779740871606,8.394698085419726,35.58318487537792,34.975904526793684,33.70082199300553,32.289662887627095,300015.SZ
2019-10-11,36.58,-0.35494579295788153,4,-0.005978260869565211,0.03866779565340095,-0.018015521064301487,0.01719763180152234,4.038680318543797,2.8973277074543002,8.001180986123412,8.610451306413292,35.764423988945566,35.128675524241906,33.8137309344563,32.332352809143245,300015.SZ
2019-10-14,36.6,-0.032186096320314106,0,0.0005467468562057043,-0.005978260869565211,0.03866779565340095,-0.018015521064301487,3.185790809134481,3.712099744970243,7.111501316944691,7.964601769911517,35.91634690004637,35.268801664790296,33.922996388007036,32.37481696029605,300015.SZ
2019-10-15,37.2,0.2575995082219149,1,0.016393442622950838,0.0005467468562057043,-0.005978260869565211,0.03866779565340095,3.10421286031044,4.055944055944072,10.582639714625452,8.360034954850004,36.14973837276521,35.45272531576265,34.05150633357539,32.422828731835395,300015.SZ
2019-10-16,37.98,0.6620148597125817,2,0.020967741935483675,0.016393442622950838,0.0005467468562057043,-0.005978260869565211,7.197290431837411,7.714123652864435,10.05505650536076,10.728862973760922,36.482513214080626,35.693418142832876,34.2055649087293,32.47812396833455,300015.SZ
2019-10-17,38.08,-0.3672043880417041,3,0.00263296471827279,0.020967741935483675,0.016393442622950838,0.0005467468562057043,3.4782608695652195,7.722772277227707,7.056508293505748,12.131919905771493,36.77296535697506,35.92071165303927,34.35750353975953,32.533864028351125,300015.SZ
2019-10-18,37.84,0.041759620747350956,4,-0.006302521008403228,0.00263296471827279,0.020967741935483675,0.016393442622950838,3.4445051940951377,7.62229806598409,6.441631504922651,11.721287274874538,36.966971655706864,36.103501019416484,34.49407202839641,32.58666140120335,300015.SZ
2019-10-21,37.09,0.369381427201142,0,-0.019820295983086655,-0.006302521008403228,0.00263296471827279,0.020967741935483675,1.3387978142076484,4.567239921060073,5.100595069424774,8.545507755340953,36.98934044557834,36.197453303281584,34.59587312532204,32.63147074049486,300015.SZ
2019-10-22,38.18,-0.2832801198931387,1,0.029387975195470428,-0.019820295983086655,-0.006302521008403228,0.00263296471827279,2.6344086021505397,5.820399113082053,6.797202797202795,13.49583828775267,37.205824000927734,36.386267274397625,34.736427120407456,32.686679986858096,300015.SZ
2019-10-31,39.56,-0.4088634676679911,3,-0.013220254427538047,0.05002619172341549,0.0,0.0,3.6144578313253017,3.886554621848748,7.500000000000018,11.909476661951901,38.47593767796738,37.58578798774592,35.70358306624387,33.0906125709996,300015.SZ
2019-11-01,41.94,0.33329394037876314,4,0.06016177957532842,-0.013220254427538047,0.05002619172341549,0.0,9.84808800419068,10.835095137420714,14.652815746309455,19.283276450511956,39.10576719106422,38.00047484605583,35.9481484361951,33.178666177258314,300015.SZ
2019-11-04,42.21,-0.32865405070023046,0,0.006437768240343367,0.06016177957532842,-0.013220254427538047,0.05002619172341549,10.555264536406494,13.804259908331073,15.327868852459003,19.00197349873134,39.67017315632526,38.40138200357433,36.19371124261882,33.26853019539505,300015.SZ
2019-11-05,41.95,-0.12506395128150116,1,-0.006159677801468755,0.006437768240343367,0.06016177957532842,-0.013220254427538047,9.874279727606083,9.874279727606083,12.768817204301076,16.269401330376954,40.084687127902484,38.73934562228153,36.41944805663377,33.35491297952048,300015.SZ
2019-11-06,40.81,0.8873526360464021,2,-0.027175208581644794,-0.006159677801468755,0.006437768240343367,0.06016177957532842,1.7959590920429092,6.888423258250409,7.451290152711976,15.184871577758962,40.21656219555658,38.93655080111186,36.59162656421676,33.42909294987351,300015.SZ
2019-11-07,41.4,-0.40046772871734393,3,0.014457240872335131,-0.027175208581644794,-0.006159677801468755,0.006437768240343367,4.6511627906976605,8.43373493975903,8.718487394957975,12.5,40.431732705455374,39.17116501052978,36.78019022836512,33.50840545783496,300015.SZ
2019-11-08,41.4,-0.26775355071014206,4,0.0,0.014457240872335131,-0.027175208581644794,-0.006159677801468755,-1.2875536480686622,8.43373493975903,9.408033826638462,13.17659923455441,40.60778130446349,39.38343500952695,36.96135923901747,33.586928786612724,300015.SZ
2019-11-11,41.64,0.2594590902882121,0,0.005797101449275477,0.0,0.014457240872335131,-0.027175208581644794,-1.3503909026297056,9.062336301728656,12.267457535723914,13.770491803278695,40.79545743092467,39.59834596100057,37.14483534729129,33.66705884843748,300015.SZ
2019-11-12,43.13,0.4062686405292555,1,0.035782901056676364,0.005797101449275477,0.0,0.014457240872335131,2.812872467222882,12.96490309062337,12.96490309062337,15.940860215053764,41.219919716211095,39.934693964714796,37.37954768661321,33.76121746686099,300015.SZ
2019-11-13,45.62,0.43571254129230463,2,0.057732436818919375,0.035782901056676364,0.005797101449275477,0.0,11.786326880666497,13.793963581940627,19.486642221058137,20.115850447604,42.019934313263626,40.47615168236101,37.702702679295044,33.879215303011634,300015.SZ
2019-11-14,45.9,-0.41981431909541,3,0.006137658921525624,0.057732436818919375,0.035782901056676364,0.005797101449275477,10.869565217391308,16.026289180990894,20.220010476689353,20.535714285714278,42.72540080176115,40.992708664993295,38.024165319322684,33.998825100991624,300015.SZ
2019-11-15,45.13,-0.05016588226217111,4,-0.01677559912854021,0.006137658921525624,0.057732436818919375,0.035782901056676364,9.009661835748805,7.606103958035293,18.203247773703524,19.26532769556024,43.162600655986395,41.38673641118441,38.30282550287866,34.10958306018574,300015.SZ
2019-11-18,45.6,0.05096338174610904,0,0.010414358519831524,-0.01677559912854021,0.006137658921525624,0.057732436818919375,9.510086455331423,8.031272210376695,19.434258774227352,22.944189808573732,43.60576417307978,41.78799961011923,38.58898920864813,34.223915567049566,300015.SZ
2019-11-19,47.75,0.5688890262942294,1,0.04714912280701755,0.010414358519831524,-0.01677559912854021,0.006137658921525624,10.711801530257347,13.825983313468404,25.065479308538507,25.065479308538507,44.35926159615617,42.35580917106026,38.94824453379918,34.358503471855045,300015.SZ
2019-11-20,47.06,0.07164040869813704,2,-0.014450261780104667,0.04714912280701755,0.010414358519831524,-0.01677559912854021,3.156510302498905,15.314873805439833,17.385881766026444,23.25825039287586,44.85030494230959,42.803827345245,39.266352591297256,34.48488652188634,300015.SZ
2019-11-21,44.0,0.8434960097090947,3,-0.06502337441563966,-0.014450261780104667,0.04714912280701755,0.010414358519831524,-4.139433551198257,6.2801932367149815,11.22345803842264,15.24358302776323,44.69570404370784,42.917748550459756,39.45198582301109,34.57956426793722,300015.SZ
2019-11-22,41.99,0.2364368148584084,4,-0.04568181818181816,-0.06502337441563966,-0.014450261780104667,0.04714912280701755,-6.957677819632179,1.4251207729468751,0.1192179303767471,9.979046621267695,44.203757853942776,42.82939154565406,39.551515790736154,34.65329994686322,300015.SZ
2019-11-25,41.8,-0.5028376890280059,0,-0.004524886877828149,-0.04568181818181816,-0.06502337441563966,-0.014450261780104667,-8.333333333333337,0.3842459173871271,-0.9713338071547062,9.481403876375062,43.766710971407726,42.73135425559177,39.63969164207984,34.72441139017802,300015.SZ
2019-11-26,41.94,-0.13576140134520043,1,0.0033492822966507685,-0.004524886877828149,-0.04568181818181816,-0.06502337441563966,-12.167539267015714,-2.75910039415721,-0.0238379022646118,9.84808800419068,43.43458170387905,42.65598718363065,39.72989981297867,34.79620829176829,300015.SZ
2019-11-27,41.39,0.06157529102515946,2,-0.013113972341440072,0.0033492822966507685,-0.004524886877828149,-0.04568181818181816,-12.048448788780286,-9.272249013590528,1.42122028914482,3.242703916188572,43.06283957590104,42.535416975665825,39.795001781097156,34.86181815951189,300015.SZ
2019-11-28,41.82,-0.3846514383749413,3,0.010388982846098127,-0.013113972341440072,0.0033492822966507685,-0.004524886877828149,-4.954545454545456,-8.888888888888891,1.0144927536231974,5.712841253791701,42.83686874391903,42.467282025602415,39.87441347595609,34.931053799715755,300015.SZ
2019-11-29,39.92,1.080766853972953,4,-0.04543280726924914,0.010388982846098127,-0.013113972341440072,0.0033492822966507685,-4.929745177423195,-11.544427210281405,-3.5748792270531293,-4.81640438721983,42.306528972297386,42.22468373744981,39.87620118278134,34.98069505543998,300015.SZ
2019-12-02,39.98,-0.47903802853867083,0,0.0015030060120240218,-0.04543280726924914,0.010388982846098127,-0.013113972341440072,-4.354066985645932,-12.324561403508783,-3.9865513928914575,-5.283108268182901,41.883523704606944,42.01090433388316,39.880271724633054,35.03043938324655,300015.SZ
2019-12-03,40.34,-0.014119425147160136,1,0.009004502251125812,0.0015030060120240218,-0.04543280726924914,0.010388982846098127,-3.814973772055308,-15.518324607329836,-6.468815209830748,-3.837902264600712,41.60288303104204,41.85177058779905,39.898300284451366,35.083270832169475,300015.SZ
2019-12-04,40.3,-0.1693718650404099,2,-0.0009915716410512365,0.009004502251125812,0.0015030060120240218,-0.04543280726924914,-2.6334863493597593,-14.36464088397791,-11.66155195089873,-1.2496937025239019,41.365995207216216,41.70398291277057,39.91405321447288,35.13517858508321,300015.SZ
2019-12-05,40.69,0.327143504727367,3,0.00967741935483879,-0.0009915716410512365,0.009004502251125812,0.0015030060120240218,-2.7020564323290364,-7.5227272727272805,-11.350762527233115,-1.7149758454106268,41.24308698772236,41.60741311155433,39.944482500179824,35.190450439958006,300015.SZ
2019-12-06,41.3,-0.0486001829826167,4,0.014991398377979914,0.00967741935483879,-0.0009915716410512365,0.009004502251125812,3.4569138276552946,-1.6432483924744057,-8.486594283181926,-0.24154589371980784,41.25343480813647,41.57813567235868,39.99764004919238,35.25124197786887,300015.SZ
2019-12-09,39.99,0.29139259658165684,0,-0.031719128329297686,0.014991398377979914,0.00967741935483879,-0.0009915716410512365,0.02501250625313034,-4.330143540669851,-12.302631578947365,-3.9625360230547524,41.02371938847529,41.42688465594356,39.99734043942013,35.298393798984605,300015.SZ
2019-12-10,40.23,-0.3100866785150471,1,0.006001500375093727,-0.031719128329297686,0.014991398377979914,0.00967741935483879,-0.27268220128905396,-4.077253218884125,-15.748691099476442,-6.723858103408309,40.87940677238887,41.3128956410918,40.0064643437566,35.34746450745242,300015.SZ
2019-12-11,40.2,-0.36710992142302046,2,-0.0007457121551079915,0.006001500375093727,-0.031719128329297686,0.014991398377979914,-0.2481389578163684,-2.8750906015945876,-14.577135571610711,-11.880754055238917,40.75587826831816,41.20690558003544,40.014053977334775,35.39574844270165,300015.SZ
2019-12-12,39.93,-0.03344930304477334,3,-0.006716417910447858,-0.0007457121551079915,0.006001500375093727,-0.031719128329297686,-1.8677807815187908,-4.519368723098993,-9.250000000000004,-13.006535947712417,40.6057185831694,41.08529552479397,40.010757742929485,35.44086537362005,300015.SZ
2019-12-13,40.83,0.8961793629134711,4,0.022539444027047217,-0.006716417910447858,-0.0007457121551079915,0.006001500375093727,-1.1380145278450327,2.279559118236474,-2.7625625148845034,-9.52803013516509,40.64649702259314,41.06098166528979,40.04288489026558,35.49448860373329,300015.SZ
2019-12-16,40.15,0.35521532525217436,0,-0.016654420769042333,0.022539444027047217,-0.006716417910447858,-0.0007457121551079915,0.40010002500623365,0.42521260630314917,-3.9473684210526327,-11.951754385964918,40.556224836667106,40.97422150669076,40.04708548280419,35.54081210021356,300015.SZ
2019-12-17,40.35,-0.10785597231504451,1,0.00498132004981322,-0.016654420769042333,0.022539444027047217,-0.006716417910447858,0.2982848620432632,0.024789291026272586,-3.791130185979963,-15.49738219895288,40.51872941181854,40.91477183938688,40.05896448347854,35.58866471613183,300015.SZ
2019-12-18,39.53,-0.04264838683195149,2,-0.020322180916976462,0.00498132004981322,-0.016654420769042333,0.022539444027047217,-1.6666666666666718,-1.9106699751860967,-4.493839091568008,-16.00084997875053,40.33896042785153,40.78288880706432,40.03822077824409,35.62788198263798,300015.SZ
2019-12-19,39.44,-0.2904429104317625,3,-0.0022767518340501836,-0.020322180916976462,0.00498132004981322,-0.016654420769042333,-1.227147508139248,-3.0720078643401316,-5.691056910569115,-10.363636363636363,40.17551307733307,40.654994634962954,40.01476113988158,35.6658135051988,300015.SZ
2019-12-20,39.0,-0.007220980119644782,4,-0.011156186612576002,-0.0022767518340501836,-0.020322180916976462,0.00498132004981322,-4.481998530492282,-5.56900726392251,-2.3046092184368816,-7.120743034055732,39.96178342690888,40.49737609829982,39.97496658537642,35.6989894902217,300015.SZ
2019-12-23,39.14,-0.044143157125901555,0,0.0035897435897436214,-0.011156186612576002,-0.0022767518340501836,-0.020322180916976462,-2.515566625155663,-2.1255313828457134,-2.1010505252626266,-6.36363636363636,39.81236825837999,40.36810218417603,39.9422227977146,35.73322840076676,300015.SZ
2019-12-24,38.49,0.18703535667096483,1,-0.016607051609606516,0.0035897435897436214,-0.011156186612576002,-0.0022767518340501836,-4.609665427509291,-4.325130499627128,-4.586018839861183,-8.226037195994262,39.57193766594727,40.1892353094926,39.88527288407873,35.760658963943214,300015.SZ
2019-12-25,38.97,-0.2354558377812943,2,0.01247077162899446,-0.016607051609606516,0.0035897435897436214,-0.011156186612576002,-1.416645585631171,-3.0597014925373256,-3.3002481389578175,-5.8468229040831154,39.46249445395685,40.073117660969494,39.84937982980114,35.792592705595524,300015.SZ
2019-12-26,39.0,-0.02413653984458597,3,0.0007698229407235857,0.01247077162899446,-0.016607051609606516,0.0035897435897436214,-1.1156186612576002,-2.3290758827948954,-4.153354632587858,-6.743185078909608,39.378404553237424,39.9709159789724,39.816070816867764,35.82450720603736,300015.SZ
2019-12-27,38.56,0.11201984433699419,4,-0.011282051282051175,0.0007698229407235857,0.01247077162899446,-0.016607051609606516,-1.1282051282051175,-5.559637521430316,-6.6343825665859395,-3.4068136272545124,39.229603725376066,39.83654302859408,39.76681313777492,35.851726039808135,300015.SZ
2019-12-30,38.68,0.009666208680190858,0,0.003112033195020736,-0.011282051282051175,0.0007698229407235857,0.01247077162899446,-1.1752682677567683,-3.6612702366127015,-3.275818954738685,-3.2516258129064446,39.12967577530769,39.72639607348988,39.72419301472492,35.879868069262784,300015.SZ
2019-12-31,39.56,0.45418887981685163,1,0.022750775594622574,0.003112033195020736,-0.011282051282051175,0.0007698229407235857,2.779942842296701,-1.9578686493184616,-1.6654238130748067,-1.9335647000495837,39.20791654343356,39.71054882839561,39.717754072971005,35.91648629742932,300015.SZ
2020-01-02,39.5,-0.08887739037574449,3,-0.0015166835187058192,0.022750775594622574,0.003112033195020736,-0.011282051282051175,1.3600205286117495,-0.07589172780166908,-1.7412935323383172,-1.985111662531014,39.26102262644564,39.690496559024595,39.70921469756038,35.952143150191226,300015.SZ
2020-01-03,39.39,-0.056863218946350935,4,-0.002784810126582271,-0.0015166835187058192,0.022750775594622574,0.003112033195020736,1.0000000000000009,-0.12677484787017024,-1.3523666416228375,-3.194888178913735,39.28447305800098,39.66187783911749,39.69669647412664,35.9863506810351,300015.SZ
2020-01-06,38.54,0.34230148358828516,0,-0.021579080985021593,-0.002784810126582271,-0.0015166835187058192,0.022750775594622574,-0.051867219917023366,-1.179487179487182,-5.608621111927503,-6.682808716707022,39.14911432018261,39.55503233063011,39.65133582808245,36.01176012699495,300015.SZ
2020-01-07,39.19,-0.2171763448249533,1,0.016865594187856825,-0.021579080985021593,-0.002784810126582271,-0.0015166835187058192,1.3185108583247063,0.12774655084311082,-2.3910336239103436,-2.000500125031268,39.156548080149406,39.520267346760576,39.63324422698118,36.04338440433829,300015.SZ
2020-01-08,38.81,-0.15572191470165075,2,-0.009696351109976908,0.016865594187856825,-0.021579080985021593,-0.002784810126582271,-1.8958543983822018,0.8313847752662973,-3.8166047087980104,-3.5297042008451296,39.093539338304055,39.45262283754528,39.60096013964859,36.07091291772796,300015.SZ
2020-01-09,41.44,1.9997978222568809,3,0.06776603968049466,-0.009696351109976908,0.016865594187856825,-0.021579080985021593,4.911392405063286,6.338208878624574,4.83177333670628,3.0845771144278444,39.52016854952149,39.64189685301716,39.673079349858455,36.124336669790374,300015.SZ
2020-01-10,41.76,-0.4671198320848817,4,0.007722007722007707,0.06776603968049466,-0.009696351109976908,0.016865594187856825,6.016755521706019,7.0769230769230695,5.882352941176472,4.583020285499617,39.927410631426675,39.843620962253624,39.754919375354206,36.18041292183226,300015.SZ
2020-01-13,41.53,-0.11024283597730644,0,-0.00550766283524895,0.007722007722007707,0.06776603968049466,-0.009696351109976908,7.758173326414131,7.702282157676343,6.487179487179495,1.7144256674014313,40.21879051662182,40.00422848965804,39.82453038024227,36.23364264400308,300015.SZ
2020-01-14,41.22,-0.15592604250220832,1,-0.007464483505899455,-0.00550766283524895,0.007722007722007707,0.06776603968049466,5.179892829803534,6.5667011375387885,5.3142565150740895,2.6650062266500685,40.40082860450876,40.12001625254775,39.8792546790563,36.28325814008265,300015.SZ
2020-01-15,41.08,-0.22951450704903054,2,-0.003396409509946685,-0.007464483505899455,-0.00550766283524895,0.007722007722007707,5.849007987632038,3.842264914054594,6.729020524811635,1.8091697645600924,40.52431431277989,40.21144327611463,39.92634273085802,36.3309869148082,300015.SZ
2020-01-16,42.66,1.3760069943171174,3,0.038461538461538325,-0.003396409509946685,-0.007464483505899455,-0.00550766283524895,2.9440154440154354,7.999999999999985,9.468822170900681,7.918036933974193,40.912620801365364,40.4446391545799,40.03354497670672,36.39396216938722,300015.SZ
2020-01-17,42.99,-0.23728546271716566,4,0.007735583684950864,0.038461538461538325,-0.003396409509946685,-0.007464483505899455,2.9454022988505857,9.139375476009137,10.230769230769244,9.001014198782965,41.29032611020803,40.68705447319134,40.149484389384895,36.45959438660725,300015.SZ
2020-01-20,43.04,-0.25627175298942073,0,0.0011630611770179211,0.007735583684950864,0.038461538461538325,-0.003396409509946685,3.6359258367445246,11.676180591593145,11.618257261410768,10.358974358974349,41.60844863562475,40.91114452336359,40.26283794274235,36.525071059377325,300015.SZ
2020-01-21,42.75,-0.17066107565244582,1,-0.006737918215613314,0.0011630611770179211,0.007735583684950864,0.038461538461538325,3.7117903930131035,9.083949987241645,10.522233712512929,9.223300970873783,41.81600342914752,41.08627361637658,40.36037370969363,36.58701065082631,300015.SZ
2020-01-22,42.38,0.03673389574836583,2,-0.008654970760233804,-0.006737918215613314,0.0011630611770179211,0.007735583684950864,3.1645569620253333,9.198660139139392,7.128412537917095,10.106521174330997,41.9185482602116,41.20948565291214,40.43957474068604,36.644652335892715,300015.SZ
2020-01-23,40.0,1.3181365020343279,3,-0.056158565361019375,-0.008654970760233804,-0.006737918215613314,0.0011630611770179211,-6.235349273323953,-3.474903474903468,1.2658227848101333,2.6430587631511404,41.56972130380949,41.094296543110985,40.4223365155611,36.67803887981418,300015.SZ
2020-02-03,36.83,0.2266862715469644,0,-0.07925000000000004,-0.056158565361019375,-0.008654970760233804,-0.006737918215613314,-14.328913700860667,-11.805555555555557,-6.499111449606509,-5.564102564102569,40.70795379402594,40.6881730628147,40.28146057377439,36.67955093076131,300015.SZ
2020-02-04,39.28,-0.3415059387599433,1,0.0665218571816455,-0.07925000000000004,-0.056158565361019375,-0.008654970760233804,-8.736059479553903,-5.417770286539847,1.9200830306175476,1.8672199170124415,40.44832583147576,40.55406134254663,40.24218761009696,36.70542604587811,300015.SZ
2020-02-05,39.76,-0.08679823583161261,2,0.012219959266802416,0.0665218571816455,-0.07925000000000004,-0.056158565361019375,-6.994152046783631,-3.541969917515775,1.454452666496553,2.792140641158225,40.32317568029835,40.47843645278029,40.22327829205395,36.73581981656589,300015.SZ
2020-02-06,40.34,-0.25985424463265716,3,0.014587525150905556,0.012219959266802416,0.0665218571816455,-0.07925000000000004,-4.813591316658794,-1.8013631937682462,3.9422829167740314,1.9716885743174872,40.32623464751683,40.465252028705976,40.22785561393418,36.7716823059533,300015.SZ
2020-02-07,40.3,-0.16010772489701197,4,-0.0009915716410512365,0.014587525150905556,0.012219959266802416,0.0665218571816455,0.749999999999984,-5.532114392873888,-2.750965250965254,2.025316455696191,40.321464711604676,40.449513740257785,40.230684805544605,36.80678994470003,300015.SZ
2020-02-10,41.12,0.1611112519327773,0,0.02034739454094292,-0.0009915716410512365,0.014587525150905556,0.012219959266802416,11.648112951398314,-4.349848802046996,-1.532567049808431,4.391977659304391,40.46665294585837,40.51336957451895,40.26555991120952,36.84970745768809,300015.SZ
2020-02-11,41.9,-0.03751610015936424,1,0.018968871595330672,0.02034739454094292,-0.0009915716410512365,0.014587525150905556,6.670061099796332,-2.6486988847583604,0.8909222248976612,8.718214841722883,40.727261501156846,40.645429615040946,40.32965560096601,36.899959124775776,300015.SZ
2020-02-12,41.78,-0.20682264082470492,2,-0.0028639618138424083,0.018968871595330672,0.02034739454094292,-0.0009915716410512365,5.08048289738432,-2.2690058479532094,1.3585638039786518,6.6088287828527825,40.9186685009465,40.753483937418,40.38653185190852,36.948516745424776,300015.SZ
2020-02-13,41.32,0.061323991993136984,3,-0.011010052656773572,-0.0028639618138424083,0.018968871595330672,0.02034739454094292,2.429350520575113,-2.5011798017933073,0.584225900681612,6.467405307910323,40.99163786441078,40.8074378481401,40.423138445951324,36.992014091241444,300015.SZ
2020-02-14,41.11,-0.13496072963397054,4,-0.005082284607938026,-0.011010052656773572,-0.0028639618138424083,0.018968871595330672,2.009925558312653,2.774999999999994,-3.633380215658688,-0.7963320463320378,41.013158252699725,40.83625329117437,40.450074193168916,37.0329890754082,300015.SZ
2020-02-17,42.18,0.37702262852159296,0,0.026027730479202038,-0.005082284607938026,-0.011010052656773572,-0.0028639618138424083,2.577821011673165,14.526201466196031,-1.8841591067690233,1.0057471264367956,41.22531129766341,40.964229168205385,40.517914420887784,37.08420311445887,300015.SZ
2020-02-18,42.12,-0.1790092739199277,1,-0.0014224751066856944,0.026027730479202038,-0.005082284607938026,-0.011010052656773572,0.5250596658711082,7.230142566191433,-2.1375464684014855,1.4206597640259888,41.38798197081551,41.07430258075725,40.580741306343164,37.1343105461558,300015.SZ
2020-02-19,41.51,-0.23786367643817496,2,-0.014482431149097752,-0.0014224751066856944,0.026027730479202038,-0.005082284607938026,-0.6462422211584551,4.401408450704225,-2.900584795321637,0.7035419699175094,41.41016706703087,41.11579757306608,40.61718282374147,37.17784974470152,300015.SZ
2020-02-20,43.8,1.8836511522819706,3,0.055167429535051715,-0.014482431149097752,-0.0014224751066856944,0.026027730479202038,6.001936108422057,8.577094695091713,3.350637092968367,6.621226874391439,41.84468214575252,41.37143589944074,40.74199918359475,37.2437417870428,300015.SZ
2020-02-21,43.3,-0.4832579072070604,4,-0.011415525114155223,0.055167429535051715,-0.014482431149097752,-0.0014224751066856944,5.327171004621745,7.444168734491319,8.250000000000002,1.5002344116268107,42.109285391979334,41.55510867092258,40.842312941100836,37.30400306279362,300015.SZ
2020-02-24,42.7,0.20515526443474053,0,-0.01385681293302532,-0.011415525114155223,0.055167429535051715,-0.014482431149097752,1.23281175912755,3.8424124513618763,15.938093945153419,-0.6745754826703809,42.21668804798309,41.66414594035852,40.91516341399884,37.35769457460662,300015.SZ
2020-02-25,42.38,-0.23886545952311444,1,-0.007494145199063218,-0.01385681293302532,-0.011415525114155223,0.055167429535051715,0.6172839506172867,1.1455847255370077,7.892057026476573,-1.5334572490706244,42.246381130167975,41.73232251746724,40.97260798599889,37.40766776291899,300015.SZ
2020-02-26,40.79,0.38489308525409593,2,-0.037517697026899555,-0.007494145199063218,-0.01385681293302532,-0.011415525114155223,-1.7345218019754305,-2.3695548109143205,2.590543259557343,-4.584795321637425,41.98158456104652,41.64257751580369,40.965446888508744,37.441322810054125,300015.SZ
2020-02-27,41.67,-0.3129278982497351,3,0.02157391517528806,-0.037517697026899555,-0.007494145199063218,-0.01385681293302532,-4.863013698630125,0.8470474346563339,3.296975706494787,-1.6753185464841946,41.92493282267442,41.64518918096524,40.99307642229272,37.48339920000384,300015.SZ
2020-02-28,40.0,0.08323257591550282,4,-0.040076793856491544,0.02157391517528806,-0.037517697026899555,-0.007494145199063218,-7.621247113163965,-2.7000729749452668,-0.7444168734491274,0.0,41.57494503673362,41.488504497063786,40.95413224886948,37.5084400039839,300015.SZ
2020-03-02,42.0,0.24933285435697417,0,0.050000000000000044,-0.040076793856491544,0.02157391517528806,-0.037517697026899555,-1.6393442622950838,-0.4267425320056861,2.1400778210116878,14.037469454249262,41.65222775732751,41.537218354486285,40.99514667048244,37.553132143247744,300015.SZ
2020-03-03,42.42,-0.02751134753229678,1,0.010000000000000009,0.050000000000000044,-0.040076793856491544,0.02157391517528806,0.09438414346389923,0.7122507122507171,1.2410501193317547,7.99389002036659,41.791822710540686,41.621292796916165,41.05102327163999,37.60155868908608,300015.SZ
2020-03-04,43.6,0.296687399022165,2,0.027817067421027852,0.010000000000000009,0.050000000000000044,-0.040076793856491544,6.8889433684726775,5.034931341845339,4.356151268549535,9.657947686116719,42.1205822177151,41.80974110197177,41.15098314334038,37.66124467227926,300015.SZ
2020-03-05,44.71,0.18337065841443034,3,0.025458715596330173,0.027817067421027852,0.010000000000000009,0.050000000000000044,7.295416366690666,2.0776255707762648,8.20425943852856,10.832920178482897,42.591385450857814,42.085956235117315,41.290552431836836,37.7313815412118,300015.SZ
2020-03-06,44.9,-0.3765002202158114,4,0.0042496085886825075,0.025458715596330173,0.027817067421027852,0.010000000000000009,12.250000000000005,3.6951501154734556,9.21916808562393,11.414392059553347,43.01113355070184,42.353960403201384,41.432099395294216,37.80271107811517,300015.SZ
2020-03-09,43.99,-0.0001986711110129047,0,-0.020267260579064472,0.0042496085886825075,0.025458715596330173,0.027817067421027852,4.738095238095252,3.021077283372353,4.291133238501654,6.979571984435817,43.18910926875605,42.50977369813458,41.532409222929736,37.864276142014525,300015.SZ
2020-03-10,43.93,0.24482248520710037,1,-0.0013639463514435457,-0.020267260579064472,0.0042496085886825075,0.025458715596330173,3.559641678453551,3.657385559226034,4.297245963912633,4.844868735083541,43.32381667443676,42.64503334593129,41.62643239065798,37.92463160328801,300015.SZ
2020-03-11,43.16,-0.43720789989446696,2,-0.017527885272023758,-0.0013639463514435457,-0.020267260579064472,0.0042496085886825075,-1.0091743119266194,5.810247609708252,3.974945796193685,3.3030157970320717,43.29403182453916,42.69407778917593,41.68657229690669,37.976724821165746,300015.SZ
2020-03-12,41.58,0.6535982729550434,3,-0.03660797034291008,-0.017527885272023758,-0.0013639463514435457,-0.020267260579064472,-7.000670990829794,-0.2159827213823018,-5.068493150684928,0.6292352371732868,42.98238967462295,42.587975142587744,41.68239299114565,38.01257830553226,300015.SZ
2020-03-13,41.15,0.37512269032485523,4,-0.010341510341510318,-0.03660797034291008,-0.017527885272023758,-0.0013639463514435457,-8.35189309576837,2.8750000000000053,-4.965357967667439,0.09729992702505186,42.6492279156006,42.45102512900796,41.66151483463014,38.04379643184537,300015.SZ
2020-03-16,38.96,-0.27972890564364106,0,-0.053219927095990216,-0.010341510341510318,-0.03660797034291008,-0.017527885272023758,-11.434416912934765,-7.238095238095232,-8.758782201405158,-7.633949739212897,41.97845920367322,42.118546545292915,41.55557307640935,38.05291288525985,300015.SZ
2020-03-17,38.34,-0.020723893090111467,1,-0.01591375770020531,-0.053219927095990216,-0.010341510341510318,-0.03660797034291008,-12.724789437741856,-9.618104667609618,-9.5327984898537,-8.974358974358964,41.31692116664172,41.758684969550735,41.42947217145212,38.05576947346622,300015.SZ
2020-03-18,38.05,-0.0859467106814431,2,-0.007563901930099259,-0.01591375770020531,-0.053219927095990216,-0.010341510341510318,-11.839666357738643,-12.729357798165141,-6.717332679578336,-8.335340881715247,40.722935499979585,41.405476877212564,41.296943851003014,38.05571206577004,300015.SZ
2020-03-19,36.0,1.4241261447181737,3,-0.053876478318002574,-0.007563901930099259,-0.01591375770020531,-0.053219927095990216,-13.41991341991342,-19.48110042496086,-13.606911447084236,-17.808219178082187,39.86421995452875,40.890669555573275,41.08922056272839,38.035257219344466,300015.SZ
2020-03-20,36.11,-0.5126834005081342,4,0.003055555555555589,-0.053876478318002574,-0.007563901930099259,-0.01591375770020531,-12.24787363304981,-19.576837416481062,-9.725000000000005,-16.60508083140877,39.18163450825079,40.43536769313773,40.893957011248844,38.01610043109228,300015.SZ
2020-03-23,34.2,-0.05842318365861432,0,-0.052893935198006004,0.003055555555555589,-0.053876478318002574,-0.007563901930099259,-12.217659137576998,-22.25505796771994,-18.571428571428562,-19.906323185011708,38.27588277947792,39.84152315093414,40.63144889316066,37.9781292825242,300015.SZ
2020-03-24,37.26,0.4052220633141357,1,0.08947368421052615,-0.052893935198006004,0.003055555555555589,-0.053876478318002574,-2.8169014084507227,-15.18324607329843,-12.164073550212173,-12.081170363378957,38.09117681957284,39.595663803226124,40.49923521107593,37.970983717523964,300015.SZ
2020-03-25,38.67,-0.1897976866687755,2,0.03784219001610323,0.08947368421052615,-0.052893935198006004,0.003055555555555589,1.6294349540078912,-10.403151065801651,-11.307339449541287,-5.197352292228485,38.19641739783232,39.50750534577602,40.42750049691609,37.97793910341925,300015.SZ
2020-03-26,38.8,-0.5084282537473053,3,0.0033617791569691136,0.03784219001610323,0.08947368421052615,-0.052893935198006004,7.777777777777772,-6.685906685906684,-13.21851934690227,-6.8874490040796825,38.306159689135534,39.44012388427354,40.36367694801742,37.986118813832995,300015.SZ
2020-03-27,38.82,0.2098556530147111,4,0.0005154639175257714,0.0033617791569691136,0.03784219001610323,0.08947368421052615,7.504846302963175,-5.662211421628182,-13.54120267260579,-2.949999999999997,38.3995852002018,39.38106446672368,40.303140597114776,37.99441613906849,300015.SZ
2020-03-30,38.15,-0.1121592693021265,0,-0.017259144770736756,0.0005154639175257714,0.0033617791569691136,0.03784219001610323,11.549707602339176,-2.07905544147845,-13.2757444873835,-9.166666666666668,38.354206072892374,39.26382023179762,40.21870371095342,37.995964237187216,300015.SZ
2020-03-31,39.38,0.04830335471218916,1,0.03224115334207078,-0.017259144770736756,0.0005154639175257714,0.0033617791569691136,5.689747718733229,2.712571726656221,-10.357386751650344,-7.166430928807166,38.540714059639214,39.27488497162642,40.18581336934741,38.009735737314706,300015.SZ
2020-04-01,38.91,-0.14649779195289492,2,-0.011934992381919862,0.03224115334207078,-0.017259144770736756,0.0005154639175257714,0.6206361520558534,2.260183968462548,-9.847080630213156,-10.756880733944962,38.607856957886625,39.24013402194772,40.13578147251025,38.018693590674765,300015.SZ
2020-04-02,39.5,-0.32032625489562006,3,0.015163197121562666,-0.011934992381919862,0.03224115334207078,-0.017259144770736756,1.804123711340222,9.722222222222232,-5.002405002404997,-11.65287407738761,38.77006478372542,39.2648831627146,40.11084886574515,38.03343295793174,300015.SZ
2020-04-03,39.38,-0.06121801649397329,4,-0.0030379746835442756,0.015163197121562666,-0.011934992381919862,0.03224115334207078,1.4425553838227856,9.05566325117697,-4.301336573511538,-12.293986636971043,38.88096209577534,39.275846671027494,40.082188125912005,38.04683163496724,300015.SZ
2020-04-07,40.33,0.6154972406802566,1,0.024123920771965457,-0.0030379746835442756,0.015163197121562666,-0.011934992381919862,5.714285714285716,17.923976608187118,3.516427104722797,-8.320072743805419,39.14442353290709,39.37624222616773,40.091906238621334,38.06954972815165,300015.SZ
2020-04-08,40.26,-0.3286565811489124,2,-0.0017356806347632592,0.024123920771965457,-0.0030379746835442756,0.015163197121562666,2.2346368715083775,8.051529790660217,5.007824726134569,-8.354199863419076,39.34725561783307,39.460409633199376,40.09849815083226,38.09134525324467,300015.SZ
2020-04-09,41.88,1.271138918455827,3,0.04023845007451565,-0.0017356806347632592,0.024123920771965457,-0.0030379746835442756,7.6329992289899895,8.30100853374709,10.065703022339045,-2.96570898980536,39.80775459640888,39.69084681098991,40.168360968446684,38.12904331042632,300015.SZ
2020-04-10,42.89,0.398733453739055,4,0.024116523400190992,0.04023845007451565,-0.0017356806347632592,0.024123920771965457,8.58227848101265,10.541237113402069,19.138888888888882,3.150553150553148,40.36816285160726,39.99552806708611,40.27509191086054,38.17641601380516,300015.SZ
2020-04-13,42.58,-0.6068042888431238,0,-0.007227792026113344,0.024116523400190992,0.04023845007451565,-0.0017356806347632592,8.125952260030456,9.685729005667177,17.91747438382718,3.4750911300121423,40.770315060405935,40.24166825117315,40.36548046337582,38.2202327698867,300015.SZ
2020-04-14,43.74,0.4626608193211814,1,0.027242837012682042,-0.007227792026113344,0.024116523400190992,0.04023845007451565,8.455244235060766,14.652686762778512,27.89473684210526,12.26899383983573,41.310257776695764,40.57484270344238,40.49781456285128,38.275155826902754,300015.SZ
2020-04-15,43.31,-0.07528455515609678,2,-0.009830818472793768,0.027242837012682042,-0.007227792026113344,0.024116523400190992,7.575757575757591,9.979685119349924,16.237251744498128,12.962962962962955,41.673847271841986,40.8353338745431,40.60809634470025,38.32525377887387,300015.SZ
2020-04-16,43.06,-0.15411448328851318,3,-0.005772338951743228,-0.009830818472793768,0.027242837012682042,-0.007227792026113344,2.8175740210124145,10.665638653302501,11.352469614688388,13.166885676741135,41.92587504059799,41.04720683887233,40.70424942922181,38.37236568157165,300015.SZ
2020-04-17,43.09,0.10440358972495711,4,0.0006967022758941344,-0.005772338951743228,-0.009830818472793768,0.027242837012682042,0.46630916297505376,9.088607594936725,11.056701030927861,19.694444444444457,42.13753412412562,41.241758568503535,40.79780827513468,38.419307316580884,300015.SZ
2020-04-20,43.0,-0.15153060385241723,0,-0.0020886516593178195,0.0006967022758941344,-0.005772338951743228,-0.009830818472793768,0.9863785814936632,9.192483494159465,10.767645543534265,19.080587094987543,42.29434610155732,41.40921013340796,40.88416873493332,38.4648863482567,300015.SZ
2020-04-21,42.4,0.021015490199879805,1,-0.013953488372093092,-0.0020886516593178195,0.0006967022758941344,-0.005772338951743228,-3.063557384545046,5.1326555913711935,11.140235910878115,23.976608187134495,42.31355590127417,41.50357107308339,40.94361309826927,38.50404170797554,300015.SZ
2020-04-22,44.03,0.7086490078799963,2,0.03844339622641524,-0.013953488372093092,-0.0020886516593178195,0.0006967022758941344,1.662433618102055,9.364133134624941,11.808024377856775,18.16961889425659,42.62563664649705,41.74418335183736,41.064647878729296,38.559026367597674,300015.SZ
2020-04-27,44.3,-0.11536706666058305,0,0.007734303912647844,-0.0015898251192368873,0.0,0.03844339622641524,3.023255813953485,4.03945514325974,12.493651599796829,14.116434827408542,43.29949595439244,42.356731844320535,41.407961480008616,38.7227163818865,300015.SZ
2020-04-28,45.09,0.004732186605462152,1,0.017832957110609726,0.007734303912647844,-0.0015898251192368873,0.0,6.344339622641515,3.0864197530864335,11.802628316389807,18.1913499344692,43.6250421445029,42.61704309724239,41.55235514745926,38.78607243778813,300015.SZ
2020-04-29,45.68,-0.019609604599530428,2,0.01308494122865378,0.017832957110609726,0.007734303912647844,-0.0015898251192368873,3.7474449239154994,5.472177326252581,13.46249379036264,15.997968511934978,43.99867084550237,42.9087532784574,41.71422357304909,38.85466873193949,300015.SZ
2020-04-30,44.39,-0.010406712656918726,3,-0.028239929947460607,0.01308494122865378,0.017832957110609726,0.007734303912647844,0.8176243470361166,3.088713423130507,5.993314231136582,14.08378308918017,44.06982160086557,43.04982439479478,41.81915598194913,38.909746655004774,300015.SZ
2020-05-06,45.49,0.021786290642609618,2,0.02478035593602157,-0.028239929947460607,0.01308494122865378,0.017832957110609726,3.480436760691541,5.5697377581805485,6.062019118675677,15.164556962025323,44.32803585525365,43.282222071480994,41.963110649323674,38.97522181266642,300015.SZ
2020-05-07,46.58,-0.15782251278399906,3,0.023961310178061135,0.02478035593602157,-0.028239929947460607,0.01308494122865378,5.146726862302486,8.325581395348824,9.39408172851104,18.283392585068547,44.737483881571166,43.596296159911375,42.144165133663925,39.05089124736626,300015.SZ
2020-05-08,46.8,-0.07189411873213025,4,0.00472305710605414,0.023961310178061135,0.02478035593602157,-0.028239929947460607,3.792415169660668,10.377358490566024,6.995884773662531,16.0426481527399,45.11248681219459,43.901410811348384,42.32674689312809,39.127996807093965,300015.SZ
2020-05-11,45.6,0.15843781572453075,0,-0.02564102564102555,0.00472305710605414,0.023961310178061135,0.02478035593602157,-0.17513134851138146,3.56575062457416,5.287462479796812,13.263785394932937,45.20112557361375,44.06318121026759,42.455109760064246,39.19239484881442,300015.SZ
2020-05-12,46.32,-0.22944397580887277,1,0.015789473684210575,-0.02564102564102555,0.00472305710605414,0.023961310178061135,4.347826086956519,5.200999318646371,7.570831398049238,10.601719197707737,45.40455728750216,44.27811633309925,42.60667408319898,39.26331629310483,300015.SZ
2020-05-13,48.3,0.9987382874107058,2,0.042746113989637236,0.015789473684210575,-0.02564102564102555,0.00472305710605414,6.177181798197395,9.87261146496814,12.09097238338359,12.613662858475161,45.93100141704722,44.66115287280408,42.82994176621079,39.35323354391971,300015.SZ
2020-05-14,47.91,-0.3792261562169288,3,-0.008074534161490732,0.042746113989637236,0.015789473684210575,-0.02564102564102555,2.85530270502361,8.148984198645604,11.418604651162777,12.517613903240953,46.29081934122045,44.97056688491798,43.0291597361633,39.43837549870658,300015.SZ
2020-05-15,47.74,-0.16323967041019283,4,-0.0035483197662282695,-0.008074534161490732,0.042746113989637236,0.015789473684210575,2.0085470085470236,5.877134619649582,12.594339622641515,9.144947416552363,46.55430673372582,45.23432241968769,43.213898570039255,39.52097872757517,300015.SZ
2020-05-18,49.1,0.5123402734340097,0,0.028487641390867235,-0.0035483197662282695,-0.008074534161490732,0.042746113989637236,7.675438596491224,7.486865148861654,11.514876220758573,13.368737012237354,47.01716005486658,45.60248218924125,43.44472607709654,39.61629237207691,300015.SZ
2020-05-19,48.75,-0.27114377887808283,1,-0.007128309572301483,0.028487641390867235,-0.0035483197662282695,-0.008074534161490732,5.246113989637302,9.82203198918674,10.71996366114012,13.214119832791438,47.33222186307265,45.902245790265894,43.65277603485746,39.707175035041324,300015.SZ
2020-05-20,47.89,0.33909984111028235,2,-0.017641025641025654,-0.007128309572301483,0.028487641390867235,-0.0035483197662282695,-0.8488612836438869,5.275884809848308,8.939945404913562,11.139475516361097,47.433636069786715,46.09155571500247,43.81894168054932,39.78859617897126,300015.SZ
2020-05-21,48.88,-0.0971874129768866,3,0.020672374190854104,-0.017641025641025654,-0.007128309572301483,0.028487641390867235,2.024629513671483,4.937741519965666,10.338600451467283,13.674418604651173,47.696611329825494,46.35712183738319,44.017414555821894,39.87905790853373,300015.SZ
2020-05-22,47.87,-0.2189067403374192,4,-0.02066284779050742,0.020672374190854104,-0.017641025641025654,-0.007128309572301483,0.2723083368244561,2.286324786324778,6.165446884009751,12.900943396226406,47.728136542584494,46.50120547191813,44.16849633794652,39.958569770140365,300015.SZ
2020-05-25,48.71,-0.025840015109111714,0,0.017547524545644455,-0.02066284779050742,0.020672374190854104,-0.017641025641025654,-0.7942973523421548,6.8201754385964986,6.63309982486866,10.62911651146945,47.906657171205495,46.711566855544966,44.34659452077214,40.04564867790016,300015.SZ
2020-05-26,50.02,0.09557968204730516,1,0.026893861630055582,0.017547524545644455,-0.02066284779050742,0.020672374190854104,2.6051282051282154,7.987910189982728,12.683036719981988,13.6043606631842,48.290901321895404,47.02665572644544,44.56908101015363,40.144895954736974,300015.SZ
2020-05-27,49.29,-0.166680072714403,2,-0.014594162335066052,0.026893861630055582,0.017547524545644455,-0.02066284779050742,2.923366047191478,2.049689440993796,8.353484282259839,12.12465878070974,48.47255562700533,47.24221232392683,44.75421508818682,40.23589201488884,300015.SZ
2020-05-28,37.65,0.19424710424710434,3,-0.23615337796713332,-0.014594162335066052,0.026893861630055582,0.017547524545644455,-22.974631751227502,-21.415153412648714,-19.17131816230142,-15.011286681715575,46.50481824027708,46.32866829307666,44.47561841806185,40.21016174608398,300015.SZ
2020-05-29,39.16,0.8286670330736154,4,0.04010624169986721,-0.23615337796713332,-0.014594162335066052,0.026893861630055582,-18.195111761019433,-17.972350230414758,-16.324786324786324,-13.151474828121545,45.16939674204488,45.645937979450316,44.267162793824134,40.19971237547619,300015.SZ
2020-06-01,40.33,-0.2699845303867403,0,0.029877425944841773,0.04010624169986721,-0.23615337796713332,-0.014594162335066052,-17.2038595770889,-17.861507128309572,-11.55701754385966,-11.711908931698778,44.28950642530945,45.13965817188362,44.11276425288985,40.20100876975006,300015.SZ
2020-06-02,39.3,0.036605596793528816,1,-0.025539300768658624,0.029877425944841773,0.04010624169986721,-0.23615337796713332,-21.431427429028403,-19.38461538461539,-15.155440414507781,-11.466546519486375,43.38232343888955,44.58350025075184,43.92402839983535,40.19204350835951,300015.SZ
2020-06-03,39.15,-0.1078896339041655,2,-0.003816793893129722,-0.025539300768658624,0.029877425944841773,0.04010624169986721,-20.572124163116257,-18.250156608895384,-18.944099378881983,-13.937129039349315,42.61281008636417,44.06602403639452,43.736811599841815,40.18167491623653,300015.SZ
2020-06-04,40.02,0.06090087730784344,3,0.022222222222222365,-0.003816793893129722,-0.025539300768658624,0.029877425944841773,6.294820717131477,-18.126022913256957,-16.46837820914213,-14.083297552597674,42.141390070661586,43.68068841388076,43.591054282200965,40.180066210602334,300015.SZ
2020-06-05,40.5,-0.026548672566371723,4,0.011994002998500619,0.022222222222222365,-0.003816793893129722,-0.025539300768658624,3.4218590398365833,-15.395863797785669,-15.165479681608717,-13.461538461538458,41.84295551235948,43.377765707796875,43.46983646721269,40.18324963139236,300015.SZ
2020-06-08,39.98,-0.012362114872575103,0,-0.012839506172839577,0.011994002998500619,0.022222222222222365,-0.003816793893129722,-0.8678403173816074,-17.922397864914807,-18.574338085539722,-12.324561403508783,41.50423632829411,43.054168973720984,43.33298013516514,40.18122724700039,300015.SZ
2020-06-09,40.59,-0.31856986969638623,1,0.015257628814407287,-0.012839506172839577,0.011994002998500619,0.022222222222222365,3.2824427480916185,-18.852459016393443,-16.738461538461536,-12.370466321243512,41.33801154133155,42.819486214318985,43.22541228672729,40.185294637577506,300015.SZ
2020-06-10,41.8,0.8243029389600605,2,0.02981029810298086,0.015257628814407287,-0.012839506172839577,0.011994002998500619,6.76883780332056,-15.195780077094746,-12.716642305282944,-13.457556935817806,41.42200944290763,42.72239228914575,43.16951376567916,40.20136135760161,300015.SZ
2020-06-11,41.42,-0.28703761075655254,3,-0.009090909090908927,0.02981029810298086,0.015257628814407287,-0.012839506172839577,3.498250874562725,10.0132802124834,-15.261865793780693,-13.546232519307022,41.42164408965169,42.59835492827473,43.10090538271135,40.21348711523742,300015.SZ
2020-06-12,41.96,0.3767146105824244,4,0.013037180106228785,-0.009090909090908927,0.02981029810298086,0.015257628814407287,3.6049382716049294,7.150153217568955,-12.345936912471267,-12.107247591118565,41.519526982442294,42.53755922081999,43.05616399515405,40.23086535289676,300015.SZ
2020-06-15,41.88,-0.166012604290509,0,-0.0019065776930409228,0.013037180106228785,-0.009090909090908927,0.02981029810298086,4.752376188094054,3.843292834118528,-14.021761445288439,-14.704684317718941,41.58506753108915,42.47493453312285,43.01003991691272,40.24727465286794,300015.SZ
2020-06-16,43.2,0.011492657819044183,1,0.03151862464183375,-0.0019065776930409228,0.013037180106228785,-0.009090909090908927,6.430155210643007,9.92366412213741,-13.634546181527385,-11.384615384615381,41.87869161634566,42.54398838711115,43.01748933193575,40.2766550045807,300015.SZ
2020-06-17,43.64,0.30802329787101357,2,0.010185185185185075,0.03151862464183375,-0.0019065776930409228,0.013037180106228785,4.401913875598096,11.468710089399758,-11.462771353215661,-8.874504071831279,42.198929504282816,42.64837044548151,43.04190151499709,40.3101211239381,300015.SZ
2020-06-18,44.22,-0.18336893092795292,3,0.013290559120073375,0.010185185185185075,0.03151862464183375,-0.0019065776930409228,6.760019314340893,10.494752623688154,17.450199203187246,-9.533551554828158,42.56639686714048,42.798049450673744,43.088101455585445,40.34902539136161,300015.SZ
2020-06-19,46.3,0.6503823924338841,4,0.047037539574853016,0.013290559120073375,0.010185185185185075,0.03151862464183375,10.343183984747363,14.320987654320971,18.23289070480083,-3.2797158972216467,43.245233800387666,43.13156855060958,43.21405826124876,40.408239069059505,300015.SZ
2020-06-22,45.76,0.1644534372855455,0,-0.011663066954643586,0.047037539574853016,0.013290559120073375,0.010185185185185075,9.264565425023875,14.45722861430716,13.463922638234571,-6.056251283104086,43.702464018499,43.38189535531343,43.31389911374881,40.46149042160618,300015.SZ
2020-06-23,46.08,-0.23739914455137556,1,0.006993006993007089,-0.011663066954643586,0.047037539574853016,0.013290559120073375,6.666666666666665,13.525498891352527,17.25190839694657,-7.876849260295893,44.13474328786282,43.638857702426435,43.42237365830768,40.5173959895504,300015.SZ
2020-06-24,44.05,1.1629646743893303,2,-0.04405381944444442,0.006993006993007089,-0.011663066954643586,0.047037539574853016,0.9395050412465578,5.382775119617222,12.515964240102173,-10.630959626699132,44.1193354173423,43.67801411171916,43.4469864560211,40.552546278211594,300015.SZ
2020-06-29,43.1,-0.19195848112828773,0,-0.02156640181611791,-0.04405381944444442,0.006993006993007089,-0.011663066954643586,-2.5327905924920846,4.056011588604536,7.696151924037986,14.475431606905719,43.93400170509824,43.622965148698285,43.43337914402027,40.57789407643835,300015.SZ
2020-06-30,43.45,-0.3474764787396981,1,0.008120649651972123,-0.02156640181611791,-0.04405381944444442,0.006993006993007089,-6.155507559395234,3.551000953288841,7.283950617283952,10.955056179775301,43.84600139508037,43.606492277393684,43.43403094229399,40.606472244832,300015.SZ
2020-07-01,43.46,-0.2946950009780088,2,0.00023014959723810513,0.008120649651972123,-0.02156640181611791,-0.04405381944444442,-5.0262237762237705,3.772683858643733,8.704352176088047,7.7609719811554845,43.775819323247575,43.59254063192762,43.43504933671383,40.634865555828696,300015.SZ
2020-07-02,42.3,0.6913324683299822,3,-0.02669121030832955,0.00023014959723810513,0.008120649651972123,-0.02156640181611791,-8.203125,-2.083333333333348,4.212860310421274,7.6335877862595325,43.507488537202555,43.46944152412499,43.39053759801917,40.65143405776075,300015.SZ
2020-07-03,43.25,0.08596174792986733,4,0.022458628841607542,-0.02669121030832955,0.00023014959723810513,0.008120649651972123,-1.8161180476730876,-0.893675527039417,3.4688995215311103,10.47254150702428,43.46067243952936,43.448542331351184,43.38502631966548,40.677290435295475,300015.SZ
2020-07-06,43.5,0.0667651705933423,0,0.005780346820809301,0.022458628841607542,-0.02669121030832955,0.00023014959723810513,0.9280742459396807,-1.6282225237449044,5.021728633510381,8.695652173913038,43.467822905069475,43.45344306169869,43.3895350914433,40.705377097630844,300015.SZ
2020-07-07,44.38,0.1687830473860339,1,0.020229885057471364,0.005780346820809301,0.022458628841607542,-0.02669121030832955,2.1403912543153103,-4.1468682505399475,5.767397521449014,9.58024691358026,43.63367328596593,43.54168657963215,43.428376852563176,40.74194050959472,300015.SZ
2020-07-08,44.72,-0.26825713309487875,2,0.0076611086074807044,0.020229885057471364,0.005780346820809301,0.022458628841607542,2.899217671421983,-2.2727272727272707,6.78127984718242,11.855927963982005,43.83118723397212,43.65390690538147,43.47902874069795,40.781523191091296,300015.SZ
2020-07-09,46.35,0.09465857305821368,3,0.03644901610017892,0.0076611086074807044,0.020229885057471364,0.005780346820809301,9.574468085106403,0.5859375,7.291666666666652,14.190687361419062,44.28915319143174,43.910677676297524,43.591615848905874,40.83693092053317,300015.SZ
2020-07-10,45.93,-0.1662077083400827,4,-0.009061488673139162,0.03644901610017892,0.0076611086074807044,0.020229885057471364,6.196531791907511,4.267877412031784,5.247479376718611,9.880382775119623,44.58748897480778,44.10299408807871,43.68331718816447,40.88760822480648,300015.SZ
2020-07-13,46.83,0.18220437767128606,0,0.019595035924232507,-0.009061488673139162,0.03644901610017892,0.0076611086074807044,7.655172413793099,8.65429234338746,5.902306648575295,13.061323032351503,44.99521825211546,44.36270893683312,43.80671651411881,40.94673650117656,300015.SZ
2020-07-14,45.92,-0.17257718179627068,1,-0.01943198804185342,0.019595035924232507,-0.009061488673139162,0.03644901610017892,3.4700315457413256,5.684695051783661,-0.8207343412526935,9.4375595805529,45.16336038809447,44.511022371420445,43.88959037631024,40.996221710120075,300015.SZ
2020-07-15,47.71,0.4489079847203925,2,0.038980836236933714,-0.01943198804185342,0.019595035924232507,-0.009061488673139162,6.686046511627919,9.779107225034522,4.2613636363636465,13.920725883476592,45.626385772077285,44.81568690747564,44.03941036155298,41.06302547419848,300015.SZ
2020-07-16,44.2,-0.03300298365614396,3,-0.07356948228882831,0.038980836236933714,-0.01943198804185342,0.019595035924232507,-4.638619201725991,4.491725768321531,-4.079861111111105,2.314814814814814,45.36704290442687,44.757050059144625,44.04570799443326,41.09423915107213,300015.SZ
2020-07-17,44.19,-0.31568353210228883,4,-0.00022624434389151293,-0.07356948228882831,0.038980836236933714,-0.01943198804185342,-3.788373612018292,2.1734104046242653,0.3178206583428045,1.2603116406965986,45.153035103621974,44.70304529160704,44.05136650445549,41.12504274160872,300015.SZ
2020-07-20,43.95,-0.168968279176391,0,-0.005431093007467691,-0.00022624434389151293,-0.07356948228882831,0.038980836236933714,-6.149903907751431,1.0344827586207028,1.9721577726218076,-0.6105834464043336,44.934301448417976,44.63132669240637,44.04739134741802,41.153151769055405,300015.SZ
2020-07-21,45.3,0.13226704333014827,1,0.030716723549487845,-0.005431093007467691,-0.00022624434389151293,-0.07356948228882831,-1.3501742160278885,2.073005858494814,4.257767548906766,-2.1598272138228958,45.00079209416016,44.695009864558145,44.09651325536241,41.194413940507594,300015.SZ
2020-07-22,45.8,-0.16322262500550366,2,0.011037527593819041,0.030716723549487845,-0.005431093007467691,-0.00022624434389151293,-4.003353594634252,2.415026833631484,5.3842613897836955,0.08741258741258306,45.14610262249467,44.80024702031451,44.16331665711291,41.240240667467724,300015.SZ
2020-07-23,46.08,0.04265506748164971,3,0.006113537117903967,0.011037527593819041,0.030716723549487845,-0.005431093007467691,4.253393665158356,-0.5825242718446644,8.936170212765958,0.0,45.315902145677455,44.922128256475034,44.238480709775146,41.28839747674665,300015.SZ
2020-07-24,44.0,0.14764287816981359,4,-0.04513888888888884,0.006113537117903967,0.011037527593819041,0.030716723549487845,-0.4299615297578607,-4.202046592640974,1.7341040462427681,-0.11350737797956034,45.076647210099736,44.834306517763125,44.22912852507808,41.31537859638102,300015.SZ
2020-07-27,46.0,0.15344194534221578,0,0.045454545454545414,-0.04513888888888884,0.006113537117903967,0.011037527593819041,4.664391353811137,-1.7723681400811375,5.747126436781613,6.728538283062635,45.244529535536145,44.94532494464283,44.2985744652711,41.361991744675734,300015.SZ
2020-07-28,45.73,-0.421746533999212,1,-0.005869565217391348,0.045454545454545414,-0.04513888888888884,0.006113537117903967,0.9492273730684397,-0.4137630662020997,3.041910770617373,5.247410817031062,45.332796892711386,45.02005590229589,44.35470879996636,41.40545451338543,300015.SZ
2020-07-29,46.14,0.11512048258963392,2,0.008965668051607256,-0.005869565217391348,0.045454545454545414,-0.04513888888888884,0.742358078602634,-3.290714734856426,3.1753130590340017,6.166589967786473,45.47956109403659,45.126717244934376,44.424720219575526,41.452564418724876,300015.SZ
2020-07-30,45.32,0.05361330626884486,3,-0.017771998266146505,0.008965668051607256,-0.005869565217391348,0.045454545454545414,-1.649305555555547,2.5339366515837014,-2.2222222222222254,7.1394799054373514,45.450549986029934,45.1451251263692,44.459829230572566,41.49104636480721,300015.SZ
2020-07-31,45.3,0.07642597285998853,4,-0.00044130626654903526,-0.017771998266146505,0.008965668051607256,-0.005869565217391348,2.954545454545454,2.511880515953835,-1.3716525146962866,4.739884393063587,45.42317726129721,45.15987511433404,44.49277710388345,41.528946400978285,300015.SZ
2020-08-03,46.84,0.45101173772143976,0,0.0339955849889626,-0.00044130626654903526,-0.017771998266146505,0.008965668051607256,1.8260869565217552,6.575654152445964,0.021353833013026957,7.678160919540233,45.68078139560681,45.31988700820699,44.5848250605939,41.58179270544616,300015.SZ
2020-08-04,47.7,-0.09303035746362487,1,0.0183603757472246,0.0339955849889626,-0.00044130626654903526,-0.017771998266146505,4.307894161382042,5.298013245033117,3.876306620209058,7.480847228481302,46.04791205095102,45.5465644359968,44.706988783707864,41.64267038996909,300015.SZ
2020-08-05,47.45,-0.3670819221907534,2,-0.00524109014675056,0.0183603757472246,0.0339955849889626,-0.00044130626654903526,2.8391850888599857,3.60262008733625,-0.544959128065392,6.1046511627907085,46.30283713259628,45.727844013520915,44.81455785101344,41.700454764198255,300015.SZ
2020-08-06,46.92,-0.04353812454365291,3,-0.011169652265542673,-0.00524109014675056,0.0183603757472246,0.0339955849889626,3.5304501323918824,1.822916666666674,6.153846153846154,1.229773462783168,46.41504856303332,45.841382678899876,44.897124209797234,41.752390537688825,300015.SZ
2020-08-07,45.87,0.2383855348106787,4,-0.022378516624041,-0.011169652265542673,-0.00524109014675056,0.0183603757472246,1.2582781456953684,4.249999999999998,3.801765105227428,-0.1306335728282204,46.31594882429998,45.84410813805227,44.93527620156989,41.79336177611979,300015.SZ
2020-08-10,46.35,-0.3595438333847034,0,0.01046435578809679,-0.022378516624041,-0.011169652265542673,-0.00524109014675056,-1.046114432109313,0.7608695652173925,5.460750853242313,-1.0249839846252384,46.322139947154525,45.892288315380625,44.99075556621421,41.83870145993949,300015.SZ
2020-08-11,46.15,0.6394048977683666,1,-0.004314994606256839,0.01046435578809679,-0.022378516624041,-0.011169652265542673,-3.2494758909853316,0.9184342882134322,1.8763796909492259,0.5008710801393645,46.29084177494461,45.91683228534437,45.03621613224503,41.88159995287542,300015.SZ
2020-08-12,45.9,-0.1268483338785027,2,-0.005417118093174467,-0.004314994606256839,0.01046435578809679,-0.022378516624041,-3.2665964172813533,-0.5201560468140465,0.21834061135370675,-3.793753929993715,46.21977963404559,45.91522921054967,45.07009000941189,41.92158403294631,300015.SZ
2020-08-13,44.4,-0.13548820901973968,3,-0.0326797385620915,-0.005417118093174467,-0.004314994606256839,0.01046435578809679,-5.370843989769824,-2.03000882612534,-3.645833333333337,0.4524886877828038,45.88891060967366,45.7709216666878,45.04381196982711,41.94624488833988,300015.SZ
2020-08-14,44.95,0.16283333333333339,4,0.012387387387387427,-0.0326797385620915,-0.005417118093174467,-0.004314994606256839,-2.005668192718546,-0.7726269315673218,2.1590909090909216,1.7198461190314651,45.71819958973299,45.692738650812764,45.04013306904958,41.976132998903665,300015.SZ
2020-08-17,45.56,-0.2562706034112082,0,0.013570634037819884,0.012387387387387427,-0.0326797385620915,-0.005417118093174467,-1.7044228694714114,-2.7327070879590076,-0.9565217391304337,3.663253697383384,45.68943602796335,45.68009687454488,45.06052000751823,42.01179336707378,300015.SZ
2020-08-18,45.43,-0.3362369114151732,1,-0.0028533801580333806,0.013570634037819884,0.012387387387387427,-0.0326797385620915,-1.5601300108342375,-4.758909853249483,-0.6560244915810087,0.2869757174392973,45.64226584106092,45.656278124588226,45.0750094189881,42.04580537337155,300015.SZ
2020-08-19,44.5,0.13214230411892225,2,-0.020471054369359476,-0.0028533801580333806,0.013570634037819884,0.012387387387387427,-3.05010893246187,-6.217070600632246,-3.554399653229301,-2.8384279475982432,45.434581142686206,45.54615639843697,45.05246003000818,42.070225220402676,300015.SZ
2020-08-20,44.17,-0.08895385614880913,3,-0.007415730337078652,-0.020471054369359476,-0.0028533801580333806,0.013570634037819884,-0.5180180180180072,-5.861040068201195,-2.5375110326566586,-4.144965277777768,45.204657298561436,45.41509388430012,45.017853754321585,42.091118501791705,300015.SZ
2020-08-21,45.3,0.24756042636240805,4,0.025582974869821085,-0.007415730337078652,-0.020471054369359476,-0.0028533801580333806,0.7786429365961967,-1.2426422498364897,0.0,2.954545454545454,45.22199233518663,45.404132561985826,45.02891831297564,42.12304767092811,300015.SZ
2020-08-24,46.2,0.33817689530685935,0,0.019867549668874274,0.025582974869821085,-0.007415730337078652,-0.020471054369359476,1.4047410008779737,-0.3236245954692518,-1.3663535439795038,0.43478260869564966,45.399811910607234,45.47992946084432,45.074843085015814,42.16361436076962,300015.SZ
2020-08-25,46.35,-0.2527258829612644,1,0.0032467532467532756,0.019867549668874274,0.025582974869821085,-0.007415730337078652,2.0250935505172762,0.43336944745395733,-2.8301886792452824,1.3557839492674528,45.57257338140592,45.562793321716285,45.12484923854461,42.20526993926943,300015.SZ
2020-08-26,49.98,3.933211991756796,2,0.07831715210355972,0.0032467532467532756,0.019867549668874274,0.025582974869821085,12.31460674157303,8.888888888888879,5.331928345626968,8.3224967490247,46.37392367569575,45.98347967202902,45.3152473076213,42.28263043738615,300015.SZ
2020-08-27,50.51,-0.5839215746062723,3,0.010604241696678729,0.07831715210355972,0.0032467532467532756,0.019867549668874274,14.353633688023537,13.761261261261271,7.651321398124455,11.45189761694616,47.125937552841975,46.41457684612149,45.51896309947929,42.36449481114351,300015.SZ
2020-08-28,51.23,-0.037257704004983294,4,0.014254603048901249,0.010604241696678729,0.07831715210355972,0.0032467532467532756,13.090507726269319,13.971078976640694,11.685197296708093,13.090507726269319,47.87213072505252,46.8731885750623,45.74292533087226,42.452708793122184,300015.SZ
2020-08-31,51.97,0.17082156640354396,0,0.014444661331251218,0.014254603048901249,0.010604241696678729,0.07831715210355972,12.489177489177482,14.069359086918332,12.125134843581442,10.9521776259607,48.617197865952065,47.35859918696113,45.987124337504724,42.547408208115996,300015.SZ
2020-09-01,53.73,-0.008276337346890927,1,0.03386569174523757,0.014444661331251218,0.014254603048901249,0.010604241696678729,15.922330097087368,18.26986572749285,16.42470205850488,12.64150943396225,49.54679825396077,47.965399264393405,46.29076652034768,42.6586777781845,300015.SZ
2020-09-02,53.43,-0.20232202912042174,2,-0.005583472920156263,0.03386569174523757,0.014444661331251218,0.014254603048901249,6.90276110444179,20.06741573033708,16.405228758169944,12.60273972602739,50.252834935058814,48.48583742968927,46.5707364607262,42.76585511372495,300015.SZ
2020-09-03,53.65,0.4707545386556209,3,0.004117536964252322,-0.005583472920156263,0.03386569174523757,0.014444661331251218,6.216590774104147,21.46253112972605,20.833333333333325,14.343563512361456,50.87050131050266,48.97766243638553,46.848354638736936,42.87415506284212,300015.SZ
2020-09-04,52.5,-0.04213861430399468,4,-0.02143522833178002,0.004117536964252322,-0.005583472920156263,0.03386569174523757,2.4790162014444617,15.894039735099351,16.796440489432698,14.453891432308708,51.166773799502174,49.313123156729766,47.06998779015902,42.96993461445563,300015.SZ
2020-09-07,51.03,-0.1744527932048351,0,-0.028000000000000025,-0.02143522833178002,0.004117536964252322,-0.005583472920156263,-1.808735809120643,10.45454545454545,12.006145741878838,10.097087378640769,51.14190583595632,49.476635237041215,47.22528238662337,43.05013427003319,300015.SZ
2020-09-08,50.62,-0.3609799875628922,1,-0.008034489515971077,-0.028000000000000025,-0.02143522833178002,0.004117536964252322,-5.788200260562071,9.212513484358142,11.424169051287691,9.685807150595881,51.04701386578244,49.58552711922776,47.3584085675401,43.125456317097544,300015.SZ
2020-09-09,49.02,0.3641862676796159,2,-0.031608060055314025,-0.008034489515971077,-0.028000000000000025,-0.02143522833178002,-8.253790005614814,-1.9207683073229176,10.15730337078653,6.797385620915053,50.67846589018563,49.53166739358703,47.42356901587186,43.18410849304682,300015.SZ
2020-09-10,49.02,-0.2410061445177607,3,0.0,-0.031608060055314025,-0.008034489515971077,-0.028000000000000025,-8.630009319664488,-2.949910908730935,10.980303373330313,10.405405405405421,50.3769266374246,49.48293716562635,47.48617415250434,43.24217706525531,300015.SZ
2020-09-11,49.85,-0.04607448387820268,4,0.016931864545083553,0.0,-0.031608060055314025,-0.008034489515971077,-5.047619047619046,-2.6937341401522485,10.044150110375295,10.901001112347043,50.28112179425649,49.51789553080479,47.57887320534731,43.30792654719308,300015.SZ
2020-09-14,49.66,0.07682747965113035,0,-0.003811434302908867,0.016931864545083553,0.0,-0.031608060055314025,-2.684695277287874,-4.4448720415624425,7.489177489177479,8.999122036874429,50.16819055893713,49.531429289775765,47.66048602082388,43.37113125816628,300015.SZ
2020-09-15,49.78,-0.08805456492581532,1,0.002416431735803526,-0.003811434302908867,0.016931864545083553,0.0,-1.6594231529039827,-7.351572678205831,7.40021574973031,9.575170592119742,50.097610457312186,49.5551026907495,47.74360421608569,43.43490109639348,300015.SZ
2020-09-16,48.67,-0.04588986432561848,2,-0.022298111691442357,0.002416431735803526,-0.003811434302908867,0.016931864545083553,-0.713994288045694,-8.908852704473135,-2.621048419367733,9.370786516853947,49.83804491961906,49.47080719639241,47.7799334625137,43.48699163274778,300015.SZ
2020-09-17,47.6,0.004911274421939504,3,-0.021984795561947768,-0.022298111691442357,0.002416431735803526,-0.003811434302908867,-2.8967768257853965,-11.276794035414717,-5.761235398930897,7.765451664025358,49.4311276615065,49.292635082450275,47.77287724829748,43.52791708913835,300015.SZ
2020-09-18,47.7,-0.08109779299847797,4,0.0021008403361344463,-0.021984795561947768,-0.022298111691442357,0.002416431735803526,-4.312938816449341,-9.142857142857142,-6.890493851259016,5.298013245033117,49.11637717759623,49.14095555078835,47.7700193169917,43.569430351933,300015.SZ
2020-09-21,47.16,0.011543040530048065,0,-0.01132075471698124,0.0021008403361344463,-0.021984795561947768,-0.022298111691442357,-5.034232782923887,-7.583774250440922,-9.255339619010972,2.0779220779220564,48.760672236215086,48.95229311737993,47.74609699083516,43.605157413107804,300015.SZ
2020-09-22,46.84,-0.05819516937877378,1,-0.006785411365563876,-0.01132075471698124,0.0021008403361344463,-0.021984795561947768,-5.905986339895531,-7.46740418806795,-12.823376139959041,1.0571736785329078,48.411459102357796,48.751122344296135,47.71056377550829,43.6373449015346,300015.SZ
2020-09-23,48.53,1.191513060487102,2,0.03608027327070884,-0.006785411365563876,-0.01132075471698124,0.0021008403361344463,-0.28765153071707017,-0.9995920032639827,-9.170877784016461,-2.9011604641856703,48.43301199283819,48.73006307341079,47.74269852940993,43.686028036842714,300015.SZ
2020-09-24,47.3,-0.491902043548597,3,-0.02534514733154758,0.03608027327070884,-0.006785411365563876,-0.01132075471698124,-0.630252100840345,-3.5087719298245723,-11.835973904939422,-6.35517719263512,48.22700981232215,48.593866590228814,47.7253378027664,43.72198795687413,300015.SZ
2020-09-25,48.07,-0.0581640744129307,4,0.016279069767441978,-0.02534514733154758,0.03608027327070884,-0.006785411365563876,0.7756813417190811,-3.5707121364092265,-8.438095238095233,-6.1682607846964554,48.198462573718125,48.54397453401654,47.738853967363795,43.76525175829827,300015.SZ
2020-09-28,48.64,0.25008095120908713,0,0.011857707509881354,0.016279069767441978,-0.02534514733154758,0.03608027327070884,3.1382527565733787,-2.0539669754329415,-4.683519498334309,-6.407542813161438,48.278742105769375,48.55311981649116,47.77419302746718,43.81375671592715,300015.SZ
2020-09-29,49.53,-0.1466404185877842,1,0.018297697368421018,0.011857707509881354,0.016279069767441978,-0.02534514733154758,5.7429547395388525,-0.5022097227802336,-2.153299091268268,-7.816862088218867,48.50624354108403,48.64615602444438,47.84304820286062,43.87063475855474,300015.SZ
2020-09-30,51.42,0.6075981642019377,2,0.038158691701998704,0.018297697368421018,0.011857707509881354,0.016279069767441978,5.955079332371738,5.650297924799674,4.89596083231334,-3.761931499157778,49.036017442705116,48.910331641163964,47.98332082235628,43.945752820658676,300015.SZ
2020-10-09,53.19,-0.1499867829764736,4,0.03442240373395555,0.038158691701998704,0.018297697368421018,0.011857707509881354,12.452431289640597,11.7436974789916,8.50673194614442,-0.857409133271203,49.79128699857691,49.317919103910256,48.18750431951879,44.0377353796571,300015.SZ
2020-10-12,57.2,0.4231691930410677,0,0.07539011092310588,0.03442240373395555,0.038158691701998704,0.018297697368421018,18.99313501144164,19.916142557651995,14.744232698094283,8.952380952380956,51.13832572610838,50.06859347496643,48.540935522674914,44.16870318682469,300015.SZ
2020-10-13,58.05,-0.2766525984566591,1,0.014860139860139787,0.07539011092310588,0.03442240373395555,0.038158691701998704,19.346217105263143,23.091603053435115,16.89488521949256,13.756613756613746,52.39499377590685,50.82872742973153,48.913840011981776,44.3068255431747,300015.SZ
2020-10-14,57.76,-0.11611427585016398,2,-0.00499569336778638,0.014860139860139787,0.07539011092310588,0.03442240373395555,16.616192206743374,23.313407344150285,16.030534351145032,14.105096799683924,53.370449453014686,51.48884862689995,49.260748246806024,44.44068797558093,300015.SZ
2020-10-15,57.26,-0.08888064292480002,3,-0.00865650969529086,-0.00499569336778638,0.014860139860139787,0.07539011092310588,11.357448463632824,17.98887286214712,17.64947606328333,16.8094655242758,54.077640461557465,52.03848209100472,49.5744443939901,44.56824331910749,300015.SZ
2020-10-16,57.08,-0.17126627726274046,4,-0.0031435557107928336,-0.00865650969529086,-0.00499569336778638,0.014860139860139787,7.3134047753337095,20.676532769556033,19.91596638655462,16.442268461852304,54.62352401400156,52.51862665376617,49.86877990795128,44.692738410459654,300015.SZ
2020-10-19,56.21,0.0803750404138377,0,-0.015241765942536789,-0.0031435557107928336,-0.00865650969529086,-0.00499569336778638,-1.7307692307692357,16.93363844393594,17.840670859538776,12.758274824473425,54.911974193274,52.87018602007415,50.11745520567868,44.807338028266024,300015.SZ
2020-10-20,57.38,-0.1883648551592052,1,0.02081480163671956,-0.015241765942536789,-0.0031435557107928336,-0.00865650969529086,-1.1541774332471944,17.96875,21.670907548770167,15.545710833668958,55.36070615813327,53.299692113400425,50.40226088388736,44.93243914241263,300015.SZ
2020-10-21,58.18,0.33844610937407826,2,0.01394214011850825,0.02081480163671956,-0.015241765942536789,-0.0031435557107928336,0.7271468144044446,17.46416313345447,24.21007685738683,16.874246685415816,55.87330503847267,53.76448334069563,50.707270260989816,45.06425566835878,300015.SZ
2020-10-22,58.5,-0.2412398624823695,3,0.0055001718803713295,0.01394214011850825,0.02081480163671956,-0.015241765942536789,2.1655606007684236,13.768961493582266,20.543993406140526,20.197246763920273,56.350885940568546,54.21548492729604,51.012867505656885,45.197944666683576,300015.SZ
2020-10-23,57.19,0.11172105316661574,4,-0.02239316239316247,0.0055001718803713295,0.01394214011850825,0.02081480163671956,0.19271198318149274,7.520210565895846,20.90909090909092,20.147058823529406,56.50345213319245,54.49877207707737,51.25510799563113,45.31726860034841,300015.SZ
2020-10-26,56.8,-0.11195004702685751,0,-0.006819374016436397,-0.02239316239316247,0.0055001718803713295,0.01394214011850825,1.049635296210627,-0.6993006993007089,18.161015186186802,19.077568134171898,56.55736992715745,54.71793664116524,51.4725547409005,45.431524634175794,300015.SZ
2020-10-27,61.46,2.022829572533906,1,0.08204225352112693,-0.006819374016436397,-0.02239316239316247,0.0055001718803713295,7.110491460439183,5.874246339362621,26.356907894736835,30.32230703986429,57.44875721312883,55.360037913435214,51.864219260865184,45.591011951248674,300015.SZ
2020-10-28,62.89,-0.28371565660006426,2,0.023267165636186027,0.08204225352112693,-0.006819374016436397,-0.02239316239316247,8.095565486421453,8.881578947368428,26.973551383000192,34.26558497011101,58.43807408346904,56.07717715977472,52.29660281926263,45.76314118556461,300015.SZ
2020-10-29,62.4,-0.36417677230884204,3,-0.007791381777707107,0.023267165636186027,0.08204225352112693,-0.006819374016436397,6.666666666666665,8.976597974152977,21.353558926487736,28.580259633216553,59.158424250111025,56.6793507636057,52.69281447340919,45.92868206929034,300015.SZ
2020-10-30,62.26,0.14400042739608954,4,-0.0022435897435897356,-0.007791381777707107,0.023267165636186027,0.08204225352112693,8.865186221367383,9.0749824807288,17.052077458168835,31.62790697674418,59.722347113727196,57.21084116707182,53.067998219550006,46.0911827452178,300015.SZ
2020-11-02,64.19,0.34574612158741713,0,0.030999036299389715,-0.0022435897435897356,-0.007791381777707107,0.023267165636186027,13.010563380281681,14.19676214196761,12.220279720279702,33.534428957769926,60.53464763850407,57.87552296068402,53.504155152116674,46.27127047909623,300015.SZ
2020-11-03,64.7,-0.25829892077593075,1,0.007945162797943661,0.030999036299389715,-0.0022435897435897356,-0.007791381777707107,5.271721444842181,12.757058208435001,11.455641688199837,33.018092105263165,61.29198443150333,58.525473154904596,53.94320789124936,46.4546409220903,300015.SZ
2020-11-04,67.5,0.14017292360669242,2,0.043276661514683123,0.007945162797943661,0.030999036299389715,-0.0022435897435897356,7.330259182699961,16.01925060158129,16.862880886426602,36.28104179285281,62.420714534866356,59.380189997294636,54.474846797474875,46.664047480079454,300015.SZ
2020-11-05,67.01,0.20381951283566413,3,-0.007259259259259188,0.043276661514683123,0.007945162797943661,0.030999036299389715,7.38782051282052,14.547008547008566,17.02759343346141,30.318942045896534,63.25513007398156,60.10683856898086,54.96642143286802,46.86649476883488,300015.SZ
2020-11-06,65.68,0.0422202981940647,4,-0.019847783912848804,-0.007259259259259188,0.043276661514683123,0.007945162797943661,5.49309347895921,14.845252666550103,15.066573230553626,23.481857492009794,63.69601551507582,60.63761584812555,55.38656176883398,47.0536938258614,300015.SZ
2020-11-09,68.67,-0.0543054501687642,0,0.04552375152253352,-0.019847783912848804,-0.007259259259259188,0.043276661514683123,6.979280261723009,20.897887323943664,22.166874221668742,20.05244755244755,64.60037633051658,61.402604814970736,55.90748091515422,47.26878144948467,300015.SZ
2020-11-10,69.31,-0.09880061421832409,1,0.009319935925440559,0.04552375152253352,-0.019847783912848804,-0.007259259259259188,7.125193199381763,12.77253498210218,20.791216451725347,19.397071490094753,65.45667154314992,62.155690070687804,56.43306989887366,47.48809705695248,300015.SZ
2020-11-11,68.07,0.11849719855706486,2,-0.017890636271822413,0.009319935925440559,0.04552375152253352,-0.019847783912848804,0.8444444444444255,8.236603593576074,16.99896871777242,17.84972299168974,65.93182217166812,62.718957683003254,56.88942009891784,47.692892111112165,300015.SZ
2020-11-12,69.71,-0.23779755573701866,3,0.024092845600117485,-0.017890636271822413,0.009319935925440559,0.04552375152253352,4.029249365766296,11.71474358974358,19.162393162393144,21.742926999650702,66.61876359500118,63.384771237002944,57.392187938175965,47.91196781149912,300015.SZ
2020-11-13,68.85,-0.24559981994148095,4,-0.012336823985081069,0.024092845600117485,-0.017890636271822413,0.009319935925440559,4.8264311814859795,10.584645036941854,20.38817975170484,20.620182200420455,67.0244429413646,63.905269214431236,57.84151390138476,48.12030644024042,300015.SZ
2020-11-16,69.09,0.0122083656542753,0,0.0034858387799565627,-0.012336823985081069,0.024092845600117485,-0.017890636271822413,0.6116207951070374,7.633587786259555,21.63732394366198,22.914072229140725,67.39999877020739,64.39905309877112,58.28263100329124,48.328960107501715,300015.SZ
2020-11-17,66.0,1.3771840882831476,1,-0.04472427268779855,0.0034858387799565627,-0.012336823985081069,0.024092845600117485,-4.775645649978366,2.0092735703245657,7.386918320859093,15.022655977692567,67.14545353926059,64.5515242322215,58.5852729247308,48.50479135021314,300015.SZ
2020-11-18,62.5,0.29894657488047294,2,-0.05303030303030298,-0.04472427268779855,0.0034858387799565627,-0.012336823985081069,-8.182753048332591,-7.4074074074074066,-0.6201303863889285,7.425232038501206,66.30082562303139,64.35614097200992,58.738791633564894,48.64404715767371,300015.SZ
2020-11-19,62.53,-0.3593530453906775,3,0.00048000000000003595,-0.05303030303030298,-0.04472427268779855,0.0034858387799565627,-10.2998135131258,-6.6855693180122415,0.2083333333333437,6.8888888888889,65.6152209642984,64.18222278419945,58.887466471464315,48.78221584267199,300015.SZ
2020-11-20,64.45,-0.15829499129854352,4,0.030705261474492263,0.00048000000000003595,-0.05303030303030298,-0.04472427268779855,-6.390704429920103,-1.8727161997563968,3.5175072277545905,12.694527015212454,65.40336260715324,64.20772537618046,59.10560504121081,48.93811419249615,300015.SZ
2020-11-23,64.57,-0.3347990483473532,0,0.0018619084561675159,0.030705261474492263,0.00048000000000003595,-0.05303030303030298,-6.542191344622972,-5.9705839522353426,0.5919925221997024,13.679577464788718,65.25184213312538,64.24222772130614,59.3198950395947,49.093655344809626,300015.SZ
2020-11-24,63.63,0.25003991697269656,1,-0.014557844200092762,0.0018619084561675159,0.030705261474492263,0.00048000000000003595,-3.590909090909089,-8.19506564709277,-1.653786707882532,3.530751708428248,64.95696174528439,64.18392031927698,59.48891876353216,49.2382955901349,300015.SZ
2020-11-25,62.06,-0.17342359603184732,2,-0.02467389596102465,-0.014557844200092762,0.0018619084561675159,0.030705261474492263,-0.7039999999999935,-8.829146466872329,-8.059259259259255,-1.319764668468748,64.43024142795996,63.98164219363155,59.58974547868776,49.36587473849177,300015.SZ
2020-11-26,62.06,0.023303011260031425,3,0.0,-0.02467389596102465,-0.014557844200092762,0.0018619084561675159,-0.7516392131776684,-10.97403528905464,-7.386957170571562,-0.5448717948717929,63.99928844105814,63.79862865138092,59.68661820501373,49.49218444258638,300015.SZ
2020-11-27,62.62,-0.3646394378391439,4,0.009023525620367234,0.0,-0.02467389596102465,-0.014557844200092762,-2.8394103956555505,-9.048656499636888,-4.658952496954949,0.578220366206228,63.74850872450211,63.686378303630356,59.80165278520927,49.6228094730084,300015.SZ
2020-11-30,61.2,1.0106320609719384,0,-0.022676461194506503,0.009023525620367234,0.0,-0.02467389596102465,-5.219142016416278,-11.419887103777683,-10.878112712975096,-4.658046424676732,63.28514350186536,63.44958036995128,59.85648993088734,49.73800539865012,300015.SZ
2020-12-01,65.28,0.3213967673551732,1,0.06666666666666665,-0.022676461194506503,0.009023525620367234,0.0,2.5931164545025975,-1.0909090909090868,-5.814456788342238,0.8964451313755673,63.64784468334438,63.62390604900354,60.06917660026431,49.892652111101356,300015.SZ
2020-12-02,64.05,-0.3681445168062215,2,-0.018841911764705954,0.06666666666666665,-0.022676461194506503,0.009023525620367234,3.2065742829519683,2.4799999999999933,-5.905685323931243,-5.111111111111111,63.72096383182722,63.66448642528891,60.22528732182258,50.03352124432423,300015.SZ
2020-12-03,66.59,0.8183620111942764,3,0.039656518345043024,-0.018841911764705954,0.06666666666666665,-0.022676461194506503,7.299387689332915,6.492883415960349,-4.475684980634043,-0.6267721235636459,64.24260677149499,63.94310676573759,60.47488389743738,50.19826232647026,300015.SZ
2020-12-04,67.01,-0.2552141188684143,4,0.0063072533413426335,0.039656518345043024,-0.018841911764705954,0.06666666666666665,7.0105397636538,3.972071373157493,-2.6724763979665833,2.024969549330091,64.74576917667771,64.23519183566734,60.73116296028297,50.365543298346175,300015.SZ
2020-12-07,66.8,-0.2509426203801147,0,-0.003133860617818396,0.0063072533413426335,0.039656518345043024,-0.018841911764705954,9.15032679738561,3.453616230447576,-3.3145172962802283,-2.7231687782146574,65.11926569000903,64.4794592798895,60.96915656968364,50.52907023070094,300015.SZ
2020-12-08,66.63,-0.27634749760413857,1,-0.002544910179640758,-0.003133860617818396,0.0063072533413426335,0.039656518345043024,2.0680147058823373,4.7147571900046925,0.9545454545454524,-3.8666859039099832,65.39394465546192,64.68427268180479,61.191150429696044,50.68927848711188,300015.SZ
2020-12-09,66.0,0.25662157992182677,2,-0.00945520036019809,-0.002544910179640758,-0.003133860617818396,0.0063072533413426335,3.0444964871194413,6.348694811472755,5.600000000000005,-3.040987219039215,65.50413653628702,64.80958004544243,61.37973276578639,50.8416239748023,300015.SZ
2020-12-10,68.45,0.47004655445848464,3,0.03712121212121211,-0.00945520036019809,-0.002544910179640758,-0.003133860617818396,2.7932121940231314,10.296487270383503,9.467455621301779,-1.8074881652560437,66.03974807514392,65.15628670778125,61.65699814752026,51.01683169644607,300015.SZ
2020-12-11,67.29,0.152733600139203,4,-0.016946676406135786,0.03712121212121211,-0.00945520036019809,-0.002544910179640758,0.4178480823757713,7.457681251996173,4.406516679596595,-2.265795206971666,66.26706660693593,65.35949749751637,61.877900180950846,51.17875376911825,300015.SZ
2020-12-14,68.85,-0.2977617302362652,0,0.023183236736513457,-0.016946676406135786,0.03712121212121211,-0.00945520036019809,3.0688622754490913,12.499999999999979,6.628465231531666,-0.34737299174990577,66.7366908602203,65.69192630727672,62.15131586012925,51.35458706494792,300015.SZ
2020-12-15,68.9,0.1427551932865594,1,0.0007262164124910431,0.023183236736513457,-0.016946676406135786,0.03712121212121211,3.4068737805793337,5.545343137254899,8.282256797108278,4.3939393939393945,67.1300197947257,65.99745713515512,62.41597014012419,51.52916828818227,300015.SZ
2020-12-16,69.81,-0.2473233163038816,2,0.013207547169811207,0.0007262164124910431,0.023183236736513457,-0.016946676406135786,5.772727272727285,8.992974238875885,12.487914921044151,11.695999999999994,67.61728892295739,66.36055645561653,62.70593209541343,51.711067111185436,300015.SZ
2020-12-17,70.66,0.35256307729217484,3,0.012175906030654549,0.013207547169811207,0.0007262164124910431,0.023183236736513457,3.2286340394448443,6.112028833158112,13.85755720270705,13.001759155605308,68.17050911878331,66.77002726936733,63.01785632696585,51.89961370709405,300015.SZ
2020-12-18,69.5,0.24262961457447996,4,-0.01641664307953572,0.012175906030654549,0.013207547169811207,0.0007262164124910431,3.284291871006073,3.715863303984479,10.986905142127124,7.835531419705188,68.41223473354998,67.03002467228472,63.272058039633855,52.07474192891401,300015.SZ
2020-12-21,69.44,-0.0025099028156113645,0,-0.0008633093525179936,-0.01641664307953572,0.012175906030654549,0.013207547169811207,0.8569353667392976,3.952095808383227,13.464052287581696,7.542202261111974,68.5991011456318,67.25954613206713,63.513938116510964,52.247530566437256,300015.SZ
2020-12-22,68.9,0.27913923869490564,1,-0.0077764976958524246,-0.0008633093525179936,-0.01641664307953572,0.012175906030654549,0.0,3.4068737805793337,5.545343137254899,8.282256797108278,68.6538100282442,67.41577983377502,63.72515622958897,52.41322677970654,300015.SZ
2020-12-23,70.23,-0.22201867364014782,2,0.01930333817126262,-0.0077764976958524246,-0.0008633093525179936,-0.01641664307953572,0.601633003867641,6.40909090909092,9.64871194379393,13.164679342571706,68.94039002310889,67.68380080198692,63.98024814215411,52.5905081052816,300015.SZ
2020-12-24,72.7,-0.09112152332562395,3,0.035170155204328646,0.01930333817126262,-0.0077764976958524246,-0.0008633093525179936,2.887064817435614,6.208911614317025,9.175551884667366,17.144698678698035,69.62395547345272,68.16153405894055,64.32219919540297,52.79060255199522,300015.SZ
2020-12-25,72.8,-0.30532665304238915,4,0.0013755158184318717,0.035170155204328646,0.01930333817126262,-0.0077764976958524246,4.748201438848909,8.18843810373011,8.640501417698832,16.256786969019487,70.20141811464313,68.60329271999383,64.65466197205384,52.98970103406492,300015.SZ
2020-12-28,72.03,0.017167259786476707,0,-0.01057692307692304,0.0013755158184318717,0.035170155204328646,0.01930333817126262,3.7298387096774244,4.618736383442279,7.829341317365279,17.696078431372552,70.53388754834438,68.92964579428013,64.94389091432625,53.179156745168754,300015.SZ
2020-12-29,71.46,-0.009245782952679416,1,-0.007913369429404571,-0.01057692307692304,0.0013755158184318717,0.035170155204328646,3.7155297532655895,3.7155297532655895,7.248986942818547,9.466911764705866,70.70227163046357,69.1706319091106,65.19942460396051,53.36105568302777,300015.SZ
2020-12-30,73.85,0.41463184955693877,2,0.03344528407500702,-0.007913369429404571,-0.01057692307692304,0.0013755158184318717,5.154492382172848,5.787136513393487,11.893939393939391,15.300546448087427,71.2745858794702,69.61628601300482,65.53866285478558,53.56492577573397,300015.SZ
2020-12-31,74.89,0.05556369155394614,3,0.014082599864590373,0.03344528407500702,-0.007913369429404571,-0.01057692307692304,3.012379642365892,5.986413812623836,9.408327246165072,12.464333984081687,71.9319339013847,70.11854448795674,65.90538195851948,53.77711556901025,300015.SZ
2021-01-04,68.22,6.031399183961758,0,-0.08906396047536391,0.014082599864590373,0.03344528407500702,-0.007913369429404571,-6.291208791208791,-1.8417266187050418,1.3820775746767655,1.8057006416952515,71.25703682840566,69.93773072719895,65.99615129347951,53.920825861855924,300015.SZ
2021-01-05,69.06,-0.4910285064431881,1,0.012313104661389573,-0.08906396047536391,0.014082599864590373,0.03344528407500702,-4.123281965847559,-0.5472350230414702,0.3050108932461937,3.383233532934149,70.85757558687736,69.85413732460857,66.11630222314699,54.07146441049418,300015.SZ
2021-01-06,71.49,-0.3136754591702776,2,0.0351867940920938,0.012313104661389573,-0.08906396047536391,0.014082599864590373,0.04198152812762146,3.759071117561663,3.759071117561663,7.29401170643853,70.97256184380875,70.00993376988394,66.32703546929808,54.24478317257881,300015.SZ
2021-01-07,77.4,0.16285178043714343,3,0.08266890474192201,0.0351867940920938,0.012313104661389573,-0.08906396047536391,4.807041299932302,10.209312259718061,10.87236785560808,17.272727272727284,72.14118696311624,70.71374960132357,66.76126937246286,54.47518334001584,300015.SZ
2021-01-08,75.93,-0.08208235172031575,4,-0.018992248062015493,0.08266890474192201,0.0351867940920938,0.012313104661389573,1.3887034316998337,4.4429160935350875,7.458250778375342,10.927684441197961,72.83006206073146,71.21053535357846,67.12082743628785,54.68866410280175,300015.SZ
2021-01-11,72.07,-0.20787761434567698,0,-0.050836296588963714,-0.018992248062015493,0.08266890474192201,0.0351867940920938,5.643506303136903,-1.0027472527472603,3.697841726618689,7.103581512854795,72.69186895878029,71.29238912942813,67.31491263486481,54.86161271869427,300015.SZ
2021-01-12,72.52,-0.11639382593459724,1,0.006243929512973478,-0.050836296588963714,-0.018992248062015493,0.08266890474192201,5.010136113524455,0.6802721088435382,4.435483870967749,5.330428467683368,72.66062005718386,71.40930445043497,67.51903370800737,55.03731806477691,300015.SZ
2021-01-13,71.6,-0.3295793912359142,2,-0.012686155543298439,0.006243929512973478,-0.050836296588963714,-0.018992248062015493,0.1538676738005229,0.19591379792891495,3.9187227866472885,3.9187227866472885,72.4677800467868,71.42746593134594,67.679071601811,55.20212087010252,300015.SZ
2021-01-14,71.39,0.03454975112901826,3,-0.0029329608938546414,-0.012686155543298439,0.006243929512973478,-0.050836296588963714,-7.764857881136955,-3.3310765064319514,1.6517157909725189,2.2632860621687456,72.27182003828011,71.42389774740822,67.82459820566154,55.3631942942806,300015.SZ
2021-01-15,71.71,-0.16185134351727526,4,0.004482420507073703,-0.0029329608938546414,-0.012686155543298439,0.006243929512973478,-5.557750559726083,-4.2462278007744825,-1.3617606602476018,1.4859892442683265,72.169670940411,71.45114558098838,67.97696690347874,55.525849077422095,300015.SZ
2021-01-18,71.81,-0.20433209581687906,0,0.0013945056477480122,0.004482420507073703,-0.0029329608938546414,-0.012686155543298439,-0.36076037186068,5.2623863969510465,-1.359890109890105,3.3237410071942586,72.10427622397263,71.48532219232283,68.12728192687173,55.68788042988556,300015.SZ
2021-01-19,70.6,0.5600332857822157,1,-0.016850020888455775,0.0013945056477480122,0.004482420507073703,-0.0029329608938546414,-2.6475455046883645,2.229944975383713,-1.9852839094821717,1.6705069124423932,71.83077145597761,71.40100579305398,68.22425126307284,55.836259729090685,300015.SZ
2021-01-20,75.4,0.8012887678122382,2,0.06798866855524088,-0.016850020888455775,0.0013945056477480122,0.004482420507073703,5.307262569832427,5.469296405091639,5.513574027427959,9.433962264150942,72.47972210034531,71.7818623841917,68.50565317432489,56.0309238113883,300015.SZ
2021-01-21,75.49,-0.4338375465676748,3,0.0011936339522544692,0.06798866855524088,-0.016850020888455775,0.0013945056477480122,5.743101274688334,-2.4677002583979424,2.2207176709546417,7.489676776306409,73.02704535482798,72.13501834760201,68.77954912827293,56.224546460031206,300015.SZ
2021-01-22,80.7,0.5287675711016673,4,0.06901576367730833,0.0011936339522544692,0.06798866855524088,-0.016850020888455775,12.536605773253395,6.282101935993678,7.758045132861535,11.004126547455307,74.42212801758653,72.95073088592562,69.2470177899093,56.46808331117518,300015.SZ
2021-01-25,81.76,-0.19641062455132807,0,0.013135068153655505,0.06901576367730833,0.0011936339522544692,0.06798866855524088,13.856008912407747,13.445261551269617,19.847552037525663,12.307692307692308,75.75628655984352,73.78970889678985,69.73772297461873,56.71974417375055,300015.SZ
2021-01-26,79.89,-0.18921990884174278,1,-0.022871819960861073,0.013135068153655505,0.06901576367730833,0.0011936339522544692,13.158640226628915,10.162713734142304,15.682015638575141,10.912119950020816,76.50787082169015,74.37068900185747,70.13585148541799,56.95029398296696,300015.SZ
2021-01-27,82.37,0.07659307117773095,2,0.031042683690073902,-0.022871819960861073,0.013135068153655505,0.06901576367730833,9.244031830238718,15.0418994413408,15.218911735907126,15.267282395745884,77.57371249047375,75.13252814453772,70.6156220154016,57.2032263811464,300015.SZ
2021-01-28,78.91,-0.11911035236631118,3,-0.0420055845574846,0.031042683690073902,-0.022871819960861073,0.013135068153655505,4.530401377665916,10.53368819162348,1.9509043927648406,6.851726472579567,77.81667385584215,75.49228736886745,70.94089174028781,57.41921417834893,300015.SZ
2021-01-29,78.73,-0.10632375697709484,4,-0.002281079711063172,-0.0420055845574846,0.031042683690073902,-0.022871819960861073,-2.4411400247831505,9.789429647190095,3.6876070064532973,5.127520363199367,77.98273315477994,75.80064095278483,71.24634696615888,57.63126179846487,300015.SZ
2021-02-01,79.2,0.10305206264556355,0,0.0059697701003429415,-0.002281079711063172,-0.0420055845574846,0.031042683690073902,-3.131115459882583,10.291045815346056,9.893159428333576,16.09498680738788,78.2040543993654,76.12438943347199,71.5582549282703,57.845876108927904,300015.SZ
2021-02-02,80.3,0.045598848493663136,1,0.01388888888888884,0.0059697701003429415,-0.002281079711063172,-0.0420055845574846,0.5132056577794364,13.739376770538247,10.728075013789296,16.275702287865613,78.5851354176626,76.52206663028419,71.901068460495,58.06930022724703,300015.SZ
2021-02-03,79.2,-0.03593578373296613,2,-0.013698630136986245,0.01388888888888884,0.0059697701003429415,-0.002281079711063172,-3.84848852737647,5.039787798408479,10.61452513966481,10.784725136382733,78.69692897808758,76.77710790359046,72.18730106988735,58.2795559463789,300015.SZ
2021-02-04,78.54,-0.12031384489852792,3,-0.008333333333333304,-0.013698630136986245,0.01388888888888884,0.0059697701003429415,-0.4688886072740983,4.040270234468157,10.01540832049308,1.4728682170542573,78.66839643661712,76.9450023889628,72.43642651812706,58.481152404623884,300015.SZ
2021-02-05,82.18,0.7086008065200302,4,0.04634581105169344,-0.008333333333333304,-0.013698630136986245,0.01388888888888884,4.3820652864219545,1.8339529120198206,14.60047413192025,8.231265639404706,79.30686981177763,77.44357359001397,72.81852743898483,58.7169618334336,300015.SZ
2021-02-08,85.99,-0.2106879932206981,0,0.04636164516914065,0.04634581105169344,-0.008333333333333304,-0.013698630136986245,8.573232323232304,5.173679060665348,19.746553404818258,19.314555293464686,80.52198439145442,78.25751896239359,73.33505577471092,58.98833534752879,300015.SZ
2021-02-09,85.14,0.18176290008723073,1,-0.009884870333759621,0.04636164516914065,0.04634581105169344,-0.008333333333333304,6.02739726027397,6.571535861809985,20.594900849858377,17.402095973524556,81.36162359300816,78.91299334692754,73.79799476393795,59.24855091621009,300015.SZ
2021-02-10,91.1,0.08853432887728063,2,0.07000234907211644,-0.009884870333759621,0.04636164516914065,0.04634581105169344,15.025252525252508,10.598518878232355,20.822281167108734,27.23463687150838,83.13223748518848,80.07366064722015,74.47650477319529,59.56548075783984,300015.SZ
2021-02-18,88.04,-0.15500575411508888,3,-0.03358946212952785,0.07000234907211644,-0.009884870333759621,0.04636164516914065,12.09574738986503,11.5701432011152,16.62471850576237,23.322594200868487,84.02455794242692,80.83235963319919,75.00840654679547,59.84880930751308,300015.SZ
2021-02-19,88.89,-0.14206511800178245,4,0.009654702407996263,-0.03358946212952785,0.07000234907211644,-0.009884870333759621,8.16500365052324,12.904864727549858,10.148698884758357,23.95760702830847,84.90918377107658,81.59975395384689,75.55278276064664,60.137776379080115,300015.SZ
2021-02-22,82.3,0.39196110968705167,0,-0.07413657329283385,0.009654702407996263,-0.03358946212952785,0.07000234907211644,-4.291196650773344,3.9141414141414144,0.6604696673189636,14.607993315694179,84.43478672178993,81.66644405348052,75.8173795151311,60.35829601709922,300015.SZ
2021-02-23,81.38,-0.3107947882104747,1,-0.011178614823815325,-0.07413657329283385,0.009654702407996263,-0.03358946212952785,-4.41625557904628,1.3449564134495606,1.8650644636375002,15.269121813031173,83.87937095419176,81.63916366743476,76.03552149492987,60.56746720100868,300015.SZ
2021-02-24,74.79,0.9435332280186941,2,-0.08097812730400578,-0.011178614823815325,-0.07413657329283385,0.009654702407996263,-17.90340285400658,-5.568181818181817,-9.202379507102098,-0.8090185676392525,82.2267580534296,80.9868623657743,75.98667751473654,60.70898494030213,300015.SZ
2021-02-25,76.77,-0.30447261536086756,3,0.026474127557159832,-0.08097812730400578,-0.011178614823815325,-0.07413657329283385,-12.800999545661075,-2.2536287242169717,-2.7119503231529563,1.6955888197112134,81.2346202255333,80.58525642617674,76.01739604357041,60.86879603542351,300015.SZ
2021-02-26,72.28,0.06407997947110355,4,-0.058486387911944715,0.026474127557159832,-0.08097812730400578,-0.011178614823815325,-18.686016424794694,-12.046726697493316,-8.192556839832344,-10.43370508054523,79.60650745725452,79.7942796236837,75.87083149284216,60.982340353478996,300015.SZ
2021-03-01,69.45,0.4611687029294158,0,-0.039153292750415014,-0.058486387911944715,0.026474127557159832,-0.08097812730400578,-15.613608748481155,-19.234794743574824,-12.310606060606055,-15.05626223091977,77.75986973775369,78.80911013571384,75.61903417939736,61.06659567334488,300015.SZ
2021-03-02,68.28,-0.18823991221418324,1,-0.016846652267818563,-0.039153292750415014,-0.058486387911944715,0.026474127557159832,-16.09732120914229,-19.80267794221282,-14.968866749688658,-14.532482162974091,76.03625705816211,77.80633774183633,75.33122891746021,61.13837084077428,300015.SZ
2021-03-03,68.83,-0.44625842116253256,2,0.008055067369654223,-0.016846652267818563,-0.039153292750415014,-0.058486387911944715,-7.968979810135057,-24.445664105378707,-13.093434343434351,-16.43802355226418,74.72602850213262,76.95144843309001,75.07627876383432,61.214904464249166,300015.SZ
2021-03-04,63.79,0.742153000367169,3,-0.07322388493389509,0.008055067369654223,-0.016846652267818563,-0.039153292750415014,-16.907646215969773,-27.544298046342576,-18.78023936847467,-19.16106957293119,72.73765968356305,75.6979771537481,74.63367959662513,61.240527305400924,300015.SZ
2021-03-05,62.8,-0.20273014408302648,4,-0.015519673930083133,-0.07322388493389509,0.008055067369654223,-0.016846652267818563,-13.11566131710017,-29.35088311396108,-23.582380141153582,-20.233710148609173,70.93081246836977,74.46959837720065,74.16961373009082,61.256044446640715,300015.SZ
2021-03-08,56.97,0.419865325879222,0,-0.09283439490445855,-0.015519673930083133,-0.07322388493389509,0.008055067369654223,-17.969762419006486,-30.777642770352365,-33.74811024537737,-28.068181818181827,68.39248292866617,72.80296996032439,73.49511907400883,61.21339723821643,300015.SZ
2021-03-09,54.23,-0.06573829471406645,1,-0.048095488853782675,-0.09283439490445855,-0.015519673930083133,-0.07322388493389509,-20.57703573520797,-33.36200540673384,-36.304909560723516,-32.46575342465754,65.81748603254505,71.03411567838873,72.73962420836142,61.14391069853269,300015.SZ
2021-03-10,57.2,0.07491227739463202,2,0.05476673427991896,-0.048095488853782675,-0.09283439490445855,-0.015519673930083133,-16.896702019468247,-23.519187057093195,-37.211855104281,-27.77777777777778,64.25067039026413,69.71658085187552,72.13022718058255,61.104667806009985,300015.SZ
2021-03-11,60.72,-0.07675888555688337,3,0.06153846153846154,0.05476673427991896,-0.048095488853782675,-0.09283439490445855,-4.812666562157075,-20.906604142243058,-31.031349386642436,-22.68907563025211,63.608730319307014,68.85976362788738,71.68276729114794,61.10084026565168,300015.SZ
2021-03-12,61.82,-0.2899951155975251,4,0.018115942028985588,0.06153846153846154,0.05476673427991896,-0.048095488853782675,-1.5605095541401215,-14.471499723298287,-30.45336933288334,-24.774884400097353,63.28350662488756,68.18930994904096,71.29599210325979,61.1079960839039,300015.SZ
2021-03-15,58.0,0.07606315282571052,0,-0.06179230022646398,0.018115942028985588,0.06153846153846154,0.05476673427991896,1.8079691065473025,-16.486681065514762,-29.526123936816518,-32.55029654611001,62.322869056726184,67.21889947770373,70.77458064823,61.077070749735704,300015.SZ
2021-03-16,58.68,-0.16814951359069175,1,0.01172413793103444,-0.06179230022646398,0.018115942028985588,0.06153846153846154,8.20579015305183,-14.059753954305798,-27.893831408208403,-31.07822410147991,61.660529228230516,66.40567095601766,70.30028336790726,61.05321929948958,300015.SZ
2021-03-17,58.1,-0.036885700866743476,2,-0.009884117246080404,0.01172413793103444,-0.06179230022646398,0.018115942028985588,1.5734265734265618,-15.589132645648696,-22.315817622676835,-36.22392974753018,61.013160277643145,65.61465467449217,69.8218408828913,61.02383403282799,300015.SZ
2021-03-18,60.25,0.034485815995850544,3,0.037005163511187655,-0.009884117246080404,0.01172413793103444,-0.06179230022646398,-0.7740447957839236,-5.54945916287819,-21.518822456688802,-31.565197637437535,60.874403863526204,65.10373518168339,69.4464745737583,61.016134191705326,300015.SZ
2021-03-19,56.97,0.1413327619455753,4,-0.05443983402489627,0.037005163511187655,-0.009884117246080404,0.01172413793103444,-7.845357489485605,-9.283439490445854,-21.18151632540122,-35.90955113061087,60.164512251975985,64.32909373580878,68.9572010610619,60.97587414999682,300015.SZ
2021-03-22,57.16,-0.45218713625952767,0,0.0033350886431455784,-0.05443983402489627,0.037005163511187655,-0.009884117246080404,-1.4482758620689706,0.33350886431455784,-17.696184305255592,-30.546780072904014,59.61823729707125,63.64632290382699,68.49456572533397,60.93790525298193,300015.SZ
2021-03-23,58.11,0.07232400496233704,1,0.016620013995801264,0.0033350886431455784,-0.05443983402489627,0.037005163511187655,-0.971370143149286,7.154711414346315,-14.894551845342708,-28.594249201277954,59.344012333967385,63.11905405584347,68.08732785375226,60.90976689225574,300015.SZ
2021-03-24,59.72,0.5775993761625047,2,0.02770607468594055,0.016620013995801264,0.0033350886431455784,-0.05443983402489627,2.7882960413080804,4.405594405594404,-13.235507772773502,-20.14975264072738,59.4123737277915,62.795334621953614,67.75919734968355,60.89792841571588,300015.SZ
2021-03-25,60.39,-0.3162829140618353,3,0.011219022103148069,0.02770607468594055,0.016620013995801264,0.0033350886431455784,0.23236514522821938,-0.5434782608695676,-5.329989026493176,-21.336459554513475,59.59012395910213,62.566255134148506,67.47020921832342,60.89287440162916,300015.SZ
2021-03-26,62.05,0.35311964824329034,4,0.027487994701109297,0.011219022103148069,0.02770607468594055,0.016620013995801264,8.916973845883792,0.37204788094467034,-1.1942675159235638,-14.153292750415059,60.037374148356285,62.51708797851532,67.25765199407545,60.90438808917514,300015.SZ
2021-03-29,60.05,0.12180798185186337,0,-0.03223207091055602,0.027487994701109297,0.011219022103148069,0.02770607468594055,5.055983205038483,3.534482758620694,5.406354221520093,-13.534917206623476,60.039669757746054,62.28212721865671,66.97499897469994,60.89588671515351,300015.SZ
2021-03-30,60.77,-0.08778600623836175,1,0.011990008326394852,-0.03223207091055602,0.027487994701109297,0.011219022103148069,4.5775253828945095,3.561690524880712,12.059745528305378,-10.998828353837142,60.1724570745195,62.13811510259416,66.73166568157447,60.894634111022626,300015.SZ
2021-03-31,59.25,-0.2753156160397141,2,-0.025012341615928912,0.011990008326394852,-0.03223207091055602,0.027487994701109297,-0.7870060281312763,1.9793459552495563,3.5839160839160833,-13.918349556879262,60.00473760642504,61.863056521394725,66.43826702739509,60.87826959250499,300015.SZ
2021-04-01,63.0,0.33458133780567745,3,0.06329113924050622,-0.025012341615928912,0.011990008326394852,-0.03223207091055602,4.32190760059612,4.564315352697101,3.754940711462451,-1.2384386267439984,60.549330768893206,61.97133685269046,66.30343302632077,60.8993813378532,300015.SZ
2021-04-02,64.51,-0.06322291742258646,4,0.023968253968253972,0.06329113924050622,-0.025012341615928912,0.011990008326394852,3.9645447219984087,13.235035983851162,4.351342607570374,2.72292993630574,61.26945244727625,62.21311429529137,66.23310231940623,60.93530789170541,300015.SZ
2021-04-06,62.96,-0.12340226540579857,1,-0.024027282591846277,0.023968253968253972,0.06329113924050622,-0.025012341615928912,4.845961698584511,10.14695591322603,8.55172413793104,10.51430577496928,61.57682472958965,62.284246267168385,66.10474536570403,60.9554540818377,300015.SZ
2021-04-07,60.77,0.13175917793308578,2,-0.034783989834815676,-0.024027282591846277,0.023968253968253972,0.06329113924050622,0.0,4.5775253828945095,3.561690524880712,12.059745528305378,61.430129324209716,62.14003233696187,65.8955396650882,60.95360876759056,300015.SZ
2021-04-08,61.3,-0.2586783981564802,3,0.008721408589764668,-0.034783989834815676,-0.024027282591846277,0.023968253968253972,3.459915611814335,2.645679839249837,5.507745266781394,7.167832167832167,61.40646944708067,62.060029257251216,65.71532242332003,60.95705544652001,300015.SZ
2021-04-09,61.3,-0.11759643421407551,4,0.0,0.008721408589764668,-0.034783989834815676,-0.024027282591846277,-2.6984126984127,1.5068719986752743,1.742738589211612,0.9552042160737795,61.387111365793274,61.987645518465385,65.54217252436631,60.96046783013673,300015.SZ
2021-04-12,58.03,0.7623151275183417,0,-0.053344208809135374,0.0,0.008721408589764668,-0.034783989834815676,-10.044954270655715,-6.478646253021747,1.8606284009127672,-6.13070203817535,60.77672748110358,61.610726897659156,65.24757752341077,60.931308946254774,300015.SZ
2021-04-13,59.65,-0.11457576158065153,1,0.027916594864725086,-0.053344208809135374,0.0,0.008721408589764668,-5.257306226175351,-0.6661115736885881,4.356193142057396,2.8448275862068995,60.57186793908474,61.423991002644,65.02806467935545,60.91855960350597,300015.SZ
2021-04-14,60.71,-0.4170095062177568,2,0.017770326906957346,0.027916594864725086,-0.053344208809135374,0.0,-0.0987329274312998,-0.0987329274312998,4.4742729306487705,3.4594410361281636,60.59698285925115,61.35599185953505,64.8587288095768,60.91648438357059,300015.SZ
2021-04-15,59.75,-0.17654918590230817,3,-0.015812880909240712,0.017770326906957346,0.027916594864725086,-0.053344208809135374,-2.528548123980423,0.8438818565400741,0.05023442732752237,2.839931153184172,60.44298597575093,61.20304025386505,64.6583865033189,60.90487757378382,300015.SZ
2021-04-16,59.4,0.09938883976719559,4,-0.0058577405857740406,-0.015812880909240712,0.017770326906957346,0.027916594864725086,-3.0995106035889064,-5.714285714285716,-1.6393442622950838,-1.4107883817427447,60.25335216197803,61.03132213444933,64.45217526789463,60.88990366757702,300015.SZ
2021-04-19,61.27,0.39763849117969396,0,0.031481481481481666,-0.0058577405857740406,-0.015812880909240712,0.017770326906957346,5.583318972945039,-5.022477135327863,-1.2570507655116692,7.547832192381954,60.43819722343657,61.054053359739875,64.32738408091838,60.893685720635965,300015.SZ
2021-04-20,61.93,0.37683697989123544,1,0.010771992818671361,0.031481481481481666,-0.0058577405857740406,-0.015812880909240712,3.822296730930419,-1.6359593392630267,3.130724396336393,8.344996501049696,60.709434091902644,61.13747684928846,64.23336901892158,60.90399730550526,300015.SZ
2021-04-21,63.4,-0.019703030776225927,2,0.023736476667204798,0.010771992818671361,0.031481481481481666,-0.0058577405857740406,4.4309010047768105,4.327793319071893,4.327793319071893,9.10342453966615,61.19862789337489,61.35295524459432,64.20068788092466,60.92883315321168,300015.SZ
2021-04-22,63.65,-0.010653898230440828,3,0.0039432176656151174,0.023736476667204798,0.010771992818671361,0.031481481481481666,6.527196652719658,3.8336052202283977,7.426160337552745,6.58070997990623,61.64433191276127,61.57172141177581,64.17909227775115,60.9559094402444,300015.SZ
2021-04-23,70.63,1.656753595461455,4,0.10966221523959141,0.0039432176656151174,0.023736476667204798,0.010771992818671361,18.905723905723892,15.220228384991842,12.111111111111095,16.95644974333499,63.27808974680467,62.43441461065431,64.43206905117268,61.052169047804156,300015.SZ
2021-04-26,70.43,-0.3704689995436915,0,-0.0028316579357211547,0.10966221523959141,0.0039432176656151174,0.023736476667204798,14.950220336216757,21.36825779769085,9.176871802821275,13.505237711522987,64.57843706556746,63.195898933449136,64.66728202955807,61.14548079857227,300015.SZ
2021-04-27,73.98,-0.08471552910397484,1,0.050404657106346784,-0.0028316579357211547,0.10966221523959141,0.0039432176656151174,19.45745196189246,24.023470243084667,17.503176620076232,23.197335553705265,66.28781214455519,64.22295617788255,65.03248665584991,61.27318745729295,300015.SZ
2021-04-28,75.35,-0.21939479431544684,2,0.01851851851851838,0.050404657106346784,-0.0028316579357211547,0.10966221523959141,18.848580441640372,24.114643386591993,23.992101365805475,23.992101365805475,67.93548266372697,65.28267463713183,65.43709502228717,61.413255243787546,300015.SZ
2021-04-29,74.76,-0.24820876595070152,3,-0.007830126078301136,0.01851851851851838,0.050404657106346784,-0.0028316579357211547,17.454831107619807,25.121338912133908,21.957585644371957,26.177215189873436,69.1763039975948,66.18527705264309,65.80269913906022,61.546058674197624,300015.SZ
2021-04-30,74.48,-0.2639175149045633,4,-0.0037453183520599342,-0.007830126078301136,0.01851851851851838,0.050404657106346784,5.450941526263642,25.3872053872054,21.500815660685156,18.22222222222223,70.14061236166847,66.97525066667708,66.14298544733236,61.6747546077877,300015.SZ
2021-05-06,72.39,0.6032082497851616,3,-0.028061224489795977,-0.0037453183520599342,-0.007830126078301136,0.01851851851851838,2.7829050120687038,18.149175779337344,24.745821127003275,12.215160440241824,70.5495919322742,67.49094107937451,66.38796641018207,61.78137396492414,300015.SZ
2021-05-07,69.29,-0.12093071040594616,4,-0.04282359441911854,-0.028061224489795977,-0.0037453183520599342,-0.007830126078301136,-6.339551230062179,11.884385596641378,16.1609388097234,10.05400254129607,70.32057521731525,67.66228002419598,66.50177164899846,61.85608666179057,300015.SZ
2021-05-10,69.5,-0.1309000553864602,0,0.0030307403665752464,-0.04282359441911854,-0.028061224489795977,-0.0037453183520599342,-7.763769077637683,9.621451104100952,14.478669082523465,14.365640941253899,70.17137972325793,67.83730097427255,66.61934923139067,61.93214550097674,300015.SZ
2021-05-11,71.78,0.27193956898467,1,0.032805755395683533,0.0030307403665752464,-0.04282359441911854,-0.028061224489795977,-3.9860888175494935,12.772977219167325,20.133891213389134,17.0962479608483,70.46385613721102,68.21279611957993,66.82172769290476,62.03013410295707,300015.SZ
2021-05-12,74.73,0.02383360147092617,2,0.041097798829757615,0.032805755395683533,0.0030307403665752464,-0.04282359441911854,0.3356605800214796,5.804898768228806,25.808080808080813,21.908646003262653,71.23951865771811,68.83348220342947,67.1318560186732,62.15650092780327,300015.SZ
2021-05-13,74.99,-0.16393472063214132,3,0.0034791917569916286,0.041097798829757615,0.032805755395683533,0.0030307403665752464,3.591656306119617,6.474513701547613,22.39268810184427,29.226262278131987,71.92142435631482,69.41981723167427,67.44001852774484,62.28419743598434,300015.SZ
2021-05-14,74.72,0.01027811041719251,4,-0.003600480064008482,0.0034791917569916286,0.041097798829757615,0.032805755395683533,7.836628662144607,1.0002703433360294,20.652349426772165,25.264040234702435,72.4302562915303,69.92459654294339,67.72550799724505,62.407936764979524,300015.SZ
2021-05-17,77.89,0.01686554867515344,0,0.042425053533190704,-0.003600480064008482,0.0034791917569916286,0.041097798829757615,12.07194244604317,3.37093563370936,22.85488958990536,28.298468127161925,73.4229369657975,70.68320639599641,68.12411552676485,62.56198714542749,300015.SZ
2021-05-18,77.9,-0.25847847450185046,1,0.00012838618564647852,0.042425053533190704,-0.003600480064008482,0.0034791917569916286,8.526051825020907,4.200107009095766,22.38805970149256,30.376569037656907,74.2369484265616,71.37052007256818,68.5074835453231,62.71460418875657,300015.SZ
2021-05-19,78.22,-0.1636977562227282,2,0.004107830551989711,0.00012838618564647852,0.042425053533190704,-0.003600480064008482,4.670145858423647,5.0214822771213585,10.746141866062576,31.683501683501692,74.96113962173222,72.02285149422836,68.88836654354571,62.86888673414207,300015.SZ
2021-05-20,77.66,0.22545243052336117,3,-0.007159294298133445,0.004107830551989711,0.00012838618564647852,0.042425053533190704,3.5604747299639916,7.280011051250157,10.26551185574327,26.750448833034103,75.45184150869,72.55972278049232,69.23235216928903,63.01606199051877,300015.SZ
2021-05-21,79.69,0.33463104605733784,4,0.026139582796806504,-0.007159294298133445,0.004107830551989711,0.00012838618564647852,6.651498929336186,15.009380863039379,7.718302243849684,28.677539157112864,76.22241577983726,73.23879680139781,69.6424560057875,63.18197182145889,300015.SZ
2021-05-24,79.17,-0.2198635290722244,0,-0.006525285481239762,0.026139582796806504,-0.007159294298133445,0.004107830551989711,1.6433431762742368,13.913669064748202,5.069674850696759,24.87381703470033,76.75834018350321,73.8036732965028,70.01608518203113,63.34105667895681,300015.SZ
2021-05-25,82.49,0.4813672187246074,1,0.041935076417835004,-0.006525285481239762,0.026139582796806504,-0.007159294298133445,5.892169448010254,14.92059069378655,10.339753879079705,29.599371563236442,77.80046015013899,74.63094250635967,70.50525831214756,63.53159342841993,300015.SZ
2021-05-26,81.5,-0.40726189467487806,2,-0.012001454721784377,0.041935076417835004,-0.006525285481239762,0.026139582796806504,4.193300946049616,9.059280074936439,9.425349087003209,15.390060880645628,78.47310375920462,75.28513845813494,70.93642465284766,63.710383543560035,300015.SZ
2021-05-27,84.01,0.43858104803821973,3,0.030797546012270027,-0.012001454721784377,0.041935076417835004,-0.006525285481239762,8.17666752510946,12.028270436058165,16.05194087581159,19.281556155047564,79.47981216662197,76.11607765259828,71.44911388214776,63.912369776957455,300015.SZ
2021-05-28,83.89,0.016416591269239555,4,-0.0014284013807880358,0.030797546012270027,-0.012001454721784377,0.041935076417835004,5.270422888693682,12.272483940042832,21.070861596189914,13.395512300621792,80.28166449996343,76.85645120949367,71.93699176912236,64.11115216723648,300015.SZ
2021-05-31,83.86,-0.19638998085907755,0,-0.00035761115746812955,-0.0014284013807880358,0.030797546012270027,-0.012001454721784377,5.923961096374897,7.664655283091548,20.661870503597115,11.293961512939621,80.93227095451553,77.52345585620856,72.40456071935284,64.3076581158212,300015.SZ
2021-06-01,86.01,0.18502369061339485,1,0.025637968041974712,-0.00035761115746812955,-0.0014284013807880358,0.030797546012270027,4.267183901078941,10.41078305519898,19.824463638896628,15.04815409309792,81.85549441733089,78.33169815561727,72.9381073578096,64.52360181616129,300015.SZ
2021-06-02,85.1,-0.06872815098580598,2,-0.010580165097081817,0.025637968041974712,-0.00035761115746812955,-0.0014284013807880358,4.417177914110426,8.795704423421125,13.876622507694346,14.258861439312543,82.44540452327072,78.97629833127277,73.41504432417001,64.7283420965975,300015.SZ
2021-06-03,85.5,-0.1246714667811577,3,0.004700352526439522,-0.010580165097081817,0.025637968041974712,-0.00035761115746812955,1.7735983811451028,10.09528714911152,14.015202026936935,18.11023622047243,83.00078551903968,79.59760325210394,73.88896415459473,64.93502525981545,300015.SZ
2021-06-04,85.21,-0.21308552452790175,4,-0.003391812865497168,0.004700352526439522,-0.010580165097081817,0.025637968041974712,1.5734890928596812,6.9268415108545645,14.039079229122041,22.97589839803722,83.40246087921429,80.13211722809405,74.33292634461063,65.13676630200634,300015.SZ
2021-06-07,83.9,0.8604880349727511,0,-0.015373782419903614,-0.003391812865497168,0.004700352526439522,-0.010580165097081817,0.04769854519437455,5.974485284830111,7.716009757350117,20.719424460431668,83.49292253753896,80.49096320637081,74.70810570364551,65.32346514477244,300015.SZ
2021-06-08,83.9,-0.07499581218676288,1,0.0,-0.015373782419903614,-0.003391812865497168,0.004700352526439522,-2.4532031159167578,1.7092980967390092,7.702182284980741,16.88492616327668,83.56693662162277,80.81563337719263,75.06857214663982,65.50830628761054,300015.SZ
2021-06-09,85.86,0.03865129163933956,2,0.023361144219308683,0.0,-0.015373782419903614,-0.003391812865497168,0.8930669800235158,5.349693251533738,9.767322935310663,14.893617021276583,83.98385723587317,81.29604924603142,75.49176539579122,65.7108107026592,300015.SZ
2021-06-10,87.01,-0.19732718850577968,3,0.013393897041695801,0.023361144219308683,0.0,-0.015373782419903614,1.7660818713450377,3.571003451970012,12.039660056657242,16.028803840512083,84.53406501116896,81.84023503212366,75.94346087046607,65.92274293447355,300015.SZ
2021-06-11,85.89,-0.14713272590644366,4,-0.012872083668543866,0.013393897041695801,0.023361144219308683,0.0,0.7980284004224902,2.38407438312076,7.780148073785931,14.949143468950755,84.78059864550187,82.22592693382617,76.33352122848702,66.12142210925491,300015.SZ
2021-06-15,84.9,-0.11220865399176727,1,-0.01152637093957376,-0.012872083668543866,0.013393897041695801,0.023361144219308683,1.1918951132300348,1.2401621750536718,7.2375899962106915,8.99987161381437,84.80230798268335,82.48060055917607,76.66946157246792,66.30827363055585,300015.SZ
2021-06-16,81.07,0.6936025369651011,2,-0.04511189634864565,-0.01152637093957376,-0.012872083668543866,0.013393897041695801,-3.3730631704410152,-5.743518195558672,-1.7214207782761615,4.069319640564806,84.12370653128636,82.34625764877835,76.84203170688095,66.45515648000305,300015.SZ
2021-06-17,82.48,-0.11748897811188075,3,0.01739237695818452,-0.04511189634864565,-0.01152637093957376,-0.012872083668543866,-3.9366410435592747,-3.07873090481785,1.2024539877300677,5.4461774482229774,83.8248507983252,82.35899501556136,77.06312850268954,66.61460765930651,300015.SZ
2021-06-18,84.0,-0.19860348816700046,4,0.018428709990300662,0.01739237695818452,-0.04511189634864565,-0.01152637093957376,-3.459372485921164,-1.7543859649122862,-0.011903344839903074,8.16379088333763,83.85669610772061,82.51528120455552,77.33516267905466,66.78759663782088,300015.SZ
2021-06-21,82.85,-0.03698165482062632,0,-0.013690476190476253,0.018428709990300662,0.01739237695818452,-0.04511189634864565,-3.5394108743742048,-2.7696279779368616,-1.239718679222801,3.9653657924457297,83.6736604517714,82.54715918507405,77.55143080928782,66.9474215468973,300015.SZ
2021-06-22,87.3,0.6703614328253871,1,0.053711526855763525,-0.013690476190476253,0.018428709990300662,0.01739237695818452,2.8268551236749095,4.052443384982118,4.102074886715945,10.269041303524062,84.33299491508569,82.99981069125748,77.93372764029614,67.14993476533614,300015.SZ
2021-06-23,85.83,-0.1719893117852055,2,-0.01683848797250853,0.053711526855763525,-0.013690476190476253,0.018428709990300662,5.871469100777116,2.3003575685339506,-0.20927799093130028,4.048975633410112,84.60517765779738,83.26935253018534,78.24338537989237,67.33580606120346,300015.SZ
2021-06-24,64.87,-0.05206576626052817,3,-0.24420365839450064,-0.01683848797250853,0.053711526855763525,-0.013690476190476253,-21.350630455868092,-24.446773817842992,-23.77203290246768,-20.40490797546012,81.01696353819786,81.51703324159627,77.7189388944064,67.3112706775099,300015.SZ
2021-06-25,67.58,0.1883299324261969,4,0.041775859411129934,-0.24420365839450064,-0.01683848797250853,0.053711526855763525,-19.547619047619047,-22.330766578554197,-20.95906432748538,-19.55719557195572,78.57387925852551,80.18969674239662,77.32133344756694,67.31394460111676,300015.SZ
2021-06-28,69.9,0.2012002813024476,0,0.034329683338265804,0.041775859411129934,-0.24420365839450064,-0.01683848797250853,-15.630657815328897,-18.616835487251127,-17.96737472127683,-16.67660030992967,76.99681030242996,79.20972562407313,77.03030076334862,67.33967649563301,300015.SZ
2021-06-29,69.26,-0.33271434882710227,1,-0.009155937052932717,0.034329683338265804,0.041775859411129934,-0.24420365839450064,-20.6643757159221,-18.421672555948177,-17.449344457687722,-17.40996899594561,75.59011752016997,78.26213270749473,76.72558308635456,67.3587841921939,300015.SZ
2021-06-30,70.98,0.05065103535883653,2,0.024833958995091,-0.009155937052932717,0.034329683338265804,0.041775859411129934,-17.301642782243963,-12.446034291353136,-15.399284862932062,-17.474712242762468,74.75191433468451,77.56859625916191,76.50026610257595,67.39481619028152,300015.SZ
2021-07-01,71.28,-0.0017162676557833656,3,0.004226542688081203,0.024833958995091,-0.009155937052932717,0.034329683338265804,9.88130106366578,-13.579049466537342,-16.981132075471695,-16.23971797884841,74.12065718292368,76.96968232971791,76.29554978482787,67.43347473565186,300015.SZ
2021-07-02,68.28,0.22014718561399205,4,-0.04208754208754206,0.004226542688081203,0.024833958995091,-0.009155937052932717,1.035809411068378,-18.714285714285715,-21.526261349270204,-20.14035087719298,73.05871951330118,76.14209353641144,75.98121449914834,67.44189787261055,300015.SZ
2021-07-05,68.67,-0.159303983545949,0,0.005711775043936829,-0.04208754208754206,0.004226542688081203,0.024833958995091,-1.7596566523605195,-17.115268557634266,-20.048899755501225,-19.410867269099864,72.26077051088278,75.43046558056274,75.69450020506409,67.45411779427613,300015.SZ
2021-07-06,63.41,1.3747936241107075,1,-0.07659822338721434,0.005711775043936829,-0.04208754208754206,0.004226542688081203,-8.446433727981528,-27.36540664375716,-25.312131919905777,-24.421930870083443,70.65153950890408,74.28565933479486,75.21275509898314,67.41387781622363,300015.SZ
2021-07-07,67.22,-0.3054022908595252,2,0.06008516006938969,-0.07659822338721434,0.005711775043936829,-0.04208754208754206,-5.297266835728376,-21.682395432832347,-17.084001480202293,-19.880810488677003,70.02762323455788,73.61273939814772,74.89931372255244,67.41194868372389,300015.SZ
2021-07-08,64.88,-0.25857132458204934,3,-0.03481106813448387,0.06008516006938969,-0.07659822338721434,0.005711775043936829,-8.978675645342316,0.015415446277144973,-21.338506304558692,-24.43512695085023,69.09169173736554,72.78104993165746,74.50639945892293,67.38675516448286,300015.SZ
2021-07-09,63.83,0.08826272642481969,4,-0.016183723797780436,-0.03481106813448387,0.06008516006938969,-0.07659822338721434,-6.517281780902174,-5.548978987866238,-24.011904761904766,-26.640616021147,68.13502051238999,71.92856898578532,74.08771712720046,67.35136456583129,300015.SZ
2021-07-12,66.0,-0.11050716465935917,0,0.03399655334482232,-0.016183723797780436,-0.03481106813448387,0.06008516006938969,-3.8881607688947217,-5.579399141630914,-20.337960168980075,-23.15752706950751,67.7468349646827,71.36394336809148,73.7705517496632,67.33791815224093,300015.SZ
2021-07-13,66.3,-0.3611460930566708,1,0.004545454545454408,0.03399655334482232,-0.016183723797780436,-0.03481106813448387,4.557640750670244,-4.273751082876132,-24.05498281786942,-21.908127208480575,67.48377406201311,70.88166304732087,73.47758893595092,67.32759060843753,300015.SZ
2021-07-14,66.66,0.34462731193607277,2,0.005429864253393646,0.004545454545454408,0.03399655334482232,-0.016183723797780436,-0.8330853912526082,-6.086221470836861,-22.334847955260408,-17.774762550881952,67.33399695982891,70.47959989995698,73.2102325070901,67.32094791581626,300015.SZ
2021-07-15,67.02,-0.218359816992178,3,0.005400540054005365,0.005429864253393646,0.004545454545454408,0.03399655334482232,3.298397040690504,-5.976430976430979,3.314320949591476,-18.7439379243453,67.27690660349637,70.15011419519918,72.96747829112577,67.31795340919122,300015.SZ
2021-07-16,65.11,0.03559200422950082,4,-0.028498955535660953,0.005400540054005365,0.005429864253393646,0.004545454545454408,2.0053266489111765,-4.6426479203280575,-3.65492749334122,-22.48809523809524,66.88292358467885,69.67010331946592,72.6593418875522,67.29598372352763,300015.SZ
2021-07-19,66.43,0.06429478725408555,0,0.020273383504838094,-0.028498955535660953,0.005400540054005365,0.005429864253393646,0.6515151515151585,-3.2619775739041734,-4.964234620886976,-19.818949909474938,66.80057384200997,69.36152205094535,72.4150539703933,67.2873669700597,300015.SZ
2021-07-20,66.38,-0.24855240466428352,1,-0.0007526719855488473,0.020273383504838094,-0.028498955535660953,0.005400540054005365,0.12066365007541435,4.683803816432741,-4.158244296852454,-23.96334478808706,66.72410587073543,69.07756756990294,72.17838518724064,67.27833844299442,300015.SZ
2021-07-21,67.33,0.18615873305368114,2,0.014311539620367686,-0.0007526719855488473,0.020273383504838094,-0.028498955535660953,1.0051005100510046,0.1636417732817641,-5.142293603832071,-21.554235115926833,66.83426843969262,68.91113256324552,71.98825243479983,67.27885248833778,300015.SZ
2021-07-22,65.5,0.32591021788851227,3,-0.027179563344720048,0.014311539620367686,-0.0007526719855488473,0.020273383504838094,-2.267979707549983,0.9556103575832475,-8.10886644219978,0.9711731154616876,66.59167417793033,68.58626279531737,71.73381116284689,67.2611524635782,300015.SZ
2021-07-23,63.39,-0.01934673366834172,4,-0.03221374045801528,-0.027179563344720048,0.014311539620367686,-0.0007526719855488473,-2.641683305175857,-0.6893310355632121,-7.161687170474518,-6.200059189109197,66.00955160012481,68.09138062433476,71.40660288195093,67.22263353359236,300015.SZ
2021-07-26,56.8,1.8722333904885788,0,-0.10395961508124318,-0.03221374045801528,-0.027179563344720048,0.014311539620367686,-14.496462441667934,-13.939393939393941,-17.285568661715455,-18.741058655221753,64.33508767282939,67.01601104106479,70.833794925796,67.11892573723821,300015.SZ
2021-07-27,55.22,-0.40950737386715885,1,-0.027816901408450723,-0.10395961508124318,-0.03221374045801528,-0.027179563344720048,-16.812292859294963,-16.711915535444945,-12.91594385743573,-20.27144094715565,62.677799005042225,65.89258141810623,70.22148924243146,67.00052846622093,300015.SZ
2021-07-28,57.51,-0.06332578002440303,2,0.0414704817095255,-0.027816901408450723,-0.10395961508124318,-0.03221374045801528,-14.584880439625724,-13.72637263726373,-14.445105623326393,-18.977176669484376,61.73819918594363,65.09424033066755,69.72299946821846,66.90609534715405,300015.SZ
2021-07-29,61.01,0.05274143823932609,3,0.06085898104677456,0.0414704817095255,-0.027816901408450723,-0.10395961508124318,-6.854961832061068,-8.967472396299614,-5.964858199753387,-14.407968574635245,61.605799333953875,64.70526506108015,69.38131321456284,66.84742773175948,300015.SZ
2021-07-30,58.7,-0.33778102508050334,4,-0.037862645467956035,0.06085898104677456,0.0414704817095255,-0.027816901408450723,-7.398643319135512,-9.844877898940252,-8.036973210089293,-14.030462800234321,61.07747218232589,64.133335055263,68.96243818654077,66.76635879910516,300015.SZ
2021-08-02,57.75,0.5469336002669336,0,-0.016183986371379966,-0.037862645467956035,0.06085898104677456,0.0414704817095255,1.6725352112676006,-13.066385669125403,-12.5,-15.902140672782872,60.472477240084814,63.5253983833332,68.52273472824506,66.67664378617876,300015.SZ
2021-08-03,59.27,-0.27661397938523824,1,0.0263203463203463,-0.016183986371379966,-0.037862645467956035,0.06085898104677456,7.334299166968505,-10.71105754745404,-10.60331825037707,-6.528938653209259,60.25384501461484,63.120122346825276,68.15988238596094,66.60294583805758,300015.SZ
2021-08-04,58.04,-0.2036456883870712,2,-0.02075248861143919,0.0263203463203463,-0.016183986371379966,-0.037862645467956035,0.9215788558511573,-13.797712758057322,-12.931293129312927,-13.65664980660518,59.85132773923032,62.63630117093715,67.76302425317816,66.51774239688288,300015.SZ
2021-08-05,56.5,0.033887981947710255,3,-0.026533425223983498,-0.02075248861143919,0.0263203463203463,-0.016183986371379966,-7.392230781839038,-13.740458015267176,-15.696806923306472,-12.916152897657208,59.24199542300662,62.051891535609805,67.32133702756333,66.41806336805818,300015.SZ
2021-08-06,56.1,-0.2914218112460464,4,-0.0070796460176990594,-0.026533425223983498,-0.02075248861143919,0.0263203463203463,-4.429301533219765,-11.500236630383343,-13.838120104438644,-12.110292965690107,58.670723527914504,61.48504472269458,66.88128459510988,66.31539607086357,300015.SZ
2021-08-09,57.07,0.08690704156245954,0,0.01729055258467027,-0.0070796460176990594,-0.026533425223983498,-0.02075248861143919,-1.1774891774891771,0.47535211267606403,-14.090019569471634,-13.530303030303026,58.3796828864755,61.06456427291414,66.49652833647811,66.22340208010871,300015.SZ
2021-08-10,57.71,0.5506721171690827,1,0.011214298230243669,0.01729055258467027,-0.0070796460176990594,-0.026533425223983498,-2.6320229458410727,4.5092357841361785,-13.061163000903875,-12.95625942684766,58.25792236166177,60.74508196120804,66.15195859779269,66.13869161164992,300015.SZ
2021-08-11,55.54,-0.12262358183126731,2,-0.03760180211401842,0.011214298230243669,0.01729055258467027,-0.0070796460176990594,-4.307374224672644,-3.4254912189184417,-17.51076785979504,-16.681668166816678,57.76375465954145,60.24935986966441,65.73580335866356,66.03323199362355,300015.SZ
2021-08-12,54.78,-0.3616162360943419,3,-0.01368383147281238,-0.03760180211401842,0.011214298230243669,0.01729055258467027,-3.044247787610621,-10.211440747418454,-16.366412213740457,-18.263205013428816,57.22125381235209,59.7284684535059,65.306164011265,65.92125953597555,300015.SZ
2021-08-13,52.94,1.1409101409101412,4,-0.03358890105878065,-0.01368383147281238,-0.03760180211401842,0.011214298230243669,-5.632798573975051,-9.812606473594554,-16.485250039438405,-18.69144524650591,56.44284402828807,59.08194764841009,64.8212164029801,65.79209277442355,300015.SZ
2021-08-16,53.7,-0.4895777136383255,0,0.014355874574990546,-0.03358890105878065,-0.01368383147281238,-0.03760180211401842,-5.90502891186262,-7.012987012987004,-5.457746478873227,-19.163028752069856,55.944145114053875,58.56938120570437,64.3850902695299,65.67177344333476,300015.SZ
2021-08-17,52.0,0.4991907728284637,1,-0.03165735567970207,0.014355874574990546,-0.03358890105878065,-0.01368383147281238,-9.894299081614976,-12.265901805297796,-5.831220572256424,-21.66315155167219,55.22702782058953,57.94372585278015,63.89940045503853,65.5357358966349,300015.SZ
2021-08-18,50.7,0.20312761626113685,2,-0.02499999999999991,-0.03165735567970207,0.014355874574990546,-0.03358890105878065,-8.71444004321209,-12.64645072363887,-11.841418883672395,-24.699242536759236,54.40393185320961,57.25384720013442,63.381776907782125,65.38811663398182,300015.SZ
2021-08-19,50.07,-0.19783552161731577,3,-0.012426035502958621,-0.02499999999999991,-0.03165735567970207,0.014355874574990546,-8.59802847754655,-11.38053097345133,-17.931486641534168,-23.55725190839695,53.61594424353513,56.56967127631209,62.85974644081028,65.23569756299693,300015.SZ
2021-08-20,46.75,0.6658859410027074,4,-0.0663071699620531,-0.012426035502958621,-0.02499999999999991,-0.03165735567970207,-11.692482055156772,-16.666666666666675,-20.357751277683136,-26.250197191986114,52.36759074471056,55.63446448809189,62.22799167842557,65.05176027381289,300015.SZ
2021-08-23,46.35,-0.28291958319858357,0,-0.00855614973262031,-0.0663071699620531,-0.012426035502958621,-0.02499999999999991,-13.687150837988826,-18.78394953565796,-19.740259740259734,-18.39788732394365,51.273483336581364,54.75022977494028,61.605325338095156,64.86567310690928,300015.SZ
2021-08-24,49.55,0.3887916405497547,1,0.06903991370010787,-0.00855614973262031,-0.0663071699620531,-0.012426035502958621,-4.711538461538467,-14.1396638364235,-16.39952758562512,-10.268018833755887,50.960122729930205,54.25496979637454,61.13256748169927,64.7132783496266,300015.SZ
2021-08-25,50.96,-0.08229100446102999,2,0.028456104944500682,0.06903991370010787,-0.00855614973262031,-0.0663071699620531,0.512820512820511,-8.246308966510618,-12.198483804272907,-11.38932359589636,50.960100415397434,53.941163149100774,60.733643266730674,64.5764298088343,300015.SZ
2021-08-26,48.71,-0.330815343047438,3,-0.04415227629513341,0.028456104944500682,0.06903991370010787,-0.00855614973262031,-2.7161973237467496,-11.080686381891203,-13.787610619469026,-20.160629405015563,50.55099124896154,53.442957134900695,60.26212784450594,64.41855488536332,300015.SZ
2021-08-27,47.05,0.346765194868049,4,-0.034079244508314566,-0.04415227629513341,0.028456104944500682,0.06903991370010787,0.6417112299465177,-11.125802795617679,-16.1319073083779,-19.846678023850096,49.91444738551398,52.83410407443396,59.744005183937084,64.24573344371791,300015.SZ
2021-08-30,46.0,0.20834387020350564,0,-0.022316684378320906,-0.034079244508314566,-0.04415227629513341,0.028456104944500682,-0.7551240560949357,-14.338919925512105,-19.39723147012441,-20.346320346320347,49.20272967905689,52.183237019725965,59.20502458848857,64.06418385721325,300015.SZ
2021-08-31,42.2,0.08976279512923169,1,-0.08260869565217388,-0.022316684378320906,-0.034079244508314566,-0.04415227629513341,-14.833501513622593,-18.846153846153847,-26.87575810084907,-28.800404926607047,47.92950610104654,51.232452541656826,58.53816087913608,63.84662978898228,300015.SZ
2021-09-01,42.8,-0.15059520951728766,2,0.0142180094786728,-0.08260869565217388,-0.022316684378320906,-0.034079244508314566,-16.01255886970173,-15.581854043392518,-22.938422758372347,-26.25775327360441,46.996868628128986,50.429361823403795,57.92097809956212,63.63721058710186,300015.SZ
2021-09-02,40.86,-0.2526937699690016,3,-0.045327102803738306,0.0142180094786728,-0.08260869565217388,-0.022316684378320906,-16.115787312666807,-18.39424805272618,-25.41073384446879,-27.681415929203546,45.881074332105534,49.517994030698674,57.25192013487341,63.410571675787416,300015.SZ
2021-09-03,41.12,-0.2561185331443766,4,0.006363191385217792,-0.045327102803738306,0.0142180094786728,-0.08260869565217388,-12.603613177470773,-12.042780748663107,-22.327162825840574,-26.702317290552593,45.01542445354089,48.71818507539403,56.61929581585876,63.188774942695005,300015.SZ
2021-09-06,44.9,1.3632870613166657,0,0.09192607003891062,0.006363191385217792,-0.045327102803738306,0.0142180094786728,-2.3913043478260954,-3.1283710895361416,-16.387337057728125,-21.324688978447526,44.99443818926073,48.354548401546985,56.15971558778587,63.00679708256869,300015.SZ
2021-09-07,45.01,-0.40141932620500076,1,0.0024498886414254795,0.09192607003891062,0.006363191385217792,-0.045327102803738306,6.658767772511842,-9.162462159434915,-13.442307692307697,-22.006584647374805,44.99726760939514,48.03601998235204,55.722471839245244,62.82772447478194,300015.SZ
2021-09-08,44.81,-0.34418409345398426,2,-0.004443457009553287,0.0024498886414254795,0.09192607003891062,0.006363191385217792,4.696261682242997,-12.06828885400314,-11.617357001972383,-19.3194094346417,44.96321895314148,47.7287799840328,55.29453176711798,62.64844363423685,300015.SZ
2021-09-09,45.18,0.03722867311563749,3,0.008257085471992776,-0.004443457009553287,0.0024498886414254795,0.09192607003891062,10.572687224669597,-7.246971874358454,-9.766327142001197,-17.524644030668124,45.00263368893394,47.48603903317253,54.89788346252512,62.47462827469221,300015.SZ
2021-09-10,44.91,-0.1646859272029586,4,-0.005976095617529986,0.008257085471992776,-0.004443457009553287,0.0024498886414254795,9.2169260700389,-4.548352816153034,-3.935828877005354,-15.168114846996605,44.98579120003686,47.24070198239419,54.50620175811237,62.2998558540485,300015.SZ
2021-09-13,45.8,0.47579925700057246,0,0.019817412602983753,-0.005976095617529986,0.008257085471992776,-0.004443457009553287,2.0044543429843964,-0.43478260869566077,-1.1866235167206085,-14.711359404096847,45.13382916366652,47.10349226978522,54.16478208132365,62.13567818385897,300015.SZ
2021-09-14,46.9,0.05831694245448138,1,0.02401746724890841,0.019817412602983753,-0.005976095617529986,0.008257085471992776,4.199066874028001,11.137440758293838,-5.348133198789096,-9.807692307692307,45.45495113390896,47.0841120536152,53.87988866636978,61.98407939595988,300015.SZ
2021-09-15,45.83,-0.307772970438415,2,-0.022814498933901972,0.02401746724890841,0.019817412602983753,-0.005976095617529986,2.276277616603428,7.07943925233645,-10.066718995290424,-9.605522682445766,45.5231418368346,46.96467281041375,53.56420675788469,61.82334228754237,300015.SZ
2021-09-16,48.69,1.344509923457292,3,0.06240453851189187,-0.022814498933901972,0.02401746724890841,0.019817412602983753,7.768924302788838,19.16299559471366,-0.041059330732917676,-2.756141402037149,46.098934230137395,47.12898968561244,53.37306139483039,61.69266226478076,300015.SZ
2021-09-17,52.06,0.15469674206528472,4,0.06921339084000833,0.06240453851189187,-0.022814498933901972,0.02401746724890841,15.920730349588075,26.605058365758772,10.648246546227425,11.35828877005347,47.182764370112416,47.59860971555411,53.321568791111545,61.59681487906155,300015.SZ
2021-09-22,53.52,-0.3459795737324569,2,0.028044563964656266,0.06921339084000833,0.06240453851189187,-0.022814498933901972,16.855895196506566,19.198218262806254,16.34782608695653,15.469255663430426,48.334989030091975,48.1625516474061,53.32935040714639,61.516448561856954,300015.SZ
2021-09-23,52.35,-0.09546929505750767,3,-0.021860986547085237,0.028044563964656266,0.06921339084000833,0.06240453851189187,11.62046908315566,16.307487225061102,24.05213270142179,5.6508577194752885,49.06499102462071,48.561356252415045,53.29094450882693,61.42524011845539,300015.SZ
2021-09-24,51.88,-0.35072305509522184,4,-0.00897803247373441,-0.021860986547085237,0.028044563964656266,0.06921339084000833,13.200960069823275,15.777728185672846,21.214953271028048,1.8053375196232402,49.57681083832604,48.87741756170885,53.235613351618035,61.33026260483892,300015.SZ
2021-09-27,54.57,1.1820302969288532,0,0.051850424055512656,-0.00897803247373441,-0.021860986547085237,0.028044563964656266,12.07640172520026,20.78353253652059,33.55359765051396,12.030383904742358,50.484663413175845,49.41956827011754,53.28794223978988,61.26299631026341,300015.SZ
2021-09-28,53.68,-0.5126661636749514,1,-0.016309327469305468,0.051850424055512656,-0.00897803247373441,-0.021860986547085237,3.1117940837495084,19.527944778445793,30.544747081712064,14.091392136025505,51.06563370168932,49.825323672963485,53.30331705391576,61.1875436106588,300015.SZ
2021-09-29,52.63,0.10767191641977236,2,-0.019560357675111772,-0.016309327469305468,0.051850424055512656,-0.00897803247373441,-1.6629297458893855,14.91266375545852,17.216035634743875,14.413043478260867,51.35006393774581,50.09243570410982,53.27691246356613,61.10239392299056,300015.SZ
2021-09-30,53.4,-0.24115375720218413,3,0.014630438913167287,-0.019560357675111772,-0.016309327469305468,0.051850424055512656,2.005730659025784,13.85927505330491,18.64030215507666,26.54028436018956,51.722779585428384,50.40744182752793,53.28173942577922,61.02575318743842,300015.SZ
2021-10-08,53.18,0.17768811326880152,4,-0.0041198501872659055,0.014630438913167287,-0.019560357675111772,-0.016309327469305468,2.5057825751734653,16.037530002181978,18.67886632448115,24.252336448598143,51.98772875171413,50.671494986810984,53.277749644376115,60.947685991543516,300015.SZ
2021-10-11,51.44,0.1670529726810388,0,-0.032719067318540795,-0.0041198501872659055,0.014630438913167287,-0.019560357675111772,-5.735752244823167,5.64797699733004,13.855688357680386,25.893294175232494,51.88814170594792,50.744685940448036,53.20568103087117,60.853082150831646,300015.SZ
2021-10-12,51.4,-0.18571580073850547,1,-0.0007776049766717863,-0.032719067318540795,-0.0041198501872659055,0.014630438913167287,-4.247391952309987,-1.2677679600461067,14.451124471164567,25.0,51.79938866850284,50.8070968032625,53.134870010052694,60.7590216319179,300015.SZ
2021-10-13,52.48,-0.24445891546294107,2,0.021011673151750898,-0.0007776049766717863,-0.032719067318540795,-0.0041198501872659055,-0.28500855025651584,-1.9431988041853643,14.58515283842794,16.881959910913146,51.9231361833205,50.96642091723751,53.10918883318788,60.67664330722221,300015.SZ
2021-10-14,48.01,1.678443263911742,3,-0.08517530487804881,0.021011673151750898,-0.0007776049766717863,-0.032719067318540795,-10.093632958801502,-8.290353390639925,2.36673773987206,6.665185514330152,51.21165687726222,50.68485702035775,52.9092206436511,60.55060705540905,300015.SZ
2021-10-15,47.12,-0.26551680761996144,4,-0.018537804624036647,-0.08517530487804881,0.021011673151750898,-0.0007776049766717863,-11.395261376457322,-9.175019275250584,2.814750163648272,5.155099308190114,50.46771926321455,50.34534682794273,52.68219238311576,60.41696917426071,300015.SZ
2021-10-18,47.27,-0.37808224634073484,0,0.0031833616298813094,-0.018537804624036647,-0.08517530487804881,0.021011673151750898,-8.106531881804035,-13.377313542239321,-2.9164099404395016,4.625940681717577,49.8863157608119,50.05245665385294,52.469949544562205,60.28615356058647,300015.SZ
2021-10-19,47.18,-0.17671696083203114,1,-0.001903955997461515,0.0031833616298813094,-0.018537804624036647,-0.08517530487804881,-8.210116731517502,-12.108792846497762,-9.373799462159049,5.054553551547536,49.394258349755184,49.778889353485994,52.26250054281467,60.155744072421435,300015.SZ
2021-10-20,46.81,0.7021407346329169,2,-0.007842306061890625,-0.001903955997461515,0.0031833616298813094,-0.018537804624036647,-10.804115853658525,-11.0583317499525,-12.537369207772798,2.205240174672496,48.92439319525424,49.49613798648733,52.04867699211606,60.02295059906401,300015.SZ
2021-10-21,46.58,-0.5097501565234877,3,-0.00491348002563563,-0.007842306061890625,-0.001903955997461515,0.0031833616298813094,-2.978546136221616,-12.77153558052434,-11.02196752626553,-0.6823027718550145,48.49813988702619,49.218410559202816,51.834219070856605,59.88918989658576,300015.SZ
2021-10-22,46.7,-0.023966441388953652,4,0.0025762129669386624,-0.00491348002563563,-0.007842306061890625,-0.001903955997461515,-0.8913412563667067,-12.185031966904846,-9.984579799537396,1.8983198778093069,48.17120536211234,48.97856193451683,51.63287714650929,59.75795417622173,300015.SZ
2021-10-25,47.32,0.41872325794621035,0,0.013276231263383176,0.0025762129669386624,-0.00491348002563563,-0.007842306061890625,0.10577533319229282,-8.009331259720053,-13.285688107018512,-2.8137194495789664,48.01644075081918,48.820603655039044,51.46374470939128,59.63419343814987,300015.SZ
2021-10-26,48.19,1.022026846902643,1,0.018385460693153055,0.013276231263383176,0.0025762129669386624,-0.00491348002563563,2.1407376006782552,-6.245136186770428,-10.22727272727273,-7.433730311179421,48.04799697794296,48.760546164082946,51.33536256392495,59.520320866625994,300015.SZ
2021-10-27,46.06,-0.22844615200223728,2,-0.04420004150238632,0.018385460693153055,0.013276231263383176,0.0025762129669386624,-1.6022217474898515,-12.23323170731706,-12.483374501235033,-13.938714499252614,47.68654298195332,48.50335129131314,51.12848560063378,59.38638732566455,300015.SZ
2021-10-28,45.76,-0.47715396531562426,3,-0.0065132435953105805,-0.04420004150238632,0.018385460693153055,0.013276231263383176,-1.760412194074712,-4.686523640908147,-14.30711610486891,-12.588347659980903,47.336262439779986,48.242079739759504,50.91795675355011,59.2508013821256,300015.SZ
2021-10-29,48.53,1.1962977023636605,4,0.06053321678321688,-0.0065132435953105805,-0.04420004150238632,0.018385460693153055,3.9186295503211843,2.9923599320882843,-8.74388867995487,-6.4572089437162745,47.553305632547264,48.269500716925265,50.82431139066579,59.144126741507435,300015.SZ
2021-11-01,46.1,-0.0957722239131823,0,-0.05007212033793529,0.06053321678321688,-0.0065132435953105805,-0.04420004150238632,-2.578191039729494,-2.475142796699814,-10.381026438569197,-15.521348726406448,47.289068244811396,48.06288160102762,50.63904427730635,59.01433443562179,300015.SZ
2021-11-02,46.5,-0.3306307504342695,1,0.008676789587852562,-0.05007212033793529,0.06053321678321688,-0.0065132435953105805,-3.5069516497198583,-1.441288681644759,-9.53307392996109,-13.375558867362148,47.14560129120932,47.91403573426309,50.476728815451196,58.889813694968836,300015.SZ
2021-11-03,47.46,0.006742284554208222,2,0.020645161290322678,0.008676789587852562,-0.05007212033793529,0.06053321678321688,3.039513677811545,1.3885921811578772,-9.565548780487799,-9.823294698840968,47.20276469280762,47.870794235761835,50.35842572464919,58.77608420546666,300015.SZ
2021-11-04,47.55,-0.2972946305786296,3,0.0018963337547408532,0.020645161290322678,0.008676789587852562,-0.05007212033793529,3.911713286713292,2.0824388149420336,-0.958133722141219,-10.95505617977528,47.265898385024414,47.840242403784515,50.24829138250609,58.66438187506401,300015.SZ
2021-11-05,48.49,0.4986397542781922,4,0.019768664563617255,0.0018963337547408532,0.020645161290322678,0.008676789587852562,-0.08242324335462348,3.8329764453961523,2.9074702886247916,-8.819104926664156,47.48846231501997,47.90212407961456,50.17933877927055,58.563144244466365,300015.SZ
2021-11-08,47.7,-0.34632546700240097,0,-0.016292018972984157,0.019768664563617255,0.0018963337547408532,0.020645161290322678,3.470715835141003,0.8030431107354241,0.9096678654537671,-7.270606531881796,47.52692371228907,47.882874167270316,50.08210980753445,58.455053256959246,300015.SZ
2021-11-09,48.23,0.2825187229010644,1,0.011111111111111072,-0.016292018972984157,0.019768664563617255,0.0018963337547408532,3.720430107526873,0.08300477277443097,2.2255192878338326,-6.167315175097277,47.65475576460014,47.91593377038743,50.00947805037624,58.35331143350692,300015.SZ
2021-11-10,46.75,-0.06625222645199602,2,-0.03068629483723817,0.011111111111111072,-0.016292018972984157,0.019768664563617255,-1.4959966287399928,1.4980460269214069,-0.12817773979919567,-10.918445121951216,47.49025471649102,47.80489245892197,49.881655381734035,58.23785559834765,300015.SZ
2021-11-11,48.22,0.1317025733093955,3,0.031443850267379725,-0.03068629483723817,0.011111111111111072,-0.016292018972984157,1.409043112513153,5.375874125874125,3.520824388149424,0.4374088731514236,47.622935677129014,47.84442651045321,49.816492425587604,58.13817544314021,300015.SZ
2021-11-12,47.59,-0.43811720846608415,4,-0.013065118208212212,0.031443850267379725,-0.03068629483723817,0.011111111111111072,-1.8560527943905947,-1.9369462188337017,1.9057815845824333,0.997453310696117,47.616947372196464,47.820195414219576,49.72917899713319,58.03321847355673,300015.SZ
2021-11-15,48.34,0.13866243162166936,0,0.015759613364152214,-0.013065118208212212,0.031443850267379725,-0.03068629483723817,1.3417190775681265,4.859002169197391,2.1555367709213957,2.2635921303152173,47.74841148634256,47.86970061286533,49.67470138940248,57.93676853849647,300015.SZ
2021-11-16,50.1,1.5682391106703033,1,0.03640877120397179,0.015759613364152214,-0.013065118208212212,0.031443850267379725,3.877254820651066,7.741935483870965,3.963477899979262,6.189063162356945,48.175973034280275,48.08211007830673,49.69137976628866,57.858790742093525,300015.SZ
2021-11-17,49.43,-0.43966852384496247,2,-0.013373253493013992,0.03640877120397179,0.015759613364152214,-0.013065118208212212,5.732620320855619,4.150863885377154,7.316543638732087,5.597094637897881,48.40397793713841,48.21048054703942,49.68112957937538,57.77492217749558,300015.SZ
2021-11-18,47.7,0.13206978246823153,3,-0.034998988468541326,-0.013373253493013992,0.03640877120397179,0.015759613364152214,-1.0783907092492662,0.3154574132492316,4.239510489510501,2.4044654358093664,48.27598194856778,48.16186335208329,49.60343822332144,57.67467419562996,300015.SZ
2021-11-19,47.26,-0.27904823510013577,4,-0.009224318658280994,-0.034998988468541326,-0.013373253493013992,0.03640877120397179,-0.6934229880227072,-2.536605485667154,-2.6169379765093814,1.1991434689507363,48.09125795791909,48.07597160426583,49.51153868515197,57.571045596668476,300015.SZ
2021-11-22,47.09,-0.01936948031385244,0,-0.00359712230215814,-0.009224318658280994,-0.034998988468541326,-0.013373253493013992,-2.58585022755482,-1.2788259958071313,2.14750542299349,-0.4860524091293228,47.90921105647925,47.9820695467167,49.41657638377346,57.46675658575635,300015.SZ
2021-11-23,46.86,-0.29007373387632074,1,-0.00488426417498411,-0.00359712230215814,-0.009224318658280994,-0.034998988468541326,-6.467065868263477,-2.840555670744349,0.7741935483871032,-2.7599086947499463,47.71844540984665,47.875205780362734,49.31631848637058,57.361216719231415,300015.SZ
2021-11-24,47.45,0.660062670575154,2,0.01259069568928739,-0.00488426417498411,-0.00359712230215814,-0.009224318658280994,-4.005664576168311,1.497326203208571,-0.02107037505266751,3.0178028658271794,47.66963715351089,47.83470999175676,49.24312952612075,57.262597647398266,300015.SZ
2021-11-25,47.19,-0.26045028313949947,3,-0.005479452054794609,0.01259069568928739,-0.00488426417498411,-0.00359712230215814,-1.0691823899371178,-2.136043135628374,-0.7570977917981114,3.125,47.58243039832709,47.77330904016088,49.16261464274346,57.16237279518535,300015.SZ
2021-11-26,46.11,0.33802295065095445,4,-0.022886204704386515,-0.005479452054794609,0.01259069568928739,-0.00488426417498411,-2.433347439695299,-3.1098970371926993,-4.908228500721801,-4.986606222954881,47.31471578044943,47.614898655383655,49.04290426459666,57.05239893652679,300015.SZ
2021-11-29,43.47,1.0686029428731856,0,-0.057254391672088456,-0.022886204704386515,-0.005479452054794609,0.01259069568928739,-7.687407092801024,-10.074472486553587,-8.867924528301895,-5.704989154013019,46.61567654764045,47.22014640248997,48.824358999318356,56.917250688402156,300015.SZ
2021-11-30,42.68,-0.36787054217158666,1,-0.018173452956061653,-0.057254391672088456,-0.022886204704386515,-0.005479452054794609,-8.920187793427225,-14.81037924151697,-11.50736056396433,-8.21505376344086,45.900098993524,46.78775150701473,48.583403744443125,56.77558650244791,300015.SZ
2021-12-01,42.15,-0.21663147120933157,2,-0.01241799437675728,-0.018173452956061653,-0.057254391672088456,-0.022886204704386515,-11.169652265542684,-14.727898037628972,-9.83957219251337,-11.188369152970923,45.21826281288327,46.34606088729904,48.331113401523794,56.630058278542954,300015.SZ
2021-12-02,41.46,0.2252074338276704,3,-0.016370106761565806,-0.01241799437675728,-0.018173452956061653,-0.057254391672088456,-12.142403051493956,-13.081761006289316,-14.01907922024056,-12.80757097791797,44.534942301449945,45.88072175517532,48.06165797401306,56.479112425025114,300015.SZ
2021-12-03,42.15,-0.17764008653710628,4,0.016642547033284938,-0.016370106761565806,-0.01241799437675728,-0.018173452956061653,-8.58815875081328,-10.812526449428695,-11.430972893465018,-13.074860796040422,44.10131642845904,45.5254149213491,47.82982824954196,56.33653419194029,300015.SZ
2021-12-06,42.52,-0.07239421084795272,0,0.008778173190984617,0.016642547033284938,-0.016370106761565806,-0.01241799437675728,-2.1854152288934836,-9.7048205563814,-12.039718659495247,-10.85953878406708,43.8138043505574,45.23918492883967,47.621599690736396,56.19905623978168,300015.SZ
2021-12-07,42.99,-0.0387971205450397,1,0.011053621825023452,0.008778173190984617,0.016642547033284938,-0.016370106761565806,0.7263355201499566,-8.258642765685009,-14.191616766467064,-10.864607091022172,43.66402174136515,45.024976840378756,47.43996833031537,56.06762284436097,300015.SZ
2021-12-08,43.14,-0.08903451215740699,2,0.0034891835310537633,0.011053621825023452,0.008778173190984617,0.016642547033284938,2.348754448398571,-9.08324552160169,-12.725065749544806,-7.721925133689833,43.568745061116935,44.84545523653316,47.271342121283396,55.938989781233,300015.SZ
2021-12-09,45.72,2.1473111472010427,3,0.05980528511821981,0.0034891835310537633,0.011053621825023452,0.008778173190984617,10.274963820549932,-3.1150667514303843,-4.150943396226426,-5.18457071754459,43.959882322732035,44.9287452140062,47.21050517535072,55.83730829087247,300015.SZ
2021-12-10,44.35,-0.27086491592228923,4,-0.029965004374453152,0.05980528511821981,0.0034891835310537633,0.011053621825023452,5.21945432977462,-3.8169594448058897,-6.157426999576798,-6.80815297331373,44.03081280950803,44.873626622196085,47.09832850180756,55.72300671583891,300015.SZ
2021-12-13,44.71,-0.36018472241658506,0,0.008117249154453221,-0.029965004374453152,0.05980528511821981,0.0034891835310537633,5.1505174035747725,2.852541982976775,-5.054151624548742,-7.509309060819202,44.15430138959748,44.85804313436788,47.0046685605602,55.61342455946241,300015.SZ
2021-12-14,44.08,-0.30944063591653603,1,-0.014090807425631957,0.008117249154453221,-0.029965004374453152,0.05980528511821981,2.5354733658990325,3.280224929709452,-5.932565087494668,-12.015968063872261,44.1407920460343,44.78394378823761,46.889975675832346,55.498664116084676,300015.SZ
2021-12-15,42.77,0.25465141533338165,2,-0.02971869328493637,-0.014090807425631957,0.008117249154453221,-0.029965004374453152,-0.8576726935558554,1.4709371293001317,-9.86301369863014,-13.473599028929794,43.89155712857351,44.59213961792926,46.7284080022703,55.37201074179528,300015.SZ
2021-12-16,43.5,-0.24233288133637232,3,0.017068038344633996,-0.02971869328493637,-0.014090807425631957,0.008117249154453221,-4.855643044619418,4.920405209840806,-7.819453273998722,-8.80503144654089,43.82036492337832,44.488126320983625,46.60180376688715,55.25388128167791,300015.SZ
2021-12-17,42.83,0.019800849151800026,4,-0.015402298850574758,0.017068038344633996,-0.02971869328493637,-0.014090807425631957,-3.427282976324697,1.6132858837485164,-7.113424419865543,-9.373677528565382,43.64029857367317,44.330209528508995,46.45388989367589,55.130260572407494,300015.SZ
2021-12-20,42.2,-0.06357933648227321,0,-0.014709315900069964,-0.015402298850574758,0.017068038344633996,-0.02971869328493637,-5.613956609259674,-0.7525870178739402,-2.9215550954681313,-10.38437035464005,43.37842610573259,44.12733243055576,46.2870706821592,55.00160126322931,300015.SZ
2021-12-21,43.12,-0.06023027463490005,1,0.02180094786729847,-0.014709315900069964,-0.015402298850574758,0.017068038344633996,-2.177858439201452,0.30239590602465505,1.0309278350515427,-7.9812206572769995,43.33143954105394,44.03139600859807,46.16287183187844,54.883376375037976,300015.SZ
2021-12-22,43.07,-0.39673077127067136,2,-0.001159554730983281,0.02180094786729847,-0.014709315900069964,-0.015402298850574758,0.7014262333411292,-0.1622624014835372,2.1826809015421222,-9.230769230769232,43.283905079044125,43.93983448396968,46.041582740432226,54.76583034145551,300015.SZ
2021-12-23,42.7,0.23749824166549427,3,-0.008590666357093046,-0.001159554730983281,0.02180094786729847,-0.014709315900069964,-1.8390804597701038,-6.605424321959752,2.9908345393150126,-9.514727696545865,43.17774051921792,43.8217550093059,45.91054028002312,54.645772328107704,300015.SZ
2021-12-24,43.17,0.2998621747964594,4,0.011007025761124112,-0.008590666357093046,-0.001159554730983281,0.02180094786729847,0.7938360961942559,-2.6606538895152188,2.4199288256227858,-6.3760572543916645,43.17633315208739,43.75968310365772,45.803068112179076,54.5315855387733,300015.SZ
2021-12-27,43.99,0.24378299793404223,0,0.018994672226082976,0.011007025761124112,-0.008590666357093046,-0.001159554730983281,4.241706161137437,-1.6103779915007777,3.4571966133584153,1.196227283183804,43.32427257898059,43.781618046166514,45.73196740189755,54.42669414037755,300015.SZ
2021-12-28,43.6,-0.22319286373423552,1,-0.00886565128438288,0.018994672226082976,0.011007025761124112,-0.008590666357093046,1.1131725417439897,-1.0889292196007205,1.4189346359618549,2.1555763823805085,43.374404837347754,43.76432108938875,45.64836083711725,54.318965840473304,300015.SZ
2021-12-29,43.49,0.20452771272443404,2,-0.0025229357798165486,-0.00886565128438288,0.018994672226082976,0.011007025761124112,0.9751567216159884,1.68342296001871,0.8113120074177083,3.1791221826809046,43.39542213964816,43.73819527135173,45.56371923566167,54.211214936588,300015.SZ
2021-12-30,43.65,0.3941690852564643,3,0.003679006668199536,-0.0025229357798165486,-0.00886565128438288,0.018994672226082976,2.2248243559718883,0.34482758620688614,-4.527559055118113,5.282199710564384,43.441709023348494,43.72979572169918,45.48867142249847,54.10612822080106,300015.SZ
2021-12-31,42.28,0.2698052319901909,4,-0.03138602520045808,0.003679006668199536,-0.0025229357798165486,-0.00886565128438288,-2.0616168635626653,-1.2841466261965806,-4.667418263810596,0.30842230130487813,43.23048920092149,43.591719938680214,45.36284117063578,53.988455303181155,300015.SZ
2022-01-04,42.21,-0.42205315124601417,1,-0.0016556291390728006,-0.03138602520045808,0.003679006668199536,-0.0025229357798165486,-4.046374175949086,0.023696682464446894,-5.591590248266609,-0.7290686735653917,43.04494570984485,43.46012756356781,45.239200340414776,53.8712567429505,300015.SZ
2022-01-05,41.54,0.03637131421437245,2,-0.015873015873015928,-0.0016556291390728006,-0.03138602520045808,0.003679006668199536,-4.724770642201836,-3.66419294990723,-5.762250453720508,-3.372877413351949,42.77131921714579,43.27725827179945,45.09413366039851,53.74855767088135,300015.SZ
2022-01-06,38.8,1.6812850992966855,3,-0.06596051998074148,-0.015873015873015928,-0.0016556291390728006,-0.03138602520045808,-10.784088296160043,-9.914093336429076,-9.282207154547596,-10.060268891979607,42.04926117766473,42.850852722104264,44.847304889402494,53.599815803509394,300015.SZ
2022-01-07,38.73,-0.46550556489737394,4,-0.0018041237113401998,-0.06596051998074148,-0.015873015873015928,-0.0016556291390728006,-11.271477663230245,-9.29742388758783,-10.965517241379318,-15.288713910761164,41.44575914536205,42.45839055809434,44.60741058001416,53.45185743730533,300015.SZ
2022-01-10,37.29,0.78095332278481,0,-0.037180480247869796,-0.0018041237113401998,-0.06596051998074148,-0.015873015873015928,-11.802270577105023,-13.620569840166786,-12.934858743871114,-15.918827508455468,40.69016657347804,41.96616288589488,44.320453302366545,53.291042935441595,300015.SZ
2022-01-11,36.28,-0.2602483480481981,1,-0.02708500938589431,-0.037180480247869796,-0.0018041237113401998,-0.06596051998074148,-14.048803601042403,-17.5267106160491,-14.028436018957347,-18.854842317154997,39.888318105572935,41.4246235634287,44.00514140815609,53.121778826631235,300015.SZ
2022-01-12,36.81,-0.07266073983720767,2,0.014608599779492915,-0.02708500938589431,-0.037180480247869796,-0.0018041237113401998,-11.386615310544046,-15.57339449541284,-14.633580705009264,-16.492740471869315,39.32862390455968,40.98513560500692,43.72297899999311,52.95947256964983,300015.SZ
2022-01-13,36.09,0.1990569999038787,3,-0.019559902200488977,0.014608599779492915,-0.02708500938589431,-0.037180480247869796,-6.984536082474213,-17.01540584042308,-16.206175992570227,-15.618424129062426,38.739783194639735,40.51893221405388,43.42364649018946,52.791617121195614,300015.SZ
2022-01-14,35.45,-0.1191322031609946,4,-0.017733444167359447,-0.019559902200488977,0.014608599779492915,-0.02708500938589431,-8.46888716757035,-18.785796105383724,-16.978922716627633,-18.505747126436777,38.14164079561433,40.03617676509637,43.11095447096635,52.61906371700462,300015.SZ
2022-01-17,35.53,-0.19312379656860412,0,0.0022566995768686926,-0.017733444167359447,-0.019559902200488977,0.014608599779492915,-4.71976401179941,-15.964995269631032,-17.697475098448002,-17.044127947700204,37.66679701459354,39.60701707318243,42.81366213877159,52.44902328200955,300015.SZ
2022-01-18,36.06,0.1861888423227156,1,0.014916971573318394,0.0022566995768686926,-0.017733444167359447,-0.019559902200488977,-0.6063947078280063,-14.570007107320537,-18.02682427824506,-14.549763033175356,37.37465210284926,39.269205923355536,42.54881264313349,52.2859484234821,300015.SZ
2022-01-19,35.46,-0.4398943064612182,2,-0.016638935108153063,0.014916971573318394,0.0022566995768686926,-0.017733444167359447,-3.6674816625916873,-14.636494944631673,-18.669724770642205,-17.764378478664188,37.02653353869485,38.90642440684549,42.27081999046159,52.11852605110914,300015.SZ
2022-01-20,35.05,0.030905452011221968,3,-0.01156232374506494,-0.016638935108153063,0.014916971573318394,0.0022566995768686926,-2.881684677195917,-9.664948453608247,-19.406760174752826,-18.620849779428838,36.667163804386696,38.53914589190782,41.98765057907094,51.94868997099861,300015.SZ
2022-01-21,34.21,0.6597100042467998,4,-0.023965763195434975,-0.01156232374506494,-0.016638935108153063,0.014916971573318394,-3.4978843441466956,-11.670539633359144,-21.626575028636886,-19.882903981264644,36.22040674904366,38.1268462831547,41.68264467400933,51.77218559317773,300015.SZ
2022-01-24,34.46,-0.4796317474242685,0,0.007307804735457557,-0.023965763195434975,-0.01156232374506494,-0.016638935108153063,-3.0115395440472814,-7.589165996245639,-18.495742667928095,-20.176048181607598,35.90033279467208,37.777622827616156,41.399403706401124,51.59992504001178,300015.SZ
2022-01-25,33.75,-0.03399899648770699,1,-0.020603598374927423,0.007307804735457557,-0.023965763195434975,-0.01156232374506494,-6.40599001663894,-6.973539140022056,-20.042643923240945,-23.27801773130257,35.50936319564079,37.394039701176524,41.09942709046382,51.42231384558381,300015.SZ
2022-01-26,33.32,0.10029918347842348,2,-0.01274074074074072,-0.020603598374927423,0.007307804735457557,-0.023965763195434975,-6.034968979131417,-9.48111926107037,-19.788155994222436,-23.577981651376145,35.11129716006973,37.00603592011209,40.79435151828877,51.24219131975711,300015.SZ
2022-01-27,32.23,0.0303539563998223,3,-0.032713085234093775,-0.01274074074074072,-0.020603598374927423,0.007307804735457557,-8.045649072753214,-10.695483513438642,-16.932989690721655,-25.891009427454602,34.58742494914796,36.55117535629189,40.458494596002936,51.0530152867247,300015.SZ
2022-01-28,32.27,-0.12926547667045407,4,0.0012410797393733741,-0.032713085234093775,-0.01274074074074072,-0.020603598374927423,-5.670856474714991,-8.970380818053592,-16.679576555641606,-26.071019473081314,34.166074958393786,36.143444369978376,40.13737716086557,50.86611961222993,300015.SZ
2022-02-07,32.11,-0.07103393843725336,0,-0.004958165478772925,0.0012410797393733741,-0.032713085234093775,-0.01274074074074072,-6.819500870574579,-9.625668449197866,-13.891123625636903,-24.053926206244093,33.79224314777673,35.75930681093282,39.8225780565179,50.67949155638685,300015.SZ
2022-02-08,32.83,0.42105919003115266,1,0.022422921208346214,-0.004958165478772925,0.0012410797393733741,-0.032713085234093775,-2.7259259259259316,-8.957293399889089,-9.50937155457553,-22.222222222222232,33.61728984818096,35.480325209891596,39.54835930920348,50.50188467522877,300015.SZ
2022-02-09,33.5,0.0845955167245942,2,0.020408163265306145,0.022422921208346214,-0.004958165478772925,0.0012410797393733741,0.5402160864345751,-5.527354765933445,-8.992121706058143,-19.354838709677413,33.59596442123897,35.29172280894954,39.31116874805824,50.332711693385704,300015.SZ
2022-02-10,33.59,-0.18994384665137876,3,0.0026865671641791433,0.020408163265306145,0.022422921208346214,-0.004958165478772925,4.2196711138690945,-4.165477888730362,-6.927126627874758,-13.427835051546378,33.5948799810137,35.12965397000196,39.08680918931086,50.166117547182864,300015.SZ
2022-02-11,32.4,-0.04942248192137044,4,-0.03542721047930941,0.0026865671641791433,0.020408163265306145,0.022422921208346214,0.4028509451502904,-5.290850628471211,-8.60366713681242,-16.343919442292798,33.37762907537484,34.86968692523987,38.824581377965345,49.989340258156176,300015.SZ
2022-02-14,33.4,0.08395853616631332,0,0.030864197530864113,-0.03542721047930941,0.0026865671641791433,0.020408163265306145,4.017440049828713,-3.076030179918754,-5.99493385871096,-10.43175113971574,33.381696516215776,34.72971674188369,38.61185269647651,49.82427219588597,300015.SZ
2022-02-15,35.2,1.3752223455028973,1,0.05389221556886237,0.030864197530864113,-0.03542721047930941,0.0026865671641791433,7.2190070057874145,4.296296296296309,-2.3849140321686058,-2.9768467475192906,33.71229714963109,34.77450562360905,38.47805455151665,49.678757049658245,300015.SZ
2022-02-16,34.95,-0.5604797301054739,2,-0.007102272727272707,0.05389221556886237,0.030864197530864113,-0.03542721047930941,4.32835820895523,4.891956782713103,-1.4382402707275754,-5.052974735126325,33.93733403151634,34.79121937374152,38.33969947106502,49.532202253144234,300015.SZ
2022-02-17,35.0,-0.26522091198947306,3,0.0014306151645206988,-0.007102272727272707,0.05389221556886237,0.030864197530864113,4.197677880321504,8.5944771951598,-0.14265335235377208,-3.020227209753401,34.130546025786096,34.81110324290899,38.20873086435659,49.387603225749764,300015.SZ
2022-02-18,35.05,-0.2765092812618384,4,0.0014285714285713347,0.0014306151645206988,-0.007102272727272707,0.05389221556886237,8.179012345679016,8.61481251936782,2.455422391113693,-1.1283497884344351,34.29771947564317,34.8338553150129,38.08485906575437,49.24494050708559,300015.SZ
2022-02-21,34.51,0.4671553693830921,0,-0.015406562054208206,0.0014285714285713347,0.0014306151645206988,-0.007102272727272707,3.323353293413178,7.47430706944876,0.14509576320369533,-2.8708133971291905,34.33631593461714,34.803011951678336,37.94466851415616,49.098324183632,300015.SZ
2022-02-22,34.06,-0.025706746263491453,1,-0.013039698638075747,-0.015406562054208206,0.0014285714285713347,0.0014306151645206988,-3.23863636363636,3.746573256168162,0.9185185185185185,-5.546311702717688,34.28607667377766,34.73224890866135,37.79232857242455,48.948689117128204,300015.SZ
2022-02-23,34.53,-0.019192132224799874,2,0.013799177921315353,-0.013039698638075747,-0.015406562054208206,0.0014285714285713347,-1.2017167381974336,3.074626865671637,3.6314525810324128,-2.622673434856171,34.33042636945444,34.712987107836454,37.66439411860398,48.805219573674194,300015.SZ
2022-02-24,33.45,0.47904028972385704,3,-0.0312771503040834,0.013799177921315353,-0.013039698638075747,-0.015406562054208206,-4.428571428571415,-0.41679071152128655,3.785293205088447,-4.564907275320951,34.170348847735454,34.59270262137584,37.49912376101167,48.65243131920978,300015.SZ
2022-02-25,35.38,0.8037004162585697,4,0.057698056801195774,-0.0312771503040834,0.013799177921315353,-0.013039698638075747,0.9415121255349712,9.197530864197546,9.637434149364733,3.4200526161940914,34.39028542087446,34.66768332410195,37.416020868422976,48.52036732598381,300015.SZ
2022-02-28,36.26,-0.022284725227174285,0,0.024872809496890858,0.057698056801195774,-0.0312771503040834,0.013799177921315353,5.070993914807298,8.562874251497,12.924322640921826,5.22344747533372,34.73023352617001,34.81933253133033,37.370686716720115,48.39837362124766,300015.SZ
2022-03-01,36.31,-0.5256021417197108,1,0.0013789299503585983,0.024872809496890858,0.057698056801195774,-0.0312771503040834,6.605989430416903,3.1534090909090873,10.600060919890364,7.585185185185184,35.0174637941391,34.961300861679824,37.32909115920168,48.27809129665813,300015.SZ
2022-03-02,35.56,-0.20216949896646974,2,-0.020655466813550016,0.0013789299503585983,0.024872809496890858,0.057698056801195774,2.9829134086301723,1.7453505007153147,6.149253731343296,6.72268907563025,35.11610674065926,35.01831982723412,37.259715035311416,48.151543124552084,300015.SZ
2022-03-03,35.21,-0.06571133784248528,3,-0.009842519685039464,-0.020655466813550016,0.0013789299503585983,0.024872809496890858,5.2615844544095625,0.6000000000000005,4.822863947603451,9.24604405833076,35.13317824235757,35.036575081783255,37.179334053534504,48.022771551173456,300015.SZ
2022-03-04,34.98,0.05441851333775061,4,-0.00653223516046586,-0.009842519685039464,-0.020655466813550016,0.0013789299503585983,-1.1305822498586915,-0.19971469329529423,7.9629629629629495,8.397892779671512,35.105327652838014,35.03118697875628,37.09308565927825,47.89299272976875,300015.SZ
2022-03-07,32.65,1.0410552407107865,0,-0.06660949113779302,-0.00653223516046586,-0.009842519685039464,-0.020655466813550016,-9.955874241588525,-5.389742103738049,-2.2455089820359264,1.6817190906259771,34.6589044432311,34.804407266493776,36.91884700597323,47.74132116031832,300015.SZ
2022-03-08,33.01,-0.23820085065623675,1,0.011026033690658466,-0.06660949113779302,-0.00653223516046586,-0.009842519685039464,-9.088405397962006,-3.0827950675278992,-6.221590909090924,0.5482790130977744,34.3591036353709,34.63351133635151,36.765558888091924,47.59474085026541,300015.SZ
2022-03-09,31.56,0.20450548216891806,2,-0.043926083005149885,0.011026033690658466,-0.06660949113779302,-0.00653223516046586,-11.248593925759288,-8.60121633362294,-9.699570815450652,-5.791044776119403,33.8501757016671,34.3407959709847,36.56141932385302,47.43519119006376,300015.SZ
2022-03-10,32.04,-0.2483099291661489,3,0.015209125475285079,-0.043926083005149885,0.011026033690658466,-0.06660949113779302,-9.003124112468052,-4.215246636771308,-8.457142857142863,-4.614468591842824,33.521052846818534,34.12167254517664,36.3841087621333,47.28200520807308,300015.SZ
2022-03-11,32.5,-0.16863536044041427,4,0.014357053682896304,0.015209125475285079,-0.043926083005149885,0.011026033690658466,-7.089765580331608,-8.140192198982488,-7.275320970042786,0.30864197530864335,33.33540687466971,33.9672275408741,36.231790771461405,47.13492057913703,300015.SZ
2022-03-14,30.41,0.5957882596245625,0,-0.06430769230769229,0.014357053682896304,0.015209125475285079,-0.043926083005149885,-6.8606431852986205,-16.1334804191947,-11.880614314691385,-8.95209580838323,32.80351471563885,33.628443965552755,36.003485251011945,46.968503458946614,300015.SZ
2022-03-15,26.94,2.0724993457862406,1,-0.11410720157842813,-0.06430769230769229,0.014357053682896304,0.015209125475285079,-18.388367161466213,-25.805563205728454,-20.904286553141517,-23.465909090909097,31.737421130977236,32.99144930216678,35.64805445685462,46.769214867315306,300015.SZ
2022-03-16,27.27,-0.13641838866019107,2,0.012249443207126953,-0.11410720157842813,-0.06430769230769229,0.014357053682896304,-13.593155893536125,-23.312710911136115,-21.025195482189407,-21.97424892703863,30.925162743526826,32.44654936862709,35.31950330168385,46.57519282883456,300015.SZ
2022-03-17,29.45,-0.03315189570232335,3,0.07994132746607985,0.012249443207126953,-0.11410720157842813,-0.06430769230769229,-8.083645443196009,-16.35898892360126,-11.958146487294474,-15.857142857142858,30.656951335612856,32.16116371447213,35.08932670161782,46.40479290018944,300015.SZ
2022-03-18,28.61,-0.4596614368290668,4,-0.028522920203735147,0.07994132746607985,0.012249443207126953,-0.11410720157842813,-11.969230769230776,-18.210405946254994,-19.13510457885812,-18.373751783166902,30.284778365501428,31.822957646427167,34.835235458417124,46.22773028426717,300015.SZ
2022-03-21,28.49,-0.48763254059933747,0,-0.004194337644180424,-0.028522920203735147,0.07994132746607985,0.012249443207126953,-6.313712594541276,-12.741194486983154,-21.42857142857143,-17.444219066937116,29.95845502631935,31.505533108672196,34.586402695341945,46.05123545556799,300015.SZ
2022-03-22,28.03,-0.19033081559070453,1,-0.016146016146016073,-0.004194337644180424,-0.028522920203735147,0.07994132746607985,4.046028210838903,-15.086337473492872,-22.80363536215919,-17.70405167351733,29.60782683971583,31.17452995546532,34.32928886415207,45.871919679890695,300015.SZ
2022-03-23,29.73,1.262722791050436,2,0.06064930431680349,-0.016146016146016073,-0.004194337644180424,-0.028522920203735147,9.020902090209027,-5.798479087452469,-16.394825646794153,-13.900955690703743,29.630040141585678,31.036955673992434,34.148924594969635,45.71130356367288,300015.SZ
2022-03-24,30.51,0.06143996782194816,3,0.026236125126135157,0.06064930431680349,-0.016146016146016073,-0.004194337644180424,3.5993208828523082,-4.7752808988763995,-13.348480545299623,-8.789237668161443,29.79003284311555,30.98676941932649,34.006221669676705,45.56004681179554,300015.SZ
2022-03-25,29.66,-0.24223053291168362,4,-0.027859718125204935,0.026236125126135157,0.06064930431680349,-0.016146016146016073,3.6700454386578096,-8.73846153846154,-15.20869068038878,-16.16732617297909,29.76639050800363,30.86041042700968,33.83578160419919,45.40183739078265,300015.SZ
2022-03-28,29.09,-0.4446342886399085,0,-0.01921780175320298,-0.027859718125204935,0.026236125126135157,0.06064930431680349,2.106002106002114,-4.340677408747129,-10.90352220520674,-19.7738554881412,29.643410415639334,30.691799910151616,33.64967252168157,45.23953055107338,300015.SZ
2022-03-29,28.79,-0.15125365806596847,1,-0.010312822275696187,-0.01921780175320298,-0.027859718125204935,0.026236125126135157,2.711380663574725,6.867112100965089,-12.78400484701605,-20.710548058386124,29.488244885523088,30.510676109184796,33.45909712867446,45.075853630167174,300015.SZ
2022-03-30,31.75,2.5706455157432084,2,0.10281347690170195,-0.010312822275696187,-0.01921780175320298,-0.027859718125204935,6.794483686511943,16.42830949761642,0.6020278833967163,-10.71428571428572,29.89947308815525,30.628706955929104,33.392073711863695,44.94325807165805,300015.SZ
2022-03-31,31.55,-0.10437440089419303,3,-0.006299212598425141,0.10281347690170195,-0.010312822275696187,-0.01921780175320298,3.4087184529662418,7.130730050933787,-1.5293383270911343,-10.394774211871628,30.19956889030884,30.71644915060252,33.31983552708473,44.80999182218882,300015.SZ
2022-04-01,32.09,-0.18890622223099862,4,0.01711568938193353,-0.006299212598425141,0.10281347690170195,-0.010312822275696187,8.192852326365486,12.16357916812305,-1.2615384615384473,-8.261863922241265,30.543283637525413,30.847263517211804,33.27160668288533,44.683424739380975,300015.SZ
2022-04-06,31.7,-0.37276078160225534,2,-0.012153318790900758,0.01711568938193353,-0.006299212598425141,0.10281347690170195,8.972155379855629,11.267111267111263,4.242025649457415,-2.9096477794793296,30.75359570342988,30.928476515572584,33.20997504826237,44.55423643351649,300015.SZ
2022-04-07,31.75,-0.15420981539846923,3,0.001577287066246047,-0.012153318790900758,0.01711568938193353,-0.006299212598425141,10.281347690170195,13.271494826971097,17.85449146250928,-3.8170251438957803,30.934760120988084,31.006716847422815,33.152721124801104,44.42683109586957,300015.SZ
2022-04-08,32.14,0.40153093535744766,4,0.012283464566929192,0.001577287066246047,-0.012153318790900758,0.01711568938193353,1.2283464566929192,8.106289942818702,17.858452511917868,1.8377693282636276,31.153894644444794,31.114648576239688,33.113006570887336,44.304574070040026,300015.SZ
2022-04-11,31.25,-0.04775345282611121,0,-0.027691350342252674,0.012283464566929192,0.001577287066246047,-0.012153318790900758,-0.9508716323296418,2.4254342838413656,6.11205432937183,-2.465667915106118,31.17136834545483,31.127539188026383,33.03994748967607,44.17467781063664,300015.SZ
2022-04-12,32.92,0.2137212964809605,1,0.053440000000000154,-0.027691350342252674,0.012283464566929192,0.001577287066246047,2.5864755375506254,10.991233985165216,15.064662705347786,1.2923076923077037,31.48930137355395,31.29824974154768,33.035243666551516,44.062690966749706,300015.SZ
2022-04-13,33.5,0.14338247793026082,2,0.01761846901579589,0.053440000000000154,-0.027691350342252674,0.012283464566929192,5.6782334384858135,15.159848745273298,17.585117585117583,10.161131206839858,31.85488294199868,31.50794024235266,33.05346940511812,43.957589564095485,300015.SZ
2022-04-14,35.07,0.17378376637213755,3,0.04686567164179101,0.01761846901579589,0.053440000000000154,-0.027691350342252674,10.456692913385822,21.81312955887462,25.11594719942918,30.17817371937639,32.4394496798171,31.847184028795265,33.132549036289966,43.86915583708956,300015.SZ
2022-04-15,34.55,-0.40860174196462884,4,-0.014827487881380219,0.04686567164179101,0.01761846901579589,0.053440000000000154,7.498444306160534,8.818897637795263,16.212579885637403,26.696002933626684,32.82318610166854,32.10459507367191,33.18813534859232,43.77642791831255,300015.SZ
2022-04-18,33.58,-0.10836819486286209,0,-0.028075253256150456,-0.014827487881380219,0.04686567164179101,0.01761846901579589,7.455999999999996,6.434231378763866,10.062274664044569,14.02376910016978,32.96078862863789,32.245109828560295,33.203502589824,43.67497092410049,300015.SZ
2022-04-19,33.07,-0.2642876587295233,1,-0.015187611673615153,-0.028075253256150456,-0.014827487881380219,0.04686567164179101,0.45565006075334313,3.0539108756621802,11.496965610249488,15.588954910870335,32.98064524161282,32.32367079726884,33.19826719414463,43.56944882535322,300015.SZ
2022-04-20,33.68,0.48783858786144174,2,0.01844572119746002,-0.015187611673615153,-0.028075253256150456,-0.014827487881380219,0.5373134328358287,6.246056782334386,15.778618081815065,18.21691821691822,33.10780065222867,32.45284500705276,33.217158676727195,43.47104634947906,300015.SZ
2022-04-21,32.36,-0.10440621434213992,3,-0.039192399049881255,0.01844572119746002,-0.015187611673615153,-0.028075253256150456,-7.727402338180789,1.9212598425196736,12.400138937130944,15.447734570103444,32.971836897278,32.44400262542869,33.183544610973186,43.360488674359864,300015.SZ
2022-04-22,34.45,0.23712451609741758,4,0.06458590852904833,-0.039192399049881255,0.01844572119746002,-0.015187611673615153,-0.28943560057885787,7.187305538270072,8.503937007874018,15.876219307097216,33.240593825045636,32.63504999443548,33.233209528189924,43.27182709551052,300015.SZ
2022-04-25,33.58,0.14948902796482622,0,-0.02525399129172723,0.06458590852904833,-0.039192399049881255,0.01844572119746002,0.0,7.455999999999996,6.434231378763866,10.062274664044569,33.3023040386737,32.72504523306067,33.24680915453542,43.17539100500793,300015.SZ
2022-04-26,35.71,0.5129680679990811,1,0.06343061346039325,-0.02525399129172723,0.06458590852904833,-0.039192399049881255,7.983066223162982,8.475091130012146,11.280772826425679,20.397842211732975,33.74006694073302,33.00932663943584,33.343404873965405,43.10110850744566,300015.SZ
2022-04-27,36.43,-0.15902033875143295,2,0.0201624194903387,0.06343061346039325,-0.02525399129172723,0.06458590852904833,8.165083135391926,8.746268656716417,14.921135646687688,25.23203850120317,34.22914567878156,33.33510505472766,33.46444782008441,43.03472931831685,300015.SZ
2022-04-28,35.31,-0.25816760401902994,3,-0.030743892396376538,0.0201624194903387,0.06343061346039325,-0.02525399129172723,9.116192830655145,0.6843455945252375,11.212598425196862,22.646752344564103,34.42566464627582,33.523190287610745,33.53682241537521,42.95786634002514,300015.SZ
2022-04-29,35.92,0.0957651353818072,4,0.01727555933163405,-0.030743892396376538,0.0201624194903387,0.06343061346039325,4.267053701015966,3.965267727930555,11.761045426260107,13.133858267716537,34.69736198331658,33.751457879266866,33.6302803598703,42.88783781922887,300015.SZ
2022-05-05,35.89,-0.3997356862440238,3,-0.0008351893095768226,0.01727555933163405,-0.030743892396376538,0.0201624194903387,6.879094699225741,6.879094699225741,14.847999999999995,13.75594294770206,34.9142052590772,33.95512855743193,33.718896816345975,42.818207592171866,300015.SZ
2022-05-06,36.18,0.4505046206788097,4,0.00808024519364725,-0.0008351893095768226,0.01727555933163405,-0.030743892396376538,1.3161579389526779,9.404293921983676,9.902794653705937,12.745403552508549,35.144349757426795,34.16702107577174,33.81541066668535,42.75215577533434,300015.SZ
2022-05-09,32.31,0.5535168780811346,0,-0.10696517412935314,0.00808024519364725,-0.0008351893095768226,0.01727555933163405,-11.309360417238533,-4.067695961995243,-3.5522388059701426,1.9242902208201906,34.62901343789465,33.990161925698246,33.75637495426632,42.64825372781858,300015.SZ
2022-05-10,33.82,-0.25058191327336987,1,0.04673475704116359,-0.10696517412935314,0.00808024519364725,-0.0008351893095768226,-4.219767771169646,4.511742892459836,-3.564299971485596,6.519685039370082,34.481920085550165,33.9739560280127,33.75887005409901,42.56041040714376,300015.SZ
2022-05-11,33.47,-0.18575427410121992,2,-0.010348905972797251,0.04673475704116359,-0.10696517412935314,0.00808024519364725,-6.820712694877518,-2.8447024673439847,-3.125904486251807,4.138145612943367,34.29793461545013,33.925960215821014,33.747541816683366,42.46995856229656,300015.SZ
2022-05-12,35.22,0.16814784416353268,3,0.05228562892142219,-0.010348905972797251,0.04673475704116359,-0.10696517412935314,-1.8668152688771311,4.883859440142935,4.883859440142935,12.704000000000004,34.46558286718647,34.04920210002854,33.80528527485265,42.39781967112943,300015.SZ
2022-05-13,35.45,-0.43137695306875834,4,0.006530380465644692,0.05228562892142219,-0.010348905972797251,0.04673475704116359,-2.0176893311221633,-0.7280873704844537,7.196855155730275,7.6852976913730275,34.64456780042529,34.18261142383534,33.869783891525095,42.32868713708835,300015.SZ
2022-05-16,34.55,-0.002765004962829387,0,-0.025387870239774513,0.006530380465644692,0.05228562892142219,-0.010348905972797251,6.932838130609698,-5.160581937963227,2.5831353919239852,3.1343283582089487,34.62737365489342,34.217600812041496,33.89645903303391,42.25128726507753,300015.SZ
2022-05-17,35.0,-0.26702958531804466,1,0.013024602026049381,-0.025387870239774513,0.006530380465644692,0.05228562892142219,3.489059727971622,-0.8779382611158404,8.158220024721885,-0.1996007984031989,34.69512389945825,34.2921150204185,33.93973514938553,42.17913515298721,300015.SZ
2022-05-18,34.34,0.022821433025260074,2,-0.018857142857142795,0.013024602026049381,-0.025387870239774513,0.006530380465644692,2.5993426949507237,-4.398663697104677,-0.3193033381712618,-0.6078147612156082,34.63055591773857,34.296675494664356,33.955431810193936,42.101133808181366,300015.SZ
2022-05-19,34.27,0.1431667931071856,3,-0.002038439138031478,-0.018857142857142795,0.013024602026049381,-0.025387870239774513,-2.697331061896635,-4.513792142658113,2.0547945205479534,2.0547945205479534,34.565000296331554,34.29413497136299,33.96776781763731,42.02321207874673,300015.SZ
2022-05-20,35.12,0.2609854948805459,4,0.024803034724248496,-0.002038439138031478,-0.018857142857142795,0.013024602026049381,-0.9308885754584106,-2.929795467108909,-1.65219826379166,6.198971877834891,34.66590933336218,34.37278878361413,34.01295339341624,41.954523401346265,300015.SZ
2022-05-23,34.72,-0.40285883447517545,0,-0.011389521640091105,0.024803034724248496,-0.002038439138031478,-0.018857142857142795,0.4920405209840828,7.458991024450623,-4.693933571232501,3.0878859857482066,34.6757440000236,34.405856518508024,34.040680711321485,41.88253809387018,300015.SZ
2022-05-24,33.81,0.298048473402581,1,-0.02620967741935476,-0.011389521640091105,0.024803034724248496,-0.002038439138031478,-3.399999999999992,-0.02956830277941469,-4.248088360237889,4.480840543881337,34.5183360000193,34.34910827865012,34.03163440891672,41.80221433174213,300015.SZ
2022-05-25,34.1,-0.1818303062634885,2,0.008577343981070573,-0.02620967741935476,-0.011389521640091105,0.024803034724248496,-0.6988934187536433,1.8822826411712068,-5.066815144766146,-1.0159651669085723,34.4422749091067,34.325383680683444,34.03431541248862,41.72557538316758,300015.SZ
2022-05-26,34.29,-0.10050236362828047,3,0.005571847507331418,0.008577343981070573,-0.02620967741935476,-0.011389521640091105,0.058360081704100786,-2.640545144804085,-4.45806631373642,2.114353782013101,34.41458856199639,34.32201380633264,34.04434225905769,41.65158955845945,300015.SZ
2022-05-27,33.64,0.922881760819783,4,-0.018955963837853584,0.005571847507331418,0.008577343981070573,-0.02620967741935476,-4.214123006833703,-5.105782792665736,-7.020453289110007,-5.796695603472413,34.27375427799704,34.25706011049144,34.02848569987896,41.57187224942005,300015.SZ
2022-05-30,35.09,0.16752486784273057,0,0.0431034482758621,-0.018955963837853584,0.005571847507331418,0.008577343981070573,1.065668202764991,1.5629522431259257,8.604147322810274,-3.67828712599505,34.42216259108849,34.33638771901607,34.07011371164842,41.5073760081323,300015.SZ
2022-05-31,37.16,0.48214574007485145,1,0.05899116557423745,0.0431034482758621,-0.018955963837853584,0.005571847507331418,9.908311150547156,6.171428571428561,9.875813128326417,5.239308977626722,34.91995121089058,34.60530317434787,34.19128572295632,41.46411853541456,300015.SZ
2022-06-01,36.6,-0.4528697047115442,2,-0.015069967707211918,0.05899116557423745,0.0431034482758621,-0.018955963837853584,7.331378299120228,6.581246359930115,9.35165820137438,1.8930957683741534,35.22541462709229,34.795274300600454,34.2857451063698,41.41571934600746,300015.SZ
2022-06-02,35.12,0.40523958191937015,3,-0.040437158469945444,-0.015069967707211918,0.05899116557423745,0.0431034482758621,2.42053076698745,2.4803034724248496,-0.28392958546280544,-2.1454444134856643,35.20624833125733,34.82620055768613,34.31846098455138,41.35307537241534,300015.SZ
2022-06-06,35.73,-0.17436214468786626,0,0.017369020501138976,-0.040437158469945444,-0.015069967707211918,0.05899116557423745,6.212841854934581,1.7369020501138976,0.7898448519040757,-1.2437810945273742,35.30147590739236,34.91227669504936,34.373815455745444,41.297124373684845,300015.SZ
2022-06-07,35.94,-0.20497621090398566,1,0.005877413937867448,0.017369020501138976,-0.040437158469945444,-0.015069967707211918,2.4223425477343907,3.5138248847926157,4.0231548480463175,11.234911792014834,35.41757119695738,35.01015510504465,34.43523445748092,41.24381965354868,300015.SZ
2022-06-08,37.48,1.1277641518689299,2,0.04284919309961044,0.005877413937867448,0.017369020501138976,-0.040437158469945444,0.8611410118406937,10.854776693285984,7.085714285714273,10.821998817267886,35.79255825205604,35.24537842837373,34.55463702777578,41.20636871172232,300015.SZ
2022-06-09,36.66,-0.5046591941277094,3,-0.02187833511205972,0.04284919309961044,0.005877413937867448,0.017369020501138976,0.16393442622948395,7.507331378299109,6.755969714618493,9.530923214819232,35.950274933500395,35.38010429233814,34.6372002815885,41.16113121210319,300015.SZ
2022-06-10,37.1,-0.08243430667125873,4,0.01200218221494831,-0.02187833511205972,0.04284919309961044,0.005877413937867448,5.637813211845111,8.194808982210567,8.257951561132181,5.337876206700742,36.15931585468214,35.543903883544026,34.73378066270267,41.12072194631112,300015.SZ
2022-06-13,36.87,0.11029165609941671,0,-0.00619946091644219,0.01200218221494831,-0.02187833511205972,0.04284919309961044,3.1905961376994085,9.601664684898914,4.98291571753986,4.005641748942157,36.28853115383084,35.67019875177793,34.81755397004766,41.07842620555181,300015.SZ
2022-06-14,36.84,-0.22861293594159737,1,-0.0008136696501218621,-0.00619946091644219,0.01200218221494831,-0.02187833511205972,2.5041736227045197,4.987175833570823,6.105990783410142,6.6280752532561715,36.38879821677068,35.78160839446575,34.896865579065405,41.03625281047169,300015.SZ
2022-06-15,37.6,0.6708596877739086,2,0.02062975027144409,-0.0008136696501218621,-0.00619946091644219,0.01200218221494831,0.32017075773747017,1.1840688912809538,11.209701271813067,7.428571428571429,36.60901672281238,35.954788547373774,35.00287085047461,41.00206124021824,300015.SZ
2022-06-16,37.95,-0.18015227130947664,3,0.009308510638297962,0.02062975027144409,-0.0008136696501218621,-0.00619946091644219,3.518821603928002,3.688524590163933,11.290322580645174,10.512521840419332,36.85283186411922,36.14480868571913,35.11844454261286,40.971692471658855,300015.SZ
2022-06-17,40.0,1.068853706409802,4,0.054018445322792985,0.009308510638297962,0.02062975027144409,-0.0008136696501218621,7.816711590296488,13.89521640091116,16.652085156022167,16.72016340822875,37.42504425246118,36.51196976326969,35.30987808996138,40.96202388985131,300015.SZ
2022-06-20,40.96,-0.05446262512277178,0,0.02400000000000002,0.054018445322792985,0.009308510638297962,0.02062975027144409,11.093029563330624,14.63755947383152,21.759809750297276,16.628701594533048,38.06776347928641,36.93559169057734,35.531451498198194,40.96200375164384,300015.SZ
2022-06-21,40.77,-0.4078211055809472,1,-0.004638671874999889,0.02400000000000002,0.054018445322792985,0.009308510638297962,10.667752442996736,13.439065108514203,16.186947848389856,17.42511520737329,38.559079210325244,37.30077343433188,35.73688477277866,40.96009326655286,300015.SZ
2022-06-22,41.09,0.08206253592195334,2,0.007848908511160158,-0.004638671874999889,0.02400000000000002,0.054018445322792985,9.281914893617028,9.631803628601944,10.57588805166847,21.53209109730849,39.019246626629744,37.6616521548717,35.94681086012067,40.96138587086577,300015.SZ
2022-06-23,41.05,-0.160107612182251,3,-0.0009734728644440471,0.007848908511160158,-0.004638671874999889,0.02400000000000002,8.168642951251638,11.974904528096019,12.158469945355188,20.381231671554232,39.38847451269706,37.98435194964583,36.14693592442966,40.96226760349397,300015.SZ
2022-06-24,41.86,0.6204016262165826,4,0.01973203410475044,-0.0009734728644440471,0.007848908511160158,-0.004638671874999889,4.649999999999999,12.83018867924528,19.191343963553532,22.076407115777187,39.83784278311577,38.35346128777479,36.370977652883404,40.97120026415572,300015.SZ
2022-06-27,41.66,-0.4219937959978104,0,-0.004777830864787447,0.01973203410475044,-0.0009734728644440471,0.007848908511160158,1.708984375,12.991592080282066,16.596697453120623,23.840665873959566,40.169144095276536,38.66836973655814,36.5783902939468,40.978053992870585,300015.SZ
2022-06-28,41.4,-0.04448595180469306,1,-0.006240998559769562,-0.004777830864787447,0.01973203410475044,-0.0009734728644440471,1.5452538631346435,12.377850162866434,15.19198664440735,17.98233114847534,40.39293607795352,38.92852499974308,36.76747302751752,40.98225246060321,300015.SZ
2022-06-29,41.5,0.29972559492671813,2,0.0024154589371980784,-0.006240998559769562,-0.004777830864787447,0.01973203410475044,0.9978096860549845,10.3723404255319,10.725720384204918,11.679224973089353,40.594220427416516,39.17342738071993,36.95306232055604,40.98740417741313,300015.SZ
2022-06-30,44.77,0.8551072573470222,3,0.07879518072289171,0.0024154589371980784,-0.006240998559769562,-0.004777830864787447,9.062119366626087,17.971014492753625,22.12220403709768,22.322404371584703,41.35345307697715,39.706434296841834,37.25960889622051,41.02504194679211,300015.SZ
2022-07-01,43.65,-0.432172165466421,4,-0.025016752289479638,0.07879518072289171,0.0024154589371980784,-0.006240998559769562,4.276158623984716,9.125000000000005,17.65498652291104,24.28815489749432,41.7710070629813,40.0820119828569,37.51021246891775,41.05116093239617,300015.SZ
2022-07-04,44.66,0.011475915324905328,0,0.023138602520045737,-0.025016752289479638,0.07879518072289171,0.0024154589371980784,7.201152184349491,9.033203125,21.128288581502574,24.993003078645405,42.2962785060756,40.51801084163243,37.79059629366607,41.08706977883999,300015.SZ
2022-07-05,44.65,-0.08674301165056275,1,-0.00022391401701737923,0.023138602520045737,-0.025016752289479638,0.07879518072289171,7.85024154589371,9.516801569781697,21.19978284473396,24.234835837506964,42.72422786860731,40.91153361861982,38.059592517443875,41.122521820841584,300015.SZ
2022-07-06,43.48,0.2444323500598673,2,-0.026203807390817513,-0.00022391401701737923,0.023138602520045737,-0.025016752289479638,4.771084337349385,5.816500365052302,15.638297872340413,16.008537886872997,42.86164098340598,41.15614946446555,38.2721575167598,41.14597931516157,300015.SZ
2022-07-07,42.51,-0.24432470887345548,3,-0.022309107635694603,-0.026203807390817513,-0.00022391401701737923,0.023138602520045737,-5.048023229841425,3.5566382460414214,12.01581027667984,15.957446808510634,42.79770625915034,41.285087610706924,38.43834741806333,41.15955166028434,300015.SZ
2022-07-08,43.24,-0.23674666255112276,4,0.017172430016466844,-0.022309107635694603,-0.026203807390817513,-0.00022391401701737923,-0.9392898052691834,3.296703296703307,8.099999999999996,16.549865229110505,42.878123302941184,41.47126974302055,38.626647519315746,41.18025263878898,300015.SZ
2022-07-11,32.48,0.311101000909918,0,-0.24884366327474572,0.017172430016466844,-0.022309107635694603,-0.026203807390817513,-27.27272727272727,-22.03552568410946,-20.70312500000001,-11.906699213452676,40.98755542967915,40.61495833892336,38.385602518558265,41.09368296079108,300015.SZ
2022-07-12,31.78,-0.3646949051904288,1,-0.02155172413793094,-0.24884366327474572,0.017172430016466844,-0.022309107635694603,-28.82418812989921,-23.23671497584541,-22.050527348540594,-13.73507057546146,39.31345444246476,39.77353373521637,38.12655928253638,41.00100949849465,300015.SZ
2022-07-13,32.21,-0.0397271414179422,2,0.013530522341095086,-0.02155172413793094,-0.24884366327474572,0.017172430016466844,-25.91996320147193,-22.3855421686747,-21.61109759065466,-14.335106382978724,38.02191727110753,39.05319718900529,37.8945373498879,40.91353676716635,300015.SZ
2022-07-14,33.77,1.3505321434891422,3,0.048432163924247096,0.013530522341095086,-0.02155172413793094,-0.24884366327474572,-20.55986826629027,-24.57002457002457,-17.734470158343473,-11.014492753623184,37.248841403633435,38.550035551957166,37.7327907871472,40.842456799333846,300015.SZ
2022-07-15,33.73,-0.40310819531081954,4,-0.0011844832691739748,0.048432163924247096,0.013530522341095086,-0.02155172413793094,-21.993524514338592,-22.72623138602521,-19.421882465360728,-15.675000000000006,36.60905205751826,38.090984547008865,37.57581859941594,40.771686084912616,300015.SZ
2022-07-18,34.8,0.373952683832141,0,0.031722502223539895,-0.0011844832691739748,0.048432163924247096,0.013530522341095086,7.14285714285714,-22.077922077922075,-16.466634661545843,-15.03906250000001,36.280133501605846,37.77755744729374,37.4669629680663,40.71226632287369,300015.SZ
2022-07-19,34.13,-0.3412587045755576,1,-0.019252873563218253,0.031722502223539895,-0.0011844832691739748,0.048432163924247096,7.394587791063567,-23.561030235162363,-17.560386473429944,-16.28648516065735,35.889200137677506,37.430171023741956,37.33610167520095,40.64677113558142,300015.SZ
2022-07-20,34.0,-0.02554199597857898,2,-0.0038089657193085547,-0.019252873563218253,0.031722502223539895,-0.0011844832691739748,5.5572803477180965,-21.803127874884996,-18.07228915662651,-17.254806522268197,35.54570920355432,37.10348806909987,37.20527415852641,40.58063410935673,300015.SZ
2022-07-21,33.54,0.10025945901773303,3,-0.013529411764705901,-0.0038089657193085547,-0.019252873563218253,0.031722502223539895,-0.6810778797749606,-21.100917431192656,-25.083761447397823,-18.29476248477466,35.18103480290808,36.764108252995115,37.06153791701556,40.51057804856711,300015.SZ
2022-07-22,33.2,-0.2011586560332741,4,-0.010137149672033274,-0.013529411764705901,-0.0038089657193085547,-0.019252873563218253,-1.571301512007095,-23.21924144310823,-23.94043528064146,-20.68800764452937,34.82084665692479,36.42466937175749,36.91010505752476,40.43783597843211,300015.SZ
2022-07-25,33.16,-0.295290781460648,0,-0.001204819277108582,-0.010137149672033274,-0.013529411764705901,-0.0038089657193085547,-4.712643678160921,2.0935960591133007,-25.750111957008514,-20.40326452232357,34.51887453748392,36.11374847920916,36.763042114092414,40.36541970003975,300015.SZ
2022-07-26,32.88,0.30321920971040317,1,-0.008443908323280902,-0.001204819277108582,-0.010137149672033274,-0.013529411764705901,-3.6624670377966573,3.4612964128382773,-26.360582306830903,-20.57971014492753,34.22089734885048,35.80577243357019,36.61076595275546,40.290937911979654,300015.SZ
2022-07-27,32.07,0.49364733871580047,2,-0.02463503649635046,-0.008443908323280902,-0.001204819277108582,-0.010137149672033274,-5.6764705882352935,-0.434647624961193,-26.24195032198712,-22.72289156626506,33.82982510360493,35.44998458275398,36.43269669970623,40.20913753474603,300015.SZ
2022-07-28,30.76,1.6878870805127466,3,-0.04084814468350484,-0.02463503649635046,-0.008443908323280902,-0.001204819277108582,-8.288610614192004,-8.913236600533025,-27.64055516349093,-31.29327674782221,33.27167508476767,35.003319384396455,36.2102380056001,40.11511626574358,300015.SZ
2022-07-29,30.39,-0.5568787154771886,4,-0.012028608582574818,-0.04084814468350484,-0.02463503649635046,-0.008443908323280902,-8.46385542168675,-9.902164245478795,-29.717853839037932,-30.378006872852225,32.74773416026446,34.56395563350156,35.981993377929506,40.01834893971628,300015.SZ
2022-08-01,31.88,0.14062255480787011,0,0.04902928594932532,-0.012028608582574818,-0.04084814468350484,-0.02463503649635046,-3.860072376357049,-8.390804597701141,-1.8472906403940836,-28.616211374832055,32.58996431294364,34.308340811263314,35.82113089252051,39.9373703433012,300015.SZ
2022-08-02,30.99,-0.27085581006666626,1,-0.027917189460476832,0.04902928594932532,-0.012028608582574818,-0.04084814468350484,-5.748175182481763,-9.200117198945224,-2.4858401510383987,-30.593505039193737,32.29906171059025,33.99230835304776,35.631674779088335,39.84834178267134,300015.SZ
2022-08-03,31.07,-0.27971501637886065,2,0.00258147789609553,-0.027917189460476832,0.04902928594932532,-0.012028608582574818,-3.1181789834736517,-8.617647058823529,-3.5392735175411416,-28.54185832566697,32.07559594502839,33.713993271805116,35.45278557206527,39.76099509826665,300015.SZ
2022-08-04,31.29,-0.15542361812028738,3,0.0070807853234631235,0.00258147789609553,-0.027917189460476832,0.04902928594932532,1.723016905071506,-6.708407871198574,-7.343796268877711,-26.39378969654199,31.93276031865959,33.48313676972844,35.2895390790431,39.67670658982619,300015.SZ
2022-08-05,31.14,0.2732193571970869,4,-0.0047938638542665,0.0070807853234631235,0.00258147789609553,-0.027917189460476832,2.4679170779861703,-6.204819277108442,-7.6786243699970225,-27.983348751156335,31.788622078903302,33.25998088689716,35.12681205633553,39.59176423569857,300015.SZ
2022-08-08,30.52,0.3123378129175456,0,-0.019910083493898556,-0.0047938638542665,0.0070807853234631235,0.00258147789609553,-4.2659974905897124,-7.961399276236425,-12.298850574712638,-6.034482758620685,31.5579635191027,32.99903032624029,34.946152760008644,39.5014979248956,300015.SZ
2022-08-09,30.32,0.08191410588670855,1,-0.006553079947575369,-0.019910083493898556,-0.0047938638542665,0.0070807853234631235,-2.161987737979987,-7.785888077858882,-11.163199531204226,-4.594084329767156,31.332879242902205,32.74388458088407,34.76473500471419,39.410139736588185,300015.SZ
2022-08-10,29.43,0.06464508201183716,2,-0.029353562005277056,-0.006553079947575369,-0.019910083493898556,-0.0047938638542665,-5.2784036047634375,-8.231992516370445,-13.441176470588234,-8.630859981372252,30.986901198738167,32.42827652556178,34.555529710411676,39.3108348635873,300015.SZ
2022-08-11,30.07,-0.11132945189968668,3,0.021746517159361156,-0.029353562005277056,-0.006553079947575369,-0.019910083493898556,-3.899009268136777,-2.2431729518855748,-10.345855694692895,-10.956470239857873,30.820191889876682,32.20367876122256,34.37962658451318,39.21888625797948,300015.SZ
2022-08-12,30.07,-0.5029305143402026,4,0.0,0.021746517159361156,-0.029353562005277056,-0.006553079947575369,-3.43609505459217,-1.0529779532741035,-9.427710843373504,-10.850874592351012,30.683793364444558,32.000471260153745,34.21062162041463,39.127852563870235,300015.SZ
2022-08-15,29.54,0.4882667151763713,0,-0.017625540405720064,0.0,0.021746517159361156,-0.029353562005277056,-3.2110091743119296,-7.340025094102886,-10.91676718938479,-15.11494252873563,30.475830934545545,31.766140663948626,34.0274599882415,39.03245104582177,300015.SZ
2022-08-16,28.92,0.730504255839278,1,-0.02098849018280291,-0.017625540405720064,0.0,0.021746517159361156,-4.617414248021101,-6.67957405614713,-12.043795620437958,-15.265162613536475,30.19295258280999,31.49507964833447,33.82716743968301,38.93182964238076,300015.SZ
2022-08-17,29.16,-0.32942498474973514,2,0.008298755186721962,-0.02098849018280291,-0.017625540405720064,0.0,-0.917431192660545,-6.147409076279365,-9.073900841908323,-14.235294117647058,30.00514302229908,31.272691110397854,33.644141265577794,38.83459750663568,300015.SZ
2022-08-18,28.68,-0.164872835912364,3,-0.016460905349794275,0.008298755186721962,-0.02098849018280291,-0.017625540405720064,-4.62254738942468,-8.341323106423781,-6.7620286085825825,-14.490161001788904,29.764207927335608,31.025768147502824,33.44946905908455,38.73355673542538,300015.SZ
2022-08-19,28.37,-0.0637626986492994,4,-0.010808926080892567,-0.016460905349794275,0.008298755186721962,-0.02098849018280291,-5.653475224476223,-8.895311496467562,-6.6469233300427755,-14.548192771084345,29.510715576910947,30.77283784774065,33.25027419402241,38.63043676790871,300015.SZ
2022-08-22,28.56,-0.14230952934980945,0,0.006697215368346665,-0.010808926080892567,-0.016460905349794275,0.008298755186721962,-3.3175355450236976,-6.422018348623859,-10.41405269761606,-13.872135102533168,29.33785819929077,30.562091386051062,33.0663418726882,38.530233416984245,300015.SZ
2022-08-23,28.29,-0.19619322319477972,1,-0.009453781512605008,0.006697215368346665,-0.010808926080892567,-0.016460905349794275,-2.178423236514526,-6.695250659630614,-8.712487899322364,-13.95985401459855,29.147338526692447,30.345701730236676,32.87903434826906,38.42834054716351,300015.SZ
2022-08-24,28.5,1.2346472918480096,2,0.007423117709437932,-0.009453781512605008,0.006697215368346665,-0.010808926080892567,-2.263374485596703,-3.1600407747196746,-8.271644673318313,-11.13189897100093,29.029640612748366,30.16992061307128,32.70730751108204,38.32955108898278,300015.SZ
2022-08-25,29.71,0.5439007909694344,3,0.04245614035087719,0.007423117709437932,-0.009453781512605008,0.006697215368346665,3.5913528591352994,-1.1972065181243718,-5.049536593160752,-3.4135240572171655,29.15334231952139,30.126118649921636,32.58976604005922,38.24378441148047,300015.SZ
2022-08-26,29.2,-0.41364982107458237,4,-0.017165937394816644,0.04245614035087719,0.007423117709437932,-0.009453781512605008,2.9256256609094144,-2.893249085467242,-6.229929351316644,-3.9157617637380793,29.161825534153863,30.037916873738624,32.45683403848827,38.153796506888625,300015.SZ
2022-08-29,28.38,-0.09614675354326563,0,-0.02808219178082194,-0.017165937394816644,0.04245614035087719,0.007423117709437932,-0.6302521008403339,-3.9268788083953954,-7.011795543905642,-10.978670012547054,29.019675437034977,29.88002002862066,32.29695819384167,38.05654480035242,300015.SZ
2022-08-30,28.65,-0.46354283049480716,1,0.009513742071881603,-0.02808219178082194,-0.017165937394816644,0.04245614035087719,1.2725344644750836,-0.9336099585062319,-5.507915567282328,-7.550822846079386,28.952461721210433,29.76287526399012,32.15394022545572,37.962947339652395,300015.SZ
2022-08-31,29.42,1.4562000833076771,2,0.0268760907504364,0.009513742071881603,-0.02808219178082194,-0.017165937394816644,3.228070175438602,0.8916323731138709,-0.03397893306149591,-5.310588992597354,29.03746868099035,29.730220476943444,32.04672688328099,37.877942888511576,300015.SZ
2022-09-01,29.07,-0.2577862325252168,3,-0.011896668932698917,0.0268760907504364,0.009513742071881603,-0.02808219178082194,-2.1541568495456076,1.3598326359832713,-3.3255736614566045,-7.094918504314474,29.04338346626483,29.66734233628216,31.929992495701345,37.79030166574032,300015.SZ
2022-09-02,28.72,-0.38629274204764463,4,-0.01203990368077057,-0.011896668932698917,0.0268760907504364,0.009513742071881603,-1.6438356164383605,1.2336975678533646,-4.489524442966419,-7.771355170199101,28.984586472398497,29.57711925663624,31.80411043704639,37.70004990787226,300015.SZ
2022-09-05,27.26,1.7118668760218205,0,-0.05083565459610018,-0.01203990368077057,-0.011896668932698917,0.0268760907504364,-3.946441155743474,-4.551820728291311,-7.718348002708186,-10.681520314547832,28.67102529559877,29.356441232194694,31.625910027750454,37.596168814261596,300015.SZ
2022-09-06,27.52,-0.40336415349994925,1,0.009537784299339602,-0.05083565459610018,-0.01203990368077057,-0.011896668932698917,-3.9441535776614245,-2.7218098267939195,-4.8409405255878335,-9.234828496042214,28.461747969126264,29.18154206722377,31.464893948230827,37.495908428050036,300015.SZ
2022-09-07,27.98,-0.03721674753639126,2,0.01671511627906974,0.009537784299339602,-0.05083565459610018,-0.01203990368077057,-4.8946295037389564,-1.8245614035087732,-4.046639231824411,-4.926945293917773,28.374157429285127,29.067109489392934,31.32823144045707,37.401222772049536,300015.SZ
2022-09-08,28.28,0.04662544812178515,3,0.010721944245889903,0.01671511627906974,0.009537784299339602,-0.05083565459610018,-2.7175782593739206,-4.813194210703465,-1.3947001394700065,-5.952776854007313,28.357037896687828,28.992146680879323,31.20869295259601,37.310464336506755,300015.SZ
2022-09-09,30.0,1.4053930620916981,4,0.06082036775106081,0.010721944245889903,0.01671511627906974,0.009537784299339602,4.456824512534818,2.7397260273972712,5.745505816002816,-0.2327901563019652,28.65575827910822,29.08813271127177,31.161293228964794,37.23772339783505,300015.SZ
2022-09-13,29.65,-0.3220170384189933,1,-0.011666666666666714,0.06082036775106081,0.010721944245889903,0.01671511627906974,8.767424798239176,4.474982381959114,3.8165266106442663,0.37237643872714,28.836529501088542,29.141643881626837,31.102026827828922,37.16222366253321,300015.SZ
2022-09-14,29.53,-0.4038256655647483,2,-0.004047217537942571,-0.011666666666666714,0.06082036775106081,0.010721944245889903,7.3037790697674465,3.071553228621293,4.38317426652528,2.109266943291832,28.96261504634517,29.178630178614757,31.04037871693367,37.08628113852791,300015.SZ
2022-09-15,28.8,0.14367845435885918,3,-0.024720623095157435,-0.004047217537942571,-0.011666666666666714,0.06082036775106081,2.9306647605432445,-2.1074099252209377,1.0526315789473717,-1.2345679012345623,28.93304867428241,29.142570161603828,30.95252072803431,37.003830579935595,300015.SZ
2022-09-16,27.75,0.46898577640472516,4,-0.03645833333333337,-0.024720623095157435,-0.004047217537942571,-0.011666666666666714,-1.8741159830268805,-4.540763673890613,-6.597105351733424,-3.242677824267781,28.717948915321973,29.009944431927273,30.826931679876107,36.91175266371733,300015.SZ
2022-09-19,26.79,-0.12393479291523324,0,-0.034594594594594574,-0.03645833333333337,-0.024720623095157435,-0.004047217537942571,-10.7,-6.720055710306405,-8.253424657534246,-5.569263306309491,28.367412748899795,28.798521152696104,30.66862063360646,36.81103870686442,300015.SZ
2022-09-20,27.03,-0.5093872283739904,1,0.00895856662933947,-0.034594594594594574,-0.03645833333333337,-0.024720623095157435,-8.836424957841471,-0.843727072633893,-4.75687103594079,-5.357142857142849,28.124246794554377,28.63009056672505,30.52592962836699,36.71371493863692,300015.SZ
2022-09-21,26.52,-0.008640561141515679,2,-0.018867924528301994,0.00895856662933947,-0.034594594594594574,-0.03645833333333337,-10.193024043345755,-3.6337209302325535,-7.434554973821983,-6.256627783669144,27.83256555918085,28.42912956037028,30.368834348823185,36.612284939247495,300015.SZ
2022-09-22,25.63,0.4334255798693334,3,-0.03355957767722473,-0.018867924528301994,0.00895856662933947,-0.034594594594594574,-11.006944444444455,-8.398856325947113,-12.882392929979613,-10.070175438596497,27.43209909387524,28.16254579271597,30.182997707692863,36.50300847219031,300015.SZ
2022-09-23,25.79,0.005393786199072492,4,0.006242684354272443,-0.03355957767722473,-0.018867924528301994,0.00895856662933947,-7.063063063063069,-8.804809052333805,-11.283109735122121,-13.194210703466847,27.13353562226156,27.936589050552545,30.01072328778334,36.39641137296454,300015.SZ
2022-09-26,26.57,0.15411569069960818,0,0.03024428072896468,0.006242684354272443,-0.03355957767722473,-0.018867924528301994,-0.8212019410227644,-11.433333333333328,-7.486072423398326,-9.006849315068488,27.031074600032188,27.806437712404684,29.87579296277223,36.29863613542261,300015.SZ
2022-09-27,28.86,0.9757628775793752,1,0.08618742943168978,0.03024428072896468,0.006242684354272443,-0.03355957767722473,6.770255271920078,-2.664418212478914,5.869405722670562,1.6913319238900604,27.363606490935425,27.90677697788995,29.8359579446243,36.22461985546816,300015.SZ
2022-09-28,28.87,-0.3984850457958935,2,0.0003465003465004113,0.08618742943168978,0.03024428072896468,0.006242684354272443,8.861236802413286,-2.2350152387402678,4.905523255813948,0.7678883071553289,27.637496219856256,27.99851250380519,29.798077240913546,36.15143955839883,300015.SZ
2022-09-29,28.74,-0.21093879671792792,3,-0.004502944232767647,0.0003465003465004113,0.08618742943168978,0.03024428072896468,12.134217713616845,-0.2083333333333437,2.716225875625433,-2.3113528212100776,27.837951452609662,28.06913036058565,29.75658401577968,36.07769389115108,300015.SZ
2022-09-30,28.67,-0.3040945299567409,4,-0.002435629784272697,-0.004502944232767647,0.0003465003465004113,0.08618742943168978,11.167119038386986,3.315315315315326,1.379066478076374,-1.375988992088062,27.989233006680628,28.12635604052987,29.71397287790597,36.0039854942242,300015.SZ
2022-10-10,27.6,0.14777043277128699,0,-0.037321241716079534,-0.002435629784272697,-0.004502944232767647,0.0003465003465004113,3.8765525028227277,3.023516237402024,-7.9999999999999964,-3.899721448467963,27.91846336910233,28.07622689381274,29.63107198073319,35.92036374801302,300015.SZ
2022-10-11,27.14,-0.3381691189099445,1,-0.01666666666666672,-0.037321241716079534,-0.002435629784272697,-0.004502944232767647,-5.959805959805953,0.40695523492415564,-8.465430016863396,-0.44020542920030215,27.776924574720084,27.98706242773534,29.533382883449534,35.8329969445502,300015.SZ
2022-10-12,27.95,0.7064410650334769,2,0.029845246868091424,-0.01666666666666672,-0.037321241716079534,-0.002435629784272697,-3.1866989954970615,5.392156862745101,-5.350491026075188,1.5625,27.808392833861884,27.983532672712926,29.47128943703975,35.75455916400742,300015.SZ
2022-10-13,27.89,0.13992132530364776,3,-0.0021466905187834673,0.029845246868091424,-0.01666666666666672,-0.037321241716079534,-2.957550452331237,8.817791650409678,-3.1597222222222276,-0.32165832737669486,27.823230500432448,27.974624799121216,29.409278086567603,35.67630484396755,300015.SZ
2022-10-14,29.96,1.3524436340997021,4,0.0742201505916098,-0.0021466905187834673,0.029845246868091424,-0.01666666666666672,4.499476805022673,16.16905777433115,7.963963963963971,5.940594059405946,28.211734045808363,28.163708151585862,29.430875024349266,35.61942618880369,300015.SZ
2022-10-17,29.65,-0.5695300891881572,0,-0.010347129506008135,0.0742201505916098,-0.0021466905187834673,0.029845246868091424,7.427536231884058,11.59202107640196,10.675625233295992,-1.1666666666666714,28.473236946570477,28.30525975619673,29.439468160649298,35.56002891329321,300015.SZ
2022-10-18,30.34,0.27527270811010207,1,0.023271500843170312,-0.010347129506008135,0.0742201505916098,-0.0021466905187834673,11.79071481208549,5.128205128205132,12.245652978172394,2.327150084317031,28.812648410830388,28.49904454132085,29.474783134741486,35.508088327091286,300015.SZ
2022-10-19,29.96,-0.39361570247933886,2,-0.01252471984179293,0.023271500843170312,-0.010347129506008135,0.0742201505916098,7.191413237924871,3.7755455490128265,12.971342383107087,1.4561462919065349,29.021257790679407,28.638183156433147,29.493811247104567,35.45288346811525,300015.SZ
2022-10-20,30.75,1.0617283950617282,3,0.026368491321762333,-0.01252471984179293,0.023271500843170312,-0.010347129506008135,10.254571531014701,6.993736951983309,19.976589933671484,6.770833333333326,29.33557455601042,28.83930857010618,29.543073551139685,35.406088607735995,300015.SZ
2022-10-21,30.54,-0.5739358449614111,4,-0.006829268292682933,0.026368491321762333,-0.01252471984179293,0.023271500843170312,1.9359145527369837,6.5224973840251055,18.417991469561844,10.05405405405404,29.55456100037216,29.00127918247702,29.582168705996953,35.35766981561922,300015.SZ
2022-10-24,28.11,1.668011326170436,0,-0.0795677799607073,-0.006829268292682933,0.026368491321762333,-0.01252471984179293,-5.193929173693079,1.8478260869565055,5.79601053820098,4.927211646136609,29.291913545759037,28.916395450812544,29.524436599879426,35.28555369805087,300015.SZ
2022-10-25,27.83,-0.5024424284717376,1,-0.009960868018498825,-0.0795677799607073,-0.006829268292682933,0.026368491321762333,-8.272907053394862,2.5423728813559254,-3.56895356895357,2.959674435812043,29.026111082893756,28.812929217401827,29.457988105766507,35.21136908413992,300015.SZ
2022-10-26,29.51,0.7025966183574879,2,0.06036651095939649,-0.009960868018498825,-0.0795677799607073,-0.006829268292682933,-1.502002670226965,5.581395348837215,2.2168340838240486,11.274509803921573,29.114090886003982,28.879316910982606,29.46002778789331,35.15463904350171,300015.SZ
2022-10-27,25.65,1.4276038419074535,3,-0.1308031175872586,0.06036651095939649,-0.009960868018498825,-0.0795677799607073,-16.58536585365854,-8.031552527787744,-10.751565762004178,0.07803355442839166,28.4842561794578,28.571762919460454,29.31061493346612,35.0600655206808,300015.SZ
2022-10-28,25.32,-0.6217990560057686,4,-0.012865497076023358,-0.1308031175872586,0.06036651095939649,-0.009960868018498825,-17.092337917485267,-15.487316421895859,-11.684687826996864,-1.822411787514533,27.908936874101833,28.262071212845175,29.154120230192937,34.96314944584816,300015.SZ
2022-10-31,24.7,-0.08749127704117243,0,-0.024486571879936858,-0.012865497076023358,-0.1308031175872586,0.06036651095939649,-12.130914265385984,-16.694772344013487,-10.507246376811597,-7.038012796386905,27.32549380608332,27.92282633543135,28.979448848616745,34.861028555839724,300015.SZ
2022-11-01,26.05,0.22861103145014816,1,0.054655870445344146,-0.024486571879936858,-0.012865497076023358,-0.1308031175872586,-6.39597556593603,-14.139749505603161,-4.016212232866612,-9.736659736659735,27.093585841340897,27.744461922533127,28.86456850161217,34.77335662991097,300015.SZ
2022-11-02,26.77,0.09604023675216067,2,0.027639155470249532,0.054655870445344146,-0.024486571879936858,-0.012865497076023358,-9.284988139613692,-10.647530040053411,-4.221824686940967,-7.27398683754763,27.034752052006187,27.65165602514902,28.782428560372477,34.693721240558624,300015.SZ
2022-11-03,26.49,-0.5813169316891125,3,-0.010459469555472611,0.027639155470249532,0.054655870445344146,-0.024486571879936858,3.274853801169586,-13.853658536585368,-5.019720329867338,-7.828810020876831,26.935706224368698,27.541022117991968,28.692529401142185,34.612092173488385,300015.SZ
2022-11-04,27.49,0.8692398057429362,4,0.03775009437523602,-0.010459469555472611,0.027639155470249532,0.054655870445344146,8.570300157977883,-9.986902423051735,-8.244325767690263,-4.115800488315324,27.036486910847117,27.5361628686594,28.64537138541112,34.54122558469746,300015.SZ
2022-11-07,26.81,0.09307071819624868,0,-0.024736267733721395,0.03775009437523602,-0.010459469555472611,0.027639155470249532,8.54251012145748,-4.624688722874426,-9.578414839797645,-2.862318840579725,26.995307472511275,27.467004500215648,28.573396036963626,34.46429796693928,300015.SZ
2022-11-08,26.35,-0.45229091340169525,1,-0.017157776948899528,-0.024736267733721395,0.03775009437523602,-0.010459469555472611,1.151631477927073,-5.318002155946811,-13.15095583388266,-2.9108327192336025,26.877978841145584,27.360623119242728,28.486204035514074,34.383558683686154,300015.SZ
2022-11-09,26.0,0.22730617722176527,2,-0.013282732447817858,-0.017157776948899528,-0.024736267733721395,0.03775009437523602,-2.876354127754943,-11.894273127753308,-13.217623497997334,-6.976744186046513,26.71834632457366,27.231039965029133,28.388705838042934,34.30014018932112,300015.SZ
2022-11-10,26.18,-0.37613748589164786,3,0.00692307692307681,-0.013282732447817858,-0.017157776948899528,-0.024736267733721395,-1.170252925632309,2.066276803118905,-14.861788617886184,-6.131229831480822,26.620465174651173,27.130940920740642,28.302089922825566,34.219342774502,300015.SZ
2022-11-11,27.07,2.1566903648004976,4,0.033995416348357566,0.00692307692307681,-0.013282732447817858,-0.017157776948899528,-1.527828301200429,6.911532385466024,-11.36214800261951,-9.646194926568763,26.702198779260048,27.125137023527248,28.253772670950056,34.148205035452236,300015.SZ
2022-11-14,27.06,-0.44957217503436475,0,-0.0003694126339121029,0.033995416348357566,0.00692307692307681,-0.013282732447817858,0.932487877657584,9.55465587044535,-3.7353255069370372,-8.735244519392914,26.767253546667312,27.118933497477034,28.206958056402996,34.077675632114406,300015.SZ
2022-11-15,27.52,0.18754270653694727,1,0.01699926090170001,-0.0003694126339121029,0.033995416348357566,0.00692307692307681,4.440227703984823,5.642994241842603,-1.1139058569888616,-9.294660514172715,26.904116538182347,27.157130307241125,28.18001852477935,34.01242512831227,300015.SZ
2022-11-16,27.62,-0.13125826272202312,2,0.00363372093023262,0.01699926090170001,-0.0003694126339121029,0.033995416348357566,6.23076923076924,3.1751961150541685,-6.404608607251783,-7.810413885180245,27.034277167603737,27.201213135122924,28.15805701400369,33.948818908130065,300015.SZ
2022-11-17,27.48,-0.44431302976542475,3,-0.005068790731354134,0.00363372093023262,0.01699926090170001,-0.0003694126339121029,4.965622612681431,3.737259343148369,7.134502923976616,-10.634146341463413,27.115317682584873,27.227764265111215,28.13146654286629,33.88445255083524,300015.SZ
2022-11-18,28.11,1.3150053210358283,4,0.022925764192139653,-0.005068790731354134,0.00363372093023262,0.01699926090170001,3.8418913926856257,2.2553655874863576,11.018957345971558,-7.95677799607073,27.296169013023984,27.311786716053007,28.130624717655845,33.82699531152345,300015.SZ
2022-11-21,26.88,-0.08590254367146799,0,-0.043756670224119554,0.022925764192139653,-0.005068790731354134,0.00363372093023262,-0.6651884700665134,0.26109660574411553,8.825910931174086,-4.375667022411955,27.220501919746894,27.270664171667004,28.081580611081108,33.757870980065505,300015.SZ
2022-11-22,26.64,-0.5097931404432225,1,-0.008928571428571397,-0.043756670224119554,0.022925764192139653,-0.005068790731354134,-3.1976744186046457,1.1005692599620476,2.2648752399232253,-4.275961192957234,27.11495611615655,27.21060091722253,28.025048038097534,33.68704639319918,300015.SZ
2022-11-23,26.27,-0.05041924849877577,2,-0.01388888888888895,-0.008928571428571397,-0.043756670224119554,0.022925764192139653,-4.887762490948589,1.0384615384615437,-1.8677624206201004,-10.97932904100306,26.96132773140081,27.12101987748705,27.95622262483881,33.61324493655044,300015.SZ
2022-11-24,26.35,-0.3457887382780427,3,0.0030452988199467512,-0.01388888888888895,-0.008928571428571397,-0.043756670224119554,-4.112081513828237,0.6493506493506551,-0.5285013212532941,2.729044834308003,26.85017723478248,27.047589412964474,27.893233502296113,33.54097384265442,300015.SZ
2022-11-25,26.42,-0.10967500440373434,4,0.0026565464895635937,0.0030452988199467512,-0.01388888888888895,-0.008928571428571397,-6.012095339736745,-2.4011821204285133,-3.892324481629672,4.344391785150092,26.771963192094756,26.987818992682143,27.83545963946097,33.47011838153348,300015.SZ
2022-11-28,26.0,0.9797452701867193,0,-0.015897047691143085,0.0026565464895635937,0.0030452988199467512,-0.01388888888888895,-3.2738095238095233,-3.917220990391712,-3.021260723610586,5.263157894736836,26.631606248077524,26.893740993379083,27.763480830070346,33.39578884539882,300015.SZ
2022-11-29,27.15,0.9017626263257175,1,0.044230769230769074,-0.015897047691143085,0.0026565464895635937,0.0030452988199467512,1.9144144144144004,-1.3444767441860517,3.0360531309297834,4.222648752399216,26.725859657517972,26.918146613057267,27.739422758302883,33.333641692708284,300015.SZ
2022-11-30,27.1,-0.5731946031871149,2,-0.0018416206261508972,0.044230769230769074,-0.015897047691143085,0.0026565464895635937,3.15949752569471,-1.8826937002172306,4.230769230769238,1.2327231976092756,26.793885174332885,26.935465983242292,27.714347356016496,33.2716154072087,300015.SZ
2022-12-01,28.31,2.3043739226791433,3,0.044649446494464895,-0.0018416206261508972,0.044230769230769074,-0.015897047691143085,7.438330170777974,3.0203784570596692,8.135981665393421,6.870517176292945,27.06954241536327,27.066373984838265,27.737706283231535,33.22224609967429,300015.SZ
2022-12-02,27.92,-0.6937006590438044,4,-0.013776050865418443,0.044649446494464895,-0.0018416206261508972,0.044230769230769074,5.677517032551105,-0.6759160441124124,3.1400073882526858,1.5642051655147426,27.224171067115403,27.147671700567955,27.74485505643814,33.169487432015835,300015.SZ
2022-12-05,28.67,0.8350465300164223,0,0.026862464183381007,-0.013776050865418443,0.044649446494464895,-0.0018416206261508972,10.269230769230786,6.6592261904762085,5.949741315594981,6.937709809772485,27.487049054912603,27.29265534813291,27.78113525030331,33.1247164127918,300015.SZ
2022-12-06,28.92,0.028099105071262898,1,0.008719916288803642,0.026862464183381007,-0.013776050865418443,0.044649446494464895,6.519337016574589,8.558558558558559,5.087209302325579,9.753320683111966,27.747585590383036,27.447640553072635,27.825796613036513,33.08287843853516,300015.SZ
2022-12-07,29.12,-0.17775306074747532,2,0.006915629322268302,0.008719916288803642,0.026862464183381007,-0.013776050865418443,7.453874538745375,10.848877046060146,5.430847212165091,12.00000000000001,27.997115483040666,27.60691288135143,27.87654968703508,33.04344681228108,300015.SZ
2022-12-08,29.05,-0.23698011115794426,3,-0.0024038461538461453,0.006915629322268302,0.008719916288803642,0.026862464183381007,2.613917343694805,10.246679316888052,5.7132459970888005,10.962566844919785,28.188549031578724,27.74434974979415,27.92256734636704,33.00371102310415,300015.SZ
2022-12-09,28.93,0.3572153492375485,4,-0.004130808950086107,-0.0024038461538461453,0.006915629322268302,0.008719916288803642,3.617478510028649,9.500378501135497,2.917111348274637,6.871074990764692,28.323358298564408,27.857268821242325,27.962074509254606,32.963176585063316,300015.SZ
2022-12-12,28.89,-0.48539949075695477,0,-0.0013826477704804718,-0.004130808950086107,-0.0024038461538461453,0.006915629322268302,0.7673526334147196,11.115384615384617,7.477678571428581,6.762749445676275,28.42638406246179,27.9556241716002,27.9984637441858,32.922647464813934,300015.SZ
2022-12-13,28.65,0.06868263252768281,1,-0.00830737279335414,-0.0013826477704804718,-0.004130808950086107,-0.0024038461538461453,-0.9336099585062319,5.524861878453047,7.545045045045029,4.10610465116279,28.467041505650556,28.02175520287637,28.02401418559028,32.88013355969141,300015.SZ
2022-12-14,29.53,1.2850430292598967,2,0.030715532286212932,-0.00830737279335414,-0.0013826477704804718,-0.004130808950086107,1.407967032967039,8.96678966789668,12.409592691282834,6.915278783490231,28.66030668644136,28.16539756450719,28.08307245282203,32.846798897405925,300015.SZ
2022-12-15,29.8,-0.12926989100714814,3,0.009143244158482888,0.030715532286212932,-0.00830737279335414,-0.0013826477704804718,2.5817555938037806,5.2631578947368585,13.092979127134718,8.44250363901018,28.86752365254293,28.32107398693508,28.150402944868226,32.81648249046656,300015.SZ
2022-12-16,29.4,-0.3504615091826053,4,-0.0134228187919464,0.009143244158482888,0.030715532286212932,-0.00830737279335414,1.6246111303145572,5.3008595988538465,11.279333838001504,4.589114194236932,28.964337533898757,28.423828845322216,28.199406750951827,32.78248763981516,300015.SZ
2022-12-19,28.83,-0.002570385957435528,0,-0.019387755102040827,-0.0134228187919464,0.009143244158482888,0.030715532286212932,-0.20768431983385627,0.5580746424834304,10.884615384615381,7.254464285714279,28.939912527735345,28.462511812434386,28.224135897973323,32.74315940459312,300015.SZ
2022-12-20,28.24,-0.22935387819956465,1,-0.020464793617759325,-0.019387755102040827,-0.0134228187919464,0.009143244158482888,-1.431064572425833,-2.351313969571245,4.0147329650092045,6.006006006006004,28.812655704510732,28.441320211250158,28.224758019621426,32.698351848328514,300015.SZ
2022-12-21,28.46,0.0031187192459631863,2,0.007790368271954673,-0.020464793617759325,-0.019387755102040827,-0.0134228187919464,-3.623433796139519,-2.2664835164835195,5.018450184501844,8.33650551960412,28.74853648550878,28.443099238750143,28.233983195322548,32.65617919312126,300015.SZ
2022-12-22,29.59,1.095516097830593,3,0.03970484891075188,0.007790368271954673,-0.020464793617759325,-0.019387755102040827,-0.7046979865771852,1.8588640275387203,4.52137054044508,12.296015180265641,28.90152985177991,28.552327882678703,28.287160324917743,32.62566994741856,300015.SZ
2022-12-23,30.14,0.16180082754982594,4,0.018587360594795488,0.03970484891075188,0.007790368271954673,-0.020464793617759325,2.517006802721089,4.1825095057034245,7.951289398280803,14.080242240726726,29.12670624236538,28.703534750995015,28.359820704332737,32.60093691311589,300015.SZ
2022-12-26,29.84,-0.3639182132924683,0,-0.00995355009953558,0.018587360594795488,0.03970484891075188,0.007790368271954673,3.50329517863337,3.2883350640359854,4.080920823160095,14.769230769230779,29.256396016480764,28.811769536614538,28.41786695122165,32.57346490403016,300015.SZ
2022-12-27,30.72,0.6640530019964976,1,0.029490616621983934,-0.00995355009953558,0.018587360594795488,0.03970484891075188,8.78186968838528,7.225130890052367,6.224066390041494,13.149171270718242,29.522505831666077,28.993505771222676,28.508146678624723,32.55502246717414,300015.SZ
2022-12-28,30.61,-0.26860999772108796,2,-0.0035807291666666297,0.029490616621983934,-0.00995355009953558,0.018587360594795488,7.554462403373141,3.6572976633931553,5.116758241758235,12.952029520295195,29.720232044090427,29.147457602534804,28.59057229907081,32.53566900978932,300015.SZ
2022-12-29,30.69,0.0047471109522629895,3,0.002613524991832872,-0.0035807291666666297,0.029490616621983934,-0.00995355009953558,3.7174721189591198,2.98657718120805,5.64543889845095,8.40692334864006,29.89655349061944,29.294366402293395,28.672902797146467,32.51730414402027,300015.SZ
2022-12-30,31.07,0.12912611618340541,4,0.0123818833496252,0.002613524991832872,-0.0035807291666666297,0.029490616621983934,3.085600530856003,5.680272108843543,7.397165572070508,11.282234957020055,30.109907401415903,29.46347436397974,28.766906609023078,32.50290310776137,300015.SZ
2023-01-03,30.5,0.023708741942258804,1,-0.018345671065336355,0.0123818833496252,0.002613524991832872,-0.0035807291666666297,2.2117962466488006,5.792577176552216,5.572862582208371,6.382978723404253,30.18083332843119,29.562191091219763,28.834871055728055,32.482973723604545,300015.SZ
2023-01-04,30.69,-0.43657726329411584,2,0.006229508196721412,-0.018345671065336355,0.0123818833496252,0.002613524991832872,-0.0976562499999889,8.67563739376771,7.120418848167542,6.120331950207469,30.273409086898248,29.669601463484547,28.907621210405388,32.46513318904132,300015.SZ
2023-01-05,31.29,1.1333856194504355,3,0.019550342130987275,0.006229508196721412,-0.018345671065336355,0.0123818833496252,2.22149624305783,9.943780744905117,5.960040636640707,7.4519230769230616,30.458243798371292,29.823925133628876,29.001047829605177,32.45344032148867,300015.SZ
2023-01-06,30.79,-0.2594007667664513,4,-0.015979546180888482,0.019550342130987275,0.006229508196721412,-0.018345671065336355,0.3258390355164398,4.055424129773577,3.3221476510067127,5.989672977624783,30.51856310775833,29.91593226375946,29.071202816679484,32.43688867649873,300015.SZ
2023-01-09,30.79,-0.10242523091105715,0,0.0,-0.015979546180888482,0.019550342130987275,0.006229508196721412,-0.9011908593498541,2.15660252156602,4.727891156462594,6.4293121327341884,30.567915269984084,29.999176810068082,29.138606627790093,32.42050172449377,300015.SZ
2023-01-10,31.93,0.6298106834948003,1,0.037025008119519365,0.0,-0.015979546180888482,0.019550342130987275,4.688524590163934,7.004021447721187,10.752688172043023,10.522672204915185,30.815567039077884,30.18306473291874,29.248073034543424,32.415621110319705,300015.SZ
2023-01-11,31.76,-0.5505201989905049,2,-0.005324146570623189,0.037025008119519365,0.0,-0.015979546180888482,3.486477680026079,3.385416666666674,12.464589235127498,10.85514834205934,30.9872821228819,30.333249044069337,29.346579974365252,32.4090975171822,300015.SZ
2023-01-12,31.82,0.06183690801979003,3,0.0018891687657429657,-0.005324146570623189,0.037025008119519365,0.0,1.6938318951741804,3.9529565501470243,11.806043569922696,7.754825601083648,31.13868537326701,30.47484437320559,29.443576838115632,32.403235850344565,300015.SZ
2023-01-13,33.73,1.7155371607038572,4,0.0600251414204902,0.0018891687657429657,-0.005324146570623189,0.037025008119519365,9.548554725560244,9.905506679700204,13.991213247718814,13.187919463087239,31.60983348721846,30.784859194805055,29.611671864071884,32.41643748367447,300015.SZ
2023-01-16,33.58,0.17491537785424427,0,-0.0044470797509634785,0.0600251414204902,0.0018891687657429657,-0.005324146570623189,9.061383566092896,8.07853234631477,11.413404114134028,14.217687074829932,31.968045580451466,31.051063081014096,29.767292575284753,32.428015220155324,300015.SZ
2023-01-17,34.04,-0.40974910964763944,1,0.013698630136986356,-0.0044470797509634785,0.0600251414204902,0.0018891687657429657,6.608205449420601,11.606557377049187,14.075067024128685,18.071453347207765,32.34476456582392,31.335723739965136,29.934849729195157,32.44405486970602,300015.SZ
2023-01-18,34.06,-0.4048997862916546,2,0.000587544065804968,0.013698630136986356,-0.0044470797509634785,0.0600251414204902,7.241813602015124,10.980775496904528,10.872395833333348,20.609065155807382,32.65662555385593,31.59517862187322,30.09662032805025,32.46013392572885,300015.SZ
2023-01-19,34.2,0.4697019473678248,3,0.004110393423370606,0.000587544065804968,0.013698630136986356,-0.0044470797509634785,7.47957259585168,9.300095877277093,11.728193400849406,20.168657765284625,32.937239089518485,31.843256848361484,30.257537177930633,32.47744602597035,300015.SZ
2023-01-20,33.76,0.14590511427139963,4,-0.01286549707602358,0.004110393423370606,0.000587544065804968,0.013698630136986356,0.08894159501926513,9.64598895745372,10.003258390355164,14.092598850963167,33.0868319823333,32.0258038151842,30.39488866114904,32.49020775705523,300015.SZ
2023-01-30,33.59,-0.2168783296561374,0,-0.005035545023696519,-0.01286549707602358,0.004110393423370606,0.000587544065804968,0.029779630732584828,9.09386164339072,8.11071773414871,11.446582614465829,33.17831707645452,32.174774880404755,30.52018714502555,32.501150963452694,300015.SZ
2023-01-31,32.86,0.3379687687894042,1,-0.021732658529324267,-0.005035545023696519,-0.01286549707602358,0.004110393423370606,-3.4665099882491224,2.9126213592232997,7.737704918032784,10.12064343163539,33.120441244371875,32.2400344156043,30.611944511887295,32.50472160063227,300015.SZ
2023-02-01,33.85,-0.16157258504580507,2,0.03012781497261119,-0.021732658529324267,-0.005035545023696519,-0.01286549707602358,-0.6165590135055798,6.580604534005041,10.296513522319973,10.188802083333348,33.25308829084971,32.39336447126103,30.73892708004858,32.51810745535235,300015.SZ
2023-02-02,33.6,-0.3090405127066409,3,-0.00738552437223039,0.03012781497261119,-0.021732658529324267,-0.005035545023696519,-1.7543859649122862,5.593966059082334,7.38255033557047,9.768049656974842,33.31616314705885,32.50828214066474,30.85112601808589,32.528872555299095,300015.SZ
2023-02-03,33.15,-0.059430407801418395,4,-0.013392857142857206,-0.00738552437223039,0.03012781497261119,-0.021732658529324267,-1.8068720379146863,-1.7195375037058924,7.66482624228646,8.015640273704783,33.28595166577542,32.569398127268094,30.941277938945266,32.535052927883186,300015.SZ
2023-02-06,32.14,0.7608539415860598,0,-0.030467571644042124,-0.013392857142857206,-0.00738552437223039,0.03012781497261119,-4.316760940756181,-4.288266825491361,4.384540435206241,3.443836498229813,33.077596817452616,32.52850306752828,30.988286647221923,32.53112205297888,300015.SZ
2023-02-07,32.16,-0.46389572850872496,1,0.000622277535780924,-0.030467571644042124,-0.013392857142857206,-0.00738552437223039,-2.130249543517959,-5.522914218566399,0.7203257124960727,5.442622950819653,32.91076103246123,32.49340753728749,31.034236190468125,32.527429296232825,300015.SZ
2023-02-08,32.02,-0.22643652338874753,2,-0.004353233830845515,0.000622277535780924,-0.030467571644042124,-0.013392857142857206,-5.406203840472667,-5.989430416911334,0.8186397984886629,4.333659172368853,32.74880448110464,32.44832110516487,31.072893594763492,32.522380248509116,300015.SZ
2023-02-09,32.38,0.5056710927542314,3,0.011242973141786461,-0.004353233830845515,0.000622277535780924,-0.030467571644042124,-3.630952380952379,-5.321637426900583,1.7598994343180463,3.483541067433693,32.681749120903795,32.44181433324441,31.12415266947865,32.52096352961848,300015.SZ
2023-02-10,32.6,-0.059920919816122575,4,0.006794317479925871,0.011242973141786461,-0.004353233830845515,0.000622277535780924,-1.6591251885369473,-3.4360189573459654,-3.3501334123925197,5.878531990906155,32.66688564437583,32.45687963484018,31.182029035381447,32.52174996215959,300015.SZ
2023-02-13,33.07,0.10759024746098889,0,0.014417177914110457,0.006794317479925871,0.011242973141786461,-0.004353233830845515,2.893590541381452,-1.5480797856505024,-1.5187611673615153,7.405001623903873,32.74017916358022,32.515272050569685,31.256067112425313,32.52720518641671,300015.SZ
2023-02-14,33.26,-0.42299063496964096,1,0.005745388569700527,0.014417177914110457,0.006794317479925871,0.011242973141786461,3.420398009950243,1.217285453438821,-2.291421856639253,4.165361728781702,32.83469204292927,32.586198521944,31.334652715859615,32.53449667709913,300015.SZ
2023-02-15,32.58,0.27036812442034686,2,-0.020444978953698123,0.005745388569700527,0.014417177914110457,0.006794317479925871,1.7489069331667606,-3.7518463810930713,-4.345273047563136,2.581863979848853,32.78838439876031,32.58560818652076,31.383489864257278,32.53494944648123,300015.SZ
2023-02-16,32.44,0.048183975177952254,3,-0.0042971147943523524,-0.020444978953698123,0.005745388569700527,0.014417177914110457,0.18529956763433386,-3.4523809523809623,-5.146198830409377,1.9484600879949632,32.725041780803885,32.57174074018545,31.424921634286406,32.534004675869475,300015.SZ
2023-02-17,32.15,-0.16389182817878623,4,-0.008939580764488309,-0.0042971147943523524,-0.020444978953698123,0.005745388569700527,-1.3803680981595123,-3.01659125188537,-4.768957345971558,-4.6842573376815855,32.62048872974863,32.53157495540588,31.453356080000667,32.53018373382102,300015.SZ
2023-02-20,32.68,0.011213815420598072,0,0.01648522550544329,-0.008939580764488309,-0.0042971147943523524,-0.020444978953698123,-1.179316601149083,1.6801493466085837,-2.709139624888368,-2.6801667659321016,32.63130896070342,32.54571067393865,31.501459763137895,32.53167444293723,300015.SZ
2023-02-21,32.2,0.14121635536967503,1,-0.014687882496939975,0.01648522550544329,-0.008939580764488309,-0.0042971147943523524,-3.187011425135289,0.12437810945276073,-2.008520998174057,-5.405405405405395,32.552889149666434,32.51278584784926,31.5288534979168,32.52837419972392,300015.SZ
2023-02-22,31.6,0.229104487971459,2,-0.018633540372670843,-0.014687882496939975,0.01648522550544329,-0.008939580764488309,-3.0079803560466467,-1.311680199875087,-6.646971935007384,-7.222548443922494,32.37963657699981,32.42585386233981,31.531643556822022,32.51913664549782,300015.SZ
2023-02-23,31.53,-0.16312216939045188,3,-0.0022151898734177333,-0.018633540372670843,-0.014687882496939975,0.01648522550544329,-2.8051787916152815,-2.6250772081531815,-6.1607142857142865,-7.807017543859651,32.22515719936348,32.34053444687888,31.531579103613318,32.50929448982123,300015.SZ
2023-02-24,31.3,-0.31550109314691355,4,-0.007294640025372723,-0.0022151898734177333,-0.018633540372670843,-0.014687882496939975,-2.6438569206842844,-3.9877300613496924,-5.5806938159879245,-7.286729857819896,32.056946799479206,32.24143592812851,31.522497570138285,32.49726170882799,300015.SZ
2023-02-27,31.08,0.7721411671924292,0,-0.007028753993610248,-0.007294640025372723,-0.0022151898734177333,-0.018633540372670843,-4.895960832313351,-6.017538554581192,-3.298070939639086,-7.472462042274497,31.8793201086648,32.13082298259246,31.50514472425051,32.48315960227249,300015.SZ
2023-02-28,31.25,-0.14519987094333742,1,0.005469755469755588,-0.007028753993610248,-0.007294640025372723,-0.0022151898734177333,-2.9503105590062195,-6.043295249548997,-2.829601990049746,-4.8995739500912965,31.764898270725745,32.04693507948842,31.495139048789706,32.47088935747375,300015.SZ
2023-03-01,30.96,0.14849281549354432,2,-0.009279999999999955,0.005469755469755588,-0.007028753993610248,-0.007294640025372723,-2.0253164556962022,-4.972375690607722,-3.3104309806371135,-8.537666174298375,31.61855313059379,31.943417452870477,31.47415320373913,32.455855632523765,300015.SZ
2023-03-02,30.76,-0.39420450810847574,3,-0.006459948320413411,-0.009279999999999955,0.005469755469755588,-0.007028753993610248,-2.442118617189981,-5.178791615289757,-5.003088326127236,-8.452380952380956,31.462452561394915,31.830711028787576,31.446147195749365,32.43898144712552,300015.SZ
2023-03-03,30.79,0.40077821011673165,4,0.0009752925877761776,-0.006459948320413411,-0.009279999999999955,0.005469755469755588,-1.6293929712460131,-4.230171073094868,-5.552147239263805,-7.119155354449469,31.34018845932311,31.73159569271257,31.420415933170958,32.42257367153223,300015.SZ
2023-03-06,30.84,0.08070245726495728,0,0.0016239038648913073,0.0009752925877761776,-0.006459948320413411,-0.009279999999999955,-0.7722007722007707,-5.630354957160344,-6.743271847596011,-4.044803982576228,31.249245103082544,31.646681817216134,31.397654524027,32.406826669825435,300015.SZ
2023-03-07,30.62,0.6721945553180184,1,-0.007133592736705552,0.0016239038648913073,0.0009752925877761776,-0.006459948320413411,-2.0159999999999956,-4.906832298136655,-7.937462417318086,-4.788557213930334,31.13483690252208,31.548902596528883,31.367158268182806,32.389047299976426,300015.SZ
2023-03-08,30.33,-0.5089011890421893,2,-0.009470934030045841,-0.007133592736705552,0.0016239038648913073,0.0009752925877761776,-2.034883720930236,-4.018987341772162,-6.906077348066297,-5.277951280449733,30.988502920245335,31.432816634954705,31.326485394920734,32.36855926714084,300015.SZ
2023-03-09,30.12,-0.050741103002031274,3,-0.006923837784371778,-0.009470934030045841,-0.007133592736705552,0.0016239038648913073,-2.080624187256175,-4.4719314938154175,-7.151664611590625,-6.979617047560227,30.830593298382546,31.307786479244733,31.279172242178745,32.34618554308969,300015.SZ
2023-03-10,30.48,0.6916443415817257,4,0.01195219123505975,-0.006923837784371778,-0.009470934030045841,-0.007133592736705552,-1.006820396232544,-2.6198083067092703,-5.194401244167956,-6.5030674846625836,30.766849062312993,31.228949671697617,31.24783215425017,32.32761653271069,300015.SZ
2023-03-13,30.74,-0.3429353224506626,0,0.008530183727033958,0.01195219123505975,-0.006923837784371778,-0.009470934030045841,-0.3242542153048089,-1.0939510939510955,-5.936352509179931,-7.04566071968552,30.76196741461972,31.182383036297843,31.22791716780899,32.31181935328073,300015.SZ
2023-03-14,30.89,-0.11161185430274678,1,0.004879635653871173,0.008530183727033958,0.01195219123505975,-0.006923837784371778,0.8817766165904573,-1.1519999999999975,-4.068322981366467,-7.125676488274191,30.785246066507042,31.154537032840906,31.214665514169422,32.29767189702918,300015.SZ
2023-03-15,29.71,1.195000963205548,2,-0.03820006474587245,0.004879635653871173,0.008530183727033958,0.01195219123505975,-2.0441806791955064,-4.037467700258402,-5.981012658227847,-8.80908532842234,30.58974678168758,31.01696207733225,31.15565902341768,32.27192391795427,300015.SZ
2023-03-16,30.52,0.04720948431591965,3,0.027263547627061513,-0.03820006474587245,0.004879635653871173,0.008530183727033958,1.3280212483399723,-0.7802340702210753,-3.2032984459245184,-5.91861898890258,30.577065548653472,30.969632355681558,31.130731218577772,32.25449183916865,300015.SZ
2023-03-17,30.67,0.1887614710935428,4,0.004914809960681499,0.027263547627061513,-0.03820006474587245,0.004879635653871173,0.6233595800525071,-0.38973692757388045,-2.012779552715649,-4.60342146189735,30.59396272162557,30.941095940854744,31.112663327653156,32.23872575121673,300015.SZ
2023-03-20,30.03,-0.26008436438835825,0,-0.02086729703293122,0.004914809960681499,0.027263547627061513,-0.03820006474587245,-2.3096942094990136,-2.6264591439688623,-3.378378378378366,-8.108935128518969,30.491424044966372,30.854324898868576,31.070205942254994,32.21674838055786,300015.SZ
2023-03-21,30.82,-0.14261100171504804,1,0.026307026307026193,-0.02086729703293122,0.004914809960681499,0.027263547627061513,-0.22661055357721116,0.653167864141091,-1.3759999999999994,-4.285714285714293,30.551165127699754,30.851055860881093,31.060393944519504,32.202850386721465,300015.SZ
2023-03-22,30.36,-0.09597807062222741,2,-0.014925373134328401,0.026307026307026193,-0.02086729703293122,0.004914809960681499,2.1878155503197494,0.09891196834816984,-1.9379844961240345,-3.924050632911402,30.516407831754343,30.804288636035274,31.032927515322662,32.18451356695309,300015.SZ
2023-03-23,30.7,-0.2295147461047543,3,0.011198945981554687,-0.014925373134328401,0.026307026307026193,-0.02086729703293122,0.589777195281771,1.9256308100929598,-0.19505851755526882,-2.6324135743736155,30.549788225980823,30.794356384984297,31.019871534329617,32.16974228767993,300015.SZ
2023-03-24,30.5,-0.07132980562129387,4,-0.006514657980456029,0.011198945981554687,-0.014925373134328401,0.026307026307026193,-0.5542875774372402,0.06561679790026975,-0.9418642416368916,-2.5559105431309903,30.540735821257037,30.766322443557222,30.999484415336298,32.15312793655874,300015.SZ
2023-03-27,30.59,0.20846397228306768,0,0.0029508196721310664,-0.006514657980456029,0.011198945981554687,-0.014925373134328401,1.8648018648018683,-0.48796356538711727,-0.8106355382619945,-1.5765765765765716,30.549692944664848,30.749529829885105,30.98342620297017,32.13757442475219,300015.SZ
2023-03-28,31.32,0.6956166331003435,1,0.023864007845701307,0.0029508196721310664,-0.006514657980456029,0.011198945981554687,1.6223231667748195,1.392036257688578,2.286087524493796,0.22400000000000198,30.689748772907603,30.803860322277,30.99662517540271,32.12943935584918,300015.SZ
2023-03-29,30.88,-0.27783017879226146,2,-0.014048531289910682,0.023864007845701307,0.0029508196721310664,-0.006514657980456029,1.7127799736495364,3.9380679905755667,1.8133860863831286,-0.25839793281654533,30.724339905106216,30.81111172015538,30.992051639112407,32.11700712345267,300015.SZ
2023-03-30,31.2,-0.2878911011783828,3,0.010362694300518172,-0.014048531289910682,0.023864007845701307,0.0029508196721310664,1.6286644951140072,2.2280471821756187,3.585657370517925,1.4304291287386084,30.810823558723264,30.8481486991882,31.000206476794276,32.10788267446309,300015.SZ
2023-03-31,31.07,-0.15534270769648795,4,-0.004166666666666652,0.010362694300518172,-0.014048531289910682,0.023864007845701307,1.8688524590164013,1.3042060645581888,1.9356955380577467,0.9093861643390655,30.857946548046304,30.869277394503612,31.002943477704306,32.097555483672416,300015.SZ
2023-04-03,30.05,1.736324009586463,0,-0.032829095590601876,-0.004166666666666652,0.010362694300518172,-0.014048531289910682,-1.7652827721477582,0.06660006660006434,-2.244632400780733,-2.561608300907914,30.71104717567425,30.79125097597946,30.965573145245315,32.07718179726771,300015.SZ
2023-04-04,30.08,-0.3055960498471667,1,0.0009983361064891394,-0.032829095590601876,-0.004166666666666652,0.010362694300518172,-3.9591315453384457,-2.40103828682674,-2.6222078342505784,-1.7635532331809367,30.596311325551657,30.72351278779094,30.930844786608244,32.05730934157351,300015.SZ
2023-04-06,29.68,-0.35611011410964,3,-0.013297872340425454,0.0009983361064891394,-0.032829095590601876,-0.004166666666666652,-3.886010362694303,-2.2397891963109373,-0.10097610232245868,-2.1430926475436762,30.429709266360447,30.62413061752514,30.88179204987851,32.033654522254366,300015.SZ
2023-04-07,30.44,0.46404343710559526,4,0.025606469002695365,-0.013297872340425454,0.0009983361064891394,-0.032829095590601876,-2.4358974358974272,-0.8469055374592749,-0.2621231979030081,1.0624169986719778,30.431580308840363,30.60659436823703,30.864466871451903,32.017797263326464,300015.SZ
2023-04-10,31.1,0.01945923617783607,0,0.021681997371879147,0.025606469002695365,-0.013297872340425454,0.0009983361064891394,0.09655616350177088,1.967213114754096,1.402021519400054,2.0341207349081403,30.553111161778478,30.653585380785884,30.873703464728298,32.00866495224859,300015.SZ
2023-04-11,31.05,0.38363223169614535,1,-0.001607717041800627,0.021681997371879147,0.025606469002695365,-0.013297872340425454,3.3277870216306127,1.5037593984962516,3.3966033966033926,1.008458035133386,30.643454586909662,30.69133915404437,30.880617054346796,31.99912599749985,300015.SZ
2023-04-12,30.95,-0.4278684245707628,2,-0.0032206119162641045,-0.001607717041800627,0.021681997371879147,0.025606469002695365,2.8922872340425565,-1.1813537675606667,0.4218040233614495,0.19423761735188894,30.69919011656245,30.715973520325857,30.883337954176337,31.98868693284811,300015.SZ
2023-04-13,30.42,-0.04300608650176374,3,-0.01712439418416789,-0.0032206119162641045,-0.001607717041800627,0.021681997371879147,2.4932614555256194,-1.489637305699476,0.19762845849802257,2.3897677549646668,30.648428277187456,30.687785566009108,30.865167838326283,31.973078107645645,300015.SZ
2023-04-14,30.9,0.12402623072808883,4,0.015779092702169484,-0.01712439418416789,-0.0032206119162641045,-0.001607717041800627,1.5111695137976167,-0.9615384615384692,0.6514657980456029,1.245085190039319,30.6941685904261,30.70799646448443,30.866533805450743,31.96240071353972,300015.SZ
2023-04-17,30.53,0.019540099096955643,0,-0.011974110032362373,0.015779092702169484,-0.01712439418416789,-0.0032206119162641045,-1.8327974276527326,-1.7380109430318647,0.09836065573771702,-0.45647212259537495,30.66431975580317,30.691044420247817,30.853336401315424,31.948147970121415,300015.SZ
2023-04-18,31.02,0.05314421379436296,1,0.016049787094660983,-0.011974110032362373,0.015779092702169484,-0.01712439418416789,-0.09661835748792091,3.2279534109816987,1.4056881333769145,3.296703296703285,30.728988891111683,30.72237352308136,30.859872228714817,31.93891266693613,300015.SZ
2023-04-19,30.78,-0.21788053949903663,2,-0.007736943907156624,0.016049787094660983,-0.011974110032362373,0.015779092702169484,-0.5492730210016061,2.3271276595744794,-1.724137931034475,-0.12978585334197934,30.738263638182286,30.727861758978374,30.85673998445149,31.927381197613386,300015.SZ
2023-04-20,29.37,1.2928409538825383,3,-0.04580896686159841,-0.007736943907156624,0.016049787094660983,-0.011974110032362373,-3.451676528599612,-1.044474393530992,-4.88989637305699,-3.2608695652173836,30.48948843124005,30.598541591456623,30.798436455649473,31.901934618532657,300015.SZ
2023-04-21,28.29,-0.1253881445348175,4,-0.036772216547497516,-0.04580896686159841,-0.007736943907156624,0.016049787094660983,-8.446601941747566,-7.063074901445477,-9.326923076923077,-7.8501628664495176,30.08958144374186,30.378680487508376,30.70006639856518,31.86599497058706,300015.SZ
2023-04-24,28.11,-0.3906340216950652,0,-0.006362672322375418,-0.036772216547497516,-0.04580896686159841,-0.007736943907156624,-7.926629544710129,-9.614147909967851,-9.526874798841334,-7.83606557377049,29.7296575448797,30.162615679174245,30.5984951672489,31.828621886302614,300015.SZ
2023-04-25,29.15,0.3848557546922564,1,0.03699750978299532,-0.006362672322375418,-0.036772216547497516,-0.04580896686159841,-6.028368794326244,-6.119162640901776,-2.9950083194675625,-4.707420725727363,29.62426526399248,30.06617609068146,30.541691435199926,31.801968932210052,300015.SZ
2023-04-26,28.91,0.1395848194139142,2,-0.008233276157804448,0.03699750978299532,-0.006362672322375418,-0.036772216547497516,-6.075373619233271,-6.591276252019385,-3.889627659574457,-7.69476372924649,29.494398852357484,29.95606408204513,30.47770353578032,31.773193121939308,300015.SZ
2023-04-27,29.98,0.10170985481882688,3,0.03701141473538572,-0.008233276157804448,0.03699750978299532,-0.006362672322375418,2.076949267960493,-1.4464168310322156,1.0107816711590223,-2.9145077720207246,29.582689970110664,29.95834369327893,30.458185750063446,31.75535040430807,300015.SZ
2023-04-28,29.46,-0.4343573718599083,4,-0.01734489659773175,0.03701141473538572,-0.008233276157804448,0.03699750978299532,4.135737009544016,-4.660194174757271,-3.219448094612354,-5.576923076923068,29.56038270281781,29.910882389157127,30.419041210845272,31.732511096802522,300015.SZ
2023-05-04,28.99,-0.02477297419182911,3,-0.015953835709436648,-0.01734489659773175,0.03701141473538572,-0.008233276157804448,3.1305585200996022,-5.044218801179179,-6.784565916398721,-6.694560669456074,29.456676756850932,29.8231793044755,30.36300037904742,31.705222429172647,300015.SZ
2023-05-05,28.91,-0.46055134578398094,4,-0.0027595722662986377,-0.015953835709436648,-0.01734489659773175,0.03701141473538572,-0.8233276157804448,-6.802063185041907,-6.892109500805155,-3.7936772046589073,29.357280982878034,29.736209846906405,30.306019972025954,31.67740927067342,300015.SZ
2023-05-08,29.01,0.20700202618453867,0,0.003459010722933309,-0.0027595722662986377,-0.015953835709436648,-0.01734489659773175,0.3459010722933309,-5.750487329434694,-6.2681744749596096,-3.5571808510638236,29.29413898599112,29.667047004343893,30.255195659397486,31.650867884895575,300015.SZ
2023-05-09,28.65,0.1606056203896502,1,-0.012409513960703333,0.003459010722933309,-0.0027595722662986377,-0.015953835709436648,-4.436290860573722,-2.4514811031665085,-5.818540433925056,-3.470350404312672,29.177022806720004,29.570185384882567,30.19224681000935,31.621008502956318,300015.SZ
2023-05-10,29.05,0.04938597833191949,2,0.013961605584642323,-0.012409513960703333,0.003459010722933309,-0.0027595722662986377,-1.3917175831636097,2.686461647225169,-5.98705501618122,-4.566360052562423,29.15392775095273,29.520643919655654,30.147452817459968,31.59542632879755,300015.SZ
2023-05-11,28.84,0.04369549659395133,3,-0.0072289156626506035,0.013961605584642323,-0.012409513960703333,0.003459010722933309,-0.5174197999310071,2.5969405905371667,-5.535538814281038,-7.26688102893891,29.096849978052234,29.45582068921226,30.096180157951736,31.56800915139658,300015.SZ
2023-05-12,28.7,-0.2980152632982438,4,-0.004854368932038833,-0.0072289156626506035,0.013961605584642323,-0.012409513960703333,-0.7263922518159882,-1.5437392795883298,-7.479045776918114,-7.568438003220612,29.02469543658819,29.38383776643014,30.041427994894804,31.539471746905075,300015.SZ
2023-05-15,29.36,0.310227560507941,0,0.022996515679442497,-0.004854368932038833,-0.0072289156626506035,0.013961605584642323,1.206480523957243,1.5565548253199557,-4.613385315139706,-5.137318255250401,29.08565990266306,29.381567502960603,30.01470532842834,31.517785460866218,300015.SZ
2023-05-16,29.72,0.43012756792577833,1,0.012261580381471404,0.022996515679442497,-0.004854368932038833,-0.0072289156626506035,3.7347294938917974,-0.8672448298865931,1.1916922029281407,-2.3011176857330784,29.200994465815228,29.413799169345307,30.003148256725268,31.499897048320285,300015.SZ
2023-05-17,29.23,-0.5213974726558351,2,-0.016487213997308126,0.012261580381471404,0.022996515679442497,-0.004854368932038833,0.6196213425128994,-0.7807196198234889,3.322728879462722,-5.404530744336567,29.206268199303366,29.396294486550516,29.972828717245847,31.477311008038495,300015.SZ
2023-05-18,29.49,0.5838594509550801,3,0.008894970920287237,-0.016487213997308126,0.012261580381471404,0.022996515679442497,2.2538141470180184,1.7247326664367124,4.90928495197438,-3.406485424172956,29.257855799430025,29.405218821164755,29.95389425774601,31.45753676915254,300015.SZ
2023-05-19,29.6,-0.34281675432675784,4,0.003730077992539993,0.008894970920287237,-0.016487213997308126,0.012261580381471404,3.1358885017421567,2.3867173988239454,1.543739279588352,-4.577691811734363,29.320063835897294,29.423769409625255,29.940016051559894,31.439053816225652,300015.SZ
2023-05-22,30.02,0.29319432602123885,0,0.01418918918918921,0.003730077992539993,0.008894970920287237,-0.016487213997308126,2.2479564032697574,3.4815580834195003,3.8395019024558996,-2.4691358024691357,29.44732495664324,29.48055327537523,29.943152676988916,31.424933877755745,300015.SZ
2023-05-23,29.3,0.017022806964965387,1,-0.02398401065956024,0.01418918918918921,0.003730077992539993,0.008894970920287237,-1.4131897711978425,2.2687609075043635,-2.2681787858572333,-0.23833844058562814,29.420538600889923,29.463357725339495,29.917931003381508,31.40379025708156,300015.SZ
2023-05-24,28.82,-0.3128922940916459,2,-0.01638225255972703,-0.02398401065956024,0.01418918918918921,0.003730077992539993,-1.4026684912760823,-0.7917383820998269,-2.1724372029870986,1.8734535171438749,29.31134976436448,29.402085561021448,29.87487488560184,31.378080901289707,300015.SZ
2023-05-25,28.27,0.43539048762705335,3,-0.01908396946564883,-0.01638225255972703,-0.02398401065956024,0.01418918918918921,-4.136995591726,-1.9764216366158105,-2.4836150396688517,0.5691924581999297,29.122013443570935,29.294267888543214,29.811938615578242,31.347154723167424,300015.SZ
2023-05-26,28.18,-0.14422301233977708,4,-0.0031835868411743684,-0.01908396946564883,-0.01638225255972703,-0.02398401065956024,-4.797297297297298,-1.8118466898954688,-2.525077827741262,-3.3276157804459694,28.950738272012583,29.18814713725338,29.74794102281047,31.315640745822478,300015.SZ
2023-05-29,27.73,0.47093429229802375,0,-0.015968772178850177,-0.0031835868411743684,-0.01908396946564883,-0.01638225255972703,-7.628247834776813,-5.551771117166204,-4.412271630472253,-4.081632653061229,28.728785858919384,29.049275981324488,29.66880608073947,31.279962728451114,300015.SZ
2023-05-30,27.18,0.38893438245451617,1,-0.01983411467724494,-0.015968772178850177,-0.0031835868411743684,-0.01908396946564883,-7.235494880546078,-8.546433378196493,-5.130890052356019,-9.339559706470979,28.447188430024948,28.871249697388823,29.5712058422791,31.239167079411803,300015.SZ
2023-05-31,26.8,-0.4807960147992446,2,-0.013980868285504044,-0.01983411467724494,-0.015968772178850177,-0.0031835868411743684,-7.009021512838309,-8.313376667807049,-7.745266781411364,-9.029192124915141,28.147699624565867,28.673987821447028,29.462531103366192,31.19499626270124,300015.SZ
2023-06-01,27.23,-0.04632677243104466,3,0.016044776119402915,-0.013980868285504044,-0.01983411467724494,-0.015968772178850177,-3.6788114609126232,-7.663614784672768,-5.582524271844658,-6.071058985857181,27.980845147372072,28.536465171785405,29.374980864018497,31.155543563569886,300015.SZ
2023-06-02,27.61,0.13774180745137965,4,0.013955196474476628,0.016044776119402915,-0.013980868285504044,-0.01983411467724494,-2.0227111426543654,-6.722972972972984,-3.7979094076655007,-4.496713939813213,27.913418756940786,28.44823039352013,29.305765928174633,31.120264523136356,300015.SZ
2023-06-05,27.25,-0.11509001835252008,0,-0.013038754074610637,0.013955196474476628,0.016044776119402915,-0.013980868285504044,-1.730977280923185,-9.227181878747503,-7.1866485013623915,-6.066873491899349,27.79279716476973,28.33411321318488,29.225147656481514,31.08175442837878,300015.SZ
2023-06-06,26.0,1.6546629415696827,1,-0.04587155963302747,-0.013038754074610637,0.013955196474476628,0.016044776119402915,-4.341427520235463,-11.262798634812288,-12.516823687752353,-9.24956369982548,27.466834043902505,28.11181671669108,29.098671277795965,31.031189707698395,300015.SZ
2023-06-07,26.05,-0.4880198345826796,2,0.0019230769230769162,-0.04587155963302747,-0.013038754074610637,0.013955196474476628,-2.7985074626865725,-9.611380985426788,-10.879233664043786,-10.327022375215144,27.209227854102046,27.91545321986336,28.979115541411808,30.98162563100488,300015.SZ
2023-06-08,19.8,0.14592161016949134,3,-0.2399232245681382,0.0019230769230769162,-0.04587155963302747,-0.013038754074610637,-27.28608152772677,-29.961089494163417,-32.858596134282806,-31.34535367545076,25.862095516992582,27.142552913209705,28.619150226062327,30.870365674477473,300015.SZ
2023-06-09,19.78,-0.04329404514290103,4,-0.0010101010101010166,-0.2399232245681382,0.0019230769230769162,-0.04587155963302747,-28.359290112278156,-29.808374733853793,-33.17567567567568,-31.08013937282229,24.756259968448475,26.441357397665925,28.27251688386381,30.76001377721899,300015.SZ
2023-06-12,20.08,-0.03984677855359875,0,0.015166835187057526,-0.0010101010101010166,-0.2399232245681382,0.0019230769230769162,-26.3119266055046,-27.58745041471331,-33.111259160559634,-31.607629427792915,23.906030883276024,25.835513835983456,27.95124171194758,30.65374498341582,300015.SZ
2023-06-13,20.21,-0.10245719967892286,1,0.006474103585657476,0.015166835187057526,-0.0010101010101010166,-0.2399232245681382,-22.269230769230763,-25.6438557763061,-31.02389078498293,-31.998654104979806,23.23402526813493,25.29975061350884,27.647663605596698,30.54982712288432,300015.SZ
2023-06-14,20.18,-0.19761869802581522,2,-0.0014844136566056765,0.006474103585657476,0.015166835187057526,-0.0010101010101010166,-22.533589251439544,-24.70149253731344,-29.979181124219288,-30.961341087923365,22.678747946655847,24.812155316984192,27.354814052436044,30.446644763452635,300015.SZ
2023-06-15,20.49,0.4451191109928134,3,0.015361744301288338,-0.0014844136566056765,0.006474103585657476,0.015166835187057526,3.4848484848484684,-24.752111641571805,-27.5203395825964,-30.51881993896236,22.2807937745366,24.40052147727141,27.085605658222867,30.34757367127898,300015.SZ
2023-06-16,20.44,0.011131704060136416,4,-0.0024402147388968842,0.015361744301288338,-0.0014844136566056765,0.006474103585657476,3.336703741152669,-25.968851865266206,-27.46628814762242,-30.94594594594594,21.946103997348125,24.023328955626514,26.824993671625894,30.248990848679192,300015.SZ
2023-06-19,20.13,0.23412951409444882,0,-0.015166340508806386,-0.0024402147388968842,0.015361744301288338,-0.0014844136566056765,0.2490039840637559,-26.128440366972484,-27.407140281283816,-32.944703530979346,21.615903270557556,23.65253572175732,26.562444900189586,30.148304372572934,300015.SZ
2023-06-20,19.92,-0.3510299720482283,1,-0.010432190760059523,-0.015166340508806386,-0.0024402147388968842,0.015361744301288338,-1.4349332013854466,-23.38461538461538,-26.710816777041934,-32.0136518771331,21.307557221365272,23.297056129209004,26.301956864888034,30.046530199711512,300015.SZ
2023-06-21,19.57,0.12850218197842178,2,-0.0175702811244981,-0.010432190760059523,-0.015166340508806386,-0.0024402147388968842,-3.0227948463825594,-24.87523992322457,-26.97761194029851,-32.09576682859125,20.991637726571586,22.94209840261767,26.03795855646105,29.942286118122347,300015.SZ
2023-06-26,18.83,0.5809495018201514,0,-0.03781297904956571,-0.0175702811244981,-0.010432190760059523,-0.015166340508806386,-8.101512933138121,-4.898989898989914,-30.848329048843194,-33.39228864520693,20.59861268537675,22.55046998332075,25.755293515031205,29.83171610699675,300015.SZ
2023-06-27,19.18,-0.3527288662257987,1,0.01858736059479571,-0.03781297904956571,-0.0175702811244981,-0.010432190760059523,-6.164383561643838,-3.0333670374115385,-30.53241579137993,-31.9375443577005,20.34068310621734,22.229472842052107,25.497438867382925,29.725728882051513,300015.SZ
2023-06-28,18.95,-0.15411317224485765,2,-0.011991657977059478,0.01858736059479571,-0.03781297904956571,-0.0175702811244981,-5.861897665176352,-5.627490039840632,-30.458715596330276,-31.66245943021998,20.08783163235964,21.917142095190002,25.240676558858105,29.61850769914553,300015.SZ
2023-06-29,18.56,0.45232031898019454,3,-0.02058047493403692,-0.011991657977059478,0.01858736059479571,-0.03781297904956571,-6.8273092369478094,-8.164275111331031,-28.61538461538462,-31.714495952906553,19.810044062839705,21.597414276600478,24.978689242824455,29.508472796666467,300015.SZ
2023-06-30,18.55,-0.27621690948077193,4,-0.0005387931034481763,-0.02058047493403692,-0.011991657977059478,0.01858736059479571,-5.212059274399595,-8.07730426164519,-28.79078694817658,-30.78358208955224,19.580945142323394,21.30718434549567,24.726583782321534,29.39943326635138,300015.SZ
2023-07-03,18.99,0.12016335571398895,0,0.023719676549865065,-0.0005387931034481763,-0.02058047493403692,-0.011991657977059478,0.849707912904929,-7.320644216691075,-4.090909090909101,-30.260741828865235,19.473500570991867,21.086500122115133,24.501619712426574,29.295856815939924,300015.SZ
2023-07-04,19.02,-0.19996292405610816,1,0.0015797788309637184,0.023719676549865065,-0.0005387931034481763,-0.02058047493403692,-0.8342022940563076,-6.947162426614484,-3.842264914054605,-31.111915972473746,19.391045921720618,20.889690586675595,24.286654233507885,29.193609484438035,300015.SZ
2023-07-05,18.55,0.1658608171777245,2,-0.024710830704521514,0.0015797788309637184,0.023719676549865065,-0.0005387931034481763,-2.110817941952503,-7.848981619473417,-7.61952191235059,-31.926605504587158,19.238128481407777,20.66686291175411,24.061687400821302,29.087702922403825,300015.SZ
2023-07-06,18.15,0.09563811744753004,3,-0.021563342318059453,-0.024710830704521514,0.0015797788309637184,0.023719676549865065,-2.2090517241379337,-8.885542168674709,-10.192973775358748,-30.192307692307697,19.040286939333633,20.42716168206324,23.829856522357723,28.978870057504285,300015.SZ
2023-07-07,17.81,0.15381545531503216,4,-0.018732782369145995,-0.021563342318059453,-0.024710830704521514,0.0015797788309637184,-3.989218328840982,-8.993357179356165,-11.744301288404369,-31.631477927063344,18.816598404909335,20.177908188533408,23.593783717559383,28.867737022106233,300015.SZ
2023-07-10,18.53,0.33131046337347625,0,0.040426726558113524,-0.018732782369145995,-0.021563342318059453,-0.024710830704521514,-2.4223275408109424,-1.5932023366967418,-9.565641776476319,-6.414141414141417,18.764489604016727,20.020964551530227,23.395203963929603,28.764873967159904,300015.SZ
2023-07-11,18.6,-0.5615222919405758,1,0.0037776578521317994,0.040426726558113524,-0.018732782369145995,-0.021563342318059453,-2.2082018927444658,-3.023983315954115,-9.001956947162427,-5.9656218402426635,18.734582403286414,19.885634594241633,23.207156749657855,28.66373094261105,300015.SZ
2023-07-12,18.43,-0.18464853218421762,2,-0.009139784946236684,0.0037776578521317994,0.040426726558113524,-0.018732782369145995,-0.6469002695417836,-2.7440633245382595,-8.445106805762537,-8.217131474103578,18.679203784507063,19.747002728123384,23.019817269279116,28.561902774027857,300015.SZ
2023-07-13,19.34,2.2886525291228996,3,0.04937601736299513,-0.009139784946236684,0.0037776578521317994,0.040426726558113524,6.556473829201104,4.2025862068965525,-2.9116465863453955,-4.304799604156361,18.799348550960325,19.708240563540205,22.875510709699544,28.47014254742062,300015.SZ
2023-07-14,19.1,-0.5963399200487475,4,-0.012409513960703111,0.04937601736299513,-0.009139784946236684,0.0037776578521317994,7.243121841662004,2.96495956873315,-2.40163515585079,-5.35183349851337,18.85401245078572,19.65031289082209,22.727451466181915,28.376907298192553,300015.SZ
2023-07-17,19.11,-0.3296783504470582,0,0.0005235602094240122,-0.012409513960703111,0.04937601736299513,-0.009139784946236684,3.130059363194815,0.6319115323854652,1.486988847583648,-6.734992679355778,18.900555641551954,19.598854520267604,22.58559062437086,28.284699265374716,300015.SZ
2023-07-18,19.1,0.25133014922418284,1,-0.0005232862375718073,0.0005235602094240122,-0.012409513960703111,0.04937601736299513,2.6881720430107503,0.4206098843323014,-0.4171011470281427,-6.5557729941291605,18.93681825217887,19.551344565956406,22.44890079596416,28.193309222933177,300015.SZ
2023-07-19,19.14,0.036191041234055366,2,0.0020942408376962707,-0.0005232862375718073,0.0005235602094240122,-0.012409513960703111,3.85241454150842,3.1805929919137554,1.002638522427457,-4.91803278688524,18.973760388146346,19.512168893008177,22.319139980436155,28.10322654409802,300015.SZ
2023-07-20,19.37,0.6908674491840823,3,0.012016718913270719,0.0020942408376962707,-0.0005232862375718073,0.0005235602094240122,0.15511892450879028,6.721763085399468,4.36422413793105,-2.7610441767068283,19.04580395393792,19.498628998435972,22.203487432183756,28.016328767539832,300015.SZ
2023-07-21,19.87,0.5366451074012619,4,0.02581311306143519,0.012016718913270719,0.0020942408376962707,-0.0005232862375718073,4.031413612565449,11.566535654126909,7.115902964959564,1.5329586101175297,19.19565778049466,19.533997665251597,22.11197812111773,27.93527076985287,300015.SZ
2023-07-24,19.63,-0.478888758300523,0,-0.012078510317060975,0.02581311306143519,0.012016718913270719,0.0020942408376962707,2.7210884353741527,5.936319481921193,3.3701948393891623,4.248539564524689,19.274629093131992,19.543140744751444,22.01464564577978,27.85263125970508,300015.SZ
2023-07-25,19.87,0.2961151363085339,1,0.012226184411614938,-0.012078510317060975,0.02581311306143519,0.012016718913270719,4.031413612565449,6.827956989247319,4.468980021030511,3.5974973931178322,19.382878348926173,19.57427019763226,21.93054189496489,27.773202092941847,300015.SZ
2023-07-26,19.93,-0.3941859074051921,2,0.003019627579265105,0.012226184411614938,-0.012078510317060975,0.02581311306143519,4.127481713688597,8.138903960933263,7.43935309973045,5.171503957783652,19.48235501275778,19.608149226429187,21.852089271632934,27.69516028107178,300015.SZ
2023-07-27,20.07,0.5591160419359473,3,0.00702458605117906,0.003019627579265105,0.012226184411614938,-0.012078510317060975,3.613835828600931,3.7745604963805635,10.57851239669423,8.135775862068972,19.589199555892726,19.652135014388314,21.782203417843405,27.619288039469076,300015.SZ
2023-07-28,20.27,0.022844246911305932,4,0.009965122072745247,0.00702458605117906,0.003019627579265105,0.012226184411614938,2.0130850528434774,6.125654450261764,13.812464907355416,9.272237196765488,19.712981454821318,19.710979298732287,21.722901323026015,27.546160795295258,300015.SZ
2023-07-31,20.13,0.189321535915707,0,-0.006906758756783482,0.009965122072745247,0.00702458605117906,0.003019627579265105,2.5471217524197565,5.3375196232338995,8.634646519158107,6.00315955766193,19.788803008490166,19.750886032186354,21.660434604475977,27.472368150565952,300015.SZ
2023-08-01,20.03,-0.31484794275491945,1,-0.004967709885742577,-0.006906758756783482,0.009965122072745247,0.00702458605117906,0.805234021137391,4.869109947643979,7.688172043010755,5.310199789695069,19.832657006946498,19.77746831483527,21.596495992535743,27.398314736132463,300015.SZ
2023-08-02,19.47,0.9305123848204788,2,-0.027958062905641623,-0.004967709885742577,-0.006906758756783482,0.009965122072745247,-2.308078273958858,1.724137931034475,5.642973412913732,4.959568733153619,19.76671936931986,19.748185618184294,21.51310399282846,27.319426032290348,300015.SZ
2023-08-03,19.57,-0.4047687199450424,3,0.005136106831022058,-0.027958062905641623,-0.004967709885742577,-0.006906758756783482,-2.491280518186345,1.032524522457412,1.1892450879007255,7.823691460055104,19.7309522112617,19.7312155593096,21.436903836246948,27.242317315551144,300015.SZ
2023-08-04,19.61,-0.16515989420533783,4,0.0020439448134899063,0.005136106831022058,-0.027958062905641623,-0.004967709885742577,-3.2560434139121908,-1.3085052843482714,2.6701570680628173,10.10668163952837,19.70896090012321,19.719671220327733,21.36526054855099,27.166373859675012,300015.SZ
2023-08-07,18.83,1.4102992425333372,0,-0.03977562468128515,0.0020439448134899063,0.005136106831022058,-0.027958062905641623,-6.458022851465484,-4.075394803871624,-1.465201465201471,1.6189962223421395,19.549149827373533,19.63494062791557,21.26583856625487,27.083424866046403,300015.SZ
2023-08-08,18.78,-0.38237859669247687,1,-0.0026553372278277365,-0.03977562468128515,0.0020439448134899063,0.005136106831022058,-6.240639041437845,-5.485656768998492,-1.675392670157072,0.967741935483879,19.40930440421471,19.55351771097123,21.168354700911546,27.000803723100667,300015.SZ
2023-08-09,19.15,-0.2481257557436517,2,0.01970181043663466,-0.0026553372278277365,-0.03977562468128515,0.0020439448134899063,-1.6435541859270653,-3.9136979427998098,0.052246603970740324,3.90667390124797,19.362158148902942,19.515087452783494,21.08920353616992,26.922686273119567,300015.SZ
2023-08-10,19.05,-0.28167256352524916,3,-0.005221932114882422,0.01970181043663466,-0.0026553372278277365,-0.03977562468128515,-2.6571282575370447,-5.082212257100149,-1.652039235931857,-1.499482936918295,19.30540212182968,19.470793409661255,21.00923477004561,26.84435108632236,300015.SZ
2023-08-11,18.57,0.05188780627597067,4,-0.025196850393700787,-0.005221932114882422,0.01970181043663466,-0.0026553372278277365,-5.3034166241713425,-8.386778490379864,-6.542526421741323,-2.774869109947653,19.171692645133373,19.385003561122087,20.913578504553623,26.762019234717165,300015.SZ
2023-08-14,18.48,-0.039145907473309594,0,-0.004846526655896577,-0.025196850393700787,-0.005221932114882422,0.01970181043663466,-1.8587360594795377,-8.196721311475407,-5.858380030565458,-3.296703296703296,19.045930346018213,19.298812745777127,20.81814405339466,26.67961108312794,300015.SZ
2023-08-15,18.27,0.33324472798157023,1,-0.011363636363636465,-0.004846526655896577,-0.025196850393700787,-0.005221932114882422,-2.715654952076685,-8.78681977034449,-8.052340211373943,-4.3455497382199,18.904852101287627,19.200830579512637,20.718216835614477,26.595933360907765,300015.SZ
2023-08-16,18.07,-0.26587359606566086,2,-0.010946907498631586,-0.011363636363636465,-0.004846526655896577,-0.025196850393700787,-5.639686684073098,-7.190549563430915,-9.332664325137985,-5.590386624869382,18.753060810144422,19.09313242908286,20.614365195002144,26.51109820308779,300015.SZ
2023-08-17,18.38,0.18547219003476223,3,0.017155506364139317,-0.010946907498631586,-0.011363636363636465,-0.004846526655896577,-3.5170603674540724,-6.080735820132865,-8.420528151469863,-5.11099638616418,18.68523157193634,19.02521505488449,20.526743030492256,26.430191753305824,300015.SZ
2023-08-18,18.08,-0.2115889791679394,4,-0.016322089227421177,0.017155506364139317,-0.010946907498631586,-0.011363636363636465,-2.6386645126548314,-7.802141764405923,-10.804144055254072,-9.0085556114746,18.575189467947915,18.93519457346692,20.43079232341413,26.347105268198305,300015.SZ
2023-08-21,17.94,-0.001917786990042969,0,-0.00774336283185828,-0.016322089227421177,0.017155506364139317,-0.010946907498631586,-2.9220779220779147,-4.726500265533707,-10.879284649776444,-8.609271523178796,18.459700473775566,18.84041413789864,20.333114193084164,26.263452479460014,300015.SZ
2023-08-22,17.98,0.19802806513595872,1,0.0022296544035673715,-0.00774336283185828,-0.016322089227421177,0.017155506364139317,-1.5873015873015817,-4.259850905218321,-10.234648027958071,-9.511826874685458,18.37248220581637,18.758469934289245,20.240835205120078,26.181030066729072,300015.SZ
2023-08-23,17.51,-0.13629588828046524,2,-0.0261401557285873,0.0022296544035673715,-0.00774336283185828,-0.016322089227421177,-3.0990592141671214,-8.563968668407295,-10.066769388803277,-12.14249874560962,18.215667259304304,18.63956803578551,20.133743628448702,26.094751160592462,300015.SZ
2023-08-24,18.02,0.5383302384033912,3,0.029126213592232997,-0.0261401557285873,0.0022296544035673715,-0.00774336283185828,-1.9586507072905324,-5.406824146981637,-7.920286152273892,-10.214250124564028,18.180091393976248,18.58056155618689,20.050851721450716,26.014405377900005,300015.SZ
2023-08-25,17.4,0.6916342531062147,4,-0.03440621531631527,0.029126213592232997,-0.0261401557285873,0.0022296544035673715,-3.761061946902655,-6.300484652665594,-11.269760326364109,-14.158855451406026,18.038256595071473,18.46812712226433,19.946896751982063,25.92868990150299,300015.SZ
2023-08-28,17.92,0.0214940606619769,0,0.029885057471264576,-0.03440621531631527,0.029126213592232997,-0.0261401557285873,-0.11148272017836858,-3.0303030303030276,-4.832713754646822,-10.978638847491295,18.016755395967568,18.41592453919154,19.867410604845514,25.84900144477162,300015.SZ
2023-08-29,18.42,-0.15855431208456228,1,0.02790178571428581,0.029885057471264576,-0.03440621531631527,0.029126213592232997,2.4471635150166815,0.8210180623973828,-1.9169329073482344,-8.037943085371936,18.090072596700736,18.416312678316157,19.810649404655493,25.77508103238583,300015.SZ
2023-08-30,18.25,-0.4630685629947673,2,-0.009229098805646152,0.02790178571428581,0.029885057471264576,-0.03440621531631527,4.226156482010279,0.9961261759822815,-4.6997389033942465,-6.266050333846939,18.11915030639151,18.40047337561938,19.749447467218022,25.70020460420289,300015.SZ
2023-08-31,18.02,-0.0386393452864372,3,-0.012602739726027434,-0.009229098805646152,0.02790178571428581,0.029885057471264576,0.0,-1.9586507072905324,-5.406824146981637,-7.920286152273892,18.10112297795669,18.36423781603658,19.681625997915354,25.62378465789242,300015.SZ
2023-09-01,18.3,0.09395002761802651,4,0.015538290788013276,-0.012602739726027434,-0.009229098805646152,0.02790178571428581,5.17241379310347,1.2168141592920456,-1.4539579967689842,-6.680265170831201,18.137282436510016,18.358119928795002,19.6274445862324,25.550911178709413,300015.SZ
2023-09-04,19.0,1.0073510848419147,0,0.03825136612021862,0.015538290788013276,-0.012602739726027434,-0.009229098805646152,6.026785714285698,5.908584169453723,2.813852813852802,0.9028146574615148,18.294140175326376,18.41925136414786,19.602838916184073,25.48572798290136,300015.SZ
2023-09-05,18.89,-0.5538769984241949,1,-0.0057894736842104555,0.03825136612021862,0.015538290788013276,-0.012602739726027434,2.5515743756786113,5.061179087875423,3.3935413245758106,0.5857294994675133,18.402478325267033,18.464084567562352,19.574884448882738,25.420098848743137,300015.SZ
2023-09-06,18.82,-0.29710457364598186,2,-0.0037056643726839367,-0.0057894736842104555,0.03825136612021862,0.015538290788013276,3.1232876712328883,7.481439177612792,4.150525733259536,-1.7232375979112202,18.478391357036664,18.497981275413558,19.545281137161847,25.35442622338251,300015.SZ
2023-09-07,18.58,0.01601944038125791,3,-0.012752391073326375,-0.0037056643726839367,-0.0057894736842104555,0.03825136612021862,3.107658157602655,3.107658157602655,1.088139281828071,-2.4671916010498784,18.49686565575727,18.50579258251703,19.507426974920207,25.287018997279205,300015.SZ
2023-09-08,18.34,0.14141414141414144,4,-0.012917115177610294,-0.012752391073326375,-0.0037056643726839367,-0.0057894736842104555,0.21857923497268228,5.402298850574727,1.4380530973451489,-1.2385568120624635,18.468344627437766,18.490002812753506,19.461645524923338,25.217894430142103,300015.SZ
2023-09-11,18.39,0.45193774794018915,0,0.0027262813522355156,-0.012917115177610294,-0.012752391073326375,-0.0037056643726839367,-3.210526315789475,2.6227678571428603,2.508361204013365,-0.48701298701299134,18.454100149721807,18.480478735348413,19.419620210220465,25.14995518208099,300015.SZ
2023-09-12,18.13,-0.19935547148661914,1,-0.014138118542686318,0.0027262813522355156,-0.012917115177610294,-0.012752391073326375,-4.023292747485452,-1.574375678610218,0.8342602892102313,-0.766283524904221,18.395172849772386,18.447099808172375,19.369046868643192,25.080104881761777,300015.SZ
2023-09-13,17.93,0.18949284239263608,2,-0.01103143960286812,-0.014138118542686318,0.0027262813522355156,-0.012917115177610294,-4.72901168969182,-1.7534246575342527,2.398629354654469,-0.7747648035417831,18.31059596799559,18.397852207394052,19.312613658108166,25.008959559555194,300015.SZ
2023-09-14,17.7,-0.09264381344710904,3,-0.012827663134411638,-0.01103143960286812,-0.014138118542686318,0.0027262813522355156,-4.736275565123782,-1.7758046614872347,-1.7758046614872347,-3.699673558215455,18.199578519269117,18.331390092404146,19.249373906809808,24.93623359378848,300015.SZ
2023-09-15,17.84,0.22244742431858344,4,0.00790960451977396,-0.012827663134411638,-0.01103143960286812,-0.014138118542686318,-2.726281352235549,-2.513661202185802,2.5287356321839205,-1.327433628318575,18.13420060667473,18.284591035984704,19.194104341836873,24.86562430429805,300015.SZ
2023-09-18,18.33,0.15513582342954169,0,0.02746636771300448,0.00790960451977396,-0.012827663134411638,-0.01103143960286812,-0.32626427406200476,-3.5263157894736885,2.287946428571419,2.1739130434782483,18.169800496370232,18.288915699224255,19.160217897058956,24.80059321669309,300015.SZ
2023-09-19,18.19,-0.2120728458570641,1,-0.007637752318603197,0.02746636771300448,0.00790960451977396,-0.012827663134411638,0.3309431880860636,-3.705664372683959,-1.2486427795874055,1.1679644048943283,18.173473133393827,18.279495156440994,19.12217013638998,24.734816169760823,300015.SZ
2023-09-20,17.84,-0.03656421690785361,2,-0.01924134139637168,-0.007637752318603197,0.02746636771300448,0.00790960451977396,-0.5019520356943641,-5.207226354941552,-2.246575342465751,1.8846373500856606,18.11284165459495,18.237638474875187,19.071888954570763,24.666211033743306,300015.SZ
2023-09-21,17.66,-0.14553017697776438,3,-0.010089686098654682,-0.01924134139637168,-0.007637752318603197,0.02746636771300448,-0.2259887005649719,-4.951560818083955,-1.9977802441731418,-1.9977802441731418,18.030506808304956,18.182625286791836,19.01652076027387,24.596497491118996,300015.SZ
2023-09-22,17.99,0.20669510878224084,4,0.018686296715741735,-0.010089686098654682,-0.01924134139637168,-0.007637752318603197,0.8408071748878809,-1.9083969465648942,-1.69398907103826,3.390804597701158,18.02314193406769,18.164280021383092,18.9762650441847,24.530761197675027,300015.SZ
2023-09-25,18.41,1.0205090589011956,0,0.023346303501945664,0.018686296715741735,-0.010089686098654682,-0.01924134139637168,0.4364429896345001,0.10875475802065715,-3.105263157894733,2.734375,18.093479764237202,18.187681924108514,18.954058571863733,24.469858101180748,300015.SZ
2023-09-26,18.22,-0.5531119307620818,1,-0.010320478001086486,0.023346303501945664,0.018686296715741735,-0.010089686098654682,0.16492578339746267,0.4964147821290732,-3.5468501852832235,-1.085776330076016,18.116483443466798,18.19075983609818,18.925271961202412,24.40767045838293,300015.SZ
2023-09-27,18.33,0.4026223009309655,2,0.006037321624588365,-0.010320478001086486,0.023346303501945664,0.018686296715741735,2.746636771300448,2.230897936419396,-2.603613177470787,0.4383561643835465,18.15530463556374,18.20402080408883,18.901927962723885,24.347196125463697,300015.SZ
2023-09-28,17.97,0.0036719564461948906,3,-0.019639934533551506,0.006037321624588365,-0.010320478001086486,0.023346303501945664,1.7553793884484747,1.5254237288135464,-3.2831001076426225,-0.2774694783573839,18.12161288364306,18.181733108461323,18.865381768107262,24.283741437648136,300015.SZ
2023-10-09,18.09,-0.050630720048010946,0,0.006677796327211993,-0.019639934533551506,0.006037321624588365,-0.010320478001086486,0.5558643690939391,1.4013452914798163,-1.36314067611778,-1.1475409836065653,18.11586508661705,18.1729966219412,18.834974639946196,24.222112169611837,300015.SZ
2023-10-10,17.8,-0.10436421103817173,1,-0.01603095632946372,0.006677796327211993,-0.019639934533551506,0.006037321624588365,-3.3134166214014105,-2.891434806328408,-3.2082653616095747,-6.315789473684208,18.058435070868494,18.137473134137277,18.794387399163995,24.15821055598386,300015.SZ
2023-10-11,18.83,2.4495690532745162,2,0.05786516853932566,-0.01603095632946372,0.006677796327211993,-0.019639934533551506,3.347969264544459,3.5184167124793664,3.8610038610038533,-0.317628374801493,18.19871960343786,18.20342807374325,18.7957839717458,24.105193535526308,300015.SZ
2023-10-12,18.73,-0.5493592291075637,3,-0.005310674455655806,0.05786516853932566,-0.01603095632946372,0.006677796327211993,2.182214948172412,4.9887892376681675,4.461795872838814,-0.4782146652497321,18.295316039176427,18.2535777810058,18.793204208147923,24.051709022735,300015.SZ
2023-10-13,18.27,-0.023950265871526044,4,-0.024559530165509935,-0.005310674455655806,0.05786516853932566,-0.01603095632946372,1.6694490818029983,3.454133635334089,3.220338983050852,-1.668460710441333,18.29071312296253,18.255141801862386,18.77268639606369,23.99417957972271,300015.SZ
2023-10-16,17.61,0.10025405685864075,0,-0.03612479474548436,-0.024559530165509935,-0.005310674455655806,0.05786516853932566,-2.6533996683250405,-2.1122846025569686,-1.289237668161436,-3.9803707742639083,18.166947100605704,18.19369972549454,18.727090851120018,23.9306554048001,300015.SZ
