Date,Price,Vol.,weekday,mom,mom1,mom2,mom3,ROC_5,ROC_10,ROC_15,ROC_20,EMA_10,EMA_20,EMA_50,EMA_200,Name
2010-01-04,5.19,-0.17384050155049213,0,0.011695906432748648,0.026000000000000023,-0.011857707509881354,-0.007843137254901933,11.853448275862078,15.84821428571428,5.273833671399619,7.23140495867769,4.933395211270819,4.837411554935835,4.595485709099826,4.061830742596762,000100.SZ
2010-01-05,5.35,0.38034719813957274,1,0.030828516377649162,0.011695906432748648,0.026000000000000023,-0.011857707509881354,4.90196078431373,17.324561403508774,10.309278350515472,10.082304526748963,5.0091415364943055,4.886229502084803,4.625074504821402,4.074648347148039,000100.SZ
2010-01-06,5.23,0.07851801495581245,2,-0.0224299065420559,0.030828516377649162,0.011695906432748648,0.026000000000000023,3.359683794466428,17.7927927927928,8.506224066390033,7.1721311475410054,5.049297620768068,4.918969549505298,4.648797073259779,4.086144383494824,000100.SZ
2010-01-07,5.19,-0.4727798407761137,3,-0.007648183556405397,-0.0224299065420559,0.030828516377649162,0.011695906432748648,3.8000000000000034,14.823008849557539,8.805031446540902,8.577405857740583,5.07487987153751,4.944781973361937,4.670020717445669,4.0971280214700005,000100.SZ
2010-01-08,5.28,-0.2895051460650795,4,0.01734104046242768,-0.007648183556405397,-0.0224299065420559,0.030828516377649162,2.923976608187151,14.28571428571428,15.032679738562106,7.317073170731714,5.112174440348872,4.976707499708419,4.69394147362427,4.108897891903135,000100.SZ
2010-01-11,5.2,0.07513626220872816,0,-0.015151515151515138,0.01734104046242768,-0.007648183556405397,-0.0224299065420559,0.19267822736031004,12.068965517241391,16.07142857142856,5.476673427991896,5.128142723921804,4.997973452117141,4.713786906031162,4.119754629297135,000100.SZ
2010-01-12,5.34,0.43996461501820283,1,0.026923076923076827,-0.015151515151515138,0.01734104046242768,-0.007648183556405397,-0.18691588785045843,4.705882352941182,17.105263157894733,10.103092783505163,5.166662228663293,5.030547409058366,4.738344282265234,4.131896374279253,000100.SZ
2010-01-13,5.35,0.10665847549737717,2,0.001872659176029856,0.026923076923076827,-0.015151515151515138,0.01734104046242768,2.2944550669215857,5.731225296442699,20.495495495495476,10.995850622406621,5.199996368906331,5.060971465338522,4.762330780999931,4.144016808366027,000100.SZ
2010-01-14,5.81,1.5448373046374586,3,0.08598130841121487,0.001872659176029856,0.026923076923076827,-0.015151515151515138,11.94605009633909,16.199999999999992,28.539823008849563,21.802935010482184,5.310906120014271,5.132307516258663,4.803415848411698,4.160593755546465,000100.SZ
2010-01-15,5.89,-0.14593506166624726,4,0.013769363166953541,0.08598130841121487,0.001872659176029856,0.026923076923076827,11.553030303030297,14.814814814814813,27.489177489177475,28.32244008714597,5.416195916375312,5.20446870518641,4.8460269916112395,4.177801777879336,000100.SZ
2010-01-18,6.03,-0.21740539903336087,0,0.02376910016977929,0.013769363166953541,0.08598130841121487,0.001872659176029856,15.96153846153847,16.184971098265887,29.956896551724157,34.59821428571428,5.527796658852528,5.2830907332638954,4.892457305665701,4.196231610935262,000100.SZ
2010-01-19,5.9,-0.3316889474675203,1,-0.021558872305140975,0.02376910016977929,0.013769363166953541,0.08598130841121487,10.486891385767795,10.280373831775712,15.686274509803933,29.385964912280716,5.5954699936066135,5.341843996762572,4.93196878387489,4.213184530229439,000100.SZ
2010-01-20,5.61,0.04549125673822818,2,-0.04915254237288136,-0.021558872305140975,0.02376910016977929,0.013769363166953541,4.859813084112163,7.265774378585088,10.869565217391308,26.351351351351337,5.598111812950865,5.3673826637375655,4.958558243330776,4.227083191620191,000100.SZ
2010-01-21,5.69,-0.37590499973052116,3,0.01426024955436711,-0.04915254237288136,-0.021558872305140975,0.02376910016977929,-2.06540447504302,9.633911368015413,13.800000000000011,25.884955752212413,5.614818756050708,5.398108124333988,4.987242233788393,4.241639577773225,000100.SZ
2010-01-22,5.59,-0.055845015688419264,4,-0.017574692442882345,0.01426024955436711,-0.04915254237288136,-0.021558872305140975,-5.093378607809839,5.8712121212121104,8.966861598440534,20.99567099567099,5.610306254950579,5.416383541064085,5.010879793247672,4.2550560993874225,000100.SZ
2010-01-25,5.28,-0.15823653160157336,0,-0.05545617173524142,-0.017574692442882345,0.01426024955436711,-0.04915254237288136,-12.43781094527363,1.538461538461533,1.7341040462427681,13.793103448275868,5.550250572232292,5.403394632391315,5.021433526845803,4.265254546159688,000100.SZ
2010-01-26,5.24,0.23361947191133337,1,-0.007575757575757569,-0.05545617173524142,-0.017574692442882345,0.01426024955436711,-11.186440677966104,-1.872659176029956,-2.0560747663551315,2.7450980392156987,5.493841377280966,5.387833238830238,5.0300047610871435,4.274953505899393,000100.SZ
2010-01-27,5.3,-0.09377844328958573,2,0.011450381679389166,-0.007575757575757569,-0.05545617173524142,-0.017574692442882345,-5.525846702317294,-0.9345794392523366,1.338432122370925,4.743083003952564,5.4585974905026085,5.379468168465453,5.040592809671962,4.285152973502384,000100.SZ
2010-02-01,5.39,-0.14797947184175653,0,-0.005535055350553542,0.02264150943396226,0.0,0.011450381679389166,2.083333333333326,-10.613598673300173,3.653846153846141,3.8535645472061564,5.42108006805139,5.377768293651284,5.077980893209223,4.317224153462276,000100.SZ
2010-02-02,5.46,0.06585823128166268,1,0.012987012987013102,-0.005535055350553542,0.02264150943396226,0.0,4.198473282442738,-7.457627118644073,2.2471910112359605,2.0560747663551426,5.4281564193147736,5.385599884732114,5.092962034651999,4.328595057407925,000100.SZ
2010-02-03,5.46,-0.11620508982035926,2,0.0,0.012987012987013102,-0.005535055350553542,0.02264150943396226,3.018867924528301,-2.673796791443861,2.0560747663551426,4.3977055449330615,5.433946161257542,5.392685609995722,5.10735568035192,4.339852818030731,000100.SZ
2010-02-04,5.43,-0.030997247512174475,3,-0.005494505494505586,0.0,0.012987012987013102,-0.005535055350553542,2.4528301886792336,-4.569420035149396,-6.540447504302927,4.6242774566473965,5.433228677392534,5.3962393614247,5.1200083987694915,4.350700053672217,000100.SZ
2010-02-05,5.22,0.09627234191321077,4,-0.03867403314917128,-0.005494505494505586,0.0,0.012987012987013102,-3.690036900369009,-6.61896243291592,-11.375212224108655,-1.1363636363636465,5.394459826957528,5.379454660336634,5.123929638033434,4.359349804381946,000100.SZ
2010-02-08,5.24,-0.5988200589970502,0,0.003831417624521105,-0.03867403314917128,-0.005494505494505586,0.0,-2.782931354359919,-0.7575757575757569,-13.101160862354888,0.7692307692307665,5.366376222056159,5.3661732641140985,5.128481416934083,4.368112492895558,000100.SZ
2010-02-09,5.31,0.3448926868044515,1,0.013358778625954137,0.003831417624521105,-0.03867403314917128,-0.005494505494505586,-2.7472527472527486,1.3358778625954137,-10.000000000000009,-0.5617977528089901,5.35612599986413,5.360823429436565,5.135599792740589,4.377484507891622,000100.SZ
2010-02-10,5.32,-0.3363871444403399,2,0.0018832391713747842,0.013358778625954137,0.003831417624521105,-0.03867403314917128,-2.564102564102555,0.37735849056603765,-5.169340463458116,-0.5607476635513864,5.34955763625247,5.35693548377594,5.142831173417429,4.38686277149469,000100.SZ
2010-02-11,5.37,0.4217323535960813,3,0.009398496240601517,0.0018832391713747842,0.013358778625954137,0.003831417624521105,-1.104972375690605,1.3207547169811429,-5.623901581722324,-7.5731497418244365,5.353274429661112,5.358179723416327,5.1517397548520405,4.396645231479817,000100.SZ
2010-02-12,5.55,0.7714173844949099,4,0.03351955307262555,0.009398496240601517,0.0018832391713747842,0.013358778625954137,6.321839080459779,2.398523985239853,-0.7155635062611854,-5.772495755517825,5.389042715177273,5.3764483211862,5.167357803681372,4.408121398330764,000100.SZ
2010-02-22,5.58,0.07687546969629988,0,0.00540540540540535,0.03351955307262555,0.009398496240601517,0.0018832391713747842,6.488549618320616,3.5250463821892453,5.681818181818188,-7.462686567164178,5.423762221508677,5.395834195358943,5.183539850595828,4.419781881929463,000100.SZ
2010-02-23,5.79,0.3497536945812809,1,0.037634408602150504,0.00540540540540535,0.03351955307262555,0.009398496240601517,9.039548022598876,6.043956043956045,10.496183206106856,-1.8644067796610209,5.490350908507099,5.433373795800948,5.207322601552855,4.433415893054543,000100.SZ
2010-02-24,5.78,-0.12046836982968379,2,-0.0017271157167529916,0.037634408602150504,0.00540540540540535,0.03351955307262555,8.646616541353392,5.860805860805862,9.056603773584904,3.0303030303030276,5.543014379687627,5.4663858152484766,5.229780538746861,4.446814739889821,000100.SZ
2010-02-25,5.74,0.20512465852899475,3,-0.00692041522491349,-0.0017271157167529916,0.037634408602150504,0.00540540540540535,6.890130353817514,5.709023941068159,8.301886792452828,0.8787346221441172,5.578829947017149,5.492444309034336,5.249789145070514,4.459682254915793,000100.SZ
2010-02-26,5.68,-0.1494648647097644,4,-0.010452961672474004,-0.00692041522491349,-0.0017271157167529916,0.037634408602150504,2.3423423423423406,8.812260536398476,4.797047970479706,1.610017889087656,5.59722450210494,5.51030675579297,5.266660158989317,4.47182472004101,000100.SZ
2010-03-01,5.68,0.07958302408744333,0,0.0,-0.010452961672474004,-0.00692041522491349,-0.0017271157167529916,1.7921146953404854,8.396946564885477,5.380333951762517,7.575757575757569,5.612274592631314,5.52646801714602,5.282869564519148,4.483846364617716,000100.SZ
2010-03-02,5.77,-0.021749320333739552,1,0.015845070422535246,0.0,-0.010452961672474004,-0.00692041522491349,-0.3454231433506094,8.662900188323919,5.67765567765568,10.114503816793885,5.64095193942562,5.54966153932259,5.30197271885173,4.4966439132284854,000100.SZ
2010-03-03,5.79,-0.21833572911675458,2,0.0034662045060658286,0.015845070422535246,0.0,-0.010452961672474004,0.17301038062282892,8.834586466165417,6.043956043956045,9.245283018867934,5.66805158680278,5.572550916529963,5.321111043602643,4.509513128022232,000100.SZ
2010-03-04,5.52,0.4465876583571722,3,-0.04663212435233166,0.0034662045060658286,0.015845070422535246,0.0,-3.832752613240431,2.7932960893854553,1.6574585635359185,4.150943396226414,5.641133116475002,5.567546067336633,5.328910610520187,4.519567723763305,000100.SZ
2010-03-05,5.53,-0.5489858184078197,4,0.0018115942028986698,-0.04663212435233166,0.0034662045060658286,0.015845070422535246,-2.640845070422526,-0.3603603603603567,5.9386973180076685,2.029520295202958,5.620927095297729,5.563970251399811,5.33679646893116,4.5296217762631725,000100.SZ
2010-03-08,5.57,-0.11600375822110875,0,0.00723327305605781,0.0018115942028986698,-0.04663212435233166,0.0034662045060658286,-1.936619718309851,-0.17921146953404632,6.297709923664119,3.3395176252319247,5.611667623425414,5.564544513171257,5.345941705443664,4.539973798389907,000100.SZ
2010-03-09,5.62,0.28172606816410406,1,0.008976660682226134,0.00723327305605781,0.0018115942028986698,-0.04663212435233166,-2.5996533795493826,-2.936096718480141,5.838041431261787,2.930402930402942,5.61318260098443,5.569825988107328,5.356689089543913,4.550720327759161,000100.SZ
2010-03-10,5.47,-0.16955055558626786,2,-0.026690391459074814,0.008976660682226134,0.00723327305605781,0.0018115942028986698,-5.5267702936096725,-5.363321799307963,2.819548872180433,0.1831501831501825,5.587149400805442,5.560318751144726,5.361132654659839,4.559867389174493,000100.SZ
2010-03-11,5.39,0.37438423645320196,3,-0.014625228519195677,-0.026690391459074814,0.008976660682226134,0.00723327305605781,-2.3550724637681153,-6.0975609756097615,0.3724394785847185,-0.7366482504604033,5.551304055204453,5.544097917702371,5.3622647074182765,4.568127415152857,000100.SZ
2010-03-12,5.34,-0.04058897607284706,4,-0.009276437847866359,-0.014625228519195677,-0.026690391459074814,0.008976660682226134,-3.4358047016274984,-5.98591549295775,-3.7837837837837784,2.298850574712641,5.5128851360763695,5.524660020778336,5.361391581637167,4.575807739380192,000100.SZ
2010-03-15,5.22,-0.05972334410339264,0,-0.022471910112359605,-0.009276437847866359,-0.014625228519195677,-0.026690391459074814,-6.2836624775583605,-8.098591549295776,-6.451612903225811,-0.3816793893129833,5.459633293153393,5.495644780704209,5.355846813729828,4.58221761262019,000100.SZ
2010-03-16,5.25,-0.1801879194630872,1,0.005747126436781658,-0.022471910112359605,-0.009276437847866359,-0.014625228519195677,-6.583629893238441,-9.012131715771222,-9.32642487046632,-1.1299435028248483,5.421518148943685,5.472250039684761,5.351695958289443,4.588862213489641,000100.SZ
2010-03-17,5.39,0.12436963782827948,2,0.026666666666666616,0.005747126436781658,-0.022471910112359605,-0.009276437847866359,-1.4625228519195677,-6.9084628670120996,-6.747404844290672,1.3157894736842035,5.415787576408469,5.464416702571927,5.35319807757221,4.596833733753425,000100.SZ
2010-03-18,5.41,-0.04368592730661691,3,0.0037105751391466324,0.026666666666666616,0.005747126436781658,-0.022471910112359605,0.37105751391466324,-1.9927536231883924,-5.749128919860624,0.7448789571694592,5.414735289788747,5.459234159469839,5.355425603941927,4.604924940382745,000100.SZ
2010-03-19,5.45,0.12175660860031656,4,0.007393715341959428,0.0037105751391466324,0.026666666666666616,0.005747126436781658,2.059925093632975,-1.446654611211573,-4.049295774647876,-1.8018018018017945,5.421147055281702,5.458354715710806,5.359134403787342,4.613333647443613,000100.SZ
2010-03-22,5.62,1.4507791714177123,0,0.031192660550458662,0.007393715341959428,0.0037105751391466324,0.026666666666666616,7.662835249042144,0.8976660682226134,-1.0563380281690127,0.7168458781362075,5.457302136139575,5.47374950469073,5.3693644271682315,4.623350228066065,000100.SZ
2010-03-23,5.52,-0.5172146401985112,1,-0.017793594306049876,0.031192660550458662,0.007393715341959428,0.0037105751391466324,5.142857142857138,-1.7793594306049876,-4.3327556325823195,-4.6632124352331665,5.468701747750561,5.478154313767804,5.375271704534184,4.632272116344015,000100.SZ
2010-03-24,5.53,0.10999954109494747,2,0.0018115942028986698,-0.017793594306049876,0.031192660550458662,0.007393715341959428,2.5974025974025983,1.0968921389396868,-4.490500863557855,-4.325259515570934,5.4798468845231865,5.4830919981708695,5.381339480826961,4.641204732101786,000100.SZ
2010-03-25,5.32,-0.0525467173805193,3,-0.03797468354430378,0.0018115942028986698,-0.017793594306049876,0.031192660550458662,-1.6635859519408491,-1.298701298701288,-3.6231884057970842,-7.317073170731703,5.45078381460988,5.467559426916501,5.37893401099061,4.647958913871918,000100.SZ
2010-03-26,5.38,-0.4528079591569577,4,0.011278195488721776,-0.03797468354430378,0.0018115942028986698,-0.017793594306049876,-1.2844036697247763,0.7490636704119868,-2.7124773960217063,-5.281690140845063,5.437914030135357,5.459220433876834,5.378975814481175,4.655242904778665,000100.SZ
2010-03-29,5.41,0.22240829346092483,0,0.005576208178438735,0.011278195488721776,-0.03797468354430378,0.0018115942028986698,-3.7366548042704673,3.6398467432950277,-2.872531418312385,-4.7535211267605515,5.432838751928927,5.454532773507612,5.380192449207403,4.662752925626639,000100.SZ
2010-03-30,5.51,0.3371387566051276,1,0.01848428835489835,0.005576208178438735,0.011278195488721776,-0.03797468354430378,-0.18115942028985588,4.9523809523809526,-1.9572953736654908,-4.506065857885611,5.446868069760031,5.459815366506888,5.385282941395348,4.671183244774633,000100.SZ
2010-03-31,5.42,-0.34595306630238565,2,-0.016333938294010864,0.01848428835489835,0.005576208178438735,0.011278195488721776,-1.9891500904159143,0.5565862708719838,-0.9140767824497242,-6.39032815198618,5.441982966167298,5.4560234268395655,5.3866443946739615,4.67863415776195,000100.SZ
2010-04-01,5.5,1.4411457556318066,3,0.014760147601476037,-0.016333938294010864,0.01848428835489835,0.005576208178438735,3.383458646616533,1.6635859519408491,2.0408163265306145,-0.36231884057970065,5.452531517773243,5.460211671902464,5.391089712529885,4.68680695221208,000100.SZ
2010-04-02,5.59,0.2316201185601663,4,0.016363636363636358,0.014760147601476037,-0.016333938294010864,0.01848428835489835,3.90334572490707,2.5688073394495303,4.681647940074907,1.0849909584086825,5.477525787269017,5.47257246505461,5.398890115960085,4.695793947712457,000100.SZ
2010-04-06,5.55,-0.41323872376321147,1,-0.007155635062611854,0.016363636363636358,0.014760147601476037,-0.016333938294010864,2.5878003696857554,-1.245551601423489,6.321839080459779,-0.35906642728905647,5.490702916856468,5.479946516001791,5.404815993765572,4.704293510421786,000100.SZ
2010-04-07,5.5,-0.11835095137420726,2,-0.009009009009009028,-0.007155635062611854,0.016363636363636358,0.014760147601476037,-0.1814882032667886,-0.36231884057970065,4.761904761904767,-2.135231316725983,5.492393295609837,5.481856371620668,5.408548699892413,4.7122109879300265,000100.SZ
2010-04-08,5.4,0.35605006954102936,3,-0.018181818181818077,-0.009009009009009028,-0.007155635062611854,0.016363636363636358,-0.36900369003689537,-2.3508137432188048,0.18552875695734272,-1.279707495429605,5.475594514589867,5.474060526704414,5.408213456759378,4.719054659691917,000100.SZ
2010-04-13,5.42,0.00742741390952073,1,-0.010948905109489093,0.014814814814814836,0.0,-0.018181818181818077,-2.3423423423423406,0.1848428835489857,-3.558718861209964,3.831417624521083,5.456940947510152,5.463649838318279,5.411083105097468,4.7401669053944975,000100.SZ
2010-04-14,5.37,-0.30857164134644033,2,-0.009225092250922495,-0.010948905109489093,0.014814814814814836,0.0,-2.3636363636363567,-2.5408348457350183,-2.717391304347816,2.285714285714291,5.441133502508306,5.454730806097491,5.409472002936783,4.746433901360721,000100.SZ
2010-04-15,5.33,-0.09020410361354947,3,-0.007448789571694592,-0.009225092250922495,-0.010948905109489093,0.014814814814814836,-1.2962962962963065,-1.6605166051660514,-3.616636528028938,-1.1131725417439675,5.4209274111431585,5.442851681707253,5.406355453802008,4.752240529207878,000100.SZ
2010-04-16,5.27,-0.08357996921984134,4,-0.011257035647279645,-0.007448789571694592,-0.009225092250922495,-0.010948905109489093,-2.4074074074074248,-4.181818181818187,-0.9398496240601628,-2.5878003696857776,5.393486063662584,5.426389616782753,5.40100818110389,4.757392364738148,000100.SZ
2010-04-19,4.98,0.4432243896137451,0,-0.05502846299810227,-0.011257035647279645,-0.007448789571694592,-0.009225092250922495,-9.12408759124087,-10.912343470482998,-7.434944237918206,-8.62385321100917,5.318306779360295,5.3838763199463004,5.384498056354718,4.759607366084038,000100.SZ
2010-04-20,4.92,0.05871822413175809,1,-0.012048192771084487,-0.05502846299810227,-0.011257035647279645,-0.007448789571694592,-9.225092250922506,-11.351351351351347,-9.057301293900188,-12.45551601423488,5.24588736493115,5.339697622808558,5.366282446301592,4.761203312690167,000100.SZ
2010-04-21,5.13,0.062309773419005676,2,0.04268292682926833,-0.012048192771084487,-0.05502846299810227,-0.011257035647279645,-4.469273743016766,-6.727272727272727,-6.896551724137934,-7.065217391304346,5.224816934943668,5.319726420636314,5.357016468015256,4.76487293146937,000100.SZ
2010-04-22,5.09,-0.2076402705929169,3,-0.007797270955165692,0.04268292682926833,-0.012048192771084487,-0.05502846299810227,-4.502814258911824,-5.740740740740746,-6.088560885608862,-7.956600361663657,5.20030476495391,5.2978477139090465,5.346545233975442,4.76810802667863,000100.SZ
2010-04-23,4.96,-0.07578344716753715,4,-0.025540275049115935,-0.007797270955165692,0.04268292682926833,-0.012048192771084487,-5.88235294117646,-8.14814814814816,-9.818181818181815,-6.766917293233088,5.156612989507744,5.265671741155804,5.331386597348954,4.770017399547499,000100.SZ
2010-04-26,4.88,-0.168396457099386,0,-0.016129032258064502,-0.025540275049115935,-0.007797270955165692,0.04268292682926833,-2.00803212851407,-10.94890510948906,-12.701252236135952,-9.293680297397767,5.106319718688154,5.2289410991409655,5.313685162158799,4.771111753780858,000100.SZ
2010-04-27,4.69,0.14773915316257202,1,-0.038934426229508046,-0.016129032258064502,-0.025540275049115935,-0.007797270955165692,-4.674796747967469,-13.468634686346858,-15.495495495495481,-13.308687615526793,5.030625224381216,5.177613375413254,5.289226920505512,4.770304671653685,000100.SZ
2010-04-28,4.76,-0.21309422146313695,2,0.01492537313432818,-0.038934426229508046,-0.016129032258064502,-0.025540275049115935,-7.21247563352827,-11.359404096834268,-13.454545454545464,-13.611615245009078,4.981420638130086,5.137840672992944,5.268472923622943,4.77020213760738,000100.SZ
2010-05-04,4.45,-0.6311175230274109,1,-0.008908685968819552,-0.05672268907563016,0.0,0.01492537313432818,-8.811475409836056,-10.642570281124497,-18.795620437956206,-20.39355992844364,4.7847450377136225,4.987052065226066,5.188637937077863,4.764156204131515,000100.SZ
2010-05-05,4.55,0.11823104693140807,2,0.022471910112359383,-0.008908685968819552,-0.05672268907563016,0.0,-2.9850746268656803,-7.520325203252032,-16.05166051660517,-18.018018018018022,4.742064121765691,4.94542805901406,5.163593312094418,4.762025296627718,000100.SZ
2010-05-06,4.31,-0.011837503362927104,3,-0.05274725274725278,0.022471910112359383,-0.008908685968819552,-0.05672268907563016,-9.453781512605042,-15.984405458089679,-19.739292364990703,-21.636363636363644,4.663507008717383,4.884911101012721,5.130119064561304,4.757527532482169,000100.SZ
2010-05-07,4.17,0.2155368000726019,4,-0.0324825986078886,-0.05274725274725278,0.022471910112359383,-0.008908685968819552,-12.394957983193278,-18.07465618860511,-21.763602251407132,-22.777777777777786,4.5737784616778585,4.816824329487699,5.0924673365392925,4.751681487382844,000100.SZ
2010-05-10,4.25,-0.22972972972972971,0,0.01918465227817756,-0.0324825986078886,-0.05274725274725278,0.022471910112359383,-5.345211581291764,-14.314516129032262,-19.354838709677413,-21.2962962962963,4.514909650463702,4.76284106001268,5.059429401773047,4.746689631786995,000100.SZ
2010-05-11,4.21,0.29456237278278574,1,-0.009411764705882342,0.01918465227817756,-0.0324825986078886,-0.05274725274725278,-5.393258426966296,-13.729508196721307,-15.461847389558237,-23.175182481751833,4.459471532197574,4.710189530487663,5.026118444840771,4.741349436445831,000100.SZ
2010-05-12,4.22,-0.2842168313866428,2,0.002375296912114022,-0.009411764705882342,0.01918465227817756,-0.0324825986078886,-7.252747252747249,-10.021321961620478,-14.22764227642277,-22.14022140221402,4.415931253616196,4.663504813298362,4.994505956807799,4.736161879864281,000100.SZ
2010-05-13,4.33,0.024163179916318,3,0.026066350710900466,0.002375296912114022,-0.009411764705882342,0.01918465227817756,0.46403712296985145,-9.03361344537814,-15.594541910331383,-19.36685288640596,4.400307389322342,4.631742450127089,4.968446899678082,4.732120468124338,000100.SZ
2010-05-14,4.29,-0.09947911347155547,4,-0.009237875288683584,0.026066350710900466,0.002375296912114022,-0.009411764705882342,2.877697841726623,-9.873949579831931,-15.717092337917482,-19.512195121951216,4.380251500354643,4.5991955501149855,4.941841138906393,4.727721259486285,000100.SZ
2010-05-17,3.99,0.7893841442667575,0,-0.0699300699300699,-0.009237875288683584,0.026066350710900466,0.002375296912114022,-6.117647058823527,-11.1358574610245,-19.556451612903224,-24.288425047438324,4.309296682108344,4.5411769262945105,4.904514035419868,4.720380749441645,000100.SZ
2010-05-18,3.96,-0.0072257083095647046,1,-0.007518796992481258,-0.0699300699300699,-0.009237875288683584,0.026066350710900466,-5.938242280285033,-11.011235955056186,-18.852459016393443,-20.481927710843383,4.245788194452281,4.48582674283789,4.867474269324971,4.712814771835261,000100.SZ
2010-05-19,3.89,-0.16950775713464838,2,-0.017676767676767624,-0.007518796992481258,-0.0699300699300699,-0.009237875288683584,-7.819905213270129,-14.505494505494498,-17.057569296375274,-20.934959349593495,4.1810994318245935,4.429081338758091,4.829141945037717,4.70462756017521,000100.SZ
2010-05-20,3.81,-0.3563191881918819,3,-0.020565552699228773,-0.017676767676767624,-0.007518796992481258,-0.0699300699300699,-12.009237875288681,-11.600928074245932,-19.957983193277308,-25.730994152046783,4.113626807856486,4.37012121125732,4.789175594251924,4.695725793407298,000100.SZ
2010-05-21,3.83,0.528126119670369,4,0.005249343832020914,-0.020565552699228773,-0.017676767676767624,-0.007518796992481258,-10.722610722610726,-8.153477218225413,-19.53781512605042,-24.754420432220037,4.062058297337124,4.31868109589948,4.751560865065574,4.68711160640822,000100.SZ
2010-05-24,4.01,0.39874951152794047,0,0.04699738903394257,0.005249343832020914,-0.020565552699228773,-0.017676767676767624,0.5012531328320691,-5.647058823529417,-10.690423162583528,-19.153225806451612,4.052593152366738,4.289282896290006,4.722480046827709,4.680374177488735,000100.SZ
2010-05-25,3.96,-0.39403251941666195,1,-0.012468827930174564,0.04699738903394257,0.005249343832020914,-0.020565552699228773,0.0,-5.938242280285033,-11.011235955056186,-18.852459016393443,4.035758033754603,4.257922620452862,4.69257886852074,4.673206275225167,000100.SZ
2010-05-26,4.0,-0.2341171046565237,2,0.010101010101010166,-0.012468827930174564,0.04699738903394257,0.005249343832020914,2.8277634961439535,-5.213270142180093,-12.08791208791209,-14.712153518123671,4.029256573071947,4.233358561362113,4.665418912892476,4.666507705322429,000100.SZ
2010-05-27,4.13,1.4541295449072957,3,0.03249999999999997,0.010101010101010166,-0.012468827930174564,0.04699738903394257,8.398950131233596,-4.618937644341803,-4.17633410672853,-13.235294117647056,4.047573559786138,4.223514888851436,4.644422092779046,4.661169320194843,000100.SZ
2010-05-28,4.28,0.740188383045526,4,0.03631961259079919,0.03249999999999997,0.010101010101010166,-0.012468827930174564,11.749347258485642,-0.2331002331002252,2.6378896882494063,-10.084033613445364,4.0898329125522945,4.228894423246537,4.6301310303171235,4.657376590640666,000100.SZ
2010-05-31,4.06,-0.37731168245376645,0,-0.05140186915887868,0.03631961259079919,0.03249999999999997,0.010101010101010166,1.2468827930174564,1.754385964912264,-4.470588235294127,-9.576837416481077,4.084408746633695,4.2128092400802,4.607772950696845,4.65143254496265,000100.SZ
2010-06-01,4.12,-0.3667149583484245,1,0.014778325123152802,-0.05140186915887868,0.03631961259079919,0.03249999999999997,4.040404040404044,4.040404040404044,-2.137767220902609,-7.415730337078652,4.090879883609387,4.203970264834466,4.5886445996891245,4.646144658943122,000100.SZ
2010-06-02,4.15,-0.2974692593651701,2,0.00728155339805836,0.014778325123152802,-0.05140186915887868,0.03631961259079919,3.750000000000009,6.683804627249357,-1.6587677725118377,-8.791208791208781,4.101628995680407,4.198830239612136,4.571442850681708,4.641207896167568,000100.SZ
2010-06-03,4.13,0.7337946474000203,3,-0.004819277108433884,0.00728155339805836,0.014778325123152802,-0.05140186915887868,0.0,8.398950131233596,-4.618937644341803,-4.17633410672853,4.106787360102151,4.192274978696695,4.55413136634125,4.636121250434559,000100.SZ
2010-06-04,4.18,-0.4099072661110459,4,0.012106537530266248,-0.004819277108433884,0.00728155339805836,0.014778325123152802,-2.336448598130858,9.138381201044377,-2.564102564102566,0.23980815347721673,4.120098749174487,4.191105933106533,4.539459548053358,4.631582730529737,000100.SZ
2010-06-07,4.12,-0.03968569723493143,0,-0.014354066985645786,0.012106537530266248,-0.004819277108433884,0.00728155339805836,1.4778325123152802,2.743142144638422,3.2581453634085156,-3.0588235294117583,4.120080794779126,4.184333939477339,4.5230101540120495,4.626492355101581,000100.SZ
2010-06-08,4.14,0.0046607975142414215,1,0.004854368932038833,-0.014354066985645786,0.012106537530266248,-0.004819277108433884,0.4854368932038833,4.545454545454541,4.545454545454541,-1.6627078384798155,4.123702468455648,4.180111659527117,4.507990147972361,4.621651635150321,000100.SZ
2010-06-09,4.18,1.1471134020618559,2,0.009661835748792313,0.004854368932038833,-0.014354066985645786,0.012106537530266248,0.7228915662650381,4.499999999999993,7.455012853470433,-0.9478672985781977,4.133938383281894,4.180101025286439,4.495127789228347,4.617257091516985,000100.SZ
2010-06-10,4.23,0.13064771690593924,3,0.011961722488038395,0.009661835748792313,0.004854368932038833,-0.014354066985645786,2.421307506053272,2.421307506053272,11.023622047244096,-2.3094688221708903,4.151404131776095,4.184853308592492,4.4847306210233135,4.61340378712378,000100.SZ
2010-06-11,4.17,-0.2562425683709869,4,-0.014184397163120699,0.011961722488038395,0.009661835748792313,0.004854368932038833,-0.23923444976076125,-2.570093457943934,8.87728459530026,-2.7972027972028024,4.154785198725896,4.18343870777416,4.472388243728282,4.6089918091424495,000100.SZ
2010-06-17,4.09,-0.43485211830535564,3,-0.01918465227817745,-0.014184397163120699,0.011961722488038395,0.009661835748792313,-0.728155339805836,0.7389162561576512,1.9950124688279391,2.5062656641603898,4.143006071684823,4.17453978322424,4.457392626327173,4.603827711539042,000100.SZ
2010-06-18,3.89,0.6744796928672459,4,-0.048899755501222386,-0.01918465227817745,-0.014184397163120699,0.011961722488038395,-6.038647342995162,-5.582524271844658,-1.7676767676767624,-1.7676767676767624,4.097004967742127,4.147440756250504,4.435141935098656,4.596724948240147,000100.SZ
2010-06-21,3.99,-0.37938940509231334,0,0.02570694087403602,-0.048899755501222386,-0.01918465227817745,-0.014184397163120699,-4.545454545454531,-3.855421686746996,-0.24999999999999467,2.570694087403602,4.077549519061741,4.132446398512361,4.417685388624199,4.590687884078553,000100.SZ
2010-06-22,4.0,-0.34892086330935257,1,0.0025062656641603454,0.02570694087403602,-0.048899755501222386,-0.01918465227817745,-5.437352245862892,-3.147699757869249,-3.147699757869249,4.986876640419946,4.06344960650506,4.119832455796898,4.401305569462466,4.5848103926946875,000100.SZ
2010-06-23,3.93,0.235179931312528,2,-0.01749999999999996,0.0025062656641603454,0.02570694087403602,-0.048899755501222386,-5.755395683453235,-5.980861244019131,-8.177570093457941,2.6109660574412663,4.039186041685958,4.101753174292432,4.382822998110997,4.578294866399218,000100.SZ
2010-06-24,3.94,-0.3913201160541586,3,0.0025445292620864812,-0.01749999999999996,0.0025062656641603454,0.02570694087403602,-3.6674816625916873,-4.368932038834961,-2.9556650246305383,-1.74563591022443,4.021152215924874,4.086348110074105,4.3654573903419385,4.571943673698728,000100.SZ
2010-06-25,3.9,0.17954319761668325,4,-0.010152284263959421,0.0025445292620864812,-0.01749999999999996,0.0025062656641603454,0.25706940874035134,-5.797101449275354,-5.339805825242728,-1.5151515151515138,3.9991245403021694,4.068600671019428,4.347204159348138,4.565257666995258,000100.SZ
2010-06-28,4.03,1.406970870516922,0,0.03333333333333344,-0.010152284263959421,0.0025445292620864812,-0.01749999999999996,1.0025062656641603,-3.5885167464114742,-2.8915662650602414,0.7500000000000062,4.004738260247229,4.064924416636625,4.334764780550172,4.559931720059982,000100.SZ
2010-06-29,3.85,0.01979713186428822,1,-0.04466501240694798,0.03333333333333344,-0.010152284263959421,0.0025445292620864812,-3.749999999999998,-8.983451536643027,-6.779661016949145,-6.779661016949145,3.976604031111369,4.044455424575994,4.315754396999186,4.552867722845455,000100.SZ
2010-06-30,3.75,-0.3917546988612979,2,-0.025974025974025983,-0.04466501240694798,0.03333333333333344,-0.010152284263959421,-4.580152671755733,-10.07194244604317,-10.28708133971291,-12.383177570093462,3.9354032981820293,4.016412050806852,4.2935679500580415,4.544878989284803,000100.SZ
2010-07-01,3.76,0.785496785835119,3,0.002666666666666595,-0.025974025974025983,-0.04466501240694798,0.03333333333333344,-4.5685279187817285,-8.068459657701709,-8.73786407766991,-7.389162561576345,3.90351178942166,3.991991855491914,4.272643716722432,4.53706924809789,000100.SZ
2010-07-02,3.73,-0.33337544214249615,4,-0.007978723404255317,0.002666666666666595,-0.025974025974025983,-0.04466501240694798,-4.358974358974354,-4.113110539845765,-9.903381642512066,-9.466019417475735,3.8719641913449943,3.9670402502069697,4.2513635709686115,4.529038708315822,000100.SZ
2010-07-05,3.75,-0.3101193860147812,0,0.00536193029490617,-0.007978723404255317,0.002666666666666595,-0.025974025974025983,-6.947890818858571,-6.015037593984962,-10.28708133971291,-9.63855421686748,3.8497888838277223,3.9463697501872583,4.231702254460039,4.521287079377356,000100.SZ
2010-07-06,3.82,0.24268644416975693,1,0.01866666666666661,0.00536193029490617,-0.007978723404255317,0.002666666666666595,-0.7792207792207906,-4.5000000000000036,-9.692671394799069,-7.506053268765134,3.844372723131773,3.9343345358837096,4.215557068010626,4.514309098488029,000100.SZ
2010-07-07,3.9,0.7959770114942528,2,0.020942408376963373,0.01866666666666661,0.00536193029490617,-0.007978723404255317,4.0000000000000036,-0.7633587786259555,-6.474820143884896,-6.698564593301426,3.8544867734714505,3.9310645800852613,4.203182281029818,4.5081965701448645,000100.SZ
2010-07-08,3.88,-0.3994461538461538,3,-0.00512820512820511,0.020942408376963373,0.01866666666666661,0.00536193029490617,3.1914893617021267,-1.5228426395939132,-5.134474327628357,-5.82524271844661,3.8591255419311867,3.9262012867438076,4.190508466087473,4.50194585800412,000100.SZ
2010-07-09,3.93,0.11189671072855822,4,0.012886597938144506,-0.00512820512820511,0.020942408376963373,0.01866666666666661,5.36193029490617,0.7692307692307665,1.0282776349614497,-5.072463768115931,3.872011807034607,3.926563068958683,4.180292447809533,4.49625485444189,000100.SZ
2010-07-12,3.91,0.05289835038245316,0,-0.0050890585241730735,0.012886597938144506,-0.00512820512820511,0.020942408376963373,4.266666666666663,-2.977667493796532,-2.0050125313283207,-6.459330143540665,3.8789187512101324,3.924985633819761,4.169692743973865,4.490421472805652,000100.SZ
2010-07-13,3.86,-0.2086652078774618,1,-0.01278772378516635,-0.0050890585241730735,0.012886597938144506,-0.00512820512820511,1.0471204188481575,0.2597402597402487,-3.500000000000003,-8.747044917257696,3.8754789782628354,3.918796525836927,4.157547930484694,4.4841486223299745,000100.SZ
2010-07-14,3.9,-0.2076097776794602,2,0.010362694300518172,-0.01278772378516635,-0.0050890585241730735,0.012886597938144506,0.0,4.0000000000000036,-0.7633587786259555,-6.474820143884896,3.8799373458514106,3.9170063805191244,4.147448011642157,4.478336198227188,000100.SZ
2010-07-15,3.86,0.22613065326633164,3,-0.01025641025641022,0.010362694300518172,-0.01278772378516635,-0.0050890585241730735,-0.5154639175257714,2.659574468085113,-2.0304568527918843,-5.623471882640585,3.8763123738784264,3.911577201422065,4.1361755405973675,4.4721835992398535,000100.SZ
2010-07-16,3.83,-0.2780054644808744,4,-0.007772020725388518,-0.01025641025641022,0.010362694300518172,-0.01278772378516635,-2.5445292620865145,2.680965147453085,-1.7948717948717885,-1.5424164524421635,3.867891942264167,3.903807944143773,4.1241686566523725,4.465793712680253,000100.SZ
2010-07-19,3.9,0.4713024282560707,0,0.018276762402088753,-0.007772020725388518,-0.01025641025641022,0.010362694300518172,-0.2557544757033292,4.0000000000000036,-3.2258064516129115,-2.2556390977443663,3.873729770943409,3.903445282796747,4.115377728940515,4.46016392449438,000100.SZ
2010-07-20,3.98,1.535526738827564,1,0.02051282051282044,0.018276762402088753,-0.007772020725388518,-0.01025641025641022,3.1088082901554515,4.188481675392675,3.3766233766233666,-0.5000000000000004,3.89305163077188,3.9107362082446757,4.1100687983938275,4.455386174001899,000100.SZ
2010-07-21,4.03,0.15816391225326498,2,0.012562814070351758,0.02051282051282044,0.018276762402088753,-0.007772020725388518,3.3333333333333437,3.3333333333333437,7.466666666666666,2.5445292620865256,3.9179513342679018,3.9220946646023256,4.106928845515638,4.451153475753125,000100.SZ
2010-07-22,4.03,-0.47651545564030506,3,0.0,0.012562814070351758,0.02051282051282044,0.018276762402088753,4.404145077720223,3.8659793814433074,7.180851063829796,2.2842639593908753,3.938323818946465,3.9323713632116277,4.103912028044436,4.446962893904836,000100.SZ
2010-07-23,4.0,0.07145844952593428,4,-0.007444168734491385,0.0,0.012562814070351758,0.02051282051282044,4.438642297650119,1.781170483460559,7.238605898123329,2.564102564102577,3.949537670047107,3.9388121857629015,4.099837046552498,4.442515501925683,000100.SZ
2010-07-26,4.03,0.056607456568416925,0,0.007500000000000062,-0.007444168734491385,0.0,0.012562814070351758,3.3333333333333437,3.069053708439906,7.466666666666666,0.0,3.9641671845839968,3.947496739499768,4.097098338844557,4.438410870065725,000100.SZ
2010-07-27,4.03,-0.1815382720610874,1,0.0,0.007500000000000062,-0.007444168734491385,0.0,1.2562814070351758,4.404145077720223,5.497382198952883,4.675324675324677,3.9761367873869062,3.9553541928807423,4.094467031438888,4.434347080313828,000100.SZ
2010-07-28,4.11,1.0993153261605597,2,0.01985111662531014,0.0,0.007500000000000062,-0.007444168734491385,1.985111662531014,5.384615384615388,5.384615384615388,9.600000000000009,4.0004755533165595,3.9700823649873382,4.095076167460893,4.431119746181353,000100.SZ
2010-07-29,4.11,-0.07117769335531487,3,0.0,0.01985111662531014,0.0,0.007500000000000062,1.985111662531014,6.476683937823835,5.927835051546393,9.308510638297896,4.0203890890771845,3.9834078540361633,4.09566141579576,4.427924524826315,000100.SZ
2010-07-30,4.09,-0.38431856768019756,4,-0.0048661800486619056,0.0,0.01985111662531014,0.0,2.2499999999999964,6.788511749347248,4.071246819338414,9.651474530831106,4.033045618335878,3.9935594869851,4.095439399490044,4.424562091743466,000100.SZ
2010-08-02,4.21,1.261093005765856,0,0.02933985330073363,-0.0048661800486619056,0.0,0.01985111662531014,4.466501240694787,7.948717948717943,7.672634271099743,12.26666666666667,4.065219142274809,4.014172869176996,4.099931972059062,4.422427145556965,000100.SZ
2010-08-03,4.09,-0.2535062919230555,1,-0.028503562945368155,0.02933985330073363,-0.0048661800486619056,0.0,1.4888337468982549,2.7638190954773822,5.958549222797926,7.068062827225141,4.069724752770298,4.021394500683948,4.099542482958707,4.419119412765353,000100.SZ
2010-08-04,4.08,-0.2246769642061488,2,-0.0024449877750610804,-0.028503562945368155,0.02933985330073363,-0.0048661800486619056,-0.7299270072992803,1.2406947890818865,4.615384615384621,4.615384615384621,4.071592979539335,4.026975976809287,4.0987761110779735,4.415745090250275,000100.SZ
2010-08-05,4.03,-0.3769934390115416,3,-0.01225490196078427,-0.0024449877750610804,-0.028503562945368155,0.02933985330073363,-1.9464720194647178,0.0,4.404145077720223,3.8659793814433074,4.064030619623092,4.027263979017927,4.096079008682759,4.411906830645795,000100.SZ
2010-08-06,4.1,0.21000845568452609,4,0.017369727047146233,-0.01225490196078427,-0.0024449877750610804,-0.028503562945368155,0.24449877750609694,2.499999999999991,7.0496083550913635,4.3256997455470625,4.070570506964348,4.034191219111458,4.096232773048142,4.408803280092106,000100.SZ
2010-08-09,4.16,0.6206721301060925,0,0.014634146341463428,0.017369727047146233,-0.01225490196078427,-0.0024449877750610804,-1.187648456057,3.2258064516129004,6.666666666666665,6.39386189258313,4.086830414789012,4.046173007767509,4.098733448614881,4.406327625563826,000100.SZ
2010-08-10,4.0,-0.2649837325075458,1,-0.03846153846153855,0.014634146341463428,0.017369727047146233,-0.01225490196078427,-2.2004889975550057,-0.7444168734491385,0.5025125628140614,3.62694300518136,4.071043066645555,4.041775578456317,4.0948615486692,4.402284564612942,000100.SZ
2010-08-11,4.02,-0.445896218868327,2,0.004999999999999893,-0.03846153846153855,0.014634146341463428,0.017369727047146233,-1.4705882352941346,-2.1897810218978297,-0.24813895781639062,3.076923076923066,4.061762509073636,4.0397017138414295,4.091925801662565,4.398480738099381,000100.SZ
2010-08-12,3.92,0.4015399422521655,3,-0.02487562189054715,0.004999999999999893,-0.03846153846153855,0.014634146341463428,-2.7295285359801524,-4.622871046228716,-2.7295285359801524,1.5544041450777257,4.035987507423883,4.028301550618436,4.085183613362072,4.393719735730233,000100.SZ
2010-08-13,3.97,-0.36657052602664475,4,0.012755102040816313,-0.02487562189054715,0.004999999999999893,-0.03846153846153855,-3.170731707317065,-2.933985330073341,-0.7499999999999951,3.6553524804177506,4.023989778801359,4.022749021988109,4.0806666089165,4.389503618956798,000100.SZ
2010-08-16,4.05,0.7897875108412837,0,0.02015113350125941,0.012755102040816313,-0.02487562189054715,0.004999999999999893,-2.644230769230782,-3.8004750593824244,0.4962779156327368,3.8461538461538547,4.028718909928385,4.025344353227337,4.079463996802128,4.386125473494542,000100.SZ
2010-08-17,4.06,-0.13689502695499423,1,0.0024691358024691024,0.02015113350125941,0.012755102040816313,-0.02487562189054715,1.4999999999999902,-0.7334963325183463,0.7444168734491052,2.010050251256268,4.034406380850496,4.028644891015209,4.078700702809887,4.382880443907531,000100.SZ
2010-08-18,4.01,0.15418625868481994,2,-0.01231527093596052,0.0024691358024691024,0.02015113350125941,0.012755102040816313,-0.24875621890546595,-1.715686274509809,-2.4330900243309084,-0.49627791563277013,4.0299688570594965,4.026869187108998,4.076006557601657,4.379170190734322,000100.SZ
2010-08-19,4.03,-0.08999148729174278,3,0.004987531172069959,-0.01231527093596052,0.0024691358024691024,0.02015113350125941,2.8061224489795977,0.0,-1.9464720194647178,0.0,4.029974519412315,4.027167359765284,4.07420237887218,4.37569586047826,000100.SZ
2010-08-20,3.94,-0.08058265401576914,4,-0.022332506203474045,0.004987531172069959,-0.01231527093596052,0.0024691358024691024,-0.7556675062972307,-3.9024390243902363,-3.6674816625916873,-1.5000000000000013,4.013615515882803,4.018865706454305,4.068939540485037,4.371360578284446,000100.SZ
2010-08-23,3.93,-0.4311773255813953,0,-0.0025380710659898,-0.022332506203474045,0.004987531172069959,-0.01231527093596052,-2.962962962962956,-5.528846153846157,-6.65083135391924,-2.481389578163773,3.9984126948132017,4.010402305839609,4.063490931054251,4.366968930739327,000100.SZ
2010-08-24,3.99,0.6423917209658876,1,0.01526717557251911,-0.0025380710659898,-0.022332506203474045,0.004987531172069959,-1.724137931034464,-0.24999999999999467,-2.4449877750611138,-0.992555831265507,3.996883113938074,4.0084592290929795,4.060608933758006,4.363217996105105,000100.SZ
2010-08-25,3.91,-0.23321664721898105,2,-0.020050125313283207,0.01526717557251911,-0.0025380710659898,-0.022332506203474045,-2.4937655860349017,-2.736318407960181,-4.1666666666666625,-4.866180048661805,3.981086184131151,3.999082159655553,4.054702701061614,4.358708364303064,000100.SZ
2010-08-26,3.99,1.1813939332454098,3,0.020460358056265893,-0.020050125313283207,0.01526717557251911,-0.0025380710659898,-0.992555831265507,1.7857142857143016,-0.992555831265507,-2.919708029197088,3.9827068779254873,3.9982171920693097,4.0521653402356685,4.35503962435975,000100.SZ
2010-08-27,3.95,-0.5237652311412893,4,-0.010025062656641603,0.020460358056265893,-0.020050125313283207,0.01526717557251911,0.2538071065989911,-0.5037783375314908,-3.658536585365846,-3.422982885085568,3.9767601728481257,3.993625078538899,4.048158856304858,4.351009379341246,000100.SZ
2010-08-30,3.98,0.34814453125,0,0.0075949367088608,-0.010025062656641603,0.020460358056265893,-0.020050125313283207,1.2722646310432628,-1.7283950617283939,-4.326923076923084,-5.463182897862229,3.9773492323302846,3.9923274520113847,4.045485959979177,4.34731774372591,000100.SZ
2010-08-31,3.93,-0.048098515030786104,1,-0.012562814070351758,0.0075949367088608,-0.010025062656641603,0.020460358056265893,-1.5037593984962405,-3.2019704433497442,-1.749999999999996,-3.9119804400977953,3.9687402809975056,3.9863915042007765,4.040957098803523,4.343165328365453,000100.SZ
2010-09-01,3.87,0.06643330035765915,2,-0.01526717557251911,-0.012562814070351758,0.0075949367088608,-0.010025062656641603,-1.0230179028132946,-3.4912718204488713,-3.731343283582078,-5.147058823529416,3.9507875026343227,3.975306599038798,4.034252898850444,4.338457215645399,000100.SZ
2010-09-02,3.88,-0.201655487369773,3,0.0025839793281652312,-0.01526717557251911,-0.012562814070351758,0.0075949367088608,-2.7568922305764465,-3.7220843672456705,-1.0204081632653073,-3.7220843672456705,3.9379170476099,3.9662297800827218,4.028203765562192,4.3338954523056445,000100.SZ
2010-09-03,3.86,0.10484447622452642,4,-0.005154639175257714,0.0025839793281652312,-0.01526717557251911,-0.012562814070351758,-2.27848101265824,-2.0304568527918843,-2.770780856423183,-5.85365853658536,3.923750311680827,3.9561126581700816,4.021607539461714,4.329180074670763,000100.SZ
2010-09-06,3.91,0.041096998624706726,0,0.012953367875647714,-0.005154639175257714,0.0025839793281652312,-0.01526717557251911,-1.7587939698492372,-0.5089058524173073,-3.4567901234567877,-6.009615384615385,3.9212502550115853,3.951720976439598,4.017230773208314,4.325009128654139,000100.SZ
2010-09-07,3.91,-0.2152459398554667,1,0.0,0.012953367875647714,-0.005154639175257714,0.0025839793281652312,-0.5089058524173073,-2.0050125313283207,-3.6945812807881673,-2.2499999999999964,3.9192047541003876,3.9477475501120174,4.013025644847204,4.320879684587928,000100.SZ
2010-09-08,3.93,0.4470739677195761,2,0.005115089514066584,0.0,0.012953367875647714,-0.005154639175257714,1.5503875968992276,0.5115089514066584,-1.995012468827917,-2.238805970149238,3.921167526082135,3.9460573072442062,4.009769737206137,4.316990334492526,000100.SZ
2010-09-09,3.85,-0.194744765293554,3,-0.020356234096692183,0.005115089514066584,0.0,0.012953367875647714,-0.773195876288657,-3.508771929824561,-4.466501240694798,-1.7857142857142794,3.908227975885383,3.9369089922685676,4.003504257315701,4.3123436644975754,000100.SZ
2010-09-10,3.84,-0.14038069340584647,4,-0.0025974025974027093,-0.020356234096692183,0.005115089514066584,0.0,-0.5181347150259086,-2.784810126582282,-2.5380710659898553,-3.2745591939546737,3.8958228893607676,3.927679564433466,3.9970923256562614,4.307643727537401,000100.SZ
2010-09-15,3.81,-0.15338331944830141,2,-0.010389610389610393,0.0026041666666667407,0.0,-0.0025974025974027093,-3.053435114503822,-1.5503875968992276,-2.5575447570332477,-4.987531172069815,3.8666077282824936,3.902942893040616,3.9785264718783386,4.29362265817364,000100.SZ
2010-09-16,3.73,0.27826372184561565,3,-0.02099737532808399,-0.010389610389610393,0.0026041666666667407,0.0,-3.116883116883118,-3.8659793814432963,-6.516290726817053,-7.444168734491319,3.8417699595038584,3.886472141322462,3.9687803357262474,4.288014472520171,000100.SZ
2010-09-17,3.72,-0.4429903344452998,4,-0.002680965147452974,-0.02099737532808399,-0.010389610389610393,0.0026041666666667407,-3.124999999999989,-3.626943005181338,-5.82278481012658,-5.58375634517766,3.819629966866793,3.8706176516727036,3.95902424412914,4.2823625872214635,000100.SZ
2010-09-20,3.75,0.4837223587223587,0,0.008064516129032251,-0.002680965147452974,-0.02099737532808399,-0.010389610389610393,-2.34375,-4.092071611253201,-5.778894472361806,-4.580152671755733,3.806969972891012,3.859130256275303,3.950827214947605,4.277065447050106,000100.SZ
2010-09-21,3.72,-0.4894431794659492,1,-0.007999999999999896,0.008064516129032251,-0.002680965147452974,-0.02099737532808399,-3.3766233766233777,-4.859335038363167,-5.343511450381677,-6.766917293233088,3.791157250547191,3.845879755677655,3.941775167302601,4.271522507278464,000100.SZ
2010-09-27,3.75,0.33934725319278325,0,0.008064516129032251,-0.007999999999999896,0.008064516129032251,-0.002680965147452974,-1.5748031496062964,-4.580152671755733,-3.100775193798455,-4.092071611253201,3.7836741140840653,3.8367483503750215,3.9342545725064206,4.266333228599076,000100.SZ
2010-09-28,3.8,1.2780384440744665,1,0.013333333333333197,0.008064516129032251,-0.007999999999999896,0.008064516129032251,1.8766756032171594,-1.2987012987013102,-2.0618556701030966,-4.761904761904767,3.786642456977871,3.8332485074821623,3.9289896873100902,4.261693096971225,000100.SZ
2010-09-29,3.73,-0.45252807122450334,2,-0.018421052631578894,0.013333333333333197,0.008064516129032251,-0.007999999999999896,0.26881720430107503,-2.864583333333326,-3.3678756476683946,-5.569620253164564,3.7763438284364397,3.823415316293385,3.9211861701606754,4.256402618394397,000100.SZ
2010-09-30,3.75,-0.179004854368932,3,0.00536193029490617,-0.018421052631578894,0.013333333333333197,0.008064516129032251,0.0,-2.34375,-4.092071611253201,-5.778894472361806,3.771554041447996,3.816423381408301,3.9144729870171195,4.251363786370572,000100.SZ
2010-10-08,3.81,0.9470805617147078,4,0.016000000000000014,0.00536193029490617,-0.018421052631578894,0.013333333333333197,2.4193548387096753,-1.0389610389610393,-2.5575447570332477,-3.053435114503822,3.7785442157301787,3.815811630797987,3.9103760071340954,4.246972106904199,000100.SZ
2010-10-11,3.86,0.34421500151837225,0,0.013123359580052396,0.016000000000000014,0.00536193029490617,-0.018421052631578894,2.933333333333321,1.3123359580052396,-1.7811704834605702,-0.25839793281654533,3.793354358324691,3.8200200469124646,3.9084004774425622,4.243121638178784,000100.SZ
2010-10-12,3.85,-0.16079295154185025,1,-0.002590673575129432,0.013123359580052396,0.016000000000000014,0.00536193029490617,1.3157894736842257,3.217158176943702,0.0,-0.773195876288657,3.80365356590202,3.822875280539849,3.906110262640893,4.239209980087453,000100.SZ
2010-10-13,3.98,1.6465441819772528,2,0.033766233766233666,-0.002590673575129432,0.013123359580052396,0.016000000000000014,6.702412868632712,6.989247311827951,3.645833333333326,3.1088082901554515,3.8357165539198346,3.837839539536054,3.909007899400074,4.236630776305488,000100.SZ
2010-10-14,3.85,-0.18011443102352187,3,-0.03266331658291455,0.033766233766233666,-0.002590673575129432,0.013123359580052396,2.6666666666666616,2.6666666666666616,0.26041666666667407,-1.534526854219953,3.8383135441162284,3.8389976786278583,3.906693864129483,4.232783703904439,000100.SZ
2010-10-15,3.91,-0.37544197010111036,4,0.01558441558441559,-0.03266331658291455,0.033766233766233666,-0.002590673575129432,2.6246719160105014,5.107526881720426,1.558441558441559,0.0,3.851347445186005,3.8457598044728245,3.906823516516562,4.229571925756137,000100.SZ
2010-10-18,4.02,1.2547052689079803,0,0.028132992327365658,0.01558441558441559,-0.03266331658291455,0.033766233766233666,4.145077720207246,7.199999999999984,5.5118110236220375,2.2900763358778553,3.8820115460612765,3.862354108808746,3.911261809986501,4.227486632962544,000100.SZ
2010-10-19,4.03,-0.39010638063564074,1,0.0024875621890549926,0.028132992327365658,0.01558441558441559,-0.03266331658291455,4.675324675324677,6.052631578947376,8.042895442359255,4.675324675324677,3.9089185376864988,3.8783203841602942,3.915918209594874,4.225521591838539,000100.SZ
2010-10-20,3.96,-0.15669351052688607,2,-0.017369727047146455,0.0024875621890549926,0.028132992327365658,0.01558441558441559,-0.5025125628140725,6.166219839142095,6.451612903225801,3.125,3.9182060762889535,3.8860993951926472,3.91764690725782,4.222879585949599,000100.SZ
2010-10-21,3.96,-0.22447756080849612,3,0.0,-0.017369727047146455,0.0024875621890549926,0.028132992327365658,2.857142857142847,5.600000000000005,5.600000000000005,3.125,3.9258049715091436,3.8931375480314427,3.9193078128555525,4.220263868676469,000100.SZ
2010-10-22,4.08,1.7568746548868028,4,0.030303030303030276,0.0,-0.017369727047146455,0.0024875621890549926,4.347826086956519,7.086614173228356,9.677419354838701,5.974025974025965,3.9538404312347537,3.910933972028448,3.9256094672533743,4.218868208291628,000100.SZ
2010-10-25,4.15,0.08276083081298702,0,0.0171568627450982,0.030303030303030276,0.0,-0.017369727047146455,3.2338308457711573,7.512953367875652,10.666666666666668,8.92388451443571,3.989505807373889,3.9337021651685955,3.9344090959885363,4.218182952487731,000100.SZ
2010-10-26,4.09,-0.4079061765848425,1,-0.014457831325301318,0.0171568627450982,0.030303030303030276,0.0,1.4888337468982549,6.233766233766236,7.6315789473684115,9.651474530831106,4.007777478760454,3.948587673247777,3.940510700067417,4.216907500224171,000100.SZ
2010-10-27,4.04,-0.28414771307173203,2,-0.012224938875305624,-0.014457831325301318,0.0171568627450982,0.030303030303030276,2.020202020202011,1.5075376884422065,8.310991957104562,8.602150537634401,4.0136361189858265,3.957293609128941,3.9444122412412437,4.2151472265901,000100.SZ
2010-10-28,4.0,-0.25736481473399375,3,-0.00990099009900991,-0.012224938875305624,-0.014457831325301318,0.0171568627450982,1.0101010101010166,3.8961038961038863,6.666666666666665,6.666666666666665,4.011156824624767,3.961360884449994,3.9465921533494304,4.213006458166318,000100.SZ
2010-10-29,3.97,-0.15068171133051234,4,-0.007499999999999951,-0.00990099009900991,-0.012224938875305624,-0.014457831325301318,-2.6960784313725505,1.534526854219953,4.199475065616798,6.720430107526876,4.003673765602082,3.962183657359519,3.947510108120041,4.210588483458197,000100.SZ
2010-11-01,4.0,0.3746886244118459,0,0.007556675062972307,-0.007499999999999951,-0.00990099009900991,-0.012224938875305624,-3.614457831325313,-0.4975124378109319,3.62694300518136,6.666666666666665,4.003005808219886,3.9657852138014693,3.9495685352525887,4.2084930756625925,000100.SZ
2010-11-02,3.94,0.1627321689233403,1,-0.015000000000000013,0.007556675062972307,-0.007499999999999951,-0.00990099009900991,-3.6674816625916873,-2.2332506203474045,2.3376623376623273,3.684210526315801,3.9915502067253605,3.9633294791537104,3.9491932985760165,4.205821502770427,000100.SZ
2010-11-03,3.93,-0.3451515151515151,2,-0.0025380710659898,-0.015000000000000013,0.007556675062972307,-0.007499999999999951,-2.722772277227725,-0.7575757575757569,-1.2562814070351758,5.36193029490617,3.980359260048022,3.960155243043833,3.9484406202004867,4.203077010205548,000100.SZ
2010-11-04,3.97,0.04872083030343077,3,0.010178117048346147,-0.0025380710659898,-0.015000000000000013,0.007556675062972307,-0.7499999999999951,0.2525252525252597,3.116883116883118,5.8666666666666645,3.9784757582211085,3.9610928389444204,3.9492860860749777,4.200757835974647,000100.SZ
2010-11-05,4.02,0.8487140695915281,4,0.012594458438287104,0.010178117048346147,-0.0025380710659898,-0.015000000000000013,1.2594458438287104,-1.4705882352941346,2.813299232736566,5.5118110236220375,3.986025620362725,3.966703044759237,3.952059180738704,4.198959250542064,000100.SZ
2010-11-10,4.03,-0.46578187071144816,2,-0.014669926650366705,0.017412935323383172,0.0,0.012594458438287104,2.5445292620865256,-0.24752475247524774,1.7676767676767735,1.2562814070351758,4.013623348793708,3.9875106558690865,3.9627724672616704,4.1944592513365135,000100.SZ
2010-11-11,4.02,-0.0027885752915328688,3,-0.002481389578163906,-0.014669926650366705,0.017412935323383172,0.0,1.2594458438287104,0.49999999999998934,1.5151515151515138,4.415584415584406,4.014782739922124,3.9906048791196493,3.9650166842318013,4.192723338387892,000100.SZ
2010-11-12,3.79,0.28751800694856366,4,-0.05721393034825861,-0.002481389578163906,-0.014669926650366705,0.017412935323383172,-5.721393034825861,-4.534005037783384,-7.107843137254899,-3.069053708439895,3.9739131508453736,3.9714996525368256,3.958153284850162,4.188716140990998,000100.SZ
2010-11-15,3.83,-0.5356390680531788,0,0.01055408970976246,-0.05721393034825861,-0.002481389578163906,-0.014669926650366705,-4.726368159203965,-4.249999999999998,-7.710843373493981,-4.726368159203965,3.947747123418942,3.958023495152366,3.9531276658364303,4.1851468261552665,000100.SZ
2010-11-16,3.68,0.7360215434767201,1,-0.03916449086161877,0.01055408970976246,-0.05721393034825861,-0.002481389578163906,-10.024449877750607,-6.598984771573601,-10.024449877750607,-8.684863523573206,3.899065828251861,3.9315450670426166,3.9424167769801,4.180120489576607,000100.SZ
2010-11-17,3.62,-0.5051638976201167,2,-0.016304347826086918,-0.03916449086161877,0.01055408970976246,-0.05721393034825861,-10.173697270471472,-7.888040712468191,-10.396039603960395,-8.585858585858585,3.8483265867515226,3.901874108276653,3.92977298180441,4.174547151371866,000100.SZ
2010-11-18,3.65,-0.03868998515096522,3,0.008287292817679592,-0.016304347826086918,-0.03916449086161877,0.01055408970976246,-9.203980099502484,-8.060453400503786,-8.750000000000002,-7.828282828282829,3.8122672073421544,3.877886097964591,3.9188014923218843,4.1693277767313495,000100.SZ
2010-11-19,3.71,0.17617780828971075,4,0.016438356164383494,0.008287292817679592,-0.016304347826086918,-0.03916449086161877,-2.110817941952503,-7.711442786069645,-6.549118387909325,-9.068627450980394,3.793673169643581,3.861896945777487,3.91061319850534,4.1647573510922316,000100.SZ
2010-11-22,3.77,0.6832044360134246,0,0.016172506738544534,0.016438356164383494,0.008287292817679592,-0.016304347826086918,-1.5665796344647487,-6.218905472636804,-5.75,-9.156626506024102,3.7893689569811118,3.8531448557034405,3.9050989554266993,4.160829417250518,000100.SZ
2010-11-23,3.67,-0.42791504117902035,1,-0.02652519893899208,0.016172506738544534,0.016438356164383494,0.008287292817679592,-0.27173913043478937,-10.268948655256727,-6.852791878172592,-10.268948655256727,3.767665510257273,3.8357024884935886,3.895879388547221,4.155945542452006,000100.SZ
2010-11-24,3.72,-0.229352932262464,2,0.013623978201634968,-0.02652519893899208,0.016172506738544534,0.016438356164383494,2.7624309392265234,-7.692307692307699,-5.343511450381677,-7.920792079207917,3.758999053846859,3.8246832038751513,3.8889821576238006,4.151607775860445,000100.SZ
2010-11-25,3.73,0.093107855668076,3,0.0026881720430107503,0.013623978201634968,-0.02652519893899208,0.016172506738544534,2.191780821917799,-7.213930348258701,-6.045340050377835,-6.75,3.7537264986019756,3.8156657558870415,3.8827475632071815,4.147412673613077,000100.SZ
2010-11-26,3.67,-0.20066558733585182,4,-0.01608579088471851,0.0026881720430107503,0.013623978201634968,-0.02652519893899208,-1.0781671159029615,-3.16622691292876,-8.70646766169153,-7.556675062972296,3.7385034988561614,3.801792826754942,3.8744045215127825,4.142662298751255,000100.SZ
2010-11-29,3.65,-0.15483290199167332,0,-0.00544959128065392,-0.01608579088471851,0.0026881720430107503,0.013623978201634968,-3.183023872679047,-4.699738903394257,-9.203980099502484,-8.750000000000002,3.722411953609586,3.7873363670639955,3.8656043441985557,4.1377601863258695,000100.SZ
2010-11-30,3.55,0.9414192517640794,1,-0.0273972602739726,-0.00544959128065392,-0.01608579088471851,0.0026881720430107503,-3.2697547683923744,-3.532608695652184,-13.202933985330079,-9.898477157360407,3.6910643256805704,3.764732903534091,3.8532277032495927,4.131911826262926,000100.SZ
2010-12-01,3.53,-0.5018515978603757,2,-0.005633802816901401,-0.0273972602739726,-0.00544959128065392,-0.01608579088471851,-5.107526881720437,-2.4861878453038777,-12.406947890818865,-10.178117048346069,3.661779902829557,3.742377388911797,3.8405521070437265,4.1259226538623,000100.SZ
2010-12-02,3.55,0.07750550660792954,3,0.0056657223796034994,-0.005633802816901401,-0.0273972602739726,-0.00544959128065392,-4.825737265415553,-2.73972602739726,-11.69154228855721,-10.579345088161219,3.6414562841332736,3.7240557328249593,3.829157906767502,4.120192080192029,000100.SZ
2010-12-03,3.53,0.16021464162514376,4,-0.005633802816901401,0.0056657223796034994,-0.005633802816901401,-0.0273972602739726,-3.8147138964577665,-4.85175202156335,-6.860158311345654,-12.189054726368154,3.621191505199951,3.7055742344606775,3.8174262241491688,4.1143195221801685,000100.SZ
2010-12-06,3.48,0.21616562052637378,0,-0.014164305949008416,-0.005633802816901401,0.0056657223796034994,-0.005633802816901401,-4.657534246575345,-7.692307692307699,-9.138381201044387,-13.432835820895516,3.5955203224363235,3.684090974035851,3.8041938232021426,4.10800788514355,000100.SZ
2010-12-07,3.5,-0.22935530604853316,1,0.005747126436781658,-0.014164305949008416,-0.005633802816901401,0.0056657223796034994,-1.4084507042253502,-4.63215258855586,-4.891304347826086,-14.42542787286063,3.578152991084264,3.666558500318151,3.792264653664804,4.10195805544063,000100.SZ
2010-12-08,3.48,-0.13018446716014564,2,-0.005714285714285672,0.005747126436781658,-0.014164305949008416,-0.005633802816901401,-1.4164305949008416,-6.451612903225811,-3.8674033149171283,-13.647642679900752,3.560306992705307,3.648791024097375,3.7800189809720663,4.095769418073062,000100.SZ
2010-12-09,3.45,-0.045792246386600066,3,-0.008620689655172376,-0.005714285714285672,0.005747126436781658,-0.014164305949008416,-2.8169014084506894,-7.506702412868627,-5.479452054794509,-14.179104477611926,3.5402511758497965,3.629858545611911,3.7670770601496324,4.0893438517240766,000100.SZ
2010-12-10,3.49,-0.13802378255945635,4,0.011594202898550732,-0.008620689655172376,-0.005714285714285672,0.005747126436781658,-1.1331444759206666,-4.904632152588551,-5.9299191374663,-7.9155672823219,3.531114598422561,3.616538684125062,3.7562112930849407,4.083380231308912,000100.SZ
2010-12-13,3.57,0.9715881097060273,0,0.022922636103151817,0.011594202898550732,-0.008620689655172376,-0.005714285714285672,2.5862068965517127,-2.1917808219178103,-5.305039787798416,-6.7885117493472595,3.5381846714366403,3.6121064284941036,3.748908889434551,4.078271970300863,000100.SZ
2010-12-14,3.58,-0.21116201582673877,1,0.0028011204481792618,0.022922636103151817,0.011594202898550732,-0.008620689655172376,2.285714285714291,0.8450704225352101,-2.4523160762942697,-2.717391304347827,3.54578745844816,3.609048673399427,3.7422850114175095,4.073314040248118,000100.SZ
2010-12-15,3.56,-0.2201689545934531,2,-0.005586592178770999,0.0028011204481792618,0.022922636103151817,0.011594202898550732,2.298850574712641,0.8498583569405138,-4.301075268817211,-1.6574585635359185,3.548371556912131,3.6043773711709104,3.735136579597215,4.068206437857589,000100.SZ
2010-12-16,3.54,-0.22775897088693287,3,-0.005617977528089901,-0.005586592178770999,0.0028011204481792618,0.022922636103151817,2.608695652173898,-0.28169014084505895,-5.093833780160861,-3.013698630136985,3.5468494556553796,3.598246192964157,3.7274841647110497,4.06295065240627,000100.SZ
2010-12-17,3.52,-0.27809924601087144,4,-0.005649717514124353,-0.005617977528089901,-0.005586592178770999,0.0028011204481792618,0.8595988538681931,-0.28328611898016387,-4.087193460490457,-5.121293800539084,3.5419677364453106,3.5907941745866183,3.7193475308008126,4.057548158352477,000100.SZ
2010-12-20,3.46,0.7726499878552344,0,-0.017045454545454586,-0.005649717514124353,-0.005617977528089901,-0.005586592178770999,-3.081232492997199,-0.5747126436781658,-5.205479452054796,-8.222811671087538,3.5270645116370725,3.5783375865307496,3.7091770393968595,4.05160240553305,000100.SZ
2010-12-21,3.52,-0.09920526171553867,1,0.01734104046242768,-0.017045454545454586,-0.005649717514124353,-0.005617977528089901,-1.6759776536312887,0.5714285714285783,-0.8450704225352101,-4.087193460490457,3.5257800549757863,3.5727816259087732,3.7017583319695317,4.046312829358592,000100.SZ
2010-12-22,3.47,-0.1878612716763005,2,-0.014204545454545414,0.01734104046242768,-0.017045454545454586,-0.005649717514124353,-2.52808988764045,-0.2873563218390718,-1.6997167138810054,-6.720430107526887,3.5156382267983703,3.5629928996317473,3.692669769931511,4.040578373345074,000100.SZ
2010-12-23,3.46,0.42142723356433787,3,-0.0028818443804035088,-0.014204545454545414,0.01734104046242768,-0.017045454545454586,-2.259887005649719,0.28985507246375164,-2.5352112676056304,-7.238605898123329,3.5055221855623024,3.5531840520477713,3.6835454652283146,4.03480147410781,000100.SZ
2010-12-24,3.47,-0.06351297931216249,4,0.0028901734104047616,-0.0028818443804035088,-0.014204545454545414,0.01734104046242768,-1.4204545454545414,-0.5730659025787954,-1.6997167138810054,-5.449591280653943,3.4990636063691563,3.545261761376555,3.675171133258577,4.029181558942558,000100.SZ
2010-12-27,3.44,0.18348107499648236,0,-0.008645533141210415,0.0028901734104047616,-0.0028818443804035088,-0.014204545454545414,-0.5780346820809301,-3.6414565826330514,-1.1494252873563204,-5.753424657534245,3.4883247688474914,3.535236831721645,3.6659487358758875,4.0233190558685035,000100.SZ
2010-12-28,3.44,0.08060872666745933,1,0.0,-0.008645533141210415,0.0028901734104047616,-0.0028818443804035088,-2.2727272727272707,-3.9106145251396662,-1.7142857142857126,-3.0985915492957705,3.4795384472388564,3.5261666572719648,3.657088001135657,4.017514886158369,000100.SZ
2010-12-29,3.42,-0.32346792826493564,2,-0.005813953488372103,0.0,-0.008645533141210415,0.0028901734104047616,-1.4409221902017322,-3.93258426966292,-1.7241379310344862,-3.116147308781869,3.4687132750136094,3.516055547055587,3.6477904324636703,4.011569464405549,000100.SZ
2010-12-30,3.41,-0.09806472597170268,3,-0.0029239766081871066,-0.005813953488372103,0.0,-0.008645533141210415,-1.445086705202303,-3.672316384180785,-1.1594202898550732,-3.9436619718309807,3.458038134102044,3.505955018764579,3.638465317465095,4.005583698590569,000100.SZ
2010-12-31,3.43,-0.12603678326721968,4,0.0058651026392961825,-0.0029239766081871066,-0.005813953488372103,0.0,-1.1527377521613813,-2.5568181818181768,-1.7191977077363862,-2.832861189801694,3.4529402915380354,3.498721207453667,3.6302902069762677,3.9998564976095685,000100.SZ
2011-01-04,3.48,0.30575613781720645,1,0.014577259475218707,0.0058651026392961825,-0.0029239766081871066,-0.005813953488372103,1.1627906976744207,0.5780346820809301,-2.5210084033613356,0.0,3.45786023853112,3.4969382353152225,3.624396473369355,3.9946837961408166,000100.SZ
2011-01-05,3.44,-0.07584136514457251,2,-0.011494252873563204,0.014577259475218707,0.0058651026392961825,-0.0029239766081871066,0.0,-2.2727272727272707,-3.9106145251396662,-1.7142857142857126,3.4546129224345523,3.4915155462375824,3.6171652391195765,3.989164554388172,000100.SZ
2011-01-06,3.58,4.257650880492391,3,0.04069767441860472,-0.011494252873563204,0.014577259475218707,0.0058651026392961825,4.678362573099415,3.170028818443793,0.561797752808979,2.8735632183908066,3.477410572900997,3.4999426370720985,3.615707778761946,3.9850932652897826,000100.SZ
2011-01-07,3.6,-0.44364594172736727,4,0.005586592178770999,0.04069767441860472,-0.011494252873563204,0.014577259475218707,5.571847507331373,4.046242774566489,1.6949152542372836,4.347826086956519,3.4996995596462703,3.5094719097318987,3.6150917874379482,3.981261491505805,000100.SZ
2011-01-10,3.67,0.03559530071891981,0,0.019444444444444375,0.005586592178770999,0.04069767441860472,-0.011494252873563204,6.997084548104948,5.7636887608069065,4.261363636363624,5.157593123209159,3.530663276074221,3.5247602992812417,3.617245050675676,3.9781643622370906,000100.SZ
2011-01-11,3.7,-0.25832486736651994,1,0.008174386920980936,0.019444444444444375,0.005586592178770999,0.04069767441860472,6.321839080459779,7.558139534883734,6.936416184971095,3.6414565826330625,3.5614517713334535,3.5414497945877903,3.620490342806042,3.975396557637717,000100.SZ
2011-01-12,3.7,-0.22425994977551178,2,0.0,0.008174386920980936,0.019444444444444375,0.005586592178770999,7.558139534883734,7.558139534883734,5.113636363636376,3.3519553072625774,3.5866423583637346,3.556549814150858,3.623608368578354,3.9726562933826153,000100.SZ
2011-01-13,3.68,-0.07720227584853845,3,-0.005405405405405461,0.0,0.008174386920980936,0.019444444444444375,2.7932960893854775,7.602339181286566,6.051873198847257,3.370786516853941,3.6036164750248734,3.568306974707919,3.6258198051046935,3.9697442904633853,000100.SZ
2011-01-14,3.66,-0.24705006909748062,4,-0.005434782608695676,-0.005405405405405461,0.0,0.008174386920980936,1.6666666666666607,7.331378299120228,5.780346820809257,3.3898305084745894,3.6138680250203508,3.5770396437833556,3.6271602049045097,3.966662257722456,000100.SZ
2011-01-17,3.58,0.26330650854157844,0,-0.021857923497267784,-0.005434782608695676,-0.005405405405405461,0.0,-2.4523160762942697,4.37317784256559,3.170028818443793,1.7045454545454586,3.6077102022893777,3.5773215824706552,3.6253107851043334,3.962814872073477,000100.SZ
2011-01-18,3.74,0.40210102816271776,1,0.04469273743016755,-0.021857923497267784,-0.005434782608695676,-0.005405405405405461,1.0810810810810922,7.471264367816088,8.720930232558155,8.092485549132956,3.631762892782218,3.5928147650924975,3.629808401374752,3.960597808669761,000100.SZ
2011-01-19,3.8,0.5393750996333493,2,0.016042780748662944,0.04469273743016755,-0.021857923497267784,-0.005434782608695676,2.7027027027026973,10.465116279069765,10.465116279069765,7.954545454545459,3.6623514577309053,3.6125466922265455,3.636482581712997,3.9589998205237933,000100.SZ
2011-01-20,3.63,-0.4609330502770155,3,-0.044736842105263186,0.016042780748662944,0.04469273743016755,-0.021857923497267784,-1.3586956521739246,1.3966480446927276,6.140350877192979,4.610951008645525,3.6564693745071044,3.6142089120144933,3.6362283628222913,3.9557261904688303,000100.SZ
2011-01-21,3.77,0.4066852367688021,4,0.038567493112947604,-0.044736842105263186,0.016042780748662944,0.04469273743016755,3.005464480874309,4.722222222222228,10.557184750733128,8.959537572254339,3.6771113064149037,3.6290461584893032,3.64147430937828,3.953878168673121,000100.SZ
2011-01-24,4.0,2.0676681461249573,0,0.0610079575596818,0.038567493112947604,-0.044736842105263186,0.016042780748662944,11.731843575418988,8.99182561307903,16.618075801749256,15.27377521613833,3.7358183416121937,3.664375095776036,3.6555341403830535,3.9543370923679158,000100.SZ
2011-02-01,3.95,-0.49569642180479623,1,-0.007537688442211032,-0.0050000000000000044,0.0,0.0,-1.2499999999999956,5.614973262032086,6.756756756756754,13.505747126436795,3.9086834578570677,3.8094120991579294,3.726327889869826,3.9563017773300118,000100.SZ
2011-02-09,3.99,0.42840274796049815,2,0.010126582278481067,-0.007537688442211032,-0.0050000000000000044,0.0,-0.24999999999999467,5.000000000000004,7.837837837837847,15.988372093023262,3.923468283701237,3.826610946857174,3.736667972620029,3.956637083028221,000100.SZ
2011-02-10,4.02,0.09288344480348698,3,0.007518796992481036,0.010126582278481067,-0.007537688442211032,-0.0050000000000000044,0.49999999999998934,10.743801652892548,9.239130434782595,12.290502793296065,3.9410195048464662,3.8450289519183958,3.747779032517283,3.95726755981401,000100.SZ
2011-02-11,3.94,0.10327992848793222,4,-0.01990049751243772,0.007518796992481036,0.010126582278481067,-0.007537688442211032,-1.5000000000000013,4.509283819628651,7.650273224043702,9.444444444444432,3.9408341403289264,3.8540738136404533,3.755317109673468,3.957095743298448,000100.SZ
2011-02-14,4.06,1.1040199439077596,0,0.030456852791878042,-0.01990049751243772,0.007518796992481036,0.010126582278481067,2.010050251256268,1.4999999999999902,13.407821229050265,10.626702997275196,3.9625006602691215,3.8736858313889817,3.767265458313724,3.9581196662507026,000100.SZ
2011-02-15,4.06,-0.11718356586391776,1,0.0,0.030456852791878042,-0.01990049751243772,0.007518796992481036,2.784810126582271,1.4999999999999902,8.55614973262031,9.72972972972972,3.980227812947463,3.8914300379233646,3.7787452442622054,3.959133400914875,000100.SZ
2011-02-16,4.36,1.3231889407106667,2,0.07389162561576379,0.0,0.030456852791878042,-0.01990049751243772,9.273182957393477,9.000000000000007,14.736842105263182,17.83783783783783,4.049277301502469,3.93605574859733,3.8015395484087855,3.963122123293832,000100.SZ
2011-02-17,4.23,-0.35622057251798145,3,-0.029816513761467878,0.07389162561576379,0.0,0.030456852791878042,5.2238805970149516,5.750000000000011,16.528925619834723,14.94565217391306,4.082135973956565,3.9640504392071083,3.8183419190594217,3.96577762455459,000100.SZ
2011-02-18,4.16,-0.5250145824920358,4,-0.01654846335697402,-0.029816513761467878,0.07389162561576379,0.0,5.583756345177671,4.0000000000000036,10.344827586206895,13.661202185792343,4.096293069600826,3.9827123021397646,3.8317402751747385,3.9677101855042958,000100.SZ
2011-02-21,4.41,1.2537313432835822,0,0.060096153846153744,-0.01654846335697402,-0.029816513761467878,0.07389162561576379,8.62068965517242,10.80402010050252,10.250000000000004,23.18435754189945,4.1533306933097665,4.023406368602644,3.8544171271286705,3.97211107918087,000100.SZ
2011-02-22,4.38,-0.1835023891357197,1,-0.006802721088435382,0.060096153846153744,-0.01654846335697402,-0.029816513761467878,7.881773399014791,10.88607594936708,9.499999999999996,17.11229946524062,4.194543294526172,4.057367666830964,3.875028220182448,3.976169675407926,000100.SZ
2011-02-23,4.48,-0.3147843942505134,2,0.022831050228310668,-0.006802721088435382,0.060096153846153744,-0.01654846335697402,2.752293577981657,12.280701754385959,12.00000000000001,17.894736842105274,4.246444513703231,4.097618365228015,3.8987526037047053,3.9811829124685443,000100.SZ
2011-02-24,4.38,-0.10915492957746475,3,-0.022321428571428714,0.022831050228310668,-0.006802721088435382,0.060096153846153744,3.546099290780136,8.955223880597018,9.499999999999996,20.661157024793386,4.270727329393553,4.124511854253918,3.9176250506182466,3.985151241697713,000100.SZ
2011-03-01,4.73,-0.29177435666928864,1,-0.018672199170124415,0.10045662100456632,0.0,-0.022321428571428714,7.990867579908678,16.50246305418721,19.74683544303799,18.25000000000001,4.449241339690383,4.262024274735734,4.000220500261484,4.004638015113876,000100.SZ
2011-03-02,4.71,-0.4643168810562702,2,-0.0042283298097252064,-0.018672199170124415,0.10045662100456632,0.0,5.133928571428559,8.027522935779817,18.045112781954884,17.75,4.496652005201222,4.304688629522807,4.028054990447309,4.011656542326674,000100.SZ
2011-03-03,4.55,-0.2544746752422461,3,-0.03397027600849256,-0.0042283298097252064,-0.018672199170124415,0.10045662100456632,3.8812785388127935,7.565011820330958,13.184079601990062,13.749999999999996,4.506351640619181,4.328051617187302,4.0485234221944735,4.0170131936468065,000100.SZ
2011-03-04,4.65,-0.27339803621090863,4,0.021978021978022122,-0.03397027600849256,-0.0042283298097252064,-0.018672199170124415,6.164383561643838,11.778846153846168,18.020304568527923,16.250000000000007,4.532469524142966,4.358713367931368,4.072110738971161,4.023311569829426,000100.SZ
2011-03-07,4.64,0.230315575691298,0,-0.0021505376344087557,0.021978021978022122,-0.03397027600849256,-0.0042283298097252064,-3.734439834024905,5.215419501133778,14.28571428571428,16.582914572864315,4.552020519753335,4.3855025709855235,4.094380906070331,4.029447773114705,000100.SZ
2011-03-08,4.62,-0.3176089647947684,1,-0.004310344827586077,-0.0021505376344087557,0.021978021978022122,-0.03397027600849256,-2.3255813953488413,5.47945205479452,13.793103448275868,16.962025316455698,4.564380425252729,4.4078356594630925,4.114993419557769,4.035323914675753,000100.SZ
2011-03-09,4.68,0.4786471901749163,2,0.01298701298701288,-0.004310344827586077,-0.0021505376344087557,0.021978021978022122,-0.6369426751592355,4.464285714285698,7.339449541284382,17.29323308270676,4.585402166115869,4.43375607284756,4.137150540359425,4.041738602091915,000100.SZ
2011-03-10,4.55,0.191599811231713,3,-0.02777777777777779,0.01298701298701288,-0.004310344827586077,-0.0021505376344087557,0.0,3.8812785388127935,7.565011820330958,13.184079601990062,4.578965408640256,4.444826923052554,4.153340715247291,4.046795929434284,000100.SZ
2011-03-11,4.66,0.31664686468646863,4,0.024175824175824312,-0.02777777777777779,0.01298701298701288,-0.004310344827586077,0.21505376344086446,6.392694063926951,12.01923076923077,18.274111675126914,4.593698970705664,4.465319597047549,4.173209706806221,4.052897462474738,000100.SZ
2011-03-16,4.64,0.2519442096365172,2,0.04035874439461873,-0.04291845493562241,0.0,0.024175824175824312,-0.8547008547008517,-1.4861995753715607,3.5714285714285587,6.422018348623837,4.590297933617151,4.496674993645302,4.219942773111737,4.068670948108516,000100.SZ
2011-03-17,4.5,-0.4778366699301172,3,-0.030172413793103425,0.04035874439461873,-0.04291845493562241,0.0,-1.098901098901095,-1.098901098901095,2.7397260273972712,6.382978723404253,4.573880127504942,4.496991660917178,4.230925409460297,4.072962779470621,000100.SZ
2011-03-18,4.55,-0.4615956552660502,4,0.011111111111111072,-0.030172413793103425,0.04035874439461873,-0.04291845493562241,-2.3605150214592308,-2.1505376344086113,3.8812785388127935,9.375,4.569538286140407,4.502040074163162,4.2434381385010695,4.077709418480863,000100.SZ
2011-03-21,4.54,-0.1182827979585711,0,-0.00219780219780219,0.011111111111111072,-0.030172413793103425,0.04035874439461873,-2.5751072961373467,-2.155172413793094,-5.809128630705396,2.947845804988658,4.564167688660333,4.5056553051952415,4.255068015422596,4.082309324764636,000100.SZ
2011-03-22,4.49,-0.044467143343547844,1,-0.011013215859030812,-0.00219780219780219,0.011111111111111072,-0.030172413793103425,0.672645739910327,-2.813852813852813,-5.073995771670193,2.511415525114158,4.550682654358454,4.504164323748076,4.264281034425632,4.086365948398819,000100.SZ
2011-03-23,4.51,-0.023588939566704714,2,0.00445434298440972,-0.011013215859030812,-0.00219780219780219,0.011111111111111072,-2.8017241379310276,-3.6324786324786307,-4.24628450106157,0.6696428571428381,4.543285808111462,4.5047201024387356,4.273917072291293,4.090581212593856,000100.SZ
2011-03-24,4.47,-0.0037223560324063376,3,-0.008869179600886956,0.00445434298440972,-0.011013215859030812,-0.00219780219780219,-0.666666666666671,-1.758241758241763,-1.758241758241763,2.054794520547931,4.52996111572756,4.501413426015999,4.281606598868105,4.09435652391133,000100.SZ
2011-03-29,4.57,0.5126979230927411,1,0.015555555555555545,0.006711409395973256,0.0,-0.008869179600886956,1.7817371937639104,2.4663677130045025,-1.0822510822510734,-3.382663847780132,4.525485840244471,4.5053746559814,4.30796461956739,4.106749119674651,000100.SZ
2011-03-30,4.66,0.15864061172472388,2,0.01969365426695835,0.015555555555555545,0.006711409395973256,0.0,3.3259423503326113,0.4310344827586299,-0.42735042735041473,-1.0615711252653925,4.549942960200021,4.520100879221266,4.321769928603963,4.112254103558485,000100.SZ
2011-03-31,4.39,1.0824802745431614,3,-0.05793991416309019,0.01969365426695835,0.015555555555555545,0.006711409395973256,-1.7897091722595126,-2.444444444444449,-3.516483516483515,-3.516483516483515,4.520862421981835,4.50771031929543,4.324445617678317,4.115017744319097,000100.SZ
2011-04-01,4.37,-0.5550578889546185,4,-0.004555808656036331,-0.05793991416309019,0.01969365426695835,0.015555555555555545,-2.237136465324374,-3.956043956043953,-6.22317596566524,-6.021505376344094,4.493432890712411,4.494595050791103,4.326232064043873,4.117554881191544,000100.SZ
2011-04-06,4.35,-0.18974358974358962,2,-0.004576659038901698,-0.004555808656036331,-0.05793991416309019,0.01969365426695835,-3.3333333333333437,-4.185022026431728,-6.6523605150214715,-6.25,4.467354183310154,4.480824093572903,4.327164139963722,4.119867767945857,000100.SZ
2011-04-07,4.41,-0.08598999843725585,3,0.01379310344827589,-0.004576659038901698,-0.004555808656036331,-0.05793991416309019,-3.5010940919037226,-1.7817371937639215,-1.1210762331838486,-4.545454545454541,4.456926149981035,4.474078941804056,4.330412605063184,4.122754655826993,000100.SZ
2011-04-08,4.42,-0.24731780294934813,4,0.0022675736961450532,0.01379310344827589,-0.004576659038901698,-0.004555808656036331,-5.150214592274683,-1.9955654101995512,-4.741379310344818,-5.5555555555555465,4.450212304529937,4.468928566394145,4.333925836237178,4.125712320943142,000100.SZ
2011-04-11,4.47,0.2205122380600828,0,0.011312217194570096,0.0022675736961450532,0.01379310344827589,-0.004576659038901698,1.8223234624145768,0.0,-0.666666666666671,-1.758241758241763,4.453810067342675,4.46903060768994,4.339262077953368,4.129138068993459,000100.SZ
2011-04-12,4.66,1.6968639493765125,1,0.04250559284116351,0.011312217194570096,0.0022675736961450532,0.01379310344827589,6.636155606407312,4.250559284116351,2.417582417582431,0.0,4.491299146007643,4.487218168862327,4.351840035680687,4.134420277262181,000100.SZ
2011-04-13,4.83,0.08255551146460549,2,0.03648068669527893,0.04250559284116351,0.011312217194570096,0.0022675736961450532,11.03448275862069,7.333333333333325,6.38766519823788,3.648068669527893,4.552881119460799,4.519864057542105,4.3705914068304645,4.141341468533204,000100.SZ
2011-04-14,5.13,0.7280464093328658,3,0.06211180124223592,0.03648068669527893,0.04250559284116351,0.011312217194570096,16.326530612244895,12.253829321663012,14.25389755011135,15.022421524663665,4.657811825013381,4.577972242538095,4.400372135974368,4.151178866856257,000100.SZ
2011-04-19,5.64,1.6813031856193446,1,0.07839388145315462,0.01949317738791434,0.0,0.06211180124223592,21.030042918454917,29.061784897025156,26.174496644295296,23.95604395604396,4.9789818335347515,4.7783383664365395,4.506656274172441,4.1861673916707085,000100.SZ
2011-04-20,5.45,-0.46569961266011506,2,-0.03368794326241131,0.07839388145315462,0.01949317738791434,0.0,12.836438923395455,25.287356321839095,21.111111111111125,20.044052863436136,5.0646215001647965,4.842306141061631,4.543650145773522,4.198742840509807,000100.SZ
2011-04-21,5.8,-0.2668954774213427,3,0.06422018348623837,-0.03368794326241131,0.07839388145315462,0.01949317738791434,13.060428849902529,31.519274376417215,26.914660831509842,29.17594654788418,5.198326681953015,4.933515080008142,4.592918767507894,4.2146757475694105,000100.SZ
2011-04-26,5.58,-0.4313502632605972,1,-0.09999999999999998,0.06896551724137945,0.0,0.06422018348623837,-1.0638297872340385,19.742489270386265,27.68878718535468,24.83221476510067,5.489962547816488,5.17176762053513,4.73587579496978,4.263280986422033,000100.SZ
2011-04-27,5.8,-0.23681263771326733,2,0.03942652329749108,-0.09999999999999998,0.06896551724137945,0.0,6.422018348623837,20.082815734989644,33.33333333333335,28.888888888888875,5.5463329936680354,5.23159927572226,4.777606155951357,4.278571722875545,000100.SZ
2011-04-28,5.71,-0.3047487575924903,3,-0.01551724137931032,0.03942652329749108,-0.09999999999999998,0.06896551724137945,-1.551724137931032,11.306042884990264,29.478458049886626,24.945295404814004,5.576090631182938,5.277161249462997,4.814170620423853,4.2928147903096185,000100.SZ
2011-04-29,5.66,-0.18183055924299674,4,-0.008756567425569184,-0.01551724137931032,0.03942652329749108,-0.09999999999999998,-2.4137931034482696,10.331384015594548,28.054298642533947,21.459227467811147,5.591346880058767,5.313622082847473,4.8473404000150735,4.3064186232418615,000100.SZ
2011-05-09,6.28,-0.22327303601330162,0,0.008025682182985605,0.10070671378091878,0.0,0.0,10.954063604240293,8.275862068965534,22.41715399610138,42.08144796380091,5.832349143566883,5.5581620889680625,5.040458421120075,4.384218464238645,000100.SZ
2011-05-10,6.31,-0.3308920872047125,1,0.004777070063694211,0.008025682182985605,0.10070671378091878,0.0,11.484098939929321,1.7741935483870819,20.650095602294428,41.163310961968676,5.919194753827449,5.629765699542533,5.090244365389876,4.403380469569604,000100.SZ
2011-05-11,6.5,0.590032854731263,2,0.030110935023771823,0.004777070063694211,0.008025682182985605,0.10070671378091878,14.840989399293282,16.48745519713262,15.248226950354615,39.48497854077253,6.024795707677003,5.712645156728959,5.145528900080469,4.424242355444534,000100.SZ
2011-05-12,6.21,-0.345219272459516,3,-0.04461538461538461,0.030110935023771823,0.004777070063694211,0.008025682182985605,9.71731448763251,7.068965517241388,13.944954128440369,28.57142857142856,6.058469215372093,5.760012284659535,5.187272864783196,4.44201108822618,000100.SZ
2011-05-17,6.71,0.07516994036448565,1,0.03709428129829995,0.041867954911433136,0.0,-0.04461538461538461,6.339144215530901,18.551236749116605,8.225806451612904,28.298279158699803,6.256592079644067,5.946747031689855,5.332340994556228,4.5017999332640715,000100.SZ
2011-05-18,6.45,-0.19940655120920037,2,-0.03874813710879277,0.03709428129829995,0.041867954911433136,0.0,-0.7692307692307665,13.957597173144887,15.591397849462375,14.361702127659592,6.291757156072418,5.994675885814631,5.376170759475592,4.521185008554976,000100.SZ
2011-05-19,3.27,0.22918533950243436,3,-0.49302325581395345,-0.03874813710879277,0.03709428129829995,0.041867954911433136,-47.34299516908212,-42.226148409893995,-43.620689655172406,-40.0,5.742346764059251,5.735182944308476,5.293575827731451,4.508735406479802,000100.SZ
2011-05-20,3.2,-0.38794292696385635,4,-0.021406727828746086,-0.49302325581395345,-0.03874813710879277,0.03709428129829995,-48.47020933977455,-48.63563402889246,-43.957968476357266,-44.827586206896555,5.280101897866659,5.493736949612431,5.211474814879237,4.495713163629257,000100.SZ
2011-05-23,3.01,0.014779276813600806,0,-0.05937500000000007,-0.021406727828746086,-0.49302325581395345,-0.03874813710879277,-53.47758887171561,-52.07006369426752,-46.81978798586572,-48.10344827586207,4.867356098254539,5.257190573458866,5.125142469197699,4.480929948070757,000100.SZ
2011-05-24,2.88,0.08604095274357992,1,-0.04318936877076407,-0.05937500000000007,-0.021406727828746086,-0.49302325581395345,-57.07898658718331,-54.35816164817749,-49.1166077738516,-53.5483870967742,4.506018625844622,5.0307914712246875,5.037097666484064,4.465000296846172,000100.SZ
2011-05-25,2.9,-0.21228440929852066,2,0.00694444444444442,-0.04318936877076407,-0.05937500000000007,-0.021406727828746086,-55.038759689922486,-55.38461538461539,-48.76325088339223,-48.028673835125446,4.214015239327418,4.82785895015567,4.953289914857238,4.449428154588997,000100.SZ
2011-05-26,2.77,-0.1431044074921184,3,-0.04482758620689653,0.00694444444444442,-0.04318936877076407,-0.05937500000000007,-15.290519877675845,-55.394524959742355,-51.0600706713781,-52.241379310344826,3.9514670139951598,4.631872383474177,4.867670702509895,4.432717426682639,000100.SZ
2011-05-27,2.61,0.02226229981243688,4,-0.0577617328519856,-0.04482758620689653,0.00694444444444442,-0.04318936877076407,-18.437500000000007,-57.971014492753625,-58.10593900481542,-54.290718038528894,3.707563920541494,4.439313108857589,4.779134596529115,4.414580934874851,000100.SZ
2011-05-30,2.61,-0.40648949232918863,0,0.0,-0.0577617328519856,-0.04482758620689653,0.00694444444444442,-13.289036544850497,-59.65996908809892,-58.439490445859875,-53.88692579505301,3.508006844079404,4.265092812775913,4.6940704947044445,4.396624905672116,000100.SZ
2011-05-31,2.71,0.43063350137924483,1,0.03831417624521083,0.0,-0.0577617328519856,-0.04482758620689653,-5.902777777777779,-59.61251862891207,-57.05229793977813,-52.120141342756185,3.3629146906104213,4.116988735368683,4.616263808637604,4.379842568302244,000100.SZ
2011-06-01,2.68,-0.3088545735609448,2,-0.011070110701106972,0.03831417624521083,0.0,-0.0577617328519856,-7.586206896551717,-58.44961240310078,-58.769230769230774,-52.65017667844523,3.2387483832267083,3.9801326653335707,4.540331894573384,4.362928711901227,000100.SZ
2011-06-02,2.66,0.09850889850889843,3,-0.007462686567164201,-0.011070110701106972,0.03831417624521083,0.0,-3.971119133574008,-18.654434250764517,-57.1658615136876,-53.003533568904594,3.133521404458216,3.8544057448256117,4.46659338890384,4.345984147603703,000100.SZ
2011-06-03,2.68,-0.08179350205797353,4,0.007518796992481258,-0.007462686567164201,-0.011070110701106972,0.03831417624521083,2.6819923371647514,-16.249999999999996,-56.84380032206119,-56.98234349919743,3.0510629672839946,3.742557578651744,4.396530903064474,4.3294071909111285,000100.SZ
2011-06-07,2.72,0.2848354792560803,1,0.014925373134328401,0.007518796992481258,-0.007462686567164201,-0.011070110701106972,4.214559386973193,-9.634551495016597,-57.95981452859351,-56.68789808917197,2.9908697005050864,3.6451711425896733,4.330784593140377,4.313393189011515,000100.SZ
2011-06-08,2.99,1.1947259028319044,2,0.09926470588235303,0.014925373134328401,0.007518796992481258,-0.007462686567164201,10.332103321033227,3.819444444444464,-55.439642324888226,-52.61489698890649,2.9907115731405254,3.582773890914466,4.278204805174088,4.300225097578566,000100.SZ
2011-06-09,3.17,0.1888217139474908,3,0.06020066889632103,0.09926470588235303,0.014925373134328401,0.007518796992481258,18.28358208955223,9.310344827586214,-50.852713178294586,-51.23076923076923,3.0233094689331574,3.5434620917797552,4.234745793206477,4.288979076707137,000100.SZ
2011-06-10,3.03,-0.1081254089732282,4,-0.04416403785488965,0.06020066889632103,0.09926470588235303,0.014925373134328401,13.909774436090206,9.386281588447654,-7.339449541284415,-51.20772946859904,3.0245259291271287,3.4945609401816835,4.187500860139556,4.276451921715027,000100.SZ
2011-06-13,3.05,-0.3742523565720849,0,0.0066006600660066805,-0.04416403785488965,0.06020066889632103,0.09926470588235303,13.80597014925371,16.858237547892728,-4.687500000000011,-50.88566827697263,3.0291575783767417,3.4522218030215233,4.142892983271338,4.26424842000642,000100.SZ
2011-06-14,3.08,0.21723061237494434,1,0.009836065573770592,0.0066006600660066805,-0.04416403785488965,0.06020066889632103,13.235294117647056,18.00766283524906,2.3255813953488413,-52.39567233384853,3.038401655035516,3.416772107495664,4.101210905495991,4.252464853638197,000100.SZ
2011-06-15,3.04,-0.3348235786828605,2,-0.012987012987012991,0.009836065573770592,0.0066006600660066805,-0.04416403785488965,1.6722408026755842,12.177121771217724,5.555555555555558,-54.69448584202683,3.0386922632108764,3.3808890496389337,4.059594791554972,4.240400526736325,000100.SZ
2011-06-16,2.96,-0.17846405691709555,3,-0.02631578947368418,-0.012987012987012991,0.009836065573770592,0.0066006600660066805,-6.624605678233442,10.447761194029837,2.0689655172413834,-54.10852713178295,3.0243845789907167,3.3408043782447496,4.016473427180268,4.227660222987705,000100.SZ
2011-06-17,2.89,-0.07820972161017747,4,-0.023648648648648574,-0.02631578947368418,-0.012987012987012991,0.009836065573770592,-4.62046204620461,8.646616541353392,4.332129963898912,-11.620795107033633,2.9999510191742225,3.2978706279357257,3.9722979986633944,4.214350171017679,000100.SZ
2011-06-22,2.9,-0.21209188409804658,2,0.0,0.0034602076124565784,0.0,-0.023648648648648574,-4.605263157894745,-3.0100334448160626,7.011070110701101,0.694444444444442,2.9535268917941453,3.193896408272448,3.850665786498027,4.175407401911726,000100.SZ
2011-06-23,2.92,0.16610262966583944,3,0.006896551724137945,0.0,0.0034602076124565784,0.0,-1.3513513513513487,-7.886435331230279,8.955223880596996,0.6896551724137945,2.9474310932861187,3.1678110360560243,3.814169088988301,4.162915785972306,000100.SZ
2011-06-24,2.98,0.540318593202485,4,0.020547945205479534,0.006896551724137945,0.0,0.0034602076124565784,3.114186851211076,-1.650165016501648,12.030075187969924,7.581227436823101,2.9533527126886425,3.1499242707173556,3.781456575694642,4.1511454796442235,000100.SZ
2011-06-27,3.01,-0.18442171079259184,0,0.010067114093959662,0.020547945205479534,0.006896551724137945,0.0,4.152249134948094,-1.3114754098360715,12.31343283582087,15.325670498084287,2.9636522194725257,3.136598149696655,3.7512033766477937,4.139790798254729,000100.SZ
2011-06-28,3.06,0.36853363451238086,1,0.01661129568106312,0.010067114093959662,0.020547945205479534,0.006896551724137945,5.517241379310356,-0.6493506493506551,12.5,17.24137931034484,2.981169997750248,3.129303087820783,3.724097361877292,4.129046611207419,000100.SZ
2011-06-29,2.97,-0.26506445925499855,2,-0.02941176470588236,0.01661129568106312,0.010067114093959662,0.020547945205479534,2.413793103448292,-2.3026315789473673,-0.6688963210702337,9.594095940959413,2.9791390890683846,3.1141313651711844,3.694524916313477,4.117513809105852,000100.SZ
2011-06-30,2.99,-0.3621267545725223,3,0.006734006734006703,-0.02941176470588236,0.01661129568106312,0.010067114093959662,2.3972602739726234,1.013513513513531,-5.678233438485791,11.567164179104484,2.9811138001468604,3.102309330392976,3.6668964882227524,4.106294766229178,000100.SZ
2011-07-01,2.97,-0.017390840468379132,4,-0.006688963210702337,0.006734006734006703,-0.02941176470588236,0.01661129568106312,-0.3355704697986517,2.768166089965396,-1.9801980198019709,11.654135338345872,2.9790931092110675,3.089708441784121,3.6395672141748014,4.094988350644808,000100.SZ
2011-07-04,3.05,1.7809386791172401,0,0.026936026936026813,-0.006688963210702337,0.006734006734006703,-0.02941176470588236,1.3289036544850585,5.536332179930792,0.0,13.80597014925371,2.9919852711726915,3.0859266854237286,3.616446931265986,4.084590456608542,000100.SZ
2011-07-05,3.0,-0.2316417269417358,1,-0.016393442622950727,0.026936026936026813,-0.006688963210702337,0.006734006734006703,-1.9607843137254943,3.4482758620689724,-2.5974025974025983,10.294117647058808,2.9934424945958384,3.0777431915738496,3.592272541804575,4.0737985117666655,000100.SZ
2011-07-06,3.02,-0.0235149143757305,2,0.006666666666666599,-0.016393442622950727,0.026936026936026813,-0.006688963210702337,1.683501683501687,4.137931034482767,-0.6578947368421018,1.0033444816053505,2.998271131942049,3.0722438399953877,3.5698304813416506,4.063312954435654,000100.SZ
2011-07-07,2.97,-0.2125674884537826,3,-0.01655629139072845,0.006666666666666599,-0.016393442622950727,0.026936026936026813,-0.6688963210702337,1.7123287671233056,0.33783783783785104,-6.309148264984222,2.9931309261344037,3.0625063314243985,3.5463077173674686,4.052434218570623,000100.SZ
2011-07-08,3.0,-0.17037306281597997,4,0.010101010101009944,-0.01655629139072845,0.006666666666666599,-0.016393442622950727,1.0101010101009944,0.6711409395973256,3.806228373702414,-0.9900990099009799,2.994379848655421,3.0565533474792175,3.5248838853138427,4.041962236296288,000100.SZ
2011-07-11,2.98,-0.2567411478870434,0,-0.00666666666666671,0.010101010101009944,-0.01655629139072845,0.006666666666666599,-2.2950819672131084,-0.9966777408637828,3.114186851211076,-2.2950819672131084,2.9917653307180716,3.049262552481197,3.503515889811339,4.03139544787543,000100.SZ
2011-07-12,2.91,0.2502009538609935,1,-0.02348993288590595,-0.00666666666666671,0.010101010101009944,-0.01655629139072845,-2.9999999999999916,-4.901960784313719,0.34482758620690834,-5.519480519480513,2.9768989069511496,3.0359994522448925,3.4802407568775613,4.0202372842149785,000100.SZ
2011-07-13,2.93,-0.23870552936133727,2,0.0068728522336769515,-0.02348993288590595,-0.00666666666666671,0.010101010101009944,-2.980132450331119,-1.3468013468013518,1.0344827586207028,-3.6184210526315708,2.9683718329600315,3.025904266316808,3.458662687980402,4.0093891520337355,000100.SZ
2011-07-18,2.91,0.02669464643014008,0,-0.010204081632652962,0.0034129692832762792,0.0,0.0068728522336769515,-2.348993288590595,-4.590163934426217,-3.322259136212613,0.6920415224913601,2.948867818353015,2.999986757657595,3.398466702687551,3.977387627113795,000100.SZ
2011-07-19,2.84,-0.06825743892004932,1,-0.024054982817869552,-0.010204081632652962,0.0034129692832762792,0.0,-2.4054982817869552,-5.333333333333334,-7.189542483660139,-2.0689655172413834,2.929073669561558,2.984749923594967,3.3765660476801957,3.9660703372917676,000100.SZ
2011-07-20,2.84,-0.3996530966227936,2,0.0,-0.024054982817869552,-0.010204081632652962,0.0034129692832762792,-3.071672354948818,-5.96026490066226,-4.3771043771043905,-2.0689655172413834,2.912878456914002,2.9709642165859225,3.3555242418888156,3.9548656573187153,000100.SZ
2011-07-21,2.79,-0.15911794697484716,3,-0.017605633802816878,0.0,-0.024054982817869552,-0.010204081632652962,-4.778156996587035,-6.060606060606066,-6.688963210702347,-4.452054794520544,2.890536919293274,2.953729529292025,3.333346820638274,3.9432749542608176,000100.SZ
2011-07-22,2.8,-0.13253499065231666,4,0.0035842293906809264,-0.017605633802816878,0.0,-0.024054982817869552,-4.761904761904767,-6.666666666666677,-5.723905723905731,-6.040268456375841,2.874075661239951,2.9390886217404035,3.312431259044616,3.931899084069168,000100.SZ
2011-07-25,2.67,0.9019105312208759,0,-0.046428571428571375,0.0035842293906809264,-0.017605633802816878,0.0,-8.247422680412376,-10.402684563758392,-12.459016393442624,-11.29568106312292,2.83697099555996,2.9134611339556034,3.287237876336984,3.919342874277435,000100.SZ
2011-07-26,2.85,0.38751071909837087,1,0.06741573033707882,-0.046428571428571375,0.0035842293906809264,-0.017605633802816878,0.35211267605634866,-2.0618556701030966,-4.999999999999993,-6.8627450980392135,2.8393399054581487,2.907417216436022,3.27009129295122,3.9087026466726846,000100.SZ
2011-07-27,2.8,-0.31053967553250195,2,-0.01754385964912286,0.06741573033707882,-0.046428571428571375,0.0035842293906809264,-1.4084507042253502,-4.436860068259396,-7.284768211920534,-5.723905723905731,2.832187195374849,2.8971870053468773,3.2516563402864667,3.8976707795416137,000100.SZ
2011-07-28,2.72,-0.2108784735561532,3,-0.02857142857142847,-0.01754385964912286,0.06741573033707882,-0.046428571428571375,-2.508960573476693,-7.167235494880542,-8.417508417508412,-9.030100334448166,2.8117895234885126,2.8803120524566985,3.2308070720399384,3.8859526623322447,000100.SZ
2011-07-29,2.7,-0.21976550772850834,4,-0.007352941176470562,-0.02857142857142847,-0.01754385964912286,0.06741573033707882,-3.5714285714285587,-8.163265306122437,-9.999999999999998,-9.090909090909093,2.79146415558151,2.863139476032251,3.209991108430529,3.874152138328939,000100.SZ
2011-08-01,2.67,0.10882903494176377,0,-0.011111111111111183,-0.007352941176470562,-0.02857142857142847,-0.01754385964912286,0.0,-8.247422680412376,-10.402684563758392,-12.459016393442624,2.7693797636575987,2.844745240219656,3.1888149865312925,3.8621705250122336,000100.SZ
2011-08-02,2.7,0.3739273153575615,1,0.011235955056179803,-0.011111111111111183,-0.007352941176470562,-0.02857142857142847,-5.263157894736836,-4.929577464788726,-7.216494845360821,-9.999999999999998,2.756765261174399,2.830959979246355,3.1696457713732027,3.8506066391912164,000100.SZ
2011-08-03,2.65,0.4048943649953922,2,-0.0185185185185186,0.011235955056179803,-0.011111111111111183,-0.007352941176470562,-5.357142857142849,-6.690140845070425,-9.55631399317407,-12.25165562913908,2.7373533955063265,2.813725695508607,3.1492675058291555,3.8386603044728957,000100.SZ
2011-08-04,2.61,0.4545940430494144,3,-0.015094339622641506,-0.0185185185185186,0.011235955056179803,-0.011111111111111183,-4.044117647058831,-6.451612903225811,-10.921501706484648,-12.121212121212132,2.7141982326869942,2.794323248317311,3.128119760502522,3.826434828806499,000100.SZ
2011-08-05,2.51,-0.378511540902562,4,-0.03831417624521072,-0.015094339622641506,-0.0185185185185186,0.011235955056179803,-7.037037037037052,-10.357142857142854,-14.62585034013606,-16.333333333333343,2.677071281289359,2.7672448437156625,3.1038797698945806,3.813335974788524,000100.SZ
2011-08-08,2.37,0.14960629921259838,0,-0.055776892430278724,-0.03831417624521072,-0.015094339622641506,-0.0185185185185186,-11.235955056179769,-11.235955056179769,-18.556701030927837,-20.46979865771812,2.6212401392367486,2.729412001457028,3.075100171075185,3.798974422800579,000100.SZ
2011-08-09,2.36,-0.05378933096451444,1,-0.0042194092827004814,-0.055776892430278724,-0.03831417624521072,-0.015094339622641506,-12.592592592592599,-17.19298245614036,-16.901408450704224,-18.900343642611695,2.573741932102794,2.694229906080168,3.0470570271114528,3.7846562693398766,000100.SZ
2011-08-10,2.35,0.08286187217432128,2,-0.004237288135593098,-0.0042194092827004814,-0.055776892430278724,-0.03831417624521072,-11.32075471698113,-16.07142857142856,-17.253521126760553,-19.795221843003418,2.533061580811377,2.6614461055011045,3.0197214574208076,3.7703810825802764,000100.SZ
2011-08-11,2.4,0.29855581665944175,3,0.02127659574468077,-0.004237288135593098,-0.0042194092827004814,-0.055776892430278724,-8.045977011494255,-11.764705882352954,-13.978494623655923,-18.08873720136519,2.5088685661183994,2.636546476405761,2.9954186551690114,3.756745449917786,000100.SZ
2011-08-12,2.47,0.8439306358381504,4,0.029166666666666785,0.02127659574468077,-0.004237288135593098,-0.0042194092827004814,-1.5936254980079556,-8.518518518518514,-11.785714285714278,-15.986394557823125,2.5018015540968723,2.62068490722426,2.9748140020251284,3.7439420126051717,000100.SZ
2011-08-15,2.5,-0.1682404169564844,0,0.012145748987854255,0.029166666666666785,0.02127659574468077,-0.004237288135593098,5.485232067510548,-6.367041198501866,-6.367041198501866,-14.089347079037806,2.501473998806532,2.6091911065362354,2.9561938450829666,3.7315644801414387,000100.SZ
2011-08-16,2.46,-0.5783788118312828,1,-0.016000000000000014,0.012145748987854255,0.029166666666666785,0.02127659574468077,4.237288135593231,-8.888888888888902,-13.684210526315798,-13.380281690140839,2.493933271750799,2.594982429723261,2.9367352629228507,3.7189120972544596,000100.SZ
2011-08-17,2.46,0.049232441244396075,2,0.0,-0.016000000000000014,0.012145748987854255,0.029166666666666785,4.680851063829783,-7.169811320754715,-12.142857142857133,-13.380281690140839,2.4877635859779264,2.5821269602258075,2.9180397624160723,3.7063856087245646,000100.SZ
2011-08-18,2.38,-0.04767330450319818,3,-0.0325203252032521,0.0,-0.016000000000000014,0.012145748987854255,-0.8333333333333304,-8.812260536398464,-12.50000000000001,-14.69534050179212,2.468170206709212,2.5628767735376354,2.8969401638899517,3.6931877419710863,000100.SZ
2011-08-19,2.35,-0.2805906025668915,4,-0.012605042016806678,-0.0325203252032521,0.0,-0.016000000000000014,-4.858299595141702,-6.374501992031856,-12.962962962962965,-16.07142857142856,2.446684714580264,2.5426027951054797,2.8754915300119146,3.67982268981217,000100.SZ
2011-08-22,2.34,-0.27198850965717947,0,-0.004255319148936287,-0.012605042016806678,-0.0325203252032521,0.0,-6.400000000000006,-1.2658227848101333,-12.35955056179776,-12.35955056179776,2.4272874937474884,2.52330729080972,2.8544918621683104,3.666491120759313,000100.SZ
2011-08-23,2.37,0.3475416645034006,1,0.012820512820512997,-0.004255319148936287,-0.012605042016806678,-0.0325203252032521,-3.658536585365846,0.4237288135593209,-12.222222222222223,-16.84210526315789,2.4168715857933996,2.5087065964468893,2.8354921812989646,3.653590711597529,000100.SZ
2011-08-24,2.34,-0.14875746484299757,2,-0.012658227848101333,0.012820512820512997,-0.004255319148936287,-0.012605042016806678,-4.878048780487809,-0.42553191489362874,-11.698113207547166,-16.428571428571427,2.402894933830963,2.4926393015471855,2.816061115365672,3.640520157253275,000100.SZ
2011-08-25,2.43,1.2732868652122749,3,0.03846153846153855,-0.012658227848101333,0.012820512820512997,-0.004255319148936287,2.1008403361344685,1.2500000000000178,-6.896551724137923,-10.661764705882348,2.4078231276798787,2.486673653780787,2.8009214637827045,3.628475180564188,000100.SZ
2011-08-26,2.4,-0.35109305937164015,4,-0.012345679012345734,0.03846153846153855,-0.012658227848101333,0.012820512820512997,2.127659574468077,-2.8340080971660075,-4.3824701195219085,-11.111111111111116,2.4064007408289916,2.4784190200873786,2.785199053438285,3.6162515469267333,000100.SZ
2011-08-29,2.4,-0.18387947962690232,0,0.0,-0.012345679012345734,0.03846153846153855,-0.012658227848101333,2.564102564102577,-4.0000000000000036,1.2658227848101111,-10.1123595505618,2.4052369697691747,2.470950541983819,2.7700932082054113,3.6041495414846763,000100.SZ
2011-08-30,2.37,0.046655889319147326,1,-0.012499999999999956,0.0,-0.012345679012345734,0.03846153846153855,0.0,-3.658536585365846,0.4237288135593209,-12.222222222222223,2.398830247992961,2.4613362046520266,2.7544032784718655,3.59186944654453,000100.SZ
2011-08-31,2.35,-0.16885775862068964,2,-0.008438818565400852,-0.012499999999999956,0.0,-0.012345679012345734,0.42735042735044804,-4.471544715447151,0.0,-11.32075471698113,2.3899520210851497,2.450732756589929,2.73854432637493,3.5795125366286644,000100.SZ
2011-09-01,2.33,-0.2187216387916504,3,-0.008510638297872353,-0.008438818565400852,-0.012499999999999956,0.0,-4.115226337448563,-2.1008403361344463,-2.9166666666666563,-10.727969348658995,2.3790516536151225,2.4392343988194596,2.7225229802425797,3.567079576065195,000100.SZ
2011-09-02,2.31,0.2235313640889478,4,-0.008583690987124526,-0.008510638297872353,-0.008438818565400852,-0.012499999999999956,-3.749999999999998,-1.7021276595744705,-6.477732793522273,-7.968127490039834,2.3664968075032817,2.4269263608366543,2.7063456084683613,3.5545713215769847,000100.SZ
2011-09-05,2.26,-0.26705547267055474,0,-0.0216450216450218,-0.008583690987124526,-0.008510638297872353,-0.008438818565400852,-5.833333333333335,-3.4188034188034178,-9.600000000000009,-4.641350210970474,2.347133751593594,2.411028612185544,2.6888418591166605,3.541690014894627,000100.SZ
2011-09-06,2.26,-0.17715272637552426,1,0.0,-0.0216450216450218,-0.008583690987124526,-0.008510638297872353,-4.641350210970474,-4.641350210970474,-8.13008130081302,-4.23728813559322,2.3312912513038495,2.3966449348345398,2.672024531308164,3.5289368804180636,000100.SZ
2011-09-07,2.3,0.09122938530734626,2,0.017699115044247815,0.0,-0.0216450216450218,-0.008583690987124526,-2.1276595744680993,-1.7094017094017144,-6.504065040650408,-2.1276595744680993,2.3256019328849677,2.3874406553264884,2.6574353340019616,3.5167086527522127,000100.SZ
2011-09-08,2.26,-0.06127636188775154,3,-0.017391304347826098,0.017699115044247815,0.0,-0.0216450216450218,-3.0042918454935785,-6.995884773662564,-5.042016806722693,-5.833333333333335,2.3136743087240643,2.3753034500572987,2.6418496346293354,3.5042040890432355,000100.SZ
2011-09-09,2.27,-0.056201975850713515,4,0.004424778761062065,-0.017391304347826098,0.017699115044247815,0.0,-1.7316017316017285,-5.416666666666659,-3.404255319148941,-8.097165991902845,2.3057335253196887,2.3652745500518417,2.62726729601642,3.491923451341313,000100.SZ
2011-09-13,2.24,-0.04016437931301853,1,-0.013215859030836885,0.004424778761062065,-0.017391304347826098,0.017699115044247815,-0.8849557522123686,-6.666666666666654,-4.273504273504258,-10.399999999999988,2.2937819752615636,2.3533436405230947,2.6120803432314625,3.4794665015767228,000100.SZ
2011-09-14,2.23,1.2192422651264239,2,-0.0044642857142858094,-0.013215859030836885,0.004424778761062065,-0.017391304347826098,-1.327433628318575,-5.907172995780597,-5.907172995780597,-9.349593495934961,2.2821852524867334,2.3415966271399427,2.5970968003596404,3.467033999073472,000100.SZ
2011-09-15,2.22,0.0869612696563773,3,-0.004484304932735328,-0.0044642857142858094,-0.013215859030836885,0.004424778761062065,-3.4782608695651973,-5.531914893617018,-5.12820512820511,-9.756097560975597,2.270878842943691,2.3300159959837576,2.5823086905416153,3.454625700575229,000100.SZ
2011-09-16,2.2,0.04055456950537484,4,-0.009009009009009028,-0.004484304932735328,-0.0044642857142858094,-0.013215859030836885,-2.65486725663715,-5.579399141630892,-9.465020576131689,-7.563025210084017,2.2579917805902925,2.317633520175781,2.567316192873317,3.44214186275856,000100.SZ
2011-09-19,2.12,0.12593331616889802,0,-0.036363636363636376,-0.009009009009009028,-0.004484304932735328,-0.0044642857142858094,-6.607929515418498,-8.225108225108224,-11.666666666666659,-9.787234042553195,2.232902365937512,2.2988112801590397,2.5497743813880884,3.428986222333102,000100.SZ
2011-09-20,2.13,-0.17170215806774347,1,0.004716981132075304,-0.036363636363636376,-0.009009009009009028,-0.004484304932735328,-4.910714285714302,-5.752212389380529,-11.250000000000004,-8.974358974358976,2.214192844857964,2.282734015381988,2.5333126409414968,3.4160609862899864,000100.SZ
2011-09-21,2.19,0.44154185934156964,2,0.028169014084507005,0.004716981132075304,-0.036363636363636376,-0.009009009009009028,-1.7937219730941756,-3.0973451327433565,-7.594936708860766,-7.594936708860766,2.2097941457928796,2.2739022043932273,2.5198494001202616,3.403861374486106,000100.SZ
2011-09-22,2.11,-0.26708639551863644,3,-0.0365296803652968,0.028169014084507005,0.004716981132075304,-0.036363636363636376,-4.954954954954971,-8.260869565217387,-10.212765957446813,-9.829059829059828,2.1916497556487196,2.258292470641491,2.5037768746253493,3.3909871319539064,000100.SZ
2011-09-23,2.1,-0.2837405278285865,4,-0.004739336492890933,-0.0365296803652968,0.028169014084507005,0.004716981132075304,-4.545454545454552,-7.079646017699104,-9.871244635193133,-13.580246913580252,2.174986163712589,2.2432169972470635,2.4879424873851397,3.3781414888498875,000100.SZ
2011-09-26,2.2,2.066259291349355,0,0.04761904761904767,-0.004739336492890933,-0.0365296803652968,0.028169014084507005,3.7735849056603765,-3.083700440528625,-4.761904761904756,-8.333333333333325,2.1795341339466634,2.2391010927473434,2.4766506251347424,3.366418687965809,000100.SZ
2011-09-27,2.19,-0.4771118381915527,1,-0.00454545454545463,0.04761904761904767,-0.004739336492890933,-0.0365296803652968,2.8169014084507005,-2.2321428571428714,-3.0973451327433565,-8.750000000000002,2.1814370186836336,2.2344247981999774,2.4654094241490663,3.3547130293790848,000100.SZ
2011-09-28,2.14,-0.29230069114593704,2,-0.022831050228310446,-0.00454545454545463,0.04761904761904767,-0.004739336492890933,-2.2831050228310446,-4.035874439461873,-5.309734513274322,-9.704641350210974,2.173903015286609,2.22543196027617,2.452648270260868,3.342626332569343,000100.SZ
2011-09-29,2.09,0.18350614902339046,3,-0.02336448598130858,-0.022831050228310446,-0.00454545454545463,0.04761904761904767,-0.9478672985781977,-5.855855855855873,-9.130434782608699,-11.063829787234047,2.1586479215981345,2.2125336783451064,2.438426769466324,3.330162388961688,000100.SZ
2011-09-30,2.12,-0.32399483835914156,4,0.014354066985646119,-0.02336448598130858,-0.022831050228310446,-0.00454545454545463,0.952380952380949,-3.6363636363636376,-6.194690265486713,-9.01287553648068,2.15162102676211,2.2037209470741437,2.425939445173527,3.3181209721560987,000100.SZ
2011-10-10,2.12,0.08821017732455916,0,0.0,0.014354066985646119,-0.02336448598130858,-0.022831050228310446,-3.6363636363636376,0.0,-6.607929515418498,-8.225108225108224,2.145871749168999,2.195747523543273,2.4139418198726044,3.3061993704431027,000100.SZ
2011-10-11,2.16,0.5123482435489084,1,0.018867924528301883,0.0,0.014354066985646119,-0.02336448598130858,-1.3698630136986245,1.4084507042253724,-3.57142857142857,-4.424778761061932,2.1484405220473626,2.1923429974915325,2.4039833171325027,3.294794401582972,000100.SZ
2011-10-12,2.22,0.7880776509370611,2,0.0277777777777779,0.018867924528301883,0.0,0.014354066985646119,3.738317757009346,1.3698630136986356,-0.4484304932735328,-1.7699115044247593,2.161451336220569,2.1949769977304343,2.3967682850880907,3.2840999299254303,000100.SZ
2011-10-13,2.3,0.6194158515559653,3,0.03603603603603589,0.0277777777777779,0.018867924528301883,0.0,10.047846889952151,9.004739336492884,3.603603603603589,0.0,2.1866420023622837,2.204979188422774,2.392973450378754,3.274307890821695,000100.SZ
2011-10-14,2.29,-0.47949234191025325,4,-0.004347826086956386,0.03603603603603589,0.0277777777777779,0.018867924528301883,8.018867924528305,9.047619047619037,4.090909090909078,1.3274336283185972,2.205434365569141,2.213076408572986,2.388935275854097,3.26451378245531,000100.SZ
2011-10-17,2.26,-0.39383138581178234,0,-0.013100436681222849,-0.004347826086956386,0.03603603603603589,0.0277777777777779,6.603773584905648,2.7272727272727115,6.603773584905648,-0.440528634361248,2.2153553900111156,2.217545322042225,2.383878990526485,3.2545186204408294,000100.SZ
2011-10-18,2.19,-0.07456902311906988,1,-0.030973451327433565,-0.013100436681222849,-0.004347826086956386,0.03603603603603589,1.388888888888884,0.0,2.8169014084507005,-2.2321428571428714,2.2107453191000035,2.214921958038204,2.37627589285878,3.2439263953618167,000100.SZ
2011-10-19,2.17,-0.17758122743682314,2,-0.0091324200913242,-0.030973451327433565,-0.013100436681222849,-0.004347826086956386,-2.2522522522522626,1.4018691588784993,-0.91324200913242,-2.6905829596412634,2.203337079263639,2.2106436763202795,2.3681866421584354,3.233240560582097,000100.SZ
2011-10-20,2.13,0.05614327729248059,3,-0.018433179723502335,-0.0091324200913242,-0.030973451327433565,-0.013100436681222849,-7.391304347826089,1.9138755980861344,0.9478672985782088,-4.054054054054069,2.190003064852068,2.2029633261945385,2.3588459895247715,3.2222630425663548,000100.SZ
2011-10-21,2.14,-0.27926018287614296,4,0.0046948356807512415,-0.018433179723502335,-0.0091324200913242,-0.030973451327433565,-6.550218340611346,0.9433962264151052,1.904761904761898,-2.7272727272727337,2.1809115985153285,2.196966818937916,2.3502637938571334,3.2114942560731574,000100.SZ
2011-10-24,2.17,0.5969667262556946,0,0.014018691588784993,0.0046948356807512415,-0.018433179723502335,-0.0091324200913242,-3.9823008849557473,2.3584905660377187,-1.363636363636378,2.3584905660377187,2.1789276715125414,2.194398550467638,2.343194625470579,3.2011311291470563,000100.SZ
2011-10-25,2.22,0.7296789802477159,1,0.023041474654378113,0.014018691588784993,0.0046948356807512415,-0.018433179723502335,1.3698630136986356,2.77777777777779,1.3698630136986356,4.225352112676073,2.18639536760117,2.1968367837564347,2.338363463687419,3.191368630349573,000100.SZ
2011-10-26,2.24,0.44346555323590797,2,0.009009009009008917,0.023041474654378113,0.014018691588784993,0.0046948356807512415,3.2258064516129226,0.9009009009008917,4.672897196261694,2.2831050228310668,2.1961416644009573,2.2009475662558216,2.334506072954579,3.181902275818732,000100.SZ
2011-10-27,2.21,-0.38494692082959703,3,-0.013392857142857206,0.009009009009008917,0.023041474654378113,0.014018691588784993,3.7558685446009488,-3.913043478260869,5.741626794258381,4.739336492891,2.198661361782601,2.201809702802886,2.329623481858321,3.1722316064076,000100.SZ
2011-10-28,2.25,0.18198278700089365,4,0.018099547511312153,-0.013392857142857206,0.009009009009008917,0.023041474654378113,5.1401869158878455,-1.7467248908296984,6.132075471698117,7.14285714285714,2.20799565964031,2.2063992549168967,2.3265009923736812,3.163055172512997,000100.SZ
2011-10-31,2.22,-0.33691435392420166,0,-0.013333333333333197,0.018099547511312153,-0.013392857142857206,0.009009009009008917,2.3041474654378113,-1.7699115044247593,4.716981132075482,0.9090909090909038,2.2101782669784353,2.20769456397243,2.3223244828688308,3.153671538955654,000100.SZ
2011-11-01,2.23,0.1739873987398739,1,0.0045045045045044585,-0.013333333333333197,0.018099547511312153,-0.013392857142857206,0.45045045045044585,1.82648401826484,3.240740740740744,1.82648401826484,2.2137822184369016,2.209818891213151,2.3187039149131903,3.144480777374006,000100.SZ
2011-11-02,2.25,0.15686575174423067,2,0.008968609865470878,0.0045045045045044585,-0.013333333333333197,0.018099547511312153,0.44642857142855874,3.686635944700467,1.3513513513513375,5.1401869158878455,2.220367269630192,2.2136456634785655,2.316009643740124,3.1355804711314788,000100.SZ
2011-11-03,2.24,0.46473148209512427,3,-0.004444444444444362,0.008968609865470878,0.0045045045045044585,-0.013333333333333197,1.3574660633484337,5.164319248826299,-2.608695652173898,7.177033492822993,2.2239368569701568,2.2161556002901306,2.313028873397374,3.126669222662509,000100.SZ
2011-11-04,2.24,-0.39407878861003853,4,0.0,-0.004444444444444362,0.008968609865470878,0.0045045045045044585,-0.4444444444444362,4.672897196261694,-2.183406113537112,5.660377358490565,2.226857428430128,2.2184264955005943,2.310164996009242,3.1178466433325336,000100.SZ
2011-11-07,2.21,-0.16599875544492848,0,-0.013392857142857206,0.0,-0.004444444444444362,0.008968609865470878,-0.45045045045045695,1.8433179723502224,-2.212389380530966,4.245283018867907,2.223792441442832,2.217623972119585,2.3062369569500563,3.1088133433988765,000100.SZ
2011-11-08,2.18,0.6960842834119261,1,-0.013574660633484115,-0.013392857142857206,0.0,-0.004444444444444362,-2.2421524663677084,-1.8018018018018056,-0.45662100456620447,0.92592592592593,2.215830179362317,2.2140407366796246,2.301286488050054,3.0995714195839623,000100.SZ
2011-11-09,2.17,0.026289394499287466,2,-0.004587155963302836,-0.013574660633484115,-0.013392857142857206,0.0,-3.5555555555555562,-3.125000000000011,0.0,-2.2522522522522626,2.2074974194782593,2.2098463808053745,2.296137998322601,3.0903219527224306,000100.SZ
2011-11-10,2.13,-0.2697906486291858,3,-0.018433179723502335,-0.004587155963302836,-0.013574660633484115,-0.013392857142857206,-4.910714285714302,-3.6199095022624417,0.0,-7.391304347826089,2.1934069795731213,2.202241963585815,2.2896227827021067,3.0807665104067845,000100.SZ
2011-11-11,2.14,-0.4228890767352306,4,0.0046948356807512415,-0.018433179723502335,-0.004587155963302836,-0.013574660633484115,-4.464285714285721,-4.8888888888888875,0.0,-6.550218340611346,2.1836966196507355,2.196314157530023,2.2837552225961417,3.0714056496067172,000100.SZ
2011-11-14,2.16,0.17177964032874926,0,0.009345794392523477,0.0046948356807512415,-0.018433179723502335,-0.004587155963302836,-2.262443438914019,-2.7027027027027084,-0.4608294930875445,-4.424778761061932,2.1793881433506015,2.1928556663366874,2.2789020766119794,3.0623369366753073,000100.SZ
2011-11-15,2.15,-0.17295138888888895,1,-0.004629629629629761,0.009345794392523477,0.0046948356807512415,-0.018433179723502335,-1.3761467889908396,-3.58744394618834,-3.1531531531531654,-1.82648401826484,2.174044844559583,2.188774174304622,2.2738470932154313,3.0532589572059017,000100.SZ
2011-11-16,2.17,1.7208111171753644,2,0.009302325581395321,-0.004629629629629761,0.009345794392523477,0.0046948356807512415,0.0,-3.5555555555555562,-3.125000000000011,0.0,2.1733094182760224,2.186986157704182,2.2697746581873752,3.0444703108655444,000100.SZ
2011-11-17,2.14,-0.5873285293255359,3,-0.013824884792626668,0.009302325581395321,-0.004629629629629761,0.009345794392523477,0.46948356807512415,-4.464285714285721,-3.1674208144796268,0.46948356807512415,2.1672531604076544,2.182511285541879,2.2646854559055174,3.035470606279818,000100.SZ
2011-11-18,2.11,0.012526174095124132,4,-0.014018691588785215,-0.013824884792626668,0.009302325581395321,-0.004629629629629761,-1.4018691588785215,-5.803571428571441,-6.2222222222222285,-1.4018691588785215,2.1568434948789896,2.1756054488236045,2.258619359595497,3.0262619435307654,000100.SZ
2011-11-21,2.11,-0.5362457993278925,0,0.0,-0.014018691588785215,-0.013824884792626668,0.009302325581395321,-2.314814814814825,-4.52488687782806,-4.954954954954971,-2.7649769585253448,2.1483264958100823,2.169357310840404,2.2527911494152812,3.017144909266778,000100.SZ
2011-11-22,2.1,0.20910973084886142,1,-0.004739336492890933,0.0,-0.014018691588785215,-0.013824884792626668,-2.3255813953488302,-3.669724770642202,-5.829596412556048,-5.405405405405405,2.1395398602082487,2.1627518526651275,2.2467993396342902,3.008019089274074,000100.SZ
2011-11-23,2.08,-0.12368282402528974,2,-0.00952380952380949,-0.004739336492890933,0.0,-0.014018691588785215,-4.147465437788012,-4.147465437788012,-7.555555555555548,-7.142857142857151,2.128714431079476,2.154870723839877,2.2402581890603965,2.9987850684852773,000100.SZ
2011-11-24,2.07,0.3844130467458289,3,-0.004807692307692402,-0.00952380952380949,-0.004739336492890933,0.0,-3.2710280373831946,-2.8169014084507116,-7.589285714285731,-6.334841628959287,2.1180390799741167,2.146787797759889,2.2335813973325376,2.9895434260127867,000100.SZ
2011-11-25,2.06,-0.30796373703924873,4,-0.004830917874396046,-0.004807692307692402,-0.00952380952380949,-0.004739336492890933,-2.369668246445489,-3.738317757009346,-8.03571428571429,-8.444444444444443,2.107486519978823,2.138522293211328,2.2267742837116535,2.9802942376942516,000100.SZ
2011-11-28,2.06,-0.040241606526513984,0,0.0,-0.004830917874396046,-0.004807692307692402,-0.00952380952380949,-2.369668246445489,-4.629629629629628,-6.7873303167420795,-7.207207207207212,2.0988526072554006,2.131043979572154,2.220234115722961,2.971137081100279,000100.SZ
2011-11-29,2.07,-0.1207192480588476,1,0.004854368932038833,0.0,-0.004830917874396046,-0.004807692307692402,-1.4285714285714457,-3.7209302325581395,-5.045871559633042,-7.174887892376692,2.0936066786635092,2.125230267231949,2.214342581773041,2.9621705429798784,000100.SZ
2011-11-30,2.0,1.7392638036809815,2,-0.033816425120772875,0.004854368932038833,0.0,-0.004830917874396046,-3.8461538461538547,-7.834101382488479,-7.834101382488479,-11.111111111111116,2.0765872825428713,2.113303575114621,2.205936990330961,2.9525967067313226,000100.SZ
2011-12-01,2.03,-0.1954596355492212,3,0.014999999999999902,-0.033816425120772875,0.004854368932038833,0.0,-1.9323671497584516,-5.140186915887868,-4.694835680751175,-9.375000000000021,2.0681168675350765,2.1053699012941807,2.1990375005140606,2.9434166399976776,000100.SZ
2011-12-02,2.01,-0.317347842591421,4,-0.009852216748768461,0.014999999999999902,-0.033816425120772875,0.004854368932038833,-2.4271844660194275,-4.739336492891,-6.074766355140204,-10.267857142857162,2.0575501643468805,2.096287053551878,2.1916242651997835,2.9341289122365066,000100.SZ
2011-12-05,1.97,-0.042384924312635075,0,-0.01990049751243772,-0.009852216748768461,0.014999999999999902,-0.033816425120772875,-4.368932038834961,-6.635071090047385,-8.796296296296301,-10.859728506787325,2.041631952647448,2.0842597151183657,2.18293311754489,2.9245355897266907,000100.SZ
2011-12-06,1.98,-0.10607135944254464,1,0.0050761421319796,-0.01990049751243772,-0.009852216748768461,0.014999999999999902,-4.347826086956519,-5.714285714285716,-7.906976744186045,-9.174311926605515,2.0304261430751844,2.074330218440426,2.1749749560725413,2.9151372256498083,000100.SZ
2011-12-07,1.99,-0.24756405629736566,2,0.005050505050504972,0.0050761421319796,-0.01990049751243772,-0.009852216748768461,-0.5000000000000004,-4.326923076923084,-8.294930875576034,-8.294930875576034,2.0230759352433325,2.0662987690651473,2.1677210362265593,2.9059318801209546,000100.SZ
2011-12-08,1.98,0.15290167865707427,3,-0.005025125628140725,0.005050505050504972,0.0050761421319796,-0.01990049751243772,-2.463054187192115,-4.347826086956519,-7.476635514018692,-7.042253521126762,2.015243947017272,2.0580798386779904,2.160359426962773,2.896718627582438,000100.SZ
2011-12-09,1.96,-0.19502454447125384,4,-0.010101010101010055,-0.005025125628140725,0.005050505050504972,0.0050761421319796,-2.487562189054715,-4.8543689320388435,-7.109004739336489,-8.41121495327104,2.0051995930141313,2.048738901661039,2.15250219453286,2.8873980442234086,000100.SZ
2011-12-12,1.94,0.19069767441860463,0,-0.010204081632653073,-0.010101010101010055,-0.005025125628140725,0.005050505050504972,-1.5228426395939132,-5.82524271844661,-8.056872037914687,-10.185185185185198,1.9933451215570164,2.038382815788559,2.144168775139415,2.8779711980122307,000100.SZ
2011-12-13,1.86,0.890798611111111,1,-0.04123711340206182,-0.010204081632653073,-0.010101010101010055,-0.005025125628140725,-6.060606060606055,-10.144927536231874,-11.428571428571432,-13.488372093023248,1.969100554001195,2.0213939761896484,2.1330249016045357,2.867842131365343,000100.SZ
2011-12-14,1.81,-0.2851436966302451,2,-0.026881720430107503,-0.04123711340206182,-0.010204081632653073,-0.010101010101010055,-9.045226130653262,-9.499999999999996,-12.98076923076923,-16.589861751152068,1.9401731805464322,2.001261216552539,2.1203572584043577,2.8573163390134493,000100.SZ
2011-12-15,1.74,0.39168967953246403,3,-0.03867403314917128,-0.026881720430107503,-0.04123711340206182,-0.010204081632653073,-12.121212121212121,-14.28571428571428,-15.942028985507239,-18.691588785046733,1.9037780568107172,1.9763791959284875,2.10544128748654,2.846198763500878,000100.SZ
2011-12-16,1.8,-0.1658052607291185,4,0.034482758620689724,-0.03867403314917128,-0.026881720430107503,-0.04123711340206182,-8.163265306122447,-10.447761194029837,-12.621359223300976,-14.691943127962082,1.8849093192087687,1.9595811772686316,2.0934631977811855,2.8357888255555954,000100.SZ
2011-12-19,1.81,0.08231454334236865,0,0.005555555555555536,0.034482758620689724,-0.03867403314917128,-0.026881720430107503,-6.70103092783505,-8.121827411167503,-12.135922330097081,-14.218009478672977,1.8712894429889924,1.9453353508620952,2.0823469939466293,2.8255819715699677,000100.SZ
2011-12-20,1.8,-0.2500894454382827,1,-0.0055248618784530246,0.005555555555555536,0.034482758620689724,-0.03867403314917128,-3.2258064516129115,-9.090909090909083,-13.043478260869556,-14.28571428571429,1.8583277260819027,1.931493888875229,2.0712745628114675,2.8153771758329533,000100.SZ
2011-12-21,1.78,-0.1365185387131952,2,-0.011111111111111072,-0.0055248618784530246,0.005555555555555536,0.034482758620689724,-1.6574585635359185,-10.552763819095478,-10.999999999999998,-14.423076923076927,1.8440863213397385,1.9170658994585406,2.059852030936508,2.8050749153769043,000100.SZ
2011-12-22,1.76,0.42797379430104976,3,-0.011235955056179803,-0.011111111111111072,-0.0055248618784530246,0.005555555555555536,1.1494252873563315,-11.111111111111105,-13.300492610837434,-14.975845410628008,1.8287978992779679,1.902107242367251,2.048093127762527,2.79467616000002,000100.SZ
2011-12-23,1.78,-0.29650102260792666,4,0.011363636363636465,-0.011235955056179803,-0.011111111111111072,-0.0055248618784530246,-1.1111111111111072,-9.183673469387754,-11.442786069651733,-13.592233009708742,1.819925553954701,1.8904779811894175,2.0375796717718395,2.784579879801015,000100.SZ
2011-12-26,1.79,0.2428694900605013,0,0.00561797752808979,0.011363636363636465,-0.011235955056179803,-0.011111111111111072,-1.104972375690605,-7.731958762886593,-9.137055837563446,-13.10679611650486,1.8144845441447552,1.8809086496475682,2.027870665035689,2.7746835625890647,000100.SZ
2011-12-27,1.77,-0.34859021368061704,1,-0.011173184357541888,0.00561797752808979,0.011363636363636465,-0.011235955056179803,-1.6666666666666718,-4.838709677419361,-10.606060606060607,-14.492753623188403,1.806396445209345,1.8703459211097047,2.01775808993625,2.7646867112200195,000100.SZ
2011-12-28,1.82,1.4370147515527951,2,0.02824858757062154,-0.011173184357541888,0.00561797752808979,0.011363636363636465,2.2471910112359605,0.5524861878453136,-8.542713567839188,-8.999999999999996,1.8088698188076457,1.865551071480209,2.010002870723064,2.755286843446686,000100.SZ
2011-12-29,1.83,-0.2962844968340568,3,0.005494505494505475,0.02824858757062154,-0.011173184357541888,0.00561797752808979,3.9772727272727293,5.1724137931034475,-7.575757575757569,-9.85221674876846,1.8127116699335282,1.8621652551487606,2.002943934616277,2.746080009183535,000100.SZ
2011-12-30,1.84,-0.3393695885914776,4,0.005464480874316946,0.005494505494505475,0.02824858757062154,-0.011173184357541888,3.370786516853941,2.2222222222222143,-6.122448979591832,-8.457711442786053,1.8176731844910683,1.8600542784679261,1.996553976396031,2.7370642876991216,000100.SZ
2012-01-04,1.81,0.2557820798355319,2,-0.016304347826086918,0.005464480874316946,0.005494505494505475,0.02824858757062154,1.1173184357541999,0.0,-6.70103092783505,-8.121827411167503,1.8162780600381467,1.8552872043281237,1.989238134184422,2.7278397674235086,000100.SZ
2012-01-05,1.86,1.2282401091405188,3,0.027624309392265234,-0.016304347826086918,0.005464480874316946,0.005494505494505475,5.084745762711873,3.3333333333333437,0.0,-6.060606060606055,1.8242275036675744,1.8557360420111595,1.984169972059543,2.7192045458571057,000100.SZ
2012-01-06,1.87,-0.4417130961856365,4,0.005376344086021501,0.027624309392265234,-0.016304347826086918,0.005464480874316946,2.7472527472527597,5.0561797752809,3.314917127071837,-6.030150753768837,1.8325497757280154,1.8570945142005728,1.9796927182532864,2.7107547493809157,000100.SZ
2012-01-11,2.06,0.04398170058368822,2,0.0,0.10160427807486627,0.0,0.005376344086021501,13.812154696132595,15.083798882681565,13.812154696132595,6.185567010309279,1.9122981115745477,1.894908894601202,1.9818969220720606,2.689668770478503,000100.SZ
2012-01-12,2.02,-0.6025466670696202,3,-0.01941747572815533,0.0,0.10160427807486627,0.0,8.602150537634401,14.124293785310726,12.222222222222223,8.602150537634401,1.9318802731064482,1.9068223332106113,1.983391160422176,2.683005399627971,000100.SZ
2012-01-13,2.0,-0.30090738581639387,4,-0.00990099009900991,-0.01941747572815533,0.0,0.10160427807486627,6.951871657753994,9.890109890109876,12.35955056179776,10.497237569060779,1.9442656779961847,1.9156963967143625,1.9840424874644436,2.6762093259998316,000100.SZ
2012-01-16,1.98,-0.4153433398593286,0,-0.010000000000000009,-0.00990099009900991,-0.01941747572815533,0.0,5.882352941176472,8.196721311475397,12.5,13.793103448275868,1.9507628274514235,1.9218205494082328,1.9838839585442694,2.6692818700197343,000100.SZ
2012-01-17,2.08,1.1912439538633266,1,0.05050505050505061,-0.010000000000000009,-0.00990099009900991,-0.01941747572815533,0.9708737864077666,13.043478260869556,16.85393258426966,15.555555555555568,1.9742604951875282,1.9368852589884011,1.987653215071945,2.663418368825508,000100.SZ
2012-01-18,2.03,-0.22634140819560788,2,-0.024038461538461675,0.05050505050505061,-0.010000000000000009,-0.00990099009900991,-1.456310679611661,12.154696132596676,13.407821229050265,12.154696132596676,1.9843949506079777,1.9457533295609344,1.9893138733044178,2.6571156984889357,000100.SZ
2012-01-19,2.05,-0.3249689077474578,3,0.009852216748768461,-0.024038461538461675,0.05050505050505061,-0.010000000000000009,1.4851485148514865,10.215053763440851,15.81920903954801,13.888888888888884,1.9963231414065272,1.9556815838884645,1.991693721410127,2.651074746265165,000100.SZ
2012-01-20,2.06,0.046873306600195175,4,0.004878048780487809,0.009852216748768461,-0.024038461538461675,0.05050505050505061,3.0000000000000027,10.160427807486627,13.186813186813184,15.73033707865168,2.0079007520598857,1.9656166711371823,1.9943723990018867,2.645193405506308,000100.SZ
2012-01-30,2.04,-0.22951498524768366,0,-0.009708737864077666,0.004878048780487809,0.009852216748768461,-0.024038461538461675,3.0303030303030276,9.090909090909083,11.475409836065564,15.909090909090917,2.013736978958088,1.9727007976955457,1.9961617166880874,2.639171580575897,000100.SZ
2012-01-31,2.03,-0.22559623782331206,1,-0.004901960784313819,-0.009708737864077666,0.004878048780487809,0.009852216748768461,-2.4038461538461675,-1.456310679611661,10.32608695652173,14.044943820224699,2.016693891874799,1.9781578645816842,1.9974887081905153,2.6331101718139474,000100.SZ
2012-02-01,2.04,0.13464040947341016,2,0.0049261083743843415,-0.004901960784313819,-0.009708737864077666,0.004878048780487809,0.49261083743843415,-0.9708737864077666,12.70718232044199,13.966480446927365,2.020931366079381,1.984047591764381,1.9991558176732402,2.627208578064555,000100.SZ
2012-02-02,2.06,0.13380227846165615,3,0.009803921568627416,0.0049261083743843415,-0.004901960784313819,-0.009708737864077666,0.4878048780487809,1.980198019801982,10.752688172043001,16.384180790960446,2.028034754064948,1.9912811544534876,2.0015418640389955,2.6215647116161516,000100.SZ
2012-02-03,2.06,0.37123204531660936,4,0.0,0.009803921568627416,0.0049261083743843415,-0.004901960784313819,0.0,3.0000000000000027,10.160427807486627,13.186813186813184,2.0338466169622302,1.9978258064102985,2.003834339959035,2.6159770030428566,000100.SZ
2012-02-06,2.05,-0.2384184125110651,0,-0.004854368932038944,0.0,0.009803921568627416,0.0049261083743843415,0.4901960784313708,3.535353535353525,9.625668449197855,12.021857923497258,2.0367835956963702,2.002794777228365,2.0056447579998573,2.610345391072281,000100.SZ
2012-02-07,2.03,0.20967325326100994,1,-0.009756097560975618,-0.004854368932038944,0.0,0.009803921568627416,0.0,-2.4038461538461675,-1.456310679611661,10.32608695652173,2.0355502146606663,2.0053857508256634,2.006599865529275,2.6045708100665865,000100.SZ
2012-02-08,2.07,0.2308759942347729,2,0.019704433497536922,-0.009756097560975618,-0.004854368932038944,0.0,1.4705882352941124,1.9704433497536922,0.4854368932038833,14.364640883977886,2.0418138119950906,2.011539488842267,2.0090861453124407,2.5992516975286106,000100.SZ
2012-02-09,2.1,0.836542631624599,3,0.01449275362318847,0.019704433497536922,-0.009756097560975618,-0.004854368932038944,1.9417475728155331,2.4390243902439046,3.960396039603964,12.903225806451601,2.0523931189050737,2.0199642994287177,2.0126513945158746,2.5942840189462366,000100.SZ
2012-02-10,2.09,-0.36189104304909436,4,-0.004761904761904856,0.01449275362318847,0.019704433497536922,-0.009756097560975618,1.4563106796116498,1.4563106796116498,4.499999999999993,11.76470588235292,2.059230733649606,2.0266343661497923,2.015684673162311,2.5892662675139357,000100.SZ
2012-02-13,2.09,-0.015505884094441758,0,0.0,-0.004761904761904856,0.01449275362318847,0.019704433497536922,1.9512195121951237,2.450980392156854,5.555555555555558,11.76470588235292,2.0648251457133138,2.0326691884212407,2.0185989997049654,2.584298443956583,000100.SZ
2012-02-14,2.07,-0.36804119836108706,1,-0.009569377990430672,0.0,-0.004761904761904856,0.01449275362318847,1.9704433497536922,1.9704433497536922,-0.48076923076924016,0.4854368932038833,2.0657660283108927,2.0362245038096938,2.0206147252067317,2.579181046504279,000100.SZ
2012-02-15,2.12,1.5859505115393766,2,0.024154589371980784,-0.009569377990430672,0.0,-0.004761904761904856,2.4154589371980784,3.9215686274509887,4.4334975369458185,2.9126213592232997,2.075626750436185,2.0442031224944848,2.0245121869633307,2.5746120808674204,000100.SZ
2012-02-16,2.1,-0.27105232892466924,3,-0.009433962264150941,0.024154589371980784,-0.009569377990430672,0.0,0.0,1.9417475728155331,2.4390243902439046,3.960396039603964,2.0800582503568785,2.0495171108283436,2.0274724933569255,2.569889572600083,000100.SZ
2012-02-17,2.08,-0.3778044239689502,4,-0.00952380952380949,-0.009433962264150941,0.024154589371980784,-0.009569377990430672,-0.4784688995215225,0.9708737864077666,0.9708737864077666,4.0000000000000036,2.0800476593829007,2.052420243130406,2.0295323955782227,2.5650150494896344,000100.SZ
2012-02-20,2.17,4.341413936504717,0,0.043269230769230616,-0.00952380952380949,-0.009433962264150941,0.024154589371980784,3.8277511961722466,5.853658536585371,6.372549019607843,9.595959595959602,2.0964026304041914,2.063618315213225,2.035040929084959,2.5610845514847624,000100.SZ
2012-02-21,2.28,0.027942879930119124,1,0.05069124423963123,0.043269230769230616,-0.00952380952380949,-0.009433962264150941,10.144927536231885,12.315270935960587,12.315270935960587,9.615384615384603,2.1297839703307018,2.0842260947167275,2.044647167160059,2.5582876902759586,000100.SZ
2012-02-22,2.34,0.06715004849212569,2,0.026315789473684292,0.05069124423963123,0.043269230769230616,-0.00952380952380949,10.377358490566024,13.043478260869556,14.705882352941169,15.270935960591148,2.1680050666342106,2.1085855142675154,2.056229631192998,2.5561156734572923,000100.SZ
2012-02-23,2.33,-0.3867745704764789,3,-0.004273504273504147,0.026315789473684292,0.05069124423963123,0.043269230769230616,10.952380952380958,10.952380952380958,13.10679611650485,13.658536585365866,2.1974586908825358,2.1296726081468,2.06696572408739,2.5538657662587125,000100.SZ
2012-02-24,2.34,-0.2895030275656678,4,0.0042918454935620964,-0.004273504273504147,0.026315789473684292,0.05069124423963123,12.5,11.961722488038284,13.592233009708732,13.592233009708732,2.2233752925402563,2.149703788323295,2.077672950593767,2.551737748683999,000100.SZ
2012-02-29,2.31,-0.5022138321606315,2,-0.03347280334728031,0.021367521367521514,0.0,0.0042918454935620964,-1.2820512820512775,8.962264150943389,11.594202898550732,13.235294117647056,2.27810712867156,2.2005116384957866,2.1080479224763184,2.54567395572586,000100.SZ
2012-03-01,2.32,-0.3402399503550989,3,0.0043290043290042934,-0.03347280334728031,0.021367521367521514,0.0,-0.42918454935623185,10.47619047619046,10.47619047619046,12.621359223300965,2.2857240143676396,2.2118914824485687,2.1163597686537177,2.5434284437285877,000100.SZ
2012-03-02,2.42,1.0873438888017972,4,0.0431034482758621,0.0043290043290042934,-0.03347280334728031,0.021367521367521514,3.418803418803429,16.346153846153832,15.789473684210531,17.475728155339798,2.3101378299371595,2.2317113412629905,2.128267228706513,2.5422003000098954,000100.SZ
2012-03-05,2.47,0.5132993703921593,0,0.02066115702479343,0.0431034482758621,0.0043290043290042934,-0.03347280334728031,5.55555555555558,13.824884792626735,18.18181818181821,20.4878048780488,2.339203679039494,2.2544054992379436,2.141668513855277,2.5414818890645234,000100.SZ
2012-03-06,2.43,-0.4770841777020488,1,-0.01619433198380571,0.02066115702479343,0.0431034482758621,0.0043290043290042934,1.673640167364021,6.578947368421062,17.391304347826097,19.704433497536968,2.355712101032313,2.271128785024806,2.152975630958992,2.5403726165365184,000100.SZ
2012-03-07,2.42,-0.17795001581777914,2,-0.004115226337448652,-0.01619433198380571,0.02066115702479343,0.0431034482758621,4.761904761904767,3.418803418803429,14.1509433962264,16.90821256038648,2.367400809935529,2.2853069959748242,2.1634471748429527,2.5391748790585433,000100.SZ
2012-03-08,2.42,-0.03804117760246306,3,0.0,-0.004115226337448652,-0.01619433198380571,0.02066115702479343,4.31034482758621,3.862660944205998,15.238095238095228,15.238095238095228,2.3769642990381596,2.2981349011200787,2.1735080699471507,2.5379890593664185,000100.SZ
2012-03-09,2.41,-0.15616186266077248,4,-0.004132231404958553,0.0,-0.004115226337448652,-0.01619433198380571,-0.4132231404958553,2.991452991453003,15.865384615384626,15.311004784689008,2.3829707901221306,2.3087887200610235,2.1827822632825566,2.536715536387648,000100.SZ
2012-03-12,2.4,0.22514578296117205,0,-0.004149377593361092,-0.004132231404958553,0.0,-0.004115226337448652,-2.8340080971660075,2.564102564102577,10.599078341013835,14.832535885167463,2.386067010099925,2.3174755086266403,2.191300605898927,2.535355182791751,000100.SZ
2012-03-13,2.39,-0.23624332482006039,1,-0.004166666666666541,-0.004149377593361092,-0.004132231404958553,0.0,-1.6460905349794275,0.0,4.824561403508776,15.458937198067657,2.386782099172666,2.324382603043151,2.19909273900093,2.5339088625649677,000100.SZ
2012-03-14,2.27,0.9540457009677257,2,-0.05020920502092052,-0.004166666666666541,-0.004149377593361092,-0.004132231404958553,-6.198347107438018,-1.7316017316017285,-2.991452991452981,7.0754716981132,2.365548990232181,2.319203307515232,2.2018734159028543,2.5312829037334756,000100.SZ
2012-03-15,2.2,-0.31385640573547335,3,-0.03083700440528625,-0.05020920502092052,-0.004166666666666541,-0.004149377593361092,-9.090909090909083,-5.172413793103436,-5.579399141630892,4.761904761904767,2.33544917382633,2.3078506115614004,2.2017999486125466,2.527986556432645,000100.SZ
2012-03-16,2.24,-0.3120264525271611,4,0.0181818181818183,-0.03083700440528625,-0.05020920502092052,-0.004166666666666541,-7.05394190871369,-7.438016528925607,-4.273504273504258,7.692307692307709,2.318094778585179,2.3013886485555526,2.2032979898434273,2.5251210185576936,000100.SZ
2012-03-19,2.22,-0.2584109197769906,0,-0.008928571428571397,0.0181818181818183,-0.03083700440528625,-0.05020920502092052,-7.499999999999984,-10.121457489878537,-5.12820512820511,2.3041474654378113,2.3002593642969646,2.2936373486931187,2.203952970633881,2.522084988522294,000100.SZ
2012-03-20,2.19,-0.005925487000962737,1,-0.013513513513513598,-0.008928571428571397,0.0181818181818183,-0.03083700440528625,-8.368200836820094,-9.876543209876553,-8.368200836820094,-3.9473684210526216,2.280212207152062,2.28376712500806,2.2034057953149055,2.518780660278291,000100.SZ
2012-03-21,2.21,0.13132404440801726,2,0.009132420091324311,-0.013513513513513598,-0.008928571428571397,0.0181818181818183,-2.643171806167399,-8.677685950413217,-4.329004329004338,-5.5555555555555465,2.267446351306232,2.276741684531102,2.2036643915770666,2.515708215897413,000100.SZ
2012-03-22,2.26,0.4798630091876048,3,0.02262443438914019,0.009132420091324311,-0.013513513513513598,-0.008928571428571397,2.7272727272727115,-6.611570247933896,-2.5862068965517238,-3.0042918454935785,2.2660924692505535,2.2751472383852827,2.2058736311230644,2.513163855540225,000100.SZ
2012-03-23,2.22,-0.470504461603507,4,-0.017699115044247593,0.02262443438914019,0.009132420091324311,-0.013513513513513598,-0.8928571428571397,-7.883817427385886,-8.264462809917351,-5.12820512820511,2.2577120202959073,2.269895120443827,2.2064276063731403,2.5102468022512676,000100.SZ
2012-03-26,2.2,-0.3635637739020803,0,-0.009009009009009028,-0.017699115044247593,0.02262443438914019,0.009132420091324311,-0.9009009009009028,-8.333333333333325,-10.93117408906883,-5.982905982905972,2.2472189256966515,2.26323844230632,2.2061755433781154,2.507159769393046,000100.SZ
2012-03-27,2.19,-0.05262810353935554,1,-0.00454545454545463,-0.009009009009009028,-0.017699115044247593,0.02262443438914019,0.0,-8.368200836820094,-9.876543209876553,-8.368200836820094,2.2368154846608963,2.256263352562861,2.2055412083436794,2.50400395079212,000100.SZ
2012-03-28,2.08,1.3993169303687183,2,-0.05022831050228305,-0.00454545454545463,-0.009009009009009028,-0.017699115044247593,-5.88235294117646,-8.370044052863435,-14.049586776859503,-9.956709956709952,2.2083035783589153,2.2394763666044932,2.200618023702751,2.499785006008119,000100.SZ
2012-03-29,2.03,-0.3108096330941522,3,-0.024038461538461675,-0.05022831050228305,-0.00454545454545463,-0.009009009009009028,-10.176991150442483,-7.727272727272738,-16.115702479338843,-12.5,2.1758847459300212,2.2195262364516846,2.193927120812447,2.4951105283363963,000100.SZ
2012-03-30,2.04,-0.4350868319001855,4,0.0049261083743843415,-0.024038461538461675,-0.05022831050228305,-0.00454545454545463,-8.108108108108114,-8.92857142857143,-15.352697095435685,-15.702479338842966,2.151178428488199,2.2024284996467625,2.187890763133528,2.490582065367875,000100.SZ
2012-04-05,2.09,0.6862408595731979,3,0.02450980392156854,0.0049261083743843415,-0.024038461538461675,-0.05022831050228305,-5.000000000000016,-5.855855855855873,-12.916666666666664,-15.384615384615397,2.140055077853981,2.191721023489928,2.184051909677311,2.486596174170185,000100.SZ
2012-04-06,2.11,-0.15429886278153904,4,0.009569377990430672,0.02450980392156854,0.0049261083743843415,-0.024038461538461675,-3.65296803652968,-3.65296803652968,-11.715481171548126,-13.168724279835399,2.134590518244166,2.1839380688718397,2.181147913219377,2.4828489485565517,000100.SZ
2012-04-09,2.07,-0.3060380912515698,0,-0.018957345971563955,0.009569377990430672,0.02450980392156854,0.0049261083743843415,-0.48076923076924016,-6.334841628959287,-8.810572687224683,-14.46280991735538,2.1228467876543173,2.173086824217379,2.1767891715245,2.4787409988196707,000100.SZ
2012-04-10,2.23,4.573475081052552,1,0.07729468599033829,-0.018957345971563955,0.009569377990430672,0.02450980392156854,9.852216748768484,-1.327433628318575,1.3636363636363447,-7.851239669421483,2.142329189898987,2.1785071266728666,2.1788758706804017,2.476265964005545,000100.SZ
2012-04-11,2.26,-0.3692590738761651,2,0.013452914798206095,0.07729468599033829,-0.018957345971563955,0.009569377990430672,10.784313725490179,1.8018018018017834,0.8928571428571175,-6.224066390041505,2.1637238826446255,2.186268352704022,2.182057209085092,2.4741140638661863,000100.SZ
2012-04-12,2.25,-0.1928364611260054,3,-0.004424778761061843,0.013452914798206095,0.07729468599033829,-0.018957345971563955,7.655502392344515,2.2727272727272707,1.3513513513513375,-6.25,2.1794104494365114,2.1923380333988773,2.1847216322582255,2.471884073180951,000100.SZ
2012-04-17,2.15,-0.4555660012166123,1,-0.0182648401826484,-0.026666666666666727,0.0,-0.004424778761061843,-3.58744394618834,5.911330049261099,-4.867256637168138,-2.272727272727282,2.1842300658446407,2.192599780918141,2.1859219705358273,2.4637402545976257,000100.SZ
2012-04-18,2.19,0.14042661249365151,2,0.018604651162790642,-0.0182648401826484,-0.026666666666666727,0.0,-3.0973451327433565,7.352941176470584,-1.3513513513513598,-2.2321428571428714,2.185279144781979,2.1923521827354606,2.1860818932599124,2.461016470969789,000100.SZ
2012-04-19,2.17,-0.3510131373858829,3,-0.0091324200913242,0.018604651162790642,-0.0182648401826484,-0.026666666666666727,-3.5555555555555562,3.8277511961722466,-1.363636363636378,-2.2522522522522626,2.1825011184579823,2.1902234034273214,2.1854512307791314,2.4581207846914825,000100.SZ
2012-04-20,2.19,0.3064571467782886,4,0.009216589861751112,-0.0091324200913242,0.018604651162790642,-0.0182648401826484,-2.6666666666666727,3.791469194312791,0.0,0.0,2.183864551465622,2.1902021269104335,2.1856296138858324,2.45545291618709,000100.SZ
2012-04-23,2.17,0.38305583276432587,0,-0.0091324200913242,0.009216589861751112,-0.0091324200913242,0.018604651162790642,-0.91324200913242,4.8309178743961345,4.3269230769230616,-1.8099547511312264,2.1813437239264175,2.1882781148237256,2.185016687851094,2.4526125886628405,000100.SZ
2012-04-24,2.12,0.03812851283609309,1,-0.02304147465437778,-0.0091324200913242,0.009216589861751112,-0.0091324200913242,-1.3953488372092981,-4.932735426008961,4.4334975369458185,-6.194690265486713,2.1701903195761596,2.181775437221466,2.1824670138177176,2.4493030106661955,000100.SZ
2012-04-25,2.14,0.24041556921275964,2,0.009433962264151052,-0.02304147465437778,-0.0091324200913242,0.009216589861751112,-2.2831050228310446,-5.309734513274322,4.90196078431373,-3.603603603603611,2.1647011705623123,2.177796824152755,2.180801640726827,2.4462253687690194,000100.SZ
2012-04-26,2.12,-0.44384805945499584,3,-0.009345794392523366,0.009433962264151052,-0.02304147465437778,-0.0091324200913242,-2.304147465437778,-5.777777777777771,1.435406698564612,-3.6363636363636376,2.156573685005528,2.1722923647096355,2.1784172626591083,2.4429793451991784,000100.SZ
2012-04-27,2.1,-0.17000742390497403,4,-0.009433962264150941,-0.009345794392523366,0.009433962264151052,-0.02304147465437778,-4.109589041095885,-6.666666666666665,-0.4739336492890933,-4.109589041095885,2.1462875604590685,2.1654073775944322,2.175342075888163,2.4395666153962017,000100.SZ
2012-05-02,2.14,0.4372604140045999,2,0.01904761904761898,-0.009433962264150941,-0.009345794392523366,0.009433962264151052,-1.3824884792626668,-2.2831050228310446,3.3816425120773097,2.8846153846153966,2.145144367648329,2.1629876273473436,2.173956112127843,2.436585853053951,000100.SZ
2012-05-03,2.12,-0.38068990042674256,3,-0.009345794392523366,0.01904761904761898,-0.009433962264150941,-0.009345794392523366,0.0,-1.3953488372092981,-4.932735426008961,4.4334975369458185,2.1405726644395418,2.1588935675999776,2.1718401861620453,2.4334357450633646,000100.SZ
2012-05-04,2.19,2.6670973298880276,4,0.03301886792452824,-0.009345794392523366,0.01904761904761898,-0.009433962264150941,2.3364485981308247,0.0,-3.0973451327433565,7.352941176470584,2.1495594527232615,2.1618560849714084,2.172552335724318,2.431013498843829,000100.SZ
2012-05-07,2.2,-0.3923468389117244,0,0.004566210045662267,0.03301886792452824,-0.009345794392523366,0.01904761904761898,3.7735849056603765,1.382488479262678,-2.2222222222222143,5.2631578947368585,2.158730461319032,2.1654888387836553,2.1736287147155218,2.4287148570642882,000100.SZ
2012-05-08,2.21,-0.08619745530681266,1,0.004545454545454408,0.004566210045662267,0.03301886792452824,-0.009345794392523366,5.238095238095242,0.9132420091324311,-1.7777777777777781,4.739336492891,2.1680521956246626,2.1697279969947356,2.1750550396286386,2.4265385898298177,000100.SZ
2012-05-09,2.16,-0.12841481899256235,2,-0.02262443438914019,0.004545454545454408,0.004566210045662267,0.03301886792452824,0.9345794392523477,-0.4608294930875445,-1.3698630136986245,4.347826086956541,2.1665881600565418,2.168801521090475,2.1744646459177117,2.4238864645578793,000100.SZ
2012-05-10,2.18,-0.4291029685351452,3,0.0092592592592593,-0.02262443438914019,0.004545454545454408,0.004566210045662267,2.8301886792452935,2.8301886792452935,1.3953488372093092,-2.2421524663677084,2.1690266764098975,2.169868042891382,2.1746817186268212,2.4214597335672536,000100.SZ
2012-05-11,2.14,0.79356758288467,4,-0.01834862385321101,0.0092592592592593,-0.02262443438914019,0.004545454545454408,-2.2831050228310446,0.0,-2.2831050228310446,-5.309734513274322,2.163749098880825,2.167023467377917,2.173321651229691,2.4186591392034007,000100.SZ
2012-05-14,2.12,-0.20321510387866348,0,-0.009345794392523366,-0.01834862385321101,0.0092592592592593,-0.02262443438914019,-3.6363636363636376,0.0,-2.304147465437778,-5.777777777777771,2.1557947172661294,2.162545041913354,2.1712306060834288,2.4156874064750085,000100.SZ
2012-05-15,2.19,1.5296187974024686,1,0.03301886792452824,-0.009345794392523366,-0.01834862385321101,0.0092592592592593,-0.9049773755656076,4.2857142857142705,0.0,-2.6666666666666727,2.1620138595813785,2.165159799826368,2.1719666607468238,2.4134417606394365,000100.SZ
2012-05-16,2.18,-0.1235743680188125,2,-0.004566210045662045,0.03301886792452824,-0.009345794392523366,-0.01834862385321101,0.92592592592593,1.869158878504673,0.4608294930875667,-0.45662100456620447,2.1652840669302185,2.1665731522238567,2.172281693658713,2.411118957050985,000100.SZ
2012-05-17,2.2,-0.1873937930417673,3,0.00917431192660545,-0.004566210045662045,0.03301886792452824,-0.009345794392523366,0.917431192660545,3.7735849056603765,3.7735849056603765,2.3255813953488413,2.1715960547610877,2.1697566615358705,2.173368686064254,2.409018270911174,000100.SZ
2012-05-18,2.16,-0.44993533830448784,4,-0.018181818181818188,0.00917431192660545,-0.004566210045662045,0.03301886792452824,0.9345794392523477,-1.3698630136986245,0.9345794392523477,-1.3698630136986245,2.1694876811681625,2.1688274556753115,2.172844423865656,2.4065404771707644,000100.SZ
2012-05-21,2.18,0.08919013556100253,0,0.0092592592592593,-0.018181818181818188,0.00917431192660545,-0.004566210045662045,2.8301886792452935,-0.909090909090915,2.8301886792452935,0.4608294930875667,2.1713990118648603,2.169891507515758,2.1731250346944537,2.404286343069563,000100.SZ
2012-05-22,2.18,0.008955635161201458,1,0.0,0.0092592592592593,-0.018181818181818188,0.00917431192660545,-0.45662100456620447,-1.3574660633484115,3.809523809523818,-0.45662100456620447,2.172962827889431,2.170854221085686,2.1733946411770244,2.4020546381633983,000100.SZ
2012-05-23,2.16,-0.2503982884974282,2,-0.00917431192660556,0.0,0.0092592592592593,-0.018181818181818188,-0.9174311926605561,0.0,0.9345794392523477,-0.4608294930875445,2.1706059500913524,2.169820485744192,2.172869361130867,2.3996461343010758,000100.SZ
2012-05-24,2.15,-0.19893126062667,3,-0.004629629629629761,-0.00917431192660556,0.0,0.0092592592592593,-2.272727272727282,-1.3761467889908396,1.4150943396226356,1.4150943396226356,2.1668594137111064,2.1679328204352215,2.1719725234394605,2.397162093163752,000100.SZ
2012-05-25,2.13,-0.07155852031534249,4,-0.009302325581395321,-0.004629629629629761,-0.00917431192660556,0.0,-1.388888888888895,-0.4672897196261738,-2.73972602739726,-0.4672897196261738,2.1601577021272687,2.1643201708699626,2.1703265421281093,2.3945037638785407,000100.SZ
2012-05-28,2.14,0.6431254082299149,0,0.0046948356807512415,-0.009302325581395321,-0.004629629629629761,-0.00917431192660556,-1.834862385321101,0.9433962264151052,-2.7272727272727337,0.9433962264151052,2.156492665376856,2.1620039641204425,2.169137265966223,2.3919713881185554,000100.SZ
2012-05-29,2.18,0.6491925465838508,1,0.01869158878504673,0.0046948356807512415,-0.009302325581395321,-0.004629629629629761,0.0,-0.45662100456620447,-1.3574660633484115,3.809523809523818,2.1607667262174273,2.163717872299448,2.169563255536175,2.3898622200775748,000100.SZ
2012-05-30,2.17,-0.5213317264236215,2,-0.004587155963302836,0.01869158878504673,0.0046948356807512415,-0.009302325581395321,0.4629629629629539,-0.4587155963302836,0.4629629629629539,1.4018691588784993,2.162445503268804,2.164316170175691,2.1695803827700506,2.3876745362957084,000100.SZ
2012-05-31,2.18,0.24680556429785372,3,0.004608294930875667,-0.004587155963302836,0.01869158878504673,0.0046948356807512415,1.3953488372093092,-0.909090909090915,0.0,2.8301886792452935,2.165637229947203,2.1658098682541964,2.1699889952104408,2.385608122999234,000100.SZ
2012-06-01,2.16,-0.1688711631663975,4,-0.00917431192660556,0.004608294930875667,-0.004587155963302836,0.01869158878504673,1.4084507042253724,0.0,0.9345794392523477,-1.3698630136986245,2.164612279047711,2.1652565474680823,2.1695972699080706,2.383363266053968,000100.SZ
2012-06-04,2.1,0.32096215756544977,0,-0.02777777777777779,-0.00917431192660556,0.004608294930875667,-0.004587155963302836,-1.869158878504673,-3.669724770642202,-0.9433962264150941,-4.545454545454552,2.152864591948127,2.159041638185408,2.1668679652057934,2.3805437310683564,000100.SZ
2012-06-05,2.11,-0.4638800754127006,1,0.004761904761904745,-0.02777777777777779,-0.00917431192660556,0.004608294930875667,-3.2110091743119407,-3.2110091743119407,-3.65296803652968,-4.52488687782806,2.1450710297757403,2.1543710059772736,2.164637848923213,2.377851753644791,000100.SZ
2012-06-06,2.11,-0.20979500814821173,2,0.0,0.004761904761904745,-0.02777777777777779,-0.00917431192660556,-2.7649769585253448,-2.314814814814825,-3.2110091743119407,-2.314814814814825,2.1386944789074236,2.1501451958841997,2.162495188181126,2.3751865620662365,000100.SZ
2012-06-07,2.1,0.35515033105394544,3,-0.004739336492890933,0.0,0.004761904761904745,-0.02777777777777779,-3.669724770642202,-2.3255813953488302,-4.545454545454552,-3.669724770642202,2.1316591191060734,2.1453694629428472,2.160044396487749,2.372448387319309,000100.SZ
2012-06-08,2.11,-0.08217861433720453,4,0.004761904761904745,-0.004739336492890933,0.0,0.004761904761904745,-2.314814814814825,-0.9389671361502372,-2.314814814814825,-1.4018691588785215,2.1277210974504235,2.142000942662576,2.158081871135288,2.3698369605798137,000100.SZ
2012-06-11,2.12,0.3146871454751723,0,0.004739336492891155,0.004761904761904745,-0.004739336492890933,0.0,0.952380952380949,-0.9345794392523366,-2.752293577981657,0.0,2.1263172615503465,2.13990561478995,2.1565884644241002,2.367351020673547,000100.SZ
2012-06-12,2.09,-0.013408562894125509,1,-0.014150943396226578,0.004739336492891155,0.004761904761904745,-0.004739336492890933,-0.9478672985781977,-4.128440366972486,-4.128440366972486,-4.5662100456621,2.119714123086647,2.1351526990956686,2.1539771520937436,2.3645913090250543,000100.SZ
2012-06-13,2.11,-0.17459463096279348,2,0.009569377990430672,-0.014150943396226578,0.004739336492891155,0.004761904761904745,0.0,-2.7649769585253448,-2.314814814814825,-3.2110091743119407,2.117947918889075,2.1327572039437,2.1522525578939886,2.362058062169084,000100.SZ
2012-06-14,2.09,-0.13514835343984355,3,-0.009478672985781977,0.009569377990430672,-0.014150943396226578,0.004739336492891155,-0.4761904761904856,-4.128440366972486,-2.7906976744186074,-5.000000000000016,2.1128664790910614,2.128685089282395,2.1498112811138324,2.3593510167743665,000100.SZ
2012-06-15,2.1,-0.08661639962299716,4,0.004784688995215447,-0.009478672985781977,0.009569377990430672,-0.014150943396226578,-0.4739336492890933,-2.777777777777779,-1.4084507042253391,-2.777777777777779,2.110527119256323,2.125953176017405,2.147857897540741,2.3567704096422837,000100.SZ
2012-06-18,2.11,0.27747394489732735,0,0.004761904761904745,0.004784688995215447,-0.009478672985781977,0.009569377990430672,-0.4716981132075526,0.4761904761904745,-1.4018691588785215,-3.2110091743119407,2.1104312793915367,2.124433825920509,2.146373274107771,2.3543149826806693,000100.SZ
2012-06-19,2.08,-0.2357835218093699,1,-0.01421800947867291,0.004761904761904745,0.004784688995215447,-0.009478672985781977,-0.4784688995215225,-1.421800947867291,-4.587155963302758,-4.587155963302758,2.1048983195021664,2.1202020329756985,2.1437704006133482,2.3515854803654386,000100.SZ
2012-06-20,2.09,-0.2698446253038791,2,0.004807692307692291,-0.01421800947867291,0.004761904761904745,0.004784688995215447,-0.9478672985781977,-0.9478672985781977,-3.686635944700467,-3.240740740740755,2.102189534138136,2.1173256488827747,2.1416617574520407,2.3489826397647877,000100.SZ
2012-06-21,2.06,0.7342211928199189,3,-0.014354066985645786,0.004807692307692291,-0.01421800947867291,0.004761904761904745,-1.4354066985645786,-1.904761904761909,-5.5045871559633035,-4.1860465116279055,2.094518709749384,2.1118660632748916,2.1384593355911763,2.3461071906128996,000100.SZ
2012-06-25,2.03,0.013355592654424209,0,-0.01456310679611661,-0.014354066985645786,0.004807692307692291,-0.01421800947867291,-3.3333333333333437,-3.791469194312802,-6.018518518518534,-4.694835680751175,2.0827880352494956,2.1040692953439493,2.134206028313091,2.3429618454326717,000100.SZ
2012-06-26,2.02,-0.013756177924217461,1,-0.004926108374384119,-0.01456310679611661,-0.014354066985645786,0.004807692307692291,-4.265402843601884,-4.716981132075471,-3.809523809523818,-5.607476635514019,2.0713720288404964,2.0960626957873827,2.1297273605361067,2.3397482947318493,000100.SZ
2012-06-27,2.03,-0.052200785099807856,2,0.004950495049504955,-0.004926108374384119,-0.01456310679611661,-0.014354066985645786,-2.4038461538461675,-2.8708133971291905,-3.791469194312802,-6.880733944954143,2.063849841778588,2.0897710104742986,2.1258164836523377,2.3366662221474526,000100.SZ
2012-06-28,2.01,-0.04502996122664782,3,-0.009852216748768461,0.004950495049504955,-0.004926108374384119,-0.01456310679611661,-3.8277511961722577,-4.739336492891,-4.739336492891,-7.3732718894009235,2.0540589614552083,2.082173771381508,2.1212746607640107,2.333415811976831,000100.SZ
2012-06-29,2.03,0.2432407492848574,4,0.00995024875621886,-0.009852216748768461,0.004950495049504955,-0.004926108374384119,-1.456310679611661,-2.8708133971291905,-3.3333333333333437,-6.880733944954143,2.0496846048269886,2.0772048407737453,2.117695262302677,2.3303967491710913,000100.SZ
2012-07-02,2.02,0.07169895346248056,0,-0.004926108374384119,0.00995024875621886,-0.009852216748768461,0.004950495049504955,-0.49261083743841194,-3.809523809523818,-4.265402843601884,-6.481481481481488,2.044287403949354,2.0717567607000555,2.113864075545709,2.3273082243037173,000100.SZ
2012-07-03,2.02,-0.14246138929288732,1,0.0,-0.004926108374384119,0.00995024875621886,-0.009852216748768461,0.0,-4.265402843601884,-4.716981132075471,-3.809523809523818,2.0398715123221987,2.0668275453952885,2.1101831314066617,2.3242504310270635,000100.SZ
2012-07-04,1.99,0.1975448231303505,2,-0.014851485148514865,0.0,-0.004926108374384119,0.00995024875621886,-1.970443349753681,-4.326923076923084,-4.784688995215303,-5.687203791469186,2.0308039646272533,2.059510636310023,2.10547006742993,2.320924556091471,000100.SZ
2012-07-05,1.96,-0.1972619368761802,3,-0.015075376884422176,-0.014851485148514865,0.0,-0.004926108374384119,-2.487562189054715,-6.2200956937799035,-7.109004739336489,-7.109004739336489,2.017930516513207,2.0500334328519254,2.099765358903266,2.317333266976133,000100.SZ
2012-07-06,1.99,-0.021087120893892308,4,0.015306122448979664,-0.015075376884422176,-0.014851485148514865,0.0,-1.970443349753681,-3.398058252427183,-4.784688995215303,-5.238095238095242,2.012852240783533,2.044315963056504,2.0954608350247064,2.3140762195435345,000100.SZ
2012-07-09,1.93,0.06719876416065906,0,-0.03015075376884424,0.015306122448979664,-0.015075376884422176,-0.014851485148514865,-4.455445544554459,-4.92610837438423,-8.0952380952381,-8.530805687203792,1.9977881970047089,2.033428728479694,2.088972174827659,2.3102545656177282,000100.SZ
2012-07-10,1.94,-0.3784479292320063,1,0.005181347150259086,-0.03015075376884424,0.015306122448979664,-0.015075376884422176,-3.960396039603964,-3.960396039603964,-8.056872037914687,-8.490566037735858,1.9872812520947618,2.024530754338771,2.0831301287559865,2.3065704405867065,000100.SZ
2012-07-11,1.95,-0.049294863501099795,2,0.005154639175257714,0.005181347150259086,-0.03015075376884424,0.015306122448979664,-2.010050251256279,-3.9408866995073843,-6.25,-6.698564593301426,1.9805028426229867,2.017432587258888,2.077909339393007,2.303022476003754,000100.SZ
2012-07-12,1.96,0.6737887860642351,3,0.00512820512820511,0.005154639175257714,0.005181347150259086,-0.03015075376884424,0.0,-2.487562189054715,-6.2200956937799035,-7.109004739336489,1.9767750530551709,2.011962817043756,2.073285443730536,2.2996093170385428,000100.SZ
2012-07-13,1.94,-0.42084722335149194,4,-0.010204081632653073,0.00512820512820511,0.005154639175257714,0.005181347150259086,-2.5125628140703515,-4.433497536945808,-5.82524271844661,-7.177033492822959,1.9700886797724124,2.005109215420541,2.068058563584241,2.2960311148789554,000100.SZ
2012-07-16,1.87,1.1608872666011507,0,-0.036082474226803996,-0.010204081632653073,0.00512820512820511,0.005154639175257714,-3.1088082901554293,-7.425742574257422,-7.881773399014769,-10.952380952380947,1.95189073799561,1.9922416710947752,2.0602915610907413,2.2917919993080202,000100.SZ
2012-07-17,1.89,-0.32283004158004147,1,0.010695187165775222,-0.036082474226803996,-0.010204081632653073,0.00512820512820511,-2.577319587628868,-6.435643564356441,-6.435643564356441,-10.426540284360186,1.9406378765418628,1.982504369085749,2.0536134606558103,2.287794068966647,000100.SZ
2012-07-18,1.87,0.18420800153506667,2,-0.01058201058201047,0.010695187165775222,-0.036082474226803996,-0.010204081632653073,-4.102564102564099,-6.030150753768837,-7.881773399014769,-10.096153846153843,1.927794626261524,1.9717896672680586,2.046412932786955,2.2836369140515558,000100.SZ
2012-07-19,1.89,0.5109778822004374,3,0.010695187165775222,-0.01058201058201047,0.010695187165775222,-0.036082474226803996,-3.57142857142857,-3.57142857142857,-5.970149253731338,-9.569377990430617,1.9209228760321557,1.964000175147291,2.040279092285506,2.2797201288371127,000100.SZ
2012-07-20,1.92,0.10246648793565694,4,0.015873015873015817,0.010695187165775222,-0.01058201058201047,0.010695187165775222,-1.0309278350515427,-3.5175879396984966,-5.418719211822653,-6.796116504854377,1.9207550803899456,1.9598096822761204,2.0355622651370546,2.2761408240725642,000100.SZ
2012-07-23,1.89,-0.5039638149895433,0,-0.015625,0.015873015873015817,0.010695187165775222,-0.01058201058201047,1.0695187165775222,-2.0725388601036343,-6.435643564356441,-6.896551724137923,1.9151632475917735,1.953161141106966,2.029853941014033,2.272298626818111,000100.SZ
2012-07-24,1.9,-0.17109520541229517,1,0.005291005291005346,-0.015625,0.015873015873015817,0.010695187165775222,0.5291005291005346,-2.0618556701030966,-5.940594059405946,-5.940594059405946,1.9124062934841781,1.948098175287255,2.024761629601718,2.268594162869672,000100.SZ
2012-07-25,1.87,-0.2224982256919802,2,-0.015789473684210464,0.005291005291005346,-0.015625,0.015873015873015817,0.0,-4.102564102564099,-6.030150753768837,-7.881773399014769,1.9046960583052366,1.940660253831326,2.0186925460879253,2.264628051796342,000100.SZ
2012-07-26,1.87,0.026776205689943655,3,0.0,-0.015789473684210464,0.005291005291005346,-0.015625,-1.058201058201047,-4.5918367346938656,-4.5918367346938656,-6.965174129353214,1.8983876840679208,1.9339307058473902,2.0128614658491832,2.260701404514786,000100.SZ
2012-07-27,1.88,-0.2469995554897021,4,0.0053475935828875,0.0,-0.015789473684210464,0.005291005291005346,-2.083333333333337,-3.0927835051546393,-5.527638190954775,-7.389162561576345,1.895044468782844,1.928794448147639,2.0076512122864703,2.2569133308380223,000100.SZ
2012-07-30,1.86,0.28591105863833133,0,-0.010638297872340274,0.0053475935828875,0.0,-0.015789473684210464,-1.5873015873015817,-0.5347593582887722,-3.626943005181338,-7.920792079207917,1.8886727471859632,1.9222425959431018,2.001860968667393,2.252963944461525,000100.SZ
2012-07-31,1.85,0.17169089517980107,1,-0.005376344086021501,-0.010638297872340274,0.0053475935828875,0.0,-2.631578947368407,-2.116402116402105,-4.639175257731953,-8.415841584158413,1.881641338606697,1.9153623487104254,1.9959056365627896,2.2489543529743456,000100.SZ
2012-08-01,1.87,-0.14496539114535711,2,0.010810810810810922,-0.005376344086021501,-0.010638297872340274,0.0053475935828875,0.0,0.0,-4.102564102564099,-6.030150753768837,1.8795247315872976,1.9110421250237182,1.9909681606191507,2.245183662894999,000100.SZ
2012-08-02,1.85,-0.051779440965327606,3,-0.010695187165775444,0.010810810810810922,-0.005376344086021501,-0.010638297872340274,-1.0695187165775444,-2.116402116402105,-5.612244897959173,-5.612244897959173,1.8741565985714252,1.9052285893071736,1.9854399974576153,2.2412514871448,000100.SZ
2012-08-03,1.87,0.004993556701030855,4,0.010810810810810922,-0.010695187165775444,0.010810810810810922,-0.005376344086021501,-0.5319148936170137,-2.604166666666663,-3.6082474226803996,-6.030150753768837,1.8734008533766207,1.9018734855636332,1.9809129387337874,2.237557442496593,000100.SZ
2012-08-06,1.89,1.0591440936047443,0,0.010695187165775222,0.010810810810810922,-0.010695187165775444,0.010810810810810922,1.6129032258064502,0.0,1.0695187165775222,-2.0725388601036343,1.8764188800354167,1.9007426774147158,1.9773477254501095,2.234099159486677,000100.SZ
2012-08-07,1.9,-0.011131003347084834,1,0.005291005291005346,0.010695187165775222,0.010810810810810922,-0.010695187165775444,2.7027027027026973,0.0,0.5291005291005346,-2.0618556701030966,1.8807063563926136,1.900671946232362,1.974314481314811,2.2307747897405408,000100.SZ
2012-08-08,1.92,0.612484256926952,2,0.010526315789473717,0.005291005291005346,0.010695187165775222,0.010810810810810922,2.6737967914438387,2.6737967914438387,2.6737967914438387,-1.538461538461544,1.8878506552303203,1.9025127132578514,1.9721845016554067,2.2276825032754606,000100.SZ
2012-08-09,1.93,-0.4679521601171589,3,0.005208333333333259,0.010526315789473717,0.005291005291005346,0.010695187165775222,4.324324324324325,3.208556149732611,2.1164021164021163,-1.5306122448979553,1.8955141724611708,1.905130550090437,1.9705302074728417,2.224720488317496,000100.SZ
2012-08-10,1.9,0.05550967978713661,4,-0.015544041450777257,0.005208333333333259,0.010526315789473717,0.005291005291005346,1.6042780748662944,1.0638297872340496,-1.041666666666663,-2.0618556701030966,1.8963297774682306,1.9046419262723002,1.9677643169837107,2.221489438682496,000100.SZ
2012-08-13,1.87,-0.17845966620305975,0,-0.015789473684210464,-0.015544041450777257,0.005208333333333259,0.010526315789473717,-1.058201058201047,0.5376344086021501,-1.058201058201047,0.0,1.8915425452012795,1.9013426951987478,1.9639304222000358,2.2179920313324213,000100.SZ
2012-08-14,1.89,0.21341656967516665,1,0.010695187165775222,-0.015789473684210464,-0.015544041450777257,0.005208333333333259,-0.5263157894736858,2.1621621621621623,-0.5263157894736858,0.0,1.8912620824374105,1.9002624385131528,1.9610311899568973,2.214728429030606,000100.SZ
2012-08-15,1.9,-0.11257411928845495,2,0.005291005291005346,0.010695187165775222,-0.015789473684210464,-0.015544041450777257,-1.041666666666663,1.6042780748662944,1.6042780748662944,1.6042780748662944,1.8928507947215176,1.900237444369043,1.9586378099585877,2.2115968028710977,000100.SZ
2012-08-16,1.89,-0.10012773901935734,3,-0.0052631578947368585,0.005291005291005346,0.010695187165775222,-0.015789473684210464,-2.0725388601036343,2.1621621621621623,1.0695187165775222,0.0,1.8923324684085143,1.8992624496672295,1.9559461311366824,2.2083968346833256,000100.SZ
2012-08-17,1.9,-0.11410788381742742,4,0.005291005291005346,-0.0052631578947368585,0.005291005291005346,0.010695187165775222,0.0,1.6042780748662944,1.0638297872340496,-1.041666666666663,1.8937265650615116,1.8993326925560647,1.9537521652097536,2.2053282094625963,000100.SZ
2012-08-20,1.88,-0.2552693208430913,0,-0.010526315789473717,0.005291005291005346,-0.0052631578947368585,0.005291005291005346,0.53475935828875,-0.5291005291005346,1.0752688172043001,-0.5291005291005346,1.8912308259594184,1.8974914837412016,1.9508599234368222,2.2020911128510283,000100.SZ
2012-08-21,1.89,0.054783184376034244,1,0.005319148936170137,-0.010526315789473717,0.005291005291005346,-0.0052631578947368585,0.0,-0.5263157894736858,2.1621621621621623,-0.5263157894736858,1.8910070394213423,1.8967780090991824,1.9484732597726333,2.1989857286435557,000100.SZ
2012-08-22,1.88,-0.05523301427898941,2,-0.005291005291005346,0.005319148936170137,-0.010526315789473717,0.005291005291005346,-1.0526315789473717,-2.083333333333337,0.53475935828875,0.53475935828875,1.8890057595265526,1.895180103470689,1.9457880338991969,2.1958117412938685,000100.SZ
2012-08-23,1.89,0.05248297624979226,3,0.005319148936170137,-0.005291005291005346,0.005319148936170137,-0.010526315789473717,0.0,-2.0725388601036343,2.1621621621621623,1.0695187165775222,1.8891865305217248,1.8946867602830042,1.9436002678639344,2.192768838395422,000100.SZ
2012-08-24,1.87,0.012782073536373728,4,-0.01058201058201047,0.005319148936170137,-0.005291005291005346,0.005319148936170137,-1.5789473684210464,-1.5789473684210464,0.0,-0.5319148936170137,1.8856980704268658,1.8923356402560514,1.9407139828496625,2.1895572081626318,000100.SZ
2012-08-27,1.84,0.23387348083515103,0,-0.016042780748663166,-0.01058201058201047,0.005319148936170137,-0.005291005291005346,-2.127659574468077,-1.6042780748663166,-2.64550264550264,-1.0752688172043001,1.8773893303492537,1.8873512935649988,1.9367644148947738,2.186079026986884,000100.SZ
2012-08-28,1.85,-0.26556383381740123,1,0.005434782608695565,-0.016042780748663166,-0.01058201058201047,0.005319148936170137,-2.116402116402105,-2.116402116402105,-2.631578947368407,0.0,1.8724094521039347,1.8837940275111893,1.9333618888204689,2.182734957066617,000100.SZ
2012-08-29,1.84,-0.03266850068775784,2,-0.005405405405405461,0.005434782608695565,-0.016042780748663166,-0.01058201058201047,-2.127659574468077,-3.157894736842093,-4.1666666666666625,-1.6042780748663166,1.8665168244486736,1.879623167748219,1.9297006382784898,2.1793246589863524,000100.SZ
2012-08-30,1.85,0.7321365090650551,3,0.005434782608695565,-0.005405405405405461,0.005434782608695565,-0.016042780748663166,-2.116402116402105,-2.116402116402105,-4.145077720207246,0.0,1.8635137654580056,1.87680191367696,1.9265751230518824,2.1760477967078815,000100.SZ
2012-08-31,1.85,-0.2349923037455106,4,0.0,0.005434782608695565,-0.005405405405405461,0.005434782608695565,-1.0695187165775444,-2.631578947368407,-2.631578947368407,-1.0695187165775444,1.8610567171929135,1.8742493504696305,1.9235721770498477,2.172803540024221,000100.SZ
2012-09-03,1.84,0.6603621730382294,0,-0.005405405405405461,0.0,0.005434782608695565,-0.005405405405405461,0.0,-2.127659574468077,-1.6042780748663166,-2.64550264550264,1.857228223157838,1.8709875075677609,1.9202948367733832,2.16949206201403,000100.SZ
2012-09-04,1.82,-0.36169009533042495,1,-0.010869565217391353,-0.005405405405405461,0.0,0.005434782608695565,-1.6216216216216273,-3.703703703703698,-3.703703703703698,-4.210526315789465,1.8504594553109581,1.8661315544660695,1.916361705919525,2.1660145290586668,000100.SZ
2012-09-05,1.81,0.31578281230224015,2,-0.005494505494505475,-0.010869565217391353,-0.005405405405405461,0.0,-1.6304347826086918,-3.7234042553191404,-4.73684210526315,-5.7291666666666625,1.8431031907089657,1.8607856921359676,1.9121906586285633,2.162472095933705,000100.SZ
2012-09-06,1.82,-0.1518853405155829,3,0.005524861878453136,-0.005494505494505475,-0.010869565217391353,-0.005405405405405461,-1.6216216216216273,-3.703703703703698,-3.703703703703698,-5.699481865284972,1.8389026105800625,1.8569013405039707,1.9085753386823452,2.1590644133871013,000100.SZ
2012-09-07,1.87,2.345468980378814,4,0.027472527472527597,0.005524861878453136,-0.005494505494505475,-0.010869565217391353,1.0810810810810922,0.0,-1.5789473684210464,-1.5789473684210464,1.8445566813836876,1.858148831884545,1.9070625803026453,2.156188150567329,000100.SZ
2012-09-10,1.89,-0.5026273858358477,0,0.010695187165775222,0.027472527472527597,0.005524861878453136,-0.005494505494505475,2.717391304347827,2.717391304347827,0.5319148936170137,1.0695187165775222,1.8528191029502898,1.8611822764669692,1.9063934595064633,2.1535395122532264,000100.SZ
2012-09-11,1.88,-0.300593006611683,1,-0.005291005291005346,0.010695187165775222,0.027472527472527597,0.005524861878453136,3.296703296703285,1.621621621621605,-0.5291005291005346,-0.5291005291005346,1.857761084232055,1.8629744406129722,1.905358421878759,2.150817726061652,000100.SZ
2012-09-12,1.88,-0.14277360881005752,2,0.0,-0.005291005291005346,0.010695187165775222,0.027472527472527597,3.8674033149171283,2.1739130434782483,0.0,-1.0526315789473717,1.8618045234625904,1.864595922459356,1.904363973961945,2.148123022319745,000100.SZ
2012-09-13,1.88,0.7282855843565259,3,0.0,0.0,-0.005291005291005346,0.010695187165775222,3.296703296703285,1.621621621621605,-0.5291005291005346,-0.5291005291005346,1.8651127919239374,1.866062977463227,1.903408524002653,2.1454551315503947,000100.SZ
2012-09-14,1.98,2.5639389554006047,4,0.05319148936170226,0.0,0.0,-0.005291005291005346,5.882352941176472,7.027027027027022,5.882352941176472,4.210526315789487,1.886001375210494,1.8769141224667292,1.9064121112966668,2.1438088118334755,000100.SZ
2012-09-17,1.9,-0.4283393934919433,0,-0.04040404040404044,0.05319148936170226,0.0,0.0,0.5291005291005346,3.2608695652173836,3.2608695652173836,1.0638297872340496,1.8885465797176768,1.879112777469898,1.9061606559516995,2.1413828535067747,000100.SZ
2012-09-18,1.89,-0.5772633346248224,1,-0.0052631578947368585,-0.04040404040404044,0.05319148936170226,0.0,0.5319148936170137,3.8461538461538325,2.1621621621621623,0.0,1.8888108379508264,1.8801496558060982,1.9055269047379075,2.138881531581334,000100.SZ
2012-09-19,1.93,0.6045215000381883,2,0.021164021164021163,-0.0052631578947368585,-0.04040404040404044,0.05319148936170226,2.659574468085113,6.6298342541436295,4.891304347826075,2.659574468085113,1.8962997765052214,1.884897307634089,1.906486633963872,2.1368031083815198,000100.SZ
2012-09-20,1.87,-0.21225247524752477,3,-0.031088082901554293,0.021164021164021163,-0.0052631578947368585,-0.04040404040404044,-0.5319148936170137,2.7472527472527597,1.0810810810810922,-1.058201058201047,1.8915179989588176,1.8834785164308423,1.9050557855731318,2.134148351084191,000100.SZ
2012-09-21,1.86,-0.4150703970028401,4,-0.005347593582887722,-0.031088082901554293,0.021164021164021163,-0.0052631578947368585,-6.060606060606055,-0.5347593582887722,0.540540540540535,-0.5347593582887722,1.885787453693578,1.8812424672469525,1.9032888920212443,2.1314205067947967,000100.SZ
2012-09-24,1.85,0.04256198347107443,0,-0.005376344086021501,-0.005347593582887722,-0.031088082901554293,0.021164021164021163,-2.631578947368407,-2.116402116402105,0.5434782608695565,0.5434782608695565,1.8792806439311092,1.8782669941758143,1.901199131549823,2.1286203027470876,000100.SZ
2012-09-25,1.86,-0.3449266745937376,1,0.00540540540540535,-0.005376344086021501,-0.005347593582887722,-0.031088082901554293,-1.5873015873015817,-1.0638297872340274,2.19780219780219,0.540540540540535,1.875775072307271,1.8765272804447843,1.8995834793321829,2.1259474639137834,000100.SZ
2012-09-26,1.83,0.10376644985630001,2,-0.016129032258064502,0.00540540540540535,-0.005376344086021501,-0.005347593582887722,-5.181347150259064,-2.659574468085102,1.104972375690605,-0.5434782608695676,1.8674523318877672,1.8720961108786145,1.8968547154368032,2.123002713029069,000100.SZ
2012-09-27,1.87,0.9738248595313144,3,0.021857923497267784,-0.016129032258064502,0.00540540540540535,-0.005376344086021501,0.0,-0.5319148936170137,2.7472527472527597,1.0810810810810922,1.8679155442718094,1.8718964812711274,1.8958015893412423,2.120485273098432,000100.SZ
2012-09-28,1.9,-0.10150663056307718,4,0.016042780748662944,0.021857923497267784,-0.016129032258064502,0.00540540540540535,2.1505376344086002,-4.040404040404044,1.6042780748662944,2.7027027027026973,1.8737490816769349,1.8745730068643534,1.8959662328964877,2.11829138978402,000100.SZ
2012-10-08,1.87,-0.23452592535352756,0,-0.015789473684210464,0.016042780748662944,0.021857923497267784,-0.016129032258064502,1.0810810810810922,-1.5789473684210464,-1.058201058201047,1.6304347826086918,1.8730674304629467,1.8741374824010817,1.8949479492534882,2.1158208286916413,000100.SZ
2012-10-09,1.91,0.7950736927114879,1,0.021390374331550666,-0.015789473684210464,0.016042780748662944,0.021857923497267784,2.6881720430107503,1.0582010582010692,1.5957446808510634,4.9450549450549275,1.879782443106047,1.8775529602676453,1.8955382257533515,2.1137728602469483,000100.SZ
2012-10-10,1.95,0.9456754020920033,2,0.020942408376963373,0.021390374331550666,-0.015789473684210464,0.016042780748662944,6.557377049180313,1.0362694300518172,3.7234042553191626,7.734806629834257,1.89254927163222,1.8844526783373934,1.8976739816061612,2.1121432795479738,000100.SZ
2012-10-11,1.93,-0.4265564483496156,3,-0.01025641025641022,0.020942408376963373,0.021390374331550666,-0.015789473684210464,3.208556149732611,3.208556149732611,2.659574468085113,6.043956043956045,1.8993584949718163,1.888790518495737,1.898941668601998,2.110330908607198,000100.SZ
2012-10-12,1.93,-0.438508064516129,4,0.0,-0.01025641025641022,0.020942408376963373,0.021390374331550666,1.5789473684210575,3.7634408602150504,-2.5252525252525304,3.208556149732611,1.904929677704213,1.8927152310199526,1.900159642382312,2.1085365712081217,000100.SZ
2012-10-15,1.94,0.17863554757630173,0,0.005181347150259086,0.0,-0.01025641025641022,0.020942408376963373,3.743315508021383,4.86486486486486,2.1052631578947434,2.645502645502651,1.9113060999398106,1.8972185423513857,1.9017220093477116,2.106859590400081,000100.SZ
2012-10-16,1.92,-0.23922315308453923,1,-0.010309278350515427,0.005181347150259086,0.0,-0.01025641025641022,0.5235602094240788,3.2258064516129004,1.5873015873015817,2.127659574468077,1.912886809041663,1.899388204984587,1.90243879329486,2.105000290993115,000100.SZ
2012-10-17,1.94,0.7268995895485033,2,0.01041666666666674,-0.010309278350515427,0.005181347150259086,0.0,-0.512820512820511,6.010928961748618,0.5181347150259086,3.1914893617021267,1.917816480124997,1.9032559949860548,1.903911781793101,2.103358497052885,000100.SZ
2012-10-18,1.97,0.6891014492753624,3,0.015463917525773141,0.01041666666666674,-0.010309278350515427,0.005181347150259086,2.0725388601036343,5.3475935828877,5.3475935828877,4.78723404255319,1.9273043928295428,1.9096125668921449,1.9065034766247442,2.1020315468334534,000100.SZ
2012-10-19,1.97,-0.3528846483852146,4,0.0,0.015463917525773141,0.01041666666666674,-0.010309278350515427,2.0725388601036343,3.684210526315801,5.913978494623651,-0.5050505050505083,1.9350672304968985,1.9153637509976549,1.9089935363649502,2.1007178000987925,000100.SZ
2012-10-22,1.97,-0.23606470432246096,0,0.0,0.0,0.015463917525773141,0.01041666666666674,1.546391752577314,5.3475935828877,6.486486486486487,3.684210526315801,1.9414186431338258,1.9205672032835925,1.9113859467035796,2.0994171254709437,000100.SZ
2012-10-23,1.96,-0.036934184948625326,1,-0.005076142131979711,0.0,0.0,0.015463917525773141,2.083333333333326,2.617801047120416,5.376344086021501,3.703703703703698,1.9447970716549483,1.9243227077327743,1.9132923801661845,2.098029890391631,000100.SZ
2012-10-24,2.02,2.426470588235294,2,0.030612244897959107,-0.005076142131979711,0.0,0.0,4.123711340206193,3.589743589743599,10.382513661202175,4.663212435233155,1.9584703313540484,1.9334348308058433,1.917476992708687,2.097253473571814,000100.SZ
2012-10-25,2.01,-0.19761423882857865,3,-0.004950495049505066,0.030612244897959107,-0.005076142131979711,0.0,2.030456852791862,4.145077720207246,7.486631016042766,7.486631016042766,1.9678393620169485,1.9407267516814772,1.9211053459357974,2.0963852798049305,000100.SZ
2012-10-26,1.96,-0.4328115577230657,4,-0.02487562189054715,-0.004950495049505066,0.030612244897959107,-0.005076142131979711,-0.5076142131979711,1.5544041450777257,3.157894736842115,5.376344086021501,1.9664140234684124,1.9425622991403841,1.922630626487335,2.095028212344185,000100.SZ
2012-10-29,1.94,-0.31698409763313606,0,-0.010204081632653073,-0.02487562189054715,-0.004950495049505066,0.030612244897959107,-1.5228426395939132,0.0,3.743315508021383,4.86486486486486,1.9616114737468828,1.9423182706508237,1.9233117783897926,2.0934856430671287,000100.SZ
2012-10-30,1.93,-0.3277834179357022,1,-0.005154639175257714,-0.010204081632653073,-0.02487562189054715,-0.004950495049505066,-1.5306122448979553,0.5208333333333259,1.0471204188481575,3.7634408602150504,1.955863933065631,1.941145102017412,1.923574061590193,2.0918589202505404,000100.SZ
2012-10-31,1.98,1.4633507853403143,2,0.02590673575129543,-0.005154639175257714,-0.010204081632653073,-0.02487562189054715,-1.980198019801982,2.0618556701030855,1.538461538461533,8.196721311475397,1.9602523088718797,1.9448455684919441,1.925786843488617,2.0907458961684457,000100.SZ
2012-11-01,1.99,-0.20947437259870838,3,0.005050505050504972,0.02590673575129543,-0.005154639175257714,-0.010204081632653073,-0.995024875621886,1.0152284263959421,3.1088082901554515,6.417112299465244,1.9656609799860834,1.9491459905403303,1.9283050064890634,2.0897434494404012,000100.SZ
2012-11-02,1.99,-0.4225221033038623,4,0.0,0.005050505050504972,0.02590673575129543,-0.005154639175257714,1.5306122448979664,1.0152284263959421,3.1088082901554515,4.736842105263173,1.9700862563522499,1.9530368485841083,1.9307244179992964,2.088750977306666,000100.SZ
2012-11-05,2.03,1.0807592443370044,0,0.02010050251256268,0.0,0.005050505050504972,0.02590673575129543,4.639175257731942,3.045685279187804,4.639175257731942,8.55614973262031,1.9809796642882043,1.960366672528479,1.9346175780777555,2.0881663904677934,000100.SZ
2012-11-06,2.07,1.1290877796901895,1,0.019704433497536922,0.02010050251256268,0.0,0.005050505050504972,7.253886010362698,5.612244897959173,7.8125,8.376963350785328,1.9971651798721668,1.970807941811481,1.9399266926629415,2.087985630363636,000100.SZ
2012-11-07,2.07,-0.5028496362166532,2,0.0,0.019704433497536922,0.02010050251256268,0.0,4.545454545454541,2.4752475247524774,6.70103092783505,6.153846153846154,2.0104078744408636,1.9802548044961017,1.9450276066761594,2.0878066688674806,000100.SZ
2012-11-08,2.03,-0.2923289564616448,3,-0.019323671497584516,0.0,0.019704433497536922,0.02010050251256268,2.010050251256268,0.995024875621886,3.045685279187804,5.181347150259064,2.013970079087979,1.9849924421631397,1.9483598573947414,2.0872314781324808,000100.SZ
2012-11-09,2.06,-0.03038832720588247,4,0.014778325123152802,-0.019323671497584516,0.0,0.019704433497536922,3.5175879396984966,5.102040816326525,4.5685279187817285,6.735751295336789,2.0223391556174373,1.9921360190999837,1.9527379022027909,2.0869605181510633,000100.SZ
2012-11-12,2.11,1.1335979619645715,0,0.024271844660194164,0.014778325123152802,-0.019323671497584516,0.0,3.9408866995073843,8.762886597938135,7.106598984771573,8.762886597938135,2.038277490959721,2.0033611601380805,1.9589050432928776,2.087189766726675,000100.SZ
2012-11-13,2.05,-0.5061227889928637,1,-0.028436018957346043,0.024271844660194164,0.014778325123152802,-0.019323671497584516,-0.9661835748792313,6.217616580310881,4.591836734693877,6.770833333333326,2.0404088562397718,2.007802954410644,1.962477394536294,2.086819719296559,000100.SZ
2012-11-14,2.05,-0.40391319014955585,2,0.0,-0.028436018957346043,0.024271844660194164,0.014778325123152802,-0.9661835748792313,3.535353535353525,1.4851485148514865,5.670103092783507,2.042152700559813,2.0118217206572497,1.9659096535740865,2.086453353930424,000100.SZ
2012-11-15,2.05,1.1478966232786267,3,0.0,0.0,-0.028436018957346043,0.024271844660194164,0.9852216748768461,3.015075376884413,1.990049751243772,4.060913705583746,2.0435794822762103,2.015457747261321,1.96920731421824,2.086090633990818,000100.SZ
2012-11-16,2.06,-0.3565782539961355,4,0.004878048780487809,0.0,0.0,-0.028436018957346043,0.0,3.5175879396984966,5.102040816326525,4.5685279187817285,2.046565030953263,2.0196998665697663,1.9727678116998777,2.085831025692402,000100.SZ
2012-11-19,2.05,-0.4568659568659569,0,-0.004854368932038944,0.004878048780487809,0.0,0.0,-2.8436018957346043,0.9852216748768461,5.670103092783507,4.060913705583746,2.0471895707799423,2.0225855935631216,1.9757965249665492,2.085474498073572,000100.SZ
2012-11-20,2.08,1.4381754209600404,1,0.014634146341463428,-0.004854368932038944,0.004878048780487809,0.0,1.4634146341463428,0.48309178743961567,7.772020725388606,6.1224489795918435,2.053155103365407,2.028053632271396,1.9798829357521748,2.0854200254559245,000100.SZ
2012-11-21,2.13,0.878163170643715,2,0.024038461538461453,0.014634146341463428,-0.004854368932038944,0.004878048780487809,3.9024390243902474,2.898550724637694,7.575757575757569,5.44554455445545,2.067126902753515,2.0377628101503107,1.985769879448168,2.085863607292184,000100.SZ
2012-11-22,2.12,-0.6589100488447396,3,-0.004694835680751019,0.024038461538461453,0.014634146341463428,-0.004854368932038944,3.4146341463414887,4.4334975369458185,6.5326633165829096,5.472636815920406,2.076740193161967,2.045594923469329,1.9910338057443184,2.0862032728912667,000100.SZ
2012-11-23,2.12,-0.2715205148833467,4,0.0,-0.004694835680751019,0.024038461538461453,0.014634146341463428,2.9126213592232997,2.9126213592232997,6.5326633165829096,8.163265306122458,2.0846056125870636,2.052681121234155,1.9960913035582668,2.086539558733145,000100.SZ
2012-11-26,2.07,0.838210933186085,0,-0.02358490566037752,0.0,-0.004694835680751019,0.024038461538461453,0.9756097560975618,-1.8957345971563955,1.9704433497536922,6.70103092783505,2.0819500466621426,2.0543305382594736,1.9989896838108838,2.0863749860094316,000100.SZ
2012-11-27,2.04,-0.13217182337038147,1,-0.01449275362318836,-0.02358490566037752,0.0,-0.004694835680751019,-1.9230769230769273,-0.4878048780487698,-1.449275362318836,5.699481865284972,2.074322765450844,2.0529657250919047,2.0005979315045748,2.0859135433625715,000100.SZ
2012-11-28,2.03,-0.035237106265143425,2,-0.004901960784313819,-0.01449275362318836,-0.02358490566037752,0.0,-4.694835680751175,-0.9756097560975618,-1.9323671497584516,2.525252525252508,2.0662640808234176,2.0507785131783898,2.001750953798513,2.0853571896972722,000100.SZ
2012-11-29,2.05,-0.2997990815154995,3,0.009852216748768461,-0.004901960784313819,-0.01449275362318836,-0.02358490566037752,-3.301886792452846,0.0,0.9852216748768461,3.015075376884413,2.0633069752191595,2.050704369066162,2.003643073257395,2.085005376864464,000100.SZ
2012-11-30,2.11,1.187435949989752,4,0.029268292682926855,0.009852216748768461,-0.004901960784313819,-0.01449275362318836,-0.4716981132075526,2.4271844660194164,2.4271844660194164,6.030150753768848,2.071796616088403,2.056351572012242,2.007813933129654,2.0852540795822305,000100.SZ
2012-12-03,2.1,0.12265167486530815,0,-0.004739336492890933,0.029268292682926855,0.009852216748768461,-0.004901960784313819,1.449275362318847,2.4390243902439046,-0.4739336492890933,3.4482758620689724,2.0769245040723296,2.060508565153933,2.0114290730069224,2.085400805158527,000100.SZ
2012-12-04,2.12,-0.4737720652672871,1,0.00952380952380949,-0.004739336492890933,0.029268292682926855,0.009852216748768461,3.9215686274509887,1.9230769230769162,3.4146341463414887,2.4154589371980784,2.084756412422815,2.0661744160916538,2.0156867564184155,2.0857450757539646,000100.SZ
2012-12-05,2.17,2.141554321966693,2,0.023584905660377187,0.00952380952380949,-0.004739336492890933,0.029268292682926855,6.896551724137945,1.8779342723004744,5.853658536585371,4.8309178743961345,2.100255246527758,2.0760625669400676,2.021738256166713,2.086583433209149,000100.SZ
2012-12-06,2.17,-0.4505111700113593,3,0.0,0.023584905660377187,0.00952380952380949,-0.004739336492890933,5.853658536585371,2.3584905660377187,5.853658536585371,6.896551724137945,2.112936110795438,2.0850089891362518,2.0275524421993913,2.087413448799108,000100.SZ
2012-12-07,2.19,0.2326809996324879,4,0.009216589861751112,0.0,0.023584905660377187,0.00952380952380949,3.791469194312791,3.301886792452824,6.310679611650483,6.310679611650483,2.126947727014449,2.0950081330280375,2.03392293466216,2.0884342105025997,000100.SZ
2012-12-10,2.19,-0.19032534565646775,0,0.0,0.009216589861751112,0.0,0.023584905660377187,4.2857142857142705,5.797101449275366,6.829268292682933,3.791469194312791,2.1384117766481854,2.1040549775015576,2.040043603891095,2.089444815373221,000100.SZ
2012-12-11,2.15,-0.16436527662708267,1,-0.0182648401826484,0.0,0.009216589861751112,0.0,1.4150943396226356,5.392156862745101,3.3653846153846034,4.878048780487809,2.1405187263485153,2.108430693929981,2.0443556194247776,2.0900473545237364,000100.SZ
2012-12-12,2.17,-0.3889837510327734,2,0.009302325581395321,-0.0182648401826484,0.0,0.009216589861751112,0.0,6.896551724137945,1.8779342723004744,5.853658536585371,2.1458789579215125,2.1142944373652206,2.0492828500355706,2.090842903234943,000100.SZ
2012-12-13,2.12,0.35121247633642816,3,-0.02304147465437778,0.009302325581395321,-0.0182648401826484,0.0,-2.304147465437778,3.4146341463414887,0.0,3.4146341463414887,2.1411736928448737,2.1148378242828185,2.052056071602803,2.0911330236007646,000100.SZ
2012-12-14,2.2,1.3601307625592103,4,0.037735849056603765,-0.02304147465437778,0.009302325581395321,-0.0182648401826484,0.4566210045662267,4.2654028436019065,3.7735849056603765,6.796116504854366,2.1518693850548964,2.122948507684455,2.057857794285046,2.0922162770972745,000100.SZ
2012-12-17,2.17,-0.18122455902306656,0,-0.01363636363636378,0.037735849056603765,-0.02304147465437778,0.009302325581395321,-0.91324200913242,3.3333333333333215,4.8309178743961345,5.853658536585371,2.1551658604994604,2.1274296021906975,2.0622555278424954,2.0929902444893416,000100.SZ
2012-12-18,2.17,-0.13699292249266348,1,0.0,-0.01363636363636378,0.037735849056603765,-0.02304147465437778,0.9302325581395321,2.3584905660377187,6.372549019607843,4.3269230769230616,2.157862976772286,2.1314839257915836,2.066480801260437,2.0937565107133285,000100.SZ
2012-12-19,2.15,-0.3095571468576229,2,-0.009216589861751112,0.0,-0.01363636363636378,0.037735849056603765,-0.9216589861751112,-0.9216589861751112,5.911330049261099,0.9389671361502261,2.1564333446318704,2.1332473614304805,2.069756063956106,2.094316147422649,000100.SZ
2012-12-20,2.15,0.14033258010313454,3,0.0,-0.009216589861751112,0.0,-0.01363636363636378,1.4150943396226356,-0.9216589861751112,4.878048780487809,1.4150943396226356,2.155263645607894,2.1348428508180537,2.0729028849774354,2.0948702156074983,000100.SZ
2012-12-21,2.19,0.6581982622834206,4,0.018604651162790642,0.0,-0.009216589861751112,0.0,-0.454545454545463,0.0,3.791469194312791,3.301886792452824,2.1615793464064588,2.1400959126449055,2.0774949287038105,2.0958167806263295,000100.SZ
2012-12-24,2.2,-0.11024973188294784,0,0.004566210045662267,0.018604651162790642,0.0,-0.009216589861751112,1.382488479262678,0.4566210045662267,4.761904761904767,6.280193236715004,2.1685649197871024,2.1458010638215814,2.0822990491467985,2.0968534295753214,000100.SZ
2012-12-25,2.22,0.11161621379619091,1,0.009090909090909038,0.004566210045662267,0.018604651162790642,0.0,2.3041474654378113,3.2558139534883956,4.716981132075482,8.823529411764719,2.1779167525530836,2.152867629171907,2.0876990864351592,2.0980787685845224,000100.SZ
2012-12-26,2.22,0.007094615527603931,2,0.0,0.009090909090909038,0.004566210045662267,0.018604651162790642,3.2558139534883956,2.3041474654378113,2.3041474654378113,9.359605911330071,2.1855682520888866,2.1592611882983923,2.092887357555349,2.099291915165771,000100.SZ
2012-12-27,2.19,-0.35167810010151657,3,-0.013513513513513598,0.0,0.009090909090909038,0.004566210045662267,1.8604651162790642,3.301886792452824,0.9216589861751112,6.829268292682933,2.1863740244363616,2.162188694174736,2.096695696474747,2.1001944831740724,000100.SZ
2012-12-28,2.19,-0.2328351126927639,4,0.0,-0.013513513513513598,0.0,0.009090909090909038,0.0,-0.454545454545463,0.0,3.791469194312791,2.1870332927206597,2.164837389967618,2.100354688769855,2.1010880704061714,000100.SZ
2012-12-31,2.19,0.23985650667986147,0,0.0,0.0,-0.013513513513513598,0.0,-0.454545454545463,0.9216589861751112,0.0,4.2857142857142705,2.187572694044176,2.167233829018321,2.1038701911710374,2.101972766223026,000100.SZ
2013-01-04,2.21,0.7475306794372942,4,0.009132420091324311,0.0,0.0,-0.013513513513513598,-0.45045045045045695,1.8433179723502224,2.7906976744185963,4.245283018867907,2.191650386036144,2.171306797683243,2.1080321444584476,2.103047664071553,000100.SZ
2013-01-07,2.25,0.5660700522394451,0,0.018099547511312153,0.009132420091324311,0.0,0.0,1.3513513513513375,4.651162790697683,3.686635944700467,3.686635944700467,2.202259406756845,2.178801388380077,2.1135995113424304,2.1045098763693484,000100.SZ
2013-01-08,2.24,-0.5023240553398589,1,-0.004444444444444362,0.018099547511312153,0.009132420091324311,0.0,2.2831050228310668,4.186046511627928,5.660377358490565,3.2258064516129226,2.209121332801055,2.184629827581974,2.1185563932505707,2.1058580368034843,000100.SZ
2013-01-09,2.22,-0.04728418122550626,2,-0.008928571428571397,-0.004444444444444362,0.018099547511312153,0.009132420091324311,1.3698630136986356,1.3698630136986356,0.9090909090909038,1.3698630136986356,2.211099272291772,2.18799841543131,2.122534573907411,2.1069937777308128,000100.SZ
2013-01-10,2.22,-0.3130093802860219,3,0.0,-0.008928571428571397,-0.004444444444444362,0.018099547511312153,1.3698630136986356,0.9090909090909038,2.3041474654378113,1.3698630136986356,2.2127175864205406,2.191046185390233,2.126356747479669,2.108118217753392,000100.SZ
2013-01-11,2.24,1.620257414661444,4,0.009009009009008917,0.0,-0.008928571428571397,-0.004444444444444362,1.3574660633484337,0.9009009009008917,3.2258064516129226,4.186046511627928,2.2176780252531696,2.195708453448306,2.1308133456177214,2.109430474293159,000100.SZ
2013-01-14,2.3,0.016764906885357922,0,0.02678571428571419,0.009009009009008917,0.0,-0.008928571428571397,2.2222222222222143,3.603603603603589,6.976744186046502,5.990783410138234,2.23264565702532,2.2056409816913245,2.137448116377811,2.111326688479297,000100.SZ
2013-01-15,2.32,-0.40330609758659075,1,0.008695652173912993,0.02678571428571419,0.009009009009008917,0.0,3.5714285714285587,5.936073059360725,7.906976744186034,9.433962264150942,2.2485282648388982,2.2165323167683413,2.1446070137747593,2.113403039837712,000100.SZ
2013-01-16,2.43,1.8788369473387783,2,0.0474137931034484,0.008695652173912993,0.02678571428571419,0.009009009009008917,9.459459459459453,10.95890410958904,10.95890410958904,10.45454545454545,2.28152312577728,2.2368625723142133,2.155798895587514,2.11655325834679,000100.SZ
2013-01-17,2.39,-0.5768017412144482,3,-0.016460905349794275,0.0474137931034484,0.008695652173912993,0.02678571428571419,7.657657657657646,9.1324200913242,8.636363636363642,10.138248847926267,2.3012461938177746,2.2514470892366694,2.1649832526232977,2.119274121447817,000100.SZ
2013-01-18,2.48,0.4786477896561687,4,0.03765690376569042,-0.016460905349794275,0.0474137931034484,0.008695652173912993,10.714285714285698,12.217194570135748,11.711711711711704,14.28571428571428,2.333746885850906,2.273214033118891,2.177336850559639,2.1228634336722165,000100.SZ
2013-01-21,2.48,-0.4726629670157886,0,0.0,0.03765690376569042,-0.016460905349794275,0.0474137931034484,7.826086956521738,10.222222222222221,11.711711711711704,15.348837209302335,2.360338361150741,2.2929079347266157,2.1892059936749475,2.1264170313471196,000100.SZ
2013-01-22,2.41,0.2651276540556564,1,-0.028225806451612878,0.0,0.03765690376569042,-0.016460905349794275,3.8793103448276023,7.589285714285721,10.045662100456632,12.09302325581396,2.369367750032424,2.3040595599907476,2.197864582158283,2.129238752428243,000100.SZ
2013-01-23,2.44,-0.23961689414797027,2,0.012448132780082943,-0.028225806451612878,0.0,0.03765690376569042,0.411522633744843,9.909909909909898,11.415525114155244,11.415525114155244,2.382209977299256,2.3170062685630572,2.207360088740311,2.1323309041453746,000100.SZ
2013-01-24,2.4,0.1262278032433264,3,-0.016393442622950838,0.012448132780082943,-0.028225806451612878,0.0,0.4184100418409997,8.108108108108091,9.589041095890405,9.090909090909083,2.3854445268812094,2.3249104334618136,2.214914595064221,2.13499427823348,000100.SZ
2013-01-25,2.41,-0.44059101169710646,4,0.004166666666666874,-0.016393442622950838,0.012448132780082943,-0.028225806451612878,-2.822580645161288,7.589285714285721,9.04977375565612,8.558558558558559,2.3899091583573533,2.333014201703546,2.2225650031009185,2.1377306535744407,000100.SZ
2013-01-28,2.45,0.3405478112007825,0,0.016597510373443924,0.004166666666666874,-0.016393442622950838,0.012448132780082943,-1.2096774193548265,6.521739130434789,8.888888888888902,10.360360360360366,2.4008347659287432,2.344155706303208,2.231484022587157,2.140837811250317,000100.SZ
2013-01-29,2.43,0.12733740764389312,1,-0.008163265306122436,0.016597510373443924,0.004166666666666874,-0.016393442622950838,0.8298755186721962,4.74137931034484,8.482142857142861,10.95890410958904,2.4061375357598807,2.3523313533219503,2.2392689628778566,2.143715046959269,000100.SZ
2013-01-30,2.39,0.1245650942632901,2,-0.016460905349794275,-0.008163265306122436,0.016597510373443924,0.004166666666666874,-2.049180327868849,-1.6460905349794275,7.657657657657646,9.1324200913242,2.403203438348993,2.3559188434817644,2.2451799839414703,2.1461656435069383,000100.SZ
2013-01-31,2.39,-0.12490556534877872,3,0.0,-0.016460905349794275,-0.008163265306122436,0.016597510373443924,-0.4166666666666541,0.0,7.657657657657646,9.1324200913242,2.4008028131946304,2.3591646679120726,2.250859200257491,2.148591856009357,000100.SZ
2013-02-01,2.39,0.04879753340185,4,0.0,0.0,-0.016460905349794275,-0.008163265306122436,-0.8298755186721962,-3.629032258064513,6.696428571428559,8.144796380090513,2.398838665341061,2.362101366206161,2.256315702208178,2.150993927093841,000100.SZ
2013-02-04,2.33,0.30714957666980247,0,-0.025104602510460317,0.0,0.0,-0.016460905349794275,-4.897959183673473,-6.048387096774189,1.3043478260869712,3.5555555555555562,2.3863225443699587,2.3590440932341457,2.2592052825137396,2.152775082048131,000100.SZ
2013-02-05,2.38,-0.09268921674463249,1,0.02145922746781115,-0.025104602510460317,0.0,0.0,-2.0576131687242927,-1.2448132780083054,2.586206896551735,6.249999999999978,2.385172990848148,2.361039893878513,2.263942330258299,2.1550360265053636,000100.SZ
2013-02-06,2.35,-0.38777803483491424,2,-0.012605042016806678,0.02145922746781115,-0.025104602510460317,0.0,-1.673640167364021,-3.688524590163933,-3.292181069958855,5.8558558558558405,2.37877790160303,2.3599884754138927,2.267317140836405,2.1569759665401365,000100.SZ
2013-02-07,2.4,0.5832433599654501,3,0.02127659574468077,-0.012605042016806678,0.02145922746781115,-0.025104602510460317,0.4184100418409997,0.0,0.4184100418409997,8.108108108108091,2.3826364649479337,2.363799096803046,2.27252039021537,2.1593941161268018,000100.SZ
2013-02-08,2.45,0.2296781232951446,4,0.02083333333333348,0.02127659574468077,-0.012605042016806678,0.02145922746781115,2.5104602510460206,1.6597510373443924,-1.2096774193548265,9.375,2.3948843804119457,2.3720087066313273,2.2794803749128065,2.1622857169613607,000100.SZ
2013-02-18,2.43,-0.5465283939662822,0,-0.008163265306122436,0.02083333333333348,0.02127659574468077,-0.012605042016806678,4.29184549356223,-0.8163265306122436,-2.0161290322580627,5.65217391304349,2.4012690385188646,2.3775316869521532,2.285383105308383,2.164949540673188,000100.SZ
2013-02-19,2.39,0.6663201663201663,1,-0.016460905349794275,-0.008163265306122436,0.02083333333333348,0.02127659574468077,0.42016806722691147,-1.6460905349794275,-0.8298755186721962,3.0172413793103647,2.3992201224245253,2.3787191453376626,2.289485728629623,2.1671888487261914,000100.SZ
2013-02-20,2.42,-0.405856665810429,2,0.012552301255229992,-0.016460905349794275,-0.008163265306122436,0.02083333333333348,2.9787234042553123,1.2552301255229992,-0.8196721311475419,-0.4115226337448652,2.4029982819837024,2.382650655305504,2.29460393535003,2.169704382569712,000100.SZ
2013-02-21,2.35,0.6548082267926627,3,-0.028925619834710647,0.012552301255229992,-0.016460905349794275,-0.008163265306122436,-2.083333333333326,-1.673640167364021,-2.083333333333326,-1.673640167364021,2.3933622307139384,2.379541069085932,2.2967763300421855,2.1714983688128,000100.SZ
2013-02-22,2.33,-0.5270033217631471,4,-0.008510638297872353,-0.028925619834710647,0.012552301255229992,-0.016460905349794275,-4.897959183673473,-2.5104602510460317,-3.319502074688796,-6.048387096774189,2.381841825129586,2.374822872030129,2.298079219060139,2.1730754994713792,000100.SZ
2013-02-25,2.37,0.16404955417028333,0,0.017167381974249052,-0.008510638297872353,-0.028925619834710647,0.012552301255229992,-2.4691358024691357,1.7167381974249052,-3.2653061224489854,-4.435483870967738,2.379688766015116,2.3743635508844023,2.300899641842094,2.175034947237833,000100.SZ
2013-02-26,2.39,1.2662011930585684,1,0.00843881856540074,0.017167381974249052,-0.008510638297872353,-0.028925619834710647,0.0,0.42016806722691147,-1.6460905349794275,-0.8298755186721962,2.3815635358305496,2.3758527365144593,2.304393773534561,2.1771739029867105,000100.SZ
2013-02-27,2.44,0.3318476862792019,2,0.02092050209205021,0.00843881856540074,0.017167381974249052,-0.008510638297872353,0.8264462809917328,3.8297872340425476,2.092050209205021,0.0,2.392188347497722,2.3819619997035586,2.3097116647685,2.179789088031619,000100.SZ
2013-02-28,2.45,-0.13015160022459293,3,0.004098360655737876,0.02092050209205021,0.00843881856540074,0.017167381974249052,4.255319148936176,2.083333333333348,2.5104602510460206,2.083333333333348,2.4026995570435905,2.3884418092556006,2.315213168110912,2.182477753822349,000100.SZ
2013-03-01,2.42,-0.19364833462432218,4,-0.01224489795918382,0.004098360655737876,0.02092050209205021,0.00843881856540074,3.862660944205998,-1.224489795918382,1.2552301255229992,0.4149377593360981,2.405845092126574,2.3914473512312573,2.319322455635974,2.1848411592569525,000100.SZ
2013-03-04,2.41,0.1270893371757924,0,-0.004132231404958553,-0.01224489795918382,0.004098360655737876,0.02092050209205021,1.6877637130801704,-0.8230452674897082,3.433476394849788,-1.6326530612244872,2.406600529921742,2.393214270161614,2.322878437767897,2.1870815457320076,000100.SZ
2013-03-05,2.42,-0.3459757379471008,1,0.004149377593360981,-0.004132231404958553,-0.01224489795918382,0.004098360655737876,1.2552301255229992,1.2552301255229992,1.680672268907557,-0.4115226337448652,2.409036797208698,2.3957652920509838,2.3266871264828812,2.1893991422918884,000100.SZ
2013-03-06,2.58,3.362147604361235,2,0.06611570247933884,0.004149377593360981,-0.004132231404958553,-0.01224489795918382,5.737704918032782,6.6115702479338845,9.787234042553195,7.949790794979084,2.4401210158980255,2.4133114547127947,2.3366209646600233,2.193285717990477,000100.SZ
2013-03-07,2.64,-0.08985172424094567,3,0.023255813953488413,0.06611570247933884,0.004149377593360981,-0.004132231404958553,7.755102040816331,12.3404255319149,10.000000000000009,10.460251046025103,2.4764626493711117,2.434900839978243,2.3485181817321794,2.1977306362194273,000100.SZ
2013-03-08,2.59,-0.6934068579181163,4,-0.018939393939394034,0.023255813953488413,0.06611570247933884,0.004149377593360981,7.02479338842974,11.158798283261785,5.714285714285694,8.368200836820062,2.4971058040309093,2.4496721885517436,2.3579880569583684,2.201633813968488,000100.SZ
2013-03-11,2.66,0.4027192919848688,0,0.027027027027027195,-0.018939393939394034,0.023255813953488413,0.06611570247933884,10.373443983402497,12.23628691983123,9.465020576131678,14.163090128755362,2.526722930570744,2.4697034086896728,2.3698316625678446,2.2061946715409406,000100.SZ
2013-03-12,2.59,-0.014857404533543561,1,-0.026315789473684292,0.027027027027027195,-0.018939393939394034,0.023255813953488413,7.02479338842974,8.368200836820062,8.368200836820062,8.823529411764696,2.5382278522851536,2.481160226909704,2.3784657150161643,2.2100136300330706,000100.SZ
2013-03-13,2.52,-0.3241484389122744,2,-0.027027027027026973,-0.026315789473684292,0.027027027027027195,-0.018939393939394034,-2.3255813953488413,3.2786885245901676,4.132231404958686,7.234042553191489,2.534913697324216,2.4848592529183033,2.3840160791331773,2.213098071525279,000100.SZ
2013-03-14,2.53,-0.2552825646708188,3,0.003968253968253954,-0.027027027027026973,-0.026315789473684292,0.027027027027027195,-4.166666666666674,3.2653061224489743,7.659574468085095,5.41666666666667,2.5340202978107222,2.4891583716879886,2.3897409387750135,2.216251324544928,000100.SZ
2013-03-15,2.52,0.09928168291431505,4,-0.0039525691699603405,0.003968253968253954,-0.027027027027026973,-0.026315789473684292,-2.7027027027026973,4.132231404958686,8.154506437768227,2.857142857142847,2.531471152754227,2.492095669622466,2.3948491372544245,2.219273699425078,000100.SZ
2013-03-18,2.46,0.15500583430571768,0,-0.023809523809523836,-0.0039525691699603405,0.003968253968253954,-0.027027027027026973,-7.518796992481214,2.0746887966804906,3.797468354430378,1.2345679012345512,2.5184763977080036,2.4890389391822314,2.397404073048369,2.221668985997963,000100.SZ
2013-03-19,2.49,-0.1552978259112584,1,0.012195121951219523,-0.023809523809523836,-0.0039525691699603405,0.003968253968253954,-3.861003861003842,2.892561983471076,4.184100418410042,4.184100418410042,2.5132988708520028,2.4891304687839235,2.4010352858700017,2.224338946336292,000100.SZ
2013-03-20,2.59,0.9938764770607089,2,0.04016064257028096,0.012195121951219523,-0.023809523809523836,-0.0039525691699603405,2.777777777777768,0.3875968992248069,6.1475409836065475,7.02479338842974,2.527244530697093,2.4987370908045023,2.4084456668162764,2.227977364780707,000100.SZ
2013-03-21,2.65,-0.11816785834253085,3,0.02316602316602312,0.04016064257028096,0.012195121951219523,-0.023809523809523836,4.743083003952564,0.37878787878786735,8.163265306122437,12.765957446808507,2.549563706933985,2.5131430821564544,2.417918385764658,2.232176594981894,000100.SZ
2013-03-22,2.66,-0.13185318205316565,4,0.0037735849056603765,0.02316602316602312,0.04016064257028096,0.012195121951219523,5.555555555555558,2.7027027027027195,9.917355371900838,14.163090128755362,2.569643032945988,2.5271294552844115,2.427411782401338,2.2364335442855565,000100.SZ
2013-03-25,2.64,-0.3958692449932617,0,-0.007518796992481258,0.0037735849056603765,0.02316602316602312,0.04016064257028096,7.317073170731714,-0.7518796992481258,9.543568464730278,11.392405063291132,2.58243520877399,2.5378790309716104,2.4357485752483448,2.2404491309095813,000100.SZ
2013-03-26,2.61,-0.1679290309192779,1,-0.011363636363636465,-0.007518796992481258,0.0037735849056603765,0.02316602316602312,4.819277108433728,0.7722007722007707,7.851239669421495,9.205020920502083,2.5874469889969007,2.5447476946886,2.442581964454292,2.2441262539851077,000100.SZ
2013-03-27,2.68,1.0933349959473784,2,0.026819923371647514,-0.011363636363636465,-0.007518796992481258,0.0037735849056603765,3.47490347490349,6.349206349206349,3.875968992248069,9.836065573770503,2.6042748091792824,2.557628866623019,2.451892475652163,2.248463306184261,000100.SZ
2013-03-28,2.62,-0.10382725241995538,3,-0.022388059701492602,0.026819923371647514,-0.011363636363636465,-0.007518796992481258,-1.1320754716981019,3.5573122529644285,-0.7575757575757569,6.938775510204076,2.6071339347830493,2.563568974563684,2.458484927587372,2.252160188709791,000100.SZ
2013-03-29,2.62,-0.3996809465253083,4,0.0,-0.022388059701492602,0.026819923371647514,-0.011363636363636465,-1.5037593984962405,3.9682539682539764,1.1583011583011782,8.264462809917372,2.6094732193679495,2.5689433579385716,2.46481885199571,2.2558202863345693,000100.SZ
2013-04-01,2.71,1.7859159608038535,0,0.03435114503816794,0.0,-0.022388059701492602,0.026819923371647514,2.651515151515138,10.162601626016254,1.8796992481203034,12.448132780082988,2.627750815846504,2.582377323849184,2.474433798976271,2.260339487465569,000100.SZ
2013-04-02,2.65,-0.2299988076785502,1,-0.022140221402214055,0.03435114503816794,0.0,-0.022388059701492602,1.5325670498084198,6.425702811244971,2.316602316602312,9.50413223140496,2.6317961220562305,2.58881757872069,2.481318748036025,2.264216706495762,000100.SZ
2013-04-03,2.66,-0.5014452358831424,2,0.0037735849056603765,-0.022140221402214055,0.03435114503816794,0.0,-0.7462686567164201,2.7027027027027195,5.555555555555558,3.100775193798455,2.6369240998641885,2.5955968569377674,2.488325855956181,2.2681548487196848,000100.SZ
2013-04-08,2.65,-0.047002795320426616,0,-0.00375939849624074,0.0037735849056603765,-0.022140221402214055,0.03435114503816794,1.1450381679389166,0.0,4.743083003952564,0.37878787878786735,2.6393015362525176,2.60077810865798,2.4946660184677034,2.27195430296128,000100.SZ
2013-04-09,2.72,1.741607821835959,1,0.026415094339622858,-0.00375939849624074,0.0037735849056603765,-0.022140221402214055,3.8167938931297662,2.2556390977443552,7.936507936507953,5.0193050193050315,2.6539739842066052,2.612132574500077,2.50350264519446,2.2764124691009693,000100.SZ
2013-04-10,2.75,-0.5308580825391793,2,0.011029411764705843,0.026415094339622858,-0.00375939849624074,0.0037735849056603765,1.4760147601476037,4.166666666666652,11.788617886178866,3.383458646616533,2.6714332598054042,2.62526280550007,2.513169208128011,2.281124782841258,000100.SZ
2013-04-11,2.73,-0.09742810084885334,3,-0.0072727272727273196,0.011029411764705843,0.026415094339622858,-0.00375939849624074,3.018867924528301,4.597701149425282,9.638554216867457,5.405405405405417,2.6820817580226035,2.635237776404825,2.521672376436716,2.285591202912489,000100.SZ
2013-04-12,2.71,-0.119127830806663,4,-0.0073260073260073,-0.0072727272727273196,0.011029411764705843,0.026415094339622858,1.8796992481203034,1.1194029850746245,4.633204633204646,7.539682539682535,2.6871578020184934,2.642357988175794,2.529057773439198,2.289814176017838,000100.SZ
2013-04-15,2.69,0.00966748114310012,0,-0.0073800738007380184,-0.0073260073260073,-0.0072727272727273196,0.011029411764705843,1.5094339622641506,2.6717557251908275,1.5094339622641506,6.324110671936767,2.687674565287858,2.6468953226352423,2.5353692333043276,2.293796124515173,000100.SZ
2013-04-16,2.71,0.17029671717171713,1,0.0074349442379182396,-0.0073800738007380184,-0.0073260073260073,-0.0072727272727273196,-0.3676470588235392,3.435114503816794,1.8796992481203034,7.539682539682535,2.69173373523552,2.6529052919080764,2.5422174986649426,2.2979374566095494,000100.SZ
2013-04-17,2.71,0.040997977073499614,2,0.0,0.0074349442379182396,-0.0073800738007380184,-0.0073260073260073,-1.4545454545454528,0.0,2.651515151515138,10.162601626016254,2.695054874283607,2.6583428831549263,2.548797204599651,2.302037581419405,000100.SZ
2013-04-18,2.7,-0.3125188927754027,3,-0.0036900369003689537,0.0,0.0074349442379182396,-0.0073800738007380184,-1.098901098901095,1.8867924528301883,3.4482758620689724,8.43373493975903,2.695953988050224,2.662310227616362,2.5547267259879,2.3059974064799085,000100.SZ
2013-04-19,2.78,1.617462311557789,4,0.02962962962962945,-0.0036900369003689537,0.0,0.0074349442379182396,2.58302583025829,4.5112781954887105,3.731343283582067,7.3359073359073435,2.7112350811320014,2.6735187773671845,2.5635609720275903,2.3107138501965263,000100.SZ
2013-04-22,2.91,0.5081353491720664,0,0.04676258992805771,0.02962962962962945,-0.0036900369003689537,0.0,8.178438661710041,9.811320754717002,11.068702290076327,9.811320754717002,2.747374157289819,2.69604079857031,2.5771468162618025,2.316676896463228,000100.SZ
2013-04-23,2.86,-0.3216058812297118,1,-0.01718213058419249,0.04676258992805771,0.02962962962962945,-0.0036900369003689537,5.535055350553497,5.1470588235293935,9.160305343511443,7.5187969924811915,2.7678515832371247,2.7116559606112327,2.5882390979770262,2.3220830964984196,000100.SZ
2013-04-24,2.98,0.5563999718527901,2,0.04195804195804209,-0.01718213058419249,0.04676258992805771,0.02962962962962945,9.963099630996307,8.363636363636374,9.963099630996307,12.878787878787868,2.8064240226485566,2.7372125357911155,2.603602270605378,2.3286295333491815,000100.SZ
2013-04-25,2.93,-0.0668535431172198,3,-0.016778523489932806,0.04195804195804209,-0.01718213058419249,0.04676258992805771,8.518518518518526,7.326007326007322,10.566037735849076,12.260536398467448,2.828892382167001,2.755573246668152,2.6164021815620297,2.334613319087001,000100.SZ
2013-04-26,2.86,-0.14742078232501044,4,-0.023890784982935287,-0.016778523489932806,0.04195804195804209,-0.01718213058419249,2.877697841726623,5.535055350553497,7.5187969924811915,6.716417910447747,2.8345483126820916,2.7655186517473758,2.6259550371870484,2.3398410472552893,000100.SZ
2013-05-02,2.9,-0.4981057018374693,3,0.013986013986013957,-0.023890784982935287,-0.016778523489932806,0.04195804195804209,-0.3436426116838587,7.806691449814118,9.433962264150942,10.687022900763354,2.8464486194671657,2.7783263992000067,2.636701898473831,2.3454147681781223,000100.SZ
2013-05-03,2.92,0.3255331194565012,4,0.006896551724137945,0.013986013986013957,-0.023890784982935287,-0.016778523489932806,2.0979020979021046,7.749077490774914,7.352941176470584,11.450381679389299,2.8598215977458623,2.7918191230857206,2.647811627945446,2.3511320341664,000100.SZ
2013-05-06,2.92,-0.0033599088838268676,0,0.0,0.006896551724137945,0.013986013986013957,-0.023890784982935287,-2.0134228187919434,7.749077490774914,6.181818181818177,7.749077490774914,2.8707631254284327,2.8040268256489855,2.6584856817515066,2.356792411935889,000100.SZ
2013-05-07,2.89,-0.004056911033655131,1,-0.010273972602739656,0.0,0.006896551724137945,0.013986013986013957,-1.3651877133105783,7.037037037037042,5.860805860805862,9.056603773584904,2.8742607389868993,2.812214747015749,2.6675646746239967,2.3620979600758303,000100.SZ
2013-05-08,2.86,1.1760470453241538,2,-0.01038062283737029,-0.010273972602739656,0.0,0.006896551724137945,0.0,2.877697841726623,5.535055350553497,7.5187969924811915,2.8716678773529174,2.8167657234904393,2.6751111579720757,2.3670522092293047,000100.SZ
2013-05-09,2.84,-0.6254136071819345,3,-0.006993006993006978,-0.01038062283737029,-0.010273972602739656,0.0,-2.0689655172413834,-2.4054982817869552,5.576208178438669,7.169811320754715,2.8659100814705685,2.818978511729445,2.68157738707121,2.3717581573961777,000100.SZ
2013-05-10,2.85,0.14453633644202024,4,0.0035211267605634866,-0.006993006993006978,-0.01038062283737029,-0.010273972602739656,-2.397260273972601,-0.34965034965034336,5.166051660516602,4.779411764705888,2.8630173393850105,2.8219329391837835,2.688182195421359,2.376516782695718,000100.SZ
2013-05-13,2.92,0.4984318307607156,0,0.024561403508771784,0.0035211267605634866,-0.006993006993006978,-0.01038062283737029,0.0,-2.0134228187919434,7.749077490774914,6.181818181818177,2.87337782313319,2.8312726592615185,2.6972730897185606,2.381924575902726,000100.SZ
2013-05-14,2.94,0.0864113929245669,1,0.006849315068493178,0.024561403508771784,0.0035211267605634866,-0.006993006993006978,1.730103806228378,0.3412969283276279,8.888888888888879,7.692307692307687,2.885490946199883,2.8416276440937547,2.7067917920825386,2.3874775651972264,000100.SZ
2013-05-15,2.91,-0.5954517122188012,2,-0.010204081632652962,0.006849315068493178,0.024561403508771784,0.0035211267605634866,1.7482517482517501,1.7482517482517501,4.676258992805771,7.380073800738018,2.889947137799904,2.8481392970372066,2.7147607414126353,2.3926767934042195,000100.SZ
2013-05-16,2.98,1.1835839013913532,3,0.02405498281786933,-0.010204081632652962,0.006849315068493178,0.024561403508771784,4.929577464788748,2.758620689655178,2.405498281786933,10.780669144981413,2.906320385472649,2.8606974592241396,2.725162280965081,2.3985208054101474,000100.SZ
2013-05-17,2.97,-0.3099341430037632,4,-0.003355704697986517,0.02405498281786933,-0.010204081632652962,0.006849315068493178,4.210526315789487,1.7123287671233056,3.8461538461538547,9.594095940959413,2.9178984972048942,2.871107225012317,2.734763760142921,2.4042071655553205,000100.SZ
2013-05-20,2.94,0.279118768010411,0,-0.010101010101010166,-0.003355704697986517,0.02405498281786933,-0.010204081632652962,0.6849315068493178,0.6849315068493178,-1.342281879194629,8.487084870848705,2.9219169522585497,2.8776684416778107,2.7428122401373165,2.4095384375398448,000100.SZ
2013-05-21,2.95,-0.29405779898742757,1,0.003401360544217802,-0.010101010101010166,-0.003355704697986517,0.02405498281786933,0.3401360544217802,2.076124567474058,0.6825938566553003,9.259259259259256,2.927022960938813,2.884557161518019,2.7509372503280103,2.4149161645294983,000100.SZ
2013-05-22,2.89,0.22603115777915028,2,-0.02033898305084747,0.003401360544217802,-0.010101010101010166,-0.003355704697986517,-0.6872852233676952,1.0489510489510634,1.0489510489510634,3.9568345323741205,2.920291513495392,2.8850755270877313,2.756390691491618,2.419643366872488,000100.SZ
2013-05-23,2.97,1.2399451426012482,3,0.02768166089965396,-0.02033898305084747,0.003401360544217802,-0.010101010101010166,-0.3355704697986517,4.577464788732399,2.413793103448292,2.0618556701030855,2.9293294201325937,2.893163572126995,2.764767527119398,2.425119552276742,000100.SZ
2013-05-24,2.94,-0.43072059576913935,4,-0.010101010101010166,0.02768166089965396,-0.02033898305084747,0.003401360544217802,-1.0101010101010166,3.157894736842093,0.6849315068493178,2.7972027972027913,2.931269525563031,2.8976241843053763,2.77163938880099,2.430242740811302,000100.SZ
2013-05-27,2.95,-0.15129499561018434,0,0.003401360544217802,-0.010101010101010166,0.02768166089965396,-0.02033898305084747,0.3401360544217802,1.0273972602739878,1.0273972602739878,-1.0067114093959662,2.9346750663697527,2.9026123572286737,2.7786339225735004,2.4354144548330803,000100.SZ
2013-05-28,2.97,-0.09809398194843144,1,0.006779661016949268,0.003401360544217802,-0.010101010101010166,0.02768166089965396,0.6779661016949268,1.0204081632653184,2.768166089965396,1.3651877133105783,2.941097781575252,2.9090302279688003,2.7861384746294418,2.4407337139889704,000100.SZ
2013-05-29,2.96,-0.009548660893502259,2,-0.0033670033670034627,0.006779661016949268,0.003401360544217802,-0.010101010101010166,2.422145328719716,1.7182130584192379,3.4965034965035002,3.4965034965035002,2.9445345485615695,2.9138844919717717,2.7929565736635813,2.4459005427054983,000100.SZ
2013-05-30,2.93,-0.07394111345936716,3,-0.010135135135135087,-0.0033670033670034627,0.006779661016949268,0.003401360544217802,-1.3468013468013518,-1.6778523489932806,3.169014084507049,1.0344827586207028,2.941891903368557,2.9154193022601746,2.798330825676774,2.4507174527283295,000100.SZ
2013-05-31,2.9,-0.18488761059180292,4,-0.010238907849829393,-0.010135135135135087,-0.0033670033670034627,0.006779661016949268,-1.3605442176870763,-2.3569023569023684,1.754385964912264,-0.6849315068493178,2.934275193665183,2.913950797283015,2.8023178521208223,2.4551879258355105,000100.SZ
2013-06-03,2.81,0.9811682583515511,0,-0.03103448275862064,-0.010238907849829393,-0.010135135135135087,-0.0033670033670034627,-4.74576271186441,-4.421768707482987,-3.7671232876712257,-3.7671232876712257,2.9116797039078772,2.9040507213512994,2.802619112821967,2.458718394235157,000100.SZ
2013-06-04,2.58,1.1472461523569844,1,-0.08185053380782914,-0.03103448275862064,-0.010238907849829393,-0.010135135135135087,-13.131313131313139,-12.542372881355934,-12.244897959183664,-10.726643598615915,2.851374303197354,2.873188747889271,2.793888951534831,2.4599251763820713,000100.SZ
2013-06-05,2.59,-0.713188358757979,2,0.003875968992248069,-0.08185053380782914,-0.03103448275862064,-0.010238907849829393,-12.5,-10.380622837370247,-10.996563573883167,-9.440559440559436,2.803851702616017,2.8462183909474352,2.7858933063766025,2.461219453233991,000100.SZ
2013-06-06,2.61,0.44819564944046264,3,0.007722007722007707,0.003875968992248069,-0.08185053380782914,-0.03103448275862064,-10.921501706484648,-12.121212121212132,-12.416107382550335,-8.098591549295776,2.7686059385040136,2.823721401333394,2.7789955296559516,2.462699856684399,000100.SZ
2013-06-07,2.56,-0.17223789884957663,4,-0.019157088122605304,0.007722007722007707,0.003875968992248069,-0.08185053380782914,-11.724137931034473,-12.925170068027203,-13.804713804713808,-10.175438596491226,2.730677586048738,2.7986050773968802,2.770407469669444,2.4636680173144057,000100.SZ
2013-06-13,2.47,-0.015602464927232274,3,-0.03515624999999989,-0.019157088122605304,0.007722007722007707,0.003875968992248069,-12.099644128113873,-16.271186440677965,-15.986394557823125,-15.410958904109584,2.683281661312604,2.767309355740035,2.7586267845843677,2.4637310221172477,000100.SZ
2013-06-14,2.53,-0.02485348961108147,4,0.024291497975708287,-0.03515624999999989,-0.019157088122605304,0.007722007722007707,-1.9379844961240456,-14.814814814814826,-14.237288135593229,-13.945578231292522,2.6554122683466757,2.7447084647171742,2.749661028326157,2.4643904149320015,000100.SZ
2013-06-19,2.58,-0.36340110140366855,2,-0.019011406844106404,0.03952569169960474,0.0,0.024291497975708287,0.78125,-11.03448275862069,-12.244897959183664,-13.131313131313139,2.62265630625449,2.7023988078495944,2.7305473032358902,2.4678121236990607,000100.SZ
2013-06-20,2.4,0.5297408045790106,3,-0.06976744186046513,-0.019011406844106404,0.03952569169960474,0.0,-2.8340080971660075,-14.590747330960863,-18.644067796610177,-18.36734693877551,2.5821733414809462,2.6735989213877285,2.7175846638933066,2.4671373761995676,000100.SZ
2013-06-21,2.36,-0.09917513499723618,4,-0.01666666666666672,-0.06976744186046513,-0.019011406844106404,0.03952569169960474,-6.719367588932801,-8.527131782945741,-20.538720538720547,-20.000000000000007,2.5417781884844106,2.6437323574460403,2.703561735897491,2.4660713326552934,000100.SZ
2013-06-24,2.14,0.297477167063932,0,-0.09322033898305071,-0.01666666666666672,-0.06976744186046513,-0.019011406844106404,-15.415019762845839,-17.37451737451736,-27.702702702702698,-25.951557093425603,2.468727608759972,2.595757847213084,2.681461275666217,2.4628268417831016,000100.SZ
2013-06-25,2.18,-0.04723707664884136,1,0.01869158878504673,-0.09322033898305071,-0.01666666666666672,-0.06976744186046513,-17.110266159695808,-16.475095785440608,-25.597269624573382,-26.599326599326602,2.4162316798945227,2.556161861764219,2.6617961276008755,2.460012644352424,000100.SZ
2013-06-26,2.26,0.02550543135869887,2,0.0366972477064218,0.01869158878504673,-0.09322033898305071,-0.01666666666666672,-12.40310077519381,-11.71875000000001,-22.06896551724138,-23.129251700680275,2.3878259199137,2.5279559701676266,2.646039416714567,2.4580224687867287,000100.SZ
2013-06-27,2.22,-0.2926447865666362,3,-0.017699115044247593,0.0366972477064218,0.01869158878504673,-0.09322033898305071,-7.499999999999984,-10.121457489878537,-20.99644128113879,-24.745762711864405,2.3573121162930275,2.498626830151662,2.6293319886081132,2.4556540860127316,000100.SZ
2013-06-28,2.27,0.03708187488485937,4,0.022522522522522515,-0.017699115044247593,0.0366972477064218,0.01869158878504673,-3.813559322033888,-10.276679841897229,-12.015503875968992,-23.56902356902357,2.3414371860579313,2.4768528463276938,2.615240538074462,2.4538067816742966,000100.SZ
2013-07-01,2.27,-0.22580317718113996,0,0.0,0.022522522522522515,-0.017699115044247593,0.0366972477064218,6.074766355140171,-10.276679841897229,-12.355212355212352,-23.31081081081081,2.328448606774671,2.4571525752488657,2.601701693444091,2.4519778584735574,000100.SZ
2013-07-02,2.23,0.06424544381801511,1,-0.017621145374449365,0.0,0.022522522522522515,-0.017699115044247593,2.2935779816513735,-15.209125475285168,-14.559386973180077,-23.890784982935152,2.310548860088367,2.4355189966537356,2.5871251564462834,2.449769123563373,000100.SZ
2013-07-03,2.28,0.41339164716028076,2,0.022421524663676973,-0.017621145374449365,0.0,0.022522522522522515,0.8849557522123908,-11.627906976744196,-10.93750000000001,-21.379310344827594,2.3049945218904817,2.420707663639094,2.5750810326640763,2.448079878552792,000100.SZ
2013-07-04,2.28,-0.337655262584441,3,0.0,0.022421524663676973,-0.017621145374449365,0.0,2.702702702702675,-5.000000000000004,-7.692307692307709,-18.86120996441282,2.300450063364939,2.4073069337687043,2.5635092274615636,2.4464074419502766,000100.SZ
2013-07-05,2.27,-0.3309754893897022,4,-0.004385964912280604,0.0,0.022421524663676973,-0.017621145374449365,0.0,-3.813559322033888,-10.276679841897229,-12.015503875968992,2.2949136882076773,2.3942300829335896,2.551999061678757,2.444652144020423,000100.SZ
2013-07-08,2.17,0.573051389230391,0,-0.04405286343612336,-0.004385964912280604,0.0,0.022421524663676973,-4.405286343612335,1.4018691588784993,-14.229249011857704,-16.216216216216218,2.2722021085335538,2.372874836939914,2.537018706318806,2.4419192868659914,000100.SZ
2013-07-09,2.18,-0.5045954733024884,1,0.004608294930875667,-0.04405286343612336,-0.004385964912280604,0.0,-2.2421524663677084,0.0,-17.110266159695808,-16.475095785440608,2.2554380888001804,2.3545058048503984,2.5230179727376765,2.4393131248076236,000100.SZ
2013-07-10,2.22,1.881050041017227,2,0.01834862385321112,0.004608294930875667,-0.04405286343612336,-0.004385964912280604,-2.631578947368407,-1.7699115044247593,-13.953488372093014,-13.28124999999999,2.24899479992742,2.3416957281979793,2.511134914983258,2.4371309046602843,000100.SZ
2013-07-11,2.33,0.8824688978447521,3,0.04954954954954949,0.01834862385321112,0.004608294930875667,-0.04405286343612336,2.192982456140369,4.954954954954949,-2.9166666666666563,-5.668016194331993,2.2637230181224344,2.3405818493219814,2.5040315849839145,2.4360649255094358,000100.SZ
2013-07-12,2.25,-0.40860540339282814,4,-0.03433476394849788,0.04954954954954949,0.01834862385321112,0.004608294930875667,-0.8810572687224627,-0.8810572687224627,-4.6610169491525415,-11.06719367588932,2.261227923918355,2.331955006529412,2.4940695620433693,2.4342135332158095,000100.SZ
2013-07-15,2.27,-0.3999173683796332,0,0.008888888888888946,-0.03433476394849788,0.04954954954954949,0.01834862385321112,4.608294930875578,0.0,6.074766355140171,-10.276679841897229,2.2628228468422904,2.3260545297170867,2.48528252039461,2.432579567711175,000100.SZ
2013-07-16,2.34,0.8461689780662931,1,0.03083700440528636,0.008888888888888946,-0.03433476394849788,0.04954954954954949,7.339449541284382,4.932735426008961,7.339449541284382,-11.026615969581755,2.2768550565073284,2.327382669744031,2.479585166653645,2.4316583779827057,000100.SZ
2013-07-17,2.29,-0.36961463328005684,2,-0.02136752136752129,0.03083700440528636,0.008888888888888946,-0.03433476394849788,3.153153153153143,0.43859649122808264,1.3274336283185972,-11.240310077519378,2.2792450462332687,2.3238224154826947,2.4721504542358548,2.430248841883375,000100.SZ
2013-07-18,2.26,-0.25495112263008135,3,-0.013100436681222849,-0.02136752136752129,0.03083700440528636,0.008888888888888946,-3.0042918454935785,-0.8771929824561431,1.8018018018017834,-5.833333333333335,2.2757459469181285,2.3177440901986284,2.463830828579547,2.4285548235561776,000100.SZ
2013-07-19,2.19,0.379513744470072,4,-0.030973451327433565,-0.013100436681222849,-0.02136752136752129,0.03083700440528636,-2.6666666666666727,-3.524229074889873,-3.524229074889873,-7.203389830508467,2.260155774751196,2.3055779863701877,2.4530923647136826,2.426181143719798,000100.SZ
2013-07-22,2.21,-0.40943975441289326,0,0.009132420091324311,-0.030973451327433565,-0.013100436681222849,-0.02136752136752129,-2.643171806167399,1.8433179723502224,-2.643171806167399,3.2710280373831724,2.251036542978251,2.2964753210015982,2.4435593308033425,2.424030087563382,000100.SZ
2013-07-23,2.28,1.2019864476004827,1,0.03167420814479627,0.009132420091324311,-0.030973451327433565,-0.013100436681222849,-2.564102564102566,4.587155963302725,2.2421524663676973,4.587155963302725,2.256302626073114,2.2949062428109697,2.43714523939929,2.4225969523637465,000100.SZ
2013-07-24,2.24,-0.30408481578281765,2,-0.01754385964912264,0.03167420814479627,0.009132420091324311,-0.030973451327433565,-2.183406113537112,0.9009009009008917,-1.754385964912264,-0.8849557522123686,2.2533385122416387,2.2896770768289727,2.4294140535404942,2.4207800672656,000100.SZ
2013-07-25,2.22,-0.056395190356482994,3,-0.008928571428571397,-0.01754385964912264,0.03167420814479627,0.009132420091324311,-1.7699115044247593,-4.72103004291845,-2.631578947368407,0.0,2.247276964561341,2.283041164750023,2.4212017377153767,2.418782255651017,000100.SZ
2013-07-26,2.19,-0.06413095811266256,4,-0.013513513513513598,-0.008928571428571397,-0.01754385964912264,0.03167420814479627,0.0,-2.6666666666666727,-3.524229074889873,-3.524229074889873,2.236862971004733,2.2741801014404968,2.412135002903009,2.4165058152962806,000100.SZ
2013-07-29,2.16,-0.38738553349109983,0,-0.013698630136986245,-0.013513513513513598,-0.008928571428571397,-0.01754385964912264,-2.262443438914019,-4.8458149779735615,-0.4608294930875445,-4.8458149779735615,2.2228878853675087,2.2633058060652114,2.402247355730342,2.413953518626666,000100.SZ
2013-07-30,2.16,0.04008509685365569,1,0.0,-0.013698630136986245,-0.013513513513513598,-0.008928571428571397,-5.263157894736825,-7.692307692307676,-0.9174311926605561,-3.139013452914796,2.211453724391598,2.2534671578685246,2.3927474594271914,2.4114266179438135,000100.SZ
2013-07-31,2.16,-0.15620626547529337,2,0.0,0.0,-0.013698630136986245,-0.013513513513513598,-3.57142857142857,-5.676855895196498,-2.7027027027027084,-5.263157894736825,2.2020985017749437,2.2445655237858078,2.383620108077105,2.4089248605513376,000100.SZ
2013-08-01,2.19,0.40310028068384796,3,0.01388888888888884,0.0,0.0,-0.013698630136986245,-1.3513513513513598,-3.0973451327433565,-6.008583690987135,-3.9473684210526216,2.1998987741794993,2.2393688072347784,2.3760271626623166,2.4067465037299316,000100.SZ
2013-08-02,2.17,-0.03309843146169589,4,-0.0091324200913242,0.01388888888888884,0.0,0.0,-0.91324200913242,-0.91324200913242,-3.5555555555555562,-4.405286343612335,2.1944626334195902,2.2327622541647996,2.3679476660873235,2.4043908171256536,000100.SZ
2013-08-05,2.18,0.04227206470118028,0,0.004608294930875667,-0.0091324200913242,0.01388888888888884,0.0,0.92592592592593,-1.3574660633484115,-3.964757709251099,0.4608294930875667,2.1918330637069374,2.227737277577676,2.3605771693780166,2.4021580726766425,000100.SZ
2013-08-06,2.25,1.8217991518541914,1,0.032110091743119185,0.004608294930875667,-0.0091324200913242,0.01388888888888884,4.166666666666652,-1.3157894736842035,-3.8461538461538436,3.2110091743119185,2.202408870305676,2.2298575368559925,2.3562408097945653,2.400644062003243,000100.SZ
2013-08-07,2.21,-0.5538626334974739,2,-0.01777777777777778,0.032110091743119185,0.004608294930875667,-0.0091324200913242,2.314814814814814,-1.3392857142857206,-3.493449781659397,-0.45045045045045695,2.203789075704644,2.227966342869707,2.350505876077132,2.398747106162415,000100.SZ
2013-08-08,2.22,-0.2802365167532701,3,0.00452488687782826,-0.01777777777777778,0.032110091743119185,0.004608294930875667,1.3698630136986356,0.0,-1.7699115044247593,-4.72103004291845,2.2067365164856176,2.2272076435487826,2.345387998583911,2.396968527991645,000100.SZ
2013-08-09,2.22,-0.012397311426437518,4,0.0,0.00452488687782826,-0.01777777777777778,0.032110091743119185,2.3041474654378113,1.3698630136986356,1.3698630136986356,-1.3333333333333197,2.209148058942778,2.226521201306041,2.3404708221688555,2.395207647116106,000100.SZ
2013-08-12,2.26,1.4538213349465616,0,0.018018018018017834,0.0,0.00452488687782826,-0.01777777777777778,3.66972477064218,4.629629629629606,2.262443438914019,-0.440528634361248,2.2183938664077276,2.2297096583245133,2.33731510365243,2.393862297393558,000100.SZ
2013-08-13,2.27,-0.1798085220035337,1,0.004424778761062065,0.018018018018017834,0.0,0.00452488687782826,0.8888888888888946,5.092592592592582,-0.43859649122806044,-2.991452991452981,2.2277767997881406,2.2335468337221784,2.33467529566606,2.3926298367229757,000100.SZ
2013-08-14,2.3,0.6771203847502627,2,0.013215859030836885,0.004424778761062065,0.018018018018017834,0.0,4.072398190045234,6.481481481481466,2.678571428571419,0.4366812227074135,2.240908290735751,2.2398757067010187,2.333315480149744,2.3917081468053345,000100.SZ
2013-08-19,2.31,-0.03272130281357899,0,0.026666666666666616,-0.021739130434782483,0.0,0.013215859030836885,2.212389380530988,5.9633027522935755,6.944444444444442,4.52488687782806,2.2620151344450505,2.2521139695780463,2.3280559733747754,2.3886046796297435,000100.SZ
2013-08-20,2.26,-0.19922355098616829,1,-0.0216450216450218,0.026666666666666616,-0.021739130434782483,0.0,-0.440528634361248,0.4444444444444251,4.629629629629606,-0.8771929824561431,2.2616487463641324,2.2528650200944225,2.3253871116738036,2.3873250310762137,000100.SZ
2013-08-21,2.26,-0.4812531975540234,2,0.0,-0.0216450216450218,0.026666666666666616,-0.021739130434782483,-1.7391304347826098,2.262443438914019,4.629629629629606,0.8928571428571175,2.2613489742979263,2.2535445419901916,2.322822911216007,2.3860581153441123,000100.SZ
2013-08-22,2.27,0.31705255248203623,3,0.004424778761062065,0.0,-0.0216450216450218,0.026666666666666616,-1.304347826086949,2.2522522522522515,3.65296803652968,2.2522522522522515,2.2629218880619395,2.255111728467316,2.320751424501654,2.3849033082262605,000100.SZ
2013-08-23,2.23,0.24721865639709018,4,-0.017621145374449365,0.004424778761062065,0.0,-0.0216450216450218,-0.8888888888888946,0.45045045045044585,2.764976958525356,1.82648401826484,2.2569360902324958,2.2527201352799526,2.317192545109432,2.383361981776248,000100.SZ
2013-08-26,2.25,-0.2848443262715499,0,0.008968609865470878,-0.017621145374449365,0.004424778761062065,0.0,-2.5974025974025983,-0.4424778761061843,3.2110091743119185,4.166666666666652,2.2556749829174962,2.2524610747771003,2.314557543340435,2.382034996882952,000100.SZ
2013-08-27,2.24,0.1092588150635645,1,-0.004444444444444362,0.008968609865470878,-0.017621145374449365,0.004424778761062065,-0.8849557522123686,-1.3215859030836885,-0.4444444444444362,3.703703703703698,2.252824986023406,2.25127430575071,2.3116337181113984,2.380621713331878,000100.SZ
2013-08-28,2.22,0.08422532165639507,2,-0.008928571428571397,-0.004444444444444362,0.008968609865470878,-0.017621145374449365,-1.7699115044247593,-3.4782608695651973,0.452488687782826,2.77777777777779,2.246856806746423,2.2482958004411184,2.3080402389697747,2.379023487328576,000100.SZ
2013-08-29,2.2,-0.15715995213402467,3,-0.009009009009009028,-0.008928571428571397,-0.004444444444444362,0.008968609865470878,-3.083700440528625,-4.347826086956507,-0.9009009009009028,0.4566210045662267,2.2383373873379826,2.2436962003991074,2.3038033668533133,2.3772421590964505,000100.SZ
2013-08-30,2.2,0.2037781984540148,4,0.0,-0.009009009009009028,-0.008928571428571397,-0.004444444444444362,-1.3452914798206206,-2.2222222222222143,-0.9009009009009028,1.382488479262678,2.231366953276531,2.2395346575039543,2.2997326465845562,2.3754785555233515,000100.SZ
2013-09-02,2.23,-0.21894964453035415,0,0.013636363636363447,0.0,-0.009009009009009028,-0.008928571428571397,-0.8888888888888946,-3.463203463203468,-1.327433628318575,2.2935779816513735,2.2311184163171616,2.23862659488453,2.296998032993005,2.374031007707199,000100.SZ
2013-09-03,2.27,1.1604446308724832,1,0.017937219730941756,0.013636363636363447,0.0,-0.009009009009009028,1.3392857142856984,0.4424778761062065,0.0,0.8888888888888946,2.2381877951685865,2.2416145382288604,2.2959392866011226,2.3729958733021523,000100.SZ
2013-09-04,2.31,0.6781865838268131,2,0.017621145374449254,0.017937219730941756,0.013636363636363447,0.0,4.054054054054057,2.212389380530988,0.43478260869567187,4.52488687782806,2.2512445596833888,2.2481274393499215,2.296490687126569,2.372369048692181,000100.SZ
2013-09-05,2.26,-0.6487765372823509,3,-0.0216450216450218,0.017621145374449254,0.017937219730941756,0.013636363636363447,2.7272727272727115,-0.440528634361248,-1.7391304347826098,1.8018018018017834,2.2528364579227724,2.2492581594118337,2.295059679788272,2.3712509487051943,000100.SZ
2013-09-06,2.24,0.4235456881217472,4,-0.008849557522123686,-0.0216450216450218,0.017621145374449254,0.017937219730941756,1.81818181818183,0.4484304932735439,-0.4444444444444362,0.9009009009008917,2.2505025564822683,2.2483764299440403,2.2929004766593204,2.3699449691160877,000100.SZ
2013-09-09,2.28,0.951661421695668,0,0.01785714285714257,-0.008849557522123686,-0.0216450216450218,0.017621145374449254,2.2421524663676973,1.3333333333333197,-1.2987012987013102,0.8849557522123908,2.2558657280309466,2.2513881985207984,2.292394575613857,2.369049994299012,000100.SZ
2013-09-10,2.31,-0.17089740701658707,1,0.013157894736842257,0.01785714285714257,-0.008849557522123686,-0.0216450216450218,1.7621145374449254,3.125,2.212389380530988,1.7621145374449254,2.265708322934411,2.256970274852151,2.293084984413314,2.368462432166684,000100.SZ
2013-09-11,2.41,1.0387678931487652,2,0.04329004329004338,0.013157894736842257,0.01785714285714257,-0.008849557522123686,4.329004329004338,8.558558558558559,6.637168141592942,4.782608695652191,2.2919431733099724,2.2715445343900416,2.297669886985341,2.3688757412993535,000100.SZ
2013-09-12,2.38,-0.522140156696056,3,-0.012448132780083054,0.04329004329004338,0.013157894736842257,0.01785714285714257,5.3097345132743445,8.18181818181818,4.8458149779735615,3.4782608695652195,2.3079535054354317,2.2818736263528945,2.300898518868269,2.368986430440654,000100.SZ
2013-09-13,2.37,-0.35779708783466413,4,-0.004201680672268782,-0.012448132780083054,0.04329004329004338,0.013157894736842257,5.803571428571419,7.727272727272716,6.278026905829592,5.3333333333333455,2.3192346862653532,2.290266614319285,2.3036083808734347,2.368996515709901,000100.SZ
2013-09-16,2.34,-0.09492137502285602,0,-0.012658227848101333,-0.004201680672268782,-0.012448132780083054,0.04329004329004338,2.6315789473684292,4.932735426008961,4.0000000000000036,1.298701298701288,2.3230101978534705,2.295003127241258,2.3050355031921237,2.368707993165524,000100.SZ
2013-09-17,2.3,-0.14156923154625112,1,-0.017094017094017144,-0.012658227848101333,-0.004201680672268782,-0.012448132780083054,-0.43290043290044045,1.3215859030836885,2.678571428571419,1.7699115044247815,2.3188265255164757,2.2954790198849477,2.3048380324787074,2.368024331541987,000100.SZ
2013-09-18,2.32,-0.30500397140587765,2,0.008695652173912993,-0.017094017094017144,-0.012658227848101333,-0.004201680672268782,-3.734439834024905,0.43290043290042934,4.504504504504481,2.6548672566371723,2.31903988451348,2.2978143513244764,2.3054326194403267,2.3675464774967927,000100.SZ
2013-09-23,2.36,0.9307513227513227,0,0.01724137931034475,0.008695652173912993,-0.017094017094017144,-0.012658227848101333,-0.8403361344537785,4.424778761061954,7.272727272727253,3.9647577092510877,2.3264871782383016,2.303736794055479,2.307572516717177,2.3674713881684664,000100.SZ
2013-09-24,2.31,-0.14081203139387022,1,-0.021186440677966045,0.01724137931034475,0.008695652173912993,-0.017094017094017144,-2.5316455696202556,3.125,5.000000000000004,3.587443946188351,2.3234895094677013,2.304333289859719,2.307667712140033,2.3668995335598253,000100.SZ
2013-09-25,2.27,0.000510321247225054,2,-0.017316017316017285,-0.021186440677966045,0.01724137931034475,0.008695652173912993,-2.991452991452981,-0.43859649122806044,1.7937219730941756,0.8888888888888946,2.3137641441099372,2.301063452730222,2.306190546958071,2.3659353590965435,000100.SZ
2013-09-26,2.24,-0.338705975364056,3,-0.013215859030836885,-0.017316017316017285,-0.021186440677966045,0.01724137931034475,-2.608695652173898,-3.0303030303030276,-1.3215859030836885,0.0,2.3003524815444942,2.295247885803534,2.303594839234225,2.364682270946329,000100.SZ
2013-09-27,2.23,-0.05537986887774782,4,-0.0044642857142858094,-0.013215859030836885,-0.017316017316017285,-0.021186440677966045,-3.87931034482758,-7.4688796680498,-3.463203463203468,0.45045045045044585,2.287561121263677,2.2890338014412928,2.300708767107393,2.363342148847361,000100.SZ
2013-09-30,2.28,-0.11949865273128113,0,0.022421524663676973,-0.0044642857142858094,-0.013215859030836885,-0.017316017316017285,-3.3898305084745783,-4.201680672268915,0.8849557522123908,3.6363636363636154,2.286186371943008,2.288173439399265,2.2998966585933776,2.3625128737344516,000100.SZ
2013-10-08,2.3,0.5176426948578847,1,0.00877192982456143,0.022421524663676973,-0.0044642857142858094,-0.013215859030836885,-0.43290043290044045,-2.9535864978903037,2.678571428571419,4.545454545454519,2.2886979406806427,2.289299778504097,2.299900711197559,2.3618908550903277,000100.SZ
2013-10-09,2.29,-0.2189056246371941,2,-0.004347826086956386,0.00877192982456143,0.022421524663676973,-0.0044642857142858094,0.8810572687224738,-2.136752136752129,0.43859649122808264,2.6905829596412634,2.2889346787387077,2.2893664662656117,2.299512448013341,2.361175523198882,000100.SZ
2013-10-10,2.34,1.6302120003129157,3,0.02183406113537112,-0.004347826086956386,0.00877192982456143,0.022421524663676973,4.464285714285698,1.7391304347826209,1.298701298701288,3.083700440528636,2.2982192826043972,2.2941887075736487,2.301100195150073,2.36096482147551,000100.SZ
2013-10-11,2.33,-0.19821842840996973,4,-0.004273504273504147,0.02183406113537112,-0.004347826086956386,0.00877192982456143,4.484304932735439,0.4310344827586299,-3.319502074688796,0.8658008658008587,2.303997594858143,2.297599306852349,2.302233520830462,2.3606567137991368,000100.SZ
2013-10-14,2.32,-0.267383844941111,0,-0.0042918454935623185,-0.004273504273504147,0.02183406113537112,-0.004347826086956386,1.7543859649122862,-1.6949152542372947,-2.5210084033613467,2.6548672566371723,2.3069071230657534,2.299732706199744,2.3029302455037772,2.360252169383225,000100.SZ
2013-10-15,2.3,-0.2713486417377655,1,-0.008620689655172376,-0.0042918454935623185,-0.004273504273504147,0.02183406113537112,0.0,-0.43290043290044045,-2.9535864978903037,2.678571428571419,2.3056512825083435,2.2997581627521497,2.302815333915394,2.35965264530976,000100.SZ
2013-10-16,2.31,1.0440568430561825,2,0.004347826086956719,-0.008620689655172376,-0.0042918454935623185,-0.004273504273504147,0.8733624454148492,1.7621145374449254,-1.2820512820512775,1.3157894736842257,2.3064419584159173,2.3007335758233736,2.3030970855265553,2.359158589137524,000100.SZ
2013-10-17,2.3,-0.40234574196838335,3,-0.0043290043290044045,0.004347826086956719,-0.008620689655172376,-0.0042918454935623185,-1.7094017094017144,2.678571428571419,0.0,-0.43290043290044045,2.3052706932493865,2.3006637114592428,2.3029756311921807,2.358569946459539,000100.SZ
2013-10-18,2.29,-0.4176905574516496,4,-0.004347826086956386,-0.0043290043290044045,0.004347826086956719,-0.008620689655172376,-1.716738197424894,2.6905829596412634,-1.2931034482758563,-4.9792531120331995,2.30249420356768,2.299648119891696,2.3024667829101344,2.357887658435066,000100.SZ
2013-10-21,2.36,3.1509231220084004,0,0.03056768558951961,-0.004347826086956386,-0.0043290043290044045,0.004347826086956719,1.724137931034475,3.5087719298245723,0.0,-0.8403361344537785,2.3129498029190105,2.305395917997249,2.304722987501894,2.357908676759095,000100.SZ
2013-10-22,2.47,0.6026757348269125,1,0.04661016949152552,0.03056768558951961,-0.004347826086956386,-0.0043290043290044045,7.391304347826111,7.391304347826111,6.926406926406936,4.219409282700415,2.341504384206463,2.3210724972356065,2.311204438972408,2.359024013308756,000100.SZ
2013-10-23,2.37,-0.40524209830769786,2,-0.04048582995951422,0.04661016949152552,0.03056768558951961,-0.004347826086956386,2.5974025974025983,3.493449781659397,4.405286343612347,1.2820512820512997,2.3466854052598336,2.325732259403644,2.3135101472479995,2.359133227106679,000100.SZ
2013-10-24,2.38,-0.4325568763964498,3,0.00421940928270037,-0.04048582995951422,0.04661016949152552,0.03056768558951961,3.4782608695652195,1.7094017094017033,6.249999999999978,3.4782608695652195,2.3527426043035002,2.3309006156509158,2.3161175924539603,2.3593408566877074,000100.SZ
2013-10-25,2.44,1.004524886877828,4,0.025210084033613578,0.00421940928270037,-0.04048582995951422,0.04661016949152552,6.550218340611358,4.721030042918439,9.4170403587444,5.1724137931034475,2.368607585339227,2.3412910332079715,2.320975726083217,2.360143435228128,000100.SZ
2013-10-28,2.52,0.24632097586386537,0,0.032786885245901676,0.025210084033613578,0.00421940928270037,-0.04048582995951422,6.779661016949157,8.62068965517242,10.526315789473696,6.779661016949157,2.396133478913913,2.3583109348072124,2.3287805995701496,2.361734047812923,000100.SZ
2013-10-29,2.4,-0.14815266324744658,1,-0.04761904761904767,0.032786885245901676,0.025210084033613578,0.00421940928270037,-2.8340080971660075,4.347826086956519,4.347826086956519,3.8961038961038863,2.3968364827477466,2.3622813219684304,2.3315735172340655,2.362114803556078,000100.SZ
2013-10-30,2.5,0.011898555613480966,2,0.04166666666666674,-0.04761904761904767,0.032786885245901676,0.025210084033613578,5.485232067510548,8.225108225108224,9.170305676855882,10.13215859030836,2.4155934858845196,2.3753973865428657,2.3381784773425336,2.3634867955604952,000100.SZ
2013-10-31,2.48,-0.08297724035518383,3,-0.008000000000000007,0.04166666666666674,-0.04761904761904767,0.032786885245901676,4.201680672268915,7.826086956521738,5.982905982905984,10.714285714285698,2.4273037611782433,2.38535954020545,2.343740105682042,2.3646461309280524,000100.SZ
2013-11-01,2.43,-0.38907432499421657,4,-0.020161290322580627,-0.008000000000000007,0.04166666666666674,-0.04761904761904767,-0.4098360655737654,6.113537117903944,4.29184549356223,8.968609865470857,2.4277939864185627,2.3896110125668355,2.3471228466356875,2.3652964181825,000100.SZ
2013-11-04,2.41,-0.3615528868693426,0,-0.008230452674897082,-0.020161290322580627,-0.008000000000000007,0.04166666666666674,-4.36507936507936,2.1186440677966267,3.8793103448276023,5.701754385964919,2.424558716160642,2.391552820893804,2.349588617355857,2.3657412299418783,000100.SZ
2013-11-05,2.41,0.02386533736266827,1,0.0,-0.008230452674897082,-0.020161290322580627,-0.008000000000000007,0.4166666666666874,-2.429149797570851,4.782608695652191,4.782608695652191,2.421911676858707,2.3933096950943944,2.351957691185039,2.366181615713601,000100.SZ
2013-11-06,2.39,0.12603442568685863,2,-0.008298755186721962,0.0,-0.008230452674897082,-0.020161290322580627,-4.399999999999993,0.8438818565400741,3.463203463203457,4.366812227074246,2.416109553793487,2.3929944860377854,2.353449546432685,2.3664186145622224,000100.SZ
2013-11-07,2.34,-0.08017931946792078,3,-0.02092050209205032,-0.008298755186721962,0.0,-0.008230452674897082,-5.645161290322587,-1.6806722689075682,1.7391304347826209,0.0,2.402271453103762,2.387947392129425,2.3529221132392464,2.3661557427755335,000100.SZ
2013-11-08,2.31,-0.019388516032811443,4,-0.012820512820512775,-0.02092050209205032,-0.008298755186721962,0.0,-4.938271604938271,-5.327868852459017,0.8733624454148492,-0.8583690987124526,2.385494825266714,2.380523830974242,2.3512388931122175,2.365596979165827,000100.SZ
2013-11-11,2.32,-0.3151819663226507,0,0.0043290043290042934,-0.012820512820512775,-0.02092050209205032,-0.008298755186721962,-3.734439834024905,-7.936507936507942,-1.6949152542372947,0.0,2.3735866752182204,2.3747596565957427,2.3500138384803657,2.3651432778805948,000100.SZ
2013-11-12,2.36,0.911600237953599,1,0.01724137931034475,0.0043290043290042934,-0.012820512820512775,-0.02092050209205032,-2.0746887966805128,-1.6666666666666718,-4.453441295546567,2.60869565217392,2.3711163706330893,2.373353975015196,2.3504054526576064,2.3650921009862604,000100.SZ
2013-11-13,2.28,-0.31957843198273883,2,-0.03389830508474578,0.01724137931034475,0.0043290043290042934,-0.012820512820512775,-4.602510460251064,-8.800000000000008,-3.797468354430389,-1.2987012987013102,2.3545497577907093,2.364463120251844,2.347644454514171,2.364245413414258,000100.SZ
2013-11-14,2.32,0.26279842668536757,3,0.01754385964912286,-0.03389830508474578,0.01724137931034475,0.0043290043290042934,-0.8547008547008517,-6.451612903225811,-2.5210084033613467,0.8695652173912993,2.348267983646944,2.3602285373707157,2.346560358258713,2.363805160544464,000100.SZ
2013-11-15,2.33,0.16949971025690558,4,0.004310344827586299,0.01754385964912286,-0.03389830508474578,0.01724137931034475,0.8658008658008587,-4.115226337448563,-4.508196721311474,1.7467248908296984,2.344946532074772,2.357349629049695,2.345910932444646,2.363468790787803,000100.SZ
2013-11-18,2.37,-0.004397555537203668,0,0.017167381974249052,0.004310344827586299,0.01754385964912286,-0.03389830508474578,2.155172413793105,-1.6597510373444035,-5.952380952380953,0.4237288135593209,2.349501708061177,2.3585544262830576,2.346855601760542,2.363533777944143,000100.SZ
2013-11-19,2.34,-0.3936918068141758,1,-0.012658227848101333,0.017167381974249052,0.004310344827586299,0.01754385964912286,-0.8474576271186418,-2.904564315352709,-2.500000000000002,-5.2631578947368585,2.3477741247773265,2.3567873380656237,2.3465867546326775,2.3632996109994253,000100.SZ
2013-11-20,2.4,1.577194062521376,2,0.025641025641025772,-0.012658227848101333,0.017167381974249052,0.004310344827586299,5.263157894736836,0.4184100418409997,-4.0000000000000036,1.2658227848101111,2.357269738454176,2.3609028296784214,2.348681391705906,2.363664788999431,000100.SZ
2013-11-21,2.39,-0.1268048625119439,3,-0.004166666666666541,0.025641025641025772,-0.012658227848101333,0.017167381974249052,3.0172413793103647,2.1367521367521514,-3.629032258064513,0.42016806722691147,2.363220695098871,2.363673988756667,2.3503017292860666,2.3639268308999344,000100.SZ
2013-11-22,2.37,-0.25171360396370657,4,-0.008368200836820106,-0.004166666666666541,0.025641025641025772,-0.012658227848101333,1.7167381974249052,2.5974025974025983,-2.4691358024691357,-2.868852459016391,2.3644532959899855,2.364276466017937,2.3510742104905344,2.363987260443219,000100.SZ
2013-11-25,2.35,-0.3586676145018788,0,-0.008438818565400852,-0.008368200836820106,-0.004166666666666541,0.025641025641025772,-0.8438818565400852,1.2931034482758674,-2.4896265560165998,-6.746031746031744,2.361825423991806,2.3629168025876575,2.351032084588945,2.363848083722391,000100.SZ
2013-11-26,2.35,-0.15761971117304274,1,0.0,-0.008438818565400852,-0.008368200836820106,-0.004166666666666541,0.42735042735044804,-0.4237288135593098,-2.4896265560165998,-2.083333333333326,2.359675346902387,2.3616866309126427,2.3509916106834967,2.3637102918445567,000100.SZ
2013-11-27,2.35,-0.0005639309748488586,2,0.0,0.0,-0.008438818565400852,-0.008368200836820106,-2.083333333333326,3.070175438596512,-1.673640167364021,-5.999999999999995,2.357916192920135,2.3605736184447723,2.3509527239900265,2.3635738710301832,000100.SZ
2013-11-28,2.38,1.2522946133012338,3,0.012765957446808418,0.0,0.0,-0.008438818565400852,-0.4184100418410108,2.586206896551735,1.7094017094017033,-4.032258064516137,2.3619314305710195,2.3624237500214607,2.3520918328531626,2.363737315099535,000100.SZ
2013-11-29,2.36,-0.427473903966597,4,-0.008403361344537785,0.012765957446808418,0.0,0.0,-0.42194092827004814,1.2875536480686511,2.1645021645021467,-2.880658436214001,2.3615802613762886,2.3621929166860838,2.3524019570549997,2.363700127884614,000100.SZ
2013-12-02,2.3,0.8009043173862311,0,-0.025423728813559365,-0.008403361344537785,0.012765957446808418,0.0,-2.1276595744680993,-2.9535864978903037,-0.8620689655172376,-4.564315352697113,2.3503838502169634,2.3562697817636,2.350346978346961,2.3630662957663593,000100.SZ
2013-12-03,2.33,-0.5356442860613915,1,0.013043478260869712,-0.025423728813559365,-0.008403361344537785,0.012765957446808418,-0.8510638297872353,-0.42735042735041473,-1.2711864406779627,-3.319502074688796,2.346677695632061,2.353767897786114,2.3495490576274722,2.3627372778980376,000100.SZ
2013-12-04,2.35,0.4043325077615376,2,0.008583690987124415,0.013043478260869712,-0.025423728813559365,-0.008403361344537785,0.0,-2.083333333333326,3.070175438596512,-1.673640167364021,2.3472817509716863,2.3534090503779126,2.3495667416420813,2.3626105388144754,000100.SZ
2013-12-05,2.42,1.1938993491976753,3,0.029787234042553123,0.008583690987124415,0.013043478260869712,-0.025423728813559365,1.680672268907557,1.2552301255229992,4.31034482758621,3.418803418803429,2.360503250795016,2.359751045580016,2.352328830205137,2.363181578229257,000100.SZ
2013-12-06,2.39,-0.4521070627929621,4,-0.012396694214875992,0.029787234042553123,0.008583690987124415,0.013043478260869712,1.271186440677985,0.8438818565400741,2.5751072961373467,3.463203463203457,2.365866296105013,2.362631898381919,2.3538061309814062,2.3634484281971253,000100.SZ
2013-12-09,2.4,-0.18269926225951116,0,0.004184100418409997,-0.012396694214875992,0.029787234042553123,0.008583690987124415,4.347826086956519,2.127659574468077,1.2658227848101111,3.4482758620689724,2.3720724240859195,2.366190765202689,2.3556176552566455,2.3638121254289945,000100.SZ
2013-12-10,2.45,1.4680910240202274,1,0.02083333333333348,0.004184100418409997,-0.012396694214875992,0.029787234042553123,5.150214592274693,4.255319148936176,4.700854700854706,3.8135593220339103,2.3862410742521156,2.374172597088147,2.3593189236779537,2.364669716220746,000100.SZ
2013-12-11,2.4,-0.4693124891151793,2,-0.020408163265306256,0.02083333333333348,0.004184100418409997,-0.012396694214875992,2.127659574468077,2.127659574468077,0.0,5.263157894736836,2.3887426971153674,2.376632349746419,2.3609142600043085,2.365021261332977,000100.SZ
2013-12-12,2.38,-0.34848075363885567,3,-0.008333333333333304,-0.020408163265306256,0.02083333333333348,0.004184100418409997,-1.6528925619834767,0.0,-0.4184100418410108,2.586206896551735,2.387153115821664,2.376953078341998,2.3616627203962963,2.3651703035087683,000100.SZ
2013-12-13,2.4,-0.12977777777777777,4,0.008403361344537785,-0.008333333333333304,-0.020408163265306256,0.02083333333333348,0.4184100418409997,1.6949152542372836,1.2658227848101111,3.0042918454935563,2.3894889129449974,2.379148023261808,2.3631661431258535,2.3655168676529597,000100.SZ
2013-12-16,2.34,0.13503575076608798,0,-0.025000000000000022,0.008403361344537785,-0.008333333333333304,-0.020408163265306256,-2.500000000000002,1.7391304347826209,-0.42553191489362874,-1.2658227848101333,2.3804909287731797,2.375419640094017,2.36225766692484,2.3652629684723334,000100.SZ
2013-12-17,2.33,-0.32592392608591314,1,-0.004273504273504147,-0.025000000000000022,0.008403361344537785,-0.008333333333333304,-4.897959183673473,0.0,-0.8510638297872353,-0.42735042735041473,2.3713107599053287,2.3710939600850627,2.3609926603787676,2.364912093164151,000100.SZ
2013-12-18,2.32,-0.23345645498642698,2,-0.0042918454935623185,-0.004273504273504147,-0.025000000000000022,0.008403361344537785,-3.3333333333333326,-1.276595744680864,-1.276595744680864,-3.3333333333333326,2.3619815308316325,2.36622786864839,2.3593851050697965,2.364465206665005,000100.SZ
2013-12-19,2.31,0.24011611030478952,3,-0.004310344827586077,-0.0042918454935623185,-0.004273504273504147,-0.025000000000000022,-2.941176470588225,-4.545454545454541,-2.941176470588225,-3.347280334728031,2.3525303434076994,2.3608728335390197,2.357448434282746,2.3639232643101296,000100.SZ
2013-12-20,2.28,0.34862600065539984,4,-0.012987012987013102,-0.004310344827586077,-0.0042918454935623185,-0.004273504273504147,-5.000000000000004,-4.602510460251064,-3.3898305084745783,-3.797468354430389,2.339343008242663,2.3531706589162558,2.3544112407814617,2.36308820695381,000100.SZ
2013-12-23,2.27,-0.34136351013607324,0,-0.004385964912280604,-0.012987012987013102,-0.004310344827586077,-0.0042918454935623185,-2.991452991452981,-5.416666666666659,-1.304347826086949,-3.404255319148941,2.3267351885621785,2.3452496437813743,2.351100996044934,2.3621619561383493,000100.SZ
2013-12-24,2.28,-0.002582481290186567,1,0.004405286343612147,-0.004385964912280604,-0.012987012987013102,-0.004310344827586077,-2.145922746781126,-6.938775510204098,-2.145922746781126,-2.9787234042553346,2.318237881550873,2.339035391992672,2.3483127216902306,2.361344424236475,000100.SZ
2013-12-25,2.33,0.6883487450462351,2,0.021929824561403688,0.004405286343612147,-0.004385964912280604,-0.012987012987013102,0.4310344827586299,-2.9166666666666563,-0.8510638297872353,-0.8510638297872353,2.3203764485416234,2.33817487846956,2.3475945757415944,2.361032539418202,000100.SZ
2013-12-26,2.28,-0.30170255383074607,3,-0.02145922746781126,0.021929824561403688,0.004405286343612147,-0.004385964912280604,-1.2987012987013102,-4.201680672268915,-5.785123966942152,-4.201680672268915,2.3130352760795097,2.3326344138534116,2.3449438080654534,2.3602262454936427,000100.SZ
2013-12-27,2.33,0.546432413051273,4,0.021929824561403688,-0.02145922746781126,0.021929824561403688,0.004405286343612147,2.192982456140369,-2.9166666666666563,-2.5104602510460317,-1.2711864406779627,2.3161197713377804,2.332383517295944,2.3443577763766124,2.3599254868320143,000100.SZ
2013-12-30,2.32,-0.2795038256434037,0,-0.0042918454935623185,0.021929824561403688,-0.02145922746781126,0.021929824561403688,2.2026431718061623,-0.8547008547008517,-3.3333333333333326,0.8695652173912993,2.3168252674581837,2.33120413469633,2.3434025694598826,2.3595282183063224,000100.SZ
2013-12-31,2.33,-0.23467417538213997,1,0.004310344827586299,-0.0042918454935623185,0.021929824561403688,-0.02145922746781126,2.192982456140369,0.0,-4.897959183673473,0.0,2.3192206733748777,2.3310894552014414,2.3428769785006716,2.3592344051888468,000100.SZ
2014-01-02,2.32,-0.07342583832650063,3,-0.0042918454935623185,0.004310344827586299,-0.0042918454935623185,0.021929824561403688,-0.42918454935623185,0.0,-3.3333333333333326,-1.276595744680864,2.3193623691249,2.3300333166108276,2.3419798420888807,2.3588440130974155,000100.SZ
2014-01-03,2.29,0.4101196891485621,4,-0.012931034482758563,-0.0042918454935623185,0.004310344827586299,-0.0042918454935623185,0.43859649122808264,-0.8658008658008698,-3.7815126050420145,-5.371900826446274,2.314023756556736,2.3262206197907487,2.3399414169089248,2.35815899804172,000100.SZ
2014-01-06,2.27,0.11074459954141358,0,-0.008733624454148492,-0.012931034482758563,-0.0042918454935623185,0.004310344827586299,-2.5751072961373467,-0.43859649122806044,-5.416666666666659,-5.020920502092052,2.306019437182784,2.3208662750487723,2.33719861624583,2.357281794081106,000100.SZ
2014-01-07,2.27,-0.393669419093148,1,0.0,-0.008733624454148492,-0.012931034482758563,-0.0042918454935623185,-2.155172413793094,0.0,-2.991452991452981,-5.416666666666659,2.2994704486040956,2.31602186790127,2.334563376393052,2.3564133185181104,000100.SZ
2014-01-08,2.28,0.26263289929518585,2,0.004405286343612147,0.0,-0.008733624454148492,-0.012931034482758563,-2.145922746781126,0.0,-2.145922746781126,-6.938775510204098,2.2959303670397144,2.312591213815435,2.332423636142344,2.355652986990567,000100.SZ
2014-01-09,2.3,0.9798476749136666,3,0.00877192982456143,0.004405286343612147,0.0,-0.008733624454148492,-0.8620689655172376,-1.2875536480686844,-0.8620689655172376,-4.166666666666674,2.2966703003052205,2.3113920505949177,2.331152120999507,2.3550992259259846,000100.SZ
2014-01-10,2.32,-0.10888368536748538,4,0.008695652173912993,0.00877192982456143,0.004405286343612147,0.0,1.3100436681222627,1.7543859649122862,0.43290043290042934,-2.5210084033613467,2.300912063886089,2.3122118553001636,2.330714782921095,2.3547499798968703,000100.SZ
2014-01-13,2.28,-0.4005898914063547,0,-0.017241379310344862,0.008695652173912993,0.00877192982456143,0.004405286343612147,0.4405286343612147,-2.145922746781126,0.0,-5.000000000000004,2.2971098704522546,2.309144059557291,2.3287259679045813,2.354006199002374,000100.SZ
2014-01-14,2.35,2.382017445761574,1,0.03070175438596512,-0.017241379310344862,0.008695652173912993,0.00877192982456143,3.524229074889873,1.2931034482758674,3.524229074889873,0.42735042735044804,2.3067262576427536,2.313035101504216,2.329560243673029,2.3539663363257337,000100.SZ
2014-01-15,2.34,-0.40440447060379603,2,-0.004255319148936287,0.03070175438596512,-0.017241379310344862,0.008695652173912993,2.6315789473684292,0.42918454935620964,2.6315789473684292,0.42918454935620964,2.3127760289804344,2.315603187075243,2.32996964588193,2.3538273678050796,000100.SZ
2014-01-16,2.32,-0.21998667554963358,3,-0.008547008547008517,-0.004255319148936287,0.03070175438596512,-0.017241379310344862,0.8695652173912993,0.0,-0.42918454935623185,0.0,2.3140894782567187,2.316021931163315,2.329578679376756,2.353490777080651,000100.SZ
2014-01-17,2.29,-0.28917549254071295,4,-0.012931034482758563,-0.008547008547008517,-0.004255319148936287,0.03070175438596512,-1.2931034482758563,0.0,0.43859649122808264,-0.8658008658008698,2.3097095731191333,2.313543652004904,2.328026574303158,2.3528590280549726,000100.SZ
2014-01-20,2.28,-0.135819281451516,0,-0.004366812227074357,-0.012931034482758563,-0.008547008547008517,-0.004255319148936287,0.0,0.4405286343612147,-2.145922746781126,0.0,2.304307832552018,2.3103490184806272,2.326143179232446,2.352134062601689,000100.SZ
2014-01-21,2.28,-0.18743047830923243,1,0.0,-0.004366812227074357,-0.012931034482758563,-0.008547008547008517,-2.9787234042553346,0.4405286343612147,-1.7241379310344862,0.4405286343612147,2.299888226633469,2.3074586357681866,2.3243336427919576,2.3514163107350057,000100.SZ
2014-01-22,2.32,1.2886721423682412,2,0.01754385964912286,0.0,-0.004366812227074357,-0.012931034482758563,-0.8547008547008517,1.7543859649122862,-0.42918454935623185,1.7543859649122862,2.3035449127001106,2.3086530514093115,2.3241636960158023,2.35110371062819,000100.SZ
2014-01-23,2.32,-0.31102803738317764,3,0.0,0.01754385964912286,0.0,-0.004366812227074357,0.0,0.8695652173912993,0.0,-0.42918454935623185,2.306536746754636,2.309733713179853,2.324000413819104,2.3507942209701977,000100.SZ
2014-01-24,2.33,0.12002170374389576,4,0.004310344827586299,0.0,0.01754385964912286,0.0,1.7467248908296984,0.4310344827586299,1.7467248908296984,2.192982456140369,2.3108027927992474,2.311663835734153,2.324235691708551,2.3505873132988526,000100.SZ
2014-01-27,2.56,6.7420469592739725,0,0.09871244635193133,0.004310344827586299,0.0,0.01754385964912286,12.28070175438598,12.28070175438598,12.77533039647578,9.871244635193133,2.3561113759266568,2.335314898997567,2.3334813508572356,2.3526710216242375,000100.SZ
2014-01-28,2.58,-0.23239069402670653,1,0.0078125,0.09871244635193133,0.004310344827586299,0.0,13.157894736842124,9.787234042553195,13.656387665198233,11.206896551724155,2.3968183984854465,2.3586182419501793,2.343148748862834,2.3549330015085737,000100.SZ
2014-01-29,2.6,-0.4282942682151416,2,0.007751937984496138,0.0078125,0.09871244635193133,0.004310344827586299,12.068965517241391,11.111111111111116,14.035087719298268,11.587982832618016,2.433760507851729,2.3816069808120672,2.3532213469466448,2.3573714791055034,000100.SZ
2014-01-30,2.5,-0.2594511354670672,3,-0.03846153846153855,0.007751937984496138,0.0078125,0.09871244635193133,7.758620689655182,7.758620689655182,8.69565217391306,7.758620689655182,2.445804051878687,2.392882506449013,2.3589773725565806,2.3587906683681354,000100.SZ
2014-02-07,2.61,0.3304152493421477,4,0.04400000000000004,-0.03846153846153855,0.007751937984496138,0.0078125,12.017167381974247,13.973799126637543,12.5,13.973799126637543,2.4756578606280164,2.4135603629776785,2.368821397162205,2.361290263707756,000100.SZ
2014-02-10,2.62,0.08341855932693987,0,0.003831417624521105,0.04400000000000004,-0.03846153846153855,0.007751937984496138,2.34375,14.91228070175441,14.91228070175441,15.41850220264318,2.501901885968377,2.4332212807893283,2.3786715384499617,2.3638644899395196,000100.SZ
2014-02-11,2.67,0.022040750899440686,1,0.01908396946564883,0.003831417624521105,0.04400000000000004,-0.03846153846153855,3.48837209302324,17.105263157894733,13.617021276595743,17.62114537444934,2.5324651794286717,2.4557716349998686,2.3900961840009436,2.3669106144177334,000100.SZ
2014-02-12,2.64,-0.4181689858583042,2,-0.011235955056179692,0.01908396946564883,0.003831417624521105,0.04400000000000004,1.538461538461533,13.793103448275868,12.820512820512842,15.789473684210531,2.5520169649870947,2.4733171935713094,2.3998963336479653,2.3696279217369605,000100.SZ
2014-02-13,2.64,0.2906926244852115,3,0.0,-0.011235955056179692,0.01908396946564883,0.003831417624521105,5.600000000000005,13.793103448275868,13.793103448275868,14.782608695652177,2.5680138804439863,2.489191746564518,2.4093121637009864,2.372318191172414,000100.SZ
2014-02-14,2.65,-0.40204905669134194,4,0.0037878787878786735,0.0,-0.011235955056179692,0.01908396946564883,1.5325670498084198,13.733905579399131,15.720524017467241,14.224137931034498,2.582920447635989,2.5045068183202783,2.4187509023793794,2.375081194245325,000100.SZ
2014-02-17,2.68,0.62805860095081,0,0.01132075471698113,0.0037878787878786735,0.0,-0.011235955056179692,2.2900763358778553,4.6875,17.543859649122815,17.543859649122815,2.6005712753385364,2.521220454670728,2.4289959650311683,2.3781152122130336,000100.SZ
2014-02-18,2.62,-0.15466854187027723,1,-0.022388059701492602,0.01132075471698113,0.0037878787878786735,0.0,-1.872659176029956,1.5503875968992276,14.91228070175441,11.489361702127665,2.60410377073153,2.5306280304163735,2.4364863193436714,2.3805220260218594,000100.SZ
2014-02-19,2.58,0.33828692280578077,2,-0.01526717557251911,-0.022388059701492602,0.01132075471698113,0.0037878787878786735,-2.2727272727272707,-0.7692307692307665,11.206896551724155,10.256410256410264,2.599721266962161,2.5353301227576712,2.44211430682039,2.3825068814843284,000100.SZ
2014-02-20,2.56,-0.14514633683811284,3,-0.007751937984496138,-0.01526717557251911,-0.022388059701492602,0.01132075471698113,-3.0303030303030276,2.400000000000002,10.344827586206918,10.344827586206918,2.592499218423586,2.5376796348759885,2.446737275180375,2.3842729821660766,000100.SZ
2014-02-21,2.6,-0.46881354678892295,4,0.015625,-0.007751937984496138,-0.01526717557251911,-0.022388059701492602,-1.8867924528301772,-0.3831417624520994,11.587982832618016,13.53711790393013,2.5938629968920246,2.543614907744942,2.452747578114478,2.3864195196569615,000100.SZ
2014-02-24,2.65,1.310967262940535,0,0.019230769230769162,0.015625,-0.007751937984496138,-0.01526717557251911,-1.1194029850746356,1.1450381679389166,3.515625,16.228070175438614,2.6040697247298383,2.5537468212930428,2.460482967208028,2.3890422110036584,000100.SZ
2014-02-25,2.65,0.49815772300587335,1,0.0,0.019230769230769162,0.015625,-0.007751937984496138,1.1450381679389166,-0.7490636704119868,2.7131782945736482,16.228070175438614,2.6124206838698676,2.562913790693705,2.4679150077096743,2.3916388059190448,000100.SZ
2014-02-26,2.75,0.3068005146625208,2,0.037735849056603765,0.0,0.019230769230769162,0.015625,6.589147286821695,4.166666666666652,5.769230769230771,18.534482758620708,2.637435104984437,2.5807315249133524,2.4789771642700793,2.395204588944726,000100.SZ
2014-02-27,2.73,-0.5565418499943591,3,-0.0072727272727273196,0.037735849056603765,0.0,0.019230769230769162,6.640625,3.409090909090895,9.200000000000008,17.67241379310345,2.6542650858963577,2.5949475701597002,2.4888211970438014,2.3985358865671667,000100.SZ
2014-02-28,2.78,-0.15867802999641523,4,0.01831501831501825,-0.0072727272727273196,0.037735849056603765,0.0,6.923076923076921,4.9056603773584895,6.513409961685812,19.313304721030033,2.677125979369747,2.6125716110968717,2.500239973630319,2.402331549387394,000100.SZ
2014-03-03,2.77,-0.22424575630540855,0,-0.003597122302158251,0.01831501831501825,-0.0072727272727273196,0.037735849056603765,4.528301886792452,3.3582089552238736,5.725190839694649,8.203125,2.6940121649388837,2.627564790992408,2.510818798193836,2.405989941930803,000100.SZ
2014-03-04,2.69,0.1196846208362865,1,-0.028880866425992857,-0.003597122302158251,0.01831501831501825,-0.0072727272727273196,1.5094339622641506,2.6717557251908275,0.7490636704119868,4.263565891472854,2.693282680404541,2.6335110013740834,2.517845511990156,2.4088159126578597,000100.SZ
2014-03-05,2.64,-0.3958541023815175,2,-0.018587360594795488,-0.028880866425992857,-0.003597122302158251,0.01831501831501825,-3.9999999999999925,2.3255813953488413,0.0,1.538461538461533,2.683594920330988,2.634129001243218,2.5226358840689733,2.4111162518353937,000100.SZ
2014-03-06,2.63,-0.1285261531208256,3,-0.0037878787878788955,-0.018587360594795488,-0.028880866425992857,-0.003597122302158251,-3.663003663003661,2.734375,-0.37878787878788955,5.200000000000005,2.6738503893617174,2.6337357630295783,2.5268462415564645,2.4132941995783255,000100.SZ
2014-03-07,2.63,0.10528372204856917,4,0.0,-0.0037878787878788955,-0.018587360594795488,-0.028880866425992857,-5.39568345323741,1.1538461538461497,-0.7547169811320753,0.766283524904221,2.6658775912959505,2.63337997607438,2.530891486985623,2.4154504761994366,000100.SZ
2014-03-10,2.49,0.4354316791298436,0,-0.053231939163498,0.0,-0.0037878787878788955,-0.018587360594795488,-10.10830324909746,-6.037735849056592,-7.089552238805963,-4.961832061068694,2.6338998474239594,2.6197247402577726,2.5292878992606966,2.41619226250591,000100.SZ
2014-03-11,2.5,-0.3766575736909904,1,0.00401606425702794,-0.053231939163498,0.0,-0.0037878787878788955,-7.063197026022305,-5.660377358490565,-4.580152671755733,-6.367041198501866,2.609554420619603,2.6083223840427467,2.5281393541916497,2.417026170341672,000100.SZ
2014-03-12,2.48,-0.13113508585321387,2,-0.008000000000000007,0.00401606425702794,-0.053231939163498,0.0,-6.060606060606066,-9.818181818181815,-3.875968992248069,-6.060606060606066,2.5859990714160386,2.596101204610104,2.5262515363802125,2.4176527756119044,000100.SZ
2014-03-13,2.5,-0.20643581671913247,3,0.008064516129032251,-0.008000000000000007,0.00401606425702794,-0.053231939163498,-4.942965779467679,-8.424908424908429,-2.34375,-5.30303030303031,2.5703628766131223,2.5869487089329515,2.5252220643653023,2.41847215097895,000100.SZ
2014-03-14,2.53,0.911274682651622,4,0.01200000000000001,0.008064516129032251,-0.008000000000000007,0.00401606425702794,-3.802281368821292,-8.992805755395683,-2.692307692307705,-4.528301886792452,2.5630241717743725,2.5815250223679085,2.5254094343901925,2.4195818808199556,000100.SZ
2014-03-17,2.54,-0.44355787191845586,0,0.0039525691699606735,0.01200000000000001,0.008064516129032251,-0.008000000000000007,2.008032128514059,-8.30324909747292,-4.150943396226414,-5.223880597014929,2.5588379587244865,2.5775702583328695,2.5259816134337143,2.420780071060553,000100.SZ
2014-03-20,2.5,-0.4899009606629875,3,-0.03846153846153855,0.023622047244094446,0.0,0.0039525691699606735,0.0,-4.942965779467679,-8.424908424908429,-2.34375,2.551970602486965,2.569186308379781,2.528259046964313,2.4244966459033916,000100.SZ
2014-03-21,2.56,-0.025826897858079456,4,0.02400000000000002,-0.03846153846153855,0.023622047244094446,0.0,1.1857707509881577,-2.6615969581748944,-7.913669064748197,-1.538461538461544,2.55343049294388,2.568311421867421,2.529503790220615,2.425844937983955,000100.SZ
2014-03-24,2.62,0.4815839658976182,0,0.0234375,0.02400000000000002,-0.03846153846153855,0.023622047244094446,3.149606299212593,5.2208835341365445,-5.415162454873645,-1.1320754716981019,2.5655340396813564,2.5732341435943336,2.533052661192355,2.4277768291482937,000100.SZ
2014-03-25,2.7,0.7956690727373681,1,0.03053435114503822,0.0234375,0.02400000000000002,-0.03846153846153855,6.299212598425208,8.000000000000007,0.3717472118959231,1.8867924528301883,2.5899823961029282,2.585307082299635,2.5395996156554004,2.430485517415475,000100.SZ
2014-03-26,2.67,-0.45611963793781984,2,-0.011111111111111183,0.03053435114503822,0.0234375,0.02400000000000002,2.6923076923076827,7.6612903225806495,1.1363636363636243,-2.9090909090909167,2.604531051356941,2.593373074461575,2.5447133562179336,2.4328687460979084,000100.SZ
2014-03-27,2.55,0.02765143684101723,3,-0.0449438202247191,-0.011111111111111183,0.03053435114503822,0.0234375,2.0000000000000018,2.0000000000000018,-3.041825095057038,-6.593406593406604,2.594616314746588,2.5892423054652345,2.5449206755819365,2.434034231211362,000100.SZ
2014-03-28,2.51,-0.14097470200673945,4,-0.015686274509803977,-0.0449438202247191,-0.011111111111111183,0.03053435114503822,-1.953125000000011,-0.7905138339920903,-4.562737642585557,-9.712230215827343,2.5792315302472084,2.58169541923045,2.5435512373238214,2.434790109507767,000100.SZ
2014-03-31,2.53,-0.38228922716627645,0,0.007968127490039834,-0.015686274509803977,-0.0449438202247191,-0.011111111111111183,-3.435114503816805,-0.3937007874015852,1.6064257028112205,-8.664259927797847,2.570280342929534,2.576772045970407,2.543019816252299,2.435737471602217,000100.SZ
2014-04-01,2.54,-0.02056774560447372,1,0.0039525691699606735,0.007968127490039834,-0.015686274509803977,-0.0449438202247191,-5.9259259259259345,0.0,1.6000000000000014,-5.576208178438657,2.564774826033255,2.573269946354178,2.542901392085542,2.4367749096957274,000100.SZ
2014-04-02,2.54,-0.07030531765616688,2,0.0,0.0039525691699606735,0.007968127490039834,-0.015686274509803977,-4.868913857677903,-2.3076923076923106,2.4193548387096753,-3.7878787878787956,2.5602703122090267,2.5701013800347323,2.542787612003756,2.437802025022138,000100.SZ
2014-04-03,2.57,0.8673363172686586,3,0.011811023622047223,0.0,0.0039525691699606735,0.007968127490039834,0.7843137254901933,2.8000000000000025,2.8000000000000025,-2.281368821292773,2.5620393463528397,2.570091724793329,2.5438547644741965,2.4391174277582364,000100.SZ
2014-04-04,2.58,-0.33599041221884673,4,0.0038910505836575737,0.011811023622047223,0.0,0.0039525691699606735,2.788844621513964,0.78125,1.976284584980248,-1.9011406844106404,2.5653049197432325,2.5710353700511073,2.5452722246908945,2.440519244397458,000100.SZ
2014-04-08,2.64,0.8433932169241101,1,0.023255813953488413,0.0038910505836575737,0.011811023622047223,0.0,4.347826086956541,0.7633587786259444,3.937007874015741,6.024096385542155,2.578885843426281,2.57760343004624,2.5489870394088987,2.442504127537782,000100.SZ
2014-04-09,2.63,-0.3077395996994331,2,-0.0037878787878788955,0.023255813953488413,0.0038910505836575737,0.011811023622047223,3.543307086614167,-2.592592592592602,3.543307086614167,5.200000000000005,2.588179326439684,2.5825935795656454,2.5521640182556085,2.444369758109546,000100.SZ
2014-04-10,2.64,0.7064666798236958,3,0.0038022813688214363,-0.0037878787878788955,0.023255813953488413,0.0038910505836575737,3.937007874015741,-1.1235955056179692,1.538461538461533,6.451612903225823,2.597601267087014,2.5880608577022506,2.55560856655931,2.4463163276805955,000100.SZ
2014-04-11,2.61,-0.22692752505782565,4,-0.011363636363636465,0.0038022813688214363,-0.0037878787878788955,0.023255813953488413,1.5564202334630295,2.35294117647058,4.400000000000004,4.400000000000004,2.5998555821621023,2.590150299825846,2.557741563949141,2.447945020937505,000100.SZ
2014-04-14,2.61,-0.3230109457201985,0,0.0,-0.011363636363636465,0.0038022813688214363,-0.0037878787878788955,1.1627906976744207,3.984063745019917,1.953125,3.1620553359683834,2.6017000217689925,2.5920407474614797,2.5597909143825084,2.4495575082913605,000100.SZ
2014-04-15,2.6,0.23084855627578094,1,-0.003831417624520994,0.0,-0.011363636363636465,0.0038022813688214363,-1.5151515151515138,2.7667984189723382,-0.7633587786259555,2.3622047244094446,2.6013909269019027,2.5927987715127676,2.561367741269469,2.4510544485073673,000100.SZ
2014-04-16,2.61,-0.34222022740873725,2,0.0038461538461538325,-0.003831417624520994,0.0,-0.011363636363636465,-0.760456273764254,2.7559055118110187,-3.3333333333333437,2.7559055118110187,2.6029562129197386,2.594436983749647,2.5632748886706667,2.4526359962834134,000100.SZ
2014-04-17,2.59,-0.13624164126825278,3,-0.007662835249042099,0.0038461538461538325,-0.003831417624520994,0.0,-1.8939393939394034,1.9685039370078705,-2.9962546816479474,-0.38461538461539435,2.6006005378434223,2.594014413868728,2.5643229322522094,2.454002802290544,000100.SZ
2014-04-18,2.58,0.0715188540130609,4,-0.0038610038610037423,-0.007662835249042099,0.0038461538461538325,-0.003831417624520994,-1.1494252873563093,0.3891050583657574,1.1764705882353121,3.200000000000003,2.5968549855082546,2.592679707785992,2.564937719222711,2.4552565057503393,000100.SZ
2014-04-21,2.51,0.4809790622235328,0,-0.027131782945736593,-0.0038610038610037423,-0.007662835249042099,0.0038461538461538325,-3.831417624521072,-2.7131782945736593,0.0,-1.953125000000011,2.581063169961299,2.5848054499016118,2.5627832988610364,2.455801217135908,000100.SZ
2014-04-22,2.52,-0.2968604805522368,1,0.003984063745019917,-0.027131782945736593,-0.0038610038610037423,-0.007662835249042099,-3.076923076923077,-4.545454545454552,-0.39525691699603405,-3.8167938931297773,2.5699607754228806,2.578633502291934,2.5611055224351134,2.4564400109952524,000100.SZ
2014-04-23,2.51,-0.3233114645773352,2,-0.003968253968254065,0.003984063745019917,-0.027131782945736593,-0.0038610038610037423,-3.831417624521072,-4.562737642585557,-1.1811023622047334,-7.037037037037052,2.5590588162550842,2.572096978264131,2.559101384300403,2.4569729462092305,000100.SZ
2014-04-24,2.5,0.039129525005231036,3,-0.003984063745019806,-0.003968253968254065,0.003984063745019917,-0.027131782945736593,-3.474903474903468,-5.30303030303031,-1.5748031496062964,-6.367041198501866,2.548320849663251,2.565230599381833,2.5567836829552895,2.457401076097696,000100.SZ
2014-04-25,2.4,1.7733924016646534,4,-0.040000000000000036,-0.003984063745019806,-0.003968253968254065,0.003984063745019917,-6.976744186046513,-8.045977011494255,-6.6147859922178975,-5.882352941176472,2.5213534224517504,2.5494943518216586,2.550635303231553,2.456829921111649,000100.SZ
2014-04-28,2.34,-0.36509511593010313,0,-0.025000000000000022,-0.040000000000000036,-0.003984063745019806,-0.003968253968254065,-6.7729083665338585,-10.344827586206895,-9.302325581395355,-6.7729083665338585,2.488380072915068,2.5295425087910246,2.542375095261688,2.4556674343344187,000100.SZ
2014-04-29,2.37,-0.36057637327030834,1,0.012820512820512997,-0.025000000000000022,-0.040000000000000036,-0.003984063745019806,-5.952380952380953,-8.846153846153848,-10.22727272727273,-6.324110671936745,2.466856423294147,2.51434798414426,2.535615287604367,2.4548150220524843,000100.SZ
2014-04-30,2.38,-0.2552760224156433,2,0.00421940928270037,0.012820512820512997,-0.025000000000000022,-0.040000000000000036,-5.179282868525892,-8.812260536398464,-9.505703422053235,-6.299212598425208,2.451064346331574,2.501552938035283,2.5295127273061566,2.4540705939723604,000100.SZ
2014-05-05,2.37,0.1423310918988152,0,-0.004201680672268782,0.00421940928270037,0.012820512820512997,-0.025000000000000022,-5.199999999999994,-8.494208494208488,-10.22727272727273,-6.69291338582677,2.4363253742712883,2.4890240867938274,2.523257326235327,2.4532340706492524,000100.SZ
2014-05-06,2.4,0.38563419761737916,1,0.012658227848101111,-0.004201680672268782,0.00421940928270037,0.012820512820512997,0.0,-6.976744186046513,-8.045977011494255,-6.6147859922178975,2.4297207607674176,2.4805456023372723,2.5184237055986474,2.452704378403986,000100.SZ
2014-05-07,2.39,-0.21711424670004542,2,-0.004166666666666541,0.012658227848101111,-0.004201680672268782,0.00421940928270037,2.1367521367521514,-4.7808764940238895,-8.429118773946353,-7.36434108527132,2.422498804264251,2.4719222116384842,2.513387481849681,2.452080454240763,000100.SZ
2014-05-08,2.38,-0.24373385012919901,3,-0.004184100418410108,-0.004166666666666541,0.012658227848101111,-0.004201680672268782,0.42194092827003704,-5.555555555555558,-8.461538461538465,-9.848484848484862,2.414771748943478,2.463167715291962,2.5081566002085167,2.4513632357906063,000100.SZ
2014-05-09,2.35,0.6750661997095755,4,-0.012605042016806678,-0.004184100418410108,-0.004166666666666541,0.012658227848101111,-1.2605042016806678,-6.374501992031856,-9.961685823754785,-10.646387832699611,2.402995067317391,2.4523898376451085,2.5019543805924966,2.450354646379755,000100.SZ
2014-05-12,2.4,0.11004589495155548,0,0.02127659574468077,-0.012605042016806678,-0.004184100418410108,-0.004166666666666541,1.2658227848101111,-4.0000000000000036,-7.335907335907333,-9.090909090909093,2.40245050962332,2.4474003292979556,2.4979561695888695,2.449853605122245,000100.SZ
2014-05-13,2.38,-0.003996692392502776,1,-0.008333333333333304,0.02127659574468077,-0.012605042016806678,-0.004184100418410108,-0.8333333333333304,-0.8333333333333304,-7.751937984496127,-8.812260536398464,2.3983685987827164,2.440981250317198,2.4933304374481295,2.44915854437476,000100.SZ
2014-05-14,2.39,-0.004289470042894705,2,0.004201680672269115,-0.008333333333333304,0.02127659574468077,-0.012605042016806678,0.0,2.1367521367521514,-4.7808764940238895,-8.429118773946353,2.396847035367677,2.4361258931441316,2.489278263430556,2.4485699021421756,000100.SZ
2014-05-15,2.36,-0.3094774874930517,3,-0.012552301255230214,0.004201680672269115,-0.008333333333333304,0.02127659574468077,-0.8403361344537785,-0.42194092827004814,-6.34920634920636,-9.230769230769242,2.3901475743917358,2.428875808082786,2.4842085276097503,2.447688609583547,000100.SZ
2014-05-16,2.36,-0.13751928624136311,4,0.0,-0.012552301255230214,0.004201680672269115,-0.008333333333333304,0.42553191489360653,-0.8403361344537785,-5.976095617529875,-9.578544061302685,2.3846661972296017,2.4223162073129973,2.479337604958388,2.4468160861051036,000100.SZ
2014-05-19,2.33,-0.0206113401260013,0,-0.012711864406779627,0.0,-0.012552301255230214,0.004201680672269115,-2.9166666666666563,-1.6877637130801704,-6.799999999999995,-10.03861003861003,2.3747268886424013,2.4135241875689024,2.473481228293353,2.44565373698963,000100.SZ
2014-05-20,2.34,-0.09077191867852608,1,0.0042918454935620964,-0.012711864406779627,0.0,-0.012552301255230214,-1.6806722689075682,-2.500000000000002,-2.500000000000002,-9.302325581395355,2.3684129088892374,2.4065218839909117,2.468246670321065,2.444602456024559,000100.SZ
2014-05-21,2.35,0.10542405450257664,2,0.00427350427350448,0.0042918454935620964,-0.012711864406779627,0.0,-1.673640167364021,-1.673640167364021,0.42735042735044804,-6.374501992031856,2.3650651072730122,2.401138847420349,2.463609545994749,2.443661138054166,000100.SZ
2014-05-22,2.34,0.19927307206068257,3,-0.004255319148936287,0.00427350427350448,0.0042918454935620964,-0.012711864406779627,-0.8474576271186418,-1.6806722689075682,-1.2658227848101333,-7.142857142857151,2.3605078150415553,2.3953161000469825,2.4587621128184844,2.4426296839441743,000100.SZ
2014-05-23,2.35,0.23079457108973522,4,0.00427350427350448,-0.004255319148936287,0.00427350427350448,0.0042918454935620964,-0.4237288135593098,0.0,-1.2605042016806678,-6.374501992031856,2.358597303215818,2.391000280994889,2.454496931923642,2.4417079955467202,000100.SZ
2014-05-26,2.35,-0.06937530110807777,0,0.0,0.00427350427350448,-0.004255319148936287,0.00427350427350448,0.8583690987124415,-2.083333333333326,-0.8438818565400852,-5.999999999999995,2.357034157176578,2.3870954923287093,2.450399013024676,2.4407954781780963,000100.SZ
2014-05-27,2.34,-0.47909117054932415,1,-0.004255319148936287,0.0,0.00427350427350448,-0.004255319148936287,0.0,-1.6806722689075682,-2.500000000000002,-2.500000000000002,2.3539370376899273,2.3826102073450226,2.4460696399648847,2.4397925380967225,000100.SZ
2014-05-28,2.36,2.7292402826855127,2,0.008547008547008517,-0.004255319148936287,0.0,0.00427350427350448,0.42553191489360653,-1.2552301255230214,-1.2552301255230214,0.8547008547008517,2.3550393944735766,2.3804568542645446,2.442694359966262,2.43899858249377,000100.SZ
2014-05-29,2.34,-0.5550159895771645,3,-0.008474576271186418,0.008547008547008517,-0.004255319148936287,0.0,0.0,-0.8474576271186418,-1.6806722689075682,-1.2658227848101333,2.3523049591147442,2.376603820525064,2.4386671301636635,2.438013521971444,000100.SZ
2014-05-30,2.35,0.2151317540590898,4,0.00427350427350448,-0.008474576271186418,0.008547008547008517,-0.004255319148936287,0.0,-0.4237288135593098,0.0,-1.2605042016806678,2.351885875639336,2.374070123332201,2.4351899878043044,2.4371377655339175,000100.SZ
2014-06-03,2.35,-0.3696949783692022,1,0.0,0.00427350427350448,-0.008474576271186418,0.008547008547008517,0.0,0.8583690987124415,-2.083333333333326,-0.8438818565400852,2.351542989159457,2.3717777306338963,2.4318492039688415,2.4362707230907943,000100.SZ
2014-06-04,2.33,0.3066898349261513,2,-0.008510638297872353,0.0,0.00427350427350448,-0.008474576271186418,-0.42735042735041473,-0.42735042735041473,-2.1008403361344463,-2.9166666666666563,2.3476260820395556,2.3677988991449537,2.427855117538691,2.4352133029605376,000100.SZ
2014-06-05,2.35,-0.22107712765957444,3,0.008583690987124415,-0.008510638297872353,0.0,0.00427350427350448,-0.4237288135593098,0.0,-1.673640167364021,-1.673640167364021,2.348057703486909,2.3661037658930533,2.424801975674429,2.4343654093987417,000100.SZ
2014-06-06,2.33,0.49534784464361925,4,-0.008510638297872353,0.008583690987124415,-0.008510638297872353,0.0,-0.42735042735041473,-0.42735042735041473,-1.2711864406779627,-2.1008403361344463,2.3447744846711074,2.3626653119984766,2.4210842511381765,2.4333269476136796,000100.SZ
2014-06-09,2.29,0.38326292955816865,0,-0.01716738197424894,-0.008510638297872353,0.008583690987124415,-0.008510638297872353,-2.553191489361706,-2.553191489361706,-2.9661016949152463,-2.553191489361706,2.3348154874581786,2.3557448060938597,2.415943692270013,2.431900808831454,000100.SZ
2014-06-10,2.3,-0.1673819742489271,1,0.004366812227074135,-0.01716738197424894,-0.008510638297872353,0.008583690987124415,-2.1276595744680993,-2.1276595744680993,-1.2875536480686844,-4.166666666666674,2.3284853988294185,2.3504357769420636,2.411396880808444,2.4305883629724345,000100.SZ
2014-06-11,2.29,0.042129262490087305,2,-0.004347826086956386,0.004366812227074135,-0.01716738197424894,-0.008510638297872353,-1.716738197424894,-2.136752136752129,-2.136752136752129,-3.7815126050420145,2.321488053587706,2.344679988661867,2.406636218815956,2.4291894737886293,000100.SZ
2014-06-12,2.28,0.14581946161894788,3,-0.004366812227074357,-0.004347826086956386,0.004366812227074135,-0.01716738197424894,-2.9787234042553346,-3.3898305084745783,-2.9787234042553346,-4.602510460251064,2.3139447711172134,2.3385199897416893,2.4016700925878793,2.427705001412623,000100.SZ
2014-06-13,2.3,0.08583762244728566,4,0.00877192982456143,-0.004366812227074357,-0.004347826086956386,0.004366812227074135,-1.2875536480686844,-1.7094017094017144,-1.7094017094017144,-2.5423728813559365,2.3114093581868107,2.3348514192901,2.397683030133453,2.426434304881154,000100.SZ
2014-06-16,2.31,0.05129969418960223,0,0.004347826086956719,0.00877192982456143,-0.004366812227074357,-0.004347826086956386,0.8733624454148492,-1.7021276595744705,-1.7021276595744705,-2.1186440677966045,2.311153111243754,2.332484617452948,2.394244479932141,2.4252757545838293,000100.SZ
2014-06-17,2.28,-0.4558577557995781,1,-0.012987012987013102,0.004347826086956719,0.00877192982456143,-0.004366812227074357,-0.8695652173913104,-2.9787234042553346,-2.9787234042553346,-2.145922746781126,2.305488909199435,2.327486082457429,2.3897643042485277,2.423830224687473,000100.SZ
2014-06-18,2.27,0.45880387570998993,2,-0.004385964912280604,-0.012987012987013102,0.004347826086956719,0.00877192982456143,-0.8733624454148492,-2.5751072961373467,-2.991452991452981,-2.991452991452981,2.299036380254083,2.3220112174614833,2.3850676648662326,2.422299575685608,000100.SZ
2014-06-19,2.24,0.23718565342861053,3,-0.013215859030836885,-0.004385964912280604,-0.012987012987013102,0.004347826086956719,-1.754385964912264,-4.680851063829783,-5.084745762711851,-4.680851063829783,2.2883024929351587,2.3142006253222944,2.3793787368322628,2.420485649559383,000100.SZ
2014-06-20,2.25,-0.4539597911807175,4,0.004464285714285587,-0.013215859030836885,-0.004385964912280604,-0.012987012987013102,-2.1739130434782483,-3.433476394849788,-3.8461538461538436,-3.8461538461538436,2.2813384033105844,2.3080862800535047,2.3743050608780565,2.4187892749369015,000100.SZ
2014-06-23,2.26,-0.0989964740981828,0,0.004444444444444251,0.004464285714285587,-0.013215859030836885,-0.004385964912280604,-2.16450216450218,-1.310043668122285,-3.82978723404257,-3.82978723404257,2.277458693617751,2.303506634334123,2.3698225094710743,2.4172092821514597,000100.SZ
2014-06-24,2.27,0.24729078868151722,1,0.004424778761062065,0.004444444444444251,0.004464285714285587,-0.013215859030836885,-0.43859649122806044,-1.304347826086949,-3.404255319148941,-3.404255319148941,2.2761025675054323,2.3003155263023016,2.3659079012565223,2.4157445131748285,000100.SZ
2014-06-25,2.26,0.13943526004585483,2,-0.00440528634361248,0.004424778761062065,0.004444444444444251,0.004464285714285587,-0.440528634361248,-1.310043668122285,-3.0042918454935785,-3.4188034188034178,2.27317482795899,2.296475952368749,2.361754650226855,2.4141948165263227,000100.SZ
2014-06-26,2.27,-0.1392639661106697,3,0.004424778761062065,-0.00440528634361248,0.004424778761062065,0.004444444444444251,1.3392857142856984,-0.43859649122806044,-3.404255319148941,-3.813559322033888,2.2725975865119006,2.2939544330955344,2.3581564286493313,2.4127600422325286,000100.SZ
2014-06-27,2.28,0.08378960319901552,4,0.004405286343612147,0.004424778761062065,-0.00440528634361248,0.004424778761062065,1.3333333333333197,-0.8695652173913104,-2.145922746781126,-2.564102564102566,2.273943479873373,2.2926254394673884,2.355091470663083,2.4114390467874287,000100.SZ
2014-06-30,2.28,0.15445308508826705,0,0.0,0.004405286343612147,0.004424778761062065,-0.00440528634361248,0.8849557522123908,-1.2987012987013102,-0.4366812227074357,-2.9787234042553346,2.2750446653509413,2.2914230166609704,2.352146707107668,2.4101311955756133,000100.SZ
2014-07-01,2.29,-0.23669977382240137,1,0.004385964912280826,0.0,0.004405286343612147,0.004424778761062065,0.8810572687224738,0.43859649122808264,-0.43478260869563856,-2.553191489361706,2.2777638171053156,2.2912874912646877,2.3497095813387396,2.408935860296254,000100.SZ
2014-07-02,2.33,1.8210512754444728,2,0.017467248908296984,0.004385964912280826,0.0,0.004405286343612147,3.0973451327433787,2.643171806167399,1.7467248908296984,0.0,2.287261304904349,2.2949743968585268,2.3489366565803578,2.40815042885052,000100.SZ
2014-07-03,2.32,-0.5179019957071744,3,-0.0042918454935623185,0.017467248908296984,0.004385964912280826,0.0,2.2026431718061623,3.5714285714285587,1.7543859649122862,-1.276595744680864,2.2932137949217397,2.297357787633905,2.3478018857340692,2.4072733101554897,000100.SZ
2014-07-04,2.31,-0.31317197934921615,4,-0.004310344827586077,-0.0042918454935623185,0.017467248908296984,0.004385964912280826,1.3157894736842257,2.6666666666666616,0.43478260869567187,-0.8583690987124526,2.296265832208696,2.298561807859248,2.3463194588425376,2.406305416522102,000100.SZ
2014-07-07,2.29,-0.08833873525963731,0,-0.008658008658008698,-0.004310344827586077,-0.0042918454935623185,0.017467248908296984,0.43859649122808264,1.3274336283185972,-0.8658008658008698,0.0,2.295126589988933,2.2977463975869385,2.3441108526134187,2.405148148696011,000100.SZ
2014-07-08,2.35,2.4798789712556735,1,0.026200873362445476,-0.008658008658008698,-0.004310344827586077,-0.0042918454935623185,2.6200873362445476,3.524229074889873,3.070175438596512,2.1739130434782705,2.3051035736273087,2.3027229311500874,2.3443417995697553,2.404599410898041,000100.SZ
2014-07-09,2.32,-0.39018346230762546,2,-0.01276595744680864,0.026200873362445476,-0.008658008658008698,-0.004310344827586077,-0.42918454935623185,2.6548672566371723,2.2026431718061623,1.3100436681222627,2.3078120147859797,2.3043683662786503,2.343387219194471,2.403757625714976,000100.SZ
2014-07-10,2.39,1.703571683182434,3,0.030172413793103647,-0.01276595744680864,0.026200873362445476,-0.008658008658008698,3.0172413793103647,5.286343612334798,6.696428571428559,4.824561403508776,2.3227552848248925,2.312523759966398,2.345215171382923,2.403620733916817,000100.SZ
2014-07-11,2.43,-0.3349154866439892,4,0.01673640167364021,0.030172413793103647,-0.01276595744680864,0.026200873362445476,5.1948051948051965,6.578947368421062,8.000000000000007,5.65217391304349,2.342254323947639,2.3237119733029314,2.3485400666228085,2.4038832141763518,000100.SZ
2014-08-18,2.72,1.8517149800816775,0,0.01872659176029967,0.09876543209876543,0.0,0.0,11.934156378600825,11.934156378600825,11.934156378600825,11.934156378600825,2.517954065205289,2.4704220393103893,2.421626823296242,2.4151125245589284,000100.SZ
2014-08-19,2.71,-0.6049217847400072,1,-0.003676470588235392,0.01872659176029967,0.09876543209876543,0.0,11.522633744855959,11.522633744855959,11.522633744855959,11.522633744855959,2.552871507895236,2.493238987947495,2.4329355753238406,2.4180467282946605,000100.SZ
2014-08-20,2.68,-0.3787359900373599,2,-0.011070110701106972,-0.003676470588235392,0.01872659176029967,0.09876543209876543,10.288065843621407,10.288065843621407,10.288065843621407,10.288065843621407,2.575985779187011,2.5110257510001146,2.442624376291533,2.420653228510634,000100.SZ
2014-08-21,2.61,0.2911014067365858,3,-0.026119402985074758,-0.011070110701106972,-0.003676470588235392,0.01872659176029967,7.407407407407396,7.407407407407396,7.407407407407396,7.407407407407396,2.5821701829711907,2.5204518699524847,2.4491881262408848,2.42253727598814,000100.SZ
2014-08-22,2.63,-0.39927085210496405,4,0.00766283524904221,-0.026119402985074758,-0.011070110701106972,-0.003676470588235392,-1.4981273408239737,8.230452674897105,8.230452674897105,8.230452674897105,2.590866513340065,2.530885025195105,2.4562787879569283,2.424601581699701,000100.SZ
2014-08-25,2.58,0.06574210817795834,0,-0.019011406844106404,0.00766283524904221,-0.026119402985074758,-0.011070110701106972,-5.147058823529416,6.172839506172845,6.172839506172845,6.172839506172845,2.588890783641871,2.5355626418431902,2.4611306001939117,2.426147834618112,000100.SZ
2014-08-26,2.52,-0.04546930821695361,1,-0.023255813953488413,-0.019011406844106404,0.00766283524904221,-0.026119402985074758,-7.011070110701101,3.703703703703698,3.703703703703698,3.703703703703698,2.576365186616076,2.5340804854771726,2.4634392041078756,2.427081687009972,000100.SZ
2014-08-27,2.53,-0.3633208574345016,2,0.003968253968253954,-0.023255813953488413,-0.019011406844106404,0.00766283524904221,-5.597014925373145,4.115226337448541,4.115226337448541,4.115226337448541,2.5679351526858802,2.5336918678126796,2.466049431397763,2.428105749825793,000100.SZ
2014-08-28,2.48,0.3036197805329912,3,-0.019762845849802257,0.003968253968253954,-0.023255813953488413,-0.019011406844106404,-4.980842911877392,2.0576131687242816,2.0576131687242816,2.0576131687242816,2.5519469431066293,2.5285783565924245,2.466596512519419,2.4286221105240435,000100.SZ
2014-08-29,2.5,-0.22620934681606997,4,0.008064516129032251,-0.019762845849802257,0.003968253968253954,-0.023255813953488413,-4.942965779467679,-6.367041198501866,2.8806584362139898,2.8806584362139898,2.5425020443599693,2.525856608345527,2.467906453204932,2.429332338280023,000100.SZ
2014-09-01,2.6,1.34475329354007,0,0.040000000000000036,0.008064516129032251,-0.019762845849802257,0.003968253968253954,0.7751937984496138,-4.4117647058823595,6.995884773662553,6.995884773662553,2.552956218112702,2.532917883741191,2.4730865922949348,2.4310305239687793,000100.SZ
2014-09-02,2.6,-0.17269947429466614,1,0.0,0.040000000000000036,0.008064516129032251,-0.019762845849802257,3.1746031746031855,-4.059040590405905,6.995884773662553,6.995884773662553,2.5615096330013016,2.5393066567182205,2.478063588675526,2.432711812287498,000100.SZ
2014-09-03,2.62,0.1628309238556498,2,0.007692307692307665,0.0,0.040000000000000036,0.008064516129032251,3.5573122529644285,-2.23880597014926,7.818930041152261,7.818930041152261,2.572144245182883,2.5469917370307713,2.483629722452956,2.434575376344339,000100.SZ
2014-09-04,2.63,-0.3375714397557348,3,0.003816793893129722,0.007692307692307665,0.0,0.040000000000000036,6.048387096774199,0.766283524904221,8.230452674897105,8.230452674897105,2.5826634733314493,2.554897285884983,2.489369733337154,2.4365198999628035,000100.SZ
2014-09-05,2.63,0.5741975133550796,4,0.0,0.003816793893129722,0.007692307692307665,0.0,5.200000000000005,0.0,-1.4981273408239737,8.230452674897105,2.5912701145439128,2.5620499253245086,2.4948846457553047,2.438445075087552,000100.SZ
2014-09-09,2.71,0.677017327847683,1,0.03041825095057038,0.0,0.003816793893129722,0.007692307692307665,4.230769230769216,5.038759689922467,-0.3676470588235392,11.522633744855959,2.612857366445019,2.5761404086269364,2.503320542000195,2.4411471141414074,000100.SZ
2014-09-10,2.67,-0.5678957076088318,2,-0.014760147601476037,0.03041825095057038,0.0,0.003816793893129722,2.6923076923076827,5.952380952380953,-1.4760147601476037,9.876543209876543,2.623246936182288,2.585079417329133,2.5098569913335207,2.443424257284279,000100.SZ
2014-09-11,2.67,0.45095317032739324,3,0.0,-0.014760147601476037,0.03041825095057038,0.0,1.9083969465648831,5.5335968379446765,-0.3731343283582156,9.876543209876543,2.6317474932400535,2.5931670918692156,2.516137109320441,2.4456787422864257,000100.SZ
2014-09-12,2.7,-0.2913756908444368,4,0.011235955056179803,0.0,-0.014760147601476037,0.03041825095057038,2.6615969581749166,8.870967741935498,3.4482758620689724,11.111111111111116,2.6441570399236802,2.603341654548338,2.5233474187588554,2.4482093020646705,000100.SZ
2014-09-15,2.7,0.18538895606610262,0,0.0,0.011235955056179803,0.0,-0.014760147601476037,2.6615969581749166,8.000000000000007,2.6615969581749166,1.1235955056179803,2.6543103053921016,2.61254721125802,2.5302749709643906,2.450714682143629,000100.SZ
2014-09-16,2.71,1.619510702324079,1,0.0037037037037035425,0.0,0.011235955056179803,0.0,0.0,4.230769230769216,5.038759689922467,-0.3676470588235392,2.6644357044117193,2.621828429233447,2.5373230113187284,2.4532946355551357,000100.SZ
2014-09-17,2.75,-0.357574459523485,2,0.014760147601476037,0.0037037037037035425,0.0,0.011235955056179803,2.9962546816479474,5.769230769230771,9.126984126984116,1.4760147601476037,2.6799928490641336,2.634035245496928,2.5456632853846606,2.456246927738667,000100.SZ
2014-09-18,2.74,-0.31133629007001207,3,-0.0036363636363635488,0.014760147601476037,0.0037037037037035425,0.0,2.621722846441954,4.580152671755733,8.300395256917014,2.238805970149249,2.6909032401433817,2.644127126878173,2.553284333016635,2.4590703413930086,000100.SZ
2014-09-19,2.74,-0.2944283073673092,4,0.0,-0.0036363636363635488,0.014760147601476037,0.0037037037037035425,1.4814814814814836,4.1825095057034245,10.483870967741948,4.9808429118774145,2.6998299237536756,2.6532578766992994,2.56060651603559,2.461865661379148,000100.SZ
2014-09-22,2.65,0.23810711909514315,0,-0.03284671532846728,0.0,-0.0036363636363635488,0.014760147601476037,-1.85185185185186,0.7604562737642651,6.000000000000005,0.7604562737642651,2.6907699376166434,2.6529476027279375,2.564112142857724,2.463737644848012,000100.SZ
2014-09-23,2.67,-0.4061261503325049,1,0.007547169811320753,-0.03284671532846728,0.0,-0.0036363636363635488,-1.4760147601476037,-1.4760147601476037,2.6923076923076827,3.48837209302324,2.686993585322708,2.6545716405633724,2.5682646078436955,2.465790006590818,000100.SZ
2014-09-24,2.72,0.3947517249179957,2,0.01872659176029967,0.007547169811320753,-0.03284671532846728,0.0,-1.0909090909090868,1.8726591760299671,4.615384615384621,7.936507936507953,2.69299475162767,2.6608029128906705,2.5742150153792367,2.468319459261556,000100.SZ
2014-09-25,2.69,0.06331603276295517,3,-0.011029411764705954,0.01872659176029967,0.007547169811320753,-0.03284671532846728,-1.8248175182481896,0.7490636704119868,2.6717557251908275,6.324110671936767,2.69245025133173,2.6635835878534637,2.5787556030114236,2.4705252357863166,000100.SZ
2014-09-26,2.72,-0.07335023928918727,4,0.01115241635687747,-0.011029411764705954,0.01872659176029967,0.007547169811320753,-0.7299270072992692,0.7407407407407307,3.4220532319391817,9.677419354838722,2.697459296544143,2.6689565794864674,2.5842945989717596,2.473007571748642,000100.SZ
2014-09-29,2.71,-0.08497942386831281,0,-0.003676470588235392,0.01115241635687747,-0.011029411764705954,0.01872659176029967,2.264150943396226,0.37037037037035425,3.041825095057038,8.400000000000007,2.6997394244452075,2.6728654766782323,2.5892242225414948,2.4753657053630835,000100.SZ
2014-09-30,2.7,-0.17159883067236337,1,-0.0036900369003689537,-0.003676470588235392,0.01115241635687747,-0.011029411764705954,1.1235955056179803,-0.36900369003689537,-0.36900369003689537,3.8461538461538547,2.6997868018188065,2.675449716994591,2.5935683706771226,2.4776008724738987,000100.SZ
2014-10-08,2.72,0.3237330003528869,2,0.007407407407407307,-0.0036900369003689537,-0.003676470588235392,0.01115241635687747,0.0,-1.0909090909090868,1.8726591760299671,4.615384615384621,2.7034619287608415,2.679692601090345,2.5985264737878238,2.480012804091074,000100.SZ
2014-10-09,2.76,0.7434635496770226,3,0.014705882352941124,0.007407407407407307,-0.0036900369003689537,-0.003676470588235392,2.6022304832713727,0.7299270072992581,3.3707865168539186,5.343511450381677,2.713741578077052,2.6873409247960263,2.6048587689333993,2.4827987463389243,000100.SZ
2014-10-10,3.04,1.7380381086803105,4,0.10144927536231885,0.014705882352941124,0.007407407407407307,-0.0036900369003689537,11.764705882352944,10.948905109489049,12.592592592592577,15.589353612167312,2.773061291153952,2.720927503386881,2.621923130936011,2.488343037420129,000100.SZ
2014-10-13,3.01,0.17624190250356553,0,-0.009868421052631637,0.10144927536231885,0.014705882352941124,0.007407407407407307,11.070110701106994,13.584905660377355,11.48148148148147,14.448669201520904,2.816141056398688,2.748458217350035,2.6371418316836186,2.4935336539632127,000100.SZ
2014-10-14,3.15,-0.06851341234044883,1,0.04651162790697683,-0.009868421052631637,0.10144927536231885,0.014705882352941124,16.66666666666665,17.97752808988764,16.23616236162362,16.23616236162362,2.876842682508017,2.7867002918881267,2.6572539167156335,2.5000656574063647,000100.SZ
2014-10-15,3.1,-0.43368685185548217,2,-0.015873015873015817,0.04651162790697683,-0.009868421052631637,0.10144927536231885,13.970588235294112,13.970588235294112,12.72727272727272,16.104868913857693,2.917416740233832,2.8165383593273527,2.6746165082169813,2.50603515335257,000100.SZ
2014-10-16,2.98,-0.132593931086049,3,-0.03870967741935483,-0.015873015873015817,0.04651162790697683,-0.009868421052631637,7.971014492753636,10.780669144981413,8.75912408759123,11.610486891385774,2.9287955147367715,2.8321061346295098,2.6865923314241584,2.510751221478415,000100.SZ
2014-10-17,3.0,-0.32046708011078395,4,0.006711409395973256,-0.03870967741935483,-0.015873015873015817,0.04651162790697683,-1.3157894736842146,10.294117647058808,9.48905109489051,11.111111111111093,2.941741784784631,2.8480960265695563,2.698882828231054,2.515619368528381,000100.SZ
2014-10-20,3.04,-0.10731988066433318,0,0.01333333333333342,0.006711409395973256,-0.03870967741935483,-0.015873015873015817,0.996677740863805,12.177121771217724,14.716981132075468,12.592592592592577,2.9596069148237887,2.866372595467694,2.712259972221993,2.5208370862544673,000100.SZ
2014-10-21,2.98,-0.2702596018473441,1,-0.019736842105263164,0.01333333333333342,0.006711409395973256,-0.03870967741935483,-5.3968253968254,10.370370370370363,11.610486891385774,9.963099630996307,2.963314748492191,2.8771942530421994,2.722759581154464,2.525405871465866,000100.SZ
2014-10-22,2.92,-0.00717621391608525,2,-0.020134228187919434,-0.019736842105263164,0.01333333333333342,0.006711409395973256,-5.8064516129032295,7.352941176470584,7.352941176470584,6.181818181818177,2.955439339675429,2.8812709908477045,2.730494499540564,2.5293321812025242,000100.SZ
2014-10-23,3.0,0.7258957920926938,3,0.027397260273972712,-0.020134228187919434,-0.019736842105263164,0.01333333333333342,0.6711409395973256,8.69565217391306,11.524163568773238,9.48905109489051,2.9635412779162595,2.8925785155288755,2.7410633426958357,2.534015443081106,000100.SZ
2014-10-24,2.96,-0.463386402618038,4,-0.013333333333333308,0.027397260273972712,-0.020134228187919434,-0.019736842105263164,-1.3333333333333308,-2.631578947368418,8.823529411764696,8.029197080291972,2.962897409204212,2.89899960928803,2.749649093962666,2.538254095388757,000100.SZ
2014-10-27,2.98,-0.23586163620676126,0,0.006756756756756799,-0.013333333333333308,0.027397260273972712,-0.020134228187919434,-1.9736842105263164,-0.9966777408637828,9.963099630996307,12.452830188679243,2.966006971167083,2.90671393221298,2.758682462826875,2.5426495770266797,000100.SZ
2014-10-28,3.04,0.7859782385547116,1,0.020134228187919545,0.006756756756756799,-0.013333333333333308,0.027397260273972712,2.0134228187919545,-3.4920634920634908,12.592592592592577,13.857677902621734,2.979460249136704,2.9194078434307915,2.769714523108174,2.547598337454275,000100.SZ
2014-10-29,3.08,0.6534427265934823,2,0.013157894736842035,0.020134228187919545,0.006756756756756799,-0.013333333333333308,5.47945205479452,-0.6451612903225823,13.235294117647056,13.235294117647056,2.9977402038391214,2.934702334532621,2.7818825810255006,2.5528958664348296,000100.SZ
2014-10-30,3.16,0.272157673824442,3,0.025974025974025983,0.013157894736842035,0.020134228187919545,0.006756756756756799,5.3333333333333455,6.040268456375841,14.492753623188426,17.472118959107807,3.0272419849592813,2.9561592550533238,2.796710715102932,2.558936703584732,000100.SZ
2014-10-31,3.18,-0.09071595931443888,4,0.006329113924050667,0.025974025974025983,0.013157894736842035,0.020134228187919545,7.432432432432434,6.000000000000005,4.6052631578947345,16.91176470588236,3.055016169512139,2.9774774212387216,2.8117416674518365,2.565116437877421,000100.SZ
2014-11-03,3.33,0.4813501513774219,0,0.047169811320754595,0.006329113924050667,0.025974025974025983,0.013157894736842035,11.74496644295302,9.539473684210531,10.6312292358804,22.878228782287824,3.105013229600841,3.0110510001683672,2.8320655236301957,2.572727219590084,000100.SZ
2014-11-04,3.28,-0.42787954397922745,1,-0.01501501501501512,0.047169811320754595,0.006329113924050667,0.025974025974025983,7.8947368421052655,10.067114093959727,4.1269841269841345,21.481481481481456,3.1368290060370514,3.036665190628523,2.8496315815270505,2.5797647596936653,000100.SZ
2014-11-05,3.23,-0.11978229459370826,2,-0.015243902439024293,-0.01501501501501512,0.047169811320754595,0.006329113924050667,4.870129870129869,10.616438356164393,4.193548387096779,18.75,3.153769186757587,3.0550780296162827,2.864547990094617,2.586234762084773,000100.SZ
2014-11-06,3.21,-0.20814702920443107,3,-0.006191950464396245,-0.015243902439024293,-0.01501501501501512,0.047169811320754595,1.5822784810126445,7.000000000000006,7.718120805369133,16.30434782608696,3.16399297098348,3.0698325029861606,2.8780951277379656,2.5924413813675122,000100.SZ
2014-11-07,3.19,0.038369091070951766,4,-0.006230529595015577,-0.006191950464396245,-0.015243902439024293,-0.01501501501501512,0.3144654088050203,7.770270270270263,6.333333333333324,4.9342105263157965,3.1687215217137563,3.0812770265112883,2.8903266913560848,2.598387238269328,000100.SZ
2014-11-10,3.29,0.07869145600627081,0,0.03134796238244508,-0.006230529595015577,-0.006191950464396245,-0.015243902439024293,-1.2012012012012074,10.402684563758392,8.223684210526304,9.302325581395365,3.1907721541294367,3.1011554049387846,2.90600015444016,2.605268957291524,000100.SZ
2014-11-11,3.16,0.26998058428803384,1,-0.03951367781155013,0.03134796238244508,-0.006230529595015577,-0.006191950464396245,-3.658536585365846,3.9473684210526327,6.040268456375841,0.31746031746031633,3.1851772170149935,3.106759652087472,2.9159609326974087,2.61078866915927,000100.SZ
2014-11-12,3.2,-0.538251781387739,2,0.012658227848101333,-0.03951367781155013,0.03134796238244508,-0.006230529595015577,-0.9287925696594312,3.8961038961039085,9.589041095890426,3.2258064516129004,3.187872268466813,3.115639685221998,2.927099719650452,2.6166514684711184,000100.SZ
2014-11-13,3.17,0.29316320405831897,3,-0.009375000000000022,0.012658227848101333,-0.03951367781155013,0.03134796238244508,-1.2461059190031154,0.31645569620253333,5.666666666666664,6.375838926174504,3.1846227651092107,3.1208168580579985,2.9366252208406305,2.6221574240087193,000100.SZ
2014-11-14,3.25,0.37963406599988025,4,0.025236593059936974,-0.009375000000000022,0.012658227848101333,-0.03951367781155013,1.8808777429467183,2.2012578616352085,9.797297297297302,8.333333333333325,3.196509535089354,3.133120014433427,2.9489144278664883,2.628404613819578,000100.SZ
2014-11-17,3.23,-0.4338256839911875,0,-0.006153846153846176,0.025236593059936974,-0.009375000000000022,0.012658227848101333,-1.823708206686936,-3.003003003003002,8.389261744966436,6.25,3.202598710527653,3.1423466797254815,2.959937391479567,2.634390637562667,000100.SZ
2014-11-18,3.19,-0.16473384577047678,1,-0.012383900928792602,-0.006153846153846176,0.025236593059936974,-0.009375000000000022,0.9493670886075778,-2.7439024390243816,4.9342105263157965,7.0469798657718075,3.2003080358862617,3.1468850911801978,2.9689594545588,2.6399190889302027,000100.SZ
2014-11-19,3.22,0.029122203098106647,2,0.009404388714733702,-0.012383900928792602,-0.006153846153846176,0.025236593059936974,0.6250000000000089,-0.3095975232198067,4.545454545454541,10.273972602739745,3.2038883929978503,3.1538484158297027,2.978804181831004,2.645691038294081,000100.SZ
2014-11-20,3.19,-0.19969226652394967,3,-0.009316770186335477,0.009404388714733702,-0.012383900928792602,-0.006153846153846176,0.6309148264984188,-0.6230529595015577,0.9493670886075778,6.333333333333324,3.2013632306346045,3.1572914238459218,2.987086370778808,2.6511070478632943,000100.SZ
2014-11-21,3.2,0.6148959291147706,4,0.0031347962382446415,-0.009316770186335477,0.009404388714733702,-0.012383900928792602,-1.538461538461533,0.31347962382446415,0.6289308176100628,8.108108108108114,3.2011153705192217,3.1613589072891672,2.9954359248659133,2.65656866927759,000100.SZ
2014-11-24,3.25,0.710871853270528,0,0.015625,0.0031347962382446415,-0.009316770186335477,0.009404388714733702,0.6191950464396356,-1.2158054711246202,-2.4024024024024038,9.060402684563762,3.210003484970272,3.1698009161187706,3.0054188297731326,2.662473458638012,000100.SZ
2014-11-25,3.28,-0.23374043184041482,1,0.009230769230769154,0.015625,0.0031347962382446415,-0.009316770186335477,2.8213166144200663,3.797468354430378,0.0,7.8947368421052655,3.2227301240665858,3.180296066964602,3.016186718801637,2.6686180013381313,000100.SZ
2014-11-26,3.25,-0.19476177941563555,2,-0.009146341463414531,0.009230769230769154,0.015625,0.0031347962382446415,0.9316770186335255,1.5625,0.6191950464396356,5.519480519480524,3.2276882833272063,3.186934536777497,3.025355867083926,2.6744028968472047,000100.SZ
2014-11-27,3.24,0.20919551502075762,3,-0.003076923076922977,-0.009146341463414531,0.009230769230769154,0.015625,1.5673981191222763,2.208201892744488,0.9345794392523477,2.5316455696202445,3.229926777267714,3.1919883904177357,3.0337732840610268,2.680030728719372,000100.SZ
2014-11-28,3.26,0.12016598856463157,4,0.006172839506172645,-0.003076923076922977,-0.009146341463414531,0.009230769230769154,1.8749999999999822,0.3076923076922977,2.1943573667711602,2.515723270440229,3.2353946359463115,3.1984656865684276,3.0426449199802024,2.685801567239577,000100.SZ
2014-12-01,3.38,1.1855413835961914,0,0.036809815950920255,0.006172839506172645,-0.003076923076922977,-0.009146341463414531,4.0000000000000036,4.643962848297201,2.7355623100303816,1.501501501501501,3.261686520319709,3.215754668800006,3.0558745309613706,2.692709014331721,000100.SZ
2014-12-02,3.4,-0.30541414989123117,1,0.00591715976331364,0.036809815950920255,0.006172839506172645,-0.003076923076922977,3.658536585365857,6.583072100313481,7.594936708860756,3.658536585365857,3.2868344257161253,3.233301843200006,3.069369647394258,2.699746735582152,000100.SZ
2014-12-03,3.46,0.35300710640530353,2,0.01764705882352935,0.00591715976331364,0.036809815950920255,0.006172839506172645,6.461538461538452,7.453416149068315,8.124999999999982,7.120743034055721,3.3183190755859204,3.254892143847624,3.084688484751346,2.7073114446808373,000100.SZ
2014-12-04,3.51,-0.1725211649070858,3,0.014450867052023142,0.01764705882352935,0.00591715976331364,0.036809815950920255,8.333333333333325,10.03134796238243,10.725552050473187,9.345794392523366,3.3531701527521167,3.27918813014785,3.1013673677022737,2.715298395480033,000100.SZ
2014-12-05,3.5,0.42275960978657534,4,-0.002849002849002802,0.014450867052023142,0.01764705882352935,0.00591715976331364,7.361963190184051,9.375,7.692307692307687,9.717868338557988,3.379866488615368,3.300217832038531,3.1170000199492436,2.723106371644411,000100.SZ
2014-12-08,3.7,0.18194520684664894,0,0.05714285714285716,-0.002849002849002802,0.014450867052023142,0.01764705882352935,9.467455621301779,13.846153846153841,14.551083591331281,12.462006079027365,3.4380725815943918,3.3382923242253377,3.1398627642649597,2.7328267062549143,000100.SZ
2014-12-09,3.59,0.38813172894236847,1,-0.02972972972972987,0.05714285714285716,-0.002849002849002802,0.014450867052023142,5.588235294117649,9.45121951219512,12.539184952978054,13.607594936708844,3.4656957485772297,3.3622644838229245,3.15751520488202,2.7413557937548654,000100.SZ
2014-12-10,3.84,-0.4650692410403341,2,0.0696378830083566,-0.02972972972972987,0.05714285714285716,-0.002849002849002802,10.982658959537561,18.153846153846143,19.254658385093148,19.999999999999996,3.5337510670177332,3.4077631044112175,3.1842793144944896,2.7522875769015833,000100.SZ
2014-12-11,3.82,-0.05081478785949034,3,-0.00520833333333337,0.0696378830083566,-0.02972972972972987,0.05714285714285716,8.83190883190883,17.901234567901227,19.749216300940443,20.504731861198742,3.5857963275599634,3.4470237611339587,3.2092095374554903,2.762911581111518,000100.SZ
2014-12-12,3.83,-0.2935478653623822,4,0.002617801047120505,-0.00520833333333337,0.0696378830083566,-0.02972972972972987,9.42857142857143,17.48466257668713,19.687499999999993,17.846153846153847,3.6301969952763335,3.48349768864501,3.233554261476844,2.773529376324339,000100.SZ
2014-12-15,3.84,-0.015067877523678663,0,0.0026109660574411553,0.002617801047120505,-0.00520833333333337,0.0696378830083566,3.7837837837837673,13.609467455621305,18.153846153846143,18.885448916408663,3.668342996135182,3.5174502897264377,3.2573364473012814,2.7841410243211118,000100.SZ
2014-12-16,3.82,0.18202245256379368,1,-0.00520833333333337,0.0026109660574411553,0.002617801047120505,-0.00520833333333337,6.406685236768794,12.352941176470589,16.463414634146332,19.749216300940443,3.695916996837876,3.5462645478477293,3.2794016846620155,2.794448078805479,000100.SZ
2014-12-17,3.74,-0.01546260351495643,2,-0.020942408376963262,-0.00520833333333337,0.0026109660574411553,0.002617801047120505,-2.604166666666663,8.092485549132956,15.076923076923077,16.149068322981375,3.7039320883218982,3.5647155432908026,3.2974643636948775,2.8038565556332853,000100.SZ
2014-12-18,3.81,0.08741936438421027,3,0.018716577540106805,-0.020942408376963262,-0.00520833333333337,0.0026109660574411553,-0.2617801047120394,8.547008547008561,17.59259259259258,19.435736677116,3.723217163172462,3.588075967739298,3.3175638004127257,2.813867933189173,000100.SZ
2014-12-19,3.79,-0.20318654629812305,4,-0.005249343832021025,0.018716577540106805,-0.020942408376963262,-0.00520833333333337,-1.0443864229765065,8.285714285714295,16.257668711656457,18.437499999999996,3.735359497141105,3.607306827954603,3.336090710200462,2.8235806900728635,000100.SZ
2014-12-22,3.92,0.6529293239758893,0,0.03430079155672816,-0.005249343832021025,0.018716577540106805,-0.020942408376963262,2.083333333333326,5.94594594594593,15.976331360946737,20.615384615384613,3.768930497660904,3.637087130054165,3.3589891137220125,2.8344903349477604,000100.SZ
2014-12-23,3.97,0.29360902061456295,1,0.012755102040816313,0.03430079155672816,-0.005249343832021025,0.018716577540106805,3.9267015706806463,10.584958217270213,16.76470588235295,21.036585365853668,3.805488588995285,3.6687931176680544,3.3829503249486006,2.845788938580121,000100.SZ
2014-12-24,3.82,-0.3051340818705979,2,-0.037783375314861534,0.012755102040816313,0.03430079155672816,-0.005249343832021025,2.1390374331550666,-0.520833333333337,10.404624277456653,17.538461538461526,3.8081270273597783,3.6831937731282394,3.400089527891793,2.8554825809823092,000100.SZ
2014-12-25,3.87,-0.39466168653929035,3,0.01308900523560208,-0.037783375314861534,0.012755102040816313,0.03430079155672816,1.5748031496062964,1.308900523560208,10.256410256410264,19.444444444444443,3.8193766587489093,3.7009848423541216,3.418517389543095,2.8655772816690526,000100.SZ
2014-12-26,3.92,0.061000151883353615,4,0.012919896640826822,0.01308900523560208,-0.037783375314861534,0.012755102040816313,3.430079155672816,2.3498694516971286,11.99999999999999,20.24539877300615,3.837671811703653,3.7218434287965865,3.4381833742668957,2.876069050010654,000100.SZ
2014-12-29,3.84,0.21361724970922435,0,-0.020408163265306145,0.012919896640826822,0.01308900523560208,-0.037783375314861534,-2.0408163265306145,0.0,3.7837837837837673,13.609467455621305,3.838095118666625,3.7330964355778637,3.4539408890015273,2.8856604027468666,000100.SZ
2014-12-30,3.73,-0.3010483169426301,1,-0.02864583333333326,-0.020408163265306145,0.012919896640826822,0.01308900523560208,-6.045340050377835,-2.3560209424083767,3.8997214484679743,9.705882352941186,3.8184414607272386,3.7328015369514005,3.4647667364916637,2.894061791774261,000100.SZ
2014-12-31,3.8,-0.16821010441936501,2,0.018766756032171594,-0.02864583333333326,-0.020408163265306145,0.012919896640826822,-0.5235602094240788,1.6042780748662944,-1.041666666666663,9.826589595375722,3.8150884678677404,3.7392013905750767,3.4779131389821867,2.9030761023038703,000100.SZ
2015-01-05,4.03,1.603446526844361,0,0.06052631578947376,0.018766756032171594,-0.02864583333333326,-0.020408163265306145,4.134366925064592,5.774278215223094,5.497382198952883,14.814814814814836,3.8541632918917874,3.766896496234593,3.4995636041201403,2.9142892754152747,000100.SZ
2015-01-06,4.15,0.05224705693258591,1,0.02977667493796532,0.06052631578947376,0.018766756032171594,-0.02864583333333326,5.867346938775531,9.49868073878628,8.355091383812008,18.571428571428573,3.907951784275099,3.803382544212251,3.525070913762488,2.9265849045156207,000100.SZ
2015-01-07,4.17,-0.3741159044621366,2,0.004819277108433662,0.02977667493796532,0.06052631578947376,0.018766756032171594,8.59375,6.3775510204081565,8.59375,12.702702702702705,3.955596914406899,3.838298492382513,3.5503622504776846,2.9389571940229278,000100.SZ
2015-01-08,4.04,-0.17117796710448474,3,-0.031175059952038398,0.004819277108433662,0.02977667493796532,0.06052631578947376,8.310991957104562,1.76322418136019,5.759162303664933,12.534818941504188,3.970942929969281,3.8575081597746546,3.5695637308511086,2.949912843833645,000100.SZ
2015-01-09,4.0,0.20252520745962355,4,-0.00990099009900991,-0.031175059952038398,0.004819277108433662,0.02977667493796532,5.263157894736836,4.712041884816753,6.951871657753994,4.166666666666674,3.97622603361123,3.8710788112246877,3.586443584543222,2.9603614722532106,000100.SZ
2015-01-12,3.97,-0.24615818412519397,0,-0.007499999999999951,-0.00990099009900991,-0.031175059952038398,0.004819277108433662,-1.488833746898266,2.5839793281653867,4.199475065616798,3.9267015706806463,3.9750940275000968,3.8804998768223364,3.601485012600351,2.9704076267581536,000100.SZ
2015-01-13,4.01,-0.3155729233313318,1,0.010075566750629594,-0.007499999999999951,-0.00990099009900991,-0.031175059952038398,-3.3734939759036298,2.2959183673469274,5.804749340369386,4.699738903394257,3.9814405679546243,3.892833221886876,3.617505208184651,2.980751829476978,000100.SZ
2015-01-14,3.93,0.02093969769749604,2,-0.01995012468827917,0.010075566750629594,-0.007499999999999951,-0.00990099009900991,-5.755395683453235,2.34375,0.25510204081633514,2.34375,3.9720877374174197,3.896372915040507,3.6297599059029,2.9901970849050676,000100.SZ
2015-01-15,3.97,0.22875375058107594,3,0.010178117048346147,-0.01995012468827917,0.010075566750629594,-0.007499999999999951,-1.7326732673267342,6.434316353887404,0.0,3.9267015706806463,3.97170814879607,3.9033850183699825,3.643102654691022,2.999946367642331,000100.SZ
2015-01-16,4.02,0.14976842298344573,4,0.012594458438287104,0.010178117048346147,-0.01995012468827917,0.010075566750629594,0.49999999999998934,5.789473684210522,5.235602094240832,7.486631016042766,3.9804884853786024,3.914491207096651,3.6578829427423547,3.0100961550289744,000100.SZ
2015-01-19,3.71,0.4999800582299685,0,-0.07711442786069644,0.012594458438287104,0.010178117048346147,-0.01995012468827917,-6.549118387909325,-7.940446650124078,-4.134366925064603,-2.6246719160105014,3.9313087607643107,3.895015854039827,3.6599267489093212,3.01706037239187,000100.SZ
2015-01-20,3.8,-0.32452338535988723,1,0.02425876010781658,-0.07711442786069644,0.012594458438287104,0.010178117048346147,-5.2369077306733125,-8.433734939759052,-3.0612244897959218,0.26385224274405594,3.907434440625345,3.8859667250836534,3.665419817579544,3.0248508164476724,000100.SZ
2015-01-21,3.89,-0.050700677058730936,2,0.023684210526315974,0.02425876010781658,-0.07711442786069644,0.012594458438287104,-1.0178117048346036,-6.714628297362102,1.3020833333333481,-0.7653061224489721,3.9042645423298277,3.8863508465042576,3.6742268835568166,3.033459266035258,000100.SZ
2015-01-22,3.9,-0.22569041300381498,3,0.0025706940874035134,0.023684210526315974,0.02425876010781658,-0.07711442786069644,-1.7632241813602123,-3.4653465346534684,4.557640750670244,-1.7632241813602123,3.9034891709971316,3.8876507658848043,3.6830807312604708,3.042081561895604,000100.SZ
2015-01-23,3.86,-0.13922322038209722,4,-0.01025641025641022,0.0025706940874035134,0.023684210526315974,0.02425876010781658,-3.980099502487555,-3.500000000000003,1.5789473684210575,1.0471204188481575,3.8955820489976527,3.8850173596100612,3.690018741799276,3.050220053817041,000100.SZ
2015-01-26,3.91,0.2727159610539085,0,0.012953367875647714,-0.01025641025641022,0.0025706940874035134,0.023684210526315974,5.39083557951483,-1.5113350125944613,-2.977667493796532,1.033591731266159,3.898203494634443,3.887396658694817,3.6986454578071477,3.0587750781571703,000100.SZ
2015-01-27,3.97,0.8702155741311042,1,0.01534526854219953,0.012953367875647714,-0.01025641025641022,0.0025706940874035134,4.473684210526319,-0.9975062344139585,-4.337349397590362,1.2755102040816313,3.9112574047009074,3.8952636435810253,3.709286812402946,3.067841992802373,000100.SZ
2015-01-28,3.89,-0.4590292480200737,2,-0.02015113350125941,0.01534526854219953,0.012953367875647714,-0.01025641025641022,0.0,-1.0178117048346036,-6.714628297362102,1.3020833333333481,3.907392422028015,3.894762344192356,3.7163736040734183,3.0760226694909063,000100.SZ
2015-01-29,3.82,-0.1912475237957192,3,-0.01799485861182526,-0.02015113350125941,0.01534526854219953,0.012953367875647714,-2.051282051282055,-3.7783375314861534,-5.44554455445545,2.4128686327077764,3.8915028907501936,3.887642120935941,3.7204373843058334,3.0834254289984595,000100.SZ
2015-01-30,3.89,1.1744305877081627,4,0.01832460732984309,-0.01799485861182526,-0.02015113350125941,0.01534526854219953,0.7772020725388629,-3.233830845771135,-2.749999999999997,2.3684210526315974,3.8912296378865214,3.8878666808468036,3.727086898646781,3.0914510466203655,000100.SZ
2015-02-02,3.81,-0.5117488271778774,0,-0.020565552699228773,0.01832460732984309,-0.01799485861182526,-0.02015113350125941,-2.5575447570332477,2.695417789757415,-4.030226700251893,-5.459057071960305,3.8764606128162447,3.8804508064804417,3.7303383928174956,3.098600787450014,000100.SZ
2015-02-03,3.85,-0.12141972877159424,1,0.01049868766404205,-0.020565552699228773,0.01832460732984309,-0.01799485861182526,-3.0226700251889227,1.3157894736842257,-3.990024937655856,-7.2289156626506035,3.8716495923042,3.8775507296727807,3.735031004863868,3.106077396530113,000100.SZ
2015-02-04,3.81,-0.03226426272556959,2,-0.010389610389610393,0.01049868766404205,-0.020565552699228773,0.01832460732984309,-2.0565552699228773,-2.0565552699228773,-3.053435114503822,-8.633093525179858,3.860440575521618,3.8711173268468015,3.7379709654574422,3.113081601539764,000100.SZ
2015-02-05,3.75,0.07662397829180323,3,-0.015748031496062964,-0.010389610389610393,0.01049868766404205,-0.020565552699228773,-1.8324607329842868,-3.8461538461538436,-5.541561712846354,-7.178217821782173,3.8403604708813237,3.8595823433375824,3.7384426923022485,3.119419098041856,000100.SZ
2015-02-06,3.66,-0.020562787195131493,4,-0.02399999999999991,-0.015748031496062964,-0.010389610389610393,0.01049868766404205,-5.9125964010282805,-5.181347150259064,-8.955223880596996,-8.499999999999996,3.8075676579938103,3.840574501114956,3.7353665082903955,3.124798012489201,000100.SZ
2015-02-09,3.65,-0.21804145549261733,0,-0.002732240437158584,-0.02399999999999991,-0.015748031496062964,-0.010389610389610393,-4.199475065616798,-6.649616368286448,-1.6172506738544534,-8.060453400503786,3.778918992904026,3.822424548627817,3.732018802082929,3.1300239029121943,000100.SZ
2015-02-10,3.83,1.0779371927360288,1,0.049315068493150704,-0.002732240437158584,-0.02399999999999991,-0.015748031496062964,-0.5194805194805197,-3.5264483627204024,0.7894736842105399,-4.488778054862841,3.7882064487396576,3.8231460201870724,3.735861202001246,3.1369888392016256,000100.SZ
2015-02-11,4.21,2.6486181122892405,2,0.09921671018276768,0.049315068493150704,-0.002732240437158584,-0.02399999999999991,10.498687664041984,8.22622107969151,8.22622107969151,7.124681933842236,3.864896185332447,3.8599892563597322,3.754454880354138,3.147665567169769,000100.SZ
2015-02-12,4.5,0.22890513962665637,3,0.06888361045130642,0.09921671018276768,0.049315068493150704,-0.002732240437158584,19.999999999999996,17.801047120418858,15.384615384615397,13.350125944584379,3.980369606181093,3.920942660515948,3.783691943869662,3.16112163117803,000100.SZ
2015-02-13,4.5,-0.49348504036044416,4,0.0,0.06888361045130642,0.09921671018276768,0.049315068493150704,22.95081967213115,15.681233933161941,16.580310880829032,11.9402985074627,4.074847859602712,3.976090978562048,3.8117824558747735,3.174443804002129,000100.SZ
2015-02-16,4.88,0.2581181462945876,0,0.08444444444444432,0.0,0.06888361045130642,0.09921671018276768,33.69863013698631,28.083989501312324,24.8081841432225,31.53638814016173,4.221239157856764,4.062177552032329,3.853673339958116,3.1914145124200184,000100.SZ
2015-02-17,4.81,-0.34250797599091554,1,-0.014344262295082011,0.08444444444444432,0.0,0.06888361045130642,25.587467362924276,24.935064935064922,21.15869017632239,26.57894736842106,4.328286583700988,4.13339873755306,3.891176346234268,3.2075198406546455,000100.SZ
2015-02-25,4.64,-0.1002600954025824,2,-0.03534303534303529,-0.014344262295082011,0.08444444444444432,0.0,10.213776722090252,21.78477690288714,19.28020565552697,19.28020565552697,4.384961750300808,4.181646476833721,3.9205419797152774,3.22177337457848,000100.SZ
2015-02-26,4.69,-0.33433120618833523,3,0.010775862068965747,-0.03534303534303529,-0.014344262295082011,0.08444444444444432,4.222222222222238,25.06666666666668,22.77486910994766,20.256410256410273,4.440423250246115,4.230061098087652,3.9507168040401686,3.2363825947319285,000100.SZ
2015-02-27,5.02,1.0518031548773576,4,0.07036247334754786,0.010775862068965747,-0.03534303534303529,-0.014344262295082011,11.555555555555541,37.158469945355165,29.048843187660655,30.051813471502587,4.545800841110458,4.305293374460256,3.9926494783915345,3.2541300316002677,000100.SZ
2015-03-02,5.21,0.21933978048454028,0,0.03784860557768943,0.07036247334754786,0.010775862068965747,-0.03534303534303529,6.762295081967218,42.73972602739726,36.745406824146976,33.24808184143222,4.66656432454492,4.391455910225946,4.0403887145330435,3.273591424320663,000100.SZ
2015-03-03,5.08,-0.22272992350176657,1,-0.0249520153550864,0.03784860557768943,0.07036247334754786,0.010775862068965747,5.613305613305619,32.637075718015666,31.948051948051948,27.95969773299747,4.7417344473549345,4.457031537823475,4.081157784551356,3.2915656390040398,000100.SZ
2015-03-04,5.46,0.2865143744869407,2,0.07480314960629908,-0.0249520153550864,0.03784860557768943,0.07036247334754786,17.67241379310345,29.69121140142519,43.307086614173215,40.359897172236494,4.872328184199492,4.552552343745049,4.13523002829444,3.3131421003074824,000100.SZ
2015-03-05,5.37,-0.2241330218421207,3,-0.016483516483516425,0.07480314960629908,-0.0249520153550864,0.03784860557768943,14.498933901918964,19.333333333333336,43.199999999999996,40.575916230366495,4.962813968890493,4.630404501483616,4.183652380126031,3.333608348065617,000100.SZ
2015-03-06,5.1,0.11738280731851836,4,-0.05027932960893866,-0.016483516483516425,0.07480314960629908,-0.0249520153550864,1.5936254980079667,13.33333333333333,39.34426229508195,31.105398457583533,4.987756883637676,4.6751278822947,4.219587580905403,3.351184384403273,000100.SZ
2015-03-09,5.17,-0.35163465419406914,0,0.013725490196078383,-0.05027932960893866,-0.016483516483516425,0.07480314960629908,-0.7677543186180413,5.942622950819665,41.643835616438366,35.69553805774277,5.020891995703553,4.722258560171396,4.256858656164015,3.3692820522201563,000100.SZ
2015-03-10,5.29,0.1465355719525665,1,0.023210831721470093,0.013725490196078383,-0.05027932960893866,-0.016483516483516425,4.133858267716528,9.97920997920998,38.12010443864229,37.402597402597394,5.069820723757452,4.7763291734884055,4.297374002981112,3.3883936735911,000100.SZ
2015-03-11,5.17,0.04554963510254928,2,-0.022684310018903586,0.023210831721470093,0.013725490196078383,-0.05027932960893866,-5.311355311355315,11.422413793103448,22.802850356294545,35.69553805774277,5.088035137619734,4.813821633156176,4.331594630315187,3.406121099724522,000100.SZ
2015-03-12,5.06,-0.09736887657953952,3,-0.021276595744680882,-0.022684310018903586,0.023210831721470093,0.013725490196078383,-5.772811918063326,7.889125799573549,12.444444444444436,34.93333333333333,5.082937839870691,4.837267191903207,4.360159546773414,3.4225776061949253,000100.SZ
2015-03-13,5.11,-0.2701065467897774,4,0.00988142292490135,-0.021276595744680882,-0.022684310018903586,0.023210831721470093,0.19607843137257053,1.7928286852589848,13.555555555555564,39.617486338797825,5.087858232621475,4.863241745055282,4.389565054743084,3.4393678787701,000100.SZ
2015-03-16,5.21,0.44989760828406955,0,0.019569471624266033,0.00988142292490135,-0.021276595744680882,-0.022684310018903586,0.7736943907156624,0.0,6.762295081967218,42.73972602739726,5.110065826690297,4.896266340764302,4.421738974164923,3.4569861088320892,000100.SZ
2015-03-17,5.26,0.23826376156568463,1,0.009596928982725572,0.019569471624266033,0.00988142292490135,-0.021276595744680882,-0.5671077504725952,3.543307086614167,9.355509355509351,37.33681462140992,5.137326585473879,4.930907641643892,4.45461195557022,3.4749265455601286,000100.SZ
2015-03-18,5.79,1.0629540993767428,2,0.10076045627376429,0.009596928982725572,0.019569471624266033,0.00988142292490135,11.992263056092845,6.043956043956045,24.784482758620708,37.52969121140141,5.255994479024083,5.012725961487331,4.50698011417531,3.4979621023207246,000100.SZ
2015-03-19,5.83,0.043563079773494495,3,0.006908462867012188,0.10076045627376429,0.009596928982725572,0.019569471624266033,15.217391304347828,8.566108007448792,24.307036247334747,29.555555555555557,5.360359119201522,5.090561584202823,4.558863246952749,3.5211664595115635,000100.SZ
2015-03-20,5.89,-0.2677897716935146,4,0.010291595197255532,0.006908462867012188,0.10076045627376429,0.009596928982725572,15.264187866927582,15.490196078431385,17.33067729083666,30.88888888888888,5.456657461164882,5.1666985761835065,4.611064688248719,3.544736942501498,000100.SZ
2015-03-23,5.97,-0.09484931312342482,0,0.013582342954159499,0.010291595197255532,0.006908462867012188,0.10076045627376429,14.587332053742808,15.473887814313336,14.587332053742808,22.33606557377048,5.5499924682258115,5.243203473689839,4.664356269101711,3.568868913222876,000100.SZ
2015-03-24,5.9,-0.05538678741549441,1,-0.011725293132328174,0.013582342954159499,0.010291595197255532,0.006908462867012188,12.167300380228152,11.531190926275992,16.141732283464584,22.66112266112268,5.613630201275663,5.305755523814616,4.712812885999684,3.5920642474196636,000100.SZ
2015-03-25,5.99,0.14874475851651248,2,0.015254237288135464,-0.011725293132328174,0.013582342954159499,0.010291595197255532,3.4542314335060498,15.860735009671178,9.706959706959717,29.094827586206918,5.6820610737709965,5.3709216644037,4.762898655176167,3.615924304659269,000100.SZ
2015-03-26,5.83,-0.3620236695273601,3,-0.026711185308848084,0.015254237288135464,-0.011725293132328174,0.013582342954159499,0.0,15.217391304347828,8.566108007448792,24.307036247334747,5.708959060358088,5.414643410650966,4.804745766737886,3.637954908593008,000100.SZ
2015-03-27,5.86,-0.2861793081810339,4,0.005145797598627766,-0.026711185308848084,0.015254237288135464,-0.011725293132328174,-0.5093378607809784,14.677103718199614,14.90196078431374,16.733067729083672,5.73642104938389,5.457058323922303,4.846128285689342,3.660064810000043,000100.SZ
2015-03-30,5.91,0.26604765305935585,0,0.008532423208191142,0.005145797598627766,-0.026711185308848084,0.015254237288135464,-1.005025125628134,13.435700575815734,14.313346228239855,13.435700575815734,5.767980858586819,5.500195626405894,4.8878487450740735,3.682452224825913,000100.SZ
2015-03-31,5.9,-0.016572640918077086,1,-0.0016920473773265332,0.008532423208191142,0.005145797598627766,-0.026711185308848084,0.0,12.167300380228152,11.531190926275992,16.141732283464584,5.791984338843761,5.538272233414856,4.9275409511496004,3.7045173768176953,000100.SZ
2015-04-01,6.32,1.2201095350399354,2,0.07118644067796609,-0.0016920473773265332,0.008532423208191142,0.005145797598627766,5.509181969949917,9.153713298791022,22.24371373307543,15.750915750915762,5.887987186326714,5.612722496899155,4.98214718835942,3.7305420795359274,000100.SZ
2015-04-02,6.19,-0.2876514472237067,3,-0.020569620253164556,0.07118644067796609,-0.0016920473773265332,0.008532423208191142,6.174957118353341,6.174957118353341,22.332015810276708,15.270018621973925,5.942898606994584,5.667701306718284,5.029513965286502,3.755014297649998,000100.SZ
2015-04-03,6.18,-0.41807471709812427,4,-0.001615508885298933,-0.020569620253164556,0.07118644067796609,-0.0016920473773265332,5.460750853242313,4.923599320882843,20.939334637964755,21.176470588235308,5.9860079511773865,5.7164916584594,5.074631064687031,3.7791435086186547,000100.SZ
2015-04-07,6.44,0.8511880660628661,1,0.04207119741100329,-0.001615508885298933,-0.020569620253164556,0.07118644067796609,8.967851099830803,7.872696817420444,23.608445297504808,24.56479690522244,6.068551960054225,5.785397214796601,5.128174944503226,3.805619692612499,000100.SZ
2015-04-08,6.44,-0.2510015310762429,2,0.0,0.04207119741100329,-0.001615508885298933,-0.020569620253164556,9.152542372881367,9.152542372881367,22.43346007604563,21.739130434782616,6.136087967317093,5.8477403371969245,5.17961906432663,3.8318324319894894,000100.SZ
2015-04-09,6.16,0.3095487852205352,3,-0.0434782608695653,0.0,0.04207119741100329,-0.001615508885298933,-2.5316455696202556,2.838063439065097,6.390328151986191,19.14893617021276,6.140435609623076,5.87747935270198,5.218065375529507,3.8549982784373555,000100.SZ
2015-04-10,6.2,-0.2170890867159213,4,0.006493506493506551,-0.0434782608695653,0.0,0.04207119741100329,0.1615508885298933,6.346483704974282,6.346483704974282,22.529644268774707,6.151265498782516,5.9081956048256,5.256572615704821,3.8783316289006655,000100.SZ
2015-04-13,6.24,0.08970981197554972,0,0.006451612903225712,0.006493506493506551,-0.0434782608695653,0.0,0.9708737864077666,6.484641638225264,5.942275042444822,22.113502935420737,6.167399044458422,5.939796023413638,5.295138395481103,3.9018308166727986,000100.SZ
2015-04-14,6.2,-0.03258656504931834,1,-0.0064102564102563875,0.006451612903225712,0.006493506493506551,-0.0434782608695653,-3.7267080745341685,4.906937394247035,3.8525963149078857,19.00191938579654,6.173326490920527,5.964577354517101,5.3306231642857655,3.924698171730781,000100.SZ
2015-04-15,6.0,-0.027000700347329598,2,-0.032258064516129115,-0.0064102564102563875,0.006451612903225712,0.006493506493506551,-6.8322981366459645,1.6949152542372836,1.6949152542372836,14.068441064638781,6.141812583480431,5.967950939801186,5.356873236274559,3.945347941166296,000100.SZ
2015-04-16,6.03,-0.2589534297427054,3,0.0050000000000001155,-0.032258064516129115,-0.0064102564102563875,0.006451612903225712,-2.110389610389607,-4.588607594936711,0.6677796327211993,4.145077720207269,6.121483022847626,5.9738603741058345,5.383270364263792,3.9660907477218554,000100.SZ
2015-04-17,6.15,0.5101962331131051,4,0.01990049751243772,0.0050000000000001155,-0.032258064516129115,-0.0064102564102563875,-0.8064516129032251,-0.646203554119551,5.488850771869647,5.488850771869647,6.12666792778442,5.990635576571945,5.413338193116193,3.987821188043031,000100.SZ
2015-04-20,6.18,0.4294118799339206,0,0.004878048780487809,0.01990049751243772,0.0050000000000001155,-0.032258064516129115,-0.9615384615384692,0.0,5.460750853242313,4.923599320882843,6.136364668187252,6.008670283565094,5.443403362013597,4.0096339125401155,000100.SZ
2015-04-21,6.66,0.36363075742418216,1,0.07766990291262132,0.004878048780487809,0.01990049751243772,0.0050000000000001155,7.41935483870968,3.416149068322971,12.690355329949243,11.557788944723635,6.231571092153206,6.070701685130323,5.491113034091494,4.0360057144053885,000100.SZ
2015-04-22,6.64,-0.2126984605541068,2,-0.0030030030030030463,0.07766990291262132,0.004878048780487809,0.01990049751243772,10.666666666666668,3.105590062111796,12.542372881355913,12.542372881355913,6.305830893579895,6.124920572260768,5.5361674249114365,4.061916105306828,000100.SZ
2015-04-23,6.53,-0.2273207884351498,3,-0.016566265060240837,-0.0030030030030030463,0.07766990291262132,0.004878048780487809,8.291873963515762,6.006493506493515,3.322784810126578,9.015025041736235,6.346588912929005,6.163499565378791,5.575141251385498,4.086474154010243,000100.SZ
2015-04-24,6.54,0.14749968336481323,4,0.0015313935681469104,-0.016566265060240837,-0.0030030030030030463,0.07766990291262132,6.34146341463413,5.483870967741944,5.654281098546043,12.178387650085764,6.381754565123731,6.199356749628429,5.61297884937038,4.110887346507654,000100.SZ
2015-04-27,6.49,-0.21146689381306005,0,-0.007645259938837912,0.0015313935681469104,-0.016566265060240837,-0.0030030030030030463,5.016181229773475,4.006410256410264,5.016181229773475,10.750853242320812,6.4014355532830525,6.2270370591876265,5.647371835669581,4.134560109228971,000100.SZ
2015-04-28,6.15,0.024133303715694998,1,-0.05238828967642528,-0.007645259938837912,0.0015313935681469104,-0.016566265060240837,-7.657657657657657,-0.8064516129032251,-4.503105590062118,4.0609137055837685,6.355719998140679,6.219700196407852,5.667082744074696,4.15461423749535,000100.SZ
2015-04-29,6.25,-0.2906727992298641,2,0.016260162601625883,-0.05238828967642528,-0.007645259938837912,0.0015313935681469104,-5.87349397590361,4.166666666666674,-2.9503105590062195,5.932203389830493,6.336498180296919,6.222585891988056,5.689942244307061,4.175463847072511,000100.SZ
2015-04-30,6.22,-0.19098662109293185,3,-0.0048000000000000265,0.016260162601625883,-0.05238828967642528,-0.007645259938837912,-4.747320061255755,3.1509121061359835,0.9740259740259605,-1.5822784810126667,6.315316692970207,6.222339616560622,5.710728822961687,4.1958074903852225,000100.SZ
2015-05-04,6.24,-0.0643111955638167,0,0.003215434083601254,-0.0048000000000000265,0.016260162601625883,-0.05238828967642528,-4.587155963302747,1.4634146341463428,0.6451612903225712,0.8077544426494221,6.301622748793806,6.224021557840563,5.731484555394562,4.216147714361489,000100.SZ
2015-05-05,5.85,0.7304142365453359,1,-0.06250000000000011,0.003215434083601254,-0.0048000000000000265,0.016260162601625883,-9.861325115562414,-5.339805825242716,-6.250000000000011,-5.339805825242716,6.2195095217403855,6.1884004570938425,5.736132219888893,4.23240495103451,000100.SZ
2015-05-06,5.59,-0.28854523418937883,2,-0.0444444444444444,-0.06250000000000011,0.003215434083601254,-0.0048000000000000265,-9.105691056910581,-16.066066066066064,-9.838709677419356,-13.198757763975166,6.105053245060315,6.13140993737062,5.7304015445991325,4.245913359481928,000100.SZ
2015-05-07,5.63,-0.16496017691159826,3,0.007155635062611854,-0.0444444444444444,-0.06250000000000011,0.003215434083601254,-9.920000000000007,-15.210843373493976,-6.166666666666664,-12.577639751552805,6.0186799277766205,6.083656610001989,5.726464229124657,4.259685365855241,000100.SZ
2015-05-08,6.0,0.7059795567947553,4,0.06571936056838368,0.007155635062611854,-0.0444444444444444,-0.06250000000000011,-3.5369774919614128,-8.11638591117918,-0.4975124378109541,-2.5974025974025983,6.01528357727178,6.075689313811323,5.737191122100161,4.27700192937907,000100.SZ
2015-05-11,6.09,0.04593269431000002,0,0.014999999999999902,0.06571936056838368,0.007155635062611854,-0.0444444444444444,-2.4038461538461564,-6.880733944954132,-0.9756097560975729,-1.774193548387104,6.028868381404183,6.077052236305483,5.751026764370744,4.295041711176293,000100.SZ
2015-05-12,6.06,-0.21702865761689283,1,-0.0049261083743842304,0.014999999999999902,0.06571936056838368,0.007155635062611854,3.589743589743599,-6.625577812018502,-1.9417475728155331,-2.8846153846153966,6.034528675694331,6.075428213800199,5.763143361846401,4.3126034851944395,000100.SZ
2015-05-13,5.97,0.04505018204234168,2,-0.014851485148514865,-0.0049261083743842304,0.014999999999999902,0.06571936056838368,6.797853309481217,-2.9268292682926966,-10.360360360360366,-3.709677419354851,6.022796189204453,6.065387431533514,5.771255386872033,4.329094992804445,000100.SZ
2015-05-14,6.57,1.5893831475255116,3,0.10050251256281406,-0.014851485148514865,-0.0049261083743842304,0.014999999999999902,16.69626998223801,5.120000000000013,-1.0542168674698704,9.499999999999996,6.122287791167278,6.113445771387465,5.802578705033914,4.351392555065098,000100.SZ
2015-05-15,6.29,0.03295864685740324,4,-0.0426179604261796,0.10050251256281406,-0.014851485148514865,-0.0049261083743842304,4.833333333333334,1.12540192926045,-3.6753445635528403,4.311774461028195,6.152780920045955,6.130260459826753,5.82169326562082,4.370682181382858,000100.SZ
2015-05-18,6.13,-0.5126213966925518,0,-0.025437201907790197,-0.0426179604261796,0.10050251256281406,-0.014851485148514865,0.6568144499178974,-1.7628205128205177,-6.269113149847094,-0.3252032520325243,6.148638934583054,6.130235654128967,5.833783725792553,4.388187831319347,000100.SZ
2015-05-19,6.2,-0.2534954751131222,1,0.011419249592169667,-0.025437201907790197,-0.0426179604261796,0.10050251256281406,2.310231023102327,5.982905982905984,-4.46841294298922,0.3236245954692629,6.157977310113408,6.1368798775452555,5.848145148310492,4.406215813097264,000100.SZ
2015-05-20,6.19,0.3640988922731889,2,-0.001612903225806428,0.011419249592169667,-0.025437201907790197,-0.0426179604261796,3.685092127303191,10.733452593917715,0.6504065040650486,-7.0570570570570474,6.163799617365514,6.1419389368266595,5.861551220925767,4.423964909484355,000100.SZ
2015-05-21,6.26,-0.16343630319407465,3,0.011308562197092087,-0.001612903225806428,0.011419249592169667,-0.025437201907790197,-4.718417047184175,11.190053285968027,0.16000000000000458,-5.722891566265053,6.181290596026329,6.153182847605073,5.877176663242404,4.442233915360133,000100.SZ
2015-05-22,6.4,0.4807917031843414,4,0.022364217252396346,0.011308562197092087,-0.001612903225806428,0.011419249592169667,1.7488076311605871,6.666666666666665,2.893890675241173,-1.9908116385911168,6.2210559422033604,6.176689243071257,5.897679539193682,4.461714174908789,000100.SZ
2015-05-25,6.58,0.10314762918955278,0,0.028124999999999956,0.022364217252396346,0.011308562197092087,-0.001612903225806428,7.3409461663947795,8.045977011494255,5.448717948717952,0.6116207951070374,6.286318498166385,6.215099791350185,5.9244372043233415,4.48279164580522,000100.SZ
2015-05-26,7.03,0.5415793634503179,1,0.06838905775075999,0.028124999999999956,0.022364217252396346,0.011308562197092087,13.387096774193541,16.006600660066027,20.170940170940188,8.320493066255775,6.421533316681588,6.29270933503112,5.967792608075367,4.508137002563377,000100.SZ
2015-05-27,6.82,-0.30643808961331387,2,-0.02987197724039825,0.06838905775075999,0.028124999999999956,0.022364217252396346,10.177705977382878,14.237855946398659,22.003577817531305,10.894308943089426,6.493981804557663,6.342927493599584,6.001212505797902,4.531140614478169,000100.SZ
2015-05-28,6.52,0.24778749287207757,3,-0.04398826979472148,-0.02987197724039825,0.06838905775075999,0.028124999999999956,4.153354632587858,-0.7610350076103556,15.808170515097686,4.3199999999999905,6.4987123855471784,6.359791541828194,6.021557113413671,4.550930260105252,000100.SZ
2015-05-29,6.4,-0.4092718379309661,4,-0.018404907975460016,-0.04398826979472148,-0.02987197724039825,0.06838905775075999,0.0,1.7488076311605871,6.666666666666665,2.893890675241173,6.480764679084055,6.363620918796938,6.0363980109268605,4.569328963984802,000100.SZ
2015-06-01,6.68,-0.05121328554114335,0,0.043749999999999956,-0.018404907975460016,-0.04398826979472148,-0.02987197724039825,1.5197568389057725,8.972267536704726,9.688013136288998,7.051282051282048,6.5169892828869544,6.393752259863897,6.061637304616003,4.590330665835699,000100.SZ
2015-06-02,6.73,0.06418612236023158,1,0.007485029940119903,0.043749999999999956,-0.018404907975460016,-0.04398826979472148,-4.267425320056894,8.54838709677419,11.056105610561072,15.042735042735057,6.555718504180235,6.425775854162573,6.087847606395767,4.611620907966688,000100.SZ
2015-06-03,7.0,0.3831350594821552,2,0.04011887072808307,0.007485029940119903,0.043749999999999956,-0.018404907975460016,2.639296187683282,13.085621970920824,17.252931323283093,25.223613595706617,6.6364969579656465,6.480463868051852,6.1236182884978945,4.635385874056572,000100.SZ
2015-06-04,7.1,0.09718018838136433,3,0.014285714285714235,0.04011887072808307,0.007485029940119903,0.043749999999999956,8.895705521472387,13.418530351437695,8.066971080669694,26.110124333925388,6.720770238335529,6.539467309189771,6.16190776738033,4.6599093976978,000100.SZ
2015-06-05,7.04,-0.07388545751358988,4,-0.008450704225352101,0.014285714285714235,0.04011887072808307,0.007485029940119903,9.999999999999986,9.999999999999986,11.92368839427662,17.333333333333336,6.7788120131836145,6.587137089266935,6.196342756894827,4.683591891253045,000100.SZ
2015-06-08,6.96,-0.18324404675369987,0,-0.011363636363636354,-0.008450704225352101,0.014285714285714235,0.04011887072808307,4.191616766467066,5.775075987841949,13.539967373572592,14.28571428571428,6.811755283513866,6.6226478426700846,6.226290099761696,4.706242718205751,000100.SZ
2015-06-09,7.16,0.231571406004214,1,0.028735632183908066,-0.011363636363636354,-0.008450704225352101,0.014285714285714235,6.389301634472511,1.849217638691325,15.48387096774193,18.15181518151816,6.875072504693163,6.673824238606267,6.262906174280845,4.730658213546988,000100.SZ
2015-06-10,7.38,0.40418513145605206,2,0.030726256983240274,0.028735632183908066,-0.011363636363636354,-0.008450704225352101,5.428571428571427,8.211143695014655,19.224555735056526,23.61809045226131,6.966877503839861,6.741079073024718,6.306713775289439,4.757019823362441,000100.SZ
2015-06-11,7.29,-0.44380387515117203,3,-0.012195121951219523,0.030726256983240274,0.028735632183908066,-0.011363636363636354,2.6760563380281654,11.809815950920255,16.453674121405747,10.95890410958904,7.025627048596249,6.793357256546173,6.345274019395736,4.782223606214556,000100.SZ
2015-06-12,7.33,-0.06139821285238112,4,0.005486968449931462,-0.012195121951219523,0.030726256983240274,0.028735632183908066,4.119318181818188,14.531249999999996,14.531249999999996,16.53418124006358,7.080967585215112,6.844466089256062,6.383890724517472,4.807574615107944,000100.SZ
2015-06-15,7.48,0.5357891001217452,0,0.02046384720327432,0.005486968449931462,-0.012195121951219523,0.030726256983240274,7.471264367816088,11.976047904191622,13.677811550151976,22.02283849918434,7.153518933357819,6.9049931283745325,6.426875401987375,4.834165912470055,000100.SZ
2015-06-16,7.04,-0.19322304792745482,1,-0.05882352941176472,0.02046384720327432,0.005486968449931462,-0.012195121951219523,-1.6759776536312887,4.606240713224352,0.14224751066855834,13.548387096774196,7.13287912729276,6.917850925672196,6.450919503870224,4.8561145103559245,000100.SZ
2015-06-17,7.06,-0.24251531545866822,2,0.0028409090909089496,-0.05882352941176472,0.02046384720327432,0.005486968449931462,-4.336043360433606,0.8571428571428452,3.5190615835777095,14.05492730210014,7.119628376875895,6.931388932751035,6.4748050135223725,4.8780437192081045,000100.SZ
2015-06-18,7.07,0.1180937576312977,3,0.0014164305949009304,0.0028409090909089496,-0.05882352941176472,0.02046384720327432,-3.0178326474622708,-0.42253521126759397,8.435582822085896,12.939297124600646,7.110605035625731,6.944589986774746,6.498145993384241,4.899854229464741,000100.SZ
2015-06-19,6.6,-0.14892427790055107,4,-0.06647807637906655,0.0014164305949009304,0.0028409090909089496,-0.05882352941176472,-9.959072305593452,-6.25,3.124999999999978,3.124999999999978,7.017767756421053,6.911771892796199,6.502140268153486,4.9167711028034,000100.SZ
2015-06-23,6.6,-0.025246002969144143,1,0.0,-0.06647807637906655,0.0014164305949009304,0.0028409090909089496,-11.764705882352954,-5.1724137931034475,-1.19760479041916,0.3039513677811412,6.9418099825263155,6.882079331577513,6.505977904696486,4.933519649044162,000100.SZ
2015-06-24,6.85,0.07499610751744545,2,0.037878787878787845,0.0,-0.06647807637906655,0.0014164305949009304,-2.6988636363636465,-4.329608938547491,1.7830609212481363,-2.56045519203415,6.925117258430621,6.87902415714156,6.519468967257408,4.952589105272578,000100.SZ
2015-06-25,6.45,-0.03309922393656661,3,-0.058394160583941535,0.037878787878787845,0.0,-0.06647807637906655,-8.640226628895176,-12.601626016260159,-7.857142857142851,-5.4252199413489794,6.838732302352326,6.838164713604268,6.516744694031628,4.967488716165388,000100.SZ
2015-06-26,5.81,-0.04810332055081046,4,-0.0992248062015505,-0.058394160583941535,0.037878787878787845,0.0,-17.821782178217827,-20.30178326474623,-18.16901408450704,-10.889570552147243,6.651690065560993,6.740244264689576,6.489029215834309,4.975871913019463,000100.SZ
2015-06-29,5.23,0.15255818211990646,0,-0.0998278829604129,-0.0992248062015505,-0.058394160583941535,0.037878787878787845,-20.75757575757574,-28.649386084583895,-25.71022727272727,-18.281249999999993,6.393200962731722,6.596411477576282,6.439655521095709,4.9784005507008615,000100.SZ
2015-06-30,5.65,0.024593745190230942,1,0.08030592734225617,-0.0998278829604129,-0.0992248062015505,-0.058394160583941535,-14.39393939393938,-24.465240641711226,-18.821839080459768,-15.419161676646699,6.258073514962318,6.5062770511404455,6.4086886379154855,4.9850831322859275,000100.SZ
2015-07-01,5.24,-0.2205469395468741,2,-0.072566371681416,0.08030592734225617,-0.0998278829604129,-0.0992248062015505,-23.503649635036496,-25.568181818181813,-26.81564245810055,-22.13967310549777,6.072969239514624,6.3856792367461175,6.362857710938408,4.987619618531839,000100.SZ
2015-07-02,5.48,0.617473718239635,3,0.04580152671755733,-0.072566371681416,0.08030592734225617,-0.0998278829604129,-15.038759689922475,-22.379603399433414,-25.74525745257452,-21.714285714285708,5.965156650511965,6.2994240713417256,6.3282358399212155,4.992518925810129,000100.SZ
2015-07-03,5.28,-0.27016955862485137,4,-0.03649635036496357,0.04580152671755733,-0.072566371681416,0.08030592734225617,-9.122203098106707,-25.318246110325315,-27.572016460905346,-25.633802816901397,5.840582714055244,6.202336064547275,6.287128552081168,4.995379434011023,000100.SZ
2015-07-06,5.5,0.06395220239725319,0,0.04166666666666652,-0.03649635036496357,0.04580152671755733,-0.072566371681416,5.162523900573612,-16.666666666666664,-24.965893587994547,-21.875,5.778658584227017,6.135446915542772,6.256260765725044,5.000400534170118,000100.SZ
2015-07-07,4.99,0.016911064087809846,1,-0.09272727272727266,0.04166666666666652,-0.03649635036496357,0.04580152671755733,-11.681415929203542,-24.39393939393939,-33.288770053475936,-28.304597701149426,5.635266114367559,6.026356733110127,6.206603480794651,5.000297046267928,000100.SZ
2015-07-08,4.49,-0.3508303966044275,2,-0.1002004008016032,-0.09272727272727266,0.04166666666666652,-0.03649635036496357,-14.312977099236646,-34.45255474452554,-36.22159090909091,-37.290502793296085,5.427035911755275,5.880037044242496,6.139285697234076,4.995219463717999,000100.SZ
2015-07-09,4.94,0.3201630076180193,3,0.10022271714922049,-0.1002004008016032,-0.09272727272727266,0.04166666666666652,-9.85401459854015,-23.410852713178286,-30.028328611898004,-33.062330623306224,5.33848392779977,5.790509706695591,6.092254885577837,4.99467001631782,000100.SZ
2015-07-10,5.43,0.11907365073054366,4,0.0991902834008096,0.10022271714922049,-0.1002004008016032,-0.09272727272727266,2.840909090909083,-6.540447504302927,-23.1966053748232,-25.514403292181075,5.355123213654357,5.756175448915059,6.066284105751255,4.999001657946499,000100.SZ
2015-07-13,5.9,0.48759468615583734,0,0.08655616942909772,0.0991902834008096,0.10022271714922049,-0.1002004008016032,7.272727272727275,12.810707456978964,-10.606060606060597,-19.50886766712141,5.454191720262656,5.769873025208862,6.059763160427677,5.007966815578873,000100.SZ
2015-07-14,5.52,-0.23932931770068355,1,-0.06440677966101704,0.08655616942909772,0.0991902834008096,0.10022271714922049,10.621242484969917,-2.300884955752225,-16.36363636363637,-26.203208556149736,5.466156862033082,5.74607559423659,6.038595977665808,5.013061673135303,000100.SZ
2015-07-15,4.97,-0.3503987333823714,2,-0.09963768115942029,-0.06440677966101704,0.08655616942909772,0.0991902834008096,10.690423162583507,-5.152671755725202,-27.44525547445256,-29.403409090909093,5.375946523481612,5.672163632880725,5.9966902530514625,5.012633198775747,000100.SZ
2015-07-16,5.1,-0.3120984585642035,3,0.026156941649899457,-0.09963768115942029,-0.06440677966101704,0.08655616942909772,3.2388663967611198,-6.934306569343073,-20.93023255813954,-27.762039660056658,5.325774428303136,5.617671858320656,5.961525929402386,5.013502520180964,000100.SZ
2015-07-17,5.41,0.04185465294262314,4,0.0607843137254902,0.026156941649899457,-0.09963768115942029,-0.06440677966101704,-0.36832412523019054,2.4621212121212155,-6.884681583476759,-23.47949080622348,5.341088168611656,5.597893586099641,5.939897461582684,5.017447768736377,000100.SZ
2015-07-20,5.42,0.07850154864379255,0,0.001848428835489857,0.0607843137254902,0.026156941649899457,-0.09963768115942029,-8.135593220338988,-1.4545454545454528,3.632887189292533,-17.878787878787872,5.355435774318628,5.580951339804437,5.919509325834344,5.021453263574822,000100.SZ
2015-07-21,5.43,-0.24877846162091666,1,0.0018450184501843658,0.001848428835489857,0.0607843137254902,0.026156941649899457,-1.6304347826086918,8.817635270541068,-3.8938053097345215,-17.727272727272727,5.368992906260695,5.566575021727823,5.900312881683978,5.025518405230794,000100.SZ
2015-07-22,5.4,0.055702539284291586,2,-0.0055248618784529135,0.0018450184501843658,0.001848428835489857,0.0607843137254902,8.651911468812902,20.267260579064583,3.053435114503822,-21.167883211678816,5.374630559667841,5.550710733944221,5.880692768676763,5.029244590253373,000100.SZ
2015-07-23,5.59,0.6560433866843878,3,0.035185185185184986,-0.0055248618784529135,0.0018450184501843658,0.001848428835489857,9.607843137254912,13.157894736842103,2.007299270072993,-13.333333333333341,5.413788639728233,5.554452568806677,5.869293052258066,5.034824246071747,000100.SZ
2015-07-24,5.45,-0.016622627585808236,4,-0.025044722719141266,0.035185185185184986,-0.0055248618784529135,0.0018450184501843658,0.7393715341959428,0.36832412523020164,3.2196969696969724,-6.196213425129082,5.420372523414009,5.5445047051108025,5.852850187463632,5.038955348100885,000100.SZ
2015-07-27,4.91,-0.17739107580688107,0,-0.09908256880733946,-0.025044722719141266,0.035185185185184986,-0.0055248618784529135,-9.409594095940953,-16.779661016949156,-10.72727272727273,-6.118546845124284,5.327577519156916,5.48407568557644,5.815875670308196,5.037672210308836,000100.SZ
2015-07-28,4.79,0.032719140045318174,1,-0.024439918533604943,-0.09908256880733946,-0.025044722719141266,0.035185185185184986,-11.786372007366474,-13.224637681159413,-4.008016032064132,-15.221238938053105,5.2298361520374765,5.417973239331064,5.775645251864737,5.035207810206261,000100.SZ
2015-07-29,5.04,-0.40424414628586314,2,0.05219206680584554,-0.024439918533604943,-0.09908256880733946,-0.025044722719141266,-6.666666666666677,1.4084507042253502,12.249443207126953,-3.8167938931297773,5.195320488030662,5.381975787966201,5.746796418458277,5.035255493686797,000100.SZ
2015-07-30,4.75,-0.031800261016323716,3,-0.05753968253968256,0.05219206680584554,-0.024439918533604943,-0.09908256880733946,-15.026833631484793,-6.8627450980392135,-3.8461538461538547,-13.321167883211682,5.114353126570541,5.3217876176837065,5.707706362832463,5.032417130565535,000100.SZ
2015-07-31,4.83,-0.22995546835853964,4,0.01684210526315799,-0.05753968253968256,0.05219206680584554,-0.024439918533604943,-11.376146788990827,-10.720887245841038,-11.049723756906072,-8.52272727272727,5.06265255810317,5.27495070171383,5.673286505466484,5.030403029763888,000100.SZ
2015-08-03,4.97,0.3123459166185514,0,0.02898550724637672,0.01684210526315799,-0.05753968253968256,0.05219206680584554,1.2219959266802416,-8.302583025830257,-15.762711864406786,-9.636363636363644,5.045806638448047,5.245907777741085,5.645706642507014,5.029802004592108,000100.SZ
2015-08-04,5.13,-0.012332918977052132,1,0.03219315895372232,0.02898550724637672,0.01684210526315799,-0.05753968253968256,7.098121085594977,-5.524861878453036,-7.065217391304346,2.8056112224448926,5.061114522366584,5.234868941765743,5.625482852604779,5.030798999571291,000100.SZ
2015-08-05,4.96,-0.1730421133014679,2,-0.033138401559454134,0.03219315895372232,0.02898550724637672,0.01684210526315799,-1.5873015873015928,-8.14814814814816,-0.2012072434607548,10.46770601336302,5.042730063754478,5.2086909473118626,5.599385485835964,5.030094531913865,000100.SZ
2015-08-06,5.1,0.7408404942071738,3,0.028225806451612767,-0.033138401559454134,0.03219315895372232,0.02898550724637672,7.36842105263158,-8.765652951699465,0.0,3.2388663967611198,5.053142779435481,5.198339428520256,5.579801741293378,5.030790108710742,000100.SZ
2015-08-07,5.22,-0.04782907662082525,4,0.0235294117647058,0.028225806451612767,-0.033138401559454134,0.03219315895372232,8.074534161490687,-4.220183486238538,-3.512014787430695,-3.8674033149171283,5.083480455901757,5.200402340089756,5.565691869085795,5.032672794196207,000100.SZ
2015-08-10,5.4,0.359890024863047,0,0.034482758620689724,0.0235294117647058,0.028225806451612767,-0.033138401559454134,8.651911468812902,9.97963340122201,-0.36900369003689537,-8.47457627118644,5.141029463919619,5.219411641033589,5.559194148729489,5.0363277912688815,000100.SZ
2015-08-11,5.32,-0.16622855430507033,1,-0.014814814814814836,0.034482758620689724,0.0235294117647058,0.028225806451612767,3.70370370370372,11.064718162839249,-2.025782688766109,-3.6231884057970842,5.1735695613887795,5.228991484744676,5.5498139860342155,5.039150400310982,000100.SZ
2015-08-12,5.33,0.03366119522492372,2,0.001879699248120259,-0.014814814814814836,0.034482758620689724,0.0235294117647058,7.459677419354849,5.753968253968256,-1.2962962962963065,7.243460764587528,5.202011459318092,5.238611343340421,5.541193829719148,5.042044426178535,000100.SZ
2015-08-13,5.62,0.6876812774254315,3,0.054409005628517804,0.001879699248120259,-0.014814814814814836,0.034482758620689724,10.196078431372557,18.31578947368422,0.5366726296959001,10.196078431372557,5.278009375805711,5.274934072546095,5.544284267769378,5.047795227908101,000100.SZ
2015-08-14,5.5,-0.26267104443047784,4,-0.02135231316725983,0.054409005628517804,0.001879699248120259,-0.014814814814814836,5.363984674329503,13.871635610766052,0.917431192660545,1.6635859519408491,5.3183713074774,5.2963689227798,5.542547629817639,5.052294777879165,000100.SZ
2015-08-17,5.75,0.29059070282353194,0,0.045454545454545414,-0.02135231316725983,0.054409005628517804,0.001879699248120259,6.481481481481466,15.694164989939651,17.10794297352343,6.088560885608851,5.396849251572418,5.339571882515057,5.550683016883614,5.059237118397781,000100.SZ
2015-08-18,5.18,-0.12918687823727693,1,-0.09913043478260875,0.045454545454545414,-0.02135231316725983,0.054409005628517804,-2.6315789473684292,0.974658869395717,8.141962421711902,-4.604051565377532,5.357422114922886,5.3243745603707655,5.536146427986218,5.060438739110241,000100.SZ
2015-08-19,5.29,-0.3722254217925357,2,0.021235521235521304,-0.09913043478260875,0.045454545454545414,-0.02135231316725983,-0.7504690431519689,6.653225806451624,4.960317460317465,-2.0370370370370483,5.34516354857327,5.321100792716408,5.526493626888719,5.062722930760885,000100.SZ
2015-08-20,5.08,-0.3453849084601657,3,-0.03969754253308133,0.021235521235521304,-0.09913043478260875,0.045454545454545414,-9.608540925266906,-0.39215686274508554,6.947368421052635,-9.123434704830046,5.2969519942872205,5.298138812457702,5.5089840728930835,5.062894841897593,000100.SZ
2015-08-21,4.78,0.07099862153469139,4,-0.05905511811023623,-0.03969754253308133,0.021235521235521304,-0.09913043478260875,-13.090909090909086,-8.429118773946353,-1.0351966873705987,-12.29357798165137,5.202960722598634,5.248792258890302,5.480396462191394,5.0600799678488615,000100.SZ
2015-08-24,4.3,0.08197295693273565,0,-0.10041841004184104,-0.05905511811023623,-0.03969754253308133,0.021235521235521304,-25.217391304347824,-20.370370370370384,-13.480885311871226,-12.423625254582493,5.038786045762519,5.15843109137694,5.434106404850556,5.052516983094147,000100.SZ
2015-08-25,3.87,0.11081518686184433,1,-0.09999999999999998,-0.10041841004184104,-0.05905511811023623,-0.03969754253308133,-25.289575289575282,-27.255639097744368,-24.561403508771928,-19.20668058455115,4.826279491987516,5.03572336838866,5.372768898777984,5.040750644953907,000100.SZ
2015-08-26,3.79,-0.11130215429281953,2,-0.02067183462532296,-0.09999999999999998,-0.10041841004184104,-0.05905511811023623,-28.355387523629496,-28.893058161350847,-23.588709677419352,-24.801587301587304,4.637865038898877,4.91708304758974,5.310699530198455,5.028305364904615,000100.SZ
2015-08-27,3.99,-0.267963179916318,3,0.05277044854881274,-0.02067183462532296,-0.09999999999999998,-0.10041841004184104,-21.456692913385822,-29.00355871886121,-21.76470588235293,-15.999999999999993,4.5200713954627165,4.828789424009765,5.2589073917593,5.0179739682388975,000100.SZ
2015-08-28,4.24,0.4265647291217032,4,0.06265664160400997,0.05277044854881274,-0.02067183462532296,-0.09999999999999998,-11.297071129707115,-22.9090909090909,-18.77394636015325,-12.215320910973082,4.469149323560404,4.772714240770739,5.2189502391412885,5.010232933729058,000100.SZ
2015-08-31,4.09,-0.23883276065439263,0,-0.03537735849056611,0.06265664160400997,0.05277044854881274,-0.02067183462532296,-4.88372093023256,-28.8695652173913,-24.25925925925927,-17.70623742454728,4.400213082913058,4.707693836887811,5.174677680743591,5.0010763871247885,000100.SZ
2015-09-01,4.19,0.3206441180433903,1,0.02444987775061147,-0.03537735849056611,0.06265664160400997,0.05277044854881274,8.268733850129205,-19.111969111969096,-21.240601503759393,-18.323586744639364,4.361992522383411,4.658389661946115,5.1360628697340385,4.9930059753126015,000100.SZ
2015-09-02,4.22,0.010758379674506546,2,0.007159904534606021,0.02444987775061147,-0.03537735849056611,0.06265664160400997,11.345646437994716,-20.22684310018904,-20.825515947467178,-14.919354838709687,4.336175700131881,4.616638265570295,5.100138835626821,4.985314373568198,000100.SZ
2015-09-07,4.15,-0.3065396384743999,0,-0.016587677725118377,0.007159904534606021,0.02444987775061147,-0.03537735849056611,4.010025062656641,-18.30708661417322,-26.156583629893237,-18.627450980392148,4.3023255728351755,4.5721965259921715,5.062878489131652,4.97700278776155,000100.SZ
2015-09-08,4.23,-0.36105904831225544,1,0.01927710843373487,-0.016587677725118377,0.007159904534606021,0.02444987775061147,-0.2358490566037652,-11.506276150627615,-23.090909090909083,-18.965517241379303,4.289175468683325,4.539606380659584,5.030216587597078,4.969569924201734,000100.SZ
2015-09-09,4.35,0.7897929541765161,2,0.028368794326240954,0.01927710843373487,-0.016587677725118377,0.007159904534606021,6.35696821515892,1.1627906976744207,-24.347826086956527,-19.444444444444454,4.300234474377266,4.521548630120576,5.003541427299154,4.963405049334055,000100.SZ
2015-09-10,4.22,-0.4847163656615483,3,-0.029885057471264354,0.028368794326240954,0.01927710843373487,-0.016587677725118377,0.7159904534606021,9.043927648578798,-18.532818532818528,-20.676691729323316,4.285646388126854,4.492829712966236,4.972814312503108,4.956007984166552,000100.SZ
2015-09-11,4.16,-0.08837970540098206,4,-0.01421800947867291,-0.029885057471264354,0.028368794326240954,0.01927710843373487,-1.421800947867291,9.762532981530336,-21.361058601134207,-21.95121951219512,4.262801590285608,4.46113164506469,4.940939241424555,4.948087506712159,000100.SZ
2015-09-14,3.98,0.581535178347617,0,-0.04326923076923084,-0.01421800947867291,-0.029885057471264354,0.028368794326240954,-4.0963855421686795,-0.25062656641604564,-21.653543307086622,-29.181494661921715,4.211383119324587,4.415309583629957,4.903255349603985,4.938454795202585,000100.SZ
2015-09-15,3.73,-0.36315152553626695,1,-0.06281407035175879,-0.04326923076923084,-0.01421800947867291,-0.029885057471264354,-11.820330969267145,-12.028301886792459,-21.96652719665272,-32.18181818181818,4.1238589158110255,4.350042004236628,4.857245335894024,4.926430369379673,000100.SZ
2015-09-16,4.03,0.20243160071972688,2,0.08042895442359255,-0.06281407035175879,-0.04326923076923084,-0.01421800947867291,-7.356321839080449,-1.4669926650366705,-6.279069767441847,-29.91304347826087,4.106793658390838,4.319561813356949,4.8248043423295535,4.917510664211717,000100.SZ
2015-09-17,3.91,0.0463324243059926,3,-0.02977667493796532,0.08042895442359255,-0.06281407035175879,-0.04326923076923084,-7.345971563981035,-6.682577565632464,1.033591731266159,-24.517374517374513,4.071012993228868,4.280555926370573,4.788929662238199,4.907485682478267,000100.SZ
2015-09-18,3.91,-0.4444518698708867,4,0.0,-0.02977667493796532,0.08042895442359255,-0.06281407035175879,-6.009615384615385,-7.345971563981035,3.16622691292876,-26.086956521739125,4.041737903550891,4.245264885763851,4.754461832346505,4.897560451806841,000100.SZ
2015-09-21,3.97,0.02944785276073625,0,0.01534526854219953,0.0,-0.02977667493796532,0.08042895442359255,-0.2512562814070307,-4.337349397590362,-0.5012531328320802,-21.850393700787397,4.02869464835982,4.21904918235777,4.723698623234877,4.888330994574933,000100.SZ
2015-09-22,3.99,0.3553483371894648,1,0.005037783375314797,0.01534526854219953,0.0,-0.02977667493796532,6.970509383378021,-5.673758865248235,-5.8962264150943415,-16.527196652719667,4.021659257748943,4.197234974514173,4.694926128206058,4.879392377713491,000100.SZ
2015-09-23,3.89,-0.20333137910818366,2,-0.02506265664160401,0.005037783375314797,0.01534526854219953,0.0,-3.47394540942928,-10.574712643678152,-4.889975550122239,-9.534883720930221,3.9977212108854987,4.167974500750919,4.663360397688173,4.869547677437735,000100.SZ
2015-09-24,3.93,-0.27018310895632225,3,0.010282776349614497,-0.02506265664160401,0.005037783375314797,0.01534526854219953,0.5115089514066584,-6.872037914691931,-6.205250596658718,1.5503875968992276,3.985408263451771,4.1453102625841645,4.634601166406284,4.860198944328902,000100.SZ
2015-09-25,3.82,0.16254930454639815,4,-0.027989821882951738,0.010282776349614497,-0.02506265664160401,0.005037783375314797,-2.3017902813299296,-8.173076923076927,-9.478672985781989,0.79155672823219,3.9553340337332674,4.114328332814244,4.602656022625646,4.849848706076873,000100.SZ
2015-09-28,3.83,-0.4080102040816327,0,0.002617801047120505,-0.027989821882951738,0.010282776349614497,-0.02506265664160401,-3.5264483627204024,-3.7688442211055273,-7.710843373493981,-4.010025062656641,3.9325460275999458,4.087249443974793,4.572355786444248,4.8397009577577,000100.SZ
2015-09-29,3.75,0.13888649487201588,1,-0.02088772845953002,0.002617801047120505,-0.027989821882951738,0.010282776349614497,-6.015037593984962,0.536193029490617,-11.34751773049646,-11.556603773584905,3.899355840763592,4.055130449310527,4.540106539917024,4.828858162158121,000100.SZ
2015-09-30,3.77,-0.18661319005637755,2,0.005333333333333412,-0.02088772845953002,0.002617801047120505,-0.027989821882951738,-3.084832904884316,-6.451612903225811,-13.33333333333333,-7.823960880195591,3.8758365969883934,4.02797516842381,4.5099062834496895,4.818322260047095,000100.SZ
2015-10-08,3.92,1.7583383727962043,3,0.039787798408488007,0.005333333333333412,-0.02088772845953002,0.002617801047120505,-0.2544529262086592,0.2557544757033181,-7.109004739336489,-6.443914081145596,3.8838663066268673,4.017691819050113,4.486772703706564,4.8093837300963775,000100.SZ
2015-10-09,3.92,-0.027135051268213806,4,0.0,0.039787798408488007,0.005333333333333412,-0.02088772845953002,2.617801047120416,0.2557544757033181,-5.769230769230771,-7.109004739336489,3.890436069058346,4.008387836283435,4.464546323169052,4.800534140742185,000100.SZ
2015-10-12,4.12,1.2215750515714112,0,0.05102040816326525,0.0,0.039787798408488007,0.005333333333333412,7.571801566579639,3.7783375314861534,3.5175879396984966,-0.7228915662650715,3.932174965593192,4.019017566161203,4.451034702652618,4.7937626567547005,000100.SZ
2015-10-13,4.08,-0.45928399762789096,1,-0.009708737864077666,0.05102040816326525,0.0,0.039787798408488007,8.800000000000008,2.2556390977443552,9.383378016085796,-3.546099290780147,3.9590522445762475,4.024825417002993,4.436484322156437,4.786660540767092,000100.SZ
2015-10-14,4.03,-0.08270318633110141,2,-0.01225490196078427,-0.009708737864077666,0.05102040816326525,0.0,6.896551724137945,3.598971722365052,0.0,-7.356321839080449,3.971951836471475,4.025318234431279,4.420543760503244,4.779131580162445,000100.SZ
2015-10-15,4.16,0.5994179186659325,3,0.032258064516129004,-0.01225490196078427,-0.009708737864077666,0.05102040816326525,6.1224489795918435,5.852417302798973,6.39386189258313,-1.421800947867291,4.006142411658479,4.0381450692473475,4.410326358130567,4.772971066926997,000100.SZ
2015-10-16,4.16,0.054767033550709554,4,0.0,0.032258064516129004,-0.01225490196078427,-0.009708737864077666,6.1224489795918435,8.900523560209429,6.39386189258313,0.0,4.034116518629665,4.049750300747601,4.400509638203879,4.766871852330709,000100.SZ
2015-10-19,4.17,-0.08990534806732864,0,0.0024038461538460343,0.0,0.032258064516129004,-0.01225490196078427,1.213592233009697,8.87728459530026,5.037783375314864,4.773869346733672,4.058822606151543,4.061202653057353,4.391470044548824,4.7609328289244335,000100.SZ
2015-10-20,4.21,-0.11499682357521979,1,0.00959232613908867,0.0024038461538460343,0.0,0.032258064516129004,3.1862745098039102,12.26666666666667,5.513784461152871,12.868632707774807,4.086309405033081,4.075373828956653,4.384353572213576,4.755450910228668,000100.SZ
2015-10-21,4.05,0.8681617672598441,2,-0.038004750593824244,0.00959232613908867,0.0024038461538460343,0.0,0.4962779156327368,7.427055702917773,4.113110539845755,0.4962779156327368,4.079707695027066,4.072957273817924,4.371241667420887,4.7484314981865925,000100.SZ
2015-10-22,4.07,-0.31087973722537254,3,0.004938271604938427,-0.038004750593824244,0.00959232613908867,0.0024038461538460343,-2.1634615384615308,3.826530612244916,3.562340966921118,4.092071611253201,4.077942659567599,4.072675628692407,4.359428268698499,4.741680936015581,000100.SZ
2015-10-23,4.17,0.15808549099313796,4,0.02457002457002444,0.004938271604938427,-0.038004750593824244,0.00959232613908867,0.24038461538460343,6.3775510204081565,9.162303664921478,6.649616368286448,4.094680357828035,4.081944616435987,4.351999709141695,4.735992568493038,000100.SZ
2015-10-26,4.14,-0.19687662594838895,0,-0.007194244604316613,0.02457002457002444,0.004938271604938427,-0.038004750593824244,-0.7194244604316613,0.4854368932038833,8.09399477806787,4.282115869017611,4.102920292768392,4.08747370058494,4.343685995057707,4.730062294179675,000100.SZ
2015-10-27,4.09,-0.22984171187112623,1,-0.01207729468599028,-0.007194244604316613,0.02457002457002444,0.004938271604938427,-2.8503562945368155,0.2450980392156854,9.066666666666666,2.5062656641603898,4.100571148628684,4.087714300529232,4.333737524663287,4.723693515133111,000100.SZ
2015-10-28,4.02,-0.27365064219262014,2,-0.017114914425427896,-0.01207729468599028,-0.007194244604316613,0.02457002457002444,-0.7407407407407418,-0.24813895781639062,6.6312997347480085,3.341902313624656,4.085921848878014,4.081265319526448,4.321434092323551,4.716691589609399,000100.SZ
2015-10-29,4.04,-0.179714102985152,3,0.004975124378109541,-0.017114914425427896,-0.01207729468599028,-0.007194244604316613,-0.7371007371007376,-2.8846153846153855,3.0612244897959107,2.7989821882951516,4.077572421809284,4.077335289095358,4.310397461252038,4.709958339961545,000100.SZ
2015-10-30,3.99,-0.01744774106540803,4,-0.012376237623762387,0.004975124378109541,-0.017114914425427896,-0.01207729468599028,-4.316546762589923,-4.086538461538458,1.7857142857143016,4.450261780104725,4.061650163298505,4.069017642514848,4.297832854928429,4.702794575384813,000100.SZ
2015-11-02,3.9,0.11793343055674699,0,-0.022556390977443663,-0.012376237623762387,0.004975124378109541,-0.017114914425427896,-5.797101449275354,-6.474820143884896,-5.339805825242728,1.8276762402088753,4.032259224516959,4.0529207241801,4.282231566499863,4.69480656965959,000100.SZ
2015-11-03,3.89,-0.38289178352868947,1,-0.002564102564102555,-0.022556390977443663,-0.012376237623762387,0.004975124378109541,-4.889975550122239,-7.600950118764837,-4.656862745098033,3.733333333333344,4.006393910968421,4.037404464734377,4.266849936441045,4.686798544090839,000100.SZ
2015-11-04,4.05,1.3959214125839345,2,0.041131105398457546,-0.002564102564102555,-0.022556390977443663,-0.012376237623762387,0.7462686567164312,0.0,0.4962779156327368,7.427055702917773,4.014322290792344,4.038604039521578,4.258346017364926,4.680462240169537,000100.SZ
2015-11-05,4.17,1.5108859248494912,3,0.029629629629629672,0.041131105398457546,-0.002564102564102555,-0.022556390977443663,3.2178217821782207,2.457002457002444,0.24038461538460343,6.3775510204081565,4.0426273288301,4.051117940519523,4.25488146766434,4.675383013899194,000100.SZ
2015-11-06,4.23,-0.29353706871159935,4,0.014388489208633226,0.029629629629629672,0.041131105398457546,-0.002564102564102555,6.015037593984962,1.4388489208633226,1.6826923076923128,7.908163265306145,4.076695087224627,4.068154327136711,4.253905723834366,4.6709513421191025,000100.SZ
2015-11-09,4.27,0.12674634638734883,0,0.009456264775413503,0.014388489208633226,0.029629629629629672,0.041131105398457546,9.487179487179475,3.1400966183574797,2.3980815347721673,3.6407766990291135,4.111841435001967,4.087377724552263,4.254536871919293,4.666961776525878,000100.SZ
2015-11-10,4.25,-0.32178237104166396,1,-0.004683840749414414,0.009456264775413503,0.014388489208633226,0.029629629629629672,9.254498714652959,3.9119804400977953,0.9501187648456089,4.166666666666674,4.1369611740925185,4.102865560309191,4.254358955373439,4.662812903127611,000100.SZ
2015-11-11,4.26,-0.045896586710569176,2,0.0023529411764704466,-0.004683840749414414,0.009456264775413503,0.014388489208633226,5.185185185185182,5.970149253731338,5.185185185185182,5.707196029776673,4.1593318697120605,4.1178307450416485,4.254580172809774,4.658804814539276,000100.SZ
2015-11-12,4.18,-0.044974367720382324,3,-0.018779342723004744,0.0023529411764704466,-0.004683840749414414,0.009456264775413503,0.23980815347721673,3.4653465346534684,2.7027027027026973,0.48076923076922906,4.163089711582595,4.1237516264662535,4.251655460150568,4.654040587528935,000100.SZ
2015-11-13,4.07,-0.13249506281776546,4,-0.02631578947368407,-0.018779342723004744,0.0023529411764704466,-0.004683840749414414,-3.78250591016549,2.0050125313283207,-2.3980815347721784,-2.1634615384615308,4.146164309476668,4.118632423945658,4.244531716615251,4.648229238399294,000100.SZ
2015-11-16,4.09,-0.47167092500877905,0,0.004914004914004844,-0.02631578947368407,-0.018779342723004744,0.0023529411764704466,-4.215456674473062,4.871794871794877,-1.207729468599028,-1.918465227817745,4.135952616844547,4.115905526427024,4.238471649297006,4.642674718614226,000100.SZ
2015-11-17,4.12,0.9631454699640163,1,0.007334963325183352,0.004914004914004844,-0.02631578947368407,-0.018779342723004744,-3.0588235294117583,5.9125964010282805,0.7334963325183352,-2.137767220902609,4.133052141054629,4.116295476291117,4.233825702265751,4.637473975145428,000100.SZ
2015-11-18,4.07,-0.41131762673080063,2,-0.012135922330097082,0.007334963325183352,0.004914004914004844,-0.02631578947368407,-4.460093896713602,0.4938271604938427,1.2437810945273853,0.4938271604938427,4.121588115408332,4.111886383311011,4.227401164921996,4.631827467930051,000100.SZ
2015-11-19,4.14,0.2644626460147155,3,0.017199017199017064,-0.012135922330097082,0.007334963325183352,0.004914004914004844,-0.9569377990430672,-0.7194244604316613,2.4752475247524774,1.7199017199017064,4.124935730788635,4.114563870614724,4.223973668258388,4.626933662279005,000100.SZ
2015-11-20,4.16,0.3707456319207001,4,0.004830917874396157,0.017199017199017064,-0.012135922330097082,0.007334963325183352,2.211302211302213,-1.654846335697402,4.260651629072676,-0.23980815347721673,4.1313110524634284,4.1188911210323695,4.221464896954138,4.622287556186676,000100.SZ
2015-11-23,4.11,-0.2747494164492654,0,-0.012019230769230727,0.004830917874396157,0.017199017199017064,-0.012135922330097082,0.4889975550122383,-3.747072599531598,5.384615384615388,-0.7246376811594013,4.127436315651896,4.118044347600716,4.217093724524564,4.6171901675679035,000100.SZ
2015-11-24,4.09,-0.27530607093272763,1,-0.0048661800486619056,-0.012019230769230727,0.004830917874396157,0.017199017199017064,-0.728155339805836,-3.764705882352948,5.141388174807182,0.0,4.120629712806096,4.115373457353028,4.21210965689615,4.61194449425877,000100.SZ
2015-11-25,4.12,0.1155353333043061,2,0.007334963325183352,-0.0048661800486619056,-0.012019230769230727,0.004830917874396157,1.228501228501222,-3.2863849765258135,1.7283950617283939,2.4875621890547484,4.120515219568624,4.115814080462264,4.2084975134884575,4.607049524166643,000100.SZ
2015-11-26,4.1,0.035713588727776635,3,-0.004854368932038944,0.007334963325183352,-0.0048661800486619056,-0.012019230769230727,-0.9661835748792313,-1.9138755980861233,-1.6786570743405393,1.4851485148514865,4.116785179647056,4.114307977561095,4.20424270903793,4.602004255269463,000100.SZ
2015-11-27,3.87,0.5103163686382393,4,-0.056097560975609695,-0.004854368932038944,0.007334963325183352,-0.0048661800486619056,-6.971153846153843,-4.914004914004922,-8.510638297872342,-3.007518796992481,4.0719151469839545,4.091040551126706,4.191135151820756,4.594720630838922,000100.SZ
2015-11-30,3.87,-0.3883149936372482,0,0.0,-0.056097560975609695,-0.004854368932038944,0.007334963325183352,-5.839416058394164,-5.378973105134466,-9.367681498829029,-0.7692307692307665,4.035203302077781,4.069989070067019,4.178541616455236,4.587509480283312,000100.SZ
2015-12-01,3.89,-0.12731240694282975,1,0.0051679586563306845,0.0,-0.056097560975609695,-0.004854368932038944,-4.889975550122239,-5.582524271844658,-8.47058823529412,0.0,4.008802701700002,4.05284725387016,4.167226258947188,4.5805690874446725,000100.SZ
2015-12-02,4.01,0.5135438334073434,2,0.03084832904884305,0.0051679586563306845,0.0,-0.056097560975609695,-2.669902912621369,-1.4742014742014864,-5.868544600938963,-0.987654320987652,4.009020392300002,4.048766563025383,4.1610605233022,4.5748917830919895,000100.SZ
2015-12-03,4.01,-0.25189932056825204,3,0.0,0.03084832904884305,0.0051679586563306845,0.0,-2.195121951219514,-3.1400966183574908,-4.066985645933007,-3.83693045563549,4.009198502790911,4.045074509403918,4.155136581211917,4.56927096932988,000100.SZ
2015-12-04,3.94,-0.021797015295064726,4,-0.0174563591022443,0.0,0.03084832904884305,0.0051679586563306845,1.8087855297157507,-5.288461538461542,-3.194103194103204,-6.855791962174951,3.9966169568289267,4.035067413270212,4.1466998525369405,4.563009566649981,000100.SZ
2015-12-07,4.04,0.4823489692135636,0,0.025380710659898442,-0.0174563591022443,0.0,0.03084832904884305,4.392764857881137,-1.7031630170316392,-1.2224938875305624,-5.386416861826692,4.004504782860031,4.035537183434953,4.142515544594316,4.557805491359932,000100.SZ
2015-12-08,4.06,0.3947758007117439,1,0.004950495049504955,0.025380710659898442,-0.0174563591022443,0.0,4.370179948586106,-0.7334963325183463,-1.456310679611661,-4.470588235294127,4.014594822340025,4.037866975488767,4.139279640884735,4.5528522028886895,000100.SZ
2015-12-09,4.0,-0.484788177541002,2,-0.01477832512315258,0.004950495049504955,0.025380710659898442,-0.0174563591022443,-0.24937655860348684,-2.9126213592232997,-1.7199017199017286,-6.103286384976525,4.011941218278202,4.034260596870789,4.133817694183373,4.547351185944524,000100.SZ
2015-12-10,3.98,-0.08852660354185649,3,-0.0050000000000000044,-0.01477832512315258,0.004950495049504955,0.025380710659898442,-0.7481296758104716,-2.9268292682926744,-3.864734299516903,-4.784688995215303,4.006133724045801,4.029092920978333,4.127785627744809,4.541705900512239,000100.SZ
2015-12-11,4.06,0.4917957968400235,4,0.02010050251256268,-0.0050000000000000044,-0.01477832512315258,0.004950495049504955,3.045685279187804,4.909560723514206,-2.4038461538461675,-0.24570024570026439,4.01592759240111,4.032036452313729,4.125127367833248,4.5369128069748035,000100.SZ
2015-12-14,4.1,0.3965939220885173,0,0.009852216748768461,0.02010050251256268,-0.0050000000000000044,-0.01477832512315258,1.4851485148514865,5.943152454780343,-0.24330900243311193,0.24449877750609694,4.031213484691817,4.038509171140993,4.124141980859395,4.532565415860627,000100.SZ
2015-12-15,4.08,-0.3669222343921139,1,-0.004878048780487698,0.009852216748768461,0.02010050251256268,-0.0050000000000000044,0.49261083743843415,4.884318766066831,-0.24449877750610804,-0.9708737864077666,4.040083760202395,4.042460678651375,4.122410922786478,4.528062277394352,000100.SZ
2015-12-16,4.04,-0.23320151590047777,2,-0.009803921568627416,-0.004878048780487698,0.009852216748768461,0.02010050251256268,1.0000000000000009,0.7481296758104827,-1.9417475728155331,-0.7371007371007376,4.040068531074687,4.0422263283036255,4.11917912189289,4.523205936325752,000100.SZ
2015-12-17,4.13,1.0394954552291726,3,0.022277227722772297,-0.009803921568627416,-0.004878048780487698,0.009852216748768461,3.7688442211055273,2.9925187032419087,0.7317073170731714,-0.24154589371979673,4.0564197072429256,4.050585725608042,4.119603470053954,4.519293439446889,000100.SZ
2015-12-18,4.15,-0.014181557653405341,4,0.004842615012106588,0.022277227722772297,-0.009803921568627416,-0.004878048780487698,2.2167487684729315,5.329949238578702,7.235142118863047,-0.24038461538461453,4.07343430592603,4.060053751740609,4.1207954908361515,4.515618877860352,000100.SZ
2015-12-21,4.57,1.0038796143898425,0,0.10120481927710845,0.004842615012106588,0.022277227722772297,-0.009803921568627416,11.463414634146352,13.11881188118813,18.087855297157617,11.19221411192215,4.163718977575843,4.108620061098646,4.138411353940617,4.516159983553284,000100.SZ
2015-12-22,4.63,0.9353102749406652,1,0.013129102844638973,0.10120481927710845,0.004842615012106588,0.022277227722772297,13.480392156862742,14.039408866995085,19.02313624678662,13.202933985330079,4.2484973452893255,4.158275293374966,4.1576893400605925,4.517292720035342,000100.SZ
2015-12-23,4.5,-0.44877790669154305,2,-0.028077753779697567,0.013129102844638973,0.10120481927710845,0.004842615012106588,11.386138613861396,12.5,12.219451371571077,9.223300970873783,4.294225100691266,4.190820503529731,4.171113287509197,4.517120653169319,000100.SZ
2015-12-24,4.38,-0.38161256293215073,3,-0.026666666666666727,-0.028077753779697567,0.013129102844638973,0.10120481927710845,6.0532687651331685,10.050251256281406,9.22693266832919,6.829268292682933,4.309820536929218,4.2088375984316615,4.1793049232931505,4.515756268560669,000100.SZ
2015-12-25,4.42,-0.3309294353534701,4,0.009132420091324311,-0.026666666666666727,-0.028077753779697567,0.013129102844638973,6.506024096385521,8.866995073891637,12.182741116751261,14.211886304909548,4.3298531665784505,4.228948303342932,4.188743945909106,4.514803469868523,000100.SZ
2015-12-28,4.25,0.2978394315820001,0,-0.038461538461538436,0.009132420091324311,-0.026666666666666727,-0.028077753779697567,-7.002188183807445,3.658536585365857,5.198019801980203,9.819121447028412,4.315334409018732,4.230953226834082,4.19114614410875,4.512168609471821,000100.SZ
2015-12-29,4.38,-0.14694983427060437,1,0.030588235294117583,-0.038461538461538436,0.009132420091324311,-0.026666666666666727,-5.399568034557234,7.352941176470584,7.881773399014791,12.596401028277636,4.327091789197144,4.245148157611788,4.198552177673113,4.510853498929814,000100.SZ
2015-12-30,4.33,-0.3770314665851716,2,-0.011415525114155223,0.030588235294117583,-0.038461538461538436,0.009132420091324311,-3.77777777777778,7.178217821782185,8.250000000000002,7.980049875311734,4.327620554797663,4.253229285458285,4.203706994234952,4.509053961627029,000100.SZ
2015-12-31,4.26,-0.08530581495173173,3,-0.01616628175519641,-0.011415525114155223,0.030588235294117583,-0.038461538461538436,-2.73972602739726,3.147699757869238,7.035175879396971,6.234413965087282,4.3153259084708155,4.2538741154146384,4.205914563088483,4.506575812755119,000100.SZ
2016-01-04,3.88,0.45131014403922776,0,-0.08920187793427226,-0.01616628175519641,-0.011415525114155223,0.030588235294117583,-12.217194570135748,-6.506024096385554,-4.433497536945808,-1.5228426395939132,4.236175743294304,4.218267056803721,4.193133599830111,4.500341227553576,000100.SZ
2016-01-05,3.97,0.3447670582024547,1,0.023195876288659933,-0.08920187793427226,-0.01616628175519641,-0.011415525114155223,-6.58823529411764,-13.12910284463895,-3.170731707317065,-1.7326732673267342,4.187780153604431,4.194622575203367,4.184383262581871,4.49506420041374,000100.SZ
2016-01-06,4.07,-0.3610846672489768,2,0.02518891687657443,0.023195876288659933,-0.08920187793427226,-0.01616628175519641,-7.077625570776247,-12.0950323974082,-0.2450980392156854,0.24630541871923928,4.1663655802218065,4.1827537585173316,4.1798976444414055,4.49083470588226,000100.SZ
2016-01-07,3.76,-0.6911414571204744,3,-0.0761670761670763,0.02518891687657443,0.023195876288659933,-0.08920187793427226,-13.163972286374136,-16.44444444444445,-6.930693069306937,-6.000000000000005,4.092480929272387,4.142491495801395,4.163431070149586,4.483562718759053,000100.SZ
2016-01-08,3.92,3.639379320634605,4,0.042553191489361764,-0.0761670761670763,0.02518891687657443,0.023195876288659933,-7.981220657276989,-10.502283105022837,-5.0847457627118615,-1.5075376884422176,4.061120760313771,4.121301829534596,4.153884753673132,4.47795512951767,000100.SZ
2016-01-11,3.75,-0.18778139873933375,0,-0.04336734693877553,0.042553191489361764,-0.0761670761670763,0.02518891687657443,-3.350515463917525,-15.158371040723983,-9.63855421686748,-7.635467980295562,4.00455334934763,4.085939750531301,4.138046135882028,4.470711794895603,000100.SZ
2016-01-12,3.81,-0.3235841461322211,1,0.016000000000000014,-0.04336734693877553,0.042553191489361764,-0.0761670761670763,-4.030226700251893,-10.352941176470587,-16.630196936542674,-7.073170731707313,3.9691800131026067,4.059659774290225,4.125181581533713,4.464137548180225,000100.SZ
2016-01-13,3.75,-0.13945365853658542,2,-0.015748031496062964,0.016000000000000014,-0.04336734693877553,0.042553191489361764,-7.862407862407872,-14.383561643835618,-19.00647948164147,-8.088235294117652,3.9293291016294054,4.030168367214965,4.110468578336313,4.457031701929675,000100.SZ
2016-01-14,3.8,0.36949867355962196,3,0.013333333333333197,-0.015748031496062964,0.016000000000000014,-0.04336734693877553,1.0638297872340496,-12.240184757505778,-15.555555555555555,-5.940594059405946,3.905814719514968,4.008247570337349,4.0982933399701835,4.450494073054753,000100.SZ
2016-01-15,3.6,-0.07067997814533367,4,-0.05263157894736836,0.013333333333333197,-0.015748031496062964,0.016000000000000014,-8.163265306122447,-15.492957746478863,-17.808219178082187,-12.832929782082324,3.8502120432395186,3.9693668493528396,4.078752424677235,4.4420314454621685,000100.SZ
2016-01-18,3.59,-0.27919116337074645,0,-0.002777777777777879,-0.05263157894736836,0.013333333333333197,-0.015748031496062964,-4.266666666666675,-7.474226804123707,-18.778280542986426,-13.493975903614464,3.802900762650515,3.933236673223998,4.059585662925187,4.433553520631699,000100.SZ
2016-01-19,3.7,0.2533676067129689,1,0.03064066852367686,-0.002777777777777879,-0.05263157894736836,0.013333333333333197,-2.887139107611547,-6.801007556675065,-12.941176470588234,-19.037199124726477,3.784191533077694,3.9110236567264742,4.045484264379102,4.426254480625414,000100.SZ
2016-01-20,3.6,0.053736935515677375,2,-0.027027027027027084,0.03064066852367686,-0.002777777777777879,-0.05263157894736836,-3.9999999999999925,-11.54791154791155,-17.808219178082187,-22.246220302375807,3.7507021634272038,3.8814023560858577,4.02801429322698,4.418033043007251,000100.SZ
2016-01-21,3.52,-0.3390474408159446,3,-0.022222222222222254,-0.027027027027027084,0.03064066852367686,-0.002777777777777879,-7.36842105263158,-6.382978723404253,-18.706697459584298,-21.777777777777775,3.7087563155313483,3.8469830840776806,4.008092164080824,4.409097390838025,000100.SZ
2016-01-22,3.57,-0.15303811087830566,4,0.014204545454545414,-0.022222222222222254,-0.027027027027027084,0.03064066852367686,-0.8333333333333415,-8.92857142857143,-16.19718309859155,-18.493150684931503,3.6835278945256484,3.820603742736949,3.9909120792149095,4.400748163068492,000100.SZ
2016-01-25,3.64,-3.343028114866087e-05,0,0.019607843137255054,0.014204545454545414,-0.022222222222222254,-0.027027027027027084,1.392757660167132,-2.9333333333333322,-6.185567010309267,-17.647058823529406,3.6756137318846216,3.803403386285811,3.977150821206482,4.393178529605125,000100.SZ
2016-01-26,3.44,0.44356779887670506,1,-0.05494505494505497,0.019607843137255054,0.014204545454545414,-0.022222222222222254,-7.027027027027033,-9.711286089238847,-13.35012594458439,-19.05882352941176,3.632774871541963,3.7687935399728767,3.956086083119953,4.3836941661264675,000100.SZ
2016-01-27,3.52,0.07651690597498839,2,0.023255813953488413,-0.05494505494505497,0.019607843137255054,0.014204545454545414,-2.2222222222222254,-6.133333333333335,-13.51351351351352,-19.634703196347026,3.612270349443424,3.745098917118317,3.9389846680956415,4.375100194324214,000100.SZ
2016-01-28,3.52,-0.08220032699423452,3,0.0,0.023255813953488413,-0.05494505494505497,0.019607843137255054,0.0,-7.36842105263158,-6.382978723404253,-18.706697459584298,3.5954939222718925,3.7236609250118105,3.9225538967977736,4.366591734679197,000100.SZ
2016-01-29,3.62,-0.1970559969997422,4,0.02840909090909083,0.0,0.023255813953488413,-0.05494505494505497,1.400560224089653,0.5555555555555536,-7.653061224489788,-15.02347417840375,3.599949572767912,3.7137884559630665,3.910689038099822,4.359162961199803,000100.SZ
2016-02-01,3.66,-0.10716370854740764,0,0.011049723756906049,0.02840909090909083,0.0,0.023255813953488413,0.5494505494505475,1.9498607242339983,-2.399999999999991,-5.670103092783496,3.610867832264655,3.708665745871346,3.900858095429241,4.35220611581473,000100.SZ
2016-02-02,3.72,0.12542095798594066,1,0.016393442622950838,0.011049723756906049,0.02840909090909083,0.0,8.139534883720945,0.540540540540535,-2.3622047244094446,-6.297229219143574,3.6307100445801717,3.7097451986455035,3.893765621098683,4.345915507697171,000100.SZ
2016-02-03,3.7,-0.19717614247116588,2,-0.005376344086021501,0.016393442622950838,0.011049723756906049,0.02840909090909083,5.113636363636376,2.77777777777779,-1.3333333333333308,-9.090909090909093,3.6433082182928676,3.708817084488789,3.8861669692908913,4.339488487720085,000100.SZ
2016-02-04,3.72,-0.02811753636824199,3,0.00540540540540535,-0.005376344086021501,0.016393442622950838,0.011049723756906049,5.681818181818188,5.681818181818188,-2.1052631578947323,-1.0638297872340274,3.657252178603255,3.709882124061285,3.879650617553994,4.3333244231656565,000100.SZ
2016-02-05,3.73,-0.16930409204304275,4,0.0026881720430107503,0.00540540540540535,-0.005376344086021501,0.016393442622950838,3.038674033149169,4.481792717086841,3.6111111111110983,-4.846938775510202,3.670479055220845,3.7117981122459245,3.87378196588521,4.327321195074456,000100.SZ
2016-02-15,3.69,-0.19748991483639622,0,-0.01072386058981234,0.0026881720430107503,0.00540540540540535,-0.005376344086021501,0.8196721311475308,1.3736263736263687,2.785515320334264,-1.6000000000000014,3.674028317907964,3.7097221015558364,3.866574829968143,4.320979690645855,000100.SZ
2016-02-16,3.85,1.6819146559428062,1,0.04336043360433606,-0.01072386058981234,0.0026881720430107503,0.00540540540540535,3.4946236559139754,11.91860465116279,4.054054054054057,1.049868766404205,3.706023169197425,3.7230819014076615,3.8659248366360592,4.316293325564802,000100.SZ
2016-02-17,4.03,0.5611762500780972,2,0.04675324675324677,0.04336043360433606,-0.01072386058981234,0.0026881720430107503,8.918918918918916,14.488636363636376,11.944444444444446,7.466666666666666,3.764928047525166,3.752312196511694,3.872359156767979,4.313444635758187,000100.SZ
2016-02-18,3.94,-0.32926910609233884,3,-0.022332506203474045,0.04675324675324677,0.04336043360433606,-0.01072386058981234,5.913978494623651,11.931818181818187,11.931818181818187,3.684210526315801,3.796759311611499,3.770187225415342,3.875011738855509,4.3097287687357175,000100.SZ
2016-02-19,3.98,-0.21163484486873518,4,0.010152284263959421,-0.022332506203474045,0.04675324675324677,0.04336043360433606,6.702412868632712,9.944751381215466,11.484593837535018,10.555555555555562,3.830075800409408,3.7901693944234043,3.879128925567058,4.306447885464715,000100.SZ
2016-02-22,4.12,1.0536845026362927,0,0.035175879396984966,0.010152284263959421,-0.022332506203474045,0.04675324675324677,11.65311653116532,12.568306010928953,13.186813186813184,14.763231197771587,3.8827892912440607,3.821581833049747,3.888574850054624,4.30459268262427,000100.SZ
2016-02-23,3.99,-0.18373338574552234,1,-0.03155339805825241,0.035175879396984966,0.010152284263959421,-0.022332506203474045,3.6363636363636376,7.258064516129026,15.988372093023262,7.837837837837847,3.902282147381504,3.8376216584735805,3.8925523069152272,4.301462407175273,000100.SZ
2016-02-24,3.97,-0.3934295474724977,2,-0.005012531328320802,-0.03155339805825241,0.035175879396984966,0.010152284263959421,-1.488833746898266,7.297297297297289,12.784090909090917,10.277777777777786,3.9145944842212304,3.8502291195713347,3.8955894713499246,4.298164273770545,000100.SZ
2016-02-25,3.68,0.6812137150796407,3,-0.07304785894206545,-0.005012531328320802,-0.03155339805825241,0.035175879396984966,-6.598984771573601,-1.0752688172043001,4.545454545454541,4.545454545454541,3.871940941635552,3.834016822469303,3.887134982277379,4.292013385474321,000100.SZ
2016-02-26,3.94,0.6159260953617756,4,0.07065217391304346,-0.07304785894206545,-0.005012531328320802,-0.03155339805825241,-1.005025125628145,5.630026809651478,8.83977900552486,10.364145658263313,3.8843153158836334,3.8441104584246073,3.889208120227286,4.288510764723333,000100.SZ
2016-02-29,3.73,-0.41756164383561645,0,-0.053299492385786795,0.07065217391304346,-0.07304785894206545,-0.005012531328320802,-9.466019417475735,1.084010840108407,1.91256830601092,2.4725274725274637,3.8562579857229724,3.833242795717502,3.8829646645320985,4.2829534436813095,000100.SZ
2016-03-01,3.8,-0.37356727346849183,1,0.018766756032171594,-0.053299492385786795,0.07065217391304346,-0.07304785894206545,-4.761904761904767,-1.2987012987013102,2.1505376344086002,10.465116279069765,3.846029261046068,3.830076815172978,3.8797111482759377,4.278147936779009,000100.SZ
2016-03-02,3.99,0.6694533440128154,2,0.050000000000000044,0.018766756032171594,-0.053299492385786795,0.07065217391304346,0.5037783375314797,-0.992555831265507,7.837837837837847,13.35227272727273,3.872205759037692,3.8453075946803135,3.8840362012847245,4.2752807931294665,000100.SZ
2016-03-03,3.94,-0.21348466220876183,3,-0.01253132832080206,0.050000000000000044,0.018766756032171594,-0.053299492385786795,7.065217391304346,0.0,5.913978494623651,11.931818181818187,3.8845319846672024,3.854325918996474,3.8862308600578723,4.2719446658346465,000100.SZ
2016-03-04,3.94,0.3216797880249338,4,0.0,-0.01253132832080206,0.050000000000000044,0.018766756032171594,0.0,-1.005025125628145,5.630026809651478,8.83977900552486,3.8946170783640746,3.862485355282524,3.888339453781093,4.268641733836292,000100.SZ
2016-03-07,3.95,-0.5382352092768339,0,0.002538071065989911,0.0,-0.01253132832080206,0.050000000000000044,5.898123324396787,-4.126213592233007,7.046070460704623,7.9234972677595605,3.9046867004796972,3.870820083350855,3.8907575144171287,4.2654711693205085,000100.SZ
2016-03-08,3.94,0.13989880059969995,1,-0.0025316455696202667,0.002538071065989911,0.0,-0.01253132832080206,3.684210526315801,-1.253132832080206,2.3376623376623273,5.913978494623651,3.9111073003924792,3.8774086468412494,3.8926885922831236,4.262232650222792,000100.SZ
2016-03-09,3.84,-0.30332922318125766,2,-0.025380710659898553,-0.0025316455696202667,0.002538071065989911,0.0,-3.759398496240607,-3.2745591939546737,-4.714640198511177,3.7837837837837673,3.898178700321119,3.8738459185706544,3.890622372977903,4.258031330320078,000100.SZ
2016-03-10,3.81,-0.23520157325467062,3,-0.0078125,-0.025380710659898553,-0.0025316455696202667,0.002538071065989911,-3.2994923857867953,3.532608695652173,-3.2994923857867953,2.4193548387096753,3.8821462093536425,3.867765354897259,3.887460711292495,4.253573307132814,000100.SZ
2016-03-11,3.81,-0.22386217536641817,4,0.0,-0.0078125,-0.025380710659898553,-0.0025316455696202667,-3.2994923857867953,-3.2994923857867953,-4.2713567839196,2.144772117962468,3.8690287167438893,3.8622638925260917,3.8844230363398484,4.249159642385224,000100.SZ
2016-03-14,3.9,1.1529287039491125,0,0.023622047244094446,0.0,-0.0078125,-0.025380710659898553,-1.2658227848101333,4.557640750670244,-5.339805825242728,5.691056910569103,3.874659859154091,3.8658578075236067,3.8850338976598544,4.245685417087858,000100.SZ
2016-03-15,3.85,-0.34916287086051956,1,-0.012820512820512775,0.023622047244094446,0.0,-0.0078125,-2.2842639593908642,1.3157894736842257,-3.508771929824561,0.0,3.8701762483988014,3.864347540140406,3.8836600193202524,4.241748248758626,000100.SZ
2016-03-16,3.83,-0.04629498273986854,2,-0.0051948051948051965,-0.012820512820512775,0.023622047244094446,0.0,-0.26041666666666297,-4.010025062656641,-3.5264483627204024,-4.962779156327546,3.8628714759626552,3.8610763458413198,3.8815557048371057,4.237651251258541,000100.SZ
2016-03-17,3.89,0.44521023403411353,3,0.015665796344647598,-0.0051948051948051965,-0.012820512820512775,0.023622047244094446,2.09973753280841,-1.269035532994922,5.7065217391304435,-1.269035532994922,3.867803934878536,3.863830979570718,3.881886853667023,4.234192034828108,000100.SZ
2016-03-18,3.95,1.469893985658901,4,0.015424164524421524,0.015665796344647598,-0.0051948051948051965,-0.012820512820512775,3.6745406824147064,0.2538071065989911,0.2538071065989911,-0.7537688442211032,3.882748673991529,3.8720375529449353,3.884557957444787,4.231364253387032,000100.SZ
2016-03-21,3.99,0.28563689401305736,0,0.010126582278481067,0.015424164524421524,0.015665796344647598,-0.0051948051948051965,2.3076923076923217,1.0126582278481067,6.970509383378021,-3.1553398058252413,3.902248915083978,3.883272071712084,3.8886929395057757,4.228962619024972,000100.SZ
2016-03-22,3.95,-0.6221624366579149,1,-0.010025062656641603,0.010126582278481067,0.015424164524421524,0.015665796344647598,2.5974025974025983,0.2538071065989911,3.9473684210526327,-1.0025062656641603,3.9109309305232545,3.8896271125014095,3.8910971379565296,4.226186871571987,000100.SZ
2016-03-23,3.93,-0.02753788961967396,2,-0.005063291139240533,-0.010025062656641603,0.010126582278481067,0.015424164524421524,2.6109660574412663,2.34375,-1.5037593984962405,-1.0075566750629705,3.9143980340644804,3.893472149406037,3.892622740389607,4.22323973852152,000100.SZ
2016-03-24,3.85,0.33872438027464935,3,-0.020356234096692183,-0.005063291139240533,-0.010025062656641603,0.010126582278481067,-1.0282776349614386,1.049868766404205,-2.2842639593908642,4.619565217391308,3.9026893005982113,3.8893319447007,3.8909512603743286,4.219525910277524,000100.SZ
2016-03-25,3.86,-0.3805078416728903,4,0.0025974025974024872,-0.020356234096692183,-0.005063291139240533,-0.010025062656641603,-2.27848101265824,1.3123359580052396,-2.0304568527918843,-2.0304568527918843,3.894927609580354,3.8865384261577764,3.8897374854576885,4.215948538035957,000100.SZ
2016-03-28,3.83,-7.091444172602213e-05,0,-0.007772020725388518,0.0025974025974024872,-0.020356234096692183,-0.005063291139240533,-4.010025062656641,-1.7948717948717885,-3.037974683544309,2.680965147453085,3.883122589656653,3.88115381414275,3.887394838969152,4.2121082540754005,000100.SZ
2016-03-29,3.76,0.014503031807382882,1,-0.018276762402088864,-0.007772020725388518,0.0025974025974024872,-0.020356234096692183,-4.810126582278496,-2.3376623376623495,-4.5685279187817285,-1.0526315789473717,3.860736664264534,3.8696153556529644,3.882398962931146,4.207609664482611,000100.SZ
2016-03-30,3.84,-0.013247116392869684,2,0.02127659574468077,-0.018276762402088864,-0.007772020725388518,0.0025974025974024872,-2.2900763358778664,0.26109660574411553,0.0,-3.759398496240607,3.8569663616709824,3.8667948455907775,3.880736258502474,4.203951856875819,000100.SZ
2016-03-31,3.83,-0.08458786440437815,3,-0.0026041666666666297,0.02127659574468077,-0.018276762402088864,-0.007772020725388518,-0.5194805194805197,-1.5424164524421635,0.5249343832020914,-2.791878172588824,3.8520633868217127,3.8632905745821318,3.8787466013062986,4.200230942877055,000100.SZ
2016-04-01,3.8,-0.08257555237395042,4,-0.007832898172323799,-0.0026041666666666297,0.02127659574468077,-0.018276762402088864,-1.5544041450777257,-3.797468354430389,-0.2624671916010568,-3.5532994923857864,3.842597316490492,3.857262900812405,3.875658499294287,4.196248545435493,000100.SZ
2016-04-05,3.89,0.696697456662027,1,0.023684210526315974,-0.007832898172323799,-0.0026041666666666297,0.02127659574468077,1.5665796344647598,-2.506265664160401,-0.2564102564102555,-1.518987341772149,3.8512159862194935,3.8603807197826523,3.876220911086668,4.19320129622718,000100.SZ
2016-04-06,3.86,-0.4105451562383473,2,-0.007712082262210873,0.023684210526315974,-0.007832898172323799,-0.0026041666666666297,2.659574468085113,-2.27848101265824,0.2597402597402487,-2.0304568527918843,3.8528130796341307,3.860344460755733,3.8755847969264066,4.189885860443825,000100.SZ
2016-04-07,3.82,-0.0474021592442645,3,-0.010362694300518172,-0.007712082262210873,0.023684210526315974,-0.007832898172323799,-0.520833333333337,-2.7989821882951738,-0.26109660574412663,-0.520833333333337,3.846847065155198,3.856502131159949,3.8734050009685084,4.186205404121001,000100.SZ
2016-04-08,3.78,-0.11138657694350984,4,-0.010471204188481686,-0.010362694300518172,-0.007712082262210873,0.023684210526315974,-1.3054830287206332,-1.81818181818183,-2.8277634961439646,-0.7874015748031593,3.834693053308798,3.8492162139066206,3.8697420597540573,4.182163559303877,000100.SZ
2016-04-11,3.8,0.5430948585093665,0,0.005291005291005346,-0.010471204188481686,-0.010362694300518172,-0.007712082262210873,0.0,-1.5544041450777257,-3.797468354430389,-0.2624671916010568,3.828385225434471,3.8445289554393236,3.867007077018604,4.178360936823242,000100.SZ
2016-04-12,3.76,-0.1709876343912441,1,-0.010526315789473717,0.005291005291005346,-0.010471204188481686,-0.010362694300518172,-3.3419023136246895,-1.8276762402088864,-5.7644110275689275,-3.589743589743588,3.8159515480827486,3.8364785787308167,3.86281072105709,4.174198141431965,000100.SZ
2016-04-13,3.82,1.0482143552595709,2,0.015957446808510634,-0.010526315789473717,0.005291005291005346,-0.010471204188481686,-1.0362694300518172,1.5957446808510634,-3.2911392405063356,-0.7792207792207906,3.816687630249521,3.8349091902802623,3.8611318692509298,4.170673781815727,000100.SZ
2016-04-14,3.82,-0.3207141770611499,3,0.0,0.015957446808510634,-0.010526315789473717,0.005291005291005346,0.0,-0.520833333333337,-2.7989821882951738,-0.26109660574412663,3.8172898792950622,3.833489267396428,3.8595188547705015,4.167184490454376,000100.SZ
2016-04-15,3.81,-0.525150454863541,4,-0.002617801047120394,0.0,0.015957446808510634,-0.010526315789473717,0.7936507936507908,-0.5221932114882533,-1.0389610389610393,-2.0565552699228773,3.81596444669596,3.831252194311054,3.857576938897149,4.1636304159224915,000100.SZ
2016-04-18,3.76,0.32533600565904286,0,-0.013123359580052618,-0.002617801047120394,0.0,0.015957446808510634,-1.0526315789473717,-1.0526315789473717,-2.590673575129532,-4.810126582278496,3.8057890927512394,3.8244662710433346,3.8537503922737315,4.159614192878487,000100.SZ
2016-04-19,3.77,-0.3922964017257484,1,0.0026595744680850686,-0.013123359580052618,-0.002617801047120394,0.0,0.26595744680850686,-3.084832904884316,-1.5665796344647487,-5.513784461152882,3.7992819849782866,3.8192790071344453,3.850466063164958,4.155737434740392,000100.SZ
2016-04-20,3.66,2.1475517821854644,2,-0.02917771883289122,0.0026595744680850686,-0.013123359580052618,-0.002617801047120394,-4.188481675392664,-5.181347150259064,-2.659574468085102,-7.3417721518987396,3.773957987709507,3.804109577883546,3.84299680578594,4.150804723946956,000100.SZ
2016-04-21,3.62,-0.49524473898383914,3,-0.010928961748633892,-0.02917771883289122,0.0026595744680850686,-0.013123359580052618,-5.235602094240832,-5.235602094240832,-5.7291666666666625,-7.888040712468191,3.745965626307778,3.786575332370827,3.834251833010021,4.145523084902708,000100.SZ
2016-04-22,3.6,-0.03671626664209704,4,-0.0055248618784530246,-0.010928961748633892,-0.02917771883289122,0.0026595744680850686,-5.511811023622048,-4.761904761904756,-6.005221932114879,-6.493506493506496,3.7194264215245454,3.768806253097415,3.825065486617471,4.140094994505666,000100.SZ
2016-04-25,3.58,-0.40090865614538496,0,-0.005555555555555536,-0.0055248618784530246,-0.010928961748633892,-0.02917771883289122,-4.7872340425531785,-5.789473684210522,-5.789473684210522,-7.253886010362686,3.694076163065537,3.7508247051833754,3.81545507537757,4.1345219099832216,000100.SZ
2016-04-26,3.61,0.22718927117426357,1,0.008379888268156277,-0.005555555555555536,-0.0055248618784530246,-0.010928961748633892,-4.244031830238725,-3.9893617021276584,-7.197943444730082,-5.744125326370764,3.678789587962712,3.7374128284992443,3.8073980135980574,4.129302786500801,000100.SZ
2016-04-27,3.51,0.04598972224029163,2,-0.027700831024930817,0.008379888268156277,-0.005555555555555536,-0.0055248618784530246,-4.098360655737709,-8.115183246073299,-9.067357512953366,-6.648936170212771,3.6481005719694912,3.7157544638802684,3.795735346398134,4.123140569719699,000100.SZ
2016-04-28,3.46,0.09981343283582089,3,-0.014245014245014231,-0.027700831024930817,0.008379888268156277,-0.005555555555555536,-4.41988950276243,-9.424083769633507,-9.424083769633507,-9.895833333333325,3.6139004679750384,3.691396895891671,3.782569254382521,4.116542156090648,000100.SZ
2016-04-29,3.44,-0.3786259541984732,4,-0.005780346820809301,-0.014245014245014231,-0.027700831024930817,0.008379888268156277,-4.444444444444451,-9.711286089238847,-8.994708994708988,-10.182767624020894,3.582282201070486,3.6674543343781787,3.769135165975363,4.109810393343477,000100.SZ
2016-05-03,3.58,1.9783419783419784,1,0.04069767441860472,-0.005780346820809301,-0.014245014245014231,-0.027700831024930817,0.0,-4.7872340425531785,-5.789473684210522,-5.789473684210522,3.5818672554213062,3.6591253501516854,3.7617181006429963,4.10453864813608,000100.SZ
2016-05-04,3.57,-0.2837239145711754,2,-0.0027932960893854997,0.04069767441860472,-0.005780346820809301,-0.014245014245014231,-1.1080332409972304,-5.305039787798416,-5.053191489361697,-8.22622107969152,3.579709572617432,3.6506372215658103,3.754199743755036,4.099219855617313,000100.SZ
2016-05-05,3.55,-0.5122637887642367,3,-0.0056022408963585235,-0.0027932960893854997,0.04069767441860472,-0.005780346820809301,1.139601139601143,-3.0054644808743203,-7.0680628272251305,-8.031088082901562,3.574307832141535,3.6410527242738286,3.7461919106666035,4.093754981432066,000100.SZ
2016-05-06,3.46,1.007433968864789,4,-0.025352112676056304,-0.0056022408963585235,-0.0027932960893854997,0.04069767441860472,0.0,-4.41988950276243,-9.424083769633507,-9.424083769633507,3.553524589933983,3.623809607676321,3.7349686984835997,4.0874489617163245,000100.SZ
2016-05-09,3.36,-0.008757025225460735,0,-0.028901734104046284,-0.025352112676056304,-0.0056022408963585235,-0.0027932960893854997,-2.3255813953488413,-6.666666666666677,-11.811023622047244,-11.111111111111105,3.518338300855077,3.5986848831357188,3.7202640436411056,4.080210663589794,000100.SZ
2016-05-10,3.34,-0.21901371308016881,1,-0.005952380952380931,-0.028901734104046284,-0.025352112676056304,-0.0056022408963585235,-6.703910614525144,-6.703910614525144,-11.170212765957444,-12.105263157894742,3.4859131552450626,3.574048227598984,3.7053517282041994,4.0728453833550695,000100.SZ
2016-05-11,3.38,0.356013281557769,2,0.011976047904191711,-0.005952380952380931,-0.028901734104046284,-0.025352112676056304,-5.3221288515406195,-6.371191135734067,-10.344827586206895,-10.106382978723405,3.4666562179277784,3.5555674440181284,3.6925928369020737,4.065951399441089,000100.SZ
2016-05-12,3.37,-0.27520232413363765,3,-0.002958579881656709,0.011976047904191711,-0.005952380952380931,-0.028901734104046284,-5.070422535211261,-3.988603988603978,-7.9234972677595605,-11.780104712041883,3.449082360122728,3.53789435411164,3.679942137415718,4.059026509894412,000100.SZ
2016-05-13,3.36,-0.3338868529546495,4,-0.0029673590504452063,-0.002958579881656709,0.011976047904191711,-0.005952380952380931,-2.8901734104046284,-2.8901734104046284,-7.182320441988955,-12.041884816753923,3.4328855673731407,3.5209520346724363,3.667395386928827,4.052071022233772,000100.SZ
2016-05-16,3.38,-0.05630533826184125,0,0.005952380952380931,-0.0029673590504452063,-0.002958579881656709,0.011976047904191711,0.5952380952380931,-1.744186046511631,-6.111111111111112,-11.286089238845154,3.423270009668933,3.5075280313702994,3.656124979598285,4.0453837483807,000100.SZ
2016-05-17,3.36,-0.09947167061395523,1,-0.00591715976331364,0.005952380952380931,-0.0029673590504452063,-0.002958579881656709,0.5988023952095745,-6.145251396648055,-6.145251396648055,-10.638297872340418,3.4117663715473086,3.493477742668366,3.644512235300313,4.038564009590842,000100.SZ
2016-05-18,3.3,1.193607121181469,2,-0.017857142857142905,-0.00591715976331364,0.005952380952380931,-0.0029673590504452063,-2.3668639053254448,-7.563025210084029,-8.58725761772854,-12.466843501326263,3.3914452130841615,3.475051290985664,3.631001951563046,4.031215113973023,000100.SZ
2016-05-19,3.3,-0.5441759660610532,3,0.0,-0.017857142857142905,-0.00591715976331364,0.005952380952380931,-2.077151335311578,-7.042253521126762,-5.982905982905984,-9.836065573770503,3.374818810705223,3.45837973946322,3.6180214828742994,4.0239393416946845,000100.SZ
2016-05-20,3.31,0.10419828022255961,4,0.003030303030303161,0.0,-0.017857142857142905,-0.00591715976331364,-1.4880952380952328,-4.335260115606932,-4.335260115606932,-8.563535911602216,3.3630335723951825,3.4442483357048177,3.6059422090360918,4.016835467647971,000100.SZ
2016-05-23,3.31,-0.24644983967017864,0,0.0,0.003030303030303161,0.0,-0.017857142857142905,-2.071005917159763,-1.4880952380952328,-3.779069767441856,-8.05555555555556,3.353391104686967,3.4314627799234065,3.594336632211147,4.009802278915156,000100.SZ
2016-05-24,3.36,1.7751975683890575,1,0.015105740181268867,0.0,0.003030303030303161,0.0,0.0,0.5988023952095745,-6.145251396648055,-6.145251396648055,3.354592722016609,3.4246568008830818,3.58514696035973,4.0033365845975935,000100.SZ
2016-05-25,3.31,-0.3043897310084991,2,-0.014880952380952328,0.015105740181268867,0.0,0.003030303030303161,0.3030303030303161,-2.071005917159763,-7.282913165266103,-8.310249307479223,3.3464849543772255,3.4137371055608834,3.574356883482878,3.99643771310906,000100.SZ
2016-05-26,3.3,-0.17464416173321573,3,-0.0030211480362538623,-0.014880952380952328,0.015105740181268867,0.0,0.0,-2.077151335311578,-7.042253521126762,-5.982905982905984,3.338033144490457,3.4029050002693704,3.563597790012961,3.9895079846204125,000100.SZ
2016-05-27,3.39,1.8512018313620753,4,0.027272727272727337,-0.0030211480362538623,-0.014880952380952328,0.015105740181268867,2.4169184290030232,0.8928571428571397,-2.023121387283233,-2.023121387283233,3.34748166367401,3.4016759526246685,3.5567900335418643,3.9835427310421,000100.SZ
2016-05-30,3.32,-0.4200990231500067,0,-0.020648967551622488,0.027272727272727337,-0.0030211480362538623,-0.014880952380952328,0.302114803625364,-1.7751479289940808,-1.1904761904761862,-3.488372093023262,3.3424849975514626,3.3938972904699383,3.5475041498735562,3.9769403158078505,000100.SZ
2016-05-31,3.4,0.7595994092671219,1,0.024096385542168752,-0.020648967551622488,0.027272727272727337,-0.0030211480362538623,1.1904761904761862,1.1904761904761862,1.7964071856287456,-5.027932960893855,3.352942270723924,3.3944785009013723,3.541719673407927,3.971199616148071,000100.SZ
2016-06-01,3.41,-0.24441996485430273,2,0.002941176470588225,0.024096385542168752,-0.020648967551622488,0.027272727272727337,3.0211480362537735,3.3333333333333437,0.887573964497057,-4.4817927170868295,3.363316403319574,3.3959567389107654,3.536554196019381,3.9656155403655036,000100.SZ
2016-06-02,3.41,-0.2834629269647321,3,0.0,0.002941176470588225,0.024096385542168752,-0.020648967551622488,3.3333333333333437,3.3333333333333437,1.1869436201780381,-3.9436619718309807,3.371804329988742,3.397294192347835,3.531591286371562,3.960087027526046,000100.SZ
2016-06-03,3.39,-0.17745373510318763,4,-0.0058651026392961825,0.0,0.002941176470588225,0.024096385542168752,0.0,2.4169184290030232,0.8928571428571397,-2.023121387283233,3.375112633627152,3.396599507362327,3.5260386869060105,3.9544145197894687,000100.SZ
2016-06-06,3.41,0.20236763060250906,0,0.005899705014749346,-0.0058651026392961825,0.0,0.002941176470588225,2.7108433734939874,3.0211480362537735,0.887573964497057,1.488095238095255,3.381455791149488,3.3978757447563908,3.5214881501645987,3.9489974598910664,000100.SZ
2016-06-07,3.37,-0.22953710506980163,1,-0.011730205278592365,0.005899705014749346,-0.0058651026392961825,0.0,-0.8823529411764675,0.29761904761904656,0.29761904761904656,0.8982035928143839,3.379372920031399,3.395220911922449,3.515547438393438,3.9432362911359315,000100.SZ
2016-06-08,3.34,-0.03293279928793935,2,-0.008902077151335397,-0.011730205278592365,0.005899705014749346,-0.0058651026392961825,-2.052785923753675,0.9063444108761365,1.21212121212122,-1.183431952662728,3.3722142072984176,3.389961777453644,3.508663225123107,3.9372339399803504,000100.SZ
2016-06-13,3.27,0.3350207086976529,0,-0.020958083832335328,-0.008902077151335397,-0.011730205278592365,0.005899705014749346,-4.105571847507338,-0.9090909090909038,-0.9090909090909038,-2.9673590504451064,3.3536298059714325,3.3785368462675827,3.4993038829614167,3.930594796298954,000100.SZ
2016-06-14,3.27,-0.45540946471660015,1,0.0,-0.020958083832335328,-0.008902077151335397,-0.011730205278592365,-3.539823008849563,-3.539823008849563,-1.2084592145015116,-2.678571428571419,3.3384243867038994,3.368200003765908,3.490311573825675,3.924021713748716,000100.SZ
2016-06-15,3.31,0.44778008861560736,2,0.012232415902140747,0.0,-0.020958083832335328,-0.008902077151335397,-2.9325513196480912,-0.3012048192771011,0.0,-2.071005917159763,3.333256316394099,3.3626571462643926,3.4832405317148645,3.9179120449551963,000100.SZ
2016-06-16,3.27,0.04209605895946522,3,-0.012084592145015116,0.012232415902140747,0.0,-0.020958083832335328,-2.9673590504451064,-3.8235294117647034,-2.678571428571419,-2.678571428571419,3.321755167958808,3.3538326561439744,3.474878157922125,3.9114651589357416,000100.SZ
2016-06-17,3.28,0.22241534312256528,4,0.003058103975535076,-0.012084592145015116,0.012232415902140747,0.0,-1.7964071856287456,-3.8123167155425297,-0.9063444108761365,-0.60606060606061,3.3141633192390247,3.3468009746064533,3.4672358772192964,3.905181923523446,000100.SZ
2016-06-20,3.36,0.7002353402627963,0,0.024390243902439046,0.003058103975535076,-0.012084592145015116,0.012232415902140747,2.752293577981657,-1.4662756598240567,1.81818181818183,1.81818181818183,3.3224972611955654,3.348058024643934,3.4630305487008926,3.899757227766994,000100.SZ
2016-06-21,3.3,-0.3038814233808177,1,-0.017857142857142905,0.024390243902439046,0.003058103975535076,-0.012084592145015116,0.917431192660545,-2.6548672566371723,-2.6548672566371723,-0.30211480362538623,3.318406850069099,3.34348106991594,3.456637193849877,3.893789494157372,000100.SZ
2016-06-22,3.33,-0.4364954432477216,2,0.00909090909090926,-0.017857142857142905,0.024390243902439046,0.003058103975535076,0.6042296072507503,-2.346041055718473,0.3012048192771122,0.6042296072507503,3.320514695511081,3.3421971584953742,3.4516710293851762,3.8881796484443636,000100.SZ
2016-06-23,3.29,-0.027861501139454514,3,-0.012012012012012074,0.00909090909090926,-0.017857142857142905,0.024390243902439046,0.6116207951070374,-2.3738872403560873,-3.2352941176470584,-2.083333333333326,3.3149665690545205,3.337226000543434,3.44533098901713,3.8822276121414347,000100.SZ
2016-06-24,3.25,0.5624621899576527,4,-0.012158054711246202,-0.012012012012012074,0.00909090909090926,-0.017857142857142905,-0.9146341463414531,-2.6946107784431073,-4.692082111436957,-1.812688821752273,3.3031544655900618,3.32891876239644,3.4376709502321448,3.8759367901300776,000100.SZ
2016-06-27,3.27,-0.1870099699932244,0,0.006153846153846176,-0.012158054711246202,-0.012012012012012074,0.00909090909090926,-2.678571428571419,0.0,-4.105571847507338,-0.9090909090909038,3.297126380937323,3.3233074516920174,3.431095618850492,3.8699075683377386,000100.SZ
2016-06-28,3.28,-0.10126205500654839,1,0.003058103975535076,0.006153846153846176,-0.012158054711246202,-0.012012012012012074,-0.60606060606061,0.3058103975535076,-3.244837758112107,-3.244837758112107,3.294012493494173,3.319182932483254,3.4251703004641985,3.864037841289602,000100.SZ
2016-06-29,3.3,0.29562164668477187,2,0.0060975609756097615,0.003058103975535076,0.006153846153846176,-0.012158054711246202,-0.9009009009009028,-0.30211480362538623,-3.2258064516129115,-0.6024096385542133,3.295101131040687,3.3173559865324673,3.4202616612303083,3.85842552446085,000100.SZ
2016-06-30,3.29,-0.3563394683026584,3,-0.003030303030302939,0.0060975609756097615,0.003058103975535076,0.006153846153846176,0.0,0.6116207951070374,-2.3738872403560873,-3.2352941176470584,3.294173652669653,3.3147506544817564,3.415153360789904,3.8527695490930807,000100.SZ
2016-07-01,3.28,0.005559968228752821,4,-0.003039513677811634,-0.003030303030302939,0.0060975609756097615,0.003058103975535076,0.9230769230769154,0.0,-1.7964071856287456,-3.8123167155425297,3.291596624911534,3.311441068340637,3.4098532289942214,3.8470703495996172,000100.SZ
2016-07-04,3.33,1.482306477093207,0,0.015243902439024515,-0.003039513677811634,-0.003030303030302939,0.0060975609756097615,1.8348623853211121,-0.8928571428571397,1.8348623853211121,-2.346041055718473,3.2985790567458,3.313208585641529,3.4067217298179773,3.8419253709966363,000100.SZ
2016-07-05,3.35,-0.256125501177369,1,0.006006006006006093,0.015243902439024515,-0.003039513677811634,-0.003030303030302939,2.1341463414634276,1.5151515151515138,2.4464831804281273,-1.179941002949858,3.3079283191556543,3.3167125298661455,3.404497348256488,3.8370305911857248,000100.SZ
2016-07-06,3.36,0.2649612867348248,2,0.0029850746268655914,0.006006006006006093,0.015243902439024515,-0.003039513677811634,1.81818181818183,0.9009009009008917,1.5105740181268867,-1.4662756598240567,3.31739589749099,3.3208351460693697,3.4027523542072142,3.832284018139101,000100.SZ
2016-07-07,3.36,-0.2694869973960975,3,0.0,0.0029850746268655914,0.006006006006006093,0.015243902439024515,2.127659574468077,2.127659574468077,2.752293577981657,-0.29673590504452063,3.325142097947173,3.324565132158001,3.4010757912971274,3.8275846746750304,000100.SZ
2016-07-08,3.35,-0.13480233311730394,4,-0.0029761904761904656,0.0,0.0029850746268655914,0.006006006006006093,2.1341463414634276,3.076923076923088,2.1341463414634276,0.29940119760478723,3.3296617165022324,3.326987500523906,3.399072819089397,3.822832588359856,000100.SZ
2016-07-11,3.48,3.8318887105403956,0,0.0388059701492538,-0.0029761904761904656,0.0,0.0029850746268655914,4.504504504504503,6.422018348623859,3.571428571428581,6.422018348623859,3.3569959498654627,3.341560119521629,3.4022464340270675,3.819421318823937,000100.SZ
2016-07-12,3.58,-0.3132059175266865,1,0.028735632183908066,0.0388059701492538,-0.0029761904761904656,0.0,6.865671641791038,9.146341463414643,8.484848484848495,9.480122324159023,3.3975421407990147,3.364268679567188,3.4092171621044374,3.8170390171440975,000100.SZ
2016-07-13,3.55,-0.4437386130951422,2,-0.008379888268156499,0.028735632183908066,0.0388059701492538,-0.0029761904761904656,5.654761904761907,7.575757575757569,6.606606606606591,7.2507552870090475,3.42526175156283,3.381957376751265,3.414738057708185,3.8143819124958975,000100.SZ
2016-07-14,3.5,0.043940755340424964,3,-0.014084507042253502,-0.008379888268156499,0.028735632183908066,0.0388059701492538,4.166666666666674,6.382978723404253,6.382978723404253,7.0336391437308965,3.4388505240059515,3.393199531346383,3.4180816632882562,3.811253734262108,000100.SZ
2016-07-15,3.49,-0.23988672015992452,4,-0.0028571428571427804,-0.014084507042253502,-0.008379888268156499,0.028735632183908066,4.179104477611939,6.402439024390261,7.3846153846153895,6.402439024390261,3.4481504287321423,3.4024186235991083,3.4209019902181286,3.808057179692336,000100.SZ
2016-07-18,3.47,-0.3396281550206377,0,-0.005730659025787954,-0.0028571428571427804,-0.014084507042253502,-0.008379888268156499,-0.2873563218390718,4.204204204204198,6.1162079510703515,3.2738095238095344,3.4521230780535705,3.408854945161098,3.4228274023664373,3.804693426660571,000100.SZ
2016-07-19,3.46,-0.042922728026992596,1,-0.0028818443804035088,-0.005730659025787954,-0.0028571428571427804,-0.014084507042253502,-3.3519553072625774,3.2835820895522394,5.487804878048785,4.8484848484848575,3.453555245680194,3.413725902764803,3.424285151293244,3.8012636413206655,000100.SZ
2016-07-20,3.52,0.845807085476507,2,0.01734104046242768,-0.0028818443804035088,-0.005730659025787954,-0.0028571428571427804,-0.8450704225352101,4.761904761904767,6.666666666666665,5.705705705705699,3.465636110101977,3.423847245358631,3.4280386747719405,3.7984649981234453,000100.SZ
2016-07-21,3.56,0.3898490825975327,3,0.011363636363636465,0.01734104046242768,-0.0028818443804035088,-0.005730659025787954,1.7142857142857126,5.952380952380953,8.20668693009119,8.20668693009119,3.4827931809925263,3.4368141743720946,3.4332136287024526,3.796092212072466,000100.SZ
2016-07-22,3.52,-0.5334429701052062,4,-0.011235955056179803,0.011363636363636465,0.01734104046242768,-0.0028818443804035088,0.8595988538681931,5.074626865671639,7.317073170731714,8.307692307692305,3.4895580571757034,3.4447366339557046,3.4366170158121605,3.79334502588269,000100.SZ
2016-07-25,3.56,0.45683244809270884,0,0.011363636363636465,-0.011235955056179803,0.011363636363636465,0.01734104046242768,2.5936599423631135,2.298850574712641,6.906906906906896,8.868501529051986,3.5023656831437573,3.455714097388495,3.441455564211684,3.791023184829131,000100.SZ
2016-07-26,3.6,-0.18086904643531865,1,0.011235955056179803,0.011363636363636465,-0.011235955056179803,0.011363636363636465,4.046242774566489,0.5586592178770999,7.462686567164178,9.756097560975618,3.5201173771176197,3.4694556119229243,3.447672993066128,3.789122456621876,000100.SZ
2016-07-27,3.53,0.6642388929351786,2,-0.019444444444444486,0.011235955056179803,0.011363636363636465,-0.011235955056179803,0.28409090909089496,-0.5633802816901401,5.059523809523814,6.969696969696959,3.5219142176416884,3.475221744120741,3.4509015031419663,3.7865441237201662,000100.SZ
2016-07-28,3.48,-0.0947240457087285,3,-0.014164305949008416,-0.019444444444444486,0.011235955056179803,0.011363636363636465,-2.2471910112359605,-0.5714285714285672,3.571428571428581,5.775075987841949,3.514293450797745,3.475676816109242,3.452042620665811,3.7834939334343938,000100.SZ
2016-07-29,3.5,-0.5186388784444325,4,0.005747126436781658,-0.014164305949008416,-0.019444444444444486,0.011235955056179803,-0.5681818181818232,0.2865329512893977,4.477611940298498,6.707317073170738,3.5116946415617907,3.4779933098131237,3.453923302208328,3.7806730982758427,000100.SZ
2016-08-01,3.43,0.07309044244825103,0,-0.019999999999999907,0.005747126436781658,-0.014164305949008416,-0.019444444444444486,-3.6516853932584192,-1.1527377521613813,-1.4367816091953922,3.003003003003002,3.4968410703687374,3.47342251840235,3.452985133494276,3.777183813715884,000100.SZ
2016-08-02,3.43,-0.2967815733374929,1,0.0,-0.019999999999999907,0.005747126436781658,-0.014164305949008416,-4.722222222222216,-0.8670520231213841,-4.189944134078205,2.3880597014925398,3.484688148483512,3.4692870404592693,3.452083755710187,3.773729248405278,000100.SZ
2016-08-03,3.42,0.8916081330868761,2,-0.00291545189504383,0.0,-0.019999999999999907,0.005747126436781658,-3.116147308781869,-2.840909090909094,-3.6619718309859106,1.7857142857142794,3.4729266669410555,3.4645930366060056,3.4508255692117484,3.7702095543912955,000100.SZ
2016-12-20,3.62,-0.19786244983908785,1,0.025495750708215414,0.032163742690058506,0.0,0.0,5.84795321637428,5.84795321637428,5.84795321637428,5.84795321637428,3.472727273235266,3.448530548288472,3.4327648280986596,3.5626377920779384,000100.SZ
2016-12-21,3.61,-0.4377879043043241,2,-0.002762430939226568,0.025495750708215414,0.032163742690058506,0.0,5.555555555555558,5.555555555555558,5.555555555555558,5.555555555555558,3.4976859508288536,3.463908591308617,3.4397152269967517,3.563109057828407,000100.SZ
2016-12-22,3.54,-0.18961719748028716,3,-0.01939058171745145,-0.002762430939226568,0.025495750708215414,0.032163742690058506,3.5087719298245723,3.5087719298245723,3.5087719298245723,3.5087719298245723,3.5053794143145165,3.471155392136368,3.4436479631929573,3.5628791169544924,000100.SZ
2016-12-23,3.44,0.017747941184464322,4,-0.02824858757062154,-0.01939058171745145,-0.002762430939226568,0.025495750708215414,0.5847953216374213,0.5847953216374213,0.5847953216374213,0.5847953216374213,3.4934922480755133,3.468188211932904,3.443504905812841,3.5616564391738508,000100.SZ
2016-12-26,3.44,-0.37988036105324996,0,0.0,-0.02824858757062154,-0.01939058171745145,-0.002762430939226568,-2.5495750708215303,0.5847953216374213,0.5847953216374213,0.5847953216374213,3.4837663847890563,3.4655036203202467,3.443367458526063,3.5604459273412754,000100.SZ
2016-12-27,3.36,0.5998880323844795,1,-0.023255813953488413,0.0,-0.02824858757062154,-0.01939058171745145,-7.182320441988955,-1.7543859649122862,-1.7543859649122862,-1.7543859649122862,3.4612634057365,3.4554556564802232,3.440098146427002,3.558451440502059,000100.SZ
2016-12-28,3.29,-0.1159861107372614,2,-0.02083333333333326,-0.023255813953488413,0.0,-0.02824858757062154,-8.864265927977833,-3.801169590643272,-3.801169590643272,-3.801169590643272,3.4301246046935,3.439697974910678,3.4342119446063353,3.5557802818900988,000100.SZ
2016-12-29,3.29,-0.5254856586078802,3,0.0,-0.02083333333333326,-0.023255813953488413,0.0,-7.062146892655363,-3.801169590643272,-3.801169590643272,-3.801169590643272,3.404647403840136,3.425441024919185,3.4285565742296162,3.5531357019707945,000100.SZ
2016-12-30,3.3,0.039463552361396426,4,0.003039513677811412,0.0,-0.02083333333333326,-0.023255813953488413,-4.069767441860472,-3.508771929824561,-3.508771929824561,-3.508771929824561,3.3856206031419296,3.4134942606411673,3.423515139946102,3.550616938767105,000100.SZ
2017-01-03,3.43,1.7939996296067657,1,0.03939393939393954,0.003039513677811412,0.0,-0.02083333333333326,-0.29069767441859407,-2.832861189801694,0.29239766081872176,0.29239766081872176,3.3936895843888513,3.415066235818199,3.42376944818351,3.549416770222159,000100.SZ
2017-01-04,3.42,-0.47516570923552814,2,-0.00291545189504383,0.03939393939393954,0.003039513677811412,0.0,1.7857142857142794,-5.524861878453047,0.0,0.0,3.3984732963181505,3.415536118121228,3.4236216266861175,3.548129041165222,000100.SZ
2017-01-05,3.42,-0.1404816030984255,3,0.0,-0.00291545189504383,0.03939393939393954,0.003039513677811412,3.951367781155013,-5.263157894736836,0.0,0.0,3.4023872424421233,3.41596124972873,3.4234796021101914,3.546854125332733,000100.SZ
2017-01-06,3.39,-0.18161336141450746,4,-0.00877192982456132,0.0,-0.00291545189504383,0.03939393939393954,3.039513677811545,-4.23728813559322,-0.877192982456132,-0.877192982456132,3.4001350165435555,3.413488749754565,3.422166676537243,3.545293387767233,000100.SZ
2017-01-09,3.42,0.05601771500389008,0,0.008849557522123908,-0.00877192982456132,0.0,-0.00291545189504383,3.6363636363636376,-0.5813953488372103,0.0,0.0,3.403746831717454,3.4141088688255588,3.4220817088299005,3.54404668739144,000100.SZ
2017-01-10,3.41,-0.263247378860867,1,-0.0029239766081871066,0.008849557522123908,-0.00877192982456132,0.0,-0.5830903790087438,-0.8720930232558044,-3.399433427762033,-0.29239766081871066,3.4048837714051894,3.413717547985029,3.421607916326767,3.5427128895069484,000100.SZ
2017-01-11,3.38,0.023769230769230765,2,-0.008797653958944385,-0.0029239766081871066,0.008849557522123908,-0.00877192982456132,-1.1695906432748537,0.5952380952380931,-6.629834254143652,-1.1695906432748537,3.4003594493315186,3.4105063529388358,3.4199762333335606,3.5410938557805114,000100.SZ
2017-01-12,3.44,1.5791569614546548,3,0.01775147928994092,-0.008797653958944385,-0.0029239766081871066,0.008849557522123908,0.5847953216374213,4.5592705167173175,-4.709141274238227,0.5847953216374213,3.4075668221803332,3.4133152717065656,3.4207614790851855,3.54008794676777,000100.SZ
2017-01-13,3.38,-0.46122472761172284,4,-0.01744186046511631,0.01775147928994092,-0.008797653958944385,-0.0029239766081871066,-0.2949852507374673,2.7355623100303816,-4.519774011299438,-1.1695906432748537,3.4025546726929994,3.410142388686893,3.419162989709296,3.5384950318745587,000100.SZ
2017-01-16,3.32,0.48891532388882886,0,-0.017751479289940808,-0.01744186046511631,0.01775147928994092,-0.008797653958944385,-2.92397660818714,0.60606060606061,-3.488372093023262,-2.92397660818714,3.387544732203363,3.401557399288141,3.415274245014814,3.536320951955409,000100.SZ
2017-01-17,3.43,0.12641632771644384,1,0.03313253012048212,-0.017751479289940808,-0.01744186046511631,0.01775147928994092,0.5865102639296182,0.0,-0.29069767441859407,-2.832861189801694,3.3952638718027512,3.4042662184035564,3.4158517256024687,3.5352630320354548,000100.SZ
2017-01-18,3.42,-0.598220330786343,2,-0.00291545189504383,0.03313253012048212,-0.017751479289940808,-0.01744186046511631,1.183431952662728,0.0,1.7857142857142794,-5.524861878453047,3.3997613496567967,3.4057646737936937,3.416014403029823,3.5341161361943065,000100.SZ
2017-01-19,3.45,1.1145081046380998,3,0.00877192982456143,-0.00291545189504383,0.03313253012048212,-0.017751479289940808,0.29069767441860517,0.8771929824561431,4.863221884498481,-4.432132963988911,3.4088956497191973,3.409977562003818,3.4173471715384576,3.5332791597147613,000100.SZ
2017-01-20,3.5,0.209897157603127,4,0.014492753623188248,0.00877192982456143,-0.00291545189504383,0.03313253012048212,3.5502958579881616,3.2448377581120846,6.382978723404253,-1.1299435028248594,3.4254600770429793,3.418551127527264,3.4205884589291062,3.5329480237972017,000100.SZ
2017-01-23,3.53,-0.39429772285302045,0,0.008571428571428452,0.014492753623188248,0.00877192982456143,-0.00291545189504383,6.325301204819267,3.2163742690058506,6.969696969696959,2.6162790697674465,3.444467335762438,3.429165305858001,3.424879107598553,3.5329186902270804,000100.SZ
2017-01-24,3.5,-0.20392522396561552,1,-0.008498583569405027,0.008571428571428452,0.014492753623188248,0.00877192982456143,2.0408163265306145,2.639296187683282,2.0408163265306145,1.744186046511631,3.4545641838056307,3.4359114672048583,3.427825024947629,3.532591141070592,000100.SZ
2017-01-25,3.5,-0.33389709230469,2,0.0,-0.008498583569405027,0.008571428571428452,0.014492753623188248,2.3391812865497075,3.5502958579881616,2.3391812865497075,4.166666666666674,3.4628252412955156,3.442015136994872,3.4306554161261538,3.532266851109691,000100.SZ
2017-01-26,3.48,0.23291015625,3,-0.005714285714285672,0.0,-0.008498583569405027,0.008571428571428452,0.8695652173912993,1.1627906976744207,1.7543859649122862,5.775075987841949,3.465947924696331,3.44563274299536,3.4325904978466966,3.5317467829394453,000100.SZ
2017-02-03,3.46,-0.05908910891089103,4,-0.005747126436781658,-0.005714285714285672,0.0,-0.008498583569405027,-1.1428571428571455,2.366863905325456,2.0648967551622377,5.167173252279622,3.464866483842452,3.4470010531862783,3.433665380284081,3.5310328846017396,000100.SZ
2017-02-06,3.53,1.065746274938968,0,0.02023121387283222,-0.005747126436781658,-0.005714285714285672,0.0,0.0,6.325301204819267,3.2163742690058506,6.969696969696959,3.4767089413256427,3.4549057147875852,3.4374432085082347,3.531022607143016,000100.SZ
2017-02-07,3.5,-0.47740331716858875,1,-0.008498583569405027,0.02023121387283222,-0.005747126436781658,-0.005714285714285672,0.0,2.0408163265306145,2.639296187683282,2.0408163265306145,3.4809436792664346,3.459200408617339,3.439896416017716,3.5307139244848766,000100.SZ
2017-02-08,3.52,0.12383031815346213,2,0.005714285714285783,-0.008498583569405027,0.02023121387283222,-0.005747126436781658,0.5714285714285783,2.923976608187129,4.142011834319526,2.923976608187129,3.488044828490719,3.464990845891878,3.443037733036629,3.530607318271097,000100.SZ
2017-02-09,3.52,0.0,3,0.0,0.005714285714285783,-0.008498583569405027,0.02023121387283222,1.1494252873563315,2.0289855072463725,2.3255813953488413,2.923976608187129,3.4938548596742245,3.4702298129497944,3.44605586115284,3.530501772815663,000100.SZ
2017-02-10,3.58,2.0519011934499027,4,0.017045454545454586,0.0,0.005714285714285783,-0.008498583569405027,3.4682080924855585,2.285714285714291,5.9171597633136175,5.604719764011801,3.509517612460729,3.4806841164783853,3.4513085724801797,3.5309942924891393,000100.SZ
2017-02-13,3.6,-0.23026555110949432,0,0.005586592178770999,0.017045454545454586,0.0,0.005714285714285783,1.9830028328611915,1.9830028328611915,8.433734939759052,5.263157894736836,3.525968955649687,3.4920475339566344,3.457139608853506,3.531680916444471,000100.SZ
2017-02-14,3.62,0.11696597353497173,1,0.005555555555555536,0.005586592178770999,0.017045454545454586,0.0,3.4285714285714253,3.4285714285714253,5.5393586005830775,6.158357771260992,3.5430655091679255,3.5042334831036213,3.4635262908592512,3.53255971329577,000100.SZ
2017-02-15,3.6,-0.0005817643325577437,2,-0.0055248618784530246,0.005555555555555536,0.005586592178770999,0.017045454545454586,2.2727272727272707,2.857142857142869,5.263157894736836,6.5088757396449815,3.5534172347737574,3.5133541037604195,3.4688782010216337,3.533230760924668,000100.SZ
2017-02-16,3.66,0.03884214425570187,3,0.016666666666666607,-0.0055248618784530246,0.005555555555555536,0.005586592178770999,3.9772727272727293,5.1724137931034475,6.08695652173914,6.395348837209314,3.5727959193603467,3.527320379592761,3.476373173530589,3.534492146388104,000100.SZ
2017-02-17,3.62,-0.11889358667413785,4,-0.010928961748633892,0.016666666666666607,-0.0055248618784530246,0.005555555555555536,1.1173184357541999,4.6242774566473965,3.4285714285714253,7.100591715976345,3.5813784794766472,3.5361470101077357,3.4820055980980174,3.535342970802153,000100.SZ
2017-02-20,3.74,0.5723246805804474,0,0.03314917127071837,-0.010928961748633892,0.016666666666666607,-0.0055248618784530246,3.8888888888888973,5.9490084985835745,5.9490084985835745,12.650602409638555,3.6102187559354384,3.5555615805736656,3.4921230256235853,3.5373793591523803,000100.SZ
2017-02-21,3.73,-0.40955637673965395,1,-0.002673796791443861,0.03314917127071837,-0.010928961748633892,0.016666666666666607,3.038674033149169,6.571428571428561,6.571428571428561,8.74635568513118,3.631997163947177,3.5721747633761733,3.5014515344226607,3.5392959824443966,000100.SZ
2017-02-22,3.76,0.19828123053929492,2,0.008042895442359255,-0.002673796791443861,0.03314917127071837,-0.010928961748633892,4.444444444444429,6.818181818181812,7.428571428571429,9.941520467836252,3.655270406865872,3.5900628811498714,3.5115906899354976,3.541492042320572,000100.SZ
2017-02-23,3.69,-0.0598170668329695,3,-0.018617021276595702,0.008042895442359255,-0.002673796791443861,0.03314917127071837,0.8196721311475308,4.829545454545459,6.034482758620685,6.956521739130417,3.661584878344804,3.599580701992741,3.518587133467439,3.5429697334417605,000100.SZ
2017-02-24,3.69,-0.2717096899010558,4,0.0,-0.018617021276595702,0.008042895442359255,-0.002673796791443861,1.9337016574585641,3.0726256983240274,6.647398843930641,5.428571428571427,3.6667512641002937,3.608192063707718,3.525309206664794,3.5444327211687083,000100.SZ
2017-02-27,3.63,0.028272171834085924,0,-0.016260162601625994,0.0,-0.018617021276595702,0.008042895442359255,-2.941176470588247,0.8333333333333304,2.8328611898017053,2.8328611898017053,3.6600692160820585,3.610269010021269,3.529414727972057,3.545284136878472,000100.SZ
2017-02-28,3.64,-0.5086728668438145,1,0.0027548209366392573,-0.016260162601625994,0.0,-0.018617021276595702,-2.4128686327077764,0.5524861878453136,4.0000000000000036,4.0000000000000036,3.656420267703502,3.6131005328763863,3.533751405306486,3.5462265832776914,000100.SZ
2017-03-01,3.61,1.1285961090663261,2,-0.008241758241758323,0.0027548209366392573,-0.016260162601625994,0.0,-3.9893617021276584,0.2777777777777768,2.556818181818188,3.142857142857136,3.6479802190301376,3.6128052440310165,3.536741546274859,3.5468611446381124,000100.SZ
2017-03-02,3.59,-0.1320488390147505,3,-0.005540166204986208,-0.008241758241758323,0.0027548209366392573,-0.016260162601625994,-2.7100271002710064,-1.9125683060109422,1.9886363636363535,3.1609195402298784,3.637438361024658,3.610633316028063,3.5388301130876094,3.5472903869800216,000100.SZ
2017-03-03,3.58,-0.39656854773133854,4,-0.0027855153203342198,-0.005540166204986208,-0.008241758241758323,0.0027548209366392573,-2.981029810298097,-1.104972375690605,0.0,3.4682080924855585,3.6269950226565384,3.6077158573587234,3.540444618456723,3.5476158557662902,000100.SZ
2017-03-06,3.62,1.1656784799892201,0,0.011173184357541999,-0.0027855153203342198,-0.005540166204986208,-0.008241758241758323,-0.2754820936639035,-3.208556149732622,0.5555555555555536,2.5495750708215414,3.6257232003553495,3.6088857757055113,3.5435644373407733,3.548336096007422,000100.SZ
2017-03-07,3.63,-0.43471362349500675,1,0.0027624309392264568,0.011173184357541999,-0.0027855153203342198,-0.005540166204986208,-0.27472527472528485,-2.680965147453085,0.2762430939226457,3.7142857142857144,3.6265008002907404,3.610896654209748,3.5469540672489783,3.549148672166552,000100.SZ
2017-03-08,3.59,-0.2350027517886626,2,-0.011019283746556474,0.0027624309392264568,0.011173184357541999,-0.0027855153203342198,-0.5540166204986208,-4.521276595744683,-0.2777777777777879,1.9886363636363535,3.6198642911469694,3.6089064966659627,3.548642143043136,3.5495551530405165,000100.SZ
2017-03-09,3.55,0.4146762589928057,3,-0.011142061281337101,-0.011019283746556474,0.0027624309392264568,0.011173184357541999,-1.1142061281337101,-3.7940379403794022,-3.0054644808743203,0.8522727272727293,3.6071616927566112,3.603296354126347,3.548695392335562,3.5495595793784216,000100.SZ
2017-03-10,3.55,-0.2769528071602928,4,0.0,-0.011142061281337101,-0.011019283746556474,0.0027624309392264568,-0.8379888268156499,-3.7940379403794022,-1.9337016574585753,-0.8379888268156499,3.5967686577099545,3.598220510876219,3.5487465534204423,3.549563961673164,000100.SZ
2017-03-13,3.58,0.25650583767055846,0,0.008450704225352101,0.0,-0.011142061281337101,-0.011019283746556474,-1.104972375690605,-1.377410468319551,-4.278074866310167,-0.5555555555555536,3.593719810853599,3.596485224126103,3.5499721787765033,3.54986680782567,000100.SZ
2017-03-14,3.54,0.0494262524489224,1,-0.011173184357541888,0.008450704225352101,0.0,-0.011142061281337101,-2.4793388429751984,-2.7472527472527486,-5.093833780160861,-2.209944751381221,3.583952572516581,3.591105678971236,3.5495811129421306,3.549768630633375,000100.SZ
2017-03-15,3.54,0.04389801578835084,2,0.0,-0.011173184357541888,0.008450704225352101,0.0,-1.392757660167121,-1.939058171745145,-5.851063829787229,-1.6666666666666718,3.575961195695384,3.586238471450166,3.5492053830228314,3.5496714303285657,000100.SZ
2017-03-16,3.57,0.013591538500843159,3,0.008474576271186418,0.0,-0.011173184357541888,0.008450704225352101,0.5633802816901401,-0.5571030640668551,-3.25203252032521,-2.4590163934426257,3.5748773419325865,3.584691950359674,3.550020858198407,3.549873704653655,000100.SZ
2017-03-17,3.54,-0.09114281393355861,4,-0.008403361344537785,0.008474576271186418,0.0,-0.011173184357541888,-0.28169014084505895,-1.1173184357541888,-4.0650406504065035,-2.209944751381221,3.5685360070357524,3.580435574134943,3.549627883367097,3.549775458836206,000100.SZ
2017-03-20,3.54,-0.31981807088579506,0,0.0,-0.008403361344537785,0.008474576271186418,0.0,-1.1173184357541888,-2.209944751381221,-2.4793388429751984,-5.3475935828877,3.563347642120161,3.5765845670744723,3.5492503193134852,3.5496781905890797,000100.SZ
2017-03-21,3.56,0.16741417271467007,1,0.005649717514124353,0.0,-0.008403361344537785,0.008474576271186418,0.5649717514124353,-1.9283746556473802,-2.197802197802201,-4.557640750670244,3.562738979916495,3.5750050844959507,3.5496718754188388,3.5497808951603327,000100.SZ
2017-03-22,3.53,0.3635093601564683,2,-0.008426966292134908,0.005649717514124353,0.0,-0.008403361344537785,-0.28248587570621764,-1.671309192200554,-2.216066481994461,-6.117021276595747,3.5567864381134955,3.5707188859725267,3.5489004293239823,3.549584070332867,000100.SZ
2017-03-23,3.55,-0.1381147540983606,3,0.0056657223796034994,-0.008426966292134908,0.005649717514124353,0.0,-0.5602240896358524,0.0,-1.1142061281337101,-3.7940379403794022,3.555552540274678,3.5687456587370483,3.5489435497426496,3.54958820893652,000100.SZ
2017-03-24,3.59,0.9656443176414644,4,0.011267605633802802,0.0056657223796034994,-0.008426966292134908,0.005649717514124353,1.412429378531077,1.1267605633802802,0.27932960893854997,-2.7100271002710064,3.5618157147701908,3.5707698817144724,3.550553606615487,3.549990316310286,000100.SZ
2017-03-27,3.64,0.05969156335046866,0,0.013927576601671321,0.011267605633802802,0.0056657223796034994,-0.008426966292134908,2.824858757062154,1.6759776536312776,0.5524861878453136,0.27548209366392573,3.576031039357429,3.577363226313094,3.5540613083168404,3.5508859350534676,000100.SZ
2017-03-28,3.63,-0.3329528592626413,1,-0.0027472527472528485,0.013927576601671321,0.011267605633802802,0.0056657223796034994,1.96629213483146,2.5423728813559254,0.0,-0.27472527472528485,3.585843577656078,3.5823762523785136,3.557039296225984,3.551673139679801,000100.SZ
2017-03-29,3.63,0.1454055441478439,2,0.0,-0.0027472527472528485,0.013927576601671321,0.011267605633802802,2.8328611898017053,2.5423728813559254,1.1142061281337101,0.5540166204986097,3.5938720180822457,3.5869118473900836,3.5599005002955533,3.552452511424281,000100.SZ
2017-03-30,3.53,0.2873576097105508,3,-0.02754820936639124,0.0,-0.0027472527472528485,0.013927576601671321,-0.5633802816901401,-1.1204481792717047,-0.5633802816901401,-1.671309192200554,3.5822589238854734,3.581491671448171,3.558727931656512,3.5522291033504074,000100.SZ
2017-03-31,3.53,-0.3773825756476834,4,0.0,-0.02754820936639124,0.0,-0.0027472527472528485,-1.671309192200554,-0.28248587570621764,-0.5633802816901401,-1.3966480446927498,3.5727573013608414,3.5765877027388213,3.5576013461013547,3.5520079182424436,000100.SZ
2017-04-05,3.63,0.7460509761893668,2,0.028328611898017053,0.0,-0.02754820936639124,0.0,-0.27472527472528485,2.5423728813559254,1.3966480446927276,0.2762430939226457,3.583165064749779,3.581674588192267,3.560440508999341,3.5527839588569465,000100.SZ
2017-04-06,3.61,-0.5186806148590948,3,-0.005509641873278293,0.028328611898017053,0.0,-0.02754820936639124,-0.5509641873278293,1.4044943820224587,1.9774011299434902,-0.5509641873278293,3.5880441438861825,3.5843722464596697,3.5623840184503477,3.5533532726991663,000100.SZ
2017-04-07,3.63,0.42919716123308915,4,0.005540166204986097,-0.005509641873278293,0.028328611898017053,0.0,0.0,2.8328611898017053,2.5423728813559254,1.1142061281337101,3.595672481361422,3.588717746796844,3.5650356255699416,3.55411592670216,000100.SZ
2017-04-10,3.58,0.0747953602048339,0,-0.01377410468319551,0.005540166204986097,-0.005509641873278293,0.028328611898017053,1.4164305949008638,0.8450704225352101,0.2801120448179262,0.8450704225352101,3.5928229392957087,3.5878874851971445,3.5656224637828853,3.5543734796702977,000100.SZ
2017-04-11,3.58,0.016747879444143576,1,0.0,-0.01377410468319551,0.005540166204986097,-0.005509641873278293,1.4164305949008638,-0.278551532033422,1.1299435028248705,0.8450704225352101,3.590491495787398,3.58713629613075,3.5661862887325757,3.554628469922335,000100.SZ
2017-04-12,3.69,2.2782846391423197,2,0.030726256983240274,0.0,-0.01377410468319551,0.005540166204986097,1.6528925619834656,1.3736263736263687,4.237288135593209,3.0726256983240274,3.60858395109878,3.5969328393563926,3.5710417283901217,3.555975450321118,000100.SZ
2017-04-13,3.65,-0.538009226171139,3,-0.01084010840108407,0.030726256983240274,0.0,-0.01377410468319551,1.1080332409972415,0.5509641873278293,2.528089887640439,3.1073446327683607,3.6161141418080924,3.601986854655784,3.574138131198352,3.556911017979614,000100.SZ
2017-04-14,3.57,-0.06103649532381694,4,-0.021917808219178103,-0.01084010840108407,0.030726256983240274,0.0,-1.6528925619834767,-1.6528925619834767,1.1331444759206777,0.8474576271186418,3.607729752388439,3.5989404875457094,3.573975851543515,3.557041256606683,000100.SZ
2017-04-17,3.56,-0.4714546044584238,0,-0.0028011204481792618,-0.021917808219178103,-0.01084010840108407,0.030726256983240274,-0.5586592178770999,0.8498583569405138,0.28169014084507005,-0.2801120448179262,3.599051615590541,3.5952318696842136,3.573427778933966,3.5570706968394523,000100.SZ
2017-04-18,3.54,-0.3282482406838899,1,-0.005617977528089901,-0.0028011204481792618,-0.021917808219178103,-0.01084010840108407,-1.1173184357541888,0.2832861189801861,-1.392757660167121,0.0,3.5883149582104426,3.5899716916190503,3.572116885642438,3.556900839159458,000100.SZ
2017-04-19,3.51,0.7323349504323982,2,-0.008474576271186529,-0.005617977528089901,-0.0028011204481792618,-0.021917808219178103,-4.878048780487809,-3.3057851239669422,-3.571428571428581,-0.8474576271186529,3.574075874899453,3.5823553400362833,3.5696809293427347,3.556434164142946,000100.SZ
2017-04-20,3.51,-0.10954178335159703,3,0.0,-0.008474576271186529,-0.005617977528089901,-0.0028011204481792618,-3.835616438356171,-2.7700831024930817,-3.3057851239669422,-1.404494382022481,3.562425715826825,3.5754643552709227,3.567340500741059,3.555972132658937,000100.SZ
2017-07-27,3.58,-0.6485266735424209,3,-0.008310249307479145,0.05247813411078717,0.0,0.0,4.37317784256559,4.37317784256559,4.37317784256559,4.37317784256559,3.4840710390310994,3.461197335006566,3.462109410112711,3.5098818026341716,000100.SZ
2017-07-28,3.59,-0.2478287413592768,4,0.0027932960893854997,-0.008310249307479145,0.05247813411078717,0.0,4.664723032069973,4.664723032069973,4.664723032069973,4.664723032069973,3.503330850116354,3.473464255482131,3.467124727363193,3.5106789986278613,000100.SZ
2017-07-31,3.67,0.6704631738800304,0,0.022284122562674202,0.0027932960893854997,-0.008310249307479145,0.05247813411078717,6.997084548104948,6.997084548104948,6.997084548104948,6.997084548104948,3.5336343319133805,3.4921819454362133,3.4750806204077738,3.512264282223604,000100.SZ
2017-08-01,3.83,0.8142476489028214,1,0.043596730245231585,0.022284122562674202,0.0027932960893854997,-0.008310249307479145,11.661807580174921,11.661807580174921,11.661807580174921,11.661807580174921,3.5875189988382203,3.5243550934899073,3.4889990274506064,3.5154258316542153,000100.SZ
2017-08-02,3.77,-0.38395148122229994,2,-0.015665796344647487,0.043596730245231585,0.022284122562674202,0.0027932960893854997,4.432132963988922,9.912536443148689,9.912536443148689,9.912536443148689,3.6206973626858163,3.547749846490868,3.500018673432936,3.5179589079561637,000100.SZ
2017-08-03,3.78,-0.4724501100873687,3,0.0026525198938991412,-0.015665796344647487,0.043596730245231585,0.022284122562674202,5.586592178770933,10.20408163265305,10.20408163265305,10.20408163265305,3.6496614785611223,3.5698689087298328,3.5109983332983115,3.5205662820063512,000100.SZ
2017-08-04,3.71,-0.11090435429847423,4,-0.01851851851851849,0.0026525198938991412,-0.015665796344647487,0.043596730245231585,3.342618384401108,8.163265306122437,8.163265306122437,8.163265306122437,3.660632118822736,3.5832147269460393,3.5188023202277896,3.5224511946232036,000100.SZ
2017-08-07,3.72,-0.26191472821862094,0,0.0026954177897575704,-0.01851851851851849,0.0026525198938991412,-0.015665796344647487,1.3623978201634968,8.45481049562682,8.45481049562682,8.45481049562682,3.6714262790367838,3.596241895808321,3.526692425316896,3.5244168543781966,000100.SZ
2017-08-08,3.72,-0.02005185125172171,1,0.0,0.0026954177897575704,-0.01851851851851849,0.0026525198938991412,-2.8720626631853707,8.45481049562682,8.45481049562682,8.45481049562682,3.680257864666459,3.6080283819218137,3.5342731145201554,3.5263629553296574,000100.SZ
2017-08-09,3.68,0.5728990120292672,2,-0.010752688172043001,0.0,0.0026954177897575704,-0.01851851851851849,-2.3872679045092826,1.939058171745156,7.288629737609331,7.288629737609331,3.6802109801816485,3.614882821738784,3.539987894342895,3.5278916821422976,000100.SZ
2017-08-10,3.61,-0.25442838370565046,3,-0.01902173913043481,-0.010752688172043001,0.0,0.0026954177897575704,-4.4973544973545,0.8379888268156277,5.247813411078717,5.247813411078717,3.6674453474213484,3.6144177910969946,3.542733467113762,3.528708680329937,000100.SZ
2017-08-11,3.53,0.039232965560999755,4,-0.02216066481994461,-0.01902173913043481,-0.010752688172043001,0.0,-4.85175202156335,-1.671309192200554,2.915451895043719,2.915451895043719,3.6424552842538302,3.6063780014687095,3.542234115462242,3.528721529281878,000100.SZ
2017-08-14,3.58,-0.43185672613798254,0,0.014164305949008638,-0.02216066481994461,-0.01902173913043481,-0.010752688172043001,-3.7634408602150615,-2.4523160762942697,4.37317784256559,4.37317784256559,3.631099778025861,3.603865810852642,3.5437151305421546,3.529231762821362,000100.SZ
2017-08-15,3.6,0.08334328358208953,1,0.005586592178770999,0.014164305949008638,-0.02216066481994461,-0.01902173913043481,-3.2258064516129115,-6.005221932114879,4.956268221574334,4.956268221574334,3.62544527293025,3.6034976383904858,3.545922380324815,3.5299359243853283,000100.SZ
2017-08-16,3.59,-0.19216356221756858,2,-0.002777777777777879,0.005586592178770999,0.014164305949008638,-0.02216066481994461,-2.445652173913049,-4.774535809018577,-0.5540166204986208,4.664723032069973,3.6190006778520227,3.6022121490199632,3.5476509144297244,3.5305335768790065,000100.SZ
2017-08-17,3.6,0.1377310867044137,3,0.0027855153203342198,-0.002777777777777879,0.005586592178770999,0.014164305949008638,-0.27700831024930483,-4.761904761904756,0.5586592178770999,4.956268221574334,3.6155460091516547,3.6020014681609194,3.5497038197462056,3.531224785069265,000100.SZ
2017-08-18,3.59,-0.18401486988847582,4,-0.002777777777777879,0.0027855153203342198,-0.002777777777777879,0.005586592178770999,1.6997167138810276,-3.2345013477088957,0.0,4.664723032069973,3.61090128021499,3.600858471193213,3.5512840621090995,3.531809613078526,000100.SZ
2017-08-21,3.62,0.6318612682783453,0,0.008356545961002881,-0.002777777777777879,0.0027855153203342198,-0.002777777777777879,1.1173184357541999,-2.6881720430107503,-1.3623978201634857,5.5393586005830775,3.6125555929031736,3.6026814739367166,3.553978804771488,3.5326871293663022,000100.SZ
2017-08-22,3.59,-0.35856448126801166,1,-0.008287292817679592,0.008356545961002881,-0.002777777777777879,0.0027855153203342198,-0.2777777777777879,-3.4946236559139865,-6.266318537859017,4.664723032069973,3.6084545760116873,3.601473714514172,3.5553914006628022,3.5332574066860407,000100.SZ
2017-08-23,3.58,-0.20673920673920665,2,-0.0027855153203342198,-0.008287292817679592,0.008356545961002881,-0.002777777777777879,-0.278551532033422,-2.717391304347827,-5.03978779840849,-0.8310249307479145,3.603281016736835,3.599428598846156,3.5563564437740647,3.5337225071170257,000100.SZ
2017-08-24,3.55,0.11831858407079654,3,-0.008379888268156499,-0.0027855153203342198,-0.008287292817679592,0.008356545961002881,-1.388888888888895,-1.6620498614958512,-6.084656084656082,-0.8379888268156499,3.5935935591483195,3.5947211132417602,3.5561071714691996,3.533884472220339,000100.SZ
2017-08-25,3.58,0.056342486349608256,4,0.008450704225352101,-0.008379888268156499,-0.0027855153203342198,-0.008287292817679592,-0.278551532033422,1.4164305949008638,-3.5040431266846306,-0.278551532033422,3.591122002939534,3.5933191024568307,3.5570441451370742,3.534343333193271,000100.SZ
2017-08-28,3.61,1.2570979099558017,0,0.008379888268156277,0.008450704225352101,-0.008379888268156499,-0.0027855153203342198,-0.2762430939226568,0.8379888268156277,-2.9569892473118364,-1.6348773841961872,3.5945543660414363,3.5949077593657037,3.559120845327777,3.5350961358480646,000100.SZ
2017-08-29,3.59,-0.4762694988383671,1,-0.005540166204986208,0.008379888268156277,0.008450704225352101,-0.008379888268156499,0.0,-0.2777777777777879,-3.4946236559139865,-6.266318537859017,3.5937262994884476,3.594440353711827,3.560331792569825,3.535642442954054,000100.SZ
2017-08-30,3.59,0.05836501901140667,2,0.0,-0.005540166204986208,0.008379888268156277,0.008450704225352101,0.27932960893854997,0.0,-2.445652173913049,-4.774535809018577,3.5930487904905477,3.594017462882129,3.561495251684734,3.5361833141684413,000100.SZ
2017-08-31,3.57,0.06969642536375087,3,-0.005571030640668551,0.0,-0.005540166204986208,0.008379888268156277,0.5633802816901401,-0.8333333333333415,-1.1080332409972304,-5.555555555555558,3.5888581013104477,3.5917300854647833,3.561828771226509,3.5365197986045764,000100.SZ
2017-09-01,3.59,0.016232857542681334,4,0.0056022408963585235,-0.005571030640668551,0.0,-0.005540166204986208,0.27932960893854997,0.0,1.6997167138810276,-3.2345013477088957,3.5890657192540028,3.5915653154205183,3.562933525296058,3.5370519399119935,000100.SZ
2017-09-04,3.57,0.30349765904709436,0,-0.005571030640668551,0.0056022408963585235,-0.005571030640668551,0.0,-1.1080332409972304,-1.3812154696132617,-0.27932960893854997,-4.032258064516137,3.585599224844184,3.5895114758566593,3.5632106419511147,3.537379781305904,000100.SZ
2017-09-05,3.59,-0.13733361504331287,1,0.0056022408963585235,-0.005571030640668551,0.0056022408963585235,-0.005571030640668551,0.0,0.0,-0.2777777777777879,-3.4946236559139865,3.586399365781605,3.589558001965549,3.564261205011855,3.537903365571517,000100.SZ
2017-09-06,3.58,0.0012735733529267712,2,-0.0027855153203342198,0.0056022408963585235,-0.005571030640668551,0.0056022408963585235,-0.278551532033422,0.0,-0.278551532033422,-2.717391304347827,3.585235844730404,3.588647716064068,3.564878412658449,3.5383222375558803,000100.SZ
2017-09-22,3.57,-0.6103727994477046,4,-0.019230769230769273,0.016759776536312776,0.0,0.0,-0.27932960893854997,-0.27932960893854997,-0.5571030640668551,-0.27932960893854997,3.5875786156324523,3.586819721849411,3.5725121239777966,3.5435267496878575,000100.SZ
2017-09-25,3.51,-0.43325950535252855,0,-0.01680672268907568,-0.019230769230769273,0.016759776536312776,0.0,-1.9553072625698387,-1.9553072625698387,-1.6806722689075682,-2.7700831024930817,3.573473412790188,3.579503557863753,3.5700606681355302,3.543193150188476,000100.SZ
2017-09-26,3.55,0.18126750472220432,1,0.01139601139601143,-0.01680672268907568,-0.019230769230769273,0.016759776536312776,-0.8379888268156499,-0.8379888268156499,-1.1142061281337101,-1.1142061281337101,3.5692055195556085,3.576693695210062,3.5692739752674703,3.5432608800373466,000100.SZ
2017-09-27,3.54,-0.02994044993383327,2,-0.0028169014084505895,0.01139601139601143,-0.01680672268907568,-0.019230769230769273,-1.1173184357541888,-1.1173184357541888,-1.1173184357541888,-1.392757660167121,3.5638954250909523,3.5731990575710086,3.5681259762373734,3.543228433469811,000100.SZ
2017-09-28,3.61,1.2794293184789405,3,0.0197740112994349,-0.0028169014084505895,0.01139601139601143,-0.01680672268907568,-0.8241758241758323,0.8379888268156277,0.8379888268156277,1.1204481792717047,3.572278075074415,3.576703909230913,3.5697680948163,3.543892827166629,000100.SZ
2017-09-29,3.56,-0.4632686649044935,4,-0.013850415512465353,0.0197740112994349,-0.0028169014084505895,0.01139601139601143,-0.2801120448179262,-0.5586592178770999,-0.5586592178770999,-0.835654596100277,3.570045697788158,3.575113060732731,3.5693850322744844,3.5440530975430806,000100.SZ
2017-10-09,3.72,3.646534101468128,0,0.04494382022471921,-0.013850415512465353,0.0197740112994349,-0.0028169014084505895,5.982905982905984,3.9106145251396773,3.9106145251396773,4.201680672268915,3.597310116372129,3.588911816853423,3.575291501597054,3.545803812990413,000100.SZ
2017-10-10,3.74,-0.4199996000479942,1,0.005376344086021501,0.04494382022471921,-0.013850415512465353,0.0197740112994349,5.352112676056353,4.469273743016755,4.469273743016755,4.178272980501396,3.6232537315771967,3.6033011676292874,3.5817506583971697,3.547736113358668,000100.SZ
2017-10-11,3.69,-0.28724119502818635,2,-0.013368983957219305,0.005376344086021501,0.04494382022471921,-0.013850415512465353,4.237288135593209,3.0726256983240274,3.0726256983240274,3.0726256983240274,3.635389416744979,3.611558199283641,3.5859957306168884,3.5491516744197757,000100.SZ
2017-10-12,3.68,-0.10555085258193253,3,-0.0027100271002709064,-0.013368983957219305,0.005376344086021501,0.04494382022471921,1.939058171745156,1.098901098901095,2.7932960893854775,2.7932960893854775,3.6435004318822557,3.6180764660185325,3.589682172553481,3.550453647808634,000100.SZ
2017-10-13,3.76,0.8184202698683107,4,0.021739130434782483,-0.0027100271002709064,-0.013368983957219305,0.005376344086021501,5.617977528089879,5.3221288515406195,5.027932960893855,5.027932960893855,3.664682171540027,3.6315929930643867,3.59636130304158,3.552538686138896,000100.SZ
2017-10-16,3.88,1.591565422992847,0,0.03191489361702127,0.021739130434782483,-0.0027100271002709064,-0.013368983957219305,4.3010752688172005,10.541310541310555,8.37988826815641,8.37988826815641,3.703830867623658,3.6552508032487308,3.6074843891968125,3.5557970076698524,000100.SZ
2017-10-17,4.01,-0.15368239850810494,1,0.03350515463917514,0.03191489361702127,0.021739130434782483,-0.0027100271002709064,7.21925133689838,12.957746478873243,12.011173184357538,12.011173184357538,3.7594979826011747,3.689036441034566,3.623269315110663,3.5603164404293564,000100.SZ
2017-10-18,4.21,0.7979009030998292,2,0.04987531172069826,0.03350515463917514,0.03191489361702127,0.021739130434782483,14.092140921409225,18.926553672316395,17.59776536312849,17.59776536312849,3.8414074403100518,3.738652018078893,3.6462783615769117,3.56678095345991,000100.SZ
2017-10-19,4.16,-0.42578513892659975,3,-0.01187648456057,0.04987531172069826,0.03350515463917514,0.03191489361702127,13.043478260869556,15.235457063711921,14.28571428571428,16.201117318435763,3.8993333602536784,3.778780397309475,3.666424308181739,3.5726836305399114,000100.SZ
2017-10-20,4.09,-0.18759686867890835,4,-0.016826923076923128,-0.01187648456057,0.04987531172069826,0.03350515463917514,8.77659574468086,14.8876404494382,14.565826330532206,14.245810055865915,3.9340000220257365,3.8084203594704773,3.6830351196255924,3.5778310571017036,000100.SZ
2017-10-23,4.34,0.26106885039166405,0,0.06112469437652801,-0.016826923076923128,-0.01187648456057,0.04987531172069826,11.855670103092786,16.66666666666665,23.646723646723643,21.2290502793296,4.007818199839239,3.8590469919018604,3.7087984482677263,3.585414827677806,000100.SZ
2017-10-24,4.27,-0.3261580276670213,1,-0.016129032258064613,0.06112469437652801,-0.016826923076923128,-0.01187648456057,6.483790523690769,14.171122994652396,20.281690140845065,19.27374301675977,4.055487618050286,3.898185373625493,3.7308063522572272,3.592226620437231,000100.SZ
2017-10-25,4.4,0.46496318423105465,2,0.030444964871194635,-0.016129032258064613,0.06112469437652801,-0.016826923076923128,4.513064133016642,19.241192411924125,24.29378531073447,22.9050279329609,4.1181262329502335,3.9459772428040174,3.757049240404003,3.600264166502533,000100.SZ
2017-10-26,4.42,0.32897385612426455,3,0.004545454545454408,0.030444964871194635,-0.016129032258064613,0.06112469437652801,6.25,20.108695652173903,22.437673130193915,21.42857142857142,4.173012372413827,3.991122267298873,3.7830473094077677,3.6084207419602192,000100.SZ
2017-10-27,4.46,-0.19265198823379948,4,0.009049773755656076,0.004545454545454408,0.030444964871194635,-0.016129032258064613,9.046454767726164,18.617021276595747,25.2808988764045,24.92997198879552,4.225191941065858,4.035777289460885,3.809594473744718,3.6168941674133515,000100.SZ
2017-10-30,4.4,-0.06084961900899977,0,-0.013452914798206206,0.009049773755656076,0.004545454545454408,0.030444964871194635,1.382488479262678,13.402061855670123,18.279569892473123,25.356125356125368,4.256975224508429,4.070465166655087,3.8327476316370817,3.624686265250035,000100.SZ
2017-10-31,4.34,-0.3425015949939745,1,-0.01363636363636378,-0.013452914798206206,0.009049773755656076,0.004545454545454408,1.6393442622950838,8.229426433915222,16.042780748663098,22.253521126760557,4.272070638234169,4.096135150783174,3.8526398813768044,3.6318038148495373,000100.SZ
2017-11-01,4.21,-0.01638797953462845,2,-0.02995391705069117,-0.01363636363636378,-0.013452914798206206,0.009049773755656076,-4.3181818181818326,0.0,14.092140921409225,18.926553672316395,4.260785067646138,4.106979422137157,3.866654003675753,3.637557010721681,000100.SZ
2017-11-02,4.22,-0.143621579608187,3,0.002375296912114022,-0.02995391705069117,-0.01363636363636378,-0.013452914798206206,-4.52488687782806,1.4423076923076872,14.673913043478247,16.89750692520775,4.253369600801386,4.117743286695523,3.880510709413959,3.643352463351316,000100.SZ
2017-11-03,4.28,0.10276817816874373,4,0.014218009478673022,0.002375296912114022,-0.02995391705069117,-0.01363636363636378,-4.035874439461873,4.645476772616153,13.829787234042556,20.2247191011236,4.2582114915647695,4.133196307010235,3.896176956103608,3.649687264711005,000100.SZ
2017-11-06,4.68,1.6344739535521722,0,0.09345794392523343,0.014218009478673022,0.002375296912114022,-0.02995391705069117,6.363636363636349,7.834101382488479,20.618556701030922,25.806451612903203,4.334900311280266,4.185272849199736,3.9269151146877803,3.6599391327238306,000100.SZ
2017-11-07,4.8,0.1932216423619315,1,0.025641025641025772,0.09345794392523343,0.014218009478673022,0.002375296912114022,10.599078341013835,12.412177985948492,19.700748129675816,28.342245989304793,4.41946389104749,4.243818292133094,3.961153737641201,3.6712830219504595,000100.SZ
2017-11-08,4.75,-0.2995737110633727,2,-0.01041666666666663,0.025641025641025772,0.09345794392523343,0.014218009478673022,12.826603325415675,7.954545454545436,12.826603325415675,28.72628726287263,4.479561365402492,4.292026073834704,3.9920888851846836,3.6820165242196095,000100.SZ
2017-11-09,5.01,0.05101810984755906,3,0.054736842105263195,-0.01041666666666663,0.025641025641025772,0.09345794392523343,18.72037914691944,13.348416289592757,20.432692307692292,36.14130434782608,4.576004753511129,4.360404542993304,4.032006968118618,3.695230290147773,000100.SZ
2017-11-10,4.98,0.03676869554115725,4,-0.0059880239520956335,0.054736842105263195,-0.01041666666666663,0.025641025641025772,16.355140186915882,11.659192825112118,21.760391198044026,32.44680851063833,4.649458434690923,4.419413634136799,4.0691831654473,3.708014068355258,000100.SZ
2017-11-13,4.96,-0.30023616748980775,0,-0.004016064257028162,-0.0059880239520956335,0.054736842105263195,-0.01041666666666663,5.982905982905984,12.72727272727272,14.28571428571428,27.835051546391764,4.705920537474391,4.470898049933294,4.104117158959171,3.7204716398144098,000100.SZ
2017-11-14,4.82,0.0458730587695535,1,-0.028225806451612878,-0.004016064257028162,-0.0059880239520956335,0.054736842105263195,0.4166666666666874,11.059907834101402,12.880562060889943,20.19950124688281,4.726662257933592,4.5041458547015525,4.132190995862733,3.731412220512774,000100.SZ
2017-11-15,4.83,-0.36170468475831064,2,0.0020746887966804906,-0.028225806451612878,-0.004016064257028162,-0.0059880239520956335,1.6842105263157992,14.726840855106893,9.772727272727266,14.726840855106893,4.745450938309302,4.535179582825214,4.159556054848508,3.742343442199214,000100.SZ
2017-11-16,4.86,0.1706458294106572,3,0.006211180124223725,0.0020746887966804906,-0.028225806451612878,-0.004016064257028162,-2.9940119760478945,15.165876777251208,9.954751131221728,16.826923076923084,4.766278040434884,4.566114860651384,4.187024444854449,3.7534644029733513,000100.SZ
2017-11-17,4.68,0.03373650941727124,4,-0.0370370370370372,0.006211180124223725,0.0020746887966804906,-0.028225806451612878,-6.024096385542177,9.345794392523343,4.932735426008961,14.42542787286063,4.750591123992177,4.576961064398871,4.2063568195660395,3.7626836626452587,000100.SZ
2017-11-20,4.71,-0.04808582475630352,0,0.0064102564102563875,-0.0370370370370372,0.006211180124223725,0.0020746887966804906,-5.040322580645162,0.6410256410256387,7.0454545454545325,8.525345622119819,4.743210919629963,4.589631439218026,4.226107532524234,3.7721096958527687,000100.SZ
2017-11-21,4.84,0.455385746976136,1,0.027600849256900206,0.0064102564102563875,-0.0370370370370372,0.006211180124223725,0.4149377593360981,0.8333333333333304,11.520737327188947,13.348946135831397,4.7608089342426965,4.613476064054404,4.2501817469350485,3.782735470023388,000100.SZ
2017-11-22,4.72,-0.22737967554090543,2,-0.024793388429752095,0.027600849256900206,0.0064102564102563875,-0.0370370370370372,-2.2774327122153326,-0.6315789473684275,12.11401425178147,7.272727272727253,4.753389128016751,4.623621200811128,4.268605992153282,3.7920614852470362,000100.SZ
2017-11-23,4.31,0.2023344889489711,3,-0.08686440677966101,-0.024793388429752095,0.027600849256900206,0.0064102564102563875,-11.316872427983549,-13.972055888223556,2.1327014218009532,-2.488687782805432,4.672772922922796,4.593752515019592,4.270229286578644,3.797215102309255,000100.SZ
2017-11-24,4.2,-0.4420352056483787,4,-0.02552204176334094,-0.08686440677966101,-0.024793388429752095,0.027600849256900206,-10.256410256410241,-15.662650602409645,-1.869158878504673,-5.829596412556048,4.586814209664105,4.556252275493916,4.267475196908894,3.8012229122365264,000100.SZ
2017-11-27,4.14,-0.210935722565897,0,-0.014285714285714457,-0.02552204176334094,-0.08686440677966101,-0.024793388429752095,-12.101910828025487,-16.532258064516135,-11.538461538461542,-5.909090909090919,4.505575262452449,4.516609201637353,4.262476169579133,3.8045938285326804,000100.SZ
2017-11-28,4.23,-0.205621078357338,1,0.021739130434782705,-0.014285714285714457,-0.02552204176334094,-0.08686440677966101,-12.603305785123952,-12.240663900414939,-11.874999999999991,-2.5345622119815503,4.4554706692792765,4.4893130871957005,4.261202594301521,3.808826725761211,000100.SZ
2017-11-29,4.2,-0.09089652073215004,2,-0.007092198581560294,0.021739130434782705,-0.014285714285714457,-0.02552204176334094,-11.016949152542367,-13.043478260869568,-11.578947368421044,-0.23752969121139111,4.409021456683044,4.461759459843729,4.2588024925642065,3.8127189971466717,000100.SZ
2017-11-30,4.18,-0.15517700292786796,3,-0.004761904761904856,-0.007092198581560294,0.021739130434782705,-0.014285714285714457,-3.0162412993039456,-13.991769547325116,-16.566866267465073,-0.9478672985781977,4.367381191831582,4.434925225572898,4.255712198738159,3.816373534488496,000100.SZ
2017-12-01,4.15,-0.15703483661895767,4,-0.007177033492822837,-0.004761904761904856,-0.007092198581560294,0.021739130434782705,-1.1904761904761862,-11.324786324786306,-16.666666666666664,-3.0373831775700855,4.3278573387712935,4.407789489804051,4.251566622317055,3.819693200811994,000100.SZ
2017-12-04,4.2,0.6818570131881041,0,0.012048192771084265,-0.007177033492822837,-0.004761904761904856,-0.007092198581560294,1.449275362318847,-10.828025477707005,-15.322580645161288,-10.256410256410241,4.304610549903785,4.388000014584618,4.249544401834034,3.8234773480675965,000100.SZ
2017-12-05,4.08,0.015127224241654691,1,-0.02857142857142858,0.012048192771084265,-0.007177033492822837,-0.004761904761904856,-3.546099290780147,-15.702479338842966,-15.352697095435685,-14.999999999999991,4.2637722681030965,4.3586666798622735,4.242895601762111,3.826029812265929,000100.SZ
2017-12-06,4.14,-0.06628408806604946,2,0.014705882352941124,-0.02857142857142858,0.012048192771084265,-0.007177033492822837,-1.4285714285714457,-12.288135593220339,-14.28571428571429,-12.8421052631579,4.241268219357079,4.337841281780152,4.238860480124381,3.8291538937359197,000100.SZ
2017-12-07,4.04,-0.40368094049871894,3,-0.02415458937198056,0.014705882352941124,-0.02857142857142858,0.012048192771084265,-3.349282296650713,-6.264501160092795,-16.872427983539097,-19.36127744510978,4.204673997655791,4.309475445420138,4.231062029923425,3.8312518649425273,000100.SZ
2017-12-08,4.1,0.49342844304650635,4,0.014851485148514865,-0.02415458937198056,0.014705882352941124,-0.02857142857142858,-1.2048192771084487,-2.3809523809523947,-12.393162393162394,-17.670682730923705,4.185642361718375,4.289525402999173,4.225922342475448,3.833925975739119,000100.SZ
2017-12-11,4.18,0.08689683703787288,0,0.019512195121951237,0.014851485148514865,-0.02415458937198056,0.014705882352941124,-0.4761904761904856,0.9661835748792313,-11.252653927813173,-15.725806451612911,4.18461647776958,4.279094412237347,4.22412146629994,3.837369498368581,000100.SZ
2017-12-12,4.08,-0.2928424367203585,1,-0.023923444976076458,0.019512195121951237,0.014851485148514865,-0.02415458937198056,0.0,-3.546099290780147,-15.702479338842966,-15.352697095435685,4.165595299993292,4.260133039643314,4.2184696440920995,3.83978373221566,000100.SZ
2017-12-13,4.12,-0.2232035818266338,2,0.009803921568627416,-0.023923444976076458,0.019512195121951237,0.014851485148514865,-0.48309178743960457,-1.904761904761909,-12.71186440677965,-14.699792960662528,4.1573052454490576,4.246787035867761,4.214608089421821,3.842571953785653,000100.SZ
2017-12-14,4.07,0.4362834645669291,3,-0.012135922330097082,0.009803921568627416,-0.023923444976076458,0.019512195121951237,0.7425742574257432,-2.631578947368407,-5.56844547563804,-16.25514403292181,4.14143156445832,4.229950175308926,4.208937183954299,3.844834919419627,000100.SZ
2017-12-15,3.96,0.1347747905793606,4,-0.027027027027027084,-0.012135922330097082,0.009803921568627416,-0.023923444976076458,-3.4146341463414553,-4.578313253012056,-5.714285714285716,-15.384615384615385,4.1084440072840795,4.204240634803314,4.199174941446287,3.845980840619432,000100.SZ
2017-12-18,3.94,-0.5660701862873927,0,-0.005050505050505083,-0.027027027027027084,-0.012135922330097082,0.009803921568627416,-5.741626794258369,-6.190476190476191,-4.8309178743961345,-16.348195329087044,4.07781782414152,4.179074860060141,4.189011218252316,3.846916354643119,000100.SZ
2017-12-19,4.05,0.8143397906924961,1,0.027918781725888353,-0.005050505050505083,-0.027027027027027084,-0.012135922330097082,-0.7352941176470673,-0.7352941176470673,-4.255319148936188,-16.322314049586783,4.072760037933971,4.166782016244889,4.183559797928696,3.84893708743274,000100.SZ
2017-12-20,4.0,-0.40188016985346464,2,-0.012345679012345623,0.027918781725888353,-0.005050505050505083,-0.027027027027027084,-2.9126213592232997,-3.3816425120772875,-4.761904761904767,-15.254237288135586,4.059530940127795,4.150898014697757,4.176361374480512,3.850440200990623,000100.SZ
2017-12-21,4.07,0.845247866053841,3,0.01750000000000007,-0.012345679012345623,0.027918781725888353,-0.005050505050505083,0.0,0.7425742574257432,-2.631578947368407,-5.56844547563804,4.061434405559105,4.1431934418694,4.172190340187159,3.8526248756076322,000100.SZ
2017-12-22,4.03,-0.30690537084398983,4,-0.009828009828009798,0.01750000000000007,-0.012345679012345623,0.027918781725888353,1.7676767676767735,-1.7073170731707221,-2.8915662650602414,-4.047619047619044,4.055719059093812,4.132413114072314,4.166614248415113,3.8543898022185017,000100.SZ
2017-12-25,3.86,1.027562971281887,0,-0.042183622828784184,-0.009828009828009798,0.01750000000000007,-0.012345679012345623,-2.0304568527918843,-7.655502392344493,-8.0952380952381,-6.763285024154586,4.0201337756222095,4.106469007970189,4.1545901602419715,3.8544456250819996,000100.SZ
2017-12-26,3.87,-0.4694013198499739,1,0.002590673575129543,-0.042183622828784184,-0.009828009828009798,0.01750000000000007,-4.444444444444439,-5.147058823529416,-5.147058823529416,-8.510638297872342,3.9928367255090804,4.083948150068266,4.14342976180111,3.8546003949816816,000100.SZ
2017-12-27,3.84,-0.08076831305177756,2,-0.007751937984496138,0.002590673575129543,-0.042183622828784184,-0.009828009828009798,-4.0000000000000036,-6.796116504854377,-7.246376811594201,-8.571428571428575,3.9650482299619747,4.060714992918907,4.131530555455968,3.854455117419675,000100.SZ
2017-12-28,3.83,-0.05233614536015574,3,-0.0026041666666666297,-0.007751937984496138,0.002590673575129543,-0.042183622828784184,-5.896805896805901,-5.896805896805901,-5.198019801980203,-8.373205741626787,3.9404940063325244,4.0387421364504394,4.119705827791028,3.854211782917987,000100.SZ
2017-12-29,3.9,0.3306056767213339,4,0.018276762402088753,-0.0026041666666666297,-0.007751937984496138,0.002590673575129543,-3.2258064516129115,-1.5151515151515138,-4.8780487804877986,-6.024096385542177,3.9331314597266105,4.025528599645636,4.111089912975694,3.8546673870680572,000100.SZ
2018-01-02,3.91,-0.10377479865167383,1,0.002564102564102555,0.018276762402088753,-0.0026041666666666297,-0.007751937984496138,1.2953367875647714,-0.761421319796951,-6.459330143540665,-6.904761904761902,3.9289257397763175,4.014525875869861,4.103204034035471,3.855217960331062,000100.SZ
2018-01-03,3.99,0.6603502727533734,2,0.020460358056265893,0.002564102564102555,0.018276762402088753,-0.0026041666666666297,3.100775193798455,-1.4814814814814725,-2.2058823529411686,-2.2058823529411686,3.940030150726078,4.012190078167969,4.098764660151727,3.8565590751536387,000100.SZ
2018-01-04,3.96,-0.3588967663842296,3,-0.007518796992481258,0.020460358056265893,0.002564102564102555,0.018276762402088753,3.125,-1.0000000000000009,-3.8834951456310662,-4.347826086956519,3.943661032412245,4.007219594532924,4.093322908773228,3.8575883380874334,000100.SZ
2018-01-05,3.92,-0.05256911665542818,4,-0.010101010101010055,-0.007518796992481258,0.020460358056265893,0.002564102564102555,2.3498694516971286,-3.6855036855036993,-3.6855036855036993,-2.970297029702973,3.9393590265191096,3.9989129664821697,4.086525931958591,3.8582093496487526,000100.SZ
2018-01-08,3.88,0.3184250982178445,0,-0.010204081632653073,-0.010101010101010055,-0.007518796992481258,0.020460358056265893,-0.512820512820511,-3.7220843672456705,-2.020202020202022,-5.3658536585365795,3.928566476242908,3.987587922055296,4.078426875803352,3.8584261720403075,000100.SZ
2018-01-09,4.03,1.1077497786702941,1,0.038659793814433074,-0.010204081632653073,-0.010101010101010055,-0.007518796992481258,3.069053708439906,4.404145077720223,2.2842639593908753,-3.5885167464114742,3.9470089351078337,3.9916271675738395,4.076527782634593,3.8601333743085635,000100.SZ
2018-01-10,3.99,-0.20821210506904886,2,-0.00992555831265507,0.038659793814433074,-0.010204081632653073,-0.010101010101010055,0.0,3.100775193798455,-1.4814814814814725,-2.2058823529411686,3.9548254923609547,3.9914721992334736,4.073134536256766,3.861425579539324,000100.SZ
2018-01-11,3.96,-0.485120587930856,3,-0.007518796992481258,-0.00992555831265507,0.038659793814433074,-0.010204081632653073,0.0,3.125,-1.0000000000000009,-3.8834951456310662,3.95576631193169,3.988474846925524,4.068697887776109,3.862406419543908,000100.SZ
2018-01-12,4.0,0.755088706840227,4,0.010101010101010166,-0.007518796992481258,-0.00992555831265507,0.038659793814433074,2.0408163265306145,4.438642297650119,-1.7199017199017286,-1.7199017199017286,3.9638088006713827,3.9895724805516646,4.06600385296136,3.863775509896705,000100.SZ
2018-01-15,4.03,0.5329457919303573,0,0.007500000000000062,0.010101010101010166,-0.007518796992481258,-0.00992555831265507,3.8659793814433074,3.3333333333333437,0.0,1.7676767676767735,3.9758435641856766,3.993422720499125,4.064591937158953,3.8654294849226085,000100.SZ
2018-01-16,4.05,-0.09033848912799836,1,0.004962779156327368,0.007500000000000062,0.010101010101010166,-0.007518796992481258,0.4962779156327368,3.5805626598465423,4.922279792746109,2.7918781725888353,3.9893265525155535,3.998811032832542,4.064019704329191,3.867266007460692,000100.SZ
2018-01-17,3.92,0.10559388861508134,2,-0.032098765432098775,0.004962779156327368,0.007500000000000062,0.010101010101010166,-1.7543859649122862,-1.7543859649122862,1.2919896640826822,-3.2098765432098775,3.976721724785453,3.9913052201818235,4.05837187278687,3.8677907238043665,000100.SZ
2018-01-18,3.89,-0.49419554961179835,3,-0.007653061224489721,-0.032098765432098775,0.004962779156327368,0.007500000000000062,-1.7676767676767624,-1.7676767676767624,1.3020833333333481,-2.749999999999997,3.960954138460825,3.981657103974031,4.051769054246209,3.868011711627209,000100.SZ
2018-01-19,3.89,0.12402915740961751,4,0.0,-0.007653061224489721,-0.032098765432098775,0.004962779156327368,-2.749999999999997,-0.7653061224489721,1.5665796344647598,-4.422604422604426,3.9480533860134024,3.972927855976504,4.045425169765966,3.868230500566242,000100.SZ
2018-01-22,3.88,0.18184194191250946,0,-0.0025706940874036244,0.0,-0.007653061224489721,-0.032098765432098775,-3.7220843672456705,0.0,-0.512820512820511,-3.7220843672456705,3.9356800431018746,3.964077583978742,4.038937908206516,3.868347610013344,000100.SZ
2018-01-23,3.84,-0.22135452660677257,1,-0.010309278350515427,-0.0025706940874036244,0.0,-0.007653061224489721,-5.185185185185182,-4.714640198511177,-1.7902813299232823,-0.5181347150259086,3.918283671628806,3.9522606712188617,4.031136421610182,3.8680655442420666,000100.SZ
2018-01-24,3.81,0.36641519481672136,2,-0.0078125,-0.010309278350515427,-0.0025706940874036244,0.0,-2.8061224489795866,-4.511278195488721,-4.511278195488721,-1.5503875968992276,3.8985957313326596,3.9387120358646848,4.02246440507645,3.867487777632693,000100.SZ
2018-01-25,3.79,-0.3209660028320147,3,-0.005249343832021025,-0.0078125,-0.010309278350515427,-0.0025706940874036244,-2.570694087403602,-4.292929292929292,-4.292929292929292,-1.302083333333326,3.8788510529085394,3.924548984829953,4.013348153896981,3.8667167549696817,000100.SZ
2018-01-26,3.72,0.38959250047828586,4,-0.01846965699208436,-0.005249343832021025,-0.0078125,-0.010309278350515427,-4.370179948586117,-6.999999999999995,-5.102040816326525,-2.8720626631853707,3.8499690432888047,3.905068129131862,4.001844304724551,3.865256886761028,000100.SZ
2018-01-29,3.6,0.12075611972354539,0,-0.032258064516129115,-0.01846965699208436,-0.005249343832021025,-0.0078125,-7.216494845360821,-10.66997518610422,-7.216494845360821,-7.692307692307687,3.804520126327204,3.8760140215954944,3.986085704539274,3.862617514753456,000100.SZ
2018-01-30,3.62,-0.6551686014372582,1,0.005555555555555536,-0.032258064516129115,-0.01846965699208436,-0.005249343832021025,-5.7291666666666625,-10.617283950617274,-10.173697270471472,-7.416879795396425,3.77097101244953,3.8516317338244948,3.9717294024004794,3.860203410129044,000100.SZ
2018-01-31,3.57,0.2045883652167717,2,-0.013812154696132617,0.005555555555555536,-0.032258064516129115,-0.01846965699208436,-6.299212598425208,-8.92857142857143,-10.526315789473696,-10.526315789473696,3.734430828367797,3.8248096639364477,3.9559753081886964,3.857315814008357,000100.SZ
2018-02-01,3.4,0.8726267226592537,3,-0.04761904761904756,-0.013812154696132617,0.005555555555555536,-0.032258064516129115,-10.290237467018471,-12.596401028277636,-14.141414141414144,-14.141414141414144,3.6736252232100157,3.7843516007044053,3.9341723549263947,3.852765407898821,000100.SZ
2018-02-02,3.46,-0.4412911988124004,4,0.01764705882352935,-0.04761904761904756,-0.013812154696132617,0.005555555555555536,-6.989247311827961,-11.053984575835486,-13.5,-11.734693877551017,3.634784273535467,3.7534609720658905,3.915577360615556,3.8488572943873907,000100.SZ
2018-02-05,3.48,-0.3204533891118774,0,0.005780346820809301,0.01764705882352935,-0.04761904761904756,-0.013812154696132617,-3.3333333333333326,-10.309278350515461,-13.647642679900752,-10.309278350515461,3.6066416783472,3.727417069964377,3.8984958954933777,3.84518707255269,000100.SZ
2018-02-06,3.35,0.3558504221954162,1,-0.03735632183908044,0.005780346820809301,0.01764705882352935,-0.04761904761904756,-7.458563535911599,-12.760416666666663,-17.28395061728395,-16.873449131513652,3.5599795550113456,3.691472587110627,3.8769862525328533,3.8402598379999273,000100.SZ
2018-02-07,3.35,-0.20781691005031278,2,0.0,-0.03735632183908044,0.005780346820809301,0.01764705882352935,-6.1624649859943865,-12.073490813648291,-14.540816326530603,-16.040100250626566,3.521801454100192,3.6589513883381866,3.8563201249825454,3.8353816306566446,000100.SZ
2018-02-08,3.47,0.507319340097591,3,0.035820895522387985,0.0,-0.03735632183908044,0.005780346820809301,2.0588235294117796,-8.443271767810023,-10.796915167095111,-12.37373737373737,3.512383007900157,3.640956018020264,3.8411703161597006,3.8317459925406583,000100.SZ
2018-02-09,3.34,-0.07129643903190996,4,-0.03746397694524506,0.035820895522387985,0.0,-0.03735632183908044,-3.4682080924855474,-10.215053763440874,-14.138817480719801,-16.500000000000004,3.4810406428274008,3.6122935401135723,3.8215165782710847,3.826852997590005,000100.SZ
2018-02-12,3.41,-0.4082773120867569,0,0.020958083832335328,-0.03746397694524506,0.035820895522387985,0.0,-2.011494252873558,-5.277777777777781,-12.11340206185566,-15.384615384615385,3.4681241623133277,3.5930274886741844,3.8053786732408463,3.8227052065692093,000100.SZ
2018-02-13,3.41,0.112066950301557,1,0.0,0.020958083832335328,-0.03746397694524506,0.035820895522387985,1.7910447761193993,-5.8011049723756924,-11.197916666666663,-15.802469135802466,3.4575561328018134,3.575596299276643,3.7898736272314015,3.818598687100859,000100.SZ
2018-02-14,3.44,-0.0018077860926595246,2,0.008797653958944274,0.0,0.020958083832335328,-0.03746397694524506,2.686567164179099,-3.6414565826330514,-9.711286089238847,-12.244897959183676,3.454364108656029,3.562682366012201,3.77615309283017,3.814831535985428,000100.SZ
2018-02-22,3.47,0.0077917702059553395,3,0.008720930232558155,0.008797653958944274,0.0,0.020958083832335328,0.0,2.0588235294117796,-8.443271767810023,-10.796915167095111,3.457206997991296,3.553855474011039,3.7641470891897715,3.811400376423384,000100.SZ
2018-02-23,3.43,0.20026746907388837,4,-0.011527377521613813,0.008720930232558155,0.008797653958944274,0.0,2.6946107784431295,-0.8670520231213841,-7.795698924731187,-11.82519280205655,3.4522602710837873,3.5420597145814163,3.7510432817705652,3.8076053478022556,000100.SZ
2018-02-26,3.67,2.3409122562674094,0,0.06997084548104948,-0.011527377521613813,0.008720930232558155,0.008797653958944274,7.624633431085037,5.459770114942519,1.9444444444444375,-5.4123711340206215,3.4918493127049164,3.5542445036689005,3.747865113857994,3.806236140361437,000100.SZ
2018-02-27,3.72,-0.1351731613010808,1,0.013623978201634968,0.06997084548104948,-0.011527377521613813,0.008720930232558155,9.090909090909083,11.044776119402977,2.7624309392265234,-3.124999999999989,3.5333312558494767,3.5700307414147194,3.7467723642949355,3.8053780693130643,000100.SZ
2018-02-28,3.75,-0.15493908244055865,2,0.008064516129032251,0.013623978201634968,0.06997084548104948,-0.011527377521613813,9.011627906976738,11.940298507462677,5.042016806722693,-1.5748031496062964,3.5727255729677534,3.587170670803794,3.7468989382441538,3.8048270437477605,000100.SZ
2018-03-01,3.71,-0.35277508413667213,3,-0.010666666666666713,0.008064516129032251,0.013623978201634968,0.06997084548104948,6.916426512968288,6.916426512968288,9.117647058823541,-2.110817941952503,3.5976845597008893,3.5988687021558134,3.7454519210581085,3.803883491073653,000100.SZ
2018-03-02,3.64,-0.10384259463270606,4,-0.018867924528301883,-0.010666666666666713,0.008064516129032251,0.013623978201634968,6.1224489795918435,8.982035928143727,5.202312138728327,-2.1505376344086002,3.605378276118909,3.6027859686171646,3.741316551604849,3.8022528095704327,000100.SZ
2018-03-05,3.6,0.1888230521476162,0,-0.01098901098901095,-0.018867924528301883,-0.010666666666666713,0.008064516129032251,-1.9073569482288777,5.571847507331373,3.4482758620689724,0.0,3.6044004077336522,3.6025206382726727,3.735774726051718,3.8002403438035626,000100.SZ
2018-03-06,3.79,1.0365644324033672,1,0.05277777777777781,-0.01098901098901095,-0.018867924528301883,-0.010666666666666713,1.8817204301075252,11.143695014662747,13.134328358208958,4.6961325966850875,3.638145788145715,3.620375815580037,3.737901207383023,3.800138449835368,000100.SZ
2018-03-07,3.76,-0.41143855230822346,2,-0.007915567282322011,0.05277777777777781,-0.01098901098901095,-0.018867924528301883,0.2666666666666595,9.302325581395344,12.238805970149237,5.3221288515406195,3.6603010993919485,3.633673356953367,3.738767826701336,3.799739062274817,000100.SZ
2018-03-08,3.82,-0.11441043514268967,3,0.015957446808510634,-0.007915567282322011,0.05277777777777781,-0.01098901098901095,2.96495956873315,10.086455331412104,10.086455331412104,12.352941176470589,3.6893372631388663,3.6514187515292362,3.741953402124813,3.7999406636452173,000100.SZ
2018-03-09,3.82,-0.06606659263155834,4,0.0,0.015957446808510634,-0.007915567282322011,0.05277777777777781,4.9450549450549275,11.370262390670538,14.371257485029943,10.404624277456653,3.7130941243863447,3.6674741085264517,3.7450140530218796,3.8001402590318323,000100.SZ
2018-03-12,3.86,0.4000333778371161,0,0.010471204188481575,0.0,0.015957446808510634,-0.007915567282322011,7.222222222222219,5.177111716621252,13.19648093841641,10.919540229885062,3.739804283588827,3.685809907714409,3.749523305844551,3.8007358783449487,000100.SZ
2018-03-13,3.84,-0.031633686971033526,1,-0.005181347150259086,0.010471204188481575,0.0,0.015957446808510634,1.319261213720302,3.2258064516129004,12.609970674486792,14.626865671641776,3.7580216865726763,3.700494678408275,3.753071411497706,3.801126566122611,000100.SZ
2018-03-14,3.8,-0.17769160934927453,2,-0.01041666666666663,-0.005181347150259086,0.010471204188481575,0.0,1.0638297872340496,1.3333333333333197,10.465116279069765,13.432835820895516,3.765654107195826,3.709971375702725,3.7549117483017174,3.8011153565094506,000100.SZ
2018-03-15,3.8,-0.287794015830542,3,0.0,-0.01041666666666663,-0.005181347150259086,0.010471204188481575,-0.5235602094240788,2.425876010781658,9.5100864553314,9.5100864553314,3.7718988149784027,3.7185455303977033,3.7566799150349834,3.8011042584347297,000100.SZ
2018-03-16,3.81,0.24550064370352853,4,0.0026315789473685403,0.0,-0.01041666666666663,-0.005181347150259086,-0.2617801047120394,4.670329670329676,11.078717201166178,14.071856287425156,3.7788263031641476,3.7272554798836364,3.758770898759102,3.8011927732761754,000100.SZ
2018-03-19,3.78,-0.11376437084695712,0,-0.007874015748031593,0.0026315789473685403,0.0,-0.01041666666666663,-2.0725388601036343,4.999999999999982,2.9972752043596618,10.850439882697938,3.7790397025888476,3.7322787675137663,3.759603412533255,3.800981899910244,000100.SZ
2018-03-20,3.75,-0.14807673997905357,1,-0.007936507936507908,-0.007874015748031593,0.0026315789473685403,0.0,-2.34375,-1.055408970976257,0.8064516129032251,9.97067448680351,3.773759756663602,3.733966503941027,3.7592268081201863,3.800474617324072,000100.SZ
2018-03-21,3.7,0.16216367243161667,2,-0.013333333333333308,-0.007936507936507908,-0.007874015748031593,0.0026315789473685403,-2.631578947368407,-1.5957446808510523,-1.3333333333333308,7.558139534883734,3.760348891815674,3.730731598803786,3.7569041881939045,3.7994748698880123,000100.SZ
2018-03-22,3.65,0.17699242697439588,3,-0.013513513513513598,-0.013333333333333308,-0.007936507936507908,-0.007874015748031593,-3.9473684210526327,-4.450261780104714,-1.6172506738544534,5.187319884726227,3.740285456940097,3.7230428751081877,3.7527118670882613,3.797987557749823,000100.SZ
2018-03-23,3.49,0.7397716363339257,4,-0.043835616438356095,-0.013513513513513598,-0.013333333333333308,-0.007936507936507908,-8.398950131233596,-8.638743455497377,-4.120879120879117,1.7492711370262315,3.6947790102237157,3.7008483155740746,3.742409440927937,3.7949230049363925,000100.SZ
2018-03-26,3.43,-0.5432056730927278,0,-0.017191977077363862,-0.043835616438356095,-0.013513513513513598,-0.013333333333333308,-9.259259259259245,-11.13989637305699,-4.722222222222216,-6.539509536784738,3.6466373720012215,3.6750532379003533,3.7301580903033127,3.7912919302604084,000100.SZ
2018-03-27,3.47,-0.06520677513043927,1,0.011661807580174877,-0.017191977077363862,-0.043835616438356095,-0.013513513513513598,-7.466666666666666,-9.635416666666663,-8.443271767810023,-6.720430107526887,3.6145214861828174,3.6555243581003194,3.7199558122522025,3.7880949956309515,000100.SZ
2018-03-28,3.42,-0.28058839703051974,2,-0.014409221902017322,0.011661807580174877,-0.017191977077363862,-0.043835616438356095,-7.567567567567579,-9.999999999999998,-9.042553191489356,-8.799999999999997,3.5791539432404864,3.63309346685267,3.7081928392227046,3.7844323588585045,000100.SZ
2018-03-29,3.46,0.04337855914389466,3,0.011695906432748648,-0.014409221902017322,0.011661807580174877,-0.017191977077363862,-5.205479452054796,-8.947368421052627,-9.424083769633507,-6.738544474393526,3.5574895899240344,3.616608374771463,3.6984597867041673,3.7812041761832957,000100.SZ
2018-03-30,3.47,-0.23743589743589744,4,0.0028901734104047616,0.011695906432748648,-0.014409221902017322,0.011661807580174877,-0.5730659025787954,-8.923884514435688,-9.162303664921456,-4.670329670329664,3.541582391756028,3.602645672412276,3.6895005793824356,3.778107617216298,000100.SZ
2018-04-02,3.51,0.5407339802094342,0,0.011527377521613813,0.0028901734104047616,0.011695906432748648,-0.014409221902017322,2.3323615160349753,-7.14285714285714,-9.067357512953366,-2.5000000000000133,3.535840138709477,3.593822275039678,3.6824613409752813,3.7754398797315587,000100.SZ
2018-04-03,3.44,-0.2418082618862042,1,-0.019943019943019946,0.011527377521613813,0.0028901734104047616,0.011695906432748648,-0.8645533141210415,-8.266666666666666,-10.416666666666663,-9.234828496042214,3.5184146589441174,3.5791725345597087,3.672953053093898,3.7721021694854735,000100.SZ
2018-04-04,3.44,-0.0024260865989556013,2,0.0,-0.019943019943019946,0.011527377521613813,0.0028901734104047616,0.5847953216374213,-7.027027027027033,-9.473684210526311,-8.510638297872342,3.504157448227005,3.565918007458784,3.6638176392470783,3.768797670286613,000100.SZ
2018-04-09,3.4,0.19645507007419627,0,-0.011627906976744207,0.0,-0.019943019943019946,0.011527377521613813,-1.7341040462427793,-6.849315068493156,-10.526315789473683,-10.994764397905755,3.4852197303675494,3.550116292462709,3.653471849472683,3.7651280417265474,000100.SZ
2018-04-10,3.47,-0.2720664232067801,1,0.020588235294117796,-0.011627906976744207,0.0,-0.019943019943019946,0.0,-0.5730659025787954,-8.923884514435688,-9.162303664921456,3.4824525066643583,3.5424861693710223,3.6462768749835583,3.7621914442964326,000100.SZ
2018-04-11,3.47,-0.1261299635571963,2,0.0,0.020588235294117796,-0.011627906976744207,0.0,-1.1396011396011319,1.1661807580174877,-8.201058201058187,-10.103626943005173,3.4801884145435658,3.53558272466902,3.639364056356752,3.759284066741244,000100.SZ
2018-04-12,3.45,-0.14411828422876938,3,-0.0057636887608069065,0.0,0.020588235294117796,-0.011627906976744207,0.29069767441860517,-0.5763688760806907,-7.9999999999999964,-10.15624999999999,3.4746996118992812,3.5274319889862564,3.631938014930997,3.756206613340834,000100.SZ
2018-04-13,3.45,0.3572739353287351,4,0.0,-0.0057636887608069065,0.0,0.020588235294117796,0.29069767441860517,0.8771929824561431,-6.756756756756754,-9.210526315789469,3.470208773372139,3.5200575138447086,3.6248031908160563,3.7531597813672932,000100.SZ
2018-04-16,3.39,-0.04582964240757148,0,-0.017391304347826098,0.0,-0.0057636887608069065,0.0,-0.2941176470588225,-2.023121387283233,-7.12328767123287,-10.789473684210515,3.4556253600317497,3.5076710839547363,3.6155952225487598,3.7495462512044346,000100.SZ
2018-04-17,3.35,-0.17380044952604312,1,-0.01179941002949858,-0.017391304347826098,0.0,-0.0057636887608069065,-3.458213256484155,-3.458213256484155,-4.011461318051579,-12.073490813648291,3.436420749116886,3.492654790244761,3.605179723625279,3.7455706666153357,000100.SZ
2018-04-18,3.27,1.5942397539771722,2,-0.023880597014925398,-0.01179941002949858,-0.017391304347826098,0.0,-5.763688760806918,-6.8376068376068355,-4.664723032069973,-13.492063492063489,3.406162431095634,3.4714495721262124,3.5920354207380134,3.740838620181352,000100.SZ
2018-04-19,3.3,-0.5940135868326266,3,0.00917431192660545,-0.023880597014925398,-0.01179941002949858,-0.017391304347826098,-4.34782608695653,-4.069767441860472,-4.899135446685888,-12.0,3.3868601708964277,3.4551210414475255,3.580583051297307,3.736452166249199,000100.SZ
2018-04-20,3.22,0.3365152451007918,4,-0.024242424242424176,0.00917431192660545,-0.023880597014925398,-0.01179941002949858,-6.666666666666665,-6.3953488372092915,-5.847953216374258,-12.972972972972974,3.356521958006168,3.432728561309666,3.5664425394817267,3.7313133387243314,000100.SZ
2018-04-23,3.23,-0.07780858751365438,0,0.0031055900621117516,-0.024242424242424176,0.00917431192660545,-0.023880597014925398,-4.71976401179941,-4.999999999999993,-6.647398843930641,-11.50684931506849,3.33351796564141,3.413421079280174,3.553248714404012,3.7263251462992137,000100.SZ
2018-04-24,3.28,-0.04150341685649206,1,0.015479876160990669,0.0031055900621117516,-0.024242424242424176,0.00917431192660545,-2.0895522388059806,-5.475504322766578,-5.475504322766578,-6.017191977077374,3.3237874264338805,3.4007143098249193,3.542533078545031,3.721884100067381,000100.SZ
2018-04-25,3.33,0.07652454964589572,2,0.015243902439024515,0.015479876160990669,0.0031055900621117516,-0.024242424242424176,1.8348623853211121,-4.034582132564846,-5.128205128205121,-2.9154518950437303,3.3249169852640836,3.3939796136511173,3.534198448013853,3.7179847557881036,000100.SZ
2018-04-26,3.28,-0.14565764492913602,3,-0.01501501501501512,0.015243902439024515,0.015479876160990669,0.0031055900621117516,-0.60606060606061,-4.9275362318840665,-4.651162790697683,-5.475504322766578,3.3167502606706134,3.383124412351011,3.5242298814250743,3.7136266985165802,000100.SZ
2018-04-27,3.25,-0.11116279069767432,4,-0.009146341463414531,-0.01501501501501512,0.015243902439024515,0.015479876160990669,0.9316770186335255,-5.797101449275366,-5.523255813953487,-4.970760233918126,3.3046138496395927,3.3704458968890103,3.5134757684280125,3.7090134975363163,000100.SZ
2018-05-02,3.26,-0.06221291935577655,2,0.003076923076922977,-0.009146341463414531,-0.01501501501501512,0.015243902439024515,0.9287925696594312,-3.8348082595870303,-4.117647058823537,-5.780346820809257,3.296502240614212,3.359927240042438,3.5035355422151495,3.70454570154093,000100.SZ
2018-05-03,3.35,0.71498542997086,3,0.027607361963190247,0.003076923076922977,-0.009146341463414531,-0.01501501501501512,2.1341463414634276,0.0,-3.458213256484155,-3.458213256484155,3.3062291059570823,3.3589817886098245,3.4975145405596537,3.7010178836151497,000100.SZ
2018-05-04,3.31,-0.3584830627959944,4,-0.011940298507462699,0.027607361963190247,0.003076923076922977,-0.009146341463414531,-0.6006006006005982,1.2232415902140747,-4.610951008645536,-5.698005698005693,3.3069147230557947,3.3543168563612697,3.4901610291651575,3.6971271584050487,000100.SZ
2018-05-07,3.35,-0.01899126514511118,0,0.012084592145015227,-0.011940298507462699,0.027607361963190247,0.003076923076922977,2.1341463414634276,1.5151515151515138,-2.898550724637683,-2.6162790697674354,3.314748409772923,3.3539057271840056,3.4846645182175044,3.693673156828879,000100.SZ
2018-05-08,3.38,0.14441636029411753,1,0.008955223880596996,0.012084592145015227,-0.011940298507462699,0.027607361963190247,4.0000000000000036,4.968944099378869,-2.0289855072463836,-1.744186046511631,3.326612335268755,3.356390896023624,3.480560027307014,3.690552030890284,000100.SZ
2018-05-09,3.34,0.04191346250376471,2,-0.01183431952662728,0.008955223880596996,0.012084592145015227,-0.011940298507462699,2.4539877300613577,3.4055727554179516,-1.4749262536873253,-1.764705882352946,3.329046456128981,3.3548298583070886,3.4750478693734057,3.687063950980928,000100.SZ
2018-05-10,3.33,-0.10805993158934335,3,-0.0029940119760478723,-0.01183431952662728,0.008955223880596996,0.012084592145015227,-0.5970149253731294,1.5243902439024515,-0.5970149253731294,-4.034582132564846,3.3292198277418934,3.35246510989689,3.4693597176332722,3.6835110758467895,000100.SZ
2018-05-11,3.3,-0.09349681322242609,4,-0.009009009009009028,-0.0029940119760478723,-0.01183431952662728,0.008955223880596996,-0.30211480362538623,-0.9009009009009028,0.917431192660545,-4.899135446685888,3.323907131788822,3.3474684327638524,3.462718160079026,3.6796950452413486,000100.SZ
2018-05-14,3.31,0.2516832509086575,0,0.003030303030303161,-0.009009009009009028,-0.0029940119760478723,-0.01183431952662728,-1.1940298507462699,0.9146341463414753,0.3030303030303161,-4.057971014492756,3.321378562372672,3.3439000105958665,3.456729212624947,3.6760164875772556,000100.SZ
2018-05-15,3.3,-0.2467272813823963,1,-0.0030211480362538623,0.003030303030303161,-0.009009009009009028,-0.0029940119760478723,-2.3668639053254448,1.538461538461533,2.4844720496894235,-4.34782608695653,3.317491551032186,3.3397190572057838,3.450582968992596,3.672275029989422,000100.SZ
2018-05-16,3.27,-0.07033619817997971,2,-0.009090909090909038,-0.0030211480362538623,0.003030303030303161,-0.009009009009009028,-2.095808383233533,0.30674846625766694,1.238390092879249,-3.539823008849563,3.3088567235717887,3.333079146995709,3.4435012839340633,3.668272293372612,000100.SZ
2018-05-17,3.23,0.2061722520562843,3,-0.012232415902140636,-0.009090909090909038,-0.0030211480362538623,0.003030303030303161,-3.003003003003002,-3.5820895522388096,-1.5243902439024293,-3.5820895522388096,3.294519137467827,3.32326208537707,3.4351286845641,3.663911375030596,000100.SZ
2018-05-18,3.25,-0.3121618575293057,4,0.006191950464396356,-0.012232415902140636,-0.009090909090909038,-0.0030211480362538623,-1.5151515151515138,-1.812688821752273,-2.4024024024024038,-0.6116207951070374,3.286424748837313,3.316284743912587,3.4278687361498217,3.6597928538860134,000100.SZ
2018-05-21,3.29,1.2545678000819338,0,0.012307692307692353,0.006191950464396356,-0.012232415902140636,-0.009090909090909038,-0.6042296072507614,-1.7910447761193993,0.3048780487804992,-0.3030303030302939,3.2870747945032557,3.3137814349685315,3.4224621190459072,3.6561133230015757,000100.SZ
2018-05-22,3.28,-0.47094523385543485,1,-0.003039513677811634,0.012307692307692353,0.006191950464396356,-0.012232415902140636,-0.60606060606061,-2.9585798816568087,0.9230769230769154,1.8633540372670732,3.2857884682299363,3.310564155447719,3.416875369279401,3.652370901877182,000100.SZ
2018-05-23,3.26,0.5448550625085862,2,-0.0060975609756097615,-0.003039513677811634,0.012307692307692353,0.006191950464396356,-0.3058103975535187,-2.395209580838331,0.0,0.9287925696594312,3.281099655824493,3.305748521595555,3.410723394013542,3.6484667137988023,000100.SZ
2018-05-24,3.24,-0.18003557136505122,3,-0.006134969325153228,-0.0060975609756097615,-0.003039513677811634,0.012307692307692353,0.3095975232198178,-2.7027027027026973,-3.2835820895522394,-1.2195121951219412,3.273626991129131,3.2994867576340736,3.4040283589541875,3.644402368387869,000100.SZ
2018-05-25,3.22,-0.1544384794750826,4,-0.006172839506172867,-0.006134969325153228,-0.0060975609756097615,-0.003039513677811634,-0.9230769230769154,-2.4242424242424176,-2.7190332326283984,-3.3033033033032955,3.2638766291056522,3.291916590240352,3.3968115605638274,3.6401794592496812,000100.SZ
2018-05-28,3.2,-0.150708651317899,0,-0.006211180124223614,-0.006172839506172867,-0.006134969325153228,-0.0060975609756097615,-2.7355623100303927,-3.3232628398791486,-4.477611940298509,-2.4390243902438935,3.252262696540988,3.283162629265081,3.3890934601495597,3.6357995641327694,000100.SZ
2018-05-29,3.22,-0.06629917692365783,1,0.006250000000000089,-0.006211180124223614,-0.006172839506172867,-0.006134969325153228,-1.8292682926829174,-2.4242424242424176,-4.733727810650878,-0.9230769230769154,3.246396751715354,3.2771471407636446,3.3824623440652637,3.631662255036921,000100.SZ
2018-05-30,3.14,0.7415285078851597,2,-0.024844720496894457,0.006250000000000089,-0.006211180124223614,-0.006172839506172867,-3.6809815950920144,-3.9755351681957207,-5.9880239520958,-3.6809815950920144,3.2270518877671073,3.2640855083099645,3.372954016847018,3.62677009329526,000100.SZ
2018-05-31,3.11,0.18668152688771245,3,-0.009554140127388644,-0.024844720496894457,0.006250000000000089,-0.006211180124223614,-4.012345679012352,-3.7151702786377694,-6.606606606606613,-7.164179104477619,3.2057697263549056,3.2494106979947297,3.3626420946177236,3.6216281023171977,000100.SZ
2018-06-01,3.1,-0.40244188776708145,4,-0.003215434083601254,-0.009554140127388644,-0.024844720496894457,0.006250000000000089,-3.7267080745341685,-4.61538461538461,-6.060606060606055,-6.344410876132933,3.18653886701765,3.235181107709517,3.352342404632715,3.616437772940907,000100.SZ
2018-06-04,3.13,0.08605108055009825,0,0.009677419354838568,-0.003215434083601254,-0.009554140127388644,-0.024844720496894457,-2.187500000000009,-4.863221884498481,-5.438066465256808,-6.567164179104479,3.1762590730144407,3.22516385935623,3.343623094647118,3.6115975960957245,000100.SZ
2018-06-05,3.2,0.67070670525808,1,0.022364217252396346,0.009677419354838568,-0.003215434083601254,-0.009554140127388644,-0.6211180124223614,-2.4390243902438935,-3.0303030303030165,-5.325443786982243,3.180575605193633,3.2227673013223033,3.3379908164256626,3.6075020976271106,000100.SZ
2018-06-06,3.18,-0.412278485581261,2,-0.006249999999999978,0.022364217252396346,0.009677419354838568,-0.003215434083601254,1.273885350318471,-2.4539877300613355,-2.752293577981646,-4.79041916167664,3.1804709497038814,3.2186942250058936,3.33179509813446,3.6032483454119153,000100.SZ
2018-06-07,3.18,-0.06472611152051089,3,0.0,-0.006249999999999978,0.022364217252396346,0.009677419354838568,2.2508038585209,-1.851851851851849,-1.5479876160990669,-4.504504504504503,3.1803853224849936,3.215009060719618,3.3258423491880107,3.5990369190894085,000100.SZ
2018-06-08,3.13,0.0883782009192382,4,-0.01572327044025168,0.0,-0.006249999999999978,0.022364217252396346,0.9677419354838568,-2.795031055900632,-3.6923076923076947,-5.151515151515151,3.171224354760449,3.2069129596987023,3.3181622570629905,3.5943698850686188,000100.SZ
2018-06-11,3.12,-0.15015685328185324,0,-0.0031948881789136685,-0.01572327044025168,0.0,-0.006249999999999978,-0.31948881789136685,-2.500000000000002,-5.167173252279634,-5.740181268882171,3.1619108357130945,3.1986355349654927,3.31039118815856,3.5896497867097272,000100.SZ
2018-06-12,3.14,-0.05615106126215652,1,0.0064102564102563875,-0.0031948881789136685,-0.01572327044025168,0.0,-1.8750000000000044,-2.4844720496894457,-4.2682926829268215,-4.848484848484835,3.1579270474016226,3.1930511983021126,3.303709180779793,3.5851756594787845,000100.SZ
2018-06-13,3.13,-0.010830324909747224,2,-0.0031847133757962887,0.0064102564102563875,-0.0031948881789136685,-0.01572327044025168,-1.572327044025168,-0.31847133757962887,-3.9877300613496924,-4.281345565749239,3.152849402419509,3.18704632227334,3.2968970560433304,3.5806465484391947,000100.SZ
2018-06-14,3.08,0.27820863746958646,3,-0.015974440894568676,-0.0031847133757962887,0.0064102564102563875,-0.0031948881789136685,-3.1446540880503138,-0.9646302250803762,-4.938271604938271,-4.643962848297212,3.139604056525053,3.176851434437784,3.2883912891396703,3.5756649907432827,000100.SZ
2018-06-15,3.05,-0.11022544762357978,4,-0.009740259740259827,-0.015974440894568676,-0.0031847133757962887,0.0064102564102563875,-2.5559105431309903,-1.6129032258064613,-5.279503105590077,-6.153846153846154,3.123312409884134,3.164770345443709,3.279042611134193,3.570434493322952,000100.SZ
2018-06-19,2.9,1.8962428132103222,1,-0.0491803278688524,-0.009740259740259827,-0.015974440894568676,-0.0031847133757962887,-7.05128205128206,-7.348242811501593,-9.37500000000001,-11.85410334346505,3.082710153541564,3.139554122068118,3.264178195011284,3.563763503339639,000100.SZ
2018-06-20,2.89,-0.613822076543096,2,-0.0034482758620688614,-0.0491803278688524,-0.009740259740259827,-0.015974440894568676,-7.9617834394904445,-9.687500000000004,-10.248447204968947,-11.890243902439012,3.047671943806734,3.115787062823535,3.249504540304959,3.5570593888785482,000100.SZ
2018-06-21,2.77,0.3173939031679618,3,-0.04152249134948105,-0.0034482758620688614,-0.0491803278688524,-0.009740259740259827,-11.501597444089452,-12.893081761006297,-11.783439490445858,-15.030674846625757,2.997186135841873,3.082854961602246,3.2307004406851565,3.549227952173289,000100.SZ
2018-06-22,2.8,0.3308076225045371,4,0.010830324909747224,-0.04152249134948105,-0.0034482758620688614,-0.0491803278688524,-9.090909090909093,-11.949685534591204,-9.967845659163988,-13.580246913580263,2.9613341111433504,3.0559163938306035,3.2138102273249545,3.5417729476740525,000100.SZ
2018-06-25,2.77,-0.42095393951791615,0,-0.010714285714285676,0.010830324909747224,-0.04152249134948105,-0.0034482758620688614,-9.180327868852455,-11.501597444089452,-10.64516129032258,-13.975155279503115,2.926546090935468,3.028686261084832,3.19640590468476,3.5340936148613755,000100.SZ
2018-06-26,2.84,0.1868228921337729,1,0.025270758122743597,-0.010714285714285676,0.010830324909747224,-0.04152249134948105,-2.0689655172413834,-8.974358974358987,-9.26517571884984,-11.250000000000004,2.9108104380381103,3.0107161409815144,3.1824292025402596,3.527187210733402,000100.SZ
2018-06-27,2.82,-0.2263729721684774,2,-0.007042253521126751,0.025270758122743597,-0.010714285714285676,0.010830324909747224,-2.422145328719738,-10.191082802547779,-11.875000000000014,-12.422360248447218,2.8942994493039085,2.992552698983275,3.16821629263672,3.520150522069388,000100.SZ
2018-06-28,2.82,-0.21149159933307682,3,0.0,-0.007042253521126751,0.025270758122743597,-0.010714285714285676,1.8050541516245522,-9.904153354632594,-11.32075471698114,-10.191082802547779,2.8807904585213793,2.976119108603916,3.1545607517490053,3.513183850208001,000100.SZ
2018-06-29,2.9,0.259515289525049,4,0.028368794326241176,0.0,-0.007042253521126751,0.025270758122743597,3.571428571428581,-5.844155844155852,-8.80503144654089,-6.7524115755627,2.884283102426583,2.968869669689257,3.1445779771706133,3.5070825183651353,000100.SZ
2018-07-02,2.82,-0.028475495576935517,0,-0.02758620689655178,0.028368794326241176,0.0,-0.007042253521126751,1.8050541516245522,-7.540983606557372,-9.904153354632594,-9.03225806451614,2.8725952656217495,2.954691605909328,3.1318494290462753,3.500245876391353,000100.SZ
2018-07-03,2.83,-0.10893260667286997,1,0.0035460992907803135,-0.02758620689655178,0.028368794326241176,0.0,-0.35211267605632646,-2.4137931034482696,-9.294871794871796,-9.584664536741204,2.8648506718723405,2.9428162148703443,3.1200121965346566,3.4935767631934294,000100.SZ
2018-07-04,2.78,-0.26515999104945176,2,-0.017667844522968323,0.0035460992907803135,-0.02758620689655178,0.028368794326241176,-1.4184397163120588,-3.806228373702436,-11.46496815286625,-13.125000000000009,2.8494232769864603,2.927309908692216,3.1066783849058464,3.486476496892997,000100.SZ
2018-07-05,2.69,0.7592367032074705,3,-0.03237410071942437,-0.017667844522968323,0.0035460992907803135,-0.02758620689655178,-4.6099290780141855,-2.8880866425992857,-14.057507987220442,-15.408805031446548,2.8204372266252857,2.904708965007243,3.090338056086009,3.47855135762043,000100.SZ
2018-07-06,2.74,-0.14187629817678282,4,0.01858736059479571,-0.03237410071942437,-0.017667844522968323,0.0035460992907803135,-5.517241379310334,-2.142857142857124,-11.038961038961038,-13.83647798742138,2.805812276329779,2.8890223969113147,3.0765993087885186,3.4712025878928636,000100.SZ
2018-07-09,2.78,-0.18819337053721508,0,0.014598540145985162,0.01858736059479571,-0.03237410071942437,-0.017667844522968323,-1.4184397163120588,0.3610108303248927,-8.852459016393443,-11.182108626198083,2.8011191351789098,2.87863931149119,3.0649679633458318,3.4643249502023874,000100.SZ
2018-07-10,2.78,-0.24407818452873942,1,0.0,0.014598540145985162,0.01858736059479571,-0.03237410071942437,-1.7667844522968323,-2.1126760563380254,-4.137931034482767,-10.897435897435903,2.7972792924191077,2.869245091349172,3.0537927490969756,3.4575157467177866,000100.SZ
2018-07-11,2.7,0.1461597458091377,2,-0.028776978417266008,0.0,0.014598540145985162,0.01858736059479571,-2.877697841726601,-4.255319148936154,-6.57439446366782,-14.012738853503182,2.779592148342906,2.8531265112206796,3.0399185236421924,3.449978276601192,000100.SZ
2018-07-12,2.85,2.0396711595449766,3,0.05555555555555558,-0.028776978417266008,0.0,0.014598540145985162,5.947955390334569,1.0638297872340496,2.8880866425992746,-8.94568690095846,2.7923935759169227,2.8528287482472816,3.0324707384013223,3.4440083435006823,000100.SZ
2018-07-13,2.87,-0.33546134977042585,4,0.007017543859649145,0.05555555555555558,-0.028776978417266008,0.0,4.744525547445244,-1.0344827586206806,2.5000000000000133,-6.818181818181812,2.8065038348411186,2.8544641055570645,3.0260993368953883,3.4382968176947055,000100.SZ
2018-07-16,2.87,-0.39198334200937013,0,0.0,0.007017543859649145,0.05555555555555558,-0.028776978417266008,3.237410071942448,1.7730496453900901,3.6101083032491044,-5.901639344262288,2.8180485921427336,2.8559437145516298,3.01997779427204,3.432642122991276,000100.SZ
2018-07-17,2.83,0.15372042341220427,1,-0.013937282229965153,0.0,0.007017543859649145,0.05555555555555558,1.7985611510791477,0.0,-0.35211267605632646,-2.4137931034482696,2.8202215753895095,2.853472884594332,3.0125276846927442,3.426645683956537,000100.SZ
2018-07-18,2.82,-0.21621803953315788,2,-0.0035335689045937757,-0.013937282229965153,0.0,0.007017543859649145,4.444444444444429,1.4388489208633004,0.0,-2.422145328719738,2.820181288955053,2.8502849908234436,3.0049775794106757,3.420609408494283,000100.SZ
2018-07-19,2.78,-0.11688758822516798,3,-0.014184397163120588,-0.0035335689045937757,-0.013937282229965153,0.0,-2.4561403508772006,3.3457249070631967,-1.4184397163120588,0.3610108303248927,2.812875600054134,2.8435911821735917,2.996154929237708,3.414235185524191,000100.SZ
2018-07-20,2.9,2.0860623781676413,4,0.043165467625899234,-0.014184397163120588,-0.0035335689045937757,-0.013937282229965153,1.0452961672473782,5.8394160583941535,0.0,3.571428571428581,2.8287164000442915,2.8489634505380117,2.9923841476989743,3.4091184175090246,000100.SZ
2018-07-23,2.99,0.24312288791333736,0,0.031034482758620863,0.043165467625899234,-0.014184397163120588,-0.0035335689045937757,4.181184668989557,7.553956834532394,6.028368794326244,7.942238267148016,2.8580406909453293,2.8623955028677246,2.9922906517107792,3.404948084996497,000100.SZ
2018-07-24,3.09,0.1774345163994817,1,0.03344481605351168,0.031034482758620863,0.043165467625899234,-0.014184397163120588,9.18727915194346,11.151079136690644,9.18727915194346,8.80281690140845,2.900215110773451,2.8840721216422267,2.996122390859376,3.4018142732054875,000100.SZ
2018-07-25,3.06,-0.49034415794584096,2,-0.009708737864077555,0.03344481605351168,0.031034482758620863,0.043165467625899234,8.510638297872353,13.33333333333333,10.07194244604317,8.510638297872353,2.9292669088146415,2.9008271576763005,2.9986273951394007,3.3984131361586667,000100.SZ
2018-07-26,3.05,0.026164267569856126,3,-0.0032679738562092497,-0.009708737864077555,0.03344481605351168,0.031034482758620863,9.712230215827343,7.017543859649122,13.382899628252787,8.15602836879432,2.951218379939252,2.915034095040462,3.0006420070947186,3.394946338783954,000100.SZ
2018-07-27,3.0,-0.38237478339797015,4,-0.016393442622950727,-0.0032679738562092497,-0.009708737864077555,0.03344481605351168,3.4482758620689724,4.529616724738683,9.48905109489051,3.4482758620689724,2.9600877654048423,2.9231260859889896,3.000616830345906,3.391016524467696,000100.SZ
2018-07-30,3.01,0.17748830995324005,0,0.0033333333333331883,-0.016393442622950727,-0.0032679738562092497,-0.009708737864077555,0.6688963210702115,4.878048780487787,8.273381294964022,6.737588652482263,2.969162717149416,2.9313997920852763,3.000984797783322,3.3872253152690126,000100.SZ
2018-07-31,3.0,-0.03443580870255869,1,-0.0033222591362125353,0.0033333333333331883,-0.016393442622950727,-0.0032679738562092497,-2.9126213592232997,6.0070671378091856,7.913669064748219,6.0070671378091856,2.974769495849522,2.9379331452200117,3.0009461782624074,3.383372327057381,000100.SZ
2018-08-01,2.9,0.5861339600470035,2,-0.033333333333333326,-0.0033222591362125353,0.0033333333333331883,-0.016393442622950727,-5.228758169934644,2.8368794326241176,7.407407407407396,4.316546762589923,2.9611750420587,2.934320464722868,2.996987504605058,3.3785626521612873,000100.SZ
2018-08-02,2.81,-0.2572232923396057,3,-0.03103448275862064,-0.033333333333333326,-0.0033222591362125353,0.0033333333333331883,-7.868852459016384,1.0791366906474975,-1.403508771929829,4.460966542750944,2.9336886707753003,2.9224804204635473,2.989654661287213,3.3729053123387867,000100.SZ
2018-08-03,2.77,-0.3943247556353481,4,-0.014234875444839923,-0.03103448275862064,-0.033333333333333326,-0.0033222591362125353,-7.666666666666666,-4.482758620689653,-3.484320557491294,1.0948905109488871,2.9039270942707,2.9079584756574954,2.9810407530014396,3.36690625450457,000100.SZ
2018-08-06,2.75,0.2363112391930835,0,-0.0072202166064981865,-0.014234875444839923,-0.03103448275862064,-0.033333333333333326,-8.637873754152814,-8.026755852842815,-4.181184668989546,-1.0791366906474753,2.8759403498578453,2.8929148113091627,2.9719803313151085,3.3607678838129824,000100.SZ
2018-08-07,2.84,0.5246753246753246,1,0.032727272727272716,-0.0072202166064981865,-0.014234875444839923,-0.03103448275862064,-5.333333333333334,-8.090614886731395,0.35335689045936647,2.158273381294973,2.869405740792782,2.8878753054701947,2.9668046320478494,3.3555861138247938,000100.SZ
2018-08-08,2.79,-0.30703708557200904,2,-0.017605633802816878,0.032727272727272716,-0.0072202166064981865,-0.014234875444839923,-3.7931034482758585,-8.823529411764708,-1.0638297872340385,3.3333333333333215,2.8549683333759126,2.8785538478063666,2.959871117065581,3.349958391299174,000100.SZ
2018-08-09,2.86,0.7279374684820981,3,0.02508960573476693,-0.017605633802816878,0.032727272727272716,-0.0072202166064981865,1.7793594306049654,-6.229508196721312,2.877697841726623,0.35087719298245723,2.8558831818530193,2.876786814681951,2.9559546026708525,3.3450831834255506,000100.SZ
2018-08-10,2.84,-0.3686706551875091,4,-0.006993006993006978,0.02508960573476693,-0.017605633802816878,0.032727272727272716,2.5270758122743597,-5.333333333333334,-2.0689655172413834,-1.0452961672474004,2.8529953306070155,2.873283308521765,2.951407363350427,3.3400574801078835,000100.SZ
2018-08-13,2.83,-0.05350745406217494,0,-0.0035211267605632646,-0.006993006993006978,0.02508960573476693,-0.017605633802816878,2.9090909090909056,-5.980066445182719,-5.35117056856188,-1.3937282229965153,2.84881436140574,2.8691610886625494,2.946646290277861,3.33498228130084,000100.SZ
2018-08-14,2.88,0.5821123321123318,1,0.0176678445229681,-0.0035211267605632646,-0.006993006993006978,0.02508960573476693,1.4084507042253502,-4.0000000000000036,-6.796116504854366,1.7667844522968101,2.854484477513787,2.870193365932783,2.944032710266965,3.330455094422225,000100.SZ
2018-08-15,2.82,-0.3319313139108624,2,-0.02083333333333337,0.0176678445229681,-0.0035211267605632646,-0.006993006993006978,1.0752688172043001,-2.758620689655178,-7.843137254901967,0.0,2.84821457251128,2.8654130453677564,2.9391686824133583,3.3253759392538447,000100.SZ
2018-08-16,2.8,-0.16219026165309292,3,-0.007092198581560294,-0.02083333333333337,0.0176678445229681,-0.0035211267605632646,-2.0979020979021046,-0.3558718861210064,-8.196721311475407,0.7194244604316502,2.8394482866001383,2.859183231523208,2.9337110870245993,3.320148317967737,000100.SZ
2018-08-17,2.78,-0.18235091347811105,4,-0.0071428571428571175,-0.007092198581560294,-0.02083333333333337,0.0176678445229681,-2.1126760563380254,0.3610108303248927,-7.333333333333336,-4.137931034482767,2.828639507218295,2.8516419713781405,2.9276832012589287,3.314773707838705,000100.SZ
2018-08-20,2.81,-0.08077571669477235,0,0.010791366906474975,-0.0071428571428571175,-0.007092198581560294,-0.02083333333333337,-0.7067137809187329,2.1818181818181737,-6.644518272425238,-6.020066889632114,2.8252505059058777,2.847676069342127,2.923068173758579,3.309751083880111,000100.SZ
2018-08-21,2.83,0.2943496606127318,1,0.007117437722419906,0.010791366906474975,-0.0071428571428571175,-0.007092198581560294,-1.736111111111105,-0.35211267605632646,-5.666666666666664,-8.414239482200635,2.8261140502866273,2.845992634166686,2.919418441454321,3.304977441254439,000100.SZ
2018-08-22,2.79,-0.2270569059598896,2,-0.014134275618374548,0.007117437722419906,0.010791366906474975,-0.0071428571428571175,-1.0638297872340385,0.0,-3.7931034482758585,-8.823529411764708,2.8195478593254224,2.8406600023412873,2.9143432084561125,3.2998532876101163,000100.SZ
2018-08-23,2.8,0.2789034564958286,3,0.0035842293906809264,-0.014134275618374548,0.007117437722419906,0.010791366906474975,0.0,-2.0979020979021046,-0.3558718861210064,-8.196721311475407,2.8159937030844366,2.8367876211659264,2.9098591610656768,3.294879623056782,000100.SZ
2018-08-24,2.8,-0.24102086171051695,4,0.0,0.0035842293906809264,-0.014134275618374548,0.007117437722419906,0.7194244604316502,-1.4084507042253502,1.0830324909747224,-6.666666666666677,2.813085757069084,2.833284038197743,2.9055509586709443,3.2899554477029835,000100.SZ
2018-08-27,2.88,2.1838103334277887,0,0.028571428571428692,0.0,0.0035842293906809264,-0.014134275618374548,2.491103202846978,1.7667844522968101,4.727272727272713,-4.318936877076407,2.825251983056523,2.8377331774170056,2.9045489602916916,3.285876289019372,000100.SZ
2018-08-28,2.94,-0.19218559943038527,1,0.02083333333333326,0.028571428571428692,0.0,0.0035842293906809264,3.886925795053009,2.083333333333326,3.5211267605633756,-2.0000000000000018,2.846115258864428,2.847472874805862,2.905939197142998,3.2824347339047515,000100.SZ
2018-08-29,2.89,-0.3076499320577326,2,-0.017006802721088343,0.02083333333333326,0.028571428571428692,0.0,3.584229390681015,2.4822695035461084,3.584229390681015,-0.34482758620688614,2.8540943027072587,2.8515230772053037,2.9053141305883705,3.2785299106818186,000100.SZ
2018-08-30,2.85,-0.24145979206450252,3,-0.01384083044982698,-0.017006802721088343,0.02083333333333326,0.028571428571428692,1.7857142857143016,1.7857142857143016,-0.34965034965034336,1.4234875444839812,2.853349884033211,2.85137802223337,2.90314494899667,3.2742659314710543,000100.SZ
2018-08-31,2.85,0.6219580419580419,4,0.0,-0.01384083044982698,-0.017006802721088343,0.02083333333333326,1.7857142857143016,2.517985611510798,0.35211267605634866,2.8880866425992746,2.8527408142089907,2.851246782020668,2.901060833349742,3.270044379914128,000100.SZ
2018-09-03,2.8,-0.11865137535569548,0,-0.01754385964912286,0.0,-0.01384083044982698,-0.017006802721088343,-2.777777777777779,-0.3558718861210064,-1.0600706713780994,1.8181818181818077,2.843151575261901,2.8463661361139376,2.897097663414458,3.26536732140752,000100.SZ
2018-09-04,2.82,-0.383377360336562,1,0.0071428571428571175,-0.01754385964912286,0.0,-0.01384083044982698,-4.081632653061229,-0.35335689045937757,-2.083333333333337,-0.7042253521126751,2.838942197941555,2.843855075531658,2.894074225633499,3.2609358057716245,000100.SZ
2018-09-05,2.77,0.07687425624752087,2,-0.01773049645390068,0.0071428571428571175,-0.01754385964912286,0.0,-4.152249134948105,-0.7168458781361964,-1.773049645390068,-0.7168458781361964,2.826407252861272,2.836821258814357,2.8892085697263026,3.256050872380862,000100.SZ
2018-09-06,2.77,-0.30558420509798145,3,0.0,-0.01773049645390068,0.0071428571428571175,-0.01754385964912286,-2.8070175438596467,-1.0714285714285676,-1.0714285714285676,-3.1468531468531458,2.816151388704677,2.8304573294034663,2.8845337238546827,3.251214545292495,000100.SZ
2018-09-07,2.77,-0.04572459155527264,4,0.0,0.0,-0.01773049645390068,0.0071428571428571175,-2.8070175438596467,-1.0714285714285676,-0.3597122302158251,-2.464788732394363,2.8077602271220083,2.8246994885078984,2.880042205272146,3.246426340861724,000100.SZ
2018-09-10,2.73,0.3792106725958866,0,-0.014440433212996373,0.0,0.0,-0.01773049645390068,-2.499999999999991,-5.208333333333326,-2.8469750889679735,-3.5335689045936425,2.793622004008916,2.815680489602384,2.8741581972222576,3.241287770305886,000100.SZ
2018-09-11,2.71,0.10188618410446537,1,-0.0073260073260073,-0.014440433212996373,0.0,0.0,-3.900709219858156,-7.823129251700678,-4.240282685512375,-5.902777777777779,2.778418003280022,2.8056156810688235,2.8677206208606005,3.2360013248302057,000100.SZ
2018-09-12,2.71,-0.3414776883686905,2,0.0,-0.0073260073260073,-0.014440433212996373,0.0,-2.166064981949456,-6.228373702422152,-2.8673835125448077,-3.900709219858156,2.7659783663200175,2.7965094257289356,2.8615354984739105,3.2307674808020446,000100.SZ
2018-09-13,2.73,-0.10808709175738718,3,0.007380073800737907,0.0,-0.0073260073260073,-0.014440433212996373,-1.4440433212996373,-4.210526315789476,-2.499999999999991,-2.499999999999991,2.7594368451709235,2.790175194707132,2.8563772436317962,3.225784719799039,000100.SZ
2018-09-14,2.73,-0.06389338647403175,4,0.0,0.007380073800737907,0.0,-0.0073260073260073,-1.4440433212996373,-4.210526315789476,-2.499999999999991,-1.7985611510791255,2.7540846915034827,2.784444223782643,2.8514212732932944,3.2208515385075063,000100.SZ
2018-09-17,2.68,0.6102980308674828,0,-0.01831501831501825,0.0,0.007380073800737907,0.0,-1.831501831501825,-4.2857142857142705,-6.94444444444443,-4.62633451957295,2.7406147475937583,2.7744971548509625,2.8446988704190477,3.215469931159173,000100.SZ
2018-09-18,2.73,-0.022473766834669062,1,0.018656716417910335,-0.01831501831501825,0.0,0.007380073800737907,0.7380073800737907,-3.1914893617021267,-7.14285714285714,-3.5335689045936425,2.7386847934858025,2.7702593305794423,2.8402008755006536,3.2106393845804746,000100.SZ
2018-09-19,2.75,0.03575352886484673,2,0.0073260073260073,0.018656716417910335,-0.01831501831501825,0.0,1.4760147601476037,-0.7220216606498187,-4.844290657439454,-1.4336917562724039,2.740742103761111,2.768329870524257,2.8366635862653338,3.2060559081169875,000100.SZ
2018-09-20,2.75,-0.12746858168761221,3,0.0,0.0073260073260073,0.018656716417910335,-0.01831501831501825,0.73260073260073,-0.7220216606498187,-3.508771929824561,-1.7857142857142794,2.742425357622727,2.766584168569566,2.8332650142549287,3.20151803838448,000100.SZ
2018-09-21,2.83,1.425551814440703,4,0.029090909090909056,0.0,0.0073260073260073,0.018656716417910335,3.663003663003672,2.166064981949467,-0.7017543859649145,1.0714285714285898,2.7583480198731403,2.77262377156294,2.8331369744802255,3.1978213414851324,000100.SZ
2018-09-25,2.82,-0.4135497802113055,1,-0.0035335689045937757,0.029090909090909056,0.0,0.0073260073260073,5.223880597014907,3.296703296703285,0.7142857142857117,-2.083333333333337,2.7695574708052964,2.7771357933188505,2.8326217990104126,3.194061925151947,000100.SZ
2018-09-26,2.82,-0.021171674666315976,2,0.0,-0.0035335689045937757,0.029090909090909056,0.0,3.296703296703285,4.0590405904058935,0.0,-4.081632653061229,2.7787288397497876,2.7812180987170554,2.8321268265002,3.190339915946455,000100.SZ
2018-09-27,2.77,-0.2162289245650567,3,-0.01773049645390068,0.0,-0.0035335689045937757,0.029090909090909056,0.727272727272732,2.2140221402213944,0.0,-4.152249134948105,2.777141777977099,2.78014970836305,2.8296904803629372,3.1861574292206196,000100.SZ
2018-09-28,2.81,0.03856702091189579,4,0.014440433212996373,-0.01773049645390068,0.0,-0.0035335689045937757,2.1818181818181737,2.930402930402942,1.4440433212996373,-1.403508771929829,2.783116000163081,2.782992593280855,2.82891830466243,3.1824145692283747,000100.SZ
2018-10-08,2.74,0.29501567915497606,0,-0.02491103202846967,0.014440433212996373,-0.01773049645390068,0.0,-3.180212014134276,0.366300366300365,-1.0830324909747224,-3.8596491228070184,2.775276727406157,2.77889806058744,2.8254313123227273,3.178012434211177,000100.SZ
2018-10-09,2.72,-0.2552093290001912,1,-0.007299270072992692,-0.02491103202846967,0.014440433212996373,-0.01773049645390068,-3.5460992907801248,1.4925373134328401,-0.3663003663003539,-2.857142857142847,2.7652264133323103,2.7732887214838744,2.8212967510551694,3.1734550965573347,000100.SZ
2018-10-10,2.72,-0.3527549623545516,2,0.0,-0.007299270072992692,-0.02491103202846967,0.014440433212996373,-3.5460992907801248,-0.3663003663003539,0.3690036900369176,-3.5460992907801248,2.757003429090072,2.768213605152077,2.817324329445163,3.1689431055468145,000100.SZ
2018-10-11,2.51,2.3627230667547914,3,-0.07720588235294135,0.0,-0.007299270072992692,-0.02491103202846967,-9.386281588447664,-8.727272727272739,-7.380073800738018,-9.386281588447664,2.712093714710059,2.7436218332328317,2.8052723949571177,3.1623864577304284,000100.SZ
2018-10-12,2.48,-0.2110145839066,4,-0.01195219123505964,-0.07720588235294135,0.0,-0.007299270072992692,-11.74377224199289,-9.818181818181815,-9.157509157509159,-10.469314079422388,2.669894857490048,2.7185149919725617,2.7925166147627207,3.1555965427281354,000100.SZ
2018-10-15,2.43,-0.4240446415225948,0,-0.020161290322580627,-0.01195219123505964,-0.07720588235294135,0.0,-11.31386861313869,-14.13427561837456,-10.989010989010984,-12.274368231046928,2.6262776106736756,2.6910373736894604,2.7783002769288885,3.1483766766313384,000100.SZ
2018-10-16,2.39,0.0012110726643599357,1,-0.016460905349794275,-0.020161290322580627,-0.01195219123505964,-0.07720588235294135,-12.132352941176471,-15.248226950354605,-10.820895522388064,-12.454212454212454,2.5833180450966435,2.6623671476237973,2.76307281508854,3.1408306400479424,000100.SZ
2018-10-17,2.42,0.03265940902021769,2,0.012552301255229992,-0.016460905349794275,-0.020161290322580627,-0.01195219123505964,-11.029411764705888,-14.184397163120565,-11.35531135531136,-10.70110701107011,2.553623855079072,2.6392845621358165,2.749618979202715,3.133658195868361,000100.SZ
2018-10-18,2.32,0.18808567603748338,3,-0.04132231404958686,0.012552301255229992,-0.016460905349794275,-0.020161290322580627,-7.569721115537842,-16.24548736462095,-15.636363636363637,-14.39114391143912,2.5111467905192404,2.608876508599072,2.7327711760967257,3.1255620944169347,000100.SZ
2018-10-19,2.39,0.16563380281690154,4,0.030172413793103647,-0.04132231404958686,0.012552301255229992,-0.016460905349794275,-3.629032258064513,-14.946619217081846,-13.090909090909086,-12.454212454212454,2.4891201013339237,2.588031126827732,2.719329169190972,3.118243068601841,000100.SZ
2018-10-22,2.51,0.34624214596423397,0,0.05020920502092041,0.030172413793103647,-0.04132231404958686,0.012552301255229992,3.2921810699588328,-8.394160583941623,-11.30742049469966,-8.058608058608064,2.4929164465459377,2.5805995909393764,2.7111201821638753,3.1121908987650073,000100.SZ
2018-10-23,2.46,-0.3415608311268681,1,-0.019920318725099584,0.05020920502092041,0.030172413793103647,-0.04132231404958686,2.9288702928870203,-9.558823529411775,-12.765957446808507,-8.208955223880599,2.48693163808304,2.569113915611817,2.7012723318829392,3.1057014370857536,000100.SZ
2018-10-24,2.46,-0.2900081788440567,2,0.0,-0.019920318725099584,0.05020920502092041,0.030172413793103647,1.6528925619834656,-9.558823529411775,-12.765957446808507,-9.890109890109889,2.482034976613396,2.5587221141249774,2.691810671809099,3.0992765471645023,000100.SZ
2018-10-25,2.44,0.2220408946913699,3,-0.008130081300813052,0.0,-0.019920318725099584,0.05020920502092041,5.1724137931034475,-2.7888446215139417,-11.913357400722024,-11.272727272727279,2.4743922535927787,2.547415246113075,2.68193574350286,3.092716581521074,000100.SZ
2018-10-26,2.44,0.095679497250589,4,0.0,-0.008130081300813052,0.0,-0.019920318725099584,2.092050209205021,-1.6129032258064502,-13.16725978647687,-11.272727272727279,2.4681391165759097,2.537185222673734,2.6724480672870614,3.0862218891676307,000100.SZ
2018-10-29,2.41,-0.3288643533123028,0,-0.012295081967213073,0.0,-0.008130081300813052,0.0,-3.9840637450199057,-0.8230452674897082,-12.043795620437958,-14.840989399293282,2.4575683681075624,2.525072344323855,2.662155986216981,3.0794933131560125,000100.SZ
2018-10-30,2.45,0.24847772673859625,1,0.016597510373443924,-0.012295081967213073,0.0,-0.008130081300813052,-0.40650406504064707,2.5104602510460206,-9.926470588235292,-13.120567375886516,2.4561923011789144,2.5179225972453927,2.6538361436202367,3.073229698099734,000100.SZ
2018-10-31,2.47,0.139899033113716,2,0.008163265306122547,0.016597510373443924,-0.012295081967213073,0.0,0.40650406504065817,2.066115702479343,-9.191176470588236,-12.411347517730487,2.458702791873657,2.5133585403648793,2.6466268830861095,3.067227412546503,000100.SZ
2018-11-01,2.47,0.3390632037231647,3,0.0,0.008163265306122547,0.016597510373443924,-0.012295081967213073,1.2295081967213184,6.465517241379337,-1.5936254980079556,-10.83032490974729,2.46075682971481,2.5092291555682245,2.6397003386513602,3.0612848512276325,000100.SZ
2018-11-02,2.53,0.12349346936487482,4,0.024291497975708287,0.0,0.008163265306122547,0.016597510373443924,3.688524590163933,5.8577405857740406,2.0161290322580516,-9.964412811387913,2.47334649703939,2.5112073312283933,2.635398364586601,3.0559984347975067,000100.SZ
2018-11-05,2.52,-0.3301067757708811,0,-0.0039525691699603405,0.024291497975708287,0.0,0.008163265306122547,4.564315352697079,0.3984063745019917,3.703703703703698,-8.029197080291972,2.481828952123137,2.512044728254261,2.630872938524381,3.050665117038328,000100.SZ
2018-11-06,2.52,-0.37040071503053773,1,0.0,-0.0039525691699603405,0.024291497975708287,0.0,2.857142857142847,2.4390243902439046,5.439330543933041,-7.352941176470596,2.4887691426462024,2.512802373182426,2.626524980150876,3.0453848671175487,000100.SZ
2018-11-07,2.51,0.5945818052762333,2,-0.003968253968254065,0.0,-0.0039525691699603405,0.024291497975708287,1.6194331983805599,2.0325203252032464,3.7190082644628086,-7.720588235294135,2.492629298528711,2.5125354804983857,2.621955373086136,3.0400576545094142,000100.SZ
2018-11-08,2.5,-0.3407522813265078,3,-0.003984063745019806,-0.003968253968254065,0.0,-0.0039525691699603405,1.2145748987854255,2.4590163934426146,7.758620689655182,-0.3984063745019806,2.4939694260689453,2.5113416252128253,2.6171728094356994,3.0346839465043454,000100.SZ
2018-11-09,2.47,-0.2507314877335134,4,-0.0119999999999999,-0.003984063745019806,-0.003968253968254065,0.0,-2.371541501976271,1.2295081967213184,3.347280334728042,-0.40322580645160144,2.4896113486018643,2.507404327573509,2.6114013267127305,3.029065200767984,000100.SZ
2018-11-12,2.52,0.8870531691198558,0,0.020242914979756943,-0.0119999999999999,-0.003984063745019806,-0.003968253968254065,0.0,4.564315352697079,0.3984063745019917,3.703703703703698,2.4951365579469797,2.5086039154236506,2.60781696095929,3.0239998753872084,000100.SZ
2018-11-13,2.6,1.3443170964660935,1,0.031746031746031855,0.020242914979756943,-0.0119999999999999,-0.003984063745019806,3.1746031746031855,6.1224489795918435,5.691056910569103,8.786610878661083,2.514202638320256,2.517308304430922,2.6075104134706906,3.0197809711545003,000100.SZ
2018-11-14,2.57,-0.39841787193590006,2,-0.011538461538461608,0.031746031746031855,0.020242914979756943,-0.0119999999999999,2.39043824701195,4.048582995951411,4.471544715447151,6.198347107438007,2.5243476131711184,2.522326561151787,2.6060394168639966,3.0153055386056993,000100.SZ
2018-11-15,2.6,-0.20565494666741913,3,0.011673151750972943,-0.011538461538461608,0.031746031746031855,0.020242914979756943,4.0000000000000036,5.263157894736836,6.557377049180335,12.068965517241391,2.538102592594551,2.5297240315182834,2.6058025769869775,3.0111731451867376,000100.SZ
2018-11-16,2.61,0.5003907637655418,4,0.0038461538461538325,0.011673151750972943,-0.011538461538461608,0.031746031746031855,5.668016194331971,3.1620553359683834,6.9672131147541005,9.205020920502083,2.551174848486451,2.5373693618498754,2.605967181811018,3.007181372597815,000100.SZ
2018-11-19,2.6,-0.22213277772516338,0,-0.003831417624520994,0.0038461538461538325,0.011673151750972943,-0.011538461538461608,3.1746031746031855,3.1746031746031855,7.883817427385886,3.5856573705179473,2.5600521487616414,2.5433341845308397,2.6057331746811743,3.0031298166515685,000100.SZ
2018-11-20,2.56,0.051500578316186596,1,-0.015384615384615441,-0.003831417624520994,0.0038461538461538325,0.011673151750972943,-1.538461538461544,1.5873015873015817,4.489795918367334,4.065040650406515,2.5600426671686156,2.544921405051712,2.6039397168505403,2.998720564744588,000100.SZ
2018-11-21,2.55,-0.31650552886007055,2,-0.003906250000000111,-0.015384615384615441,-0.003831417624520994,0.0038461538461538325,-0.7782101167315147,1.5936254980079667,3.2388663967611198,3.658536585365857,2.558216727683413,2.545405080761073,2.6018244338367937,2.9942556835033485,000100.SZ
2018-11-22,2.57,0.1009656107064203,3,0.007843137254901933,-0.003906250000000111,-0.015384615384615441,-0.003831417624520994,-1.1538461538461608,2.8000000000000025,4.048582995951411,5.327868852459017,2.560359140831883,2.5477474540219234,2.600576416823586,2.9900342339162505,000100.SZ
2018-11-23,2.45,0.5817818125865519,4,-0.046692607003890885,0.007843137254901933,-0.003906250000000111,-0.015384615384615441,-6.130268199233702,-0.8097165991902799,-3.162055335968361,0.4098360655737876,2.540293842498813,2.538438172686502,2.5946714593010927,2.9846607589519096,000100.SZ
2018-11-26,2.45,-0.5536964980544747,0,0.0,-0.046692607003890885,0.007843137254901933,-0.003906250000000111,-5.769230769230771,-2.777777777777768,-2.777777777777768,1.6597510373443924,2.5238767802263014,2.530015489573502,2.5889980687402656,2.9793407514001493,000100.SZ
2018-11-27,2.45,-0.007737576285963499,1,0.0,0.0,-0.046692607003890885,0.007843137254901933,-4.296875,-5.769230769230771,-2.777777777777768,0.0,2.5104446383669736,2.522394966756978,2.5835471640837846,2.974073679246914,000100.SZ
2018-11-28,2.52,1.2097748489840745,2,0.02857142857142847,0.0,0.0,-0.046692607003890885,-1.17647058823529,-1.9455252918287869,0.3984063745019917,2.0242914979756943,2.512181976845705,2.522166874684885,2.58105511843344,2.969555533184756,000100.SZ
2018-11-29,2.45,-0.2506958250497018,3,-0.02777777777777768,0.02857142857142847,0.0,0.0,-4.6692607003890885,-5.769230769230771,-1.9999999999999907,-0.8097165991902799,2.5008761628737584,2.51529383900061,2.5759157020242855,2.9643858263868976,000100.SZ
2018-11-30,2.47,-0.3542716901034757,4,0.008163265306122547,-0.02777777777777768,0.02857142857142847,0.0,0.8163265306122547,-5.363984674329492,0.0,-2.371541501976271,2.4952623150785294,2.5109801400481713,2.5717621450821566,2.9594665644327995,000100.SZ
2018-12-03,2.54,0.9077555213148434,0,0.028340080971659853,0.008163265306122547,-0.02777777777777768,0.02857142857142847,3.6734693877551017,-2.3076923076923106,0.7936507936507908,0.7936507936507908,2.503396439609706,2.51374393623406,2.5705165707652093,2.955292767771777,000100.SZ
2018-12-04,2.54,-0.3994184794314021,1,0.0,0.028340080971659853,0.008163265306122547,-0.02777777777777768,3.6734693877551017,-0.78125,-2.3076923076923106,0.7936507936507908,2.510051632407941,2.516244513735578,2.5693198424999073,2.951160501425789,000100.SZ
2018-12-05,2.53,-0.12829478214093604,2,-0.003937007874015852,0.0,0.028340080971659853,0.008163265306122547,0.3968253968253954,-0.7843137254901933,-1.5564202334630406,0.7968127490039834,2.5136786083337697,2.517554560046475,2.567777887892068,2.9469698496703085,000100.SZ
2018-12-06,2.49,0.22102231821454277,3,-0.015810276679841695,-0.003937007874015852,0.0,0.028340080971659853,1.6326530612244872,-3.112840466926059,-4.230769230769226,-0.39999999999998925,2.5093734068185385,2.514930316232525,2.5647277746413986,2.942422885991997,000100.SZ
2018-12-07,2.56,0.44794474393531014,4,0.028112449799196693,-0.015810276679841695,-0.003937007874015852,0.0,3.6437246963562764,4.489795918367334,-1.9157088122605304,3.6437246963562764,2.5185782419424405,2.519222667067523,2.564542371714285,2.938617683146306,000100.SZ
2018-12-10,2.41,1.0534031413612568,0,-0.05859375,0.028112449799196693,-0.015810276679841695,-0.003937007874015852,-5.118110236220463,-1.6326530612244872,-7.307692307692304,-4.36507936507936,2.498836743407451,2.5088205082991877,2.558481886549019,2.933357805702064,000100.SZ
2018-12-11,2.42,-0.7131565527791943,1,0.004149377593360981,-0.05859375,0.028112449799196693,-0.015810276679841695,-4.7244094488189,-1.224489795918382,-5.46875,-6.923076923076932,2.4845027900606413,2.5003614122706934,2.5530512243314103,2.928249767834382,000100.SZ
2018-12-12,2.43,0.10755555555555563,2,0.004132231404958775,0.004149377593360981,-0.05859375,0.028112449799196693,-3.9525691699604626,-3.57142857142857,-4.70588235294116,-5.447470817120614,2.4745931918677972,2.4936603253877703,2.5482256861223354,2.9232920587017017,000100.SZ
2018-12-13,2.44,0.2030497592295344,3,0.00411522633744843,0.004132231404958775,0.004149377593360981,-0.05859375,-2.00803212851407,-0.40816326530612734,-5.0583657587548565,-6.153846153846154,2.468303520619107,2.4885498182079826,2.5439815415685185,2.9184831824957147,000100.SZ
2018-12-14,2.45,0.09821362389741317,4,0.004098360655737876,0.00411522633744843,0.004132231404958775,0.004149377593360981,-4.296875,-0.8097165991902799,0.0,-6.130268199233702,2.464975607779269,2.4848784069500796,2.540295990918773,2.913821658291777,000100.SZ
2018-12-17,2.45,-0.2663336933045356,0,0.0,0.004098360655737876,0.00411522633744843,0.004132231404958775,1.6597510373443924,-3.543307086614167,0.0,-5.769230769230771,2.46225277000122,2.481556653907215,2.5367549716670563,2.909206517413252,000100.SZ
2018-12-18,2.43,-0.09641214351425942,1,-0.008163265306122436,0.0,0.004098360655737876,0.00411522633744843,0.4132231404958775,-4.330708661417315,-0.8163265306122436,-5.078125,2.456388630000998,2.476646496392242,2.5325685021899167,2.904438293359389,000100.SZ
2018-12-19,2.42,-0.37120749338220327,2,-0.004115226337448652,-0.008163265306122436,0.0,0.004098360655737876,-0.4115226337448652,-4.347826086956519,-3.9682539682539764,-5.098039215686267,2.449772515455362,2.471251591973933,2.5281540511236456,2.899618011833425,000100.SZ
2018-12-20,2.41,0.1832901554404145,3,-0.004132231404958553,-0.004115226337448652,-0.008163265306122436,0.0,-1.2295081967213073,-3.2128514056224966,-1.6326530612244872,-6.225680933852129,2.4425411490089326,2.465418107024035,2.5235205589227188,2.8947461908201575,000100.SZ
2018-12-21,2.4,0.014641488779419953,4,-0.004149377593361092,-0.004132231404958553,-0.004115226337448652,-0.008163265306122436,-2.0408163265306256,-6.25,-2.8340080971660075,-2.0408163265306256,2.434806394643672,2.4591878111169843,2.5186766154355533,2.8898233431503053,000100.SZ
2018-12-24,2.4,-0.06891436277815233,0,0.0,-0.004149377593361092,-0.004132231404958553,-0.004115226337448652,-2.0408163265306256,-0.4149377593361092,-5.511811023622048,-2.0408163265306256,2.428477959253913,2.453550876724891,2.514022630516512,2.884949479039357,000100.SZ
2018-12-25,2.41,0.8289397450753184,1,0.004166666666666874,0.0,-0.004149377593361092,-0.004132231404958553,-0.8230452674897082,-0.4132231404958553,-5.118110236220463,-1.6326530612244872,2.4251183302986563,2.4494031741796634,2.5099433116727274,2.8802236135762787,000100.SZ
2018-12-26,2.4,-0.3789498693276312,2,-0.004149377593361092,0.004166666666666874,0.0,-0.004149377593361092,-0.8264462809917328,-1.2345679012345734,-5.138339920948609,-4.761904761904767,2.420551361153446,2.4446981099720766,2.505631809254189,2.8754452691625842,000100.SZ
2018-12-27,2.42,0.3604947717419025,3,0.008333333333333304,-0.004149377593361092,0.004166666666666874,0.0,0.4149377593360981,-0.8196721311475419,-2.8112449799196915,-1.224489795918382,2.420451113671001,2.4423459090223547,2.502273699087358,2.8709134754395738,000100.SZ
2018-12-28,2.45,0.05492548505014527,4,0.012396694214876103,0.008333333333333304,-0.004149377593361092,0.004166666666666874,2.083333333333348,0.0,-4.296875,-0.8097165991902799,2.4258236384580916,2.4430748700678446,2.5002237501035403,2.8667252816541056,000100.SZ
2019-01-02,2.51,0.9796534873389606,2,0.024489795918367196,0.012396694214876103,0.008333333333333304,-0.004149377593361092,4.583333333333339,2.4489795918367196,4.149377593360981,-1.1811023622047334,2.441128431465711,2.449448691966145,2.5006071324524215,2.8631757763640153,000100.SZ
2019-01-03,2.53,-0.4364705354337777,3,0.007968127490039834,0.024489795918367196,0.012396694214876103,0.008333333333333304,4.979253112033177,4.115226337448541,4.545454545454541,-0.3937007874015852,2.4572868984719456,2.4571202451122263,2.5017597939248755,2.859860594509647,000100.SZ
2019-01-04,2.57,0.6180312201338005,4,0.015810276679841806,0.007968127490039834,0.024489795918367196,0.012396694214876103,7.08333333333333,6.198347107438007,5.7613168724279795,1.5810276679841806,2.4777801896588643,2.4678706979586806,2.5044358804376254,2.8569764094896506,000100.SZ
2019-01-07,2.66,1.041445166371333,0,0.035019455252918386,0.015810276679841806,0.007968127490039834,0.024489795918367196,9.917355371900838,10.373443983402497,9.016393442622949,6.827309236947787,2.5109110642663435,2.4861687267245207,2.510536434145954,2.8550164452161217,000100.SZ
2019-01-08,2.84,1.3568741862371607,1,0.06766917293233066,0.035019455252918386,0.015810276679841806,0.007968127490039834,15.918367346938766,18.333333333333336,15.918367346938766,10.9375,2.5707454162179175,2.519866943226947,2.5234565739833674,2.8548670278507875,000100.SZ
2019-01-09,2.82,-0.36003437375318426,2,-0.007042253521126751,0.06766917293233066,0.035019455252918386,0.015810276679841806,12.350597609561763,17.500000000000004,15.102040816326511,17.012448132780065,2.616064431451023,2.548451043872,2.535085727944804,2.854520092250282,000100.SZ
2019-01-10,2.69,-0.19098088113050704,3,-0.046099290780141855,-0.007042253521126751,0.06766917293233066,0.035019455252918386,6.324110671936767,11.618257261410768,10.699588477366252,11.157024793388427,2.6295072620962916,2.561931896836571,2.541160797437165,2.8528830764069957,000100.SZ
2019-01-11,2.74,-0.22545397063763362,4,0.01858736059479571,-0.046099290780141855,-0.007042253521126751,0.06766917293233066,6.61478599221792,14.166666666666682,13.223140495867792,12.757201646090532,2.6495968508060566,2.578890763804517,2.548958413223943,2.851759861716379,000100.SZ
2019-01-14,2.7,-0.4619760708181331,0,-0.014598540145985384,0.01858736059479571,-0.046099290780141855,-0.007042253521126751,1.5037593984962516,11.570247933884303,12.03319502074689,10.655737704918034,2.65876105975041,2.590424976775515,2.554881612705357,2.8502498133410916,000100.SZ
2019-01-15,2.73,0.029018492176386967,1,0.011111111111111072,-0.014598540145985384,0.01858736059479571,-0.046099290780141855,-3.873239436619713,11.42857142857141,13.749999999999996,11.42857142857141,2.6717135943412447,2.603717836130228,2.561749000442402,2.849053297785459,000100.SZ
2019-01-16,2.68,-0.05769053543452218,2,-0.01831501831501825,0.011111111111111072,-0.014598540145985384,0.01858736059479571,-4.964539007092183,6.772908366533881,11.66666666666667,9.387755102040817,2.6732202135519274,2.6109828041178256,2.5663862945427,2.847371175419435,000100.SZ
2019-01-17,2.67,-0.3506601466992666,3,-0.003731343283582156,-0.01831501831501825,0.011111111111111072,-0.014598540145985384,-0.743494423791824,5.5335968379446765,10.788381742738572,9.876543209876543,2.6726347201788494,2.6166034894399375,2.570449577109653,2.8456062881018287,000100.SZ
2019-01-18,2.67,0.12734392650048942,4,0.0,-0.003731343283582156,-0.01831501831501825,0.011111111111111072,-2.554744525547459,3.891050583657596,11.250000000000004,10.330578512396693,2.672155680146331,2.621688871398039,2.5743535152622155,2.8438589618520593,000100.SZ
2019-01-21,2.73,1.2422845691382767,0,0.022471910112359605,0.0,-0.003731343283582156,-0.01831501831501825,1.1111111111111072,2.631578947368407,12.809917355371914,13.278008298755184,2.6826728292106345,2.632004216979178,2.580457298977423,2.8427260368585063,000100.SZ
2019-01-22,2.71,-0.6938064170167129,1,-0.0073260073260073,0.022471910112359605,0.0,-0.003731343283582156,-0.73260073260073,-4.577464788732389,10.612244897959178,12.916666666666664,2.6876414057177915,2.639432386790685,2.585537404899877,2.8414053797753374,000100.SZ
2019-01-23,2.72,0.11091652072387626,2,0.0036900369003691758,-0.0073260073260073,0.022471910112359605,0.0,1.4925373134328401,-3.5460992907801248,8.366533864541847,13.333333333333353,2.6935247864963747,2.64710549281062,2.59081044784498,2.8401973660462296,000100.SZ
2019-01-24,2.72,0.4859870380101592,3,0.0,0.0036900369003691758,-0.0073260073260073,0.022471910112359605,1.8726591760299671,1.115241635687747,7.509881422924924,12.863070539419086,2.698338461678852,2.6540478268286565,2.5958767047922358,2.8390013723542276,000100.SZ
2019-01-25,2.72,-0.1823539812577356,4,0.0,0.0,0.0036900369003691758,-0.0073260073260073,1.8726591760299671,-0.7299270072992692,5.836575875486405,13.333333333333353,2.7022769231917882,2.6603289861783086,2.6007442849964617,2.837817279096972,000100.SZ
2019-01-28,2.74,-0.0735961940459885,0,0.007352941176470562,0.0,0.0,0.0036900369003691758,0.366300366300365,1.4814814814814836,3.007518796992481,13.223140495867792,2.7091356644296445,2.667916701780374,2.606205293427973,2.8368439728373005,000100.SZ
2019-01-29,2.72,0.357142857142857,1,-0.007299270072992692,0.007352941176470562,0.0,0.0,0.3690036900369176,-0.3663003663003539,-4.22535211267604,11.020408163265305,2.7111109981697092,2.672877015896529,2.6106678309406015,2.8356813462419046,000100.SZ
2019-01-30,2.76,0.2835110652448114,2,0.014705882352941124,-0.007299270072992692,0.007352941176470562,0.0,1.4705882352941124,2.985074626865658,-2.127659574468088,9.960159362549792,2.7199999075933983,2.6811744429540028,2.6165239944331273,2.8349282980205923,000100.SZ
2019-01-31,2.75,-0.16406843257247516,3,-0.0036231884057970065,0.014705882352941124,-0.007299270072992692,0.007352941176470562,1.1029411764705843,2.9962546816479474,2.230483271375472,8.69565217391306,2.725454469849144,2.6877292579107643,2.6217583475926127,2.8340832403288454,000100.SZ
2019-02-01,2.84,0.2539275408784867,4,0.032727272727272716,-0.0036231884057970065,0.014705882352941124,-0.007299270072992692,4.411764705882337,6.367041198501866,3.649635036496335,10.505836575875493,2.7462809298765727,2.702231233347834,2.6303168437654514,2.8341421135594045,000100.SZ
2019-02-11,2.87,0.37599079519304524,0,0.010563380281690238,0.032727272727272716,-0.0036231884057970065,0.014705882352941124,4.744525547445244,5.128205128205132,6.296296296296289,7.8947368421052655,2.7687753062626506,2.718209211124231,2.63971618322563,2.8344989084493606,000100.SZ
2019-02-12,3.03,1.1717303106321038,1,0.05574912891986061,0.010563380281690238,0.032727272727272716,-0.0036231884057970065,11.397058823529393,11.808118081180808,10.989010989010971,6.690140845070425,2.8162707051239866,2.7479035719695424,2.655021430942272,2.836444192942402,000100.SZ
2019-02-13,3.33,1.2495614848195316,2,0.0990099009900991,0.05574912891986061,0.010563380281690238,0.032727272727272716,20.65217391304348,22.426470588235283,24.25373134328357,18.085106382978733,2.9096760314650796,2.8033413270200622,2.6814911787484577,2.8413551959977017,000100.SZ
2019-02-14,3.24,0.19752640320515247,3,-0.027027027027026973,0.0990099009900991,0.05574912891986061,0.010563380281690238,17.81818181818182,19.11764705882353,21.34831460674158,20.446096654275102,2.9697349348350652,2.844927867303866,2.7033934854642045,2.845321810962899,000100.SZ
2019-02-15,3.22,-0.5367883327598528,4,-0.006172839506172867,-0.027027027027026973,0.0990099009900991,0.05574912891986061,13.38028169014085,18.38235294117647,20.599250936329593,17.51824817518248,3.015237673955962,2.880649022798736,2.7236525644656084,2.8490499521473476,000100.SZ
2019-02-18,3.31,0.27683622275807696,0,0.02795031055900621,-0.006172839506172867,-0.027027027027026973,0.0990099009900991,15.33101045296168,20.802919708029187,21.24542124542126,22.592592592592588,3.0688308241457873,2.921539592055999,2.7466465815453884,2.8536365197876723,000100.SZ
2019-02-19,3.24,-0.1460166298209027,1,-0.02114803625377637,0.02795031055900621,-0.006172839506172867,-0.027027027027026973,6.930693069306937,19.11764705882353,19.55719557195572,18.681318681318682,3.0999524924829167,2.9518691547173326,2.7659937744259615,2.8574809325261037,000100.SZ
2019-02-20,3.25,-0.18339220022428815,2,0.0030864197530864335,-0.02114803625377637,0.02795031055900621,-0.006172839506172867,-2.4024024024024038,17.75362318840581,19.485294117647058,21.26865671641791,3.1272338574860226,2.980262568553777,2.784974410722983,2.8613865948890282,000100.SZ
2019-02-21,3.17,0.19620098825643328,3,-0.024615384615384595,0.0030864197530864335,-0.02114803625377637,0.02795031055900621,-2.1604938271605034,15.27272727272726,16.54411764705881,18.726591760299627,3.135009519761291,2.998332800120084,2.8000734534397287,2.8644573750393865,000100.SZ
2019-02-22,3.19,-0.32632346945344515,4,0.006309148264984188,-0.024615384615384595,0.0030864197530864335,-0.02114803625377637,-0.9316770186335477,12.323943661971825,17.279411764705866,19.475655430711612,3.145007788895602,3.0165868191562666,2.8153646905597394,2.867696605138497,000100.SZ
2019-02-25,3.45,2.014652481365866,0,0.08150470219435735,0.006309148264984188,-0.024615384615384595,0.0030864197530864335,4.229607250755296,20.209059233449487,25.912408759124084,26.37362637362639,3.2004609181873107,3.0578642649509082,2.840252349753475,2.87349066876896,000100.SZ
2019-02-26,3.42,0.0054943893831491675,1,-0.008695652173913104,0.08150470219435735,0.006309148264984188,-0.024615384615384595,5.555555555555536,12.871287128712883,25.735294117647058,26.199261992619927,3.240377114880527,3.092353382574631,2.8629875517239274,2.878928572562304,000100.SZ
2019-02-27,3.25,-0.2505306740085328,2,-0.049707602339181256,-0.008695652173913104,0.08150470219435735,0.006309148264984188,0.0,-2.4024024024024038,17.75362318840581,19.485294117647058,3.2421267303567944,3.107367346138952,2.8781645104798517,2.8826208255716343,000100.SZ
2019-02-28,3.23,-0.6104443291597146,3,-0.006153846153846176,-0.049707602339181256,-0.008695652173913104,0.08150470219435735,1.8927444794952786,-0.30864197530865445,17.454545454545457,18.75,3.239921870291923,3.1190466465066713,2.891961980657112,2.8860773347699267,000100.SZ
2019-03-01,3.29,0.1323267406914177,4,0.018575851393188847,-0.006153846153846176,-0.049707602339181256,-0.008695652173913104,3.1347962382445083,2.1739130434782483,15.845070422535223,20.955882352941167,3.2490269847843,3.135327918267941,2.9075713147489903,2.890096465767241,000100.SZ
2019-03-04,3.45,1.9773521932612836,0,0.04863221884498481,0.018575851393188847,-0.006153846153846176,-0.049707602339181256,0.0,4.229607250755296,20.209059233449487,25.912408759124084,3.285567533005336,3.1652966879567086,2.9288430278960886,2.895667645212343,000100.SZ
2019-03-05,3.8,0.33514292577468185,1,0.10144927536231862,0.04863221884498481,0.018575851393188847,-0.006153846153846176,11.111111111111116,17.28395061728394,25.412541254125422,39.70588235294117,3.3791007088225475,3.225744622437022,2.9630060464099675,2.9046659771007777,000100.SZ
2019-03-06,4.02,0.6434337255466398,2,0.05789473684210522,0.10144927536231862,0.04863221884498481,0.018575851393188847,23.69230769230768,23.69230769230768,20.72072072072071,45.652173913043484,3.4956278526729934,3.301387991728734,3.004456789688008,2.9157638280748994,000100.SZ
2019-03-07,3.91,-0.46911841266597576,3,-0.02736318407960181,0.05789473684210522,0.10144927536231862,0.04863221884498481,21.052631578947366,23.34384858044165,20.679012345679016,42.18181818181819,3.570968243096085,3.3593510401355213,3.039968288131616,2.9256567253079853,000100.SZ
2019-03-08,3.63,-0.1940051599067002,4,-0.07161125319693096,-0.02736318407960181,0.05789473684210522,0.10144927536231862,10.334346504559267,13.793103448275868,12.73291925465838,27.8169014084507,3.581701289805888,3.3851271315511857,3.0631067866362587,2.9326651161009405,000100.SZ
2019-03-11,3.9,-0.054564061744890036,0,0.07438016528925617,-0.07161125319693096,-0.02736318407960181,0.05789473684210522,13.043478260869556,13.043478260869556,17.824773413897276,35.88850174216027,3.6395737825684535,3.434162642832025,3.0959261283367976,2.9422903388263046,000100.SZ
2019-03-12,3.85,-0.1644857115366113,1,-0.012820512820512775,0.07438016528925617,-0.07161125319693096,-0.02736318407960181,1.3157894736842257,12.57309941520468,18.827160493827154,27.06270627062708,3.6778330948287348,3.4737662006575465,3.1254976527157465,2.951322275753406,000100.SZ
2019-03-13,3.7,-0.2354681292105717,2,-0.038961038961038974,-0.012820512820512775,0.07438016528925617,-0.07161125319693096,-7.96019900497511,13.846153846153841,13.846153846153841,11.111111111111116,3.68186344122351,3.4953122767853992,3.1480271565308153,2.9587718053479,000100.SZ
2019-03-14,3.75,0.08911608815582595,3,0.013513513513513375,-0.038961038961038974,-0.012820512820512775,0.07438016528925617,-4.092071611253201,16.09907120743035,18.296529968454255,15.740740740740744,3.694251906455599,3.5195682504248853,3.1716339347060774,2.9666447227076223,000100.SZ
2019-03-15,3.75,-0.40345933423807334,4,0.0,0.013513513513513375,-0.038961038961038974,-0.012820512820512775,3.3057851239669533,13.981762917933139,17.554858934169282,16.45962732919255,3.7043879234636714,3.5415141313368013,3.1943149568744666,2.974439302581178,000100.SZ
2019-03-18,3.76,0.010186634208543488,0,0.002666666666666595,0.0,0.013513513513513375,-0.038961038961038974,-3.589743589743588,8.98550724637679,8.98550724637679,13.59516616314198,3.71449921010664,3.562322309304725,3.21649868405586,2.982255826933604,000100.SZ
2019-03-19,3.83,0.4551531234311126,1,0.018617021276595924,0.002666666666666595,0.0,0.013513513513513375,-0.5194805194805197,0.7894736842105399,11.988304093567258,18.20987654320987,3.7354993537236143,3.5878154227042747,3.2405575591909246,2.9906910923372503,000100.SZ
2019-03-20,3.82,0.22709618910553386,2,-0.0026109660574412663,0.018617021276595924,0.002666666666666595,0.0,3.2432432432432323,-4.975124378109442,17.538461538461526,17.538461538461526,3.750863107592048,3.6099282395895815,3.2632807921638296,2.998942922264243,000100.SZ
2019-03-21,3.81,-0.16814209054978946,3,-0.002617801047120394,-0.0026109660574412663,0.018617021276595924,0.002666666666666595,1.6000000000000014,-2.5575447570332477,17.956656346749234,20.189274447949536,3.761615269848039,3.6289826929620026,3.2847207610985816,3.0070131419432062,000100.SZ
2019-03-22,4.04,1.596235744015142,4,0.06036745406824151,-0.002617801047120394,-0.0026109660574412663,0.018617021276595924,7.733333333333325,11.2947658402204,22.796352583586632,26.645768025078365,3.8122306753302135,3.6681271983941928,3.31433955478099,3.0172916181427762,000100.SZ
2019-03-25,4.44,1.2223300898649048,0,0.0990099009900991,0.06036745406824151,-0.002617801047120394,-0.0026109660574412663,18.085106382978733,13.846153846153864,28.695652173913054,28.695652173913054,3.9263705525429016,3.7416388937852223,3.358483101652324,3.0314479204498137,000100.SZ
2019-03-26,4.1,-0.31762986866264187,1,-0.07657657657657668,0.0990099009900991,0.06036745406824151,-0.002617801047120394,7.0496083550913635,6.493506493506485,7.8947368421052655,19.883040935672504,3.9579395429896467,3.7757685229485345,3.387562195705174,3.042080279450313,000100.SZ
2019-03-27,4.15,-0.39794454187566675,2,0.012195121951219745,-0.07657657657657668,0.0990099009900991,0.06036745406824151,8.6387434554974,12.162162162162172,3.2338308457711573,27.692307692307704,3.9928596260824376,3.811409616001055,3.417461717442226,3.053104356271703,000100.SZ
2019-03-28,4.02,-0.35915340897516856,3,-0.03132530120481947,0.012195121951219745,-0.07657657657657668,0.0990099009900991,5.5118110236220375,7.199999999999984,2.813299232736566,24.45820433436532,3.997794239521994,3.8312753668580974,3.4410906696993937,3.062725208448104,000100.SZ
2019-03-29,4.06,-0.08515629469990271,4,0.00995024875621886,-0.03132530120481947,0.012195121951219745,-0.07657657657657668,0.4950495049504955,8.266666666666666,11.845730027548207,23.404255319148916,4.009104377790722,3.8530586652525645,3.465361623828829,3.0726483407023517,000100.SZ
2019-04-01,4.16,0.1951578830331333,0,0.024630541871921263,0.00995024875621886,-0.03132530120481947,0.012195121951219745,-6.3063063063063085,10.63829787234043,6.666666666666665,20.579710144927542,4.036539945465136,3.8822911733237486,3.492602344462993,3.083467760197851,000100.SZ
2019-04-02,4.1,-0.10716445333395364,1,-0.014423076923077094,0.024630541871921263,0.00995024875621886,-0.03132530120481947,0.0,7.0496083550913635,6.493506493506485,7.8947368421052655,4.048078137198747,3.9030253472929153,3.516421860366405,3.093582508852599,000100.SZ
2019-04-03,4.11,-0.3618200407666208,2,0.0024390243902441266,-0.014423076923077094,0.024630541871921263,0.00995024875621886,-0.9638554216867434,7.59162303664922,11.081081081081079,2.2388059701492713,4.059336657708066,3.922737218979304,3.5396994344696835,3.1036961157296874,000100.SZ
2019-04-04,4.08,0.07760441646172844,3,-0.007299270072992803,0.0024390243902441266,-0.014423076923077094,0.024630541871921263,1.4925373134328401,7.086614173228356,8.800000000000008,4.347826086956519,4.0630936290338715,3.937714626695561,3.5608876919414607,3.11341058223984,000100.SZ
2019-04-08,4.0,0.1713509213840647,0,-0.019607843137254943,-0.007299270072992803,0.0024390243902441266,-0.014423076923077094,-1.477832512315258,-0.990099009900991,6.666666666666665,10.192837465564741,4.051622060118622,3.9436465670102696,3.5781077824535603,3.122232367491185,000100.SZ
2019-04-09,4.05,-0.2439186075652603,1,0.012499999999999956,-0.019607843137254943,-0.007299270072992803,0.0024390243902441266,-2.644230769230782,-8.783783783783793,7.71276595744681,3.8461538461538547,4.0513271400970545,3.953775465390244,3.596613359612244,3.131463886222616,000100.SZ
2019-04-10,4.02,-0.23593691526329852,2,-0.007407407407407418,0.012499999999999956,-0.019607843137254943,-0.007299270072992803,-1.9512195121951237,-1.9512195121951237,4.960835509138373,4.415584415584406,4.0456312964430445,3.960082563924506,3.6132167572745093,3.140305041583585,000100.SZ
2019-04-11,3.91,0.2567486250857134,3,-0.02736318407960181,-0.007407407407407418,0.012499999999999956,-0.019607843137254943,-4.866180048661805,-5.783132530120483,2.3560209424083878,5.675675675675684,4.0209710607261275,3.9553127959316963,3.624855315812764,3.147963697886236,000100.SZ
2019-04-12,3.84,-0.18117943121840407,4,-0.017902813299232823,-0.02736318407960181,-0.007407407407407418,0.012499999999999956,-5.882352941176472,-4.477611940298498,0.7874015748031482,2.400000000000002,3.988067231503195,3.9443306248905823,3.633292362251479,3.154849631240602,000100.SZ
2019-04-15,3.83,-0.1323179438362685,0,-0.0026041666666666297,-0.017902813299232823,-0.02736318407960181,-0.007407407407407418,-4.249999999999998,-5.6650246305418595,-5.198019801980203,2.1333333333333426,3.95932773486625,3.933441993948622,3.6410063872612253,3.1615675453576113,000100.SZ
2019-04-16,3.94,0.35306010500744467,1,0.02872062663185382,-0.0026041666666666297,-0.017902813299232823,-0.02736318407960181,-2.716049382716046,-5.288461538461542,-11.261261261261268,4.78723404255319,3.9558136012542042,3.934066565953515,3.6527316269764714,3.1693131419212173,000100.SZ
2019-04-17,3.96,-0.18723069082148003,2,0.0050761421319796,0.02872062663185382,-0.0026041666666666297,-0.017902813299232823,-1.492537313432829,-3.4146341463414553,-3.4146341463414553,3.394255874673635,3.9565747646625304,3.936536416815085,3.664781367095041,3.177180672847374,000100.SZ
2019-04-18,3.82,-0.025952000912096596,3,-0.03535353535353536,0.0050761421319796,0.02872062663185382,-0.0026041666666666297,-2.3017902813299296,-7.055961070559624,-7.9518072289156745,0.0,3.9317429892693427,3.9254377104517433,3.6708683723070004,3.1835768850578483,000100.SZ
2019-04-19,3.82,-0.016767378231670738,4,0.0,-0.03535353535353536,0.0050761421319796,0.02872062663185382,-0.520833333333337,-6.372549019607854,-4.975124378109442,0.2624671916010346,3.911426082129462,3.915396023742053,3.6767166714322164,3.189909453365731,000100.SZ
2019-04-22,3.77,-0.08432910224550227,0,-0.01308900523560208,0.0,-0.03535353535353536,0.0050761421319796,-1.5665796344647487,-5.75,-7.142857142857128,-6.683168316831678,3.885712249015014,3.901548783385667,3.680374841179973,3.195681498605873,000100.SZ
2019-04-23,3.71,-0.07808691130106948,1,-0.01591511936339529,-0.01308900523560208,0.0,-0.03535353535353536,-5.837563451776651,-8.39506172839506,-10.817307692307699,-16.44144144144145,3.8537645673759204,3.8833060421108416,3.6815366121140918,3.2007990956346704,000100.SZ
2019-04-24,3.83,0.7544642070193377,2,0.03234501347708907,-0.01591511936339529,-0.01308900523560208,0.0,-3.282828282828276,-4.726368159203965,-6.585365853658532,-6.585365853658532,3.8494437369439347,3.878229276195523,3.687358705756677,3.2070598011507436,000100.SZ
2019-04-25,3.66,-0.3286780737272553,3,-0.044386422976501305,0.03234501347708907,-0.01591511936339529,-0.01308900523560208,-4.188481675392664,-6.39386189258312,-10.94890510948906,-11.807228915662659,3.8149994211359464,3.8574455356054735,3.6862858153348466,3.211566668800985,000100.SZ
2019-04-26,3.6,-0.24109494731800762,4,-0.016393442622950838,-0.044386422976501305,0.03234501347708907,-0.01591511936339529,-5.759162303664911,-6.249999999999989,-11.764705882352944,-10.447761194029837,3.775908617293047,3.8329269131668573,3.6829020578707348,3.215431677071622,000100.SZ
2019-04-29,3.5,0.47983513124420685,0,-0.02777777777777779,-0.016393442622950838,-0.044386422976501305,0.03234501347708907,-7.161803713527847,-8.616187989556135,-12.5,-13.793103448275856,3.7257434141488566,3.801219588103347,3.675729428150314,3.2182632026728997,000100.SZ
2019-04-30,3.59,-0.3677736613449185,1,0.02571428571428558,-0.02777777777777779,-0.016393442622950838,-0.044386422976501305,-3.2345013477088957,-8.883248730964466,-11.358024691358025,-13.701923076923084,3.701062793394519,3.781103436855409,3.672367489791478,3.2219620762781442,000100.SZ
2019-05-06,3.37,0.6481313631668808,0,-0.06128133704735372,0.02571428571428558,-0.02777777777777779,-0.016393442622950838,-12.010443864229758,-14.8989898989899,-16.16915422885571,-17.80487804878048,3.640869558231879,3.7419507285834652,3.6605099411722044,3.2234350904445312,000100.SZ
2019-05-07,3.43,-0.4249446853137909,1,0.017804154302670572,-0.06128133704735372,0.02571428571428558,-0.02777777777777779,-6.284153005464477,-10.209424083769624,-12.27621483375959,-16.545012165450125,3.602529638553355,3.71224113538504,3.6514703356360396,3.225490462678914,000100.SZ
2019-05-08,3.51,0.6016057647398974,2,0.023323615160349753,0.017804154302670572,-0.06128133704735372,0.02571428571428558,-2.5000000000000133,-8.115183246073299,-8.59375,-13.970588235294123,3.5857060679072905,3.692980074872179,3.6459224793365874,3.2283214033487755,000100.SZ
2019-05-09,3.48,-0.3596572841014817,3,-0.008547008547008517,0.023323615160349753,0.017804154302670572,-0.06128133704735372,-0.5714285714285672,-7.692307692307699,-9.138381201044387,-13.0,3.5664867828332376,3.6726962582176856,3.639415715441035,3.2308256679920713,000100.SZ
2019-05-10,3.55,0.33051417170862885,4,0.02011494252873569,-0.008547008547008517,0.023323615160349753,0.017804154302670572,-1.1142061281337101,-4.312668463611868,-9.898477157360407,-12.345679012345679,3.563489185954467,3.661010900292192,3.6359092167962883,3.23400153199215,000100.SZ
2019-05-13,3.52,-0.36126413925742407,0,-0.008450704225352101,0.02011494252873569,-0.008547008547008517,0.023323615160349753,4.451038575667643,-8.09399477806788,-11.111111111111105,-12.43781094527362,3.555582061235473,3.6475812907405545,3.631363757314081,3.2368472878927257,000100.SZ
2019-05-14,3.49,-0.033887060144428216,1,-0.008522727272727182,-0.008450704225352101,0.02011494252873569,-0.008547008547008517,1.7492711370262315,-4.644808743169393,-8.638743455497377,-10.741687979539638,3.5436580501017505,3.6325735487652637,3.6258200805566663,3.2393662203515046,000100.SZ
2019-05-15,3.54,0.005361717862708337,2,0.014326647564469885,-0.008522727272727182,-0.008450704225352101,0.02011494252873569,0.8547008547008517,-1.6666666666666718,-7.329842931937169,-7.8125,3.54299295008325,3.6237570203114293,3.622454587201503,3.24235760124353,000100.SZ
2019-05-16,3.53,-0.15973097940311054,3,-0.0028248587570621764,0.014326647564469885,-0.008522727272727182,-0.008450704225352101,1.4367816091954033,0.8571428571428452,-6.366047745358094,-7.832898172323766,3.540630595522659,3.6148277802817694,3.6188289171151693,3.2452197146639925,000100.SZ
2019-05-17,3.41,0.7730115057528768,4,-0.03399433427762033,-0.0028248587570621764,0.014326647564469885,-0.008522727272727182,-3.9436619718309807,-5.013927576601662,-8.086253369272233,-13.451776649746183,3.5168795781549025,3.5953203726358867,3.610639547816535,3.2468593194932067,000100.SZ
2019-05-20,3.41,-0.24809550680679981,0,0.0,-0.03399433427762033,-0.0028248587570621764,0.014326647564469885,-3.125,1.1869436201780381,-10.966057441253263,-13.888888888888884,3.497446927581284,3.577670813337231,3.6027713302551025,3.2484826098465085,000100.SZ
2019-05-21,3.42,-0.01887942963015088,1,0.0029325513196480912,0.0,-0.03399433427762033,-0.0028248587570621764,-2.005730659025795,-0.291545189504383,-6.557377049180335,-10.471204188481675,3.48336566802105,3.5626545454003518,3.5956038271078437,3.2501892505445533,000100.SZ
2019-05-22,3.37,-0.17693741932399476,2,-0.014619883040935644,0.0029325513196480912,0.0,-0.03399433427762033,-4.802259887005644,-3.988603988603978,-6.388888888888888,-11.780104712041883,3.462753728380859,3.544306493457461,3.586756618201654,3.251381397305304,000100.SZ
2019-05-23,3.28,0.34340148698884754,3,-0.02670623145400597,-0.014619883040935644,0.0029325513196480912,0.0,-7.082152974504252,-5.747126436781613,-6.2857142857142945,-12.997347480106104,3.4295257777661567,3.5191344464615124,3.5747269468996286,3.251666159521172,000100.SZ
2019-05-24,3.27,-0.512733483223798,4,-0.0030487804878047697,-0.02670623145400597,-0.014619883040935644,0.0029325513196480912,-4.105571847507338,-7.887323943661961,-8.913649025069637,-11.85983827493261,3.400521090899583,3.4954073563223207,3.562776870550624,3.251848585794593,000100.SZ
2019-05-27,3.39,1.3511690846976352,0,0.03669724770642202,-0.0030487804878047697,-0.02670623145400597,-0.014619883040935644,-0.5865102639296182,-3.693181818181812,0.5934718100890191,-11.488250652741517,3.398608165281477,3.4853685604820996,3.5560013069996192,3.2532232267319605,000100.SZ
2019-05-28,3.34,-0.1005793217972184,1,-0.014749262536873253,0.03669724770642202,-0.0030487804878047697,-0.02670623145400597,-2.3391812865497075,-4.297994269340988,-2.6239067055393694,-8.743169398907114,3.3879521352302993,3.4715239356742806,3.547530667509438,3.25408667721224,000100.SZ
2019-05-29,3.32,-0.5863458028239934,2,-0.005988023952095856,-0.014749262536873253,0.03669724770642202,-0.0030487804878047697,-1.4836795252225587,-6.214689265536732,-5.413105413105413,-7.777777777777784,3.3755972015520626,3.4570930846576826,3.5386078962345584,3.2547425311703275,000100.SZ
2019-05-30,3.34,0.8522519780888618,3,0.006024096385542244,-0.005988023952095856,-0.014749262536873253,0.03669724770642202,1.8292682926829285,-5.3824362606232246,-4.0229885057471275,-4.571428571428571,3.369124983088051,3.4459413623093322,3.5308193512841837,3.2555908641935085,000100.SZ
2019-05-31,3.31,-0.2841534543662203,4,-0.008982035928143617,0.006024096385542244,-0.005988023952095856,-0.014749262536873253,1.2232415902140747,-2.9325513196480912,-6.760563380281681,-7.799442896935926,3.358374986162951,3.4329945658989196,3.5221597688808823,3.256132248629394,000100.SZ
2019-06-03,3.29,-0.12237013235406624,0,-0.006042296072507614,-0.008982035928143617,0.006024096385542244,-0.005988023952095856,-2.9498525073746285,-3.5190615835777206,-6.5340909090909065,-2.3738872403560873,3.3459431704969593,3.4193760358133085,3.513055464218887,3.2564692411803455,000100.SZ
2019-06-04,3.22,0.4772261692019353,1,-0.02127659574468077,-0.006042296072507614,-0.008982035928143617,0.006024096385542244,-3.59281437125748,-5.847953216374258,-7.73638968481375,-6.122448979591832,3.323044412224785,3.4003878419263267,3.5015630930730484,3.2561063631586507,000100.SZ
2019-06-05,3.2,0.07311459931547248,2,-0.006211180124223614,-0.02127659574468077,-0.006042296072507614,-0.008982035928143617,-3.6144578313252906,-5.0445103857566735,-9.6045197740113,-8.83190883190882,3.300672700911188,3.3813032855523906,3.4897370894231248,3.2555480908884156,000100.SZ
2019-06-06,3.13,-0.00560901842177608,3,-0.02187500000000009,-0.006211180124223614,-0.02127659574468077,-0.006042296072507614,-6.287425149700598,-4.57317073170731,-11.3314447592068,-10.057471264367823,3.2696413007455174,3.3573696393093058,3.475629752583002,3.254298856153208,000100.SZ
2019-06-10,3.19,-0.12630647569540454,0,0.019169329073482455,-0.02187500000000009,-0.006211180124223614,-0.02127659574468077,-3.625377643504535,-2.4464831804281384,-6.451612903225811,-10.140845070422532,3.2551610642463324,3.3414296736608007,3.464428585815041,3.253659066539743,000100.SZ
2019-06-11,3.33,0.8164124311665295,1,0.043887147335423204,0.019169329073482455,-0.02187500000000009,-0.006211180124223614,1.2158054711246313,-1.7699115044247815,-2.346041055718473,-5.397727272727271,3.2687681434742717,3.340341133312153,3.4591568765673926,3.2544186778179545,000100.SZ
2019-06-12,3.27,-0.416447425733949,2,-0.018018018018018056,0.043887147335423204,0.019169329073482455,-0.02187500000000009,1.552795031055898,-2.095808383233533,-4.385964912280704,-6.303724928366772,3.2689921173880405,3.3336419777586146,3.45173895983926,3.2545737158496166,000100.SZ
2019-06-13,3.27,-0.30716866210850025,3,0.0,-0.018018018018018056,0.043887147335423204,0.019169329073482455,2.1874999999999867,-1.5060240963855387,-2.9673590504451064,-7.6271186440677985,3.269175368772033,3.327580837019699,3.444611941806348,3.254727211214297,000100.SZ
2019-06-14,3.2,0.5433311786252961,4,-0.021406727828746086,0.0,-0.018018018018018056,0.043887147335423204,2.2364217252396346,-4.191616766467055,-2.4390243902438935,-9.348441926345597,3.2565980289953,3.315430281113061,3.435019316637472,3.254182661848981,000100.SZ
2019-06-17,3.19,-0.5424566498198977,0,-0.0031250000000000444,-0.021406727828746086,0.0,-0.018018018018018056,0.0,-3.625377643504535,-2.4464831804281384,-6.451612903225811,3.2444892964506997,3.3034845400546744,3.425410715985022,3.2535440283977475,000100.SZ
2019-06-18,3.18,-0.13615281337727325,1,-0.0031347962382444194,-0.0031250000000000444,-0.021406727828746086,0.0,-4.504504504504503,-3.3434650455926973,-6.194690265486724,-6.74486803519061,3.2327639698232997,3.291724107668515,3.41578676633855,3.2528122470206555,000100.SZ
2019-06-19,3.22,1.0565171317555633,2,0.012578616352201255,-0.0031347962382444194,-0.0031250000000000444,-0.021406727828746086,-1.5290519877675823,0.0,-3.59281437125748,-5.847953216374258,3.230443248037245,3.2848932402715136,3.408108853933117,3.2524857570005494,000100.SZ
2019-06-20,3.27,0.28564067330814136,3,0.01552795031055898,0.012578616352201255,-0.0031347962382444194,-0.0031250000000000444,0.0,2.1874999999999867,-1.5060240963855387,-2.9673590504451064,3.237635384757746,3.2834748364361315,3.402692820445544,3.2526600280751707,000100.SZ
2019-06-21,3.29,0.4864128256513025,4,0.006116207951070374,0.01552795031055898,0.012578616352201255,-0.0031347962382444194,2.8124999999999956,5.111821086261981,-1.4970059880239472,0.3048780487804992,3.247156223892701,3.2840962805850715,3.3982734941535617,3.2530315700843735,000100.SZ
2019-06-24,3.28,-0.5473044634992539,0,-0.003039513677811634,0.006116207951070374,0.01552795031055898,0.012578616352201255,2.8213166144200663,2.8213166144200663,-0.9063444108761365,0.3058103975535076,3.2531278195485736,3.2837061586245886,3.3936353179122456,3.253299912670599,000100.SZ
2019-06-25,3.25,0.4848508914744072,1,-0.009146341463414531,-0.003039513677811634,0.006116207951070374,0.01552795031055898,2.2012578616352085,-2.4024024024024038,-1.2158054711246202,-4.129793510324486,3.252559125085196,3.2804960482793897,3.3880025603470596,3.253267077718653,000100.SZ
2019-06-26,3.26,-0.5525098280426818,2,0.003076923076922977,-0.009146341463414531,-0.003039513677811634,0.006116207951070374,1.2422360248447006,-0.3058103975535187,1.2422360248447006,-2.395209580838331,3.253912011433342,3.2785440436813524,3.3829828520981553,3.2533340719702086,000100.SZ
2019-06-27,3.29,0.7078228649973104,3,0.00920245398773023,0.003076923076922977,-0.009146341463414531,-0.003039513677811634,0.6116207951070374,0.6116207951070374,2.8124999999999956,-0.9036144578313143,3.260473463900007,3.2796350871402713,3.379336465741365,3.253698907074983,000100.SZ
2019-06-28,3.33,0.8093221821744758,4,0.012158054711246313,0.00920245398773023,0.003076923076922977,-0.009146341463414531,1.2158054711246313,4.062499999999991,6.389776357827492,-0.29940119760478723,3.2731146522818237,3.2844317455078644,3.3774017023789584,3.2544581219299586,000100.SZ
2019-07-01,3.6,1.832047190793927,0,0.08108108108108114,0.012158054711246313,0.00920245398773023,0.003076923076922977,9.756097560975618,12.85266457680252,12.85266457680252,8.761329305135956,3.3325483518669463,3.314485864983306,3.386131047383705,3.2578963495724467,000100.SZ
2019-07-02,3.47,-0.31902397716330555,1,-0.036111111111111094,0.08108108108108114,0.012158054711246313,0.00920245398773023,6.769230769230772,9.119496855345922,4.204204204204198,5.4711246200607855,3.3575395606184104,3.329296734984896,3.3894200259176777,3.260006833656303,000100.SZ
2019-07-03,3.39,-0.4934213165389707,2,-0.023054755043227737,-0.036111111111111094,0.08108108108108114,0.012158054711246313,3.9877300613497146,5.2795031055900665,3.669724770642202,5.2795031055900665,3.36344145868779,3.335077998319668,3.3894427699993375,3.261300297998031,000100.SZ
2019-07-04,3.34,-0.15690699608029457,3,-0.014749262536873253,-0.023054755043227737,-0.036111111111111094,0.08108108108108114,1.5197568389057725,2.1406727828746197,2.1406727828746197,4.374999999999996,3.35917937529001,3.3355467603844615,3.387503837842501,3.262083379609991,000100.SZ
2019-07-05,3.36,-0.4968300929839391,4,0.0059880239520957446,-0.014749262536873253,-0.023054755043227737,-0.036111111111111094,0.9009009009008917,2.127659574468077,4.999999999999982,7.348242811501593,3.3593285797827352,3.337875640347846,3.3864252559663246,3.26305767434024,000100.SZ
2019-07-08,3.24,0.6116011013113072,0,-0.03571428571428559,0.0059880239520957446,-0.014749262536873253,-0.023054755043227737,-9.999999999999998,-1.2195121951219412,1.5673981191222763,1.5673981191222763,3.337632474367692,3.328554150790908,3.3806830890656845,3.262828244744815,000100.SZ
2019-07-09,3.25,-0.4898219197915159,1,0.0030864197530864335,-0.03571428571428559,0.0059880239520957446,-0.014749262536873253,-6.340057636887608,0.0,2.2012578616352085,-2.4024024024024038,3.3216992972099293,3.321072803096536,3.375558262043501,3.2627006005184986,000100.SZ
2019-07-10,3.28,0.749247970940462,2,0.009230769230769154,0.0030864197530864335,-0.03571428571428559,0.0059880239520957446,-3.244837758112107,0.6134969325153339,1.8633540372670732,0.3058103975535076,3.3141176068081237,3.3171611075635328,3.3718108792182657,3.262872733846673,000100.SZ
2019-07-11,3.26,-0.3695976638546399,3,-0.0060975609756097615,0.009230769230769154,0.0030864197530864335,-0.03571428571428559,-2.395209580838331,-0.911854103343468,-0.3058103975535187,-0.3058103975535187,3.304278041933919,3.3117171925574818,3.3674261388567652,3.262844149430288,000100.SZ
2019-07-12,3.33,1.1184826805291062,4,0.021472392638036908,-0.0060975609756097615,0.009230769230769154,0.0030864197530864335,-0.8928571428571397,0.0,1.2158054711246313,4.062499999999991,3.308954761582297,3.313458412313912,3.365958447136892,3.2635123668488926,000100.SZ
2019-07-15,3.37,0.045675413022351785,0,0.012012012012011963,0.021472392638036908,-0.0060975609756097615,0.009230769230769154,4.012345679012341,-6.388888888888888,2.743902439024404,5.642633228840133,3.3200538958400614,3.3188433254268728,3.3661169394060337,3.2645719452882074,000100.SZ
2019-07-16,3.42,0.5996282527881043,1,0.014836795252225476,0.012012012012011963,0.021472392638036908,-0.0060975609756097615,5.230769230769239,-1.4409221902017322,5.230769230769239,7.547169811320753,3.3382259147782323,3.328477294433837,3.3682300006057972,3.266118493096285,000100.SZ
2019-07-17,3.47,0.7334998838019986,2,0.014619883040935644,0.014836795252225476,0.012012012012011963,0.021472392638036908,5.7926829268292845,2.359882005899716,6.44171779141105,7.763975155279512,3.362184839364008,3.3419556473449004,3.3722209809741974,3.26814716480677,000100.SZ
2019-07-18,3.38,-0.3650165901397593,3,-0.025936599423631246,0.014619883040935644,0.014836795252225476,0.012012012012011963,3.6809815950920255,1.1976047904191711,2.7355623100303816,3.3639143730886722,3.365423959479643,3.3455789190263383,3.3725260405438364,3.269260128341031,000100.SZ
2019-07-19,3.37,-0.4881901192863929,4,-0.002958579881656709,-0.025936599423631246,0.014619883040935644,0.014836795252225476,1.2012012012011963,0.29761904761904656,1.2012012012011963,2.4316109422492405,3.3662559668469805,3.347904736261925,3.372426980130353,3.270262515123708,000100.SZ
2019-07-22,3.32,0.039807151880784764,0,-0.014836795252225587,-0.002958579881656709,-0.025936599423631246,0.014619883040935644,-1.4836795252225587,2.4691358024691246,-7.777777777777784,1.2195121951219523,3.35784579105662,3.3452471423322176,3.370371020125241,3.2707574154707357,000100.SZ
2019-07-23,3.34,-0.3999156976023406,1,0.006024096385542244,-0.014836795252225587,-0.002958579881656709,-0.025936599423631246,-2.3391812865497075,2.7692307692307683,-3.746397694524506,2.7692307692307683,3.354601101773598,3.3447474144910543,3.3691799997281726,3.271446396411325,000100.SZ
2019-07-24,3.39,0.40806544913643483,2,0.014970059880239583,0.006024096385542244,-0.014836795252225587,-0.002958579881656709,-2.3054755043227737,3.35365853658538,0.0,3.9877300613497146,3.3610372650874893,3.3490571845395256,3.369996470327068,3.2726260342579785,000100.SZ
2019-07-25,3.49,1.6733082927401846,3,0.029498525073746285,0.014970059880239583,0.006024096385542244,-0.014836795252225587,3.2544378698224907,7.055214723926384,4.491017964071875,6.079027355623112,3.3844850350715823,3.3624803098214757,3.3747024910985552,3.2747889592902375,000100.SZ
2019-07-26,3.47,-0.4368777510674965,4,-0.005730659025787954,0.029498525073746285,0.014970059880239583,0.006024096385542244,2.9673590504451175,4.204204204204198,3.2738095238095344,4.204204204204198,3.4000332105131124,3.3727202803146685,3.3784396483103767,3.27673135770526,000100.SZ
2019-07-29,3.51,0.14767743318843696,0,0.011527377521613813,-0.005730659025787954,0.029498525073746285,0.014970059880239583,5.722891566265065,4.154302670623133,8.333333333333325,-2.5000000000000133,3.420027172238001,3.385794539332319,3.383598877788401,3.279052438723118,000100.SZ
2019-07-30,3.47,-0.09017103452961261,1,-0.011396011396011319,0.011527377521613813,-0.005730659025787954,0.029498525073746285,3.8922155688622784,1.4619883040935644,6.769230769230772,0.0,3.4291131409220004,3.393814107014955,3.386987157090817,3.280952414457216,000100.SZ
2019-07-31,3.4,-0.11904495221027467,2,-0.02017291066282434,-0.011396011396011319,0.011527377521613813,-0.005730659025787954,0.2949852507374562,-2.017291066282434,3.658536585365857,0.2949852507374562,3.4238198425725455,3.394403239680197,3.3874974646558833,3.2821369675471943,000100.SZ
2019-08-01,3.43,-0.321819838528533,3,0.008823529411764675,-0.02017291066282434,-0.011396011396011319,0.011527377521613813,-1.7191977077363862,1.479289940828421,5.214723926380382,2.6946107784431295,3.4249435075593553,3.397793407329702,3.3891642307478094,3.2836082415019487,000100.SZ
2019-08-02,3.34,0.6723222097237844,4,-0.026239067055393694,0.008823529411764675,-0.02017291066282434,-0.011396011396011319,-3.746397694524506,-0.8902077151335397,0.30030030030030463,-0.5952380952380931,3.4094992334576544,3.392289273298302,3.387236221698876,3.2841693535268055,000100.SZ
2019-08-05,3.25,-0.10784551858149138,0,-0.026946107784431073,-0.026239067055393694,0.008823529411764675,-0.02017291066282434,-7.4074074074074066,-2.108433734939752,-3.5608308605341255,0.30864197530864335,3.38049937282899,3.3787379139365594,3.3818544090832336,3.283829359959375,000100.SZ
2019-08-06,3.14,0.161825378541959,1,-0.03384615384615386,-0.026946107784431073,-0.026239067055393694,0.008823529411764675,-9.510086455331413,-5.9880239520958,-8.187134502923977,-3.384615384615386,3.3367722141328096,3.3560009697521256,3.3723699224525188,3.2823982220493315,000100.SZ
2019-08-07,3.13,-0.561413944768909,2,-0.0031847133757962887,-0.03384615384615386,-0.026946107784431073,-0.026239067055393694,-7.941176470588241,-7.669616519174049,-9.798270893371763,-4.57317073170731,3.2991772661086625,3.3344770678709708,3.3628652196112436,3.2808818218299356,000100.SZ
2019-08-08,3.17,0.04488101598783434,3,0.012779552715654896,-0.0031847133757962887,-0.03384615384615386,-0.026946107784431073,-7.580174927113714,-9.169054441260748,-6.213017751479288,-2.7607361963190136,3.2756904904525417,3.3188125852165924,3.355301877665705,3.2797785201201854,000100.SZ
2019-08-09,3.13,0.01034496322227918,4,-0.012618296529968487,0.012779552715654896,-0.0031847133757962887,-0.03384615384615386,-6.287425149700598,-9.798270893371763,-7.121661721068251,-6.0060060060060145,3.2492013103702613,3.3008304342435837,3.3464665099141087,3.2782881865866518,000100.SZ
2019-08-12,3.2,-0.012536011835241112,0,0.022364217252396346,-0.012618296529968487,0.012779552715654896,-0.0031847133757962887,-1.538461538461533,-8.83190883190882,-3.6144578313252906,-5.0445103857566735,3.2402556175756683,3.291227535744195,3.3407227252115947,3.2775091996554413,000100.SZ
2019-08-13,3.23,1.6743415865005522,1,0.009374999999999911,0.022364217252396346,-0.012618296529968487,0.012779552715654896,2.8662420382165488,-6.91642651296831,-3.293413173652693,-5.555555555555558,3.2383909598346374,3.2853963418637955,3.336380657556238,3.277036471300661,000100.SZ
2019-08-14,3.38,0.8070379761764357,2,0.046439628482972006,0.009374999999999911,0.022364217252396346,-0.012618296529968487,7.987220447284349,-0.588235294117645,-0.2949852507374673,-2.5936599423631246,3.2641380580465214,3.2944062140672434,3.338091220005013,3.278060984024038,000100.SZ
2019-08-15,3.44,-0.3110340607791148,3,0.01775147928994092,0.046439628482972006,0.009374999999999911,0.022364217252396346,8.517350157728698,0.2915451895043608,-1.4326647564469996,1.775147928994092,3.296112956583517,3.308272288917982,3.3420876427499144,3.279672317516336,000100.SZ
2019-08-16,3.41,-0.2168028419182949,4,-0.008720930232558044,0.01775147928994092,0.046439628482972006,0.009374999999999911,8.94568690095847,2.095808383233533,-1.729106628242072,1.1869436201780381,3.3168196917501502,3.3179606423543646,3.3447508724459962,3.28096911037687,000100.SZ
2019-08-19,3.49,0.6527267504271181,0,0.02346041055718473,-0.008720930232558044,0.01775147928994092,0.046439628482972006,9.062499999999996,7.3846153846153895,-0.5698005698005604,5.120481927710863,3.3483070205228502,3.3343453430825205,3.3504469166638002,3.283049019726354,000100.SZ
2019-08-20,3.42,-0.2968082478753672,1,-0.02005730659025795,0.02346041055718473,-0.008720930232558044,0.01775147928994092,5.882352941176472,8.917197452229297,-1.4409221902017322,2.39520958083832,3.361342107700514,3.342502929455614,3.3531744885593375,3.2844117160474853,000100.SZ
2019-08-21,3.38,-0.24506946974033406,2,-0.011695906432748537,-0.02005730659025795,0.02346041055718473,-0.008720930232558044,0.0,7.987220447284349,-0.588235294117645,-0.2949852507374673,3.3647344517549653,3.3460740790312697,3.354226469400148,3.285362843250993,000100.SZ
2019-08-22,3.4,0.1760641047733933,3,0.00591715976331364,-0.011695906432748537,-0.02005730659025795,0.02346041055718473,-1.1627906976744207,7.2555205047318605,-0.8746355685131268,-2.5787965616045905,3.3711463696176986,3.351209881028292,3.3560215098158284,3.2865035114773518,000100.SZ
2019-08-23,3.35,-0.10346242325669996,4,-0.014705882352941124,0.00591715976331364,-0.011695906432748537,-0.02005730659025795,-1.7595307917888547,7.028753993610226,0.29940119760478723,-3.458213256484155,3.367301575141753,3.351094654263693,3.355785372175992,3.2871353173332984,000100.SZ
2019-08-26,3.27,-0.17824338901055792,0,-0.023880597014925398,-0.014705882352941124,0.00591715976331364,-0.011695906432748537,-6.303724928366772,2.1874999999999867,0.6153846153846176,-6.8376068376068355,3.3496103796614345,3.3433713538576266,3.3524212399337965,3.2869648166633154,000100.SZ
2019-08-27,3.32,0.33816626889419266,1,0.015290519877675823,-0.023880597014925398,-0.014705882352941124,0.00591715976331364,-2.92397660818714,2.786377708978316,5.73248407643312,-4.3227665706051965,3.344226674268446,3.3411455106330905,3.3511498187599225,3.287293524955223,000100.SZ
2019-08-28,3.27,-0.42554582881262726,2,-0.015060240963855387,0.015290519877675823,-0.023880597014925398,-0.014705882352941124,-3.2544378698224796,-3.2544378698224796,4.472843450479247,-3.8235294117647034,3.3307309153105464,3.334369747715653,3.3479674729262,3.2871214500800465,000100.SZ
2019-08-29,3.25,-0.08067061654290963,3,-0.006116207951070374,-0.015060240963855387,0.015290519877675823,-0.023880597014925398,-4.411764705882348,-5.523255813953487,2.5236593059936974,-5.247813411078717,3.316052567072265,3.326334533647496,3.34412561124282,3.286752082417559,000100.SZ
2019-08-30,3.22,0.31086595559057795,4,-0.009230769230769154,-0.006116207951070374,-0.015060240963855387,0.015290519877675823,-3.880597014925369,-5.571847507331373,2.8753993610223683,-3.59281437125748,3.298588463968217,3.3162074352048774,3.33925794021369,3.2860878825925086,000100.SZ
2019-09-02,3.27,0.07134116232637022,0,0.01552795031055898,-0.009230769230769154,-0.006116207951070374,-0.015060240963855387,0.0,-6.303724928366772,2.1874999999999867,0.6153846153846176,3.293390561428541,3.311806727090127,3.3365419425582514,3.2859278041587525,000100.SZ
2019-09-03,3.28,-0.2772233577812512,1,0.003058103975535076,0.01552795031055898,-0.009230769230769154,-0.006116207951070374,-1.2048192771084376,-4.093567251461994,1.5479876160990669,4.458598726114649,3.2909559138960787,3.3087775149863057,3.334324611477536,3.285868821032795,000100.SZ
2019-09-04,3.32,0.17525230120882762,2,0.012195121951219523,0.003058103975535076,0.01552795031055898,-0.009230769230769154,1.5290519877675823,-1.7751479289940808,-1.7751479289940808,6.070287539936103,3.296236656824064,3.309846323082848,3.333762862007829,3.2862084347538616,000100.SZ
2019-09-05,3.41,1.4603316898251908,3,0.027108433734939874,0.012195121951219523,0.003058103975535076,0.01552795031055898,4.923076923076919,0.2941176470588225,-0.8720930232558044,7.57097791798107,3.3169209010378706,3.3193847685035287,3.3367525536937963,3.2874401916219824,000100.SZ
2019-09-06,3.42,-0.4558207323738387,4,0.0029325513196480912,0.027108433734939874,0.012195121951219523,0.003058103975535076,6.211180124223592,2.0895522388059584,0.2932551319648091,9.26517571884984,3.335662555394621,3.3289671715031925,3.340017159431295,3.288759194690421,000100.SZ
2019-09-09,3.55,1.5663841559036529,0,0.03801169590643272,0.0029325513196480912,0.027108433734939874,0.012195121951219523,8.562691131498458,8.562691131498458,1.7191977077363862,10.937499999999979,3.374632999868326,3.350017917074317,3.3482517806300676,3.2913586056885262,000100.SZ
2019-09-10,3.58,-0.12147614143494678,1,0.008450704225352101,0.03801169590643272,0.0029325513196480912,0.027108433734939874,9.146341463414643,7.831325301204828,4.678362573099415,10.83591331269349,3.4119724544377212,3.371920972591049,3.3573399460955553,3.2942306593632678,000100.SZ
2019-09-11,3.76,1.4659143305954343,2,0.05027932960893855,0.008450704225352101,0.03801169590643272,0.0029325513196480912,13.25301204819278,14.984709480122316,11.242603550295849,11.242603550295849,3.4752501899944988,3.40888087996333,3.3731305364447493,3.2988651801656235,000100.SZ
2019-09-12,3.72,-0.5541737578874976,3,-0.010638297872340274,0.05027932960893855,0.008450704225352101,0.03801169590643272,9.090909090909083,14.46153846153846,9.411764705882364,8.139534883720945,3.519750155450044,3.4385112723477746,3.3867332605057396,3.303055576382881,000100.SZ
2019-09-16,3.69,-0.26383359872611467,0,-0.008064516129032362,-0.010638297872340274,0.05027932960893855,0.008450704225352101,7.8947368421052655,14.596273291925455,10.149253731343277,8.211143695014655,3.550704672640945,3.462462579743225,3.39862607381924,3.3069057696527033,000100.SZ
2019-09-17,3.7,0.1781513741091949,1,0.0027100271002711285,-0.008064516129032362,-0.010638297872340274,0.05027932960893855,4.225352112676073,13.149847094801226,13.149847094801226,6.017191977077352,3.5778492776153183,3.485085191196251,3.410444659159662,3.3108171550292935,000100.SZ
2019-09-18,3.66,-0.3452424860868638,2,-0.010810810810810811,0.0027100271002711285,-0.008064516129032362,-0.010638297872340274,2.2346368715083775,11.585365853658548,10.240963855421704,7.017543859649122,3.5927857725943513,3.501743744415656,3.420231143114185,3.3142916111981564,000100.SZ
2019-09-19,3.81,0.9437816861738748,3,0.040983606557376984,-0.010810810810810811,0.0027100271002711285,-0.008064516129032362,1.3297872340425565,14.75903614457832,16.51376146788992,12.72189349112427,3.6322792684862875,3.5311014830427365,3.4355161963253935,3.3192240329772793,000100.SZ
2019-09-20,3.78,-0.35161225922371986,4,-0.007874015748031593,0.040983606557376984,-0.010810810810810811,0.0027100271002711285,1.6129032258064502,10.850439882697938,16.307692307692314,11.176470588235299,3.659137583306962,3.554806103705333,3.449025365096947,3.323808868470043,000100.SZ
2019-09-23,3.81,0.18009356283707967,0,0.007936507936507908,-0.007874015748031593,0.040983606557376984,-0.010810810810810811,3.2520325203251987,11.403508771929838,18.322981366459622,13.731343283582099,3.686567113614787,3.579110284304825,3.463181233132361,3.3286465911718337,000100.SZ
2019-09-24,3.82,0.10771548567917644,1,0.002624671916010346,0.007936507936507908,-0.007874015748031593,0.040983606557376984,3.2432432432432323,7.605633802816891,16.81957186544343,16.81957186544343,3.7108276384120984,3.6020521619900796,3.4771741259507,3.3335356798168903,000100.SZ
2019-09-25,3.64,-0.04621194277074103,2,-0.04712041884816742,0.002624671916010346,0.007936507936507908,-0.007874015748031593,-0.5464480874316946,1.6759776536312776,10.97560975609757,9.63855421686748,3.697949885973535,3.6056662418005483,3.48355945434479,3.336585076037618,000100.SZ
2019-09-26,3.61,-0.39607580718399726,3,-0.008241758241758323,-0.04712041884816742,0.002624671916010346,0.007936507936507908,-5.249343832021003,-3.9893617021276584,8.734939759036141,10.397553516819569,3.6819589976147102,3.6060789806766866,3.4885179071155825,3.3393056225447064,000100.SZ
2019-09-27,3.65,-0.2867167919799499,4,0.011080332409972415,-0.008241758241758323,-0.04712041884816742,0.002624671916010346,-3.4391534391534417,-1.8817204301075363,7.038123167155419,12.307692307692308,3.6761482707756716,3.6102619348979545,3.4948505382090893,3.3423971088875453,000100.SZ
2019-09-30,3.56,0.17860709398232055,0,-0.024657534246575352,0.011080332409972415,-0.008241758241758323,-0.04712041884816742,-6.5616797900262425,-3.5230352303523005,4.093567251461994,10.559006211180112,3.655030403361913,3.605475083955292,3.497405419063635,3.3445623117841867,000100.SZ
2019-10-08,3.52,-0.27789807318144744,1,-0.011235955056179803,-0.024657534246575352,0.011080332409972415,-0.008241758241758323,-7.853403141361248,-4.86486486486487,-0.8450704225352101,7.645259938837912,3.6304794209324744,3.5973345997690735,3.49829148106114,3.3463079604231503,000100.SZ
2019-10-09,3.5,-0.12724625714347804,2,-0.005681818181818232,-0.011235955056179803,-0.024657534246575352,0.011080332409972415,-3.8461538461538547,-4.371584699453557,-2.2346368715083775,6.707317073170738,3.6067558898538423,3.588064637886305,3.4983584818038405,3.3478372344487908,000100.SZ
2019-10-10,3.54,0.258882111290925,3,0.011428571428571344,-0.005681818181818232,-0.011235955056179803,-0.024657534246575352,-1.939058171745145,-7.0866141732283445,-5.851063829787229,6.626506024096401,3.594618455334962,3.5834870533257046,3.4999914825174154,3.3497493017677087,000100.SZ
2019-10-11,3.53,-0.23357000177995768,4,-0.0028248587570621764,0.011428571428571344,-0.005681818181818232,-0.011235955056179803,-3.28767123287671,-6.613756613756616,-5.107526881720437,3.5190615835777095,3.5828696452740596,3.578393048247066,3.5011682871245755,3.3515428410536026,000100.SZ
2019-10-14,3.58,0.2500193533403867,0,0.014164305949008638,-0.0028248587570621764,0.011428571428571344,-0.005681818181818232,0.561797752808979,-6.036745406824151,-2.981029810298097,4.678362573099415,3.5823478915878666,3.578546091271155,3.5042597268451807,3.3538160466152585,000100.SZ
2019-10-15,3.5,-0.09778704430040053,1,-0.022346368715083775,0.014164305949008638,-0.0028248587570621764,0.011428571428571344,-0.5681818181818232,-8.376963350785338,-5.405405405405405,-1.4084507042253502,3.5673755476627997,3.571065511150093,3.504092678733605,3.3552706133156045,000100.SZ
2019-10-16,3.5,-0.22624413682645006,2,0.0,-0.022346368715083775,0.014164305949008638,-0.0028248587570621764,0.0,-3.8461538461538547,-4.371584699453557,-2.2346368715083775,3.555125448087745,3.5642973672310365,3.5039321815283655,3.3567107067154494,000100.SZ
2019-10-17,3.5,-0.2911849069994382,3,0.0,0.0,-0.022346368715083775,0.014164305949008638,-1.1299435028248594,-3.0470914127423754,-8.13648293963255,-6.914893617021267,3.545102639344518,3.5581738084471284,3.5037779783311747,3.3581364708277337,000100.SZ
2019-10-18,3.4,0.7507300792657488,4,-0.02857142857142858,0.0,0.0,-0.022346368715083775,-3.682719546742208,-6.849315068493156,-10.052910052910047,-8.602150537634412,3.5187203412818784,3.5431096362140684,3.4997082536907365,3.3585530233568113,000100.SZ
2019-10-21,3.35,0.018539258906231426,0,-0.014705882352941124,-0.02857142857142858,0.0,0.0,-6.424581005586594,-5.89887640449438,-12.073490813648291,-9.214092140921403,3.4880439155942637,3.5247182422889187,3.493837341781296,3.3584679186467934,000100.SZ
2019-10-22,3.36,-0.14701822520646668,1,0.0029850746268655914,-0.014705882352941124,-0.02857142857142858,0.0,-4.0000000000000036,-4.545454545454552,-12.041884816753923,-9.189189189189195,3.4647632036680336,3.509030790642355,3.4885888185741862,3.3584831632373726,000100.SZ
2019-10-23,3.36,0.019117364711045415,2,0.0,0.0029850746268655914,-0.014705882352941124,-0.02857142857142858,-4.0000000000000036,-4.0000000000000036,-7.692307692307699,-8.196721311475418,3.4457153484556637,3.4948373820097496,3.4835461198065714,3.3584982561404835,000100.SZ
2019-10-24,3.38,-0.3070029066637958,3,0.005952380952380931,0.0,0.0029850746268655914,-0.014705882352941124,-3.4285714285714364,-4.519774011299438,-6.371191135734067,-11.286089238845154,3.433767103281906,3.4839004884850118,3.479485487657294,3.3587122038405783,000100.SZ
2019-10-25,3.38,0.09872228047691167,4,0.0,0.005952380952380931,0.0,0.0029850746268655914,-0.588235294117645,-4.249291784702547,-7.397260273972606,-10.582010582010582,3.4239912663215595,3.4740052038673914,3.475584095984459,3.3589240227078365,000100.SZ
2019-10-28,3.44,0.3172033508889751,0,0.01775147928994092,0.0,0.005952380952380931,0.0,2.686567164179099,-3.9106145251396662,-3.370786516853941,-9.711286089238847,3.426901945172185,3.470766613022878,3.4741886412399703,3.359730748850047,000100.SZ
2019-10-29,3.35,-0.12800214678652888,1,-0.026162790697674354,0.01775147928994092,0.0,0.005952380952380931,-0.29761904761904656,-4.285714285714281,-4.829545454545448,-12.303664921465963,3.412919773322697,3.459265030830223,3.469318498446246,3.359633925478405,000100.SZ
2019-10-30,3.33,-0.3024465302354209,2,-0.005970149253731294,-0.026162790697674354,0.01775147928994092,0.0,-0.8928571428571397,-4.857142857142859,-4.857142857142859,-8.51648351648352,3.397843450900388,3.446954075513059,3.463855027918942,3.359339060548272,000100.SZ
2019-10-31,3.29,0.08545462566726969,3,-0.012012012012012074,-0.005970149253731294,-0.026162790697674354,0.01775147928994092,-2.6627218934911157,-5.999999999999995,-7.062146892655363,-8.864265927977833,3.378235550736681,3.4320060683213396,3.4570371836868268,3.3586491196472945,000100.SZ
2019-11-01,3.39,1.066533896927329,4,0.03039513677811545,-0.012012012012012074,-0.005970149253731294,-0.026162790697674354,0.2958579881656931,-0.2941176470588225,-3.966005665722372,-7.12328767123287,3.38037454151183,3.4280054903859742,3.4544082745226374,3.3589610687055305,000100.SZ
2019-11-04,3.45,0.02472219490608718,0,0.017699115044247815,0.03039513677811545,-0.012012012012012074,-0.005970149253731294,0.29069767441860517,2.9850746268656803,-3.6312849162011163,-3.08988764044944,3.393033715782406,3.43010020558731,3.454235401011946,3.359866928718411,000100.SZ
2019-11-05,3.45,-0.15573298529806912,1,0.0,0.017699115044247815,0.03039513677811545,-0.012012012012012074,2.9850746268656803,2.6785714285714413,-1.4285714285714235,-1.9886363636363535,3.403391222003787,3.4319954241028046,3.4540693068546147,3.360763775198825,000100.SZ
2019-11-06,3.49,0.6054151132126946,2,0.011594202898550732,0.0,0.017699115044247815,0.03039513677811545,4.8048048048048075,3.8690476190476275,-0.28571428571427804,-0.28571428571427804,3.419138272548553,3.4375196694263472,3.45547835364463,3.3620497077839118,000100.SZ
2019-11-07,3.62,0.5405768985683739,3,0.0372492836676217,0.011594202898550732,0.0,0.017699115044247815,10.030395136778125,7.100591715976345,3.4285714285714253,2.259887005649719,3.455658586630634,3.4548987485285996,3.461930182913468,3.3646163773582014,000100.SZ
2019-11-08,3.6,-0.13836240969171099,4,-0.0055248618784530246,0.0372492836676217,0.011594202898550732,0.0,6.194690265486735,6.5088757396449815,5.882352941176472,1.9830028328611915,3.4819024799705183,3.4687179153353997,3.4673446855443126,3.3669585029566274,000100.SZ
2019-11-11,3.49,-0.32455382383375475,0,-0.030555555555555558,-0.0055248618784530246,0.0372492836676217,0.011594202898550732,1.1594202898550732,1.4534883720930258,4.179104477611939,-2.5139664804469275,3.483374756339515,3.470744780541552,3.4682331292484574,3.3681827964595468,000100.SZ
2019-11-12,3.51,0.03444572547657043,1,0.005730659025787732,-0.030555555555555558,-0.0055248618784530246,0.0372492836676217,1.7391304347825987,4.776119402985057,4.464285714285721,0.28571428571428914,3.48821570973233,3.474483372870928,3.4698710457485182,3.3695939129126855,000100.SZ
2019-11-13,3.41,-0.10476655775748878,2,-0.028490028490028352,0.005730659025787732,-0.030555555555555558,-0.0055248618784530246,-2.2922636103151928,2.402402402402415,1.488095238095255,-2.571428571428569,3.473994671599179,3.4683420992641727,3.467523161601518,3.36999596353047,000100.SZ
2019-11-14,3.54,0.6444846169588647,3,0.038123167155425186,-0.028490028490028352,0.005730659025787732,-0.030555555555555558,-2.209944751381221,7.598784194528885,4.7337278106508895,1.1428571428571344,3.485995640399328,3.4751666612390135,3.470365390558321,3.3716875459829034,000100.SZ
2019-11-15,3.48,-0.4491008649119531,4,-0.016949152542372947,0.038123167155425186,-0.028490028490028352,0.005730659025787732,-3.3333333333333326,2.6548672566371723,2.9585798816567976,2.35294117647058,3.4849055239630866,3.4756269792162504,3.470743218379563,3.3727652818437703,000100.SZ
2019-11-18,3.52,0.30449351480582054,0,0.011494252873563315,-0.016949152542372947,0.038123167155425186,-0.028490028490028352,0.8595988538681931,2.0289855072463725,2.3255813953488413,5.074626865671639,3.49128633778798,3.479852981195655,3.4726748568744825,3.3742303039149766,000100.SZ
2019-11-19,3.51,-0.12308069729854543,1,-0.0028409090909091717,0.011494252873563315,-0.016949152542372947,0.038123167155425186,0.0,1.7391304347825987,4.776119402985057,4.464285714285721,3.4946888218265286,3.4827241258436876,3.474138587977444,3.375581246164579,000100.SZ
2019-11-20,3.48,-0.15658169730281235,2,-0.008547008547008517,-0.0028409090909091717,0.011494252873563315,-0.016949152542372947,2.052785923753664,-0.2865329512894088,4.504504504504503,3.571428571428581,3.492018126948978,3.482464685287146,3.474368447272446,3.3766202387400557,000100.SZ
2019-11-21,3.48,-0.10030828065246233,3,0.0,-0.008547008547008517,-0.0028409090909091717,0.011494252873563315,-1.6949152542372947,-3.8674033149171283,5.775075987841949,2.9585798816567976,3.4898330129582544,3.482229953355037,3.4745892924774484,3.3776488930809507,000100.SZ
2019-11-22,3.48,0.36618160525688026,4,0.0,0.0,-0.008547008547008517,-0.0028409090909091717,0.0,-3.3333333333333326,2.6548672566371723,2.9585798816567976,3.48804519242039,3.4820175768450334,3.474801477086176,3.3786673120552697,000100.SZ
2019-11-25,3.59,0.6652485872118863,0,0.031609195402298784,0.0,0.0,-0.008547008547008517,1.9886363636363535,2.865329512893977,4.057971014492745,4.3604651162790775,3.506582430162137,3.4923016171455066,3.4793190662200515,3.38077012487064,000100.SZ
2019-11-26,3.74,0.4755872035384734,1,0.04178272980501396,0.031609195402298784,0.0,0.0,6.552706552706566,6.552706552706566,8.405797101449286,11.641791044776117,3.549021988314476,3.515891939322125,3.4895418479369122,3.384344551488843,000100.SZ
2019-11-27,3.72,-0.552911915759553,2,-0.005347593582887722,0.04178272980501396,0.031609195402298784,0.0,6.896551724137945,9.090909090909083,6.5902578796561695,11.711711711711725,3.580108899530025,3.535330802243827,3.4985794225276217,3.3876844066979093,000100.SZ
2019-11-28,3.74,-0.1388587859609577,3,0.005376344086021501,-0.005347593582887722,0.04178272980501396,0.031609195402298784,7.471264367816088,5.649717514124308,3.314917127071837,13.677811550151976,3.6091800087063843,3.554823106792034,3.5080468961539895,3.3911900344919603,000100.SZ
2019-11-29,3.84,1.22736043760592,4,0.026737967914438387,0.005376344086021501,-0.005347593582887722,0.04178272980501396,10.344827586206895,10.344827586206895,6.666666666666665,13.27433628318584,3.651147279850678,3.5819828109070784,3.5210646649322643,3.3956558052930355,000100.SZ
2019-12-02,3.78,-0.23435334177062617,0,-0.015625,0.026737967914438387,0.005376344086021501,-0.005347593582887722,5.292479108635106,7.386363636363624,8.309455587392534,9.565217391304337,3.6745750471505545,3.6008415908206897,3.531218991797666,3.3994801256383784,000100.SZ
2019-12-03,3.84,-0.1642642790377331,1,0.015873015873015817,-0.015625,0.026737967914438387,0.005376344086021501,2.6737967914438387,9.401709401709413,9.401709401709413,11.304347826086936,3.704652311304999,3.6236185821711,3.5433280509428555,3.4038634079703347,000100.SZ
2019-12-04,3.94,0.5038615493289382,2,0.02604166666666674,0.015873015873015817,-0.015625,0.026737967914438387,5.913978494623651,13.218390804597702,15.542521994134884,12.893982808022919,3.7474428001586353,3.6537501457738526,3.558883813650979,3.4091981004283416,000100.SZ
2019-12-05,3.95,-0.30093629147160594,3,0.002538071065989911,0.02604166666666674,0.015873015873015817,-0.015625,5.614973262032086,13.505747126436795,11.581920903954801,9.116022099447507,3.784271381947974,3.6819644176049144,3.574221703311725,3.4145792138569155,000100.SZ
2019-12-06,3.96,-0.25970637311443845,4,0.0025316455696202667,0.002538071065989911,0.02604166666666674,0.015873015873015817,3.125,13.793103448275868,13.793103448275868,9.999999999999986,3.8162220397756146,3.708443996880637,3.589350263966167,3.420006286355852,000100.SZ
2019-12-09,4.09,0.8840044776570963,0,0.03282828282828287,0.0025316455696202667,0.002538071065989911,0.02604166666666674,8.20105820105821,13.927576601671298,16.193181818181813,17.191977077363884,3.8659998507255025,3.744782663844386,3.608983586947886,3.426672890471714,000100.SZ
2019-12-10,4.13,-0.2674717368961973,1,0.009779951100244544,0.03282828282828287,0.0025316455696202667,0.002538071065989911,7.552083333333326,10.427807486631014,17.66381766381766,17.66381766381766,3.91399987786632,3.7814700291925396,3.6294156031460085,3.433671170168513,000100.SZ
2019-12-11,3.9,0.9591152227288668,2,-0.05569007263922521,0.009779951100244544,0.03282828282828287,0.0025316455696202667,-1.0152284263959421,4.8387096774193505,12.06896551724137,14.369501466275647,3.9114544455269886,3.7927585978408693,3.640026755963812,3.438311258027533,000100.SZ
2019-12-12,3.91,-0.45124598565466,3,0.002564102564102555,-0.05569007263922521,0.009779951100244544,0.03282828282828287,-1.0126582278481067,4.545454545454541,12.356321839080465,10.451977401129952,3.9111900008857177,3.8039244456655488,3.650613942004447,3.443004678345667,000100.SZ
2019-12-13,3.94,0.16899297519397227,4,0.007672634271099765,0.002564102564102555,-0.05569007263922521,0.009779951100244544,-0.5050505050505083,2.604166666666674,13.218390804597702,13.218390804597702,3.9164281825428597,3.81688402226883,3.661962414867018,3.4479499054268046,000100.SZ
2019-12-16,4.33,2.472491627128105,0,0.09898477157360408,0.007672634271099765,0.002564102564102555,-0.05569007263922521,5.867970660146704,14.550264550264558,20.61281337047354,23.011363636363647,3.9916230584441577,3.8657522106241795,3.6881599672251744,3.4567265232832542,000100.SZ
2019-12-17,4.45,0.028266296949329694,1,0.02771362586605086,0.09898477157360408,0.007672634271099765,0.002564102564102555,7.748184019370474,15.885416666666675,18.983957219251323,26.780626780626804,4.07496432054522,3.9213948572314004,3.718036046941834,3.4666098414595403,000100.SZ
2019-12-18,4.44,-0.49872250828049125,2,-0.0022471910112359383,0.02771362586605086,0.09898477157360408,0.007672634271099765,13.846153846153864,12.690355329949243,19.354838709677423,27.586206896551737,4.141334444082453,3.9707858232093622,3.7463483588264683,3.4762953156738736,000100.SZ
2019-12-19,4.43,-0.18771470755916797,3,-0.0022522522522524513,-0.0022471910112359383,0.02771362586605086,0.09898477157360408,13.299232736572876,12.151898734177212,18.449197860962553,27.29885057471264,4.193819090612916,4.014520506713232,3.7731582271077837,3.48578491452289,000100.SZ
2019-12-20,4.35,-0.10755977876159284,4,-0.018058690744921058,-0.0022522522522524513,-0.0022471910112359383,0.02771362586605086,10.406091370558368,9.84848484848484,13.28125,25.0,4.222215619592386,4.046470934645305,3.795779473103557,3.4943840696022646,000100.SZ
2019-12-23,4.39,0.5092963540546354,0,0.009195402298850519,-0.018058690744921058,-0.0022522522522524513,-0.0022471910112359383,1.3856812933025209,7.334963325183375,16.13756613756614,22.284122562674092,4.252721870575588,4.079187988488609,3.819082238864202,3.5032956708997545,000100.SZ
2019-12-24,4.47,-0.31367938183356714,1,0.018223234624145768,0.009195402298850519,-0.018058690744921058,-0.0022522522522524513,0.44943820224718767,8.232445520581111,16.40625,19.518716577540097,4.29222698501639,4.116408180061122,3.84460842557541,3.512914619448016,000100.SZ
2019-12-25,4.48,-0.17272862955296142,2,0.0022371364653246406,0.018223234624145768,0.009195402298850519,-0.018058690744921058,0.9009009009008917,14.871794871794886,13.705583756345185,20.430107526881724,4.326367533195228,4.1510359724362536,3.869525742219512,3.522537359553011,000100.SZ
2019-12-26,4.69,0.7889241871592738,3,0.046875,0.0022371364653246406,0.018223234624145768,0.009195402298850519,5.8690744920993465,19.948849104859345,18.734177215189884,25.40106951871659,4.392482527159732,4.202365879823277,3.901701203308943,3.5341539032390514,000100.SZ
2019-12-27,4.52,-0.27340053757547333,4,-0.03624733475479758,0.046875,0.0022371364653246406,0.018223234624145768,3.9080459770114873,14.720812182741106,14.14141414141412,17.708333333333325,4.415667522221598,4.232616748411536,3.9259482149438867,3.5439633171371705,000100.SZ
2019-12-30,4.46,-0.23652306151144464,0,-0.01327433628318575,-0.03624733475479758,0.046875,0.0022371364653246406,1.5945330296127658,3.002309468822162,9.046454767726164,17.989417989418,4.423727972726762,4.254272296181866,3.946891422200989,3.5530781100014774,000100.SZ
2019-12-31,4.47,-0.24534640161245702,1,0.0022421524663676085,-0.01327433628318575,-0.03624733475479758,0.046875,0.0,0.44943820224718767,8.232445520581111,16.40625,4.432141068594623,4.274817791783593,3.9674054840754605,3.5622017108969852,000100.SZ
2020-01-02,4.57,0.7405708300602252,3,0.022371364653243964,0.0022421524663676085,-0.01327433628318575,-0.03624733475479758,2.0089285714285587,2.9279279279279313,17.179487179487186,15.989847715736039,4.457206328850146,4.302930383042298,3.9910366415626974,3.5722295545696525,000100.SZ
2020-01-03,4.65,-0.026019821760610462,4,0.017505470459518557,0.022371364653243964,0.0022421524663676085,-0.01327433628318575,-0.8528784648187626,4.966139954853288,18.92583120204605,17.721518987341778,4.492259723604664,4.335984632276365,4.016878341893572,3.5829536386037857,000100.SZ
2020-01-06,4.61,-0.07467085143058372,0,-0.008602150537634468,0.017505470459518557,0.022371364653243964,0.0022421524663676085,1.9911504424778848,5.977011494252893,17.00507614213198,16.414141414141415,4.513667046585634,4.362081333964331,4.040138014760491,3.5931730053838478,000100.SZ
2020-01-07,4.57,-0.09442415420875871,1,-0.008676789587852451,-0.008602150537634468,0.017505470459518557,0.022371364653243964,2.4663677130045025,4.10022779043282,5.542725173210172,11.735941320293408,4.523909401751882,4.381883111682014,4.060916916142433,3.6028926769720684,000100.SZ
2020-01-08,4.72,1.7754241349563884,2,0.03282275711159732,-0.008676789587852451,-0.008602150537634468,0.017505470459518557,5.592841163310958,5.592841163310958,6.067415730337067,14.28571428571428,4.559562237796994,4.414084720093251,4.086763311587828,3.61400817272359,000100.SZ
2020-01-09,4.78,-0.45191909209729353,3,0.01271186440677985,0.03282275711159732,-0.008676789587852451,-0.008602150537634468,4.59518599562363,6.696428571428559,7.657657657657646,22.564102564102573,4.5996418309248135,4.448933794370085,4.113949064074579,3.6256100814527086,000100.SZ
2020-01-10,4.67,-0.23609757989074853,4,-0.023012552301255318,0.01271186440677985,0.03282275711159732,-0.008676789587852451,0.4301075268817067,-0.4264392324093924,5.417607223476306,19.437340153452688,4.61243422530212,4.4699877187157915,4.135754983130479,3.6360020209407415,000100.SZ
2020-01-13,4.77,-0.13427409376725052,0,0.021413276231263323,-0.023012552301255318,0.01271186440677985,0.03282275711159732,3.4707158351409806,5.530973451327426,9.6551724137931,21.065989847715727,4.641082547974461,4.498560316933336,4.160627336733206,3.6472855829214312,000100.SZ
2020-01-14,4.87,0.5659295959425685,1,0.02096436058700224,0.021413276231263323,-0.023012552301255318,0.01271186440677985,6.5645514223194645,9.192825112107617,10.933940774487482,12.471131639722866,4.682703902888195,4.5339355248444475,4.18844587254759,3.659451895529178,000100.SZ
2020-01-15,4.84,-0.442204093476928,2,-0.006160164271047264,0.02096436058700224,0.021413276231263323,-0.023012552301255318,2.5423728813559254,8.277404921700215,8.277404921700215,8.764044943820215,4.71130319327216,4.563084522478309,4.213997014800626,3.6711986428373455,000100.SZ
2020-01-16,4.91,0.30112353893788235,3,0.01446280991735538,-0.006160164271047264,0.02096436058700224,0.021413276231263323,2.7196652719665204,7.4398249452954035,9.59821428571428,10.585585585585576,4.747429885404494,4.5961240917660895,4.241291249514327,3.6835250245006557,000100.SZ
2020-01-17,4.86,-0.25846747149564064,4,-0.010183299389001976,0.01446280991735538,-0.006160164271047264,0.02096436058700224,4.068522483940051,4.516129032258065,3.6247334754797356,9.706546275395045,4.767897178967313,4.621255130645509,4.265554337768667,3.6952312431623406,000100.SZ
2020-01-20,5.2,1.3279906074705399,0,0.06995884773662553,-0.010183299389001976,0.01446280991735538,-0.006160164271047264,9.014675052410915,12.798264642082424,15.044247787610644,19.54022988505748,4.846461328245983,4.676373689631651,4.302199265699308,3.710204066613462,000100.SZ
2020-01-21,5.1,-0.44973550903303894,1,-0.019230769230769384,0.06995884773662553,-0.010183299389001976,0.01446280991735538,4.7227926078028615,11.597374179431053,14.34977578475336,16.17312072892938,4.892559268564895,4.716719052523875,4.333485569005218,3.72403288187104,000100.SZ
2020-01-22,5.13,0.18667725751373077,2,0.00588235294117645,-0.019230769230769384,0.06995884773662553,-0.010183299389001976,5.991735537190079,8.686440677966111,14.76510067114094,14.76510067114094,4.935730310644004,4.756079142759696,4.364721429044229,3.7380226044394878,000100.SZ
2020-01-23,5.06,0.2991292607297733,3,-0.013645224171540016,0.00588235294117645,-0.019230769230769384,0.06995884773662553,3.054989816700604,5.8577405857740406,10.722100656455137,12.946428571428559,4.958324799617821,4.785023986306392,4.39198725535622,3.7511766083754137,000100.SZ
2020-02-03,4.55,-0.25384005636779994,0,-0.10079051383399207,-0.013645224171540016,0.00588235294117645,-0.019230769230769384,-6.378600823045277,-2.569593147751603,-2.1505376344086113,-2.9850746268656803,4.884083926960035,4.762640749515307,4.398183833577545,3.759125099834365,000100.SZ
2020-02-04,4.92,0.7098643751696785,1,0.08131868131868125,-0.10079051383399207,-0.013645224171540016,0.00588235294117645,-5.384615384615388,3.1446540880503138,6.724511930585675,8.849557522123908,4.89061412205821,4.777627344799564,4.418647212652936,3.770676093865864,000100.SZ
2020-02-05,4.98,-0.03122713277830691,2,0.012195121951219523,0.08131868131868125,-0.10079051383399207,-0.013645224171540016,-2.3529411764705688,2.2587268993840004,8.97155361050328,11.659192825112118,4.906866099865808,4.796900931009129,4.4406610474508605,3.7827091675587408,000100.SZ
2020-02-06,5.48,0.5217106271088008,3,0.10040160642570273,0.012195121951219523,0.08131868131868125,-0.10079051383399207,6.822612085769997,13.223140495867792,16.10169491525426,22.595078299776294,5.01107226352657,4.861957985198736,4.481419437746905,3.7995976335531814,000100.SZ
2020-02-07,5.69,0.03296440855356053,4,0.038321167883211604,0.10040160642570273,0.012195121951219523,0.08131868131868125,12.45059288537551,15.885947046843185,19.037656903765686,24.507658643326046,5.134513670158102,4.940819129465524,4.528814753913693,3.8184076073486724,000100.SZ
2020-02-10,5.6,-0.32216167697245546,0,-0.015817223198594133,0.038321167883211604,0.10040160642570273,0.012195121951219523,23.076923076923084,15.226337448559658,19.914346895074942,20.430107526881702,5.219147548311174,5.003598259992617,4.570822018466098,3.8361348948377403,000100.SZ
2020-02-11,5.5,-0.18043712338569995,1,-0.017857142857142794,-0.015817223198594133,0.038321167883211604,0.10040160642570273,11.788617886178866,5.769230769230771,15.303983228511541,19.30585683297179,5.270211630436415,5.050874616183796,4.607260370683114,3.8526907665308974,000100.SZ
2020-02-12,5.55,0.07211316797708589,2,0.009090909090909038,-0.017857142857142794,-0.015817223198594133,0.038321167883211604,11.445783132530106,8.823529411764719,13.963039014373702,21.444201312910273,5.321082243084339,5.098410367023434,4.644230552224952,3.8695794156201426,000100.SZ
2020-02-13,5.68,0.41695304858788007,3,0.023423423423423406,0.009090909090909038,-0.017857142857142794,-0.015817223198594133,3.649635036496335,10.72124756335282,17.355371900826434,20.338983050847446,5.386340017069005,5.153799855878345,4.684848961941621,3.887593550788101,000100.SZ
2020-02-14,5.56,-0.3245165449076063,4,-0.021126760563380254,0.023423423423423406,0.009090909090909038,-0.017857142857142794,-2.2847100175747093,9.881422924901194,13.238289205702646,16.317991631799146,5.417914559420094,5.1924855838899315,4.71916861049293,3.9042344109792646,000100.SZ
2020-02-17,5.79,0.20730747208703115,0,0.04136690647482033,-0.021126760563380254,0.023423423423423406,0.009090909090909038,3.392857142857153,27.252747252747266,19.135802469135797,23.982869379014993,5.485566457707349,5.249391718757558,4.761161998316737,3.922998247685939,000100.SZ
2020-02-18,6.15,0.4138614709204862,1,0.06217616580310881,0.04136690647482033,-0.021126760563380254,0.023423423423423406,11.818181818181817,25.0,18.26923076923077,28.93081761006291,5.606372556306012,5.335163936018742,4.815626233676865,3.9451574691019995,000100.SZ
2020-02-19,6.09,-0.29818190288729196,2,-0.00975609756097573,0.06217616580310881,0.04136690647482033,-0.021126760563380254,9.72972972972974,22.289156626506013,19.41176470588235,25.051334702258732,5.694304818795828,5.407053084969339,4.865601675493459,3.966499185827353,000100.SZ
2020-02-20,6.7,0.48371486323671453,3,0.10016420361247946,-0.00975609756097573,0.06217616580310881,0.04136690647482033,17.957746478873247,22.262773722627728,30.604288499025344,38.42975206611572,5.877158488105678,5.530190886400829,4.937538864689794,3.993698198903698,000100.SZ
2020-02-21,6.67,0.4295787250796379,4,-0.004477611940298498,0.10016420361247946,-0.00975609756097573,0.06217616580310881,19.964028776978427,17.22319859402459,31.818181818181834,35.84521384928716,6.021311490268282,5.638744135315036,5.005478517054901,4.020328067571324,000100.SZ
2020-02-24,7.17,-0.04633396760221331,0,0.07496251874062976,-0.004477611940298498,0.10016420361247946,-0.00975609756097573,23.834196891191706,28.0357142857143,57.58241758241758,47.53086419753085,6.230163946583139,5.784578027189793,5.090361712464513,4.05166808679947,000100.SZ
2020-02-25,7.36,0.2518976250561986,1,0.02649930264993028,0.07496251874062976,-0.004477611940298498,0.10016420361247946,19.674796747967484,33.81818181818181,49.593495934959364,41.53846153846155,6.435588683568023,5.93461821507648,5.179367135505121,4.084586812303953,000100.SZ
2020-02-26,6.65,-0.04435202709433217,2,-0.09646739130434778,0.02649930264993028,0.07496251874062976,-0.004477611940298498,9.195402298850585,19.81981981981984,33.53413654618473,30.392156862745125,6.474572559282927,6.002749813640625,5.237039012544136,4.110113311684013,000100.SZ
2020-02-27,6.44,-0.28741436653523056,3,-0.03157894736842104,-0.09646739130434778,0.02649930264993028,0.07496251874062976,-3.880597014925369,13.38028169014085,17.51824817518248,25.536062378167657,6.468286639413304,6.044392688531993,5.28421395322868,4.13329626380656,000100.SZ
2020-02-28,5.88,0.3406798777436464,4,-0.08695652173913049,-0.03157894736842104,-0.09646739130434778,0.02649930264993028,-11.844077961019494,5.755395683453246,3.3391915641476144,16.205533596837963,6.361325432247249,6.028736242005136,5.3075781119255945,4.150676400485102,000100.SZ
2020-03-02,6.36,-0.0444937974558155,0,0.08163265306122458,-0.08695652173913049,-0.03157894736842104,-0.09646739130434778,-11.297071129707103,9.844559585492242,13.57142857142859,39.780219780219795,6.36108444456593,6.060285171337981,5.348849558516747,4.17265971988326,000100.SZ
2020-03-03,6.4,-0.042926728127216096,1,0.0062893081761006275,0.08163265306122458,-0.08695652173913049,-0.03157894736842104,-13.043478260869568,4.065040650406493,16.36363636363638,30.08130081300815,6.368160000099397,6.092638964543887,5.390071144457267,4.1948223097351685,000100.SZ
2020-03-04,6.2,-0.29925196819491207,2,-0.03125,0.0062893081761006275,0.08163265306122458,-0.08695652173913049,-6.766917293233088,1.806239737274229,11.711711711711725,24.497991967871478,6.33758545462678,6.102863825063517,5.421833060360904,4.214774326553724,000100.SZ
2020-03-05,6.25,-0.091095031139388,3,0.008064516129032251,-0.03125,0.0062893081761006275,0.08163265306122458,-2.9503105590062195,-6.716417910447758,10.035211267605648,14.051094890510928,6.32166082651282,6.116876794105087,5.454310195248712,4.235025328279558,000100.SZ
2020-03-06,6.37,0.05090001158442958,4,0.019200000000000106,0.008064516129032251,-0.03125,0.0062893081761006275,8.333333333333348,-4.497751124437777,14.568345323741028,11.950790861159932,6.330449767146852,6.140983766095078,5.490219599356606,4.256268857351403,000100.SZ
2020-03-09,5.95,0.0069001425998198584,0,-0.06593406593406592,0.019200000000000106,0.008064516129032251,-0.03125,-6.446540880503148,-17.01534170153417,2.763385146804831,6.25,6.26127708221106,6.122794835990785,5.5082502033034055,4.273121903546911,000100.SZ
2020-03-10,6.17,0.20732337937620815,1,0.036974789915966255,-0.06593406593406592,0.019200000000000106,0.008064516129032251,-3.5937500000000067,-16.168478260869566,0.3252032520325132,12.181818181818183,6.2446812490817765,6.127290565896424,5.53420117572288,4.291996312466843,000100.SZ
2020-03-11,5.83,-0.13847344091249347,2,-0.05510534846029169,0.036974789915966255,-0.06593406593406592,0.019200000000000106,-5.967741935483872,-12.330827067669182,-4.269293924466333,5.04504504504506,6.169284658339635,6.098977178668193,5.545801129616101,4.30729983174578,000100.SZ
2020-03-12,5.5,0.057817500218343865,3,-0.05660377358490565,-0.05510534846029169,0.036974789915966255,-0.06593406593406592,-12.0,-14.596273291925465,-17.910447761194035,-3.169014084507038,6.0475965386415185,6.041931733080745,5.544005006886058,4.319167495111494,000100.SZ
2020-03-13,5.46,-0.20861586794845466,4,-0.0072727272727273196,-0.05660377358490565,-0.05510534846029169,0.036974789915966255,-14.28571428571429,-7.14285714285714,-18.140929535232388,-1.7985611510791255,5.940760804343061,5.986509663263531,5.540710692890526,4.330519062324315,000100.SZ
2020-03-16,4.92,0.1750793833379256,0,-0.09890109890109888,-0.0072727272727273196,-0.05660377358490565,-0.05510534846029169,-17.310924369747905,-22.64150943396227,-31.380753138075313,-15.025906735751294,5.75516793082614,5.884937314381291,5.516369097090898,4.336384544291238,000100.SZ
2020-03-17,5.09,-0.06083088417750482,1,0.03455284552845517,-0.09890109890109888,-0.0072727272727273196,-0.05660377358490565,-17.504051863857374,-20.468750000000004,-30.842391304347828,-17.23577235772359,5.634228307039569,5.80922899872593,5.499648740342235,4.343883205542071,000100.SZ
2020-03-18,4.9,-0.14379729775588657,2,-0.037328094302553905,0.03455284552845517,-0.09890109890109888,-0.0072727272727273196,-15.95197255574613,-20.967741935483865,-26.315789473684216,-19.540229885057457,5.500732251214193,5.7226357607520315,5.476133103466069,4.349416705984439,000100.SZ
2020-03-19,5.04,-0.031450386866087476,3,0.02857142857142847,-0.037328094302553905,0.03455284552845517,-0.09890109890109888,-8.363636363636362,-19.36,-21.739130434782616,-24.776119402985074,5.41696275099343,5.6576228311565995,5.459029844506616,4.356288181546783,000100.SZ
2020-03-20,4.99,-0.16661405262573292,4,-0.009920634920634885,0.02857142857142847,-0.037328094302553905,0.03455284552845517,-8.608058608058599,-21.664050235478804,-15.136054421768709,-25.187406296851567,5.339333159903715,5.59403970437978,5.440636517271062,4.362593771780149,000100.SZ
2020-03-23,4.58,0.16531340205462386,0,-0.0821643286573146,-0.009920634920634885,0.02857142857142847,-0.037328094302553905,-6.910569105691056,-23.02521008403361,-27.987421383647803,-36.122733612273365,5.201272585375767,5.497464494438849,5.4068860656133735,4.364757017832088,000100.SZ
2020-03-24,4.61,-0.03813138457648857,1,0.0065502183406114245,-0.0821643286573146,-0.009920634920634885,0.02857142857142847,-9.430255402750486,-25.283630470016206,-27.968749999999996,-37.3641304347826,5.093768478943809,5.412944066397054,5.375635631667751,4.367197246510376,000100.SZ
2020-03-25,4.74,0.16104413020962083,2,0.02819956616052055,0.0065502183406114245,-0.0821643286573146,-0.009920634920634885,-3.2653061224489854,-18.696397941680953,-23.548387096774192,-28.721804511278194,5.029446937317662,5.34885415531162,5.350708744151368,4.370906726644601,000100.SZ
2020-03-26,4.54,-0.35455998361375896,3,-0.04219409282700426,0.02819956616052055,0.0065502183406114245,-0.0821643286573146,-9.92063492063492,-17.454545454545457,-27.359999999999996,-29.503105590062116,4.940456585078087,5.2718204262343225,5.318916244380726,4.372589246777491,000100.SZ
2020-03-27,4.49,-0.18424041488855303,4,-0.011013215859030812,-0.04219409282700426,0.02819956616052055,0.0065502183406114245,-10.020040080160319,-17.76556776556776,-29.513343799058077,-23.639455782312922,4.858555387791162,5.19736133802153,5.286409724993247,4.3737575129787105,000100.SZ
2020-03-30,4.28,0.18598711117253508,0,-0.04677060133630284,-0.011013215859030812,-0.04219409282700426,0.02819956616052055,-6.550218340611346,-13.008130081300806,-28.067226890756302,-32.704402515723274,4.75336349910186,5.109993591543289,5.246942676954296,4.372824602401808,000100.SZ
2020-03-31,4.14,-0.057704425588481434,1,-0.032710280373831946,-0.04677060133630284,-0.011013215859030812,-0.04219409282700426,-10.195227765726688,-18.664047151277018,-32.901134521880074,-35.312500000000014,4.641842862901521,5.017613249491547,5.20353316021099,4.370507939691342,000100.SZ
2020-04-01,4.37,0.9319372686966398,2,0.05555555555555558,-0.032710280373831946,-0.04677060133630284,-0.011013215859030812,-7.805907172995785,-10.816326530612253,-25.042881646655236,-29.516129032258064,4.592416887828517,4.955935797159019,5.170845585300755,4.3705028855650605,000100.SZ
2020-04-02,4.57,-0.16016510350975355,3,0.04576659038901609,0.05555555555555558,-0.032710280373831946,-0.04677060133630284,0.6607929515418665,-9.325396825396826,-16.909090909090907,-26.879999999999992,4.588341090041514,4.919180006953399,5.1472830133281775,4.372487931479836,000100.SZ
2020-04-03,4.4,-0.3715881085933508,4,-0.03719912472647702,0.04576659038901609,0.05555555555555558,-0.032710280373831946,-2.0044543429844075,-11.823647294589179,-19.413919413919412,-30.926216640502346,4.554097255488511,4.8697342920054565,5.11797779711923,4.372761683405409,000100.SZ
2020-04-07,4.64,0.5176947818586934,1,0.05454545454545445,-0.03719912472647702,0.04576659038901609,0.05555555555555558,8.411214953271017,1.3100436681222627,-5.691056910569115,-22.016806722689086,4.569715936308781,4.847854835623984,5.099233569781221,4.375420771132719,000100.SZ
2020-04-08,4.61,-0.2329310850049282,2,-0.006465517241379226,0.05454545454545445,-0.03719912472647702,0.04576659038901609,11.352657004830924,0.0,-9.430255402750486,-25.283630470016206,4.577040311525366,4.825201994135986,5.080047939593722,4.37775489281299,000100.SZ
2020-04-09,4.56,-0.3827130481758022,3,-0.010845986984815759,-0.006465517241379226,0.05454545454545445,-0.03719912472647702,4.347826086956519,-3.797468354430389,-6.938775510204098,-21.783876500857634,4.573942073066208,4.79994466136113,5.05965390274691,4.379568276964105,000100.SZ
2020-04-10,4.41,0.03781263088146125,4,-0.0328947368421052,-0.010845986984815759,-0.006465517241379226,0.05454545454545445,-3.5010940919037226,-2.8634361233480177,-12.5,-19.818181818181813,4.544134423417806,4.762807074564832,5.034177279109777,4.379871080178392,000100.SZ
2020-04-13,4.3,-0.31338015443736367,0,-0.024943310657596474,-0.0328947368421052,-0.010845986984815759,-0.006465517241379226,-2.272727272727282,-4.231625835189323,-13.827655310621246,-21.245421245421248,4.49974634643275,4.718730210320563,5.005386013262335,4.37907634306219,000100.SZ
2020-04-14,4.47,0.4147674439005562,1,0.03953488372093017,-0.024943310657596474,-0.0328947368421052,-0.010845986984815759,-3.6637931034482762,4.439252336448596,-2.401746724890841,-9.146341463414643,4.494337919808613,4.695041618861461,4.984390483330479,4.379981056066546,000100.SZ
2020-04-15,4.43,0.2719702371725312,2,-0.008948545861297563,0.03953488372093017,-0.024943310657596474,-0.0328947368421052,-3.904555314533631,7.004830917874405,-3.904555314533631,-12.966601178781934,4.482640116207047,4.669799559922275,4.962649680062618,4.380478757001208,000100.SZ
2020-04-16,4.45,-0.41350902080073315,3,0.004514672686230403,-0.008948545861297563,0.03953488372093017,-0.024943310657596474,-2.412280701754377,1.8306636155606348,-6.118143459915615,-9.183673469387754,4.476705549623947,4.648866268501107,4.942545771040555,4.381170510662888,000100.SZ
2020-04-17,4.61,1.7371645152978532,4,0.035955056179775235,0.004514672686230403,-0.008948545861297563,0.03953488372093017,4.535147392290262,0.875273522975939,1.541850220264318,-8.531746031746025,4.500940904237774,4.645164719120049,4.929504760411514,4.3834474210045515,000100.SZ
2020-04-20,4.61,-0.5862725508713648,0,0.0,0.035955056179775235,0.004514672686230403,-0.008948545861297563,7.209302325581413,4.772727272727262,2.6726057906458767,-7.61523046092184,4.520769830739997,4.641815698251473,4.916975161964004,4.385701675521919,000100.SZ
2020-04-21,4.45,0.2616389592278616,1,-0.03470715835141003,0.0,0.035955056179775235,0.004514672686230403,-0.4474272930648726,-4.094827586206884,3.971962616822422,-2.8384279475982543,4.50790258878727,4.623547536513238,4.898662410514436,4.3863414598450845,000100.SZ
2020-04-22,4.44,-0.3413422381495358,2,-0.0022471910112359383,-0.03470715835141003,0.0,0.035955056179775235,0.22573363431153126,-3.6876355748373113,7.246376811594213,-3.6876355748373113,4.495556663553221,4.606066818750072,4.880675649317791,4.386875375667522,000100.SZ
2020-04-23,4.34,0.04078856718896273,3,-0.022522522522522626,-0.0022471910112359383,-0.03470715835141003,0.0,-2.4719101123595544,-4.824561403508765,-0.6864988558352492,-8.438818565400851,4.467273633816271,4.580727121726256,4.859472682677877,4.386408954019089,000100.SZ
2020-04-24,4.24,-0.17044027292168773,4,-0.02304147465437778,-0.022522522522522626,-0.0022471910112359383,-0.03470715835141003,-8.026030368763559,-3.8548752834467126,-7.221006564551424,-6.607929515418498,4.425951154940585,4.548276919657089,4.835179636298353,4.3849521485064615,000100.SZ
2020-04-27,4.27,-0.2938968000654718,0,0.007075471698112956,-0.02304147465437778,-0.022522522522522626,-0.0022471910112359383,-7.375271149674633,-0.6976744186046546,-2.9545454545454763,-4.899777282850792,4.397596399496842,4.521774355880223,4.813015728992535,4.383808346033761,000100.SZ
2020-04-28,4.23,0.7695695637685989,1,-0.009367681498828828,0.007075471698112956,-0.02304147465437778,-0.022522522522522626,-4.943820224719097,-5.369127516778505,-8.836206896551712,-1.1682242990654124,4.3671243268610525,4.493986321986869,4.79015236707126,4.382277914729943,000100.SZ
2020-04-29,4.32,0.06607118002963763,2,0.02127659574468077,-0.009367681498828828,0.007075471698112956,-0.02304147465437778,-2.7027027027027084,-2.483069977426622,-6.290672451193058,4.347826086956541,4.35855626743177,4.477416196083357,4.771715019342976,4.381658233986361,000100.SZ
2020-04-30,4.64,1.8598044712044302,3,0.07407407407407396,0.02127659574468077,-0.009367681498828828,0.007075471698112956,6.912442396313367,4.269662921348294,1.7543859649122862,6.178489702517154,4.409727855171448,4.492900367884942,4.76654972446678,4.384228798822317,000100.SZ
2020-05-06,4.8,-0.03438978672209436,2,0.034482758620689724,0.07407407407407396,0.02127659574468077,-0.009367681498828828,13.207547169811317,4.121475054229928,8.843537414965974,5.032822757111588,4.4806864269584565,4.5221479518959,4.767861499977887,4.388365825699706,000100.SZ
2020-05-07,4.71,-0.4475181604796814,3,-0.018749999999999933,0.034482758620689724,0.07407407407407396,0.02127659574468077,10.304449648711955,2.1691973969631073,9.534883720930232,7.0454545454545325,4.522379803875101,4.54003862314391,4.765592421547382,4.391566165742496,000100.SZ
2020-05-08,4.74,0.01628434940626322,4,0.006369426751592355,-0.018749999999999933,0.034482758620689724,0.07407407407407396,12.056737588652467,6.516853932584277,6.040268456375841,2.155172413793105,4.561947112261446,4.559082563796871,4.764588797172975,4.395033169068442,000100.SZ
2020-05-11,4.84,0.21975115408238066,0,0.021097046413502074,0.006369426751592355,-0.018749999999999933,0.034482758620689724,12.037037037037024,9.009009009009006,9.255079006772004,4.989154013015185,4.612502182759365,4.585836605340026,4.767546099244623,4.399460699724477,000100.SZ
2020-05-12,4.83,-0.36157607062511665,1,-0.0020661157024792765,0.021097046413502074,0.006369426751592355,-0.018749999999999933,4.094827586206895,11.290322580645174,8.539325842696632,5.92105263157896,4.65204724043948,4.609090261974309,4.769995271823265,4.403744672861547,000100.SZ
2020-05-13,4.89,0.2146714413835653,2,0.012422360248447228,-0.0020661157024792765,0.021097046413502074,0.006369426751592355,1.8750000000000044,15.330188679245271,6.073752711496727,10.88435374149659,4.695311378541392,4.635843570357708,4.774701339594902,4.408583034325611,000100.SZ
2020-05-14,4.99,0.2802473725826975,3,0.020449897750511425,0.012422360248447228,-0.0020661157024792765,0.021097046413502074,5.944798301486198,16.86182669789229,8.242950108459857,16.04651162790698,4.748891127897503,4.669572754133165,4.78314442431667,4.414368277765157,000100.SZ
2020-05-15,5.19,0.3279424095547785,4,0.04008016032064132,0.020449897750511425,0.012422360248447228,-0.0020661157024792765,9.493670886075956,22.695035460992898,16.629213483146078,16.107382550335593,4.829092741007047,4.719137253739531,4.799099544931702,4.422086006344609,000100.SZ
2020-05-18,4.9,-0.13151831751175058,0,-0.055876685934489356,0.04008016032064132,0.020449897750511425,0.012422360248447228,1.2396694214876103,13.425925925925931,10.360360360360366,10.609480812641102,4.841984969914856,4.736362277192909,4.803056425522616,4.426841369465558,000100.SZ
2020-05-19,5.09,-0.31691746789472386,1,0.03877551020408143,-0.055876685934489356,0.04008016032064132,0.020449897750511425,5.3830227743271175,9.698275862068972,17.28110599078341,14.382022471910094,4.887078611748518,4.770042060317394,4.814309114717807,4.43343996280421,000100.SZ
2020-05-20,5.16,0.41246287719881214,2,0.013752455795677854,0.03877551020408143,-0.055876685934489356,0.04008016032064132,5.521472392638049,7.500000000000018,21.698113207547177,11.930585683297167,4.936700682339697,4.807180911715737,4.827865620022991,4.4406694159106355,000100.SZ
2020-05-21,5.12,-0.16013468310506307,3,-0.007751937984496138,0.013752455795677854,0.03877551020408143,-0.055876685934489356,2.605210420841675,8.704883227176218,19.906323185011733,11.062906724511933,4.970027831005206,4.836973205838048,4.839321870218169,4.447428924210032,000100.SZ
2020-05-22,4.95,0.007409774074106368,4,-0.033203125,-0.007751937984496138,0.013752455795677854,0.03877551020408143,-4.624277456647407,4.430379746835444,17.021276595744684,11.23595505617978,4.966386407186078,4.847737662424901,4.843662189033143,4.452429631431824,000100.SZ
2020-05-25,4.9,-0.5109025741283806,0,-0.010101010101010055,-0.033203125,-0.007751937984496138,0.013752455795677854,0.0,1.2396694214876103,13.425925925925931,10.360360360360366,4.954316151334063,4.852715027908244,4.845871514953412,4.45688306793499,000100.SZ
2020-05-26,5.03,0.3198138179750929,1,0.026530612244897833,-0.010101010101010055,-0.033203125,-0.007751937984496138,-1.178781925343808,4.140786749482395,8.405172413793128,15.89861751152075,4.9680768510915065,4.869599310964602,4.8530922398572,4.462585723975438,000100.SZ
2020-05-27,4.88,-0.15525433767212704,2,-0.02982107355864816,0.026530612244897833,-0.010101010101010055,-0.033203125,-5.4263565891472965,-0.2044989775051076,1.6666666666666607,15.094339622641506,4.952062878165778,4.8705898527774965,4.85414744613731,4.466739099856279,000100.SZ
2020-05-28,4.94,0.042345873767069664,3,0.012295081967213184,-0.02982107355864816,0.026530612244897833,-0.010101010101010055,-3.515624999999989,-1.002004008016033,4.883227176220806,15.690866510538658,4.949869627590182,4.877200342989164,4.857514212955455,4.471448163539302,000100.SZ
2020-05-29,5.22,1.5501991148751424,4,0.05668016194331971,0.012295081967213184,-0.02982107355864816,0.026530612244897833,5.454545454545445,0.5780346820809079,10.126582278481,23.404255319148916,4.998984240755603,4.909847929371149,4.871729341859163,4.47889644051901,000100.SZ
2020-06-01,5.4,-0.1535007792830595,0,0.034482758620689724,0.05668016194331971,0.012295081967213184,-0.02982107355864816,10.20408163265305,10.20408163265305,11.570247933884303,25.0,5.071896196981857,4.9565290789548495,4.892445838256844,4.488061650066085,000100.SZ
2020-06-02,5.72,0.5385623136680051,1,0.05925925925925912,0.034482758620689724,0.05668016194331971,0.012295081967213184,13.717693836978118,12.377210216110024,18.426501035196672,23.275862068965523,5.189733252076064,5.029240595244864,4.9248989426389285,4.500319743100253,000100.SZ
2020-06-03,5.71,-0.01369525694428464,2,-0.0017482517482516613,0.05925925925925912,0.034482758620689724,0.05668016194331971,17.008196721311485,10.658914728682166,16.768916155419223,18.958333333333343,5.284327206244052,5.094074824269162,4.955687219398186,4.512356362571892,000100.SZ
2020-06-04,5.8,-0.31902169728334795,3,0.015761821366024442,-0.0017482517482516613,0.05925925925925912,0.034482758620689724,17.40890688259109,13.28125,16.232464929859702,23.142250530785557,5.37808589601786,5.161305793386385,4.988797524519826,4.525168737073664,000100.SZ
2020-06-05,5.77,-0.19766457771549384,4,-0.005172413793103514,0.015761821366024442,-0.0017482517482516613,0.05925925925925912,10.53639846743295,16.56565656565656,11.17533718689787,21.729957805907162,5.4493430058327945,5.219276670206729,5.019432915715127,4.5375551177993,000100.SZ
2020-06-08,6.01,1.0092456568900432,0,0.04159445407279039,-0.005172413793103514,0.015761821366024442,-0.0017482517482516613,11.296296296296294,22.65306122448978,22.65306122448978,24.173553719008268,5.551280641135922,5.294583653996565,5.058278683726298,4.552206310657019,000100.SZ
2020-06-09,5.76,-0.33153734487016806,1,-0.04159733777038266,0.04159445407279039,-0.005172413793103514,0.015761821366024442,0.6993006993007089,14.512922465208744,13.163064833005889,19.254658385093173,5.589229615474846,5.338909020282607,5.085797166717423,4.564224158312173,000100.SZ
2020-06-10,5.98,-0.06494926980957494,2,0.03819444444444464,-0.04159733777038266,0.04159445407279039,-0.005172413793103514,4.728546409807355,22.540983606557386,15.891472868217061,22.290388548057273,5.6602787762976,5.399965304065216,5.120863944493211,4.578311480120012,000100.SZ
2020-06-11,5.83,-0.17793797606093587,3,-0.025083612040133874,0.03819444444444464,-0.04159733777038266,0.04159445407279039,0.5172413793103514,18.016194331983804,13.8671875,16.833667334669332,5.691137180607127,5.440920989392337,5.148673201571908,4.590766092258122,000100.SZ
2020-06-12,5.76,-0.16320030444422384,4,-0.012006861063464935,-0.025083612040133874,0.03819444444444464,-0.04159733777038266,-0.17331022530329143,10.344827586206895,16.36363636363636,10.982658959537561,5.703657693224013,5.471309466593066,5.172646801510265,4.602400260494361,000100.SZ
2020-06-15,5.57,-0.004389563910666472,0,-0.03298611111111105,-0.012006861063464935,-0.025083612040133874,0.03819444444444464,-7.321131447587348,3.1481481481481444,13.67346938775511,13.67346938775511,5.67935629445601,5.480708565012774,5.188229279882411,4.612028118598895,000100.SZ
2020-06-16,5.79,-0.08092448239908645,1,0.03949730700179521,-0.03298611111111105,-0.012006861063464935,-0.025083612040133874,0.5208333333333481,1.2237762237762295,15.109343936381702,13.75245579567781,5.699473331827645,5.510164892154415,5.211828131651728,4.623749231846666,000100.SZ
2020-06-17,5.79,-0.17978942364311146,2,0.0,0.03949730700179521,-0.03298611111111105,-0.012006861063464935,-3.177257525083621,1.4010507880910739,18.647540983606568,12.209302325581394,5.7159327260407995,5.536815854806376,5.234501538253621,4.635353717101923,000100.SZ
2020-06-18,6.13,1.4049858394256733,3,0.058721934369602824,0.0,0.03949730700179521,-0.03298611111111105,5.145797598627788,5.689655172413799,24.089068825910907,19.7265625,5.791217684942472,5.593309582920055,5.269619124988774,4.650225819419317,000100.SZ
2020-06-19,6.15,-0.33297366280614216,4,0.0032626427406199365,0.058721934369602824,0.0,0.03949730700179521,6.770833333333348,6.585788561525141,17.816091954023005,24.242424242424242,5.856450833134749,5.646327717880049,5.304143865185292,4.665148945594249,000100.SZ
2020-06-22,6.16,0.059315005501634266,0,0.001626016260162677,0.0032626427406199365,0.058721934369602824,0.0,10.592459605026928,2.4958402662229595,14.074074074074062,25.71428571428571,5.911641590746613,5.695248887605759,5.3377068508643,4.680023085439083,000100.SZ
2020-06-23,6.15,-0.17197328796059086,1,-0.0016233766233766378,0.001626016260162677,0.0032626427406199365,0.058721934369602824,6.217616580310881,6.770833333333348,7.517482517482521,22.266401590457253,5.954979483338137,5.738558517357591,5.369561484163739,4.694649721404863,000100.SZ
2020-06-24,6.14,-0.1102087624040442,2,-0.001626016260162677,-0.0016233766233766378,0.001626016260162677,0.0032626427406199365,6.0449050086355705,2.6755852842809347,7.53064798598948,25.81967213114753,5.9886195772766575,5.776791039514011,5.399774759294574,4.709031316216755,000100.SZ
2020-06-29,6.16,-0.05015913096083546,0,0.0032573289902280145,-0.001626016260162677,-0.0016233766233766378,0.001626016260162677,0.4893964110929794,5.660377358490565,6.20689655172415,24.696356275303643,6.019779654135447,5.813287130988868,5.4295875138320415,4.723468815557883,000100.SZ
2020-06-30,6.2,0.059680992467877614,1,0.006493506493506551,0.0032573289902280145,-0.001626016260162677,-0.0016233766233766378,0.8130081300812941,7.638888888888906,7.452339688041598,18.77394636015326,6.052546989747183,5.850116928037546,5.459799768191569,4.738160668139397,000100.SZ
2020-07-01,6.08,0.08199711502278717,2,-0.01935483870967747,0.006493506493506551,0.0032573289902280145,-0.001626016260162677,-1.2987012987012991,9.156193895870723,1.1647254575707144,12.592592592592577,6.057538446156786,5.872010553938733,5.484121345909547,4.751512303282289,000100.SZ
2020-07-02,6.32,0.6118101678541239,3,0.03947368421052633,-0.01935483870967747,0.006493506493506551,0.0032573289902280145,2.764227642276418,9.153713298791022,9.722222222222232,10.4895104895105,6.105258728673734,5.914676215468377,5.516900900971918,4.767119146035699,000100.SZ
2020-07-03,6.18,-0.18605870806299352,4,-0.022151898734177333,0.03947368421052633,-0.01935483870967747,0.006493506493506551,0.6514657980456029,6.735751295336789,3.3444816053511683,8.231173380035028,6.118848050733055,5.939945147328531,5.542904787208314,4.781177661995543,000100.SZ
2020-07-06,6.51,0.45472385861561126,0,0.05339805825242716,-0.022151898734177333,0.03947368421052633,-0.01935483870967747,5.681818181818166,6.199021207177813,11.663807890222987,12.241379310344836,6.189966586963408,5.994236085678195,5.580830089670733,4.798379874313996,000100.SZ
2020-07-07,6.81,0.3851122365560371,1,0.04608294930875578,0.05339805825242716,-0.022151898734177333,0.03947368421052633,9.838709677419356,10.731707317073159,18.229166666666675,18.024263431542465,6.302699934788242,6.071927887042176,5.629032831252273,4.818395994967588,000100.SZ
2020-07-08,6.87,-0.2773315158004759,2,0.008810572687224738,0.04608294930875578,0.05339805825242716,-0.022151898734177333,12.993421052631572,11.525974025974017,23.33931777378815,14.309484193011656,6.405845401190379,6.147934754942921,5.677698210418851,4.838809965166916,000100.SZ
2020-07-09,6.87,0.017173676132585358,3,0.0,0.008810572687224738,0.04608294930875578,0.05339805825242716,8.702531645569621,11.70731707317072,18.65284974093264,19.27083333333335,6.490237146428491,6.216702873519785,5.724455143343602,4.859020811284658,000100.SZ
2020-07-10,6.61,-0.21407921328623525,4,-0.03784570596797665,0.0,0.008810572687224738,0.04608294930875578,6.9579288025890085,7.654723127035834,14.162348877374797,10.53511705685619,6.51201221071422,6.254159742708377,5.759182392624244,4.876443489779338,000100.SZ
2020-07-13,6.99,0.20058767526671528,0,0.05748865355521926,-0.03784570596797665,0.0,0.008810572687224738,7.373271889400934,13.474025974025983,14.029363784665595,19.897084048027438,6.598919081493452,6.324239767212341,5.807449749776235,4.89747390281636,000100.SZ
2020-07-14,6.76,0.02577855993087086,1,-0.03290414878397718,0.05748865355521926,-0.03784570596797665,0.0,-0.7342143906020504,9.03225806451613,9.918699186991864,17.361111111111114,6.628206521221916,6.365740741763547,5.844804661549715,4.916006500798288,000100.SZ
2020-07-15,6.43,-0.1542053194440164,2,-0.04881656804733725,-0.03290414878397718,0.05748865355521926,-0.03784570596797665,-6.404657933042213,5.756578947368407,4.383116883116878,15.439856373429084,6.59216897190884,6.3718606711194,5.8677534983516875,4.931071112730644,000100.SZ
2020-07-16,6.3,0.41089571908345035,3,-0.02021772939346811,-0.04881656804733725,-0.03290414878397718,0.05748865355521926,-8.296943231441055,-0.31645569620254443,2.4390243902439046,8.808290155440401,6.539047340652687,6.3650167976794565,5.884704341553582,4.944692295688548,000100.SZ
2020-07-17,6.62,-0.2612565884482363,4,0.050793650793650835,-0.02021772939346811,-0.04881656804733725,-0.03290414878397718,0.1512859304084735,7.119741100323629,7.817589576547235,14.335060449050086,6.553766005988562,6.389300912186175,5.913539465414226,4.961362024089657,000100.SZ
2020-07-20,6.7,-0.12092679075539914,0,0.012084592145015227,0.050793650793650835,-0.02021772939346811,-0.04881656804733725,-4.14878397711016,2.9185867895545448,8.766233766233778,9.298531810766718,6.580354004899732,6.418891301501777,5.944381055005826,4.978661904446974,000100.SZ
2020-07-21,6.96,0.86876162006489,1,0.0388059701492538,0.012084592145015227,0.050793650793650835,-0.02021772939346811,2.9585798816567976,2.2026431718061623,12.25806451612903,13.170731707317064,6.649380549463417,6.4704254632635125,5.984209248927167,4.9983767113679,000100.SZ
2020-07-22,6.98,-0.35422482008647194,2,0.00287356321839094,0.0388059701492538,0.012084592145015227,0.050793650793650835,8.55365474339036,1.6011644832605532,14.802631578947366,13.311688311688318,6.709493176833704,6.518956371524131,6.023259866616297,5.018094356030907,000100.SZ
2020-07-23,6.72,0.1281728780884328,3,-0.037249283667621924,0.00287356321839094,0.0388059701492538,0.012084592145015227,6.666666666666665,-2.183406113537123,6.329113924050622,9.268292682926816,6.711403508318485,6.538103383759927,6.050583009101933,5.035028740548012,000100.SZ
2020-07-24,6.1,0.11948229612427985,4,-0.09226190476190477,-0.037249283667621924,0.00287356321839094,0.0388059701492538,-7.854984894259831,-7.715582450832081,-1.2944983818770184,-0.6514657980456029,6.60023923407876,6.496379251973267,6.052520930313622,5.045625469497783,000100.SZ
2020-07-27,6.04,-0.4921058754204727,0,-0.00983606557377048,-0.09226190476190477,-0.037249283667621924,0.00287356321839094,-9.850746268656717,-13.590844062947072,-7.219662058371734,-1.9480519480519543,6.498377555155349,6.4529145613091465,6.052029913438578,5.055519743433129,000100.SZ
2020-07-28,6.13,-0.1441262094357394,1,0.01490066225165565,-0.00983606557377048,-0.09226190476190477,-0.037249283667621924,-11.925287356321846,-9.319526627218933,-9.985315712187958,-1.1290322580645218,6.431399817854376,6.422160793565418,6.055087563891967,5.066211089269615,000100.SZ
2020-07-29,6.32,0.3349573568766726,2,0.030995106035889064,0.01490066225165565,-0.00983606557377048,-0.09226190476190477,-9.455587392550147,-1.710730948678063,-8.005822416302767,3.9473684210526327,6.411145305517216,6.412431194178235,6.065476286876597,5.078686600819172,000100.SZ
2020-07-30,6.16,-0.18016097242934992,3,-0.025316455696202556,0.030995106035889064,0.01490066225165565,-0.00983606557377048,-8.333333333333325,-2.2222222222222143,-10.334788937409023,-2.5316455696202556,6.3654825226959035,6.388390128066022,6.0691830991559454,5.089445938124454,000100.SZ
2020-07-31,6.26,0.055384671636265814,4,0.016233766233766156,-0.025316455696202556,0.030995106035889064,0.01490066225165565,2.622950819672143,-5.438066465256808,-5.295007564296528,1.2944983818770295,6.3463038822057385,6.376162496821639,6.07666611487532,5.101093242222719,000100.SZ
2020-08-03,6.34,0.3075893727129031,0,0.012779552715654896,0.016233766233766156,-0.025316455696202556,0.030995106035889064,4.966887417218535,-5.3731343283582085,-9.298998569384842,-2.611367127496156,6.345157721804695,6.372718449505292,6.086992933899818,5.113420672648364,000100.SZ
2020-08-04,6.21,-0.20692384630160754,1,-0.02050473186119872,0.012779552715654896,0.016233766233766156,-0.025316455696202556,1.3050570962479524,-10.775862068965514,-8.136094674556215,-8.81057268722466,6.320583590567477,6.357221454314312,6.091816740413551,5.124331909736441,000100.SZ
2020-08-05,6.43,0.30215523901396035,2,0.03542673107890493,-0.02050473186119872,0.012779552715654896,0.016233766233766156,1.7405063291139111,-7.87965616045846,0.0,-6.404657933042213,6.340477483191571,6.364152744379616,6.105078829024784,5.137323632027621,000100.SZ
2020-08-06,6.78,0.7265712691377664,3,0.054432348367029704,0.03542673107890493,-0.02050473186119872,0.012779552715654896,10.064935064935066,0.8928571428571397,7.619047619047636,-1.3100436681222738,6.420390668065831,6.403757244914892,6.131546325925773,5.153668670514908,000100.SZ
2020-08-07,6.58,-0.3901826975942464,4,-0.029498525073746285,0.054432348367029704,0.03542673107890493,-0.02050473186119872,5.111821086261981,7.868852459016407,-0.6042296072507614,-0.45385779122542047,6.449410546599316,6.4205422692087115,6.149132744516919,5.167861022052073,000100.SZ
2020-08-10,6.49,-0.4278351928506813,0,-0.013677811550151908,-0.029498525073746285,0.054432348367029704,0.03542673107890493,2.3659305993690927,7.450331125827825,-3.13432835820896,-7.153075822603716,6.456790447217623,6.427157291188834,6.162500087869197,5.181016633772948,000100.SZ
2020-08-11,6.24,0.0942038243686385,1,-0.03852080123266566,-0.013677811550151908,-0.029498525073746285,0.054432348367029704,0.48309178743961567,1.794453507340954,-10.344827586206895,-7.692307692307687,6.417374002268964,6.409332787266088,6.1655393001096215,5.191553781695606,000100.SZ
2020-08-12,6.29,-0.07188728447437043,2,0.008012820512820484,-0.03852080123266566,-0.013677811550151908,-0.029498525073746285,-2.1772939346811793,-0.4746835443038,-9.885386819484243,-2.1772939346811793,6.394215092765516,6.397967759907413,6.170420111870029,5.202483594813063,000100.SZ
2020-08-13,6.26,-0.10307808437473798,3,-0.004769475357710662,0.008012820512820484,-0.03852080123266566,-0.013677811550151908,-7.669616519174049,1.6233766233766156,-6.845238095238093,-0.6349206349206327,6.369812348626331,6.384827973249564,6.173933048659439,5.213006146108456,000100.SZ
2020-08-14,6.29,-0.12337525715354403,4,0.004792332268370725,-0.004769475357710662,0.008012820512820484,-0.03852080123266566,-4.4072948328267465,0.4792332268370725,3.1147540983606614,-4.984894259818729,6.355301012512452,6.375796737701987,6.1784846938100495,5.223722502863596,000100.SZ
2020-08-17,6.65,1.6092443697747911,0,0.05723370429252794,0.004792332268370725,-0.004769475357710662,0.008012820512820484,2.4653312788905923,4.88958990536279,10.099337748344372,-0.7462686567164201,6.408882646601096,6.401911334111322,6.196975490131224,5.2379143187555,000100.SZ
2020-08-18,6.74,-0.27696226853803674,1,0.013533834586466176,0.05723370429252794,0.004792332268370725,-0.004769475357710662,8.012820512820507,8.534621578099832,9.951060358890707,-3.1609195402298784,6.469085801764533,6.434110254672148,6.218270568949608,5.2528604449370375,000100.SZ
2020-08-19,6.53,-0.2079752346488749,2,-0.03115727002967361,0.013533834586466176,0.05723370429252794,0.004792332268370725,3.8155802861685295,1.5552099533437058,3.322784810126578,-6.4469914040114595,6.480161110534618,6.443242611370039,6.230495252520211,5.26556830120632,000100.SZ
2020-08-20,6.47,-0.29376148917563494,3,-0.009188361408882129,-0.03115727002967361,0.013533834586466176,0.05723370429252794,3.3546325878594185,-4.572271386430682,5.032467532467533,-3.720238095238093,6.4783136358919595,6.445790934096702,6.239887595558635,5.2775526962191925,000100.SZ
2020-08-21,6.55,0.4148592728306537,4,0.012364760432766575,-0.009188361408882129,-0.03115727002967361,0.013533834586466176,4.133545310015885,-0.455927051671734,4.63258785942493,7.377049180327866,6.491347520275239,6.455715607039873,6.252048866321042,5.290213863420992,000100.SZ
2020-08-24,6.77,0.4274059950614195,0,0.03358778625954195,0.012364760432766575,-0.009188361408882129,-0.03115727002967361,1.8045112781954753,4.314329738058542,6.782334384858046,12.086092715231779,6.542011607497923,6.485647453988457,6.272360675484923,5.3049381035859575,000100.SZ
2020-08-25,6.62,-0.2970572686122207,1,-0.02215657311669117,0.03358778625954195,0.012364760432766575,-0.009188361408882129,-1.7804154302670683,6.08974358974359,6.602254428341392,7.993474714518767,6.556191315225572,6.498442934560985,6.285993590171789,5.318023296585102,000100.SZ
2020-08-26,6.44,-0.2656279899781495,2,-0.027190332326283984,-0.02215657311669117,0.03358778625954195,0.012364760432766575,-1.3782542113323082,2.384737678855342,0.15552099533437946,1.8987341772152,6.535065621548195,6.492876940793272,6.292033057223876,5.329187243882763,000100.SZ
2020-08-27,6.65,0.04870318749242508,3,0.032608695652173836,-0.027190332326283984,-0.02215657311669117,0.03358778625954195,2.782071097372496,6.230031948881809,-1.9174041297935096,7.954545454545459,6.555962781266704,6.507841041670103,6.306070976548431,5.342329659366517,000100.SZ
2020-08-28,6.76,0.4962931288534993,4,0.016541353383458635,0.032608695652173836,-0.027190332326283984,-0.02215657311669117,3.2061068702289974,7.472178060413359,2.7355623100303816,7.987220447284349,6.59306045740003,6.531856180558664,6.3238721147230015,5.356435831910135,000100.SZ
2020-08-31,7.08,1.2930440558576373,0,0.047337278106508895,0.016541353383458635,0.032608695652173836,-0.027190332326283984,4.579025110782875,6.46616541353382,9.090909090909083,11.671924290220815,6.681594919690934,6.584060353838792,6.353524188655433,5.373585724129935,000100.SZ
2020-09-01,7.16,-0.40962662310322173,1,0.011299435028248705,0.047337278106508895,0.016541353383458635,0.032608695652173836,8.157099697885206,6.231454005934722,14.743589743589736,15.297906602254429,6.768577661565309,6.638911748711288,6.385150691061103,5.391360990556503,000100.SZ
2020-09-02,7.56,0.5729462039218818,2,0.05586592178770933,0.011299435028248705,0.047337278106508895,0.016541353383458635,17.391304347826075,15.773353751914222,20.19077901430841,17.573872472783837,6.9124726321897985,6.726634439310213,6.431223212980276,5.412939488162906,000100.SZ
2020-09-03,7.45,-0.4183554290066921,3,-0.014550264550264425,0.05586592178770933,0.011299435028248705,0.047337278106508895,12.030075187969924,15.146831530139115,19.00958466453675,9.882005899705003,7.010204880882562,6.7955263974711455,6.471175243843795,5.433208746987156,000100.SZ
2020-09-04,7.43,0.07844396703594803,4,-0.0026845637583893245,-0.014550264550264425,0.05586592178770933,0.011299435028248705,9.911242603550296,13.435114503816802,18.12400635930047,12.917933130699089,7.0865312661766415,6.855952454854846,6.50877621467345,5.4530773166688755,000100.SZ
2020-09-07,7.02,0.25279078037765523,0,-0.055181695827725474,-0.0026845637583893245,-0.014550264550264425,0.05586592178770933,-0.8474576271186529,3.692762186115206,5.563909774436082,8.166409861325107,7.074434672326342,6.871576030582955,6.528824206254884,5.468668587149782,000100.SZ
2020-09-08,7.04,-0.3199416575891292,1,0.002849002849002913,-0.055181695827725474,-0.0026845637583893245,-0.014550264550264425,-1.6759776536312887,6.344410876132933,4.451038575667643,12.82051282051282,7.0681738228124615,6.887616408622673,6.548870315813516,5.484303725586103,000100.SZ
2020-09-09,6.76,-0.16251968290166685,2,-0.03977272727272729,0.002849002849002913,-0.055181695827725474,-0.0026845637583893245,-10.582010582010582,4.968944099378869,3.522205206738116,7.472178060413359,7.01214221866474,6.875462464944324,6.557149911271809,5.4969972208539035,000100.SZ
2020-09-10,6.59,0.10782390936129849,3,-0.025147928994082802,-0.03977272727272729,0.002849002849002913,-0.055181695827725474,-11.54362416107383,-0.9022556390977488,1.8547140649149974,5.271565495207664,6.9353890879984235,6.848275563521055,6.558438150045464,5.507872870397646,000100.SZ
2020-09-11,6.99,0.11425760174987487,4,0.060698027314112446,-0.025147928994082802,-0.03977272727272729,0.002849002849002913,-5.92193808882906,3.4023668639053373,6.717557251908413,11.128775834658189,6.945318344725983,6.861773128900002,6.575362144161328,5.522620404025531,000100.SZ
2020-09-14,7.04,-0.2869171579762859,0,0.007153075822603716,0.060698027314112446,-0.025147928994082802,-0.03977272727272729,0.2849002849002913,-0.5649717514124353,3.988183161004444,5.864661654135328,6.962533191139441,6.878747116623812,6.593583236547159,5.537718708463088,000100.SZ
2020-09-15,6.94,-0.06431580158821504,1,-0.014204545454545414,0.007153075822603716,0.060698027314112446,-0.025147928994082802,-1.4204545454545414,-3.0726256983240163,4.8338368580060465,2.9673590504451175,6.958436247295905,6.884580724564401,6.607168207662958,5.551671756140072,000100.SZ
2020-09-16,6.79,-0.07989510661536792,2,-0.021613832853025983,-0.014204545454545414,0.007153075822603716,0.060698027314112446,0.4437869822485174,-10.185185185185174,5.434782608695654,3.9816232771822335,6.9278114750602855,6.875573036510649,6.614338081872254,5.56399343020833,000100.SZ
2020-09-21,6.66,-0.14332464616128915,0,-0.03056768558951961,0.01178203240058906,0.0,-0.021613832853025983,-5.397727272727271,-5.128205128205121,-5.932203389830503,-1.6248153618906858,6.8537449777001855,6.847890665956866,6.632120534290649,5.599722264658285,000100.SZ
2020-09-22,6.43,0.07385385865366678,1,-0.03453453453453459,-0.03056768558951961,0.01178203240058906,0.0,-7.348703170028825,-8.66477272727273,-10.195530726256985,-2.8700906344410915,6.7767004363001515,6.808091554913355,6.62419423882827,5.607983734661686,000100.SZ
2020-09-23,6.38,-0.11894402079808686,2,-0.007776049766718529,-0.03453453453453459,-0.03056768558951961,0.01178203240058906,-6.038291605301915,-5.621301775147924,-15.608465608465604,-0.9316770186335477,6.704573084245578,6.7673209306358935,6.614617994168338,5.615665488545649,000100.SZ
2020-09-24,6.16,-0.006301278838627522,3,-0.03448275862068961,-0.007776049766718529,-0.03453453453453459,-0.03056768558951961,-9.278350515463918,-6.525037936267064,-17.315436241610737,-7.36842105263158,6.605559796200928,6.709480842003904,6.596789837534285,5.621081752341215,000100.SZ
2020-09-25,6.13,-0.333739459606492,4,-0.004870129870129913,-0.03448275862068961,-0.007776049766718529,-0.03453453453453459,-10.771470160116447,-12.303290414878399,-17.496635262449523,-9.319526627218933,6.519094378709849,6.654292190384485,6.578484353709411,5.626145615501999,000100.SZ
2020-09-28,6.13,-0.15749632137176695,0,0.0,-0.004870129870129913,-0.03448275862068961,-0.007776049766718529,-7.957957957957962,-12.926136363636365,-12.678062678062673,-13.418079096045199,6.4483499462171485,6.604359600824058,6.560896731995316,5.6311590919646655,000100.SZ
2020-09-29,6.26,0.597502372443314,1,0.021207177814029254,0.0,-0.004870129870129913,-0.03448275862068961,-2.6438569206842955,-9.798270893371763,-11.079545454545459,-12.569832402234638,6.414104501450394,6.571563448364624,6.549096860152362,5.637416215427704,000100.SZ
2020-09-30,6.15,-0.3156617521597077,2,-0.01757188498402551,0.021207177814029254,0.0,-0.004870129870129913,-3.6050156739811823,-9.425625920471282,-9.02366863905325,-18.65079365079364,6.366085501186686,6.531414548520374,6.533446002891486,5.642516551592603,000100.SZ
2020-10-09,6.49,0.8035626887310805,4,0.055284552845528356,-0.01757188498402551,0.021207177814029254,0.0,5.35714285714286,-4.418262150220908,-1.5174506828528056,-12.885906040268457,6.388615410061833,6.527470305804147,6.531742238072212,5.650949222721035,000100.SZ
2020-10-12,6.58,0.14019026553203706,0,0.013867488443759513,0.055284552845528356,-0.01757188498402551,0.021207177814029254,7.3409461663947795,-4.22125181950509,-5.865522174535053,-11.440107671601607,6.423412608232408,6.5324731338228,6.533634699324282,5.66019350906212,000100.SZ
2020-10-13,6.51,-0.474367495037856,1,-0.010638297872340496,0.013867488443759513,0.055284552845528356,-0.01757188498402551,6.199021207177813,-2.2522522522522626,-7.5284090909090935,-7.264957264957261,6.43915577037197,6.530332835363486,6.532707848370388,5.668649295041602,000100.SZ
2020-10-14,6.33,0.24856686401653993,2,-0.027649769585253448,-0.010638297872340496,0.013867488443759513,0.055284552845528356,1.1182108626198062,-1.5552099533436947,-8.789625360230547,-10.08522727272727,6.419309266667975,6.511253517709822,6.5247585209833145,5.67522989907104,000100.SZ
2020-10-15,6.28,-0.295950624717748,3,-0.007898894154818259,-0.027649769585253448,-0.010638297872340496,0.013867488443759513,2.113821138211369,-1.5673981191222541,-7.511045655375548,-7.100591715976323,6.393980309091979,6.4892293731660295,6.51516014761142,5.681247512015607,000100.SZ
2020-10-16,6.09,0.9129978424397922,4,-0.030254777070063743,-0.007898894154818259,-0.027649769585253448,-0.010638297872340496,-6.1633281972265035,-1.1363636363636465,-10.309278350515472,-7.587253414264039,6.338711161984346,6.451207528102598,6.498487200646267,5.685314700950776,000100.SZ
2020-10-19,5.91,-0.10400028450080256,0,-0.029556650246305383,-0.030254777070063743,-0.007898894154818259,-0.027649769585253448,-10.182370820668696,-3.5889070146818858,-13.973799126637553,-15.450643776824036,6.2607636779871925,6.399663953997589,6.475409271209158,5.687550375568181,000100.SZ
2020-10-20,6.11,-0.04671561817821002,1,0.03384094754653133,-0.029556650246305383,-0.030254777070063743,-0.007898894154818259,-6.144393241167423,-0.32626427406198255,-8.258258258258255,-13.21022727272727,6.23335210017134,6.3720769107597235,6.461079495867622,5.691753854418248,000100.SZ
2020-10-21,6.07,-0.40904440717081236,2,-0.006546644844517169,0.03384094754653133,-0.029556650246305383,-0.030254777070063743,-4.107424960505524,-3.0351437699680406,-5.598755832037316,-12.536023054755042,6.203651718322004,6.34330768116356,6.4457430450492845,5.695517497657868,000100.SZ
2020-10-22,6.15,0.36643349604951925,3,0.01317957166392092,-0.006546644844517169,0.03384094754653133,-0.029556650246305383,-2.07006369426751,0.0,-3.6050156739811823,-9.425625920471282,6.1938968604452755,6.324897425814649,6.434145278576763,5.700039711611522,000100.SZ
2020-10-23,6.11,-0.32665252427041436,4,-0.006504065040650375,0.01317957166392092,-0.006546644844517169,0.03384094754653133,0.3284072249589487,-5.855161787365171,-0.8116883116883078,-10.014727540500735,6.178642885818862,6.304431004308492,6.421433699024734,5.704118918461158,000100.SZ
2020-10-26,6.02,-0.05274845484876667,0,-0.014729950900163824,-0.006504065040650375,0.01317957166392092,-0.006546644844517169,1.8612521150592087,-8.510638297872353,-1.794453507340954,-12.372634643377012,6.1497987247608865,6.277342337231493,6.405691201023764,5.707262013799854,000100.SZ
2020-10-27,6.01,0.3977457762174772,1,-0.0016611295681062677,-0.014729950900163824,-0.006504065040650375,0.01317957166392092,-1.6366612111293088,-7.68049155145929,-1.9575856443719397,-9.759759759759767,6.1243807748043615,6.251881162257066,6.390173899022832,5.710274332070503,000100.SZ
2020-10-28,6.13,0.12218779691824677,2,0.019966722129783676,-0.0016611295681062677,-0.014729950900163824,-0.006504065040650375,0.9884678747940523,-3.159557661927337,-2.076677316293929,-4.665629860031107,6.125402452112659,6.240273432518297,6.379971001021937,5.7144507068757715,000100.SZ
2020-10-29,6.24,0.5685961243962776,3,0.01794453507340954,0.019966722129783676,-0.0016611295681062677,-0.014729950900163824,1.4634146341463428,-0.6369426751592355,1.4634146341463428,-2.1943573667711602,6.146238369910357,6.240247391326078,6.374481942158332,5.719680053076013,000100.SZ
2020-10-30,6.03,-0.24015620526347914,4,-0.033653846153846145,0.01794453507340954,0.019966722129783676,-0.0016611295681062677,-1.3093289689034338,-0.9852216748768461,-7.0878274268104775,-2.110389610389607,6.125104120835746,6.220223830247404,6.360972846387417,5.722767813741924,000100.SZ
2020-11-02,6.28,0.27859556357212134,0,0.041459369817578695,-0.033653846153846145,0.01794453507340954,0.019966722129783676,4.318936877076429,6.260575296108284,-4.5592705167173175,2.4469820554649413,6.153267007956519,6.225916798795271,6.357797440646734,5.728312412610164,000100.SZ
2020-11-03,6.36,-0.04547606624538625,1,0.01273885350318471,0.041459369817578695,-0.033653846153846145,0.01794453507340954,5.823627287853594,4.091653027823239,-2.304147465437778,3.7520391517128937,6.190854824691696,6.238686627481435,6.357883815523333,5.734597861240908,000100.SZ
2020-11-04,6.43,-0.14772617993167148,2,0.011006289308175932,0.01273885350318471,0.041459369817578695,-0.033653846153846145,4.89396411092986,5.930807248764403,1.5797788309636518,2.715654952076685,6.234335765656842,6.25690694867368,6.3607119011890845,5.741517285507168,000100.SZ
2020-11-05,6.51,0.3823075278523409,3,0.012441679626749691,0.011006289308175932,0.01273885350318471,0.041459369817578695,4.3269230769230616,5.853658536585349,3.6624203821655987,5.853658536585349,6.284456535537416,6.281011048799996,6.366566336436571,5.749163879681227,000100.SZ
2020-11-06,6.66,0.04096853465312522,4,0.02304147465437789,0.012441679626749691,0.011006289308175932,0.01273885350318471,10.447761194029859,9.001636661211121,9.35960591133005,2.6194144838212585,6.352737165439703,6.317105234628568,6.378073538929254,5.758226925654548,000100.SZ
2020-11-09,6.8,0.4240198101527033,0,0.02102102102102088,0.02304147465437789,0.012441679626749691,0.011006289308175932,8.280254777070063,12.956810631229242,15.059221658206434,3.3434650455927084,6.434057680814302,6.363095212282991,6.394619674657519,5.768592826891816,000100.SZ
2020-11-10,7.03,-0.0891664734523534,1,0.03382352941176481,0.02102102102102088,0.02304147465437789,0.012441679626749691,10.534591194968556,16.971713810316146,15.057283142389522,7.9877112135176676,6.542410829757156,6.426609953970325,6.419536550161145,5.781144142047122,000100.SZ
2020-11-11,6.79,0.42620452216855353,2,-0.03413940256045522,0.03382352941176481,0.02102102102102088,0.02304147465437789,5.598755832037328,10.76672104404568,11.861614497528826,7.26698262243286,6.5874270425285815,6.461218529782675,6.434064528586199,5.791182508792922,000100.SZ
2020-11-12,6.87,-0.4452689421912056,3,0.01178203240058906,-0.03413940256045522,0.03382352941176481,0.02102102102102088,5.5299539170506895,10.096153846153854,11.70731707317072,9.394904458598718,6.63880394388702,6.500150098374801,6.451160037269093,5.801917011192992,000100.SZ
2020-11-13,7.18,0.8902755378236094,4,0.04512372634643369,0.01178203240058906,-0.03413940256045522,0.03382352941176481,7.8078078078078095,19.071310116086227,17.512274959083452,17.898193760262714,6.737203226816653,6.564897708053392,6.479741996591874,5.815629279738335,000100.SZ
2020-11-16,7.19,-0.38883404255319154,0,0.001392757660167332,0.04512372634643369,0.01178203240058906,-0.03413940256045522,5.735294117647061,14.490445859872603,19.435215946843876,21.658206429780048,6.819529912849989,6.624431259667355,6.507595251627487,5.829304610288203,000100.SZ
2020-11-17,6.89,0.22533490224475017,1,-0.041724617524339425,0.001392757660167332,0.04512372634643369,0.01178203240058906,-1.9914651493598945,8.333333333333325,14.642262895174717,12.765957446808507,6.832342655968172,6.649723520651416,6.5225915162695465,5.83985879327041,000100.SZ
2020-11-18,6.97,-0.42618083670715246,2,0.011611030478954953,-0.041724617524339425,0.001392757660167332,0.04512372634643369,2.6509572901325384,8.39813374805598,13.703099510603579,14.827018121911028,6.857371263973959,6.680226042494138,6.540136947004075,5.851103979407023,000100.SZ
2020-11-19,6.89,-0.13649056790612468,3,-0.011477761836441891,0.011611030478954953,-0.041724617524339425,0.001392757660167332,0.29112081513826826,5.837173579109067,10.416666666666652,12.032520325203233,6.863303761433238,6.700204514637553,6.553857066729406,5.861441253243769,000100.SZ
2020-11-20,6.88,-0.20520862599840595,4,-0.0014513788098693414,-0.011477761836441891,0.011611030478954953,-0.041724617524339425,-4.178272980501385,3.3033033033033066,14.096185737976775,12.60229132569557,6.8663394411726495,6.717327894195882,6.566646985681194,5.871576166146816,000100.SZ
2020-11-23,7.09,0.8555990015438555,0,0.03052325581395343,-0.0014513788098693414,-0.011477761836441891,0.011611030478954953,-1.3908205841446475,4.264705882352948,12.898089171974526,17.774086378737543,6.907004997323076,6.752820475701036,6.58717063330154,5.883699786384161,000100.SZ
2020-11-24,7.12,-0.15307994961354832,1,0.004231311706629048,0.03052325581395343,-0.0014513788098693414,-0.011477761836441891,3.338171262699574,1.2802275960170695,11.949685534591193,18.46921797004992,6.945731361446153,6.787789954205699,6.608065902583832,5.896001281047005,000100.SZ
2020-11-25,7.0,-0.17902294365537696,2,-0.016853932584269704,0.004231311706629048,0.03052325581395343,-0.0014513788098693414,0.43041606886657924,3.092783505154628,8.864696734059097,14.19249592169658,6.955598386637761,6.808000434757538,6.623435867188388,5.906986342927135,000100.SZ
2020-11-26,6.84,0.04335159919481102,3,-0.02285714285714291,-0.016853932584269704,0.004231311706629048,0.03052325581395343,-0.7256894049346818,-0.4366812227074246,5.069124423963145,9.615384615384603,6.934580498158168,6.811048012399677,6.63192857827904,5.91627006090796,000100.SZ
2020-11-27,6.8,-0.21785383160139982,4,-0.005847953216374324,-0.02285714285714291,-0.016853932584269704,0.004231311706629048,-1.1627906976744207,-5.292479108635096,2.102102102102088,12.76948590381426,6.910111316674864,6.809995820742564,6.63851961442496,5.925063393635244,000100.SZ
2020-11-30,7.01,0.7321214446736053,0,0.03088235294117636,-0.005847953216374324,-0.02285714285714291,-0.016853932584269704,-1.128349788434413,-2.5034770514603677,3.088235294117636,11.624203821656053,6.928272895461252,6.829043837814701,6.653087472682806,5.935858782753301,000100.SZ
2020-12-01,7.28,0.3868175686634414,1,0.03851640513552068,0.03088235294117636,-0.005847953216374324,-0.02285714285714291,2.2471910112359605,5.660377358490565,3.5561877667140918,14.465408805031444,6.99222327810466,6.8719920437371105,6.677672277675637,5.949233322228393,000100.SZ
2020-12-02,8.01,0.9165114454824219,2,0.10027472527472514,0.03851640513552068,0.03088235294117636,-0.005847953216374324,14.428571428571434,14.92109038737446,17.967599410898384,24.572317262830488,7.177273591176539,6.980373753857386,6.729920423649142,5.9697384633007475,000100.SZ
2020-12-03,7.62,0.5530160846935692,3,-0.048689138576779034,0.10027472527472514,0.03851640513552068,0.03088235294117636,11.403508771929838,10.595065312046458,10.917030567685583,17.050691244239637,7.257769301871714,7.041290539204302,6.764825505074667,5.9861589761037255,000100.SZ
2020-12-04,7.19,-0.38893489048744445,4,-0.05643044619422566,-0.048689138576779034,0.10027472527472514,0.03851640513552068,5.735294117647061,4.505813953488369,0.1392757660167332,7.957957957957951,7.245447610622311,7.055453344994368,6.781499014679582,5.9981374937544345,000100.SZ
2020-12-07,7.06,-0.48181885193323204,0,-0.018080667593880495,-0.05643044619422566,-0.048689138576779034,0.10027472527472514,0.7132667617689048,-0.42313117066290484,-1.8080667593880495,3.8235294117646923,7.211729863236437,7.055886359756809,6.79242062194705,6.008703289836481,000100.SZ
2020-12-08,7.16,0.018023716850586347,1,0.014164305949008638,-0.018080667593880495,-0.05643044619422566,-0.048689138576779034,-1.6483516483516536,0.561797752808979,3.918722786647333,1.849217638691325,7.202324433557084,7.065801944541875,6.806835499517755,6.020158978494825,000100.SZ
2020-12-09,6.88,-0.15381162052962227,2,-0.03910614525139666,0.014164305949008638,-0.018080667593880495,-0.05643044619422566,-14.107365792759053,-1.7142857142857126,-1.2912482065997155,1.3254786450662692,7.143719991092159,7.048106521252173,6.809704695615098,6.028714610549603,000100.SZ
2020-12-10,6.83,-0.4622265633234721,3,-0.007267441860465129,-0.03910614525139666,0.014164305949008638,-0.018080667593880495,-10.367454068241466,-0.14619883040934978,-0.870827285921616,-0.5822416302765698,7.086679992711766,7.027334471609109,6.810500589904702,6.036687599499358,000100.SZ
2020-12-11,6.72,0.51062328498628,4,-0.016105417276720435,-0.007267441860465129,-0.03910614525139666,0.014164305949008638,-6.536856745479847,-1.17647058823529,-2.3255813953488413,-6.406685236768805,7.020010903127808,6.998064521932051,6.806951547163342,6.043486727862549,000100.SZ
2020-12-14,6.97,0.025962736142827625,0,0.03720238095238093,-0.016105417276720435,-0.007267441860465129,-0.03910614525139666,-1.2747875354107596,-0.5706134094151216,-1.6925246826516194,-3.0598052851182334,7.010918011650025,6.995391710319474,6.813345604137329,6.052705765396255,000100.SZ
2020-12-15,7.12,0.27376390592659106,1,0.021520803443328518,0.03720238095238093,-0.016105417276720435,-0.007267441860465129,-0.5586592178770999,-2.197802197802201,0.0,3.338171262699574,7.03075110044093,7.007259166479525,6.825371266720179,6.063325608526641,000100.SZ
2020-12-16,6.93,-0.3192966663467489,2,-0.026685393258427004,0.021520803443328518,0.03720238095238093,-0.016105417276720435,0.7267441860465018,-13.48314606741573,-1.0000000000000009,-0.5738880918220945,7.012432718542578,6.999901150624332,6.82947435429978,6.071949234312446,000100.SZ
2020-12-17,7.05,-0.09389737556033106,3,0.017316017316017396,-0.026685393258427004,0.021520803443328518,0.03720238095238093,3.221083455344065,-7.48031496062993,3.0701754385964897,2.322206095791013,7.019263133353018,7.004672469612491,6.8381224188370435,6.081681082727248,000100.SZ
2020-12-18,6.9,-0.09814400463596418,4,-0.02127659574468077,0.017316017316017396,-0.026685393258427004,0.021520803443328518,2.6785714285714413,-4.033379694019468,1.4705882352941346,0.29069767441860517,6.997578927288833,6.99470366298273,6.840548990647355,6.089823559516032,000100.SZ
2020-12-21,7.09,0.38505336807910595,0,0.02753623188405796,-0.02127659574468077,0.017316017316017396,-0.026685393258427004,1.7216642754662947,0.4249291784702569,1.1412268188302432,0.0,7.014382758690863,7.003779504603423,6.850331383170989,6.099775563898957,000100.SZ
2020-12-22,6.77,0.6057509332164934,1,-0.04513399153737663,0.02753623188405796,-0.02127659574468077,0.017316017316017396,-4.915730337078661,-5.44692737430168,-7.005494505494514,-4.915730337078661,6.969949529837979,6.981514789879287,6.847181132850558,6.106444463760659,000100.SZ
2020-12-23,6.88,-0.3435318099375626,2,0.01624815361890697,-0.04513399153737663,0.02753623188405796,-0.02127659574468077,-0.721500721500723,0.0,-14.107365792759053,-1.7142857142857126,6.953595069867437,6.971846714652688,6.8484681472485756,6.114141533772991,000100.SZ
2020-12-24,6.71,-0.013190870304037872,3,-0.02470930232558144,0.01624815361890697,-0.04513399153737663,0.02753623188405796,-4.822695035460988,-1.7569546120058566,-11.942257217847773,-1.900584795321636,6.909305057164266,6.946908932304813,6.843038023827063,6.120070473735449,000100.SZ
2020-12-25,6.79,-0.4632680872150644,4,0.011922503725782407,-0.02470930232558144,0.01624815361890697,-0.04513399153737663,-1.594202898550734,1.041666666666674,-5.56328233657859,-0.14705882352941124,6.887613228588944,6.93196522446626,6.840958101324041,6.126736439170918,000100.SZ
2020-12-28,6.87,0.24690902096557044,0,0.01178203240058906,0.011922503725782407,-0.02470930232558144,0.01624815361890697,-3.1029619181946355,-1.4347202295552308,-2.6912181303116123,-1.9971469329529201,6.884410823390954,6.926063774517091,6.842096999311334,6.1341320964926,000100.SZ
2020-12-29,6.7,0.28794264100649714,1,-0.024745269286754024,0.01178203240058906,0.011922503725782407,-0.02470930232558144,-1.0339734121122546,-5.89887640449438,-6.424581005586594,-7.9670329670329725,6.8508815827744165,6.90453389122975,6.8365245679657916,6.139762622895659,000100.SZ
2020-12-30,6.94,0.5339261161387994,2,0.035820895522387985,-0.024745269286754024,0.01178203240058906,0.011922503725782407,0.8720930232558155,0.14430014430015792,0.8720930232558155,-13.358302122347055,6.8670849313608855,6.907911615874536,6.840582428045565,6.147725183861871,000100.SZ
2020-12-31,7.08,-0.08884349789650225,3,0.020172910662824117,0.035820895522387985,-0.024745269286754024,0.01178203240058906,5.514157973174361,0.42553191489362874,3.660322108345526,-7.0866141732283445,6.9057967620225424,6.9243009857912465,6.849971352435935,6.1570015501916044,000100.SZ
2021-01-04,7.18,-0.03520318096903008,0,0.01412429378531077,0.020172910662824117,0.035820895522387985,-0.024745269286754024,5.743740795287189,4.057971014492745,6.845238095238093,-0.13908205841447474,6.955651896200262,6.948653272858747,6.862913652340408,6.167180639244425,000100.SZ
2021-01-05,7.39,0.2675110582132769,1,0.029247910863509752,0.01412429378531077,0.020172910662824117,0.035820895522387985,7.56914119359533,4.231311706629048,6.025824964131998,4.674220963172804,7.034624278709305,6.990686294491248,6.883583705189804,6.179347996067864,000100.SZ
2021-01-06,7.28,-0.23480491086444666,2,-0.014884979702300294,0.029247910863509752,0.01412429378531077,0.020172910662824117,8.65671641791046,7.533234859675053,2.2471910112359605,1.6759776536312776,7.0792380462167035,7.0182399807301765,6.899129442241184,6.19029975730102,000100.SZ
2021-01-07,7.35,0.012183551838705453,3,0.009615384615384581,-0.014884979702300294,0.029247910863509752,0.01412429378531077,5.907780979827071,6.83139534883721,6.060606060606055,6.83139534883721,7.128467492359121,7.049836173041588,6.916810640584667,6.201839063198522,000100.SZ
2021-01-08,7.47,0.30062573059203723,4,0.01632653061224487,0.009615384615384581,-0.014884979702300294,0.029247910863509752,5.508474576271172,11.326378539493298,5.957446808510647,9.370424597364568,7.190564311930189,7.089851775609056,6.938504340953896,6.214457579982616,000100.SZ
2021-01-11,7.82,0.6202290023234136,0,0.04685408299866145,0.01632653061224487,0.009615384615384581,-0.014884979702300294,8.913649025069637,15.169366715758482,13.33333333333333,16.369047619047628,7.305007164306518,7.159389701741527,6.9730727981713905,6.2304331264504516,000100.SZ
2021-01-12,8.6,0.3774296479736763,1,0.0997442455242965,0.04685408299866145,0.01632653061224487,0.009615384615384581,16.373477672530456,25.181950509461416,21.297602256699566,23.385939741750363,7.540460407159878,7.296590682528048,7.036873864909767,6.254010906286766,000100.SZ
2021-01-13,9.24,0.47108937258901484,2,0.07441860465116279,0.0997442455242965,0.04685408299866145,0.01632653061224487,26.923076923076916,37.910447761194035,36.48449039881834,29.7752808988764,7.849467605858081,7.481677284192044,7.123270968246639,6.283722240552569,000100.SZ
2021-01-14,9.1,-0.1465964459669854,3,-0.015151515151515249,0.07441860465116279,0.0997442455242965,0.04685408299866145,23.809523809523814,31.12391930835734,32.267441860465105,31.313131313131315,8.076837132065702,7.635803257126135,7.200789753805594,6.311744904825678,000100.SZ
2021-01-15,9.32,-0.11657513431916822,4,0.024175824175824312,-0.015151515151515249,0.07441860465116279,0.0997442455242965,24.76572958500669,31.63841807909604,38.89716840536512,32.1985815602837,8.302866744417392,7.796202946923645,7.283896037970081,6.341677791344826,000100.SZ
2021-01-18,10.09,0.3323478129879591,0,0.08261802575107291,0.024175824175824312,-0.015151515151515249,0.07441860465116279,29.02813299232736,40.52924791086352,48.60088365243005,46.23188405797101,8.62780006361423,8.014659809121394,7.393939330598705,6.378974529739405,000100.SZ
2021-01-19,9.08,-0.08644634681813668,1,-0.10009910802775024,0.08261802575107291,0.024175824175824312,-0.015151515151515249,5.581395348837215,22.86874154262517,32.16885007278021,28.067700987306065,8.710018233866187,8.11612077968126,7.460059356849737,6.405850405065381,000100.SZ
2021-01-20,9.11,-0.46963003737770515,2,0.0033039647577091102,-0.10009910802775024,0.08261802575107291,0.024175824175824312,-1.406926406926412,25.137362637362614,35.97014925373132,34.5642540620384,8.782742191345061,8.21077594352114,7.524762911483081,6.432757366209009,000100.SZ
2021-01-21,9.8,0.6293117259441916,3,0.07574094401756337,0.0033039647577091102,-0.10009910802775024,0.08261802575107291,7.692307692307709,33.33333333333335,41.21037463976946,42.441860465116285,8.96769815655505,8.362130615566747,7.61398789534649,6.4662622680377755,000100.SZ
2021-01-22,9.94,-0.2467644760904163,4,0.014285714285714235,0.07574094401756337,0.0033039647577091102,-0.10009910802775024,6.652360515021449,33.06559571619812,40.39548022598869,48.1371087928465,9.144480309908676,8.512403890274676,7.705204056313295,6.5008268225846635,000100.SZ
2021-01-25,9.48,0.04424270201163827,0,-0.046277665995975714,0.014285714285714235,0.07574094401756337,0.0033039647577091102,-6.045589692765107,21.22762148337596,32.033426183844014,39.61708394698087,9.205483889925281,8.604555900724707,7.774803897242186,6.530470336787801,000100.SZ
2021-01-26,9.41,-0.3124336722700152,1,-0.007383966244725815,-0.046277665995975714,0.014285714285714235,0.07574094401756337,3.6343612334801767,9.418604651162799,27.3342354533153,36.97234352256187,9.242668637211594,8.68126486256045,7.838929234605238,6.559122373237674,000100.SZ
2021-01-27,9.36,-0.10865019762845862,2,-0.005313496280552665,-0.007383966244725815,-0.046277665995975714,0.014285714285714235,2.7442371020856227,1.298701298701288,28.57142857142856,39.70149253731341,9.26400161226403,8.745906304221359,7.898579068542287,6.586991802359687,000100.SZ
2021-01-28,8.88,0.1171026754733131,3,-0.0512820512820511,-0.005313496280552665,-0.007383966244725815,-0.046277665995975714,-9.387755102040817,-2.417582417582409,20.816326530612272,27.953890489913547,9.194183137306933,8.758677132390753,7.9370661638935704,6.609807804326258,000100.SZ
2021-01-29,8.59,0.04822175337756707,4,-0.03265765765765771,-0.0512820512820511,-0.005313496280552665,-0.007383966244725815,-13.581488933601605,-7.832618025751081,14.993306559571629,21.327683615819204,9.08433165779658,8.742612643591633,7.962671412368333,6.629511209258335,000100.SZ
2021-02-01,9.03,-0.1779166311643804,0,0.051222351571594826,-0.03265765765765771,-0.0512820512820511,-0.005313496280552665,-4.746835443037989,-10.505450941526274,15.473145780051144,25.76601671309191,9.074453174560839,8.769982868011477,8.004527435412712,6.6533966698627305,000100.SZ
2021-02-02,9.37,0.07886754297269971,1,0.03765227021040962,0.051222351571594826,-0.03265765765765771,-0.0512820512820511,-0.4250797024442199,3.19383259911894,8.953488372093021,26.79296346414073,9.128188961004321,8.827127356772289,8.058075379122018,6.680427548769569,000100.SZ
2021-02-03,9.13,0.032657078262132044,2,-0.025613660618996614,0.03765227021040962,0.051222351571594826,-0.03265765765765771,-2.4572649572649485,0.2195389681668658,-1.1904761904761862,25.412087912087912,9.128518240821716,8.855972370413022,8.100111638764291,6.704801404005694,000100.SZ
2021-02-04,9.4,0.07239048190031205,3,0.02957283680175249,-0.025613660618996614,0.03765227021040962,0.051222351571594826,5.8558558558558405,-4.081632653061229,3.296703296703307,27.891156462585045,9.177878560672314,8.907784525611783,8.151087652930398,6.731619300483249,000100.SZ
2021-02-05,8.46,0.5057988224997398,4,-0.09999999999999998,0.02957283680175249,-0.025613660618996614,0.03765227021040962,-1.5133876600698426,-14.889336016096566,-9.227467811158796,13.25301204819278,9.04735518600462,8.865138380315424,8.163201862619403,6.748817118388889,000100.SZ
2021-02-08,8.64,-0.36938562047991486,0,0.02127659574468077,-0.09999999999999998,0.02957283680175249,-0.025613660618996614,-4.318936877076396,-8.860759493670889,-14.370664023785917,10.485933503836332,8.973290606731052,8.843696629809193,8.181899828791192,6.767634858504423,000100.SZ
2021-02-09,9.07,-0.16767328973894113,1,0.04976851851851838,0.02127659574468077,-0.09999999999999998,0.02957283680175249,-3.2017075773745907,-3.6131774707757636,-0.11013215859030367,5.465116279069782,8.99087413277995,8.865249331732127,8.216727286485655,6.7905439643899514,000100.SZ
2021-02-10,9.13,-0.24129469730230746,2,0.006615214994487362,0.04976851851851838,0.02127659574468077,-0.09999999999999998,0.0,-2.4572649572649485,0.2195389681668658,-1.1904761904761862,9.016169745001777,8.89046368109097,8.252541902701903,6.81382213389851,000100.SZ
2021-02-18,9.22,0.5265902383508974,3,0.009857612267250904,0.006615214994487362,0.04976851851851838,0.02127659574468077,-1.9148936170212738,3.828828828828823,-5.91836734693878,1.3186813186813362,9.053229791365089,8.92184809241564,8.29048143592928,6.837764202217929,000100.SZ
2021-02-19,9.49,-0.14729010302157308,4,0.029284164859002093,0.009857612267250904,0.006615214994487362,0.04976851851851838,12.174940898345143,10.477299185098964,-4.527162977867194,1.8240343347639465,9.132642556571437,8.975957797899866,8.337521379618329,6.864154608166009,000100.SZ
2021-02-22,9.27,0.30837393896436494,0,-0.023182297154899945,0.029284164859002093,0.009857612267250904,0.006615214994487362,7.291666666666652,2.657807308970095,-2.2151898734177333,-8.126858275520322,9.157616637194812,9.003961817147498,8.374089168652905,6.88809336828376,000100.SZ
2021-02-23,9.03,-0.15697796234250394,1,-0.02588996763754048,-0.023182297154899945,0.029284164859002093,0.009857612267250904,-0.4410143329658278,-3.6286019210245435,-4.038257173219984,-0.5506607929515517,9.1344136122503,9.00644164408583,8.399811162039065,6.9094058720819325,000100.SZ
2021-02-24,8.7,0.12183506041037862,2,-0.03654485049833889,-0.02588996763754048,-0.023182297154899945,0.029284164859002093,-4.709748083242071,-4.709748083242071,-7.051282051282048,-4.500548847420416,9.055429319113882,8.977256725601466,8.411583273331651,6.927222729076142,000100.SZ
2021-02-25,8.54,-0.42913826655356524,3,-0.01839080459770115,-0.03654485049833889,-0.02588996763754048,-0.023182297154899945,-7.375271149674633,-9.148936170212774,-3.8288288288288452,-12.857142857142867,8.961714897456812,8.935613227925135,8.416619223397076,6.943270264110211,000100.SZ
2021-02-26,8.23,0.09766236853882293,4,-0.03629976580796235,-0.01839080459770115,-0.03654485049833889,-0.02588996763754048,-13.277133825079023,-2.7186761229314516,-4.190919674039573,-17.203219315895367,8.828675825191937,8.868411968122741,8.409300822479544,6.956073545064339,000100.SZ
2021-03-01,8.48,-0.2527671691899003,0,0.03037667071688932,-0.03629976580796235,-0.01839080459770115,-0.03654485049833889,-8.522114347357057,-1.851851851851849,-6.0908084163898035,-10.54852320675106,8.765280220611583,8.831420352111051,8.412073339245051,6.971236992377133,000100.SZ
2021-03-02,8.34,0.0951520292591852,1,-0.01650943396226423,0.03037667071688932,-0.03629976580796235,-0.01839080459770115,-7.641196013289031,-8.04851157662625,-10.992529348986125,-11.370882040382579,8.68795654413675,8.78461841381476,8.40924693378446,6.984856524791291,000100.SZ
2021-03-03,8.6,0.020271295953914636,2,0.031175059952038398,-0.01650943396226423,0.03037667071688932,-0.03629976580796235,-1.1494252873563204,-5.80503833515883,-5.80503833515883,-8.119658119658112,8.671964445202795,8.767035707737165,8.416727446185071,7.000927604146602,000100.SZ
2021-03-04,8.66,0.1270853759494588,3,0.006976744186046657,0.031175059952038398,-0.01650943396226423,0.03037667071688932,1.4051522248243575,-6.073752711496749,-7.87234042553192,-2.4774774774774855,8.669789091529559,8.756841830809815,8.426267546334676,7.017435787189919,000100.SZ
2021-03-05,8.94,0.382815170849764,4,0.0323325635103926,0.006976744186046657,0.031175059952038398,-0.01650943396226423,8.626974483596594,-5.79557428872498,5.673758865248213,4.074505238649584,8.718918347615093,8.774285465970785,8.44641391706665,7.0365657793571845,000100.SZ
2021-03-08,9.06,0.47282220242233164,0,0.013422818791946511,0.0323325635103926,0.006976744186046657,0.031175059952038398,6.839622641509435,-2.265372168284785,4.861111111111116,0.33222591362127574,8.780933193503257,8.801496373973567,8.47047611639737,7.056699453194426,000100.SZ
2021-03-09,8.59,-0.08988773381862891,1,-0.05187637969094927,0.013422818791946511,0.0323325635103926,0.006976744186046657,2.9976019184652314,-4.872646733111841,-5.292171995589856,-8.324439701173958,8.746218067411755,8.78135386216656,8.475163327519041,7.071956175053188,000100.SZ
2021-03-10,9.06,-0.16083161373970534,2,0.05471478463329471,-0.05187637969094927,0.013422818791946511,0.0323325635103926,5.348837209302326,4.137931034482767,-0.766703176341732,-0.766703176341732,8.803269327882344,8.807891589579269,8.498098098988883,7.091737705649674,000100.SZ
2021-03-11,8.93,0.015180496891436412,3,-0.014348785871964753,0.05471478463329471,-0.05187637969094927,0.013422818791946511,3.117782909930722,4.566744730679173,-3.14533622559654,-5.000000000000004,8.826311268267371,8.81952096200029,8.5150354284403,7.1100288727576375,000100.SZ
2021-03-12,9.34,0.3481339212412087,4,0.04591265397536404,-0.014348785871964753,0.05471478463329471,-0.05187637969094927,4.4742729306487705,13.4872417982989,-1.5806111696522684,10.401891252955075,8.919709219491486,8.869090394190739,8.547386980266172,7.132217640192885,000100.SZ
2021-03-15,9.57,0.021371489628284612,0,0.024625267665952855,0.04591265397536404,-0.014348785871964753,0.05471478463329471,5.629139072847678,12.853773584905648,3.2362459546925626,10.763888888888884,9.03794390685667,8.935843689982097,8.587489451628283,7.156474181086488,000100.SZ
2021-03-16,9.41,-0.2801827004357349,1,-0.01671891327063746,0.024625267665952855,0.04591265397536404,-0.014348785871964753,9.545983701979054,12.829736211031184,4.208194905869322,3.7486218302094754,9.105590469246366,8.981001433793326,8.619744767250703,7.178897323563239,000100.SZ
2021-03-17,10.02,0.7198886639676112,2,0.06482465462274178,-0.01671891327063746,0.024625267665952855,0.04591265397536404,10.596026490066212,16.511627906976734,15.172413793103456,9.748083242059135,9.271846747565208,9.079953678193961,8.67465673716244,7.207167001935745,000100.SZ
2021-03-18,10.07,-0.26405566055411567,3,0.004990019960079861,0.06482465462274178,-0.01671891327063746,0.024625267665952855,12.765957446808507,16.281755196304857,17.91569086651055,9.219088937093268,9.41696552073517,9.17424380408025,8.729376080803128,7.235652902413997,000100.SZ
2021-03-19,9.44,0.15590191692908606,4,-0.06256206554121158,0.004990019960079861,0.06482465462274178,-0.01671891327063746,1.070663811563155,5.592841163310958,14.702308626974482,-0.5268703898840932,9.42115360787423,9.19955391797737,8.757243685477516,7.257586704380027,000100.SZ
2021-03-22,10.24,0.464261746454556,0,0.0847457627118644,-0.06256206554121158,0.004990019960079861,0.06482465462274178,7.001044932079403,13.024282560706402,20.75471698113207,10.463861920172612,9.570034770078914,9.298644021027146,8.815390991929378,7.2872624585653005,000100.SZ
2021-03-23,9.93,-0.23640588909886784,1,-0.0302734375,0.0847457627118644,-0.06256206554121158,0.004990019960079861,5.526036131774714,15.599534342258448,19.064748201438842,9.966777408637872,9.63548299370093,9.358773161881702,8.859101149108618,7.313558354499975,000100.SZ
2021-03-24,9.77,-0.39601506085420635,2,-0.01611278952668682,-0.0302734375,0.0847457627118644,-0.06256206554121158,-2.4950099800399195,7.8366445916114635,13.604651162790704,12.298850574712649,9.65994063120985,9.397937622654872,8.894822672672985,7.338000559927836,000100.SZ
2021-03-25,9.19,0.291728411545946,3,-0.05936540429887416,-0.01611278952668682,-0.0302734375,0.0847457627118644,-8.738828202581939,2.911534154535267,6.120092378752884,7.611241217798592,9.574496880080785,9.378134039544886,8.90639825413679,7.356428415052933,000100.SZ
2021-03-26,9.46,-0.267769813430939,4,0.029379760609358208,-0.05936540429887416,-0.01611278952668682,-0.0302734375,0.21186440677967155,1.2847965738758127,5.816554809843422,14.945321992709593,9.553679265520643,9.385930797683468,8.928108126523583,7.37735947559967,000100.SZ
2021-03-29,9.16,0.034100034481880925,0,-0.031712473572938715,0.029379760609358208,-0.05936540429887416,-0.01611278952668682,-10.546875,-4.28422152560084,1.103752759381904,8.018867924528305,9.482101217244162,9.364413578856471,8.937201925483443,7.39509719226037,000100.SZ
2021-03-30,9.32,-0.14933332736558003,1,0.017467248908296984,-0.031712473572938715,0.029379760609358208,-0.05936540429887416,-6.143001007049342,-0.9564293304994642,8.498253783469156,11.750599520383709,9.452628268654314,9.360183714203474,8.95221361468017,7.414250454028924,000100.SZ
2021-03-31,9.34,-0.34118705556447093,2,0.0021459227467810482,0.017467248908296984,-0.031712473572938715,0.029379760609358208,-4.401228249744116,-6.7864271457085845,3.0905077262693093,8.604651162790699,9.432150401626256,9.358261455707906,8.9674209239084,7.433412141053512,000100.SZ
2021-04-01,9.39,0.14278070168432988,3,0.005353319057815886,0.0021459227467810482,0.017467248908296984,-0.031712473572938715,2.1762785636561643,-6.752730883813307,5.151175811870101,8.429561200923796,9.424486692239663,9.361284174211915,8.98399265238258,7.452880676963427,000100.SZ
2021-04-02,9.86,1.033576535211858,4,0.050053248136315176,0.005353319057815886,0.0021459227467810482,0.017467248908296984,4.22832980972514,4.449152542372881,5.567451820128477,10.290827740492169,9.50367093001427,9.408780919525066,9.018345881700911,7.4768321130135424,000100.SZ
2021-04-06,9.83,-0.45969658386213785,1,-0.0030425963488842633,0.050053248136315176,0.005353319057815886,0.0021459227467810482,7.314410480349354,-4.00390625,2.7168234064785857,8.498896247240605,9.563003488193493,9.44889702242744,9.050175454967542,7.500246718854204,000100.SZ
2021-04-07,9.95,0.3419549551268597,2,0.012207527975584886,-0.0030425963488842633,0.050053248136315176,0.005353319057815886,6.759656652360513,0.20140986908359082,5.7385759829968075,15.832363213038402,9.63336649034013,9.496621115529589,9.085462692027638,7.524622373392969,000100.SZ
2021-04-08,9.69,-0.185381795258871,3,-0.026130653266331683,0.012207527975584886,-0.0030425963488842633,0.050053248136315176,3.747323340471098,-0.8188331627430934,-3.293413173652693,6.95364238410594,9.643663492096469,9.515038152145818,9.10917003743832,7.54616841942886,000100.SZ
2021-04-09,9.35,0.42737867354003867,4,-0.03508771929824561,-0.026130653266331683,0.012207527975584886,-0.0030425963488842633,-0.42598509052184097,1.7410228509249226,-7.149950347567035,4.703247480403139,9.59027012989711,9.499320232893837,9.11861434969564,7.5641169923698675,000100.SZ
2021-04-12,8.92,0.28241108733312936,0,-0.04598930481283414,-0.03508771929824561,-0.026130653266331683,0.012207527975584886,-9.533468559837722,-5.708245243128973,-5.508474576271183,-4.496788008565311,9.46840283355218,9.444146877380138,9.110825551668361,7.577608365580118,000100.SZ
2021-04-13,8.83,-0.2971559800704052,1,-0.010089686098654682,-0.04598930481283414,-0.03508771929824561,-0.026130653266331683,-10.172939979654117,-3.60262008733625,-13.76953125,-7.732497387669801,9.352329591088147,9.385656698582029,9.099812784936269,7.5900699738828035,000100.SZ
2021-04-14,9.13,0.0642818379160639,2,0.03397508493771251,-0.010089686098654682,-0.04598930481283414,-0.03508771929824561,-8.241206030150739,-2.0386266094420513,-8.056394763343388,-2.9755579171094504,9.31190602907212,9.361308441574216,9.10099659729171,7.605392660709841,000100.SZ
2021-04-15,9.1,-0.5030722292571409,3,-0.0032858707557503752,0.03397508493771251,-0.010089686098654682,-0.04598930481283414,-6.0887512899896805,-2.569593147751603,-6.857727737973384,-9.181636726546905,9.273377660149915,9.336421923329054,9.100957515044977,7.620264375528649,000100.SZ
2021-04-16,9.01,-0.1367791421535094,4,-0.009890109890109855,-0.0032858707557503752,0.03397508493771251,-0.010089686098654682,-3.6363636363636376,-4.046858359957406,-1.9586507072905324,-10.526315789473683,9.22549081284993,9.30533412110724,9.097390553670664,7.634092590697518,000100.SZ
2021-04-19,9.11,0.5095667592881519,0,0.011098779134295134,-0.009890109890109855,-0.0032858707557503752,0.03397508493771251,2.130044843049328,-7.6064908722109585,-3.6997885835095334,-3.495762711864403,9.204492483240852,9.28673087147798,9.09788504176201,7.648778236561225,000100.SZ
2021-04-20,8.94,-0.03986521292617229,1,-0.01866081229418226,0.011098779134295134,-0.009890109890109855,-0.0032858707557503752,1.245753114382775,-9.053916581892175,-2.401746724890841,-12.69531250000001,9.156402940833424,9.253708883718172,9.091693471496836,7.661626214306885,000100.SZ
2021-04-21,9.03,0.15029030130507426,2,0.010067114093959662,-0.01866081229418226,0.011098779134295134,-0.009890109890109855,-1.0952902519167695,-9.246231155778894,-3.111587982832631,-9.063444108761331,9.13342058795462,9.232403275745012,9.08927411967343,7.675241873866021,000100.SZ
2021-04-22,8.99,-0.3748774531648278,3,-0.00442967884828338,0.010067114093959662,-0.01866081229418226,0.011098779134295134,-1.2087912087912045,-7.223942208462331,-3.747323340471087,-7.9836233367451275,9.107344117417416,9.209317249483583,9.085381016941138,7.688324044275315,000100.SZ
2021-04-23,9.14,0.30571713715426285,4,0.016685205784204626,-0.00442967884828338,0.010067114093959662,-0.01866081229418226,1.4428412874583962,-2.245989304812823,-2.6624068157614533,-0.5440696409140244,9.113281550614248,9.202715606675623,9.087522937845408,7.702768581148197,000100.SZ
2021-04-26,9.23,0.7458152713931625,0,0.009846827133479286,0.016685205784204626,-0.00442967884828338,0.010067114093959662,1.317233809001106,3.4753363228699596,-6.389452332657186,-2.4312896405919715,9.134503086866202,9.205314120325562,9.093110273616176,7.717964913674085,000100.SZ
2021-04-27,9.32,-0.4215935838018934,1,0.009750812567713929,0.009846827133479286,0.016685205784204626,-0.00442967884828338,4.250559284116351,5.549263873159682,-5.1881993896236045,1.7467248908296984,9.168229798345074,9.21623658505646,9.102007909944954,7.733905561299219,000100.SZ
2021-04-28,9.07,0.34261224989997796,2,-0.02682403433476399,0.009750812567713929,0.009846827133479286,0.016685205784204626,0.44296788482836025,-0.657174151150064,-8.844221105527627,-2.682403433476399,9.150369835009606,9.202309291241558,9.10075269779025,7.747200033326092,000100.SZ
2021-04-29,9.03,-0.36978144555736614,3,-0.004410143329658278,-0.02682403433476399,0.009750812567713929,0.009846827133479286,0.4449388209121219,-0.7692307692307776,-6.811145510835914,-3.3190578158458273,9.128484410462404,9.185898882551886,9.097978082190632,7.759964212098968,000100.SZ
2021-04-30,9.0,-0.07377998909487449,4,-0.0033222591362125353,-0.004410143329658278,-0.02682403433476399,0.009750812567713929,-1.5317286652078876,-0.11098779134295356,-3.743315508021383,-4.1533546325878685,9.105123608560149,9.168194227070755,9.094135804457666,7.772302876655197,000100.SZ
2021-05-06,8.91,-0.03879833695132273,3,-0.010000000000000009,-0.0033222591362125353,-0.004410143329658278,-0.02682403433476399,-3.4669555796316365,-2.1953896816684915,-0.11210762331838042,-9.63488843813387,9.06964658882194,9.143604300683064,9.08691479251815,7.783623246041713,000100.SZ
2021-05-07,8.5,0.7082958525522018,4,-0.04601571268237936,-0.010000000000000009,-0.0033222591362125353,-0.004410143329658278,-8.798283261802576,-4.921700223713643,-3.737259343148358,-13.530010172939978,8.966074481763405,9.082308652998963,9.063898526144891,7.790751372946771,000100.SZ
2021-05-10,8.54,-0.4484702837600518,0,0.004705882352941115,-0.04601571268237936,-0.010000000000000009,-0.0033222591362125353,-5.843439911797144,-5.426356589147286,-6.462212486308894,-14.17085427135678,8.888606394170058,9.030660209856205,9.043353485903914,7.798206583166206,000100.SZ
2021-05-11,8.62,0.021750943319570837,1,0.00936768149882905,0.004705882352941115,-0.04601571268237936,-0.010000000000000009,-4.540420819490587,-4.115684093437166,-5.274725274725278,-11.042311661506709,8.83976886795732,8.991549713679424,9.026751388417486,7.8063836320899265,000100.SZ
2021-05-12,8.54,-0.21185522431086412,2,-0.009280742459396807,0.00936768149882905,0.004705882352941115,-0.04601571268237936,-5.111111111111121,-6.564551422319487,-5.216426193118762,-8.66310160427808,8.785265437419625,8.948544979043287,9.007663098675623,7.813683297442266,000100.SZ
2021-05-13,8.23,0.5352084253011289,3,-0.03629976580796235,-0.009280742459396807,0.00936768149882905,0.004705882352941115,-7.631874298540964,-10.834236186348868,-9.659714599341374,-7.735426008968604,8.684308085161511,8.880112123896307,8.977166506570697,7.817825752194085,000100.SZ
2021-05-14,8.54,0.05476959225757683,4,0.03766707168894268,-0.03629976580796235,-0.009280742459396807,0.00936768149882905,0.47058823529411153,-8.369098712446366,-4.4742729306487705,-3.284258210645541,8.658070251495781,8.847720493049039,8.960022721999296,7.82501156560509,000100.SZ
2021-05-17,8.57,-0.14037410766792202,0,0.003512880562061005,0.03766707168894268,-0.03629976580796235,-0.009280742459396807,0.3512880562061005,-5.512679162072764,-5.09413067552601,-6.1336254107338455,8.642057478496547,8.821270922282464,8.944727713293442,7.832424385847825,000100.SZ
2021-05-18,8.75,-0.08086459744390129,1,0.02100350058343059,0.003512880562061005,0.03766707168894268,-0.03629976580796235,1.5081206496519783,-3.100775193798444,-2.6696329254727535,-3.8461538461538436,8.661683391497174,8.81448321539842,8.937091332379975,7.84155449146128,000100.SZ
2021-05-19,8.58,-0.22246867575587292,2,-0.01942857142857146,0.02100350058343059,0.003512880562061005,0.03766707168894268,0.4683840749414525,-4.666666666666663,-6.126914660831517,-4.772475027746948,8.646831865770414,8.792151480598571,8.923087750718015,7.848902207964153,000100.SZ
2021-05-20,8.43,0.30493711329749473,3,-0.0174825174825175,-0.01942857142857146,0.02100350058343059,0.003512880562061005,2.430133657351141,-5.387205387205396,-8.667388949079102,-7.464324917672882,8.607407890175793,8.757660863398707,8.903750976180053,7.8546842755465995,000100.SZ
2021-05-21,8.49,0.11858865365370241,4,0.007117437722419906,-0.0174825174825175,-0.01942857142857146,0.02100350058343059,-0.5854800936768045,-0.11764705882352233,-8.905579399141628,-5.033557046979853,8.58606100105292,8.732169352598829,8.887525447702403,7.861005825043648,000100.SZ
2021-05-24,8.29,0.10351911125394642,0,-0.02355712603062443,0.007117437722419906,-0.0174825174825175,-0.01942857142857146,-3.267211201866993,-2.927400468384078,-8.599779492833527,-8.194905869324476,8.532231728134207,8.690057985684655,8.86409307720427,7.865274423799433,000100.SZ
2021-05-25,8.31,0.07098582015246402,1,0.0024125452352232735,-0.02355712603062443,0.007117437722419906,-0.0174825174825175,-5.028571428571427,-3.596287703016232,-7.973421926910285,-7.5639599555061166,8.491825959382533,8.653861987048021,8.84236393692175,7.869699553910882,000100.SZ
2021-05-26,8.22,-0.22301473560430685,2,-0.010830324909747224,0.0024125452352232735,-0.02355712603062443,0.007117437722419906,-4.195804195804187,-3.747072599531598,-8.666666666666655,-10.065645514223199,8.442403057676618,8.612541797805353,8.817957508022857,7.873185130488884,000100.SZ
2021-05-27,8.36,0.4960958376095461,3,0.01703163017031617,-0.010830324909747224,0.0024125452352232735,-0.02355712603062443,-0.8303677342823335,1.5795868772782384,-6.172839506172845,-9.425785482123516,8.427420683553596,8.588490198014366,8.799998390061177,7.878029059538746,000100.SZ
2021-05-28,8.12,0.2652559304031157,4,-0.028708133971291905,0.01703163017031617,-0.010830324909747224,0.0024125452352232735,-4.358068315665498,-4.91803278688524,-4.470588235294127,-12.875536480686712,8.371526013816577,8.54387208391776,8.773331786529367,7.880436730588112,000100.SZ
2021-05-31,8.08,-0.2744612063580898,0,-0.004926108374384119,-0.028708133971291905,0.01703163017031617,-0.010830324909747224,-2.533172496984304,-5.7176196032672095,-5.386416861826692,-10.91510474090408,8.318521284031744,8.499693790211307,8.746142304704685,7.882422434761365,000100.SZ
2021-06-01,8.16,-0.09089030765098449,1,0.00990099009900991,-0.004926108374384119,-0.028708133971291905,0.01703163017031617,-1.8050541516245522,-6.742857142857139,-5.336426914153125,-9.634551495016607,8.289699232389609,8.467342000667372,8.723156331971168,7.8851844005846345,000100.SZ
2021-06-02,8.01,-0.15759848484848482,2,-0.018382352941176516,0.00990099009900991,-0.004926108374384119,-0.028708133971291905,-2.554744525547459,-6.643356643356646,-6.206088992974235,-10.999999999999998,8.23884482650059,8.423785619651433,8.695189416991907,7.8864263468474745,000100.SZ
2021-06-03,7.91,-0.12568684406953423,3,-0.012484394506866336,-0.018382352941176516,0.00990099009900991,-0.004926108374384119,-5.382775119617211,-6.1684460260972624,-3.888213851761846,-11.223344556677894,8.179054858045935,8.374853655875105,8.664397675149088,7.886660910560435,000100.SZ
2021-06-04,7.7,0.5778432643153226,4,-0.026548672566371723,-0.012484394506866336,-0.018382352941176516,0.00990099009900991,-5.172413793103436,-9.305064782096583,-9.83606557377048,-9.411764705882353,8.091953974764856,8.310581879125095,8.626578158476576,7.884803588067297,000100.SZ
2021-06-07,7.85,-0.33975664848972775,0,0.01948051948051943,-0.026548672566371723,-0.012484394506866336,-0.018382352941176516,-2.846534653465349,-5.307599517490946,-8.401400233372236,-8.079625292740044,8.047962342989427,8.266716938256039,8.596124113046123,7.884457283708419,000100.SZ
2021-06-08,7.67,-0.005662463838232101,1,-0.02292993630573248,0.01948051948051943,-0.026548672566371723,-0.012484394506866336,-6.004901960784315,-7.701564380264747,-12.342857142857145,-11.020881670533633,7.979241916991349,8.209886753660225,8.559805520377648,7.882323380387937,000100.SZ
2021-06-09,7.54,0.10103021125536826,2,-0.016949152542372836,-0.02292993630573248,0.01948051948051943,-0.026548672566371723,-5.867665418227208,-8.272506082725073,-12.121212121212121,-11.70960187353629,7.899379750265648,8.146088015216394,8.519813147029504,7.878917177598007,000100.SZ
2021-06-10,7.5,0.22633069389080296,3,-0.0053050397877983935,-0.016949152542372836,-0.02292993630573248,0.01948051948051943,-5.1833122629582835,-10.28708133971291,-11.032028469750887,-8.869987849331718,7.826765250217349,8.084555823291023,8.479820474596975,7.875146857422903,000100.SZ
2021-06-11,7.65,0.5012575563694128,4,0.020000000000000018,-0.0053050397877983935,-0.016949152542372836,-0.02292993630573248,-0.649350649350644,-5.788177339901468,-9.893992932862183,-10.421545667447296,7.794626113814195,8.043169554406163,8.447278495201017,7.872906590184865,000100.SZ
2021-06-15,7.55,-0.5048202686418011,1,-0.013071895424836666,0.020000000000000018,-0.0053050397877983935,-0.016949152542372836,-3.821656050955413,-6.559405940594065,-8.92641737032569,-11.901983663943994,7.75014863857525,7.9962010254150995,8.41209110323235,7.869693589287504,000100.SZ
2021-06-16,7.28,0.14867685611119352,2,-0.03576158940397345,-0.013071895424836666,0.020000000000000018,-0.0053050397877983935,-5.0847457627118615,-10.784313725490192,-12.394705174488575,-16.799999999999994,7.664667067925205,7.9279914039469945,8.367695373693827,7.863825991384146,000100.SZ
2021-06-17,7.17,0.5963837263379093,3,-0.015109890109890167,-0.03576158940397345,-0.013071895424836666,0.020000000000000018,-4.907161803713533,-10.486891385767795,-12.77372262773724,-16.433566433566437,7.574727601029712,7.855801746428233,8.32072692766662,7.8569222501763445,000100.SZ
2021-06-18,7.6,0.5131944163463484,4,0.05997210599721048,-0.015109890109890167,-0.03576158940397345,-0.013071895424836666,1.3333333333333197,-3.9190897597977337,-9.090909090909093,-9.84578884934757,7.579322582660673,7.83143967533983,8.292463126581655,7.854365809876082,000100.SZ
2021-06-21,7.54,-0.41636674456619593,0,-0.007894736842105177,0.05997210599721048,-0.015109890109890167,-0.03576158940397345,-1.4379084967320321,-2.0779220779220786,-7.142857142857128,-11.189634864546527,7.572173022176914,7.803683515783655,8.262954768676492,7.851237791867366,000100.SZ
2021-06-22,7.75,0.058691655009376786,1,0.027851458885941538,-0.007894736842105177,0.05997210599721048,-0.015109890109890167,2.6490066225165476,-1.273885350318471,-4.084158415841587,-6.5138721351025275,7.604505199962929,7.798570799994736,8.242838895395062,7.850230450654755,000100.SZ
2021-06-23,7.72,-0.3115786072436256,2,-0.003870967741935516,0.027851458885941538,-0.007894736842105177,0.05997210599721048,6.043956043956045,0.6518904823989535,-5.392156862745101,-7.099879663056563,7.625504254515123,7.791087866661904,8.222335409301138,7.848934625275106,000100.SZ
2021-06-24,7.82,0.19139894896530918,3,0.012953367875647714,-0.003870967741935516,0.027851458885941538,-0.007894736842105177,9.065550906555098,3.7135278514588865,-2.372034956304614,-4.866180048661805,7.660867117330555,7.793841403170294,8.206557550112858,7.848646718555951,000100.SZ
2021-06-25,7.77,-0.09178878203549856,4,-0.006393861892583175,0.012953367875647714,-0.003870967741935516,0.027851458885941538,2.2368421052631593,3.600000000000003,-1.7699115044247815,-7.0574162679425845,7.680709459634089,7.791570793344552,8.189437646186864,7.847864164142459,000100.SZ
2021-06-28,7.81,-0.14099202553069534,0,0.005148005148005064,-0.006393861892583175,0.012953367875647714,-0.003870967741935516,3.5809018567639184,2.091503267973849,1.4285714285714235,-3.817733990147776,7.704216830609709,7.793325955883166,8.174557738493261,7.847487406290296,000100.SZ
2021-06-29,7.63,-0.1496562140715525,1,-0.023047375160051176,0.005148005148005064,-0.006393861892583175,0.012953367875647714,-1.5483870967741953,1.059602649006619,-2.8025477707006363,-5.569306930693074,7.690722861407943,7.777771102941911,8.153202533062153,7.845323352496363,000100.SZ
2021-06-30,7.65,-0.1506982958823343,2,0.002621231979030192,-0.023047375160051176,0.005148005148005064,-0.006393861892583175,-0.9067357512953289,5.082417582417587,-0.26075619295957697,-6.25,7.6833187047883165,7.765602426471253,8.13346910039305,7.843379836551127,000100.SZ
2021-07-01,7.37,0.34802721937819947,3,-0.036601307189542465,0.002621231979030192,-0.023047375160051176,0.005148005148005064,-5.754475703324813,2.789400278940035,-2.2546419098143256,-7.990012484394504,7.626351667554077,7.727926004902563,8.103529135671755,7.838669589421265,000100.SZ
2021-07-02,7.41,-0.2141927595900467,4,0.005427408412483015,-0.036601307189542465,0.002621231979030192,-0.023047375160051176,-4.633204633204624,-2.499999999999991,-1.200000000000001,-6.321112515802785,7.587015000726063,7.697647337768985,8.076331914665019,7.834404220372298,000100.SZ
2021-07-05,7.46,-0.1705004213888741,0,0.006747638326585648,0.005427408412483015,-0.036601307189542465,0.002621231979030192,-4.481434058898848,-1.0610079575596787,-2.4836601307189565,-3.116883116883118,7.563921364230414,7.675014257981463,8.052162035658547,7.830678805244216,000100.SZ
2021-07-06,7.9,2.066097323566399,1,0.05898123324396787,0.006747638326585648,0.005427408412483015,-0.036601307189542465,3.5386631716906924,1.9354838709677358,4.635761589403975,0.6369426751592355,7.625026570733975,7.696441471507038,8.046194897005272,7.831368568376115,000100.SZ
2021-07-07,7.97,-0.1011368481545335,2,0.008860759493670711,0.05898123324396787,0.006747638326585648,0.005427408412483015,4.183006535947698,3.2383419689119064,9.478021978021967,3.9113428943937434,7.687749012418706,7.722494664696844,8.043206861828596,7.832747985606204,000100.SZ
2021-07-08,8.1,0.02919058827168919,3,0.016311166875784266,0.008860759493670711,0.05898123324396787,0.006747638326585648,9.905020352781534,3.5805626598465423,12.970711297071125,7.427055702917773,7.762703737433486,7.758447553773335,8.045434043717671,7.835407209630024,000100.SZ
2021-07-09,8.06,-0.34473551056805485,4,-0.004938271604938205,0.016311166875784266,0.008860759493670711,0.05898123324396787,8.771929824561408,3.7323037323037545,6.052631578947376,7.466666666666666,7.81675760335467,7.787166834366351,8.046005257689528,7.837641963763059,000100.SZ
2021-07-12,8.01,0.4538677961436719,0,-0.006203473945409543,-0.004938271604938205,0.016311166875784266,0.008860759493670711,7.372654155495972,2.5608194622279257,6.233421750663126,4.70588235294116,7.851892584562911,7.8083890406171745,8.044593286799742,7.83935696909875,000100.SZ
2021-07-13,8.03,-0.37196510362162993,1,0.0024968789013732895,-0.006203473945409543,-0.004938271604938205,0.016311166875784266,1.6455696202531511,5.242463958060273,3.612903225806452,6.3576158940397365,7.884275751006018,7.829494846272682,8.04402100104289,7.841253914679857,000100.SZ
2021-07-14,8.18,0.6705029766639594,2,0.018679950186799577,0.0024968789013732895,-0.006203473945409543,-0.004938271604938205,2.634880803011286,6.928104575163396,5.958549222797926,12.362637362637363,7.93804379627765,7.862876289484807,8.049353510805913,7.844624522493988,000100.SZ
2021-07-15,8.02,-0.04772275590018371,3,-0.019559902200488977,0.018679950186799577,0.0024968789013732895,-0.006203473945409543,-0.987654320987652,8.819538670284931,2.5575447570332477,11.85495118549511,7.952944924227168,7.877840452391016,8.048202392735094,7.846369552120914,000100.SZ
2021-07-16,8.37,0.7908314055546346,4,0.043640897755610863,-0.019559902200488977,0.018679950186799577,0.0024968789013732895,3.8461538461538325,12.955465587044523,7.722007722007729,10.131578947368425,8.028773119822228,7.924712790258538,8.060821906745483,7.851579805333642,000100.SZ
2021-07-19,8.25,-0.46026534835053734,0,-0.014336917562723928,0.043640897755610863,-0.019559902200488977,0.018679950186799577,2.9962546816479474,10.589812332439674,5.633802816901423,9.416445623342184,8.068996188945459,7.9556925245196295,8.068240655500562,7.855544185380073,000100.SZ
2021-07-20,8.2,-0.33095815067933665,1,-0.0060606060606061,-0.014336917562723928,0.043640897755610863,-0.019559902200488977,2.1170610211706187,3.7974683544303556,7.470511140235914,5.806451612903207,8.092815063682647,7.978959903136808,8.073407688618188,7.8589716064210675,000100.SZ
2021-07-21,8.03,0.47470891546848226,2,-0.02073170731707319,-0.0060606060606061,-0.014336917562723928,0.043640897755610863,-1.8337408312958492,0.7528230865746499,4.967320261437891,4.015544041450769,8.081394143013075,7.9838208647428255,8.071705426319436,7.860673381481555,000100.SZ
2021-07-22,8.03,-0.31122296916912273,3,0.0,-0.02073170731707319,-0.0060606060606061,-0.014336917562723928,0.12468827930174342,-0.8641975308641969,8.955223880596996,2.6854219948849067,8.072049753374333,7.988218877624461,8.070069919404949,7.862358223456863,000100.SZ
2021-07-23,7.71,0.4825432312450919,4,-0.03985056039850554,0.0,-0.02073170731707319,-0.0060606060606061,-7.885304659498205,-4.342431761786603,4.048582995951411,-0.7722007722007707,8.00622252548809,7.961721841660227,8.055949530408677,7.860842221233412,000100.SZ
2021-07-26,7.6,-0.39091682994392263,0,-0.014267185473411215,-0.03985056039850554,0.0,-0.02073170731707319,-7.878787878787885,-5.118601747815232,1.8766756032171594,-2.688860435339313,7.932363884490255,7.927272142454491,8.038069156667161,7.858246776246015,000100.SZ
2021-07-27,7.65,0.3963953570921481,1,0.00657894736842124,-0.014267185473411215,-0.03985056039850554,0.0,-6.7073170731707155,-4.732254047322526,-3.164556962025311,0.2621231979030192,7.881024996401118,7.900865271744539,8.022850758366488,7.856174669019688,000100.SZ
2021-07-28,7.29,-0.11152030097167576,2,-0.04705882352941182,0.00657894736842124,-0.014267185473411215,-0.03985056039850554,-9.215442092154413,-10.880195599022002,-8.531994981179425,-4.705882352941182,7.773565906146368,7.842687626816487,7.994111512940352,7.850541090223472,000100.SZ
2021-07-29,7.36,-0.18437720167228755,3,0.009602194787380114,-0.04705882352941182,0.00657894736842124,-0.014267185473411215,-8.3437110834371,-8.229426433915199,-9.13580246913579,-0.13568521031207537,7.698372105028847,7.796717376643488,7.969244394785829,7.845660084350602,000100.SZ
2021-07-30,7.39,0.03658654225605318,4,0.0040760869565217295,0.009602194787380114,-0.04705882352941182,0.00657894736842124,-4.150453955901434,-11.708482676224607,-8.312655086848642,-0.26990553306343035,7.642304449569056,7.757982388391727,7.94652892832364,7.841126153163034,000100.SZ
2021-08-02,7.68,0.373247717909021,0,0.03924221921515558,0.0040760869565217295,0.009602194787380114,-0.04705882352941182,1.0526315789473717,-6.909090909090909,-4.119850187265916,2.9490616621983934,7.649158186011046,7.750555494259181,7.936076813487419,7.83952290785793,000100.SZ
2021-08-03,7.49,-0.38652185162824515,1,-0.02473958333333326,0.03924221921515558,0.0040760869565217295,0.009602194787380114,-2.09150326797386,-8.65853658536584,-6.724782067247814,-5.189873417721524,7.620220334009037,7.725740685282116,7.918583605115363,7.8360450679787474,000100.SZ
2021-08-04,7.53,0.014390295337463943,2,0.005340453938584844,-0.02473958333333326,0.03924221921515558,0.0040760869565217295,3.292181069958855,-6.226650062266492,-7.946210268948651,-5.5207026348807915,7.603816636916484,7.707098715255248,7.903345032365741,7.832999843421745,000100.SZ
2021-08-05,7.55,0.19971489100520734,3,0.0026560424966799445,0.005340453938584844,-0.02473958333333326,0.03924221921515558,2.5815217391304213,-5.977584059775831,-5.86034912718204,-6.79012345679012,7.5940317938407595,7.692136932849986,7.8894883644298295,7.830183924581728,000100.SZ
2021-08-06,7.68,0.032292801267452154,4,0.017218543046357615,0.0026560424966799445,0.005340453938584844,-0.02473958333333326,3.9242219215155583,-0.3891050583657574,-8.24372759856631,-4.714640198511177,7.609662376778803,7.690981034483321,7.881273134452189,7.828689557172955,000100.SZ
2021-08-09,7.88,0.14524206344448287,0,0.02604166666666674,0.017218543046357615,0.0026560424966799445,0.005340453938584844,2.604166666666674,3.684210526315801,-4.4848484848484915,-1.6229712858926382,7.658814671909929,7.708982840723005,7.881223207610927,7.829200108842876,000100.SZ
2021-08-10,7.84,0.047835752400163356,1,-0.005076142131979711,0.02604166666666674,0.017218543046357615,0.0026560424966799445,4.672897196261672,2.4836601307189454,-4.390243902439018,-2.3661270236612686,7.691757458835396,7.721460665416052,7.879606611234029,7.82930757044643,000100.SZ
2021-08-11,7.77,-0.19548376353039132,2,-0.008928571428571508,-0.005076142131979711,0.02604166666666674,0.017218543046357615,3.1872509960159334,6.584362139917688,-3.237858032378582,-5.01222493887531,7.705983375410778,7.7260834591859515,7.875308312754263,7.828717445367361,000100.SZ
2021-08-12,7.69,-0.07499296229445762,3,-0.010296010296010238,-0.008928571428571508,-0.005076142131979711,0.02604166666666674,1.8543046357615944,4.483695652173925,-4.234122042341204,-4.1147132169575995,7.703077307154272,7.7226469392634804,7.868041320097233,7.827337172279129,000100.SZ
2021-08-13,7.54,0.014527324886659088,4,-0.01950585175552666,-0.010296010296010238,-0.008928571428571508,-0.005076142131979711,-1.822916666666663,2.0297699594046037,-2.204928664072636,-9.9163679808841,7.673426887671677,7.705251992666958,7.855176954603224,7.824478095938043,000100.SZ
2021-08-16,7.62,0.02323026904939418,0,0.010610079575596787,-0.01950585175552666,-0.010296010296010238,-0.008928571428571508,-3.2994923857867953,-0.78125,0.263157894736854,-7.63636363636363,7.663712908095008,7.697132755270105,7.8459543289325095,7.822443488018262,000100.SZ
2021-08-17,7.39,-0.03265316680534425,1,-0.030183727034120755,0.010610079575596787,-0.01950585175552666,-0.010296010296010238,-5.739795918367352,-1.3351134846461998,-3.3986928104575265,-9.878048780487802,7.613946924805006,7.6678820166729516,7.8280737670135885,7.818140567739474,000100.SZ
2021-08-18,7.42,-0.2494663047789677,2,0.004059539918809252,-0.030183727034120755,0.010610079575596787,-0.01950585175552666,-4.504504504504503,-1.4608233731739695,1.7832647462276974,-7.596513075965127,7.578683847567731,7.644274205561242,7.812070874189526,7.8141789700505235,000100.SZ
2021-08-19,7.41,0.12250302843162864,3,-0.0013477088948786742,0.004059539918809252,-0.030183727034120755,0.010610079575596787,-3.6410923276983143,-1.8543046357615833,0.6793478260869623,-7.721046077210447,7.548014057100871,7.621962376460171,7.796303388927193,7.810157288756489,000100.SZ
2021-08-20,7.27,0.11413290730768022,4,-0.018893387314440013,-0.0013477088948786742,0.004059539918809252,-0.030183727034120755,-3.5809018567639295,-5.338541666666674,-1.6238159675236785,-5.706874189364464,7.497466046718895,7.588442150130632,7.7756640403418125,7.804782589365877,000100.SZ
2021-08-23,7.28,-0.2220133042747462,0,0.0013755158184320937,-0.018893387314440013,-0.0013477088948786742,0.004059539918809252,-4.461942257217844,-7.614213197969544,-5.208333333333326,-4.210526315789465,7.457926765497277,7.5590667072610485,7.756226234838212,7.799560872058755,000100.SZ
2021-08-24,7.15,0.4381053518135378,1,-0.017857142857142794,0.0013755158184320937,-0.018893387314440013,-0.0013477088948786742,-3.247631935047357,-8.801020408163263,-4.539385847797062,-6.5359477124183,7.401940080861408,7.520107973236187,7.732452657001419,7.793097579799464,000100.SZ
2021-08-25,7.17,-0.3658072866934029,2,0.002797202797202747,-0.017857142857142794,0.0013755158184320937,-0.018893387314440013,-3.369272237196763,-7.722007722007717,-4.780876494023911,-1.6460905349794275,7.359769157068424,7.486764356737503,7.710395690060187,7.786897603881062,000100.SZ
2021-08-26,7.13,0.0036871478472677577,3,-0.00557880055788007,0.002797202797202747,-0.017857142857142794,0.0013755158184320937,-3.7786774628879916,-7.2821846553966285,-5.562913907284772,-3.125000000000011,7.317992946692346,7.452786798952979,7.687635074763709,7.780361309315082,000100.SZ
2021-08-27,7.16,0.07278533759142336,4,0.004207573632538653,-0.00557880055788007,0.002797202797202747,-0.017857142857142794,-1.5130674002750921,-5.03978779840849,-6.770833333333326,-3.112313937753719,7.289266956384647,7.424902341909838,7.666943503204349,7.774188559968664,000100.SZ
2021-08-30,7.14,0.01924726237679142,0,-0.0027932960893854997,0.004207573632538653,-0.00557880055788007,0.002797202797202747,-1.9230769230769273,-6.299212598425208,-9.390862944162437,-7.03125,7.262127509769256,7.397768785537472,7.646279052098297,7.767878226038628,000100.SZ
2021-08-31,7.13,0.1428998250032012,1,-0.0014005602240896309,-0.0027932960893854997,0.004207573632538653,-0.00557880055788007,-0.2797202797202858,-3.518267929634644,-9.056122448979586,-4.806408544726304,7.238104326174845,7.372266996438665,7.626032814761109,7.761531179013368,000100.SZ
2021-09-01,7.19,0.31295514807484026,2,0.008415147265077305,-0.0014005602240896309,-0.0027932960893854997,0.004207573632538653,0.2789400278940146,-3.0997304582210172,-7.464607464607454,-4.515272244355906,7.229358085052146,7.354908234873077,7.608933488692046,7.75584430161025,000100.SZ
2021-09-02,7.26,-0.11990296587958504,3,0.009735744089012455,0.008415147265077305,-0.0014005602240896309,-0.0027932960893854997,1.8232819074333717,-2.0242914979757165,-5.59167750325098,-3.8410596026490107,7.234929342315392,7.345869355361356,7.59524982246883,7.750910527464875,000100.SZ
2021-09-03,7.17,-0.31206744509236295,4,-0.012396694214875992,0.009735744089012455,0.008415147265077305,-0.0014005602240896309,0.13966480446927498,-1.375515818431905,-4.907161803713533,-6.640625,7.223124007348957,7.3291198929459895,7.578573358842601,7.745130323211494,000100.SZ
2021-09-06,7.08,0.4101744966442953,0,-0.012552301255230103,-0.012396694214875992,0.009735744089012455,0.008415147265077305,-0.8403361344537785,-2.7472527472527486,-7.0866141732283445,-10.152284263959388,7.197101460558237,7.305394188855895,7.559021462417402,7.738512111040236,000100.SZ
2021-09-07,7.07,-0.27777513373565077,1,-0.0014124293785310327,-0.012552301255230103,-0.012396694214875992,0.009735744089012455,-0.8415147265077083,-1.118881118881121,-4.330175913396472,-9.82142857142857,7.173992104093102,7.282975694679143,7.539844150165739,7.731860249238841,000100.SZ
2021-09-08,7.4,1.85244907776555,2,0.04667609618104662,-0.0014124293785310327,-0.012552301255230103,-0.012396694214875992,2.9207232267037586,3.207810320781035,-0.26954177897573484,-4.761904761904756,7.215084448803447,7.294120866614463,7.534360065845514,7.728558157206614,000100.SZ
2021-09-09,7.3,-0.4851985159242437,3,-0.013513513513513598,0.04667609618104662,-0.0014124293785310327,-0.012552301255230103,0.5509641873278293,2.384291725105192,-1.4844804318488558,-5.071521456436933,7.230523639930093,7.294680784079753,7.525169475028044,7.724293896935902,000100.SZ
2021-09-10,7.32,-0.13492312801227802,4,0.00273972602739736,-0.013513513513513598,0.04667609618104662,-0.0014124293785310327,2.092050209205021,2.2346368715083775,0.687757909215958,-2.917771883289122,7.246792069033712,7.29709213797692,7.517123613262238,7.720271072090769,000100.SZ
2021-09-13,7.13,0.06977673106052751,0,-0.02595628415300555,0.00273972602739736,-0.013513513513513598,0.04667609618104662,0.7062146892655274,-0.1400560224089631,-2.060439560439564,-6.430446194225725,7.2255571473912195,7.281178601026737,7.501942295095091,7.714397728089867,000100.SZ
2021-09-14,7.05,-0.17598909917904404,1,-0.011220196353436185,-0.02595628415300555,0.00273972602739736,-0.013513513513513598,-0.28288543140029265,-1.1220196353436185,-1.3986013986014068,-4.6008119079837595,7.19363766604736,7.259161591405143,7.48421906783646,7.707786805422306,000100.SZ
2021-09-15,7.05,-0.311334078738304,2,0.0,-0.011220196353436185,-0.02595628415300555,0.00273972602739736,-4.729729729729737,-1.9471488178025131,-1.673640167364021,-4.986522911051217,7.167521726766022,7.239241439842749,7.4671908690977755,7.701241663079796,000100.SZ
2021-09-16,6.88,0.7836445204016236,3,-0.024113475177305,0.0,-0.011220196353436185,-0.02595628415300555,-5.753424657534245,-5.234159779614322,-3.5063113604488105,-7.152496626180838,7.1152450491721995,7.2050279693815344,7.4441637761919806,7.693070104243182,000100.SZ
2021-09-17,6.67,-0.07219339724334195,4,-0.03052325581395343,-0.024113475177305,0.0,-0.011220196353436185,-8.879781420765031,-6.973500697350065,-6.843575418994419,-8.253094910591463,7.0342914038681625,7.154072924678531,7.413804412419746,7.682890302210912,000100.SZ
2021-09-22,6.56,-0.43340975514039926,2,-0.016491754122938573,-0.03052325581395343,-0.024113475177305,0.0,-7.9943899018232845,-7.344632768361592,-8.123249299719893,-9.8901098901099,6.94805660316486,7.097494550899624,7.380321886442501,7.671717264377968,000100.SZ
2021-09-23,6.56,-0.026073801343333813,3,0.0,-0.016491754122938573,-0.03052325581395343,-0.024113475177305,-6.950354609929077,-7.213578500707218,-7.9943899018232845,-8.251748251748259,6.877500857134884,7.046304593671088,7.348152400699658,7.660655401050824,000100.SZ
2021-09-24,6.43,0.3179215091797203,4,-0.01981707317073167,0.0,-0.016491754122938573,-0.03052325581395343,-8.794326241134753,-13.10810810810812,-10.570236439499315,-10.320781032078107,6.7961370649285415,6.9876089180833665,7.312146424201632,7.6484100736771845,000100.SZ
2021-09-27,6.65,0.41083917325210684,0,0.034214618973561484,-0.01981707317073167,0.0,-0.016491754122938573,-3.3430232558139483,-8.904109589041088,-8.402203856749303,-6.7321178120617,6.769566689486988,6.955455687789712,7.286179897762353,7.638475645083382,000100.SZ
2021-09-28,6.49,-0.46583360173927046,1,-0.024060150375939893,0.034214618973561484,-0.01981707317073167,0.0,-2.6986506746626615,-11.338797814207647,-9.483960948396087,-9.357541899441335,6.718736382307535,6.911126574666882,7.254957156673634,7.627048026724344,000100.SZ
2021-09-29,6.24,0.18703422805513426,2,-0.03852080123266566,-0.024060150375939893,0.034214618973561484,-0.01981707317073167,-4.8780487804877986,-12.482468443197748,-11.864406779661019,-12.605042016806712,6.631693403706165,6.8472097580319415,7.215154915235453,7.6132465538216145,000100.SZ
2021-09-30,6.26,-0.4404212932464503,3,0.0032051282051281937,-0.03852080123266566,-0.024060150375939893,0.034214618973561484,-4.57317073170731,-11.205673758865252,-11.456859971711463,-12.201963534361848,6.564112784850497,6.791285019171757,7.177697859736023,7.599781413982594,000100.SZ
2021-10-08,6.48,1.01316256045842,4,0.03514376996805124,0.0032051282051281937,-0.03852080123266566,-0.024060150375939893,0.7776049766718529,-8.085106382978713,-12.432432432432428,-9.874826147426985,6.548819551241316,6.761638826869685,7.150337159354218,7.588639310360877,000100.SZ
2021-10-11,6.47,-0.3233686079445376,0,-0.0015432098765433278,0.03514376996805124,0.0032051282051281937,-0.03852080123266566,-2.7067669172932463,-5.959302325581395,-11.369863013698634,-10.881542699724523,6.534488723742895,6.733863700501144,7.123657270752092,7.5775085709543015,000100.SZ
2021-10-12,6.56,0.33455855555671254,1,0.01391035548686248,-0.0015432098765433278,0.03514376996805124,0.0032051282051281937,1.0785824345146189,-1.6491754122938573,-10.382513661202196,-8.507670850767092,6.539127137607822,6.717305252834368,7.101553064055932,7.567384107561722,000100.SZ
2021-10-13,6.54,-0.3981290035656605,2,-0.0030487804878047697,0.01391035548686248,-0.0015432098765433278,0.03514376996805124,4.807692307692313,-0.304878048780477,-8.274894810659184,-7.6271186440677985,6.539285839860945,6.700419038278714,7.0795313752694256,7.557161380123297,000100.SZ
2021-10-14,6.41,0.20255379828882547,3,-0.019877675840978548,-0.0030487804878047697,0.01391035548686248,-0.0015432098765433278,2.396166134185318,-2.286585365853655,-9.078014184397155,-9.335219236209335,6.51577932352259,6.67276008225217,7.053275242905919,7.545746839027544,000100.SZ
2021-10-15,6.42,0.09169406564976024,4,0.0015600624024960652,-0.019877675840978548,-0.0030487804878047697,0.01391035548686248,-0.92592592592593,-0.15552099533436836,-8.936170212765958,-13.243243243243253,6.498364901063937,6.648687693466249,7.028440919654707,7.534545377942693,000100.SZ
2021-10-18,6.33,-0.09955466026799387,0,-0.014018691588784993,0.0015600624024960652,-0.019877675840978548,-0.0030487804878047697,-2.163833075734156,-4.8120300751879785,-7.99418604651162,-13.287671232876708,6.4677531008704925,6.6183364845647015,7.0010510796682475,7.52255985179401,000100.SZ
2021-10-19,6.43,-0.01362006382348746,1,0.015797788309636518,-0.014018691588784993,0.0015600624024960652,-0.019877675840978548,-1.981707317073167,-0.924499229583986,-3.59820089955023,-12.158469945355199,6.460888900712221,6.6003996765109205,6.978656919681257,7.511688609487602,000100.SZ
2021-10-20,6.36,-0.3289381524675642,2,-0.010886469673405785,0.015797788309636518,-0.014018691588784993,0.0015600624024960652,-2.752293577981646,1.9230769230769162,-3.0487804878048697,-10.79943899018232,6.44254546421909,6.577504469224166,6.954395864007482,7.500229021333497,000100.SZ
2021-10-21,6.24,0.8203777335984095,3,-0.018867924528301883,-0.010886469673405785,0.015797788309636518,-0.014018691588784993,-2.6521060842433664,-0.31948881789136685,-4.8780487804877986,-11.489361702127654,6.405719016179255,6.545361186440912,6.926380339928758,7.487689429081422,000100.SZ
2021-10-22,6.27,-0.292933981324742,4,0.004807692307692291,-0.018867924528301883,-0.010886469673405785,0.015797788309636518,-2.336448598130847,-3.240740740740755,-2.488335925349927,-11.063829787234047,6.381042831419389,6.519136311541778,6.900639934441356,7.475573116354245,000100.SZ
2021-10-25,6.22,0.10256014210140174,0,-0.00797448165869219,0.004807692307692291,-0.018867924528301883,-0.010886469673405785,-1.7377567140600347,-3.863987635239563,-6.466165413533842,-9.593023255813959,6.351762316615863,6.49064713901399,6.8739481723064015,7.4630798515149,000100.SZ
2021-10-26,6.3,0.3685310358514575,1,0.012861736334405238,-0.00797448165869219,0.004807692307692291,-0.018867924528301883,-2.021772939346811,-3.963414634146334,-2.927580893682591,-5.547226386806603,6.34235098632207,6.472490268631705,6.851440400843406,7.451506917668981,000100.SZ
2021-10-27,6.15,-0.036988065889257515,2,-0.023809523809523725,0.012861736334405238,-0.00797448165869219,0.004807692307692291,-3.301886792452835,-5.9633027522935755,-1.4423076923076872,-6.249999999999989,6.307378079718057,6.4417769097144,6.823932934143665,7.4385566000802354,000100.SZ
2021-10-28,5.98,0.15619491367779537,3,-0.027642276422764178,-0.023809523809523725,0.012861736334405238,-0.00797448165869219,-4.1666666666666625,-6.708268330733224,-4.472843450479225,-8.841463414634132,6.247854792496591,6.397798156408266,6.79083752496156,7.4240435990844125,000100.SZ
2021-10-29,6.06,-0.3392786001041954,4,0.013377926421404451,-0.027642276422764178,-0.023809523809523725,0.012861736334405238,-3.349282296650713,-5.607476635514019,-6.481481481481499,-5.7542768273716955,6.213699375679028,6.365626903417002,6.762177229865029,7.410471025959195,000100.SZ
2021-11-01,6.37,1.6686804267161408,0,0.051155115511551275,0.013377926421404451,-0.027642276422764178,-0.023809523809523725,2.411575562700974,0.6319115323854652,-1.5455950540958163,-4.210526315789476,6.242117671010114,6.366043388805859,6.746797730654635,7.400118080427263,000100.SZ
2021-11-02,6.13,-0.26947994108113504,1,-0.03767660910518056,0.051155115511551275,0.013377926421404451,-0.027642276422764178,-2.6984126984127,-4.665629860031107,-6.554878048780488,-5.54699537750386,6.221732639917365,6.343563066062444,6.722609584354454,7.387480089577241,000100.SZ
2021-11-03,6.24,-0.20168087219780284,2,0.01794453507340954,-0.03767660910518056,0.051155115511551275,0.013377926421404451,1.4634146341463428,-1.8867924528301883,-4.587155963302747,0.0,6.225053978114207,6.33369991691364,6.703683718301339,7.376062377243139,000100.SZ
2021-11-04,6.25,-0.34721611694320487,3,0.0016025641025640969,0.01794453507340954,-0.03767660910518056,0.051155115511551275,4.515050167224066,0.1602564102564097,-2.49609984399376,-0.15974440894568342,6.229589618457078,6.3257284962551985,6.685892199936581,7.364857776474551,000100.SZ
2021-11-05,6.19,-0.1637372169466763,4,-0.009599999999999942,0.0016025641025640969,0.01794453507340954,-0.03767660910518056,2.1452145214521545,-1.2759170653907415,-3.5825545171339512,-4.475308641975307,6.222391506010336,6.312801972802323,6.666445446997892,7.353167649345451,000100.SZ
2021-11-08,6.18,-0.08561484918793505,0,-0.001615508885298933,-0.009599999999999942,0.0016025641025640969,0.01794453507340954,-2.982731554160134,-0.6430868167202619,-2.3696682464455,-4.482225656877903,6.214683959463002,6.3001541658687685,6.647369154958759,7.3414943394017165,000100.SZ
2021-11-09,6.23,-0.007298834276161625,1,0.008090614886731462,-0.001615508885298933,-0.009599999999999942,0.0016025641025640969,1.6313213703099683,-1.111111111111096,-3.1104199066873894,-5.030487804878037,6.217468694106093,6.29347281673841,6.631001737117239,7.33043469423354,000100.SZ
2021-11-10,6.32,0.94847236422686,2,0.014446227929374,0.008090614886731462,-0.001615508885298933,-0.009599999999999942,1.2820512820512775,2.764227642276418,-0.6289308176100628,-3.3639143730886834,6.236110749723167,6.295999215144275,6.618805590563622,7.320380617674003,000100.SZ
2021-11-11,6.43,0.09540161587789076,3,0.01740506329113911,0.014446227929374,0.008090614886731462,-0.001615508885298933,2.8799999999999937,7.525083612040118,3.044871794871784,0.31201248049921304,6.271363340682591,6.308761194654345,6.611401449757206,7.311521109040431,000100.SZ
2021-11-12,6.39,-0.32777981289449953,4,-0.0062208398133748455,0.01740506329113911,0.014446227929374,0.008090614886731462,3.2310177705977328,5.44554455445545,1.9138755980861344,-0.4672897196261738,6.292933642376665,6.316498223734883,6.602719039962806,7.302351744771372,000100.SZ
2021-11-15,6.42,-0.1105708267398845,0,0.0046948356807512415,-0.0062208398133748455,0.01740506329113911,0.014446227929374,3.8834951456310662,0.7849293563579218,3.2154340836012985,1.4218009478673022,6.316036616489998,6.326355535760133,6.595553587415245,7.293572125420414,000100.SZ
2021-11-16,6.52,0.7781600527853709,1,0.015576323987538832,0.0046948356807512415,-0.0062208398133748455,0.01740506329113911,4.654895666131598,6.3621533442087985,3.4920634920634797,1.3996889580093264,6.353120868037271,6.344797865687739,6.592590701634255,7.285874890341604,000100.SZ
2021-11-17,6.42,-0.30108802247607946,2,-0.015337423312883347,0.015576323987538832,0.0046948356807512415,-0.0062208398133748455,1.5822784810126445,2.8846153846153744,4.390243902439028,0.943396226415083,6.365280710212312,6.351959973717478,6.585822438825069,7.277259219790942,000100.SZ
2021-11-18,6.3,-0.04993505693184297,3,-0.01869158878504673,-0.015337423312883347,0.015576323987538832,0.0046948356807512415,-2.021772939346811,0.8000000000000007,5.351170568561869,0.9615384615384581,6.35341149017371,6.347011404792004,6.57461371573389,7.267535247454714,000100.SZ
2021-11-19,6.36,-0.303861890030935,4,0.009523809523809712,-0.01869158878504673,-0.015337423312883347,0.015576323987538832,-0.46948356807510194,2.746365105008075,4.950495049504955,1.435406698564612,6.354609401051217,6.348248413859432,6.566197491587463,7.258505045987503,000100.SZ
2021-11-22,6.43,0.5180905963302751,0,0.011006289308175932,0.009523809523809712,-0.01869158878504673,-0.015337423312883347,0.15576323987538387,4.045307443365687,0.9419152276294973,3.37620578778135,6.368316782678268,6.3560342792061535,6.560856413485994,7.250261214684145,000100.SZ
2021-11-23,6.4,-0.23735151366357576,1,-0.004665629860031051,0.011006289308175932,0.009523809523809712,-0.01869158878504673,-1.8404907975460016,2.728731942215079,4.404567699836881,1.5873015873016039,6.374077367645856,6.36022149071033,6.554548318839485,7.241800904090273,000100.SZ
2021-11-24,6.4,-0.2207364485055593,2,0.0,-0.004665629860031051,0.011006289308175932,0.009523809523809712,-0.31152647975076775,1.2658227848101333,2.564102564102577,4.065040650406493,6.378790573528428,6.36400992016649,6.548487600453623,7.233424775691366,000100.SZ
2021-11-25,6.31,0.10092471956528648,3,-0.014062500000000089,0.0,-0.004665629860031051,0.011006289308175932,0.15873015873015817,-1.8662519440124425,0.9599999999999831,5.518394648829417,6.366283196523259,6.358866118245872,6.539135145533874,7.224236469465581,000100.SZ
2021-11-26,6.18,0.28399480444508574,4,-0.020602218700475405,-0.014062500000000089,0.0,-0.004665629860031051,-2.8301886792452935,-3.2863849765258246,-0.1615508885298933,1.980198019801982,6.332413524428121,6.341831249841503,6.525051414336467,7.213846056834083,000100.SZ
2021-11-29,6.12,-0.2721427929143063,0,-0.009708737864077555,-0.020602218700475405,-0.014062500000000089,0.0,-4.821150855365463,-4.672897196261683,-0.9708737864077555,-3.9246467817896424,6.2937928836230075,6.320704464142312,6.5091670451468016,7.202962016467575,000100.SZ
2021-11-30,6.14,-0.05343134226944213,1,0.0032679738562091387,-0.009708737864077555,-0.020602218700475405,-0.014062500000000089,-4.062500000000013,-5.828220858895705,-1.4446227929374111,0.16313213703098572,6.265830541146096,6.303494515176378,6.494689906121438,7.192385279985311,000100.SZ
2021-12-01,6.15,-0.08538893239363099,2,0.0016286644951140072,0.0032679738562091387,-0.009708737864077555,-0.020602218700475405,-3.90625,-4.2056074766355085,-2.689873417721522,-1.4423076923076872,6.244770442755897,6.288875989921484,6.481172654900989,7.182013287149637,000100.SZ
2021-12-02,6.09,0.36097534872105874,3,-0.00975609756097573,0.0016286644951140072,0.0032679738562091387,-0.009708737864077555,-3.4865293185419977,-3.3333333333333326,-5.28771384136858,-2.5600000000000067,6.216630362254825,6.269935419452771,6.465832550787225,7.1711474832974025,000100.SZ
2021-12-03,6.11,-0.18074942004482364,4,0.003284072249589487,-0.00975609756097573,0.0016286644951140072,0.0032679738562091387,-1.132686084142387,-3.9308176100628978,-4.381846635367747,-1.2924071082390909,6.197243023663038,6.254703474742984,6.451878333109295,7.160588801871557,000100.SZ
2021-12-06,6.1,0.20370192615345228,0,-0.0016366612111293755,0.003284072249589487,-0.00975609756097573,0.0016286644951140072,-0.326797385620925,-5.132192846034211,-4.984423676012462,-1.2944983818770184,6.179562473906122,6.239969810481747,6.4380791827912836,7.150035679464876,000100.SZ
2021-12-07,6.1,-0.16907005489028581,1,0.0,-0.0016366612111293755,0.003284072249589487,-0.00975609756097573,-0.6514657980456029,-4.687500000000011,-6.441717791411039,-2.0866773675762618,6.165096569559554,6.226639352340628,6.4248211756229985,7.139587563251296,000100.SZ
2021-12-08,6.16,0.19022712731925773,2,0.009836065573770592,0.0,-0.0016366612111293755,0.003284072249589487,0.1626016260162677,-3.749999999999998,-4.049844236760125,-2.5316455696202556,6.164169920548726,6.220292747355807,6.41443603148092,7.129840423318448,000100.SZ
2021-12-09,6.48,3.6885759208740403,3,0.051948051948051965,0.009836065573770592,0.0,-0.0016366612111293755,6.403940886699511,2.694136291600646,2.857142857142869,0.7776049766718529,6.221593571358049,6.245026771417159,6.417007167501277,7.123374349454583,000100.SZ
2021-12-10,6.5,-0.10914583637869701,4,0.0030864197530864335,0.051948051948051965,0.009836065573770592,0.0,6.382978723404253,5.177993527508096,2.2012578616352085,1.7214397496087663,6.272212922020222,6.269309936044095,6.42026178838358,7.117171619609264,000100.SZ
2021-12-13,6.53,-0.35693073925955,0,0.004615384615384688,0.0030864197530864335,0.051948051948051965,0.009836065573770592,7.049180327868854,6.699346405228757,1.5552099533437058,1.7133956386292892,6.319083299834727,6.294137561182754,6.424565247662655,7.11132911593156,000100.SZ
2021-12-14,6.41,-0.4388936974979112,1,-0.018376722817764146,0.004615384615384688,0.0030864197530864335,0.051948051948051965,5.0819672131147575,4.3973941368078195,0.15624999999999112,-1.6871165644171682,6.3356136089556845,6.305172079165349,6.423994061479806,7.104350716768062,000100.SZ
2021-12-15,6.41,-0.1516807846633973,2,0.0,-0.018376722817764146,0.004615384615384688,0.0030864197530864335,4.05844155844155,4.227642276422761,0.15624999999999112,-0.15576323987538387,6.349138407327377,6.315155690673411,6.423445274755108,7.097441754412161,000100.SZ
2021-12-16,6.41,-0.16600973312731893,3,0.0,0.0,-0.018376722817764146,0.004615384615384688,-1.0802469135802517,5.254515599343201,1.5847860538827252,1.746031746031762,6.360204151449672,6.324188482037848,6.422918009078437,7.090601537950349,000100.SZ
2021-12-17,6.31,0.14895708614279402,4,-0.015600624024961096,0.0,0.0,-0.018376722817764146,-2.9230769230769282,3.2733224222585733,2.1035598705501535,-0.7861635220125951,6.3510761239133675,6.322837198034244,6.4184898518596745,7.082834358468256,000100.SZ
2021-12-20,6.21,-0.0734719845553069,0,-0.015847860538827252,-0.015600624024961096,0.0,0.0,-4.900459418070446,1.80327868852459,1.4705882352941124,-3.4214618973561373,6.325425919565482,6.312090798221459,6.410313779237726,7.074149439478522,000100.SZ
2021-12-21,6.24,-0.2847891459285392,1,0.004830917874396157,-0.015847860538827252,-0.015600624024961096,0.0,-2.6521060842433664,2.2950819672131306,1.6286644951140072,-2.500000000000002,6.309893934189939,6.305225007914654,6.403634807502914,7.065849445055851,000100.SZ
2021-12-22,6.25,0.059641456026220396,2,0.0016025641025640969,0.004830917874396157,-0.015847860538827252,-0.015600624024961096,-2.49609984399376,1.4610389610389518,1.6260162601625883,-2.34375,6.299004127973586,6.299965483351353,6.397609913091035,7.0577315401299225,000100.SZ
2021-12-23,6.23,-0.06467335270409591,3,-0.0031999999999999806,0.0016025641025640969,0.004830917874396157,-0.015847860538827252,-2.808112324492973,-3.8580246913580196,2.298850574712663,-1.2678288431061668,6.28645792288748,6.293302103984558,6.391036975322759,7.049495405402262,000100.SZ
2021-12-24,6.15,0.0800514413601896,4,-0.012841091492776902,-0.0031999999999999806,0.0016025641025640969,0.004830917874396157,-2.5356576862123448,-5.384615384615376,0.654664484451728,-0.4854368932038722,6.261647391453392,6.279654284557457,6.381584544917946,7.040545202363434,000100.SZ
2021-12-27,6.18,-0.2661171849629641,0,0.004878048780487809,-0.012841091492776902,-0.0031999999999999806,0.0016025641025640969,-0.48309178743961567,-5.359877488514552,1.3114754098360715,0.9803921568627416,6.2468024111891385,6.270163400313889,6.3736792686466535,7.031982563533948,000100.SZ
2021-12-28,6.2,0.20384339837329857,1,0.003236245954692629,0.004878048780487809,-0.012841091492776902,-0.0031999999999999806,-0.6410256410256387,-3.2761310452418035,1.6393442622950838,0.9771986970684043,6.238292881882023,6.263481171712566,6.36686831693502,7.023704130065949,000100.SZ
2021-12-29,6.13,0.12009031716026031,2,-0.011290322580645218,0.003236245954692629,0.004878048780487809,-0.012841091492776902,-1.9199999999999995,-4.368174726989082,-0.48701298701299134,-0.3252032520325243,6.218603266994382,6.250768679168512,6.357579363329725,7.014811551657332,000100.SZ
2021-12-30,6.2,0.3611957557857892,3,0.011419249592169667,-0.011290322580645218,0.003236245954692629,0.004878048780487809,-0.48154093097914075,-3.2761310452418035,-4.320987654320996,1.806239737274229,6.215220854813586,6.245933566866749,6.35139978045405,7.006703974028901,000100.SZ
2021-12-31,6.17,-0.1143421309424042,4,-0.004838709677419395,0.011419249592169667,-0.011290322580645218,0.003236245954692629,0.3252032520325132,-2.2187004754358086,-5.076923076923078,0.9819967266775809,6.206998881211115,6.238701798593725,6.344286063573499,6.998378561351997,000100.SZ
2022-01-04,6.24,0.2946712121015722,1,0.011345218800648427,-0.004838709677419395,0.011419249592169667,-0.011290322580645218,0.9708737864077666,0.48309178743961567,-4.44104134762634,2.2950819672131306,6.212999084627276,6.238825436822895,6.340196414021597,6.9908325060151615,000100.SZ
2022-01-05,6.33,0.4266519823788548,2,0.014423076923076872,0.011345218800648427,-0.004838709677419395,0.011419249592169667,2.0967741935483897,1.4423076923076872,-1.2480499219968855,3.770491803278686,6.234271978331407,6.247508728554048,6.339796554648201,6.984257058194116,000100.SZ
2022-01-06,6.28,-0.39927295184358647,3,-0.007898894154818259,0.014423076923076872,0.011345218800648427,-0.004838709677419395,2.4469820554649413,0.48000000000001375,-2.028081123244929,1.9480519480519431,6.2425861640893325,6.250603135358425,6.3374515917208205,6.977249525276761,000100.SZ
2022-01-07,6.35,0.637967289719626,4,0.011146496815286566,-0.007898894154818259,0.014423076923076872,0.011345218800648427,2.4193548387096753,1.9261637239165186,-0.9360374414976724,-2.0061728395061817,6.262115952436726,6.260069503419527,6.3379436861631415,6.971008236468038,000100.SZ
2022-01-10,6.42,-0.17913843520433625,0,0.011023622047244164,0.011146496815286566,-0.007898894154818259,0.014423076923076872,4.051863857374394,4.390243902439028,1.7432646592709933,-1.2307692307692353,6.290822142902774,6.275300979284334,6.341161580823411,6.965525567448457,000100.SZ
2022-01-11,6.29,-0.11230917605762303,1,-0.02024922118380057,0.011023622047244164,0.011146496815286566,-0.007898894154818259,0.8012820512820484,1.7799352750809128,1.2882447665056418,-3.6753445635528403,6.2906726623749964,6.276700886019159,6.339155244320533,6.958803920011158,000100.SZ
2022-01-12,6.32,-0.3885403310266524,2,0.004769475357710773,-0.02024922118380057,0.011023622047244164,0.011146496815286566,-0.15797788309636074,1.9354838709677358,1.2820512820512775,-1.404056162246492,6.296004905579543,6.280824611160192,6.338404058268748,6.9524476621006,000100.SZ
2022-01-13,6.26,0.32493476973315616,3,-0.009493670886076,0.004769475357710773,-0.02024922118380057,0.011023622047244164,-0.31847133757962887,2.1207177814029254,0.16000000000000458,-2.3400936037441533,6.289458559110535,6.278841314859221,6.335329389317032,6.945557635612038,000100.SZ
2022-01-14,6.16,-0.11386975957472512,4,-0.015974440894568676,-0.009493670886076,0.004769475357710773,-0.02024922118380057,-2.9921259842519587,-0.6451612903225823,-1.1235955056179803,-3.900156006240252,6.265920639272256,6.267523094396439,6.328453726990873,6.937741141725351,000100.SZ
2022-01-17,6.18,-0.40670802372349857,0,0.0032467532467532756,-0.015974440894568676,-0.009493670886076,0.004769475357710773,-3.738317757009346,0.16207455429497752,0.4878048780487809,-2.0602218700475405,6.250298704859118,6.259187561596779,6.322632012206918,6.930201428872364,000100.SZ
2022-01-18,6.19,0.1191543146041596,1,0.0016181229773464256,0.0032467532467532756,-0.015974440894568676,-0.009493670886076,-1.5898251192368762,-0.8012820512820484,0.16181229773464256,-0.32206119162639935,6.239335303975642,6.252598270016133,6.317430756826255,6.922836240525375,000100.SZ
2022-01-19,6.13,0.46772073921971247,2,-0.009693053311793265,0.0016181229773464256,0.0032467532467532756,-0.015974440894568676,-3.0063291139240556,-3.159557661927337,-1.1290322580645218,-1.7628205128205177,6.219456157798252,6.240922244300311,6.310080531068363,6.914947322709202,000100.SZ
2022-01-20,6.11,-0.19113573407202222,3,-0.0032626427406198255,-0.009693053311793265,0.0016181229773464256,0.0032467532467532756,-2.396166134185296,-2.7070063694267454,-0.32626427406198255,-2.2399999999999975,6.19955503819857,6.228453459128853,6.302234235732349,6.906937896612593,000100.SZ
2022-01-21,6.08,0.4525044970250449,4,-0.004909983633387904,-0.0032626427406198255,-0.009693053311793265,0.0016181229773464256,-1.2987012987012991,-4.2519685039369985,-1.9354838709677469,-2.4077046548956704,6.1778177585261025,6.214315034449914,6.293519167664414,6.898709658835354,000100.SZ
2022-01-24,6.0,-0.27222605920598253,0,-0.013157894736842146,-0.004909983633387904,-0.0032626427406198255,-0.009693053311793265,-2.9126213592232997,-6.542056074766355,-2.7552674230145846,-2.4390243902439046,6.145487256975901,6.193904078788017,6.282008612069731,6.8897672741703255,000100.SZ
2022-01-25,5.76,0.8004483204345767,1,-0.040000000000000036,-0.013157894736842146,-0.004909983633387904,-0.0032626427406198255,-6.946688206785145,-8.42607313195549,-7.692307692307699,-6.796116504854366,6.075398664798465,6.152579880808206,6.261537686106212,6.878525808755696,000100.SZ
2022-01-26,5.79,-0.3866755120958215,2,0.005208333333333481,-0.040000000000000036,-0.013157894736842146,-0.004909983633387904,-5.546492659053836,-8.38607594936709,-8.530805687203792,-6.612903225806455,6.023507998471471,6.118048463588377,6.243046012141264,6.8676947061810125,000100.SZ
2022-01-27,5.57,0.34165567722147316,3,-0.03799654576856648,0.005208333333333481,-0.040000000000000036,-0.013157894736842146,-8.837970540098194,-11.02236421725239,-11.305732484076437,-9.135399673735723,5.941051998749385,6.065853371818056,6.216652050880822,6.854782321044883,000100.SZ
2022-01-28,5.61,-0.1531801164036357,4,0.007181328545780907,-0.03799654576856648,0.005208333333333481,-0.040000000000000036,-7.7302631578947345,-8.92857142857143,-11.6535433070866,-9.516129032258059,5.880860726249496,6.022438764978242,6.192861774375691,6.842396427303144,000100.SZ
2022-02-07,5.75,-0.21042815968282536,0,0.024955436720142554,0.007181328545780907,-0.03799654576856648,0.005208333333333481,-4.1666666666666625,-6.957928802588997,-10.436137071651086,-6.807131280388978,5.857067866931406,5.996492215932695,6.175494645968802,6.831526811111074,000100.SZ
2022-02-08,5.85,0.09626375078457938,1,0.017391304347825987,0.024955436720142554,0.007181328545780907,-0.03799654576856648,1.5625,-5.492730210016172,-6.9952305246422934,-6.250000000000011,5.855782800216604,5.982540576320057,6.162730150048457,6.821760375179621,000100.SZ
2022-02-09,5.91,-0.15684797348199486,2,0.010256410256410442,0.017391304347825987,0.024955436720142554,0.007181328545780907,2.0725388601036343,-3.5889070146818858,-6.4873417721519,-6.635071090047395,5.865640472904493,5.975631950003861,6.152819163772047,6.81268813264052,000100.SZ
2022-02-10,5.92,-0.00662973552537538,3,0.0016920473773265332,0.010256410256410442,0.017391304347825987,0.024955436720142554,6.283662477558338,-3.109656301145669,-5.4313099041533475,-5.732484076433131,5.875524023285494,5.970333669051112,6.1436890004868685,6.803805663659023,000100.SZ
2022-02-11,5.84,-0.12545647520192849,4,-0.013513513513513487,0.0016920473773265332,0.010256410256410442,0.017391304347825987,4.099821746880572,-3.9473684210526327,-5.1948051948051965,-8.031496062992128,5.869065109960858,5.957920938665293,6.131779627918757,6.794215557552964,000100.SZ
2022-02-14,5.76,-0.016311837910109928,0,-0.013698630136986356,-0.013513513513513487,0.0016920473773265332,0.010256410256410442,0.17391304347824654,-4.0000000000000036,-6.796116504854366,-10.280373831775702,5.849235089967975,5.939071325459075,6.117200034667041,6.783924855487761,000100.SZ
2022-02-15,5.74,-0.2599431224122789,1,-0.003472222222222099,-0.013698630136986356,-0.013513513513513487,0.0016920473773265332,-1.8803418803418737,-0.3472222222222099,-7.26978998384491,-8.744038155802858,5.829374164519252,5.92011215160583,6.102407876444804,6.773537543492859,000100.SZ
2022-02-16,5.79,-0.04382470119521931,2,0.008710801393728262,-0.003472222222222099,-0.013698630136986356,-0.013513513513513487,-2.0304568527918843,0.0,-5.546492659053836,-8.38607594936709,5.822215225515752,5.90772051811956,6.090156587172459,6.763751100274025,000100.SZ
2022-02-17,5.69,0.7340425531914894,3,-0.017271157167530138,0.008710801393728262,-0.003472222222222099,-0.013698630136986356,-3.8851351351351315,2.1543985637342944,-6.873977086743044,-9.105431309904144,5.7981760936037965,5.886985230679602,6.074464171989225,6.7530670097240355,000100.SZ
2022-02-18,5.73,-0.3019597818677573,4,0.007029876977152849,-0.017271157167530138,0.008710801393728262,-0.003472222222222099,-1.8835616438356073,2.1390374331550888,-5.756578947368418,-6.980519480519476,5.785780440221288,5.872034256329163,6.060955773087687,6.742887238483001,000100.SZ
2022-02-21,5.82,0.3273113449378675,0,0.015706806282722585,0.007029876977152849,-0.017271157167530138,0.008710801393728262,1.041666666666674,1.2173913043478368,-2.9999999999999916,-5.825242718446589,5.792002178362872,5.867078612869243,6.051506527084249,6.733704280886156,000100.SZ
2022-02-22,5.71,0.055069158328428625,1,-0.018900343642611728,0.015706806282722585,0.007029876977152849,-0.017271157167530138,-0.5226480836237002,-2.3931623931623847,-0.868055555555558,-7.754442649434578,5.7770926913878045,5.852118744976934,6.038114114257415,6.723518168638532,000100.SZ
2022-02-23,5.81,0.3413409574282624,2,0.017513134851138368,-0.018900343642611728,0.015706806282722585,0.007029876977152849,0.3454231433505983,-1.6920473773265776,0.3454231433505983,-5.220228384991843,5.7830758384082035,5.848107435931512,6.029168462717909,6.714428435617253,000100.SZ
2022-02-24,5.62,0.3416079644407477,3,-0.03270223752151458,0.017513134851138368,-0.018900343642611728,0.015706806282722585,-1.2302284710017597,-5.067567567567566,0.8976660682226134,-8.01963993453355,5.753425685970349,5.826382918223749,6.01312264065054,6.703538600436982,000100.SZ
2022-02-25,5.64,-0.4555441458547266,4,0.003558718861209842,-0.03270223752151458,0.017513134851138368,-0.018900343642611728,-1.5706806282722696,-3.424657534246578,0.53475935828875,-7.236842105263164,5.7328028339757395,5.808632164107202,5.998490380232871,6.6929561268007935,000100.SZ
2022-02-28,5.56,0.14198782961460465,0,-0.014184397163120588,0.003558718861209842,-0.03270223752151458,0.017513134851138368,-4.467353951890041,-3.472222222222221,-3.304347826086962,-7.333333333333336,5.701384136889241,5.784952910382707,5.981294679047268,6.681682931509243,000100.SZ
2022-03-01,5.57,-0.34394378486179933,1,0.0017985611510793476,-0.014184397163120588,0.003558718861209842,-0.03270223752151458,-2.4518388791593626,-2.9616724738675937,-4.78632478632478,-3.298611111111105,5.677496112000288,5.764481204631973,5.965165475947376,6.670621409802684,000100.SZ
2022-03-02,5.54,-0.17892511933882727,2,-0.0053859964093357915,0.0017985611510793476,-0.014184397163120588,0.003558718861209842,-4.647160068846812,-4.317789291882557,-6.2605752961082946,-4.317789291882557,5.652496818909325,5.743102042286071,5.948492320027871,6.65937144552604,000100.SZ
2022-03-03,5.53,0.18870216643045157,3,-0.0018050541516244634,-0.0053859964093357915,0.0017985611510793476,-0.014184397163120588,-1.6014234875444844,-2.811950790861162,-6.587837837837829,-0.7181328545781018,5.6302246700167204,5.722806609687398,5.932080856497366,6.648133918704886,000100.SZ
2022-03-04,5.39,0.7997177409543275,4,-0.025316455696202667,-0.0018050541516244634,-0.0053859964093357915,0.0017985611510793476,-4.432624113475181,-5.933682373472959,-7.705479452054798,-3.9215686274509887,5.586547457286407,5.691110742098122,5.910822783693548,6.635615173245136,000100.SZ
2022-03-07,5.19,0.08974757649094811,0,-0.03710575139146555,-0.025316455696202667,-0.0018050541516244634,-0.0053859964093357915,-6.654676258992797,-10.824742268041232,-9.895833333333325,-9.739130434782606,5.514447919597969,5.643385909517349,5.882555223548703,6.621230942665583,000100.SZ
2022-03-08,5.04,0.10503591766851517,1,-0.028901734104046284,-0.03710575139146555,-0.025316455696202667,-0.0018050541516244634,-9.51526032315979,-11.73380035026269,-12.195121951219512,-13.846153846153841,5.428184661489246,5.585920584801411,5.849513842233067,6.6054973014450304,000100.SZ
2022-03-09,4.99,0.2788462618029124,2,-0.009920634920634885,-0.028901734104046284,-0.03710575139146555,-0.025316455696202667,-9.927797833935015,-14.113597246127352,-13.816925734024178,-15.566835871404393,5.348514723036656,5.529166243391753,5.8158074170474565,6.589422701430652,000100.SZ
2022-03-10,5.1,-0.26018629886833533,3,0.022044088176352616,-0.009920634920634885,-0.028901734104046284,-0.03710575139146555,-7.775768535262218,-9.25266903914591,-10.36906854130054,-13.85135135135136,5.303330227939082,5.488293267830634,5.7877365379475565,6.574602575048258,000100.SZ
2022-03-11,5.11,-0.11087377027780743,4,0.0019607843137257053,0.022044088176352616,-0.009920634920634885,-0.028901734104046284,-5.194805194805186,-9.397163120567365,-10.820244328097727,-12.49999999999999,5.268179277404704,5.452265337561049,5.761158634498632,6.56002941509753,000100.SZ
2022-03-14,5.02,-0.1776600288292136,0,-0.017612524461839696,0.0019607843137257053,0.022044088176352616,-0.009920634920634885,-3.2755298651252596,-9.712230215827343,-13.745704467353958,-12.847222222222221,5.22305577242203,5.411097210174283,5.73209359000849,6.5447057393254155,000100.SZ
2022-03-15,4.7,0.5375002028792624,1,-0.06374501992031856,-0.017612524461839696,0.0019607843137257053,0.022044088176352616,-6.746031746031744,-15.619389587073606,-17.68826619964974,-18.1184668989547,5.127954722890752,5.343373666348161,5.691619331576785,6.526350458337103,000100.SZ
2022-03-16,4.85,-0.0017101235089200806,2,0.03191489361702127,-0.06374501992031856,-0.017612524461839696,0.0019607843137257053,-2.8056112224449037,-12.454873646209396,-16.52323580034424,-16.23488773747842,5.077417500546979,5.296385698124527,5.658614651907107,6.509670354274048,000100.SZ
2022-03-17,4.86,-0.17649733525082478,3,0.0020618556701033075,0.03191489361702127,-0.06374501992031856,-0.017612524461839696,-4.70588235294116,-12.115732368896925,-13.523131672597867,-14.586994727592273,5.037887045902073,5.254825155446,5.627296430263691,6.493255723883262,000100.SZ
2022-03-18,4.88,-0.3350154731178653,4,0.00411522633744843,0.0020618556701033075,0.03191489361702127,-0.06374501992031856,-4.500978473581219,-9.461966604823747,-13.475177304964536,-14.834205933682377,5.009180310283514,5.219127521594,5.597990687900409,6.47720342812323,000100.SZ
2022-03-21,4.99,1.3226485411396682,0,0.02254098360655754,0.00411522633744843,0.0020618556701033075,0.03191489361702127,-0.5976095617529764,-3.8535645472061675,-10.251798561151071,-14.26116838487973,5.005692981141057,5.1973058528707625,5.574147915825883,6.462405384062302,000100.SZ
2022-03-22,4.98,-0.5224927878420059,1,-0.002004008016032066,0.02254098360655754,0.00411522633744843,0.0020618556701033075,5.957446808510647,-1.1904761904761862,-10.592459605026928,-12.78458844133099,5.0010215300245004,5.1766100573592615,5.5508479975582015,6.447655081733324,000100.SZ
2022-03-23,4.99,-0.1267497736611185,2,0.002008032128514081,-0.002004008016032066,0.02254098360655754,0.00411522633744843,2.886597938144342,0.0,-9.927797833935015,-14.113597246127352,4.999017615474591,5.158837670944093,5.528853958438272,6.433151051069311,000100.SZ
2022-03-24,4.93,-0.1723223542547253,3,-0.012024048096192508,0.002008032128514081,-0.002004008016032066,0.02254098360655754,1.4403292181069727,-3.3333333333333326,-10.849909584086802,-12.277580071174388,4.986468958115574,5.137043607044656,5.505369489479908,6.418194324193,000100.SZ
2022-03-25,4.87,0.0038542143424951103,4,-0.012170385395537497,-0.012024048096192508,0.002008032128514081,-0.002004008016032066,-0.2049180327868827,-4.6966731898238745,-9.647495361781067,-13.65248226950354,4.9652927839127425,5.111610882564213,5.480453038912069,6.402789405544314,000100.SZ
2022-03-28,4.95,0.6525088186595636,0,0.01642710472279263,-0.012170385395537497,-0.012024048096192508,0.002008032128514081,-0.8016032064128265,-1.3944223107569598,-4.624277456647407,-10.971223021582722,4.962512277746789,5.09621936993905,5.459650958954733,6.388333789568749,000100.SZ
2022-03-29,4.87,-0.43338415740942426,1,-0.016161616161616155,0.01642710472279263,-0.012170385395537497,-0.012024048096192508,-2.208835341365467,3.6170212765957332,-3.373015873015872,-12.5673249551167,4.945691863611009,5.0746746680400925,5.4365273919369015,6.373225990667568,000100.SZ
2022-03-30,4.96,0.4525884161968221,2,0.01848049281314168,-0.016161616161616155,0.01642710472279263,-0.012170385395537497,-0.6012024048096198,2.268041237113416,-0.6012024048096198,-10.469314079422388,4.948293342954463,5.063753271083893,5.417840043233493,6.359164040511672,000100.SZ
2022-03-31,4.91,-0.30368736767819327,3,-0.010080645161290258,0.01848049281314168,-0.016161616161616155,0.01642710472279263,-0.40567951318457585,1.0288065843621297,-3.725490196078418,-11.211573236889693,4.941330916962742,5.049110102409236,5.397924747420415,6.344744497820014,000100.SZ
2022-04-01,4.89,0.505637621303874,4,-0.004073319755600879,-0.010080645161290258,0.01848049281314168,-0.016161616161616155,0.4106776180698102,0.2049180327868827,-4.305283757338563,-9.276437847866415,4.931998022969515,5.033956759322642,5.3780061298745165,6.330269428189964,000100.SZ
2022-04-06,4.93,-0.18073809804284546,2,0.008179959100204526,-0.004073319755600879,-0.010080645161290258,0.01848049281314168,-0.40404040404041774,-1.2024048096192508,-1.7928286852589626,-5.009633911368027,4.931634746065967,5.024056115577628,5.3604372620363,6.316336399053745,000100.SZ
2022-04-07,4.81,-0.011995973953946915,3,-0.024340770791075106,0.008179959100204526,-0.004073319755600879,-0.010080645161290258,-1.2320328542094527,-3.413654618473916,2.3404255319148914,-4.5634920634920695,4.909519337690336,5.003669818855949,5.338851487054485,6.301347977172614,000100.SZ
2022-04-08,4.88,0.11775712592777388,4,0.01455301455301461,-0.024340770791075106,0.008179959100204526,-0.004073319755600879,-1.6129032258064502,-2.2044088176352727,0.6185567010309256,-2.2044088176352727,4.904152185383002,4.991891740869668,5.320857311091564,6.287205211230598,000100.SZ
2022-04-11,4.75,-0.023938396294849618,0,-0.026639344262295084,0.01455301455301461,-0.024340770791075106,0.008179959100204526,-3.258655804480659,-3.6511156186612492,-2.263374485596714,-6.8627450980392135,4.876124515313364,4.968854432215414,5.298470749872288,6.2719096369894975,000100.SZ
2022-04-12,4.84,0.08622989557130878,1,0.0189473684210526,-0.026639344262295084,0.01455301455301461,-0.024340770791075106,-1.0224948875255602,-0.6160164271047264,-0.8196721311475419,-5.283757338551864,4.869556421620025,4.956582581528231,5.280491504779257,6.257661779905026,000100.SZ
2022-04-13,4.77,-0.2006631462605919,2,-0.01446280991735538,0.0189473684210526,-0.026639344262295084,0.01455301455301461,-3.2454361054766734,-3.6363636363636487,-4.408817635270557,-4.980079681274896,4.851455254052748,4.938812811858876,5.260472230082032,6.242859175129851,000100.SZ
2022-04-14,4.8,-0.26067203652086124,3,0.0062893081761006275,-0.01446280991735538,0.0189473684210526,-0.026639344262295084,-0.20790020790020236,-1.4373716632443578,-3.614457831325313,2.127659574468077,4.8420997533158845,4.925592544062792,5.242414495569011,6.228502367417116,000100.SZ
2022-04-15,4.76,0.009321379801698004,4,-0.008333333333333304,0.0062893081761006275,-0.01446280991735538,0.0189473684210526,-2.4590163934426257,-4.032258064516137,-4.609218436873752,-1.855670103092777,4.827172525440269,4.909821825580622,5.223496280056501,6.213890403562219,000100.SZ
2022-04-18,4.76,-0.1291470588235295,0,0.0,-0.008333333333333304,0.0062893081761006275,-0.01446280991735538,0.21052631578946102,-3.054989816700615,-3.4482758620689613,-2.0576131687242927,4.814959338996584,4.895553080287229,5.205319955348402,6.199423832382496,000100.SZ
2022-04-19,4.71,0.3398628795298728,1,-0.010504201680672232,0.0,-0.008333333333333304,0.0062893081761006275,-2.685950413223137,-3.6809815950920144,-3.285420944558526,-3.4836065573770503,4.795875822815386,4.877881358355112,5.185895643373955,6.1846036947468495,000100.SZ
2022-04-20,4.68,-0.005041338979632992,2,-0.006369426751592355,-0.010504201680672232,0.0,-0.008333333333333304,-1.8867924528301883,-5.070993914807298,-5.4545454545454675,-6.212424849699405,4.774807491394406,4.859035514702245,5.166056598535762,6.169632513704593,000100.SZ
2022-04-21,4.46,1.1748834616943657,3,-0.04700854700854695,-0.006369426751592355,-0.010504201680672232,0.0,-7.08333333333333,-7.276507276507271,-8.41889117043122,-10.4417670682731,4.717569765686332,4.82103213234965,5.138368104475536,6.152621244911513,000100.SZ
2022-04-22,4.47,-0.31916083264412265,4,0.0022421524663676085,-0.04700854700854695,-0.006369426751592355,-0.010504201680672232,-6.0924369747899165,-8.401639344262302,-9.879032258064523,-10.420841683366744,4.67255708101609,4.787600500697302,5.112157590574535,6.135878744962144,000100.SZ
2022-04-25,4.15,0.37850739118532717,0,-0.07158836689038017,0.0022421524663676085,-0.04700854700854695,-0.006369426751592355,-12.815126050420156,-12.631578947368416,-15.478615071283086,-15.82150101419877,4.577546702649528,4.726876643488035,5.074425920355926,6.116118757450083,000100.SZ
2022-04-26,4.16,-0.05847016916756653,1,0.00240963855421672,-0.07158836689038017,0.0022421524663676085,-0.04700854700854695,-11.677282377919319,-14.049586776859503,-14.928425357873198,-14.579055441478438,4.501629120349613,4.67288839172727,5.038566080341969,6.096654889216749,000100.SZ
2022-04-27,4.23,-0.08390456103348265,2,0.016826923076923128,0.00240963855421672,-0.07158836689038017,0.0022421524663676085,-9.615384615384603,-11.320754716981119,-14.198782961460433,-14.54545454545454,4.452242007558774,4.630708544896101,5.006857606603068,6.07808120872703,000100.SZ
2022-04-28,4.08,-0.05924167206273845,3,-0.03546099290780147,0.016826923076923128,0.00240963855421672,-0.07158836689038017,-8.520179372197312,-14.999999999999991,-15.176715176715172,-16.2217659137577,4.384561642548087,4.578260112048853,4.9705102494813795,6.05819980366507,000100.SZ
2022-04-29,4.18,0.03539416929242245,4,0.02450980392156854,-0.03546099290780147,0.016826923076923128,0.00240963855421672,-6.487695749440714,-12.184873949579833,-14.344262295081966,-15.725806451612911,4.347368616630253,4.54033057756801,4.939509847540934,6.039511248404721,000100.SZ
2022-05-05,4.19,-0.1747326124209655,3,0.0023923444976077235,0.02450980392156854,-0.03546099290780147,0.016826923076923128,0.9638554216867545,-11.974789915966378,-11.789473684210517,-14.663951120162933,4.318756140879298,4.5069657606567715,4.910117304500113,6.021108151405669,000100.SZ
2022-05-06,4.11,-0.18315910067306318,4,-0.019093078758949944,0.0023923444976077235,0.02450980392156854,-0.03546099290780147,-1.2019230769230727,-12.73885350318471,-15.082644628099162,-15.950920245398759,4.280800478901243,4.469159497737079,4.87874015530403,6.002092149899146,000100.SZ
2022-05-09,4.07,-0.14106328892005615,0,-0.009732360097323589,-0.019093078758949944,0.0023923444976077235,0.02450980392156854,-3.78250591016549,-13.034188034188022,-14.675052410901458,-17.444219066937105,4.2424731191010165,4.431144307476405,4.847024855096028,5.982867352387712,000100.SZ
2022-05-10,4.05,0.7910702895777524,1,-0.004914004914005066,-0.009732360097323589,-0.019093078758949944,0.0023923444976077235,-0.7352941176470673,-9.192825112107627,-15.625,-15.800415800415802,4.207478006537196,4.39484484962151,4.815768978425596,5.96363484141868,000100.SZ
2022-05-11,4.31,1.327773108645176,2,0.06419753086419755,-0.004914004914005066,-0.009732360097323589,-0.019093078758949944,3.1100478468899517,-3.579418344519014,-9.453781512605042,-11.68032786885247,4.226118368984978,4.386764387752795,4.795934900840279,5.947180763394614,000100.SZ
2022-05-12,4.25,-0.5871661811862041,3,-0.013921113689094988,0.06419753086419755,-0.004914004914005066,-0.009732360097323589,1.4319809069212264,2.409638554216853,-10.71428571428571,-10.526315789473683,4.230460483714982,4.373739207966814,4.774525689042621,5.930293392614568,000100.SZ
2022-05-13,4.25,-0.43096854525510664,4,0.0,-0.013921113689094988,0.06419753086419755,-0.004914004914005066,3.406326034063256,2.163461538461542,-9.766454352441611,-12.190082644628097,4.234013123039531,4.361954521493784,4.753956054178205,5.913574055374623,000100.SZ
2022-05-16,4.21,0.21345212045430872,0,-0.009411764705882342,0.0,-0.013921113689094988,0.06419753086419755,3.439803439803435,-0.47281323877069736,-10.04273504273504,-11.740041928721167,4.229647100668706,4.3474826623039,4.732624444210432,5.896623069749006,000100.SZ
2022-05-17,4.24,-0.11012837576746382,1,0.0071258907363420665,-0.009411764705882342,0.0,-0.013921113689094988,4.691358024691361,3.9215686274509887,-4.932735426008961,-11.666666666666659,4.231529446001669,4.337246218274958,4.713305838555121,5.880139258109712,000100.SZ
2022-05-18,4.21,-0.22956672778153042,2,-0.007075471698113289,0.0071258907363420665,-0.009411764705882342,0.0,-2.3201856148491795,0.7177033492822948,-5.8165548098433995,-11.554621848739488,4.227615001274092,4.3251275308202,4.693568354690215,5.863520957033994,000100.SZ
2022-05-19,4.29,0.9169902304609219,3,0.019002375296912177,-0.007075471698113289,0.0071258907363420665,-0.009411764705882342,0.9411764705882453,2.386634844868718,3.3734939759036076,-9.873949579831931,4.238957728315166,4.321782051694467,4.677742144702363,5.847864032088382,000100.SZ
2022-05-20,4.46,1.3807027000539032,4,0.039627039627039506,0.019002375296912177,-0.007075471698113289,0.0071258907363420665,4.941176470588227,8.515815085158152,7.211538461538458,-5.307855626326963,4.279147232257863,4.334945665818804,4.669203237066976,5.834054439729294,000100.SZ
2022-05-23,4.47,-0.4828094875436538,0,0.0022421524663676085,0.039627039627039506,0.019002375296912177,-0.007075471698113289,6.175771971496435,9.82800982800982,5.673758865248213,-4.487179487179482,4.313847735483706,4.34780798335987,4.661391345417291,5.820481758736962,000100.SZ
2022-05-24,4.34,-0.0646059962854868,1,-0.029082774049216997,0.0022421524663676085,0.039627039627039506,0.019002375296912177,2.3584905660377187,7.160493827160486,6.372549019607843,-2.6905829596412634,4.318602692668486,4.347064365897026,4.648787763244064,5.805750596958485,000100.SZ
2022-05-25,4.35,-0.37332293291731666,2,0.0023041474654377225,-0.029082774049216997,0.0022421524663676085,0.039627039627039506,3.325415676959609,0.9280742459396807,4.066985645933019,-2.684563758389269,4.324311294001489,4.34734395009731,4.637070596058023,5.791265516391734,000100.SZ
2022-05-26,4.4,0.22058524000271573,3,0.011494252873563315,0.0023041474654377225,-0.029082774049216997,0.0022421524663676085,2.564102564102577,3.529411764705892,5.011933174224348,6.024096385542177,4.338072876910309,4.352358811992804,4.627773709938101,5.777422078417687,000100.SZ
2022-05-27,4.41,-0.10878110282938414,4,0.002272727272727204,0.011494252873563315,0.0023041474654377225,-0.029082774049216997,-1.1210762331838486,3.7647058823529367,7.299270072992692,6.009615384615374,4.351150535653889,4.35784844894587,4.619233564450332,5.763815888582685,000100.SZ
2022-05-30,4.45,-0.026691909210061038,0,0.009070294784580435,0.002272727272727204,0.011494252873563315,0.0023041474654377225,-0.4474272930648726,5.700712589073631,9.336609336609335,5.200945626477527,4.369123165535,4.366624787141502,4.612596954079732,5.750743093671415,000100.SZ
2022-05-31,4.54,0.5955668604651165,1,0.020224719101123556,0.009070294784580435,0.002272727272727204,0.011494252873563315,4.608294930875578,7.0754716981132,12.09876543209878,11.274509803921573,4.400191680892273,4.383136712175645,4.609750014704056,5.73869589870951,000100.SZ
2022-06-01,4.47,-0.19126019799857996,2,-0.01541850220264318,0.020224719101123556,0.009070294784580435,0.002272727272727204,2.758620689655178,6.175771971496435,3.7122969837587005,6.937799043062198,4.412884102548223,4.391409406254155,4.604269621970564,5.726072058921356,000100.SZ
2022-06-02,4.34,-0.3268842140135829,3,-0.029082774049216997,-0.01541850220264318,0.020224719101123556,0.009070294784580435,-1.363636363636378,1.1655011655011593,2.117647058823535,3.5799522673030992,4.399632447539455,4.386513272325188,4.593906107383483,5.712280297141044,000100.SZ
2022-06-06,4.39,0.7250959740131901,0,0.011520737327188835,-0.029082774049216997,-0.01541850220264318,0.020224719101123556,-0.45351473922903285,-1.5695067264574036,3.294117647058825,6.812652068126512,4.397881093441372,4.386845341627551,4.585909789446876,5.699123279259044,000100.SZ
2022-06-07,4.35,-0.2937475927590192,1,-0.009111617312072884,0.011520737327188835,-0.029082774049216997,-0.01541850220264318,-2.2471910112359716,-2.684563758389269,3.325415676959609,6.87960687960687,4.389175440088395,4.383336261472547,4.576658425154842,5.685699167027611,000100.SZ
2022-06-08,4.33,0.27899977781817453,2,-0.0045977011494251485,-0.009111617312072884,0.011520737327188835,-0.029082774049216997,-4.625550660792954,-0.23041474654377225,2.1226415094339535,6.913580246913598,4.378416269163232,4.37825661752278,4.566985545737006,5.672209623077087,000100.SZ
2022-06-09,4.23,-0.19925144499542025,3,-0.023094688221708903,-0.0045977011494251485,-0.009111617312072884,0.011520737327188835,-5.369127516778505,-2.7586206896551557,0.47505938242280443,-1.856148491879328,4.351431492951735,4.364136939663467,4.553770426296339,5.657859278568857,000100.SZ
2022-06-10,4.29,0.3042303520362881,4,0.014184397163120366,-0.023094688221708903,-0.0045977011494251485,-0.009111617312072884,-1.1520737327188946,-2.500000000000002,0.0,0.9411764705882453,4.340262130596874,4.357076278743137,4.5434264880102075,5.644248738483595,000100.SZ
2022-06-13,4.23,-0.2833466906594486,0,-0.013986013986013845,0.014184397163120366,-0.023094688221708903,-0.0045977011494251485,-3.6446469248291424,-4.081632653061218,-5.156950672645733,-0.47058823529411153,4.320214470488351,4.344973776005696,4.531135253186278,5.630176611732515,000100.SZ
2022-06-14,4.27,0.35640284430190117,1,0.009456264775413503,-0.013986013986013845,0.014184397163120366,-0.023094688221708903,-1.839080459770115,-4.044943820224733,-4.4742729306487705,1.425178147268391,4.3110845667631965,4.337833416386106,4.52089465502211,5.6166425160933855,000100.SZ
2022-06-15,4.68,3.716041316657333,2,0.09601873536299776,0.009456264775413503,-0.013986013986013845,0.014184397163120366,8.083140877598138,3.083700440528636,7.834101382488479,10.377358490566024,4.378160100078978,4.37042071006362,4.527134080315361,5.607322690062606,000100.SZ
2022-06-16,4.5,-0.23052057288746086,3,-0.038461538461538436,0.09601873536299776,0.009456264775413503,-0.013986013986013845,6.382978723404253,0.6711409395973256,3.4482758620689724,6.888361045130642,4.400312809155527,4.382761594819465,4.526069998734367,5.596304553843078,000100.SZ
2022-06-17,4.47,-0.49163237311385455,4,-0.00666666666666671,-0.038461538461538436,0.09601873536299776,0.009456264775413503,4.195804195804187,2.995391705069128,1.5909090909090873,4.195804195804187,4.4129832074908855,4.391070014360468,4.5238711752545875,5.585097543357077,000100.SZ
2022-06-20,4.47,-0.2686521856449001,0,0.0,-0.00666666666666671,-0.038461538461538436,0.09601873536299776,5.673758865248213,1.8223234624145768,1.3605442176870763,0.22421524663676085,4.423349897037997,4.398587155849947,4.521758580146564,5.574002045413225,000100.SZ
2022-06-21,4.47,-0.11826084951344373,1,0.0,0.0,-0.00666666666666671,-0.038461538461538436,4.683840749414525,2.758620689655178,0.44943820224718767,0.0,4.431831733940179,4.405388379102333,4.519728831905523,5.5630169504339895,000100.SZ
2022-06-22,4.37,-0.07457338999673091,2,-0.02237136465324374,0.0,0.0,-0.00666666666666671,-6.623931623931611,0.9237875288683695,-3.7444933920704804,0.691244239631339,4.42058960049651,4.402018057283063,4.513857113007267,5.551146135006786,000100.SZ
2022-06-23,4.43,-0.22978013903803762,3,0.013729977116704761,-0.02237136465324374,0.0,0.0,-1.5555555555555656,4.72813238770684,-0.8948545861297563,1.839080459770126,4.422300582224417,4.4046830042084855,4.510568598771688,5.539990452071396,000100.SZ
2022-06-24,4.48,0.37629792698587416,4,0.011286681715575675,0.013729977116704761,-0.02237136465324374,0.0,0.22371364653246406,4.4289044289044455,3.2258064516129226,1.81818181818183,4.432791385456341,4.411856051426724,4.509369830192407,5.529443283394069,000100.SZ
2022-06-27,4.54,0.33814081202847146,0,0.013392857142856984,0.011286681715575675,0.013729977116704761,-0.02237136465324374,1.5659955257270708,7.328605200945626,3.4168564920273425,2.947845804988658,4.452283860827915,4.424060237005132,4.510571013322116,5.519598076594129,000100.SZ
2022-06-28,4.79,1.161878673174619,1,0.05506607929515428,0.013392857142856984,0.011286681715575675,0.013729977116704761,7.158836689038028,12.177985948477765,10.114942528735638,7.640449438202235,4.513686795222839,4.458911643004643,4.521529012799681,5.512338394239959,000100.SZ
2022-06-29,4.66,-0.3655975413650585,2,-0.02713987473903967,0.05506607929515428,0.013392857142856984,0.011286681715575675,6.636155606407312,-0.42735042735041473,7.621247113163965,2.643171806167399,4.540289196091414,4.478062915099438,4.52695924759185,5.503857415192795,000100.SZ
2022-06-30,4.79,0.01370519664451475,3,0.027896995708154515,-0.02713987473903967,0.05506607929515428,0.013392857142856984,8.12641083521446,6.444444444444453,13.238770685579194,7.158836689038028,4.585691160438429,4.5077712088994915,4.537274571215699,5.496754356335155,000100.SZ
2022-07-01,4.81,-0.2617358782563838,4,0.0041753653444676075,0.027896995708154515,-0.02713987473903967,0.05506607929515428,7.366071428571419,7.606263982102912,12.12121212121211,10.829493087557607,4.62647458581326,4.536554903290016,4.547969686069985,5.489920979655204,000100.SZ
2022-07-04,4.72,-0.2100134897759145,0,-0.018711018711018657,0.0041753653444676075,0.027896995708154515,-0.02713987473903967,3.9647577092510877,5.592841163310958,11.58392434988178,7.51708428246014,4.643479206574486,4.554025864881443,4.5547159728907705,5.482260074385002,000100.SZ
2022-07-05,4.69,-0.18439576909374578,1,-0.0063559322033897026,-0.018711018711018657,0.0041753653444676075,0.027896995708154515,-2.087682672233815,4.921700223713654,9.836065573770503,7.816091954022997,4.651937532651852,4.566975782511782,4.560021228855838,5.474376889565251,000100.SZ
2022-07-06,4.6,0.04071334970101392,2,-0.019189765458422325,-0.0063559322033897026,-0.018711018711018657,0.0041753653444676075,-1.2875536480686844,5.263157894736836,-1.7094017094017144,6.235565819861422,4.642494344896969,4.570120946082088,4.561589023802669,5.465676622007388,000100.SZ
2022-07-07,4.81,2.1358149766984105,3,0.04565217391304355,-0.019189765458422325,-0.0063559322033897026,-0.018711018711018657,0.41753653444676075,8.577878103837477,6.888888888888878,13.711583924349856,4.6729499185520655,4.592966570264746,4.571330630712368,5.459152476514777,000100.SZ
2022-07-08,4.75,-0.5006230788402426,4,-0.012474012474012364,0.04565217391304355,-0.019189765458422325,-0.0063559322033897026,-1.2474012474012364,6.026785714285698,6.263982102908283,10.722610722610714,4.686959024269871,4.607922135001437,4.578337272645217,5.452096232967367,000100.SZ
2022-07-11,4.65,-0.30766742453649787,0,-0.021052631578947323,-0.012474012474012364,0.04565217391304355,-0.019189765458422325,-1.483050847457612,2.422907488986792,4.026845637583909,9.92907801418439,4.680239201675349,4.611929550715586,4.581147575678738,5.444115175922915,000100.SZ
2022-07-12,4.64,-0.2649347875422179,1,-0.0021505376344087557,-0.021052631578947323,-0.012474012474012364,0.04565217391304355,-1.06609808102347,-3.131524008350739,3.803131991051445,8.665105386416872,4.672922983188921,4.614602926837911,4.583455513887415,5.436114029893831,000100.SZ
2022-07-13,4.61,-0.0785827143453861,2,-0.006465517241379226,-0.0021505376344087557,-0.021052631578947323,-0.012474012474012364,0.21739130434783593,-1.0729613733905574,5.491990846681927,-1.4957264957264793,4.661482440790935,4.614164552853348,4.584496474127124,5.427893989795385,000100.SZ
2022-07-14,4.63,0.2036029643645536,3,0.00433839479392617,-0.006465517241379226,-0.0021505376344087557,-0.021052631578947323,-3.7422037422037313,-3.3402922755741193,4.514672686230248,2.8888888888888964,4.655758360647129,4.615672690676838,4.5862809261221384,5.41995474611583,000100.SZ
2022-07-15,4.31,1.3490158189499888,4,-0.06911447084233269,0.00433839479392617,-0.006465517241379226,-0.0021505376344087557,-9.263157894736851,-10.395010395010395,-3.7946428571428714,-3.579418344519014,4.592893204165832,4.586561005850473,4.575446379999701,5.408910420283831,000100.SZ
2022-07-18,4.37,-0.6363205409738925,0,0.013921113689095321,-0.06911447084233269,0.00433839479392617,-0.006465517241379226,-6.021505376344094,-7.415254237288127,-3.7444933920704804,-2.237136465324374,4.552367167044771,4.565936148150428,4.567389659215399,5.39857300316658,000100.SZ
2022-07-19,4.38,-0.1327633798497162,1,0.0022883295194506825,0.013921113689095321,-0.06911447084233269,0.00433839479392617,-5.603448275862066,-6.609808102345427,-8.559498956158663,-2.0134228187919434,4.52102768212754,4.548227943564672,4.5600410451285205,5.388437948408704,000100.SZ
2022-07-20,4.39,-0.06781309402767344,2,0.0022831050228309113,0.0022883295194506825,0.013921113689095321,-0.06911447084233269,-4.772234273318887,-4.565217391304344,-5.793991416309019,0.4576659038901587,4.49720446719526,4.533158615606132,4.553372768848971,5.378503242454388,000100.SZ
2022-07-21,4.33,0.304950917626974,3,-0.013667425968109215,0.0022831050228309113,0.0022883295194506825,0.013921113689095321,-6.479481641468676,-9.979209979209969,-9.603340292275576,-2.2573363431151128,4.46680365497794,4.513810176024595,4.544613052423521,5.368070374370265,000100.SZ
2022-07-22,4.35,-0.17908603615880803,4,0.004618937644341736,-0.013667425968109215,0.0022831050228309113,0.0022883295194506825,0.9280742459396807,-8.421052631578952,-9.563409563409564,-2.9017857142857317,4.445566626800132,4.498209206879396,4.536981168014756,5.3579403208939445,000100.SZ
2022-07-25,4.28,-0.20876956107926248,0,-0.016091954022988353,0.004618937644341736,-0.013667425968109215,0.0022831050228309113,-2.059496567505714,-7.95698924731183,-9.32203389830507,-5.726872246696035,4.415463603745562,4.477427377652788,4.526903475151432,5.347214546556692,000100.SZ
2022-07-26,4.28,-0.1263882283828014,1,0.0,-0.016091954022988353,0.004618937644341736,-0.013667425968109215,-2.2831050228310446,-7.75862068965516,-8.742004264392323,-10.647181628392477,4.390833857610005,4.458624770257284,4.517220985929807,5.3365954963421975,000100.SZ
2022-07-27,4.28,-0.34314259182170426,2,0.0,0.0,-0.016091954022988353,0.004618937644341736,-2.505694760820032,-7.158351409978314,-6.956521739130417,-8.154506437768239,4.370682247135458,4.441612887375638,4.507918202167854,5.326082108318893,000100.SZ
2022-07-28,4.43,4.748549700190123,3,0.03504672897196248,0.0,0.0,-0.016091954022988353,2.3094688221708903,-4.3196544276457916,-7.900207900207901,-7.51565762004176,4.38146729311083,4.440506898101768,4.504862586396566,5.317165868435123,000100.SZ
2022-07-29,4.44,-0.6163670284938942,4,0.0022573363431153126,0.03504672897196248,0.0,0.0,2.0689655172414056,3.0162412993039567,-6.52631578947368,-7.692307692307676,4.392109603454315,4.440458622092076,4.5023189555574845,5.308437849843729,000100.SZ
2022-08-01,4.46,-0.12763605818117518,0,0.0045045045045044585,0.0022573363431153126,0.03504672897196248,0.0,4.205607476635498,2.0594965675057253,-4.086021505376348,-5.508474576271183,4.404453311917166,4.442319705702355,4.500659388672878,5.299995682183593,000100.SZ
2022-08-02,4.35,0.9114129333063046,1,-0.024663677130044914,0.0045045045045044585,0.0022573363431153126,0.03504672897196248,1.635514018691575,-0.6849315068493178,-6.25,-7.249466950959505,4.394552709750408,4.433527352778321,4.494751177352373,5.290542988828533,000100.SZ
2022-08-03,4.31,-0.3214285714285715,2,-0.00919540229885063,-0.024663677130044914,0.0045045045045044585,0.0022573363431153126,0.7009345794392274,-1.8223234624145768,-6.507592190889389,-6.304347826086953,4.379179489795788,4.421762842989909,4.487506033142476,5.280786342173522,000100.SZ
2022-08-04,4.33,-0.3238971593795179,3,0.0046403712296985145,-0.00919540229885063,-0.024663677130044914,0.0045045045045044585,-2.2573363431151128,0.0,-6.479481641468676,-9.979209979209969,4.370237764378372,4.413023524609918,4.481329325960418,5.27132578155488,000100.SZ
2022-08-05,4.46,0.8554916635362788,4,0.03002309468822162,0.0046403712296985145,-0.00919540229885063,-0.024663677130044914,0.45045045045044585,2.5287356321839205,3.480278422273786,-6.105263157894736,4.3865581708550305,4.417497474647069,4.480492881805108,5.263252888206076,000100.SZ
2022-08-08,4.43,-0.4388207995265756,0,-0.006726457399103158,0.03002309468822162,0.0046403712296985145,-0.00919540229885063,-0.6726457399103158,3.504672897196248,1.3729977116704761,-4.73118279569894,4.394456685245025,4.418688191347348,4.478512768793143,5.254961814691589,000100.SZ
2022-08-09,4.43,-0.11594283335645905,1,0.0,-0.006726457399103158,0.03002309468822162,0.0046403712296985145,1.839080459770126,3.504672897196248,1.1415525114155223,-4.525862068965514,4.400919106109566,4.419765506457124,4.4766103072718435,5.246753239421026,000100.SZ
2022-08-10,4.39,-0.15921147628464694,2,-0.009029345372460473,0.0,-0.006726457399103158,0.03002309468822162,1.8561484918793614,2.5700934579439227,0.0,-4.772234273318887,4.398933814089644,4.41693069631835,4.473213824633732,5.2382283315660905,000100.SZ
2022-08-11,4.5,1.828710098935971,3,0.02505694760820054,-0.009029345372460473,0.0,-0.006726457399103158,3.9260969976905313,1.5801354401805856,3.9260969976905313,-2.8077753779697567,4.4173094842551635,4.424842058573746,4.47426426288339,5.230882776028119,000100.SZ
2022-08-12,4.46,-0.3658848839204403,4,-0.008888888888888946,0.02505694760820054,-0.009029345372460473,0.0,0.0,0.45045045045044585,2.5287356321839205,3.480278422273786,4.42507139620877,4.428190433947675,4.473704880025219,5.2232123006447555,000100.SZ
2022-08-15,4.51,0.30881465292954546,0,0.011210762331838486,-0.008888888888888946,0.02505694760820054,-0.009029345372460473,1.8058690744920947,1.1210762331838486,5.373831775700921,3.203661327231111,4.4405129605344476,4.435981821190754,4.475128218063445,5.216115660837345,000100.SZ
2022-08-16,4.47,-0.34342101078209986,1,-0.008869179600886956,0.011210762331838486,-0.008888888888888946,0.02505694760820054,0.9029345372460584,2.758620689655178,4.439252336448596,2.054794520547931,4.445874240437275,4.439221647744015,4.474927111472722,5.208691624411102,000100.SZ
2022-08-17,4.61,1.5779058783636493,2,0.031319910514541416,-0.008869179600886956,0.011210762331838486,-0.008888888888888946,5.011389521640108,6.960556844547572,7.710280373831768,5.011389521640108,4.475715287630497,4.4554862527207755,4.4802240874934,5.202734493819947,000100.SZ
2022-08-18,4.58,-0.439126594885093,3,-0.006507592190889477,0.031319910514541416,-0.008869179600886956,0.011210762331838486,1.7777777777777892,5.773672055427248,3.3860045146727025,5.773672055427248,4.494676144424952,4.467344704842606,4.484136868376011,5.196538130697361,000100.SZ
2022-08-19,4.53,0.06831278477619929,4,-0.01091703056768556,-0.006507592190889477,0.031319910514541416,-0.008869179600886956,1.5695067264574147,1.5695067264574147,2.0270270270270174,4.137931034482767,4.501098663620415,4.473311875809977,4.485935422557344,5.189905910491418,000100.SZ
2022-08-22,4.58,-0.1353686455295262,0,0.011037527593819041,-0.01091703056768556,-0.006507592190889477,0.031319910514541416,1.55210643015522,3.3860045146727025,2.6905829596412634,7.009345794392519,4.515444361143976,4.48347264954236,4.48962422951588,5.18383719496414,000100.SZ
2022-08-23,4.56,-0.006438040659400346,1,-0.004366812227074357,0.011037527593819041,-0.01091703056768556,-0.006507592190889477,2.0134228187919323,2.934537246049662,4.827586206896561,6.542056074766345,4.523545386390525,4.490760968633564,4.492384063652512,5.177629859690866,000100.SZ
2022-08-24,4.4,0.259482349505348,2,-0.0350877192982455,-0.004366812227074357,0.011037527593819041,-0.01091703056768556,-4.555314533622557,0.2277904328018332,2.088167053364276,2.8037383177570208,4.501082588864975,4.482117066858939,4.488761159195551,5.169892249146677,000100.SZ
2022-08-25,4.36,-0.3448450769542911,3,-0.00909090909090915,-0.0350877192982455,-0.004366812227074357,0.011037527593819041,-4.803493449781648,-3.111111111111109,0.6928406466512715,-1.5801354401805745,4.475431209071343,4.470486870015231,4.483711701972196,5.161833619801935,000100.SZ
2022-08-26,4.31,-0.15123764018846642,4,-0.01146788990825709,-0.00909090909090915,-0.0350877192982455,-0.004366812227074357,-4.856512141280367,-3.363228699551579,-3.363228699551579,-2.9279279279279424,4.445352807422007,4.455202406204257,4.476899478365444,5.153357663385995,000100.SZ
2022-08-29,4.24,0.4910346624967423,0,-0.016241299303944134,-0.01146788990825709,-0.00909090909090915,-0.0350877192982455,-7.423580786026196,-5.986696230598665,-4.288939051918728,-4.932735426008961,4.408015933345279,4.434706938946708,4.467609302743269,5.144269527431906,000100.SZ
2022-08-30,4.2,-0.3795249165370296,1,-0.009433962264150941,-0.016241299303944134,-0.01146788990825709,-0.00909090909090915,-7.894736842105255,-6.040268456375831,-5.191873589164775,-3.44827586206895,4.370194854555228,4.4123538971422605,4.457114820282749,5.134873810741041,000100.SZ
2022-08-31,4.15,0.6764043044678574,2,-0.011904761904761862,-0.009433962264150941,-0.016241299303944134,-0.01146788990825709,-5.681818181818176,-9.97830802603037,-5.46697038724372,-3.7122969837586783,4.330159426454277,4.38736781170014,4.445071101840289,5.125074071330682,000100.SZ
2022-09-01,4.08,-0.3017862844275656,3,-0.01686746987951815,-0.011904761904761862,-0.009433962264150941,-0.016241299303944134,-6.422018348623859,-10.917030567685593,-9.333333333333327,-5.773672055427248,4.284675894371682,4.358094686776317,4.430754588042631,5.114675324352268,000100.SZ
2022-09-02,4.1,-0.2968712394705175,4,0.004901960784313708,-0.01686746987951815,-0.011904761904761862,-0.009433962264150941,-4.872389791183296,-9.492273730684342,-8.07174887892378,-8.07174887892378,4.251098459031375,4.333514240416668,4.417783819884097,5.104579052468166,000100.SZ
2022-09-05,4.08,-0.03754920417593688,0,-0.004878048780487698,0.004901960784313708,-0.01686746987951815,-0.011904761904761862,-3.7735849056603765,-10.917030567685593,-9.534368070953436,-7.900677200902928,4.219989648298398,4.309370027043652,4.404537395574916,5.094384236025697,000100.SZ
2022-09-06,4.16,0.11608222490931075,1,0.019607843137254832,-0.004878048780487698,0.004901960784313708,-0.01686746987951815,-0.952380952380949,-8.771929824561397,-6.9351230425055865,-6.094808126410822,4.209082439516871,4.295144310182351,4.394947693787665,5.0850868804433516,000100.SZ
2022-09-07,4.13,-0.18969472946274935,2,-0.007211538461538547,0.019607843137254832,-0.004878048780487698,0.004901960784313708,-0.48192771084338837,-6.136363636363651,-10.412147505422997,-5.9225512528473745,4.194703814150167,4.2794162806411755,4.384557588148933,5.0755835283991395,000100.SZ
2022-09-08,4.13,-0.08561091666994369,3,0.0,-0.007211538461538547,0.019607843137254832,-0.004878048780487698,1.225490196078427,-5.275229357798173,-9.825327510917036,-8.22222222222222,4.182939484304682,4.265186158675349,4.374574937633289,5.066174737071785,000100.SZ
2022-09-09,4.16,0.4789265439532082,4,0.007263922518159882,0.0,-0.007211538461538547,0.019607843137254832,1.4634146341463428,-3.480278422273775,-8.167770419426045,-6.726457399103136,4.1787686689765575,4.255168429277697,4.366160234196689,5.05715807302132,000100.SZ
2022-09-13,4.15,-0.18297080376875663,1,-0.0024038461538461453,0.007263922518159882,0.0,-0.007211538461538547,1.71568627450982,-2.1226415094339535,-9.388646288209602,-7.982261640798216,4.17353800188991,4.245152388394107,4.357683362267408,5.0481316245335455,000100.SZ
2022-09-14,4.1,0.003594817767653913,2,-0.012048192771084487,-0.0024038461538461453,0.007263922518159882,0.0,-1.4423076923077094,-2.3809523809523947,-10.087719298245613,-8.277404921700226,4.160167456091744,4.231328351404192,4.347578132374569,5.038697479015799,000100.SZ
2022-09-15,4.08,0.12668014327765342,3,-0.004878048780487698,-0.012048192771084487,-0.0024038461538461453,0.007263922518159882,-1.2106537530266248,-1.6867469879518149,-7.272727272727275,-11.496746203904562,4.145591554984154,4.216916127460936,4.337084872281449,5.029158200617632,000100.SZ
2022-09-16,3.96,0.27271868802921073,4,-0.02941176470588236,-0.004878048780487698,-0.012048192771084487,-0.0024038461538461453,-4.1162227602905554,-2.941176470588236,-9.174311926605515,-13.53711790393013,4.111847635896126,4.192447924845609,4.322297230231196,5.0185198105617355,000100.SZ
2022-09-19,3.86,-0.11896223381891025,0,-0.025252525252525304,-0.02941176470588236,-0.004878048780487698,-0.012048192771084487,-7.211538461538469,-5.85365853658536,-10.440835266821335,-14.790286975717448,4.066057156642285,4.1607862177174555,4.304167927084874,5.006992250257639,000100.SZ
2022-09-20,3.85,-0.43410156359655283,1,-0.002590673575129432,-0.025252525252525304,-0.02941176470588236,-0.004878048780487698,-7.2289156626506035,-5.6372549019607865,-9.198113207547177,-15.938864628820959,4.026774037252778,4.131187530315793,4.28635742014037,4.995479889558558,000100.SZ
2022-09-21,3.87,0.4710055062255072,2,0.0051948051948051965,-0.002590673575129432,-0.025252525252525304,-0.02941176470588236,-5.60975609756097,-6.971153846153843,-7.857142857142863,-15.131578947368407,3.998269666843182,4.1063125274285746,4.270029678174081,4.984281084687329,000100.SZ
2022-09-22,3.81,-0.32899440210426933,3,-0.015503875968992276,0.0051948051948051965,-0.002590673575129432,-0.025252525252525304,-6.617647058823528,-7.748184019370452,-8.192771084337359,-13.409090909090915,3.9640388183262396,4.078092286721091,4.251989298637843,4.9725966957849685,000100.SZ
2022-09-23,3.77,0.26917278118403853,4,-0.01049868766404205,-0.015503875968992276,0.0051948051948051965,-0.002590673575129432,-4.797979797979801,-8.71670702179177,-7.598039215686281,-13.532110091743121,3.9287590331760143,4.048750164176226,4.233087757514791,4.960630559508502,000100.SZ
2022-09-26,3.65,0.141007365169874,0,-0.03183023872679047,-0.01049868766404205,-0.015503875968992276,0.0051948051948051965,-5.440414507772018,-12.259615384615385,-10.97560975609756,-15.313225058004631,3.878075572598557,4.010773958064204,4.210221570945584,4.94758945941389,000100.SZ
2022-09-27,3.75,-0.04081207704320666,1,0.027397260273972712,-0.03183023872679047,-0.01049868766404205,-0.015503875968992276,-2.5974025974025983,-9.63855421686748,-8.088235294117652,-11.556603773584905,3.8547891048533645,3.9859383430104707,4.1921736662026206,4.935673146384896,000100.SZ
2022-09-28,3.68,-0.2809435941966062,2,-0.01866666666666661,0.027397260273972712,-0.03183023872679047,-0.01049868766404205,-4.909560723514206,-10.243902439024378,-11.538461538461542,-12.380952380952381,3.823009267607298,3.9568013579618544,4.172088424390753,4.923178886221862,000100.SZ
2022-09-29,3.61,0.532353829123478,3,-0.01902173913043481,-0.01866666666666661,0.027397260273972712,-0.03183023872679047,-5.249343832021003,-11.519607843137258,-12.590799031476996,-13.012048192771097,3.7842803098605162,3.9237726572035827,4.150045741081312,4.91011242964254,000100.SZ
2022-09-30,3.63,-0.2348459972417417,4,0.005540166204986097,-0.01902173913043481,-0.01866666666666661,0.027397260273972712,-3.7135278514588865,-8.333333333333337,-12.106537530266348,-11.029411764705888,3.7562293444313313,3.8957943088984797,4.129651790450673,4.897374992531669,000100.SZ
2022-10-10,3.66,0.28804394472577455,0,0.008264462809917328,0.005540166204986097,-0.01902173913043481,-0.01866666666666661,0.273972602739736,-5.181347150259064,-12.01923076923077,-10.731707317073159,3.738733099989271,3.8733377080510056,4.111234073178097,4.885062803551254,000100.SZ
2022-10-11,3.71,0.021456653561671146,1,0.013661202185792254,0.008264462809917328,0.005540166204986097,-0.01902173913043481,-1.0666666666666713,-3.6363636363636376,-10.602409638554223,-9.068627450980394,3.7335088999912216,3.857781735855672,4.095499403641701,4.87337063635174,000100.SZ
2022-10-12,4.02,3.5051210124600436,2,0.08355795148247958,0.013661202185792254,0.008264462809917328,0.005540166204986097,9.239130434782595,3.8759689922480467,-1.9512195121951237,-3.3653846153846256,3.7855981909019083,3.8732310943456083,4.092538642714575,4.864879386238787,000100.SZ
2022-10-13,3.93,-0.4801691307432775,3,-0.02238805970149238,0.08355795148247958,0.013661202185792254,0.008264462809917328,8.864265927977844,3.149606299212593,-3.676470588235292,-4.842615012106533,3.8118530652833797,3.8786376567888836,4.086164578294396,4.85557710378865,000100.SZ
2022-10-14,4.1,0.5774812668876568,4,0.043256997455470625,-0.02238805970149238,0.08355795148247958,0.013661202185792254,12.947658402203842,8.753315649867366,3.535353535353525,-0.7263922518159882,3.8642434170500373,3.899719784713752,4.086707143851478,4.8480589236514495,000100.SZ
2022-10-17,4.36,0.42588733886632535,0,0.06341463414634174,0.043256997455470625,-0.02238805970149238,0.08355795148247958,19.12568306010929,19.452054794520567,12.95336787564767,4.807692307692313,3.954380977586394,3.9435559956933948,4.0974245107592635,4.843202615953426,000100.SZ
2022-10-18,4.32,-0.29611878931985935,1,-0.00917431192660556,0.06341463414634174,0.043256997455470625,-0.02238805970149238,16.442048517520224,15.200000000000014,12.207792207792224,4.096385542168668,4.020857163479777,3.9794078056273574,4.106152961317724,4.837996619774785,000100.SZ
2022-10-19,4.25,-0.4029857311258511,2,-0.01620370370370372,-0.00917431192660556,0.06341463414634174,0.043256997455470625,5.7213930348258835,15.489130434782595,9.819121447028412,3.658536585365857,4.062519497392544,4.005178490805704,4.111794021658206,4.83214590714021,000100.SZ
2022-10-20,4.27,-0.042849775289176883,3,0.004705882352941115,-0.01620370370370372,-0.00917431192660556,0.06341463414634174,8.651399491094125,18.282548476454295,12.07349081364828,4.656862745098023,4.100243225139354,4.030399586919446,4.117998177671609,4.826552415526875,000100.SZ
2022-10-21,4.23,-0.041673722616500264,4,-0.009367681498828828,0.004705882352941115,-0.01620370370370372,-0.00917431192660556,3.170731707317098,16.528925619834723,12.20159151193636,6.818181818181834,4.1238353660231075,4.049409150069975,4.122390405998213,4.8206165705962585,000100.SZ
2022-10-24,4.17,-0.15937349397590372,0,-0.014184397163120699,-0.009367681498828828,0.004705882352941115,-0.01620370370370372,-4.357798165137627,13.934426229508201,14.24657534246576,8.031088082901562,4.132228935837087,4.0608939929204535,4.124257448900244,4.8141427738739075,000100.SZ
2022-10-25,4.11,0.18066464102123114,1,-0.014388489208633004,-0.014184397163120699,-0.009367681498828828,0.004705882352941115,-4.861111111111105,10.78167115902966,9.600000000000009,6.7532467532467555,4.128187311139435,4.065570755499458,4.123698333257098,4.807136378113968,000100.SZ
2022-10-26,4.26,0.2202062055905345,2,0.03649635036496335,-0.014388489208633004,-0.014184397163120699,-0.009367681498828828,0.23529411764704466,5.970149253731338,15.760869565217384,10.077519379844958,4.152153254568629,4.0840878264042715,4.12904349665878,4.801692235048158,000100.SZ
2022-10-27,4.21,-0.388656019525654,3,-0.011737089201877882,0.03649635036496335,-0.014388489208633004,-0.014184397163120699,-1.4051522248243464,7.124681933842236,16.620498614958446,10.498687664041984,4.162670844647059,4.096079461984817,4.132218261495691,4.795804750122306,000100.SZ
2022-10-28,4.09,0.014255337614997421,4,-0.028503562945368155,-0.011737089201877882,0.03649635036496335,-0.014388489208633004,-3.309692671394815,-0.24390243902439046,12.672176308539939,8.48806366047745,4.149457963802139,4.095500465605311,4.130562643397821,4.788781817285268,000100.SZ
2022-10-31,3.91,0.7843833565087175,0,-0.044009779951100225,-0.028503562945368155,-0.011737089201877882,0.03649635036496335,-6.235011990407669,-10.321100917431192,6.830601092896171,7.123287671232892,4.10592015220175,4.077833754595281,4.121913127970456,4.780037719600838,000100.SZ
2022-11-01,4.12,-0.15862416228075438,1,0.053708439897698135,-0.044009779951100225,-0.028503562945368155,-0.011737089201877882,0.24330900243307862,-4.629629629629628,11.051212938005396,9.866666666666667,4.108480124528705,4.081849587490969,4.121838103344163,4.773470180102322,000100.SZ
2022-11-02,4.1,-0.15829296095753764,2,-0.004854368932038944,0.053708439897698135,-0.044009779951100225,-0.028503562945368155,-3.7558685446009377,-3.529411764705892,1.990049751243772,11.413043478260864,4.106938283705303,4.083578198206115,4.120981707134588,4.766768984280408,000100.SZ
2022-11-03,4.02,-0.09183863486313082,3,-0.019512195121951237,-0.004854368932038944,0.053708439897698135,-0.044009779951100225,-4.513064133016631,-5.854800936768145,2.2900763358778553,11.35734072022161,4.091131323031611,4.0775231317102945,4.117021640188133,4.7593384471233895,000100.SZ
2022-11-04,4.16,0.4040375796890727,4,0.034825870646766344,-0.019512195121951237,-0.004854368932038944,0.053708439897698135,1.7114914425427896,-1.654846335697402,1.4634146341463428,14.600550964187331,4.103652900662227,4.085378071547409,4.118707066063108,4.753374880485346,000100.SZ
2022-11-07,4.15,-0.17211667396874708,0,-0.0024038461538461453,0.034825870646766344,-0.019512195121951237,-0.004854368932038944,6.13810741687979,-0.47961630695442237,-4.816513761467888,13.387978142076506,4.112079645996367,4.091532540923847,4.119934239942987,4.747371150331263,000100.SZ
2022-11-08,4.12,0.24800744102506522,1,-0.0072289156626507145,-0.0024038461538461453,0.034825870646766344,-0.019512195121951237,0.0,0.24330900243307862,-4.629629629629628,11.051212938005396,4.113519710360664,4.094243727502528,4.119936818768752,4.741128651322993,000100.SZ
2022-11-09,4.18,-0.23116856415923515,2,0.014563106796116498,-0.0072289156626507145,-0.0024038461538461453,0.034825870646766344,1.9512195121951237,-1.8779342723004744,-1.6470588235294237,3.9800995024875663,4.125607035749634,4.102410991549906,4.122292237640566,4.735545281658087,000100.SZ
2022-11-10,4.08,-0.038674956544992756,3,-0.023923444976076458,0.014563106796116498,-0.0072289156626507145,-0.0024038461538461453,1.4925373134328401,-3.0878859857482177,-4.449648711943787,3.8167938931297662,4.117314847431518,4.100276611402296,4.120633718517406,4.729022443034624,000100.SZ
2022-11-11,4.21,0.7762265725512014,4,0.0318627450980391,-0.023923444976076458,0.014563106796116498,-0.0072289156626507145,1.2019230769230616,2.933985330073363,-0.47281323877069736,2.682926829268295,4.13416669335306,4.11072645793541,4.124138278575548,4.72385804061637,000100.SZ
2022-11-14,4.21,-0.3073753242304116,0,0.0,0.0318627450980391,-0.023923444976076458,0.014563106796116498,1.4457831325301207,7.672634271099743,0.9592326139088669,-3.4403669724770714,4.147954567288867,4.12018108098918,4.127505404905919,4.718745025286854,000100.SZ
2022-11-15,4.45,1.9863062095474975,1,0.05700712589073631,0.0,0.0318627450980391,-0.023923444976076458,8.009708737864084,8.009708737864084,8.272506082725052,3.009259259259256,4.202871918690891,4.151592406609258,4.140152251772354,4.716070945433254,000100.SZ
2022-11-16,4.51,-0.11038392557153465,2,0.01348314606741563,0.05700712589073631,0.0,0.0318627450980391,7.8947368421052655,10.000000000000009,5.868544600938974,6.117647058823517,4.25871338801982,4.185726463122663,4.1546560850361836,4.714020488264763,000100.SZ
2022-11-17,4.39,-0.25000664925448557,3,-0.026607538802660757,0.01348314606741563,0.05700712589073631,0.0,7.59803921568627,9.203980099502495,4.275534441805218,2.810304449648715,4.282583681107125,4.205181085682409,4.163885258172019,4.710796403804418,000100.SZ
2022-11-18,4.34,-0.1920960054471177,4,-0.011389521640091105,-0.026607538802660757,0.01348314606741563,0.05700712589073631,3.0878859857482066,4.3269230769230616,6.112469437652801,2.6004728132387633,4.29302301181492,4.218020982284084,4.170791718635861,4.707106887348653,000100.SZ
2022-11-21,4.27,-0.36193243670330444,0,-0.016129032258064613,-0.011389521640091105,-0.026607538802660757,0.01348314606741563,1.425178147268391,2.891566265060219,9.207161125319674,2.3980815347721673,4.288837009666753,4.222971364923695,4.174682239473671,4.702757565086477,000100.SZ
2022-11-22,4.29,0.25701352485518925,1,0.004683840749414525,-0.016129032258064613,-0.011389521640091105,-0.026607538802660757,-3.5955056179775347,4.126213592233019,4.126213592233019,4.379562043795615,4.289048462454615,4.229355044454771,4.1792045045923505,4.6986505246378565,000100.SZ
2022-11-23,4.23,-0.30163855474436585,2,-0.013986013986013845,0.004683840749414525,-0.016129032258064613,-0.011389521640091105,-6.208425720620825,1.1961722488038395,3.170731707317098,-0.704225352112664,4.278312378371957,4.2294164687924125,4.181196484804415,4.693987335337977,000100.SZ
2022-11-24,4.17,-0.11123301412159303,3,-0.014184397163120699,-0.013986013986013845,0.004683840749414525,-0.016129032258064613,-5.011389521640086,2.2058823529411686,3.731343283582089,-0.9501187648456089,4.258619218667965,4.223757757478849,4.180757406968947,4.688773531006256,000100.SZ
2022-11-25,4.16,-0.061316262829330226,4,-0.0023980815347721673,-0.014184397163120699,-0.013986013986013845,0.004683840749414525,-4.147465437788012,-1.187648456057,0.0,1.7114914425427896,4.240688451637426,4.2176855900999115,4.179943391009381,4.68351210283704,000100.SZ
2022-11-28,4.05,0.5273816904319075,0,-0.02644230769230782,-0.0023980815347721673,-0.014184397163120699,-0.013986013986013845,-5.152224824355967,-3.8004750593824244,-2.4096385542168752,3.5805626598465423,4.2060178240669845,4.20171553389992,4.174847571754111,4.677208499823736,000100.SZ
2022-11-29,4.11,0.023050146984662012,1,0.014814814814814836,-0.02644230769230782,-0.0023980815347721673,-0.014184397163120699,-4.195804195804187,-7.640449438202246,-0.24271844660194164,-0.24271844660194164,4.188560037872987,4.1929807211475465,4.1723045297245385,4.671564634153849,000100.SZ
2022-11-30,4.02,0.5606372107003306,2,-0.021897810218978297,0.014814814814814836,-0.02644230769230782,-0.0023980815347721673,-4.964539007092217,-10.864745011086486,-3.8277511961722577,-1.9512195121951237,4.157912758259717,4.176506366752542,4.166331803068674,4.6650814039632635,000100.SZ
2022-12-01,4.04,-0.29041030460841555,3,0.004975124378109541,-0.021897810218978297,0.014814814814814836,-0.02644230769230782,-3.1175059952038398,-7.972665148063774,-0.9803921568627416,0.4975124378109541,4.136474074939768,4.163505760395157,4.1613776147130395,4.658861688500943,000100.SZ
2022-12-02,3.96,0.24880304856202962,4,-0.01980198019801982,0.004975124378109541,-0.021897810218978297,0.014814814814814836,-4.807692307692313,-8.75576036866359,-5.938242280285033,-4.807692307692313,4.104387879496174,4.144124259405142,4.153480453351744,4.651907840854168,000100.SZ
2022-12-05,4.04,-0.12659746492097435,0,0.02020202020202011,-0.01980198019801982,0.004975124378109541,-0.021897810218978297,-0.24691358024691024,-5.386416861826692,-4.038004750593826,-2.6506024096385583,4.092680992315051,4.13420766327132,4.149030239494813,4.645819205621788,000100.SZ
2022-12-06,4.04,-0.3781354515050167,1,0.0,0.02020202020202011,-0.01980198019801982,0.004975124378109541,-1.7031630170316392,-5.82750582750583,-9.213483146067414,-1.9417475728155331,4.083102630075951,4.125235504864527,4.14475454382835,4.639791153824557,000100.SZ
2022-12-07,3.98,0.1761024409763905,2,-0.014851485148514865,0.0,0.02020202020202011,-0.01980198019801982,-0.995024875621886,-5.910165484633579,-11.751662971175158,-4.784688995215303,4.064356697334869,4.1114035520202865,4.138293581325278,4.63322606771685,000100.SZ
2022-12-08,3.95,-0.27735209657443827,3,-0.007537688442211032,-0.014851485148514865,0.0,0.02020202020202011,-2.2277227722772297,-5.27577937649879,-10.022779043280172,-3.1862745098039214,4.04356457054671,4.096031785161212,4.130909519312522,4.6264277983863344,000100.SZ
2022-12-09,3.98,-0.18324607329842935,4,0.0075949367088608,-0.007537688442211032,-0.014851485148514865,0.0,0.5050505050504972,-4.326923076923084,-8.294930875576034,-5.463182897862229,4.032007375901854,4.084981138955382,4.124991498947325,4.619995680989455,000100.SZ
2022-12-12,3.94,0.004219701162147205,0,-0.01005025125628145,0.0075949367088608,-0.007537688442211032,-0.014851485148514865,-2.4752475247524774,-2.716049382716046,-7.728337236533955,-6.413301662707838,4.0152787621015165,4.071173411435822,4.117736930361155,4.613229554810456,000100.SZ
2022-12-13,3.91,0.019586232233473444,1,-0.0076142131979695105,-0.01005025125628145,0.0075949367088608,-0.007537688442211032,-3.2178217821782207,-4.866180048661805,-8.857808857808857,-12.134831460674157,3.9961371689921497,4.055823562727649,4.109590384072483,4.606232245807367,000100.SZ
2022-12-14,3.9,-0.26236375101342224,2,-0.002557544757033292,-0.0076142131979695105,-0.01005025125628145,0.0075949367088608,-2.010050251256279,-2.985074626865658,-7.801418439716324,-13.52549889135255,3.9786576837208494,4.040983223420254,4.101371153324543,4.59920505928192,000100.SZ
2022-12-15,3.91,-0.17347499542040667,3,0.002564102564102555,-0.002557544757033292,-0.0076142131979695105,-0.01005025125628145,-1.0126582278481067,-3.2178217821782207,-6.235011990407669,-10.93394077448746,3.9661744684988767,4.028508630713563,4.093866402213776,4.59234729749802,000100.SZ
2022-12-16,3.93,0.21243351063829774,4,0.005115089514066584,0.002564102564102555,-0.002557544757033292,-0.0076142131979695105,-1.2562814070351758,-0.7575757575757569,-5.528846153846157,-9.447004608294929,3.959597292408172,4.0191268563598905,4.087440268793628,4.585756777124906,000100.SZ
2022-12-19,3.82,0.5928769460439327,0,-0.027989821882951738,0.005115089514066584,0.002564102564102555,-0.002557544757033292,-3.0456852791878153,-5.44554455445545,-5.679012345679013,-10.53864168618266,3.9342159665157768,4.000162393849425,4.076952415115446,4.578137306705752,000100.SZ
2022-12-20,3.85,-0.44609146376451236,1,0.007853403141361293,-0.027989821882951738,0.005115089514066584,0.002564102564102555,-1.534526854219953,-4.702970297029707,-6.3260340632603445,-10.256410256410254,3.9189039726038173,3.9858612134828126,4.068052320405037,4.570892159375347,000100.SZ
2022-12-21,3.75,0.798791436464088,2,-0.025974025974025983,0.007853403141361293,-0.027989821882951738,0.005115089514066584,-3.8461538461538436,-5.778894472361806,-6.716417910447747,-11.34751773049646,3.888194159403123,3.963398240770164,4.055579680389154,4.562724078187533,000100.SZ
2022-12-22,3.7,-0.20703357456855997,3,-0.013333333333333308,-0.025974025974025983,0.007853403141361293,-0.027989821882951738,-5.370843989769824,-6.329113924050633,-8.415841584158413,-11.270983213429254,3.853977039511646,3.9383126940301483,4.041635379197422,4.554139759001588,000100.SZ
2022-12-23,3.73,-0.09833446305800331,4,0.008108108108108025,-0.013333333333333308,-0.025974025974025983,0.007853403141361293,-5.089058524173029,-6.281407035175879,-5.808080808080806,-10.336538461538469,3.8314357596004376,3.9184733898368007,4.029414383934778,4.545939363389632,000100.SZ
2022-12-26,3.75,-0.46410352789561293,0,0.00536193029490617,0.008108108108108025,-0.013333333333333308,-0.025974025974025983,-1.8324607329842868,-4.822335025380708,-7.178217821782173,-7.4074074074074066,3.8166292578549035,3.9024283050904387,4.0184569571138065,4.538019568729038,000100.SZ
2022-12-27,3.75,-0.0362725450901803,1,0.0,0.00536193029490617,0.008108108108108025,-0.013333333333333308,-2.5974025974025983,-4.092071611253201,-7.178217821782173,-8.759124087591253,3.80451484733583,3.8879113236532543,4.007929233305422,4.530178577995416,000100.SZ
2022-12-28,3.73,0.33967560823456,2,-0.005333333333333301,0.0,0.00536193029490617,0.008108108108108025,-0.5333333333333301,-4.358974358974354,-6.281407035175879,-7.213930348258701,3.79096669327477,3.872872149971992,3.9970300476856018,4.522216602094964,000100.SZ
2022-12-29,3.7,0.2055878928987196,3,-0.008042895442359144,-0.005333333333333301,0.0,0.00536193029490617,0.0,-5.370843989769824,-6.329113924050633,-8.415841584158413,3.774427294497539,3.856408135688945,3.9853818105214605,4.514035342372627,000100.SZ
2022-12-30,3.72,-0.10811767735290345,4,0.00540540540540535,-0.008042895442359144,-0.005333333333333301,0.0,-0.2680965147452974,-5.343511450381677,-6.5326633165829096,-6.060606060606055,3.7645314227707134,3.84341688467095,3.97497468069709,4.50613449319479,000100.SZ
2023-01-03,3.78,0.521419033527013,1,0.016129032258064502,0.00540540540540535,-0.008042895442359144,-0.005333333333333301,0.8000000000000007,-1.0471204188481686,-4.060913705583758,-6.435643564356441,3.7673438913578563,3.837377181368955,3.9673286147874003,4.498909274357032,000100.SZ
2023-01-04,3.85,0.491733282728847,2,0.0185185185185186,0.016129032258064502,0.00540540540540535,-0.008042895442359144,2.6666666666666616,0.0,-1.534526854219953,-4.702970297029707,3.782372274747337,3.8385793545719116,3.9627274926388747,4.492452465656962,000100.SZ
2023-01-05,3.84,-0.39039865154960485,3,-0.0025974025974027093,0.0185185185185186,0.016129032258064502,0.00540540540540535,2.9490616621983934,2.400000000000002,-1.538461538461544,-3.5175879396984966,3.7928500429750938,3.8387146541364916,3.9579146497902915,4.485960401322067,000100.SZ
2023-01-06,3.86,0.8157345575959933,4,0.005208333333333259,-0.0025974025974027093,0.0185185185185186,0.016129032258064502,4.324324324324325,4.324324324324325,-1.278772378516635,-2.27848101265824,3.805059126070531,3.8407418299330165,3.954074859602437,4.47973193961737,000100.SZ
2023-01-09,3.86,-0.512785886679692,0,0.0,0.005208333333333259,-0.0025974025974027093,0.0185185185185186,3.7634408602150504,3.4852546916890104,-1.7811704834605702,-3.015075376884424,3.8150483758758886,3.8425759413679677,3.9503856494219494,4.473565452656003,000100.SZ
2023-01-10,3.87,0.16294155805861887,1,0.002590673575129543,0.0,0.005208333333333259,-0.0025974025974027093,2.3809523809523947,3.200000000000003,1.308900523560208,-1.7766497461928932,3.8250395802620902,3.84518775647578,3.947233271013246,4.467559826261416,000100.SZ
2023-01-11,3.85,0.5314148073022313,2,-0.0051679586563307955,0.002590673575129543,0.0,0.005208333333333259,0.0,2.6666666666666616,0.0,-1.534526854219953,3.8295778383962555,3.8456460653828484,3.943420201561746,4.461414952368268,000100.SZ
2023-01-12,3.86,-0.3916455570456464,3,0.0025974025974024872,-0.0051679586563307955,0.002590673575129543,0.0,0.5208333333333259,3.4852546916890104,2.933333333333321,-1.025641025641022,3.835109140506027,3.8470131067749582,3.940148821108344,4.4554307239864945,000100.SZ
2023-01-13,3.86,-0.1816895275419116,4,0.0,0.0025974025974024872,-0.0051679586563307955,0.002590673575129543,0.0,4.324324324324325,4.324324324324325,-1.278772378516635,3.8396347513231124,3.848249953748772,3.9370057300844876,4.449506040165733,000100.SZ
2023-01-16,3.99,2.6978847944658777,0,0.03367875647668406,0.0,0.0025974025974024872,-0.0051679586563307955,3.3678756476684057,7.258064516129026,6.970509383378021,1.526717557251911,3.8669738874461825,3.8617499581536507,3.9390839367478407,4.444933840761099,000100.SZ
2023-01-17,4.02,-0.40815555635500245,1,0.007518796992481036,0.03367875647668406,0.0,0.0025974025974024872,3.8759689922480467,6.349206349206349,7.199999999999984,5.235602094240832,3.894796817001422,3.876821390710446,3.942257115698906,4.440705643340591,000100.SZ
2023-01-18,4.04,-0.11433607877701102,2,0.004975124378109541,0.007518796992481036,0.03367875647668406,0.0,4.935064935064926,4.935064935064926,7.733333333333325,4.935064935064926,3.921197395728436,3.8923622106427844,3.9460901699852236,4.436718522511332,000100.SZ
2023-01-19,4.13,0.5322397995950721,3,0.022277227722772297,0.004975124378109541,0.007518796992481036,0.03367875647668406,6.994818652849744,7.552083333333326,10.72386058981234,10.133333333333328,3.959161505595993,3.914994381057757,3.9533023201818818,4.433666596914205,000100.SZ
2023-01-20,4.12,0.12649212783588282,4,-0.002421307506053183,0.022277227722772297,0.004975124378109541,0.007518796992481036,6.735751295336789,6.735751295336789,11.351351351351347,11.351351351351347,3.988404868214903,3.934518725718923,3.959839484096318,4.430545536248392,000100.SZ
2023-01-30,4.24,0.7225889182687528,0,0.029126213592232997,-0.002421307506053183,0.022277227722772297,0.004975124378109541,6.265664160400997,9.844559585492242,13.978494623655923,13.672922252010732,4.034149437630376,3.9636121804123587,3.970826170994502,4.428649560763334,000100.SZ
2023-01-31,4.2,-0.545377952437835,1,-0.009433962264150941,0.029126213592232997,-0.002421307506053183,0.022277227722772297,4.47761194029852,8.52713178294573,11.111111111111116,12.00000000000001,4.064304085333943,3.9861253060873723,3.9798133799751096,4.426374440755739,000100.SZ
2023-02-01,4.23,-0.2108122516850509,2,0.0071428571428571175,-0.009433962264150941,0.029126213592232997,-0.002421307506053183,4.702970297029707,9.870129870129873,9.870129870129873,12.800000000000011,4.094430615273226,4.009351467412384,3.989624619976086,4.424420466220855,000100.SZ
2023-02-02,4.19,0.2822607884451449,3,-0.009456264775413725,0.0071428571428571175,-0.009433962264150941,0.029126213592232997,1.4527845036319764,8.54922279792747,9.114583333333348,12.33243967828419,4.1118068670417305,4.026556089563585,3.9974824780162397,4.42208792426841,000100.SZ
2023-02-03,4.17,0.04139384360653264,4,-0.004773269689737569,-0.009456264775413725,0.0071428571428571175,-0.009433962264150941,1.213592233009697,8.031088082901562,8.031088082901562,12.702702702702705,4.122387436670507,4.040217414367053,4.0042478710352105,4.419579586713501,000100.SZ
2023-02-06,4.14,-0.3281178482811786,0,-0.007194244604316613,-0.004773269689737569,-0.009456264775413725,0.0071428571428571175,-2.358490566037752,3.7593984962405846,7.253886010362698,11.290322580645151,4.125589720912233,4.049720517760667,4.00957148393579,4.41679770027854,000100.SZ
2023-02-07,4.15,-0.35176852333231745,1,0.0024154589371983004,-0.007194244604316613,-0.004773269689737569,-0.009456264775413725,-1.1904761904761862,3.2338308457711573,7.235142118863047,9.788359788359813,4.130027953473645,4.059270944640604,4.01507848456576,4.414142996793181,000100.SZ
2023-02-08,4.1,-0.025719737824607902,2,-0.012048192771084487,0.0024154589371983004,-0.007194244604316613,-0.004773269689737569,-3.073286052009472,1.4851485148514865,6.493506493506485,6.493506493506485,4.124568325569346,4.06314990229388,4.018408740072985,4.411017195830065,000100.SZ
2023-02-09,4.19,0.9462090891027277,3,0.021951219512195363,-0.012048192771084487,0.0024154589371983004,-0.007194244604316613,0.0,1.4527845036319764,8.54922279792747,9.114583333333348,4.136464993647646,4.075230863980177,4.025137809089731,4.408818019752155,000100.SZ
2023-02-10,4.2,-0.09369484999197819,4,0.0023866348448686736,0.021951219512195363,-0.012048192771084487,0.0024154589371983004,0.7194244604316502,1.9417475728155331,8.808290155440424,8.808290155440424,4.148016812984437,4.087113638839208,4.031995149909742,4.406740228510841,000100.SZ
2023-02-13,4.18,-0.18360449958962965,0,-0.004761904761904856,0.0023866348448686736,0.021951219512195363,-0.012048192771084487,0.9661835748792313,-1.4150943396226578,4.761904761904745,8.290155440414493,4.153831937896357,4.095959958949759,4.037799261677987,4.404484106834116,000100.SZ
2023-02-14,4.2,-0.0670214863000197,1,0.004784688995215447,-0.004761904761904856,0.0023866348448686736,0.021951219512195363,1.2048192771084265,0.0,4.47761194029852,8.52713178294573,4.16222613100611,4.105868534287878,4.044160074945517,4.402449439104424,000100.SZ
2023-02-15,4.48,6.300929642932601,2,0.06666666666666665,0.004784688995215447,-0.004761904761904856,0.0023866348448686736,9.268292682926859,5.910165484633567,10.8910891089109,16.36363636363638,4.220003198095909,4.141500102450937,4.061251836712359,4.403221086476519,000100.SZ
2023-02-16,4.43,-0.11114358723553275,3,-0.011160714285714413,0.06666666666666665,0.004784688995215447,-0.004761904761904856,5.72792362768495,5.72792362768495,7.263922518159793,14.766839378238327,4.258184434805743,4.168976283169895,4.075712548998149,4.403487543327499,000100.SZ
2023-02-17,4.3,-0.488997125155056,4,-0.02934537246049662,-0.011160714285714413,0.06666666666666665,0.004784688995215447,2.3809523809523725,3.1175059952038398,4.3689320388349495,11.398963730569944,4.265787264841062,4.18145473239181,4.084508135311948,4.402457816528221,000100.SZ
2023-02-20,4.46,0.0711486878237435,0,0.037209302325581506,-0.02934537246049662,-0.011160714285714413,0.06666666666666665,6.698564593301448,7.7294685990338285,5.188679245283012,11.779448621553868,4.301098671233596,4.207982853116399,4.099233306476186,4.403030375567742,000100.SZ
2023-02-21,4.49,-0.3959552700452058,1,0.0067264573991032695,0.037209302325581506,-0.02934537246049662,-0.011160714285714413,6.904761904761902,8.192771084337336,6.904761904761902,11.691542288557223,4.335444367372942,4.234841629010075,4.114557490535943,4.4038957449650775,000100.SZ
2023-02-22,4.53,0.026823696234441474,2,0.008908685968819663,0.0067264573991032695,0.037209302325581506,-0.02934537246049662,1.116071428571419,10.48780487804879,7.092198581560272,12.128712871287139,4.370818118759679,4.262951950056735,4.130849353652181,4.405150513671893,000100.SZ
2023-02-23,4.51,0.031924891633741126,3,-0.004415011037527727,0.008908685968819663,0.0067264573991032695,0.037209302325581506,1.8058690744920947,7.637231503579933,7.637231503579933,9.200968523002429,4.396123915348828,4.286480335765617,4.145718006450135,4.40619379214282,000100.SZ
2023-02-24,4.45,-0.4419125505320385,4,-0.013303769401330268,-0.004415011037527727,0.008908685968819663,0.0067264573991032695,3.488372093023262,5.952380952380953,6.714628297362113,8.009708737864084,4.405919567103586,4.302053637121273,4.157650633648169,4.406629674808066,000100.SZ
2023-02-27,4.42,-0.010807120377000379,0,-0.006741573033707926,-0.013303769401330268,-0.004415011037527727,0.008908685968819663,-0.8968609865470878,5.741626794258381,6.763285024154597,4.245283018867907,4.408479645812025,4.313286624062104,4.167938844093339,4.406762712869678,000100.SZ
2023-02-28,4.44,0.21301595852131183,1,0.00452488687782826,-0.006741573033707926,-0.013303769401330268,-0.004415011037527727,-1.1135857461024412,5.714285714285716,6.987951807228909,5.714285714285716,4.414210619300747,4.3253545646276175,4.1786079090308546,4.407093432144607,000100.SZ
2023-03-01,4.48,0.18888950567598317,2,0.009009009009008917,0.00452488687782826,-0.006741573033707926,-0.013303769401330268,-1.103752759381893,0.0,9.268292682926859,5.910165484633567,4.42617232488243,4.340082701329749,4.19042720671592,4.40781887063073,000100.SZ
2023-03-02,4.46,-0.462652768212539,3,-0.0044642857142858094,0.009009009009008917,0.00452488687782826,-0.006741573033707926,-1.1086474501108556,0.6772009029345494,6.443914081145574,6.443914081145574,4.432322811267442,4.351503396441202,4.200998688805491,4.408338085848335,000100.SZ
2023-03-03,4.46,0.23432680192900923,4,0.0,-0.0044642857142858094,0.009009009009008917,0.00452488687782826,0.22471910112358273,3.7209302325581506,6.190476190476191,6.95443645083933,4.437355027400634,4.3618364063039445,4.211155602969981,4.408852134745367,000100.SZ
2023-03-06,4.4,0.2178947924182959,0,-0.013452914798206206,0.0,-0.0044642857142858094,0.009009009009008917,-0.4524886877827927,-1.3452914798206206,5.2631578947368585,6.280193236715004,4.430563204236882,4.365471034274997,4.21856126559861,4.408764053802627,000100.SZ
2023-03-07,4.36,1.7047773185746076,1,-0.00909090909090915,-0.013452914798206206,0.0,-0.0044642857142858094,-1.8018018018018056,-2.8953229398663627,3.809523809523818,5.060240963855422,4.417733530739267,4.364949983391664,4.224107882633959,4.40827883933693,000100.SZ
2023-03-08,4.38,-0.6556930375689191,2,0.004587155963302614,-0.00909090909090915,-0.013452914798206206,0.0,-2.2321428571428714,-3.311258278145701,-2.2321428571428714,6.829268292682933,4.410872888786672,4.3663833183067435,4.230221299001255,4.407997457850991,000100.SZ
2023-03-09,4.35,-0.3324954225242839,3,-0.006849315068493178,0.004587155963302614,-0.00909090909090915,-0.013452914798206206,-2.4663677130044914,-3.5476718403547713,-1.8058690744921058,3.8186157517899666,4.399805090825459,4.36482300227753,4.234918502961991,4.407420368718145,000100.SZ
2023-03-10,4.28,0.5016272258124506,4,-0.016091954022988353,-0.006849315068493178,0.004587155963302614,-0.00909090909090915,-4.035874439461873,-3.8202247191011174,-0.46511627906975495,1.904761904761898,4.378022347039011,4.356744621108241,4.236686404806619,4.406152504352791,000100.SZ
2023-03-13,4.28,0.002647181757666539,0,0.0,-0.016091954022988353,-0.006849315068493178,0.004587155963302614,-2.7272727272727337,-3.1674208144796268,-4.035874439461873,2.392344497607679,4.360200102122827,4.349435609574123,4.2383849771671445,4.404897255553261,000100.SZ
2023-03-14,4.21,0.0352643280632412,1,-0.016355140186915973,0.0,-0.016091954022988353,-0.006849315068493178,-3.4403669724770714,-5.180180180180194,-6.23608017817372,0.23809523809523725,4.332890992645949,4.3361560277099205,4.237271840807649,4.402957979378603,000100.SZ
2023-03-15,4.26,-0.1281691821273041,2,0.01187648456057011,-0.016355140186915973,0.0,-0.016091954022988353,-2.73972602739726,-4.910714285714302,-5.96026490066226,-4.910714285714302,4.31963808489214,4.328903072689928,4.238163141168133,4.401535511922099,000100.SZ
2023-03-16,4.18,-0.17703308358137482,3,-0.018779342723004744,0.01187648456057011,-0.016355140186915973,0.0,-3.9080459770114984,-6.278026905829604,-7.317073170731714,-5.643340857787815,4.294249342184478,4.31472182767184,4.235882233671344,4.399331178470138,000100.SZ
2023-03-17,4.22,0.20526304849404498,4,0.009569377990430672,-0.018779342723004744,0.01187648456057011,-0.016355140186915973,-1.4018691588785215,-5.381165919282516,-5.168539325842703,-1.8604651162790753,4.2807494617873,4.305700701226903,4.235259400978349,4.397546788634616,000100.SZ
2023-03-20,4.23,0.0524110099337749,0,0.0023696682464455776,0.009569377990430672,-0.018779342723004744,0.01187648456057011,-1.1682242990654124,-3.863636363636358,-4.298642533936636,-5.156950672645733,4.271522286916881,4.298491110633865,4.235053149959591,4.395879656409395,000100.SZ
2023-03-21,4.28,0.30490143060813124,1,0.011820330969267046,0.0023696682464455776,0.009569377990430672,-0.018779342723004744,1.6627078384798155,-1.834862385321101,-3.603603603603611,-4.677060133630285,4.27306368929563,4.296730052478258,4.236815771529804,4.3947266250023365,000100.SZ
2023-03-22,4.54,1.9797184442853735,2,0.06074766355140171,0.011820330969267046,0.0023696682464455776,0.009569377990430672,6.572769953051649,3.65296803652968,1.3392857142856984,0.22075055187638082,4.321597563969152,4.3198986189089,4.24870534911687,4.39617213122122,000100.SZ
2023-03-23,4.6,-0.45525810040797055,3,0.013215859030836885,0.06074766355140171,0.011820330969267046,0.0023696682464455776,10.047846889952151,5.747126436781613,3.139013452914785,1.9955654101995624,4.372216188702033,4.346574940917576,4.262481609935817,4.398200269219019,000100.SZ
2023-03-24,4.6,-0.1971420171448024,4,0.0,0.013215859030836885,0.06074766355140171,0.011820330969267046,9.004739336492884,7.47663551401867,3.139013452914785,3.3707865168539186,4.413631427119845,4.370710660830188,4.275717625232452,4.4002082267392275,000100.SZ
2023-03-27,4.47,0.09798498617147389,0,-0.02826086956521734,0.0,0.013215859030836885,0.06074766355140171,5.673758865248213,4.439252336448596,1.5909090909090873,1.1312217194570096,4.4238802585526,4.38016678837017,4.283336541890003,4.400902672244309,000100.SZ
2023-03-28,4.39,-0.3010294982402866,1,-0.017897091722595126,-0.02826086956521734,0.0,0.013215859030836885,2.5700934579439227,4.275534441805218,0.6880733944953921,-1.1261261261261368,4.4177202115430365,4.381103284715868,4.287519422600199,4.4007941879433705,000100.SZ
2023-03-29,4.42,-0.11140130587644403,2,0.006833712984054774,-0.017897091722595126,-0.02826086956521734,0.0,-2.643171806167399,3.7558685446009488,0.9132420091324311,-1.3392857142857206,4.418134718535211,4.384807733790547,4.292714739360976,4.400985290550899,000100.SZ
2023-03-30,4.46,-0.00802622654307028,3,0.009049773755656076,0.006833712984054774,-0.017897091722595126,-0.02826086956521734,-3.0434782608695587,6.698564593301448,2.5287356321839205,0.0,4.425746587892445,4.391968902000971,4.299274945660546,4.401572501590194,000100.SZ
2023-03-31,4.43,-0.024330484330484348,4,-0.006726457399103158,0.009049773755656076,0.006833712984054774,-0.017897091722595126,-3.6956521739130443,4.976303317535535,3.504672897196248,-0.6726457399103158,4.426519935548364,4.395590911334212,4.30440141837974,4.401855362270889,000100.SZ
2023-04-03,4.51,0.23935642118787603,0,0.018058690744920947,-0.006726457399103158,0.009049773755656076,0.006833712984054774,0.8948545861297452,6.6193853427895855,5.373831775700921,2.499999999999991,4.441698129085025,4.406487015016668,4.312464107855044,4.402931428317945,000100.SZ
2023-04-04,4.56,0.36386447706335545,1,0.011086474501108556,0.018058690744920947,-0.006726457399103158,0.009049773755656076,3.8724373576309867,6.542056074766345,8.313539192399034,4.587155963302725,4.463207560160474,4.421107299300795,4.322171397743082,4.404494299677966,000100.SZ
2023-04-06,4.65,0.2372055660646264,3,0.019736842105263275,0.011086474501108556,0.018058690744920947,-0.006726457399103158,5.203619909502266,2.422907488986792,9.154929577464799,6.164383561643838,4.497169821949479,4.442906604129291,4.3350274213610005,4.40693714246724,000100.SZ
2023-04-07,4.63,-0.3672775508779279,4,-0.004301075268817289,0.019736842105263275,0.011086474501108556,0.018058690744920947,3.811659192825112,0.6521739130434856,10.765550239234445,6.436781609195408,4.521320763413209,4.460725022783644,4.346594973464491,4.409156673387964,000100.SZ
2023-04-10,4.53,0.02214547380500509,0,-0.021598272138228847,-0.004301075268817289,0.019736842105263275,0.011086474501108556,2.257336343115135,-1.5217391304347738,7.345971563981046,5.841121495327095,4.522898806428989,4.4673226396613925,4.353787327446276,4.410359094548284,000100.SZ
2023-04-11,4.56,-0.35995034274302373,1,0.0066225165562912025,-0.021598272138228847,-0.004301075268817289,0.019736842105263275,1.1086474501108556,2.0134228187919323,7.80141843971629,6.542056074766345,4.529644477987354,4.476149054931736,4.361874098918971,4.411848058781634,000100.SZ
2023-04-12,4.6,0.2819820883439308,2,0.00877192982456143,0.0066225165562912025,-0.021598272138228847,-0.004301075268817289,0.8771929824561431,4.783599088838275,7.47663551401867,9.263657957244643,4.542436391080562,4.487944383033476,4.3712123695496,4.413720217400722,000100.SZ
2023-04-13,4.47,0.13127220102618065,3,-0.02826086956521734,0.00877192982456143,0.0066225165562912025,-0.021598272138228847,-3.8709677419354938,1.1312217194570096,-1.541850220264318,4.929577464788726,4.5292661381568236,4.4862353941731445,4.375086394273145,4.414280215237531,000100.SZ
2023-04-14,4.46,-0.32838303019025916,4,-0.0022371364653243075,-0.02826086956521734,0.00877192982456143,0.0066225165562912025,-3.6717062634989195,0.0,-3.0434782608695587,6.698564593301448,4.516672294855582,4.4837367852042735,4.378416339595767,4.414735138468998,000100.SZ
2023-04-17,4.47,-0.15670724316462048,0,0.0022421524663676085,-0.0022371364653243075,-0.02826086956521734,0.00877192982456143,-1.324503311258285,0.9029345372460584,-2.826086956521734,5.924170616113744,4.508186423063658,4.4824285199467235,4.38200785569005,4.41528503758871,000100.SZ
2023-04-18,4.44,0.34483891501201214,1,-0.006711409395973034,0.0022421524663676085,-0.0022371364653243075,-0.02826086956521734,-2.631578947368407,-1.552106430155198,-0.6711409395973034,4.964539007092195,4.495788891597538,4.4783877085232255,4.384282057427695,4.415530957612703,000100.SZ
2023-04-19,4.36,-0.050522940682494855,2,-0.018018018018018056,-0.006711409395973034,0.0022421524663676085,-0.0022371364653243075,-5.217391304347807,-4.3859649122806825,-0.6833712984054552,1.869158878504673,4.4711000022161675,4.467112688663871,4.383329819881511,4.414978410770786,000100.SZ
2023-04-20,4.37,-0.12978805518927095,3,0.002293577981651307,-0.018018018018018056,-0.006711409395973034,0.0022421524663676085,-2.237136465324374,-6.021505376344094,-1.1312217194570096,-3.7444933920704804,4.45271818363141,4.457863861172074,4.382807081846941,4.4145308643949575,000100.SZ
2023-04-21,4.22,0.7643167328836737,4,-0.034324942791762125,0.002293577981651307,-0.018018018018018056,-0.006711409395973034,-5.381165919282516,-8.855291576673874,-5.381165919282516,-8.260869565217387,4.410405786607517,4.435210160108066,4.376422490401963,4.412595233903466,000100.SZ
2023-04-24,4.1,-0.18420336000670323,0,-0.028436018957346043,-0.034324942791762125,0.002293577981651307,-0.018018018018018056,-8.277404921700226,-9.492273730684342,-7.44920993227991,-10.869565217391308,4.353968370860695,4.403285382954916,4.3655823927391415,4.409484833566118,000100.SZ
2023-04-25,4.03,-0.09421099256634435,1,-0.01707317073170722,-0.028436018957346043,-0.034324942791762125,0.002293577981651307,-9.23423423423424,-11.622807017543845,-10.643015521064292,-9.843400447427285,4.295065030704205,4.367734394102067,4.352422298906235,4.405708865072923,000100.SZ
2023-04-26,4.01,-0.15520687162478208,2,-0.004962779156327701,-0.01707317073170722,-0.028436018957346043,-0.034324942791762125,-8.02752293577983,-12.826086956521731,-12.061403508771928,-8.656036446469251,4.2432350251216215,4.333664451806632,4.338993973458932,4.401771463430407,000100.SZ
2023-04-27,4.01,-0.11437727554906785,3,0.0,-0.004962779156327701,-0.01707317073170722,-0.028436018957346043,-8.23798627002289,-10.290827740492169,-13.76344086021507,-9.276018099547512,4.2008286569176905,4.302839265920285,4.3260922490095615,4.397873239913687,000100.SZ
2023-04-28,4.0,0.3096203394968171,4,-0.0024937655860348684,0.0,-0.004962779156327701,-0.01707317073170722,-5.213270142180093,-10.313901345291477,-13.606911447084236,-10.313901345291477,4.164314355659928,4.273997431070734,4.313304317675853,4.393914302203103,000100.SZ
2023-05-04,3.92,0.5485989555455901,3,-0.020000000000000018,-0.0024937655860348684,0.0,-0.004962779156327701,-4.390243902439018,-12.304250559284114,-13.465783664459163,-11.512415349887128,4.119893563721759,4.240283390016379,4.297880618943466,4.389198737007052,000100.SZ
2023-05-05,3.95,-0.4373003269500233,4,0.007653061224489832,-0.020000000000000018,-0.0024937655860348684,0.0,-1.985111662531014,-11.036036036036034,-13.377192982456132,-12.416851441241672,4.089003824863258,4.212637352871962,4.284238241729998,4.384828600320415,000100.SZ
2023-05-08,3.57,0.2957484602486844,0,-0.09620253164556969,0.007653061224489832,-0.020000000000000018,-0.0024937655860348684,-10.97256857855361,-18.11926605504588,-22.39130434782608,-21.71052631578947,3.9946394930699376,4.151433795455585,4.2562288989170565,4.376720853053546,000100.SZ
2023-05-09,3.59,-0.007238763900989098,1,0.0056022408963585235,-0.09620253164556969,0.007653061224489832,-0.020000000000000018,-10.473815461346636,-17.848970251716256,-19.686800894854585,-22.79569892473119,3.921068676148131,4.0979639101741006,4.230102275430113,4.3688927848639585,000100.SZ
2023-05-10,3.63,-0.3105295081755649,2,0.011142061281337101,0.0056022408963585235,-0.09620253164556969,0.007653061224489832,-9.250000000000004,-13.98104265402843,-18.609865470852014,-21.598272138228946,3.868147098666652,4.053395918728948,4.206568852864226,4.3615406178503875,000100.SZ
2023-05-11,3.65,-0.05392606457650917,3,0.005509641873278293,0.011142061281337101,0.0056022408963585235,-0.09620253164556969,-6.887755102040815,-10.97560975609756,-18.344519015659955,-19.426048565121423,3.8284839898181695,4.014977259802381,4.1847426233401395,4.354460611702622,000100.SZ
2023-05-12,3.62,-0.23411285216840771,4,-0.008219178082191747,0.005509641873278293,0.011142061281337101,0.0056022408963585235,-8.354430379746836,-10.173697270471472,-18.46846846846847,-20.614035087719284,3.7905778098512295,3.9773603779164404,4.162595853797389,4.347152545914537,000100.SZ
2023-05-15,3.63,0.34039420319805735,0,0.0027624309392264568,-0.008219178082191747,0.005509641873278293,0.011142061281337101,1.680672268907557,-9.476309226932667,-16.74311926605505,-21.086956521739133,3.7613818444237332,3.9442784371624935,4.141709741883766,4.340016699686532,000100.SZ
2023-05-16,3.64,-0.055388529139685505,1,0.0027548209366392573,0.0027624309392264568,-0.008219178082191747,0.005509641873278293,1.392757660167132,-9.22693266832917,-16.704805491990847,-18.568232662192386,3.7393124181648725,3.915299538385113,4.122034850045186,4.333051359391145,000100.SZ
2023-05-17,3.63,-0.4512180193414126,2,-0.0027472527472528485,0.0027548209366392573,0.0027624309392264568,-0.008219178082191747,0.0,-9.250000000000004,-13.98104265402843,-18.609865470852014,3.7194374330439866,3.888128153777007,4.102739365729689,4.326055823476805,000100.SZ
2023-05-18,3.64,-0.005204847944085156,3,0.0027548209366392573,-0.0027472527472528485,0.0027548209366392573,0.0027624309392264568,-0.2739726027397249,-7.14285714285714,-11.21951219512194,-18.568232662192386,3.704994263399625,3.8644969010363397,4.0845927239363675,4.319229397372559,000100.SZ
2023-05-19,3.67,0.7598848942372376,4,0.008241758241758212,0.0027548209366392573,-0.0027472527472528485,0.0027548209366392573,1.3812154696132506,-7.088607594936713,-8.933002481389584,-17.342342342342356,3.6986316700542385,3.8459733866519263,4.068334185742785,4.3127694033688515,000100.SZ
2023-05-22,3.63,-0.11433182561423638,0,-0.010899182561307952,0.008241758241758212,0.0027548209366392573,-0.0027472527472528485,0.0,1.680672268907557,-9.476309226932667,-16.74311926605505,3.6861531845898314,3.825404492685076,4.0511446098313035,4.305975677962197,000100.SZ
2023-05-23,3.66,1.3183878006090102,1,0.008264462809917328,-0.010899182561307952,0.008241758241758212,0.0027548209366392573,0.5494505494505475,1.9498607242339983,-8.728179551122183,-16.24713958810069,3.6813980601189527,3.8096516838579264,4.035805605524193,4.299548059276005,000100.SZ
2023-05-24,3.54,-0.3124528145780977,2,-0.032786885245901676,0.008264462809917328,-0.010899182561307952,0.008241758241758212,-2.4793388429751984,-2.4793388429751984,-11.5,-16.113744075829374,3.6556893219155064,3.7839705711095526,4.016362248444813,4.291990367143906,000100.SZ
2023-05-25,3.49,-0.014274755193212973,3,-0.01412429378531066,-0.032786885245901676,0.008264462809917328,-0.010899182561307952,-4.120879120879117,-4.383561643835609,-10.969387755102034,-14.878048780487795,3.625563990658142,3.755973373861024,3.995720591643056,4.284010363490732,000100.SZ
2023-05-26,3.52,-0.5564151864737839,4,0.008595988538681931,-0.01412429378531066,-0.032786885245901676,0.008264462809917328,-4.087193460490457,-2.7624309392265234,-10.886075949367092,-12.655086848635245,3.6063705378112068,3.733499719207593,3.9770648821668577,4.27640827032167,000100.SZ
2023-05-29,3.72,3.8961780591007606,0,0.05681818181818188,0.008595988538681931,-0.01412429378531066,-0.032786885245901676,2.4793388429752206,2.4793388429752206,4.201680672268915,-7.231920199501241,3.6270304400273505,3.7322140316640127,3.9669839063956087,4.270871869621953,000100.SZ
2023-05-30,3.77,-0.388893182600631,1,0.013440860215053752,0.05681818181818188,0.008595988538681931,-0.01412429378531066,3.005464480874309,3.5714285714285587,5.013927576601684,-5.985037406483784,3.653024905476923,3.735812695315059,3.959259047321271,4.265888069924222,000100.SZ
2023-05-31,3.86,0.2619888016372145,2,0.023872679045092715,0.013440860215053752,0.05681818181818188,0.008595988538681931,9.039548022598876,6.336088154269981,6.336088154269981,-3.500000000000003,3.690656740844755,3.747640057666006,3.9553665356616134,4.261849382661295,000100.SZ
2023-06-01,3.8,-0.3836777085383186,3,-0.015544041450777257,0.023872679045092715,0.013440860215053752,0.05681818181818188,8.882521489971328,4.39560439560438,4.109589041095885,-3.0612244897959218,3.7105373334184355,3.752626718840672,3.94927373034155,4.25725386641591,000100.SZ
2023-06-02,3.86,-0.11269770879526975,4,0.015789473684210575,-0.015544041450777257,0.023872679045092715,0.013440860215053752,9.659090909090896,5.177111716621252,6.6298342541436295,-2.27848101265824,3.737712363705992,3.762852745617751,3.945772799739921,4.253301091625702,000100.SZ
2023-06-05,3.88,0.007413454169859834,0,0.005181347150259086,0.015789473684210575,-0.015544041450777257,0.023872679045092715,4.3010752688172005,6.887052341597788,6.887052341597788,8.683473389355733,3.763582843032175,3.774009626987489,3.943193474259924,4.249586652903059,000100.SZ
2023-06-06,3.8,-0.01688412627540481,1,-0.020618556701030966,0.005181347150259086,0.015789473684210575,-0.015544041450777257,0.7957559681697646,3.82513661202184,4.39560439560438,5.84958217270195,3.7702041442990524,3.7764849006077283,3.93757804389679,4.245113153869198,000100.SZ
2023-06-07,3.84,0.10975609756097571,2,0.010526315789473717,-0.020618556701030966,0.005181347150259086,0.015789473684210575,-0.5181347150259086,8.47457627118644,5.785123966942152,5.785123966942152,3.782894299881043,3.7825339576927064,3.933751453940053,4.241082177213784,000100.SZ
2023-06-08,3.86,0.05982569154982942,3,0.005208333333333259,0.010526315789473717,-0.020618556701030966,0.005181347150259086,1.5789473684210575,10.601719197707716,6.043956043956045,5.753424657534256,3.796913518084489,3.7899116760076867,3.9308592400600513,4.237290314753945,000100.SZ
2023-06-09,3.9,1.9440376419438805,4,0.010362694300518172,0.005208333333333259,0.010526315789473717,-0.020618556701030966,1.0362694300518172,10.795454545454541,6.267029972752036,7.734806629834257,3.8156565147964,3.800396278292669,3.9296490737831866,4.23393419221908,000100.SZ
2023-06-12,3.87,-0.5194774912194625,0,-0.007692307692307665,0.010362694300518172,0.005208333333333259,0.010526315789473717,-0.2577319587628857,4.0322580645161255,6.6115702479338845,6.6115702479338845,3.8255371484697815,3.807025204169558,3.9273098944191402,4.230312956475608,000100.SZ
2023-06-13,3.84,-0.2903141017216454,1,-0.007751937984496138,-0.007692307692307665,0.010362694300518172,0.005208333333333259,1.0526315789473717,1.8567639257294433,4.918032786885229,5.494505494505497,3.828166757838912,3.8101656609153145,3.9238859769909387,4.2264292454659005,000100.SZ
2023-06-14,3.85,-0.2660683760683761,2,0.0026041666666667407,-0.007751937984496138,-0.007692307692307665,0.010362694300518172,0.26041666666667407,-0.2590673575129432,8.757062146892647,6.060606060606055,3.8321364382318372,3.813959407494808,3.9209884876971763,4.2226836808343995,000100.SZ
2023-06-15,3.88,0.014459842397422262,3,0.007792207792207684,0.0026041666666667407,-0.007751937984496138,-0.007692307692307665,0.5181347150259086,2.1052631578947434,11.174785100286533,6.593406593406592,3.8408389040078665,3.8202489877333976,3.9193810960227777,4.219273892965401,000100.SZ
2023-06-16,3.94,0.11894694549141915,4,0.015463917525773141,0.007792207792207684,0.0026041666666667407,-0.007751937984496138,1.025641025641022,2.0725388601036343,11.931818181818187,7.3569482288828425,3.858868194188254,3.8316538460445027,3.9201896804924727,4.216495048259278,000100.SZ
2023-06-19,3.91,0.004377265576909872,0,-0.0076142131979695105,0.015463917525773141,0.007792207792207684,0.0026041666666667407,1.033591731266159,0.773195876288657,5.107526881720426,7.713498622589543,3.868164886154026,3.8391153845164547,3.9197900851790424,4.213445346286548,000100.SZ
2023-06-20,3.9,-0.3030983997276132,1,-0.002557544757033292,-0.0076142131979695105,0.015463917525773141,0.007792207792207684,1.5625,2.6315789473684292,3.4482758620689724,6.557377049180313,3.8739530886714753,3.8449139193244113,3.919014003407315,4.210326487119517,000100.SZ
2023-06-21,3.81,0.5629274965800273,2,-0.023076923076922995,-0.002557544757033292,-0.0076142131979695105,0.015463917525773141,-1.0389610389610393,-0.78125,-1.2953367875647603,7.6271186440677985,3.8623252543675703,3.841588784150658,3.9147389444501655,4.206343138988975,000100.SZ
2023-06-26,3.78,3.8787433572991565,0,-0.007874015748031593,-0.023076923076922995,-0.002557544757033292,-0.0076142131979695105,-2.577319587628868,-2.0725388601036343,-0.5263157894736858,8.309455587392534,3.847357026300739,3.835723185660119,3.9094550642756496,4.202100918700528,000100.SZ
2023-06-27,3.76,-0.5355094796598985,1,-0.005291005291005346,-0.007874015748031593,-0.023076923076922995,-0.002557544757033292,-4.5685279187817285,-3.589743589743588,-2.590673575129532,6.818181818181812,3.8314739306096954,3.8285114536924887,3.903594081362879,4.197701904584105,000100.SZ
2023-06-28,3.84,-0.20785311786573968,2,0.02127659574468077,-0.005291005291005346,-0.007874015748031593,-0.023076923076922995,-1.7902813299232823,-0.7751937984496138,-1.0309278350515427,3.2258064516129004,3.8330241250442962,3.8296056009598707,3.901100195819237,4.19414268165292,000100.SZ
2023-06-29,3.85,-0.0471915786540823,3,0.0026041666666667407,0.02127659574468077,-0.005291005291005346,-0.007874015748031593,-1.2820512820512775,0.26041666666667407,1.3157894736842257,2.1220159151193574,3.836110647763515,3.8315479246779782,3.8990962665714237,4.190718376362842,000100.SZ
2023-06-30,3.94,0.1549743674096007,4,0.023376623376623273,0.0026041666666667407,0.02127659574468077,-0.005291005291005346,3.4120734908136496,2.3376623376623273,2.604166666666674,2.0725388601036343,3.854999620897421,3.841876693756266,3.9007003345490148,4.188223666150276,000100.SZ
2023-07-03,3.98,0.31007199936703844,0,0.010152284263959421,0.023376623376623273,0.0026041666666667407,0.02127659574468077,5.291005291005302,2.577319587628879,3.1088082901554515,4.736842105263173,3.877726962552435,3.855031294350907,3.9038101253510145,4.186151788875149,000100.SZ
2023-07-04,4.01,-0.47976808793332526,1,0.007537688442210921,0.010152284263959421,0.023376623376623273,0.0026041666666667407,6.64893617021276,1.7766497461928932,2.8205128205128105,3.886010362694292,3.901776605724719,3.86979021869844,3.9079744341607787,4.184399034756988,000100.SZ
2023-07-05,3.99,-0.22674715579289517,2,-0.004987531172069737,0.007537688442210921,0.010152284263959421,0.023376623376623273,3.90625,2.0460358056265893,3.100775193798455,2.8350515463917647,3.917817222865679,3.8812387692985886,3.9111911230172187,4.182464716003188,000100.SZ
2023-07-06,4.1,1.971940307470574,3,0.027568922305764243,-0.004987531172069737,0.007537688442210921,0.010152284263959421,6.493506493506485,5.128205128205132,6.770833333333326,7.8947368421052655,3.950941364162828,3.9020731722225324,3.918595392702818,4.181644171565345,000100.SZ
2023-07-07,4.16,-0.16225404763708928,4,0.014634146341463428,0.027568922305764243,-0.004987531172069737,0.007537688442210921,5.583756345177671,9.186351706036744,8.051948051948044,8.333333333333348,3.988952025224132,3.9266376320108627,3.928062240047806,4.181428806674148,000100.SZ
2023-07-10,4.18,-0.3016052003183868,0,0.004807692307692291,0.014634146341463428,0.027568922305764243,-0.004987531172069737,5.025125628140703,10.582010582010582,7.731958762886593,8.290155440414493,4.023688020637926,3.9507673813431614,3.937942152202794,4.1814145896923165,000100.SZ
2023-07-11,4.2,-0.22030064151823114,1,0.004784688995215447,0.004807692307692291,0.014634146341463428,0.027568922305764243,4.738154613466339,11.70212765957448,6.598984771573613,7.692307692307709,4.055744744158303,3.974503821215241,3.9482189305477826,4.181599519148115,000100.SZ
2023-07-12,4.19,0.10013952870304754,2,-0.0023809523809523725,0.004784688995215447,0.004807692307692291,0.014634146341463428,5.012531328320802,9.114583333333348,7.161125319693107,8.268733850129205,4.080154790674975,3.995027266813789,3.9577005411145367,4.1816831060222635,000100.SZ
2023-07-13,4.25,0.036256756620733466,3,0.014319809069212264,-0.0023809523809523725,0.004784688995215447,0.004807692307692291,3.658536585365857,10.389610389610393,8.974358974358987,10.677083333333348,4.111035737824979,4.019310384260095,3.969163264992398,4.182362876111594,000100.SZ
2023-07-14,4.48,1.71471311037504,4,0.054117647058823604,0.014319809069212264,-0.0023809523809523725,0.004784688995215447,7.692307692307709,13.705583756345185,17.58530183727036,16.36363636363638,4.178120149129528,4.0631855857591335,3.989196078129951,4.185324439533369,000100.SZ
2023-07-17,4.47,-0.21757067665675522,0,-0.0022321428571430157,0.054117647058823604,0.014319809069212264,-0.0023809523809523725,6.937799043062198,12.311557788944727,18.253968253968257,15.2061855670103,4.231189212924159,4.101929815686835,4.008051133889561,4.1881570321748285,000100.SZ
2023-07-18,4.42,-0.39550740610323276,1,-0.01118568232662187,-0.0022321428571430157,0.054117647058823604,0.014319809069212264,5.238095238095242,10.224438902743138,17.553191489361698,12.182741116751261,4.265518446937948,4.132222214192851,4.024205991384088,4.190463927377069,000100.SZ
2023-07-19,4.4,-0.45645875099292654,2,-0.004524886877827927,-0.01118568232662187,-0.0022321428571430157,0.054117647058823604,5.011933174224348,10.275689223057638,14.583333333333348,12.53196930946292,4.289969638403775,4.157724860460198,4.038943011329811,4.192548863423068,000100.SZ
2023-07-20,4.32,0.09085847901124589,3,-0.018181818181818188,-0.004524886877827927,-0.01118568232662187,-0.0022321428571430157,1.6470588235294237,5.365853658536612,12.207792207792224,10.769230769230775,4.295429704148543,4.173179635654465,4.049964854022759,4.193817033936271,000100.SZ
2023-07-21,4.26,0.8418648565887517,4,-0.01388888888888895,-0.018181818181818188,-0.004524886877827927,-0.01118568232662187,-4.910714285714302,2.4038461538461453,8.121827411167516,11.811023622047244,4.288987939757899,4.181448241782611,4.058201526414024,4.194475570912029,000100.SZ
2023-07-24,4.26,-0.5664528463957661,0,0.0,-0.01388888888888895,-0.018181818181818188,-0.004524886877827927,-4.697986577181212,1.9138755980861344,7.035175879396971,12.698412698412698,4.283717405256462,4.188929361612839,4.066115192044847,4.195127555281064,000100.SZ
2023-07-25,4.26,0.922682389032691,1,0.0,0.0,-0.01388888888888895,-0.018181818181818188,-3.6199095022624417,1.4285714285714235,6.234413965087282,13.297872340425542,4.279405149755287,4.195697993840188,4.07371851784701,4.1957730522434415,000100.SZ
2023-07-26,4.22,-0.01747650270499357,2,-0.009389671361502372,0.0,0.0,-0.01388888888888895,-4.090909090909101,0.7159904534606021,5.764411027568905,9.895833333333325,4.268604213436143,4.1980124706173125,4.079455046558892,4.196014116400224,000100.SZ
2023-07-27,4.21,-0.3510445741351602,3,-0.0023696682464454666,-0.009389671361502372,0.0,0.0,-2.546296296296302,-0.9411764705882342,2.682926829268295,9.350649350649354,4.2579489019022985,4.19915414008233,4.0845744564977595,4.196153279421117,000100.SZ
2023-07-28,4.28,0.4770481974819487,4,0.016627078384798155,-0.0023696682464454666,-0.009389671361502372,0.0,0.46948356807512415,-4.464285714285721,2.8846153846153966,8.629441624365498,4.261958192465516,4.2068537457887745,4.092238203301769,4.19698757514827,000100.SZ
2023-07-31,4.29,-0.18592051390653674,0,0.002336448598130758,0.016627078384798155,-0.0023696682464454666,-0.009389671361502372,0.7042253521126751,-4.026845637583887,2.6315789473684292,7.788944723618085,4.2670567029263315,4.214772436666034,4.099993567878171,4.197913071912964,000100.SZ
2023-08-01,4.29,-0.3516009451754861,1,0.0,0.002336448598130758,0.016627078384798155,-0.0023696682464454666,0.7042253521126751,-2.941176470588236,2.1428571428571352,6.982543640897765,4.27122821148518,4.221936966507364,4.107444800510399,4.198829359754627,000100.SZ
2023-08-02,4.29,-0.12293547308592456,2,0.0,0.0,0.002336448598130758,0.016627078384798155,1.65876777251186,-2.500000000000002,2.386634844868718,7.5187969924811915,4.27464126394242,4.228419160173329,4.114603827941364,4.199736530304333,000100.SZ
2023-08-03,4.3,-0.008786642778180198,3,0.002331002331002363,0.0,0.0,0.002336448598130758,2.13776722090262,-0.4629629629629761,1.17647058823529,4.878048780487809,4.279251943225616,4.235236383013965,4.121874266061311,4.200734176768966,000100.SZ
2023-08-04,4.27,0.5942890106720509,4,-0.006976744186046546,0.002331002331002363,0.0,0.0,-0.23364485981309802,0.23474178403755097,-4.687500000000022,2.6442307692307487,4.277569771730049,4.2385472036793015,4.127683118372632,4.20142338894042,000100.SZ
2023-08-07,4.22,-0.20632967881222042,0,-0.011709601873536313,-0.006976744186046546,0.002331002331002363,0.0,-1.631701631701643,-0.9389671361502372,-5.592841163310958,0.9569377990430672,4.267102540506404,4.236780803328892,4.131303388240371,4.201608230841511,000100.SZ
2023-08-08,4.15,0.21681052823536584,1,-0.016587677725118377,-0.011709601873536313,-0.006976744186046546,0.002331002331002363,-3.263403263403253,-2.5821596244131273,-6.108597285067862,-1.1904761904761862,4.245811169505239,4.228515964916617,4.132036588701533,4.201094716106769,000100.SZ
2023-08-09,4.05,0.03936506350613822,2,-0.024096385542168752,-0.016587677725118377,-0.011709601873536313,-0.006976744186046546,-5.594405594405605,-4.028436018957349,-7.954545454545469,-3.341288782816243,4.210209138686104,4.211514444448367,4.128819467575983,4.199591286095757,000100.SZ
2023-08-10,4.07,-0.352666931016666,3,0.004938271604938427,-0.024096385542168752,-0.016587677725118377,-0.011709601873536313,-5.3488372093023155,-3.325415676959609,-5.7870370370370345,-4.235294117647048,4.1847165680159035,4.198036878310427,4.1265128217886895,4.198301820562466,000100.SZ
2023-08-11,3.9,0.6573237057524177,4,-0.04176904176904184,0.004938271604938427,-0.024096385542168752,-0.016587677725118377,-8.66510538641685,-8.878504672897202,-8.450704225352112,-12.94642857142858,4.132949919285739,4.169652413709434,4.11762996603227,4.195333643243436,000100.SZ
2023-08-14,3.99,0.04370274962199705,0,0.023076923076923217,-0.04176904176904184,0.004938271604938427,-0.024096385542168752,-5.450236966824629,-6.99300699300699,-6.338028169014076,-10.738255033557042,4.10695902487015,4.152542660022822,4.112624869325122,4.193290522415143,000100.SZ
2023-08-15,4.03,-0.31678238380890045,1,0.010025062656641603,0.023076923076923217,-0.04176904176904184,0.004938271604938427,-2.8915662650602414,-6.060606060606055,-5.399061032863839,-8.823529411764696,4.092966474893759,4.140871930496838,4.109384678371196,4.19166574109758,000100.SZ
2023-08-16,3.97,-0.22705640284605833,2,-0.01488833746898266,0.010025062656641603,0.023076923076923217,-0.04176904176904184,-1.975308641975304,-7.459207459207451,-5.924170616113733,-9.772727272727277,4.070608934003984,4.124598413306663,4.103918612552718,4.189460111832928,000100.SZ
2023-08-17,3.95,0.004084452663022375,3,-0.005037783375314908,-0.01488833746898266,0.010025062656641603,0.023076923076923217,-2.9484029484029506,-8.139534883720923,-6.175771971496435,-8.564814814814813,4.048680036912351,4.107969992991743,4.097882588531043,4.187077424152999,000100.SZ
2023-08-18,3.86,0.09394479073909157,4,-0.0227848101265824,-0.005037783375314908,-0.01488833746898266,0.010025062656641603,-1.025641025641022,-9.601873536299754,-9.81308411214954,-9.38967136150235,4.01437457565556,4.084353803183006,4.088553859569041,4.183822922420134,000100.SZ
2023-08-21,3.84,-0.23914973914973914,0,-0.005181347150259086,-0.0227848101265824,-0.005037783375314908,-0.01488833746898266,-3.759398496240607,-9.004739336492884,-10.48951048951049,-9.859154929577462,3.9826701073545485,4.061082012403672,4.078806649389863,4.180401798813964,000100.SZ
2023-08-22,3.96,1.0606171128455761,1,0.03125,-0.005181347150259086,-0.0227848101265824,-0.005037783375314908,-1.7369727047146455,-4.578313253012056,-7.692307692307699,-7.042253521126762,3.9785482696537215,4.0514551540795125,4.0741475651000645,4.178208746089448,000100.SZ
2023-08-23,3.81,-0.14419389476913647,2,-0.037878787878787845,0.03125,-0.005181347150259086,-0.0227848101265824,-4.030226700251893,-5.925925925925924,-11.188811188811187,-9.715639810426534,3.947903129716681,4.028459425119559,4.063788837056925,4.174544977471643,000100.SZ
2023-08-24,3.85,-0.14664883422725328,3,0.01049868766404205,-0.037878787878787845,0.03125,-0.005181347150259086,-2.5316455696202556,-5.405405405405405,-10.465116279069765,-8.551068883610446,3.9301025606772844,4.011463289393887,4.055404961093909,4.171315674213219,000100.SZ
2023-08-25,3.81,-0.2633662406488826,4,-0.010389610389610393,0.01049868766404205,-0.037878787878787845,0.03125,-1.2953367875647603,-2.3076923076922995,-10.772833723653385,-10.981308411214952,3.9082657314632328,3.992276309451612,4.045781237129441,4.167720493375278,000100.SZ
2023-08-28,3.8,0.9805224715404357,0,-0.002624671916010568,-0.010389610389610393,0.01049868766404205,-0.037878787878787845,-1.041666666666663,-4.761904761904767,-9.952606635071092,-11.421911421911425,3.888581053015372,3.97396427998003,4.036142757242012,4.164061582993434,000100.SZ
2023-08-29,3.94,0.07115644450351066,1,0.03684210526315801,-0.002624671916010568,-0.010389610389610393,0.01049868766404205,-0.5050505050505083,-2.2332506203474045,-5.060240963855433,-8.158508158508159,3.897929952467122,3.9707295866485985,4.0323724530364435,4.161832114505938,000100.SZ
2023-08-30,4.06,0.308419235103754,2,0.030456852791878042,0.03684210526315801,-0.002624671916010568,-0.010389610389610393,6.5616797900262425,2.26700251889167,0.24691358024691024,-5.3613053613053685,3.9273972338367362,3.9792315307773034,4.033455886250701,4.160818859635231,000100.SZ
2023-08-31,4.1,-0.23304806833716585,3,0.009852216748768461,0.030456852791878042,0.03684210526315801,-0.002624671916010568,6.493506493506485,3.7974683544303556,0.7371007371007154,-4.651162790697683,3.9587795549573297,3.9907332897508936,4.036065459338909,4.160213696852791,000100.SZ
2023-09-01,4.13,-0.4279753134755865,4,0.007317073170731714,0.009852216748768461,0.030456852791878042,0.03684210526315801,8.398950131233596,6.994818652849744,5.897435897435899,-3.2786885245901565,3.989910544965088,4.003996785965094,4.039749166815814,4.159913063053262,000100.SZ
2023-09-04,4.21,1.0522523820674001,0,0.01937046004842613,0.007317073170731714,0.009852216748768461,0.030456852791878042,10.789473684210527,9.635416666666675,5.513784461152871,-0.23696682464454666,4.02992680951689,4.023616139682703,4.046425670077939,4.160411440535319,000100.SZ
2023-09-05,4.24,-0.3797207277578354,1,0.0071258907363420665,0.01937046004842613,0.007317073170731714,0.009852216748768461,7.614213197969555,7.070707070707072,5.210918114143914,2.168674698795181,4.068121935059273,4.044224126379588,4.054016820270961,4.161203366500142,000100.SZ
2023-09-06,4.14,0.5578006055975324,2,-0.02358490566037752,0.0071258907363420665,0.01937046004842613,0.007317073170731714,1.9704433497536922,8.66141732283463,4.282115869017611,2.2222222222222143,4.081190674139405,4.053345638152961,4.0573887096721,4.160992387728996,000100.SZ
2023-09-07,4.04,-0.2147671123383229,3,-0.02415458937198056,-0.02358490566037752,0.0071258907363420665,0.01937046004842613,-1.4634146341463317,4.935064935064926,2.278481012658218,-0.7371007371007376,4.073701460659513,4.052074624995536,4.056706799488881,4.159788483373484,000100.SZ
2023-09-08,4.04,-0.3479427652658731,4,0.0,-0.02415458937198056,-0.02358490566037752,0.0071258907363420665,-2.1791767554479424,6.036745406824151,4.663212435233155,3.589743589743599,4.067573922357783,4.050924660710248,4.056051630881473,4.158596558165788,000100.SZ
2023-09-11,4.04,0.28394032392542257,0,0.0,0.0,-0.02415458937198056,-0.02358490566037752,-4.038004750593826,6.315789473684208,5.208333333333348,1.2531328320801949,4.062560481929095,4.049884216833081,4.055422155160631,4.157416492910408,000100.SZ
2023-09-12,4.09,0.09686778949113672,1,0.012376237623762387,0.0,0.0,-0.02415458937198056,-3.5377358490566113,3.8071065989847774,3.2828282828282873,1.4888337468982549,4.067549485214714,4.053704767610883,4.0567781490759005,4.156745682035678,000100.SZ
2023-09-13,4.01,-0.11938832065299543,2,-0.019559902200488977,0.012376237623762387,0.0,0.0,-3.1400966183574908,-1.231527093596052,5.249343832020981,1.0075566750629594,4.057085942448403,4.049542408790799,4.054943711857238,4.155285525995522,000100.SZ
2023-09-14,3.98,-0.2539979974252611,3,-0.007481296758104716,-0.019559902200488977,0.012376237623762387,0.0,-1.4851485148514865,-2.9268292682926744,3.3766233766233666,0.75949367088608,4.043070316548693,4.042919322239294,4.052004742764797,4.153541391408502,000100.SZ
2023-09-15,3.99,0.00013422046670386045,4,0.002512562814070307,-0.007481296758104716,-0.019559902200488977,0.012376237623762387,-1.2376237623762387,-3.3898305084745672,4.7244094488189115,3.3678756476684057,4.033421168085294,4.0378793867879335,4.049573184225001,4.151914113882049,000100.SZ
2023-09-18,3.98,-0.12296779141104297,0,-0.0025062656641604564,0.002512562814070307,-0.007481296758104716,-0.019559902200488977,-1.4851485148514865,-5.463182897862229,4.736842105263173,3.645833333333326,4.0237082284334225,4.032367064236702,4.046844824059315,4.150203525684217,000100.SZ
2023-09-19,3.99,0.07965723779128231,1,0.002512562814070307,-0.0025062656641604564,0.002512562814070307,-0.007481296758104716,-2.4449877750611138,-5.8962264150943415,1.2690355329949332,0.7575757575757569,4.0175794596273455,4.028332105737968,4.044615615272676,4.148609460752036,000100.SZ
2023-09-20,3.96,0.2051224944320713,2,-0.007518796992481258,0.002512562814070307,-0.0025062656641604564,0.002512562814070307,-1.2468827930174564,-4.347826086956519,-2.463054187192115,3.937007874015741,4.007110466967828,4.021824286143876,4.041297355850218,4.146732749699778,000100.SZ
2023-09-21,3.93,0.15485290905730742,3,-0.007575757575757569,-0.007518796992481258,0.002512562814070307,-0.0025062656641604564,-1.2562814070351758,-2.722772277227725,-4.146341463414627,2.0779220779220786,3.9930903820645867,4.013079116034936,4.036932753660014,4.144576204926646,000100.SZ
2023-09-22,4.03,0.03719922022753064,4,0.025445292620865256,-0.007575757575757569,-0.007518796992481258,0.002512562814070307,1.0025062656641603,-0.24752475247524774,-2.4213075060532607,5.774278215223094,3.999801221689207,4.014690628793513,4.036660880967464,4.143436143186083,000100.SZ
2023-09-25,3.97,-0.18194824321481173,0,-0.01488833746898266,0.025445292620865256,-0.007575757575757569,-0.007518796992481258,-0.2512562814070307,-1.7326732673267342,-5.700712589073631,4.473684210526319,3.9943828177457146,4.010434378432226,4.034046728772661,4.141710410418063,000100.SZ
2023-09-26,3.95,-0.0664060490715499,1,-0.005037783375314908,-0.01488833746898266,0.025445292620865256,-0.007575757575757569,-1.0025062656641603,-3.422982885085568,-6.839622641509435,0.2538071065989911,3.986313214519221,4.004678723343442,4.030750778624713,4.139802844145247,000100.SZ
2023-09-27,3.99,0.06835629017447209,2,0.010126582278481067,-0.005037783375314908,-0.01488833746898266,0.025445292620865256,0.7575757575757569,-0.4987531172069737,-3.6231884057970842,-1.724137931034464,3.98698353915209,4.003280749691686,4.029152708874725,4.138312268581612,000100.SZ
2023-09-28,4.08,0.3899126727635287,3,0.022556390977443552,0.010126582278481067,-0.005037783375314908,-0.01488833746898266,3.8167938931297662,2.5125628140703515,0.990099009900991,-0.4878048780487698,4.003895622942619,4.010587344959144,4.031146720291402,4.137732047003685,000100.SZ
2023-10-09,4.09,0.016263883048457828,0,0.002450980392156854,0.022556390977443552,0.010126582278481067,-0.005037783375314908,1.4888337468982549,2.5062656641603898,1.2376237623762387,-0.9685230024213065,4.019550964225779,4.018150454963036,4.033454692044681,4.137257101262355,000100.SZ
2023-10-10,4.09,-0.4581776582409425,1,0.0,0.002450980392156854,0.022556390977443552,0.010126582278481067,3.0226700251889005,2.7638190954773822,1.2376237623762387,-2.8503562945368155,4.032359879821092,4.02499326877608,4.035672155101753,4.1367868813492965,000100.SZ
2023-10-11,4.11,0.26210103097414694,2,0.004889975550122383,0.0,0.002450980392156854,0.022556390977443552,4.0506329113924044,3.007518796992481,0.4889975550122383,-3.0660377358490587,4.046476265308166,4.033089147940263,4.038586972548743,4.136520345216468,000100.SZ
2023-10-12,4.14,-0.07837693539775759,3,0.007299270072992581,0.004889975550122383,0.0,0.002450980392156854,3.7593984962405846,4.545454545454541,3.2418952618453734,0.0,4.063480580706681,4.043271133850714,4.04256395401742,4.136554968647149,000100.SZ
2023-10-13,4.18,0.9991503495153129,4,0.009661835748792313,0.007299270072992581,0.004889975550122383,0.0,2.450980392156854,6.36132315521627,5.025125628140703,3.4653465346534684,4.084665929669103,4.056292930626837,4.047953602879482,4.136987257516332,000100.SZ
2023-10-16,4.04,-0.19960783556139405,0,-0.03349282296650713,0.009661835748792313,0.007299270072992581,0.004889975550122383,-1.2224938875305624,0.2481389578163684,1.2531328320801949,0.0,4.076544851547448,4.054741222948091,4.047641696884209,4.136022210177861,000100.SZ
