2026-04-20 21:33: Experiment log path in: ./saved_models/DJIA/
2026-04-20 21:33: Train Epoch 1: 0/37 Loss: 0.719824
2026-04-20 21:33: Train Epoch 1: 20/37 Loss: 0.050987
2026-04-20 21:33: **********Train Epoch 1: averaged Loss: 0.120156
2026-04-20 21:33: **********Val Epoch 1: average Loss: 0.046386
2026-04-20 21:33: *********************************Current best model saved!
2026-04-20 21:33: Train Epoch 2: 0/37 Loss: 0.640783
2026-04-20 21:33: Train Epoch 2: 20/37 Loss: 0.279183
2026-04-20 21:33: **********Train Epoch 2: averaged Loss: 0.228186
2026-04-20 21:33: **********Val Epoch 2: average Loss: 0.093361
2026-04-20 21:33: Train Epoch 3: 0/37 Loss: 0.638629
2026-04-20 21:33: Train Epoch 3: 20/37 Loss: 0.346731
2026-04-20 21:33: **********Train Epoch 3: averaged Loss: 0.251424
2026-04-20 21:33: **********Val Epoch 3: average Loss: 0.066211
2026-04-20 21:33: Train Epoch 4: 0/37 Loss: 0.661368
2026-04-20 21:33: Train Epoch 4: 20/37 Loss: 0.206852
2026-04-20 21:33: **********Train Epoch 4: averaged Loss: 0.286957
2026-04-20 21:33: **********Val Epoch 4: average Loss: 0.055533
2026-04-20 21:33: Train Epoch 5: 0/37 Loss: 0.586000
2026-04-20 21:33: Train Epoch 5: 20/37 Loss: 0.215901
2026-04-20 21:33: **********Train Epoch 5: averaged Loss: 0.293967
2026-04-20 21:33: **********Val Epoch 5: average Loss: 0.033442
2026-04-20 21:33: *********************************Current best model saved!
2026-04-20 21:33: Train Epoch 6: 0/37 Loss: 0.550992
2026-04-20 21:33: Train Epoch 6: 20/37 Loss: 0.170471
2026-04-20 21:33: **********Train Epoch 6: averaged Loss: 0.255344
2026-04-20 21:33: **********Val Epoch 6: average Loss: 0.093517
2026-04-20 21:33: Train Epoch 7: 0/37 Loss: 0.649587
2026-04-20 21:33: Train Epoch 7: 20/37 Loss: 0.230710
2026-04-20 21:33: **********Train Epoch 7: averaged Loss: 0.271250
2026-04-20 21:33: **********Val Epoch 7: average Loss: 0.045059
2026-04-20 21:33: Train Epoch 8: 0/37 Loss: 0.463653
2026-04-20 21:33: Train Epoch 8: 20/37 Loss: 0.148257
2026-04-20 21:33: **********Train Epoch 8: averaged Loss: 0.270891
2026-04-20 21:33: **********Val Epoch 8: average Loss: 0.049908
2026-04-20 21:33: Train Epoch 9: 0/37 Loss: 0.433123
2026-04-20 21:33: Train Epoch 9: 20/37 Loss: 0.168628
2026-04-20 21:33: **********Train Epoch 9: averaged Loss: 0.249068
2026-04-20 21:33: **********Val Epoch 9: average Loss: 0.057504
2026-04-20 21:33: Train Epoch 10: 0/37 Loss: 0.399244
2026-04-20 21:33: Train Epoch 10: 20/37 Loss: 0.141798
2026-04-20 21:33: **********Train Epoch 10: averaged Loss: 0.207027
2026-04-20 21:33: **********Val Epoch 10: average Loss: 0.038023
2026-04-20 21:33: Train Epoch 11: 0/37 Loss: 0.385098
2026-04-20 21:33: Train Epoch 11: 20/37 Loss: 0.179063
2026-04-20 21:33: **********Train Epoch 11: averaged Loss: 0.219663
2026-04-20 21:33: **********Val Epoch 11: average Loss: 0.071059
2026-04-20 21:33: Train Epoch 12: 0/37 Loss: 0.369539
2026-04-20 21:33: Train Epoch 12: 20/37 Loss: 0.201512
2026-04-20 21:33: **********Train Epoch 12: averaged Loss: 0.168794
2026-04-20 21:33: **********Val Epoch 12: average Loss: 0.065409
2026-04-20 21:33: Train Epoch 13: 0/37 Loss: 0.333265
2026-04-20 21:33: Train Epoch 13: 20/37 Loss: 0.135297
2026-04-20 21:33: **********Train Epoch 13: averaged Loss: 0.121891
2026-04-20 21:33: **********Val Epoch 13: average Loss: 0.035094
2026-04-20 21:33: Train Epoch 14: 0/37 Loss: 0.309812
2026-04-20 21:33: Train Epoch 14: 20/37 Loss: 0.054619
2026-04-20 21:33: **********Train Epoch 14: averaged Loss: 0.109532
2026-04-20 21:33: **********Val Epoch 14: average Loss: 0.041161
2026-04-20 21:33: Train Epoch 15: 0/37 Loss: 0.298879
2026-04-20 21:33: Train Epoch 15: 20/37 Loss: 0.133789
2026-04-20 21:33: **********Train Epoch 15: averaged Loss: 0.120595
2026-04-20 21:33: **********Val Epoch 15: average Loss: 0.048146
2026-04-20 21:33: Train Epoch 16: 0/37 Loss: 0.330885
2026-04-20 21:33: Train Epoch 16: 20/37 Loss: 0.061345
2026-04-20 21:33: **********Train Epoch 16: averaged Loss: 0.093352
2026-04-20 21:33: **********Val Epoch 16: average Loss: 0.015131
2026-04-20 21:33: *********************************Current best model saved!
2026-04-20 21:33: Train Epoch 17: 0/37 Loss: 0.217275
2026-04-20 21:33: Train Epoch 17: 20/37 Loss: 0.010850
2026-04-20 21:33: **********Train Epoch 17: averaged Loss: 0.070680
2026-04-20 21:33: **********Val Epoch 17: average Loss: 0.057350
2026-04-20 21:33: Train Epoch 18: 0/37 Loss: 0.182257
2026-04-20 21:33: Train Epoch 18: 20/37 Loss: 0.028858
2026-04-20 21:33: **********Train Epoch 18: averaged Loss: 0.080629
2026-04-20 21:33: **********Val Epoch 18: average Loss: 0.047533
2026-04-20 21:33: Train Epoch 19: 0/37 Loss: 0.003796
2026-04-20 21:34: Train Epoch 19: 20/37 Loss: 0.029556
2026-04-20 21:34: **********Train Epoch 19: averaged Loss: 0.028459
2026-04-20 21:34: **********Val Epoch 19: average Loss: 0.025341
2026-04-20 21:34: Train Epoch 20: 0/37 Loss: 0.005777
2026-04-20 21:34: Train Epoch 20: 20/37 Loss: 0.060603
2026-04-20 21:34: **********Train Epoch 20: averaged Loss: 0.029605
2026-04-20 21:34: **********Val Epoch 20: average Loss: 0.043371
2026-04-20 21:34: Train Epoch 21: 0/37 Loss: 0.005871
2026-04-20 21:34: Train Epoch 21: 20/37 Loss: 0.025818
2026-04-20 21:34: **********Train Epoch 21: averaged Loss: 0.030874
2026-04-20 21:34: **********Val Epoch 21: average Loss: 0.030204
2026-04-20 21:34: Train Epoch 22: 0/37 Loss: 0.062768
2026-04-20 21:34: Train Epoch 22: 20/37 Loss: 0.045297
2026-04-20 21:34: **********Train Epoch 22: averaged Loss: 0.032780
2026-04-20 21:34: **********Val Epoch 22: average Loss: 0.095460
2026-04-20 21:34: Train Epoch 23: 0/37 Loss: 0.048595
2026-04-20 21:34: Train Epoch 23: 20/37 Loss: 0.007320
2026-04-20 21:34: **********Train Epoch 23: averaged Loss: 0.033801
2026-04-20 21:34: **********Val Epoch 23: average Loss: 0.030389
2026-04-20 21:34: Train Epoch 24: 0/37 Loss: 0.016559
2026-04-20 21:34: Train Epoch 24: 20/37 Loss: 0.014715
2026-04-20 21:34: **********Train Epoch 24: averaged Loss: 0.031168
2026-04-20 21:34: **********Val Epoch 24: average Loss: 0.054660
2026-04-20 21:34: Train Epoch 25: 0/37 Loss: 0.033324
2026-04-20 21:34: Train Epoch 25: 20/37 Loss: 0.007323
2026-04-20 21:34: **********Train Epoch 25: averaged Loss: 0.028772
2026-04-20 21:34: **********Val Epoch 25: average Loss: 0.097453
2026-04-20 21:34: Train Epoch 26: 0/37 Loss: 0.103626
2026-04-20 21:34: Train Epoch 26: 20/37 Loss: 0.018408
2026-04-20 21:34: **********Train Epoch 26: averaged Loss: 0.040150
2026-04-20 21:34: **********Val Epoch 26: average Loss: 0.021677
2026-04-20 21:34: Train Epoch 27: 0/37 Loss: 0.003790
2026-04-20 21:34: Train Epoch 27: 20/37 Loss: 0.025888
2026-04-20 21:34: **********Train Epoch 27: averaged Loss: 0.024229
2026-04-20 21:34: **********Val Epoch 27: average Loss: 0.031498
2026-04-20 21:34: Train Epoch 28: 0/37 Loss: 0.037494
2026-04-20 21:34: Train Epoch 28: 20/37 Loss: 0.047581
2026-04-20 21:34: **********Train Epoch 28: averaged Loss: 0.028773
2026-04-20 21:34: **********Val Epoch 28: average Loss: 0.054170
2026-04-20 21:34: Train Epoch 29: 0/37 Loss: 0.032329
2026-04-20 21:34: Train Epoch 29: 20/37 Loss: 0.024617
2026-04-20 21:34: **********Train Epoch 29: averaged Loss: 0.024690
2026-04-20 21:34: **********Val Epoch 29: average Loss: 0.061794
2026-04-20 21:34: Train Epoch 30: 0/37 Loss: 0.026431
2026-04-20 21:34: Train Epoch 30: 20/37 Loss: 0.013245
2026-04-20 21:34: **********Train Epoch 30: averaged Loss: 0.028091
2026-04-20 21:34: **********Val Epoch 30: average Loss: 0.047310
2026-04-20 21:34: Train Epoch 31: 0/37 Loss: 0.114322
2026-04-20 21:34: Train Epoch 31: 20/37 Loss: 0.028130
2026-04-20 21:34: **********Train Epoch 31: averaged Loss: 0.045076
2026-04-20 21:34: **********Val Epoch 31: average Loss: 0.082113
2026-04-20 21:34: Train Epoch 32: 0/37 Loss: 0.180245
2026-04-20 21:34: Train Epoch 32: 20/37 Loss: 0.044276
2026-04-20 21:34: **********Train Epoch 32: averaged Loss: 0.068149
2026-04-20 21:34: **********Val Epoch 32: average Loss: 0.085433
2026-04-20 21:34: Train Epoch 33: 0/37 Loss: 0.232951
2026-04-20 21:34: Train Epoch 33: 20/37 Loss: 0.060728
2026-04-20 21:34: **********Train Epoch 33: averaged Loss: 0.078041
2026-04-20 21:34: **********Val Epoch 33: average Loss: 0.013468
2026-04-20 21:34: *********************************Current best model saved!
2026-04-20 21:34: Train Epoch 34: 0/37 Loss: 0.032557
2026-04-20 21:34: Train Epoch 34: 20/37 Loss: 0.026741
2026-04-20 21:34: **********Train Epoch 34: averaged Loss: 0.033203
2026-04-20 21:34: **********Val Epoch 34: average Loss: 0.016297
2026-04-20 21:34: Train Epoch 35: 0/37 Loss: 0.106088
2026-04-20 21:34: Train Epoch 35: 20/37 Loss: 0.026473
2026-04-20 21:34: **********Train Epoch 35: averaged Loss: 0.035239
2026-04-20 21:34: **********Val Epoch 35: average Loss: 0.053954
2026-04-20 21:34: Train Epoch 36: 0/37 Loss: 0.133899
2026-04-20 21:34: Train Epoch 36: 20/37 Loss: 0.007177
2026-04-20 21:34: **********Train Epoch 36: averaged Loss: 0.043683
2026-04-20 21:34: **********Val Epoch 36: average Loss: 0.035979
2026-04-20 21:34: Train Epoch 37: 0/37 Loss: 0.131999
2026-04-20 21:34: Train Epoch 37: 20/37 Loss: 0.016950
2026-04-20 21:34: **********Train Epoch 37: averaged Loss: 0.039463
2026-04-20 21:34: **********Val Epoch 37: average Loss: 0.030092
2026-04-20 21:34: Train Epoch 38: 0/37 Loss: 0.004877
2026-04-20 21:34: Train Epoch 38: 20/37 Loss: 0.025552
2026-04-20 21:34: **********Train Epoch 38: averaged Loss: 0.029016
2026-04-20 21:34: **********Val Epoch 38: average Loss: 0.016511
2026-04-20 21:34: Train Epoch 39: 0/37 Loss: 0.023332
2026-04-20 21:34: Train Epoch 39: 20/37 Loss: 0.036431
2026-04-20 21:34: **********Train Epoch 39: averaged Loss: 0.040385
2026-04-20 21:34: **********Val Epoch 39: average Loss: 0.055514
2026-04-20 21:34: Train Epoch 40: 0/37 Loss: 0.090670
2026-04-20 21:34: Train Epoch 40: 20/37 Loss: 0.038806
2026-04-20 21:34: **********Train Epoch 40: averaged Loss: 0.046786
2026-04-20 21:34: **********Val Epoch 40: average Loss: 0.010919
2026-04-20 21:34: *********************************Current best model saved!
2026-04-20 21:34: Train Epoch 41: 0/37 Loss: 0.119013
2026-04-20 21:34: Train Epoch 41: 20/37 Loss: 0.045319
2026-04-20 21:34: **********Train Epoch 41: averaged Loss: 0.033114
2026-04-20 21:34: **********Val Epoch 41: average Loss: 0.046699
2026-04-20 21:34: Train Epoch 42: 0/37 Loss: 0.051835
2026-04-20 21:34: Train Epoch 42: 20/37 Loss: 0.007598
2026-04-20 21:34: **********Train Epoch 42: averaged Loss: 0.027174
2026-04-20 21:34: **********Val Epoch 42: average Loss: 0.014182
2026-04-20 21:34: Train Epoch 43: 0/37 Loss: 0.043586
2026-04-20 21:34: Train Epoch 43: 20/37 Loss: 0.008879
2026-04-20 21:34: **********Train Epoch 43: averaged Loss: 0.026088
2026-04-20 21:34: **********Val Epoch 43: average Loss: 0.054510
2026-04-20 21:34: Train Epoch 44: 0/37 Loss: 0.111747
2026-04-20 21:34: Train Epoch 44: 20/37 Loss: 0.051911
2026-04-20 21:34: **********Train Epoch 44: averaged Loss: 0.043213
2026-04-20 21:34: **********Val Epoch 44: average Loss: 0.061119
2026-04-20 21:34: Train Epoch 45: 0/37 Loss: 0.116401
2026-04-20 21:34: Train Epoch 45: 20/37 Loss: 0.021778
2026-04-20 21:34: **********Train Epoch 45: averaged Loss: 0.032305
2026-04-20 21:34: **********Val Epoch 45: average Loss: 0.022744
2026-04-20 21:34: Train Epoch 46: 0/37 Loss: 0.096182
2026-04-20 21:34: Train Epoch 46: 20/37 Loss: 0.015916
2026-04-20 21:34: **********Train Epoch 46: averaged Loss: 0.031107
2026-04-20 21:34: **********Val Epoch 46: average Loss: 0.017915
2026-04-20 21:34: Train Epoch 47: 0/37 Loss: 0.103184
2026-04-20 21:34: Train Epoch 47: 20/37 Loss: 0.021387
2026-04-20 21:35: **********Train Epoch 47: averaged Loss: 0.028988
2026-04-20 21:35: **********Val Epoch 47: average Loss: 0.029115
2026-04-20 21:35: Train Epoch 48: 0/37 Loss: 0.154719
2026-04-20 21:35: Train Epoch 48: 20/37 Loss: 0.010097
2026-04-20 21:35: **********Train Epoch 48: averaged Loss: 0.049776
2026-04-20 21:35: **********Val Epoch 48: average Loss: 0.036239
2026-04-20 21:35: Train Epoch 49: 0/37 Loss: 0.132650
2026-04-20 21:35: Train Epoch 49: 20/37 Loss: 0.008997
2026-04-20 21:35: **********Train Epoch 49: averaged Loss: 0.038861
2026-04-20 21:35: **********Val Epoch 49: average Loss: 0.061221
2026-04-20 21:35: Train Epoch 50: 0/37 Loss: 0.018257
2026-04-20 21:35: Train Epoch 50: 20/37 Loss: 0.028891
2026-04-20 21:35: **********Train Epoch 50: averaged Loss: 0.035853
2026-04-20 21:35: **********Val Epoch 50: average Loss: 0.036595
2026-04-20 21:35: Train Epoch 51: 0/37 Loss: 0.051220
2026-04-20 21:35: Train Epoch 51: 20/37 Loss: 0.006542
2026-04-20 21:35: **********Train Epoch 51: averaged Loss: 0.044565
2026-04-20 21:35: **********Val Epoch 51: average Loss: 0.056440
2026-04-20 21:35: Train Epoch 52: 0/37 Loss: 0.023260
2026-04-20 21:35: Train Epoch 52: 20/37 Loss: 0.041534
2026-04-20 21:35: **********Train Epoch 52: averaged Loss: 0.028395
2026-04-20 21:35: **********Val Epoch 52: average Loss: 0.009384
2026-04-20 21:35: *********************************Current best model saved!
2026-04-20 21:35: Train Epoch 53: 0/37 Loss: 0.122165
2026-04-20 21:35: Train Epoch 53: 20/37 Loss: 0.011592
2026-04-20 21:35: **********Train Epoch 53: averaged Loss: 0.030792
2026-04-20 21:35: **********Val Epoch 53: average Loss: 0.034916
2026-04-20 21:35: Train Epoch 54: 0/37 Loss: 0.102731
2026-04-20 21:35: Train Epoch 54: 20/37 Loss: 0.033523
2026-04-20 21:35: **********Train Epoch 54: averaged Loss: 0.032974
2026-04-20 21:35: **********Val Epoch 54: average Loss: 0.054098
2026-04-20 21:35: Train Epoch 55: 0/37 Loss: 0.126686
2026-04-20 21:35: Train Epoch 55: 20/37 Loss: 0.028762
2026-04-20 21:35: **********Train Epoch 55: averaged Loss: 0.042800
2026-04-20 21:35: **********Val Epoch 55: average Loss: 0.067057
2026-04-20 21:35: Train Epoch 56: 0/37 Loss: 0.133787
2026-04-20 21:35: Train Epoch 56: 20/37 Loss: 0.013707
2026-04-20 21:35: **********Train Epoch 56: averaged Loss: 0.043623
2026-04-20 21:35: **********Val Epoch 56: average Loss: 0.042885
2026-04-20 21:35: Train Epoch 57: 0/37 Loss: 0.099675
2026-04-20 21:35: Train Epoch 57: 20/37 Loss: 0.031641
2026-04-20 21:35: **********Train Epoch 57: averaged Loss: 0.032788
2026-04-20 21:35: **********Val Epoch 57: average Loss: 0.023516
2026-04-20 21:35: Train Epoch 58: 0/37 Loss: 0.099367
2026-04-20 21:35: Train Epoch 58: 20/37 Loss: 0.007915
2026-04-20 21:35: **********Train Epoch 58: averaged Loss: 0.035454
2026-04-20 21:35: **********Val Epoch 58: average Loss: 0.028238
2026-04-20 21:35: Train Epoch 59: 0/37 Loss: 0.165055
2026-04-20 21:35: Train Epoch 59: 20/37 Loss: 0.032191
2026-04-20 21:35: **********Train Epoch 59: averaged Loss: 0.045931
2026-04-20 21:35: **********Val Epoch 59: average Loss: 0.043066
2026-04-20 21:35: Train Epoch 60: 0/37 Loss: 0.201792
2026-04-20 21:35: Train Epoch 60: 20/37 Loss: 0.114466
2026-04-20 21:35: **********Train Epoch 60: averaged Loss: 0.077418
2026-04-20 21:35: **********Val Epoch 60: average Loss: 0.048992
2026-04-20 21:35: Train Epoch 61: 0/37 Loss: 0.129112
2026-04-20 21:35: Train Epoch 61: 20/37 Loss: 0.058562
2026-04-20 21:35: **********Train Epoch 61: averaged Loss: 0.053315
2026-04-20 21:35: **********Val Epoch 61: average Loss: 0.034338
2026-04-20 21:35: Train Epoch 62: 0/37 Loss: 0.232809
2026-04-20 21:35: Train Epoch 62: 20/37 Loss: 0.148152
2026-04-20 21:35: **********Train Epoch 62: averaged Loss: 0.103628
2026-04-20 21:35: **********Val Epoch 62: average Loss: 0.061199
2026-04-20 21:35: Train Epoch 63: 0/37 Loss: 0.188355
2026-04-20 21:35: Train Epoch 63: 20/37 Loss: 0.049938
2026-04-20 21:35: **********Train Epoch 63: averaged Loss: 0.055465
2026-04-20 21:35: **********Val Epoch 63: average Loss: 0.018956
2026-04-20 21:35: Train Epoch 64: 0/37 Loss: 0.155957
2026-04-20 21:35: Train Epoch 64: 20/37 Loss: 0.009044
2026-04-20 21:35: **********Train Epoch 64: averaged Loss: 0.049488
2026-04-20 21:35: **********Val Epoch 64: average Loss: 0.015155
2026-04-20 21:35: Train Epoch 65: 0/37 Loss: 0.054621
2026-04-20 21:35: Train Epoch 65: 20/37 Loss: 0.041750
2026-04-20 21:35: **********Train Epoch 65: averaged Loss: 0.035994
2026-04-20 21:35: **********Val Epoch 65: average Loss: 0.055842
2026-04-20 21:35: Train Epoch 66: 0/37 Loss: 0.010547
2026-04-20 21:35: Train Epoch 66: 20/37 Loss: 0.008788
2026-04-20 21:35: **********Train Epoch 66: averaged Loss: 0.025100
2026-04-20 21:35: **********Val Epoch 66: average Loss: 0.038446
2026-04-20 21:35: Train Epoch 67: 0/37 Loss: 0.048252
2026-04-20 21:35: Train Epoch 67: 20/37 Loss: 0.022730
2026-04-20 21:35: **********Train Epoch 67: averaged Loss: 0.023375
2026-04-20 21:35: **********Val Epoch 67: average Loss: 0.042679
2026-04-20 21:35: Train Epoch 68: 0/37 Loss: 0.004583
2026-04-20 21:35: Train Epoch 68: 20/37 Loss: 0.037306
2026-04-20 21:35: **********Train Epoch 68: averaged Loss: 0.028996
2026-04-20 21:35: **********Val Epoch 68: average Loss: 0.023837
2026-04-20 21:35: Train Epoch 69: 0/37 Loss: 0.016432
2026-04-20 21:35: Train Epoch 69: 20/37 Loss: 0.057414
2026-04-20 21:35: **********Train Epoch 69: averaged Loss: 0.023387
2026-04-20 21:35: **********Val Epoch 69: average Loss: 0.030540
2026-04-20 21:35: Train Epoch 70: 0/37 Loss: 0.030074
2026-04-20 21:35: Train Epoch 70: 20/37 Loss: 0.008489
2026-04-20 21:35: **********Train Epoch 70: averaged Loss: 0.031348
2026-04-20 21:35: **********Val Epoch 70: average Loss: 0.024874
2026-04-20 21:35: Train Epoch 71: 0/37 Loss: 0.074288
2026-04-20 21:35: Train Epoch 71: 20/37 Loss: 0.006820
2026-04-20 21:35: **********Train Epoch 71: averaged Loss: 0.041513
2026-04-20 21:35: **********Val Epoch 71: average Loss: 0.010475
2026-04-20 21:35: Train Epoch 72: 0/37 Loss: 0.045742
2026-04-20 21:35: Train Epoch 72: 20/37 Loss: 0.017354
2026-04-20 21:35: **********Train Epoch 72: averaged Loss: 0.023163
2026-04-20 21:35: **********Val Epoch 72: average Loss: 0.030935
2026-04-20 21:35: Train Epoch 73: 0/37 Loss: 0.028275
2026-04-20 21:35: Train Epoch 73: 20/37 Loss: 0.011192
2026-04-20 21:35: **********Train Epoch 73: averaged Loss: 0.026836
2026-04-20 21:35: **********Val Epoch 73: average Loss: 0.017680
2026-04-20 21:35: Train Epoch 74: 0/37 Loss: 0.019839
2026-04-20 21:35: Train Epoch 74: 20/37 Loss: 0.015672
2026-04-20 21:35: **********Train Epoch 74: averaged Loss: 0.022260
2026-04-20 21:35: **********Val Epoch 74: average Loss: 0.022168
2026-04-20 21:35: Train Epoch 75: 0/37 Loss: 0.034475
2026-04-20 21:35: Train Epoch 75: 20/37 Loss: 0.006850
2026-04-20 21:35: **********Train Epoch 75: averaged Loss: 0.024186
2026-04-20 21:35: **********Val Epoch 75: average Loss: 0.029621
2026-04-20 21:35: Train Epoch 76: 0/37 Loss: 0.014418
2026-04-20 21:36: Train Epoch 76: 20/37 Loss: 0.018958
2026-04-20 21:36: **********Train Epoch 76: averaged Loss: 0.025128
2026-04-20 21:36: **********Val Epoch 76: average Loss: 0.020052
2026-04-20 21:36: Train Epoch 77: 0/37 Loss: 0.073107
2026-04-20 21:36: Train Epoch 77: 20/37 Loss: 0.008475
2026-04-20 21:36: **********Train Epoch 77: averaged Loss: 0.043298
2026-04-20 21:36: **********Val Epoch 77: average Loss: 0.037696
2026-04-20 21:36: Train Epoch 78: 0/37 Loss: 0.025736
2026-04-20 21:36: Train Epoch 78: 20/37 Loss: 0.018754
2026-04-20 21:36: **********Train Epoch 78: averaged Loss: 0.023550
2026-04-20 21:36: **********Val Epoch 78: average Loss: 0.010295
2026-04-20 21:36: Train Epoch 79: 0/37 Loss: 0.100382
2026-04-20 21:36: Train Epoch 79: 20/37 Loss: 0.007927
2026-04-20 21:36: **********Train Epoch 79: averaged Loss: 0.030323
2026-04-20 21:36: **********Val Epoch 79: average Loss: 0.061048
2026-04-20 21:36: Train Epoch 80: 0/37 Loss: 0.135959
2026-04-20 21:36: Train Epoch 80: 20/37 Loss: 0.009653
2026-04-20 21:36: **********Train Epoch 80: averaged Loss: 0.044381
2026-04-20 21:36: **********Val Epoch 80: average Loss: 0.009115
2026-04-20 21:36: *********************************Current best model saved!
2026-04-20 21:36: Train Epoch 81: 0/37 Loss: 0.074285
2026-04-20 21:36: Train Epoch 81: 20/37 Loss: 0.035345
2026-04-20 21:36: **********Train Epoch 81: averaged Loss: 0.031084
2026-04-20 21:36: **********Val Epoch 81: average Loss: 0.017442
2026-04-20 21:36: Train Epoch 82: 0/37 Loss: 0.037578
2026-04-20 21:36: Train Epoch 82: 20/37 Loss: 0.013568
2026-04-20 21:36: **********Train Epoch 82: averaged Loss: 0.028408
2026-04-20 21:36: **********Val Epoch 82: average Loss: 0.044885
2026-04-20 21:36: Train Epoch 83: 0/37 Loss: 0.019382
2026-04-20 21:36: Train Epoch 83: 20/37 Loss: 0.007399
2026-04-20 21:36: **********Train Epoch 83: averaged Loss: 0.030100
2026-04-20 21:36: **********Val Epoch 83: average Loss: 0.051367
2026-04-20 21:36: Train Epoch 84: 0/37 Loss: 0.014801
2026-04-20 21:36: Train Epoch 84: 20/37 Loss: 0.015039
2026-04-20 21:36: **********Train Epoch 84: averaged Loss: 0.025585
2026-04-20 21:36: **********Val Epoch 84: average Loss: 0.016686
2026-04-20 21:36: Train Epoch 85: 0/37 Loss: 0.140959
2026-04-20 21:36: Train Epoch 85: 20/37 Loss: 0.018048
2026-04-20 21:36: **********Train Epoch 85: averaged Loss: 0.054317
2026-04-20 21:36: **********Val Epoch 85: average Loss: 0.055660
2026-04-20 21:36: Train Epoch 86: 0/37 Loss: 0.045314
2026-04-20 21:36: Train Epoch 86: 20/37 Loss: 0.007494
2026-04-20 21:36: **********Train Epoch 86: averaged Loss: 0.032599
2026-04-20 21:36: **********Val Epoch 86: average Loss: 0.021129
2026-04-20 21:36: Train Epoch 87: 0/37 Loss: 0.123022
2026-04-20 21:36: Train Epoch 87: 20/37 Loss: 0.052298
2026-04-20 21:36: **********Train Epoch 87: averaged Loss: 0.056708
2026-04-20 21:36: **********Val Epoch 87: average Loss: 0.061659
2026-04-20 21:36: Train Epoch 88: 0/37 Loss: 0.097042
2026-04-20 21:36: Train Epoch 88: 20/37 Loss: 0.008127
2026-04-20 21:36: **********Train Epoch 88: averaged Loss: 0.028386
2026-04-20 21:36: **********Val Epoch 88: average Loss: 0.029473
2026-04-20 21:36: Train Epoch 89: 0/37 Loss: 0.176281
2026-04-20 21:36: Train Epoch 89: 20/37 Loss: 0.046577
2026-04-20 21:36: **********Train Epoch 89: averaged Loss: 0.055724
2026-04-20 21:36: **********Val Epoch 89: average Loss: 0.018902
2026-04-20 21:36: Train Epoch 90: 0/37 Loss: 0.129020
2026-04-20 21:36: Train Epoch 90: 20/37 Loss: 0.033252
2026-04-20 21:36: **********Train Epoch 90: averaged Loss: 0.043783
2026-04-20 21:36: **********Val Epoch 90: average Loss: 0.015210
2026-04-20 21:36: Train Epoch 91: 0/37 Loss: 0.136216
2026-04-20 21:36: Train Epoch 91: 20/37 Loss: 0.074415
2026-04-20 21:36: **********Train Epoch 91: averaged Loss: 0.061024
2026-04-20 21:36: **********Val Epoch 91: average Loss: 0.037552
2026-04-20 21:36: Train Epoch 92: 0/37 Loss: 0.105642
2026-04-20 21:36: Train Epoch 92: 20/37 Loss: 0.015530
2026-04-20 21:36: **********Train Epoch 92: averaged Loss: 0.033697
2026-04-20 21:36: **********Val Epoch 92: average Loss: 0.025884
2026-04-20 21:36: Train Epoch 93: 0/37 Loss: 0.146433
2026-04-20 21:36: Train Epoch 93: 20/37 Loss: 0.032649
2026-04-20 21:36: **********Train Epoch 93: averaged Loss: 0.045611
2026-04-20 21:36: **********Val Epoch 93: average Loss: 0.024940
2026-04-20 21:36: Train Epoch 94: 0/37 Loss: 0.130744
2026-04-20 21:36: Train Epoch 94: 20/37 Loss: 0.009148
2026-04-20 21:36: **********Train Epoch 94: averaged Loss: 0.044400
2026-04-20 21:36: **********Val Epoch 94: average Loss: 0.014364
2026-04-20 21:36: Train Epoch 95: 0/37 Loss: 0.099493
2026-04-20 21:36: Train Epoch 95: 20/37 Loss: 0.010093
2026-04-20 21:36: **********Train Epoch 95: averaged Loss: 0.033182
2026-04-20 21:36: **********Val Epoch 95: average Loss: 0.030380
2026-04-20 21:36: Train Epoch 96: 0/37 Loss: 0.022516
2026-04-20 21:36: Train Epoch 96: 20/37 Loss: 0.015423
2026-04-20 21:36: **********Train Epoch 96: averaged Loss: 0.026009
2026-04-20 21:36: **********Val Epoch 96: average Loss: 0.030372
2026-04-20 21:36: Train Epoch 97: 0/37 Loss: 0.023554
2026-04-20 21:36: Train Epoch 97: 20/37 Loss: 0.008275
2026-04-20 21:36: **********Train Epoch 97: averaged Loss: 0.032244
2026-04-20 21:36: **********Val Epoch 97: average Loss: 0.078191
2026-04-20 21:36: Train Epoch 98: 0/37 Loss: 0.061879
2026-04-20 21:36: Train Epoch 98: 20/37 Loss: 0.011724
2026-04-20 21:36: **********Train Epoch 98: averaged Loss: 0.038349
2026-04-20 21:36: **********Val Epoch 98: average Loss: 0.010914
2026-04-20 21:36: Train Epoch 99: 0/37 Loss: 0.092066
2026-04-20 21:36: Train Epoch 99: 20/37 Loss: 0.016782
2026-04-20 21:36: **********Train Epoch 99: averaged Loss: 0.031492
2026-04-20 21:36: **********Val Epoch 99: average Loss: 0.038105
2026-04-20 21:36: Train Epoch 100: 0/37 Loss: 0.117005
2026-04-20 21:36: Train Epoch 100: 20/37 Loss: 0.007369
2026-04-20 21:36: **********Train Epoch 100: averaged Loss: 0.040866
2026-04-20 21:36: **********Val Epoch 100: average Loss: 0.021873
2026-04-20 21:36: Train Epoch 101: 0/37 Loss: 0.113524
2026-04-20 21:36: Train Epoch 101: 20/37 Loss: 0.010044
2026-04-20 21:36: **********Train Epoch 101: averaged Loss: 0.038184
2026-04-20 21:36: **********Val Epoch 101: average Loss: 0.035457
2026-04-20 21:36: Train Epoch 102: 0/37 Loss: 0.056398
2026-04-20 21:36: Train Epoch 102: 20/37 Loss: 0.016308
2026-04-20 21:36: **********Train Epoch 102: averaged Loss: 0.037892
2026-04-20 21:36: **********Val Epoch 102: average Loss: 0.083365
2026-04-20 21:36: Train Epoch 103: 0/37 Loss: 0.006375
2026-04-20 21:36: Train Epoch 103: 20/37 Loss: 0.026428
2026-04-20 21:36: **********Train Epoch 103: averaged Loss: 0.029705
2026-04-20 21:36: **********Val Epoch 103: average Loss: 0.013221
2026-04-20 21:36: Train Epoch 104: 0/37 Loss: 0.135571
2026-04-20 21:36: Train Epoch 104: 20/37 Loss: 0.044572
2026-04-20 21:37: **********Train Epoch 104: averaged Loss: 0.048850
2026-04-20 21:37: **********Val Epoch 104: average Loss: 0.021544
2026-04-20 21:37: Train Epoch 105: 0/37 Loss: 0.137376
2026-04-20 21:37: Train Epoch 105: 20/37 Loss: 0.047969
2026-04-20 21:37: **********Train Epoch 105: averaged Loss: 0.050488
2026-04-20 21:37: **********Val Epoch 105: average Loss: 0.011784
2026-04-20 21:37: Train Epoch 106: 0/37 Loss: 0.138143
2026-04-20 21:37: Train Epoch 106: 20/37 Loss: 0.045890
2026-04-20 21:37: **********Train Epoch 106: averaged Loss: 0.047206
2026-04-20 21:37: **********Val Epoch 106: average Loss: 0.011139
2026-04-20 21:37: Train Epoch 107: 0/37 Loss: 0.150309
2026-04-20 21:37: Train Epoch 107: 20/37 Loss: 0.053665
2026-04-20 21:37: **********Train Epoch 107: averaged Loss: 0.048026
2026-04-20 21:37: **********Val Epoch 107: average Loss: 0.019351
2026-04-20 21:37: Train Epoch 108: 0/37 Loss: 0.168072
2026-04-20 21:37: Train Epoch 108: 20/37 Loss: 0.093396
2026-04-20 21:37: **********Train Epoch 108: averaged Loss: 0.061900
2026-04-20 21:37: **********Val Epoch 108: average Loss: 0.014486
2026-04-20 21:37: Train Epoch 109: 0/37 Loss: 0.158060
2026-04-20 21:37: Train Epoch 109: 20/37 Loss: 0.061653
2026-04-20 21:37: **********Train Epoch 109: averaged Loss: 0.054567
2026-04-20 21:37: **********Val Epoch 109: average Loss: 0.033645
2026-04-20 21:37: Train Epoch 110: 0/37 Loss: 0.206842
2026-04-20 21:37: Train Epoch 110: 20/37 Loss: 0.072699
2026-04-20 21:37: **********Train Epoch 110: averaged Loss: 0.062621
2026-04-20 21:37: **********Val Epoch 110: average Loss: 0.010814
2026-04-20 21:37: Train Epoch 111: 0/37 Loss: 0.134040
2026-04-20 21:37: Train Epoch 111: 20/37 Loss: 0.011196
2026-04-20 21:37: **********Train Epoch 111: averaged Loss: 0.044992
2026-04-20 21:37: **********Val Epoch 111: average Loss: 0.024775
2026-04-20 21:37: Train Epoch 112: 0/37 Loss: 0.124749
2026-04-20 21:37: Train Epoch 112: 20/37 Loss: 0.006975
2026-04-20 21:37: **********Train Epoch 112: averaged Loss: 0.032060
2026-04-20 21:37: **********Val Epoch 112: average Loss: 0.020636
2026-04-20 21:37: Train Epoch 113: 0/37 Loss: 0.056432
2026-04-20 21:37: Train Epoch 113: 20/37 Loss: 0.012763
2026-04-20 21:37: **********Train Epoch 113: averaged Loss: 0.026221
2026-04-20 21:37: **********Val Epoch 113: average Loss: 0.007834
2026-04-20 21:37: *********************************Current best model saved!
2026-04-20 21:37: Train Epoch 114: 0/37 Loss: 0.010935
2026-04-20 21:37: Train Epoch 114: 20/37 Loss: 0.020589
2026-04-20 21:37: **********Train Epoch 114: averaged Loss: 0.022438
2026-04-20 21:37: **********Val Epoch 114: average Loss: 0.008973
2026-04-20 21:37: Train Epoch 115: 0/37 Loss: 0.062909
2026-04-20 21:37: Train Epoch 115: 20/37 Loss: 0.016416
2026-04-20 21:37: **********Train Epoch 115: averaged Loss: 0.018996
2026-04-20 21:37: **********Val Epoch 115: average Loss: 0.039522
2026-04-20 21:37: Train Epoch 116: 0/37 Loss: 0.017377
2026-04-20 21:37: Train Epoch 116: 20/37 Loss: 0.008532
2026-04-20 21:37: **********Train Epoch 116: averaged Loss: 0.016024
2026-04-20 21:37: **********Val Epoch 116: average Loss: 0.015800
2026-04-20 21:37: Train Epoch 117: 0/37 Loss: 0.027976
2026-04-20 21:37: Train Epoch 117: 20/37 Loss: 0.006697
2026-04-20 21:37: **********Train Epoch 117: averaged Loss: 0.018697
2026-04-20 21:37: **********Val Epoch 117: average Loss: 0.038274
2026-04-20 21:37: Train Epoch 118: 0/37 Loss: 0.041566
2026-04-20 21:37: Train Epoch 118: 20/37 Loss: 0.018873
2026-04-20 21:37: **********Train Epoch 118: averaged Loss: 0.031835
2026-04-20 21:37: **********Val Epoch 118: average Loss: 0.017896
2026-04-20 21:37: Train Epoch 119: 0/37 Loss: 0.031246
2026-04-20 21:37: Train Epoch 119: 20/37 Loss: 0.011005
2026-04-20 21:37: **********Train Epoch 119: averaged Loss: 0.021005
2026-04-20 21:37: **********Val Epoch 119: average Loss: 0.029923
2026-04-20 21:37: Train Epoch 120: 0/37 Loss: 0.033746
2026-04-20 21:37: Train Epoch 120: 20/37 Loss: 0.031149
2026-04-20 21:37: **********Train Epoch 120: averaged Loss: 0.022962
2026-04-20 21:37: **********Val Epoch 120: average Loss: 0.011630
2026-04-20 21:37: Train Epoch 121: 0/37 Loss: 0.026984
2026-04-20 21:37: Train Epoch 121: 20/37 Loss: 0.011794
2026-04-20 21:37: **********Train Epoch 121: averaged Loss: 0.023192
2026-04-20 21:37: **********Val Epoch 121: average Loss: 0.008134
2026-04-20 21:37: Train Epoch 122: 0/37 Loss: 0.015428
2026-04-20 21:37: Train Epoch 122: 20/37 Loss: 0.006407
2026-04-20 21:37: **********Train Epoch 122: averaged Loss: 0.018821
2026-04-20 21:37: **********Val Epoch 122: average Loss: 0.031204
2026-04-20 21:37: Train Epoch 123: 0/37 Loss: 0.031385
2026-04-20 21:37: Train Epoch 123: 20/37 Loss: 0.007696
2026-04-20 21:37: **********Train Epoch 123: averaged Loss: 0.019897
2026-04-20 21:37: **********Val Epoch 123: average Loss: 0.010840
2026-04-20 21:37: Train Epoch 124: 0/37 Loss: 0.006632
2026-04-20 21:37: Train Epoch 124: 20/37 Loss: 0.016316
2026-04-20 21:37: **********Train Epoch 124: averaged Loss: 0.023187
2026-04-20 21:37: **********Val Epoch 124: average Loss: 0.014445
2026-04-20 21:37: Train Epoch 125: 0/37 Loss: 0.015390
2026-04-20 21:37: Train Epoch 125: 20/37 Loss: 0.019596
2026-04-20 21:37: **********Train Epoch 125: averaged Loss: 0.020647
2026-04-20 21:37: **********Val Epoch 125: average Loss: 0.014511
2026-04-20 21:37: Train Epoch 126: 0/37 Loss: 0.061949
2026-04-20 21:37: Train Epoch 126: 20/37 Loss: 0.008933
2026-04-20 21:37: **********Train Epoch 126: averaged Loss: 0.018906
2026-04-20 21:37: **********Val Epoch 126: average Loss: 0.008902
2026-04-20 21:37: Train Epoch 127: 0/37 Loss: 0.042229
2026-04-20 21:37: Train Epoch 127: 20/37 Loss: 0.010187
2026-04-20 21:37: **********Train Epoch 127: averaged Loss: 0.021231
2026-04-20 21:37: **********Val Epoch 127: average Loss: 0.039499
2026-04-20 21:37: Train Epoch 128: 0/37 Loss: 0.072324
2026-04-20 21:37: Train Epoch 128: 20/37 Loss: 0.033152
2026-04-20 21:37: **********Train Epoch 128: averaged Loss: 0.028202
2026-04-20 21:37: **********Val Epoch 128: average Loss: 0.013068
2026-04-20 21:37: Train Epoch 129: 0/37 Loss: 0.064521
2026-04-20 21:37: Train Epoch 129: 20/37 Loss: 0.009762
2026-04-20 21:37: **********Train Epoch 129: averaged Loss: 0.024790
2026-04-20 21:37: **********Val Epoch 129: average Loss: 0.018019
2026-04-20 21:37: Train Epoch 130: 0/37 Loss: 0.021851
2026-04-20 21:37: Train Epoch 130: 20/37 Loss: 0.009089
2026-04-20 21:37: **********Train Epoch 130: averaged Loss: 0.026106
2026-04-20 21:37: **********Val Epoch 130: average Loss: 0.026815
2026-04-20 21:37: Train Epoch 131: 0/37 Loss: 0.042150
2026-04-20 21:37: Train Epoch 131: 20/37 Loss: 0.009829
2026-04-20 21:37: **********Train Epoch 131: averaged Loss: 0.024120
2026-04-20 21:37: **********Val Epoch 131: average Loss: 0.020909
2026-04-20 21:37: Train Epoch 132: 0/37 Loss: 0.089227
2026-04-20 21:37: Train Epoch 132: 20/37 Loss: 0.007213
2026-04-20 21:37: **********Train Epoch 132: averaged Loss: 0.041436
2026-04-20 21:37: **********Val Epoch 132: average Loss: 0.027711
2026-04-20 21:37: Train Epoch 133: 0/37 Loss: 0.096193
2026-04-20 21:38: Train Epoch 133: 20/37 Loss: 0.017570
2026-04-20 21:38: **********Train Epoch 133: averaged Loss: 0.037924
2026-04-20 21:38: **********Val Epoch 133: average Loss: 0.021751
2026-04-20 21:38: Train Epoch 134: 0/37 Loss: 0.146841
2026-04-20 21:38: Train Epoch 134: 20/37 Loss: 0.084806
2026-04-20 21:38: **********Train Epoch 134: averaged Loss: 0.060223
2026-04-20 21:38: **********Val Epoch 134: average Loss: 0.039199
2026-04-20 21:38: Train Epoch 135: 0/37 Loss: 0.152064
2026-04-20 21:38: Train Epoch 135: 20/37 Loss: 0.112273
2026-04-20 21:38: **********Train Epoch 135: averaged Loss: 0.063450
2026-04-20 21:38: **********Val Epoch 135: average Loss: 0.082943
2026-04-20 21:38: Train Epoch 136: 0/37 Loss: 0.253977
2026-04-20 21:38: Train Epoch 136: 20/37 Loss: 0.083192
2026-04-20 21:38: **********Train Epoch 136: averaged Loss: 0.096535
2026-04-20 21:38: **********Val Epoch 136: average Loss: 0.012737
2026-04-20 21:38: Train Epoch 137: 0/37 Loss: 0.113671
2026-04-20 21:38: Train Epoch 137: 20/37 Loss: 0.012632
2026-04-20 21:38: **********Train Epoch 137: averaged Loss: 0.046972
2026-04-20 21:38: **********Val Epoch 137: average Loss: 0.015113
2026-04-20 21:38: Train Epoch 138: 0/37 Loss: 0.103710
2026-04-20 21:38: Train Epoch 138: 20/37 Loss: 0.030035
2026-04-20 21:38: **********Train Epoch 138: averaged Loss: 0.033857
2026-04-20 21:38: **********Val Epoch 138: average Loss: 0.026259
2026-04-20 21:38: Train Epoch 139: 0/37 Loss: 0.013965
2026-04-20 21:38: Train Epoch 139: 20/37 Loss: 0.030862
2026-04-20 21:38: **********Train Epoch 139: averaged Loss: 0.021290
2026-04-20 21:38: **********Val Epoch 139: average Loss: 0.008608
2026-04-20 21:38: Train Epoch 140: 0/37 Loss: 0.099481
2026-04-20 21:38: Train Epoch 140: 20/37 Loss: 0.011232
2026-04-20 21:38: **********Train Epoch 140: averaged Loss: 0.029121
2026-04-20 21:38: **********Val Epoch 140: average Loss: 0.006860
2026-04-20 21:38: *********************************Current best model saved!
2026-04-20 21:38: Train Epoch 141: 0/37 Loss: 0.037086
2026-04-20 21:38: Train Epoch 141: 20/37 Loss: 0.006298
2026-04-20 21:38: **********Train Epoch 141: averaged Loss: 0.020565
2026-04-20 21:38: **********Val Epoch 141: average Loss: 0.008930
2026-04-20 21:38: Train Epoch 142: 0/37 Loss: 0.018349
2026-04-20 21:38: Train Epoch 142: 20/37 Loss: 0.007053
2026-04-20 21:38: **********Train Epoch 142: averaged Loss: 0.020888
2026-04-20 21:38: **********Val Epoch 142: average Loss: 0.006909
2026-04-20 21:38: Train Epoch 143: 0/37 Loss: 0.014322
2026-04-20 21:38: Train Epoch 143: 20/37 Loss: 0.016883
2026-04-20 21:38: **********Train Epoch 143: averaged Loss: 0.023101
2026-04-20 21:38: **********Val Epoch 143: average Loss: 0.034291
2026-04-20 21:38: Train Epoch 144: 0/37 Loss: 0.009013
2026-04-20 21:38: Train Epoch 144: 20/37 Loss: 0.013464
2026-04-20 21:38: **********Train Epoch 144: averaged Loss: 0.021466
2026-04-20 21:38: **********Val Epoch 144: average Loss: 0.013649
2026-04-20 21:38: Train Epoch 145: 0/37 Loss: 0.088816
2026-04-20 21:38: Train Epoch 145: 20/37 Loss: 0.020775
2026-04-20 21:38: **********Train Epoch 145: averaged Loss: 0.035291
2026-04-20 21:38: **********Val Epoch 145: average Loss: 0.021998
2026-04-20 21:38: Train Epoch 146: 0/37 Loss: 0.138989
2026-04-20 21:38: Train Epoch 146: 20/37 Loss: 0.040188
2026-04-20 21:38: **********Train Epoch 146: averaged Loss: 0.051077
2026-04-20 21:38: **********Val Epoch 146: average Loss: 0.013924
2026-04-20 21:38: Train Epoch 147: 0/37 Loss: 0.070098
2026-04-20 21:38: Train Epoch 147: 20/37 Loss: 0.006832
2026-04-20 21:38: **********Train Epoch 147: averaged Loss: 0.022185
2026-04-20 21:38: **********Val Epoch 147: average Loss: 0.013508
2026-04-20 21:38: Train Epoch 148: 0/37 Loss: 0.072098
2026-04-20 21:38: Train Epoch 148: 20/37 Loss: 0.011222
2026-04-20 21:38: **********Train Epoch 148: averaged Loss: 0.023522
2026-04-20 21:38: **********Val Epoch 148: average Loss: 0.009975
2026-04-20 21:38: Train Epoch 149: 0/37 Loss: 0.030948
2026-04-20 21:38: Train Epoch 149: 20/37 Loss: 0.021522
2026-04-20 21:38: **********Train Epoch 149: averaged Loss: 0.024687
2026-04-20 21:38: **********Val Epoch 149: average Loss: 0.023968
2026-04-20 21:38: Train Epoch 150: 0/37 Loss: 0.010079
2026-04-20 21:38: Train Epoch 150: 20/37 Loss: 0.018429
2026-04-20 21:38: **********Train Epoch 150: averaged Loss: 0.019320
2026-04-20 21:38: **********Val Epoch 150: average Loss: 0.011446
2026-04-20 21:38: Train Epoch 151: 0/37 Loss: 0.057873
2026-04-20 21:38: Train Epoch 151: 20/37 Loss: 0.020748
2026-04-20 21:38: **********Train Epoch 151: averaged Loss: 0.022743
2026-04-20 21:38: **********Val Epoch 151: average Loss: 0.029674
2026-04-20 21:38: Train Epoch 152: 0/37 Loss: 0.075041
2026-04-20 21:38: Train Epoch 152: 20/37 Loss: 0.014374
2026-04-20 21:38: **********Train Epoch 152: averaged Loss: 0.025141
2026-04-20 21:38: **********Val Epoch 152: average Loss: 0.011047
2026-04-20 21:38: Train Epoch 153: 0/37 Loss: 0.052411
2026-04-20 21:38: Train Epoch 153: 20/37 Loss: 0.008994
2026-04-20 21:38: **********Train Epoch 153: averaged Loss: 0.021541
2026-04-20 21:38: **********Val Epoch 153: average Loss: 0.015297
2026-04-20 21:38: Train Epoch 154: 0/37 Loss: 0.025942
2026-04-20 21:38: Train Epoch 154: 20/37 Loss: 0.010055
2026-04-20 21:38: **********Train Epoch 154: averaged Loss: 0.027152
2026-04-20 21:38: **********Val Epoch 154: average Loss: 0.035012
2026-04-20 21:38: Train Epoch 155: 0/37 Loss: 0.007966
2026-04-20 21:38: Train Epoch 155: 20/37 Loss: 0.029016
2026-04-20 21:38: **********Train Epoch 155: averaged Loss: 0.022622
2026-04-20 21:38: **********Val Epoch 155: average Loss: 0.011219
2026-04-20 21:38: Train Epoch 156: 0/37 Loss: 0.096919
2026-04-20 21:38: Train Epoch 156: 20/37 Loss: 0.010080
2026-04-20 21:38: **********Train Epoch 156: averaged Loss: 0.031171
2026-04-20 21:38: **********Val Epoch 156: average Loss: 0.025877
2026-04-20 21:38: Train Epoch 157: 0/37 Loss: 0.073133
2026-04-20 21:38: Train Epoch 157: 20/37 Loss: 0.028148
2026-04-20 21:38: **********Train Epoch 157: averaged Loss: 0.029754
2026-04-20 21:38: **********Val Epoch 157: average Loss: 0.014674
2026-04-20 21:38: Train Epoch 158: 0/37 Loss: 0.059641
2026-04-20 21:38: Train Epoch 158: 20/37 Loss: 0.006455
2026-04-20 21:38: **********Train Epoch 158: averaged Loss: 0.022974
2026-04-20 21:38: **********Val Epoch 158: average Loss: 0.010109
2026-04-20 21:38: Train Epoch 159: 0/37 Loss: 0.046788
2026-04-20 21:38: Train Epoch 159: 20/37 Loss: 0.016540
2026-04-20 21:38: **********Train Epoch 159: averaged Loss: 0.028869
2026-04-20 21:38: **********Val Epoch 159: average Loss: 0.029718
2026-04-20 21:38: Train Epoch 160: 0/37 Loss: 0.016155
2026-04-20 21:38: Train Epoch 160: 20/37 Loss: 0.018697
2026-04-20 21:38: **********Train Epoch 160: averaged Loss: 0.023915
2026-04-20 21:38: **********Val Epoch 160: average Loss: 0.014950
2026-04-20 21:38: Train Epoch 161: 0/37 Loss: 0.078953
2026-04-20 21:38: Train Epoch 161: 20/37 Loss: 0.007213
2026-04-20 21:38: **********Train Epoch 161: averaged Loss: 0.031057
2026-04-20 21:38: **********Val Epoch 161: average Loss: 0.014677
2026-04-20 21:38: Train Epoch 162: 0/37 Loss: 0.107071
2026-04-20 21:39: Train Epoch 162: 20/37 Loss: 0.030811
2026-04-20 21:39: **********Train Epoch 162: averaged Loss: 0.046096
2026-04-20 21:39: **********Val Epoch 162: average Loss: 0.054879
2026-04-20 21:39: Train Epoch 163: 0/37 Loss: 0.086993
2026-04-20 21:39: Train Epoch 163: 20/37 Loss: 0.017680
2026-04-20 21:39: **********Train Epoch 163: averaged Loss: 0.031624
2026-04-20 21:39: **********Val Epoch 163: average Loss: 0.010142
2026-04-20 21:39: Train Epoch 164: 0/37 Loss: 0.147753
2026-04-20 21:39: Train Epoch 164: 20/37 Loss: 0.064183
2026-04-20 21:39: **********Train Epoch 164: averaged Loss: 0.065807
2026-04-20 21:39: **********Val Epoch 164: average Loss: 0.022070
2026-04-20 21:39: Train Epoch 165: 0/37 Loss: 0.115327
2026-04-20 21:39: Train Epoch 165: 20/37 Loss: 0.062511
2026-04-20 21:39: **********Train Epoch 165: averaged Loss: 0.046654
2026-04-20 21:39: **********Val Epoch 165: average Loss: 0.039375
2026-04-20 21:39: Train Epoch 166: 0/37 Loss: 0.231403
2026-04-20 21:39: Train Epoch 166: 20/37 Loss: 0.082468
2026-04-20 21:39: **********Train Epoch 166: averaged Loss: 0.087314
2026-04-20 21:39: **********Val Epoch 166: average Loss: 0.074570
2026-04-20 21:39: Train Epoch 167: 0/37 Loss: 0.158973
2026-04-20 21:39: Train Epoch 167: 20/37 Loss: 0.006594
2026-04-20 21:39: **********Train Epoch 167: averaged Loss: 0.044295
2026-04-20 21:39: **********Val Epoch 167: average Loss: 0.026096
2026-04-20 21:39: Train Epoch 168: 0/37 Loss: 0.033966
2026-04-20 21:39: Train Epoch 168: 20/37 Loss: 0.006737
2026-04-20 21:39: **********Train Epoch 168: averaged Loss: 0.025173
2026-04-20 21:39: **********Val Epoch 168: average Loss: 0.032481
2026-04-20 21:39: Train Epoch 169: 0/37 Loss: 0.071361
2026-04-20 21:39: Train Epoch 169: 20/37 Loss: 0.015941
2026-04-20 21:39: **********Train Epoch 169: averaged Loss: 0.031847
2026-04-20 21:39: **********Val Epoch 169: average Loss: 0.055003
2026-04-20 21:39: Train Epoch 170: 0/37 Loss: 0.105219
2026-04-20 21:39: Train Epoch 170: 20/37 Loss: 0.014678
2026-04-20 21:39: **********Train Epoch 170: averaged Loss: 0.033343
2026-04-20 21:39: **********Val Epoch 170: average Loss: 0.031807
2026-04-20 21:39: Train Epoch 171: 0/37 Loss: 0.074179
2026-04-20 21:39: Train Epoch 171: 20/37 Loss: 0.006462
2026-04-20 21:39: **********Train Epoch 171: averaged Loss: 0.017896
2026-04-20 21:39: **********Val Epoch 171: average Loss: 0.027194
2026-04-20 21:39: Train Epoch 172: 0/37 Loss: 0.048834
2026-04-20 21:39: Train Epoch 172: 20/37 Loss: 0.007349
2026-04-20 21:39: **********Train Epoch 172: averaged Loss: 0.020520
2026-04-20 21:39: **********Val Epoch 172: average Loss: 0.036204
2026-04-20 21:39: Train Epoch 173: 0/37 Loss: 0.080007
2026-04-20 21:39: Train Epoch 173: 20/37 Loss: 0.019423
2026-04-20 21:39: **********Train Epoch 173: averaged Loss: 0.029388
2026-04-20 21:39: **********Val Epoch 173: average Loss: 0.034518
2026-04-20 21:39: Train Epoch 174: 0/37 Loss: 0.111463
2026-04-20 21:39: Train Epoch 174: 20/37 Loss: 0.009118
2026-04-20 21:39: **********Train Epoch 174: averaged Loss: 0.036454
2026-04-20 21:39: **********Val Epoch 174: average Loss: 0.013366
2026-04-20 21:39: Train Epoch 175: 0/37 Loss: 0.077223
2026-04-20 21:39: Train Epoch 175: 20/37 Loss: 0.012160
2026-04-20 21:39: **********Train Epoch 175: averaged Loss: 0.027601
2026-04-20 21:39: **********Val Epoch 175: average Loss: 0.008895
2026-04-20 21:39: Train Epoch 176: 0/37 Loss: 0.062780
2026-04-20 21:39: Train Epoch 176: 20/37 Loss: 0.006500
2026-04-20 21:39: **********Train Epoch 176: averaged Loss: 0.028781
2026-04-20 21:39: **********Val Epoch 176: average Loss: 0.021202
2026-04-20 21:39: Train Epoch 177: 0/37 Loss: 0.060189
2026-04-20 21:39: Train Epoch 177: 20/37 Loss: 0.009819
2026-04-20 21:39: **********Train Epoch 177: averaged Loss: 0.024266
2026-04-20 21:39: **********Val Epoch 177: average Loss: 0.010334
2026-04-20 21:39: Train Epoch 178: 0/37 Loss: 0.080748
2026-04-20 21:39: Train Epoch 178: 20/37 Loss: 0.014397
2026-04-20 21:39: **********Train Epoch 178: averaged Loss: 0.034313
2026-04-20 21:39: **********Val Epoch 178: average Loss: 0.022994
2026-04-20 21:39: Train Epoch 179: 0/37 Loss: 0.106122
2026-04-20 21:39: Train Epoch 179: 20/37 Loss: 0.048143
2026-04-20 21:39: **********Train Epoch 179: averaged Loss: 0.048044
2026-04-20 21:39: **********Val Epoch 179: average Loss: 0.039825
2026-04-20 21:39: Train Epoch 180: 0/37 Loss: 0.120658
2026-04-20 21:39: Train Epoch 180: 20/37 Loss: 0.074773
2026-04-20 21:39: **********Train Epoch 180: averaged Loss: 0.052331
2026-04-20 21:39: **********Val Epoch 180: average Loss: 0.059803
2026-04-20 21:39: Train Epoch 181: 0/37 Loss: 0.224308
2026-04-20 21:39: Train Epoch 181: 20/37 Loss: 0.080170
2026-04-20 21:39: **********Train Epoch 181: averaged Loss: 0.082950
2026-04-20 21:39: **********Val Epoch 181: average Loss: 0.038192
2026-04-20 21:39: Train Epoch 182: 0/37 Loss: 0.091622
2026-04-20 21:39: Train Epoch 182: 20/37 Loss: 0.013202
2026-04-20 21:39: **********Train Epoch 182: averaged Loss: 0.035225
2026-04-20 21:39: **********Val Epoch 182: average Loss: 0.018444
2026-04-20 21:39: Train Epoch 183: 0/37 Loss: 0.072683
2026-04-20 21:39: Train Epoch 183: 20/37 Loss: 0.029349
2026-04-20 21:39: **********Train Epoch 183: averaged Loss: 0.027136
2026-04-20 21:39: **********Val Epoch 183: average Loss: 0.009740
2026-04-20 21:39: Train Epoch 184: 0/37 Loss: 0.051372
2026-04-20 21:39: Train Epoch 184: 20/37 Loss: 0.011046
2026-04-20 21:39: **********Train Epoch 184: averaged Loss: 0.027905
2026-04-20 21:39: **********Val Epoch 184: average Loss: 0.009607
2026-04-20 21:39: Train Epoch 185: 0/37 Loss: 0.031718
2026-04-20 21:39: Train Epoch 185: 20/37 Loss: 0.015222
2026-04-20 21:39: **********Train Epoch 185: averaged Loss: 0.017576
2026-04-20 21:39: **********Val Epoch 185: average Loss: 0.012229
2026-04-20 21:39: Train Epoch 186: 0/37 Loss: 0.047046
2026-04-20 21:39: Train Epoch 186: 20/37 Loss: 0.013263
2026-04-20 21:39: **********Train Epoch 186: averaged Loss: 0.019956
2026-04-20 21:39: **********Val Epoch 186: average Loss: 0.015468
2026-04-20 21:39: Train Epoch 187: 0/37 Loss: 0.044654
2026-04-20 21:39: Train Epoch 187: 20/37 Loss: 0.006465
2026-04-20 21:39: **********Train Epoch 187: averaged Loss: 0.022886
2026-04-20 21:39: **********Val Epoch 187: average Loss: 0.020228
2026-04-20 21:39: Train Epoch 188: 0/37 Loss: 0.005463
2026-04-20 21:39: Train Epoch 188: 20/37 Loss: 0.025865
2026-04-20 21:39: **********Train Epoch 188: averaged Loss: 0.015392
2026-04-20 21:39: **********Val Epoch 188: average Loss: 0.010884
2026-04-20 21:39: Train Epoch 189: 0/37 Loss: 0.047548
2026-04-20 21:39: Train Epoch 189: 20/37 Loss: 0.006520
2026-04-20 21:39: **********Train Epoch 189: averaged Loss: 0.022615
2026-04-20 21:39: **********Val Epoch 189: average Loss: 0.013662
2026-04-20 21:39: Train Epoch 190: 0/37 Loss: 0.023232
2026-04-20 21:39: Train Epoch 190: 20/37 Loss: 0.006588
2026-04-20 21:40: **********Train Epoch 190: averaged Loss: 0.017142
2026-04-20 21:40: **********Val Epoch 190: average Loss: 0.023998
2026-04-20 21:40: Train Epoch 191: 0/37 Loss: 0.060648
2026-04-20 21:40: Train Epoch 191: 20/37 Loss: 0.007597
2026-04-20 21:40: **********Train Epoch 191: averaged Loss: 0.018183
2026-04-20 21:40: **********Val Epoch 191: average Loss: 0.024286
2026-04-20 21:40: Train Epoch 192: 0/37 Loss: 0.067461
2026-04-20 21:40: Train Epoch 192: 20/37 Loss: 0.011090
2026-04-20 21:40: **********Train Epoch 192: averaged Loss: 0.018481
2026-04-20 21:40: **********Val Epoch 192: average Loss: 0.008438
2026-04-20 21:40: Train Epoch 193: 0/37 Loss: 0.022415
2026-04-20 21:40: Train Epoch 193: 20/37 Loss: 0.008399
2026-04-20 21:40: **********Train Epoch 193: averaged Loss: 0.026067
2026-04-20 21:40: **********Val Epoch 193: average Loss: 0.024512
2026-04-20 21:40: Train Epoch 194: 0/37 Loss: 0.005194
2026-04-20 21:40: Train Epoch 194: 20/37 Loss: 0.015248
2026-04-20 21:40: **********Train Epoch 194: averaged Loss: 0.015736
2026-04-20 21:40: **********Val Epoch 194: average Loss: 0.011102
2026-04-20 21:40: Train Epoch 195: 0/37 Loss: 0.085721
2026-04-20 21:40: Train Epoch 195: 20/37 Loss: 0.023909
2026-04-20 21:40: **********Train Epoch 195: averaged Loss: 0.023362
2026-04-20 21:40: **********Val Epoch 195: average Loss: 0.016214
2026-04-20 21:40: Train Epoch 196: 0/37 Loss: 0.094503
2026-04-20 21:40: Train Epoch 196: 20/37 Loss: 0.021640
2026-04-20 21:40: **********Train Epoch 196: averaged Loss: 0.032088
2026-04-20 21:40: **********Val Epoch 196: average Loss: 0.034709
2026-04-20 21:40: Train Epoch 197: 0/37 Loss: 0.122766
2026-04-20 21:40: Train Epoch 197: 20/37 Loss: 0.024615
2026-04-20 21:40: **********Train Epoch 197: averaged Loss: 0.043239
2026-04-20 21:40: **********Val Epoch 197: average Loss: 0.026122
2026-04-20 21:40: Train Epoch 198: 0/37 Loss: 0.066388
2026-04-20 21:40: Train Epoch 198: 20/37 Loss: 0.006516
2026-04-20 21:40: **********Train Epoch 198: averaged Loss: 0.022033
2026-04-20 21:40: **********Val Epoch 198: average Loss: 0.007659
2026-04-20 21:40: Train Epoch 199: 0/37 Loss: 0.043132
2026-04-20 21:40: Train Epoch 199: 20/37 Loss: 0.008255
2026-04-20 21:40: **********Train Epoch 199: averaged Loss: 0.017589
2026-04-20 21:40: **********Val Epoch 199: average Loss: 0.007472
2026-04-20 21:40: Train Epoch 200: 0/37 Loss: 0.011171
2026-04-20 21:40: Train Epoch 200: 20/37 Loss: 0.009392
2026-04-20 21:40: **********Train Epoch 200: averaged Loss: 0.023208
2026-04-20 21:40: **********Val Epoch 200: average Loss: 0.031452
2026-04-20 21:40: Train Epoch 201: 0/37 Loss: 0.012045
2026-04-20 21:40: Train Epoch 201: 20/37 Loss: 0.022283
2026-04-20 21:40: **********Train Epoch 201: averaged Loss: 0.018753
2026-04-20 21:40: **********Val Epoch 201: average Loss: 0.021699
2026-04-20 21:40: Train Epoch 202: 0/37 Loss: 0.093843
2026-04-20 21:40: Train Epoch 202: 20/37 Loss: 0.009935
2026-04-20 21:40: **********Train Epoch 202: averaged Loss: 0.022863
2026-04-20 21:40: **********Val Epoch 202: average Loss: 0.023436
2026-04-20 21:40: Train Epoch 203: 0/37 Loss: 0.065481
2026-04-20 21:40: Train Epoch 203: 20/37 Loss: 0.013147
2026-04-20 21:40: **********Train Epoch 203: averaged Loss: 0.021832
2026-04-20 21:40: **********Val Epoch 203: average Loss: 0.015301
2026-04-20 21:40: Train Epoch 204: 0/37 Loss: 0.037899
2026-04-20 21:40: Train Epoch 204: 20/37 Loss: 0.006780
2026-04-20 21:40: **********Train Epoch 204: averaged Loss: 0.019589
2026-04-20 21:40: **********Val Epoch 204: average Loss: 0.009060
2026-04-20 21:40: Train Epoch 205: 0/37 Loss: 0.016714
2026-04-20 21:40: Train Epoch 205: 20/37 Loss: 0.007076
2026-04-20 21:40: **********Train Epoch 205: averaged Loss: 0.022416
2026-04-20 21:40: **********Val Epoch 205: average Loss: 0.017651
2026-04-20 21:40: Train Epoch 206: 0/37 Loss: 0.008638
2026-04-20 21:40: Train Epoch 206: 20/37 Loss: 0.012388
2026-04-20 21:40: **********Train Epoch 206: averaged Loss: 0.019169
2026-04-20 21:40: **********Val Epoch 206: average Loss: 0.013096
2026-04-20 21:40: Train Epoch 207: 0/37 Loss: 0.085419
2026-04-20 21:40: Train Epoch 207: 20/37 Loss: 0.025094
2026-04-20 21:40: **********Train Epoch 207: averaged Loss: 0.025078
2026-04-20 21:40: **********Val Epoch 207: average Loss: 0.034769
2026-04-20 21:40: Train Epoch 208: 0/37 Loss: 0.061138
2026-04-20 21:40: Train Epoch 208: 20/37 Loss: 0.008262
2026-04-20 21:40: **********Train Epoch 208: averaged Loss: 0.019607
2026-04-20 21:40: **********Val Epoch 208: average Loss: 0.014716
2026-04-20 21:40: Train Epoch 209: 0/37 Loss: 0.084673
2026-04-20 21:40: Train Epoch 209: 20/37 Loss: 0.010943
2026-04-20 21:40: **********Train Epoch 209: averaged Loss: 0.027748
2026-04-20 21:40: **********Val Epoch 209: average Loss: 0.031127
2026-04-20 21:40: Train Epoch 210: 0/37 Loss: 0.115554
2026-04-20 21:40: Train Epoch 210: 20/37 Loss: 0.023235
2026-04-20 21:40: **********Train Epoch 210: averaged Loss: 0.040188
2026-04-20 21:40: **********Val Epoch 210: average Loss: 0.025353
2026-04-20 21:40: Train Epoch 211: 0/37 Loss: 0.056344
2026-04-20 21:40: Train Epoch 211: 20/37 Loss: 0.006697
2026-04-20 21:40: **********Train Epoch 211: averaged Loss: 0.019805
2026-04-20 21:40: **********Val Epoch 211: average Loss: 0.008443
2026-04-20 21:40: Train Epoch 212: 0/37 Loss: 0.058992
2026-04-20 21:40: Train Epoch 212: 20/37 Loss: 0.006975
2026-04-20 21:40: **********Train Epoch 212: averaged Loss: 0.022141
2026-04-20 21:40: **********Val Epoch 212: average Loss: 0.015577
2026-04-20 21:40: Train Epoch 213: 0/37 Loss: 0.037511
2026-04-20 21:40: Train Epoch 213: 20/37 Loss: 0.006313
2026-04-20 21:40: **********Train Epoch 213: averaged Loss: 0.018050
2026-04-20 21:40: **********Val Epoch 213: average Loss: 0.010773
2026-04-20 21:40: Train Epoch 214: 0/37 Loss: 0.042313
2026-04-20 21:40: Train Epoch 214: 20/37 Loss: 0.007505
2026-04-20 21:40: **********Train Epoch 214: averaged Loss: 0.023410
2026-04-20 21:40: **********Val Epoch 214: average Loss: 0.029514
2026-04-20 21:40: Train Epoch 215: 0/37 Loss: 0.010890
2026-04-20 21:40: Train Epoch 215: 20/37 Loss: 0.010520
2026-04-20 21:40: **********Train Epoch 215: averaged Loss: 0.015373
2026-04-20 21:40: **********Val Epoch 215: average Loss: 0.013212
2026-04-20 21:40: Train Epoch 216: 0/37 Loss: 0.065745
2026-04-20 21:40: Train Epoch 216: 20/37 Loss: 0.006251
2026-04-20 21:40: **********Train Epoch 216: averaged Loss: 0.020709
2026-04-20 21:40: **********Val Epoch 216: average Loss: 0.023890
2026-04-20 21:40: Train Epoch 217: 0/37 Loss: 0.045484
2026-04-20 21:40: Train Epoch 217: 20/37 Loss: 0.011250
2026-04-20 21:40: **********Train Epoch 217: averaged Loss: 0.019564
2026-04-20 21:40: **********Val Epoch 217: average Loss: 0.007954
2026-04-20 21:40: Train Epoch 218: 0/37 Loss: 0.010746
2026-04-20 21:40: Train Epoch 218: 20/37 Loss: 0.013764
2026-04-20 21:40: **********Train Epoch 218: averaged Loss: 0.021381
2026-04-20 21:40: **********Val Epoch 218: average Loss: 0.047228
2026-04-20 21:40: Train Epoch 219: 0/37 Loss: 0.019986
2026-04-20 21:41: Train Epoch 219: 20/37 Loss: 0.026435
2026-04-20 21:41: **********Train Epoch 219: averaged Loss: 0.021390
2026-04-20 21:41: **********Val Epoch 219: average Loss: 0.016135
2026-04-20 21:41: Train Epoch 220: 0/37 Loss: 0.073513
2026-04-20 21:41: Train Epoch 220: 20/37 Loss: 0.008872
2026-04-20 21:41: **********Train Epoch 220: averaged Loss: 0.022104
2026-04-20 21:41: **********Val Epoch 220: average Loss: 0.015429
2026-04-20 21:41: Train Epoch 221: 0/37 Loss: 0.069279
2026-04-20 21:41: Train Epoch 221: 20/37 Loss: 0.008201
2026-04-20 21:41: **********Train Epoch 221: averaged Loss: 0.021773
2026-04-20 21:41: **********Val Epoch 221: average Loss: 0.016932
2026-04-20 21:41: Train Epoch 222: 0/37 Loss: 0.095909
2026-04-20 21:41: Train Epoch 222: 20/37 Loss: 0.022936
2026-04-20 21:41: **********Train Epoch 222: averaged Loss: 0.030442
2026-04-20 21:41: **********Val Epoch 222: average Loss: 0.020398
2026-04-20 21:41: Train Epoch 223: 0/37 Loss: 0.125732
2026-04-20 21:41: Train Epoch 223: 20/37 Loss: 0.044828
2026-04-20 21:41: **********Train Epoch 223: averaged Loss: 0.049692
2026-04-20 21:41: **********Val Epoch 223: average Loss: 0.037963
2026-04-20 21:41: Train Epoch 224: 0/37 Loss: 0.044340
2026-04-20 21:41: Train Epoch 224: 20/37 Loss: 0.018163
2026-04-20 21:41: **********Train Epoch 224: averaged Loss: 0.018181
2026-04-20 21:41: **********Val Epoch 224: average Loss: 0.014750
2026-04-20 21:41: Train Epoch 225: 0/37 Loss: 0.089929
2026-04-20 21:41: Train Epoch 225: 20/37 Loss: 0.008521
2026-04-20 21:41: **********Train Epoch 225: averaged Loss: 0.027729
2026-04-20 21:41: **********Val Epoch 225: average Loss: 0.018660
2026-04-20 21:41: Train Epoch 226: 0/37 Loss: 0.076342
2026-04-20 21:41: Train Epoch 226: 20/37 Loss: 0.014338
2026-04-20 21:41: **********Train Epoch 226: averaged Loss: 0.022758
2026-04-20 21:41: **********Val Epoch 226: average Loss: 0.025937
2026-04-20 21:41: Train Epoch 227: 0/37 Loss: 0.074632
2026-04-20 21:41: Train Epoch 227: 20/37 Loss: 0.008524
2026-04-20 21:41: **********Train Epoch 227: averaged Loss: 0.024116
2026-04-20 21:41: **********Val Epoch 227: average Loss: 0.028025
2026-04-20 21:41: Train Epoch 228: 0/37 Loss: 0.054893
2026-04-20 21:41: Train Epoch 228: 20/37 Loss: 0.012039
2026-04-20 21:41: **********Train Epoch 228: averaged Loss: 0.020972
2026-04-20 21:41: **********Val Epoch 228: average Loss: 0.013364
2026-04-20 21:41: Train Epoch 229: 0/37 Loss: 0.011954
2026-04-20 21:41: Train Epoch 229: 20/37 Loss: 0.006229
2026-04-20 21:41: **********Train Epoch 229: averaged Loss: 0.016976
2026-04-20 21:41: **********Val Epoch 229: average Loss: 0.048037
2026-04-20 21:41: Train Epoch 230: 0/37 Loss: 0.117843
2026-04-20 21:41: Train Epoch 230: 20/37 Loss: 0.010683
2026-04-20 21:41: **********Train Epoch 230: averaged Loss: 0.036653
2026-04-20 21:41: **********Val Epoch 230: average Loss: 0.009501
2026-04-20 21:41: Train Epoch 231: 0/37 Loss: 0.055423
2026-04-20 21:41: Train Epoch 231: 20/37 Loss: 0.014536
2026-04-20 21:41: **********Train Epoch 231: averaged Loss: 0.018282
2026-04-20 21:41: **********Val Epoch 231: average Loss: 0.015510
2026-04-20 21:41: Train Epoch 232: 0/37 Loss: 0.036294
2026-04-20 21:41: Train Epoch 232: 20/37 Loss: 0.008405
2026-04-20 21:41: **********Train Epoch 232: averaged Loss: 0.019806
2026-04-20 21:41: **********Val Epoch 232: average Loss: 0.051697
2026-04-20 21:41: Train Epoch 233: 0/37 Loss: 0.078886
2026-04-20 21:41: Train Epoch 233: 20/37 Loss: 0.022361
2026-04-20 21:41: **********Train Epoch 233: averaged Loss: 0.023522
2026-04-20 21:41: **********Val Epoch 233: average Loss: 0.033100
2026-04-20 21:41: Train Epoch 234: 0/37 Loss: 0.017768
2026-04-20 21:41: Train Epoch 234: 20/37 Loss: 0.020716
2026-04-20 21:41: **********Train Epoch 234: averaged Loss: 0.015486
2026-04-20 21:41: **********Val Epoch 234: average Loss: 0.043913
2026-04-20 21:41: Train Epoch 235: 0/37 Loss: 0.011707
2026-04-20 21:41: Train Epoch 235: 20/37 Loss: 0.011413
2026-04-20 21:41: **********Train Epoch 235: averaged Loss: 0.019003
2026-04-20 21:41: **********Val Epoch 235: average Loss: 0.031795
2026-04-20 21:41: Train Epoch 236: 0/37 Loss: 0.049591
2026-04-20 21:41: Train Epoch 236: 20/37 Loss: 0.018308
2026-04-20 21:41: **********Train Epoch 236: averaged Loss: 0.024978
2026-04-20 21:41: **********Val Epoch 236: average Loss: 0.019216
2026-04-20 21:41: Train Epoch 237: 0/37 Loss: 0.040149
2026-04-20 21:41: Train Epoch 237: 20/37 Loss: 0.006417
2026-04-20 21:41: **********Train Epoch 237: averaged Loss: 0.015340
2026-04-20 21:41: **********Val Epoch 237: average Loss: 0.018544
2026-04-20 21:41: Train Epoch 238: 0/37 Loss: 0.048347
2026-04-20 21:41: Train Epoch 238: 20/37 Loss: 0.006700
2026-04-20 21:41: **********Train Epoch 238: averaged Loss: 0.017720
2026-04-20 21:41: **********Val Epoch 238: average Loss: 0.020099
2026-04-20 21:41: Train Epoch 239: 0/37 Loss: 0.054053
2026-04-20 21:41: Train Epoch 239: 20/37 Loss: 0.006291
2026-04-20 21:41: **********Train Epoch 239: averaged Loss: 0.017149
2026-04-20 21:41: **********Val Epoch 239: average Loss: 0.010790
2026-04-20 21:41: Train Epoch 240: 0/37 Loss: 0.031841
2026-04-20 21:41: Train Epoch 240: 20/37 Loss: 0.015605
2026-04-20 21:41: **********Train Epoch 240: averaged Loss: 0.015430
2026-04-20 21:41: **********Val Epoch 240: average Loss: 0.028798
2026-04-20 21:41: Train Epoch 241: 0/37 Loss: 0.043918
2026-04-20 21:41: Train Epoch 241: 20/37 Loss: 0.008229
2026-04-20 21:41: **********Train Epoch 241: averaged Loss: 0.017541
2026-04-20 21:41: **********Val Epoch 241: average Loss: 0.024279
2026-04-20 21:41: Train Epoch 242: 0/37 Loss: 0.022615
2026-04-20 21:41: Train Epoch 242: 20/37 Loss: 0.010444
2026-04-20 21:41: **********Train Epoch 242: averaged Loss: 0.019308
2026-04-20 21:41: **********Val Epoch 242: average Loss: 0.016890
2026-04-20 21:41: Train Epoch 243: 0/37 Loss: 0.024226
2026-04-20 21:41: Train Epoch 243: 20/37 Loss: 0.008971
2026-04-20 21:41: **********Train Epoch 243: averaged Loss: 0.013288
2026-04-20 21:41: **********Val Epoch 243: average Loss: 0.022837
2026-04-20 21:41: Train Epoch 244: 0/37 Loss: 0.012101
2026-04-20 21:41: Train Epoch 244: 20/37 Loss: 0.006475
2026-04-20 21:41: **********Train Epoch 244: averaged Loss: 0.012790
2026-04-20 21:41: **********Val Epoch 244: average Loss: 0.007305
2026-04-20 21:41: Train Epoch 245: 0/37 Loss: 0.014166
2026-04-20 21:41: Train Epoch 245: 20/37 Loss: 0.023372
2026-04-20 21:41: **********Train Epoch 245: averaged Loss: 0.014668
2026-04-20 21:41: **********Val Epoch 245: average Loss: 0.006467
2026-04-20 21:41: *********************************Current best model saved!
2026-04-20 21:41: Train Epoch 246: 0/37 Loss: 0.005478
2026-04-20 21:41: Train Epoch 246: 20/37 Loss: 0.020185
2026-04-20 21:41: **********Train Epoch 246: averaged Loss: 0.023814
2026-04-20 21:41: **********Val Epoch 246: average Loss: 0.051879
2026-04-20 21:41: Train Epoch 247: 0/37 Loss: 0.013290
2026-04-20 21:41: Train Epoch 247: 20/37 Loss: 0.029272
2026-04-20 21:42: **********Train Epoch 247: averaged Loss: 0.019514
2026-04-20 21:42: **********Val Epoch 247: average Loss: 0.008481
2026-04-20 21:42: Train Epoch 248: 0/37 Loss: 0.095345
2026-04-20 21:42: Train Epoch 248: 20/37 Loss: 0.007154
2026-04-20 21:42: **********Train Epoch 248: averaged Loss: 0.021992
2026-04-20 21:42: **********Val Epoch 248: average Loss: 0.022898
2026-04-20 21:42: Train Epoch 249: 0/37 Loss: 0.041275
2026-04-20 21:42: Train Epoch 249: 20/37 Loss: 0.008292
2026-04-20 21:42: **********Train Epoch 249: averaged Loss: 0.023336
2026-04-20 21:42: **********Val Epoch 249: average Loss: 0.042620
2026-04-20 21:42: Train Epoch 250: 0/37 Loss: 0.014442
2026-04-20 21:42: Train Epoch 250: 20/37 Loss: 0.042917
2026-04-20 21:42: **********Train Epoch 250: averaged Loss: 0.021199
2026-04-20 21:42: **********Val Epoch 250: average Loss: 0.013897
2026-04-20 21:42: Train Epoch 251: 0/37 Loss: 0.067341
2026-04-20 21:42: Train Epoch 251: 20/37 Loss: 0.007459
2026-04-20 21:42: **********Train Epoch 251: averaged Loss: 0.022497
2026-04-20 21:42: **********Val Epoch 251: average Loss: 0.029367
2026-04-20 21:42: Train Epoch 252: 0/37 Loss: 0.083330
2026-04-20 21:42: Train Epoch 252: 20/37 Loss: 0.016517
2026-04-20 21:42: **********Train Epoch 252: averaged Loss: 0.023715
2026-04-20 21:42: **********Val Epoch 252: average Loss: 0.019122
2026-04-20 21:42: Train Epoch 253: 0/37 Loss: 0.078441
2026-04-20 21:42: Train Epoch 253: 20/37 Loss: 0.007450
2026-04-20 21:42: **********Train Epoch 253: averaged Loss: 0.023909
2026-04-20 21:42: **********Val Epoch 253: average Loss: 0.027902
2026-04-20 21:42: Train Epoch 254: 0/37 Loss: 0.082719
2026-04-20 21:42: Train Epoch 254: 20/37 Loss: 0.008204
2026-04-20 21:42: **********Train Epoch 254: averaged Loss: 0.029508
2026-04-20 21:42: **********Val Epoch 254: average Loss: 0.031452
2026-04-20 21:42: Train Epoch 255: 0/37 Loss: 0.022261
2026-04-20 21:42: Train Epoch 255: 20/37 Loss: 0.027020
2026-04-20 21:42: **********Train Epoch 255: averaged Loss: 0.029631
2026-04-20 21:42: **********Val Epoch 255: average Loss: 0.063217
2026-04-20 21:42: Train Epoch 256: 0/37 Loss: 0.031721
2026-04-20 21:42: Train Epoch 256: 20/37 Loss: 0.027099
2026-04-20 21:42: **********Train Epoch 256: averaged Loss: 0.019033
2026-04-20 21:42: **********Val Epoch 256: average Loss: 0.014627
2026-04-20 21:42: Train Epoch 257: 0/37 Loss: 0.098125
2026-04-20 21:42: Train Epoch 257: 20/37 Loss: 0.007658
2026-04-20 21:42: **********Train Epoch 257: averaged Loss: 0.032547
2026-04-20 21:42: **********Val Epoch 257: average Loss: 0.023285
2026-04-20 21:42: Train Epoch 258: 0/37 Loss: 0.061062
2026-04-20 21:42: Train Epoch 258: 20/37 Loss: 0.006893
2026-04-20 21:42: **********Train Epoch 258: averaged Loss: 0.020532
2026-04-20 21:42: **********Val Epoch 258: average Loss: 0.008125
2026-04-20 21:42: Train Epoch 259: 0/37 Loss: 0.029298
2026-04-20 21:42: Train Epoch 259: 20/37 Loss: 0.006729
2026-04-20 21:42: **********Train Epoch 259: averaged Loss: 0.019792
2026-04-20 21:42: **********Val Epoch 259: average Loss: 0.017810
2026-04-20 21:42: Train Epoch 260: 0/37 Loss: 0.068484
2026-04-20 21:42: Train Epoch 260: 20/37 Loss: 0.008437
2026-04-20 21:42: **********Train Epoch 260: averaged Loss: 0.021676
2026-04-20 21:42: **********Val Epoch 260: average Loss: 0.009683
2026-04-20 21:42: Train Epoch 261: 0/37 Loss: 0.032337
2026-04-20 21:42: Train Epoch 261: 20/37 Loss: 0.013007
2026-04-20 21:42: **********Train Epoch 261: averaged Loss: 0.015242
2026-04-20 21:42: **********Val Epoch 261: average Loss: 0.013212
2026-04-20 21:42: Train Epoch 262: 0/37 Loss: 0.032129
2026-04-20 21:42: Train Epoch 262: 20/37 Loss: 0.011256
2026-04-20 21:42: **********Train Epoch 262: averaged Loss: 0.011288
2026-04-20 21:42: **********Val Epoch 262: average Loss: 0.018830
2026-04-20 21:42: Train Epoch 263: 0/37 Loss: 0.015986
2026-04-20 21:42: Train Epoch 263: 20/37 Loss: 0.015932
2026-04-20 21:42: **********Train Epoch 263: averaged Loss: 0.022110
2026-04-20 21:42: **********Val Epoch 263: average Loss: 0.021233
2026-04-20 21:42: Train Epoch 264: 0/37 Loss: 0.046986
2026-04-20 21:42: Train Epoch 264: 20/37 Loss: 0.008044
2026-04-20 21:42: **********Train Epoch 264: averaged Loss: 0.016590
2026-04-20 21:42: **********Val Epoch 264: average Loss: 0.010499
2026-04-20 21:42: Train Epoch 265: 0/37 Loss: 0.054661
2026-04-20 21:42: Train Epoch 265: 20/37 Loss: 0.007187
2026-04-20 21:42: **********Train Epoch 265: averaged Loss: 0.018369
2026-04-20 21:42: **********Val Epoch 265: average Loss: 0.013312
2026-04-20 21:42: Train Epoch 266: 0/37 Loss: 0.040997
2026-04-20 21:42: Train Epoch 266: 20/37 Loss: 0.008927
2026-04-20 21:42: **********Train Epoch 266: averaged Loss: 0.019385
2026-04-20 21:42: **********Val Epoch 266: average Loss: 0.016108
2026-04-20 21:42: Train Epoch 267: 0/37 Loss: 0.019025
2026-04-20 21:42: Train Epoch 267: 20/37 Loss: 0.006218
2026-04-20 21:42: **********Train Epoch 267: averaged Loss: 0.011717
2026-04-20 21:42: **********Val Epoch 267: average Loss: 0.026296
2026-04-20 21:42: Train Epoch 268: 0/37 Loss: 0.007177
2026-04-20 21:42: Train Epoch 268: 20/37 Loss: 0.011634
2026-04-20 21:42: **********Train Epoch 268: averaged Loss: 0.018454
2026-04-20 21:42: **********Val Epoch 268: average Loss: 0.025799
2026-04-20 21:42: Train Epoch 269: 0/37 Loss: 0.041549
2026-04-20 21:42: Train Epoch 269: 20/37 Loss: 0.023149
2026-04-20 21:42: **********Train Epoch 269: averaged Loss: 0.021694
2026-04-20 21:42: **********Val Epoch 269: average Loss: 0.017360
2026-04-20 21:42: Train Epoch 270: 0/37 Loss: 0.036446
2026-04-20 21:42: Train Epoch 270: 20/37 Loss: 0.012567
2026-04-20 21:42: **********Train Epoch 270: averaged Loss: 0.021089
2026-04-20 21:42: **********Val Epoch 270: average Loss: 0.033582
2026-04-20 21:42: Train Epoch 271: 0/37 Loss: 0.021299
2026-04-20 21:42: Train Epoch 271: 20/37 Loss: 0.013005
2026-04-20 21:42: **********Train Epoch 271: averaged Loss: 0.016120
2026-04-20 21:42: **********Val Epoch 271: average Loss: 0.013167
2026-04-20 21:42: Train Epoch 272: 0/37 Loss: 0.085676
2026-04-20 21:42: Train Epoch 272: 20/37 Loss: 0.014260
2026-04-20 21:42: **********Train Epoch 272: averaged Loss: 0.028385
2026-04-20 21:42: **********Val Epoch 272: average Loss: 0.017084
2026-04-20 21:42: Train Epoch 273: 0/37 Loss: 0.072824
2026-04-20 21:42: Train Epoch 273: 20/37 Loss: 0.012162
2026-04-20 21:42: **********Train Epoch 273: averaged Loss: 0.023929
2026-04-20 21:42: **********Val Epoch 273: average Loss: 0.006880
2026-04-20 21:42: Train Epoch 274: 0/37 Loss: 0.028320
2026-04-20 21:42: Train Epoch 274: 20/37 Loss: 0.010995
2026-04-20 21:42: **********Train Epoch 274: averaged Loss: 0.020614
2026-04-20 21:42: **********Val Epoch 274: average Loss: 0.030898
2026-04-20 21:42: Train Epoch 275: 0/37 Loss: 0.040202
2026-04-20 21:42: Train Epoch 275: 20/37 Loss: 0.018728
2026-04-20 21:42: **********Train Epoch 275: averaged Loss: 0.016155
2026-04-20 21:42: **********Val Epoch 275: average Loss: 0.009699
2026-04-20 21:42: Train Epoch 276: 0/37 Loss: 0.040074
2026-04-20 21:43: Train Epoch 276: 20/37 Loss: 0.008724
2026-04-20 21:43: **********Train Epoch 276: averaged Loss: 0.022962
2026-04-20 21:43: **********Val Epoch 276: average Loss: 0.028381
2026-04-20 21:43: Train Epoch 277: 0/37 Loss: 0.004392
2026-04-20 21:43: Train Epoch 277: 20/37 Loss: 0.030732
2026-04-20 21:43: **********Train Epoch 277: averaged Loss: 0.017085
2026-04-20 21:43: **********Val Epoch 277: average Loss: 0.013874
2026-04-20 21:43: Train Epoch 278: 0/37 Loss: 0.047241
2026-04-20 21:43: Train Epoch 278: 20/37 Loss: 0.008158
2026-04-20 21:43: **********Train Epoch 278: averaged Loss: 0.017472
2026-04-20 21:43: **********Val Epoch 278: average Loss: 0.014212
2026-04-20 21:43: Train Epoch 279: 0/37 Loss: 0.018654
2026-04-20 21:43: Train Epoch 279: 20/37 Loss: 0.007970
2026-04-20 21:43: **********Train Epoch 279: averaged Loss: 0.011592
2026-04-20 21:43: **********Val Epoch 279: average Loss: 0.026628
2026-04-20 21:43: Train Epoch 280: 0/37 Loss: 0.013251
2026-04-20 21:43: Train Epoch 280: 20/37 Loss: 0.008027
2026-04-20 21:43: **********Train Epoch 280: averaged Loss: 0.017304
2026-04-20 21:43: **********Val Epoch 280: average Loss: 0.024453
2026-04-20 21:43: Train Epoch 281: 0/37 Loss: 0.064996
2026-04-20 21:43: Train Epoch 281: 20/37 Loss: 0.017702
2026-04-20 21:43: **********Train Epoch 281: averaged Loss: 0.018190
2026-04-20 21:43: **********Val Epoch 281: average Loss: 0.012647
2026-04-20 21:43: Train Epoch 282: 0/37 Loss: 0.030142
2026-04-20 21:43: Train Epoch 282: 20/37 Loss: 0.006346
2026-04-20 21:43: **********Train Epoch 282: averaged Loss: 0.017851
2026-04-20 21:43: **********Val Epoch 282: average Loss: 0.011682
2026-04-20 21:43: Train Epoch 283: 0/37 Loss: 0.023482
2026-04-20 21:43: Train Epoch 283: 20/37 Loss: 0.006296
2026-04-20 21:43: **********Train Epoch 283: averaged Loss: 0.012924
2026-04-20 21:43: **********Val Epoch 283: average Loss: 0.008316
2026-04-20 21:43: Train Epoch 284: 0/37 Loss: 0.012864
2026-04-20 21:43: Train Epoch 284: 20/37 Loss: 0.007814
2026-04-20 21:43: **********Train Epoch 284: averaged Loss: 0.013161
2026-04-20 21:43: **********Val Epoch 284: average Loss: 0.008496
2026-04-20 21:43: Train Epoch 285: 0/37 Loss: 0.039619
2026-04-20 21:43: Train Epoch 285: 20/37 Loss: 0.008963
2026-04-20 21:43: **********Train Epoch 285: averaged Loss: 0.014472
2026-04-20 21:43: **********Val Epoch 285: average Loss: 0.011727
2026-04-20 21:43: Train Epoch 286: 0/37 Loss: 0.004744
2026-04-20 21:43: Train Epoch 286: 20/37 Loss: 0.013387
2026-04-20 21:43: **********Train Epoch 286: averaged Loss: 0.015911
2026-04-20 21:43: **********Val Epoch 286: average Loss: 0.017866
2026-04-20 21:43: Train Epoch 287: 0/37 Loss: 0.012768
2026-04-20 21:43: Train Epoch 287: 20/37 Loss: 0.012389
2026-04-20 21:43: **********Train Epoch 287: averaged Loss: 0.019704
2026-04-20 21:43: **********Val Epoch 287: average Loss: 0.027455
2026-04-20 21:43: Train Epoch 288: 0/37 Loss: 0.008880
2026-04-20 21:43: Train Epoch 288: 20/37 Loss: 0.015367
2026-04-20 21:43: **********Train Epoch 288: averaged Loss: 0.015623
2026-04-20 21:43: **********Val Epoch 288: average Loss: 0.015571
2026-04-20 21:43: Train Epoch 289: 0/37 Loss: 0.064220
2026-04-20 21:43: Train Epoch 289: 20/37 Loss: 0.009899
2026-04-20 21:43: **********Train Epoch 289: averaged Loss: 0.023078
2026-04-20 21:43: **********Val Epoch 289: average Loss: 0.017194
2026-04-20 21:43: Train Epoch 290: 0/37 Loss: 0.071115
2026-04-20 21:43: Train Epoch 290: 20/37 Loss: 0.008714
2026-04-20 21:43: **********Train Epoch 290: averaged Loss: 0.022158
2026-04-20 21:43: **********Val Epoch 290: average Loss: 0.021115
2026-04-20 21:43: Train Epoch 291: 0/37 Loss: 0.042822
2026-04-20 21:43: Train Epoch 291: 20/37 Loss: 0.012904
2026-04-20 21:43: **********Train Epoch 291: averaged Loss: 0.018352
2026-04-20 21:43: **********Val Epoch 291: average Loss: 0.028138
2026-04-20 21:43: Train Epoch 292: 0/37 Loss: 0.030875
2026-04-20 21:43: Train Epoch 292: 20/37 Loss: 0.021683
2026-04-20 21:43: **********Train Epoch 292: averaged Loss: 0.021070
2026-04-20 21:43: **********Val Epoch 292: average Loss: 0.018939
2026-04-20 21:43: Train Epoch 293: 0/37 Loss: 0.020402
2026-04-20 21:43: Train Epoch 293: 20/37 Loss: 0.010965
2026-04-20 21:43: **********Train Epoch 293: averaged Loss: 0.019992
2026-04-20 21:43: **********Val Epoch 293: average Loss: 0.031576
2026-04-20 21:43: Train Epoch 294: 0/37 Loss: 0.012017
2026-04-20 21:43: Train Epoch 294: 20/37 Loss: 0.024638
2026-04-20 21:43: **********Train Epoch 294: averaged Loss: 0.015341
2026-04-20 21:43: **********Val Epoch 294: average Loss: 0.012443
2026-04-20 21:43: Train Epoch 295: 0/37 Loss: 0.072596
2026-04-20 21:43: Train Epoch 295: 20/37 Loss: 0.007026
2026-04-20 21:43: **********Train Epoch 295: averaged Loss: 0.024935
2026-04-20 21:43: **********Val Epoch 295: average Loss: 0.037960
2026-04-20 21:43: Train Epoch 296: 0/37 Loss: 0.032294
2026-04-20 21:43: Train Epoch 296: 20/37 Loss: 0.019048
2026-04-20 21:43: **********Train Epoch 296: averaged Loss: 0.015176
2026-04-20 21:43: **********Val Epoch 296: average Loss: 0.012817
2026-04-20 21:43: Train Epoch 297: 0/37 Loss: 0.029101
2026-04-20 21:43: Train Epoch 297: 20/37 Loss: 0.008620
2026-04-20 21:43: **********Train Epoch 297: averaged Loss: 0.014909
2026-04-20 21:43: **********Val Epoch 297: average Loss: 0.030685
2026-04-20 21:43: Train Epoch 298: 0/37 Loss: 0.012148
2026-04-20 21:43: Train Epoch 298: 20/37 Loss: 0.013085
2026-04-20 21:43: **********Train Epoch 298: averaged Loss: 0.013687
2026-04-20 21:43: **********Val Epoch 298: average Loss: 0.024537
2026-04-20 21:43: Train Epoch 299: 0/37 Loss: 0.019588
2026-04-20 21:43: Train Epoch 299: 20/37 Loss: 0.009684
2026-04-20 21:43: **********Train Epoch 299: averaged Loss: 0.013236
2026-04-20 21:43: **********Val Epoch 299: average Loss: 0.008646
2026-04-20 21:43: Train Epoch 300: 0/37 Loss: 0.026977
2026-04-20 21:43: Train Epoch 300: 20/37 Loss: 0.007724
2026-04-20 21:43: **********Train Epoch 300: averaged Loss: 0.020241
2026-04-20 21:43: **********Val Epoch 300: average Loss: 0.025880
2026-04-20 21:43: Train Epoch 301: 0/37 Loss: 0.026280
2026-04-20 21:43: Train Epoch 301: 20/37 Loss: 0.012857
2026-04-20 21:43: **********Train Epoch 301: averaged Loss: 0.013072
2026-04-20 21:43: **********Val Epoch 301: average Loss: 0.012624
2026-04-20 21:43: Train Epoch 302: 0/37 Loss: 0.048883
2026-04-20 21:43: Train Epoch 302: 20/37 Loss: 0.009861
2026-04-20 21:43: **********Train Epoch 302: averaged Loss: 0.021470
2026-04-20 21:43: **********Val Epoch 302: average Loss: 0.017924
2026-04-20 21:43: Train Epoch 303: 0/37 Loss: 0.009846
2026-04-20 21:43: Train Epoch 303: 20/37 Loss: 0.017397
2026-04-20 21:43: **********Train Epoch 303: averaged Loss: 0.017667
2026-04-20 21:43: **********Val Epoch 303: average Loss: 0.013475
2026-04-20 21:43: Train Epoch 304: 0/37 Loss: 0.014685
2026-04-20 21:43: Train Epoch 304: 20/37 Loss: 0.010817
2026-04-20 21:44: **********Train Epoch 304: averaged Loss: 0.014224
2026-04-20 21:44: **********Val Epoch 304: average Loss: 0.008396
2026-04-20 21:44: Train Epoch 305: 0/37 Loss: 0.024154
2026-04-20 21:44: Train Epoch 305: 20/37 Loss: 0.006637
2026-04-20 21:44: **********Train Epoch 305: averaged Loss: 0.011553
2026-04-20 21:44: **********Val Epoch 305: average Loss: 0.007808
2026-04-20 21:44: Train Epoch 306: 0/37 Loss: 0.034860
2026-04-20 21:44: Train Epoch 306: 20/37 Loss: 0.013165
2026-04-20 21:44: **********Train Epoch 306: averaged Loss: 0.012568
2026-04-20 21:44: **********Val Epoch 306: average Loss: 0.019205
2026-04-20 21:44: Train Epoch 307: 0/37 Loss: 0.018167
2026-04-20 21:44: Train Epoch 307: 20/37 Loss: 0.006413
2026-04-20 21:44: **********Train Epoch 307: averaged Loss: 0.012035
2026-04-20 21:44: **********Val Epoch 307: average Loss: 0.007851
2026-04-20 21:44: Train Epoch 308: 0/37 Loss: 0.020662
2026-04-20 21:44: Train Epoch 308: 20/37 Loss: 0.006647
2026-04-20 21:44: **********Train Epoch 308: averaged Loss: 0.014819
2026-04-20 21:44: **********Val Epoch 308: average Loss: 0.020884
2026-04-20 21:44: Train Epoch 309: 0/37 Loss: 0.031394
2026-04-20 21:44: Train Epoch 309: 20/37 Loss: 0.019743
2026-04-20 21:44: **********Train Epoch 309: averaged Loss: 0.018460
2026-04-20 21:44: **********Val Epoch 309: average Loss: 0.011431
2026-04-20 21:44: Train Epoch 310: 0/37 Loss: 0.021725
2026-04-20 21:44: Train Epoch 310: 20/37 Loss: 0.012535
2026-04-20 21:44: **********Train Epoch 310: averaged Loss: 0.013948
2026-04-20 21:44: **********Val Epoch 310: average Loss: 0.019104
2026-04-20 21:44: Train Epoch 311: 0/37 Loss: 0.019049
2026-04-20 21:44: Train Epoch 311: 20/37 Loss: 0.010936
2026-04-20 21:44: **********Train Epoch 311: averaged Loss: 0.016422
2026-04-20 21:44: **********Val Epoch 311: average Loss: 0.024128
2026-04-20 21:44: Train Epoch 312: 0/37 Loss: 0.024742
2026-04-20 21:44: Train Epoch 312: 20/37 Loss: 0.007045
2026-04-20 21:44: **********Train Epoch 312: averaged Loss: 0.011069
2026-04-20 21:44: **********Val Epoch 312: average Loss: 0.015949
2026-04-20 21:44: Train Epoch 313: 0/37 Loss: 0.036399
2026-04-20 21:44: Train Epoch 313: 20/37 Loss: 0.008922
2026-04-20 21:44: **********Train Epoch 313: averaged Loss: 0.021048
2026-04-20 21:44: **********Val Epoch 313: average Loss: 0.022647
2026-04-20 21:44: Train Epoch 314: 0/37 Loss: 0.007393
2026-04-20 21:44: Train Epoch 314: 20/37 Loss: 0.018424
2026-04-20 21:44: **********Train Epoch 314: averaged Loss: 0.013144
2026-04-20 21:44: **********Val Epoch 314: average Loss: 0.012636
2026-04-20 21:44: Train Epoch 315: 0/37 Loss: 0.053005
2026-04-20 21:44: Train Epoch 315: 20/37 Loss: 0.024821
2026-04-20 21:44: **********Train Epoch 315: averaged Loss: 0.021414
2026-04-20 21:44: **********Val Epoch 315: average Loss: 0.008125
2026-04-20 21:44: Train Epoch 316: 0/37 Loss: 0.005747
2026-04-20 21:44: Train Epoch 316: 20/37 Loss: 0.009633
2026-04-20 21:44: **********Train Epoch 316: averaged Loss: 0.012415
2026-04-20 21:44: **********Val Epoch 316: average Loss: 0.009317
2026-04-20 21:44: Train Epoch 317: 0/37 Loss: 0.004506
2026-04-20 21:44: Train Epoch 317: 20/37 Loss: 0.008337
2026-04-20 21:44: **********Train Epoch 317: averaged Loss: 0.016777
2026-04-20 21:44: **********Val Epoch 317: average Loss: 0.044935
2026-04-20 21:44: Train Epoch 318: 0/37 Loss: 0.048579
2026-04-20 21:44: Train Epoch 318: 20/37 Loss: 0.018999
2026-04-20 21:44: **********Train Epoch 318: averaged Loss: 0.024972
2026-04-20 21:44: **********Val Epoch 318: average Loss: 0.028736
2026-04-20 21:44: Train Epoch 319: 0/37 Loss: 0.072404
2026-04-20 21:44: Train Epoch 319: 20/37 Loss: 0.025817
2026-04-20 21:44: **********Train Epoch 319: averaged Loss: 0.028702
2026-04-20 21:44: **********Val Epoch 319: average Loss: 0.008994
2026-04-20 21:44: Train Epoch 320: 0/37 Loss: 0.120350
2026-04-20 21:44: Train Epoch 320: 20/37 Loss: 0.026726
2026-04-20 21:44: **********Train Epoch 320: averaged Loss: 0.036664
2026-04-20 21:44: **********Val Epoch 320: average Loss: 0.013366
2026-04-20 21:44: Train Epoch 321: 0/37 Loss: 0.042739
2026-04-20 21:44: Train Epoch 321: 20/37 Loss: 0.006929
2026-04-20 21:44: **********Train Epoch 321: averaged Loss: 0.015834
2026-04-20 21:44: **********Val Epoch 321: average Loss: 0.008206
2026-04-20 21:44: Train Epoch 322: 0/37 Loss: 0.029077
2026-04-20 21:44: Train Epoch 322: 20/37 Loss: 0.012206
2026-04-20 21:44: **********Train Epoch 322: averaged Loss: 0.012717
2026-04-20 21:44: **********Val Epoch 322: average Loss: 0.015688
2026-04-20 21:44: Train Epoch 323: 0/37 Loss: 0.005488
2026-04-20 21:44: Train Epoch 323: 20/37 Loss: 0.010918
2026-04-20 21:44: **********Train Epoch 323: averaged Loss: 0.011378
2026-04-20 21:44: **********Val Epoch 323: average Loss: 0.011746
2026-04-20 21:44: Train Epoch 324: 0/37 Loss: 0.034311
2026-04-20 21:44: Train Epoch 324: 20/37 Loss: 0.011132
2026-04-20 21:44: **********Train Epoch 324: averaged Loss: 0.013084
2026-04-20 21:44: **********Val Epoch 324: average Loss: 0.008261
2026-04-20 21:44: Train Epoch 325: 0/37 Loss: 0.007489
2026-04-20 21:44: Train Epoch 325: 20/37 Loss: 0.005902
2026-04-20 21:44: **********Train Epoch 325: averaged Loss: 0.009454
2026-04-20 21:44: **********Val Epoch 325: average Loss: 0.011521
2026-04-20 21:44: Train Epoch 326: 0/37 Loss: 0.004237
2026-04-20 21:44: Train Epoch 326: 20/37 Loss: 0.008262
2026-04-20 21:44: **********Train Epoch 326: averaged Loss: 0.009925
2026-04-20 21:44: **********Val Epoch 326: average Loss: 0.011047
2026-04-20 21:44: Train Epoch 327: 0/37 Loss: 0.010889
2026-04-20 21:44: Train Epoch 327: 20/37 Loss: 0.008537
2026-04-20 21:44: **********Train Epoch 327: averaged Loss: 0.014936
2026-04-20 21:44: **********Val Epoch 327: average Loss: 0.037963
2026-04-20 21:44: Train Epoch 328: 0/37 Loss: 0.026421
2026-04-20 21:44: Train Epoch 328: 20/37 Loss: 0.023279
2026-04-20 21:44: **********Train Epoch 328: averaged Loss: 0.021075
2026-04-20 21:44: **********Val Epoch 328: average Loss: 0.021142
2026-04-20 21:44: Train Epoch 329: 0/37 Loss: 0.065822
2026-04-20 21:44: Train Epoch 329: 20/37 Loss: 0.006515
2026-04-20 21:44: **********Train Epoch 329: averaged Loss: 0.020450
2026-04-20 21:44: **********Val Epoch 329: average Loss: 0.017484
2026-04-20 21:44: Train Epoch 330: 0/37 Loss: 0.089501
2026-04-20 21:44: Train Epoch 330: 20/37 Loss: 0.026634
2026-04-20 21:44: **********Train Epoch 330: averaged Loss: 0.029489
2026-04-20 21:44: **********Val Epoch 330: average Loss: 0.013875
2026-04-20 21:44: Train Epoch 331: 0/37 Loss: 0.099516
2026-04-20 21:44: Train Epoch 331: 20/37 Loss: 0.014603
2026-04-20 21:44: **********Train Epoch 331: averaged Loss: 0.029734
2026-04-20 21:44: **********Val Epoch 331: average Loss: 0.010990
2026-04-20 21:44: Train Epoch 332: 0/37 Loss: 0.007700
2026-04-20 21:44: Train Epoch 332: 20/37 Loss: 0.010434
2026-04-20 21:44: **********Train Epoch 332: averaged Loss: 0.021384
2026-04-20 21:44: **********Val Epoch 332: average Loss: 0.027922
2026-04-20 21:44: Train Epoch 333: 0/37 Loss: 0.015372
2026-04-20 21:45: Train Epoch 333: 20/37 Loss: 0.019387
2026-04-20 21:45: **********Train Epoch 333: averaged Loss: 0.016103
2026-04-20 21:45: **********Val Epoch 333: average Loss: 0.017987
2026-04-20 21:45: Train Epoch 334: 0/37 Loss: 0.070082
2026-04-20 21:45: Train Epoch 334: 20/37 Loss: 0.006706
2026-04-20 21:45: **********Train Epoch 334: averaged Loss: 0.023828
2026-04-20 21:45: **********Val Epoch 334: average Loss: 0.013690
2026-04-20 21:45: Train Epoch 335: 0/37 Loss: 0.084030
2026-04-20 21:45: Train Epoch 335: 20/37 Loss: 0.009344
2026-04-20 21:45: **********Train Epoch 335: averaged Loss: 0.025616
2026-04-20 21:45: **********Val Epoch 335: average Loss: 0.011878
2026-04-20 21:45: Train Epoch 336: 0/37 Loss: 0.058869
2026-04-20 21:45: Train Epoch 336: 20/37 Loss: 0.008816
2026-04-20 21:45: **********Train Epoch 336: averaged Loss: 0.025794
2026-04-20 21:45: **********Val Epoch 336: average Loss: 0.027211
2026-04-20 21:45: Train Epoch 337: 0/37 Loss: 0.018172
2026-04-20 21:45: Train Epoch 337: 20/37 Loss: 0.006699
2026-04-20 21:45: **********Train Epoch 337: averaged Loss: 0.012650
2026-04-20 21:45: **********Val Epoch 337: average Loss: 0.007964
2026-04-20 21:45: Train Epoch 338: 0/37 Loss: 0.040406
2026-04-20 21:45: Train Epoch 338: 20/37 Loss: 0.013779
2026-04-20 21:45: **********Train Epoch 338: averaged Loss: 0.020129
2026-04-20 21:45: **********Val Epoch 338: average Loss: 0.021056
2026-04-20 21:45: Train Epoch 339: 0/37 Loss: 0.007608
2026-04-20 21:45: Train Epoch 339: 20/37 Loss: 0.011714
2026-04-20 21:45: **********Train Epoch 339: averaged Loss: 0.010489
2026-04-20 21:45: **********Val Epoch 339: average Loss: 0.011135
2026-04-20 21:45: Train Epoch 340: 0/37 Loss: 0.033259
2026-04-20 21:45: Train Epoch 340: 20/37 Loss: 0.025960
2026-04-20 21:45: **********Train Epoch 340: averaged Loss: 0.017549
2026-04-20 21:45: **********Val Epoch 340: average Loss: 0.024076
2026-04-20 21:45: Train Epoch 341: 0/37 Loss: 0.011485
2026-04-20 21:45: Train Epoch 341: 20/37 Loss: 0.018382
2026-04-20 21:45: **********Train Epoch 341: averaged Loss: 0.011380
2026-04-20 21:45: **********Val Epoch 341: average Loss: 0.008395
2026-04-20 21:45: Train Epoch 342: 0/37 Loss: 0.019987
2026-04-20 21:45: Train Epoch 342: 20/37 Loss: 0.008267
2026-04-20 21:45: **********Train Epoch 342: averaged Loss: 0.009893
2026-04-20 21:45: **********Val Epoch 342: average Loss: 0.009134
2026-04-20 21:45: Train Epoch 343: 0/37 Loss: 0.029157
2026-04-20 21:45: Train Epoch 343: 20/37 Loss: 0.015314
2026-04-20 21:45: **********Train Epoch 343: averaged Loss: 0.015825
2026-04-20 21:45: **********Val Epoch 343: average Loss: 0.035068
2026-04-20 21:45: Train Epoch 344: 0/37 Loss: 0.035385
2026-04-20 21:45: Train Epoch 344: 20/37 Loss: 0.029511
2026-04-20 21:45: **********Train Epoch 344: averaged Loss: 0.021189
2026-04-20 21:45: **********Val Epoch 344: average Loss: 0.009744
2026-04-20 21:45: Train Epoch 345: 0/37 Loss: 0.023633
2026-04-20 21:45: Train Epoch 345: 20/37 Loss: 0.006302
2026-04-20 21:45: **********Train Epoch 345: averaged Loss: 0.014992
2026-04-20 21:45: **********Val Epoch 345: average Loss: 0.028929
2026-04-20 21:45: Train Epoch 346: 0/37 Loss: 0.057429
2026-04-20 21:45: Train Epoch 346: 20/37 Loss: 0.016561
2026-04-20 21:45: **********Train Epoch 346: averaged Loss: 0.020202
2026-04-20 21:45: **********Val Epoch 346: average Loss: 0.016609
2026-04-20 21:45: Train Epoch 347: 0/37 Loss: 0.019380
2026-04-20 21:45: Train Epoch 347: 20/37 Loss: 0.014126
2026-04-20 21:45: **********Train Epoch 347: averaged Loss: 0.014766
2026-04-20 21:45: **********Val Epoch 347: average Loss: 0.028286
2026-04-20 21:45: Train Epoch 348: 0/37 Loss: 0.034733
2026-04-20 21:45: Train Epoch 348: 20/37 Loss: 0.010686
2026-04-20 21:45: **********Train Epoch 348: averaged Loss: 0.013068
2026-04-20 21:45: **********Val Epoch 348: average Loss: 0.017482
2026-04-20 21:45: Train Epoch 349: 0/37 Loss: 0.029711
2026-04-20 21:45: Train Epoch 349: 20/37 Loss: 0.006463
2026-04-20 21:45: **********Train Epoch 349: averaged Loss: 0.014007
2026-04-20 21:45: **********Val Epoch 349: average Loss: 0.010838
2026-04-20 21:45: Train Epoch 350: 0/37 Loss: 0.012500
2026-04-20 21:45: Train Epoch 350: 20/37 Loss: 0.007377
2026-04-20 21:45: **********Train Epoch 350: averaged Loss: 0.014789
2026-04-20 21:45: **********Val Epoch 350: average Loss: 0.042949
2026-04-20 21:45: Train Epoch 351: 0/37 Loss: 0.026830
2026-04-20 21:45: Train Epoch 351: 20/37 Loss: 0.016248
2026-04-20 21:45: **********Train Epoch 351: averaged Loss: 0.018116
2026-04-20 21:45: **********Val Epoch 351: average Loss: 0.006058
2026-04-20 21:45: *********************************Current best model saved!
2026-04-20 21:45: Train Epoch 352: 0/37 Loss: 0.055244
2026-04-20 21:45: Train Epoch 352: 20/37 Loss: 0.006090
2026-04-20 21:45: **********Train Epoch 352: averaged Loss: 0.020475
2026-04-20 21:45: **********Val Epoch 352: average Loss: 0.022467
2026-04-20 21:45: Train Epoch 353: 0/37 Loss: 0.022132
2026-04-20 21:45: Train Epoch 353: 20/37 Loss: 0.015714
2026-04-20 21:45: **********Train Epoch 353: averaged Loss: 0.015485
2026-04-20 21:45: **********Val Epoch 353: average Loss: 0.015967
2026-04-20 21:45: Train Epoch 354: 0/37 Loss: 0.052492
2026-04-20 21:45: Train Epoch 354: 20/37 Loss: 0.019594
2026-04-20 21:45: **********Train Epoch 354: averaged Loss: 0.021680
2026-04-20 21:45: **********Val Epoch 354: average Loss: 0.026883
2026-04-20 21:45: Train Epoch 355: 0/37 Loss: 0.015060
2026-04-20 21:45: Train Epoch 355: 20/37 Loss: 0.013095
2026-04-20 21:45: **********Train Epoch 355: averaged Loss: 0.015234
2026-04-20 21:45: **********Val Epoch 355: average Loss: 0.015409
2026-04-20 21:45: Train Epoch 356: 0/37 Loss: 0.075072
2026-04-20 21:45: Train Epoch 356: 20/37 Loss: 0.011188
2026-04-20 21:45: **********Train Epoch 356: averaged Loss: 0.024611
2026-04-20 21:45: **********Val Epoch 356: average Loss: 0.016787
2026-04-20 21:45: Train Epoch 357: 0/37 Loss: 0.040555
2026-04-20 21:45: Train Epoch 357: 20/37 Loss: 0.006240
2026-04-20 21:45: **********Train Epoch 357: averaged Loss: 0.021605
2026-04-20 21:45: **********Val Epoch 357: average Loss: 0.043278
2026-04-20 21:45: Train Epoch 358: 0/37 Loss: 0.005796
2026-04-20 21:45: Train Epoch 358: 20/37 Loss: 0.026367
2026-04-20 21:45: **********Train Epoch 358: averaged Loss: 0.018784
2026-04-20 21:45: **********Val Epoch 358: average Loss: 0.020779
2026-04-20 21:45: Train Epoch 359: 0/37 Loss: 0.102682
2026-04-20 21:45: Train Epoch 359: 20/37 Loss: 0.051490
2026-04-20 21:45: **********Train Epoch 359: averaged Loss: 0.034721
2026-04-20 21:45: **********Val Epoch 359: average Loss: 0.016016
2026-04-20 21:45: Train Epoch 360: 0/37 Loss: 0.086937
2026-04-20 21:45: Train Epoch 360: 20/37 Loss: 0.018400
2026-04-20 21:45: **********Train Epoch 360: averaged Loss: 0.027743
2026-04-20 21:45: **********Val Epoch 360: average Loss: 0.014129
2026-04-20 21:45: Train Epoch 361: 0/37 Loss: 0.076370
2026-04-20 21:45: Train Epoch 361: 20/37 Loss: 0.006384
2026-04-20 21:45: **********Train Epoch 361: averaged Loss: 0.024371
2026-04-20 21:45: **********Val Epoch 361: average Loss: 0.016192
2026-04-20 21:45: Train Epoch 362: 0/37 Loss: 0.020739
2026-04-20 21:46: Train Epoch 362: 20/37 Loss: 0.009334
2026-04-20 21:46: **********Train Epoch 362: averaged Loss: 0.013182
2026-04-20 21:46: **********Val Epoch 362: average Loss: 0.009312
2026-04-20 21:46: Train Epoch 363: 0/37 Loss: 0.036393
2026-04-20 21:46: Train Epoch 363: 20/37 Loss: 0.011404
2026-04-20 21:46: **********Train Epoch 363: averaged Loss: 0.014712
2026-04-20 21:46: **********Val Epoch 363: average Loss: 0.014563
2026-04-20 21:46: Train Epoch 364: 0/37 Loss: 0.025181
2026-04-20 21:46: Train Epoch 364: 20/37 Loss: 0.010388
2026-04-20 21:46: **********Train Epoch 364: averaged Loss: 0.018968
2026-04-20 21:46: **********Val Epoch 364: average Loss: 0.035077
2026-04-20 21:46: Train Epoch 365: 0/37 Loss: 0.038228
2026-04-20 21:46: Train Epoch 365: 20/37 Loss: 0.011447
2026-04-20 21:46: **********Train Epoch 365: averaged Loss: 0.024947
2026-04-20 21:46: **********Val Epoch 365: average Loss: 0.020757
2026-04-20 21:46: Train Epoch 366: 0/37 Loss: 0.069892
2026-04-20 21:46: Train Epoch 366: 20/37 Loss: 0.010659
2026-04-20 21:46: **********Train Epoch 366: averaged Loss: 0.020853
2026-04-20 21:46: **********Val Epoch 366: average Loss: 0.018483
2026-04-20 21:46: Train Epoch 367: 0/37 Loss: 0.096774
2026-04-20 21:46: Train Epoch 367: 20/37 Loss: 0.022140
2026-04-20 21:46: **********Train Epoch 367: averaged Loss: 0.028287
2026-04-20 21:46: **********Val Epoch 367: average Loss: 0.008258
2026-04-20 21:46: Train Epoch 368: 0/37 Loss: 0.081108
2026-04-20 21:46: Train Epoch 368: 20/37 Loss: 0.006829
2026-04-20 21:46: **********Train Epoch 368: averaged Loss: 0.023050
2026-04-20 21:46: **********Val Epoch 368: average Loss: 0.019664
2026-04-20 21:46: Train Epoch 369: 0/37 Loss: 0.059919
2026-04-20 21:46: Train Epoch 369: 20/37 Loss: 0.009013
2026-04-20 21:46: **********Train Epoch 369: averaged Loss: 0.019633
2026-04-20 21:46: **********Val Epoch 369: average Loss: 0.031776
2026-04-20 21:46: Train Epoch 370: 0/37 Loss: 0.058136
2026-04-20 21:46: Train Epoch 370: 20/37 Loss: 0.007625
2026-04-20 21:46: **********Train Epoch 370: averaged Loss: 0.018650
2026-04-20 21:46: **********Val Epoch 370: average Loss: 0.022965
2026-04-20 21:46: Train Epoch 371: 0/37 Loss: 0.024916
2026-04-20 21:46: Train Epoch 371: 20/37 Loss: 0.006723
2026-04-20 21:46: **********Train Epoch 371: averaged Loss: 0.017873
2026-04-20 21:46: **********Val Epoch 371: average Loss: 0.018109
2026-04-20 21:46: Train Epoch 372: 0/37 Loss: 0.055462
2026-04-20 21:46: Train Epoch 372: 20/37 Loss: 0.018893
2026-04-20 21:46: **********Train Epoch 372: averaged Loss: 0.020143
2026-04-20 21:46: **********Val Epoch 372: average Loss: 0.007826
2026-04-20 21:46: Train Epoch 373: 0/37 Loss: 0.009057
2026-04-20 21:46: Train Epoch 373: 20/37 Loss: 0.014372
2026-04-20 21:46: **********Train Epoch 373: averaged Loss: 0.014420
2026-04-20 21:46: **********Val Epoch 373: average Loss: 0.016938
2026-04-20 21:46: Train Epoch 374: 0/37 Loss: 0.005348
2026-04-20 21:46: Train Epoch 374: 20/37 Loss: 0.010192
2026-04-20 21:46: **********Train Epoch 374: averaged Loss: 0.011960
2026-04-20 21:46: **********Val Epoch 374: average Loss: 0.011555
2026-04-20 21:46: Train Epoch 375: 0/37 Loss: 0.027371
2026-04-20 21:46: Train Epoch 375: 20/37 Loss: 0.005853
2026-04-20 21:46: **********Train Epoch 375: averaged Loss: 0.011697
2026-04-20 21:46: **********Val Epoch 375: average Loss: 0.006807
2026-04-20 21:46: Train Epoch 376: 0/37 Loss: 0.004759
2026-04-20 21:46: Train Epoch 376: 20/37 Loss: 0.005948
2026-04-20 21:46: **********Train Epoch 376: averaged Loss: 0.009067
2026-04-20 21:46: **********Val Epoch 376: average Loss: 0.011146
2026-04-20 21:46: Train Epoch 377: 0/37 Loss: 0.006919
2026-04-20 21:46: Train Epoch 377: 20/37 Loss: 0.006062
2026-04-20 21:46: **********Train Epoch 377: averaged Loss: 0.009035
2026-04-20 21:46: **********Val Epoch 377: average Loss: 0.010212
2026-04-20 21:46: Train Epoch 378: 0/37 Loss: 0.027954
2026-04-20 21:46: Train Epoch 378: 20/37 Loss: 0.006012
2026-04-20 21:46: **********Train Epoch 378: averaged Loss: 0.011985
2026-04-20 21:46: **********Val Epoch 378: average Loss: 0.007853
2026-04-20 21:46: Train Epoch 379: 0/37 Loss: 0.044753
2026-04-20 21:46: Train Epoch 379: 20/37 Loss: 0.008220
2026-04-20 21:46: **********Train Epoch 379: averaged Loss: 0.015535
2026-04-20 21:46: **********Val Epoch 379: average Loss: 0.006822
2026-04-20 21:46: Train Epoch 380: 0/37 Loss: 0.038354
2026-04-20 21:46: Train Epoch 380: 20/37 Loss: 0.009744
2026-04-20 21:46: **********Train Epoch 380: averaged Loss: 0.015127
2026-04-20 21:46: **********Val Epoch 380: average Loss: 0.022783
2026-04-20 21:46: Train Epoch 381: 0/37 Loss: 0.039915
2026-04-20 21:46: Train Epoch 381: 20/37 Loss: 0.008468
2026-04-20 21:46: **********Train Epoch 381: averaged Loss: 0.016208
2026-04-20 21:46: **********Val Epoch 381: average Loss: 0.011266
2026-04-20 21:46: Train Epoch 382: 0/37 Loss: 0.025037
2026-04-20 21:46: Train Epoch 382: 20/37 Loss: 0.010844
2026-04-20 21:46: **********Train Epoch 382: averaged Loss: 0.017389
2026-04-20 21:46: **********Val Epoch 382: average Loss: 0.036182
2026-04-20 21:46: Train Epoch 383: 0/37 Loss: 0.017387
2026-04-20 21:46: Train Epoch 383: 20/37 Loss: 0.017452
2026-04-20 21:46: **********Train Epoch 383: averaged Loss: 0.015716
2026-04-20 21:46: **********Val Epoch 383: average Loss: 0.007398
2026-04-20 21:46: Train Epoch 384: 0/37 Loss: 0.072634
2026-04-20 21:46: Train Epoch 384: 20/37 Loss: 0.010620
2026-04-20 21:46: **********Train Epoch 384: averaged Loss: 0.022001
2026-04-20 21:46: **********Val Epoch 384: average Loss: 0.029135
2026-04-20 21:46: Train Epoch 385: 0/37 Loss: 0.020846
2026-04-20 21:46: Train Epoch 385: 20/37 Loss: 0.010017
2026-04-20 21:46: **********Train Epoch 385: averaged Loss: 0.009667
2026-04-20 21:46: **********Val Epoch 385: average Loss: 0.015228
2026-04-20 21:46: Train Epoch 386: 0/37 Loss: 0.006953
2026-04-20 21:46: Train Epoch 386: 20/37 Loss: 0.011507
2026-04-20 21:46: **********Train Epoch 386: averaged Loss: 0.009506
2026-04-20 21:46: **********Val Epoch 386: average Loss: 0.016824
2026-04-20 21:46: Train Epoch 387: 0/37 Loss: 0.032762
2026-04-20 21:46: Train Epoch 387: 20/37 Loss: 0.013438
2026-04-20 21:46: **********Train Epoch 387: averaged Loss: 0.016041
2026-04-20 21:46: **********Val Epoch 387: average Loss: 0.020856
2026-04-20 21:46: Train Epoch 388: 0/37 Loss: 0.037289
2026-04-20 21:46: Train Epoch 388: 20/37 Loss: 0.005678
2026-04-20 21:46: **********Train Epoch 388: averaged Loss: 0.013226
2026-04-20 21:46: **********Val Epoch 388: average Loss: 0.009969
2026-04-20 21:46: Train Epoch 389: 0/37 Loss: 0.009944
2026-04-20 21:46: Train Epoch 389: 20/37 Loss: 0.010400
2026-04-20 21:46: **********Train Epoch 389: averaged Loss: 0.019693
2026-04-20 21:46: **********Val Epoch 389: average Loss: 0.023520
2026-04-20 21:46: Train Epoch 390: 0/37 Loss: 0.029381
2026-04-20 21:46: Train Epoch 390: 20/37 Loss: 0.014343
2026-04-20 21:47: **********Train Epoch 390: averaged Loss: 0.017084
2026-04-20 21:47: **********Val Epoch 390: average Loss: 0.010180
2026-04-20 21:47: Train Epoch 391: 0/37 Loss: 0.039389
2026-04-20 21:47: Train Epoch 391: 20/37 Loss: 0.024607
2026-04-20 21:47: **********Train Epoch 391: averaged Loss: 0.019791
2026-04-20 21:47: **********Val Epoch 391: average Loss: 0.025746
2026-04-20 21:47: Train Epoch 392: 0/37 Loss: 0.022017
2026-04-20 21:47: Train Epoch 392: 20/37 Loss: 0.010096
2026-04-20 21:47: **********Train Epoch 392: averaged Loss: 0.014842
2026-04-20 21:47: **********Val Epoch 392: average Loss: 0.017050
2026-04-20 21:47: Train Epoch 393: 0/37 Loss: 0.004921
2026-04-20 21:47: Train Epoch 393: 20/37 Loss: 0.008215
2026-04-20 21:47: **********Train Epoch 393: averaged Loss: 0.012686
2026-04-20 21:47: **********Val Epoch 393: average Loss: 0.013611
2026-04-20 21:47: Train Epoch 394: 0/37 Loss: 0.025680
2026-04-20 21:47: Train Epoch 394: 20/37 Loss: 0.006479
2026-04-20 21:47: **********Train Epoch 394: averaged Loss: 0.013289
2026-04-20 21:47: **********Val Epoch 394: average Loss: 0.007467
2026-04-20 21:47: Train Epoch 395: 0/37 Loss: 0.032241
2026-04-20 21:47: Train Epoch 395: 20/37 Loss: 0.014393
2026-04-20 21:47: **********Train Epoch 395: averaged Loss: 0.016975
2026-04-20 21:47: **********Val Epoch 395: average Loss: 0.012288
2026-04-20 21:47: Train Epoch 396: 0/37 Loss: 0.033713
2026-04-20 21:47: Train Epoch 396: 20/37 Loss: 0.006698
2026-04-20 21:47: **********Train Epoch 396: averaged Loss: 0.012424
2026-04-20 21:47: **********Val Epoch 396: average Loss: 0.016576
2026-04-20 21:47: Train Epoch 397: 0/37 Loss: 0.034997
2026-04-20 21:47: Train Epoch 397: 20/37 Loss: 0.007138
2026-04-20 21:47: **********Train Epoch 397: averaged Loss: 0.016833
2026-04-20 21:47: **********Val Epoch 397: average Loss: 0.021098
2026-04-20 21:47: Train Epoch 398: 0/37 Loss: 0.020711
2026-04-20 21:47: Train Epoch 398: 20/37 Loss: 0.006971
2026-04-20 21:47: **********Train Epoch 398: averaged Loss: 0.012185
2026-04-20 21:47: **********Val Epoch 398: average Loss: 0.016229
2026-04-20 21:47: Train Epoch 399: 0/37 Loss: 0.026339
2026-04-20 21:47: Train Epoch 399: 20/37 Loss: 0.006030
2026-04-20 21:47: **********Train Epoch 399: averaged Loss: 0.016876
2026-04-20 21:47: **********Val Epoch 399: average Loss: 0.011988
2026-04-20 21:47: Train Epoch 400: 0/37 Loss: 0.007805
2026-04-20 21:47: Train Epoch 400: 20/37 Loss: 0.007042
2026-04-20 21:47: **********Train Epoch 400: averaged Loss: 0.014515
2026-04-20 21:47: **********Val Epoch 400: average Loss: 0.025453
2026-04-20 21:47: Train Epoch 401: 0/37 Loss: 0.030837
2026-04-20 21:47: Train Epoch 401: 20/37 Loss: 0.024515
2026-04-20 21:47: **********Train Epoch 401: averaged Loss: 0.018848
2026-04-20 21:47: **********Val Epoch 401: average Loss: 0.023833
2026-04-20 21:47: Train Epoch 402: 0/37 Loss: 0.032464
2026-04-20 21:47: Train Epoch 402: 20/37 Loss: 0.012282
2026-04-20 21:47: **********Train Epoch 402: averaged Loss: 0.016686
2026-04-20 21:47: **********Val Epoch 402: average Loss: 0.012113
2026-04-20 21:47: Train Epoch 403: 0/37 Loss: 0.007919
2026-04-20 21:47: Train Epoch 403: 20/37 Loss: 0.015343
2026-04-20 21:47: **********Train Epoch 403: averaged Loss: 0.016793
2026-04-20 21:47: **********Val Epoch 403: average Loss: 0.034992
2026-04-20 21:47: Train Epoch 404: 0/37 Loss: 0.035594
2026-04-20 21:47: Train Epoch 404: 20/37 Loss: 0.032637
2026-04-20 21:47: **********Train Epoch 404: averaged Loss: 0.019457
2026-04-20 21:47: **********Val Epoch 404: average Loss: 0.011717
2026-04-20 21:47: Train Epoch 405: 0/37 Loss: 0.056183
2026-04-20 21:47: Train Epoch 405: 20/37 Loss: 0.015259
2026-04-20 21:47: **********Train Epoch 405: averaged Loss: 0.023687
2026-04-20 21:47: **********Val Epoch 405: average Loss: 0.014174
2026-04-20 21:47: Train Epoch 406: 0/37 Loss: 0.042194
2026-04-20 21:47: Train Epoch 406: 20/37 Loss: 0.010046
2026-04-20 21:47: **********Train Epoch 406: averaged Loss: 0.017566
2026-04-20 21:47: **********Val Epoch 406: average Loss: 0.008115
2026-04-20 21:47: Train Epoch 407: 0/37 Loss: 0.023321
2026-04-20 21:47: Train Epoch 407: 20/37 Loss: 0.006560
2026-04-20 21:47: **********Train Epoch 407: averaged Loss: 0.014286
2026-04-20 21:47: **********Val Epoch 407: average Loss: 0.011166
2026-04-20 21:47: Train Epoch 408: 0/37 Loss: 0.028379
2026-04-20 21:47: Train Epoch 408: 20/37 Loss: 0.025684
2026-04-20 21:47: **********Train Epoch 408: averaged Loss: 0.018557
2026-04-20 21:47: **********Val Epoch 408: average Loss: 0.015971
2026-04-20 21:47: Train Epoch 409: 0/37 Loss: 0.012210
2026-04-20 21:47: Train Epoch 409: 20/37 Loss: 0.015488
2026-04-20 21:47: **********Train Epoch 409: averaged Loss: 0.012105
2026-04-20 21:47: **********Val Epoch 409: average Loss: 0.009987
2026-04-20 21:47: Train Epoch 410: 0/37 Loss: 0.004363
2026-04-20 21:47: Train Epoch 410: 20/37 Loss: 0.013778
2026-04-20 21:47: **********Train Epoch 410: averaged Loss: 0.011403
2026-04-20 21:47: **********Val Epoch 410: average Loss: 0.010523
2026-04-20 21:47: Train Epoch 411: 0/37 Loss: 0.014215
2026-04-20 21:47: Train Epoch 411: 20/37 Loss: 0.007567
2026-04-20 21:47: **********Train Epoch 411: averaged Loss: 0.012150
2026-04-20 21:47: **********Val Epoch 411: average Loss: 0.023575
2026-04-20 21:47: Train Epoch 412: 0/37 Loss: 0.006371
2026-04-20 21:47: Train Epoch 412: 20/37 Loss: 0.017138
2026-04-20 21:47: **********Train Epoch 412: averaged Loss: 0.016387
2026-04-20 21:47: **********Val Epoch 412: average Loss: 0.008374
2026-04-20 21:47: Train Epoch 413: 0/37 Loss: 0.057459
2026-04-20 21:47: Train Epoch 413: 20/37 Loss: 0.012538
2026-04-20 21:47: **********Train Epoch 413: averaged Loss: 0.019786
2026-04-20 21:47: **********Val Epoch 413: average Loss: 0.020689
2026-04-20 21:47: Train Epoch 414: 0/37 Loss: 0.073026
2026-04-20 21:47: Train Epoch 414: 20/37 Loss: 0.007629
2026-04-20 21:47: **********Train Epoch 414: averaged Loss: 0.022968
2026-04-20 21:47: **********Val Epoch 414: average Loss: 0.024516
2026-04-20 21:47: Train Epoch 415: 0/37 Loss: 0.047464
2026-04-20 21:47: Train Epoch 415: 20/37 Loss: 0.007626
2026-04-20 21:47: **********Train Epoch 415: averaged Loss: 0.015996
2026-04-20 21:47: **********Val Epoch 415: average Loss: 0.019444
2026-04-20 21:47: Train Epoch 416: 0/37 Loss: 0.011215
2026-04-20 21:47: Train Epoch 416: 20/37 Loss: 0.009016
2026-04-20 21:47: **********Train Epoch 416: averaged Loss: 0.009484
2026-04-20 21:47: **********Val Epoch 416: average Loss: 0.023041
2026-04-20 21:47: Train Epoch 417: 0/37 Loss: 0.004457
2026-04-20 21:47: Train Epoch 417: 20/37 Loss: 0.007617
2026-04-20 21:47: **********Train Epoch 417: averaged Loss: 0.009256
2026-04-20 21:47: **********Val Epoch 417: average Loss: 0.006598
2026-04-20 21:47: Train Epoch 418: 0/37 Loss: 0.009025
2026-04-20 21:47: Train Epoch 418: 20/37 Loss: 0.005784
2026-04-20 21:47: **********Train Epoch 418: averaged Loss: 0.010244
2026-04-20 21:47: **********Val Epoch 418: average Loss: 0.027755
2026-04-20 21:47: Train Epoch 419: 0/37 Loss: 0.018967
2026-04-20 21:48: Train Epoch 419: 20/37 Loss: 0.015022
2026-04-20 21:48: **********Train Epoch 419: averaged Loss: 0.008997
2026-04-20 21:48: **********Val Epoch 419: average Loss: 0.009775
2026-04-20 21:48: Train Epoch 420: 0/37 Loss: 0.058688
2026-04-20 21:48: Train Epoch 420: 20/37 Loss: 0.029761
2026-04-20 21:48: **********Train Epoch 420: averaged Loss: 0.021777
2026-04-20 21:48: **********Val Epoch 420: average Loss: 0.024907
2026-04-20 21:48: Train Epoch 421: 0/37 Loss: 0.043227
2026-04-20 21:48: Train Epoch 421: 20/37 Loss: 0.015516
2026-04-20 21:48: **********Train Epoch 421: averaged Loss: 0.016763
2026-04-20 21:48: **********Val Epoch 421: average Loss: 0.006547
2026-04-20 21:48: Train Epoch 422: 0/37 Loss: 0.018966
2026-04-20 21:48: Train Epoch 422: 20/37 Loss: 0.008206
2026-04-20 21:48: **********Train Epoch 422: averaged Loss: 0.012868
2026-04-20 21:48: **********Val Epoch 422: average Loss: 0.013271
2026-04-20 21:48: Train Epoch 423: 0/37 Loss: 0.008508
2026-04-20 21:48: Train Epoch 423: 20/37 Loss: 0.006583
2026-04-20 21:48: **********Train Epoch 423: averaged Loss: 0.009765
2026-04-20 21:48: **********Val Epoch 423: average Loss: 0.007401
2026-04-20 21:48: Train Epoch 424: 0/37 Loss: 0.007744
2026-04-20 21:48: Train Epoch 424: 20/37 Loss: 0.006959
2026-04-20 21:48: **********Train Epoch 424: averaged Loss: 0.016261
2026-04-20 21:48: **********Val Epoch 424: average Loss: 0.034900
2026-04-20 21:48: Train Epoch 425: 0/37 Loss: 0.016655
2026-04-20 21:48: Train Epoch 425: 20/37 Loss: 0.026206
2026-04-20 21:48: **********Train Epoch 425: averaged Loss: 0.015696
2026-04-20 21:48: **********Val Epoch 425: average Loss: 0.011732
2026-04-20 21:48: Train Epoch 426: 0/37 Loss: 0.092407
2026-04-20 21:48: Train Epoch 426: 20/37 Loss: 0.031205
2026-04-20 21:48: **********Train Epoch 426: averaged Loss: 0.028464
2026-04-20 21:48: **********Val Epoch 426: average Loss: 0.008387
2026-04-20 21:48: Train Epoch 427: 0/37 Loss: 0.091346
2026-04-20 21:48: Train Epoch 427: 20/37 Loss: 0.012070
2026-04-20 21:48: **********Train Epoch 427: averaged Loss: 0.025165
2026-04-20 21:48: **********Val Epoch 427: average Loss: 0.008238
2026-04-20 21:48: Train Epoch 428: 0/37 Loss: 0.047928
2026-04-20 21:48: Train Epoch 428: 20/37 Loss: 0.006183
2026-04-20 21:48: **********Train Epoch 428: averaged Loss: 0.017112
2026-04-20 21:48: **********Val Epoch 428: average Loss: 0.007500
2026-04-20 21:48: Train Epoch 429: 0/37 Loss: 0.011517
2026-04-20 21:48: Train Epoch 429: 20/37 Loss: 0.011138
2026-04-20 21:48: **********Train Epoch 429: averaged Loss: 0.011625
2026-04-20 21:48: **********Val Epoch 429: average Loss: 0.013183
2026-04-20 21:48: Train Epoch 430: 0/37 Loss: 0.069478
2026-04-20 21:48: Train Epoch 430: 20/37 Loss: 0.015024
2026-04-20 21:48: **********Train Epoch 430: averaged Loss: 0.024322
2026-04-20 21:48: **********Val Epoch 430: average Loss: 0.023892
2026-04-20 21:48: Train Epoch 431: 0/37 Loss: 0.009688
2026-04-20 21:48: Train Epoch 431: 20/37 Loss: 0.008019
2026-04-20 21:48: **********Train Epoch 431: averaged Loss: 0.009962
2026-04-20 21:48: **********Val Epoch 431: average Loss: 0.008465
2026-04-20 21:48: Train Epoch 432: 0/37 Loss: 0.055760
2026-04-20 21:48: Train Epoch 432: 20/37 Loss: 0.009756
2026-04-20 21:48: **********Train Epoch 432: averaged Loss: 0.017884
2026-04-20 21:48: **********Val Epoch 432: average Loss: 0.009078
2026-04-20 21:48: Train Epoch 433: 0/37 Loss: 0.058579
2026-04-20 21:48: Train Epoch 433: 20/37 Loss: 0.006327
2026-04-20 21:48: **********Train Epoch 433: averaged Loss: 0.020429
2026-04-20 21:48: **********Val Epoch 433: average Loss: 0.014884
2026-04-20 21:48: Train Epoch 434: 0/37 Loss: 0.045912
2026-04-20 21:48: Train Epoch 434: 20/37 Loss: 0.006735
2026-04-20 21:48: **********Train Epoch 434: averaged Loss: 0.014773
2026-04-20 21:48: **********Val Epoch 434: average Loss: 0.006728
2026-04-20 21:48: Train Epoch 435: 0/37 Loss: 0.033445
2026-04-20 21:48: Train Epoch 435: 20/37 Loss: 0.008896
2026-04-20 21:48: **********Train Epoch 435: averaged Loss: 0.014606
2026-04-20 21:48: **********Val Epoch 435: average Loss: 0.010455
2026-04-20 21:48: Train Epoch 436: 0/37 Loss: 0.010815
2026-04-20 21:48: Train Epoch 436: 20/37 Loss: 0.006336
2026-04-20 21:48: **********Train Epoch 436: averaged Loss: 0.010033
2026-04-20 21:48: **********Val Epoch 436: average Loss: 0.005890
2026-04-20 21:48: *********************************Current best model saved!
2026-04-20 21:48: Train Epoch 437: 0/37 Loss: 0.003710
2026-04-20 21:48: Train Epoch 437: 20/37 Loss: 0.014573
2026-04-20 21:48: **********Train Epoch 437: averaged Loss: 0.010949
2026-04-20 21:48: **********Val Epoch 437: average Loss: 0.006760
2026-04-20 21:48: Train Epoch 438: 0/37 Loss: 0.022020
2026-04-20 21:48: Train Epoch 438: 20/37 Loss: 0.009885
2026-04-20 21:48: **********Train Epoch 438: averaged Loss: 0.015676
2026-04-20 21:48: **********Val Epoch 438: average Loss: 0.034952
2026-04-20 21:48: Train Epoch 439: 0/37 Loss: 0.016270
2026-04-20 21:48: Train Epoch 439: 20/37 Loss: 0.006918
2026-04-20 21:48: **********Train Epoch 439: averaged Loss: 0.013848
2026-04-20 21:48: **********Val Epoch 439: average Loss: 0.012250
2026-04-20 21:48: Train Epoch 440: 0/37 Loss: 0.100609
2026-04-20 21:48: Train Epoch 440: 20/37 Loss: 0.023210
2026-04-20 21:48: **********Train Epoch 440: averaged Loss: 0.025723
2026-04-20 21:48: **********Val Epoch 440: average Loss: 0.025167
2026-04-20 21:48: Train Epoch 441: 0/37 Loss: 0.008261
2026-04-20 21:48: Train Epoch 441: 20/37 Loss: 0.005906
2026-04-20 21:48: **********Train Epoch 441: averaged Loss: 0.011236
2026-04-20 21:48: **********Val Epoch 441: average Loss: 0.013569
2026-04-20 21:48: Train Epoch 442: 0/37 Loss: 0.069761
2026-04-20 21:48: Train Epoch 442: 20/37 Loss: 0.019168
2026-04-20 21:48: **********Train Epoch 442: averaged Loss: 0.022306
2026-04-20 21:48: **********Val Epoch 442: average Loss: 0.020389
2026-04-20 21:48: Train Epoch 443: 0/37 Loss: 0.006896
2026-04-20 21:48: Train Epoch 443: 20/37 Loss: 0.013569
2026-04-20 21:48: **********Train Epoch 443: averaged Loss: 0.013309
2026-04-20 21:48: **********Val Epoch 443: average Loss: 0.011136
2026-04-20 21:48: Train Epoch 444: 0/37 Loss: 0.042031
2026-04-20 21:48: Train Epoch 444: 20/37 Loss: 0.022975
2026-04-20 21:48: **********Train Epoch 444: averaged Loss: 0.019418
2026-04-20 21:48: **********Val Epoch 444: average Loss: 0.020376
2026-04-20 21:48: Train Epoch 445: 0/37 Loss: 0.033095
2026-04-20 21:48: Train Epoch 445: 20/37 Loss: 0.019101
2026-04-20 21:48: **********Train Epoch 445: averaged Loss: 0.018704
2026-04-20 21:48: **********Val Epoch 445: average Loss: 0.024649
2026-04-20 21:48: Train Epoch 446: 0/37 Loss: 0.054337
2026-04-20 21:48: Train Epoch 446: 20/37 Loss: 0.006620
2026-04-20 21:48: **********Train Epoch 446: averaged Loss: 0.015877
2026-04-20 21:48: **********Val Epoch 446: average Loss: 0.025737
2026-04-20 21:48: Train Epoch 447: 0/37 Loss: 0.010005
2026-04-20 21:49: Train Epoch 447: 20/37 Loss: 0.007523
2026-04-20 21:49: **********Train Epoch 447: averaged Loss: 0.011254
2026-04-20 21:49: **********Val Epoch 447: average Loss: 0.007771
2026-04-20 21:49: Train Epoch 448: 0/37 Loss: 0.049800
2026-04-20 21:49: Train Epoch 448: 20/37 Loss: 0.008882
2026-04-20 21:49: **********Train Epoch 448: averaged Loss: 0.017756
2026-04-20 21:49: **********Val Epoch 448: average Loss: 0.006031
2026-04-20 21:49: Train Epoch 449: 0/37 Loss: 0.023129
2026-04-20 21:49: Train Epoch 449: 20/37 Loss: 0.012190
2026-04-20 21:49: **********Train Epoch 449: averaged Loss: 0.016706
2026-04-20 21:49: **********Val Epoch 449: average Loss: 0.022863
2026-04-20 21:49: Train Epoch 450: 0/37 Loss: 0.004336
2026-04-20 21:49: Train Epoch 450: 20/37 Loss: 0.009689
2026-04-20 21:49: **********Train Epoch 450: averaged Loss: 0.014943
2026-04-20 21:49: **********Val Epoch 450: average Loss: 0.008564
2026-04-20 21:49: Train Epoch 451: 0/37 Loss: 0.059265
2026-04-20 21:49: Train Epoch 451: 20/37 Loss: 0.013491
2026-04-20 21:49: **********Train Epoch 451: averaged Loss: 0.024046
2026-04-20 21:49: **********Val Epoch 451: average Loss: 0.024183
2026-04-20 21:49: Train Epoch 452: 0/37 Loss: 0.079190
2026-04-20 21:49: Train Epoch 452: 20/37 Loss: 0.008226
2026-04-20 21:49: **********Train Epoch 452: averaged Loss: 0.022427
2026-04-20 21:49: **********Val Epoch 452: average Loss: 0.011031
2026-04-20 21:49: Train Epoch 453: 0/37 Loss: 0.042556
2026-04-20 21:49: Train Epoch 453: 20/37 Loss: 0.008411
2026-04-20 21:49: **********Train Epoch 453: averaged Loss: 0.016031
2026-04-20 21:49: **********Val Epoch 453: average Loss: 0.009496
2026-04-20 21:49: Train Epoch 454: 0/37 Loss: 0.022568
2026-04-20 21:49: Train Epoch 454: 20/37 Loss: 0.006528
2026-04-20 21:49: **********Train Epoch 454: averaged Loss: 0.014527
2026-04-20 21:49: **********Val Epoch 454: average Loss: 0.018200
2026-04-20 21:49: Train Epoch 455: 0/37 Loss: 0.013173
2026-04-20 21:49: Train Epoch 455: 20/37 Loss: 0.006406
2026-04-20 21:49: **********Train Epoch 455: averaged Loss: 0.011121
2026-04-20 21:49: **********Val Epoch 455: average Loss: 0.008200
2026-04-20 21:49: Train Epoch 456: 0/37 Loss: 0.032205
2026-04-20 21:49: Train Epoch 456: 20/37 Loss: 0.016936
2026-04-20 21:49: **********Train Epoch 456: averaged Loss: 0.018150
2026-04-20 21:49: **********Val Epoch 456: average Loss: 0.025856
2026-04-20 21:49: Train Epoch 457: 0/37 Loss: 0.028250
2026-04-20 21:49: Train Epoch 457: 20/37 Loss: 0.007020
2026-04-20 21:49: **********Train Epoch 457: averaged Loss: 0.012319
2026-04-20 21:49: **********Val Epoch 457: average Loss: 0.019754
2026-04-20 21:49: Train Epoch 458: 0/37 Loss: 0.060412
2026-04-20 21:49: Train Epoch 458: 20/37 Loss: 0.008548
2026-04-20 21:49: **********Train Epoch 458: averaged Loss: 0.020940
2026-04-20 21:49: **********Val Epoch 458: average Loss: 0.012453
2026-04-20 21:49: Train Epoch 459: 0/37 Loss: 0.066165
2026-04-20 21:49: Train Epoch 459: 20/37 Loss: 0.006445
2026-04-20 21:49: **********Train Epoch 459: averaged Loss: 0.025939
2026-04-20 21:49: **********Val Epoch 459: average Loss: 0.052529
2026-04-20 21:49: Train Epoch 460: 0/37 Loss: 0.026266
2026-04-20 21:49: Train Epoch 460: 20/37 Loss: 0.025217
2026-04-20 21:49: **********Train Epoch 460: averaged Loss: 0.017337
2026-04-20 21:49: **********Val Epoch 460: average Loss: 0.013771
2026-04-20 21:49: Train Epoch 461: 0/37 Loss: 0.062142
2026-04-20 21:49: Train Epoch 461: 20/37 Loss: 0.006476
2026-04-20 21:49: **********Train Epoch 461: averaged Loss: 0.022968
2026-04-20 21:49: **********Val Epoch 461: average Loss: 0.013271
2026-04-20 21:49: Train Epoch 462: 0/37 Loss: 0.026862
2026-04-20 21:49: Train Epoch 462: 20/37 Loss: 0.019272
2026-04-20 21:49: **********Train Epoch 462: averaged Loss: 0.017840
2026-04-20 21:49: **********Val Epoch 462: average Loss: 0.049672
2026-04-20 21:49: Train Epoch 463: 0/37 Loss: 0.046432
2026-04-20 21:49: Train Epoch 463: 20/37 Loss: 0.036654
2026-04-20 21:49: **********Train Epoch 463: averaged Loss: 0.020589
2026-04-20 21:49: **********Val Epoch 463: average Loss: 0.018734
2026-04-20 21:49: Train Epoch 464: 0/37 Loss: 0.078010
2026-04-20 21:49: Train Epoch 464: 20/37 Loss: 0.026136
2026-04-20 21:49: **********Train Epoch 464: averaged Loss: 0.027056
2026-04-20 21:49: **********Val Epoch 464: average Loss: 0.011753
2026-04-20 21:49: Train Epoch 465: 0/37 Loss: 0.054849
2026-04-20 21:49: Train Epoch 465: 20/37 Loss: 0.006737
2026-04-20 21:49: **********Train Epoch 465: averaged Loss: 0.018956
2026-04-20 21:49: **********Val Epoch 465: average Loss: 0.008689
2026-04-20 21:49: Train Epoch 466: 0/37 Loss: 0.009204
2026-04-20 21:49: Train Epoch 466: 20/37 Loss: 0.012353
2026-04-20 21:49: **********Train Epoch 466: averaged Loss: 0.009652
2026-04-20 21:49: **********Val Epoch 466: average Loss: 0.006785
2026-04-20 21:49: Train Epoch 467: 0/37 Loss: 0.017185
2026-04-20 21:49: Train Epoch 467: 20/37 Loss: 0.016894
2026-04-20 21:49: **********Train Epoch 467: averaged Loss: 0.011489
2026-04-20 21:49: **********Val Epoch 467: average Loss: 0.006264
2026-04-20 21:49: Train Epoch 468: 0/37 Loss: 0.035720
2026-04-20 21:49: Train Epoch 468: 20/37 Loss: 0.011208
2026-04-20 21:49: **********Train Epoch 468: averaged Loss: 0.017000
2026-04-20 21:49: **********Val Epoch 468: average Loss: 0.019801
2026-04-20 21:49: Train Epoch 469: 0/37 Loss: 0.099680
2026-04-20 21:49: Train Epoch 469: 20/37 Loss: 0.007757
2026-04-20 21:49: **********Train Epoch 469: averaged Loss: 0.028123
2026-04-20 21:49: **********Val Epoch 469: average Loss: 0.016681
2026-04-20 21:49: Train Epoch 470: 0/37 Loss: 0.003790
2026-04-20 21:49: Train Epoch 470: 20/37 Loss: 0.010861
2026-04-20 21:49: **********Train Epoch 470: averaged Loss: 0.012892
2026-04-20 21:49: **********Val Epoch 470: average Loss: 0.009605
2026-04-20 21:49: Train Epoch 471: 0/37 Loss: 0.008526
2026-04-20 21:49: Train Epoch 471: 20/37 Loss: 0.010367
2026-04-20 21:49: **********Train Epoch 471: averaged Loss: 0.014069
2026-04-20 21:49: **********Val Epoch 471: average Loss: 0.014058
2026-04-20 21:49: Train Epoch 472: 0/37 Loss: 0.028688
2026-04-20 21:49: Train Epoch 472: 20/37 Loss: 0.006073
2026-04-20 21:49: **********Train Epoch 472: averaged Loss: 0.015207
2026-04-20 21:49: **********Val Epoch 472: average Loss: 0.024758
2026-04-20 21:49: Train Epoch 473: 0/37 Loss: 0.006199
2026-04-20 21:49: Train Epoch 473: 20/37 Loss: 0.014448
2026-04-20 21:49: **********Train Epoch 473: averaged Loss: 0.010427
2026-04-20 21:49: **********Val Epoch 473: average Loss: 0.009993
2026-04-20 21:49: Train Epoch 474: 0/37 Loss: 0.025643
2026-04-20 21:49: Train Epoch 474: 20/37 Loss: 0.005912
2026-04-20 21:49: **********Train Epoch 474: averaged Loss: 0.009731
2026-04-20 21:49: **********Val Epoch 474: average Loss: 0.008584
2026-04-20 21:49: Train Epoch 475: 0/37 Loss: 0.011114
2026-04-20 21:49: Train Epoch 475: 20/37 Loss: 0.009457
2026-04-20 21:49: **********Train Epoch 475: averaged Loss: 0.012541
2026-04-20 21:49: **********Val Epoch 475: average Loss: 0.009742
2026-04-20 21:50: Train Epoch 476: 0/37 Loss: 0.009697
2026-04-20 21:50: Train Epoch 476: 20/37 Loss: 0.008264
2026-04-20 21:50: **********Train Epoch 476: averaged Loss: 0.013606
2026-04-20 21:50: **********Val Epoch 476: average Loss: 0.010468
2026-04-20 21:50: Train Epoch 477: 0/37 Loss: 0.011052
2026-04-20 21:50: Train Epoch 477: 20/37 Loss: 0.005830
2026-04-20 21:50: **********Train Epoch 477: averaged Loss: 0.014902
2026-04-20 21:50: **********Val Epoch 477: average Loss: 0.024205
2026-04-20 21:50: Train Epoch 478: 0/37 Loss: 0.017864
2026-04-20 21:50: Train Epoch 478: 20/37 Loss: 0.009008
2026-04-20 21:50: **********Train Epoch 478: averaged Loss: 0.014856
2026-04-20 21:50: **********Val Epoch 478: average Loss: 0.028182
2026-04-20 21:50: Train Epoch 479: 0/37 Loss: 0.023114
2026-04-20 21:50: Train Epoch 479: 20/37 Loss: 0.019105
2026-04-20 21:50: **********Train Epoch 479: averaged Loss: 0.014537
2026-04-20 21:50: **********Val Epoch 479: average Loss: 0.037494
2026-04-20 21:50: Train Epoch 480: 0/37 Loss: 0.040517
2026-04-20 21:50: Train Epoch 480: 20/37 Loss: 0.028978
2026-04-20 21:50: **********Train Epoch 480: averaged Loss: 0.016054
2026-04-20 21:50: **********Val Epoch 480: average Loss: 0.006320
2026-04-20 21:50: Train Epoch 481: 0/37 Loss: 0.045453
2026-04-20 21:50: Train Epoch 481: 20/37 Loss: 0.012765
2026-04-20 21:50: **********Train Epoch 481: averaged Loss: 0.018016
2026-04-20 21:50: **********Val Epoch 481: average Loss: 0.023412
2026-04-20 21:50: Train Epoch 482: 0/37 Loss: 0.057563
2026-04-20 21:50: Train Epoch 482: 20/37 Loss: 0.025600
2026-04-20 21:50: **********Train Epoch 482: averaged Loss: 0.019359
2026-04-20 21:50: **********Val Epoch 482: average Loss: 0.007138
2026-04-20 21:50: Train Epoch 483: 0/37 Loss: 0.004044
2026-04-20 21:50: Train Epoch 483: 20/37 Loss: 0.007992
2026-04-20 21:50: **********Train Epoch 483: averaged Loss: 0.013356
2026-04-20 21:50: **********Val Epoch 483: average Loss: 0.010309
2026-04-20 21:50: Train Epoch 484: 0/37 Loss: 0.005161
2026-04-20 21:50: Train Epoch 484: 20/37 Loss: 0.009201
2026-04-20 21:50: **********Train Epoch 484: averaged Loss: 0.016667
2026-04-20 21:50: **********Val Epoch 484: average Loss: 0.020240
2026-04-20 21:50: Train Epoch 485: 0/37 Loss: 0.007898
2026-04-20 21:50: Train Epoch 485: 20/37 Loss: 0.005668
2026-04-20 21:50: **********Train Epoch 485: averaged Loss: 0.012355
2026-04-20 21:50: **********Val Epoch 485: average Loss: 0.012311
2026-04-20 21:50: Train Epoch 486: 0/37 Loss: 0.067709
2026-04-20 21:50: Train Epoch 486: 20/37 Loss: 0.006573
2026-04-20 21:50: **********Train Epoch 486: averaged Loss: 0.023964
2026-04-20 21:50: **********Val Epoch 486: average Loss: 0.019238
2026-04-20 21:50: Train Epoch 487: 0/37 Loss: 0.071785
2026-04-20 21:50: Train Epoch 487: 20/37 Loss: 0.007955
2026-04-20 21:50: **********Train Epoch 487: averaged Loss: 0.026231
2026-04-20 21:50: **********Val Epoch 487: average Loss: 0.013379
2026-04-20 21:50: Train Epoch 488: 0/37 Loss: 0.053439
2026-04-20 21:50: Train Epoch 488: 20/37 Loss: 0.009004
2026-04-20 21:50: **********Train Epoch 488: averaged Loss: 0.019143
2026-04-20 21:50: **********Val Epoch 488: average Loss: 0.026042
2026-04-20 21:50: Train Epoch 489: 0/37 Loss: 0.020987
2026-04-20 21:50: Train Epoch 489: 20/37 Loss: 0.009921
2026-04-20 21:50: **********Train Epoch 489: averaged Loss: 0.015225
2026-04-20 21:50: **********Val Epoch 489: average Loss: 0.006214
2026-04-20 21:50: Train Epoch 490: 0/37 Loss: 0.064889
2026-04-20 21:50: Train Epoch 490: 20/37 Loss: 0.009714
2026-04-20 21:50: **********Train Epoch 490: averaged Loss: 0.023647
2026-04-20 21:50: **********Val Epoch 490: average Loss: 0.029110
2026-04-20 21:50: Train Epoch 491: 0/37 Loss: 0.014428
2026-04-20 21:50: Train Epoch 491: 20/37 Loss: 0.019364
2026-04-20 21:50: **********Train Epoch 491: averaged Loss: 0.015450
2026-04-20 21:50: **********Val Epoch 491: average Loss: 0.020656
2026-04-20 21:50: Train Epoch 492: 0/37 Loss: 0.047631
2026-04-20 21:50: Train Epoch 492: 20/37 Loss: 0.007131
2026-04-20 21:50: **********Train Epoch 492: averaged Loss: 0.019545
2026-04-20 21:50: **********Val Epoch 492: average Loss: 0.016100
2026-04-20 21:50: Train Epoch 493: 0/37 Loss: 0.045010
2026-04-20 21:50: Train Epoch 493: 20/37 Loss: 0.006417
2026-04-20 21:50: **********Train Epoch 493: averaged Loss: 0.018589
2026-04-20 21:50: **********Val Epoch 493: average Loss: 0.019770
2026-04-20 21:50: Train Epoch 494: 0/37 Loss: 0.029304
2026-04-20 21:50: Train Epoch 494: 20/37 Loss: 0.006539
2026-04-20 21:50: **********Train Epoch 494: averaged Loss: 0.018120
2026-04-20 21:50: **********Val Epoch 494: average Loss: 0.033902
2026-04-20 21:50: Train Epoch 495: 0/37 Loss: 0.030698
2026-04-20 21:50: Train Epoch 495: 20/37 Loss: 0.021983
2026-04-20 21:50: **********Train Epoch 495: averaged Loss: 0.017045
2026-04-20 21:50: **********Val Epoch 495: average Loss: 0.013787
2026-04-20 21:50: Train Epoch 496: 0/37 Loss: 0.058044
2026-04-20 21:50: Train Epoch 496: 20/37 Loss: 0.022520
2026-04-20 21:50: **********Train Epoch 496: averaged Loss: 0.026672
2026-04-20 21:50: **********Val Epoch 496: average Loss: 0.023020
2026-04-20 21:50: Train Epoch 497: 0/37 Loss: 0.003615
2026-04-20 21:50: Train Epoch 497: 20/37 Loss: 0.014538
2026-04-20 21:50: **********Train Epoch 497: averaged Loss: 0.012543
2026-04-20 21:50: **********Val Epoch 497: average Loss: 0.019171
2026-04-20 21:50: Train Epoch 498: 0/37 Loss: 0.036767
2026-04-20 21:50: Train Epoch 498: 20/37 Loss: 0.010329
2026-04-20 21:50: **********Train Epoch 498: averaged Loss: 0.013149
2026-04-20 21:50: **********Val Epoch 498: average Loss: 0.012358
2026-04-20 21:50: Train Epoch 499: 0/37 Loss: 0.018038
2026-04-20 21:50: Train Epoch 499: 20/37 Loss: 0.020947
2026-04-20 21:50: **********Train Epoch 499: averaged Loss: 0.011995
2026-04-20 21:50: **********Val Epoch 499: average Loss: 0.007123
2026-04-20 21:50: Train Epoch 500: 0/37 Loss: 0.032451
2026-04-20 21:50: Train Epoch 500: 20/37 Loss: 0.009559
2026-04-20 21:50: **********Train Epoch 500: averaged Loss: 0.016300
2026-04-20 21:50: **********Val Epoch 500: average Loss: 0.020545
2026-04-20 21:50: Train Epoch 501: 0/37 Loss: 0.013389
2026-04-20 21:50: Train Epoch 501: 20/37 Loss: 0.007912
2026-04-20 21:50: **********Train Epoch 501: averaged Loss: 0.017029
2026-04-20 21:50: **********Val Epoch 501: average Loss: 0.019736
2026-04-20 21:50: Train Epoch 502: 0/37 Loss: 0.073313
2026-04-20 21:50: Train Epoch 502: 20/37 Loss: 0.013795
2026-04-20 21:50: **********Train Epoch 502: averaged Loss: 0.020065
2026-04-20 21:50: **********Val Epoch 502: average Loss: 0.014070
2026-04-20 21:50: Train Epoch 503: 0/37 Loss: 0.067471
2026-04-20 21:50: Train Epoch 503: 20/37 Loss: 0.027380
2026-04-20 21:50: **********Train Epoch 503: averaged Loss: 0.021096
2026-04-20 21:50: **********Val Epoch 503: average Loss: 0.005954
2026-04-20 21:50: Train Epoch 504: 0/37 Loss: 0.045408
2026-04-20 21:50: Train Epoch 504: 20/37 Loss: 0.020448
2026-04-20 21:51: **********Train Epoch 504: averaged Loss: 0.018648
2026-04-20 21:51: **********Val Epoch 504: average Loss: 0.032017
2026-04-20 21:51: Train Epoch 505: 0/37 Loss: 0.008356
2026-04-20 21:51: Train Epoch 505: 20/37 Loss: 0.029596
2026-04-20 21:51: **********Train Epoch 505: averaged Loss: 0.017527
2026-04-20 21:51: **********Val Epoch 505: average Loss: 0.030598
2026-04-20 21:51: Train Epoch 506: 0/37 Loss: 0.103206
2026-04-20 21:51: Train Epoch 506: 20/37 Loss: 0.008966
2026-04-20 21:51: **********Train Epoch 506: averaged Loss: 0.026747
2026-04-20 21:51: **********Val Epoch 506: average Loss: 0.005808
2026-04-20 21:51: *********************************Current best model saved!
2026-04-20 21:51: Train Epoch 507: 0/37 Loss: 0.010727
2026-04-20 21:51: Train Epoch 507: 20/37 Loss: 0.007454
2026-04-20 21:51: **********Train Epoch 507: averaged Loss: 0.009000
2026-04-20 21:51: **********Val Epoch 507: average Loss: 0.009221
2026-04-20 21:51: Train Epoch 508: 0/37 Loss: 0.014965
2026-04-20 21:51: Train Epoch 508: 20/37 Loss: 0.005926
2026-04-20 21:51: **********Train Epoch 508: averaged Loss: 0.010773
2026-04-20 21:51: **********Val Epoch 508: average Loss: 0.030627
2026-04-20 21:51: Train Epoch 509: 0/37 Loss: 0.038411
2026-04-20 21:51: Train Epoch 509: 20/37 Loss: 0.020277
2026-04-20 21:51: **********Train Epoch 509: averaged Loss: 0.016200
2026-04-20 21:51: **********Val Epoch 509: average Loss: 0.007454
2026-04-20 21:51: Train Epoch 510: 0/37 Loss: 0.018843
2026-04-20 21:51: Train Epoch 510: 20/37 Loss: 0.011673
2026-04-20 21:51: **********Train Epoch 510: averaged Loss: 0.009590
2026-04-20 21:51: **********Val Epoch 510: average Loss: 0.008517
2026-04-20 21:51: Train Epoch 511: 0/37 Loss: 0.005445
2026-04-20 21:51: Train Epoch 511: 20/37 Loss: 0.008908
2026-04-20 21:51: **********Train Epoch 511: averaged Loss: 0.014307
2026-04-20 21:51: **********Val Epoch 511: average Loss: 0.032379
2026-04-20 21:51: Train Epoch 512: 0/37 Loss: 0.042949
2026-04-20 21:51: Train Epoch 512: 20/37 Loss: 0.009962
2026-04-20 21:51: **********Train Epoch 512: averaged Loss: 0.018815
2026-04-20 21:51: **********Val Epoch 512: average Loss: 0.005748
2026-04-20 21:51: *********************************Current best model saved!
2026-04-20 21:51: Train Epoch 513: 0/37 Loss: 0.063149
2026-04-20 21:51: Train Epoch 513: 20/37 Loss: 0.016046
2026-04-20 21:51: **********Train Epoch 513: averaged Loss: 0.018835
2026-04-20 21:51: **********Val Epoch 513: average Loss: 0.006032
2026-04-20 21:51: Train Epoch 514: 0/37 Loss: 0.045474
2026-04-20 21:51: Train Epoch 514: 20/37 Loss: 0.012729
2026-04-20 21:51: **********Train Epoch 514: averaged Loss: 0.015175
2026-04-20 21:51: **********Val Epoch 514: average Loss: 0.006760
2026-04-20 21:51: Train Epoch 515: 0/37 Loss: 0.056360
2026-04-20 21:51: Train Epoch 515: 20/37 Loss: 0.010813
2026-04-20 21:51: **********Train Epoch 515: averaged Loss: 0.015903
2026-04-20 21:51: **********Val Epoch 515: average Loss: 0.006119
2026-04-20 21:51: Train Epoch 516: 0/37 Loss: 0.043429
2026-04-20 21:51: Train Epoch 516: 20/37 Loss: 0.008636
2026-04-20 21:51: **********Train Epoch 516: averaged Loss: 0.016318
2026-04-20 21:51: **********Val Epoch 516: average Loss: 0.015937
2026-04-20 21:51: Train Epoch 517: 0/37 Loss: 0.044568
2026-04-20 21:51: Train Epoch 517: 20/37 Loss: 0.006210
2026-04-20 21:51: **********Train Epoch 517: averaged Loss: 0.019262
2026-04-20 21:51: **********Val Epoch 517: average Loss: 0.024031
2026-04-20 21:51: Train Epoch 518: 0/37 Loss: 0.064568
2026-04-20 21:51: Train Epoch 518: 20/37 Loss: 0.020986
2026-04-20 21:51: **********Train Epoch 518: averaged Loss: 0.028346
2026-04-20 21:51: **********Val Epoch 518: average Loss: 0.034834
2026-04-20 21:51: Train Epoch 519: 0/37 Loss: 0.087901
2026-04-20 21:51: Train Epoch 519: 20/37 Loss: 0.051790
2026-04-20 21:51: **********Train Epoch 519: averaged Loss: 0.032978
2026-04-20 21:51: **********Val Epoch 519: average Loss: 0.019269
2026-04-20 21:51: Train Epoch 520: 0/37 Loss: 0.102122
2026-04-20 21:51: Train Epoch 520: 20/37 Loss: 0.041686
2026-04-20 21:51: **********Train Epoch 520: averaged Loss: 0.037308
2026-04-20 21:51: **********Val Epoch 520: average Loss: 0.021609
2026-04-20 21:51: Train Epoch 521: 0/37 Loss: 0.086581
2026-04-20 21:51: Train Epoch 521: 20/37 Loss: 0.006408
2026-04-20 21:51: **********Train Epoch 521: averaged Loss: 0.026476
2026-04-20 21:51: **********Val Epoch 521: average Loss: 0.032028
2026-04-20 21:51: Train Epoch 522: 0/37 Loss: 0.007094
2026-04-20 21:51: Train Epoch 522: 20/37 Loss: 0.008989
2026-04-20 21:51: **********Train Epoch 522: averaged Loss: 0.009200
2026-04-20 21:51: **********Val Epoch 522: average Loss: 0.008089
2026-04-20 21:51: Train Epoch 523: 0/37 Loss: 0.080635
2026-04-20 21:51: Train Epoch 523: 20/37 Loss: 0.015857
2026-04-20 21:51: **********Train Epoch 523: averaged Loss: 0.023912
2026-04-20 21:51: **********Val Epoch 523: average Loss: 0.011362
2026-04-20 21:51: Train Epoch 524: 0/37 Loss: 0.014371
2026-04-20 21:51: Train Epoch 524: 20/37 Loss: 0.006414
2026-04-20 21:51: **********Train Epoch 524: averaged Loss: 0.008410
2026-04-20 21:51: **********Val Epoch 524: average Loss: 0.007177
2026-04-20 21:51: Train Epoch 525: 0/37 Loss: 0.017337
2026-04-20 21:51: Train Epoch 525: 20/37 Loss: 0.006211
2026-04-20 21:51: **********Train Epoch 525: averaged Loss: 0.014147
2026-04-20 21:51: **********Val Epoch 525: average Loss: 0.007379
2026-04-20 21:51: Train Epoch 526: 0/37 Loss: 0.018903
2026-04-20 21:51: Train Epoch 526: 20/37 Loss: 0.009321
2026-04-20 21:51: **********Train Epoch 526: averaged Loss: 0.014384
2026-04-20 21:51: **********Val Epoch 526: average Loss: 0.006849
2026-04-20 21:51: Train Epoch 527: 0/37 Loss: 0.007946
2026-04-20 21:51: Train Epoch 527: 20/37 Loss: 0.006184
2026-04-20 21:51: **********Train Epoch 527: averaged Loss: 0.013032
2026-04-20 21:51: **********Val Epoch 527: average Loss: 0.008849
2026-04-20 21:51: Train Epoch 528: 0/37 Loss: 0.010396
2026-04-20 21:51: Train Epoch 528: 20/37 Loss: 0.005751
2026-04-20 21:51: **********Train Epoch 528: averaged Loss: 0.012340
2026-04-20 21:51: **********Val Epoch 528: average Loss: 0.007354
2026-04-20 21:51: Train Epoch 529: 0/37 Loss: 0.005618
2026-04-20 21:51: Train Epoch 529: 20/37 Loss: 0.007734
2026-04-20 21:51: **********Train Epoch 529: averaged Loss: 0.013986
2026-04-20 21:51: **********Val Epoch 529: average Loss: 0.007344
2026-04-20 21:51: Train Epoch 530: 0/37 Loss: 0.019094
2026-04-20 21:51: Train Epoch 530: 20/37 Loss: 0.007347
2026-04-20 21:51: **********Train Epoch 530: averaged Loss: 0.012178
2026-04-20 21:51: **********Val Epoch 530: average Loss: 0.008804
2026-04-20 21:51: Train Epoch 531: 0/37 Loss: 0.013513
2026-04-20 21:51: Train Epoch 531: 20/37 Loss: 0.008351
2026-04-20 21:51: **********Train Epoch 531: averaged Loss: 0.013279
2026-04-20 21:51: **********Val Epoch 531: average Loss: 0.008788
2026-04-20 21:51: Train Epoch 532: 0/37 Loss: 0.009493
2026-04-20 21:51: Train Epoch 532: 20/37 Loss: 0.005608
2026-04-20 21:51: **********Train Epoch 532: averaged Loss: 0.011237
2026-04-20 21:51: **********Val Epoch 532: average Loss: 0.007092
2026-04-20 21:51: Train Epoch 533: 0/37 Loss: 0.023751
2026-04-20 21:52: Train Epoch 533: 20/37 Loss: 0.005708
2026-04-20 21:52: **********Train Epoch 533: averaged Loss: 0.011506
2026-04-20 21:52: **********Val Epoch 533: average Loss: 0.008319
2026-04-20 21:52: Train Epoch 534: 0/37 Loss: 0.045077
2026-04-20 21:52: Train Epoch 534: 20/37 Loss: 0.012006
2026-04-20 21:52: **********Train Epoch 534: averaged Loss: 0.014187
2026-04-20 21:52: **********Val Epoch 534: average Loss: 0.006172
2026-04-20 21:52: Train Epoch 535: 0/37 Loss: 0.048378
2026-04-20 21:52: Train Epoch 535: 20/37 Loss: 0.006956
2026-04-20 21:52: **********Train Epoch 535: averaged Loss: 0.017245
2026-04-20 21:52: **********Val Epoch 535: average Loss: 0.026888
2026-04-20 21:52: Train Epoch 536: 0/37 Loss: 0.091065
2026-04-20 21:52: Train Epoch 536: 20/37 Loss: 0.020685
2026-04-20 21:52: **********Train Epoch 536: averaged Loss: 0.028299
2026-04-20 21:52: **********Val Epoch 536: average Loss: 0.010004
2026-04-20 21:52: Train Epoch 537: 0/37 Loss: 0.034935
2026-04-20 21:52: Train Epoch 537: 20/37 Loss: 0.008261
2026-04-20 21:52: **********Train Epoch 537: averaged Loss: 0.015899
2026-04-20 21:52: **********Val Epoch 537: average Loss: 0.023357
2026-04-20 21:52: Train Epoch 538: 0/37 Loss: 0.006220
2026-04-20 21:52: Train Epoch 538: 20/37 Loss: 0.005922
2026-04-20 21:52: **********Train Epoch 538: averaged Loss: 0.008172
2026-04-20 21:52: **********Val Epoch 538: average Loss: 0.005612
2026-04-20 21:52: *********************************Current best model saved!
2026-04-20 21:52: Train Epoch 539: 0/37 Loss: 0.014380
2026-04-20 21:52: Train Epoch 539: 20/37 Loss: 0.006607
2026-04-20 21:52: **********Train Epoch 539: averaged Loss: 0.010477
2026-04-20 21:52: **********Val Epoch 539: average Loss: 0.015448
2026-04-20 21:52: Train Epoch 540: 0/37 Loss: 0.016827
2026-04-20 21:52: Train Epoch 540: 20/37 Loss: 0.005710
2026-04-20 21:52: **********Train Epoch 540: averaged Loss: 0.009476
2026-04-20 21:52: **********Val Epoch 540: average Loss: 0.008189
2026-04-20 21:52: Train Epoch 541: 0/37 Loss: 0.020762
2026-04-20 21:52: Train Epoch 541: 20/37 Loss: 0.011443
2026-04-20 21:52: **********Train Epoch 541: averaged Loss: 0.016633
2026-04-20 21:52: **********Val Epoch 541: average Loss: 0.041462
2026-04-20 21:52: Train Epoch 542: 0/37 Loss: 0.039292
2026-04-20 21:52: Train Epoch 542: 20/37 Loss: 0.030344
2026-04-20 21:52: **********Train Epoch 542: averaged Loss: 0.018580
2026-04-20 21:52: **********Val Epoch 542: average Loss: 0.010083
2026-04-20 21:52: Train Epoch 543: 0/37 Loss: 0.079031
2026-04-20 21:52: Train Epoch 543: 20/37 Loss: 0.006339
2026-04-20 21:52: **********Train Epoch 543: averaged Loss: 0.022502
2026-04-20 21:52: **********Val Epoch 543: average Loss: 0.017651
2026-04-20 21:52: Train Epoch 544: 0/37 Loss: 0.038312
2026-04-20 21:52: Train Epoch 544: 20/37 Loss: 0.005815
2026-04-20 21:52: **********Train Epoch 544: averaged Loss: 0.016424
2026-04-20 21:52: **********Val Epoch 544: average Loss: 0.026154
2026-04-20 21:52: Train Epoch 545: 0/37 Loss: 0.004164
2026-04-20 21:52: Train Epoch 545: 20/37 Loss: 0.019371
2026-04-20 21:52: **********Train Epoch 545: averaged Loss: 0.010458
2026-04-20 21:52: **********Val Epoch 545: average Loss: 0.008747
2026-04-20 21:52: Train Epoch 546: 0/37 Loss: 0.031553
2026-04-20 21:52: Train Epoch 546: 20/37 Loss: 0.005718
2026-04-20 21:52: **********Train Epoch 546: averaged Loss: 0.015963
2026-04-20 21:52: **********Val Epoch 546: average Loss: 0.029027
2026-04-20 21:52: Train Epoch 547: 0/37 Loss: 0.022569
2026-04-20 21:52: Train Epoch 547: 20/37 Loss: 0.026815
2026-04-20 21:52: **********Train Epoch 547: averaged Loss: 0.014268
2026-04-20 21:52: **********Val Epoch 547: average Loss: 0.008848
2026-04-20 21:52: Train Epoch 548: 0/37 Loss: 0.052860
2026-04-20 21:52: Train Epoch 548: 20/37 Loss: 0.006508
2026-04-20 21:52: **********Train Epoch 548: averaged Loss: 0.017909
2026-04-20 21:52: **********Val Epoch 548: average Loss: 0.011589
2026-04-20 21:52: Train Epoch 549: 0/37 Loss: 0.049647
2026-04-20 21:52: Train Epoch 549: 20/37 Loss: 0.011462
2026-04-20 21:52: **********Train Epoch 549: averaged Loss: 0.019726
2026-04-20 21:52: **********Val Epoch 549: average Loss: 0.015404
2026-04-20 21:52: Train Epoch 550: 0/37 Loss: 0.059374
2026-04-20 21:52: Train Epoch 550: 20/37 Loss: 0.006322
2026-04-20 21:52: **********Train Epoch 550: averaged Loss: 0.020801
2026-04-20 21:52: **********Val Epoch 550: average Loss: 0.013658
2026-04-20 21:52: Train Epoch 551: 0/37 Loss: 0.003994
2026-04-20 21:52: Train Epoch 551: 20/37 Loss: 0.018757
2026-04-20 21:52: **********Train Epoch 551: averaged Loss: 0.010734
2026-04-20 21:52: **********Val Epoch 551: average Loss: 0.006252
2026-04-20 21:52: Train Epoch 552: 0/37 Loss: 0.045715
2026-04-20 21:52: Train Epoch 552: 20/37 Loss: 0.011904
2026-04-20 21:52: **********Train Epoch 552: averaged Loss: 0.016745
2026-04-20 21:52: **********Val Epoch 552: average Loss: 0.025903
2026-04-20 21:52: Train Epoch 553: 0/37 Loss: 0.020183
2026-04-20 21:52: Train Epoch 553: 20/37 Loss: 0.006153
2026-04-20 21:52: **********Train Epoch 553: averaged Loss: 0.014179
2026-04-20 21:52: **********Val Epoch 553: average Loss: 0.006384
2026-04-20 21:52: Train Epoch 554: 0/37 Loss: 0.063954
2026-04-20 21:52: Train Epoch 554: 20/37 Loss: 0.021127
2026-04-20 21:52: **********Train Epoch 554: averaged Loss: 0.020250
2026-04-20 21:52: **********Val Epoch 554: average Loss: 0.008815
2026-04-20 21:52: Train Epoch 555: 0/37 Loss: 0.013621
2026-04-20 21:52: Train Epoch 555: 20/37 Loss: 0.006653
2026-04-20 21:52: **********Train Epoch 555: averaged Loss: 0.014207
2026-04-20 21:52: **********Val Epoch 555: average Loss: 0.035452
2026-04-20 21:52: Train Epoch 556: 0/37 Loss: 0.016560
2026-04-20 21:52: Train Epoch 556: 20/37 Loss: 0.022601
2026-04-20 21:52: **********Train Epoch 556: averaged Loss: 0.013634
2026-04-20 21:52: **********Val Epoch 556: average Loss: 0.009029
2026-04-20 21:52: Train Epoch 557: 0/37 Loss: 0.058468
2026-04-20 21:52: Train Epoch 557: 20/37 Loss: 0.015752
2026-04-20 21:52: **********Train Epoch 557: averaged Loss: 0.019160
2026-04-20 21:52: **********Val Epoch 557: average Loss: 0.016480
2026-04-20 21:52: Train Epoch 558: 0/37 Loss: 0.027773
2026-04-20 21:52: Train Epoch 558: 20/37 Loss: 0.009795
2026-04-20 21:52: **********Train Epoch 558: averaged Loss: 0.015182
2026-04-20 21:52: **********Val Epoch 558: average Loss: 0.020847
2026-04-20 21:52: Train Epoch 559: 0/37 Loss: 0.037475
2026-04-20 21:52: Train Epoch 559: 20/37 Loss: 0.009138
2026-04-20 21:52: **********Train Epoch 559: averaged Loss: 0.013688
2026-04-20 21:52: **********Val Epoch 559: average Loss: 0.022605
2026-04-20 21:52: Train Epoch 560: 0/37 Loss: 0.010284
2026-04-20 21:52: Train Epoch 560: 20/37 Loss: 0.007570
2026-04-20 21:52: **********Train Epoch 560: averaged Loss: 0.009452
2026-04-20 21:52: **********Val Epoch 560: average Loss: 0.007508
2026-04-20 21:52: Train Epoch 561: 0/37 Loss: 0.044952
2026-04-20 21:52: Train Epoch 561: 20/37 Loss: 0.013696
2026-04-20 21:53: **********Train Epoch 561: averaged Loss: 0.017310
2026-04-20 21:53: **********Val Epoch 561: average Loss: 0.005796
2026-04-20 21:53: Train Epoch 562: 0/37 Loss: 0.022721
2026-04-20 21:53: Train Epoch 562: 20/37 Loss: 0.028872
2026-04-20 21:53: **********Train Epoch 562: averaged Loss: 0.016228
2026-04-20 21:53: **********Val Epoch 562: average Loss: 0.005861
2026-04-20 21:53: Train Epoch 563: 0/37 Loss: 0.004764
2026-04-20 21:53: Train Epoch 563: 20/37 Loss: 0.005548
2026-04-20 21:53: **********Train Epoch 563: averaged Loss: 0.010613
2026-04-20 21:53: **********Val Epoch 563: average Loss: 0.006291
2026-04-20 21:53: Train Epoch 564: 0/37 Loss: 0.004728
2026-04-20 21:53: Train Epoch 564: 20/37 Loss: 0.020980
2026-04-20 21:53: **********Train Epoch 564: averaged Loss: 0.017425
2026-04-20 21:53: **********Val Epoch 564: average Loss: 0.023222
2026-04-20 21:53: Train Epoch 565: 0/37 Loss: 0.035443
2026-04-20 21:53: Train Epoch 565: 20/37 Loss: 0.016485
2026-04-20 21:53: **********Train Epoch 565: averaged Loss: 0.014983
2026-04-20 21:53: **********Val Epoch 565: average Loss: 0.005847
2026-04-20 21:53: Train Epoch 566: 0/37 Loss: 0.064383
2026-04-20 21:53: Train Epoch 566: 20/37 Loss: 0.010267
2026-04-20 21:53: **********Train Epoch 566: averaged Loss: 0.018940
2026-04-20 21:53: **********Val Epoch 566: average Loss: 0.018149
2026-04-20 21:53: Train Epoch 567: 0/37 Loss: 0.082980
2026-04-20 21:53: Train Epoch 567: 20/37 Loss: 0.008174
2026-04-20 21:53: **********Train Epoch 567: averaged Loss: 0.023650
2026-04-20 21:53: **********Val Epoch 567: average Loss: 0.014557
2026-04-20 21:53: Train Epoch 568: 0/37 Loss: 0.073518
2026-04-20 21:53: Train Epoch 568: 20/37 Loss: 0.010078
2026-04-20 21:53: **********Train Epoch 568: averaged Loss: 0.021744
2026-04-20 21:53: **********Val Epoch 568: average Loss: 0.009503
2026-04-20 21:53: Train Epoch 569: 0/37 Loss: 0.048011
2026-04-20 21:53: Train Epoch 569: 20/37 Loss: 0.010133
2026-04-20 21:53: **********Train Epoch 569: averaged Loss: 0.019019
2026-04-20 21:53: **********Val Epoch 569: average Loss: 0.036999
2026-04-20 21:53: Train Epoch 570: 0/37 Loss: 0.032380
2026-04-20 21:53: Train Epoch 570: 20/37 Loss: 0.006416
2026-04-20 21:53: **********Train Epoch 570: averaged Loss: 0.013680
2026-04-20 21:53: **********Val Epoch 570: average Loss: 0.017120
2026-04-20 21:53: Train Epoch 571: 0/37 Loss: 0.089339
2026-04-20 21:53: Train Epoch 571: 20/37 Loss: 0.028405
2026-04-20 21:53: **********Train Epoch 571: averaged Loss: 0.029672
2026-04-20 21:53: **********Val Epoch 571: average Loss: 0.016349
2026-04-20 21:53: Train Epoch 572: 0/37 Loss: 0.064266
2026-04-20 21:53: Train Epoch 572: 20/37 Loss: 0.005864
2026-04-20 21:53: **********Train Epoch 572: averaged Loss: 0.019463
2026-04-20 21:53: **********Val Epoch 572: average Loss: 0.009286
2026-04-20 21:53: Train Epoch 573: 0/37 Loss: 0.036405
2026-04-20 21:53: Train Epoch 573: 20/37 Loss: 0.008165
2026-04-20 21:53: **********Train Epoch 573: averaged Loss: 0.014513
2026-04-20 21:53: **********Val Epoch 573: average Loss: 0.014335
2026-04-20 21:53: Train Epoch 574: 0/37 Loss: 0.004702
2026-04-20 21:53: Train Epoch 574: 20/37 Loss: 0.010426
2026-04-20 21:53: **********Train Epoch 574: averaged Loss: 0.010148
2026-04-20 21:53: **********Val Epoch 574: average Loss: 0.019116
2026-04-20 21:53: Train Epoch 575: 0/37 Loss: 0.004864
2026-04-20 21:53: Train Epoch 575: 20/37 Loss: 0.008073
2026-04-20 21:53: **********Train Epoch 575: averaged Loss: 0.011389
2026-04-20 21:53: **********Val Epoch 575: average Loss: 0.021737
2026-04-20 21:53: Train Epoch 576: 0/37 Loss: 0.003916
2026-04-20 21:53: Train Epoch 576: 20/37 Loss: 0.006977
2026-04-20 21:53: **********Train Epoch 576: averaged Loss: 0.013499
2026-04-20 21:53: **********Val Epoch 576: average Loss: 0.016479
2026-04-20 21:53: Train Epoch 577: 0/37 Loss: 0.024549
2026-04-20 21:53: Train Epoch 577: 20/37 Loss: 0.006993
2026-04-20 21:53: **********Train Epoch 577: averaged Loss: 0.012033
2026-04-20 21:53: **********Val Epoch 577: average Loss: 0.011692
2026-04-20 21:53: Train Epoch 578: 0/37 Loss: 0.011858
2026-04-20 21:53: Train Epoch 578: 20/37 Loss: 0.010093
2026-04-20 21:53: **********Train Epoch 578: averaged Loss: 0.012276
2026-04-20 21:53: **********Val Epoch 578: average Loss: 0.011498
2026-04-20 21:53: Train Epoch 579: 0/37 Loss: 0.010169
2026-04-20 21:53: Train Epoch 579: 20/37 Loss: 0.012222
2026-04-20 21:53: **********Train Epoch 579: averaged Loss: 0.011290
2026-04-20 21:53: **********Val Epoch 579: average Loss: 0.010511
2026-04-20 21:53: Train Epoch 580: 0/37 Loss: 0.004233
2026-04-20 21:53: Train Epoch 580: 20/37 Loss: 0.005721
2026-04-20 21:53: **********Train Epoch 580: averaged Loss: 0.009457
2026-04-20 21:53: **********Val Epoch 580: average Loss: 0.009758
2026-04-20 21:53: Train Epoch 581: 0/37 Loss: 0.019127
2026-04-20 21:53: Train Epoch 581: 20/37 Loss: 0.008289
2026-04-20 21:53: **********Train Epoch 581: averaged Loss: 0.012680
2026-04-20 21:53: **********Val Epoch 581: average Loss: 0.021551
2026-04-20 21:53: Train Epoch 582: 0/37 Loss: 0.003781
2026-04-20 21:53: Train Epoch 582: 20/37 Loss: 0.008397
2026-04-20 21:53: **********Train Epoch 582: averaged Loss: 0.009067
2026-04-20 21:53: **********Val Epoch 582: average Loss: 0.008660
2026-04-20 21:53: Train Epoch 583: 0/37 Loss: 0.024790
2026-04-20 21:53: Train Epoch 583: 20/37 Loss: 0.006824
2026-04-20 21:53: **********Train Epoch 583: averaged Loss: 0.010787
2026-04-20 21:53: **********Val Epoch 583: average Loss: 0.007434
2026-04-20 21:53: Train Epoch 584: 0/37 Loss: 0.026337
2026-04-20 21:53: Train Epoch 584: 20/37 Loss: 0.013343
2026-04-20 21:53: **********Train Epoch 584: averaged Loss: 0.015201
2026-04-20 21:53: **********Val Epoch 584: average Loss: 0.027212
2026-04-20 21:53: Train Epoch 585: 0/37 Loss: 0.026579
2026-04-20 21:53: Train Epoch 585: 20/37 Loss: 0.015510
2026-04-20 21:53: **********Train Epoch 585: averaged Loss: 0.013591
2026-04-20 21:53: **********Val Epoch 585: average Loss: 0.010279
2026-04-20 21:53: Train Epoch 586: 0/37 Loss: 0.046085
2026-04-20 21:53: Train Epoch 586: 20/37 Loss: 0.006777
2026-04-20 21:53: **********Train Epoch 586: averaged Loss: 0.013891
2026-04-20 21:53: **********Val Epoch 586: average Loss: 0.008801
2026-04-20 21:53: Train Epoch 587: 0/37 Loss: 0.010155
2026-04-20 21:53: Train Epoch 587: 20/37 Loss: 0.012599
2026-04-20 21:53: **********Train Epoch 587: averaged Loss: 0.008922
2026-04-20 21:53: **********Val Epoch 587: average Loss: 0.007101
2026-04-20 21:53: Train Epoch 588: 0/37 Loss: 0.035793
2026-04-20 21:53: Train Epoch 588: 20/37 Loss: 0.006022
2026-04-20 21:53: **********Train Epoch 588: averaged Loss: 0.013874
2026-04-20 21:53: **********Val Epoch 588: average Loss: 0.027938
2026-04-20 21:53: Train Epoch 589: 0/37 Loss: 0.018709
2026-04-20 21:53: Train Epoch 589: 20/37 Loss: 0.009230
2026-04-20 21:53: **********Train Epoch 589: averaged Loss: 0.011469
2026-04-20 21:53: **********Val Epoch 589: average Loss: 0.013318
2026-04-20 21:53: Train Epoch 590: 0/37 Loss: 0.077044
2026-04-20 21:54: Train Epoch 590: 20/37 Loss: 0.016435
2026-04-20 21:54: **********Train Epoch 590: averaged Loss: 0.018844
2026-04-20 21:54: **********Val Epoch 590: average Loss: 0.005917
2026-04-20 21:54: Train Epoch 591: 0/37 Loss: 0.033831
2026-04-20 21:54: Train Epoch 591: 20/37 Loss: 0.010941
2026-04-20 21:54: **********Train Epoch 591: averaged Loss: 0.011249
2026-04-20 21:54: **********Val Epoch 591: average Loss: 0.013950
2026-04-20 21:54: Train Epoch 592: 0/37 Loss: 0.020971
2026-04-20 21:54: Train Epoch 592: 20/37 Loss: 0.006343
2026-04-20 21:54: **********Train Epoch 592: averaged Loss: 0.012520
2026-04-20 21:54: **********Val Epoch 592: average Loss: 0.007289
2026-04-20 21:54: Train Epoch 593: 0/37 Loss: 0.006685
2026-04-20 21:54: Train Epoch 593: 20/37 Loss: 0.006560
2026-04-20 21:54: **********Train Epoch 593: averaged Loss: 0.009184
2026-04-20 21:54: **********Val Epoch 593: average Loss: 0.006323
2026-04-20 21:54: Train Epoch 594: 0/37 Loss: 0.020320
2026-04-20 21:54: Train Epoch 594: 20/37 Loss: 0.006982
2026-04-20 21:54: **********Train Epoch 594: averaged Loss: 0.010011
2026-04-20 21:54: **********Val Epoch 594: average Loss: 0.007845
2026-04-20 21:54: Train Epoch 595: 0/37 Loss: 0.017852
2026-04-20 21:54: Train Epoch 595: 20/37 Loss: 0.007581
2026-04-20 21:54: **********Train Epoch 595: averaged Loss: 0.015332
2026-04-20 21:54: **********Val Epoch 595: average Loss: 0.026881
2026-04-20 21:54: Train Epoch 596: 0/37 Loss: 0.017931
2026-04-20 21:54: Train Epoch 596: 20/37 Loss: 0.008121
2026-04-20 21:54: **********Train Epoch 596: averaged Loss: 0.014001
2026-04-20 21:54: **********Val Epoch 596: average Loss: 0.011838
2026-04-20 21:54: Train Epoch 597: 0/37 Loss: 0.052258
2026-04-20 21:54: Train Epoch 597: 20/37 Loss: 0.006108
2026-04-20 21:54: **********Train Epoch 597: averaged Loss: 0.017729
2026-04-20 21:54: **********Val Epoch 597: average Loss: 0.017932
2026-04-20 21:54: Train Epoch 598: 0/37 Loss: 0.021198
2026-04-20 21:54: Train Epoch 598: 20/37 Loss: 0.051194
2026-04-20 21:54: **********Train Epoch 598: averaged Loss: 0.021162
2026-04-20 21:54: **********Val Epoch 598: average Loss: 0.016928
2026-04-20 21:54: Train Epoch 599: 0/37 Loss: 0.064337
2026-04-20 21:54: Train Epoch 599: 20/37 Loss: 0.006664
2026-04-20 21:54: **********Train Epoch 599: averaged Loss: 0.021600
2026-04-20 21:54: **********Val Epoch 599: average Loss: 0.006466
2026-04-20 21:54: Train Epoch 600: 0/37 Loss: 0.051516
2026-04-20 21:54: Train Epoch 600: 20/37 Loss: 0.024069
2026-04-20 21:54: **********Train Epoch 600: averaged Loss: 0.016563
2026-04-20 21:54: **********Val Epoch 600: average Loss: 0.006160
2026-04-20 21:54: Train Epoch 601: 0/37 Loss: 0.054943
2026-04-20 21:54: Train Epoch 601: 20/37 Loss: 0.009920
2026-04-20 21:54: **********Train Epoch 601: averaged Loss: 0.019666
2026-04-20 21:54: **********Val Epoch 601: average Loss: 0.029554
2026-04-20 21:54: Train Epoch 602: 0/37 Loss: 0.068644
2026-04-20 21:54: Train Epoch 602: 20/37 Loss: 0.016676
2026-04-20 21:54: **********Train Epoch 602: averaged Loss: 0.020322
2026-04-20 21:54: **********Val Epoch 602: average Loss: 0.006429
2026-04-20 21:54: Train Epoch 603: 0/37 Loss: 0.004388
2026-04-20 21:54: Train Epoch 603: 20/37 Loss: 0.008320
2026-04-20 21:54: **********Train Epoch 603: averaged Loss: 0.009056
2026-04-20 21:54: **********Val Epoch 603: average Loss: 0.005782
2026-04-20 21:54: Train Epoch 604: 0/37 Loss: 0.013630
2026-04-20 21:54: Train Epoch 604: 20/37 Loss: 0.015894
2026-04-20 21:54: **********Train Epoch 604: averaged Loss: 0.018099
2026-04-20 21:54: **********Val Epoch 604: average Loss: 0.054404
2026-04-20 21:54: Train Epoch 605: 0/37 Loss: 0.009969
2026-04-20 21:54: Train Epoch 605: 20/37 Loss: 0.027981
2026-04-20 21:54: **********Train Epoch 605: averaged Loss: 0.014453
2026-04-20 21:54: **********Val Epoch 605: average Loss: 0.013426
2026-04-20 21:54: Train Epoch 606: 0/37 Loss: 0.071354
2026-04-20 21:54: Train Epoch 606: 20/37 Loss: 0.006739
2026-04-20 21:54: **********Train Epoch 606: averaged Loss: 0.020083
2026-04-20 21:54: **********Val Epoch 606: average Loss: 0.008276
2026-04-20 21:54: Train Epoch 607: 0/37 Loss: 0.043385
2026-04-20 21:54: Train Epoch 607: 20/37 Loss: 0.008893
2026-04-20 21:54: **********Train Epoch 607: averaged Loss: 0.012970
2026-04-20 21:54: **********Val Epoch 607: average Loss: 0.008250
2026-04-20 21:54: Train Epoch 608: 0/37 Loss: 0.065376
2026-04-20 21:54: Train Epoch 608: 20/37 Loss: 0.006225
2026-04-20 21:54: **********Train Epoch 608: averaged Loss: 0.019164
2026-04-20 21:54: **********Val Epoch 608: average Loss: 0.013998
2026-04-20 21:54: Train Epoch 609: 0/37 Loss: 0.056133
2026-04-20 21:54: Train Epoch 609: 20/37 Loss: 0.006450
2026-04-20 21:54: **********Train Epoch 609: averaged Loss: 0.019797
2026-04-20 21:54: **********Val Epoch 609: average Loss: 0.036553
2026-04-20 21:54: Train Epoch 610: 0/37 Loss: 0.013803
2026-04-20 21:54: Train Epoch 610: 20/37 Loss: 0.021778
2026-04-20 21:54: **********Train Epoch 610: averaged Loss: 0.013795
2026-04-20 21:54: **********Val Epoch 610: average Loss: 0.014512
2026-04-20 21:54: Train Epoch 611: 0/37 Loss: 0.009650
2026-04-20 21:54: Train Epoch 611: 20/37 Loss: 0.007257
2026-04-20 21:54: **********Train Epoch 611: averaged Loss: 0.009829
2026-04-20 21:54: **********Val Epoch 611: average Loss: 0.012400
2026-04-20 21:54: Train Epoch 612: 0/37 Loss: 0.022345
2026-04-20 21:54: Train Epoch 612: 20/37 Loss: 0.006696
2026-04-20 21:54: **********Train Epoch 612: averaged Loss: 0.013606
2026-04-20 21:54: **********Val Epoch 612: average Loss: 0.035636
2026-04-20 21:54: Train Epoch 613: 0/37 Loss: 0.005813
2026-04-20 21:54: Train Epoch 613: 20/37 Loss: 0.025565
2026-04-20 21:54: **********Train Epoch 613: averaged Loss: 0.015123
2026-04-20 21:54: **********Val Epoch 613: average Loss: 0.024679
2026-04-20 21:54: Train Epoch 614: 0/37 Loss: 0.035401
2026-04-20 21:54: Train Epoch 614: 20/37 Loss: 0.007583
2026-04-20 21:54: **********Train Epoch 614: averaged Loss: 0.014830
2026-04-20 21:54: **********Val Epoch 614: average Loss: 0.016591
2026-04-20 21:54: Train Epoch 615: 0/37 Loss: 0.058127
2026-04-20 21:54: Train Epoch 615: 20/37 Loss: 0.005917
2026-04-20 21:54: **********Train Epoch 615: averaged Loss: 0.019365
2026-04-20 21:54: **********Val Epoch 615: average Loss: 0.016887
2026-04-20 21:54: Train Epoch 616: 0/37 Loss: 0.022567
2026-04-20 21:54: Train Epoch 616: 20/37 Loss: 0.009421
2026-04-20 21:54: **********Train Epoch 616: averaged Loss: 0.011870
2026-04-20 21:54: **********Val Epoch 616: average Loss: 0.009453
2026-04-20 21:54: Train Epoch 617: 0/37 Loss: 0.047835
2026-04-20 21:54: Train Epoch 617: 20/37 Loss: 0.009206
2026-04-20 21:54: **********Train Epoch 617: averaged Loss: 0.014474
2026-04-20 21:54: **********Val Epoch 617: average Loss: 0.005672
2026-04-20 21:54: Train Epoch 618: 0/37 Loss: 0.035799
2026-04-20 21:54: Train Epoch 618: 20/37 Loss: 0.006014
2026-04-20 21:54: **********Train Epoch 618: averaged Loss: 0.013673
2026-04-20 21:54: **********Val Epoch 618: average Loss: 0.026937
2026-04-20 21:54: Train Epoch 619: 0/37 Loss: 0.020009
2026-04-20 21:55: Train Epoch 619: 20/37 Loss: 0.017453
2026-04-20 21:55: **********Train Epoch 619: averaged Loss: 0.012466
2026-04-20 21:55: **********Val Epoch 619: average Loss: 0.017506
2026-04-20 21:55: Train Epoch 620: 0/37 Loss: 0.025236
2026-04-20 21:55: Train Epoch 620: 20/37 Loss: 0.008552
2026-04-20 21:55: **********Train Epoch 620: averaged Loss: 0.012385
2026-04-20 21:55: **********Val Epoch 620: average Loss: 0.012362
2026-04-20 21:55: Train Epoch 621: 0/37 Loss: 0.006726
2026-04-20 21:55: Train Epoch 621: 20/37 Loss: 0.009535
2026-04-20 21:55: **********Train Epoch 621: averaged Loss: 0.008725
2026-04-20 21:55: **********Val Epoch 621: average Loss: 0.009744
2026-04-20 21:55: Train Epoch 622: 0/37 Loss: 0.005209
2026-04-20 21:55: Train Epoch 622: 20/37 Loss: 0.011920
2026-04-20 21:55: **********Train Epoch 622: averaged Loss: 0.013366
2026-04-20 21:55: **********Val Epoch 622: average Loss: 0.031622
2026-04-20 21:55: Train Epoch 623: 0/37 Loss: 0.003950
2026-04-20 21:55: Train Epoch 623: 20/37 Loss: 0.018429
2026-04-20 21:55: **********Train Epoch 623: averaged Loss: 0.011378
2026-04-20 21:55: **********Val Epoch 623: average Loss: 0.007258
2026-04-20 21:55: Train Epoch 624: 0/37 Loss: 0.049919
2026-04-20 21:55: Train Epoch 624: 20/37 Loss: 0.006035
2026-04-20 21:55: **********Train Epoch 624: averaged Loss: 0.014535
2026-04-20 21:55: **********Val Epoch 624: average Loss: 0.006938
2026-04-20 21:55: Train Epoch 625: 0/37 Loss: 0.029015
2026-04-20 21:55: Train Epoch 625: 20/37 Loss: 0.008047
2026-04-20 21:55: **********Train Epoch 625: averaged Loss: 0.012512
2026-04-20 21:55: **********Val Epoch 625: average Loss: 0.015677
2026-04-20 21:55: Train Epoch 626: 0/37 Loss: 0.004507
2026-04-20 21:55: Train Epoch 626: 20/37 Loss: 0.007319
2026-04-20 21:55: **********Train Epoch 626: averaged Loss: 0.008762
2026-04-20 21:55: **********Val Epoch 626: average Loss: 0.008437
2026-04-20 21:55: Train Epoch 627: 0/37 Loss: 0.010204
2026-04-20 21:55: Train Epoch 627: 20/37 Loss: 0.009859
2026-04-20 21:55: **********Train Epoch 627: averaged Loss: 0.014044
2026-04-20 21:55: **********Val Epoch 627: average Loss: 0.034324
2026-04-20 21:55: Train Epoch 628: 0/37 Loss: 0.018495
2026-04-20 21:55: Train Epoch 628: 20/37 Loss: 0.025605
2026-04-20 21:55: **********Train Epoch 628: averaged Loss: 0.012787
2026-04-20 21:55: **********Val Epoch 628: average Loss: 0.012561
2026-04-20 21:55: Train Epoch 629: 0/37 Loss: 0.047347
2026-04-20 21:55: Train Epoch 629: 20/37 Loss: 0.008251
2026-04-20 21:55: **********Train Epoch 629: averaged Loss: 0.016856
2026-04-20 21:55: **********Val Epoch 629: average Loss: 0.008948
2026-04-20 21:55: Train Epoch 630: 0/37 Loss: 0.027494
2026-04-20 21:55: Train Epoch 630: 20/37 Loss: 0.013726
2026-04-20 21:55: **********Train Epoch 630: averaged Loss: 0.012117
2026-04-20 21:55: **********Val Epoch 630: average Loss: 0.013226
2026-04-20 21:55: Train Epoch 631: 0/37 Loss: 0.005920
2026-04-20 21:55: Train Epoch 631: 20/37 Loss: 0.005896
2026-04-20 21:55: **********Train Epoch 631: averaged Loss: 0.008115
2026-04-20 21:55: **********Val Epoch 631: average Loss: 0.014028
2026-04-20 21:55: Train Epoch 632: 0/37 Loss: 0.026604
2026-04-20 21:55: Train Epoch 632: 20/37 Loss: 0.007766
2026-04-20 21:55: **********Train Epoch 632: averaged Loss: 0.011334
2026-04-20 21:55: **********Val Epoch 632: average Loss: 0.006844
2026-04-20 21:55: Train Epoch 633: 0/37 Loss: 0.008503
2026-04-20 21:55: Train Epoch 633: 20/37 Loss: 0.006360
2026-04-20 21:55: **********Train Epoch 633: averaged Loss: 0.010351
2026-04-20 21:55: **********Val Epoch 633: average Loss: 0.018640
2026-04-20 21:55: Train Epoch 634: 0/37 Loss: 0.019793
2026-04-20 21:55: Train Epoch 634: 20/37 Loss: 0.005997
2026-04-20 21:55: **********Train Epoch 634: averaged Loss: 0.012651
2026-04-20 21:55: **********Val Epoch 634: average Loss: 0.021825
2026-04-20 21:55: Train Epoch 635: 0/37 Loss: 0.021911
2026-04-20 21:55: Train Epoch 635: 20/37 Loss: 0.008832
2026-04-20 21:55: **********Train Epoch 635: averaged Loss: 0.013330
2026-04-20 21:55: **********Val Epoch 635: average Loss: 0.024070
2026-04-20 21:55: Train Epoch 636: 0/37 Loss: 0.017270
2026-04-20 21:55: Train Epoch 636: 20/37 Loss: 0.010066
2026-04-20 21:55: **********Train Epoch 636: averaged Loss: 0.011186
2026-04-20 21:55: **********Val Epoch 636: average Loss: 0.010351
2026-04-20 21:55: Train Epoch 637: 0/37 Loss: 0.030571
2026-04-20 21:55: Train Epoch 637: 20/37 Loss: 0.011955
2026-04-20 21:55: **********Train Epoch 637: averaged Loss: 0.011426
2026-04-20 21:55: **********Val Epoch 637: average Loss: 0.009498
2026-04-20 21:55: Train Epoch 638: 0/37 Loss: 0.038929
2026-04-20 21:55: Train Epoch 638: 20/37 Loss: 0.005913
2026-04-20 21:55: **********Train Epoch 638: averaged Loss: 0.013646
2026-04-20 21:55: **********Val Epoch 638: average Loss: 0.007764
2026-04-20 21:55: Train Epoch 639: 0/37 Loss: 0.015148
2026-04-20 21:55: Train Epoch 639: 20/37 Loss: 0.005648
2026-04-20 21:55: **********Train Epoch 639: averaged Loss: 0.009926
2026-04-20 21:55: **********Val Epoch 639: average Loss: 0.016049
2026-04-20 21:55: Train Epoch 640: 0/37 Loss: 0.047675
2026-04-20 21:55: Train Epoch 640: 20/37 Loss: 0.008615
2026-04-20 21:55: **********Train Epoch 640: averaged Loss: 0.013686
2026-04-20 21:55: **********Val Epoch 640: average Loss: 0.009853
2026-04-20 21:55: Train Epoch 641: 0/37 Loss: 0.011607
2026-04-20 21:55: Train Epoch 641: 20/37 Loss: 0.008092
2026-04-20 21:55: **********Train Epoch 641: averaged Loss: 0.008636
2026-04-20 21:55: **********Val Epoch 641: average Loss: 0.007330
2026-04-20 21:55: Train Epoch 642: 0/37 Loss: 0.041799
2026-04-20 21:55: Train Epoch 642: 20/37 Loss: 0.006161
2026-04-20 21:55: **********Train Epoch 642: averaged Loss: 0.013587
2026-04-20 21:55: **********Val Epoch 642: average Loss: 0.008664
2026-04-20 21:55: Train Epoch 643: 0/37 Loss: 0.057712
2026-04-20 21:55: Train Epoch 643: 20/37 Loss: 0.006027
2026-04-20 21:55: **********Train Epoch 643: averaged Loss: 0.018568
2026-04-20 21:55: **********Val Epoch 643: average Loss: 0.012965
2026-04-20 21:55: Train Epoch 644: 0/37 Loss: 0.042037
2026-04-20 21:55: Train Epoch 644: 20/37 Loss: 0.006144
2026-04-20 21:55: **********Train Epoch 644: averaged Loss: 0.014466
2026-04-20 21:55: **********Val Epoch 644: average Loss: 0.005940
2026-04-20 21:55: Train Epoch 645: 0/37 Loss: 0.008820
2026-04-20 21:55: Train Epoch 645: 20/37 Loss: 0.011857
2026-04-20 21:55: **********Train Epoch 645: averaged Loss: 0.008604
2026-04-20 21:55: **********Val Epoch 645: average Loss: 0.007495
2026-04-20 21:55: Train Epoch 646: 0/37 Loss: 0.022010
2026-04-20 21:55: Train Epoch 646: 20/37 Loss: 0.006274
2026-04-20 21:55: **********Train Epoch 646: averaged Loss: 0.011470
2026-04-20 21:55: **********Val Epoch 646: average Loss: 0.009412
2026-04-20 21:55: Train Epoch 647: 0/37 Loss: 0.005188
2026-04-20 21:55: Train Epoch 647: 20/37 Loss: 0.011285
2026-04-20 21:56: **********Train Epoch 647: averaged Loss: 0.009117
2026-04-20 21:56: **********Val Epoch 647: average Loss: 0.008713
2026-04-20 21:56: Train Epoch 648: 0/37 Loss: 0.013579
2026-04-20 21:56: Train Epoch 648: 20/37 Loss: 0.006091
2026-04-20 21:56: **********Train Epoch 648: averaged Loss: 0.012392
2026-04-20 21:56: **********Val Epoch 648: average Loss: 0.023085
2026-04-20 21:56: Train Epoch 649: 0/37 Loss: 0.007493
2026-04-20 21:56: Train Epoch 649: 20/37 Loss: 0.006397
2026-04-20 21:56: **********Train Epoch 649: averaged Loss: 0.009095
2026-04-20 21:56: **********Val Epoch 649: average Loss: 0.010361
2026-04-20 21:56: Train Epoch 650: 0/37 Loss: 0.051373
2026-04-20 21:56: Train Epoch 650: 20/37 Loss: 0.012561
2026-04-20 21:56: **********Train Epoch 650: averaged Loss: 0.016591
2026-04-20 21:56: **********Val Epoch 650: average Loss: 0.005879
2026-04-20 21:56: Train Epoch 651: 0/37 Loss: 0.046219
2026-04-20 21:56: Train Epoch 651: 20/37 Loss: 0.009979
2026-04-20 21:56: **********Train Epoch 651: averaged Loss: 0.017061
2026-04-20 21:56: **********Val Epoch 651: average Loss: 0.019503
2026-04-20 21:56: Train Epoch 652: 0/37 Loss: 0.050351
2026-04-20 21:56: Train Epoch 652: 20/37 Loss: 0.006742
2026-04-20 21:56: **********Train Epoch 652: averaged Loss: 0.022660
2026-04-20 21:56: **********Val Epoch 652: average Loss: 0.026153
2026-04-20 21:56: Train Epoch 653: 0/37 Loss: 0.009217
2026-04-20 21:56: Train Epoch 653: 20/37 Loss: 0.006880
2026-04-20 21:56: **********Train Epoch 653: averaged Loss: 0.013187
2026-04-20 21:56: **********Val Epoch 653: average Loss: 0.006820
2026-04-20 21:56: Train Epoch 654: 0/37 Loss: 0.031142
2026-04-20 21:56: Train Epoch 654: 20/37 Loss: 0.008024
2026-04-20 21:56: **********Train Epoch 654: averaged Loss: 0.013120
2026-04-20 21:56: **********Val Epoch 654: average Loss: 0.005365
2026-04-20 21:56: *********************************Current best model saved!
2026-04-20 21:56: Train Epoch 655: 0/37 Loss: 0.030846
2026-04-20 21:56: Train Epoch 655: 20/37 Loss: 0.006748
2026-04-20 21:56: **********Train Epoch 655: averaged Loss: 0.014059
2026-04-20 21:56: **********Val Epoch 655: average Loss: 0.033945
2026-04-20 21:56: Train Epoch 656: 0/37 Loss: 0.011031
2026-04-20 21:56: Train Epoch 656: 20/37 Loss: 0.019911
2026-04-20 21:56: **********Train Epoch 656: averaged Loss: 0.013627
2026-04-20 21:56: **********Val Epoch 656: average Loss: 0.010328
2026-04-20 21:56: Train Epoch 657: 0/37 Loss: 0.048800
2026-04-20 21:56: Train Epoch 657: 20/37 Loss: 0.014346
2026-04-20 21:56: **********Train Epoch 657: averaged Loss: 0.014940
2026-04-20 21:56: **********Val Epoch 657: average Loss: 0.012710
2026-04-20 21:56: Train Epoch 658: 0/37 Loss: 0.029034
2026-04-20 21:56: Train Epoch 658: 20/37 Loss: 0.006364
2026-04-20 21:56: **********Train Epoch 658: averaged Loss: 0.011639
2026-04-20 21:56: **********Val Epoch 658: average Loss: 0.009926
2026-04-20 21:56: Train Epoch 659: 0/37 Loss: 0.018858
2026-04-20 21:56: Train Epoch 659: 20/37 Loss: 0.006847
2026-04-20 21:56: **********Train Epoch 659: averaged Loss: 0.010142
2026-04-20 21:56: **********Val Epoch 659: average Loss: 0.005752
2026-04-20 21:56: Train Epoch 660: 0/37 Loss: 0.014026
2026-04-20 21:56: Train Epoch 660: 20/37 Loss: 0.006766
2026-04-20 21:56: **********Train Epoch 660: averaged Loss: 0.014170
2026-04-20 21:56: **********Val Epoch 660: average Loss: 0.017849
2026-04-20 21:56: Train Epoch 661: 0/37 Loss: 0.012701
2026-04-20 21:56: Train Epoch 661: 20/37 Loss: 0.005784
2026-04-20 21:56: **********Train Epoch 661: averaged Loss: 0.010861
2026-04-20 21:56: **********Val Epoch 661: average Loss: 0.006522
2026-04-20 21:56: Train Epoch 662: 0/37 Loss: 0.027977
2026-04-20 21:56: Train Epoch 662: 20/37 Loss: 0.008532
2026-04-20 21:56: **********Train Epoch 662: averaged Loss: 0.013087
2026-04-20 21:56: **********Val Epoch 662: average Loss: 0.010211
2026-04-20 21:56: Train Epoch 663: 0/37 Loss: 0.052840
2026-04-20 21:56: Train Epoch 663: 20/37 Loss: 0.007116
2026-04-20 21:56: **********Train Epoch 663: averaged Loss: 0.016931
2026-04-20 21:56: **********Val Epoch 663: average Loss: 0.022002
2026-04-20 21:56: Train Epoch 664: 0/37 Loss: 0.067104
2026-04-20 21:56: Train Epoch 664: 20/37 Loss: 0.008208
2026-04-20 21:56: **********Train Epoch 664: averaged Loss: 0.018144
2026-04-20 21:56: **********Val Epoch 664: average Loss: 0.009176
2026-04-20 21:56: Train Epoch 665: 0/37 Loss: 0.029795
2026-04-20 21:56: Train Epoch 665: 20/37 Loss: 0.009508
2026-04-20 21:56: **********Train Epoch 665: averaged Loss: 0.012490
2026-04-20 21:56: **********Val Epoch 665: average Loss: 0.015950
2026-04-20 21:56: Train Epoch 666: 0/37 Loss: 0.004160
2026-04-20 21:56: Train Epoch 666: 20/37 Loss: 0.009865
2026-04-20 21:56: **********Train Epoch 666: averaged Loss: 0.008027
2026-04-20 21:56: **********Val Epoch 666: average Loss: 0.006834
2026-04-20 21:56: Train Epoch 667: 0/37 Loss: 0.029702
2026-04-20 21:56: Train Epoch 667: 20/37 Loss: 0.007451
2026-04-20 21:56: **********Train Epoch 667: averaged Loss: 0.012385
2026-04-20 21:56: **********Val Epoch 667: average Loss: 0.023220
2026-04-20 21:56: Train Epoch 668: 0/37 Loss: 0.022832
2026-04-20 21:56: Train Epoch 668: 20/37 Loss: 0.021001
2026-04-20 21:56: **********Train Epoch 668: averaged Loss: 0.014812
2026-04-20 21:56: **********Val Epoch 668: average Loss: 0.008033
2026-04-20 21:56: Train Epoch 669: 0/37 Loss: 0.032545
2026-04-20 21:56: Train Epoch 669: 20/37 Loss: 0.010474
2026-04-20 21:56: **********Train Epoch 669: averaged Loss: 0.015606
2026-04-20 21:56: **********Val Epoch 669: average Loss: 0.015390
2026-04-20 21:56: Train Epoch 670: 0/37 Loss: 0.044084
2026-04-20 21:56: Train Epoch 670: 20/37 Loss: 0.031071
2026-04-20 21:56: **********Train Epoch 670: averaged Loss: 0.019415
2026-04-20 21:56: **********Val Epoch 670: average Loss: 0.016105
2026-04-20 21:56: Train Epoch 671: 0/37 Loss: 0.038918
2026-04-20 21:56: Train Epoch 671: 20/37 Loss: 0.016374
2026-04-20 21:56: **********Train Epoch 671: averaged Loss: 0.014685
2026-04-20 21:56: **********Val Epoch 671: average Loss: 0.008751
2026-04-20 21:56: Train Epoch 672: 0/37 Loss: 0.018382
2026-04-20 21:56: Train Epoch 672: 20/37 Loss: 0.005485
2026-04-20 21:56: **********Train Epoch 672: averaged Loss: 0.010776
2026-04-20 21:56: **********Val Epoch 672: average Loss: 0.006614
2026-04-20 21:56: Train Epoch 673: 0/37 Loss: 0.019995
2026-04-20 21:56: Train Epoch 673: 20/37 Loss: 0.006861
2026-04-20 21:56: **********Train Epoch 673: averaged Loss: 0.010568
2026-04-20 21:56: **********Val Epoch 673: average Loss: 0.016412
2026-04-20 21:56: Train Epoch 674: 0/37 Loss: 0.032864
2026-04-20 21:56: Train Epoch 674: 20/37 Loss: 0.006056
2026-04-20 21:56: **********Train Epoch 674: averaged Loss: 0.013142
2026-04-20 21:56: **********Val Epoch 674: average Loss: 0.005541
2026-04-20 21:56: Train Epoch 675: 0/37 Loss: 0.005594
2026-04-20 21:56: Train Epoch 675: 20/37 Loss: 0.012393
2026-04-20 21:56: **********Train Epoch 675: averaged Loss: 0.016477
2026-04-20 21:56: **********Val Epoch 675: average Loss: 0.025817
2026-04-20 21:56: Train Epoch 676: 0/37 Loss: 0.004152
2026-04-20 21:57: Train Epoch 676: 20/37 Loss: 0.007417
2026-04-20 21:57: **********Train Epoch 676: averaged Loss: 0.012765
2026-04-20 21:57: **********Val Epoch 676: average Loss: 0.017718
2026-04-20 21:57: Train Epoch 677: 0/37 Loss: 0.070373
2026-04-20 21:57: Train Epoch 677: 20/37 Loss: 0.005651
2026-04-20 21:57: **********Train Epoch 677: averaged Loss: 0.020835
2026-04-20 21:57: **********Val Epoch 677: average Loss: 0.018232
2026-04-20 21:57: Train Epoch 678: 0/37 Loss: 0.063623
2026-04-20 21:57: Train Epoch 678: 20/37 Loss: 0.008840
2026-04-20 21:57: **********Train Epoch 678: averaged Loss: 0.016672
2026-04-20 21:57: **********Val Epoch 678: average Loss: 0.009480
2026-04-20 21:57: Train Epoch 679: 0/37 Loss: 0.040001
2026-04-20 21:57: Train Epoch 679: 20/37 Loss: 0.006312
2026-04-20 21:57: **********Train Epoch 679: averaged Loss: 0.012923
2026-04-20 21:57: **********Val Epoch 679: average Loss: 0.008340
2026-04-20 21:57: Train Epoch 680: 0/37 Loss: 0.047593
2026-04-20 21:57: Train Epoch 680: 20/37 Loss: 0.005764
2026-04-20 21:57: **********Train Epoch 680: averaged Loss: 0.019130
2026-04-20 21:57: **********Val Epoch 680: average Loss: 0.021975
2026-04-20 21:57: Train Epoch 681: 0/37 Loss: 0.048873
2026-04-20 21:57: Train Epoch 681: 20/37 Loss: 0.015267
2026-04-20 21:57: **********Train Epoch 681: averaged Loss: 0.016604
2026-04-20 21:57: **********Val Epoch 681: average Loss: 0.006930
2026-04-20 21:57: Train Epoch 682: 0/37 Loss: 0.012405
2026-04-20 21:57: Train Epoch 682: 20/37 Loss: 0.007591
2026-04-20 21:57: **********Train Epoch 682: averaged Loss: 0.007822
2026-04-20 21:57: **********Val Epoch 682: average Loss: 0.008370
2026-04-20 21:57: Train Epoch 683: 0/37 Loss: 0.020689
2026-04-20 21:57: Train Epoch 683: 20/37 Loss: 0.010304
2026-04-20 21:57: **********Train Epoch 683: averaged Loss: 0.008739
2026-04-20 21:57: **********Val Epoch 683: average Loss: 0.009875
2026-04-20 21:57: Train Epoch 684: 0/37 Loss: 0.006382
2026-04-20 21:57: Train Epoch 684: 20/37 Loss: 0.009486
2026-04-20 21:57: **********Train Epoch 684: averaged Loss: 0.007430
2026-04-20 21:57: **********Val Epoch 684: average Loss: 0.005662
2026-04-20 21:57: Train Epoch 685: 0/37 Loss: 0.015474
2026-04-20 21:57: Train Epoch 685: 20/37 Loss: 0.005798
2026-04-20 21:57: **********Train Epoch 685: averaged Loss: 0.010082
2026-04-20 21:57: **********Val Epoch 685: average Loss: 0.010053
2026-04-20 21:57: Train Epoch 686: 0/37 Loss: 0.027996
2026-04-20 21:57: Train Epoch 686: 20/37 Loss: 0.010091
2026-04-20 21:57: **********Train Epoch 686: averaged Loss: 0.010842
2026-04-20 21:57: **********Val Epoch 686: average Loss: 0.010334
2026-04-20 21:57: Train Epoch 687: 0/37 Loss: 0.019000
2026-04-20 21:57: Train Epoch 687: 20/37 Loss: 0.005799
2026-04-20 21:57: **********Train Epoch 687: averaged Loss: 0.008639
2026-04-20 21:57: **********Val Epoch 687: average Loss: 0.007563
2026-04-20 21:57: Train Epoch 688: 0/37 Loss: 0.025443
2026-04-20 21:57: Train Epoch 688: 20/37 Loss: 0.007076
2026-04-20 21:57: **********Train Epoch 688: averaged Loss: 0.013490
2026-04-20 21:57: **********Val Epoch 688: average Loss: 0.020052
2026-04-20 21:57: Train Epoch 689: 0/37 Loss: 0.011064
2026-04-20 21:57: Train Epoch 689: 20/37 Loss: 0.006348
2026-04-20 21:57: **********Train Epoch 689: averaged Loss: 0.010448
2026-04-20 21:57: **********Val Epoch 689: average Loss: 0.024814
2026-04-20 21:57: Train Epoch 690: 0/37 Loss: 0.070867
2026-04-20 21:57: Train Epoch 690: 20/37 Loss: 0.005759
2026-04-20 21:57: **********Train Epoch 690: averaged Loss: 0.021634
2026-04-20 21:57: **********Val Epoch 690: average Loss: 0.007452
2026-04-20 21:57: Train Epoch 691: 0/37 Loss: 0.007297
2026-04-20 21:57: Train Epoch 691: 20/37 Loss: 0.005939
2026-04-20 21:57: **********Train Epoch 691: averaged Loss: 0.007203
2026-04-20 21:57: **********Val Epoch 691: average Loss: 0.005626
2026-04-20 21:57: Train Epoch 692: 0/37 Loss: 0.019315
2026-04-20 21:57: Train Epoch 692: 20/37 Loss: 0.006463
2026-04-20 21:57: **********Train Epoch 692: averaged Loss: 0.011236
2026-04-20 21:57: **********Val Epoch 692: average Loss: 0.008618
2026-04-20 21:57: Train Epoch 693: 0/37 Loss: 0.006260
2026-04-20 21:57: Train Epoch 693: 20/37 Loss: 0.005325
2026-04-20 21:57: **********Train Epoch 693: averaged Loss: 0.008937
2026-04-20 21:57: **********Val Epoch 693: average Loss: 0.007388
2026-04-20 21:57: Train Epoch 694: 0/37 Loss: 0.018826
2026-04-20 21:57: Train Epoch 694: 20/37 Loss: 0.007503
2026-04-20 21:57: **********Train Epoch 694: averaged Loss: 0.011985
2026-04-20 21:57: **********Val Epoch 694: average Loss: 0.020325
2026-04-20 21:57: Train Epoch 695: 0/37 Loss: 0.005408
2026-04-20 21:57: Train Epoch 695: 20/37 Loss: 0.005496
2026-04-20 21:57: **********Train Epoch 695: averaged Loss: 0.012438
2026-04-20 21:57: **********Val Epoch 695: average Loss: 0.012442
2026-04-20 21:57: Train Epoch 696: 0/37 Loss: 0.032184
2026-04-20 21:57: Train Epoch 696: 20/37 Loss: 0.006531
2026-04-20 21:57: **********Train Epoch 696: averaged Loss: 0.012908
2026-04-20 21:57: **********Val Epoch 696: average Loss: 0.010809
2026-04-20 21:57: Train Epoch 697: 0/37 Loss: 0.026679
2026-04-20 21:57: Train Epoch 697: 20/37 Loss: 0.006569
2026-04-20 21:57: **********Train Epoch 697: averaged Loss: 0.011372
2026-04-20 21:57: **********Val Epoch 697: average Loss: 0.010674
2026-04-20 21:57: Train Epoch 698: 0/37 Loss: 0.021254
2026-04-20 21:57: Train Epoch 698: 20/37 Loss: 0.006912
2026-04-20 21:57: **********Train Epoch 698: averaged Loss: 0.013807
2026-04-20 21:57: **********Val Epoch 698: average Loss: 0.027790
2026-04-20 21:57: Train Epoch 699: 0/37 Loss: 0.009304
2026-04-20 21:57: Train Epoch 699: 20/37 Loss: 0.005794
2026-04-20 21:57: **********Train Epoch 699: averaged Loss: 0.010765
2026-04-20 21:57: **********Val Epoch 699: average Loss: 0.009198
2026-04-20 21:57: Train Epoch 700: 0/37 Loss: 0.055612
2026-04-20 21:57: Train Epoch 700: 20/37 Loss: 0.006478
2026-04-20 21:57: **********Train Epoch 700: averaged Loss: 0.017031
2026-04-20 21:57: **********Val Epoch 700: average Loss: 0.009323
2026-04-20 21:57: Train Epoch 701: 0/37 Loss: 0.076632
2026-04-20 21:57: Train Epoch 701: 20/37 Loss: 0.023326
2026-04-20 21:57: **********Train Epoch 701: averaged Loss: 0.023328
2026-04-20 21:57: **********Val Epoch 701: average Loss: 0.005898
2026-04-20 21:57: Train Epoch 702: 0/37 Loss: 0.053274
2026-04-20 21:57: Train Epoch 702: 20/37 Loss: 0.006621
2026-04-20 21:57: **********Train Epoch 702: averaged Loss: 0.017964
2026-04-20 21:57: **********Val Epoch 702: average Loss: 0.005346
2026-04-20 21:57: *********************************Current best model saved!
2026-04-20 21:57: Train Epoch 703: 0/37 Loss: 0.043908
2026-04-20 21:57: Train Epoch 703: 20/37 Loss: 0.007693
2026-04-20 21:57: **********Train Epoch 703: averaged Loss: 0.012732
2026-04-20 21:57: **********Val Epoch 703: average Loss: 0.005388
2026-04-20 21:57: Train Epoch 704: 0/37 Loss: 0.019893
2026-04-20 21:57: Train Epoch 704: 20/37 Loss: 0.006625
2026-04-20 21:58: **********Train Epoch 704: averaged Loss: 0.013017
2026-04-20 21:58: **********Val Epoch 704: average Loss: 0.026814
2026-04-20 21:58: Train Epoch 705: 0/37 Loss: 0.061672
2026-04-20 21:58: Train Epoch 705: 20/37 Loss: 0.013329
2026-04-20 21:58: **********Train Epoch 705: averaged Loss: 0.016863
2026-04-20 21:58: **********Val Epoch 705: average Loss: 0.005855
2026-04-20 21:58: Train Epoch 706: 0/37 Loss: 0.012063
2026-04-20 21:58: Train Epoch 706: 20/37 Loss: 0.005680
2026-04-20 21:58: **********Train Epoch 706: averaged Loss: 0.006992
2026-04-20 21:58: **********Val Epoch 706: average Loss: 0.005981
2026-04-20 21:58: Train Epoch 707: 0/37 Loss: 0.020352
2026-04-20 21:58: Train Epoch 707: 20/37 Loss: 0.005881
2026-04-20 21:58: **********Train Epoch 707: averaged Loss: 0.011536
2026-04-20 21:58: **********Val Epoch 707: average Loss: 0.010804
2026-04-20 21:58: Train Epoch 708: 0/37 Loss: 0.010902
2026-04-20 21:58: Train Epoch 708: 20/37 Loss: 0.006828
2026-04-20 21:58: **********Train Epoch 708: averaged Loss: 0.008927
2026-04-20 21:58: **********Val Epoch 708: average Loss: 0.007653
2026-04-20 21:58: Train Epoch 709: 0/37 Loss: 0.018573
2026-04-20 21:58: Train Epoch 709: 20/37 Loss: 0.008739
2026-04-20 21:58: **********Train Epoch 709: averaged Loss: 0.009867
2026-04-20 21:58: **********Val Epoch 709: average Loss: 0.015583
2026-04-20 21:58: Train Epoch 710: 0/37 Loss: 0.005041
2026-04-20 21:58: Train Epoch 710: 20/37 Loss: 0.005508
2026-04-20 21:58: **********Train Epoch 710: averaged Loss: 0.007500
2026-04-20 21:58: **********Val Epoch 710: average Loss: 0.006659
2026-04-20 21:58: Train Epoch 711: 0/37 Loss: 0.012696
2026-04-20 21:58: Train Epoch 711: 20/37 Loss: 0.011553
2026-04-20 21:58: **********Train Epoch 711: averaged Loss: 0.011462
2026-04-20 21:58: **********Val Epoch 711: average Loss: 0.006692
2026-04-20 21:58: Train Epoch 712: 0/37 Loss: 0.036952
2026-04-20 21:58: Train Epoch 712: 20/37 Loss: 0.008150
2026-04-20 21:58: **********Train Epoch 712: averaged Loss: 0.012205
2026-04-20 21:58: **********Val Epoch 712: average Loss: 0.008215
2026-04-20 21:58: Train Epoch 713: 0/37 Loss: 0.017530
2026-04-20 21:58: Train Epoch 713: 20/37 Loss: 0.005786
2026-04-20 21:58: **********Train Epoch 713: averaged Loss: 0.010807
2026-04-20 21:58: **********Val Epoch 713: average Loss: 0.021565
2026-04-20 21:58: Train Epoch 714: 0/37 Loss: 0.043517
2026-04-20 21:58: Train Epoch 714: 20/37 Loss: 0.005429
2026-04-20 21:58: **********Train Epoch 714: averaged Loss: 0.012992
2026-04-20 21:58: **********Val Epoch 714: average Loss: 0.006928
2026-04-20 21:58: Train Epoch 715: 0/37 Loss: 0.004562
2026-04-20 21:58: Train Epoch 715: 20/37 Loss: 0.007163
2026-04-20 21:58: **********Train Epoch 715: averaged Loss: 0.008908
2026-04-20 21:58: **********Val Epoch 715: average Loss: 0.006258
2026-04-20 21:58: Train Epoch 716: 0/37 Loss: 0.028454
2026-04-20 21:58: Train Epoch 716: 20/37 Loss: 0.023806
2026-04-20 21:58: **********Train Epoch 716: averaged Loss: 0.017259
2026-04-20 21:58: **********Val Epoch 716: average Loss: 0.021163
2026-04-20 21:58: Train Epoch 717: 0/37 Loss: 0.004146
2026-04-20 21:58: Train Epoch 717: 20/37 Loss: 0.005554
2026-04-20 21:58: **********Train Epoch 717: averaged Loss: 0.008511
2026-04-20 21:58: **********Val Epoch 717: average Loss: 0.007598
2026-04-20 21:58: Train Epoch 718: 0/37 Loss: 0.025144
2026-04-20 21:58: Train Epoch 718: 20/37 Loss: 0.011480
2026-04-20 21:58: **********Train Epoch 718: averaged Loss: 0.012402
2026-04-20 21:58: **********Val Epoch 718: average Loss: 0.018356
2026-04-20 21:58: Train Epoch 719: 0/37 Loss: 0.016419
2026-04-20 21:58: Train Epoch 719: 20/37 Loss: 0.005838
2026-04-20 21:58: **********Train Epoch 719: averaged Loss: 0.009689
2026-04-20 21:58: **********Val Epoch 719: average Loss: 0.007713
2026-04-20 21:58: Train Epoch 720: 0/37 Loss: 0.003747
2026-04-20 21:58: Train Epoch 720: 20/37 Loss: 0.008213
2026-04-20 21:58: **********Train Epoch 720: averaged Loss: 0.008000
2026-04-20 21:58: **********Val Epoch 720: average Loss: 0.005589
2026-04-20 21:58: Train Epoch 721: 0/37 Loss: 0.043040
2026-04-20 21:58: Train Epoch 721: 20/37 Loss: 0.009507
2026-04-20 21:58: **********Train Epoch 721: averaged Loss: 0.015670
2026-04-20 21:58: **********Val Epoch 721: average Loss: 0.017560
2026-04-20 21:58: Train Epoch 722: 0/37 Loss: 0.058521
2026-04-20 21:58: Train Epoch 722: 20/37 Loss: 0.006565
2026-04-20 21:58: **********Train Epoch 722: averaged Loss: 0.021226
2026-04-20 21:58: **********Val Epoch 722: average Loss: 0.016398
2026-04-20 21:58: Train Epoch 723: 0/37 Loss: 0.039987
2026-04-20 21:58: Train Epoch 723: 20/37 Loss: 0.014221
2026-04-20 21:58: **********Train Epoch 723: averaged Loss: 0.014839
2026-04-20 21:58: **********Val Epoch 723: average Loss: 0.014567
2026-04-20 21:58: Train Epoch 724: 0/37 Loss: 0.003482
2026-04-20 21:58: Train Epoch 724: 20/37 Loss: 0.013288
2026-04-20 21:58: **********Train Epoch 724: averaged Loss: 0.008306
2026-04-20 21:58: **********Val Epoch 724: average Loss: 0.010369
2026-04-20 21:58: Train Epoch 725: 0/37 Loss: 0.025753
2026-04-20 21:58: Train Epoch 725: 20/37 Loss: 0.005482
2026-04-20 21:58: **********Train Epoch 725: averaged Loss: 0.012219
2026-04-20 21:58: **********Val Epoch 725: average Loss: 0.006740
2026-04-20 21:58: Train Epoch 726: 0/37 Loss: 0.005126
2026-04-20 21:58: Train Epoch 726: 20/37 Loss: 0.023158
2026-04-20 21:58: **********Train Epoch 726: averaged Loss: 0.011347
2026-04-20 21:58: **********Val Epoch 726: average Loss: 0.008040
2026-04-20 21:58: Train Epoch 727: 0/37 Loss: 0.040878
2026-04-20 21:58: Train Epoch 727: 20/37 Loss: 0.005495
2026-04-20 21:58: **********Train Epoch 727: averaged Loss: 0.011937
2026-04-20 21:58: **********Val Epoch 727: average Loss: 0.006282
2026-04-20 21:58: Train Epoch 728: 0/37 Loss: 0.005693
2026-04-20 21:58: Train Epoch 728: 20/37 Loss: 0.007144
2026-04-20 21:58: **********Train Epoch 728: averaged Loss: 0.006994
2026-04-20 21:58: **********Val Epoch 728: average Loss: 0.010460
2026-04-20 21:58: Train Epoch 729: 0/37 Loss: 0.029844
2026-04-20 21:58: Train Epoch 729: 20/37 Loss: 0.007008
2026-04-20 21:58: **********Train Epoch 729: averaged Loss: 0.011936
2026-04-20 21:58: **********Val Epoch 729: average Loss: 0.010729
2026-04-20 21:58: Train Epoch 730: 0/37 Loss: 0.016218
2026-04-20 21:58: Train Epoch 730: 20/37 Loss: 0.005889
2026-04-20 21:58: **********Train Epoch 730: averaged Loss: 0.009427
2026-04-20 21:58: **********Val Epoch 730: average Loss: 0.007195
2026-04-20 21:58: Train Epoch 731: 0/37 Loss: 0.009081
2026-04-20 21:58: Train Epoch 731: 20/37 Loss: 0.005556
2026-04-20 21:58: **********Train Epoch 731: averaged Loss: 0.008450
2026-04-20 21:58: **********Val Epoch 731: average Loss: 0.006804
2026-04-20 21:58: Train Epoch 732: 0/37 Loss: 0.023403
2026-04-20 21:58: Train Epoch 732: 20/37 Loss: 0.006524
2026-04-20 21:58: **********Train Epoch 732: averaged Loss: 0.013690
2026-04-20 21:58: **********Val Epoch 732: average Loss: 0.032186
2026-04-20 21:58: Train Epoch 733: 0/37 Loss: 0.013374
2026-04-20 21:59: Train Epoch 733: 20/37 Loss: 0.008739
2026-04-20 21:59: **********Train Epoch 733: averaged Loss: 0.012741
2026-04-20 21:59: **********Val Epoch 733: average Loss: 0.024728
2026-04-20 21:59: Train Epoch 734: 0/37 Loss: 0.012638
2026-04-20 21:59: Train Epoch 734: 20/37 Loss: 0.005381
2026-04-20 21:59: **********Train Epoch 734: averaged Loss: 0.012091
2026-04-20 21:59: **********Val Epoch 734: average Loss: 0.016532
2026-04-20 21:59: Train Epoch 735: 0/37 Loss: 0.009267
2026-04-20 21:59: Train Epoch 735: 20/37 Loss: 0.005326
2026-04-20 21:59: **********Train Epoch 735: averaged Loss: 0.011725
2026-04-20 21:59: **********Val Epoch 735: average Loss: 0.010258
2026-04-20 21:59: Train Epoch 736: 0/37 Loss: 0.014720
2026-04-20 21:59: Train Epoch 736: 20/37 Loss: 0.006009
2026-04-20 21:59: **********Train Epoch 736: averaged Loss: 0.010400
2026-04-20 21:59: **********Val Epoch 736: average Loss: 0.009737
2026-04-20 21:59: Train Epoch 737: 0/37 Loss: 0.003832
2026-04-20 21:59: Train Epoch 737: 20/37 Loss: 0.006604
2026-04-20 21:59: **********Train Epoch 737: averaged Loss: 0.008086
2026-04-20 21:59: **********Val Epoch 737: average Loss: 0.006599
2026-04-20 21:59: Train Epoch 738: 0/37 Loss: 0.012975
2026-04-20 21:59: Train Epoch 738: 20/37 Loss: 0.005465
2026-04-20 21:59: **********Train Epoch 738: averaged Loss: 0.013364
2026-04-20 21:59: **********Val Epoch 738: average Loss: 0.032062
2026-04-20 21:59: Train Epoch 739: 0/37 Loss: 0.006477
2026-04-20 21:59: Train Epoch 739: 20/37 Loss: 0.010524
2026-04-20 21:59: **********Train Epoch 739: averaged Loss: 0.010317
2026-04-20 21:59: **********Val Epoch 739: average Loss: 0.006691
2026-04-20 21:59: Train Epoch 740: 0/37 Loss: 0.048403
2026-04-20 21:59: Train Epoch 740: 20/37 Loss: 0.016421
2026-04-20 21:59: **********Train Epoch 740: averaged Loss: 0.016889
2026-04-20 21:59: **********Val Epoch 740: average Loss: 0.016919
2026-04-20 21:59: Train Epoch 741: 0/37 Loss: 0.044672
2026-04-20 21:59: Train Epoch 741: 20/37 Loss: 0.009406
2026-04-20 21:59: **********Train Epoch 741: averaged Loss: 0.013429
2026-04-20 21:59: **********Val Epoch 741: average Loss: 0.008531
2026-04-20 21:59: Train Epoch 742: 0/37 Loss: 0.031508
2026-04-20 21:59: Train Epoch 742: 20/37 Loss: 0.005325
2026-04-20 21:59: **********Train Epoch 742: averaged Loss: 0.011796
2026-04-20 21:59: **********Val Epoch 742: average Loss: 0.011390
2026-04-20 21:59: Train Epoch 743: 0/37 Loss: 0.003852
2026-04-20 21:59: Train Epoch 743: 20/37 Loss: 0.006158
2026-04-20 21:59: **********Train Epoch 743: averaged Loss: 0.008868
2026-04-20 21:59: **********Val Epoch 743: average Loss: 0.015475
2026-04-20 21:59: Train Epoch 744: 0/37 Loss: 0.005693
2026-04-20 21:59: Train Epoch 744: 20/37 Loss: 0.005331
2026-04-20 21:59: **********Train Epoch 744: averaged Loss: 0.009341
2026-04-20 21:59: **********Val Epoch 744: average Loss: 0.008358
2026-04-20 21:59: Train Epoch 745: 0/37 Loss: 0.004598
2026-04-20 21:59: Train Epoch 745: 20/37 Loss: 0.008052
2026-04-20 21:59: **********Train Epoch 745: averaged Loss: 0.011048
2026-04-20 21:59: **********Val Epoch 745: average Loss: 0.018927
2026-04-20 21:59: Train Epoch 746: 0/37 Loss: 0.005211
2026-04-20 21:59: Train Epoch 746: 20/37 Loss: 0.006460
2026-04-20 21:59: **********Train Epoch 746: averaged Loss: 0.009928
2026-04-20 21:59: **********Val Epoch 746: average Loss: 0.013019
2026-04-20 21:59: Train Epoch 747: 0/37 Loss: 0.018122
2026-04-20 21:59: Train Epoch 747: 20/37 Loss: 0.006464
2026-04-20 21:59: **********Train Epoch 747: averaged Loss: 0.012613
2026-04-20 21:59: **********Val Epoch 747: average Loss: 0.035547
2026-04-20 21:59: Train Epoch 748: 0/37 Loss: 0.006446
2026-04-20 21:59: Train Epoch 748: 20/37 Loss: 0.011773
2026-04-20 21:59: **********Train Epoch 748: averaged Loss: 0.010449
2026-04-20 21:59: **********Val Epoch 748: average Loss: 0.006211
2026-04-20 21:59: Train Epoch 749: 0/37 Loss: 0.040516
2026-04-20 21:59: Train Epoch 749: 20/37 Loss: 0.006266
2026-04-20 21:59: **********Train Epoch 749: averaged Loss: 0.014924
2026-04-20 21:59: **********Val Epoch 749: average Loss: 0.024636
2026-04-20 21:59: Train Epoch 750: 0/37 Loss: 0.036212
2026-04-20 21:59: Train Epoch 750: 20/37 Loss: 0.005627
2026-04-20 21:59: **********Train Epoch 750: averaged Loss: 0.011220
2026-04-20 21:59: **********Val Epoch 750: average Loss: 0.007427
2026-04-20 21:59: Train Epoch 751: 0/37 Loss: 0.009636
2026-04-20 21:59: Train Epoch 751: 20/37 Loss: 0.011023
2026-04-20 21:59: **********Train Epoch 751: averaged Loss: 0.009640
2026-04-20 21:59: **********Val Epoch 751: average Loss: 0.005417
2026-04-20 21:59: Train Epoch 752: 0/37 Loss: 0.014882
2026-04-20 21:59: Train Epoch 752: 20/37 Loss: 0.007758
2026-04-20 21:59: **********Train Epoch 752: averaged Loss: 0.013486
2026-04-20 21:59: **********Val Epoch 752: average Loss: 0.030454
2026-04-20 21:59: Train Epoch 753: 0/37 Loss: 0.020853
2026-04-20 21:59: Train Epoch 753: 20/37 Loss: 0.019916
2026-04-20 21:59: **********Train Epoch 753: averaged Loss: 0.012355
2026-04-20 21:59: **********Val Epoch 753: average Loss: 0.005946
2026-04-20 21:59: Train Epoch 754: 0/37 Loss: 0.025156
2026-04-20 21:59: Train Epoch 754: 20/37 Loss: 0.007454
2026-04-20 21:59: **********Train Epoch 754: averaged Loss: 0.013743
2026-04-20 21:59: **********Val Epoch 754: average Loss: 0.033987
2026-04-20 21:59: Train Epoch 755: 0/37 Loss: 0.038881
2026-04-20 21:59: Train Epoch 755: 20/37 Loss: 0.025677
2026-04-20 21:59: **********Train Epoch 755: averaged Loss: 0.014433
2026-04-20 21:59: **********Val Epoch 755: average Loss: 0.006453
2026-04-20 21:59: Train Epoch 756: 0/37 Loss: 0.032437
2026-04-20 21:59: Train Epoch 756: 20/37 Loss: 0.005815
2026-04-20 21:59: **********Train Epoch 756: averaged Loss: 0.012883
2026-04-20 21:59: **********Val Epoch 756: average Loss: 0.017296
2026-04-20 21:59: Train Epoch 757: 0/37 Loss: 0.008751
2026-04-20 21:59: Train Epoch 757: 20/37 Loss: 0.006640
2026-04-20 21:59: **********Train Epoch 757: averaged Loss: 0.007108
2026-04-20 21:59: **********Val Epoch 757: average Loss: 0.009792
2026-04-20 21:59: Train Epoch 758: 0/37 Loss: 0.021171
2026-04-20 21:59: Train Epoch 758: 20/37 Loss: 0.010063
2026-04-20 21:59: **********Train Epoch 758: averaged Loss: 0.010309
2026-04-20 21:59: **********Val Epoch 758: average Loss: 0.005747
2026-04-20 21:59: Train Epoch 759: 0/37 Loss: 0.026728
2026-04-20 21:59: Train Epoch 759: 20/37 Loss: 0.011173
2026-04-20 21:59: **********Train Epoch 759: averaged Loss: 0.010580
2026-04-20 21:59: **********Val Epoch 759: average Loss: 0.007360
2026-04-20 21:59: Train Epoch 760: 0/37 Loss: 0.007347
2026-04-20 21:59: Train Epoch 760: 20/37 Loss: 0.008255
2026-04-20 21:59: **********Train Epoch 760: averaged Loss: 0.008101
2026-04-20 21:59: **********Val Epoch 760: average Loss: 0.010554
2026-04-20 21:59: Train Epoch 761: 0/37 Loss: 0.049531
2026-04-20 21:59: Train Epoch 761: 20/37 Loss: 0.006948
2026-04-20 21:59: **********Train Epoch 761: averaged Loss: 0.015301
2026-04-20 21:59: **********Val Epoch 761: average Loss: 0.012487
2026-04-20 21:59: Train Epoch 762: 0/37 Loss: 0.045770
2026-04-20 22:00: Train Epoch 762: 20/37 Loss: 0.007386
2026-04-20 22:00: **********Train Epoch 762: averaged Loss: 0.015349
2026-04-20 22:00: **********Val Epoch 762: average Loss: 0.024080
2026-04-20 22:00: Train Epoch 763: 0/37 Loss: 0.022342
2026-04-20 22:00: Train Epoch 763: 20/37 Loss: 0.006055
2026-04-20 22:00: **********Train Epoch 763: averaged Loss: 0.009238
2026-04-20 22:00: **********Val Epoch 763: average Loss: 0.006277
2026-04-20 22:00: Train Epoch 764: 0/37 Loss: 0.025978
2026-04-20 22:00: Train Epoch 764: 20/37 Loss: 0.006832
2026-04-20 22:00: **********Train Epoch 764: averaged Loss: 0.013341
2026-04-20 22:00: **********Val Epoch 764: average Loss: 0.020709
2026-04-20 22:00: Train Epoch 765: 0/37 Loss: 0.041729
2026-04-20 22:00: Train Epoch 765: 20/37 Loss: 0.006094
2026-04-20 22:00: **********Train Epoch 765: averaged Loss: 0.012942
2026-04-20 22:00: **********Val Epoch 765: average Loss: 0.006501
2026-04-20 22:00: Train Epoch 766: 0/37 Loss: 0.034981
2026-04-20 22:00: Train Epoch 766: 20/37 Loss: 0.006713
2026-04-20 22:00: **********Train Epoch 766: averaged Loss: 0.012421
2026-04-20 22:00: **********Val Epoch 766: average Loss: 0.009526
2026-04-20 22:00: Train Epoch 767: 0/37 Loss: 0.033604
2026-04-20 22:00: Train Epoch 767: 20/37 Loss: 0.005724
2026-04-20 22:00: **********Train Epoch 767: averaged Loss: 0.013012
2026-04-20 22:00: **********Val Epoch 767: average Loss: 0.006206
2026-04-20 22:00: Train Epoch 768: 0/37 Loss: 0.028903
2026-04-20 22:00: Train Epoch 768: 20/37 Loss: 0.007784
2026-04-20 22:00: **********Train Epoch 768: averaged Loss: 0.015052
2026-04-20 22:00: **********Val Epoch 768: average Loss: 0.021378
2026-04-20 22:00: Train Epoch 769: 0/37 Loss: 0.009109
2026-04-20 22:00: Train Epoch 769: 20/37 Loss: 0.012336
2026-04-20 22:00: **********Train Epoch 769: averaged Loss: 0.014680
2026-04-20 22:00: **********Val Epoch 769: average Loss: 0.032151
2026-04-20 22:00: Train Epoch 770: 0/37 Loss: 0.077544
2026-04-20 22:00: Train Epoch 770: 20/37 Loss: 0.013914
2026-04-20 22:00: **********Train Epoch 770: averaged Loss: 0.019654
2026-04-20 22:00: **********Val Epoch 770: average Loss: 0.007173
2026-04-20 22:00: Train Epoch 771: 0/37 Loss: 0.073358
2026-04-20 22:00: Train Epoch 771: 20/37 Loss: 0.012104
2026-04-20 22:00: **********Train Epoch 771: averaged Loss: 0.020283
2026-04-20 22:00: **********Val Epoch 771: average Loss: 0.007642
2026-04-20 22:00: Train Epoch 772: 0/37 Loss: 0.003364
2026-04-20 22:00: Train Epoch 772: 20/37 Loss: 0.008006
2026-04-20 22:00: **********Train Epoch 772: averaged Loss: 0.008632
2026-04-20 22:00: **********Val Epoch 772: average Loss: 0.006787
2026-04-20 22:00: Train Epoch 773: 0/37 Loss: 0.004661
2026-04-20 22:00: Train Epoch 773: 20/37 Loss: 0.006904
2026-04-20 22:00: **********Train Epoch 773: averaged Loss: 0.008608
2026-04-20 22:00: **********Val Epoch 773: average Loss: 0.012156
2026-04-20 22:00: Train Epoch 774: 0/37 Loss: 0.025421
2026-04-20 22:00: Train Epoch 774: 20/37 Loss: 0.005380
2026-04-20 22:00: **********Train Epoch 774: averaged Loss: 0.012868
2026-04-20 22:00: **********Val Epoch 774: average Loss: 0.023845
2026-04-20 22:00: Train Epoch 775: 0/37 Loss: 0.005742
2026-04-20 22:00: Train Epoch 775: 20/37 Loss: 0.009691
2026-04-20 22:00: **********Train Epoch 775: averaged Loss: 0.012049
2026-04-20 22:00: **********Val Epoch 775: average Loss: 0.031065
2026-04-20 22:00: Train Epoch 776: 0/37 Loss: 0.033575
2026-04-20 22:00: Train Epoch 776: 20/37 Loss: 0.021818
2026-04-20 22:00: **********Train Epoch 776: averaged Loss: 0.014492
2026-04-20 22:00: **********Val Epoch 776: average Loss: 0.017258
2026-04-20 22:00: Train Epoch 777: 0/37 Loss: 0.012695
2026-04-20 22:00: Train Epoch 777: 20/37 Loss: 0.011993
2026-04-20 22:00: **********Train Epoch 777: averaged Loss: 0.008925
2026-04-20 22:00: **********Val Epoch 777: average Loss: 0.016037
2026-04-20 22:00: Train Epoch 778: 0/37 Loss: 0.014162
2026-04-20 22:00: Train Epoch 778: 20/37 Loss: 0.005728
2026-04-20 22:00: **********Train Epoch 778: averaged Loss: 0.011334
2026-04-20 22:00: **********Val Epoch 778: average Loss: 0.016022
2026-04-20 22:00: Train Epoch 779: 0/37 Loss: 0.013920
2026-04-20 22:00: Train Epoch 779: 20/37 Loss: 0.005279
2026-04-20 22:00: **********Train Epoch 779: averaged Loss: 0.009868
2026-04-20 22:00: **********Val Epoch 779: average Loss: 0.008002
2026-04-20 22:00: Train Epoch 780: 0/37 Loss: 0.004867
2026-04-20 22:00: Train Epoch 780: 20/37 Loss: 0.006491
2026-04-20 22:00: **********Train Epoch 780: averaged Loss: 0.010612
2026-04-20 22:00: **********Val Epoch 780: average Loss: 0.016300
2026-04-20 22:00: Train Epoch 781: 0/37 Loss: 0.022730
2026-04-20 22:00: Train Epoch 781: 20/37 Loss: 0.008204
2026-04-20 22:00: **********Train Epoch 781: averaged Loss: 0.012666
2026-04-20 22:00: **********Val Epoch 781: average Loss: 0.012678
2026-04-20 22:00: Train Epoch 782: 0/37 Loss: 0.003479
2026-04-20 22:00: Train Epoch 782: 20/37 Loss: 0.015028
2026-04-20 22:00: **********Train Epoch 782: averaged Loss: 0.012100
2026-04-20 22:00: **********Val Epoch 782: average Loss: 0.026612
2026-04-20 22:00: Train Epoch 783: 0/37 Loss: 0.019369
2026-04-20 22:00: Train Epoch 783: 20/37 Loss: 0.028558
2026-04-20 22:00: **********Train Epoch 783: averaged Loss: 0.013971
2026-04-20 22:00: **********Val Epoch 783: average Loss: 0.007070
2026-04-20 22:00: Train Epoch 784: 0/37 Loss: 0.049274
2026-04-20 22:00: Train Epoch 784: 20/37 Loss: 0.005459
2026-04-20 22:00: **********Train Epoch 784: averaged Loss: 0.017913
2026-04-20 22:00: **********Val Epoch 784: average Loss: 0.016557
2026-04-20 22:00: Train Epoch 785: 0/37 Loss: 0.050720
2026-04-20 22:00: Train Epoch 785: 20/37 Loss: 0.027527
2026-04-20 22:00: **********Train Epoch 785: averaged Loss: 0.022169
2026-04-20 22:00: **********Val Epoch 785: average Loss: 0.023174
2026-04-20 22:00: Train Epoch 786: 0/37 Loss: 0.011589
2026-04-20 22:00: Train Epoch 786: 20/37 Loss: 0.006969
2026-04-20 22:00: **********Train Epoch 786: averaged Loss: 0.009925
2026-04-20 22:00: **********Val Epoch 786: average Loss: 0.013125
2026-04-20 22:00: Train Epoch 787: 0/37 Loss: 0.006757
2026-04-20 22:00: Train Epoch 787: 20/37 Loss: 0.006379
2026-04-20 22:00: **********Train Epoch 787: averaged Loss: 0.011659
2026-04-20 22:00: **********Val Epoch 787: average Loss: 0.035677
2026-04-20 22:00: Train Epoch 788: 0/37 Loss: 0.009771
2026-04-20 22:00: Train Epoch 788: 20/37 Loss: 0.009182
2026-04-20 22:00: **********Train Epoch 788: averaged Loss: 0.008866
2026-04-20 22:00: **********Val Epoch 788: average Loss: 0.006608
2026-04-20 22:00: Train Epoch 789: 0/37 Loss: 0.047563
2026-04-20 22:00: Train Epoch 789: 20/37 Loss: 0.006870
2026-04-20 22:00: **********Train Epoch 789: averaged Loss: 0.016406
2026-04-20 22:00: **********Val Epoch 789: average Loss: 0.007116
2026-04-20 22:00: Train Epoch 790: 0/37 Loss: 0.057945
2026-04-20 22:00: Train Epoch 790: 20/37 Loss: 0.008592
2026-04-20 22:01: **********Train Epoch 790: averaged Loss: 0.019134
2026-04-20 22:01: **********Val Epoch 790: average Loss: 0.005495
2026-04-20 22:01: Train Epoch 791: 0/37 Loss: 0.048463
2026-04-20 22:01: Train Epoch 791: 20/37 Loss: 0.012241
2026-04-20 22:01: **********Train Epoch 791: averaged Loss: 0.018870
2026-04-20 22:01: **********Val Epoch 791: average Loss: 0.036945
2026-04-20 22:01: Train Epoch 792: 0/37 Loss: 0.006839
2026-04-20 22:01: Train Epoch 792: 20/37 Loss: 0.013771
2026-04-20 22:01: **********Train Epoch 792: averaged Loss: 0.008841
2026-04-20 22:01: **********Val Epoch 792: average Loss: 0.006461
2026-04-20 22:01: Train Epoch 793: 0/37 Loss: 0.015839
2026-04-20 22:01: Train Epoch 793: 20/37 Loss: 0.008993
2026-04-20 22:01: **********Train Epoch 793: averaged Loss: 0.012001
2026-04-20 22:01: **********Val Epoch 793: average Loss: 0.043965
2026-04-20 22:01: Train Epoch 794: 0/37 Loss: 0.034689
2026-04-20 22:01: Train Epoch 794: 20/37 Loss: 0.019060
2026-04-20 22:01: **********Train Epoch 794: averaged Loss: 0.014920
2026-04-20 22:01: **********Val Epoch 794: average Loss: 0.011924
2026-04-20 22:01: Train Epoch 795: 0/37 Loss: 0.036631
2026-04-20 22:01: Train Epoch 795: 20/37 Loss: 0.010325
2026-04-20 22:01: **********Train Epoch 795: averaged Loss: 0.015125
2026-04-20 22:01: **********Val Epoch 795: average Loss: 0.014683
2026-04-20 22:01: Train Epoch 796: 0/37 Loss: 0.005869
2026-04-20 22:01: Train Epoch 796: 20/37 Loss: 0.005406
2026-04-20 22:01: **********Train Epoch 796: averaged Loss: 0.007260
2026-04-20 22:01: **********Val Epoch 796: average Loss: 0.007121
2026-04-20 22:01: Train Epoch 797: 0/37 Loss: 0.012207
2026-04-20 22:01: Train Epoch 797: 20/37 Loss: 0.007097
2026-04-20 22:01: **********Train Epoch 797: averaged Loss: 0.009476
2026-04-20 22:01: **********Val Epoch 797: average Loss: 0.026139
2026-04-20 22:01: Train Epoch 798: 0/37 Loss: 0.006064
2026-04-20 22:01: Train Epoch 798: 20/37 Loss: 0.006666
2026-04-20 22:01: **********Train Epoch 798: averaged Loss: 0.007507
2026-04-20 22:01: **********Val Epoch 798: average Loss: 0.007038
2026-04-20 22:01: Train Epoch 799: 0/37 Loss: 0.007399
2026-04-20 22:01: Train Epoch 799: 20/37 Loss: 0.009130
2026-04-20 22:01: **********Train Epoch 799: averaged Loss: 0.011844
2026-04-20 22:01: **********Val Epoch 799: average Loss: 0.033062
2026-04-20 22:01: Train Epoch 800: 0/37 Loss: 0.013153
2026-04-20 22:01: Train Epoch 800: 20/37 Loss: 0.010991
2026-04-20 22:01: **********Train Epoch 800: averaged Loss: 0.009514
2026-04-20 22:01: **********Val Epoch 800: average Loss: 0.006521
2026-04-20 22:01: Train Epoch 801: 0/37 Loss: 0.034441
2026-04-20 22:01: Train Epoch 801: 20/37 Loss: 0.005749
2026-04-20 22:01: **********Train Epoch 801: averaged Loss: 0.015789
2026-04-20 22:01: **********Val Epoch 801: average Loss: 0.032698
2026-04-20 22:01: Train Epoch 802: 0/37 Loss: 0.005042
2026-04-20 22:01: Train Epoch 802: 20/37 Loss: 0.011821
2026-04-20 22:01: **********Train Epoch 802: averaged Loss: 0.009012
2026-04-20 22:01: **********Val Epoch 802: average Loss: 0.006720
2026-04-20 22:01: Train Epoch 803: 0/37 Loss: 0.050274
2026-04-20 22:01: Train Epoch 803: 20/37 Loss: 0.006462
2026-04-20 22:01: **********Train Epoch 803: averaged Loss: 0.015976
2026-04-20 22:01: **********Val Epoch 803: average Loss: 0.005880
2026-04-20 22:01: Train Epoch 804: 0/37 Loss: 0.021415
2026-04-20 22:01: Train Epoch 804: 20/37 Loss: 0.009260
2026-04-20 22:01: **********Train Epoch 804: averaged Loss: 0.010612
2026-04-20 22:01: **********Val Epoch 804: average Loss: 0.007530
2026-04-20 22:01: Train Epoch 805: 0/37 Loss: 0.012358
2026-04-20 22:01: Train Epoch 805: 20/37 Loss: 0.005411
2026-04-20 22:01: **********Train Epoch 805: averaged Loss: 0.010974
2026-04-20 22:01: **********Val Epoch 805: average Loss: 0.014369
2026-04-20 22:01: Train Epoch 806: 0/37 Loss: 0.043714
2026-04-20 22:01: Train Epoch 806: 20/37 Loss: 0.011216
2026-04-20 22:01: **********Train Epoch 806: averaged Loss: 0.013991
2026-04-20 22:01: **********Val Epoch 806: average Loss: 0.006285
2026-04-20 22:01: Train Epoch 807: 0/37 Loss: 0.020468
2026-04-20 22:01: Train Epoch 807: 20/37 Loss: 0.006222
2026-04-20 22:01: **********Train Epoch 807: averaged Loss: 0.011389
2026-04-20 22:01: **********Val Epoch 807: average Loss: 0.023899
2026-04-20 22:01: Train Epoch 808: 0/37 Loss: 0.014200
2026-04-20 22:01: Train Epoch 808: 20/37 Loss: 0.013566
2026-04-20 22:01: **********Train Epoch 808: averaged Loss: 0.009783
2026-04-20 22:01: **********Val Epoch 808: average Loss: 0.006884
2026-04-20 22:01: Train Epoch 809: 0/37 Loss: 0.026464
2026-04-20 22:01: Train Epoch 809: 20/37 Loss: 0.006655
2026-04-20 22:01: **********Train Epoch 809: averaged Loss: 0.015884
2026-04-20 22:01: **********Val Epoch 809: average Loss: 0.030673
2026-04-20 22:01: Train Epoch 810: 0/37 Loss: 0.015845
2026-04-20 22:01: Train Epoch 810: 20/37 Loss: 0.029551
2026-04-20 22:01: **********Train Epoch 810: averaged Loss: 0.013128
2026-04-20 22:01: **********Val Epoch 810: average Loss: 0.011636
2026-04-20 22:01: Train Epoch 811: 0/37 Loss: 0.062855
2026-04-20 22:01: Train Epoch 811: 20/37 Loss: 0.008695
2026-04-20 22:01: **********Train Epoch 811: averaged Loss: 0.019482
2026-04-20 22:01: **********Val Epoch 811: average Loss: 0.008700
2026-04-20 22:01: Train Epoch 812: 0/37 Loss: 0.037174
2026-04-20 22:01: Train Epoch 812: 20/37 Loss: 0.005754
2026-04-20 22:01: **********Train Epoch 812: averaged Loss: 0.012235
2026-04-20 22:01: **********Val Epoch 812: average Loss: 0.006883
2026-04-20 22:01: Train Epoch 813: 0/37 Loss: 0.003511
2026-04-20 22:01: Train Epoch 813: 20/37 Loss: 0.006305
2026-04-20 22:01: **********Train Epoch 813: averaged Loss: 0.009889
2026-04-20 22:01: **********Val Epoch 813: average Loss: 0.019222
2026-04-20 22:01: Train Epoch 814: 0/37 Loss: 0.074786
2026-04-20 22:01: Train Epoch 814: 20/37 Loss: 0.013430
2026-04-20 22:01: **********Train Epoch 814: averaged Loss: 0.021121
2026-04-20 22:01: **********Val Epoch 814: average Loss: 0.012885
2026-04-20 22:01: Train Epoch 815: 0/37 Loss: 0.017715
2026-04-20 22:01: Train Epoch 815: 20/37 Loss: 0.005515
2026-04-20 22:01: **********Train Epoch 815: averaged Loss: 0.009309
2026-04-20 22:01: **********Val Epoch 815: average Loss: 0.008600
2026-04-20 22:01: Train Epoch 816: 0/37 Loss: 0.018390
2026-04-20 22:01: Train Epoch 816: 20/37 Loss: 0.008226
2026-04-20 22:01: **********Train Epoch 816: averaged Loss: 0.009580
2026-04-20 22:01: **********Val Epoch 816: average Loss: 0.006306
2026-04-20 22:01: Train Epoch 817: 0/37 Loss: 0.006477
2026-04-20 22:01: Train Epoch 817: 20/37 Loss: 0.005958
2026-04-20 22:01: **********Train Epoch 817: averaged Loss: 0.007468
2026-04-20 22:01: **********Val Epoch 817: average Loss: 0.006975
2026-04-20 22:01: Train Epoch 818: 0/37 Loss: 0.025940
2026-04-20 22:01: Train Epoch 818: 20/37 Loss: 0.012662
2026-04-20 22:01: **********Train Epoch 818: averaged Loss: 0.011277
2026-04-20 22:01: **********Val Epoch 818: average Loss: 0.005962
2026-04-20 22:01: Train Epoch 819: 0/37 Loss: 0.003235
2026-04-20 22:02: Train Epoch 819: 20/37 Loss: 0.008653
2026-04-20 22:02: **********Train Epoch 819: averaged Loss: 0.008381
2026-04-20 22:02: **********Val Epoch 819: average Loss: 0.013243
2026-04-20 22:02: Train Epoch 820: 0/37 Loss: 0.006459
2026-04-20 22:02: Train Epoch 820: 20/37 Loss: 0.008141
2026-04-20 22:02: **********Train Epoch 820: averaged Loss: 0.011067
2026-04-20 22:02: **********Val Epoch 820: average Loss: 0.021332
2026-04-20 22:02: Train Epoch 821: 0/37 Loss: 0.008451
2026-04-20 22:02: Train Epoch 821: 20/37 Loss: 0.011974
2026-04-20 22:02: **********Train Epoch 821: averaged Loss: 0.010422
2026-04-20 22:02: **********Val Epoch 821: average Loss: 0.013361
2026-04-20 22:02: Train Epoch 822: 0/37 Loss: 0.018809
2026-04-20 22:02: Train Epoch 822: 20/37 Loss: 0.005515
2026-04-20 22:02: **********Train Epoch 822: averaged Loss: 0.011586
2026-04-20 22:02: **********Val Epoch 822: average Loss: 0.018607
2026-04-20 22:02: Train Epoch 823: 0/37 Loss: 0.006195
2026-04-20 22:02: Train Epoch 823: 20/37 Loss: 0.005390
2026-04-20 22:02: **********Train Epoch 823: averaged Loss: 0.008355
2026-04-20 22:02: **********Val Epoch 823: average Loss: 0.010285
2026-04-20 22:02: Train Epoch 824: 0/37 Loss: 0.063578
2026-04-20 22:02: Train Epoch 824: 20/37 Loss: 0.005404
2026-04-20 22:02: **********Train Epoch 824: averaged Loss: 0.020086
2026-04-20 22:02: **********Val Epoch 824: average Loss: 0.009491
2026-04-20 22:02: Train Epoch 825: 0/37 Loss: 0.006891
2026-04-20 22:02: Train Epoch 825: 20/37 Loss: 0.009248
2026-04-20 22:02: **********Train Epoch 825: averaged Loss: 0.010257
2026-04-20 22:02: **********Val Epoch 825: average Loss: 0.008604
2026-04-20 22:02: Train Epoch 826: 0/37 Loss: 0.031542
2026-04-20 22:02: Train Epoch 826: 20/37 Loss: 0.005307
2026-04-20 22:02: **********Train Epoch 826: averaged Loss: 0.009460
2026-04-20 22:02: **********Val Epoch 826: average Loss: 0.006578
2026-04-20 22:02: Train Epoch 827: 0/37 Loss: 0.010242
2026-04-20 22:02: Train Epoch 827: 20/37 Loss: 0.005374
2026-04-20 22:02: **********Train Epoch 827: averaged Loss: 0.008330
2026-04-20 22:02: **********Val Epoch 827: average Loss: 0.006389
2026-04-20 22:02: Train Epoch 828: 0/37 Loss: 0.004448
2026-04-20 22:02: Train Epoch 828: 20/37 Loss: 0.007485
2026-04-20 22:02: **********Train Epoch 828: averaged Loss: 0.008318
2026-04-20 22:02: **********Val Epoch 828: average Loss: 0.011467
2026-04-20 22:02: Train Epoch 829: 0/37 Loss: 0.005191
2026-04-20 22:02: Train Epoch 829: 20/37 Loss: 0.008182
2026-04-20 22:02: **********Train Epoch 829: averaged Loss: 0.008028
2026-04-20 22:02: **********Val Epoch 829: average Loss: 0.005945
2026-04-20 22:02: Train Epoch 830: 0/37 Loss: 0.014726
2026-04-20 22:02: Train Epoch 830: 20/37 Loss: 0.008633
2026-04-20 22:02: **********Train Epoch 830: averaged Loss: 0.012855
2026-04-20 22:02: **********Val Epoch 830: average Loss: 0.019251
2026-04-20 22:02: Train Epoch 831: 0/37 Loss: 0.016077
2026-04-20 22:02: Train Epoch 831: 20/37 Loss: 0.007109
2026-04-20 22:02: **********Train Epoch 831: averaged Loss: 0.011902
2026-04-20 22:02: **********Val Epoch 831: average Loss: 0.010823
2026-04-20 22:02: Train Epoch 832: 0/37 Loss: 0.026886
2026-04-20 22:02: Train Epoch 832: 20/37 Loss: 0.007222
2026-04-20 22:02: **********Train Epoch 832: averaged Loss: 0.011280
2026-04-20 22:02: **********Val Epoch 832: average Loss: 0.009053
2026-04-20 22:02: Train Epoch 833: 0/37 Loss: 0.008263
2026-04-20 22:02: Train Epoch 833: 20/37 Loss: 0.005853
2026-04-20 22:02: **********Train Epoch 833: averaged Loss: 0.011409
2026-04-20 22:02: **********Val Epoch 833: average Loss: 0.013413
2026-04-20 22:02: Train Epoch 834: 0/37 Loss: 0.014575
2026-04-20 22:02: Train Epoch 834: 20/37 Loss: 0.005676
2026-04-20 22:02: **********Train Epoch 834: averaged Loss: 0.010566
2026-04-20 22:02: **********Val Epoch 834: average Loss: 0.013253
2026-04-20 22:02: Train Epoch 835: 0/37 Loss: 0.025287
2026-04-20 22:02: Train Epoch 835: 20/37 Loss: 0.007294
2026-04-20 22:02: **********Train Epoch 835: averaged Loss: 0.011208
2026-04-20 22:02: **********Val Epoch 835: average Loss: 0.011659
2026-04-20 22:02: Train Epoch 836: 0/37 Loss: 0.022406
2026-04-20 22:02: Train Epoch 836: 20/37 Loss: 0.006766
2026-04-20 22:02: **********Train Epoch 836: averaged Loss: 0.010631
2026-04-20 22:02: **********Val Epoch 836: average Loss: 0.010018
2026-04-20 22:02: Train Epoch 837: 0/37 Loss: 0.021877
2026-04-20 22:02: Train Epoch 837: 20/37 Loss: 0.006183
2026-04-20 22:02: **********Train Epoch 837: averaged Loss: 0.010026
2026-04-20 22:02: **********Val Epoch 837: average Loss: 0.008725
2026-04-20 22:02: Train Epoch 838: 0/37 Loss: 0.019530
2026-04-20 22:02: Train Epoch 838: 20/37 Loss: 0.012916
2026-04-20 22:02: **********Train Epoch 838: averaged Loss: 0.009979
2026-04-20 22:02: **********Val Epoch 838: average Loss: 0.010165
2026-04-20 22:02: Train Epoch 839: 0/37 Loss: 0.019691
2026-04-20 22:02: Train Epoch 839: 20/37 Loss: 0.005148
2026-04-20 22:02: **********Train Epoch 839: averaged Loss: 0.009513
2026-04-20 22:02: **********Val Epoch 839: average Loss: 0.010005
2026-04-20 22:02: Train Epoch 840: 0/37 Loss: 0.015374
2026-04-20 22:02: Train Epoch 840: 20/37 Loss: 0.008042
2026-04-20 22:02: **********Train Epoch 840: averaged Loss: 0.008679
2026-04-20 22:02: **********Val Epoch 840: average Loss: 0.006586
2026-04-20 22:02: Train Epoch 841: 0/37 Loss: 0.013558
2026-04-20 22:02: Train Epoch 841: 20/37 Loss: 0.005193
2026-04-20 22:02: **********Train Epoch 841: averaged Loss: 0.009240
2026-04-20 22:02: **********Val Epoch 841: average Loss: 0.012264
2026-04-20 22:02: Train Epoch 842: 0/37 Loss: 0.005151
2026-04-20 22:02: Train Epoch 842: 20/37 Loss: 0.013286
2026-04-20 22:02: **********Train Epoch 842: averaged Loss: 0.008875
2026-04-20 22:02: **********Val Epoch 842: average Loss: 0.005739
2026-04-20 22:02: Train Epoch 843: 0/37 Loss: 0.015513
2026-04-20 22:02: Train Epoch 843: 20/37 Loss: 0.007568
2026-04-20 22:02: **********Train Epoch 843: averaged Loss: 0.010011
2026-04-20 22:02: **********Val Epoch 843: average Loss: 0.015292
2026-04-20 22:02: Train Epoch 844: 0/37 Loss: 0.004491
2026-04-20 22:02: Train Epoch 844: 20/37 Loss: 0.005894
2026-04-20 22:02: **********Train Epoch 844: averaged Loss: 0.007104
2026-04-20 22:02: **********Val Epoch 844: average Loss: 0.008479
2026-04-20 22:02: Train Epoch 845: 0/37 Loss: 0.018115
2026-04-20 22:02: Train Epoch 845: 20/37 Loss: 0.006212
2026-04-20 22:02: **********Train Epoch 845: averaged Loss: 0.008412
2026-04-20 22:02: **********Val Epoch 845: average Loss: 0.006510
2026-04-20 22:02: Train Epoch 846: 0/37 Loss: 0.016790
2026-04-20 22:02: Train Epoch 846: 20/37 Loss: 0.005467
2026-04-20 22:02: **********Train Epoch 846: averaged Loss: 0.009857
2026-04-20 22:02: **********Val Epoch 846: average Loss: 0.020153
2026-04-20 22:02: Train Epoch 847: 0/37 Loss: 0.003227
2026-04-20 22:02: Train Epoch 847: 20/37 Loss: 0.006874
2026-04-20 22:02: **********Train Epoch 847: averaged Loss: 0.007669
2026-04-20 22:02: **********Val Epoch 847: average Loss: 0.016495
2026-04-20 22:03: Train Epoch 848: 0/37 Loss: 0.015317
2026-04-20 22:03: Train Epoch 848: 20/37 Loss: 0.007260
2026-04-20 22:03: **********Train Epoch 848: averaged Loss: 0.008681
2026-04-20 22:03: **********Val Epoch 848: average Loss: 0.011359
2026-04-20 22:03: Train Epoch 849: 0/37 Loss: 0.010487
2026-04-20 22:03: Train Epoch 849: 20/37 Loss: 0.006127
2026-04-20 22:03: **********Train Epoch 849: averaged Loss: 0.008143
2026-04-20 22:03: **********Val Epoch 849: average Loss: 0.005517
2026-04-20 22:03: Train Epoch 850: 0/37 Loss: 0.008604
2026-04-20 22:03: Train Epoch 850: 20/37 Loss: 0.005551
2026-04-20 22:03: **********Train Epoch 850: averaged Loss: 0.010138
2026-04-20 22:03: **********Val Epoch 850: average Loss: 0.034218
2026-04-20 22:03: Train Epoch 851: 0/37 Loss: 0.003388
2026-04-20 22:03: Train Epoch 851: 20/37 Loss: 0.008809
2026-04-20 22:03: **********Train Epoch 851: averaged Loss: 0.010132
2026-04-20 22:03: **********Val Epoch 851: average Loss: 0.016540
2026-04-20 22:03: Train Epoch 852: 0/37 Loss: 0.008690
2026-04-20 22:03: Train Epoch 852: 20/37 Loss: 0.005934
2026-04-20 22:03: **********Train Epoch 852: averaged Loss: 0.010461
2026-04-20 22:03: **********Val Epoch 852: average Loss: 0.034550
2026-04-20 22:03: Train Epoch 853: 0/37 Loss: 0.030628
2026-04-20 22:03: Train Epoch 853: 20/37 Loss: 0.024837
2026-04-20 22:03: **********Train Epoch 853: averaged Loss: 0.015054
2026-04-20 22:03: **********Val Epoch 853: average Loss: 0.017195
2026-04-20 22:03: Train Epoch 854: 0/37 Loss: 0.036225
2026-04-20 22:03: Train Epoch 854: 20/37 Loss: 0.005895
2026-04-20 22:03: **********Train Epoch 854: averaged Loss: 0.013515
2026-04-20 22:03: **********Val Epoch 854: average Loss: 0.005517
2026-04-20 22:03: Train Epoch 855: 0/37 Loss: 0.004218
2026-04-20 22:03: Train Epoch 855: 20/37 Loss: 0.013290
2026-04-20 22:03: **********Train Epoch 855: averaged Loss: 0.008785
2026-04-20 22:03: **********Val Epoch 855: average Loss: 0.008479
2026-04-20 22:03: Train Epoch 856: 0/37 Loss: 0.019052
2026-04-20 22:03: Train Epoch 856: 20/37 Loss: 0.005936
2026-04-20 22:03: **********Train Epoch 856: averaged Loss: 0.013923
2026-04-20 22:03: **********Val Epoch 856: average Loss: 0.036493
2026-04-20 22:03: Train Epoch 857: 0/37 Loss: 0.056475
2026-04-20 22:03: Train Epoch 857: 20/37 Loss: 0.030139
2026-04-20 22:03: **********Train Epoch 857: averaged Loss: 0.020037
2026-04-20 22:03: **********Val Epoch 857: average Loss: 0.019978
2026-04-20 22:03: Train Epoch 858: 0/37 Loss: 0.017913
2026-04-20 22:03: Train Epoch 858: 20/37 Loss: 0.013983
2026-04-20 22:03: **********Train Epoch 858: averaged Loss: 0.008963
2026-04-20 22:03: **********Val Epoch 858: average Loss: 0.008034
2026-04-20 22:03: Train Epoch 859: 0/37 Loss: 0.038942
2026-04-20 22:03: Train Epoch 859: 20/37 Loss: 0.012550
2026-04-20 22:03: **********Train Epoch 859: averaged Loss: 0.012193
2026-04-20 22:03: **********Val Epoch 859: average Loss: 0.006079
2026-04-20 22:03: Train Epoch 860: 0/37 Loss: 0.009285
2026-04-20 22:03: Train Epoch 860: 20/37 Loss: 0.012829
2026-04-20 22:03: **********Train Epoch 860: averaged Loss: 0.008215
2026-04-20 22:03: **********Val Epoch 860: average Loss: 0.013960
2026-04-20 22:03: Train Epoch 861: 0/37 Loss: 0.007450
2026-04-20 22:03: Train Epoch 861: 20/37 Loss: 0.007334
2026-04-20 22:03: **********Train Epoch 861: averaged Loss: 0.008141
2026-04-20 22:03: **********Val Epoch 861: average Loss: 0.012293
2026-04-20 22:03: Train Epoch 862: 0/37 Loss: 0.037367
2026-04-20 22:03: Train Epoch 862: 20/37 Loss: 0.006245
2026-04-20 22:03: **********Train Epoch 862: averaged Loss: 0.012835
2026-04-20 22:03: **********Val Epoch 862: average Loss: 0.008531
2026-04-20 22:03: Train Epoch 863: 0/37 Loss: 0.005038
2026-04-20 22:03: Train Epoch 863: 20/37 Loss: 0.005564
2026-04-20 22:03: **********Train Epoch 863: averaged Loss: 0.008062
2026-04-20 22:03: **********Val Epoch 863: average Loss: 0.007996
2026-04-20 22:03: Train Epoch 864: 0/37 Loss: 0.030803
2026-04-20 22:03: Train Epoch 864: 20/37 Loss: 0.006198
2026-04-20 22:03: **********Train Epoch 864: averaged Loss: 0.013748
2026-04-20 22:03: **********Val Epoch 864: average Loss: 0.014039
2026-04-20 22:03: Train Epoch 865: 0/37 Loss: 0.018031
2026-04-20 22:03: Train Epoch 865: 20/37 Loss: 0.005414
2026-04-20 22:03: **********Train Epoch 865: averaged Loss: 0.011978
2026-04-20 22:03: **********Val Epoch 865: average Loss: 0.020911
2026-04-20 22:03: Train Epoch 866: 0/37 Loss: 0.031935
2026-04-20 22:03: Train Epoch 866: 20/37 Loss: 0.005394
2026-04-20 22:03: **********Train Epoch 866: averaged Loss: 0.012981
2026-04-20 22:03: **********Val Epoch 866: average Loss: 0.012949
2026-04-20 22:03: Train Epoch 867: 0/37 Loss: 0.036169
2026-04-20 22:03: Train Epoch 867: 20/37 Loss: 0.005807
2026-04-20 22:03: **********Train Epoch 867: averaged Loss: 0.012417
2026-04-20 22:03: **********Val Epoch 867: average Loss: 0.014275
2026-04-20 22:03: Train Epoch 868: 0/37 Loss: 0.003941
2026-04-20 22:03: Train Epoch 868: 20/37 Loss: 0.005392
2026-04-20 22:03: **********Train Epoch 868: averaged Loss: 0.008126
2026-04-20 22:03: **********Val Epoch 868: average Loss: 0.013164
2026-04-20 22:03: Train Epoch 869: 0/37 Loss: 0.005104
2026-04-20 22:03: Train Epoch 869: 20/37 Loss: 0.009926
2026-04-20 22:03: **********Train Epoch 869: averaged Loss: 0.009634
2026-04-20 22:03: **********Val Epoch 869: average Loss: 0.008703
2026-04-20 22:03: Train Epoch 870: 0/37 Loss: 0.003686
2026-04-20 22:03: Train Epoch 870: 20/37 Loss: 0.005336
2026-04-20 22:03: **********Train Epoch 870: averaged Loss: 0.009034
2026-04-20 22:03: **********Val Epoch 870: average Loss: 0.016029
2026-04-20 22:03: Train Epoch 871: 0/37 Loss: 0.027448
2026-04-20 22:03: Train Epoch 871: 20/37 Loss: 0.013795
2026-04-20 22:03: **********Train Epoch 871: averaged Loss: 0.014162
2026-04-20 22:03: **********Val Epoch 871: average Loss: 0.006518
2026-04-20 22:03: Train Epoch 872: 0/37 Loss: 0.006456
2026-04-20 22:03: Train Epoch 872: 20/37 Loss: 0.006770
2026-04-20 22:03: **********Train Epoch 872: averaged Loss: 0.009958
2026-04-20 22:03: **********Val Epoch 872: average Loss: 0.016364
2026-04-20 22:03: Train Epoch 873: 0/37 Loss: 0.043973
2026-04-20 22:03: Train Epoch 873: 20/37 Loss: 0.033901
2026-04-20 22:03: **********Train Epoch 873: averaged Loss: 0.020396
2026-04-20 22:03: **********Val Epoch 873: average Loss: 0.017193
2026-04-20 22:03: Train Epoch 874: 0/37 Loss: 0.005439
2026-04-20 22:03: Train Epoch 874: 20/37 Loss: 0.005322
2026-04-20 22:03: **********Train Epoch 874: averaged Loss: 0.007422
2026-04-20 22:03: **********Val Epoch 874: average Loss: 0.009886
2026-04-20 22:03: Train Epoch 875: 0/37 Loss: 0.017947
2026-04-20 22:03: Train Epoch 875: 20/37 Loss: 0.008981
2026-04-20 22:03: **********Train Epoch 875: averaged Loss: 0.010592
2026-04-20 22:03: **********Val Epoch 875: average Loss: 0.006095
2026-04-20 22:03: Train Epoch 876: 0/37 Loss: 0.031432
2026-04-20 22:03: Train Epoch 876: 20/37 Loss: 0.005382
2026-04-20 22:04: **********Train Epoch 876: averaged Loss: 0.010819
2026-04-20 22:04: **********Val Epoch 876: average Loss: 0.009527
2026-04-20 22:04: Train Epoch 877: 0/37 Loss: 0.033101
2026-04-20 22:04: Train Epoch 877: 20/37 Loss: 0.008498
2026-04-20 22:04: **********Train Epoch 877: averaged Loss: 0.011260
2026-04-20 22:04: **********Val Epoch 877: average Loss: 0.012060
2026-04-20 22:04: Train Epoch 878: 0/37 Loss: 0.003765
2026-04-20 22:04: Train Epoch 878: 20/37 Loss: 0.006798
2026-04-20 22:04: **********Train Epoch 878: averaged Loss: 0.006478
2026-04-20 22:04: **********Val Epoch 878: average Loss: 0.007256
2026-04-20 22:04: Train Epoch 879: 0/37 Loss: 0.004141
2026-04-20 22:04: Train Epoch 879: 20/37 Loss: 0.005783
2026-04-20 22:04: **********Train Epoch 879: averaged Loss: 0.009194
2026-04-20 22:04: **********Val Epoch 879: average Loss: 0.014906
2026-04-20 22:04: Train Epoch 880: 0/37 Loss: 0.019141
2026-04-20 22:04: Train Epoch 880: 20/37 Loss: 0.007005
2026-04-20 22:04: **********Train Epoch 880: averaged Loss: 0.010220
2026-04-20 22:04: **********Val Epoch 880: average Loss: 0.009914
2026-04-20 22:04: Train Epoch 881: 0/37 Loss: 0.016752
2026-04-20 22:04: Train Epoch 881: 20/37 Loss: 0.012058
2026-04-20 22:04: **********Train Epoch 881: averaged Loss: 0.008395
2026-04-20 22:04: **********Val Epoch 881: average Loss: 0.007406
2026-04-20 22:04: Train Epoch 882: 0/37 Loss: 0.004255
2026-04-20 22:04: Train Epoch 882: 20/37 Loss: 0.010024
2026-04-20 22:04: **********Train Epoch 882: averaged Loss: 0.006941
2026-04-20 22:04: **********Val Epoch 882: average Loss: 0.007447
2026-04-20 22:04: Train Epoch 883: 0/37 Loss: 0.012142
2026-04-20 22:04: Train Epoch 883: 20/37 Loss: 0.009784
2026-04-20 22:04: **********Train Epoch 883: averaged Loss: 0.007933
2026-04-20 22:04: **********Val Epoch 883: average Loss: 0.005922
2026-04-20 22:04: Train Epoch 884: 0/37 Loss: 0.030405
2026-04-20 22:04: Train Epoch 884: 20/37 Loss: 0.005207
2026-04-20 22:04: **********Train Epoch 884: averaged Loss: 0.010081
2026-04-20 22:04: **********Val Epoch 884: average Loss: 0.007577
2026-04-20 22:04: Train Epoch 885: 0/37 Loss: 0.049945
2026-04-20 22:04: Train Epoch 885: 20/37 Loss: 0.008644
2026-04-20 22:04: **********Train Epoch 885: averaged Loss: 0.015132
2026-04-20 22:04: **********Val Epoch 885: average Loss: 0.006337
2026-04-20 22:04: Train Epoch 886: 0/37 Loss: 0.063068
2026-04-20 22:04: Train Epoch 886: 20/37 Loss: 0.010091
2026-04-20 22:04: **********Train Epoch 886: averaged Loss: 0.020808
2026-04-20 22:04: **********Val Epoch 886: average Loss: 0.012303
2026-04-20 22:04: Train Epoch 887: 0/37 Loss: 0.055231
2026-04-20 22:04: Train Epoch 887: 20/37 Loss: 0.007005
2026-04-20 22:04: **********Train Epoch 887: averaged Loss: 0.015749
2026-04-20 22:04: **********Val Epoch 887: average Loss: 0.008529
2026-04-20 22:04: Train Epoch 888: 0/37 Loss: 0.028461
2026-04-20 22:04: Train Epoch 888: 20/37 Loss: 0.005818
2026-04-20 22:04: **********Train Epoch 888: averaged Loss: 0.009879
2026-04-20 22:04: **********Val Epoch 888: average Loss: 0.005862
2026-04-20 22:04: Train Epoch 889: 0/37 Loss: 0.017780
2026-04-20 22:04: Train Epoch 889: 20/37 Loss: 0.007493
2026-04-20 22:04: **********Train Epoch 889: averaged Loss: 0.009271
2026-04-20 22:04: **********Val Epoch 889: average Loss: 0.011077
2026-04-20 22:04: Train Epoch 890: 0/37 Loss: 0.004372
2026-04-20 22:04: Train Epoch 890: 20/37 Loss: 0.005225
2026-04-20 22:04: **********Train Epoch 890: averaged Loss: 0.009631
2026-04-20 22:04: **********Val Epoch 890: average Loss: 0.032388
2026-04-20 22:04: Train Epoch 891: 0/37 Loss: 0.031989
2026-04-20 22:04: Train Epoch 891: 20/37 Loss: 0.008888
2026-04-20 22:04: **********Train Epoch 891: averaged Loss: 0.012286
2026-04-20 22:04: **********Val Epoch 891: average Loss: 0.005365
2026-04-20 22:04: Train Epoch 892: 0/37 Loss: 0.024126
2026-04-20 22:04: Train Epoch 892: 20/37 Loss: 0.006015
2026-04-20 22:04: **********Train Epoch 892: averaged Loss: 0.011269
2026-04-20 22:04: **********Val Epoch 892: average Loss: 0.021524
2026-04-20 22:04: Train Epoch 893: 0/37 Loss: 0.011524
2026-04-20 22:04: Train Epoch 893: 20/37 Loss: 0.007291
2026-04-20 22:04: **********Train Epoch 893: averaged Loss: 0.011216
2026-04-20 22:04: **********Val Epoch 893: average Loss: 0.029290
2026-04-20 22:04: Train Epoch 894: 0/37 Loss: 0.015470
2026-04-20 22:04: Train Epoch 894: 20/37 Loss: 0.006634
2026-04-20 22:04: **********Train Epoch 894: averaged Loss: 0.008491
2026-04-20 22:04: **********Val Epoch 894: average Loss: 0.005570
2026-04-20 22:04: Train Epoch 895: 0/37 Loss: 0.035653
2026-04-20 22:04: Train Epoch 895: 20/37 Loss: 0.007390
2026-04-20 22:04: **********Train Epoch 895: averaged Loss: 0.012429
2026-04-20 22:04: **********Val Epoch 895: average Loss: 0.010188
2026-04-20 22:04: Train Epoch 896: 0/37 Loss: 0.047569
2026-04-20 22:04: Train Epoch 896: 20/37 Loss: 0.009321
2026-04-20 22:04: **********Train Epoch 896: averaged Loss: 0.015542
2026-04-20 22:04: **********Val Epoch 896: average Loss: 0.007394
2026-04-20 22:04: Train Epoch 897: 0/37 Loss: 0.014384
2026-04-20 22:04: Train Epoch 897: 20/37 Loss: 0.006575
2026-04-20 22:04: **********Train Epoch 897: averaged Loss: 0.009564
2026-04-20 22:04: **********Val Epoch 897: average Loss: 0.024993
2026-04-20 22:04: Train Epoch 898: 0/37 Loss: 0.027791
2026-04-20 22:04: Train Epoch 898: 20/37 Loss: 0.014660
2026-04-20 22:04: **********Train Epoch 898: averaged Loss: 0.012847
2026-04-20 22:04: **********Val Epoch 898: average Loss: 0.005097
2026-04-20 22:04: *********************************Current best model saved!
2026-04-20 22:04: Train Epoch 899: 0/37 Loss: 0.022300
2026-04-20 22:04: Train Epoch 899: 20/37 Loss: 0.008925
2026-04-20 22:04: **********Train Epoch 899: averaged Loss: 0.014862
2026-04-20 22:04: **********Val Epoch 899: average Loss: 0.048772
2026-04-20 22:04: Train Epoch 900: 0/37 Loss: 0.020158
2026-04-20 22:04: Train Epoch 900: 20/37 Loss: 0.030931
2026-04-20 22:04: **********Train Epoch 900: averaged Loss: 0.014545
2026-04-20 22:04: **********Val Epoch 900: average Loss: 0.015122
2026-04-20 22:04: Train Epoch 901: 0/37 Loss: 0.070269
2026-04-20 22:04: Train Epoch 901: 20/37 Loss: 0.019186
2026-04-20 22:04: **********Train Epoch 901: averaged Loss: 0.023555
2026-04-20 22:04: **********Val Epoch 901: average Loss: 0.008332
2026-04-20 22:04: Train Epoch 902: 0/37 Loss: 0.038687
2026-04-20 22:04: Train Epoch 902: 20/37 Loss: 0.005950
2026-04-20 22:04: **********Train Epoch 902: averaged Loss: 0.013242
2026-04-20 22:04: **********Val Epoch 902: average Loss: 0.007345
2026-04-20 22:04: Train Epoch 903: 0/37 Loss: 0.006782
2026-04-20 22:04: Train Epoch 903: 20/37 Loss: 0.009023
2026-04-20 22:04: **********Train Epoch 903: averaged Loss: 0.008318
2026-04-20 22:04: **********Val Epoch 903: average Loss: 0.006989
2026-04-20 22:04: Train Epoch 904: 0/37 Loss: 0.007239
2026-04-20 22:04: Train Epoch 904: 20/37 Loss: 0.007540
2026-04-20 22:04: **********Train Epoch 904: averaged Loss: 0.009843
2026-04-20 22:04: **********Val Epoch 904: average Loss: 0.013159
2026-04-20 22:04: Train Epoch 905: 0/37 Loss: 0.008695
2026-04-20 22:05: Train Epoch 905: 20/37 Loss: 0.005499
2026-04-20 22:05: **********Train Epoch 905: averaged Loss: 0.011440
2026-04-20 22:05: **********Val Epoch 905: average Loss: 0.021122
2026-04-20 22:05: Train Epoch 906: 0/37 Loss: 0.020462
2026-04-20 22:05: Train Epoch 906: 20/37 Loss: 0.005263
2026-04-20 22:05: **********Train Epoch 906: averaged Loss: 0.011413
2026-04-20 22:05: **********Val Epoch 906: average Loss: 0.014864
2026-04-20 22:05: Train Epoch 907: 0/37 Loss: 0.034080
2026-04-20 22:05: Train Epoch 907: 20/37 Loss: 0.005345
2026-04-20 22:05: **********Train Epoch 907: averaged Loss: 0.011663
2026-04-20 22:05: **********Val Epoch 907: average Loss: 0.017309
2026-04-20 22:05: Train Epoch 908: 0/37 Loss: 0.003319
2026-04-20 22:05: Train Epoch 908: 20/37 Loss: 0.006322
2026-04-20 22:05: **********Train Epoch 908: averaged Loss: 0.006860
2026-04-20 22:05: **********Val Epoch 908: average Loss: 0.007834
2026-04-20 22:05: Train Epoch 909: 0/37 Loss: 0.021691
2026-04-20 22:05: Train Epoch 909: 20/37 Loss: 0.006178
2026-04-20 22:05: **********Train Epoch 909: averaged Loss: 0.009254
2026-04-20 22:05: **********Val Epoch 909: average Loss: 0.006897
2026-04-20 22:05: Train Epoch 910: 0/37 Loss: 0.009425
2026-04-20 22:05: Train Epoch 910: 20/37 Loss: 0.008928
2026-04-20 22:05: **********Train Epoch 910: averaged Loss: 0.008746
2026-04-20 22:05: **********Val Epoch 910: average Loss: 0.006699
2026-04-20 22:05: Train Epoch 911: 0/37 Loss: 0.033767
2026-04-20 22:05: Train Epoch 911: 20/37 Loss: 0.007934
2026-04-20 22:05: **********Train Epoch 911: averaged Loss: 0.010020
2026-04-20 22:05: **********Val Epoch 911: average Loss: 0.005759
2026-04-20 22:05: Train Epoch 912: 0/37 Loss: 0.030007
2026-04-20 22:05: Train Epoch 912: 20/37 Loss: 0.006599
2026-04-20 22:05: **********Train Epoch 912: averaged Loss: 0.011490
2026-04-20 22:05: **********Val Epoch 912: average Loss: 0.012819
2026-04-20 22:05: Train Epoch 913: 0/37 Loss: 0.004203
2026-04-20 22:05: Train Epoch 913: 20/37 Loss: 0.005092
2026-04-20 22:05: **********Train Epoch 913: averaged Loss: 0.010751
2026-04-20 22:05: **********Val Epoch 913: average Loss: 0.032199
2026-04-20 22:05: Train Epoch 914: 0/37 Loss: 0.020412
2026-04-20 22:05: Train Epoch 914: 20/37 Loss: 0.010904
2026-04-20 22:05: **********Train Epoch 914: averaged Loss: 0.011392
2026-04-20 22:05: **********Val Epoch 914: average Loss: 0.006379
2026-04-20 22:05: Train Epoch 915: 0/37 Loss: 0.038601
2026-04-20 22:05: Train Epoch 915: 20/37 Loss: 0.005638
2026-04-20 22:05: **********Train Epoch 915: averaged Loss: 0.011330
2026-04-20 22:05: **********Val Epoch 915: average Loss: 0.005970
2026-04-20 22:05: Train Epoch 916: 0/37 Loss: 0.064869
2026-04-20 22:05: Train Epoch 916: 20/37 Loss: 0.007163
2026-04-20 22:05: **********Train Epoch 916: averaged Loss: 0.016696
2026-04-20 22:05: **********Val Epoch 916: average Loss: 0.006659
2026-04-20 22:05: Train Epoch 917: 0/37 Loss: 0.033770
2026-04-20 22:05: Train Epoch 917: 20/37 Loss: 0.007246
2026-04-20 22:05: **********Train Epoch 917: averaged Loss: 0.011048
2026-04-20 22:05: **********Val Epoch 917: average Loss: 0.006634
2026-04-20 22:05: Train Epoch 918: 0/37 Loss: 0.039623
2026-04-20 22:05: Train Epoch 918: 20/37 Loss: 0.005635
2026-04-20 22:05: **********Train Epoch 918: averaged Loss: 0.013147
2026-04-20 22:05: **********Val Epoch 918: average Loss: 0.010018
2026-04-20 22:05: Train Epoch 919: 0/37 Loss: 0.024866
2026-04-20 22:05: Train Epoch 919: 20/37 Loss: 0.007274
2026-04-20 22:05: **********Train Epoch 919: averaged Loss: 0.011425
2026-04-20 22:05: **********Val Epoch 919: average Loss: 0.010486
2026-04-20 22:05: Train Epoch 920: 0/37 Loss: 0.008865
2026-04-20 22:05: Train Epoch 920: 20/37 Loss: 0.005556
2026-04-20 22:05: **********Train Epoch 920: averaged Loss: 0.009923
2026-04-20 22:05: **********Val Epoch 920: average Loss: 0.014631
2026-04-20 22:05: Train Epoch 921: 0/37 Loss: 0.003039
2026-04-20 22:05: Train Epoch 921: 20/37 Loss: 0.009302
2026-04-20 22:05: **********Train Epoch 921: averaged Loss: 0.009633
2026-04-20 22:05: **********Val Epoch 921: average Loss: 0.008180
2026-04-20 22:05: Train Epoch 922: 0/37 Loss: 0.027528
2026-04-20 22:05: Train Epoch 922: 20/37 Loss: 0.007129
2026-04-20 22:05: **********Train Epoch 922: averaged Loss: 0.013661
2026-04-20 22:05: **********Val Epoch 922: average Loss: 0.015119
2026-04-20 22:05: Train Epoch 923: 0/37 Loss: 0.009603
2026-04-20 22:05: Train Epoch 923: 20/37 Loss: 0.018878
2026-04-20 22:05: **********Train Epoch 923: averaged Loss: 0.009759
2026-04-20 22:05: **********Val Epoch 923: average Loss: 0.013211
2026-04-20 22:05: Train Epoch 924: 0/37 Loss: 0.062824
2026-04-20 22:05: Train Epoch 924: 20/37 Loss: 0.010031
2026-04-20 22:05: **********Train Epoch 924: averaged Loss: 0.017847
2026-04-20 22:05: **********Val Epoch 924: average Loss: 0.008703
2026-04-20 22:05: Train Epoch 925: 0/37 Loss: 0.006367
2026-04-20 22:05: Train Epoch 925: 20/37 Loss: 0.008699
2026-04-20 22:05: **********Train Epoch 925: averaged Loss: 0.008529
2026-04-20 22:05: **********Val Epoch 925: average Loss: 0.007661
2026-04-20 22:05: Train Epoch 926: 0/37 Loss: 0.003456
2026-04-20 22:05: Train Epoch 926: 20/37 Loss: 0.005850
2026-04-20 22:05: **********Train Epoch 926: averaged Loss: 0.009637
2026-04-20 22:05: **********Val Epoch 926: average Loss: 0.019047
2026-04-20 22:05: Train Epoch 927: 0/37 Loss: 0.034387
2026-04-20 22:05: Train Epoch 927: 20/37 Loss: 0.014947
2026-04-20 22:05: **********Train Epoch 927: averaged Loss: 0.011934
2026-04-20 22:05: **********Val Epoch 927: average Loss: 0.011588
2026-04-20 22:05: Train Epoch 928: 0/37 Loss: 0.005199
2026-04-20 22:05: Train Epoch 928: 20/37 Loss: 0.009938
2026-04-20 22:05: **********Train Epoch 928: averaged Loss: 0.006781
2026-04-20 22:05: **********Val Epoch 928: average Loss: 0.007253
2026-04-20 22:05: Train Epoch 929: 0/37 Loss: 0.003530
2026-04-20 22:05: Train Epoch 929: 20/37 Loss: 0.007165
2026-04-20 22:05: **********Train Epoch 929: averaged Loss: 0.009992
2026-04-20 22:05: **********Val Epoch 929: average Loss: 0.017945
2026-04-20 22:05: Train Epoch 930: 0/37 Loss: 0.035998
2026-04-20 22:05: Train Epoch 930: 20/37 Loss: 0.021090
2026-04-20 22:05: **********Train Epoch 930: averaged Loss: 0.013991
2026-04-20 22:05: **********Val Epoch 930: average Loss: 0.009012
2026-04-20 22:05: Train Epoch 931: 0/37 Loss: 0.019807
2026-04-20 22:05: Train Epoch 931: 20/37 Loss: 0.011075
2026-04-20 22:05: **********Train Epoch 931: averaged Loss: 0.012193
2026-04-20 22:05: **********Val Epoch 931: average Loss: 0.009135
2026-04-20 22:05: Train Epoch 932: 0/37 Loss: 0.043787
2026-04-20 22:05: Train Epoch 932: 20/37 Loss: 0.012928
2026-04-20 22:05: **********Train Epoch 932: averaged Loss: 0.012553
2026-04-20 22:05: **********Val Epoch 932: average Loss: 0.010952
2026-04-20 22:05: Train Epoch 933: 0/37 Loss: 0.023021
2026-04-20 22:05: Train Epoch 933: 20/37 Loss: 0.008036
2026-04-20 22:06: **********Train Epoch 933: averaged Loss: 0.008373
2026-04-20 22:06: **********Val Epoch 933: average Loss: 0.006066
2026-04-20 22:06: Train Epoch 934: 0/37 Loss: 0.015545
2026-04-20 22:06: Train Epoch 934: 20/37 Loss: 0.006226
2026-04-20 22:06: **********Train Epoch 934: averaged Loss: 0.010031
2026-04-20 22:06: **********Val Epoch 934: average Loss: 0.014805
2026-04-20 22:06: Train Epoch 935: 0/37 Loss: 0.037195
2026-04-20 22:06: Train Epoch 935: 20/37 Loss: 0.006171
2026-04-20 22:06: **********Train Epoch 935: averaged Loss: 0.011180
2026-04-20 22:06: **********Val Epoch 935: average Loss: 0.011993
2026-04-20 22:06: Train Epoch 936: 0/37 Loss: 0.006060
2026-04-20 22:06: Train Epoch 936: 20/37 Loss: 0.012597
2026-04-20 22:06: **********Train Epoch 936: averaged Loss: 0.007280
2026-04-20 22:06: **********Val Epoch 936: average Loss: 0.009028
2026-04-20 22:06: Train Epoch 937: 0/37 Loss: 0.019542
2026-04-20 22:06: Train Epoch 937: 20/37 Loss: 0.008441
2026-04-20 22:06: **********Train Epoch 937: averaged Loss: 0.008957
2026-04-20 22:06: **********Val Epoch 937: average Loss: 0.009356
2026-04-20 22:06: Train Epoch 938: 0/37 Loss: 0.007421
2026-04-20 22:06: Train Epoch 938: 20/37 Loss: 0.007379
2026-04-20 22:06: **********Train Epoch 938: averaged Loss: 0.006479
2026-04-20 22:06: **********Val Epoch 938: average Loss: 0.006307
2026-04-20 22:06: Train Epoch 939: 0/37 Loss: 0.013799
2026-04-20 22:06: Train Epoch 939: 20/37 Loss: 0.006084
2026-04-20 22:06: **********Train Epoch 939: averaged Loss: 0.009132
2026-04-20 22:06: **********Val Epoch 939: average Loss: 0.006037
2026-04-20 22:06: Train Epoch 940: 0/37 Loss: 0.021890
2026-04-20 22:06: Train Epoch 940: 20/37 Loss: 0.005357
2026-04-20 22:06: **********Train Epoch 940: averaged Loss: 0.008280
2026-04-20 22:06: **********Val Epoch 940: average Loss: 0.005848
2026-04-20 22:06: Train Epoch 941: 0/37 Loss: 0.016966
2026-04-20 22:06: Train Epoch 941: 20/37 Loss: 0.006582
2026-04-20 22:06: **********Train Epoch 941: averaged Loss: 0.008491
2026-04-20 22:06: **********Val Epoch 941: average Loss: 0.005804
2026-04-20 22:06: Train Epoch 942: 0/37 Loss: 0.008145
2026-04-20 22:06: Train Epoch 942: 20/37 Loss: 0.008195
2026-04-20 22:06: **********Train Epoch 942: averaged Loss: 0.008306
2026-04-20 22:06: **********Val Epoch 942: average Loss: 0.021623
2026-04-20 22:06: Train Epoch 943: 0/37 Loss: 0.009855
2026-04-20 22:06: Train Epoch 943: 20/37 Loss: 0.007321
2026-04-20 22:06: **********Train Epoch 943: averaged Loss: 0.007620
2026-04-20 22:06: **********Val Epoch 943: average Loss: 0.007230
2026-04-20 22:06: Train Epoch 944: 0/37 Loss: 0.005898
2026-04-20 22:06: Train Epoch 944: 20/37 Loss: 0.005836
2026-04-20 22:06: **********Train Epoch 944: averaged Loss: 0.009542
2026-04-20 22:06: **********Val Epoch 944: average Loss: 0.034848
2026-04-20 22:06: Train Epoch 945: 0/37 Loss: 0.011809
2026-04-20 22:06: Train Epoch 945: 20/37 Loss: 0.016425
2026-04-20 22:06: **********Train Epoch 945: averaged Loss: 0.009898
2026-04-20 22:06: **********Val Epoch 945: average Loss: 0.005271
2026-04-20 22:06: Train Epoch 946: 0/37 Loss: 0.041127
2026-04-20 22:06: Train Epoch 946: 20/37 Loss: 0.006840
2026-04-20 22:06: **********Train Epoch 946: averaged Loss: 0.013022
2026-04-20 22:06: **********Val Epoch 946: average Loss: 0.023136
2026-04-20 22:06: Train Epoch 947: 0/37 Loss: 0.021155
2026-04-20 22:06: Train Epoch 947: 20/37 Loss: 0.006640
2026-04-20 22:06: **********Train Epoch 947: averaged Loss: 0.009308
2026-04-20 22:06: **********Val Epoch 947: average Loss: 0.005669
2026-04-20 22:06: Train Epoch 948: 0/37 Loss: 0.004138
2026-04-20 22:06: Train Epoch 948: 20/37 Loss: 0.008417
2026-04-20 22:06: **********Train Epoch 948: averaged Loss: 0.008942
2026-04-20 22:06: **********Val Epoch 948: average Loss: 0.031188
2026-04-20 22:06: Train Epoch 949: 0/37 Loss: 0.005815
2026-04-20 22:06: Train Epoch 949: 20/37 Loss: 0.008913
2026-04-20 22:06: **********Train Epoch 949: averaged Loss: 0.007302
2026-04-20 22:06: **********Val Epoch 949: average Loss: 0.005567
2026-04-20 22:06: Train Epoch 950: 0/37 Loss: 0.035869
2026-04-20 22:06: Train Epoch 950: 20/37 Loss: 0.006067
2026-04-20 22:06: **********Train Epoch 950: averaged Loss: 0.010896
2026-04-20 22:06: **********Val Epoch 950: average Loss: 0.004636
2026-04-20 22:06: *********************************Current best model saved!
2026-04-20 22:06: Train Epoch 951: 0/37 Loss: 0.030208
2026-04-20 22:06: Train Epoch 951: 20/37 Loss: 0.013075
2026-04-20 22:06: **********Train Epoch 951: averaged Loss: 0.014285
2026-04-20 22:06: **********Val Epoch 951: average Loss: 0.033434
2026-04-20 22:06: Train Epoch 952: 0/37 Loss: 0.008316
2026-04-20 22:06: Train Epoch 952: 20/37 Loss: 0.007930
2026-04-20 22:06: **********Train Epoch 952: averaged Loss: 0.008784
2026-04-20 22:06: **********Val Epoch 952: average Loss: 0.008594
2026-04-20 22:06: Train Epoch 953: 0/37 Loss: 0.032344
2026-04-20 22:06: Train Epoch 953: 20/37 Loss: 0.006550
2026-04-20 22:06: **********Train Epoch 953: averaged Loss: 0.010248
2026-04-20 22:06: **********Val Epoch 953: average Loss: 0.005713
2026-04-20 22:06: Train Epoch 954: 0/37 Loss: 0.013263
2026-04-20 22:06: Train Epoch 954: 20/37 Loss: 0.007910
2026-04-20 22:06: **********Train Epoch 954: averaged Loss: 0.006648
2026-04-20 22:06: **********Val Epoch 954: average Loss: 0.005686
2026-04-20 22:06: Train Epoch 955: 0/37 Loss: 0.042240
2026-04-20 22:06: Train Epoch 955: 20/37 Loss: 0.009945
2026-04-20 22:06: **********Train Epoch 955: averaged Loss: 0.014117
2026-04-20 22:06: **********Val Epoch 955: average Loss: 0.008018
2026-04-20 22:06: Train Epoch 956: 0/37 Loss: 0.025310
2026-04-20 22:06: Train Epoch 956: 20/37 Loss: 0.005136
2026-04-20 22:06: **********Train Epoch 956: averaged Loss: 0.014275
2026-04-20 22:06: **********Val Epoch 956: average Loss: 0.036059
2026-04-20 22:06: Train Epoch 957: 0/37 Loss: 0.020885
2026-04-20 22:06: Train Epoch 957: 20/37 Loss: 0.014727
2026-04-20 22:06: **********Train Epoch 957: averaged Loss: 0.010532
2026-04-20 22:06: **********Val Epoch 957: average Loss: 0.005742
2026-04-20 22:06: Train Epoch 958: 0/37 Loss: 0.037224
2026-04-20 22:06: Train Epoch 958: 20/37 Loss: 0.007962
2026-04-20 22:06: **********Train Epoch 958: averaged Loss: 0.016979
2026-04-20 22:06: **********Val Epoch 958: average Loss: 0.036640
2026-04-20 22:06: Train Epoch 959: 0/37 Loss: 0.006644
2026-04-20 22:06: Train Epoch 959: 20/37 Loss: 0.014749
2026-04-20 22:06: **********Train Epoch 959: averaged Loss: 0.009244
2026-04-20 22:06: **********Val Epoch 959: average Loss: 0.005437
2026-04-20 22:06: Train Epoch 960: 0/37 Loss: 0.039498
2026-04-20 22:06: Train Epoch 960: 20/37 Loss: 0.005852
2026-04-20 22:06: **********Train Epoch 960: averaged Loss: 0.015452
2026-04-20 22:06: **********Val Epoch 960: average Loss: 0.035322
2026-04-20 22:06: Train Epoch 961: 0/37 Loss: 0.011776
2026-04-20 22:06: Train Epoch 961: 20/37 Loss: 0.018310
2026-04-20 22:06: **********Train Epoch 961: averaged Loss: 0.010878
2026-04-20 22:06: **********Val Epoch 961: average Loss: 0.006008
2026-04-20 22:06: Train Epoch 962: 0/37 Loss: 0.028558
2026-04-20 22:07: Train Epoch 962: 20/37 Loss: 0.008490
2026-04-20 22:07: **********Train Epoch 962: averaged Loss: 0.010870
2026-04-20 22:07: **********Val Epoch 962: average Loss: 0.018308
2026-04-20 22:07: Train Epoch 963: 0/37 Loss: 0.026938
2026-04-20 22:07: Train Epoch 963: 20/37 Loss: 0.005170
2026-04-20 22:07: **********Train Epoch 963: averaged Loss: 0.009281
2026-04-20 22:07: **********Val Epoch 963: average Loss: 0.005511
2026-04-20 22:07: Train Epoch 964: 0/37 Loss: 0.017854
2026-04-20 22:07: Train Epoch 964: 20/37 Loss: 0.005615
2026-04-20 22:07: **********Train Epoch 964: averaged Loss: 0.008719
2026-04-20 22:07: **********Val Epoch 964: average Loss: 0.005210
2026-04-20 22:07: Train Epoch 965: 0/37 Loss: 0.004293
2026-04-20 22:07: Train Epoch 965: 20/37 Loss: 0.005104
2026-04-20 22:07: **********Train Epoch 965: averaged Loss: 0.008767
2026-04-20 22:07: **********Val Epoch 965: average Loss: 0.026446
2026-04-20 22:07: Train Epoch 966: 0/37 Loss: 0.017011
2026-04-20 22:07: Train Epoch 966: 20/37 Loss: 0.009666
2026-04-20 22:07: **********Train Epoch 966: averaged Loss: 0.009778
2026-04-20 22:07: **********Val Epoch 966: average Loss: 0.005419
2026-04-20 22:07: Train Epoch 967: 0/37 Loss: 0.023819
2026-04-20 22:07: Train Epoch 967: 20/37 Loss: 0.010778
2026-04-20 22:07: **********Train Epoch 967: averaged Loss: 0.012927
2026-04-20 22:07: **********Val Epoch 967: average Loss: 0.040146
2026-04-20 22:07: Train Epoch 968: 0/37 Loss: 0.013563
2026-04-20 22:07: Train Epoch 968: 20/37 Loss: 0.029212
2026-04-20 22:07: **********Train Epoch 968: averaged Loss: 0.013043
2026-04-20 22:07: **********Val Epoch 968: average Loss: 0.013788
2026-04-20 22:07: Train Epoch 969: 0/37 Loss: 0.047064
2026-04-20 22:07: Train Epoch 969: 20/37 Loss: 0.005641
2026-04-20 22:07: **********Train Epoch 969: averaged Loss: 0.015654
2026-04-20 22:07: **********Val Epoch 969: average Loss: 0.008200
2026-04-20 22:07: Train Epoch 970: 0/37 Loss: 0.018287
2026-04-20 22:07: Train Epoch 970: 20/37 Loss: 0.011890
2026-04-20 22:07: **********Train Epoch 970: averaged Loss: 0.009121
2026-04-20 22:07: **********Val Epoch 970: average Loss: 0.006435
2026-04-20 22:07: Train Epoch 971: 0/37 Loss: 0.011993
2026-04-20 22:07: Train Epoch 971: 20/37 Loss: 0.008318
2026-04-20 22:07: **********Train Epoch 971: averaged Loss: 0.007340
2026-04-20 22:07: **********Val Epoch 971: average Loss: 0.005251
2026-04-20 22:07: Train Epoch 972: 0/37 Loss: 0.010285
2026-04-20 22:07: Train Epoch 972: 20/37 Loss: 0.006073
2026-04-20 22:07: **********Train Epoch 972: averaged Loss: 0.007168
2026-04-20 22:07: **********Val Epoch 972: average Loss: 0.008619
2026-04-20 22:07: Train Epoch 973: 0/37 Loss: 0.016002
2026-04-20 22:07: Train Epoch 973: 20/37 Loss: 0.005146
2026-04-20 22:07: **********Train Epoch 973: averaged Loss: 0.007611
2026-04-20 22:07: **********Val Epoch 973: average Loss: 0.007741
2026-04-20 22:07: Train Epoch 974: 0/37 Loss: 0.006558
2026-04-20 22:07: Train Epoch 974: 20/37 Loss: 0.005092
2026-04-20 22:07: **********Train Epoch 974: averaged Loss: 0.008007
2026-04-20 22:07: **********Val Epoch 974: average Loss: 0.020199
2026-04-20 22:07: Train Epoch 975: 0/37 Loss: 0.008750
2026-04-20 22:07: Train Epoch 975: 20/37 Loss: 0.005153
2026-04-20 22:07: **********Train Epoch 975: averaged Loss: 0.007599
2026-04-20 22:07: **********Val Epoch 975: average Loss: 0.005879
2026-04-20 22:07: Train Epoch 976: 0/37 Loss: 0.011827
2026-04-20 22:07: Train Epoch 976: 20/37 Loss: 0.005637
2026-04-20 22:07: **********Train Epoch 976: averaged Loss: 0.009971
2026-04-20 22:07: **********Val Epoch 976: average Loss: 0.019573
2026-04-20 22:07: Train Epoch 977: 0/37 Loss: 0.016724
2026-04-20 22:07: Train Epoch 977: 20/37 Loss: 0.007291
2026-04-20 22:07: **********Train Epoch 977: averaged Loss: 0.009707
2026-04-20 22:07: **********Val Epoch 977: average Loss: 0.004942
2026-04-20 22:07: Train Epoch 978: 0/37 Loss: 0.016016
2026-04-20 22:07: Train Epoch 978: 20/37 Loss: 0.005095
2026-04-20 22:07: **********Train Epoch 978: averaged Loss: 0.014160
2026-04-20 22:07: **********Val Epoch 978: average Loss: 0.030883
2026-04-20 22:07: Train Epoch 979: 0/37 Loss: 0.010726
2026-04-20 22:07: Train Epoch 979: 20/37 Loss: 0.007440
2026-04-20 22:07: **********Train Epoch 979: averaged Loss: 0.011613
2026-04-20 22:07: **********Val Epoch 979: average Loss: 0.008363
2026-04-20 22:07: Train Epoch 980: 0/37 Loss: 0.060506
2026-04-20 22:07: Train Epoch 980: 20/37 Loss: 0.006092
2026-04-20 22:07: **********Train Epoch 980: averaged Loss: 0.018337
2026-04-20 22:07: **********Val Epoch 980: average Loss: 0.011330
2026-04-20 22:07: Train Epoch 981: 0/37 Loss: 0.050493
2026-04-20 22:07: Train Epoch 981: 20/37 Loss: 0.005533
2026-04-20 22:07: **********Train Epoch 981: averaged Loss: 0.013887
2026-04-20 22:07: **********Val Epoch 981: average Loss: 0.008334
2026-04-20 22:07: Train Epoch 982: 0/37 Loss: 0.030375
2026-04-20 22:07: Train Epoch 982: 20/37 Loss: 0.005305
2026-04-20 22:07: **********Train Epoch 982: averaged Loss: 0.010565
2026-04-20 22:07: **********Val Epoch 982: average Loss: 0.006162
2026-04-20 22:07: Train Epoch 983: 0/37 Loss: 0.024378
2026-04-20 22:07: Train Epoch 983: 20/37 Loss: 0.005127
2026-04-20 22:07: **********Train Epoch 983: averaged Loss: 0.008712
2026-04-20 22:07: **********Val Epoch 983: average Loss: 0.005748
2026-04-20 22:07: Train Epoch 984: 0/37 Loss: 0.014357
2026-04-20 22:07: Train Epoch 984: 20/37 Loss: 0.005154
2026-04-20 22:07: **********Train Epoch 984: averaged Loss: 0.008374
2026-04-20 22:07: **********Val Epoch 984: average Loss: 0.014512
2026-04-20 22:07: Train Epoch 985: 0/37 Loss: 0.005318
2026-04-20 22:07: Train Epoch 985: 20/37 Loss: 0.006039
2026-04-20 22:07: **********Train Epoch 985: averaged Loss: 0.008215
2026-04-20 22:07: **********Val Epoch 985: average Loss: 0.007045
2026-04-20 22:07: Train Epoch 986: 0/37 Loss: 0.006348
2026-04-20 22:07: Train Epoch 986: 20/37 Loss: 0.007941
2026-04-20 22:07: **********Train Epoch 986: averaged Loss: 0.014230
2026-04-20 22:07: **********Val Epoch 986: average Loss: 0.042452
2026-04-20 22:07: Train Epoch 987: 0/37 Loss: 0.005470
2026-04-20 22:07: Train Epoch 987: 20/37 Loss: 0.016324
2026-04-20 22:07: **********Train Epoch 987: averaged Loss: 0.010465
2026-04-20 22:07: **********Val Epoch 987: average Loss: 0.005871
2026-04-20 22:07: Train Epoch 988: 0/37 Loss: 0.065335
2026-04-20 22:07: Train Epoch 988: 20/37 Loss: 0.007442
2026-04-20 22:07: **********Train Epoch 988: averaged Loss: 0.017820
2026-04-20 22:07: **********Val Epoch 988: average Loss: 0.005183
2026-04-20 22:07: Train Epoch 989: 0/37 Loss: 0.033049
2026-04-20 22:07: Train Epoch 989: 20/37 Loss: 0.007889
2026-04-20 22:07: **********Train Epoch 989: averaged Loss: 0.010436
2026-04-20 22:07: **********Val Epoch 989: average Loss: 0.006046
2026-04-20 22:07: Train Epoch 990: 0/37 Loss: 0.021163
2026-04-20 22:07: Train Epoch 990: 20/37 Loss: 0.005846
2026-04-20 22:08: **********Train Epoch 990: averaged Loss: 0.013073
2026-04-20 22:08: **********Val Epoch 990: average Loss: 0.028939
2026-04-20 22:08: Train Epoch 991: 0/37 Loss: 0.025461
2026-04-20 22:08: Train Epoch 991: 20/37 Loss: 0.017815
2026-04-20 22:08: **********Train Epoch 991: averaged Loss: 0.012509
2026-04-20 22:08: **********Val Epoch 991: average Loss: 0.005721
2026-04-20 22:08: Train Epoch 992: 0/37 Loss: 0.025071
2026-04-20 22:08: Train Epoch 992: 20/37 Loss: 0.009233
2026-04-20 22:08: **********Train Epoch 992: averaged Loss: 0.010559
2026-04-20 22:08: **********Val Epoch 992: average Loss: 0.005713
2026-04-20 22:08: Train Epoch 993: 0/37 Loss: 0.010579
2026-04-20 22:08: Train Epoch 993: 20/37 Loss: 0.008355
2026-04-20 22:08: **********Train Epoch 993: averaged Loss: 0.010037
2026-04-20 22:08: **********Val Epoch 993: average Loss: 0.028767
2026-04-20 22:08: Train Epoch 994: 0/37 Loss: 0.027273
2026-04-20 22:08: Train Epoch 994: 20/37 Loss: 0.010969
2026-04-20 22:08: **********Train Epoch 994: averaged Loss: 0.011069
2026-04-20 22:08: **********Val Epoch 994: average Loss: 0.006567
2026-04-20 22:08: Train Epoch 995: 0/37 Loss: 0.023597
2026-04-20 22:08: Train Epoch 995: 20/37 Loss: 0.009352
2026-04-20 22:08: **********Train Epoch 995: averaged Loss: 0.009358
2026-04-20 22:08: **********Val Epoch 995: average Loss: 0.007604
2026-04-20 22:08: Train Epoch 996: 0/37 Loss: 0.014148
2026-04-20 22:08: Train Epoch 996: 20/37 Loss: 0.009173
2026-04-20 22:08: **********Train Epoch 996: averaged Loss: 0.006987
2026-04-20 22:08: **********Val Epoch 996: average Loss: 0.005810
2026-04-20 22:08: Train Epoch 997: 0/37 Loss: 0.008907
2026-04-20 22:08: Train Epoch 997: 20/37 Loss: 0.005490
2026-04-20 22:08: **********Train Epoch 997: averaged Loss: 0.006315
2026-04-20 22:08: **********Val Epoch 997: average Loss: 0.008382
2026-04-20 22:08: Train Epoch 998: 0/37 Loss: 0.008386
2026-04-20 22:08: Train Epoch 998: 20/37 Loss: 0.006187
2026-04-20 22:08: **********Train Epoch 998: averaged Loss: 0.010329
2026-04-20 22:08: **********Val Epoch 998: average Loss: 0.028370
2026-04-20 22:08: Train Epoch 999: 0/37 Loss: 0.036009
2026-04-20 22:08: Train Epoch 999: 20/37 Loss: 0.010584
2026-04-20 22:08: **********Train Epoch 999: averaged Loss: 0.013547
2026-04-20 22:08: **********Val Epoch 999: average Loss: 0.006653
2026-04-20 22:08: Train Epoch 1000: 0/37 Loss: 0.031493
2026-04-20 22:08: Train Epoch 1000: 20/37 Loss: 0.005266
2026-04-20 22:08: **********Train Epoch 1000: averaged Loss: 0.010055
2026-04-20 22:08: **********Val Epoch 1000: average Loss: 0.008535
2026-04-20 22:08: Train Epoch 1001: 0/37 Loss: 0.029023
2026-04-20 22:08: Train Epoch 1001: 20/37 Loss: 0.006191
2026-04-20 22:08: **********Train Epoch 1001: averaged Loss: 0.009050
2026-04-20 22:08: **********Val Epoch 1001: average Loss: 0.007804
2026-04-20 22:08: Train Epoch 1002: 0/37 Loss: 0.009473
2026-04-20 22:08: Train Epoch 1002: 20/37 Loss: 0.006467
2026-04-20 22:08: **********Train Epoch 1002: averaged Loss: 0.006947
2026-04-20 22:08: **********Val Epoch 1002: average Loss: 0.005836
2026-04-20 22:08: Train Epoch 1003: 0/37 Loss: 0.019548
2026-04-20 22:08: Train Epoch 1003: 20/37 Loss: 0.006815
2026-04-20 22:08: **********Train Epoch 1003: averaged Loss: 0.008658
2026-04-20 22:08: **********Val Epoch 1003: average Loss: 0.014452
2026-04-20 22:08: Train Epoch 1004: 0/37 Loss: 0.012265
2026-04-20 22:08: Train Epoch 1004: 20/37 Loss: 0.004974
2026-04-20 22:08: **********Train Epoch 1004: averaged Loss: 0.010815
2026-04-20 22:08: **********Val Epoch 1004: average Loss: 0.029930
2026-04-20 22:08: Train Epoch 1005: 0/37 Loss: 0.015534
2026-04-20 22:08: Train Epoch 1005: 20/37 Loss: 0.008055
2026-04-20 22:08: **********Train Epoch 1005: averaged Loss: 0.009946
2026-04-20 22:08: **********Val Epoch 1005: average Loss: 0.007660
2026-04-20 22:08: Train Epoch 1006: 0/37 Loss: 0.033496
2026-04-20 22:08: Train Epoch 1006: 20/37 Loss: 0.009008
2026-04-20 22:08: **********Train Epoch 1006: averaged Loss: 0.011497
2026-04-20 22:08: **********Val Epoch 1006: average Loss: 0.008758
2026-04-20 22:08: Train Epoch 1007: 0/37 Loss: 0.047946
2026-04-20 22:08: Train Epoch 1007: 20/37 Loss: 0.005752
2026-04-20 22:08: **********Train Epoch 1007: averaged Loss: 0.016243
2026-04-20 22:08: **********Val Epoch 1007: average Loss: 0.012381
2026-04-20 22:08: Train Epoch 1008: 0/37 Loss: 0.052536
2026-04-20 22:08: Train Epoch 1008: 20/37 Loss: 0.010161
2026-04-20 22:08: **********Train Epoch 1008: averaged Loss: 0.017488
2026-04-20 22:08: **********Val Epoch 1008: average Loss: 0.009067
2026-04-20 22:08: Train Epoch 1009: 0/37 Loss: 0.006792
2026-04-20 22:08: Train Epoch 1009: 20/37 Loss: 0.007717
2026-04-20 22:08: **********Train Epoch 1009: averaged Loss: 0.007663
2026-04-20 22:08: **********Val Epoch 1009: average Loss: 0.011038
2026-04-20 22:08: Train Epoch 1010: 0/37 Loss: 0.018351
2026-04-20 22:08: Train Epoch 1010: 20/37 Loss: 0.007967
2026-04-20 22:08: **********Train Epoch 1010: averaged Loss: 0.007967
2026-04-20 22:08: **********Val Epoch 1010: average Loss: 0.005730
2026-04-20 22:08: Train Epoch 1011: 0/37 Loss: 0.033781
2026-04-20 22:08: Train Epoch 1011: 20/37 Loss: 0.008243
2026-04-20 22:08: **********Train Epoch 1011: averaged Loss: 0.011590
2026-04-20 22:08: **********Val Epoch 1011: average Loss: 0.007346
2026-04-20 22:08: Train Epoch 1012: 0/37 Loss: 0.014150
2026-04-20 22:08: Train Epoch 1012: 20/37 Loss: 0.009488
2026-04-20 22:08: **********Train Epoch 1012: averaged Loss: 0.007064
2026-04-20 22:08: **********Val Epoch 1012: average Loss: 0.006949
2026-04-20 22:08: Train Epoch 1013: 0/37 Loss: 0.018919
2026-04-20 22:08: Train Epoch 1013: 20/37 Loss: 0.006417
2026-04-20 22:08: **********Train Epoch 1013: averaged Loss: 0.006618
2026-04-20 22:08: **********Val Epoch 1013: average Loss: 0.010388
2026-04-20 22:08: Train Epoch 1014: 0/37 Loss: 0.010152
2026-04-20 22:08: Train Epoch 1014: 20/37 Loss: 0.008040
2026-04-20 22:08: **********Train Epoch 1014: averaged Loss: 0.008605
2026-04-20 22:08: **********Val Epoch 1014: average Loss: 0.013415
2026-04-20 22:08: Train Epoch 1015: 0/37 Loss: 0.023233
2026-04-20 22:08: Train Epoch 1015: 20/37 Loss: 0.005203
2026-04-20 22:08: **********Train Epoch 1015: averaged Loss: 0.009860
2026-04-20 22:08: **********Val Epoch 1015: average Loss: 0.008189
2026-04-20 22:08: Train Epoch 1016: 0/37 Loss: 0.018068
2026-04-20 22:08: Train Epoch 1016: 20/37 Loss: 0.005058
2026-04-20 22:08: **********Train Epoch 1016: averaged Loss: 0.010568
2026-04-20 22:08: **********Val Epoch 1016: average Loss: 0.008081
2026-04-20 22:08: Train Epoch 1017: 0/37 Loss: 0.007469
2026-04-20 22:08: Train Epoch 1017: 20/37 Loss: 0.006198
2026-04-20 22:08: **********Train Epoch 1017: averaged Loss: 0.008881
2026-04-20 22:08: **********Val Epoch 1017: average Loss: 0.016171
2026-04-20 22:08: Train Epoch 1018: 0/37 Loss: 0.003101
2026-04-20 22:08: Train Epoch 1018: 20/37 Loss: 0.005614
2026-04-20 22:08: **********Train Epoch 1018: averaged Loss: 0.008652
2026-04-20 22:08: **********Val Epoch 1018: average Loss: 0.007942
2026-04-20 22:08: Train Epoch 1019: 0/37 Loss: 0.017506
2026-04-20 22:09: Train Epoch 1019: 20/37 Loss: 0.008070
2026-04-20 22:09: **********Train Epoch 1019: averaged Loss: 0.011185
2026-04-20 22:09: **********Val Epoch 1019: average Loss: 0.017083
2026-04-20 22:09: Train Epoch 1020: 0/37 Loss: 0.033836
2026-04-20 22:09: Train Epoch 1020: 20/37 Loss: 0.019608
2026-04-20 22:09: **********Train Epoch 1020: averaged Loss: 0.018773
2026-04-20 22:09: **********Val Epoch 1020: average Loss: 0.025670
2026-04-20 22:09: Train Epoch 1021: 0/37 Loss: 0.006321
2026-04-20 22:09: Train Epoch 1021: 20/37 Loss: 0.008017
2026-04-20 22:09: **********Train Epoch 1021: averaged Loss: 0.010374
2026-04-20 22:09: **********Val Epoch 1021: average Loss: 0.023948
2026-04-20 22:09: Train Epoch 1022: 0/37 Loss: 0.013863
2026-04-20 22:09: Train Epoch 1022: 20/37 Loss: 0.009834
2026-04-20 22:09: **********Train Epoch 1022: averaged Loss: 0.012181
2026-04-20 22:09: **********Val Epoch 1022: average Loss: 0.021117
2026-04-20 22:09: Train Epoch 1023: 0/37 Loss: 0.036319
2026-04-20 22:09: Train Epoch 1023: 20/37 Loss: 0.007128
2026-04-20 22:09: **********Train Epoch 1023: averaged Loss: 0.016479
2026-04-20 22:09: **********Val Epoch 1023: average Loss: 0.020339
2026-04-20 22:09: Train Epoch 1024: 0/37 Loss: 0.004037
2026-04-20 22:09: Train Epoch 1024: 20/37 Loss: 0.019021
2026-04-20 22:09: **********Train Epoch 1024: averaged Loss: 0.013984
2026-04-20 22:09: **********Val Epoch 1024: average Loss: 0.021050
2026-04-20 22:09: Train Epoch 1025: 0/37 Loss: 0.005641
2026-04-20 22:09: Train Epoch 1025: 20/37 Loss: 0.032225
2026-04-20 22:09: **********Train Epoch 1025: averaged Loss: 0.017075
2026-04-20 22:09: **********Val Epoch 1025: average Loss: 0.023458
2026-04-20 22:09: Train Epoch 1026: 0/37 Loss: 0.021521
2026-04-20 22:09: Train Epoch 1026: 20/37 Loss: 0.028814
2026-04-20 22:09: **********Train Epoch 1026: averaged Loss: 0.015177
2026-04-20 22:09: **********Val Epoch 1026: average Loss: 0.014153
2026-04-20 22:09: Train Epoch 1027: 0/37 Loss: 0.029900
2026-04-20 22:09: Train Epoch 1027: 20/37 Loss: 0.013255
2026-04-20 22:09: **********Train Epoch 1027: averaged Loss: 0.017459
2026-04-20 22:09: **********Val Epoch 1027: average Loss: 0.014812
2026-04-20 22:09: Train Epoch 1028: 0/37 Loss: 0.091159
2026-04-20 22:09: Train Epoch 1028: 20/37 Loss: 0.007461
2026-04-20 22:09: **********Train Epoch 1028: averaged Loss: 0.027803
2026-04-20 22:09: **********Val Epoch 1028: average Loss: 0.022051
2026-04-20 22:09: Train Epoch 1029: 0/37 Loss: 0.019142
2026-04-20 22:09: Train Epoch 1029: 20/37 Loss: 0.005131
2026-04-20 22:09: **********Train Epoch 1029: averaged Loss: 0.013768
2026-04-20 22:09: **********Val Epoch 1029: average Loss: 0.038224
2026-04-20 22:09: Train Epoch 1030: 0/37 Loss: 0.032106
2026-04-20 22:09: Train Epoch 1030: 20/37 Loss: 0.006077
2026-04-20 22:09: **********Train Epoch 1030: averaged Loss: 0.013418
2026-04-20 22:09: **********Val Epoch 1030: average Loss: 0.005730
2026-04-20 22:09: Train Epoch 1031: 0/37 Loss: 0.090976
2026-04-20 22:09: Train Epoch 1031: 20/37 Loss: 0.042464
2026-04-20 22:09: **********Train Epoch 1031: averaged Loss: 0.032795
2026-04-20 22:09: **********Val Epoch 1031: average Loss: 0.031152
2026-04-20 22:09: Train Epoch 1032: 0/37 Loss: 0.053772
2026-04-20 22:09: Train Epoch 1032: 20/37 Loss: 0.008028
2026-04-20 22:09: **********Train Epoch 1032: averaged Loss: 0.018575
2026-04-20 22:09: **********Val Epoch 1032: average Loss: 0.010063
2026-04-20 22:09: Train Epoch 1033: 0/37 Loss: 0.067465
2026-04-20 22:09: Train Epoch 1033: 20/37 Loss: 0.008433
2026-04-20 22:09: **********Train Epoch 1033: averaged Loss: 0.019055
2026-04-20 22:09: **********Val Epoch 1033: average Loss: 0.007696
2026-04-20 22:09: Train Epoch 1034: 0/37 Loss: 0.014124
2026-04-20 22:09: Train Epoch 1034: 20/37 Loss: 0.008824
2026-04-20 22:09: **********Train Epoch 1034: averaged Loss: 0.009935
2026-04-20 22:09: **********Val Epoch 1034: average Loss: 0.009885
2026-04-20 22:09: Train Epoch 1035: 0/37 Loss: 0.037532
2026-04-20 22:09: Train Epoch 1035: 20/37 Loss: 0.008614
2026-04-20 22:09: **********Train Epoch 1035: averaged Loss: 0.011839
2026-04-20 22:09: **********Val Epoch 1035: average Loss: 0.011328
2026-04-20 22:09: Train Epoch 1036: 0/37 Loss: 0.007330
2026-04-20 22:09: Train Epoch 1036: 20/37 Loss: 0.005286
2026-04-20 22:09: **********Train Epoch 1036: averaged Loss: 0.006311
2026-04-20 22:09: **********Val Epoch 1036: average Loss: 0.006752
2026-04-20 22:09: Train Epoch 1037: 0/37 Loss: 0.006504
2026-04-20 22:09: Train Epoch 1037: 20/37 Loss: 0.006054
2026-04-20 22:09: **********Train Epoch 1037: averaged Loss: 0.007648
2026-04-20 22:09: **********Val Epoch 1037: average Loss: 0.014208
2026-04-20 22:09: Train Epoch 1038: 0/37 Loss: 0.022875
2026-04-20 22:09: Train Epoch 1038: 20/37 Loss: 0.005364
2026-04-20 22:09: **********Train Epoch 1038: averaged Loss: 0.009123
2026-04-20 22:09: **********Val Epoch 1038: average Loss: 0.006661
2026-04-20 22:09: Train Epoch 1039: 0/37 Loss: 0.040276
2026-04-20 22:09: Train Epoch 1039: 20/37 Loss: 0.008286
2026-04-20 22:09: **********Train Epoch 1039: averaged Loss: 0.011538
2026-04-20 22:09: **********Val Epoch 1039: average Loss: 0.005860
2026-04-20 22:09: Train Epoch 1040: 0/37 Loss: 0.011504
2026-04-20 22:09: Train Epoch 1040: 20/37 Loss: 0.010614
2026-04-20 22:09: **********Train Epoch 1040: averaged Loss: 0.008042
2026-04-20 22:09: **********Val Epoch 1040: average Loss: 0.016613
2026-04-20 22:09: Train Epoch 1041: 0/37 Loss: 0.005162
2026-04-20 22:09: Train Epoch 1041: 20/37 Loss: 0.006700
2026-04-20 22:09: **********Train Epoch 1041: averaged Loss: 0.005749
2026-04-20 22:09: **********Val Epoch 1041: average Loss: 0.009378
2026-04-20 22:09: Train Epoch 1042: 0/37 Loss: 0.010420
2026-04-20 22:09: Train Epoch 1042: 20/37 Loss: 0.006042
2026-04-20 22:09: **********Train Epoch 1042: averaged Loss: 0.008528
2026-04-20 22:09: **********Val Epoch 1042: average Loss: 0.006224
2026-04-20 22:09: Train Epoch 1043: 0/37 Loss: 0.005165
2026-04-20 22:09: Train Epoch 1043: 20/37 Loss: 0.005416
2026-04-20 22:09: **********Train Epoch 1043: averaged Loss: 0.007367
2026-04-20 22:09: **********Val Epoch 1043: average Loss: 0.017323
2026-04-20 22:09: Train Epoch 1044: 0/37 Loss: 0.014246
2026-04-20 22:09: Train Epoch 1044: 20/37 Loss: 0.006246
2026-04-20 22:09: **********Train Epoch 1044: averaged Loss: 0.010979
2026-04-20 22:09: **********Val Epoch 1044: average Loss: 0.021244
2026-04-20 22:09: Train Epoch 1045: 0/37 Loss: 0.011988
2026-04-20 22:09: Train Epoch 1045: 20/37 Loss: 0.005262
2026-04-20 22:09: **********Train Epoch 1045: averaged Loss: 0.008486
2026-04-20 22:09: **********Val Epoch 1045: average Loss: 0.009668
2026-04-20 22:09: Train Epoch 1046: 0/37 Loss: 0.018973
2026-04-20 22:09: Train Epoch 1046: 20/37 Loss: 0.005050
2026-04-20 22:09: **********Train Epoch 1046: averaged Loss: 0.009168
2026-04-20 22:09: **********Val Epoch 1046: average Loss: 0.006269
2026-04-20 22:09: Train Epoch 1047: 0/37 Loss: 0.044681
2026-04-20 22:09: Train Epoch 1047: 20/37 Loss: 0.005069
2026-04-20 22:10: **********Train Epoch 1047: averaged Loss: 0.014634
2026-04-20 22:10: **********Val Epoch 1047: average Loss: 0.007307
2026-04-20 22:10: Train Epoch 1048: 0/37 Loss: 0.056168
2026-04-20 22:10: Train Epoch 1048: 20/37 Loss: 0.009751
2026-04-20 22:10: **********Train Epoch 1048: averaged Loss: 0.017673
2026-04-20 22:10: **********Val Epoch 1048: average Loss: 0.005311
2026-04-20 22:10: Train Epoch 1049: 0/37 Loss: 0.038974
2026-04-20 22:10: Train Epoch 1049: 20/37 Loss: 0.005336
2026-04-20 22:10: **********Train Epoch 1049: averaged Loss: 0.011947
2026-04-20 22:10: **********Val Epoch 1049: average Loss: 0.007885
2026-04-20 22:10: Train Epoch 1050: 0/37 Loss: 0.023752
2026-04-20 22:10: Train Epoch 1050: 20/37 Loss: 0.005593
2026-04-20 22:10: **********Train Epoch 1050: averaged Loss: 0.009342
2026-04-20 22:10: **********Val Epoch 1050: average Loss: 0.007772
2026-04-20 22:10: Train Epoch 1051: 0/37 Loss: 0.042173
2026-04-20 22:10: Train Epoch 1051: 20/37 Loss: 0.007225
2026-04-20 22:10: **********Train Epoch 1051: averaged Loss: 0.012355
2026-04-20 22:10: **********Val Epoch 1051: average Loss: 0.009915
2026-04-20 22:10: Train Epoch 1052: 0/37 Loss: 0.024426
2026-04-20 22:10: Train Epoch 1052: 20/37 Loss: 0.007132
2026-04-20 22:10: **********Train Epoch 1052: averaged Loss: 0.009754
2026-04-20 22:10: **********Val Epoch 1052: average Loss: 0.015868
2026-04-20 22:10: Train Epoch 1053: 0/37 Loss: 0.012131
2026-04-20 22:10: Train Epoch 1053: 20/37 Loss: 0.007813
2026-04-20 22:10: **********Train Epoch 1053: averaged Loss: 0.007122
2026-04-20 22:10: **********Val Epoch 1053: average Loss: 0.006436
2026-04-20 22:10: Train Epoch 1054: 0/37 Loss: 0.012375
2026-04-20 22:10: Train Epoch 1054: 20/37 Loss: 0.008709
2026-04-20 22:10: **********Train Epoch 1054: averaged Loss: 0.012874
2026-04-20 22:10: **********Val Epoch 1054: average Loss: 0.034331
2026-04-20 22:10: Train Epoch 1055: 0/37 Loss: 0.005552
2026-04-20 22:10: Train Epoch 1055: 20/37 Loss: 0.012566
2026-04-20 22:10: **********Train Epoch 1055: averaged Loss: 0.009484
2026-04-20 22:10: **********Val Epoch 1055: average Loss: 0.006652
2026-04-20 22:10: Train Epoch 1056: 0/37 Loss: 0.047151
2026-04-20 22:10: Train Epoch 1056: 20/37 Loss: 0.006697
2026-04-20 22:10: **********Train Epoch 1056: averaged Loss: 0.013249
2026-04-20 22:10: **********Val Epoch 1056: average Loss: 0.007884
2026-04-20 22:10: Train Epoch 1057: 0/37 Loss: 0.038154
2026-04-20 22:10: Train Epoch 1057: 20/37 Loss: 0.005306
2026-04-20 22:10: **********Train Epoch 1057: averaged Loss: 0.013579
2026-04-20 22:10: **********Val Epoch 1057: average Loss: 0.011079
2026-04-20 22:10: Train Epoch 1058: 0/37 Loss: 0.047096
2026-04-20 22:10: Train Epoch 1058: 20/37 Loss: 0.005731
2026-04-20 22:10: **********Train Epoch 1058: averaged Loss: 0.015106
2026-04-20 22:10: **********Val Epoch 1058: average Loss: 0.006530
2026-04-20 22:10: Train Epoch 1059: 0/37 Loss: 0.014159
2026-04-20 22:10: Train Epoch 1059: 20/37 Loss: 0.006842
2026-04-20 22:10: **********Train Epoch 1059: averaged Loss: 0.009357
2026-04-20 22:10: **********Val Epoch 1059: average Loss: 0.009928
2026-04-20 22:10: Train Epoch 1060: 0/37 Loss: 0.043712
2026-04-20 22:10: Train Epoch 1060: 20/37 Loss: 0.015651
2026-04-20 22:10: **********Train Epoch 1060: averaged Loss: 0.015231
2026-04-20 22:10: **********Val Epoch 1060: average Loss: 0.011591
2026-04-20 22:10: Train Epoch 1061: 0/37 Loss: 0.004001
2026-04-20 22:10: Train Epoch 1061: 20/37 Loss: 0.009856
2026-04-20 22:10: **********Train Epoch 1061: averaged Loss: 0.011977
2026-04-20 22:10: **********Val Epoch 1061: average Loss: 0.016431
2026-04-20 22:10: Train Epoch 1062: 0/37 Loss: 0.036760
2026-04-20 22:10: Train Epoch 1062: 20/37 Loss: 0.005849
2026-04-20 22:10: **********Train Epoch 1062: averaged Loss: 0.012373
2026-04-20 22:10: **********Val Epoch 1062: average Loss: 0.015460
2026-04-20 22:10: Train Epoch 1063: 0/37 Loss: 0.024248
2026-04-20 22:10: Train Epoch 1063: 20/37 Loss: 0.005154
2026-04-20 22:10: **********Train Epoch 1063: averaged Loss: 0.010172
2026-04-20 22:10: **********Val Epoch 1063: average Loss: 0.011083
2026-04-20 22:10: Train Epoch 1064: 0/37 Loss: 0.011070
2026-04-20 22:10: Train Epoch 1064: 20/37 Loss: 0.005446
2026-04-20 22:10: **********Train Epoch 1064: averaged Loss: 0.007260
2026-04-20 22:10: **********Val Epoch 1064: average Loss: 0.007104
2026-04-20 22:10: Train Epoch 1065: 0/37 Loss: 0.014741
2026-04-20 22:10: Train Epoch 1065: 20/37 Loss: 0.005277
2026-04-20 22:10: **********Train Epoch 1065: averaged Loss: 0.009541
2026-04-20 22:10: **********Val Epoch 1065: average Loss: 0.009972
2026-04-20 22:10: Train Epoch 1066: 0/37 Loss: 0.008698
2026-04-20 22:10: Train Epoch 1066: 20/37 Loss: 0.006849
2026-04-20 22:10: **********Train Epoch 1066: averaged Loss: 0.009564
2026-04-20 22:10: **********Val Epoch 1066: average Loss: 0.010666
2026-04-20 22:10: Train Epoch 1067: 0/37 Loss: 0.004722
2026-04-20 22:10: Train Epoch 1067: 20/37 Loss: 0.006295
2026-04-20 22:10: **********Train Epoch 1067: averaged Loss: 0.007787
2026-04-20 22:10: **********Val Epoch 1067: average Loss: 0.006987
2026-04-20 22:10: Train Epoch 1068: 0/37 Loss: 0.019613
2026-04-20 22:10: Train Epoch 1068: 20/37 Loss: 0.005154
2026-04-20 22:10: **********Train Epoch 1068: averaged Loss: 0.010407
2026-04-20 22:10: **********Val Epoch 1068: average Loss: 0.014440
2026-04-20 22:10: Train Epoch 1069: 0/37 Loss: 0.018193
2026-04-20 22:10: Train Epoch 1069: 20/37 Loss: 0.021356
2026-04-20 22:10: **********Train Epoch 1069: averaged Loss: 0.013613
2026-04-20 22:10: **********Val Epoch 1069: average Loss: 0.009504
2026-04-20 22:10: Train Epoch 1070: 0/37 Loss: 0.011263
2026-04-20 22:10: Train Epoch 1070: 20/37 Loss: 0.005072
2026-04-20 22:10: **********Train Epoch 1070: averaged Loss: 0.008803
2026-04-20 22:10: **********Val Epoch 1070: average Loss: 0.016594
2026-04-20 22:10: Train Epoch 1071: 0/37 Loss: 0.029994
2026-04-20 22:10: Train Epoch 1071: 20/37 Loss: 0.018527
2026-04-20 22:10: **********Train Epoch 1071: averaged Loss: 0.013545
2026-04-20 22:10: **********Val Epoch 1071: average Loss: 0.007630
2026-04-20 22:10: Train Epoch 1072: 0/37 Loss: 0.004776
2026-04-20 22:10: Train Epoch 1072: 20/37 Loss: 0.006699
2026-04-20 22:10: **********Train Epoch 1072: averaged Loss: 0.010176
2026-04-20 22:10: **********Val Epoch 1072: average Loss: 0.012883
2026-04-20 22:10: Train Epoch 1073: 0/37 Loss: 0.024945
2026-04-20 22:10: Train Epoch 1073: 20/37 Loss: 0.013704
2026-04-20 22:10: **********Train Epoch 1073: averaged Loss: 0.011688
2026-04-20 22:10: **********Val Epoch 1073: average Loss: 0.009575
2026-04-20 22:10: Train Epoch 1074: 0/37 Loss: 0.011616
2026-04-20 22:10: Train Epoch 1074: 20/37 Loss: 0.013006
2026-04-20 22:10: **********Train Epoch 1074: averaged Loss: 0.011061
2026-04-20 22:10: **********Val Epoch 1074: average Loss: 0.019972
2026-04-20 22:10: Train Epoch 1075: 0/37 Loss: 0.037144
2026-04-20 22:10: Train Epoch 1075: 20/37 Loss: 0.030490
2026-04-20 22:10: **********Train Epoch 1075: averaged Loss: 0.016310
2026-04-20 22:10: **********Val Epoch 1075: average Loss: 0.009649
2026-04-20 22:10: Train Epoch 1076: 0/37 Loss: 0.003969
2026-04-20 22:11: Train Epoch 1076: 20/37 Loss: 0.006217
2026-04-20 22:11: **********Train Epoch 1076: averaged Loss: 0.009965
2026-04-20 22:11: **********Val Epoch 1076: average Loss: 0.014785
2026-04-20 22:11: Train Epoch 1077: 0/37 Loss: 0.047810
2026-04-20 22:11: Train Epoch 1077: 20/37 Loss: 0.018646
2026-04-20 22:11: **********Train Epoch 1077: averaged Loss: 0.015670
2026-04-20 22:11: **********Val Epoch 1077: average Loss: 0.005838
2026-04-20 22:11: Train Epoch 1078: 0/37 Loss: 0.009673
2026-04-20 22:11: Train Epoch 1078: 20/37 Loss: 0.005401
2026-04-20 22:11: **********Train Epoch 1078: averaged Loss: 0.008889
2026-04-20 22:11: **********Val Epoch 1078: average Loss: 0.005807
2026-04-20 22:11: Train Epoch 1079: 0/37 Loss: 0.036076
2026-04-20 22:11: Train Epoch 1079: 20/37 Loss: 0.005283
2026-04-20 22:11: **********Train Epoch 1079: averaged Loss: 0.010777
2026-04-20 22:11: **********Val Epoch 1079: average Loss: 0.005969
2026-04-20 22:11: Train Epoch 1080: 0/37 Loss: 0.035019
2026-04-20 22:11: Train Epoch 1080: 20/37 Loss: 0.005487
2026-04-20 22:11: **********Train Epoch 1080: averaged Loss: 0.010500
2026-04-20 22:11: **********Val Epoch 1080: average Loss: 0.007958
2026-04-20 22:11: Train Epoch 1081: 0/37 Loss: 0.025155
2026-04-20 22:11: Train Epoch 1081: 20/37 Loss: 0.005650
2026-04-20 22:11: **********Train Epoch 1081: averaged Loss: 0.009684
2026-04-20 22:11: **********Val Epoch 1081: average Loss: 0.009996
2026-04-20 22:11: Train Epoch 1082: 0/37 Loss: 0.006116
2026-04-20 22:11: Train Epoch 1082: 20/37 Loss: 0.008320
2026-04-20 22:11: **********Train Epoch 1082: averaged Loss: 0.006037
2026-04-20 22:11: **********Val Epoch 1082: average Loss: 0.009413
2026-04-20 22:11: Train Epoch 1083: 0/37 Loss: 0.003306
2026-04-20 22:11: Train Epoch 1083: 20/37 Loss: 0.006151
2026-04-20 22:11: **********Train Epoch 1083: averaged Loss: 0.006858
2026-04-20 22:11: **********Val Epoch 1083: average Loss: 0.007236
2026-04-20 22:11: Train Epoch 1084: 0/37 Loss: 0.025457
2026-04-20 22:11: Train Epoch 1084: 20/37 Loss: 0.014656
2026-04-20 22:11: **********Train Epoch 1084: averaged Loss: 0.013113
2026-04-20 22:11: **********Val Epoch 1084: average Loss: 0.011736
2026-04-20 22:11: Train Epoch 1085: 0/37 Loss: 0.023110
2026-04-20 22:11: Train Epoch 1085: 20/37 Loss: 0.011770
2026-04-20 22:11: **********Train Epoch 1085: averaged Loss: 0.011714
2026-04-20 22:11: **********Val Epoch 1085: average Loss: 0.015168
2026-04-20 22:11: Train Epoch 1086: 0/37 Loss: 0.042954
2026-04-20 22:11: Train Epoch 1086: 20/37 Loss: 0.004892
2026-04-20 22:11: **********Train Epoch 1086: averaged Loss: 0.011908
2026-04-20 22:11: **********Val Epoch 1086: average Loss: 0.005105
2026-04-20 22:11: Train Epoch 1087: 0/37 Loss: 0.014522
2026-04-20 22:11: Train Epoch 1087: 20/37 Loss: 0.004910
2026-04-20 22:11: **********Train Epoch 1087: averaged Loss: 0.007792
2026-04-20 22:11: **********Val Epoch 1087: average Loss: 0.007982
2026-04-20 22:11: Train Epoch 1088: 0/37 Loss: 0.026382
2026-04-20 22:11: Train Epoch 1088: 20/37 Loss: 0.005132
2026-04-20 22:11: **********Train Epoch 1088: averaged Loss: 0.009709
2026-04-20 22:11: **********Val Epoch 1088: average Loss: 0.006623
2026-04-20 22:11: Train Epoch 1089: 0/37 Loss: 0.023965
2026-04-20 22:11: Train Epoch 1089: 20/37 Loss: 0.007440
2026-04-20 22:11: **********Train Epoch 1089: averaged Loss: 0.009179
2026-04-20 22:11: **********Val Epoch 1089: average Loss: 0.006990
2026-04-20 22:11: Train Epoch 1090: 0/37 Loss: 0.021031
2026-04-20 22:11: Train Epoch 1090: 20/37 Loss: 0.009104
2026-04-20 22:11: **********Train Epoch 1090: averaged Loss: 0.007666
2026-04-20 22:11: **********Val Epoch 1090: average Loss: 0.006221
2026-04-20 22:11: Train Epoch 1091: 0/37 Loss: 0.022908
2026-04-20 22:11: Train Epoch 1091: 20/37 Loss: 0.005721
2026-04-20 22:11: **********Train Epoch 1091: averaged Loss: 0.008144
2026-04-20 22:11: **********Val Epoch 1091: average Loss: 0.005183
2026-04-20 22:11: Train Epoch 1092: 0/37 Loss: 0.011695
2026-04-20 22:11: Train Epoch 1092: 20/37 Loss: 0.005764
2026-04-20 22:11: **********Train Epoch 1092: averaged Loss: 0.006605
2026-04-20 22:11: **********Val Epoch 1092: average Loss: 0.005649
2026-04-20 22:11: Train Epoch 1093: 0/37 Loss: 0.022803
2026-04-20 22:11: Train Epoch 1093: 20/37 Loss: 0.005125
2026-04-20 22:11: **********Train Epoch 1093: averaged Loss: 0.009627
2026-04-20 22:11: **********Val Epoch 1093: average Loss: 0.017994
2026-04-20 22:11: Train Epoch 1094: 0/37 Loss: 0.009516
2026-04-20 22:11: Train Epoch 1094: 20/37 Loss: 0.007214
2026-04-20 22:11: **********Train Epoch 1094: averaged Loss: 0.008229
2026-04-20 22:11: **********Val Epoch 1094: average Loss: 0.028299
2026-04-20 22:11: Train Epoch 1095: 0/37 Loss: 0.003295
2026-04-20 22:11: Train Epoch 1095: 20/37 Loss: 0.005715
2026-04-20 22:11: **********Train Epoch 1095: averaged Loss: 0.006189
2026-04-20 22:11: **********Val Epoch 1095: average Loss: 0.005276
2026-04-20 22:11: Train Epoch 1096: 0/37 Loss: 0.005625
2026-04-20 22:11: Train Epoch 1096: 20/37 Loss: 0.006948
2026-04-20 22:11: **********Train Epoch 1096: averaged Loss: 0.006593
2026-04-20 22:11: **********Val Epoch 1096: average Loss: 0.005818
2026-04-20 22:11: Train Epoch 1097: 0/37 Loss: 0.005852
2026-04-20 22:11: Train Epoch 1097: 20/37 Loss: 0.007483
2026-04-20 22:11: **********Train Epoch 1097: averaged Loss: 0.010242
2026-04-20 22:11: **********Val Epoch 1097: average Loss: 0.029423
2026-04-20 22:11: Train Epoch 1098: 0/37 Loss: 0.011511
2026-04-20 22:11: Train Epoch 1098: 20/37 Loss: 0.004996
2026-04-20 22:11: **********Train Epoch 1098: averaged Loss: 0.005703
2026-04-20 22:11: **********Val Epoch 1098: average Loss: 0.005781
2026-04-20 22:11: Train Epoch 1099: 0/37 Loss: 0.016985
2026-04-20 22:11: Train Epoch 1099: 20/37 Loss: 0.005024
2026-04-20 22:11: **********Train Epoch 1099: averaged Loss: 0.009280
2026-04-20 22:11: **********Val Epoch 1099: average Loss: 0.010612
2026-04-20 22:11: Train Epoch 1100: 0/37 Loss: 0.017090
2026-04-20 22:11: Train Epoch 1100: 20/37 Loss: 0.007384
2026-04-20 22:11: **********Train Epoch 1100: averaged Loss: 0.006696
2026-04-20 22:11: **********Val Epoch 1100: average Loss: 0.008127
2026-04-20 22:11: Train Epoch 1101: 0/37 Loss: 0.013937
2026-04-20 22:11: Train Epoch 1101: 20/37 Loss: 0.006662
2026-04-20 22:11: **********Train Epoch 1101: averaged Loss: 0.007874
2026-04-20 22:11: **********Val Epoch 1101: average Loss: 0.005003
2026-04-20 22:11: Train Epoch 1102: 0/37 Loss: 0.007926
2026-04-20 22:11: Train Epoch 1102: 20/37 Loss: 0.004950
2026-04-20 22:11: **********Train Epoch 1102: averaged Loss: 0.007959
2026-04-20 22:11: **********Val Epoch 1102: average Loss: 0.018727
2026-04-20 22:11: Train Epoch 1103: 0/37 Loss: 0.009084
2026-04-20 22:11: Train Epoch 1103: 20/37 Loss: 0.006338
2026-04-20 22:11: **********Train Epoch 1103: averaged Loss: 0.007585
2026-04-20 22:11: **********Val Epoch 1103: average Loss: 0.024163
2026-04-20 22:11: Train Epoch 1104: 0/37 Loss: 0.005460
2026-04-20 22:11: Train Epoch 1104: 20/37 Loss: 0.004834
2026-04-20 22:12: **********Train Epoch 1104: averaged Loss: 0.006314
2026-04-20 22:12: **********Val Epoch 1104: average Loss: 0.005158
2026-04-20 22:12: Train Epoch 1105: 0/37 Loss: 0.009717
2026-04-20 22:12: Train Epoch 1105: 20/37 Loss: 0.007661
2026-04-20 22:12: **********Train Epoch 1105: averaged Loss: 0.008111
2026-04-20 22:12: **********Val Epoch 1105: average Loss: 0.004860
2026-04-20 22:12: Train Epoch 1106: 0/37 Loss: 0.036164
2026-04-20 22:12: Train Epoch 1106: 20/37 Loss: 0.004918
2026-04-20 22:12: **********Train Epoch 1106: averaged Loss: 0.012719
2026-04-20 22:12: **********Val Epoch 1106: average Loss: 0.005706
2026-04-20 22:12: Train Epoch 1107: 0/37 Loss: 0.043852
2026-04-20 22:12: Train Epoch 1107: 20/37 Loss: 0.006353
2026-04-20 22:12: **********Train Epoch 1107: averaged Loss: 0.017452
2026-04-20 22:12: **********Val Epoch 1107: average Loss: 0.013571
2026-04-20 22:12: Train Epoch 1108: 0/37 Loss: 0.030869
2026-04-20 22:12: Train Epoch 1108: 20/37 Loss: 0.018161
2026-04-20 22:12: **********Train Epoch 1108: averaged Loss: 0.014754
2026-04-20 22:12: **********Val Epoch 1108: average Loss: 0.015111
2026-04-20 22:12: Train Epoch 1109: 0/37 Loss: 0.039889
2026-04-20 22:12: Train Epoch 1109: 20/37 Loss: 0.005442
2026-04-20 22:12: **********Train Epoch 1109: averaged Loss: 0.012315
2026-04-20 22:12: **********Val Epoch 1109: average Loss: 0.008056
2026-04-20 22:12: Train Epoch 1110: 0/37 Loss: 0.037364
2026-04-20 22:12: Train Epoch 1110: 20/37 Loss: 0.016961
2026-04-20 22:12: **********Train Epoch 1110: averaged Loss: 0.012437
2026-04-20 22:12: **********Val Epoch 1110: average Loss: 0.006597
2026-04-20 22:12: Train Epoch 1111: 0/37 Loss: 0.007892
2026-04-20 22:12: Train Epoch 1111: 20/37 Loss: 0.008978
2026-04-20 22:12: **********Train Epoch 1111: averaged Loss: 0.008240
2026-04-20 22:12: **********Val Epoch 1111: average Loss: 0.011119
2026-04-20 22:12: Train Epoch 1112: 0/37 Loss: 0.025495
2026-04-20 22:12: Train Epoch 1112: 20/37 Loss: 0.005062
2026-04-20 22:12: **********Train Epoch 1112: averaged Loss: 0.012034
2026-04-20 22:12: **********Val Epoch 1112: average Loss: 0.035320
2026-04-20 22:12: Train Epoch 1113: 0/37 Loss: 0.026667
2026-04-20 22:12: Train Epoch 1113: 20/37 Loss: 0.009778
2026-04-20 22:12: **********Train Epoch 1113: averaged Loss: 0.010783
2026-04-20 22:12: **********Val Epoch 1113: average Loss: 0.005522
2026-04-20 22:12: Train Epoch 1114: 0/37 Loss: 0.024860
2026-04-20 22:12: Train Epoch 1114: 20/37 Loss: 0.006186
2026-04-20 22:12: **********Train Epoch 1114: averaged Loss: 0.013200
2026-04-20 22:12: **********Val Epoch 1114: average Loss: 0.034116
2026-04-20 22:12: Train Epoch 1115: 0/37 Loss: 0.004281
2026-04-20 22:12: Train Epoch 1115: 20/37 Loss: 0.009105
2026-04-20 22:12: **********Train Epoch 1115: averaged Loss: 0.009279
2026-04-20 22:12: **********Val Epoch 1115: average Loss: 0.006875
2026-04-20 22:12: Train Epoch 1116: 0/37 Loss: 0.042806
2026-04-20 22:12: Train Epoch 1116: 20/37 Loss: 0.008143
2026-04-20 22:12: **********Train Epoch 1116: averaged Loss: 0.013121
2026-04-20 22:12: **********Val Epoch 1116: average Loss: 0.006100
2026-04-20 22:12: Train Epoch 1117: 0/37 Loss: 0.033797
2026-04-20 22:12: Train Epoch 1117: 20/37 Loss: 0.005306
2026-04-20 22:12: **********Train Epoch 1117: averaged Loss: 0.012385
2026-04-20 22:12: **********Val Epoch 1117: average Loss: 0.014496
2026-04-20 22:12: Train Epoch 1118: 0/37 Loss: 0.030853
2026-04-20 22:12: Train Epoch 1118: 20/37 Loss: 0.010883
2026-04-20 22:12: **********Train Epoch 1118: averaged Loss: 0.012467
2026-04-20 22:12: **********Val Epoch 1118: average Loss: 0.007091
2026-04-20 22:12: Train Epoch 1119: 0/37 Loss: 0.021008
2026-04-20 22:12: Train Epoch 1119: 20/37 Loss: 0.005825
2026-04-20 22:12: **********Train Epoch 1119: averaged Loss: 0.011621
2026-04-20 22:12: **********Val Epoch 1119: average Loss: 0.009893
2026-04-20 22:12: Train Epoch 1120: 0/37 Loss: 0.022699
2026-04-20 22:12: Train Epoch 1120: 20/37 Loss: 0.028864
2026-04-20 22:12: **********Train Epoch 1120: averaged Loss: 0.012936
2026-04-20 22:12: **********Val Epoch 1120: average Loss: 0.009166
2026-04-20 22:12: Train Epoch 1121: 0/37 Loss: 0.055090
2026-04-20 22:12: Train Epoch 1121: 20/37 Loss: 0.006142
2026-04-20 22:12: **********Train Epoch 1121: averaged Loss: 0.015943
2026-04-20 22:12: **********Val Epoch 1121: average Loss: 0.005984
2026-04-20 22:12: Train Epoch 1122: 0/37 Loss: 0.007367
2026-04-20 22:12: Train Epoch 1122: 20/37 Loss: 0.004982
2026-04-20 22:12: **********Train Epoch 1122: averaged Loss: 0.006589
2026-04-20 22:12: **********Val Epoch 1122: average Loss: 0.007726
2026-04-20 22:12: Train Epoch 1123: 0/37 Loss: 0.026479
2026-04-20 22:12: Train Epoch 1123: 20/37 Loss: 0.006981
2026-04-20 22:12: **********Train Epoch 1123: averaged Loss: 0.009525
2026-04-20 22:12: **********Val Epoch 1123: average Loss: 0.007558
2026-04-20 22:12: Train Epoch 1124: 0/37 Loss: 0.022615
2026-04-20 22:12: Train Epoch 1124: 20/37 Loss: 0.005381
2026-04-20 22:12: **********Train Epoch 1124: averaged Loss: 0.008014
2026-04-20 22:12: **********Val Epoch 1124: average Loss: 0.006230
2026-04-20 22:12: Train Epoch 1125: 0/37 Loss: 0.010061
2026-04-20 22:12: Train Epoch 1125: 20/37 Loss: 0.005371
2026-04-20 22:12: **********Train Epoch 1125: averaged Loss: 0.009325
2026-04-20 22:12: **********Val Epoch 1125: average Loss: 0.020382
2026-04-20 22:12: Train Epoch 1126: 0/37 Loss: 0.031981
2026-04-20 22:12: Train Epoch 1126: 20/37 Loss: 0.018883
2026-04-20 22:12: **********Train Epoch 1126: averaged Loss: 0.013808
2026-04-20 22:12: **********Val Epoch 1126: average Loss: 0.006411
2026-04-20 22:12: Train Epoch 1127: 0/37 Loss: 0.019633
2026-04-20 22:12: Train Epoch 1127: 20/37 Loss: 0.012843
2026-04-20 22:12: **********Train Epoch 1127: averaged Loss: 0.011734
2026-04-20 22:12: **********Val Epoch 1127: average Loss: 0.011764
2026-04-20 22:12: Train Epoch 1128: 0/37 Loss: 0.022417
2026-04-20 22:12: Train Epoch 1128: 20/37 Loss: 0.007301
2026-04-20 22:12: **********Train Epoch 1128: averaged Loss: 0.009338
2026-04-20 22:12: **********Val Epoch 1128: average Loss: 0.010787
2026-04-20 22:12: Train Epoch 1129: 0/37 Loss: 0.037867
2026-04-20 22:12: Train Epoch 1129: 20/37 Loss: 0.005469
2026-04-20 22:12: **********Train Epoch 1129: averaged Loss: 0.011360
2026-04-20 22:12: **********Val Epoch 1129: average Loss: 0.005984
2026-04-20 22:12: Train Epoch 1130: 0/37 Loss: 0.025680
2026-04-20 22:12: Train Epoch 1130: 20/37 Loss: 0.004779
2026-04-20 22:12: **********Train Epoch 1130: averaged Loss: 0.009580
2026-04-20 22:12: **********Val Epoch 1130: average Loss: 0.005096
2026-04-20 22:12: Train Epoch 1131: 0/37 Loss: 0.008221
2026-04-20 22:12: Train Epoch 1131: 20/37 Loss: 0.007607
2026-04-20 22:12: **********Train Epoch 1131: averaged Loss: 0.011823
2026-04-20 22:12: **********Val Epoch 1131: average Loss: 0.036490
2026-04-20 22:12: Train Epoch 1132: 0/37 Loss: 0.022423
2026-04-20 22:12: Train Epoch 1132: 20/37 Loss: 0.006726
2026-04-20 22:12: **********Train Epoch 1132: averaged Loss: 0.011841
2026-04-20 22:12: **********Val Epoch 1132: average Loss: 0.005622
2026-04-20 22:12: Train Epoch 1133: 0/37 Loss: 0.052396
2026-04-20 22:13: Train Epoch 1133: 20/37 Loss: 0.004847
2026-04-20 22:13: **********Train Epoch 1133: averaged Loss: 0.016611
2026-04-20 22:13: **********Val Epoch 1133: average Loss: 0.009986
2026-04-20 22:13: Train Epoch 1134: 0/37 Loss: 0.051891
2026-04-20 22:13: Train Epoch 1134: 20/37 Loss: 0.004914
2026-04-20 22:13: **********Train Epoch 1134: averaged Loss: 0.015329
2026-04-20 22:13: **********Val Epoch 1134: average Loss: 0.005811
2026-04-20 22:13: Train Epoch 1135: 0/37 Loss: 0.037180
2026-04-20 22:13: Train Epoch 1135: 20/37 Loss: 0.006044
2026-04-20 22:13: **********Train Epoch 1135: averaged Loss: 0.010232
2026-04-20 22:13: **********Val Epoch 1135: average Loss: 0.005250
2026-04-20 22:13: Train Epoch 1136: 0/37 Loss: 0.029216
2026-04-20 22:13: Train Epoch 1136: 20/37 Loss: 0.004744
2026-04-20 22:13: **********Train Epoch 1136: averaged Loss: 0.010234
2026-04-20 22:13: **********Val Epoch 1136: average Loss: 0.006305
2026-04-20 22:13: Train Epoch 1137: 0/37 Loss: 0.015281
2026-04-20 22:13: Train Epoch 1137: 20/37 Loss: 0.006300
2026-04-20 22:13: **********Train Epoch 1137: averaged Loss: 0.009762
2026-04-20 22:13: **********Val Epoch 1137: average Loss: 0.022669
2026-04-20 22:13: Train Epoch 1138: 0/37 Loss: 0.007759
2026-04-20 22:13: Train Epoch 1138: 20/37 Loss: 0.004724
2026-04-20 22:13: **********Train Epoch 1138: averaged Loss: 0.006610
2026-04-20 22:13: **********Val Epoch 1138: average Loss: 0.005206
2026-04-20 22:13: Train Epoch 1139: 0/37 Loss: 0.019607
2026-04-20 22:13: Train Epoch 1139: 20/37 Loss: 0.006102
2026-04-20 22:13: **********Train Epoch 1139: averaged Loss: 0.009352
2026-04-20 22:13: **********Val Epoch 1139: average Loss: 0.007013
2026-04-20 22:13: Train Epoch 1140: 0/37 Loss: 0.004904
2026-04-20 22:13: Train Epoch 1140: 20/37 Loss: 0.004862
2026-04-20 22:13: **********Train Epoch 1140: averaged Loss: 0.009339
2026-04-20 22:13: **********Val Epoch 1140: average Loss: 0.033105
2026-04-20 22:13: Train Epoch 1141: 0/37 Loss: 0.023288
2026-04-20 22:13: Train Epoch 1141: 20/37 Loss: 0.017975
2026-04-20 22:13: **********Train Epoch 1141: averaged Loss: 0.014886
2026-04-20 22:13: **********Val Epoch 1141: average Loss: 0.032343
2026-04-20 22:13: Train Epoch 1142: 0/37 Loss: 0.022016
2026-04-20 22:13: Train Epoch 1142: 20/37 Loss: 0.007426
2026-04-20 22:13: **********Train Epoch 1142: averaged Loss: 0.008032
2026-04-20 22:13: **********Val Epoch 1142: average Loss: 0.005276
2026-04-20 22:13: Train Epoch 1143: 0/37 Loss: 0.015753
2026-04-20 22:13: Train Epoch 1143: 20/37 Loss: 0.008558
2026-04-20 22:13: **********Train Epoch 1143: averaged Loss: 0.010252
2026-04-20 22:13: **********Val Epoch 1143: average Loss: 0.030349
2026-04-20 22:13: Train Epoch 1144: 0/37 Loss: 0.014843
2026-04-20 22:13: Train Epoch 1144: 20/37 Loss: 0.014090
2026-04-20 22:13: **********Train Epoch 1144: averaged Loss: 0.009233
2026-04-20 22:13: **********Val Epoch 1144: average Loss: 0.005162
2026-04-20 22:13: Train Epoch 1145: 0/37 Loss: 0.022798
2026-04-20 22:13: Train Epoch 1145: 20/37 Loss: 0.007163
2026-04-20 22:13: **********Train Epoch 1145: averaged Loss: 0.011684
2026-04-20 22:13: **********Val Epoch 1145: average Loss: 0.033040
2026-04-20 22:13: Train Epoch 1146: 0/37 Loss: 0.022200
2026-04-20 22:13: Train Epoch 1146: 20/37 Loss: 0.018435
2026-04-20 22:13: **********Train Epoch 1146: averaged Loss: 0.010582
2026-04-20 22:13: **********Val Epoch 1146: average Loss: 0.005235
2026-04-20 22:13: Train Epoch 1147: 0/37 Loss: 0.031245
2026-04-20 22:13: Train Epoch 1147: 20/37 Loss: 0.005064
2026-04-20 22:13: **********Train Epoch 1147: averaged Loss: 0.009948
2026-04-20 22:13: **********Val Epoch 1147: average Loss: 0.010773
2026-04-20 22:13: Train Epoch 1148: 0/37 Loss: 0.008664
2026-04-20 22:13: Train Epoch 1148: 20/37 Loss: 0.011456
2026-04-20 22:13: **********Train Epoch 1148: averaged Loss: 0.008051
2026-04-20 22:13: **********Val Epoch 1148: average Loss: 0.005665
2026-04-20 22:13: Train Epoch 1149: 0/37 Loss: 0.014779
2026-04-20 22:13: Train Epoch 1149: 20/37 Loss: 0.005019
2026-04-20 22:13: **********Train Epoch 1149: averaged Loss: 0.008574
2026-04-20 22:13: **********Val Epoch 1149: average Loss: 0.008195
2026-04-20 22:13: Train Epoch 1150: 0/37 Loss: 0.009324
2026-04-20 22:13: Train Epoch 1150: 20/37 Loss: 0.006948
2026-04-20 22:13: **********Train Epoch 1150: averaged Loss: 0.007812
2026-04-20 22:13: **********Val Epoch 1150: average Loss: 0.006414
2026-04-20 22:13: Train Epoch 1151: 0/37 Loss: 0.033296
2026-04-20 22:13: Train Epoch 1151: 20/37 Loss: 0.005420
2026-04-20 22:13: **********Train Epoch 1151: averaged Loss: 0.011741
2026-04-20 22:13: **********Val Epoch 1151: average Loss: 0.015956
2026-04-20 22:13: Train Epoch 1152: 0/37 Loss: 0.008346
2026-04-20 22:13: Train Epoch 1152: 20/37 Loss: 0.009223
2026-04-20 22:13: **********Train Epoch 1152: averaged Loss: 0.008747
2026-04-20 22:13: **********Val Epoch 1152: average Loss: 0.005623
2026-04-20 22:13: Train Epoch 1153: 0/37 Loss: 0.013114
2026-04-20 22:13: Train Epoch 1153: 20/37 Loss: 0.004903
2026-04-20 22:13: **********Train Epoch 1153: averaged Loss: 0.010370
2026-04-20 22:13: **********Val Epoch 1153: average Loss: 0.013095
2026-04-20 22:13: Train Epoch 1154: 0/37 Loss: 0.032228
2026-04-20 22:13: Train Epoch 1154: 20/37 Loss: 0.034482
2026-04-20 22:13: **********Train Epoch 1154: averaged Loss: 0.016797
2026-04-20 22:13: **********Val Epoch 1154: average Loss: 0.018380
2026-04-20 22:13: Train Epoch 1155: 0/37 Loss: 0.031693
2026-04-20 22:13: Train Epoch 1155: 20/37 Loss: 0.005042
2026-04-20 22:13: **********Train Epoch 1155: averaged Loss: 0.014575
2026-04-20 22:13: **********Val Epoch 1155: average Loss: 0.028515
2026-04-20 22:13: Train Epoch 1156: 0/37 Loss: 0.003792
2026-04-20 22:13: Train Epoch 1156: 20/37 Loss: 0.004970
2026-04-20 22:13: **********Train Epoch 1156: averaged Loss: 0.007980
2026-04-20 22:13: **********Val Epoch 1156: average Loss: 0.005756
2026-04-20 22:13: Train Epoch 1157: 0/37 Loss: 0.026025
2026-04-20 22:13: Train Epoch 1157: 20/37 Loss: 0.006717
2026-04-20 22:13: **********Train Epoch 1157: averaged Loss: 0.009160
2026-04-20 22:13: **********Val Epoch 1157: average Loss: 0.006950
2026-04-20 22:13: Train Epoch 1158: 0/37 Loss: 0.045077
2026-04-20 22:13: Train Epoch 1158: 20/37 Loss: 0.009937
2026-04-20 22:13: **********Train Epoch 1158: averaged Loss: 0.014554
2026-04-20 22:13: **********Val Epoch 1158: average Loss: 0.016466
2026-04-20 22:13: Train Epoch 1159: 0/37 Loss: 0.060141
2026-04-20 22:13: Train Epoch 1159: 20/37 Loss: 0.006575
2026-04-20 22:13: **********Train Epoch 1159: averaged Loss: 0.016771
2026-04-20 22:13: **********Val Epoch 1159: average Loss: 0.005905
2026-04-20 22:13: Train Epoch 1160: 0/37 Loss: 0.006374
2026-04-20 22:13: Train Epoch 1160: 20/37 Loss: 0.005890
2026-04-20 22:13: **********Train Epoch 1160: averaged Loss: 0.006540
2026-04-20 22:13: **********Val Epoch 1160: average Loss: 0.005622
2026-04-20 22:13: Train Epoch 1161: 0/37 Loss: 0.014185
2026-04-20 22:13: Train Epoch 1161: 20/37 Loss: 0.007721
2026-04-20 22:14: **********Train Epoch 1161: averaged Loss: 0.007364
2026-04-20 22:14: **********Val Epoch 1161: average Loss: 0.005247
2026-04-20 22:14: Train Epoch 1162: 0/37 Loss: 0.002803
2026-04-20 22:14: Train Epoch 1162: 20/37 Loss: 0.006010
2026-04-20 22:14: **********Train Epoch 1162: averaged Loss: 0.004939
2026-04-20 22:14: **********Val Epoch 1162: average Loss: 0.006780
2026-04-20 22:14: Train Epoch 1163: 0/37 Loss: 0.003815
2026-04-20 22:14: Train Epoch 1163: 20/37 Loss: 0.004917
2026-04-20 22:14: **********Train Epoch 1163: averaged Loss: 0.007697
2026-04-20 22:14: **********Val Epoch 1163: average Loss: 0.026478
2026-04-20 22:14: Train Epoch 1164: 0/37 Loss: 0.029370
2026-04-20 22:14: Train Epoch 1164: 20/37 Loss: 0.005690
2026-04-20 22:14: **********Train Epoch 1164: averaged Loss: 0.008620
2026-04-20 22:14: **********Val Epoch 1164: average Loss: 0.005810
2026-04-20 22:14: Train Epoch 1165: 0/37 Loss: 0.007843
2026-04-20 22:14: Train Epoch 1165: 20/37 Loss: 0.006952
2026-04-20 22:14: **********Train Epoch 1165: averaged Loss: 0.008045
2026-04-20 22:14: **********Val Epoch 1165: average Loss: 0.007773
2026-04-20 22:14: Train Epoch 1166: 0/37 Loss: 0.005265
2026-04-20 22:14: Train Epoch 1166: 20/37 Loss: 0.005568
2026-04-20 22:14: **********Train Epoch 1166: averaged Loss: 0.010317
2026-04-20 22:14: **********Val Epoch 1166: average Loss: 0.040455
2026-04-20 22:14: Train Epoch 1167: 0/37 Loss: 0.017048
2026-04-20 22:14: Train Epoch 1167: 20/37 Loss: 0.015251
2026-04-20 22:14: **********Train Epoch 1167: averaged Loss: 0.011012
2026-04-20 22:14: **********Val Epoch 1167: average Loss: 0.006068
2026-04-20 22:14: Train Epoch 1168: 0/37 Loss: 0.061354
2026-04-20 22:14: Train Epoch 1168: 20/37 Loss: 0.005987
2026-04-20 22:14: **********Train Epoch 1168: averaged Loss: 0.017063
2026-04-20 22:14: **********Val Epoch 1168: average Loss: 0.005582
2026-04-20 22:14: Train Epoch 1169: 0/37 Loss: 0.035911
2026-04-20 22:14: Train Epoch 1169: 20/37 Loss: 0.005242
2026-04-20 22:14: **********Train Epoch 1169: averaged Loss: 0.010907
2026-04-20 22:14: **********Val Epoch 1169: average Loss: 0.009883
2026-04-20 22:14: Train Epoch 1170: 0/37 Loss: 0.035968
2026-04-20 22:14: Train Epoch 1170: 20/37 Loss: 0.004796
2026-04-20 22:14: **********Train Epoch 1170: averaged Loss: 0.010867
2026-04-20 22:14: **********Val Epoch 1170: average Loss: 0.006290
2026-04-20 22:14: Train Epoch 1171: 0/37 Loss: 0.004827
2026-04-20 22:14: Train Epoch 1171: 20/37 Loss: 0.008889
2026-04-20 22:14: **********Train Epoch 1171: averaged Loss: 0.005201
2026-04-20 22:14: **********Val Epoch 1171: average Loss: 0.008680
2026-04-20 22:14: Train Epoch 1172: 0/37 Loss: 0.004295
2026-04-20 22:14: Train Epoch 1172: 20/37 Loss: 0.010052
2026-04-20 22:14: **********Train Epoch 1172: averaged Loss: 0.006435
2026-04-20 22:14: **********Val Epoch 1172: average Loss: 0.007326
2026-04-20 22:14: Train Epoch 1173: 0/37 Loss: 0.015137
2026-04-20 22:14: Train Epoch 1173: 20/37 Loss: 0.006479
2026-04-20 22:14: **********Train Epoch 1173: averaged Loss: 0.008686
2026-04-20 22:14: **********Val Epoch 1173: average Loss: 0.010728
2026-04-20 22:14: Train Epoch 1174: 0/37 Loss: 0.024216
2026-04-20 22:14: Train Epoch 1174: 20/37 Loss: 0.006764
2026-04-20 22:14: **********Train Epoch 1174: averaged Loss: 0.011584
2026-04-20 22:14: **********Val Epoch 1174: average Loss: 0.005941
2026-04-20 22:14: Train Epoch 1175: 0/37 Loss: 0.017351
2026-04-20 22:14: Train Epoch 1175: 20/37 Loss: 0.006008
2026-04-20 22:14: **********Train Epoch 1175: averaged Loss: 0.011415
2026-04-20 22:14: **********Val Epoch 1175: average Loss: 0.009485
2026-04-20 22:14: Train Epoch 1176: 0/37 Loss: 0.019097
2026-04-20 22:14: Train Epoch 1176: 20/37 Loss: 0.034051
2026-04-20 22:14: **********Train Epoch 1176: averaged Loss: 0.015701
2026-04-20 22:14: **********Val Epoch 1176: average Loss: 0.004040
2026-04-20 22:14: *********************************Current best model saved!
2026-04-20 22:14: Train Epoch 1177: 0/37 Loss: 0.051842
2026-04-20 22:14: Train Epoch 1177: 20/37 Loss: 0.022386
2026-04-20 22:14: **********Train Epoch 1177: averaged Loss: 0.019527
2026-04-20 22:14: **********Val Epoch 1177: average Loss: 0.014205
2026-04-20 22:14: Train Epoch 1178: 0/37 Loss: 0.023253
2026-04-20 22:14: Train Epoch 1178: 20/37 Loss: 0.008159
2026-04-20 22:14: **********Train Epoch 1178: averaged Loss: 0.013828
2026-04-20 22:14: **********Val Epoch 1178: average Loss: 0.024499
2026-04-20 22:14: Train Epoch 1179: 0/37 Loss: 0.008654
2026-04-20 22:14: Train Epoch 1179: 20/37 Loss: 0.006537
2026-04-20 22:14: **********Train Epoch 1179: averaged Loss: 0.009859
2026-04-20 22:14: **********Val Epoch 1179: average Loss: 0.013231
2026-04-20 22:14: Train Epoch 1180: 0/37 Loss: 0.025748
2026-04-20 22:14: Train Epoch 1180: 20/37 Loss: 0.004901
2026-04-20 22:14: **********Train Epoch 1180: averaged Loss: 0.010627
2026-04-20 22:14: **********Val Epoch 1180: average Loss: 0.015428
2026-04-20 22:14: Train Epoch 1181: 0/37 Loss: 0.005911
2026-04-20 22:14: Train Epoch 1181: 20/37 Loss: 0.005026
2026-04-20 22:14: **********Train Epoch 1181: averaged Loss: 0.007027
2026-04-20 22:14: **********Val Epoch 1181: average Loss: 0.008535
2026-04-20 22:14: Train Epoch 1182: 0/37 Loss: 0.028384
2026-04-20 22:14: Train Epoch 1182: 20/37 Loss: 0.007241
2026-04-20 22:14: **********Train Epoch 1182: averaged Loss: 0.012980
2026-04-20 22:14: **********Val Epoch 1182: average Loss: 0.019779
2026-04-20 22:14: Train Epoch 1183: 0/37 Loss: 0.027098
2026-04-20 22:14: Train Epoch 1183: 20/37 Loss: 0.018611
2026-04-20 22:14: **********Train Epoch 1183: averaged Loss: 0.012483
2026-04-20 22:14: **********Val Epoch 1183: average Loss: 0.008874
2026-04-20 22:14: Train Epoch 1184: 0/37 Loss: 0.006980
2026-04-20 22:14: Train Epoch 1184: 20/37 Loss: 0.006088
2026-04-20 22:14: **********Train Epoch 1184: averaged Loss: 0.008688
2026-04-20 22:14: **********Val Epoch 1184: average Loss: 0.019690
2026-04-20 22:14: Train Epoch 1185: 0/37 Loss: 0.035833
2026-04-20 22:14: Train Epoch 1185: 20/37 Loss: 0.028413
2026-04-20 22:14: **********Train Epoch 1185: averaged Loss: 0.015087
2026-04-20 22:14: **********Val Epoch 1185: average Loss: 0.017229
2026-04-20 22:14: Train Epoch 1186: 0/37 Loss: 0.007105
2026-04-20 22:14: Train Epoch 1186: 20/37 Loss: 0.006202
2026-04-20 22:14: **********Train Epoch 1186: averaged Loss: 0.009331
2026-04-20 22:14: **********Val Epoch 1186: average Loss: 0.010503
2026-04-20 22:14: Train Epoch 1187: 0/37 Loss: 0.011279
2026-04-20 22:14: Train Epoch 1187: 20/37 Loss: 0.012187
2026-04-20 22:14: **********Train Epoch 1187: averaged Loss: 0.009014
2026-04-20 22:14: **********Val Epoch 1187: average Loss: 0.008986
2026-04-20 22:14: Train Epoch 1188: 0/37 Loss: 0.004412
2026-04-20 22:14: Train Epoch 1188: 20/37 Loss: 0.005216
2026-04-20 22:14: **********Train Epoch 1188: averaged Loss: 0.009020
2026-04-20 22:14: **********Val Epoch 1188: average Loss: 0.005709
2026-04-20 22:14: Train Epoch 1189: 0/37 Loss: 0.028245
2026-04-20 22:14: Train Epoch 1189: 20/37 Loss: 0.013386
2026-04-20 22:14: **********Train Epoch 1189: averaged Loss: 0.013930
2026-04-20 22:14: **********Val Epoch 1189: average Loss: 0.019883
2026-04-20 22:14: Train Epoch 1190: 0/37 Loss: 0.062989
2026-04-20 22:15: Train Epoch 1190: 20/37 Loss: 0.013510
2026-04-20 22:15: **********Train Epoch 1190: averaged Loss: 0.018788
2026-04-20 22:15: **********Val Epoch 1190: average Loss: 0.007053
2026-04-20 22:15: Train Epoch 1191: 0/37 Loss: 0.004146
2026-04-20 22:15: Train Epoch 1191: 20/37 Loss: 0.006656
2026-04-20 22:15: **********Train Epoch 1191: averaged Loss: 0.007203
2026-04-20 22:15: **********Val Epoch 1191: average Loss: 0.006055
2026-04-20 22:15: Train Epoch 1192: 0/37 Loss: 0.037115
2026-04-20 22:15: Train Epoch 1192: 20/37 Loss: 0.006237
2026-04-20 22:15: **********Train Epoch 1192: averaged Loss: 0.009781
2026-04-20 22:15: **********Val Epoch 1192: average Loss: 0.005021
2026-04-20 22:15: Train Epoch 1193: 0/37 Loss: 0.026833
2026-04-20 22:15: Train Epoch 1193: 20/37 Loss: 0.005100
2026-04-20 22:15: **********Train Epoch 1193: averaged Loss: 0.009069
2026-04-20 22:15: **********Val Epoch 1193: average Loss: 0.011589
2026-04-20 22:15: Train Epoch 1194: 0/37 Loss: 0.014041
2026-04-20 22:15: Train Epoch 1194: 20/37 Loss: 0.010333
2026-04-20 22:15: **********Train Epoch 1194: averaged Loss: 0.009738
2026-04-20 22:15: **********Val Epoch 1194: average Loss: 0.020129
2026-04-20 22:15: Train Epoch 1195: 0/37 Loss: 0.002976
2026-04-20 22:15: Train Epoch 1195: 20/37 Loss: 0.004692
2026-04-20 22:15: **********Train Epoch 1195: averaged Loss: 0.007003
2026-04-20 22:15: **********Val Epoch 1195: average Loss: 0.005202
2026-04-20 22:15: Train Epoch 1196: 0/37 Loss: 0.006488
2026-04-20 22:15: Train Epoch 1196: 20/37 Loss: 0.005742
2026-04-20 22:15: **********Train Epoch 1196: averaged Loss: 0.010492
2026-04-20 22:15: **********Val Epoch 1196: average Loss: 0.036474
2026-04-20 22:15: Train Epoch 1197: 0/37 Loss: 0.015530
2026-04-20 22:15: Train Epoch 1197: 20/37 Loss: 0.006300
2026-04-20 22:15: **********Train Epoch 1197: averaged Loss: 0.007434
2026-04-20 22:15: **********Val Epoch 1197: average Loss: 0.006678
2026-04-20 22:15: Train Epoch 1198: 0/37 Loss: 0.043502
2026-04-20 22:15: Train Epoch 1198: 20/37 Loss: 0.008321
2026-04-20 22:15: **********Train Epoch 1198: averaged Loss: 0.014008
2026-04-20 22:15: **********Val Epoch 1198: average Loss: 0.007636
2026-04-20 22:15: Train Epoch 1199: 0/37 Loss: 0.036409
2026-04-20 22:15: Train Epoch 1199: 20/37 Loss: 0.007892
2026-04-20 22:15: **********Train Epoch 1199: averaged Loss: 0.013710
2026-04-20 22:15: **********Val Epoch 1199: average Loss: 0.025119
2026-04-20 22:15: Train Epoch 1200: 0/37 Loss: 0.013167
2026-04-20 22:15: Train Epoch 1200: 20/37 Loss: 0.005679
2026-04-20 22:15: **********Train Epoch 1200: averaged Loss: 0.007638
2026-04-20 22:15: **********Val Epoch 1200: average Loss: 0.005209
2026-04-20 22:15: Train Epoch 1201: 0/37 Loss: 0.015623
2026-04-20 22:15: Train Epoch 1201: 20/37 Loss: 0.010446
2026-04-20 22:15: **********Train Epoch 1201: averaged Loss: 0.007483
2026-04-20 22:15: **********Val Epoch 1201: average Loss: 0.006972
2026-04-20 22:15: Train Epoch 1202: 0/37 Loss: 0.022879
2026-04-20 22:15: Train Epoch 1202: 20/37 Loss: 0.007252
2026-04-20 22:15: **********Train Epoch 1202: averaged Loss: 0.009425
2026-04-20 22:15: **********Val Epoch 1202: average Loss: 0.005015
2026-04-20 22:15: Train Epoch 1203: 0/37 Loss: 0.005475
2026-04-20 22:15: Train Epoch 1203: 20/37 Loss: 0.006012
2026-04-20 22:15: **********Train Epoch 1203: averaged Loss: 0.010461
2026-04-20 22:15: **********Val Epoch 1203: average Loss: 0.040124
2026-04-20 22:15: Train Epoch 1204: 0/37 Loss: 0.024675
2026-04-20 22:15: Train Epoch 1204: 20/37 Loss: 0.029716
2026-04-20 22:15: **********Train Epoch 1204: averaged Loss: 0.013835
2026-04-20 22:15: **********Val Epoch 1204: average Loss: 0.011948
2026-04-20 22:15: Train Epoch 1205: 0/37 Loss: 0.032275
2026-04-20 22:15: Train Epoch 1205: 20/37 Loss: 0.004995
2026-04-20 22:15: **********Train Epoch 1205: averaged Loss: 0.009757
2026-04-20 22:15: **********Val Epoch 1205: average Loss: 0.007207
2026-04-20 22:15: Train Epoch 1206: 0/37 Loss: 0.010032
2026-04-20 22:15: Train Epoch 1206: 20/37 Loss: 0.004880
2026-04-20 22:15: **********Train Epoch 1206: averaged Loss: 0.006369
2026-04-20 22:15: **********Val Epoch 1206: average Loss: 0.005397
2026-04-20 22:15: Train Epoch 1207: 0/37 Loss: 0.015254
2026-04-20 22:15: Train Epoch 1207: 20/37 Loss: 0.009258
2026-04-20 22:15: **********Train Epoch 1207: averaged Loss: 0.006502
2026-04-20 22:15: **********Val Epoch 1207: average Loss: 0.006230
2026-04-20 22:15: Train Epoch 1208: 0/37 Loss: 0.019414
2026-04-20 22:15: Train Epoch 1208: 20/37 Loss: 0.011448
2026-04-20 22:15: **********Train Epoch 1208: averaged Loss: 0.009472
2026-04-20 22:15: **********Val Epoch 1208: average Loss: 0.004940
2026-04-20 22:15: Train Epoch 1209: 0/37 Loss: 0.004351
2026-04-20 22:15: Train Epoch 1209: 20/37 Loss: 0.009497
2026-04-20 22:15: **********Train Epoch 1209: averaged Loss: 0.006023
2026-04-20 22:15: **********Val Epoch 1209: average Loss: 0.007575
2026-04-20 22:15: Train Epoch 1210: 0/37 Loss: 0.018221
2026-04-20 22:15: Train Epoch 1210: 20/37 Loss: 0.006453
2026-04-20 22:15: **********Train Epoch 1210: averaged Loss: 0.008627
2026-04-20 22:15: **********Val Epoch 1210: average Loss: 0.005231
2026-04-20 22:15: Train Epoch 1211: 0/37 Loss: 0.011528
2026-04-20 22:15: Train Epoch 1211: 20/37 Loss: 0.005842
2026-04-20 22:15: **********Train Epoch 1211: averaged Loss: 0.007456
2026-04-20 22:15: **********Val Epoch 1211: average Loss: 0.007823
2026-04-20 22:15: Train Epoch 1212: 0/37 Loss: 0.007000
2026-04-20 22:15: Train Epoch 1212: 20/37 Loss: 0.006748
2026-04-20 22:15: **********Train Epoch 1212: averaged Loss: 0.006520
2026-04-20 22:15: **********Val Epoch 1212: average Loss: 0.006400
2026-04-20 22:15: Train Epoch 1213: 0/37 Loss: 0.014479
2026-04-20 22:15: Train Epoch 1213: 20/37 Loss: 0.004872
2026-04-20 22:15: **********Train Epoch 1213: averaged Loss: 0.008662
2026-04-20 22:15: **********Val Epoch 1213: average Loss: 0.008596
2026-04-20 22:15: Train Epoch 1214: 0/37 Loss: 0.011387
2026-04-20 22:15: Train Epoch 1214: 20/37 Loss: 0.005751
2026-04-20 22:15: **********Train Epoch 1214: averaged Loss: 0.006814
2026-04-20 22:15: **********Val Epoch 1214: average Loss: 0.006338
2026-04-20 22:15: Train Epoch 1215: 0/37 Loss: 0.022914
2026-04-20 22:15: Train Epoch 1215: 20/37 Loss: 0.005028
2026-04-20 22:15: **********Train Epoch 1215: averaged Loss: 0.010294
2026-04-20 22:15: **********Val Epoch 1215: average Loss: 0.013707
2026-04-20 22:15: Train Epoch 1216: 0/37 Loss: 0.004036
2026-04-20 22:15: Train Epoch 1216: 20/37 Loss: 0.004809
2026-04-20 22:15: **********Train Epoch 1216: averaged Loss: 0.005947
2026-04-20 22:15: **********Val Epoch 1216: average Loss: 0.008401
2026-04-20 22:15: Train Epoch 1217: 0/37 Loss: 0.035132
2026-04-20 22:15: Train Epoch 1217: 20/37 Loss: 0.008753
2026-04-20 22:15: **********Train Epoch 1217: averaged Loss: 0.015461
2026-04-20 22:15: **********Val Epoch 1217: average Loss: 0.015009
2026-04-20 22:15: Train Epoch 1218: 0/37 Loss: 0.010165
2026-04-20 22:15: Train Epoch 1218: 20/37 Loss: 0.005050
2026-04-20 22:16: **********Train Epoch 1218: averaged Loss: 0.009010
2026-04-20 22:16: **********Val Epoch 1218: average Loss: 0.006093
2026-04-20 22:16: Train Epoch 1219: 0/37 Loss: 0.015627
2026-04-20 22:16: Train Epoch 1219: 20/37 Loss: 0.004742
2026-04-20 22:16: **********Train Epoch 1219: averaged Loss: 0.012199
2026-04-20 22:16: **********Val Epoch 1219: average Loss: 0.010087
2026-04-20 22:16: Train Epoch 1220: 0/37 Loss: 0.053974
2026-04-20 22:16: Train Epoch 1220: 20/37 Loss: 0.016776
2026-04-20 22:16: **********Train Epoch 1220: averaged Loss: 0.016924
2026-04-20 22:16: **********Val Epoch 1220: average Loss: 0.017361
2026-04-20 22:16: Train Epoch 1221: 0/37 Loss: 0.041742
2026-04-20 22:16: Train Epoch 1221: 20/37 Loss: 0.020347
2026-04-20 22:16: **********Train Epoch 1221: averaged Loss: 0.013235
2026-04-20 22:16: **********Val Epoch 1221: average Loss: 0.007382
2026-04-20 22:16: Train Epoch 1222: 0/37 Loss: 0.004038
2026-04-20 22:16: Train Epoch 1222: 20/37 Loss: 0.004907
2026-04-20 22:16: **********Train Epoch 1222: averaged Loss: 0.009665
2026-04-20 22:16: **********Val Epoch 1222: average Loss: 0.015258
2026-04-20 22:16: Train Epoch 1223: 0/37 Loss: 0.048371
2026-04-20 22:16: Train Epoch 1223: 20/37 Loss: 0.016801
2026-04-20 22:16: **********Train Epoch 1223: averaged Loss: 0.012947
2026-04-20 22:16: **********Val Epoch 1223: average Loss: 0.007587
2026-04-20 22:16: Train Epoch 1224: 0/37 Loss: 0.023864
2026-04-20 22:16: Train Epoch 1224: 20/37 Loss: 0.005986
2026-04-20 22:16: **********Train Epoch 1224: averaged Loss: 0.008653
2026-04-20 22:16: **********Val Epoch 1224: average Loss: 0.006740
2026-04-20 22:16: Train Epoch 1225: 0/37 Loss: 0.006952
2026-04-20 22:16: Train Epoch 1225: 20/37 Loss: 0.006108
2026-04-20 22:16: **********Train Epoch 1225: averaged Loss: 0.009148
2026-04-20 22:16: **********Val Epoch 1225: average Loss: 0.011643
2026-04-20 22:16: Train Epoch 1226: 0/37 Loss: 0.035913
2026-04-20 22:16: Train Epoch 1226: 20/37 Loss: 0.013776
2026-04-20 22:16: **********Train Epoch 1226: averaged Loss: 0.011430
2026-04-20 22:16: **********Val Epoch 1226: average Loss: 0.010961
2026-04-20 22:16: Train Epoch 1227: 0/37 Loss: 0.038022
2026-04-20 22:16: Train Epoch 1227: 20/37 Loss: 0.007837
2026-04-20 22:16: **********Train Epoch 1227: averaged Loss: 0.010103
2026-04-20 22:16: **********Val Epoch 1227: average Loss: 0.007030
2026-04-20 22:16: Train Epoch 1228: 0/37 Loss: 0.015038
2026-04-20 22:16: Train Epoch 1228: 20/37 Loss: 0.005519
2026-04-20 22:16: **********Train Epoch 1228: averaged Loss: 0.008591
2026-04-20 22:16: **********Val Epoch 1228: average Loss: 0.013173
2026-04-20 22:16: Train Epoch 1229: 0/37 Loss: 0.021955
2026-04-20 22:16: Train Epoch 1229: 20/37 Loss: 0.011183
2026-04-20 22:16: **********Train Epoch 1229: averaged Loss: 0.008627
2026-04-20 22:16: **********Val Epoch 1229: average Loss: 0.008292
2026-04-20 22:16: Train Epoch 1230: 0/37 Loss: 0.010150
2026-04-20 22:16: Train Epoch 1230: 20/37 Loss: 0.010527
2026-04-20 22:16: **********Train Epoch 1230: averaged Loss: 0.007547
2026-04-20 22:16: **********Val Epoch 1230: average Loss: 0.005759
2026-04-20 22:16: Train Epoch 1231: 0/37 Loss: 0.011291
2026-04-20 22:16: Train Epoch 1231: 20/37 Loss: 0.004639
2026-04-20 22:16: **********Train Epoch 1231: averaged Loss: 0.008051
2026-04-20 22:16: **********Val Epoch 1231: average Loss: 0.010585
2026-04-20 22:16: Train Epoch 1232: 0/37 Loss: 0.022860
2026-04-20 22:16: Train Epoch 1232: 20/37 Loss: 0.007996
2026-04-20 22:16: **********Train Epoch 1232: averaged Loss: 0.008660
2026-04-20 22:16: **********Val Epoch 1232: average Loss: 0.007555
2026-04-20 22:16: Train Epoch 1233: 0/37 Loss: 0.011095
2026-04-20 22:16: Train Epoch 1233: 20/37 Loss: 0.011280
2026-04-20 22:16: **********Train Epoch 1233: averaged Loss: 0.007067
2026-04-20 22:16: **********Val Epoch 1233: average Loss: 0.009009
2026-04-20 22:16: Train Epoch 1234: 0/37 Loss: 0.003097
2026-04-20 22:16: Train Epoch 1234: 20/37 Loss: 0.005694
2026-04-20 22:16: **********Train Epoch 1234: averaged Loss: 0.007889
2026-04-20 22:16: **********Val Epoch 1234: average Loss: 0.013077
2026-04-20 22:16: Train Epoch 1235: 0/37 Loss: 0.014552
2026-04-20 22:16: Train Epoch 1235: 20/37 Loss: 0.005461
2026-04-20 22:16: **********Train Epoch 1235: averaged Loss: 0.007122
2026-04-20 22:16: **********Val Epoch 1235: average Loss: 0.007269
2026-04-20 22:16: Train Epoch 1236: 0/37 Loss: 0.011812
2026-04-20 22:16: Train Epoch 1236: 20/37 Loss: 0.012388
2026-04-20 22:16: **********Train Epoch 1236: averaged Loss: 0.008518
2026-04-20 22:16: **********Val Epoch 1236: average Loss: 0.018582
2026-04-20 22:16: Train Epoch 1237: 0/37 Loss: 0.005926
2026-04-20 22:16: Train Epoch 1237: 20/37 Loss: 0.005214
2026-04-20 22:16: **********Train Epoch 1237: averaged Loss: 0.006805
2026-04-20 22:16: **********Val Epoch 1237: average Loss: 0.005944
2026-04-20 22:16: Train Epoch 1238: 0/37 Loss: 0.005352
2026-04-20 22:16: Train Epoch 1238: 20/37 Loss: 0.007451
2026-04-20 22:16: **********Train Epoch 1238: averaged Loss: 0.007579
2026-04-20 22:16: **********Val Epoch 1238: average Loss: 0.009246
2026-04-20 22:16: Train Epoch 1239: 0/37 Loss: 0.003876
2026-04-20 22:16: Train Epoch 1239: 20/37 Loss: 0.005465
2026-04-20 22:16: **********Train Epoch 1239: averaged Loss: 0.009912
2026-04-20 22:16: **********Val Epoch 1239: average Loss: 0.020013
2026-04-20 22:16: Train Epoch 1240: 0/37 Loss: 0.002780
2026-04-20 22:16: Train Epoch 1240: 20/37 Loss: 0.005286
2026-04-20 22:16: **********Train Epoch 1240: averaged Loss: 0.007761
2026-04-20 22:16: **********Val Epoch 1240: average Loss: 0.009156
2026-04-20 22:16: Train Epoch 1241: 0/37 Loss: 0.015244
2026-04-20 22:16: Train Epoch 1241: 20/37 Loss: 0.007475
2026-04-20 22:16: **********Train Epoch 1241: averaged Loss: 0.013481
2026-04-20 22:16: **********Val Epoch 1241: average Loss: 0.043130
2026-04-20 22:16: Train Epoch 1242: 0/37 Loss: 0.009899
2026-04-20 22:16: Train Epoch 1242: 20/37 Loss: 0.013273
2026-04-20 22:16: **********Train Epoch 1242: averaged Loss: 0.010997
2026-04-20 22:16: **********Val Epoch 1242: average Loss: 0.007908
2026-04-20 22:16: Train Epoch 1243: 0/37 Loss: 0.073729
2026-04-20 22:16: Train Epoch 1243: 20/37 Loss: 0.017019
2026-04-20 22:16: **********Train Epoch 1243: averaged Loss: 0.023789
2026-04-20 22:16: **********Val Epoch 1243: average Loss: 0.020865
2026-04-20 22:16: Train Epoch 1244: 0/37 Loss: 0.036357
2026-04-20 22:16: Train Epoch 1244: 20/37 Loss: 0.006476
2026-04-20 22:16: **********Train Epoch 1244: averaged Loss: 0.013538
2026-04-20 22:16: **********Val Epoch 1244: average Loss: 0.024540
2026-04-20 22:16: Train Epoch 1245: 0/37 Loss: 0.021377
2026-04-20 22:16: Train Epoch 1245: 20/37 Loss: 0.005918
2026-04-20 22:16: **********Train Epoch 1245: averaged Loss: 0.008176
2026-04-20 22:16: **********Val Epoch 1245: average Loss: 0.004674
2026-04-20 22:16: Train Epoch 1246: 0/37 Loss: 0.019338
2026-04-20 22:16: Train Epoch 1246: 20/37 Loss: 0.007895
2026-04-20 22:16: **********Train Epoch 1246: averaged Loss: 0.008940
2026-04-20 22:16: **********Val Epoch 1246: average Loss: 0.008361
2026-04-20 22:16: Train Epoch 1247: 0/37 Loss: 0.017651
2026-04-20 22:17: Train Epoch 1247: 20/37 Loss: 0.005800
2026-04-20 22:17: **********Train Epoch 1247: averaged Loss: 0.010761
2026-04-20 22:17: **********Val Epoch 1247: average Loss: 0.034532
2026-04-20 22:17: Train Epoch 1248: 0/37 Loss: 0.009121
2026-04-20 22:17: Train Epoch 1248: 20/37 Loss: 0.015970
2026-04-20 22:17: **********Train Epoch 1248: averaged Loss: 0.008401
2026-04-20 22:17: **********Val Epoch 1248: average Loss: 0.005261
2026-04-20 22:17: Train Epoch 1249: 0/37 Loss: 0.042071
2026-04-20 22:17: Train Epoch 1249: 20/37 Loss: 0.005324
2026-04-20 22:17: **********Train Epoch 1249: averaged Loss: 0.012426
2026-04-20 22:17: **********Val Epoch 1249: average Loss: 0.005533
2026-04-20 22:17: Train Epoch 1250: 0/37 Loss: 0.012265
2026-04-20 22:17: Train Epoch 1250: 20/37 Loss: 0.004667
2026-04-20 22:17: **********Train Epoch 1250: averaged Loss: 0.009595
2026-04-20 22:17: **********Val Epoch 1250: average Loss: 0.022869
2026-04-20 22:17: Train Epoch 1251: 0/37 Loss: 0.044285
2026-04-20 22:17: Train Epoch 1251: 20/37 Loss: 0.012031
2026-04-20 22:17: **********Train Epoch 1251: averaged Loss: 0.012750
2026-04-20 22:17: **********Val Epoch 1251: average Loss: 0.007165
2026-04-20 22:17: Train Epoch 1252: 0/37 Loss: 0.003930
2026-04-20 22:17: Train Epoch 1252: 20/37 Loss: 0.005260
2026-04-20 22:17: **********Train Epoch 1252: averaged Loss: 0.006060
2026-04-20 22:17: **********Val Epoch 1252: average Loss: 0.007558
2026-04-20 22:17: Train Epoch 1253: 0/37 Loss: 0.002542
2026-04-20 22:17: Train Epoch 1253: 20/37 Loss: 0.004841
2026-04-20 22:17: **********Train Epoch 1253: averaged Loss: 0.007338
2026-04-20 22:17: **********Val Epoch 1253: average Loss: 0.021251
2026-04-20 22:17: Train Epoch 1254: 0/37 Loss: 0.023472
2026-04-20 22:17: Train Epoch 1254: 20/37 Loss: 0.009853
2026-04-20 22:17: **********Train Epoch 1254: averaged Loss: 0.009318
2026-04-20 22:17: **********Val Epoch 1254: average Loss: 0.006116
2026-04-20 22:17: Train Epoch 1255: 0/37 Loss: 0.022814
2026-04-20 22:17: Train Epoch 1255: 20/37 Loss: 0.006566
2026-04-20 22:17: **********Train Epoch 1255: averaged Loss: 0.007900
2026-04-20 22:17: **********Val Epoch 1255: average Loss: 0.004705
2026-04-20 22:17: Train Epoch 1256: 0/37 Loss: 0.005819
2026-04-20 22:17: Train Epoch 1256: 20/37 Loss: 0.004894
2026-04-20 22:17: **********Train Epoch 1256: averaged Loss: 0.008441
2026-04-20 22:17: **********Val Epoch 1256: average Loss: 0.032103
2026-04-20 22:17: Train Epoch 1257: 0/37 Loss: 0.022131
2026-04-20 22:17: Train Epoch 1257: 20/37 Loss: 0.010272
2026-04-20 22:17: **********Train Epoch 1257: averaged Loss: 0.008959
2026-04-20 22:17: **********Val Epoch 1257: average Loss: 0.005566
2026-04-20 22:17: Train Epoch 1258: 0/37 Loss: 0.033880
2026-04-20 22:17: Train Epoch 1258: 20/37 Loss: 0.004786
2026-04-20 22:17: **********Train Epoch 1258: averaged Loss: 0.010323
2026-04-20 22:17: **********Val Epoch 1258: average Loss: 0.005940
2026-04-20 22:17: Train Epoch 1259: 0/37 Loss: 0.024147
2026-04-20 22:17: Train Epoch 1259: 20/37 Loss: 0.010980
2026-04-20 22:17: **********Train Epoch 1259: averaged Loss: 0.012390
2026-04-20 22:17: **********Val Epoch 1259: average Loss: 0.020965
2026-04-20 22:17: Train Epoch 1260: 0/37 Loss: 0.015876
2026-04-20 22:17: Train Epoch 1260: 20/37 Loss: 0.007258
2026-04-20 22:17: **********Train Epoch 1260: averaged Loss: 0.008874
2026-04-20 22:17: **********Val Epoch 1260: average Loss: 0.009226
2026-04-20 22:17: Train Epoch 1261: 0/37 Loss: 0.017689
2026-04-20 22:17: Train Epoch 1261: 20/37 Loss: 0.008391
2026-04-20 22:17: **********Train Epoch 1261: averaged Loss: 0.007193
2026-04-20 22:17: **********Val Epoch 1261: average Loss: 0.006235
2026-04-20 22:17: Train Epoch 1262: 0/37 Loss: 0.009231
2026-04-20 22:17: Train Epoch 1262: 20/37 Loss: 0.004601
2026-04-20 22:17: **********Train Epoch 1262: averaged Loss: 0.006420
2026-04-20 22:17: **********Val Epoch 1262: average Loss: 0.013275
2026-04-20 22:17: Train Epoch 1263: 0/37 Loss: 0.008346
2026-04-20 22:17: Train Epoch 1263: 20/37 Loss: 0.004949
2026-04-20 22:17: **********Train Epoch 1263: averaged Loss: 0.006492
2026-04-20 22:17: **********Val Epoch 1263: average Loss: 0.017338
2026-04-20 22:17: Train Epoch 1264: 0/37 Loss: 0.002372
2026-04-20 22:17: Train Epoch 1264: 20/37 Loss: 0.004948
2026-04-20 22:17: **********Train Epoch 1264: averaged Loss: 0.004976
2026-04-20 22:17: **********Val Epoch 1264: average Loss: 0.005806
2026-04-20 22:17: Train Epoch 1265: 0/37 Loss: 0.014250
2026-04-20 22:17: Train Epoch 1265: 20/37 Loss: 0.006919
2026-04-20 22:17: **********Train Epoch 1265: averaged Loss: 0.006626
2026-04-20 22:17: **********Val Epoch 1265: average Loss: 0.004852
2026-04-20 22:17: Train Epoch 1266: 0/37 Loss: 0.010900
2026-04-20 22:17: Train Epoch 1266: 20/37 Loss: 0.006863
2026-04-20 22:17: **********Train Epoch 1266: averaged Loss: 0.006003
2026-04-20 22:17: **********Val Epoch 1266: average Loss: 0.008006
2026-04-20 22:17: Train Epoch 1267: 0/37 Loss: 0.002154
2026-04-20 22:17: Train Epoch 1267: 20/37 Loss: 0.004769
2026-04-20 22:17: **********Train Epoch 1267: averaged Loss: 0.005376
2026-04-20 22:17: **********Val Epoch 1267: average Loss: 0.005416
2026-04-20 22:17: Train Epoch 1268: 0/37 Loss: 0.019949
2026-04-20 22:17: Train Epoch 1268: 20/37 Loss: 0.007462
2026-04-20 22:17: **********Train Epoch 1268: averaged Loss: 0.009447
2026-04-20 22:17: **********Val Epoch 1268: average Loss: 0.022326
2026-04-20 22:17: Train Epoch 1269: 0/37 Loss: 0.002512
2026-04-20 22:17: Train Epoch 1269: 20/37 Loss: 0.004520
2026-04-20 22:17: **********Train Epoch 1269: averaged Loss: 0.005753
2026-04-20 22:17: **********Val Epoch 1269: average Loss: 0.005245
2026-04-20 22:17: Train Epoch 1270: 0/37 Loss: 0.019344
2026-04-20 22:17: Train Epoch 1270: 20/37 Loss: 0.008965
2026-04-20 22:17: **********Train Epoch 1270: averaged Loss: 0.008875
2026-04-20 22:17: **********Val Epoch 1270: average Loss: 0.005448
2026-04-20 22:17: Train Epoch 1271: 0/37 Loss: 0.032318
2026-04-20 22:17: Train Epoch 1271: 20/37 Loss: 0.004669
2026-04-20 22:17: **********Train Epoch 1271: averaged Loss: 0.010094
2026-04-20 22:17: **********Val Epoch 1271: average Loss: 0.006771
2026-04-20 22:17: Train Epoch 1272: 0/37 Loss: 0.024621
2026-04-20 22:17: Train Epoch 1272: 20/37 Loss: 0.006270
2026-04-20 22:17: **********Train Epoch 1272: averaged Loss: 0.009076
2026-04-20 22:17: **********Val Epoch 1272: average Loss: 0.012958
2026-04-20 22:17: Train Epoch 1273: 0/37 Loss: 0.002859
2026-04-20 22:17: Train Epoch 1273: 20/37 Loss: 0.004534
2026-04-20 22:17: **********Train Epoch 1273: averaged Loss: 0.006061
2026-04-20 22:17: **********Val Epoch 1273: average Loss: 0.007222
2026-04-20 22:17: Train Epoch 1274: 0/37 Loss: 0.028504
2026-04-20 22:17: Train Epoch 1274: 20/37 Loss: 0.014660
2026-04-20 22:17: **********Train Epoch 1274: averaged Loss: 0.012588
2026-04-20 22:17: **********Val Epoch 1274: average Loss: 0.008233
2026-04-20 22:17: Train Epoch 1275: 0/37 Loss: 0.018123
2026-04-20 22:17: Train Epoch 1275: 20/37 Loss: 0.007336
2026-04-20 22:18: **********Train Epoch 1275: averaged Loss: 0.009496
2026-04-20 22:18: **********Val Epoch 1275: average Loss: 0.011859
2026-04-20 22:18: Train Epoch 1276: 0/37 Loss: 0.036644
2026-04-20 22:18: Train Epoch 1276: 20/37 Loss: 0.004957
2026-04-20 22:18: **********Train Epoch 1276: averaged Loss: 0.012578
2026-04-20 22:18: **********Val Epoch 1276: average Loss: 0.015832
2026-04-20 22:18: Train Epoch 1277: 0/37 Loss: 0.002710
2026-04-20 22:18: Train Epoch 1277: 20/37 Loss: 0.010170
2026-04-20 22:18: **********Train Epoch 1277: averaged Loss: 0.009238
2026-04-20 22:18: **********Val Epoch 1277: average Loss: 0.011748
2026-04-20 22:18: Train Epoch 1278: 0/37 Loss: 0.016491
2026-04-20 22:18: Train Epoch 1278: 20/37 Loss: 0.005433
2026-04-20 22:18: **********Train Epoch 1278: averaged Loss: 0.009373
2026-04-20 22:18: **********Val Epoch 1278: average Loss: 0.016587
2026-04-20 22:18: Train Epoch 1279: 0/37 Loss: 0.013655
2026-04-20 22:18: Train Epoch 1279: 20/37 Loss: 0.009545
2026-04-20 22:18: **********Train Epoch 1279: averaged Loss: 0.008358
2026-04-20 22:18: **********Val Epoch 1279: average Loss: 0.008387
2026-04-20 22:18: Train Epoch 1280: 0/37 Loss: 0.043241
2026-04-20 22:18: Train Epoch 1280: 20/37 Loss: 0.007094
2026-04-20 22:18: **********Train Epoch 1280: averaged Loss: 0.016680
2026-04-20 22:18: **********Val Epoch 1280: average Loss: 0.017571
2026-04-20 22:18: Train Epoch 1281: 0/37 Loss: 0.026679
2026-04-20 22:18: Train Epoch 1281: 20/37 Loss: 0.028218
2026-04-20 22:18: **********Train Epoch 1281: averaged Loss: 0.015005
2026-04-20 22:18: **********Val Epoch 1281: average Loss: 0.015434
2026-04-20 22:18: Train Epoch 1282: 0/37 Loss: 0.021097
2026-04-20 22:18: Train Epoch 1282: 20/37 Loss: 0.007944
2026-04-20 22:18: **********Train Epoch 1282: averaged Loss: 0.008522
2026-04-20 22:18: **********Val Epoch 1282: average Loss: 0.009173
2026-04-20 22:18: Train Epoch 1283: 0/37 Loss: 0.012016
2026-04-20 22:18: Train Epoch 1283: 20/37 Loss: 0.004628
2026-04-20 22:18: **********Train Epoch 1283: averaged Loss: 0.009029
2026-04-20 22:18: **********Val Epoch 1283: average Loss: 0.008364
2026-04-20 22:18: Train Epoch 1284: 0/37 Loss: 0.035936
2026-04-20 22:18: Train Epoch 1284: 20/37 Loss: 0.015801
2026-04-20 22:18: **********Train Epoch 1284: averaged Loss: 0.013799
2026-04-20 22:18: **********Val Epoch 1284: average Loss: 0.010212
2026-04-20 22:18: Train Epoch 1285: 0/37 Loss: 0.029228
2026-04-20 22:18: Train Epoch 1285: 20/37 Loss: 0.007897
2026-04-20 22:18: **********Train Epoch 1285: averaged Loss: 0.009707
2026-04-20 22:18: **********Val Epoch 1285: average Loss: 0.009538
2026-04-20 22:18: Train Epoch 1286: 0/37 Loss: 0.020543
2026-04-20 22:18: Train Epoch 1286: 20/37 Loss: 0.005864
2026-04-20 22:18: **********Train Epoch 1286: averaged Loss: 0.009144
2026-04-20 22:18: **********Val Epoch 1286: average Loss: 0.012591
2026-04-20 22:18: Train Epoch 1287: 0/37 Loss: 0.021348
2026-04-20 22:18: Train Epoch 1287: 20/37 Loss: 0.008558
2026-04-20 22:18: **********Train Epoch 1287: averaged Loss: 0.008074
2026-04-20 22:18: **********Val Epoch 1287: average Loss: 0.013148
2026-04-20 22:18: Train Epoch 1288: 0/37 Loss: 0.033660
2026-04-20 22:18: Train Epoch 1288: 20/37 Loss: 0.004641
2026-04-20 22:18: **********Train Epoch 1288: averaged Loss: 0.011173
2026-04-20 22:18: **********Val Epoch 1288: average Loss: 0.009871
2026-04-20 22:18: Train Epoch 1289: 0/37 Loss: 0.013312
2026-04-20 22:18: Train Epoch 1289: 20/37 Loss: 0.005823
2026-04-20 22:18: **********Train Epoch 1289: averaged Loss: 0.007572
2026-04-20 22:18: **********Val Epoch 1289: average Loss: 0.006014
2026-04-20 22:18: Train Epoch 1290: 0/37 Loss: 0.003254
2026-04-20 22:18: Train Epoch 1290: 20/37 Loss: 0.008834
2026-04-20 22:18: **********Train Epoch 1290: averaged Loss: 0.006280
2026-04-20 22:18: **********Val Epoch 1290: average Loss: 0.006450
2026-04-20 22:18: Train Epoch 1291: 0/37 Loss: 0.024556
2026-04-20 22:18: Train Epoch 1291: 20/37 Loss: 0.004689
2026-04-20 22:18: **********Train Epoch 1291: averaged Loss: 0.009419
2026-04-20 22:18: **********Val Epoch 1291: average Loss: 0.009628
2026-04-20 22:18: Train Epoch 1292: 0/37 Loss: 0.017810
2026-04-20 22:18: Train Epoch 1292: 20/37 Loss: 0.004749
2026-04-20 22:18: **********Train Epoch 1292: averaged Loss: 0.007496
2026-04-20 22:18: **********Val Epoch 1292: average Loss: 0.007572
2026-04-20 22:18: Train Epoch 1293: 0/37 Loss: 0.017133
2026-04-20 22:18: Train Epoch 1293: 20/37 Loss: 0.007381
2026-04-20 22:18: **********Train Epoch 1293: averaged Loss: 0.010031
2026-04-20 22:18: **********Val Epoch 1293: average Loss: 0.016794
2026-04-20 22:18: Train Epoch 1294: 0/37 Loss: 0.020345
2026-04-20 22:18: Train Epoch 1294: 20/37 Loss: 0.015227
2026-04-20 22:18: **********Train Epoch 1294: averaged Loss: 0.009369
2026-04-20 22:18: **********Val Epoch 1294: average Loss: 0.011663
2026-04-20 22:18: Train Epoch 1295: 0/37 Loss: 0.034141
2026-04-20 22:18: Train Epoch 1295: 20/37 Loss: 0.006646
2026-04-20 22:18: **********Train Epoch 1295: averaged Loss: 0.011852
2026-04-20 22:18: **********Val Epoch 1295: average Loss: 0.008825
2026-04-20 22:18: Train Epoch 1296: 0/37 Loss: 0.006243
2026-04-20 22:18: Train Epoch 1296: 20/37 Loss: 0.007266
2026-04-20 22:18: **********Train Epoch 1296: averaged Loss: 0.005925
2026-04-20 22:18: **********Val Epoch 1296: average Loss: 0.006147
2026-04-20 22:18: Train Epoch 1297: 0/37 Loss: 0.031047
2026-04-20 22:18: Train Epoch 1297: 20/37 Loss: 0.007495
2026-04-20 22:18: **********Train Epoch 1297: averaged Loss: 0.011084
2026-04-20 22:18: **********Val Epoch 1297: average Loss: 0.007229
2026-04-20 22:18: Train Epoch 1298: 0/37 Loss: 0.035305
2026-04-20 22:18: Train Epoch 1298: 20/37 Loss: 0.006745
2026-04-20 22:18: **********Train Epoch 1298: averaged Loss: 0.013399
2026-04-20 22:18: **********Val Epoch 1298: average Loss: 0.015981
2026-04-20 22:18: Train Epoch 1299: 0/37 Loss: 0.017937
2026-04-20 22:18: Train Epoch 1299: 20/37 Loss: 0.004597
2026-04-20 22:18: **********Train Epoch 1299: averaged Loss: 0.007271
2026-04-20 22:18: **********Val Epoch 1299: average Loss: 0.009271
2026-04-20 22:18: Train Epoch 1300: 0/37 Loss: 0.034474
2026-04-20 22:18: Train Epoch 1300: 20/37 Loss: 0.005041
2026-04-20 22:18: **********Train Epoch 1300: averaged Loss: 0.010496
2026-04-20 22:18: **********Val Epoch 1300: average Loss: 0.006999
2026-04-20 22:18: Train Epoch 1301: 0/37 Loss: 0.019218
2026-04-20 22:18: Train Epoch 1301: 20/37 Loss: 0.007304
2026-04-20 22:18: **********Train Epoch 1301: averaged Loss: 0.008847
2026-04-20 22:18: **********Val Epoch 1301: average Loss: 0.023158
2026-04-20 22:18: Train Epoch 1302: 0/37 Loss: 0.007322
2026-04-20 22:18: Train Epoch 1302: 20/37 Loss: 0.004582
2026-04-20 22:18: **********Train Epoch 1302: averaged Loss: 0.005882
2026-04-20 22:18: **********Val Epoch 1302: average Loss: 0.005545
2026-04-20 22:18: Train Epoch 1303: 0/37 Loss: 0.018545
2026-04-20 22:18: Train Epoch 1303: 20/37 Loss: 0.006430
2026-04-20 22:18: **********Train Epoch 1303: averaged Loss: 0.009854
2026-04-20 22:18: **********Val Epoch 1303: average Loss: 0.010147
2026-04-20 22:18: Train Epoch 1304: 0/37 Loss: 0.020534
2026-04-20 22:19: Train Epoch 1304: 20/37 Loss: 0.004970
2026-04-20 22:19: **********Train Epoch 1304: averaged Loss: 0.011742
2026-04-20 22:19: **********Val Epoch 1304: average Loss: 0.042805
2026-04-20 22:19: Train Epoch 1305: 0/37 Loss: 0.009436
2026-04-20 22:19: Train Epoch 1305: 20/37 Loss: 0.010180
2026-04-20 22:19: **********Train Epoch 1305: averaged Loss: 0.007787
2026-04-20 22:19: **********Val Epoch 1305: average Loss: 0.009387
2026-04-20 22:19: Train Epoch 1306: 0/37 Loss: 0.039501
2026-04-20 22:19: Train Epoch 1306: 20/37 Loss: 0.006932
2026-04-20 22:19: **********Train Epoch 1306: averaged Loss: 0.015646
2026-04-20 22:19: **********Val Epoch 1306: average Loss: 0.016333
2026-04-20 22:19: Train Epoch 1307: 0/37 Loss: 0.025402
2026-04-20 22:19: Train Epoch 1307: 20/37 Loss: 0.004615
2026-04-20 22:19: **********Train Epoch 1307: averaged Loss: 0.009174
2026-04-20 22:19: **********Val Epoch 1307: average Loss: 0.015339
2026-04-20 22:19: Train Epoch 1308: 0/37 Loss: 0.008586
2026-04-20 22:19: Train Epoch 1308: 20/37 Loss: 0.004750
2026-04-20 22:19: **********Train Epoch 1308: averaged Loss: 0.006672
2026-04-20 22:19: **********Val Epoch 1308: average Loss: 0.006705
2026-04-20 22:19: Train Epoch 1309: 0/37 Loss: 0.002830
2026-04-20 22:19: Train Epoch 1309: 20/37 Loss: 0.005797
2026-04-20 22:19: **********Train Epoch 1309: averaged Loss: 0.006963
2026-04-20 22:19: **********Val Epoch 1309: average Loss: 0.023862
2026-04-20 22:19: Train Epoch 1310: 0/37 Loss: 0.003789
2026-04-20 22:19: Train Epoch 1310: 20/37 Loss: 0.009779
2026-04-20 22:19: **********Train Epoch 1310: averaged Loss: 0.008287
2026-04-20 22:19: **********Val Epoch 1310: average Loss: 0.005288
2026-04-20 22:19: Train Epoch 1311: 0/37 Loss: 0.028328
2026-04-20 22:19: Train Epoch 1311: 20/37 Loss: 0.005043
2026-04-20 22:19: **********Train Epoch 1311: averaged Loss: 0.013142
2026-04-20 22:19: **********Val Epoch 1311: average Loss: 0.031192
2026-04-20 22:19: Train Epoch 1312: 0/37 Loss: 0.008956
2026-04-20 22:19: Train Epoch 1312: 20/37 Loss: 0.019095
2026-04-20 22:19: **********Train Epoch 1312: averaged Loss: 0.009603
2026-04-20 22:19: **********Val Epoch 1312: average Loss: 0.012386
2026-04-20 22:19: Train Epoch 1313: 0/37 Loss: 0.020033
2026-04-20 22:19: Train Epoch 1313: 20/37 Loss: 0.004883
2026-04-20 22:19: **********Train Epoch 1313: averaged Loss: 0.010413
2026-04-20 22:19: **********Val Epoch 1313: average Loss: 0.007508
2026-04-20 22:19: Train Epoch 1314: 0/37 Loss: 0.050730
2026-04-20 22:19: Train Epoch 1314: 20/37 Loss: 0.010157
2026-04-20 22:19: **********Train Epoch 1314: averaged Loss: 0.016984
2026-04-20 22:19: **********Val Epoch 1314: average Loss: 0.034872
2026-04-20 22:19: Train Epoch 1315: 0/37 Loss: 0.031837
2026-04-20 22:19: Train Epoch 1315: 20/37 Loss: 0.026050
2026-04-20 22:19: **********Train Epoch 1315: averaged Loss: 0.014339
2026-04-20 22:19: **********Val Epoch 1315: average Loss: 0.021025
2026-04-20 22:19: Train Epoch 1316: 0/37 Loss: 0.022822
2026-04-20 22:19: Train Epoch 1316: 20/37 Loss: 0.007315
2026-04-20 22:19: **********Train Epoch 1316: averaged Loss: 0.008982
2026-04-20 22:19: **********Val Epoch 1316: average Loss: 0.005600
2026-04-20 22:19: Train Epoch 1317: 0/37 Loss: 0.002725
2026-04-20 22:19: Train Epoch 1317: 20/37 Loss: 0.008040
2026-04-20 22:19: **********Train Epoch 1317: averaged Loss: 0.005423
2026-04-20 22:19: **********Val Epoch 1317: average Loss: 0.009149
2026-04-20 22:19: Train Epoch 1318: 0/37 Loss: 0.004059
2026-04-20 22:19: Train Epoch 1318: 20/37 Loss: 0.010497
2026-04-20 22:19: **********Train Epoch 1318: averaged Loss: 0.005941
2026-04-20 22:19: **********Val Epoch 1318: average Loss: 0.008410
2026-04-20 22:19: Train Epoch 1319: 0/37 Loss: 0.034945
2026-04-20 22:19: Train Epoch 1319: 20/37 Loss: 0.008258
2026-04-20 22:19: **********Train Epoch 1319: averaged Loss: 0.010977
2026-04-20 22:19: **********Val Epoch 1319: average Loss: 0.005868
2026-04-20 22:19: Train Epoch 1320: 0/37 Loss: 0.034107
2026-04-20 22:19: Train Epoch 1320: 20/37 Loss: 0.006954
2026-04-20 22:19: **********Train Epoch 1320: averaged Loss: 0.010595
2026-04-20 22:19: **********Val Epoch 1320: average Loss: 0.006316
2026-04-20 22:19: Train Epoch 1321: 0/37 Loss: 0.003635
2026-04-20 22:19: Train Epoch 1321: 20/37 Loss: 0.007245
2026-04-20 22:19: **********Train Epoch 1321: averaged Loss: 0.005613
2026-04-20 22:19: **********Val Epoch 1321: average Loss: 0.009256
2026-04-20 22:19: Train Epoch 1322: 0/37 Loss: 0.016666
2026-04-20 22:19: Train Epoch 1322: 20/37 Loss: 0.007456
2026-04-20 22:19: **********Train Epoch 1322: averaged Loss: 0.008489
2026-04-20 22:19: **********Val Epoch 1322: average Loss: 0.008706
2026-04-20 22:19: Train Epoch 1323: 0/37 Loss: 0.023371
2026-04-20 22:19: Train Epoch 1323: 20/37 Loss: 0.005316
2026-04-20 22:19: **********Train Epoch 1323: averaged Loss: 0.011362
2026-04-20 22:19: **********Val Epoch 1323: average Loss: 0.012348
2026-04-20 22:19: Train Epoch 1324: 0/37 Loss: 0.016113
2026-04-20 22:19: Train Epoch 1324: 20/37 Loss: 0.025886
2026-04-20 22:19: **********Train Epoch 1324: averaged Loss: 0.013587
2026-04-20 22:19: **********Val Epoch 1324: average Loss: 0.006495
2026-04-20 22:19: Train Epoch 1325: 0/37 Loss: 0.057850
2026-04-20 22:19: Train Epoch 1325: 20/37 Loss: 0.009915
2026-04-20 22:19: **********Train Epoch 1325: averaged Loss: 0.020174
2026-04-20 22:19: **********Val Epoch 1325: average Loss: 0.022208
2026-04-20 22:19: Train Epoch 1326: 0/37 Loss: 0.015509
2026-04-20 22:19: Train Epoch 1326: 20/37 Loss: 0.013514
2026-04-20 22:19: **********Train Epoch 1326: averaged Loss: 0.011001
2026-04-20 22:19: **********Val Epoch 1326: average Loss: 0.019618
2026-04-20 22:19: Train Epoch 1327: 0/37 Loss: 0.035959
2026-04-20 22:19: Train Epoch 1327: 20/37 Loss: 0.005152
2026-04-20 22:19: **********Train Epoch 1327: averaged Loss: 0.012334
2026-04-20 22:19: **********Val Epoch 1327: average Loss: 0.008026
2026-04-20 22:19: Train Epoch 1328: 0/37 Loss: 0.016544
2026-04-20 22:19: Train Epoch 1328: 20/37 Loss: 0.005519
2026-04-20 22:19: **********Train Epoch 1328: averaged Loss: 0.009677
2026-04-20 22:19: **********Val Epoch 1328: average Loss: 0.013297
2026-04-20 22:19: Train Epoch 1329: 0/37 Loss: 0.025067
2026-04-20 22:19: Train Epoch 1329: 20/37 Loss: 0.011079
2026-04-20 22:19: **********Train Epoch 1329: averaged Loss: 0.011699
2026-04-20 22:19: **********Val Epoch 1329: average Loss: 0.012164
2026-04-20 22:19: Train Epoch 1330: 0/37 Loss: 0.002913
2026-04-20 22:19: Train Epoch 1330: 20/37 Loss: 0.005140
2026-04-20 22:19: **********Train Epoch 1330: averaged Loss: 0.007937
2026-04-20 22:19: **********Val Epoch 1330: average Loss: 0.011969
2026-04-20 22:19: Train Epoch 1331: 0/37 Loss: 0.011645
2026-04-20 22:19: Train Epoch 1331: 20/37 Loss: 0.014550
2026-04-20 22:19: **********Train Epoch 1331: averaged Loss: 0.012141
2026-04-20 22:19: **********Val Epoch 1331: average Loss: 0.017368
2026-04-20 22:19: Train Epoch 1332: 0/37 Loss: 0.009217
2026-04-20 22:19: Train Epoch 1332: 20/37 Loss: 0.015670
2026-04-20 22:20: **********Train Epoch 1332: averaged Loss: 0.011737
2026-04-20 22:20: **********Val Epoch 1332: average Loss: 0.014500
2026-04-20 22:20: Train Epoch 1333: 0/37 Loss: 0.004879
2026-04-20 22:20: Train Epoch 1333: 20/37 Loss: 0.007707
2026-04-20 22:20: **********Train Epoch 1333: averaged Loss: 0.009614
2026-04-20 22:20: **********Val Epoch 1333: average Loss: 0.010724
2026-04-20 22:20: Train Epoch 1334: 0/37 Loss: 0.022338
2026-04-20 22:20: Train Epoch 1334: 20/37 Loss: 0.013524
2026-04-20 22:20: **********Train Epoch 1334: averaged Loss: 0.011509
2026-04-20 22:20: **********Val Epoch 1334: average Loss: 0.015619
2026-04-20 22:20: Train Epoch 1335: 0/37 Loss: 0.025684
2026-04-20 22:20: Train Epoch 1335: 20/37 Loss: 0.025377
2026-04-20 22:20: **********Train Epoch 1335: averaged Loss: 0.014528
2026-04-20 22:20: **********Val Epoch 1335: average Loss: 0.018414
2026-04-20 22:20: Train Epoch 1336: 0/37 Loss: 0.020715
2026-04-20 22:20: Train Epoch 1336: 20/37 Loss: 0.016602
2026-04-20 22:20: **********Train Epoch 1336: averaged Loss: 0.010363
2026-04-20 22:20: **********Val Epoch 1336: average Loss: 0.023662
2026-04-20 22:20: Train Epoch 1337: 0/37 Loss: 0.009381
2026-04-20 22:20: Train Epoch 1337: 20/37 Loss: 0.005057
2026-04-20 22:20: **********Train Epoch 1337: averaged Loss: 0.008501
2026-04-20 22:20: **********Val Epoch 1337: average Loss: 0.004900
2026-04-20 22:20: Train Epoch 1338: 0/37 Loss: 0.030497
2026-04-20 22:20: Train Epoch 1338: 20/37 Loss: 0.010072
2026-04-20 22:20: **********Train Epoch 1338: averaged Loss: 0.010268
2026-04-20 22:20: **********Val Epoch 1338: average Loss: 0.006387
2026-04-20 22:20: Train Epoch 1339: 0/37 Loss: 0.045165
2026-04-20 22:20: Train Epoch 1339: 20/37 Loss: 0.010824
2026-04-20 22:20: **********Train Epoch 1339: averaged Loss: 0.015261
2026-04-20 22:20: **********Val Epoch 1339: average Loss: 0.005665
2026-04-20 22:20: Train Epoch 1340: 0/37 Loss: 0.022850
2026-04-20 22:20: Train Epoch 1340: 20/37 Loss: 0.005558
2026-04-20 22:20: **********Train Epoch 1340: averaged Loss: 0.010518
2026-04-20 22:20: **********Val Epoch 1340: average Loss: 0.029688
2026-04-20 22:20: Train Epoch 1341: 0/37 Loss: 0.004720
2026-04-20 22:20: Train Epoch 1341: 20/37 Loss: 0.021511
2026-04-20 22:20: **********Train Epoch 1341: averaged Loss: 0.009948
2026-04-20 22:20: **********Val Epoch 1341: average Loss: 0.006311
2026-04-20 22:20: Train Epoch 1342: 0/37 Loss: 0.060623
2026-04-20 22:20: Train Epoch 1342: 20/37 Loss: 0.008436
2026-04-20 22:20: **********Train Epoch 1342: averaged Loss: 0.017075
2026-04-20 22:20: **********Val Epoch 1342: average Loss: 0.008415
2026-04-20 22:20: Train Epoch 1343: 0/37 Loss: 0.027892
2026-04-20 22:20: Train Epoch 1343: 20/37 Loss: 0.004641
2026-04-20 22:20: **********Train Epoch 1343: averaged Loss: 0.012113
2026-04-20 22:20: **********Val Epoch 1343: average Loss: 0.041241
2026-04-20 22:20: Train Epoch 1344: 0/37 Loss: 0.003268
2026-04-20 22:20: Train Epoch 1344: 20/37 Loss: 0.009845
2026-04-20 22:20: **********Train Epoch 1344: averaged Loss: 0.006266
2026-04-20 22:20: **********Val Epoch 1344: average Loss: 0.005549
2026-04-20 22:20: Train Epoch 1345: 0/37 Loss: 0.026402
2026-04-20 22:20: Train Epoch 1345: 20/37 Loss: 0.008554
2026-04-20 22:20: **********Train Epoch 1345: averaged Loss: 0.009045
2026-04-20 22:20: **********Val Epoch 1345: average Loss: 0.007619
2026-04-20 22:20: Train Epoch 1346: 0/37 Loss: 0.011095
2026-04-20 22:20: Train Epoch 1346: 20/37 Loss: 0.005274
2026-04-20 22:20: **********Train Epoch 1346: averaged Loss: 0.010864
2026-04-20 22:20: **********Val Epoch 1346: average Loss: 0.039986
2026-04-20 22:20: Train Epoch 1347: 0/37 Loss: 0.025606
2026-04-20 22:20: Train Epoch 1347: 20/37 Loss: 0.013330
2026-04-20 22:20: **********Train Epoch 1347: averaged Loss: 0.010523
2026-04-20 22:20: **********Val Epoch 1347: average Loss: 0.005802
2026-04-20 22:20: Train Epoch 1348: 0/37 Loss: 0.027201
2026-04-20 22:20: Train Epoch 1348: 20/37 Loss: 0.005059
2026-04-20 22:20: **********Train Epoch 1348: averaged Loss: 0.010625
2026-04-20 22:20: **********Val Epoch 1348: average Loss: 0.022557
2026-04-20 22:20: Train Epoch 1349: 0/37 Loss: 0.008431
2026-04-20 22:20: Train Epoch 1349: 20/37 Loss: 0.005511
2026-04-20 22:20: **********Train Epoch 1349: averaged Loss: 0.006842
2026-04-20 22:20: **********Val Epoch 1349: average Loss: 0.005384
2026-04-20 22:20: Train Epoch 1350: 0/37 Loss: 0.007310
2026-04-20 22:20: Train Epoch 1350: 20/37 Loss: 0.008325
2026-04-20 22:20: **********Train Epoch 1350: averaged Loss: 0.005095
2026-04-20 22:20: **********Val Epoch 1350: average Loss: 0.005368
2026-04-20 22:20: Train Epoch 1351: 0/37 Loss: 0.006282
2026-04-20 22:20: Train Epoch 1351: 20/37 Loss: 0.006578
2026-04-20 22:20: **********Train Epoch 1351: averaged Loss: 0.004917
2026-04-20 22:20: **********Val Epoch 1351: average Loss: 0.006507
2026-04-20 22:20: Train Epoch 1352: 0/37 Loss: 0.004244
2026-04-20 22:20: Train Epoch 1352: 20/37 Loss: 0.004730
2026-04-20 22:20: **********Train Epoch 1352: averaged Loss: 0.007116
2026-04-20 22:20: **********Val Epoch 1352: average Loss: 0.023874
2026-04-20 22:20: Train Epoch 1353: 0/37 Loss: 0.015575
2026-04-20 22:20: Train Epoch 1353: 20/37 Loss: 0.004704
2026-04-20 22:20: **********Train Epoch 1353: averaged Loss: 0.007093
2026-04-20 22:20: **********Val Epoch 1353: average Loss: 0.004904
2026-04-20 22:20: Train Epoch 1354: 0/37 Loss: 0.016950
2026-04-20 22:20: Train Epoch 1354: 20/37 Loss: 0.008831
2026-04-20 22:20: **********Train Epoch 1354: averaged Loss: 0.007737
2026-04-20 22:20: **********Val Epoch 1354: average Loss: 0.007164
2026-04-20 22:20: Train Epoch 1355: 0/37 Loss: 0.013698
2026-04-20 22:20: Train Epoch 1355: 20/37 Loss: 0.008219
2026-04-20 22:20: **********Train Epoch 1355: averaged Loss: 0.006280
2026-04-20 22:20: **********Val Epoch 1355: average Loss: 0.005226
2026-04-20 22:20: Train Epoch 1356: 0/37 Loss: 0.010450
2026-04-20 22:20: Train Epoch 1356: 20/37 Loss: 0.006056
2026-04-20 22:20: **********Train Epoch 1356: averaged Loss: 0.006404
2026-04-20 22:20: **********Val Epoch 1356: average Loss: 0.006848
2026-04-20 22:20: Train Epoch 1357: 0/37 Loss: 0.016869
2026-04-20 22:20: Train Epoch 1357: 20/37 Loss: 0.008295
2026-04-20 22:20: **********Train Epoch 1357: averaged Loss: 0.007916
2026-04-20 22:20: **********Val Epoch 1357: average Loss: 0.011929
2026-04-20 22:20: Train Epoch 1358: 0/37 Loss: 0.010036
2026-04-20 22:20: Train Epoch 1358: 20/37 Loss: 0.004631
2026-04-20 22:20: **********Train Epoch 1358: averaged Loss: 0.008324
2026-04-20 22:20: **********Val Epoch 1358: average Loss: 0.015865
2026-04-20 22:20: Train Epoch 1359: 0/37 Loss: 0.014878
2026-04-20 22:20: Train Epoch 1359: 20/37 Loss: 0.005853
2026-04-20 22:20: **********Train Epoch 1359: averaged Loss: 0.008473
2026-04-20 22:20: **********Val Epoch 1359: average Loss: 0.006016
2026-04-20 22:20: Train Epoch 1360: 0/37 Loss: 0.024499
2026-04-20 22:20: Train Epoch 1360: 20/37 Loss: 0.004749
2026-04-20 22:20: **********Train Epoch 1360: averaged Loss: 0.011901
2026-04-20 22:20: **********Val Epoch 1360: average Loss: 0.012801
2026-04-20 22:20: Train Epoch 1361: 0/37 Loss: 0.018034
2026-04-20 22:21: Train Epoch 1361: 20/37 Loss: 0.024314
2026-04-20 22:21: **********Train Epoch 1361: averaged Loss: 0.013552
2026-04-20 22:21: **********Val Epoch 1361: average Loss: 0.011480
2026-04-20 22:21: Train Epoch 1362: 0/37 Loss: 0.053212
2026-04-20 22:21: Train Epoch 1362: 20/37 Loss: 0.005024
2026-04-20 22:21: **********Train Epoch 1362: averaged Loss: 0.016982
2026-04-20 22:21: **********Val Epoch 1362: average Loss: 0.005419
2026-04-20 22:21: Train Epoch 1363: 0/37 Loss: 0.023233
2026-04-20 22:21: Train Epoch 1363: 20/37 Loss: 0.004730
2026-04-20 22:21: **********Train Epoch 1363: averaged Loss: 0.009326
2026-04-20 22:21: **********Val Epoch 1363: average Loss: 0.009708
2026-04-20 22:21: Train Epoch 1364: 0/37 Loss: 0.016019
2026-04-20 22:21: Train Epoch 1364: 20/37 Loss: 0.004627
2026-04-20 22:21: **********Train Epoch 1364: averaged Loss: 0.008398
2026-04-20 22:21: **********Val Epoch 1364: average Loss: 0.007865
2026-04-20 22:21: Train Epoch 1365: 0/37 Loss: 0.006515
2026-04-20 22:21: Train Epoch 1365: 20/37 Loss: 0.008868
2026-04-20 22:21: **********Train Epoch 1365: averaged Loss: 0.009183
2026-04-20 22:21: **********Val Epoch 1365: average Loss: 0.017317
2026-04-20 22:21: Train Epoch 1366: 0/37 Loss: 0.023522
2026-04-20 22:21: Train Epoch 1366: 20/37 Loss: 0.029040
2026-04-20 22:21: **********Train Epoch 1366: averaged Loss: 0.013498
2026-04-20 22:21: **********Val Epoch 1366: average Loss: 0.014621
2026-04-20 22:21: Train Epoch 1367: 0/37 Loss: 0.033143
2026-04-20 22:21: Train Epoch 1367: 20/37 Loss: 0.004574
2026-04-20 22:21: **********Train Epoch 1367: averaged Loss: 0.010887
2026-04-20 22:21: **********Val Epoch 1367: average Loss: 0.006502
2026-04-20 22:21: Train Epoch 1368: 0/37 Loss: 0.014480
2026-04-20 22:21: Train Epoch 1368: 20/37 Loss: 0.005577
2026-04-20 22:21: **********Train Epoch 1368: averaged Loss: 0.006948
2026-04-20 22:21: **********Val Epoch 1368: average Loss: 0.010880
2026-04-20 22:21: Train Epoch 1369: 0/37 Loss: 0.026167
2026-04-20 22:21: Train Epoch 1369: 20/37 Loss: 0.009401
2026-04-20 22:21: **********Train Epoch 1369: averaged Loss: 0.011498
2026-04-20 22:21: **********Val Epoch 1369: average Loss: 0.016036
2026-04-20 22:21: Train Epoch 1370: 0/37 Loss: 0.055094
2026-04-20 22:21: Train Epoch 1370: 20/37 Loss: 0.008095
2026-04-20 22:21: **********Train Epoch 1370: averaged Loss: 0.016849
2026-04-20 22:21: **********Val Epoch 1370: average Loss: 0.005303
2026-04-20 22:21: Train Epoch 1371: 0/37 Loss: 0.003650
2026-04-20 22:21: Train Epoch 1371: 20/37 Loss: 0.004896
2026-04-20 22:21: **********Train Epoch 1371: averaged Loss: 0.006626
2026-04-20 22:21: **********Val Epoch 1371: average Loss: 0.006462
2026-04-20 22:21: Train Epoch 1372: 0/37 Loss: 0.029337
2026-04-20 22:21: Train Epoch 1372: 20/37 Loss: 0.005216
2026-04-20 22:21: **********Train Epoch 1372: averaged Loss: 0.008805
2026-04-20 22:21: **********Val Epoch 1372: average Loss: 0.008886
2026-04-20 22:21: Train Epoch 1373: 0/37 Loss: 0.002131
2026-04-20 22:21: Train Epoch 1373: 20/37 Loss: 0.005118
2026-04-20 22:21: **********Train Epoch 1373: averaged Loss: 0.006467
2026-04-20 22:21: **********Val Epoch 1373: average Loss: 0.019143
2026-04-20 22:21: Train Epoch 1374: 0/37 Loss: 0.023514
2026-04-20 22:21: Train Epoch 1374: 20/37 Loss: 0.008390
2026-04-20 22:21: **********Train Epoch 1374: averaged Loss: 0.010815
2026-04-20 22:21: **********Val Epoch 1374: average Loss: 0.004972
2026-04-20 22:21: Train Epoch 1375: 0/37 Loss: 0.002755
2026-04-20 22:21: Train Epoch 1375: 20/37 Loss: 0.004460
2026-04-20 22:21: **********Train Epoch 1375: averaged Loss: 0.008196
2026-04-20 22:21: **********Val Epoch 1375: average Loss: 0.010636
2026-04-20 22:21: Train Epoch 1376: 0/37 Loss: 0.005129
2026-04-20 22:21: Train Epoch 1376: 20/37 Loss: 0.004678
2026-04-20 22:21: **********Train Epoch 1376: averaged Loss: 0.009632
2026-04-20 22:21: **********Val Epoch 1376: average Loss: 0.040265
2026-04-20 22:21: Train Epoch 1377: 0/37 Loss: 0.014112
2026-04-20 22:21: Train Epoch 1377: 20/37 Loss: 0.015579
2026-04-20 22:21: **********Train Epoch 1377: averaged Loss: 0.009770
2026-04-20 22:21: **********Val Epoch 1377: average Loss: 0.006156
2026-04-20 22:21: Train Epoch 1378: 0/37 Loss: 0.047700
2026-04-20 22:21: Train Epoch 1378: 20/37 Loss: 0.004590
2026-04-20 22:21: **********Train Epoch 1378: averaged Loss: 0.014230
2026-04-20 22:21: **********Val Epoch 1378: average Loss: 0.005333
2026-04-20 22:21: Train Epoch 1379: 0/37 Loss: 0.028070
2026-04-20 22:21: Train Epoch 1379: 20/37 Loss: 0.005301
2026-04-20 22:21: **********Train Epoch 1379: averaged Loss: 0.010799
2026-04-20 22:21: **********Val Epoch 1379: average Loss: 0.023652
2026-04-20 22:21: Train Epoch 1380: 0/37 Loss: 0.003231
2026-04-20 22:21: Train Epoch 1380: 20/37 Loss: 0.004539
2026-04-20 22:21: **********Train Epoch 1380: averaged Loss: 0.004971
2026-04-20 22:21: **********Val Epoch 1380: average Loss: 0.005090
2026-04-20 22:21: Train Epoch 1381: 0/37 Loss: 0.002162
2026-04-20 22:21: Train Epoch 1381: 20/37 Loss: 0.006167
2026-04-20 22:21: **********Train Epoch 1381: averaged Loss: 0.005446
2026-04-20 22:21: **********Val Epoch 1381: average Loss: 0.004664
2026-04-20 22:21: Train Epoch 1382: 0/37 Loss: 0.001946
2026-04-20 22:21: Train Epoch 1382: 20/37 Loss: 0.004613
2026-04-20 22:21: **********Train Epoch 1382: averaged Loss: 0.008589
2026-04-20 22:21: **********Val Epoch 1382: average Loss: 0.045010
2026-04-20 22:21: Train Epoch 1383: 0/37 Loss: 0.018223
2026-04-20 22:21: Train Epoch 1383: 20/37 Loss: 0.024025
2026-04-20 22:21: **********Train Epoch 1383: averaged Loss: 0.011141
2026-04-20 22:21: **********Val Epoch 1383: average Loss: 0.014748
2026-04-20 22:21: Train Epoch 1384: 0/37 Loss: 0.038356
2026-04-20 22:21: Train Epoch 1384: 20/37 Loss: 0.005351
2026-04-20 22:21: **********Train Epoch 1384: averaged Loss: 0.010950
2026-04-20 22:21: **********Val Epoch 1384: average Loss: 0.008314
2026-04-20 22:21: Train Epoch 1385: 0/37 Loss: 0.002165
2026-04-20 22:21: Train Epoch 1385: 20/37 Loss: 0.006455
2026-04-20 22:21: **********Train Epoch 1385: averaged Loss: 0.005202
2026-04-20 22:21: **********Val Epoch 1385: average Loss: 0.006029
2026-04-20 22:21: Train Epoch 1386: 0/37 Loss: 0.012530
2026-04-20 22:21: Train Epoch 1386: 20/37 Loss: 0.005879
2026-04-20 22:21: **********Train Epoch 1386: averaged Loss: 0.005529
2026-04-20 22:21: **********Val Epoch 1386: average Loss: 0.005291
2026-04-20 22:21: Train Epoch 1387: 0/37 Loss: 0.002589
2026-04-20 22:21: Train Epoch 1387: 20/37 Loss: 0.006453
2026-04-20 22:21: **********Train Epoch 1387: averaged Loss: 0.005914
2026-04-20 22:21: **********Val Epoch 1387: average Loss: 0.007745
2026-04-20 22:21: Train Epoch 1388: 0/37 Loss: 0.002664
2026-04-20 22:21: Train Epoch 1388: 20/37 Loss: 0.006750
2026-04-20 22:21: **********Train Epoch 1388: averaged Loss: 0.005894
2026-04-20 22:21: **********Val Epoch 1388: average Loss: 0.005932
2026-04-20 22:21: Train Epoch 1389: 0/37 Loss: 0.001908
2026-04-20 22:21: Train Epoch 1389: 20/37 Loss: 0.008903
2026-04-20 22:22: **********Train Epoch 1389: averaged Loss: 0.007482
2026-04-20 22:22: **********Val Epoch 1389: average Loss: 0.009392
2026-04-20 22:22: Train Epoch 1390: 0/37 Loss: 0.011421
2026-04-20 22:22: Train Epoch 1390: 20/37 Loss: 0.007747
2026-04-20 22:22: **********Train Epoch 1390: averaged Loss: 0.011520
2026-04-20 22:22: **********Val Epoch 1390: average Loss: 0.020821
2026-04-20 22:22: Train Epoch 1391: 0/37 Loss: 0.005874
2026-04-20 22:22: Train Epoch 1391: 20/37 Loss: 0.012942
2026-04-20 22:22: **********Train Epoch 1391: averaged Loss: 0.010370
2026-04-20 22:22: **********Val Epoch 1391: average Loss: 0.013735
2026-04-20 22:22: Train Epoch 1392: 0/37 Loss: 0.047623
2026-04-20 22:22: Train Epoch 1392: 20/37 Loss: 0.008117
2026-04-20 22:22: **********Train Epoch 1392: averaged Loss: 0.014486
2026-04-20 22:22: **********Val Epoch 1392: average Loss: 0.009701
2026-04-20 22:22: Train Epoch 1393: 0/37 Loss: 0.013284
2026-04-20 22:22: Train Epoch 1393: 20/37 Loss: 0.008431
2026-04-20 22:22: **********Train Epoch 1393: averaged Loss: 0.008935
2026-04-20 22:22: **********Val Epoch 1393: average Loss: 0.015150
2026-04-20 22:22: Train Epoch 1394: 0/37 Loss: 0.002489
2026-04-20 22:22: Train Epoch 1394: 20/37 Loss: 0.007983
2026-04-20 22:22: **********Train Epoch 1394: averaged Loss: 0.007458
2026-04-20 22:22: **********Val Epoch 1394: average Loss: 0.015133
2026-04-20 22:22: Train Epoch 1395: 0/37 Loss: 0.005109
2026-04-20 22:22: Train Epoch 1395: 20/37 Loss: 0.004493
2026-04-20 22:22: **********Train Epoch 1395: averaged Loss: 0.005663
2026-04-20 22:22: **********Val Epoch 1395: average Loss: 0.008242
2026-04-20 22:22: Train Epoch 1396: 0/37 Loss: 0.014137
2026-04-20 22:22: Train Epoch 1396: 20/37 Loss: 0.005693
2026-04-20 22:22: **********Train Epoch 1396: averaged Loss: 0.010224
2026-04-20 22:22: **********Val Epoch 1396: average Loss: 0.012214
2026-04-20 22:22: Train Epoch 1397: 0/37 Loss: 0.028969
2026-04-20 22:22: Train Epoch 1397: 20/37 Loss: 0.021882
2026-04-20 22:22: **********Train Epoch 1397: averaged Loss: 0.011785
2026-04-20 22:22: **********Val Epoch 1397: average Loss: 0.006333
2026-04-20 22:22: Train Epoch 1398: 0/37 Loss: 0.008389
2026-04-20 22:22: Train Epoch 1398: 20/37 Loss: 0.005555
2026-04-20 22:22: **********Train Epoch 1398: averaged Loss: 0.008636
2026-04-20 22:22: **********Val Epoch 1398: average Loss: 0.015694
2026-04-20 22:22: Train Epoch 1399: 0/37 Loss: 0.039911
2026-04-20 22:22: Train Epoch 1399: 20/37 Loss: 0.017048
2026-04-20 22:22: **********Train Epoch 1399: averaged Loss: 0.011934
2026-04-20 22:22: **********Val Epoch 1399: average Loss: 0.007280
2026-04-20 22:22: Train Epoch 1400: 0/37 Loss: 0.016191
2026-04-20 22:22: Train Epoch 1400: 20/37 Loss: 0.005066
2026-04-20 22:22: **********Train Epoch 1400: averaged Loss: 0.009058
2026-04-20 22:22: **********Val Epoch 1400: average Loss: 0.012303
2026-04-20 22:22: Train Epoch 1401: 0/37 Loss: 0.030526
2026-04-20 22:22: Train Epoch 1401: 20/37 Loss: 0.015496
2026-04-20 22:22: **********Train Epoch 1401: averaged Loss: 0.010920
2026-04-20 22:22: **********Val Epoch 1401: average Loss: 0.005825
2026-04-20 22:22: Train Epoch 1402: 0/37 Loss: 0.018123
2026-04-20 22:22: Train Epoch 1402: 20/37 Loss: 0.004884
2026-04-20 22:22: **********Train Epoch 1402: averaged Loss: 0.008648
2026-04-20 22:22: **********Val Epoch 1402: average Loss: 0.012693
2026-04-20 22:22: Train Epoch 1403: 0/37 Loss: 0.022996
2026-04-20 22:22: Train Epoch 1403: 20/37 Loss: 0.009306
2026-04-20 22:22: **********Train Epoch 1403: averaged Loss: 0.008767
2026-04-20 22:22: **********Val Epoch 1403: average Loss: 0.011774
2026-04-20 22:22: Train Epoch 1404: 0/37 Loss: 0.004613
2026-04-20 22:22: Train Epoch 1404: 20/37 Loss: 0.005494
2026-04-20 22:22: **********Train Epoch 1404: averaged Loss: 0.006248
2026-04-20 22:22: **********Val Epoch 1404: average Loss: 0.011695
2026-04-20 22:22: Train Epoch 1405: 0/37 Loss: 0.021659
2026-04-20 22:22: Train Epoch 1405: 20/37 Loss: 0.004413
2026-04-20 22:22: **********Train Epoch 1405: averaged Loss: 0.006966
2026-04-20 22:22: **********Val Epoch 1405: average Loss: 0.006030
2026-04-20 22:22: Train Epoch 1406: 0/37 Loss: 0.016431
2026-04-20 22:22: Train Epoch 1406: 20/37 Loss: 0.004436
2026-04-20 22:22: **********Train Epoch 1406: averaged Loss: 0.008381
2026-04-20 22:22: **********Val Epoch 1406: average Loss: 0.013771
2026-04-20 22:22: Train Epoch 1407: 0/37 Loss: 0.028062
2026-04-20 22:22: Train Epoch 1407: 20/37 Loss: 0.008857
2026-04-20 22:22: **********Train Epoch 1407: averaged Loss: 0.009384
2026-04-20 22:22: **********Val Epoch 1407: average Loss: 0.011790
2026-04-20 22:22: Train Epoch 1408: 0/37 Loss: 0.009872
2026-04-20 22:22: Train Epoch 1408: 20/37 Loss: 0.006137
2026-04-20 22:22: **********Train Epoch 1408: averaged Loss: 0.005377
2026-04-20 22:22: **********Val Epoch 1408: average Loss: 0.009472
2026-04-20 22:22: Train Epoch 1409: 0/37 Loss: 0.003550
2026-04-20 22:22: Train Epoch 1409: 20/37 Loss: 0.004667
2026-04-20 22:22: **********Train Epoch 1409: averaged Loss: 0.006450
2026-04-20 22:22: **********Val Epoch 1409: average Loss: 0.014827
2026-04-20 22:22: Train Epoch 1410: 0/37 Loss: 0.026608
2026-04-20 22:22: Train Epoch 1410: 20/37 Loss: 0.004959
2026-04-20 22:22: **********Train Epoch 1410: averaged Loss: 0.007910
2026-04-20 22:22: **********Val Epoch 1410: average Loss: 0.009522
2026-04-20 22:22: Train Epoch 1411: 0/37 Loss: 0.016843
2026-04-20 22:22: Train Epoch 1411: 20/37 Loss: 0.005423
2026-04-20 22:22: **********Train Epoch 1411: averaged Loss: 0.007974
2026-04-20 22:22: **********Val Epoch 1411: average Loss: 0.005985
2026-04-20 22:22: Train Epoch 1412: 0/37 Loss: 0.009785
2026-04-20 22:22: Train Epoch 1412: 20/37 Loss: 0.005309
2026-04-20 22:22: **********Train Epoch 1412: averaged Loss: 0.007432
2026-04-20 22:22: **********Val Epoch 1412: average Loss: 0.012788
2026-04-20 22:22: Train Epoch 1413: 0/37 Loss: 0.007291
2026-04-20 22:22: Train Epoch 1413: 20/37 Loss: 0.004387
2026-04-20 22:22: **********Train Epoch 1413: averaged Loss: 0.004600
2026-04-20 22:22: **********Val Epoch 1413: average Loss: 0.005504
2026-04-20 22:22: Train Epoch 1414: 0/37 Loss: 0.012389
2026-04-20 22:22: Train Epoch 1414: 20/37 Loss: 0.005099
2026-04-20 22:22: **********Train Epoch 1414: averaged Loss: 0.005753
2026-04-20 22:22: **********Val Epoch 1414: average Loss: 0.005006
2026-04-20 22:22: Train Epoch 1415: 0/37 Loss: 0.001975
2026-04-20 22:22: Train Epoch 1415: 20/37 Loss: 0.007938
2026-04-20 22:22: **********Train Epoch 1415: averaged Loss: 0.007420
2026-04-20 22:22: **********Val Epoch 1415: average Loss: 0.022330
2026-04-20 22:22: Train Epoch 1416: 0/37 Loss: 0.015815
2026-04-20 22:22: Train Epoch 1416: 20/37 Loss: 0.004939
2026-04-20 22:22: **********Train Epoch 1416: averaged Loss: 0.007204
2026-04-20 22:22: **********Val Epoch 1416: average Loss: 0.005140
2026-04-20 22:22: Train Epoch 1417: 0/37 Loss: 0.022990
2026-04-20 22:22: Train Epoch 1417: 20/37 Loss: 0.005971
2026-04-20 22:22: **********Train Epoch 1417: averaged Loss: 0.008025
2026-04-20 22:22: **********Val Epoch 1417: average Loss: 0.005144
2026-04-20 22:22: Train Epoch 1418: 0/37 Loss: 0.023389
2026-04-20 22:23: Train Epoch 1418: 20/37 Loss: 0.005020
2026-04-20 22:23: **********Train Epoch 1418: averaged Loss: 0.012290
2026-04-20 22:23: **********Val Epoch 1418: average Loss: 0.042825
2026-04-20 22:23: Train Epoch 1419: 0/37 Loss: 0.020659
2026-04-20 22:23: Train Epoch 1419: 20/37 Loss: 0.024150
2026-04-20 22:23: **********Train Epoch 1419: averaged Loss: 0.011572
2026-04-20 22:23: **********Val Epoch 1419: average Loss: 0.005863
2026-04-20 22:23: Train Epoch 1420: 0/37 Loss: 0.048585
2026-04-20 22:23: Train Epoch 1420: 20/37 Loss: 0.005326
2026-04-20 22:23: **********Train Epoch 1420: averaged Loss: 0.013026
2026-04-20 22:23: **********Val Epoch 1420: average Loss: 0.006702
2026-04-20 22:23: Train Epoch 1421: 0/37 Loss: 0.031002
2026-04-20 22:23: Train Epoch 1421: 20/37 Loss: 0.004879
2026-04-20 22:23: **********Train Epoch 1421: averaged Loss: 0.008896
2026-04-20 22:23: **********Val Epoch 1421: average Loss: 0.006416
2026-04-20 22:23: Train Epoch 1422: 0/37 Loss: 0.006566
2026-04-20 22:23: Train Epoch 1422: 20/37 Loss: 0.004648
2026-04-20 22:23: **********Train Epoch 1422: averaged Loss: 0.004834
2026-04-20 22:23: **********Val Epoch 1422: average Loss: 0.006774
2026-04-20 22:23: Train Epoch 1423: 0/37 Loss: 0.005344
2026-04-20 22:23: Train Epoch 1423: 20/37 Loss: 0.008326
2026-04-20 22:23: **********Train Epoch 1423: averaged Loss: 0.005440
2026-04-20 22:23: **********Val Epoch 1423: average Loss: 0.005591
2026-04-20 22:23: Train Epoch 1424: 0/37 Loss: 0.017503
2026-04-20 22:23: Train Epoch 1424: 20/37 Loss: 0.005097
2026-04-20 22:23: **********Train Epoch 1424: averaged Loss: 0.008812
2026-04-20 22:23: **********Val Epoch 1424: average Loss: 0.013485
2026-04-20 22:23: Train Epoch 1425: 0/37 Loss: 0.022674
2026-04-20 22:23: Train Epoch 1425: 20/37 Loss: 0.009262
2026-04-20 22:23: **********Train Epoch 1425: averaged Loss: 0.009806
2026-04-20 22:23: **********Val Epoch 1425: average Loss: 0.013524
2026-04-20 22:23: Train Epoch 1426: 0/37 Loss: 0.023195
2026-04-20 22:23: Train Epoch 1426: 20/37 Loss: 0.004353
2026-04-20 22:23: **********Train Epoch 1426: averaged Loss: 0.010217
2026-04-20 22:23: **********Val Epoch 1426: average Loss: 0.013785
2026-04-20 22:23: Train Epoch 1427: 0/37 Loss: 0.003976
2026-04-20 22:23: Train Epoch 1427: 20/37 Loss: 0.007241
2026-04-20 22:23: **********Train Epoch 1427: averaged Loss: 0.006388
2026-04-20 22:23: **********Val Epoch 1427: average Loss: 0.013279
2026-04-20 22:23: Train Epoch 1428: 0/37 Loss: 0.028935
2026-04-20 22:23: Train Epoch 1428: 20/37 Loss: 0.006090
2026-04-20 22:23: **********Train Epoch 1428: averaged Loss: 0.010915
2026-04-20 22:23: **********Val Epoch 1428: average Loss: 0.011562
2026-04-20 22:23: Train Epoch 1429: 0/37 Loss: 0.008835
2026-04-20 22:23: Train Epoch 1429: 20/37 Loss: 0.004656
2026-04-20 22:23: **********Train Epoch 1429: averaged Loss: 0.005197
2026-04-20 22:23: **********Val Epoch 1429: average Loss: 0.007640
2026-04-20 22:23: Train Epoch 1430: 0/37 Loss: 0.007037
2026-04-20 22:23: Train Epoch 1430: 20/37 Loss: 0.004392
2026-04-20 22:23: **********Train Epoch 1430: averaged Loss: 0.006647
2026-04-20 22:23: **********Val Epoch 1430: average Loss: 0.005320
2026-04-20 22:23: Train Epoch 1431: 0/37 Loss: 0.025989
2026-04-20 22:23: Train Epoch 1431: 20/37 Loss: 0.005547
2026-04-20 22:23: **********Train Epoch 1431: averaged Loss: 0.007863
2026-04-20 22:23: **********Val Epoch 1431: average Loss: 0.007192
2026-04-20 22:23: Train Epoch 1432: 0/37 Loss: 0.019228
2026-04-20 22:23: Train Epoch 1432: 20/37 Loss: 0.005754
2026-04-20 22:23: **********Train Epoch 1432: averaged Loss: 0.006920
2026-04-20 22:23: **********Val Epoch 1432: average Loss: 0.007978
2026-04-20 22:23: Train Epoch 1433: 0/37 Loss: 0.002147
2026-04-20 22:23: Train Epoch 1433: 20/37 Loss: 0.005495
2026-04-20 22:23: **********Train Epoch 1433: averaged Loss: 0.004817
2026-04-20 22:23: **********Val Epoch 1433: average Loss: 0.008919
2026-04-20 22:23: Train Epoch 1434: 0/37 Loss: 0.012143
2026-04-20 22:23: Train Epoch 1434: 20/37 Loss: 0.004685
2026-04-20 22:23: **********Train Epoch 1434: averaged Loss: 0.006373
2026-04-20 22:23: **********Val Epoch 1434: average Loss: 0.008561
2026-04-20 22:23: Train Epoch 1435: 0/37 Loss: 0.021736
2026-04-20 22:23: Train Epoch 1435: 20/37 Loss: 0.004470
2026-04-20 22:23: **********Train Epoch 1435: averaged Loss: 0.006890
2026-04-20 22:23: **********Val Epoch 1435: average Loss: 0.006346
2026-04-20 22:23: Train Epoch 1436: 0/37 Loss: 0.020393
2026-04-20 22:23: Train Epoch 1436: 20/37 Loss: 0.004525
2026-04-20 22:23: **********Train Epoch 1436: averaged Loss: 0.009112
2026-04-20 22:23: **********Val Epoch 1436: average Loss: 0.006116
2026-04-20 22:23: Train Epoch 1437: 0/37 Loss: 0.020511
2026-04-20 22:23: Train Epoch 1437: 20/37 Loss: 0.004557
2026-04-20 22:23: **********Train Epoch 1437: averaged Loss: 0.009672
2026-04-20 22:23: **********Val Epoch 1437: average Loss: 0.011884
2026-04-20 22:23: Train Epoch 1438: 0/37 Loss: 0.008213
2026-04-20 22:23: Train Epoch 1438: 20/37 Loss: 0.004355
2026-04-20 22:23: **********Train Epoch 1438: averaged Loss: 0.006834
2026-04-20 22:23: **********Val Epoch 1438: average Loss: 0.008498
2026-04-20 22:23: Train Epoch 1439: 0/37 Loss: 0.018523
2026-04-20 22:23: Train Epoch 1439: 20/37 Loss: 0.007283
2026-04-20 22:23: **********Train Epoch 1439: averaged Loss: 0.009769
2026-04-20 22:23: **********Val Epoch 1439: average Loss: 0.020836
2026-04-20 22:23: Train Epoch 1440: 0/37 Loss: 0.012505
2026-04-20 22:23: Train Epoch 1440: 20/37 Loss: 0.004565
2026-04-20 22:23: **********Train Epoch 1440: averaged Loss: 0.007988
2026-04-20 22:23: **********Val Epoch 1440: average Loss: 0.006530
2026-04-20 22:23: Train Epoch 1441: 0/37 Loss: 0.041711
2026-04-20 22:23: Train Epoch 1441: 20/37 Loss: 0.006943
2026-04-20 22:23: **********Train Epoch 1441: averaged Loss: 0.013528
2026-04-20 22:23: **********Val Epoch 1441: average Loss: 0.012314
2026-04-20 22:23: Train Epoch 1442: 0/37 Loss: 0.014496
2026-04-20 22:23: Train Epoch 1442: 20/37 Loss: 0.007724
2026-04-20 22:23: **********Train Epoch 1442: averaged Loss: 0.009685
2026-04-20 22:23: **********Val Epoch 1442: average Loss: 0.005360
2026-04-20 22:23: Train Epoch 1443: 0/37 Loss: 0.008076
2026-04-20 22:23: Train Epoch 1443: 20/37 Loss: 0.007790
2026-04-20 22:23: **********Train Epoch 1443: averaged Loss: 0.009956
2026-04-20 22:23: **********Val Epoch 1443: average Loss: 0.017283
2026-04-20 22:23: Train Epoch 1444: 0/37 Loss: 0.037262
2026-04-20 22:23: Train Epoch 1444: 20/37 Loss: 0.035230
2026-04-20 22:23: **********Train Epoch 1444: averaged Loss: 0.018446
2026-04-20 22:23: **********Val Epoch 1444: average Loss: 0.019810
2026-04-20 22:23: Train Epoch 1445: 0/37 Loss: 0.015917
2026-04-20 22:23: Train Epoch 1445: 20/37 Loss: 0.012532
2026-04-20 22:23: **********Train Epoch 1445: averaged Loss: 0.008981
2026-04-20 22:23: **********Val Epoch 1445: average Loss: 0.007895
2026-04-20 22:23: Train Epoch 1446: 0/37 Loss: 0.005282
2026-04-20 22:23: Train Epoch 1446: 20/37 Loss: 0.009026
2026-04-20 22:23: **********Train Epoch 1446: averaged Loss: 0.012179
2026-04-20 22:23: **********Val Epoch 1446: average Loss: 0.033781
2026-04-20 22:23: Train Epoch 1447: 0/37 Loss: 0.004684
2026-04-20 22:24: Train Epoch 1447: 20/37 Loss: 0.004546
2026-04-20 22:24: **********Train Epoch 1447: averaged Loss: 0.009609
2026-04-20 22:24: **********Val Epoch 1447: average Loss: 0.013031
2026-04-20 22:24: Train Epoch 1448: 0/37 Loss: 0.061768
2026-04-20 22:24: Train Epoch 1448: 20/37 Loss: 0.011625
2026-04-20 22:24: **********Train Epoch 1448: averaged Loss: 0.019690
2026-04-20 22:24: **********Val Epoch 1448: average Loss: 0.006812
2026-04-20 22:24: Train Epoch 1449: 0/37 Loss: 0.041955
2026-04-20 22:24: Train Epoch 1449: 20/37 Loss: 0.014312
2026-04-20 22:24: **********Train Epoch 1449: averaged Loss: 0.016788
2026-04-20 22:24: **********Val Epoch 1449: average Loss: 0.036774
2026-04-20 22:24: Train Epoch 1450: 0/37 Loss: 0.004885
2026-04-20 22:24: Train Epoch 1450: 20/37 Loss: 0.024158
2026-04-20 22:24: **********Train Epoch 1450: averaged Loss: 0.011559
2026-04-20 22:24: **********Val Epoch 1450: average Loss: 0.025215
2026-04-20 22:24: Train Epoch 1451: 0/37 Loss: 0.044594
2026-04-20 22:24: Train Epoch 1451: 20/37 Loss: 0.007067
2026-04-20 22:24: **********Train Epoch 1451: averaged Loss: 0.011976
2026-04-20 22:24: **********Val Epoch 1451: average Loss: 0.004994
2026-04-20 22:24: Train Epoch 1452: 0/37 Loss: 0.015870
2026-04-20 22:24: Train Epoch 1452: 20/37 Loss: 0.004407
2026-04-20 22:24: **********Train Epoch 1452: averaged Loss: 0.008060
2026-04-20 22:24: **********Val Epoch 1452: average Loss: 0.028549
2026-04-20 22:24: Train Epoch 1453: 0/37 Loss: 0.026612
2026-04-20 22:24: Train Epoch 1453: 20/37 Loss: 0.014453
2026-04-20 22:24: **********Train Epoch 1453: averaged Loss: 0.010590
2026-04-20 22:24: **********Val Epoch 1453: average Loss: 0.007925
2026-04-20 22:24: Train Epoch 1454: 0/37 Loss: 0.020474
2026-04-20 22:24: Train Epoch 1454: 20/37 Loss: 0.004868
2026-04-20 22:24: **********Train Epoch 1454: averaged Loss: 0.007944
2026-04-20 22:24: **********Val Epoch 1454: average Loss: 0.015987
2026-04-20 22:24: Train Epoch 1455: 0/37 Loss: 0.004309
2026-04-20 22:24: Train Epoch 1455: 20/37 Loss: 0.004985
2026-04-20 22:24: **********Train Epoch 1455: averaged Loss: 0.006256
2026-04-20 22:24: **********Val Epoch 1455: average Loss: 0.009367
2026-04-20 22:24: Train Epoch 1456: 0/37 Loss: 0.013978
2026-04-20 22:24: Train Epoch 1456: 20/37 Loss: 0.004761
2026-04-20 22:24: **********Train Epoch 1456: averaged Loss: 0.008832
2026-04-20 22:24: **********Val Epoch 1456: average Loss: 0.022551
2026-04-20 22:24: Train Epoch 1457: 0/37 Loss: 0.007303
2026-04-20 22:24: Train Epoch 1457: 20/37 Loss: 0.010424
2026-04-20 22:24: **********Train Epoch 1457: averaged Loss: 0.008101
2026-04-20 22:24: **********Val Epoch 1457: average Loss: 0.011201
2026-04-20 22:24: Train Epoch 1458: 0/37 Loss: 0.018544
2026-04-20 22:24: Train Epoch 1458: 20/37 Loss: 0.006415
2026-04-20 22:24: **********Train Epoch 1458: averaged Loss: 0.010136
2026-04-20 22:24: **********Val Epoch 1458: average Loss: 0.035026
2026-04-20 22:24: Train Epoch 1459: 0/37 Loss: 0.013994
2026-04-20 22:24: Train Epoch 1459: 20/37 Loss: 0.018522
2026-04-20 22:24: **********Train Epoch 1459: averaged Loss: 0.010021
2026-04-20 22:24: **********Val Epoch 1459: average Loss: 0.007050
2026-04-20 22:24: Train Epoch 1460: 0/37 Loss: 0.053966
2026-04-20 22:24: Train Epoch 1460: 20/37 Loss: 0.012339
2026-04-20 22:24: **********Train Epoch 1460: averaged Loss: 0.016770
2026-04-20 22:24: **********Val Epoch 1460: average Loss: 0.007750
2026-04-20 22:24: Train Epoch 1461: 0/37 Loss: 0.031801
2026-04-20 22:24: Train Epoch 1461: 20/37 Loss: 0.005094
2026-04-20 22:24: **********Train Epoch 1461: averaged Loss: 0.011343
2026-04-20 22:24: **********Val Epoch 1461: average Loss: 0.023472
2026-04-20 22:24: Train Epoch 1462: 0/37 Loss: 0.003126
2026-04-20 22:24: Train Epoch 1462: 20/37 Loss: 0.004778
2026-04-20 22:24: **********Train Epoch 1462: averaged Loss: 0.006867
2026-04-20 22:24: **********Val Epoch 1462: average Loss: 0.022153
2026-04-20 22:24: Train Epoch 1463: 0/37 Loss: 0.048651
2026-04-20 22:24: Train Epoch 1463: 20/37 Loss: 0.012633
2026-04-20 22:24: **********Train Epoch 1463: averaged Loss: 0.013654
2026-04-20 22:24: **********Val Epoch 1463: average Loss: 0.011681
2026-04-20 22:24: Train Epoch 1464: 0/37 Loss: 0.030481
2026-04-20 22:24: Train Epoch 1464: 20/37 Loss: 0.004504
2026-04-20 22:24: **********Train Epoch 1464: averaged Loss: 0.008199
2026-04-20 22:24: **********Val Epoch 1464: average Loss: 0.007009
2026-04-20 22:24: Train Epoch 1465: 0/37 Loss: 0.005479
2026-04-20 22:24: Train Epoch 1465: 20/37 Loss: 0.005160
2026-04-20 22:24: **********Train Epoch 1465: averaged Loss: 0.004619
2026-04-20 22:24: **********Val Epoch 1465: average Loss: 0.004967
2026-04-20 22:24: Train Epoch 1466: 0/37 Loss: 0.005959
2026-04-20 22:24: Train Epoch 1466: 20/37 Loss: 0.007199
2026-04-20 22:24: **********Train Epoch 1466: averaged Loss: 0.006195
2026-04-20 22:24: **********Val Epoch 1466: average Loss: 0.006858
2026-04-20 22:24: Train Epoch 1467: 0/37 Loss: 0.003427
2026-04-20 22:24: Train Epoch 1467: 20/37 Loss: 0.004498
2026-04-20 22:24: **********Train Epoch 1467: averaged Loss: 0.007688
2026-04-20 22:24: **********Val Epoch 1467: average Loss: 0.025573
2026-04-20 22:24: Train Epoch 1468: 0/37 Loss: 0.017386
2026-04-20 22:24: Train Epoch 1468: 20/37 Loss: 0.004821
2026-04-20 22:24: **********Train Epoch 1468: averaged Loss: 0.008797
2026-04-20 22:24: **********Val Epoch 1468: average Loss: 0.012697
2026-04-20 22:24: Train Epoch 1469: 0/37 Loss: 0.031376
2026-04-20 22:24: Train Epoch 1469: 20/37 Loss: 0.016676
2026-04-20 22:24: **********Train Epoch 1469: averaged Loss: 0.011854
2026-04-20 22:24: **********Val Epoch 1469: average Loss: 0.006399
2026-04-20 22:24: Train Epoch 1470: 0/37 Loss: 0.008802
2026-04-20 22:24: Train Epoch 1470: 20/37 Loss: 0.007340
2026-04-20 22:24: **********Train Epoch 1470: averaged Loss: 0.007685
2026-04-20 22:24: **********Val Epoch 1470: average Loss: 0.006677
2026-04-20 22:24: Train Epoch 1471: 0/37 Loss: 0.017487
2026-04-20 22:24: Train Epoch 1471: 20/37 Loss: 0.005611
2026-04-20 22:24: **********Train Epoch 1471: averaged Loss: 0.008065
2026-04-20 22:24: **********Val Epoch 1471: average Loss: 0.012990
2026-04-20 22:24: Train Epoch 1472: 0/37 Loss: 0.003559
2026-04-20 22:24: Train Epoch 1472: 20/37 Loss: 0.005518
2026-04-20 22:24: **********Train Epoch 1472: averaged Loss: 0.007152
2026-04-20 22:24: **********Val Epoch 1472: average Loss: 0.013498
2026-04-20 22:24: Train Epoch 1473: 0/37 Loss: 0.008594
2026-04-20 22:24: Train Epoch 1473: 20/37 Loss: 0.017993
2026-04-20 22:24: **********Train Epoch 1473: averaged Loss: 0.008724
2026-04-20 22:24: **********Val Epoch 1473: average Loss: 0.010907
2026-04-20 22:24: Train Epoch 1474: 0/37 Loss: 0.016992
2026-04-20 22:24: Train Epoch 1474: 20/37 Loss: 0.004506
2026-04-20 22:24: **********Train Epoch 1474: averaged Loss: 0.009081
2026-04-20 22:24: **********Val Epoch 1474: average Loss: 0.019274
2026-04-20 22:24: Train Epoch 1475: 0/37 Loss: 0.008802
2026-04-20 22:24: Train Epoch 1475: 20/37 Loss: 0.004988
2026-04-20 22:25: **********Train Epoch 1475: averaged Loss: 0.006217
2026-04-20 22:25: **********Val Epoch 1475: average Loss: 0.005724
2026-04-20 22:25: Train Epoch 1476: 0/37 Loss: 0.026564
2026-04-20 22:25: Train Epoch 1476: 20/37 Loss: 0.005699
2026-04-20 22:25: **********Train Epoch 1476: averaged Loss: 0.009731
2026-04-20 22:25: **********Val Epoch 1476: average Loss: 0.007487
2026-04-20 22:25: Train Epoch 1477: 0/37 Loss: 0.018704
2026-04-20 22:25: Train Epoch 1477: 20/37 Loss: 0.008965
2026-04-20 22:25: **********Train Epoch 1477: averaged Loss: 0.009627
2026-04-20 22:25: **********Val Epoch 1477: average Loss: 0.007059
2026-04-20 22:25: Train Epoch 1478: 0/37 Loss: 0.018998
2026-04-20 22:25: Train Epoch 1478: 20/37 Loss: 0.005298
2026-04-20 22:25: **********Train Epoch 1478: averaged Loss: 0.009737
2026-04-20 22:25: **********Val Epoch 1478: average Loss: 0.019742
2026-04-20 22:25: Train Epoch 1479: 0/37 Loss: 0.023542
2026-04-20 22:25: Train Epoch 1479: 20/37 Loss: 0.035068
2026-04-20 22:25: **********Train Epoch 1479: averaged Loss: 0.017689
2026-04-20 22:25: **********Val Epoch 1479: average Loss: 0.013247
2026-04-20 22:25: Train Epoch 1480: 0/37 Loss: 0.013508
2026-04-20 22:25: Train Epoch 1480: 20/37 Loss: 0.023646
2026-04-20 22:25: **********Train Epoch 1480: averaged Loss: 0.011446
2026-04-20 22:25: **********Val Epoch 1480: average Loss: 0.014531
2026-04-20 22:25: Train Epoch 1481: 0/37 Loss: 0.026271
2026-04-20 22:25: Train Epoch 1481: 20/37 Loss: 0.014150
2026-04-20 22:25: **********Train Epoch 1481: averaged Loss: 0.017732
2026-04-20 22:25: **********Val Epoch 1481: average Loss: 0.035646
2026-04-20 22:25: Train Epoch 1482: 0/37 Loss: 0.018107
2026-04-20 22:25: Train Epoch 1482: 20/37 Loss: 0.007145
2026-04-20 22:25: **********Train Epoch 1482: averaged Loss: 0.011719
2026-04-20 22:25: **********Val Epoch 1482: average Loss: 0.006100
2026-04-20 22:25: Train Epoch 1483: 0/37 Loss: 0.079239
2026-04-20 22:25: Train Epoch 1483: 20/37 Loss: 0.039612
2026-04-20 22:25: **********Train Epoch 1483: averaged Loss: 0.030044
2026-04-20 22:25: **********Val Epoch 1483: average Loss: 0.029016
2026-04-20 22:25: Train Epoch 1484: 0/37 Loss: 0.034071
2026-04-20 22:25: Train Epoch 1484: 20/37 Loss: 0.004701
2026-04-20 22:25: **********Train Epoch 1484: averaged Loss: 0.012240
2026-04-20 22:25: **********Val Epoch 1484: average Loss: 0.015144
2026-04-20 22:25: Train Epoch 1485: 0/37 Loss: 0.057360
2026-04-20 22:25: Train Epoch 1485: 20/37 Loss: 0.004694
2026-04-20 22:25: **********Train Epoch 1485: averaged Loss: 0.016765
2026-04-20 22:25: **********Val Epoch 1485: average Loss: 0.004620
2026-04-20 22:25: Train Epoch 1486: 0/37 Loss: 0.011971
2026-04-20 22:25: Train Epoch 1486: 20/37 Loss: 0.006472
2026-04-20 22:25: **********Train Epoch 1486: averaged Loss: 0.006484
2026-04-20 22:25: **********Val Epoch 1486: average Loss: 0.006824
2026-04-20 22:25: Train Epoch 1487: 0/37 Loss: 0.019306
2026-04-20 22:25: Train Epoch 1487: 20/37 Loss: 0.007008
2026-04-20 22:25: **********Train Epoch 1487: averaged Loss: 0.006347
2026-04-20 22:25: **********Val Epoch 1487: average Loss: 0.005767
2026-04-20 22:25: Train Epoch 1488: 0/37 Loss: 0.031547
2026-04-20 22:25: Train Epoch 1488: 20/37 Loss: 0.006671
2026-04-20 22:25: **********Train Epoch 1488: averaged Loss: 0.009487
2026-04-20 22:25: **********Val Epoch 1488: average Loss: 0.006859
2026-04-20 22:25: Train Epoch 1489: 0/37 Loss: 0.025049
2026-04-20 22:25: Train Epoch 1489: 20/37 Loss: 0.005036
2026-04-20 22:25: **********Train Epoch 1489: averaged Loss: 0.008026
2026-04-20 22:25: **********Val Epoch 1489: average Loss: 0.006504
2026-04-20 22:25: Train Epoch 1490: 0/37 Loss: 0.005240
2026-04-20 22:25: Train Epoch 1490: 20/37 Loss: 0.004588
2026-04-20 22:25: **********Train Epoch 1490: averaged Loss: 0.005788
2026-04-20 22:25: **********Val Epoch 1490: average Loss: 0.010753
2026-04-20 22:25: Train Epoch 1491: 0/37 Loss: 0.014407
2026-04-20 22:25: Train Epoch 1491: 20/37 Loss: 0.009139
2026-04-20 22:25: **********Train Epoch 1491: averaged Loss: 0.011129
2026-04-20 22:25: **********Val Epoch 1491: average Loss: 0.027384
2026-04-20 22:25: Train Epoch 1492: 0/37 Loss: 0.013592
2026-04-20 22:25: Train Epoch 1492: 20/37 Loss: 0.007793
2026-04-20 22:25: **********Train Epoch 1492: averaged Loss: 0.008351
2026-04-20 22:25: **********Val Epoch 1492: average Loss: 0.009075
2026-04-20 22:25: Train Epoch 1493: 0/37 Loss: 0.040343
2026-04-20 22:25: Train Epoch 1493: 20/37 Loss: 0.007466
2026-04-20 22:25: **********Train Epoch 1493: averaged Loss: 0.010838
2026-04-20 22:25: **********Val Epoch 1493: average Loss: 0.007748
2026-04-20 22:25: Train Epoch 1494: 0/37 Loss: 0.023533
2026-04-20 22:25: Train Epoch 1494: 20/37 Loss: 0.010061
2026-04-20 22:25: **********Train Epoch 1494: averaged Loss: 0.008500
2026-04-20 22:25: **********Val Epoch 1494: average Loss: 0.009842
2026-04-20 22:25: Train Epoch 1495: 0/37 Loss: 0.004177
2026-04-20 22:25: Train Epoch 1495: 20/37 Loss: 0.004673
2026-04-20 22:25: **********Train Epoch 1495: averaged Loss: 0.005431
2026-04-20 22:25: **********Val Epoch 1495: average Loss: 0.006535
2026-04-20 22:25: Train Epoch 1496: 0/37 Loss: 0.014411
2026-04-20 22:25: Train Epoch 1496: 20/37 Loss: 0.005392
2026-04-20 22:25: **********Train Epoch 1496: averaged Loss: 0.006449
2026-04-20 22:25: **********Val Epoch 1496: average Loss: 0.008084
2026-04-20 22:25: Train Epoch 1497: 0/37 Loss: 0.008367
2026-04-20 22:25: Train Epoch 1497: 20/37 Loss: 0.004603
2026-04-20 22:25: **********Train Epoch 1497: averaged Loss: 0.005454
2026-04-20 22:25: **********Val Epoch 1497: average Loss: 0.007572
2026-04-20 22:25: Train Epoch 1498: 0/37 Loss: 0.007258
2026-04-20 22:25: Train Epoch 1498: 20/37 Loss: 0.005519
2026-04-20 22:25: **********Train Epoch 1498: averaged Loss: 0.006889
2026-04-20 22:25: **********Val Epoch 1498: average Loss: 0.006539
2026-04-20 22:25: Train Epoch 1499: 0/37 Loss: 0.002217
2026-04-20 22:25: Train Epoch 1499: 20/37 Loss: 0.004459
2026-04-20 22:25: **********Train Epoch 1499: averaged Loss: 0.006469
2026-04-20 22:25: **********Val Epoch 1499: average Loss: 0.007313
2026-04-20 22:25: Train Epoch 1500: 0/37 Loss: 0.002164
2026-04-20 22:25: Train Epoch 1500: 20/37 Loss: 0.004633
2026-04-20 22:25: **********Train Epoch 1500: averaged Loss: 0.007233
2026-04-20 22:25: **********Val Epoch 1500: average Loss: 0.017197
2026-04-20 22:25: Train Epoch 1501: 0/37 Loss: 0.012708
2026-04-20 22:25: Train Epoch 1501: 20/37 Loss: 0.016380
2026-04-20 22:25: **********Train Epoch 1501: averaged Loss: 0.009889
2026-04-20 22:25: **********Val Epoch 1501: average Loss: 0.014130
2026-04-20 22:25: Train Epoch 1502: 0/37 Loss: 0.030111
2026-04-20 22:25: Train Epoch 1502: 20/37 Loss: 0.004445
2026-04-20 22:25: **********Train Epoch 1502: averaged Loss: 0.010612
2026-04-20 22:25: **********Val Epoch 1502: average Loss: 0.019644
2026-04-20 22:25: Train Epoch 1503: 0/37 Loss: 0.012640
2026-04-20 22:25: Train Epoch 1503: 20/37 Loss: 0.009958
2026-04-20 22:25: **********Train Epoch 1503: averaged Loss: 0.008020
2026-04-20 22:25: **********Val Epoch 1503: average Loss: 0.013399
2026-04-20 22:25: Train Epoch 1504: 0/37 Loss: 0.020819
2026-04-20 22:26: Train Epoch 1504: 20/37 Loss: 0.005201
2026-04-20 22:26: **********Train Epoch 1504: averaged Loss: 0.009385
2026-04-20 22:26: **********Val Epoch 1504: average Loss: 0.012723
2026-04-20 22:26: Train Epoch 1505: 0/37 Loss: 0.025440
2026-04-20 22:26: Train Epoch 1505: 20/37 Loss: 0.010173
2026-04-20 22:26: **********Train Epoch 1505: averaged Loss: 0.010699
2026-04-20 22:26: **********Val Epoch 1505: average Loss: 0.005021
2026-04-20 22:26: Train Epoch 1506: 0/37 Loss: 0.025212
2026-04-20 22:26: Train Epoch 1506: 20/37 Loss: 0.008247
2026-04-20 22:26: **********Train Epoch 1506: averaged Loss: 0.012089
2026-04-20 22:26: **********Val Epoch 1506: average Loss: 0.018188
2026-04-20 22:26: Train Epoch 1507: 0/37 Loss: 0.038477
2026-04-20 22:26: Train Epoch 1507: 20/37 Loss: 0.018205
2026-04-20 22:26: **********Train Epoch 1507: averaged Loss: 0.015630
2026-04-20 22:26: **********Val Epoch 1507: average Loss: 0.018510
2026-04-20 22:26: Train Epoch 1508: 0/37 Loss: 0.006404
2026-04-20 22:26: Train Epoch 1508: 20/37 Loss: 0.007664
2026-04-20 22:26: **********Train Epoch 1508: averaged Loss: 0.007488
2026-04-20 22:26: **********Val Epoch 1508: average Loss: 0.021679
2026-04-20 22:26: Train Epoch 1509: 0/37 Loss: 0.005275
2026-04-20 22:26: Train Epoch 1509: 20/37 Loss: 0.005198
2026-04-20 22:26: **********Train Epoch 1509: averaged Loss: 0.006067
2026-04-20 22:26: **********Val Epoch 1509: average Loss: 0.005344
2026-04-20 22:26: Train Epoch 1510: 0/37 Loss: 0.012007
2026-04-20 22:26: Train Epoch 1510: 20/37 Loss: 0.005242
2026-04-20 22:26: **********Train Epoch 1510: averaged Loss: 0.010308
2026-04-20 22:26: **********Val Epoch 1510: average Loss: 0.031287
2026-04-20 22:26: Train Epoch 1511: 0/37 Loss: 0.005184
2026-04-20 22:26: Train Epoch 1511: 20/37 Loss: 0.011614
2026-04-20 22:26: **********Train Epoch 1511: averaged Loss: 0.007742
2026-04-20 22:26: **********Val Epoch 1511: average Loss: 0.004713
2026-04-20 22:26: Train Epoch 1512: 0/37 Loss: 0.031524
2026-04-20 22:26: Train Epoch 1512: 20/37 Loss: 0.005333
2026-04-20 22:26: **********Train Epoch 1512: averaged Loss: 0.012533
2026-04-20 22:26: **********Val Epoch 1512: average Loss: 0.031272
2026-04-20 22:26: Train Epoch 1513: 0/37 Loss: 0.004597
2026-04-20 22:26: Train Epoch 1513: 20/37 Loss: 0.013334
2026-04-20 22:26: **********Train Epoch 1513: averaged Loss: 0.008052
2026-04-20 22:26: **********Val Epoch 1513: average Loss: 0.005253
2026-04-20 22:26: Train Epoch 1514: 0/37 Loss: 0.040518
2026-04-20 22:26: Train Epoch 1514: 20/37 Loss: 0.007993
2026-04-20 22:26: **********Train Epoch 1514: averaged Loss: 0.011171
2026-04-20 22:26: **********Val Epoch 1514: average Loss: 0.008039
2026-04-20 22:26: Train Epoch 1515: 0/37 Loss: 0.022049
2026-04-20 22:26: Train Epoch 1515: 20/37 Loss: 0.006203
2026-04-20 22:26: **********Train Epoch 1515: averaged Loss: 0.009040
2026-04-20 22:26: **********Val Epoch 1515: average Loss: 0.017286
2026-04-20 22:26: Train Epoch 1516: 0/37 Loss: 0.019019
2026-04-20 22:26: Train Epoch 1516: 20/37 Loss: 0.004605
2026-04-20 22:26: **********Train Epoch 1516: averaged Loss: 0.007967
2026-04-20 22:26: **********Val Epoch 1516: average Loss: 0.006549
2026-04-20 22:26: Train Epoch 1517: 0/37 Loss: 0.007007
2026-04-20 22:26: Train Epoch 1517: 20/37 Loss: 0.012393
2026-04-20 22:26: **********Train Epoch 1517: averaged Loss: 0.007560
2026-04-20 22:26: **********Val Epoch 1517: average Loss: 0.004789
2026-04-20 22:26: Train Epoch 1518: 0/37 Loss: 0.024604
2026-04-20 22:26: Train Epoch 1518: 20/37 Loss: 0.005526
2026-04-20 22:26: **********Train Epoch 1518: averaged Loss: 0.006770
2026-04-20 22:26: **********Val Epoch 1518: average Loss: 0.007147
2026-04-20 22:26: Train Epoch 1519: 0/37 Loss: 0.003253
2026-04-20 22:26: Train Epoch 1519: 20/37 Loss: 0.004380
2026-04-20 22:26: **********Train Epoch 1519: averaged Loss: 0.004631
2026-04-20 22:26: **********Val Epoch 1519: average Loss: 0.008130
2026-04-20 22:26: Train Epoch 1520: 0/37 Loss: 0.014862
2026-04-20 22:26: Train Epoch 1520: 20/37 Loss: 0.010923
2026-04-20 22:26: **********Train Epoch 1520: averaged Loss: 0.007730
2026-04-20 22:26: **********Val Epoch 1520: average Loss: 0.006304
2026-04-20 22:26: Train Epoch 1521: 0/37 Loss: 0.011266
2026-04-20 22:26: Train Epoch 1521: 20/37 Loss: 0.004812
2026-04-20 22:26: **********Train Epoch 1521: averaged Loss: 0.007929
2026-04-20 22:26: **********Val Epoch 1521: average Loss: 0.012135
2026-04-20 22:26: Train Epoch 1522: 0/37 Loss: 0.033781
2026-04-20 22:26: Train Epoch 1522: 20/37 Loss: 0.004499
2026-04-20 22:26: **********Train Epoch 1522: averaged Loss: 0.009730
2026-04-20 22:26: **********Val Epoch 1522: average Loss: 0.018355
2026-04-20 22:26: Train Epoch 1523: 0/37 Loss: 0.013604
2026-04-20 22:26: Train Epoch 1523: 20/37 Loss: 0.009017
2026-04-20 22:26: **********Train Epoch 1523: averaged Loss: 0.007067
2026-04-20 22:26: **********Val Epoch 1523: average Loss: 0.006228
2026-04-20 22:26: Train Epoch 1524: 0/37 Loss: 0.002833
2026-04-20 22:26: Train Epoch 1524: 20/37 Loss: 0.005772
2026-04-20 22:26: **********Train Epoch 1524: averaged Loss: 0.004918
2026-04-20 22:26: **********Val Epoch 1524: average Loss: 0.006443
2026-04-20 22:26: Train Epoch 1525: 0/37 Loss: 0.014743
2026-04-20 22:26: Train Epoch 1525: 20/37 Loss: 0.007661
2026-04-20 22:26: **********Train Epoch 1525: averaged Loss: 0.006886
2026-04-20 22:26: **********Val Epoch 1525: average Loss: 0.006229
2026-04-20 22:26: Train Epoch 1526: 0/37 Loss: 0.009745
2026-04-20 22:26: Train Epoch 1526: 20/37 Loss: 0.004389
2026-04-20 22:26: **********Train Epoch 1526: averaged Loss: 0.004423
2026-04-20 22:26: **********Val Epoch 1526: average Loss: 0.007047
2026-04-20 22:26: Train Epoch 1527: 0/37 Loss: 0.003116
2026-04-20 22:26: Train Epoch 1527: 20/37 Loss: 0.004317
2026-04-20 22:26: **********Train Epoch 1527: averaged Loss: 0.005466
2026-04-20 22:26: **********Val Epoch 1527: average Loss: 0.013237
2026-04-20 22:26: Train Epoch 1528: 0/37 Loss: 0.023242
2026-04-20 22:26: Train Epoch 1528: 20/37 Loss: 0.004674
2026-04-20 22:26: **********Train Epoch 1528: averaged Loss: 0.007610
2026-04-20 22:26: **********Val Epoch 1528: average Loss: 0.004229
2026-04-20 22:26: Train Epoch 1529: 0/37 Loss: 0.020336
2026-04-20 22:26: Train Epoch 1529: 20/37 Loss: 0.006893
2026-04-20 22:26: **********Train Epoch 1529: averaged Loss: 0.007999
2026-04-20 22:26: **********Val Epoch 1529: average Loss: 0.004018
2026-04-20 22:26: *********************************Current best model saved!
2026-04-20 22:26: Train Epoch 1530: 0/37 Loss: 0.012729
2026-04-20 22:26: Train Epoch 1530: 20/37 Loss: 0.005963
2026-04-20 22:26: **********Train Epoch 1530: averaged Loss: 0.006567
2026-04-20 22:26: **********Val Epoch 1530: average Loss: 0.005317
2026-04-20 22:26: Train Epoch 1531: 0/37 Loss: 0.021127
2026-04-20 22:26: Train Epoch 1531: 20/37 Loss: 0.004848
2026-04-20 22:26: **********Train Epoch 1531: averaged Loss: 0.008738
2026-04-20 22:26: **********Val Epoch 1531: average Loss: 0.026692
2026-04-20 22:26: Train Epoch 1532: 0/37 Loss: 0.007345
2026-04-20 22:26: Train Epoch 1532: 20/37 Loss: 0.005430
2026-04-20 22:27: **********Train Epoch 1532: averaged Loss: 0.004638
2026-04-20 22:27: **********Val Epoch 1532: average Loss: 0.009916
2026-04-20 22:27: Train Epoch 1533: 0/37 Loss: 0.015283
2026-04-20 22:27: Train Epoch 1533: 20/37 Loss: 0.006420
2026-04-20 22:27: **********Train Epoch 1533: averaged Loss: 0.006301
2026-04-20 22:27: **********Val Epoch 1533: average Loss: 0.006541
2026-04-20 22:27: Train Epoch 1534: 0/37 Loss: 0.009475
2026-04-20 22:27: Train Epoch 1534: 20/37 Loss: 0.004499
2026-04-20 22:27: **********Train Epoch 1534: averaged Loss: 0.005276
2026-04-20 22:27: **********Val Epoch 1534: average Loss: 0.007112
2026-04-20 22:27: Train Epoch 1535: 0/37 Loss: 0.030318
2026-04-20 22:27: Train Epoch 1535: 20/37 Loss: 0.004388
2026-04-20 22:27: **********Train Epoch 1535: averaged Loss: 0.009827
2026-04-20 22:27: **********Val Epoch 1535: average Loss: 0.006607
2026-04-20 22:27: Train Epoch 1536: 0/37 Loss: 0.025139
2026-04-20 22:27: Train Epoch 1536: 20/37 Loss: 0.004478
2026-04-20 22:27: **********Train Epoch 1536: averaged Loss: 0.010335
2026-04-20 22:27: **********Val Epoch 1536: average Loss: 0.012186
2026-04-20 22:27: Train Epoch 1537: 0/37 Loss: 0.017857
2026-04-20 22:27: Train Epoch 1537: 20/37 Loss: 0.005989
2026-04-20 22:27: **********Train Epoch 1537: averaged Loss: 0.008906
2026-04-20 22:27: **********Val Epoch 1537: average Loss: 0.005059
2026-04-20 22:27: Train Epoch 1538: 0/37 Loss: 0.030686
2026-04-20 22:27: Train Epoch 1538: 20/37 Loss: 0.007878
2026-04-20 22:27: **********Train Epoch 1538: averaged Loss: 0.014088
2026-04-20 22:27: **********Val Epoch 1538: average Loss: 0.012728
2026-04-20 22:27: Train Epoch 1539: 0/37 Loss: 0.012674
2026-04-20 22:27: Train Epoch 1539: 20/37 Loss: 0.029315
2026-04-20 22:27: **********Train Epoch 1539: averaged Loss: 0.013333
2026-04-20 22:27: **********Val Epoch 1539: average Loss: 0.005616
2026-04-20 22:27: Train Epoch 1540: 0/37 Loss: 0.049112
2026-04-20 22:27: Train Epoch 1540: 20/37 Loss: 0.011614
2026-04-20 22:27: **********Train Epoch 1540: averaged Loss: 0.015258
2026-04-20 22:27: **********Val Epoch 1540: average Loss: 0.015199
2026-04-20 22:27: Train Epoch 1541: 0/37 Loss: 0.011812
2026-04-20 22:27: Train Epoch 1541: 20/37 Loss: 0.015849
2026-04-20 22:27: **********Train Epoch 1541: averaged Loss: 0.008665
2026-04-20 22:27: **********Val Epoch 1541: average Loss: 0.009406
2026-04-20 22:27: Train Epoch 1542: 0/37 Loss: 0.043863
2026-04-20 22:27: Train Epoch 1542: 20/37 Loss: 0.006070
2026-04-20 22:27: **********Train Epoch 1542: averaged Loss: 0.012876
2026-04-20 22:27: **********Val Epoch 1542: average Loss: 0.008108
2026-04-20 22:27: Train Epoch 1543: 0/37 Loss: 0.002757
2026-04-20 22:27: Train Epoch 1543: 20/37 Loss: 0.004619
2026-04-20 22:27: **********Train Epoch 1543: averaged Loss: 0.005187
2026-04-20 22:27: **********Val Epoch 1543: average Loss: 0.006090
2026-04-20 22:27: Train Epoch 1544: 0/37 Loss: 0.006758
2026-04-20 22:27: Train Epoch 1544: 20/37 Loss: 0.004690
2026-04-20 22:27: **********Train Epoch 1544: averaged Loss: 0.005574
2026-04-20 22:27: **********Val Epoch 1544: average Loss: 0.007097
2026-04-20 22:27: Train Epoch 1545: 0/37 Loss: 0.024081
2026-04-20 22:27: Train Epoch 1545: 20/37 Loss: 0.006503
2026-04-20 22:27: **********Train Epoch 1545: averaged Loss: 0.010566
2026-04-20 22:27: **********Val Epoch 1545: average Loss: 0.012988
2026-04-20 22:27: Train Epoch 1546: 0/37 Loss: 0.032005
2026-04-20 22:27: Train Epoch 1546: 20/37 Loss: 0.019499
2026-04-20 22:27: **********Train Epoch 1546: averaged Loss: 0.014748
2026-04-20 22:27: **********Val Epoch 1546: average Loss: 0.021588
2026-04-20 22:27: Train Epoch 1547: 0/37 Loss: 0.005319
2026-04-20 22:27: Train Epoch 1547: 20/37 Loss: 0.008774
2026-04-20 22:27: **********Train Epoch 1547: averaged Loss: 0.006682
2026-04-20 22:27: **********Val Epoch 1547: average Loss: 0.018869
2026-04-20 22:27: Train Epoch 1548: 0/37 Loss: 0.037195
2026-04-20 22:27: Train Epoch 1548: 20/37 Loss: 0.004413
2026-04-20 22:27: **********Train Epoch 1548: averaged Loss: 0.010377
2026-04-20 22:27: **********Val Epoch 1548: average Loss: 0.008406
2026-04-20 22:27: Train Epoch 1549: 0/37 Loss: 0.003136
2026-04-20 22:27: Train Epoch 1549: 20/37 Loss: 0.006347
2026-04-20 22:27: **********Train Epoch 1549: averaged Loss: 0.005998
2026-04-20 22:27: **********Val Epoch 1549: average Loss: 0.008459
2026-04-20 22:27: Train Epoch 1550: 0/37 Loss: 0.033132
2026-04-20 22:27: Train Epoch 1550: 20/37 Loss: 0.007830
2026-04-20 22:27: **********Train Epoch 1550: averaged Loss: 0.011860
2026-04-20 22:27: **********Val Epoch 1550: average Loss: 0.008673
2026-04-20 22:27: Train Epoch 1551: 0/37 Loss: 0.044843
2026-04-20 22:27: Train Epoch 1551: 20/37 Loss: 0.006457
2026-04-20 22:27: **********Train Epoch 1551: averaged Loss: 0.014084
2026-04-20 22:27: **********Val Epoch 1551: average Loss: 0.010813
2026-04-20 22:27: Train Epoch 1552: 0/37 Loss: 0.025256
2026-04-20 22:27: Train Epoch 1552: 20/37 Loss: 0.004853
2026-04-20 22:27: **********Train Epoch 1552: averaged Loss: 0.007747
2026-04-20 22:27: **********Val Epoch 1552: average Loss: 0.006142
2026-04-20 22:27: Train Epoch 1553: 0/37 Loss: 0.001691
2026-04-20 22:27: Train Epoch 1553: 20/37 Loss: 0.006192
2026-04-20 22:27: **********Train Epoch 1553: averaged Loss: 0.006688
2026-04-20 22:27: **********Val Epoch 1553: average Loss: 0.023285
2026-04-20 22:27: Train Epoch 1554: 0/37 Loss: 0.018027
2026-04-20 22:27: Train Epoch 1554: 20/37 Loss: 0.006702
2026-04-20 22:27: **********Train Epoch 1554: averaged Loss: 0.008571
2026-04-20 22:27: **********Val Epoch 1554: average Loss: 0.005489
2026-04-20 22:27: Train Epoch 1555: 0/37 Loss: 0.002819
2026-04-20 22:27: Train Epoch 1555: 20/37 Loss: 0.004804
2026-04-20 22:27: **********Train Epoch 1555: averaged Loss: 0.005433
2026-04-20 22:27: **********Val Epoch 1555: average Loss: 0.005249
2026-04-20 22:27: Train Epoch 1556: 0/37 Loss: 0.013940
2026-04-20 22:27: Train Epoch 1556: 20/37 Loss: 0.005070
2026-04-20 22:27: **********Train Epoch 1556: averaged Loss: 0.008088
2026-04-20 22:27: **********Val Epoch 1556: average Loss: 0.017194
2026-04-20 22:27: Train Epoch 1557: 0/37 Loss: 0.020881
2026-04-20 22:27: Train Epoch 1557: 20/37 Loss: 0.004946
2026-04-20 22:27: **********Train Epoch 1557: averaged Loss: 0.008697
2026-04-20 22:27: **********Val Epoch 1557: average Loss: 0.006464
2026-04-20 22:27: Train Epoch 1558: 0/37 Loss: 0.009394
2026-04-20 22:27: Train Epoch 1558: 20/37 Loss: 0.005596
2026-04-20 22:27: **********Train Epoch 1558: averaged Loss: 0.010178
2026-04-20 22:27: **********Val Epoch 1558: average Loss: 0.036789
2026-04-20 22:27: Train Epoch 1559: 0/37 Loss: 0.008020
2026-04-20 22:27: Train Epoch 1559: 20/37 Loss: 0.018007
2026-04-20 22:27: **********Train Epoch 1559: averaged Loss: 0.008561
2026-04-20 22:27: **********Val Epoch 1559: average Loss: 0.007416
2026-04-20 22:27: Train Epoch 1560: 0/37 Loss: 0.050750
2026-04-20 22:27: Train Epoch 1560: 20/37 Loss: 0.004927
2026-04-20 22:27: **********Train Epoch 1560: averaged Loss: 0.014145
2026-04-20 22:27: **********Val Epoch 1560: average Loss: 0.009402
2026-04-20 22:27: Train Epoch 1561: 0/37 Loss: 0.019175
2026-04-20 22:28: Train Epoch 1561: 20/37 Loss: 0.004244
2026-04-20 22:28: **********Train Epoch 1561: averaged Loss: 0.011180
2026-04-20 22:28: **********Val Epoch 1561: average Loss: 0.040807
2026-04-20 22:28: Train Epoch 1562: 0/37 Loss: 0.020799
2026-04-20 22:28: Train Epoch 1562: 20/37 Loss: 0.021043
2026-04-20 22:28: **********Train Epoch 1562: averaged Loss: 0.010495
2026-04-20 22:28: **********Val Epoch 1562: average Loss: 0.010648
2026-04-20 22:28: Train Epoch 1563: 0/37 Loss: 0.041700
2026-04-20 22:28: Train Epoch 1563: 20/37 Loss: 0.004797
2026-04-20 22:28: **********Train Epoch 1563: averaged Loss: 0.014407
2026-04-20 22:28: **********Val Epoch 1563: average Loss: 0.012706
2026-04-20 22:28: Train Epoch 1564: 0/37 Loss: 0.023747
2026-04-20 22:28: Train Epoch 1564: 20/37 Loss: 0.004398
2026-04-20 22:28: **********Train Epoch 1564: averaged Loss: 0.008695
2026-04-20 22:28: **********Val Epoch 1564: average Loss: 0.010827
2026-04-20 22:28: Train Epoch 1565: 0/37 Loss: 0.009171
2026-04-20 22:28: Train Epoch 1565: 20/37 Loss: 0.005234
2026-04-20 22:28: **********Train Epoch 1565: averaged Loss: 0.006351
2026-04-20 22:28: **********Val Epoch 1565: average Loss: 0.007619
2026-04-20 22:28: Train Epoch 1566: 0/37 Loss: 0.013803
2026-04-20 22:28: Train Epoch 1566: 20/37 Loss: 0.010278
2026-04-20 22:28: **********Train Epoch 1566: averaged Loss: 0.007251
2026-04-20 22:28: **********Val Epoch 1566: average Loss: 0.007178
2026-04-20 22:28: Train Epoch 1567: 0/37 Loss: 0.019348
2026-04-20 22:28: Train Epoch 1567: 20/37 Loss: 0.004612
2026-04-20 22:28: **********Train Epoch 1567: averaged Loss: 0.009840
2026-04-20 22:28: **********Val Epoch 1567: average Loss: 0.013485
2026-04-20 22:28: Train Epoch 1568: 0/37 Loss: 0.002693
2026-04-20 22:28: Train Epoch 1568: 20/37 Loss: 0.018420
2026-04-20 22:28: **********Train Epoch 1568: averaged Loss: 0.009379
2026-04-20 22:28: **********Val Epoch 1568: average Loss: 0.007117
2026-04-20 22:28: Train Epoch 1569: 0/37 Loss: 0.048411
2026-04-20 22:28: Train Epoch 1569: 20/37 Loss: 0.009588
2026-04-20 22:28: **********Train Epoch 1569: averaged Loss: 0.014218
2026-04-20 22:28: **********Val Epoch 1569: average Loss: 0.007370
2026-04-20 22:28: Train Epoch 1570: 0/37 Loss: 0.002143
2026-04-20 22:28: Train Epoch 1570: 20/37 Loss: 0.005383
2026-04-20 22:28: **********Train Epoch 1570: averaged Loss: 0.006089
2026-04-20 22:28: **********Val Epoch 1570: average Loss: 0.006732
2026-04-20 22:28: Train Epoch 1571: 0/37 Loss: 0.007110
2026-04-20 22:28: Train Epoch 1571: 20/37 Loss: 0.004787
2026-04-20 22:28: **********Train Epoch 1571: averaged Loss: 0.007552
2026-04-20 22:28: **********Val Epoch 1571: average Loss: 0.016522
2026-04-20 22:28: Train Epoch 1572: 0/37 Loss: 0.002855
2026-04-20 22:28: Train Epoch 1572: 20/37 Loss: 0.026105
2026-04-20 22:28: **********Train Epoch 1572: averaged Loss: 0.011425
2026-04-20 22:28: **********Val Epoch 1572: average Loss: 0.014903
2026-04-20 22:28: Train Epoch 1573: 0/37 Loss: 0.030959
2026-04-20 22:28: Train Epoch 1573: 20/37 Loss: 0.004589
2026-04-20 22:28: **********Train Epoch 1573: averaged Loss: 0.009545
2026-04-20 22:28: **********Val Epoch 1573: average Loss: 0.006469
2026-04-20 22:28: Train Epoch 1574: 0/37 Loss: 0.003521
2026-04-20 22:28: Train Epoch 1574: 20/37 Loss: 0.005477
2026-04-20 22:28: **********Train Epoch 1574: averaged Loss: 0.004676
2026-04-20 22:28: **********Val Epoch 1574: average Loss: 0.005400
2026-04-20 22:28: Train Epoch 1575: 0/37 Loss: 0.018330
2026-04-20 22:28: Train Epoch 1575: 20/37 Loss: 0.005028
2026-04-20 22:28: **********Train Epoch 1575: averaged Loss: 0.006991
2026-04-20 22:28: **********Val Epoch 1575: average Loss: 0.005317
2026-04-20 22:28: Train Epoch 1576: 0/37 Loss: 0.008205
2026-04-20 22:28: Train Epoch 1576: 20/37 Loss: 0.004646
2026-04-20 22:28: **********Train Epoch 1576: averaged Loss: 0.005767
2026-04-20 22:28: **********Val Epoch 1576: average Loss: 0.005557
2026-04-20 22:28: Train Epoch 1577: 0/37 Loss: 0.005378
2026-04-20 22:28: Train Epoch 1577: 20/37 Loss: 0.004554
2026-04-20 22:28: **********Train Epoch 1577: averaged Loss: 0.004917
2026-04-20 22:28: **********Val Epoch 1577: average Loss: 0.007890
2026-04-20 22:28: Train Epoch 1578: 0/37 Loss: 0.011719
2026-04-20 22:28: Train Epoch 1578: 20/37 Loss: 0.004319
2026-04-20 22:28: **********Train Epoch 1578: averaged Loss: 0.006355
2026-04-20 22:28: **********Val Epoch 1578: average Loss: 0.005818
2026-04-20 22:28: Train Epoch 1579: 0/37 Loss: 0.018025
2026-04-20 22:28: Train Epoch 1579: 20/37 Loss: 0.006140
2026-04-20 22:28: **********Train Epoch 1579: averaged Loss: 0.006805
2026-04-20 22:28: **********Val Epoch 1579: average Loss: 0.006458
2026-04-20 22:28: Train Epoch 1580: 0/37 Loss: 0.013608
2026-04-20 22:28: Train Epoch 1580: 20/37 Loss: 0.008719
2026-04-20 22:28: **********Train Epoch 1580: averaged Loss: 0.008792
2026-04-20 22:28: **********Val Epoch 1580: average Loss: 0.015336
2026-04-20 22:28: Train Epoch 1581: 0/37 Loss: 0.001985
2026-04-20 22:28: Train Epoch 1581: 20/37 Loss: 0.006598
2026-04-20 22:28: **********Train Epoch 1581: averaged Loss: 0.004909
2026-04-20 22:28: **********Val Epoch 1581: average Loss: 0.008807
2026-04-20 22:28: Train Epoch 1582: 0/37 Loss: 0.002373
2026-04-20 22:28: Train Epoch 1582: 20/37 Loss: 0.004739
2026-04-20 22:28: **********Train Epoch 1582: averaged Loss: 0.006620
2026-04-20 22:28: **********Val Epoch 1582: average Loss: 0.009133
2026-04-20 22:28: Train Epoch 1583: 0/37 Loss: 0.013712
2026-04-20 22:28: Train Epoch 1583: 20/37 Loss: 0.004293
2026-04-20 22:28: **********Train Epoch 1583: averaged Loss: 0.007192
2026-04-20 22:28: **********Val Epoch 1583: average Loss: 0.008973
2026-04-20 22:28: Train Epoch 1584: 0/37 Loss: 0.016375
2026-04-20 22:28: Train Epoch 1584: 20/37 Loss: 0.014136
2026-04-20 22:28: **********Train Epoch 1584: averaged Loss: 0.010078
2026-04-20 22:28: **********Val Epoch 1584: average Loss: 0.025824
2026-04-20 22:28: Train Epoch 1585: 0/37 Loss: 0.009167
2026-04-20 22:28: Train Epoch 1585: 20/37 Loss: 0.005913
2026-04-20 22:28: **********Train Epoch 1585: averaged Loss: 0.006551
2026-04-20 22:28: **********Val Epoch 1585: average Loss: 0.005463
2026-04-20 22:28: Train Epoch 1586: 0/37 Loss: 0.036716
2026-04-20 22:28: Train Epoch 1586: 20/37 Loss: 0.004539
2026-04-20 22:28: **********Train Epoch 1586: averaged Loss: 0.015415
2026-04-20 22:28: **********Val Epoch 1586: average Loss: 0.013615
2026-04-20 22:28: Train Epoch 1587: 0/37 Loss: 0.056034
2026-04-20 22:28: Train Epoch 1587: 20/37 Loss: 0.009511
2026-04-20 22:28: **********Train Epoch 1587: averaged Loss: 0.015695
2026-04-20 22:28: **********Val Epoch 1587: average Loss: 0.004927
2026-04-20 22:28: Train Epoch 1588: 0/37 Loss: 0.012817
2026-04-20 22:28: Train Epoch 1588: 20/37 Loss: 0.009799
2026-04-20 22:28: **********Train Epoch 1588: averaged Loss: 0.007352
2026-04-20 22:28: **********Val Epoch 1588: average Loss: 0.005320
2026-04-20 22:28: Train Epoch 1589: 0/37 Loss: 0.021905
2026-04-20 22:28: Train Epoch 1589: 20/37 Loss: 0.004465
2026-04-20 22:29: **********Train Epoch 1589: averaged Loss: 0.007780
2026-04-20 22:29: **********Val Epoch 1589: average Loss: 0.005948
2026-04-20 22:29: Train Epoch 1590: 0/37 Loss: 0.008524
2026-04-20 22:29: Train Epoch 1590: 20/37 Loss: 0.006908
2026-04-20 22:29: **********Train Epoch 1590: averaged Loss: 0.008528
2026-04-20 22:29: **********Val Epoch 1590: average Loss: 0.030728
2026-04-20 22:29: Train Epoch 1591: 0/37 Loss: 0.040792
2026-04-20 22:29: Train Epoch 1591: 20/37 Loss: 0.006409
2026-04-20 22:29: **********Train Epoch 1591: averaged Loss: 0.012029
2026-04-20 22:29: **********Val Epoch 1591: average Loss: 0.010094
2026-04-20 22:29: Train Epoch 1592: 0/37 Loss: 0.012187
2026-04-20 22:29: Train Epoch 1592: 20/37 Loss: 0.004833
2026-04-20 22:29: **********Train Epoch 1592: averaged Loss: 0.005785
2026-04-20 22:29: **********Val Epoch 1592: average Loss: 0.008016
2026-04-20 22:29: Train Epoch 1593: 0/37 Loss: 0.023811
2026-04-20 22:29: Train Epoch 1593: 20/37 Loss: 0.005686
2026-04-20 22:29: **********Train Epoch 1593: averaged Loss: 0.007739
2026-04-20 22:29: **********Val Epoch 1593: average Loss: 0.009869
2026-04-20 22:29: Train Epoch 1594: 0/37 Loss: 0.004509
2026-04-20 22:29: Train Epoch 1594: 20/37 Loss: 0.005139
2026-04-20 22:29: **********Train Epoch 1594: averaged Loss: 0.007067
2026-04-20 22:29: **********Val Epoch 1594: average Loss: 0.026099
2026-04-20 22:29: Train Epoch 1595: 0/37 Loss: 0.025365
2026-04-20 22:29: Train Epoch 1595: 20/37 Loss: 0.004972
2026-04-20 22:29: **********Train Epoch 1595: averaged Loss: 0.008828
2026-04-20 22:29: **********Val Epoch 1595: average Loss: 0.007289
2026-04-20 22:29: Train Epoch 1596: 0/37 Loss: 0.022074
2026-04-20 22:29: Train Epoch 1596: 20/37 Loss: 0.004394
2026-04-20 22:29: **********Train Epoch 1596: averaged Loss: 0.008501
2026-04-20 22:29: **********Val Epoch 1596: average Loss: 0.005116
2026-04-20 22:29: Train Epoch 1597: 0/37 Loss: 0.037415
2026-04-20 22:29: Train Epoch 1597: 20/37 Loss: 0.006473
2026-04-20 22:29: **********Train Epoch 1597: averaged Loss: 0.012368
2026-04-20 22:29: **********Val Epoch 1597: average Loss: 0.005668
2026-04-20 22:29: Train Epoch 1598: 0/37 Loss: 0.031473
2026-04-20 22:29: Train Epoch 1598: 20/37 Loss: 0.004428
2026-04-20 22:29: **********Train Epoch 1598: averaged Loss: 0.010398
2026-04-20 22:29: **********Val Epoch 1598: average Loss: 0.005630
2026-04-20 22:29: Train Epoch 1599: 0/37 Loss: 0.025430
2026-04-20 22:29: Train Epoch 1599: 20/37 Loss: 0.005843
2026-04-20 22:29: **********Train Epoch 1599: averaged Loss: 0.010699
2026-04-20 22:29: **********Val Epoch 1599: average Loss: 0.008655
2026-04-20 22:29: Train Epoch 1600: 0/37 Loss: 0.006985
2026-04-20 22:29: Train Epoch 1600: 20/37 Loss: 0.007039
2026-04-20 22:29: **********Train Epoch 1600: averaged Loss: 0.005864
2026-04-20 22:29: **********Val Epoch 1600: average Loss: 0.006167
2026-04-20 22:29: Train Epoch 1601: 0/37 Loss: 0.033241
2026-04-20 22:29: Train Epoch 1601: 20/37 Loss: 0.005054
2026-04-20 22:29: **********Train Epoch 1601: averaged Loss: 0.011319
2026-04-20 22:29: **********Val Epoch 1601: average Loss: 0.015193
2026-04-20 22:29: Train Epoch 1602: 0/37 Loss: 0.007383
2026-04-20 22:29: Train Epoch 1602: 20/37 Loss: 0.004976
2026-04-20 22:29: **********Train Epoch 1602: averaged Loss: 0.006899
2026-04-20 22:29: **********Val Epoch 1602: average Loss: 0.006493
2026-04-20 22:29: Train Epoch 1603: 0/37 Loss: 0.027816
2026-04-20 22:29: Train Epoch 1603: 20/37 Loss: 0.004336
2026-04-20 22:29: **********Train Epoch 1603: averaged Loss: 0.008642
2026-04-20 22:29: **********Val Epoch 1603: average Loss: 0.005984
2026-04-20 22:29: Train Epoch 1604: 0/37 Loss: 0.015454
2026-04-20 22:29: Train Epoch 1604: 20/37 Loss: 0.004905
2026-04-20 22:29: **********Train Epoch 1604: averaged Loss: 0.008323
2026-04-20 22:29: **********Val Epoch 1604: average Loss: 0.011497
2026-04-20 22:29: Train Epoch 1605: 0/37 Loss: 0.023403
2026-04-20 22:29: Train Epoch 1605: 20/37 Loss: 0.007712
2026-04-20 22:29: **********Train Epoch 1605: averaged Loss: 0.009556
2026-04-20 22:29: **********Val Epoch 1605: average Loss: 0.017706
2026-04-20 22:29: Train Epoch 1606: 0/37 Loss: 0.005999
2026-04-20 22:29: Train Epoch 1606: 20/37 Loss: 0.005610
2026-04-20 22:29: **********Train Epoch 1606: averaged Loss: 0.005484
2026-04-20 22:29: **********Val Epoch 1606: average Loss: 0.009260
2026-04-20 22:29: Train Epoch 1607: 0/37 Loss: 0.008407
2026-04-20 22:29: Train Epoch 1607: 20/37 Loss: 0.007644
2026-04-20 22:29: **********Train Epoch 1607: averaged Loss: 0.008190
2026-04-20 22:29: **********Val Epoch 1607: average Loss: 0.008983
2026-04-20 22:29: Train Epoch 1608: 0/37 Loss: 0.025038
2026-04-20 22:29: Train Epoch 1608: 20/37 Loss: 0.004508
2026-04-20 22:29: **********Train Epoch 1608: averaged Loss: 0.008553
2026-04-20 22:29: **********Val Epoch 1608: average Loss: 0.010970
2026-04-20 22:29: Train Epoch 1609: 0/37 Loss: 0.014553
2026-04-20 22:29: Train Epoch 1609: 20/37 Loss: 0.008281
2026-04-20 22:29: **********Train Epoch 1609: averaged Loss: 0.007733
2026-04-20 22:29: **********Val Epoch 1609: average Loss: 0.010867
2026-04-20 22:29: Train Epoch 1610: 0/37 Loss: 0.011894
2026-04-20 22:29: Train Epoch 1610: 20/37 Loss: 0.005298
2026-04-20 22:29: **********Train Epoch 1610: averaged Loss: 0.006083
2026-04-20 22:29: **********Val Epoch 1610: average Loss: 0.004755
2026-04-20 22:29: Train Epoch 1611: 0/37 Loss: 0.003310
2026-04-20 22:29: Train Epoch 1611: 20/37 Loss: 0.004453
2026-04-20 22:29: **********Train Epoch 1611: averaged Loss: 0.006418
2026-04-20 22:29: **********Val Epoch 1611: average Loss: 0.005676
2026-04-20 22:29: Train Epoch 1612: 0/37 Loss: 0.009023
2026-04-20 22:29: Train Epoch 1612: 20/37 Loss: 0.004624
2026-04-20 22:29: **********Train Epoch 1612: averaged Loss: 0.008869
2026-04-20 22:29: **********Val Epoch 1612: average Loss: 0.021864
2026-04-20 22:29: Train Epoch 1613: 0/37 Loss: 0.013236
2026-04-20 22:29: Train Epoch 1613: 20/37 Loss: 0.004310
2026-04-20 22:29: **********Train Epoch 1613: averaged Loss: 0.008493
2026-04-20 22:29: **********Val Epoch 1613: average Loss: 0.026111
2026-04-20 22:29: Train Epoch 1614: 0/37 Loss: 0.008016
2026-04-20 22:29: Train Epoch 1614: 20/37 Loss: 0.004295
2026-04-20 22:29: **********Train Epoch 1614: averaged Loss: 0.008209
2026-04-20 22:29: **********Val Epoch 1614: average Loss: 0.014329
2026-04-20 22:29: Train Epoch 1615: 0/37 Loss: 0.015222
2026-04-20 22:29: Train Epoch 1615: 20/37 Loss: 0.004253
2026-04-20 22:29: **********Train Epoch 1615: averaged Loss: 0.008411
2026-04-20 22:29: **********Val Epoch 1615: average Loss: 0.034221
2026-04-20 22:29: Train Epoch 1616: 0/37 Loss: 0.002632
2026-04-20 22:29: Train Epoch 1616: 20/37 Loss: 0.004723
2026-04-20 22:29: **********Train Epoch 1616: averaged Loss: 0.006385
2026-04-20 22:29: **********Val Epoch 1616: average Loss: 0.006954
2026-04-20 22:29: Train Epoch 1617: 0/37 Loss: 0.030020
2026-04-20 22:29: Train Epoch 1617: 20/37 Loss: 0.006377
2026-04-20 22:29: **********Train Epoch 1617: averaged Loss: 0.010239
2026-04-20 22:29: **********Val Epoch 1617: average Loss: 0.004308
2026-04-20 22:29: Train Epoch 1618: 0/37 Loss: 0.046492
2026-04-20 22:30: Train Epoch 1618: 20/37 Loss: 0.011302
2026-04-20 22:30: **********Train Epoch 1618: averaged Loss: 0.014555
2026-04-20 22:30: **********Val Epoch 1618: average Loss: 0.005129
2026-04-20 22:30: Train Epoch 1619: 0/37 Loss: 0.030783
2026-04-20 22:30: Train Epoch 1619: 20/37 Loss: 0.004611
2026-04-20 22:30: **********Train Epoch 1619: averaged Loss: 0.009619
2026-04-20 22:30: **********Val Epoch 1619: average Loss: 0.004944
2026-04-20 22:30: Train Epoch 1620: 0/37 Loss: 0.012575
2026-04-20 22:30: Train Epoch 1620: 20/37 Loss: 0.004272
2026-04-20 22:30: **********Train Epoch 1620: averaged Loss: 0.007842
2026-04-20 22:30: **********Val Epoch 1620: average Loss: 0.016770
2026-04-20 22:30: Train Epoch 1621: 0/37 Loss: 0.037933
2026-04-20 22:30: Train Epoch 1621: 20/37 Loss: 0.004630
2026-04-20 22:30: **********Train Epoch 1621: averaged Loss: 0.010921
2026-04-20 22:30: **********Val Epoch 1621: average Loss: 0.008053
2026-04-20 22:30: Train Epoch 1622: 0/37 Loss: 0.027770
2026-04-20 22:30: Train Epoch 1622: 20/37 Loss: 0.008983
2026-04-20 22:30: **********Train Epoch 1622: averaged Loss: 0.009895
2026-04-20 22:30: **********Val Epoch 1622: average Loss: 0.008638
2026-04-20 22:30: Train Epoch 1623: 0/37 Loss: 0.013102
2026-04-20 22:30: Train Epoch 1623: 20/37 Loss: 0.006592
2026-04-20 22:30: **********Train Epoch 1623: averaged Loss: 0.006938
2026-04-20 22:30: **********Val Epoch 1623: average Loss: 0.014740
2026-04-20 22:30: Train Epoch 1624: 0/37 Loss: 0.024842
2026-04-20 22:30: Train Epoch 1624: 20/37 Loss: 0.004242
2026-04-20 22:30: **********Train Epoch 1624: averaged Loss: 0.008612
2026-04-20 22:30: **********Val Epoch 1624: average Loss: 0.013617
2026-04-20 22:30: Train Epoch 1625: 0/37 Loss: 0.022211
2026-04-20 22:30: Train Epoch 1625: 20/37 Loss: 0.004608
2026-04-20 22:30: **********Train Epoch 1625: averaged Loss: 0.007412
2026-04-20 22:30: **********Val Epoch 1625: average Loss: 0.006525
2026-04-20 22:30: Train Epoch 1626: 0/37 Loss: 0.015347
2026-04-20 22:30: Train Epoch 1626: 20/37 Loss: 0.004322
2026-04-20 22:30: **********Train Epoch 1626: averaged Loss: 0.006832
2026-04-20 22:30: **********Val Epoch 1626: average Loss: 0.007375
2026-04-20 22:30: Train Epoch 1627: 0/37 Loss: 0.016430
2026-04-20 22:30: Train Epoch 1627: 20/37 Loss: 0.008691
2026-04-20 22:30: **********Train Epoch 1627: averaged Loss: 0.011124
2026-04-20 22:30: **********Val Epoch 1627: average Loss: 0.034578
2026-04-20 22:30: Train Epoch 1628: 0/37 Loss: 0.005237
2026-04-20 22:30: Train Epoch 1628: 20/37 Loss: 0.007561
2026-04-20 22:30: **********Train Epoch 1628: averaged Loss: 0.007577
2026-04-20 22:30: **********Val Epoch 1628: average Loss: 0.009356
2026-04-20 22:30: Train Epoch 1629: 0/37 Loss: 0.042019
2026-04-20 22:30: Train Epoch 1629: 20/37 Loss: 0.006128
2026-04-20 22:30: **********Train Epoch 1629: averaged Loss: 0.011476
2026-04-20 22:30: **********Val Epoch 1629: average Loss: 0.005077
2026-04-20 22:30: Train Epoch 1630: 0/37 Loss: 0.031284
2026-04-20 22:30: Train Epoch 1630: 20/37 Loss: 0.004792
2026-04-20 22:30: **********Train Epoch 1630: averaged Loss: 0.010775
2026-04-20 22:30: **********Val Epoch 1630: average Loss: 0.010120
2026-04-20 22:30: Train Epoch 1631: 0/37 Loss: 0.031514
2026-04-20 22:30: Train Epoch 1631: 20/37 Loss: 0.004596
2026-04-20 22:30: **********Train Epoch 1631: averaged Loss: 0.011668
2026-04-20 22:30: **********Val Epoch 1631: average Loss: 0.009053
2026-04-20 22:30: Train Epoch 1632: 0/37 Loss: 0.023130
2026-04-20 22:30: Train Epoch 1632: 20/37 Loss: 0.004495
2026-04-20 22:30: **********Train Epoch 1632: averaged Loss: 0.009413
2026-04-20 22:30: **********Val Epoch 1632: average Loss: 0.007513
2026-04-20 22:30: Train Epoch 1633: 0/37 Loss: 0.001853
2026-04-20 22:30: Train Epoch 1633: 20/37 Loss: 0.004395
2026-04-20 22:30: **********Train Epoch 1633: averaged Loss: 0.007201
2026-04-20 22:30: **********Val Epoch 1633: average Loss: 0.007064
2026-04-20 22:30: Train Epoch 1634: 0/37 Loss: 0.005232
2026-04-20 22:30: Train Epoch 1634: 20/37 Loss: 0.004509
2026-04-20 22:30: **********Train Epoch 1634: averaged Loss: 0.009421
2026-04-20 22:30: **********Val Epoch 1634: average Loss: 0.013825
2026-04-20 22:30: Train Epoch 1635: 0/37 Loss: 0.001863
2026-04-20 22:30: Train Epoch 1635: 20/37 Loss: 0.016514
2026-04-20 22:30: **********Train Epoch 1635: averaged Loss: 0.009116
2026-04-20 22:30: **********Val Epoch 1635: average Loss: 0.005375
2026-04-20 22:30: Train Epoch 1636: 0/37 Loss: 0.041952
2026-04-20 22:30: Train Epoch 1636: 20/37 Loss: 0.015979
2026-04-20 22:30: **********Train Epoch 1636: averaged Loss: 0.014617
2026-04-20 22:30: **********Val Epoch 1636: average Loss: 0.010865
2026-04-20 22:30: Train Epoch 1637: 0/37 Loss: 0.004847
2026-04-20 22:30: Train Epoch 1637: 20/37 Loss: 0.008887
2026-04-20 22:30: **********Train Epoch 1637: averaged Loss: 0.008818
2026-04-20 22:30: **********Val Epoch 1637: average Loss: 0.010680
2026-04-20 22:30: Train Epoch 1638: 0/37 Loss: 0.029215
2026-04-20 22:30: Train Epoch 1638: 20/37 Loss: 0.008154
2026-04-20 22:30: **********Train Epoch 1638: averaged Loss: 0.011645
2026-04-20 22:30: **********Val Epoch 1638: average Loss: 0.014866
2026-04-20 22:30: Train Epoch 1639: 0/37 Loss: 0.002260
2026-04-20 22:30: Train Epoch 1639: 20/37 Loss: 0.015530
2026-04-20 22:30: **********Train Epoch 1639: averaged Loss: 0.008230
2026-04-20 22:30: **********Val Epoch 1639: average Loss: 0.009526
2026-04-20 22:30: Train Epoch 1640: 0/37 Loss: 0.022798
2026-04-20 22:30: Train Epoch 1640: 20/37 Loss: 0.005397
2026-04-20 22:30: **********Train Epoch 1640: averaged Loss: 0.010953
2026-04-20 22:30: **********Val Epoch 1640: average Loss: 0.012524
2026-04-20 22:30: Train Epoch 1641: 0/37 Loss: 0.016474
2026-04-20 22:30: Train Epoch 1641: 20/37 Loss: 0.009617
2026-04-20 22:30: **********Train Epoch 1641: averaged Loss: 0.008970
2026-04-20 22:30: **********Val Epoch 1641: average Loss: 0.007074
2026-04-20 22:30: Train Epoch 1642: 0/37 Loss: 0.002566
2026-04-20 22:30: Train Epoch 1642: 20/37 Loss: 0.004967
2026-04-20 22:30: **********Train Epoch 1642: averaged Loss: 0.008119
2026-04-20 22:30: **********Val Epoch 1642: average Loss: 0.012948
2026-04-20 22:30: Train Epoch 1643: 0/37 Loss: 0.023892
2026-04-20 22:30: Train Epoch 1643: 20/37 Loss: 0.006437
2026-04-20 22:30: **********Train Epoch 1643: averaged Loss: 0.008291
2026-04-20 22:30: **********Val Epoch 1643: average Loss: 0.008439
2026-04-20 22:30: Train Epoch 1644: 0/37 Loss: 0.005145
2026-04-20 22:30: Train Epoch 1644: 20/37 Loss: 0.006301
2026-04-20 22:30: **********Train Epoch 1644: averaged Loss: 0.009728
2026-04-20 22:30: **********Val Epoch 1644: average Loss: 0.012802
2026-04-20 22:30: Train Epoch 1645: 0/37 Loss: 0.025063
2026-04-20 22:30: Train Epoch 1645: 20/37 Loss: 0.009278
2026-04-20 22:30: **********Train Epoch 1645: averaged Loss: 0.009932
2026-04-20 22:30: **********Val Epoch 1645: average Loss: 0.014181
2026-04-20 22:30: Train Epoch 1646: 0/37 Loss: 0.006176
2026-04-20 22:30: Train Epoch 1646: 20/37 Loss: 0.013470
2026-04-20 22:31: **********Train Epoch 1646: averaged Loss: 0.008953
2026-04-20 22:31: **********Val Epoch 1646: average Loss: 0.011765
2026-04-20 22:31: Train Epoch 1647: 0/37 Loss: 0.007385
2026-04-20 22:31: Train Epoch 1647: 20/37 Loss: 0.007078
2026-04-20 22:31: **********Train Epoch 1647: averaged Loss: 0.007135
2026-04-20 22:31: **********Val Epoch 1647: average Loss: 0.006810
2026-04-20 22:31: Train Epoch 1648: 0/37 Loss: 0.017002
2026-04-20 22:31: Train Epoch 1648: 20/37 Loss: 0.004458
2026-04-20 22:31: **********Train Epoch 1648: averaged Loss: 0.007798
2026-04-20 22:31: **********Val Epoch 1648: average Loss: 0.007824
2026-04-20 22:31: Train Epoch 1649: 0/37 Loss: 0.022651
2026-04-20 22:31: Train Epoch 1649: 20/37 Loss: 0.006334
2026-04-20 22:31: **********Train Epoch 1649: averaged Loss: 0.007796
2026-04-20 22:31: **********Val Epoch 1649: average Loss: 0.006444
2026-04-20 22:31: Train Epoch 1650: 0/37 Loss: 0.008787
2026-04-20 22:31: Train Epoch 1650: 20/37 Loss: 0.006078
2026-04-20 22:31: **********Train Epoch 1650: averaged Loss: 0.007386
2026-04-20 22:31: **********Val Epoch 1650: average Loss: 0.007886
2026-04-20 22:31: Train Epoch 1651: 0/37 Loss: 0.015920
2026-04-20 22:31: Train Epoch 1651: 20/37 Loss: 0.006279
2026-04-20 22:31: **********Train Epoch 1651: averaged Loss: 0.007260
2026-04-20 22:31: **********Val Epoch 1651: average Loss: 0.009444
2026-04-20 22:31: Train Epoch 1652: 0/37 Loss: 0.002943
2026-04-20 22:31: Train Epoch 1652: 20/37 Loss: 0.007869
2026-04-20 22:31: **********Train Epoch 1652: averaged Loss: 0.005673
2026-04-20 22:31: **********Val Epoch 1652: average Loss: 0.007888
2026-04-20 22:31: Train Epoch 1653: 0/37 Loss: 0.008201
2026-04-20 22:31: Train Epoch 1653: 20/37 Loss: 0.005075
2026-04-20 22:31: **********Train Epoch 1653: averaged Loss: 0.005988
2026-04-20 22:31: **********Val Epoch 1653: average Loss: 0.006389
2026-04-20 22:31: Train Epoch 1654: 0/37 Loss: 0.002035
2026-04-20 22:31: Train Epoch 1654: 20/37 Loss: 0.004381
2026-04-20 22:31: **********Train Epoch 1654: averaged Loss: 0.005394
2026-04-20 22:31: **********Val Epoch 1654: average Loss: 0.013583
2026-04-20 22:31: Train Epoch 1655: 0/37 Loss: 0.006032
2026-04-20 22:31: Train Epoch 1655: 20/37 Loss: 0.004219
2026-04-20 22:31: **********Train Epoch 1655: averaged Loss: 0.004329
2026-04-20 22:31: **********Val Epoch 1655: average Loss: 0.005890
2026-04-20 22:31: Train Epoch 1656: 0/37 Loss: 0.019384
2026-04-20 22:31: Train Epoch 1656: 20/37 Loss: 0.004755
2026-04-20 22:31: **********Train Epoch 1656: averaged Loss: 0.008236
2026-04-20 22:31: **********Val Epoch 1656: average Loss: 0.005421
2026-04-20 22:31: Train Epoch 1657: 0/37 Loss: 0.008535
2026-04-20 22:31: Train Epoch 1657: 20/37 Loss: 0.004898
2026-04-20 22:31: **********Train Epoch 1657: averaged Loss: 0.007993
2026-04-20 22:31: **********Val Epoch 1657: average Loss: 0.019754
2026-04-20 22:31: Train Epoch 1658: 0/37 Loss: 0.027829
2026-04-20 22:31: Train Epoch 1658: 20/37 Loss: 0.009087
2026-04-20 22:31: **********Train Epoch 1658: averaged Loss: 0.010151
2026-04-20 22:31: **********Val Epoch 1658: average Loss: 0.007105
2026-04-20 22:31: Train Epoch 1659: 0/37 Loss: 0.018518
2026-04-20 22:31: Train Epoch 1659: 20/37 Loss: 0.005841
2026-04-20 22:31: **********Train Epoch 1659: averaged Loss: 0.010110
2026-04-20 22:31: **********Val Epoch 1659: average Loss: 0.029094
2026-04-20 22:31: Train Epoch 1660: 0/37 Loss: 0.002606
2026-04-20 22:31: Train Epoch 1660: 20/37 Loss: 0.013557
2026-04-20 22:31: **********Train Epoch 1660: averaged Loss: 0.008608
2026-04-20 22:31: **********Val Epoch 1660: average Loss: 0.015856
2026-04-20 22:31: Train Epoch 1661: 0/37 Loss: 0.022112
2026-04-20 22:31: Train Epoch 1661: 20/37 Loss: 0.004817
2026-04-20 22:31: **********Train Epoch 1661: averaged Loss: 0.010310
2026-04-20 22:31: **********Val Epoch 1661: average Loss: 0.026808
2026-04-20 22:31: Train Epoch 1662: 0/37 Loss: 0.002960
2026-04-20 22:31: Train Epoch 1662: 20/37 Loss: 0.004384
2026-04-20 22:31: **********Train Epoch 1662: averaged Loss: 0.007211
2026-04-20 22:31: **********Val Epoch 1662: average Loss: 0.016266
2026-04-20 22:31: Train Epoch 1663: 0/37 Loss: 0.041755
2026-04-20 22:31: Train Epoch 1663: 20/37 Loss: 0.004500
2026-04-20 22:31: **********Train Epoch 1663: averaged Loss: 0.012256
2026-04-20 22:31: **********Val Epoch 1663: average Loss: 0.003941
2026-04-20 22:31: *********************************Current best model saved!
2026-04-20 22:31: Train Epoch 1664: 0/37 Loss: 0.001695
2026-04-20 22:31: Train Epoch 1664: 20/37 Loss: 0.014405
2026-04-20 22:31: **********Train Epoch 1664: averaged Loss: 0.006723
2026-04-20 22:31: **********Val Epoch 1664: average Loss: 0.004381
2026-04-20 22:31: Train Epoch 1665: 0/37 Loss: 0.006778
2026-04-20 22:31: Train Epoch 1665: 20/37 Loss: 0.005570
2026-04-20 22:31: **********Train Epoch 1665: averaged Loss: 0.007183
2026-04-20 22:31: **********Val Epoch 1665: average Loss: 0.026325
2026-04-20 22:31: Train Epoch 1666: 0/37 Loss: 0.038516
2026-04-20 22:31: Train Epoch 1666: 20/37 Loss: 0.009647
2026-04-20 22:31: **********Train Epoch 1666: averaged Loss: 0.011128
2026-04-20 22:31: **********Val Epoch 1666: average Loss: 0.005898
2026-04-20 22:31: Train Epoch 1667: 0/37 Loss: 0.025677
2026-04-20 22:31: Train Epoch 1667: 20/37 Loss: 0.004197
2026-04-20 22:31: **********Train Epoch 1667: averaged Loss: 0.008175
2026-04-20 22:31: **********Val Epoch 1667: average Loss: 0.008083
2026-04-20 22:31: Train Epoch 1668: 0/37 Loss: 0.010612
2026-04-20 22:31: Train Epoch 1668: 20/37 Loss: 0.004233
2026-04-20 22:31: **********Train Epoch 1668: averaged Loss: 0.005831
2026-04-20 22:31: **********Val Epoch 1668: average Loss: 0.014579
2026-04-20 22:31: Train Epoch 1669: 0/37 Loss: 0.002420
2026-04-20 22:31: Train Epoch 1669: 20/37 Loss: 0.004184
2026-04-20 22:31: **********Train Epoch 1669: averaged Loss: 0.005036
2026-04-20 22:31: **********Val Epoch 1669: average Loss: 0.004425
2026-04-20 22:31: Train Epoch 1670: 0/37 Loss: 0.006918
2026-04-20 22:31: Train Epoch 1670: 20/37 Loss: 0.008116
2026-04-20 22:31: **********Train Epoch 1670: averaged Loss: 0.005545
2026-04-20 22:31: **********Val Epoch 1670: average Loss: 0.009324
2026-04-20 22:31: Train Epoch 1671: 0/37 Loss: 0.027850
2026-04-20 22:31: Train Epoch 1671: 20/37 Loss: 0.004862
2026-04-20 22:31: **********Train Epoch 1671: averaged Loss: 0.009836
2026-04-20 22:31: **********Val Epoch 1671: average Loss: 0.021376
2026-04-20 22:31: Train Epoch 1672: 0/37 Loss: 0.005345
2026-04-20 22:31: Train Epoch 1672: 20/37 Loss: 0.005735
2026-04-20 22:31: **********Train Epoch 1672: averaged Loss: 0.005928
2026-04-20 22:31: **********Val Epoch 1672: average Loss: 0.012459
2026-04-20 22:31: Train Epoch 1673: 0/37 Loss: 0.003315
2026-04-20 22:31: Train Epoch 1673: 20/37 Loss: 0.004367
2026-04-20 22:31: **********Train Epoch 1673: averaged Loss: 0.005767
2026-04-20 22:31: **********Val Epoch 1673: average Loss: 0.015299
2026-04-20 22:31: Train Epoch 1674: 0/37 Loss: 0.014805
2026-04-20 22:31: Train Epoch 1674: 20/37 Loss: 0.004164
2026-04-20 22:31: **********Train Epoch 1674: averaged Loss: 0.006397
2026-04-20 22:31: **********Val Epoch 1674: average Loss: 0.006965
2026-04-20 22:31: Train Epoch 1675: 0/37 Loss: 0.012558
2026-04-20 22:32: Train Epoch 1675: 20/37 Loss: 0.008302
2026-04-20 22:32: **********Train Epoch 1675: averaged Loss: 0.008928
2026-04-20 22:32: **********Val Epoch 1675: average Loss: 0.010804
2026-04-20 22:32: Train Epoch 1676: 0/37 Loss: 0.018219
2026-04-20 22:32: Train Epoch 1676: 20/37 Loss: 0.004219
2026-04-20 22:32: **********Train Epoch 1676: averaged Loss: 0.010061
2026-04-20 22:32: **********Val Epoch 1676: average Loss: 0.031034
2026-04-20 22:32: Train Epoch 1677: 0/37 Loss: 0.009777
2026-04-20 22:32: Train Epoch 1677: 20/37 Loss: 0.007670
2026-04-20 22:32: **********Train Epoch 1677: averaged Loss: 0.007770
2026-04-20 22:32: **********Val Epoch 1677: average Loss: 0.010999
2026-04-20 22:32: Train Epoch 1678: 0/37 Loss: 0.037744
2026-04-20 22:32: Train Epoch 1678: 20/37 Loss: 0.006576
2026-04-20 22:32: **********Train Epoch 1678: averaged Loss: 0.011042
2026-04-20 22:32: **********Val Epoch 1678: average Loss: 0.005073
2026-04-20 22:32: Train Epoch 1679: 0/37 Loss: 0.010359
2026-04-20 22:32: Train Epoch 1679: 20/37 Loss: 0.004309
2026-04-20 22:32: **********Train Epoch 1679: averaged Loss: 0.008288
2026-04-20 22:32: **********Val Epoch 1679: average Loss: 0.034664
2026-04-20 22:32: Train Epoch 1680: 0/37 Loss: 0.027927
2026-04-20 22:32: Train Epoch 1680: 20/37 Loss: 0.006773
2026-04-20 22:32: **********Train Epoch 1680: averaged Loss: 0.010479
2026-04-20 22:32: **********Val Epoch 1680: average Loss: 0.007773
2026-04-20 22:32: Train Epoch 1681: 0/37 Loss: 0.017667
2026-04-20 22:32: Train Epoch 1681: 20/37 Loss: 0.005127
2026-04-20 22:32: **********Train Epoch 1681: averaged Loss: 0.008244
2026-04-20 22:32: **********Val Epoch 1681: average Loss: 0.017562
2026-04-20 22:32: Train Epoch 1682: 0/37 Loss: 0.008689
2026-04-20 22:32: Train Epoch 1682: 20/37 Loss: 0.006312
2026-04-20 22:32: **********Train Epoch 1682: averaged Loss: 0.005258
2026-04-20 22:32: **********Val Epoch 1682: average Loss: 0.012105
2026-04-20 22:32: Train Epoch 1683: 0/37 Loss: 0.016663
2026-04-20 22:32: Train Epoch 1683: 20/37 Loss: 0.004516
2026-04-20 22:32: **********Train Epoch 1683: averaged Loss: 0.007082
2026-04-20 22:32: **********Val Epoch 1683: average Loss: 0.007732
2026-04-20 22:32: Train Epoch 1684: 0/37 Loss: 0.018812
2026-04-20 22:32: Train Epoch 1684: 20/37 Loss: 0.004703
2026-04-20 22:32: **********Train Epoch 1684: averaged Loss: 0.007250
2026-04-20 22:32: **********Val Epoch 1684: average Loss: 0.011651
2026-04-20 22:32: Train Epoch 1685: 0/37 Loss: 0.013809
2026-04-20 22:32: Train Epoch 1685: 20/37 Loss: 0.004393
2026-04-20 22:32: **********Train Epoch 1685: averaged Loss: 0.005562
2026-04-20 22:32: **********Val Epoch 1685: average Loss: 0.015312
2026-04-20 22:32: Train Epoch 1686: 0/37 Loss: 0.009153
2026-04-20 22:32: Train Epoch 1686: 20/37 Loss: 0.004510
2026-04-20 22:32: **********Train Epoch 1686: averaged Loss: 0.006667
2026-04-20 22:32: **********Val Epoch 1686: average Loss: 0.007856
2026-04-20 22:32: Train Epoch 1687: 0/37 Loss: 0.018456
2026-04-20 22:32: Train Epoch 1687: 20/37 Loss: 0.007739
2026-04-20 22:32: **********Train Epoch 1687: averaged Loss: 0.011526
2026-04-20 22:32: **********Val Epoch 1687: average Loss: 0.019469
2026-04-20 22:32: Train Epoch 1688: 0/37 Loss: 0.001842
2026-04-20 22:32: Train Epoch 1688: 20/37 Loss: 0.012103
2026-04-20 22:32: **********Train Epoch 1688: averaged Loss: 0.009441
2026-04-20 22:32: **********Val Epoch 1688: average Loss: 0.011103
2026-04-20 22:32: Train Epoch 1689: 0/37 Loss: 0.024165
2026-04-20 22:32: Train Epoch 1689: 20/37 Loss: 0.006692
2026-04-20 22:32: **********Train Epoch 1689: averaged Loss: 0.011220
2026-04-20 22:32: **********Val Epoch 1689: average Loss: 0.019464
2026-04-20 22:32: Train Epoch 1690: 0/37 Loss: 0.002699
2026-04-20 22:32: Train Epoch 1690: 20/37 Loss: 0.004622
2026-04-20 22:32: **********Train Epoch 1690: averaged Loss: 0.006214
2026-04-20 22:32: **********Val Epoch 1690: average Loss: 0.010190
2026-04-20 22:32: Train Epoch 1691: 0/37 Loss: 0.006169
2026-04-20 22:32: Train Epoch 1691: 20/37 Loss: 0.005339
2026-04-20 22:32: **********Train Epoch 1691: averaged Loss: 0.006858
2026-04-20 22:32: **********Val Epoch 1691: average Loss: 0.019060
2026-04-20 22:32: Train Epoch 1692: 0/37 Loss: 0.014600
2026-04-20 22:32: Train Epoch 1692: 20/37 Loss: 0.007142
2026-04-20 22:32: **********Train Epoch 1692: averaged Loss: 0.007749
2026-04-20 22:32: **********Val Epoch 1692: average Loss: 0.007363
2026-04-20 22:32: Train Epoch 1693: 0/37 Loss: 0.022596
2026-04-20 22:32: Train Epoch 1693: 20/37 Loss: 0.007836
2026-04-20 22:32: **********Train Epoch 1693: averaged Loss: 0.007823
2026-04-20 22:32: **********Val Epoch 1693: average Loss: 0.007664
2026-04-20 22:32: Train Epoch 1694: 0/37 Loss: 0.005727
2026-04-20 22:32: Train Epoch 1694: 20/37 Loss: 0.007335
2026-04-20 22:32: **********Train Epoch 1694: averaged Loss: 0.005948
2026-04-20 22:32: **********Val Epoch 1694: average Loss: 0.005910
2026-04-20 22:32: Train Epoch 1695: 0/37 Loss: 0.013614
2026-04-20 22:32: Train Epoch 1695: 20/37 Loss: 0.007577
2026-04-20 22:32: **********Train Epoch 1695: averaged Loss: 0.008634
2026-04-20 22:32: **********Val Epoch 1695: average Loss: 0.005954
2026-04-20 22:32: Train Epoch 1696: 0/37 Loss: 0.040016
2026-04-20 22:32: Train Epoch 1696: 20/37 Loss: 0.011203
2026-04-20 22:32: **********Train Epoch 1696: averaged Loss: 0.013234
2026-04-20 22:32: **********Val Epoch 1696: average Loss: 0.010337
2026-04-20 22:32: Train Epoch 1697: 0/37 Loss: 0.040036
2026-04-20 22:32: Train Epoch 1697: 20/37 Loss: 0.007982
2026-04-20 22:32: **********Train Epoch 1697: averaged Loss: 0.011052
2026-04-20 22:32: **********Val Epoch 1697: average Loss: 0.005727
2026-04-20 22:32: Train Epoch 1698: 0/37 Loss: 0.031477
2026-04-20 22:32: Train Epoch 1698: 20/37 Loss: 0.005121
2026-04-20 22:32: **********Train Epoch 1698: averaged Loss: 0.009009
2026-04-20 22:32: **********Val Epoch 1698: average Loss: 0.005206
2026-04-20 22:32: Train Epoch 1699: 0/37 Loss: 0.020245
2026-04-20 22:32: Train Epoch 1699: 20/37 Loss: 0.006492
2026-04-20 22:32: **********Train Epoch 1699: averaged Loss: 0.006677
2026-04-20 22:32: **********Val Epoch 1699: average Loss: 0.005263
2026-04-20 22:32: Train Epoch 1700: 0/37 Loss: 0.002874
2026-04-20 22:32: Train Epoch 1700: 20/37 Loss: 0.006183
2026-04-20 22:32: **********Train Epoch 1700: averaged Loss: 0.004239
2026-04-20 22:32: **********Val Epoch 1700: average Loss: 0.004445
2026-04-20 22:32: Train Epoch 1701: 0/37 Loss: 0.010206
2026-04-20 22:32: Train Epoch 1701: 20/37 Loss: 0.004141
2026-04-20 22:32: **********Train Epoch 1701: averaged Loss: 0.006533
2026-04-20 22:32: **********Val Epoch 1701: average Loss: 0.019194
2026-04-20 22:32: Train Epoch 1702: 0/37 Loss: 0.038784
2026-04-20 22:32: Train Epoch 1702: 20/37 Loss: 0.005732
2026-04-20 22:32: **********Train Epoch 1702: averaged Loss: 0.010719
2026-04-20 22:32: **********Val Epoch 1702: average Loss: 0.004075
2026-04-20 22:32: Train Epoch 1703: 0/37 Loss: 0.012221
2026-04-20 22:32: Train Epoch 1703: 20/37 Loss: 0.006313
2026-04-20 22:33: **********Train Epoch 1703: averaged Loss: 0.006774
2026-04-20 22:33: **********Val Epoch 1703: average Loss: 0.004624
2026-04-20 22:33: Train Epoch 1704: 0/37 Loss: 0.014657
2026-04-20 22:33: Train Epoch 1704: 20/37 Loss: 0.004806
2026-04-20 22:33: **********Train Epoch 1704: averaged Loss: 0.010348
2026-04-20 22:33: **********Val Epoch 1704: average Loss: 0.037063
2026-04-20 22:33: Train Epoch 1705: 0/37 Loss: 0.019595
2026-04-20 22:33: Train Epoch 1705: 20/37 Loss: 0.012894
2026-04-20 22:33: **********Train Epoch 1705: averaged Loss: 0.010787
2026-04-20 22:33: **********Val Epoch 1705: average Loss: 0.008283
2026-04-20 22:33: Train Epoch 1706: 0/37 Loss: 0.058311
2026-04-20 22:33: Train Epoch 1706: 20/37 Loss: 0.006402
2026-04-20 22:33: **********Train Epoch 1706: averaged Loss: 0.015886
2026-04-20 22:33: **********Val Epoch 1706: average Loss: 0.009595
2026-04-20 22:33: Train Epoch 1707: 0/37 Loss: 0.027738
2026-04-20 22:33: Train Epoch 1707: 20/37 Loss: 0.005150
2026-04-20 22:33: **********Train Epoch 1707: averaged Loss: 0.011974
2026-04-20 22:33: **********Val Epoch 1707: average Loss: 0.032809
2026-04-20 22:33: Train Epoch 1708: 0/37 Loss: 0.005126
2026-04-20 22:33: Train Epoch 1708: 20/37 Loss: 0.010246
2026-04-20 22:33: **********Train Epoch 1708: averaged Loss: 0.006414
2026-04-20 22:33: **********Val Epoch 1708: average Loss: 0.006134
2026-04-20 22:33: Train Epoch 1709: 0/37 Loss: 0.017433
2026-04-20 22:33: Train Epoch 1709: 20/37 Loss: 0.005251
2026-04-20 22:33: **********Train Epoch 1709: averaged Loss: 0.007595
2026-04-20 22:33: **********Val Epoch 1709: average Loss: 0.014540
2026-04-20 22:33: Train Epoch 1710: 0/37 Loss: 0.004449
2026-04-20 22:33: Train Epoch 1710: 20/37 Loss: 0.008404
2026-04-20 22:33: **********Train Epoch 1710: averaged Loss: 0.007839
2026-04-20 22:33: **********Val Epoch 1710: average Loss: 0.018304
2026-04-20 22:33: Train Epoch 1711: 0/37 Loss: 0.012675
2026-04-20 22:33: Train Epoch 1711: 20/37 Loss: 0.004802
2026-04-20 22:33: **********Train Epoch 1711: averaged Loss: 0.007040
2026-04-20 22:33: **********Val Epoch 1711: average Loss: 0.010202
2026-04-20 22:33: Train Epoch 1712: 0/37 Loss: 0.012283
2026-04-20 22:33: Train Epoch 1712: 20/37 Loss: 0.007488
2026-04-20 22:33: **********Train Epoch 1712: averaged Loss: 0.005312
2026-04-20 22:33: **********Val Epoch 1712: average Loss: 0.004812
2026-04-20 22:33: Train Epoch 1713: 0/37 Loss: 0.006163
2026-04-20 22:33: Train Epoch 1713: 20/37 Loss: 0.004820
2026-04-20 22:33: **********Train Epoch 1713: averaged Loss: 0.005397
2026-04-20 22:33: **********Val Epoch 1713: average Loss: 0.006035
2026-04-20 22:33: Train Epoch 1714: 0/37 Loss: 0.015515
2026-04-20 22:33: Train Epoch 1714: 20/37 Loss: 0.006820
2026-04-20 22:33: **********Train Epoch 1714: averaged Loss: 0.009040
2026-04-20 22:33: **********Val Epoch 1714: average Loss: 0.025421
2026-04-20 22:33: Train Epoch 1715: 0/37 Loss: 0.039419
2026-04-20 22:33: Train Epoch 1715: 20/37 Loss: 0.005607
2026-04-20 22:33: **********Train Epoch 1715: averaged Loss: 0.010761
2026-04-20 22:33: **********Val Epoch 1715: average Loss: 0.008056
2026-04-20 22:33: Train Epoch 1716: 0/37 Loss: 0.003961
2026-04-20 22:33: Train Epoch 1716: 20/37 Loss: 0.004343
2026-04-20 22:33: **********Train Epoch 1716: averaged Loss: 0.005388
2026-04-20 22:33: **********Val Epoch 1716: average Loss: 0.009174
2026-04-20 22:33: Train Epoch 1717: 0/37 Loss: 0.021385
2026-04-20 22:33: Train Epoch 1717: 20/37 Loss: 0.005737
2026-04-20 22:33: **********Train Epoch 1717: averaged Loss: 0.007062
2026-04-20 22:33: **********Val Epoch 1717: average Loss: 0.005029
2026-04-20 22:33: Train Epoch 1718: 0/37 Loss: 0.002366
2026-04-20 22:33: Train Epoch 1718: 20/37 Loss: 0.004895
2026-04-20 22:33: **********Train Epoch 1718: averaged Loss: 0.005976
2026-04-20 22:33: **********Val Epoch 1718: average Loss: 0.020836
2026-04-20 22:33: Train Epoch 1719: 0/37 Loss: 0.008647
2026-04-20 22:33: Train Epoch 1719: 20/37 Loss: 0.005608
2026-04-20 22:33: **********Train Epoch 1719: averaged Loss: 0.005522
2026-04-20 22:33: **********Val Epoch 1719: average Loss: 0.011085
2026-04-20 22:33: Train Epoch 1720: 0/37 Loss: 0.015801
2026-04-20 22:33: Train Epoch 1720: 20/37 Loss: 0.006345
2026-04-20 22:33: **********Train Epoch 1720: averaged Loss: 0.006998
2026-04-20 22:33: **********Val Epoch 1720: average Loss: 0.006661
2026-04-20 22:33: Train Epoch 1721: 0/37 Loss: 0.005771
2026-04-20 22:33: Train Epoch 1721: 20/37 Loss: 0.005298
2026-04-20 22:33: **********Train Epoch 1721: averaged Loss: 0.004782
2026-04-20 22:33: **********Val Epoch 1721: average Loss: 0.004790
2026-04-20 22:33: Train Epoch 1722: 0/37 Loss: 0.015967
2026-04-20 22:33: Train Epoch 1722: 20/37 Loss: 0.006393
2026-04-20 22:33: **********Train Epoch 1722: averaged Loss: 0.005668
2026-04-20 22:33: **********Val Epoch 1722: average Loss: 0.007042
2026-04-20 22:33: Train Epoch 1723: 0/37 Loss: 0.003850
2026-04-20 22:33: Train Epoch 1723: 20/37 Loss: 0.004357
2026-04-20 22:33: **********Train Epoch 1723: averaged Loss: 0.004725
2026-04-20 22:33: **********Val Epoch 1723: average Loss: 0.007104
2026-04-20 22:33: Train Epoch 1724: 0/37 Loss: 0.012091
2026-04-20 22:33: Train Epoch 1724: 20/37 Loss: 0.004559
2026-04-20 22:33: **********Train Epoch 1724: averaged Loss: 0.006086
2026-04-20 22:33: **********Val Epoch 1724: average Loss: 0.006074
2026-04-20 22:33: Train Epoch 1725: 0/37 Loss: 0.005280
2026-04-20 22:33: Train Epoch 1725: 20/37 Loss: 0.006646
2026-04-20 22:33: **********Train Epoch 1725: averaged Loss: 0.005330
2026-04-20 22:33: **********Val Epoch 1725: average Loss: 0.006875
2026-04-20 22:33: Train Epoch 1726: 0/37 Loss: 0.008941
2026-04-20 22:33: Train Epoch 1726: 20/37 Loss: 0.004273
2026-04-20 22:33: **********Train Epoch 1726: averaged Loss: 0.009254
2026-04-20 22:33: **********Val Epoch 1726: average Loss: 0.019332
2026-04-20 22:33: Train Epoch 1727: 0/37 Loss: 0.017470
2026-04-20 22:33: Train Epoch 1727: 20/37 Loss: 0.017477
2026-04-20 22:33: **********Train Epoch 1727: averaged Loss: 0.010978
2026-04-20 22:33: **********Val Epoch 1727: average Loss: 0.007793
2026-04-20 22:33: Train Epoch 1728: 0/37 Loss: 0.048706
2026-04-20 22:33: Train Epoch 1728: 20/37 Loss: 0.014032
2026-04-20 22:33: **********Train Epoch 1728: averaged Loss: 0.015325
2026-04-20 22:33: **********Val Epoch 1728: average Loss: 0.008348
2026-04-20 22:33: Train Epoch 1729: 0/37 Loss: 0.003756
2026-04-20 22:33: Train Epoch 1729: 20/37 Loss: 0.007046
2026-04-20 22:33: **********Train Epoch 1729: averaged Loss: 0.007665
2026-04-20 22:33: **********Val Epoch 1729: average Loss: 0.007878
2026-04-20 22:33: Train Epoch 1730: 0/37 Loss: 0.012423
2026-04-20 22:33: Train Epoch 1730: 20/37 Loss: 0.005204
2026-04-20 22:33: **********Train Epoch 1730: averaged Loss: 0.009409
2026-04-20 22:33: **********Val Epoch 1730: average Loss: 0.010317
2026-04-20 22:33: Train Epoch 1731: 0/37 Loss: 0.025278
2026-04-20 22:33: Train Epoch 1731: 20/37 Loss: 0.020686
2026-04-20 22:33: **********Train Epoch 1731: averaged Loss: 0.011755
2026-04-20 22:33: **********Val Epoch 1731: average Loss: 0.005661
2026-04-20 22:33: Train Epoch 1732: 0/37 Loss: 0.045152
2026-04-20 22:34: Train Epoch 1732: 20/37 Loss: 0.010380
2026-04-20 22:34: **********Train Epoch 1732: averaged Loss: 0.013921
2026-04-20 22:34: **********Val Epoch 1732: average Loss: 0.007285
2026-04-20 22:34: Train Epoch 1733: 0/37 Loss: 0.012359
2026-04-20 22:34: Train Epoch 1733: 20/37 Loss: 0.004303
2026-04-20 22:34: **********Train Epoch 1733: averaged Loss: 0.005753
2026-04-20 22:34: **********Val Epoch 1733: average Loss: 0.006508
2026-04-20 22:34: Train Epoch 1734: 0/37 Loss: 0.002078
2026-04-20 22:34: Train Epoch 1734: 20/37 Loss: 0.004458
2026-04-20 22:34: **********Train Epoch 1734: averaged Loss: 0.006048
2026-04-20 22:34: **********Val Epoch 1734: average Loss: 0.007610
2026-04-20 22:34: Train Epoch 1735: 0/37 Loss: 0.015223
2026-04-20 22:34: Train Epoch 1735: 20/37 Loss: 0.004291
2026-04-20 22:34: **********Train Epoch 1735: averaged Loss: 0.007666
2026-04-20 22:34: **********Val Epoch 1735: average Loss: 0.010004
2026-04-20 22:34: Train Epoch 1736: 0/37 Loss: 0.016409
2026-04-20 22:34: Train Epoch 1736: 20/37 Loss: 0.004659
2026-04-20 22:34: **********Train Epoch 1736: averaged Loss: 0.009576
2026-04-20 22:34: **********Val Epoch 1736: average Loss: 0.014632
2026-04-20 22:34: Train Epoch 1737: 0/37 Loss: 0.004174
2026-04-20 22:34: Train Epoch 1737: 20/37 Loss: 0.010239
2026-04-20 22:34: **********Train Epoch 1737: averaged Loss: 0.006577
2026-04-20 22:34: **********Val Epoch 1737: average Loss: 0.011300
2026-04-20 22:34: Train Epoch 1738: 0/37 Loss: 0.031867
2026-04-20 22:34: Train Epoch 1738: 20/37 Loss: 0.005057
2026-04-20 22:34: **********Train Epoch 1738: averaged Loss: 0.013889
2026-04-20 22:34: **********Val Epoch 1738: average Loss: 0.011138
2026-04-20 22:34: Train Epoch 1739: 0/37 Loss: 0.029852
2026-04-20 22:34: Train Epoch 1739: 20/37 Loss: 0.015829
2026-04-20 22:34: **********Train Epoch 1739: averaged Loss: 0.010897
2026-04-20 22:34: **********Val Epoch 1739: average Loss: 0.005550
2026-04-20 22:34: Train Epoch 1740: 0/37 Loss: 0.009665
2026-04-20 22:34: Train Epoch 1740: 20/37 Loss: 0.004891
2026-04-20 22:34: **********Train Epoch 1740: averaged Loss: 0.009159
2026-04-20 22:34: **********Val Epoch 1740: average Loss: 0.012533
2026-04-20 22:34: Train Epoch 1741: 0/37 Loss: 0.031780
2026-04-20 22:34: Train Epoch 1741: 20/37 Loss: 0.018833
2026-04-20 22:34: **********Train Epoch 1741: averaged Loss: 0.010693
2026-04-20 22:34: **********Val Epoch 1741: average Loss: 0.005862
2026-04-20 22:34: Train Epoch 1742: 0/37 Loss: 0.005336
2026-04-20 22:34: Train Epoch 1742: 20/37 Loss: 0.004192
2026-04-20 22:34: **********Train Epoch 1742: averaged Loss: 0.007927
2026-04-20 22:34: **********Val Epoch 1742: average Loss: 0.012928
2026-04-20 22:34: Train Epoch 1743: 0/37 Loss: 0.024752
2026-04-20 22:34: Train Epoch 1743: 20/37 Loss: 0.004241
2026-04-20 22:34: **********Train Epoch 1743: averaged Loss: 0.008263
2026-04-20 22:34: **********Val Epoch 1743: average Loss: 0.009326
2026-04-20 22:34: Train Epoch 1744: 0/37 Loss: 0.015289
2026-04-20 22:34: Train Epoch 1744: 20/37 Loss: 0.011373
2026-04-20 22:34: **********Train Epoch 1744: averaged Loss: 0.010635
2026-04-20 22:34: **********Val Epoch 1744: average Loss: 0.037960
2026-04-20 22:34: Train Epoch 1745: 0/37 Loss: 0.005973
2026-04-20 22:34: Train Epoch 1745: 20/37 Loss: 0.004229
2026-04-20 22:34: **********Train Epoch 1745: averaged Loss: 0.008494
2026-04-20 22:34: **********Val Epoch 1745: average Loss: 0.012414
2026-04-20 22:34: Train Epoch 1746: 0/37 Loss: 0.055790
2026-04-20 22:34: Train Epoch 1746: 20/37 Loss: 0.006830
2026-04-20 22:34: **********Train Epoch 1746: averaged Loss: 0.015653
2026-04-20 22:34: **********Val Epoch 1746: average Loss: 0.007774
2026-04-20 22:34: Train Epoch 1747: 0/37 Loss: 0.036118
2026-04-20 22:34: Train Epoch 1747: 20/37 Loss: 0.007312
2026-04-20 22:34: **********Train Epoch 1747: averaged Loss: 0.010948
2026-04-20 22:34: **********Val Epoch 1747: average Loss: 0.015431
2026-04-20 22:34: Train Epoch 1748: 0/37 Loss: 0.027692
2026-04-20 22:34: Train Epoch 1748: 20/37 Loss: 0.005105
2026-04-20 22:34: **********Train Epoch 1748: averaged Loss: 0.009792
2026-04-20 22:34: **********Val Epoch 1748: average Loss: 0.029120
2026-04-20 22:34: Train Epoch 1749: 0/37 Loss: 0.007691
2026-04-20 22:34: Train Epoch 1749: 20/37 Loss: 0.004299
2026-04-20 22:34: **********Train Epoch 1749: averaged Loss: 0.004961
2026-04-20 22:34: **********Val Epoch 1749: average Loss: 0.007124
2026-04-20 22:34: Train Epoch 1750: 0/37 Loss: 0.003444
2026-04-20 22:34: Train Epoch 1750: 20/37 Loss: 0.005513
2026-04-20 22:34: **********Train Epoch 1750: averaged Loss: 0.006436
2026-04-20 22:34: **********Val Epoch 1750: average Loss: 0.023630
2026-04-20 22:34: Train Epoch 1751: 0/37 Loss: 0.005463
2026-04-20 22:34: Train Epoch 1751: 20/37 Loss: 0.007027
2026-04-20 22:34: **********Train Epoch 1751: averaged Loss: 0.006374
2026-04-20 22:34: **********Val Epoch 1751: average Loss: 0.011200
2026-04-20 22:34: Train Epoch 1752: 0/37 Loss: 0.023300
2026-04-20 22:34: Train Epoch 1752: 20/37 Loss: 0.005087
2026-04-20 22:34: **********Train Epoch 1752: averaged Loss: 0.008468
2026-04-20 22:34: **********Val Epoch 1752: average Loss: 0.010830
2026-04-20 22:34: Train Epoch 1753: 0/37 Loss: 0.003238
2026-04-20 22:34: Train Epoch 1753: 20/37 Loss: 0.004565
2026-04-20 22:34: **********Train Epoch 1753: averaged Loss: 0.006363
2026-04-20 22:34: **********Val Epoch 1753: average Loss: 0.029267
2026-04-20 22:34: Train Epoch 1754: 0/37 Loss: 0.005188
2026-04-20 22:34: Train Epoch 1754: 20/37 Loss: 0.004394
2026-04-20 22:34: **********Train Epoch 1754: averaged Loss: 0.006107
2026-04-20 22:34: **********Val Epoch 1754: average Loss: 0.009449
2026-04-20 22:34: Train Epoch 1755: 0/37 Loss: 0.028794
2026-04-20 22:34: Train Epoch 1755: 20/37 Loss: 0.004829
2026-04-20 22:34: **********Train Epoch 1755: averaged Loss: 0.008267
2026-04-20 22:34: **********Val Epoch 1755: average Loss: 0.004600
2026-04-20 22:34: Train Epoch 1756: 0/37 Loss: 0.018341
2026-04-20 22:34: Train Epoch 1756: 20/37 Loss: 0.005103
2026-04-20 22:34: **********Train Epoch 1756: averaged Loss: 0.006512
2026-04-20 22:34: **********Val Epoch 1756: average Loss: 0.007122
2026-04-20 22:34: Train Epoch 1757: 0/37 Loss: 0.010468
2026-04-20 22:34: Train Epoch 1757: 20/37 Loss: 0.004520
2026-04-20 22:34: **********Train Epoch 1757: averaged Loss: 0.005307
2026-04-20 22:34: **********Val Epoch 1757: average Loss: 0.005517
2026-04-20 22:34: Train Epoch 1758: 0/37 Loss: 0.004950
2026-04-20 22:34: Train Epoch 1758: 20/37 Loss: 0.004268
2026-04-20 22:34: **********Train Epoch 1758: averaged Loss: 0.005082
2026-04-20 22:34: **********Val Epoch 1758: average Loss: 0.011408
2026-04-20 22:34: Train Epoch 1759: 0/37 Loss: 0.029161
2026-04-20 22:34: Train Epoch 1759: 20/37 Loss: 0.004627
2026-04-20 22:34: **********Train Epoch 1759: averaged Loss: 0.010185
2026-04-20 22:34: **********Val Epoch 1759: average Loss: 0.016366
2026-04-20 22:34: Train Epoch 1760: 0/37 Loss: 0.023194
2026-04-20 22:34: Train Epoch 1760: 20/37 Loss: 0.009615
2026-04-20 22:35: **********Train Epoch 1760: averaged Loss: 0.011752
2026-04-20 22:35: **********Val Epoch 1760: average Loss: 0.033380
2026-04-20 22:35: Train Epoch 1761: 0/37 Loss: 0.002289
2026-04-20 22:35: Train Epoch 1761: 20/37 Loss: 0.012410
2026-04-20 22:35: **********Train Epoch 1761: averaged Loss: 0.009986
2026-04-20 22:35: **********Val Epoch 1761: average Loss: 0.025530
2026-04-20 22:35: Train Epoch 1762: 0/37 Loss: 0.014541
2026-04-20 22:35: Train Epoch 1762: 20/37 Loss: 0.007268
2026-04-20 22:35: **********Train Epoch 1762: averaged Loss: 0.006776
2026-04-20 22:35: **********Val Epoch 1762: average Loss: 0.010331
2026-04-20 22:35: Train Epoch 1763: 0/37 Loss: 0.007462
2026-04-20 22:35: Train Epoch 1763: 20/37 Loss: 0.004293
2026-04-20 22:35: **********Train Epoch 1763: averaged Loss: 0.006267
2026-04-20 22:35: **********Val Epoch 1763: average Loss: 0.023542
2026-04-20 22:35: Train Epoch 1764: 0/37 Loss: 0.007027
2026-04-20 22:35: Train Epoch 1764: 20/37 Loss: 0.005224
2026-04-20 22:35: **********Train Epoch 1764: averaged Loss: 0.004916
2026-04-20 22:35: **********Val Epoch 1764: average Loss: 0.006980
2026-04-20 22:35: Train Epoch 1765: 0/37 Loss: 0.003242
2026-04-20 22:35: Train Epoch 1765: 20/37 Loss: 0.005691
2026-04-20 22:35: **********Train Epoch 1765: averaged Loss: 0.006789
2026-04-20 22:35: **********Val Epoch 1765: average Loss: 0.032206
2026-04-20 22:35: Train Epoch 1766: 0/37 Loss: 0.022251
2026-04-20 22:35: Train Epoch 1766: 20/37 Loss: 0.017936
2026-04-20 22:35: **********Train Epoch 1766: averaged Loss: 0.010836
2026-04-20 22:35: **********Val Epoch 1766: average Loss: 0.014567
2026-04-20 22:35: Train Epoch 1767: 0/37 Loss: 0.018474
2026-04-20 22:35: Train Epoch 1767: 20/37 Loss: 0.006118
2026-04-20 22:35: **********Train Epoch 1767: averaged Loss: 0.007171
2026-04-20 22:35: **********Val Epoch 1767: average Loss: 0.016961
2026-04-20 22:35: Train Epoch 1768: 0/37 Loss: 0.012888
2026-04-20 22:35: Train Epoch 1768: 20/37 Loss: 0.004969
2026-04-20 22:35: **********Train Epoch 1768: averaged Loss: 0.006175
2026-04-20 22:35: **********Val Epoch 1768: average Loss: 0.012062
2026-04-20 22:35: Train Epoch 1769: 0/37 Loss: 0.002938
2026-04-20 22:35: Train Epoch 1769: 20/37 Loss: 0.004971
2026-04-20 22:35: **********Train Epoch 1769: averaged Loss: 0.004953
2026-04-20 22:35: **********Val Epoch 1769: average Loss: 0.005693
2026-04-20 22:35: Train Epoch 1770: 0/37 Loss: 0.007180
2026-04-20 22:35: Train Epoch 1770: 20/37 Loss: 0.007828
2026-04-20 22:35: **********Train Epoch 1770: averaged Loss: 0.005665
2026-04-20 22:35: **********Val Epoch 1770: average Loss: 0.005374
2026-04-20 22:35: Train Epoch 1771: 0/37 Loss: 0.024538
2026-04-20 22:35: Train Epoch 1771: 20/37 Loss: 0.006659
2026-04-20 22:35: **********Train Epoch 1771: averaged Loss: 0.008069
2026-04-20 22:35: **********Val Epoch 1771: average Loss: 0.015886
2026-04-20 22:35: Train Epoch 1772: 0/37 Loss: 0.016446
2026-04-20 22:35: Train Epoch 1772: 20/37 Loss: 0.006283
2026-04-20 22:35: **********Train Epoch 1772: averaged Loss: 0.008226
2026-04-20 22:35: **********Val Epoch 1772: average Loss: 0.014006
2026-04-20 22:35: Train Epoch 1773: 0/37 Loss: 0.027414
2026-04-20 22:35: Train Epoch 1773: 20/37 Loss: 0.004978
2026-04-20 22:35: **********Train Epoch 1773: averaged Loss: 0.010184
2026-04-20 22:35: **********Val Epoch 1773: average Loss: 0.007813
2026-04-20 22:35: Train Epoch 1774: 0/37 Loss: 0.022908
2026-04-20 22:35: Train Epoch 1774: 20/37 Loss: 0.004190
2026-04-20 22:35: **********Train Epoch 1774: averaged Loss: 0.007605
2026-04-20 22:35: **********Val Epoch 1774: average Loss: 0.006252
2026-04-20 22:35: Train Epoch 1775: 0/37 Loss: 0.001910
2026-04-20 22:35: Train Epoch 1775: 20/37 Loss: 0.006484
2026-04-20 22:35: **********Train Epoch 1775: averaged Loss: 0.005433
2026-04-20 22:35: **********Val Epoch 1775: average Loss: 0.006370
2026-04-20 22:35: Train Epoch 1776: 0/37 Loss: 0.013937
2026-04-20 22:35: Train Epoch 1776: 20/37 Loss: 0.008064
2026-04-20 22:35: **********Train Epoch 1776: averaged Loss: 0.005425
2026-04-20 22:35: **********Val Epoch 1776: average Loss: 0.008428
2026-04-20 22:35: Train Epoch 1777: 0/37 Loss: 0.014375
2026-04-20 22:35: Train Epoch 1777: 20/37 Loss: 0.004666
2026-04-20 22:35: **********Train Epoch 1777: averaged Loss: 0.007838
2026-04-20 22:35: **********Val Epoch 1777: average Loss: 0.008860
2026-04-20 22:35: Train Epoch 1778: 0/37 Loss: 0.010327
2026-04-20 22:35: Train Epoch 1778: 20/37 Loss: 0.004704
2026-04-20 22:35: **********Train Epoch 1778: averaged Loss: 0.005933
2026-04-20 22:35: **********Val Epoch 1778: average Loss: 0.011711
2026-04-20 22:35: Train Epoch 1779: 0/37 Loss: 0.020076
2026-04-20 22:35: Train Epoch 1779: 20/37 Loss: 0.005799
2026-04-20 22:35: **********Train Epoch 1779: averaged Loss: 0.009746
2026-04-20 22:35: **********Val Epoch 1779: average Loss: 0.010280
2026-04-20 22:35: Train Epoch 1780: 0/37 Loss: 0.012413
2026-04-20 22:35: Train Epoch 1780: 20/37 Loss: 0.009756
2026-04-20 22:35: **********Train Epoch 1780: averaged Loss: 0.008881
2026-04-20 22:35: **********Val Epoch 1780: average Loss: 0.004481
2026-04-20 22:35: Train Epoch 1781: 0/37 Loss: 0.040689
2026-04-20 22:35: Train Epoch 1781: 20/37 Loss: 0.012775
2026-04-20 22:35: **********Train Epoch 1781: averaged Loss: 0.016715
2026-04-20 22:35: **********Val Epoch 1781: average Loss: 0.013317
2026-04-20 22:35: Train Epoch 1782: 0/37 Loss: 0.013720
2026-04-20 22:35: Train Epoch 1782: 20/37 Loss: 0.012524
2026-04-20 22:35: **********Train Epoch 1782: averaged Loss: 0.010001
2026-04-20 22:35: **********Val Epoch 1782: average Loss: 0.007502
2026-04-20 22:35: Train Epoch 1783: 0/37 Loss: 0.025495
2026-04-20 22:35: Train Epoch 1783: 20/37 Loss: 0.009226
2026-04-20 22:35: **********Train Epoch 1783: averaged Loss: 0.012761
2026-04-20 22:35: **********Val Epoch 1783: average Loss: 0.015410
2026-04-20 22:35: Train Epoch 1784: 0/37 Loss: 0.014069
2026-04-20 22:35: Train Epoch 1784: 20/37 Loss: 0.020376
2026-04-20 22:35: **********Train Epoch 1784: averaged Loss: 0.010719
2026-04-20 22:35: **********Val Epoch 1784: average Loss: 0.010301
2026-04-20 22:35: Train Epoch 1785: 0/37 Loss: 0.031535
2026-04-20 22:35: Train Epoch 1785: 20/37 Loss: 0.012794
2026-04-20 22:35: **********Train Epoch 1785: averaged Loss: 0.016668
2026-04-20 22:35: **********Val Epoch 1785: average Loss: 0.017034
2026-04-20 22:35: Train Epoch 1786: 0/37 Loss: 0.027944
2026-04-20 22:35: Train Epoch 1786: 20/37 Loss: 0.016590
2026-04-20 22:35: **********Train Epoch 1786: averaged Loss: 0.010495
2026-04-20 22:35: **********Val Epoch 1786: average Loss: 0.006542
2026-04-20 22:35: Train Epoch 1787: 0/37 Loss: 0.006671
2026-04-20 22:35: Train Epoch 1787: 20/37 Loss: 0.006662
2026-04-20 22:35: **********Train Epoch 1787: averaged Loss: 0.009728
2026-04-20 22:35: **********Val Epoch 1787: average Loss: 0.014090
2026-04-20 22:35: Train Epoch 1788: 0/37 Loss: 0.033179
2026-04-20 22:35: Train Epoch 1788: 20/37 Loss: 0.021503
2026-04-20 22:35: **********Train Epoch 1788: averaged Loss: 0.015168
2026-04-20 22:35: **********Val Epoch 1788: average Loss: 0.016787
2026-04-20 22:35: Train Epoch 1789: 0/37 Loss: 0.020635
2026-04-20 22:36: Train Epoch 1789: 20/37 Loss: 0.025515
2026-04-20 22:36: **********Train Epoch 1789: averaged Loss: 0.011484
2026-04-20 22:36: **********Val Epoch 1789: average Loss: 0.006580
2026-04-20 22:36: Train Epoch 1790: 0/37 Loss: 0.014456
2026-04-20 22:36: Train Epoch 1790: 20/37 Loss: 0.010874
2026-04-20 22:36: **********Train Epoch 1790: averaged Loss: 0.011983
2026-04-20 22:36: **********Val Epoch 1790: average Loss: 0.021139
2026-04-20 22:36: Train Epoch 1791: 0/37 Loss: 0.032243
2026-04-20 22:36: Train Epoch 1791: 20/37 Loss: 0.005565
2026-04-20 22:36: **********Train Epoch 1791: averaged Loss: 0.013343
2026-04-20 22:36: **********Val Epoch 1791: average Loss: 0.005849
2026-04-20 22:36: Train Epoch 1792: 0/37 Loss: 0.062467
2026-04-20 22:36: Train Epoch 1792: 20/37 Loss: 0.013290
2026-04-20 22:36: **********Train Epoch 1792: averaged Loss: 0.024186
2026-04-20 22:36: **********Val Epoch 1792: average Loss: 0.048019
2026-04-20 22:36: Train Epoch 1793: 0/37 Loss: 0.033614
2026-04-20 22:36: Train Epoch 1793: 20/37 Loss: 0.023090
2026-04-20 22:36: **********Train Epoch 1793: averaged Loss: 0.013939
2026-04-20 22:36: **********Val Epoch 1793: average Loss: 0.006170
2026-04-20 22:36: Train Epoch 1794: 0/37 Loss: 0.091392
2026-04-20 22:36: Train Epoch 1794: 20/37 Loss: 0.038888
2026-04-20 22:36: **********Train Epoch 1794: averaged Loss: 0.032582
2026-04-20 22:36: **********Val Epoch 1794: average Loss: 0.014089
2026-04-20 22:36: Train Epoch 1795: 0/37 Loss: 0.005435
2026-04-20 22:36: Train Epoch 1795: 20/37 Loss: 0.004647
2026-04-20 22:36: **********Train Epoch 1795: averaged Loss: 0.011617
2026-04-20 22:36: **********Val Epoch 1795: average Loss: 0.021010
2026-04-20 22:36: Train Epoch 1796: 0/37 Loss: 0.029886
2026-04-20 22:36: Train Epoch 1796: 20/37 Loss: 0.004424
2026-04-20 22:36: **********Train Epoch 1796: averaged Loss: 0.011669
2026-04-20 22:36: **********Val Epoch 1796: average Loss: 0.005512
2026-04-20 22:36: Train Epoch 1797: 0/37 Loss: 0.008540
2026-04-20 22:36: Train Epoch 1797: 20/37 Loss: 0.006587
2026-04-20 22:36: **********Train Epoch 1797: averaged Loss: 0.008587
2026-04-20 22:36: **********Val Epoch 1797: average Loss: 0.019161
2026-04-20 22:36: Train Epoch 1798: 0/37 Loss: 0.022758
2026-04-20 22:36: Train Epoch 1798: 20/37 Loss: 0.018811
2026-04-20 22:36: **********Train Epoch 1798: averaged Loss: 0.011855
2026-04-20 22:36: **********Val Epoch 1798: average Loss: 0.007349
2026-04-20 22:36: Train Epoch 1799: 0/37 Loss: 0.036059
2026-04-20 22:36: Train Epoch 1799: 20/37 Loss: 0.004702
2026-04-20 22:36: **********Train Epoch 1799: averaged Loss: 0.015486
2026-04-20 22:36: **********Val Epoch 1799: average Loss: 0.017840
2026-04-20 22:36: Train Epoch 1800: 0/37 Loss: 0.018980
2026-04-20 22:36: Train Epoch 1800: 20/37 Loss: 0.014665
2026-04-20 22:36: **********Train Epoch 1800: averaged Loss: 0.011049
2026-04-20 22:36: **********Val Epoch 1800: average Loss: 0.012359
2026-04-20 22:36: Train Epoch 1801: 0/37 Loss: 0.005182
2026-04-20 22:36: Train Epoch 1801: 20/37 Loss: 0.004570
2026-04-20 22:36: **********Train Epoch 1801: averaged Loss: 0.006853
2026-04-20 22:36: **********Val Epoch 1801: average Loss: 0.007051
2026-04-20 22:36: Train Epoch 1802: 0/37 Loss: 0.012034
2026-04-20 22:36: Train Epoch 1802: 20/37 Loss: 0.013324
2026-04-20 22:36: **********Train Epoch 1802: averaged Loss: 0.010835
2026-04-20 22:36: **********Val Epoch 1802: average Loss: 0.005763
2026-04-20 22:36: Train Epoch 1803: 0/37 Loss: 0.028547
2026-04-20 22:36: Train Epoch 1803: 20/37 Loss: 0.005473
2026-04-20 22:36: **********Train Epoch 1803: averaged Loss: 0.010359
2026-04-20 22:36: **********Val Epoch 1803: average Loss: 0.008521
2026-04-20 22:36: Train Epoch 1804: 0/37 Loss: 0.042036
2026-04-20 22:36: Train Epoch 1804: 20/37 Loss: 0.007248
2026-04-20 22:36: **********Train Epoch 1804: averaged Loss: 0.011440
2026-04-20 22:36: **********Val Epoch 1804: average Loss: 0.006770
2026-04-20 22:36: Train Epoch 1805: 0/37 Loss: 0.031985
2026-04-20 22:36: Train Epoch 1805: 20/37 Loss: 0.009504
2026-04-20 22:36: **********Train Epoch 1805: averaged Loss: 0.011051
2026-04-20 22:36: **********Val Epoch 1805: average Loss: 0.012352
2026-04-20 22:36: Train Epoch 1806: 0/37 Loss: 0.028143
2026-04-20 22:36: Train Epoch 1806: 20/37 Loss: 0.004995
2026-04-20 22:36: **********Train Epoch 1806: averaged Loss: 0.007484
2026-04-20 22:36: **********Val Epoch 1806: average Loss: 0.006086
2026-04-20 22:36: Train Epoch 1807: 0/37 Loss: 0.004631
2026-04-20 22:36: Train Epoch 1807: 20/37 Loss: 0.004977
2026-04-20 22:36: **********Train Epoch 1807: averaged Loss: 0.007476
2026-04-20 22:36: **********Val Epoch 1807: average Loss: 0.015693
2026-04-20 22:36: Train Epoch 1808: 0/37 Loss: 0.021858
2026-04-20 22:36: Train Epoch 1808: 20/37 Loss: 0.008301
2026-04-20 22:36: **********Train Epoch 1808: averaged Loss: 0.007775
2026-04-20 22:36: **********Val Epoch 1808: average Loss: 0.005954
2026-04-20 22:36: Train Epoch 1809: 0/37 Loss: 0.006420
2026-04-20 22:36: Train Epoch 1809: 20/37 Loss: 0.008317
2026-04-20 22:36: **********Train Epoch 1809: averaged Loss: 0.006608
2026-04-20 22:36: **********Val Epoch 1809: average Loss: 0.006332
2026-04-20 22:36: Train Epoch 1810: 0/37 Loss: 0.005507
2026-04-20 22:36: Train Epoch 1810: 20/37 Loss: 0.005227
2026-04-20 22:36: **********Train Epoch 1810: averaged Loss: 0.007578
2026-04-20 22:36: **********Val Epoch 1810: average Loss: 0.005930
2026-04-20 22:36: Train Epoch 1811: 0/37 Loss: 0.030655
2026-04-20 22:36: Train Epoch 1811: 20/37 Loss: 0.007373
2026-04-20 22:36: **********Train Epoch 1811: averaged Loss: 0.009845
2026-04-20 22:36: **********Val Epoch 1811: average Loss: 0.006111
2026-04-20 22:36: Train Epoch 1812: 0/37 Loss: 0.052327
2026-04-20 22:36: Train Epoch 1812: 20/37 Loss: 0.006411
2026-04-20 22:36: **********Train Epoch 1812: averaged Loss: 0.015025
2026-04-20 22:36: **********Val Epoch 1812: average Loss: 0.007035
2026-04-20 22:36: Train Epoch 1813: 0/37 Loss: 0.033417
2026-04-20 22:36: Train Epoch 1813: 20/37 Loss: 0.009581
2026-04-20 22:36: **********Train Epoch 1813: averaged Loss: 0.011447
2026-04-20 22:36: **********Val Epoch 1813: average Loss: 0.024754
2026-04-20 22:36: Train Epoch 1814: 0/37 Loss: 0.020554
2026-04-20 22:36: Train Epoch 1814: 20/37 Loss: 0.004631
2026-04-20 22:36: **********Train Epoch 1814: averaged Loss: 0.007430
2026-04-20 22:36: **********Val Epoch 1814: average Loss: 0.006483
2026-04-20 22:36: Train Epoch 1815: 0/37 Loss: 0.027091
2026-04-20 22:36: Train Epoch 1815: 20/37 Loss: 0.004711
2026-04-20 22:36: **********Train Epoch 1815: averaged Loss: 0.009154
2026-04-20 22:36: **********Val Epoch 1815: average Loss: 0.010876
2026-04-20 22:36: Train Epoch 1816: 0/37 Loss: 0.015650
2026-04-20 22:36: Train Epoch 1816: 20/37 Loss: 0.004407
2026-04-20 22:36: **********Train Epoch 1816: averaged Loss: 0.008153
2026-04-20 22:36: **********Val Epoch 1816: average Loss: 0.032033
2026-04-20 22:36: Train Epoch 1817: 0/37 Loss: 0.017181
2026-04-20 22:36: Train Epoch 1817: 20/37 Loss: 0.025267
2026-04-20 22:37: **********Train Epoch 1817: averaged Loss: 0.011528
2026-04-20 22:37: **********Val Epoch 1817: average Loss: 0.011362
2026-04-20 22:37: Train Epoch 1818: 0/37 Loss: 0.035387
2026-04-20 22:37: Train Epoch 1818: 20/37 Loss: 0.006625
2026-04-20 22:37: **********Train Epoch 1818: averaged Loss: 0.012217
2026-04-20 22:37: **********Val Epoch 1818: average Loss: 0.007895
2026-04-20 22:37: Train Epoch 1819: 0/37 Loss: 0.015125
2026-04-20 22:37: Train Epoch 1819: 20/37 Loss: 0.009276
2026-04-20 22:37: **********Train Epoch 1819: averaged Loss: 0.010697
2026-04-20 22:37: **********Val Epoch 1819: average Loss: 0.024718
2026-04-20 22:37: Train Epoch 1820: 0/37 Loss: 0.016574
2026-04-20 22:37: Train Epoch 1820: 20/37 Loss: 0.022420
2026-04-20 22:37: **********Train Epoch 1820: averaged Loss: 0.012600
2026-04-20 22:37: **********Val Epoch 1820: average Loss: 0.019177
2026-04-20 22:37: Train Epoch 1821: 0/37 Loss: 0.040956
2026-04-20 22:37: Train Epoch 1821: 20/37 Loss: 0.004336
2026-04-20 22:37: **********Train Epoch 1821: averaged Loss: 0.012842
2026-04-20 22:37: **********Val Epoch 1821: average Loss: 0.012568
2026-04-20 22:37: Train Epoch 1822: 0/37 Loss: 0.035608
2026-04-20 22:37: Train Epoch 1822: 20/37 Loss: 0.004461
2026-04-20 22:37: **********Train Epoch 1822: averaged Loss: 0.010471
2026-04-20 22:37: **********Val Epoch 1822: average Loss: 0.006598
2026-04-20 22:37: Train Epoch 1823: 0/37 Loss: 0.006856
2026-04-20 22:37: Train Epoch 1823: 20/37 Loss: 0.005364
2026-04-20 22:37: **********Train Epoch 1823: averaged Loss: 0.006118
2026-04-20 22:37: **********Val Epoch 1823: average Loss: 0.012661
2026-04-20 22:37: Train Epoch 1824: 0/37 Loss: 0.028581
2026-04-20 22:37: Train Epoch 1824: 20/37 Loss: 0.008720
2026-04-20 22:37: **********Train Epoch 1824: averaged Loss: 0.011948
2026-04-20 22:37: **********Val Epoch 1824: average Loss: 0.030750
2026-04-20 22:37: Train Epoch 1825: 0/37 Loss: 0.010031
2026-04-20 22:37: Train Epoch 1825: 20/37 Loss: 0.018372
2026-04-20 22:37: **********Train Epoch 1825: averaged Loss: 0.009096
2026-04-20 22:37: **********Val Epoch 1825: average Loss: 0.018265
2026-04-20 22:37: Train Epoch 1826: 0/37 Loss: 0.032996
2026-04-20 22:37: Train Epoch 1826: 20/37 Loss: 0.004628
2026-04-20 22:37: **********Train Epoch 1826: averaged Loss: 0.008607
2026-04-20 22:37: **********Val Epoch 1826: average Loss: 0.006931
2026-04-20 22:37: Train Epoch 1827: 0/37 Loss: 0.019382
2026-04-20 22:37: Train Epoch 1827: 20/37 Loss: 0.008319
2026-04-20 22:37: **********Train Epoch 1827: averaged Loss: 0.007171
2026-04-20 22:37: **********Val Epoch 1827: average Loss: 0.007696
2026-04-20 22:37: Train Epoch 1828: 0/37 Loss: 0.013625
2026-04-20 22:37: Train Epoch 1828: 20/37 Loss: 0.007324
2026-04-20 22:37: **********Train Epoch 1828: averaged Loss: 0.005569
2026-04-20 22:37: **********Val Epoch 1828: average Loss: 0.014893
2026-04-20 22:37: Train Epoch 1829: 0/37 Loss: 0.009035
2026-04-20 22:37: Train Epoch 1829: 20/37 Loss: 0.004693
2026-04-20 22:37: **********Train Epoch 1829: averaged Loss: 0.006332
2026-04-20 22:37: **********Val Epoch 1829: average Loss: 0.014219
2026-04-20 22:37: Train Epoch 1830: 0/37 Loss: 0.013263
2026-04-20 22:37: Train Epoch 1830: 20/37 Loss: 0.004405
2026-04-20 22:37: **********Train Epoch 1830: averaged Loss: 0.005426
2026-04-20 22:37: **********Val Epoch 1830: average Loss: 0.004188
2026-04-20 22:37: Train Epoch 1831: 0/37 Loss: 0.017624
2026-04-20 22:37: Train Epoch 1831: 20/37 Loss: 0.015034
2026-04-20 22:37: **********Train Epoch 1831: averaged Loss: 0.010038
2026-04-20 22:37: **********Val Epoch 1831: average Loss: 0.008641
2026-04-20 22:37: Train Epoch 1832: 0/37 Loss: 0.004636
2026-04-20 22:37: Train Epoch 1832: 20/37 Loss: 0.005245
2026-04-20 22:37: **********Train Epoch 1832: averaged Loss: 0.005836
2026-04-20 22:37: **********Val Epoch 1832: average Loss: 0.024299
2026-04-20 22:37: Train Epoch 1833: 0/37 Loss: 0.009709
2026-04-20 22:37: Train Epoch 1833: 20/37 Loss: 0.004847
2026-04-20 22:37: **********Train Epoch 1833: averaged Loss: 0.006358
2026-04-20 22:37: **********Val Epoch 1833: average Loss: 0.006946
2026-04-20 22:37: Train Epoch 1834: 0/37 Loss: 0.005495
2026-04-20 22:37: Train Epoch 1834: 20/37 Loss: 0.010158
2026-04-20 22:37: **********Train Epoch 1834: averaged Loss: 0.008068
2026-04-20 22:37: **********Val Epoch 1834: average Loss: 0.016441
2026-04-20 22:37: Train Epoch 1835: 0/37 Loss: 0.008572
2026-04-20 22:37: Train Epoch 1835: 20/37 Loss: 0.004817
2026-04-20 22:37: **********Train Epoch 1835: averaged Loss: 0.004620
2026-04-20 22:37: **********Val Epoch 1835: average Loss: 0.011653
2026-04-20 22:37: Train Epoch 1836: 0/37 Loss: 0.012784
2026-04-20 22:37: Train Epoch 1836: 20/37 Loss: 0.004315
2026-04-20 22:37: **********Train Epoch 1836: averaged Loss: 0.006276
2026-04-20 22:37: **********Val Epoch 1836: average Loss: 0.005278
2026-04-20 22:37: Train Epoch 1837: 0/37 Loss: 0.016194
2026-04-20 22:37: Train Epoch 1837: 20/37 Loss: 0.009538
2026-04-20 22:37: **********Train Epoch 1837: averaged Loss: 0.007785
2026-04-20 22:37: **********Val Epoch 1837: average Loss: 0.006374
2026-04-20 22:37: Train Epoch 1838: 0/37 Loss: 0.014516
2026-04-20 22:37: Train Epoch 1838: 20/37 Loss: 0.007509
2026-04-20 22:37: **********Train Epoch 1838: averaged Loss: 0.006225
2026-04-20 22:37: **********Val Epoch 1838: average Loss: 0.011257
2026-04-20 22:37: Train Epoch 1839: 0/37 Loss: 0.017598
2026-04-20 22:37: Train Epoch 1839: 20/37 Loss: 0.004344
2026-04-20 22:37: **********Train Epoch 1839: averaged Loss: 0.008838
2026-04-20 22:37: **********Val Epoch 1839: average Loss: 0.008544
2026-04-20 22:37: Train Epoch 1840: 0/37 Loss: 0.018247
2026-04-20 22:37: Train Epoch 1840: 20/37 Loss: 0.009059
2026-04-20 22:37: **********Train Epoch 1840: averaged Loss: 0.010289
2026-04-20 22:37: **********Val Epoch 1840: average Loss: 0.005012
2026-04-20 22:37: Train Epoch 1841: 0/37 Loss: 0.027971
2026-04-20 22:37: Train Epoch 1841: 20/37 Loss: 0.011742
2026-04-20 22:37: **********Train Epoch 1841: averaged Loss: 0.011456
2026-04-20 22:37: **********Val Epoch 1841: average Loss: 0.009143
2026-04-20 22:37: Train Epoch 1842: 0/37 Loss: 0.011930
2026-04-20 22:37: Train Epoch 1842: 20/37 Loss: 0.010080
2026-04-20 22:37: **********Train Epoch 1842: averaged Loss: 0.009513
2026-04-20 22:37: **********Val Epoch 1842: average Loss: 0.007148
2026-04-20 22:37: Train Epoch 1843: 0/37 Loss: 0.021530
2026-04-20 22:37: Train Epoch 1843: 20/37 Loss: 0.007394
2026-04-20 22:37: **********Train Epoch 1843: averaged Loss: 0.011004
2026-04-20 22:37: **********Val Epoch 1843: average Loss: 0.016330
2026-04-20 22:37: Train Epoch 1844: 0/37 Loss: 0.006578
2026-04-20 22:37: Train Epoch 1844: 20/37 Loss: 0.023754
2026-04-20 22:37: **********Train Epoch 1844: averaged Loss: 0.010703
2026-04-20 22:37: **********Val Epoch 1844: average Loss: 0.010508
2026-04-20 22:37: Train Epoch 1845: 0/37 Loss: 0.040126
2026-04-20 22:37: Train Epoch 1845: 20/37 Loss: 0.004750
2026-04-20 22:37: **********Train Epoch 1845: averaged Loss: 0.013220
2026-04-20 22:37: **********Val Epoch 1845: average Loss: 0.007611
2026-04-20 22:37: Train Epoch 1846: 0/37 Loss: 0.007970
2026-04-20 22:38: Train Epoch 1846: 20/37 Loss: 0.004845
2026-04-20 22:38: **********Train Epoch 1846: averaged Loss: 0.005734
2026-04-20 22:38: **********Val Epoch 1846: average Loss: 0.004737
2026-04-20 22:38: Train Epoch 1847: 0/37 Loss: 0.010930
2026-04-20 22:38: Train Epoch 1847: 20/37 Loss: 0.004568
2026-04-20 22:38: **********Train Epoch 1847: averaged Loss: 0.007481
2026-04-20 22:38: **********Val Epoch 1847: average Loss: 0.008947
2026-04-20 22:38: Train Epoch 1848: 0/37 Loss: 0.016463
2026-04-20 22:38: Train Epoch 1848: 20/37 Loss: 0.004781
2026-04-20 22:38: **********Train Epoch 1848: averaged Loss: 0.007228
2026-04-20 22:38: **********Val Epoch 1848: average Loss: 0.008179
2026-04-20 22:38: Train Epoch 1849: 0/37 Loss: 0.004684
2026-04-20 22:38: Train Epoch 1849: 20/37 Loss: 0.004866
2026-04-20 22:38: **********Train Epoch 1849: averaged Loss: 0.007304
2026-04-20 22:38: **********Val Epoch 1849: average Loss: 0.005201
2026-04-20 22:38: Train Epoch 1850: 0/37 Loss: 0.009257
2026-04-20 22:38: Train Epoch 1850: 20/37 Loss: 0.005060
2026-04-20 22:38: **********Train Epoch 1850: averaged Loss: 0.007913
2026-04-20 22:38: **********Val Epoch 1850: average Loss: 0.010368
2026-04-20 22:38: Train Epoch 1851: 0/37 Loss: 0.001766
2026-04-20 22:38: Train Epoch 1851: 20/37 Loss: 0.006405
2026-04-20 22:38: **********Train Epoch 1851: averaged Loss: 0.007880
2026-04-20 22:38: **********Val Epoch 1851: average Loss: 0.016930
2026-04-20 22:38: Train Epoch 1852: 0/37 Loss: 0.007117
2026-04-20 22:38: Train Epoch 1852: 20/37 Loss: 0.005920
2026-04-20 22:38: **********Train Epoch 1852: averaged Loss: 0.006979
2026-04-20 22:38: **********Val Epoch 1852: average Loss: 0.005864
2026-04-20 22:38: Train Epoch 1853: 0/37 Loss: 0.024831
2026-04-20 22:38: Train Epoch 1853: 20/37 Loss: 0.004663
2026-04-20 22:38: **********Train Epoch 1853: averaged Loss: 0.013507
2026-04-20 22:38: **********Val Epoch 1853: average Loss: 0.015195
2026-04-20 22:38: Train Epoch 1854: 0/37 Loss: 0.027502
2026-04-20 22:38: Train Epoch 1854: 20/37 Loss: 0.024197
2026-04-20 22:38: **********Train Epoch 1854: averaged Loss: 0.013759
2026-04-20 22:38: **********Val Epoch 1854: average Loss: 0.014977
2026-04-20 22:38: Train Epoch 1855: 0/37 Loss: 0.002959
2026-04-20 22:38: Train Epoch 1855: 20/37 Loss: 0.008562
2026-04-20 22:38: **********Train Epoch 1855: averaged Loss: 0.005996
2026-04-20 22:38: **********Val Epoch 1855: average Loss: 0.004691
2026-04-20 22:38: Train Epoch 1856: 0/37 Loss: 0.004340
2026-04-20 22:38: Train Epoch 1856: 20/37 Loss: 0.006564
2026-04-20 22:38: **********Train Epoch 1856: averaged Loss: 0.007881
2026-04-20 22:38: **********Val Epoch 1856: average Loss: 0.012289
2026-04-20 22:38: Train Epoch 1857: 0/37 Loss: 0.010899
2026-04-20 22:38: Train Epoch 1857: 20/37 Loss: 0.015719
2026-04-20 22:38: **********Train Epoch 1857: averaged Loss: 0.009843
2026-04-20 22:38: **********Val Epoch 1857: average Loss: 0.006011
2026-04-20 22:38: Train Epoch 1858: 0/37 Loss: 0.030864
2026-04-20 22:38: Train Epoch 1858: 20/37 Loss: 0.011015
2026-04-20 22:38: **********Train Epoch 1858: averaged Loss: 0.012277
2026-04-20 22:38: **********Val Epoch 1858: average Loss: 0.008717
2026-04-20 22:38: Train Epoch 1859: 0/37 Loss: 0.067059
2026-04-20 22:38: Train Epoch 1859: 20/37 Loss: 0.017191
2026-04-20 22:38: **********Train Epoch 1859: averaged Loss: 0.021488
2026-04-20 22:38: **********Val Epoch 1859: average Loss: 0.023082
2026-04-20 22:38: Train Epoch 1860: 0/37 Loss: 0.052670
2026-04-20 22:38: Train Epoch 1860: 20/37 Loss: 0.004811
2026-04-20 22:38: **********Train Epoch 1860: averaged Loss: 0.013986
2026-04-20 22:38: **********Val Epoch 1860: average Loss: 0.004851
2026-04-20 22:38: Train Epoch 1861: 0/37 Loss: 0.043736
2026-04-20 22:38: Train Epoch 1861: 20/37 Loss: 0.010261
2026-04-20 22:38: **********Train Epoch 1861: averaged Loss: 0.013496
2026-04-20 22:38: **********Val Epoch 1861: average Loss: 0.016312
2026-04-20 22:38: Train Epoch 1862: 0/37 Loss: 0.021087
2026-04-20 22:38: Train Epoch 1862: 20/37 Loss: 0.004923
2026-04-20 22:38: **********Train Epoch 1862: averaged Loss: 0.009241
2026-04-20 22:38: **********Val Epoch 1862: average Loss: 0.015001
2026-04-20 22:38: Train Epoch 1863: 0/37 Loss: 0.026749
2026-04-20 22:38: Train Epoch 1863: 20/37 Loss: 0.005175
2026-04-20 22:38: **********Train Epoch 1863: averaged Loss: 0.011144
2026-04-20 22:38: **********Val Epoch 1863: average Loss: 0.027984
2026-04-20 22:38: Train Epoch 1864: 0/37 Loss: 0.030949
2026-04-20 22:38: Train Epoch 1864: 20/37 Loss: 0.008466
2026-04-20 22:38: **********Train Epoch 1864: averaged Loss: 0.013309
2026-04-20 22:38: **********Val Epoch 1864: average Loss: 0.018252
2026-04-20 22:38: Train Epoch 1865: 0/37 Loss: 0.049791
2026-04-20 22:38: Train Epoch 1865: 20/37 Loss: 0.019065
2026-04-20 22:38: **********Train Epoch 1865: averaged Loss: 0.020031
2026-04-20 22:38: **********Val Epoch 1865: average Loss: 0.039415
2026-04-20 22:38: Train Epoch 1866: 0/37 Loss: 0.023733
2026-04-20 22:38: Train Epoch 1866: 20/37 Loss: 0.006124
2026-04-20 22:38: **********Train Epoch 1866: averaged Loss: 0.008850
2026-04-20 22:38: **********Val Epoch 1866: average Loss: 0.006649
2026-04-20 22:38: Train Epoch 1867: 0/37 Loss: 0.042289
2026-04-20 22:38: Train Epoch 1867: 20/37 Loss: 0.004581
2026-04-20 22:38: **********Train Epoch 1867: averaged Loss: 0.013393
2026-04-20 22:38: **********Val Epoch 1867: average Loss: 0.010991
2026-04-20 22:38: Train Epoch 1868: 0/37 Loss: 0.010900
2026-04-20 22:38: Train Epoch 1868: 20/37 Loss: 0.006049
2026-04-20 22:38: **********Train Epoch 1868: averaged Loss: 0.007876
2026-04-20 22:38: **********Val Epoch 1868: average Loss: 0.014618
2026-04-20 22:38: Train Epoch 1869: 0/37 Loss: 0.036810
2026-04-20 22:38: Train Epoch 1869: 20/37 Loss: 0.009482
2026-04-20 22:38: **********Train Epoch 1869: averaged Loss: 0.011852
2026-04-20 22:38: **********Val Epoch 1869: average Loss: 0.006581
2026-04-20 22:38: Train Epoch 1870: 0/37 Loss: 0.052106
2026-04-20 22:38: Train Epoch 1870: 20/37 Loss: 0.004788
2026-04-20 22:38: **********Train Epoch 1870: averaged Loss: 0.015967
2026-04-20 22:38: **********Val Epoch 1870: average Loss: 0.007497
2026-04-20 22:38: Train Epoch 1871: 0/37 Loss: 0.002052
2026-04-20 22:38: Train Epoch 1871: 20/37 Loss: 0.005791
2026-04-20 22:38: **********Train Epoch 1871: averaged Loss: 0.007419
2026-04-20 22:38: **********Val Epoch 1871: average Loss: 0.013473
2026-04-20 22:38: Train Epoch 1872: 0/37 Loss: 0.004824
2026-04-20 22:38: Train Epoch 1872: 20/37 Loss: 0.008094
2026-04-20 22:38: **********Train Epoch 1872: averaged Loss: 0.007404
2026-04-20 22:38: **********Val Epoch 1872: average Loss: 0.008388
2026-04-20 22:38: Train Epoch 1873: 0/37 Loss: 0.010461
2026-04-20 22:38: Train Epoch 1873: 20/37 Loss: 0.004769
2026-04-20 22:38: **********Train Epoch 1873: averaged Loss: 0.011688
2026-04-20 22:38: **********Val Epoch 1873: average Loss: 0.025218
2026-04-20 22:38: Train Epoch 1874: 0/37 Loss: 0.002046
2026-04-20 22:38: Train Epoch 1874: 20/37 Loss: 0.015211
2026-04-20 22:39: **********Train Epoch 1874: averaged Loss: 0.008037
2026-04-20 22:39: **********Val Epoch 1874: average Loss: 0.006434
2026-04-20 22:39: Train Epoch 1875: 0/37 Loss: 0.017204
2026-04-20 22:39: Train Epoch 1875: 20/37 Loss: 0.007479
2026-04-20 22:39: **********Train Epoch 1875: averaged Loss: 0.011152
2026-04-20 22:39: **********Val Epoch 1875: average Loss: 0.011284
2026-04-20 22:39: Train Epoch 1876: 0/37 Loss: 0.027932
2026-04-20 22:39: Train Epoch 1876: 20/37 Loss: 0.017887
2026-04-20 22:39: **********Train Epoch 1876: averaged Loss: 0.011999
2026-04-20 22:39: **********Val Epoch 1876: average Loss: 0.010312
2026-04-20 22:39: Train Epoch 1877: 0/37 Loss: 0.002640
2026-04-20 22:39: Train Epoch 1877: 20/37 Loss: 0.008366
2026-04-20 22:39: **********Train Epoch 1877: averaged Loss: 0.008927
2026-04-20 22:39: **********Val Epoch 1877: average Loss: 0.006354
2026-04-20 22:39: Train Epoch 1878: 0/37 Loss: 0.022792
2026-04-20 22:39: Train Epoch 1878: 20/37 Loss: 0.008845
2026-04-20 22:39: **********Train Epoch 1878: averaged Loss: 0.011357
2026-04-20 22:39: **********Val Epoch 1878: average Loss: 0.017504
2026-04-20 22:39: Train Epoch 1879: 0/37 Loss: 0.052642
2026-04-20 22:39: Train Epoch 1879: 20/37 Loss: 0.015948
2026-04-20 22:39: **********Train Epoch 1879: averaged Loss: 0.015445
2026-04-20 22:39: **********Val Epoch 1879: average Loss: 0.012085
2026-04-20 22:39: Train Epoch 1880: 0/37 Loss: 0.022519
2026-04-20 22:39: Train Epoch 1880: 20/37 Loss: 0.005189
2026-04-20 22:39: **********Train Epoch 1880: averaged Loss: 0.010970
2026-04-20 22:39: **********Val Epoch 1880: average Loss: 0.031010
2026-04-20 22:39: Train Epoch 1881: 0/37 Loss: 0.006997
2026-04-20 22:39: Train Epoch 1881: 20/37 Loss: 0.005279
2026-04-20 22:39: **********Train Epoch 1881: averaged Loss: 0.008176
2026-04-20 22:39: **********Val Epoch 1881: average Loss: 0.005174
2026-04-20 22:39: Train Epoch 1882: 0/37 Loss: 0.050999
2026-04-20 22:39: Train Epoch 1882: 20/37 Loss: 0.006174
2026-04-20 22:39: **********Train Epoch 1882: averaged Loss: 0.013839
2026-04-20 22:39: **********Val Epoch 1882: average Loss: 0.004746
2026-04-20 22:39: Train Epoch 1883: 0/37 Loss: 0.036515
2026-04-20 22:39: Train Epoch 1883: 20/37 Loss: 0.005813
2026-04-20 22:39: **********Train Epoch 1883: averaged Loss: 0.009830
2026-04-20 22:39: **********Val Epoch 1883: average Loss: 0.010942
2026-04-20 22:39: Train Epoch 1884: 0/37 Loss: 0.031215
2026-04-20 22:39: Train Epoch 1884: 20/37 Loss: 0.005685
2026-04-20 22:39: **********Train Epoch 1884: averaged Loss: 0.008869
2026-04-20 22:39: **********Val Epoch 1884: average Loss: 0.009017
2026-04-20 22:39: Train Epoch 1885: 0/37 Loss: 0.006930
2026-04-20 22:39: Train Epoch 1885: 20/37 Loss: 0.004786
2026-04-20 22:39: **********Train Epoch 1885: averaged Loss: 0.005999
2026-04-20 22:39: **********Val Epoch 1885: average Loss: 0.004175
2026-04-20 22:39: Train Epoch 1886: 0/37 Loss: 0.021382
2026-04-20 22:39: Train Epoch 1886: 20/37 Loss: 0.004987
2026-04-20 22:39: **********Train Epoch 1886: averaged Loss: 0.008350
2026-04-20 22:39: **********Val Epoch 1886: average Loss: 0.017856
2026-04-20 22:39: Train Epoch 1887: 0/37 Loss: 0.011729
2026-04-20 22:39: Train Epoch 1887: 20/37 Loss: 0.012755
2026-04-20 22:39: **********Train Epoch 1887: averaged Loss: 0.009173
2026-04-20 22:39: **********Val Epoch 1887: average Loss: 0.011352
2026-04-20 22:39: Train Epoch 1888: 0/37 Loss: 0.011339
2026-04-20 22:39: Train Epoch 1888: 20/37 Loss: 0.004812
2026-04-20 22:39: **********Train Epoch 1888: averaged Loss: 0.008794
2026-04-20 22:39: **********Val Epoch 1888: average Loss: 0.023691
2026-04-20 22:39: Train Epoch 1889: 0/37 Loss: 0.026582
2026-04-20 22:39: Train Epoch 1889: 20/37 Loss: 0.015702
2026-04-20 22:39: **********Train Epoch 1889: averaged Loss: 0.011546
2026-04-20 22:39: **********Val Epoch 1889: average Loss: 0.013764
2026-04-20 22:39: Train Epoch 1890: 0/37 Loss: 0.035597
2026-04-20 22:39: Train Epoch 1890: 20/37 Loss: 0.009069
2026-04-20 22:39: **********Train Epoch 1890: averaged Loss: 0.011400
2026-04-20 22:39: **********Val Epoch 1890: average Loss: 0.005636
2026-04-20 22:39: Train Epoch 1891: 0/37 Loss: 0.016065
2026-04-20 22:39: Train Epoch 1891: 20/37 Loss: 0.007125
2026-04-20 22:39: **********Train Epoch 1891: averaged Loss: 0.006916
2026-04-20 22:39: **********Val Epoch 1891: average Loss: 0.004818
2026-04-20 22:39: Train Epoch 1892: 0/37 Loss: 0.002880
2026-04-20 22:39: Train Epoch 1892: 20/37 Loss: 0.004698
2026-04-20 22:39: **********Train Epoch 1892: averaged Loss: 0.004386
2026-04-20 22:39: **********Val Epoch 1892: average Loss: 0.008477
2026-04-20 22:39: Train Epoch 1893: 0/37 Loss: 0.004871
2026-04-20 22:39: Train Epoch 1893: 20/37 Loss: 0.005802
2026-04-20 22:39: **********Train Epoch 1893: averaged Loss: 0.007018
2026-04-20 22:39: **********Val Epoch 1893: average Loss: 0.004495
2026-04-20 22:39: Train Epoch 1894: 0/37 Loss: 0.007928
2026-04-20 22:39: Train Epoch 1894: 20/37 Loss: 0.005491
2026-04-20 22:39: **********Train Epoch 1894: averaged Loss: 0.008729
2026-04-20 22:39: **********Val Epoch 1894: average Loss: 0.014973
2026-04-20 22:39: Train Epoch 1895: 0/37 Loss: 0.020911
2026-04-20 22:39: Train Epoch 1895: 20/37 Loss: 0.024623
2026-04-20 22:39: **********Train Epoch 1895: averaged Loss: 0.013530
2026-04-20 22:39: **********Val Epoch 1895: average Loss: 0.009552
2026-04-20 22:39: Train Epoch 1896: 0/37 Loss: 0.028459
2026-04-20 22:39: Train Epoch 1896: 20/37 Loss: 0.011792
2026-04-20 22:39: **********Train Epoch 1896: averaged Loss: 0.010020
2026-04-20 22:39: **********Val Epoch 1896: average Loss: 0.005998
2026-04-20 22:39: Train Epoch 1897: 0/37 Loss: 0.001726
2026-04-20 22:39: Train Epoch 1897: 20/37 Loss: 0.005063
2026-04-20 22:39: **********Train Epoch 1897: averaged Loss: 0.004647
2026-04-20 22:39: **********Val Epoch 1897: average Loss: 0.005208
2026-04-20 22:39: Train Epoch 1898: 0/37 Loss: 0.002005
2026-04-20 22:39: Train Epoch 1898: 20/37 Loss: 0.004406
2026-04-20 22:39: **********Train Epoch 1898: averaged Loss: 0.004844
2026-04-20 22:39: **********Val Epoch 1898: average Loss: 0.004498
2026-04-20 22:39: Train Epoch 1899: 0/37 Loss: 0.007816
2026-04-20 22:39: Train Epoch 1899: 20/37 Loss: 0.006353
2026-04-20 22:39: **********Train Epoch 1899: averaged Loss: 0.006197
2026-04-20 22:39: **********Val Epoch 1899: average Loss: 0.006606
2026-04-20 22:39: Train Epoch 1900: 0/37 Loss: 0.005762
2026-04-20 22:39: Train Epoch 1900: 20/37 Loss: 0.004537
2026-04-20 22:39: **********Train Epoch 1900: averaged Loss: 0.006058
2026-04-20 22:39: **********Val Epoch 1900: average Loss: 0.008825
2026-04-20 22:39: Train Epoch 1901: 0/37 Loss: 0.006346
2026-04-20 22:39: Train Epoch 1901: 20/37 Loss: 0.005573
2026-04-20 22:39: **********Train Epoch 1901: averaged Loss: 0.005886
2026-04-20 22:39: **********Val Epoch 1901: average Loss: 0.006153
2026-04-20 22:39: Train Epoch 1902: 0/37 Loss: 0.008773
2026-04-20 22:39: Train Epoch 1902: 20/37 Loss: 0.004387
2026-04-20 22:39: **********Train Epoch 1902: averaged Loss: 0.006760
2026-04-20 22:39: **********Val Epoch 1902: average Loss: 0.009234
2026-04-20 22:39: Train Epoch 1903: 0/37 Loss: 0.014434
2026-04-20 22:40: Train Epoch 1903: 20/37 Loss: 0.004649
2026-04-20 22:40: **********Train Epoch 1903: averaged Loss: 0.006969
2026-04-20 22:40: **********Val Epoch 1903: average Loss: 0.007835
2026-04-20 22:40: Train Epoch 1904: 0/37 Loss: 0.012063
2026-04-20 22:40: Train Epoch 1904: 20/37 Loss: 0.004625
2026-04-20 22:40: **********Train Epoch 1904: averaged Loss: 0.008262
2026-04-20 22:40: **********Val Epoch 1904: average Loss: 0.015464
2026-04-20 22:40: Train Epoch 1905: 0/37 Loss: 0.024394
2026-04-20 22:40: Train Epoch 1905: 20/37 Loss: 0.024754
2026-04-20 22:40: **********Train Epoch 1905: averaged Loss: 0.013391
2026-04-20 22:40: **********Val Epoch 1905: average Loss: 0.008129
2026-04-20 22:40: Train Epoch 1906: 0/37 Loss: 0.029529
2026-04-20 22:40: Train Epoch 1906: 20/37 Loss: 0.005417
2026-04-20 22:40: **********Train Epoch 1906: averaged Loss: 0.010414
2026-04-20 22:40: **********Val Epoch 1906: average Loss: 0.004820
2026-04-20 22:40: Train Epoch 1907: 0/37 Loss: 0.013688
2026-04-20 22:40: Train Epoch 1907: 20/37 Loss: 0.008351
2026-04-20 22:40: **********Train Epoch 1907: averaged Loss: 0.008282
2026-04-20 22:40: **********Val Epoch 1907: average Loss: 0.005709
2026-04-20 22:40: Train Epoch 1908: 0/37 Loss: 0.002200
2026-04-20 22:40: Train Epoch 1908: 20/37 Loss: 0.004993
2026-04-20 22:40: **********Train Epoch 1908: averaged Loss: 0.007556
2026-04-20 22:40: **********Val Epoch 1908: average Loss: 0.005220
2026-04-20 22:40: Train Epoch 1909: 0/37 Loss: 0.008251
2026-04-20 22:40: Train Epoch 1909: 20/37 Loss: 0.004710
2026-04-20 22:40: **********Train Epoch 1909: averaged Loss: 0.010201
2026-04-20 22:40: **********Val Epoch 1909: average Loss: 0.013198
2026-04-20 22:40: Train Epoch 1910: 0/37 Loss: 0.031749
2026-04-20 22:40: Train Epoch 1910: 20/37 Loss: 0.017185
2026-04-20 22:40: **********Train Epoch 1910: averaged Loss: 0.013079
2026-04-20 22:40: **********Val Epoch 1910: average Loss: 0.016243
2026-04-20 22:40: Train Epoch 1911: 0/37 Loss: 0.021880
2026-04-20 22:40: Train Epoch 1911: 20/37 Loss: 0.011125
2026-04-20 22:40: **********Train Epoch 1911: averaged Loss: 0.008451
2026-04-20 22:40: **********Val Epoch 1911: average Loss: 0.014072
2026-04-20 22:40: Train Epoch 1912: 0/37 Loss: 0.012370
2026-04-20 22:40: Train Epoch 1912: 20/37 Loss: 0.005489
2026-04-20 22:40: **********Train Epoch 1912: averaged Loss: 0.007336
2026-04-20 22:40: **********Val Epoch 1912: average Loss: 0.005497
2026-04-20 22:40: Train Epoch 1913: 0/37 Loss: 0.012808
2026-04-20 22:40: Train Epoch 1913: 20/37 Loss: 0.005759
2026-04-20 22:40: **********Train Epoch 1913: averaged Loss: 0.008734
2026-04-20 22:40: **********Val Epoch 1913: average Loss: 0.007021
2026-04-20 22:40: Train Epoch 1914: 0/37 Loss: 0.049061
2026-04-20 22:40: Train Epoch 1914: 20/37 Loss: 0.007429
2026-04-20 22:40: **********Train Epoch 1914: averaged Loss: 0.014332
2026-04-20 22:40: **********Val Epoch 1914: average Loss: 0.017713
2026-04-20 22:40: Train Epoch 1915: 0/37 Loss: 0.048037
2026-04-20 22:40: Train Epoch 1915: 20/37 Loss: 0.011319
2026-04-20 22:40: **********Train Epoch 1915: averaged Loss: 0.013760
2026-04-20 22:40: **********Val Epoch 1915: average Loss: 0.005172
2026-04-20 22:40: Train Epoch 1916: 0/37 Loss: 0.018117
2026-04-20 22:40: Train Epoch 1916: 20/37 Loss: 0.004279
2026-04-20 22:40: **********Train Epoch 1916: averaged Loss: 0.010684
2026-04-20 22:40: **********Val Epoch 1916: average Loss: 0.028726
2026-04-20 22:40: Train Epoch 1917: 0/37 Loss: 0.002823
2026-04-20 22:40: Train Epoch 1917: 20/37 Loss: 0.007484
2026-04-20 22:40: **********Train Epoch 1917: averaged Loss: 0.007213
2026-04-20 22:40: **********Val Epoch 1917: average Loss: 0.005297
2026-04-20 22:40: Train Epoch 1918: 0/37 Loss: 0.040883
2026-04-20 22:40: Train Epoch 1918: 20/37 Loss: 0.009329
2026-04-20 22:40: **********Train Epoch 1918: averaged Loss: 0.011715
2026-04-20 22:40: **********Val Epoch 1918: average Loss: 0.007335
2026-04-20 22:40: Train Epoch 1919: 0/37 Loss: 0.029434
2026-04-20 22:40: Train Epoch 1919: 20/37 Loss: 0.004423
2026-04-20 22:40: **********Train Epoch 1919: averaged Loss: 0.010319
2026-04-20 22:40: **********Val Epoch 1919: average Loss: 0.027479
2026-04-20 22:40: Train Epoch 1920: 0/37 Loss: 0.012576
2026-04-20 22:40: Train Epoch 1920: 20/37 Loss: 0.008555
2026-04-20 22:40: **********Train Epoch 1920: averaged Loss: 0.008004
2026-04-20 22:40: **********Val Epoch 1920: average Loss: 0.004516
2026-04-20 22:40: Train Epoch 1921: 0/37 Loss: 0.035491
2026-04-20 22:40: Train Epoch 1921: 20/37 Loss: 0.006273
2026-04-20 22:40: **********Train Epoch 1921: averaged Loss: 0.011417
2026-04-20 22:40: **********Val Epoch 1921: average Loss: 0.019450
2026-04-20 22:40: Train Epoch 1922: 0/37 Loss: 0.015137
2026-04-20 22:40: Train Epoch 1922: 20/37 Loss: 0.006824
2026-04-20 22:40: **********Train Epoch 1922: averaged Loss: 0.006785
2026-04-20 22:40: **********Val Epoch 1922: average Loss: 0.007986
2026-04-20 22:40: Train Epoch 1923: 0/37 Loss: 0.002728
2026-04-20 22:40: Train Epoch 1923: 20/37 Loss: 0.007559
2026-04-20 22:40: **********Train Epoch 1923: averaged Loss: 0.006144
2026-04-20 22:40: **********Val Epoch 1923: average Loss: 0.015224
2026-04-20 22:40: Train Epoch 1924: 0/37 Loss: 0.002078
2026-04-20 22:40: Train Epoch 1924: 20/37 Loss: 0.005076
2026-04-20 22:40: **********Train Epoch 1924: averaged Loss: 0.007785
2026-04-20 22:40: **********Val Epoch 1924: average Loss: 0.025140
2026-04-20 22:40: Train Epoch 1925: 0/37 Loss: 0.037371
2026-04-20 22:40: Train Epoch 1925: 20/37 Loss: 0.015080
2026-04-20 22:40: **********Train Epoch 1925: averaged Loss: 0.012733
2026-04-20 22:40: **********Val Epoch 1925: average Loss: 0.007863
2026-04-20 22:40: Train Epoch 1926: 0/37 Loss: 0.018232
2026-04-20 22:40: Train Epoch 1926: 20/37 Loss: 0.005132
2026-04-20 22:40: **********Train Epoch 1926: averaged Loss: 0.007780
2026-04-20 22:40: **********Val Epoch 1926: average Loss: 0.006053
2026-04-20 22:40: Train Epoch 1927: 0/37 Loss: 0.010134
2026-04-20 22:40: Train Epoch 1927: 20/37 Loss: 0.004641
2026-04-20 22:40: **********Train Epoch 1927: averaged Loss: 0.007408
2026-04-20 22:40: **********Val Epoch 1927: average Loss: 0.015969
2026-04-20 22:40: Train Epoch 1928: 0/37 Loss: 0.023797
2026-04-20 22:40: Train Epoch 1928: 20/37 Loss: 0.007112
2026-04-20 22:40: **********Train Epoch 1928: averaged Loss: 0.008545
2026-04-20 22:40: **********Val Epoch 1928: average Loss: 0.006807
2026-04-20 22:40: Train Epoch 1929: 0/37 Loss: 0.012852
2026-04-20 22:40: Train Epoch 1929: 20/37 Loss: 0.005216
2026-04-20 22:40: **********Train Epoch 1929: averaged Loss: 0.009162
2026-04-20 22:40: **********Val Epoch 1929: average Loss: 0.016048
2026-04-20 22:40: Train Epoch 1930: 0/37 Loss: 0.010633
2026-04-20 22:40: Train Epoch 1930: 20/37 Loss: 0.013893
2026-04-20 22:40: **********Train Epoch 1930: averaged Loss: 0.008073
2026-04-20 22:40: **********Val Epoch 1930: average Loss: 0.011311
2026-04-20 22:40: Train Epoch 1931: 0/37 Loss: 0.036459
2026-04-20 22:40: Train Epoch 1931: 20/37 Loss: 0.008476
2026-04-20 22:41: **********Train Epoch 1931: averaged Loss: 0.011520
2026-04-20 22:41: **********Val Epoch 1931: average Loss: 0.010034
2026-04-20 22:41: Train Epoch 1932: 0/37 Loss: 0.019848
2026-04-20 22:41: Train Epoch 1932: 20/37 Loss: 0.004696
2026-04-20 22:41: **********Train Epoch 1932: averaged Loss: 0.006839
2026-04-20 22:41: **********Val Epoch 1932: average Loss: 0.004964
2026-04-20 22:41: Train Epoch 1933: 0/37 Loss: 0.006355
2026-04-20 22:41: Train Epoch 1933: 20/37 Loss: 0.005262
2026-04-20 22:41: **********Train Epoch 1933: averaged Loss: 0.005673
2026-04-20 22:41: **********Val Epoch 1933: average Loss: 0.006949
2026-04-20 22:41: Train Epoch 1934: 0/37 Loss: 0.002013
2026-04-20 22:41: Train Epoch 1934: 20/37 Loss: 0.004642
2026-04-20 22:41: **********Train Epoch 1934: averaged Loss: 0.004250
2026-04-20 22:41: **********Val Epoch 1934: average Loss: 0.006498
2026-04-20 22:41: Train Epoch 1935: 0/37 Loss: 0.010431
2026-04-20 22:41: Train Epoch 1935: 20/37 Loss: 0.004380
2026-04-20 22:41: **********Train Epoch 1935: averaged Loss: 0.006656
2026-04-20 22:41: **********Val Epoch 1935: average Loss: 0.008972
2026-04-20 22:41: Train Epoch 1936: 0/37 Loss: 0.018492
2026-04-20 22:41: Train Epoch 1936: 20/37 Loss: 0.004652
2026-04-20 22:41: **********Train Epoch 1936: averaged Loss: 0.008506
2026-04-20 22:41: **********Val Epoch 1936: average Loss: 0.004715
2026-04-20 22:41: Train Epoch 1937: 0/37 Loss: 0.007178
2026-04-20 22:41: Train Epoch 1937: 20/37 Loss: 0.004320
2026-04-20 22:41: **********Train Epoch 1937: averaged Loss: 0.006777
2026-04-20 22:41: **********Val Epoch 1937: average Loss: 0.011675
2026-04-20 22:41: Train Epoch 1938: 0/37 Loss: 0.010452
2026-04-20 22:41: Train Epoch 1938: 20/37 Loss: 0.005572
2026-04-20 22:41: **********Train Epoch 1938: averaged Loss: 0.006550
2026-04-20 22:41: **********Val Epoch 1938: average Loss: 0.007046
2026-04-20 22:41: Train Epoch 1939: 0/37 Loss: 0.028229
2026-04-20 22:41: Train Epoch 1939: 20/37 Loss: 0.008735
2026-04-20 22:41: **********Train Epoch 1939: averaged Loss: 0.011537
2026-04-20 22:41: **********Val Epoch 1939: average Loss: 0.008586
2026-04-20 22:41: Train Epoch 1940: 0/37 Loss: 0.004719
2026-04-20 22:41: Train Epoch 1940: 20/37 Loss: 0.004675
2026-04-20 22:41: **********Train Epoch 1940: averaged Loss: 0.006457
2026-04-20 22:41: **********Val Epoch 1940: average Loss: 0.010277
2026-04-20 22:41: Train Epoch 1941: 0/37 Loss: 0.024364
2026-04-20 22:41: Train Epoch 1941: 20/37 Loss: 0.006227
2026-04-20 22:41: **********Train Epoch 1941: averaged Loss: 0.010862
2026-04-20 22:41: **********Val Epoch 1941: average Loss: 0.007913
2026-04-20 22:41: Train Epoch 1942: 0/37 Loss: 0.006018
2026-04-20 22:41: Train Epoch 1942: 20/37 Loss: 0.012000
2026-04-20 22:41: **********Train Epoch 1942: averaged Loss: 0.011322
2026-04-20 22:41: **********Val Epoch 1942: average Loss: 0.013273
2026-04-20 22:41: Train Epoch 1943: 0/37 Loss: 0.013534
2026-04-20 22:41: Train Epoch 1943: 20/37 Loss: 0.012329
2026-04-20 22:41: **********Train Epoch 1943: averaged Loss: 0.010232
2026-04-20 22:41: **********Val Epoch 1943: average Loss: 0.015134
2026-04-20 22:41: Train Epoch 1944: 0/37 Loss: 0.010152
2026-04-20 22:41: Train Epoch 1944: 20/37 Loss: 0.011489
2026-04-20 22:41: **********Train Epoch 1944: averaged Loss: 0.009683
2026-04-20 22:41: **********Val Epoch 1944: average Loss: 0.006151
2026-04-20 22:41: Train Epoch 1945: 0/37 Loss: 0.009327
2026-04-20 22:41: Train Epoch 1945: 20/37 Loss: 0.008023
2026-04-20 22:41: **********Train Epoch 1945: averaged Loss: 0.009333
2026-04-20 22:41: **********Val Epoch 1945: average Loss: 0.010932
2026-04-20 22:41: Train Epoch 1946: 0/37 Loss: 0.020317
2026-04-20 22:41: Train Epoch 1946: 20/37 Loss: 0.006585
2026-04-20 22:41: **********Train Epoch 1946: averaged Loss: 0.008738
2026-04-20 22:41: **********Val Epoch 1946: average Loss: 0.008831
2026-04-20 22:41: Train Epoch 1947: 0/37 Loss: 0.011988
2026-04-20 22:41: Train Epoch 1947: 20/37 Loss: 0.006183
2026-04-20 22:41: **********Train Epoch 1947: averaged Loss: 0.009017
2026-04-20 22:41: **********Val Epoch 1947: average Loss: 0.012156
2026-04-20 22:41: Train Epoch 1948: 0/37 Loss: 0.014338
2026-04-20 22:41: Train Epoch 1948: 20/37 Loss: 0.009152
2026-04-20 22:41: **********Train Epoch 1948: averaged Loss: 0.009034
2026-04-20 22:41: **********Val Epoch 1948: average Loss: 0.011570
2026-04-20 22:41: Train Epoch 1949: 0/37 Loss: 0.006800
2026-04-20 22:41: Train Epoch 1949: 20/37 Loss: 0.008161
2026-04-20 22:41: **********Train Epoch 1949: averaged Loss: 0.008695
2026-04-20 22:41: **********Val Epoch 1949: average Loss: 0.012760
2026-04-20 22:41: Train Epoch 1950: 0/37 Loss: 0.006763
2026-04-20 22:41: Train Epoch 1950: 20/37 Loss: 0.009250
2026-04-20 22:41: **********Train Epoch 1950: averaged Loss: 0.008611
2026-04-20 22:41: **********Val Epoch 1950: average Loss: 0.009703
2026-04-20 22:41: Train Epoch 1951: 0/37 Loss: 0.014738
2026-04-20 22:41: Train Epoch 1951: 20/37 Loss: 0.011960
2026-04-20 22:41: **********Train Epoch 1951: averaged Loss: 0.010411
2026-04-20 22:41: **********Val Epoch 1951: average Loss: 0.022229
2026-04-20 22:41: Train Epoch 1952: 0/37 Loss: 0.030074
2026-04-20 22:41: Train Epoch 1952: 20/37 Loss: 0.021757
2026-04-20 22:41: **********Train Epoch 1952: averaged Loss: 0.012002
2026-04-20 22:41: **********Val Epoch 1952: average Loss: 0.006328
2026-04-20 22:41: Train Epoch 1953: 0/37 Loss: 0.019574
2026-04-20 22:41: Train Epoch 1953: 20/37 Loss: 0.006651
2026-04-20 22:41: **********Train Epoch 1953: averaged Loss: 0.010539
2026-04-20 22:41: **********Val Epoch 1953: average Loss: 0.019137
2026-04-20 22:41: Train Epoch 1954: 0/37 Loss: 0.017867
2026-04-20 22:41: Train Epoch 1954: 20/37 Loss: 0.006186
2026-04-20 22:41: **********Train Epoch 1954: averaged Loss: 0.013036
2026-04-20 22:41: **********Val Epoch 1954: average Loss: 0.033869
2026-04-20 22:41: Train Epoch 1955: 0/37 Loss: 0.033812
2026-04-20 22:41: Train Epoch 1955: 20/37 Loss: 0.018645
2026-04-20 22:41: **********Train Epoch 1955: averaged Loss: 0.015483
2026-04-20 22:41: **********Val Epoch 1955: average Loss: 0.021590
2026-04-20 22:41: Train Epoch 1956: 0/37 Loss: 0.061251
2026-04-20 22:41: Train Epoch 1956: 20/37 Loss: 0.028226
2026-04-20 22:41: **********Train Epoch 1956: averaged Loss: 0.021892
2026-04-20 22:41: **********Val Epoch 1956: average Loss: 0.016836
2026-04-20 22:41: Train Epoch 1957: 0/37 Loss: 0.033011
2026-04-20 22:41: Train Epoch 1957: 20/37 Loss: 0.004752
2026-04-20 22:41: **********Train Epoch 1957: averaged Loss: 0.009267
2026-04-20 22:41: **********Val Epoch 1957: average Loss: 0.007022
2026-04-20 22:41: Train Epoch 1958: 0/37 Loss: 0.012282
2026-04-20 22:41: Train Epoch 1958: 20/37 Loss: 0.005623
2026-04-20 22:41: **********Train Epoch 1958: averaged Loss: 0.006526
2026-04-20 22:41: **********Val Epoch 1958: average Loss: 0.010586
2026-04-20 22:41: Train Epoch 1959: 0/37 Loss: 0.007926
2026-04-20 22:41: Train Epoch 1959: 20/37 Loss: 0.004989
2026-04-20 22:41: **********Train Epoch 1959: averaged Loss: 0.007561
2026-04-20 22:41: **********Val Epoch 1959: average Loss: 0.005599
2026-04-20 22:41: Train Epoch 1960: 0/37 Loss: 0.009021
2026-04-20 22:42: Train Epoch 1960: 20/37 Loss: 0.004670
2026-04-20 22:42: **********Train Epoch 1960: averaged Loss: 0.006608
2026-04-20 22:42: **********Val Epoch 1960: average Loss: 0.008788
2026-04-20 22:42: Train Epoch 1961: 0/37 Loss: 0.001653
2026-04-20 22:42: Train Epoch 1961: 20/37 Loss: 0.004776
2026-04-20 22:42: **********Train Epoch 1961: averaged Loss: 0.005013
2026-04-20 22:42: **********Val Epoch 1961: average Loss: 0.014476
2026-04-20 22:42: Train Epoch 1962: 0/37 Loss: 0.028605
2026-04-20 22:42: Train Epoch 1962: 20/37 Loss: 0.006203
2026-04-20 22:42: **********Train Epoch 1962: averaged Loss: 0.010105
2026-04-20 22:42: **********Val Epoch 1962: average Loss: 0.006425
2026-04-20 22:42: Train Epoch 1963: 0/37 Loss: 0.021584
2026-04-20 22:42: Train Epoch 1963: 20/37 Loss: 0.004696
2026-04-20 22:42: **********Train Epoch 1963: averaged Loss: 0.008801
2026-04-20 22:42: **********Val Epoch 1963: average Loss: 0.006602
2026-04-20 22:42: Train Epoch 1964: 0/37 Loss: 0.004305
2026-04-20 22:42: Train Epoch 1964: 20/37 Loss: 0.006397
2026-04-20 22:42: **********Train Epoch 1964: averaged Loss: 0.005826
2026-04-20 22:42: **********Val Epoch 1964: average Loss: 0.006042
2026-04-20 22:42: Train Epoch 1965: 0/37 Loss: 0.001988
2026-04-20 22:42: Train Epoch 1965: 20/37 Loss: 0.004638
2026-04-20 22:42: **********Train Epoch 1965: averaged Loss: 0.006047
2026-04-20 22:42: **********Val Epoch 1965: average Loss: 0.016021
2026-04-20 22:42: Train Epoch 1966: 0/37 Loss: 0.003401
2026-04-20 22:42: Train Epoch 1966: 20/37 Loss: 0.004368
2026-04-20 22:42: **********Train Epoch 1966: averaged Loss: 0.005600
2026-04-20 22:42: **********Val Epoch 1966: average Loss: 0.004684
2026-04-20 22:42: Train Epoch 1967: 0/37 Loss: 0.004140
2026-04-20 22:42: Train Epoch 1967: 20/37 Loss: 0.005683
2026-04-20 22:42: **********Train Epoch 1967: averaged Loss: 0.010542
2026-04-20 22:42: **********Val Epoch 1967: average Loss: 0.031769
2026-04-20 22:42: Train Epoch 1968: 0/37 Loss: 0.010571
2026-04-20 22:42: Train Epoch 1968: 20/37 Loss: 0.004968
2026-04-20 22:42: **********Train Epoch 1968: averaged Loss: 0.009372
2026-04-20 22:42: **********Val Epoch 1968: average Loss: 0.007020
2026-04-20 22:42: Train Epoch 1969: 0/37 Loss: 0.060171
2026-04-20 22:42: Train Epoch 1969: 20/37 Loss: 0.007219
2026-04-20 22:42: **********Train Epoch 1969: averaged Loss: 0.015653
2026-04-20 22:42: **********Val Epoch 1969: average Loss: 0.005251
2026-04-20 22:42: Train Epoch 1970: 0/37 Loss: 0.036546
2026-04-20 22:42: Train Epoch 1970: 20/37 Loss: 0.005251
2026-04-20 22:42: **********Train Epoch 1970: averaged Loss: 0.011175
2026-04-20 22:42: **********Val Epoch 1970: average Loss: 0.025541
2026-04-20 22:42: Train Epoch 1971: 0/37 Loss: 0.014503
2026-04-20 22:42: Train Epoch 1971: 20/37 Loss: 0.007057
2026-04-20 22:42: **********Train Epoch 1971: averaged Loss: 0.006058
2026-04-20 22:42: **********Val Epoch 1971: average Loss: 0.005451
2026-04-20 22:42: Train Epoch 1972: 0/37 Loss: 0.010707
2026-04-20 22:42: Train Epoch 1972: 20/37 Loss: 0.008530
2026-04-20 22:42: **********Train Epoch 1972: averaged Loss: 0.006565
2026-04-20 22:42: **********Val Epoch 1972: average Loss: 0.005117
2026-04-20 22:42: Train Epoch 1973: 0/37 Loss: 0.007798
2026-04-20 22:42: Train Epoch 1973: 20/37 Loss: 0.007975
2026-04-20 22:42: **********Train Epoch 1973: averaged Loss: 0.008578
2026-04-20 22:42: **********Val Epoch 1973: average Loss: 0.043326
2026-04-20 22:42: Train Epoch 1974: 0/37 Loss: 0.011678
2026-04-20 22:42: Train Epoch 1974: 20/37 Loss: 0.007963
2026-04-20 22:42: **********Train Epoch 1974: averaged Loss: 0.006368
2026-04-20 22:42: **********Val Epoch 1974: average Loss: 0.006313
2026-04-20 22:42: Train Epoch 1975: 0/37 Loss: 0.012386
2026-04-20 22:42: Train Epoch 1975: 20/37 Loss: 0.004561
2026-04-20 22:42: **********Train Epoch 1975: averaged Loss: 0.007641
2026-04-20 22:42: **********Val Epoch 1975: average Loss: 0.023438
2026-04-20 22:42: Train Epoch 1976: 0/37 Loss: 0.010163
2026-04-20 22:42: Train Epoch 1976: 20/37 Loss: 0.008537
2026-04-20 22:42: **********Train Epoch 1976: averaged Loss: 0.006226
2026-04-20 22:42: **********Val Epoch 1976: average Loss: 0.006053
2026-04-20 22:42: Train Epoch 1977: 0/37 Loss: 0.018942
2026-04-20 22:42: Train Epoch 1977: 20/37 Loss: 0.005192
2026-04-20 22:42: **********Train Epoch 1977: averaged Loss: 0.008946
2026-04-20 22:42: **********Val Epoch 1977: average Loss: 0.023000
2026-04-20 22:42: Train Epoch 1978: 0/37 Loss: 0.008140
2026-04-20 22:42: Train Epoch 1978: 20/37 Loss: 0.009246
2026-04-20 22:42: **********Train Epoch 1978: averaged Loss: 0.006604
2026-04-20 22:42: **********Val Epoch 1978: average Loss: 0.005486
2026-04-20 22:42: Train Epoch 1979: 0/37 Loss: 0.028101
2026-04-20 22:42: Train Epoch 1979: 20/37 Loss: 0.005310
2026-04-20 22:42: **********Train Epoch 1979: averaged Loss: 0.009174
2026-04-20 22:42: **********Val Epoch 1979: average Loss: 0.018451
2026-04-20 22:42: Train Epoch 1980: 0/37 Loss: 0.007833
2026-04-20 22:42: Train Epoch 1980: 20/37 Loss: 0.004302
2026-04-20 22:42: **********Train Epoch 1980: averaged Loss: 0.004398
2026-04-20 22:42: **********Val Epoch 1980: average Loss: 0.008019
2026-04-20 22:42: Train Epoch 1981: 0/37 Loss: 0.009157
2026-04-20 22:42: Train Epoch 1981: 20/37 Loss: 0.004647
2026-04-20 22:42: **********Train Epoch 1981: averaged Loss: 0.006733
2026-04-20 22:42: **********Val Epoch 1981: average Loss: 0.007971
2026-04-20 22:42: Train Epoch 1982: 0/37 Loss: 0.025046
2026-04-20 22:42: Train Epoch 1982: 20/37 Loss: 0.004361
2026-04-20 22:42: **********Train Epoch 1982: averaged Loss: 0.008674
2026-04-20 22:42: **********Val Epoch 1982: average Loss: 0.009650
2026-04-20 22:42: Train Epoch 1983: 0/37 Loss: 0.010875
2026-04-20 22:42: Train Epoch 1983: 20/37 Loss: 0.004829
2026-04-20 22:42: **********Train Epoch 1983: averaged Loss: 0.008534
2026-04-20 22:42: **********Val Epoch 1983: average Loss: 0.008480
2026-04-20 22:42: Train Epoch 1984: 0/37 Loss: 0.016584
2026-04-20 22:42: Train Epoch 1984: 20/37 Loss: 0.012609
2026-04-20 22:42: **********Train Epoch 1984: averaged Loss: 0.008912
2026-04-20 22:42: **********Val Epoch 1984: average Loss: 0.012932
2026-04-20 22:42: Train Epoch 1985: 0/37 Loss: 0.049267
2026-04-20 22:42: Train Epoch 1985: 20/37 Loss: 0.007074
2026-04-20 22:42: **********Train Epoch 1985: averaged Loss: 0.013626
2026-04-20 22:42: **********Val Epoch 1985: average Loss: 0.011678
2026-04-20 22:42: Train Epoch 1986: 0/37 Loss: 0.032500
2026-04-20 22:42: Train Epoch 1986: 20/37 Loss: 0.008223
2026-04-20 22:42: **********Train Epoch 1986: averaged Loss: 0.010001
2026-04-20 22:42: **********Val Epoch 1986: average Loss: 0.006121
2026-04-20 22:42: Train Epoch 1987: 0/37 Loss: 0.006235
2026-04-20 22:42: Train Epoch 1987: 20/37 Loss: 0.004843
2026-04-20 22:42: **********Train Epoch 1987: averaged Loss: 0.004836
2026-04-20 22:42: **********Val Epoch 1987: average Loss: 0.009604
2026-04-20 22:42: Train Epoch 1988: 0/37 Loss: 0.018834
2026-04-20 22:42: Train Epoch 1988: 20/37 Loss: 0.004278
2026-04-20 22:43: **********Train Epoch 1988: averaged Loss: 0.006525
2026-04-20 22:43: **********Val Epoch 1988: average Loss: 0.009565
2026-04-20 22:43: Train Epoch 1989: 0/37 Loss: 0.023032
2026-04-20 22:43: Train Epoch 1989: 20/37 Loss: 0.007084
2026-04-20 22:43: **********Train Epoch 1989: averaged Loss: 0.008040
2026-04-20 22:43: **********Val Epoch 1989: average Loss: 0.006322
2026-04-20 22:43: Train Epoch 1990: 0/37 Loss: 0.003798
2026-04-20 22:43: Train Epoch 1990: 20/37 Loss: 0.005038
2026-04-20 22:43: **********Train Epoch 1990: averaged Loss: 0.005787
2026-04-20 22:43: **********Val Epoch 1990: average Loss: 0.023475
2026-04-20 22:43: Train Epoch 1991: 0/37 Loss: 0.018693
2026-04-20 22:43: Train Epoch 1991: 20/37 Loss: 0.004796
2026-04-20 22:43: **********Train Epoch 1991: averaged Loss: 0.007186
2026-04-20 22:43: **********Val Epoch 1991: average Loss: 0.009680
2026-04-20 22:43: Train Epoch 1992: 0/37 Loss: 0.017001
2026-04-20 22:43: Train Epoch 1992: 20/37 Loss: 0.004569
2026-04-20 22:43: **********Train Epoch 1992: averaged Loss: 0.007967
2026-04-20 22:43: **********Val Epoch 1992: average Loss: 0.020579
2026-04-20 22:43: Train Epoch 1993: 0/37 Loss: 0.010708
2026-04-20 22:43: Train Epoch 1993: 20/37 Loss: 0.004614
2026-04-20 22:43: **********Train Epoch 1993: averaged Loss: 0.006712
2026-04-20 22:43: **********Val Epoch 1993: average Loss: 0.013189
2026-04-20 22:43: Train Epoch 1994: 0/37 Loss: 0.002417
2026-04-20 22:43: Train Epoch 1994: 20/37 Loss: 0.004221
2026-04-20 22:43: **********Train Epoch 1994: averaged Loss: 0.005687
2026-04-20 22:43: **********Val Epoch 1994: average Loss: 0.005625
2026-04-20 22:43: Train Epoch 1995: 0/37 Loss: 0.004352
2026-04-20 22:43: Train Epoch 1995: 20/37 Loss: 0.005175
2026-04-20 22:43: **********Train Epoch 1995: averaged Loss: 0.006816
2026-04-20 22:43: **********Val Epoch 1995: average Loss: 0.009891
2026-04-20 22:43: Train Epoch 1996: 0/37 Loss: 0.015844
2026-04-20 22:43: Train Epoch 1996: 20/37 Loss: 0.004498
2026-04-20 22:43: **********Train Epoch 1996: averaged Loss: 0.006821
2026-04-20 22:43: **********Val Epoch 1996: average Loss: 0.010026
2026-04-20 22:43: Train Epoch 1997: 0/37 Loss: 0.007518
2026-04-20 22:43: Train Epoch 1997: 20/37 Loss: 0.005899
2026-04-20 22:43: **********Train Epoch 1997: averaged Loss: 0.006436
2026-04-20 22:43: **********Val Epoch 1997: average Loss: 0.006943
2026-04-20 22:43: Train Epoch 1998: 0/37 Loss: 0.003794
2026-04-20 22:43: Train Epoch 1998: 20/37 Loss: 0.009413
2026-04-20 22:43: **********Train Epoch 1998: averaged Loss: 0.009041
2026-04-20 22:43: **********Val Epoch 1998: average Loss: 0.016532
2026-04-20 22:43: Train Epoch 1999: 0/37 Loss: 0.012429
2026-04-20 22:43: Train Epoch 1999: 20/37 Loss: 0.006142
2026-04-20 22:43: **********Train Epoch 1999: averaged Loss: 0.009988
2026-04-20 22:43: **********Val Epoch 1999: average Loss: 0.016523
2026-04-20 22:43: Train Epoch 2000: 0/37 Loss: 0.028154
2026-04-20 22:43: Train Epoch 2000: 20/37 Loss: 0.004526
2026-04-20 22:43: **********Train Epoch 2000: averaged Loss: 0.009068
2026-04-20 22:43: **********Val Epoch 2000: average Loss: 0.008316
2026-04-20 22:43: Train Epoch 2001: 0/37 Loss: 0.004716
2026-04-20 22:43: Train Epoch 2001: 20/37 Loss: 0.004418
2026-04-20 22:43: **********Train Epoch 2001: averaged Loss: 0.005919
2026-04-20 22:43: **********Val Epoch 2001: average Loss: 0.007169
2026-04-20 22:43: Train Epoch 2002: 0/37 Loss: 0.002661
2026-04-20 22:43: Train Epoch 2002: 20/37 Loss: 0.004495
2026-04-20 22:43: **********Train Epoch 2002: averaged Loss: 0.006201
2026-04-20 22:43: **********Val Epoch 2002: average Loss: 0.009365
2026-04-20 22:43: Train Epoch 2003: 0/37 Loss: 0.007047
2026-04-20 22:43: Train Epoch 2003: 20/37 Loss: 0.005251
2026-04-20 22:43: **********Train Epoch 2003: averaged Loss: 0.007423
2026-04-20 22:43: **********Val Epoch 2003: average Loss: 0.005752
2026-04-20 22:43: Train Epoch 2004: 0/37 Loss: 0.016840
2026-04-20 22:43: Train Epoch 2004: 20/37 Loss: 0.004929
2026-04-20 22:43: **********Train Epoch 2004: averaged Loss: 0.009901
2026-04-20 22:43: **********Val Epoch 2004: average Loss: 0.009938
2026-04-20 22:43: Train Epoch 2005: 0/37 Loss: 0.016734
2026-04-20 22:43: Train Epoch 2005: 20/37 Loss: 0.027118
2026-04-20 22:43: **********Train Epoch 2005: averaged Loss: 0.014280
2026-04-20 22:43: **********Val Epoch 2005: average Loss: 0.016677
2026-04-20 22:43: Train Epoch 2006: 0/37 Loss: 0.011392
2026-04-20 22:43: Train Epoch 2006: 20/37 Loss: 0.004403
2026-04-20 22:43: **********Train Epoch 2006: averaged Loss: 0.008901
2026-04-20 22:43: **********Val Epoch 2006: average Loss: 0.004125
2026-04-20 22:43: Train Epoch 2007: 0/37 Loss: 0.018728
2026-04-20 22:43: Train Epoch 2007: 20/37 Loss: 0.023219
2026-04-20 22:43: **********Train Epoch 2007: averaged Loss: 0.013435
2026-04-20 22:43: **********Val Epoch 2007: average Loss: 0.008464
2026-04-20 22:43: Train Epoch 2008: 0/37 Loss: 0.008522
2026-04-20 22:43: Train Epoch 2008: 20/37 Loss: 0.013864
2026-04-20 22:43: **********Train Epoch 2008: averaged Loss: 0.012332
2026-04-20 22:43: **********Val Epoch 2008: average Loss: 0.016386
2026-04-20 22:43: Train Epoch 2009: 0/37 Loss: 0.047158
2026-04-20 22:43: Train Epoch 2009: 20/37 Loss: 0.007945
2026-04-20 22:43: **********Train Epoch 2009: averaged Loss: 0.017375
2026-04-20 22:43: **********Val Epoch 2009: average Loss: 0.016389
2026-04-20 22:43: Train Epoch 2010: 0/37 Loss: 0.065268
2026-04-20 22:43: Train Epoch 2010: 20/37 Loss: 0.023044
2026-04-20 22:43: **********Train Epoch 2010: averaged Loss: 0.023174
2026-04-20 22:43: **********Val Epoch 2010: average Loss: 0.029270
2026-04-20 22:43: Train Epoch 2011: 0/37 Loss: 0.051976
2026-04-20 22:43: Train Epoch 2011: 20/37 Loss: 0.023255
2026-04-20 22:43: **********Train Epoch 2011: averaged Loss: 0.016995
2026-04-20 22:43: **********Val Epoch 2011: average Loss: 0.007633
2026-04-20 22:43: Train Epoch 2012: 0/37 Loss: 0.067716
2026-04-20 22:43: Train Epoch 2012: 20/37 Loss: 0.013491
2026-04-20 22:43: **********Train Epoch 2012: averaged Loss: 0.019065
2026-04-20 22:43: **********Val Epoch 2012: average Loss: 0.006093
2026-04-20 22:43: Train Epoch 2013: 0/37 Loss: 0.043004
2026-04-20 22:43: Train Epoch 2013: 20/37 Loss: 0.004418
2026-04-20 22:43: **********Train Epoch 2013: averaged Loss: 0.012679
2026-04-20 22:43: **********Val Epoch 2013: average Loss: 0.005596
2026-04-20 22:43: Train Epoch 2014: 0/37 Loss: 0.015321
2026-04-20 22:43: Train Epoch 2014: 20/37 Loss: 0.005894
2026-04-20 22:43: **********Train Epoch 2014: averaged Loss: 0.006024
2026-04-20 22:43: **********Val Epoch 2014: average Loss: 0.010766
2026-04-20 22:43: Train Epoch 2015: 0/37 Loss: 0.007639
2026-04-20 22:43: Train Epoch 2015: 20/37 Loss: 0.006051
2026-04-20 22:43: **********Train Epoch 2015: averaged Loss: 0.005752
2026-04-20 22:43: **********Val Epoch 2015: average Loss: 0.008547
2026-04-20 22:43: Train Epoch 2016: 0/37 Loss: 0.004488
2026-04-20 22:43: Train Epoch 2016: 20/37 Loss: 0.006371
2026-04-20 22:43: **********Train Epoch 2016: averaged Loss: 0.006682
2026-04-20 22:43: **********Val Epoch 2016: average Loss: 0.010555
2026-04-20 22:43: Train Epoch 2017: 0/37 Loss: 0.021939
2026-04-20 22:44: Train Epoch 2017: 20/37 Loss: 0.014340
2026-04-20 22:44: **********Train Epoch 2017: averaged Loss: 0.008971
2026-04-20 22:44: **********Val Epoch 2017: average Loss: 0.007673
2026-04-20 22:44: Train Epoch 2018: 0/37 Loss: 0.030037
2026-04-20 22:44: Train Epoch 2018: 20/37 Loss: 0.011069
2026-04-20 22:44: **********Train Epoch 2018: averaged Loss: 0.010317
2026-04-20 22:44: **********Val Epoch 2018: average Loss: 0.007869
2026-04-20 22:44: Train Epoch 2019: 0/37 Loss: 0.017405
2026-04-20 22:44: Train Epoch 2019: 20/37 Loss: 0.006184
2026-04-20 22:44: **********Train Epoch 2019: averaged Loss: 0.007461
2026-04-20 22:44: **********Val Epoch 2019: average Loss: 0.009505
2026-04-20 22:44: Train Epoch 2020: 0/37 Loss: 0.019378
2026-04-20 22:44: Train Epoch 2020: 20/37 Loss: 0.004836
2026-04-20 22:44: **********Train Epoch 2020: averaged Loss: 0.009946
2026-04-20 22:44: **********Val Epoch 2020: average Loss: 0.009296
2026-04-20 22:44: Train Epoch 2021: 0/37 Loss: 0.012905
2026-04-20 22:44: Train Epoch 2021: 20/37 Loss: 0.022471
2026-04-20 22:44: **********Train Epoch 2021: averaged Loss: 0.010424
2026-04-20 22:44: **********Val Epoch 2021: average Loss: 0.005291
2026-04-20 22:44: Train Epoch 2022: 0/37 Loss: 0.045618
2026-04-20 22:44: Train Epoch 2022: 20/37 Loss: 0.005088
2026-04-20 22:44: **********Train Epoch 2022: averaged Loss: 0.014896
2026-04-20 22:44: **********Val Epoch 2022: average Loss: 0.006745
2026-04-20 22:44: Train Epoch 2023: 0/37 Loss: 0.030723
2026-04-20 22:44: Train Epoch 2023: 20/37 Loss: 0.006732
2026-04-20 22:44: **********Train Epoch 2023: averaged Loss: 0.010811
2026-04-20 22:44: **********Val Epoch 2023: average Loss: 0.016388
2026-04-20 22:44: Train Epoch 2024: 0/37 Loss: 0.022136
2026-04-20 22:44: Train Epoch 2024: 20/37 Loss: 0.019977
2026-04-20 22:44: **********Train Epoch 2024: averaged Loss: 0.011669
2026-04-20 22:44: **********Val Epoch 2024: average Loss: 0.010658
2026-04-20 22:44: Train Epoch 2025: 0/37 Loss: 0.014534
2026-04-20 22:44: Train Epoch 2025: 20/37 Loss: 0.004215
2026-04-20 22:44: **********Train Epoch 2025: averaged Loss: 0.006128
2026-04-20 22:44: **********Val Epoch 2025: average Loss: 0.005295
2026-04-20 22:44: Train Epoch 2026: 0/37 Loss: 0.002102
2026-04-20 22:44: Train Epoch 2026: 20/37 Loss: 0.004202
2026-04-20 22:44: **********Train Epoch 2026: averaged Loss: 0.006618
2026-04-20 22:44: **********Val Epoch 2026: average Loss: 0.012633
2026-04-20 22:44: Train Epoch 2027: 0/37 Loss: 0.003082
2026-04-20 22:44: Train Epoch 2027: 20/37 Loss: 0.004187
2026-04-20 22:44: **********Train Epoch 2027: averaged Loss: 0.006527
2026-04-20 22:44: **********Val Epoch 2027: average Loss: 0.013444
2026-04-20 22:44: Train Epoch 2028: 0/37 Loss: 0.003962
2026-04-20 22:44: Train Epoch 2028: 20/37 Loss: 0.004398
2026-04-20 22:44: **********Train Epoch 2028: averaged Loss: 0.008887
2026-04-20 22:44: **********Val Epoch 2028: average Loss: 0.025251
2026-04-20 22:44: Train Epoch 2029: 0/37 Loss: 0.017446
2026-04-20 22:44: Train Epoch 2029: 20/37 Loss: 0.004327
2026-04-20 22:44: **********Train Epoch 2029: averaged Loss: 0.009706
2026-04-20 22:44: **********Val Epoch 2029: average Loss: 0.009798
2026-04-20 22:44: Train Epoch 2030: 0/37 Loss: 0.059271
2026-04-20 22:44: Train Epoch 2030: 20/37 Loss: 0.018645
2026-04-20 22:44: **********Train Epoch 2030: averaged Loss: 0.019591
2026-04-20 22:44: **********Val Epoch 2030: average Loss: 0.024192
2026-04-20 22:44: Train Epoch 2031: 0/37 Loss: 0.032576
2026-04-20 22:44: Train Epoch 2031: 20/37 Loss: 0.004799
2026-04-20 22:44: **********Train Epoch 2031: averaged Loss: 0.010344
2026-04-20 22:44: **********Val Epoch 2031: average Loss: 0.005039
2026-04-20 22:44: Train Epoch 2032: 0/37 Loss: 0.030606
2026-04-20 22:44: Train Epoch 2032: 20/37 Loss: 0.004361
2026-04-20 22:44: **********Train Epoch 2032: averaged Loss: 0.008991
2026-04-20 22:44: **********Val Epoch 2032: average Loss: 0.005929
2026-04-20 22:44: Train Epoch 2033: 0/37 Loss: 0.026305
2026-04-20 22:44: Train Epoch 2033: 20/37 Loss: 0.004671
2026-04-20 22:44: **********Train Epoch 2033: averaged Loss: 0.009260
2026-04-20 22:44: **********Val Epoch 2033: average Loss: 0.005261
2026-04-20 22:44: Train Epoch 2034: 0/37 Loss: 0.013399
2026-04-20 22:44: Train Epoch 2034: 20/37 Loss: 0.006309
2026-04-20 22:44: **********Train Epoch 2034: averaged Loss: 0.007018
2026-04-20 22:44: **********Val Epoch 2034: average Loss: 0.005926
2026-04-20 22:44: Train Epoch 2035: 0/37 Loss: 0.016092
2026-04-20 22:44: Train Epoch 2035: 20/37 Loss: 0.004504
2026-04-20 22:44: **********Train Epoch 2035: averaged Loss: 0.009152
2026-04-20 22:44: **********Val Epoch 2035: average Loss: 0.009136
2026-04-20 22:44: Train Epoch 2036: 0/37 Loss: 0.003887
2026-04-20 22:44: Train Epoch 2036: 20/37 Loss: 0.012605
2026-04-20 22:44: **********Train Epoch 2036: averaged Loss: 0.007650
2026-04-20 22:44: **********Val Epoch 2036: average Loss: 0.009959
2026-04-20 22:44: Train Epoch 2037: 0/37 Loss: 0.041402
2026-04-20 22:44: Train Epoch 2037: 20/37 Loss: 0.016316
2026-04-20 22:44: **********Train Epoch 2037: averaged Loss: 0.013332
2026-04-20 22:44: **********Val Epoch 2037: average Loss: 0.006856
2026-04-20 22:44: Train Epoch 2038: 0/37 Loss: 0.001656
2026-04-20 22:44: Train Epoch 2038: 20/37 Loss: 0.006282
2026-04-20 22:44: **********Train Epoch 2038: averaged Loss: 0.008036
2026-04-20 22:44: **********Val Epoch 2038: average Loss: 0.007801
2026-04-20 22:44: Train Epoch 2039: 0/37 Loss: 0.009854
2026-04-20 22:44: Train Epoch 2039: 20/37 Loss: 0.005475
2026-04-20 22:44: **********Train Epoch 2039: averaged Loss: 0.008717
2026-04-20 22:44: **********Val Epoch 2039: average Loss: 0.014874
2026-04-20 22:44: Train Epoch 2040: 0/37 Loss: 0.001810
2026-04-20 22:44: Train Epoch 2040: 20/37 Loss: 0.018490
2026-04-20 22:44: **********Train Epoch 2040: averaged Loss: 0.009567
2026-04-20 22:44: **********Val Epoch 2040: average Loss: 0.010321
2026-04-20 22:44: Train Epoch 2041: 0/37 Loss: 0.024763
2026-04-20 22:44: Train Epoch 2041: 20/37 Loss: 0.004920
2026-04-20 22:44: **********Train Epoch 2041: averaged Loss: 0.008726
2026-04-20 22:44: **********Val Epoch 2041: average Loss: 0.008834
2026-04-20 22:44: Train Epoch 2042: 0/37 Loss: 0.003811
2026-04-20 22:44: Train Epoch 2042: 20/37 Loss: 0.004750
2026-04-20 22:44: **********Train Epoch 2042: averaged Loss: 0.004710
2026-04-20 22:44: **********Val Epoch 2042: average Loss: 0.005116
2026-04-20 22:44: Train Epoch 2043: 0/37 Loss: 0.011805
2026-04-20 22:44: Train Epoch 2043: 20/37 Loss: 0.004540
2026-04-20 22:44: **********Train Epoch 2043: averaged Loss: 0.007082
2026-04-20 22:44: **********Val Epoch 2043: average Loss: 0.009600
2026-04-20 22:44: Train Epoch 2044: 0/37 Loss: 0.010280
2026-04-20 22:44: Train Epoch 2044: 20/37 Loss: 0.006474
2026-04-20 22:44: **********Train Epoch 2044: averaged Loss: 0.005462
2026-04-20 22:44: **********Val Epoch 2044: average Loss: 0.006366
2026-04-20 22:44: Train Epoch 2045: 0/37 Loss: 0.006473
2026-04-20 22:44: Train Epoch 2045: 20/37 Loss: 0.004198
2026-04-20 22:44: **********Train Epoch 2045: averaged Loss: 0.007192
2026-04-20 22:44: **********Val Epoch 2045: average Loss: 0.005719
2026-04-20 22:44: Train Epoch 2046: 0/37 Loss: 0.024633
2026-04-20 22:45: Train Epoch 2046: 20/37 Loss: 0.004429
2026-04-20 22:45: **********Train Epoch 2046: averaged Loss: 0.007900
2026-04-20 22:45: **********Val Epoch 2046: average Loss: 0.006038
2026-04-20 22:45: Train Epoch 2047: 0/37 Loss: 0.028079
2026-04-20 22:45: Train Epoch 2047: 20/37 Loss: 0.006607
2026-04-20 22:45: **********Train Epoch 2047: averaged Loss: 0.010817
2026-04-20 22:45: **********Val Epoch 2047: average Loss: 0.015226
2026-04-20 22:45: Train Epoch 2048: 0/37 Loss: 0.035476
2026-04-20 22:45: Train Epoch 2048: 20/37 Loss: 0.017422
2026-04-20 22:45: **********Train Epoch 2048: averaged Loss: 0.013198
2026-04-20 22:45: **********Val Epoch 2048: average Loss: 0.013590
2026-04-20 22:45: Train Epoch 2049: 0/37 Loss: 0.005041
2026-04-20 22:45: Train Epoch 2049: 20/37 Loss: 0.005839
2026-04-20 22:45: **********Train Epoch 2049: averaged Loss: 0.005066
2026-04-20 22:45: **********Val Epoch 2049: average Loss: 0.005646
2026-04-20 22:45: Train Epoch 2050: 0/37 Loss: 0.003875
2026-04-20 22:45: Train Epoch 2050: 20/37 Loss: 0.004362
2026-04-20 22:45: **********Train Epoch 2050: averaged Loss: 0.006337
2026-04-20 22:45: **********Val Epoch 2050: average Loss: 0.004749
2026-04-20 22:45: Train Epoch 2051: 0/37 Loss: 0.010963
2026-04-20 22:45: Train Epoch 2051: 20/37 Loss: 0.004287
2026-04-20 22:45: **********Train Epoch 2051: averaged Loss: 0.007331
2026-04-20 22:45: **********Val Epoch 2051: average Loss: 0.005607
2026-04-20 22:45: Train Epoch 2052: 0/37 Loss: 0.008020
2026-04-20 22:45: Train Epoch 2052: 20/37 Loss: 0.005504
2026-04-20 22:45: **********Train Epoch 2052: averaged Loss: 0.010920
2026-04-20 22:45: **********Val Epoch 2052: average Loss: 0.028909
2026-04-20 22:45: Train Epoch 2053: 0/37 Loss: 0.007298
2026-04-20 22:45: Train Epoch 2053: 20/37 Loss: 0.004863
2026-04-20 22:45: **********Train Epoch 2053: averaged Loss: 0.008589
2026-04-20 22:45: **********Val Epoch 2053: average Loss: 0.005604
2026-04-20 22:45: Train Epoch 2054: 0/37 Loss: 0.058537
2026-04-20 22:45: Train Epoch 2054: 20/37 Loss: 0.015266
2026-04-20 22:45: **********Train Epoch 2054: averaged Loss: 0.017006
2026-04-20 22:45: **********Val Epoch 2054: average Loss: 0.005746
2026-04-20 22:45: Train Epoch 2055: 0/37 Loss: 0.041834
2026-04-20 22:45: Train Epoch 2055: 20/37 Loss: 0.008906
2026-04-20 22:45: **********Train Epoch 2055: averaged Loss: 0.013338
2026-04-20 22:45: **********Val Epoch 2055: average Loss: 0.018916
2026-04-20 22:45: Train Epoch 2056: 0/37 Loss: 0.009292
2026-04-20 22:45: Train Epoch 2056: 20/37 Loss: 0.004821
2026-04-20 22:45: **********Train Epoch 2056: averaged Loss: 0.007688
2026-04-20 22:45: **********Val Epoch 2056: average Loss: 0.011741
2026-04-20 22:45: Train Epoch 2057: 0/37 Loss: 0.003840
2026-04-20 22:45: Train Epoch 2057: 20/37 Loss: 0.004742
2026-04-20 22:45: **********Train Epoch 2057: averaged Loss: 0.008181
2026-04-20 22:45: **********Val Epoch 2057: average Loss: 0.023949
2026-04-20 22:45: Train Epoch 2058: 0/37 Loss: 0.002402
2026-04-20 22:45: Train Epoch 2058: 20/37 Loss: 0.018268
2026-04-20 22:45: **********Train Epoch 2058: averaged Loss: 0.008454
2026-04-20 22:45: **********Val Epoch 2058: average Loss: 0.016428
2026-04-20 22:45: Train Epoch 2059: 0/37 Loss: 0.031073
2026-04-20 22:45: Train Epoch 2059: 20/37 Loss: 0.005215
2026-04-20 22:45: **********Train Epoch 2059: averaged Loss: 0.009455
2026-04-20 22:45: **********Val Epoch 2059: average Loss: 0.005454
2026-04-20 22:45: Train Epoch 2060: 0/37 Loss: 0.013819
2026-04-20 22:45: Train Epoch 2060: 20/37 Loss: 0.005961
2026-04-20 22:45: **********Train Epoch 2060: averaged Loss: 0.006193
2026-04-20 22:45: **********Val Epoch 2060: average Loss: 0.006676
2026-04-20 22:45: Train Epoch 2061: 0/37 Loss: 0.009066
2026-04-20 22:45: Train Epoch 2061: 20/37 Loss: 0.004755
2026-04-20 22:45: **********Train Epoch 2061: averaged Loss: 0.007419
2026-04-20 22:45: **********Val Epoch 2061: average Loss: 0.033721
2026-04-20 22:45: Train Epoch 2062: 0/37 Loss: 0.036738
2026-04-20 22:45: Train Epoch 2062: 20/37 Loss: 0.017219
2026-04-20 22:45: **********Train Epoch 2062: averaged Loss: 0.011588
2026-04-20 22:45: **********Val Epoch 2062: average Loss: 0.008785
2026-04-20 22:45: Train Epoch 2063: 0/37 Loss: 0.007041
2026-04-20 22:45: Train Epoch 2063: 20/37 Loss: 0.006132
2026-04-20 22:45: **********Train Epoch 2063: averaged Loss: 0.005884
2026-04-20 22:45: **********Val Epoch 2063: average Loss: 0.007541
2026-04-20 22:45: Train Epoch 2064: 0/37 Loss: 0.005203
2026-04-20 22:45: Train Epoch 2064: 20/37 Loss: 0.004195
2026-04-20 22:45: **********Train Epoch 2064: averaged Loss: 0.008330
2026-04-20 22:45: **********Val Epoch 2064: average Loss: 0.007717
2026-04-20 22:45: Train Epoch 2065: 0/37 Loss: 0.004004
2026-04-20 22:45: Train Epoch 2065: 20/37 Loss: 0.005493
2026-04-20 22:45: **********Train Epoch 2065: averaged Loss: 0.007542
2026-04-20 22:45: **********Val Epoch 2065: average Loss: 0.007534
2026-04-20 22:45: Train Epoch 2066: 0/37 Loss: 0.022901
2026-04-20 22:45: Train Epoch 2066: 20/37 Loss: 0.004786
2026-04-20 22:45: **********Train Epoch 2066: averaged Loss: 0.009675
2026-04-20 22:45: **********Val Epoch 2066: average Loss: 0.007527
2026-04-20 22:45: Train Epoch 2067: 0/37 Loss: 0.003352
2026-04-20 22:45: Train Epoch 2067: 20/37 Loss: 0.009744
2026-04-20 22:45: **********Train Epoch 2067: averaged Loss: 0.007133
2026-04-20 22:45: **********Val Epoch 2067: average Loss: 0.016806
2026-04-20 22:45: Train Epoch 2068: 0/37 Loss: 0.020205
2026-04-20 22:45: Train Epoch 2068: 20/37 Loss: 0.013826
2026-04-20 22:45: **********Train Epoch 2068: averaged Loss: 0.010404
2026-04-20 22:45: **********Val Epoch 2068: average Loss: 0.006167
2026-04-20 22:45: Train Epoch 2069: 0/37 Loss: 0.012167
2026-04-20 22:45: Train Epoch 2069: 20/37 Loss: 0.004465
2026-04-20 22:45: **********Train Epoch 2069: averaged Loss: 0.006765
2026-04-20 22:45: **********Val Epoch 2069: average Loss: 0.007934
2026-04-20 22:45: Train Epoch 2070: 0/37 Loss: 0.032665
2026-04-20 22:45: Train Epoch 2070: 20/37 Loss: 0.007764
2026-04-20 22:45: **********Train Epoch 2070: averaged Loss: 0.011083
2026-04-20 22:45: **********Val Epoch 2070: average Loss: 0.006469
2026-04-20 22:45: Train Epoch 2071: 0/37 Loss: 0.001597
2026-04-20 22:45: Train Epoch 2071: 20/37 Loss: 0.015985
2026-04-20 22:45: **********Train Epoch 2071: averaged Loss: 0.008623
2026-04-20 22:45: **********Val Epoch 2071: average Loss: 0.010148
2026-04-20 22:45: Train Epoch 2072: 0/37 Loss: 0.021059
2026-04-20 22:45: Train Epoch 2072: 20/37 Loss: 0.008166
2026-04-20 22:45: **********Train Epoch 2072: averaged Loss: 0.009199
2026-04-20 22:45: **********Val Epoch 2072: average Loss: 0.013277
2026-04-20 22:45: Train Epoch 2073: 0/37 Loss: 0.011063
2026-04-20 22:45: Train Epoch 2073: 20/37 Loss: 0.012037
2026-04-20 22:45: **********Train Epoch 2073: averaged Loss: 0.007917
2026-04-20 22:45: **********Val Epoch 2073: average Loss: 0.010676
2026-04-20 22:45: Train Epoch 2074: 0/37 Loss: 0.027163
2026-04-20 22:45: Train Epoch 2074: 20/37 Loss: 0.004938
2026-04-20 22:46: **********Train Epoch 2074: averaged Loss: 0.010618
2026-04-20 22:46: **********Val Epoch 2074: average Loss: 0.006309
2026-04-20 22:46: Train Epoch 2075: 0/37 Loss: 0.006707
2026-04-20 22:46: Train Epoch 2075: 20/37 Loss: 0.004709
2026-04-20 22:46: **********Train Epoch 2075: averaged Loss: 0.008354
2026-04-20 22:46: **********Val Epoch 2075: average Loss: 0.005762
2026-04-20 22:46: Train Epoch 2076: 0/37 Loss: 0.025618
2026-04-20 22:46: Train Epoch 2076: 20/37 Loss: 0.007823
2026-04-20 22:46: **********Train Epoch 2076: averaged Loss: 0.010965
2026-04-20 22:46: **********Val Epoch 2076: average Loss: 0.018174
2026-04-20 22:46: Train Epoch 2077: 0/37 Loss: 0.033651
2026-04-20 22:46: Train Epoch 2077: 20/37 Loss: 0.020331
2026-04-20 22:46: **********Train Epoch 2077: averaged Loss: 0.012914
2026-04-20 22:46: **********Val Epoch 2077: average Loss: 0.013115
2026-04-20 22:46: Train Epoch 2078: 0/37 Loss: 0.004467
2026-04-20 22:46: Train Epoch 2078: 20/37 Loss: 0.007091
2026-04-20 22:46: **********Train Epoch 2078: averaged Loss: 0.005164
2026-04-20 22:46: **********Val Epoch 2078: average Loss: 0.004922
2026-04-20 22:46: Train Epoch 2079: 0/37 Loss: 0.011114
2026-04-20 22:46: Train Epoch 2079: 20/37 Loss: 0.009343
2026-04-20 22:46: **********Train Epoch 2079: averaged Loss: 0.008828
2026-04-20 22:46: **********Val Epoch 2079: average Loss: 0.010014
2026-04-20 22:46: Train Epoch 2080: 0/37 Loss: 0.002199
2026-04-20 22:46: Train Epoch 2080: 20/37 Loss: 0.004305
2026-04-20 22:46: **********Train Epoch 2080: averaged Loss: 0.007388
2026-04-20 22:46: **********Val Epoch 2080: average Loss: 0.011255
2026-04-20 22:46: Train Epoch 2081: 0/37 Loss: 0.014423
2026-04-20 22:46: Train Epoch 2081: 20/37 Loss: 0.005696
2026-04-20 22:46: **********Train Epoch 2081: averaged Loss: 0.007534
2026-04-20 22:46: **********Val Epoch 2081: average Loss: 0.007040
2026-04-20 22:46: Train Epoch 2082: 0/37 Loss: 0.023049
2026-04-20 22:46: Train Epoch 2082: 20/37 Loss: 0.007613
2026-04-20 22:46: **********Train Epoch 2082: averaged Loss: 0.007961
2026-04-20 22:46: **********Val Epoch 2082: average Loss: 0.004901
2026-04-20 22:46: Train Epoch 2083: 0/37 Loss: 0.032354
2026-04-20 22:46: Train Epoch 2083: 20/37 Loss: 0.010754
2026-04-20 22:46: **********Train Epoch 2083: averaged Loss: 0.009895
2026-04-20 22:46: **********Val Epoch 2083: average Loss: 0.004935
2026-04-20 22:46: Train Epoch 2084: 0/37 Loss: 0.040320
2026-04-20 22:46: Train Epoch 2084: 20/37 Loss: 0.004330
2026-04-20 22:46: **********Train Epoch 2084: averaged Loss: 0.013043
2026-04-20 22:46: **********Val Epoch 2084: average Loss: 0.004947
2026-04-20 22:46: Train Epoch 2085: 0/37 Loss: 0.028656
2026-04-20 22:46: Train Epoch 2085: 20/37 Loss: 0.006714
2026-04-20 22:46: **********Train Epoch 2085: averaged Loss: 0.012655
2026-04-20 22:46: **********Val Epoch 2085: average Loss: 0.034353
2026-04-20 22:46: Train Epoch 2086: 0/37 Loss: 0.023819
2026-04-20 22:46: Train Epoch 2086: 20/37 Loss: 0.019297
2026-04-20 22:46: **********Train Epoch 2086: averaged Loss: 0.011975
2026-04-20 22:46: **********Val Epoch 2086: average Loss: 0.009500
2026-04-20 22:46: Train Epoch 2087: 0/37 Loss: 0.066450
2026-04-20 22:46: Train Epoch 2087: 20/37 Loss: 0.034309
2026-04-20 22:46: **********Train Epoch 2087: averaged Loss: 0.026912
2026-04-20 22:46: **********Val Epoch 2087: average Loss: 0.017772
2026-04-20 22:46: Train Epoch 2088: 0/37 Loss: 0.002507
2026-04-20 22:46: Train Epoch 2088: 20/37 Loss: 0.008673
2026-04-20 22:46: **********Train Epoch 2088: averaged Loss: 0.006679
2026-04-20 22:46: **********Val Epoch 2088: average Loss: 0.008722
2026-04-20 22:46: Train Epoch 2089: 0/37 Loss: 0.002214
2026-04-20 22:46: Train Epoch 2089: 20/37 Loss: 0.005260
2026-04-20 22:46: **********Train Epoch 2089: averaged Loss: 0.006240
2026-04-20 22:46: **********Val Epoch 2089: average Loss: 0.013237
2026-04-20 22:46: Train Epoch 2090: 0/37 Loss: 0.023857
2026-04-20 22:46: Train Epoch 2090: 20/37 Loss: 0.008133
2026-04-20 22:46: **********Train Epoch 2090: averaged Loss: 0.010184
2026-04-20 22:46: **********Val Epoch 2090: average Loss: 0.009377
2026-04-20 22:46: Train Epoch 2091: 0/37 Loss: 0.001530
2026-04-20 22:46: Train Epoch 2091: 20/37 Loss: 0.017441
2026-04-20 22:46: **********Train Epoch 2091: averaged Loss: 0.009635
2026-04-20 22:46: **********Val Epoch 2091: average Loss: 0.004963
2026-04-20 22:46: Train Epoch 2092: 0/37 Loss: 0.050575
2026-04-20 22:46: Train Epoch 2092: 20/37 Loss: 0.014645
2026-04-20 22:46: **********Train Epoch 2092: averaged Loss: 0.015177
2026-04-20 22:46: **********Val Epoch 2092: average Loss: 0.012964
2026-04-20 22:46: Train Epoch 2093: 0/37 Loss: 0.006792
2026-04-20 22:46: Train Epoch 2093: 20/37 Loss: 0.012218
2026-04-20 22:46: **********Train Epoch 2093: averaged Loss: 0.009518
2026-04-20 22:46: **********Val Epoch 2093: average Loss: 0.015172
2026-04-20 22:46: Train Epoch 2094: 0/37 Loss: 0.044914
2026-04-20 22:46: Train Epoch 2094: 20/37 Loss: 0.004825
2026-04-20 22:46: **********Train Epoch 2094: averaged Loss: 0.012068
2026-04-20 22:46: **********Val Epoch 2094: average Loss: 0.006651
2026-04-20 22:46: Train Epoch 2095: 0/37 Loss: 0.042214
2026-04-20 22:46: Train Epoch 2095: 20/37 Loss: 0.004721
2026-04-20 22:46: **********Train Epoch 2095: averaged Loss: 0.012539
2026-04-20 22:46: **********Val Epoch 2095: average Loss: 0.005383
2026-04-20 22:46: Train Epoch 2096: 0/37 Loss: 0.002451
2026-04-20 22:46: Train Epoch 2096: 20/37 Loss: 0.006781
2026-04-20 22:46: **********Train Epoch 2096: averaged Loss: 0.006840
2026-04-20 22:46: **********Val Epoch 2096: average Loss: 0.008369
2026-04-20 22:46: Train Epoch 2097: 0/37 Loss: 0.006957
2026-04-20 22:46: Train Epoch 2097: 20/37 Loss: 0.004397
2026-04-20 22:46: **********Train Epoch 2097: averaged Loss: 0.006816
2026-04-20 22:46: **********Val Epoch 2097: average Loss: 0.005541
2026-04-20 22:46: Train Epoch 2098: 0/37 Loss: 0.009135
2026-04-20 22:46: Train Epoch 2098: 20/37 Loss: 0.004986
2026-04-20 22:46: **********Train Epoch 2098: averaged Loss: 0.007653
2026-04-20 22:46: **********Val Epoch 2098: average Loss: 0.013080
2026-04-20 22:46: Train Epoch 2099: 0/37 Loss: 0.019564
2026-04-20 22:46: Train Epoch 2099: 20/37 Loss: 0.024654
2026-04-20 22:46: **********Train Epoch 2099: averaged Loss: 0.013081
2026-04-20 22:46: **********Val Epoch 2099: average Loss: 0.014872
2026-04-20 22:46: Train Epoch 2100: 0/37 Loss: 0.017756
2026-04-20 22:46: Train Epoch 2100: 20/37 Loss: 0.004710
2026-04-20 22:46: **********Train Epoch 2100: averaged Loss: 0.008202
2026-04-20 22:46: **********Val Epoch 2100: average Loss: 0.004323
2026-04-20 22:46: Train Epoch 2101: 0/37 Loss: 0.007154
2026-04-20 22:46: Train Epoch 2101: 20/37 Loss: 0.005184
2026-04-20 22:46: **********Train Epoch 2101: averaged Loss: 0.009993
2026-04-20 22:46: **********Val Epoch 2101: average Loss: 0.026606
2026-04-20 22:46: Train Epoch 2102: 0/37 Loss: 0.003671
2026-04-20 22:46: Train Epoch 2102: 20/37 Loss: 0.006166
2026-04-20 22:46: **********Train Epoch 2102: averaged Loss: 0.010530
2026-04-20 22:46: **********Val Epoch 2102: average Loss: 0.012913
2026-04-20 22:46: Train Epoch 2103: 0/37 Loss: 0.072006
2026-04-20 22:47: Train Epoch 2103: 20/37 Loss: 0.013012
2026-04-20 22:47: **********Train Epoch 2103: averaged Loss: 0.018597
2026-04-20 22:47: **********Val Epoch 2103: average Loss: 0.005020
2026-04-20 22:47: Train Epoch 2104: 0/37 Loss: 0.041893
2026-04-20 22:47: Train Epoch 2104: 20/37 Loss: 0.009536
2026-04-20 22:47: **********Train Epoch 2104: averaged Loss: 0.011466
2026-04-20 22:47: **********Val Epoch 2104: average Loss: 0.006727
2026-04-20 22:47: Train Epoch 2105: 0/37 Loss: 0.032935
2026-04-20 22:47: Train Epoch 2105: 20/37 Loss: 0.007790
2026-04-20 22:47: **********Train Epoch 2105: averaged Loss: 0.010691
2026-04-20 22:47: **********Val Epoch 2105: average Loss: 0.015607
2026-04-20 22:47: Train Epoch 2106: 0/37 Loss: 0.017410
2026-04-20 22:47: Train Epoch 2106: 20/37 Loss: 0.004407
2026-04-20 22:47: **********Train Epoch 2106: averaged Loss: 0.007010
2026-04-20 22:47: **********Val Epoch 2106: average Loss: 0.006237
2026-04-20 22:47: Train Epoch 2107: 0/37 Loss: 0.020670
2026-04-20 22:47: Train Epoch 2107: 20/37 Loss: 0.004295
2026-04-20 22:47: **********Train Epoch 2107: averaged Loss: 0.008267
2026-04-20 22:47: **********Val Epoch 2107: average Loss: 0.016258
2026-04-20 22:47: Train Epoch 2108: 0/37 Loss: 0.022537
2026-04-20 22:47: Train Epoch 2108: 20/37 Loss: 0.004317
2026-04-20 22:47: **********Train Epoch 2108: averaged Loss: 0.007486
2026-04-20 22:47: **********Val Epoch 2108: average Loss: 0.009115
2026-04-20 22:47: Train Epoch 2109: 0/37 Loss: 0.022489
2026-04-20 22:47: Train Epoch 2109: 20/37 Loss: 0.004630
2026-04-20 22:47: **********Train Epoch 2109: averaged Loss: 0.007799
2026-04-20 22:47: **********Val Epoch 2109: average Loss: 0.006906
2026-04-20 22:47: Train Epoch 2110: 0/37 Loss: 0.029965
2026-04-20 22:47: Train Epoch 2110: 20/37 Loss: 0.006524
2026-04-20 22:47: **********Train Epoch 2110: averaged Loss: 0.010253
2026-04-20 22:47: **********Val Epoch 2110: average Loss: 0.005338
2026-04-20 22:47: Train Epoch 2111: 0/37 Loss: 0.021419
2026-04-20 22:47: Train Epoch 2111: 20/37 Loss: 0.004390
2026-04-20 22:47: **********Train Epoch 2111: averaged Loss: 0.009404
2026-04-20 22:47: **********Val Epoch 2111: average Loss: 0.028337
2026-04-20 22:47: Train Epoch 2112: 0/37 Loss: 0.009201
2026-04-20 22:47: Train Epoch 2112: 20/37 Loss: 0.006366
2026-04-20 22:47: **********Train Epoch 2112: averaged Loss: 0.006121
2026-04-20 22:47: **********Val Epoch 2112: average Loss: 0.005082
2026-04-20 22:47: Train Epoch 2113: 0/37 Loss: 0.006961
2026-04-20 22:47: Train Epoch 2113: 20/37 Loss: 0.007637
2026-04-20 22:47: **********Train Epoch 2113: averaged Loss: 0.007457
2026-04-20 22:47: **********Val Epoch 2113: average Loss: 0.026244
2026-04-20 22:47: Train Epoch 2114: 0/37 Loss: 0.027191
2026-04-20 22:47: Train Epoch 2114: 20/37 Loss: 0.021622
2026-04-20 22:47: **********Train Epoch 2114: averaged Loss: 0.012324
2026-04-20 22:47: **********Val Epoch 2114: average Loss: 0.027365
2026-04-20 22:47: Train Epoch 2115: 0/37 Loss: 0.002256
2026-04-20 22:47: Train Epoch 2115: 20/37 Loss: 0.004343
2026-04-20 22:47: **********Train Epoch 2115: averaged Loss: 0.006815
2026-04-20 22:47: **********Val Epoch 2115: average Loss: 0.008585
2026-04-20 22:47: Train Epoch 2116: 0/37 Loss: 0.020794
2026-04-20 22:47: Train Epoch 2116: 20/37 Loss: 0.005096
2026-04-20 22:47: **********Train Epoch 2116: averaged Loss: 0.009130
2026-04-20 22:47: **********Val Epoch 2116: average Loss: 0.008664
2026-04-20 22:47: Train Epoch 2117: 0/37 Loss: 0.010929
2026-04-20 22:47: Train Epoch 2117: 20/37 Loss: 0.004322
2026-04-20 22:47: **********Train Epoch 2117: averaged Loss: 0.006785
2026-04-20 22:47: **********Val Epoch 2117: average Loss: 0.008564
2026-04-20 22:47: Train Epoch 2118: 0/37 Loss: 0.039417
2026-04-20 22:47: Train Epoch 2118: 20/37 Loss: 0.012362
2026-04-20 22:47: **********Train Epoch 2118: averaged Loss: 0.011433
2026-04-20 22:47: **********Val Epoch 2118: average Loss: 0.006035
2026-04-20 22:47: Train Epoch 2119: 0/37 Loss: 0.003279
2026-04-20 22:47: Train Epoch 2119: 20/37 Loss: 0.004867
2026-04-20 22:47: **********Train Epoch 2119: averaged Loss: 0.007399
2026-04-20 22:47: **********Val Epoch 2119: average Loss: 0.006745
2026-04-20 22:47: Train Epoch 2120: 0/37 Loss: 0.006119
2026-04-20 22:47: Train Epoch 2120: 20/37 Loss: 0.005883
2026-04-20 22:47: **********Train Epoch 2120: averaged Loss: 0.008579
2026-04-20 22:47: **********Val Epoch 2120: average Loss: 0.012410
2026-04-20 22:47: Train Epoch 2121: 0/37 Loss: 0.011873
2026-04-20 22:47: Train Epoch 2121: 20/37 Loss: 0.007614
2026-04-20 22:47: **********Train Epoch 2121: averaged Loss: 0.008239
2026-04-20 22:47: **********Val Epoch 2121: average Loss: 0.005999
2026-04-20 22:47: Train Epoch 2122: 0/37 Loss: 0.022689
2026-04-20 22:47: Train Epoch 2122: 20/37 Loss: 0.012153
2026-04-20 22:47: **********Train Epoch 2122: averaged Loss: 0.010842
2026-04-20 22:47: **********Val Epoch 2122: average Loss: 0.008849
2026-04-20 22:47: Train Epoch 2123: 0/37 Loss: 0.009129
2026-04-20 22:47: Train Epoch 2123: 20/37 Loss: 0.012202
2026-04-20 22:47: **********Train Epoch 2123: averaged Loss: 0.008413
2026-04-20 22:47: **********Val Epoch 2123: average Loss: 0.006546
2026-04-20 22:47: Train Epoch 2124: 0/37 Loss: 0.044112
2026-04-20 22:47: Train Epoch 2124: 20/37 Loss: 0.004421
2026-04-20 22:47: **********Train Epoch 2124: averaged Loss: 0.015718
2026-04-20 22:47: **********Val Epoch 2124: average Loss: 0.012489
2026-04-20 22:47: Train Epoch 2125: 0/37 Loss: 0.009340
2026-04-20 22:47: Train Epoch 2125: 20/37 Loss: 0.005624
2026-04-20 22:47: **********Train Epoch 2125: averaged Loss: 0.007333
2026-04-20 22:47: **********Val Epoch 2125: average Loss: 0.005394
2026-04-20 22:47: Train Epoch 2126: 0/37 Loss: 0.023475
2026-04-20 22:47: Train Epoch 2126: 20/37 Loss: 0.005564
2026-04-20 22:47: **********Train Epoch 2126: averaged Loss: 0.011019
2026-04-20 22:47: **********Val Epoch 2126: average Loss: 0.014011
2026-04-20 22:47: Train Epoch 2127: 0/37 Loss: 0.019564
2026-04-20 22:47: Train Epoch 2127: 20/37 Loss: 0.019641
2026-04-20 22:47: **********Train Epoch 2127: averaged Loss: 0.011937
2026-04-20 22:47: **********Val Epoch 2127: average Loss: 0.013128
2026-04-20 22:47: Train Epoch 2128: 0/37 Loss: 0.005862
2026-04-20 22:47: Train Epoch 2128: 20/37 Loss: 0.004417
2026-04-20 22:47: **********Train Epoch 2128: averaged Loss: 0.005645
2026-04-20 22:47: **********Val Epoch 2128: average Loss: 0.004762
2026-04-20 22:47: Train Epoch 2129: 0/37 Loss: 0.006146
2026-04-20 22:47: Train Epoch 2129: 20/37 Loss: 0.013651
2026-04-20 22:47: **********Train Epoch 2129: averaged Loss: 0.011363
2026-04-20 22:47: **********Val Epoch 2129: average Loss: 0.008578
2026-04-20 22:47: Train Epoch 2130: 0/37 Loss: 0.038552
2026-04-20 22:47: Train Epoch 2130: 20/37 Loss: 0.010305
2026-04-20 22:47: **********Train Epoch 2130: averaged Loss: 0.013196
2026-04-20 22:47: **********Val Epoch 2130: average Loss: 0.013837
2026-04-20 22:47: Train Epoch 2131: 0/37 Loss: 0.046285
2026-04-20 22:47: Train Epoch 2131: 20/37 Loss: 0.010133
2026-04-20 22:48: **********Train Epoch 2131: averaged Loss: 0.012946
2026-04-20 22:48: **********Val Epoch 2131: average Loss: 0.007195
2026-04-20 22:48: Train Epoch 2132: 0/37 Loss: 0.020604
2026-04-20 22:48: Train Epoch 2132: 20/37 Loss: 0.006088
2026-04-20 22:48: **********Train Epoch 2132: averaged Loss: 0.009890
2026-04-20 22:48: **********Val Epoch 2132: average Loss: 0.023799
2026-04-20 22:48: Train Epoch 2133: 0/37 Loss: 0.004343
2026-04-20 22:48: Train Epoch 2133: 20/37 Loss: 0.005014
2026-04-20 22:48: **********Train Epoch 2133: averaged Loss: 0.007377
2026-04-20 22:48: **********Val Epoch 2133: average Loss: 0.005240
2026-04-20 22:48: Train Epoch 2134: 0/37 Loss: 0.035788
2026-04-20 22:48: Train Epoch 2134: 20/37 Loss: 0.006396
2026-04-20 22:48: **********Train Epoch 2134: averaged Loss: 0.009808
2026-04-20 22:48: **********Val Epoch 2134: average Loss: 0.005783
2026-04-20 22:48: Train Epoch 2135: 0/37 Loss: 0.036616
2026-04-20 22:48: Train Epoch 2135: 20/37 Loss: 0.004838
2026-04-20 22:48: **********Train Epoch 2135: averaged Loss: 0.009306
2026-04-20 22:48: **********Val Epoch 2135: average Loss: 0.005803
2026-04-20 22:48: Train Epoch 2136: 0/37 Loss: 0.024332
2026-04-20 22:48: Train Epoch 2136: 20/37 Loss: 0.004259
2026-04-20 22:48: **********Train Epoch 2136: averaged Loss: 0.008865
2026-04-20 22:48: **********Val Epoch 2136: average Loss: 0.020940
2026-04-20 22:48: Train Epoch 2137: 0/37 Loss: 0.004922
2026-04-20 22:48: Train Epoch 2137: 20/37 Loss: 0.010428
2026-04-20 22:48: **********Train Epoch 2137: averaged Loss: 0.006584
2026-04-20 22:48: **********Val Epoch 2137: average Loss: 0.005458
2026-04-20 22:48: Train Epoch 2138: 0/37 Loss: 0.020121
2026-04-20 22:48: Train Epoch 2138: 20/37 Loss: 0.004307
2026-04-20 22:48: **********Train Epoch 2138: averaged Loss: 0.008144
2026-04-20 22:48: **********Val Epoch 2138: average Loss: 0.020861
2026-04-20 22:48: Train Epoch 2139: 0/37 Loss: 0.007432
2026-04-20 22:48: Train Epoch 2139: 20/37 Loss: 0.008623
2026-04-20 22:48: **********Train Epoch 2139: averaged Loss: 0.006219
2026-04-20 22:48: **********Val Epoch 2139: average Loss: 0.006310
2026-04-20 22:48: Train Epoch 2140: 0/37 Loss: 0.006971
2026-04-20 22:48: Train Epoch 2140: 20/37 Loss: 0.006188
2026-04-20 22:48: **********Train Epoch 2140: averaged Loss: 0.007022
2026-04-20 22:48: **********Val Epoch 2140: average Loss: 0.019055
2026-04-20 22:48: Train Epoch 2141: 0/37 Loss: 0.006829
2026-04-20 22:48: Train Epoch 2141: 20/37 Loss: 0.004516
2026-04-20 22:48: **********Train Epoch 2141: averaged Loss: 0.004502
2026-04-20 22:48: **********Val Epoch 2141: average Loss: 0.007758
2026-04-20 22:48: Train Epoch 2142: 0/37 Loss: 0.011921
2026-04-20 22:48: Train Epoch 2142: 20/37 Loss: 0.007975
2026-04-20 22:48: **********Train Epoch 2142: averaged Loss: 0.007507
2026-04-20 22:48: **********Val Epoch 2142: average Loss: 0.022145
2026-04-20 22:48: Train Epoch 2143: 0/37 Loss: 0.002600
2026-04-20 22:48: Train Epoch 2143: 20/37 Loss: 0.004562
2026-04-20 22:48: **********Train Epoch 2143: averaged Loss: 0.003918
2026-04-20 22:48: **********Val Epoch 2143: average Loss: 0.006203
2026-04-20 22:48: Train Epoch 2144: 0/37 Loss: 0.004590
2026-04-20 22:48: Train Epoch 2144: 20/37 Loss: 0.006439
2026-04-20 22:48: **********Train Epoch 2144: averaged Loss: 0.004479
2026-04-20 22:48: **********Val Epoch 2144: average Loss: 0.005730
2026-04-20 22:48: Train Epoch 2145: 0/37 Loss: 0.001653
2026-04-20 22:48: Train Epoch 2145: 20/37 Loss: 0.004607
2026-04-20 22:48: **********Train Epoch 2145: averaged Loss: 0.005235
2026-04-20 22:48: **********Val Epoch 2145: average Loss: 0.015611
2026-04-20 22:48: Train Epoch 2146: 0/37 Loss: 0.017630
2026-04-20 22:48: Train Epoch 2146: 20/37 Loss: 0.004280
2026-04-20 22:48: **********Train Epoch 2146: averaged Loss: 0.007772
2026-04-20 22:48: **********Val Epoch 2146: average Loss: 0.006837
2026-04-20 22:48: Train Epoch 2147: 0/37 Loss: 0.002838
2026-04-20 22:48: Train Epoch 2147: 20/37 Loss: 0.007637
2026-04-20 22:48: **********Train Epoch 2147: averaged Loss: 0.005071
2026-04-20 22:48: **********Val Epoch 2147: average Loss: 0.005524
2026-04-20 22:48: Train Epoch 2148: 0/37 Loss: 0.009946
2026-04-20 22:48: Train Epoch 2148: 20/37 Loss: 0.006618
2026-04-20 22:48: **********Train Epoch 2148: averaged Loss: 0.006132
2026-04-20 22:48: **********Val Epoch 2148: average Loss: 0.006592
2026-04-20 22:48: Train Epoch 2149: 0/37 Loss: 0.018543
2026-04-20 22:48: Train Epoch 2149: 20/37 Loss: 0.004288
2026-04-20 22:48: **********Train Epoch 2149: averaged Loss: 0.006870
2026-04-20 22:48: **********Val Epoch 2149: average Loss: 0.015565
2026-04-20 22:48: Train Epoch 2150: 0/37 Loss: 0.014539
2026-04-20 22:48: Train Epoch 2150: 20/37 Loss: 0.004324
2026-04-20 22:48: **********Train Epoch 2150: averaged Loss: 0.008215
2026-04-20 22:48: **********Val Epoch 2150: average Loss: 0.008244
2026-04-20 22:48: Train Epoch 2151: 0/37 Loss: 0.011033
2026-04-20 22:48: Train Epoch 2151: 20/37 Loss: 0.004182
2026-04-20 22:48: **********Train Epoch 2151: averaged Loss: 0.006831
2026-04-20 22:48: **********Val Epoch 2151: average Loss: 0.008683
2026-04-20 22:48: Train Epoch 2152: 0/37 Loss: 0.001950
2026-04-20 22:48: Train Epoch 2152: 20/37 Loss: 0.005668
2026-04-20 22:48: **********Train Epoch 2152: averaged Loss: 0.005984
2026-04-20 22:48: **********Val Epoch 2152: average Loss: 0.007432
2026-04-20 22:48: Train Epoch 2153: 0/37 Loss: 0.011288
2026-04-20 22:48: Train Epoch 2153: 20/37 Loss: 0.004204
2026-04-20 22:48: **********Train Epoch 2153: averaged Loss: 0.006831
2026-04-20 22:48: **********Val Epoch 2153: average Loss: 0.007076
2026-04-20 22:48: Train Epoch 2154: 0/37 Loss: 0.016359
2026-04-20 22:48: Train Epoch 2154: 20/37 Loss: 0.004317
2026-04-20 22:48: **********Train Epoch 2154: averaged Loss: 0.007329
2026-04-20 22:48: **********Val Epoch 2154: average Loss: 0.006071
2026-04-20 22:48: Train Epoch 2155: 0/37 Loss: 0.023721
2026-04-20 22:48: Train Epoch 2155: 20/37 Loss: 0.004289
2026-04-20 22:48: **********Train Epoch 2155: averaged Loss: 0.009226
2026-04-20 22:48: **********Val Epoch 2155: average Loss: 0.009667
2026-04-20 22:48: Train Epoch 2156: 0/37 Loss: 0.010211
2026-04-20 22:48: Train Epoch 2156: 20/37 Loss: 0.006563
2026-04-20 22:48: **********Train Epoch 2156: averaged Loss: 0.006790
2026-04-20 22:48: **********Val Epoch 2156: average Loss: 0.013885
2026-04-20 22:48: Train Epoch 2157: 0/37 Loss: 0.034212
2026-04-20 22:48: Train Epoch 2157: 20/37 Loss: 0.005310
2026-04-20 22:48: **********Train Epoch 2157: averaged Loss: 0.013963
2026-04-20 22:48: **********Val Epoch 2157: average Loss: 0.010716
2026-04-20 22:48: Train Epoch 2158: 0/37 Loss: 0.005893
2026-04-20 22:48: Train Epoch 2158: 20/37 Loss: 0.009610
2026-04-20 22:48: **********Train Epoch 2158: averaged Loss: 0.010261
2026-04-20 22:48: **********Val Epoch 2158: average Loss: 0.015090
2026-04-20 22:48: Train Epoch 2159: 0/37 Loss: 0.006411
2026-04-20 22:48: Train Epoch 2159: 20/37 Loss: 0.008897
2026-04-20 22:48: **********Train Epoch 2159: averaged Loss: 0.009255
2026-04-20 22:48: **********Val Epoch 2159: average Loss: 0.010013
2026-04-20 22:48: Train Epoch 2160: 0/37 Loss: 0.011470
2026-04-20 22:49: Train Epoch 2160: 20/37 Loss: 0.004237
2026-04-20 22:49: **********Train Epoch 2160: averaged Loss: 0.007083
2026-04-20 22:49: **********Val Epoch 2160: average Loss: 0.009044
2026-04-20 22:49: Train Epoch 2161: 0/37 Loss: 0.014803
2026-04-20 22:49: Train Epoch 2161: 20/37 Loss: 0.017023
2026-04-20 22:49: **********Train Epoch 2161: averaged Loss: 0.010144
2026-04-20 22:49: **********Val Epoch 2161: average Loss: 0.005678
2026-04-20 22:49: Train Epoch 2162: 0/37 Loss: 0.003351
2026-04-20 22:49: Train Epoch 2162: 20/37 Loss: 0.004779
2026-04-20 22:49: **********Train Epoch 2162: averaged Loss: 0.007468
2026-04-20 22:49: **********Val Epoch 2162: average Loss: 0.006274
2026-04-20 22:49: Train Epoch 2163: 0/37 Loss: 0.027387
2026-04-20 22:49: Train Epoch 2163: 20/37 Loss: 0.009110
2026-04-20 22:49: **********Train Epoch 2163: averaged Loss: 0.010431
2026-04-20 22:49: **********Val Epoch 2163: average Loss: 0.012044
2026-04-20 22:49: Train Epoch 2164: 0/37 Loss: 0.039469
2026-04-20 22:49: Train Epoch 2164: 20/37 Loss: 0.013818
2026-04-20 22:49: **********Train Epoch 2164: averaged Loss: 0.013010
2026-04-20 22:49: **********Val Epoch 2164: average Loss: 0.013323
2026-04-20 22:49: Train Epoch 2165: 0/37 Loss: 0.017075
2026-04-20 22:49: Train Epoch 2165: 20/37 Loss: 0.007978
2026-04-20 22:49: **********Train Epoch 2165: averaged Loss: 0.008218
2026-04-20 22:49: **********Val Epoch 2165: average Loss: 0.017939
2026-04-20 22:49: Train Epoch 2166: 0/37 Loss: 0.003917
2026-04-20 22:49: Train Epoch 2166: 20/37 Loss: 0.005695
2026-04-20 22:49: **********Train Epoch 2166: averaged Loss: 0.005143
2026-04-20 22:49: **********Val Epoch 2166: average Loss: 0.005261
2026-04-20 22:49: Train Epoch 2167: 0/37 Loss: 0.007761
2026-04-20 22:49: Train Epoch 2167: 20/37 Loss: 0.004209
2026-04-20 22:49: **********Train Epoch 2167: averaged Loss: 0.008021
2026-04-20 22:49: **********Val Epoch 2167: average Loss: 0.005846
2026-04-20 22:49: Train Epoch 2168: 0/37 Loss: 0.034322
2026-04-20 22:49: Train Epoch 2168: 20/37 Loss: 0.008891
2026-04-20 22:49: **********Train Epoch 2168: averaged Loss: 0.011902
2026-04-20 22:49: **********Val Epoch 2168: average Loss: 0.013188
2026-04-20 22:49: Train Epoch 2169: 0/37 Loss: 0.037242
2026-04-20 22:49: Train Epoch 2169: 20/37 Loss: 0.009879
2026-04-20 22:49: **********Train Epoch 2169: averaged Loss: 0.011263
2026-04-20 22:49: **********Val Epoch 2169: average Loss: 0.005708
2026-04-20 22:49: Train Epoch 2170: 0/37 Loss: 0.016263
2026-04-20 22:49: Train Epoch 2170: 20/37 Loss: 0.004259
2026-04-20 22:49: **********Train Epoch 2170: averaged Loss: 0.007667
2026-04-20 22:49: **********Val Epoch 2170: average Loss: 0.012120
2026-04-20 22:49: Train Epoch 2171: 0/37 Loss: 0.007525
2026-04-20 22:49: Train Epoch 2171: 20/37 Loss: 0.004224
2026-04-20 22:49: **********Train Epoch 2171: averaged Loss: 0.008567
2026-04-20 22:49: **********Val Epoch 2171: average Loss: 0.036951
2026-04-20 22:49: Train Epoch 2172: 0/37 Loss: 0.014045
2026-04-20 22:49: Train Epoch 2172: 20/37 Loss: 0.012251
2026-04-20 22:49: **********Train Epoch 2172: averaged Loss: 0.008585
2026-04-20 22:49: **********Val Epoch 2172: average Loss: 0.004331
2026-04-20 22:49: Train Epoch 2173: 0/37 Loss: 0.032668
2026-04-20 22:49: Train Epoch 2173: 20/37 Loss: 0.010496
2026-04-20 22:49: **********Train Epoch 2173: averaged Loss: 0.011113
2026-04-20 22:49: **********Val Epoch 2173: average Loss: 0.017423
2026-04-20 22:49: Train Epoch 2174: 0/37 Loss: 0.013726
2026-04-20 22:49: Train Epoch 2174: 20/37 Loss: 0.005818
2026-04-20 22:49: **********Train Epoch 2174: averaged Loss: 0.006502
2026-04-20 22:49: **********Val Epoch 2174: average Loss: 0.008983
2026-04-20 22:49: Train Epoch 2175: 0/37 Loss: 0.010337
2026-04-20 22:49: Train Epoch 2175: 20/37 Loss: 0.004234
2026-04-20 22:49: **********Train Epoch 2175: averaged Loss: 0.006491
2026-04-20 22:49: **********Val Epoch 2175: average Loss: 0.012262
2026-04-20 22:49: Train Epoch 2176: 0/37 Loss: 0.006751
2026-04-20 22:49: Train Epoch 2176: 20/37 Loss: 0.004108
2026-04-20 22:49: **********Train Epoch 2176: averaged Loss: 0.006806
2026-04-20 22:49: **********Val Epoch 2176: average Loss: 0.025494
2026-04-20 22:49: Train Epoch 2177: 0/37 Loss: 0.005211
2026-04-20 22:49: Train Epoch 2177: 20/37 Loss: 0.012419
2026-04-20 22:49: **********Train Epoch 2177: averaged Loss: 0.006783
2026-04-20 22:49: **********Val Epoch 2177: average Loss: 0.004660
2026-04-20 22:49: Train Epoch 2178: 0/37 Loss: 0.030258
2026-04-20 22:49: Train Epoch 2178: 20/37 Loss: 0.007034
2026-04-20 22:49: **********Train Epoch 2178: averaged Loss: 0.009764
2026-04-20 22:49: **********Val Epoch 2178: average Loss: 0.018596
2026-04-20 22:49: Train Epoch 2179: 0/37 Loss: 0.019758
2026-04-20 22:49: Train Epoch 2179: 20/37 Loss: 0.004128
2026-04-20 22:49: **********Train Epoch 2179: averaged Loss: 0.006647
2026-04-20 22:49: **********Val Epoch 2179: average Loss: 0.012723
2026-04-20 22:49: Train Epoch 2180: 0/37 Loss: 0.009704
2026-04-20 22:49: Train Epoch 2180: 20/37 Loss: 0.004578
2026-04-20 22:49: **********Train Epoch 2180: averaged Loss: 0.005578
2026-04-20 22:49: **********Val Epoch 2180: average Loss: 0.005012
2026-04-20 22:49: Train Epoch 2181: 0/37 Loss: 0.007968
2026-04-20 22:49: Train Epoch 2181: 20/37 Loss: 0.007479
2026-04-20 22:49: **********Train Epoch 2181: averaged Loss: 0.005292
2026-04-20 22:49: **********Val Epoch 2181: average Loss: 0.005540
2026-04-20 22:49: Train Epoch 2182: 0/37 Loss: 0.008454
2026-04-20 22:49: Train Epoch 2182: 20/37 Loss: 0.005468
2026-04-20 22:49: **********Train Epoch 2182: averaged Loss: 0.006700
2026-04-20 22:49: **********Val Epoch 2182: average Loss: 0.005829
2026-04-20 22:49: Train Epoch 2183: 0/37 Loss: 0.016981
2026-04-20 22:49: Train Epoch 2183: 20/37 Loss: 0.004445
2026-04-20 22:49: **********Train Epoch 2183: averaged Loss: 0.008318
2026-04-20 22:49: **********Val Epoch 2183: average Loss: 0.006539
2026-04-20 22:49: Train Epoch 2184: 0/37 Loss: 0.006177
2026-04-20 22:49: Train Epoch 2184: 20/37 Loss: 0.005574
2026-04-20 22:49: **********Train Epoch 2184: averaged Loss: 0.007695
2026-04-20 22:49: **********Val Epoch 2184: average Loss: 0.013236
2026-04-20 22:49: Train Epoch 2185: 0/37 Loss: 0.005592
2026-04-20 22:49: Train Epoch 2185: 20/37 Loss: 0.004835
2026-04-20 22:49: **********Train Epoch 2185: averaged Loss: 0.007693
2026-04-20 22:49: **********Val Epoch 2185: average Loss: 0.006648
2026-04-20 22:49: Train Epoch 2186: 0/37 Loss: 0.021650
2026-04-20 22:49: Train Epoch 2186: 20/37 Loss: 0.004890
2026-04-20 22:49: **********Train Epoch 2186: averaged Loss: 0.008643
2026-04-20 22:49: **********Val Epoch 2186: average Loss: 0.015105
2026-04-20 22:49: Train Epoch 2187: 0/37 Loss: 0.003175
2026-04-20 22:49: Train Epoch 2187: 20/37 Loss: 0.004365
2026-04-20 22:49: **********Train Epoch 2187: averaged Loss: 0.004950
2026-04-20 22:49: **********Val Epoch 2187: average Loss: 0.004498
2026-04-20 22:49: Train Epoch 2188: 0/37 Loss: 0.026920
2026-04-20 22:49: Train Epoch 2188: 20/37 Loss: 0.004140
2026-04-20 22:50: **********Train Epoch 2188: averaged Loss: 0.007402
2026-04-20 22:50: **********Val Epoch 2188: average Loss: 0.005187
2026-04-20 22:50: Train Epoch 2189: 0/37 Loss: 0.024234
2026-04-20 22:50: Train Epoch 2189: 20/37 Loss: 0.004681
2026-04-20 22:50: **********Train Epoch 2189: averaged Loss: 0.007591
2026-04-20 22:50: **********Val Epoch 2189: average Loss: 0.004140
2026-04-20 22:50: Train Epoch 2190: 0/37 Loss: 0.002118
2026-04-20 22:50: Train Epoch 2190: 20/37 Loss: 0.005416
2026-04-20 22:50: **********Train Epoch 2190: averaged Loss: 0.005591
2026-04-20 22:50: **********Val Epoch 2190: average Loss: 0.004139
2026-04-20 22:50: Train Epoch 2191: 0/37 Loss: 0.008965
2026-04-20 22:50: Train Epoch 2191: 20/37 Loss: 0.004338
2026-04-20 22:50: **********Train Epoch 2191: averaged Loss: 0.007518
2026-04-20 22:50: **********Val Epoch 2191: average Loss: 0.022104
2026-04-20 22:50: Train Epoch 2192: 0/37 Loss: 0.002169
2026-04-20 22:50: Train Epoch 2192: 20/37 Loss: 0.004305
2026-04-20 22:50: **********Train Epoch 2192: averaged Loss: 0.004826
2026-04-20 22:50: **********Val Epoch 2192: average Loss: 0.007923
2026-04-20 22:50: Train Epoch 2193: 0/37 Loss: 0.001772
2026-04-20 22:50: Train Epoch 2193: 20/37 Loss: 0.005727
2026-04-20 22:50: **********Train Epoch 2193: averaged Loss: 0.005316
2026-04-20 22:50: **********Val Epoch 2193: average Loss: 0.004898
2026-04-20 22:50: Train Epoch 2194: 0/37 Loss: 0.009435
2026-04-20 22:50: Train Epoch 2194: 20/37 Loss: 0.004220
2026-04-20 22:50: **********Train Epoch 2194: averaged Loss: 0.008110
2026-04-20 22:50: **********Val Epoch 2194: average Loss: 0.027075
2026-04-20 22:50: Train Epoch 2195: 0/37 Loss: 0.005657
2026-04-20 22:50: Train Epoch 2195: 20/37 Loss: 0.004499
2026-04-20 22:50: **********Train Epoch 2195: averaged Loss: 0.006045
2026-04-20 22:50: **********Val Epoch 2195: average Loss: 0.008056
2026-04-20 22:50: Train Epoch 2196: 0/37 Loss: 0.019358
2026-04-20 22:50: Train Epoch 2196: 20/37 Loss: 0.006648
2026-04-20 22:50: **********Train Epoch 2196: averaged Loss: 0.007498
2026-04-20 22:50: **********Val Epoch 2196: average Loss: 0.006448
2026-04-20 22:50: Train Epoch 2197: 0/37 Loss: 0.017089
2026-04-20 22:50: Train Epoch 2197: 20/37 Loss: 0.009022
2026-04-20 22:50: **********Train Epoch 2197: averaged Loss: 0.008048
2026-04-20 22:50: **********Val Epoch 2197: average Loss: 0.016032
2026-04-20 22:50: Train Epoch 2198: 0/37 Loss: 0.010268
2026-04-20 22:50: Train Epoch 2198: 20/37 Loss: 0.006516
2026-04-20 22:50: **********Train Epoch 2198: averaged Loss: 0.006009
2026-04-20 22:50: **********Val Epoch 2198: average Loss: 0.005586
2026-04-20 22:50: Train Epoch 2199: 0/37 Loss: 0.013604
2026-04-20 22:50: Train Epoch 2199: 20/37 Loss: 0.004628
2026-04-20 22:50: **********Train Epoch 2199: averaged Loss: 0.007493
2026-04-20 22:50: **********Val Epoch 2199: average Loss: 0.004929
2026-04-20 22:50: Train Epoch 2200: 0/37 Loss: 0.033380
2026-04-20 22:50: Train Epoch 2200: 20/37 Loss: 0.004520
2026-04-20 22:50: **********Train Epoch 2200: averaged Loss: 0.012000
2026-04-20 22:50: **********Val Epoch 2200: average Loss: 0.009833
2026-04-20 22:50: Train Epoch 2201: 0/37 Loss: 0.033187
2026-04-20 22:50: Train Epoch 2201: 20/37 Loss: 0.008996
2026-04-20 22:50: **********Train Epoch 2201: averaged Loss: 0.011147
2026-04-20 22:50: **********Val Epoch 2201: average Loss: 0.005262
2026-04-20 22:50: Train Epoch 2202: 0/37 Loss: 0.002210
2026-04-20 22:50: Train Epoch 2202: 20/37 Loss: 0.005334
2026-04-20 22:50: **********Train Epoch 2202: averaged Loss: 0.005234
2026-04-20 22:50: **********Val Epoch 2202: average Loss: 0.004799
2026-04-20 22:50: Train Epoch 2203: 0/37 Loss: 0.002698
2026-04-20 22:50: Train Epoch 2203: 20/37 Loss: 0.004565
2026-04-20 22:50: **********Train Epoch 2203: averaged Loss: 0.004012
2026-04-20 22:50: **********Val Epoch 2203: average Loss: 0.004760
2026-04-20 22:50: Train Epoch 2204: 0/37 Loss: 0.006081
2026-04-20 22:50: Train Epoch 2204: 20/37 Loss: 0.004143
2026-04-20 22:50: **********Train Epoch 2204: averaged Loss: 0.004218
2026-04-20 22:50: **********Val Epoch 2204: average Loss: 0.005718
2026-04-20 22:50: Train Epoch 2205: 0/37 Loss: 0.003294
2026-04-20 22:50: Train Epoch 2205: 20/37 Loss: 0.004166
2026-04-20 22:50: **********Train Epoch 2205: averaged Loss: 0.004508
2026-04-20 22:50: **********Val Epoch 2205: average Loss: 0.004585
2026-04-20 22:50: Train Epoch 2206: 0/37 Loss: 0.001546
2026-04-20 22:50: Train Epoch 2206: 20/37 Loss: 0.004182
2026-04-20 22:50: **********Train Epoch 2206: averaged Loss: 0.004101
2026-04-20 22:50: **********Val Epoch 2206: average Loss: 0.004818
2026-04-20 22:50: Train Epoch 2207: 0/37 Loss: 0.010723
2026-04-20 22:50: Train Epoch 2207: 20/37 Loss: 0.004193
2026-04-20 22:50: **********Train Epoch 2207: averaged Loss: 0.004818
2026-04-20 22:50: **********Val Epoch 2207: average Loss: 0.005875
2026-04-20 22:50: Train Epoch 2208: 0/37 Loss: 0.013599
2026-04-20 22:50: Train Epoch 2208: 20/37 Loss: 0.005223
2026-04-20 22:50: **********Train Epoch 2208: averaged Loss: 0.005198
2026-04-20 22:50: **********Val Epoch 2208: average Loss: 0.008175
2026-04-20 22:50: Train Epoch 2209: 0/37 Loss: 0.011513
2026-04-20 22:50: Train Epoch 2209: 20/37 Loss: 0.004416
2026-04-20 22:50: **********Train Epoch 2209: averaged Loss: 0.005015
2026-04-20 22:50: **********Val Epoch 2209: average Loss: 0.004587
2026-04-20 22:50: Train Epoch 2210: 0/37 Loss: 0.003705
2026-04-20 22:50: Train Epoch 2210: 20/37 Loss: 0.008694
2026-04-20 22:50: **********Train Epoch 2210: averaged Loss: 0.006198
2026-04-20 22:50: **********Val Epoch 2210: average Loss: 0.004456
2026-04-20 22:50: Train Epoch 2211: 0/37 Loss: 0.015009
2026-04-20 22:50: Train Epoch 2211: 20/37 Loss: 0.004101
2026-04-20 22:50: **********Train Epoch 2211: averaged Loss: 0.009026
2026-04-20 22:50: **********Val Epoch 2211: average Loss: 0.043686
2026-04-20 22:50: Train Epoch 2212: 0/37 Loss: 0.028902
2026-04-20 22:50: Train Epoch 2212: 20/37 Loss: 0.018723
2026-04-20 22:50: **********Train Epoch 2212: averaged Loss: 0.011424
2026-04-20 22:50: **********Val Epoch 2212: average Loss: 0.008669
2026-04-20 22:50: Train Epoch 2213: 0/37 Loss: 0.028791
2026-04-20 22:50: Train Epoch 2213: 20/37 Loss: 0.005799
2026-04-20 22:50: **********Train Epoch 2213: averaged Loss: 0.009391
2026-04-20 22:50: **********Val Epoch 2213: average Loss: 0.009692
2026-04-20 22:50: Train Epoch 2214: 0/37 Loss: 0.002385
2026-04-20 22:50: Train Epoch 2214: 20/37 Loss: 0.005684
2026-04-20 22:50: **********Train Epoch 2214: averaged Loss: 0.004727
2026-04-20 22:50: **********Val Epoch 2214: average Loss: 0.006386
2026-04-20 22:50: Train Epoch 2215: 0/37 Loss: 0.012536
2026-04-20 22:50: Train Epoch 2215: 20/37 Loss: 0.004192
2026-04-20 22:50: **********Train Epoch 2215: averaged Loss: 0.007441
2026-04-20 22:50: **********Val Epoch 2215: average Loss: 0.014185
2026-04-20 22:50: Train Epoch 2216: 0/37 Loss: 0.022323
2026-04-20 22:50: Train Epoch 2216: 20/37 Loss: 0.010384
2026-04-20 22:50: **********Train Epoch 2216: averaged Loss: 0.009459
2026-04-20 22:50: **********Val Epoch 2216: average Loss: 0.009018
2026-04-20 22:51: Train Epoch 2217: 0/37 Loss: 0.019800
2026-04-20 22:51: Train Epoch 2217: 20/37 Loss: 0.008348
2026-04-20 22:51: **********Train Epoch 2217: averaged Loss: 0.009189
2026-04-20 22:51: **********Val Epoch 2217: average Loss: 0.008313
2026-04-20 22:51: Train Epoch 2218: 0/37 Loss: 0.005633
2026-04-20 22:51: Train Epoch 2218: 20/37 Loss: 0.004189
2026-04-20 22:51: **********Train Epoch 2218: averaged Loss: 0.006513
2026-04-20 22:51: **********Val Epoch 2218: average Loss: 0.017848
2026-04-20 22:51: Train Epoch 2219: 0/37 Loss: 0.044624
2026-04-20 22:51: Train Epoch 2219: 20/37 Loss: 0.004077
2026-04-20 22:51: **********Train Epoch 2219: averaged Loss: 0.012944
2026-04-20 22:51: **********Val Epoch 2219: average Loss: 0.013208
2026-04-20 22:51: Train Epoch 2220: 0/37 Loss: 0.008475
2026-04-20 22:51: Train Epoch 2220: 20/37 Loss: 0.005427
2026-04-20 22:51: **********Train Epoch 2220: averaged Loss: 0.004504
2026-04-20 22:51: **********Val Epoch 2220: average Loss: 0.007722
2026-04-20 22:51: Train Epoch 2221: 0/37 Loss: 0.007137
2026-04-20 22:51: Train Epoch 2221: 20/37 Loss: 0.005512
2026-04-20 22:51: **********Train Epoch 2221: averaged Loss: 0.007008
2026-04-20 22:51: **********Val Epoch 2221: average Loss: 0.008039
2026-04-20 22:51: Train Epoch 2222: 0/37 Loss: 0.025087
2026-04-20 22:51: Train Epoch 2222: 20/37 Loss: 0.005851
2026-04-20 22:51: **********Train Epoch 2222: averaged Loss: 0.008196
2026-04-20 22:51: **********Val Epoch 2222: average Loss: 0.012224
2026-04-20 22:51: Train Epoch 2223: 0/37 Loss: 0.006625
2026-04-20 22:51: Train Epoch 2223: 20/37 Loss: 0.004993
2026-04-20 22:51: **********Train Epoch 2223: averaged Loss: 0.005454
2026-04-20 22:51: **********Val Epoch 2223: average Loss: 0.006076
2026-04-20 22:51: Train Epoch 2224: 0/37 Loss: 0.013861
2026-04-20 22:51: Train Epoch 2224: 20/37 Loss: 0.004377
2026-04-20 22:51: **********Train Epoch 2224: averaged Loss: 0.006171
2026-04-20 22:51: **********Val Epoch 2224: average Loss: 0.008855
2026-04-20 22:51: Train Epoch 2225: 0/37 Loss: 0.016905
2026-04-20 22:51: Train Epoch 2225: 20/37 Loss: 0.005914
2026-04-20 22:51: **********Train Epoch 2225: averaged Loss: 0.007006
2026-04-20 22:51: **********Val Epoch 2225: average Loss: 0.009904
2026-04-20 22:51: Train Epoch 2226: 0/37 Loss: 0.008228
2026-04-20 22:51: Train Epoch 2226: 20/37 Loss: 0.004163
2026-04-20 22:51: **********Train Epoch 2226: averaged Loss: 0.007313
2026-04-20 22:51: **********Val Epoch 2226: average Loss: 0.010101
2026-04-20 22:51: Train Epoch 2227: 0/37 Loss: 0.024488
2026-04-20 22:51: Train Epoch 2227: 20/37 Loss: 0.019620
2026-04-20 22:51: **********Train Epoch 2227: averaged Loss: 0.011829
2026-04-20 22:51: **********Val Epoch 2227: average Loss: 0.003754
2026-04-20 22:51: *********************************Current best model saved!
2026-04-20 22:51: Train Epoch 2228: 0/37 Loss: 0.020689
2026-04-20 22:51: Train Epoch 2228: 20/37 Loss: 0.013954
2026-04-20 22:51: **********Train Epoch 2228: averaged Loss: 0.011507
2026-04-20 22:51: **********Val Epoch 2228: average Loss: 0.018454
2026-04-20 22:51: Train Epoch 2229: 0/37 Loss: 0.030407
2026-04-20 22:51: Train Epoch 2229: 20/37 Loss: 0.014021
2026-04-20 22:51: **********Train Epoch 2229: averaged Loss: 0.011581
2026-04-20 22:51: **********Val Epoch 2229: average Loss: 0.007586
2026-04-20 22:51: Train Epoch 2230: 0/37 Loss: 0.014322
2026-04-20 22:51: Train Epoch 2230: 20/37 Loss: 0.006624
2026-04-20 22:51: **********Train Epoch 2230: averaged Loss: 0.007544
2026-04-20 22:51: **********Val Epoch 2230: average Loss: 0.011353
2026-04-20 22:51: Train Epoch 2231: 0/37 Loss: 0.002223
2026-04-20 22:51: Train Epoch 2231: 20/37 Loss: 0.004740
2026-04-20 22:51: **********Train Epoch 2231: averaged Loss: 0.005251
2026-04-20 22:51: **********Val Epoch 2231: average Loss: 0.004692
2026-04-20 22:51: Train Epoch 2232: 0/37 Loss: 0.012714
2026-04-20 22:51: Train Epoch 2232: 20/37 Loss: 0.006262
2026-04-20 22:51: **********Train Epoch 2232: averaged Loss: 0.007724
2026-04-20 22:51: **********Val Epoch 2232: average Loss: 0.021058
2026-04-20 22:51: Train Epoch 2233: 0/37 Loss: 0.011873
2026-04-20 22:51: Train Epoch 2233: 20/37 Loss: 0.007256
2026-04-20 22:51: **********Train Epoch 2233: averaged Loss: 0.007572
2026-04-20 22:51: **********Val Epoch 2233: average Loss: 0.004835
2026-04-20 22:51: Train Epoch 2234: 0/37 Loss: 0.020882
2026-04-20 22:51: Train Epoch 2234: 20/37 Loss: 0.004845
2026-04-20 22:51: **********Train Epoch 2234: averaged Loss: 0.010485
2026-04-20 22:51: **********Val Epoch 2234: average Loss: 0.030031
2026-04-20 22:51: Train Epoch 2235: 0/37 Loss: 0.012087
2026-04-20 22:51: Train Epoch 2235: 20/37 Loss: 0.004425
2026-04-20 22:51: **********Train Epoch 2235: averaged Loss: 0.007776
2026-04-20 22:51: **********Val Epoch 2235: average Loss: 0.007677
2026-04-20 22:51: Train Epoch 2236: 0/37 Loss: 0.050630
2026-04-20 22:51: Train Epoch 2236: 20/37 Loss: 0.010873
2026-04-20 22:51: **********Train Epoch 2236: averaged Loss: 0.014684
2026-04-20 22:51: **********Val Epoch 2236: average Loss: 0.007052
2026-04-20 22:51: Train Epoch 2237: 0/37 Loss: 0.031355
2026-04-20 22:51: Train Epoch 2237: 20/37 Loss: 0.006724
2026-04-20 22:51: **********Train Epoch 2237: averaged Loss: 0.010406
2026-04-20 22:51: **********Val Epoch 2237: average Loss: 0.021954
2026-04-20 22:51: Train Epoch 2238: 0/37 Loss: 0.004505
2026-04-20 22:51: Train Epoch 2238: 20/37 Loss: 0.004447
2026-04-20 22:51: **********Train Epoch 2238: averaged Loss: 0.004603
2026-04-20 22:51: **********Val Epoch 2238: average Loss: 0.007660
2026-04-20 22:51: Train Epoch 2239: 0/37 Loss: 0.002832
2026-04-20 22:51: Train Epoch 2239: 20/37 Loss: 0.010906
2026-04-20 22:51: **********Train Epoch 2239: averaged Loss: 0.005399
2026-04-20 22:51: **********Val Epoch 2239: average Loss: 0.005336
2026-04-20 22:51: Train Epoch 2240: 0/37 Loss: 0.014409
2026-04-20 22:51: Train Epoch 2240: 20/37 Loss: 0.006072
2026-04-20 22:51: **********Train Epoch 2240: averaged Loss: 0.005889
2026-04-20 22:51: **********Val Epoch 2240: average Loss: 0.007777
2026-04-20 22:51: Train Epoch 2241: 0/37 Loss: 0.013562
2026-04-20 22:51: Train Epoch 2241: 20/37 Loss: 0.005175
2026-04-20 22:51: **********Train Epoch 2241: averaged Loss: 0.005653
2026-04-20 22:51: **********Val Epoch 2241: average Loss: 0.010265
2026-04-20 22:51: Train Epoch 2242: 0/37 Loss: 0.001605
2026-04-20 22:51: Train Epoch 2242: 20/37 Loss: 0.005041
2026-04-20 22:51: **********Train Epoch 2242: averaged Loss: 0.004094
2026-04-20 22:51: **********Val Epoch 2242: average Loss: 0.005788
2026-04-20 22:51: Train Epoch 2243: 0/37 Loss: 0.009609
2026-04-20 22:51: Train Epoch 2243: 20/37 Loss: 0.004578
2026-04-20 22:51: **********Train Epoch 2243: averaged Loss: 0.005423
2026-04-20 22:51: **********Val Epoch 2243: average Loss: 0.006148
2026-04-20 22:51: Train Epoch 2244: 0/37 Loss: 0.016928
2026-04-20 22:51: Train Epoch 2244: 20/37 Loss: 0.005267
2026-04-20 22:51: **********Train Epoch 2244: averaged Loss: 0.006334
2026-04-20 22:51: **********Val Epoch 2244: average Loss: 0.009492
2026-04-20 22:51: Train Epoch 2245: 0/37 Loss: 0.004597
2026-04-20 22:52: Train Epoch 2245: 20/37 Loss: 0.008547
2026-04-20 22:52: **********Train Epoch 2245: averaged Loss: 0.005905
2026-04-20 22:52: **********Val Epoch 2245: average Loss: 0.010590
2026-04-20 22:52: Train Epoch 2246: 0/37 Loss: 0.006600
2026-04-20 22:52: Train Epoch 2246: 20/37 Loss: 0.004109
2026-04-20 22:52: **********Train Epoch 2246: averaged Loss: 0.006348
2026-04-20 22:52: **********Val Epoch 2246: average Loss: 0.011805
2026-04-20 22:52: Train Epoch 2247: 0/37 Loss: 0.006203
2026-04-20 22:52: Train Epoch 2247: 20/37 Loss: 0.004096
2026-04-20 22:52: **********Train Epoch 2247: averaged Loss: 0.004341
2026-04-20 22:52: **********Val Epoch 2247: average Loss: 0.007150
2026-04-20 22:52: Train Epoch 2248: 0/37 Loss: 0.016514
2026-04-20 22:52: Train Epoch 2248: 20/37 Loss: 0.007156
2026-04-20 22:52: **********Train Epoch 2248: averaged Loss: 0.008462
2026-04-20 22:52: **********Val Epoch 2248: average Loss: 0.008611
2026-04-20 22:52: Train Epoch 2249: 0/37 Loss: 0.018029
2026-04-20 22:52: Train Epoch 2249: 20/37 Loss: 0.010650
2026-04-20 22:52: **********Train Epoch 2249: averaged Loss: 0.008410
2026-04-20 22:52: **********Val Epoch 2249: average Loss: 0.015170
2026-04-20 22:52: Train Epoch 2250: 0/37 Loss: 0.016785
2026-04-20 22:52: Train Epoch 2250: 20/37 Loss: 0.004565
2026-04-20 22:52: **********Train Epoch 2250: averaged Loss: 0.005823
2026-04-20 22:52: **********Val Epoch 2250: average Loss: 0.005422
2026-04-20 22:52: Train Epoch 2251: 0/37 Loss: 0.005320
2026-04-20 22:52: Train Epoch 2251: 20/37 Loss: 0.004240
2026-04-20 22:52: **********Train Epoch 2251: averaged Loss: 0.004834
2026-04-20 22:52: **********Val Epoch 2251: average Loss: 0.004438
2026-04-20 22:52: Train Epoch 2252: 0/37 Loss: 0.009459
2026-04-20 22:52: Train Epoch 2252: 20/37 Loss: 0.005502
2026-04-20 22:52: **********Train Epoch 2252: averaged Loss: 0.006744
2026-04-20 22:52: **********Val Epoch 2252: average Loss: 0.006115
2026-04-20 22:52: Train Epoch 2253: 0/37 Loss: 0.015037
2026-04-20 22:52: Train Epoch 2253: 20/37 Loss: 0.005151
2026-04-20 22:52: **********Train Epoch 2253: averaged Loss: 0.008818
2026-04-20 22:52: **********Val Epoch 2253: average Loss: 0.034884
2026-04-20 22:52: Train Epoch 2254: 0/37 Loss: 0.022397
2026-04-20 22:52: Train Epoch 2254: 20/37 Loss: 0.013307
2026-04-20 22:52: **********Train Epoch 2254: averaged Loss: 0.009349
2026-04-20 22:52: **********Val Epoch 2254: average Loss: 0.004684
2026-04-20 22:52: Train Epoch 2255: 0/37 Loss: 0.031763
2026-04-20 22:52: Train Epoch 2255: 20/37 Loss: 0.006596
2026-04-20 22:52: **********Train Epoch 2255: averaged Loss: 0.009579
2026-04-20 22:52: **********Val Epoch 2255: average Loss: 0.011485
2026-04-20 22:52: Train Epoch 2256: 0/37 Loss: 0.012223
2026-04-20 22:52: Train Epoch 2256: 20/37 Loss: 0.004102
2026-04-20 22:52: **********Train Epoch 2256: averaged Loss: 0.005751
2026-04-20 22:52: **********Val Epoch 2256: average Loss: 0.009987
2026-04-20 22:52: Train Epoch 2257: 0/37 Loss: 0.021086
2026-04-20 22:52: Train Epoch 2257: 20/37 Loss: 0.004587
2026-04-20 22:52: **********Train Epoch 2257: averaged Loss: 0.006989
2026-04-20 22:52: **********Val Epoch 2257: average Loss: 0.004344
2026-04-20 22:52: Train Epoch 2258: 0/37 Loss: 0.004439
2026-04-20 22:52: Train Epoch 2258: 20/37 Loss: 0.006586
2026-04-20 22:52: **********Train Epoch 2258: averaged Loss: 0.006344
2026-04-20 22:52: **********Val Epoch 2258: average Loss: 0.004543
2026-04-20 22:52: Train Epoch 2259: 0/37 Loss: 0.017662
2026-04-20 22:52: Train Epoch 2259: 20/37 Loss: 0.011616
2026-04-20 22:52: **********Train Epoch 2259: averaged Loss: 0.010214
2026-04-20 22:52: **********Val Epoch 2259: average Loss: 0.027499
2026-04-20 22:52: Train Epoch 2260: 0/37 Loss: 0.008755
2026-04-20 22:52: Train Epoch 2260: 20/37 Loss: 0.006675
2026-04-20 22:52: **********Train Epoch 2260: averaged Loss: 0.006148
2026-04-20 22:52: **********Val Epoch 2260: average Loss: 0.008427
2026-04-20 22:52: Train Epoch 2261: 0/37 Loss: 0.018394
2026-04-20 22:52: Train Epoch 2261: 20/37 Loss: 0.004223
2026-04-20 22:52: **********Train Epoch 2261: averaged Loss: 0.007882
2026-04-20 22:52: **********Val Epoch 2261: average Loss: 0.014787
2026-04-20 22:52: Train Epoch 2262: 0/37 Loss: 0.011193
2026-04-20 22:52: Train Epoch 2262: 20/37 Loss: 0.004322
2026-04-20 22:52: **********Train Epoch 2262: averaged Loss: 0.007085
2026-04-20 22:52: **********Val Epoch 2262: average Loss: 0.027964
2026-04-20 22:52: Train Epoch 2263: 0/37 Loss: 0.016581
2026-04-20 22:52: Train Epoch 2263: 20/37 Loss: 0.007001
2026-04-20 22:52: **********Train Epoch 2263: averaged Loss: 0.007843
2026-04-20 22:52: **********Val Epoch 2263: average Loss: 0.007507
2026-04-20 22:52: Train Epoch 2264: 0/37 Loss: 0.016798
2026-04-20 22:52: Train Epoch 2264: 20/37 Loss: 0.004450
2026-04-20 22:52: **********Train Epoch 2264: averaged Loss: 0.007087
2026-04-20 22:52: **********Val Epoch 2264: average Loss: 0.014426
2026-04-20 22:52: Train Epoch 2265: 0/37 Loss: 0.001926
2026-04-20 22:52: Train Epoch 2265: 20/37 Loss: 0.005340
2026-04-20 22:52: **********Train Epoch 2265: averaged Loss: 0.004440
2026-04-20 22:52: **********Val Epoch 2265: average Loss: 0.010953
2026-04-20 22:52: Train Epoch 2266: 0/37 Loss: 0.002048
2026-04-20 22:52: Train Epoch 2266: 20/37 Loss: 0.004029
2026-04-20 22:52: **********Train Epoch 2266: averaged Loss: 0.003795
2026-04-20 22:52: **********Val Epoch 2266: average Loss: 0.006101
2026-04-20 22:52: Train Epoch 2267: 0/37 Loss: 0.006197
2026-04-20 22:52: Train Epoch 2267: 20/37 Loss: 0.004986
2026-04-20 22:52: **********Train Epoch 2267: averaged Loss: 0.005541
2026-04-20 22:52: **********Val Epoch 2267: average Loss: 0.004658
2026-04-20 22:52: Train Epoch 2268: 0/37 Loss: 0.016288
2026-04-20 22:52: Train Epoch 2268: 20/37 Loss: 0.004351
2026-04-20 22:52: **********Train Epoch 2268: averaged Loss: 0.006016
2026-04-20 22:52: **********Val Epoch 2268: average Loss: 0.012637
2026-04-20 22:52: Train Epoch 2269: 0/37 Loss: 0.006054
2026-04-20 22:52: Train Epoch 2269: 20/37 Loss: 0.004399
2026-04-20 22:52: **********Train Epoch 2269: averaged Loss: 0.004974
2026-04-20 22:52: **********Val Epoch 2269: average Loss: 0.004657
2026-04-20 22:52: Train Epoch 2270: 0/37 Loss: 0.004886
2026-04-20 22:52: Train Epoch 2270: 20/37 Loss: 0.005946
2026-04-20 22:52: **********Train Epoch 2270: averaged Loss: 0.006129
2026-04-20 22:52: **********Val Epoch 2270: average Loss: 0.007714
2026-04-20 22:52: Train Epoch 2271: 0/37 Loss: 0.001792
2026-04-20 22:52: Train Epoch 2271: 20/37 Loss: 0.012625
2026-04-20 22:52: **********Train Epoch 2271: averaged Loss: 0.008893
2026-04-20 22:52: **********Val Epoch 2271: average Loss: 0.005974
2026-04-20 22:52: Train Epoch 2272: 0/37 Loss: 0.004177
2026-04-20 22:52: Train Epoch 2272: 20/37 Loss: 0.010357
2026-04-20 22:52: **********Train Epoch 2272: averaged Loss: 0.008907
2026-04-20 22:52: **********Val Epoch 2272: average Loss: 0.017556
2026-04-20 22:52: Train Epoch 2273: 0/37 Loss: 0.004803
2026-04-20 22:52: Train Epoch 2273: 20/37 Loss: 0.015694
2026-04-20 22:52: **********Train Epoch 2273: averaged Loss: 0.010665
2026-04-20 22:52: **********Val Epoch 2273: average Loss: 0.015527
2026-04-20 22:52: Train Epoch 2274: 0/37 Loss: 0.041202
2026-04-20 22:53: Train Epoch 2274: 20/37 Loss: 0.005368
2026-04-20 22:53: **********Train Epoch 2274: averaged Loss: 0.011251
2026-04-20 22:53: **********Val Epoch 2274: average Loss: 0.005429
2026-04-20 22:53: Train Epoch 2275: 0/37 Loss: 0.034880
2026-04-20 22:53: Train Epoch 2275: 20/37 Loss: 0.004388
2026-04-20 22:53: **********Train Epoch 2275: averaged Loss: 0.011686
2026-04-20 22:53: **********Val Epoch 2275: average Loss: 0.019067
2026-04-20 22:53: Train Epoch 2276: 0/37 Loss: 0.018828
2026-04-20 22:53: Train Epoch 2276: 20/37 Loss: 0.004155
2026-04-20 22:53: **********Train Epoch 2276: averaged Loss: 0.007258
2026-04-20 22:53: **********Val Epoch 2276: average Loss: 0.004436
2026-04-20 22:53: Train Epoch 2277: 0/37 Loss: 0.012037
2026-04-20 22:53: Train Epoch 2277: 20/37 Loss: 0.004226
2026-04-20 22:53: **********Train Epoch 2277: averaged Loss: 0.006903
2026-04-20 22:53: **********Val Epoch 2277: average Loss: 0.006637
2026-04-20 22:53: Train Epoch 2278: 0/37 Loss: 0.029088
2026-04-20 22:53: Train Epoch 2278: 20/37 Loss: 0.007936
2026-04-20 22:53: **********Train Epoch 2278: averaged Loss: 0.010866
2026-04-20 22:53: **********Val Epoch 2278: average Loss: 0.011305
2026-04-20 22:53: Train Epoch 2279: 0/37 Loss: 0.033985
2026-04-20 22:53: Train Epoch 2279: 20/37 Loss: 0.010745
2026-04-20 22:53: **********Train Epoch 2279: averaged Loss: 0.011363
2026-04-20 22:53: **********Val Epoch 2279: average Loss: 0.005149
2026-04-20 22:53: Train Epoch 2280: 0/37 Loss: 0.012442
2026-04-20 22:53: Train Epoch 2280: 20/37 Loss: 0.005001
2026-04-20 22:53: **********Train Epoch 2280: averaged Loss: 0.005817
2026-04-20 22:53: **********Val Epoch 2280: average Loss: 0.007158
2026-04-20 22:53: Train Epoch 2281: 0/37 Loss: 0.003742
2026-04-20 22:53: Train Epoch 2281: 20/37 Loss: 0.004734
2026-04-20 22:53: **********Train Epoch 2281: averaged Loss: 0.004314
2026-04-20 22:53: **********Val Epoch 2281: average Loss: 0.006966
2026-04-20 22:53: Train Epoch 2282: 0/37 Loss: 0.001563
2026-04-20 22:53: Train Epoch 2282: 20/37 Loss: 0.004777
2026-04-20 22:53: **********Train Epoch 2282: averaged Loss: 0.005434
2026-04-20 22:53: **********Val Epoch 2282: average Loss: 0.007734
2026-04-20 22:53: Train Epoch 2283: 0/37 Loss: 0.004602
2026-04-20 22:53: Train Epoch 2283: 20/37 Loss: 0.004141
2026-04-20 22:53: **********Train Epoch 2283: averaged Loss: 0.004340
2026-04-20 22:53: **********Val Epoch 2283: average Loss: 0.010472
2026-04-20 22:53: Train Epoch 2284: 0/37 Loss: 0.011414
2026-04-20 22:53: Train Epoch 2284: 20/37 Loss: 0.005737
2026-04-20 22:53: **********Train Epoch 2284: averaged Loss: 0.006197
2026-04-20 22:53: **********Val Epoch 2284: average Loss: 0.005520
2026-04-20 22:53: Train Epoch 2285: 0/37 Loss: 0.013168
2026-04-20 22:53: Train Epoch 2285: 20/37 Loss: 0.004196
2026-04-20 22:53: **********Train Epoch 2285: averaged Loss: 0.006996
2026-04-20 22:53: **********Val Epoch 2285: average Loss: 0.005725
2026-04-20 22:53: Train Epoch 2286: 0/37 Loss: 0.003379
2026-04-20 22:53: Train Epoch 2286: 20/37 Loss: 0.005410
2026-04-20 22:53: **********Train Epoch 2286: averaged Loss: 0.006931
2026-04-20 22:53: **********Val Epoch 2286: average Loss: 0.016681
2026-04-20 22:53: Train Epoch 2287: 0/37 Loss: 0.012339
2026-04-20 22:53: Train Epoch 2287: 20/37 Loss: 0.015549
2026-04-20 22:53: **********Train Epoch 2287: averaged Loss: 0.009833
2026-04-20 22:53: **********Val Epoch 2287: average Loss: 0.015285
2026-04-20 22:53: Train Epoch 2288: 0/37 Loss: 0.032940
2026-04-20 22:53: Train Epoch 2288: 20/37 Loss: 0.004063
2026-04-20 22:53: **********Train Epoch 2288: averaged Loss: 0.009000
2026-04-20 22:53: **********Val Epoch 2288: average Loss: 0.004902
2026-04-20 22:53: Train Epoch 2289: 0/37 Loss: 0.013890
2026-04-20 22:53: Train Epoch 2289: 20/37 Loss: 0.004121
2026-04-20 22:53: **********Train Epoch 2289: averaged Loss: 0.007294
2026-04-20 22:53: **********Val Epoch 2289: average Loss: 0.010556
2026-04-20 22:53: Train Epoch 2290: 0/37 Loss: 0.023288
2026-04-20 22:53: Train Epoch 2290: 20/37 Loss: 0.008741
2026-04-20 22:53: **********Train Epoch 2290: averaged Loss: 0.009075
2026-04-20 22:53: **********Val Epoch 2290: average Loss: 0.006528
2026-04-20 22:53: Train Epoch 2291: 0/37 Loss: 0.017267
2026-04-20 22:53: Train Epoch 2291: 20/37 Loss: 0.004415
2026-04-20 22:53: **********Train Epoch 2291: averaged Loss: 0.007344
2026-04-20 22:53: **********Val Epoch 2291: average Loss: 0.005983
2026-04-20 22:53: Train Epoch 2292: 0/37 Loss: 0.012473
2026-04-20 22:53: Train Epoch 2292: 20/37 Loss: 0.004099
2026-04-20 22:53: **********Train Epoch 2292: averaged Loss: 0.006894
2026-04-20 22:53: **********Val Epoch 2292: average Loss: 0.006941
2026-04-20 22:53: Train Epoch 2293: 0/37 Loss: 0.008949
2026-04-20 22:53: Train Epoch 2293: 20/37 Loss: 0.008485
2026-04-20 22:53: **********Train Epoch 2293: averaged Loss: 0.008026
2026-04-20 22:53: **********Val Epoch 2293: average Loss: 0.015940
2026-04-20 22:53: Train Epoch 2294: 0/37 Loss: 0.012159
2026-04-20 22:53: Train Epoch 2294: 20/37 Loss: 0.010545
2026-04-20 22:53: **********Train Epoch 2294: averaged Loss: 0.006810
2026-04-20 22:53: **********Val Epoch 2294: average Loss: 0.007837
2026-04-20 22:53: Train Epoch 2295: 0/37 Loss: 0.032798
2026-04-20 22:53: Train Epoch 2295: 20/37 Loss: 0.005578
2026-04-20 22:53: **********Train Epoch 2295: averaged Loss: 0.012022
2026-04-20 22:53: **********Val Epoch 2295: average Loss: 0.012673
2026-04-20 22:53: Train Epoch 2296: 0/37 Loss: 0.017124
2026-04-20 22:53: Train Epoch 2296: 20/37 Loss: 0.023331
2026-04-20 22:53: **********Train Epoch 2296: averaged Loss: 0.010269
2026-04-20 22:53: **********Val Epoch 2296: average Loss: 0.006444
2026-04-20 22:53: Train Epoch 2297: 0/37 Loss: 0.022535
2026-04-20 22:53: Train Epoch 2297: 20/37 Loss: 0.005529
2026-04-20 22:53: **********Train Epoch 2297: averaged Loss: 0.008702
2026-04-20 22:53: **********Val Epoch 2297: average Loss: 0.005652
2026-04-20 22:53: Train Epoch 2298: 0/37 Loss: 0.025966
2026-04-20 22:53: Train Epoch 2298: 20/37 Loss: 0.011636
2026-04-20 22:53: **********Train Epoch 2298: averaged Loss: 0.009530
2026-04-20 22:53: **********Val Epoch 2298: average Loss: 0.004803
2026-04-20 22:53: Train Epoch 2299: 0/37 Loss: 0.038043
2026-04-20 22:53: Train Epoch 2299: 20/37 Loss: 0.006782
2026-04-20 22:53: **********Train Epoch 2299: averaged Loss: 0.011705
2026-04-20 22:53: **********Val Epoch 2299: average Loss: 0.004886
2026-04-20 22:53: Train Epoch 2300: 0/37 Loss: 0.029227
2026-04-20 22:53: Train Epoch 2300: 20/37 Loss: 0.007561
2026-04-20 22:53: **********Train Epoch 2300: averaged Loss: 0.009529
2026-04-20 22:53: **********Val Epoch 2300: average Loss: 0.004309
2026-04-20 22:53: Train Epoch 2301: 0/37 Loss: 0.035845
2026-04-20 22:53: Train Epoch 2301: 20/37 Loss: 0.004366
2026-04-20 22:53: **********Train Epoch 2301: averaged Loss: 0.011363
2026-04-20 22:53: **********Val Epoch 2301: average Loss: 0.009872
2026-04-20 22:53: Train Epoch 2302: 0/37 Loss: 0.029667
2026-04-20 22:53: Train Epoch 2302: 20/37 Loss: 0.005540
2026-04-20 22:54: **********Train Epoch 2302: averaged Loss: 0.009775
2026-04-20 22:54: **********Val Epoch 2302: average Loss: 0.004922
2026-04-20 22:54: Train Epoch 2303: 0/37 Loss: 0.018014
2026-04-20 22:54: Train Epoch 2303: 20/37 Loss: 0.004500
2026-04-20 22:54: **********Train Epoch 2303: averaged Loss: 0.008318
2026-04-20 22:54: **********Val Epoch 2303: average Loss: 0.020456
2026-04-20 22:54: Train Epoch 2304: 0/37 Loss: 0.037012
2026-04-20 22:54: Train Epoch 2304: 20/37 Loss: 0.012164
2026-04-20 22:54: **********Train Epoch 2304: averaged Loss: 0.014282
2026-04-20 22:54: **********Val Epoch 2304: average Loss: 0.011825
2026-04-20 22:54: Train Epoch 2305: 0/37 Loss: 0.004114
2026-04-20 22:54: Train Epoch 2305: 20/37 Loss: 0.004270
2026-04-20 22:54: **********Train Epoch 2305: averaged Loss: 0.006507
2026-04-20 22:54: **********Val Epoch 2305: average Loss: 0.026731
2026-04-20 22:54: Train Epoch 2306: 0/37 Loss: 0.002210
2026-04-20 22:54: Train Epoch 2306: 20/37 Loss: 0.017088
2026-04-20 22:54: **********Train Epoch 2306: averaged Loss: 0.010059
2026-04-20 22:54: **********Val Epoch 2306: average Loss: 0.031223
2026-04-20 22:54: Train Epoch 2307: 0/37 Loss: 0.017997
2026-04-20 22:54: Train Epoch 2307: 20/37 Loss: 0.004450
2026-04-20 22:54: **********Train Epoch 2307: averaged Loss: 0.007838
2026-04-20 22:54: **********Val Epoch 2307: average Loss: 0.007530
2026-04-20 22:54: Train Epoch 2308: 0/37 Loss: 0.034466
2026-04-20 22:54: Train Epoch 2308: 20/37 Loss: 0.009913
2026-04-20 22:54: **********Train Epoch 2308: averaged Loss: 0.011981
2026-04-20 22:54: **********Val Epoch 2308: average Loss: 0.004393
2026-04-20 22:54: Train Epoch 2309: 0/37 Loss: 0.011976
2026-04-20 22:54: Train Epoch 2309: 20/37 Loss: 0.004924
2026-04-20 22:54: **********Train Epoch 2309: averaged Loss: 0.007767
2026-04-20 22:54: **********Val Epoch 2309: average Loss: 0.024291
2026-04-20 22:54: Train Epoch 2310: 0/37 Loss: 0.025519
2026-04-20 22:54: Train Epoch 2310: 20/37 Loss: 0.009479
2026-04-20 22:54: **********Train Epoch 2310: averaged Loss: 0.008711
2026-04-20 22:54: **********Val Epoch 2310: average Loss: 0.004903
2026-04-20 22:54: Train Epoch 2311: 0/37 Loss: 0.008415
2026-04-20 22:54: Train Epoch 2311: 20/37 Loss: 0.004455
2026-04-20 22:54: **********Train Epoch 2311: averaged Loss: 0.004928
2026-04-20 22:54: **********Val Epoch 2311: average Loss: 0.007370
2026-04-20 22:54: Train Epoch 2312: 0/37 Loss: 0.005555
2026-04-20 22:54: Train Epoch 2312: 20/37 Loss: 0.004174
2026-04-20 22:54: **********Train Epoch 2312: averaged Loss: 0.005679
2026-04-20 22:54: **********Val Epoch 2312: average Loss: 0.013390
2026-04-20 22:54: Train Epoch 2313: 0/37 Loss: 0.015536
2026-04-20 22:54: Train Epoch 2313: 20/37 Loss: 0.004141
2026-04-20 22:54: **********Train Epoch 2313: averaged Loss: 0.005662
2026-04-20 22:54: **********Val Epoch 2313: average Loss: 0.004777
2026-04-20 22:54: Train Epoch 2314: 0/37 Loss: 0.005764
2026-04-20 22:54: Train Epoch 2314: 20/37 Loss: 0.006103
2026-04-20 22:54: **********Train Epoch 2314: averaged Loss: 0.005593
2026-04-20 22:54: **********Val Epoch 2314: average Loss: 0.006349
2026-04-20 22:54: Train Epoch 2315: 0/37 Loss: 0.006901
2026-04-20 22:54: Train Epoch 2315: 20/37 Loss: 0.004326
2026-04-20 22:54: **********Train Epoch 2315: averaged Loss: 0.007915
2026-04-20 22:54: **********Val Epoch 2315: average Loss: 0.044342
2026-04-20 22:54: Train Epoch 2316: 0/37 Loss: 0.009203
2026-04-20 22:54: Train Epoch 2316: 20/37 Loss: 0.033832
2026-04-20 22:54: **********Train Epoch 2316: averaged Loss: 0.012035
2026-04-20 22:54: **********Val Epoch 2316: average Loss: 0.025183
2026-04-20 22:54: Train Epoch 2317: 0/37 Loss: 0.031958
2026-04-20 22:54: Train Epoch 2317: 20/37 Loss: 0.004271
2026-04-20 22:54: **********Train Epoch 2317: averaged Loss: 0.010450
2026-04-20 22:54: **********Val Epoch 2317: average Loss: 0.007596
2026-04-20 22:54: Train Epoch 2318: 0/37 Loss: 0.016336
2026-04-20 22:54: Train Epoch 2318: 20/37 Loss: 0.004794
2026-04-20 22:54: **********Train Epoch 2318: averaged Loss: 0.006699
2026-04-20 22:54: **********Val Epoch 2318: average Loss: 0.010534
2026-04-20 22:54: Train Epoch 2319: 0/37 Loss: 0.015281
2026-04-20 22:54: Train Epoch 2319: 20/37 Loss: 0.004331
2026-04-20 22:54: **********Train Epoch 2319: averaged Loss: 0.007220
2026-04-20 22:54: **********Val Epoch 2319: average Loss: 0.006045
2026-04-20 22:54: Train Epoch 2320: 0/37 Loss: 0.008816
2026-04-20 22:54: Train Epoch 2320: 20/37 Loss: 0.004525
2026-04-20 22:54: **********Train Epoch 2320: averaged Loss: 0.005665
2026-04-20 22:54: **********Val Epoch 2320: average Loss: 0.013761
2026-04-20 22:54: Train Epoch 2321: 0/37 Loss: 0.034706
2026-04-20 22:54: Train Epoch 2321: 20/37 Loss: 0.006444
2026-04-20 22:54: **********Train Epoch 2321: averaged Loss: 0.009375
2026-04-20 22:54: **********Val Epoch 2321: average Loss: 0.012298
2026-04-20 22:54: Train Epoch 2322: 0/37 Loss: 0.035825
2026-04-20 22:54: Train Epoch 2322: 20/37 Loss: 0.012911
2026-04-20 22:54: **********Train Epoch 2322: averaged Loss: 0.010558
2026-04-20 22:54: **********Val Epoch 2322: average Loss: 0.010353
2026-04-20 22:54: Train Epoch 2323: 0/37 Loss: 0.008683
2026-04-20 22:54: Train Epoch 2323: 20/37 Loss: 0.004153
2026-04-20 22:54: **********Train Epoch 2323: averaged Loss: 0.005104
2026-04-20 22:54: **********Val Epoch 2323: average Loss: 0.006581
2026-04-20 22:54: Train Epoch 2324: 0/37 Loss: 0.014416
2026-04-20 22:54: Train Epoch 2324: 20/37 Loss: 0.007113
2026-04-20 22:54: **********Train Epoch 2324: averaged Loss: 0.006605
2026-04-20 22:54: **********Val Epoch 2324: average Loss: 0.006277
2026-04-20 22:54: Train Epoch 2325: 0/37 Loss: 0.005413
2026-04-20 22:54: Train Epoch 2325: 20/37 Loss: 0.004106
2026-04-20 22:54: **********Train Epoch 2325: averaged Loss: 0.006838
2026-04-20 22:54: **********Val Epoch 2325: average Loss: 0.010135
2026-04-20 22:54: Train Epoch 2326: 0/37 Loss: 0.008465
2026-04-20 22:54: Train Epoch 2326: 20/37 Loss: 0.007222
2026-04-20 22:54: **********Train Epoch 2326: averaged Loss: 0.008908
2026-04-20 22:54: **********Val Epoch 2326: average Loss: 0.017100
2026-04-20 22:54: Train Epoch 2327: 0/37 Loss: 0.025203
2026-04-20 22:54: Train Epoch 2327: 20/37 Loss: 0.005003
2026-04-20 22:54: **********Train Epoch 2327: averaged Loss: 0.009173
2026-04-20 22:54: **********Val Epoch 2327: average Loss: 0.005851
2026-04-20 22:54: Train Epoch 2328: 0/37 Loss: 0.039451
2026-04-20 22:54: Train Epoch 2328: 20/37 Loss: 0.006279
2026-04-20 22:54: **********Train Epoch 2328: averaged Loss: 0.011201
2026-04-20 22:54: **********Val Epoch 2328: average Loss: 0.006537
2026-04-20 22:54: Train Epoch 2329: 0/37 Loss: 0.002753
2026-04-20 22:54: Train Epoch 2329: 20/37 Loss: 0.004171
2026-04-20 22:54: **********Train Epoch 2329: averaged Loss: 0.005778
2026-04-20 22:54: **********Val Epoch 2329: average Loss: 0.008285
2026-04-20 22:54: Train Epoch 2330: 0/37 Loss: 0.008986
2026-04-20 22:54: Train Epoch 2330: 20/37 Loss: 0.009192
2026-04-20 22:54: **********Train Epoch 2330: averaged Loss: 0.007849
2026-04-20 22:54: **********Val Epoch 2330: average Loss: 0.004414
2026-04-20 22:54: Train Epoch 2331: 0/37 Loss: 0.022689
2026-04-20 22:55: Train Epoch 2331: 20/37 Loss: 0.010423
2026-04-20 22:55: **********Train Epoch 2331: averaged Loss: 0.010628
2026-04-20 22:55: **********Val Epoch 2331: average Loss: 0.008795
2026-04-20 22:55: Train Epoch 2332: 0/37 Loss: 0.015026
2026-04-20 22:55: Train Epoch 2332: 20/37 Loss: 0.025772
2026-04-20 22:55: **********Train Epoch 2332: averaged Loss: 0.013393
2026-04-20 22:55: **********Val Epoch 2332: average Loss: 0.018351
2026-04-20 22:55: Train Epoch 2333: 0/37 Loss: 0.027403
2026-04-20 22:55: Train Epoch 2333: 20/37 Loss: 0.004393
2026-04-20 22:55: **********Train Epoch 2333: averaged Loss: 0.008699
2026-04-20 22:55: **********Val Epoch 2333: average Loss: 0.006055
2026-04-20 22:55: Train Epoch 2334: 0/37 Loss: 0.024434
2026-04-20 22:55: Train Epoch 2334: 20/37 Loss: 0.008933
2026-04-20 22:55: **********Train Epoch 2334: averaged Loss: 0.012755
2026-04-20 22:55: **********Val Epoch 2334: average Loss: 0.027596
2026-04-20 22:55: Train Epoch 2335: 0/37 Loss: 0.003467
2026-04-20 22:55: Train Epoch 2335: 20/37 Loss: 0.004511
2026-04-20 22:55: **********Train Epoch 2335: averaged Loss: 0.007566
2026-04-20 22:55: **********Val Epoch 2335: average Loss: 0.005606
2026-04-20 22:55: Train Epoch 2336: 0/37 Loss: 0.051191
2026-04-20 22:55: Train Epoch 2336: 20/37 Loss: 0.004340
2026-04-20 22:55: **********Train Epoch 2336: averaged Loss: 0.014144
2026-04-20 22:55: **********Val Epoch 2336: average Loss: 0.008550
2026-04-20 22:55: Train Epoch 2337: 0/37 Loss: 0.041435
2026-04-20 22:55: Train Epoch 2337: 20/37 Loss: 0.007190
2026-04-20 22:55: **********Train Epoch 2337: averaged Loss: 0.011791
2026-04-20 22:55: **********Val Epoch 2337: average Loss: 0.005922
2026-04-20 22:55: Train Epoch 2338: 0/37 Loss: 0.029991
2026-04-20 22:55: Train Epoch 2338: 20/37 Loss: 0.010954
2026-04-20 22:55: **********Train Epoch 2338: averaged Loss: 0.010561
2026-04-20 22:55: **********Val Epoch 2338: average Loss: 0.018511
2026-04-20 22:55: Train Epoch 2339: 0/37 Loss: 0.008688
2026-04-20 22:55: Train Epoch 2339: 20/37 Loss: 0.004774
2026-04-20 22:55: **********Train Epoch 2339: averaged Loss: 0.006405
2026-04-20 22:55: **********Val Epoch 2339: average Loss: 0.005011
2026-04-20 22:55: Train Epoch 2340: 0/37 Loss: 0.014372
2026-04-20 22:55: Train Epoch 2340: 20/37 Loss: 0.004832
2026-04-20 22:55: **********Train Epoch 2340: averaged Loss: 0.007977
2026-04-20 22:55: **********Val Epoch 2340: average Loss: 0.019327
2026-04-20 22:55: Train Epoch 2341: 0/37 Loss: 0.014647
2026-04-20 22:55: Train Epoch 2341: 20/37 Loss: 0.004327
2026-04-20 22:55: **********Train Epoch 2341: averaged Loss: 0.006476
2026-04-20 22:55: **********Val Epoch 2341: average Loss: 0.008129
2026-04-20 22:55: Train Epoch 2342: 0/37 Loss: 0.014138
2026-04-20 22:55: Train Epoch 2342: 20/37 Loss: 0.004358
2026-04-20 22:55: **********Train Epoch 2342: averaged Loss: 0.007436
2026-04-20 22:55: **********Val Epoch 2342: average Loss: 0.024229
2026-04-20 22:55: Train Epoch 2343: 0/37 Loss: 0.007444
2026-04-20 22:55: Train Epoch 2343: 20/37 Loss: 0.011892
2026-04-20 22:55: **********Train Epoch 2343: averaged Loss: 0.008062
2026-04-20 22:55: **********Val Epoch 2343: average Loss: 0.005140
2026-04-20 22:55: Train Epoch 2344: 0/37 Loss: 0.031532
2026-04-20 22:55: Train Epoch 2344: 20/37 Loss: 0.007619
2026-04-20 22:55: **********Train Epoch 2344: averaged Loss: 0.009339
2026-04-20 22:55: **********Val Epoch 2344: average Loss: 0.007685
2026-04-20 22:55: Train Epoch 2345: 0/37 Loss: 0.022728
2026-04-20 22:55: Train Epoch 2345: 20/37 Loss: 0.006557
2026-04-20 22:55: **********Train Epoch 2345: averaged Loss: 0.007482
2026-04-20 22:55: **********Val Epoch 2345: average Loss: 0.008321
2026-04-20 22:55: Train Epoch 2346: 0/37 Loss: 0.002175
2026-04-20 22:55: Train Epoch 2346: 20/37 Loss: 0.004279
2026-04-20 22:55: **********Train Epoch 2346: averaged Loss: 0.004468
2026-04-20 22:55: **********Val Epoch 2346: average Loss: 0.004290
2026-04-20 22:55: Train Epoch 2347: 0/37 Loss: 0.004537
2026-04-20 22:55: Train Epoch 2347: 20/37 Loss: 0.006622
2026-04-20 22:55: **********Train Epoch 2347: averaged Loss: 0.005354
2026-04-20 22:55: **********Val Epoch 2347: average Loss: 0.004557
2026-04-20 22:55: Train Epoch 2348: 0/37 Loss: 0.011934
2026-04-20 22:55: Train Epoch 2348: 20/37 Loss: 0.004669
2026-04-20 22:55: **********Train Epoch 2348: averaged Loss: 0.005431
2026-04-20 22:55: **********Val Epoch 2348: average Loss: 0.005950
2026-04-20 22:55: Train Epoch 2349: 0/37 Loss: 0.010790
2026-04-20 22:55: Train Epoch 2349: 20/37 Loss: 0.004331
2026-04-20 22:55: **********Train Epoch 2349: averaged Loss: 0.006746
2026-04-20 22:55: **********Val Epoch 2349: average Loss: 0.022068
2026-04-20 22:55: Train Epoch 2350: 0/37 Loss: 0.028575
2026-04-20 22:55: Train Epoch 2350: 20/37 Loss: 0.005934
2026-04-20 22:55: **********Train Epoch 2350: averaged Loss: 0.008706
2026-04-20 22:55: **********Val Epoch 2350: average Loss: 0.006628
2026-04-20 22:55: Train Epoch 2351: 0/37 Loss: 0.001718
2026-04-20 22:55: Train Epoch 2351: 20/37 Loss: 0.004118
2026-04-20 22:55: **********Train Epoch 2351: averaged Loss: 0.004409
2026-04-20 22:55: **********Val Epoch 2351: average Loss: 0.008167
2026-04-20 22:55: Train Epoch 2352: 0/37 Loss: 0.003003
2026-04-20 22:55: Train Epoch 2352: 20/37 Loss: 0.004640
2026-04-20 22:55: **********Train Epoch 2352: averaged Loss: 0.004413
2026-04-20 22:55: **********Val Epoch 2352: average Loss: 0.005722
2026-04-20 22:55: Train Epoch 2353: 0/37 Loss: 0.024456
2026-04-20 22:55: Train Epoch 2353: 20/37 Loss: 0.009356
2026-04-20 22:55: **********Train Epoch 2353: averaged Loss: 0.010415
2026-04-20 22:55: **********Val Epoch 2353: average Loss: 0.022412
2026-04-20 22:55: Train Epoch 2354: 0/37 Loss: 0.003674
2026-04-20 22:55: Train Epoch 2354: 20/37 Loss: 0.006489
2026-04-20 22:55: **********Train Epoch 2354: averaged Loss: 0.006348
2026-04-20 22:55: **********Val Epoch 2354: average Loss: 0.020095
2026-04-20 22:55: Train Epoch 2355: 0/37 Loss: 0.004553
2026-04-20 22:55: Train Epoch 2355: 20/37 Loss: 0.005396
2026-04-20 22:55: **********Train Epoch 2355: averaged Loss: 0.004898
2026-04-20 22:55: **********Val Epoch 2355: average Loss: 0.006463
2026-04-20 22:55: Train Epoch 2356: 0/37 Loss: 0.002795
2026-04-20 22:55: Train Epoch 2356: 20/37 Loss: 0.004169
2026-04-20 22:55: **********Train Epoch 2356: averaged Loss: 0.004512
2026-04-20 22:55: **********Val Epoch 2356: average Loss: 0.012572
2026-04-20 22:55: Train Epoch 2357: 0/37 Loss: 0.002753
2026-04-20 22:55: Train Epoch 2357: 20/37 Loss: 0.004022
2026-04-20 22:55: **********Train Epoch 2357: averaged Loss: 0.004801
2026-04-20 22:55: **********Val Epoch 2357: average Loss: 0.015680
2026-04-20 22:55: Train Epoch 2358: 0/37 Loss: 0.004972
2026-04-20 22:55: Train Epoch 2358: 20/37 Loss: 0.004016
2026-04-20 22:55: **********Train Epoch 2358: averaged Loss: 0.004427
2026-04-20 22:55: **********Val Epoch 2358: average Loss: 0.005015
2026-04-20 22:55: Train Epoch 2359: 0/37 Loss: 0.005948
2026-04-20 22:55: Train Epoch 2359: 20/37 Loss: 0.007287
2026-04-20 22:56: **********Train Epoch 2359: averaged Loss: 0.005715
2026-04-20 22:56: **********Val Epoch 2359: average Loss: 0.007961
2026-04-20 22:56: Train Epoch 2360: 0/37 Loss: 0.023415
2026-04-20 22:56: Train Epoch 2360: 20/37 Loss: 0.004211
2026-04-20 22:56: **********Train Epoch 2360: averaged Loss: 0.007681
2026-04-20 22:56: **********Val Epoch 2360: average Loss: 0.006622
2026-04-20 22:56: Train Epoch 2361: 0/37 Loss: 0.015051
2026-04-20 22:56: Train Epoch 2361: 20/37 Loss: 0.004461
2026-04-20 22:56: **********Train Epoch 2361: averaged Loss: 0.007305
2026-04-20 22:56: **********Val Epoch 2361: average Loss: 0.006063
2026-04-20 22:56: Train Epoch 2362: 0/37 Loss: 0.002209
2026-04-20 22:56: Train Epoch 2362: 20/37 Loss: 0.004740
2026-04-20 22:56: **********Train Epoch 2362: averaged Loss: 0.008477
2026-04-20 22:56: **********Val Epoch 2362: average Loss: 0.016774
2026-04-20 22:56: Train Epoch 2363: 0/37 Loss: 0.002172
2026-04-20 22:56: Train Epoch 2363: 20/37 Loss: 0.012813
2026-04-20 22:56: **********Train Epoch 2363: averaged Loss: 0.010743
2026-04-20 22:56: **********Val Epoch 2363: average Loss: 0.007652
2026-04-20 22:56: Train Epoch 2364: 0/37 Loss: 0.026513
2026-04-20 22:56: Train Epoch 2364: 20/37 Loss: 0.011772
2026-04-20 22:56: **********Train Epoch 2364: averaged Loss: 0.012765
2026-04-20 22:56: **********Val Epoch 2364: average Loss: 0.017316
2026-04-20 22:56: Train Epoch 2365: 0/37 Loss: 0.011876
2026-04-20 22:56: Train Epoch 2365: 20/37 Loss: 0.022878
2026-04-20 22:56: **********Train Epoch 2365: averaged Loss: 0.012393
2026-04-20 22:56: **********Val Epoch 2365: average Loss: 0.015288
2026-04-20 22:56: Train Epoch 2366: 0/37 Loss: 0.053410
2026-04-20 22:56: Train Epoch 2366: 20/37 Loss: 0.005226
2026-04-20 22:56: **********Train Epoch 2366: averaged Loss: 0.015426
2026-04-20 22:56: **********Val Epoch 2366: average Loss: 0.015119
2026-04-20 22:56: Train Epoch 2367: 0/37 Loss: 0.048701
2026-04-20 22:56: Train Epoch 2367: 20/37 Loss: 0.005312
2026-04-20 22:56: **********Train Epoch 2367: averaged Loss: 0.013239
2026-04-20 22:56: **********Val Epoch 2367: average Loss: 0.005820
2026-04-20 22:56: Train Epoch 2368: 0/37 Loss: 0.006936
2026-04-20 22:56: Train Epoch 2368: 20/37 Loss: 0.004493
2026-04-20 22:56: **********Train Epoch 2368: averaged Loss: 0.005222
2026-04-20 22:56: **********Val Epoch 2368: average Loss: 0.008629
2026-04-20 22:56: Train Epoch 2369: 0/37 Loss: 0.017834
2026-04-20 22:56: Train Epoch 2369: 20/37 Loss: 0.006235
2026-04-20 22:56: **********Train Epoch 2369: averaged Loss: 0.007959
2026-04-20 22:56: **********Val Epoch 2369: average Loss: 0.005045
2026-04-20 22:56: Train Epoch 2370: 0/37 Loss: 0.001845
2026-04-20 22:56: Train Epoch 2370: 20/37 Loss: 0.004393
2026-04-20 22:56: **********Train Epoch 2370: averaged Loss: 0.005998
2026-04-20 22:56: **********Val Epoch 2370: average Loss: 0.012846
2026-04-20 22:56: Train Epoch 2371: 0/37 Loss: 0.008294
2026-04-20 22:56: Train Epoch 2371: 20/37 Loss: 0.011089
2026-04-20 22:56: **********Train Epoch 2371: averaged Loss: 0.007424
2026-04-20 22:56: **********Val Epoch 2371: average Loss: 0.004715
2026-04-20 22:56: Train Epoch 2372: 0/37 Loss: 0.032056
2026-04-20 22:56: Train Epoch 2372: 20/37 Loss: 0.006941
2026-04-20 22:56: **********Train Epoch 2372: averaged Loss: 0.010594
2026-04-20 22:56: **********Val Epoch 2372: average Loss: 0.010881
2026-04-20 22:56: Train Epoch 2373: 0/37 Loss: 0.007591
2026-04-20 22:56: Train Epoch 2373: 20/37 Loss: 0.006759
2026-04-20 22:56: **********Train Epoch 2373: averaged Loss: 0.005905
2026-04-20 22:56: **********Val Epoch 2373: average Loss: 0.009469
2026-04-20 22:56: Train Epoch 2374: 0/37 Loss: 0.031555
2026-04-20 22:56: Train Epoch 2374: 20/37 Loss: 0.006633
2026-04-20 22:56: **********Train Epoch 2374: averaged Loss: 0.011064
2026-04-20 22:56: **********Val Epoch 2374: average Loss: 0.011028
2026-04-20 22:56: Train Epoch 2375: 0/37 Loss: 0.016444
2026-04-20 22:56: Train Epoch 2375: 20/37 Loss: 0.018775
2026-04-20 22:56: **********Train Epoch 2375: averaged Loss: 0.010071
2026-04-20 22:56: **********Val Epoch 2375: average Loss: 0.012152
2026-04-20 22:56: Train Epoch 2376: 0/37 Loss: 0.025178
2026-04-20 22:56: Train Epoch 2376: 20/37 Loss: 0.004189
2026-04-20 22:56: **********Train Epoch 2376: averaged Loss: 0.007128
2026-04-20 22:56: **********Val Epoch 2376: average Loss: 0.004601
2026-04-20 22:56: Train Epoch 2377: 0/37 Loss: 0.003642
2026-04-20 22:56: Train Epoch 2377: 20/37 Loss: 0.004672
2026-04-20 22:56: **********Train Epoch 2377: averaged Loss: 0.006500
2026-04-20 22:56: **********Val Epoch 2377: average Loss: 0.007016
2026-04-20 22:56: Train Epoch 2378: 0/37 Loss: 0.006586
2026-04-20 22:56: Train Epoch 2378: 20/37 Loss: 0.007157
2026-04-20 22:56: **********Train Epoch 2378: averaged Loss: 0.006633
2026-04-20 22:56: **********Val Epoch 2378: average Loss: 0.010999
2026-04-20 22:56: Train Epoch 2379: 0/37 Loss: 0.002444
2026-04-20 22:56: Train Epoch 2379: 20/37 Loss: 0.004276
2026-04-20 22:56: **********Train Epoch 2379: averaged Loss: 0.005774
2026-04-20 22:56: **********Val Epoch 2379: average Loss: 0.004459
2026-04-20 22:56: Train Epoch 2380: 0/37 Loss: 0.003730
2026-04-20 22:56: Train Epoch 2380: 20/37 Loss: 0.004580
2026-04-20 22:56: **********Train Epoch 2380: averaged Loss: 0.007336
2026-04-20 22:56: **********Val Epoch 2380: average Loss: 0.012462
2026-04-20 22:56: Train Epoch 2381: 0/37 Loss: 0.032317
2026-04-20 22:56: Train Epoch 2381: 20/37 Loss: 0.013512
2026-04-20 22:56: **********Train Epoch 2381: averaged Loss: 0.012824
2026-04-20 22:56: **********Val Epoch 2381: average Loss: 0.015167
2026-04-20 22:56: Train Epoch 2382: 0/37 Loss: 0.017838
2026-04-20 22:56: Train Epoch 2382: 20/37 Loss: 0.017685
2026-04-20 22:56: **********Train Epoch 2382: averaged Loss: 0.009180
2026-04-20 22:56: **********Val Epoch 2382: average Loss: 0.005250
2026-04-20 22:56: Train Epoch 2383: 0/37 Loss: 0.012709
2026-04-20 22:56: Train Epoch 2383: 20/37 Loss: 0.004968
2026-04-20 22:56: **********Train Epoch 2383: averaged Loss: 0.006582
2026-04-20 22:56: **********Val Epoch 2383: average Loss: 0.008762
2026-04-20 22:56: Train Epoch 2384: 0/37 Loss: 0.013351
2026-04-20 22:56: Train Epoch 2384: 20/37 Loss: 0.006616
2026-04-20 22:56: **********Train Epoch 2384: averaged Loss: 0.008994
2026-04-20 22:56: **********Val Epoch 2384: average Loss: 0.021119
2026-04-20 22:56: Train Epoch 2385: 0/37 Loss: 0.017955
2026-04-20 22:56: Train Epoch 2385: 20/37 Loss: 0.005093
2026-04-20 22:56: **********Train Epoch 2385: averaged Loss: 0.006901
2026-04-20 22:56: **********Val Epoch 2385: average Loss: 0.004768
2026-04-20 22:56: Train Epoch 2386: 0/37 Loss: 0.033542
2026-04-20 22:56: Train Epoch 2386: 20/37 Loss: 0.004171
2026-04-20 22:56: **********Train Epoch 2386: averaged Loss: 0.010586
2026-04-20 22:56: **********Val Epoch 2386: average Loss: 0.006228
2026-04-20 22:56: Train Epoch 2387: 0/37 Loss: 0.028082
2026-04-20 22:56: Train Epoch 2387: 20/37 Loss: 0.004716
2026-04-20 22:56: **********Train Epoch 2387: averaged Loss: 0.009610
2026-04-20 22:56: **********Val Epoch 2387: average Loss: 0.006470
2026-04-20 22:56: Train Epoch 2388: 0/37 Loss: 0.027866
2026-04-20 22:57: Train Epoch 2388: 20/37 Loss: 0.005970
2026-04-20 22:57: **********Train Epoch 2388: averaged Loss: 0.010956
2026-04-20 22:57: **********Val Epoch 2388: average Loss: 0.030218
2026-04-20 22:57: Train Epoch 2389: 0/37 Loss: 0.004145
2026-04-20 22:57: Train Epoch 2389: 20/37 Loss: 0.016556
2026-04-20 22:57: **********Train Epoch 2389: averaged Loss: 0.008496
2026-04-20 22:57: **********Val Epoch 2389: average Loss: 0.021670
2026-04-20 22:57: Train Epoch 2390: 0/37 Loss: 0.018260
2026-04-20 22:57: Train Epoch 2390: 20/37 Loss: 0.004300
2026-04-20 22:57: **********Train Epoch 2390: averaged Loss: 0.006310
2026-04-20 22:57: **********Val Epoch 2390: average Loss: 0.004536
2026-04-20 22:57: Train Epoch 2391: 0/37 Loss: 0.004858
2026-04-20 22:57: Train Epoch 2391: 20/37 Loss: 0.004211
2026-04-20 22:57: **********Train Epoch 2391: averaged Loss: 0.006399
2026-04-20 22:57: **********Val Epoch 2391: average Loss: 0.030298
2026-04-20 22:57: Train Epoch 2392: 0/37 Loss: 0.034059
2026-04-20 22:57: Train Epoch 2392: 20/37 Loss: 0.018269
2026-04-20 22:57: **********Train Epoch 2392: averaged Loss: 0.011944
2026-04-20 22:57: **********Val Epoch 2392: average Loss: 0.014514
2026-04-20 22:57: Train Epoch 2393: 0/37 Loss: 0.012197
2026-04-20 22:57: Train Epoch 2393: 20/37 Loss: 0.004755
2026-04-20 22:57: **********Train Epoch 2393: averaged Loss: 0.006330
2026-04-20 22:57: **********Val Epoch 2393: average Loss: 0.007511
2026-04-20 22:57: Train Epoch 2394: 0/37 Loss: 0.007082
2026-04-20 22:57: Train Epoch 2394: 20/37 Loss: 0.005554
2026-04-20 22:57: **********Train Epoch 2394: averaged Loss: 0.005272
2026-04-20 22:57: **********Val Epoch 2394: average Loss: 0.005159
2026-04-20 22:57: Train Epoch 2395: 0/37 Loss: 0.009947
2026-04-20 22:57: Train Epoch 2395: 20/37 Loss: 0.006970
2026-04-20 22:57: **********Train Epoch 2395: averaged Loss: 0.009508
2026-04-20 22:57: **********Val Epoch 2395: average Loss: 0.007215
2026-04-20 22:57: Train Epoch 2396: 0/37 Loss: 0.009163
2026-04-20 22:57: Train Epoch 2396: 20/37 Loss: 0.013150
2026-04-20 22:57: **********Train Epoch 2396: averaged Loss: 0.009682
2026-04-20 22:57: **********Val Epoch 2396: average Loss: 0.005004
2026-04-20 22:57: Train Epoch 2397: 0/37 Loss: 0.038971
2026-04-20 22:57: Train Epoch 2397: 20/37 Loss: 0.013352
2026-04-20 22:57: **********Train Epoch 2397: averaged Loss: 0.010972
2026-04-20 22:57: **********Val Epoch 2397: average Loss: 0.006543
2026-04-20 22:57: Train Epoch 2398: 0/37 Loss: 0.012241
2026-04-20 22:57: Train Epoch 2398: 20/37 Loss: 0.004060
2026-04-20 22:57: **********Train Epoch 2398: averaged Loss: 0.006374
2026-04-20 22:57: **********Val Epoch 2398: average Loss: 0.005785
2026-04-20 22:57: Train Epoch 2399: 0/37 Loss: 0.003286
2026-04-20 22:57: Train Epoch 2399: 20/37 Loss: 0.004150
2026-04-20 22:57: **********Train Epoch 2399: averaged Loss: 0.005837
2026-04-20 22:57: **********Val Epoch 2399: average Loss: 0.005702
2026-04-20 22:57: Train Epoch 2400: 0/37 Loss: 0.024353
2026-04-20 22:57: Train Epoch 2400: 20/37 Loss: 0.004227
2026-04-20 22:57: **********Train Epoch 2400: averaged Loss: 0.009295
2026-04-20 22:57: **********Val Epoch 2400: average Loss: 0.010518
2026-04-20 22:57: Train Epoch 2401: 0/37 Loss: 0.001765
2026-04-20 22:57: Train Epoch 2401: 20/37 Loss: 0.022539
2026-04-20 22:57: **********Train Epoch 2401: averaged Loss: 0.010232
2026-04-20 22:57: **********Val Epoch 2401: average Loss: 0.009076
2026-04-20 22:57: Train Epoch 2402: 0/37 Loss: 0.055837
2026-04-20 22:57: Train Epoch 2402: 20/37 Loss: 0.007449
2026-04-20 22:57: **********Train Epoch 2402: averaged Loss: 0.014682
2026-04-20 22:57: **********Val Epoch 2402: average Loss: 0.006738
2026-04-20 22:57: Train Epoch 2403: 0/37 Loss: 0.017816
2026-04-20 22:57: Train Epoch 2403: 20/37 Loss: 0.004666
2026-04-20 22:57: **********Train Epoch 2403: averaged Loss: 0.005950
2026-04-20 22:57: **********Val Epoch 2403: average Loss: 0.005480
2026-04-20 22:57: Train Epoch 2404: 0/37 Loss: 0.014967
2026-04-20 22:57: Train Epoch 2404: 20/37 Loss: 0.004021
2026-04-20 22:57: **********Train Epoch 2404: averaged Loss: 0.006252
2026-04-20 22:57: **********Val Epoch 2404: average Loss: 0.005281
2026-04-20 22:57: Train Epoch 2405: 0/37 Loss: 0.002316
2026-04-20 22:57: Train Epoch 2405: 20/37 Loss: 0.009911
2026-04-20 22:57: **********Train Epoch 2405: averaged Loss: 0.006258
2026-04-20 22:57: **********Val Epoch 2405: average Loss: 0.004777
2026-04-20 22:57: Train Epoch 2406: 0/37 Loss: 0.015231
2026-04-20 22:57: Train Epoch 2406: 20/37 Loss: 0.007285
2026-04-20 22:57: **********Train Epoch 2406: averaged Loss: 0.008250
2026-04-20 22:57: **********Val Epoch 2406: average Loss: 0.021096
2026-04-20 22:57: Train Epoch 2407: 0/37 Loss: 0.009820
2026-04-20 22:57: Train Epoch 2407: 20/37 Loss: 0.004198
2026-04-20 22:57: **********Train Epoch 2407: averaged Loss: 0.005895
2026-04-20 22:57: **********Val Epoch 2407: average Loss: 0.006806
2026-04-20 22:57: Train Epoch 2408: 0/37 Loss: 0.022473
2026-04-20 22:57: Train Epoch 2408: 20/37 Loss: 0.004249
2026-04-20 22:57: **********Train Epoch 2408: averaged Loss: 0.007283
2026-04-20 22:57: **********Val Epoch 2408: average Loss: 0.005905
2026-04-20 22:57: Train Epoch 2409: 0/37 Loss: 0.011833
2026-04-20 22:57: Train Epoch 2409: 20/37 Loss: 0.004557
2026-04-20 22:57: **********Train Epoch 2409: averaged Loss: 0.005155
2026-04-20 22:57: **********Val Epoch 2409: average Loss: 0.009477
2026-04-20 22:57: Train Epoch 2410: 0/37 Loss: 0.003359
2026-04-20 22:57: Train Epoch 2410: 20/37 Loss: 0.004291
2026-04-20 22:57: **********Train Epoch 2410: averaged Loss: 0.005372
2026-04-20 22:57: **********Val Epoch 2410: average Loss: 0.006417
2026-04-20 22:57: Train Epoch 2411: 0/37 Loss: 0.008693
2026-04-20 22:57: Train Epoch 2411: 20/37 Loss: 0.004104
2026-04-20 22:57: **********Train Epoch 2411: averaged Loss: 0.005912
2026-04-20 22:57: **********Val Epoch 2411: average Loss: 0.005815
2026-04-20 22:57: Train Epoch 2412: 0/37 Loss: 0.019035
2026-04-20 22:57: Train Epoch 2412: 20/37 Loss: 0.004496
2026-04-20 22:57: **********Train Epoch 2412: averaged Loss: 0.009448
2026-04-20 22:57: **********Val Epoch 2412: average Loss: 0.010535
2026-04-20 22:57: Train Epoch 2413: 0/37 Loss: 0.006595
2026-04-20 22:57: Train Epoch 2413: 20/37 Loss: 0.016409
2026-04-20 22:57: **********Train Epoch 2413: averaged Loss: 0.007413
2026-04-20 22:57: **********Val Epoch 2413: average Loss: 0.007956
2026-04-20 22:57: Train Epoch 2414: 0/37 Loss: 0.045872
2026-04-20 22:57: Train Epoch 2414: 20/37 Loss: 0.005417
2026-04-20 22:57: **********Train Epoch 2414: averaged Loss: 0.013153
2026-04-20 22:57: **********Val Epoch 2414: average Loss: 0.005126
2026-04-20 22:57: Train Epoch 2415: 0/37 Loss: 0.015360
2026-04-20 22:57: Train Epoch 2415: 20/37 Loss: 0.005676
2026-04-20 22:57: **********Train Epoch 2415: averaged Loss: 0.008014
2026-04-20 22:57: **********Val Epoch 2415: average Loss: 0.008448
2026-04-20 22:57: Train Epoch 2416: 0/37 Loss: 0.005283
2026-04-20 22:57: Train Epoch 2416: 20/37 Loss: 0.005807
2026-04-20 22:58: **********Train Epoch 2416: averaged Loss: 0.005908
2026-04-20 22:58: **********Val Epoch 2416: average Loss: 0.008846
2026-04-20 22:58: Train Epoch 2417: 0/37 Loss: 0.008597
2026-04-20 22:58: Train Epoch 2417: 20/37 Loss: 0.006961
2026-04-20 22:58: **********Train Epoch 2417: averaged Loss: 0.007752
2026-04-20 22:58: **********Val Epoch 2417: average Loss: 0.017961
2026-04-20 22:58: Train Epoch 2418: 0/37 Loss: 0.003692
2026-04-20 22:58: Train Epoch 2418: 20/37 Loss: 0.011889
2026-04-20 22:58: **********Train Epoch 2418: averaged Loss: 0.005566
2026-04-20 22:58: **********Val Epoch 2418: average Loss: 0.005663
2026-04-20 22:58: Train Epoch 2419: 0/37 Loss: 0.033018
2026-04-20 22:58: Train Epoch 2419: 20/37 Loss: 0.006228
2026-04-20 22:58: **********Train Epoch 2419: averaged Loss: 0.010916
2026-04-20 22:58: **********Val Epoch 2419: average Loss: 0.009244
2026-04-20 22:58: Train Epoch 2420: 0/37 Loss: 0.010418
2026-04-20 22:58: Train Epoch 2420: 20/37 Loss: 0.004971
2026-04-20 22:58: **********Train Epoch 2420: averaged Loss: 0.005841
2026-04-20 22:58: **********Val Epoch 2420: average Loss: 0.007808
2026-04-20 22:58: Train Epoch 2421: 0/37 Loss: 0.005491
2026-04-20 22:58: Train Epoch 2421: 20/37 Loss: 0.011835
2026-04-20 22:58: **********Train Epoch 2421: averaged Loss: 0.005734
2026-04-20 22:58: **********Val Epoch 2421: average Loss: 0.004839
2026-04-20 22:58: Train Epoch 2422: 0/37 Loss: 0.002999
2026-04-20 22:58: Train Epoch 2422: 20/37 Loss: 0.004500
2026-04-20 22:58: **********Train Epoch 2422: averaged Loss: 0.006342
2026-04-20 22:58: **********Val Epoch 2422: average Loss: 0.004929
2026-04-20 22:58: Train Epoch 2423: 0/37 Loss: 0.031612
2026-04-20 22:58: Train Epoch 2423: 20/37 Loss: 0.004366
2026-04-20 22:58: **********Train Epoch 2423: averaged Loss: 0.011674
2026-04-20 22:58: **********Val Epoch 2423: average Loss: 0.014794
2026-04-20 22:58: Train Epoch 2424: 0/37 Loss: 0.039029
2026-04-20 22:58: Train Epoch 2424: 20/37 Loss: 0.005264
2026-04-20 22:58: **********Train Epoch 2424: averaged Loss: 0.012539
2026-04-20 22:58: **********Val Epoch 2424: average Loss: 0.011566
2026-04-20 22:58: Train Epoch 2425: 0/37 Loss: 0.004904
2026-04-20 22:58: Train Epoch 2425: 20/37 Loss: 0.004819
2026-04-20 22:58: **********Train Epoch 2425: averaged Loss: 0.007377
2026-04-20 22:58: **********Val Epoch 2425: average Loss: 0.024048
2026-04-20 22:58: Train Epoch 2426: 0/37 Loss: 0.021514
2026-04-20 22:58: Train Epoch 2426: 20/37 Loss: 0.013067
2026-04-20 22:58: **********Train Epoch 2426: averaged Loss: 0.009767
2026-04-20 22:58: **********Val Epoch 2426: average Loss: 0.006267
2026-04-20 22:58: Train Epoch 2427: 0/37 Loss: 0.029066
2026-04-20 22:58: Train Epoch 2427: 20/37 Loss: 0.005300
2026-04-20 22:58: **********Train Epoch 2427: averaged Loss: 0.009734
2026-04-20 22:58: **********Val Epoch 2427: average Loss: 0.006580
2026-04-20 22:58: Train Epoch 2428: 0/37 Loss: 0.026720
2026-04-20 22:58: Train Epoch 2428: 20/37 Loss: 0.006081
2026-04-20 22:58: **********Train Epoch 2428: averaged Loss: 0.008931
2026-04-20 22:58: **********Val Epoch 2428: average Loss: 0.011538
2026-04-20 22:58: Train Epoch 2429: 0/37 Loss: 0.001569
2026-04-20 22:58: Train Epoch 2429: 20/37 Loss: 0.004013
2026-04-20 22:58: **********Train Epoch 2429: averaged Loss: 0.005356
2026-04-20 22:58: **********Val Epoch 2429: average Loss: 0.006483
2026-04-20 22:58: Train Epoch 2430: 0/37 Loss: 0.006075
2026-04-20 22:58: Train Epoch 2430: 20/37 Loss: 0.004054
2026-04-20 22:58: **********Train Epoch 2430: averaged Loss: 0.007643
2026-04-20 22:58: **********Val Epoch 2430: average Loss: 0.034864
2026-04-20 22:58: Train Epoch 2431: 0/37 Loss: 0.001965
2026-04-20 22:58: Train Epoch 2431: 20/37 Loss: 0.021099
2026-04-20 22:58: **********Train Epoch 2431: averaged Loss: 0.011459
2026-04-20 22:58: **********Val Epoch 2431: average Loss: 0.035601
2026-04-20 22:58: Train Epoch 2432: 0/37 Loss: 0.032794
2026-04-20 22:58: Train Epoch 2432: 20/37 Loss: 0.016310
2026-04-20 22:58: **********Train Epoch 2432: averaged Loss: 0.013407
2026-04-20 22:58: **********Val Epoch 2432: average Loss: 0.005639
2026-04-20 22:58: Train Epoch 2433: 0/37 Loss: 0.042657
2026-04-20 22:58: Train Epoch 2433: 20/37 Loss: 0.008687
2026-04-20 22:58: **********Train Epoch 2433: averaged Loss: 0.014110
2026-04-20 22:58: **********Val Epoch 2433: average Loss: 0.005556
2026-04-20 22:58: Train Epoch 2434: 0/37 Loss: 0.004293
2026-04-20 22:58: Train Epoch 2434: 20/37 Loss: 0.004264
2026-04-20 22:58: **********Train Epoch 2434: averaged Loss: 0.006222
2026-04-20 22:58: **********Val Epoch 2434: average Loss: 0.014037
2026-04-20 22:58: Train Epoch 2435: 0/37 Loss: 0.016152
2026-04-20 22:58: Train Epoch 2435: 20/37 Loss: 0.005146
2026-04-20 22:58: **********Train Epoch 2435: averaged Loss: 0.006678
2026-04-20 22:58: **********Val Epoch 2435: average Loss: 0.007061
2026-04-20 22:58: Train Epoch 2436: 0/37 Loss: 0.022703
2026-04-20 22:58: Train Epoch 2436: 20/37 Loss: 0.010109
2026-04-20 22:58: **********Train Epoch 2436: averaged Loss: 0.008497
2026-04-20 22:58: **********Val Epoch 2436: average Loss: 0.009259
2026-04-20 22:58: Train Epoch 2437: 0/37 Loss: 0.014529
2026-04-20 22:58: Train Epoch 2437: 20/37 Loss: 0.004979
2026-04-20 22:58: **********Train Epoch 2437: averaged Loss: 0.007111
2026-04-20 22:58: **********Val Epoch 2437: average Loss: 0.024377
2026-04-20 22:58: Train Epoch 2438: 0/37 Loss: 0.007985
2026-04-20 22:58: Train Epoch 2438: 20/37 Loss: 0.013503
2026-04-20 22:58: **********Train Epoch 2438: averaged Loss: 0.008416
2026-04-20 22:58: **********Val Epoch 2438: average Loss: 0.029155
2026-04-20 22:58: Train Epoch 2439: 0/37 Loss: 0.006018
2026-04-20 22:58: Train Epoch 2439: 20/37 Loss: 0.012583
2026-04-20 22:58: **********Train Epoch 2439: averaged Loss: 0.007121
2026-04-20 22:58: **********Val Epoch 2439: average Loss: 0.009929
2026-04-20 22:58: Train Epoch 2440: 0/37 Loss: 0.013105
2026-04-20 22:58: Train Epoch 2440: 20/37 Loss: 0.008791
2026-04-20 22:58: **********Train Epoch 2440: averaged Loss: 0.005574
2026-04-20 22:58: **********Val Epoch 2440: average Loss: 0.010970
2026-04-20 22:58: Train Epoch 2441: 0/37 Loss: 0.008872
2026-04-20 22:58: Train Epoch 2441: 20/37 Loss: 0.004432
2026-04-20 22:58: **********Train Epoch 2441: averaged Loss: 0.007385
2026-04-20 22:58: **********Val Epoch 2441: average Loss: 0.008037
2026-04-20 22:58: Train Epoch 2442: 0/37 Loss: 0.003011
2026-04-20 22:58: Train Epoch 2442: 20/37 Loss: 0.005639
2026-04-20 22:58: **********Train Epoch 2442: averaged Loss: 0.004953
2026-04-20 22:58: **********Val Epoch 2442: average Loss: 0.007472
2026-04-20 22:58: Train Epoch 2443: 0/37 Loss: 0.027782
2026-04-20 22:58: Train Epoch 2443: 20/37 Loss: 0.006141
2026-04-20 22:58: **********Train Epoch 2443: averaged Loss: 0.009321
2026-04-20 22:58: **********Val Epoch 2443: average Loss: 0.007680
2026-04-20 22:58: Train Epoch 2444: 0/37 Loss: 0.001415
2026-04-20 22:58: Train Epoch 2444: 20/37 Loss: 0.013759
2026-04-20 22:58: **********Train Epoch 2444: averaged Loss: 0.007617
2026-04-20 22:58: **********Val Epoch 2444: average Loss: 0.005021
2026-04-20 22:58: Train Epoch 2445: 0/37 Loss: 0.040595
2026-04-20 22:59: Train Epoch 2445: 20/37 Loss: 0.011981
2026-04-20 22:59: **********Train Epoch 2445: averaged Loss: 0.012283
2026-04-20 22:59: **********Val Epoch 2445: average Loss: 0.010900
2026-04-20 22:59: Train Epoch 2446: 0/37 Loss: 0.006802
2026-04-20 22:59: Train Epoch 2446: 20/37 Loss: 0.004399
2026-04-20 22:59: **********Train Epoch 2446: averaged Loss: 0.006034
2026-04-20 22:59: **********Val Epoch 2446: average Loss: 0.008110
2026-04-20 22:59: Train Epoch 2447: 0/37 Loss: 0.002131
2026-04-20 22:59: Train Epoch 2447: 20/37 Loss: 0.009724
2026-04-20 22:59: **********Train Epoch 2447: averaged Loss: 0.008194
2026-04-20 22:59: **********Val Epoch 2447: average Loss: 0.010393
2026-04-20 22:59: Train Epoch 2448: 0/37 Loss: 0.027230
2026-04-20 22:59: Train Epoch 2448: 20/37 Loss: 0.004706
2026-04-20 22:59: **********Train Epoch 2448: averaged Loss: 0.008227
2026-04-20 22:59: **********Val Epoch 2448: average Loss: 0.006577
2026-04-20 22:59: Train Epoch 2449: 0/37 Loss: 0.034124
2026-04-20 22:59: Train Epoch 2449: 20/37 Loss: 0.009316
2026-04-20 22:59: **********Train Epoch 2449: averaged Loss: 0.010262
2026-04-20 22:59: **********Val Epoch 2449: average Loss: 0.006685
2026-04-20 22:59: Train Epoch 2450: 0/37 Loss: 0.002271
2026-04-20 22:59: Train Epoch 2450: 20/37 Loss: 0.004247
2026-04-20 22:59: **********Train Epoch 2450: averaged Loss: 0.005273
2026-04-20 22:59: **********Val Epoch 2450: average Loss: 0.006949
2026-04-20 22:59: Train Epoch 2451: 0/37 Loss: 0.010329
2026-04-20 22:59: Train Epoch 2451: 20/37 Loss: 0.004196
2026-04-20 22:59: **********Train Epoch 2451: averaged Loss: 0.006736
2026-04-20 22:59: **********Val Epoch 2451: average Loss: 0.005120
2026-04-20 22:59: Train Epoch 2452: 0/37 Loss: 0.020707
2026-04-20 22:59: Train Epoch 2452: 20/37 Loss: 0.004798
2026-04-20 22:59: **********Train Epoch 2452: averaged Loss: 0.008584
2026-04-20 22:59: **********Val Epoch 2452: average Loss: 0.011410
2026-04-20 22:59: Train Epoch 2453: 0/37 Loss: 0.005736
2026-04-20 22:59: Train Epoch 2453: 20/37 Loss: 0.005423
2026-04-20 22:59: **********Train Epoch 2453: averaged Loss: 0.005770
2026-04-20 22:59: **********Val Epoch 2453: average Loss: 0.010708
2026-04-20 22:59: Train Epoch 2454: 0/37 Loss: 0.033773
2026-04-20 22:59: Train Epoch 2454: 20/37 Loss: 0.010568
2026-04-20 22:59: **********Train Epoch 2454: averaged Loss: 0.013070
2026-04-20 22:59: **********Val Epoch 2454: average Loss: 0.006615
2026-04-20 22:59: Train Epoch 2455: 0/37 Loss: 0.002941
2026-04-20 22:59: Train Epoch 2455: 20/37 Loss: 0.004178
2026-04-20 22:59: **********Train Epoch 2455: averaged Loss: 0.008112
2026-04-20 22:59: **********Val Epoch 2455: average Loss: 0.006701
2026-04-20 22:59: Train Epoch 2456: 0/37 Loss: 0.022154
2026-04-20 22:59: Train Epoch 2456: 20/37 Loss: 0.009327
2026-04-20 22:59: **********Train Epoch 2456: averaged Loss: 0.009813
2026-04-20 22:59: **********Val Epoch 2456: average Loss: 0.010061
2026-04-20 22:59: Train Epoch 2457: 0/37 Loss: 0.021077
2026-04-20 22:59: Train Epoch 2457: 20/37 Loss: 0.006063
2026-04-20 22:59: **********Train Epoch 2457: averaged Loss: 0.008784
2026-04-20 22:59: **********Val Epoch 2457: average Loss: 0.009490
2026-04-20 22:59: Train Epoch 2458: 0/37 Loss: 0.003040
2026-04-20 22:59: Train Epoch 2458: 20/37 Loss: 0.004235
2026-04-20 22:59: **********Train Epoch 2458: averaged Loss: 0.005658
2026-04-20 22:59: **********Val Epoch 2458: average Loss: 0.006358
2026-04-20 22:59: Train Epoch 2459: 0/37 Loss: 0.001877
2026-04-20 22:59: Train Epoch 2459: 20/37 Loss: 0.004111
2026-04-20 22:59: **********Train Epoch 2459: averaged Loss: 0.005604
2026-04-20 22:59: **********Val Epoch 2459: average Loss: 0.008370
2026-04-20 22:59: Train Epoch 2460: 0/37 Loss: 0.008359
2026-04-20 22:59: Train Epoch 2460: 20/37 Loss: 0.007010
2026-04-20 22:59: **********Train Epoch 2460: averaged Loss: 0.007005
2026-04-20 22:59: **********Val Epoch 2460: average Loss: 0.008987
2026-04-20 22:59: Train Epoch 2461: 0/37 Loss: 0.002363
2026-04-20 22:59: Train Epoch 2461: 20/37 Loss: 0.004190
2026-04-20 22:59: **********Train Epoch 2461: averaged Loss: 0.006147
2026-04-20 22:59: **********Val Epoch 2461: average Loss: 0.009589
2026-04-20 22:59: Train Epoch 2462: 0/37 Loss: 0.015306
2026-04-20 22:59: Train Epoch 2462: 20/37 Loss: 0.007773
2026-04-20 22:59: **********Train Epoch 2462: averaged Loss: 0.006919
2026-04-20 22:59: **********Val Epoch 2462: average Loss: 0.007140
2026-04-20 22:59: Train Epoch 2463: 0/37 Loss: 0.005086
2026-04-20 22:59: Train Epoch 2463: 20/37 Loss: 0.004611
2026-04-20 22:59: **********Train Epoch 2463: averaged Loss: 0.005585
2026-04-20 22:59: **********Val Epoch 2463: average Loss: 0.004665
2026-04-20 22:59: Train Epoch 2464: 0/37 Loss: 0.019064
2026-04-20 22:59: Train Epoch 2464: 20/37 Loss: 0.004564
2026-04-20 22:59: **********Train Epoch 2464: averaged Loss: 0.007371
2026-04-20 22:59: **********Val Epoch 2464: average Loss: 0.006970
2026-04-20 22:59: Train Epoch 2465: 0/37 Loss: 0.025643
2026-04-20 22:59: Train Epoch 2465: 20/37 Loss: 0.006423
2026-04-20 22:59: **********Train Epoch 2465: averaged Loss: 0.009187
2026-04-20 22:59: **********Val Epoch 2465: average Loss: 0.007452
2026-04-20 22:59: Train Epoch 2466: 0/37 Loss: 0.031830
2026-04-20 22:59: Train Epoch 2466: 20/37 Loss: 0.011331
2026-04-20 22:59: **********Train Epoch 2466: averaged Loss: 0.010982
2026-04-20 22:59: **********Val Epoch 2466: average Loss: 0.011869
2026-04-20 22:59: Train Epoch 2467: 0/37 Loss: 0.012442
2026-04-20 22:59: Train Epoch 2467: 20/37 Loss: 0.005343
2026-04-20 22:59: **********Train Epoch 2467: averaged Loss: 0.006501
2026-04-20 22:59: **********Val Epoch 2467: average Loss: 0.007442
2026-04-20 22:59: Train Epoch 2468: 0/37 Loss: 0.012712
2026-04-20 22:59: Train Epoch 2468: 20/37 Loss: 0.005661
2026-04-20 22:59: **********Train Epoch 2468: averaged Loss: 0.005958
2026-04-20 22:59: **********Val Epoch 2468: average Loss: 0.005912
2026-04-20 22:59: Train Epoch 2469: 0/37 Loss: 0.005166
2026-04-20 22:59: Train Epoch 2469: 20/37 Loss: 0.007242
2026-04-20 22:59: **********Train Epoch 2469: averaged Loss: 0.006975
2026-04-20 22:59: **********Val Epoch 2469: average Loss: 0.009203
2026-04-20 22:59: Train Epoch 2470: 0/37 Loss: 0.024197
2026-04-20 22:59: Train Epoch 2470: 20/37 Loss: 0.008019
2026-04-20 22:59: **********Train Epoch 2470: averaged Loss: 0.009448
2026-04-20 22:59: **********Val Epoch 2470: average Loss: 0.015912
2026-04-20 22:59: Train Epoch 2471: 0/37 Loss: 0.024943
2026-04-20 22:59: Train Epoch 2471: 20/37 Loss: 0.008711
2026-04-20 22:59: **********Train Epoch 2471: averaged Loss: 0.008212
2026-04-20 22:59: **********Val Epoch 2471: average Loss: 0.004986
2026-04-20 22:59: Train Epoch 2472: 0/37 Loss: 0.027215
2026-04-20 22:59: Train Epoch 2472: 20/37 Loss: 0.007839
2026-04-20 22:59: **********Train Epoch 2472: averaged Loss: 0.008595
2026-04-20 22:59: **********Val Epoch 2472: average Loss: 0.005334
2026-04-20 22:59: Train Epoch 2473: 0/37 Loss: 0.013687
2026-04-20 22:59: Train Epoch 2473: 20/37 Loss: 0.004317
2026-04-20 23:00: **********Train Epoch 2473: averaged Loss: 0.008823
2026-04-20 23:00: **********Val Epoch 2473: average Loss: 0.035641
2026-04-20 23:00: Train Epoch 2474: 0/37 Loss: 0.001964
2026-04-20 23:00: Train Epoch 2474: 20/37 Loss: 0.008755
2026-04-20 23:00: **********Train Epoch 2474: averaged Loss: 0.008116
2026-04-20 23:00: **********Val Epoch 2474: average Loss: 0.004922
2026-04-20 23:00: Train Epoch 2475: 0/37 Loss: 0.048876
2026-04-20 23:00: Train Epoch 2475: 20/37 Loss: 0.010283
2026-04-20 23:00: **********Train Epoch 2475: averaged Loss: 0.016807
2026-04-20 23:00: **********Val Epoch 2475: average Loss: 0.020199
2026-04-20 23:00: Train Epoch 2476: 0/37 Loss: 0.020795
2026-04-20 23:00: Train Epoch 2476: 20/37 Loss: 0.004381
2026-04-20 23:00: **********Train Epoch 2476: averaged Loss: 0.007595
2026-04-20 23:00: **********Val Epoch 2476: average Loss: 0.019334
2026-04-20 23:00: Train Epoch 2477: 0/37 Loss: 0.020539
2026-04-20 23:00: Train Epoch 2477: 20/37 Loss: 0.004105
2026-04-20 23:00: **********Train Epoch 2477: averaged Loss: 0.006569
2026-04-20 23:00: **********Val Epoch 2477: average Loss: 0.011591
2026-04-20 23:00: Train Epoch 2478: 0/37 Loss: 0.007259
2026-04-20 23:00: Train Epoch 2478: 20/37 Loss: 0.004277
2026-04-20 23:00: **********Train Epoch 2478: averaged Loss: 0.004327
2026-04-20 23:00: **********Val Epoch 2478: average Loss: 0.006299
2026-04-20 23:00: Train Epoch 2479: 0/37 Loss: 0.002200
2026-04-20 23:00: Train Epoch 2479: 20/37 Loss: 0.007664
2026-04-20 23:00: **********Train Epoch 2479: averaged Loss: 0.004505
2026-04-20 23:00: **********Val Epoch 2479: average Loss: 0.005695
2026-04-20 23:00: Train Epoch 2480: 0/37 Loss: 0.012889
2026-04-20 23:00: Train Epoch 2480: 20/37 Loss: 0.004374
2026-04-20 23:00: **********Train Epoch 2480: averaged Loss: 0.006172
2026-04-20 23:00: **********Val Epoch 2480: average Loss: 0.019590
2026-04-20 23:00: Train Epoch 2481: 0/37 Loss: 0.024040
2026-04-20 23:00: Train Epoch 2481: 20/37 Loss: 0.008527
2026-04-20 23:00: **********Train Epoch 2481: averaged Loss: 0.008768
2026-04-20 23:00: **********Val Epoch 2481: average Loss: 0.005361
2026-04-20 23:00: Train Epoch 2482: 0/37 Loss: 0.011828
2026-04-20 23:00: Train Epoch 2482: 20/37 Loss: 0.004516
2026-04-20 23:00: **********Train Epoch 2482: averaged Loss: 0.005785
2026-04-20 23:00: **********Val Epoch 2482: average Loss: 0.004103
2026-04-20 23:00: Train Epoch 2483: 0/37 Loss: 0.011685
2026-04-20 23:00: Train Epoch 2483: 20/37 Loss: 0.005555
2026-04-20 23:00: **********Train Epoch 2483: averaged Loss: 0.007783
2026-04-20 23:00: **********Val Epoch 2483: average Loss: 0.037747
2026-04-20 23:00: Train Epoch 2484: 0/37 Loss: 0.019549
2026-04-20 23:00: Train Epoch 2484: 20/37 Loss: 0.022501
2026-04-20 23:00: **********Train Epoch 2484: averaged Loss: 0.011301
2026-04-20 23:00: **********Val Epoch 2484: average Loss: 0.022854
2026-04-20 23:00: Train Epoch 2485: 0/37 Loss: 0.031607
2026-04-20 23:00: Train Epoch 2485: 20/37 Loss: 0.004268
2026-04-20 23:00: **********Train Epoch 2485: averaged Loss: 0.011057
2026-04-20 23:00: **********Val Epoch 2485: average Loss: 0.006930
2026-04-20 23:00: Train Epoch 2486: 0/37 Loss: 0.026619
2026-04-20 23:00: Train Epoch 2486: 20/37 Loss: 0.004812
2026-04-20 23:00: **********Train Epoch 2486: averaged Loss: 0.011415
2026-04-20 23:00: **********Val Epoch 2486: average Loss: 0.008765
2026-04-20 23:00: Train Epoch 2487: 0/37 Loss: 0.001683
2026-04-20 23:00: Train Epoch 2487: 20/37 Loss: 0.005869
2026-04-20 23:00: **********Train Epoch 2487: averaged Loss: 0.007896
2026-04-20 23:00: **********Val Epoch 2487: average Loss: 0.005472
2026-04-20 23:00: Train Epoch 2488: 0/37 Loss: 0.027745
2026-04-20 23:00: Train Epoch 2488: 20/37 Loss: 0.010531
2026-04-20 23:00: **********Train Epoch 2488: averaged Loss: 0.009866
2026-04-20 23:00: **********Val Epoch 2488: average Loss: 0.008236
2026-04-20 23:00: Train Epoch 2489: 0/37 Loss: 0.009904
2026-04-20 23:00: Train Epoch 2489: 20/37 Loss: 0.019098
2026-04-20 23:00: **********Train Epoch 2489: averaged Loss: 0.011787
2026-04-20 23:00: **********Val Epoch 2489: average Loss: 0.013666
2026-04-20 23:00: Train Epoch 2490: 0/37 Loss: 0.059818
2026-04-20 23:00: Train Epoch 2490: 20/37 Loss: 0.006903
2026-04-20 23:00: **********Train Epoch 2490: averaged Loss: 0.015844
2026-04-20 23:00: **********Val Epoch 2490: average Loss: 0.006858
2026-04-20 23:00: Train Epoch 2491: 0/37 Loss: 0.026558
2026-04-20 23:00: Train Epoch 2491: 20/37 Loss: 0.005153
2026-04-20 23:00: **********Train Epoch 2491: averaged Loss: 0.007319
2026-04-20 23:00: **********Val Epoch 2491: average Loss: 0.005003
2026-04-20 23:00: Train Epoch 2492: 0/37 Loss: 0.022651
2026-04-20 23:00: Train Epoch 2492: 20/37 Loss: 0.007558
2026-04-20 23:00: **********Train Epoch 2492: averaged Loss: 0.007664
2026-04-20 23:00: **********Val Epoch 2492: average Loss: 0.005797
2026-04-20 23:00: Train Epoch 2493: 0/37 Loss: 0.008098
2026-04-20 23:00: Train Epoch 2493: 20/37 Loss: 0.004198
2026-04-20 23:00: **********Train Epoch 2493: averaged Loss: 0.007112
2026-04-20 23:00: **********Val Epoch 2493: average Loss: 0.024643
2026-04-20 23:00: Train Epoch 2494: 0/37 Loss: 0.003465
2026-04-20 23:00: Train Epoch 2494: 20/37 Loss: 0.004099
2026-04-20 23:00: **********Train Epoch 2494: averaged Loss: 0.003832
2026-04-20 23:00: **********Val Epoch 2494: average Loss: 0.008404
2026-04-20 23:00: Train Epoch 2495: 0/37 Loss: 0.002420
2026-04-20 23:00: Train Epoch 2495: 20/37 Loss: 0.004370
2026-04-20 23:00: **********Train Epoch 2495: averaged Loss: 0.004110
2026-04-20 23:00: **********Val Epoch 2495: average Loss: 0.004389
2026-04-20 23:00: Train Epoch 2496: 0/37 Loss: 0.002479
2026-04-20 23:00: Train Epoch 2496: 20/37 Loss: 0.007342
2026-04-20 23:00: **********Train Epoch 2496: averaged Loss: 0.005441
2026-04-20 23:00: **********Val Epoch 2496: average Loss: 0.005822
2026-04-20 23:00: Train Epoch 2497: 0/37 Loss: 0.012157
2026-04-20 23:00: Train Epoch 2497: 20/37 Loss: 0.004633
2026-04-20 23:00: **********Train Epoch 2497: averaged Loss: 0.005818
2026-04-20 23:00: **********Val Epoch 2497: average Loss: 0.010837
2026-04-20 23:00: Train Epoch 2498: 0/37 Loss: 0.005417
2026-04-20 23:00: Train Epoch 2498: 20/37 Loss: 0.004132
2026-04-20 23:00: **********Train Epoch 2498: averaged Loss: 0.005562
2026-04-20 23:00: **********Val Epoch 2498: average Loss: 0.004897
2026-04-20 23:00: Train Epoch 2499: 0/37 Loss: 0.003240
2026-04-20 23:00: Train Epoch 2499: 20/37 Loss: 0.004399
2026-04-20 23:00: **********Train Epoch 2499: averaged Loss: 0.006334
2026-04-20 23:00: **********Val Epoch 2499: average Loss: 0.007024
2026-04-20 23:00: Train Epoch 2500: 0/37 Loss: 0.004768
2026-04-20 23:00: Train Epoch 2500: 20/37 Loss: 0.007920
2026-04-20 23:00: **********Train Epoch 2500: averaged Loss: 0.007004
2026-04-20 23:00: **********Val Epoch 2500: average Loss: 0.009632
2026-04-20 23:00: Train Epoch 2501: 0/37 Loss: 0.003280
2026-04-20 23:00: Train Epoch 2501: 20/37 Loss: 0.005189
2026-04-20 23:00: **********Train Epoch 2501: averaged Loss: 0.007998
2026-04-20 23:00: **********Val Epoch 2501: average Loss: 0.009193
2026-04-20 23:00: Train Epoch 2502: 0/37 Loss: 0.011320
2026-04-20 23:01: Train Epoch 2502: 20/37 Loss: 0.035632
2026-04-20 23:01: **********Train Epoch 2502: averaged Loss: 0.016531
2026-04-20 23:01: **********Val Epoch 2502: average Loss: 0.007185
2026-04-20 23:01: Train Epoch 2503: 0/37 Loss: 0.044578
2026-04-20 23:01: Train Epoch 2503: 20/37 Loss: 0.010955
2026-04-20 23:01: **********Train Epoch 2503: averaged Loss: 0.014623
2026-04-20 23:01: **********Val Epoch 2503: average Loss: 0.012136
2026-04-20 23:01: Train Epoch 2504: 0/37 Loss: 0.036378
2026-04-20 23:01: Train Epoch 2504: 20/37 Loss: 0.006040
2026-04-20 23:01: **********Train Epoch 2504: averaged Loss: 0.014409
2026-04-20 23:01: **********Val Epoch 2504: average Loss: 0.018641
2026-04-20 23:01: Train Epoch 2505: 0/37 Loss: 0.002916
2026-04-20 23:01: Train Epoch 2505: 20/37 Loss: 0.004278
2026-04-20 23:01: **********Train Epoch 2505: averaged Loss: 0.006267
2026-04-20 23:01: **********Val Epoch 2505: average Loss: 0.006383
2026-04-20 23:01: Train Epoch 2506: 0/37 Loss: 0.033264
2026-04-20 23:01: Train Epoch 2506: 20/37 Loss: 0.005984
2026-04-20 23:01: **********Train Epoch 2506: averaged Loss: 0.011365
2026-04-20 23:01: **********Val Epoch 2506: average Loss: 0.013174
2026-04-20 23:01: Train Epoch 2507: 0/37 Loss: 0.040526
2026-04-20 23:01: Train Epoch 2507: 20/37 Loss: 0.005675
2026-04-20 23:01: **********Train Epoch 2507: averaged Loss: 0.011463
2026-04-20 23:01: **********Val Epoch 2507: average Loss: 0.005260
2026-04-20 23:01: Train Epoch 2508: 0/37 Loss: 0.019140
2026-04-20 23:01: Train Epoch 2508: 20/37 Loss: 0.005606
2026-04-20 23:01: **********Train Epoch 2508: averaged Loss: 0.007932
2026-04-20 23:01: **********Val Epoch 2508: average Loss: 0.012490
2026-04-20 23:01: Train Epoch 2509: 0/37 Loss: 0.006934
2026-04-20 23:01: Train Epoch 2509: 20/37 Loss: 0.004405
2026-04-20 23:01: **********Train Epoch 2509: averaged Loss: 0.006596
2026-04-20 23:01: **********Val Epoch 2509: average Loss: 0.014983
2026-04-20 23:01: Train Epoch 2510: 0/37 Loss: 0.007572
2026-04-20 23:01: Train Epoch 2510: 20/37 Loss: 0.004319
2026-04-20 23:01: **********Train Epoch 2510: averaged Loss: 0.005352
2026-04-20 23:01: **********Val Epoch 2510: average Loss: 0.004504
2026-04-20 23:01: Train Epoch 2511: 0/37 Loss: 0.014433
2026-04-20 23:01: Train Epoch 2511: 20/37 Loss: 0.004165
2026-04-20 23:01: **********Train Epoch 2511: averaged Loss: 0.007869
2026-04-20 23:01: **********Val Epoch 2511: average Loss: 0.017416
2026-04-20 23:01: Train Epoch 2512: 0/37 Loss: 0.011095
2026-04-20 23:01: Train Epoch 2512: 20/37 Loss: 0.004254
2026-04-20 23:01: **********Train Epoch 2512: averaged Loss: 0.006226
2026-04-20 23:01: **********Val Epoch 2512: average Loss: 0.007014
2026-04-20 23:01: Train Epoch 2513: 0/37 Loss: 0.023578
2026-04-20 23:01: Train Epoch 2513: 20/37 Loss: 0.006417
2026-04-20 23:01: **********Train Epoch 2513: averaged Loss: 0.008500
2026-04-20 23:01: **********Val Epoch 2513: average Loss: 0.011388
2026-04-20 23:01: Train Epoch 2514: 0/37 Loss: 0.014391
2026-04-20 23:01: Train Epoch 2514: 20/37 Loss: 0.004310
2026-04-20 23:01: **********Train Epoch 2514: averaged Loss: 0.005822
2026-04-20 23:01: **********Val Epoch 2514: average Loss: 0.007331
2026-04-20 23:01: Train Epoch 2515: 0/37 Loss: 0.006739
2026-04-20 23:01: Train Epoch 2515: 20/37 Loss: 0.006145
2026-04-20 23:01: **********Train Epoch 2515: averaged Loss: 0.005033
2026-04-20 23:01: **********Val Epoch 2515: average Loss: 0.004868
2026-04-20 23:01: Train Epoch 2516: 0/37 Loss: 0.011400
2026-04-20 23:01: Train Epoch 2516: 20/37 Loss: 0.005002
2026-04-20 23:01: **********Train Epoch 2516: averaged Loss: 0.004957
2026-04-20 23:01: **********Val Epoch 2516: average Loss: 0.004927
2026-04-20 23:01: Train Epoch 2517: 0/37 Loss: 0.002893
2026-04-20 23:01: Train Epoch 2517: 20/37 Loss: 0.006429
2026-04-20 23:01: **********Train Epoch 2517: averaged Loss: 0.005317
2026-04-20 23:01: **********Val Epoch 2517: average Loss: 0.010070
2026-04-20 23:01: Train Epoch 2518: 0/37 Loss: 0.012520
2026-04-20 23:01: Train Epoch 2518: 20/37 Loss: 0.004399
2026-04-20 23:01: **********Train Epoch 2518: averaged Loss: 0.007016
2026-04-20 23:01: **********Val Epoch 2518: average Loss: 0.009306
2026-04-20 23:01: Train Epoch 2519: 0/37 Loss: 0.001366
2026-04-20 23:01: Train Epoch 2519: 20/37 Loss: 0.005890
2026-04-20 23:01: **********Train Epoch 2519: averaged Loss: 0.005097
2026-04-20 23:01: **********Val Epoch 2519: average Loss: 0.005853
2026-04-20 23:01: Train Epoch 2520: 0/37 Loss: 0.002417
2026-04-20 23:01: Train Epoch 2520: 20/37 Loss: 0.005532
2026-04-20 23:01: **********Train Epoch 2520: averaged Loss: 0.004511
2026-04-20 23:01: **********Val Epoch 2520: average Loss: 0.006964
2026-04-20 23:01: Train Epoch 2521: 0/37 Loss: 0.002606
2026-04-20 23:01: Train Epoch 2521: 20/37 Loss: 0.004211
2026-04-20 23:01: **********Train Epoch 2521: averaged Loss: 0.007151
2026-04-20 23:01: **********Val Epoch 2521: average Loss: 0.012873
2026-04-20 23:01: Train Epoch 2522: 0/37 Loss: 0.007403
2026-04-20 23:01: Train Epoch 2522: 20/37 Loss: 0.010287
2026-04-20 23:01: **********Train Epoch 2522: averaged Loss: 0.007858
2026-04-20 23:01: **********Val Epoch 2522: average Loss: 0.005204
2026-04-20 23:01: Train Epoch 2523: 0/37 Loss: 0.033590
2026-04-20 23:01: Train Epoch 2523: 20/37 Loss: 0.016797
2026-04-20 23:01: **********Train Epoch 2523: averaged Loss: 0.010753
2026-04-20 23:01: **********Val Epoch 2523: average Loss: 0.008339
2026-04-20 23:01: Train Epoch 2524: 0/37 Loss: 0.007650
2026-04-20 23:01: Train Epoch 2524: 20/37 Loss: 0.004799
2026-04-20 23:01: **********Train Epoch 2524: averaged Loss: 0.007759
2026-04-20 23:01: **********Val Epoch 2524: average Loss: 0.008722
2026-04-20 23:01: Train Epoch 2525: 0/37 Loss: 0.004663
2026-04-20 23:01: Train Epoch 2525: 20/37 Loss: 0.004125
2026-04-20 23:01: **********Train Epoch 2525: averaged Loss: 0.006669
2026-04-20 23:01: **********Val Epoch 2525: average Loss: 0.005655
2026-04-20 23:01: Train Epoch 2526: 0/37 Loss: 0.029888
2026-04-20 23:01: Train Epoch 2526: 20/37 Loss: 0.005060
2026-04-20 23:01: **********Train Epoch 2526: averaged Loss: 0.008921
2026-04-20 23:01: **********Val Epoch 2526: average Loss: 0.008363
2026-04-20 23:01: Train Epoch 2527: 0/37 Loss: 0.016572
2026-04-20 23:01: Train Epoch 2527: 20/37 Loss: 0.004064
2026-04-20 23:01: **********Train Epoch 2527: averaged Loss: 0.005700
2026-04-20 23:01: **********Val Epoch 2527: average Loss: 0.005448
2026-04-20 23:01: Train Epoch 2528: 0/37 Loss: 0.015025
2026-04-20 23:01: Train Epoch 2528: 20/37 Loss: 0.003985
2026-04-20 23:01: **********Train Epoch 2528: averaged Loss: 0.005481
2026-04-20 23:01: **********Val Epoch 2528: average Loss: 0.004454
2026-04-20 23:01: Train Epoch 2529: 0/37 Loss: 0.005211
2026-04-20 23:01: Train Epoch 2529: 20/37 Loss: 0.004257
2026-04-20 23:01: **********Train Epoch 2529: averaged Loss: 0.004293
2026-04-20 23:01: **********Val Epoch 2529: average Loss: 0.003878
2026-04-20 23:01: Train Epoch 2530: 0/37 Loss: 0.025192
2026-04-20 23:01: Train Epoch 2530: 20/37 Loss: 0.004850
2026-04-20 23:02: **********Train Epoch 2530: averaged Loss: 0.011511
2026-04-20 23:02: **********Val Epoch 2530: average Loss: 0.036532
2026-04-20 23:02: Train Epoch 2531: 0/37 Loss: 0.013997
2026-04-20 23:02: Train Epoch 2531: 20/37 Loss: 0.013320
2026-04-20 23:02: **********Train Epoch 2531: averaged Loss: 0.009573
2026-04-20 23:02: **********Val Epoch 2531: average Loss: 0.005247
2026-04-20 23:02: Train Epoch 2532: 0/37 Loss: 0.053782
2026-04-20 23:02: Train Epoch 2532: 20/37 Loss: 0.007150
2026-04-20 23:02: **********Train Epoch 2532: averaged Loss: 0.014280
2026-04-20 23:02: **********Val Epoch 2532: average Loss: 0.005383
2026-04-20 23:02: Train Epoch 2533: 0/37 Loss: 0.024622
2026-04-20 23:02: Train Epoch 2533: 20/37 Loss: 0.004778
2026-04-20 23:02: **********Train Epoch 2533: averaged Loss: 0.007752
2026-04-20 23:02: **********Val Epoch 2533: average Loss: 0.010194
2026-04-20 23:02: Train Epoch 2534: 0/37 Loss: 0.013032
2026-04-20 23:02: Train Epoch 2534: 20/37 Loss: 0.006406
2026-04-20 23:02: **********Train Epoch 2534: averaged Loss: 0.006659
2026-04-20 23:02: **********Val Epoch 2534: average Loss: 0.014388
2026-04-20 23:02: Train Epoch 2535: 0/37 Loss: 0.026862
2026-04-20 23:02: Train Epoch 2535: 20/37 Loss: 0.005300
2026-04-20 23:02: **********Train Epoch 2535: averaged Loss: 0.008011
2026-04-20 23:02: **********Val Epoch 2535: average Loss: 0.004844
2026-04-20 23:02: Train Epoch 2536: 0/37 Loss: 0.008751
2026-04-20 23:02: Train Epoch 2536: 20/37 Loss: 0.009085
2026-04-20 23:02: **********Train Epoch 2536: averaged Loss: 0.005902
2026-04-20 23:02: **********Val Epoch 2536: average Loss: 0.005295
2026-04-20 23:02: Train Epoch 2537: 0/37 Loss: 0.020682
2026-04-20 23:02: Train Epoch 2537: 20/37 Loss: 0.004191
2026-04-20 23:02: **********Train Epoch 2537: averaged Loss: 0.007053
2026-04-20 23:02: **********Val Epoch 2537: average Loss: 0.012972
2026-04-20 23:02: Train Epoch 2538: 0/37 Loss: 0.003470
2026-04-20 23:02: Train Epoch 2538: 20/37 Loss: 0.006662
2026-04-20 23:02: **********Train Epoch 2538: averaged Loss: 0.005611
2026-04-20 23:02: **********Val Epoch 2538: average Loss: 0.017412
2026-04-20 23:02: Train Epoch 2539: 0/37 Loss: 0.013294
2026-04-20 23:02: Train Epoch 2539: 20/37 Loss: 0.007699
2026-04-20 23:02: **********Train Epoch 2539: averaged Loss: 0.007068
2026-04-20 23:02: **********Val Epoch 2539: average Loss: 0.005363
2026-04-20 23:02: Train Epoch 2540: 0/37 Loss: 0.004830
2026-04-20 23:02: Train Epoch 2540: 20/37 Loss: 0.004602
2026-04-20 23:02: **********Train Epoch 2540: averaged Loss: 0.005956
2026-04-20 23:02: **********Val Epoch 2540: average Loss: 0.014850
2026-04-20 23:02: Train Epoch 2541: 0/37 Loss: 0.004709
2026-04-20 23:02: Train Epoch 2541: 20/37 Loss: 0.004071
2026-04-20 23:02: **********Train Epoch 2541: averaged Loss: 0.004618
2026-04-20 23:02: **********Val Epoch 2541: average Loss: 0.006997
2026-04-20 23:02: Train Epoch 2542: 0/37 Loss: 0.014942
2026-04-20 23:02: Train Epoch 2542: 20/37 Loss: 0.004020
2026-04-20 23:02: **********Train Epoch 2542: averaged Loss: 0.005950
2026-04-20 23:02: **********Val Epoch 2542: average Loss: 0.005780
2026-04-20 23:02: Train Epoch 2543: 0/37 Loss: 0.002299
2026-04-20 23:02: Train Epoch 2543: 20/37 Loss: 0.007533
2026-04-20 23:02: **********Train Epoch 2543: averaged Loss: 0.006118
2026-04-20 23:02: **********Val Epoch 2543: average Loss: 0.005233
2026-04-20 23:02: Train Epoch 2544: 0/37 Loss: 0.015979
2026-04-20 23:02: Train Epoch 2544: 20/37 Loss: 0.004068
2026-04-20 23:02: **********Train Epoch 2544: averaged Loss: 0.007289
2026-04-20 23:02: **********Val Epoch 2544: average Loss: 0.022185
2026-04-20 23:02: Train Epoch 2545: 0/37 Loss: 0.002162
2026-04-20 23:02: Train Epoch 2545: 20/37 Loss: 0.004803
2026-04-20 23:02: **********Train Epoch 2545: averaged Loss: 0.004993
2026-04-20 23:02: **********Val Epoch 2545: average Loss: 0.004158
2026-04-20 23:02: Train Epoch 2546: 0/37 Loss: 0.010741
2026-04-20 23:02: Train Epoch 2546: 20/37 Loss: 0.005493
2026-04-20 23:02: **********Train Epoch 2546: averaged Loss: 0.006801
2026-04-20 23:02: **********Val Epoch 2546: average Loss: 0.005376
2026-04-20 23:02: Train Epoch 2547: 0/37 Loss: 0.031278
2026-04-20 23:02: Train Epoch 2547: 20/37 Loss: 0.004654
2026-04-20 23:02: **********Train Epoch 2547: averaged Loss: 0.008735
2026-04-20 23:02: **********Val Epoch 2547: average Loss: 0.004347
2026-04-20 23:02: Train Epoch 2548: 0/37 Loss: 0.027831
2026-04-20 23:02: Train Epoch 2548: 20/37 Loss: 0.004314
2026-04-20 23:02: **********Train Epoch 2548: averaged Loss: 0.009550
2026-04-20 23:02: **********Val Epoch 2548: average Loss: 0.005646
2026-04-20 23:02: Train Epoch 2549: 0/37 Loss: 0.022503
2026-04-20 23:02: Train Epoch 2549: 20/37 Loss: 0.004783
2026-04-20 23:02: **********Train Epoch 2549: averaged Loss: 0.007849
2026-04-20 23:02: **********Val Epoch 2549: average Loss: 0.007117
2026-04-20 23:02: Train Epoch 2550: 0/37 Loss: 0.007790
2026-04-20 23:02: Train Epoch 2550: 20/37 Loss: 0.004158
2026-04-20 23:02: **********Train Epoch 2550: averaged Loss: 0.006247
2026-04-20 23:02: **********Val Epoch 2550: average Loss: 0.006755
2026-04-20 23:02: Train Epoch 2551: 0/37 Loss: 0.005779
2026-04-20 23:02: Train Epoch 2551: 20/37 Loss: 0.008829
2026-04-20 23:02: **********Train Epoch 2551: averaged Loss: 0.007768
2026-04-20 23:02: **********Val Epoch 2551: average Loss: 0.005011
2026-04-20 23:02: Train Epoch 2552: 0/37 Loss: 0.023325
2026-04-20 23:02: Train Epoch 2552: 20/37 Loss: 0.006965
2026-04-20 23:02: **********Train Epoch 2552: averaged Loss: 0.010634
2026-04-20 23:02: **********Val Epoch 2552: average Loss: 0.009019
2026-04-20 23:02: Train Epoch 2553: 0/37 Loss: 0.009595
2026-04-20 23:02: Train Epoch 2553: 20/37 Loss: 0.027764
2026-04-20 23:02: **********Train Epoch 2553: averaged Loss: 0.013744
2026-04-20 23:02: **********Val Epoch 2553: average Loss: 0.016132
2026-04-20 23:02: Train Epoch 2554: 0/37 Loss: 0.041524
2026-04-20 23:02: Train Epoch 2554: 20/37 Loss: 0.008015
2026-04-20 23:02: **********Train Epoch 2554: averaged Loss: 0.013053
2026-04-20 23:02: **********Val Epoch 2554: average Loss: 0.005713
2026-04-20 23:02: Train Epoch 2555: 0/37 Loss: 0.036688
2026-04-20 23:02: Train Epoch 2555: 20/37 Loss: 0.007790
2026-04-20 23:02: **********Train Epoch 2555: averaged Loss: 0.014355
2026-04-20 23:02: **********Val Epoch 2555: average Loss: 0.021502
2026-04-20 23:02: Train Epoch 2556: 0/37 Loss: 0.025862
2026-04-20 23:02: Train Epoch 2556: 20/37 Loss: 0.009044
2026-04-20 23:02: **********Train Epoch 2556: averaged Loss: 0.010303
2026-04-20 23:02: **********Val Epoch 2556: average Loss: 0.005328
2026-04-20 23:02: Train Epoch 2557: 0/37 Loss: 0.041112
2026-04-20 23:02: Train Epoch 2557: 20/37 Loss: 0.005705
2026-04-20 23:02: **********Train Epoch 2557: averaged Loss: 0.011291
2026-04-20 23:02: **********Val Epoch 2557: average Loss: 0.005646
2026-04-20 23:02: Train Epoch 2558: 0/37 Loss: 0.021117
2026-04-20 23:02: Train Epoch 2558: 20/37 Loss: 0.004910
2026-04-20 23:02: **********Train Epoch 2558: averaged Loss: 0.007389
2026-04-20 23:02: **********Val Epoch 2558: average Loss: 0.012345
2026-04-20 23:02: Train Epoch 2559: 0/37 Loss: 0.015521
2026-04-20 23:02: Train Epoch 2559: 20/37 Loss: 0.009571
2026-04-20 23:03: **********Train Epoch 2559: averaged Loss: 0.007594
2026-04-20 23:03: **********Val Epoch 2559: average Loss: 0.013717
2026-04-20 23:03: Train Epoch 2560: 0/37 Loss: 0.008343
2026-04-20 23:03: Train Epoch 2560: 20/37 Loss: 0.004283
2026-04-20 23:03: **********Train Epoch 2560: averaged Loss: 0.004987
2026-04-20 23:03: **********Val Epoch 2560: average Loss: 0.004146
2026-04-20 23:03: Train Epoch 2561: 0/37 Loss: 0.009701
2026-04-20 23:03: Train Epoch 2561: 20/37 Loss: 0.004733
2026-04-20 23:03: **********Train Epoch 2561: averaged Loss: 0.005677
2026-04-20 23:03: **********Val Epoch 2561: average Loss: 0.004146
2026-04-20 23:03: Train Epoch 2562: 0/37 Loss: 0.005115
2026-04-20 23:03: Train Epoch 2562: 20/37 Loss: 0.004437
2026-04-20 23:03: **********Train Epoch 2562: averaged Loss: 0.007506
2026-04-20 23:03: **********Val Epoch 2562: average Loss: 0.028973
2026-04-20 23:03: Train Epoch 2563: 0/37 Loss: 0.007017
2026-04-20 23:03: Train Epoch 2563: 20/37 Loss: 0.016366
2026-04-20 23:03: **********Train Epoch 2563: averaged Loss: 0.007728
2026-04-20 23:03: **********Val Epoch 2563: average Loss: 0.006701
2026-04-20 23:03: Train Epoch 2564: 0/37 Loss: 0.034235
2026-04-20 23:03: Train Epoch 2564: 20/37 Loss: 0.006274
2026-04-20 23:03: **********Train Epoch 2564: averaged Loss: 0.009890
2026-04-20 23:03: **********Val Epoch 2564: average Loss: 0.004356
2026-04-20 23:03: Train Epoch 2565: 0/37 Loss: 0.004663
2026-04-20 23:03: Train Epoch 2565: 20/37 Loss: 0.005090
2026-04-20 23:03: **********Train Epoch 2565: averaged Loss: 0.004874
2026-04-20 23:03: **********Val Epoch 2565: average Loss: 0.004120
2026-04-20 23:03: Train Epoch 2566: 0/37 Loss: 0.007648
2026-04-20 23:03: Train Epoch 2566: 20/37 Loss: 0.004741
2026-04-20 23:03: **********Train Epoch 2566: averaged Loss: 0.005038
2026-04-20 23:03: **********Val Epoch 2566: average Loss: 0.010487
2026-04-20 23:03: Train Epoch 2567: 0/37 Loss: 0.006087
2026-04-20 23:03: Train Epoch 2567: 20/37 Loss: 0.004462
2026-04-20 23:03: **********Train Epoch 2567: averaged Loss: 0.005786
2026-04-20 23:03: **********Val Epoch 2567: average Loss: 0.014227
2026-04-20 23:03: Train Epoch 2568: 0/37 Loss: 0.010032
2026-04-20 23:03: Train Epoch 2568: 20/37 Loss: 0.006463
2026-04-20 23:03: **********Train Epoch 2568: averaged Loss: 0.006510
2026-04-20 23:03: **********Val Epoch 2568: average Loss: 0.005118
2026-04-20 23:03: Train Epoch 2569: 0/37 Loss: 0.009305
2026-04-20 23:03: Train Epoch 2569: 20/37 Loss: 0.004756
2026-04-20 23:03: **********Train Epoch 2569: averaged Loss: 0.008573
2026-04-20 23:03: **********Val Epoch 2569: average Loss: 0.032223
2026-04-20 23:03: Train Epoch 2570: 0/37 Loss: 0.006283
2026-04-20 23:03: Train Epoch 2570: 20/37 Loss: 0.021516
2026-04-20 23:03: **********Train Epoch 2570: averaged Loss: 0.009062
2026-04-20 23:03: **********Val Epoch 2570: average Loss: 0.019214
2026-04-20 23:03: Train Epoch 2571: 0/37 Loss: 0.048208
2026-04-20 23:03: Train Epoch 2571: 20/37 Loss: 0.013417
2026-04-20 23:03: **********Train Epoch 2571: averaged Loss: 0.016296
2026-04-20 23:03: **********Val Epoch 2571: average Loss: 0.008082
2026-04-20 23:03: Train Epoch 2572: 0/37 Loss: 0.025055
2026-04-20 23:03: Train Epoch 2572: 20/37 Loss: 0.004508
2026-04-20 23:03: **********Train Epoch 2572: averaged Loss: 0.008767
2026-04-20 23:03: **********Val Epoch 2572: average Loss: 0.006733
2026-04-20 23:03: Train Epoch 2573: 0/37 Loss: 0.002266
2026-04-20 23:03: Train Epoch 2573: 20/37 Loss: 0.005430
2026-04-20 23:03: **********Train Epoch 2573: averaged Loss: 0.005455
2026-04-20 23:03: **********Val Epoch 2573: average Loss: 0.004731
2026-04-20 23:03: Train Epoch 2574: 0/37 Loss: 0.004777
2026-04-20 23:03: Train Epoch 2574: 20/37 Loss: 0.004188
2026-04-20 23:03: **********Train Epoch 2574: averaged Loss: 0.006093
2026-04-20 23:03: **********Val Epoch 2574: average Loss: 0.007312
2026-04-20 23:03: Train Epoch 2575: 0/37 Loss: 0.004412
2026-04-20 23:03: Train Epoch 2575: 20/37 Loss: 0.005243
2026-04-20 23:03: **********Train Epoch 2575: averaged Loss: 0.007672
2026-04-20 23:03: **********Val Epoch 2575: average Loss: 0.016134
2026-04-20 23:03: Train Epoch 2576: 0/37 Loss: 0.021644
2026-04-20 23:03: Train Epoch 2576: 20/37 Loss: 0.004071
2026-04-20 23:03: **********Train Epoch 2576: averaged Loss: 0.007858
2026-04-20 23:03: **********Val Epoch 2576: average Loss: 0.005995
2026-04-20 23:03: Train Epoch 2577: 0/37 Loss: 0.027788
2026-04-20 23:03: Train Epoch 2577: 20/37 Loss: 0.005164
2026-04-20 23:03: **********Train Epoch 2577: averaged Loss: 0.008022
2026-04-20 23:03: **********Val Epoch 2577: average Loss: 0.005142
2026-04-20 23:03: Train Epoch 2578: 0/37 Loss: 0.006857
2026-04-20 23:03: Train Epoch 2578: 20/37 Loss: 0.005664
2026-04-20 23:03: **********Train Epoch 2578: averaged Loss: 0.004760
2026-04-20 23:03: **********Val Epoch 2578: average Loss: 0.004795
2026-04-20 23:03: Train Epoch 2579: 0/37 Loss: 0.001598
2026-04-20 23:03: Train Epoch 2579: 20/37 Loss: 0.004729
2026-04-20 23:03: **********Train Epoch 2579: averaged Loss: 0.004390
2026-04-20 23:03: **********Val Epoch 2579: average Loss: 0.004901
2026-04-20 23:03: Train Epoch 2580: 0/37 Loss: 0.011541
2026-04-20 23:03: Train Epoch 2580: 20/37 Loss: 0.004192
2026-04-20 23:03: **********Train Epoch 2580: averaged Loss: 0.006008
2026-04-20 23:03: **********Val Epoch 2580: average Loss: 0.008525
2026-04-20 23:03: Train Epoch 2581: 0/37 Loss: 0.015018
2026-04-20 23:03: Train Epoch 2581: 20/37 Loss: 0.011773
2026-04-20 23:03: **********Train Epoch 2581: averaged Loss: 0.009238
2026-04-20 23:03: **********Val Epoch 2581: average Loss: 0.005248
2026-04-20 23:03: Train Epoch 2582: 0/37 Loss: 0.015660
2026-04-20 23:03: Train Epoch 2582: 20/37 Loss: 0.004574
2026-04-20 23:03: **********Train Epoch 2582: averaged Loss: 0.007096
2026-04-20 23:03: **********Val Epoch 2582: average Loss: 0.007988
2026-04-20 23:03: Train Epoch 2583: 0/37 Loss: 0.013189
2026-04-20 23:03: Train Epoch 2583: 20/37 Loss: 0.006684
2026-04-20 23:03: **********Train Epoch 2583: averaged Loss: 0.006715
2026-04-20 23:03: **********Val Epoch 2583: average Loss: 0.011787
2026-04-20 23:03: Train Epoch 2584: 0/37 Loss: 0.024101
2026-04-20 23:03: Train Epoch 2584: 20/37 Loss: 0.007074
2026-04-20 23:03: **********Train Epoch 2584: averaged Loss: 0.008535
2026-04-20 23:03: **********Val Epoch 2584: average Loss: 0.007771
2026-04-20 23:03: Train Epoch 2585: 0/37 Loss: 0.004017
2026-04-20 23:03: Train Epoch 2585: 20/37 Loss: 0.004079
2026-04-20 23:03: **********Train Epoch 2585: averaged Loss: 0.004210
2026-04-20 23:03: **********Val Epoch 2585: average Loss: 0.010068
2026-04-20 23:03: Train Epoch 2586: 0/37 Loss: 0.024615
2026-04-20 23:03: Train Epoch 2586: 20/37 Loss: 0.005568
2026-04-20 23:03: **********Train Epoch 2586: averaged Loss: 0.008273
2026-04-20 23:03: **********Val Epoch 2586: average Loss: 0.005747
2026-04-20 23:03: Train Epoch 2587: 0/37 Loss: 0.003003
2026-04-20 23:03: Train Epoch 2587: 20/37 Loss: 0.005379
2026-04-20 23:03: **********Train Epoch 2587: averaged Loss: 0.004218
2026-04-20 23:03: **********Val Epoch 2587: average Loss: 0.007552
2026-04-20 23:03: Train Epoch 2588: 0/37 Loss: 0.013313
2026-04-20 23:04: Train Epoch 2588: 20/37 Loss: 0.004149
2026-04-20 23:04: **********Train Epoch 2588: averaged Loss: 0.007690
2026-04-20 23:04: **********Val Epoch 2588: average Loss: 0.006157
2026-04-20 23:04: Train Epoch 2589: 0/37 Loss: 0.027209
2026-04-20 23:04: Train Epoch 2589: 20/37 Loss: 0.008415
2026-04-20 23:04: **********Train Epoch 2589: averaged Loss: 0.010329
2026-04-20 23:04: **********Val Epoch 2589: average Loss: 0.012399
2026-04-20 23:04: Train Epoch 2590: 0/37 Loss: 0.020573
2026-04-20 23:04: Train Epoch 2590: 20/37 Loss: 0.014880
2026-04-20 23:04: **********Train Epoch 2590: averaged Loss: 0.010635
2026-04-20 23:04: **********Val Epoch 2590: average Loss: 0.010527
2026-04-20 23:04: Train Epoch 2591: 0/37 Loss: 0.007624
2026-04-20 23:04: Train Epoch 2591: 20/37 Loss: 0.004907
2026-04-20 23:04: **********Train Epoch 2591: averaged Loss: 0.004460
2026-04-20 23:04: **********Val Epoch 2591: average Loss: 0.005444
2026-04-20 23:04: Train Epoch 2592: 0/37 Loss: 0.008465
2026-04-20 23:04: Train Epoch 2592: 20/37 Loss: 0.004324
2026-04-20 23:04: **********Train Epoch 2592: averaged Loss: 0.006056
2026-04-20 23:04: **********Val Epoch 2592: average Loss: 0.006752
2026-04-20 23:04: Train Epoch 2593: 0/37 Loss: 0.004377
2026-04-20 23:04: Train Epoch 2593: 20/37 Loss: 0.004687
2026-04-20 23:04: **********Train Epoch 2593: averaged Loss: 0.005404
2026-04-20 23:04: **********Val Epoch 2593: average Loss: 0.004429
2026-04-20 23:04: Train Epoch 2594: 0/37 Loss: 0.008597
2026-04-20 23:04: Train Epoch 2594: 20/37 Loss: 0.005200
2026-04-20 23:04: **********Train Epoch 2594: averaged Loss: 0.005809
2026-04-20 23:04: **********Val Epoch 2594: average Loss: 0.005874
2026-04-20 23:04: Train Epoch 2595: 0/37 Loss: 0.003509
2026-04-20 23:04: Train Epoch 2595: 20/37 Loss: 0.004397
2026-04-20 23:04: **********Train Epoch 2595: averaged Loss: 0.006061
2026-04-20 23:04: **********Val Epoch 2595: average Loss: 0.012477
2026-04-20 23:04: Train Epoch 2596: 0/37 Loss: 0.019933
2026-04-20 23:04: Train Epoch 2596: 20/37 Loss: 0.012670
2026-04-20 23:04: **********Train Epoch 2596: averaged Loss: 0.009886
2026-04-20 23:04: **********Val Epoch 2596: average Loss: 0.009341
2026-04-20 23:04: Train Epoch 2597: 0/37 Loss: 0.009880
2026-04-20 23:04: Train Epoch 2597: 20/37 Loss: 0.005911
2026-04-20 23:04: **********Train Epoch 2597: averaged Loss: 0.006501
2026-04-20 23:04: **********Val Epoch 2597: average Loss: 0.010796
2026-04-20 23:04: Train Epoch 2598: 0/37 Loss: 0.009156
2026-04-20 23:04: Train Epoch 2598: 20/37 Loss: 0.004391
2026-04-20 23:04: **********Train Epoch 2598: averaged Loss: 0.005969
2026-04-20 23:04: **********Val Epoch 2598: average Loss: 0.004828
2026-04-20 23:04: Train Epoch 2599: 0/37 Loss: 0.012289
2026-04-20 23:04: Train Epoch 2599: 20/37 Loss: 0.004129
2026-04-20 23:04: **********Train Epoch 2599: averaged Loss: 0.005836
2026-04-20 23:04: **********Val Epoch 2599: average Loss: 0.007324
2026-04-20 23:04: Train Epoch 2600: 0/37 Loss: 0.017365
2026-04-20 23:04: Train Epoch 2600: 20/37 Loss: 0.005548
2026-04-20 23:04: **********Train Epoch 2600: averaged Loss: 0.007177
2026-04-20 23:04: **********Val Epoch 2600: average Loss: 0.004595
2026-04-20 23:04: Train Epoch 2601: 0/37 Loss: 0.005071
2026-04-20 23:04: Train Epoch 2601: 20/37 Loss: 0.004140
2026-04-20 23:04: **********Train Epoch 2601: averaged Loss: 0.006022
2026-04-20 23:04: **********Val Epoch 2601: average Loss: 0.006059
2026-04-20 23:04: Train Epoch 2602: 0/37 Loss: 0.001519
2026-04-20 23:04: Train Epoch 2602: 20/37 Loss: 0.006899
2026-04-20 23:04: **********Train Epoch 2602: averaged Loss: 0.005601
2026-04-20 23:04: **********Val Epoch 2602: average Loss: 0.008991
2026-04-20 23:04: Train Epoch 2603: 0/37 Loss: 0.003384
2026-04-20 23:04: Train Epoch 2603: 20/37 Loss: 0.004541
2026-04-20 23:04: **********Train Epoch 2603: averaged Loss: 0.005748
2026-04-20 23:04: **********Val Epoch 2603: average Loss: 0.008295
2026-04-20 23:04: Train Epoch 2604: 0/37 Loss: 0.003203
2026-04-20 23:04: Train Epoch 2604: 20/37 Loss: 0.007160
2026-04-20 23:04: **********Train Epoch 2604: averaged Loss: 0.005766
2026-04-20 23:04: **********Val Epoch 2604: average Loss: 0.008989
2026-04-20 23:04: Train Epoch 2605: 0/37 Loss: 0.004754
2026-04-20 23:04: Train Epoch 2605: 20/37 Loss: 0.005595
2026-04-20 23:04: **********Train Epoch 2605: averaged Loss: 0.006636
2026-04-20 23:04: **********Val Epoch 2605: average Loss: 0.005131
2026-04-20 23:04: Train Epoch 2606: 0/37 Loss: 0.001885
2026-04-20 23:04: Train Epoch 2606: 20/37 Loss: 0.008597
2026-04-20 23:04: **********Train Epoch 2606: averaged Loss: 0.006541
2026-04-20 23:04: **********Val Epoch 2606: average Loss: 0.016767
2026-04-20 23:04: Train Epoch 2607: 0/37 Loss: 0.015062
2026-04-20 23:04: Train Epoch 2607: 20/37 Loss: 0.011774
2026-04-20 23:04: **********Train Epoch 2607: averaged Loss: 0.007011
2026-04-20 23:04: **********Val Epoch 2607: average Loss: 0.006813
2026-04-20 23:04: Train Epoch 2608: 0/37 Loss: 0.013954
2026-04-20 23:04: Train Epoch 2608: 20/37 Loss: 0.007268
2026-04-20 23:04: **********Train Epoch 2608: averaged Loss: 0.007109
2026-04-20 23:04: **********Val Epoch 2608: average Loss: 0.006301
2026-04-20 23:04: Train Epoch 2609: 0/37 Loss: 0.002937
2026-04-20 23:04: Train Epoch 2609: 20/37 Loss: 0.004468
2026-04-20 23:04: **********Train Epoch 2609: averaged Loss: 0.007302
2026-04-20 23:04: **********Val Epoch 2609: average Loss: 0.007075
2026-04-20 23:04: Train Epoch 2610: 0/37 Loss: 0.045290
2026-04-20 23:04: Train Epoch 2610: 20/37 Loss: 0.004160
2026-04-20 23:04: **********Train Epoch 2610: averaged Loss: 0.014077
2026-04-20 23:04: **********Val Epoch 2610: average Loss: 0.015257
2026-04-20 23:04: Train Epoch 2611: 0/37 Loss: 0.039014
2026-04-20 23:04: Train Epoch 2611: 20/37 Loss: 0.013979
2026-04-20 23:04: **********Train Epoch 2611: averaged Loss: 0.013333
2026-04-20 23:04: **********Val Epoch 2611: average Loss: 0.018008
2026-04-20 23:04: Train Epoch 2612: 0/37 Loss: 0.014792
2026-04-20 23:04: Train Epoch 2612: 20/37 Loss: 0.004431
2026-04-20 23:04: **********Train Epoch 2612: averaged Loss: 0.008560
2026-04-20 23:04: **********Val Epoch 2612: average Loss: 0.024207
2026-04-20 23:04: Train Epoch 2613: 0/37 Loss: 0.011883
2026-04-20 23:04: Train Epoch 2613: 20/37 Loss: 0.004200
2026-04-20 23:04: **********Train Epoch 2613: averaged Loss: 0.006644
2026-04-20 23:04: **********Val Epoch 2613: average Loss: 0.004400
2026-04-20 23:04: Train Epoch 2614: 0/37 Loss: 0.027672
2026-04-20 23:04: Train Epoch 2614: 20/37 Loss: 0.004932
2026-04-20 23:04: **********Train Epoch 2614: averaged Loss: 0.009967
2026-04-20 23:04: **********Val Epoch 2614: average Loss: 0.004709
2026-04-20 23:04: Train Epoch 2615: 0/37 Loss: 0.030995
2026-04-20 23:04: Train Epoch 2615: 20/37 Loss: 0.008017
2026-04-20 23:04: **********Train Epoch 2615: averaged Loss: 0.011353
2026-04-20 23:04: **********Val Epoch 2615: average Loss: 0.026537
2026-04-20 23:04: Train Epoch 2616: 0/37 Loss: 0.003715
2026-04-20 23:04: Train Epoch 2616: 20/37 Loss: 0.018478
2026-04-20 23:05: **********Train Epoch 2616: averaged Loss: 0.008387
2026-04-20 23:05: **********Val Epoch 2616: average Loss: 0.018116
2026-04-20 23:05: Train Epoch 2617: 0/37 Loss: 0.021946
2026-04-20 23:05: Train Epoch 2617: 20/37 Loss: 0.004178
2026-04-20 23:05: **********Train Epoch 2617: averaged Loss: 0.007191
2026-04-20 23:05: **********Val Epoch 2617: average Loss: 0.004818
2026-04-20 23:05: Train Epoch 2618: 0/37 Loss: 0.022183
2026-04-20 23:05: Train Epoch 2618: 20/37 Loss: 0.004275
2026-04-20 23:05: **********Train Epoch 2618: averaged Loss: 0.008047
2026-04-20 23:05: **********Val Epoch 2618: average Loss: 0.004445
2026-04-20 23:05: Train Epoch 2619: 0/37 Loss: 0.005047
2026-04-20 23:05: Train Epoch 2619: 20/37 Loss: 0.010392
2026-04-20 23:05: **********Train Epoch 2619: averaged Loss: 0.005306
2026-04-20 23:05: **********Val Epoch 2619: average Loss: 0.004868
2026-04-20 23:05: Train Epoch 2620: 0/37 Loss: 0.009730
2026-04-20 23:05: Train Epoch 2620: 20/37 Loss: 0.005658
2026-04-20 23:05: **********Train Epoch 2620: averaged Loss: 0.006665
2026-04-20 23:05: **********Val Epoch 2620: average Loss: 0.004193
2026-04-20 23:05: Train Epoch 2621: 0/37 Loss: 0.001592
2026-04-20 23:05: Train Epoch 2621: 20/37 Loss: 0.008243
2026-04-20 23:05: **********Train Epoch 2621: averaged Loss: 0.004517
2026-04-20 23:05: **********Val Epoch 2621: average Loss: 0.005100
2026-04-20 23:05: Train Epoch 2622: 0/37 Loss: 0.021679
2026-04-20 23:05: Train Epoch 2622: 20/37 Loss: 0.005267
2026-04-20 23:05: **********Train Epoch 2622: averaged Loss: 0.007475
2026-04-20 23:05: **********Val Epoch 2622: average Loss: 0.006414
2026-04-20 23:05: Train Epoch 2623: 0/37 Loss: 0.018104
2026-04-20 23:05: Train Epoch 2623: 20/37 Loss: 0.004202
2026-04-20 23:05: **********Train Epoch 2623: averaged Loss: 0.008077
2026-04-20 23:05: **********Val Epoch 2623: average Loss: 0.016844
2026-04-20 23:05: Train Epoch 2624: 0/37 Loss: 0.024774
2026-04-20 23:05: Train Epoch 2624: 20/37 Loss: 0.015240
2026-04-20 23:05: **********Train Epoch 2624: averaged Loss: 0.011955
2026-04-20 23:05: **********Val Epoch 2624: average Loss: 0.040250
2026-04-20 23:05: Train Epoch 2625: 0/37 Loss: 0.003350
2026-04-20 23:05: Train Epoch 2625: 20/37 Loss: 0.015977
2026-04-20 23:05: **********Train Epoch 2625: averaged Loss: 0.007417
2026-04-20 23:05: **********Val Epoch 2625: average Loss: 0.010337
2026-04-20 23:05: Train Epoch 2626: 0/37 Loss: 0.020157
2026-04-20 23:05: Train Epoch 2626: 20/37 Loss: 0.004155
2026-04-20 23:05: **********Train Epoch 2626: averaged Loss: 0.009152
2026-04-20 23:05: **********Val Epoch 2626: average Loss: 0.004900
2026-04-20 23:05: Train Epoch 2627: 0/37 Loss: 0.005234
2026-04-20 23:05: Train Epoch 2627: 20/37 Loss: 0.004438
2026-04-20 23:05: **********Train Epoch 2627: averaged Loss: 0.008489
2026-04-20 23:05: **********Val Epoch 2627: average Loss: 0.011821
2026-04-20 23:05: Train Epoch 2628: 0/37 Loss: 0.025081
2026-04-20 23:05: Train Epoch 2628: 20/37 Loss: 0.005176
2026-04-20 23:05: **********Train Epoch 2628: averaged Loss: 0.009388
2026-04-20 23:05: **********Val Epoch 2628: average Loss: 0.004450
2026-04-20 23:05: Train Epoch 2629: 0/37 Loss: 0.043200
2026-04-20 23:05: Train Epoch 2629: 20/37 Loss: 0.010264
2026-04-20 23:05: **********Train Epoch 2629: averaged Loss: 0.012484
2026-04-20 23:05: **********Val Epoch 2629: average Loss: 0.005626
2026-04-20 23:05: Train Epoch 2630: 0/37 Loss: 0.015025
2026-04-20 23:05: Train Epoch 2630: 20/37 Loss: 0.004316
2026-04-20 23:05: **********Train Epoch 2630: averaged Loss: 0.007147
2026-04-20 23:05: **********Val Epoch 2630: average Loss: 0.008612
2026-04-20 23:05: Train Epoch 2631: 0/37 Loss: 0.004800
2026-04-20 23:05: Train Epoch 2631: 20/37 Loss: 0.009310
2026-04-20 23:05: **********Train Epoch 2631: averaged Loss: 0.007590
2026-04-20 23:05: **********Val Epoch 2631: average Loss: 0.010077
2026-04-20 23:05: Train Epoch 2632: 0/37 Loss: 0.029511
2026-04-20 23:05: Train Epoch 2632: 20/37 Loss: 0.005932
2026-04-20 23:05: **********Train Epoch 2632: averaged Loss: 0.007675
2026-04-20 23:05: **********Val Epoch 2632: average Loss: 0.008684
2026-04-20 23:05: Train Epoch 2633: 0/37 Loss: 0.026337
2026-04-20 23:05: Train Epoch 2633: 20/37 Loss: 0.005902
2026-04-20 23:05: **********Train Epoch 2633: averaged Loss: 0.008026
2026-04-20 23:05: **********Val Epoch 2633: average Loss: 0.005305
2026-04-20 23:05: Train Epoch 2634: 0/37 Loss: 0.010290
2026-04-20 23:05: Train Epoch 2634: 20/37 Loss: 0.004085
2026-04-20 23:05: **********Train Epoch 2634: averaged Loss: 0.005983
2026-04-20 23:05: **********Val Epoch 2634: average Loss: 0.008968
2026-04-20 23:05: Train Epoch 2635: 0/37 Loss: 0.022136
2026-04-20 23:05: Train Epoch 2635: 20/37 Loss: 0.011933
2026-04-20 23:05: **********Train Epoch 2635: averaged Loss: 0.008514
2026-04-20 23:05: **********Val Epoch 2635: average Loss: 0.005961
2026-04-20 23:05: Train Epoch 2636: 0/37 Loss: 0.006686
2026-04-20 23:05: Train Epoch 2636: 20/37 Loss: 0.005721
2026-04-20 23:05: **********Train Epoch 2636: averaged Loss: 0.004636
2026-04-20 23:05: **********Val Epoch 2636: average Loss: 0.005811
2026-04-20 23:05: Train Epoch 2637: 0/37 Loss: 0.006865
2026-04-20 23:05: Train Epoch 2637: 20/37 Loss: 0.004401
2026-04-20 23:05: **********Train Epoch 2637: averaged Loss: 0.004481
2026-04-20 23:05: **********Val Epoch 2637: average Loss: 0.004582
2026-04-20 23:05: Train Epoch 2638: 0/37 Loss: 0.003142
2026-04-20 23:05: Train Epoch 2638: 20/37 Loss: 0.004027
2026-04-20 23:05: **********Train Epoch 2638: averaged Loss: 0.006480
2026-04-20 23:05: **********Val Epoch 2638: average Loss: 0.006880
2026-04-20 23:05: Train Epoch 2639: 0/37 Loss: 0.008885
2026-04-20 23:05: Train Epoch 2639: 20/37 Loss: 0.004693
2026-04-20 23:05: **********Train Epoch 2639: averaged Loss: 0.006814
2026-04-20 23:05: **********Val Epoch 2639: average Loss: 0.008914
2026-04-20 23:05: Train Epoch 2640: 0/37 Loss: 0.002513
2026-04-20 23:05: Train Epoch 2640: 20/37 Loss: 0.007130
2026-04-20 23:05: **********Train Epoch 2640: averaged Loss: 0.006408
2026-04-20 23:05: **********Val Epoch 2640: average Loss: 0.006537
2026-04-20 23:05: Train Epoch 2641: 0/37 Loss: 0.002775
2026-04-20 23:05: Train Epoch 2641: 20/37 Loss: 0.004059
2026-04-20 23:05: **********Train Epoch 2641: averaged Loss: 0.005298
2026-04-20 23:05: **********Val Epoch 2641: average Loss: 0.006765
2026-04-20 23:05: Train Epoch 2642: 0/37 Loss: 0.011662
2026-04-20 23:05: Train Epoch 2642: 20/37 Loss: 0.004532
2026-04-20 23:05: **********Train Epoch 2642: averaged Loss: 0.006812
2026-04-20 23:05: **********Val Epoch 2642: average Loss: 0.009350
2026-04-20 23:05: Train Epoch 2643: 0/37 Loss: 0.017510
2026-04-20 23:05: Train Epoch 2643: 20/37 Loss: 0.006259
2026-04-20 23:05: **********Train Epoch 2643: averaged Loss: 0.007273
2026-04-20 23:05: **********Val Epoch 2643: average Loss: 0.008546
2026-04-20 23:05: Train Epoch 2644: 0/37 Loss: 0.010663
2026-04-20 23:05: Train Epoch 2644: 20/37 Loss: 0.004137
2026-04-20 23:05: **********Train Epoch 2644: averaged Loss: 0.006308
2026-04-20 23:05: **********Val Epoch 2644: average Loss: 0.004186
2026-04-20 23:05: Train Epoch 2645: 0/37 Loss: 0.014259
2026-04-20 23:06: Train Epoch 2645: 20/37 Loss: 0.004200
2026-04-20 23:06: **********Train Epoch 2645: averaged Loss: 0.006646
2026-04-20 23:06: **********Val Epoch 2645: average Loss: 0.015755
2026-04-20 23:06: Train Epoch 2646: 0/37 Loss: 0.015950
2026-04-20 23:06: Train Epoch 2646: 20/37 Loss: 0.004413
2026-04-20 23:06: **********Train Epoch 2646: averaged Loss: 0.005988
2026-04-20 23:06: **********Val Epoch 2646: average Loss: 0.003774
2026-04-20 23:06: Train Epoch 2647: 0/37 Loss: 0.015427
2026-04-20 23:06: Train Epoch 2647: 20/37 Loss: 0.004252
2026-04-20 23:06: **********Train Epoch 2647: averaged Loss: 0.006581
2026-04-20 23:06: **********Val Epoch 2647: average Loss: 0.004578
2026-04-20 23:06: Train Epoch 2648: 0/37 Loss: 0.036382
2026-04-20 23:06: Train Epoch 2648: 20/37 Loss: 0.011730
2026-04-20 23:06: **********Train Epoch 2648: averaged Loss: 0.013091
2026-04-20 23:06: **********Val Epoch 2648: average Loss: 0.005947
2026-04-20 23:06: Train Epoch 2649: 0/37 Loss: 0.034021
2026-04-20 23:06: Train Epoch 2649: 20/37 Loss: 0.004244
2026-04-20 23:06: **********Train Epoch 2649: averaged Loss: 0.010426
2026-04-20 23:06: **********Val Epoch 2649: average Loss: 0.003890
2026-04-20 23:06: Train Epoch 2650: 0/37 Loss: 0.012425
2026-04-20 23:06: Train Epoch 2650: 20/37 Loss: 0.004981
2026-04-20 23:06: **********Train Epoch 2650: averaged Loss: 0.008063
2026-04-20 23:06: **********Val Epoch 2650: average Loss: 0.032283
2026-04-20 23:06: Train Epoch 2651: 0/37 Loss: 0.032201
2026-04-20 23:06: Train Epoch 2651: 20/37 Loss: 0.013801
2026-04-20 23:06: **********Train Epoch 2651: averaged Loss: 0.011616
2026-04-20 23:06: **********Val Epoch 2651: average Loss: 0.007228
2026-04-20 23:06: Train Epoch 2652: 0/37 Loss: 0.021950
2026-04-20 23:06: Train Epoch 2652: 20/37 Loss: 0.004436
2026-04-20 23:06: **********Train Epoch 2652: averaged Loss: 0.006814
2026-04-20 23:06: **********Val Epoch 2652: average Loss: 0.006864
2026-04-20 23:06: Train Epoch 2653: 0/37 Loss: 0.014746
2026-04-20 23:06: Train Epoch 2653: 20/37 Loss: 0.004106
2026-04-20 23:06: **********Train Epoch 2653: averaged Loss: 0.005590
2026-04-20 23:06: **********Val Epoch 2653: average Loss: 0.012305
2026-04-20 23:06: Train Epoch 2654: 0/37 Loss: 0.009913
2026-04-20 23:06: Train Epoch 2654: 20/37 Loss: 0.004263
2026-04-20 23:06: **********Train Epoch 2654: averaged Loss: 0.006843
2026-04-20 23:06: **********Val Epoch 2654: average Loss: 0.005804
2026-04-20 23:06: Train Epoch 2655: 0/37 Loss: 0.015834
2026-04-20 23:06: Train Epoch 2655: 20/37 Loss: 0.004118
2026-04-20 23:06: **********Train Epoch 2655: averaged Loss: 0.006314
2026-04-20 23:06: **********Val Epoch 2655: average Loss: 0.009835
2026-04-20 23:06: Train Epoch 2656: 0/37 Loss: 0.009359
2026-04-20 23:06: Train Epoch 2656: 20/37 Loss: 0.005270
2026-04-20 23:06: **********Train Epoch 2656: averaged Loss: 0.007922
2026-04-20 23:06: **********Val Epoch 2656: average Loss: 0.011217
2026-04-20 23:06: Train Epoch 2657: 0/37 Loss: 0.010741
2026-04-20 23:06: Train Epoch 2657: 20/37 Loss: 0.012078
2026-04-20 23:06: **********Train Epoch 2657: averaged Loss: 0.007751
2026-04-20 23:06: **********Val Epoch 2657: average Loss: 0.006356
2026-04-20 23:06: Train Epoch 2658: 0/37 Loss: 0.042493
2026-04-20 23:06: Train Epoch 2658: 20/37 Loss: 0.010359
2026-04-20 23:06: **********Train Epoch 2658: averaged Loss: 0.010813
2026-04-20 23:06: **********Val Epoch 2658: average Loss: 0.006189
2026-04-20 23:06: Train Epoch 2659: 0/37 Loss: 0.014484
2026-04-20 23:06: Train Epoch 2659: 20/37 Loss: 0.004736
2026-04-20 23:06: **********Train Epoch 2659: averaged Loss: 0.006025
2026-04-20 23:06: **********Val Epoch 2659: average Loss: 0.006469
2026-04-20 23:06: Train Epoch 2660: 0/37 Loss: 0.002629
2026-04-20 23:06: Train Epoch 2660: 20/37 Loss: 0.008898
2026-04-20 23:06: **********Train Epoch 2660: averaged Loss: 0.005014
2026-04-20 23:06: **********Val Epoch 2660: average Loss: 0.006556
2026-04-20 23:06: Train Epoch 2661: 0/37 Loss: 0.004375
2026-04-20 23:06: Train Epoch 2661: 20/37 Loss: 0.004034
2026-04-20 23:06: **********Train Epoch 2661: averaged Loss: 0.003673
2026-04-20 23:06: **********Val Epoch 2661: average Loss: 0.007426
2026-04-20 23:06: Train Epoch 2662: 0/37 Loss: 0.007038
2026-04-20 23:06: Train Epoch 2662: 20/37 Loss: 0.004065
2026-04-20 23:06: **********Train Epoch 2662: averaged Loss: 0.004807
2026-04-20 23:06: **********Val Epoch 2662: average Loss: 0.005946
2026-04-20 23:06: Train Epoch 2663: 0/37 Loss: 0.002632
2026-04-20 23:06: Train Epoch 2663: 20/37 Loss: 0.005501
2026-04-20 23:06: **********Train Epoch 2663: averaged Loss: 0.005227
2026-04-20 23:06: **********Val Epoch 2663: average Loss: 0.008101
2026-04-20 23:06: Train Epoch 2664: 0/37 Loss: 0.006072
2026-04-20 23:06: Train Epoch 2664: 20/37 Loss: 0.004166
2026-04-20 23:06: **********Train Epoch 2664: averaged Loss: 0.005360
2026-04-20 23:06: **********Val Epoch 2664: average Loss: 0.009135
2026-04-20 23:06: Train Epoch 2665: 0/37 Loss: 0.033087
2026-04-20 23:06: Train Epoch 2665: 20/37 Loss: 0.005084
2026-04-20 23:06: **********Train Epoch 2665: averaged Loss: 0.010709
2026-04-20 23:06: **********Val Epoch 2665: average Loss: 0.022583
2026-04-20 23:06: Train Epoch 2666: 0/37 Loss: 0.042152
2026-04-20 23:06: Train Epoch 2666: 20/37 Loss: 0.004166
2026-04-20 23:06: **********Train Epoch 2666: averaged Loss: 0.012518
2026-04-20 23:06: **********Val Epoch 2666: average Loss: 0.008878
2026-04-20 23:06: Train Epoch 2667: 0/37 Loss: 0.001720
2026-04-20 23:06: Train Epoch 2667: 20/37 Loss: 0.004463
2026-04-20 23:06: **********Train Epoch 2667: averaged Loss: 0.003921
2026-04-20 23:06: **********Val Epoch 2667: average Loss: 0.007973
2026-04-20 23:06: Train Epoch 2668: 0/37 Loss: 0.001540
2026-04-20 23:06: Train Epoch 2668: 20/37 Loss: 0.004574
2026-04-20 23:06: **********Train Epoch 2668: averaged Loss: 0.003989
2026-04-20 23:06: **********Val Epoch 2668: average Loss: 0.005818
2026-04-20 23:06: Train Epoch 2669: 0/37 Loss: 0.009438
2026-04-20 23:06: Train Epoch 2669: 20/37 Loss: 0.004322
2026-04-20 23:06: **********Train Epoch 2669: averaged Loss: 0.005610
2026-04-20 23:06: **********Val Epoch 2669: average Loss: 0.004836
2026-04-20 23:06: Train Epoch 2670: 0/37 Loss: 0.028107
2026-04-20 23:06: Train Epoch 2670: 20/37 Loss: 0.005817
2026-04-20 23:06: **********Train Epoch 2670: averaged Loss: 0.009985
2026-04-20 23:06: **********Val Epoch 2670: average Loss: 0.007303
2026-04-20 23:06: Train Epoch 2671: 0/37 Loss: 0.017253
2026-04-20 23:06: Train Epoch 2671: 20/37 Loss: 0.004904
2026-04-20 23:06: **********Train Epoch 2671: averaged Loss: 0.007149
2026-04-20 23:06: **********Val Epoch 2671: average Loss: 0.008682
2026-04-20 23:06: Train Epoch 2672: 0/37 Loss: 0.007745
2026-04-20 23:06: Train Epoch 2672: 20/37 Loss: 0.005280
2026-04-20 23:06: **********Train Epoch 2672: averaged Loss: 0.006112
2026-04-20 23:06: **********Val Epoch 2672: average Loss: 0.009505
2026-04-20 23:06: Train Epoch 2673: 0/37 Loss: 0.007612
2026-04-20 23:06: Train Epoch 2673: 20/37 Loss: 0.006756
2026-04-20 23:07: **********Train Epoch 2673: averaged Loss: 0.006693
2026-04-20 23:07: **********Val Epoch 2673: average Loss: 0.005259
2026-04-20 23:07: Train Epoch 2674: 0/37 Loss: 0.007476
2026-04-20 23:07: Train Epoch 2674: 20/37 Loss: 0.004084
2026-04-20 23:07: **********Train Epoch 2674: averaged Loss: 0.006618
2026-04-20 23:07: **********Val Epoch 2674: average Loss: 0.009594
2026-04-20 23:07: Train Epoch 2675: 0/37 Loss: 0.017866
2026-04-20 23:07: Train Epoch 2675: 20/37 Loss: 0.018332
2026-04-20 23:07: **********Train Epoch 2675: averaged Loss: 0.009742
2026-04-20 23:07: **********Val Epoch 2675: average Loss: 0.005698
2026-04-20 23:07: Train Epoch 2676: 0/37 Loss: 0.029480
2026-04-20 23:07: Train Epoch 2676: 20/37 Loss: 0.013217
2026-04-20 23:07: **********Train Epoch 2676: averaged Loss: 0.009812
2026-04-20 23:07: **********Val Epoch 2676: average Loss: 0.006218
2026-04-20 23:07: Train Epoch 2677: 0/37 Loss: 0.001871
2026-04-20 23:07: Train Epoch 2677: 20/37 Loss: 0.004017
2026-04-20 23:07: **********Train Epoch 2677: averaged Loss: 0.004417
2026-04-20 23:07: **********Val Epoch 2677: average Loss: 0.012969
2026-04-20 23:07: Train Epoch 2678: 0/37 Loss: 0.005654
2026-04-20 23:07: Train Epoch 2678: 20/37 Loss: 0.003983
2026-04-20 23:07: **********Train Epoch 2678: averaged Loss: 0.004539
2026-04-20 23:07: **********Val Epoch 2678: average Loss: 0.004945
2026-04-20 23:07: Train Epoch 2679: 0/37 Loss: 0.017675
2026-04-20 23:07: Train Epoch 2679: 20/37 Loss: 0.004240
2026-04-20 23:07: **********Train Epoch 2679: averaged Loss: 0.007925
2026-04-20 23:07: **********Val Epoch 2679: average Loss: 0.018646
2026-04-20 23:07: Train Epoch 2680: 0/37 Loss: 0.015232
2026-04-20 23:07: Train Epoch 2680: 20/37 Loss: 0.011124
2026-04-20 23:07: **********Train Epoch 2680: averaged Loss: 0.009602
2026-04-20 23:07: **********Val Epoch 2680: average Loss: 0.024733
2026-04-20 23:07: Train Epoch 2681: 0/37 Loss: 0.015425
2026-04-20 23:07: Train Epoch 2681: 20/37 Loss: 0.004079
2026-04-20 23:07: **********Train Epoch 2681: averaged Loss: 0.006943
2026-04-20 23:07: **********Val Epoch 2681: average Loss: 0.007884
2026-04-20 23:07: Train Epoch 2682: 0/37 Loss: 0.014177
2026-04-20 23:07: Train Epoch 2682: 20/37 Loss: 0.004008
2026-04-20 23:07: **********Train Epoch 2682: averaged Loss: 0.007057
2026-04-20 23:07: **********Val Epoch 2682: average Loss: 0.027256
2026-04-20 23:07: Train Epoch 2683: 0/37 Loss: 0.005072
2026-04-20 23:07: Train Epoch 2683: 20/37 Loss: 0.011676
2026-04-20 23:07: **********Train Epoch 2683: averaged Loss: 0.006727
2026-04-20 23:07: **********Val Epoch 2683: average Loss: 0.007019
2026-04-20 23:07: Train Epoch 2684: 0/37 Loss: 0.023322
2026-04-20 23:07: Train Epoch 2684: 20/37 Loss: 0.004198
2026-04-20 23:07: **********Train Epoch 2684: averaged Loss: 0.007212
2026-04-20 23:07: **********Val Epoch 2684: average Loss: 0.005626
2026-04-20 23:07: Train Epoch 2685: 0/37 Loss: 0.020179
2026-04-20 23:07: Train Epoch 2685: 20/37 Loss: 0.007091
2026-04-20 23:07: **********Train Epoch 2685: averaged Loss: 0.007793
2026-04-20 23:07: **********Val Epoch 2685: average Loss: 0.015412
2026-04-20 23:07: Train Epoch 2686: 0/37 Loss: 0.001476
2026-04-20 23:07: Train Epoch 2686: 20/37 Loss: 0.004031
2026-04-20 23:07: **********Train Epoch 2686: averaged Loss: 0.003954
2026-04-20 23:07: **********Val Epoch 2686: average Loss: 0.004405
2026-04-20 23:07: Train Epoch 2687: 0/37 Loss: 0.001431
2026-04-20 23:07: Train Epoch 2687: 20/37 Loss: 0.013521
2026-04-20 23:07: **********Train Epoch 2687: averaged Loss: 0.005637
2026-04-20 23:07: **********Val Epoch 2687: average Loss: 0.010309
2026-04-20 23:07: Train Epoch 2688: 0/37 Loss: 0.017096
2026-04-20 23:07: Train Epoch 2688: 20/37 Loss: 0.004344
2026-04-20 23:07: **********Train Epoch 2688: averaged Loss: 0.006184
2026-04-20 23:07: **********Val Epoch 2688: average Loss: 0.012441
2026-04-20 23:07: Train Epoch 2689: 0/37 Loss: 0.001698
2026-04-20 23:07: Train Epoch 2689: 20/37 Loss: 0.011752
2026-04-20 23:07: **********Train Epoch 2689: averaged Loss: 0.006490
2026-04-20 23:07: **********Val Epoch 2689: average Loss: 0.003968
2026-04-20 23:07: Train Epoch 2690: 0/37 Loss: 0.023204
2026-04-20 23:07: Train Epoch 2690: 20/37 Loss: 0.021611
2026-04-20 23:07: **********Train Epoch 2690: averaged Loss: 0.010521
2026-04-20 23:07: **********Val Epoch 2690: average Loss: 0.008564
2026-04-20 23:07: Train Epoch 2691: 0/37 Loss: 0.013753
2026-04-20 23:07: Train Epoch 2691: 20/37 Loss: 0.006534
2026-04-20 23:07: **********Train Epoch 2691: averaged Loss: 0.007674
2026-04-20 23:07: **********Val Epoch 2691: average Loss: 0.009908
2026-04-20 23:07: Train Epoch 2692: 0/37 Loss: 0.004626
2026-04-20 23:07: Train Epoch 2692: 20/37 Loss: 0.004693
2026-04-20 23:07: **********Train Epoch 2692: averaged Loss: 0.008897
2026-04-20 23:07: **********Val Epoch 2692: average Loss: 0.016052
2026-04-20 23:07: Train Epoch 2693: 0/37 Loss: 0.020910
2026-04-20 23:07: Train Epoch 2693: 20/37 Loss: 0.004213
2026-04-20 23:07: **********Train Epoch 2693: averaged Loss: 0.007729
2026-04-20 23:07: **********Val Epoch 2693: average Loss: 0.011109
2026-04-20 23:07: Train Epoch 2694: 0/37 Loss: 0.037472
2026-04-20 23:07: Train Epoch 2694: 20/37 Loss: 0.008264
2026-04-20 23:07: **********Train Epoch 2694: averaged Loss: 0.010626
2026-04-20 23:07: **********Val Epoch 2694: average Loss: 0.005320
2026-04-20 23:07: Train Epoch 2695: 0/37 Loss: 0.021025
2026-04-20 23:07: Train Epoch 2695: 20/37 Loss: 0.005645
2026-04-20 23:07: **********Train Epoch 2695: averaged Loss: 0.007627
2026-04-20 23:07: **********Val Epoch 2695: average Loss: 0.008047
2026-04-20 23:07: Train Epoch 2696: 0/37 Loss: 0.005915
2026-04-20 23:07: Train Epoch 2696: 20/37 Loss: 0.004047
2026-04-20 23:07: **********Train Epoch 2696: averaged Loss: 0.003970
2026-04-20 23:07: **********Val Epoch 2696: average Loss: 0.005553
2026-04-20 23:07: Train Epoch 2697: 0/37 Loss: 0.008296
2026-04-20 23:07: Train Epoch 2697: 20/37 Loss: 0.004414
2026-04-20 23:07: **********Train Epoch 2697: averaged Loss: 0.004507
2026-04-20 23:07: **********Val Epoch 2697: average Loss: 0.005093
2026-04-20 23:07: Train Epoch 2698: 0/37 Loss: 0.009878
2026-04-20 23:07: Train Epoch 2698: 20/37 Loss: 0.004394
2026-04-20 23:07: **********Train Epoch 2698: averaged Loss: 0.006152
2026-04-20 23:07: **********Val Epoch 2698: average Loss: 0.008134
2026-04-20 23:07: Train Epoch 2699: 0/37 Loss: 0.002162
2026-04-20 23:07: Train Epoch 2699: 20/37 Loss: 0.004775
2026-04-20 23:07: **********Train Epoch 2699: averaged Loss: 0.004745
2026-04-20 23:07: **********Val Epoch 2699: average Loss: 0.005989
2026-04-20 23:07: Train Epoch 2700: 0/37 Loss: 0.007249
2026-04-20 23:07: Train Epoch 2700: 20/37 Loss: 0.004468
2026-04-20 23:07: **********Train Epoch 2700: averaged Loss: 0.005583
2026-04-20 23:07: **********Val Epoch 2700: average Loss: 0.006307
2026-04-20 23:07: Train Epoch 2701: 0/37 Loss: 0.019289
2026-04-20 23:07: Train Epoch 2701: 20/37 Loss: 0.004237
2026-04-20 23:07: **********Train Epoch 2701: averaged Loss: 0.008288
2026-04-20 23:07: **********Val Epoch 2701: average Loss: 0.012870
2026-04-20 23:07: Train Epoch 2702: 0/37 Loss: 0.004627
2026-04-20 23:08: Train Epoch 2702: 20/37 Loss: 0.004074
2026-04-20 23:08: **********Train Epoch 2702: averaged Loss: 0.005208
2026-04-20 23:08: **********Val Epoch 2702: average Loss: 0.005564
2026-04-20 23:08: Train Epoch 2703: 0/37 Loss: 0.032092
2026-04-20 23:08: Train Epoch 2703: 20/37 Loss: 0.005781
2026-04-20 23:08: **********Train Epoch 2703: averaged Loss: 0.009013
2026-04-20 23:08: **********Val Epoch 2703: average Loss: 0.006414
2026-04-20 23:08: Train Epoch 2704: 0/37 Loss: 0.003927
2026-04-20 23:08: Train Epoch 2704: 20/37 Loss: 0.004282
2026-04-20 23:08: **********Train Epoch 2704: averaged Loss: 0.004548
2026-04-20 23:08: **********Val Epoch 2704: average Loss: 0.005461
2026-04-20 23:08: Train Epoch 2705: 0/37 Loss: 0.012862
2026-04-20 23:08: Train Epoch 2705: 20/37 Loss: 0.004418
2026-04-20 23:08: **********Train Epoch 2705: averaged Loss: 0.007675
2026-04-20 23:08: **********Val Epoch 2705: average Loss: 0.007534
2026-04-20 23:08: Train Epoch 2706: 0/37 Loss: 0.005839
2026-04-20 23:08: Train Epoch 2706: 20/37 Loss: 0.005923
2026-04-20 23:08: **********Train Epoch 2706: averaged Loss: 0.006894
2026-04-20 23:08: **********Val Epoch 2706: average Loss: 0.019990
2026-04-20 23:08: Train Epoch 2707: 0/37 Loss: 0.005890
2026-04-20 23:08: Train Epoch 2707: 20/37 Loss: 0.015446
2026-04-20 23:08: **********Train Epoch 2707: averaged Loss: 0.007300
2026-04-20 23:08: **********Val Epoch 2707: average Loss: 0.004579
2026-04-20 23:08: Train Epoch 2708: 0/37 Loss: 0.033402
2026-04-20 23:08: Train Epoch 2708: 20/37 Loss: 0.004020
2026-04-20 23:08: **********Train Epoch 2708: averaged Loss: 0.011688
2026-04-20 23:08: **********Val Epoch 2708: average Loss: 0.005319
2026-04-20 23:08: Train Epoch 2709: 0/37 Loss: 0.017976
2026-04-20 23:08: Train Epoch 2709: 20/37 Loss: 0.005914
2026-04-20 23:08: **********Train Epoch 2709: averaged Loss: 0.007187
2026-04-20 23:08: **********Val Epoch 2709: average Loss: 0.004900
2026-04-20 23:08: Train Epoch 2710: 0/37 Loss: 0.003436
2026-04-20 23:08: Train Epoch 2710: 20/37 Loss: 0.004798
2026-04-20 23:08: **********Train Epoch 2710: averaged Loss: 0.006874
2026-04-20 23:08: **********Val Epoch 2710: average Loss: 0.016907
2026-04-20 23:08: Train Epoch 2711: 0/37 Loss: 0.007458
2026-04-20 23:08: Train Epoch 2711: 20/37 Loss: 0.009461
2026-04-20 23:08: **********Train Epoch 2711: averaged Loss: 0.006668
2026-04-20 23:08: **********Val Epoch 2711: average Loss: 0.012048
2026-04-20 23:08: Train Epoch 2712: 0/37 Loss: 0.021450
2026-04-20 23:08: Train Epoch 2712: 20/37 Loss: 0.004107
2026-04-20 23:08: **********Train Epoch 2712: averaged Loss: 0.008381
2026-04-20 23:08: **********Val Epoch 2712: average Loss: 0.009551
2026-04-20 23:08: Train Epoch 2713: 0/37 Loss: 0.003497
2026-04-20 23:08: Train Epoch 2713: 20/37 Loss: 0.005438
2026-04-20 23:08: **********Train Epoch 2713: averaged Loss: 0.006324
2026-04-20 23:08: **********Val Epoch 2713: average Loss: 0.004229
2026-04-20 23:08: Train Epoch 2714: 0/37 Loss: 0.012961
2026-04-20 23:08: Train Epoch 2714: 20/37 Loss: 0.006996
2026-04-20 23:08: **********Train Epoch 2714: averaged Loss: 0.006854
2026-04-20 23:08: **********Val Epoch 2714: average Loss: 0.004814
2026-04-20 23:08: Train Epoch 2715: 0/37 Loss: 0.007165
2026-04-20 23:08: Train Epoch 2715: 20/37 Loss: 0.007150
2026-04-20 23:08: **********Train Epoch 2715: averaged Loss: 0.006157
2026-04-20 23:08: **********Val Epoch 2715: average Loss: 0.004112
2026-04-20 23:08: Train Epoch 2716: 0/37 Loss: 0.002004
2026-04-20 23:08: Train Epoch 2716: 20/37 Loss: 0.005036
2026-04-20 23:08: **********Train Epoch 2716: averaged Loss: 0.005465
2026-04-20 23:08: **********Val Epoch 2716: average Loss: 0.004074
2026-04-20 23:08: Train Epoch 2717: 0/37 Loss: 0.021212
2026-04-20 23:08: Train Epoch 2717: 20/37 Loss: 0.008086
2026-04-20 23:08: **********Train Epoch 2717: averaged Loss: 0.006972
2026-04-20 23:08: **********Val Epoch 2717: average Loss: 0.004902
2026-04-20 23:08: Train Epoch 2718: 0/37 Loss: 0.025504
2026-04-20 23:08: Train Epoch 2718: 20/37 Loss: 0.007222
2026-04-20 23:08: **********Train Epoch 2718: averaged Loss: 0.009635
2026-04-20 23:08: **********Val Epoch 2718: average Loss: 0.009336
2026-04-20 23:08: Train Epoch 2719: 0/37 Loss: 0.037896
2026-04-20 23:08: Train Epoch 2719: 20/37 Loss: 0.013554
2026-04-20 23:08: **********Train Epoch 2719: averaged Loss: 0.013669
2026-04-20 23:08: **********Val Epoch 2719: average Loss: 0.006501
2026-04-20 23:08: Train Epoch 2720: 0/37 Loss: 0.036371
2026-04-20 23:08: Train Epoch 2720: 20/37 Loss: 0.006604
2026-04-20 23:08: **********Train Epoch 2720: averaged Loss: 0.013004
2026-04-20 23:08: **********Val Epoch 2720: average Loss: 0.019994
2026-04-20 23:08: Train Epoch 2721: 0/37 Loss: 0.006504
2026-04-20 23:08: Train Epoch 2721: 20/37 Loss: 0.004170
2026-04-20 23:08: **********Train Epoch 2721: averaged Loss: 0.006071
2026-04-20 23:08: **********Val Epoch 2721: average Loss: 0.015131
2026-04-20 23:08: Train Epoch 2722: 0/37 Loss: 0.001946
2026-04-20 23:08: Train Epoch 2722: 20/37 Loss: 0.004481
2026-04-20 23:08: **********Train Epoch 2722: averaged Loss: 0.006280
2026-04-20 23:08: **********Val Epoch 2722: average Loss: 0.014542
2026-04-20 23:08: Train Epoch 2723: 0/37 Loss: 0.001893
2026-04-20 23:08: Train Epoch 2723: 20/37 Loss: 0.007928
2026-04-20 23:08: **********Train Epoch 2723: averaged Loss: 0.009002
2026-04-20 23:08: **********Val Epoch 2723: average Loss: 0.036903
2026-04-20 23:08: Train Epoch 2724: 0/37 Loss: 0.001577
2026-04-20 23:08: Train Epoch 2724: 20/37 Loss: 0.019609
2026-04-20 23:08: **********Train Epoch 2724: averaged Loss: 0.008251
2026-04-20 23:08: **********Val Epoch 2724: average Loss: 0.020284
2026-04-20 23:08: Train Epoch 2725: 0/37 Loss: 0.035760
2026-04-20 23:08: Train Epoch 2725: 20/37 Loss: 0.004063
2026-04-20 23:08: **********Train Epoch 2725: averaged Loss: 0.011769
2026-04-20 23:08: **********Val Epoch 2725: average Loss: 0.008514
2026-04-20 23:08: Train Epoch 2726: 0/37 Loss: 0.013643
2026-04-20 23:08: Train Epoch 2726: 20/37 Loss: 0.009506
2026-04-20 23:08: **********Train Epoch 2726: averaged Loss: 0.007265
2026-04-20 23:08: **********Val Epoch 2726: average Loss: 0.009512
2026-04-20 23:08: Train Epoch 2727: 0/37 Loss: 0.004430
2026-04-20 23:08: Train Epoch 2727: 20/37 Loss: 0.005810
2026-04-20 23:08: **********Train Epoch 2727: averaged Loss: 0.005911
2026-04-20 23:08: **********Val Epoch 2727: average Loss: 0.011083
2026-04-20 23:08: Train Epoch 2728: 0/37 Loss: 0.023971
2026-04-20 23:08: Train Epoch 2728: 20/37 Loss: 0.014686
2026-04-20 23:08: **********Train Epoch 2728: averaged Loss: 0.008831
2026-04-20 23:08: **********Val Epoch 2728: average Loss: 0.008441
2026-04-20 23:08: Train Epoch 2729: 0/37 Loss: 0.011946
2026-04-20 23:08: Train Epoch 2729: 20/37 Loss: 0.004838
2026-04-20 23:08: **********Train Epoch 2729: averaged Loss: 0.005863
2026-04-20 23:08: **********Val Epoch 2729: average Loss: 0.004374
2026-04-20 23:08: Train Epoch 2730: 0/37 Loss: 0.012855
2026-04-20 23:08: Train Epoch 2730: 20/37 Loss: 0.007536
2026-04-20 23:09: **********Train Epoch 2730: averaged Loss: 0.006145
2026-04-20 23:09: **********Val Epoch 2730: average Loss: 0.007984
2026-04-20 23:09: Train Epoch 2731: 0/37 Loss: 0.006331
2026-04-20 23:09: Train Epoch 2731: 20/37 Loss: 0.004864
2026-04-20 23:09: **********Train Epoch 2731: averaged Loss: 0.007036
2026-04-20 23:09: **********Val Epoch 2731: average Loss: 0.024329
2026-04-20 23:09: Train Epoch 2732: 0/37 Loss: 0.017423
2026-04-20 23:09: Train Epoch 2732: 20/37 Loss: 0.010019
2026-04-20 23:09: **********Train Epoch 2732: averaged Loss: 0.007759
2026-04-20 23:09: **********Val Epoch 2732: average Loss: 0.004661
2026-04-20 23:09: Train Epoch 2733: 0/37 Loss: 0.006660
2026-04-20 23:09: Train Epoch 2733: 20/37 Loss: 0.006747
2026-04-20 23:09: **********Train Epoch 2733: averaged Loss: 0.004314
2026-04-20 23:09: **********Val Epoch 2733: average Loss: 0.007660
2026-04-20 23:09: Train Epoch 2734: 0/37 Loss: 0.001496
2026-04-20 23:09: Train Epoch 2734: 20/37 Loss: 0.006249
2026-04-20 23:09: **********Train Epoch 2734: averaged Loss: 0.003936
2026-04-20 23:09: **********Val Epoch 2734: average Loss: 0.010192
2026-04-20 23:09: Train Epoch 2735: 0/37 Loss: 0.016256
2026-04-20 23:09: Train Epoch 2735: 20/37 Loss: 0.007015
2026-04-20 23:09: **********Train Epoch 2735: averaged Loss: 0.006620
2026-04-20 23:09: **********Val Epoch 2735: average Loss: 0.003708
2026-04-20 23:09: *********************************Current best model saved!
2026-04-20 23:09: Train Epoch 2736: 0/37 Loss: 0.006634
2026-04-20 23:09: Train Epoch 2736: 20/37 Loss: 0.006532
2026-04-20 23:09: **********Train Epoch 2736: averaged Loss: 0.004504
2026-04-20 23:09: **********Val Epoch 2736: average Loss: 0.004153
2026-04-20 23:09: Train Epoch 2737: 0/37 Loss: 0.012018
2026-04-20 23:09: Train Epoch 2737: 20/37 Loss: 0.006865
2026-04-20 23:09: **********Train Epoch 2737: averaged Loss: 0.005784
2026-04-20 23:09: **********Val Epoch 2737: average Loss: 0.009130
2026-04-20 23:09: Train Epoch 2738: 0/37 Loss: 0.012116
2026-04-20 23:09: Train Epoch 2738: 20/37 Loss: 0.005895
2026-04-20 23:09: **********Train Epoch 2738: averaged Loss: 0.007035
2026-04-20 23:09: **********Val Epoch 2738: average Loss: 0.019172
2026-04-20 23:09: Train Epoch 2739: 0/37 Loss: 0.008999
2026-04-20 23:09: Train Epoch 2739: 20/37 Loss: 0.004106
2026-04-20 23:09: **********Train Epoch 2739: averaged Loss: 0.005800
2026-04-20 23:09: **********Val Epoch 2739: average Loss: 0.006623
2026-04-20 23:09: Train Epoch 2740: 0/37 Loss: 0.005317
2026-04-20 23:09: Train Epoch 2740: 20/37 Loss: 0.007493
2026-04-20 23:09: **********Train Epoch 2740: averaged Loss: 0.004947
2026-04-20 23:09: **********Val Epoch 2740: average Loss: 0.005377
2026-04-20 23:09: Train Epoch 2741: 0/37 Loss: 0.009478
2026-04-20 23:09: Train Epoch 2741: 20/37 Loss: 0.003989
2026-04-20 23:09: **********Train Epoch 2741: averaged Loss: 0.004979
2026-04-20 23:09: **********Val Epoch 2741: average Loss: 0.006112
2026-04-20 23:09: Train Epoch 2742: 0/37 Loss: 0.003025
2026-04-20 23:09: Train Epoch 2742: 20/37 Loss: 0.004817
2026-04-20 23:09: **********Train Epoch 2742: averaged Loss: 0.005599
2026-04-20 23:09: **********Val Epoch 2742: average Loss: 0.020872
2026-04-20 23:09: Train Epoch 2743: 0/37 Loss: 0.028450
2026-04-20 23:09: Train Epoch 2743: 20/37 Loss: 0.010706
2026-04-20 23:09: **********Train Epoch 2743: averaged Loss: 0.009833
2026-04-20 23:09: **********Val Epoch 2743: average Loss: 0.011901
2026-04-20 23:09: Train Epoch 2744: 0/37 Loss: 0.008025
2026-04-20 23:09: Train Epoch 2744: 20/37 Loss: 0.004742
2026-04-20 23:09: **********Train Epoch 2744: averaged Loss: 0.005590
2026-04-20 23:09: **********Val Epoch 2744: average Loss: 0.015471
2026-04-20 23:09: Train Epoch 2745: 0/37 Loss: 0.017160
2026-04-20 23:09: Train Epoch 2745: 20/37 Loss: 0.008536
2026-04-20 23:09: **********Train Epoch 2745: averaged Loss: 0.008133
2026-04-20 23:09: **********Val Epoch 2745: average Loss: 0.008391
2026-04-20 23:09: Train Epoch 2746: 0/37 Loss: 0.008096
2026-04-20 23:09: Train Epoch 2746: 20/37 Loss: 0.004080
2026-04-20 23:09: **********Train Epoch 2746: averaged Loss: 0.007800
2026-04-20 23:09: **********Val Epoch 2746: average Loss: 0.032957
2026-04-20 23:09: Train Epoch 2747: 0/37 Loss: 0.013056
2026-04-20 23:09: Train Epoch 2747: 20/37 Loss: 0.019508
2026-04-20 23:09: **********Train Epoch 2747: averaged Loss: 0.009665
2026-04-20 23:09: **********Val Epoch 2747: average Loss: 0.007590
2026-04-20 23:09: Train Epoch 2748: 0/37 Loss: 0.033503
2026-04-20 23:09: Train Epoch 2748: 20/37 Loss: 0.004421
2026-04-20 23:09: **********Train Epoch 2748: averaged Loss: 0.012385
2026-04-20 23:09: **********Val Epoch 2748: average Loss: 0.007909
2026-04-20 23:09: Train Epoch 2749: 0/37 Loss: 0.026813
2026-04-20 23:09: Train Epoch 2749: 20/37 Loss: 0.007142
2026-04-20 23:09: **********Train Epoch 2749: averaged Loss: 0.010305
2026-04-20 23:09: **********Val Epoch 2749: average Loss: 0.006535
2026-04-20 23:09: Train Epoch 2750: 0/37 Loss: 0.011203
2026-04-20 23:09: Train Epoch 2750: 20/37 Loss: 0.006107
2026-04-20 23:09: **********Train Epoch 2750: averaged Loss: 0.007053
2026-04-20 23:09: **********Val Epoch 2750: average Loss: 0.008539
2026-04-20 23:09: Train Epoch 2751: 0/37 Loss: 0.020087
2026-04-20 23:09: Train Epoch 2751: 20/37 Loss: 0.010114
2026-04-20 23:09: **********Train Epoch 2751: averaged Loss: 0.008468
2026-04-20 23:09: **********Val Epoch 2751: average Loss: 0.009217
2026-04-20 23:09: Train Epoch 2752: 0/37 Loss: 0.030314
2026-04-20 23:09: Train Epoch 2752: 20/37 Loss: 0.007818
2026-04-20 23:09: **********Train Epoch 2752: averaged Loss: 0.008834
2026-04-20 23:09: **********Val Epoch 2752: average Loss: 0.006533
2026-04-20 23:09: Train Epoch 2753: 0/37 Loss: 0.017585
2026-04-20 23:09: Train Epoch 2753: 20/37 Loss: 0.008938
2026-04-20 23:09: **********Train Epoch 2753: averaged Loss: 0.006704
2026-04-20 23:09: **********Val Epoch 2753: average Loss: 0.005576
2026-04-20 23:09: Train Epoch 2754: 0/37 Loss: 0.002588
2026-04-20 23:09: Train Epoch 2754: 20/37 Loss: 0.005079
2026-04-20 23:09: **********Train Epoch 2754: averaged Loss: 0.004204
2026-04-20 23:09: **********Val Epoch 2754: average Loss: 0.007358
2026-04-20 23:09: Train Epoch 2755: 0/37 Loss: 0.011675
2026-04-20 23:09: Train Epoch 2755: 20/37 Loss: 0.004180
2026-04-20 23:09: **********Train Epoch 2755: averaged Loss: 0.005674
2026-04-20 23:09: **********Val Epoch 2755: average Loss: 0.017811
2026-04-20 23:09: Train Epoch 2756: 0/37 Loss: 0.002006
2026-04-20 23:09: Train Epoch 2756: 20/37 Loss: 0.004793
2026-04-20 23:09: **********Train Epoch 2756: averaged Loss: 0.005162
2026-04-20 23:09: **********Val Epoch 2756: average Loss: 0.007942
2026-04-20 23:09: Train Epoch 2757: 0/37 Loss: 0.010242
2026-04-20 23:09: Train Epoch 2757: 20/37 Loss: 0.004127
2026-04-20 23:09: **********Train Epoch 2757: averaged Loss: 0.006756
2026-04-20 23:09: **********Val Epoch 2757: average Loss: 0.018249
2026-04-20 23:09: Train Epoch 2758: 0/37 Loss: 0.002827
2026-04-20 23:09: Train Epoch 2758: 20/37 Loss: 0.005814
2026-04-20 23:09: **********Train Epoch 2758: averaged Loss: 0.006376
2026-04-20 23:09: **********Val Epoch 2758: average Loss: 0.010446
2026-04-20 23:09: Train Epoch 2759: 0/37 Loss: 0.020207
2026-04-20 23:10: Train Epoch 2759: 20/37 Loss: 0.004972
2026-04-20 23:10: **********Train Epoch 2759: averaged Loss: 0.008248
2026-04-20 23:10: **********Val Epoch 2759: average Loss: 0.024957
2026-04-20 23:10: Train Epoch 2760: 0/37 Loss: 0.009888
2026-04-20 23:10: Train Epoch 2760: 20/37 Loss: 0.004767
2026-04-20 23:10: **********Train Epoch 2760: averaged Loss: 0.006522
2026-04-20 23:10: **********Val Epoch 2760: average Loss: 0.007250
2026-04-20 23:10: Train Epoch 2761: 0/37 Loss: 0.018399
2026-04-20 23:10: Train Epoch 2761: 20/37 Loss: 0.004125
2026-04-20 23:10: **********Train Epoch 2761: averaged Loss: 0.007714
2026-04-20 23:10: **********Val Epoch 2761: average Loss: 0.005425
2026-04-20 23:10: Train Epoch 2762: 0/37 Loss: 0.015048
2026-04-20 23:10: Train Epoch 2762: 20/37 Loss: 0.004887
2026-04-20 23:10: **********Train Epoch 2762: averaged Loss: 0.006548
2026-04-20 23:10: **********Val Epoch 2762: average Loss: 0.004950
2026-04-20 23:10: Train Epoch 2763: 0/37 Loss: 0.003935
2026-04-20 23:10: Train Epoch 2763: 20/37 Loss: 0.005686
2026-04-20 23:10: **********Train Epoch 2763: averaged Loss: 0.006089
2026-04-20 23:10: **********Val Epoch 2763: average Loss: 0.006455
2026-04-20 23:10: Train Epoch 2764: 0/37 Loss: 0.011955
2026-04-20 23:10: Train Epoch 2764: 20/37 Loss: 0.006113
2026-04-20 23:10: **********Train Epoch 2764: averaged Loss: 0.008506
2026-04-20 23:10: **********Val Epoch 2764: average Loss: 0.013700
2026-04-20 23:10: Train Epoch 2765: 0/37 Loss: 0.011893
2026-04-20 23:10: Train Epoch 2765: 20/37 Loss: 0.011458
2026-04-20 23:10: **********Train Epoch 2765: averaged Loss: 0.009198
2026-04-20 23:10: **********Val Epoch 2765: average Loss: 0.011062
2026-04-20 23:10: Train Epoch 2766: 0/37 Loss: 0.025753
2026-04-20 23:10: Train Epoch 2766: 20/37 Loss: 0.005844
2026-04-20 23:10: **********Train Epoch 2766: averaged Loss: 0.008466
2026-04-20 23:10: **********Val Epoch 2766: average Loss: 0.007745
2026-04-20 23:10: Train Epoch 2767: 0/37 Loss: 0.011542
2026-04-20 23:10: Train Epoch 2767: 20/37 Loss: 0.004152
2026-04-20 23:10: **********Train Epoch 2767: averaged Loss: 0.004873
2026-04-20 23:10: **********Val Epoch 2767: average Loss: 0.004846
2026-04-20 23:10: Train Epoch 2768: 0/37 Loss: 0.001935
2026-04-20 23:10: Train Epoch 2768: 20/37 Loss: 0.004987
2026-04-20 23:10: **********Train Epoch 2768: averaged Loss: 0.005069
2026-04-20 23:10: **********Val Epoch 2768: average Loss: 0.005437
2026-04-20 23:10: Train Epoch 2769: 0/37 Loss: 0.001740
2026-04-20 23:10: Train Epoch 2769: 20/37 Loss: 0.005511
2026-04-20 23:10: **********Train Epoch 2769: averaged Loss: 0.004334
2026-04-20 23:10: **********Val Epoch 2769: average Loss: 0.005273
2026-04-20 23:10: Train Epoch 2770: 0/37 Loss: 0.003267
2026-04-20 23:10: Train Epoch 2770: 20/37 Loss: 0.004062
2026-04-20 23:10: **********Train Epoch 2770: averaged Loss: 0.003682
2026-04-20 23:10: **********Val Epoch 2770: average Loss: 0.006684
2026-04-20 23:10: Train Epoch 2771: 0/37 Loss: 0.002263
2026-04-20 23:10: Train Epoch 2771: 20/37 Loss: 0.004398
2026-04-20 23:10: **********Train Epoch 2771: averaged Loss: 0.004667
2026-04-20 23:10: **********Val Epoch 2771: average Loss: 0.004845
2026-04-20 23:10: Train Epoch 2772: 0/37 Loss: 0.008209
2026-04-20 23:10: Train Epoch 2772: 20/37 Loss: 0.004655
2026-04-20 23:10: **********Train Epoch 2772: averaged Loss: 0.005545
2026-04-20 23:10: **********Val Epoch 2772: average Loss: 0.006083
2026-04-20 23:10: Train Epoch 2773: 0/37 Loss: 0.021411
2026-04-20 23:10: Train Epoch 2773: 20/37 Loss: 0.004172
2026-04-20 23:10: **********Train Epoch 2773: averaged Loss: 0.007024
2026-04-20 23:10: **********Val Epoch 2773: average Loss: 0.005644
2026-04-20 23:10: Train Epoch 2774: 0/37 Loss: 0.013243
2026-04-20 23:10: Train Epoch 2774: 20/37 Loss: 0.008821
2026-04-20 23:10: **********Train Epoch 2774: averaged Loss: 0.007855
2026-04-20 23:10: **********Val Epoch 2774: average Loss: 0.017755
2026-04-20 23:10: Train Epoch 2775: 0/37 Loss: 0.018821
2026-04-20 23:10: Train Epoch 2775: 20/37 Loss: 0.006496
2026-04-20 23:10: **********Train Epoch 2775: averaged Loss: 0.007714
2026-04-20 23:10: **********Val Epoch 2775: average Loss: 0.005565
2026-04-20 23:10: Train Epoch 2776: 0/37 Loss: 0.004849
2026-04-20 23:10: Train Epoch 2776: 20/37 Loss: 0.004059
2026-04-20 23:10: **********Train Epoch 2776: averaged Loss: 0.006016
2026-04-20 23:10: **********Val Epoch 2776: average Loss: 0.010008
2026-04-20 23:10: Train Epoch 2777: 0/37 Loss: 0.012967
2026-04-20 23:10: Train Epoch 2777: 20/37 Loss: 0.005763
2026-04-20 23:10: **********Train Epoch 2777: averaged Loss: 0.006042
2026-04-20 23:10: **********Val Epoch 2777: average Loss: 0.011703
2026-04-20 23:10: Train Epoch 2778: 0/37 Loss: 0.006260
2026-04-20 23:10: Train Epoch 2778: 20/37 Loss: 0.004541
2026-04-20 23:10: **********Train Epoch 2778: averaged Loss: 0.005150
2026-04-20 23:10: **********Val Epoch 2778: average Loss: 0.006267
2026-04-20 23:10: Train Epoch 2779: 0/37 Loss: 0.006566
2026-04-20 23:10: Train Epoch 2779: 20/37 Loss: 0.004079
2026-04-20 23:10: **********Train Epoch 2779: averaged Loss: 0.006747
2026-04-20 23:10: **********Val Epoch 2779: average Loss: 0.005556
2026-04-20 23:10: Train Epoch 2780: 0/37 Loss: 0.014341
2026-04-20 23:10: Train Epoch 2780: 20/37 Loss: 0.003964
2026-04-20 23:10: **********Train Epoch 2780: averaged Loss: 0.007419
2026-04-20 23:10: **********Val Epoch 2780: average Loss: 0.010328
2026-04-20 23:10: Train Epoch 2781: 0/37 Loss: 0.003814
2026-04-20 23:10: Train Epoch 2781: 20/37 Loss: 0.006097
2026-04-20 23:10: **********Train Epoch 2781: averaged Loss: 0.006509
2026-04-20 23:10: **********Val Epoch 2781: average Loss: 0.014264
2026-04-20 23:10: Train Epoch 2782: 0/37 Loss: 0.003153
2026-04-20 23:10: Train Epoch 2782: 20/37 Loss: 0.006164
2026-04-20 23:10: **********Train Epoch 2782: averaged Loss: 0.005958
2026-04-20 23:10: **********Val Epoch 2782: average Loss: 0.005707
2026-04-20 23:10: Train Epoch 2783: 0/37 Loss: 0.009145
2026-04-20 23:10: Train Epoch 2783: 20/37 Loss: 0.004252
2026-04-20 23:10: **********Train Epoch 2783: averaged Loss: 0.007023
2026-04-20 23:10: **********Val Epoch 2783: average Loss: 0.012920
2026-04-20 23:10: Train Epoch 2784: 0/37 Loss: 0.022217
2026-04-20 23:10: Train Epoch 2784: 20/37 Loss: 0.019837
2026-04-20 23:10: **********Train Epoch 2784: averaged Loss: 0.010066
2026-04-20 23:10: **********Val Epoch 2784: average Loss: 0.005825
2026-04-20 23:10: Train Epoch 2785: 0/37 Loss: 0.019185
2026-04-20 23:10: Train Epoch 2785: 20/37 Loss: 0.005437
2026-04-20 23:10: **********Train Epoch 2785: averaged Loss: 0.007936
2026-04-20 23:10: **********Val Epoch 2785: average Loss: 0.005839
2026-04-20 23:10: Train Epoch 2786: 0/37 Loss: 0.023413
2026-04-20 23:10: Train Epoch 2786: 20/37 Loss: 0.008741
2026-04-20 23:10: **********Train Epoch 2786: averaged Loss: 0.008285
2026-04-20 23:10: **********Val Epoch 2786: average Loss: 0.007865
2026-04-20 23:10: Train Epoch 2787: 0/37 Loss: 0.018011
2026-04-20 23:10: Train Epoch 2787: 20/37 Loss: 0.009670
2026-04-20 23:11: **********Train Epoch 2787: averaged Loss: 0.008078
2026-04-20 23:11: **********Val Epoch 2787: average Loss: 0.019938
2026-04-20 23:11: Train Epoch 2788: 0/37 Loss: 0.006936
2026-04-20 23:11: Train Epoch 2788: 20/37 Loss: 0.003939
2026-04-20 23:11: **********Train Epoch 2788: averaged Loss: 0.005866
2026-04-20 23:11: **********Val Epoch 2788: average Loss: 0.005175
2026-04-20 23:11: Train Epoch 2789: 0/37 Loss: 0.021309
2026-04-20 23:11: Train Epoch 2789: 20/37 Loss: 0.005603
2026-04-20 23:11: **********Train Epoch 2789: averaged Loss: 0.007591
2026-04-20 23:11: **********Val Epoch 2789: average Loss: 0.004015
2026-04-20 23:11: Train Epoch 2790: 0/37 Loss: 0.045195
2026-04-20 23:11: Train Epoch 2790: 20/37 Loss: 0.005359
2026-04-20 23:11: **********Train Epoch 2790: averaged Loss: 0.013330
2026-04-20 23:11: **********Val Epoch 2790: average Loss: 0.011939
2026-04-20 23:11: Train Epoch 2791: 0/37 Loss: 0.026895
2026-04-20 23:11: Train Epoch 2791: 20/37 Loss: 0.007209
2026-04-20 23:11: **********Train Epoch 2791: averaged Loss: 0.009622
2026-04-20 23:11: **********Val Epoch 2791: average Loss: 0.022923
2026-04-20 23:11: Train Epoch 2792: 0/37 Loss: 0.021143
2026-04-20 23:11: Train Epoch 2792: 20/37 Loss: 0.005390
2026-04-20 23:11: **********Train Epoch 2792: averaged Loss: 0.006836
2026-04-20 23:11: **********Val Epoch 2792: average Loss: 0.006901
2026-04-20 23:11: Train Epoch 2793: 0/37 Loss: 0.024840
2026-04-20 23:11: Train Epoch 2793: 20/37 Loss: 0.005095
2026-04-20 23:11: **********Train Epoch 2793: averaged Loss: 0.007061
2026-04-20 23:11: **********Val Epoch 2793: average Loss: 0.006439
2026-04-20 23:11: Train Epoch 2794: 0/37 Loss: 0.016229
2026-04-20 23:11: Train Epoch 2794: 20/37 Loss: 0.004007
2026-04-20 23:11: **********Train Epoch 2794: averaged Loss: 0.006488
2026-04-20 23:11: **********Val Epoch 2794: average Loss: 0.012619
2026-04-20 23:11: Train Epoch 2795: 0/37 Loss: 0.004109
2026-04-20 23:11: Train Epoch 2795: 20/37 Loss: 0.004651
2026-04-20 23:11: **********Train Epoch 2795: averaged Loss: 0.005363
2026-04-20 23:11: **********Val Epoch 2795: average Loss: 0.024632
2026-04-20 23:11: Train Epoch 2796: 0/37 Loss: 0.014402
2026-04-20 23:11: Train Epoch 2796: 20/37 Loss: 0.011562
2026-04-20 23:11: **********Train Epoch 2796: averaged Loss: 0.008213
2026-04-20 23:11: **********Val Epoch 2796: average Loss: 0.007292
2026-04-20 23:11: Train Epoch 2797: 0/37 Loss: 0.013053
2026-04-20 23:11: Train Epoch 2797: 20/37 Loss: 0.004830
2026-04-20 23:11: **********Train Epoch 2797: averaged Loss: 0.005440
2026-04-20 23:11: **********Val Epoch 2797: average Loss: 0.005086
2026-04-20 23:11: Train Epoch 2798: 0/37 Loss: 0.002391
2026-04-20 23:11: Train Epoch 2798: 20/37 Loss: 0.005097
2026-04-20 23:11: **********Train Epoch 2798: averaged Loss: 0.005800
2026-04-20 23:11: **********Val Epoch 2798: average Loss: 0.025970
2026-04-20 23:11: Train Epoch 2799: 0/37 Loss: 0.008833
2026-04-20 23:11: Train Epoch 2799: 20/37 Loss: 0.012383
2026-04-20 23:11: **********Train Epoch 2799: averaged Loss: 0.006907
2026-04-20 23:11: **********Val Epoch 2799: average Loss: 0.008200
2026-04-20 23:11: Train Epoch 2800: 0/37 Loss: 0.025951
2026-04-20 23:11: Train Epoch 2800: 20/37 Loss: 0.005044
2026-04-20 23:11: **********Train Epoch 2800: averaged Loss: 0.008069
2026-04-20 23:11: **********Val Epoch 2800: average Loss: 0.012405
2026-04-20 23:11: Train Epoch 2801: 0/37 Loss: 0.017998
2026-04-20 23:11: Train Epoch 2801: 20/37 Loss: 0.005615
2026-04-20 23:11: **********Train Epoch 2801: averaged Loss: 0.007207
2026-04-20 23:11: **********Val Epoch 2801: average Loss: 0.029483
2026-04-20 23:11: Train Epoch 2802: 0/37 Loss: 0.015026
2026-04-20 23:11: Train Epoch 2802: 20/37 Loss: 0.006357
2026-04-20 23:11: **********Train Epoch 2802: averaged Loss: 0.007783
2026-04-20 23:11: **********Val Epoch 2802: average Loss: 0.006404
2026-04-20 23:11: Train Epoch 2803: 0/37 Loss: 0.010556
2026-04-20 23:11: Train Epoch 2803: 20/37 Loss: 0.004360
2026-04-20 23:11: **********Train Epoch 2803: averaged Loss: 0.004645
2026-04-20 23:11: **********Val Epoch 2803: average Loss: 0.011526
2026-04-20 23:11: Train Epoch 2804: 0/37 Loss: 0.020826
2026-04-20 23:11: Train Epoch 2804: 20/37 Loss: 0.007267
2026-04-20 23:11: **********Train Epoch 2804: averaged Loss: 0.007314
2026-04-20 23:11: **********Val Epoch 2804: average Loss: 0.006032
2026-04-20 23:11: Train Epoch 2805: 0/37 Loss: 0.005817
2026-04-20 23:11: Train Epoch 2805: 20/37 Loss: 0.006615
2026-04-20 23:11: **********Train Epoch 2805: averaged Loss: 0.004602
2026-04-20 23:11: **********Val Epoch 2805: average Loss: 0.006289
2026-04-20 23:11: Train Epoch 2806: 0/37 Loss: 0.002173
2026-04-20 23:11: Train Epoch 2806: 20/37 Loss: 0.005262
2026-04-20 23:11: **********Train Epoch 2806: averaged Loss: 0.004878
2026-04-20 23:11: **********Val Epoch 2806: average Loss: 0.004998
2026-04-20 23:11: Train Epoch 2807: 0/37 Loss: 0.001368
2026-04-20 23:11: Train Epoch 2807: 20/37 Loss: 0.005192
2026-04-20 23:11: **********Train Epoch 2807: averaged Loss: 0.003890
2026-04-20 23:11: **********Val Epoch 2807: average Loss: 0.011177
2026-04-20 23:11: Train Epoch 2808: 0/37 Loss: 0.009105
2026-04-20 23:11: Train Epoch 2808: 20/37 Loss: 0.004305
2026-04-20 23:11: **********Train Epoch 2808: averaged Loss: 0.007299
2026-04-20 23:11: **********Val Epoch 2808: average Loss: 0.010709
2026-04-20 23:11: Train Epoch 2809: 0/37 Loss: 0.009837
2026-04-20 23:11: Train Epoch 2809: 20/37 Loss: 0.011330
2026-04-20 23:11: **********Train Epoch 2809: averaged Loss: 0.007875
2026-04-20 23:11: **********Val Epoch 2809: average Loss: 0.005406
2026-04-20 23:11: Train Epoch 2810: 0/37 Loss: 0.021707
2026-04-20 23:11: Train Epoch 2810: 20/37 Loss: 0.009545
2026-04-20 23:11: **********Train Epoch 2810: averaged Loss: 0.008988
2026-04-20 23:11: **********Val Epoch 2810: average Loss: 0.007505
2026-04-20 23:11: Train Epoch 2811: 0/37 Loss: 0.004593
2026-04-20 23:11: Train Epoch 2811: 20/37 Loss: 0.007918
2026-04-20 23:11: **********Train Epoch 2811: averaged Loss: 0.005765
2026-04-20 23:11: **********Val Epoch 2811: average Loss: 0.013974
2026-04-20 23:11: Train Epoch 2812: 0/37 Loss: 0.033940
2026-04-20 23:11: Train Epoch 2812: 20/37 Loss: 0.006134
2026-04-20 23:11: **********Train Epoch 2812: averaged Loss: 0.009530
2026-04-20 23:11: **********Val Epoch 2812: average Loss: 0.006441
2026-04-20 23:11: Train Epoch 2813: 0/37 Loss: 0.020421
2026-04-20 23:11: Train Epoch 2813: 20/37 Loss: 0.004799
2026-04-20 23:11: **********Train Epoch 2813: averaged Loss: 0.007213
2026-04-20 23:11: **********Val Epoch 2813: average Loss: 0.005425
2026-04-20 23:11: Train Epoch 2814: 0/37 Loss: 0.004525
2026-04-20 23:11: Train Epoch 2814: 20/37 Loss: 0.006405
2026-04-20 23:11: **********Train Epoch 2814: averaged Loss: 0.004584
2026-04-20 23:11: **********Val Epoch 2814: average Loss: 0.006912
2026-04-20 23:11: Train Epoch 2815: 0/37 Loss: 0.003616
2026-04-20 23:11: Train Epoch 2815: 20/37 Loss: 0.003873
2026-04-20 23:11: **********Train Epoch 2815: averaged Loss: 0.003550
2026-04-20 23:11: **********Val Epoch 2815: average Loss: 0.006574
2026-04-20 23:11: Train Epoch 2816: 0/37 Loss: 0.004947
2026-04-20 23:12: Train Epoch 2816: 20/37 Loss: 0.004347
2026-04-20 23:12: **********Train Epoch 2816: averaged Loss: 0.004377
2026-04-20 23:12: **********Val Epoch 2816: average Loss: 0.008635
2026-04-20 23:12: Train Epoch 2817: 0/37 Loss: 0.016910
2026-04-20 23:12: Train Epoch 2817: 20/37 Loss: 0.004956
2026-04-20 23:12: **********Train Epoch 2817: averaged Loss: 0.006365
2026-04-20 23:12: **********Val Epoch 2817: average Loss: 0.004447
2026-04-20 23:12: Train Epoch 2818: 0/37 Loss: 0.012080
2026-04-20 23:12: Train Epoch 2818: 20/37 Loss: 0.004668
2026-04-20 23:12: **********Train Epoch 2818: averaged Loss: 0.006015
2026-04-20 23:12: **********Val Epoch 2818: average Loss: 0.007732
2026-04-20 23:12: Train Epoch 2819: 0/37 Loss: 0.012396
2026-04-20 23:12: Train Epoch 2819: 20/37 Loss: 0.004345
2026-04-20 23:12: **********Train Epoch 2819: averaged Loss: 0.006191
2026-04-20 23:12: **********Val Epoch 2819: average Loss: 0.005226
2026-04-20 23:12: Train Epoch 2820: 0/37 Loss: 0.008003
2026-04-20 23:12: Train Epoch 2820: 20/37 Loss: 0.003998
2026-04-20 23:12: **********Train Epoch 2820: averaged Loss: 0.006120
2026-04-20 23:12: **********Val Epoch 2820: average Loss: 0.008575
2026-04-20 23:12: Train Epoch 2821: 0/37 Loss: 0.007098
2026-04-20 23:12: Train Epoch 2821: 20/37 Loss: 0.009286
2026-04-20 23:12: **********Train Epoch 2821: averaged Loss: 0.008400
2026-04-20 23:12: **********Val Epoch 2821: average Loss: 0.018774
2026-04-20 23:12: Train Epoch 2822: 0/37 Loss: 0.003376
2026-04-20 23:12: Train Epoch 2822: 20/37 Loss: 0.004559
2026-04-20 23:12: **********Train Epoch 2822: averaged Loss: 0.005440
2026-04-20 23:12: **********Val Epoch 2822: average Loss: 0.004141
2026-04-20 23:12: Train Epoch 2823: 0/37 Loss: 0.033744
2026-04-20 23:12: Train Epoch 2823: 20/37 Loss: 0.004466
2026-04-20 23:12: **********Train Epoch 2823: averaged Loss: 0.010200
2026-04-20 23:12: **********Val Epoch 2823: average Loss: 0.007130
2026-04-20 23:12: Train Epoch 2824: 0/37 Loss: 0.008749
2026-04-20 23:12: Train Epoch 2824: 20/37 Loss: 0.006707
2026-04-20 23:12: **********Train Epoch 2824: averaged Loss: 0.005337
2026-04-20 23:12: **********Val Epoch 2824: average Loss: 0.006561
2026-04-20 23:12: Train Epoch 2825: 0/37 Loss: 0.019464
2026-04-20 23:12: Train Epoch 2825: 20/37 Loss: 0.003946
2026-04-20 23:12: **********Train Epoch 2825: averaged Loss: 0.008047
2026-04-20 23:12: **********Val Epoch 2825: average Loss: 0.013353
2026-04-20 23:12: Train Epoch 2826: 0/37 Loss: 0.007703
2026-04-20 23:12: Train Epoch 2826: 20/37 Loss: 0.008841
2026-04-20 23:12: **********Train Epoch 2826: averaged Loss: 0.006865
2026-04-20 23:12: **********Val Epoch 2826: average Loss: 0.010798
2026-04-20 23:12: Train Epoch 2827: 0/37 Loss: 0.002017
2026-04-20 23:12: Train Epoch 2827: 20/37 Loss: 0.005091
2026-04-20 23:12: **********Train Epoch 2827: averaged Loss: 0.005754
2026-04-20 23:12: **********Val Epoch 2827: average Loss: 0.014030
2026-04-20 23:12: Train Epoch 2828: 0/37 Loss: 0.008294
2026-04-20 23:12: Train Epoch 2828: 20/37 Loss: 0.008133
2026-04-20 23:12: **********Train Epoch 2828: averaged Loss: 0.006579
2026-04-20 23:12: **********Val Epoch 2828: average Loss: 0.008426
2026-04-20 23:12: Train Epoch 2829: 0/37 Loss: 0.004251
2026-04-20 23:12: Train Epoch 2829: 20/37 Loss: 0.003990
2026-04-20 23:12: **********Train Epoch 2829: averaged Loss: 0.006241
2026-04-20 23:12: **********Val Epoch 2829: average Loss: 0.011162
2026-04-20 23:12: Train Epoch 2830: 0/37 Loss: 0.022394
2026-04-20 23:12: Train Epoch 2830: 20/37 Loss: 0.020021
2026-04-20 23:12: **********Train Epoch 2830: averaged Loss: 0.010980
2026-04-20 23:12: **********Val Epoch 2830: average Loss: 0.012800
2026-04-20 23:12: Train Epoch 2831: 0/37 Loss: 0.004352
2026-04-20 23:12: Train Epoch 2831: 20/37 Loss: 0.006680
2026-04-20 23:12: **********Train Epoch 2831: averaged Loss: 0.007179
2026-04-20 23:12: **********Val Epoch 2831: average Loss: 0.018920
2026-04-20 23:12: Train Epoch 2832: 0/37 Loss: 0.001869
2026-04-20 23:12: Train Epoch 2832: 20/37 Loss: 0.004181
2026-04-20 23:12: **********Train Epoch 2832: averaged Loss: 0.006854
2026-04-20 23:12: **********Val Epoch 2832: average Loss: 0.006700
2026-04-20 23:12: Train Epoch 2833: 0/37 Loss: 0.005909
2026-04-20 23:12: Train Epoch 2833: 20/37 Loss: 0.006059
2026-04-20 23:12: **********Train Epoch 2833: averaged Loss: 0.007950
2026-04-20 23:12: **********Val Epoch 2833: average Loss: 0.024610
2026-04-20 23:12: Train Epoch 2834: 0/37 Loss: 0.007870
2026-04-20 23:12: Train Epoch 2834: 20/37 Loss: 0.005783
2026-04-20 23:12: **********Train Epoch 2834: averaged Loss: 0.006455
2026-04-20 23:12: **********Val Epoch 2834: average Loss: 0.004127
2026-04-20 23:12: Train Epoch 2835: 0/37 Loss: 0.036613
2026-04-20 23:12: Train Epoch 2835: 20/37 Loss: 0.009360
2026-04-20 23:12: **********Train Epoch 2835: averaged Loss: 0.011972
2026-04-20 23:12: **********Val Epoch 2835: average Loss: 0.006735
2026-04-20 23:12: Train Epoch 2836: 0/37 Loss: 0.042795
2026-04-20 23:12: Train Epoch 2836: 20/37 Loss: 0.006707
2026-04-20 23:12: **********Train Epoch 2836: averaged Loss: 0.015781
2026-04-20 23:12: **********Val Epoch 2836: average Loss: 0.027788
2026-04-20 23:12: Train Epoch 2837: 0/37 Loss: 0.021243
2026-04-20 23:12: Train Epoch 2837: 20/37 Loss: 0.005003
2026-04-20 23:12: **********Train Epoch 2837: averaged Loss: 0.008380
2026-04-20 23:12: **********Val Epoch 2837: average Loss: 0.018950
2026-04-20 23:12: Train Epoch 2838: 0/37 Loss: 0.023891
2026-04-20 23:12: Train Epoch 2838: 20/37 Loss: 0.005186
2026-04-20 23:12: **********Train Epoch 2838: averaged Loss: 0.008305
2026-04-20 23:12: **********Val Epoch 2838: average Loss: 0.011394
2026-04-20 23:12: Train Epoch 2839: 0/37 Loss: 0.018838
2026-04-20 23:12: Train Epoch 2839: 20/37 Loss: 0.004010
2026-04-20 23:12: **********Train Epoch 2839: averaged Loss: 0.007199
2026-04-20 23:12: **********Val Epoch 2839: average Loss: 0.014306
2026-04-20 23:12: Train Epoch 2840: 0/37 Loss: 0.006808
2026-04-20 23:12: Train Epoch 2840: 20/37 Loss: 0.007944
2026-04-20 23:12: **********Train Epoch 2840: averaged Loss: 0.006282
2026-04-20 23:12: **********Val Epoch 2840: average Loss: 0.021801
2026-04-20 23:12: Train Epoch 2841: 0/37 Loss: 0.007362
2026-04-20 23:12: Train Epoch 2841: 20/37 Loss: 0.006149
2026-04-20 23:12: **********Train Epoch 2841: averaged Loss: 0.007112
2026-04-20 23:12: **********Val Epoch 2841: average Loss: 0.009001
2026-04-20 23:12: Train Epoch 2842: 0/37 Loss: 0.014541
2026-04-20 23:12: Train Epoch 2842: 20/37 Loss: 0.007008
2026-04-20 23:12: **********Train Epoch 2842: averaged Loss: 0.007651
2026-04-20 23:12: **********Val Epoch 2842: average Loss: 0.025531
2026-04-20 23:12: Train Epoch 2843: 0/37 Loss: 0.011243
2026-04-20 23:12: Train Epoch 2843: 20/37 Loss: 0.009879
2026-04-20 23:12: **********Train Epoch 2843: averaged Loss: 0.007182
2026-04-20 23:12: **********Val Epoch 2843: average Loss: 0.009893
2026-04-20 23:12: Train Epoch 2844: 0/37 Loss: 0.015412
2026-04-20 23:12: Train Epoch 2844: 20/37 Loss: 0.004446
2026-04-20 23:13: **********Train Epoch 2844: averaged Loss: 0.007347
2026-04-20 23:13: **********Val Epoch 2844: average Loss: 0.023828
2026-04-20 23:13: Train Epoch 2845: 0/37 Loss: 0.017100
2026-04-20 23:13: Train Epoch 2845: 20/37 Loss: 0.010909
2026-04-20 23:13: **********Train Epoch 2845: averaged Loss: 0.008270
2026-04-20 23:13: **********Val Epoch 2845: average Loss: 0.007242
2026-04-20 23:13: Train Epoch 2846: 0/37 Loss: 0.008604
2026-04-20 23:13: Train Epoch 2846: 20/37 Loss: 0.006432
2026-04-20 23:13: **********Train Epoch 2846: averaged Loss: 0.005784
2026-04-20 23:13: **********Val Epoch 2846: average Loss: 0.010027
2026-04-20 23:13: Train Epoch 2847: 0/37 Loss: 0.002957
2026-04-20 23:13: Train Epoch 2847: 20/37 Loss: 0.005844
2026-04-20 23:13: **********Train Epoch 2847: averaged Loss: 0.005208
2026-04-20 23:13: **********Val Epoch 2847: average Loss: 0.020300
2026-04-20 23:13: Train Epoch 2848: 0/37 Loss: 0.022611
2026-04-20 23:13: Train Epoch 2848: 20/37 Loss: 0.005325
2026-04-20 23:13: **********Train Epoch 2848: averaged Loss: 0.009367
2026-04-20 23:13: **********Val Epoch 2848: average Loss: 0.010050
2026-04-20 23:13: Train Epoch 2849: 0/37 Loss: 0.031439
2026-04-20 23:13: Train Epoch 2849: 20/37 Loss: 0.011661
2026-04-20 23:13: **********Train Epoch 2849: averaged Loss: 0.009525
2026-04-20 23:13: **********Val Epoch 2849: average Loss: 0.009050
2026-04-20 23:13: Train Epoch 2850: 0/37 Loss: 0.027720
2026-04-20 23:13: Train Epoch 2850: 20/37 Loss: 0.008994
2026-04-20 23:13: **********Train Epoch 2850: averaged Loss: 0.009339
2026-04-20 23:13: **********Val Epoch 2850: average Loss: 0.005152
2026-04-20 23:13: Train Epoch 2851: 0/37 Loss: 0.015480
2026-04-20 23:13: Train Epoch 2851: 20/37 Loss: 0.005358
2026-04-20 23:13: **********Train Epoch 2851: averaged Loss: 0.006978
2026-04-20 23:13: **********Val Epoch 2851: average Loss: 0.005918
2026-04-20 23:13: Train Epoch 2852: 0/37 Loss: 0.008771
2026-04-20 23:13: Train Epoch 2852: 20/37 Loss: 0.003884
2026-04-20 23:13: **********Train Epoch 2852: averaged Loss: 0.005154
2026-04-20 23:13: **********Val Epoch 2852: average Loss: 0.013564
2026-04-20 23:13: Train Epoch 2853: 0/37 Loss: 0.013765
2026-04-20 23:13: Train Epoch 2853: 20/37 Loss: 0.003997
2026-04-20 23:13: **********Train Epoch 2853: averaged Loss: 0.006643
2026-04-20 23:13: **********Val Epoch 2853: average Loss: 0.007693
2026-04-20 23:13: Train Epoch 2854: 0/37 Loss: 0.018674
2026-04-20 23:13: Train Epoch 2854: 20/37 Loss: 0.003852
2026-04-20 23:13: **********Train Epoch 2854: averaged Loss: 0.006685
2026-04-20 23:13: **********Val Epoch 2854: average Loss: 0.007637
2026-04-20 23:13: Train Epoch 2855: 0/37 Loss: 0.007906
2026-04-20 23:13: Train Epoch 2855: 20/37 Loss: 0.004310
2026-04-20 23:13: **********Train Epoch 2855: averaged Loss: 0.004733
2026-04-20 23:13: **********Val Epoch 2855: average Loss: 0.008056
2026-04-20 23:13: Train Epoch 2856: 0/37 Loss: 0.012239
2026-04-20 23:13: Train Epoch 2856: 20/37 Loss: 0.003861
2026-04-20 23:13: **********Train Epoch 2856: averaged Loss: 0.006809
2026-04-20 23:13: **********Val Epoch 2856: average Loss: 0.012707
2026-04-20 23:13: Train Epoch 2857: 0/37 Loss: 0.022374
2026-04-20 23:13: Train Epoch 2857: 20/37 Loss: 0.022088
2026-04-20 23:13: **********Train Epoch 2857: averaged Loss: 0.010941
2026-04-20 23:13: **********Val Epoch 2857: average Loss: 0.005300
2026-04-20 23:13: Train Epoch 2858: 0/37 Loss: 0.037721
2026-04-20 23:13: Train Epoch 2858: 20/37 Loss: 0.005723
2026-04-20 23:13: **********Train Epoch 2858: averaged Loss: 0.010870
2026-04-20 23:13: **********Val Epoch 2858: average Loss: 0.010204
2026-04-20 23:13: Train Epoch 2859: 0/37 Loss: 0.004994
2026-04-20 23:13: Train Epoch 2859: 20/37 Loss: 0.004204
2026-04-20 23:13: **********Train Epoch 2859: averaged Loss: 0.004627
2026-04-20 23:13: **********Val Epoch 2859: average Loss: 0.010023
2026-04-20 23:13: Train Epoch 2860: 0/37 Loss: 0.011286
2026-04-20 23:13: Train Epoch 2860: 20/37 Loss: 0.004205
2026-04-20 23:13: **********Train Epoch 2860: averaged Loss: 0.005912
2026-04-20 23:13: **********Val Epoch 2860: average Loss: 0.007851
2026-04-20 23:13: Train Epoch 2861: 0/37 Loss: 0.007703
2026-04-20 23:13: Train Epoch 2861: 20/37 Loss: 0.004293
2026-04-20 23:13: **********Train Epoch 2861: averaged Loss: 0.004622
2026-04-20 23:13: **********Val Epoch 2861: average Loss: 0.009414
2026-04-20 23:13: Train Epoch 2862: 0/37 Loss: 0.018701
2026-04-20 23:13: Train Epoch 2862: 20/37 Loss: 0.004947
2026-04-20 23:13: **********Train Epoch 2862: averaged Loss: 0.006526
2026-04-20 23:13: **********Val Epoch 2862: average Loss: 0.004910
2026-04-20 23:13: Train Epoch 2863: 0/37 Loss: 0.011934
2026-04-20 23:13: Train Epoch 2863: 20/37 Loss: 0.004063
2026-04-20 23:13: **********Train Epoch 2863: averaged Loss: 0.005560
2026-04-20 23:13: **********Val Epoch 2863: average Loss: 0.003965
2026-04-20 23:13: Train Epoch 2864: 0/37 Loss: 0.020630
2026-04-20 23:13: Train Epoch 2864: 20/37 Loss: 0.004551
2026-04-20 23:13: **********Train Epoch 2864: averaged Loss: 0.006431
2026-04-20 23:13: **********Val Epoch 2864: average Loss: 0.005433
2026-04-20 23:13: Train Epoch 2865: 0/37 Loss: 0.010790
2026-04-20 23:13: Train Epoch 2865: 20/37 Loss: 0.006080
2026-04-20 23:13: **********Train Epoch 2865: averaged Loss: 0.007449
2026-04-20 23:13: **********Val Epoch 2865: average Loss: 0.019568
2026-04-20 23:13: Train Epoch 2866: 0/37 Loss: 0.010194
2026-04-20 23:13: Train Epoch 2866: 20/37 Loss: 0.004480
2026-04-20 23:13: **********Train Epoch 2866: averaged Loss: 0.006933
2026-04-20 23:13: **********Val Epoch 2866: average Loss: 0.007367
2026-04-20 23:13: Train Epoch 2867: 0/37 Loss: 0.021852
2026-04-20 23:13: Train Epoch 2867: 20/37 Loss: 0.004765
2026-04-20 23:13: **********Train Epoch 2867: averaged Loss: 0.006973
2026-04-20 23:13: **********Val Epoch 2867: average Loss: 0.008419
2026-04-20 23:13: Train Epoch 2868: 0/37 Loss: 0.020126
2026-04-20 23:13: Train Epoch 2868: 20/37 Loss: 0.005112
2026-04-20 23:13: **********Train Epoch 2868: averaged Loss: 0.007924
2026-04-20 23:13: **********Val Epoch 2868: average Loss: 0.005335
2026-04-20 23:13: Train Epoch 2869: 0/37 Loss: 0.022994
2026-04-20 23:13: Train Epoch 2869: 20/37 Loss: 0.006065
2026-04-20 23:13: **********Train Epoch 2869: averaged Loss: 0.009435
2026-04-20 23:13: **********Val Epoch 2869: average Loss: 0.013212
2026-04-20 23:13: Train Epoch 2870: 0/37 Loss: 0.016768
2026-04-20 23:13: Train Epoch 2870: 20/37 Loss: 0.016341
2026-04-20 23:13: **********Train Epoch 2870: averaged Loss: 0.009986
2026-04-20 23:13: **********Val Epoch 2870: average Loss: 0.011979
2026-04-20 23:13: Train Epoch 2871: 0/37 Loss: 0.016946
2026-04-20 23:13: Train Epoch 2871: 20/37 Loss: 0.004661
2026-04-20 23:13: **********Train Epoch 2871: averaged Loss: 0.006721
2026-04-20 23:13: **********Val Epoch 2871: average Loss: 0.014103
2026-04-20 23:13: Train Epoch 2872: 0/37 Loss: 0.002330
2026-04-20 23:13: Train Epoch 2872: 20/37 Loss: 0.004036
2026-04-20 23:13: **********Train Epoch 2872: averaged Loss: 0.007071
2026-04-20 23:13: **********Val Epoch 2872: average Loss: 0.020263
2026-04-20 23:13: Train Epoch 2873: 0/37 Loss: 0.002697
2026-04-20 23:14: Train Epoch 2873: 20/37 Loss: 0.004316
2026-04-20 23:14: **********Train Epoch 2873: averaged Loss: 0.004611
2026-04-20 23:14: **********Val Epoch 2873: average Loss: 0.005173
2026-04-20 23:14: Train Epoch 2874: 0/37 Loss: 0.006359
2026-04-20 23:14: Train Epoch 2874: 20/37 Loss: 0.004012
2026-04-20 23:14: **********Train Epoch 2874: averaged Loss: 0.006127
2026-04-20 23:14: **********Val Epoch 2874: average Loss: 0.004049
2026-04-20 23:14: Train Epoch 2875: 0/37 Loss: 0.022764
2026-04-20 23:14: Train Epoch 2875: 20/37 Loss: 0.006809
2026-04-20 23:14: **********Train Epoch 2875: averaged Loss: 0.007421
2026-04-20 23:14: **********Val Epoch 2875: average Loss: 0.007615
2026-04-20 23:14: Train Epoch 2876: 0/37 Loss: 0.016980
2026-04-20 23:14: Train Epoch 2876: 20/37 Loss: 0.005096
2026-04-20 23:14: **********Train Epoch 2876: averaged Loss: 0.008625
2026-04-20 23:14: **********Val Epoch 2876: average Loss: 0.011936
2026-04-20 23:14: Train Epoch 2877: 0/37 Loss: 0.016203
2026-04-20 23:14: Train Epoch 2877: 20/37 Loss: 0.016232
2026-04-20 23:14: **********Train Epoch 2877: averaged Loss: 0.009917
2026-04-20 23:14: **********Val Epoch 2877: average Loss: 0.011932
2026-04-20 23:14: Train Epoch 2878: 0/37 Loss: 0.010161
2026-04-20 23:14: Train Epoch 2878: 20/37 Loss: 0.004155
2026-04-20 23:14: **********Train Epoch 2878: averaged Loss: 0.004593
2026-04-20 23:14: **********Val Epoch 2878: average Loss: 0.005620
2026-04-20 23:14: Train Epoch 2879: 0/37 Loss: 0.004679
2026-04-20 23:14: Train Epoch 2879: 20/37 Loss: 0.004362
2026-04-20 23:14: **********Train Epoch 2879: averaged Loss: 0.005765
2026-04-20 23:14: **********Val Epoch 2879: average Loss: 0.005384
2026-04-20 23:14: Train Epoch 2880: 0/37 Loss: 0.002853
2026-04-20 23:14: Train Epoch 2880: 20/37 Loss: 0.004011
2026-04-20 23:14: **********Train Epoch 2880: averaged Loss: 0.004917
2026-04-20 23:14: **********Val Epoch 2880: average Loss: 0.005067
2026-04-20 23:14: Train Epoch 2881: 0/37 Loss: 0.002912
2026-04-20 23:14: Train Epoch 2881: 20/37 Loss: 0.003976
2026-04-20 23:14: **********Train Epoch 2881: averaged Loss: 0.004918
2026-04-20 23:14: **********Val Epoch 2881: average Loss: 0.009738
2026-04-20 23:14: Train Epoch 2882: 0/37 Loss: 0.010918
2026-04-20 23:14: Train Epoch 2882: 20/37 Loss: 0.003919
2026-04-20 23:14: **********Train Epoch 2882: averaged Loss: 0.005676
2026-04-20 23:14: **********Val Epoch 2882: average Loss: 0.006262
2026-04-20 23:14: Train Epoch 2883: 0/37 Loss: 0.009705
2026-04-20 23:14: Train Epoch 2883: 20/37 Loss: 0.003890
2026-04-20 23:14: **********Train Epoch 2883: averaged Loss: 0.005654
2026-04-20 23:14: **********Val Epoch 2883: average Loss: 0.005118
2026-04-20 23:14: Train Epoch 2884: 0/37 Loss: 0.003999
2026-04-20 23:14: Train Epoch 2884: 20/37 Loss: 0.004015
2026-04-20 23:14: **********Train Epoch 2884: averaged Loss: 0.006209
2026-04-20 23:14: **********Val Epoch 2884: average Loss: 0.015031
2026-04-20 23:14: Train Epoch 2885: 0/37 Loss: 0.015406
2026-04-20 23:14: Train Epoch 2885: 20/37 Loss: 0.011314
2026-04-20 23:14: **********Train Epoch 2885: averaged Loss: 0.007342
2026-04-20 23:14: **********Val Epoch 2885: average Loss: 0.005500
2026-04-20 23:14: Train Epoch 2886: 0/37 Loss: 0.013972
2026-04-20 23:14: Train Epoch 2886: 20/37 Loss: 0.003923
2026-04-20 23:14: **********Train Epoch 2886: averaged Loss: 0.007216
2026-04-20 23:14: **********Val Epoch 2886: average Loss: 0.015920
2026-04-20 23:14: Train Epoch 2887: 0/37 Loss: 0.007703
2026-04-20 23:14: Train Epoch 2887: 20/37 Loss: 0.007173
2026-04-20 23:14: **********Train Epoch 2887: averaged Loss: 0.006839
2026-04-20 23:14: **********Val Epoch 2887: average Loss: 0.008395
2026-04-20 23:14: Train Epoch 2888: 0/37 Loss: 0.001841
2026-04-20 23:14: Train Epoch 2888: 20/37 Loss: 0.004390
2026-04-20 23:14: **********Train Epoch 2888: averaged Loss: 0.004775
2026-04-20 23:14: **********Val Epoch 2888: average Loss: 0.005250
2026-04-20 23:14: Train Epoch 2889: 0/37 Loss: 0.010768
2026-04-20 23:14: Train Epoch 2889: 20/37 Loss: 0.004053
2026-04-20 23:14: **********Train Epoch 2889: averaged Loss: 0.006614
2026-04-20 23:14: **********Val Epoch 2889: average Loss: 0.004284
2026-04-20 23:14: Train Epoch 2890: 0/37 Loss: 0.013687
2026-04-20 23:14: Train Epoch 2890: 20/37 Loss: 0.010317
2026-04-20 23:14: **********Train Epoch 2890: averaged Loss: 0.010530
2026-04-20 23:14: **********Val Epoch 2890: average Loss: 0.036822
2026-04-20 23:14: Train Epoch 2891: 0/37 Loss: 0.005767
2026-04-20 23:14: Train Epoch 2891: 20/37 Loss: 0.005620
2026-04-20 23:14: **********Train Epoch 2891: averaged Loss: 0.008933
2026-04-20 23:14: **********Val Epoch 2891: average Loss: 0.009641
2026-04-20 23:14: Train Epoch 2892: 0/37 Loss: 0.062027
2026-04-20 23:14: Train Epoch 2892: 20/37 Loss: 0.021012
2026-04-20 23:14: **********Train Epoch 2892: averaged Loss: 0.020161
2026-04-20 23:14: **********Val Epoch 2892: average Loss: 0.028576
2026-04-20 23:14: Train Epoch 2893: 0/37 Loss: 0.045016
2026-04-20 23:14: Train Epoch 2893: 20/37 Loss: 0.007776
2026-04-20 23:14: **********Train Epoch 2893: averaged Loss: 0.012821
2026-04-20 23:14: **********Val Epoch 2893: average Loss: 0.006024
2026-04-20 23:14: Train Epoch 2894: 0/37 Loss: 0.035299
2026-04-20 23:14: Train Epoch 2894: 20/37 Loss: 0.004781
2026-04-20 23:14: **********Train Epoch 2894: averaged Loss: 0.011688
2026-04-20 23:14: **********Val Epoch 2894: average Loss: 0.011302
2026-04-20 23:14: Train Epoch 2895: 0/37 Loss: 0.015453
2026-04-20 23:14: Train Epoch 2895: 20/37 Loss: 0.004017
2026-04-20 23:14: **********Train Epoch 2895: averaged Loss: 0.007640
2026-04-20 23:14: **********Val Epoch 2895: average Loss: 0.030151
2026-04-20 23:14: Train Epoch 2896: 0/37 Loss: 0.003487
2026-04-20 23:14: Train Epoch 2896: 20/37 Loss: 0.011170
2026-04-20 23:14: **********Train Epoch 2896: averaged Loss: 0.006076
2026-04-20 23:14: **********Val Epoch 2896: average Loss: 0.007525
2026-04-20 23:14: Train Epoch 2897: 0/37 Loss: 0.017278
2026-04-20 23:14: Train Epoch 2897: 20/37 Loss: 0.004152
2026-04-20 23:14: **********Train Epoch 2897: averaged Loss: 0.008189
2026-04-20 23:14: **********Val Epoch 2897: average Loss: 0.027878
2026-04-20 23:14: Train Epoch 2898: 0/37 Loss: 0.001915
2026-04-20 23:14: Train Epoch 2898: 20/37 Loss: 0.005957
2026-04-20 23:14: **********Train Epoch 2898: averaged Loss: 0.005581
2026-04-20 23:14: **********Val Epoch 2898: average Loss: 0.009734
2026-04-20 23:14: Train Epoch 2899: 0/37 Loss: 0.021531
2026-04-20 23:14: Train Epoch 2899: 20/37 Loss: 0.004416
2026-04-20 23:14: **********Train Epoch 2899: averaged Loss: 0.008704
2026-04-20 23:14: **********Val Epoch 2899: average Loss: 0.006761
2026-04-20 23:14: Train Epoch 2900: 0/37 Loss: 0.011245
2026-04-20 23:14: Train Epoch 2900: 20/37 Loss: 0.004078
2026-04-20 23:14: **********Train Epoch 2900: averaged Loss: 0.006656
2026-04-20 23:14: **********Val Epoch 2900: average Loss: 0.004254
2026-04-20 23:14: Train Epoch 2901: 0/37 Loss: 0.004361
2026-04-20 23:14: Train Epoch 2901: 20/37 Loss: 0.004381
2026-04-20 23:14: **********Train Epoch 2901: averaged Loss: 0.008515
2026-04-20 23:14: **********Val Epoch 2901: average Loss: 0.018400
2026-04-20 23:14: Train Epoch 2902: 0/37 Loss: 0.004859
2026-04-20 23:15: Train Epoch 2902: 20/37 Loss: 0.019331
2026-04-20 23:15: **********Train Epoch 2902: averaged Loss: 0.010316
2026-04-20 23:15: **********Val Epoch 2902: average Loss: 0.015501
2026-04-20 23:15: Train Epoch 2903: 0/37 Loss: 0.050418
2026-04-20 23:15: Train Epoch 2903: 20/37 Loss: 0.003908
2026-04-20 23:15: **********Train Epoch 2903: averaged Loss: 0.014686
2026-04-20 23:15: **********Val Epoch 2903: average Loss: 0.018511
2026-04-20 23:15: Train Epoch 2904: 0/37 Loss: 0.024129
2026-04-20 23:15: Train Epoch 2904: 20/37 Loss: 0.004700
2026-04-20 23:15: **********Train Epoch 2904: averaged Loss: 0.007163
2026-04-20 23:15: **********Val Epoch 2904: average Loss: 0.004785
2026-04-20 23:15: Train Epoch 2905: 0/37 Loss: 0.003602
2026-04-20 23:15: Train Epoch 2905: 20/37 Loss: 0.006004
2026-04-20 23:15: **********Train Epoch 2905: averaged Loss: 0.004843
2026-04-20 23:15: **********Val Epoch 2905: average Loss: 0.007535
2026-04-20 23:15: Train Epoch 2906: 0/37 Loss: 0.010232
2026-04-20 23:15: Train Epoch 2906: 20/37 Loss: 0.004036
2026-04-20 23:15: **********Train Epoch 2906: averaged Loss: 0.005602
2026-04-20 23:15: **********Val Epoch 2906: average Loss: 0.012071
2026-04-20 23:15: Train Epoch 2907: 0/37 Loss: 0.017096
2026-04-20 23:15: Train Epoch 2907: 20/37 Loss: 0.004945
2026-04-20 23:15: **********Train Epoch 2907: averaged Loss: 0.005668
2026-04-20 23:15: **********Val Epoch 2907: average Loss: 0.007280
2026-04-20 23:15: Train Epoch 2908: 0/37 Loss: 0.010682
2026-04-20 23:15: Train Epoch 2908: 20/37 Loss: 0.003968
2026-04-20 23:15: **********Train Epoch 2908: averaged Loss: 0.004805
2026-04-20 23:15: **********Val Epoch 2908: average Loss: 0.004707
2026-04-20 23:15: Train Epoch 2909: 0/37 Loss: 0.004004
2026-04-20 23:15: Train Epoch 2909: 20/37 Loss: 0.006083
2026-04-20 23:15: **********Train Epoch 2909: averaged Loss: 0.005695
2026-04-20 23:15: **********Val Epoch 2909: average Loss: 0.005527
2026-04-20 23:15: Train Epoch 2910: 0/37 Loss: 0.012549
2026-04-20 23:15: Train Epoch 2910: 20/37 Loss: 0.004541
2026-04-20 23:15: **********Train Epoch 2910: averaged Loss: 0.004882
2026-04-20 23:15: **********Val Epoch 2910: average Loss: 0.009184
2026-04-20 23:15: Train Epoch 2911: 0/37 Loss: 0.004110
2026-04-20 23:15: Train Epoch 2911: 20/37 Loss: 0.007652
2026-04-20 23:15: **********Train Epoch 2911: averaged Loss: 0.005360
2026-04-20 23:15: **********Val Epoch 2911: average Loss: 0.008464
2026-04-20 23:15: Train Epoch 2912: 0/37 Loss: 0.003545
2026-04-20 23:15: Train Epoch 2912: 20/37 Loss: 0.004026
2026-04-20 23:15: **********Train Epoch 2912: averaged Loss: 0.005358
2026-04-20 23:15: **********Val Epoch 2912: average Loss: 0.010312
2026-04-20 23:15: Train Epoch 2913: 0/37 Loss: 0.005777
2026-04-20 23:15: Train Epoch 2913: 20/37 Loss: 0.005258
2026-04-20 23:15: **********Train Epoch 2913: averaged Loss: 0.005506
2026-04-20 23:15: **********Val Epoch 2913: average Loss: 0.014290
2026-04-20 23:15: Train Epoch 2914: 0/37 Loss: 0.017070
2026-04-20 23:15: Train Epoch 2914: 20/37 Loss: 0.005317
2026-04-20 23:15: **********Train Epoch 2914: averaged Loss: 0.008320
2026-04-20 23:15: **********Val Epoch 2914: average Loss: 0.010217
2026-04-20 23:15: Train Epoch 2915: 0/37 Loss: 0.002238
2026-04-20 23:15: Train Epoch 2915: 20/37 Loss: 0.006694
2026-04-20 23:15: **********Train Epoch 2915: averaged Loss: 0.004912
2026-04-20 23:15: **********Val Epoch 2915: average Loss: 0.010119
2026-04-20 23:15: Train Epoch 2916: 0/37 Loss: 0.035521
2026-04-20 23:15: Train Epoch 2916: 20/37 Loss: 0.007941
2026-04-20 23:15: **********Train Epoch 2916: averaged Loss: 0.011967
2026-04-20 23:15: **********Val Epoch 2916: average Loss: 0.007998
2026-04-20 23:15: Train Epoch 2917: 0/37 Loss: 0.001846
2026-04-20 23:15: Train Epoch 2917: 20/37 Loss: 0.003961
2026-04-20 23:15: **********Train Epoch 2917: averaged Loss: 0.005587
2026-04-20 23:15: **********Val Epoch 2917: average Loss: 0.006738
2026-04-20 23:15: Train Epoch 2918: 0/37 Loss: 0.012987
2026-04-20 23:15: Train Epoch 2918: 20/37 Loss: 0.004091
2026-04-20 23:15: **********Train Epoch 2918: averaged Loss: 0.005776
2026-04-20 23:15: **********Val Epoch 2918: average Loss: 0.005874
2026-04-20 23:15: Train Epoch 2919: 0/37 Loss: 0.006792
2026-04-20 23:15: Train Epoch 2919: 20/37 Loss: 0.004278
2026-04-20 23:15: **********Train Epoch 2919: averaged Loss: 0.004990
2026-04-20 23:15: **********Val Epoch 2919: average Loss: 0.007441
2026-04-20 23:15: Train Epoch 2920: 0/37 Loss: 0.004126
2026-04-20 23:15: Train Epoch 2920: 20/37 Loss: 0.004317
2026-04-20 23:15: **********Train Epoch 2920: averaged Loss: 0.005699
2026-04-20 23:15: **********Val Epoch 2920: average Loss: 0.009497
2026-04-20 23:15: Train Epoch 2921: 0/37 Loss: 0.025466
2026-04-20 23:15: Train Epoch 2921: 20/37 Loss: 0.009457
2026-04-20 23:15: **********Train Epoch 2921: averaged Loss: 0.008455
2026-04-20 23:15: **********Val Epoch 2921: average Loss: 0.007266
2026-04-20 23:15: Train Epoch 2922: 0/37 Loss: 0.009107
2026-04-20 23:15: Train Epoch 2922: 20/37 Loss: 0.003926
2026-04-20 23:15: **********Train Epoch 2922: averaged Loss: 0.005481
2026-04-20 23:15: **********Val Epoch 2922: average Loss: 0.005649
2026-04-20 23:15: Train Epoch 2923: 0/37 Loss: 0.004535
2026-04-20 23:15: Train Epoch 2923: 20/37 Loss: 0.003967
2026-04-20 23:15: **********Train Epoch 2923: averaged Loss: 0.005330
2026-04-20 23:15: **********Val Epoch 2923: average Loss: 0.009741
2026-04-20 23:15: Train Epoch 2924: 0/37 Loss: 0.025048
2026-04-20 23:15: Train Epoch 2924: 20/37 Loss: 0.008334
2026-04-20 23:15: **********Train Epoch 2924: averaged Loss: 0.007817
2026-04-20 23:15: **********Val Epoch 2924: average Loss: 0.009257
2026-04-20 23:15: Train Epoch 2925: 0/37 Loss: 0.004900
2026-04-20 23:15: Train Epoch 2925: 20/37 Loss: 0.004260
2026-04-20 23:15: **********Train Epoch 2925: averaged Loss: 0.004492
2026-04-20 23:15: **********Val Epoch 2925: average Loss: 0.005805
2026-04-20 23:15: Train Epoch 2926: 0/37 Loss: 0.016218
2026-04-20 23:15: Train Epoch 2926: 20/37 Loss: 0.006383
2026-04-20 23:15: **********Train Epoch 2926: averaged Loss: 0.007426
2026-04-20 23:15: **********Val Epoch 2926: average Loss: 0.009214
2026-04-20 23:15: Train Epoch 2927: 0/37 Loss: 0.019051
2026-04-20 23:15: Train Epoch 2927: 20/37 Loss: 0.004007
2026-04-20 23:15: **********Train Epoch 2927: averaged Loss: 0.007260
2026-04-20 23:15: **********Val Epoch 2927: average Loss: 0.015312
2026-04-20 23:15: Train Epoch 2928: 0/37 Loss: 0.005907
2026-04-20 23:15: Train Epoch 2928: 20/37 Loss: 0.004961
2026-04-20 23:15: **********Train Epoch 2928: averaged Loss: 0.005478
2026-04-20 23:15: **********Val Epoch 2928: average Loss: 0.013299
2026-04-20 23:15: Train Epoch 2929: 0/37 Loss: 0.009118
2026-04-20 23:15: Train Epoch 2929: 20/37 Loss: 0.004179
2026-04-20 23:15: **********Train Epoch 2929: averaged Loss: 0.005220
2026-04-20 23:15: **********Val Epoch 2929: average Loss: 0.006463
2026-04-20 23:15: Train Epoch 2930: 0/37 Loss: 0.003308
2026-04-20 23:16: Train Epoch 2930: 20/37 Loss: 0.004396
2026-04-20 23:16: **********Train Epoch 2930: averaged Loss: 0.007495
2026-04-20 23:16: **********Val Epoch 2930: average Loss: 0.020196
2026-04-20 23:16: Train Epoch 2931: 0/37 Loss: 0.015620
2026-04-20 23:16: Train Epoch 2931: 20/37 Loss: 0.004194
2026-04-20 23:16: **********Train Epoch 2931: averaged Loss: 0.008266
2026-04-20 23:16: **********Val Epoch 2931: average Loss: 0.020797
2026-04-20 23:16: Train Epoch 2932: 0/37 Loss: 0.013253
2026-04-20 23:16: Train Epoch 2932: 20/37 Loss: 0.003968
2026-04-20 23:16: **********Train Epoch 2932: averaged Loss: 0.005705
2026-04-20 23:16: **********Val Epoch 2932: average Loss: 0.005485
2026-04-20 23:16: Train Epoch 2933: 0/37 Loss: 0.029915
2026-04-20 23:16: Train Epoch 2933: 20/37 Loss: 0.004291
2026-04-20 23:16: **********Train Epoch 2933: averaged Loss: 0.008827
2026-04-20 23:16: **********Val Epoch 2933: average Loss: 0.003881
2026-04-20 23:16: Train Epoch 2934: 0/37 Loss: 0.029207
2026-04-20 23:16: Train Epoch 2934: 20/37 Loss: 0.004104
2026-04-20 23:16: **********Train Epoch 2934: averaged Loss: 0.009876
2026-04-20 23:16: **********Val Epoch 2934: average Loss: 0.007452
2026-04-20 23:16: Train Epoch 2935: 0/37 Loss: 0.028527
2026-04-20 23:16: Train Epoch 2935: 20/37 Loss: 0.004189
2026-04-20 23:16: **********Train Epoch 2935: averaged Loss: 0.008496
2026-04-20 23:16: **********Val Epoch 2935: average Loss: 0.004813
2026-04-20 23:16: Train Epoch 2936: 0/37 Loss: 0.018915
2026-04-20 23:16: Train Epoch 2936: 20/37 Loss: 0.004566
2026-04-20 23:16: **********Train Epoch 2936: averaged Loss: 0.007979
2026-04-20 23:16: **********Val Epoch 2936: average Loss: 0.005515
2026-04-20 23:16: Train Epoch 2937: 0/37 Loss: 0.008717
2026-04-20 23:16: Train Epoch 2937: 20/37 Loss: 0.006108
2026-04-20 23:16: **********Train Epoch 2937: averaged Loss: 0.006087
2026-04-20 23:16: **********Val Epoch 2937: average Loss: 0.005246
2026-04-20 23:16: Train Epoch 2938: 0/37 Loss: 0.006455
2026-04-20 23:16: Train Epoch 2938: 20/37 Loss: 0.004030
2026-04-20 23:16: **********Train Epoch 2938: averaged Loss: 0.008628
2026-04-20 23:16: **********Val Epoch 2938: average Loss: 0.011385
2026-04-20 23:16: Train Epoch 2939: 0/37 Loss: 0.001309
2026-04-20 23:16: Train Epoch 2939: 20/37 Loss: 0.007922
2026-04-20 23:16: **********Train Epoch 2939: averaged Loss: 0.005646
2026-04-20 23:16: **********Val Epoch 2939: average Loss: 0.011904
2026-04-20 23:16: Train Epoch 2940: 0/37 Loss: 0.034201
2026-04-20 23:16: Train Epoch 2940: 20/37 Loss: 0.009499
2026-04-20 23:16: **********Train Epoch 2940: averaged Loss: 0.010055
2026-04-20 23:16: **********Val Epoch 2940: average Loss: 0.005969
2026-04-20 23:16: Train Epoch 2941: 0/37 Loss: 0.015868
2026-04-20 23:16: Train Epoch 2941: 20/37 Loss: 0.004252
2026-04-20 23:16: **********Train Epoch 2941: averaged Loss: 0.006919
2026-04-20 23:16: **********Val Epoch 2941: average Loss: 0.012539
2026-04-20 23:16: Train Epoch 2942: 0/37 Loss: 0.004029
2026-04-20 23:16: Train Epoch 2942: 20/37 Loss: 0.003956
2026-04-20 23:16: **********Train Epoch 2942: averaged Loss: 0.006059
2026-04-20 23:16: **********Val Epoch 2942: average Loss: 0.018406
2026-04-20 23:16: Train Epoch 2943: 0/37 Loss: 0.033042
2026-04-20 23:16: Train Epoch 2943: 20/37 Loss: 0.003951
2026-04-20 23:16: **********Train Epoch 2943: averaged Loss: 0.011064
2026-04-20 23:16: **********Val Epoch 2943: average Loss: 0.020742
2026-04-20 23:16: Train Epoch 2944: 0/37 Loss: 0.015894
2026-04-20 23:16: Train Epoch 2944: 20/37 Loss: 0.004593
2026-04-20 23:16: **********Train Epoch 2944: averaged Loss: 0.005906
2026-04-20 23:16: **********Val Epoch 2944: average Loss: 0.004601
2026-04-20 23:16: Train Epoch 2945: 0/37 Loss: 0.003655
2026-04-20 23:16: Train Epoch 2945: 20/37 Loss: 0.011259
2026-04-20 23:16: **********Train Epoch 2945: averaged Loss: 0.006016
2026-04-20 23:16: **********Val Epoch 2945: average Loss: 0.005899
2026-04-20 23:16: Train Epoch 2946: 0/37 Loss: 0.016973
2026-04-20 23:16: Train Epoch 2946: 20/37 Loss: 0.009769
2026-04-20 23:16: **********Train Epoch 2946: averaged Loss: 0.007841
2026-04-20 23:16: **********Val Epoch 2946: average Loss: 0.014816
2026-04-20 23:16: Train Epoch 2947: 0/37 Loss: 0.005386
2026-04-20 23:16: Train Epoch 2947: 20/37 Loss: 0.004548
2026-04-20 23:16: **********Train Epoch 2947: averaged Loss: 0.003847
2026-04-20 23:16: **********Val Epoch 2947: average Loss: 0.007056
2026-04-20 23:16: Train Epoch 2948: 0/37 Loss: 0.003724
2026-04-20 23:16: Train Epoch 2948: 20/37 Loss: 0.004143
2026-04-20 23:16: **********Train Epoch 2948: averaged Loss: 0.004667
2026-04-20 23:16: **********Val Epoch 2948: average Loss: 0.004723
2026-04-20 23:16: Train Epoch 2949: 0/37 Loss: 0.002898
2026-04-20 23:16: Train Epoch 2949: 20/37 Loss: 0.004759
2026-04-20 23:16: **********Train Epoch 2949: averaged Loss: 0.004677
2026-04-20 23:16: **********Val Epoch 2949: average Loss: 0.004762
2026-04-20 23:16: Train Epoch 2950: 0/37 Loss: 0.014141
2026-04-20 23:16: Train Epoch 2950: 20/37 Loss: 0.003935
2026-04-20 23:16: **********Train Epoch 2950: averaged Loss: 0.007292
2026-04-20 23:16: **********Val Epoch 2950: average Loss: 0.025643
2026-04-20 23:16: Train Epoch 2951: 0/37 Loss: 0.003276
2026-04-20 23:16: Train Epoch 2951: 20/37 Loss: 0.003899
2026-04-20 23:16: **********Train Epoch 2951: averaged Loss: 0.003760
2026-04-20 23:16: **********Val Epoch 2951: average Loss: 0.006046
2026-04-20 23:16: Train Epoch 2952: 0/37 Loss: 0.017524
2026-04-20 23:16: Train Epoch 2952: 20/37 Loss: 0.003897
2026-04-20 23:16: **********Train Epoch 2952: averaged Loss: 0.005834
2026-04-20 23:16: **********Val Epoch 2952: average Loss: 0.005981
2026-04-20 23:16: Train Epoch 2953: 0/37 Loss: 0.001580
2026-04-20 23:16: Train Epoch 2953: 20/37 Loss: 0.003852
2026-04-20 23:16: **********Train Epoch 2953: averaged Loss: 0.003770
2026-04-20 23:16: **********Val Epoch 2953: average Loss: 0.009114
2026-04-20 23:16: Train Epoch 2954: 0/37 Loss: 0.001520
2026-04-20 23:16: Train Epoch 2954: 20/37 Loss: 0.008457
2026-04-20 23:16: **********Train Epoch 2954: averaged Loss: 0.004651
2026-04-20 23:16: **********Val Epoch 2954: average Loss: 0.015610
2026-04-20 23:16: Train Epoch 2955: 0/37 Loss: 0.013079
2026-04-20 23:16: Train Epoch 2955: 20/37 Loss: 0.006379
2026-04-20 23:16: **********Train Epoch 2955: averaged Loss: 0.006359
2026-04-20 23:16: **********Val Epoch 2955: average Loss: 0.004548
2026-04-20 23:16: Train Epoch 2956: 0/37 Loss: 0.003400
2026-04-20 23:16: Train Epoch 2956: 20/37 Loss: 0.005618
2026-04-20 23:16: **********Train Epoch 2956: averaged Loss: 0.006141
2026-04-20 23:16: **********Val Epoch 2956: average Loss: 0.011438
2026-04-20 23:16: Train Epoch 2957: 0/37 Loss: 0.011638
2026-04-20 23:16: Train Epoch 2957: 20/37 Loss: 0.004699
2026-04-20 23:16: **********Train Epoch 2957: averaged Loss: 0.009585
2026-04-20 23:16: **********Val Epoch 2957: average Loss: 0.045413
2026-04-20 23:16: Train Epoch 2958: 0/37 Loss: 0.011938
2026-04-20 23:16: Train Epoch 2958: 20/37 Loss: 0.016985
2026-04-20 23:17: **********Train Epoch 2958: averaged Loss: 0.009137
2026-04-20 23:17: **********Val Epoch 2958: average Loss: 0.008976
2026-04-20 23:17: Train Epoch 2959: 0/37 Loss: 0.032881
2026-04-20 23:17: Train Epoch 2959: 20/37 Loss: 0.004383
2026-04-20 23:17: **********Train Epoch 2959: averaged Loss: 0.011010
2026-04-20 23:17: **********Val Epoch 2959: average Loss: 0.006811
2026-04-20 23:17: Train Epoch 2960: 0/37 Loss: 0.027534
2026-04-20 23:17: Train Epoch 2960: 20/37 Loss: 0.005779
2026-04-20 23:17: **********Train Epoch 2960: averaged Loss: 0.009030
2026-04-20 23:17: **********Val Epoch 2960: average Loss: 0.007067
2026-04-20 23:17: Train Epoch 2961: 0/37 Loss: 0.002096
2026-04-20 23:17: Train Epoch 2961: 20/37 Loss: 0.005099
2026-04-20 23:17: **********Train Epoch 2961: averaged Loss: 0.005077
2026-04-20 23:17: **********Val Epoch 2961: average Loss: 0.007298
2026-04-20 23:17: Train Epoch 2962: 0/37 Loss: 0.001357
2026-04-20 23:17: Train Epoch 2962: 20/37 Loss: 0.006483
2026-04-20 23:17: **********Train Epoch 2962: averaged Loss: 0.005116
2026-04-20 23:17: **********Val Epoch 2962: average Loss: 0.012899
2026-04-20 23:17: Train Epoch 2963: 0/37 Loss: 0.014247
2026-04-20 23:17: Train Epoch 2963: 20/37 Loss: 0.003962
2026-04-20 23:17: **********Train Epoch 2963: averaged Loss: 0.005979
2026-04-20 23:17: **********Val Epoch 2963: average Loss: 0.005685
2026-04-20 23:17: Train Epoch 2964: 0/37 Loss: 0.013864
2026-04-20 23:17: Train Epoch 2964: 20/37 Loss: 0.008035
2026-04-20 23:17: **********Train Epoch 2964: averaged Loss: 0.007174
2026-04-20 23:17: **********Val Epoch 2964: average Loss: 0.009035
2026-04-20 23:17: Train Epoch 2965: 0/37 Loss: 0.015304
2026-04-20 23:17: Train Epoch 2965: 20/37 Loss: 0.006870
2026-04-20 23:17: **********Train Epoch 2965: averaged Loss: 0.006991
2026-04-20 23:17: **********Val Epoch 2965: average Loss: 0.011113
2026-04-20 23:17: Train Epoch 2966: 0/37 Loss: 0.018496
2026-04-20 23:17: Train Epoch 2966: 20/37 Loss: 0.004041
2026-04-20 23:17: **********Train Epoch 2966: averaged Loss: 0.006931
2026-04-20 23:17: **********Val Epoch 2966: average Loss: 0.007516
2026-04-20 23:17: Train Epoch 2967: 0/37 Loss: 0.001913
2026-04-20 23:17: Train Epoch 2967: 20/37 Loss: 0.004957
2026-04-20 23:17: **********Train Epoch 2967: averaged Loss: 0.003700
2026-04-20 23:17: **********Val Epoch 2967: average Loss: 0.005179
2026-04-20 23:17: Train Epoch 2968: 0/37 Loss: 0.012092
2026-04-20 23:17: Train Epoch 2968: 20/37 Loss: 0.004995
2026-04-20 23:17: **********Train Epoch 2968: averaged Loss: 0.006057
2026-04-20 23:17: **********Val Epoch 2968: average Loss: 0.009132
2026-04-20 23:17: Train Epoch 2969: 0/37 Loss: 0.015174
2026-04-20 23:17: Train Epoch 2969: 20/37 Loss: 0.005938
2026-04-20 23:17: **********Train Epoch 2969: averaged Loss: 0.007796
2026-04-20 23:17: **********Val Epoch 2969: average Loss: 0.023671
2026-04-20 23:17: Train Epoch 2970: 0/37 Loss: 0.017738
2026-04-20 23:17: Train Epoch 2970: 20/37 Loss: 0.005257
2026-04-20 23:17: **********Train Epoch 2970: averaged Loss: 0.006629
2026-04-20 23:17: **********Val Epoch 2970: average Loss: 0.004901
2026-04-20 23:17: Train Epoch 2971: 0/37 Loss: 0.004368
2026-04-20 23:17: Train Epoch 2971: 20/37 Loss: 0.005257
2026-04-20 23:17: **********Train Epoch 2971: averaged Loss: 0.004970
2026-04-20 23:17: **********Val Epoch 2971: average Loss: 0.004786
2026-04-20 23:17: Train Epoch 2972: 0/37 Loss: 0.004278
2026-04-20 23:17: Train Epoch 2972: 20/37 Loss: 0.004587
2026-04-20 23:17: **********Train Epoch 2972: averaged Loss: 0.004021
2026-04-20 23:17: **********Val Epoch 2972: average Loss: 0.006247
2026-04-20 23:17: Train Epoch 2973: 0/37 Loss: 0.001793
2026-04-20 23:17: Train Epoch 2973: 20/37 Loss: 0.004535
2026-04-20 23:17: **********Train Epoch 2973: averaged Loss: 0.003778
2026-04-20 23:17: **********Val Epoch 2973: average Loss: 0.006115
2026-04-20 23:17: Train Epoch 2974: 0/37 Loss: 0.001466
2026-04-20 23:17: Train Epoch 2974: 20/37 Loss: 0.003872
2026-04-20 23:17: **********Train Epoch 2974: averaged Loss: 0.004124
2026-04-20 23:17: **********Val Epoch 2974: average Loss: 0.005211
2026-04-20 23:17: Train Epoch 2975: 0/37 Loss: 0.006644
2026-04-20 23:17: Train Epoch 2975: 20/37 Loss: 0.004157
2026-04-20 23:17: **********Train Epoch 2975: averaged Loss: 0.005643
2026-04-20 23:17: **********Val Epoch 2975: average Loss: 0.009810
2026-04-20 23:17: Train Epoch 2976: 0/37 Loss: 0.003053
2026-04-20 23:17: Train Epoch 2976: 20/37 Loss: 0.006447
2026-04-20 23:17: **********Train Epoch 2976: averaged Loss: 0.009170
2026-04-20 23:17: **********Val Epoch 2976: average Loss: 0.022221
2026-04-20 23:17: Train Epoch 2977: 0/37 Loss: 0.005074
2026-04-20 23:17: Train Epoch 2977: 20/37 Loss: 0.015575
2026-04-20 23:17: **********Train Epoch 2977: averaged Loss: 0.007082
2026-04-20 23:17: **********Val Epoch 2977: average Loss: 0.005198
2026-04-20 23:17: Train Epoch 2978: 0/37 Loss: 0.031375
2026-04-20 23:17: Train Epoch 2978: 20/37 Loss: 0.010803
2026-04-20 23:17: **********Train Epoch 2978: averaged Loss: 0.009793
2026-04-20 23:17: **********Val Epoch 2978: average Loss: 0.005480
2026-04-20 23:17: Train Epoch 2979: 0/37 Loss: 0.011172
2026-04-20 23:17: Train Epoch 2979: 20/37 Loss: 0.003863
2026-04-20 23:17: **********Train Epoch 2979: averaged Loss: 0.005167
2026-04-20 23:17: **********Val Epoch 2979: average Loss: 0.009421
2026-04-20 23:17: Train Epoch 2980: 0/37 Loss: 0.010694
2026-04-20 23:17: Train Epoch 2980: 20/37 Loss: 0.003932
2026-04-20 23:17: **********Train Epoch 2980: averaged Loss: 0.007439
2026-04-20 23:17: **********Val Epoch 2980: average Loss: 0.014246
2026-04-20 23:17: Train Epoch 2981: 0/37 Loss: 0.015848
2026-04-20 23:17: Train Epoch 2981: 20/37 Loss: 0.020326
2026-04-20 23:17: **********Train Epoch 2981: averaged Loss: 0.010498
2026-04-20 23:17: **********Val Epoch 2981: average Loss: 0.013124
2026-04-20 23:17: Train Epoch 2982: 0/37 Loss: 0.024059
2026-04-20 23:17: Train Epoch 2982: 20/37 Loss: 0.004079
2026-04-20 23:17: **********Train Epoch 2982: averaged Loss: 0.007247
2026-04-20 23:17: **********Val Epoch 2982: average Loss: 0.007523
2026-04-20 23:17: Train Epoch 2983: 0/37 Loss: 0.006834
2026-04-20 23:17: Train Epoch 2983: 20/37 Loss: 0.003996
2026-04-20 23:17: **********Train Epoch 2983: averaged Loss: 0.007036
2026-04-20 23:17: **********Val Epoch 2983: average Loss: 0.031518
2026-04-20 23:17: Train Epoch 2984: 0/37 Loss: 0.018879
2026-04-20 23:17: Train Epoch 2984: 20/37 Loss: 0.008343
2026-04-20 23:17: **********Train Epoch 2984: averaged Loss: 0.009267
2026-04-20 23:17: **********Val Epoch 2984: average Loss: 0.006539
2026-04-20 23:17: Train Epoch 2985: 0/37 Loss: 0.037673
2026-04-20 23:17: Train Epoch 2985: 20/37 Loss: 0.007763
2026-04-20 23:17: **********Train Epoch 2985: averaged Loss: 0.010429
2026-04-20 23:17: **********Val Epoch 2985: average Loss: 0.004810
2026-04-20 23:17: Train Epoch 2986: 0/37 Loss: 0.020614
2026-04-20 23:17: Train Epoch 2986: 20/37 Loss: 0.006555
2026-04-20 23:17: **********Train Epoch 2986: averaged Loss: 0.008797
2026-04-20 23:17: **********Val Epoch 2986: average Loss: 0.023785
2026-04-20 23:17: Train Epoch 2987: 0/37 Loss: 0.003952
2026-04-20 23:18: Train Epoch 2987: 20/37 Loss: 0.004839
2026-04-20 23:18: **********Train Epoch 2987: averaged Loss: 0.005277
2026-04-20 23:18: **********Val Epoch 2987: average Loss: 0.004810
2026-04-20 23:18: Train Epoch 2988: 0/37 Loss: 0.018970
2026-04-20 23:18: Train Epoch 2988: 20/37 Loss: 0.004167
2026-04-20 23:18: **********Train Epoch 2988: averaged Loss: 0.007115
2026-04-20 23:18: **********Val Epoch 2988: average Loss: 0.004175
2026-04-20 23:18: Train Epoch 2989: 0/37 Loss: 0.026474
2026-04-20 23:18: Train Epoch 2989: 20/37 Loss: 0.004165
2026-04-20 23:18: **********Train Epoch 2989: averaged Loss: 0.010493
2026-04-20 23:18: **********Val Epoch 2989: average Loss: 0.009551
2026-04-20 23:18: Train Epoch 2990: 0/37 Loss: 0.022645
2026-04-20 23:18: Train Epoch 2990: 20/37 Loss: 0.007176
2026-04-20 23:18: **********Train Epoch 2990: averaged Loss: 0.008060
2026-04-20 23:18: **********Val Epoch 2990: average Loss: 0.007532
2026-04-20 23:18: Train Epoch 2991: 0/37 Loss: 0.007506
2026-04-20 23:18: Train Epoch 2991: 20/37 Loss: 0.004287
2026-04-20 23:18: **********Train Epoch 2991: averaged Loss: 0.005007
2026-04-20 23:18: **********Val Epoch 2991: average Loss: 0.007490
2026-04-20 23:18: Train Epoch 2992: 0/37 Loss: 0.012922
2026-04-20 23:18: Train Epoch 2992: 20/37 Loss: 0.003912
2026-04-20 23:18: **********Train Epoch 2992: averaged Loss: 0.005887
2026-04-20 23:18: **********Val Epoch 2992: average Loss: 0.008656
2026-04-20 23:18: Train Epoch 2993: 0/37 Loss: 0.019159
2026-04-20 23:18: Train Epoch 2993: 20/37 Loss: 0.004080
2026-04-20 23:18: **********Train Epoch 2993: averaged Loss: 0.006793
2026-04-20 23:18: **********Val Epoch 2993: average Loss: 0.011305
2026-04-20 23:18: Train Epoch 2994: 0/37 Loss: 0.016460
2026-04-20 23:18: Train Epoch 2994: 20/37 Loss: 0.003787
2026-04-20 23:18: **********Train Epoch 2994: averaged Loss: 0.005521
2026-04-20 23:18: **********Val Epoch 2994: average Loss: 0.009935
2026-04-20 23:18: Train Epoch 2995: 0/37 Loss: 0.014876
2026-04-20 23:18: Train Epoch 2995: 20/37 Loss: 0.008485
2026-04-20 23:18: **********Train Epoch 2995: averaged Loss: 0.008744
2026-04-20 23:18: **********Val Epoch 2995: average Loss: 0.023736
2026-04-20 23:18: Train Epoch 2996: 0/37 Loss: 0.008184
2026-04-20 23:18: Train Epoch 2996: 20/37 Loss: 0.005646
2026-04-20 23:18: **********Train Epoch 2996: averaged Loss: 0.007376
2026-04-20 23:18: **********Val Epoch 2996: average Loss: 0.031124
2026-04-20 23:18: Train Epoch 2997: 0/37 Loss: 0.009234
2026-04-20 23:18: Train Epoch 2997: 20/37 Loss: 0.004356
2026-04-20 23:18: **********Train Epoch 2997: averaged Loss: 0.005241
2026-04-20 23:18: **********Val Epoch 2997: average Loss: 0.007310
2026-04-20 23:18: Train Epoch 2998: 0/37 Loss: 0.018524
2026-04-20 23:18: Train Epoch 2998: 20/37 Loss: 0.004048
2026-04-20 23:18: **********Train Epoch 2998: averaged Loss: 0.006152
2026-04-20 23:18: **********Val Epoch 2998: average Loss: 0.006152
2026-04-20 23:18: Train Epoch 2999: 0/37 Loss: 0.014511
2026-04-20 23:18: Train Epoch 2999: 20/37 Loss: 0.004599
2026-04-20 23:18: **********Train Epoch 2999: averaged Loss: 0.006686
2026-04-20 23:18: **********Val Epoch 2999: average Loss: 0.023973
2026-04-20 23:18: Train Epoch 3000: 0/37 Loss: 0.009836
2026-04-20 23:18: Train Epoch 3000: 20/37 Loss: 0.004494
2026-04-20 23:18: **********Train Epoch 3000: averaged Loss: 0.006517
2026-04-20 23:18: **********Val Epoch 3000: average Loss: 0.007751
2026-04-20 23:18: Total training time: 105.1281min, best loss: 0.003708
2026-04-20 23:18: Saving current best model to ./saved_models/DJIA/best_model.pth
2026-04-20 23:18: Saving timestamped model backup to ./saved_models/DJIA/best_model_20260420_231828.pth
2026-04-20 23:18: Average Horizon, MAE: 0.0052, MSE: 0.0061
2026-04-20 23:18: Average Horizon, MAE: 0.0048, MSE: 0.0057
