2026-05-18 13:07: Experiment log path in: /root/data-tmp/zzh/SAMBA/saved_models/NYSE_BASIC/
2026-05-18 13:07: Train Epoch 1: 0/87 Loss: 1.064045
2026-05-18 13:07: Train Epoch 1: 20/87 Loss: 0.047251
2026-05-18 13:07: Train Epoch 1: 40/87 Loss: 0.101420
2026-05-18 13:07: Train Epoch 1: 60/87 Loss: 0.013215
2026-05-18 13:07: Train Epoch 1: 80/87 Loss: 0.131379
2026-05-18 13:07: **********Train Epoch 1: averaged Loss: 0.172811
2026-05-18 13:07: **********Val Epoch 1: average Loss: 0.081503
2026-05-18 13:07: *********************************Current best model saved!
2026-05-18 13:07: Train Epoch 2: 0/87 Loss: 0.460247
2026-05-18 13:07: Train Epoch 2: 20/87 Loss: 0.120369
2026-05-18 13:07: Train Epoch 2: 40/87 Loss: 0.155319
2026-05-18 13:07: Train Epoch 2: 60/87 Loss: 0.182724
2026-05-18 13:07: Train Epoch 2: 80/87 Loss: 0.035425
2026-05-18 13:07: **********Train Epoch 2: averaged Loss: 0.161151
2026-05-18 13:07: **********Val Epoch 2: average Loss: 0.115832
2026-05-18 13:07: Train Epoch 3: 0/87 Loss: 0.312050
2026-05-18 13:07: Train Epoch 3: 20/87 Loss: 0.101056
2026-05-18 13:07: Train Epoch 3: 40/87 Loss: 0.034615
2026-05-18 13:07: Train Epoch 3: 60/87 Loss: 0.183315
2026-05-18 13:07: Train Epoch 3: 80/87 Loss: 0.036250
2026-05-18 13:07: **********Train Epoch 3: averaged Loss: 0.127245
2026-05-18 13:07: **********Val Epoch 3: average Loss: 0.107849
2026-05-18 13:07: Train Epoch 4: 0/87 Loss: 0.266299
2026-05-18 13:07: Train Epoch 4: 20/87 Loss: 0.064529
2026-05-18 13:07: Train Epoch 4: 40/87 Loss: 0.006829
2026-05-18 13:07: Train Epoch 4: 60/87 Loss: 0.017568
2026-05-18 13:07: Train Epoch 4: 80/87 Loss: 0.195629
2026-05-18 13:07: **********Train Epoch 4: averaged Loss: 0.114511
2026-05-18 13:07: **********Val Epoch 4: average Loss: 0.236023
2026-05-18 13:07: Train Epoch 5: 0/87 Loss: 0.358619
2026-05-18 13:07: Train Epoch 5: 20/87 Loss: 0.006522
2026-05-18 13:07: Train Epoch 5: 40/87 Loss: 0.106496
2026-05-18 13:07: Train Epoch 5: 60/87 Loss: 0.068085
2026-05-18 13:07: Train Epoch 5: 80/87 Loss: 0.210073
2026-05-18 13:07: **********Train Epoch 5: averaged Loss: 0.077049
2026-05-18 13:07: **********Val Epoch 5: average Loss: 0.173240
2026-05-18 13:07: Train Epoch 6: 0/87 Loss: 0.406933
2026-05-18 13:07: Train Epoch 6: 20/87 Loss: 0.031180
2026-05-18 13:07: Train Epoch 6: 40/87 Loss: 0.087386
2026-05-18 13:07: Train Epoch 6: 60/87 Loss: 0.064123
2026-05-18 13:07: Train Epoch 6: 80/87 Loss: 0.165844
2026-05-18 13:07: **********Train Epoch 6: averaged Loss: 0.088064
2026-05-18 13:07: **********Val Epoch 6: average Loss: 0.220766
2026-05-18 13:07: Train Epoch 7: 0/87 Loss: 0.340916
2026-05-18 13:07: Train Epoch 7: 20/87 Loss: 0.005151
2026-05-18 13:07: Train Epoch 7: 40/87 Loss: 0.019023
2026-05-18 13:07: Train Epoch 7: 60/87 Loss: 0.181944
2026-05-18 13:07: Train Epoch 7: 80/87 Loss: 0.174697
2026-05-18 13:07: **********Train Epoch 7: averaged Loss: 0.096140
2026-05-18 13:07: **********Val Epoch 7: average Loss: 0.182242
2026-05-18 13:07: Train Epoch 8: 0/87 Loss: 0.349136
2026-05-18 13:07: Train Epoch 8: 20/87 Loss: 0.041678
2026-05-18 13:07: Train Epoch 8: 40/87 Loss: 0.031643
2026-05-18 13:07: Train Epoch 8: 60/87 Loss: 0.027961
2026-05-18 13:07: Train Epoch 8: 80/87 Loss: 0.261466
2026-05-18 13:07: **********Train Epoch 8: averaged Loss: 0.083472
2026-05-18 13:07: **********Val Epoch 8: average Loss: 0.171134
2026-05-18 13:07: Train Epoch 9: 0/87 Loss: 0.456392
2026-05-18 13:07: Train Epoch 9: 20/87 Loss: 0.026133
2026-05-18 13:07: Train Epoch 9: 40/87 Loss: 0.063949
2026-05-18 13:07: Train Epoch 9: 60/87 Loss: 0.048879
2026-05-18 13:07: Train Epoch 9: 80/87 Loss: 0.185535
2026-05-18 13:07: **********Train Epoch 9: averaged Loss: 0.073527
2026-05-18 13:07: **********Val Epoch 9: average Loss: 0.191918
2026-05-18 13:07: Train Epoch 10: 0/87 Loss: 0.375670
2026-05-18 13:07: Train Epoch 10: 20/87 Loss: 0.050107
2026-05-18 13:07: Train Epoch 10: 40/87 Loss: 0.029635
2026-05-18 13:07: Train Epoch 10: 60/87 Loss: 0.009565
2026-05-18 13:07: Train Epoch 10: 80/87 Loss: 0.219949
2026-05-18 13:07: **********Train Epoch 10: averaged Loss: 0.079073
2026-05-18 13:07: **********Val Epoch 10: average Loss: 0.182984
2026-05-18 13:07: Train Epoch 11: 0/87 Loss: 0.379576
2026-05-18 13:07: Train Epoch 11: 20/87 Loss: 0.042279
2026-05-18 13:07: Train Epoch 11: 40/87 Loss: 0.041474
2026-05-18 13:07: Train Epoch 11: 60/87 Loss: 0.010456
2026-05-18 13:07: Train Epoch 11: 80/87 Loss: 0.088410
2026-05-18 13:07: **********Train Epoch 11: averaged Loss: 0.078407
2026-05-18 13:07: **********Val Epoch 11: average Loss: 0.166824
2026-05-18 13:07: Train Epoch 12: 0/87 Loss: 0.350419
2026-05-18 13:07: Train Epoch 12: 20/87 Loss: 0.089725
2026-05-18 13:07: Train Epoch 12: 40/87 Loss: 0.086519
2026-05-18 13:07: Train Epoch 12: 60/87 Loss: 0.025366
2026-05-18 13:07: Train Epoch 12: 80/87 Loss: 0.140507
2026-05-18 13:07: **********Train Epoch 12: averaged Loss: 0.093541
2026-05-18 13:07: **********Val Epoch 12: average Loss: 0.205968
2026-05-18 13:07: Train Epoch 13: 0/87 Loss: 0.374133
2026-05-18 13:07: Train Epoch 13: 20/87 Loss: 0.103206
2026-05-18 13:07: Train Epoch 13: 40/87 Loss: 0.009342
2026-05-18 13:07: Train Epoch 13: 60/87 Loss: 0.061044
2026-05-18 13:07: Train Epoch 13: 80/87 Loss: 0.086346
2026-05-18 13:07: **********Train Epoch 13: averaged Loss: 0.086541
2026-05-18 13:07: **********Val Epoch 13: average Loss: 0.226716
2026-05-18 13:07: Train Epoch 14: 0/87 Loss: 0.335143
2026-05-18 13:08: Train Epoch 14: 20/87 Loss: 0.127103
2026-05-18 13:08: Train Epoch 14: 40/87 Loss: 0.089953
2026-05-18 13:08: Train Epoch 14: 60/87 Loss: 0.030075
2026-05-18 13:08: Train Epoch 14: 80/87 Loss: 0.051126
2026-05-18 13:08: **********Train Epoch 14: averaged Loss: 0.104821
2026-05-18 13:08: **********Val Epoch 14: average Loss: 0.265596
2026-05-18 13:08: Train Epoch 15: 0/87 Loss: 0.307551
2026-05-18 13:08: Train Epoch 15: 20/87 Loss: 0.110961
2026-05-18 13:08: Train Epoch 15: 40/87 Loss: 0.080383
2026-05-18 13:08: Train Epoch 15: 60/87 Loss: 0.010882
2026-05-18 13:08: Train Epoch 15: 80/87 Loss: 0.212149
2026-05-18 13:08: **********Train Epoch 15: averaged Loss: 0.078548
2026-05-18 13:08: **********Val Epoch 15: average Loss: 0.172161
2026-05-18 13:08: Train Epoch 16: 0/87 Loss: 0.372529
2026-05-18 13:08: Train Epoch 16: 20/87 Loss: 0.082615
2026-05-18 13:08: Train Epoch 16: 40/87 Loss: 0.119367
2026-05-18 13:08: Train Epoch 16: 60/87 Loss: 0.010582
2026-05-18 13:08: Train Epoch 16: 80/87 Loss: 0.098276
2026-05-18 13:08: **********Train Epoch 16: averaged Loss: 0.088512
2026-05-18 13:08: **********Val Epoch 16: average Loss: 0.187598
2026-05-18 13:08: Train Epoch 17: 0/87 Loss: 0.335693
2026-05-18 13:08: Train Epoch 17: 20/87 Loss: 0.116595
2026-05-18 13:08: Train Epoch 17: 40/87 Loss: 0.087667
2026-05-18 13:08: Train Epoch 17: 60/87 Loss: 0.038572
2026-05-18 13:08: Train Epoch 17: 80/87 Loss: 0.119362
2026-05-18 13:08: **********Train Epoch 17: averaged Loss: 0.112116
2026-05-18 13:08: **********Val Epoch 17: average Loss: 0.223085
2026-05-18 13:08: Train Epoch 18: 0/87 Loss: 0.277750
2026-05-18 13:08: Train Epoch 18: 20/87 Loss: 0.136507
2026-05-18 13:08: Train Epoch 18: 40/87 Loss: 0.049819
2026-05-18 13:08: Train Epoch 18: 60/87 Loss: 0.022553
2026-05-18 13:08: Train Epoch 18: 80/87 Loss: 0.213006
2026-05-18 13:08: **********Train Epoch 18: averaged Loss: 0.097969
2026-05-18 13:08: **********Val Epoch 18: average Loss: 0.180619
2026-05-18 13:08: Train Epoch 19: 0/87 Loss: 0.392886
2026-05-18 13:08: Train Epoch 19: 20/87 Loss: 0.106284
2026-05-18 13:08: Train Epoch 19: 40/87 Loss: 0.042231
2026-05-18 13:08: Train Epoch 19: 60/87 Loss: 0.155257
2026-05-18 13:08: Train Epoch 19: 80/87 Loss: 0.167792
2026-05-18 13:08: **********Train Epoch 19: averaged Loss: 0.103772
2026-05-18 13:08: **********Val Epoch 19: average Loss: 0.249491
2026-05-18 13:08: Train Epoch 20: 0/87 Loss: 0.268746
2026-05-18 13:08: Train Epoch 20: 20/87 Loss: 0.091276
2026-05-18 13:08: Train Epoch 20: 40/87 Loss: 0.110535
2026-05-18 13:08: Train Epoch 20: 60/87 Loss: 0.123559
2026-05-18 13:08: Train Epoch 20: 80/87 Loss: 0.078850
2026-05-18 13:08: **********Train Epoch 20: averaged Loss: 0.086807
2026-05-18 13:08: **********Val Epoch 20: average Loss: 0.224408
2026-05-18 13:08: Train Epoch 21: 0/87 Loss: 0.385374
2026-05-18 13:08: Train Epoch 21: 20/87 Loss: 0.009964
2026-05-18 13:08: Train Epoch 21: 40/87 Loss: 0.020161
2026-05-18 13:08: Train Epoch 21: 60/87 Loss: 0.086474
2026-05-18 13:08: Train Epoch 21: 80/87 Loss: 0.145741
2026-05-18 13:08: **********Train Epoch 21: averaged Loss: 0.089175
2026-05-18 13:08: **********Val Epoch 21: average Loss: 0.197883
2026-05-18 13:08: Train Epoch 22: 0/87 Loss: 0.387619
2026-05-18 13:08: Train Epoch 22: 20/87 Loss: 0.051229
2026-05-18 13:08: Train Epoch 22: 40/87 Loss: 0.044380
2026-05-18 13:08: Train Epoch 22: 60/87 Loss: 0.163662
2026-05-18 13:08: Train Epoch 22: 80/87 Loss: 0.173288
2026-05-18 13:08: **********Train Epoch 22: averaged Loss: 0.114656
2026-05-18 13:08: **********Val Epoch 22: average Loss: 0.285524
2026-05-18 13:08: Train Epoch 23: 0/87 Loss: 0.313984
2026-05-18 13:08: Train Epoch 23: 20/87 Loss: 0.125072
2026-05-18 13:08: Train Epoch 23: 40/87 Loss: 0.026406
2026-05-18 13:08: Train Epoch 23: 60/87 Loss: 0.070260
2026-05-18 13:08: Train Epoch 23: 80/87 Loss: 0.241025
2026-05-18 13:08: **********Train Epoch 23: averaged Loss: 0.096329
2026-05-18 13:08: **********Val Epoch 23: average Loss: 0.189389
2026-05-18 13:08: Train Epoch 24: 0/87 Loss: 0.312488
2026-05-18 13:08: Train Epoch 24: 20/87 Loss: 0.039553
2026-05-18 13:08: Train Epoch 24: 40/87 Loss: 0.020402
2026-05-18 13:08: Train Epoch 24: 60/87 Loss: 0.084707
2026-05-18 13:08: Train Epoch 24: 80/87 Loss: 0.129620
2026-05-18 13:08: **********Train Epoch 24: averaged Loss: 0.095118
2026-05-18 13:08: **********Val Epoch 24: average Loss: 0.221485
2026-05-18 13:08: Train Epoch 25: 0/87 Loss: 0.358787
2026-05-18 13:08: Train Epoch 25: 20/87 Loss: 0.018171
2026-05-18 13:08: Train Epoch 25: 40/87 Loss: 0.098684
2026-05-18 13:08: Train Epoch 25: 60/87 Loss: 0.080379
2026-05-18 13:08: Train Epoch 25: 80/87 Loss: 0.141240
2026-05-18 13:08: **********Train Epoch 25: averaged Loss: 0.111787
2026-05-18 13:08: **********Val Epoch 25: average Loss: 0.213447
2026-05-18 13:08: Train Epoch 26: 0/87 Loss: 0.353861
2026-05-18 13:08: Train Epoch 26: 20/87 Loss: 0.020543
2026-05-18 13:08: Train Epoch 26: 40/87 Loss: 0.078359
2026-05-18 13:08: Train Epoch 26: 60/87 Loss: 0.030594
2026-05-18 13:08: Train Epoch 26: 80/87 Loss: 0.188368
2026-05-18 13:08: **********Train Epoch 26: averaged Loss: 0.100253
2026-05-18 13:08: **********Val Epoch 26: average Loss: 0.210163
2026-05-18 13:08: Train Epoch 27: 0/87 Loss: 0.347135
2026-05-18 13:08: Train Epoch 27: 20/87 Loss: 0.008174
2026-05-18 13:08: Train Epoch 27: 40/87 Loss: 0.150341
2026-05-18 13:08: Train Epoch 27: 60/87 Loss: 0.020260
2026-05-18 13:08: Train Epoch 27: 80/87 Loss: 0.150360
2026-05-18 13:08: **********Train Epoch 27: averaged Loss: 0.112671
2026-05-18 13:08: **********Val Epoch 27: average Loss: 0.223411
2026-05-18 13:08: Train Epoch 28: 0/87 Loss: 0.349997
2026-05-18 13:08: Train Epoch 28: 20/87 Loss: 0.028461
2026-05-18 13:08: Train Epoch 28: 40/87 Loss: 0.023110
2026-05-18 13:08: Train Epoch 28: 60/87 Loss: 0.032634
2026-05-18 13:08: Train Epoch 28: 80/87 Loss: 0.167355
2026-05-18 13:09: **********Train Epoch 28: averaged Loss: 0.091840
2026-05-18 13:09: **********Val Epoch 28: average Loss: 0.154354
2026-05-18 13:09: Train Epoch 29: 0/87 Loss: 0.402479
2026-05-18 13:09: Train Epoch 29: 20/87 Loss: 0.051721
2026-05-18 13:09: Train Epoch 29: 40/87 Loss: 0.130040
2026-05-18 13:09: Train Epoch 29: 60/87 Loss: 0.056254
2026-05-18 13:09: Train Epoch 29: 80/87 Loss: 0.216936
2026-05-18 13:09: **********Train Epoch 29: averaged Loss: 0.116442
2026-05-18 13:09: **********Val Epoch 29: average Loss: 0.204390
2026-05-18 13:09: Train Epoch 30: 0/87 Loss: 0.335905
2026-05-18 13:09: Train Epoch 30: 20/87 Loss: 0.021257
2026-05-18 13:09: Train Epoch 30: 40/87 Loss: 0.079491
2026-05-18 13:09: Train Epoch 30: 60/87 Loss: 0.051031
2026-05-18 13:09: Train Epoch 30: 80/87 Loss: 0.162720
2026-05-18 13:09: **********Train Epoch 30: averaged Loss: 0.099623
2026-05-18 13:09: **********Val Epoch 30: average Loss: 0.215757
2026-05-18 13:09: Train Epoch 31: 0/87 Loss: 0.358310
2026-05-18 13:09: Train Epoch 31: 20/87 Loss: 0.090663
2026-05-18 13:09: Train Epoch 31: 40/87 Loss: 0.112363
2026-05-18 13:09: Train Epoch 31: 60/87 Loss: 0.077554
2026-05-18 13:09: Train Epoch 31: 80/87 Loss: 0.165954
2026-05-18 13:09: **********Train Epoch 31: averaged Loss: 0.112125
2026-05-18 13:09: **********Val Epoch 31: average Loss: 0.179057
2026-05-18 13:09: Train Epoch 32: 0/87 Loss: 0.370061
2026-05-18 13:09: Train Epoch 32: 20/87 Loss: 0.011373
2026-05-18 13:09: Train Epoch 32: 40/87 Loss: 0.109463
2026-05-18 13:09: Train Epoch 32: 60/87 Loss: 0.076670
2026-05-18 13:09: Train Epoch 32: 80/87 Loss: 0.183054
2026-05-18 13:09: **********Train Epoch 32: averaged Loss: 0.107111
2026-05-18 13:09: **********Val Epoch 32: average Loss: 0.176763
2026-05-18 13:09: Train Epoch 33: 0/87 Loss: 0.350838
2026-05-18 13:09: Train Epoch 33: 20/87 Loss: 0.062539
2026-05-18 13:09: Train Epoch 33: 40/87 Loss: 0.136594
2026-05-18 13:09: Train Epoch 33: 60/87 Loss: 0.012134
2026-05-18 13:09: Train Epoch 33: 80/87 Loss: 0.132447
2026-05-18 13:09: **********Train Epoch 33: averaged Loss: 0.105718
2026-05-18 13:09: **********Val Epoch 33: average Loss: 0.216271
2026-05-18 13:09: Train Epoch 34: 0/87 Loss: 0.356208
2026-05-18 13:09: Train Epoch 34: 20/87 Loss: 0.077590
2026-05-18 13:09: Train Epoch 34: 40/87 Loss: 0.123447
2026-05-18 13:09: Train Epoch 34: 60/87 Loss: 0.092126
2026-05-18 13:09: Train Epoch 34: 80/87 Loss: 0.145420
2026-05-18 13:09: **********Train Epoch 34: averaged Loss: 0.109756
2026-05-18 13:09: **********Val Epoch 34: average Loss: 0.213003
2026-05-18 13:09: Train Epoch 35: 0/87 Loss: 0.331392
2026-05-18 13:09: Train Epoch 35: 20/87 Loss: 0.014687
2026-05-18 13:09: Train Epoch 35: 40/87 Loss: 0.114857
2026-05-18 13:09: Train Epoch 35: 60/87 Loss: 0.069704
2026-05-18 13:09: Train Epoch 35: 80/87 Loss: 0.185332
2026-05-18 13:09: **********Train Epoch 35: averaged Loss: 0.103072
2026-05-18 13:09: **********Val Epoch 35: average Loss: 0.195738
2026-05-18 13:09: Train Epoch 36: 0/87 Loss: 0.348008
2026-05-18 13:09: Train Epoch 36: 20/87 Loss: 0.068794
2026-05-18 13:09: Train Epoch 36: 40/87 Loss: 0.131255
2026-05-18 13:09: Train Epoch 36: 60/87 Loss: 0.043272
2026-05-18 13:09: Train Epoch 36: 80/87 Loss: 0.170429
2026-05-18 13:09: **********Train Epoch 36: averaged Loss: 0.107434
2026-05-18 13:09: **********Val Epoch 36: average Loss: 0.197543
2026-05-18 13:09: Train Epoch 37: 0/87 Loss: 0.373580
2026-05-18 13:09: Train Epoch 37: 20/87 Loss: 0.089608
2026-05-18 13:09: Train Epoch 37: 40/87 Loss: 0.110725
2026-05-18 13:09: Train Epoch 37: 60/87 Loss: 0.072701
2026-05-18 13:09: Train Epoch 37: 80/87 Loss: 0.171602
2026-05-18 13:09: **********Train Epoch 37: averaged Loss: 0.101359
2026-05-18 13:09: **********Val Epoch 37: average Loss: 0.210143
2026-05-18 13:09: Train Epoch 38: 0/87 Loss: 0.322919
2026-05-18 13:09: Train Epoch 38: 20/87 Loss: 0.057333
2026-05-18 13:09: Train Epoch 38: 40/87 Loss: 0.109630
2026-05-18 13:09: Train Epoch 38: 60/87 Loss: 0.066484
2026-05-18 13:09: Train Epoch 38: 80/87 Loss: 0.214207
2026-05-18 13:09: **********Train Epoch 38: averaged Loss: 0.096152
2026-05-18 13:09: **********Val Epoch 38: average Loss: 0.163938
2026-05-18 13:09: Train Epoch 39: 0/87 Loss: 0.395654
2026-05-18 13:09: Train Epoch 39: 20/87 Loss: 0.069382
2026-05-18 13:09: Train Epoch 39: 40/87 Loss: 0.105391
2026-05-18 13:09: Train Epoch 39: 60/87 Loss: 0.071217
2026-05-18 13:09: Train Epoch 39: 80/87 Loss: 0.176583
2026-05-18 13:09: **********Train Epoch 39: averaged Loss: 0.102943
2026-05-18 13:09: **********Val Epoch 39: average Loss: 0.171125
2026-05-18 13:09: Train Epoch 40: 0/87 Loss: 0.326652
2026-05-18 13:09: Train Epoch 40: 20/87 Loss: 0.108509
2026-05-18 13:09: Train Epoch 40: 40/87 Loss: 0.086201
2026-05-18 13:09: Train Epoch 40: 60/87 Loss: 0.072477
2026-05-18 13:09: Train Epoch 40: 80/87 Loss: 0.120006
2026-05-18 13:09: **********Train Epoch 40: averaged Loss: 0.099916
2026-05-18 13:09: **********Val Epoch 40: average Loss: 0.227454
2026-05-18 13:09: Train Epoch 41: 0/87 Loss: 0.308371
2026-05-18 13:09: Train Epoch 41: 20/87 Loss: 0.105614
2026-05-18 13:09: Train Epoch 41: 40/87 Loss: 0.127386
2026-05-18 13:09: Train Epoch 41: 60/87 Loss: 0.045652
2026-05-18 13:09: Train Epoch 41: 80/87 Loss: 0.100827
2026-05-18 13:09: **********Train Epoch 41: averaged Loss: 0.091632
2026-05-18 13:09: **********Val Epoch 41: average Loss: 0.225408
2026-05-18 13:09: Train Epoch 42: 0/87 Loss: 0.327973
2026-05-18 13:09: Train Epoch 42: 20/87 Loss: 0.106006
2026-05-18 13:09: Train Epoch 42: 40/87 Loss: 0.087257
2026-05-18 13:09: Train Epoch 42: 60/87 Loss: 0.028177
2026-05-18 13:09: Train Epoch 42: 80/87 Loss: 0.182714
2026-05-18 13:09: **********Train Epoch 42: averaged Loss: 0.086529
2026-05-18 13:09: **********Val Epoch 42: average Loss: 0.165663
2026-05-18 13:09: Train Epoch 43: 0/87 Loss: 0.287356
2026-05-18 13:09: Train Epoch 43: 20/87 Loss: 0.038996
2026-05-18 13:09: Train Epoch 43: 40/87 Loss: 0.079037
2026-05-18 13:09: Train Epoch 43: 60/87 Loss: 0.020744
2026-05-18 13:10: Train Epoch 43: 80/87 Loss: 0.149370
2026-05-18 13:10: **********Train Epoch 43: averaged Loss: 0.089479
2026-05-18 13:10: **********Val Epoch 43: average Loss: 0.185742
2026-05-18 13:10: Train Epoch 44: 0/87 Loss: 0.294106
2026-05-18 13:10: Train Epoch 44: 20/87 Loss: 0.063988
2026-05-18 13:10: Train Epoch 44: 40/87 Loss: 0.095882
2026-05-18 13:10: Train Epoch 44: 60/87 Loss: 0.056629
2026-05-18 13:10: Train Epoch 44: 80/87 Loss: 0.092371
2026-05-18 13:10: **********Train Epoch 44: averaged Loss: 0.096593
2026-05-18 13:10: **********Val Epoch 44: average Loss: 0.210444
2026-05-18 13:10: Train Epoch 45: 0/87 Loss: 0.220619
2026-05-18 13:10: Train Epoch 45: 20/87 Loss: 0.037563
2026-05-18 13:10: Train Epoch 45: 40/87 Loss: 0.035803
2026-05-18 13:10: Train Epoch 45: 60/87 Loss: 0.074306
2026-05-18 13:10: Train Epoch 45: 80/87 Loss: 0.103191
2026-05-18 13:10: **********Train Epoch 45: averaged Loss: 0.080679
2026-05-18 13:10: **********Val Epoch 45: average Loss: 0.187060
2026-05-18 13:10: Train Epoch 46: 0/87 Loss: 0.220655
2026-05-18 13:10: Train Epoch 46: 20/87 Loss: 0.048460
2026-05-18 13:10: Train Epoch 46: 40/87 Loss: 0.026231
2026-05-18 13:10: Train Epoch 46: 60/87 Loss: 0.097729
2026-05-18 13:10: Train Epoch 46: 80/87 Loss: 0.121500
2026-05-18 13:10: **********Train Epoch 46: averaged Loss: 0.071004
2026-05-18 13:10: **********Val Epoch 46: average Loss: 0.184610
2026-05-18 13:10: Train Epoch 47: 0/87 Loss: 0.173183
2026-05-18 13:10: Train Epoch 47: 20/87 Loss: 0.046409
2026-05-18 13:10: Train Epoch 47: 40/87 Loss: 0.023877
2026-05-18 13:10: Train Epoch 47: 60/87 Loss: 0.006619
2026-05-18 13:10: Train Epoch 47: 80/87 Loss: 0.124845
2026-05-18 13:10: **********Train Epoch 47: averaged Loss: 0.059783
2026-05-18 13:10: **********Val Epoch 47: average Loss: 0.119101
2026-05-18 13:10: Train Epoch 48: 0/87 Loss: 0.154943
2026-05-18 13:10: Train Epoch 48: 20/87 Loss: 0.072539
2026-05-18 13:10: Train Epoch 48: 40/87 Loss: 0.015840
2026-05-18 13:10: Train Epoch 48: 60/87 Loss: 0.007966
2026-05-18 13:10: Train Epoch 48: 80/87 Loss: 0.108786
2026-05-18 13:10: **********Train Epoch 48: averaged Loss: 0.049234
2026-05-18 13:10: **********Val Epoch 48: average Loss: 0.138937
2026-05-18 13:10: Train Epoch 49: 0/87 Loss: 0.201793
2026-05-18 13:10: Train Epoch 49: 20/87 Loss: 0.009332
2026-05-18 13:10: Train Epoch 49: 40/87 Loss: 0.033584
2026-05-18 13:10: Train Epoch 49: 60/87 Loss: 0.041036
2026-05-18 13:10: Train Epoch 49: 80/87 Loss: 0.120614
2026-05-18 13:10: **********Train Epoch 49: averaged Loss: 0.057898
2026-05-18 13:10: **********Val Epoch 49: average Loss: 0.183994
2026-05-18 13:10: Train Epoch 50: 0/87 Loss: 0.118562
2026-05-18 13:10: Train Epoch 50: 20/87 Loss: 0.034600
2026-05-18 13:10: Train Epoch 50: 40/87 Loss: 0.011980
2026-05-18 13:10: Train Epoch 50: 60/87 Loss: 0.008481
2026-05-18 13:10: Train Epoch 50: 80/87 Loss: 0.159729
2026-05-18 13:10: **********Train Epoch 50: averaged Loss: 0.035313
2026-05-18 13:10: **********Val Epoch 50: average Loss: 0.113124
2026-05-18 13:10: Train Epoch 51: 0/87 Loss: 0.134531
2026-05-18 13:10: Train Epoch 51: 20/87 Loss: 0.068534
2026-05-18 13:10: Train Epoch 51: 40/87 Loss: 0.010924
2026-05-18 13:10: Train Epoch 51: 60/87 Loss: 0.024145
2026-05-18 13:10: Train Epoch 51: 80/87 Loss: 0.094864
2026-05-18 13:10: **********Train Epoch 51: averaged Loss: 0.037603
2026-05-18 13:10: **********Val Epoch 51: average Loss: 0.155173
2026-05-18 13:10: Train Epoch 52: 0/87 Loss: 0.161527
2026-05-18 13:10: Train Epoch 52: 20/87 Loss: 0.043098
2026-05-18 13:10: Train Epoch 52: 40/87 Loss: 0.008397
2026-05-18 13:10: Train Epoch 52: 60/87 Loss: 0.018484
2026-05-18 13:10: Train Epoch 52: 80/87 Loss: 0.088244
2026-05-18 13:10: **********Train Epoch 52: averaged Loss: 0.042093
2026-05-18 13:10: **********Val Epoch 52: average Loss: 0.091424
2026-05-18 13:10: Train Epoch 53: 0/87 Loss: 0.084780
2026-05-18 13:10: Train Epoch 53: 20/87 Loss: 0.013309
2026-05-18 13:10: Train Epoch 53: 40/87 Loss: 0.030736
2026-05-18 13:10: Train Epoch 53: 60/87 Loss: 0.004898
2026-05-18 13:10: Train Epoch 53: 80/87 Loss: 0.073498
2026-05-18 13:10: **********Train Epoch 53: averaged Loss: 0.030628
2026-05-18 13:10: **********Val Epoch 53: average Loss: 0.114074
2026-05-18 13:10: Train Epoch 54: 0/87 Loss: 0.058182
2026-05-18 13:10: Train Epoch 54: 20/87 Loss: 0.041835
2026-05-18 13:10: Train Epoch 54: 40/87 Loss: 0.028308
2026-05-18 13:10: Train Epoch 54: 60/87 Loss: 0.009885
2026-05-18 13:10: Train Epoch 54: 80/87 Loss: 0.047876
2026-05-18 13:10: **********Train Epoch 54: averaged Loss: 0.028714
2026-05-18 13:10: **********Val Epoch 54: average Loss: 0.121306
2026-05-18 13:10: Train Epoch 55: 0/87 Loss: 0.040053
2026-05-18 13:10: Train Epoch 55: 20/87 Loss: 0.026429
2026-05-18 13:10: Train Epoch 55: 40/87 Loss: 0.011325
2026-05-18 13:10: Train Epoch 55: 60/87 Loss: 0.016957
2026-05-18 13:10: Train Epoch 55: 80/87 Loss: 0.029503
2026-05-18 13:10: **********Train Epoch 55: averaged Loss: 0.018869
2026-05-18 13:10: **********Val Epoch 55: average Loss: 0.079177
2026-05-18 13:10: *********************************Current best model saved!
2026-05-18 13:10: Train Epoch 56: 0/87 Loss: 0.013865
2026-05-18 13:10: Train Epoch 56: 20/87 Loss: 0.029680
2026-05-18 13:10: Train Epoch 56: 40/87 Loss: 0.015222
2026-05-18 13:10: Train Epoch 56: 60/87 Loss: 0.009484
2026-05-18 13:10: Train Epoch 56: 80/87 Loss: 0.051101
2026-05-18 13:10: **********Train Epoch 56: averaged Loss: 0.021424
2026-05-18 13:10: **********Val Epoch 56: average Loss: 0.072011
2026-05-18 13:10: *********************************Current best model saved!
2026-05-18 13:10: Train Epoch 57: 0/87 Loss: 0.023994
2026-05-18 13:10: Train Epoch 57: 20/87 Loss: 0.024235
2026-05-18 13:10: Train Epoch 57: 40/87 Loss: 0.018307
2026-05-18 13:10: Train Epoch 57: 60/87 Loss: 0.046822
2026-05-18 13:10: Train Epoch 57: 80/87 Loss: 0.074497
2026-05-18 13:10: **********Train Epoch 57: averaged Loss: 0.034305
2026-05-18 13:10: **********Val Epoch 57: average Loss: 0.109155
2026-05-18 13:10: Train Epoch 58: 0/87 Loss: 0.127844
2026-05-18 13:10: Train Epoch 58: 20/87 Loss: 0.031781
2026-05-18 13:10: Train Epoch 58: 40/87 Loss: 0.006155
2026-05-18 13:10: Train Epoch 58: 60/87 Loss: 0.010010
2026-05-18 13:10: Train Epoch 58: 80/87 Loss: 0.109509
2026-05-18 13:10: **********Train Epoch 58: averaged Loss: 0.031962
2026-05-18 13:10: **********Val Epoch 58: average Loss: 0.061759
2026-05-18 13:10: *********************************Current best model saved!
2026-05-18 13:10: Train Epoch 59: 0/87 Loss: 0.121444
2026-05-18 13:10: Train Epoch 59: 20/87 Loss: 0.022474
2026-05-18 13:10: Train Epoch 59: 40/87 Loss: 0.019115
2026-05-18 13:10: Train Epoch 59: 60/87 Loss: 0.067307
2026-05-18 13:11: Train Epoch 59: 80/87 Loss: 0.080520
2026-05-18 13:11: **********Train Epoch 59: averaged Loss: 0.041137
2026-05-18 13:11: **********Val Epoch 59: average Loss: 0.175904
2026-05-18 13:11: Train Epoch 60: 0/87 Loss: 0.159270
2026-05-18 13:11: Train Epoch 60: 20/87 Loss: 0.032895
2026-05-18 13:11: Train Epoch 60: 40/87 Loss: 0.033264
2026-05-18 13:11: Train Epoch 60: 60/87 Loss: 0.038045
2026-05-18 13:11: Train Epoch 60: 80/87 Loss: 0.109925
2026-05-18 13:11: **********Train Epoch 60: averaged Loss: 0.044932
2026-05-18 13:11: **********Val Epoch 60: average Loss: 0.115767
2026-05-18 13:11: Train Epoch 61: 0/87 Loss: 0.122077
2026-05-18 13:11: Train Epoch 61: 20/87 Loss: 0.040250
2026-05-18 13:11: Train Epoch 61: 40/87 Loss: 0.020373
2026-05-18 13:11: Train Epoch 61: 60/87 Loss: 0.019709
2026-05-18 13:11: Train Epoch 61: 80/87 Loss: 0.061349
2026-05-18 13:11: **********Train Epoch 61: averaged Loss: 0.034404
2026-05-18 13:11: **********Val Epoch 61: average Loss: 0.086539
2026-05-18 13:11: Train Epoch 62: 0/87 Loss: 0.044584
2026-05-18 13:11: Train Epoch 62: 20/87 Loss: 0.025795
2026-05-18 13:11: Train Epoch 62: 40/87 Loss: 0.020740
2026-05-18 13:11: Train Epoch 62: 60/87 Loss: 0.006528
2026-05-18 13:11: Train Epoch 62: 80/87 Loss: 0.072134
2026-05-18 13:11: **********Train Epoch 62: averaged Loss: 0.021087
2026-05-18 13:11: **********Val Epoch 62: average Loss: 0.105384
2026-05-18 13:11: Train Epoch 63: 0/87 Loss: 0.080113
2026-05-18 13:11: Train Epoch 63: 20/87 Loss: 0.009875
2026-05-18 13:11: Train Epoch 63: 40/87 Loss: 0.008702
2026-05-18 13:11: Train Epoch 63: 60/87 Loss: 0.009752
2026-05-18 13:11: Train Epoch 63: 80/87 Loss: 0.073869
2026-05-18 13:11: **********Train Epoch 63: averaged Loss: 0.022148
2026-05-18 13:11: **********Val Epoch 63: average Loss: 0.097183
2026-05-18 13:11: Train Epoch 64: 0/87 Loss: 0.044318
2026-05-18 13:11: Train Epoch 64: 20/87 Loss: 0.026046
2026-05-18 13:11: Train Epoch 64: 40/87 Loss: 0.009603
2026-05-18 13:11: Train Epoch 64: 60/87 Loss: 0.011796
2026-05-18 13:11: Train Epoch 64: 80/87 Loss: 0.077222
2026-05-18 13:11: **********Train Epoch 64: averaged Loss: 0.019383
2026-05-18 13:11: **********Val Epoch 64: average Loss: 0.100707
2026-05-18 13:11: Train Epoch 65: 0/87 Loss: 0.046325
2026-05-18 13:11: Train Epoch 65: 20/87 Loss: 0.006136
2026-05-18 13:11: Train Epoch 65: 40/87 Loss: 0.027537
2026-05-18 13:11: Train Epoch 65: 60/87 Loss: 0.006175
2026-05-18 13:11: Train Epoch 65: 80/87 Loss: 0.105086
2026-05-18 13:11: **********Train Epoch 65: averaged Loss: 0.019146
2026-05-18 13:11: **********Val Epoch 65: average Loss: 0.092159
2026-05-18 13:11: Train Epoch 66: 0/87 Loss: 0.058573
2026-05-18 13:11: Train Epoch 66: 20/87 Loss: 0.013211
2026-05-18 13:11: Train Epoch 66: 40/87 Loss: 0.008049
2026-05-18 13:11: Train Epoch 66: 60/87 Loss: 0.021152
2026-05-18 13:11: Train Epoch 66: 80/87 Loss: 0.067823
2026-05-18 13:11: **********Train Epoch 66: averaged Loss: 0.020091
2026-05-18 13:11: **********Val Epoch 66: average Loss: 0.093720
2026-05-18 13:11: Train Epoch 67: 0/87 Loss: 0.028315
2026-05-18 13:11: Train Epoch 67: 20/87 Loss: 0.004817
2026-05-18 13:11: Train Epoch 67: 40/87 Loss: 0.015289
2026-05-18 13:11: Train Epoch 67: 60/87 Loss: 0.003895
2026-05-18 13:11: Train Epoch 67: 80/87 Loss: 0.071397
2026-05-18 13:11: **********Train Epoch 67: averaged Loss: 0.017604
2026-05-18 13:11: **********Val Epoch 67: average Loss: 0.116926
2026-05-18 13:11: Train Epoch 68: 0/87 Loss: 0.055666
2026-05-18 13:11: Train Epoch 68: 20/87 Loss: 0.008185
2026-05-18 13:11: Train Epoch 68: 40/87 Loss: 0.005450
2026-05-18 13:11: Train Epoch 68: 60/87 Loss: 0.007675
2026-05-18 13:11: Train Epoch 68: 80/87 Loss: 0.057704
2026-05-18 13:11: **********Train Epoch 68: averaged Loss: 0.021549
2026-05-18 13:11: **********Val Epoch 68: average Loss: 0.109184
2026-05-18 13:11: Train Epoch 69: 0/87 Loss: 0.047919
2026-05-18 13:11: Train Epoch 69: 20/87 Loss: 0.004997
2026-05-18 13:11: Train Epoch 69: 40/87 Loss: 0.011370
2026-05-18 13:11: Train Epoch 69: 60/87 Loss: 0.005467
2026-05-18 13:11: Train Epoch 69: 80/87 Loss: 0.058545
2026-05-18 13:11: **********Train Epoch 69: averaged Loss: 0.019127
2026-05-18 13:11: **********Val Epoch 69: average Loss: 0.101200
2026-05-18 13:11: Train Epoch 70: 0/87 Loss: 0.025519
2026-05-18 13:11: Train Epoch 70: 20/87 Loss: 0.007027
2026-05-18 13:11: Train Epoch 70: 40/87 Loss: 0.005507
2026-05-18 13:11: Train Epoch 70: 60/87 Loss: 0.006526
2026-05-18 13:11: Train Epoch 70: 80/87 Loss: 0.068884
2026-05-18 13:11: **********Train Epoch 70: averaged Loss: 0.016496
2026-05-18 13:11: **********Val Epoch 70: average Loss: 0.089369
2026-05-18 13:11: Train Epoch 71: 0/87 Loss: 0.020963
2026-05-18 13:11: Train Epoch 71: 20/87 Loss: 0.005160
2026-05-18 13:11: Train Epoch 71: 40/87 Loss: 0.005331
2026-05-18 13:11: Train Epoch 71: 60/87 Loss: 0.012910
2026-05-18 13:11: Train Epoch 71: 80/87 Loss: 0.083212
2026-05-18 13:11: **********Train Epoch 71: averaged Loss: 0.018104
2026-05-18 13:11: **********Val Epoch 71: average Loss: 0.067561
2026-05-18 13:11: Train Epoch 72: 0/87 Loss: 0.018221
2026-05-18 13:11: Train Epoch 72: 20/87 Loss: 0.004394
2026-05-18 13:11: Train Epoch 72: 40/87 Loss: 0.019714
2026-05-18 13:11: Train Epoch 72: 60/87 Loss: 0.007445
2026-05-18 13:11: Train Epoch 72: 80/87 Loss: 0.094381
2026-05-18 13:11: **********Train Epoch 72: averaged Loss: 0.022051
2026-05-18 13:11: **********Val Epoch 72: average Loss: 0.091996
2026-05-18 13:11: Train Epoch 73: 0/87 Loss: 0.095947
2026-05-18 13:11: Train Epoch 73: 20/87 Loss: 0.032295
2026-05-18 13:11: Train Epoch 73: 40/87 Loss: 0.022615
2026-05-18 13:11: Train Epoch 73: 60/87 Loss: 0.018593
2026-05-18 13:11: Train Epoch 73: 80/87 Loss: 0.062987
2026-05-18 13:11: **********Train Epoch 73: averaged Loss: 0.024831
2026-05-18 13:11: **********Val Epoch 73: average Loss: 0.117842
2026-05-18 13:11: Train Epoch 74: 0/87 Loss: 0.008382
2026-05-18 13:11: Train Epoch 74: 20/87 Loss: 0.007302
2026-05-18 13:11: Train Epoch 74: 40/87 Loss: 0.007887
2026-05-18 13:12: Train Epoch 74: 60/87 Loss: 0.007997
2026-05-18 13:12: Train Epoch 74: 80/87 Loss: 0.045527
2026-05-18 13:12: **********Train Epoch 74: averaged Loss: 0.016046
2026-05-18 13:12: **********Val Epoch 74: average Loss: 0.075703
2026-05-18 13:12: Train Epoch 75: 0/87 Loss: 0.043600
2026-05-18 13:12: Train Epoch 75: 20/87 Loss: 0.006867
2026-05-18 13:12: Train Epoch 75: 40/87 Loss: 0.012961
2026-05-18 13:12: Train Epoch 75: 60/87 Loss: 0.020230
2026-05-18 13:12: Train Epoch 75: 80/87 Loss: 0.018340
2026-05-18 13:12: **********Train Epoch 75: averaged Loss: 0.015144
2026-05-18 13:12: **********Val Epoch 75: average Loss: 0.047159
2026-05-18 13:12: *********************************Current best model saved!
2026-05-18 13:12: Train Epoch 76: 0/87 Loss: 0.100919
2026-05-18 13:12: Train Epoch 76: 20/87 Loss: 0.038236
2026-05-18 13:12: Train Epoch 76: 40/87 Loss: 0.020815
2026-05-18 13:12: Train Epoch 76: 60/87 Loss: 0.007901
2026-05-18 13:12: Train Epoch 76: 80/87 Loss: 0.070481
2026-05-18 13:12: **********Train Epoch 76: averaged Loss: 0.031579
2026-05-18 13:12: **********Val Epoch 76: average Loss: 0.072610
2026-05-18 13:12: Train Epoch 77: 0/87 Loss: 0.095482
2026-05-18 13:12: Train Epoch 77: 20/87 Loss: 0.008268
2026-05-18 13:12: Train Epoch 77: 40/87 Loss: 0.011903
2026-05-18 13:12: Train Epoch 77: 60/87 Loss: 0.014139
2026-05-18 13:12: Train Epoch 77: 80/87 Loss: 0.060432
2026-05-18 13:12: **********Train Epoch 77: averaged Loss: 0.020455
2026-05-18 13:12: **********Val Epoch 77: average Loss: 0.070905
2026-05-18 13:12: Train Epoch 78: 0/87 Loss: 0.065089
2026-05-18 13:12: Train Epoch 78: 20/87 Loss: 0.006227
2026-05-18 13:12: Train Epoch 78: 40/87 Loss: 0.009289
2026-05-18 13:12: Train Epoch 78: 60/87 Loss: 0.012579
2026-05-18 13:12: Train Epoch 78: 80/87 Loss: 0.043209
2026-05-18 13:12: **********Train Epoch 78: averaged Loss: 0.017620
2026-05-18 13:12: **********Val Epoch 78: average Loss: 0.058069
2026-05-18 13:12: Train Epoch 79: 0/87 Loss: 0.030657
2026-05-18 13:12: Train Epoch 79: 20/87 Loss: 0.007324
2026-05-18 13:12: Train Epoch 79: 40/87 Loss: 0.005866
2026-05-18 13:12: Train Epoch 79: 60/87 Loss: 0.010037
2026-05-18 13:12: Train Epoch 79: 80/87 Loss: 0.044208
2026-05-18 13:12: **********Train Epoch 79: averaged Loss: 0.016536
2026-05-18 13:12: **********Val Epoch 79: average Loss: 0.073279
2026-05-18 13:12: Train Epoch 80: 0/87 Loss: 0.069867
2026-05-18 13:12: Train Epoch 80: 20/87 Loss: 0.015443
2026-05-18 13:12: Train Epoch 80: 40/87 Loss: 0.005032
2026-05-18 13:12: Train Epoch 80: 60/87 Loss: 0.002580
2026-05-18 13:12: Train Epoch 80: 80/87 Loss: 0.026105
2026-05-18 13:12: **********Train Epoch 80: averaged Loss: 0.017511
2026-05-18 13:12: **********Val Epoch 80: average Loss: 0.035085
2026-05-18 13:12: *********************************Current best model saved!
2026-05-18 13:12: Train Epoch 81: 0/87 Loss: 0.027769
2026-05-18 13:12: Train Epoch 81: 20/87 Loss: 0.015154
2026-05-18 13:12: Train Epoch 81: 40/87 Loss: 0.016792
2026-05-18 13:12: Train Epoch 81: 60/87 Loss: 0.016899
2026-05-18 13:12: Train Epoch 81: 80/87 Loss: 0.072394
2026-05-18 13:12: **********Train Epoch 81: averaged Loss: 0.023083
2026-05-18 13:12: **********Val Epoch 81: average Loss: 0.087242
2026-05-18 13:12: Train Epoch 82: 0/87 Loss: 0.139298
2026-05-18 13:12: Train Epoch 82: 20/87 Loss: 0.051115
2026-05-18 13:12: Train Epoch 82: 40/87 Loss: 0.005355
2026-05-18 13:12: Train Epoch 82: 60/87 Loss: 0.005785
2026-05-18 13:12: Train Epoch 82: 80/87 Loss: 0.074947
2026-05-18 13:12: **********Train Epoch 82: averaged Loss: 0.028966
2026-05-18 13:12: **********Val Epoch 82: average Loss: 0.068211
2026-05-18 13:12: Train Epoch 83: 0/87 Loss: 0.094714
2026-05-18 13:12: Train Epoch 83: 20/87 Loss: 0.004273
2026-05-18 13:12: Train Epoch 83: 40/87 Loss: 0.005308
2026-05-18 13:12: Train Epoch 83: 60/87 Loss: 0.003837
2026-05-18 13:12: Train Epoch 83: 80/87 Loss: 0.030987
2026-05-18 13:12: **********Train Epoch 83: averaged Loss: 0.018566
2026-05-18 13:12: **********Val Epoch 83: average Loss: 0.027217
2026-05-18 13:12: *********************************Current best model saved!
2026-05-18 13:12: Train Epoch 84: 0/87 Loss: 0.065982
2026-05-18 13:12: Train Epoch 84: 20/87 Loss: 0.015906
2026-05-18 13:12: Train Epoch 84: 40/87 Loss: 0.006624
2026-05-18 13:12: Train Epoch 84: 60/87 Loss: 0.012413
2026-05-18 13:12: Train Epoch 84: 80/87 Loss: 0.021959
2026-05-18 13:12: **********Train Epoch 84: averaged Loss: 0.016970
2026-05-18 13:12: **********Val Epoch 84: average Loss: 0.043048
2026-05-18 13:12: Train Epoch 85: 0/87 Loss: 0.053009
2026-05-18 13:12: Train Epoch 85: 20/87 Loss: 0.036519
2026-05-18 13:12: Train Epoch 85: 40/87 Loss: 0.006245
2026-05-18 13:12: Train Epoch 85: 60/87 Loss: 0.015820
2026-05-18 13:12: Train Epoch 85: 80/87 Loss: 0.065333
2026-05-18 13:12: **********Train Epoch 85: averaged Loss: 0.032721
2026-05-18 13:12: **********Val Epoch 85: average Loss: 0.068723
2026-05-18 13:12: Train Epoch 86: 0/87 Loss: 0.111728
2026-05-18 13:12: Train Epoch 86: 20/87 Loss: 0.004985
2026-05-18 13:12: Train Epoch 86: 40/87 Loss: 0.006712
2026-05-18 13:12: Train Epoch 86: 60/87 Loss: 0.015579
2026-05-18 13:12: Train Epoch 86: 80/87 Loss: 0.037351
2026-05-18 13:12: **********Train Epoch 86: averaged Loss: 0.018843
2026-05-18 13:12: **********Val Epoch 86: average Loss: 0.052152
2026-05-18 13:12: Train Epoch 87: 0/87 Loss: 0.035881
2026-05-18 13:12: Train Epoch 87: 20/87 Loss: 0.020331
2026-05-18 13:12: Train Epoch 87: 40/87 Loss: 0.011196
2026-05-18 13:12: Train Epoch 87: 60/87 Loss: 0.011212
2026-05-18 13:12: Train Epoch 87: 80/87 Loss: 0.033841
2026-05-18 13:12: **********Train Epoch 87: averaged Loss: 0.017184
2026-05-18 13:12: **********Val Epoch 87: average Loss: 0.063895
2026-05-18 13:12: Train Epoch 88: 0/87 Loss: 0.027295
2026-05-18 13:12: Train Epoch 88: 20/87 Loss: 0.009784
2026-05-18 13:12: Train Epoch 88: 40/87 Loss: 0.006207
2026-05-18 13:12: Train Epoch 88: 60/87 Loss: 0.002680
2026-05-18 13:12: Train Epoch 88: 80/87 Loss: 0.029883
2026-05-18 13:12: **********Train Epoch 88: averaged Loss: 0.014518
2026-05-18 13:12: **********Val Epoch 88: average Loss: 0.043718
2026-05-18 13:12: Train Epoch 89: 0/87 Loss: 0.009291
2026-05-18 13:12: Train Epoch 89: 20/87 Loss: 0.004894
2026-05-18 13:13: Train Epoch 89: 40/87 Loss: 0.009709
2026-05-18 13:13: Train Epoch 89: 60/87 Loss: 0.005271
2026-05-18 13:13: Train Epoch 89: 80/87 Loss: 0.091287
2026-05-18 13:13: **********Train Epoch 89: averaged Loss: 0.021556
2026-05-18 13:13: **********Val Epoch 89: average Loss: 0.068097
2026-05-18 13:13: Train Epoch 90: 0/87 Loss: 0.121582
2026-05-18 13:13: Train Epoch 90: 20/87 Loss: 0.021919
2026-05-18 13:13: Train Epoch 90: 40/87 Loss: 0.005394
2026-05-18 13:13: Train Epoch 90: 60/87 Loss: 0.015748
2026-05-18 13:13: Train Epoch 90: 80/87 Loss: 0.053374
2026-05-18 13:13: **********Train Epoch 90: averaged Loss: 0.022401
2026-05-18 13:13: **********Val Epoch 90: average Loss: 0.075757
2026-05-18 13:13: Train Epoch 91: 0/87 Loss: 0.036439
2026-05-18 13:13: Train Epoch 91: 20/87 Loss: 0.007660
2026-05-18 13:13: Train Epoch 91: 40/87 Loss: 0.005603
2026-05-18 13:13: Train Epoch 91: 60/87 Loss: 0.016407
2026-05-18 13:13: Train Epoch 91: 80/87 Loss: 0.043658
2026-05-18 13:13: **********Train Epoch 91: averaged Loss: 0.013877
2026-05-18 13:13: **********Val Epoch 91: average Loss: 0.057388
2026-05-18 13:13: Train Epoch 92: 0/87 Loss: 0.023880
2026-05-18 13:13: Train Epoch 92: 20/87 Loss: 0.006244
2026-05-18 13:13: Train Epoch 92: 40/87 Loss: 0.005797
2026-05-18 13:13: Train Epoch 92: 60/87 Loss: 0.013850
2026-05-18 13:13: Train Epoch 92: 80/87 Loss: 0.030451
2026-05-18 13:13: **********Train Epoch 92: averaged Loss: 0.011247
2026-05-18 13:13: **********Val Epoch 92: average Loss: 0.044815
2026-05-18 13:13: Train Epoch 93: 0/87 Loss: 0.041102
2026-05-18 13:13: Train Epoch 93: 20/87 Loss: 0.003919
2026-05-18 13:13: Train Epoch 93: 40/87 Loss: 0.005953
2026-05-18 13:13: Train Epoch 93: 60/87 Loss: 0.004201
2026-05-18 13:13: Train Epoch 93: 80/87 Loss: 0.061109
2026-05-18 13:13: **********Train Epoch 93: averaged Loss: 0.014975
2026-05-18 13:13: **********Val Epoch 93: average Loss: 0.042458
2026-05-18 13:13: Train Epoch 94: 0/87 Loss: 0.060513
2026-05-18 13:13: Train Epoch 94: 20/87 Loss: 0.029154
2026-05-18 13:13: Train Epoch 94: 40/87 Loss: 0.005067
2026-05-18 13:13: Train Epoch 94: 60/87 Loss: 0.003392
2026-05-18 13:13: Train Epoch 94: 80/87 Loss: 0.026669
2026-05-18 13:13: **********Train Epoch 94: averaged Loss: 0.017309
2026-05-18 13:13: **********Val Epoch 94: average Loss: 0.024614
2026-05-18 13:13: *********************************Current best model saved!
2026-05-18 13:13: Train Epoch 95: 0/87 Loss: 0.009216
2026-05-18 13:13: Train Epoch 95: 20/87 Loss: 0.003609
2026-05-18 13:13: Train Epoch 95: 40/87 Loss: 0.006624
2026-05-18 13:13: Train Epoch 95: 60/87 Loss: 0.009387
2026-05-18 13:13: Train Epoch 95: 80/87 Loss: 0.051113
2026-05-18 13:13: **********Train Epoch 95: averaged Loss: 0.013507
2026-05-18 13:13: **********Val Epoch 95: average Loss: 0.037919
2026-05-18 13:13: Train Epoch 96: 0/87 Loss: 0.064861
2026-05-18 13:13: Train Epoch 96: 20/87 Loss: 0.014042
2026-05-18 13:13: Train Epoch 96: 40/87 Loss: 0.005084
2026-05-18 13:13: Train Epoch 96: 60/87 Loss: 0.002232
2026-05-18 13:13: Train Epoch 96: 80/87 Loss: 0.020112
2026-05-18 13:13: **********Train Epoch 96: averaged Loss: 0.014722
2026-05-18 13:13: **********Val Epoch 96: average Loss: 0.029461
2026-05-18 13:13: Train Epoch 97: 0/87 Loss: 0.027660
2026-05-18 13:13: Train Epoch 97: 20/87 Loss: 0.004586
2026-05-18 13:13: Train Epoch 97: 40/87 Loss: 0.006083
2026-05-18 13:13: Train Epoch 97: 60/87 Loss: 0.010976
2026-05-18 13:13: Train Epoch 97: 80/87 Loss: 0.053202
2026-05-18 13:13: **********Train Epoch 97: averaged Loss: 0.014318
2026-05-18 13:13: **********Val Epoch 97: average Loss: 0.077027
2026-05-18 13:13: Train Epoch 98: 0/87 Loss: 0.051851
2026-05-18 13:13: Train Epoch 98: 20/87 Loss: 0.028431
2026-05-18 13:13: Train Epoch 98: 40/87 Loss: 0.009670
2026-05-18 13:13: Train Epoch 98: 60/87 Loss: 0.007962
2026-05-18 13:13: Train Epoch 98: 80/87 Loss: 0.021014
2026-05-18 13:13: **********Train Epoch 98: averaged Loss: 0.016291
2026-05-18 13:13: **********Val Epoch 98: average Loss: 0.023847
2026-05-18 13:13: *********************************Current best model saved!
2026-05-18 13:13: Train Epoch 99: 0/87 Loss: 0.094252
2026-05-18 13:13: Train Epoch 99: 20/87 Loss: 0.005463
2026-05-18 13:13: Train Epoch 99: 40/87 Loss: 0.008033
2026-05-18 13:13: Train Epoch 99: 60/87 Loss: 0.013505
2026-05-18 13:13: Train Epoch 99: 80/87 Loss: 0.028446
2026-05-18 13:13: **********Train Epoch 99: averaged Loss: 0.015428
2026-05-18 13:13: **********Val Epoch 99: average Loss: 0.044875
2026-05-18 13:13: Train Epoch 100: 0/87 Loss: 0.028989
2026-05-18 13:13: Train Epoch 100: 20/87 Loss: 0.021262
2026-05-18 13:13: Train Epoch 100: 40/87 Loss: 0.005665
2026-05-18 13:13: Train Epoch 100: 60/87 Loss: 0.023377
2026-05-18 13:13: Train Epoch 100: 80/87 Loss: 0.027674
2026-05-18 13:13: **********Train Epoch 100: averaged Loss: 0.019941
2026-05-18 13:13: **********Val Epoch 100: average Loss: 0.019441
2026-05-18 13:13: *********************************Current best model saved!
2026-05-18 13:13: Train Epoch 101: 0/87 Loss: 0.013825
2026-05-18 13:13: Train Epoch 101: 20/87 Loss: 0.021289
2026-05-18 13:13: Train Epoch 101: 40/87 Loss: 0.009744
2026-05-18 13:13: Train Epoch 101: 60/87 Loss: 0.014498
2026-05-18 13:13: Train Epoch 101: 80/87 Loss: 0.028448
2026-05-18 13:13: **********Train Epoch 101: averaged Loss: 0.014739
2026-05-18 13:13: **********Val Epoch 101: average Loss: 0.023719
2026-05-18 13:13: Train Epoch 102: 0/87 Loss: 0.100877
2026-05-18 13:13: Train Epoch 102: 20/87 Loss: 0.017882
2026-05-18 13:13: Train Epoch 102: 40/87 Loss: 0.006435
2026-05-18 13:13: Train Epoch 102: 60/87 Loss: 0.025364
2026-05-18 13:13: Train Epoch 102: 80/87 Loss: 0.071334
2026-05-18 13:13: **********Train Epoch 102: averaged Loss: 0.034378
2026-05-18 13:13: **********Val Epoch 102: average Loss: 0.064693
2026-05-18 13:13: Train Epoch 103: 0/87 Loss: 0.130714
2026-05-18 13:13: Train Epoch 103: 20/87 Loss: 0.023413
2026-05-18 13:13: Train Epoch 103: 40/87 Loss: 0.005733
2026-05-18 13:13: Train Epoch 103: 60/87 Loss: 0.005455
2026-05-18 13:13: Train Epoch 103: 80/87 Loss: 0.040351
2026-05-18 13:13: **********Train Epoch 103: averaged Loss: 0.023604
2026-05-18 13:13: **********Val Epoch 103: average Loss: 0.043494
2026-05-18 13:13: Train Epoch 104: 0/87 Loss: 0.055906
2026-05-18 13:13: Train Epoch 104: 20/87 Loss: 0.015235
2026-05-18 13:13: Train Epoch 104: 40/87 Loss: 0.005961
2026-05-18 13:13: Train Epoch 104: 60/87 Loss: 0.016218
2026-05-18 13:14: Train Epoch 104: 80/87 Loss: 0.035829
2026-05-18 13:14: **********Train Epoch 104: averaged Loss: 0.015539
2026-05-18 13:14: **********Val Epoch 104: average Loss: 0.047522
2026-05-18 13:14: Train Epoch 105: 0/87 Loss: 0.047611
2026-05-18 13:14: Train Epoch 105: 20/87 Loss: 0.034693
2026-05-18 13:14: Train Epoch 105: 40/87 Loss: 0.004408
2026-05-18 13:14: Train Epoch 105: 60/87 Loss: 0.010602
2026-05-18 13:14: Train Epoch 105: 80/87 Loss: 0.037698
2026-05-18 13:14: **********Train Epoch 105: averaged Loss: 0.020296
2026-05-18 13:14: **********Val Epoch 105: average Loss: 0.020246
2026-05-18 13:14: Train Epoch 106: 0/87 Loss: 0.051239
2026-05-18 13:14: Train Epoch 106: 20/87 Loss: 0.005209
2026-05-18 13:14: Train Epoch 106: 40/87 Loss: 0.005592
2026-05-18 13:14: Train Epoch 106: 60/87 Loss: 0.002801
2026-05-18 13:14: Train Epoch 106: 80/87 Loss: 0.024359
2026-05-18 13:14: **********Train Epoch 106: averaged Loss: 0.014340
2026-05-18 13:14: **********Val Epoch 106: average Loss: 0.037481
2026-05-18 13:14: Train Epoch 107: 0/87 Loss: 0.008191
2026-05-18 13:14: Train Epoch 107: 20/87 Loss: 0.004520
2026-05-18 13:14: Train Epoch 107: 40/87 Loss: 0.006237
2026-05-18 13:14: Train Epoch 107: 60/87 Loss: 0.010114
2026-05-18 13:14: Train Epoch 107: 80/87 Loss: 0.034567
2026-05-18 13:14: **********Train Epoch 107: averaged Loss: 0.013224
2026-05-18 13:14: **********Val Epoch 107: average Loss: 0.042533
2026-05-18 13:14: Train Epoch 108: 0/87 Loss: 0.034293
2026-05-18 13:14: Train Epoch 108: 20/87 Loss: 0.012462
2026-05-18 13:14: Train Epoch 108: 40/87 Loss: 0.013157
2026-05-18 13:14: Train Epoch 108: 60/87 Loss: 0.003896
2026-05-18 13:14: Train Epoch 108: 80/87 Loss: 0.081439
2026-05-18 13:14: **********Train Epoch 108: averaged Loss: 0.016903
2026-05-18 13:14: **********Val Epoch 108: average Loss: 0.057765
2026-05-18 13:14: Train Epoch 109: 0/87 Loss: 0.104405
2026-05-18 13:14: Train Epoch 109: 20/87 Loss: 0.007028
2026-05-18 13:14: Train Epoch 109: 40/87 Loss: 0.005209
2026-05-18 13:14: Train Epoch 109: 60/87 Loss: 0.018178
2026-05-18 13:14: Train Epoch 109: 80/87 Loss: 0.059716
2026-05-18 13:14: **********Train Epoch 109: averaged Loss: 0.020032
2026-05-18 13:14: **********Val Epoch 109: average Loss: 0.056548
2026-05-18 13:14: Train Epoch 110: 0/87 Loss: 0.065760
2026-05-18 13:14: Train Epoch 110: 20/87 Loss: 0.037391
2026-05-18 13:14: Train Epoch 110: 40/87 Loss: 0.007870
2026-05-18 13:14: Train Epoch 110: 60/87 Loss: 0.005856
2026-05-18 13:14: Train Epoch 110: 80/87 Loss: 0.020951
2026-05-18 13:14: **********Train Epoch 110: averaged Loss: 0.019493
2026-05-18 13:14: **********Val Epoch 110: average Loss: 0.037712
2026-05-18 13:14: Train Epoch 111: 0/87 Loss: 0.068504
2026-05-18 13:14: Train Epoch 111: 20/87 Loss: 0.012030
2026-05-18 13:14: Train Epoch 111: 40/87 Loss: 0.032830
2026-05-18 13:14: Train Epoch 111: 60/87 Loss: 0.021024
2026-05-18 13:14: Train Epoch 111: 80/87 Loss: 0.061540
2026-05-18 13:14: **********Train Epoch 111: averaged Loss: 0.028145
2026-05-18 13:14: **********Val Epoch 111: average Loss: 0.070256
2026-05-18 13:14: Train Epoch 112: 0/87 Loss: 0.107182
2026-05-18 13:14: Train Epoch 112: 20/87 Loss: 0.024196
2026-05-18 13:14: Train Epoch 112: 40/87 Loss: 0.005949
2026-05-18 13:14: Train Epoch 112: 60/87 Loss: 0.010251
2026-05-18 13:14: Train Epoch 112: 80/87 Loss: 0.019266
2026-05-18 13:14: **********Train Epoch 112: averaged Loss: 0.019150
2026-05-18 13:14: **********Val Epoch 112: average Loss: 0.014330
2026-05-18 13:14: *********************************Current best model saved!
2026-05-18 13:14: Train Epoch 113: 0/87 Loss: 0.031370
2026-05-18 13:14: Train Epoch 113: 20/87 Loss: 0.003588
2026-05-18 13:14: Train Epoch 113: 40/87 Loss: 0.004652
2026-05-18 13:14: Train Epoch 113: 60/87 Loss: 0.013853
2026-05-18 13:14: Train Epoch 113: 80/87 Loss: 0.019913
2026-05-18 13:14: **********Train Epoch 113: averaged Loss: 0.011349
2026-05-18 13:14: **********Val Epoch 113: average Loss: 0.024992
2026-05-18 13:14: Train Epoch 114: 0/87 Loss: 0.036221
2026-05-18 13:14: Train Epoch 114: 20/87 Loss: 0.011384
2026-05-18 13:14: Train Epoch 114: 40/87 Loss: 0.007522
2026-05-18 13:14: Train Epoch 114: 60/87 Loss: 0.004160
2026-05-18 13:14: Train Epoch 114: 80/87 Loss: 0.031089
2026-05-18 13:14: **********Train Epoch 114: averaged Loss: 0.013408
2026-05-18 13:14: **********Val Epoch 114: average Loss: 0.013567
2026-05-18 13:14: *********************************Current best model saved!
2026-05-18 13:14: Train Epoch 115: 0/87 Loss: 0.045763
2026-05-18 13:14: Train Epoch 115: 20/87 Loss: 0.008225
2026-05-18 13:14: Train Epoch 115: 40/87 Loss: 0.007120
2026-05-18 13:14: Train Epoch 115: 60/87 Loss: 0.019983
2026-05-18 13:14: Train Epoch 115: 80/87 Loss: 0.026323
2026-05-18 13:14: **********Train Epoch 115: averaged Loss: 0.013785
2026-05-18 13:14: **********Val Epoch 115: average Loss: 0.043919
2026-05-18 13:14: Train Epoch 116: 0/87 Loss: 0.045588
2026-05-18 13:14: Train Epoch 116: 20/87 Loss: 0.003660
2026-05-18 13:14: Train Epoch 116: 40/87 Loss: 0.011831
2026-05-18 13:14: Train Epoch 116: 60/87 Loss: 0.016363
2026-05-18 13:14: Train Epoch 116: 80/87 Loss: 0.030396
2026-05-18 13:14: **********Train Epoch 116: averaged Loss: 0.016833
2026-05-18 13:14: **********Val Epoch 116: average Loss: 0.014445
2026-05-18 13:14: Train Epoch 117: 0/87 Loss: 0.041540
2026-05-18 13:14: Train Epoch 117: 20/87 Loss: 0.014792
2026-05-18 13:14: Train Epoch 117: 40/87 Loss: 0.027455
2026-05-18 13:14: Train Epoch 117: 60/87 Loss: 0.025200
2026-05-18 13:14: Train Epoch 117: 80/87 Loss: 0.062674
2026-05-18 13:14: **********Train Epoch 117: averaged Loss: 0.023681
2026-05-18 13:14: **********Val Epoch 117: average Loss: 0.062104
2026-05-18 13:14: Train Epoch 118: 0/87 Loss: 0.114600
2026-05-18 13:14: Train Epoch 118: 20/87 Loss: 0.017676
2026-05-18 13:14: Train Epoch 118: 40/87 Loss: 0.011882
2026-05-18 13:14: Train Epoch 118: 60/87 Loss: 0.003579
2026-05-18 13:14: Train Epoch 118: 80/87 Loss: 0.034638
2026-05-18 13:14: **********Train Epoch 118: averaged Loss: 0.017908
2026-05-18 13:14: **********Val Epoch 118: average Loss: 0.031037
2026-05-18 13:14: Train Epoch 119: 0/87 Loss: 0.048344
2026-05-18 13:14: Train Epoch 119: 20/87 Loss: 0.018602
2026-05-18 13:14: Train Epoch 119: 40/87 Loss: 0.005873
2026-05-18 13:15: Train Epoch 119: 60/87 Loss: 0.002633
2026-05-18 13:15: Train Epoch 119: 80/87 Loss: 0.037050
2026-05-18 13:15: **********Train Epoch 119: averaged Loss: 0.017578
2026-05-18 13:15: **********Val Epoch 119: average Loss: 0.014998
2026-05-18 13:15: Train Epoch 120: 0/87 Loss: 0.033001
2026-05-18 13:15: Train Epoch 120: 20/87 Loss: 0.009155
2026-05-18 13:15: Train Epoch 120: 40/87 Loss: 0.010854
2026-05-18 13:15: Train Epoch 120: 60/87 Loss: 0.011321
2026-05-18 13:15: Train Epoch 120: 80/87 Loss: 0.023703
2026-05-18 13:15: **********Train Epoch 120: averaged Loss: 0.014309
2026-05-18 13:15: **********Val Epoch 120: average Loss: 0.026543
2026-05-18 13:15: Train Epoch 121: 0/87 Loss: 0.034587
2026-05-18 13:15: Train Epoch 121: 20/87 Loss: 0.017926
2026-05-18 13:15: Train Epoch 121: 40/87 Loss: 0.026573
2026-05-18 13:15: Train Epoch 121: 60/87 Loss: 0.004591
2026-05-18 13:15: Train Epoch 121: 80/87 Loss: 0.063312
2026-05-18 13:15: **********Train Epoch 121: averaged Loss: 0.022072
2026-05-18 13:15: **********Val Epoch 121: average Loss: 0.056326
2026-05-18 13:15: Train Epoch 122: 0/87 Loss: 0.095810
2026-05-18 13:15: Train Epoch 122: 20/87 Loss: 0.004591
2026-05-18 13:15: Train Epoch 122: 40/87 Loss: 0.006544
2026-05-18 13:15: Train Epoch 122: 60/87 Loss: 0.006652
2026-05-18 13:15: Train Epoch 122: 80/87 Loss: 0.038176
2026-05-18 13:15: **********Train Epoch 122: averaged Loss: 0.017369
2026-05-18 13:15: **********Val Epoch 122: average Loss: 0.045720
2026-05-18 13:15: Train Epoch 123: 0/87 Loss: 0.031805
2026-05-18 13:15: Train Epoch 123: 20/87 Loss: 0.014746
2026-05-18 13:15: Train Epoch 123: 40/87 Loss: 0.005132
2026-05-18 13:15: Train Epoch 123: 60/87 Loss: 0.008998
2026-05-18 13:15: Train Epoch 123: 80/87 Loss: 0.019799
2026-05-18 13:15: **********Train Epoch 123: averaged Loss: 0.011525
2026-05-18 13:15: **********Val Epoch 123: average Loss: 0.024837
2026-05-18 13:15: Train Epoch 124: 0/87 Loss: 0.018115
2026-05-18 13:15: Train Epoch 124: 20/87 Loss: 0.003768
2026-05-18 13:15: Train Epoch 124: 40/87 Loss: 0.005133
2026-05-18 13:15: Train Epoch 124: 60/87 Loss: 0.004013
2026-05-18 13:15: Train Epoch 124: 80/87 Loss: 0.024157
2026-05-18 13:15: **********Train Epoch 124: averaged Loss: 0.011145
2026-05-18 13:15: **********Val Epoch 124: average Loss: 0.028860
2026-05-18 13:15: Train Epoch 125: 0/87 Loss: 0.041268
2026-05-18 13:15: Train Epoch 125: 20/87 Loss: 0.013203
2026-05-18 13:15: Train Epoch 125: 40/87 Loss: 0.005057
2026-05-18 13:15: Train Epoch 125: 60/87 Loss: 0.027235
2026-05-18 13:15: Train Epoch 125: 80/87 Loss: 0.046074
2026-05-18 13:15: **********Train Epoch 125: averaged Loss: 0.019475
2026-05-18 13:15: **********Val Epoch 125: average Loss: 0.010195
2026-05-18 13:15: *********************************Current best model saved!
2026-05-18 13:15: Train Epoch 126: 0/87 Loss: 0.144785
2026-05-18 13:15: Train Epoch 126: 20/87 Loss: 0.017862
2026-05-18 13:15: Train Epoch 126: 40/87 Loss: 0.025650
2026-05-18 13:15: Train Epoch 126: 60/87 Loss: 0.004846
2026-05-18 13:15: Train Epoch 126: 80/87 Loss: 0.082637
2026-05-18 13:15: **********Train Epoch 126: averaged Loss: 0.030043
2026-05-18 13:15: **********Val Epoch 126: average Loss: 0.061636
2026-05-18 13:15: Train Epoch 127: 0/87 Loss: 0.115825
2026-05-18 13:15: Train Epoch 127: 20/87 Loss: 0.019126
2026-05-18 13:15: Train Epoch 127: 40/87 Loss: 0.007041
2026-05-18 13:15: Train Epoch 127: 60/87 Loss: 0.004888
2026-05-18 13:15: Train Epoch 127: 80/87 Loss: 0.057600
2026-05-18 13:15: **********Train Epoch 127: averaged Loss: 0.022478
2026-05-18 13:15: **********Val Epoch 127: average Loss: 0.068310
2026-05-18 13:15: Train Epoch 128: 0/87 Loss: 0.101302
2026-05-18 13:15: Train Epoch 128: 20/87 Loss: 0.005791
2026-05-18 13:15: Train Epoch 128: 40/87 Loss: 0.004824
2026-05-18 13:15: Train Epoch 128: 60/87 Loss: 0.010372
2026-05-18 13:15: Train Epoch 128: 80/87 Loss: 0.019730
2026-05-18 13:15: **********Train Epoch 128: averaged Loss: 0.014871
2026-05-18 13:15: **********Val Epoch 128: average Loss: 0.018427
2026-05-18 13:15: Train Epoch 129: 0/87 Loss: 0.010707
2026-05-18 13:15: Train Epoch 129: 20/87 Loss: 0.003749
2026-05-18 13:15: Train Epoch 129: 40/87 Loss: 0.012364
2026-05-18 13:15: Train Epoch 129: 60/87 Loss: 0.004423
2026-05-18 13:15: Train Epoch 129: 80/87 Loss: 0.030279
2026-05-18 13:15: **********Train Epoch 129: averaged Loss: 0.009128
2026-05-18 13:15: **********Val Epoch 129: average Loss: 0.049368
2026-05-18 13:15: Train Epoch 130: 0/87 Loss: 0.029316
2026-05-18 13:15: Train Epoch 130: 20/87 Loss: 0.006229
2026-05-18 13:15: Train Epoch 130: 40/87 Loss: 0.004766
2026-05-18 13:15: Train Epoch 130: 60/87 Loss: 0.003532
2026-05-18 13:15: Train Epoch 130: 80/87 Loss: 0.026250
2026-05-18 13:15: **********Train Epoch 130: averaged Loss: 0.011193
2026-05-18 13:15: **********Val Epoch 130: average Loss: 0.032500
2026-05-18 13:15: Train Epoch 131: 0/87 Loss: 0.050325
2026-05-18 13:15: Train Epoch 131: 20/87 Loss: 0.003654
2026-05-18 13:15: Train Epoch 131: 40/87 Loss: 0.005081
2026-05-18 13:15: Train Epoch 131: 60/87 Loss: 0.006168
2026-05-18 13:15: Train Epoch 131: 80/87 Loss: 0.054545
2026-05-18 13:15: **********Train Epoch 131: averaged Loss: 0.014605
2026-05-18 13:15: **********Val Epoch 131: average Loss: 0.065350
2026-05-18 13:15: Train Epoch 132: 0/87 Loss: 0.078254
2026-05-18 13:15: Train Epoch 132: 20/87 Loss: 0.012571
2026-05-18 13:15: Train Epoch 132: 40/87 Loss: 0.013220
2026-05-18 13:15: Train Epoch 132: 60/87 Loss: 0.002390
2026-05-18 13:15: Train Epoch 132: 80/87 Loss: 0.022349
2026-05-18 13:15: **********Train Epoch 132: averaged Loss: 0.016132
2026-05-18 13:15: **********Val Epoch 132: average Loss: 0.043344
2026-05-18 13:15: Train Epoch 133: 0/87 Loss: 0.014017
2026-05-18 13:15: Train Epoch 133: 20/87 Loss: 0.017115
2026-05-18 13:15: Train Epoch 133: 40/87 Loss: 0.008790
2026-05-18 13:15: Train Epoch 133: 60/87 Loss: 0.016001
2026-05-18 13:15: Train Epoch 133: 80/87 Loss: 0.059264
2026-05-18 13:15: **********Train Epoch 133: averaged Loss: 0.018092
2026-05-18 13:15: **********Val Epoch 133: average Loss: 0.012047
2026-05-18 13:15: Train Epoch 134: 0/87 Loss: 0.131068
2026-05-18 13:15: Train Epoch 134: 20/87 Loss: 0.009501
2026-05-18 13:15: Train Epoch 134: 40/87 Loss: 0.013712
2026-05-18 13:15: Train Epoch 134: 60/87 Loss: 0.013266
2026-05-18 13:15: Train Epoch 134: 80/87 Loss: 0.037103
2026-05-18 13:15: **********Train Epoch 134: averaged Loss: 0.021107
2026-05-18 13:16: **********Val Epoch 134: average Loss: 0.014277
2026-05-18 13:16: Train Epoch 135: 0/87 Loss: 0.020713
2026-05-18 13:16: Train Epoch 135: 20/87 Loss: 0.008392
2026-05-18 13:16: Train Epoch 135: 40/87 Loss: 0.005861
2026-05-18 13:16: Train Epoch 135: 60/87 Loss: 0.003834
2026-05-18 13:16: Train Epoch 135: 80/87 Loss: 0.024510
2026-05-18 13:16: **********Train Epoch 135: averaged Loss: 0.013321
2026-05-18 13:16: **********Val Epoch 135: average Loss: 0.034730
2026-05-18 13:16: Train Epoch 136: 0/87 Loss: 0.031931
2026-05-18 13:16: Train Epoch 136: 20/87 Loss: 0.007223
2026-05-18 13:16: Train Epoch 136: 40/87 Loss: 0.007055
2026-05-18 13:16: Train Epoch 136: 60/87 Loss: 0.002006
2026-05-18 13:16: Train Epoch 136: 80/87 Loss: 0.026967
2026-05-18 13:16: **********Train Epoch 136: averaged Loss: 0.013087
2026-05-18 13:16: **********Val Epoch 136: average Loss: 0.014613
2026-05-18 13:16: Train Epoch 137: 0/87 Loss: 0.011418
2026-05-18 13:16: Train Epoch 137: 20/87 Loss: 0.003959
2026-05-18 13:16: Train Epoch 137: 40/87 Loss: 0.010671
2026-05-18 13:16: Train Epoch 137: 60/87 Loss: 0.019504
2026-05-18 13:16: Train Epoch 137: 80/87 Loss: 0.025365
2026-05-18 13:16: **********Train Epoch 137: averaged Loss: 0.012710
2026-05-18 13:16: **********Val Epoch 137: average Loss: 0.039654
2026-05-18 13:16: Train Epoch 138: 0/87 Loss: 0.025188
2026-05-18 13:16: Train Epoch 138: 20/87 Loss: 0.007394
2026-05-18 13:16: Train Epoch 138: 40/87 Loss: 0.005997
2026-05-18 13:16: Train Epoch 138: 60/87 Loss: 0.004505
2026-05-18 13:16: Train Epoch 138: 80/87 Loss: 0.019680
2026-05-18 13:16: **********Train Epoch 138: averaged Loss: 0.012442
2026-05-18 13:16: **********Val Epoch 138: average Loss: 0.050058
2026-05-18 13:16: Train Epoch 139: 0/87 Loss: 0.026862
2026-05-18 13:16: Train Epoch 139: 20/87 Loss: 0.003597
2026-05-18 13:16: Train Epoch 139: 40/87 Loss: 0.003959
2026-05-18 13:16: Train Epoch 139: 60/87 Loss: 0.017728
2026-05-18 13:16: Train Epoch 139: 80/87 Loss: 0.039665
2026-05-18 13:16: **********Train Epoch 139: averaged Loss: 0.017127
2026-05-18 13:16: **********Val Epoch 139: average Loss: 0.012071
2026-05-18 13:16: Train Epoch 140: 0/87 Loss: 0.075595
2026-05-18 13:16: Train Epoch 140: 20/87 Loss: 0.026687
2026-05-18 13:16: Train Epoch 140: 40/87 Loss: 0.020283
2026-05-18 13:16: Train Epoch 140: 60/87 Loss: 0.011777
2026-05-18 13:16: Train Epoch 140: 80/87 Loss: 0.052524
2026-05-18 13:16: **********Train Epoch 140: averaged Loss: 0.023574
2026-05-18 13:16: **********Val Epoch 140: average Loss: 0.051973
2026-05-18 13:16: Train Epoch 141: 0/87 Loss: 0.076814
2026-05-18 13:16: Train Epoch 141: 20/87 Loss: 0.011897
2026-05-18 13:16: Train Epoch 141: 40/87 Loss: 0.005152
2026-05-18 13:16: Train Epoch 141: 60/87 Loss: 0.012362
2026-05-18 13:16: Train Epoch 141: 80/87 Loss: 0.019318
2026-05-18 13:16: **********Train Epoch 141: averaged Loss: 0.014024
2026-05-18 13:16: **********Val Epoch 141: average Loss: 0.020344
2026-05-18 13:16: Train Epoch 142: 0/87 Loss: 0.017678
2026-05-18 13:16: Train Epoch 142: 20/87 Loss: 0.005587
2026-05-18 13:16: Train Epoch 142: 40/87 Loss: 0.007856
2026-05-18 13:16: Train Epoch 142: 60/87 Loss: 0.004065
2026-05-18 13:16: Train Epoch 142: 80/87 Loss: 0.037018
2026-05-18 13:16: **********Train Epoch 142: averaged Loss: 0.012728
2026-05-18 13:16: **********Val Epoch 142: average Loss: 0.020390
2026-05-18 13:16: Train Epoch 143: 0/87 Loss: 0.034374
2026-05-18 13:16: Train Epoch 143: 20/87 Loss: 0.003546
2026-05-18 13:16: Train Epoch 143: 40/87 Loss: 0.008115
2026-05-18 13:16: Train Epoch 143: 60/87 Loss: 0.011323
2026-05-18 13:16: Train Epoch 143: 80/87 Loss: 0.027990
2026-05-18 13:16: **********Train Epoch 143: averaged Loss: 0.012307
2026-05-18 13:16: **********Val Epoch 143: average Loss: 0.030417
2026-05-18 13:16: Train Epoch 144: 0/87 Loss: 0.033595
2026-05-18 13:16: Train Epoch 144: 20/87 Loss: 0.010717
2026-05-18 13:16: Train Epoch 144: 40/87 Loss: 0.007476
2026-05-18 13:16: Train Epoch 144: 60/87 Loss: 0.015536
2026-05-18 13:16: Train Epoch 144: 80/87 Loss: 0.026623
2026-05-18 13:16: **********Train Epoch 144: averaged Loss: 0.014253
2026-05-18 13:16: **********Val Epoch 144: average Loss: 0.046212
2026-05-18 13:16: Train Epoch 145: 0/87 Loss: 0.009872
2026-05-18 13:16: Train Epoch 145: 20/87 Loss: 0.003602
2026-05-18 13:16: Train Epoch 145: 40/87 Loss: 0.020056
2026-05-18 13:16: Train Epoch 145: 60/87 Loss: 0.026121
2026-05-18 13:16: Train Epoch 145: 80/87 Loss: 0.057295
2026-05-18 13:16: **********Train Epoch 145: averaged Loss: 0.017319
2026-05-18 13:16: **********Val Epoch 145: average Loss: 0.011694
2026-05-18 13:16: Train Epoch 146: 0/87 Loss: 0.073457
2026-05-18 13:16: Train Epoch 146: 20/87 Loss: 0.003850
2026-05-18 13:16: Train Epoch 146: 40/87 Loss: 0.007033
2026-05-18 13:16: Train Epoch 146: 60/87 Loss: 0.013366
2026-05-18 13:16: Train Epoch 146: 80/87 Loss: 0.023754
2026-05-18 13:16: **********Train Epoch 146: averaged Loss: 0.016824
2026-05-18 13:16: **********Val Epoch 146: average Loss: 0.043416
2026-05-18 13:16: Train Epoch 147: 0/87 Loss: 0.023540
2026-05-18 13:16: Train Epoch 147: 20/87 Loss: 0.007128
2026-05-18 13:16: Train Epoch 147: 40/87 Loss: 0.006016
2026-05-18 13:16: Train Epoch 147: 60/87 Loss: 0.001992
2026-05-18 13:16: Train Epoch 147: 80/87 Loss: 0.019720
2026-05-18 13:16: **********Train Epoch 147: averaged Loss: 0.011517
2026-05-18 13:16: **********Val Epoch 147: average Loss: 0.021557
2026-05-18 13:16: Train Epoch 148: 0/87 Loss: 0.029966
2026-05-18 13:16: Train Epoch 148: 20/87 Loss: 0.012671
2026-05-18 13:16: Train Epoch 148: 40/87 Loss: 0.006648
2026-05-18 13:16: Train Epoch 148: 60/87 Loss: 0.011627
2026-05-18 13:16: Train Epoch 148: 80/87 Loss: 0.021385
2026-05-18 13:16: **********Train Epoch 148: averaged Loss: 0.011290
2026-05-18 13:16: **********Val Epoch 148: average Loss: 0.028931
2026-05-18 13:16: Train Epoch 149: 0/87 Loss: 0.011204
2026-05-18 13:16: Train Epoch 149: 20/87 Loss: 0.006141
2026-05-18 13:16: Train Epoch 149: 40/87 Loss: 0.011759
2026-05-18 13:16: Train Epoch 149: 60/87 Loss: 0.002324
2026-05-18 13:16: Train Epoch 149: 80/87 Loss: 0.025912
2026-05-18 13:16: **********Train Epoch 149: averaged Loss: 0.012638
2026-05-18 13:16: **********Val Epoch 149: average Loss: 0.049978
2026-05-18 13:16: Train Epoch 150: 0/87 Loss: 0.021600
2026-05-18 13:16: Train Epoch 150: 20/87 Loss: 0.011274
2026-05-18 13:17: Train Epoch 150: 40/87 Loss: 0.005571
2026-05-18 13:17: Train Epoch 150: 60/87 Loss: 0.018740
2026-05-18 13:17: Train Epoch 150: 80/87 Loss: 0.047028
2026-05-18 13:17: **********Train Epoch 150: averaged Loss: 0.015906
2026-05-18 13:17: **********Val Epoch 150: average Loss: 0.011680
2026-05-18 13:17: Train Epoch 151: 0/87 Loss: 0.082243
2026-05-18 13:17: Train Epoch 151: 20/87 Loss: 0.008947
2026-05-18 13:17: Train Epoch 151: 40/87 Loss: 0.009664
2026-05-18 13:17: Train Epoch 151: 60/87 Loss: 0.018775
2026-05-18 13:17: Train Epoch 151: 80/87 Loss: 0.035837
2026-05-18 13:17: **********Train Epoch 151: averaged Loss: 0.016505
2026-05-18 13:17: **********Val Epoch 151: average Loss: 0.014511
2026-05-18 13:17: Train Epoch 152: 0/87 Loss: 0.011174
2026-05-18 13:17: Train Epoch 152: 20/87 Loss: 0.008440
2026-05-18 13:17: Train Epoch 152: 40/87 Loss: 0.007904
2026-05-18 13:17: Train Epoch 152: 60/87 Loss: 0.024964
2026-05-18 13:17: Train Epoch 152: 80/87 Loss: 0.046843
2026-05-18 13:17: **********Train Epoch 152: averaged Loss: 0.016841
2026-05-18 13:17: **********Val Epoch 152: average Loss: 0.011955
2026-05-18 13:17: Train Epoch 153: 0/87 Loss: 0.046506
2026-05-18 13:17: Train Epoch 153: 20/87 Loss: 0.005769
2026-05-18 13:17: Train Epoch 153: 40/87 Loss: 0.006131
2026-05-18 13:17: Train Epoch 153: 60/87 Loss: 0.002040
2026-05-18 13:17: Train Epoch 153: 80/87 Loss: 0.020903
2026-05-18 13:17: **********Train Epoch 153: averaged Loss: 0.012755
2026-05-18 13:17: **********Val Epoch 153: average Loss: 0.041391
2026-05-18 13:17: Train Epoch 154: 0/87 Loss: 0.024835
2026-05-18 13:17: Train Epoch 154: 20/87 Loss: 0.012403
2026-05-18 13:17: Train Epoch 154: 40/87 Loss: 0.004221
2026-05-18 13:17: Train Epoch 154: 60/87 Loss: 0.018520
2026-05-18 13:17: Train Epoch 154: 80/87 Loss: 0.032904
2026-05-18 13:17: **********Train Epoch 154: averaged Loss: 0.012423
2026-05-18 13:17: **********Val Epoch 154: average Loss: 0.036224
2026-05-18 13:17: Train Epoch 155: 0/87 Loss: 0.019926
2026-05-18 13:17: Train Epoch 155: 20/87 Loss: 0.004094
2026-05-18 13:17: Train Epoch 155: 40/87 Loss: 0.007355
2026-05-18 13:17: Train Epoch 155: 60/87 Loss: 0.002212
2026-05-18 13:17: Train Epoch 155: 80/87 Loss: 0.018988
2026-05-18 13:17: **********Train Epoch 155: averaged Loss: 0.011009
2026-05-18 13:17: **********Val Epoch 155: average Loss: 0.051042
2026-05-18 13:17: Train Epoch 156: 0/87 Loss: 0.008511
2026-05-18 13:17: Train Epoch 156: 20/87 Loss: 0.005687
2026-05-18 13:17: Train Epoch 156: 40/87 Loss: 0.008692
2026-05-18 13:17: Train Epoch 156: 60/87 Loss: 0.011146
2026-05-18 13:17: Train Epoch 156: 80/87 Loss: 0.041394
2026-05-18 13:17: **********Train Epoch 156: averaged Loss: 0.013803
2026-05-18 13:17: **********Val Epoch 156: average Loss: 0.020033
2026-05-18 13:17: Train Epoch 157: 0/87 Loss: 0.042420
2026-05-18 13:17: Train Epoch 157: 20/87 Loss: 0.003516
2026-05-18 13:17: Train Epoch 157: 40/87 Loss: 0.005528
2026-05-18 13:17: Train Epoch 157: 60/87 Loss: 0.002168
2026-05-18 13:17: Train Epoch 157: 80/87 Loss: 0.019682
2026-05-18 13:17: **********Train Epoch 157: averaged Loss: 0.013291
2026-05-18 13:17: **********Val Epoch 157: average Loss: 0.059591
2026-05-18 13:17: Train Epoch 158: 0/87 Loss: 0.011543
2026-05-18 13:17: Train Epoch 158: 20/87 Loss: 0.008977
2026-05-18 13:17: Train Epoch 158: 40/87 Loss: 0.005185
2026-05-18 13:17: Train Epoch 158: 60/87 Loss: 0.002946
2026-05-18 13:17: Train Epoch 158: 80/87 Loss: 0.034410
2026-05-18 13:17: **********Train Epoch 158: averaged Loss: 0.012292
2026-05-18 13:17: **********Val Epoch 158: average Loss: 0.059261
2026-05-18 13:17: Train Epoch 159: 0/87 Loss: 0.063509
2026-05-18 13:17: Train Epoch 159: 20/87 Loss: 0.011801
2026-05-18 13:17: Train Epoch 159: 40/87 Loss: 0.008294
2026-05-18 13:17: Train Epoch 159: 60/87 Loss: 0.002262
2026-05-18 13:17: Train Epoch 159: 80/87 Loss: 0.018942
2026-05-18 13:17: **********Train Epoch 159: averaged Loss: 0.012745
2026-05-18 13:17: **********Val Epoch 159: average Loss: 0.026846
2026-05-18 13:17: Train Epoch 160: 0/87 Loss: 0.024011
2026-05-18 13:17: Train Epoch 160: 20/87 Loss: 0.008930
2026-05-18 13:17: Train Epoch 160: 40/87 Loss: 0.005202
2026-05-18 13:17: Train Epoch 160: 60/87 Loss: 0.003312
2026-05-18 13:17: Train Epoch 160: 80/87 Loss: 0.036231
2026-05-18 13:17: **********Train Epoch 160: averaged Loss: 0.011614
2026-05-18 13:17: **********Val Epoch 160: average Loss: 0.023670
2026-05-18 13:17: Train Epoch 161: 0/87 Loss: 0.014754
2026-05-18 13:17: Train Epoch 161: 20/87 Loss: 0.004622
2026-05-18 13:17: Train Epoch 161: 40/87 Loss: 0.006381
2026-05-18 13:17: Train Epoch 161: 60/87 Loss: 0.012688
2026-05-18 13:17: Train Epoch 161: 80/87 Loss: 0.042043
2026-05-18 13:17: **********Train Epoch 161: averaged Loss: 0.012106
2026-05-18 13:17: **********Val Epoch 161: average Loss: 0.021683
2026-05-18 13:17: Train Epoch 162: 0/87 Loss: 0.073799
2026-05-18 13:17: Train Epoch 162: 20/87 Loss: 0.009101
2026-05-18 13:17: Train Epoch 162: 40/87 Loss: 0.014183
2026-05-18 13:17: Train Epoch 162: 60/87 Loss: 0.005455
2026-05-18 13:17: Train Epoch 162: 80/87 Loss: 0.026598
2026-05-18 13:17: **********Train Epoch 162: averaged Loss: 0.015406
2026-05-18 13:17: **********Val Epoch 162: average Loss: 0.021098
2026-05-18 13:17: Train Epoch 163: 0/87 Loss: 0.013376
2026-05-18 13:17: Train Epoch 163: 20/87 Loss: 0.003659
2026-05-18 13:17: Train Epoch 163: 40/87 Loss: 0.018742
2026-05-18 13:17: Train Epoch 163: 60/87 Loss: 0.003852
2026-05-18 13:17: Train Epoch 163: 80/87 Loss: 0.056986
2026-05-18 13:17: **********Train Epoch 163: averaged Loss: 0.024224
2026-05-18 13:17: **********Val Epoch 163: average Loss: 0.026501
2026-05-18 13:17: Train Epoch 164: 0/87 Loss: 0.053160
2026-05-18 13:17: Train Epoch 164: 20/87 Loss: 0.005846
2026-05-18 13:17: Train Epoch 164: 40/87 Loss: 0.004953
2026-05-18 13:17: Train Epoch 164: 60/87 Loss: 0.004956
2026-05-18 13:17: Train Epoch 164: 80/87 Loss: 0.055336
2026-05-18 13:17: **********Train Epoch 164: averaged Loss: 0.016331
2026-05-18 13:17: **********Val Epoch 164: average Loss: 0.015517
2026-05-18 13:17: Train Epoch 165: 0/87 Loss: 0.012391
2026-05-18 13:18: Train Epoch 165: 20/87 Loss: 0.009269
2026-05-18 13:18: Train Epoch 165: 40/87 Loss: 0.009627
2026-05-18 13:18: Train Epoch 165: 60/87 Loss: 0.008469
2026-05-18 13:18: Train Epoch 165: 80/87 Loss: 0.040111
2026-05-18 13:18: **********Train Epoch 165: averaged Loss: 0.016191
2026-05-18 13:18: **********Val Epoch 165: average Loss: 0.032052
2026-05-18 13:18: Train Epoch 166: 0/87 Loss: 0.008545
2026-05-18 13:18: Train Epoch 166: 20/87 Loss: 0.005458
2026-05-18 13:18: Train Epoch 166: 40/87 Loss: 0.009564
2026-05-18 13:18: Train Epoch 166: 60/87 Loss: 0.002402
2026-05-18 13:18: Train Epoch 166: 80/87 Loss: 0.056877
2026-05-18 13:18: **********Train Epoch 166: averaged Loss: 0.020317
2026-05-18 13:18: **********Val Epoch 166: average Loss: 0.021306
2026-05-18 13:18: Train Epoch 167: 0/87 Loss: 0.026858
2026-05-18 13:18: Train Epoch 167: 20/87 Loss: 0.006554
2026-05-18 13:18: Train Epoch 167: 40/87 Loss: 0.012602
2026-05-18 13:18: Train Epoch 167: 60/87 Loss: 0.003675
2026-05-18 13:18: Train Epoch 167: 80/87 Loss: 0.056724
2026-05-18 13:18: **********Train Epoch 167: averaged Loss: 0.019099
2026-05-18 13:18: **********Val Epoch 167: average Loss: 0.010564
2026-05-18 13:18: Train Epoch 168: 0/87 Loss: 0.024962
2026-05-18 13:18: Train Epoch 168: 20/87 Loss: 0.008472
2026-05-18 13:18: Train Epoch 168: 40/87 Loss: 0.009109
2026-05-18 13:18: Train Epoch 168: 60/87 Loss: 0.003600
2026-05-18 13:18: Train Epoch 168: 80/87 Loss: 0.021401
2026-05-18 13:18: **********Train Epoch 168: averaged Loss: 0.013353
2026-05-18 13:18: **********Val Epoch 168: average Loss: 0.030762
2026-05-18 13:18: Train Epoch 169: 0/87 Loss: 0.022915
2026-05-18 13:18: Train Epoch 169: 20/87 Loss: 0.013039
2026-05-18 13:18: Train Epoch 169: 40/87 Loss: 0.006171
2026-05-18 13:18: Train Epoch 169: 60/87 Loss: 0.008481
2026-05-18 13:18: Train Epoch 169: 80/87 Loss: 0.026723
2026-05-18 13:18: **********Train Epoch 169: averaged Loss: 0.011106
2026-05-18 13:18: **********Val Epoch 169: average Loss: 0.033802
2026-05-18 13:18: Train Epoch 170: 0/87 Loss: 0.007191
2026-05-18 13:18: Train Epoch 170: 20/87 Loss: 0.003607
2026-05-18 13:18: Train Epoch 170: 40/87 Loss: 0.008476
2026-05-18 13:18: Train Epoch 170: 60/87 Loss: 0.009554
2026-05-18 13:18: Train Epoch 170: 80/87 Loss: 0.020930
2026-05-18 13:18: **********Train Epoch 170: averaged Loss: 0.010150
2026-05-18 13:18: **********Val Epoch 170: average Loss: 0.039771
2026-05-18 13:18: Train Epoch 171: 0/87 Loss: 0.010502
2026-05-18 13:18: Train Epoch 171: 20/87 Loss: 0.004086
2026-05-18 13:18: Train Epoch 171: 40/87 Loss: 0.024234
2026-05-18 13:18: Train Epoch 171: 60/87 Loss: 0.007797
2026-05-18 13:18: Train Epoch 171: 80/87 Loss: 0.066068
2026-05-18 13:18: **********Train Epoch 171: averaged Loss: 0.017461
2026-05-18 13:18: **********Val Epoch 171: average Loss: 0.053110
2026-05-18 13:18: Train Epoch 172: 0/87 Loss: 0.079595
2026-05-18 13:18: Train Epoch 172: 20/87 Loss: 0.028610
2026-05-18 13:18: Train Epoch 172: 40/87 Loss: 0.016420
2026-05-18 13:18: Train Epoch 172: 60/87 Loss: 0.009721
2026-05-18 13:18: Train Epoch 172: 80/87 Loss: 0.037496
2026-05-18 13:18: **********Train Epoch 172: averaged Loss: 0.016851
2026-05-18 13:18: **********Val Epoch 172: average Loss: 0.049099
2026-05-18 13:18: Train Epoch 173: 0/87 Loss: 0.025186
2026-05-18 13:18: Train Epoch 173: 20/87 Loss: 0.006302
2026-05-18 13:18: Train Epoch 173: 40/87 Loss: 0.006757
2026-05-18 13:18: Train Epoch 173: 60/87 Loss: 0.002831
2026-05-18 13:18: Train Epoch 173: 80/87 Loss: 0.018611
2026-05-18 13:18: **********Train Epoch 173: averaged Loss: 0.009521
2026-05-18 13:18: **********Val Epoch 173: average Loss: 0.020424
2026-05-18 13:18: Train Epoch 174: 0/87 Loss: 0.035324
2026-05-18 13:18: Train Epoch 174: 20/87 Loss: 0.010202
2026-05-18 13:18: Train Epoch 174: 40/87 Loss: 0.004979
2026-05-18 13:18: Train Epoch 174: 60/87 Loss: 0.004961
2026-05-18 13:18: Train Epoch 174: 80/87 Loss: 0.021183
2026-05-18 13:18: **********Train Epoch 174: averaged Loss: 0.009926
2026-05-18 13:18: **********Val Epoch 174: average Loss: 0.029347
2026-05-18 13:18: Train Epoch 175: 0/87 Loss: 0.017471
2026-05-18 13:18: Train Epoch 175: 20/87 Loss: 0.018239
2026-05-18 13:18: Train Epoch 175: 40/87 Loss: 0.006182
2026-05-18 13:18: Train Epoch 175: 60/87 Loss: 0.002689
2026-05-18 13:18: Train Epoch 175: 80/87 Loss: 0.032607
2026-05-18 13:18: **********Train Epoch 175: averaged Loss: 0.012364
2026-05-18 13:18: **********Val Epoch 175: average Loss: 0.013878
2026-05-18 13:18: Train Epoch 176: 0/87 Loss: 0.060921
2026-05-18 13:18: Train Epoch 176: 20/87 Loss: 0.020382
2026-05-18 13:18: Train Epoch 176: 40/87 Loss: 0.004758
2026-05-18 13:18: Train Epoch 176: 60/87 Loss: 0.004595
2026-05-18 13:18: Train Epoch 176: 80/87 Loss: 0.025721
2026-05-18 13:18: **********Train Epoch 176: averaged Loss: 0.011847
2026-05-18 13:18: **********Val Epoch 176: average Loss: 0.047280
2026-05-18 13:18: Train Epoch 177: 0/87 Loss: 0.043816
2026-05-18 13:18: Train Epoch 177: 20/87 Loss: 0.022014
2026-05-18 13:18: Train Epoch 177: 40/87 Loss: 0.005183
2026-05-18 13:18: Train Epoch 177: 60/87 Loss: 0.008969
2026-05-18 13:18: Train Epoch 177: 80/87 Loss: 0.032637
2026-05-18 13:18: **********Train Epoch 177: averaged Loss: 0.015658
2026-05-18 13:18: **********Val Epoch 177: average Loss: 0.050899
2026-05-18 13:18: Train Epoch 178: 0/87 Loss: 0.012641
2026-05-18 13:18: Train Epoch 178: 20/87 Loss: 0.011739
2026-05-18 13:18: Train Epoch 178: 40/87 Loss: 0.005938
2026-05-18 13:18: Train Epoch 178: 60/87 Loss: 0.005936
2026-05-18 13:18: Train Epoch 178: 80/87 Loss: 0.052092
2026-05-18 13:18: **********Train Epoch 178: averaged Loss: 0.014115
2026-05-18 13:18: **********Val Epoch 178: average Loss: 0.011902
2026-05-18 13:18: Train Epoch 179: 0/87 Loss: 0.074181
2026-05-18 13:18: Train Epoch 179: 20/87 Loss: 0.009623
2026-05-18 13:18: Train Epoch 179: 40/87 Loss: 0.015368
2026-05-18 13:18: Train Epoch 179: 60/87 Loss: 0.009600
2026-05-18 13:19: Train Epoch 179: 80/87 Loss: 0.034385
2026-05-18 13:19: **********Train Epoch 179: averaged Loss: 0.014565
2026-05-18 13:19: **********Val Epoch 179: average Loss: 0.022126
2026-05-18 13:19: Train Epoch 180: 0/87 Loss: 0.007254
2026-05-18 13:19: Train Epoch 180: 20/87 Loss: 0.004348
2026-05-18 13:19: Train Epoch 180: 40/87 Loss: 0.008525
2026-05-18 13:19: Train Epoch 180: 60/87 Loss: 0.002582
2026-05-18 13:19: Train Epoch 180: 80/87 Loss: 0.020360
2026-05-18 13:19: **********Train Epoch 180: averaged Loss: 0.010063
2026-05-18 13:19: **********Val Epoch 180: average Loss: 0.053200
2026-05-18 13:19: Train Epoch 181: 0/87 Loss: 0.009869
2026-05-18 13:19: Train Epoch 181: 20/87 Loss: 0.003477
2026-05-18 13:19: Train Epoch 181: 40/87 Loss: 0.004153
2026-05-18 13:19: Train Epoch 181: 60/87 Loss: 0.004281
2026-05-18 13:19: Train Epoch 181: 80/87 Loss: 0.028661
2026-05-18 13:19: **********Train Epoch 181: averaged Loss: 0.009836
2026-05-18 13:19: **********Val Epoch 181: average Loss: 0.028466
2026-05-18 13:19: Train Epoch 182: 0/87 Loss: 0.010523
2026-05-18 13:19: Train Epoch 182: 20/87 Loss: 0.003335
2026-05-18 13:19: Train Epoch 182: 40/87 Loss: 0.004490
2026-05-18 13:19: Train Epoch 182: 60/87 Loss: 0.004705
2026-05-18 13:19: Train Epoch 182: 80/87 Loss: 0.022479
2026-05-18 13:19: **********Train Epoch 182: averaged Loss: 0.008950
2026-05-18 13:19: **********Val Epoch 182: average Loss: 0.037643
2026-05-18 13:19: Train Epoch 183: 0/87 Loss: 0.031371
2026-05-18 13:19: Train Epoch 183: 20/87 Loss: 0.005551
2026-05-18 13:19: Train Epoch 183: 40/87 Loss: 0.005053
2026-05-18 13:19: Train Epoch 183: 60/87 Loss: 0.006771
2026-05-18 13:19: Train Epoch 183: 80/87 Loss: 0.047205
2026-05-18 13:19: **********Train Epoch 183: averaged Loss: 0.011580
2026-05-18 13:19: **********Val Epoch 183: average Loss: 0.072023
2026-05-18 13:19: Train Epoch 184: 0/87 Loss: 0.067292
2026-05-18 13:19: Train Epoch 184: 20/87 Loss: 0.030646
2026-05-18 13:19: Train Epoch 184: 40/87 Loss: 0.009969
2026-05-18 13:19: Train Epoch 184: 60/87 Loss: 0.007768
2026-05-18 13:19: Train Epoch 184: 80/87 Loss: 0.019500
2026-05-18 13:19: **********Train Epoch 184: averaged Loss: 0.013870
2026-05-18 13:19: **********Val Epoch 184: average Loss: 0.026231
2026-05-18 13:19: Train Epoch 185: 0/87 Loss: 0.006596
2026-05-18 13:19: Train Epoch 185: 20/87 Loss: 0.004564
2026-05-18 13:19: Train Epoch 185: 40/87 Loss: 0.003971
2026-05-18 13:19: Train Epoch 185: 60/87 Loss: 0.014670
2026-05-18 13:19: Train Epoch 185: 80/87 Loss: 0.025014
2026-05-18 13:19: **********Train Epoch 185: averaged Loss: 0.007961
2026-05-18 13:19: **********Val Epoch 185: average Loss: 0.032669
2026-05-18 13:19: Train Epoch 186: 0/87 Loss: 0.046430
2026-05-18 13:19: Train Epoch 186: 20/87 Loss: 0.005221
2026-05-18 13:19: Train Epoch 186: 40/87 Loss: 0.004964
2026-05-18 13:19: Train Epoch 186: 60/87 Loss: 0.002570
2026-05-18 13:19: Train Epoch 186: 80/87 Loss: 0.023892
2026-05-18 13:19: **********Train Epoch 186: averaged Loss: 0.010488
2026-05-18 13:19: **********Val Epoch 186: average Loss: 0.038321
2026-05-18 13:19: Train Epoch 187: 0/87 Loss: 0.035477
2026-05-18 13:19: Train Epoch 187: 20/87 Loss: 0.018459
2026-05-18 13:19: Train Epoch 187: 40/87 Loss: 0.005741
2026-05-18 13:19: Train Epoch 187: 60/87 Loss: 0.010563
2026-05-18 13:19: Train Epoch 187: 80/87 Loss: 0.030464
2026-05-18 13:19: **********Train Epoch 187: averaged Loss: 0.011900
2026-05-18 13:19: **********Val Epoch 187: average Loss: 0.032050
2026-05-18 13:19: Train Epoch 188: 0/87 Loss: 0.072530
2026-05-18 13:19: Train Epoch 188: 20/87 Loss: 0.016109
2026-05-18 13:19: Train Epoch 188: 40/87 Loss: 0.005760
2026-05-18 13:19: Train Epoch 188: 60/87 Loss: 0.009108
2026-05-18 13:19: Train Epoch 188: 80/87 Loss: 0.036179
2026-05-18 13:19: **********Train Epoch 188: averaged Loss: 0.018098
2026-05-18 13:19: **********Val Epoch 188: average Loss: 0.032753
2026-05-18 13:19: Train Epoch 189: 0/87 Loss: 0.007321
2026-05-18 13:19: Train Epoch 189: 20/87 Loss: 0.004273
2026-05-18 13:19: Train Epoch 189: 40/87 Loss: 0.017480
2026-05-18 13:19: Train Epoch 189: 60/87 Loss: 0.011018
2026-05-18 13:19: Train Epoch 189: 80/87 Loss: 0.057650
2026-05-18 13:19: **********Train Epoch 189: averaged Loss: 0.015039
2026-05-18 13:19: **********Val Epoch 189: average Loss: 0.015789
2026-05-18 13:19: Train Epoch 190: 0/87 Loss: 0.070660
2026-05-18 13:19: Train Epoch 190: 20/87 Loss: 0.016575
2026-05-18 13:19: Train Epoch 190: 40/87 Loss: 0.005666
2026-05-18 13:19: Train Epoch 190: 60/87 Loss: 0.008106
2026-05-18 13:19: Train Epoch 190: 80/87 Loss: 0.018436
2026-05-18 13:19: **********Train Epoch 190: averaged Loss: 0.011455
2026-05-18 13:19: **********Val Epoch 190: average Loss: 0.032388
2026-05-18 13:19: Train Epoch 191: 0/87 Loss: 0.037113
2026-05-18 13:19: Train Epoch 191: 20/87 Loss: 0.009239
2026-05-18 13:19: Train Epoch 191: 40/87 Loss: 0.005144
2026-05-18 13:19: Train Epoch 191: 60/87 Loss: 0.005341
2026-05-18 13:19: Train Epoch 191: 80/87 Loss: 0.028801
2026-05-18 13:19: **********Train Epoch 191: averaged Loss: 0.013839
2026-05-18 13:19: **********Val Epoch 191: average Loss: 0.046225
2026-05-18 13:19: Train Epoch 192: 0/87 Loss: 0.021350
2026-05-18 13:19: Train Epoch 192: 20/87 Loss: 0.004671
2026-05-18 13:19: Train Epoch 192: 40/87 Loss: 0.008589
2026-05-18 13:19: Train Epoch 192: 60/87 Loss: 0.003308
2026-05-18 13:19: Train Epoch 192: 80/87 Loss: 0.048205
2026-05-18 13:19: **********Train Epoch 192: averaged Loss: 0.021356
2026-05-18 13:19: **********Val Epoch 192: average Loss: 0.070005
2026-05-18 13:19: Train Epoch 193: 0/87 Loss: 0.084360
2026-05-18 13:19: Train Epoch 193: 20/87 Loss: 0.012217
2026-05-18 13:19: Train Epoch 193: 40/87 Loss: 0.009449
2026-05-18 13:19: Train Epoch 193: 60/87 Loss: 0.002735
2026-05-18 13:19: Train Epoch 193: 80/87 Loss: 0.030598
2026-05-18 13:19: **********Train Epoch 193: averaged Loss: 0.015450
2026-05-18 13:19: **********Val Epoch 193: average Loss: 0.014257
2026-05-18 13:19: Train Epoch 194: 0/87 Loss: 0.009205
2026-05-18 13:19: Train Epoch 194: 20/87 Loss: 0.004325
2026-05-18 13:19: Train Epoch 194: 40/87 Loss: 0.009815
2026-05-18 13:19: Train Epoch 194: 60/87 Loss: 0.009276
2026-05-18 13:19: Train Epoch 194: 80/87 Loss: 0.022562
2026-05-18 13:19: **********Train Epoch 194: averaged Loss: 0.010103
2026-05-18 13:19: **********Val Epoch 194: average Loss: 0.033501
2026-05-18 13:19: Train Epoch 195: 0/87 Loss: 0.006956
2026-05-18 13:20: Train Epoch 195: 20/87 Loss: 0.005098
2026-05-18 13:20: Train Epoch 195: 40/87 Loss: 0.006670
2026-05-18 13:20: Train Epoch 195: 60/87 Loss: 0.006907
2026-05-18 13:20: Train Epoch 195: 80/87 Loss: 0.020170
2026-05-18 13:20: **********Train Epoch 195: averaged Loss: 0.008905
2026-05-18 13:20: **********Val Epoch 195: average Loss: 0.034662
2026-05-18 13:20: Train Epoch 196: 0/87 Loss: 0.022130
2026-05-18 13:20: Train Epoch 196: 20/87 Loss: 0.003901
2026-05-18 13:20: Train Epoch 196: 40/87 Loss: 0.006031
2026-05-18 13:20: Train Epoch 196: 60/87 Loss: 0.010080
2026-05-18 13:20: Train Epoch 196: 80/87 Loss: 0.023706
2026-05-18 13:20: **********Train Epoch 196: averaged Loss: 0.010343
2026-05-18 13:20: **********Val Epoch 196: average Loss: 0.030946
2026-05-18 13:20: Train Epoch 197: 0/87 Loss: 0.039573
2026-05-18 13:20: Train Epoch 197: 20/87 Loss: 0.020369
2026-05-18 13:20: Train Epoch 197: 40/87 Loss: 0.009164
2026-05-18 13:20: Train Epoch 197: 60/87 Loss: 0.013495
2026-05-18 13:20: Train Epoch 197: 80/87 Loss: 0.039606
2026-05-18 13:20: **********Train Epoch 197: averaged Loss: 0.014479
2026-05-18 13:20: **********Val Epoch 197: average Loss: 0.023957
2026-05-18 13:20: Train Epoch 198: 0/87 Loss: 0.039845
2026-05-18 13:20: Train Epoch 198: 20/87 Loss: 0.004796
2026-05-18 13:20: Train Epoch 198: 40/87 Loss: 0.004709
2026-05-18 13:20: Train Epoch 198: 60/87 Loss: 0.008229
2026-05-18 13:20: Train Epoch 198: 80/87 Loss: 0.051773
2026-05-18 13:20: **********Train Epoch 198: averaged Loss: 0.013482
2026-05-18 13:20: **********Val Epoch 198: average Loss: 0.012991
2026-05-18 13:20: Train Epoch 199: 0/87 Loss: 0.051535
2026-05-18 13:20: Train Epoch 199: 20/87 Loss: 0.010672
2026-05-18 13:20: Train Epoch 199: 40/87 Loss: 0.005449
2026-05-18 13:20: Train Epoch 199: 60/87 Loss: 0.006281
2026-05-18 13:20: Train Epoch 199: 80/87 Loss: 0.024640
2026-05-18 13:20: **********Train Epoch 199: averaged Loss: 0.011752
2026-05-18 13:20: **********Val Epoch 199: average Loss: 0.018895
2026-05-18 13:20: Train Epoch 200: 0/87 Loss: 0.024145
2026-05-18 13:20: Train Epoch 200: 20/87 Loss: 0.009434
2026-05-18 13:20: Train Epoch 200: 40/87 Loss: 0.005757
2026-05-18 13:20: Train Epoch 200: 60/87 Loss: 0.002005
2026-05-18 13:20: Train Epoch 200: 80/87 Loss: 0.017652
2026-05-18 13:20: **********Train Epoch 200: averaged Loss: 0.009536
2026-05-18 13:20: **********Val Epoch 200: average Loss: 0.049488
2026-05-18 13:20: Train Epoch 201: 0/87 Loss: 0.028164
2026-05-18 13:20: Train Epoch 201: 20/87 Loss: 0.011805
2026-05-18 13:20: Train Epoch 201: 40/87 Loss: 0.005655
2026-05-18 13:20: Train Epoch 201: 60/87 Loss: 0.004419
2026-05-18 13:20: Train Epoch 201: 80/87 Loss: 0.031216
2026-05-18 13:20: **********Train Epoch 201: averaged Loss: 0.011679
2026-05-18 13:20: **********Val Epoch 201: average Loss: 0.025107
2026-05-18 13:20: Train Epoch 202: 0/87 Loss: 0.034543
2026-05-18 13:20: Train Epoch 202: 20/87 Loss: 0.009699
2026-05-18 13:20: Train Epoch 202: 40/87 Loss: 0.006599
2026-05-18 13:20: Train Epoch 202: 60/87 Loss: 0.007547
2026-05-18 13:20: Train Epoch 202: 80/87 Loss: 0.023402
2026-05-18 13:20: **********Train Epoch 202: averaged Loss: 0.012020
2026-05-18 13:20: **********Val Epoch 202: average Loss: 0.034938
2026-05-18 13:20: Train Epoch 203: 0/87 Loss: 0.048541
2026-05-18 13:20: Train Epoch 203: 20/87 Loss: 0.004887
2026-05-18 13:20: Train Epoch 203: 40/87 Loss: 0.004016
2026-05-18 13:20: Train Epoch 203: 60/87 Loss: 0.002818
2026-05-18 13:20: Train Epoch 203: 80/87 Loss: 0.029396
2026-05-18 13:20: **********Train Epoch 203: averaged Loss: 0.011214
2026-05-18 13:20: **********Val Epoch 203: average Loss: 0.027678
2026-05-18 13:20: Train Epoch 204: 0/87 Loss: 0.011067
2026-05-18 13:20: Train Epoch 204: 20/87 Loss: 0.005827
2026-05-18 13:20: Train Epoch 204: 40/87 Loss: 0.004125
2026-05-18 13:20: Train Epoch 204: 60/87 Loss: 0.018591
2026-05-18 13:20: Train Epoch 204: 80/87 Loss: 0.033242
2026-05-18 13:20: **********Train Epoch 204: averaged Loss: 0.009929
2026-05-18 13:20: **********Val Epoch 204: average Loss: 0.032910
2026-05-18 13:20: Train Epoch 205: 0/87 Loss: 0.056839
2026-05-18 13:20: Train Epoch 205: 20/87 Loss: 0.004530
2026-05-18 13:20: Train Epoch 205: 40/87 Loss: 0.004909
2026-05-18 13:20: Train Epoch 205: 60/87 Loss: 0.005011
2026-05-18 13:20: Train Epoch 205: 80/87 Loss: 0.039914
2026-05-18 13:20: **********Train Epoch 205: averaged Loss: 0.014445
2026-05-18 13:20: **********Val Epoch 205: average Loss: 0.021890
2026-05-18 13:20: Train Epoch 206: 0/87 Loss: 0.021839
2026-05-18 13:20: Train Epoch 206: 20/87 Loss: 0.005755
2026-05-18 13:20: Train Epoch 206: 40/87 Loss: 0.004699
2026-05-18 13:20: Train Epoch 206: 60/87 Loss: 0.003410
2026-05-18 13:20: Train Epoch 206: 80/87 Loss: 0.056141
2026-05-18 13:20: **********Train Epoch 206: averaged Loss: 0.013081
2026-05-18 13:20: **********Val Epoch 206: average Loss: 0.014330
2026-05-18 13:20: Train Epoch 207: 0/87 Loss: 0.034586
2026-05-18 13:20: Train Epoch 207: 20/87 Loss: 0.006018
2026-05-18 13:20: Train Epoch 207: 40/87 Loss: 0.004706
2026-05-18 13:20: Train Epoch 207: 60/87 Loss: 0.001998
2026-05-18 13:20: Train Epoch 207: 80/87 Loss: 0.033329
2026-05-18 13:20: **********Train Epoch 207: averaged Loss: 0.012659
2026-05-18 13:20: **********Val Epoch 207: average Loss: 0.031250
2026-05-18 13:20: Train Epoch 208: 0/87 Loss: 0.016477
2026-05-18 13:20: Train Epoch 208: 20/87 Loss: 0.005058
2026-05-18 13:20: Train Epoch 208: 40/87 Loss: 0.012478
2026-05-18 13:20: Train Epoch 208: 60/87 Loss: 0.003591
2026-05-18 13:20: Train Epoch 208: 80/87 Loss: 0.056976
2026-05-18 13:20: **********Train Epoch 208: averaged Loss: 0.016807
2026-05-18 13:20: **********Val Epoch 208: average Loss: 0.028226
2026-05-18 13:20: Train Epoch 209: 0/87 Loss: 0.051882
2026-05-18 13:20: Train Epoch 209: 20/87 Loss: 0.005986
2026-05-18 13:20: Train Epoch 209: 40/87 Loss: 0.003663
2026-05-18 13:21: Train Epoch 209: 60/87 Loss: 0.005782
2026-05-18 13:21: Train Epoch 209: 80/87 Loss: 0.051876
2026-05-18 13:21: **********Train Epoch 209: averaged Loss: 0.014777
2026-05-18 13:21: **********Val Epoch 209: average Loss: 0.017612
2026-05-18 13:21: Train Epoch 210: 0/87 Loss: 0.008655
2026-05-18 13:21: Train Epoch 210: 20/87 Loss: 0.003101
2026-05-18 13:21: Train Epoch 210: 40/87 Loss: 0.010114
2026-05-18 13:21: Train Epoch 210: 60/87 Loss: 0.007443
2026-05-18 13:21: Train Epoch 210: 80/87 Loss: 0.048654
2026-05-18 13:21: **********Train Epoch 210: averaged Loss: 0.020009
2026-05-18 13:21: **********Val Epoch 210: average Loss: 0.015672
2026-05-18 13:21: Train Epoch 211: 0/87 Loss: 0.006408
2026-05-18 13:21: Train Epoch 211: 20/87 Loss: 0.007826
2026-05-18 13:21: Train Epoch 211: 40/87 Loss: 0.007501
2026-05-18 13:21: Train Epoch 211: 60/87 Loss: 0.010079
2026-05-18 13:21: Train Epoch 211: 80/87 Loss: 0.061813
2026-05-18 13:21: **********Train Epoch 211: averaged Loss: 0.013648
2026-05-18 13:21: **********Val Epoch 211: average Loss: 0.013674
2026-05-18 13:21: Train Epoch 212: 0/87 Loss: 0.017730
2026-05-18 13:21: Train Epoch 212: 20/87 Loss: 0.013727
2026-05-18 13:21: Train Epoch 212: 40/87 Loss: 0.008347
2026-05-18 13:21: Train Epoch 212: 60/87 Loss: 0.005261
2026-05-18 13:21: Train Epoch 212: 80/87 Loss: 0.037658
2026-05-18 13:21: **********Train Epoch 212: averaged Loss: 0.014331
2026-05-18 13:21: **********Val Epoch 212: average Loss: 0.029512
2026-05-18 13:21: Train Epoch 213: 0/87 Loss: 0.008149
2026-05-18 13:21: Train Epoch 213: 20/87 Loss: 0.006075
2026-05-18 13:21: Train Epoch 213: 40/87 Loss: 0.003970
2026-05-18 13:21: Train Epoch 213: 60/87 Loss: 0.003427
2026-05-18 13:21: Train Epoch 213: 80/87 Loss: 0.054097
2026-05-18 13:21: **********Train Epoch 213: averaged Loss: 0.014220
2026-05-18 13:21: **********Val Epoch 213: average Loss: 0.057073
2026-05-18 13:21: Train Epoch 214: 0/87 Loss: 0.025197
2026-05-18 13:21: Train Epoch 214: 20/87 Loss: 0.007714
2026-05-18 13:21: Train Epoch 214: 40/87 Loss: 0.003763
2026-05-18 13:21: Train Epoch 214: 60/87 Loss: 0.006739
2026-05-18 13:21: Train Epoch 214: 80/87 Loss: 0.033922
2026-05-18 13:21: **********Train Epoch 214: averaged Loss: 0.010996
2026-05-18 13:21: **********Val Epoch 214: average Loss: 0.024821
2026-05-18 13:21: Train Epoch 215: 0/87 Loss: 0.017892
2026-05-18 13:21: Train Epoch 215: 20/87 Loss: 0.003461
2026-05-18 13:21: Train Epoch 215: 40/87 Loss: 0.006507
2026-05-18 13:21: Train Epoch 215: 60/87 Loss: 0.004788
2026-05-18 13:21: Train Epoch 215: 80/87 Loss: 0.017368
2026-05-18 13:21: **********Train Epoch 215: averaged Loss: 0.010582
2026-05-18 13:21: **********Val Epoch 215: average Loss: 0.024226
2026-05-18 13:21: Train Epoch 216: 0/87 Loss: 0.021913
2026-05-18 13:21: Train Epoch 216: 20/87 Loss: 0.003390
2026-05-18 13:21: Train Epoch 216: 40/87 Loss: 0.005480
2026-05-18 13:21: Train Epoch 216: 60/87 Loss: 0.008536
2026-05-18 13:21: Train Epoch 216: 80/87 Loss: 0.046866
2026-05-18 13:21: **********Train Epoch 216: averaged Loss: 0.014012
2026-05-18 13:21: **********Val Epoch 216: average Loss: 0.037433
2026-05-18 13:21: Train Epoch 217: 0/87 Loss: 0.091155
2026-05-18 13:21: Train Epoch 217: 20/87 Loss: 0.016145
2026-05-18 13:21: Train Epoch 217: 40/87 Loss: 0.020304
2026-05-18 13:21: Train Epoch 217: 60/87 Loss: 0.013018
2026-05-18 13:21: Train Epoch 217: 80/87 Loss: 0.039373
2026-05-18 13:21: **********Train Epoch 217: averaged Loss: 0.016724
2026-05-18 13:21: **********Val Epoch 217: average Loss: 0.053236
2026-05-18 13:21: Train Epoch 218: 0/87 Loss: 0.061560
2026-05-18 13:21: Train Epoch 218: 20/87 Loss: 0.016982
2026-05-18 13:21: Train Epoch 218: 40/87 Loss: 0.016651
2026-05-18 13:21: Train Epoch 218: 60/87 Loss: 0.011582
2026-05-18 13:21: Train Epoch 218: 80/87 Loss: 0.025884
2026-05-18 13:21: **********Train Epoch 218: averaged Loss: 0.014397
2026-05-18 13:21: **********Val Epoch 218: average Loss: 0.016289
2026-05-18 13:21: Train Epoch 219: 0/87 Loss: 0.016568
2026-05-18 13:21: Train Epoch 219: 20/87 Loss: 0.004023
2026-05-18 13:21: Train Epoch 219: 40/87 Loss: 0.005333
2026-05-18 13:21: Train Epoch 219: 60/87 Loss: 0.005408
2026-05-18 13:21: Train Epoch 219: 80/87 Loss: 0.016615
2026-05-18 13:21: **********Train Epoch 219: averaged Loss: 0.006901
2026-05-18 13:21: **********Val Epoch 219: average Loss: 0.015827
2026-05-18 13:21: Train Epoch 220: 0/87 Loss: 0.011619
2026-05-18 13:21: Train Epoch 220: 20/87 Loss: 0.016152
2026-05-18 13:21: Train Epoch 220: 40/87 Loss: 0.004762
2026-05-18 13:21: Train Epoch 220: 60/87 Loss: 0.003762
2026-05-18 13:21: Train Epoch 220: 80/87 Loss: 0.016698
2026-05-18 13:21: **********Train Epoch 220: averaged Loss: 0.009698
2026-05-18 13:21: **********Val Epoch 220: average Loss: 0.011357
2026-05-18 13:21: Train Epoch 221: 0/87 Loss: 0.024296
2026-05-18 13:21: Train Epoch 221: 20/87 Loss: 0.010047
2026-05-18 13:21: Train Epoch 221: 40/87 Loss: 0.003829
2026-05-18 13:21: Train Epoch 221: 60/87 Loss: 0.009293
2026-05-18 13:21: Train Epoch 221: 80/87 Loss: 0.017567
2026-05-18 13:21: **********Train Epoch 221: averaged Loss: 0.009286
2026-05-18 13:21: **********Val Epoch 221: average Loss: 0.017521
2026-05-18 13:21: Train Epoch 222: 0/87 Loss: 0.029970
2026-05-18 13:21: Train Epoch 222: 20/87 Loss: 0.023958
2026-05-18 13:21: Train Epoch 222: 40/87 Loss: 0.005833
2026-05-18 13:21: Train Epoch 222: 60/87 Loss: 0.002377
2026-05-18 13:21: Train Epoch 222: 80/87 Loss: 0.028007
2026-05-18 13:21: **********Train Epoch 222: averaged Loss: 0.013124
2026-05-18 13:21: **********Val Epoch 222: average Loss: 0.015047
2026-05-18 13:21: Train Epoch 223: 0/87 Loss: 0.087057
2026-05-18 13:21: Train Epoch 223: 20/87 Loss: 0.013928
2026-05-18 13:21: Train Epoch 223: 40/87 Loss: 0.006294
2026-05-18 13:21: Train Epoch 223: 60/87 Loss: 0.005232
2026-05-18 13:21: Train Epoch 223: 80/87 Loss: 0.023468
2026-05-18 13:21: **********Train Epoch 223: averaged Loss: 0.012683
2026-05-18 13:21: **********Val Epoch 223: average Loss: 0.019890
2026-05-18 13:21: Train Epoch 224: 0/87 Loss: 0.033452
2026-05-18 13:21: Train Epoch 224: 20/87 Loss: 0.004853
2026-05-18 13:21: Train Epoch 224: 40/87 Loss: 0.006605
2026-05-18 13:22: Train Epoch 224: 60/87 Loss: 0.007472
2026-05-18 13:22: Train Epoch 224: 80/87 Loss: 0.019479
2026-05-18 13:22: **********Train Epoch 224: averaged Loss: 0.010155
2026-05-18 13:22: **********Val Epoch 224: average Loss: 0.018573
2026-05-18 13:22: Train Epoch 225: 0/87 Loss: 0.034562
2026-05-18 13:22: Train Epoch 225: 20/87 Loss: 0.020097
2026-05-18 13:22: Train Epoch 225: 40/87 Loss: 0.006845
2026-05-18 13:22: Train Epoch 225: 60/87 Loss: 0.003023
2026-05-18 13:22: Train Epoch 225: 80/87 Loss: 0.044992
2026-05-18 13:22: **********Train Epoch 225: averaged Loss: 0.015126
2026-05-18 13:22: **********Val Epoch 225: average Loss: 0.039454
2026-05-18 13:22: Train Epoch 226: 0/87 Loss: 0.097579
2026-05-18 13:22: Train Epoch 226: 20/87 Loss: 0.011268
2026-05-18 13:22: Train Epoch 226: 40/87 Loss: 0.007064
2026-05-18 13:22: Train Epoch 226: 60/87 Loss: 0.010586
2026-05-18 13:22: Train Epoch 226: 80/87 Loss: 0.025782
2026-05-18 13:22: **********Train Epoch 226: averaged Loss: 0.014510
2026-05-18 13:22: **********Val Epoch 226: average Loss: 0.011952
2026-05-18 13:22: Train Epoch 227: 0/87 Loss: 0.033779
2026-05-18 13:22: Train Epoch 227: 20/87 Loss: 0.004887
2026-05-18 13:22: Train Epoch 227: 40/87 Loss: 0.009573
2026-05-18 13:22: Train Epoch 227: 60/87 Loss: 0.004756
2026-05-18 13:22: Train Epoch 227: 80/87 Loss: 0.043904
2026-05-18 13:22: **********Train Epoch 227: averaged Loss: 0.013183
2026-05-18 13:22: **********Val Epoch 227: average Loss: 0.050269
2026-05-18 13:22: Train Epoch 228: 0/87 Loss: 0.074657
2026-05-18 13:22: Train Epoch 228: 20/87 Loss: 0.015425
2026-05-18 13:22: Train Epoch 228: 40/87 Loss: 0.003946
2026-05-18 13:22: Train Epoch 228: 60/87 Loss: 0.002150
2026-05-18 13:22: Train Epoch 228: 80/87 Loss: 0.017458
2026-05-18 13:22: **********Train Epoch 228: averaged Loss: 0.012328
2026-05-18 13:22: **********Val Epoch 228: average Loss: 0.015497
2026-05-18 13:22: Train Epoch 229: 0/87 Loss: 0.019990
2026-05-18 13:22: Train Epoch 229: 20/87 Loss: 0.005318
2026-05-18 13:22: Train Epoch 229: 40/87 Loss: 0.004086
2026-05-18 13:22: Train Epoch 229: 60/87 Loss: 0.001897
2026-05-18 13:22: Train Epoch 229: 80/87 Loss: 0.016056
2026-05-18 13:22: **********Train Epoch 229: averaged Loss: 0.007112
2026-05-18 13:22: **********Val Epoch 229: average Loss: 0.015677
2026-05-18 13:22: Train Epoch 230: 0/87 Loss: 0.026127
2026-05-18 13:22: Train Epoch 230: 20/87 Loss: 0.009463
2026-05-18 13:22: Train Epoch 230: 40/87 Loss: 0.004151
2026-05-18 13:22: Train Epoch 230: 60/87 Loss: 0.005447
2026-05-18 13:22: Train Epoch 230: 80/87 Loss: 0.015803
2026-05-18 13:22: **********Train Epoch 230: averaged Loss: 0.007335
2026-05-18 13:22: **********Val Epoch 230: average Loss: 0.035593
2026-05-18 13:22: Train Epoch 231: 0/87 Loss: 0.012220
2026-05-18 13:22: Train Epoch 231: 20/87 Loss: 0.006950
2026-05-18 13:22: Train Epoch 231: 40/87 Loss: 0.003888
2026-05-18 13:22: Train Epoch 231: 60/87 Loss: 0.002992
2026-05-18 13:22: Train Epoch 231: 80/87 Loss: 0.027310
2026-05-18 13:22: **********Train Epoch 231: averaged Loss: 0.008271
2026-05-18 13:22: **********Val Epoch 231: average Loss: 0.028993
2026-05-18 13:22: Train Epoch 232: 0/87 Loss: 0.046312
2026-05-18 13:22: Train Epoch 232: 20/87 Loss: 0.006927
2026-05-18 13:22: Train Epoch 232: 40/87 Loss: 0.004549
2026-05-18 13:22: Train Epoch 232: 60/87 Loss: 0.009640
2026-05-18 13:22: Train Epoch 232: 80/87 Loss: 0.015457
2026-05-18 13:22: **********Train Epoch 232: averaged Loss: 0.008830
2026-05-18 13:22: **********Val Epoch 232: average Loss: 0.030403
2026-05-18 13:22: Train Epoch 233: 0/87 Loss: 0.006204
2026-05-18 13:22: Train Epoch 233: 20/87 Loss: 0.002867
2026-05-18 13:22: Train Epoch 233: 40/87 Loss: 0.006768
2026-05-18 13:22: Train Epoch 233: 60/87 Loss: 0.005131
2026-05-18 13:22: Train Epoch 233: 80/87 Loss: 0.020528
2026-05-18 13:22: **********Train Epoch 233: averaged Loss: 0.009505
2026-05-18 13:22: **********Val Epoch 233: average Loss: 0.019353
2026-05-18 13:22: Train Epoch 234: 0/87 Loss: 0.026484
2026-05-18 13:22: Train Epoch 234: 20/87 Loss: 0.011791
2026-05-18 13:22: Train Epoch 234: 40/87 Loss: 0.002944
2026-05-18 13:22: Train Epoch 234: 60/87 Loss: 0.002829
2026-05-18 13:22: Train Epoch 234: 80/87 Loss: 0.023293
2026-05-18 13:22: **********Train Epoch 234: averaged Loss: 0.009206
2026-05-18 13:22: **********Val Epoch 234: average Loss: 0.020898
2026-05-18 13:22: Train Epoch 235: 0/87 Loss: 0.058561
2026-05-18 13:22: Train Epoch 235: 20/87 Loss: 0.003113
2026-05-18 13:22: Train Epoch 235: 40/87 Loss: 0.005069
2026-05-18 13:22: Train Epoch 235: 60/87 Loss: 0.002060
2026-05-18 13:22: Train Epoch 235: 80/87 Loss: 0.023142
2026-05-18 13:22: **********Train Epoch 235: averaged Loss: 0.008872
2026-05-18 13:22: **********Val Epoch 235: average Loss: 0.051326
2026-05-18 13:22: Train Epoch 236: 0/87 Loss: 0.032899
2026-05-18 13:22: Train Epoch 236: 20/87 Loss: 0.014464
2026-05-18 13:22: Train Epoch 236: 40/87 Loss: 0.005438
2026-05-18 13:22: Train Epoch 236: 60/87 Loss: 0.008674
2026-05-18 13:22: Train Epoch 236: 80/87 Loss: 0.043129
2026-05-18 13:22: **********Train Epoch 236: averaged Loss: 0.014048
2026-05-18 13:22: **********Val Epoch 236: average Loss: 0.032835
2026-05-18 13:22: Train Epoch 237: 0/87 Loss: 0.083882
2026-05-18 13:22: Train Epoch 237: 20/87 Loss: 0.008449
2026-05-18 13:22: Train Epoch 237: 40/87 Loss: 0.003603
2026-05-18 13:22: Train Epoch 237: 60/87 Loss: 0.007419
2026-05-18 13:22: Train Epoch 237: 80/87 Loss: 0.023540
2026-05-18 13:22: **********Train Epoch 237: averaged Loss: 0.013556
2026-05-18 13:22: **********Val Epoch 237: average Loss: 0.032707
2026-05-18 13:22: Train Epoch 238: 0/87 Loss: 0.027373
2026-05-18 13:22: Train Epoch 238: 20/87 Loss: 0.003543
2026-05-18 13:22: Train Epoch 238: 40/87 Loss: 0.003638
2026-05-18 13:22: Train Epoch 238: 60/87 Loss: 0.005585
2026-05-18 13:22: Train Epoch 238: 80/87 Loss: 0.017279
2026-05-18 13:22: **********Train Epoch 238: averaged Loss: 0.010694
2026-05-18 13:22: **********Val Epoch 238: average Loss: 0.033016
2026-05-18 13:22: Train Epoch 239: 0/87 Loss: 0.014511
2026-05-18 13:22: Train Epoch 239: 20/87 Loss: 0.003556
2026-05-18 13:23: Train Epoch 239: 40/87 Loss: 0.003204
2026-05-18 13:23: Train Epoch 239: 60/87 Loss: 0.012832
2026-05-18 13:23: Train Epoch 239: 80/87 Loss: 0.064853
2026-05-18 13:23: **********Train Epoch 239: averaged Loss: 0.018830
2026-05-18 13:23: **********Val Epoch 239: average Loss: 0.042636
2026-05-18 13:23: Train Epoch 240: 0/87 Loss: 0.098642
2026-05-18 13:23: Train Epoch 240: 20/87 Loss: 0.015136
2026-05-18 13:23: Train Epoch 240: 40/87 Loss: 0.005028
2026-05-18 13:23: Train Epoch 240: 60/87 Loss: 0.007342
2026-05-18 13:23: Train Epoch 240: 80/87 Loss: 0.018252
2026-05-18 13:23: **********Train Epoch 240: averaged Loss: 0.015235
2026-05-18 13:23: **********Val Epoch 240: average Loss: 0.030118
2026-05-18 13:23: Train Epoch 241: 0/87 Loss: 0.006238
2026-05-18 13:23: Train Epoch 241: 20/87 Loss: 0.003271
2026-05-18 13:23: Train Epoch 241: 40/87 Loss: 0.025900
2026-05-18 13:23: Train Epoch 241: 60/87 Loss: 0.009426
2026-05-18 13:23: Train Epoch 241: 80/87 Loss: 0.050774
2026-05-18 13:23: **********Train Epoch 241: averaged Loss: 0.019594
2026-05-18 13:23: **********Val Epoch 241: average Loss: 0.062432
2026-05-18 13:23: Train Epoch 242: 0/87 Loss: 0.103621
2026-05-18 13:23: Train Epoch 242: 20/87 Loss: 0.014360
2026-05-18 13:23: Train Epoch 242: 40/87 Loss: 0.005902
2026-05-18 13:23: Train Epoch 242: 60/87 Loss: 0.004978
2026-05-18 13:23: Train Epoch 242: 80/87 Loss: 0.016477
2026-05-18 13:23: **********Train Epoch 242: averaged Loss: 0.016011
2026-05-18 13:23: **********Val Epoch 242: average Loss: 0.020396
2026-05-18 13:23: Train Epoch 243: 0/87 Loss: 0.028465
2026-05-18 13:23: Train Epoch 243: 20/87 Loss: 0.003936
2026-05-18 13:23: Train Epoch 243: 40/87 Loss: 0.004001
2026-05-18 13:23: Train Epoch 243: 60/87 Loss: 0.007489
2026-05-18 13:23: Train Epoch 243: 80/87 Loss: 0.021704
2026-05-18 13:23: **********Train Epoch 243: averaged Loss: 0.008768
2026-05-18 13:23: **********Val Epoch 243: average Loss: 0.022285
2026-05-18 13:23: Train Epoch 244: 0/87 Loss: 0.038538
2026-05-18 13:23: Train Epoch 244: 20/87 Loss: 0.007523
2026-05-18 13:23: Train Epoch 244: 40/87 Loss: 0.004029
2026-05-18 13:23: Train Epoch 244: 60/87 Loss: 0.004202
2026-05-18 13:23: Train Epoch 244: 80/87 Loss: 0.018797
2026-05-18 13:23: **********Train Epoch 244: averaged Loss: 0.008764
2026-05-18 13:23: **********Val Epoch 244: average Loss: 0.026204
2026-05-18 13:23: Train Epoch 245: 0/87 Loss: 0.022592
2026-05-18 13:23: Train Epoch 245: 20/87 Loss: 0.006942
2026-05-18 13:23: Train Epoch 245: 40/87 Loss: 0.004019
2026-05-18 13:23: Train Epoch 245: 60/87 Loss: 0.001916
2026-05-18 13:23: Train Epoch 245: 80/87 Loss: 0.022745
2026-05-18 13:23: **********Train Epoch 245: averaged Loss: 0.008942
2026-05-18 13:23: **********Val Epoch 245: average Loss: 0.019331
2026-05-18 13:23: Train Epoch 246: 0/87 Loss: 0.021743
2026-05-18 13:23: Train Epoch 246: 20/87 Loss: 0.014739
2026-05-18 13:23: Train Epoch 246: 40/87 Loss: 0.002972
2026-05-18 13:23: Train Epoch 246: 60/87 Loss: 0.008945
2026-05-18 13:23: Train Epoch 246: 80/87 Loss: 0.050279
2026-05-18 13:23: **********Train Epoch 246: averaged Loss: 0.012031
2026-05-18 13:23: **********Val Epoch 246: average Loss: 0.010129
2026-05-18 13:23: *********************************Current best model saved!
2026-05-18 13:23: Train Epoch 247: 0/87 Loss: 0.062392
2026-05-18 13:23: Train Epoch 247: 20/87 Loss: 0.007886
2026-05-18 13:23: Train Epoch 247: 40/87 Loss: 0.004806
2026-05-18 13:23: Train Epoch 247: 60/87 Loss: 0.002350
2026-05-18 13:23: Train Epoch 247: 80/87 Loss: 0.017870
2026-05-18 13:23: **********Train Epoch 247: averaged Loss: 0.011028
2026-05-18 13:23: **********Val Epoch 247: average Loss: 0.025404
2026-05-18 13:23: Train Epoch 248: 0/87 Loss: 0.022845
2026-05-18 13:23: Train Epoch 248: 20/87 Loss: 0.008028
2026-05-18 13:23: Train Epoch 248: 40/87 Loss: 0.004478
2026-05-18 13:23: Train Epoch 248: 60/87 Loss: 0.001527
2026-05-18 13:23: Train Epoch 248: 80/87 Loss: 0.015414
2026-05-18 13:23: **********Train Epoch 248: averaged Loss: 0.007148
2026-05-18 13:23: **********Val Epoch 248: average Loss: 0.042153
2026-05-18 13:23: Train Epoch 249: 0/87 Loss: 0.006836
2026-05-18 13:23: Train Epoch 249: 20/87 Loss: 0.004252
2026-05-18 13:23: Train Epoch 249: 40/87 Loss: 0.003333
2026-05-18 13:23: Train Epoch 249: 60/87 Loss: 0.003819
2026-05-18 13:23: Train Epoch 249: 80/87 Loss: 0.014813
2026-05-18 13:23: **********Train Epoch 249: averaged Loss: 0.006903
2026-05-18 13:23: **********Val Epoch 249: average Loss: 0.032155
2026-05-18 13:23: Train Epoch 250: 0/87 Loss: 0.037284
2026-05-18 13:23: Train Epoch 250: 20/87 Loss: 0.008983
2026-05-18 13:23: Train Epoch 250: 40/87 Loss: 0.003341
2026-05-18 13:23: Train Epoch 250: 60/87 Loss: 0.007476
2026-05-18 13:23: Train Epoch 250: 80/87 Loss: 0.018378
2026-05-18 13:23: **********Train Epoch 250: averaged Loss: 0.009058
2026-05-18 13:23: **********Val Epoch 250: average Loss: 0.018749
2026-05-18 13:23: Train Epoch 251: 0/87 Loss: 0.043568
2026-05-18 13:23: Train Epoch 251: 20/87 Loss: 0.004251
2026-05-18 13:23: Train Epoch 251: 40/87 Loss: 0.008094
2026-05-18 13:23: Train Epoch 251: 60/87 Loss: 0.003305
2026-05-18 13:23: Train Epoch 251: 80/87 Loss: 0.018652
2026-05-18 13:23: **********Train Epoch 251: averaged Loss: 0.010095
2026-05-18 13:23: **********Val Epoch 251: average Loss: 0.029748
2026-05-18 13:23: Train Epoch 252: 0/87 Loss: 0.006640
2026-05-18 13:23: Train Epoch 252: 20/87 Loss: 0.003815
2026-05-18 13:23: Train Epoch 252: 40/87 Loss: 0.003270
2026-05-18 13:23: Train Epoch 252: 60/87 Loss: 0.002255
2026-05-18 13:23: Train Epoch 252: 80/87 Loss: 0.017904
2026-05-18 13:23: **********Train Epoch 252: averaged Loss: 0.007807
2026-05-18 13:23: **********Val Epoch 252: average Loss: 0.077109
2026-05-18 13:23: Train Epoch 253: 0/87 Loss: 0.011163
2026-05-18 13:23: Train Epoch 253: 20/87 Loss: 0.018323
2026-05-18 13:23: Train Epoch 253: 40/87 Loss: 0.002969
2026-05-18 13:23: Train Epoch 253: 60/87 Loss: 0.015250
2026-05-18 13:23: Train Epoch 253: 80/87 Loss: 0.026477
2026-05-18 13:23: **********Train Epoch 253: averaged Loss: 0.010536
2026-05-18 13:23: **********Val Epoch 253: average Loss: 0.050133
2026-05-18 13:23: Train Epoch 254: 0/87 Loss: 0.095903
2026-05-18 13:23: Train Epoch 254: 20/87 Loss: 0.012346
2026-05-18 13:23: Train Epoch 254: 40/87 Loss: 0.004505
2026-05-18 13:23: Train Epoch 254: 60/87 Loss: 0.008238
2026-05-18 13:23: Train Epoch 254: 80/87 Loss: 0.018213
2026-05-18 13:23: **********Train Epoch 254: averaged Loss: 0.014994
2026-05-18 13:23: **********Val Epoch 254: average Loss: 0.030653
2026-05-18 13:23: Train Epoch 255: 0/87 Loss: 0.031635
2026-05-18 13:23: Train Epoch 255: 20/87 Loss: 0.009437
2026-05-18 13:23: Train Epoch 255: 40/87 Loss: 0.003176
2026-05-18 13:23: Train Epoch 255: 60/87 Loss: 0.002068
2026-05-18 13:24: Train Epoch 255: 80/87 Loss: 0.019893
2026-05-18 13:24: **********Train Epoch 255: averaged Loss: 0.011406
2026-05-18 13:24: **********Val Epoch 255: average Loss: 0.031191
2026-05-18 13:24: Train Epoch 256: 0/87 Loss: 0.009200
2026-05-18 13:24: Train Epoch 256: 20/87 Loss: 0.002933
2026-05-18 13:24: Train Epoch 256: 40/87 Loss: 0.002999
2026-05-18 13:24: Train Epoch 256: 60/87 Loss: 0.003503
2026-05-18 13:24: Train Epoch 256: 80/87 Loss: 0.052231
2026-05-18 13:24: **********Train Epoch 256: averaged Loss: 0.014225
2026-05-18 13:24: **********Val Epoch 256: average Loss: 0.023972
2026-05-18 13:24: Train Epoch 257: 0/87 Loss: 0.074591
2026-05-18 13:24: Train Epoch 257: 20/87 Loss: 0.011513
2026-05-18 13:24: Train Epoch 257: 40/87 Loss: 0.003597
2026-05-18 13:24: Train Epoch 257: 60/87 Loss: 0.007757
2026-05-18 13:24: Train Epoch 257: 80/87 Loss: 0.037444
2026-05-18 13:24: **********Train Epoch 257: averaged Loss: 0.018022
2026-05-18 13:24: **********Val Epoch 257: average Loss: 0.051032
2026-05-18 13:24: Train Epoch 258: 0/87 Loss: 0.012432
2026-05-18 13:24: Train Epoch 258: 20/87 Loss: 0.004428
2026-05-18 13:24: Train Epoch 258: 40/87 Loss: 0.008755
2026-05-18 13:24: Train Epoch 258: 60/87 Loss: 0.004329
2026-05-18 13:24: Train Epoch 258: 80/87 Loss: 0.044476
2026-05-18 13:24: **********Train Epoch 258: averaged Loss: 0.013356
2026-05-18 13:24: **********Val Epoch 258: average Loss: 0.053898
2026-05-18 13:24: Train Epoch 259: 0/87 Loss: 0.027325
2026-05-18 13:24: Train Epoch 259: 20/87 Loss: 0.004645
2026-05-18 13:24: Train Epoch 259: 40/87 Loss: 0.004517
2026-05-18 13:24: Train Epoch 259: 60/87 Loss: 0.002251
2026-05-18 13:24: Train Epoch 259: 80/87 Loss: 0.023732
2026-05-18 13:24: **********Train Epoch 259: averaged Loss: 0.008728
2026-05-18 13:24: **********Val Epoch 259: average Loss: 0.016144
2026-05-18 13:24: Train Epoch 260: 0/87 Loss: 0.013138
2026-05-18 13:24: Train Epoch 260: 20/87 Loss: 0.008378
2026-05-18 13:24: Train Epoch 260: 40/87 Loss: 0.004933
2026-05-18 13:24: Train Epoch 260: 60/87 Loss: 0.011369
2026-05-18 13:24: Train Epoch 260: 80/87 Loss: 0.035955
2026-05-18 13:24: **********Train Epoch 260: averaged Loss: 0.009866
2026-05-18 13:24: **********Val Epoch 260: average Loss: 0.044277
2026-05-18 13:24: Train Epoch 261: 0/87 Loss: 0.080966
2026-05-18 13:24: Train Epoch 261: 20/87 Loss: 0.018933
2026-05-18 13:24: Train Epoch 261: 40/87 Loss: 0.004401
2026-05-18 13:24: Train Epoch 261: 60/87 Loss: 0.001734
2026-05-18 13:24: Train Epoch 261: 80/87 Loss: 0.017560
2026-05-18 13:24: **********Train Epoch 261: averaged Loss: 0.012107
2026-05-18 13:24: **********Val Epoch 261: average Loss: 0.020414
2026-05-18 13:24: Train Epoch 262: 0/87 Loss: 0.046358
2026-05-18 13:24: Train Epoch 262: 20/87 Loss: 0.009446
2026-05-18 13:24: Train Epoch 262: 40/87 Loss: 0.010403
2026-05-18 13:24: Train Epoch 262: 60/87 Loss: 0.006400
2026-05-18 13:24: Train Epoch 262: 80/87 Loss: 0.015984
2026-05-18 13:24: **********Train Epoch 262: averaged Loss: 0.009821
2026-05-18 13:24: **********Val Epoch 262: average Loss: 0.031037
2026-05-18 13:24: Train Epoch 263: 0/87 Loss: 0.040850
2026-05-18 13:24: Train Epoch 263: 20/87 Loss: 0.019062
2026-05-18 13:24: Train Epoch 263: 40/87 Loss: 0.005287
2026-05-18 13:24: Train Epoch 263: 60/87 Loss: 0.011244
2026-05-18 13:24: Train Epoch 263: 80/87 Loss: 0.040675
2026-05-18 13:24: **********Train Epoch 263: averaged Loss: 0.012354
2026-05-18 13:24: **********Val Epoch 263: average Loss: 0.033343
2026-05-18 13:24: Train Epoch 264: 0/87 Loss: 0.069961
2026-05-18 13:24: Train Epoch 264: 20/87 Loss: 0.007184
2026-05-18 13:24: Train Epoch 264: 40/87 Loss: 0.007959
2026-05-18 13:24: Train Epoch 264: 60/87 Loss: 0.004088
2026-05-18 13:24: Train Epoch 264: 80/87 Loss: 0.035656
2026-05-18 13:24: **********Train Epoch 264: averaged Loss: 0.013501
2026-05-18 13:24: **********Val Epoch 264: average Loss: 0.009628
2026-05-18 13:24: *********************************Current best model saved!
2026-05-18 13:24: Train Epoch 265: 0/87 Loss: 0.018915
2026-05-18 13:24: Train Epoch 265: 20/87 Loss: 0.007593
2026-05-18 13:24: Train Epoch 265: 40/87 Loss: 0.003477
2026-05-18 13:24: Train Epoch 265: 60/87 Loss: 0.005974
2026-05-18 13:24: Train Epoch 265: 80/87 Loss: 0.018653
2026-05-18 13:24: **********Train Epoch 265: averaged Loss: 0.009165
2026-05-18 13:24: **********Val Epoch 265: average Loss: 0.025775
2026-05-18 13:24: Train Epoch 266: 0/87 Loss: 0.049111
2026-05-18 13:24: Train Epoch 266: 20/87 Loss: 0.004764
2026-05-18 13:24: Train Epoch 266: 40/87 Loss: 0.004834
2026-05-18 13:24: Train Epoch 266: 60/87 Loss: 0.003406
2026-05-18 13:24: Train Epoch 266: 80/87 Loss: 0.023741
2026-05-18 13:24: **********Train Epoch 266: averaged Loss: 0.010332
2026-05-18 13:24: **********Val Epoch 266: average Loss: 0.026482
2026-05-18 13:24: Train Epoch 267: 0/87 Loss: 0.004508
2026-05-18 13:24: Train Epoch 267: 20/87 Loss: 0.005440
2026-05-18 13:24: Train Epoch 267: 40/87 Loss: 0.005027
2026-05-18 13:24: Train Epoch 267: 60/87 Loss: 0.009532
2026-05-18 13:24: Train Epoch 267: 80/87 Loss: 0.039395
2026-05-18 13:24: **********Train Epoch 267: averaged Loss: 0.008875
2026-05-18 13:24: **********Val Epoch 267: average Loss: 0.050472
2026-05-18 13:24: Train Epoch 268: 0/87 Loss: 0.069331
2026-05-18 13:24: Train Epoch 268: 20/87 Loss: 0.011926
2026-05-18 13:24: Train Epoch 268: 40/87 Loss: 0.004854
2026-05-18 13:24: Train Epoch 268: 60/87 Loss: 0.008039
2026-05-18 13:24: Train Epoch 268: 80/87 Loss: 0.045240
2026-05-18 13:24: **********Train Epoch 268: averaged Loss: 0.013837
2026-05-18 13:24: **********Val Epoch 268: average Loss: 0.054598
2026-05-18 13:24: Train Epoch 269: 0/87 Loss: 0.056611
2026-05-18 13:24: Train Epoch 269: 20/87 Loss: 0.004707
2026-05-18 13:24: Train Epoch 269: 40/87 Loss: 0.006827
2026-05-18 13:24: Train Epoch 269: 60/87 Loss: 0.002305
2026-05-18 13:24: Train Epoch 269: 80/87 Loss: 0.015895
2026-05-18 13:24: **********Train Epoch 269: averaged Loss: 0.009991
2026-05-18 13:24: **********Val Epoch 269: average Loss: 0.033635
2026-05-18 13:24: Train Epoch 270: 0/87 Loss: 0.047750
2026-05-18 13:24: Train Epoch 270: 20/87 Loss: 0.019440
2026-05-18 13:24: Train Epoch 270: 40/87 Loss: 0.004761
2026-05-18 13:24: Train Epoch 270: 60/87 Loss: 0.006869
2026-05-18 13:24: Train Epoch 270: 80/87 Loss: 0.014987
2026-05-18 13:24: **********Train Epoch 270: averaged Loss: 0.011253
2026-05-18 13:24: **********Val Epoch 270: average Loss: 0.050110
2026-05-18 13:24: Train Epoch 271: 0/87 Loss: 0.022288
2026-05-18 13:24: Train Epoch 271: 20/87 Loss: 0.003262
2026-05-18 13:24: Train Epoch 271: 40/87 Loss: 0.004302
2026-05-18 13:25: Train Epoch 271: 60/87 Loss: 0.001639
2026-05-18 13:25: Train Epoch 271: 80/87 Loss: 0.015064
2026-05-18 13:25: **********Train Epoch 271: averaged Loss: 0.005500
2026-05-18 13:25: **********Val Epoch 271: average Loss: 0.039049
2026-05-18 13:25: Train Epoch 272: 0/87 Loss: 0.016329
2026-05-18 13:25: Train Epoch 272: 20/87 Loss: 0.005161
2026-05-18 13:25: Train Epoch 272: 40/87 Loss: 0.003090
2026-05-18 13:25: Train Epoch 272: 60/87 Loss: 0.003737
2026-05-18 13:25: Train Epoch 272: 80/87 Loss: 0.023414
2026-05-18 13:25: **********Train Epoch 272: averaged Loss: 0.008149
2026-05-18 13:25: **********Val Epoch 272: average Loss: 0.020006
2026-05-18 13:25: Train Epoch 273: 0/87 Loss: 0.007991
2026-05-18 13:25: Train Epoch 273: 20/87 Loss: 0.006066
2026-05-18 13:25: Train Epoch 273: 40/87 Loss: 0.004228
2026-05-18 13:25: Train Epoch 273: 60/87 Loss: 0.002838
2026-05-18 13:25: Train Epoch 273: 80/87 Loss: 0.015570
2026-05-18 13:25: **********Train Epoch 273: averaged Loss: 0.006753
2026-05-18 13:25: **********Val Epoch 273: average Loss: 0.066354
2026-05-18 13:25: Train Epoch 274: 0/87 Loss: 0.022171
2026-05-18 13:25: Train Epoch 274: 20/87 Loss: 0.003108
2026-05-18 13:25: Train Epoch 274: 40/87 Loss: 0.002770
2026-05-18 13:25: Train Epoch 274: 60/87 Loss: 0.005503
2026-05-18 13:25: Train Epoch 274: 80/87 Loss: 0.020254
2026-05-18 13:25: **********Train Epoch 274: averaged Loss: 0.005893
2026-05-18 13:25: **********Val Epoch 274: average Loss: 0.048291
2026-05-18 13:25: Train Epoch 275: 0/87 Loss: 0.038177
2026-05-18 13:25: Train Epoch 275: 20/87 Loss: 0.007832
2026-05-18 13:25: Train Epoch 275: 40/87 Loss: 0.006494
2026-05-18 13:25: Train Epoch 275: 60/87 Loss: 0.005067
2026-05-18 13:25: Train Epoch 275: 80/87 Loss: 0.039525
2026-05-18 13:25: **********Train Epoch 275: averaged Loss: 0.010341
2026-05-18 13:25: **********Val Epoch 275: average Loss: 0.040596
2026-05-18 13:25: Train Epoch 276: 0/87 Loss: 0.056822
2026-05-18 13:25: Train Epoch 276: 20/87 Loss: 0.006035
2026-05-18 13:25: Train Epoch 276: 40/87 Loss: 0.006796
2026-05-18 13:25: Train Epoch 276: 60/87 Loss: 0.002746
2026-05-18 13:25: Train Epoch 276: 80/87 Loss: 0.016236
2026-05-18 13:25: **********Train Epoch 276: averaged Loss: 0.011720
2026-05-18 13:25: **********Val Epoch 276: average Loss: 0.011979
2026-05-18 13:25: Train Epoch 277: 0/87 Loss: 0.030504
2026-05-18 13:25: Train Epoch 277: 20/87 Loss: 0.004271
2026-05-18 13:25: Train Epoch 277: 40/87 Loss: 0.003165
2026-05-18 13:25: Train Epoch 277: 60/87 Loss: 0.001452
2026-05-18 13:25: Train Epoch 277: 80/87 Loss: 0.014850
2026-05-18 13:25: **********Train Epoch 277: averaged Loss: 0.006883
2026-05-18 13:25: **********Val Epoch 277: average Loss: 0.032289
2026-05-18 13:25: Train Epoch 278: 0/87 Loss: 0.006116
2026-05-18 13:25: Train Epoch 278: 20/87 Loss: 0.003666
2026-05-18 13:25: Train Epoch 278: 40/87 Loss: 0.003204
2026-05-18 13:25: Train Epoch 278: 60/87 Loss: 0.005701
2026-05-18 13:25: Train Epoch 278: 80/87 Loss: 0.014853
2026-05-18 13:25: **********Train Epoch 278: averaged Loss: 0.005066
2026-05-18 13:25: **********Val Epoch 278: average Loss: 0.022139
2026-05-18 13:25: Train Epoch 279: 0/87 Loss: 0.028824
2026-05-18 13:25: Train Epoch 279: 20/87 Loss: 0.004759
2026-05-18 13:25: Train Epoch 279: 40/87 Loss: 0.003869
2026-05-18 13:25: Train Epoch 279: 60/87 Loss: 0.002914
2026-05-18 13:25: Train Epoch 279: 80/87 Loss: 0.015567
2026-05-18 13:25: **********Train Epoch 279: averaged Loss: 0.006731
2026-05-18 13:25: **********Val Epoch 279: average Loss: 0.021165
2026-05-18 13:25: Train Epoch 280: 0/87 Loss: 0.020415
2026-05-18 13:25: Train Epoch 280: 20/87 Loss: 0.007124
2026-05-18 13:25: Train Epoch 280: 40/87 Loss: 0.003252
2026-05-18 13:25: Train Epoch 280: 60/87 Loss: 0.002756
2026-05-18 13:25: Train Epoch 280: 80/87 Loss: 0.024346
2026-05-18 13:25: **********Train Epoch 280: averaged Loss: 0.008328
2026-05-18 13:25: **********Val Epoch 280: average Loss: 0.019509
2026-05-18 13:25: Train Epoch 281: 0/87 Loss: 0.054709
2026-05-18 13:25: Train Epoch 281: 20/87 Loss: 0.004388
2026-05-18 13:25: Train Epoch 281: 40/87 Loss: 0.023072
2026-05-18 13:25: Train Epoch 281: 60/87 Loss: 0.008906
2026-05-18 13:25: Train Epoch 281: 80/87 Loss: 0.079377
2026-05-18 13:25: **********Train Epoch 281: averaged Loss: 0.018352
2026-05-18 13:25: **********Val Epoch 281: average Loss: 0.051470
2026-05-18 13:25: Train Epoch 282: 0/87 Loss: 0.092603
2026-05-18 13:25: Train Epoch 282: 20/87 Loss: 0.012378
2026-05-18 13:25: Train Epoch 282: 40/87 Loss: 0.005041
2026-05-18 13:25: Train Epoch 282: 60/87 Loss: 0.002256
2026-05-18 13:25: Train Epoch 282: 80/87 Loss: 0.016352
2026-05-18 13:25: **********Train Epoch 282: averaged Loss: 0.013993
2026-05-18 13:25: **********Val Epoch 282: average Loss: 0.036994
2026-05-18 13:25: Train Epoch 283: 0/87 Loss: 0.025476
2026-05-18 13:25: Train Epoch 283: 20/87 Loss: 0.017669
2026-05-18 13:25: Train Epoch 283: 40/87 Loss: 0.003424
2026-05-18 13:25: Train Epoch 283: 60/87 Loss: 0.014618
2026-05-18 13:25: Train Epoch 283: 80/87 Loss: 0.028023
2026-05-18 13:25: **********Train Epoch 283: averaged Loss: 0.012289
2026-05-18 13:25: **********Val Epoch 283: average Loss: 0.012311
2026-05-18 13:25: Train Epoch 284: 0/87 Loss: 0.081672
2026-05-18 13:25: Train Epoch 284: 20/87 Loss: 0.005616
2026-05-18 13:25: Train Epoch 284: 40/87 Loss: 0.004290
2026-05-18 13:25: Train Epoch 284: 60/87 Loss: 0.003218
2026-05-18 13:25: Train Epoch 284: 80/87 Loss: 0.032517
2026-05-18 13:25: **********Train Epoch 284: averaged Loss: 0.014884
2026-05-18 13:25: **********Val Epoch 284: average Loss: 0.039156
2026-05-18 13:25: Train Epoch 285: 0/87 Loss: 0.043269
2026-05-18 13:25: Train Epoch 285: 20/87 Loss: 0.009243
2026-05-18 13:25: Train Epoch 285: 40/87 Loss: 0.003435
2026-05-18 13:25: Train Epoch 285: 60/87 Loss: 0.005486
2026-05-18 13:25: Train Epoch 285: 80/87 Loss: 0.018353
2026-05-18 13:25: **********Train Epoch 285: averaged Loss: 0.009392
2026-05-18 13:25: **********Val Epoch 285: average Loss: 0.028183
2026-05-18 13:25: Train Epoch 286: 0/87 Loss: 0.007371
2026-05-18 13:25: Train Epoch 286: 20/87 Loss: 0.006279
2026-05-18 13:25: Train Epoch 286: 40/87 Loss: 0.009350
2026-05-18 13:25: Train Epoch 286: 60/87 Loss: 0.002650
2026-05-18 13:25: Train Epoch 286: 80/87 Loss: 0.025346
2026-05-18 13:26: **********Train Epoch 286: averaged Loss: 0.007958
2026-05-18 13:26: **********Val Epoch 286: average Loss: 0.024734
2026-05-18 13:26: Train Epoch 287: 0/87 Loss: 0.046676
2026-05-18 13:26: Train Epoch 287: 20/87 Loss: 0.009234
2026-05-18 13:26: Train Epoch 287: 40/87 Loss: 0.003635
2026-05-18 13:26: Train Epoch 287: 60/87 Loss: 0.005515
2026-05-18 13:26: Train Epoch 287: 80/87 Loss: 0.015962
2026-05-18 13:26: **********Train Epoch 287: averaged Loss: 0.008387
2026-05-18 13:26: **********Val Epoch 287: average Loss: 0.039009
2026-05-18 13:26: Train Epoch 288: 0/87 Loss: 0.012930
2026-05-18 13:26: Train Epoch 288: 20/87 Loss: 0.007808
2026-05-18 13:26: Train Epoch 288: 40/87 Loss: 0.004923
2026-05-18 13:26: Train Epoch 288: 60/87 Loss: 0.001803
2026-05-18 13:26: Train Epoch 288: 80/87 Loss: 0.021416
2026-05-18 13:26: **********Train Epoch 288: averaged Loss: 0.006902
2026-05-18 13:26: **********Val Epoch 288: average Loss: 0.023831
2026-05-18 13:26: Train Epoch 289: 0/87 Loss: 0.013601
2026-05-18 13:26: Train Epoch 289: 20/87 Loss: 0.004214
2026-05-18 13:26: Train Epoch 289: 40/87 Loss: 0.004333
2026-05-18 13:26: Train Epoch 289: 60/87 Loss: 0.002553
2026-05-18 13:26: Train Epoch 289: 80/87 Loss: 0.016125
2026-05-18 13:26: **********Train Epoch 289: averaged Loss: 0.005737
2026-05-18 13:26: **********Val Epoch 289: average Loss: 0.038032
2026-05-18 13:26: Train Epoch 290: 0/87 Loss: 0.047584
2026-05-18 13:26: Train Epoch 290: 20/87 Loss: 0.011831
2026-05-18 13:26: Train Epoch 290: 40/87 Loss: 0.004549
2026-05-18 13:26: Train Epoch 290: 60/87 Loss: 0.001592
2026-05-18 13:26: Train Epoch 290: 80/87 Loss: 0.014521
2026-05-18 13:26: **********Train Epoch 290: averaged Loss: 0.008229
2026-05-18 13:26: **********Val Epoch 290: average Loss: 0.040444
2026-05-18 13:26: Train Epoch 291: 0/87 Loss: 0.014060
2026-05-18 13:26: Train Epoch 291: 20/87 Loss: 0.002892
2026-05-18 13:26: Train Epoch 291: 40/87 Loss: 0.005752
2026-05-18 13:26: Train Epoch 291: 60/87 Loss: 0.008065
2026-05-18 13:26: Train Epoch 291: 80/87 Loss: 0.024706
2026-05-18 13:26: **********Train Epoch 291: averaged Loss: 0.009451
2026-05-18 13:26: **********Val Epoch 291: average Loss: 0.024237
2026-05-18 13:26: Train Epoch 292: 0/87 Loss: 0.015434
2026-05-18 13:26: Train Epoch 292: 20/87 Loss: 0.002754
2026-05-18 13:26: Train Epoch 292: 40/87 Loss: 0.002973
2026-05-18 13:26: Train Epoch 292: 60/87 Loss: 0.001858
2026-05-18 13:26: Train Epoch 292: 80/87 Loss: 0.019009
2026-05-18 13:26: **********Train Epoch 292: averaged Loss: 0.005772
2026-05-18 13:26: **********Val Epoch 292: average Loss: 0.053889
2026-05-18 13:26: Train Epoch 293: 0/87 Loss: 0.007445
2026-05-18 13:26: Train Epoch 293: 20/87 Loss: 0.004236
2026-05-18 13:26: Train Epoch 293: 40/87 Loss: 0.003749
2026-05-18 13:26: Train Epoch 293: 60/87 Loss: 0.001397
2026-05-18 13:26: Train Epoch 293: 80/87 Loss: 0.014716
2026-05-18 13:26: **********Train Epoch 293: averaged Loss: 0.005339
2026-05-18 13:26: **********Val Epoch 293: average Loss: 0.031991
2026-05-18 13:26: Train Epoch 294: 0/87 Loss: 0.015578
2026-05-18 13:26: Train Epoch 294: 20/87 Loss: 0.008593
2026-05-18 13:26: Train Epoch 294: 40/87 Loss: 0.002892
2026-05-18 13:26: Train Epoch 294: 60/87 Loss: 0.003611
2026-05-18 13:26: Train Epoch 294: 80/87 Loss: 0.013577
2026-05-18 13:26: **********Train Epoch 294: averaged Loss: 0.005693
2026-05-18 13:26: **********Val Epoch 294: average Loss: 0.032386
2026-05-18 13:26: Train Epoch 295: 0/87 Loss: 0.047354
2026-05-18 13:26: Train Epoch 295: 20/87 Loss: 0.005640
2026-05-18 13:26: Train Epoch 295: 40/87 Loss: 0.007948
2026-05-18 13:26: Train Epoch 295: 60/87 Loss: 0.008422
2026-05-18 13:26: Train Epoch 295: 80/87 Loss: 0.035603
2026-05-18 13:26: **********Train Epoch 295: averaged Loss: 0.012288
2026-05-18 13:26: **********Val Epoch 295: average Loss: 0.027523
2026-05-18 13:26: Train Epoch 296: 0/87 Loss: 0.052559
2026-05-18 13:26: Train Epoch 296: 20/87 Loss: 0.011627
2026-05-18 13:26: Train Epoch 296: 40/87 Loss: 0.005678
2026-05-18 13:26: Train Epoch 296: 60/87 Loss: 0.011062
2026-05-18 13:26: Train Epoch 296: 80/87 Loss: 0.023424
2026-05-18 13:26: **********Train Epoch 296: averaged Loss: 0.012437
2026-05-18 13:26: **********Val Epoch 296: average Loss: 0.019020
2026-05-18 13:26: Train Epoch 297: 0/87 Loss: 0.004594
2026-05-18 13:26: Train Epoch 297: 20/87 Loss: 0.004961
2026-05-18 13:26: Train Epoch 297: 40/87 Loss: 0.009730
2026-05-18 13:26: Train Epoch 297: 60/87 Loss: 0.010054
2026-05-18 13:26: Train Epoch 297: 80/87 Loss: 0.029917
2026-05-18 13:26: **********Train Epoch 297: averaged Loss: 0.009400
2026-05-18 13:26: **********Val Epoch 297: average Loss: 0.018204
2026-05-18 13:26: Train Epoch 298: 0/87 Loss: 0.065432
2026-05-18 13:26: Train Epoch 298: 20/87 Loss: 0.006168
2026-05-18 13:26: Train Epoch 298: 40/87 Loss: 0.017187
2026-05-18 13:26: Train Epoch 298: 60/87 Loss: 0.014647
2026-05-18 13:26: Train Epoch 298: 80/87 Loss: 0.047403
2026-05-18 13:26: **********Train Epoch 298: averaged Loss: 0.020396
2026-05-18 13:26: **********Val Epoch 298: average Loss: 0.061383
2026-05-18 13:26: Train Epoch 299: 0/87 Loss: 0.094522
2026-05-18 13:26: Train Epoch 299: 20/87 Loss: 0.010010
2026-05-18 13:26: Train Epoch 299: 40/87 Loss: 0.004474
2026-05-18 13:26: Train Epoch 299: 60/87 Loss: 0.003350
2026-05-18 13:26: Train Epoch 299: 80/87 Loss: 0.014825
2026-05-18 13:26: **********Train Epoch 299: averaged Loss: 0.013977
2026-05-18 13:26: **********Val Epoch 299: average Loss: 0.024746
2026-05-18 13:26: Train Epoch 300: 0/87 Loss: 0.018575
2026-05-18 13:26: Train Epoch 300: 20/87 Loss: 0.004582
2026-05-18 13:26: Train Epoch 300: 40/87 Loss: 0.002991
2026-05-18 13:26: Train Epoch 300: 60/87 Loss: 0.006204
2026-05-18 13:26: Train Epoch 300: 80/87 Loss: 0.016924
2026-05-18 13:26: **********Train Epoch 300: averaged Loss: 0.007214
2026-05-18 13:26: **********Val Epoch 300: average Loss: 0.017039
2026-05-18 13:26: Train Epoch 301: 0/87 Loss: 0.023448
2026-05-18 13:26: Train Epoch 301: 20/87 Loss: 0.002818
2026-05-18 13:26: Train Epoch 301: 40/87 Loss: 0.008957
2026-05-18 13:26: Train Epoch 301: 60/87 Loss: 0.008078
2026-05-18 13:26: Train Epoch 301: 80/87 Loss: 0.017392
2026-05-18 13:26: **********Train Epoch 301: averaged Loss: 0.006533
2026-05-18 13:26: **********Val Epoch 301: average Loss: 0.018570
2026-05-18 13:26: Train Epoch 302: 0/87 Loss: 0.017213
2026-05-18 13:26: Train Epoch 302: 20/87 Loss: 0.002684
2026-05-18 13:26: Train Epoch 302: 40/87 Loss: 0.004288
2026-05-18 13:26: Train Epoch 302: 60/87 Loss: 0.008683
2026-05-18 13:26: Train Epoch 302: 80/87 Loss: 0.018504
2026-05-18 13:26: **********Train Epoch 302: averaged Loss: 0.007125
2026-05-18 13:26: **********Val Epoch 302: average Loss: 0.024595
2026-05-18 13:26: Train Epoch 303: 0/87 Loss: 0.008265
2026-05-18 13:26: Train Epoch 303: 20/87 Loss: 0.008481
2026-05-18 13:27: Train Epoch 303: 40/87 Loss: 0.010212
2026-05-18 13:27: Train Epoch 303: 60/87 Loss: 0.014021
2026-05-18 13:27: Train Epoch 303: 80/87 Loss: 0.022118
2026-05-18 13:27: **********Train Epoch 303: averaged Loss: 0.009321
2026-05-18 13:27: **********Val Epoch 303: average Loss: 0.028217
2026-05-18 13:27: Train Epoch 304: 0/87 Loss: 0.064661
2026-05-18 13:27: Train Epoch 304: 20/87 Loss: 0.009605
2026-05-18 13:27: Train Epoch 304: 40/87 Loss: 0.003758
2026-05-18 13:27: Train Epoch 304: 60/87 Loss: 0.006511
2026-05-18 13:27: Train Epoch 304: 80/87 Loss: 0.051012
2026-05-18 13:27: **********Train Epoch 304: averaged Loss: 0.014506
2026-05-18 13:27: **********Val Epoch 304: average Loss: 0.049568
2026-05-18 13:27: Train Epoch 305: 0/87 Loss: 0.070894
2026-05-18 13:27: Train Epoch 305: 20/87 Loss: 0.019606
2026-05-18 13:27: Train Epoch 305: 40/87 Loss: 0.003945
2026-05-18 13:27: Train Epoch 305: 60/87 Loss: 0.003866
2026-05-18 13:27: Train Epoch 305: 80/87 Loss: 0.015377
2026-05-18 13:27: **********Train Epoch 305: averaged Loss: 0.012152
2026-05-18 13:27: **********Val Epoch 305: average Loss: 0.019654
2026-05-18 13:27: Train Epoch 306: 0/87 Loss: 0.022495
2026-05-18 13:27: Train Epoch 306: 20/87 Loss: 0.002999
2026-05-18 13:27: Train Epoch 306: 40/87 Loss: 0.002861
2026-05-18 13:27: Train Epoch 306: 60/87 Loss: 0.002536
2026-05-18 13:27: Train Epoch 306: 80/87 Loss: 0.014846
2026-05-18 13:27: **********Train Epoch 306: averaged Loss: 0.006002
2026-05-18 13:27: **********Val Epoch 306: average Loss: 0.035120
2026-05-18 13:27: Train Epoch 307: 0/87 Loss: 0.013293
2026-05-18 13:27: Train Epoch 307: 20/87 Loss: 0.014932
2026-05-18 13:27: Train Epoch 307: 40/87 Loss: 0.006540
2026-05-18 13:27: Train Epoch 307: 60/87 Loss: 0.004385
2026-05-18 13:27: Train Epoch 307: 80/87 Loss: 0.027502
2026-05-18 13:27: **********Train Epoch 307: averaged Loss: 0.008578
2026-05-18 13:27: **********Val Epoch 307: average Loss: 0.010435
2026-05-18 13:27: Train Epoch 308: 0/87 Loss: 0.078409
2026-05-18 13:27: Train Epoch 308: 20/87 Loss: 0.002762
2026-05-18 13:27: Train Epoch 308: 40/87 Loss: 0.015185
2026-05-18 13:27: Train Epoch 308: 60/87 Loss: 0.003263
2026-05-18 13:27: Train Epoch 308: 80/87 Loss: 0.044466
2026-05-18 13:27: **********Train Epoch 308: averaged Loss: 0.016769
2026-05-18 13:27: **********Val Epoch 308: average Loss: 0.039884
2026-05-18 13:27: Train Epoch 309: 0/87 Loss: 0.070745
2026-05-18 13:27: Train Epoch 309: 20/87 Loss: 0.006379
2026-05-18 13:27: Train Epoch 309: 40/87 Loss: 0.002963
2026-05-18 13:27: Train Epoch 309: 60/87 Loss: 0.002390
2026-05-18 13:27: Train Epoch 309: 80/87 Loss: 0.017867
2026-05-18 13:27: **********Train Epoch 309: averaged Loss: 0.011759
2026-05-18 13:27: **********Val Epoch 309: average Loss: 0.011793
2026-05-18 13:27: Train Epoch 310: 0/87 Loss: 0.014768
2026-05-18 13:27: Train Epoch 310: 20/87 Loss: 0.002704
2026-05-18 13:27: Train Epoch 310: 40/87 Loss: 0.014458
2026-05-18 13:27: Train Epoch 310: 60/87 Loss: 0.019302
2026-05-18 13:27: Train Epoch 310: 80/87 Loss: 0.030379
2026-05-18 13:27: **********Train Epoch 310: averaged Loss: 0.009960
2026-05-18 13:27: **********Val Epoch 310: average Loss: 0.009989
2026-05-18 13:27: Train Epoch 311: 0/87 Loss: 0.065133
2026-05-18 13:27: Train Epoch 311: 20/87 Loss: 0.003733
2026-05-18 13:27: Train Epoch 311: 40/87 Loss: 0.003961
2026-05-18 13:27: Train Epoch 311: 60/87 Loss: 0.001756
2026-05-18 13:27: Train Epoch 311: 80/87 Loss: 0.027392
2026-05-18 13:27: **********Train Epoch 311: averaged Loss: 0.012831
2026-05-18 13:27: **********Val Epoch 311: average Loss: 0.026446
2026-05-18 13:27: Train Epoch 312: 0/87 Loss: 0.033975
2026-05-18 13:27: Train Epoch 312: 20/87 Loss: 0.004446
2026-05-18 13:27: Train Epoch 312: 40/87 Loss: 0.010407
2026-05-18 13:27: Train Epoch 312: 60/87 Loss: 0.003417
2026-05-18 13:27: Train Epoch 312: 80/87 Loss: 0.014755
2026-05-18 13:27: **********Train Epoch 312: averaged Loss: 0.007955
2026-05-18 13:27: **********Val Epoch 312: average Loss: 0.019576
2026-05-18 13:27: Train Epoch 313: 0/87 Loss: 0.005146
2026-05-18 13:27: Train Epoch 313: 20/87 Loss: 0.002651
2026-05-18 13:27: Train Epoch 313: 40/87 Loss: 0.003793
2026-05-18 13:27: Train Epoch 313: 60/87 Loss: 0.002237
2026-05-18 13:27: Train Epoch 313: 80/87 Loss: 0.016893
2026-05-18 13:27: **********Train Epoch 313: averaged Loss: 0.005963
2026-05-18 13:27: **********Val Epoch 313: average Loss: 0.032709
2026-05-18 13:27: Train Epoch 314: 0/87 Loss: 0.044923
2026-05-18 13:27: Train Epoch 314: 20/87 Loss: 0.012714
2026-05-18 13:27: Train Epoch 314: 40/87 Loss: 0.004825
2026-05-18 13:27: Train Epoch 314: 60/87 Loss: 0.002420
2026-05-18 13:27: Train Epoch 314: 80/87 Loss: 0.015856
2026-05-18 13:27: **********Train Epoch 314: averaged Loss: 0.008044
2026-05-18 13:27: **********Val Epoch 314: average Loss: 0.047716
2026-05-18 13:27: Train Epoch 315: 0/87 Loss: 0.009694
2026-05-18 13:27: Train Epoch 315: 20/87 Loss: 0.005902
2026-05-18 13:27: Train Epoch 315: 40/87 Loss: 0.002857
2026-05-18 13:27: Train Epoch 315: 60/87 Loss: 0.001615
2026-05-18 13:27: Train Epoch 315: 80/87 Loss: 0.015183
2026-05-18 13:27: **********Train Epoch 315: averaged Loss: 0.005710
2026-05-18 13:27: **********Val Epoch 315: average Loss: 0.030141
2026-05-18 13:27: Train Epoch 316: 0/87 Loss: 0.015017
2026-05-18 13:27: Train Epoch 316: 20/87 Loss: 0.007278
2026-05-18 13:27: Train Epoch 316: 40/87 Loss: 0.004822
2026-05-18 13:27: Train Epoch 316: 60/87 Loss: 0.007689
2026-05-18 13:27: Train Epoch 316: 80/87 Loss: 0.037692
2026-05-18 13:27: **********Train Epoch 316: averaged Loss: 0.007373
2026-05-18 13:27: **********Val Epoch 316: average Loss: 0.031590
2026-05-18 13:27: Train Epoch 317: 0/87 Loss: 0.058308
2026-05-18 13:27: Train Epoch 317: 20/87 Loss: 0.011056
2026-05-18 13:27: Train Epoch 317: 40/87 Loss: 0.003656
2026-05-18 13:27: Train Epoch 317: 60/87 Loss: 0.005311
2026-05-18 13:28: Train Epoch 317: 80/87 Loss: 0.021242
2026-05-18 13:28: **********Train Epoch 317: averaged Loss: 0.013629
2026-05-18 13:28: **********Val Epoch 317: average Loss: 0.037225
2026-05-18 13:28: Train Epoch 318: 0/87 Loss: 0.011830
2026-05-18 13:28: Train Epoch 318: 20/87 Loss: 0.002876
2026-05-18 13:28: Train Epoch 318: 40/87 Loss: 0.004777
2026-05-18 13:28: Train Epoch 318: 60/87 Loss: 0.015188
2026-05-18 13:28: Train Epoch 318: 80/87 Loss: 0.051887
2026-05-18 13:28: **********Train Epoch 318: averaged Loss: 0.011735
2026-05-18 13:28: **********Val Epoch 318: average Loss: 0.010054
2026-05-18 13:28: Train Epoch 319: 0/87 Loss: 0.069532
2026-05-18 13:28: Train Epoch 319: 20/87 Loss: 0.018016
2026-05-18 13:28: Train Epoch 319: 40/87 Loss: 0.003029
2026-05-18 13:28: Train Epoch 319: 60/87 Loss: 0.005075
2026-05-18 13:28: Train Epoch 319: 80/87 Loss: 0.017027
2026-05-18 13:28: **********Train Epoch 319: averaged Loss: 0.012581
2026-05-18 13:28: **********Val Epoch 319: average Loss: 0.037810
2026-05-18 13:28: Train Epoch 320: 0/87 Loss: 0.009289
2026-05-18 13:28: Train Epoch 320: 20/87 Loss: 0.004550
2026-05-18 13:28: Train Epoch 320: 40/87 Loss: 0.003265
2026-05-18 13:28: Train Epoch 320: 60/87 Loss: 0.001530
2026-05-18 13:28: Train Epoch 320: 80/87 Loss: 0.013989
2026-05-18 13:28: **********Train Epoch 320: averaged Loss: 0.005946
2026-05-18 13:28: **********Val Epoch 320: average Loss: 0.020237
2026-05-18 13:28: Train Epoch 321: 0/87 Loss: 0.007332
2026-05-18 13:28: Train Epoch 321: 20/87 Loss: 0.006438
2026-05-18 13:28: Train Epoch 321: 40/87 Loss: 0.009635
2026-05-18 13:28: Train Epoch 321: 60/87 Loss: 0.002436
2026-05-18 13:28: Train Epoch 321: 80/87 Loss: 0.020873
2026-05-18 13:28: **********Train Epoch 321: averaged Loss: 0.006501
2026-05-18 13:28: **********Val Epoch 321: average Loss: 0.008057
2026-05-18 13:28: *********************************Current best model saved!
2026-05-18 13:28: Train Epoch 322: 0/87 Loss: 0.055505
2026-05-18 13:28: Train Epoch 322: 20/87 Loss: 0.013210
2026-05-18 13:28: Train Epoch 322: 40/87 Loss: 0.004668
2026-05-18 13:28: Train Epoch 322: 60/87 Loss: 0.005956
2026-05-18 13:28: Train Epoch 322: 80/87 Loss: 0.014382
2026-05-18 13:28: **********Train Epoch 322: averaged Loss: 0.009642
2026-05-18 13:28: **********Val Epoch 322: average Loss: 0.014597
2026-05-18 13:28: Train Epoch 323: 0/87 Loss: 0.010838
2026-05-18 13:28: Train Epoch 323: 20/87 Loss: 0.003995
2026-05-18 13:28: Train Epoch 323: 40/87 Loss: 0.003767
2026-05-18 13:28: Train Epoch 323: 60/87 Loss: 0.003095
2026-05-18 13:28: Train Epoch 323: 80/87 Loss: 0.015034
2026-05-18 13:28: **********Train Epoch 323: averaged Loss: 0.005521
2026-05-18 13:28: **********Val Epoch 323: average Loss: 0.033189
2026-05-18 13:28: Train Epoch 324: 0/87 Loss: 0.003130
2026-05-18 13:28: Train Epoch 324: 20/87 Loss: 0.009901
2026-05-18 13:28: Train Epoch 324: 40/87 Loss: 0.006387
2026-05-18 13:28: Train Epoch 324: 60/87 Loss: 0.010311
2026-05-18 13:28: Train Epoch 324: 80/87 Loss: 0.026033
2026-05-18 13:28: **********Train Epoch 324: averaged Loss: 0.007895
2026-05-18 13:28: **********Val Epoch 324: average Loss: 0.032869
2026-05-18 13:28: Train Epoch 325: 0/87 Loss: 0.055499
2026-05-18 13:28: Train Epoch 325: 20/87 Loss: 0.007462
2026-05-18 13:28: Train Epoch 325: 40/87 Loss: 0.002819
2026-05-18 13:28: Train Epoch 325: 60/87 Loss: 0.007190
2026-05-18 13:28: Train Epoch 325: 80/87 Loss: 0.015133
2026-05-18 13:28: **********Train Epoch 325: averaged Loss: 0.009719
2026-05-18 13:28: **********Val Epoch 325: average Loss: 0.033518
2026-05-18 13:28: Train Epoch 326: 0/87 Loss: 0.030360
2026-05-18 13:28: Train Epoch 326: 20/87 Loss: 0.009906
2026-05-18 13:28: Train Epoch 326: 40/87 Loss: 0.003380
2026-05-18 13:28: Train Epoch 326: 60/87 Loss: 0.009445
2026-05-18 13:28: Train Epoch 326: 80/87 Loss: 0.023196
2026-05-18 13:28: **********Train Epoch 326: averaged Loss: 0.008449
2026-05-18 13:28: **********Val Epoch 326: average Loss: 0.014679
2026-05-18 13:28: Train Epoch 327: 0/87 Loss: 0.049752
2026-05-18 13:28: Train Epoch 327: 20/87 Loss: 0.005565
2026-05-18 13:28: Train Epoch 327: 40/87 Loss: 0.006437
2026-05-18 13:28: Train Epoch 327: 60/87 Loss: 0.005867
2026-05-18 13:28: Train Epoch 327: 80/87 Loss: 0.019083
2026-05-18 13:28: **********Train Epoch 327: averaged Loss: 0.010173
2026-05-18 13:28: **********Val Epoch 327: average Loss: 0.011698
2026-05-18 13:28: Train Epoch 328: 0/87 Loss: 0.015282
2026-05-18 13:28: Train Epoch 328: 20/87 Loss: 0.002715
2026-05-18 13:28: Train Epoch 328: 40/87 Loss: 0.002810
2026-05-18 13:28: Train Epoch 328: 60/87 Loss: 0.001811
2026-05-18 13:28: Train Epoch 328: 80/87 Loss: 0.013835
2026-05-18 13:28: **********Train Epoch 328: averaged Loss: 0.005999
2026-05-18 13:28: **********Val Epoch 328: average Loss: 0.024119
2026-05-18 13:28: Train Epoch 329: 0/87 Loss: 0.005630
2026-05-18 13:28: Train Epoch 329: 20/87 Loss: 0.003672
2026-05-18 13:28: Train Epoch 329: 40/87 Loss: 0.003118
2026-05-18 13:28: Train Epoch 329: 60/87 Loss: 0.002148
2026-05-18 13:28: Train Epoch 329: 80/87 Loss: 0.015755
2026-05-18 13:28: **********Train Epoch 329: averaged Loss: 0.004862
2026-05-18 13:28: **********Val Epoch 329: average Loss: 0.044235
2026-05-18 13:28: Train Epoch 330: 0/87 Loss: 0.019632
2026-05-18 13:28: Train Epoch 330: 20/87 Loss: 0.003514
2026-05-18 13:28: Train Epoch 330: 40/87 Loss: 0.002592
2026-05-18 13:28: Train Epoch 330: 60/87 Loss: 0.002672
2026-05-18 13:28: Train Epoch 330: 80/87 Loss: 0.029007
2026-05-18 13:28: **********Train Epoch 330: averaged Loss: 0.007450
2026-05-18 13:28: **********Val Epoch 330: average Loss: 0.018751
2026-05-18 13:28: Train Epoch 331: 0/87 Loss: 0.057898
2026-05-18 13:28: Train Epoch 331: 20/87 Loss: 0.008024
2026-05-18 13:28: Train Epoch 331: 40/87 Loss: 0.006103
2026-05-18 13:28: Train Epoch 331: 60/87 Loss: 0.003924
2026-05-18 13:28: Train Epoch 331: 80/87 Loss: 0.041858
2026-05-18 13:28: **********Train Epoch 331: averaged Loss: 0.013982
2026-05-18 13:28: **********Val Epoch 331: average Loss: 0.048616
2026-05-18 13:28: Train Epoch 332: 0/87 Loss: 0.053774
2026-05-18 13:29: Train Epoch 332: 20/87 Loss: 0.007855
2026-05-18 13:29: Train Epoch 332: 40/87 Loss: 0.003027
2026-05-18 13:29: Train Epoch 332: 60/87 Loss: 0.003974
2026-05-18 13:29: Train Epoch 332: 80/87 Loss: 0.014516
2026-05-18 13:29: **********Train Epoch 332: averaged Loss: 0.009847
2026-05-18 13:29: **********Val Epoch 332: average Loss: 0.015832
2026-05-18 13:29: Train Epoch 333: 0/87 Loss: 0.018953
2026-05-18 13:29: Train Epoch 333: 20/87 Loss: 0.003190
2026-05-18 13:29: Train Epoch 333: 40/87 Loss: 0.003871
2026-05-18 13:29: Train Epoch 333: 60/87 Loss: 0.004357
2026-05-18 13:29: Train Epoch 333: 80/87 Loss: 0.015448
2026-05-18 13:29: **********Train Epoch 333: averaged Loss: 0.006138
2026-05-18 13:29: **********Val Epoch 333: average Loss: 0.018596
2026-05-18 13:29: Train Epoch 334: 0/87 Loss: 0.015571
2026-05-18 13:29: Train Epoch 334: 20/87 Loss: 0.005975
2026-05-18 13:29: Train Epoch 334: 40/87 Loss: 0.002680
2026-05-18 13:29: Train Epoch 334: 60/87 Loss: 0.002656
2026-05-18 13:29: Train Epoch 334: 80/87 Loss: 0.014004
2026-05-18 13:29: **********Train Epoch 334: averaged Loss: 0.006596
2026-05-18 13:29: **********Val Epoch 334: average Loss: 0.025582
2026-05-18 13:29: Train Epoch 335: 0/87 Loss: 0.024118
2026-05-18 13:29: Train Epoch 335: 20/87 Loss: 0.003945
2026-05-18 13:29: Train Epoch 335: 40/87 Loss: 0.005549
2026-05-18 13:29: Train Epoch 335: 60/87 Loss: 0.003022
2026-05-18 13:29: Train Epoch 335: 80/87 Loss: 0.014703
2026-05-18 13:29: **********Train Epoch 335: averaged Loss: 0.005785
2026-05-18 13:29: **********Val Epoch 335: average Loss: 0.022169
2026-05-18 13:29: Train Epoch 336: 0/87 Loss: 0.027204
2026-05-18 13:29: Train Epoch 336: 20/87 Loss: 0.003867
2026-05-18 13:29: Train Epoch 336: 40/87 Loss: 0.003406
2026-05-18 13:29: Train Epoch 336: 60/87 Loss: 0.001721
2026-05-18 13:29: Train Epoch 336: 80/87 Loss: 0.015530
2026-05-18 13:29: **********Train Epoch 336: averaged Loss: 0.007089
2026-05-18 13:29: **********Val Epoch 336: average Loss: 0.014986
2026-05-18 13:29: Train Epoch 337: 0/87 Loss: 0.007758
2026-05-18 13:29: Train Epoch 337: 20/87 Loss: 0.002501
2026-05-18 13:29: Train Epoch 337: 40/87 Loss: 0.006895
2026-05-18 13:29: Train Epoch 337: 60/87 Loss: 0.007213
2026-05-18 13:29: Train Epoch 337: 80/87 Loss: 0.018863
2026-05-18 13:29: **********Train Epoch 337: averaged Loss: 0.007703
2026-05-18 13:29: **********Val Epoch 337: average Loss: 0.024398
2026-05-18 13:29: Train Epoch 338: 0/87 Loss: 0.034574
2026-05-18 13:29: Train Epoch 338: 20/87 Loss: 0.012006
2026-05-18 13:29: Train Epoch 338: 40/87 Loss: 0.003121
2026-05-18 13:29: Train Epoch 338: 60/87 Loss: 0.012235
2026-05-18 13:29: Train Epoch 338: 80/87 Loss: 0.021487
2026-05-18 13:29: **********Train Epoch 338: averaged Loss: 0.008437
2026-05-18 13:29: **********Val Epoch 338: average Loss: 0.030425
2026-05-18 13:29: Train Epoch 339: 0/87 Loss: 0.034808
2026-05-18 13:29: Train Epoch 339: 20/87 Loss: 0.002695
2026-05-18 13:29: Train Epoch 339: 40/87 Loss: 0.004487
2026-05-18 13:29: Train Epoch 339: 60/87 Loss: 0.003671
2026-05-18 13:29: Train Epoch 339: 80/87 Loss: 0.022064
2026-05-18 13:29: **********Train Epoch 339: averaged Loss: 0.008395
2026-05-18 13:29: **********Val Epoch 339: average Loss: 0.016017
2026-05-18 13:29: Train Epoch 340: 0/87 Loss: 0.024221
2026-05-18 13:29: Train Epoch 340: 20/87 Loss: 0.004126
2026-05-18 13:29: Train Epoch 340: 40/87 Loss: 0.002838
2026-05-18 13:29: Train Epoch 340: 60/87 Loss: 0.005608
2026-05-18 13:29: Train Epoch 340: 80/87 Loss: 0.022066
2026-05-18 13:29: **********Train Epoch 340: averaged Loss: 0.007378
2026-05-18 13:29: **********Val Epoch 340: average Loss: 0.037832
2026-05-18 13:29: Train Epoch 341: 0/87 Loss: 0.046663
2026-05-18 13:29: Train Epoch 341: 20/87 Loss: 0.011687
2026-05-18 13:29: Train Epoch 341: 40/87 Loss: 0.004276
2026-05-18 13:29: Train Epoch 341: 60/87 Loss: 0.005790
2026-05-18 13:29: Train Epoch 341: 80/87 Loss: 0.030097
2026-05-18 13:29: **********Train Epoch 341: averaged Loss: 0.012515
2026-05-18 13:29: **********Val Epoch 341: average Loss: 0.040702
2026-05-18 13:29: Train Epoch 342: 0/87 Loss: 0.024867
2026-05-18 13:29: Train Epoch 342: 20/87 Loss: 0.004300
2026-05-18 13:29: Train Epoch 342: 40/87 Loss: 0.003559
2026-05-18 13:29: Train Epoch 342: 60/87 Loss: 0.002127
2026-05-18 13:29: Train Epoch 342: 80/87 Loss: 0.019520
2026-05-18 13:29: **********Train Epoch 342: averaged Loss: 0.007762
2026-05-18 13:29: **********Val Epoch 342: average Loss: 0.060003
2026-05-18 13:29: Train Epoch 343: 0/87 Loss: 0.074917
2026-05-18 13:29: Train Epoch 343: 20/87 Loss: 0.008619
2026-05-18 13:29: Train Epoch 343: 40/87 Loss: 0.007369
2026-05-18 13:29: Train Epoch 343: 60/87 Loss: 0.011264
2026-05-18 13:29: Train Epoch 343: 80/87 Loss: 0.015294
2026-05-18 13:29: **********Train Epoch 343: averaged Loss: 0.014189
2026-05-18 13:29: **********Val Epoch 343: average Loss: 0.022723
2026-05-18 13:29: Train Epoch 344: 0/87 Loss: 0.024068
2026-05-18 13:29: Train Epoch 344: 20/87 Loss: 0.004356
2026-05-18 13:29: Train Epoch 344: 40/87 Loss: 0.003169
2026-05-18 13:29: Train Epoch 344: 60/87 Loss: 0.001916
2026-05-18 13:29: Train Epoch 344: 80/87 Loss: 0.013777
2026-05-18 13:29: **********Train Epoch 344: averaged Loss: 0.007153
2026-05-18 13:29: **********Val Epoch 344: average Loss: 0.018652
2026-05-18 13:29: Train Epoch 345: 0/87 Loss: 0.022355
2026-05-18 13:29: Train Epoch 345: 20/87 Loss: 0.002705
2026-05-18 13:29: Train Epoch 345: 40/87 Loss: 0.002873
2026-05-18 13:29: Train Epoch 345: 60/87 Loss: 0.001272
2026-05-18 13:29: Train Epoch 345: 80/87 Loss: 0.013972
2026-05-18 13:29: **********Train Epoch 345: averaged Loss: 0.006387
2026-05-18 13:29: **********Val Epoch 345: average Loss: 0.021145
2026-05-18 13:29: Train Epoch 346: 0/87 Loss: 0.003922
2026-05-18 13:29: Train Epoch 346: 20/87 Loss: 0.002523
2026-05-18 13:29: Train Epoch 346: 40/87 Loss: 0.002894
2026-05-18 13:30: Train Epoch 346: 60/87 Loss: 0.003365
2026-05-18 13:30: Train Epoch 346: 80/87 Loss: 0.014901
2026-05-18 13:30: **********Train Epoch 346: averaged Loss: 0.004688
2026-05-18 13:30: **********Val Epoch 346: average Loss: 0.022075
2026-05-18 13:30: Train Epoch 347: 0/87 Loss: 0.025132
2026-05-18 13:30: Train Epoch 347: 20/87 Loss: 0.013874
2026-05-18 13:30: Train Epoch 347: 40/87 Loss: 0.009243
2026-05-18 13:30: Train Epoch 347: 60/87 Loss: 0.004304
2026-05-18 13:30: Train Epoch 347: 80/87 Loss: 0.022471
2026-05-18 13:30: **********Train Epoch 347: averaged Loss: 0.009292
2026-05-18 13:30: **********Val Epoch 347: average Loss: 0.024218
2026-05-18 13:30: Train Epoch 348: 0/87 Loss: 0.037377
2026-05-18 13:30: Train Epoch 348: 20/87 Loss: 0.008276
2026-05-18 13:30: Train Epoch 348: 40/87 Loss: 0.005160
2026-05-18 13:30: Train Epoch 348: 60/87 Loss: 0.002968
2026-05-18 13:30: Train Epoch 348: 80/87 Loss: 0.015992
2026-05-18 13:30: **********Train Epoch 348: averaged Loss: 0.007860
2026-05-18 13:30: **********Val Epoch 348: average Loss: 0.025923
2026-05-18 13:30: Train Epoch 349: 0/87 Loss: 0.003340
2026-05-18 13:30: Train Epoch 349: 20/87 Loss: 0.006899
2026-05-18 13:30: Train Epoch 349: 40/87 Loss: 0.002710
2026-05-18 13:30: Train Epoch 349: 60/87 Loss: 0.002107
2026-05-18 13:30: Train Epoch 349: 80/87 Loss: 0.015686
2026-05-18 13:30: **********Train Epoch 349: averaged Loss: 0.004965
2026-05-18 13:30: **********Val Epoch 349: average Loss: 0.024226
2026-05-18 13:30: Train Epoch 350: 0/87 Loss: 0.003231
2026-05-18 13:30: Train Epoch 350: 20/87 Loss: 0.002600
2026-05-18 13:30: Train Epoch 350: 40/87 Loss: 0.006485
2026-05-18 13:30: Train Epoch 350: 60/87 Loss: 0.004623
2026-05-18 13:30: Train Epoch 350: 80/87 Loss: 0.024565
2026-05-18 13:30: **********Train Epoch 350: averaged Loss: 0.006719
2026-05-18 13:30: **********Val Epoch 350: average Loss: 0.008865
2026-05-18 13:30: Train Epoch 351: 0/87 Loss: 0.037656
2026-05-18 13:30: Train Epoch 351: 20/87 Loss: 0.006685
2026-05-18 13:30: Train Epoch 351: 40/87 Loss: 0.002818
2026-05-18 13:30: Train Epoch 351: 60/87 Loss: 0.007296
2026-05-18 13:30: Train Epoch 351: 80/87 Loss: 0.024439
2026-05-18 13:30: **********Train Epoch 351: averaged Loss: 0.008370
2026-05-18 13:30: **********Val Epoch 351: average Loss: 0.026593
2026-05-18 13:30: Train Epoch 352: 0/87 Loss: 0.038370
2026-05-18 13:30: Train Epoch 352: 20/87 Loss: 0.005912
2026-05-18 13:30: Train Epoch 352: 40/87 Loss: 0.003455
2026-05-18 13:30: Train Epoch 352: 60/87 Loss: 0.002974
2026-05-18 13:30: Train Epoch 352: 80/87 Loss: 0.022112
2026-05-18 13:30: **********Train Epoch 352: averaged Loss: 0.008877
2026-05-18 13:30: **********Val Epoch 352: average Loss: 0.013114
2026-05-18 13:30: Train Epoch 353: 0/87 Loss: 0.031808
2026-05-18 13:30: Train Epoch 353: 20/87 Loss: 0.004202
2026-05-18 13:30: Train Epoch 353: 40/87 Loss: 0.002862
2026-05-18 13:30: Train Epoch 353: 60/87 Loss: 0.012184
2026-05-18 13:30: Train Epoch 353: 80/87 Loss: 0.015594
2026-05-18 13:30: **********Train Epoch 353: averaged Loss: 0.007150
2026-05-18 13:30: **********Val Epoch 353: average Loss: 0.013070
2026-05-18 13:30: Train Epoch 354: 0/87 Loss: 0.029634
2026-05-18 13:30: Train Epoch 354: 20/87 Loss: 0.002635
2026-05-18 13:30: Train Epoch 354: 40/87 Loss: 0.004179
2026-05-18 13:30: Train Epoch 354: 60/87 Loss: 0.006166
2026-05-18 13:30: Train Epoch 354: 80/87 Loss: 0.013679
2026-05-18 13:30: **********Train Epoch 354: averaged Loss: 0.006791
2026-05-18 13:30: **********Val Epoch 354: average Loss: 0.013727
2026-05-18 13:30: Train Epoch 355: 0/87 Loss: 0.004052
2026-05-18 13:30: Train Epoch 355: 20/87 Loss: 0.006751
2026-05-18 13:30: Train Epoch 355: 40/87 Loss: 0.003063
2026-05-18 13:30: Train Epoch 355: 60/87 Loss: 0.001249
2026-05-18 13:30: Train Epoch 355: 80/87 Loss: 0.015029
2026-05-18 13:30: **********Train Epoch 355: averaged Loss: 0.005175
2026-05-18 13:30: **********Val Epoch 355: average Loss: 0.018386
2026-05-18 13:30: Train Epoch 356: 0/87 Loss: 0.004927
2026-05-18 13:30: Train Epoch 356: 20/87 Loss: 0.002719
2026-05-18 13:30: Train Epoch 356: 40/87 Loss: 0.002931
2026-05-18 13:30: Train Epoch 356: 60/87 Loss: 0.002498
2026-05-18 13:30: Train Epoch 356: 80/87 Loss: 0.013848
2026-05-18 13:30: **********Train Epoch 356: averaged Loss: 0.004859
2026-05-18 13:30: **********Val Epoch 356: average Loss: 0.039434
2026-05-18 13:30: Train Epoch 357: 0/87 Loss: 0.053356
2026-05-18 13:30: Train Epoch 357: 20/87 Loss: 0.005462
2026-05-18 13:30: Train Epoch 357: 40/87 Loss: 0.003421
2026-05-18 13:30: Train Epoch 357: 60/87 Loss: 0.003913
2026-05-18 13:30: Train Epoch 357: 80/87 Loss: 0.016021
2026-05-18 13:30: **********Train Epoch 357: averaged Loss: 0.008363
2026-05-18 13:30: **********Val Epoch 357: average Loss: 0.029843
2026-05-18 13:30: Train Epoch 358: 0/87 Loss: 0.022106
2026-05-18 13:30: Train Epoch 358: 20/87 Loss: 0.002557
2026-05-18 13:30: Train Epoch 358: 40/87 Loss: 0.002888
2026-05-18 13:30: Train Epoch 358: 60/87 Loss: 0.001880
2026-05-18 13:30: Train Epoch 358: 80/87 Loss: 0.018101
2026-05-18 13:30: **********Train Epoch 358: averaged Loss: 0.007836
2026-05-18 13:30: **********Val Epoch 358: average Loss: 0.009098
2026-05-18 13:30: Train Epoch 359: 0/87 Loss: 0.034665
2026-05-18 13:30: Train Epoch 359: 20/87 Loss: 0.008671
2026-05-18 13:30: Train Epoch 359: 40/87 Loss: 0.005460
2026-05-18 13:30: Train Epoch 359: 60/87 Loss: 0.003613
2026-05-18 13:30: Train Epoch 359: 80/87 Loss: 0.051793
2026-05-18 13:30: **********Train Epoch 359: averaged Loss: 0.011770
2026-05-18 13:30: **********Val Epoch 359: average Loss: 0.049063
2026-05-18 13:30: Train Epoch 360: 0/87 Loss: 0.079205
2026-05-18 13:30: Train Epoch 360: 20/87 Loss: 0.005189
2026-05-18 13:30: Train Epoch 360: 40/87 Loss: 0.004445
2026-05-18 13:30: Train Epoch 360: 60/87 Loss: 0.002932
2026-05-18 13:30: Train Epoch 360: 80/87 Loss: 0.015580
2026-05-18 13:30: **********Train Epoch 360: averaged Loss: 0.011411
2026-05-18 13:30: **********Val Epoch 360: average Loss: 0.013858
2026-05-18 13:30: Train Epoch 361: 0/87 Loss: 0.032319
2026-05-18 13:30: Train Epoch 361: 20/87 Loss: 0.002508
2026-05-18 13:30: Train Epoch 361: 40/87 Loss: 0.005604
2026-05-18 13:31: Train Epoch 361: 60/87 Loss: 0.008464
2026-05-18 13:31: Train Epoch 361: 80/87 Loss: 0.016757
2026-05-18 13:31: **********Train Epoch 361: averaged Loss: 0.009282
2026-05-18 13:31: **********Val Epoch 361: average Loss: 0.014698
2026-05-18 13:31: Train Epoch 362: 0/87 Loss: 0.053471
2026-05-18 13:31: Train Epoch 362: 20/87 Loss: 0.010781
2026-05-18 13:31: Train Epoch 362: 40/87 Loss: 0.007804
2026-05-18 13:31: Train Epoch 362: 60/87 Loss: 0.002175
2026-05-18 13:31: Train Epoch 362: 80/87 Loss: 0.052603
2026-05-18 13:31: **********Train Epoch 362: averaged Loss: 0.014744
2026-05-18 13:31: **********Val Epoch 362: average Loss: 0.040610
2026-05-18 13:31: Train Epoch 363: 0/87 Loss: 0.067206
2026-05-18 13:31: Train Epoch 363: 20/87 Loss: 0.009467
2026-05-18 13:31: Train Epoch 363: 40/87 Loss: 0.003702
2026-05-18 13:31: Train Epoch 363: 60/87 Loss: 0.004400
2026-05-18 13:31: Train Epoch 363: 80/87 Loss: 0.015708
2026-05-18 13:31: **********Train Epoch 363: averaged Loss: 0.011553
2026-05-18 13:31: **********Val Epoch 363: average Loss: 0.024087
2026-05-18 13:31: Train Epoch 364: 0/87 Loss: 0.026737
2026-05-18 13:31: Train Epoch 364: 20/87 Loss: 0.008891
2026-05-18 13:31: Train Epoch 364: 40/87 Loss: 0.003599
2026-05-18 13:31: Train Epoch 364: 60/87 Loss: 0.008112
2026-05-18 13:31: Train Epoch 364: 80/87 Loss: 0.034760
2026-05-18 13:31: **********Train Epoch 364: averaged Loss: 0.010591
2026-05-18 13:31: **********Val Epoch 364: average Loss: 0.018291
2026-05-18 13:31: Train Epoch 365: 0/87 Loss: 0.062783
2026-05-18 13:31: Train Epoch 365: 20/87 Loss: 0.004209
2026-05-18 13:31: Train Epoch 365: 40/87 Loss: 0.003700
2026-05-18 13:31: Train Epoch 365: 60/87 Loss: 0.006513
2026-05-18 13:31: Train Epoch 365: 80/87 Loss: 0.018399
2026-05-18 13:31: **********Train Epoch 365: averaged Loss: 0.010502
2026-05-18 13:31: **********Val Epoch 365: average Loss: 0.022140
2026-05-18 13:31: Train Epoch 366: 0/87 Loss: 0.036719
2026-05-18 13:31: Train Epoch 366: 20/87 Loss: 0.012498
2026-05-18 13:31: Train Epoch 366: 40/87 Loss: 0.018944
2026-05-18 13:31: Train Epoch 366: 60/87 Loss: 0.004301
2026-05-18 13:31: Train Epoch 366: 80/87 Loss: 0.058255
2026-05-18 13:31: **********Train Epoch 366: averaged Loss: 0.018233
2026-05-18 13:31: **********Val Epoch 366: average Loss: 0.047047
2026-05-18 13:31: Train Epoch 367: 0/87 Loss: 0.086689
2026-05-18 13:31: Train Epoch 367: 20/87 Loss: 0.006181
2026-05-18 13:31: Train Epoch 367: 40/87 Loss: 0.005735
2026-05-18 13:31: Train Epoch 367: 60/87 Loss: 0.001477
2026-05-18 13:31: Train Epoch 367: 80/87 Loss: 0.014727
2026-05-18 13:31: **********Train Epoch 367: averaged Loss: 0.012990
2026-05-18 13:31: **********Val Epoch 367: average Loss: 0.021776
2026-05-18 13:31: Train Epoch 368: 0/87 Loss: 0.020881
2026-05-18 13:31: Train Epoch 368: 20/87 Loss: 0.002622
2026-05-18 13:31: Train Epoch 368: 40/87 Loss: 0.005787
2026-05-18 13:31: Train Epoch 368: 60/87 Loss: 0.010402
2026-05-18 13:31: Train Epoch 368: 80/87 Loss: 0.026066
2026-05-18 13:31: **********Train Epoch 368: averaged Loss: 0.010301
2026-05-18 13:31: **********Val Epoch 368: average Loss: 0.025054
2026-05-18 13:31: Train Epoch 369: 0/87 Loss: 0.061867
2026-05-18 13:31: Train Epoch 369: 20/87 Loss: 0.009303
2026-05-18 13:31: Train Epoch 369: 40/87 Loss: 0.003155
2026-05-18 13:31: Train Epoch 369: 60/87 Loss: 0.006548
2026-05-18 13:31: Train Epoch 369: 80/87 Loss: 0.029950
2026-05-18 13:31: **********Train Epoch 369: averaged Loss: 0.014412
2026-05-18 13:31: **********Val Epoch 369: average Loss: 0.043234
2026-05-18 13:31: Train Epoch 370: 0/87 Loss: 0.037978
2026-05-18 13:31: Train Epoch 370: 20/87 Loss: 0.005722
2026-05-18 13:31: Train Epoch 370: 40/87 Loss: 0.002878
2026-05-18 13:31: Train Epoch 370: 60/87 Loss: 0.006556
2026-05-18 13:31: Train Epoch 370: 80/87 Loss: 0.016714
2026-05-18 13:31: **********Train Epoch 370: averaged Loss: 0.008677
2026-05-18 13:31: **********Val Epoch 370: average Loss: 0.010644
2026-05-18 13:31: Train Epoch 371: 0/87 Loss: 0.009025
2026-05-18 13:31: Train Epoch 371: 20/87 Loss: 0.002994
2026-05-18 13:31: Train Epoch 371: 40/87 Loss: 0.002809
2026-05-18 13:31: Train Epoch 371: 60/87 Loss: 0.002044
2026-05-18 13:31: Train Epoch 371: 80/87 Loss: 0.013797
2026-05-18 13:31: **********Train Epoch 371: averaged Loss: 0.004954
2026-05-18 13:31: **********Val Epoch 371: average Loss: 0.042436
2026-05-18 13:31: Train Epoch 372: 0/87 Loss: 0.010537
2026-05-18 13:31: Train Epoch 372: 20/87 Loss: 0.012252
2026-05-18 13:31: Train Epoch 372: 40/87 Loss: 0.005290
2026-05-18 13:31: Train Epoch 372: 60/87 Loss: 0.011097
2026-05-18 13:31: Train Epoch 372: 80/87 Loss: 0.032384
2026-05-18 13:31: **********Train Epoch 372: averaged Loss: 0.009264
2026-05-18 13:31: **********Val Epoch 372: average Loss: 0.024244
2026-05-18 13:31: Train Epoch 373: 0/87 Loss: 0.076446
2026-05-18 13:31: Train Epoch 373: 20/87 Loss: 0.008578
2026-05-18 13:31: Train Epoch 373: 40/87 Loss: 0.005910
2026-05-18 13:31: Train Epoch 373: 60/87 Loss: 0.001978
2026-05-18 13:31: Train Epoch 373: 80/87 Loss: 0.016312
2026-05-18 13:31: **********Train Epoch 373: averaged Loss: 0.013173
2026-05-18 13:31: **********Val Epoch 373: average Loss: 0.052900
2026-05-18 13:31: Train Epoch 374: 0/87 Loss: 0.012081
2026-05-18 13:31: Train Epoch 374: 20/87 Loss: 0.002300
2026-05-18 13:31: Train Epoch 374: 40/87 Loss: 0.003993
2026-05-18 13:31: Train Epoch 374: 60/87 Loss: 0.001345
2026-05-18 13:31: Train Epoch 374: 80/87 Loss: 0.014342
2026-05-18 13:31: **********Train Epoch 374: averaged Loss: 0.004591
2026-05-18 13:31: **********Val Epoch 374: average Loss: 0.025421
2026-05-18 13:31: Train Epoch 375: 0/87 Loss: 0.003836
2026-05-18 13:31: Train Epoch 375: 20/87 Loss: 0.003160
2026-05-18 13:31: Train Epoch 375: 40/87 Loss: 0.002763
2026-05-18 13:31: Train Epoch 375: 60/87 Loss: 0.002722
2026-05-18 13:31: Train Epoch 375: 80/87 Loss: 0.014922
2026-05-18 13:31: **********Train Epoch 375: averaged Loss: 0.004734
2026-05-18 13:31: **********Val Epoch 375: average Loss: 0.030706
2026-05-18 13:31: Train Epoch 376: 0/87 Loss: 0.008589
2026-05-18 13:31: Train Epoch 376: 20/87 Loss: 0.002326
2026-05-18 13:31: Train Epoch 376: 40/87 Loss: 0.003314
2026-05-18 13:32: Train Epoch 376: 60/87 Loss: 0.005016
2026-05-18 13:32: Train Epoch 376: 80/87 Loss: 0.017227
2026-05-18 13:32: **********Train Epoch 376: averaged Loss: 0.005801
2026-05-18 13:32: **********Val Epoch 376: average Loss: 0.022202
2026-05-18 13:32: Train Epoch 377: 0/87 Loss: 0.029992
2026-05-18 13:32: Train Epoch 377: 20/87 Loss: 0.007335
2026-05-18 13:32: Train Epoch 377: 40/87 Loss: 0.003322
2026-05-18 13:32: Train Epoch 377: 60/87 Loss: 0.005356
2026-05-18 13:32: Train Epoch 377: 80/87 Loss: 0.037206
2026-05-18 13:32: **********Train Epoch 377: averaged Loss: 0.009042
2026-05-18 13:32: **********Val Epoch 377: average Loss: 0.048220
2026-05-18 13:32: Train Epoch 378: 0/87 Loss: 0.060576
2026-05-18 13:32: Train Epoch 378: 20/87 Loss: 0.012389
2026-05-18 13:32: Train Epoch 378: 40/87 Loss: 0.003629
2026-05-18 13:32: Train Epoch 378: 60/87 Loss: 0.006446
2026-05-18 13:32: Train Epoch 378: 80/87 Loss: 0.025705
2026-05-18 13:32: **********Train Epoch 378: averaged Loss: 0.011105
2026-05-18 13:32: **********Val Epoch 378: average Loss: 0.014374
2026-05-18 13:32: Train Epoch 379: 0/87 Loss: 0.014434
2026-05-18 13:32: Train Epoch 379: 20/87 Loss: 0.003923
2026-05-18 13:32: Train Epoch 379: 40/87 Loss: 0.003212
2026-05-18 13:32: Train Epoch 379: 60/87 Loss: 0.002540
2026-05-18 13:32: Train Epoch 379: 80/87 Loss: 0.016307
2026-05-18 13:32: **********Train Epoch 379: averaged Loss: 0.008208
2026-05-18 13:32: **********Val Epoch 379: average Loss: 0.031115
2026-05-18 13:32: Train Epoch 380: 0/87 Loss: 0.050686
2026-05-18 13:32: Train Epoch 380: 20/87 Loss: 0.010525
2026-05-18 13:32: Train Epoch 380: 40/87 Loss: 0.005288
2026-05-18 13:32: Train Epoch 380: 60/87 Loss: 0.018213
2026-05-18 13:32: Train Epoch 380: 80/87 Loss: 0.043701
2026-05-18 13:32: **********Train Epoch 380: averaged Loss: 0.016667
2026-05-18 13:32: **********Val Epoch 380: average Loss: 0.050181
2026-05-18 13:32: Train Epoch 381: 0/87 Loss: 0.100712
2026-05-18 13:32: Train Epoch 381: 20/87 Loss: 0.004556
2026-05-18 13:32: Train Epoch 381: 40/87 Loss: 0.004424
2026-05-18 13:32: Train Epoch 381: 60/87 Loss: 0.008907
2026-05-18 13:32: Train Epoch 381: 80/87 Loss: 0.015077
2026-05-18 13:32: **********Train Epoch 381: averaged Loss: 0.013679
2026-05-18 13:32: **********Val Epoch 381: average Loss: 0.013839
2026-05-18 13:32: Train Epoch 382: 0/87 Loss: 0.045171
2026-05-18 13:32: Train Epoch 382: 20/87 Loss: 0.007493
2026-05-18 13:32: Train Epoch 382: 40/87 Loss: 0.005767
2026-05-18 13:32: Train Epoch 382: 60/87 Loss: 0.001926
2026-05-18 13:32: Train Epoch 382: 80/87 Loss: 0.014895
2026-05-18 13:32: **********Train Epoch 382: averaged Loss: 0.007787
2026-05-18 13:32: **********Val Epoch 382: average Loss: 0.022304
2026-05-18 13:32: Train Epoch 383: 0/87 Loss: 0.010744
2026-05-18 13:32: Train Epoch 383: 20/87 Loss: 0.007616
2026-05-18 13:32: Train Epoch 383: 40/87 Loss: 0.002974
2026-05-18 13:32: Train Epoch 383: 60/87 Loss: 0.005897
2026-05-18 13:32: Train Epoch 383: 80/87 Loss: 0.015107
2026-05-18 13:32: **********Train Epoch 383: averaged Loss: 0.005717
2026-05-18 13:32: **********Val Epoch 383: average Loss: 0.031701
2026-05-18 13:32: Train Epoch 384: 0/87 Loss: 0.010839
2026-05-18 13:32: Train Epoch 384: 20/87 Loss: 0.005175
2026-05-18 13:32: Train Epoch 384: 40/87 Loss: 0.002721
2026-05-18 13:32: Train Epoch 384: 60/87 Loss: 0.001507
2026-05-18 13:32: Train Epoch 384: 80/87 Loss: 0.013797
2026-05-18 13:32: **********Train Epoch 384: averaged Loss: 0.005768
2026-05-18 13:32: **********Val Epoch 384: average Loss: 0.040676
2026-05-18 13:32: Train Epoch 385: 0/87 Loss: 0.044800
2026-05-18 13:32: Train Epoch 385: 20/87 Loss: 0.011271
2026-05-18 13:32: Train Epoch 385: 40/87 Loss: 0.005407
2026-05-18 13:32: Train Epoch 385: 60/87 Loss: 0.004344
2026-05-18 13:32: Train Epoch 385: 80/87 Loss: 0.045118
2026-05-18 13:32: **********Train Epoch 385: averaged Loss: 0.010953
2026-05-18 13:32: **********Val Epoch 385: average Loss: 0.056333
2026-05-18 13:32: Train Epoch 386: 0/87 Loss: 0.075479
2026-05-18 13:32: Train Epoch 386: 20/87 Loss: 0.002508
2026-05-18 13:32: Train Epoch 386: 40/87 Loss: 0.004038
2026-05-18 13:32: Train Epoch 386: 60/87 Loss: 0.001818
2026-05-18 13:32: Train Epoch 386: 80/87 Loss: 0.015605
2026-05-18 13:32: **********Train Epoch 386: averaged Loss: 0.011266
2026-05-18 13:32: **********Val Epoch 386: average Loss: 0.029665
2026-05-18 13:32: Train Epoch 387: 0/87 Loss: 0.052024
2026-05-18 13:32: Train Epoch 387: 20/87 Loss: 0.011057
2026-05-18 13:32: Train Epoch 387: 40/87 Loss: 0.004124
2026-05-18 13:32: Train Epoch 387: 60/87 Loss: 0.005646
2026-05-18 13:32: Train Epoch 387: 80/87 Loss: 0.039840
2026-05-18 13:32: **********Train Epoch 387: averaged Loss: 0.011189
2026-05-18 13:32: **********Val Epoch 387: average Loss: 0.015948
2026-05-18 13:32: Train Epoch 388: 0/87 Loss: 0.035838
2026-05-18 13:32: Train Epoch 388: 20/87 Loss: 0.009596
2026-05-18 13:32: Train Epoch 388: 40/87 Loss: 0.006003
2026-05-18 13:32: Train Epoch 388: 60/87 Loss: 0.004860
2026-05-18 13:32: Train Epoch 388: 80/87 Loss: 0.017166
2026-05-18 13:32: **********Train Epoch 388: averaged Loss: 0.007587
2026-05-18 13:32: **********Val Epoch 388: average Loss: 0.041040
2026-05-18 13:32: Train Epoch 389: 0/87 Loss: 0.007960
2026-05-18 13:32: Train Epoch 389: 20/87 Loss: 0.005926
2026-05-18 13:32: Train Epoch 389: 40/87 Loss: 0.002954
2026-05-18 13:32: Train Epoch 389: 60/87 Loss: 0.003082
2026-05-18 13:32: Train Epoch 389: 80/87 Loss: 0.013645
2026-05-18 13:32: **********Train Epoch 389: averaged Loss: 0.006827
2026-05-18 13:32: **********Val Epoch 389: average Loss: 0.015926
2026-05-18 13:32: Train Epoch 390: 0/87 Loss: 0.020268
2026-05-18 13:32: Train Epoch 390: 20/87 Loss: 0.002705
2026-05-18 13:32: Train Epoch 390: 40/87 Loss: 0.003423
2026-05-18 13:32: Train Epoch 390: 60/87 Loss: 0.005647
2026-05-18 13:32: Train Epoch 390: 80/87 Loss: 0.017715
2026-05-18 13:32: **********Train Epoch 390: averaged Loss: 0.007193
2026-05-18 13:32: **********Val Epoch 390: average Loss: 0.007413
2026-05-18 13:32: *********************************Current best model saved!
2026-05-18 13:32: Train Epoch 391: 0/87 Loss: 0.020743
2026-05-18 13:32: Train Epoch 391: 20/87 Loss: 0.002919
2026-05-18 13:32: Train Epoch 391: 40/87 Loss: 0.002944
2026-05-18 13:32: Train Epoch 391: 60/87 Loss: 0.001213
2026-05-18 13:33: Train Epoch 391: 80/87 Loss: 0.013978
2026-05-18 13:33: **********Train Epoch 391: averaged Loss: 0.005693
2026-05-18 13:33: **********Val Epoch 391: average Loss: 0.015604
2026-05-18 13:33: Train Epoch 392: 0/87 Loss: 0.022784
2026-05-18 13:33: Train Epoch 392: 20/87 Loss: 0.003169
2026-05-18 13:33: Train Epoch 392: 40/87 Loss: 0.004174
2026-05-18 13:33: Train Epoch 392: 60/87 Loss: 0.002537
2026-05-18 13:33: Train Epoch 392: 80/87 Loss: 0.013804
2026-05-18 13:33: **********Train Epoch 392: averaged Loss: 0.005616
2026-05-18 13:33: **********Val Epoch 392: average Loss: 0.013132
2026-05-18 13:33: Train Epoch 393: 0/87 Loss: 0.020935
2026-05-18 13:33: Train Epoch 393: 20/87 Loss: 0.002223
2026-05-18 13:33: Train Epoch 393: 40/87 Loss: 0.002774
2026-05-18 13:33: Train Epoch 393: 60/87 Loss: 0.001682
2026-05-18 13:33: Train Epoch 393: 80/87 Loss: 0.015888
2026-05-18 13:33: **********Train Epoch 393: averaged Loss: 0.005690
2026-05-18 13:33: **********Val Epoch 393: average Loss: 0.027421
2026-05-18 13:33: Train Epoch 394: 0/87 Loss: 0.030713
2026-05-18 13:33: Train Epoch 394: 20/87 Loss: 0.003655
2026-05-18 13:33: Train Epoch 394: 40/87 Loss: 0.008287
2026-05-18 13:33: Train Epoch 394: 60/87 Loss: 0.010310
2026-05-18 13:33: Train Epoch 394: 80/87 Loss: 0.040813
2026-05-18 13:33: **********Train Epoch 394: averaged Loss: 0.008242
2026-05-18 13:33: **********Val Epoch 394: average Loss: 0.041931
2026-05-18 13:33: Train Epoch 395: 0/87 Loss: 0.058474
2026-05-18 13:33: Train Epoch 395: 20/87 Loss: 0.015640
2026-05-18 13:33: Train Epoch 395: 40/87 Loss: 0.003980
2026-05-18 13:33: Train Epoch 395: 60/87 Loss: 0.003439
2026-05-18 13:33: Train Epoch 395: 80/87 Loss: 0.021651
2026-05-18 13:33: **********Train Epoch 395: averaged Loss: 0.011399
2026-05-18 13:33: **********Val Epoch 395: average Loss: 0.014515
2026-05-18 13:33: Train Epoch 396: 0/87 Loss: 0.003036
2026-05-18 13:33: Train Epoch 396: 20/87 Loss: 0.002592
2026-05-18 13:33: Train Epoch 396: 40/87 Loss: 0.004399
2026-05-18 13:33: Train Epoch 396: 60/87 Loss: 0.015603
2026-05-18 13:33: Train Epoch 396: 80/87 Loss: 0.018619
2026-05-18 13:33: **********Train Epoch 396: averaged Loss: 0.007030
2026-05-18 13:33: **********Val Epoch 396: average Loss: 0.025220
2026-05-18 13:33: Train Epoch 397: 0/87 Loss: 0.041295
2026-05-18 13:33: Train Epoch 397: 20/87 Loss: 0.011316
2026-05-18 13:33: Train Epoch 397: 40/87 Loss: 0.002842
2026-05-18 13:33: Train Epoch 397: 60/87 Loss: 0.006683
2026-05-18 13:33: Train Epoch 397: 80/87 Loss: 0.028081
2026-05-18 13:33: **********Train Epoch 397: averaged Loss: 0.009031
2026-05-18 13:33: **********Val Epoch 397: average Loss: 0.037162
2026-05-18 13:33: Train Epoch 398: 0/87 Loss: 0.039073
2026-05-18 13:33: Train Epoch 398: 20/87 Loss: 0.006230
2026-05-18 13:33: Train Epoch 398: 40/87 Loss: 0.004301
2026-05-18 13:33: Train Epoch 398: 60/87 Loss: 0.007924
2026-05-18 13:33: Train Epoch 398: 80/87 Loss: 0.017313
2026-05-18 13:33: **********Train Epoch 398: averaged Loss: 0.008726
2026-05-18 13:33: **********Val Epoch 398: average Loss: 0.017974
2026-05-18 13:33: Train Epoch 399: 0/87 Loss: 0.015734
2026-05-18 13:33: Train Epoch 399: 20/87 Loss: 0.005868
2026-05-18 13:33: Train Epoch 399: 40/87 Loss: 0.002590
2026-05-18 13:33: Train Epoch 399: 60/87 Loss: 0.003278
2026-05-18 13:33: Train Epoch 399: 80/87 Loss: 0.016864
2026-05-18 13:33: **********Train Epoch 399: averaged Loss: 0.005558
2026-05-18 13:33: **********Val Epoch 399: average Loss: 0.022625
2026-05-18 13:33: Train Epoch 400: 0/87 Loss: 0.037850
2026-05-18 13:33: Train Epoch 400: 20/87 Loss: 0.010868
2026-05-18 13:33: Train Epoch 400: 40/87 Loss: 0.002899
2026-05-18 13:33: Train Epoch 400: 60/87 Loss: 0.011534
2026-05-18 13:33: Train Epoch 400: 80/87 Loss: 0.040278
2026-05-18 13:33: **********Train Epoch 400: averaged Loss: 0.010739
2026-05-18 13:33: **********Val Epoch 400: average Loss: 0.046958
2026-05-18 13:33: Train Epoch 401: 0/87 Loss: 0.064759
2026-05-18 13:33: Train Epoch 401: 20/87 Loss: 0.010869
2026-05-18 13:33: Train Epoch 401: 40/87 Loss: 0.003676
2026-05-18 13:33: Train Epoch 401: 60/87 Loss: 0.002044
2026-05-18 13:33: Train Epoch 401: 80/87 Loss: 0.018510
2026-05-18 13:33: **********Train Epoch 401: averaged Loss: 0.010143
2026-05-18 13:33: **********Val Epoch 401: average Loss: 0.009810
2026-05-18 13:33: Train Epoch 402: 0/87 Loss: 0.004017
2026-05-18 13:33: Train Epoch 402: 20/87 Loss: 0.005323
2026-05-18 13:33: Train Epoch 402: 40/87 Loss: 0.002664
2026-05-18 13:33: Train Epoch 402: 60/87 Loss: 0.001171
2026-05-18 13:33: Train Epoch 402: 80/87 Loss: 0.013632
2026-05-18 13:33: **********Train Epoch 402: averaged Loss: 0.005320
2026-05-18 13:33: **********Val Epoch 402: average Loss: 0.037010
2026-05-18 13:33: Train Epoch 403: 0/87 Loss: 0.003553
2026-05-18 13:33: Train Epoch 403: 20/87 Loss: 0.002443
2026-05-18 13:33: Train Epoch 403: 40/87 Loss: 0.003921
2026-05-18 13:33: Train Epoch 403: 60/87 Loss: 0.002208
2026-05-18 13:33: Train Epoch 403: 80/87 Loss: 0.017833
2026-05-18 13:33: **********Train Epoch 403: averaged Loss: 0.005746
2026-05-18 13:33: **********Val Epoch 403: average Loss: 0.027547
2026-05-18 13:33: Train Epoch 404: 0/87 Loss: 0.044826
2026-05-18 13:33: Train Epoch 404: 20/87 Loss: 0.011212
2026-05-18 13:33: Train Epoch 404: 40/87 Loss: 0.005399
2026-05-18 13:33: Train Epoch 404: 60/87 Loss: 0.003017
2026-05-18 13:33: Train Epoch 404: 80/87 Loss: 0.054897
2026-05-18 13:33: **********Train Epoch 404: averaged Loss: 0.014870
2026-05-18 13:33: **********Val Epoch 404: average Loss: 0.049330
2026-05-18 13:33: Train Epoch 405: 0/87 Loss: 0.088660
2026-05-18 13:33: Train Epoch 405: 20/87 Loss: 0.002725
2026-05-18 13:33: Train Epoch 405: 40/87 Loss: 0.003131
2026-05-18 13:33: Train Epoch 405: 60/87 Loss: 0.002117
2026-05-18 13:33: Train Epoch 405: 80/87 Loss: 0.015070
2026-05-18 13:33: **********Train Epoch 405: averaged Loss: 0.014013
2026-05-18 13:33: **********Val Epoch 405: average Loss: 0.057863
2026-05-18 13:33: Train Epoch 406: 0/87 Loss: 0.031109
2026-05-18 13:33: Train Epoch 406: 20/87 Loss: 0.003235
2026-05-18 13:33: Train Epoch 406: 40/87 Loss: 0.005704
2026-05-18 13:33: Train Epoch 406: 60/87 Loss: 0.001587
2026-05-18 13:34: Train Epoch 406: 80/87 Loss: 0.015388
2026-05-18 13:34: **********Train Epoch 406: averaged Loss: 0.008866
2026-05-18 13:34: **********Val Epoch 406: average Loss: 0.022655
2026-05-18 13:34: Train Epoch 407: 0/87 Loss: 0.056227
2026-05-18 13:34: Train Epoch 407: 20/87 Loss: 0.007217
2026-05-18 13:34: Train Epoch 407: 40/87 Loss: 0.009804
2026-05-18 13:34: Train Epoch 407: 60/87 Loss: 0.007435
2026-05-18 13:34: Train Epoch 407: 80/87 Loss: 0.055902
2026-05-18 13:34: **********Train Epoch 407: averaged Loss: 0.015659
2026-05-18 13:34: **********Val Epoch 407: average Loss: 0.050650
2026-05-18 13:34: Train Epoch 408: 0/87 Loss: 0.070388
2026-05-18 13:34: Train Epoch 408: 20/87 Loss: 0.004870
2026-05-18 13:34: Train Epoch 408: 40/87 Loss: 0.014656
2026-05-18 13:34: Train Epoch 408: 60/87 Loss: 0.001822
2026-05-18 13:34: Train Epoch 408: 80/87 Loss: 0.019915
2026-05-18 13:34: **********Train Epoch 408: averaged Loss: 0.012640
2026-05-18 13:34: **********Val Epoch 408: average Loss: 0.023335
2026-05-18 13:34: Train Epoch 409: 0/87 Loss: 0.019431
2026-05-18 13:34: Train Epoch 409: 20/87 Loss: 0.003088
2026-05-18 13:34: Train Epoch 409: 40/87 Loss: 0.005897
2026-05-18 13:34: Train Epoch 409: 60/87 Loss: 0.009043
2026-05-18 13:34: Train Epoch 409: 80/87 Loss: 0.026855
2026-05-18 13:34: **********Train Epoch 409: averaged Loss: 0.008560
2026-05-18 13:34: **********Val Epoch 409: average Loss: 0.023360
2026-05-18 13:34: Train Epoch 410: 0/87 Loss: 0.065564
2026-05-18 13:34: Train Epoch 410: 20/87 Loss: 0.007904
2026-05-18 13:34: Train Epoch 410: 40/87 Loss: 0.004376
2026-05-18 13:34: Train Epoch 410: 60/87 Loss: 0.005589
2026-05-18 13:34: Train Epoch 410: 80/87 Loss: 0.021671
2026-05-18 13:34: **********Train Epoch 410: averaged Loss: 0.011533
2026-05-18 13:34: **********Val Epoch 410: average Loss: 0.032514
2026-05-18 13:34: Train Epoch 411: 0/87 Loss: 0.005771
2026-05-18 13:34: Train Epoch 411: 20/87 Loss: 0.005602
2026-05-18 13:34: Train Epoch 411: 40/87 Loss: 0.003658
2026-05-18 13:34: Train Epoch 411: 60/87 Loss: 0.004079
2026-05-18 13:34: Train Epoch 411: 80/87 Loss: 0.015756
2026-05-18 13:34: **********Train Epoch 411: averaged Loss: 0.005382
2026-05-18 13:34: **********Val Epoch 411: average Loss: 0.017449
2026-05-18 13:34: Train Epoch 412: 0/87 Loss: 0.005397
2026-05-18 13:34: Train Epoch 412: 20/87 Loss: 0.005452
2026-05-18 13:34: Train Epoch 412: 40/87 Loss: 0.003381
2026-05-18 13:34: Train Epoch 412: 60/87 Loss: 0.002361
2026-05-18 13:34: Train Epoch 412: 80/87 Loss: 0.013858
2026-05-18 13:34: **********Train Epoch 412: averaged Loss: 0.005067
2026-05-18 13:34: **********Val Epoch 412: average Loss: 0.029023
2026-05-18 13:34: Train Epoch 413: 0/87 Loss: 0.056046
2026-05-18 13:34: Train Epoch 413: 20/87 Loss: 0.004648
2026-05-18 13:34: Train Epoch 413: 40/87 Loss: 0.003737
2026-05-18 13:34: Train Epoch 413: 60/87 Loss: 0.003093
2026-05-18 13:34: Train Epoch 413: 80/87 Loss: 0.013638
2026-05-18 13:34: **********Train Epoch 413: averaged Loss: 0.010376
2026-05-18 13:34: **********Val Epoch 413: average Loss: 0.008469
2026-05-18 13:34: Train Epoch 414: 0/87 Loss: 0.005927
2026-05-18 13:34: Train Epoch 414: 20/87 Loss: 0.002379
2026-05-18 13:34: Train Epoch 414: 40/87 Loss: 0.005182
2026-05-18 13:34: Train Epoch 414: 60/87 Loss: 0.004927
2026-05-18 13:34: Train Epoch 414: 80/87 Loss: 0.020266
2026-05-18 13:34: **********Train Epoch 414: averaged Loss: 0.008290
2026-05-18 13:34: **********Val Epoch 414: average Loss: 0.041372
2026-05-18 13:34: Train Epoch 415: 0/87 Loss: 0.036295
2026-05-18 13:34: Train Epoch 415: 20/87 Loss: 0.014751
2026-05-18 13:34: Train Epoch 415: 40/87 Loss: 0.004890
2026-05-18 13:34: Train Epoch 415: 60/87 Loss: 0.001810
2026-05-18 13:34: Train Epoch 415: 80/87 Loss: 0.018083
2026-05-18 13:34: **********Train Epoch 415: averaged Loss: 0.009190
2026-05-18 13:34: **********Val Epoch 415: average Loss: 0.015029
2026-05-18 13:34: Train Epoch 416: 0/87 Loss: 0.056668
2026-05-18 13:34: Train Epoch 416: 20/87 Loss: 0.014010
2026-05-18 13:34: Train Epoch 416: 40/87 Loss: 0.018459
2026-05-18 13:34: Train Epoch 416: 60/87 Loss: 0.002527
2026-05-18 13:34: Train Epoch 416: 80/87 Loss: 0.054141
2026-05-18 13:34: **********Train Epoch 416: averaged Loss: 0.017653
2026-05-18 13:34: **********Val Epoch 416: average Loss: 0.045059
2026-05-18 13:34: Train Epoch 417: 0/87 Loss: 0.073345
2026-05-18 13:34: Train Epoch 417: 20/87 Loss: 0.004845
2026-05-18 13:34: Train Epoch 417: 40/87 Loss: 0.004879
2026-05-18 13:34: Train Epoch 417: 60/87 Loss: 0.003742
2026-05-18 13:34: Train Epoch 417: 80/87 Loss: 0.013798
2026-05-18 13:34: **********Train Epoch 417: averaged Loss: 0.011511
2026-05-18 13:34: **********Val Epoch 417: average Loss: 0.012695
2026-05-18 13:34: Train Epoch 418: 0/87 Loss: 0.009805
2026-05-18 13:34: Train Epoch 418: 20/87 Loss: 0.002325
2026-05-18 13:34: Train Epoch 418: 40/87 Loss: 0.005034
2026-05-18 13:34: Train Epoch 418: 60/87 Loss: 0.001491
2026-05-18 13:34: Train Epoch 418: 80/87 Loss: 0.015340
2026-05-18 13:34: **********Train Epoch 418: averaged Loss: 0.005838
2026-05-18 13:34: **********Val Epoch 418: average Loss: 0.033302
2026-05-18 13:34: Train Epoch 419: 0/87 Loss: 0.047097
2026-05-18 13:34: Train Epoch 419: 20/87 Loss: 0.007628
2026-05-18 13:34: Train Epoch 419: 40/87 Loss: 0.003348
2026-05-18 13:34: Train Epoch 419: 60/87 Loss: 0.002171
2026-05-18 13:34: Train Epoch 419: 80/87 Loss: 0.014480
2026-05-18 13:34: **********Train Epoch 419: averaged Loss: 0.007665
2026-05-18 13:34: **********Val Epoch 419: average Loss: 0.016972
2026-05-18 13:34: Train Epoch 420: 0/87 Loss: 0.011070
2026-05-18 13:34: Train Epoch 420: 20/87 Loss: 0.002358
2026-05-18 13:34: Train Epoch 420: 40/87 Loss: 0.004469
2026-05-18 13:34: Train Epoch 420: 60/87 Loss: 0.006437
2026-05-18 13:34: Train Epoch 420: 80/87 Loss: 0.018984
2026-05-18 13:34: **********Train Epoch 420: averaged Loss: 0.008010
2026-05-18 13:34: **********Val Epoch 420: average Loss: 0.015557
2026-05-18 13:34: Train Epoch 421: 0/87 Loss: 0.028682
2026-05-18 13:34: Train Epoch 421: 20/87 Loss: 0.006205
2026-05-18 13:34: Train Epoch 421: 40/87 Loss: 0.002637
2026-05-18 13:34: Train Epoch 421: 60/87 Loss: 0.009490
2026-05-18 13:34: Train Epoch 421: 80/87 Loss: 0.025900
2026-05-18 13:34: **********Train Epoch 421: averaged Loss: 0.009438
2026-05-18 13:34: **********Val Epoch 421: average Loss: 0.024001
2026-05-18 13:34: Train Epoch 422: 0/87 Loss: 0.034596
2026-05-18 13:35: Train Epoch 422: 20/87 Loss: 0.003718
2026-05-18 13:35: Train Epoch 422: 40/87 Loss: 0.004961
2026-05-18 13:35: Train Epoch 422: 60/87 Loss: 0.012950
2026-05-18 13:35: Train Epoch 422: 80/87 Loss: 0.030636
2026-05-18 13:35: **********Train Epoch 422: averaged Loss: 0.009628
2026-05-18 13:35: **********Val Epoch 422: average Loss: 0.013347
2026-05-18 13:35: Train Epoch 423: 0/87 Loss: 0.074903
2026-05-18 13:35: Train Epoch 423: 20/87 Loss: 0.019309
2026-05-18 13:35: Train Epoch 423: 40/87 Loss: 0.015462
2026-05-18 13:35: Train Epoch 423: 60/87 Loss: 0.005334
2026-05-18 13:35: Train Epoch 423: 80/87 Loss: 0.044536
2026-05-18 13:35: **********Train Epoch 423: averaged Loss: 0.019299
2026-05-18 13:35: **********Val Epoch 423: average Loss: 0.045081
2026-05-18 13:35: Train Epoch 424: 0/87 Loss: 0.067860
2026-05-18 13:35: Train Epoch 424: 20/87 Loss: 0.012154
2026-05-18 13:35: Train Epoch 424: 40/87 Loss: 0.004173
2026-05-18 13:35: Train Epoch 424: 60/87 Loss: 0.008138
2026-05-18 13:35: Train Epoch 424: 80/87 Loss: 0.013965
2026-05-18 13:35: **********Train Epoch 424: averaged Loss: 0.010630
2026-05-18 13:35: **********Val Epoch 424: average Loss: 0.014902
2026-05-18 13:35: Train Epoch 425: 0/87 Loss: 0.005853
2026-05-18 13:35: Train Epoch 425: 20/87 Loss: 0.002479
2026-05-18 13:35: Train Epoch 425: 40/87 Loss: 0.002743
2026-05-18 13:35: Train Epoch 425: 60/87 Loss: 0.005050
2026-05-18 13:35: Train Epoch 425: 80/87 Loss: 0.013855
2026-05-18 13:35: **********Train Epoch 425: averaged Loss: 0.004854
2026-05-18 13:35: **********Val Epoch 425: average Loss: 0.022497
2026-05-18 13:35: Train Epoch 426: 0/87 Loss: 0.029667
2026-05-18 13:35: Train Epoch 426: 20/87 Loss: 0.010141
2026-05-18 13:35: Train Epoch 426: 40/87 Loss: 0.004537
2026-05-18 13:35: Train Epoch 426: 60/87 Loss: 0.008406
2026-05-18 13:35: Train Epoch 426: 80/87 Loss: 0.021354
2026-05-18 13:35: **********Train Epoch 426: averaged Loss: 0.006808
2026-05-18 13:35: **********Val Epoch 426: average Loss: 0.027127
2026-05-18 13:35: Train Epoch 427: 0/87 Loss: 0.035787
2026-05-18 13:35: Train Epoch 427: 20/87 Loss: 0.005586
2026-05-18 13:35: Train Epoch 427: 40/87 Loss: 0.010715
2026-05-18 13:35: Train Epoch 427: 60/87 Loss: 0.008362
2026-05-18 13:35: Train Epoch 427: 80/87 Loss: 0.018229
2026-05-18 13:35: **********Train Epoch 427: averaged Loss: 0.008980
2026-05-18 13:35: **********Val Epoch 427: average Loss: 0.027874
2026-05-18 13:35: Train Epoch 428: 0/87 Loss: 0.043717
2026-05-18 13:35: Train Epoch 428: 20/87 Loss: 0.006606
2026-05-18 13:35: Train Epoch 428: 40/87 Loss: 0.003279
2026-05-18 13:35: Train Epoch 428: 60/87 Loss: 0.001414
2026-05-18 13:35: Train Epoch 428: 80/87 Loss: 0.013501
2026-05-18 13:35: **********Train Epoch 428: averaged Loss: 0.008811
2026-05-18 13:35: **********Val Epoch 428: average Loss: 0.025461
2026-05-18 13:35: Train Epoch 429: 0/87 Loss: 0.006820
2026-05-18 13:35: Train Epoch 429: 20/87 Loss: 0.003664
2026-05-18 13:35: Train Epoch 429: 40/87 Loss: 0.002729
2026-05-18 13:35: Train Epoch 429: 60/87 Loss: 0.008785
2026-05-18 13:35: Train Epoch 429: 80/87 Loss: 0.019283
2026-05-18 13:35: **********Train Epoch 429: averaged Loss: 0.006285
2026-05-18 13:35: **********Val Epoch 429: average Loss: 0.019374
2026-05-18 13:35: Train Epoch 430: 0/87 Loss: 0.033146
2026-05-18 13:35: Train Epoch 430: 20/87 Loss: 0.007105
2026-05-18 13:35: Train Epoch 430: 40/87 Loss: 0.005837
2026-05-18 13:35: Train Epoch 430: 60/87 Loss: 0.004805
2026-05-18 13:35: Train Epoch 430: 80/87 Loss: 0.026335
2026-05-18 13:35: **********Train Epoch 430: averaged Loss: 0.009360
2026-05-18 13:35: **********Val Epoch 430: average Loss: 0.019593
2026-05-18 13:35: Train Epoch 431: 0/87 Loss: 0.047476
2026-05-18 13:35: Train Epoch 431: 20/87 Loss: 0.012136
2026-05-18 13:35: Train Epoch 431: 40/87 Loss: 0.004600
2026-05-18 13:35: Train Epoch 431: 60/87 Loss: 0.001668
2026-05-18 13:35: Train Epoch 431: 80/87 Loss: 0.022254
2026-05-18 13:35: **********Train Epoch 431: averaged Loss: 0.010891
2026-05-18 13:35: **********Val Epoch 431: average Loss: 0.009453
2026-05-18 13:35: Train Epoch 432: 0/87 Loss: 0.007766
2026-05-18 13:35: Train Epoch 432: 20/87 Loss: 0.003105
2026-05-18 13:35: Train Epoch 432: 40/87 Loss: 0.003409
2026-05-18 13:35: Train Epoch 432: 60/87 Loss: 0.005644
2026-05-18 13:35: Train Epoch 432: 80/87 Loss: 0.019109
2026-05-18 13:35: **********Train Epoch 432: averaged Loss: 0.006682
2026-05-18 13:35: **********Val Epoch 432: average Loss: 0.016594
2026-05-18 13:35: Train Epoch 433: 0/87 Loss: 0.034794
2026-05-18 13:35: Train Epoch 433: 20/87 Loss: 0.007231
2026-05-18 13:35: Train Epoch 433: 40/87 Loss: 0.003408
2026-05-18 13:35: Train Epoch 433: 60/87 Loss: 0.007703
2026-05-18 13:35: Train Epoch 433: 80/87 Loss: 0.020110
2026-05-18 13:35: **********Train Epoch 433: averaged Loss: 0.008850
2026-05-18 13:35: **********Val Epoch 433: average Loss: 0.005815
2026-05-18 13:35: *********************************Current best model saved!
2026-05-18 13:35: Train Epoch 434: 0/87 Loss: 0.035836
2026-05-18 13:35: Train Epoch 434: 20/87 Loss: 0.011806
2026-05-18 13:35: Train Epoch 434: 40/87 Loss: 0.004134
2026-05-18 13:35: Train Epoch 434: 60/87 Loss: 0.005608
2026-05-18 13:35: Train Epoch 434: 80/87 Loss: 0.036493
2026-05-18 13:35: **********Train Epoch 434: averaged Loss: 0.013692
2026-05-18 13:35: **********Val Epoch 434: average Loss: 0.040107
2026-05-18 13:35: Train Epoch 435: 0/87 Loss: 0.020022
2026-05-18 13:35: Train Epoch 435: 20/87 Loss: 0.002831
2026-05-18 13:35: Train Epoch 435: 40/87 Loss: 0.003026
2026-05-18 13:35: Train Epoch 435: 60/87 Loss: 0.007243
2026-05-18 13:35: Train Epoch 435: 80/87 Loss: 0.013677
2026-05-18 13:35: **********Train Epoch 435: averaged Loss: 0.007534
2026-05-18 13:35: **********Val Epoch 435: average Loss: 0.033471
2026-05-18 13:35: Train Epoch 436: 0/87 Loss: 0.035583
2026-05-18 13:35: Train Epoch 436: 20/87 Loss: 0.007038
2026-05-18 13:35: Train Epoch 436: 40/87 Loss: 0.004545
2026-05-18 13:35: Train Epoch 436: 60/87 Loss: 0.019027
2026-05-18 13:36: Train Epoch 436: 80/87 Loss: 0.044343
2026-05-18 13:36: **********Train Epoch 436: averaged Loss: 0.015601
2026-05-18 13:36: **********Val Epoch 436: average Loss: 0.046186
2026-05-18 13:36: Train Epoch 437: 0/87 Loss: 0.099332
2026-05-18 13:36: Train Epoch 437: 20/87 Loss: 0.003855
2026-05-18 13:36: Train Epoch 437: 40/87 Loss: 0.004563
2026-05-18 13:36: Train Epoch 437: 60/87 Loss: 0.004226
2026-05-18 13:36: Train Epoch 437: 80/87 Loss: 0.015648
2026-05-18 13:36: **********Train Epoch 437: averaged Loss: 0.014404
2026-05-18 13:36: **********Val Epoch 437: average Loss: 0.013900
2026-05-18 13:36: Train Epoch 438: 0/87 Loss: 0.046897
2026-05-18 13:36: Train Epoch 438: 20/87 Loss: 0.012317
2026-05-18 13:36: Train Epoch 438: 40/87 Loss: 0.003104
2026-05-18 13:36: Train Epoch 438: 60/87 Loss: 0.005531
2026-05-18 13:36: Train Epoch 438: 80/87 Loss: 0.035575
2026-05-18 13:36: **********Train Epoch 438: averaged Loss: 0.012638
2026-05-18 13:36: **********Val Epoch 438: average Loss: 0.008737
2026-05-18 13:36: Train Epoch 439: 0/87 Loss: 0.030185
2026-05-18 13:36: Train Epoch 439: 20/87 Loss: 0.006598
2026-05-18 13:36: Train Epoch 439: 40/87 Loss: 0.003228
2026-05-18 13:36: Train Epoch 439: 60/87 Loss: 0.003940
2026-05-18 13:36: Train Epoch 439: 80/87 Loss: 0.014562
2026-05-18 13:36: **********Train Epoch 439: averaged Loss: 0.006757
2026-05-18 13:36: **********Val Epoch 439: average Loss: 0.047621
2026-05-18 13:36: Train Epoch 440: 0/87 Loss: 0.015479
2026-05-18 13:36: Train Epoch 440: 20/87 Loss: 0.004873
2026-05-18 13:36: Train Epoch 440: 40/87 Loss: 0.005584
2026-05-18 13:36: Train Epoch 440: 60/87 Loss: 0.003861
2026-05-18 13:36: Train Epoch 440: 80/87 Loss: 0.026727
2026-05-18 13:36: **********Train Epoch 440: averaged Loss: 0.008243
2026-05-18 13:36: **********Val Epoch 440: average Loss: 0.008017
2026-05-18 13:36: Train Epoch 441: 0/87 Loss: 0.032215
2026-05-18 13:36: Train Epoch 441: 20/87 Loss: 0.010813
2026-05-18 13:36: Train Epoch 441: 40/87 Loss: 0.003430
2026-05-18 13:36: Train Epoch 441: 60/87 Loss: 0.006418
2026-05-18 13:36: Train Epoch 441: 80/87 Loss: 0.033910
2026-05-18 13:36: **********Train Epoch 441: averaged Loss: 0.010430
2026-05-18 13:36: **********Val Epoch 441: average Loss: 0.032248
2026-05-18 13:36: Train Epoch 442: 0/87 Loss: 0.061733
2026-05-18 13:36: Train Epoch 442: 20/87 Loss: 0.002409
2026-05-18 13:36: Train Epoch 442: 40/87 Loss: 0.006199
2026-05-18 13:36: Train Epoch 442: 60/87 Loss: 0.007876
2026-05-18 13:36: Train Epoch 442: 80/87 Loss: 0.015686
2026-05-18 13:36: **********Train Epoch 442: averaged Loss: 0.011013
2026-05-18 13:36: **********Val Epoch 442: average Loss: 0.007852
2026-05-18 13:36: Train Epoch 443: 0/87 Loss: 0.028045
2026-05-18 13:36: Train Epoch 443: 20/87 Loss: 0.002192
2026-05-18 13:36: Train Epoch 443: 40/87 Loss: 0.002697
2026-05-18 13:36: Train Epoch 443: 60/87 Loss: 0.006045
2026-05-18 13:36: Train Epoch 443: 80/87 Loss: 0.020894
2026-05-18 13:36: **********Train Epoch 443: averaged Loss: 0.008034
2026-05-18 13:36: **********Val Epoch 443: average Loss: 0.029246
2026-05-18 13:36: Train Epoch 444: 0/87 Loss: 0.045457
2026-05-18 13:36: Train Epoch 444: 20/87 Loss: 0.002423
2026-05-18 13:36: Train Epoch 444: 40/87 Loss: 0.014239
2026-05-18 13:36: Train Epoch 444: 60/87 Loss: 0.002987
2026-05-18 13:36: Train Epoch 444: 80/87 Loss: 0.048890
2026-05-18 13:36: **********Train Epoch 444: averaged Loss: 0.016750
2026-05-18 13:36: **********Val Epoch 444: average Loss: 0.050025
2026-05-18 13:36: Train Epoch 445: 0/87 Loss: 0.069835
2026-05-18 13:36: Train Epoch 445: 20/87 Loss: 0.008543
2026-05-18 13:36: Train Epoch 445: 40/87 Loss: 0.004218
2026-05-18 13:36: Train Epoch 445: 60/87 Loss: 0.005316
2026-05-18 13:36: Train Epoch 445: 80/87 Loss: 0.013682
2026-05-18 13:36: **********Train Epoch 445: averaged Loss: 0.011111
2026-05-18 13:36: **********Val Epoch 445: average Loss: 0.019058
2026-05-18 13:36: Train Epoch 446: 0/87 Loss: 0.015805
2026-05-18 13:36: Train Epoch 446: 20/87 Loss: 0.004340
2026-05-18 13:36: Train Epoch 446: 40/87 Loss: 0.002730
2026-05-18 13:36: Train Epoch 446: 60/87 Loss: 0.001943
2026-05-18 13:36: Train Epoch 446: 80/87 Loss: 0.024842
2026-05-18 13:36: **********Train Epoch 446: averaged Loss: 0.007964
2026-05-18 13:36: **********Val Epoch 446: average Loss: 0.016706
2026-05-18 13:36: Train Epoch 447: 0/87 Loss: 0.035613
2026-05-18 13:36: Train Epoch 447: 20/87 Loss: 0.002302
2026-05-18 13:36: Train Epoch 447: 40/87 Loss: 0.002922
2026-05-18 13:36: Train Epoch 447: 60/87 Loss: 0.010365
2026-05-18 13:36: Train Epoch 447: 80/87 Loss: 0.016062
2026-05-18 13:36: **********Train Epoch 447: averaged Loss: 0.008843
2026-05-18 13:36: **********Val Epoch 447: average Loss: 0.014132
2026-05-18 13:36: Train Epoch 448: 0/87 Loss: 0.037309
2026-05-18 13:36: Train Epoch 448: 20/87 Loss: 0.007718
2026-05-18 13:36: Train Epoch 448: 40/87 Loss: 0.020430
2026-05-18 13:36: Train Epoch 448: 60/87 Loss: 0.008397
2026-05-18 13:36: Train Epoch 448: 80/87 Loss: 0.033667
2026-05-18 13:36: **********Train Epoch 448: averaged Loss: 0.018651
2026-05-18 13:36: **********Val Epoch 448: average Loss: 0.056365
2026-05-18 13:36: Train Epoch 449: 0/87 Loss: 0.078759
2026-05-18 13:36: Train Epoch 449: 20/87 Loss: 0.002298
2026-05-18 13:36: Train Epoch 449: 40/87 Loss: 0.005724
2026-05-18 13:36: Train Epoch 449: 60/87 Loss: 0.002285
2026-05-18 13:36: Train Epoch 449: 80/87 Loss: 0.014230
2026-05-18 13:36: **********Train Epoch 449: averaged Loss: 0.012424
2026-05-18 13:36: **********Val Epoch 449: average Loss: 0.010904
2026-05-18 13:36: Train Epoch 450: 0/87 Loss: 0.004115
2026-05-18 13:36: Train Epoch 450: 20/87 Loss: 0.006083
2026-05-18 13:36: Train Epoch 450: 40/87 Loss: 0.003038
2026-05-18 13:36: Train Epoch 450: 60/87 Loss: 0.007715
2026-05-18 13:36: Train Epoch 450: 80/87 Loss: 0.014350
2026-05-18 13:36: **********Train Epoch 450: averaged Loss: 0.006210
2026-05-18 13:36: **********Val Epoch 450: average Loss: 0.013518
2026-05-18 13:36: Train Epoch 451: 0/87 Loss: 0.024855
2026-05-18 13:36: Train Epoch 451: 20/87 Loss: 0.005168
2026-05-18 13:36: Train Epoch 451: 40/87 Loss: 0.002857
2026-05-18 13:36: Train Epoch 451: 60/87 Loss: 0.006922
2026-05-18 13:36: Train Epoch 451: 80/87 Loss: 0.024722
2026-05-18 13:36: **********Train Epoch 451: averaged Loss: 0.007383
2026-05-18 13:36: **********Val Epoch 451: average Loss: 0.015356
2026-05-18 13:36: Train Epoch 452: 0/87 Loss: 0.043795
2026-05-18 13:36: Train Epoch 452: 20/87 Loss: 0.011820
2026-05-18 13:36: Train Epoch 452: 40/87 Loss: 0.002732
2026-05-18 13:37: Train Epoch 452: 60/87 Loss: 0.003605
2026-05-18 13:37: Train Epoch 452: 80/87 Loss: 0.016477
2026-05-18 13:37: **********Train Epoch 452: averaged Loss: 0.008124
2026-05-18 13:37: **********Val Epoch 452: average Loss: 0.018882
2026-05-18 13:37: Train Epoch 453: 0/87 Loss: 0.019273
2026-05-18 13:37: Train Epoch 453: 20/87 Loss: 0.007839
2026-05-18 13:37: Train Epoch 453: 40/87 Loss: 0.004230
2026-05-18 13:37: Train Epoch 453: 60/87 Loss: 0.004341
2026-05-18 13:37: Train Epoch 453: 80/87 Loss: 0.021227
2026-05-18 13:37: **********Train Epoch 453: averaged Loss: 0.008742
2026-05-18 13:37: **********Val Epoch 453: average Loss: 0.057911
2026-05-18 13:37: Train Epoch 454: 0/87 Loss: 0.047518
2026-05-18 13:37: Train Epoch 454: 20/87 Loss: 0.011620
2026-05-18 13:37: Train Epoch 454: 40/87 Loss: 0.005938
2026-05-18 13:37: Train Epoch 454: 60/87 Loss: 0.005410
2026-05-18 13:37: Train Epoch 454: 80/87 Loss: 0.023507
2026-05-18 13:37: **********Train Epoch 454: averaged Loss: 0.009039
2026-05-18 13:37: **********Val Epoch 454: average Loss: 0.023487
2026-05-18 13:37: Train Epoch 455: 0/87 Loss: 0.037422
2026-05-18 13:37: Train Epoch 455: 20/87 Loss: 0.007924
2026-05-18 13:37: Train Epoch 455: 40/87 Loss: 0.002661
2026-05-18 13:37: Train Epoch 455: 60/87 Loss: 0.002147
2026-05-18 13:37: Train Epoch 455: 80/87 Loss: 0.014308
2026-05-18 13:37: **********Train Epoch 455: averaged Loss: 0.006372
2026-05-18 13:37: **********Val Epoch 455: average Loss: 0.022834
2026-05-18 13:37: Train Epoch 456: 0/87 Loss: 0.005313
2026-05-18 13:37: Train Epoch 456: 20/87 Loss: 0.005323
2026-05-18 13:37: Train Epoch 456: 40/87 Loss: 0.004415
2026-05-18 13:37: Train Epoch 456: 60/87 Loss: 0.002100
2026-05-18 13:37: Train Epoch 456: 80/87 Loss: 0.014831
2026-05-18 13:37: **********Train Epoch 456: averaged Loss: 0.005859
2026-05-18 13:37: **********Val Epoch 456: average Loss: 0.018783
2026-05-18 13:37: Train Epoch 457: 0/87 Loss: 0.008556
2026-05-18 13:37: Train Epoch 457: 20/87 Loss: 0.002793
2026-05-18 13:37: Train Epoch 457: 40/87 Loss: 0.006706
2026-05-18 13:37: Train Epoch 457: 60/87 Loss: 0.001540
2026-05-18 13:37: Train Epoch 457: 80/87 Loss: 0.015555
2026-05-18 13:37: **********Train Epoch 457: averaged Loss: 0.006089
2026-05-18 13:37: **********Val Epoch 457: average Loss: 0.014484
2026-05-18 13:37: Train Epoch 458: 0/87 Loss: 0.010993
2026-05-18 13:37: Train Epoch 458: 20/87 Loss: 0.010513
2026-05-18 13:37: Train Epoch 458: 40/87 Loss: 0.004659
2026-05-18 13:37: Train Epoch 458: 60/87 Loss: 0.009204
2026-05-18 13:37: Train Epoch 458: 80/87 Loss: 0.025551
2026-05-18 13:37: **********Train Epoch 458: averaged Loss: 0.007013
2026-05-18 13:37: **********Val Epoch 458: average Loss: 0.018954
2026-05-18 13:37: Train Epoch 459: 0/87 Loss: 0.049942
2026-05-18 13:37: Train Epoch 459: 20/87 Loss: 0.008948
2026-05-18 13:37: Train Epoch 459: 40/87 Loss: 0.002838
2026-05-18 13:37: Train Epoch 459: 60/87 Loss: 0.009526
2026-05-18 13:37: Train Epoch 459: 80/87 Loss: 0.023547
2026-05-18 13:37: **********Train Epoch 459: averaged Loss: 0.010173
2026-05-18 13:37: **********Val Epoch 459: average Loss: 0.010449
2026-05-18 13:37: Train Epoch 460: 0/87 Loss: 0.003386
2026-05-18 13:37: Train Epoch 460: 20/87 Loss: 0.002183
2026-05-18 13:37: Train Epoch 460: 40/87 Loss: 0.002677
2026-05-18 13:37: Train Epoch 460: 60/87 Loss: 0.006795
2026-05-18 13:37: Train Epoch 460: 80/87 Loss: 0.019654
2026-05-18 13:37: **********Train Epoch 460: averaged Loss: 0.006588
2026-05-18 13:37: **********Val Epoch 460: average Loss: 0.019638
2026-05-18 13:37: Train Epoch 461: 0/87 Loss: 0.047242
2026-05-18 13:37: Train Epoch 461: 20/87 Loss: 0.007886
2026-05-18 13:37: Train Epoch 461: 40/87 Loss: 0.003456
2026-05-18 13:37: Train Epoch 461: 60/87 Loss: 0.003787
2026-05-18 13:37: Train Epoch 461: 80/87 Loss: 0.047297
2026-05-18 13:37: **********Train Epoch 461: averaged Loss: 0.011809
2026-05-18 13:37: **********Val Epoch 461: average Loss: 0.042116
2026-05-18 13:37: Train Epoch 462: 0/87 Loss: 0.073297
2026-05-18 13:37: Train Epoch 462: 20/87 Loss: 0.006222
2026-05-18 13:37: Train Epoch 462: 40/87 Loss: 0.003143
2026-05-18 13:37: Train Epoch 462: 60/87 Loss: 0.009565
2026-05-18 13:37: Train Epoch 462: 80/87 Loss: 0.013765
2026-05-18 13:37: **********Train Epoch 462: averaged Loss: 0.011138
2026-05-18 13:37: **********Val Epoch 462: average Loss: 0.006361
2026-05-18 13:37: Train Epoch 463: 0/87 Loss: 0.032501
2026-05-18 13:37: Train Epoch 463: 20/87 Loss: 0.009939
2026-05-18 13:37: Train Epoch 463: 40/87 Loss: 0.003573
2026-05-18 13:37: Train Epoch 463: 60/87 Loss: 0.002614
2026-05-18 13:37: Train Epoch 463: 80/87 Loss: 0.014587
2026-05-18 13:37: **********Train Epoch 463: averaged Loss: 0.007165
2026-05-18 13:37: **********Val Epoch 463: average Loss: 0.012859
2026-05-18 13:37: Train Epoch 464: 0/87 Loss: 0.005870
2026-05-18 13:37: Train Epoch 464: 20/87 Loss: 0.002432
2026-05-18 13:37: Train Epoch 464: 40/87 Loss: 0.003321
2026-05-18 13:37: Train Epoch 464: 60/87 Loss: 0.002487
2026-05-18 13:37: Train Epoch 464: 80/87 Loss: 0.014467
2026-05-18 13:37: **********Train Epoch 464: averaged Loss: 0.005986
2026-05-18 13:37: **********Val Epoch 464: average Loss: 0.022985
2026-05-18 13:37: Train Epoch 465: 0/87 Loss: 0.043777
2026-05-18 13:37: Train Epoch 465: 20/87 Loss: 0.005909
2026-05-18 13:37: Train Epoch 465: 40/87 Loss: 0.004745
2026-05-18 13:37: Train Epoch 465: 60/87 Loss: 0.002269
2026-05-18 13:37: Train Epoch 465: 80/87 Loss: 0.014199
2026-05-18 13:37: **********Train Epoch 465: averaged Loss: 0.007719
2026-05-18 13:37: **********Val Epoch 465: average Loss: 0.011661
2026-05-18 13:37: Train Epoch 466: 0/87 Loss: 0.023188
2026-05-18 13:37: Train Epoch 466: 20/87 Loss: 0.002225
2026-05-18 13:37: Train Epoch 466: 40/87 Loss: 0.005931
2026-05-18 13:37: Train Epoch 466: 60/87 Loss: 0.009698
2026-05-18 13:37: Train Epoch 466: 80/87 Loss: 0.026540
2026-05-18 13:37: **********Train Epoch 466: averaged Loss: 0.008610
2026-05-18 13:37: **********Val Epoch 466: average Loss: 0.019075
2026-05-18 13:37: Train Epoch 467: 0/87 Loss: 0.038479
2026-05-18 13:37: Train Epoch 467: 20/87 Loss: 0.006192
2026-05-18 13:37: Train Epoch 467: 40/87 Loss: 0.003853
2026-05-18 13:37: Train Epoch 467: 60/87 Loss: 0.001815
2026-05-18 13:38: Train Epoch 467: 80/87 Loss: 0.014008
2026-05-18 13:38: **********Train Epoch 467: averaged Loss: 0.007143
2026-05-18 13:38: **********Val Epoch 467: average Loss: 0.023185
2026-05-18 13:38: Train Epoch 468: 0/87 Loss: 0.015714
2026-05-18 13:38: Train Epoch 468: 20/87 Loss: 0.003607
2026-05-18 13:38: Train Epoch 468: 40/87 Loss: 0.005046
2026-05-18 13:38: Train Epoch 468: 60/87 Loss: 0.005578
2026-05-18 13:38: Train Epoch 468: 80/87 Loss: 0.015803
2026-05-18 13:38: **********Train Epoch 468: averaged Loss: 0.006587
2026-05-18 13:38: **********Val Epoch 468: average Loss: 0.017755
2026-05-18 13:38: Train Epoch 469: 0/87 Loss: 0.004438
2026-05-18 13:38: Train Epoch 469: 20/87 Loss: 0.004758
2026-05-18 13:38: Train Epoch 469: 40/87 Loss: 0.002894
2026-05-18 13:38: Train Epoch 469: 60/87 Loss: 0.001760
2026-05-18 13:38: Train Epoch 469: 80/87 Loss: 0.013986
2026-05-18 13:38: **********Train Epoch 469: averaged Loss: 0.005090
2026-05-18 13:38: **********Val Epoch 469: average Loss: 0.048097
2026-05-18 13:38: Train Epoch 470: 0/87 Loss: 0.019906
2026-05-18 13:38: Train Epoch 470: 20/87 Loss: 0.004793
2026-05-18 13:38: Train Epoch 470: 40/87 Loss: 0.005295
2026-05-18 13:38: Train Epoch 470: 60/87 Loss: 0.007361
2026-05-18 13:38: Train Epoch 470: 80/87 Loss: 0.026599
2026-05-18 13:38: **********Train Epoch 470: averaged Loss: 0.008721
2026-05-18 13:38: **********Val Epoch 470: average Loss: 0.046127
2026-05-18 13:38: Train Epoch 471: 0/87 Loss: 0.058539
2026-05-18 13:38: Train Epoch 471: 20/87 Loss: 0.005450
2026-05-18 13:38: Train Epoch 471: 40/87 Loss: 0.004576
2026-05-18 13:38: Train Epoch 471: 60/87 Loss: 0.003297
2026-05-18 13:38: Train Epoch 471: 80/87 Loss: 0.014883
2026-05-18 13:38: **********Train Epoch 471: averaged Loss: 0.010145
2026-05-18 13:38: **********Val Epoch 471: average Loss: 0.028243
2026-05-18 13:38: Train Epoch 472: 0/87 Loss: 0.019511
2026-05-18 13:38: Train Epoch 472: 20/87 Loss: 0.003612
2026-05-18 13:38: Train Epoch 472: 40/87 Loss: 0.003652
2026-05-18 13:38: Train Epoch 472: 60/87 Loss: 0.004375
2026-05-18 13:38: Train Epoch 472: 80/87 Loss: 0.013922
2026-05-18 13:38: **********Train Epoch 472: averaged Loss: 0.005920
2026-05-18 13:38: **********Val Epoch 472: average Loss: 0.018640
2026-05-18 13:38: Train Epoch 473: 0/87 Loss: 0.037526
2026-05-18 13:38: Train Epoch 473: 20/87 Loss: 0.006580
2026-05-18 13:38: Train Epoch 473: 40/87 Loss: 0.002968
2026-05-18 13:38: Train Epoch 473: 60/87 Loss: 0.005126
2026-05-18 13:38: Train Epoch 473: 80/87 Loss: 0.014784
2026-05-18 13:38: **********Train Epoch 473: averaged Loss: 0.006971
2026-05-18 13:38: **********Val Epoch 473: average Loss: 0.024766
2026-05-18 13:38: Train Epoch 474: 0/87 Loss: 0.007817
2026-05-18 13:38: Train Epoch 474: 20/87 Loss: 0.005444
2026-05-18 13:38: Train Epoch 474: 40/87 Loss: 0.003353
2026-05-18 13:38: Train Epoch 474: 60/87 Loss: 0.003030
2026-05-18 13:38: Train Epoch 474: 80/87 Loss: 0.014364
2026-05-18 13:38: **********Train Epoch 474: averaged Loss: 0.005205
2026-05-18 13:38: **********Val Epoch 474: average Loss: 0.024173
2026-05-18 13:38: Train Epoch 475: 0/87 Loss: 0.014639
2026-05-18 13:38: Train Epoch 475: 20/87 Loss: 0.003788
2026-05-18 13:38: Train Epoch 475: 40/87 Loss: 0.002680
2026-05-18 13:38: Train Epoch 475: 60/87 Loss: 0.004046
2026-05-18 13:38: Train Epoch 475: 80/87 Loss: 0.027705
2026-05-18 13:38: **********Train Epoch 475: averaged Loss: 0.007444
2026-05-18 13:38: **********Val Epoch 475: average Loss: 0.012192
2026-05-18 13:38: Train Epoch 476: 0/87 Loss: 0.027757
2026-05-18 13:38: Train Epoch 476: 20/87 Loss: 0.002170
2026-05-18 13:38: Train Epoch 476: 40/87 Loss: 0.003022
2026-05-18 13:38: Train Epoch 476: 60/87 Loss: 0.007839
2026-05-18 13:38: Train Epoch 476: 80/87 Loss: 0.015782
2026-05-18 13:38: **********Train Epoch 476: averaged Loss: 0.006001
2026-05-18 13:38: **********Val Epoch 476: average Loss: 0.021650
2026-05-18 13:38: Train Epoch 477: 0/87 Loss: 0.015124
2026-05-18 13:38: Train Epoch 477: 20/87 Loss: 0.002179
2026-05-18 13:38: Train Epoch 477: 40/87 Loss: 0.003418
2026-05-18 13:38: Train Epoch 477: 60/87 Loss: 0.003359
2026-05-18 13:38: Train Epoch 477: 80/87 Loss: 0.015147
2026-05-18 13:38: **********Train Epoch 477: averaged Loss: 0.005488
2026-05-18 13:38: **********Val Epoch 477: average Loss: 0.011800
2026-05-18 13:38: Train Epoch 478: 0/87 Loss: 0.042049
2026-05-18 13:38: Train Epoch 478: 20/87 Loss: 0.008035
2026-05-18 13:38: Train Epoch 478: 40/87 Loss: 0.003852
2026-05-18 13:38: Train Epoch 478: 60/87 Loss: 0.001778
2026-05-18 13:38: Train Epoch 478: 80/87 Loss: 0.014422
2026-05-18 13:38: **********Train Epoch 478: averaged Loss: 0.007578
2026-05-18 13:38: **********Val Epoch 478: average Loss: 0.024878
2026-05-18 13:38: Train Epoch 479: 0/87 Loss: 0.018532
2026-05-18 13:38: Train Epoch 479: 20/87 Loss: 0.004850
2026-05-18 13:38: Train Epoch 479: 40/87 Loss: 0.003272
2026-05-18 13:38: Train Epoch 479: 60/87 Loss: 0.003235
2026-05-18 13:38: Train Epoch 479: 80/87 Loss: 0.015903
2026-05-18 13:38: **********Train Epoch 479: averaged Loss: 0.005028
2026-05-18 13:38: **********Val Epoch 479: average Loss: 0.040895
2026-05-18 13:38: Train Epoch 480: 0/87 Loss: 0.003991
2026-05-18 13:38: Train Epoch 480: 20/87 Loss: 0.002400
2026-05-18 13:38: Train Epoch 480: 40/87 Loss: 0.002758
2026-05-18 13:38: Train Epoch 480: 60/87 Loss: 0.002461
2026-05-18 13:38: Train Epoch 480: 80/87 Loss: 0.017600
2026-05-18 13:38: **********Train Epoch 480: averaged Loss: 0.004803
2026-05-18 13:38: **********Val Epoch 480: average Loss: 0.014384
2026-05-18 13:38: Train Epoch 481: 0/87 Loss: 0.017350
2026-05-18 13:38: Train Epoch 481: 20/87 Loss: 0.004040
2026-05-18 13:38: Train Epoch 481: 40/87 Loss: 0.003064
2026-05-18 13:38: Train Epoch 481: 60/87 Loss: 0.007547
2026-05-18 13:38: Train Epoch 481: 80/87 Loss: 0.031787
2026-05-18 13:38: **********Train Epoch 481: averaged Loss: 0.006648
2026-05-18 13:38: **********Val Epoch 481: average Loss: 0.025150
2026-05-18 13:38: Train Epoch 482: 0/87 Loss: 0.050763
2026-05-18 13:38: Train Epoch 482: 20/87 Loss: 0.007441
2026-05-18 13:38: Train Epoch 482: 40/87 Loss: 0.004542
2026-05-18 13:38: Train Epoch 482: 60/87 Loss: 0.001572
2026-05-18 13:38: Train Epoch 482: 80/87 Loss: 0.015076
2026-05-18 13:38: **********Train Epoch 482: averaged Loss: 0.008968
2026-05-18 13:38: **********Val Epoch 482: average Loss: 0.020158
2026-05-18 13:38: Train Epoch 483: 0/87 Loss: 0.006490
2026-05-18 13:38: Train Epoch 483: 20/87 Loss: 0.006869
2026-05-18 13:39: Train Epoch 483: 40/87 Loss: 0.004651
2026-05-18 13:39: Train Epoch 483: 60/87 Loss: 0.004278
2026-05-18 13:39: Train Epoch 483: 80/87 Loss: 0.013825
2026-05-18 13:39: **********Train Epoch 483: averaged Loss: 0.004582
2026-05-18 13:39: **********Val Epoch 483: average Loss: 0.010828
2026-05-18 13:39: Train Epoch 484: 0/87 Loss: 0.009148
2026-05-18 13:39: Train Epoch 484: 20/87 Loss: 0.006076
2026-05-18 13:39: Train Epoch 484: 40/87 Loss: 0.003259
2026-05-18 13:39: Train Epoch 484: 60/87 Loss: 0.003063
2026-05-18 13:39: Train Epoch 484: 80/87 Loss: 0.020045
2026-05-18 13:39: **********Train Epoch 484: averaged Loss: 0.005747
2026-05-18 13:39: **********Val Epoch 484: average Loss: 0.010974
2026-05-18 13:39: Train Epoch 485: 0/87 Loss: 0.014012
2026-05-18 13:39: Train Epoch 485: 20/87 Loss: 0.008916
2026-05-18 13:39: Train Epoch 485: 40/87 Loss: 0.004643
2026-05-18 13:39: Train Epoch 485: 60/87 Loss: 0.009825
2026-05-18 13:39: Train Epoch 485: 80/87 Loss: 0.034042
2026-05-18 13:39: **********Train Epoch 485: averaged Loss: 0.007380
2026-05-18 13:39: **********Val Epoch 485: average Loss: 0.019190
2026-05-18 13:39: Train Epoch 486: 0/87 Loss: 0.058324
2026-05-18 13:39: Train Epoch 486: 20/87 Loss: 0.004295
2026-05-18 13:39: Train Epoch 486: 40/87 Loss: 0.003009
2026-05-18 13:39: Train Epoch 486: 60/87 Loss: 0.003295
2026-05-18 13:39: Train Epoch 486: 80/87 Loss: 0.019428
2026-05-18 13:39: **********Train Epoch 486: averaged Loss: 0.010974
2026-05-18 13:39: **********Val Epoch 486: average Loss: 0.013104
2026-05-18 13:39: Train Epoch 487: 0/87 Loss: 0.009658
2026-05-18 13:39: Train Epoch 487: 20/87 Loss: 0.005257
2026-05-18 13:39: Train Epoch 487: 40/87 Loss: 0.003334
2026-05-18 13:39: Train Epoch 487: 60/87 Loss: 0.001856
2026-05-18 13:39: Train Epoch 487: 80/87 Loss: 0.014620
2026-05-18 13:39: **********Train Epoch 487: averaged Loss: 0.005118
2026-05-18 13:39: **********Val Epoch 487: average Loss: 0.016851
2026-05-18 13:39: Train Epoch 488: 0/87 Loss: 0.024269
2026-05-18 13:39: Train Epoch 488: 20/87 Loss: 0.006168
2026-05-18 13:39: Train Epoch 488: 40/87 Loss: 0.002645
2026-05-18 13:39: Train Epoch 488: 60/87 Loss: 0.008406
2026-05-18 13:39: Train Epoch 488: 80/87 Loss: 0.046052
2026-05-18 13:39: **********Train Epoch 488: averaged Loss: 0.011846
2026-05-18 13:39: **********Val Epoch 488: average Loss: 0.031548
2026-05-18 13:39: Train Epoch 489: 0/87 Loss: 0.035334
2026-05-18 13:39: Train Epoch 489: 20/87 Loss: 0.008264
2026-05-18 13:39: Train Epoch 489: 40/87 Loss: 0.002743
2026-05-18 13:39: Train Epoch 489: 60/87 Loss: 0.001746
2026-05-18 13:39: Train Epoch 489: 80/87 Loss: 0.016231
2026-05-18 13:39: **********Train Epoch 489: averaged Loss: 0.010381
2026-05-18 13:39: **********Val Epoch 489: average Loss: 0.010529
2026-05-18 13:39: Train Epoch 490: 0/87 Loss: 0.059377
2026-05-18 13:39: Train Epoch 490: 20/87 Loss: 0.015808
2026-05-18 13:39: Train Epoch 490: 40/87 Loss: 0.009517
2026-05-18 13:39: Train Epoch 490: 60/87 Loss: 0.004226
2026-05-18 13:39: Train Epoch 490: 80/87 Loss: 0.058949
2026-05-18 13:39: **********Train Epoch 490: averaged Loss: 0.016486
2026-05-18 13:39: **********Val Epoch 490: average Loss: 0.038049
2026-05-18 13:39: Train Epoch 491: 0/87 Loss: 0.112422
2026-05-18 13:39: Train Epoch 491: 20/87 Loss: 0.006091
2026-05-18 13:39: Train Epoch 491: 40/87 Loss: 0.005126
2026-05-18 13:39: Train Epoch 491: 60/87 Loss: 0.006042
2026-05-18 13:39: Train Epoch 491: 80/87 Loss: 0.034660
2026-05-18 13:39: **********Train Epoch 491: averaged Loss: 0.016599
2026-05-18 13:39: **********Val Epoch 491: average Loss: 0.024874
2026-05-18 13:39: Train Epoch 492: 0/87 Loss: 0.052456
2026-05-18 13:39: Train Epoch 492: 20/87 Loss: 0.016383
2026-05-18 13:39: Train Epoch 492: 40/87 Loss: 0.003050
2026-05-18 13:39: Train Epoch 492: 60/87 Loss: 0.002423
2026-05-18 13:39: Train Epoch 492: 80/87 Loss: 0.017920
2026-05-18 13:39: **********Train Epoch 492: averaged Loss: 0.010349
2026-05-18 13:39: **********Val Epoch 492: average Loss: 0.007405
2026-05-18 13:39: Train Epoch 493: 0/87 Loss: 0.020894
2026-05-18 13:39: Train Epoch 493: 20/87 Loss: 0.007223
2026-05-18 13:39: Train Epoch 493: 40/87 Loss: 0.004152
2026-05-18 13:39: Train Epoch 493: 60/87 Loss: 0.008978
2026-05-18 13:39: Train Epoch 493: 80/87 Loss: 0.020374
2026-05-18 13:39: **********Train Epoch 493: averaged Loss: 0.007997
2026-05-18 13:39: **********Val Epoch 493: average Loss: 0.025247
2026-05-18 13:39: Train Epoch 494: 0/87 Loss: 0.040324
2026-05-18 13:39: Train Epoch 494: 20/87 Loss: 0.010612
2026-05-18 13:39: Train Epoch 494: 40/87 Loss: 0.007218
2026-05-18 13:39: Train Epoch 494: 60/87 Loss: 0.001423
2026-05-18 13:39: Train Epoch 494: 80/87 Loss: 0.021750
2026-05-18 13:39: **********Train Epoch 494: averaged Loss: 0.010077
2026-05-18 13:39: **********Val Epoch 494: average Loss: 0.006674
2026-05-18 13:39: Train Epoch 495: 0/87 Loss: 0.035492
2026-05-18 13:39: Train Epoch 495: 20/87 Loss: 0.010404
2026-05-18 13:39: Train Epoch 495: 40/87 Loss: 0.004093
2026-05-18 13:39: Train Epoch 495: 60/87 Loss: 0.003342
2026-05-18 13:39: Train Epoch 495: 80/87 Loss: 0.044349
2026-05-18 13:39: **********Train Epoch 495: averaged Loss: 0.012767
2026-05-18 13:39: **********Val Epoch 495: average Loss: 0.036965
2026-05-18 13:39: Train Epoch 496: 0/87 Loss: 0.081482
2026-05-18 13:39: Train Epoch 496: 20/87 Loss: 0.010598
2026-05-18 13:39: Train Epoch 496: 40/87 Loss: 0.005093
2026-05-18 13:39: Train Epoch 496: 60/87 Loss: 0.001857
2026-05-18 13:39: Train Epoch 496: 80/87 Loss: 0.033205
2026-05-18 13:39: **********Train Epoch 496: averaged Loss: 0.012892
2026-05-18 13:39: **********Val Epoch 496: average Loss: 0.027201
2026-05-18 13:39: Train Epoch 497: 0/87 Loss: 0.045204
2026-05-18 13:39: Train Epoch 497: 20/87 Loss: 0.010413
2026-05-18 13:39: Train Epoch 497: 40/87 Loss: 0.004855
2026-05-18 13:39: Train Epoch 497: 60/87 Loss: 0.005902
2026-05-18 13:39: Train Epoch 497: 80/87 Loss: 0.026706
2026-05-18 13:39: **********Train Epoch 497: averaged Loss: 0.010975
2026-05-18 13:39: **********Val Epoch 497: average Loss: 0.017794
2026-05-18 13:39: Train Epoch 498: 0/87 Loss: 0.013470
2026-05-18 13:39: Train Epoch 498: 20/87 Loss: 0.002914
2026-05-18 13:39: Train Epoch 498: 40/87 Loss: 0.006889
2026-05-18 13:39: Train Epoch 498: 60/87 Loss: 0.004480
2026-05-18 13:39: Train Epoch 498: 80/87 Loss: 0.019280
2026-05-18 13:39: **********Train Epoch 498: averaged Loss: 0.007918
2026-05-18 13:39: **********Val Epoch 498: average Loss: 0.006708
2026-05-18 13:39: Train Epoch 499: 0/87 Loss: 0.049397
2026-05-18 13:39: Train Epoch 499: 20/87 Loss: 0.008418
2026-05-18 13:39: Train Epoch 499: 40/87 Loss: 0.006241
2026-05-18 13:40: Train Epoch 499: 60/87 Loss: 0.004506
2026-05-18 13:40: Train Epoch 499: 80/87 Loss: 0.049507
2026-05-18 13:40: **********Train Epoch 499: averaged Loss: 0.013997
2026-05-18 13:40: **********Val Epoch 499: average Loss: 0.036126
2026-05-18 13:40: Train Epoch 500: 0/87 Loss: 0.086824
2026-05-18 13:40: Train Epoch 500: 20/87 Loss: 0.009370
2026-05-18 13:40: Train Epoch 500: 40/87 Loss: 0.009141
2026-05-18 13:40: Train Epoch 500: 60/87 Loss: 0.004661
2026-05-18 13:40: Train Epoch 500: 80/87 Loss: 0.040917
2026-05-18 13:40: **********Train Epoch 500: averaged Loss: 0.015041
2026-05-18 13:40: **********Val Epoch 500: average Loss: 0.038052
2026-05-18 13:40: Train Epoch 501: 0/87 Loss: 0.067989
2026-05-18 13:40: Train Epoch 501: 20/87 Loss: 0.002876
2026-05-18 13:40: Train Epoch 501: 40/87 Loss: 0.003051
2026-05-18 13:40: Train Epoch 501: 60/87 Loss: 0.005863
2026-05-18 13:40: Train Epoch 501: 80/87 Loss: 0.014067
2026-05-18 13:40: **********Train Epoch 501: averaged Loss: 0.010162
2026-05-18 13:40: **********Val Epoch 501: average Loss: 0.013815
2026-05-18 13:40: Train Epoch 502: 0/87 Loss: 0.030645
2026-05-18 13:40: Train Epoch 502: 20/87 Loss: 0.003924
2026-05-18 13:40: Train Epoch 502: 40/87 Loss: 0.003855
2026-05-18 13:40: Train Epoch 502: 60/87 Loss: 0.002878
2026-05-18 13:40: Train Epoch 502: 80/87 Loss: 0.020782
2026-05-18 13:40: **********Train Epoch 502: averaged Loss: 0.006432
2026-05-18 13:40: **********Val Epoch 502: average Loss: 0.007377
2026-05-18 13:40: Train Epoch 503: 0/87 Loss: 0.012581
2026-05-18 13:40: Train Epoch 503: 20/87 Loss: 0.005863
2026-05-18 13:40: Train Epoch 503: 40/87 Loss: 0.003539
2026-05-18 13:40: Train Epoch 503: 60/87 Loss: 0.005489
2026-05-18 13:40: Train Epoch 503: 80/87 Loss: 0.015685
2026-05-18 13:40: **********Train Epoch 503: averaged Loss: 0.005953
2026-05-18 13:40: **********Val Epoch 503: average Loss: 0.015397
2026-05-18 13:40: Train Epoch 504: 0/87 Loss: 0.039411
2026-05-18 13:40: Train Epoch 504: 20/87 Loss: 0.009076
2026-05-18 13:40: Train Epoch 504: 40/87 Loss: 0.004350
2026-05-18 13:40: Train Epoch 504: 60/87 Loss: 0.003073
2026-05-18 13:40: Train Epoch 504: 80/87 Loss: 0.028299
2026-05-18 13:40: **********Train Epoch 504: averaged Loss: 0.009503
2026-05-18 13:40: **********Val Epoch 504: average Loss: 0.026574
2026-05-18 13:40: Train Epoch 505: 0/87 Loss: 0.060214
2026-05-18 13:40: Train Epoch 505: 20/87 Loss: 0.002193
2026-05-18 13:40: Train Epoch 505: 40/87 Loss: 0.003685
2026-05-18 13:40: Train Epoch 505: 60/87 Loss: 0.001935
2026-05-18 13:40: Train Epoch 505: 80/87 Loss: 0.021345
2026-05-18 13:40: **********Train Epoch 505: averaged Loss: 0.012905
2026-05-18 13:40: **********Val Epoch 505: average Loss: 0.038870
2026-05-18 13:40: Train Epoch 506: 0/87 Loss: 0.014629
2026-05-18 13:40: Train Epoch 506: 20/87 Loss: 0.002564
2026-05-18 13:40: Train Epoch 506: 40/87 Loss: 0.007065
2026-05-18 13:40: Train Epoch 506: 60/87 Loss: 0.013486
2026-05-18 13:40: Train Epoch 506: 80/87 Loss: 0.018148
2026-05-18 13:40: **********Train Epoch 506: averaged Loss: 0.008100
2026-05-18 13:40: **********Val Epoch 506: average Loss: 0.018610
2026-05-18 13:40: Train Epoch 507: 0/87 Loss: 0.032064
2026-05-18 13:40: Train Epoch 507: 20/87 Loss: 0.007388
2026-05-18 13:40: Train Epoch 507: 40/87 Loss: 0.005113
2026-05-18 13:40: Train Epoch 507: 60/87 Loss: 0.002348
2026-05-18 13:40: Train Epoch 507: 80/87 Loss: 0.044393
2026-05-18 13:40: **********Train Epoch 507: averaged Loss: 0.011453
2026-05-18 13:40: **********Val Epoch 507: average Loss: 0.032899
2026-05-18 13:40: Train Epoch 508: 0/87 Loss: 0.078467
2026-05-18 13:40: Train Epoch 508: 20/87 Loss: 0.010549
2026-05-18 13:40: Train Epoch 508: 40/87 Loss: 0.003645
2026-05-18 13:40: Train Epoch 508: 60/87 Loss: 0.003420
2026-05-18 13:40: Train Epoch 508: 80/87 Loss: 0.015653
2026-05-18 13:40: **********Train Epoch 508: averaged Loss: 0.011557
2026-05-18 13:40: **********Val Epoch 508: average Loss: 0.010449
2026-05-18 13:40: Train Epoch 509: 0/87 Loss: 0.031386
2026-05-18 13:40: Train Epoch 509: 20/87 Loss: 0.003970
2026-05-18 13:40: Train Epoch 509: 40/87 Loss: 0.002704
2026-05-18 13:40: Train Epoch 509: 60/87 Loss: 0.003759
2026-05-18 13:40: Train Epoch 509: 80/87 Loss: 0.039145
2026-05-18 13:40: **********Train Epoch 509: averaged Loss: 0.009684
2026-05-18 13:40: **********Val Epoch 509: average Loss: 0.014725
2026-05-18 13:40: Train Epoch 510: 0/87 Loss: 0.046838
2026-05-18 13:40: Train Epoch 510: 20/87 Loss: 0.009153
2026-05-18 13:40: Train Epoch 510: 40/87 Loss: 0.002769
2026-05-18 13:40: Train Epoch 510: 60/87 Loss: 0.009299
2026-05-18 13:40: Train Epoch 510: 80/87 Loss: 0.029354
2026-05-18 13:40: **********Train Epoch 510: averaged Loss: 0.011396
2026-05-18 13:40: **********Val Epoch 510: average Loss: 0.017099
2026-05-18 13:40: Train Epoch 511: 0/87 Loss: 0.041492
2026-05-18 13:40: Train Epoch 511: 20/87 Loss: 0.004779
2026-05-18 13:40: Train Epoch 511: 40/87 Loss: 0.004400
2026-05-18 13:40: Train Epoch 511: 60/87 Loss: 0.003941
2026-05-18 13:40: Train Epoch 511: 80/87 Loss: 0.043469
2026-05-18 13:40: **********Train Epoch 511: averaged Loss: 0.011767
2026-05-18 13:40: **********Val Epoch 511: average Loss: 0.033912
2026-05-18 13:40: Train Epoch 512: 0/87 Loss: 0.068926
2026-05-18 13:40: Train Epoch 512: 20/87 Loss: 0.004925
2026-05-18 13:40: Train Epoch 512: 40/87 Loss: 0.003620
2026-05-18 13:40: Train Epoch 512: 60/87 Loss: 0.005517
2026-05-18 13:40: Train Epoch 512: 80/87 Loss: 0.013033
2026-05-18 13:40: **********Train Epoch 512: averaged Loss: 0.010409
2026-05-18 13:40: **********Val Epoch 512: average Loss: 0.011856
2026-05-18 13:40: Train Epoch 513: 0/87 Loss: 0.025541
2026-05-18 13:40: Train Epoch 513: 20/87 Loss: 0.002278
2026-05-18 13:40: Train Epoch 513: 40/87 Loss: 0.003856
2026-05-18 13:40: Train Epoch 513: 60/87 Loss: 0.002937
2026-05-18 13:40: Train Epoch 513: 80/87 Loss: 0.016372
2026-05-18 13:40: **********Train Epoch 513: averaged Loss: 0.006190
2026-05-18 13:40: **********Val Epoch 513: average Loss: 0.014968
2026-05-18 13:40: Train Epoch 514: 0/87 Loss: 0.005496
2026-05-18 13:40: Train Epoch 514: 20/87 Loss: 0.002736
2026-05-18 13:40: Train Epoch 514: 40/87 Loss: 0.002769
2026-05-18 13:40: Train Epoch 514: 60/87 Loss: 0.002233
2026-05-18 13:41: Train Epoch 514: 80/87 Loss: 0.014117
2026-05-18 13:41: **********Train Epoch 514: averaged Loss: 0.003944
2026-05-18 13:41: **********Val Epoch 514: average Loss: 0.022117
2026-05-18 13:41: Train Epoch 515: 0/87 Loss: 0.019615
2026-05-18 13:41: Train Epoch 515: 20/87 Loss: 0.002867
2026-05-18 13:41: Train Epoch 515: 40/87 Loss: 0.002938
2026-05-18 13:41: Train Epoch 515: 60/87 Loss: 0.001712
2026-05-18 13:41: Train Epoch 515: 80/87 Loss: 0.013871
2026-05-18 13:41: **********Train Epoch 515: averaged Loss: 0.005382
2026-05-18 13:41: **********Val Epoch 515: average Loss: 0.019706
2026-05-18 13:41: Train Epoch 516: 0/87 Loss: 0.008402
2026-05-18 13:41: Train Epoch 516: 20/87 Loss: 0.004429
2026-05-18 13:41: Train Epoch 516: 40/87 Loss: 0.003041
2026-05-18 13:41: Train Epoch 516: 60/87 Loss: 0.008017
2026-05-18 13:41: Train Epoch 516: 80/87 Loss: 0.017563
2026-05-18 13:41: **********Train Epoch 516: averaged Loss: 0.006118
2026-05-18 13:41: **********Val Epoch 516: average Loss: 0.017973
2026-05-18 13:41: Train Epoch 517: 0/87 Loss: 0.014854
2026-05-18 13:41: Train Epoch 517: 20/87 Loss: 0.005221
2026-05-18 13:41: Train Epoch 517: 40/87 Loss: 0.003109
2026-05-18 13:41: Train Epoch 517: 60/87 Loss: 0.004054
2026-05-18 13:41: Train Epoch 517: 80/87 Loss: 0.017020
2026-05-18 13:41: **********Train Epoch 517: averaged Loss: 0.005504
2026-05-18 13:41: **********Val Epoch 517: average Loss: 0.014064
2026-05-18 13:41: Train Epoch 518: 0/87 Loss: 0.029679
2026-05-18 13:41: Train Epoch 518: 20/87 Loss: 0.002161
2026-05-18 13:41: Train Epoch 518: 40/87 Loss: 0.004641
2026-05-18 13:41: Train Epoch 518: 60/87 Loss: 0.003039
2026-05-18 13:41: Train Epoch 518: 80/87 Loss: 0.023233
2026-05-18 13:41: **********Train Epoch 518: averaged Loss: 0.008353
2026-05-18 13:41: **********Val Epoch 518: average Loss: 0.008522
2026-05-18 13:41: Train Epoch 519: 0/87 Loss: 0.012362
2026-05-18 13:41: Train Epoch 519: 20/87 Loss: 0.002272
2026-05-18 13:41: Train Epoch 519: 40/87 Loss: 0.003525
2026-05-18 13:41: Train Epoch 519: 60/87 Loss: 0.003648
2026-05-18 13:41: Train Epoch 519: 80/87 Loss: 0.027202
2026-05-18 13:41: **********Train Epoch 519: averaged Loss: 0.006417
2026-05-18 13:41: **********Val Epoch 519: average Loss: 0.006554
2026-05-18 13:41: Train Epoch 520: 0/87 Loss: 0.053688
2026-05-18 13:41: Train Epoch 520: 20/87 Loss: 0.009600
2026-05-18 13:41: Train Epoch 520: 40/87 Loss: 0.003425
2026-05-18 13:41: Train Epoch 520: 60/87 Loss: 0.002972
2026-05-18 13:41: Train Epoch 520: 80/87 Loss: 0.046582
2026-05-18 13:41: **********Train Epoch 520: averaged Loss: 0.012055
2026-05-18 13:41: **********Val Epoch 520: average Loss: 0.035188
2026-05-18 13:41: Train Epoch 521: 0/87 Loss: 0.077451
2026-05-18 13:41: Train Epoch 521: 20/87 Loss: 0.007184
2026-05-18 13:41: Train Epoch 521: 40/87 Loss: 0.003818
2026-05-18 13:41: Train Epoch 521: 60/87 Loss: 0.006564
2026-05-18 13:41: Train Epoch 521: 80/87 Loss: 0.013477
2026-05-18 13:41: **********Train Epoch 521: averaged Loss: 0.011805
2026-05-18 13:41: **********Val Epoch 521: average Loss: 0.006697
2026-05-18 13:41: Train Epoch 522: 0/87 Loss: 0.033887
2026-05-18 13:41: Train Epoch 522: 20/87 Loss: 0.009143
2026-05-18 13:41: Train Epoch 522: 40/87 Loss: 0.004617
2026-05-18 13:41: Train Epoch 522: 60/87 Loss: 0.008431
2026-05-18 13:41: Train Epoch 522: 80/87 Loss: 0.025662
2026-05-18 13:41: **********Train Epoch 522: averaged Loss: 0.009100
2026-05-18 13:41: **********Val Epoch 522: average Loss: 0.013689
2026-05-18 13:41: Train Epoch 523: 0/87 Loss: 0.044149
2026-05-18 13:41: Train Epoch 523: 20/87 Loss: 0.008194
2026-05-18 13:41: Train Epoch 523: 40/87 Loss: 0.003960
2026-05-18 13:41: Train Epoch 523: 60/87 Loss: 0.002760
2026-05-18 13:41: Train Epoch 523: 80/87 Loss: 0.018549
2026-05-18 13:41: **********Train Epoch 523: averaged Loss: 0.007905
2026-05-18 13:41: **********Val Epoch 523: average Loss: 0.040397
2026-05-18 13:41: Train Epoch 524: 0/87 Loss: 0.011326
2026-05-18 13:41: Train Epoch 524: 20/87 Loss: 0.005529
2026-05-18 13:41: Train Epoch 524: 40/87 Loss: 0.003130
2026-05-18 13:41: Train Epoch 524: 60/87 Loss: 0.002604
2026-05-18 13:41: Train Epoch 524: 80/87 Loss: 0.013200
2026-05-18 13:41: **********Train Epoch 524: averaged Loss: 0.005065
2026-05-18 13:41: **********Val Epoch 524: average Loss: 0.008941
2026-05-18 13:41: Train Epoch 525: 0/87 Loss: 0.008440
2026-05-18 13:41: Train Epoch 525: 20/87 Loss: 0.002120
2026-05-18 13:41: Train Epoch 525: 40/87 Loss: 0.006579
2026-05-18 13:41: Train Epoch 525: 60/87 Loss: 0.003324
2026-05-18 13:41: Train Epoch 525: 80/87 Loss: 0.015938
2026-05-18 13:41: **********Train Epoch 525: averaged Loss: 0.005960
2026-05-18 13:41: **********Val Epoch 525: average Loss: 0.020217
2026-05-18 13:41: Train Epoch 526: 0/87 Loss: 0.040344
2026-05-18 13:41: Train Epoch 526: 20/87 Loss: 0.014186
2026-05-18 13:41: Train Epoch 526: 40/87 Loss: 0.004120
2026-05-18 13:41: Train Epoch 526: 60/87 Loss: 0.010508
2026-05-18 13:41: Train Epoch 526: 80/87 Loss: 0.039063
2026-05-18 13:41: **********Train Epoch 526: averaged Loss: 0.011613
2026-05-18 13:41: **********Val Epoch 526: average Loss: 0.010087
2026-05-18 13:41: Train Epoch 527: 0/87 Loss: 0.042524
2026-05-18 13:41: Train Epoch 527: 20/87 Loss: 0.014260
2026-05-18 13:41: Train Epoch 527: 40/87 Loss: 0.002730
2026-05-18 13:41: Train Epoch 527: 60/87 Loss: 0.005832
2026-05-18 13:41: Train Epoch 527: 80/87 Loss: 0.024430
2026-05-18 13:41: **********Train Epoch 527: averaged Loss: 0.010677
2026-05-18 13:41: **********Val Epoch 527: average Loss: 0.030462
2026-05-18 13:41: Train Epoch 528: 0/87 Loss: 0.017381
2026-05-18 13:41: Train Epoch 528: 20/87 Loss: 0.004908
2026-05-18 13:41: Train Epoch 528: 40/87 Loss: 0.003025
2026-05-18 13:41: Train Epoch 528: 60/87 Loss: 0.003438
2026-05-18 13:41: Train Epoch 528: 80/87 Loss: 0.014143
2026-05-18 13:41: **********Train Epoch 528: averaged Loss: 0.006565
2026-05-18 13:41: **********Val Epoch 528: average Loss: 0.007510
2026-05-18 13:41: Train Epoch 529: 0/87 Loss: 0.024078
2026-05-18 13:41: Train Epoch 529: 20/87 Loss: 0.002247
2026-05-18 13:41: Train Epoch 529: 40/87 Loss: 0.002951
2026-05-18 13:41: Train Epoch 529: 60/87 Loss: 0.004714
2026-05-18 13:41: Train Epoch 529: 80/87 Loss: 0.014692
2026-05-18 13:41: **********Train Epoch 529: averaged Loss: 0.005555
2026-05-18 13:41: **********Val Epoch 529: average Loss: 0.014917
2026-05-18 13:41: Train Epoch 530: 0/87 Loss: 0.008117
2026-05-18 13:41: Train Epoch 530: 20/87 Loss: 0.008131
2026-05-18 13:41: Train Epoch 530: 40/87 Loss: 0.003688
2026-05-18 13:41: Train Epoch 530: 60/87 Loss: 0.006080
2026-05-18 13:41: Train Epoch 530: 80/87 Loss: 0.019049
2026-05-18 13:41: **********Train Epoch 530: averaged Loss: 0.006444
2026-05-18 13:41: **********Val Epoch 530: average Loss: 0.025511
2026-05-18 13:41: Train Epoch 531: 0/87 Loss: 0.042606
2026-05-18 13:41: Train Epoch 531: 20/87 Loss: 0.002649
2026-05-18 13:42: Train Epoch 531: 40/87 Loss: 0.003329
2026-05-18 13:42: Train Epoch 531: 60/87 Loss: 0.005590
2026-05-18 13:42: Train Epoch 531: 80/87 Loss: 0.016534
2026-05-18 13:42: **********Train Epoch 531: averaged Loss: 0.010669
2026-05-18 13:42: **********Val Epoch 531: average Loss: 0.014716
2026-05-18 13:42: Train Epoch 532: 0/87 Loss: 0.013185
2026-05-18 13:42: Train Epoch 532: 20/87 Loss: 0.002505
2026-05-18 13:42: Train Epoch 532: 40/87 Loss: 0.007766
2026-05-18 13:42: Train Epoch 532: 60/87 Loss: 0.006263
2026-05-18 13:42: Train Epoch 532: 80/87 Loss: 0.014777
2026-05-18 13:42: **********Train Epoch 532: averaged Loss: 0.006460
2026-05-18 13:42: **********Val Epoch 532: average Loss: 0.007110
2026-05-18 13:42: Train Epoch 533: 0/87 Loss: 0.008648
2026-05-18 13:42: Train Epoch 533: 20/87 Loss: 0.006521
2026-05-18 13:42: Train Epoch 533: 40/87 Loss: 0.003836
2026-05-18 13:42: Train Epoch 533: 60/87 Loss: 0.009634
2026-05-18 13:42: Train Epoch 533: 80/87 Loss: 0.024288
2026-05-18 13:42: **********Train Epoch 533: averaged Loss: 0.006464
2026-05-18 13:42: **********Val Epoch 533: average Loss: 0.021488
2026-05-18 13:42: Train Epoch 534: 0/87 Loss: 0.044604
2026-05-18 13:42: Train Epoch 534: 20/87 Loss: 0.011059
2026-05-18 13:42: Train Epoch 534: 40/87 Loss: 0.003671
2026-05-18 13:42: Train Epoch 534: 60/87 Loss: 0.008209
2026-05-18 13:42: Train Epoch 534: 80/87 Loss: 0.029321
2026-05-18 13:42: **********Train Epoch 534: averaged Loss: 0.012704
2026-05-18 13:42: **********Val Epoch 534: average Loss: 0.022717
2026-05-18 13:42: Train Epoch 535: 0/87 Loss: 0.041911
2026-05-18 13:42: Train Epoch 535: 20/87 Loss: 0.012087
2026-05-18 13:42: Train Epoch 535: 40/87 Loss: 0.003613
2026-05-18 13:42: Train Epoch 535: 60/87 Loss: 0.002926
2026-05-18 13:42: Train Epoch 535: 80/87 Loss: 0.020914
2026-05-18 13:42: **********Train Epoch 535: averaged Loss: 0.009997
2026-05-18 13:42: **********Val Epoch 535: average Loss: 0.009116
2026-05-18 13:42: Train Epoch 536: 0/87 Loss: 0.013058
2026-05-18 13:42: Train Epoch 536: 20/87 Loss: 0.004405
2026-05-18 13:42: Train Epoch 536: 40/87 Loss: 0.002787
2026-05-18 13:42: Train Epoch 536: 60/87 Loss: 0.004324
2026-05-18 13:42: Train Epoch 536: 80/87 Loss: 0.015652
2026-05-18 13:42: **********Train Epoch 536: averaged Loss: 0.004664
2026-05-18 13:42: **********Val Epoch 536: average Loss: 0.016905
2026-05-18 13:42: Train Epoch 537: 0/87 Loss: 0.027493
2026-05-18 13:42: Train Epoch 537: 20/87 Loss: 0.003362
2026-05-18 13:42: Train Epoch 537: 40/87 Loss: 0.002938
2026-05-18 13:42: Train Epoch 537: 60/87 Loss: 0.001236
2026-05-18 13:42: Train Epoch 537: 80/87 Loss: 0.012863
2026-05-18 13:42: **********Train Epoch 537: averaged Loss: 0.005376
2026-05-18 13:42: **********Val Epoch 537: average Loss: 0.012190
2026-05-18 13:42: Train Epoch 538: 0/87 Loss: 0.004589
2026-05-18 13:42: Train Epoch 538: 20/87 Loss: 0.006234
2026-05-18 13:42: Train Epoch 538: 40/87 Loss: 0.002775
2026-05-18 13:42: Train Epoch 538: 60/87 Loss: 0.003879
2026-05-18 13:42: Train Epoch 538: 80/87 Loss: 0.023994
2026-05-18 13:42: **********Train Epoch 538: averaged Loss: 0.006412
2026-05-18 13:42: **********Val Epoch 538: average Loss: 0.012836
2026-05-18 13:42: Train Epoch 539: 0/87 Loss: 0.010421
2026-05-18 13:42: Train Epoch 539: 20/87 Loss: 0.003985
2026-05-18 13:42: Train Epoch 539: 40/87 Loss: 0.002735
2026-05-18 13:42: Train Epoch 539: 60/87 Loss: 0.002075
2026-05-18 13:42: Train Epoch 539: 80/87 Loss: 0.015550
2026-05-18 13:42: **********Train Epoch 539: averaged Loss: 0.005222
2026-05-18 13:42: **********Val Epoch 539: average Loss: 0.031466
2026-05-18 13:42: Train Epoch 540: 0/87 Loss: 0.031825
2026-05-18 13:42: Train Epoch 540: 20/87 Loss: 0.006844
2026-05-18 13:42: Train Epoch 540: 40/87 Loss: 0.005945
2026-05-18 13:42: Train Epoch 540: 60/87 Loss: 0.005179
2026-05-18 13:42: Train Epoch 540: 80/87 Loss: 0.021548
2026-05-18 13:42: **********Train Epoch 540: averaged Loss: 0.008985
2026-05-18 13:42: **********Val Epoch 540: average Loss: 0.036613
2026-05-18 13:42: Train Epoch 541: 0/87 Loss: 0.028560
2026-05-18 13:42: Train Epoch 541: 20/87 Loss: 0.007070
2026-05-18 13:42: Train Epoch 541: 40/87 Loss: 0.003587
2026-05-18 13:42: Train Epoch 541: 60/87 Loss: 0.003210
2026-05-18 13:42: Train Epoch 541: 80/87 Loss: 0.017375
2026-05-18 13:42: **********Train Epoch 541: averaged Loss: 0.006820
2026-05-18 13:42: **********Val Epoch 541: average Loss: 0.008107
2026-05-18 13:42: Train Epoch 542: 0/87 Loss: 0.017842
2026-05-18 13:42: Train Epoch 542: 20/87 Loss: 0.010846
2026-05-18 13:42: Train Epoch 542: 40/87 Loss: 0.003011
2026-05-18 13:42: Train Epoch 542: 60/87 Loss: 0.001944
2026-05-18 13:42: Train Epoch 542: 80/87 Loss: 0.038216
2026-05-18 13:42: **********Train Epoch 542: averaged Loss: 0.007492
2026-05-18 13:42: **********Val Epoch 542: average Loss: 0.038010
2026-05-18 13:42: Train Epoch 543: 0/87 Loss: 0.064349
2026-05-18 13:42: Train Epoch 543: 20/87 Loss: 0.004234
2026-05-18 13:42: Train Epoch 543: 40/87 Loss: 0.004114
2026-05-18 13:42: Train Epoch 543: 60/87 Loss: 0.001988
2026-05-18 13:42: Train Epoch 543: 80/87 Loss: 0.016507
2026-05-18 13:42: **********Train Epoch 543: averaged Loss: 0.010427
2026-05-18 13:42: **********Val Epoch 543: average Loss: 0.007134
2026-05-18 13:42: Train Epoch 544: 0/87 Loss: 0.014753
2026-05-18 13:42: Train Epoch 544: 20/87 Loss: 0.003247
2026-05-18 13:42: Train Epoch 544: 40/87 Loss: 0.002574
2026-05-18 13:42: Train Epoch 544: 60/87 Loss: 0.002038
2026-05-18 13:42: Train Epoch 544: 80/87 Loss: 0.023670
2026-05-18 13:42: **********Train Epoch 544: averaged Loss: 0.006587
2026-05-18 13:42: **********Val Epoch 544: average Loss: 0.007009
2026-05-18 13:42: Train Epoch 545: 0/87 Loss: 0.030958
2026-05-18 13:42: Train Epoch 545: 20/87 Loss: 0.007131
2026-05-18 13:42: Train Epoch 545: 40/87 Loss: 0.003198
2026-05-18 13:42: Train Epoch 545: 60/87 Loss: 0.001864
2026-05-18 13:42: Train Epoch 545: 80/87 Loss: 0.018436
2026-05-18 13:42: **********Train Epoch 545: averaged Loss: 0.007017
2026-05-18 13:42: **********Val Epoch 545: average Loss: 0.019979
2026-05-18 13:42: Train Epoch 546: 0/87 Loss: 0.026292
2026-05-18 13:43: Train Epoch 546: 20/87 Loss: 0.005516
2026-05-18 13:43: Train Epoch 546: 40/87 Loss: 0.003491
2026-05-18 13:43: Train Epoch 546: 60/87 Loss: 0.006103
2026-05-18 13:43: Train Epoch 546: 80/87 Loss: 0.030087
2026-05-18 13:43: **********Train Epoch 546: averaged Loss: 0.008676
2026-05-18 13:43: **********Val Epoch 546: average Loss: 0.009778
2026-05-18 13:43: Train Epoch 547: 0/87 Loss: 0.046402
2026-05-18 13:43: Train Epoch 547: 20/87 Loss: 0.009851
2026-05-18 13:43: Train Epoch 547: 40/87 Loss: 0.003436
2026-05-18 13:43: Train Epoch 547: 60/87 Loss: 0.001327
2026-05-18 13:43: Train Epoch 547: 80/87 Loss: 0.020641
2026-05-18 13:43: **********Train Epoch 547: averaged Loss: 0.009460
2026-05-18 13:43: **********Val Epoch 547: average Loss: 0.043027
2026-05-18 13:43: Train Epoch 548: 0/87 Loss: 0.020205
2026-05-18 13:43: Train Epoch 548: 20/87 Loss: 0.002728
2026-05-18 13:43: Train Epoch 548: 40/87 Loss: 0.002937
2026-05-18 13:43: Train Epoch 548: 60/87 Loss: 0.006423
2026-05-18 13:43: Train Epoch 548: 80/87 Loss: 0.017211
2026-05-18 13:43: **********Train Epoch 548: averaged Loss: 0.005979
2026-05-18 13:43: **********Val Epoch 548: average Loss: 0.011525
2026-05-18 13:43: Train Epoch 549: 0/87 Loss: 0.018986
2026-05-18 13:43: Train Epoch 549: 20/87 Loss: 0.008256
2026-05-18 13:43: Train Epoch 549: 40/87 Loss: 0.004732
2026-05-18 13:43: Train Epoch 549: 60/87 Loss: 0.006711
2026-05-18 13:43: Train Epoch 549: 80/87 Loss: 0.041063
2026-05-18 13:43: **********Train Epoch 549: averaged Loss: 0.007673
2026-05-18 13:43: **********Val Epoch 549: average Loss: 0.055248
2026-05-18 13:43: Train Epoch 550: 0/87 Loss: 0.057241
2026-05-18 13:43: Train Epoch 550: 20/87 Loss: 0.011168
2026-05-18 13:43: Train Epoch 550: 40/87 Loss: 0.003596
2026-05-18 13:43: Train Epoch 550: 60/87 Loss: 0.004478
2026-05-18 13:43: Train Epoch 550: 80/87 Loss: 0.015236
2026-05-18 13:43: **********Train Epoch 550: averaged Loss: 0.009663
2026-05-18 13:43: **********Val Epoch 550: average Loss: 0.016577
2026-05-18 13:43: Train Epoch 551: 0/87 Loss: 0.010425
2026-05-18 13:43: Train Epoch 551: 20/87 Loss: 0.002243
2026-05-18 13:43: Train Epoch 551: 40/87 Loss: 0.002736
2026-05-18 13:43: Train Epoch 551: 60/87 Loss: 0.001337
2026-05-18 13:43: Train Epoch 551: 80/87 Loss: 0.014042
2026-05-18 13:43: **********Train Epoch 551: averaged Loss: 0.004714
2026-05-18 13:43: **********Val Epoch 551: average Loss: 0.022173
2026-05-18 13:43: Train Epoch 552: 0/87 Loss: 0.014099
2026-05-18 13:43: Train Epoch 552: 20/87 Loss: 0.005244
2026-05-18 13:43: Train Epoch 552: 40/87 Loss: 0.003305
2026-05-18 13:43: Train Epoch 552: 60/87 Loss: 0.003393
2026-05-18 13:43: Train Epoch 552: 80/87 Loss: 0.022934
2026-05-18 13:43: **********Train Epoch 552: averaged Loss: 0.006765
2026-05-18 13:43: **********Val Epoch 552: average Loss: 0.014942
2026-05-18 13:43: Train Epoch 553: 0/87 Loss: 0.035425
2026-05-18 13:43: Train Epoch 553: 20/87 Loss: 0.002343
2026-05-18 13:43: Train Epoch 553: 40/87 Loss: 0.007849
2026-05-18 13:43: Train Epoch 553: 60/87 Loss: 0.004720
2026-05-18 13:43: Train Epoch 553: 80/87 Loss: 0.013439
2026-05-18 13:43: **********Train Epoch 553: averaged Loss: 0.009436
2026-05-18 13:43: **********Val Epoch 553: average Loss: 0.036305
2026-05-18 13:43: Train Epoch 554: 0/87 Loss: 0.016376
2026-05-18 13:43: Train Epoch 554: 20/87 Loss: 0.002125
2026-05-18 13:43: Train Epoch 554: 40/87 Loss: 0.002562
2026-05-18 13:43: Train Epoch 554: 60/87 Loss: 0.011877
2026-05-18 13:43: Train Epoch 554: 80/87 Loss: 0.019010
2026-05-18 13:43: **********Train Epoch 554: averaged Loss: 0.007887
2026-05-18 13:43: **********Val Epoch 554: average Loss: 0.042759
2026-05-18 13:43: Train Epoch 555: 0/87 Loss: 0.040809
2026-05-18 13:43: Train Epoch 555: 20/87 Loss: 0.008629
2026-05-18 13:43: Train Epoch 555: 40/87 Loss: 0.002660
2026-05-18 13:43: Train Epoch 555: 60/87 Loss: 0.001786
2026-05-18 13:43: Train Epoch 555: 80/87 Loss: 0.014562
2026-05-18 13:43: **********Train Epoch 555: averaged Loss: 0.007405
2026-05-18 13:43: **********Val Epoch 555: average Loss: 0.040063
2026-05-18 13:43: Train Epoch 556: 0/87 Loss: 0.014754
2026-05-18 13:43: Train Epoch 556: 20/87 Loss: 0.008353
2026-05-18 13:43: Train Epoch 556: 40/87 Loss: 0.005445
2026-05-18 13:43: Train Epoch 556: 60/87 Loss: 0.008553
2026-05-18 13:43: Train Epoch 556: 80/87 Loss: 0.015792
2026-05-18 13:43: **********Train Epoch 556: averaged Loss: 0.007537
2026-05-18 13:43: **********Val Epoch 556: average Loss: 0.016911
2026-05-18 13:43: Train Epoch 557: 0/87 Loss: 0.043345
2026-05-18 13:43: Train Epoch 557: 20/87 Loss: 0.012412
2026-05-18 13:43: Train Epoch 557: 40/87 Loss: 0.004615
2026-05-18 13:43: Train Epoch 557: 60/87 Loss: 0.003638
2026-05-18 13:43: Train Epoch 557: 80/87 Loss: 0.018132
2026-05-18 13:43: **********Train Epoch 557: averaged Loss: 0.008665
2026-05-18 13:43: **********Val Epoch 557: average Loss: 0.007282
2026-05-18 13:43: Train Epoch 558: 0/87 Loss: 0.016425
2026-05-18 13:43: Train Epoch 558: 20/87 Loss: 0.002198
2026-05-18 13:43: Train Epoch 558: 40/87 Loss: 0.005077
2026-05-18 13:43: Train Epoch 558: 60/87 Loss: 0.003169
2026-05-18 13:43: Train Epoch 558: 80/87 Loss: 0.014563
2026-05-18 13:43: **********Train Epoch 558: averaged Loss: 0.005700
2026-05-18 13:43: **********Val Epoch 558: average Loss: 0.024822
2026-05-18 13:43: Train Epoch 559: 0/87 Loss: 0.008204
2026-05-18 13:43: Train Epoch 559: 20/87 Loss: 0.002174
2026-05-18 13:43: Train Epoch 559: 40/87 Loss: 0.003245
2026-05-18 13:43: Train Epoch 559: 60/87 Loss: 0.007978
2026-05-18 13:43: Train Epoch 559: 80/87 Loss: 0.019766
2026-05-18 13:43: **********Train Epoch 559: averaged Loss: 0.006458
2026-05-18 13:43: **********Val Epoch 559: average Loss: 0.023521
2026-05-18 13:43: Train Epoch 560: 0/87 Loss: 0.027743
2026-05-18 13:43: Train Epoch 560: 20/87 Loss: 0.003276
2026-05-18 13:43: Train Epoch 560: 40/87 Loss: 0.003137
2026-05-18 13:43: Train Epoch 560: 60/87 Loss: 0.001410
2026-05-18 13:44: Train Epoch 560: 80/87 Loss: 0.013782
2026-05-18 13:44: **********Train Epoch 560: averaged Loss: 0.006761
2026-05-18 13:44: **********Val Epoch 560: average Loss: 0.018810
2026-05-18 13:44: Train Epoch 561: 0/87 Loss: 0.012718
2026-05-18 13:44: Train Epoch 561: 20/87 Loss: 0.008831
2026-05-18 13:44: Train Epoch 561: 40/87 Loss: 0.003935
2026-05-18 13:44: Train Epoch 561: 60/87 Loss: 0.006295
2026-05-18 13:44: Train Epoch 561: 80/87 Loss: 0.041830
2026-05-18 13:44: **********Train Epoch 561: averaged Loss: 0.008736
2026-05-18 13:44: **********Val Epoch 561: average Loss: 0.044107
2026-05-18 13:44: Train Epoch 562: 0/87 Loss: 0.091763
2026-05-18 13:44: Train Epoch 562: 20/87 Loss: 0.004067
2026-05-18 13:44: Train Epoch 562: 40/87 Loss: 0.003543
2026-05-18 13:44: Train Epoch 562: 60/87 Loss: 0.001785
2026-05-18 13:44: Train Epoch 562: 80/87 Loss: 0.015603
2026-05-18 13:44: **********Train Epoch 562: averaged Loss: 0.012381
2026-05-18 13:44: **********Val Epoch 562: average Loss: 0.017028
2026-05-18 13:44: Train Epoch 563: 0/87 Loss: 0.031194
2026-05-18 13:44: Train Epoch 563: 20/87 Loss: 0.008362
2026-05-18 13:44: Train Epoch 563: 40/87 Loss: 0.004665
2026-05-18 13:44: Train Epoch 563: 60/87 Loss: 0.002602
2026-05-18 13:44: Train Epoch 563: 80/87 Loss: 0.016974
2026-05-18 13:44: **********Train Epoch 563: averaged Loss: 0.007222
2026-05-18 13:44: **********Val Epoch 563: average Loss: 0.004311
2026-05-18 13:44: *********************************Current best model saved!
2026-05-18 13:44: Train Epoch 564: 0/87 Loss: 0.008720
2026-05-18 13:44: Train Epoch 564: 20/87 Loss: 0.005658
2026-05-18 13:44: Train Epoch 564: 40/87 Loss: 0.003788
2026-05-18 13:44: Train Epoch 564: 60/87 Loss: 0.001693
2026-05-18 13:44: Train Epoch 564: 80/87 Loss: 0.021535
2026-05-18 13:44: **********Train Epoch 564: averaged Loss: 0.005769
2026-05-18 13:44: **********Val Epoch 564: average Loss: 0.040399
2026-05-18 13:44: Train Epoch 565: 0/87 Loss: 0.045676
2026-05-18 13:44: Train Epoch 565: 20/87 Loss: 0.011671
2026-05-18 13:44: Train Epoch 565: 40/87 Loss: 0.002554
2026-05-18 13:44: Train Epoch 565: 60/87 Loss: 0.001919
2026-05-18 13:44: Train Epoch 565: 80/87 Loss: 0.018367
2026-05-18 13:44: **********Train Epoch 565: averaged Loss: 0.009705
2026-05-18 13:44: **********Val Epoch 565: average Loss: 0.008695
2026-05-18 13:44: Train Epoch 566: 0/87 Loss: 0.031148
2026-05-18 13:44: Train Epoch 566: 20/87 Loss: 0.004618
2026-05-18 13:44: Train Epoch 566: 40/87 Loss: 0.003068
2026-05-18 13:44: Train Epoch 566: 60/87 Loss: 0.003874
2026-05-18 13:44: Train Epoch 566: 80/87 Loss: 0.033044
2026-05-18 13:44: **********Train Epoch 566: averaged Loss: 0.010791
2026-05-18 13:44: **********Val Epoch 566: average Loss: 0.023465
2026-05-18 13:44: Train Epoch 567: 0/87 Loss: 0.051724
2026-05-18 13:44: Train Epoch 567: 20/87 Loss: 0.007418
2026-05-18 13:44: Train Epoch 567: 40/87 Loss: 0.005497
2026-05-18 13:44: Train Epoch 567: 60/87 Loss: 0.001712
2026-05-18 13:44: Train Epoch 567: 80/87 Loss: 0.023944
2026-05-18 13:44: **********Train Epoch 567: averaged Loss: 0.011112
2026-05-18 13:44: **********Val Epoch 567: average Loss: 0.015755
2026-05-18 13:44: Train Epoch 568: 0/87 Loss: 0.004444
2026-05-18 13:44: Train Epoch 568: 20/87 Loss: 0.002173
2026-05-18 13:44: Train Epoch 568: 40/87 Loss: 0.004904
2026-05-18 13:44: Train Epoch 568: 60/87 Loss: 0.010642
2026-05-18 13:44: Train Epoch 568: 80/87 Loss: 0.026341
2026-05-18 13:44: **********Train Epoch 568: averaged Loss: 0.007695
2026-05-18 13:44: **********Val Epoch 568: average Loss: 0.010364
2026-05-18 13:44: Train Epoch 569: 0/87 Loss: 0.049616
2026-05-18 13:44: Train Epoch 569: 20/87 Loss: 0.010749
2026-05-18 13:44: Train Epoch 569: 40/87 Loss: 0.004730
2026-05-18 13:44: Train Epoch 569: 60/87 Loss: 0.003080
2026-05-18 13:44: Train Epoch 569: 80/87 Loss: 0.048577
2026-05-18 13:44: **********Train Epoch 569: averaged Loss: 0.013790
2026-05-18 13:44: **********Val Epoch 569: average Loss: 0.031728
2026-05-18 13:44: Train Epoch 570: 0/87 Loss: 0.068144
2026-05-18 13:44: Train Epoch 570: 20/87 Loss: 0.010766
2026-05-18 13:44: Train Epoch 570: 40/87 Loss: 0.004344
2026-05-18 13:44: Train Epoch 570: 60/87 Loss: 0.010374
2026-05-18 13:44: Train Epoch 570: 80/87 Loss: 0.014363
2026-05-18 13:44: **********Train Epoch 570: averaged Loss: 0.011455
2026-05-18 13:44: **********Val Epoch 570: average Loss: 0.012471
2026-05-18 13:44: Train Epoch 571: 0/87 Loss: 0.042371
2026-05-18 13:44: Train Epoch 571: 20/87 Loss: 0.005320
2026-05-18 13:44: Train Epoch 571: 40/87 Loss: 0.007592
2026-05-18 13:44: Train Epoch 571: 60/87 Loss: 0.005199
2026-05-18 13:44: Train Epoch 571: 80/87 Loss: 0.024124
2026-05-18 13:44: **********Train Epoch 571: averaged Loss: 0.011090
2026-05-18 13:44: **********Val Epoch 571: average Loss: 0.006207
2026-05-18 13:44: Train Epoch 572: 0/87 Loss: 0.017124
2026-05-18 13:44: Train Epoch 572: 20/87 Loss: 0.006104
2026-05-18 13:44: Train Epoch 572: 40/87 Loss: 0.002656
2026-05-18 13:44: Train Epoch 572: 60/87 Loss: 0.001248
2026-05-18 13:44: Train Epoch 572: 80/87 Loss: 0.013689
2026-05-18 13:44: **********Train Epoch 572: averaged Loss: 0.005249
2026-05-18 13:44: **********Val Epoch 572: average Loss: 0.022373
2026-05-18 13:44: Train Epoch 573: 0/87 Loss: 0.011711
2026-05-18 13:44: Train Epoch 573: 20/87 Loss: 0.005715
2026-05-18 13:44: Train Epoch 573: 40/87 Loss: 0.002837
2026-05-18 13:44: Train Epoch 573: 60/87 Loss: 0.003823
2026-05-18 13:44: Train Epoch 573: 80/87 Loss: 0.016544
2026-05-18 13:44: **********Train Epoch 573: averaged Loss: 0.005370
2026-05-18 13:44: **********Val Epoch 573: average Loss: 0.006704
2026-05-18 13:44: Train Epoch 574: 0/87 Loss: 0.003703
2026-05-18 13:44: Train Epoch 574: 20/87 Loss: 0.005520
2026-05-18 13:44: Train Epoch 574: 40/87 Loss: 0.003460
2026-05-18 13:44: Train Epoch 574: 60/87 Loss: 0.007385
2026-05-18 13:44: Train Epoch 574: 80/87 Loss: 0.019955
2026-05-18 13:44: **********Train Epoch 574: averaged Loss: 0.006855
2026-05-18 13:44: **********Val Epoch 574: average Loss: 0.015861
2026-05-18 13:44: Train Epoch 575: 0/87 Loss: 0.036733
2026-05-18 13:44: Train Epoch 575: 20/87 Loss: 0.009019
2026-05-18 13:44: Train Epoch 575: 40/87 Loss: 0.004326
2026-05-18 13:44: Train Epoch 575: 60/87 Loss: 0.005247
2026-05-18 13:44: Train Epoch 575: 80/87 Loss: 0.021406
2026-05-18 13:44: **********Train Epoch 575: averaged Loss: 0.008814
2026-05-18 13:44: **********Val Epoch 575: average Loss: 0.015283
2026-05-18 13:44: Train Epoch 576: 0/87 Loss: 0.019851
2026-05-18 13:45: Train Epoch 576: 20/87 Loss: 0.008610
2026-05-18 13:45: Train Epoch 576: 40/87 Loss: 0.003172
2026-05-18 13:45: Train Epoch 576: 60/87 Loss: 0.001153
2026-05-18 13:45: Train Epoch 576: 80/87 Loss: 0.016649
2026-05-18 13:45: **********Train Epoch 576: averaged Loss: 0.006610
2026-05-18 13:45: **********Val Epoch 576: average Loss: 0.039215
2026-05-18 13:45: Train Epoch 577: 0/87 Loss: 0.003273
2026-05-18 13:45: Train Epoch 577: 20/87 Loss: 0.002442
2026-05-18 13:45: Train Epoch 577: 40/87 Loss: 0.002595
2026-05-18 13:45: Train Epoch 577: 60/87 Loss: 0.004088
2026-05-18 13:45: Train Epoch 577: 80/87 Loss: 0.024621
2026-05-18 13:45: **********Train Epoch 577: averaged Loss: 0.006069
2026-05-18 13:45: **********Val Epoch 577: average Loss: 0.009200
2026-05-18 13:45: Train Epoch 578: 0/87 Loss: 0.012981
2026-05-18 13:45: Train Epoch 578: 20/87 Loss: 0.002088
2026-05-18 13:45: Train Epoch 578: 40/87 Loss: 0.003706
2026-05-18 13:45: Train Epoch 578: 60/87 Loss: 0.002047
2026-05-18 13:45: Train Epoch 578: 80/87 Loss: 0.018757
2026-05-18 13:45: **********Train Epoch 578: averaged Loss: 0.006196
2026-05-18 13:45: **********Val Epoch 578: average Loss: 0.019437
2026-05-18 13:45: Train Epoch 579: 0/87 Loss: 0.020406
2026-05-18 13:45: Train Epoch 579: 20/87 Loss: 0.009319
2026-05-18 13:45: Train Epoch 579: 40/87 Loss: 0.003712
2026-05-18 13:45: Train Epoch 579: 60/87 Loss: 0.006768
2026-05-18 13:45: Train Epoch 579: 80/87 Loss: 0.047624
2026-05-18 13:45: **********Train Epoch 579: averaged Loss: 0.011743
2026-05-18 13:45: **********Val Epoch 579: average Loss: 0.036052
2026-05-18 13:45: Train Epoch 580: 0/87 Loss: 0.097808
2026-05-18 13:45: Train Epoch 580: 20/87 Loss: 0.022618
2026-05-18 13:45: Train Epoch 580: 40/87 Loss: 0.003012
2026-05-18 13:45: Train Epoch 580: 60/87 Loss: 0.001395
2026-05-18 13:45: Train Epoch 580: 80/87 Loss: 0.017204
2026-05-18 13:45: **********Train Epoch 580: averaged Loss: 0.016164
2026-05-18 13:45: **********Val Epoch 580: average Loss: 0.009855
2026-05-18 13:45: Train Epoch 581: 0/87 Loss: 0.031396
2026-05-18 13:45: Train Epoch 581: 20/87 Loss: 0.011775
2026-05-18 13:45: Train Epoch 581: 40/87 Loss: 0.003780
2026-05-18 13:45: Train Epoch 581: 60/87 Loss: 0.009142
2026-05-18 13:45: Train Epoch 581: 80/87 Loss: 0.025535
2026-05-18 13:45: **********Train Epoch 581: averaged Loss: 0.008898
2026-05-18 13:45: **********Val Epoch 581: average Loss: 0.008870
2026-05-18 13:45: Train Epoch 582: 0/87 Loss: 0.040245
2026-05-18 13:45: Train Epoch 582: 20/87 Loss: 0.008762
2026-05-18 13:45: Train Epoch 582: 40/87 Loss: 0.003096
2026-05-18 13:45: Train Epoch 582: 60/87 Loss: 0.001146
2026-05-18 13:45: Train Epoch 582: 80/87 Loss: 0.016077
2026-05-18 13:45: **********Train Epoch 582: averaged Loss: 0.007220
2026-05-18 13:45: **********Val Epoch 582: average Loss: 0.025058
2026-05-18 13:45: Train Epoch 583: 0/87 Loss: 0.004821
2026-05-18 13:45: Train Epoch 583: 20/87 Loss: 0.003324
2026-05-18 13:45: Train Epoch 583: 40/87 Loss: 0.002737
2026-05-18 13:45: Train Epoch 583: 60/87 Loss: 0.001866
2026-05-18 13:45: Train Epoch 583: 80/87 Loss: 0.020288
2026-05-18 13:45: **********Train Epoch 583: averaged Loss: 0.006625
2026-05-18 13:45: **********Val Epoch 583: average Loss: 0.013622
2026-05-18 13:45: Train Epoch 584: 0/87 Loss: 0.005392
2026-05-18 13:45: Train Epoch 584: 20/87 Loss: 0.002071
2026-05-18 13:45: Train Epoch 584: 40/87 Loss: 0.003066
2026-05-18 13:45: Train Epoch 584: 60/87 Loss: 0.003235
2026-05-18 13:45: Train Epoch 584: 80/87 Loss: 0.014012
2026-05-18 13:45: **********Train Epoch 584: averaged Loss: 0.004391
2026-05-18 13:45: **********Val Epoch 584: average Loss: 0.030323
2026-05-18 13:45: Train Epoch 585: 0/87 Loss: 0.012066
2026-05-18 13:45: Train Epoch 585: 20/87 Loss: 0.002713
2026-05-18 13:45: Train Epoch 585: 40/87 Loss: 0.002667
2026-05-18 13:45: Train Epoch 585: 60/87 Loss: 0.001980
2026-05-18 13:45: Train Epoch 585: 80/87 Loss: 0.014959
2026-05-18 13:45: **********Train Epoch 585: averaged Loss: 0.004157
2026-05-18 13:45: **********Val Epoch 585: average Loss: 0.016390
2026-05-18 13:45: Train Epoch 586: 0/87 Loss: 0.009338
2026-05-18 13:45: Train Epoch 586: 20/87 Loss: 0.003042
2026-05-18 13:45: Train Epoch 586: 40/87 Loss: 0.002895
2026-05-18 13:45: Train Epoch 586: 60/87 Loss: 0.002209
2026-05-18 13:45: Train Epoch 586: 80/87 Loss: 0.013473
2026-05-18 13:45: **********Train Epoch 586: averaged Loss: 0.004401
2026-05-18 13:45: **********Val Epoch 586: average Loss: 0.021763
2026-05-18 13:45: Train Epoch 587: 0/87 Loss: 0.015017
2026-05-18 13:45: Train Epoch 587: 20/87 Loss: 0.002477
2026-05-18 13:45: Train Epoch 587: 40/87 Loss: 0.002544
2026-05-18 13:45: Train Epoch 587: 60/87 Loss: 0.005081
2026-05-18 13:45: Train Epoch 587: 80/87 Loss: 0.024375
2026-05-18 13:45: **********Train Epoch 587: averaged Loss: 0.006126
2026-05-18 13:45: **********Val Epoch 587: average Loss: 0.008923
2026-05-18 13:45: Train Epoch 588: 0/87 Loss: 0.022083
2026-05-18 13:45: Train Epoch 588: 20/87 Loss: 0.005179
2026-05-18 13:45: Train Epoch 588: 40/87 Loss: 0.003346
2026-05-18 13:45: Train Epoch 588: 60/87 Loss: 0.006800
2026-05-18 13:45: Train Epoch 588: 80/87 Loss: 0.027762
2026-05-18 13:45: **********Train Epoch 588: averaged Loss: 0.006852
2026-05-18 13:45: **********Val Epoch 588: average Loss: 0.025439
2026-05-18 13:45: Train Epoch 589: 0/87 Loss: 0.033022
2026-05-18 13:45: Train Epoch 589: 20/87 Loss: 0.003700
2026-05-18 13:45: Train Epoch 589: 40/87 Loss: 0.004900
2026-05-18 13:45: Train Epoch 589: 60/87 Loss: 0.002707
2026-05-18 13:45: Train Epoch 589: 80/87 Loss: 0.019212
2026-05-18 13:45: **********Train Epoch 589: averaged Loss: 0.009082
2026-05-18 13:45: **********Val Epoch 589: average Loss: 0.016799
2026-05-18 13:45: Train Epoch 590: 0/87 Loss: 0.002938
2026-05-18 13:45: Train Epoch 590: 20/87 Loss: 0.002472
2026-05-18 13:45: Train Epoch 590: 40/87 Loss: 0.004104
2026-05-18 13:45: Train Epoch 590: 60/87 Loss: 0.002518
2026-05-18 13:45: Train Epoch 590: 80/87 Loss: 0.058396
2026-05-18 13:45: **********Train Epoch 590: averaged Loss: 0.012723
2026-05-18 13:45: **********Val Epoch 590: average Loss: 0.026124
2026-05-18 13:45: Train Epoch 591: 0/87 Loss: 0.078381
2026-05-18 13:46: Train Epoch 591: 20/87 Loss: 0.009856
2026-05-18 13:46: Train Epoch 591: 40/87 Loss: 0.002730
2026-05-18 13:46: Train Epoch 591: 60/87 Loss: 0.001213
2026-05-18 13:46: Train Epoch 591: 80/87 Loss: 0.013820
2026-05-18 13:46: **********Train Epoch 591: averaged Loss: 0.012033
2026-05-18 13:46: **********Val Epoch 591: average Loss: 0.022328
2026-05-18 13:46: Train Epoch 592: 0/87 Loss: 0.004915
2026-05-18 13:46: Train Epoch 592: 20/87 Loss: 0.004961
2026-05-18 13:46: Train Epoch 592: 40/87 Loss: 0.002524
2026-05-18 13:46: Train Epoch 592: 60/87 Loss: 0.002420
2026-05-18 13:46: Train Epoch 592: 80/87 Loss: 0.014545
2026-05-18 13:46: **********Train Epoch 592: averaged Loss: 0.006010
2026-05-18 13:46: **********Val Epoch 592: average Loss: 0.005723
2026-05-18 13:46: Train Epoch 593: 0/87 Loss: 0.018877
2026-05-18 13:46: Train Epoch 593: 20/87 Loss: 0.003815
2026-05-18 13:46: Train Epoch 593: 40/87 Loss: 0.004081
2026-05-18 13:46: Train Epoch 593: 60/87 Loss: 0.015031
2026-05-18 13:46: Train Epoch 593: 80/87 Loss: 0.036934
2026-05-18 13:46: **********Train Epoch 593: averaged Loss: 0.010109
2026-05-18 13:46: **********Val Epoch 593: average Loss: 0.038312
2026-05-18 13:46: Train Epoch 594: 0/87 Loss: 0.102497
2026-05-18 13:46: Train Epoch 594: 20/87 Loss: 0.010583
2026-05-18 13:46: Train Epoch 594: 40/87 Loss: 0.008063
2026-05-18 13:46: Train Epoch 594: 60/87 Loss: 0.001606
2026-05-18 13:46: Train Epoch 594: 80/87 Loss: 0.013606
2026-05-18 13:46: **********Train Epoch 594: averaged Loss: 0.013470
2026-05-18 13:46: **********Val Epoch 594: average Loss: 0.015104
2026-05-18 13:46: Train Epoch 595: 0/87 Loss: 0.016899
2026-05-18 13:46: Train Epoch 595: 20/87 Loss: 0.002850
2026-05-18 13:46: Train Epoch 595: 40/87 Loss: 0.002811
2026-05-18 13:46: Train Epoch 595: 60/87 Loss: 0.001904
2026-05-18 13:46: Train Epoch 595: 80/87 Loss: 0.014738
2026-05-18 13:46: **********Train Epoch 595: averaged Loss: 0.006023
2026-05-18 13:46: **********Val Epoch 595: average Loss: 0.005583
2026-05-18 13:46: Train Epoch 596: 0/87 Loss: 0.021674
2026-05-18 13:46: Train Epoch 596: 20/87 Loss: 0.002703
2026-05-18 13:46: Train Epoch 596: 40/87 Loss: 0.002678
2026-05-18 13:46: Train Epoch 596: 60/87 Loss: 0.002177
2026-05-18 13:46: Train Epoch 596: 80/87 Loss: 0.021975
2026-05-18 13:46: **********Train Epoch 596: averaged Loss: 0.007501
2026-05-18 13:46: **********Val Epoch 596: average Loss: 0.007682
2026-05-18 13:46: Train Epoch 597: 0/87 Loss: 0.010401
2026-05-18 13:46: Train Epoch 597: 20/87 Loss: 0.002267
2026-05-18 13:46: Train Epoch 597: 40/87 Loss: 0.003011
2026-05-18 13:46: Train Epoch 597: 60/87 Loss: 0.005461
2026-05-18 13:46: Train Epoch 597: 80/87 Loss: 0.016812
2026-05-18 13:46: **********Train Epoch 597: averaged Loss: 0.004883
2026-05-18 13:46: **********Val Epoch 597: average Loss: 0.022041
2026-05-18 13:46: Train Epoch 598: 0/87 Loss: 0.027700
2026-05-18 13:46: Train Epoch 598: 20/87 Loss: 0.008747
2026-05-18 13:46: Train Epoch 598: 40/87 Loss: 0.003436
2026-05-18 13:46: Train Epoch 598: 60/87 Loss: 0.005422
2026-05-18 13:46: Train Epoch 598: 80/87 Loss: 0.036229
2026-05-18 13:46: **********Train Epoch 598: averaged Loss: 0.008694
2026-05-18 13:46: **********Val Epoch 598: average Loss: 0.034880
2026-05-18 13:46: Train Epoch 599: 0/87 Loss: 0.075569
2026-05-18 13:46: Train Epoch 599: 20/87 Loss: 0.004698
2026-05-18 13:46: Train Epoch 599: 40/87 Loss: 0.002708
2026-05-18 13:46: Train Epoch 599: 60/87 Loss: 0.008704
2026-05-18 13:46: Train Epoch 599: 80/87 Loss: 0.020287
2026-05-18 13:46: **********Train Epoch 599: averaged Loss: 0.011142
2026-05-18 13:46: **********Val Epoch 599: average Loss: 0.005464
2026-05-18 13:46: Train Epoch 600: 0/87 Loss: 0.039459
2026-05-18 13:46: Train Epoch 600: 20/87 Loss: 0.012139
2026-05-18 13:46: Train Epoch 600: 40/87 Loss: 0.006261
2026-05-18 13:46: Train Epoch 600: 60/87 Loss: 0.001468
2026-05-18 13:46: Train Epoch 600: 80/87 Loss: 0.013942
2026-05-18 13:46: **********Train Epoch 600: averaged Loss: 0.008776
2026-05-18 13:46: **********Val Epoch 600: average Loss: 0.024403
2026-05-18 13:46: Train Epoch 601: 0/87 Loss: 0.037845
2026-05-18 13:46: Train Epoch 601: 20/87 Loss: 0.006196
2026-05-18 13:46: Train Epoch 601: 40/87 Loss: 0.002996
2026-05-18 13:46: Train Epoch 601: 60/87 Loss: 0.001339
2026-05-18 13:46: Train Epoch 601: 80/87 Loss: 0.016500
2026-05-18 13:46: **********Train Epoch 601: averaged Loss: 0.007449
2026-05-18 13:46: **********Val Epoch 601: average Loss: 0.006807
2026-05-18 13:46: Train Epoch 602: 0/87 Loss: 0.003343
2026-05-18 13:46: Train Epoch 602: 20/87 Loss: 0.002438
2026-05-18 13:46: Train Epoch 602: 40/87 Loss: 0.003113
2026-05-18 13:46: Train Epoch 602: 60/87 Loss: 0.002472
2026-05-18 13:46: Train Epoch 602: 80/87 Loss: 0.015971
2026-05-18 13:46: **********Train Epoch 602: averaged Loss: 0.004277
2026-05-18 13:46: **********Val Epoch 602: average Loss: 0.013950
2026-05-18 13:46: Train Epoch 603: 0/87 Loss: 0.040825
2026-05-18 13:46: Train Epoch 603: 20/87 Loss: 0.006854
2026-05-18 13:46: Train Epoch 603: 40/87 Loss: 0.005095
2026-05-18 13:46: Train Epoch 603: 60/87 Loss: 0.001169
2026-05-18 13:46: Train Epoch 603: 80/87 Loss: 0.017370
2026-05-18 13:46: **********Train Epoch 603: averaged Loss: 0.006935
2026-05-18 13:46: **********Val Epoch 603: average Loss: 0.015443
2026-05-18 13:46: Train Epoch 604: 0/87 Loss: 0.014363
2026-05-18 13:46: Train Epoch 604: 20/87 Loss: 0.002246
2026-05-18 13:46: Train Epoch 604: 40/87 Loss: 0.006137
2026-05-18 13:46: Train Epoch 604: 60/87 Loss: 0.005590
2026-05-18 13:46: Train Epoch 604: 80/87 Loss: 0.015001
2026-05-18 13:46: **********Train Epoch 604: averaged Loss: 0.006331
2026-05-18 13:46: **********Val Epoch 604: average Loss: 0.013255
2026-05-18 13:46: Train Epoch 605: 0/87 Loss: 0.026349
2026-05-18 13:46: Train Epoch 605: 20/87 Loss: 0.005014
2026-05-18 13:46: Train Epoch 605: 40/87 Loss: 0.003061
2026-05-18 13:46: Train Epoch 605: 60/87 Loss: 0.003021
2026-05-18 13:46: Train Epoch 605: 80/87 Loss: 0.042574
2026-05-18 13:46: **********Train Epoch 605: averaged Loss: 0.011058
2026-05-18 13:46: **********Val Epoch 605: average Loss: 0.038160
2026-05-18 13:46: Train Epoch 606: 0/87 Loss: 0.077870
2026-05-18 13:46: Train Epoch 606: 20/87 Loss: 0.016308
2026-05-18 13:47: Train Epoch 606: 40/87 Loss: 0.009378
2026-05-18 13:47: Train Epoch 606: 60/87 Loss: 0.001588
2026-05-18 13:47: Train Epoch 606: 80/87 Loss: 0.013167
2026-05-18 13:47: **********Train Epoch 606: averaged Loss: 0.012520
2026-05-18 13:47: **********Val Epoch 606: average Loss: 0.008835
2026-05-18 13:47: Train Epoch 607: 0/87 Loss: 0.022711
2026-05-18 13:47: Train Epoch 607: 20/87 Loss: 0.004124
2026-05-18 13:47: Train Epoch 607: 40/87 Loss: 0.002602
2026-05-18 13:47: Train Epoch 607: 60/87 Loss: 0.007209
2026-05-18 13:47: Train Epoch 607: 80/87 Loss: 0.017621
2026-05-18 13:47: **********Train Epoch 607: averaged Loss: 0.007763
2026-05-18 13:47: **********Val Epoch 607: average Loss: 0.004134
2026-05-18 13:47: *********************************Current best model saved!
2026-05-18 13:47: Train Epoch 608: 0/87 Loss: 0.044931
2026-05-18 13:47: Train Epoch 608: 20/87 Loss: 0.009603
2026-05-18 13:47: Train Epoch 608: 40/87 Loss: 0.010404
2026-05-18 13:47: Train Epoch 608: 60/87 Loss: 0.006022
2026-05-18 13:47: Train Epoch 608: 80/87 Loss: 0.041044
2026-05-18 13:47: **********Train Epoch 608: averaged Loss: 0.012960
2026-05-18 13:47: **********Val Epoch 608: average Loss: 0.027846
2026-05-18 13:47: Train Epoch 609: 0/87 Loss: 0.061223
2026-05-18 13:47: Train Epoch 609: 20/87 Loss: 0.005540
2026-05-18 13:47: Train Epoch 609: 40/87 Loss: 0.003360
2026-05-18 13:47: Train Epoch 609: 60/87 Loss: 0.003899
2026-05-18 13:47: Train Epoch 609: 80/87 Loss: 0.019154
2026-05-18 13:47: **********Train Epoch 609: averaged Loss: 0.011016
2026-05-18 13:47: **********Val Epoch 609: average Loss: 0.008134
2026-05-18 13:47: Train Epoch 610: 0/87 Loss: 0.003164
2026-05-18 13:47: Train Epoch 610: 20/87 Loss: 0.004652
2026-05-18 13:47: Train Epoch 610: 40/87 Loss: 0.004625
2026-05-18 13:47: Train Epoch 610: 60/87 Loss: 0.002129
2026-05-18 13:47: Train Epoch 610: 80/87 Loss: 0.013535
2026-05-18 13:47: **********Train Epoch 610: averaged Loss: 0.005834
2026-05-18 13:47: **********Val Epoch 610: average Loss: 0.020713
2026-05-18 13:47: Train Epoch 611: 0/87 Loss: 0.054381
2026-05-18 13:47: Train Epoch 611: 20/87 Loss: 0.005284
2026-05-18 13:47: Train Epoch 611: 40/87 Loss: 0.012495
2026-05-18 13:47: Train Epoch 611: 60/87 Loss: 0.011451
2026-05-18 13:47: Train Epoch 611: 80/87 Loss: 0.041088
2026-05-18 13:47: **********Train Epoch 611: averaged Loss: 0.019079
2026-05-18 13:47: **********Val Epoch 611: average Loss: 0.046424
2026-05-18 13:47: Train Epoch 612: 0/87 Loss: 0.069774
2026-05-18 13:47: Train Epoch 612: 20/87 Loss: 0.008515
2026-05-18 13:47: Train Epoch 612: 40/87 Loss: 0.007390
2026-05-18 13:47: Train Epoch 612: 60/87 Loss: 0.003183
2026-05-18 13:47: Train Epoch 612: 80/87 Loss: 0.013332
2026-05-18 13:47: **********Train Epoch 612: averaged Loss: 0.012302
2026-05-18 13:47: **********Val Epoch 612: average Loss: 0.006227
2026-05-18 13:47: Train Epoch 613: 0/87 Loss: 0.024136
2026-05-18 13:47: Train Epoch 613: 20/87 Loss: 0.004492
2026-05-18 13:47: Train Epoch 613: 40/87 Loss: 0.003041
2026-05-18 13:47: Train Epoch 613: 60/87 Loss: 0.001203
2026-05-18 13:47: Train Epoch 613: 80/87 Loss: 0.015334
2026-05-18 13:47: **********Train Epoch 613: averaged Loss: 0.006309
2026-05-18 13:47: **********Val Epoch 613: average Loss: 0.007084
2026-05-18 13:47: Train Epoch 614: 0/87 Loss: 0.006768
2026-05-18 13:47: Train Epoch 614: 20/87 Loss: 0.004740
2026-05-18 13:47: Train Epoch 614: 40/87 Loss: 0.003132
2026-05-18 13:47: Train Epoch 614: 60/87 Loss: 0.001122
2026-05-18 13:47: Train Epoch 614: 80/87 Loss: 0.012675
2026-05-18 13:47: **********Train Epoch 614: averaged Loss: 0.004206
2026-05-18 13:47: **********Val Epoch 614: average Loss: 0.009945
2026-05-18 13:47: Train Epoch 615: 0/87 Loss: 0.013178
2026-05-18 13:47: Train Epoch 615: 20/87 Loss: 0.002624
2026-05-18 13:47: Train Epoch 615: 40/87 Loss: 0.002876
2026-05-18 13:47: Train Epoch 615: 60/87 Loss: 0.005262
2026-05-18 13:47: Train Epoch 615: 80/87 Loss: 0.019206
2026-05-18 13:47: **********Train Epoch 615: averaged Loss: 0.005920
2026-05-18 13:47: **********Val Epoch 615: average Loss: 0.005282
2026-05-18 13:47: Train Epoch 616: 0/87 Loss: 0.005676
2026-05-18 13:47: Train Epoch 616: 20/87 Loss: 0.003286
2026-05-18 13:47: Train Epoch 616: 40/87 Loss: 0.003858
2026-05-18 13:47: Train Epoch 616: 60/87 Loss: 0.006957
2026-05-18 13:47: Train Epoch 616: 80/87 Loss: 0.023925
2026-05-18 13:47: **********Train Epoch 616: averaged Loss: 0.006603
2026-05-18 13:47: **********Val Epoch 616: average Loss: 0.012925
2026-05-18 13:47: Train Epoch 617: 0/87 Loss: 0.039032
2026-05-18 13:47: Train Epoch 617: 20/87 Loss: 0.003481
2026-05-18 13:47: Train Epoch 617: 40/87 Loss: 0.003062
2026-05-18 13:47: Train Epoch 617: 60/87 Loss: 0.001507
2026-05-18 13:47: Train Epoch 617: 80/87 Loss: 0.016027
2026-05-18 13:47: **********Train Epoch 617: averaged Loss: 0.008207
2026-05-18 13:47: **********Val Epoch 617: average Loss: 0.007780
2026-05-18 13:47: Train Epoch 618: 0/87 Loss: 0.038390
2026-05-18 13:47: Train Epoch 618: 20/87 Loss: 0.007300
2026-05-18 13:47: Train Epoch 618: 40/87 Loss: 0.004576
2026-05-18 13:47: Train Epoch 618: 60/87 Loss: 0.004492
2026-05-18 13:47: Train Epoch 618: 80/87 Loss: 0.045430
2026-05-18 13:47: **********Train Epoch 618: averaged Loss: 0.013453
2026-05-18 13:47: **********Val Epoch 618: average Loss: 0.029760
2026-05-18 13:47: Train Epoch 619: 0/87 Loss: 0.086320
2026-05-18 13:47: Train Epoch 619: 20/87 Loss: 0.018695
2026-05-18 13:47: Train Epoch 619: 40/87 Loss: 0.003049
2026-05-18 13:47: Train Epoch 619: 60/87 Loss: 0.004617
2026-05-18 13:47: Train Epoch 619: 80/87 Loss: 0.019805
2026-05-18 13:47: **********Train Epoch 619: averaged Loss: 0.014265
2026-05-18 13:47: **********Val Epoch 619: average Loss: 0.007503
2026-05-18 13:47: Train Epoch 620: 0/87 Loss: 0.039062
2026-05-18 13:47: Train Epoch 620: 20/87 Loss: 0.006534
2026-05-18 13:47: Train Epoch 620: 40/87 Loss: 0.002816
2026-05-18 13:47: Train Epoch 620: 60/87 Loss: 0.001955
2026-05-18 13:47: Train Epoch 620: 80/87 Loss: 0.026980
2026-05-18 13:47: **********Train Epoch 620: averaged Loss: 0.008613
2026-05-18 13:47: **********Val Epoch 620: average Loss: 0.008136
2026-05-18 13:47: Train Epoch 621: 0/87 Loss: 0.019579
2026-05-18 13:47: Train Epoch 621: 20/87 Loss: 0.002064
2026-05-18 13:47: Train Epoch 621: 40/87 Loss: 0.002515
2026-05-18 13:47: Train Epoch 621: 60/87 Loss: 0.003343
2026-05-18 13:47: Train Epoch 621: 80/87 Loss: 0.014815
2026-05-18 13:48: **********Train Epoch 621: averaged Loss: 0.004652
2026-05-18 13:48: **********Val Epoch 621: average Loss: 0.017650
2026-05-18 13:48: Train Epoch 622: 0/87 Loss: 0.030759
2026-05-18 13:48: Train Epoch 622: 20/87 Loss: 0.009387
2026-05-18 13:48: Train Epoch 622: 40/87 Loss: 0.003918
2026-05-18 13:48: Train Epoch 622: 60/87 Loss: 0.007462
2026-05-18 13:48: Train Epoch 622: 80/87 Loss: 0.028849
2026-05-18 13:48: **********Train Epoch 622: averaged Loss: 0.009451
2026-05-18 13:48: **********Val Epoch 622: average Loss: 0.035406
2026-05-18 13:48: Train Epoch 623: 0/87 Loss: 0.042389
2026-05-18 13:48: Train Epoch 623: 20/87 Loss: 0.012454
2026-05-18 13:48: Train Epoch 623: 40/87 Loss: 0.004543
2026-05-18 13:48: Train Epoch 623: 60/87 Loss: 0.001235
2026-05-18 13:48: Train Epoch 623: 80/87 Loss: 0.013412
2026-05-18 13:48: **********Train Epoch 623: averaged Loss: 0.008029
2026-05-18 13:48: **********Val Epoch 623: average Loss: 0.004832
2026-05-18 13:48: Train Epoch 624: 0/87 Loss: 0.004696
2026-05-18 13:48: Train Epoch 624: 20/87 Loss: 0.005645
2026-05-18 13:48: Train Epoch 624: 40/87 Loss: 0.003186
2026-05-18 13:48: Train Epoch 624: 60/87 Loss: 0.007285
2026-05-18 13:48: Train Epoch 624: 80/87 Loss: 0.021588
2026-05-18 13:48: **********Train Epoch 624: averaged Loss: 0.005625
2026-05-18 13:48: **********Val Epoch 624: average Loss: 0.009104
2026-05-18 13:48: Train Epoch 625: 0/87 Loss: 0.032482
2026-05-18 13:48: Train Epoch 625: 20/87 Loss: 0.003207
2026-05-18 13:48: Train Epoch 625: 40/87 Loss: 0.006202
2026-05-18 13:48: Train Epoch 625: 60/87 Loss: 0.001877
2026-05-18 13:48: Train Epoch 625: 80/87 Loss: 0.015100
2026-05-18 13:48: **********Train Epoch 625: averaged Loss: 0.007461
2026-05-18 13:48: **********Val Epoch 625: average Loss: 0.017091
2026-05-18 13:48: Train Epoch 626: 0/87 Loss: 0.006938
2026-05-18 13:48: Train Epoch 626: 20/87 Loss: 0.009561
2026-05-18 13:48: Train Epoch 626: 40/87 Loss: 0.002457
2026-05-18 13:48: Train Epoch 626: 60/87 Loss: 0.009626
2026-05-18 13:48: Train Epoch 626: 80/87 Loss: 0.030416
2026-05-18 13:48: **********Train Epoch 626: averaged Loss: 0.007624
2026-05-18 13:48: **********Val Epoch 626: average Loss: 0.013996
2026-05-18 13:48: Train Epoch 627: 0/87 Loss: 0.069128
2026-05-18 13:48: Train Epoch 627: 20/87 Loss: 0.006099
2026-05-18 13:48: Train Epoch 627: 40/87 Loss: 0.004276
2026-05-18 13:48: Train Epoch 627: 60/87 Loss: 0.002286
2026-05-18 13:48: Train Epoch 627: 80/87 Loss: 0.031660
2026-05-18 13:48: **********Train Epoch 627: averaged Loss: 0.012728
2026-05-18 13:48: **********Val Epoch 627: average Loss: 0.046261
2026-05-18 13:48: Train Epoch 628: 0/87 Loss: 0.020949
2026-05-18 13:48: Train Epoch 628: 20/87 Loss: 0.002062
2026-05-18 13:48: Train Epoch 628: 40/87 Loss: 0.002775
2026-05-18 13:48: Train Epoch 628: 60/87 Loss: 0.002086
2026-05-18 13:48: Train Epoch 628: 80/87 Loss: 0.014237
2026-05-18 13:48: **********Train Epoch 628: averaged Loss: 0.005471
2026-05-18 13:48: **********Val Epoch 628: average Loss: 0.014883
2026-05-18 13:48: Train Epoch 629: 0/87 Loss: 0.006329
2026-05-18 13:48: Train Epoch 629: 20/87 Loss: 0.010043
2026-05-18 13:48: Train Epoch 629: 40/87 Loss: 0.003127
2026-05-18 13:48: Train Epoch 629: 60/87 Loss: 0.002815
2026-05-18 13:48: Train Epoch 629: 80/87 Loss: 0.014205
2026-05-18 13:48: **********Train Epoch 629: averaged Loss: 0.004905
2026-05-18 13:48: **********Val Epoch 629: average Loss: 0.016306
2026-05-18 13:48: Train Epoch 630: 0/87 Loss: 0.004515
2026-05-18 13:48: Train Epoch 630: 20/87 Loss: 0.006926
2026-05-18 13:48: Train Epoch 630: 40/87 Loss: 0.003042
2026-05-18 13:48: Train Epoch 630: 60/87 Loss: 0.006723
2026-05-18 13:48: Train Epoch 630: 80/87 Loss: 0.017229
2026-05-18 13:48: **********Train Epoch 630: averaged Loss: 0.005516
2026-05-18 13:48: **********Val Epoch 630: average Loss: 0.010716
2026-05-18 13:48: Train Epoch 631: 0/87 Loss: 0.047386
2026-05-18 13:48: Train Epoch 631: 20/87 Loss: 0.004699
2026-05-18 13:48: Train Epoch 631: 40/87 Loss: 0.003459
2026-05-18 13:48: Train Epoch 631: 60/87 Loss: 0.002324
2026-05-18 13:48: Train Epoch 631: 80/87 Loss: 0.043843
2026-05-18 13:48: **********Train Epoch 631: averaged Loss: 0.013730
2026-05-18 13:48: **********Val Epoch 631: average Loss: 0.031002
2026-05-18 13:48: Train Epoch 632: 0/87 Loss: 0.066009
2026-05-18 13:48: Train Epoch 632: 20/87 Loss: 0.012319
2026-05-18 13:48: Train Epoch 632: 40/87 Loss: 0.003723
2026-05-18 13:48: Train Epoch 632: 60/87 Loss: 0.005277
2026-05-18 13:48: Train Epoch 632: 80/87 Loss: 0.014118
2026-05-18 13:48: **********Train Epoch 632: averaged Loss: 0.010624
2026-05-18 13:48: **********Val Epoch 632: average Loss: 0.005182
2026-05-18 13:48: Train Epoch 633: 0/87 Loss: 0.019157
2026-05-18 13:48: Train Epoch 633: 20/87 Loss: 0.002483
2026-05-18 13:48: Train Epoch 633: 40/87 Loss: 0.002588
2026-05-18 13:48: Train Epoch 633: 60/87 Loss: 0.004447
2026-05-18 13:48: Train Epoch 633: 80/87 Loss: 0.017120
2026-05-18 13:48: **********Train Epoch 633: averaged Loss: 0.004999
2026-05-18 13:48: **********Val Epoch 633: average Loss: 0.019637
2026-05-18 13:48: Train Epoch 634: 0/87 Loss: 0.032852
2026-05-18 13:48: Train Epoch 634: 20/87 Loss: 0.006599
2026-05-18 13:48: Train Epoch 634: 40/87 Loss: 0.002634
2026-05-18 13:48: Train Epoch 634: 60/87 Loss: 0.001956
2026-05-18 13:48: Train Epoch 634: 80/87 Loss: 0.013277
2026-05-18 13:48: **********Train Epoch 634: averaged Loss: 0.006795
2026-05-18 13:48: **********Val Epoch 634: average Loss: 0.027226
2026-05-18 13:48: Train Epoch 635: 0/87 Loss: 0.018772
2026-05-18 13:48: Train Epoch 635: 20/87 Loss: 0.002764
2026-05-18 13:48: Train Epoch 635: 40/87 Loss: 0.003232
2026-05-18 13:48: Train Epoch 635: 60/87 Loss: 0.001849
2026-05-18 13:48: Train Epoch 635: 80/87 Loss: 0.016267
2026-05-18 13:48: **********Train Epoch 635: averaged Loss: 0.005312
2026-05-18 13:48: **********Val Epoch 635: average Loss: 0.011906
2026-05-18 13:48: Train Epoch 636: 0/87 Loss: 0.030516
2026-05-18 13:48: Train Epoch 636: 20/87 Loss: 0.002112
2026-05-18 13:48: Train Epoch 636: 40/87 Loss: 0.004996
2026-05-18 13:48: Train Epoch 636: 60/87 Loss: 0.005007
2026-05-18 13:49: Train Epoch 636: 80/87 Loss: 0.026616
2026-05-18 13:49: **********Train Epoch 636: averaged Loss: 0.010096
2026-05-18 13:49: **********Val Epoch 636: average Loss: 0.022340
2026-05-18 13:49: Train Epoch 637: 0/87 Loss: 0.035402
2026-05-18 13:49: Train Epoch 637: 20/87 Loss: 0.006749
2026-05-18 13:49: Train Epoch 637: 40/87 Loss: 0.003267
2026-05-18 13:49: Train Epoch 637: 60/87 Loss: 0.005634
2026-05-18 13:49: Train Epoch 637: 80/87 Loss: 0.017587
2026-05-18 13:49: **********Train Epoch 637: averaged Loss: 0.007824
2026-05-18 13:49: **********Val Epoch 637: average Loss: 0.005990
2026-05-18 13:49: Train Epoch 638: 0/87 Loss: 0.003292
2026-05-18 13:49: Train Epoch 638: 20/87 Loss: 0.003670
2026-05-18 13:49: Train Epoch 638: 40/87 Loss: 0.002832
2026-05-18 13:49: Train Epoch 638: 60/87 Loss: 0.001850
2026-05-18 13:49: Train Epoch 638: 80/87 Loss: 0.013154
2026-05-18 13:49: **********Train Epoch 638: averaged Loss: 0.004595
2026-05-18 13:49: **********Val Epoch 638: average Loss: 0.015663
2026-05-18 13:49: Train Epoch 639: 0/87 Loss: 0.027541
2026-05-18 13:49: Train Epoch 639: 20/87 Loss: 0.005268
2026-05-18 13:49: Train Epoch 639: 40/87 Loss: 0.005809
2026-05-18 13:49: Train Epoch 639: 60/87 Loss: 0.004124
2026-05-18 13:49: Train Epoch 639: 80/87 Loss: 0.012917
2026-05-18 13:49: **********Train Epoch 639: averaged Loss: 0.005688
2026-05-18 13:49: **********Val Epoch 639: average Loss: 0.005859
2026-05-18 13:49: Train Epoch 640: 0/87 Loss: 0.023998
2026-05-18 13:49: Train Epoch 640: 20/87 Loss: 0.002411
2026-05-18 13:49: Train Epoch 640: 40/87 Loss: 0.002595
2026-05-18 13:49: Train Epoch 640: 60/87 Loss: 0.002647
2026-05-18 13:49: Train Epoch 640: 80/87 Loss: 0.017662
2026-05-18 13:49: **********Train Epoch 640: averaged Loss: 0.006248
2026-05-18 13:49: **********Val Epoch 640: average Loss: 0.016962
2026-05-18 13:49: Train Epoch 641: 0/87 Loss: 0.023980
2026-05-18 13:49: Train Epoch 641: 20/87 Loss: 0.006637
2026-05-18 13:49: Train Epoch 641: 40/87 Loss: 0.003831
2026-05-18 13:49: Train Epoch 641: 60/87 Loss: 0.003247
2026-05-18 13:49: Train Epoch 641: 80/87 Loss: 0.033001
2026-05-18 13:49: **********Train Epoch 641: averaged Loss: 0.007608
2026-05-18 13:49: **********Val Epoch 641: average Loss: 0.029111
2026-05-18 13:49: Train Epoch 642: 0/87 Loss: 0.040657
2026-05-18 13:49: Train Epoch 642: 20/87 Loss: 0.002767
2026-05-18 13:49: Train Epoch 642: 40/87 Loss: 0.007236
2026-05-18 13:49: Train Epoch 642: 60/87 Loss: 0.001869
2026-05-18 13:49: Train Epoch 642: 80/87 Loss: 0.014229
2026-05-18 13:49: **********Train Epoch 642: averaged Loss: 0.007529
2026-05-18 13:49: **********Val Epoch 642: average Loss: 0.009455
2026-05-18 13:49: Train Epoch 643: 0/87 Loss: 0.004749
2026-05-18 13:49: Train Epoch 643: 20/87 Loss: 0.002066
2026-05-18 13:49: Train Epoch 643: 40/87 Loss: 0.003222
2026-05-18 13:49: Train Epoch 643: 60/87 Loss: 0.001437
2026-05-18 13:49: Train Epoch 643: 80/87 Loss: 0.013897
2026-05-18 13:49: **********Train Epoch 643: averaged Loss: 0.003673
2026-05-18 13:49: **********Val Epoch 643: average Loss: 0.005497
2026-05-18 13:49: Train Epoch 644: 0/87 Loss: 0.009757
2026-05-18 13:49: Train Epoch 644: 20/87 Loss: 0.003371
2026-05-18 13:49: Train Epoch 644: 40/87 Loss: 0.003184
2026-05-18 13:49: Train Epoch 644: 60/87 Loss: 0.005242
2026-05-18 13:49: Train Epoch 644: 80/87 Loss: 0.013631
2026-05-18 13:49: **********Train Epoch 644: averaged Loss: 0.005099
2026-05-18 13:49: **********Val Epoch 644: average Loss: 0.006075
2026-05-18 13:49: Train Epoch 645: 0/87 Loss: 0.009096
2026-05-18 13:49: Train Epoch 645: 20/87 Loss: 0.004844
2026-05-18 13:49: Train Epoch 645: 40/87 Loss: 0.002850
2026-05-18 13:49: Train Epoch 645: 60/87 Loss: 0.001350
2026-05-18 13:49: Train Epoch 645: 80/87 Loss: 0.013624
2026-05-18 13:49: **********Train Epoch 645: averaged Loss: 0.004258
2026-05-18 13:49: **********Val Epoch 645: average Loss: 0.004984
2026-05-18 13:49: Train Epoch 646: 0/87 Loss: 0.013130
2026-05-18 13:49: Train Epoch 646: 20/87 Loss: 0.001966
2026-05-18 13:49: Train Epoch 646: 40/87 Loss: 0.002597
2026-05-18 13:49: Train Epoch 646: 60/87 Loss: 0.002432
2026-05-18 13:49: Train Epoch 646: 80/87 Loss: 0.013650
2026-05-18 13:49: **********Train Epoch 646: averaged Loss: 0.004973
2026-05-18 13:49: **********Val Epoch 646: average Loss: 0.011438
2026-05-18 13:49: Train Epoch 647: 0/87 Loss: 0.015890
2026-05-18 13:49: Train Epoch 647: 20/87 Loss: 0.002148
2026-05-18 13:49: Train Epoch 647: 40/87 Loss: 0.002564
2026-05-18 13:49: Train Epoch 647: 60/87 Loss: 0.016848
2026-05-18 13:49: Train Epoch 647: 80/87 Loss: 0.031461
2026-05-18 13:49: **********Train Epoch 647: averaged Loss: 0.009348
2026-05-18 13:49: **********Val Epoch 647: average Loss: 0.007368
2026-05-18 13:49: Train Epoch 648: 0/87 Loss: 0.072315
2026-05-18 13:49: Train Epoch 648: 20/87 Loss: 0.017143
2026-05-18 13:49: Train Epoch 648: 40/87 Loss: 0.012214
2026-05-18 13:49: Train Epoch 648: 60/87 Loss: 0.005547
2026-05-18 13:49: Train Epoch 648: 80/87 Loss: 0.029845
2026-05-18 13:49: **********Train Epoch 648: averaged Loss: 0.015147
2026-05-18 13:49: **********Val Epoch 648: average Loss: 0.026896
2026-05-18 13:49: Train Epoch 649: 0/87 Loss: 0.047239
2026-05-18 13:49: Train Epoch 649: 20/87 Loss: 0.013208
2026-05-18 13:49: Train Epoch 649: 40/87 Loss: 0.005469
2026-05-18 13:49: Train Epoch 649: 60/87 Loss: 0.001665
2026-05-18 13:49: Train Epoch 649: 80/87 Loss: 0.018820
2026-05-18 13:49: **********Train Epoch 649: averaged Loss: 0.010316
2026-05-18 13:49: **********Val Epoch 649: average Loss: 0.006373
2026-05-18 13:49: Train Epoch 650: 0/87 Loss: 0.011492
2026-05-18 13:49: Train Epoch 650: 20/87 Loss: 0.002057
2026-05-18 13:49: Train Epoch 650: 40/87 Loss: 0.002898
2026-05-18 13:49: Train Epoch 650: 60/87 Loss: 0.007758
2026-05-18 13:49: Train Epoch 650: 80/87 Loss: 0.013372
2026-05-18 13:49: **********Train Epoch 650: averaged Loss: 0.004927
2026-05-18 13:49: **********Val Epoch 650: average Loss: 0.009077
2026-05-18 13:49: Train Epoch 651: 0/87 Loss: 0.034074
2026-05-18 13:49: Train Epoch 651: 20/87 Loss: 0.010099
2026-05-18 13:49: Train Epoch 651: 40/87 Loss: 0.004776
2026-05-18 13:49: Train Epoch 651: 60/87 Loss: 0.005883
2026-05-18 13:49: Train Epoch 651: 80/87 Loss: 0.027473
2026-05-18 13:49: **********Train Epoch 651: averaged Loss: 0.009403
2026-05-18 13:49: **********Val Epoch 651: average Loss: 0.019630
2026-05-18 13:49: Train Epoch 652: 0/87 Loss: 0.033724
2026-05-18 13:49: Train Epoch 652: 20/87 Loss: 0.001916
2026-05-18 13:50: Train Epoch 652: 40/87 Loss: 0.005762
2026-05-18 13:50: Train Epoch 652: 60/87 Loss: 0.003859
2026-05-18 13:50: Train Epoch 652: 80/87 Loss: 0.024100
2026-05-18 13:50: **********Train Epoch 652: averaged Loss: 0.008294
2026-05-18 13:50: **********Val Epoch 652: average Loss: 0.028282
2026-05-18 13:50: Train Epoch 653: 0/87 Loss: 0.010341
2026-05-18 13:50: Train Epoch 653: 20/87 Loss: 0.002412
2026-05-18 13:50: Train Epoch 653: 40/87 Loss: 0.004021
2026-05-18 13:50: Train Epoch 653: 60/87 Loss: 0.003926
2026-05-18 13:50: Train Epoch 653: 80/87 Loss: 0.014964
2026-05-18 13:50: **********Train Epoch 653: averaged Loss: 0.005896
2026-05-18 13:50: **********Val Epoch 653: average Loss: 0.028722
2026-05-18 13:50: Train Epoch 654: 0/87 Loss: 0.043160
2026-05-18 13:50: Train Epoch 654: 20/87 Loss: 0.003919
2026-05-18 13:50: Train Epoch 654: 40/87 Loss: 0.002718
2026-05-18 13:50: Train Epoch 654: 60/87 Loss: 0.002244
2026-05-18 13:50: Train Epoch 654: 80/87 Loss: 0.012708
2026-05-18 13:50: **********Train Epoch 654: averaged Loss: 0.006955
2026-05-18 13:50: **********Val Epoch 654: average Loss: 0.014567
2026-05-18 13:50: Train Epoch 655: 0/87 Loss: 0.006506
2026-05-18 13:50: Train Epoch 655: 20/87 Loss: 0.002543
2026-05-18 13:50: Train Epoch 655: 40/87 Loss: 0.005054
2026-05-18 13:50: Train Epoch 655: 60/87 Loss: 0.001734
2026-05-18 13:50: Train Epoch 655: 80/87 Loss: 0.018765
2026-05-18 13:50: **********Train Epoch 655: averaged Loss: 0.005998
2026-05-18 13:50: **********Val Epoch 655: average Loss: 0.005791
2026-05-18 13:50: Train Epoch 656: 0/87 Loss: 0.011121
2026-05-18 13:50: Train Epoch 656: 20/87 Loss: 0.005502
2026-05-18 13:50: Train Epoch 656: 40/87 Loss: 0.003081
2026-05-18 13:50: Train Epoch 656: 60/87 Loss: 0.009137
2026-05-18 13:50: Train Epoch 656: 80/87 Loss: 0.029612
2026-05-18 13:50: **********Train Epoch 656: averaged Loss: 0.006497
2026-05-18 13:50: **********Val Epoch 656: average Loss: 0.034534
2026-05-18 13:50: Train Epoch 657: 0/87 Loss: 0.051131
2026-05-18 13:50: Train Epoch 657: 20/87 Loss: 0.006769
2026-05-18 13:50: Train Epoch 657: 40/87 Loss: 0.004588
2026-05-18 13:50: Train Epoch 657: 60/87 Loss: 0.001204
2026-05-18 13:50: Train Epoch 657: 80/87 Loss: 0.017332
2026-05-18 13:50: **********Train Epoch 657: averaged Loss: 0.007804
2026-05-18 13:50: **********Val Epoch 657: average Loss: 0.005728
2026-05-18 13:50: Train Epoch 658: 0/87 Loss: 0.003400
2026-05-18 13:50: Train Epoch 658: 20/87 Loss: 0.002371
2026-05-18 13:50: Train Epoch 658: 40/87 Loss: 0.002592
2026-05-18 13:50: Train Epoch 658: 60/87 Loss: 0.001677
2026-05-18 13:50: Train Epoch 658: 80/87 Loss: 0.015562
2026-05-18 13:50: **********Train Epoch 658: averaged Loss: 0.003806
2026-05-18 13:50: **********Val Epoch 658: average Loss: 0.025768
2026-05-18 13:50: Train Epoch 659: 0/87 Loss: 0.010579
2026-05-18 13:50: Train Epoch 659: 20/87 Loss: 0.003870
2026-05-18 13:50: Train Epoch 659: 40/87 Loss: 0.002745
2026-05-18 13:50: Train Epoch 659: 60/87 Loss: 0.002001
2026-05-18 13:50: Train Epoch 659: 80/87 Loss: 0.013437
2026-05-18 13:50: **********Train Epoch 659: averaged Loss: 0.004186
2026-05-18 13:50: **********Val Epoch 659: average Loss: 0.010262
2026-05-18 13:50: Train Epoch 660: 0/87 Loss: 0.004055
2026-05-18 13:50: Train Epoch 660: 20/87 Loss: 0.003770
2026-05-18 13:50: Train Epoch 660: 40/87 Loss: 0.003528
2026-05-18 13:50: Train Epoch 660: 60/87 Loss: 0.004374
2026-05-18 13:50: Train Epoch 660: 80/87 Loss: 0.015169
2026-05-18 13:50: **********Train Epoch 660: averaged Loss: 0.004314
2026-05-18 13:50: **********Val Epoch 660: average Loss: 0.004374
2026-05-18 13:50: Train Epoch 661: 0/87 Loss: 0.016097
2026-05-18 13:50: Train Epoch 661: 20/87 Loss: 0.002876
2026-05-18 13:50: Train Epoch 661: 40/87 Loss: 0.002662
2026-05-18 13:50: Train Epoch 661: 60/87 Loss: 0.003821
2026-05-18 13:50: Train Epoch 661: 80/87 Loss: 0.015095
2026-05-18 13:50: **********Train Epoch 661: averaged Loss: 0.005473
2026-05-18 13:50: **********Val Epoch 661: average Loss: 0.003975
2026-05-18 13:50: *********************************Current best model saved!
2026-05-18 13:50: Train Epoch 662: 0/87 Loss: 0.010355
2026-05-18 13:50: Train Epoch 662: 20/87 Loss: 0.002521
2026-05-18 13:50: Train Epoch 662: 40/87 Loss: 0.002736
2026-05-18 13:50: Train Epoch 662: 60/87 Loss: 0.005000
2026-05-18 13:50: Train Epoch 662: 80/87 Loss: 0.027953
2026-05-18 13:50: **********Train Epoch 662: averaged Loss: 0.005706
2026-05-18 13:50: **********Val Epoch 662: average Loss: 0.009610
2026-05-18 13:50: Train Epoch 663: 0/87 Loss: 0.044932
2026-05-18 13:50: Train Epoch 663: 20/87 Loss: 0.010296
2026-05-18 13:50: Train Epoch 663: 40/87 Loss: 0.005170
2026-05-18 13:50: Train Epoch 663: 60/87 Loss: 0.003419
2026-05-18 13:50: Train Epoch 663: 80/87 Loss: 0.019306
2026-05-18 13:50: **********Train Epoch 663: averaged Loss: 0.010455
2026-05-18 13:50: **********Val Epoch 663: average Loss: 0.016697
2026-05-18 13:50: Train Epoch 664: 0/87 Loss: 0.006758
2026-05-18 13:50: Train Epoch 664: 20/87 Loss: 0.006279
2026-05-18 13:50: Train Epoch 664: 40/87 Loss: 0.002589
2026-05-18 13:50: Train Epoch 664: 60/87 Loss: 0.001141
2026-05-18 13:50: Train Epoch 664: 80/87 Loss: 0.013495
2026-05-18 13:50: **********Train Epoch 664: averaged Loss: 0.004442
2026-05-18 13:50: **********Val Epoch 664: average Loss: 0.015846
2026-05-18 13:50: Train Epoch 665: 0/87 Loss: 0.018463
2026-05-18 13:50: Train Epoch 665: 20/87 Loss: 0.002136
2026-05-18 13:50: Train Epoch 665: 40/87 Loss: 0.002628
2026-05-18 13:50: Train Epoch 665: 60/87 Loss: 0.001591
2026-05-18 13:50: Train Epoch 665: 80/87 Loss: 0.013129
2026-05-18 13:50: **********Train Epoch 665: averaged Loss: 0.004439
2026-05-18 13:50: **********Val Epoch 665: average Loss: 0.013177
2026-05-18 13:50: Train Epoch 666: 0/87 Loss: 0.013067
2026-05-18 13:50: Train Epoch 666: 20/87 Loss: 0.001904
2026-05-18 13:50: Train Epoch 666: 40/87 Loss: 0.002557
2026-05-18 13:50: Train Epoch 666: 60/87 Loss: 0.002012
2026-05-18 13:51: Train Epoch 666: 80/87 Loss: 0.023087
2026-05-18 13:51: **********Train Epoch 666: averaged Loss: 0.005720
2026-05-18 13:51: **********Val Epoch 666: average Loss: 0.005734
2026-05-18 13:51: Train Epoch 667: 0/87 Loss: 0.020468
2026-05-18 13:51: Train Epoch 667: 20/87 Loss: 0.005869
2026-05-18 13:51: Train Epoch 667: 40/87 Loss: 0.002757
2026-05-18 13:51: Train Epoch 667: 60/87 Loss: 0.001998
2026-05-18 13:51: Train Epoch 667: 80/87 Loss: 0.013827
2026-05-18 13:51: **********Train Epoch 667: averaged Loss: 0.005134
2026-05-18 13:51: **********Val Epoch 667: average Loss: 0.021186
2026-05-18 13:51: Train Epoch 668: 0/87 Loss: 0.006070
2026-05-18 13:51: Train Epoch 668: 20/87 Loss: 0.002114
2026-05-18 13:51: Train Epoch 668: 40/87 Loss: 0.002615
2026-05-18 13:51: Train Epoch 668: 60/87 Loss: 0.006250
2026-05-18 13:51: Train Epoch 668: 80/87 Loss: 0.018863
2026-05-18 13:51: **********Train Epoch 668: averaged Loss: 0.005922
2026-05-18 13:51: **********Val Epoch 668: average Loss: 0.028539
2026-05-18 13:51: Train Epoch 669: 0/87 Loss: 0.035493
2026-05-18 13:51: Train Epoch 669: 20/87 Loss: 0.011562
2026-05-18 13:51: Train Epoch 669: 40/87 Loss: 0.003773
2026-05-18 13:51: Train Epoch 669: 60/87 Loss: 0.016574
2026-05-18 13:51: Train Epoch 669: 80/87 Loss: 0.042199
2026-05-18 13:51: **********Train Epoch 669: averaged Loss: 0.013033
2026-05-18 13:51: **********Val Epoch 669: average Loss: 0.045703
2026-05-18 13:51: Train Epoch 670: 0/87 Loss: 0.085695
2026-05-18 13:51: Train Epoch 670: 20/87 Loss: 0.013390
2026-05-18 13:51: Train Epoch 670: 40/87 Loss: 0.004328
2026-05-18 13:51: Train Epoch 670: 60/87 Loss: 0.001671
2026-05-18 13:51: Train Epoch 670: 80/87 Loss: 0.012599
2026-05-18 13:51: **********Train Epoch 670: averaged Loss: 0.012740
2026-05-18 13:51: **********Val Epoch 670: average Loss: 0.010015
2026-05-18 13:51: Train Epoch 671: 0/87 Loss: 0.033314
2026-05-18 13:51: Train Epoch 671: 20/87 Loss: 0.011228
2026-05-18 13:51: Train Epoch 671: 40/87 Loss: 0.004165
2026-05-18 13:51: Train Epoch 671: 60/87 Loss: 0.007392
2026-05-18 13:51: Train Epoch 671: 80/87 Loss: 0.043141
2026-05-18 13:51: **********Train Epoch 671: averaged Loss: 0.011244
2026-05-18 13:51: **********Val Epoch 671: average Loss: 0.008533
2026-05-18 13:51: Train Epoch 672: 0/87 Loss: 0.050237
2026-05-18 13:51: Train Epoch 672: 20/87 Loss: 0.009083
2026-05-18 13:51: Train Epoch 672: 40/87 Loss: 0.009060
2026-05-18 13:51: Train Epoch 672: 60/87 Loss: 0.003566
2026-05-18 13:51: Train Epoch 672: 80/87 Loss: 0.024129
2026-05-18 13:51: **********Train Epoch 672: averaged Loss: 0.011899
2026-05-18 13:51: **********Val Epoch 672: average Loss: 0.020669
2026-05-18 13:51: Train Epoch 673: 0/87 Loss: 0.025277
2026-05-18 13:51: Train Epoch 673: 20/87 Loss: 0.001907
2026-05-18 13:51: Train Epoch 673: 40/87 Loss: 0.005375
2026-05-18 13:51: Train Epoch 673: 60/87 Loss: 0.003608
2026-05-18 13:51: Train Epoch 673: 80/87 Loss: 0.015261
2026-05-18 13:51: **********Train Epoch 673: averaged Loss: 0.006153
2026-05-18 13:51: **********Val Epoch 673: average Loss: 0.005836
2026-05-18 13:51: Train Epoch 674: 0/87 Loss: 0.029426
2026-05-18 13:51: Train Epoch 674: 20/87 Loss: 0.002717
2026-05-18 13:51: Train Epoch 674: 40/87 Loss: 0.004266
2026-05-18 13:51: Train Epoch 674: 60/87 Loss: 0.008384
2026-05-18 13:51: Train Epoch 674: 80/87 Loss: 0.013649
2026-05-18 13:51: **********Train Epoch 674: averaged Loss: 0.007098
2026-05-18 13:51: **********Val Epoch 674: average Loss: 0.026178
2026-05-18 13:51: Train Epoch 675: 0/87 Loss: 0.025212
2026-05-18 13:51: Train Epoch 675: 20/87 Loss: 0.003238
2026-05-18 13:51: Train Epoch 675: 40/87 Loss: 0.003156
2026-05-18 13:51: Train Epoch 675: 60/87 Loss: 0.001744
2026-05-18 13:51: Train Epoch 675: 80/87 Loss: 0.013444
2026-05-18 13:51: **********Train Epoch 675: averaged Loss: 0.005133
2026-05-18 13:51: **********Val Epoch 675: average Loss: 0.018231
2026-05-18 13:51: Train Epoch 676: 0/87 Loss: 0.005337
2026-05-18 13:51: Train Epoch 676: 20/87 Loss: 0.007740
2026-05-18 13:51: Train Epoch 676: 40/87 Loss: 0.004415
2026-05-18 13:51: Train Epoch 676: 60/87 Loss: 0.011438
2026-05-18 13:51: Train Epoch 676: 80/87 Loss: 0.015641
2026-05-18 13:51: **********Train Epoch 676: averaged Loss: 0.006051
2026-05-18 13:51: **********Val Epoch 676: average Loss: 0.016457
2026-05-18 13:51: Train Epoch 677: 0/87 Loss: 0.024471
2026-05-18 13:51: Train Epoch 677: 20/87 Loss: 0.008188
2026-05-18 13:51: Train Epoch 677: 40/87 Loss: 0.003154
2026-05-18 13:51: Train Epoch 677: 60/87 Loss: 0.005635
2026-05-18 13:51: Train Epoch 677: 80/87 Loss: 0.033211
2026-05-18 13:51: **********Train Epoch 677: averaged Loss: 0.008049
2026-05-18 13:51: **********Val Epoch 677: average Loss: 0.029006
2026-05-18 13:51: Train Epoch 678: 0/87 Loss: 0.054355
2026-05-18 13:51: Train Epoch 678: 20/87 Loss: 0.009430
2026-05-18 13:51: Train Epoch 678: 40/87 Loss: 0.005357
2026-05-18 13:51: Train Epoch 678: 60/87 Loss: 0.001119
2026-05-18 13:51: Train Epoch 678: 80/87 Loss: 0.013231
2026-05-18 13:51: **********Train Epoch 678: averaged Loss: 0.009128
2026-05-18 13:51: **********Val Epoch 678: average Loss: 0.011247
2026-05-18 13:51: Train Epoch 679: 0/87 Loss: 0.023981
2026-05-18 13:51: Train Epoch 679: 20/87 Loss: 0.003227
2026-05-18 13:51: Train Epoch 679: 40/87 Loss: 0.002803
2026-05-18 13:51: Train Epoch 679: 60/87 Loss: 0.007517
2026-05-18 13:51: Train Epoch 679: 80/87 Loss: 0.037571
2026-05-18 13:51: **********Train Epoch 679: averaged Loss: 0.009325
2026-05-18 13:51: **********Val Epoch 679: average Loss: 0.021280
2026-05-18 13:51: Train Epoch 680: 0/87 Loss: 0.048657
2026-05-18 13:51: Train Epoch 680: 20/87 Loss: 0.011492
2026-05-18 13:51: Train Epoch 680: 40/87 Loss: 0.003234
2026-05-18 13:51: Train Epoch 680: 60/87 Loss: 0.003867
2026-05-18 13:51: Train Epoch 680: 80/87 Loss: 0.034906
2026-05-18 13:51: **********Train Epoch 680: averaged Loss: 0.010510
2026-05-18 13:51: **********Val Epoch 680: average Loss: 0.033469
2026-05-18 13:51: Train Epoch 681: 0/87 Loss: 0.044556
2026-05-18 13:51: Train Epoch 681: 20/87 Loss: 0.008185
2026-05-18 13:51: Train Epoch 681: 40/87 Loss: 0.003376
2026-05-18 13:52: Train Epoch 681: 60/87 Loss: 0.004005
2026-05-18 13:52: Train Epoch 681: 80/87 Loss: 0.013442
2026-05-18 13:52: **********Train Epoch 681: averaged Loss: 0.007011
2026-05-18 13:52: **********Val Epoch 681: average Loss: 0.007662
2026-05-18 13:52: Train Epoch 682: 0/87 Loss: 0.023389
2026-05-18 13:52: Train Epoch 682: 20/87 Loss: 0.003650
2026-05-18 13:52: Train Epoch 682: 40/87 Loss: 0.004013
2026-05-18 13:52: Train Epoch 682: 60/87 Loss: 0.001338
2026-05-18 13:52: Train Epoch 682: 80/87 Loss: 0.014927
2026-05-18 13:52: **********Train Epoch 682: averaged Loss: 0.005319
2026-05-18 13:52: **********Val Epoch 682: average Loss: 0.018383
2026-05-18 13:52: Train Epoch 683: 0/87 Loss: 0.007932
2026-05-18 13:52: Train Epoch 683: 20/87 Loss: 0.003094
2026-05-18 13:52: Train Epoch 683: 40/87 Loss: 0.002937
2026-05-18 13:52: Train Epoch 683: 60/87 Loss: 0.001749
2026-05-18 13:52: Train Epoch 683: 80/87 Loss: 0.019550
2026-05-18 13:52: **********Train Epoch 683: averaged Loss: 0.005178
2026-05-18 13:52: **********Val Epoch 683: average Loss: 0.006614
2026-05-18 13:52: Train Epoch 684: 0/87 Loss: 0.019609
2026-05-18 13:52: Train Epoch 684: 20/87 Loss: 0.007684
2026-05-18 13:52: Train Epoch 684: 40/87 Loss: 0.003516
2026-05-18 13:52: Train Epoch 684: 60/87 Loss: 0.006497
2026-05-18 13:52: Train Epoch 684: 80/87 Loss: 0.027093
2026-05-18 13:52: **********Train Epoch 684: averaged Loss: 0.006376
2026-05-18 13:52: **********Val Epoch 684: average Loss: 0.027469
2026-05-18 13:52: Train Epoch 685: 0/87 Loss: 0.035662
2026-05-18 13:52: Train Epoch 685: 20/87 Loss: 0.009882
2026-05-18 13:52: Train Epoch 685: 40/87 Loss: 0.004999
2026-05-18 13:52: Train Epoch 685: 60/87 Loss: 0.002105
2026-05-18 13:52: Train Epoch 685: 80/87 Loss: 0.020787
2026-05-18 13:52: **********Train Epoch 685: averaged Loss: 0.008300
2026-05-18 13:52: **********Val Epoch 685: average Loss: 0.009329
2026-05-18 13:52: Train Epoch 686: 0/87 Loss: 0.016096
2026-05-18 13:52: Train Epoch 686: 20/87 Loss: 0.007571
2026-05-18 13:52: Train Epoch 686: 40/87 Loss: 0.004107
2026-05-18 13:52: Train Epoch 686: 60/87 Loss: 0.001774
2026-05-18 13:52: Train Epoch 686: 80/87 Loss: 0.017767
2026-05-18 13:52: **********Train Epoch 686: averaged Loss: 0.005531
2026-05-18 13:52: **********Val Epoch 686: average Loss: 0.046096
2026-05-18 13:52: Train Epoch 687: 0/87 Loss: 0.006606
2026-05-18 13:52: Train Epoch 687: 20/87 Loss: 0.003482
2026-05-18 13:52: Train Epoch 687: 40/87 Loss: 0.002570
2026-05-18 13:52: Train Epoch 687: 60/87 Loss: 0.003093
2026-05-18 13:52: Train Epoch 687: 80/87 Loss: 0.014572
2026-05-18 13:52: **********Train Epoch 687: averaged Loss: 0.004313
2026-05-18 13:52: **********Val Epoch 687: average Loss: 0.012693
2026-05-18 13:52: Train Epoch 688: 0/87 Loss: 0.005432
2026-05-18 13:52: Train Epoch 688: 20/87 Loss: 0.002670
2026-05-18 13:52: Train Epoch 688: 40/87 Loss: 0.002381
2026-05-18 13:52: Train Epoch 688: 60/87 Loss: 0.003532
2026-05-18 13:52: Train Epoch 688: 80/87 Loss: 0.014589
2026-05-18 13:52: **********Train Epoch 688: averaged Loss: 0.005457
2026-05-18 13:52: **********Val Epoch 688: average Loss: 0.015845
2026-05-18 13:52: Train Epoch 689: 0/87 Loss: 0.038765
2026-05-18 13:52: Train Epoch 689: 20/87 Loss: 0.008936
2026-05-18 13:52: Train Epoch 689: 40/87 Loss: 0.016165
2026-05-18 13:52: Train Epoch 689: 60/87 Loss: 0.002847
2026-05-18 13:52: Train Epoch 689: 80/87 Loss: 0.049673
2026-05-18 13:52: **********Train Epoch 689: averaged Loss: 0.015789
2026-05-18 13:52: **********Val Epoch 689: average Loss: 0.037085
2026-05-18 13:52: Train Epoch 690: 0/87 Loss: 0.079892
2026-05-18 13:52: Train Epoch 690: 20/87 Loss: 0.012729
2026-05-18 13:52: Train Epoch 690: 40/87 Loss: 0.006453
2026-05-18 13:52: Train Epoch 690: 60/87 Loss: 0.001286
2026-05-18 13:52: Train Epoch 690: 80/87 Loss: 0.019167
2026-05-18 13:52: **********Train Epoch 690: averaged Loss: 0.013087
2026-05-18 13:52: **********Val Epoch 690: average Loss: 0.037099
2026-05-18 13:52: Train Epoch 691: 0/87 Loss: 0.028566
2026-05-18 13:52: Train Epoch 691: 20/87 Loss: 0.002274
2026-05-18 13:52: Train Epoch 691: 40/87 Loss: 0.002467
2026-05-18 13:52: Train Epoch 691: 60/87 Loss: 0.005406
2026-05-18 13:52: Train Epoch 691: 80/87 Loss: 0.017381
2026-05-18 13:52: **********Train Epoch 691: averaged Loss: 0.006652
2026-05-18 13:52: **********Val Epoch 691: average Loss: 0.025411
2026-05-18 13:52: Train Epoch 692: 0/87 Loss: 0.041149
2026-05-18 13:52: Train Epoch 692: 20/87 Loss: 0.002831
2026-05-18 13:52: Train Epoch 692: 40/87 Loss: 0.005031
2026-05-18 13:52: Train Epoch 692: 60/87 Loss: 0.006371
2026-05-18 13:52: Train Epoch 692: 80/87 Loss: 0.022707
2026-05-18 13:52: **********Train Epoch 692: averaged Loss: 0.009444
2026-05-18 13:52: **********Val Epoch 692: average Loss: 0.022865
2026-05-18 13:52: Train Epoch 693: 0/87 Loss: 0.029494
2026-05-18 13:52: Train Epoch 693: 20/87 Loss: 0.003778
2026-05-18 13:52: Train Epoch 693: 40/87 Loss: 0.002882
2026-05-18 13:52: Train Epoch 693: 60/87 Loss: 0.002053
2026-05-18 13:52: Train Epoch 693: 80/87 Loss: 0.015244
2026-05-18 13:52: **********Train Epoch 693: averaged Loss: 0.006530
2026-05-18 13:52: **********Val Epoch 693: average Loss: 0.007925
2026-05-18 13:52: Train Epoch 694: 0/87 Loss: 0.003570
2026-05-18 13:52: Train Epoch 694: 20/87 Loss: 0.001926
2026-05-18 13:52: Train Epoch 694: 40/87 Loss: 0.002600
2026-05-18 13:52: Train Epoch 694: 60/87 Loss: 0.001880
2026-05-18 13:52: Train Epoch 694: 80/87 Loss: 0.013606
2026-05-18 13:52: **********Train Epoch 694: averaged Loss: 0.004068
2026-05-18 13:52: **********Val Epoch 694: average Loss: 0.013922
2026-05-18 13:52: Train Epoch 695: 0/87 Loss: 0.012403
2026-05-18 13:52: Train Epoch 695: 20/87 Loss: 0.005297
2026-05-18 13:52: Train Epoch 695: 40/87 Loss: 0.004712
2026-05-18 13:52: Train Epoch 695: 60/87 Loss: 0.007658
2026-05-18 13:52: Train Epoch 695: 80/87 Loss: 0.030499
2026-05-18 13:52: **********Train Epoch 695: averaged Loss: 0.006579
2026-05-18 13:52: **********Val Epoch 695: average Loss: 0.007222
2026-05-18 13:52: Train Epoch 696: 0/87 Loss: 0.046822
2026-05-18 13:52: Train Epoch 696: 20/87 Loss: 0.005767
2026-05-18 13:52: Train Epoch 696: 40/87 Loss: 0.007693
2026-05-18 13:52: Train Epoch 696: 60/87 Loss: 0.001504
2026-05-18 13:52: Train Epoch 696: 80/87 Loss: 0.018604
2026-05-18 13:52: **********Train Epoch 696: averaged Loss: 0.010498
2026-05-18 13:53: **********Val Epoch 696: average Loss: 0.018131
2026-05-18 13:53: Train Epoch 697: 0/87 Loss: 0.006570
2026-05-18 13:53: Train Epoch 697: 20/87 Loss: 0.002076
2026-05-18 13:53: Train Epoch 697: 40/87 Loss: 0.005782
2026-05-18 13:53: Train Epoch 697: 60/87 Loss: 0.001940
2026-05-18 13:53: Train Epoch 697: 80/87 Loss: 0.018588
2026-05-18 13:53: **********Train Epoch 697: averaged Loss: 0.007189
2026-05-18 13:53: **********Val Epoch 697: average Loss: 0.011274
2026-05-18 13:53: Train Epoch 698: 0/87 Loss: 0.004406
2026-05-18 13:53: Train Epoch 698: 20/87 Loss: 0.002954
2026-05-18 13:53: Train Epoch 698: 40/87 Loss: 0.002674
2026-05-18 13:53: Train Epoch 698: 60/87 Loss: 0.007966
2026-05-18 13:53: Train Epoch 698: 80/87 Loss: 0.039038
2026-05-18 13:53: **********Train Epoch 698: averaged Loss: 0.009524
2026-05-18 13:53: **********Val Epoch 698: average Loss: 0.039783
2026-05-18 13:53: Train Epoch 699: 0/87 Loss: 0.062574
2026-05-18 13:53: Train Epoch 699: 20/87 Loss: 0.018521
2026-05-18 13:53: Train Epoch 699: 40/87 Loss: 0.002923
2026-05-18 13:53: Train Epoch 699: 60/87 Loss: 0.001330
2026-05-18 13:53: Train Epoch 699: 80/87 Loss: 0.018426
2026-05-18 13:53: **********Train Epoch 699: averaged Loss: 0.011975
2026-05-18 13:53: **********Val Epoch 699: average Loss: 0.023324
2026-05-18 13:53: Train Epoch 700: 0/87 Loss: 0.022259
2026-05-18 13:53: Train Epoch 700: 20/87 Loss: 0.004146
2026-05-18 13:53: Train Epoch 700: 40/87 Loss: 0.005103
2026-05-18 13:53: Train Epoch 700: 60/87 Loss: 0.002551
2026-05-18 13:53: Train Epoch 700: 80/87 Loss: 0.018916
2026-05-18 13:53: **********Train Epoch 700: averaged Loss: 0.006900
2026-05-18 13:53: **********Val Epoch 700: average Loss: 0.018165
2026-05-18 13:53: Train Epoch 701: 0/87 Loss: 0.024205
2026-05-18 13:53: Train Epoch 701: 20/87 Loss: 0.008030
2026-05-18 13:53: Train Epoch 701: 40/87 Loss: 0.002614
2026-05-18 13:53: Train Epoch 701: 60/87 Loss: 0.005699
2026-05-18 13:53: Train Epoch 701: 80/87 Loss: 0.029194
2026-05-18 13:53: **********Train Epoch 701: averaged Loss: 0.007469
2026-05-18 13:53: **********Val Epoch 701: average Loss: 0.032575
2026-05-18 13:53: Train Epoch 702: 0/87 Loss: 0.042771
2026-05-18 13:53: Train Epoch 702: 20/87 Loss: 0.007528
2026-05-18 13:53: Train Epoch 702: 40/87 Loss: 0.002712
2026-05-18 13:53: Train Epoch 702: 60/87 Loss: 0.002658
2026-05-18 13:53: Train Epoch 702: 80/87 Loss: 0.012994
2026-05-18 13:53: **********Train Epoch 702: averaged Loss: 0.007274
2026-05-18 13:53: **********Val Epoch 702: average Loss: 0.014853
2026-05-18 13:53: Train Epoch 703: 0/87 Loss: 0.011179
2026-05-18 13:53: Train Epoch 703: 20/87 Loss: 0.002156
2026-05-18 13:53: Train Epoch 703: 40/87 Loss: 0.002764
2026-05-18 13:53: Train Epoch 703: 60/87 Loss: 0.002156
2026-05-18 13:53: Train Epoch 703: 80/87 Loss: 0.020095
2026-05-18 13:53: **********Train Epoch 703: averaged Loss: 0.005213
2026-05-18 13:53: **********Val Epoch 703: average Loss: 0.006288
2026-05-18 13:53: Train Epoch 704: 0/87 Loss: 0.022295
2026-05-18 13:53: Train Epoch 704: 20/87 Loss: 0.006185
2026-05-18 13:53: Train Epoch 704: 40/87 Loss: 0.005974
2026-05-18 13:53: Train Epoch 704: 60/87 Loss: 0.001648
2026-05-18 13:53: Train Epoch 704: 80/87 Loss: 0.028702
2026-05-18 13:53: **********Train Epoch 704: averaged Loss: 0.008168
2026-05-18 13:53: **********Val Epoch 704: average Loss: 0.025013
2026-05-18 13:53: Train Epoch 705: 0/87 Loss: 0.042092
2026-05-18 13:53: Train Epoch 705: 20/87 Loss: 0.011008
2026-05-18 13:53: Train Epoch 705: 40/87 Loss: 0.002516
2026-05-18 13:53: Train Epoch 705: 60/87 Loss: 0.002522
2026-05-18 13:53: Train Epoch 705: 80/87 Loss: 0.019288
2026-05-18 13:53: **********Train Epoch 705: averaged Loss: 0.007804
2026-05-18 13:53: **********Val Epoch 705: average Loss: 0.008578
2026-05-18 13:53: Train Epoch 706: 0/87 Loss: 0.018498
2026-05-18 13:53: Train Epoch 706: 20/87 Loss: 0.004769
2026-05-18 13:53: Train Epoch 706: 40/87 Loss: 0.002667
2026-05-18 13:53: Train Epoch 706: 60/87 Loss: 0.007727
2026-05-18 13:53: Train Epoch 706: 80/87 Loss: 0.015903
2026-05-18 13:53: **********Train Epoch 706: averaged Loss: 0.005081
2026-05-18 13:53: **********Val Epoch 706: average Loss: 0.007655
2026-05-18 13:53: Train Epoch 707: 0/87 Loss: 0.024234
2026-05-18 13:53: Train Epoch 707: 20/87 Loss: 0.002398
2026-05-18 13:53: Train Epoch 707: 40/87 Loss: 0.002585
2026-05-18 13:53: Train Epoch 707: 60/87 Loss: 0.004970
2026-05-18 13:53: Train Epoch 707: 80/87 Loss: 0.015514
2026-05-18 13:53: **********Train Epoch 707: averaged Loss: 0.006241
2026-05-18 13:53: **********Val Epoch 707: average Loss: 0.006623
2026-05-18 13:53: Train Epoch 708: 0/87 Loss: 0.034429
2026-05-18 13:53: Train Epoch 708: 20/87 Loss: 0.004469
2026-05-18 13:53: Train Epoch 708: 40/87 Loss: 0.003977
2026-05-18 13:53: Train Epoch 708: 60/87 Loss: 0.005917
2026-05-18 13:53: Train Epoch 708: 80/87 Loss: 0.029790
2026-05-18 13:53: **********Train Epoch 708: averaged Loss: 0.009224
2026-05-18 13:53: **********Val Epoch 708: average Loss: 0.022742
2026-05-18 13:53: Train Epoch 709: 0/87 Loss: 0.046203
2026-05-18 13:53: Train Epoch 709: 20/87 Loss: 0.003303
2026-05-18 13:53: Train Epoch 709: 40/87 Loss: 0.003019
2026-05-18 13:53: Train Epoch 709: 60/87 Loss: 0.004573
2026-05-18 13:53: Train Epoch 709: 80/87 Loss: 0.022165
2026-05-18 13:53: **********Train Epoch 709: averaged Loss: 0.010006
2026-05-18 13:53: **********Val Epoch 709: average Loss: 0.005275
2026-05-18 13:53: Train Epoch 710: 0/87 Loss: 0.003797
2026-05-18 13:53: Train Epoch 710: 20/87 Loss: 0.006600
2026-05-18 13:53: Train Epoch 710: 40/87 Loss: 0.002536
2026-05-18 13:53: Train Epoch 710: 60/87 Loss: 0.002215
2026-05-18 13:53: Train Epoch 710: 80/87 Loss: 0.013142
2026-05-18 13:53: **********Train Epoch 710: averaged Loss: 0.004957
2026-05-18 13:53: **********Val Epoch 710: average Loss: 0.025379
2026-05-18 13:53: Train Epoch 711: 0/87 Loss: 0.021672
2026-05-18 13:53: Train Epoch 711: 20/87 Loss: 0.008447
2026-05-18 13:53: Train Epoch 711: 40/87 Loss: 0.003326
2026-05-18 13:53: Train Epoch 711: 60/87 Loss: 0.001531
2026-05-18 13:53: Train Epoch 711: 80/87 Loss: 0.012259
2026-05-18 13:53: **********Train Epoch 711: averaged Loss: 0.005912
2026-05-18 13:53: **********Val Epoch 711: average Loss: 0.007666
2026-05-18 13:53: Train Epoch 712: 0/87 Loss: 0.029756
2026-05-18 13:54: Train Epoch 712: 20/87 Loss: 0.003601
2026-05-18 13:54: Train Epoch 712: 40/87 Loss: 0.003712
2026-05-18 13:54: Train Epoch 712: 60/87 Loss: 0.001226
2026-05-18 13:54: Train Epoch 712: 80/87 Loss: 0.015056
2026-05-18 13:54: **********Train Epoch 712: averaged Loss: 0.005666
2026-05-18 13:54: **********Val Epoch 712: average Loss: 0.004604
2026-05-18 13:54: Train Epoch 713: 0/87 Loss: 0.027198
2026-05-18 13:54: Train Epoch 713: 20/87 Loss: 0.003205
2026-05-18 13:54: Train Epoch 713: 40/87 Loss: 0.006404
2026-05-18 13:54: Train Epoch 713: 60/87 Loss: 0.004607
2026-05-18 13:54: Train Epoch 713: 80/87 Loss: 0.019108
2026-05-18 13:54: **********Train Epoch 713: averaged Loss: 0.006662
2026-05-18 13:54: **********Val Epoch 713: average Loss: 0.007626
2026-05-18 13:54: Train Epoch 714: 0/87 Loss: 0.009468
2026-05-18 13:54: Train Epoch 714: 20/87 Loss: 0.003004
2026-05-18 13:54: Train Epoch 714: 40/87 Loss: 0.002775
2026-05-18 13:54: Train Epoch 714: 60/87 Loss: 0.001108
2026-05-18 13:54: Train Epoch 714: 80/87 Loss: 0.023804
2026-05-18 13:54: **********Train Epoch 714: averaged Loss: 0.005366
2026-05-18 13:54: **********Val Epoch 714: average Loss: 0.032865
2026-05-18 13:54: Train Epoch 715: 0/87 Loss: 0.002946
2026-05-18 13:54: Train Epoch 715: 20/87 Loss: 0.002159
2026-05-18 13:54: Train Epoch 715: 40/87 Loss: 0.003553
2026-05-18 13:54: Train Epoch 715: 60/87 Loss: 0.001554
2026-05-18 13:54: Train Epoch 715: 80/87 Loss: 0.013723
2026-05-18 13:54: **********Train Epoch 715: averaged Loss: 0.003807
2026-05-18 13:54: **********Val Epoch 715: average Loss: 0.007979
2026-05-18 13:54: Train Epoch 716: 0/87 Loss: 0.009886
2026-05-18 13:54: Train Epoch 716: 20/87 Loss: 0.004838
2026-05-18 13:54: Train Epoch 716: 40/87 Loss: 0.002359
2026-05-18 13:54: Train Epoch 716: 60/87 Loss: 0.004666
2026-05-18 13:54: Train Epoch 716: 80/87 Loss: 0.015093
2026-05-18 13:54: **********Train Epoch 716: averaged Loss: 0.005673
2026-05-18 13:54: **********Val Epoch 716: average Loss: 0.005727
2026-05-18 13:54: Train Epoch 717: 0/87 Loss: 0.044210
2026-05-18 13:54: Train Epoch 717: 20/87 Loss: 0.009431
2026-05-18 13:54: Train Epoch 717: 40/87 Loss: 0.003327
2026-05-18 13:54: Train Epoch 717: 60/87 Loss: 0.007452
2026-05-18 13:54: Train Epoch 717: 80/87 Loss: 0.041505
2026-05-18 13:54: **********Train Epoch 717: averaged Loss: 0.013538
2026-05-18 13:54: **********Val Epoch 717: average Loss: 0.041652
2026-05-18 13:54: Train Epoch 718: 0/87 Loss: 0.078431
2026-05-18 13:54: Train Epoch 718: 20/87 Loss: 0.011210
2026-05-18 13:54: Train Epoch 718: 40/87 Loss: 0.006945
2026-05-18 13:54: Train Epoch 718: 60/87 Loss: 0.007014
2026-05-18 13:54: Train Epoch 718: 80/87 Loss: 0.026674
2026-05-18 13:54: **********Train Epoch 718: averaged Loss: 0.012779
2026-05-18 13:54: **********Val Epoch 718: average Loss: 0.022172
2026-05-18 13:54: Train Epoch 719: 0/87 Loss: 0.036028
2026-05-18 13:54: Train Epoch 719: 20/87 Loss: 0.002068
2026-05-18 13:54: Train Epoch 719: 40/87 Loss: 0.003851
2026-05-18 13:54: Train Epoch 719: 60/87 Loss: 0.007952
2026-05-18 13:54: Train Epoch 719: 80/87 Loss: 0.016898
2026-05-18 13:54: **********Train Epoch 719: averaged Loss: 0.007175
2026-05-18 13:54: **********Val Epoch 719: average Loss: 0.010969
2026-05-18 13:54: Train Epoch 720: 0/87 Loss: 0.016921
2026-05-18 13:54: Train Epoch 720: 20/87 Loss: 0.002812
2026-05-18 13:54: Train Epoch 720: 40/87 Loss: 0.003463
2026-05-18 13:54: Train Epoch 720: 60/87 Loss: 0.002698
2026-05-18 13:54: Train Epoch 720: 80/87 Loss: 0.013585
2026-05-18 13:54: **********Train Epoch 720: averaged Loss: 0.004468
2026-05-18 13:54: **********Val Epoch 720: average Loss: 0.013782
2026-05-18 13:54: Train Epoch 721: 0/87 Loss: 0.008791
2026-05-18 13:54: Train Epoch 721: 20/87 Loss: 0.004310
2026-05-18 13:54: Train Epoch 721: 40/87 Loss: 0.002609
2026-05-18 13:54: Train Epoch 721: 60/87 Loss: 0.002048
2026-05-18 13:54: Train Epoch 721: 80/87 Loss: 0.013372
2026-05-18 13:54: **********Train Epoch 721: averaged Loss: 0.004530
2026-05-18 13:54: **********Val Epoch 721: average Loss: 0.018764
2026-05-18 13:54: Train Epoch 722: 0/87 Loss: 0.019989
2026-05-18 13:54: Train Epoch 722: 20/87 Loss: 0.002001
2026-05-18 13:54: Train Epoch 722: 40/87 Loss: 0.004783
2026-05-18 13:54: Train Epoch 722: 60/87 Loss: 0.008466
2026-05-18 13:54: Train Epoch 722: 80/87 Loss: 0.022326
2026-05-18 13:54: **********Train Epoch 722: averaged Loss: 0.006561
2026-05-18 13:54: **********Val Epoch 722: average Loss: 0.017216
2026-05-18 13:54: Train Epoch 723: 0/87 Loss: 0.039834
2026-05-18 13:54: Train Epoch 723: 20/87 Loss: 0.007957
2026-05-18 13:54: Train Epoch 723: 40/87 Loss: 0.003151
2026-05-18 13:54: Train Epoch 723: 60/87 Loss: 0.009079
2026-05-18 13:54: Train Epoch 723: 80/87 Loss: 0.031911
2026-05-18 13:54: **********Train Epoch 723: averaged Loss: 0.009324
2026-05-18 13:54: **********Val Epoch 723: average Loss: 0.027786
2026-05-18 13:54: Train Epoch 724: 0/87 Loss: 0.031615
2026-05-18 13:54: Train Epoch 724: 20/87 Loss: 0.002960
2026-05-18 13:54: Train Epoch 724: 40/87 Loss: 0.004325
2026-05-18 13:54: Train Epoch 724: 60/87 Loss: 0.002664
2026-05-18 13:54: Train Epoch 724: 80/87 Loss: 0.012178
2026-05-18 13:54: **********Train Epoch 724: averaged Loss: 0.006574
2026-05-18 13:54: **********Val Epoch 724: average Loss: 0.007751
2026-05-18 13:54: Train Epoch 725: 0/87 Loss: 0.034010
2026-05-18 13:54: Train Epoch 725: 20/87 Loss: 0.004865
2026-05-18 13:54: Train Epoch 725: 40/87 Loss: 0.002468
2026-05-18 13:54: Train Epoch 725: 60/87 Loss: 0.001094
2026-05-18 13:54: Train Epoch 725: 80/87 Loss: 0.013358
2026-05-18 13:54: **********Train Epoch 725: averaged Loss: 0.005783
2026-05-18 13:54: **********Val Epoch 725: average Loss: 0.009097
2026-05-18 13:54: Train Epoch 726: 0/87 Loss: 0.018430
2026-05-18 13:54: Train Epoch 726: 20/87 Loss: 0.008073
2026-05-18 13:54: Train Epoch 726: 40/87 Loss: 0.004175
2026-05-18 13:54: Train Epoch 726: 60/87 Loss: 0.008512
2026-05-18 13:54: Train Epoch 726: 80/87 Loss: 0.025253
2026-05-18 13:54: **********Train Epoch 726: averaged Loss: 0.006448
2026-05-18 13:54: **********Val Epoch 726: average Loss: 0.023126
2026-05-18 13:54: Train Epoch 727: 0/87 Loss: 0.043070
2026-05-18 13:54: Train Epoch 727: 20/87 Loss: 0.009579
2026-05-18 13:54: Train Epoch 727: 40/87 Loss: 0.002720
2026-05-18 13:54: Train Epoch 727: 60/87 Loss: 0.006289
2026-05-18 13:54: Train Epoch 727: 80/87 Loss: 0.016596
2026-05-18 13:55: **********Train Epoch 727: averaged Loss: 0.007589
2026-05-18 13:55: **********Val Epoch 727: average Loss: 0.015754
2026-05-18 13:55: Train Epoch 728: 0/87 Loss: 0.017452
2026-05-18 13:55: Train Epoch 728: 20/87 Loss: 0.002007
2026-05-18 13:55: Train Epoch 728: 40/87 Loss: 0.002587
2026-05-18 13:55: Train Epoch 728: 60/87 Loss: 0.003918
2026-05-18 13:55: Train Epoch 728: 80/87 Loss: 0.015101
2026-05-18 13:55: **********Train Epoch 728: averaged Loss: 0.004763
2026-05-18 13:55: **********Val Epoch 728: average Loss: 0.026766
2026-05-18 13:55: Train Epoch 729: 0/87 Loss: 0.003692
2026-05-18 13:55: Train Epoch 729: 20/87 Loss: 0.001847
2026-05-18 13:55: Train Epoch 729: 40/87 Loss: 0.002801
2026-05-18 13:55: Train Epoch 729: 60/87 Loss: 0.001142
2026-05-18 13:55: Train Epoch 729: 80/87 Loss: 0.013154
2026-05-18 13:55: **********Train Epoch 729: averaged Loss: 0.004371
2026-05-18 13:55: **********Val Epoch 729: average Loss: 0.018043
2026-05-18 13:55: Train Epoch 730: 0/87 Loss: 0.028146
2026-05-18 13:55: Train Epoch 730: 20/87 Loss: 0.012073
2026-05-18 13:55: Train Epoch 730: 40/87 Loss: 0.006227
2026-05-18 13:55: Train Epoch 730: 60/87 Loss: 0.006176
2026-05-18 13:55: Train Epoch 730: 80/87 Loss: 0.029751
2026-05-18 13:55: **********Train Epoch 730: averaged Loss: 0.008368
2026-05-18 13:55: **********Val Epoch 730: average Loss: 0.016435
2026-05-18 13:55: Train Epoch 731: 0/87 Loss: 0.049289
2026-05-18 13:55: Train Epoch 731: 20/87 Loss: 0.009547
2026-05-18 13:55: Train Epoch 731: 40/87 Loss: 0.003492
2026-05-18 13:55: Train Epoch 731: 60/87 Loss: 0.004858
2026-05-18 13:55: Train Epoch 731: 80/87 Loss: 0.029029
2026-05-18 13:55: **********Train Epoch 731: averaged Loss: 0.011284
2026-05-18 13:55: **********Val Epoch 731: average Loss: 0.028407
2026-05-18 13:55: Train Epoch 732: 0/87 Loss: 0.029391
2026-05-18 13:55: Train Epoch 732: 20/87 Loss: 0.005787
2026-05-18 13:55: Train Epoch 732: 40/87 Loss: 0.003400
2026-05-18 13:55: Train Epoch 732: 60/87 Loss: 0.003018
2026-05-18 13:55: Train Epoch 732: 80/87 Loss: 0.012964
2026-05-18 13:55: **********Train Epoch 732: averaged Loss: 0.006703
2026-05-18 13:55: **********Val Epoch 732: average Loss: 0.005545
2026-05-18 13:55: Train Epoch 733: 0/87 Loss: 0.007574
2026-05-18 13:55: Train Epoch 733: 20/87 Loss: 0.003860
2026-05-18 13:55: Train Epoch 733: 40/87 Loss: 0.003627
2026-05-18 13:55: Train Epoch 733: 60/87 Loss: 0.002234
2026-05-18 13:55: Train Epoch 733: 80/87 Loss: 0.020368
2026-05-18 13:55: **********Train Epoch 733: averaged Loss: 0.004767
2026-05-18 13:55: **********Val Epoch 733: average Loss: 0.026578
2026-05-18 13:55: Train Epoch 734: 0/87 Loss: 0.025140
2026-05-18 13:55: Train Epoch 734: 20/87 Loss: 0.008272
2026-05-18 13:55: Train Epoch 734: 40/87 Loss: 0.002944
2026-05-18 13:55: Train Epoch 734: 60/87 Loss: 0.001970
2026-05-18 13:55: Train Epoch 734: 80/87 Loss: 0.016481
2026-05-18 13:55: **********Train Epoch 734: averaged Loss: 0.006218
2026-05-18 13:55: **********Val Epoch 734: average Loss: 0.013364
2026-05-18 13:55: Train Epoch 735: 0/87 Loss: 0.031806
2026-05-18 13:55: Train Epoch 735: 20/87 Loss: 0.005600
2026-05-18 13:55: Train Epoch 735: 40/87 Loss: 0.003486
2026-05-18 13:55: Train Epoch 735: 60/87 Loss: 0.004655
2026-05-18 13:55: Train Epoch 735: 80/87 Loss: 0.037698
2026-05-18 13:55: **********Train Epoch 735: averaged Loss: 0.008755
2026-05-18 13:55: **********Val Epoch 735: average Loss: 0.025285
2026-05-18 13:55: Train Epoch 736: 0/87 Loss: 0.041181
2026-05-18 13:55: Train Epoch 736: 20/87 Loss: 0.005007
2026-05-18 13:55: Train Epoch 736: 40/87 Loss: 0.003089
2026-05-18 13:55: Train Epoch 736: 60/87 Loss: 0.004782
2026-05-18 13:55: Train Epoch 736: 80/87 Loss: 0.016530
2026-05-18 13:55: **********Train Epoch 736: averaged Loss: 0.007291
2026-05-18 13:55: **********Val Epoch 736: average Loss: 0.006375
2026-05-18 13:55: Train Epoch 737: 0/87 Loss: 0.007199
2026-05-18 13:55: Train Epoch 737: 20/87 Loss: 0.002832
2026-05-18 13:55: Train Epoch 737: 40/87 Loss: 0.002462
2026-05-18 13:55: Train Epoch 737: 60/87 Loss: 0.001134
2026-05-18 13:55: Train Epoch 737: 80/87 Loss: 0.015067
2026-05-18 13:55: **********Train Epoch 737: averaged Loss: 0.004322
2026-05-18 13:55: **********Val Epoch 737: average Loss: 0.026175
2026-05-18 13:55: Train Epoch 738: 0/87 Loss: 0.013488
2026-05-18 13:55: Train Epoch 738: 20/87 Loss: 0.002552
2026-05-18 13:55: Train Epoch 738: 40/87 Loss: 0.003001
2026-05-18 13:55: Train Epoch 738: 60/87 Loss: 0.005645
2026-05-18 13:55: Train Epoch 738: 80/87 Loss: 0.015823
2026-05-18 13:55: **********Train Epoch 738: averaged Loss: 0.005325
2026-05-18 13:55: **********Val Epoch 738: average Loss: 0.004698
2026-05-18 13:55: Train Epoch 739: 0/87 Loss: 0.051720
2026-05-18 13:55: Train Epoch 739: 20/87 Loss: 0.011729
2026-05-18 13:55: Train Epoch 739: 40/87 Loss: 0.007559
2026-05-18 13:55: Train Epoch 739: 60/87 Loss: 0.004381
2026-05-18 13:55: Train Epoch 739: 80/87 Loss: 0.041101
2026-05-18 13:55: **********Train Epoch 739: averaged Loss: 0.013035
2026-05-18 13:55: **********Val Epoch 739: average Loss: 0.041404
2026-05-18 13:55: Train Epoch 740: 0/87 Loss: 0.055950
2026-05-18 13:55: Train Epoch 740: 20/87 Loss: 0.007368
2026-05-18 13:55: Train Epoch 740: 40/87 Loss: 0.002522
2026-05-18 13:55: Train Epoch 740: 60/87 Loss: 0.001158
2026-05-18 13:55: Train Epoch 740: 80/87 Loss: 0.014151
2026-05-18 13:55: **********Train Epoch 740: averaged Loss: 0.009397
2026-05-18 13:55: **********Val Epoch 740: average Loss: 0.008161
2026-05-18 13:55: Train Epoch 741: 0/87 Loss: 0.007050
2026-05-18 13:55: Train Epoch 741: 20/87 Loss: 0.001961
2026-05-18 13:55: Train Epoch 741: 40/87 Loss: 0.002465
2026-05-18 13:55: Train Epoch 741: 60/87 Loss: 0.001046
2026-05-18 13:55: Train Epoch 741: 80/87 Loss: 0.012639
2026-05-18 13:55: **********Train Epoch 741: averaged Loss: 0.003512
2026-05-18 13:55: **********Val Epoch 741: average Loss: 0.014931
2026-05-18 13:55: Train Epoch 742: 0/87 Loss: 0.015879
2026-05-18 13:55: Train Epoch 742: 20/87 Loss: 0.003557
2026-05-18 13:55: Train Epoch 742: 40/87 Loss: 0.002715
2026-05-18 13:55: Train Epoch 742: 60/87 Loss: 0.003072
2026-05-18 13:55: Train Epoch 742: 80/87 Loss: 0.019290
2026-05-18 13:55: **********Train Epoch 742: averaged Loss: 0.006088
2026-05-18 13:55: **********Val Epoch 742: average Loss: 0.018059
2026-05-18 13:55: Train Epoch 743: 0/87 Loss: 0.029908
2026-05-18 13:55: Train Epoch 743: 20/87 Loss: 0.007827
2026-05-18 13:55: Train Epoch 743: 40/87 Loss: 0.004941
2026-05-18 13:56: Train Epoch 743: 60/87 Loss: 0.005449
2026-05-18 13:56: Train Epoch 743: 80/87 Loss: 0.027088
2026-05-18 13:56: **********Train Epoch 743: averaged Loss: 0.008741
2026-05-18 13:56: **********Val Epoch 743: average Loss: 0.018402
2026-05-18 13:56: Train Epoch 744: 0/87 Loss: 0.038736
2026-05-18 13:56: Train Epoch 744: 20/87 Loss: 0.005652
2026-05-18 13:56: Train Epoch 744: 40/87 Loss: 0.005233
2026-05-18 13:56: Train Epoch 744: 60/87 Loss: 0.001989
2026-05-18 13:56: Train Epoch 744: 80/87 Loss: 0.017532
2026-05-18 13:56: **********Train Epoch 744: averaged Loss: 0.007686
2026-05-18 13:56: **********Val Epoch 744: average Loss: 0.006804
2026-05-18 13:56: Train Epoch 745: 0/87 Loss: 0.020656
2026-05-18 13:56: Train Epoch 745: 20/87 Loss: 0.004898
2026-05-18 13:56: Train Epoch 745: 40/87 Loss: 0.003896
2026-05-18 13:56: Train Epoch 745: 60/87 Loss: 0.002170
2026-05-18 13:56: Train Epoch 745: 80/87 Loss: 0.020252
2026-05-18 13:56: **********Train Epoch 745: averaged Loss: 0.005787
2026-05-18 13:56: **********Val Epoch 745: average Loss: 0.015361
2026-05-18 13:56: Train Epoch 746: 0/87 Loss: 0.023574
2026-05-18 13:56: Train Epoch 746: 20/87 Loss: 0.002045
2026-05-18 13:56: Train Epoch 746: 40/87 Loss: 0.002750
2026-05-18 13:56: Train Epoch 746: 60/87 Loss: 0.004348
2026-05-18 13:56: Train Epoch 746: 80/87 Loss: 0.023095
2026-05-18 13:56: **********Train Epoch 746: averaged Loss: 0.007639
2026-05-18 13:56: **********Val Epoch 746: average Loss: 0.009168
2026-05-18 13:56: Train Epoch 747: 0/87 Loss: 0.021005
2026-05-18 13:56: Train Epoch 747: 20/87 Loss: 0.002216
2026-05-18 13:56: Train Epoch 747: 40/87 Loss: 0.007182
2026-05-18 13:56: Train Epoch 747: 60/87 Loss: 0.013219
2026-05-18 13:56: Train Epoch 747: 80/87 Loss: 0.014336
2026-05-18 13:56: **********Train Epoch 747: averaged Loss: 0.007272
2026-05-18 13:56: **********Val Epoch 747: average Loss: 0.004143
2026-05-18 13:56: Train Epoch 748: 0/87 Loss: 0.047723
2026-05-18 13:56: Train Epoch 748: 20/87 Loss: 0.005693
2026-05-18 13:56: Train Epoch 748: 40/87 Loss: 0.012493
2026-05-18 13:56: Train Epoch 748: 60/87 Loss: 0.002656
2026-05-18 13:56: Train Epoch 748: 80/87 Loss: 0.051031
2026-05-18 13:56: **********Train Epoch 748: averaged Loss: 0.015617
2026-05-18 13:56: **********Val Epoch 748: average Loss: 0.034594
2026-05-18 13:56: Train Epoch 749: 0/87 Loss: 0.076945
2026-05-18 13:56: Train Epoch 749: 20/87 Loss: 0.002005
2026-05-18 13:56: Train Epoch 749: 40/87 Loss: 0.003087
2026-05-18 13:56: Train Epoch 749: 60/87 Loss: 0.010165
2026-05-18 13:56: Train Epoch 749: 80/87 Loss: 0.019801
2026-05-18 13:56: **********Train Epoch 749: averaged Loss: 0.011781
2026-05-18 13:56: **********Val Epoch 749: average Loss: 0.006949
2026-05-18 13:56: Train Epoch 750: 0/87 Loss: 0.039409
2026-05-18 13:56: Train Epoch 750: 20/87 Loss: 0.004399
2026-05-18 13:56: Train Epoch 750: 40/87 Loss: 0.003583
2026-05-18 13:56: Train Epoch 750: 60/87 Loss: 0.001966
2026-05-18 13:56: Train Epoch 750: 80/87 Loss: 0.027001
2026-05-18 13:56: **********Train Epoch 750: averaged Loss: 0.008648
2026-05-18 13:56: **********Val Epoch 750: average Loss: 0.004564
2026-05-18 13:56: Train Epoch 751: 0/87 Loss: 0.019448
2026-05-18 13:56: Train Epoch 751: 20/87 Loss: 0.004010
2026-05-18 13:56: Train Epoch 751: 40/87 Loss: 0.003725
2026-05-18 13:56: Train Epoch 751: 60/87 Loss: 0.002824
2026-05-18 13:56: Train Epoch 751: 80/87 Loss: 0.025380
2026-05-18 13:56: **********Train Epoch 751: averaged Loss: 0.008389
2026-05-18 13:56: **********Val Epoch 751: average Loss: 0.014896
2026-05-18 13:56: Train Epoch 752: 0/87 Loss: 0.029373
2026-05-18 13:56: Train Epoch 752: 20/87 Loss: 0.005477
2026-05-18 13:56: Train Epoch 752: 40/87 Loss: 0.002762
2026-05-18 13:56: Train Epoch 752: 60/87 Loss: 0.002184
2026-05-18 13:56: Train Epoch 752: 80/87 Loss: 0.022836
2026-05-18 13:56: **********Train Epoch 752: averaged Loss: 0.010501
2026-05-18 13:56: **********Val Epoch 752: average Loss: 0.011644
2026-05-18 13:56: Train Epoch 753: 0/87 Loss: 0.039515
2026-05-18 13:56: Train Epoch 753: 20/87 Loss: 0.004759
2026-05-18 13:56: Train Epoch 753: 40/87 Loss: 0.002555
2026-05-18 13:56: Train Epoch 753: 60/87 Loss: 0.001461
2026-05-18 13:56: Train Epoch 753: 80/87 Loss: 0.025690
2026-05-18 13:56: **********Train Epoch 753: averaged Loss: 0.009376
2026-05-18 13:56: **********Val Epoch 753: average Loss: 0.013069
2026-05-18 13:56: Train Epoch 754: 0/87 Loss: 0.004454
2026-05-18 13:56: Train Epoch 754: 20/87 Loss: 0.003578
2026-05-18 13:56: Train Epoch 754: 40/87 Loss: 0.002693
2026-05-18 13:56: Train Epoch 754: 60/87 Loss: 0.003016
2026-05-18 13:56: Train Epoch 754: 80/87 Loss: 0.017809
2026-05-18 13:56: **********Train Epoch 754: averaged Loss: 0.006178
2026-05-18 13:56: **********Val Epoch 754: average Loss: 0.013627
2026-05-18 13:56: Train Epoch 755: 0/87 Loss: 0.040941
2026-05-18 13:56: Train Epoch 755: 20/87 Loss: 0.006111
2026-05-18 13:56: Train Epoch 755: 40/87 Loss: 0.014290
2026-05-18 13:56: Train Epoch 755: 60/87 Loss: 0.002203
2026-05-18 13:56: Train Epoch 755: 80/87 Loss: 0.037596
2026-05-18 13:56: **********Train Epoch 755: averaged Loss: 0.014318
2026-05-18 13:56: **********Val Epoch 755: average Loss: 0.023379
2026-05-18 13:56: Train Epoch 756: 0/87 Loss: 0.053564
2026-05-18 13:56: Train Epoch 756: 20/87 Loss: 0.009317
2026-05-18 13:56: Train Epoch 756: 40/87 Loss: 0.003471
2026-05-18 13:56: Train Epoch 756: 60/87 Loss: 0.003520
2026-05-18 13:56: Train Epoch 756: 80/87 Loss: 0.013890
2026-05-18 13:56: **********Train Epoch 756: averaged Loss: 0.008730
2026-05-18 13:56: **********Val Epoch 756: average Loss: 0.005842
2026-05-18 13:56: Train Epoch 757: 0/87 Loss: 0.025269
2026-05-18 13:56: Train Epoch 757: 20/87 Loss: 0.010167
2026-05-18 13:56: Train Epoch 757: 40/87 Loss: 0.002909
2026-05-18 13:56: Train Epoch 757: 60/87 Loss: 0.003499
2026-05-18 13:56: Train Epoch 757: 80/87 Loss: 0.029124
2026-05-18 13:56: **********Train Epoch 757: averaged Loss: 0.008544
2026-05-18 13:56: **********Val Epoch 757: average Loss: 0.010646
2026-05-18 13:56: Train Epoch 758: 0/87 Loss: 0.030325
2026-05-18 13:56: Train Epoch 758: 20/87 Loss: 0.003716
2026-05-18 13:56: Train Epoch 758: 40/87 Loss: 0.003023
2026-05-18 13:56: Train Epoch 758: 60/87 Loss: 0.006543
2026-05-18 13:56: Train Epoch 758: 80/87 Loss: 0.013567
2026-05-18 13:56: **********Train Epoch 758: averaged Loss: 0.007659
2026-05-18 13:56: **********Val Epoch 758: average Loss: 0.015250
2026-05-18 13:56: Train Epoch 759: 0/87 Loss: 0.029421
2026-05-18 13:56: Train Epoch 759: 20/87 Loss: 0.006780
2026-05-18 13:56: Train Epoch 759: 40/87 Loss: 0.013684
2026-05-18 13:56: Train Epoch 759: 60/87 Loss: 0.015752
2026-05-18 13:56: Train Epoch 759: 80/87 Loss: 0.027963
2026-05-18 13:56: **********Train Epoch 759: averaged Loss: 0.016084
2026-05-18 13:56: **********Val Epoch 759: average Loss: 0.037077
2026-05-18 13:56: Train Epoch 760: 0/87 Loss: 0.063775
2026-05-18 13:56: Train Epoch 760: 20/87 Loss: 0.001901
2026-05-18 13:56: Train Epoch 760: 40/87 Loss: 0.007084
2026-05-18 13:56: Train Epoch 760: 60/87 Loss: 0.001163
2026-05-18 13:57: Train Epoch 760: 80/87 Loss: 0.013184
2026-05-18 13:57: **********Train Epoch 760: averaged Loss: 0.011474
2026-05-18 13:57: **********Val Epoch 760: average Loss: 0.006093
2026-05-18 13:57: Train Epoch 761: 0/87 Loss: 0.011687
2026-05-18 13:57: Train Epoch 761: 20/87 Loss: 0.001828
2026-05-18 13:57: Train Epoch 761: 40/87 Loss: 0.004933
2026-05-18 13:57: Train Epoch 761: 60/87 Loss: 0.001480
2026-05-18 13:57: Train Epoch 761: 80/87 Loss: 0.013043
2026-05-18 13:57: **********Train Epoch 761: averaged Loss: 0.004753
2026-05-18 13:57: **********Val Epoch 761: average Loss: 0.015238
2026-05-18 13:57: Train Epoch 762: 0/87 Loss: 0.006805
2026-05-18 13:57: Train Epoch 762: 20/87 Loss: 0.001888
2026-05-18 13:57: Train Epoch 762: 40/87 Loss: 0.002741
2026-05-18 13:57: Train Epoch 762: 60/87 Loss: 0.001145
2026-05-18 13:57: Train Epoch 762: 80/87 Loss: 0.014789
2026-05-18 13:57: **********Train Epoch 762: averaged Loss: 0.004137
2026-05-18 13:57: **********Val Epoch 762: average Loss: 0.025137
2026-05-18 13:57: Train Epoch 763: 0/87 Loss: 0.041206
2026-05-18 13:57: Train Epoch 763: 20/87 Loss: 0.006547
2026-05-18 13:57: Train Epoch 763: 40/87 Loss: 0.003935
2026-05-18 13:57: Train Epoch 763: 60/87 Loss: 0.006641
2026-05-18 13:57: Train Epoch 763: 80/87 Loss: 0.029702
2026-05-18 13:57: **********Train Epoch 763: averaged Loss: 0.009732
2026-05-18 13:57: **********Val Epoch 763: average Loss: 0.018270
2026-05-18 13:57: Train Epoch 764: 0/87 Loss: 0.037589
2026-05-18 13:57: Train Epoch 764: 20/87 Loss: 0.004110
2026-05-18 13:57: Train Epoch 764: 40/87 Loss: 0.003127
2026-05-18 13:57: Train Epoch 764: 60/87 Loss: 0.001877
2026-05-18 13:57: Train Epoch 764: 80/87 Loss: 0.012666
2026-05-18 13:57: **********Train Epoch 764: averaged Loss: 0.006216
2026-05-18 13:57: **********Val Epoch 764: average Loss: 0.005483
2026-05-18 13:57: Train Epoch 765: 0/87 Loss: 0.019987
2026-05-18 13:57: Train Epoch 765: 20/87 Loss: 0.002171
2026-05-18 13:57: Train Epoch 765: 40/87 Loss: 0.002740
2026-05-18 13:57: Train Epoch 765: 60/87 Loss: 0.002173
2026-05-18 13:57: Train Epoch 765: 80/87 Loss: 0.012585
2026-05-18 13:57: **********Train Epoch 765: averaged Loss: 0.004778
2026-05-18 13:57: **********Val Epoch 765: average Loss: 0.018289
2026-05-18 13:57: Train Epoch 766: 0/87 Loss: 0.009167
2026-05-18 13:57: Train Epoch 766: 20/87 Loss: 0.007694
2026-05-18 13:57: Train Epoch 766: 40/87 Loss: 0.003993
2026-05-18 13:57: Train Epoch 766: 60/87 Loss: 0.004302
2026-05-18 13:57: Train Epoch 766: 80/87 Loss: 0.022922
2026-05-18 13:57: **********Train Epoch 766: averaged Loss: 0.007602
2026-05-18 13:57: **********Val Epoch 766: average Loss: 0.010212
2026-05-18 13:57: Train Epoch 767: 0/87 Loss: 0.032807
2026-05-18 13:57: Train Epoch 767: 20/87 Loss: 0.008571
2026-05-18 13:57: Train Epoch 767: 40/87 Loss: 0.003214
2026-05-18 13:57: Train Epoch 767: 60/87 Loss: 0.001409
2026-05-18 13:57: Train Epoch 767: 80/87 Loss: 0.024964
2026-05-18 13:57: **********Train Epoch 767: averaged Loss: 0.007472
2026-05-18 13:57: **********Val Epoch 767: average Loss: 0.036488
2026-05-18 13:57: Train Epoch 768: 0/87 Loss: 0.007484
2026-05-18 13:57: Train Epoch 768: 20/87 Loss: 0.002715
2026-05-18 13:57: Train Epoch 768: 40/87 Loss: 0.003509
2026-05-18 13:57: Train Epoch 768: 60/87 Loss: 0.001142
2026-05-18 13:57: Train Epoch 768: 80/87 Loss: 0.013682
2026-05-18 13:57: **********Train Epoch 768: averaged Loss: 0.005199
2026-05-18 13:57: **********Val Epoch 768: average Loss: 0.008873
2026-05-18 13:57: Train Epoch 769: 0/87 Loss: 0.010020
2026-05-18 13:57: Train Epoch 769: 20/87 Loss: 0.001955
2026-05-18 13:57: Train Epoch 769: 40/87 Loss: 0.002529
2026-05-18 13:57: Train Epoch 769: 60/87 Loss: 0.002453
2026-05-18 13:57: Train Epoch 769: 80/87 Loss: 0.015558
2026-05-18 13:57: **********Train Epoch 769: averaged Loss: 0.004908
2026-05-18 13:57: **********Val Epoch 769: average Loss: 0.008350
2026-05-18 13:57: Train Epoch 770: 0/87 Loss: 0.015479
2026-05-18 13:57: Train Epoch 770: 20/87 Loss: 0.004974
2026-05-18 13:57: Train Epoch 770: 40/87 Loss: 0.003178
2026-05-18 13:57: Train Epoch 770: 60/87 Loss: 0.005440
2026-05-18 13:57: Train Epoch 770: 80/87 Loss: 0.029061
2026-05-18 13:57: **********Train Epoch 770: averaged Loss: 0.006660
2026-05-18 13:57: **********Val Epoch 770: average Loss: 0.021897
2026-05-18 13:57: Train Epoch 771: 0/87 Loss: 0.035926
2026-05-18 13:57: Train Epoch 771: 20/87 Loss: 0.002260
2026-05-18 13:57: Train Epoch 771: 40/87 Loss: 0.004495
2026-05-18 13:57: Train Epoch 771: 60/87 Loss: 0.003769
2026-05-18 13:57: Train Epoch 771: 80/87 Loss: 0.016150
2026-05-18 13:57: **********Train Epoch 771: averaged Loss: 0.006864
2026-05-18 13:57: **********Val Epoch 771: average Loss: 0.006133
2026-05-18 13:57: Train Epoch 772: 0/87 Loss: 0.004782
2026-05-18 13:57: Train Epoch 772: 20/87 Loss: 0.002326
2026-05-18 13:57: Train Epoch 772: 40/87 Loss: 0.003951
2026-05-18 13:57: Train Epoch 772: 60/87 Loss: 0.002089
2026-05-18 13:57: Train Epoch 772: 80/87 Loss: 0.014323
2026-05-18 13:57: **********Train Epoch 772: averaged Loss: 0.004375
2026-05-18 13:57: **********Val Epoch 772: average Loss: 0.014146
2026-05-18 13:57: Train Epoch 773: 0/87 Loss: 0.017365
2026-05-18 13:57: Train Epoch 773: 20/87 Loss: 0.005806
2026-05-18 13:57: Train Epoch 773: 40/87 Loss: 0.002699
2026-05-18 13:57: Train Epoch 773: 60/87 Loss: 0.003732
2026-05-18 13:57: Train Epoch 773: 80/87 Loss: 0.013015
2026-05-18 13:57: **********Train Epoch 773: averaged Loss: 0.005083
2026-05-18 13:57: **********Val Epoch 773: average Loss: 0.012890
2026-05-18 13:57: Train Epoch 774: 0/87 Loss: 0.035009
2026-05-18 13:57: Train Epoch 774: 20/87 Loss: 0.004824
2026-05-18 13:57: Train Epoch 774: 40/87 Loss: 0.002768
2026-05-18 13:57: Train Epoch 774: 60/87 Loss: 0.002522
2026-05-18 13:57: Train Epoch 774: 80/87 Loss: 0.043771
2026-05-18 13:57: **********Train Epoch 774: averaged Loss: 0.010289
2026-05-18 13:57: **********Val Epoch 774: average Loss: 0.031010
2026-05-18 13:57: Train Epoch 775: 0/87 Loss: 0.060894
2026-05-18 13:57: Train Epoch 775: 20/87 Loss: 0.001787
2026-05-18 13:57: Train Epoch 775: 40/87 Loss: 0.005077
2026-05-18 13:57: Train Epoch 775: 60/87 Loss: 0.003409
2026-05-18 13:57: Train Epoch 775: 80/87 Loss: 0.015584
2026-05-18 13:57: **********Train Epoch 775: averaged Loss: 0.009501
2026-05-18 13:57: **********Val Epoch 775: average Loss: 0.018094
2026-05-18 13:57: Train Epoch 776: 0/87 Loss: 0.024574
2026-05-18 13:58: Train Epoch 776: 20/87 Loss: 0.002512
2026-05-18 13:58: Train Epoch 776: 40/87 Loss: 0.002602
2026-05-18 13:58: Train Epoch 776: 60/87 Loss: 0.003380
2026-05-18 13:58: Train Epoch 776: 80/87 Loss: 0.019432
2026-05-18 13:58: **********Train Epoch 776: averaged Loss: 0.006702
2026-05-18 13:58: **********Val Epoch 776: average Loss: 0.012278
2026-05-18 13:58: Train Epoch 777: 0/87 Loss: 0.041713
2026-05-18 13:58: Train Epoch 777: 20/87 Loss: 0.004599
2026-05-18 13:58: Train Epoch 777: 40/87 Loss: 0.003721
2026-05-18 13:58: Train Epoch 777: 60/87 Loss: 0.002717
2026-05-18 13:58: Train Epoch 777: 80/87 Loss: 0.034757
2026-05-18 13:58: **********Train Epoch 777: averaged Loss: 0.012137
2026-05-18 13:58: **********Val Epoch 777: average Loss: 0.029172
2026-05-18 13:58: Train Epoch 778: 0/87 Loss: 0.055801
2026-05-18 13:58: Train Epoch 778: 20/87 Loss: 0.013220
2026-05-18 13:58: Train Epoch 778: 40/87 Loss: 0.003872
2026-05-18 13:58: Train Epoch 778: 60/87 Loss: 0.005581
2026-05-18 13:58: Train Epoch 778: 80/87 Loss: 0.016517
2026-05-18 13:58: **********Train Epoch 778: averaged Loss: 0.009691
2026-05-18 13:58: **********Val Epoch 778: average Loss: 0.010852
2026-05-18 13:58: Train Epoch 779: 0/87 Loss: 0.006241
2026-05-18 13:58: Train Epoch 779: 20/87 Loss: 0.001874
2026-05-18 13:58: Train Epoch 779: 40/87 Loss: 0.002746
2026-05-18 13:58: Train Epoch 779: 60/87 Loss: 0.005971
2026-05-18 13:58: Train Epoch 779: 80/87 Loss: 0.012844
2026-05-18 13:58: **********Train Epoch 779: averaged Loss: 0.004020
2026-05-18 13:58: **********Val Epoch 779: average Loss: 0.015296
2026-05-18 13:58: Train Epoch 780: 0/87 Loss: 0.012099
2026-05-18 13:58: Train Epoch 780: 20/87 Loss: 0.003522
2026-05-18 13:58: Train Epoch 780: 40/87 Loss: 0.002628
2026-05-18 13:58: Train Epoch 780: 60/87 Loss: 0.001758
2026-05-18 13:58: Train Epoch 780: 80/87 Loss: 0.013016
2026-05-18 13:58: **********Train Epoch 780: averaged Loss: 0.004219
2026-05-18 13:58: **********Val Epoch 780: average Loss: 0.026276
2026-05-18 13:58: Train Epoch 781: 0/87 Loss: 0.009836
2026-05-18 13:58: Train Epoch 781: 20/87 Loss: 0.003521
2026-05-18 13:58: Train Epoch 781: 40/87 Loss: 0.002513
2026-05-18 13:58: Train Epoch 781: 60/87 Loss: 0.006006
2026-05-18 13:58: Train Epoch 781: 80/87 Loss: 0.019021
2026-05-18 13:58: **********Train Epoch 781: averaged Loss: 0.005101
2026-05-18 13:58: **********Val Epoch 781: average Loss: 0.008642
2026-05-18 13:58: Train Epoch 782: 0/87 Loss: 0.038896
2026-05-18 13:58: Train Epoch 782: 20/87 Loss: 0.007465
2026-05-18 13:58: Train Epoch 782: 40/87 Loss: 0.002785
2026-05-18 13:58: Train Epoch 782: 60/87 Loss: 0.003902
2026-05-18 13:58: Train Epoch 782: 80/87 Loss: 0.032263
2026-05-18 13:58: **********Train Epoch 782: averaged Loss: 0.010502
2026-05-18 13:58: **********Val Epoch 782: average Loss: 0.031103
2026-05-18 13:58: Train Epoch 783: 0/87 Loss: 0.048720
2026-05-18 13:58: Train Epoch 783: 20/87 Loss: 0.003490
2026-05-18 13:58: Train Epoch 783: 40/87 Loss: 0.002480
2026-05-18 13:58: Train Epoch 783: 60/87 Loss: 0.002628
2026-05-18 13:58: Train Epoch 783: 80/87 Loss: 0.014513
2026-05-18 13:58: **********Train Epoch 783: averaged Loss: 0.008644
2026-05-18 13:58: **********Val Epoch 783: average Loss: 0.009528
2026-05-18 13:58: Train Epoch 784: 0/87 Loss: 0.006490
2026-05-18 13:58: Train Epoch 784: 20/87 Loss: 0.003862
2026-05-18 13:58: Train Epoch 784: 40/87 Loss: 0.003618
2026-05-18 13:58: Train Epoch 784: 60/87 Loss: 0.010226
2026-05-18 13:58: Train Epoch 784: 80/87 Loss: 0.020325
2026-05-18 13:58: **********Train Epoch 784: averaged Loss: 0.006535
2026-05-18 13:58: **********Val Epoch 784: average Loss: 0.008327
2026-05-18 13:58: Train Epoch 785: 0/87 Loss: 0.033243
2026-05-18 13:58: Train Epoch 785: 20/87 Loss: 0.006271
2026-05-18 13:58: Train Epoch 785: 40/87 Loss: 0.004203
2026-05-18 13:58: Train Epoch 785: 60/87 Loss: 0.004003
2026-05-18 13:58: Train Epoch 785: 80/87 Loss: 0.012818
2026-05-18 13:58: **********Train Epoch 785: averaged Loss: 0.007845
2026-05-18 13:58: **********Val Epoch 785: average Loss: 0.008320
2026-05-18 13:58: Train Epoch 786: 0/87 Loss: 0.003929
2026-05-18 13:58: Train Epoch 786: 20/87 Loss: 0.004874
2026-05-18 13:58: Train Epoch 786: 40/87 Loss: 0.002441
2026-05-18 13:58: Train Epoch 786: 60/87 Loss: 0.001703
2026-05-18 13:58: Train Epoch 786: 80/87 Loss: 0.019866
2026-05-18 13:58: **********Train Epoch 786: averaged Loss: 0.005579
2026-05-18 13:58: **********Val Epoch 786: average Loss: 0.006215
2026-05-18 13:58: Train Epoch 787: 0/87 Loss: 0.003591
2026-05-18 13:58: Train Epoch 787: 20/87 Loss: 0.004371
2026-05-18 13:58: Train Epoch 787: 40/87 Loss: 0.002560
2026-05-18 13:58: Train Epoch 787: 60/87 Loss: 0.001874
2026-05-18 13:58: Train Epoch 787: 80/87 Loss: 0.013179
2026-05-18 13:58: **********Train Epoch 787: averaged Loss: 0.004494
2026-05-18 13:58: **********Val Epoch 787: average Loss: 0.023131
2026-05-18 13:58: Train Epoch 788: 0/87 Loss: 0.010345
2026-05-18 13:58: Train Epoch 788: 20/87 Loss: 0.002959
2026-05-18 13:58: Train Epoch 788: 40/87 Loss: 0.002567
2026-05-18 13:58: Train Epoch 788: 60/87 Loss: 0.003336
2026-05-18 13:58: Train Epoch 788: 80/87 Loss: 0.014680
2026-05-18 13:58: **********Train Epoch 788: averaged Loss: 0.004553
2026-05-18 13:58: **********Val Epoch 788: average Loss: 0.006579
2026-05-18 13:58: Train Epoch 789: 0/87 Loss: 0.007737
2026-05-18 13:58: Train Epoch 789: 20/87 Loss: 0.001884
2026-05-18 13:58: Train Epoch 789: 40/87 Loss: 0.003919
2026-05-18 13:58: Train Epoch 789: 60/87 Loss: 0.003236
2026-05-18 13:58: Train Epoch 789: 80/87 Loss: 0.013907
2026-05-18 13:58: **********Train Epoch 789: averaged Loss: 0.004854
2026-05-18 13:58: **********Val Epoch 789: average Loss: 0.007965
2026-05-18 13:58: Train Epoch 790: 0/87 Loss: 0.009656
2026-05-18 13:58: Train Epoch 790: 20/87 Loss: 0.003472
2026-05-18 13:58: Train Epoch 790: 40/87 Loss: 0.003013
2026-05-18 13:58: Train Epoch 790: 60/87 Loss: 0.009717
2026-05-18 13:58: Train Epoch 790: 80/87 Loss: 0.016466
2026-05-18 13:58: **********Train Epoch 790: averaged Loss: 0.005150
2026-05-18 13:58: **********Val Epoch 790: average Loss: 0.009134
2026-05-18 13:58: Train Epoch 791: 0/87 Loss: 0.018503
2026-05-18 13:58: Train Epoch 791: 20/87 Loss: 0.002958
2026-05-18 13:58: Train Epoch 791: 40/87 Loss: 0.002451
2026-05-18 13:59: Train Epoch 791: 60/87 Loss: 0.001045
2026-05-18 13:59: Train Epoch 791: 80/87 Loss: 0.013009
2026-05-18 13:59: **********Train Epoch 791: averaged Loss: 0.004358
2026-05-18 13:59: **********Val Epoch 791: average Loss: 0.016379
2026-05-18 13:59: Train Epoch 792: 0/87 Loss: 0.003825
2026-05-18 13:59: Train Epoch 792: 20/87 Loss: 0.002404
2026-05-18 13:59: Train Epoch 792: 40/87 Loss: 0.002446
2026-05-18 13:59: Train Epoch 792: 60/87 Loss: 0.004087
2026-05-18 13:59: Train Epoch 792: 80/87 Loss: 0.016046
2026-05-18 13:59: **********Train Epoch 792: averaged Loss: 0.004714
2026-05-18 13:59: **********Val Epoch 792: average Loss: 0.010085
2026-05-18 13:59: Train Epoch 793: 0/87 Loss: 0.010994
2026-05-18 13:59: Train Epoch 793: 20/87 Loss: 0.005496
2026-05-18 13:59: Train Epoch 793: 40/87 Loss: 0.002520
2026-05-18 13:59: Train Epoch 793: 60/87 Loss: 0.001201
2026-05-18 13:59: Train Epoch 793: 80/87 Loss: 0.014931
2026-05-18 13:59: **********Train Epoch 793: averaged Loss: 0.004296
2026-05-18 13:59: **********Val Epoch 793: average Loss: 0.011943
2026-05-18 13:59: Train Epoch 794: 0/87 Loss: 0.016480
2026-05-18 13:59: Train Epoch 794: 20/87 Loss: 0.003646
2026-05-18 13:59: Train Epoch 794: 40/87 Loss: 0.004135
2026-05-18 13:59: Train Epoch 794: 60/87 Loss: 0.008561
2026-05-18 13:59: Train Epoch 794: 80/87 Loss: 0.023303
2026-05-18 13:59: **********Train Epoch 794: averaged Loss: 0.006926
2026-05-18 13:59: **********Val Epoch 794: average Loss: 0.009437
2026-05-18 13:59: Train Epoch 795: 0/87 Loss: 0.021242
2026-05-18 13:59: Train Epoch 795: 20/87 Loss: 0.003258
2026-05-18 13:59: Train Epoch 795: 40/87 Loss: 0.006168
2026-05-18 13:59: Train Epoch 795: 60/87 Loss: 0.015961
2026-05-18 13:59: Train Epoch 795: 80/87 Loss: 0.015466
2026-05-18 13:59: **********Train Epoch 795: averaged Loss: 0.006764
2026-05-18 13:59: **********Val Epoch 795: average Loss: 0.029271
2026-05-18 13:59: Train Epoch 796: 0/87 Loss: 0.029871
2026-05-18 13:59: Train Epoch 796: 20/87 Loss: 0.008170
2026-05-18 13:59: Train Epoch 796: 40/87 Loss: 0.003118
2026-05-18 13:59: Train Epoch 796: 60/87 Loss: 0.004845
2026-05-18 13:59: Train Epoch 796: 80/87 Loss: 0.036997
2026-05-18 13:59: **********Train Epoch 796: averaged Loss: 0.009323
2026-05-18 13:59: **********Val Epoch 796: average Loss: 0.030199
2026-05-18 13:59: Train Epoch 797: 0/87 Loss: 0.054594
2026-05-18 13:59: Train Epoch 797: 20/87 Loss: 0.007835
2026-05-18 13:59: Train Epoch 797: 40/87 Loss: 0.004118
2026-05-18 13:59: Train Epoch 797: 60/87 Loss: 0.006117
2026-05-18 13:59: Train Epoch 797: 80/87 Loss: 0.015595
2026-05-18 13:59: **********Train Epoch 797: averaged Loss: 0.008602
2026-05-18 13:59: **********Val Epoch 797: average Loss: 0.005375
2026-05-18 13:59: Train Epoch 798: 0/87 Loss: 0.038582
2026-05-18 13:59: Train Epoch 798: 20/87 Loss: 0.010350
2026-05-18 13:59: Train Epoch 798: 40/87 Loss: 0.002695
2026-05-18 13:59: Train Epoch 798: 60/87 Loss: 0.001107
2026-05-18 13:59: Train Epoch 798: 80/87 Loss: 0.012975
2026-05-18 13:59: **********Train Epoch 798: averaged Loss: 0.006216
2026-05-18 13:59: **********Val Epoch 798: average Loss: 0.008350
2026-05-18 13:59: Train Epoch 799: 0/87 Loss: 0.006726
2026-05-18 13:59: Train Epoch 799: 20/87 Loss: 0.005942
2026-05-18 13:59: Train Epoch 799: 40/87 Loss: 0.003208
2026-05-18 13:59: Train Epoch 799: 60/87 Loss: 0.001063
2026-05-18 13:59: Train Epoch 799: 80/87 Loss: 0.013558
2026-05-18 13:59: **********Train Epoch 799: averaged Loss: 0.003957
2026-05-18 13:59: **********Val Epoch 799: average Loss: 0.010104
2026-05-18 13:59: Train Epoch 800: 0/87 Loss: 0.014281
2026-05-18 13:59: Train Epoch 800: 20/87 Loss: 0.002735
2026-05-18 13:59: Train Epoch 800: 40/87 Loss: 0.002596
2026-05-18 13:59: Train Epoch 800: 60/87 Loss: 0.001050
2026-05-18 13:59: Train Epoch 800: 80/87 Loss: 0.013041
2026-05-18 13:59: **********Train Epoch 800: averaged Loss: 0.004063
2026-05-18 13:59: **********Val Epoch 800: average Loss: 0.033570
2026-05-18 13:59: Train Epoch 801: 0/87 Loss: 0.008912
2026-05-18 13:59: Train Epoch 801: 20/87 Loss: 0.002474
2026-05-18 13:59: Train Epoch 801: 40/87 Loss: 0.002407
2026-05-18 13:59: Train Epoch 801: 60/87 Loss: 0.011643
2026-05-18 13:59: Train Epoch 801: 80/87 Loss: 0.017717
2026-05-18 13:59: **********Train Epoch 801: averaged Loss: 0.005836
2026-05-18 13:59: **********Val Epoch 801: average Loss: 0.025575
2026-05-18 13:59: Train Epoch 802: 0/87 Loss: 0.039754
2026-05-18 13:59: Train Epoch 802: 20/87 Loss: 0.007310
2026-05-18 13:59: Train Epoch 802: 40/87 Loss: 0.002943
2026-05-18 13:59: Train Epoch 802: 60/87 Loss: 0.005355
2026-05-18 13:59: Train Epoch 802: 80/87 Loss: 0.029991
2026-05-18 13:59: **********Train Epoch 802: averaged Loss: 0.009462
2026-05-18 13:59: **********Val Epoch 802: average Loss: 0.033727
2026-05-18 13:59: Train Epoch 803: 0/87 Loss: 0.044479
2026-05-18 13:59: Train Epoch 803: 20/87 Loss: 0.003101
2026-05-18 13:59: Train Epoch 803: 40/87 Loss: 0.002825
2026-05-18 13:59: Train Epoch 803: 60/87 Loss: 0.002493
2026-05-18 13:59: Train Epoch 803: 80/87 Loss: 0.016709
2026-05-18 13:59: **********Train Epoch 803: averaged Loss: 0.006870
2026-05-18 13:59: **********Val Epoch 803: average Loss: 0.008797
2026-05-18 13:59: Train Epoch 804: 0/87 Loss: 0.007092
2026-05-18 13:59: Train Epoch 804: 20/87 Loss: 0.005559
2026-05-18 13:59: Train Epoch 804: 40/87 Loss: 0.003255
2026-05-18 13:59: Train Epoch 804: 60/87 Loss: 0.002627
2026-05-18 13:59: Train Epoch 804: 80/87 Loss: 0.013835
2026-05-18 13:59: **********Train Epoch 804: averaged Loss: 0.004384
2026-05-18 13:59: **********Val Epoch 804: average Loss: 0.025881
2026-05-18 13:59: Train Epoch 805: 0/87 Loss: 0.002948
2026-05-18 13:59: Train Epoch 805: 20/87 Loss: 0.004702
2026-05-18 13:59: Train Epoch 805: 40/87 Loss: 0.002324
2026-05-18 13:59: Train Epoch 805: 60/87 Loss: 0.003559
2026-05-18 13:59: Train Epoch 805: 80/87 Loss: 0.016980
2026-05-18 13:59: **********Train Epoch 805: averaged Loss: 0.004021
2026-05-18 13:59: **********Val Epoch 805: average Loss: 0.017527
2026-05-18 13:59: Train Epoch 806: 0/87 Loss: 0.018118
2026-05-18 14:00: Train Epoch 806: 20/87 Loss: 0.008181
2026-05-18 14:00: Train Epoch 806: 40/87 Loss: 0.006504
2026-05-18 14:00: Train Epoch 806: 60/87 Loss: 0.002614
2026-05-18 14:00: Train Epoch 806: 80/87 Loss: 0.043699
2026-05-18 14:00: **********Train Epoch 806: averaged Loss: 0.008422
2026-05-18 14:00: **********Val Epoch 806: average Loss: 0.033500
2026-05-18 14:00: Train Epoch 807: 0/87 Loss: 0.064025
2026-05-18 14:00: Train Epoch 807: 20/87 Loss: 0.016050
2026-05-18 14:00: Train Epoch 807: 40/87 Loss: 0.004253
2026-05-18 14:00: Train Epoch 807: 60/87 Loss: 0.002549
2026-05-18 14:00: Train Epoch 807: 80/87 Loss: 0.012522
2026-05-18 14:00: **********Train Epoch 807: averaged Loss: 0.010627
2026-05-18 14:00: **********Val Epoch 807: average Loss: 0.010470
2026-05-18 14:00: Train Epoch 808: 0/87 Loss: 0.021971
2026-05-18 14:00: Train Epoch 808: 20/87 Loss: 0.002855
2026-05-18 14:00: Train Epoch 808: 40/87 Loss: 0.002614
2026-05-18 14:00: Train Epoch 808: 60/87 Loss: 0.010514
2026-05-18 14:00: Train Epoch 808: 80/87 Loss: 0.020733
2026-05-18 14:00: **********Train Epoch 808: averaged Loss: 0.006981
2026-05-18 14:00: **********Val Epoch 808: average Loss: 0.018495
2026-05-18 14:00: Train Epoch 809: 0/87 Loss: 0.046369
2026-05-18 14:00: Train Epoch 809: 20/87 Loss: 0.006212
2026-05-18 14:00: Train Epoch 809: 40/87 Loss: 0.007228
2026-05-18 14:00: Train Epoch 809: 60/87 Loss: 0.006424
2026-05-18 14:00: Train Epoch 809: 80/87 Loss: 0.034251
2026-05-18 14:00: **********Train Epoch 809: averaged Loss: 0.012115
2026-05-18 14:00: **********Val Epoch 809: average Loss: 0.047413
2026-05-18 14:00: Train Epoch 810: 0/87 Loss: 0.053458
2026-05-18 14:00: Train Epoch 810: 20/87 Loss: 0.007329
2026-05-18 14:00: Train Epoch 810: 40/87 Loss: 0.009361
2026-05-18 14:00: Train Epoch 810: 60/87 Loss: 0.001770
2026-05-18 14:00: Train Epoch 810: 80/87 Loss: 0.019070
2026-05-18 14:00: **********Train Epoch 810: averaged Loss: 0.009893
2026-05-18 14:00: **********Val Epoch 810: average Loss: 0.021342
2026-05-18 14:00: Train Epoch 811: 0/87 Loss: 0.013777
2026-05-18 14:00: Train Epoch 811: 20/87 Loss: 0.002482
2026-05-18 14:00: Train Epoch 811: 40/87 Loss: 0.002422
2026-05-18 14:00: Train Epoch 811: 60/87 Loss: 0.002201
2026-05-18 14:00: Train Epoch 811: 80/87 Loss: 0.015929
2026-05-18 14:00: **********Train Epoch 811: averaged Loss: 0.005591
2026-05-18 14:00: **********Val Epoch 811: average Loss: 0.012275
2026-05-18 14:00: Train Epoch 812: 0/87 Loss: 0.018936
2026-05-18 14:00: Train Epoch 812: 20/87 Loss: 0.002056
2026-05-18 14:00: Train Epoch 812: 40/87 Loss: 0.003247
2026-05-18 14:00: Train Epoch 812: 60/87 Loss: 0.004376
2026-05-18 14:00: Train Epoch 812: 80/87 Loss: 0.013566
2026-05-18 14:00: **********Train Epoch 812: averaged Loss: 0.005546
2026-05-18 14:00: **********Val Epoch 812: average Loss: 0.006122
2026-05-18 14:00: Train Epoch 813: 0/87 Loss: 0.012392
2026-05-18 14:00: Train Epoch 813: 20/87 Loss: 0.001913
2026-05-18 14:00: Train Epoch 813: 40/87 Loss: 0.002910
2026-05-18 14:00: Train Epoch 813: 60/87 Loss: 0.002160
2026-05-18 14:00: Train Epoch 813: 80/87 Loss: 0.017403
2026-05-18 14:00: **********Train Epoch 813: averaged Loss: 0.005235
2026-05-18 14:00: **********Val Epoch 813: average Loss: 0.012327
2026-05-18 14:00: Train Epoch 814: 0/87 Loss: 0.002848
2026-05-18 14:00: Train Epoch 814: 20/87 Loss: 0.002036
2026-05-18 14:00: Train Epoch 814: 40/87 Loss: 0.002442
2026-05-18 14:00: Train Epoch 814: 60/87 Loss: 0.002389
2026-05-18 14:00: Train Epoch 814: 80/87 Loss: 0.012315
2026-05-18 14:00: **********Train Epoch 814: averaged Loss: 0.003437
2026-05-18 14:00: **********Val Epoch 814: average Loss: 0.015670
2026-05-18 14:00: Train Epoch 815: 0/87 Loss: 0.009252
2026-05-18 14:00: Train Epoch 815: 20/87 Loss: 0.004072
2026-05-18 14:00: Train Epoch 815: 40/87 Loss: 0.002363
2026-05-18 14:00: Train Epoch 815: 60/87 Loss: 0.007688
2026-05-18 14:00: Train Epoch 815: 80/87 Loss: 0.018016
2026-05-18 14:00: **********Train Epoch 815: averaged Loss: 0.005540
2026-05-18 14:00: **********Val Epoch 815: average Loss: 0.012101
2026-05-18 14:00: Train Epoch 816: 0/87 Loss: 0.036375
2026-05-18 14:00: Train Epoch 816: 20/87 Loss: 0.002094
2026-05-18 14:00: Train Epoch 816: 40/87 Loss: 0.006484
2026-05-18 14:00: Train Epoch 816: 60/87 Loss: 0.002656
2026-05-18 14:00: Train Epoch 816: 80/87 Loss: 0.039744
2026-05-18 14:00: **********Train Epoch 816: averaged Loss: 0.011399
2026-05-18 14:00: **********Val Epoch 816: average Loss: 0.027463
2026-05-18 14:00: Train Epoch 817: 0/87 Loss: 0.051759
2026-05-18 14:00: Train Epoch 817: 20/87 Loss: 0.012791
2026-05-18 14:00: Train Epoch 817: 40/87 Loss: 0.003090
2026-05-18 14:00: Train Epoch 817: 60/87 Loss: 0.002889
2026-05-18 14:00: Train Epoch 817: 80/87 Loss: 0.015523
2026-05-18 14:00: **********Train Epoch 817: averaged Loss: 0.008833
2026-05-18 14:00: **********Val Epoch 817: average Loss: 0.006352
2026-05-18 14:00: Train Epoch 818: 0/87 Loss: 0.010185
2026-05-18 14:00: Train Epoch 818: 20/87 Loss: 0.003694
2026-05-18 14:00: Train Epoch 818: 40/87 Loss: 0.002724
2026-05-18 14:00: Train Epoch 818: 60/87 Loss: 0.002251
2026-05-18 14:00: Train Epoch 818: 80/87 Loss: 0.012317
2026-05-18 14:00: **********Train Epoch 818: averaged Loss: 0.004031
2026-05-18 14:00: **********Val Epoch 818: average Loss: 0.021797
2026-05-18 14:00: Train Epoch 819: 0/87 Loss: 0.022389
2026-05-18 14:00: Train Epoch 819: 20/87 Loss: 0.005577
2026-05-18 14:00: Train Epoch 819: 40/87 Loss: 0.003258
2026-05-18 14:00: Train Epoch 819: 60/87 Loss: 0.003512
2026-05-18 14:00: Train Epoch 819: 80/87 Loss: 0.014453
2026-05-18 14:00: **********Train Epoch 819: averaged Loss: 0.005813
2026-05-18 14:00: **********Val Epoch 819: average Loss: 0.004670
2026-05-18 14:00: Train Epoch 820: 0/87 Loss: 0.015403
2026-05-18 14:00: Train Epoch 820: 20/87 Loss: 0.004706
2026-05-18 14:00: Train Epoch 820: 40/87 Loss: 0.004321
2026-05-18 14:01: Train Epoch 820: 60/87 Loss: 0.002590
2026-05-18 14:01: Train Epoch 820: 80/87 Loss: 0.022260
2026-05-18 14:01: **********Train Epoch 820: averaged Loss: 0.007308
2026-05-18 14:01: **********Val Epoch 820: average Loss: 0.021017
2026-05-18 14:01: Train Epoch 821: 0/87 Loss: 0.040511
2026-05-18 14:01: Train Epoch 821: 20/87 Loss: 0.009276
2026-05-18 14:01: Train Epoch 821: 40/87 Loss: 0.002419
2026-05-18 14:01: Train Epoch 821: 60/87 Loss: 0.002994
2026-05-18 14:01: Train Epoch 821: 80/87 Loss: 0.019982
2026-05-18 14:01: **********Train Epoch 821: averaged Loss: 0.007894
2026-05-18 14:01: **********Val Epoch 821: average Loss: 0.004652
2026-05-18 14:01: Train Epoch 822: 0/87 Loss: 0.028438
2026-05-18 14:01: Train Epoch 822: 20/87 Loss: 0.007778
2026-05-18 14:01: Train Epoch 822: 40/87 Loss: 0.004407
2026-05-18 14:01: Train Epoch 822: 60/87 Loss: 0.004292
2026-05-18 14:01: Train Epoch 822: 80/87 Loss: 0.016428
2026-05-18 14:01: **********Train Epoch 822: averaged Loss: 0.008163
2026-05-18 14:01: **********Val Epoch 822: average Loss: 0.012434
2026-05-18 14:01: Train Epoch 823: 0/87 Loss: 0.025791
2026-05-18 14:01: Train Epoch 823: 20/87 Loss: 0.003143
2026-05-18 14:01: Train Epoch 823: 40/87 Loss: 0.004396
2026-05-18 14:01: Train Epoch 823: 60/87 Loss: 0.005156
2026-05-18 14:01: Train Epoch 823: 80/87 Loss: 0.017382
2026-05-18 14:01: **********Train Epoch 823: averaged Loss: 0.006490
2026-05-18 14:01: **********Val Epoch 823: average Loss: 0.009840
2026-05-18 14:01: Train Epoch 824: 0/87 Loss: 0.027891
2026-05-18 14:01: Train Epoch 824: 20/87 Loss: 0.005031
2026-05-18 14:01: Train Epoch 824: 40/87 Loss: 0.003076
2026-05-18 14:01: Train Epoch 824: 60/87 Loss: 0.001170
2026-05-18 14:01: Train Epoch 824: 80/87 Loss: 0.012766
2026-05-18 14:01: **********Train Epoch 824: averaged Loss: 0.005107
2026-05-18 14:01: **********Val Epoch 824: average Loss: 0.013378
2026-05-18 14:01: Train Epoch 825: 0/87 Loss: 0.016256
2026-05-18 14:01: Train Epoch 825: 20/87 Loss: 0.003288
2026-05-18 14:01: Train Epoch 825: 40/87 Loss: 0.005430
2026-05-18 14:01: Train Epoch 825: 60/87 Loss: 0.004057
2026-05-18 14:01: Train Epoch 825: 80/87 Loss: 0.014646
2026-05-18 14:01: **********Train Epoch 825: averaged Loss: 0.006979
2026-05-18 14:01: **********Val Epoch 825: average Loss: 0.014761
2026-05-18 14:01: Train Epoch 826: 0/87 Loss: 0.029504
2026-05-18 14:01: Train Epoch 826: 20/87 Loss: 0.002862
2026-05-18 14:01: Train Epoch 826: 40/87 Loss: 0.002771
2026-05-18 14:01: Train Epoch 826: 60/87 Loss: 0.004753
2026-05-18 14:01: Train Epoch 826: 80/87 Loss: 0.022500
2026-05-18 14:01: **********Train Epoch 826: averaged Loss: 0.007113
2026-05-18 14:01: **********Val Epoch 826: average Loss: 0.015982
2026-05-18 14:01: Train Epoch 827: 0/87 Loss: 0.016046
2026-05-18 14:01: Train Epoch 827: 20/87 Loss: 0.006008
2026-05-18 14:01: Train Epoch 827: 40/87 Loss: 0.002783
2026-05-18 14:01: Train Epoch 827: 60/87 Loss: 0.001870
2026-05-18 14:01: Train Epoch 827: 80/87 Loss: 0.012792
2026-05-18 14:01: **********Train Epoch 827: averaged Loss: 0.005770
2026-05-18 14:01: **********Val Epoch 827: average Loss: 0.013157
2026-05-18 14:01: Train Epoch 828: 0/87 Loss: 0.020584
2026-05-18 14:01: Train Epoch 828: 20/87 Loss: 0.006022
2026-05-18 14:01: Train Epoch 828: 40/87 Loss: 0.003759
2026-05-18 14:01: Train Epoch 828: 60/87 Loss: 0.006767
2026-05-18 14:01: Train Epoch 828: 80/87 Loss: 0.018446
2026-05-18 14:01: **********Train Epoch 828: averaged Loss: 0.007562
2026-05-18 14:01: **********Val Epoch 828: average Loss: 0.006735
2026-05-18 14:01: Train Epoch 829: 0/87 Loss: 0.033009
2026-05-18 14:01: Train Epoch 829: 20/87 Loss: 0.009004
2026-05-18 14:01: Train Epoch 829: 40/87 Loss: 0.002932
2026-05-18 14:01: Train Epoch 829: 60/87 Loss: 0.002799
2026-05-18 14:01: Train Epoch 829: 80/87 Loss: 0.023889
2026-05-18 14:01: **********Train Epoch 829: averaged Loss: 0.009078
2026-05-18 14:01: **********Val Epoch 829: average Loss: 0.028952
2026-05-18 14:01: Train Epoch 830: 0/87 Loss: 0.004149
2026-05-18 14:01: Train Epoch 830: 20/87 Loss: 0.001955
2026-05-18 14:01: Train Epoch 830: 40/87 Loss: 0.002307
2026-05-18 14:01: Train Epoch 830: 60/87 Loss: 0.003181
2026-05-18 14:01: Train Epoch 830: 80/87 Loss: 0.017774
2026-05-18 14:01: **********Train Epoch 830: averaged Loss: 0.006481
2026-05-18 14:01: **********Val Epoch 830: average Loss: 0.015683
2026-05-18 14:01: Train Epoch 831: 0/87 Loss: 0.040012
2026-05-18 14:01: Train Epoch 831: 20/87 Loss: 0.007289
2026-05-18 14:01: Train Epoch 831: 40/87 Loss: 0.004822
2026-05-18 14:01: Train Epoch 831: 60/87 Loss: 0.005347
2026-05-18 14:01: Train Epoch 831: 80/87 Loss: 0.038576
2026-05-18 14:01: **********Train Epoch 831: averaged Loss: 0.011277
2026-05-18 14:01: **********Val Epoch 831: average Loss: 0.029363
2026-05-18 14:01: Train Epoch 832: 0/87 Loss: 0.061508
2026-05-18 14:01: Train Epoch 832: 20/87 Loss: 0.008433
2026-05-18 14:01: Train Epoch 832: 40/87 Loss: 0.002918
2026-05-18 14:01: Train Epoch 832: 60/87 Loss: 0.001268
2026-05-18 14:01: Train Epoch 832: 80/87 Loss: 0.012346
2026-05-18 14:01: **********Train Epoch 832: averaged Loss: 0.009068
2026-05-18 14:01: **********Val Epoch 832: average Loss: 0.004501
2026-05-18 14:01: Train Epoch 833: 0/87 Loss: 0.011151
2026-05-18 14:01: Train Epoch 833: 20/87 Loss: 0.003132
2026-05-18 14:01: Train Epoch 833: 40/87 Loss: 0.003439
2026-05-18 14:01: Train Epoch 833: 60/87 Loss: 0.001046
2026-05-18 14:01: Train Epoch 833: 80/87 Loss: 0.013118
2026-05-18 14:01: **********Train Epoch 833: averaged Loss: 0.004393
2026-05-18 14:01: **********Val Epoch 833: average Loss: 0.018184
2026-05-18 14:01: Train Epoch 834: 0/87 Loss: 0.014369
2026-05-18 14:01: Train Epoch 834: 20/87 Loss: 0.004530
2026-05-18 14:01: Train Epoch 834: 40/87 Loss: 0.002482
2026-05-18 14:01: Train Epoch 834: 60/87 Loss: 0.003929
2026-05-18 14:02: Train Epoch 834: 80/87 Loss: 0.013912
2026-05-18 14:02: **********Train Epoch 834: averaged Loss: 0.005019
2026-05-18 14:02: **********Val Epoch 834: average Loss: 0.005337
2026-05-18 14:02: Train Epoch 835: 0/87 Loss: 0.020746
2026-05-18 14:02: Train Epoch 835: 20/87 Loss: 0.008605
2026-05-18 14:02: Train Epoch 835: 40/87 Loss: 0.002664
2026-05-18 14:02: Train Epoch 835: 60/87 Loss: 0.002064
2026-05-18 14:02: Train Epoch 835: 80/87 Loss: 0.046898
2026-05-18 14:02: **********Train Epoch 835: averaged Loss: 0.010346
2026-05-18 14:02: **********Val Epoch 835: average Loss: 0.050472
2026-05-18 14:02: Train Epoch 836: 0/87 Loss: 0.062862
2026-05-18 14:02: Train Epoch 836: 20/87 Loss: 0.004498
2026-05-18 14:02: Train Epoch 836: 40/87 Loss: 0.006736
2026-05-18 14:02: Train Epoch 836: 60/87 Loss: 0.004169
2026-05-18 14:02: Train Epoch 836: 80/87 Loss: 0.014536
2026-05-18 14:02: **********Train Epoch 836: averaged Loss: 0.010054
2026-05-18 14:02: **********Val Epoch 836: average Loss: 0.018546
2026-05-18 14:02: Train Epoch 837: 0/87 Loss: 0.032218
2026-05-18 14:02: Train Epoch 837: 20/87 Loss: 0.003108
2026-05-18 14:02: Train Epoch 837: 40/87 Loss: 0.003362
2026-05-18 14:02: Train Epoch 837: 60/87 Loss: 0.004930
2026-05-18 14:02: Train Epoch 837: 80/87 Loss: 0.013456
2026-05-18 14:02: **********Train Epoch 837: averaged Loss: 0.007463
2026-05-18 14:02: **********Val Epoch 837: average Loss: 0.019735
2026-05-18 14:02: Train Epoch 838: 0/87 Loss: 0.044059
2026-05-18 14:02: Train Epoch 838: 20/87 Loss: 0.005114
2026-05-18 14:02: Train Epoch 838: 40/87 Loss: 0.005064
2026-05-18 14:02: Train Epoch 838: 60/87 Loss: 0.003829
2026-05-18 14:02: Train Epoch 838: 80/87 Loss: 0.025373
2026-05-18 14:02: **********Train Epoch 838: averaged Loss: 0.009723
2026-05-18 14:02: **********Val Epoch 838: average Loss: 0.013405
2026-05-18 14:02: Train Epoch 839: 0/87 Loss: 0.038359
2026-05-18 14:02: Train Epoch 839: 20/87 Loss: 0.004785
2026-05-18 14:02: Train Epoch 839: 40/87 Loss: 0.002892
2026-05-18 14:02: Train Epoch 839: 60/87 Loss: 0.003024
2026-05-18 14:02: Train Epoch 839: 80/87 Loss: 0.023680
2026-05-18 14:02: **********Train Epoch 839: averaged Loss: 0.008889
2026-05-18 14:02: **********Val Epoch 839: average Loss: 0.032486
2026-05-18 14:02: Train Epoch 840: 0/87 Loss: 0.004178
2026-05-18 14:02: Train Epoch 840: 20/87 Loss: 0.001966
2026-05-18 14:02: Train Epoch 840: 40/87 Loss: 0.003210
2026-05-18 14:02: Train Epoch 840: 60/87 Loss: 0.002802
2026-05-18 14:02: Train Epoch 840: 80/87 Loss: 0.012732
2026-05-18 14:02: **********Train Epoch 840: averaged Loss: 0.004788
2026-05-18 14:02: **********Val Epoch 840: average Loss: 0.028376
2026-05-18 14:02: Train Epoch 841: 0/87 Loss: 0.039603
2026-05-18 14:02: Train Epoch 841: 20/87 Loss: 0.009436
2026-05-18 14:02: Train Epoch 841: 40/87 Loss: 0.003173
2026-05-18 14:02: Train Epoch 841: 60/87 Loss: 0.004609
2026-05-18 14:02: Train Epoch 841: 80/87 Loss: 0.025958
2026-05-18 14:02: **********Train Epoch 841: averaged Loss: 0.009016
2026-05-18 14:02: **********Val Epoch 841: average Loss: 0.015550
2026-05-18 14:02: Train Epoch 842: 0/87 Loss: 0.038838
2026-05-18 14:02: Train Epoch 842: 20/87 Loss: 0.007344
2026-05-18 14:02: Train Epoch 842: 40/87 Loss: 0.002836
2026-05-18 14:02: Train Epoch 842: 60/87 Loss: 0.002529
2026-05-18 14:02: Train Epoch 842: 80/87 Loss: 0.012605
2026-05-18 14:02: **********Train Epoch 842: averaged Loss: 0.006260
2026-05-18 14:02: **********Val Epoch 842: average Loss: 0.008195
2026-05-18 14:02: Train Epoch 843: 0/87 Loss: 0.017670
2026-05-18 14:02: Train Epoch 843: 20/87 Loss: 0.001907
2026-05-18 14:02: Train Epoch 843: 40/87 Loss: 0.002497
2026-05-18 14:02: Train Epoch 843: 60/87 Loss: 0.001079
2026-05-18 14:02: Train Epoch 843: 80/87 Loss: 0.012166
2026-05-18 14:02: **********Train Epoch 843: averaged Loss: 0.004587
2026-05-18 14:02: **********Val Epoch 843: average Loss: 0.010234
2026-05-18 14:02: Train Epoch 844: 0/87 Loss: 0.004057
2026-05-18 14:02: Train Epoch 844: 20/87 Loss: 0.005388
2026-05-18 14:02: Train Epoch 844: 40/87 Loss: 0.003518
2026-05-18 14:02: Train Epoch 844: 60/87 Loss: 0.002370
2026-05-18 14:02: Train Epoch 844: 80/87 Loss: 0.015040
2026-05-18 14:02: **********Train Epoch 844: averaged Loss: 0.005299
2026-05-18 14:02: **********Val Epoch 844: average Loss: 0.004550
2026-05-18 14:02: Train Epoch 845: 0/87 Loss: 0.041462
2026-05-18 14:02: Train Epoch 845: 20/87 Loss: 0.004254
2026-05-18 14:02: Train Epoch 845: 40/87 Loss: 0.011070
2026-05-18 14:02: Train Epoch 845: 60/87 Loss: 0.011540
2026-05-18 14:02: Train Epoch 845: 80/87 Loss: 0.040327
2026-05-18 14:02: **********Train Epoch 845: averaged Loss: 0.015533
2026-05-18 14:02: **********Val Epoch 845: average Loss: 0.037973
2026-05-18 14:02: Train Epoch 846: 0/87 Loss: 0.068078
2026-05-18 14:02: Train Epoch 846: 20/87 Loss: 0.008560
2026-05-18 14:02: Train Epoch 846: 40/87 Loss: 0.006381
2026-05-18 14:02: Train Epoch 846: 60/87 Loss: 0.001356
2026-05-18 14:02: Train Epoch 846: 80/87 Loss: 0.014319
2026-05-18 14:02: **********Train Epoch 846: averaged Loss: 0.011041
2026-05-18 14:02: **********Val Epoch 846: average Loss: 0.006734
2026-05-18 14:02: Train Epoch 847: 0/87 Loss: 0.019601
2026-05-18 14:02: Train Epoch 847: 20/87 Loss: 0.002454
2026-05-18 14:02: Train Epoch 847: 40/87 Loss: 0.003874
2026-05-18 14:02: Train Epoch 847: 60/87 Loss: 0.006837
2026-05-18 14:02: Train Epoch 847: 80/87 Loss: 0.021609
2026-05-18 14:02: **********Train Epoch 847: averaged Loss: 0.006676
2026-05-18 14:02: **********Val Epoch 847: average Loss: 0.017317
2026-05-18 14:02: Train Epoch 848: 0/87 Loss: 0.043306
2026-05-18 14:02: Train Epoch 848: 20/87 Loss: 0.008610
2026-05-18 14:02: Train Epoch 848: 40/87 Loss: 0.004244
2026-05-18 14:02: Train Epoch 848: 60/87 Loss: 0.008432
2026-05-18 14:02: Train Epoch 848: 80/87 Loss: 0.026931
2026-05-18 14:02: **********Train Epoch 848: averaged Loss: 0.014197
2026-05-18 14:02: **********Val Epoch 848: average Loss: 0.038009
2026-05-18 14:02: Train Epoch 849: 0/87 Loss: 0.053163
2026-05-18 14:02: Train Epoch 849: 20/87 Loss: 0.013239
2026-05-18 14:03: Train Epoch 849: 40/87 Loss: 0.002700
2026-05-18 14:03: Train Epoch 849: 60/87 Loss: 0.003713
2026-05-18 14:03: Train Epoch 849: 80/87 Loss: 0.026395
2026-05-18 14:03: **********Train Epoch 849: averaged Loss: 0.011915
2026-05-18 14:03: **********Val Epoch 849: average Loss: 0.005604
2026-05-18 14:03: Train Epoch 850: 0/87 Loss: 0.007677
2026-05-18 14:03: Train Epoch 850: 20/87 Loss: 0.007879
2026-05-18 14:03: Train Epoch 850: 40/87 Loss: 0.004943
2026-05-18 14:03: Train Epoch 850: 60/87 Loss: 0.004574
2026-05-18 14:03: Train Epoch 850: 80/87 Loss: 0.026557
2026-05-18 14:03: **********Train Epoch 850: averaged Loss: 0.008514
2026-05-18 14:03: **********Val Epoch 850: average Loss: 0.020513
2026-05-18 14:03: Train Epoch 851: 0/87 Loss: 0.049171
2026-05-18 14:03: Train Epoch 851: 20/87 Loss: 0.010075
2026-05-18 14:03: Train Epoch 851: 40/87 Loss: 0.003993
2026-05-18 14:03: Train Epoch 851: 60/87 Loss: 0.002483
2026-05-18 14:03: Train Epoch 851: 80/87 Loss: 0.024551
2026-05-18 14:03: **********Train Epoch 851: averaged Loss: 0.011623
2026-05-18 14:03: **********Val Epoch 851: average Loss: 0.019827
2026-05-18 14:03: Train Epoch 852: 0/87 Loss: 0.028289
2026-05-18 14:03: Train Epoch 852: 20/87 Loss: 0.005349
2026-05-18 14:03: Train Epoch 852: 40/87 Loss: 0.003006
2026-05-18 14:03: Train Epoch 852: 60/87 Loss: 0.002857
2026-05-18 14:03: Train Epoch 852: 80/87 Loss: 0.015090
2026-05-18 14:03: **********Train Epoch 852: averaged Loss: 0.006106
2026-05-18 14:03: **********Val Epoch 852: average Loss: 0.006100
2026-05-18 14:03: Train Epoch 853: 0/87 Loss: 0.019561
2026-05-18 14:03: Train Epoch 853: 20/87 Loss: 0.012187
2026-05-18 14:03: Train Epoch 853: 40/87 Loss: 0.002401
2026-05-18 14:03: Train Epoch 853: 60/87 Loss: 0.004972
2026-05-18 14:03: Train Epoch 853: 80/87 Loss: 0.039666
2026-05-18 14:03: **********Train Epoch 853: averaged Loss: 0.010644
2026-05-18 14:03: **********Val Epoch 853: average Loss: 0.008404
2026-05-18 14:03: Train Epoch 854: 0/87 Loss: 0.054804
2026-05-18 14:03: Train Epoch 854: 20/87 Loss: 0.003702
2026-05-18 14:03: Train Epoch 854: 40/87 Loss: 0.004413
2026-05-18 14:03: Train Epoch 854: 60/87 Loss: 0.001554
2026-05-18 14:03: Train Epoch 854: 80/87 Loss: 0.013224
2026-05-18 14:03: **********Train Epoch 854: averaged Loss: 0.010196
2026-05-18 14:03: **********Val Epoch 854: average Loss: 0.033319
2026-05-18 14:03: Train Epoch 855: 0/87 Loss: 0.010739
2026-05-18 14:03: Train Epoch 855: 20/87 Loss: 0.004109
2026-05-18 14:03: Train Epoch 855: 40/87 Loss: 0.002990
2026-05-18 14:03: Train Epoch 855: 60/87 Loss: 0.001296
2026-05-18 14:03: Train Epoch 855: 80/87 Loss: 0.012096
2026-05-18 14:03: **********Train Epoch 855: averaged Loss: 0.004605
2026-05-18 14:03: **********Val Epoch 855: average Loss: 0.004610
2026-05-18 14:03: Train Epoch 856: 0/87 Loss: 0.004384
2026-05-18 14:03: Train Epoch 856: 20/87 Loss: 0.003858
2026-05-18 14:03: Train Epoch 856: 40/87 Loss: 0.004114
2026-05-18 14:03: Train Epoch 856: 60/87 Loss: 0.005872
2026-05-18 14:03: Train Epoch 856: 80/87 Loss: 0.022438
2026-05-18 14:03: **********Train Epoch 856: averaged Loss: 0.006922
2026-05-18 14:03: **********Val Epoch 856: average Loss: 0.027969
2026-05-18 14:03: Train Epoch 857: 0/87 Loss: 0.044771
2026-05-18 14:03: Train Epoch 857: 20/87 Loss: 0.001989
2026-05-18 14:03: Train Epoch 857: 40/87 Loss: 0.004896
2026-05-18 14:03: Train Epoch 857: 60/87 Loss: 0.001090
2026-05-18 14:03: Train Epoch 857: 80/87 Loss: 0.012504
2026-05-18 14:03: **********Train Epoch 857: averaged Loss: 0.008646
2026-05-18 14:03: **********Val Epoch 857: average Loss: 0.008755
2026-05-18 14:03: Train Epoch 858: 0/87 Loss: 0.008677
2026-05-18 14:03: Train Epoch 858: 20/87 Loss: 0.005418
2026-05-18 14:03: Train Epoch 858: 40/87 Loss: 0.002413
2026-05-18 14:03: Train Epoch 858: 60/87 Loss: 0.001106
2026-05-18 14:03: Train Epoch 858: 80/87 Loss: 0.012924
2026-05-18 14:03: **********Train Epoch 858: averaged Loss: 0.004416
2026-05-18 14:03: **********Val Epoch 858: average Loss: 0.005435
2026-05-18 14:03: Train Epoch 859: 0/87 Loss: 0.018901
2026-05-18 14:03: Train Epoch 859: 20/87 Loss: 0.004419
2026-05-18 14:03: Train Epoch 859: 40/87 Loss: 0.002593
2026-05-18 14:03: Train Epoch 859: 60/87 Loss: 0.002704
2026-05-18 14:03: Train Epoch 859: 80/87 Loss: 0.012045
2026-05-18 14:03: **********Train Epoch 859: averaged Loss: 0.004437
2026-05-18 14:03: **********Val Epoch 859: average Loss: 0.004900
2026-05-18 14:03: Train Epoch 860: 0/87 Loss: 0.016457
2026-05-18 14:03: Train Epoch 860: 20/87 Loss: 0.002777
2026-05-18 14:03: Train Epoch 860: 40/87 Loss: 0.003217
2026-05-18 14:03: Train Epoch 860: 60/87 Loss: 0.001260
2026-05-18 14:03: Train Epoch 860: 80/87 Loss: 0.015065
2026-05-18 14:03: **********Train Epoch 860: averaged Loss: 0.005430
2026-05-18 14:03: **********Val Epoch 860: average Loss: 0.010293
2026-05-18 14:03: Train Epoch 861: 0/87 Loss: 0.019509
2026-05-18 14:03: Train Epoch 861: 20/87 Loss: 0.006663
2026-05-18 14:03: Train Epoch 861: 40/87 Loss: 0.003740
2026-05-18 14:03: Train Epoch 861: 60/87 Loss: 0.002728
2026-05-18 14:03: Train Epoch 861: 80/87 Loss: 0.039203
2026-05-18 14:03: **********Train Epoch 861: averaged Loss: 0.007808
2026-05-18 14:03: **********Val Epoch 861: average Loss: 0.030397
2026-05-18 14:03: Train Epoch 862: 0/87 Loss: 0.049241
2026-05-18 14:03: Train Epoch 862: 20/87 Loss: 0.013768
2026-05-18 14:03: Train Epoch 862: 40/87 Loss: 0.003053
2026-05-18 14:03: Train Epoch 862: 60/87 Loss: 0.002972
2026-05-18 14:03: Train Epoch 862: 80/87 Loss: 0.012899
2026-05-18 14:03: **********Train Epoch 862: averaged Loss: 0.008739
2026-05-18 14:03: **********Val Epoch 862: average Loss: 0.006950
2026-05-18 14:03: Train Epoch 863: 0/87 Loss: 0.016931
2026-05-18 14:03: Train Epoch 863: 20/87 Loss: 0.001923
2026-05-18 14:03: Train Epoch 863: 40/87 Loss: 0.002424
2026-05-18 14:03: Train Epoch 863: 60/87 Loss: 0.007897
2026-05-18 14:03: Train Epoch 863: 80/87 Loss: 0.017213
2026-05-18 14:03: **********Train Epoch 863: averaged Loss: 0.005920
2026-05-18 14:03: **********Val Epoch 863: average Loss: 0.009798
2026-05-18 14:03: Train Epoch 864: 0/87 Loss: 0.039229
2026-05-18 14:03: Train Epoch 864: 20/87 Loss: 0.006618
2026-05-18 14:03: Train Epoch 864: 40/87 Loss: 0.002476
2026-05-18 14:03: Train Epoch 864: 60/87 Loss: 0.001943
2026-05-18 14:03: Train Epoch 864: 80/87 Loss: 0.013893
2026-05-18 14:03: **********Train Epoch 864: averaged Loss: 0.006383
2026-05-18 14:03: **********Val Epoch 864: average Loss: 0.010387
2026-05-18 14:03: Train Epoch 865: 0/87 Loss: 0.024286
2026-05-18 14:04: Train Epoch 865: 20/87 Loss: 0.002503
2026-05-18 14:04: Train Epoch 865: 40/87 Loss: 0.003799
2026-05-18 14:04: Train Epoch 865: 60/87 Loss: 0.002099
2026-05-18 14:04: Train Epoch 865: 80/87 Loss: 0.012165
2026-05-18 14:04: **********Train Epoch 865: averaged Loss: 0.006792
2026-05-18 14:04: **********Val Epoch 865: average Loss: 0.007096
2026-05-18 14:04: Train Epoch 866: 0/87 Loss: 0.005716
2026-05-18 14:04: Train Epoch 866: 20/87 Loss: 0.002147
2026-05-18 14:04: Train Epoch 866: 40/87 Loss: 0.002293
2026-05-18 14:04: Train Epoch 866: 60/87 Loss: 0.006780
2026-05-18 14:04: Train Epoch 866: 80/87 Loss: 0.017692
2026-05-18 14:04: **********Train Epoch 866: averaged Loss: 0.005282
2026-05-18 14:04: **********Val Epoch 866: average Loss: 0.016592
2026-05-18 14:04: Train Epoch 867: 0/87 Loss: 0.028485
2026-05-18 14:04: Train Epoch 867: 20/87 Loss: 0.008212
2026-05-18 14:04: Train Epoch 867: 40/87 Loss: 0.003434
2026-05-18 14:04: Train Epoch 867: 60/87 Loss: 0.002489
2026-05-18 14:04: Train Epoch 867: 80/87 Loss: 0.046447
2026-05-18 14:04: **********Train Epoch 867: averaged Loss: 0.010272
2026-05-18 14:04: **********Val Epoch 867: average Loss: 0.028400
2026-05-18 14:04: Train Epoch 868: 0/87 Loss: 0.058393
2026-05-18 14:04: Train Epoch 868: 20/87 Loss: 0.015071
2026-05-18 14:04: Train Epoch 868: 40/87 Loss: 0.007569
2026-05-18 14:04: Train Epoch 868: 60/87 Loss: 0.009241
2026-05-18 14:04: Train Epoch 868: 80/87 Loss: 0.011736
2026-05-18 14:04: **********Train Epoch 868: averaged Loss: 0.010801
2026-05-18 14:04: **********Val Epoch 868: average Loss: 0.005210
2026-05-18 14:04: Train Epoch 869: 0/87 Loss: 0.027499
2026-05-18 14:04: Train Epoch 869: 20/87 Loss: 0.008478
2026-05-18 14:04: Train Epoch 869: 40/87 Loss: 0.003497
2026-05-18 14:04: Train Epoch 869: 60/87 Loss: 0.006380
2026-05-18 14:04: Train Epoch 869: 80/87 Loss: 0.017184
2026-05-18 14:04: **********Train Epoch 869: averaged Loss: 0.006913
2026-05-18 14:04: **********Val Epoch 869: average Loss: 0.015647
2026-05-18 14:04: Train Epoch 870: 0/87 Loss: 0.023828
2026-05-18 14:04: Train Epoch 870: 20/87 Loss: 0.004963
2026-05-18 14:04: Train Epoch 870: 40/87 Loss: 0.003955
2026-05-18 14:04: Train Epoch 870: 60/87 Loss: 0.003048
2026-05-18 14:04: Train Epoch 870: 80/87 Loss: 0.023497
2026-05-18 14:04: **********Train Epoch 870: averaged Loss: 0.006904
2026-05-18 14:04: **********Val Epoch 870: average Loss: 0.027195
2026-05-18 14:04: Train Epoch 871: 0/87 Loss: 0.014894
2026-05-18 14:04: Train Epoch 871: 20/87 Loss: 0.001980
2026-05-18 14:04: Train Epoch 871: 40/87 Loss: 0.002783
2026-05-18 14:04: Train Epoch 871: 60/87 Loss: 0.002807
2026-05-18 14:04: Train Epoch 871: 80/87 Loss: 0.016439
2026-05-18 14:04: **********Train Epoch 871: averaged Loss: 0.005553
2026-05-18 14:04: **********Val Epoch 871: average Loss: 0.008235
2026-05-18 14:04: Train Epoch 872: 0/87 Loss: 0.005686
2026-05-18 14:04: Train Epoch 872: 20/87 Loss: 0.003087
2026-05-18 14:04: Train Epoch 872: 40/87 Loss: 0.002518
2026-05-18 14:04: Train Epoch 872: 60/87 Loss: 0.001044
2026-05-18 14:04: Train Epoch 872: 80/87 Loss: 0.012268
2026-05-18 14:04: **********Train Epoch 872: averaged Loss: 0.003495
2026-05-18 14:04: **********Val Epoch 872: average Loss: 0.019733
2026-05-18 14:04: Train Epoch 873: 0/87 Loss: 0.003833
2026-05-18 14:04: Train Epoch 873: 20/87 Loss: 0.006532
2026-05-18 14:04: Train Epoch 873: 40/87 Loss: 0.002632
2026-05-18 14:04: Train Epoch 873: 60/87 Loss: 0.004830
2026-05-18 14:04: Train Epoch 873: 80/87 Loss: 0.028139
2026-05-18 14:04: **********Train Epoch 873: averaged Loss: 0.006969
2026-05-18 14:04: **********Val Epoch 873: average Loss: 0.010766
2026-05-18 14:04: Train Epoch 874: 0/87 Loss: 0.041248
2026-05-18 14:04: Train Epoch 874: 20/87 Loss: 0.009441
2026-05-18 14:04: Train Epoch 874: 40/87 Loss: 0.005081
2026-05-18 14:04: Train Epoch 874: 60/87 Loss: 0.005612
2026-05-18 14:04: Train Epoch 874: 80/87 Loss: 0.014997
2026-05-18 14:04: **********Train Epoch 874: averaged Loss: 0.009469
2026-05-18 14:04: **********Val Epoch 874: average Loss: 0.034080
2026-05-18 14:04: Train Epoch 875: 0/87 Loss: 0.007104
2026-05-18 14:04: Train Epoch 875: 20/87 Loss: 0.006259
2026-05-18 14:04: Train Epoch 875: 40/87 Loss: 0.003363
2026-05-18 14:04: Train Epoch 875: 60/87 Loss: 0.001037
2026-05-18 14:04: Train Epoch 875: 80/87 Loss: 0.012426
2026-05-18 14:04: **********Train Epoch 875: averaged Loss: 0.003995
2026-05-18 14:04: **********Val Epoch 875: average Loss: 0.010183
2026-05-18 14:04: Train Epoch 876: 0/87 Loss: 0.013199
2026-05-18 14:04: Train Epoch 876: 20/87 Loss: 0.001727
2026-05-18 14:04: Train Epoch 876: 40/87 Loss: 0.002455
2026-05-18 14:04: Train Epoch 876: 60/87 Loss: 0.007191
2026-05-18 14:04: Train Epoch 876: 80/87 Loss: 0.015716
2026-05-18 14:04: **********Train Epoch 876: averaged Loss: 0.005328
2026-05-18 14:04: **********Val Epoch 876: average Loss: 0.013816
2026-05-18 14:04: Train Epoch 877: 0/87 Loss: 0.013276
2026-05-18 14:04: Train Epoch 877: 20/87 Loss: 0.002491
2026-05-18 14:04: Train Epoch 877: 40/87 Loss: 0.002664
2026-05-18 14:04: Train Epoch 877: 60/87 Loss: 0.001554
2026-05-18 14:04: Train Epoch 877: 80/87 Loss: 0.013950
2026-05-18 14:04: **********Train Epoch 877: averaged Loss: 0.004355
2026-05-18 14:04: **********Val Epoch 877: average Loss: 0.018008
2026-05-18 14:04: Train Epoch 878: 0/87 Loss: 0.007973
2026-05-18 14:04: Train Epoch 878: 20/87 Loss: 0.002207
2026-05-18 14:04: Train Epoch 878: 40/87 Loss: 0.004826
2026-05-18 14:04: Train Epoch 878: 60/87 Loss: 0.006495
2026-05-18 14:04: Train Epoch 878: 80/87 Loss: 0.017501
2026-05-18 14:04: **********Train Epoch 878: averaged Loss: 0.005699
2026-05-18 14:04: **********Val Epoch 878: average Loss: 0.011991
2026-05-18 14:04: Train Epoch 879: 0/87 Loss: 0.021755
2026-05-18 14:04: Train Epoch 879: 20/87 Loss: 0.009153
2026-05-18 14:04: Train Epoch 879: 40/87 Loss: 0.002786
2026-05-18 14:04: Train Epoch 879: 60/87 Loss: 0.004299
2026-05-18 14:05: Train Epoch 879: 80/87 Loss: 0.031726
2026-05-18 14:05: **********Train Epoch 879: averaged Loss: 0.007045
2026-05-18 14:05: **********Val Epoch 879: average Loss: 0.028662
2026-05-18 14:05: Train Epoch 880: 0/87 Loss: 0.035761
2026-05-18 14:05: Train Epoch 880: 20/87 Loss: 0.001842
2026-05-18 14:05: Train Epoch 880: 40/87 Loss: 0.002931
2026-05-18 14:05: Train Epoch 880: 60/87 Loss: 0.004944
2026-05-18 14:05: Train Epoch 880: 80/87 Loss: 0.017094
2026-05-18 14:05: **********Train Epoch 880: averaged Loss: 0.006566
2026-05-18 14:05: **********Val Epoch 880: average Loss: 0.006377
2026-05-18 14:05: Train Epoch 881: 0/87 Loss: 0.018902
2026-05-18 14:05: Train Epoch 881: 20/87 Loss: 0.001775
2026-05-18 14:05: Train Epoch 881: 40/87 Loss: 0.002522
2026-05-18 14:05: Train Epoch 881: 60/87 Loss: 0.001294
2026-05-18 14:05: Train Epoch 881: 80/87 Loss: 0.012756
2026-05-18 14:05: **********Train Epoch 881: averaged Loss: 0.004441
2026-05-18 14:05: **********Val Epoch 881: average Loss: 0.023581
2026-05-18 14:05: Train Epoch 882: 0/87 Loss: 0.022062
2026-05-18 14:05: Train Epoch 882: 20/87 Loss: 0.006629
2026-05-18 14:05: Train Epoch 882: 40/87 Loss: 0.002468
2026-05-18 14:05: Train Epoch 882: 60/87 Loss: 0.004645
2026-05-18 14:05: Train Epoch 882: 80/87 Loss: 0.012433
2026-05-18 14:05: **********Train Epoch 882: averaged Loss: 0.006469
2026-05-18 14:05: **********Val Epoch 882: average Loss: 0.016178
2026-05-18 14:05: Train Epoch 883: 0/87 Loss: 0.021212
2026-05-18 14:05: Train Epoch 883: 20/87 Loss: 0.003431
2026-05-18 14:05: Train Epoch 883: 40/87 Loss: 0.005093
2026-05-18 14:05: Train Epoch 883: 60/87 Loss: 0.005642
2026-05-18 14:05: Train Epoch 883: 80/87 Loss: 0.015081
2026-05-18 14:05: **********Train Epoch 883: averaged Loss: 0.007002
2026-05-18 14:05: **********Val Epoch 883: average Loss: 0.015624
2026-05-18 14:05: Train Epoch 884: 0/87 Loss: 0.031186
2026-05-18 14:05: Train Epoch 884: 20/87 Loss: 0.011955
2026-05-18 14:05: Train Epoch 884: 40/87 Loss: 0.002354
2026-05-18 14:05: Train Epoch 884: 60/87 Loss: 0.004696
2026-05-18 14:05: Train Epoch 884: 80/87 Loss: 0.030509
2026-05-18 14:05: **********Train Epoch 884: averaged Loss: 0.008372
2026-05-18 14:05: **********Val Epoch 884: average Loss: 0.008054
2026-05-18 14:05: Train Epoch 885: 0/87 Loss: 0.031308
2026-05-18 14:05: Train Epoch 885: 20/87 Loss: 0.008555
2026-05-18 14:05: Train Epoch 885: 40/87 Loss: 0.006976
2026-05-18 14:05: Train Epoch 885: 60/87 Loss: 0.003229
2026-05-18 14:05: Train Epoch 885: 80/87 Loss: 0.018334
2026-05-18 14:05: **********Train Epoch 885: averaged Loss: 0.008755
2026-05-18 14:05: **********Val Epoch 885: average Loss: 0.018761
2026-05-18 14:05: Train Epoch 886: 0/87 Loss: 0.020498
2026-05-18 14:05: Train Epoch 886: 20/87 Loss: 0.001635
2026-05-18 14:05: Train Epoch 886: 40/87 Loss: 0.003318
2026-05-18 14:05: Train Epoch 886: 60/87 Loss: 0.001383
2026-05-18 14:05: Train Epoch 886: 80/87 Loss: 0.014764
2026-05-18 14:05: **********Train Epoch 886: averaged Loss: 0.005976
2026-05-18 14:05: **********Val Epoch 886: average Loss: 0.010840
2026-05-18 14:05: Train Epoch 887: 0/87 Loss: 0.005818
2026-05-18 14:05: Train Epoch 887: 20/87 Loss: 0.002786
2026-05-18 14:05: Train Epoch 887: 40/87 Loss: 0.002901
2026-05-18 14:05: Train Epoch 887: 60/87 Loss: 0.001047
2026-05-18 14:05: Train Epoch 887: 80/87 Loss: 0.012347
2026-05-18 14:05: **********Train Epoch 887: averaged Loss: 0.004606
2026-05-18 14:05: **********Val Epoch 887: average Loss: 0.048013
2026-05-18 14:05: Train Epoch 888: 0/87 Loss: 0.002936
2026-05-18 14:05: Train Epoch 888: 20/87 Loss: 0.001735
2026-05-18 14:05: Train Epoch 888: 40/87 Loss: 0.002918
2026-05-18 14:05: Train Epoch 888: 60/87 Loss: 0.008647
2026-05-18 14:05: Train Epoch 888: 80/87 Loss: 0.017454
2026-05-18 14:05: **********Train Epoch 888: averaged Loss: 0.004881
2026-05-18 14:05: **********Val Epoch 888: average Loss: 0.022393
2026-05-18 14:05: Train Epoch 889: 0/87 Loss: 0.027459
2026-05-18 14:05: Train Epoch 889: 20/87 Loss: 0.005430
2026-05-18 14:05: Train Epoch 889: 40/87 Loss: 0.002525
2026-05-18 14:05: Train Epoch 889: 60/87 Loss: 0.001547
2026-05-18 14:05: Train Epoch 889: 80/87 Loss: 0.019749
2026-05-18 14:05: **********Train Epoch 889: averaged Loss: 0.008296
2026-05-18 14:05: **********Val Epoch 889: average Loss: 0.016019
2026-05-18 14:05: Train Epoch 890: 0/87 Loss: 0.005587
2026-05-18 14:05: Train Epoch 890: 20/87 Loss: 0.002644
2026-05-18 14:05: Train Epoch 890: 40/87 Loss: 0.002471
2026-05-18 14:05: Train Epoch 890: 60/87 Loss: 0.004244
2026-05-18 14:05: Train Epoch 890: 80/87 Loss: 0.012786
2026-05-18 14:05: **********Train Epoch 890: averaged Loss: 0.004609
2026-05-18 14:05: **********Val Epoch 890: average Loss: 0.005888
2026-05-18 14:05: Train Epoch 891: 0/87 Loss: 0.026053
2026-05-18 14:05: Train Epoch 891: 20/87 Loss: 0.003043
2026-05-18 14:05: Train Epoch 891: 40/87 Loss: 0.002773
2026-05-18 14:05: Train Epoch 891: 60/87 Loss: 0.013546
2026-05-18 14:05: Train Epoch 891: 80/87 Loss: 0.022434
2026-05-18 14:05: **********Train Epoch 891: averaged Loss: 0.007785
2026-05-18 14:05: **********Val Epoch 891: average Loss: 0.013437
2026-05-18 14:05: Train Epoch 892: 0/87 Loss: 0.040140
2026-05-18 14:05: Train Epoch 892: 20/87 Loss: 0.007110
2026-05-18 14:05: Train Epoch 892: 40/87 Loss: 0.004319
2026-05-18 14:05: Train Epoch 892: 60/87 Loss: 0.002719
2026-05-18 14:05: Train Epoch 892: 80/87 Loss: 0.020660
2026-05-18 14:05: **********Train Epoch 892: averaged Loss: 0.009791
2026-05-18 14:05: **********Val Epoch 892: average Loss: 0.034354
2026-05-18 14:05: Train Epoch 893: 0/87 Loss: 0.013535
2026-05-18 14:05: Train Epoch 893: 20/87 Loss: 0.002175
2026-05-18 14:05: Train Epoch 893: 40/87 Loss: 0.002724
2026-05-18 14:05: Train Epoch 893: 60/87 Loss: 0.006006
2026-05-18 14:05: Train Epoch 893: 80/87 Loss: 0.014187
2026-05-18 14:05: **********Train Epoch 893: averaged Loss: 0.005000
2026-05-18 14:05: **********Val Epoch 893: average Loss: 0.009246
2026-05-18 14:05: Train Epoch 894: 0/87 Loss: 0.009807
2026-05-18 14:06: Train Epoch 894: 20/87 Loss: 0.005206
2026-05-18 14:06: Train Epoch 894: 40/87 Loss: 0.003039
2026-05-18 14:06: Train Epoch 894: 60/87 Loss: 0.001408
2026-05-18 14:06: Train Epoch 894: 80/87 Loss: 0.017952
2026-05-18 14:06: **********Train Epoch 894: averaged Loss: 0.004884
2026-05-18 14:06: **********Val Epoch 894: average Loss: 0.038974
2026-05-18 14:06: Train Epoch 895: 0/87 Loss: 0.033949
2026-05-18 14:06: Train Epoch 895: 20/87 Loss: 0.008090
2026-05-18 14:06: Train Epoch 895: 40/87 Loss: 0.008253
2026-05-18 14:06: Train Epoch 895: 60/87 Loss: 0.008193
2026-05-18 14:06: Train Epoch 895: 80/87 Loss: 0.012390
2026-05-18 14:06: **********Train Epoch 895: averaged Loss: 0.008402
2026-05-18 14:06: **********Val Epoch 895: average Loss: 0.014033
2026-05-18 14:06: Train Epoch 896: 0/87 Loss: 0.025397
2026-05-18 14:06: Train Epoch 896: 20/87 Loss: 0.005490
2026-05-18 14:06: Train Epoch 896: 40/87 Loss: 0.002486
2026-05-18 14:06: Train Epoch 896: 60/87 Loss: 0.002182
2026-05-18 14:06: Train Epoch 896: 80/87 Loss: 0.015657
2026-05-18 14:06: **********Train Epoch 896: averaged Loss: 0.006143
2026-05-18 14:06: **********Val Epoch 896: average Loss: 0.024846
2026-05-18 14:06: Train Epoch 897: 0/87 Loss: 0.014591
2026-05-18 14:06: Train Epoch 897: 20/87 Loss: 0.002037
2026-05-18 14:06: Train Epoch 897: 40/87 Loss: 0.003811
2026-05-18 14:06: Train Epoch 897: 60/87 Loss: 0.002164
2026-05-18 14:06: Train Epoch 897: 80/87 Loss: 0.018639
2026-05-18 14:06: **********Train Epoch 897: averaged Loss: 0.005488
2026-05-18 14:06: **********Val Epoch 897: average Loss: 0.018089
2026-05-18 14:06: Train Epoch 898: 0/87 Loss: 0.028926
2026-05-18 14:06: Train Epoch 898: 20/87 Loss: 0.006271
2026-05-18 14:06: Train Epoch 898: 40/87 Loss: 0.003329
2026-05-18 14:06: Train Epoch 898: 60/87 Loss: 0.008038
2026-05-18 14:06: Train Epoch 898: 80/87 Loss: 0.030314
2026-05-18 14:06: **********Train Epoch 898: averaged Loss: 0.011972
2026-05-18 14:06: **********Val Epoch 898: average Loss: 0.035568
2026-05-18 14:06: Train Epoch 899: 0/87 Loss: 0.066532
2026-05-18 14:06: Train Epoch 899: 20/87 Loss: 0.005488
2026-05-18 14:06: Train Epoch 899: 40/87 Loss: 0.002390
2026-05-18 14:06: Train Epoch 899: 60/87 Loss: 0.005114
2026-05-18 14:06: Train Epoch 899: 80/87 Loss: 0.020619
2026-05-18 14:06: **********Train Epoch 899: averaged Loss: 0.011518
2026-05-18 14:06: **********Val Epoch 899: average Loss: 0.005502
2026-05-18 14:06: Train Epoch 900: 0/87 Loss: 0.003959
2026-05-18 14:06: Train Epoch 900: 20/87 Loss: 0.003776
2026-05-18 14:06: Train Epoch 900: 40/87 Loss: 0.004873
2026-05-18 14:06: Train Epoch 900: 60/87 Loss: 0.002152
2026-05-18 14:06: Train Epoch 900: 80/87 Loss: 0.014568
2026-05-18 14:06: **********Train Epoch 900: averaged Loss: 0.004681
2026-05-18 14:06: **********Val Epoch 900: average Loss: 0.032191
2026-05-18 14:06: Train Epoch 901: 0/87 Loss: 0.022705
2026-05-18 14:06: Train Epoch 901: 20/87 Loss: 0.002269
2026-05-18 14:06: Train Epoch 901: 40/87 Loss: 0.002498
2026-05-18 14:06: Train Epoch 901: 60/87 Loss: 0.008632
2026-05-18 14:06: Train Epoch 901: 80/87 Loss: 0.017513
2026-05-18 14:06: **********Train Epoch 901: averaged Loss: 0.006141
2026-05-18 14:06: **********Val Epoch 901: average Loss: 0.009504
2026-05-18 14:06: Train Epoch 902: 0/87 Loss: 0.034842
2026-05-18 14:06: Train Epoch 902: 20/87 Loss: 0.004323
2026-05-18 14:06: Train Epoch 902: 40/87 Loss: 0.003148
2026-05-18 14:06: Train Epoch 902: 60/87 Loss: 0.003185
2026-05-18 14:06: Train Epoch 902: 80/87 Loss: 0.030300
2026-05-18 14:06: **********Train Epoch 902: averaged Loss: 0.009504
2026-05-18 14:06: **********Val Epoch 902: average Loss: 0.027659
2026-05-18 14:06: Train Epoch 903: 0/87 Loss: 0.030081
2026-05-18 14:06: Train Epoch 903: 20/87 Loss: 0.004242
2026-05-18 14:06: Train Epoch 903: 40/87 Loss: 0.003053
2026-05-18 14:06: Train Epoch 903: 60/87 Loss: 0.003312
2026-05-18 14:06: Train Epoch 903: 80/87 Loss: 0.014596
2026-05-18 14:06: **********Train Epoch 903: averaged Loss: 0.006502
2026-05-18 14:06: **********Val Epoch 903: average Loss: 0.008108
2026-05-18 14:06: Train Epoch 904: 0/87 Loss: 0.013136
2026-05-18 14:06: Train Epoch 904: 20/87 Loss: 0.005947
2026-05-18 14:06: Train Epoch 904: 40/87 Loss: 0.002458
2026-05-18 14:06: Train Epoch 904: 60/87 Loss: 0.001886
2026-05-18 14:06: Train Epoch 904: 80/87 Loss: 0.014838
2026-05-18 14:06: **********Train Epoch 904: averaged Loss: 0.004886
2026-05-18 14:06: **********Val Epoch 904: average Loss: 0.005873
2026-05-18 14:06: Train Epoch 905: 0/87 Loss: 0.031455
2026-05-18 14:06: Train Epoch 905: 20/87 Loss: 0.009764
2026-05-18 14:06: Train Epoch 905: 40/87 Loss: 0.003106
2026-05-18 14:06: Train Epoch 905: 60/87 Loss: 0.001966
2026-05-18 14:06: Train Epoch 905: 80/87 Loss: 0.032419
2026-05-18 14:06: **********Train Epoch 905: averaged Loss: 0.008772
2026-05-18 14:06: **********Val Epoch 905: average Loss: 0.032167
2026-05-18 14:06: Train Epoch 906: 0/87 Loss: 0.041517
2026-05-18 14:06: Train Epoch 906: 20/87 Loss: 0.007334
2026-05-18 14:06: Train Epoch 906: 40/87 Loss: 0.002435
2026-05-18 14:06: Train Epoch 906: 60/87 Loss: 0.001108
2026-05-18 14:06: Train Epoch 906: 80/87 Loss: 0.013422
2026-05-18 14:06: **********Train Epoch 906: averaged Loss: 0.007038
2026-05-18 14:06: **********Val Epoch 906: average Loss: 0.006573
2026-05-18 14:06: Train Epoch 907: 0/87 Loss: 0.008216
2026-05-18 14:06: Train Epoch 907: 20/87 Loss: 0.002227
2026-05-18 14:06: Train Epoch 907: 40/87 Loss: 0.002839
2026-05-18 14:06: Train Epoch 907: 60/87 Loss: 0.001257
2026-05-18 14:06: Train Epoch 907: 80/87 Loss: 0.013087
2026-05-18 14:06: **********Train Epoch 907: averaged Loss: 0.003598
2026-05-18 14:06: **********Val Epoch 907: average Loss: 0.027569
2026-05-18 14:06: Train Epoch 908: 0/87 Loss: 0.003923
2026-05-18 14:06: Train Epoch 908: 20/87 Loss: 0.006788
2026-05-18 14:07: Train Epoch 908: 40/87 Loss: 0.002533
2026-05-18 14:07: Train Epoch 908: 60/87 Loss: 0.008323
2026-05-18 14:07: Train Epoch 908: 80/87 Loss: 0.018149
2026-05-18 14:07: **********Train Epoch 908: averaged Loss: 0.005324
2026-05-18 14:07: **********Val Epoch 908: average Loss: 0.007465
2026-05-18 14:07: Train Epoch 909: 0/87 Loss: 0.041913
2026-05-18 14:07: Train Epoch 909: 20/87 Loss: 0.005807
2026-05-18 14:07: Train Epoch 909: 40/87 Loss: 0.002614
2026-05-18 14:07: Train Epoch 909: 60/87 Loss: 0.001577
2026-05-18 14:07: Train Epoch 909: 80/87 Loss: 0.011518
2026-05-18 14:07: **********Train Epoch 909: averaged Loss: 0.008285
2026-05-18 14:07: **********Val Epoch 909: average Loss: 0.009527
2026-05-18 14:07: Train Epoch 910: 0/87 Loss: 0.004233
2026-05-18 14:07: Train Epoch 910: 20/87 Loss: 0.002437
2026-05-18 14:07: Train Epoch 910: 40/87 Loss: 0.003755
2026-05-18 14:07: Train Epoch 910: 60/87 Loss: 0.001149
2026-05-18 14:07: Train Epoch 910: 80/87 Loss: 0.014655
2026-05-18 14:07: **********Train Epoch 910: averaged Loss: 0.004229
2026-05-18 14:07: **********Val Epoch 910: average Loss: 0.007509
2026-05-18 14:07: Train Epoch 911: 0/87 Loss: 0.024717
2026-05-18 14:07: Train Epoch 911: 20/87 Loss: 0.007490
2026-05-18 14:07: Train Epoch 911: 40/87 Loss: 0.003271
2026-05-18 14:07: Train Epoch 911: 60/87 Loss: 0.002052
2026-05-18 14:07: Train Epoch 911: 80/87 Loss: 0.028545
2026-05-18 14:07: **********Train Epoch 911: averaged Loss: 0.007784
2026-05-18 14:07: **********Val Epoch 911: average Loss: 0.035420
2026-05-18 14:07: Train Epoch 912: 0/87 Loss: 0.051513
2026-05-18 14:07: Train Epoch 912: 20/87 Loss: 0.005828
2026-05-18 14:07: Train Epoch 912: 40/87 Loss: 0.002404
2026-05-18 14:07: Train Epoch 912: 60/87 Loss: 0.001106
2026-05-18 14:07: Train Epoch 912: 80/87 Loss: 0.012616
2026-05-18 14:07: **********Train Epoch 912: averaged Loss: 0.007571
2026-05-18 14:07: **********Val Epoch 912: average Loss: 0.005640
2026-05-18 14:07: Train Epoch 913: 0/87 Loss: 0.008140
2026-05-18 14:07: Train Epoch 913: 20/87 Loss: 0.002747
2026-05-18 14:07: Train Epoch 913: 40/87 Loss: 0.002470
2026-05-18 14:07: Train Epoch 913: 60/87 Loss: 0.001778
2026-05-18 14:07: Train Epoch 913: 80/87 Loss: 0.011527
2026-05-18 14:07: **********Train Epoch 913: averaged Loss: 0.004140
2026-05-18 14:07: **********Val Epoch 913: average Loss: 0.017528
2026-05-18 14:07: Train Epoch 914: 0/87 Loss: 0.010277
2026-05-18 14:07: Train Epoch 914: 20/87 Loss: 0.002037
2026-05-18 14:07: Train Epoch 914: 40/87 Loss: 0.002764
2026-05-18 14:07: Train Epoch 914: 60/87 Loss: 0.005443
2026-05-18 14:07: Train Epoch 914: 80/87 Loss: 0.013431
2026-05-18 14:07: **********Train Epoch 914: averaged Loss: 0.003861
2026-05-18 14:07: **********Val Epoch 914: average Loss: 0.015681
2026-05-18 14:07: Train Epoch 915: 0/87 Loss: 0.003440
2026-05-18 14:07: Train Epoch 915: 20/87 Loss: 0.002221
2026-05-18 14:07: Train Epoch 915: 40/87 Loss: 0.002299
2026-05-18 14:07: Train Epoch 915: 60/87 Loss: 0.001086
2026-05-18 14:07: Train Epoch 915: 80/87 Loss: 0.012035
2026-05-18 14:07: **********Train Epoch 915: averaged Loss: 0.003470
2026-05-18 14:07: **********Val Epoch 915: average Loss: 0.016509
2026-05-18 14:07: Train Epoch 916: 0/87 Loss: 0.007576
2026-05-18 14:07: Train Epoch 916: 20/87 Loss: 0.004202
2026-05-18 14:07: Train Epoch 916: 40/87 Loss: 0.003176
2026-05-18 14:07: Train Epoch 916: 60/87 Loss: 0.001132
2026-05-18 14:07: Train Epoch 916: 80/87 Loss: 0.012245
2026-05-18 14:07: **********Train Epoch 916: averaged Loss: 0.004100
2026-05-18 14:07: **********Val Epoch 916: average Loss: 0.026873
2026-05-18 14:07: Train Epoch 917: 0/87 Loss: 0.025286
2026-05-18 14:07: Train Epoch 917: 20/87 Loss: 0.005194
2026-05-18 14:07: Train Epoch 917: 40/87 Loss: 0.002709
2026-05-18 14:07: Train Epoch 917: 60/87 Loss: 0.001697
2026-05-18 14:07: Train Epoch 917: 80/87 Loss: 0.012217
2026-05-18 14:07: **********Train Epoch 917: averaged Loss: 0.005080
2026-05-18 14:07: **********Val Epoch 917: average Loss: 0.016900
2026-05-18 14:07: Train Epoch 918: 0/87 Loss: 0.007512
2026-05-18 14:07: Train Epoch 918: 20/87 Loss: 0.005549
2026-05-18 14:07: Train Epoch 918: 40/87 Loss: 0.003771
2026-05-18 14:07: Train Epoch 918: 60/87 Loss: 0.001330
2026-05-18 14:07: Train Epoch 918: 80/87 Loss: 0.012205
2026-05-18 14:07: **********Train Epoch 918: averaged Loss: 0.004472
2026-05-18 14:07: **********Val Epoch 918: average Loss: 0.004239
2026-05-18 14:07: Train Epoch 919: 0/87 Loss: 0.010159
2026-05-18 14:07: Train Epoch 919: 20/87 Loss: 0.003001
2026-05-18 14:07: Train Epoch 919: 40/87 Loss: 0.002616
2026-05-18 14:07: Train Epoch 919: 60/87 Loss: 0.004344
2026-05-18 14:07: Train Epoch 919: 80/87 Loss: 0.014504
2026-05-18 14:07: **********Train Epoch 919: averaged Loss: 0.005753
2026-05-18 14:07: **********Val Epoch 919: average Loss: 0.030641
2026-05-18 14:07: Train Epoch 920: 0/87 Loss: 0.041861
2026-05-18 14:07: Train Epoch 920: 20/87 Loss: 0.007703
2026-05-18 14:07: Train Epoch 920: 40/87 Loss: 0.009023
2026-05-18 14:07: Train Epoch 920: 60/87 Loss: 0.002122
2026-05-18 14:07: Train Epoch 920: 80/87 Loss: 0.012016
2026-05-18 14:07: **********Train Epoch 920: averaged Loss: 0.007601
2026-05-18 14:07: **********Val Epoch 920: average Loss: 0.018412
2026-05-18 14:07: Train Epoch 921: 0/87 Loss: 0.027383
2026-05-18 14:07: Train Epoch 921: 20/87 Loss: 0.008541
2026-05-18 14:07: Train Epoch 921: 40/87 Loss: 0.004479
2026-05-18 14:07: Train Epoch 921: 60/87 Loss: 0.007235
2026-05-18 14:07: Train Epoch 921: 80/87 Loss: 0.010958
2026-05-18 14:07: **********Train Epoch 921: averaged Loss: 0.008362
2026-05-18 14:07: **********Val Epoch 921: average Loss: 0.004900
2026-05-18 14:07: Train Epoch 922: 0/87 Loss: 0.023677
2026-05-18 14:07: Train Epoch 922: 20/87 Loss: 0.001985
2026-05-18 14:07: Train Epoch 922: 40/87 Loss: 0.002662
2026-05-18 14:07: Train Epoch 922: 60/87 Loss: 0.001631
2026-05-18 14:07: Train Epoch 922: 80/87 Loss: 0.013636
2026-05-18 14:07: **********Train Epoch 922: averaged Loss: 0.005340
2026-05-18 14:07: **********Val Epoch 922: average Loss: 0.009863
2026-05-18 14:07: Train Epoch 923: 0/87 Loss: 0.028463
2026-05-18 14:08: Train Epoch 923: 20/87 Loss: 0.008475
2026-05-18 14:08: Train Epoch 923: 40/87 Loss: 0.006658
2026-05-18 14:08: Train Epoch 923: 60/87 Loss: 0.009331
2026-05-18 14:08: Train Epoch 923: 80/87 Loss: 0.018076
2026-05-18 14:08: **********Train Epoch 923: averaged Loss: 0.008386
2026-05-18 14:08: **********Val Epoch 923: average Loss: 0.004123
2026-05-18 14:08: Train Epoch 924: 0/87 Loss: 0.051256
2026-05-18 14:08: Train Epoch 924: 20/87 Loss: 0.004877
2026-05-18 14:08: Train Epoch 924: 40/87 Loss: 0.004565
2026-05-18 14:08: Train Epoch 924: 60/87 Loss: 0.002436
2026-05-18 14:08: Train Epoch 924: 80/87 Loss: 0.032381
2026-05-18 14:08: **********Train Epoch 924: averaged Loss: 0.014396
2026-05-18 14:08: **********Val Epoch 924: average Loss: 0.029300
2026-05-18 14:08: Train Epoch 925: 0/87 Loss: 0.052602
2026-05-18 14:08: Train Epoch 925: 20/87 Loss: 0.002835
2026-05-18 14:08: Train Epoch 925: 40/87 Loss: 0.002792
2026-05-18 14:08: Train Epoch 925: 60/87 Loss: 0.001580
2026-05-18 14:08: Train Epoch 925: 80/87 Loss: 0.011309
2026-05-18 14:08: **********Train Epoch 925: averaged Loss: 0.008242
2026-05-18 14:08: **********Val Epoch 925: average Loss: 0.005081
2026-05-18 14:08: Train Epoch 926: 0/87 Loss: 0.012913
2026-05-18 14:08: Train Epoch 926: 20/87 Loss: 0.001948
2026-05-18 14:08: Train Epoch 926: 40/87 Loss: 0.004125
2026-05-18 14:08: Train Epoch 926: 60/87 Loss: 0.001054
2026-05-18 14:08: Train Epoch 926: 80/87 Loss: 0.012570
2026-05-18 14:08: **********Train Epoch 926: averaged Loss: 0.004417
2026-05-18 14:08: **********Val Epoch 926: average Loss: 0.010311
2026-05-18 14:08: Train Epoch 927: 0/87 Loss: 0.003697
2026-05-18 14:08: Train Epoch 927: 20/87 Loss: 0.003520
2026-05-18 14:08: Train Epoch 927: 40/87 Loss: 0.002691
2026-05-18 14:08: Train Epoch 927: 60/87 Loss: 0.001062
2026-05-18 14:08: Train Epoch 927: 80/87 Loss: 0.011685
2026-05-18 14:08: **********Train Epoch 927: averaged Loss: 0.003571
2026-05-18 14:08: **********Val Epoch 927: average Loss: 0.024842
2026-05-18 14:08: Train Epoch 928: 0/87 Loss: 0.024100
2026-05-18 14:08: Train Epoch 928: 20/87 Loss: 0.004166
2026-05-18 14:08: Train Epoch 928: 40/87 Loss: 0.002654
2026-05-18 14:08: Train Epoch 928: 60/87 Loss: 0.001396
2026-05-18 14:08: Train Epoch 928: 80/87 Loss: 0.013689
2026-05-18 14:08: **********Train Epoch 928: averaged Loss: 0.005989
2026-05-18 14:08: **********Val Epoch 928: average Loss: 0.007838
2026-05-18 14:08: Train Epoch 929: 0/87 Loss: 0.014848
2026-05-18 14:08: Train Epoch 929: 20/87 Loss: 0.001726
2026-05-18 14:08: Train Epoch 929: 40/87 Loss: 0.002785
2026-05-18 14:08: Train Epoch 929: 60/87 Loss: 0.003650
2026-05-18 14:08: Train Epoch 929: 80/87 Loss: 0.021292
2026-05-18 14:08: **********Train Epoch 929: averaged Loss: 0.007779
2026-05-18 14:08: **********Val Epoch 929: average Loss: 0.011519
2026-05-18 14:08: Train Epoch 930: 0/87 Loss: 0.035703
2026-05-18 14:08: Train Epoch 930: 20/87 Loss: 0.009326
2026-05-18 14:08: Train Epoch 930: 40/87 Loss: 0.002250
2026-05-18 14:08: Train Epoch 930: 60/87 Loss: 0.007351
2026-05-18 14:08: Train Epoch 930: 80/87 Loss: 0.015037
2026-05-18 14:08: **********Train Epoch 930: averaged Loss: 0.008189
2026-05-18 14:08: **********Val Epoch 930: average Loss: 0.008621
2026-05-18 14:08: Train Epoch 931: 0/87 Loss: 0.023425
2026-05-18 14:08: Train Epoch 931: 20/87 Loss: 0.004899
2026-05-18 14:08: Train Epoch 931: 40/87 Loss: 0.004346
2026-05-18 14:08: Train Epoch 931: 60/87 Loss: 0.002910
2026-05-18 14:08: Train Epoch 931: 80/87 Loss: 0.018561
2026-05-18 14:08: **********Train Epoch 931: averaged Loss: 0.007592
2026-05-18 14:08: **********Val Epoch 931: average Loss: 0.005906
2026-05-18 14:08: Train Epoch 932: 0/87 Loss: 0.034964
2026-05-18 14:08: Train Epoch 932: 20/87 Loss: 0.009559
2026-05-18 14:08: Train Epoch 932: 40/87 Loss: 0.004271
2026-05-18 14:08: Train Epoch 932: 60/87 Loss: 0.005633
2026-05-18 14:08: Train Epoch 932: 80/87 Loss: 0.029262
2026-05-18 14:08: **********Train Epoch 932: averaged Loss: 0.009224
2026-05-18 14:08: **********Val Epoch 932: average Loss: 0.008578
2026-05-18 14:08: Train Epoch 933: 0/87 Loss: 0.026670
2026-05-18 14:08: Train Epoch 933: 20/87 Loss: 0.002209
2026-05-18 14:08: Train Epoch 933: 40/87 Loss: 0.003410
2026-05-18 14:08: Train Epoch 933: 60/87 Loss: 0.006204
2026-05-18 14:08: Train Epoch 933: 80/87 Loss: 0.016502
2026-05-18 14:08: **********Train Epoch 933: averaged Loss: 0.007776
2026-05-18 14:08: **********Val Epoch 933: average Loss: 0.027432
2026-05-18 14:08: Train Epoch 934: 0/87 Loss: 0.036496
2026-05-18 14:08: Train Epoch 934: 20/87 Loss: 0.006842
2026-05-18 14:08: Train Epoch 934: 40/87 Loss: 0.011573
2026-05-18 14:08: Train Epoch 934: 60/87 Loss: 0.003518
2026-05-18 14:08: Train Epoch 934: 80/87 Loss: 0.043061
2026-05-18 14:08: **********Train Epoch 934: averaged Loss: 0.014268
2026-05-18 14:08: **********Val Epoch 934: average Loss: 0.023302
2026-05-18 14:08: Train Epoch 935: 0/87 Loss: 0.065795
2026-05-18 14:08: Train Epoch 935: 20/87 Loss: 0.001839
2026-05-18 14:08: Train Epoch 935: 40/87 Loss: 0.006446
2026-05-18 14:08: Train Epoch 935: 60/87 Loss: 0.001894
2026-05-18 14:08: Train Epoch 935: 80/87 Loss: 0.044603
2026-05-18 14:08: **********Train Epoch 935: averaged Loss: 0.012536
2026-05-18 14:08: **********Val Epoch 935: average Loss: 0.026658
2026-05-18 14:08: Train Epoch 936: 0/87 Loss: 0.065518
2026-05-18 14:08: Train Epoch 936: 20/87 Loss: 0.016235
2026-05-18 14:08: Train Epoch 936: 40/87 Loss: 0.002792
2026-05-18 14:08: Train Epoch 936: 60/87 Loss: 0.008092
2026-05-18 14:08: Train Epoch 936: 80/87 Loss: 0.020784
2026-05-18 14:08: **********Train Epoch 936: averaged Loss: 0.011067
2026-05-18 14:08: **********Val Epoch 936: average Loss: 0.004720
2026-05-18 14:08: Train Epoch 937: 0/87 Loss: 0.039240
2026-05-18 14:08: Train Epoch 937: 20/87 Loss: 0.009582
2026-05-18 14:08: Train Epoch 937: 40/87 Loss: 0.003012
2026-05-18 14:08: Train Epoch 937: 60/87 Loss: 0.002655
2026-05-18 14:08: Train Epoch 937: 80/87 Loss: 0.021154
2026-05-18 14:08: **********Train Epoch 937: averaged Loss: 0.008108
2026-05-18 14:08: **********Val Epoch 937: average Loss: 0.019266
2026-05-18 14:08: Train Epoch 938: 0/87 Loss: 0.027607
2026-05-18 14:09: Train Epoch 938: 20/87 Loss: 0.007568
2026-05-18 14:09: Train Epoch 938: 40/87 Loss: 0.002300
2026-05-18 14:09: Train Epoch 938: 60/87 Loss: 0.003746
2026-05-18 14:09: Train Epoch 938: 80/87 Loss: 0.012119
2026-05-18 14:09: **********Train Epoch 938: averaged Loss: 0.005802
2026-05-18 14:09: **********Val Epoch 938: average Loss: 0.005639
2026-05-18 14:09: Train Epoch 939: 0/87 Loss: 0.013281
2026-05-18 14:09: Train Epoch 939: 20/87 Loss: 0.001930
2026-05-18 14:09: Train Epoch 939: 40/87 Loss: 0.002300
2026-05-18 14:09: Train Epoch 939: 60/87 Loss: 0.006464
2026-05-18 14:09: Train Epoch 939: 80/87 Loss: 0.012096
2026-05-18 14:09: **********Train Epoch 939: averaged Loss: 0.005063
2026-05-18 14:09: **********Val Epoch 939: average Loss: 0.004788
2026-05-18 14:09: Train Epoch 940: 0/87 Loss: 0.004101
2026-05-18 14:09: Train Epoch 940: 20/87 Loss: 0.002916
2026-05-18 14:09: Train Epoch 940: 40/87 Loss: 0.002400
2026-05-18 14:09: Train Epoch 940: 60/87 Loss: 0.003260
2026-05-18 14:09: Train Epoch 940: 80/87 Loss: 0.011811
2026-05-18 14:09: **********Train Epoch 940: averaged Loss: 0.003778
2026-05-18 14:09: **********Val Epoch 940: average Loss: 0.012606
2026-05-18 14:09: Train Epoch 941: 0/87 Loss: 0.004041
2026-05-18 14:09: Train Epoch 941: 20/87 Loss: 0.007489
2026-05-18 14:09: Train Epoch 941: 40/87 Loss: 0.002637
2026-05-18 14:09: Train Epoch 941: 60/87 Loss: 0.007898
2026-05-18 14:09: Train Epoch 941: 80/87 Loss: 0.013548
2026-05-18 14:09: **********Train Epoch 941: averaged Loss: 0.006940
2026-05-18 14:09: **********Val Epoch 941: average Loss: 0.016104
2026-05-18 14:09: Train Epoch 942: 0/87 Loss: 0.050761
2026-05-18 14:09: Train Epoch 942: 20/87 Loss: 0.010955
2026-05-18 14:09: Train Epoch 942: 40/87 Loss: 0.006959
2026-05-18 14:09: Train Epoch 942: 60/87 Loss: 0.002859
2026-05-18 14:09: Train Epoch 942: 80/87 Loss: 0.034016
2026-05-18 14:09: **********Train Epoch 942: averaged Loss: 0.012652
2026-05-18 14:09: **********Val Epoch 942: average Loss: 0.026088
2026-05-18 14:09: Train Epoch 943: 0/87 Loss: 0.052488
2026-05-18 14:09: Train Epoch 943: 20/87 Loss: 0.002550
2026-05-18 14:09: Train Epoch 943: 40/87 Loss: 0.002662
2026-05-18 14:09: Train Epoch 943: 60/87 Loss: 0.002095
2026-05-18 14:09: Train Epoch 943: 80/87 Loss: 0.013651
2026-05-18 14:09: **********Train Epoch 943: averaged Loss: 0.009336
2026-05-18 14:09: **********Val Epoch 943: average Loss: 0.023676
2026-05-18 14:09: Train Epoch 944: 0/87 Loss: 0.024850
2026-05-18 14:09: Train Epoch 944: 20/87 Loss: 0.006707
2026-05-18 14:09: Train Epoch 944: 40/87 Loss: 0.003020
2026-05-18 14:09: Train Epoch 944: 60/87 Loss: 0.004536
2026-05-18 14:09: Train Epoch 944: 80/87 Loss: 0.028207
2026-05-18 14:09: **********Train Epoch 944: averaged Loss: 0.008300
2026-05-18 14:09: **********Val Epoch 944: average Loss: 0.004952
2026-05-18 14:09: Train Epoch 945: 0/87 Loss: 0.048770
2026-05-18 14:09: Train Epoch 945: 20/87 Loss: 0.007068
2026-05-18 14:09: Train Epoch 945: 40/87 Loss: 0.005773
2026-05-18 14:09: Train Epoch 945: 60/87 Loss: 0.001089
2026-05-18 14:09: Train Epoch 945: 80/87 Loss: 0.013774
2026-05-18 14:09: **********Train Epoch 945: averaged Loss: 0.009745
2026-05-18 14:09: **********Val Epoch 945: average Loss: 0.023651
2026-05-18 14:09: Train Epoch 946: 0/87 Loss: 0.006823
2026-05-18 14:09: Train Epoch 946: 20/87 Loss: 0.002363
2026-05-18 14:09: Train Epoch 946: 40/87 Loss: 0.002505
2026-05-18 14:09: Train Epoch 946: 60/87 Loss: 0.002838
2026-05-18 14:09: Train Epoch 946: 80/87 Loss: 0.011511
2026-05-18 14:09: **********Train Epoch 946: averaged Loss: 0.003615
2026-05-18 14:09: **********Val Epoch 946: average Loss: 0.009890
2026-05-18 14:09: Train Epoch 947: 0/87 Loss: 0.004631
2026-05-18 14:09: Train Epoch 947: 20/87 Loss: 0.001621
2026-05-18 14:09: Train Epoch 947: 40/87 Loss: 0.004961
2026-05-18 14:09: Train Epoch 947: 60/87 Loss: 0.001372
2026-05-18 14:09: Train Epoch 947: 80/87 Loss: 0.011966
2026-05-18 14:09: **********Train Epoch 947: averaged Loss: 0.004173
2026-05-18 14:09: **********Val Epoch 947: average Loss: 0.008583
2026-05-18 14:09: Train Epoch 948: 0/87 Loss: 0.021326
2026-05-18 14:09: Train Epoch 948: 20/87 Loss: 0.007991
2026-05-18 14:09: Train Epoch 948: 40/87 Loss: 0.005707
2026-05-18 14:09: Train Epoch 948: 60/87 Loss: 0.004249
2026-05-18 14:09: Train Epoch 948: 80/87 Loss: 0.020461
2026-05-18 14:09: **********Train Epoch 948: averaged Loss: 0.006274
2026-05-18 14:09: **********Val Epoch 948: average Loss: 0.015699
2026-05-18 14:09: Train Epoch 949: 0/87 Loss: 0.036023
2026-05-18 14:09: Train Epoch 949: 20/87 Loss: 0.008455
2026-05-18 14:09: Train Epoch 949: 40/87 Loss: 0.002680
2026-05-18 14:09: Train Epoch 949: 60/87 Loss: 0.007776
2026-05-18 14:09: Train Epoch 949: 80/87 Loss: 0.022079
2026-05-18 14:09: **********Train Epoch 949: averaged Loss: 0.008295
2026-05-18 14:09: **********Val Epoch 949: average Loss: 0.016482
2026-05-18 14:09: Train Epoch 950: 0/87 Loss: 0.013066
2026-05-18 14:09: Train Epoch 950: 20/87 Loss: 0.002069
2026-05-18 14:09: Train Epoch 950: 40/87 Loss: 0.007730
2026-05-18 14:09: Train Epoch 950: 60/87 Loss: 0.001269
2026-05-18 14:09: Train Epoch 950: 80/87 Loss: 0.016213
2026-05-18 14:09: **********Train Epoch 950: averaged Loss: 0.006023
2026-05-18 14:09: **********Val Epoch 950: average Loss: 0.009039
2026-05-18 14:09: Train Epoch 951: 0/87 Loss: 0.002875
2026-05-18 14:09: Train Epoch 951: 20/87 Loss: 0.005498
2026-05-18 14:09: Train Epoch 951: 40/87 Loss: 0.002594
2026-05-18 14:09: Train Epoch 951: 60/87 Loss: 0.006754
2026-05-18 14:09: Train Epoch 951: 80/87 Loss: 0.032297
2026-05-18 14:09: **********Train Epoch 951: averaged Loss: 0.007800
2026-05-18 14:09: **********Val Epoch 951: average Loss: 0.009290
2026-05-18 14:09: Train Epoch 952: 0/87 Loss: 0.056357
2026-05-18 14:09: Train Epoch 952: 20/87 Loss: 0.011185
2026-05-18 14:09: Train Epoch 952: 40/87 Loss: 0.003429
2026-05-18 14:09: Train Epoch 952: 60/87 Loss: 0.001829
2026-05-18 14:09: Train Epoch 952: 80/87 Loss: 0.024825
2026-05-18 14:09: **********Train Epoch 952: averaged Loss: 0.012342
2026-05-18 14:09: **********Val Epoch 952: average Loss: 0.038042
2026-05-18 14:09: Train Epoch 953: 0/87 Loss: 0.027463
2026-05-18 14:09: Train Epoch 953: 20/87 Loss: 0.008540
2026-05-18 14:09: Train Epoch 953: 40/87 Loss: 0.003226
2026-05-18 14:09: Train Epoch 953: 60/87 Loss: 0.002422
2026-05-18 14:10: Train Epoch 953: 80/87 Loss: 0.013576
2026-05-18 14:10: **********Train Epoch 953: averaged Loss: 0.005596
2026-05-18 14:10: **********Val Epoch 953: average Loss: 0.007821
2026-05-18 14:10: Train Epoch 954: 0/87 Loss: 0.006537
2026-05-18 14:10: Train Epoch 954: 20/87 Loss: 0.008580
2026-05-18 14:10: Train Epoch 954: 40/87 Loss: 0.003546
2026-05-18 14:10: Train Epoch 954: 60/87 Loss: 0.001684
2026-05-18 14:10: Train Epoch 954: 80/87 Loss: 0.012135
2026-05-18 14:10: **********Train Epoch 954: averaged Loss: 0.004902
2026-05-18 14:10: **********Val Epoch 954: average Loss: 0.016404
2026-05-18 14:10: Train Epoch 955: 0/87 Loss: 0.026503
2026-05-18 14:10: Train Epoch 955: 20/87 Loss: 0.006702
2026-05-18 14:10: Train Epoch 955: 40/87 Loss: 0.002405
2026-05-18 14:10: Train Epoch 955: 60/87 Loss: 0.001603
2026-05-18 14:10: Train Epoch 955: 80/87 Loss: 0.015562
2026-05-18 14:10: **********Train Epoch 955: averaged Loss: 0.006016
2026-05-18 14:10: **********Val Epoch 955: average Loss: 0.014285
2026-05-18 14:10: Train Epoch 956: 0/87 Loss: 0.018695
2026-05-18 14:10: Train Epoch 956: 20/87 Loss: 0.002626
2026-05-18 14:10: Train Epoch 956: 40/87 Loss: 0.002268
2026-05-18 14:10: Train Epoch 956: 60/87 Loss: 0.006700
2026-05-18 14:10: Train Epoch 956: 80/87 Loss: 0.023395
2026-05-18 14:10: **********Train Epoch 956: averaged Loss: 0.006655
2026-05-18 14:10: **********Val Epoch 956: average Loss: 0.011420
2026-05-18 14:10: Train Epoch 957: 0/87 Loss: 0.031039
2026-05-18 14:10: Train Epoch 957: 20/87 Loss: 0.010318
2026-05-18 14:10: Train Epoch 957: 40/87 Loss: 0.003404
2026-05-18 14:10: Train Epoch 957: 60/87 Loss: 0.002185
2026-05-18 14:10: Train Epoch 957: 80/87 Loss: 0.022971
2026-05-18 14:10: **********Train Epoch 957: averaged Loss: 0.007817
2026-05-18 14:10: **********Val Epoch 957: average Loss: 0.019295
2026-05-18 14:10: Train Epoch 958: 0/87 Loss: 0.010904
2026-05-18 14:10: Train Epoch 958: 20/87 Loss: 0.002337
2026-05-18 14:10: Train Epoch 958: 40/87 Loss: 0.002684
2026-05-18 14:10: Train Epoch 958: 60/87 Loss: 0.002972
2026-05-18 14:10: Train Epoch 958: 80/87 Loss: 0.014268
2026-05-18 14:10: **********Train Epoch 958: averaged Loss: 0.004652
2026-05-18 14:10: **********Val Epoch 958: average Loss: 0.008379
2026-05-18 14:10: Train Epoch 959: 0/87 Loss: 0.013837
2026-05-18 14:10: Train Epoch 959: 20/87 Loss: 0.002209
2026-05-18 14:10: Train Epoch 959: 40/87 Loss: 0.002473
2026-05-18 14:10: Train Epoch 959: 60/87 Loss: 0.002346
2026-05-18 14:10: Train Epoch 959: 80/87 Loss: 0.012369
2026-05-18 14:10: **********Train Epoch 959: averaged Loss: 0.004079
2026-05-18 14:10: **********Val Epoch 959: average Loss: 0.012344
2026-05-18 14:10: Train Epoch 960: 0/87 Loss: 0.007180
2026-05-18 14:10: Train Epoch 960: 20/87 Loss: 0.005975
2026-05-18 14:10: Train Epoch 960: 40/87 Loss: 0.002363
2026-05-18 14:10: Train Epoch 960: 60/87 Loss: 0.002168
2026-05-18 14:10: Train Epoch 960: 80/87 Loss: 0.012116
2026-05-18 14:10: **********Train Epoch 960: averaged Loss: 0.004546
2026-05-18 14:10: **********Val Epoch 960: average Loss: 0.017389
2026-05-18 14:10: Train Epoch 961: 0/87 Loss: 0.035962
2026-05-18 14:10: Train Epoch 961: 20/87 Loss: 0.008698
2026-05-18 14:10: Train Epoch 961: 40/87 Loss: 0.002933
2026-05-18 14:10: Train Epoch 961: 60/87 Loss: 0.004456
2026-05-18 14:10: Train Epoch 961: 80/87 Loss: 0.016005
2026-05-18 14:10: **********Train Epoch 961: averaged Loss: 0.007276
2026-05-18 14:10: **********Val Epoch 961: average Loss: 0.007173
2026-05-18 14:10: Train Epoch 962: 0/87 Loss: 0.021151
2026-05-18 14:10: Train Epoch 962: 20/87 Loss: 0.001889
2026-05-18 14:10: Train Epoch 962: 40/87 Loss: 0.002725
2026-05-18 14:10: Train Epoch 962: 60/87 Loss: 0.005474
2026-05-18 14:10: Train Epoch 962: 80/87 Loss: 0.022879
2026-05-18 14:10: **********Train Epoch 962: averaged Loss: 0.006243
2026-05-18 14:10: **********Val Epoch 962: average Loss: 0.007968
2026-05-18 14:10: Train Epoch 963: 0/87 Loss: 0.022996
2026-05-18 14:10: Train Epoch 963: 20/87 Loss: 0.006593
2026-05-18 14:10: Train Epoch 963: 40/87 Loss: 0.002929
2026-05-18 14:10: Train Epoch 963: 60/87 Loss: 0.002717
2026-05-18 14:10: Train Epoch 963: 80/87 Loss: 0.027083
2026-05-18 14:10: **********Train Epoch 963: averaged Loss: 0.006988
2026-05-18 14:10: **********Val Epoch 963: average Loss: 0.031785
2026-05-18 14:10: Train Epoch 964: 0/87 Loss: 0.030530
2026-05-18 14:10: Train Epoch 964: 20/87 Loss: 0.002599
2026-05-18 14:10: Train Epoch 964: 40/87 Loss: 0.004671
2026-05-18 14:10: Train Epoch 964: 60/87 Loss: 0.004046
2026-05-18 14:10: Train Epoch 964: 80/87 Loss: 0.012344
2026-05-18 14:10: **********Train Epoch 964: averaged Loss: 0.005848
2026-05-18 14:10: **********Val Epoch 964: average Loss: 0.004973
2026-05-18 14:10: Train Epoch 965: 0/87 Loss: 0.004815
2026-05-18 14:10: Train Epoch 965: 20/87 Loss: 0.001668
2026-05-18 14:10: Train Epoch 965: 40/87 Loss: 0.002572
2026-05-18 14:10: Train Epoch 965: 60/87 Loss: 0.004904
2026-05-18 14:10: Train Epoch 965: 80/87 Loss: 0.011885
2026-05-18 14:10: **********Train Epoch 965: averaged Loss: 0.003372
2026-05-18 14:10: **********Val Epoch 965: average Loss: 0.005627
2026-05-18 14:10: Train Epoch 966: 0/87 Loss: 0.020908
2026-05-18 14:10: Train Epoch 966: 20/87 Loss: 0.002856
2026-05-18 14:10: Train Epoch 966: 40/87 Loss: 0.002774
2026-05-18 14:10: Train Epoch 966: 60/87 Loss: 0.004464
2026-05-18 14:10: Train Epoch 966: 80/87 Loss: 0.011880
2026-05-18 14:10: **********Train Epoch 966: averaged Loss: 0.005053
2026-05-18 14:10: **********Val Epoch 966: average Loss: 0.015041
2026-05-18 14:10: Train Epoch 967: 0/87 Loss: 0.016596
2026-05-18 14:10: Train Epoch 967: 20/87 Loss: 0.004311
2026-05-18 14:10: Train Epoch 967: 40/87 Loss: 0.002321
2026-05-18 14:10: Train Epoch 967: 60/87 Loss: 0.001735
2026-05-18 14:10: Train Epoch 967: 80/87 Loss: 0.012501
2026-05-18 14:10: **********Train Epoch 967: averaged Loss: 0.005145
2026-05-18 14:10: **********Val Epoch 967: average Loss: 0.016727
2026-05-18 14:10: Train Epoch 968: 0/87 Loss: 0.019144
2026-05-18 14:10: Train Epoch 968: 20/87 Loss: 0.002848
2026-05-18 14:11: Train Epoch 968: 40/87 Loss: 0.002159
2026-05-18 14:11: Train Epoch 968: 60/87 Loss: 0.008874
2026-05-18 14:11: Train Epoch 968: 80/87 Loss: 0.028728
2026-05-18 14:11: **********Train Epoch 968: averaged Loss: 0.007156
2026-05-18 14:11: **********Val Epoch 968: average Loss: 0.010759
2026-05-18 14:11: Train Epoch 969: 0/87 Loss: 0.040868
2026-05-18 14:11: Train Epoch 969: 20/87 Loss: 0.005790
2026-05-18 14:11: Train Epoch 969: 40/87 Loss: 0.004887
2026-05-18 14:11: Train Epoch 969: 60/87 Loss: 0.004896
2026-05-18 14:11: Train Epoch 969: 80/87 Loss: 0.025219
2026-05-18 14:11: **********Train Epoch 969: averaged Loss: 0.009729
2026-05-18 14:11: **********Val Epoch 969: average Loss: 0.019310
2026-05-18 14:11: Train Epoch 970: 0/87 Loss: 0.019595
2026-05-18 14:11: Train Epoch 970: 20/87 Loss: 0.003232
2026-05-18 14:11: Train Epoch 970: 40/87 Loss: 0.002471
2026-05-18 14:11: Train Epoch 970: 60/87 Loss: 0.001435
2026-05-18 14:11: Train Epoch 970: 80/87 Loss: 0.017869
2026-05-18 14:11: **********Train Epoch 970: averaged Loss: 0.006348
2026-05-18 14:11: **********Val Epoch 970: average Loss: 0.007036
2026-05-18 14:11: Train Epoch 971: 0/87 Loss: 0.005924
2026-05-18 14:11: Train Epoch 971: 20/87 Loss: 0.002102
2026-05-18 14:11: Train Epoch 971: 40/87 Loss: 0.002564
2026-05-18 14:11: Train Epoch 971: 60/87 Loss: 0.001099
2026-05-18 14:11: Train Epoch 971: 80/87 Loss: 0.012205
2026-05-18 14:11: **********Train Epoch 971: averaged Loss: 0.003538
2026-05-18 14:11: **********Val Epoch 971: average Loss: 0.031672
2026-05-18 14:11: Train Epoch 972: 0/87 Loss: 0.005081
2026-05-18 14:11: Train Epoch 972: 20/87 Loss: 0.005506
2026-05-18 14:11: Train Epoch 972: 40/87 Loss: 0.003226
2026-05-18 14:11: Train Epoch 972: 60/87 Loss: 0.002138
2026-05-18 14:11: Train Epoch 972: 80/87 Loss: 0.011868
2026-05-18 14:11: **********Train Epoch 972: averaged Loss: 0.004241
2026-05-18 14:11: **********Val Epoch 972: average Loss: 0.007296
2026-05-18 14:11: Train Epoch 973: 0/87 Loss: 0.008563
2026-05-18 14:11: Train Epoch 973: 20/87 Loss: 0.001850
2026-05-18 14:11: Train Epoch 973: 40/87 Loss: 0.002407
2026-05-18 14:11: Train Epoch 973: 60/87 Loss: 0.005243
2026-05-18 14:11: Train Epoch 973: 80/87 Loss: 0.019904
2026-05-18 14:11: **********Train Epoch 973: averaged Loss: 0.004647
2026-05-18 14:11: **********Val Epoch 973: average Loss: 0.013401
2026-05-18 14:11: Train Epoch 974: 0/87 Loss: 0.028532
2026-05-18 14:11: Train Epoch 974: 20/87 Loss: 0.003811
2026-05-18 14:11: Train Epoch 974: 40/87 Loss: 0.004486
2026-05-18 14:11: Train Epoch 974: 60/87 Loss: 0.003714
2026-05-18 14:11: Train Epoch 974: 80/87 Loss: 0.016950
2026-05-18 14:11: **********Train Epoch 974: averaged Loss: 0.006883
2026-05-18 14:11: **********Val Epoch 974: average Loss: 0.005437
2026-05-18 14:11: Train Epoch 975: 0/87 Loss: 0.005357
2026-05-18 14:11: Train Epoch 975: 20/87 Loss: 0.001662
2026-05-18 14:11: Train Epoch 975: 40/87 Loss: 0.002329
2026-05-18 14:11: Train Epoch 975: 60/87 Loss: 0.002495
2026-05-18 14:11: Train Epoch 975: 80/87 Loss: 0.011613
2026-05-18 14:11: **********Train Epoch 975: averaged Loss: 0.003356
2026-05-18 14:11: **********Val Epoch 975: average Loss: 0.019047
2026-05-18 14:11: Train Epoch 976: 0/87 Loss: 0.012599
2026-05-18 14:11: Train Epoch 976: 20/87 Loss: 0.003066
2026-05-18 14:11: Train Epoch 976: 40/87 Loss: 0.002298
2026-05-18 14:11: Train Epoch 976: 60/87 Loss: 0.004329
2026-05-18 14:11: Train Epoch 976: 80/87 Loss: 0.012782
2026-05-18 14:11: **********Train Epoch 976: averaged Loss: 0.004029
2026-05-18 14:11: **********Val Epoch 976: average Loss: 0.009722
2026-05-18 14:11: Train Epoch 977: 0/87 Loss: 0.012671
2026-05-18 14:11: Train Epoch 977: 20/87 Loss: 0.006795
2026-05-18 14:11: Train Epoch 977: 40/87 Loss: 0.003364
2026-05-18 14:11: Train Epoch 977: 60/87 Loss: 0.002067
2026-05-18 14:11: Train Epoch 977: 80/87 Loss: 0.016490
2026-05-18 14:11: **********Train Epoch 977: averaged Loss: 0.005171
2026-05-18 14:11: **********Val Epoch 977: average Loss: 0.027244
2026-05-18 14:11: Train Epoch 978: 0/87 Loss: 0.025993
2026-05-18 14:11: Train Epoch 978: 20/87 Loss: 0.001831
2026-05-18 14:11: Train Epoch 978: 40/87 Loss: 0.002145
2026-05-18 14:11: Train Epoch 978: 60/87 Loss: 0.005036
2026-05-18 14:11: Train Epoch 978: 80/87 Loss: 0.016967
2026-05-18 14:11: **********Train Epoch 978: averaged Loss: 0.006030
2026-05-18 14:11: **********Val Epoch 978: average Loss: 0.014554
2026-05-18 14:11: Train Epoch 979: 0/87 Loss: 0.029241
2026-05-18 14:11: Train Epoch 979: 20/87 Loss: 0.004405
2026-05-18 14:11: Train Epoch 979: 40/87 Loss: 0.003180
2026-05-18 14:11: Train Epoch 979: 60/87 Loss: 0.003053
2026-05-18 14:11: Train Epoch 979: 80/87 Loss: 0.035964
2026-05-18 14:11: **********Train Epoch 979: averaged Loss: 0.010302
2026-05-18 14:11: **********Val Epoch 979: average Loss: 0.028894
2026-05-18 14:11: Train Epoch 980: 0/87 Loss: 0.040848
2026-05-18 14:11: Train Epoch 980: 20/87 Loss: 0.001926
2026-05-18 14:11: Train Epoch 980: 40/87 Loss: 0.002704
2026-05-18 14:11: Train Epoch 980: 60/87 Loss: 0.001140
2026-05-18 14:11: Train Epoch 980: 80/87 Loss: 0.017243
2026-05-18 14:11: **********Train Epoch 980: averaged Loss: 0.007425
2026-05-18 14:11: **********Val Epoch 980: average Loss: 0.009928
2026-05-18 14:11: Train Epoch 981: 0/87 Loss: 0.026266
2026-05-18 14:11: Train Epoch 981: 20/87 Loss: 0.004886
2026-05-18 14:11: Train Epoch 981: 40/87 Loss: 0.002729
2026-05-18 14:11: Train Epoch 981: 60/87 Loss: 0.006893
2026-05-18 14:11: Train Epoch 981: 80/87 Loss: 0.013521
2026-05-18 14:11: **********Train Epoch 981: averaged Loss: 0.009335
2026-05-18 14:11: **********Val Epoch 981: average Loss: 0.009105
2026-05-18 14:11: Train Epoch 982: 0/87 Loss: 0.034812
2026-05-18 14:11: Train Epoch 982: 20/87 Loss: 0.006974
2026-05-18 14:11: Train Epoch 982: 40/87 Loss: 0.002862
2026-05-18 14:11: Train Epoch 982: 60/87 Loss: 0.007563
2026-05-18 14:12: Train Epoch 982: 80/87 Loss: 0.029058
2026-05-18 14:12: **********Train Epoch 982: averaged Loss: 0.011015
2026-05-18 14:12: **********Val Epoch 982: average Loss: 0.033684
2026-05-18 14:12: Train Epoch 983: 0/87 Loss: 0.041910
2026-05-18 14:12: Train Epoch 983: 20/87 Loss: 0.011422
2026-05-18 14:12: Train Epoch 983: 40/87 Loss: 0.004559
2026-05-18 14:12: Train Epoch 983: 60/87 Loss: 0.002216
2026-05-18 14:12: Train Epoch 983: 80/87 Loss: 0.011630
2026-05-18 14:12: **********Train Epoch 983: averaged Loss: 0.008525
2026-05-18 14:12: **********Val Epoch 983: average Loss: 0.005199
2026-05-18 14:12: Train Epoch 984: 0/87 Loss: 0.002609
2026-05-18 14:12: Train Epoch 984: 20/87 Loss: 0.002770
2026-05-18 14:12: Train Epoch 984: 40/87 Loss: 0.003633
2026-05-18 14:12: Train Epoch 984: 60/87 Loss: 0.003858
2026-05-18 14:12: Train Epoch 984: 80/87 Loss: 0.017586
2026-05-18 14:12: **********Train Epoch 984: averaged Loss: 0.004809
2026-05-18 14:12: **********Val Epoch 984: average Loss: 0.038704
2026-05-18 14:12: Train Epoch 985: 0/87 Loss: 0.034729
2026-05-18 14:12: Train Epoch 985: 20/87 Loss: 0.002831
2026-05-18 14:12: Train Epoch 985: 40/87 Loss: 0.004882
2026-05-18 14:12: Train Epoch 985: 60/87 Loss: 0.004025
2026-05-18 14:12: Train Epoch 985: 80/87 Loss: 0.011356
2026-05-18 14:12: **********Train Epoch 985: averaged Loss: 0.008477
2026-05-18 14:12: **********Val Epoch 985: average Loss: 0.011595
2026-05-18 14:12: Train Epoch 986: 0/87 Loss: 0.016616
2026-05-18 14:12: Train Epoch 986: 20/87 Loss: 0.007719
2026-05-18 14:12: Train Epoch 986: 40/87 Loss: 0.002684
2026-05-18 14:12: Train Epoch 986: 60/87 Loss: 0.001944
2026-05-18 14:12: Train Epoch 986: 80/87 Loss: 0.012525
2026-05-18 14:12: **********Train Epoch 986: averaged Loss: 0.005273
2026-05-18 14:12: **********Val Epoch 986: average Loss: 0.025363
2026-05-18 14:12: Train Epoch 987: 0/87 Loss: 0.025409
2026-05-18 14:12: Train Epoch 987: 20/87 Loss: 0.004608
2026-05-18 14:12: Train Epoch 987: 40/87 Loss: 0.002997
2026-05-18 14:12: Train Epoch 987: 60/87 Loss: 0.005299
2026-05-18 14:12: Train Epoch 987: 80/87 Loss: 0.017663
2026-05-18 14:12: **********Train Epoch 987: averaged Loss: 0.006376
2026-05-18 14:12: **********Val Epoch 987: average Loss: 0.012597
2026-05-18 14:12: Train Epoch 988: 0/87 Loss: 0.033179
2026-05-18 14:12: Train Epoch 988: 20/87 Loss: 0.010912
2026-05-18 14:12: Train Epoch 988: 40/87 Loss: 0.009605
2026-05-18 14:12: Train Epoch 988: 60/87 Loss: 0.002883
2026-05-18 14:12: Train Epoch 988: 80/87 Loss: 0.040369
2026-05-18 14:12: **********Train Epoch 988: averaged Loss: 0.012096
2026-05-18 14:12: **********Val Epoch 988: average Loss: 0.031986
2026-05-18 14:12: Train Epoch 989: 0/87 Loss: 0.045220
2026-05-18 14:12: Train Epoch 989: 20/87 Loss: 0.008987
2026-05-18 14:12: Train Epoch 989: 40/87 Loss: 0.002570
2026-05-18 14:12: Train Epoch 989: 60/87 Loss: 0.001567
2026-05-18 14:12: Train Epoch 989: 80/87 Loss: 0.010868
2026-05-18 14:12: **********Train Epoch 989: averaged Loss: 0.007012
2026-05-18 14:12: **********Val Epoch 989: average Loss: 0.008723
2026-05-18 14:12: Train Epoch 990: 0/87 Loss: 0.024954
2026-05-18 14:12: Train Epoch 990: 20/87 Loss: 0.011763
2026-05-18 14:12: Train Epoch 990: 40/87 Loss: 0.007318
2026-05-18 14:12: Train Epoch 990: 60/87 Loss: 0.007467
2026-05-18 14:12: Train Epoch 990: 80/87 Loss: 0.013870
2026-05-18 14:12: **********Train Epoch 990: averaged Loss: 0.007885
2026-05-18 14:12: **********Val Epoch 990: average Loss: 0.015052
2026-05-18 14:12: Train Epoch 991: 0/87 Loss: 0.027163
2026-05-18 14:12: Train Epoch 991: 20/87 Loss: 0.004129
2026-05-18 14:12: Train Epoch 991: 40/87 Loss: 0.002272
2026-05-18 14:12: Train Epoch 991: 60/87 Loss: 0.003351
2026-05-18 14:12: Train Epoch 991: 80/87 Loss: 0.011721
2026-05-18 14:12: **********Train Epoch 991: averaged Loss: 0.005093
2026-05-18 14:12: **********Val Epoch 991: average Loss: 0.013408
2026-05-18 14:12: Train Epoch 992: 0/87 Loss: 0.014061
2026-05-18 14:12: Train Epoch 992: 20/87 Loss: 0.004201
2026-05-18 14:12: Train Epoch 992: 40/87 Loss: 0.002921
2026-05-18 14:12: Train Epoch 992: 60/87 Loss: 0.001298
2026-05-18 14:12: Train Epoch 992: 80/87 Loss: 0.013134
2026-05-18 14:12: **********Train Epoch 992: averaged Loss: 0.004555
2026-05-18 14:12: **********Val Epoch 992: average Loss: 0.035138
2026-05-18 14:12: Train Epoch 993: 0/87 Loss: 0.005927
2026-05-18 14:12: Train Epoch 993: 20/87 Loss: 0.002204
2026-05-18 14:12: Train Epoch 993: 40/87 Loss: 0.002318
2026-05-18 14:12: Train Epoch 993: 60/87 Loss: 0.001126
2026-05-18 14:12: Train Epoch 993: 80/87 Loss: 0.012360
2026-05-18 14:12: **********Train Epoch 993: averaged Loss: 0.004477
2026-05-18 14:12: **********Val Epoch 993: average Loss: 0.005444
2026-05-18 14:12: Train Epoch 994: 0/87 Loss: 0.013864
2026-05-18 14:12: Train Epoch 994: 20/87 Loss: 0.008993
2026-05-18 14:12: Train Epoch 994: 40/87 Loss: 0.002280
2026-05-18 14:12: Train Epoch 994: 60/87 Loss: 0.001962
2026-05-18 14:12: Train Epoch 994: 80/87 Loss: 0.038461
2026-05-18 14:12: **********Train Epoch 994: averaged Loss: 0.007558
2026-05-18 14:12: **********Val Epoch 994: average Loss: 0.030839
2026-05-18 14:12: Train Epoch 995: 0/87 Loss: 0.050806
2026-05-18 14:12: Train Epoch 995: 20/87 Loss: 0.002520
2026-05-18 14:12: Train Epoch 995: 40/87 Loss: 0.003202
2026-05-18 14:12: Train Epoch 995: 60/87 Loss: 0.001067
2026-05-18 14:12: Train Epoch 995: 80/87 Loss: 0.012362
2026-05-18 14:12: **********Train Epoch 995: averaged Loss: 0.008425
2026-05-18 14:12: **********Val Epoch 995: average Loss: 0.004987
2026-05-18 14:12: Train Epoch 996: 0/87 Loss: 0.012606
2026-05-18 14:12: Train Epoch 996: 20/87 Loss: 0.002274
2026-05-18 14:12: Train Epoch 996: 40/87 Loss: 0.002260
2026-05-18 14:12: Train Epoch 996: 60/87 Loss: 0.001535
2026-05-18 14:12: Train Epoch 996: 80/87 Loss: 0.011549
2026-05-18 14:12: **********Train Epoch 996: averaged Loss: 0.004372
2026-05-18 14:12: **********Val Epoch 996: average Loss: 0.012920
2026-05-18 14:12: Train Epoch 997: 0/87 Loss: 0.005273
2026-05-18 14:12: Train Epoch 997: 20/87 Loss: 0.001748
2026-05-18 14:12: Train Epoch 997: 40/87 Loss: 0.002743
2026-05-18 14:12: Train Epoch 997: 60/87 Loss: 0.001257
2026-05-18 14:12: Train Epoch 997: 80/87 Loss: 0.011387
2026-05-18 14:12: **********Train Epoch 997: averaged Loss: 0.003944
2026-05-18 14:12: **********Val Epoch 997: average Loss: 0.022108
2026-05-18 14:12: Train Epoch 998: 0/87 Loss: 0.032025
2026-05-18 14:12: Train Epoch 998: 20/87 Loss: 0.002055
2026-05-18 14:12: Train Epoch 998: 40/87 Loss: 0.003285
2026-05-18 14:13: Train Epoch 998: 60/87 Loss: 0.007609
2026-05-18 14:13: Train Epoch 998: 80/87 Loss: 0.018452
2026-05-18 14:13: **********Train Epoch 998: averaged Loss: 0.008372
2026-05-18 14:13: **********Val Epoch 998: average Loss: 0.006524
2026-05-18 14:13: Train Epoch 999: 0/87 Loss: 0.025811
2026-05-18 14:13: Train Epoch 999: 20/87 Loss: 0.006246
2026-05-18 14:13: Train Epoch 999: 40/87 Loss: 0.002280
2026-05-18 14:13: Train Epoch 999: 60/87 Loss: 0.004152
2026-05-18 14:13: Train Epoch 999: 80/87 Loss: 0.025988
2026-05-18 14:13: **********Train Epoch 999: averaged Loss: 0.007403
2026-05-18 14:13: **********Val Epoch 999: average Loss: 0.012627
2026-05-18 14:13: Train Epoch 1000: 0/87 Loss: 0.019927
2026-05-18 14:13: Train Epoch 1000: 20/87 Loss: 0.004835
2026-05-18 14:13: Train Epoch 1000: 40/87 Loss: 0.002382
2026-05-18 14:13: Train Epoch 1000: 60/87 Loss: 0.001602
2026-05-18 14:13: Train Epoch 1000: 80/87 Loss: 0.011922
2026-05-18 14:13: **********Train Epoch 1000: averaged Loss: 0.004902
2026-05-18 14:13: **********Val Epoch 1000: average Loss: 0.030810
2026-05-18 14:13: Train Epoch 1001: 0/87 Loss: 0.022211
2026-05-18 14:13: Train Epoch 1001: 20/87 Loss: 0.004249
2026-05-18 14:13: Train Epoch 1001: 40/87 Loss: 0.005343
2026-05-18 14:13: Train Epoch 1001: 60/87 Loss: 0.005990
2026-05-18 14:13: Train Epoch 1001: 80/87 Loss: 0.016846
2026-05-18 14:13: **********Train Epoch 1001: averaged Loss: 0.008191
2026-05-18 14:13: **********Val Epoch 1001: average Loss: 0.017171
2026-05-18 14:13: Train Epoch 1002: 0/87 Loss: 0.035303
2026-05-18 14:13: Train Epoch 1002: 20/87 Loss: 0.008308
2026-05-18 14:13: Train Epoch 1002: 40/87 Loss: 0.002175
2026-05-18 14:13: Train Epoch 1002: 60/87 Loss: 0.005909
2026-05-18 14:13: Train Epoch 1002: 80/87 Loss: 0.019933
2026-05-18 14:13: **********Train Epoch 1002: averaged Loss: 0.008174
2026-05-18 14:13: **********Val Epoch 1002: average Loss: 0.005157
2026-05-18 14:13: Train Epoch 1003: 0/87 Loss: 0.005536
2026-05-18 14:13: Train Epoch 1003: 20/87 Loss: 0.004116
2026-05-18 14:13: Train Epoch 1003: 40/87 Loss: 0.002232
2026-05-18 14:13: Train Epoch 1003: 60/87 Loss: 0.004624
2026-05-18 14:13: Train Epoch 1003: 80/87 Loss: 0.014539
2026-05-18 14:13: **********Train Epoch 1003: averaged Loss: 0.004292
2026-05-18 14:13: **********Val Epoch 1003: average Loss: 0.015126
2026-05-18 14:13: Train Epoch 1004: 0/87 Loss: 0.028651
2026-05-18 14:13: Train Epoch 1004: 20/87 Loss: 0.006264
2026-05-18 14:13: Train Epoch 1004: 40/87 Loss: 0.002895
2026-05-18 14:13: Train Epoch 1004: 60/87 Loss: 0.007445
2026-05-18 14:13: Train Epoch 1004: 80/87 Loss: 0.022539
2026-05-18 14:13: **********Train Epoch 1004: averaged Loss: 0.007535
2026-05-18 14:13: **********Val Epoch 1004: average Loss: 0.015783
2026-05-18 14:13: Train Epoch 1005: 0/87 Loss: 0.030241
2026-05-18 14:13: Train Epoch 1005: 20/87 Loss: 0.001691
2026-05-18 14:13: Train Epoch 1005: 40/87 Loss: 0.002386
2026-05-18 14:13: Train Epoch 1005: 60/87 Loss: 0.006318
2026-05-18 14:13: Train Epoch 1005: 80/87 Loss: 0.014426
2026-05-18 14:13: **********Train Epoch 1005: averaged Loss: 0.005953
2026-05-18 14:13: **********Val Epoch 1005: average Loss: 0.011324
2026-05-18 14:13: Train Epoch 1006: 0/87 Loss: 0.024239
2026-05-18 14:13: Train Epoch 1006: 20/87 Loss: 0.010155
2026-05-18 14:13: Train Epoch 1006: 40/87 Loss: 0.002261
2026-05-18 14:13: Train Epoch 1006: 60/87 Loss: 0.003867
2026-05-18 14:13: Train Epoch 1006: 80/87 Loss: 0.011852
2026-05-18 14:13: **********Train Epoch 1006: averaged Loss: 0.005709
2026-05-18 14:13: **********Val Epoch 1006: average Loss: 0.011537
2026-05-18 14:13: Train Epoch 1007: 0/87 Loss: 0.002734
2026-05-18 14:13: Train Epoch 1007: 20/87 Loss: 0.003522
2026-05-18 14:13: Train Epoch 1007: 40/87 Loss: 0.003308
2026-05-18 14:13: Train Epoch 1007: 60/87 Loss: 0.001561
2026-05-18 14:13: Train Epoch 1007: 80/87 Loss: 0.014448
2026-05-18 14:13: **********Train Epoch 1007: averaged Loss: 0.003857
2026-05-18 14:13: **********Val Epoch 1007: average Loss: 0.006000
2026-05-18 14:13: Train Epoch 1008: 0/87 Loss: 0.015658
2026-05-18 14:13: Train Epoch 1008: 20/87 Loss: 0.007401
2026-05-18 14:13: Train Epoch 1008: 40/87 Loss: 0.003777
2026-05-18 14:13: Train Epoch 1008: 60/87 Loss: 0.006727
2026-05-18 14:13: Train Epoch 1008: 80/87 Loss: 0.033965
2026-05-18 14:13: **********Train Epoch 1008: averaged Loss: 0.006849
2026-05-18 14:13: **********Val Epoch 1008: average Loss: 0.036726
2026-05-18 14:13: Train Epoch 1009: 0/87 Loss: 0.039619
2026-05-18 14:13: Train Epoch 1009: 20/87 Loss: 0.005388
2026-05-18 14:13: Train Epoch 1009: 40/87 Loss: 0.002632
2026-05-18 14:13: Train Epoch 1009: 60/87 Loss: 0.006045
2026-05-18 14:13: Train Epoch 1009: 80/87 Loss: 0.016989
2026-05-18 14:13: **********Train Epoch 1009: averaged Loss: 0.008329
2026-05-18 14:13: **********Val Epoch 1009: average Loss: 0.006267
2026-05-18 14:13: Train Epoch 1010: 0/87 Loss: 0.002720
2026-05-18 14:13: Train Epoch 1010: 20/87 Loss: 0.002013
2026-05-18 14:13: Train Epoch 1010: 40/87 Loss: 0.002315
2026-05-18 14:13: Train Epoch 1010: 60/87 Loss: 0.001048
2026-05-18 14:13: Train Epoch 1010: 80/87 Loss: 0.011409
2026-05-18 14:13: **********Train Epoch 1010: averaged Loss: 0.003304
2026-05-18 14:13: **********Val Epoch 1010: average Loss: 0.018407
2026-05-18 14:13: Train Epoch 1011: 0/87 Loss: 0.014077
2026-05-18 14:13: Train Epoch 1011: 20/87 Loss: 0.001857
2026-05-18 14:13: Train Epoch 1011: 40/87 Loss: 0.002323
2026-05-18 14:13: Train Epoch 1011: 60/87 Loss: 0.001453
2026-05-18 14:13: Train Epoch 1011: 80/87 Loss: 0.011430
2026-05-18 14:13: **********Train Epoch 1011: averaged Loss: 0.003921
2026-05-18 14:13: **********Val Epoch 1011: average Loss: 0.007071
2026-05-18 14:13: Train Epoch 1012: 0/87 Loss: 0.011489
2026-05-18 14:13: Train Epoch 1012: 20/87 Loss: 0.009272
2026-05-18 14:13: Train Epoch 1012: 40/87 Loss: 0.004681
2026-05-18 14:13: Train Epoch 1012: 60/87 Loss: 0.004799
2026-05-18 14:13: Train Epoch 1012: 80/87 Loss: 0.013577
2026-05-18 14:13: **********Train Epoch 1012: averaged Loss: 0.005961
2026-05-18 14:13: **********Val Epoch 1012: average Loss: 0.004918
2026-05-18 14:13: Train Epoch 1013: 0/87 Loss: 0.028774
2026-05-18 14:13: Train Epoch 1013: 20/87 Loss: 0.002220
2026-05-18 14:14: Train Epoch 1013: 40/87 Loss: 0.003514
2026-05-18 14:14: Train Epoch 1013: 60/87 Loss: 0.003988
2026-05-18 14:14: Train Epoch 1013: 80/87 Loss: 0.013163
2026-05-18 14:14: **********Train Epoch 1013: averaged Loss: 0.005733
2026-05-18 14:14: **********Val Epoch 1013: average Loss: 0.006220
2026-05-18 14:14: Train Epoch 1014: 0/87 Loss: 0.018918
2026-05-18 14:14: Train Epoch 1014: 20/87 Loss: 0.002160
2026-05-18 14:14: Train Epoch 1014: 40/87 Loss: 0.002258
2026-05-18 14:14: Train Epoch 1014: 60/87 Loss: 0.001227
2026-05-18 14:14: Train Epoch 1014: 80/87 Loss: 0.011983
2026-05-18 14:14: **********Train Epoch 1014: averaged Loss: 0.004617
2026-05-18 14:14: **********Val Epoch 1014: average Loss: 0.013629
2026-05-18 14:14: Train Epoch 1015: 0/87 Loss: 0.028265
2026-05-18 14:14: Train Epoch 1015: 20/87 Loss: 0.006842
2026-05-18 14:14: Train Epoch 1015: 40/87 Loss: 0.002348
2026-05-18 14:14: Train Epoch 1015: 60/87 Loss: 0.002403
2026-05-18 14:14: Train Epoch 1015: 80/87 Loss: 0.015208
2026-05-18 14:14: **********Train Epoch 1015: averaged Loss: 0.005958
2026-05-18 14:14: **********Val Epoch 1015: average Loss: 0.025587
2026-05-18 14:14: Train Epoch 1016: 0/87 Loss: 0.019835
2026-05-18 14:14: Train Epoch 1016: 20/87 Loss: 0.003188
2026-05-18 14:14: Train Epoch 1016: 40/87 Loss: 0.002356
2026-05-18 14:14: Train Epoch 1016: 60/87 Loss: 0.007642
2026-05-18 14:14: Train Epoch 1016: 80/87 Loss: 0.026927
2026-05-18 14:14: **********Train Epoch 1016: averaged Loss: 0.007236
2026-05-18 14:14: **********Val Epoch 1016: average Loss: 0.006497
2026-05-18 14:14: Train Epoch 1017: 0/87 Loss: 0.036134
2026-05-18 14:14: Train Epoch 1017: 20/87 Loss: 0.007308
2026-05-18 14:14: Train Epoch 1017: 40/87 Loss: 0.003461
2026-05-18 14:14: Train Epoch 1017: 60/87 Loss: 0.005240
2026-05-18 14:14: Train Epoch 1017: 80/87 Loss: 0.022637
2026-05-18 14:14: **********Train Epoch 1017: averaged Loss: 0.008507
2026-05-18 14:14: **********Val Epoch 1017: average Loss: 0.025251
2026-05-18 14:14: Train Epoch 1018: 0/87 Loss: 0.015721
2026-05-18 14:14: Train Epoch 1018: 20/87 Loss: 0.001702
2026-05-18 14:14: Train Epoch 1018: 40/87 Loss: 0.002783
2026-05-18 14:14: Train Epoch 1018: 60/87 Loss: 0.003288
2026-05-18 14:14: Train Epoch 1018: 80/87 Loss: 0.020481
2026-05-18 14:14: **********Train Epoch 1018: averaged Loss: 0.005985
2026-05-18 14:14: **********Val Epoch 1018: average Loss: 0.007348
2026-05-18 14:14: Train Epoch 1019: 0/87 Loss: 0.005630
2026-05-18 14:14: Train Epoch 1019: 20/87 Loss: 0.001862
2026-05-18 14:14: Train Epoch 1019: 40/87 Loss: 0.003448
2026-05-18 14:14: Train Epoch 1019: 60/87 Loss: 0.002090
2026-05-18 14:14: Train Epoch 1019: 80/87 Loss: 0.010842
2026-05-18 14:14: **********Train Epoch 1019: averaged Loss: 0.003882
2026-05-18 14:14: **********Val Epoch 1019: average Loss: 0.023565
2026-05-18 14:14: Train Epoch 1020: 0/87 Loss: 0.024006
2026-05-18 14:14: Train Epoch 1020: 20/87 Loss: 0.004309
2026-05-18 14:14: Train Epoch 1020: 40/87 Loss: 0.005595
2026-05-18 14:14: Train Epoch 1020: 60/87 Loss: 0.004656
2026-05-18 14:14: Train Epoch 1020: 80/87 Loss: 0.012687
2026-05-18 14:14: **********Train Epoch 1020: averaged Loss: 0.005494
2026-05-18 14:14: **********Val Epoch 1020: average Loss: 0.011758
2026-05-18 14:14: Train Epoch 1021: 0/87 Loss: 0.013383
2026-05-18 14:14: Train Epoch 1021: 20/87 Loss: 0.001571
2026-05-18 14:14: Train Epoch 1021: 40/87 Loss: 0.002251
2026-05-18 14:14: Train Epoch 1021: 60/87 Loss: 0.002428
2026-05-18 14:14: Train Epoch 1021: 80/87 Loss: 0.011958
2026-05-18 14:14: **********Train Epoch 1021: averaged Loss: 0.004413
2026-05-18 14:14: **********Val Epoch 1021: average Loss: 0.010556
2026-05-18 14:14: Train Epoch 1022: 0/87 Loss: 0.004564
2026-05-18 14:14: Train Epoch 1022: 20/87 Loss: 0.004030
2026-05-18 14:14: Train Epoch 1022: 40/87 Loss: 0.002753
2026-05-18 14:14: Train Epoch 1022: 60/87 Loss: 0.002736
2026-05-18 14:14: Train Epoch 1022: 80/87 Loss: 0.012121
2026-05-18 14:14: **********Train Epoch 1022: averaged Loss: 0.004742
2026-05-18 14:14: **********Val Epoch 1022: average Loss: 0.034063
2026-05-18 14:14: Train Epoch 1023: 0/87 Loss: 0.020307
2026-05-18 14:14: Train Epoch 1023: 20/87 Loss: 0.005443
2026-05-18 14:14: Train Epoch 1023: 40/87 Loss: 0.002125
2026-05-18 14:14: Train Epoch 1023: 60/87 Loss: 0.006880
2026-05-18 14:14: Train Epoch 1023: 80/87 Loss: 0.022491
2026-05-18 14:14: **********Train Epoch 1023: averaged Loss: 0.006655
2026-05-18 14:14: **********Val Epoch 1023: average Loss: 0.005625
2026-05-18 14:14: Train Epoch 1024: 0/87 Loss: 0.046432
2026-05-18 14:14: Train Epoch 1024: 20/87 Loss: 0.004513
2026-05-18 14:14: Train Epoch 1024: 40/87 Loss: 0.006800
2026-05-18 14:14: Train Epoch 1024: 60/87 Loss: 0.003630
2026-05-18 14:14: Train Epoch 1024: 80/87 Loss: 0.042241
2026-05-18 14:14: **********Train Epoch 1024: averaged Loss: 0.011821
2026-05-18 14:14: **********Val Epoch 1024: average Loss: 0.033304
2026-05-18 14:14: Train Epoch 1025: 0/87 Loss: 0.053294
2026-05-18 14:14: Train Epoch 1025: 20/87 Loss: 0.002749
2026-05-18 14:14: Train Epoch 1025: 40/87 Loss: 0.005977
2026-05-18 14:14: Train Epoch 1025: 60/87 Loss: 0.001478
2026-05-18 14:14: Train Epoch 1025: 80/87 Loss: 0.012354
2026-05-18 14:14: **********Train Epoch 1025: averaged Loss: 0.007275
2026-05-18 14:14: **********Val Epoch 1025: average Loss: 0.009202
2026-05-18 14:14: Train Epoch 1026: 0/87 Loss: 0.026777
2026-05-18 14:14: Train Epoch 1026: 20/87 Loss: 0.007975
2026-05-18 14:14: Train Epoch 1026: 40/87 Loss: 0.003711
2026-05-18 14:14: Train Epoch 1026: 60/87 Loss: 0.001160
2026-05-18 14:14: Train Epoch 1026: 80/87 Loss: 0.010934
2026-05-18 14:14: **********Train Epoch 1026: averaged Loss: 0.008046
2026-05-18 14:14: **********Val Epoch 1026: average Loss: 0.013166
2026-05-18 14:14: Train Epoch 1027: 0/87 Loss: 0.017585
2026-05-18 14:14: Train Epoch 1027: 20/87 Loss: 0.001571
2026-05-18 14:14: Train Epoch 1027: 40/87 Loss: 0.002808
2026-05-18 14:14: Train Epoch 1027: 60/87 Loss: 0.001725
2026-05-18 14:14: Train Epoch 1027: 80/87 Loss: 0.010803
2026-05-18 14:14: **********Train Epoch 1027: averaged Loss: 0.004201
2026-05-18 14:14: **********Val Epoch 1027: average Loss: 0.021157
2026-05-18 14:14: Train Epoch 1028: 0/87 Loss: 0.016805
2026-05-18 14:14: Train Epoch 1028: 20/87 Loss: 0.007773
2026-05-18 14:14: Train Epoch 1028: 40/87 Loss: 0.004324
2026-05-18 14:14: Train Epoch 1028: 60/87 Loss: 0.001454
2026-05-18 14:14: Train Epoch 1028: 80/87 Loss: 0.016399
2026-05-18 14:14: **********Train Epoch 1028: averaged Loss: 0.006687
2026-05-18 14:15: **********Val Epoch 1028: average Loss: 0.009983
2026-05-18 14:15: Train Epoch 1029: 0/87 Loss: 0.023908
2026-05-18 14:15: Train Epoch 1029: 20/87 Loss: 0.002897
2026-05-18 14:15: Train Epoch 1029: 40/87 Loss: 0.002981
2026-05-18 14:15: Train Epoch 1029: 60/87 Loss: 0.004894
2026-05-18 14:15: Train Epoch 1029: 80/87 Loss: 0.023531
2026-05-18 14:15: **********Train Epoch 1029: averaged Loss: 0.006750
2026-05-18 14:15: **********Val Epoch 1029: average Loss: 0.013330
2026-05-18 14:15: Train Epoch 1030: 0/87 Loss: 0.006884
2026-05-18 14:15: Train Epoch 1030: 20/87 Loss: 0.001584
2026-05-18 14:15: Train Epoch 1030: 40/87 Loss: 0.003201
2026-05-18 14:15: Train Epoch 1030: 60/87 Loss: 0.004921
2026-05-18 14:15: Train Epoch 1030: 80/87 Loss: 0.011100
2026-05-18 14:15: **********Train Epoch 1030: averaged Loss: 0.003324
2026-05-18 14:15: **********Val Epoch 1030: average Loss: 0.010723
2026-05-18 14:15: Train Epoch 1031: 0/87 Loss: 0.009097
2026-05-18 14:15: Train Epoch 1031: 20/87 Loss: 0.003153
2026-05-18 14:15: Train Epoch 1031: 40/87 Loss: 0.002258
2026-05-18 14:15: Train Epoch 1031: 60/87 Loss: 0.003746
2026-05-18 14:15: Train Epoch 1031: 80/87 Loss: 0.012575
2026-05-18 14:15: **********Train Epoch 1031: averaged Loss: 0.004590
2026-05-18 14:15: **********Val Epoch 1031: average Loss: 0.008647
2026-05-18 14:15: Train Epoch 1032: 0/87 Loss: 0.024054
2026-05-18 14:15: Train Epoch 1032: 20/87 Loss: 0.004346
2026-05-18 14:15: Train Epoch 1032: 40/87 Loss: 0.013338
2026-05-18 14:15: Train Epoch 1032: 60/87 Loss: 0.002018
2026-05-18 14:15: Train Epoch 1032: 80/87 Loss: 0.042887
2026-05-18 14:15: **********Train Epoch 1032: averaged Loss: 0.012050
2026-05-18 14:15: **********Val Epoch 1032: average Loss: 0.040496
2026-05-18 14:15: Train Epoch 1033: 0/87 Loss: 0.055410
2026-05-18 14:15: Train Epoch 1033: 20/87 Loss: 0.004495
2026-05-18 14:15: Train Epoch 1033: 40/87 Loss: 0.005617
2026-05-18 14:15: Train Epoch 1033: 60/87 Loss: 0.001084
2026-05-18 14:15: Train Epoch 1033: 80/87 Loss: 0.014634
2026-05-18 14:15: **********Train Epoch 1033: averaged Loss: 0.008669
2026-05-18 14:15: **********Val Epoch 1033: average Loss: 0.004487
2026-05-18 14:15: Train Epoch 1034: 0/87 Loss: 0.027314
2026-05-18 14:15: Train Epoch 1034: 20/87 Loss: 0.007344
2026-05-18 14:15: Train Epoch 1034: 40/87 Loss: 0.003322
2026-05-18 14:15: Train Epoch 1034: 60/87 Loss: 0.004642
2026-05-18 14:15: Train Epoch 1034: 80/87 Loss: 0.025419
2026-05-18 14:15: **********Train Epoch 1034: averaged Loss: 0.007842
2026-05-18 14:15: **********Val Epoch 1034: average Loss: 0.016942
2026-05-18 14:15: Train Epoch 1035: 0/87 Loss: 0.030332
2026-05-18 14:15: Train Epoch 1035: 20/87 Loss: 0.004280
2026-05-18 14:15: Train Epoch 1035: 40/87 Loss: 0.003154
2026-05-18 14:15: Train Epoch 1035: 60/87 Loss: 0.001280
2026-05-18 14:15: Train Epoch 1035: 80/87 Loss: 0.014788
2026-05-18 14:15: **********Train Epoch 1035: averaged Loss: 0.007408
2026-05-18 14:15: **********Val Epoch 1035: average Loss: 0.024217
2026-05-18 14:15: Train Epoch 1036: 0/87 Loss: 0.015291
2026-05-18 14:15: Train Epoch 1036: 20/87 Loss: 0.004403
2026-05-18 14:15: Train Epoch 1036: 40/87 Loss: 0.002168
2026-05-18 14:15: Train Epoch 1036: 60/87 Loss: 0.006732
2026-05-18 14:15: Train Epoch 1036: 80/87 Loss: 0.018232
2026-05-18 14:15: **********Train Epoch 1036: averaged Loss: 0.005678
2026-05-18 14:15: **********Val Epoch 1036: average Loss: 0.015847
2026-05-18 14:15: Train Epoch 1037: 0/87 Loss: 0.032551
2026-05-18 14:15: Train Epoch 1037: 20/87 Loss: 0.009578
2026-05-18 14:15: Train Epoch 1037: 40/87 Loss: 0.003860
2026-05-18 14:15: Train Epoch 1037: 60/87 Loss: 0.006215
2026-05-18 14:15: Train Epoch 1037: 80/87 Loss: 0.035486
2026-05-18 14:15: **********Train Epoch 1037: averaged Loss: 0.011493
2026-05-18 14:15: **********Val Epoch 1037: average Loss: 0.033245
2026-05-18 14:15: Train Epoch 1038: 0/87 Loss: 0.051383
2026-05-18 14:15: Train Epoch 1038: 20/87 Loss: 0.019389
2026-05-18 14:15: Train Epoch 1038: 40/87 Loss: 0.004103
2026-05-18 14:15: Train Epoch 1038: 60/87 Loss: 0.001060
2026-05-18 14:15: Train Epoch 1038: 80/87 Loss: 0.010602
2026-05-18 14:15: **********Train Epoch 1038: averaged Loss: 0.009496
2026-05-18 14:15: **********Val Epoch 1038: average Loss: 0.006795
2026-05-18 14:15: Train Epoch 1039: 0/87 Loss: 0.015248
2026-05-18 14:15: Train Epoch 1039: 20/87 Loss: 0.002018
2026-05-18 14:15: Train Epoch 1039: 40/87 Loss: 0.002354
2026-05-18 14:15: Train Epoch 1039: 60/87 Loss: 0.001080
2026-05-18 14:15: Train Epoch 1039: 80/87 Loss: 0.011619
2026-05-18 14:15: **********Train Epoch 1039: averaged Loss: 0.004802
2026-05-18 14:15: **********Val Epoch 1039: average Loss: 0.012766
2026-05-18 14:15: Train Epoch 1040: 0/87 Loss: 0.024773
2026-05-18 14:15: Train Epoch 1040: 20/87 Loss: 0.004859
2026-05-18 14:15: Train Epoch 1040: 40/87 Loss: 0.006970
2026-05-18 14:15: Train Epoch 1040: 60/87 Loss: 0.006510
2026-05-18 14:15: Train Epoch 1040: 80/87 Loss: 0.025808
2026-05-18 14:15: **********Train Epoch 1040: averaged Loss: 0.010577
2026-05-18 14:15: **********Val Epoch 1040: average Loss: 0.011093
2026-05-18 14:15: Train Epoch 1041: 0/87 Loss: 0.039171
2026-05-18 14:15: Train Epoch 1041: 20/87 Loss: 0.001599
2026-05-18 14:15: Train Epoch 1041: 40/87 Loss: 0.003889
2026-05-18 14:15: Train Epoch 1041: 60/87 Loss: 0.005305
2026-05-18 14:15: Train Epoch 1041: 80/87 Loss: 0.016498
2026-05-18 14:15: **********Train Epoch 1041: averaged Loss: 0.009136
2026-05-18 14:15: **********Val Epoch 1041: average Loss: 0.033219
2026-05-18 14:15: Train Epoch 1042: 0/87 Loss: 0.004453
2026-05-18 14:15: Train Epoch 1042: 20/87 Loss: 0.004494
2026-05-18 14:15: Train Epoch 1042: 40/87 Loss: 0.003894
2026-05-18 14:15: Train Epoch 1042: 60/87 Loss: 0.001096
2026-05-18 14:15: Train Epoch 1042: 80/87 Loss: 0.010892
2026-05-18 14:15: **********Train Epoch 1042: averaged Loss: 0.003872
2026-05-18 14:15: **********Val Epoch 1042: average Loss: 0.014372
2026-05-18 14:15: Train Epoch 1043: 0/87 Loss: 0.010385
2026-05-18 14:15: Train Epoch 1043: 20/87 Loss: 0.001565
2026-05-18 14:15: Train Epoch 1043: 40/87 Loss: 0.002315
2026-05-18 14:15: Train Epoch 1043: 60/87 Loss: 0.001045
2026-05-18 14:16: Train Epoch 1043: 80/87 Loss: 0.011282
2026-05-18 14:16: **********Train Epoch 1043: averaged Loss: 0.003418
2026-05-18 14:16: **********Val Epoch 1043: average Loss: 0.012083
2026-05-18 14:16: Train Epoch 1044: 0/87 Loss: 0.011876
2026-05-18 14:16: Train Epoch 1044: 20/87 Loss: 0.004329
2026-05-18 14:16: Train Epoch 1044: 40/87 Loss: 0.002269
2026-05-18 14:16: Train Epoch 1044: 60/87 Loss: 0.005892
2026-05-18 14:16: Train Epoch 1044: 80/87 Loss: 0.015465
2026-05-18 14:16: **********Train Epoch 1044: averaged Loss: 0.005281
2026-05-18 14:16: **********Val Epoch 1044: average Loss: 0.016941
2026-05-18 14:16: Train Epoch 1045: 0/87 Loss: 0.035250
2026-05-18 14:16: Train Epoch 1045: 20/87 Loss: 0.007345
2026-05-18 14:16: Train Epoch 1045: 40/87 Loss: 0.003668
2026-05-18 14:16: Train Epoch 1045: 60/87 Loss: 0.002768
2026-05-18 14:16: Train Epoch 1045: 80/87 Loss: 0.037574
2026-05-18 14:16: **********Train Epoch 1045: averaged Loss: 0.010148
2026-05-18 14:16: **********Val Epoch 1045: average Loss: 0.027299
2026-05-18 14:16: Train Epoch 1046: 0/87 Loss: 0.044133
2026-05-18 14:16: Train Epoch 1046: 20/87 Loss: 0.005853
2026-05-18 14:16: Train Epoch 1046: 40/87 Loss: 0.002498
2026-05-18 14:16: Train Epoch 1046: 60/87 Loss: 0.001106
2026-05-18 14:16: Train Epoch 1046: 80/87 Loss: 0.011227
2026-05-18 14:16: **********Train Epoch 1046: averaged Loss: 0.006359
2026-05-18 14:16: **********Val Epoch 1046: average Loss: 0.009086
2026-05-18 14:16: Train Epoch 1047: 0/87 Loss: 0.031650
2026-05-18 14:16: Train Epoch 1047: 20/87 Loss: 0.007183
2026-05-18 14:16: Train Epoch 1047: 40/87 Loss: 0.005604
2026-05-18 14:16: Train Epoch 1047: 60/87 Loss: 0.001636
2026-05-18 14:16: Train Epoch 1047: 80/87 Loss: 0.011579
2026-05-18 14:16: **********Train Epoch 1047: averaged Loss: 0.008270
2026-05-18 14:16: **********Val Epoch 1047: average Loss: 0.008880
2026-05-18 14:16: Train Epoch 1048: 0/87 Loss: 0.016075
2026-05-18 14:16: Train Epoch 1048: 20/87 Loss: 0.005445
2026-05-18 14:16: Train Epoch 1048: 40/87 Loss: 0.003887
2026-05-18 14:16: Train Epoch 1048: 60/87 Loss: 0.002776
2026-05-18 14:16: Train Epoch 1048: 80/87 Loss: 0.016292
2026-05-18 14:16: **********Train Epoch 1048: averaged Loss: 0.004930
2026-05-18 14:16: **********Val Epoch 1048: average Loss: 0.007293
2026-05-18 14:16: Train Epoch 1049: 0/87 Loss: 0.030621
2026-05-18 14:16: Train Epoch 1049: 20/87 Loss: 0.007521
2026-05-18 14:16: Train Epoch 1049: 40/87 Loss: 0.002370
2026-05-18 14:16: Train Epoch 1049: 60/87 Loss: 0.007280
2026-05-18 14:16: Train Epoch 1049: 80/87 Loss: 0.034011
2026-05-18 14:16: **********Train Epoch 1049: averaged Loss: 0.009945
2026-05-18 14:16: **********Val Epoch 1049: average Loss: 0.005747
2026-05-18 14:16: Train Epoch 1050: 0/87 Loss: 0.029160
2026-05-18 14:16: Train Epoch 1050: 20/87 Loss: 0.006549
2026-05-18 14:16: Train Epoch 1050: 40/87 Loss: 0.002471
2026-05-18 14:16: Train Epoch 1050: 60/87 Loss: 0.002559
2026-05-18 14:16: Train Epoch 1050: 80/87 Loss: 0.010960
2026-05-18 14:16: **********Train Epoch 1050: averaged Loss: 0.006792
2026-05-18 14:16: **********Val Epoch 1050: average Loss: 0.021874
2026-05-18 14:16: Train Epoch 1051: 0/87 Loss: 0.022030
2026-05-18 14:16: Train Epoch 1051: 20/87 Loss: 0.006408
2026-05-18 14:16: Train Epoch 1051: 40/87 Loss: 0.006335
2026-05-18 14:16: Train Epoch 1051: 60/87 Loss: 0.005123
2026-05-18 14:16: Train Epoch 1051: 80/87 Loss: 0.022398
2026-05-18 14:16: **********Train Epoch 1051: averaged Loss: 0.010062
2026-05-18 14:16: **********Val Epoch 1051: average Loss: 0.019813
2026-05-18 14:16: Train Epoch 1052: 0/87 Loss: 0.042541
2026-05-18 14:16: Train Epoch 1052: 20/87 Loss: 0.007485
2026-05-18 14:16: Train Epoch 1052: 40/87 Loss: 0.004090
2026-05-18 14:16: Train Epoch 1052: 60/87 Loss: 0.001067
2026-05-18 14:16: Train Epoch 1052: 80/87 Loss: 0.013462
2026-05-18 14:16: **********Train Epoch 1052: averaged Loss: 0.006796
2026-05-18 14:16: **********Val Epoch 1052: average Loss: 0.009424
2026-05-18 14:16: Train Epoch 1053: 0/87 Loss: 0.021053
2026-05-18 14:16: Train Epoch 1053: 20/87 Loss: 0.003868
2026-05-18 14:16: Train Epoch 1053: 40/87 Loss: 0.002212
2026-05-18 14:16: Train Epoch 1053: 60/87 Loss: 0.001579
2026-05-18 14:16: Train Epoch 1053: 80/87 Loss: 0.021459
2026-05-18 14:16: **********Train Epoch 1053: averaged Loss: 0.005704
2026-05-18 14:16: **********Val Epoch 1053: average Loss: 0.006445
2026-05-18 14:16: Train Epoch 1054: 0/87 Loss: 0.018942
2026-05-18 14:16: Train Epoch 1054: 20/87 Loss: 0.008293
2026-05-18 14:16: Train Epoch 1054: 40/87 Loss: 0.002750
2026-05-18 14:16: Train Epoch 1054: 60/87 Loss: 0.005773
2026-05-18 14:16: Train Epoch 1054: 80/87 Loss: 0.024114
2026-05-18 14:16: **********Train Epoch 1054: averaged Loss: 0.006683
2026-05-18 14:16: **********Val Epoch 1054: average Loss: 0.017881
2026-05-18 14:16: Train Epoch 1055: 0/87 Loss: 0.027439
2026-05-18 14:16: Train Epoch 1055: 20/87 Loss: 0.002247
2026-05-18 14:16: Train Epoch 1055: 40/87 Loss: 0.003505
2026-05-18 14:16: Train Epoch 1055: 60/87 Loss: 0.001373
2026-05-18 14:16: Train Epoch 1055: 80/87 Loss: 0.015331
2026-05-18 14:16: **********Train Epoch 1055: averaged Loss: 0.005987
2026-05-18 14:16: **********Val Epoch 1055: average Loss: 0.005806
2026-05-18 14:16: Train Epoch 1056: 0/87 Loss: 0.009087
2026-05-18 14:16: Train Epoch 1056: 20/87 Loss: 0.007556
2026-05-18 14:16: Train Epoch 1056: 40/87 Loss: 0.002257
2026-05-18 14:16: Train Epoch 1056: 60/87 Loss: 0.004682
2026-05-18 14:16: Train Epoch 1056: 80/87 Loss: 0.021458
2026-05-18 14:16: **********Train Epoch 1056: averaged Loss: 0.005971
2026-05-18 14:16: **********Val Epoch 1056: average Loss: 0.008846
2026-05-18 14:16: Train Epoch 1057: 0/87 Loss: 0.030350
2026-05-18 14:16: Train Epoch 1057: 20/87 Loss: 0.005606
2026-05-18 14:16: Train Epoch 1057: 40/87 Loss: 0.006483
2026-05-18 14:16: Train Epoch 1057: 60/87 Loss: 0.003015
2026-05-18 14:16: Train Epoch 1057: 80/87 Loss: 0.024542
2026-05-18 14:16: **********Train Epoch 1057: averaged Loss: 0.008831
2026-05-18 14:16: **********Val Epoch 1057: average Loss: 0.025318
2026-05-18 14:16: Train Epoch 1058: 0/87 Loss: 0.017640
2026-05-18 14:16: Train Epoch 1058: 20/87 Loss: 0.001717
2026-05-18 14:16: Train Epoch 1058: 40/87 Loss: 0.002764
2026-05-18 14:17: Train Epoch 1058: 60/87 Loss: 0.001297
2026-05-18 14:17: Train Epoch 1058: 80/87 Loss: 0.011273
2026-05-18 14:17: **********Train Epoch 1058: averaged Loss: 0.004954
2026-05-18 14:17: **********Val Epoch 1058: average Loss: 0.010366
2026-05-18 14:17: Train Epoch 1059: 0/87 Loss: 0.012592
2026-05-18 14:17: Train Epoch 1059: 20/87 Loss: 0.002699
2026-05-18 14:17: Train Epoch 1059: 40/87 Loss: 0.002449
2026-05-18 14:17: Train Epoch 1059: 60/87 Loss: 0.001870
2026-05-18 14:17: Train Epoch 1059: 80/87 Loss: 0.012671
2026-05-18 14:17: **********Train Epoch 1059: averaged Loss: 0.003667
2026-05-18 14:17: **********Val Epoch 1059: average Loss: 0.008640
2026-05-18 14:17: Train Epoch 1060: 0/87 Loss: 0.005963
2026-05-18 14:17: Train Epoch 1060: 20/87 Loss: 0.002490
2026-05-18 14:17: Train Epoch 1060: 40/87 Loss: 0.002470
2026-05-18 14:17: Train Epoch 1060: 60/87 Loss: 0.001080
2026-05-18 14:17: Train Epoch 1060: 80/87 Loss: 0.011155
2026-05-18 14:17: **********Train Epoch 1060: averaged Loss: 0.003473
2026-05-18 14:17: **********Val Epoch 1060: average Loss: 0.016362
2026-05-18 14:17: Train Epoch 1061: 0/87 Loss: 0.007825
2026-05-18 14:17: Train Epoch 1061: 20/87 Loss: 0.011087
2026-05-18 14:17: Train Epoch 1061: 40/87 Loss: 0.002842
2026-05-18 14:17: Train Epoch 1061: 60/87 Loss: 0.006296
2026-05-18 14:17: Train Epoch 1061: 80/87 Loss: 0.022948
2026-05-18 14:17: **********Train Epoch 1061: averaged Loss: 0.007135
2026-05-18 14:17: **********Val Epoch 1061: average Loss: 0.009200
2026-05-18 14:17: Train Epoch 1062: 0/87 Loss: 0.031277
2026-05-18 14:17: Train Epoch 1062: 20/87 Loss: 0.006481
2026-05-18 14:17: Train Epoch 1062: 40/87 Loss: 0.002729
2026-05-18 14:17: Train Epoch 1062: 60/87 Loss: 0.005753
2026-05-18 14:17: Train Epoch 1062: 80/87 Loss: 0.023102
2026-05-18 14:17: **********Train Epoch 1062: averaged Loss: 0.007636
2026-05-18 14:17: **********Val Epoch 1062: average Loss: 0.026753
2026-05-18 14:17: Train Epoch 1063: 0/87 Loss: 0.017086
2026-05-18 14:17: Train Epoch 1063: 20/87 Loss: 0.001607
2026-05-18 14:17: Train Epoch 1063: 40/87 Loss: 0.002789
2026-05-18 14:17: Train Epoch 1063: 60/87 Loss: 0.001062
2026-05-18 14:17: Train Epoch 1063: 80/87 Loss: 0.012819
2026-05-18 14:17: **********Train Epoch 1063: averaged Loss: 0.005472
2026-05-18 14:17: **********Val Epoch 1063: average Loss: 0.004885
2026-05-18 14:17: Train Epoch 1064: 0/87 Loss: 0.004649
2026-05-18 14:17: Train Epoch 1064: 20/87 Loss: 0.002091
2026-05-18 14:17: Train Epoch 1064: 40/87 Loss: 0.002339
2026-05-18 14:17: Train Epoch 1064: 60/87 Loss: 0.001453
2026-05-18 14:17: Train Epoch 1064: 80/87 Loss: 0.011355
2026-05-18 14:17: **********Train Epoch 1064: averaged Loss: 0.003560
2026-05-18 14:17: **********Val Epoch 1064: average Loss: 0.018349
2026-05-18 14:17: Train Epoch 1065: 0/87 Loss: 0.013236
2026-05-18 14:17: Train Epoch 1065: 20/87 Loss: 0.004841
2026-05-18 14:17: Train Epoch 1065: 40/87 Loss: 0.002086
2026-05-18 14:17: Train Epoch 1065: 60/87 Loss: 0.006926
2026-05-18 14:17: Train Epoch 1065: 80/87 Loss: 0.027733
2026-05-18 14:17: **********Train Epoch 1065: averaged Loss: 0.007059
2026-05-18 14:17: **********Val Epoch 1065: average Loss: 0.009428
2026-05-18 14:17: Train Epoch 1066: 0/87 Loss: 0.032737
2026-05-18 14:17: Train Epoch 1066: 20/87 Loss: 0.004195
2026-05-18 14:17: Train Epoch 1066: 40/87 Loss: 0.002840
2026-05-18 14:17: Train Epoch 1066: 60/87 Loss: 0.002264
2026-05-18 14:17: Train Epoch 1066: 80/87 Loss: 0.010487
2026-05-18 14:17: **********Train Epoch 1066: averaged Loss: 0.005772
2026-05-18 14:17: **********Val Epoch 1066: average Loss: 0.024412
2026-05-18 14:17: Train Epoch 1067: 0/87 Loss: 0.014588
2026-05-18 14:17: Train Epoch 1067: 20/87 Loss: 0.005508
2026-05-18 14:17: Train Epoch 1067: 40/87 Loss: 0.002455
2026-05-18 14:17: Train Epoch 1067: 60/87 Loss: 0.004279
2026-05-18 14:17: Train Epoch 1067: 80/87 Loss: 0.016399
2026-05-18 14:17: **********Train Epoch 1067: averaged Loss: 0.005538
2026-05-18 14:17: **********Val Epoch 1067: average Loss: 0.005065
2026-05-18 14:17: Train Epoch 1068: 0/87 Loss: 0.015862
2026-05-18 14:17: Train Epoch 1068: 20/87 Loss: 0.004913
2026-05-18 14:17: Train Epoch 1068: 40/87 Loss: 0.003991
2026-05-18 14:17: Train Epoch 1068: 60/87 Loss: 0.005488
2026-05-18 14:17: Train Epoch 1068: 80/87 Loss: 0.019703
2026-05-18 14:17: **********Train Epoch 1068: averaged Loss: 0.007710
2026-05-18 14:17: **********Val Epoch 1068: average Loss: 0.023295
2026-05-18 14:17: Train Epoch 1069: 0/87 Loss: 0.029773
2026-05-18 14:17: Train Epoch 1069: 20/87 Loss: 0.002370
2026-05-18 14:17: Train Epoch 1069: 40/87 Loss: 0.003794
2026-05-18 14:17: Train Epoch 1069: 60/87 Loss: 0.002995
2026-05-18 14:17: Train Epoch 1069: 80/87 Loss: 0.015220
2026-05-18 14:17: **********Train Epoch 1069: averaged Loss: 0.005577
2026-05-18 14:17: **********Val Epoch 1069: average Loss: 0.007051
2026-05-18 14:17: Train Epoch 1070: 0/87 Loss: 0.013929
2026-05-18 14:17: Train Epoch 1070: 20/87 Loss: 0.002093
2026-05-18 14:17: Train Epoch 1070: 40/87 Loss: 0.002421
2026-05-18 14:17: Train Epoch 1070: 60/87 Loss: 0.001598
2026-05-18 14:17: Train Epoch 1070: 80/87 Loss: 0.015319
2026-05-18 14:17: **********Train Epoch 1070: averaged Loss: 0.004334
2026-05-18 14:17: **********Val Epoch 1070: average Loss: 0.019116
2026-05-18 14:17: Train Epoch 1071: 0/87 Loss: 0.016386
2026-05-18 14:17: Train Epoch 1071: 20/87 Loss: 0.006204
2026-05-18 14:17: Train Epoch 1071: 40/87 Loss: 0.002545
2026-05-18 14:17: Train Epoch 1071: 60/87 Loss: 0.001190
2026-05-18 14:17: Train Epoch 1071: 80/87 Loss: 0.015091
2026-05-18 14:17: **********Train Epoch 1071: averaged Loss: 0.005129
2026-05-18 14:17: **********Val Epoch 1071: average Loss: 0.037521
2026-05-18 14:17: Train Epoch 1072: 0/87 Loss: 0.012973
2026-05-18 14:17: Train Epoch 1072: 20/87 Loss: 0.001535
2026-05-18 14:17: Train Epoch 1072: 40/87 Loss: 0.002737
2026-05-18 14:17: Train Epoch 1072: 60/87 Loss: 0.002778
2026-05-18 14:17: Train Epoch 1072: 80/87 Loss: 0.015270
2026-05-18 14:17: **********Train Epoch 1072: averaged Loss: 0.005478
2026-05-18 14:17: **********Val Epoch 1072: average Loss: 0.010994
2026-05-18 14:17: Train Epoch 1073: 0/87 Loss: 0.019121
2026-05-18 14:18: Train Epoch 1073: 20/87 Loss: 0.005953
2026-05-18 14:18: Train Epoch 1073: 40/87 Loss: 0.003132
2026-05-18 14:18: Train Epoch 1073: 60/87 Loss: 0.003051
2026-05-18 14:18: Train Epoch 1073: 80/87 Loss: 0.030641
2026-05-18 14:18: **********Train Epoch 1073: averaged Loss: 0.006766
2026-05-18 14:18: **********Val Epoch 1073: average Loss: 0.050701
2026-05-18 14:18: Train Epoch 1074: 0/87 Loss: 0.047357
2026-05-18 14:18: Train Epoch 1074: 20/87 Loss: 0.004970
2026-05-18 14:18: Train Epoch 1074: 40/87 Loss: 0.002507
2026-05-18 14:18: Train Epoch 1074: 60/87 Loss: 0.001050
2026-05-18 14:18: Train Epoch 1074: 80/87 Loss: 0.011249
2026-05-18 14:18: **********Train Epoch 1074: averaged Loss: 0.006828
2026-05-18 14:18: **********Val Epoch 1074: average Loss: 0.013395
2026-05-18 14:18: Train Epoch 1075: 0/87 Loss: 0.007869
2026-05-18 14:18: Train Epoch 1075: 20/87 Loss: 0.001993
2026-05-18 14:18: Train Epoch 1075: 40/87 Loss: 0.002478
2026-05-18 14:18: Train Epoch 1075: 60/87 Loss: 0.007201
2026-05-18 14:18: Train Epoch 1075: 80/87 Loss: 0.017666
2026-05-18 14:18: **********Train Epoch 1075: averaged Loss: 0.004423
2026-05-18 14:18: **********Val Epoch 1075: average Loss: 0.007784
2026-05-18 14:18: Train Epoch 1076: 0/87 Loss: 0.019386
2026-05-18 14:18: Train Epoch 1076: 20/87 Loss: 0.006828
2026-05-18 14:18: Train Epoch 1076: 40/87 Loss: 0.002904
2026-05-18 14:18: Train Epoch 1076: 60/87 Loss: 0.002983
2026-05-18 14:18: Train Epoch 1076: 80/87 Loss: 0.025413
2026-05-18 14:18: **********Train Epoch 1076: averaged Loss: 0.007068
2026-05-18 14:18: **********Val Epoch 1076: average Loss: 0.024606
2026-05-18 14:18: Train Epoch 1077: 0/87 Loss: 0.031455
2026-05-18 14:18: Train Epoch 1077: 20/87 Loss: 0.003397
2026-05-18 14:18: Train Epoch 1077: 40/87 Loss: 0.002374
2026-05-18 14:18: Train Epoch 1077: 60/87 Loss: 0.001393
2026-05-18 14:18: Train Epoch 1077: 80/87 Loss: 0.016887
2026-05-18 14:18: **********Train Epoch 1077: averaged Loss: 0.005703
2026-05-18 14:18: **********Val Epoch 1077: average Loss: 0.005965
2026-05-18 14:18: Train Epoch 1078: 0/87 Loss: 0.012949
2026-05-18 14:18: Train Epoch 1078: 20/87 Loss: 0.004679
2026-05-18 14:18: Train Epoch 1078: 40/87 Loss: 0.002270
2026-05-18 14:18: Train Epoch 1078: 60/87 Loss: 0.005764
2026-05-18 14:18: Train Epoch 1078: 80/87 Loss: 0.018396
2026-05-18 14:18: **********Train Epoch 1078: averaged Loss: 0.005808
2026-05-18 14:18: **********Val Epoch 1078: average Loss: 0.015057
2026-05-18 14:18: Train Epoch 1079: 0/87 Loss: 0.030037
2026-05-18 14:18: Train Epoch 1079: 20/87 Loss: 0.006561
2026-05-18 14:18: Train Epoch 1079: 40/87 Loss: 0.002546
2026-05-18 14:18: Train Epoch 1079: 60/87 Loss: 0.001369
2026-05-18 14:18: Train Epoch 1079: 80/87 Loss: 0.017377
2026-05-18 14:18: **********Train Epoch 1079: averaged Loss: 0.007190
2026-05-18 14:18: **********Val Epoch 1079: average Loss: 0.027540
2026-05-18 14:18: Train Epoch 1080: 0/87 Loss: 0.003086
2026-05-18 14:18: Train Epoch 1080: 20/87 Loss: 0.002760
2026-05-18 14:18: Train Epoch 1080: 40/87 Loss: 0.002328
2026-05-18 14:18: Train Epoch 1080: 60/87 Loss: 0.002803
2026-05-18 14:18: Train Epoch 1080: 80/87 Loss: 0.012324
2026-05-18 14:18: **********Train Epoch 1080: averaged Loss: 0.003796
2026-05-18 14:18: **********Val Epoch 1080: average Loss: 0.013144
2026-05-18 14:18: Train Epoch 1081: 0/87 Loss: 0.004735
2026-05-18 14:18: Train Epoch 1081: 20/87 Loss: 0.004087
2026-05-18 14:18: Train Epoch 1081: 40/87 Loss: 0.002441
2026-05-18 14:18: Train Epoch 1081: 60/87 Loss: 0.002938
2026-05-18 14:18: Train Epoch 1081: 80/87 Loss: 0.011865
2026-05-18 14:18: **********Train Epoch 1081: averaged Loss: 0.004306
2026-05-18 14:18: **********Val Epoch 1081: average Loss: 0.008237
2026-05-18 14:18: Train Epoch 1082: 0/87 Loss: 0.009667
2026-05-18 14:18: Train Epoch 1082: 20/87 Loss: 0.001571
2026-05-18 14:18: Train Epoch 1082: 40/87 Loss: 0.002280
2026-05-18 14:18: Train Epoch 1082: 60/87 Loss: 0.001060
2026-05-18 14:18: Train Epoch 1082: 80/87 Loss: 0.010844
2026-05-18 14:18: **********Train Epoch 1082: averaged Loss: 0.003188
2026-05-18 14:18: **********Val Epoch 1082: average Loss: 0.006222
2026-05-18 14:18: Train Epoch 1083: 0/87 Loss: 0.012507
2026-05-18 14:18: Train Epoch 1083: 20/87 Loss: 0.001828
2026-05-18 14:18: Train Epoch 1083: 40/87 Loss: 0.002595
2026-05-18 14:18: Train Epoch 1083: 60/87 Loss: 0.005023
2026-05-18 14:18: Train Epoch 1083: 80/87 Loss: 0.015924
2026-05-18 14:18: **********Train Epoch 1083: averaged Loss: 0.005190
2026-05-18 14:18: **********Val Epoch 1083: average Loss: 0.008921
2026-05-18 14:18: Train Epoch 1084: 0/87 Loss: 0.013502
2026-05-18 14:18: Train Epoch 1084: 20/87 Loss: 0.003726
2026-05-18 14:18: Train Epoch 1084: 40/87 Loss: 0.002676
2026-05-18 14:18: Train Epoch 1084: 60/87 Loss: 0.001491
2026-05-18 14:18: Train Epoch 1084: 80/87 Loss: 0.011274
2026-05-18 14:18: **********Train Epoch 1084: averaged Loss: 0.003846
2026-05-18 14:18: **********Val Epoch 1084: average Loss: 0.009995
2026-05-18 14:18: Train Epoch 1085: 0/87 Loss: 0.004605
2026-05-18 14:18: Train Epoch 1085: 20/87 Loss: 0.001647
2026-05-18 14:18: Train Epoch 1085: 40/87 Loss: 0.002205
2026-05-18 14:18: Train Epoch 1085: 60/87 Loss: 0.001732
2026-05-18 14:18: Train Epoch 1085: 80/87 Loss: 0.012445
2026-05-18 14:18: **********Train Epoch 1085: averaged Loss: 0.003487
2026-05-18 14:18: **********Val Epoch 1085: average Loss: 0.007536
2026-05-18 14:18: Train Epoch 1086: 0/87 Loss: 0.003517
2026-05-18 14:18: Train Epoch 1086: 20/87 Loss: 0.003910
2026-05-18 14:18: Train Epoch 1086: 40/87 Loss: 0.002303
2026-05-18 14:18: Train Epoch 1086: 60/87 Loss: 0.001109
2026-05-18 14:18: Train Epoch 1086: 80/87 Loss: 0.011243
2026-05-18 14:18: **********Train Epoch 1086: averaged Loss: 0.004249
2026-05-18 14:18: **********Val Epoch 1086: average Loss: 0.024002
2026-05-18 14:18: Train Epoch 1087: 0/87 Loss: 0.015710
2026-05-18 14:18: Train Epoch 1087: 20/87 Loss: 0.004986
2026-05-18 14:18: Train Epoch 1087: 40/87 Loss: 0.002492
2026-05-18 14:19: Train Epoch 1087: 60/87 Loss: 0.003048
2026-05-18 14:19: Train Epoch 1087: 80/87 Loss: 0.011491
2026-05-18 14:19: **********Train Epoch 1087: averaged Loss: 0.006494
2026-05-18 14:19: **********Val Epoch 1087: average Loss: 0.027850
2026-05-18 14:19: Train Epoch 1088: 0/87 Loss: 0.046441
2026-05-18 14:19: Train Epoch 1088: 20/87 Loss: 0.007487
2026-05-18 14:19: Train Epoch 1088: 40/87 Loss: 0.004317
2026-05-18 14:19: Train Epoch 1088: 60/87 Loss: 0.001924
2026-05-18 14:19: Train Epoch 1088: 80/87 Loss: 0.019003
2026-05-18 14:19: **********Train Epoch 1088: averaged Loss: 0.009375
2026-05-18 14:19: **********Val Epoch 1088: average Loss: 0.021460
2026-05-18 14:19: Train Epoch 1089: 0/87 Loss: 0.025831
2026-05-18 14:19: Train Epoch 1089: 20/87 Loss: 0.001726
2026-05-18 14:19: Train Epoch 1089: 40/87 Loss: 0.002905
2026-05-18 14:19: Train Epoch 1089: 60/87 Loss: 0.004097
2026-05-18 14:19: Train Epoch 1089: 80/87 Loss: 0.012683
2026-05-18 14:19: **********Train Epoch 1089: averaged Loss: 0.005247
2026-05-18 14:19: **********Val Epoch 1089: average Loss: 0.004721
2026-05-18 14:19: Train Epoch 1090: 0/87 Loss: 0.003940
2026-05-18 14:19: Train Epoch 1090: 20/87 Loss: 0.006557
2026-05-18 14:19: Train Epoch 1090: 40/87 Loss: 0.002786
2026-05-18 14:19: Train Epoch 1090: 60/87 Loss: 0.005481
2026-05-18 14:19: Train Epoch 1090: 80/87 Loss: 0.019068
2026-05-18 14:19: **********Train Epoch 1090: averaged Loss: 0.005448
2026-05-18 14:19: **********Val Epoch 1090: average Loss: 0.006310
2026-05-18 14:19: Train Epoch 1091: 0/87 Loss: 0.048962
2026-05-18 14:19: Train Epoch 1091: 20/87 Loss: 0.002522
2026-05-18 14:19: Train Epoch 1091: 40/87 Loss: 0.003056
2026-05-18 14:19: Train Epoch 1091: 60/87 Loss: 0.002449
2026-05-18 14:19: Train Epoch 1091: 80/87 Loss: 0.015373
2026-05-18 14:19: **********Train Epoch 1091: averaged Loss: 0.009759
2026-05-18 14:19: **********Val Epoch 1091: average Loss: 0.016066
2026-05-18 14:19: Train Epoch 1092: 0/87 Loss: 0.006040
2026-05-18 14:19: Train Epoch 1092: 20/87 Loss: 0.003622
2026-05-18 14:19: Train Epoch 1092: 40/87 Loss: 0.004208
2026-05-18 14:19: Train Epoch 1092: 60/87 Loss: 0.002167
2026-05-18 14:19: Train Epoch 1092: 80/87 Loss: 0.013369
2026-05-18 14:19: **********Train Epoch 1092: averaged Loss: 0.005072
2026-05-18 14:19: **********Val Epoch 1092: average Loss: 0.007213
2026-05-18 14:19: Train Epoch 1093: 0/87 Loss: 0.009660
2026-05-18 14:19: Train Epoch 1093: 20/87 Loss: 0.002004
2026-05-18 14:19: Train Epoch 1093: 40/87 Loss: 0.002614
2026-05-18 14:19: Train Epoch 1093: 60/87 Loss: 0.004179
2026-05-18 14:19: Train Epoch 1093: 80/87 Loss: 0.013464
2026-05-18 14:19: **********Train Epoch 1093: averaged Loss: 0.004466
2026-05-18 14:19: **********Val Epoch 1093: average Loss: 0.006295
2026-05-18 14:19: Train Epoch 1094: 0/87 Loss: 0.031571
2026-05-18 14:19: Train Epoch 1094: 20/87 Loss: 0.009073
2026-05-18 14:19: Train Epoch 1094: 40/87 Loss: 0.002729
2026-05-18 14:19: Train Epoch 1094: 60/87 Loss: 0.004762
2026-05-18 14:19: Train Epoch 1094: 80/87 Loss: 0.021090
2026-05-18 14:19: **********Train Epoch 1094: averaged Loss: 0.008213
2026-05-18 14:19: **********Val Epoch 1094: average Loss: 0.011419
2026-05-18 14:19: Train Epoch 1095: 0/87 Loss: 0.037755
2026-05-18 14:19: Train Epoch 1095: 20/87 Loss: 0.009222
2026-05-18 14:19: Train Epoch 1095: 40/87 Loss: 0.002866
2026-05-18 14:19: Train Epoch 1095: 60/87 Loss: 0.001728
2026-05-18 14:19: Train Epoch 1095: 80/87 Loss: 0.015898
2026-05-18 14:19: **********Train Epoch 1095: averaged Loss: 0.008107
2026-05-18 14:19: **********Val Epoch 1095: average Loss: 0.004301
2026-05-18 14:19: Train Epoch 1096: 0/87 Loss: 0.003351
2026-05-18 14:19: Train Epoch 1096: 20/87 Loss: 0.003262
2026-05-18 14:19: Train Epoch 1096: 40/87 Loss: 0.002224
2026-05-18 14:19: Train Epoch 1096: 60/87 Loss: 0.002121
2026-05-18 14:19: Train Epoch 1096: 80/87 Loss: 0.010771
2026-05-18 14:19: **********Train Epoch 1096: averaged Loss: 0.003502
2026-05-18 14:19: **********Val Epoch 1096: average Loss: 0.017550
2026-05-18 14:19: Train Epoch 1097: 0/87 Loss: 0.008793
2026-05-18 14:19: Train Epoch 1097: 20/87 Loss: 0.001784
2026-05-18 14:19: Train Epoch 1097: 40/87 Loss: 0.003890
2026-05-18 14:19: Train Epoch 1097: 60/87 Loss: 0.010730
2026-05-18 14:19: Train Epoch 1097: 80/87 Loss: 0.013500
2026-05-18 14:19: **********Train Epoch 1097: averaged Loss: 0.004852
2026-05-18 14:19: **********Val Epoch 1097: average Loss: 0.022403
2026-05-18 14:19: Train Epoch 1098: 0/87 Loss: 0.029627
2026-05-18 14:19: Train Epoch 1098: 20/87 Loss: 0.008527
2026-05-18 14:19: Train Epoch 1098: 40/87 Loss: 0.003766
2026-05-18 14:19: Train Epoch 1098: 60/87 Loss: 0.005569
2026-05-18 14:19: Train Epoch 1098: 80/87 Loss: 0.026784
2026-05-18 14:19: **********Train Epoch 1098: averaged Loss: 0.008058
2026-05-18 14:19: **********Val Epoch 1098: average Loss: 0.014721
2026-05-18 14:19: Train Epoch 1099: 0/87 Loss: 0.048095
2026-05-18 14:19: Train Epoch 1099: 20/87 Loss: 0.010878
2026-05-18 14:19: Train Epoch 1099: 40/87 Loss: 0.003279
2026-05-18 14:19: Train Epoch 1099: 60/87 Loss: 0.001148
2026-05-18 14:19: Train Epoch 1099: 80/87 Loss: 0.013930
2026-05-18 14:19: **********Train Epoch 1099: averaged Loss: 0.008020
2026-05-18 14:19: **********Val Epoch 1099: average Loss: 0.004797
2026-05-18 14:19: Train Epoch 1100: 0/87 Loss: 0.011462
2026-05-18 14:19: Train Epoch 1100: 20/87 Loss: 0.003852
2026-05-18 14:19: Train Epoch 1100: 40/87 Loss: 0.002488
2026-05-18 14:19: Train Epoch 1100: 60/87 Loss: 0.001629
2026-05-18 14:19: Train Epoch 1100: 80/87 Loss: 0.010587
2026-05-18 14:19: **********Train Epoch 1100: averaged Loss: 0.003511
2026-05-18 14:19: **********Val Epoch 1100: average Loss: 0.015223
2026-05-18 14:19: Train Epoch 1101: 0/87 Loss: 0.003408
2026-05-18 14:19: Train Epoch 1101: 20/87 Loss: 0.003660
2026-05-18 14:19: Train Epoch 1101: 40/87 Loss: 0.003182
2026-05-18 14:19: Train Epoch 1101: 60/87 Loss: 0.003709
2026-05-18 14:19: Train Epoch 1101: 80/87 Loss: 0.013135
2026-05-18 14:19: **********Train Epoch 1101: averaged Loss: 0.004322
2026-05-18 14:19: **********Val Epoch 1101: average Loss: 0.008060
2026-05-18 14:19: Train Epoch 1102: 0/87 Loss: 0.016895
2026-05-18 14:19: Train Epoch 1102: 20/87 Loss: 0.001946
2026-05-18 14:19: Train Epoch 1102: 40/87 Loss: 0.002637
2026-05-18 14:19: Train Epoch 1102: 60/87 Loss: 0.001434
2026-05-18 14:19: Train Epoch 1102: 80/87 Loss: 0.013493
2026-05-18 14:19: **********Train Epoch 1102: averaged Loss: 0.004096
2026-05-18 14:19: **********Val Epoch 1102: average Loss: 0.010993
2026-05-18 14:19: Train Epoch 1103: 0/87 Loss: 0.027197
2026-05-18 14:20: Train Epoch 1103: 20/87 Loss: 0.006988
2026-05-18 14:20: Train Epoch 1103: 40/87 Loss: 0.002557
2026-05-18 14:20: Train Epoch 1103: 60/87 Loss: 0.005510
2026-05-18 14:20: Train Epoch 1103: 80/87 Loss: 0.026679
2026-05-18 14:20: **********Train Epoch 1103: averaged Loss: 0.008017
2026-05-18 14:20: **********Val Epoch 1103: average Loss: 0.005594
2026-05-18 14:20: Train Epoch 1104: 0/87 Loss: 0.031479
2026-05-18 14:20: Train Epoch 1104: 20/87 Loss: 0.005352
2026-05-18 14:20: Train Epoch 1104: 40/87 Loss: 0.002307
2026-05-18 14:20: Train Epoch 1104: 60/87 Loss: 0.003607
2026-05-18 14:20: Train Epoch 1104: 80/87 Loss: 0.017558
2026-05-18 14:20: **********Train Epoch 1104: averaged Loss: 0.005802
2026-05-18 14:20: **********Val Epoch 1104: average Loss: 0.031266
2026-05-18 14:20: Train Epoch 1105: 0/87 Loss: 0.007910
2026-05-18 14:20: Train Epoch 1105: 20/87 Loss: 0.005984
2026-05-18 14:20: Train Epoch 1105: 40/87 Loss: 0.002747
2026-05-18 14:20: Train Epoch 1105: 60/87 Loss: 0.001300
2026-05-18 14:20: Train Epoch 1105: 80/87 Loss: 0.010319
2026-05-18 14:20: **********Train Epoch 1105: averaged Loss: 0.003938
2026-05-18 14:20: **********Val Epoch 1105: average Loss: 0.013650
2026-05-18 14:20: Train Epoch 1106: 0/87 Loss: 0.021256
2026-05-18 14:20: Train Epoch 1106: 20/87 Loss: 0.002012
2026-05-18 14:20: Train Epoch 1106: 40/87 Loss: 0.003007
2026-05-18 14:20: Train Epoch 1106: 60/87 Loss: 0.001943
2026-05-18 14:20: Train Epoch 1106: 80/87 Loss: 0.010759
2026-05-18 14:20: **********Train Epoch 1106: averaged Loss: 0.004180
2026-05-18 14:20: **********Val Epoch 1106: average Loss: 0.009525
2026-05-18 14:20: Train Epoch 1107: 0/87 Loss: 0.020784
2026-05-18 14:20: Train Epoch 1107: 20/87 Loss: 0.003737
2026-05-18 14:20: Train Epoch 1107: 40/87 Loss: 0.003179
2026-05-18 14:20: Train Epoch 1107: 60/87 Loss: 0.001762
2026-05-18 14:20: Train Epoch 1107: 80/87 Loss: 0.011212
2026-05-18 14:20: **********Train Epoch 1107: averaged Loss: 0.004763
2026-05-18 14:20: **********Val Epoch 1107: average Loss: 0.008553
2026-05-18 14:20: Train Epoch 1108: 0/87 Loss: 0.002773
2026-05-18 14:20: Train Epoch 1108: 20/87 Loss: 0.008348
2026-05-18 14:20: Train Epoch 1108: 40/87 Loss: 0.002254
2026-05-18 14:20: Train Epoch 1108: 60/87 Loss: 0.001974
2026-05-18 14:20: Train Epoch 1108: 80/87 Loss: 0.012535
2026-05-18 14:20: **********Train Epoch 1108: averaged Loss: 0.004522
2026-05-18 14:20: **********Val Epoch 1108: average Loss: 0.015434
2026-05-18 14:20: Train Epoch 1109: 0/87 Loss: 0.022236
2026-05-18 14:20: Train Epoch 1109: 20/87 Loss: 0.005387
2026-05-18 14:20: Train Epoch 1109: 40/87 Loss: 0.002800
2026-05-18 14:20: Train Epoch 1109: 60/87 Loss: 0.002347
2026-05-18 14:20: Train Epoch 1109: 80/87 Loss: 0.011795
2026-05-18 14:20: **********Train Epoch 1109: averaged Loss: 0.004894
2026-05-18 14:20: **********Val Epoch 1109: average Loss: 0.021969
2026-05-18 14:20: Train Epoch 1110: 0/87 Loss: 0.005432
2026-05-18 14:20: Train Epoch 1110: 20/87 Loss: 0.004944
2026-05-18 14:20: Train Epoch 1110: 40/87 Loss: 0.002244
2026-05-18 14:20: Train Epoch 1110: 60/87 Loss: 0.002762
2026-05-18 14:20: Train Epoch 1110: 80/87 Loss: 0.010303
2026-05-18 14:20: **********Train Epoch 1110: averaged Loss: 0.004118
2026-05-18 14:20: **********Val Epoch 1110: average Loss: 0.009163
2026-05-18 14:20: Train Epoch 1111: 0/87 Loss: 0.003468
2026-05-18 14:20: Train Epoch 1111: 20/87 Loss: 0.004417
2026-05-18 14:20: Train Epoch 1111: 40/87 Loss: 0.003057
2026-05-18 14:20: Train Epoch 1111: 60/87 Loss: 0.002506
2026-05-18 14:20: Train Epoch 1111: 80/87 Loss: 0.017979
2026-05-18 14:20: **********Train Epoch 1111: averaged Loss: 0.006294
2026-05-18 14:20: **********Val Epoch 1111: average Loss: 0.036397
2026-05-18 14:20: Train Epoch 1112: 0/87 Loss: 0.053759
2026-05-18 14:20: Train Epoch 1112: 20/87 Loss: 0.004083
2026-05-18 14:20: Train Epoch 1112: 40/87 Loss: 0.005506
2026-05-18 14:20: Train Epoch 1112: 60/87 Loss: 0.006401
2026-05-18 14:20: Train Epoch 1112: 80/87 Loss: 0.010037
2026-05-18 14:20: **********Train Epoch 1112: averaged Loss: 0.009865
2026-05-18 14:20: **********Val Epoch 1112: average Loss: 0.007541
2026-05-18 14:20: Train Epoch 1113: 0/87 Loss: 0.011296
2026-05-18 14:20: Train Epoch 1113: 20/87 Loss: 0.002371
2026-05-18 14:20: Train Epoch 1113: 40/87 Loss: 0.002972
2026-05-18 14:20: Train Epoch 1113: 60/87 Loss: 0.001108
2026-05-18 14:20: Train Epoch 1113: 80/87 Loss: 0.011415
2026-05-18 14:20: **********Train Epoch 1113: averaged Loss: 0.004439
2026-05-18 14:20: **********Val Epoch 1113: average Loss: 0.007420
2026-05-18 14:20: Train Epoch 1114: 0/87 Loss: 0.012400
2026-05-18 14:20: Train Epoch 1114: 20/87 Loss: 0.003535
2026-05-18 14:20: Train Epoch 1114: 40/87 Loss: 0.002168
2026-05-18 14:20: Train Epoch 1114: 60/87 Loss: 0.001197
2026-05-18 14:20: Train Epoch 1114: 80/87 Loss: 0.010902
2026-05-18 14:20: **********Train Epoch 1114: averaged Loss: 0.003562
2026-05-18 14:20: **********Val Epoch 1114: average Loss: 0.013904
2026-05-18 14:20: Train Epoch 1115: 0/87 Loss: 0.003794
2026-05-18 14:20: Train Epoch 1115: 20/87 Loss: 0.002236
2026-05-18 14:20: Train Epoch 1115: 40/87 Loss: 0.002115
2026-05-18 14:20: Train Epoch 1115: 60/87 Loss: 0.001595
2026-05-18 14:20: Train Epoch 1115: 80/87 Loss: 0.013649
2026-05-18 14:20: **********Train Epoch 1115: averaged Loss: 0.003788
2026-05-18 14:20: **********Val Epoch 1115: average Loss: 0.034275
2026-05-18 14:20: Train Epoch 1116: 0/87 Loss: 0.009698
2026-05-18 14:20: Train Epoch 1116: 20/87 Loss: 0.002151
2026-05-18 14:20: Train Epoch 1116: 40/87 Loss: 0.003080
2026-05-18 14:20: Train Epoch 1116: 60/87 Loss: 0.003194
2026-05-18 14:20: Train Epoch 1116: 80/87 Loss: 0.010682
2026-05-18 14:20: **********Train Epoch 1116: averaged Loss: 0.004158
2026-05-18 14:20: **********Val Epoch 1116: average Loss: 0.025597
2026-05-18 14:20: Train Epoch 1117: 0/87 Loss: 0.028475
2026-05-18 14:20: Train Epoch 1117: 20/87 Loss: 0.008613
2026-05-18 14:20: Train Epoch 1117: 40/87 Loss: 0.002636
2026-05-18 14:20: Train Epoch 1117: 60/87 Loss: 0.008163
2026-05-18 14:20: Train Epoch 1117: 80/87 Loss: 0.026106
2026-05-18 14:20: **********Train Epoch 1117: averaged Loss: 0.007361
2026-05-18 14:20: **********Val Epoch 1117: average Loss: 0.021089
2026-05-18 14:20: Train Epoch 1118: 0/87 Loss: 0.032515
2026-05-18 14:20: Train Epoch 1118: 20/87 Loss: 0.006042
2026-05-18 14:21: Train Epoch 1118: 40/87 Loss: 0.002275
2026-05-18 14:21: Train Epoch 1118: 60/87 Loss: 0.004096
2026-05-18 14:21: Train Epoch 1118: 80/87 Loss: 0.016882
2026-05-18 14:21: **********Train Epoch 1118: averaged Loss: 0.006392
2026-05-18 14:21: **********Val Epoch 1118: average Loss: 0.006420
2026-05-18 14:21: Train Epoch 1119: 0/87 Loss: 0.012278
2026-05-18 14:21: Train Epoch 1119: 20/87 Loss: 0.002821
2026-05-18 14:21: Train Epoch 1119: 40/87 Loss: 0.004133
2026-05-18 14:21: Train Epoch 1119: 60/87 Loss: 0.001416
2026-05-18 14:21: Train Epoch 1119: 80/87 Loss: 0.010860
2026-05-18 14:21: **********Train Epoch 1119: averaged Loss: 0.004257
2026-05-18 14:21: **********Val Epoch 1119: average Loss: 0.025077
2026-05-18 14:21: Train Epoch 1120: 0/87 Loss: 0.002877
2026-05-18 14:21: Train Epoch 1120: 20/87 Loss: 0.005785
2026-05-18 14:21: Train Epoch 1120: 40/87 Loss: 0.002369
2026-05-18 14:21: Train Epoch 1120: 60/87 Loss: 0.009927
2026-05-18 14:21: Train Epoch 1120: 80/87 Loss: 0.020547
2026-05-18 14:21: **********Train Epoch 1120: averaged Loss: 0.006377
2026-05-18 14:21: **********Val Epoch 1120: average Loss: 0.005770
2026-05-18 14:21: Train Epoch 1121: 0/87 Loss: 0.044959
2026-05-18 14:21: Train Epoch 1121: 20/87 Loss: 0.008795
2026-05-18 14:21: Train Epoch 1121: 40/87 Loss: 0.005080
2026-05-18 14:21: Train Epoch 1121: 60/87 Loss: 0.002730
2026-05-18 14:21: Train Epoch 1121: 80/87 Loss: 0.035097
2026-05-18 14:21: **********Train Epoch 1121: averaged Loss: 0.011582
2026-05-18 14:21: **********Val Epoch 1121: average Loss: 0.032377
2026-05-18 14:21: Train Epoch 1122: 0/87 Loss: 0.048606
2026-05-18 14:21: Train Epoch 1122: 20/87 Loss: 0.012619
2026-05-18 14:21: Train Epoch 1122: 40/87 Loss: 0.002694
2026-05-18 14:21: Train Epoch 1122: 60/87 Loss: 0.001169
2026-05-18 14:21: Train Epoch 1122: 80/87 Loss: 0.010426
2026-05-18 14:21: **********Train Epoch 1122: averaged Loss: 0.007878
2026-05-18 14:21: **********Val Epoch 1122: average Loss: 0.009145
2026-05-18 14:21: Train Epoch 1123: 0/87 Loss: 0.023665
2026-05-18 14:21: Train Epoch 1123: 20/87 Loss: 0.006073
2026-05-18 14:21: Train Epoch 1123: 40/87 Loss: 0.002245
2026-05-18 14:21: Train Epoch 1123: 60/87 Loss: 0.001747
2026-05-18 14:21: Train Epoch 1123: 80/87 Loss: 0.011984
2026-05-18 14:21: **********Train Epoch 1123: averaged Loss: 0.005227
2026-05-18 14:21: **********Val Epoch 1123: average Loss: 0.013042
2026-05-18 14:21: Train Epoch 1124: 0/87 Loss: 0.020689
2026-05-18 14:21: Train Epoch 1124: 20/87 Loss: 0.004876
2026-05-18 14:21: Train Epoch 1124: 40/87 Loss: 0.003964
2026-05-18 14:21: Train Epoch 1124: 60/87 Loss: 0.001236
2026-05-18 14:21: Train Epoch 1124: 80/87 Loss: 0.021190
2026-05-18 14:21: **********Train Epoch 1124: averaged Loss: 0.005369
2026-05-18 14:21: **********Val Epoch 1124: average Loss: 0.030986
2026-05-18 14:21: Train Epoch 1125: 0/87 Loss: 0.023527
2026-05-18 14:21: Train Epoch 1125: 20/87 Loss: 0.002311
2026-05-18 14:21: Train Epoch 1125: 40/87 Loss: 0.002101
2026-05-18 14:21: Train Epoch 1125: 60/87 Loss: 0.005542
2026-05-18 14:21: Train Epoch 1125: 80/87 Loss: 0.012396
2026-05-18 14:21: **********Train Epoch 1125: averaged Loss: 0.005484
2026-05-18 14:21: **********Val Epoch 1125: average Loss: 0.013644
2026-05-18 14:21: Train Epoch 1126: 0/87 Loss: 0.027557
2026-05-18 14:21: Train Epoch 1126: 20/87 Loss: 0.007007
2026-05-18 14:21: Train Epoch 1126: 40/87 Loss: 0.002806
2026-05-18 14:21: Train Epoch 1126: 60/87 Loss: 0.002963
2026-05-18 14:21: Train Epoch 1126: 80/87 Loss: 0.026184
2026-05-18 14:21: **********Train Epoch 1126: averaged Loss: 0.007661
2026-05-18 14:21: **********Val Epoch 1126: average Loss: 0.027325
2026-05-18 14:21: Train Epoch 1127: 0/87 Loss: 0.025728
2026-05-18 14:21: Train Epoch 1127: 20/87 Loss: 0.002566
2026-05-18 14:21: Train Epoch 1127: 40/87 Loss: 0.003019
2026-05-18 14:21: Train Epoch 1127: 60/87 Loss: 0.004176
2026-05-18 14:21: Train Epoch 1127: 80/87 Loss: 0.011297
2026-05-18 14:21: **********Train Epoch 1127: averaged Loss: 0.004913
2026-05-18 14:21: **********Val Epoch 1127: average Loss: 0.005421
2026-05-18 14:21: Train Epoch 1128: 0/87 Loss: 0.006392
2026-05-18 14:21: Train Epoch 1128: 20/87 Loss: 0.002271
2026-05-18 14:21: Train Epoch 1128: 40/87 Loss: 0.002850
2026-05-18 14:21: Train Epoch 1128: 60/87 Loss: 0.000970
2026-05-18 14:21: Train Epoch 1128: 80/87 Loss: 0.010232
2026-05-18 14:21: **********Train Epoch 1128: averaged Loss: 0.003402
2026-05-18 14:21: **********Val Epoch 1128: average Loss: 0.015083
2026-05-18 14:21: Train Epoch 1129: 0/87 Loss: 0.009800
2026-05-18 14:21: Train Epoch 1129: 20/87 Loss: 0.007812
2026-05-18 14:21: Train Epoch 1129: 40/87 Loss: 0.002363
2026-05-18 14:21: Train Epoch 1129: 60/87 Loss: 0.008355
2026-05-18 14:21: Train Epoch 1129: 80/87 Loss: 0.014280
2026-05-18 14:21: **********Train Epoch 1129: averaged Loss: 0.005977
2026-05-18 14:21: **********Val Epoch 1129: average Loss: 0.004421
2026-05-18 14:21: Train Epoch 1130: 0/87 Loss: 0.043092
2026-05-18 14:21: Train Epoch 1130: 20/87 Loss: 0.007794
2026-05-18 14:21: Train Epoch 1130: 40/87 Loss: 0.004678
2026-05-18 14:21: Train Epoch 1130: 60/87 Loss: 0.007902
2026-05-18 14:21: Train Epoch 1130: 80/87 Loss: 0.025753
2026-05-18 14:21: **********Train Epoch 1130: averaged Loss: 0.011458
2026-05-18 14:21: **********Val Epoch 1130: average Loss: 0.027651
2026-05-18 14:21: Train Epoch 1131: 0/87 Loss: 0.037301
2026-05-18 14:21: Train Epoch 1131: 20/87 Loss: 0.005882
2026-05-18 14:21: Train Epoch 1131: 40/87 Loss: 0.005317
2026-05-18 14:21: Train Epoch 1131: 60/87 Loss: 0.000993
2026-05-18 14:21: Train Epoch 1131: 80/87 Loss: 0.010812
2026-05-18 14:21: **********Train Epoch 1131: averaged Loss: 0.008079
2026-05-18 14:21: **********Val Epoch 1131: average Loss: 0.006832
2026-05-18 14:21: Train Epoch 1132: 0/87 Loss: 0.013156
2026-05-18 14:21: Train Epoch 1132: 20/87 Loss: 0.002291
2026-05-18 14:21: Train Epoch 1132: 40/87 Loss: 0.003175
2026-05-18 14:21: Train Epoch 1132: 60/87 Loss: 0.010741
2026-05-18 14:21: Train Epoch 1132: 80/87 Loss: 0.028417
2026-05-18 14:21: **********Train Epoch 1132: averaged Loss: 0.007957
2026-05-18 14:21: **********Val Epoch 1132: average Loss: 0.008292
2026-05-18 14:21: Train Epoch 1133: 0/87 Loss: 0.047423
2026-05-18 14:21: Train Epoch 1133: 20/87 Loss: 0.004223
2026-05-18 14:21: Train Epoch 1133: 40/87 Loss: 0.004058
2026-05-18 14:21: Train Epoch 1133: 60/87 Loss: 0.004300
2026-05-18 14:22: Train Epoch 1133: 80/87 Loss: 0.012769
2026-05-18 14:22: **********Train Epoch 1133: averaged Loss: 0.008466
2026-05-18 14:22: **********Val Epoch 1133: average Loss: 0.003622
2026-05-18 14:22: *********************************Current best model saved!
2026-05-18 14:22: Train Epoch 1134: 0/87 Loss: 0.022316
2026-05-18 14:22: Train Epoch 1134: 20/87 Loss: 0.002985
2026-05-18 14:22: Train Epoch 1134: 40/87 Loss: 0.003198
2026-05-18 14:22: Train Epoch 1134: 60/87 Loss: 0.005872
2026-05-18 14:22: Train Epoch 1134: 80/87 Loss: 0.030994
2026-05-18 14:22: **********Train Epoch 1134: averaged Loss: 0.009070
2026-05-18 14:22: **********Val Epoch 1134: average Loss: 0.035368
2026-05-18 14:22: Train Epoch 1135: 0/87 Loss: 0.045246
2026-05-18 14:22: Train Epoch 1135: 20/87 Loss: 0.001895
2026-05-18 14:22: Train Epoch 1135: 40/87 Loss: 0.004877
2026-05-18 14:22: Train Epoch 1135: 60/87 Loss: 0.003343
2026-05-18 14:22: Train Epoch 1135: 80/87 Loss: 0.010318
2026-05-18 14:22: **********Train Epoch 1135: averaged Loss: 0.007273
2026-05-18 14:22: **********Val Epoch 1135: average Loss: 0.007438
2026-05-18 14:22: Train Epoch 1136: 0/87 Loss: 0.007332
2026-05-18 14:22: Train Epoch 1136: 20/87 Loss: 0.001936
2026-05-18 14:22: Train Epoch 1136: 40/87 Loss: 0.002164
2026-05-18 14:22: Train Epoch 1136: 60/87 Loss: 0.002325
2026-05-18 14:22: Train Epoch 1136: 80/87 Loss: 0.013752
2026-05-18 14:22: **********Train Epoch 1136: averaged Loss: 0.003837
2026-05-18 14:22: **********Val Epoch 1136: average Loss: 0.003886
2026-05-18 14:22: Train Epoch 1137: 0/87 Loss: 0.002913
2026-05-18 14:22: Train Epoch 1137: 20/87 Loss: 0.001790
2026-05-18 14:22: Train Epoch 1137: 40/87 Loss: 0.002991
2026-05-18 14:22: Train Epoch 1137: 60/87 Loss: 0.003828
2026-05-18 14:22: Train Epoch 1137: 80/87 Loss: 0.010502
2026-05-18 14:22: **********Train Epoch 1137: averaged Loss: 0.003664
2026-05-18 14:22: **********Val Epoch 1137: average Loss: 0.026839
2026-05-18 14:22: Train Epoch 1138: 0/87 Loss: 0.012917
2026-05-18 14:22: Train Epoch 1138: 20/87 Loss: 0.003567
2026-05-18 14:22: Train Epoch 1138: 40/87 Loss: 0.003166
2026-05-18 14:22: Train Epoch 1138: 60/87 Loss: 0.006313
2026-05-18 14:22: Train Epoch 1138: 80/87 Loss: 0.011264
2026-05-18 14:22: **********Train Epoch 1138: averaged Loss: 0.004500
2026-05-18 14:22: **********Val Epoch 1138: average Loss: 0.020663
2026-05-18 14:22: Train Epoch 1139: 0/87 Loss: 0.028735
2026-05-18 14:22: Train Epoch 1139: 20/87 Loss: 0.007940
2026-05-18 14:22: Train Epoch 1139: 40/87 Loss: 0.003779
2026-05-18 14:22: Train Epoch 1139: 60/87 Loss: 0.002054
2026-05-18 14:22: Train Epoch 1139: 80/87 Loss: 0.035585
2026-05-18 14:22: **********Train Epoch 1139: averaged Loss: 0.009867
2026-05-18 14:22: **********Val Epoch 1139: average Loss: 0.027684
2026-05-18 14:22: Train Epoch 1140: 0/87 Loss: 0.059306
2026-05-18 14:22: Train Epoch 1140: 20/87 Loss: 0.002647
2026-05-18 14:22: Train Epoch 1140: 40/87 Loss: 0.003567
2026-05-18 14:22: Train Epoch 1140: 60/87 Loss: 0.003355
2026-05-18 14:22: Train Epoch 1140: 80/87 Loss: 0.011459
2026-05-18 14:22: **********Train Epoch 1140: averaged Loss: 0.009323
2026-05-18 14:22: **********Val Epoch 1140: average Loss: 0.013174
2026-05-18 14:22: Train Epoch 1141: 0/87 Loss: 0.027610
2026-05-18 14:22: Train Epoch 1141: 20/87 Loss: 0.005486
2026-05-18 14:22: Train Epoch 1141: 40/87 Loss: 0.002379
2026-05-18 14:22: Train Epoch 1141: 60/87 Loss: 0.005713
2026-05-18 14:22: Train Epoch 1141: 80/87 Loss: 0.022712
2026-05-18 14:22: **********Train Epoch 1141: averaged Loss: 0.007655
2026-05-18 14:22: **********Val Epoch 1141: average Loss: 0.007851
2026-05-18 14:22: Train Epoch 1142: 0/87 Loss: 0.026650
2026-05-18 14:22: Train Epoch 1142: 20/87 Loss: 0.007807
2026-05-18 14:22: Train Epoch 1142: 40/87 Loss: 0.004233
2026-05-18 14:22: Train Epoch 1142: 60/87 Loss: 0.003198
2026-05-18 14:22: Train Epoch 1142: 80/87 Loss: 0.015204
2026-05-18 14:22: **********Train Epoch 1142: averaged Loss: 0.007726
2026-05-18 14:22: **********Val Epoch 1142: average Loss: 0.018603
2026-05-18 14:22: Train Epoch 1143: 0/87 Loss: 0.003843
2026-05-18 14:22: Train Epoch 1143: 20/87 Loss: 0.002372
2026-05-18 14:22: Train Epoch 1143: 40/87 Loss: 0.002396
2026-05-18 14:22: Train Epoch 1143: 60/87 Loss: 0.001287
2026-05-18 14:22: Train Epoch 1143: 80/87 Loss: 0.010698
2026-05-18 14:22: **********Train Epoch 1143: averaged Loss: 0.003812
2026-05-18 14:22: **********Val Epoch 1143: average Loss: 0.005051
2026-05-18 14:22: Train Epoch 1144: 0/87 Loss: 0.007298
2026-05-18 14:22: Train Epoch 1144: 20/87 Loss: 0.002685
2026-05-18 14:22: Train Epoch 1144: 40/87 Loss: 0.004610
2026-05-18 14:22: Train Epoch 1144: 60/87 Loss: 0.001211
2026-05-18 14:22: Train Epoch 1144: 80/87 Loss: 0.010453
2026-05-18 14:22: **********Train Epoch 1144: averaged Loss: 0.003915
2026-05-18 14:22: **********Val Epoch 1144: average Loss: 0.006850
2026-05-18 14:22: Train Epoch 1145: 0/87 Loss: 0.023496
2026-05-18 14:22: Train Epoch 1145: 20/87 Loss: 0.004177
2026-05-18 14:22: Train Epoch 1145: 40/87 Loss: 0.002047
2026-05-18 14:22: Train Epoch 1145: 60/87 Loss: 0.001239
2026-05-18 14:22: Train Epoch 1145: 80/87 Loss: 0.011134
2026-05-18 14:22: **********Train Epoch 1145: averaged Loss: 0.005305
2026-05-18 14:22: **********Val Epoch 1145: average Loss: 0.012554
2026-05-18 14:22: Train Epoch 1146: 0/87 Loss: 0.013976
2026-05-18 14:22: Train Epoch 1146: 20/87 Loss: 0.002650
2026-05-18 14:22: Train Epoch 1146: 40/87 Loss: 0.002140
2026-05-18 14:22: Train Epoch 1146: 60/87 Loss: 0.005500
2026-05-18 14:22: Train Epoch 1146: 80/87 Loss: 0.011110
2026-05-18 14:22: **********Train Epoch 1146: averaged Loss: 0.003843
2026-05-18 14:22: **********Val Epoch 1146: average Loss: 0.007987
2026-05-18 14:22: Train Epoch 1147: 0/87 Loss: 0.010884
2026-05-18 14:22: Train Epoch 1147: 20/87 Loss: 0.004669
2026-05-18 14:22: Train Epoch 1147: 40/87 Loss: 0.002117
2026-05-18 14:22: Train Epoch 1147: 60/87 Loss: 0.002002
2026-05-18 14:22: Train Epoch 1147: 80/87 Loss: 0.010925
2026-05-18 14:22: **********Train Epoch 1147: averaged Loss: 0.003698
2026-05-18 14:22: **********Val Epoch 1147: average Loss: 0.010829
2026-05-18 14:22: Train Epoch 1148: 0/87 Loss: 0.017733
2026-05-18 14:22: Train Epoch 1148: 20/87 Loss: 0.001588
2026-05-18 14:22: Train Epoch 1148: 40/87 Loss: 0.002069
2026-05-18 14:22: Train Epoch 1148: 60/87 Loss: 0.004378
2026-05-18 14:22: Train Epoch 1148: 80/87 Loss: 0.010341
2026-05-18 14:22: **********Train Epoch 1148: averaged Loss: 0.005223
2026-05-18 14:22: **********Val Epoch 1148: average Loss: 0.013766
2026-05-18 14:22: Train Epoch 1149: 0/87 Loss: 0.018072
2026-05-18 14:22: Train Epoch 1149: 20/87 Loss: 0.005265
2026-05-18 14:22: Train Epoch 1149: 40/87 Loss: 0.003007
2026-05-18 14:22: Train Epoch 1149: 60/87 Loss: 0.007698
2026-05-18 14:23: Train Epoch 1149: 80/87 Loss: 0.023954
2026-05-18 14:23: **********Train Epoch 1149: averaged Loss: 0.006125
2026-05-18 14:23: **********Val Epoch 1149: average Loss: 0.013790
2026-05-18 14:23: Train Epoch 1150: 0/87 Loss: 0.041522
2026-05-18 14:23: Train Epoch 1150: 20/87 Loss: 0.009620
2026-05-18 14:23: Train Epoch 1150: 40/87 Loss: 0.002709
2026-05-18 14:23: Train Epoch 1150: 60/87 Loss: 0.001292
2026-05-18 14:23: Train Epoch 1150: 80/87 Loss: 0.014896
2026-05-18 14:23: **********Train Epoch 1150: averaged Loss: 0.007381
2026-05-18 14:23: **********Val Epoch 1150: average Loss: 0.007065
2026-05-18 14:23: Train Epoch 1151: 0/87 Loss: 0.009640
2026-05-18 14:23: Train Epoch 1151: 20/87 Loss: 0.002537
2026-05-18 14:23: Train Epoch 1151: 40/87 Loss: 0.002197
2026-05-18 14:23: Train Epoch 1151: 60/87 Loss: 0.002117
2026-05-18 14:23: Train Epoch 1151: 80/87 Loss: 0.014180
2026-05-18 14:23: **********Train Epoch 1151: averaged Loss: 0.004543
2026-05-18 14:23: **********Val Epoch 1151: average Loss: 0.009704
2026-05-18 14:23: Train Epoch 1152: 0/87 Loss: 0.016490
2026-05-18 14:23: Train Epoch 1152: 20/87 Loss: 0.008239
2026-05-18 14:23: Train Epoch 1152: 40/87 Loss: 0.003438
2026-05-18 14:23: Train Epoch 1152: 60/87 Loss: 0.002211
2026-05-18 14:23: Train Epoch 1152: 80/87 Loss: 0.022775
2026-05-18 14:23: **********Train Epoch 1152: averaged Loss: 0.005543
2026-05-18 14:23: **********Val Epoch 1152: average Loss: 0.034431
2026-05-18 14:23: Train Epoch 1153: 0/87 Loss: 0.025912
2026-05-18 14:23: Train Epoch 1153: 20/87 Loss: 0.003908
2026-05-18 14:23: Train Epoch 1153: 40/87 Loss: 0.002916
2026-05-18 14:23: Train Epoch 1153: 60/87 Loss: 0.004970
2026-05-18 14:23: Train Epoch 1153: 80/87 Loss: 0.015899
2026-05-18 14:23: **********Train Epoch 1153: averaged Loss: 0.005836
2026-05-18 14:23: **********Val Epoch 1153: average Loss: 0.006531
2026-05-18 14:23: Train Epoch 1154: 0/87 Loss: 0.026157
2026-05-18 14:23: Train Epoch 1154: 20/87 Loss: 0.005151
2026-05-18 14:23: Train Epoch 1154: 40/87 Loss: 0.002282
2026-05-18 14:23: Train Epoch 1154: 60/87 Loss: 0.005640
2026-05-18 14:23: Train Epoch 1154: 80/87 Loss: 0.025093
2026-05-18 14:23: **********Train Epoch 1154: averaged Loss: 0.006848
2026-05-18 14:23: **********Val Epoch 1154: average Loss: 0.027961
2026-05-18 14:23: Train Epoch 1155: 0/87 Loss: 0.031063
2026-05-18 14:23: Train Epoch 1155: 20/87 Loss: 0.007941
2026-05-18 14:23: Train Epoch 1155: 40/87 Loss: 0.002134
2026-05-18 14:23: Train Epoch 1155: 60/87 Loss: 0.002749
2026-05-18 14:23: Train Epoch 1155: 80/87 Loss: 0.014024
2026-05-18 14:23: **********Train Epoch 1155: averaged Loss: 0.006795
2026-05-18 14:23: **********Val Epoch 1155: average Loss: 0.008544
2026-05-18 14:23: Train Epoch 1156: 0/87 Loss: 0.013610
2026-05-18 14:23: Train Epoch 1156: 20/87 Loss: 0.002210
2026-05-18 14:23: Train Epoch 1156: 40/87 Loss: 0.002670
2026-05-18 14:23: Train Epoch 1156: 60/87 Loss: 0.007476
2026-05-18 14:23: Train Epoch 1156: 80/87 Loss: 0.017514
2026-05-18 14:23: **********Train Epoch 1156: averaged Loss: 0.004754
2026-05-18 14:23: **********Val Epoch 1156: average Loss: 0.014484
2026-05-18 14:23: Train Epoch 1157: 0/87 Loss: 0.030710
2026-05-18 14:23: Train Epoch 1157: 20/87 Loss: 0.010713
2026-05-18 14:23: Train Epoch 1157: 40/87 Loss: 0.005448
2026-05-18 14:23: Train Epoch 1157: 60/87 Loss: 0.011265
2026-05-18 14:23: Train Epoch 1157: 80/87 Loss: 0.020433
2026-05-18 14:23: **********Train Epoch 1157: averaged Loss: 0.008746
2026-05-18 14:23: **********Val Epoch 1157: average Loss: 0.008879
2026-05-18 14:23: Train Epoch 1158: 0/87 Loss: 0.025769
2026-05-18 14:23: Train Epoch 1158: 20/87 Loss: 0.004806
2026-05-18 14:23: Train Epoch 1158: 40/87 Loss: 0.003547
2026-05-18 14:23: Train Epoch 1158: 60/87 Loss: 0.004376
2026-05-18 14:23: Train Epoch 1158: 80/87 Loss: 0.025648
2026-05-18 14:23: **********Train Epoch 1158: averaged Loss: 0.008314
2026-05-18 14:23: **********Val Epoch 1158: average Loss: 0.036384
2026-05-18 14:23: Train Epoch 1159: 0/87 Loss: 0.039501
2026-05-18 14:23: Train Epoch 1159: 20/87 Loss: 0.003580
2026-05-18 14:23: Train Epoch 1159: 40/87 Loss: 0.002223
2026-05-18 14:23: Train Epoch 1159: 60/87 Loss: 0.002786
2026-05-18 14:23: Train Epoch 1159: 80/87 Loss: 0.012042
2026-05-18 14:23: **********Train Epoch 1159: averaged Loss: 0.006428
2026-05-18 14:23: **********Val Epoch 1159: average Loss: 0.010237
2026-05-18 14:23: Train Epoch 1160: 0/87 Loss: 0.002676
2026-05-18 14:23: Train Epoch 1160: 20/87 Loss: 0.005796
2026-05-18 14:23: Train Epoch 1160: 40/87 Loss: 0.002295
2026-05-18 14:23: Train Epoch 1160: 60/87 Loss: 0.001408
2026-05-18 14:23: Train Epoch 1160: 80/87 Loss: 0.010606
2026-05-18 14:23: **********Train Epoch 1160: averaged Loss: 0.003917
2026-05-18 14:23: **********Val Epoch 1160: average Loss: 0.027037
2026-05-18 14:23: Train Epoch 1161: 0/87 Loss: 0.015437
2026-05-18 14:23: Train Epoch 1161: 20/87 Loss: 0.002015
2026-05-18 14:23: Train Epoch 1161: 40/87 Loss: 0.003434
2026-05-18 14:23: Train Epoch 1161: 60/87 Loss: 0.004419
2026-05-18 14:23: Train Epoch 1161: 80/87 Loss: 0.026888
2026-05-18 14:23: **********Train Epoch 1161: averaged Loss: 0.007010
2026-05-18 14:23: **********Val Epoch 1161: average Loss: 0.010992
2026-05-18 14:23: Train Epoch 1162: 0/87 Loss: 0.040260
2026-05-18 14:23: Train Epoch 1162: 20/87 Loss: 0.002677
2026-05-18 14:23: Train Epoch 1162: 40/87 Loss: 0.002675
2026-05-18 14:23: Train Epoch 1162: 60/87 Loss: 0.004369
2026-05-18 14:23: Train Epoch 1162: 80/87 Loss: 0.012416
2026-05-18 14:23: **********Train Epoch 1162: averaged Loss: 0.008278
2026-05-18 14:23: **********Val Epoch 1162: average Loss: 0.027712
2026-05-18 14:23: Train Epoch 1163: 0/87 Loss: 0.012231
2026-05-18 14:23: Train Epoch 1163: 20/87 Loss: 0.002995
2026-05-18 14:23: Train Epoch 1163: 40/87 Loss: 0.002694
2026-05-18 14:23: Train Epoch 1163: 60/87 Loss: 0.001052
2026-05-18 14:23: Train Epoch 1163: 80/87 Loss: 0.010063
2026-05-18 14:23: **********Train Epoch 1163: averaged Loss: 0.003811
2026-05-18 14:23: **********Val Epoch 1163: average Loss: 0.014354
2026-05-18 14:23: Train Epoch 1164: 0/87 Loss: 0.022764
2026-05-18 14:23: Train Epoch 1164: 20/87 Loss: 0.001464
2026-05-18 14:23: Train Epoch 1164: 40/87 Loss: 0.002290
2026-05-18 14:23: Train Epoch 1164: 60/87 Loss: 0.001877
2026-05-18 14:23: Train Epoch 1164: 80/87 Loss: 0.010608
2026-05-18 14:23: **********Train Epoch 1164: averaged Loss: 0.004298
2026-05-18 14:23: **********Val Epoch 1164: average Loss: 0.017103
2026-05-18 14:23: Train Epoch 1165: 0/87 Loss: 0.010615
2026-05-18 14:23: Train Epoch 1165: 20/87 Loss: 0.002381
2026-05-18 14:23: Train Epoch 1165: 40/87 Loss: 0.003507
2026-05-18 14:23: Train Epoch 1165: 60/87 Loss: 0.001114
2026-05-18 14:23: Train Epoch 1165: 80/87 Loss: 0.011392
2026-05-18 14:23: **********Train Epoch 1165: averaged Loss: 0.004149
2026-05-18 14:23: **********Val Epoch 1165: average Loss: 0.015665
2026-05-18 14:23: Train Epoch 1166: 0/87 Loss: 0.025778
2026-05-18 14:23: Train Epoch 1166: 20/87 Loss: 0.009014
2026-05-18 14:24: Train Epoch 1166: 40/87 Loss: 0.006436
2026-05-18 14:24: Train Epoch 1166: 60/87 Loss: 0.005243
2026-05-18 14:24: Train Epoch 1166: 80/87 Loss: 0.011808
2026-05-18 14:24: **********Train Epoch 1166: averaged Loss: 0.008396
2026-05-18 14:24: **********Val Epoch 1166: average Loss: 0.008731
2026-05-18 14:24: Train Epoch 1167: 0/87 Loss: 0.025788
2026-05-18 14:24: Train Epoch 1167: 20/87 Loss: 0.004780
2026-05-18 14:24: Train Epoch 1167: 40/87 Loss: 0.003085
2026-05-18 14:24: Train Epoch 1167: 60/87 Loss: 0.003843
2026-05-18 14:24: Train Epoch 1167: 80/87 Loss: 0.039319
2026-05-18 14:24: **********Train Epoch 1167: averaged Loss: 0.010529
2026-05-18 14:24: **********Val Epoch 1167: average Loss: 0.023452
2026-05-18 14:24: Train Epoch 1168: 0/87 Loss: 0.062017
2026-05-18 14:24: Train Epoch 1168: 20/87 Loss: 0.005828
2026-05-18 14:24: Train Epoch 1168: 40/87 Loss: 0.003589
2026-05-18 14:24: Train Epoch 1168: 60/87 Loss: 0.004481
2026-05-18 14:24: Train Epoch 1168: 80/87 Loss: 0.012788
2026-05-18 14:24: **********Train Epoch 1168: averaged Loss: 0.008945
2026-05-18 14:24: **********Val Epoch 1168: average Loss: 0.007209
2026-05-18 14:24: Train Epoch 1169: 0/87 Loss: 0.029023
2026-05-18 14:24: Train Epoch 1169: 20/87 Loss: 0.008465
2026-05-18 14:24: Train Epoch 1169: 40/87 Loss: 0.002096
2026-05-18 14:24: Train Epoch 1169: 60/87 Loss: 0.001240
2026-05-18 14:24: Train Epoch 1169: 80/87 Loss: 0.014688
2026-05-18 14:24: **********Train Epoch 1169: averaged Loss: 0.006682
2026-05-18 14:24: **********Val Epoch 1169: average Loss: 0.005312
2026-05-18 14:24: Train Epoch 1170: 0/87 Loss: 0.010056
2026-05-18 14:24: Train Epoch 1170: 20/87 Loss: 0.001558
2026-05-18 14:24: Train Epoch 1170: 40/87 Loss: 0.002208
2026-05-18 14:24: Train Epoch 1170: 60/87 Loss: 0.001821
2026-05-18 14:24: Train Epoch 1170: 80/87 Loss: 0.010352
2026-05-18 14:24: **********Train Epoch 1170: averaged Loss: 0.003464
2026-05-18 14:24: **********Val Epoch 1170: average Loss: 0.024046
2026-05-18 14:24: Train Epoch 1171: 0/87 Loss: 0.007107
2026-05-18 14:24: Train Epoch 1171: 20/87 Loss: 0.002004
2026-05-18 14:24: Train Epoch 1171: 40/87 Loss: 0.002413
2026-05-18 14:24: Train Epoch 1171: 60/87 Loss: 0.009789
2026-05-18 14:24: Train Epoch 1171: 80/87 Loss: 0.019552
2026-05-18 14:24: **********Train Epoch 1171: averaged Loss: 0.005819
2026-05-18 14:24: **********Val Epoch 1171: average Loss: 0.015923
2026-05-18 14:24: Train Epoch 1172: 0/87 Loss: 0.033384
2026-05-18 14:24: Train Epoch 1172: 20/87 Loss: 0.006455
2026-05-18 14:24: Train Epoch 1172: 40/87 Loss: 0.002543
2026-05-18 14:24: Train Epoch 1172: 60/87 Loss: 0.001216
2026-05-18 14:24: Train Epoch 1172: 80/87 Loss: 0.019808
2026-05-18 14:24: **********Train Epoch 1172: averaged Loss: 0.007528
2026-05-18 14:24: **********Val Epoch 1172: average Loss: 0.040224
2026-05-18 14:24: Train Epoch 1173: 0/87 Loss: 0.015772
2026-05-18 14:24: Train Epoch 1173: 20/87 Loss: 0.001509
2026-05-18 14:24: Train Epoch 1173: 40/87 Loss: 0.002430
2026-05-18 14:24: Train Epoch 1173: 60/87 Loss: 0.001033
2026-05-18 14:24: Train Epoch 1173: 80/87 Loss: 0.010420
2026-05-18 14:24: **********Train Epoch 1173: averaged Loss: 0.004206
2026-05-18 14:24: **********Val Epoch 1173: average Loss: 0.017829
2026-05-18 14:24: Train Epoch 1174: 0/87 Loss: 0.004472
2026-05-18 14:24: Train Epoch 1174: 20/87 Loss: 0.004590
2026-05-18 14:24: Train Epoch 1174: 40/87 Loss: 0.003989
2026-05-18 14:24: Train Epoch 1174: 60/87 Loss: 0.002247
2026-05-18 14:24: Train Epoch 1174: 80/87 Loss: 0.010233
2026-05-18 14:24: **********Train Epoch 1174: averaged Loss: 0.003648
2026-05-18 14:24: **********Val Epoch 1174: average Loss: 0.012799
2026-05-18 14:24: Train Epoch 1175: 0/87 Loss: 0.008549
2026-05-18 14:24: Train Epoch 1175: 20/87 Loss: 0.005185
2026-05-18 14:24: Train Epoch 1175: 40/87 Loss: 0.003626
2026-05-18 14:24: Train Epoch 1175: 60/87 Loss: 0.006092
2026-05-18 14:24: Train Epoch 1175: 80/87 Loss: 0.029994
2026-05-18 14:24: **********Train Epoch 1175: averaged Loss: 0.006081
2026-05-18 14:24: **********Val Epoch 1175: average Loss: 0.029422
2026-05-18 14:24: Train Epoch 1176: 0/87 Loss: 0.057111
2026-05-18 14:24: Train Epoch 1176: 20/87 Loss: 0.005460
2026-05-18 14:24: Train Epoch 1176: 40/87 Loss: 0.004761
2026-05-18 14:24: Train Epoch 1176: 60/87 Loss: 0.003528
2026-05-18 14:24: Train Epoch 1176: 80/87 Loss: 0.011463
2026-05-18 14:24: **********Train Epoch 1176: averaged Loss: 0.008855
2026-05-18 14:24: **********Val Epoch 1176: average Loss: 0.008668
2026-05-18 14:24: Train Epoch 1177: 0/87 Loss: 0.010198
2026-05-18 14:24: Train Epoch 1177: 20/87 Loss: 0.002125
2026-05-18 14:24: Train Epoch 1177: 40/87 Loss: 0.002024
2026-05-18 14:24: Train Epoch 1177: 60/87 Loss: 0.004102
2026-05-18 14:24: Train Epoch 1177: 80/87 Loss: 0.011672
2026-05-18 14:24: **********Train Epoch 1177: averaged Loss: 0.004343
2026-05-18 14:24: **********Val Epoch 1177: average Loss: 0.007952
2026-05-18 14:24: Train Epoch 1178: 0/87 Loss: 0.003645
2026-05-18 14:24: Train Epoch 1178: 20/87 Loss: 0.001647
2026-05-18 14:24: Train Epoch 1178: 40/87 Loss: 0.002123
2026-05-18 14:24: Train Epoch 1178: 60/87 Loss: 0.004285
2026-05-18 14:24: Train Epoch 1178: 80/87 Loss: 0.010280
2026-05-18 14:24: **********Train Epoch 1178: averaged Loss: 0.003316
2026-05-18 14:24: **********Val Epoch 1178: average Loss: 0.017819
2026-05-18 14:24: Train Epoch 1179: 0/87 Loss: 0.011679
2026-05-18 14:24: Train Epoch 1179: 20/87 Loss: 0.004885
2026-05-18 14:24: Train Epoch 1179: 40/87 Loss: 0.002412
2026-05-18 14:24: Train Epoch 1179: 60/87 Loss: 0.007491
2026-05-18 14:24: Train Epoch 1179: 80/87 Loss: 0.015513
2026-05-18 14:24: **********Train Epoch 1179: averaged Loss: 0.005318
2026-05-18 14:24: **********Val Epoch 1179: average Loss: 0.009230
2026-05-18 14:24: Train Epoch 1180: 0/87 Loss: 0.042021
2026-05-18 14:24: Train Epoch 1180: 20/87 Loss: 0.005060
2026-05-18 14:24: Train Epoch 1180: 40/87 Loss: 0.003851
2026-05-18 14:24: Train Epoch 1180: 60/87 Loss: 0.006118
2026-05-18 14:24: Train Epoch 1180: 80/87 Loss: 0.023584
2026-05-18 14:24: **********Train Epoch 1180: averaged Loss: 0.010795
2026-05-18 14:24: **********Val Epoch 1180: average Loss: 0.034916
2026-05-18 14:24: Train Epoch 1181: 0/87 Loss: 0.040117
2026-05-18 14:25: Train Epoch 1181: 20/87 Loss: 0.001934
2026-05-18 14:25: Train Epoch 1181: 40/87 Loss: 0.003614
2026-05-18 14:25: Train Epoch 1181: 60/87 Loss: 0.003683
2026-05-18 14:25: Train Epoch 1181: 80/87 Loss: 0.009617
2026-05-18 14:25: **********Train Epoch 1181: averaged Loss: 0.008475
2026-05-18 14:25: **********Val Epoch 1181: average Loss: 0.019575
2026-05-18 14:25: Train Epoch 1182: 0/87 Loss: 0.006435
2026-05-18 14:25: Train Epoch 1182: 20/87 Loss: 0.001789
2026-05-18 14:25: Train Epoch 1182: 40/87 Loss: 0.003369
2026-05-18 14:25: Train Epoch 1182: 60/87 Loss: 0.002213
2026-05-18 14:25: Train Epoch 1182: 80/87 Loss: 0.024318
2026-05-18 14:25: **********Train Epoch 1182: averaged Loss: 0.006204
2026-05-18 14:25: **********Val Epoch 1182: average Loss: 0.009287
2026-05-18 14:25: Train Epoch 1183: 0/87 Loss: 0.035171
2026-05-18 14:25: Train Epoch 1183: 20/87 Loss: 0.011108
2026-05-18 14:25: Train Epoch 1183: 40/87 Loss: 0.003595
2026-05-18 14:25: Train Epoch 1183: 60/87 Loss: 0.000962
2026-05-18 14:25: Train Epoch 1183: 80/87 Loss: 0.010787
2026-05-18 14:25: **********Train Epoch 1183: averaged Loss: 0.006769
2026-05-18 14:25: **********Val Epoch 1183: average Loss: 0.032046
2026-05-18 14:25: Train Epoch 1184: 0/87 Loss: 0.003193
2026-05-18 14:25: Train Epoch 1184: 20/87 Loss: 0.003811
2026-05-18 14:25: Train Epoch 1184: 40/87 Loss: 0.002548
2026-05-18 14:25: Train Epoch 1184: 60/87 Loss: 0.001231
2026-05-18 14:25: Train Epoch 1184: 80/87 Loss: 0.009897
2026-05-18 14:25: **********Train Epoch 1184: averaged Loss: 0.003553
2026-05-18 14:25: **********Val Epoch 1184: average Loss: 0.020817
2026-05-18 14:25: Train Epoch 1185: 0/87 Loss: 0.006772
2026-05-18 14:25: Train Epoch 1185: 20/87 Loss: 0.002970
2026-05-18 14:25: Train Epoch 1185: 40/87 Loss: 0.002419
2026-05-18 14:25: Train Epoch 1185: 60/87 Loss: 0.001760
2026-05-18 14:25: Train Epoch 1185: 80/87 Loss: 0.009871
2026-05-18 14:25: **********Train Epoch 1185: averaged Loss: 0.003378
2026-05-18 14:25: **********Val Epoch 1185: average Loss: 0.011972
2026-05-18 14:25: Train Epoch 1186: 0/87 Loss: 0.009951
2026-05-18 14:25: Train Epoch 1186: 20/87 Loss: 0.003720
2026-05-18 14:25: Train Epoch 1186: 40/87 Loss: 0.002981
2026-05-18 14:25: Train Epoch 1186: 60/87 Loss: 0.000964
2026-05-18 14:25: Train Epoch 1186: 80/87 Loss: 0.009598
2026-05-18 14:25: **********Train Epoch 1186: averaged Loss: 0.004234
2026-05-18 14:25: **********Val Epoch 1186: average Loss: 0.011009
2026-05-18 14:25: Train Epoch 1187: 0/87 Loss: 0.035136
2026-05-18 14:25: Train Epoch 1187: 20/87 Loss: 0.004535
2026-05-18 14:25: Train Epoch 1187: 40/87 Loss: 0.002456
2026-05-18 14:25: Train Epoch 1187: 60/87 Loss: 0.002483
2026-05-18 14:25: Train Epoch 1187: 80/87 Loss: 0.009393
2026-05-18 14:25: **********Train Epoch 1187: averaged Loss: 0.005771
2026-05-18 14:25: **********Val Epoch 1187: average Loss: 0.012216
2026-05-18 14:25: Train Epoch 1188: 0/87 Loss: 0.015555
2026-05-18 14:25: Train Epoch 1188: 20/87 Loss: 0.003157
2026-05-18 14:25: Train Epoch 1188: 40/87 Loss: 0.002302
2026-05-18 14:25: Train Epoch 1188: 60/87 Loss: 0.001015
2026-05-18 14:25: Train Epoch 1188: 80/87 Loss: 0.009629
2026-05-18 14:25: **********Train Epoch 1188: averaged Loss: 0.003665
2026-05-18 14:25: **********Val Epoch 1188: average Loss: 0.015526
2026-05-18 14:25: Train Epoch 1189: 0/87 Loss: 0.008476
2026-05-18 14:25: Train Epoch 1189: 20/87 Loss: 0.003669
2026-05-18 14:25: Train Epoch 1189: 40/87 Loss: 0.002033
2026-05-18 14:25: Train Epoch 1189: 60/87 Loss: 0.001014
2026-05-18 14:25: Train Epoch 1189: 80/87 Loss: 0.009415
2026-05-18 14:25: **********Train Epoch 1189: averaged Loss: 0.003236
2026-05-18 14:25: **********Val Epoch 1189: average Loss: 0.011966
2026-05-18 14:25: Train Epoch 1190: 0/87 Loss: 0.011554
2026-05-18 14:25: Train Epoch 1190: 20/87 Loss: 0.001840
2026-05-18 14:25: Train Epoch 1190: 40/87 Loss: 0.002045
2026-05-18 14:25: Train Epoch 1190: 60/87 Loss: 0.003782
2026-05-18 14:25: Train Epoch 1190: 80/87 Loss: 0.009322
2026-05-18 14:25: **********Train Epoch 1190: averaged Loss: 0.003600
2026-05-18 14:25: **********Val Epoch 1190: average Loss: 0.012926
2026-05-18 14:25: Train Epoch 1191: 0/87 Loss: 0.007986
2026-05-18 14:25: Train Epoch 1191: 20/87 Loss: 0.002898
2026-05-18 14:25: Train Epoch 1191: 40/87 Loss: 0.002034
2026-05-18 14:25: Train Epoch 1191: 60/87 Loss: 0.001598
2026-05-18 14:25: Train Epoch 1191: 80/87 Loss: 0.008963
2026-05-18 14:25: **********Train Epoch 1191: averaged Loss: 0.003265
2026-05-18 14:25: **********Val Epoch 1191: average Loss: 0.010559
2026-05-18 14:25: Train Epoch 1192: 0/87 Loss: 0.010975
2026-05-18 14:25: Train Epoch 1192: 20/87 Loss: 0.005511
2026-05-18 14:25: Train Epoch 1192: 40/87 Loss: 0.002226
2026-05-18 14:25: Train Epoch 1192: 60/87 Loss: 0.002443
2026-05-18 14:25: Train Epoch 1192: 80/87 Loss: 0.009456
2026-05-18 14:25: **********Train Epoch 1192: averaged Loss: 0.003914
2026-05-18 14:25: **********Val Epoch 1192: average Loss: 0.010896
2026-05-18 14:25: Train Epoch 1193: 0/87 Loss: 0.013794
2026-05-18 14:25: Train Epoch 1193: 20/87 Loss: 0.005308
2026-05-18 14:25: Train Epoch 1193: 40/87 Loss: 0.002971
2026-05-18 14:25: Train Epoch 1193: 60/87 Loss: 0.006619
2026-05-18 14:25: Train Epoch 1193: 80/87 Loss: 0.021925
2026-05-18 14:25: **********Train Epoch 1193: averaged Loss: 0.005760
2026-05-18 14:25: **********Val Epoch 1193: average Loss: 0.007832
2026-05-18 14:25: Train Epoch 1194: 0/87 Loss: 0.041887
2026-05-18 14:25: Train Epoch 1194: 20/87 Loss: 0.007160
2026-05-18 14:25: Train Epoch 1194: 40/87 Loss: 0.002203
2026-05-18 14:25: Train Epoch 1194: 60/87 Loss: 0.003680
2026-05-18 14:25: Train Epoch 1194: 80/87 Loss: 0.013208
2026-05-18 14:25: **********Train Epoch 1194: averaged Loss: 0.008161
2026-05-18 14:25: **********Val Epoch 1194: average Loss: 0.005015
2026-05-18 14:25: Train Epoch 1195: 0/87 Loss: 0.012803
2026-05-18 14:25: Train Epoch 1195: 20/87 Loss: 0.003048
2026-05-18 14:25: Train Epoch 1195: 40/87 Loss: 0.005935
2026-05-18 14:25: Train Epoch 1195: 60/87 Loss: 0.005043
2026-05-18 14:26: Train Epoch 1195: 80/87 Loss: 0.014655
2026-05-18 14:26: **********Train Epoch 1195: averaged Loss: 0.007946
2026-05-18 14:26: **********Val Epoch 1195: average Loss: 0.007521
2026-05-18 14:26: Train Epoch 1196: 0/87 Loss: 0.037163
2026-05-18 14:26: Train Epoch 1196: 20/87 Loss: 0.003642
2026-05-18 14:26: Train Epoch 1196: 40/87 Loss: 0.002497
2026-05-18 14:26: Train Epoch 1196: 60/87 Loss: 0.005026
2026-05-18 14:26: Train Epoch 1196: 80/87 Loss: 0.019407
2026-05-18 14:26: **********Train Epoch 1196: averaged Loss: 0.009022
2026-05-18 14:26: **********Val Epoch 1196: average Loss: 0.004741
2026-05-18 14:26: Train Epoch 1197: 0/87 Loss: 0.002964
2026-05-18 14:26: Train Epoch 1197: 20/87 Loss: 0.003905
2026-05-18 14:26: Train Epoch 1197: 40/87 Loss: 0.002882
2026-05-18 14:26: Train Epoch 1197: 60/87 Loss: 0.007253
2026-05-18 14:26: Train Epoch 1197: 80/87 Loss: 0.014053
2026-05-18 14:26: **********Train Epoch 1197: averaged Loss: 0.006331
2026-05-18 14:26: **********Val Epoch 1197: average Loss: 0.028427
2026-05-18 14:26: Train Epoch 1198: 0/87 Loss: 0.047009
2026-05-18 14:26: Train Epoch 1198: 20/87 Loss: 0.007426
2026-05-18 14:26: Train Epoch 1198: 40/87 Loss: 0.003128
2026-05-18 14:26: Train Epoch 1198: 60/87 Loss: 0.006856
2026-05-18 14:26: Train Epoch 1198: 80/87 Loss: 0.021922
2026-05-18 14:26: **********Train Epoch 1198: averaged Loss: 0.011549
2026-05-18 14:26: **********Val Epoch 1198: average Loss: 0.017613
2026-05-18 14:26: Train Epoch 1199: 0/87 Loss: 0.029900
2026-05-18 14:26: Train Epoch 1199: 20/87 Loss: 0.002332
2026-05-18 14:26: Train Epoch 1199: 40/87 Loss: 0.002431
2026-05-18 14:26: Train Epoch 1199: 60/87 Loss: 0.001460
2026-05-18 14:26: Train Epoch 1199: 80/87 Loss: 0.012748
2026-05-18 14:26: **********Train Epoch 1199: averaged Loss: 0.005777
2026-05-18 14:26: **********Val Epoch 1199: average Loss: 0.006823
2026-05-18 14:26: Train Epoch 1200: 0/87 Loss: 0.034416
2026-05-18 14:26: Train Epoch 1200: 20/87 Loss: 0.002609
2026-05-18 14:26: Train Epoch 1200: 40/87 Loss: 0.006420
2026-05-18 14:26: Train Epoch 1200: 60/87 Loss: 0.003919
2026-05-18 14:26: Train Epoch 1200: 80/87 Loss: 0.010620
2026-05-18 14:26: **********Train Epoch 1200: averaged Loss: 0.008577
2026-05-18 14:26: **********Val Epoch 1200: average Loss: 0.005379
2026-05-18 14:26: Train Epoch 1201: 0/87 Loss: 0.014356
2026-05-18 14:26: Train Epoch 1201: 20/87 Loss: 0.004586
2026-05-18 14:26: Train Epoch 1201: 40/87 Loss: 0.003835
2026-05-18 14:26: Train Epoch 1201: 60/87 Loss: 0.002687
2026-05-18 14:26: Train Epoch 1201: 80/87 Loss: 0.033107
2026-05-18 14:26: **********Train Epoch 1201: averaged Loss: 0.008225
2026-05-18 14:26: **********Val Epoch 1201: average Loss: 0.027325
2026-05-18 14:26: Train Epoch 1202: 0/87 Loss: 0.052081
2026-05-18 14:26: Train Epoch 1202: 20/87 Loss: 0.006751
2026-05-18 14:26: Train Epoch 1202: 40/87 Loss: 0.003473
2026-05-18 14:26: Train Epoch 1202: 60/87 Loss: 0.002103
2026-05-18 14:26: Train Epoch 1202: 80/87 Loss: 0.010150
2026-05-18 14:26: **********Train Epoch 1202: averaged Loss: 0.008029
2026-05-18 14:26: **********Val Epoch 1202: average Loss: 0.005715
2026-05-18 14:26: Train Epoch 1203: 0/87 Loss: 0.031179
2026-05-18 14:26: Train Epoch 1203: 20/87 Loss: 0.005803
2026-05-18 14:26: Train Epoch 1203: 40/87 Loss: 0.006039
2026-05-18 14:26: Train Epoch 1203: 60/87 Loss: 0.002943
2026-05-18 14:26: Train Epoch 1203: 80/87 Loss: 0.009460
2026-05-18 14:26: **********Train Epoch 1203: averaged Loss: 0.007368
2026-05-18 14:26: **********Val Epoch 1203: average Loss: 0.009458
2026-05-18 14:26: Train Epoch 1204: 0/87 Loss: 0.002627
2026-05-18 14:26: Train Epoch 1204: 20/87 Loss: 0.001455
2026-05-18 14:26: Train Epoch 1204: 40/87 Loss: 0.002126
2026-05-18 14:26: Train Epoch 1204: 60/87 Loss: 0.001292
2026-05-18 14:26: Train Epoch 1204: 80/87 Loss: 0.013645
2026-05-18 14:26: **********Train Epoch 1204: averaged Loss: 0.003705
2026-05-18 14:26: **********Val Epoch 1204: average Loss: 0.005543
2026-05-18 14:26: Train Epoch 1205: 0/87 Loss: 0.004516
2026-05-18 14:26: Train Epoch 1205: 20/87 Loss: 0.001639
2026-05-18 14:26: Train Epoch 1205: 40/87 Loss: 0.002095
2026-05-18 14:26: Train Epoch 1205: 60/87 Loss: 0.001554
2026-05-18 14:26: Train Epoch 1205: 80/87 Loss: 0.010494
2026-05-18 14:26: **********Train Epoch 1205: averaged Loss: 0.003005
2026-05-18 14:26: **********Val Epoch 1205: average Loss: 0.013677
2026-05-18 14:26: Train Epoch 1206: 0/87 Loss: 0.008809
2026-05-18 14:26: Train Epoch 1206: 20/87 Loss: 0.003075
2026-05-18 14:26: Train Epoch 1206: 40/87 Loss: 0.002345
2026-05-18 14:26: Train Epoch 1206: 60/87 Loss: 0.003273
2026-05-18 14:26: Train Epoch 1206: 80/87 Loss: 0.010008
2026-05-18 14:26: **********Train Epoch 1206: averaged Loss: 0.003494
2026-05-18 14:26: **********Val Epoch 1206: average Loss: 0.009500
2026-05-18 14:26: Train Epoch 1207: 0/87 Loss: 0.003493
2026-05-18 14:26: Train Epoch 1207: 20/87 Loss: 0.001620
2026-05-18 14:26: Train Epoch 1207: 40/87 Loss: 0.002180
2026-05-18 14:26: Train Epoch 1207: 60/87 Loss: 0.002066
2026-05-18 14:26: Train Epoch 1207: 80/87 Loss: 0.011514
2026-05-18 14:26: **********Train Epoch 1207: averaged Loss: 0.003945
2026-05-18 14:26: **********Val Epoch 1207: average Loss: 0.008970
2026-05-18 14:26: Train Epoch 1208: 0/87 Loss: 0.016455
2026-05-18 14:26: Train Epoch 1208: 20/87 Loss: 0.006708
2026-05-18 14:26: Train Epoch 1208: 40/87 Loss: 0.003712
2026-05-18 14:26: Train Epoch 1208: 60/87 Loss: 0.001664
2026-05-18 14:26: Train Epoch 1208: 80/87 Loss: 0.035019
2026-05-18 14:26: **********Train Epoch 1208: averaged Loss: 0.007608
2026-05-18 14:26: **********Val Epoch 1208: average Loss: 0.032157
2026-05-18 14:26: Train Epoch 1209: 0/87 Loss: 0.050169
2026-05-18 14:26: Train Epoch 1209: 20/87 Loss: 0.001561
2026-05-18 14:26: Train Epoch 1209: 40/87 Loss: 0.002300
2026-05-18 14:26: Train Epoch 1209: 60/87 Loss: 0.003358
2026-05-18 14:26: Train Epoch 1209: 80/87 Loss: 0.010694
2026-05-18 14:26: **********Train Epoch 1209: averaged Loss: 0.008440
2026-05-18 14:26: **********Val Epoch 1209: average Loss: 0.005937
2026-05-18 14:26: Train Epoch 1210: 0/87 Loss: 0.018095
2026-05-18 14:26: Train Epoch 1210: 20/87 Loss: 0.001738
2026-05-18 14:26: Train Epoch 1210: 40/87 Loss: 0.002174
2026-05-18 14:26: Train Epoch 1210: 60/87 Loss: 0.004512
2026-05-18 14:27: Train Epoch 1210: 80/87 Loss: 0.012018
2026-05-18 14:27: **********Train Epoch 1210: averaged Loss: 0.004370
2026-05-18 14:27: **********Val Epoch 1210: average Loss: 0.005126
2026-05-18 14:27: Train Epoch 1211: 0/87 Loss: 0.016089
2026-05-18 14:27: Train Epoch 1211: 20/87 Loss: 0.008029
2026-05-18 14:27: Train Epoch 1211: 40/87 Loss: 0.004251
2026-05-18 14:27: Train Epoch 1211: 60/87 Loss: 0.009008
2026-05-18 14:27: Train Epoch 1211: 80/87 Loss: 0.024704
2026-05-18 14:27: **********Train Epoch 1211: averaged Loss: 0.007565
2026-05-18 14:27: **********Val Epoch 1211: average Loss: 0.011217
2026-05-18 14:27: Train Epoch 1212: 0/87 Loss: 0.059306
2026-05-18 14:27: Train Epoch 1212: 20/87 Loss: 0.011337
2026-05-18 14:27: Train Epoch 1212: 40/87 Loss: 0.002981
2026-05-18 14:27: Train Epoch 1212: 60/87 Loss: 0.004030
2026-05-18 14:27: Train Epoch 1212: 80/87 Loss: 0.019265
2026-05-18 14:27: **********Train Epoch 1212: averaged Loss: 0.012410
2026-05-18 14:27: **********Val Epoch 1212: average Loss: 0.030544
2026-05-18 14:27: Train Epoch 1213: 0/87 Loss: 0.017131
2026-05-18 14:27: Train Epoch 1213: 20/87 Loss: 0.002019
2026-05-18 14:27: Train Epoch 1213: 40/87 Loss: 0.002817
2026-05-18 14:27: Train Epoch 1213: 60/87 Loss: 0.001852
2026-05-18 14:27: Train Epoch 1213: 80/87 Loss: 0.012703
2026-05-18 14:27: **********Train Epoch 1213: averaged Loss: 0.004425
2026-05-18 14:27: **********Val Epoch 1213: average Loss: 0.007616
2026-05-18 14:27: Train Epoch 1214: 0/87 Loss: 0.008517
2026-05-18 14:27: Train Epoch 1214: 20/87 Loss: 0.003717
2026-05-18 14:27: Train Epoch 1214: 40/87 Loss: 0.002286
2026-05-18 14:27: Train Epoch 1214: 60/87 Loss: 0.001535
2026-05-18 14:27: Train Epoch 1214: 80/87 Loss: 0.009868
2026-05-18 14:27: **********Train Epoch 1214: averaged Loss: 0.003393
2026-05-18 14:27: **********Val Epoch 1214: average Loss: 0.018349
2026-05-18 14:27: Train Epoch 1215: 0/87 Loss: 0.003163
2026-05-18 14:27: Train Epoch 1215: 20/87 Loss: 0.002540
2026-05-18 14:27: Train Epoch 1215: 40/87 Loss: 0.002130
2026-05-18 14:27: Train Epoch 1215: 60/87 Loss: 0.005444
2026-05-18 14:27: Train Epoch 1215: 80/87 Loss: 0.017519
2026-05-18 14:27: **********Train Epoch 1215: averaged Loss: 0.004614
2026-05-18 14:27: **********Val Epoch 1215: average Loss: 0.007963
2026-05-18 14:27: Train Epoch 1216: 0/87 Loss: 0.025898
2026-05-18 14:27: Train Epoch 1216: 20/87 Loss: 0.006623
2026-05-18 14:27: Train Epoch 1216: 40/87 Loss: 0.002948
2026-05-18 14:27: Train Epoch 1216: 60/87 Loss: 0.002132
2026-05-18 14:27: Train Epoch 1216: 80/87 Loss: 0.029986
2026-05-18 14:27: **********Train Epoch 1216: averaged Loss: 0.006638
2026-05-18 14:27: **********Val Epoch 1216: average Loss: 0.047377
2026-05-18 14:27: Train Epoch 1217: 0/87 Loss: 0.028419
2026-05-18 14:27: Train Epoch 1217: 20/87 Loss: 0.001938
2026-05-18 14:27: Train Epoch 1217: 40/87 Loss: 0.003740
2026-05-18 14:27: Train Epoch 1217: 60/87 Loss: 0.002797
2026-05-18 14:27: Train Epoch 1217: 80/87 Loss: 0.010163
2026-05-18 14:27: **********Train Epoch 1217: averaged Loss: 0.004953
2026-05-18 14:27: **********Val Epoch 1217: average Loss: 0.013115
2026-05-18 14:27: Train Epoch 1218: 0/87 Loss: 0.004278
2026-05-18 14:27: Train Epoch 1218: 20/87 Loss: 0.003932
2026-05-18 14:27: Train Epoch 1218: 40/87 Loss: 0.002078
2026-05-18 14:27: Train Epoch 1218: 60/87 Loss: 0.001430
2026-05-18 14:27: Train Epoch 1218: 80/87 Loss: 0.010667
2026-05-18 14:27: **********Train Epoch 1218: averaged Loss: 0.003490
2026-05-18 14:27: **********Val Epoch 1218: average Loss: 0.014887
2026-05-18 14:27: Train Epoch 1219: 0/87 Loss: 0.017774
2026-05-18 14:27: Train Epoch 1219: 20/87 Loss: 0.005506
2026-05-18 14:27: Train Epoch 1219: 40/87 Loss: 0.002103
2026-05-18 14:27: Train Epoch 1219: 60/87 Loss: 0.001236
2026-05-18 14:27: Train Epoch 1219: 80/87 Loss: 0.014073
2026-05-18 14:27: **********Train Epoch 1219: averaged Loss: 0.004674
2026-05-18 14:27: **********Val Epoch 1219: average Loss: 0.024029
2026-05-18 14:27: Train Epoch 1220: 0/87 Loss: 0.015902
2026-05-18 14:27: Train Epoch 1220: 20/87 Loss: 0.001599
2026-05-18 14:27: Train Epoch 1220: 40/87 Loss: 0.002717
2026-05-18 14:27: Train Epoch 1220: 60/87 Loss: 0.004795
2026-05-18 14:27: Train Epoch 1220: 80/87 Loss: 0.018802
2026-05-18 14:27: **********Train Epoch 1220: averaged Loss: 0.005874
2026-05-18 14:27: **********Val Epoch 1220: average Loss: 0.012520
2026-05-18 14:27: Train Epoch 1221: 0/87 Loss: 0.018902
2026-05-18 14:27: Train Epoch 1221: 20/87 Loss: 0.003479
2026-05-18 14:27: Train Epoch 1221: 40/87 Loss: 0.003103
2026-05-18 14:27: Train Epoch 1221: 60/87 Loss: 0.003004
2026-05-18 14:27: Train Epoch 1221: 80/87 Loss: 0.014084
2026-05-18 14:27: **********Train Epoch 1221: averaged Loss: 0.005268
2026-05-18 14:27: **********Val Epoch 1221: average Loss: 0.036398
2026-05-18 14:27: Train Epoch 1222: 0/87 Loss: 0.012730
2026-05-18 14:27: Train Epoch 1222: 20/87 Loss: 0.005690
2026-05-18 14:27: Train Epoch 1222: 40/87 Loss: 0.002722
2026-05-18 14:27: Train Epoch 1222: 60/87 Loss: 0.001024
2026-05-18 14:27: Train Epoch 1222: 80/87 Loss: 0.013431
2026-05-18 14:27: **********Train Epoch 1222: averaged Loss: 0.004199
2026-05-18 14:27: **********Val Epoch 1222: average Loss: 0.017800
2026-05-18 14:27: Train Epoch 1223: 0/87 Loss: 0.012576
2026-05-18 14:27: Train Epoch 1223: 20/87 Loss: 0.002289
2026-05-18 14:27: Train Epoch 1223: 40/87 Loss: 0.002226
2026-05-18 14:27: Train Epoch 1223: 60/87 Loss: 0.001840
2026-05-18 14:27: Train Epoch 1223: 80/87 Loss: 0.010644
2026-05-18 14:27: **********Train Epoch 1223: averaged Loss: 0.004134
2026-05-18 14:27: **********Val Epoch 1223: average Loss: 0.005452
2026-05-18 14:27: Train Epoch 1224: 0/87 Loss: 0.017962
2026-05-18 14:27: Train Epoch 1224: 20/87 Loss: 0.001500
2026-05-18 14:27: Train Epoch 1224: 40/87 Loss: 0.002161
2026-05-18 14:27: Train Epoch 1224: 60/87 Loss: 0.001294
2026-05-18 14:27: Train Epoch 1224: 80/87 Loss: 0.009861
2026-05-18 14:27: **********Train Epoch 1224: averaged Loss: 0.004183
2026-05-18 14:27: **********Val Epoch 1224: average Loss: 0.010952
2026-05-18 14:27: Train Epoch 1225: 0/87 Loss: 0.032888
2026-05-18 14:27: Train Epoch 1225: 20/87 Loss: 0.002530
2026-05-18 14:27: Train Epoch 1225: 40/87 Loss: 0.006246
2026-05-18 14:27: Train Epoch 1225: 60/87 Loss: 0.002122
2026-05-18 14:27: Train Epoch 1225: 80/87 Loss: 0.012499
2026-05-18 14:27: **********Train Epoch 1225: averaged Loss: 0.008718
2026-05-18 14:27: **********Val Epoch 1225: average Loss: 0.025430
2026-05-18 14:27: Train Epoch 1226: 0/87 Loss: 0.020974
2026-05-18 14:27: Train Epoch 1226: 20/87 Loss: 0.008526
2026-05-18 14:27: Train Epoch 1226: 40/87 Loss: 0.003298
2026-05-18 14:27: Train Epoch 1226: 60/87 Loss: 0.006011
2026-05-18 14:28: Train Epoch 1226: 80/87 Loss: 0.017956
2026-05-18 14:28: **********Train Epoch 1226: averaged Loss: 0.005724
2026-05-18 14:28: **********Val Epoch 1226: average Loss: 0.011169
2026-05-18 14:28: Train Epoch 1227: 0/87 Loss: 0.026166
2026-05-18 14:28: Train Epoch 1227: 20/87 Loss: 0.002117
2026-05-18 14:28: Train Epoch 1227: 40/87 Loss: 0.002906
2026-05-18 14:28: Train Epoch 1227: 60/87 Loss: 0.005337
2026-05-18 14:28: Train Epoch 1227: 80/87 Loss: 0.016272
2026-05-18 14:28: **********Train Epoch 1227: averaged Loss: 0.006045
2026-05-18 14:28: **********Val Epoch 1227: average Loss: 0.007333
2026-05-18 14:28: Train Epoch 1228: 0/87 Loss: 0.002834
2026-05-18 14:28: Train Epoch 1228: 20/87 Loss: 0.005143
2026-05-18 14:28: Train Epoch 1228: 40/87 Loss: 0.002351
2026-05-18 14:28: Train Epoch 1228: 60/87 Loss: 0.001522
2026-05-18 14:28: Train Epoch 1228: 80/87 Loss: 0.011248
2026-05-18 14:28: **********Train Epoch 1228: averaged Loss: 0.004150
2026-05-18 14:28: **********Val Epoch 1228: average Loss: 0.021485
2026-05-18 14:28: Train Epoch 1229: 0/87 Loss: 0.004118
2026-05-18 14:28: Train Epoch 1229: 20/87 Loss: 0.001656
2026-05-18 14:28: Train Epoch 1229: 40/87 Loss: 0.002091
2026-05-18 14:28: Train Epoch 1229: 60/87 Loss: 0.001174
2026-05-18 14:28: Train Epoch 1229: 80/87 Loss: 0.010865
2026-05-18 14:28: **********Train Epoch 1229: averaged Loss: 0.003100
2026-05-18 14:28: **********Val Epoch 1229: average Loss: 0.010450
2026-05-18 14:28: Train Epoch 1230: 0/87 Loss: 0.011785
2026-05-18 14:28: Train Epoch 1230: 20/87 Loss: 0.001998
2026-05-18 14:28: Train Epoch 1230: 40/87 Loss: 0.002672
2026-05-18 14:28: Train Epoch 1230: 60/87 Loss: 0.001869
2026-05-18 14:28: Train Epoch 1230: 80/87 Loss: 0.010985
2026-05-18 14:28: **********Train Epoch 1230: averaged Loss: 0.003864
2026-05-18 14:28: **********Val Epoch 1230: average Loss: 0.011150
2026-05-18 14:28: Train Epoch 1231: 0/87 Loss: 0.008455
2026-05-18 14:28: Train Epoch 1231: 20/87 Loss: 0.003425
2026-05-18 14:28: Train Epoch 1231: 40/87 Loss: 0.002562
2026-05-18 14:28: Train Epoch 1231: 60/87 Loss: 0.002576
2026-05-18 14:28: Train Epoch 1231: 80/87 Loss: 0.009781
2026-05-18 14:28: **********Train Epoch 1231: averaged Loss: 0.004000
2026-05-18 14:28: **********Val Epoch 1231: average Loss: 0.006335
2026-05-18 14:28: Train Epoch 1232: 0/87 Loss: 0.030918
2026-05-18 14:28: Train Epoch 1232: 20/87 Loss: 0.006383
2026-05-18 14:28: Train Epoch 1232: 40/87 Loss: 0.003926
2026-05-18 14:28: Train Epoch 1232: 60/87 Loss: 0.002743
2026-05-18 14:28: Train Epoch 1232: 80/87 Loss: 0.014578
2026-05-18 14:28: **********Train Epoch 1232: averaged Loss: 0.006703
2026-05-18 14:28: **********Val Epoch 1232: average Loss: 0.011942
2026-05-18 14:28: Train Epoch 1233: 0/87 Loss: 0.018455
2026-05-18 14:28: Train Epoch 1233: 20/87 Loss: 0.005237
2026-05-18 14:28: Train Epoch 1233: 40/87 Loss: 0.002829
2026-05-18 14:28: Train Epoch 1233: 60/87 Loss: 0.006406
2026-05-18 14:28: Train Epoch 1233: 80/87 Loss: 0.026876
2026-05-18 14:28: **********Train Epoch 1233: averaged Loss: 0.006343
2026-05-18 14:28: **********Val Epoch 1233: average Loss: 0.009827
2026-05-18 14:28: Train Epoch 1234: 0/87 Loss: 0.036727
2026-05-18 14:28: Train Epoch 1234: 20/87 Loss: 0.006140
2026-05-18 14:28: Train Epoch 1234: 40/87 Loss: 0.001955
2026-05-18 14:28: Train Epoch 1234: 60/87 Loss: 0.006457
2026-05-18 14:28: Train Epoch 1234: 80/87 Loss: 0.019191
2026-05-18 14:28: **********Train Epoch 1234: averaged Loss: 0.008496
2026-05-18 14:28: **********Val Epoch 1234: average Loss: 0.004903
2026-05-18 14:28: Train Epoch 1235: 0/87 Loss: 0.005988
2026-05-18 14:28: Train Epoch 1235: 20/87 Loss: 0.001867
2026-05-18 14:28: Train Epoch 1235: 40/87 Loss: 0.002693
2026-05-18 14:28: Train Epoch 1235: 60/87 Loss: 0.007516
2026-05-18 14:28: Train Epoch 1235: 80/87 Loss: 0.013347
2026-05-18 14:28: **********Train Epoch 1235: averaged Loss: 0.005352
2026-05-18 14:28: **********Val Epoch 1235: average Loss: 0.013231
2026-05-18 14:28: Train Epoch 1236: 0/87 Loss: 0.030339
2026-05-18 14:28: Train Epoch 1236: 20/87 Loss: 0.002412
2026-05-18 14:28: Train Epoch 1236: 40/87 Loss: 0.011362
2026-05-18 14:28: Train Epoch 1236: 60/87 Loss: 0.005029
2026-05-18 14:28: Train Epoch 1236: 80/87 Loss: 0.036915
2026-05-18 14:28: **********Train Epoch 1236: averaged Loss: 0.013331
2026-05-18 14:28: **********Val Epoch 1236: average Loss: 0.028552
2026-05-18 14:28: Train Epoch 1237: 0/87 Loss: 0.056898
2026-05-18 14:28: Train Epoch 1237: 20/87 Loss: 0.009137
2026-05-18 14:28: Train Epoch 1237: 40/87 Loss: 0.002355
2026-05-18 14:28: Train Epoch 1237: 60/87 Loss: 0.005578
2026-05-18 14:28: Train Epoch 1237: 80/87 Loss: 0.013404
2026-05-18 14:28: **********Train Epoch 1237: averaged Loss: 0.009677
2026-05-18 14:28: **********Val Epoch 1237: average Loss: 0.005133
2026-05-18 14:28: Train Epoch 1238: 0/87 Loss: 0.016172
2026-05-18 14:28: Train Epoch 1238: 20/87 Loss: 0.002005
2026-05-18 14:28: Train Epoch 1238: 40/87 Loss: 0.002174
2026-05-18 14:28: Train Epoch 1238: 60/87 Loss: 0.001325
2026-05-18 14:28: Train Epoch 1238: 80/87 Loss: 0.009746
2026-05-18 14:28: **********Train Epoch 1238: averaged Loss: 0.003699
2026-05-18 14:28: **********Val Epoch 1238: average Loss: 0.011193
2026-05-18 14:28: Train Epoch 1239: 0/87 Loss: 0.009544
2026-05-18 14:28: Train Epoch 1239: 20/87 Loss: 0.001720
2026-05-18 14:28: Train Epoch 1239: 40/87 Loss: 0.002457
2026-05-18 14:28: Train Epoch 1239: 60/87 Loss: 0.004719
2026-05-18 14:28: Train Epoch 1239: 80/87 Loss: 0.010326
2026-05-18 14:28: **********Train Epoch 1239: averaged Loss: 0.004115
2026-05-18 14:28: **********Val Epoch 1239: average Loss: 0.004623
2026-05-18 14:28: Train Epoch 1240: 0/87 Loss: 0.011159
2026-05-18 14:28: Train Epoch 1240: 20/87 Loss: 0.004553
2026-05-18 14:28: Train Epoch 1240: 40/87 Loss: 0.002096
2026-05-18 14:28: Train Epoch 1240: 60/87 Loss: 0.002251
2026-05-18 14:28: Train Epoch 1240: 80/87 Loss: 0.014134
2026-05-18 14:28: **********Train Epoch 1240: averaged Loss: 0.004290
2026-05-18 14:28: **********Val Epoch 1240: average Loss: 0.021508
2026-05-18 14:28: Train Epoch 1241: 0/87 Loss: 0.026901
2026-05-18 14:28: Train Epoch 1241: 20/87 Loss: 0.006432
2026-05-18 14:28: Train Epoch 1241: 40/87 Loss: 0.003031
2026-05-18 14:28: Train Epoch 1241: 60/87 Loss: 0.008115
2026-05-18 14:28: Train Epoch 1241: 80/87 Loss: 0.013627
2026-05-18 14:28: **********Train Epoch 1241: averaged Loss: 0.007497
2026-05-18 14:28: **********Val Epoch 1241: average Loss: 0.005250
2026-05-18 14:28: Train Epoch 1242: 0/87 Loss: 0.040071
2026-05-18 14:28: Train Epoch 1242: 20/87 Loss: 0.007932
2026-05-18 14:29: Train Epoch 1242: 40/87 Loss: 0.003216
2026-05-18 14:29: Train Epoch 1242: 60/87 Loss: 0.004108
2026-05-18 14:29: Train Epoch 1242: 80/87 Loss: 0.028440
2026-05-18 14:29: **********Train Epoch 1242: averaged Loss: 0.009753
2026-05-18 14:29: **********Val Epoch 1242: average Loss: 0.022839
2026-05-18 14:29: Train Epoch 1243: 0/87 Loss: 0.045696
2026-05-18 14:29: Train Epoch 1243: 20/87 Loss: 0.001801
2026-05-18 14:29: Train Epoch 1243: 40/87 Loss: 0.006023
2026-05-18 14:29: Train Epoch 1243: 60/87 Loss: 0.004976
2026-05-18 14:29: Train Epoch 1243: 80/87 Loss: 0.009861
2026-05-18 14:29: **********Train Epoch 1243: averaged Loss: 0.008221
2026-05-18 14:29: **********Val Epoch 1243: average Loss: 0.003936
2026-05-18 14:29: Train Epoch 1244: 0/87 Loss: 0.015435
2026-05-18 14:29: Train Epoch 1244: 20/87 Loss: 0.002207
2026-05-18 14:29: Train Epoch 1244: 40/87 Loss: 0.002538
2026-05-18 14:29: Train Epoch 1244: 60/87 Loss: 0.007569
2026-05-18 14:29: Train Epoch 1244: 80/87 Loss: 0.025708
2026-05-18 14:29: **********Train Epoch 1244: averaged Loss: 0.006789
2026-05-18 14:29: **********Val Epoch 1244: average Loss: 0.005613
2026-05-18 14:29: Train Epoch 1245: 0/87 Loss: 0.034103
2026-05-18 14:29: Train Epoch 1245: 20/87 Loss: 0.004668
2026-05-18 14:29: Train Epoch 1245: 40/87 Loss: 0.002232
2026-05-18 14:29: Train Epoch 1245: 60/87 Loss: 0.001137
2026-05-18 14:29: Train Epoch 1245: 80/87 Loss: 0.009963
2026-05-18 14:29: **********Train Epoch 1245: averaged Loss: 0.006074
2026-05-18 14:29: **********Val Epoch 1245: average Loss: 0.017006
2026-05-18 14:29: Train Epoch 1246: 0/87 Loss: 0.026673
2026-05-18 14:29: Train Epoch 1246: 20/87 Loss: 0.003930
2026-05-18 14:29: Train Epoch 1246: 40/87 Loss: 0.005496
2026-05-18 14:29: Train Epoch 1246: 60/87 Loss: 0.004822
2026-05-18 14:29: Train Epoch 1246: 80/87 Loss: 0.026311
2026-05-18 14:29: **********Train Epoch 1246: averaged Loss: 0.009947
2026-05-18 14:29: **********Val Epoch 1246: average Loss: 0.025814
2026-05-18 14:29: Train Epoch 1247: 0/87 Loss: 0.048570
2026-05-18 14:29: Train Epoch 1247: 20/87 Loss: 0.005340
2026-05-18 14:29: Train Epoch 1247: 40/87 Loss: 0.003123
2026-05-18 14:29: Train Epoch 1247: 60/87 Loss: 0.001183
2026-05-18 14:29: Train Epoch 1247: 80/87 Loss: 0.010752
2026-05-18 14:29: **********Train Epoch 1247: averaged Loss: 0.007203
2026-05-18 14:29: **********Val Epoch 1247: average Loss: 0.012242
2026-05-18 14:29: Train Epoch 1248: 0/87 Loss: 0.020246
2026-05-18 14:29: Train Epoch 1248: 20/87 Loss: 0.001473
2026-05-18 14:29: Train Epoch 1248: 40/87 Loss: 0.002142
2026-05-18 14:29: Train Epoch 1248: 60/87 Loss: 0.002206
2026-05-18 14:29: Train Epoch 1248: 80/87 Loss: 0.009629
2026-05-18 14:29: **********Train Epoch 1248: averaged Loss: 0.003906
2026-05-18 14:29: **********Val Epoch 1248: average Loss: 0.009768
2026-05-18 14:29: Train Epoch 1249: 0/87 Loss: 0.004134
2026-05-18 14:29: Train Epoch 1249: 20/87 Loss: 0.001482
2026-05-18 14:29: Train Epoch 1249: 40/87 Loss: 0.002036
2026-05-18 14:29: Train Epoch 1249: 60/87 Loss: 0.000984
2026-05-18 14:29: Train Epoch 1249: 80/87 Loss: 0.009675
2026-05-18 14:29: **********Train Epoch 1249: averaged Loss: 0.002957
2026-05-18 14:29: **********Val Epoch 1249: average Loss: 0.014276
2026-05-18 14:29: Train Epoch 1250: 0/87 Loss: 0.008920
2026-05-18 14:29: Train Epoch 1250: 20/87 Loss: 0.002187
2026-05-18 14:29: Train Epoch 1250: 40/87 Loss: 0.002370
2026-05-18 14:29: Train Epoch 1250: 60/87 Loss: 0.001459
2026-05-18 14:29: Train Epoch 1250: 80/87 Loss: 0.010368
2026-05-18 14:29: **********Train Epoch 1250: averaged Loss: 0.003804
2026-05-18 14:29: **********Val Epoch 1250: average Loss: 0.010108
2026-05-18 14:29: Train Epoch 1251: 0/87 Loss: 0.019720
2026-05-18 14:29: Train Epoch 1251: 20/87 Loss: 0.004448
2026-05-18 14:29: Train Epoch 1251: 40/87 Loss: 0.005508
2026-05-18 14:29: Train Epoch 1251: 60/87 Loss: 0.003291
2026-05-18 14:29: Train Epoch 1251: 80/87 Loss: 0.033800
2026-05-18 14:29: **********Train Epoch 1251: averaged Loss: 0.008003
2026-05-18 14:29: **********Val Epoch 1251: average Loss: 0.011913
2026-05-18 14:29: Train Epoch 1252: 0/87 Loss: 0.037872
2026-05-18 14:29: Train Epoch 1252: 20/87 Loss: 0.005045
2026-05-18 14:29: Train Epoch 1252: 40/87 Loss: 0.005509
2026-05-18 14:29: Train Epoch 1252: 60/87 Loss: 0.001699
2026-05-18 14:29: Train Epoch 1252: 80/87 Loss: 0.010490
2026-05-18 14:29: **********Train Epoch 1252: averaged Loss: 0.008935
2026-05-18 14:29: **********Val Epoch 1252: average Loss: 0.009993
2026-05-18 14:29: Train Epoch 1253: 0/87 Loss: 0.010063
2026-05-18 14:29: Train Epoch 1253: 20/87 Loss: 0.002272
2026-05-18 14:29: Train Epoch 1253: 40/87 Loss: 0.002650
2026-05-18 14:29: Train Epoch 1253: 60/87 Loss: 0.005667
2026-05-18 14:29: Train Epoch 1253: 80/87 Loss: 0.017213
2026-05-18 14:29: **********Train Epoch 1253: averaged Loss: 0.005456
2026-05-18 14:29: **********Val Epoch 1253: average Loss: 0.009226
2026-05-18 14:29: Train Epoch 1254: 0/87 Loss: 0.020405
2026-05-18 14:29: Train Epoch 1254: 20/87 Loss: 0.005278
2026-05-18 14:29: Train Epoch 1254: 40/87 Loss: 0.003480
2026-05-18 14:29: Train Epoch 1254: 60/87 Loss: 0.003591
2026-05-18 14:29: Train Epoch 1254: 80/87 Loss: 0.038947
2026-05-18 14:29: **********Train Epoch 1254: averaged Loss: 0.007669
2026-05-18 14:29: **********Val Epoch 1254: average Loss: 0.027558
2026-05-18 14:29: Train Epoch 1255: 0/87 Loss: 0.042190
2026-05-18 14:29: Train Epoch 1255: 20/87 Loss: 0.006428
2026-05-18 14:29: Train Epoch 1255: 40/87 Loss: 0.003001
2026-05-18 14:29: Train Epoch 1255: 60/87 Loss: 0.002370
2026-05-18 14:29: Train Epoch 1255: 80/87 Loss: 0.014030
2026-05-18 14:29: **********Train Epoch 1255: averaged Loss: 0.006368
2026-05-18 14:29: **********Val Epoch 1255: average Loss: 0.005996
2026-05-18 14:29: Train Epoch 1256: 0/87 Loss: 0.023317
2026-05-18 14:29: Train Epoch 1256: 20/87 Loss: 0.004931
2026-05-18 14:29: Train Epoch 1256: 40/87 Loss: 0.002962
2026-05-18 14:29: Train Epoch 1256: 60/87 Loss: 0.002139
2026-05-18 14:29: Train Epoch 1256: 80/87 Loss: 0.016022
2026-05-18 14:29: **********Train Epoch 1256: averaged Loss: 0.005813
2026-05-18 14:29: **********Val Epoch 1256: average Loss: 0.004532
2026-05-18 14:29: Train Epoch 1257: 0/87 Loss: 0.020018
2026-05-18 14:30: Train Epoch 1257: 20/87 Loss: 0.004942
2026-05-18 14:30: Train Epoch 1257: 40/87 Loss: 0.002900
2026-05-18 14:30: Train Epoch 1257: 60/87 Loss: 0.004112
2026-05-18 14:30: Train Epoch 1257: 80/87 Loss: 0.023601
2026-05-18 14:30: **********Train Epoch 1257: averaged Loss: 0.006291
2026-05-18 14:30: **********Val Epoch 1257: average Loss: 0.013326
2026-05-18 14:30: Train Epoch 1258: 0/87 Loss: 0.024464
2026-05-18 14:30: Train Epoch 1258: 20/87 Loss: 0.004825
2026-05-18 14:30: Train Epoch 1258: 40/87 Loss: 0.002403
2026-05-18 14:30: Train Epoch 1258: 60/87 Loss: 0.004979
2026-05-18 14:30: Train Epoch 1258: 80/87 Loss: 0.018513
2026-05-18 14:30: **********Train Epoch 1258: averaged Loss: 0.007224
2026-05-18 14:30: **********Val Epoch 1258: average Loss: 0.008437
2026-05-18 14:30: Train Epoch 1259: 0/87 Loss: 0.011037
2026-05-18 14:30: Train Epoch 1259: 20/87 Loss: 0.004221
2026-05-18 14:30: Train Epoch 1259: 40/87 Loss: 0.004709
2026-05-18 14:30: Train Epoch 1259: 60/87 Loss: 0.008505
2026-05-18 14:30: Train Epoch 1259: 80/87 Loss: 0.018055
2026-05-18 14:30: **********Train Epoch 1259: averaged Loss: 0.005428
2026-05-18 14:30: **********Val Epoch 1259: average Loss: 0.012680
2026-05-18 14:30: Train Epoch 1260: 0/87 Loss: 0.040893
2026-05-18 14:30: Train Epoch 1260: 20/87 Loss: 0.001935
2026-05-18 14:30: Train Epoch 1260: 40/87 Loss: 0.006366
2026-05-18 14:30: Train Epoch 1260: 60/87 Loss: 0.002799
2026-05-18 14:30: Train Epoch 1260: 80/87 Loss: 0.034325
2026-05-18 14:30: **********Train Epoch 1260: averaged Loss: 0.012063
2026-05-18 14:30: **********Val Epoch 1260: average Loss: 0.030428
2026-05-18 14:30: Train Epoch 1261: 0/87 Loss: 0.052922
2026-05-18 14:30: Train Epoch 1261: 20/87 Loss: 0.007248
2026-05-18 14:30: Train Epoch 1261: 40/87 Loss: 0.002829
2026-05-18 14:30: Train Epoch 1261: 60/87 Loss: 0.001040
2026-05-18 14:30: Train Epoch 1261: 80/87 Loss: 0.009965
2026-05-18 14:30: **********Train Epoch 1261: averaged Loss: 0.008037
2026-05-18 14:30: **********Val Epoch 1261: average Loss: 0.013805
2026-05-18 14:30: Train Epoch 1262: 0/87 Loss: 0.025399
2026-05-18 14:30: Train Epoch 1262: 20/87 Loss: 0.001953
2026-05-18 14:30: Train Epoch 1262: 40/87 Loss: 0.004949
2026-05-18 14:30: Train Epoch 1262: 60/87 Loss: 0.001719
2026-05-18 14:30: Train Epoch 1262: 80/87 Loss: 0.019296
2026-05-18 14:30: **********Train Epoch 1262: averaged Loss: 0.009299
2026-05-18 14:30: **********Val Epoch 1262: average Loss: 0.006349
2026-05-18 14:30: Train Epoch 1263: 0/87 Loss: 0.022070
2026-05-18 14:30: Train Epoch 1263: 20/87 Loss: 0.005636
2026-05-18 14:30: Train Epoch 1263: 40/87 Loss: 0.005432
2026-05-18 14:30: Train Epoch 1263: 60/87 Loss: 0.004540
2026-05-18 14:30: Train Epoch 1263: 80/87 Loss: 0.017595
2026-05-18 14:30: **********Train Epoch 1263: averaged Loss: 0.005419
2026-05-18 14:30: **********Val Epoch 1263: average Loss: 0.030170
2026-05-18 14:30: Train Epoch 1264: 0/87 Loss: 0.004214
2026-05-18 14:30: Train Epoch 1264: 20/87 Loss: 0.006471
2026-05-18 14:30: Train Epoch 1264: 40/87 Loss: 0.002992
2026-05-18 14:30: Train Epoch 1264: 60/87 Loss: 0.001728
2026-05-18 14:30: Train Epoch 1264: 80/87 Loss: 0.010037
2026-05-18 14:30: **********Train Epoch 1264: averaged Loss: 0.004027
2026-05-18 14:30: **********Val Epoch 1264: average Loss: 0.009223
2026-05-18 14:30: Train Epoch 1265: 0/87 Loss: 0.009691
2026-05-18 14:30: Train Epoch 1265: 20/87 Loss: 0.001492
2026-05-18 14:30: Train Epoch 1265: 40/87 Loss: 0.002244
2026-05-18 14:30: Train Epoch 1265: 60/87 Loss: 0.001216
2026-05-18 14:30: Train Epoch 1265: 80/87 Loss: 0.010125
2026-05-18 14:30: **********Train Epoch 1265: averaged Loss: 0.003530
2026-05-18 14:30: **********Val Epoch 1265: average Loss: 0.014726
2026-05-18 14:30: Train Epoch 1266: 0/87 Loss: 0.008751
2026-05-18 14:30: Train Epoch 1266: 20/87 Loss: 0.001661
2026-05-18 14:30: Train Epoch 1266: 40/87 Loss: 0.002087
2026-05-18 14:30: Train Epoch 1266: 60/87 Loss: 0.001769
2026-05-18 14:30: Train Epoch 1266: 80/87 Loss: 0.009838
2026-05-18 14:30: **********Train Epoch 1266: averaged Loss: 0.003399
2026-05-18 14:30: **********Val Epoch 1266: average Loss: 0.015247
2026-05-18 14:30: Train Epoch 1267: 0/87 Loss: 0.005323
2026-05-18 14:30: Train Epoch 1267: 20/87 Loss: 0.002966
2026-05-18 14:30: Train Epoch 1267: 40/87 Loss: 0.002144
2026-05-18 14:30: Train Epoch 1267: 60/87 Loss: 0.002455
2026-05-18 14:30: Train Epoch 1267: 80/87 Loss: 0.011931
2026-05-18 14:30: **********Train Epoch 1267: averaged Loss: 0.003598
2026-05-18 14:30: **********Val Epoch 1267: average Loss: 0.009035
2026-05-18 14:30: Train Epoch 1268: 0/87 Loss: 0.011998
2026-05-18 14:30: Train Epoch 1268: 20/87 Loss: 0.004347
2026-05-18 14:30: Train Epoch 1268: 40/87 Loss: 0.002608
2026-05-18 14:30: Train Epoch 1268: 60/87 Loss: 0.001874
2026-05-18 14:30: Train Epoch 1268: 80/87 Loss: 0.038555
2026-05-18 14:30: **********Train Epoch 1268: averaged Loss: 0.007587
2026-05-18 14:30: **********Val Epoch 1268: average Loss: 0.025264
2026-05-18 14:30: Train Epoch 1269: 0/87 Loss: 0.048076
2026-05-18 14:30: Train Epoch 1269: 20/87 Loss: 0.007299
2026-05-18 14:30: Train Epoch 1269: 40/87 Loss: 0.002169
2026-05-18 14:30: Train Epoch 1269: 60/87 Loss: 0.003553
2026-05-18 14:30: Train Epoch 1269: 80/87 Loss: 0.010679
2026-05-18 14:30: **********Train Epoch 1269: averaged Loss: 0.008224
2026-05-18 14:30: **********Val Epoch 1269: average Loss: 0.006723
2026-05-18 14:30: Train Epoch 1270: 0/87 Loss: 0.020041
2026-05-18 14:30: Train Epoch 1270: 20/87 Loss: 0.007985
2026-05-18 14:30: Train Epoch 1270: 40/87 Loss: 0.002372
2026-05-18 14:30: Train Epoch 1270: 60/87 Loss: 0.006001
2026-05-18 14:30: Train Epoch 1270: 80/87 Loss: 0.024227
2026-05-18 14:30: **********Train Epoch 1270: averaged Loss: 0.007736
2026-05-18 14:30: **********Val Epoch 1270: average Loss: 0.005078
2026-05-18 14:30: Train Epoch 1271: 0/87 Loss: 0.041566
2026-05-18 14:30: Train Epoch 1271: 20/87 Loss: 0.012467
2026-05-18 14:30: Train Epoch 1271: 40/87 Loss: 0.002430
2026-05-18 14:30: Train Epoch 1271: 60/87 Loss: 0.008692
2026-05-18 14:30: Train Epoch 1271: 80/87 Loss: 0.019131
2026-05-18 14:30: **********Train Epoch 1271: averaged Loss: 0.008924
2026-05-18 14:30: **********Val Epoch 1271: average Loss: 0.011824
2026-05-18 14:30: Train Epoch 1272: 0/87 Loss: 0.005759
2026-05-18 14:30: Train Epoch 1272: 20/87 Loss: 0.003319
2026-05-18 14:30: Train Epoch 1272: 40/87 Loss: 0.003041
2026-05-18 14:31: Train Epoch 1272: 60/87 Loss: 0.001297
2026-05-18 14:31: Train Epoch 1272: 80/87 Loss: 0.013567
2026-05-18 14:31: **********Train Epoch 1272: averaged Loss: 0.004745
2026-05-18 14:31: **********Val Epoch 1272: average Loss: 0.004165
2026-05-18 14:31: Train Epoch 1273: 0/87 Loss: 0.006429
2026-05-18 14:31: Train Epoch 1273: 20/87 Loss: 0.002386
2026-05-18 14:31: Train Epoch 1273: 40/87 Loss: 0.002790
2026-05-18 14:31: Train Epoch 1273: 60/87 Loss: 0.002002
2026-05-18 14:31: Train Epoch 1273: 80/87 Loss: 0.009953
2026-05-18 14:31: **********Train Epoch 1273: averaged Loss: 0.003690
2026-05-18 14:31: **********Val Epoch 1273: average Loss: 0.010271
2026-05-18 14:31: Train Epoch 1274: 0/87 Loss: 0.005021
2026-05-18 14:31: Train Epoch 1274: 20/87 Loss: 0.001793
2026-05-18 14:31: Train Epoch 1274: 40/87 Loss: 0.002750
2026-05-18 14:31: Train Epoch 1274: 60/87 Loss: 0.000986
2026-05-18 14:31: Train Epoch 1274: 80/87 Loss: 0.012630
2026-05-18 14:31: **********Train Epoch 1274: averaged Loss: 0.003920
2026-05-18 14:31: **********Val Epoch 1274: average Loss: 0.005082
2026-05-18 14:31: Train Epoch 1275: 0/87 Loss: 0.022030
2026-05-18 14:31: Train Epoch 1275: 20/87 Loss: 0.004138
2026-05-18 14:31: Train Epoch 1275: 40/87 Loss: 0.002860
2026-05-18 14:31: Train Epoch 1275: 60/87 Loss: 0.002510
2026-05-18 14:31: Train Epoch 1275: 80/87 Loss: 0.030933
2026-05-18 14:31: **********Train Epoch 1275: averaged Loss: 0.006277
2026-05-18 14:31: **********Val Epoch 1275: average Loss: 0.035337
2026-05-18 14:31: Train Epoch 1276: 0/87 Loss: 0.041680
2026-05-18 14:31: Train Epoch 1276: 20/87 Loss: 0.004857
2026-05-18 14:31: Train Epoch 1276: 40/87 Loss: 0.002001
2026-05-18 14:31: Train Epoch 1276: 60/87 Loss: 0.003754
2026-05-18 14:31: Train Epoch 1276: 80/87 Loss: 0.011589
2026-05-18 14:31: **********Train Epoch 1276: averaged Loss: 0.007090
2026-05-18 14:31: **********Val Epoch 1276: average Loss: 0.005109
2026-05-18 14:31: Train Epoch 1277: 0/87 Loss: 0.003181
2026-05-18 14:31: Train Epoch 1277: 20/87 Loss: 0.001884
2026-05-18 14:31: Train Epoch 1277: 40/87 Loss: 0.003364
2026-05-18 14:31: Train Epoch 1277: 60/87 Loss: 0.002576
2026-05-18 14:31: Train Epoch 1277: 80/87 Loss: 0.009775
2026-05-18 14:31: **********Train Epoch 1277: averaged Loss: 0.003261
2026-05-18 14:31: **********Val Epoch 1277: average Loss: 0.005276
2026-05-18 14:31: Train Epoch 1278: 0/87 Loss: 0.010880
2026-05-18 14:31: Train Epoch 1278: 20/87 Loss: 0.001481
2026-05-18 14:31: Train Epoch 1278: 40/87 Loss: 0.002152
2026-05-18 14:31: Train Epoch 1278: 60/87 Loss: 0.003400
2026-05-18 14:31: Train Epoch 1278: 80/87 Loss: 0.009682
2026-05-18 14:31: **********Train Epoch 1278: averaged Loss: 0.003894
2026-05-18 14:31: **********Val Epoch 1278: average Loss: 0.012354
2026-05-18 14:31: Train Epoch 1279: 0/87 Loss: 0.015127
2026-05-18 14:31: Train Epoch 1279: 20/87 Loss: 0.002247
2026-05-18 14:31: Train Epoch 1279: 40/87 Loss: 0.002301
2026-05-18 14:31: Train Epoch 1279: 60/87 Loss: 0.000930
2026-05-18 14:31: Train Epoch 1279: 80/87 Loss: 0.010642
2026-05-18 14:31: **********Train Epoch 1279: averaged Loss: 0.004216
2026-05-18 14:31: **********Val Epoch 1279: average Loss: 0.021117
2026-05-18 14:31: Train Epoch 1280: 0/87 Loss: 0.004342
2026-05-18 14:31: Train Epoch 1280: 20/87 Loss: 0.003062
2026-05-18 14:31: Train Epoch 1280: 40/87 Loss: 0.002514
2026-05-18 14:31: Train Epoch 1280: 60/87 Loss: 0.001467
2026-05-18 14:31: Train Epoch 1280: 80/87 Loss: 0.010642
2026-05-18 14:31: **********Train Epoch 1280: averaged Loss: 0.004450
2026-05-18 14:31: **********Val Epoch 1280: average Loss: 0.026552
2026-05-18 14:31: Train Epoch 1281: 0/87 Loss: 0.039569
2026-05-18 14:31: Train Epoch 1281: 20/87 Loss: 0.006206
2026-05-18 14:31: Train Epoch 1281: 40/87 Loss: 0.004183
2026-05-18 14:31: Train Epoch 1281: 60/87 Loss: 0.004091
2026-05-18 14:31: Train Epoch 1281: 80/87 Loss: 0.009628
2026-05-18 14:31: **********Train Epoch 1281: averaged Loss: 0.007763
2026-05-18 14:31: **********Val Epoch 1281: average Loss: 0.012340
2026-05-18 14:31: Train Epoch 1282: 0/87 Loss: 0.009881
2026-05-18 14:31: Train Epoch 1282: 20/87 Loss: 0.001397
2026-05-18 14:31: Train Epoch 1282: 40/87 Loss: 0.003359
2026-05-18 14:31: Train Epoch 1282: 60/87 Loss: 0.008366
2026-05-18 14:31: Train Epoch 1282: 80/87 Loss: 0.010799
2026-05-18 14:31: **********Train Epoch 1282: averaged Loss: 0.004508
2026-05-18 14:31: **********Val Epoch 1282: average Loss: 0.019938
2026-05-18 14:31: Train Epoch 1283: 0/87 Loss: 0.016708
2026-05-18 14:31: Train Epoch 1283: 20/87 Loss: 0.005546
2026-05-18 14:31: Train Epoch 1283: 40/87 Loss: 0.002583
2026-05-18 14:31: Train Epoch 1283: 60/87 Loss: 0.005306
2026-05-18 14:31: Train Epoch 1283: 80/87 Loss: 0.031170
2026-05-18 14:31: **********Train Epoch 1283: averaged Loss: 0.006569
2026-05-18 14:31: **********Val Epoch 1283: average Loss: 0.038164
2026-05-18 14:31: Train Epoch 1284: 0/87 Loss: 0.045876
2026-05-18 14:31: Train Epoch 1284: 20/87 Loss: 0.008580
2026-05-18 14:31: Train Epoch 1284: 40/87 Loss: 0.004153
2026-05-18 14:31: Train Epoch 1284: 60/87 Loss: 0.002178
2026-05-18 14:31: Train Epoch 1284: 80/87 Loss: 0.009626
2026-05-18 14:31: **********Train Epoch 1284: averaged Loss: 0.006836
2026-05-18 14:31: **********Val Epoch 1284: average Loss: 0.010023
2026-05-18 14:31: Train Epoch 1285: 0/87 Loss: 0.022804
2026-05-18 14:31: Train Epoch 1285: 20/87 Loss: 0.004064
2026-05-18 14:31: Train Epoch 1285: 40/87 Loss: 0.002103
2026-05-18 14:31: Train Epoch 1285: 60/87 Loss: 0.003735
2026-05-18 14:31: Train Epoch 1285: 80/87 Loss: 0.011032
2026-05-18 14:31: **********Train Epoch 1285: averaged Loss: 0.005247
2026-05-18 14:31: **********Val Epoch 1285: average Loss: 0.018514
2026-05-18 14:31: Train Epoch 1286: 0/87 Loss: 0.022230
2026-05-18 14:31: Train Epoch 1286: 20/87 Loss: 0.004438
2026-05-18 14:31: Train Epoch 1286: 40/87 Loss: 0.002458
2026-05-18 14:31: Train Epoch 1286: 60/87 Loss: 0.004666
2026-05-18 14:31: Train Epoch 1286: 80/87 Loss: 0.025977
2026-05-18 14:31: **********Train Epoch 1286: averaged Loss: 0.006494
2026-05-18 14:31: **********Val Epoch 1286: average Loss: 0.028331
2026-05-18 14:31: Train Epoch 1287: 0/87 Loss: 0.034452
2026-05-18 14:31: Train Epoch 1287: 20/87 Loss: 0.003920
2026-05-18 14:31: Train Epoch 1287: 40/87 Loss: 0.002564
2026-05-18 14:31: Train Epoch 1287: 60/87 Loss: 0.001303
2026-05-18 14:31: Train Epoch 1287: 80/87 Loss: 0.010475
2026-05-18 14:31: **********Train Epoch 1287: averaged Loss: 0.005841
2026-05-18 14:31: **********Val Epoch 1287: average Loss: 0.007088
2026-05-18 14:31: Train Epoch 1288: 0/87 Loss: 0.003339
2026-05-18 14:31: Train Epoch 1288: 20/87 Loss: 0.001415
2026-05-18 14:31: Train Epoch 1288: 40/87 Loss: 0.002159
2026-05-18 14:32: Train Epoch 1288: 60/87 Loss: 0.001641
2026-05-18 14:32: Train Epoch 1288: 80/87 Loss: 0.012453
2026-05-18 14:32: **********Train Epoch 1288: averaged Loss: 0.003696
2026-05-18 14:32: **********Val Epoch 1288: average Loss: 0.037519
2026-05-18 14:32: Train Epoch 1289: 0/87 Loss: 0.031130
2026-05-18 14:32: Train Epoch 1289: 20/87 Loss: 0.006477
2026-05-18 14:32: Train Epoch 1289: 40/87 Loss: 0.005011
2026-05-18 14:32: Train Epoch 1289: 60/87 Loss: 0.004343
2026-05-18 14:32: Train Epoch 1289: 80/87 Loss: 0.011854
2026-05-18 14:32: **********Train Epoch 1289: averaged Loss: 0.007226
2026-05-18 14:32: **********Val Epoch 1289: average Loss: 0.011264
2026-05-18 14:32: Train Epoch 1290: 0/87 Loss: 0.019960
2026-05-18 14:32: Train Epoch 1290: 20/87 Loss: 0.004457
2026-05-18 14:32: Train Epoch 1290: 40/87 Loss: 0.004188
2026-05-18 14:32: Train Epoch 1290: 60/87 Loss: 0.003294
2026-05-18 14:32: Train Epoch 1290: 80/87 Loss: 0.026870
2026-05-18 14:32: **********Train Epoch 1290: averaged Loss: 0.006285
2026-05-18 14:32: **********Val Epoch 1290: average Loss: 0.027881
2026-05-18 14:32: Train Epoch 1291: 0/87 Loss: 0.034567
2026-05-18 14:32: Train Epoch 1291: 20/87 Loss: 0.006419
2026-05-18 14:32: Train Epoch 1291: 40/87 Loss: 0.001973
2026-05-18 14:32: Train Epoch 1291: 60/87 Loss: 0.001067
2026-05-18 14:32: Train Epoch 1291: 80/87 Loss: 0.011752
2026-05-18 14:32: **********Train Epoch 1291: averaged Loss: 0.006267
2026-05-18 14:32: **********Val Epoch 1291: average Loss: 0.012272
2026-05-18 14:32: Train Epoch 1292: 0/87 Loss: 0.004221
2026-05-18 14:32: Train Epoch 1292: 20/87 Loss: 0.004171
2026-05-18 14:32: Train Epoch 1292: 40/87 Loss: 0.002458
2026-05-18 14:32: Train Epoch 1292: 60/87 Loss: 0.002451
2026-05-18 14:32: Train Epoch 1292: 80/87 Loss: 0.010129
2026-05-18 14:32: **********Train Epoch 1292: averaged Loss: 0.003314
2026-05-18 14:32: **********Val Epoch 1292: average Loss: 0.012153
2026-05-18 14:32: Train Epoch 1293: 0/87 Loss: 0.006978
2026-05-18 14:32: Train Epoch 1293: 20/87 Loss: 0.002670
2026-05-18 14:32: Train Epoch 1293: 40/87 Loss: 0.002168
2026-05-18 14:32: Train Epoch 1293: 60/87 Loss: 0.001159
2026-05-18 14:32: Train Epoch 1293: 80/87 Loss: 0.009577
2026-05-18 14:32: **********Train Epoch 1293: averaged Loss: 0.003050
2026-05-18 14:32: **********Val Epoch 1293: average Loss: 0.013154
2026-05-18 14:32: Train Epoch 1294: 0/87 Loss: 0.009395
2026-05-18 14:32: Train Epoch 1294: 20/87 Loss: 0.004283
2026-05-18 14:32: Train Epoch 1294: 40/87 Loss: 0.002102
2026-05-18 14:32: Train Epoch 1294: 60/87 Loss: 0.002494
2026-05-18 14:32: Train Epoch 1294: 80/87 Loss: 0.010460
2026-05-18 14:32: **********Train Epoch 1294: averaged Loss: 0.003608
2026-05-18 14:32: **********Val Epoch 1294: average Loss: 0.014263
2026-05-18 14:32: Train Epoch 1295: 0/87 Loss: 0.020562
2026-05-18 14:32: Train Epoch 1295: 20/87 Loss: 0.007153
2026-05-18 14:32: Train Epoch 1295: 40/87 Loss: 0.004032
2026-05-18 14:32: Train Epoch 1295: 60/87 Loss: 0.003152
2026-05-18 14:32: Train Epoch 1295: 80/87 Loss: 0.014110
2026-05-18 14:32: **********Train Epoch 1295: averaged Loss: 0.005196
2026-05-18 14:32: **********Val Epoch 1295: average Loss: 0.025042
2026-05-18 14:32: Train Epoch 1296: 0/87 Loss: 0.016058
2026-05-18 14:32: Train Epoch 1296: 20/87 Loss: 0.001447
2026-05-18 14:32: Train Epoch 1296: 40/87 Loss: 0.002424
2026-05-18 14:32: Train Epoch 1296: 60/87 Loss: 0.005386
2026-05-18 14:32: Train Epoch 1296: 80/87 Loss: 0.010151
2026-05-18 14:32: **********Train Epoch 1296: averaged Loss: 0.004891
2026-05-18 14:32: **********Val Epoch 1296: average Loss: 0.007865
2026-05-18 14:32: Train Epoch 1297: 0/87 Loss: 0.014897
2026-05-18 14:32: Train Epoch 1297: 20/87 Loss: 0.005542
2026-05-18 14:32: Train Epoch 1297: 40/87 Loss: 0.004525
2026-05-18 14:32: Train Epoch 1297: 60/87 Loss: 0.002892
2026-05-18 14:32: Train Epoch 1297: 80/87 Loss: 0.050504
2026-05-18 14:32: **********Train Epoch 1297: averaged Loss: 0.010049
2026-05-18 14:32: **********Val Epoch 1297: average Loss: 0.029688
2026-05-18 14:32: Train Epoch 1298: 0/87 Loss: 0.064790
2026-05-18 14:32: Train Epoch 1298: 20/87 Loss: 0.002342
2026-05-18 14:32: Train Epoch 1298: 40/87 Loss: 0.002669
2026-05-18 14:32: Train Epoch 1298: 60/87 Loss: 0.001128
2026-05-18 14:32: Train Epoch 1298: 80/87 Loss: 0.009651
2026-05-18 14:32: **********Train Epoch 1298: averaged Loss: 0.009566
2026-05-18 14:32: **********Val Epoch 1298: average Loss: 0.005036
2026-05-18 14:32: Train Epoch 1299: 0/87 Loss: 0.030267
2026-05-18 14:32: Train Epoch 1299: 20/87 Loss: 0.004969
2026-05-18 14:32: Train Epoch 1299: 40/87 Loss: 0.002179
2026-05-18 14:32: Train Epoch 1299: 60/87 Loss: 0.002538
2026-05-18 14:32: Train Epoch 1299: 80/87 Loss: 0.011276
2026-05-18 14:32: **********Train Epoch 1299: averaged Loss: 0.005482
2026-05-18 14:32: **********Val Epoch 1299: average Loss: 0.006111
2026-05-18 14:32: Train Epoch 1300: 0/87 Loss: 0.015710
2026-05-18 14:32: Train Epoch 1300: 20/87 Loss: 0.003495
2026-05-18 14:32: Train Epoch 1300: 40/87 Loss: 0.002096
2026-05-18 14:32: Train Epoch 1300: 60/87 Loss: 0.002160
2026-05-18 14:32: Train Epoch 1300: 80/87 Loss: 0.014843
2026-05-18 14:32: **********Train Epoch 1300: averaged Loss: 0.004559
2026-05-18 14:32: **********Val Epoch 1300: average Loss: 0.004332
2026-05-18 14:32: Train Epoch 1301: 0/87 Loss: 0.022001
2026-05-18 14:32: Train Epoch 1301: 20/87 Loss: 0.006668
2026-05-18 14:32: Train Epoch 1301: 40/87 Loss: 0.006286
2026-05-18 14:32: Train Epoch 1301: 60/87 Loss: 0.005814
2026-05-18 14:32: Train Epoch 1301: 80/87 Loss: 0.030636
2026-05-18 14:32: **********Train Epoch 1301: averaged Loss: 0.007576
2026-05-18 14:32: **********Val Epoch 1301: average Loss: 0.006433
2026-05-18 14:32: Train Epoch 1302: 0/87 Loss: 0.034462
2026-05-18 14:32: Train Epoch 1302: 20/87 Loss: 0.007977
2026-05-18 14:32: Train Epoch 1302: 40/87 Loss: 0.004262
2026-05-18 14:32: Train Epoch 1302: 60/87 Loss: 0.001170
2026-05-18 14:32: Train Epoch 1302: 80/87 Loss: 0.010679
2026-05-18 14:32: **********Train Epoch 1302: averaged Loss: 0.007930
2026-05-18 14:32: **********Val Epoch 1302: average Loss: 0.012415
2026-05-18 14:32: Train Epoch 1303: 0/87 Loss: 0.010912
2026-05-18 14:32: Train Epoch 1303: 20/87 Loss: 0.004737
2026-05-18 14:32: Train Epoch 1303: 40/87 Loss: 0.002820
2026-05-18 14:33: Train Epoch 1303: 60/87 Loss: 0.001201
2026-05-18 14:33: Train Epoch 1303: 80/87 Loss: 0.010546
2026-05-18 14:33: **********Train Epoch 1303: averaged Loss: 0.003774
2026-05-18 14:33: **********Val Epoch 1303: average Loss: 0.006406
2026-05-18 14:33: Train Epoch 1304: 0/87 Loss: 0.028508
2026-05-18 14:33: Train Epoch 1304: 20/87 Loss: 0.005755
2026-05-18 14:33: Train Epoch 1304: 40/87 Loss: 0.002496
2026-05-18 14:33: Train Epoch 1304: 60/87 Loss: 0.001284
2026-05-18 14:33: Train Epoch 1304: 80/87 Loss: 0.010819
2026-05-18 14:33: **********Train Epoch 1304: averaged Loss: 0.005115
2026-05-18 14:33: **********Val Epoch 1304: average Loss: 0.006531
2026-05-18 14:33: Train Epoch 1305: 0/87 Loss: 0.002560
2026-05-18 14:33: Train Epoch 1305: 20/87 Loss: 0.002506
2026-05-18 14:33: Train Epoch 1305: 40/87 Loss: 0.002914
2026-05-18 14:33: Train Epoch 1305: 60/87 Loss: 0.001796
2026-05-18 14:33: Train Epoch 1305: 80/87 Loss: 0.010735
2026-05-18 14:33: **********Train Epoch 1305: averaged Loss: 0.003256
2026-05-18 14:33: **********Val Epoch 1305: average Loss: 0.008360
2026-05-18 14:33: Train Epoch 1306: 0/87 Loss: 0.010399
2026-05-18 14:33: Train Epoch 1306: 20/87 Loss: 0.003231
2026-05-18 14:33: Train Epoch 1306: 40/87 Loss: 0.002680
2026-05-18 14:33: Train Epoch 1306: 60/87 Loss: 0.001130
2026-05-18 14:33: Train Epoch 1306: 80/87 Loss: 0.009946
2026-05-18 14:33: **********Train Epoch 1306: averaged Loss: 0.003716
2026-05-18 14:33: **********Val Epoch 1306: average Loss: 0.025066
2026-05-18 14:33: Train Epoch 1307: 0/87 Loss: 0.004317
2026-05-18 14:33: Train Epoch 1307: 20/87 Loss: 0.001579
2026-05-18 14:33: Train Epoch 1307: 40/87 Loss: 0.002642
2026-05-18 14:33: Train Epoch 1307: 60/87 Loss: 0.008871
2026-05-18 14:33: Train Epoch 1307: 80/87 Loss: 0.014433
2026-05-18 14:33: **********Train Epoch 1307: averaged Loss: 0.004783
2026-05-18 14:33: **********Val Epoch 1307: average Loss: 0.022938
2026-05-18 14:33: Train Epoch 1308: 0/87 Loss: 0.038493
2026-05-18 14:33: Train Epoch 1308: 20/87 Loss: 0.003691
2026-05-18 14:33: Train Epoch 1308: 40/87 Loss: 0.005879
2026-05-18 14:33: Train Epoch 1308: 60/87 Loss: 0.003636
2026-05-18 14:33: Train Epoch 1308: 80/87 Loss: 0.019246
2026-05-18 14:33: **********Train Epoch 1308: averaged Loss: 0.008927
2026-05-18 14:33: **********Val Epoch 1308: average Loss: 0.022195
2026-05-18 14:33: Train Epoch 1309: 0/87 Loss: 0.025561
2026-05-18 14:33: Train Epoch 1309: 20/87 Loss: 0.003248
2026-05-18 14:33: Train Epoch 1309: 40/87 Loss: 0.004166
2026-05-18 14:33: Train Epoch 1309: 60/87 Loss: 0.005043
2026-05-18 14:33: Train Epoch 1309: 80/87 Loss: 0.012421
2026-05-18 14:33: **********Train Epoch 1309: averaged Loss: 0.005700
2026-05-18 14:33: **********Val Epoch 1309: average Loss: 0.010901
2026-05-18 14:33: Train Epoch 1310: 0/87 Loss: 0.004617
2026-05-18 14:33: Train Epoch 1310: 20/87 Loss: 0.001489
2026-05-18 14:33: Train Epoch 1310: 40/87 Loss: 0.002019
2026-05-18 14:33: Train Epoch 1310: 60/87 Loss: 0.001268
2026-05-18 14:33: Train Epoch 1310: 80/87 Loss: 0.009068
2026-05-18 14:33: **********Train Epoch 1310: averaged Loss: 0.002934
2026-05-18 14:33: **********Val Epoch 1310: average Loss: 0.012581
2026-05-18 14:33: Train Epoch 1311: 0/87 Loss: 0.002504
2026-05-18 14:33: Train Epoch 1311: 20/87 Loss: 0.003465
2026-05-18 14:33: Train Epoch 1311: 40/87 Loss: 0.001939
2026-05-18 14:33: Train Epoch 1311: 60/87 Loss: 0.001583
2026-05-18 14:33: Train Epoch 1311: 80/87 Loss: 0.014234
2026-05-18 14:33: **********Train Epoch 1311: averaged Loss: 0.004028
2026-05-18 14:33: **********Val Epoch 1311: average Loss: 0.004096
2026-05-18 14:33: Train Epoch 1312: 0/87 Loss: 0.018584
2026-05-18 14:33: Train Epoch 1312: 20/87 Loss: 0.005186
2026-05-18 14:33: Train Epoch 1312: 40/87 Loss: 0.002367
2026-05-18 14:33: Train Epoch 1312: 60/87 Loss: 0.001664
2026-05-18 14:33: Train Epoch 1312: 80/87 Loss: 0.037045
2026-05-18 14:33: **********Train Epoch 1312: averaged Loss: 0.006981
2026-05-18 14:33: **********Val Epoch 1312: average Loss: 0.033357
2026-05-18 14:33: Train Epoch 1313: 0/87 Loss: 0.048417
2026-05-18 14:33: Train Epoch 1313: 20/87 Loss: 0.001422
2026-05-18 14:33: Train Epoch 1313: 40/87 Loss: 0.002520
2026-05-18 14:33: Train Epoch 1313: 60/87 Loss: 0.000946
2026-05-18 14:33: Train Epoch 1313: 80/87 Loss: 0.011515
2026-05-18 14:33: **********Train Epoch 1313: averaged Loss: 0.007620
2026-05-18 14:33: **********Val Epoch 1313: average Loss: 0.004755
2026-05-18 14:33: Train Epoch 1314: 0/87 Loss: 0.018765
2026-05-18 14:33: Train Epoch 1314: 20/87 Loss: 0.001878
2026-05-18 14:33: Train Epoch 1314: 40/87 Loss: 0.001958
2026-05-18 14:33: Train Epoch 1314: 60/87 Loss: 0.001522
2026-05-18 14:33: Train Epoch 1314: 80/87 Loss: 0.009644
2026-05-18 14:33: **********Train Epoch 1314: averaged Loss: 0.004740
2026-05-18 14:33: **********Val Epoch 1314: average Loss: 0.012197
2026-05-18 14:33: Train Epoch 1315: 0/87 Loss: 0.012298
2026-05-18 14:33: Train Epoch 1315: 20/87 Loss: 0.003574
2026-05-18 14:33: Train Epoch 1315: 40/87 Loss: 0.002028
2026-05-18 14:33: Train Epoch 1315: 60/87 Loss: 0.002641
2026-05-18 14:33: Train Epoch 1315: 80/87 Loss: 0.012148
2026-05-18 14:33: **********Train Epoch 1315: averaged Loss: 0.004479
2026-05-18 14:33: **********Val Epoch 1315: average Loss: 0.016666
2026-05-18 14:33: Train Epoch 1316: 0/87 Loss: 0.027993
2026-05-18 14:33: Train Epoch 1316: 20/87 Loss: 0.004592
2026-05-18 14:33: Train Epoch 1316: 40/87 Loss: 0.002982
2026-05-18 14:33: Train Epoch 1316: 60/87 Loss: 0.012881
2026-05-18 14:33: Train Epoch 1316: 80/87 Loss: 0.019408
2026-05-18 14:33: **********Train Epoch 1316: averaged Loss: 0.007514
2026-05-18 14:33: **********Val Epoch 1316: average Loss: 0.016190
2026-05-18 14:33: Train Epoch 1317: 0/87 Loss: 0.033144
2026-05-18 14:33: Train Epoch 1317: 20/87 Loss: 0.005956
2026-05-18 14:33: Train Epoch 1317: 40/87 Loss: 0.003661
2026-05-18 14:33: Train Epoch 1317: 60/87 Loss: 0.002646
2026-05-18 14:33: Train Epoch 1317: 80/87 Loss: 0.032444
2026-05-18 14:33: **********Train Epoch 1317: averaged Loss: 0.010297
2026-05-18 14:33: **********Val Epoch 1317: average Loss: 0.030175
2026-05-18 14:33: Train Epoch 1318: 0/87 Loss: 0.044270
2026-05-18 14:33: Train Epoch 1318: 20/87 Loss: 0.007587
2026-05-18 14:33: Train Epoch 1318: 40/87 Loss: 0.002490
2026-05-18 14:34: Train Epoch 1318: 60/87 Loss: 0.005963
2026-05-18 14:34: Train Epoch 1318: 80/87 Loss: 0.011495
2026-05-18 14:34: **********Train Epoch 1318: averaged Loss: 0.006413
2026-05-18 14:34: **********Val Epoch 1318: average Loss: 0.006781
2026-05-18 14:34: Train Epoch 1319: 0/87 Loss: 0.029019
2026-05-18 14:34: Train Epoch 1319: 20/87 Loss: 0.002497
2026-05-18 14:34: Train Epoch 1319: 40/87 Loss: 0.006385
2026-05-18 14:34: Train Epoch 1319: 60/87 Loss: 0.001332
2026-05-18 14:34: Train Epoch 1319: 80/87 Loss: 0.009618
2026-05-18 14:34: **********Train Epoch 1319: averaged Loss: 0.007361
2026-05-18 14:34: **********Val Epoch 1319: average Loss: 0.007791
2026-05-18 14:34: Train Epoch 1320: 0/87 Loss: 0.006586
2026-05-18 14:34: Train Epoch 1320: 20/87 Loss: 0.002850
2026-05-18 14:34: Train Epoch 1320: 40/87 Loss: 0.002046
2026-05-18 14:34: Train Epoch 1320: 60/87 Loss: 0.003245
2026-05-18 14:34: Train Epoch 1320: 80/87 Loss: 0.014013
2026-05-18 14:34: **********Train Epoch 1320: averaged Loss: 0.004075
2026-05-18 14:34: **********Val Epoch 1320: average Loss: 0.011694
2026-05-18 14:34: Train Epoch 1321: 0/87 Loss: 0.016206
2026-05-18 14:34: Train Epoch 1321: 20/87 Loss: 0.005218
2026-05-18 14:34: Train Epoch 1321: 40/87 Loss: 0.003371
2026-05-18 14:34: Train Epoch 1321: 60/87 Loss: 0.001954
2026-05-18 14:34: Train Epoch 1321: 80/87 Loss: 0.013882
2026-05-18 14:34: **********Train Epoch 1321: averaged Loss: 0.006158
2026-05-18 14:34: **********Val Epoch 1321: average Loss: 0.021002
2026-05-18 14:34: Train Epoch 1322: 0/87 Loss: 0.013227
2026-05-18 14:34: Train Epoch 1322: 20/87 Loss: 0.001372
2026-05-18 14:34: Train Epoch 1322: 40/87 Loss: 0.002019
2026-05-18 14:34: Train Epoch 1322: 60/87 Loss: 0.001121
2026-05-18 14:34: Train Epoch 1322: 80/87 Loss: 0.012381
2026-05-18 14:34: **********Train Epoch 1322: averaged Loss: 0.003959
2026-05-18 14:34: **********Val Epoch 1322: average Loss: 0.005313
2026-05-18 14:34: Train Epoch 1323: 0/87 Loss: 0.002458
2026-05-18 14:34: Train Epoch 1323: 20/87 Loss: 0.001788
2026-05-18 14:34: Train Epoch 1323: 40/87 Loss: 0.002371
2026-05-18 14:34: Train Epoch 1323: 60/87 Loss: 0.001304
2026-05-18 14:34: Train Epoch 1323: 80/87 Loss: 0.009334
2026-05-18 14:34: **********Train Epoch 1323: averaged Loss: 0.003040
2026-05-18 14:34: **********Val Epoch 1323: average Loss: 0.011691
2026-05-18 14:34: Train Epoch 1324: 0/87 Loss: 0.012357
2026-05-18 14:34: Train Epoch 1324: 20/87 Loss: 0.001980
2026-05-18 14:34: Train Epoch 1324: 40/87 Loss: 0.002243
2026-05-18 14:34: Train Epoch 1324: 60/87 Loss: 0.001030
2026-05-18 14:34: Train Epoch 1324: 80/87 Loss: 0.008495
2026-05-18 14:34: **********Train Epoch 1324: averaged Loss: 0.003443
2026-05-18 14:34: **********Val Epoch 1324: average Loss: 0.008717
2026-05-18 14:34: Train Epoch 1325: 0/87 Loss: 0.005260
2026-05-18 14:34: Train Epoch 1325: 20/87 Loss: 0.001387
2026-05-18 14:34: Train Epoch 1325: 40/87 Loss: 0.002127
2026-05-18 14:34: Train Epoch 1325: 60/87 Loss: 0.004167
2026-05-18 14:34: Train Epoch 1325: 80/87 Loss: 0.009583
2026-05-18 14:34: **********Train Epoch 1325: averaged Loss: 0.003544
2026-05-18 14:34: **********Val Epoch 1325: average Loss: 0.006905
2026-05-18 14:34: Train Epoch 1326: 0/87 Loss: 0.009867
2026-05-18 14:34: Train Epoch 1326: 20/87 Loss: 0.004945
2026-05-18 14:34: Train Epoch 1326: 40/87 Loss: 0.003660
2026-05-18 14:34: Train Epoch 1326: 60/87 Loss: 0.003720
2026-05-18 14:34: Train Epoch 1326: 80/87 Loss: 0.019339
2026-05-18 14:34: **********Train Epoch 1326: averaged Loss: 0.005864
2026-05-18 14:34: **********Val Epoch 1326: average Loss: 0.014386
2026-05-18 14:34: Train Epoch 1327: 0/87 Loss: 0.039789
2026-05-18 14:34: Train Epoch 1327: 20/87 Loss: 0.003682
2026-05-18 14:34: Train Epoch 1327: 40/87 Loss: 0.003029
2026-05-18 14:34: Train Epoch 1327: 60/87 Loss: 0.006308
2026-05-18 14:34: Train Epoch 1327: 80/87 Loss: 0.014449
2026-05-18 14:34: **********Train Epoch 1327: averaged Loss: 0.008895
2026-05-18 14:34: **********Val Epoch 1327: average Loss: 0.011817
2026-05-18 14:34: Train Epoch 1328: 0/87 Loss: 0.005009
2026-05-18 14:34: Train Epoch 1328: 20/87 Loss: 0.003683
2026-05-18 14:34: Train Epoch 1328: 40/87 Loss: 0.003502
2026-05-18 14:34: Train Epoch 1328: 60/87 Loss: 0.015562
2026-05-18 14:34: Train Epoch 1328: 80/87 Loss: 0.016731
2026-05-18 14:34: **********Train Epoch 1328: averaged Loss: 0.006160
2026-05-18 14:34: **********Val Epoch 1328: average Loss: 0.005705
2026-05-18 14:34: Train Epoch 1329: 0/87 Loss: 0.026505
2026-05-18 14:34: Train Epoch 1329: 20/87 Loss: 0.001764
2026-05-18 14:34: Train Epoch 1329: 40/87 Loss: 0.002301
2026-05-18 14:34: Train Epoch 1329: 60/87 Loss: 0.004514
2026-05-18 14:34: Train Epoch 1329: 80/87 Loss: 0.020415
2026-05-18 14:34: **********Train Epoch 1329: averaged Loss: 0.008180
2026-05-18 14:34: **********Val Epoch 1329: average Loss: 0.014633
2026-05-18 14:34: Train Epoch 1330: 0/87 Loss: 0.030158
2026-05-18 14:34: Train Epoch 1330: 20/87 Loss: 0.003712
2026-05-18 14:34: Train Epoch 1330: 40/87 Loss: 0.002681
2026-05-18 14:34: Train Epoch 1330: 60/87 Loss: 0.001911
2026-05-18 14:34: Train Epoch 1330: 80/87 Loss: 0.011860
2026-05-18 14:34: **********Train Epoch 1330: averaged Loss: 0.005991
2026-05-18 14:34: **********Val Epoch 1330: average Loss: 0.005312
2026-05-18 14:34: Train Epoch 1331: 0/87 Loss: 0.004597
2026-05-18 14:34: Train Epoch 1331: 20/87 Loss: 0.001826
2026-05-18 14:34: Train Epoch 1331: 40/87 Loss: 0.002198
2026-05-18 14:34: Train Epoch 1331: 60/87 Loss: 0.000938
2026-05-18 14:34: Train Epoch 1331: 80/87 Loss: 0.009572
2026-05-18 14:34: **********Train Epoch 1331: averaged Loss: 0.003238
2026-05-18 14:34: **********Val Epoch 1331: average Loss: 0.019509
2026-05-18 14:34: Train Epoch 1332: 0/87 Loss: 0.012692
2026-05-18 14:34: Train Epoch 1332: 20/87 Loss: 0.001442
2026-05-18 14:34: Train Epoch 1332: 40/87 Loss: 0.002009
2026-05-18 14:34: Train Epoch 1332: 60/87 Loss: 0.001027
2026-05-18 14:34: Train Epoch 1332: 80/87 Loss: 0.008837
2026-05-18 14:34: **********Train Epoch 1332: averaged Loss: 0.003329
2026-05-18 14:34: **********Val Epoch 1332: average Loss: 0.014154
2026-05-18 14:34: Train Epoch 1333: 0/87 Loss: 0.006696
2026-05-18 14:34: Train Epoch 1333: 20/87 Loss: 0.004243
2026-05-18 14:34: Train Epoch 1333: 40/87 Loss: 0.002357
2026-05-18 14:35: Train Epoch 1333: 60/87 Loss: 0.001495
2026-05-18 14:35: Train Epoch 1333: 80/87 Loss: 0.011249
2026-05-18 14:35: **********Train Epoch 1333: averaged Loss: 0.003740
2026-05-18 14:35: **********Val Epoch 1333: average Loss: 0.011283
2026-05-18 14:35: Train Epoch 1334: 0/87 Loss: 0.022809
2026-05-18 14:35: Train Epoch 1334: 20/87 Loss: 0.002382
2026-05-18 14:35: Train Epoch 1334: 40/87 Loss: 0.003032
2026-05-18 14:35: Train Epoch 1334: 60/87 Loss: 0.006898
2026-05-18 14:35: Train Epoch 1334: 80/87 Loss: 0.012154
2026-05-18 14:35: **********Train Epoch 1334: averaged Loss: 0.005437
2026-05-18 14:35: **********Val Epoch 1334: average Loss: 0.013398
2026-05-18 14:35: Train Epoch 1335: 0/87 Loss: 0.008086
2026-05-18 14:35: Train Epoch 1335: 20/87 Loss: 0.005276
2026-05-18 14:35: Train Epoch 1335: 40/87 Loss: 0.004297
2026-05-18 14:35: Train Epoch 1335: 60/87 Loss: 0.003895
2026-05-18 14:35: Train Epoch 1335: 80/87 Loss: 0.028185
2026-05-18 14:35: **********Train Epoch 1335: averaged Loss: 0.006370
2026-05-18 14:35: **********Val Epoch 1335: average Loss: 0.028938
2026-05-18 14:35: Train Epoch 1336: 0/87 Loss: 0.053073
2026-05-18 14:35: Train Epoch 1336: 20/87 Loss: 0.009122
2026-05-18 14:35: Train Epoch 1336: 40/87 Loss: 0.002044
2026-05-18 14:35: Train Epoch 1336: 60/87 Loss: 0.002926
2026-05-18 14:35: Train Epoch 1336: 80/87 Loss: 0.008917
2026-05-18 14:35: **********Train Epoch 1336: averaged Loss: 0.007277
2026-05-18 14:35: **********Val Epoch 1336: average Loss: 0.007908
2026-05-18 14:35: Train Epoch 1337: 0/87 Loss: 0.027142
2026-05-18 14:35: Train Epoch 1337: 20/87 Loss: 0.006919
2026-05-18 14:35: Train Epoch 1337: 40/87 Loss: 0.007280
2026-05-18 14:35: Train Epoch 1337: 60/87 Loss: 0.005477
2026-05-18 14:35: Train Epoch 1337: 80/87 Loss: 0.008605
2026-05-18 14:35: **********Train Epoch 1337: averaged Loss: 0.008770
2026-05-18 14:35: **********Val Epoch 1337: average Loss: 0.017374
2026-05-18 14:35: Train Epoch 1338: 0/87 Loss: 0.011227
2026-05-18 14:35: Train Epoch 1338: 20/87 Loss: 0.002630
2026-05-18 14:35: Train Epoch 1338: 40/87 Loss: 0.001774
2026-05-18 14:35: Train Epoch 1338: 60/87 Loss: 0.007011
2026-05-18 14:35: Train Epoch 1338: 80/87 Loss: 0.011724
2026-05-18 14:35: **********Train Epoch 1338: averaged Loss: 0.004432
2026-05-18 14:35: **********Val Epoch 1338: average Loss: 0.020584
2026-05-18 14:35: Train Epoch 1339: 0/87 Loss: 0.029176
2026-05-18 14:35: Train Epoch 1339: 20/87 Loss: 0.006793
2026-05-18 14:35: Train Epoch 1339: 40/87 Loss: 0.004200
2026-05-18 14:35: Train Epoch 1339: 60/87 Loss: 0.004373
2026-05-18 14:35: Train Epoch 1339: 80/87 Loss: 0.024963
2026-05-18 14:35: **********Train Epoch 1339: averaged Loss: 0.008529
2026-05-18 14:35: **********Val Epoch 1339: average Loss: 0.027856
2026-05-18 14:35: Train Epoch 1340: 0/87 Loss: 0.039313
2026-05-18 14:35: Train Epoch 1340: 20/87 Loss: 0.009030
2026-05-18 14:35: Train Epoch 1340: 40/87 Loss: 0.003779
2026-05-18 14:35: Train Epoch 1340: 60/87 Loss: 0.002138
2026-05-18 14:35: Train Epoch 1340: 80/87 Loss: 0.010860
2026-05-18 14:35: **********Train Epoch 1340: averaged Loss: 0.007127
2026-05-18 14:35: **********Val Epoch 1340: average Loss: 0.004932
2026-05-18 14:35: Train Epoch 1341: 0/87 Loss: 0.018531
2026-05-18 14:35: Train Epoch 1341: 20/87 Loss: 0.002683
2026-05-18 14:35: Train Epoch 1341: 40/87 Loss: 0.002286
2026-05-18 14:35: Train Epoch 1341: 60/87 Loss: 0.001427
2026-05-18 14:35: Train Epoch 1341: 80/87 Loss: 0.008660
2026-05-18 14:35: **********Train Epoch 1341: averaged Loss: 0.003736
2026-05-18 14:35: **********Val Epoch 1341: average Loss: 0.016163
2026-05-18 14:35: Train Epoch 1342: 0/87 Loss: 0.016437
2026-05-18 14:35: Train Epoch 1342: 20/87 Loss: 0.008055
2026-05-18 14:35: Train Epoch 1342: 40/87 Loss: 0.001993
2026-05-18 14:35: Train Epoch 1342: 60/87 Loss: 0.009090
2026-05-18 14:35: Train Epoch 1342: 80/87 Loss: 0.024011
2026-05-18 14:35: **********Train Epoch 1342: averaged Loss: 0.006860
2026-05-18 14:35: **********Val Epoch 1342: average Loss: 0.006633
2026-05-18 14:35: Train Epoch 1343: 0/87 Loss: 0.038749
2026-05-18 14:35: Train Epoch 1343: 20/87 Loss: 0.007427
2026-05-18 14:35: Train Epoch 1343: 40/87 Loss: 0.003897
2026-05-18 14:35: Train Epoch 1343: 60/87 Loss: 0.002004
2026-05-18 14:35: Train Epoch 1343: 80/87 Loss: 0.029420
2026-05-18 14:35: **********Train Epoch 1343: averaged Loss: 0.009024
2026-05-18 14:35: **********Val Epoch 1343: average Loss: 0.031854
2026-05-18 14:35: Train Epoch 1344: 0/87 Loss: 0.031342
2026-05-18 14:35: Train Epoch 1344: 20/87 Loss: 0.007488
2026-05-18 14:35: Train Epoch 1344: 40/87 Loss: 0.002074
2026-05-18 14:35: Train Epoch 1344: 60/87 Loss: 0.002636
2026-05-18 14:35: Train Epoch 1344: 80/87 Loss: 0.009755
2026-05-18 14:35: **********Train Epoch 1344: averaged Loss: 0.005788
2026-05-18 14:35: **********Val Epoch 1344: average Loss: 0.009115
2026-05-18 14:35: Train Epoch 1345: 0/87 Loss: 0.004265
2026-05-18 14:35: Train Epoch 1345: 20/87 Loss: 0.001423
2026-05-18 14:35: Train Epoch 1345: 40/87 Loss: 0.002066
2026-05-18 14:35: Train Epoch 1345: 60/87 Loss: 0.001849
2026-05-18 14:35: Train Epoch 1345: 80/87 Loss: 0.008339
2026-05-18 14:35: **********Train Epoch 1345: averaged Loss: 0.002960
2026-05-18 14:35: **********Val Epoch 1345: average Loss: 0.018397
2026-05-18 14:35: Train Epoch 1346: 0/87 Loss: 0.003960
2026-05-18 14:35: Train Epoch 1346: 20/87 Loss: 0.003864
2026-05-18 14:35: Train Epoch 1346: 40/87 Loss: 0.003209
2026-05-18 14:35: Train Epoch 1346: 60/87 Loss: 0.006068
2026-05-18 14:35: Train Epoch 1346: 80/87 Loss: 0.012522
2026-05-18 14:35: **********Train Epoch 1346: averaged Loss: 0.004718
2026-05-18 14:35: **********Val Epoch 1346: average Loss: 0.011015
2026-05-18 14:35: Train Epoch 1347: 0/87 Loss: 0.034688
2026-05-18 14:35: Train Epoch 1347: 20/87 Loss: 0.009652
2026-05-18 14:35: Train Epoch 1347: 40/87 Loss: 0.003519
2026-05-18 14:35: Train Epoch 1347: 60/87 Loss: 0.004912
2026-05-18 14:35: Train Epoch 1347: 80/87 Loss: 0.020727
2026-05-18 14:35: **********Train Epoch 1347: averaged Loss: 0.010141
2026-05-18 14:35: **********Val Epoch 1347: average Loss: 0.019121
2026-05-18 14:35: Train Epoch 1348: 0/87 Loss: 0.038654
2026-05-18 14:35: Train Epoch 1348: 20/87 Loss: 0.003609
2026-05-18 14:35: Train Epoch 1348: 40/87 Loss: 0.005556
2026-05-18 14:35: Train Epoch 1348: 60/87 Loss: 0.002710
2026-05-18 14:35: Train Epoch 1348: 80/87 Loss: 0.009568
2026-05-18 14:36: **********Train Epoch 1348: averaged Loss: 0.007849
2026-05-18 14:36: **********Val Epoch 1348: average Loss: 0.005347
2026-05-18 14:36: Train Epoch 1349: 0/87 Loss: 0.003586
2026-05-18 14:36: Train Epoch 1349: 20/87 Loss: 0.003662
2026-05-18 14:36: Train Epoch 1349: 40/87 Loss: 0.002638
2026-05-18 14:36: Train Epoch 1349: 60/87 Loss: 0.002376
2026-05-18 14:36: Train Epoch 1349: 80/87 Loss: 0.008694
2026-05-18 14:36: **********Train Epoch 1349: averaged Loss: 0.003307
2026-05-18 14:36: **********Val Epoch 1349: average Loss: 0.007809
2026-05-18 14:36: Train Epoch 1350: 0/87 Loss: 0.008329
2026-05-18 14:36: Train Epoch 1350: 20/87 Loss: 0.002091
2026-05-18 14:36: Train Epoch 1350: 40/87 Loss: 0.001999
2026-05-18 14:36: Train Epoch 1350: 60/87 Loss: 0.001452
2026-05-18 14:36: Train Epoch 1350: 80/87 Loss: 0.008968
2026-05-18 14:36: **********Train Epoch 1350: averaged Loss: 0.003193
2026-05-18 14:36: **********Val Epoch 1350: average Loss: 0.017761
2026-05-18 14:36: Train Epoch 1351: 0/87 Loss: 0.016523
2026-05-18 14:36: Train Epoch 1351: 20/87 Loss: 0.004110
2026-05-18 14:36: Train Epoch 1351: 40/87 Loss: 0.002247
2026-05-18 14:36: Train Epoch 1351: 60/87 Loss: 0.001990
2026-05-18 14:36: Train Epoch 1351: 80/87 Loss: 0.008408
2026-05-18 14:36: **********Train Epoch 1351: averaged Loss: 0.003938
2026-05-18 14:36: **********Val Epoch 1351: average Loss: 0.012793
2026-05-18 14:36: Train Epoch 1352: 0/87 Loss: 0.003578
2026-05-18 14:36: Train Epoch 1352: 20/87 Loss: 0.005469
2026-05-18 14:36: Train Epoch 1352: 40/87 Loss: 0.002261
2026-05-18 14:36: Train Epoch 1352: 60/87 Loss: 0.000959
2026-05-18 14:36: Train Epoch 1352: 80/87 Loss: 0.010226
2026-05-18 14:36: **********Train Epoch 1352: averaged Loss: 0.004026
2026-05-18 14:36: **********Val Epoch 1352: average Loss: 0.009457
2026-05-18 14:36: Train Epoch 1353: 0/87 Loss: 0.018027
2026-05-18 14:36: Train Epoch 1353: 20/87 Loss: 0.004350
2026-05-18 14:36: Train Epoch 1353: 40/87 Loss: 0.002112
2026-05-18 14:36: Train Epoch 1353: 60/87 Loss: 0.005473
2026-05-18 14:36: Train Epoch 1353: 80/87 Loss: 0.014351
2026-05-18 14:36: **********Train Epoch 1353: averaged Loss: 0.005720
2026-05-18 14:36: **********Val Epoch 1353: average Loss: 0.009480
2026-05-18 14:36: Train Epoch 1354: 0/87 Loss: 0.027011
2026-05-18 14:36: Train Epoch 1354: 20/87 Loss: 0.002392
2026-05-18 14:36: Train Epoch 1354: 40/87 Loss: 0.012616
2026-05-18 14:36: Train Epoch 1354: 60/87 Loss: 0.005949
2026-05-18 14:36: Train Epoch 1354: 80/87 Loss: 0.048311
2026-05-18 14:36: **********Train Epoch 1354: averaged Loss: 0.011668
2026-05-18 14:36: **********Val Epoch 1354: average Loss: 0.043679
2026-05-18 14:36: Train Epoch 1355: 0/87 Loss: 0.054450
2026-05-18 14:36: Train Epoch 1355: 20/87 Loss: 0.004229
2026-05-18 14:36: Train Epoch 1355: 40/87 Loss: 0.003202
2026-05-18 14:36: Train Epoch 1355: 60/87 Loss: 0.000941
2026-05-18 14:36: Train Epoch 1355: 80/87 Loss: 0.009618
2026-05-18 14:36: **********Train Epoch 1355: averaged Loss: 0.007351
2026-05-18 14:36: **********Val Epoch 1355: average Loss: 0.007903
2026-05-18 14:36: Train Epoch 1356: 0/87 Loss: 0.009323
2026-05-18 14:36: Train Epoch 1356: 20/87 Loss: 0.001472
2026-05-18 14:36: Train Epoch 1356: 40/87 Loss: 0.002078
2026-05-18 14:36: Train Epoch 1356: 60/87 Loss: 0.002002
2026-05-18 14:36: Train Epoch 1356: 80/87 Loss: 0.010314
2026-05-18 14:36: **********Train Epoch 1356: averaged Loss: 0.003500
2026-05-18 14:36: **********Val Epoch 1356: average Loss: 0.015983
2026-05-18 14:36: Train Epoch 1357: 0/87 Loss: 0.002588
2026-05-18 14:36: Train Epoch 1357: 20/87 Loss: 0.003539
2026-05-18 14:36: Train Epoch 1357: 40/87 Loss: 0.002359
2026-05-18 14:36: Train Epoch 1357: 60/87 Loss: 0.000927
2026-05-18 14:36: Train Epoch 1357: 80/87 Loss: 0.008914
2026-05-18 14:36: **********Train Epoch 1357: averaged Loss: 0.003243
2026-05-18 14:36: **********Val Epoch 1357: average Loss: 0.017932
2026-05-18 14:36: Train Epoch 1358: 0/87 Loss: 0.019630
2026-05-18 14:36: Train Epoch 1358: 20/87 Loss: 0.005126
2026-05-18 14:36: Train Epoch 1358: 40/87 Loss: 0.004327
2026-05-18 14:36: Train Epoch 1358: 60/87 Loss: 0.001171
2026-05-18 14:36: Train Epoch 1358: 80/87 Loss: 0.012983
2026-05-18 14:36: **********Train Epoch 1358: averaged Loss: 0.004775
2026-05-18 14:36: **********Val Epoch 1358: average Loss: 0.017433
2026-05-18 14:36: Train Epoch 1359: 0/87 Loss: 0.021417
2026-05-18 14:36: Train Epoch 1359: 20/87 Loss: 0.002284
2026-05-18 14:36: Train Epoch 1359: 40/87 Loss: 0.002189
2026-05-18 14:36: Train Epoch 1359: 60/87 Loss: 0.009244
2026-05-18 14:36: Train Epoch 1359: 80/87 Loss: 0.013245
2026-05-18 14:36: **********Train Epoch 1359: averaged Loss: 0.005764
2026-05-18 14:36: **********Val Epoch 1359: average Loss: 0.025476
2026-05-18 14:36: Train Epoch 1360: 0/87 Loss: 0.025845
2026-05-18 14:36: Train Epoch 1360: 20/87 Loss: 0.008080
2026-05-18 14:36: Train Epoch 1360: 40/87 Loss: 0.003921
2026-05-18 14:36: Train Epoch 1360: 60/87 Loss: 0.003870
2026-05-18 14:36: Train Epoch 1360: 80/87 Loss: 0.034097
2026-05-18 14:36: **********Train Epoch 1360: averaged Loss: 0.010103
2026-05-18 14:36: **********Val Epoch 1360: average Loss: 0.021675
2026-05-18 14:36: Train Epoch 1361: 0/87 Loss: 0.044064
2026-05-18 14:36: Train Epoch 1361: 20/87 Loss: 0.001557
2026-05-18 14:36: Train Epoch 1361: 40/87 Loss: 0.002229
2026-05-18 14:36: Train Epoch 1361: 60/87 Loss: 0.002537
2026-05-18 14:36: Train Epoch 1361: 80/87 Loss: 0.009845
2026-05-18 14:36: **********Train Epoch 1361: averaged Loss: 0.006773
2026-05-18 14:36: **********Val Epoch 1361: average Loss: 0.014547
2026-05-18 14:36: Train Epoch 1362: 0/87 Loss: 0.050244
2026-05-18 14:36: Train Epoch 1362: 20/87 Loss: 0.006743
2026-05-18 14:36: Train Epoch 1362: 40/87 Loss: 0.002455
2026-05-18 14:36: Train Epoch 1362: 60/87 Loss: 0.003483
2026-05-18 14:36: Train Epoch 1362: 80/87 Loss: 0.009560
2026-05-18 14:36: **********Train Epoch 1362: averaged Loss: 0.009498
2026-05-18 14:36: **********Val Epoch 1362: average Loss: 0.023798
2026-05-18 14:36: Train Epoch 1363: 0/87 Loss: 0.005194
2026-05-18 14:36: Train Epoch 1363: 20/87 Loss: 0.004888
2026-05-18 14:36: Train Epoch 1363: 40/87 Loss: 0.004305
2026-05-18 14:36: Train Epoch 1363: 60/87 Loss: 0.001221
2026-05-18 14:36: Train Epoch 1363: 80/87 Loss: 0.009120
2026-05-18 14:36: **********Train Epoch 1363: averaged Loss: 0.004206
2026-05-18 14:36: **********Val Epoch 1363: average Loss: 0.012827
2026-05-18 14:36: Train Epoch 1364: 0/87 Loss: 0.008647
2026-05-18 14:36: Train Epoch 1364: 20/87 Loss: 0.003519
2026-05-18 14:37: Train Epoch 1364: 40/87 Loss: 0.002448
2026-05-18 14:37: Train Epoch 1364: 60/87 Loss: 0.001594
2026-05-18 14:37: Train Epoch 1364: 80/87 Loss: 0.010527
2026-05-18 14:37: **********Train Epoch 1364: averaged Loss: 0.003468
2026-05-18 14:37: **********Val Epoch 1364: average Loss: 0.009655
2026-05-18 14:37: Train Epoch 1365: 0/87 Loss: 0.013101
2026-05-18 14:37: Train Epoch 1365: 20/87 Loss: 0.002701
2026-05-18 14:37: Train Epoch 1365: 40/87 Loss: 0.002012
2026-05-18 14:37: Train Epoch 1365: 60/87 Loss: 0.002793
2026-05-18 14:37: Train Epoch 1365: 80/87 Loss: 0.009324
2026-05-18 14:37: **********Train Epoch 1365: averaged Loss: 0.003444
2026-05-18 14:37: **********Val Epoch 1365: average Loss: 0.014147
2026-05-18 14:37: Train Epoch 1366: 0/87 Loss: 0.008984
2026-05-18 14:37: Train Epoch 1366: 20/87 Loss: 0.004017
2026-05-18 14:37: Train Epoch 1366: 40/87 Loss: 0.002122
2026-05-18 14:37: Train Epoch 1366: 60/87 Loss: 0.000986
2026-05-18 14:37: Train Epoch 1366: 80/87 Loss: 0.008713
2026-05-18 14:37: **********Train Epoch 1366: averaged Loss: 0.003077
2026-05-18 14:37: **********Val Epoch 1366: average Loss: 0.016217
2026-05-18 14:37: Train Epoch 1367: 0/87 Loss: 0.002502
2026-05-18 14:37: Train Epoch 1367: 20/87 Loss: 0.001566
2026-05-18 14:37: Train Epoch 1367: 40/87 Loss: 0.002078
2026-05-18 14:37: Train Epoch 1367: 60/87 Loss: 0.000911
2026-05-18 14:37: Train Epoch 1367: 80/87 Loss: 0.008544
2026-05-18 14:37: **********Train Epoch 1367: averaged Loss: 0.002720
2026-05-18 14:37: **********Val Epoch 1367: average Loss: 0.012240
2026-05-18 14:37: Train Epoch 1368: 0/87 Loss: 0.009362
2026-05-18 14:37: Train Epoch 1368: 20/87 Loss: 0.002038
2026-05-18 14:37: Train Epoch 1368: 40/87 Loss: 0.002313
2026-05-18 14:37: Train Epoch 1368: 60/87 Loss: 0.004378
2026-05-18 14:37: Train Epoch 1368: 80/87 Loss: 0.012277
2026-05-18 14:37: **********Train Epoch 1368: averaged Loss: 0.005139
2026-05-18 14:37: **********Val Epoch 1368: average Loss: 0.008106
2026-05-18 14:37: Train Epoch 1369: 0/87 Loss: 0.029302
2026-05-18 14:37: Train Epoch 1369: 20/87 Loss: 0.009196
2026-05-18 14:37: Train Epoch 1369: 40/87 Loss: 0.003708
2026-05-18 14:37: Train Epoch 1369: 60/87 Loss: 0.007781
2026-05-18 14:37: Train Epoch 1369: 80/87 Loss: 0.035060
2026-05-18 14:37: **********Train Epoch 1369: averaged Loss: 0.012138
2026-05-18 14:37: **********Val Epoch 1369: average Loss: 0.035413
2026-05-18 14:37: Train Epoch 1370: 0/87 Loss: 0.063220
2026-05-18 14:37: Train Epoch 1370: 20/87 Loss: 0.008149
2026-05-18 14:37: Train Epoch 1370: 40/87 Loss: 0.009829
2026-05-18 14:37: Train Epoch 1370: 60/87 Loss: 0.006874
2026-05-18 14:37: Train Epoch 1370: 80/87 Loss: 0.009546
2026-05-18 14:37: **********Train Epoch 1370: averaged Loss: 0.010375
2026-05-18 14:37: **********Val Epoch 1370: average Loss: 0.007991
2026-05-18 14:37: Train Epoch 1371: 0/87 Loss: 0.008812
2026-05-18 14:37: Train Epoch 1371: 20/87 Loss: 0.002160
2026-05-18 14:37: Train Epoch 1371: 40/87 Loss: 0.002442
2026-05-18 14:37: Train Epoch 1371: 60/87 Loss: 0.001190
2026-05-18 14:37: Train Epoch 1371: 80/87 Loss: 0.009097
2026-05-18 14:37: **********Train Epoch 1371: averaged Loss: 0.004191
2026-05-18 14:37: **********Val Epoch 1371: average Loss: 0.005309
2026-05-18 14:37: Train Epoch 1372: 0/87 Loss: 0.026839
2026-05-18 14:37: Train Epoch 1372: 20/87 Loss: 0.006069
2026-05-18 14:37: Train Epoch 1372: 40/87 Loss: 0.003267
2026-05-18 14:37: Train Epoch 1372: 60/87 Loss: 0.001840
2026-05-18 14:37: Train Epoch 1372: 80/87 Loss: 0.009661
2026-05-18 14:37: **********Train Epoch 1372: averaged Loss: 0.005124
2026-05-18 14:37: **********Val Epoch 1372: average Loss: 0.008377
2026-05-18 14:37: Train Epoch 1373: 0/87 Loss: 0.002574
2026-05-18 14:37: Train Epoch 1373: 20/87 Loss: 0.002450
2026-05-18 14:37: Train Epoch 1373: 40/87 Loss: 0.002874
2026-05-18 14:37: Train Epoch 1373: 60/87 Loss: 0.006464
2026-05-18 14:37: Train Epoch 1373: 80/87 Loss: 0.012176
2026-05-18 14:37: **********Train Epoch 1373: averaged Loss: 0.004216
2026-05-18 14:37: **********Val Epoch 1373: average Loss: 0.014379
2026-05-18 14:37: Train Epoch 1374: 0/87 Loss: 0.022111
2026-05-18 14:37: Train Epoch 1374: 20/87 Loss: 0.006258
2026-05-18 14:37: Train Epoch 1374: 40/87 Loss: 0.011598
2026-05-18 14:37: Train Epoch 1374: 60/87 Loss: 0.002360
2026-05-18 14:37: Train Epoch 1374: 80/87 Loss: 0.046762
2026-05-18 14:37: **********Train Epoch 1374: averaged Loss: 0.012045
2026-05-18 14:37: **********Val Epoch 1374: average Loss: 0.029580
2026-05-18 14:37: Train Epoch 1375: 0/87 Loss: 0.061747
2026-05-18 14:37: Train Epoch 1375: 20/87 Loss: 0.004537
2026-05-18 14:37: Train Epoch 1375: 40/87 Loss: 0.004030
2026-05-18 14:37: Train Epoch 1375: 60/87 Loss: 0.001326
2026-05-18 14:37: Train Epoch 1375: 80/87 Loss: 0.010140
2026-05-18 14:37: **********Train Epoch 1375: averaged Loss: 0.009226
2026-05-18 14:37: **********Val Epoch 1375: average Loss: 0.005323
2026-05-18 14:37: Train Epoch 1376: 0/87 Loss: 0.027871
2026-05-18 14:37: Train Epoch 1376: 20/87 Loss: 0.008934
2026-05-18 14:37: Train Epoch 1376: 40/87 Loss: 0.002174
2026-05-18 14:37: Train Epoch 1376: 60/87 Loss: 0.007041
2026-05-18 14:37: Train Epoch 1376: 80/87 Loss: 0.016788
2026-05-18 14:37: **********Train Epoch 1376: averaged Loss: 0.006755
2026-05-18 14:37: **********Val Epoch 1376: average Loss: 0.012805
2026-05-18 14:37: Train Epoch 1377: 0/87 Loss: 0.021365
2026-05-18 14:37: Train Epoch 1377: 20/87 Loss: 0.006485
2026-05-18 14:37: Train Epoch 1377: 40/87 Loss: 0.003386
2026-05-18 14:37: Train Epoch 1377: 60/87 Loss: 0.004290
2026-05-18 14:37: Train Epoch 1377: 80/87 Loss: 0.030772
2026-05-18 14:37: **********Train Epoch 1377: averaged Loss: 0.006923
2026-05-18 14:37: **********Val Epoch 1377: average Loss: 0.030851
2026-05-18 14:37: Train Epoch 1378: 0/87 Loss: 0.036148
2026-05-18 14:37: Train Epoch 1378: 20/87 Loss: 0.010977
2026-05-18 14:37: Train Epoch 1378: 40/87 Loss: 0.003188
2026-05-18 14:38: Train Epoch 1378: 60/87 Loss: 0.001097
2026-05-18 14:38: Train Epoch 1378: 80/87 Loss: 0.011894
2026-05-18 14:38: **********Train Epoch 1378: averaged Loss: 0.006581
2026-05-18 14:38: **********Val Epoch 1378: average Loss: 0.005531
2026-05-18 14:38: Train Epoch 1379: 0/87 Loss: 0.008209
2026-05-18 14:38: Train Epoch 1379: 20/87 Loss: 0.001829
2026-05-18 14:38: Train Epoch 1379: 40/87 Loss: 0.002426
2026-05-18 14:38: Train Epoch 1379: 60/87 Loss: 0.000926
2026-05-18 14:38: Train Epoch 1379: 80/87 Loss: 0.008951
2026-05-18 14:38: **********Train Epoch 1379: averaged Loss: 0.003066
2026-05-18 14:38: **********Val Epoch 1379: average Loss: 0.008188
2026-05-18 14:38: Train Epoch 1380: 0/87 Loss: 0.013452
2026-05-18 14:38: Train Epoch 1380: 20/87 Loss: 0.001545
2026-05-18 14:38: Train Epoch 1380: 40/87 Loss: 0.002762
2026-05-18 14:38: Train Epoch 1380: 60/87 Loss: 0.002578
2026-05-18 14:38: Train Epoch 1380: 80/87 Loss: 0.009444
2026-05-18 14:38: **********Train Epoch 1380: averaged Loss: 0.004000
2026-05-18 14:38: **********Val Epoch 1380: average Loss: 0.014316
2026-05-18 14:38: Train Epoch 1381: 0/87 Loss: 0.005058
2026-05-18 14:38: Train Epoch 1381: 20/87 Loss: 0.006348
2026-05-18 14:38: Train Epoch 1381: 40/87 Loss: 0.002354
2026-05-18 14:38: Train Epoch 1381: 60/87 Loss: 0.010858
2026-05-18 14:38: Train Epoch 1381: 80/87 Loss: 0.023978
2026-05-18 14:38: **********Train Epoch 1381: averaged Loss: 0.006632
2026-05-18 14:38: **********Val Epoch 1381: average Loss: 0.011595
2026-05-18 14:38: Train Epoch 1382: 0/87 Loss: 0.055611
2026-05-18 14:38: Train Epoch 1382: 20/87 Loss: 0.013164
2026-05-18 14:38: Train Epoch 1382: 40/87 Loss: 0.003706
2026-05-18 14:38: Train Epoch 1382: 60/87 Loss: 0.000961
2026-05-18 14:38: Train Epoch 1382: 80/87 Loss: 0.008990
2026-05-18 14:38: **********Train Epoch 1382: averaged Loss: 0.009469
2026-05-18 14:38: **********Val Epoch 1382: average Loss: 0.031495
2026-05-18 14:38: Train Epoch 1383: 0/87 Loss: 0.004641
2026-05-18 14:38: Train Epoch 1383: 20/87 Loss: 0.003164
2026-05-18 14:38: Train Epoch 1383: 40/87 Loss: 0.002552
2026-05-18 14:38: Train Epoch 1383: 60/87 Loss: 0.002239
2026-05-18 14:38: Train Epoch 1383: 80/87 Loss: 0.011146
2026-05-18 14:38: **********Train Epoch 1383: averaged Loss: 0.004305
2026-05-18 14:38: **********Val Epoch 1383: average Loss: 0.013954
2026-05-18 14:38: Train Epoch 1384: 0/87 Loss: 0.025063
2026-05-18 14:38: Train Epoch 1384: 20/87 Loss: 0.005146
2026-05-18 14:38: Train Epoch 1384: 40/87 Loss: 0.003103
2026-05-18 14:38: Train Epoch 1384: 60/87 Loss: 0.002508
2026-05-18 14:38: Train Epoch 1384: 80/87 Loss: 0.039409
2026-05-18 14:38: **********Train Epoch 1384: averaged Loss: 0.009800
2026-05-18 14:38: **********Val Epoch 1384: average Loss: 0.027728
2026-05-18 14:38: Train Epoch 1385: 0/87 Loss: 0.054863
2026-05-18 14:38: Train Epoch 1385: 20/87 Loss: 0.003223
2026-05-18 14:38: Train Epoch 1385: 40/87 Loss: 0.004900
2026-05-18 14:38: Train Epoch 1385: 60/87 Loss: 0.001124
2026-05-18 14:38: Train Epoch 1385: 80/87 Loss: 0.009469
2026-05-18 14:38: **********Train Epoch 1385: averaged Loss: 0.008361
2026-05-18 14:38: **********Val Epoch 1385: average Loss: 0.008762
2026-05-18 14:38: Train Epoch 1386: 0/87 Loss: 0.021363
2026-05-18 14:38: Train Epoch 1386: 20/87 Loss: 0.002925
2026-05-18 14:38: Train Epoch 1386: 40/87 Loss: 0.003100
2026-05-18 14:38: Train Epoch 1386: 60/87 Loss: 0.004571
2026-05-18 14:38: Train Epoch 1386: 80/87 Loss: 0.009886
2026-05-18 14:38: **********Train Epoch 1386: averaged Loss: 0.005815
2026-05-18 14:38: **********Val Epoch 1386: average Loss: 0.020695
2026-05-18 14:38: Train Epoch 1387: 0/87 Loss: 0.008369
2026-05-18 14:38: Train Epoch 1387: 20/87 Loss: 0.002218
2026-05-18 14:38: Train Epoch 1387: 40/87 Loss: 0.002862
2026-05-18 14:38: Train Epoch 1387: 60/87 Loss: 0.005690
2026-05-18 14:38: Train Epoch 1387: 80/87 Loss: 0.012097
2026-05-18 14:38: **********Train Epoch 1387: averaged Loss: 0.004463
2026-05-18 14:38: **********Val Epoch 1387: average Loss: 0.025184
2026-05-18 14:38: Train Epoch 1388: 0/87 Loss: 0.038237
2026-05-18 14:38: Train Epoch 1388: 20/87 Loss: 0.003789
2026-05-18 14:38: Train Epoch 1388: 40/87 Loss: 0.003438
2026-05-18 14:38: Train Epoch 1388: 60/87 Loss: 0.001009
2026-05-18 14:38: Train Epoch 1388: 80/87 Loss: 0.009616
2026-05-18 14:38: **********Train Epoch 1388: averaged Loss: 0.007140
2026-05-18 14:38: **********Val Epoch 1388: average Loss: 0.011215
2026-05-18 14:38: Train Epoch 1389: 0/87 Loss: 0.006315
2026-05-18 14:38: Train Epoch 1389: 20/87 Loss: 0.003485
2026-05-18 14:38: Train Epoch 1389: 40/87 Loss: 0.002961
2026-05-18 14:38: Train Epoch 1389: 60/87 Loss: 0.003019
2026-05-18 14:38: Train Epoch 1389: 80/87 Loss: 0.008902
2026-05-18 14:38: **********Train Epoch 1389: averaged Loss: 0.003763
2026-05-18 14:38: **********Val Epoch 1389: average Loss: 0.007627
2026-05-18 14:38: Train Epoch 1390: 0/87 Loss: 0.006408
2026-05-18 14:38: Train Epoch 1390: 20/87 Loss: 0.004263
2026-05-18 14:38: Train Epoch 1390: 40/87 Loss: 0.003172
2026-05-18 14:38: Train Epoch 1390: 60/87 Loss: 0.001530
2026-05-18 14:38: Train Epoch 1390: 80/87 Loss: 0.010078
2026-05-18 14:38: **********Train Epoch 1390: averaged Loss: 0.003982
2026-05-18 14:38: **********Val Epoch 1390: average Loss: 0.005280
2026-05-18 14:38: Train Epoch 1391: 0/87 Loss: 0.020456
2026-05-18 14:38: Train Epoch 1391: 20/87 Loss: 0.002729
2026-05-18 14:38: Train Epoch 1391: 40/87 Loss: 0.002559
2026-05-18 14:38: Train Epoch 1391: 60/87 Loss: 0.002052
2026-05-18 14:38: Train Epoch 1391: 80/87 Loss: 0.009519
2026-05-18 14:38: **********Train Epoch 1391: averaged Loss: 0.004294
2026-05-18 14:38: **********Val Epoch 1391: average Loss: 0.010721
2026-05-18 14:38: Train Epoch 1392: 0/87 Loss: 0.002865
2026-05-18 14:38: Train Epoch 1392: 20/87 Loss: 0.004044
2026-05-18 14:38: Train Epoch 1392: 40/87 Loss: 0.002007
2026-05-18 14:38: Train Epoch 1392: 60/87 Loss: 0.001474
2026-05-18 14:38: Train Epoch 1392: 80/87 Loss: 0.009696
2026-05-18 14:38: **********Train Epoch 1392: averaged Loss: 0.003383
2026-05-18 14:38: **********Val Epoch 1392: average Loss: 0.008964
2026-05-18 14:38: Train Epoch 1393: 0/87 Loss: 0.007991
2026-05-18 14:38: Train Epoch 1393: 20/87 Loss: 0.003788
2026-05-18 14:39: Train Epoch 1393: 40/87 Loss: 0.002554
2026-05-18 14:39: Train Epoch 1393: 60/87 Loss: 0.006888
2026-05-18 14:39: Train Epoch 1393: 80/87 Loss: 0.012355
2026-05-18 14:39: **********Train Epoch 1393: averaged Loss: 0.003998
2026-05-18 14:39: **********Val Epoch 1393: average Loss: 0.008290
2026-05-18 14:39: Train Epoch 1394: 0/87 Loss: 0.034542
2026-05-18 14:39: Train Epoch 1394: 20/87 Loss: 0.001976
2026-05-18 14:39: Train Epoch 1394: 40/87 Loss: 0.004459
2026-05-18 14:39: Train Epoch 1394: 60/87 Loss: 0.003269
2026-05-18 14:39: Train Epoch 1394: 80/87 Loss: 0.012031
2026-05-18 14:39: **********Train Epoch 1394: averaged Loss: 0.008574
2026-05-18 14:39: **********Val Epoch 1394: average Loss: 0.011649
2026-05-18 14:39: Train Epoch 1395: 0/87 Loss: 0.009961
2026-05-18 14:39: Train Epoch 1395: 20/87 Loss: 0.002395
2026-05-18 14:39: Train Epoch 1395: 40/87 Loss: 0.002144
2026-05-18 14:39: Train Epoch 1395: 60/87 Loss: 0.002091
2026-05-18 14:39: Train Epoch 1395: 80/87 Loss: 0.008763
2026-05-18 14:39: **********Train Epoch 1395: averaged Loss: 0.003189
2026-05-18 14:39: **********Val Epoch 1395: average Loss: 0.017616
2026-05-18 14:39: Train Epoch 1396: 0/87 Loss: 0.006643
2026-05-18 14:39: Train Epoch 1396: 20/87 Loss: 0.003400
2026-05-18 14:39: Train Epoch 1396: 40/87 Loss: 0.002023
2026-05-18 14:39: Train Epoch 1396: 60/87 Loss: 0.001185
2026-05-18 14:39: Train Epoch 1396: 80/87 Loss: 0.010795
2026-05-18 14:39: **********Train Epoch 1396: averaged Loss: 0.003943
2026-05-18 14:39: **********Val Epoch 1396: average Loss: 0.004012
2026-05-18 14:39: Train Epoch 1397: 0/87 Loss: 0.009362
2026-05-18 14:39: Train Epoch 1397: 20/87 Loss: 0.004092
2026-05-18 14:39: Train Epoch 1397: 40/87 Loss: 0.004359
2026-05-18 14:39: Train Epoch 1397: 60/87 Loss: 0.004037
2026-05-18 14:39: Train Epoch 1397: 80/87 Loss: 0.020639
2026-05-18 14:39: **********Train Epoch 1397: averaged Loss: 0.006143
2026-05-18 14:39: **********Val Epoch 1397: average Loss: 0.010687
2026-05-18 14:39: Train Epoch 1398: 0/87 Loss: 0.040918
2026-05-18 14:39: Train Epoch 1398: 20/87 Loss: 0.002212
2026-05-18 14:39: Train Epoch 1398: 40/87 Loss: 0.005808
2026-05-18 14:39: Train Epoch 1398: 60/87 Loss: 0.006709
2026-05-18 14:39: Train Epoch 1398: 80/87 Loss: 0.013398
2026-05-18 14:39: **********Train Epoch 1398: averaged Loss: 0.008897
2026-05-18 14:39: **********Val Epoch 1398: average Loss: 0.008976
2026-05-18 14:39: Train Epoch 1399: 0/87 Loss: 0.009246
2026-05-18 14:39: Train Epoch 1399: 20/87 Loss: 0.007572
2026-05-18 14:39: Train Epoch 1399: 40/87 Loss: 0.002864
2026-05-18 14:39: Train Epoch 1399: 60/87 Loss: 0.004017
2026-05-18 14:39: Train Epoch 1399: 80/87 Loss: 0.029751
2026-05-18 14:39: **********Train Epoch 1399: averaged Loss: 0.006059
2026-05-18 14:39: **********Val Epoch 1399: average Loss: 0.032421
2026-05-18 14:39: Train Epoch 1400: 0/87 Loss: 0.052571
2026-05-18 14:39: Train Epoch 1400: 20/87 Loss: 0.001890
2026-05-18 14:39: Train Epoch 1400: 40/87 Loss: 0.001784
2026-05-18 14:39: Train Epoch 1400: 60/87 Loss: 0.001314
2026-05-18 14:39: Train Epoch 1400: 80/87 Loss: 0.008975
2026-05-18 14:39: **********Train Epoch 1400: averaged Loss: 0.007943
2026-05-18 14:39: **********Val Epoch 1400: average Loss: 0.004806
2026-05-18 14:39: Train Epoch 1401: 0/87 Loss: 0.017047
2026-05-18 14:39: Train Epoch 1401: 20/87 Loss: 0.002354
2026-05-18 14:39: Train Epoch 1401: 40/87 Loss: 0.002382
2026-05-18 14:39: Train Epoch 1401: 60/87 Loss: 0.006537
2026-05-18 14:39: Train Epoch 1401: 80/87 Loss: 0.016086
2026-05-18 14:39: **********Train Epoch 1401: averaged Loss: 0.005381
2026-05-18 14:39: **********Val Epoch 1401: average Loss: 0.007612
2026-05-18 14:39: Train Epoch 1402: 0/87 Loss: 0.027903
2026-05-18 14:39: Train Epoch 1402: 20/87 Loss: 0.001737
2026-05-18 14:39: Train Epoch 1402: 40/87 Loss: 0.002914
2026-05-18 14:39: Train Epoch 1402: 60/87 Loss: 0.004943
2026-05-18 14:39: Train Epoch 1402: 80/87 Loss: 0.027908
2026-05-18 14:39: **********Train Epoch 1402: averaged Loss: 0.008997
2026-05-18 14:39: **********Val Epoch 1402: average Loss: 0.018723
2026-05-18 14:39: Train Epoch 1403: 0/87 Loss: 0.044144
2026-05-18 14:39: Train Epoch 1403: 20/87 Loss: 0.001468
2026-05-18 14:39: Train Epoch 1403: 40/87 Loss: 0.003745
2026-05-18 14:39: Train Epoch 1403: 60/87 Loss: 0.002176
2026-05-18 14:39: Train Epoch 1403: 80/87 Loss: 0.009229
2026-05-18 14:39: **********Train Epoch 1403: averaged Loss: 0.009093
2026-05-18 14:39: **********Val Epoch 1403: average Loss: 0.019074
2026-05-18 14:39: Train Epoch 1404: 0/87 Loss: 0.013205
2026-05-18 14:39: Train Epoch 1404: 20/87 Loss: 0.004616
2026-05-18 14:39: Train Epoch 1404: 40/87 Loss: 0.003313
2026-05-18 14:39: Train Epoch 1404: 60/87 Loss: 0.007524
2026-05-18 14:39: Train Epoch 1404: 80/87 Loss: 0.017577
2026-05-18 14:39: **********Train Epoch 1404: averaged Loss: 0.005938
2026-05-18 14:39: **********Val Epoch 1404: average Loss: 0.012689
2026-05-18 14:39: Train Epoch 1405: 0/87 Loss: 0.042363
2026-05-18 14:39: Train Epoch 1405: 20/87 Loss: 0.003585
2026-05-18 14:39: Train Epoch 1405: 40/87 Loss: 0.003480
2026-05-18 14:39: Train Epoch 1405: 60/87 Loss: 0.004669
2026-05-18 14:39: Train Epoch 1405: 80/87 Loss: 0.015108
2026-05-18 14:39: **********Train Epoch 1405: averaged Loss: 0.008827
2026-05-18 14:39: **********Val Epoch 1405: average Loss: 0.015033
2026-05-18 14:39: Train Epoch 1406: 0/87 Loss: 0.016087
2026-05-18 14:39: Train Epoch 1406: 20/87 Loss: 0.002156
2026-05-18 14:39: Train Epoch 1406: 40/87 Loss: 0.004971
2026-05-18 14:39: Train Epoch 1406: 60/87 Loss: 0.001188
2026-05-18 14:39: Train Epoch 1406: 80/87 Loss: 0.016769
2026-05-18 14:39: **********Train Epoch 1406: averaged Loss: 0.005788
2026-05-18 14:39: **********Val Epoch 1406: average Loss: 0.004795
2026-05-18 14:39: Train Epoch 1407: 0/87 Loss: 0.004812
2026-05-18 14:39: Train Epoch 1407: 20/87 Loss: 0.004533
2026-05-18 14:39: Train Epoch 1407: 40/87 Loss: 0.003680
2026-05-18 14:39: Train Epoch 1407: 60/87 Loss: 0.008231
2026-05-18 14:40: Train Epoch 1407: 80/87 Loss: 0.018725
2026-05-18 14:40: **********Train Epoch 1407: averaged Loss: 0.005248
2026-05-18 14:40: **********Val Epoch 1407: average Loss: 0.015094
2026-05-18 14:40: Train Epoch 1408: 0/87 Loss: 0.044494
2026-05-18 14:40: Train Epoch 1408: 20/87 Loss: 0.011076
2026-05-18 14:40: Train Epoch 1408: 40/87 Loss: 0.010303
2026-05-18 14:40: Train Epoch 1408: 60/87 Loss: 0.004594
2026-05-18 14:40: Train Epoch 1408: 80/87 Loss: 0.035692
2026-05-18 14:40: **********Train Epoch 1408: averaged Loss: 0.012786
2026-05-18 14:40: **********Val Epoch 1408: average Loss: 0.029396
2026-05-18 14:40: Train Epoch 1409: 0/87 Loss: 0.041660
2026-05-18 14:40: Train Epoch 1409: 20/87 Loss: 0.008841
2026-05-18 14:40: Train Epoch 1409: 40/87 Loss: 0.002393
2026-05-18 14:40: Train Epoch 1409: 60/87 Loss: 0.001453
2026-05-18 14:40: Train Epoch 1409: 80/87 Loss: 0.008999
2026-05-18 14:40: **********Train Epoch 1409: averaged Loss: 0.006977
2026-05-18 14:40: **********Val Epoch 1409: average Loss: 0.008339
2026-05-18 14:40: Train Epoch 1410: 0/87 Loss: 0.021499
2026-05-18 14:40: Train Epoch 1410: 20/87 Loss: 0.007860
2026-05-18 14:40: Train Epoch 1410: 40/87 Loss: 0.002022
2026-05-18 14:40: Train Epoch 1410: 60/87 Loss: 0.002981
2026-05-18 14:40: Train Epoch 1410: 80/87 Loss: 0.014710
2026-05-18 14:40: **********Train Epoch 1410: averaged Loss: 0.007610
2026-05-18 14:40: **********Val Epoch 1410: average Loss: 0.020152
2026-05-18 14:40: Train Epoch 1411: 0/87 Loss: 0.024782
2026-05-18 14:40: Train Epoch 1411: 20/87 Loss: 0.007134
2026-05-18 14:40: Train Epoch 1411: 40/87 Loss: 0.002439
2026-05-18 14:40: Train Epoch 1411: 60/87 Loss: 0.003110
2026-05-18 14:40: Train Epoch 1411: 80/87 Loss: 0.039344
2026-05-18 14:40: **********Train Epoch 1411: averaged Loss: 0.008587
2026-05-18 14:40: **********Val Epoch 1411: average Loss: 0.026127
2026-05-18 14:40: Train Epoch 1412: 0/87 Loss: 0.035983
2026-05-18 14:40: Train Epoch 1412: 20/87 Loss: 0.011238
2026-05-18 14:40: Train Epoch 1412: 40/87 Loss: 0.002105
2026-05-18 14:40: Train Epoch 1412: 60/87 Loss: 0.001919
2026-05-18 14:40: Train Epoch 1412: 80/87 Loss: 0.012742
2026-05-18 14:40: **********Train Epoch 1412: averaged Loss: 0.007142
2026-05-18 14:40: **********Val Epoch 1412: average Loss: 0.007486
2026-05-18 14:40: Train Epoch 1413: 0/87 Loss: 0.010491
2026-05-18 14:40: Train Epoch 1413: 20/87 Loss: 0.001484
2026-05-18 14:40: Train Epoch 1413: 40/87 Loss: 0.002042
2026-05-18 14:40: Train Epoch 1413: 60/87 Loss: 0.001413
2026-05-18 14:40: Train Epoch 1413: 80/87 Loss: 0.009200
2026-05-18 14:40: **********Train Epoch 1413: averaged Loss: 0.003373
2026-05-18 14:40: **********Val Epoch 1413: average Loss: 0.013097
2026-05-18 14:40: Train Epoch 1414: 0/87 Loss: 0.015287
2026-05-18 14:40: Train Epoch 1414: 20/87 Loss: 0.003583
2026-05-18 14:40: Train Epoch 1414: 40/87 Loss: 0.002162
2026-05-18 14:40: Train Epoch 1414: 60/87 Loss: 0.002048
2026-05-18 14:40: Train Epoch 1414: 80/87 Loss: 0.010442
2026-05-18 14:40: **********Train Epoch 1414: averaged Loss: 0.003952
2026-05-18 14:40: **********Val Epoch 1414: average Loss: 0.004880
2026-05-18 14:40: Train Epoch 1415: 0/87 Loss: 0.011366
2026-05-18 14:40: Train Epoch 1415: 20/87 Loss: 0.001412
2026-05-18 14:40: Train Epoch 1415: 40/87 Loss: 0.002116
2026-05-18 14:40: Train Epoch 1415: 60/87 Loss: 0.005107
2026-05-18 14:40: Train Epoch 1415: 80/87 Loss: 0.019052
2026-05-18 14:40: **********Train Epoch 1415: averaged Loss: 0.005200
2026-05-18 14:40: **********Val Epoch 1415: average Loss: 0.006350
2026-05-18 14:40: Train Epoch 1416: 0/87 Loss: 0.015060
2026-05-18 14:40: Train Epoch 1416: 20/87 Loss: 0.001860
2026-05-18 14:40: Train Epoch 1416: 40/87 Loss: 0.002085
2026-05-18 14:40: Train Epoch 1416: 60/87 Loss: 0.001867
2026-05-18 14:40: Train Epoch 1416: 80/87 Loss: 0.008783
2026-05-18 14:40: **********Train Epoch 1416: averaged Loss: 0.003706
2026-05-18 14:40: **********Val Epoch 1416: average Loss: 0.027152
2026-05-18 14:40: Train Epoch 1417: 0/87 Loss: 0.021198
2026-05-18 14:40: Train Epoch 1417: 20/87 Loss: 0.006784
2026-05-18 14:40: Train Epoch 1417: 40/87 Loss: 0.003428
2026-05-18 14:40: Train Epoch 1417: 60/87 Loss: 0.005711
2026-05-18 14:40: Train Epoch 1417: 80/87 Loss: 0.017377
2026-05-18 14:40: **********Train Epoch 1417: averaged Loss: 0.006292
2026-05-18 14:40: **********Val Epoch 1417: average Loss: 0.008872
2026-05-18 14:40: Train Epoch 1418: 0/87 Loss: 0.032125
2026-05-18 14:40: Train Epoch 1418: 20/87 Loss: 0.006207
2026-05-18 14:40: Train Epoch 1418: 40/87 Loss: 0.002239
2026-05-18 14:40: Train Epoch 1418: 60/87 Loss: 0.001409
2026-05-18 14:40: Train Epoch 1418: 80/87 Loss: 0.020266
2026-05-18 14:40: **********Train Epoch 1418: averaged Loss: 0.008118
2026-05-18 14:40: **********Val Epoch 1418: average Loss: 0.019776
2026-05-18 14:40: Train Epoch 1419: 0/87 Loss: 0.004176
2026-05-18 14:40: Train Epoch 1419: 20/87 Loss: 0.001738
2026-05-18 14:40: Train Epoch 1419: 40/87 Loss: 0.002757
2026-05-18 14:40: Train Epoch 1419: 60/87 Loss: 0.006564
2026-05-18 14:40: Train Epoch 1419: 80/87 Loss: 0.013011
2026-05-18 14:40: **********Train Epoch 1419: averaged Loss: 0.004592
2026-05-18 14:40: **********Val Epoch 1419: average Loss: 0.015284
2026-05-18 14:40: Train Epoch 1420: 0/87 Loss: 0.022024
2026-05-18 14:40: Train Epoch 1420: 20/87 Loss: 0.008054
2026-05-18 14:40: Train Epoch 1420: 40/87 Loss: 0.003837
2026-05-18 14:40: Train Epoch 1420: 60/87 Loss: 0.004889
2026-05-18 14:40: Train Epoch 1420: 80/87 Loss: 0.023782
2026-05-18 14:40: **********Train Epoch 1420: averaged Loss: 0.006712
2026-05-18 14:40: **********Val Epoch 1420: average Loss: 0.017452
2026-05-18 14:40: Train Epoch 1421: 0/87 Loss: 0.039197
2026-05-18 14:40: Train Epoch 1421: 20/87 Loss: 0.007042
2026-05-18 14:40: Train Epoch 1421: 40/87 Loss: 0.002882
2026-05-18 14:40: Train Epoch 1421: 60/87 Loss: 0.000973
2026-05-18 14:40: Train Epoch 1421: 80/87 Loss: 0.009263
2026-05-18 14:40: **********Train Epoch 1421: averaged Loss: 0.005786
2026-05-18 14:40: **********Val Epoch 1421: average Loss: 0.005158
2026-05-18 14:40: Train Epoch 1422: 0/87 Loss: 0.020274
2026-05-18 14:40: Train Epoch 1422: 20/87 Loss: 0.005969
2026-05-18 14:40: Train Epoch 1422: 40/87 Loss: 0.001900
2026-05-18 14:40: Train Epoch 1422: 60/87 Loss: 0.003934
2026-05-18 14:41: Train Epoch 1422: 80/87 Loss: 0.015160
2026-05-18 14:41: **********Train Epoch 1422: averaged Loss: 0.005970
2026-05-18 14:41: **********Val Epoch 1422: average Loss: 0.006493
2026-05-18 14:41: Train Epoch 1423: 0/87 Loss: 0.020494
2026-05-18 14:41: Train Epoch 1423: 20/87 Loss: 0.003231
2026-05-18 14:41: Train Epoch 1423: 40/87 Loss: 0.003606
2026-05-18 14:41: Train Epoch 1423: 60/87 Loss: 0.004141
2026-05-18 14:41: Train Epoch 1423: 80/87 Loss: 0.027633
2026-05-18 14:41: **********Train Epoch 1423: averaged Loss: 0.006752
2026-05-18 14:41: **********Val Epoch 1423: average Loss: 0.024423
2026-05-18 14:41: Train Epoch 1424: 0/87 Loss: 0.035831
2026-05-18 14:41: Train Epoch 1424: 20/87 Loss: 0.003737
2026-05-18 14:41: Train Epoch 1424: 40/87 Loss: 0.002177
2026-05-18 14:41: Train Epoch 1424: 60/87 Loss: 0.004650
2026-05-18 14:41: Train Epoch 1424: 80/87 Loss: 0.010087
2026-05-18 14:41: **********Train Epoch 1424: averaged Loss: 0.005457
2026-05-18 14:41: **********Val Epoch 1424: average Loss: 0.005337
2026-05-18 14:41: Train Epoch 1425: 0/87 Loss: 0.006309
2026-05-18 14:41: Train Epoch 1425: 20/87 Loss: 0.001625
2026-05-18 14:41: Train Epoch 1425: 40/87 Loss: 0.003187
2026-05-18 14:41: Train Epoch 1425: 60/87 Loss: 0.001626
2026-05-18 14:41: Train Epoch 1425: 80/87 Loss: 0.010955
2026-05-18 14:41: **********Train Epoch 1425: averaged Loss: 0.003174
2026-05-18 14:41: **********Val Epoch 1425: average Loss: 0.023952
2026-05-18 14:41: Train Epoch 1426: 0/87 Loss: 0.008769
2026-05-18 14:41: Train Epoch 1426: 20/87 Loss: 0.003151
2026-05-18 14:41: Train Epoch 1426: 40/87 Loss: 0.001898
2026-05-18 14:41: Train Epoch 1426: 60/87 Loss: 0.007889
2026-05-18 14:41: Train Epoch 1426: 80/87 Loss: 0.018854
2026-05-18 14:41: **********Train Epoch 1426: averaged Loss: 0.005226
2026-05-18 14:41: **********Val Epoch 1426: average Loss: 0.008470
2026-05-18 14:41: Train Epoch 1427: 0/87 Loss: 0.027693
2026-05-18 14:41: Train Epoch 1427: 20/87 Loss: 0.006280
2026-05-18 14:41: Train Epoch 1427: 40/87 Loss: 0.002562
2026-05-18 14:41: Train Epoch 1427: 60/87 Loss: 0.002533
2026-05-18 14:41: Train Epoch 1427: 80/87 Loss: 0.009638
2026-05-18 14:41: **********Train Epoch 1427: averaged Loss: 0.005379
2026-05-18 14:41: **********Val Epoch 1427: average Loss: 0.022636
2026-05-18 14:41: Train Epoch 1428: 0/87 Loss: 0.014944
2026-05-18 14:41: Train Epoch 1428: 20/87 Loss: 0.002587
2026-05-18 14:41: Train Epoch 1428: 40/87 Loss: 0.002334
2026-05-18 14:41: Train Epoch 1428: 60/87 Loss: 0.001660
2026-05-18 14:41: Train Epoch 1428: 80/87 Loss: 0.009528
2026-05-18 14:41: **********Train Epoch 1428: averaged Loss: 0.003803
2026-05-18 14:41: **********Val Epoch 1428: average Loss: 0.013125
2026-05-18 14:41: Train Epoch 1429: 0/87 Loss: 0.010831
2026-05-18 14:41: Train Epoch 1429: 20/87 Loss: 0.001410
2026-05-18 14:41: Train Epoch 1429: 40/87 Loss: 0.002636
2026-05-18 14:41: Train Epoch 1429: 60/87 Loss: 0.001624
2026-05-18 14:41: Train Epoch 1429: 80/87 Loss: 0.011340
2026-05-18 14:41: **********Train Epoch 1429: averaged Loss: 0.004506
2026-05-18 14:41: **********Val Epoch 1429: average Loss: 0.015248
2026-05-18 14:41: Train Epoch 1430: 0/87 Loss: 0.005301
2026-05-18 14:41: Train Epoch 1430: 20/87 Loss: 0.003621
2026-05-18 14:41: Train Epoch 1430: 40/87 Loss: 0.002715
2026-05-18 14:41: Train Epoch 1430: 60/87 Loss: 0.002079
2026-05-18 14:41: Train Epoch 1430: 80/87 Loss: 0.015043
2026-05-18 14:41: **********Train Epoch 1430: averaged Loss: 0.005104
2026-05-18 14:41: **********Val Epoch 1430: average Loss: 0.026539
2026-05-18 14:41: Train Epoch 1431: 0/87 Loss: 0.034079
2026-05-18 14:41: Train Epoch 1431: 20/87 Loss: 0.011435
2026-05-18 14:41: Train Epoch 1431: 40/87 Loss: 0.006073
2026-05-18 14:41: Train Epoch 1431: 60/87 Loss: 0.004299
2026-05-18 14:41: Train Epoch 1431: 80/87 Loss: 0.011460
2026-05-18 14:41: **********Train Epoch 1431: averaged Loss: 0.008713
2026-05-18 14:41: **********Val Epoch 1431: average Loss: 0.006788
2026-05-18 14:41: Train Epoch 1432: 0/87 Loss: 0.005943
2026-05-18 14:41: Train Epoch 1432: 20/87 Loss: 0.004687
2026-05-18 14:41: Train Epoch 1432: 40/87 Loss: 0.003813
2026-05-18 14:41: Train Epoch 1432: 60/87 Loss: 0.001097
2026-05-18 14:41: Train Epoch 1432: 80/87 Loss: 0.015479
2026-05-18 14:41: **********Train Epoch 1432: averaged Loss: 0.004113
2026-05-18 14:41: **********Val Epoch 1432: average Loss: 0.028678
2026-05-18 14:41: Train Epoch 1433: 0/87 Loss: 0.003365
2026-05-18 14:41: Train Epoch 1433: 20/87 Loss: 0.001943
2026-05-18 14:41: Train Epoch 1433: 40/87 Loss: 0.002042
2026-05-18 14:41: Train Epoch 1433: 60/87 Loss: 0.002409
2026-05-18 14:41: Train Epoch 1433: 80/87 Loss: 0.008822
2026-05-18 14:41: **********Train Epoch 1433: averaged Loss: 0.002875
2026-05-18 14:41: **********Val Epoch 1433: average Loss: 0.010442
2026-05-18 14:41: Train Epoch 1434: 0/87 Loss: 0.003827
2026-05-18 14:41: Train Epoch 1434: 20/87 Loss: 0.002440
2026-05-18 14:41: Train Epoch 1434: 40/87 Loss: 0.001836
2026-05-18 14:41: Train Epoch 1434: 60/87 Loss: 0.002883
2026-05-18 14:41: Train Epoch 1434: 80/87 Loss: 0.008632
2026-05-18 14:41: **********Train Epoch 1434: averaged Loss: 0.003321
2026-05-18 14:41: **********Val Epoch 1434: average Loss: 0.007969
2026-05-18 14:41: Train Epoch 1435: 0/87 Loss: 0.008150
2026-05-18 14:41: Train Epoch 1435: 20/87 Loss: 0.006268
2026-05-18 14:41: Train Epoch 1435: 40/87 Loss: 0.002851
2026-05-18 14:41: Train Epoch 1435: 60/87 Loss: 0.005496
2026-05-18 14:41: Train Epoch 1435: 80/87 Loss: 0.026155
2026-05-18 14:41: **********Train Epoch 1435: averaged Loss: 0.006217
2026-05-18 14:41: **********Val Epoch 1435: average Loss: 0.034056
2026-05-18 14:41: Train Epoch 1436: 0/87 Loss: 0.060731
2026-05-18 14:41: Train Epoch 1436: 20/87 Loss: 0.011378
2026-05-18 14:41: Train Epoch 1436: 40/87 Loss: 0.003291
2026-05-18 14:42: Train Epoch 1436: 60/87 Loss: 0.000969
2026-05-18 14:42: Train Epoch 1436: 80/87 Loss: 0.011537
2026-05-18 14:42: **********Train Epoch 1436: averaged Loss: 0.009399
2026-05-18 14:42: **********Val Epoch 1436: average Loss: 0.004027
2026-05-18 14:42: Train Epoch 1437: 0/87 Loss: 0.019357
2026-05-18 14:42: Train Epoch 1437: 20/87 Loss: 0.003742
2026-05-18 14:42: Train Epoch 1437: 40/87 Loss: 0.001984
2026-05-18 14:42: Train Epoch 1437: 60/87 Loss: 0.002648
2026-05-18 14:42: Train Epoch 1437: 80/87 Loss: 0.009847
2026-05-18 14:42: **********Train Epoch 1437: averaged Loss: 0.004722
2026-05-18 14:42: **********Val Epoch 1437: average Loss: 0.005821
2026-05-18 14:42: Train Epoch 1438: 0/87 Loss: 0.027500
2026-05-18 14:42: Train Epoch 1438: 20/87 Loss: 0.006331
2026-05-18 14:42: Train Epoch 1438: 40/87 Loss: 0.002161
2026-05-18 14:42: Train Epoch 1438: 60/87 Loss: 0.004968
2026-05-18 14:42: Train Epoch 1438: 80/87 Loss: 0.021895
2026-05-18 14:42: **********Train Epoch 1438: averaged Loss: 0.007395
2026-05-18 14:42: **********Val Epoch 1438: average Loss: 0.009408
2026-05-18 14:42: Train Epoch 1439: 0/87 Loss: 0.033562
2026-05-18 14:42: Train Epoch 1439: 20/87 Loss: 0.004477
2026-05-18 14:42: Train Epoch 1439: 40/87 Loss: 0.003280
2026-05-18 14:42: Train Epoch 1439: 60/87 Loss: 0.002274
2026-05-18 14:42: Train Epoch 1439: 80/87 Loss: 0.023775
2026-05-18 14:42: **********Train Epoch 1439: averaged Loss: 0.006599
2026-05-18 14:42: **********Val Epoch 1439: average Loss: 0.028315
2026-05-18 14:42: Train Epoch 1440: 0/87 Loss: 0.022647
2026-05-18 14:42: Train Epoch 1440: 20/87 Loss: 0.001673
2026-05-18 14:42: Train Epoch 1440: 40/87 Loss: 0.003430
2026-05-18 14:42: Train Epoch 1440: 60/87 Loss: 0.002727
2026-05-18 14:42: Train Epoch 1440: 80/87 Loss: 0.009985
2026-05-18 14:42: **********Train Epoch 1440: averaged Loss: 0.004782
2026-05-18 14:42: **********Val Epoch 1440: average Loss: 0.012312
2026-05-18 14:42: Train Epoch 1441: 0/87 Loss: 0.004473
2026-05-18 14:42: Train Epoch 1441: 20/87 Loss: 0.002275
2026-05-18 14:42: Train Epoch 1441: 40/87 Loss: 0.002094
2026-05-18 14:42: Train Epoch 1441: 60/87 Loss: 0.001389
2026-05-18 14:42: Train Epoch 1441: 80/87 Loss: 0.010018
2026-05-18 14:42: **********Train Epoch 1441: averaged Loss: 0.003057
2026-05-18 14:42: **********Val Epoch 1441: average Loss: 0.019961
2026-05-18 14:42: Train Epoch 1442: 0/87 Loss: 0.009927
2026-05-18 14:42: Train Epoch 1442: 20/87 Loss: 0.002726
2026-05-18 14:42: Train Epoch 1442: 40/87 Loss: 0.002365
2026-05-18 14:42: Train Epoch 1442: 60/87 Loss: 0.002198
2026-05-18 14:42: Train Epoch 1442: 80/87 Loss: 0.012267
2026-05-18 14:42: **********Train Epoch 1442: averaged Loss: 0.004196
2026-05-18 14:42: **********Val Epoch 1442: average Loss: 0.011158
2026-05-18 14:42: Train Epoch 1443: 0/87 Loss: 0.016162
2026-05-18 14:42: Train Epoch 1443: 20/87 Loss: 0.003268
2026-05-18 14:42: Train Epoch 1443: 40/87 Loss: 0.002963
2026-05-18 14:42: Train Epoch 1443: 60/87 Loss: 0.001426
2026-05-18 14:42: Train Epoch 1443: 80/87 Loss: 0.020725
2026-05-18 14:42: **********Train Epoch 1443: averaged Loss: 0.004704
2026-05-18 14:42: **********Val Epoch 1443: average Loss: 0.034389
2026-05-18 14:42: Train Epoch 1444: 0/87 Loss: 0.020212
2026-05-18 14:42: Train Epoch 1444: 20/87 Loss: 0.004267
2026-05-18 14:42: Train Epoch 1444: 40/87 Loss: 0.003855
2026-05-18 14:42: Train Epoch 1444: 60/87 Loss: 0.004767
2026-05-18 14:42: Train Epoch 1444: 80/87 Loss: 0.007926
2026-05-18 14:42: **********Train Epoch 1444: averaged Loss: 0.004779
2026-05-18 14:42: **********Val Epoch 1444: average Loss: 0.010651
2026-05-18 14:42: Train Epoch 1445: 0/87 Loss: 0.011064
2026-05-18 14:42: Train Epoch 1445: 20/87 Loss: 0.001545
2026-05-18 14:42: Train Epoch 1445: 40/87 Loss: 0.002083
2026-05-18 14:42: Train Epoch 1445: 60/87 Loss: 0.001096
2026-05-18 14:42: Train Epoch 1445: 80/87 Loss: 0.012615
2026-05-18 14:42: **********Train Epoch 1445: averaged Loss: 0.004007
2026-05-18 14:42: **********Val Epoch 1445: average Loss: 0.025161
2026-05-18 14:42: Train Epoch 1446: 0/87 Loss: 0.020086
2026-05-18 14:42: Train Epoch 1446: 20/87 Loss: 0.004067
2026-05-18 14:42: Train Epoch 1446: 40/87 Loss: 0.001789
2026-05-18 14:42: Train Epoch 1446: 60/87 Loss: 0.004135
2026-05-18 14:42: Train Epoch 1446: 80/87 Loss: 0.015534
2026-05-18 14:42: **********Train Epoch 1446: averaged Loss: 0.005667
2026-05-18 14:42: **********Val Epoch 1446: average Loss: 0.004989
2026-05-18 14:42: Train Epoch 1447: 0/87 Loss: 0.031688
2026-05-18 14:42: Train Epoch 1447: 20/87 Loss: 0.006641
2026-05-18 14:42: Train Epoch 1447: 40/87 Loss: 0.003189
2026-05-18 14:42: Train Epoch 1447: 60/87 Loss: 0.003459
2026-05-18 14:42: Train Epoch 1447: 80/87 Loss: 0.035529
2026-05-18 14:42: **********Train Epoch 1447: averaged Loss: 0.010002
2026-05-18 14:42: **********Val Epoch 1447: average Loss: 0.025783
2026-05-18 14:42: Train Epoch 1448: 0/87 Loss: 0.048027
2026-05-18 14:42: Train Epoch 1448: 20/87 Loss: 0.007877
2026-05-18 14:42: Train Epoch 1448: 40/87 Loss: 0.004020
2026-05-18 14:42: Train Epoch 1448: 60/87 Loss: 0.001687
2026-05-18 14:42: Train Epoch 1448: 80/87 Loss: 0.009184
2026-05-18 14:42: **********Train Epoch 1448: averaged Loss: 0.007370
2026-05-18 14:42: **********Val Epoch 1448: average Loss: 0.008472
2026-05-18 14:42: Train Epoch 1449: 0/87 Loss: 0.015792
2026-05-18 14:42: Train Epoch 1449: 20/87 Loss: 0.001446
2026-05-18 14:42: Train Epoch 1449: 40/87 Loss: 0.002421
2026-05-18 14:42: Train Epoch 1449: 60/87 Loss: 0.002747
2026-05-18 14:42: Train Epoch 1449: 80/87 Loss: 0.008577
2026-05-18 14:42: **********Train Epoch 1449: averaged Loss: 0.003713
2026-05-18 14:42: **********Val Epoch 1449: average Loss: 0.005611
2026-05-18 14:42: Train Epoch 1450: 0/87 Loss: 0.005199
2026-05-18 14:42: Train Epoch 1450: 20/87 Loss: 0.006522
2026-05-18 14:42: Train Epoch 1450: 40/87 Loss: 0.002467
2026-05-18 14:42: Train Epoch 1450: 60/87 Loss: 0.002294
2026-05-18 14:42: Train Epoch 1450: 80/87 Loss: 0.008737
2026-05-18 14:42: **********Train Epoch 1450: averaged Loss: 0.003409
2026-05-18 14:42: **********Val Epoch 1450: average Loss: 0.007475
2026-05-18 14:42: Train Epoch 1451: 0/87 Loss: 0.002335
2026-05-18 14:42: Train Epoch 1451: 20/87 Loss: 0.001692
2026-05-18 14:42: Train Epoch 1451: 40/87 Loss: 0.001980
2026-05-18 14:42: Train Epoch 1451: 60/87 Loss: 0.001004
2026-05-18 14:42: Train Epoch 1451: 80/87 Loss: 0.010528
2026-05-18 14:43: **********Train Epoch 1451: averaged Loss: 0.002813
2026-05-18 14:43: **********Val Epoch 1451: average Loss: 0.015573
2026-05-18 14:43: Train Epoch 1452: 0/87 Loss: 0.005254
2026-05-18 14:43: Train Epoch 1452: 20/87 Loss: 0.001876
2026-05-18 14:43: Train Epoch 1452: 40/87 Loss: 0.002600
2026-05-18 14:43: Train Epoch 1452: 60/87 Loss: 0.008091
2026-05-18 14:43: Train Epoch 1452: 80/87 Loss: 0.011215
2026-05-18 14:43: **********Train Epoch 1452: averaged Loss: 0.004535
2026-05-18 14:43: **********Val Epoch 1452: average Loss: 0.014924
2026-05-18 14:43: Train Epoch 1453: 0/87 Loss: 0.028282
2026-05-18 14:43: Train Epoch 1453: 20/87 Loss: 0.004803
2026-05-18 14:43: Train Epoch 1453: 40/87 Loss: 0.002687
2026-05-18 14:43: Train Epoch 1453: 60/87 Loss: 0.001058
2026-05-18 14:43: Train Epoch 1453: 80/87 Loss: 0.014439
2026-05-18 14:43: **********Train Epoch 1453: averaged Loss: 0.006115
2026-05-18 14:43: **********Val Epoch 1453: average Loss: 0.018725
2026-05-18 14:43: Train Epoch 1454: 0/87 Loss: 0.018493
2026-05-18 14:43: Train Epoch 1454: 20/87 Loss: 0.001535
2026-05-18 14:43: Train Epoch 1454: 40/87 Loss: 0.002577
2026-05-18 14:43: Train Epoch 1454: 60/87 Loss: 0.005832
2026-05-18 14:43: Train Epoch 1454: 80/87 Loss: 0.014182
2026-05-18 14:43: **********Train Epoch 1454: averaged Loss: 0.005365
2026-05-18 14:43: **********Val Epoch 1454: average Loss: 0.007499
2026-05-18 14:43: Train Epoch 1455: 0/87 Loss: 0.022289
2026-05-18 14:43: Train Epoch 1455: 20/87 Loss: 0.007038
2026-05-18 14:43: Train Epoch 1455: 40/87 Loss: 0.003920
2026-05-18 14:43: Train Epoch 1455: 60/87 Loss: 0.003317
2026-05-18 14:43: Train Epoch 1455: 80/87 Loss: 0.042396
2026-05-18 14:43: **********Train Epoch 1455: averaged Loss: 0.007810
2026-05-18 14:43: **********Val Epoch 1455: average Loss: 0.028484
2026-05-18 14:43: Train Epoch 1456: 0/87 Loss: 0.050304
2026-05-18 14:43: Train Epoch 1456: 20/87 Loss: 0.008385
2026-05-18 14:43: Train Epoch 1456: 40/87 Loss: 0.002971
2026-05-18 14:43: Train Epoch 1456: 60/87 Loss: 0.002001
2026-05-18 14:43: Train Epoch 1456: 80/87 Loss: 0.011305
2026-05-18 14:43: **********Train Epoch 1456: averaged Loss: 0.007370
2026-05-18 14:43: **********Val Epoch 1456: average Loss: 0.008363
2026-05-18 14:43: Train Epoch 1457: 0/87 Loss: 0.029215
2026-05-18 14:43: Train Epoch 1457: 20/87 Loss: 0.003959
2026-05-18 14:43: Train Epoch 1457: 40/87 Loss: 0.002968
2026-05-18 14:43: Train Epoch 1457: 60/87 Loss: 0.001285
2026-05-18 14:43: Train Epoch 1457: 80/87 Loss: 0.012270
2026-05-18 14:43: **********Train Epoch 1457: averaged Loss: 0.008468
2026-05-18 14:43: **********Val Epoch 1457: average Loss: 0.005411
2026-05-18 14:43: Train Epoch 1458: 0/87 Loss: 0.020415
2026-05-18 14:43: Train Epoch 1458: 20/87 Loss: 0.006674
2026-05-18 14:43: Train Epoch 1458: 40/87 Loss: 0.003236
2026-05-18 14:43: Train Epoch 1458: 60/87 Loss: 0.002293
2026-05-18 14:43: Train Epoch 1458: 80/87 Loss: 0.038083
2026-05-18 14:43: **********Train Epoch 1458: averaged Loss: 0.009081
2026-05-18 14:43: **********Val Epoch 1458: average Loss: 0.023811
2026-05-18 14:43: Train Epoch 1459: 0/87 Loss: 0.051923
2026-05-18 14:43: Train Epoch 1459: 20/87 Loss: 0.002531
2026-05-18 14:43: Train Epoch 1459: 40/87 Loss: 0.002175
2026-05-18 14:43: Train Epoch 1459: 60/87 Loss: 0.001498
2026-05-18 14:43: Train Epoch 1459: 80/87 Loss: 0.009690
2026-05-18 14:43: **********Train Epoch 1459: averaged Loss: 0.007956
2026-05-18 14:43: **********Val Epoch 1459: average Loss: 0.004563
2026-05-18 14:43: Train Epoch 1460: 0/87 Loss: 0.019931
2026-05-18 14:43: Train Epoch 1460: 20/87 Loss: 0.001859
2026-05-18 14:43: Train Epoch 1460: 40/87 Loss: 0.002172
2026-05-18 14:43: Train Epoch 1460: 60/87 Loss: 0.001579
2026-05-18 14:43: Train Epoch 1460: 80/87 Loss: 0.009399
2026-05-18 14:43: **********Train Epoch 1460: averaged Loss: 0.003970
2026-05-18 14:43: **********Val Epoch 1460: average Loss: 0.006345
2026-05-18 14:43: Train Epoch 1461: 0/87 Loss: 0.010190
2026-05-18 14:43: Train Epoch 1461: 20/87 Loss: 0.003504
2026-05-18 14:43: Train Epoch 1461: 40/87 Loss: 0.002049
2026-05-18 14:43: Train Epoch 1461: 60/87 Loss: 0.001253
2026-05-18 14:43: Train Epoch 1461: 80/87 Loss: 0.010287
2026-05-18 14:43: **********Train Epoch 1461: averaged Loss: 0.003797
2026-05-18 14:43: **********Val Epoch 1461: average Loss: 0.010340
2026-05-18 14:43: Train Epoch 1462: 0/87 Loss: 0.015101
2026-05-18 14:43: Train Epoch 1462: 20/87 Loss: 0.004828
2026-05-18 14:43: Train Epoch 1462: 40/87 Loss: 0.002962
2026-05-18 14:43: Train Epoch 1462: 60/87 Loss: 0.001054
2026-05-18 14:43: Train Epoch 1462: 80/87 Loss: 0.018513
2026-05-18 14:43: **********Train Epoch 1462: averaged Loss: 0.004677
2026-05-18 14:43: **********Val Epoch 1462: average Loss: 0.042870
2026-05-18 14:43: Train Epoch 1463: 0/87 Loss: 0.016748
2026-05-18 14:43: Train Epoch 1463: 20/87 Loss: 0.002126
2026-05-18 14:43: Train Epoch 1463: 40/87 Loss: 0.001917
2026-05-18 14:43: Train Epoch 1463: 60/87 Loss: 0.009897
2026-05-18 14:43: Train Epoch 1463: 80/87 Loss: 0.010672
2026-05-18 14:43: **********Train Epoch 1463: averaged Loss: 0.005293
2026-05-18 14:43: **********Val Epoch 1463: average Loss: 0.016471
2026-05-18 14:43: Train Epoch 1464: 0/87 Loss: 0.025976
2026-05-18 14:43: Train Epoch 1464: 20/87 Loss: 0.004081
2026-05-18 14:43: Train Epoch 1464: 40/87 Loss: 0.002771
2026-05-18 14:43: Train Epoch 1464: 60/87 Loss: 0.002463
2026-05-18 14:43: Train Epoch 1464: 80/87 Loss: 0.009489
2026-05-18 14:43: **********Train Epoch 1464: averaged Loss: 0.004923
2026-05-18 14:43: **********Val Epoch 1464: average Loss: 0.024188
2026-05-18 14:43: Train Epoch 1465: 0/87 Loss: 0.007534
2026-05-18 14:43: Train Epoch 1465: 20/87 Loss: 0.001529
2026-05-18 14:43: Train Epoch 1465: 40/87 Loss: 0.001932
2026-05-18 14:43: Train Epoch 1465: 60/87 Loss: 0.003102
2026-05-18 14:43: Train Epoch 1465: 80/87 Loss: 0.008823
2026-05-18 14:43: **********Train Epoch 1465: averaged Loss: 0.004062
2026-05-18 14:43: **********Val Epoch 1465: average Loss: 0.024755
2026-05-18 14:43: Train Epoch 1466: 0/87 Loss: 0.019931
2026-05-18 14:43: Train Epoch 1466: 20/87 Loss: 0.007502
2026-05-18 14:43: Train Epoch 1466: 40/87 Loss: 0.003034
2026-05-18 14:43: Train Epoch 1466: 60/87 Loss: 0.005019
2026-05-18 14:43: Train Epoch 1466: 80/87 Loss: 0.020897
2026-05-18 14:43: **********Train Epoch 1466: averaged Loss: 0.007057
2026-05-18 14:43: **********Val Epoch 1466: average Loss: 0.018923
2026-05-18 14:43: Train Epoch 1467: 0/87 Loss: 0.043731
2026-05-18 14:44: Train Epoch 1467: 20/87 Loss: 0.005014
2026-05-18 14:44: Train Epoch 1467: 40/87 Loss: 0.002386
2026-05-18 14:44: Train Epoch 1467: 60/87 Loss: 0.001188
2026-05-18 14:44: Train Epoch 1467: 80/87 Loss: 0.012008
2026-05-18 14:44: **********Train Epoch 1467: averaged Loss: 0.007055
2026-05-18 14:44: **********Val Epoch 1467: average Loss: 0.004523
2026-05-18 14:44: Train Epoch 1468: 0/87 Loss: 0.005133
2026-05-18 14:44: Train Epoch 1468: 20/87 Loss: 0.002495
2026-05-18 14:44: Train Epoch 1468: 40/87 Loss: 0.003130
2026-05-18 14:44: Train Epoch 1468: 60/87 Loss: 0.002169
2026-05-18 14:44: Train Epoch 1468: 80/87 Loss: 0.013323
2026-05-18 14:44: **********Train Epoch 1468: averaged Loss: 0.003835
2026-05-18 14:44: **********Val Epoch 1468: average Loss: 0.011043
2026-05-18 14:44: Train Epoch 1469: 0/87 Loss: 0.024622
2026-05-18 14:44: Train Epoch 1469: 20/87 Loss: 0.006736
2026-05-18 14:44: Train Epoch 1469: 40/87 Loss: 0.001819
2026-05-18 14:44: Train Epoch 1469: 60/87 Loss: 0.005818
2026-05-18 14:44: Train Epoch 1469: 80/87 Loss: 0.019652
2026-05-18 14:44: **********Train Epoch 1469: averaged Loss: 0.006703
2026-05-18 14:44: **********Val Epoch 1469: average Loss: 0.006640
2026-05-18 14:44: Train Epoch 1470: 0/87 Loss: 0.016922
2026-05-18 14:44: Train Epoch 1470: 20/87 Loss: 0.001462
2026-05-18 14:44: Train Epoch 1470: 40/87 Loss: 0.002743
2026-05-18 14:44: Train Epoch 1470: 60/87 Loss: 0.002508
2026-05-18 14:44: Train Epoch 1470: 80/87 Loss: 0.009022
2026-05-18 14:44: **********Train Epoch 1470: averaged Loss: 0.003874
2026-05-18 14:44: **********Val Epoch 1470: average Loss: 0.026418
2026-05-18 14:44: Train Epoch 1471: 0/87 Loss: 0.016990
2026-05-18 14:44: Train Epoch 1471: 20/87 Loss: 0.003971
2026-05-18 14:44: Train Epoch 1471: 40/87 Loss: 0.002819
2026-05-18 14:44: Train Epoch 1471: 60/87 Loss: 0.002347
2026-05-18 14:44: Train Epoch 1471: 80/87 Loss: 0.010725
2026-05-18 14:44: **********Train Epoch 1471: averaged Loss: 0.004166
2026-05-18 14:44: **********Val Epoch 1471: average Loss: 0.028091
2026-05-18 14:44: Train Epoch 1472: 0/87 Loss: 0.009299
2026-05-18 14:44: Train Epoch 1472: 20/87 Loss: 0.002512
2026-05-18 14:44: Train Epoch 1472: 40/87 Loss: 0.002423
2026-05-18 14:44: Train Epoch 1472: 60/87 Loss: 0.002388
2026-05-18 14:44: Train Epoch 1472: 80/87 Loss: 0.009258
2026-05-18 14:44: **********Train Epoch 1472: averaged Loss: 0.004374
2026-05-18 14:44: **********Val Epoch 1472: average Loss: 0.012419
2026-05-18 14:44: Train Epoch 1473: 0/87 Loss: 0.003999
2026-05-18 14:44: Train Epoch 1473: 20/87 Loss: 0.005621
2026-05-18 14:44: Train Epoch 1473: 40/87 Loss: 0.004086
2026-05-18 14:44: Train Epoch 1473: 60/87 Loss: 0.001210
2026-05-18 14:44: Train Epoch 1473: 80/87 Loss: 0.009771
2026-05-18 14:44: **********Train Epoch 1473: averaged Loss: 0.003795
2026-05-18 14:44: **********Val Epoch 1473: average Loss: 0.016591
2026-05-18 14:44: Train Epoch 1474: 0/87 Loss: 0.032680
2026-05-18 14:44: Train Epoch 1474: 20/87 Loss: 0.004844
2026-05-18 14:44: Train Epoch 1474: 40/87 Loss: 0.005528
2026-05-18 14:44: Train Epoch 1474: 60/87 Loss: 0.005473
2026-05-18 14:44: Train Epoch 1474: 80/87 Loss: 0.016206
2026-05-18 14:44: **********Train Epoch 1474: averaged Loss: 0.008602
2026-05-18 14:44: **********Val Epoch 1474: average Loss: 0.004291
2026-05-18 14:44: Train Epoch 1475: 0/87 Loss: 0.010414
2026-05-18 14:44: Train Epoch 1475: 20/87 Loss: 0.006672
2026-05-18 14:44: Train Epoch 1475: 40/87 Loss: 0.002044
2026-05-18 14:44: Train Epoch 1475: 60/87 Loss: 0.001436
2026-05-18 14:44: Train Epoch 1475: 80/87 Loss: 0.013000
2026-05-18 14:44: **********Train Epoch 1475: averaged Loss: 0.004833
2026-05-18 14:44: **********Val Epoch 1475: average Loss: 0.018946
2026-05-18 14:44: Train Epoch 1476: 0/87 Loss: 0.018552
2026-05-18 14:44: Train Epoch 1476: 20/87 Loss: 0.002373
2026-05-18 14:44: Train Epoch 1476: 40/87 Loss: 0.002445
2026-05-18 14:44: Train Epoch 1476: 60/87 Loss: 0.004789
2026-05-18 14:44: Train Epoch 1476: 80/87 Loss: 0.015615
2026-05-18 14:44: **********Train Epoch 1476: averaged Loss: 0.005487
2026-05-18 14:44: **********Val Epoch 1476: average Loss: 0.005086
2026-05-18 14:44: Train Epoch 1477: 0/87 Loss: 0.018950
2026-05-18 14:44: Train Epoch 1477: 20/87 Loss: 0.006849
2026-05-18 14:44: Train Epoch 1477: 40/87 Loss: 0.002738
2026-05-18 14:44: Train Epoch 1477: 60/87 Loss: 0.001697
2026-05-18 14:44: Train Epoch 1477: 80/87 Loss: 0.035304
2026-05-18 14:44: **********Train Epoch 1477: averaged Loss: 0.007573
2026-05-18 14:44: **********Val Epoch 1477: average Loss: 0.023719
2026-05-18 14:44: Train Epoch 1478: 0/87 Loss: 0.042480
2026-05-18 14:44: Train Epoch 1478: 20/87 Loss: 0.006773
2026-05-18 14:44: Train Epoch 1478: 40/87 Loss: 0.002012
2026-05-18 14:44: Train Epoch 1478: 60/87 Loss: 0.000963
2026-05-18 14:44: Train Epoch 1478: 80/87 Loss: 0.008722
2026-05-18 14:44: **********Train Epoch 1478: averaged Loss: 0.006740
2026-05-18 14:44: **********Val Epoch 1478: average Loss: 0.007831
2026-05-18 14:44: Train Epoch 1479: 0/87 Loss: 0.028957
2026-05-18 14:44: Train Epoch 1479: 20/87 Loss: 0.007540
2026-05-18 14:44: Train Epoch 1479: 40/87 Loss: 0.006068
2026-05-18 14:44: Train Epoch 1479: 60/87 Loss: 0.002002
2026-05-18 14:44: Train Epoch 1479: 80/87 Loss: 0.017630
2026-05-18 14:44: **********Train Epoch 1479: averaged Loss: 0.008795
2026-05-18 14:44: **********Val Epoch 1479: average Loss: 0.017231
2026-05-18 14:44: Train Epoch 1480: 0/87 Loss: 0.031017
2026-05-18 14:44: Train Epoch 1480: 20/87 Loss: 0.004273
2026-05-18 14:44: Train Epoch 1480: 40/87 Loss: 0.003519
2026-05-18 14:44: Train Epoch 1480: 60/87 Loss: 0.004000
2026-05-18 14:44: Train Epoch 1480: 80/87 Loss: 0.015049
2026-05-18 14:44: **********Train Epoch 1480: averaged Loss: 0.008142
2026-05-18 14:44: **********Val Epoch 1480: average Loss: 0.016342
2026-05-18 14:44: Train Epoch 1481: 0/87 Loss: 0.027087
2026-05-18 14:44: Train Epoch 1481: 20/87 Loss: 0.005761
2026-05-18 14:44: Train Epoch 1481: 40/87 Loss: 0.002680
2026-05-18 14:44: Train Epoch 1481: 60/87 Loss: 0.007852
2026-05-18 14:44: Train Epoch 1481: 80/87 Loss: 0.017724
2026-05-18 14:44: **********Train Epoch 1481: averaged Loss: 0.006645
2026-05-18 14:44: **********Val Epoch 1481: average Loss: 0.004519
2026-05-18 14:44: Train Epoch 1482: 0/87 Loss: 0.027716
2026-05-18 14:45: Train Epoch 1482: 20/87 Loss: 0.001542
2026-05-18 14:45: Train Epoch 1482: 40/87 Loss: 0.004602
2026-05-18 14:45: Train Epoch 1482: 60/87 Loss: 0.002928
2026-05-18 14:45: Train Epoch 1482: 80/87 Loss: 0.015121
2026-05-18 14:45: **********Train Epoch 1482: averaged Loss: 0.007191
2026-05-18 14:45: **********Val Epoch 1482: average Loss: 0.016660
2026-05-18 14:45: Train Epoch 1483: 0/87 Loss: 0.022793
2026-05-18 14:45: Train Epoch 1483: 20/87 Loss: 0.002071
2026-05-18 14:45: Train Epoch 1483: 40/87 Loss: 0.002200
2026-05-18 14:45: Train Epoch 1483: 60/87 Loss: 0.003879
2026-05-18 14:45: Train Epoch 1483: 80/87 Loss: 0.020770
2026-05-18 14:45: **********Train Epoch 1483: averaged Loss: 0.005854
2026-05-18 14:45: **********Val Epoch 1483: average Loss: 0.007248
2026-05-18 14:45: Train Epoch 1484: 0/87 Loss: 0.021940
2026-05-18 14:45: Train Epoch 1484: 20/87 Loss: 0.006108
2026-05-18 14:45: Train Epoch 1484: 40/87 Loss: 0.003397
2026-05-18 14:45: Train Epoch 1484: 60/87 Loss: 0.003134
2026-05-18 14:45: Train Epoch 1484: 80/87 Loss: 0.014201
2026-05-18 14:45: **********Train Epoch 1484: averaged Loss: 0.004971
2026-05-18 14:45: **********Val Epoch 1484: average Loss: 0.028348
2026-05-18 14:45: Train Epoch 1485: 0/87 Loss: 0.003580
2026-05-18 14:45: Train Epoch 1485: 20/87 Loss: 0.003720
2026-05-18 14:45: Train Epoch 1485: 40/87 Loss: 0.003026
2026-05-18 14:45: Train Epoch 1485: 60/87 Loss: 0.001321
2026-05-18 14:45: Train Epoch 1485: 80/87 Loss: 0.009893
2026-05-18 14:45: **********Train Epoch 1485: averaged Loss: 0.003806
2026-05-18 14:45: **********Val Epoch 1485: average Loss: 0.006886
2026-05-18 14:45: Train Epoch 1486: 0/87 Loss: 0.003202
2026-05-18 14:45: Train Epoch 1486: 20/87 Loss: 0.004812
2026-05-18 14:45: Train Epoch 1486: 40/87 Loss: 0.003812
2026-05-18 14:45: Train Epoch 1486: 60/87 Loss: 0.001544
2026-05-18 14:45: Train Epoch 1486: 80/87 Loss: 0.012927
2026-05-18 14:45: **********Train Epoch 1486: averaged Loss: 0.004365
2026-05-18 14:45: **********Val Epoch 1486: average Loss: 0.018210
2026-05-18 14:45: Train Epoch 1487: 0/87 Loss: 0.033289
2026-05-18 14:45: Train Epoch 1487: 20/87 Loss: 0.003632
2026-05-18 14:45: Train Epoch 1487: 40/87 Loss: 0.004727
2026-05-18 14:45: Train Epoch 1487: 60/87 Loss: 0.005398
2026-05-18 14:45: Train Epoch 1487: 80/87 Loss: 0.010011
2026-05-18 14:45: **********Train Epoch 1487: averaged Loss: 0.007795
2026-05-18 14:45: **********Val Epoch 1487: average Loss: 0.004029
2026-05-18 14:45: Train Epoch 1488: 0/87 Loss: 0.008511
2026-05-18 14:45: Train Epoch 1488: 20/87 Loss: 0.002981
2026-05-18 14:45: Train Epoch 1488: 40/87 Loss: 0.002939
2026-05-18 14:45: Train Epoch 1488: 60/87 Loss: 0.003084
2026-05-18 14:45: Train Epoch 1488: 80/87 Loss: 0.018215
2026-05-18 14:45: **********Train Epoch 1488: averaged Loss: 0.005382
2026-05-18 14:45: **********Val Epoch 1488: average Loss: 0.010035
2026-05-18 14:45: Train Epoch 1489: 0/87 Loss: 0.030657
2026-05-18 14:45: Train Epoch 1489: 20/87 Loss: 0.002776
2026-05-18 14:45: Train Epoch 1489: 40/87 Loss: 0.003703
2026-05-18 14:45: Train Epoch 1489: 60/87 Loss: 0.003454
2026-05-18 14:45: Train Epoch 1489: 80/87 Loss: 0.014396
2026-05-18 14:45: **********Train Epoch 1489: averaged Loss: 0.007607
2026-05-18 14:45: **********Val Epoch 1489: average Loss: 0.010622
2026-05-18 14:45: Train Epoch 1490: 0/87 Loss: 0.008975
2026-05-18 14:45: Train Epoch 1490: 20/87 Loss: 0.005299
2026-05-18 14:45: Train Epoch 1490: 40/87 Loss: 0.003096
2026-05-18 14:45: Train Epoch 1490: 60/87 Loss: 0.004598
2026-05-18 14:45: Train Epoch 1490: 80/87 Loss: 0.023836
2026-05-18 14:45: **********Train Epoch 1490: averaged Loss: 0.004973
2026-05-18 14:45: **********Val Epoch 1490: average Loss: 0.020951
2026-05-18 14:45: Train Epoch 1491: 0/87 Loss: 0.033464
2026-05-18 14:45: Train Epoch 1491: 20/87 Loss: 0.003296
2026-05-18 14:45: Train Epoch 1491: 40/87 Loss: 0.002109
2026-05-18 14:45: Train Epoch 1491: 60/87 Loss: 0.002041
2026-05-18 14:45: Train Epoch 1491: 80/87 Loss: 0.012106
2026-05-18 14:45: **********Train Epoch 1491: averaged Loss: 0.006541
2026-05-18 14:45: **********Val Epoch 1491: average Loss: 0.005125
2026-05-18 14:45: Train Epoch 1492: 0/87 Loss: 0.005207
2026-05-18 14:45: Train Epoch 1492: 20/87 Loss: 0.006100
2026-05-18 14:45: Train Epoch 1492: 40/87 Loss: 0.002434
2026-05-18 14:45: Train Epoch 1492: 60/87 Loss: 0.002021
2026-05-18 14:45: Train Epoch 1492: 80/87 Loss: 0.012421
2026-05-18 14:45: **********Train Epoch 1492: averaged Loss: 0.004077
2026-05-18 14:45: **********Val Epoch 1492: average Loss: 0.031940
2026-05-18 14:45: Train Epoch 1493: 0/87 Loss: 0.025294
2026-05-18 14:45: Train Epoch 1493: 20/87 Loss: 0.004570
2026-05-18 14:45: Train Epoch 1493: 40/87 Loss: 0.002641
2026-05-18 14:45: Train Epoch 1493: 60/87 Loss: 0.006223
2026-05-18 14:45: Train Epoch 1493: 80/87 Loss: 0.010368
2026-05-18 14:45: **********Train Epoch 1493: averaged Loss: 0.005465
2026-05-18 14:45: **********Val Epoch 1493: average Loss: 0.017446
2026-05-18 14:45: Train Epoch 1494: 0/87 Loss: 0.028163
2026-05-18 14:45: Train Epoch 1494: 20/87 Loss: 0.002875
2026-05-18 14:45: Train Epoch 1494: 40/87 Loss: 0.003940
2026-05-18 14:45: Train Epoch 1494: 60/87 Loss: 0.005225
2026-05-18 14:45: Train Epoch 1494: 80/87 Loss: 0.011425
2026-05-18 14:45: **********Train Epoch 1494: averaged Loss: 0.006608
2026-05-18 14:45: **********Val Epoch 1494: average Loss: 0.006020
2026-05-18 14:45: Train Epoch 1495: 0/87 Loss: 0.016793
2026-05-18 14:45: Train Epoch 1495: 20/87 Loss: 0.002292
2026-05-18 14:45: Train Epoch 1495: 40/87 Loss: 0.003234
2026-05-18 14:45: Train Epoch 1495: 60/87 Loss: 0.007473
2026-05-18 14:45: Train Epoch 1495: 80/87 Loss: 0.014649
2026-05-18 14:45: **********Train Epoch 1495: averaged Loss: 0.005155
2026-05-18 14:45: **********Val Epoch 1495: average Loss: 0.012106
2026-05-18 14:45: Train Epoch 1496: 0/87 Loss: 0.014348
2026-05-18 14:45: Train Epoch 1496: 20/87 Loss: 0.004572
2026-05-18 14:45: Train Epoch 1496: 40/87 Loss: 0.002026
2026-05-18 14:45: Train Epoch 1496: 60/87 Loss: 0.003641
2026-05-18 14:45: Train Epoch 1496: 80/87 Loss: 0.015310
2026-05-18 14:46: **********Train Epoch 1496: averaged Loss: 0.004467
2026-05-18 14:46: **********Val Epoch 1496: average Loss: 0.037850
2026-05-18 14:46: Train Epoch 1497: 0/87 Loss: 0.006538
2026-05-18 14:46: Train Epoch 1497: 20/87 Loss: 0.001424
2026-05-18 14:46: Train Epoch 1497: 40/87 Loss: 0.002268
2026-05-18 14:46: Train Epoch 1497: 60/87 Loss: 0.001279
2026-05-18 14:46: Train Epoch 1497: 80/87 Loss: 0.008659
2026-05-18 14:46: **********Train Epoch 1497: averaged Loss: 0.002915
2026-05-18 14:46: **********Val Epoch 1497: average Loss: 0.017658
2026-05-18 14:46: Train Epoch 1498: 0/87 Loss: 0.005383
2026-05-18 14:46: Train Epoch 1498: 20/87 Loss: 0.003140
2026-05-18 14:46: Train Epoch 1498: 40/87 Loss: 0.001908
2026-05-18 14:46: Train Epoch 1498: 60/87 Loss: 0.002058
2026-05-18 14:46: Train Epoch 1498: 80/87 Loss: 0.008042
2026-05-18 14:46: **********Train Epoch 1498: averaged Loss: 0.003096
2026-05-18 14:46: **********Val Epoch 1498: average Loss: 0.015374
2026-05-18 14:46: Train Epoch 1499: 0/87 Loss: 0.004413
2026-05-18 14:46: Train Epoch 1499: 20/87 Loss: 0.002081
2026-05-18 14:46: Train Epoch 1499: 40/87 Loss: 0.002054
2026-05-18 14:46: Train Epoch 1499: 60/87 Loss: 0.003046
2026-05-18 14:46: Train Epoch 1499: 80/87 Loss: 0.010294
2026-05-18 14:46: **********Train Epoch 1499: averaged Loss: 0.003946
2026-05-18 14:46: **********Val Epoch 1499: average Loss: 0.008208
2026-05-18 14:46: Train Epoch 1500: 0/87 Loss: 0.016622
2026-05-18 14:46: Train Epoch 1500: 20/87 Loss: 0.005830
2026-05-18 14:46: Train Epoch 1500: 40/87 Loss: 0.002535
2026-05-18 14:46: Train Epoch 1500: 60/87 Loss: 0.001936
2026-05-18 14:46: Train Epoch 1500: 80/87 Loss: 0.035849
2026-05-18 14:46: **********Train Epoch 1500: averaged Loss: 0.007187
2026-05-18 14:46: **********Val Epoch 1500: average Loss: 0.028085
2026-05-18 14:46: Train Epoch 1501: 0/87 Loss: 0.053016
2026-05-18 14:46: Train Epoch 1501: 20/87 Loss: 0.008038
2026-05-18 14:46: Train Epoch 1501: 40/87 Loss: 0.002161
2026-05-18 14:46: Train Epoch 1501: 60/87 Loss: 0.000985
2026-05-18 14:46: Train Epoch 1501: 80/87 Loss: 0.009061
2026-05-18 14:46: **********Train Epoch 1501: averaged Loss: 0.007657
2026-05-18 14:46: **********Val Epoch 1501: average Loss: 0.006560
2026-05-18 14:46: Train Epoch 1502: 0/87 Loss: 0.020103
2026-05-18 14:46: Train Epoch 1502: 20/87 Loss: 0.001383
2026-05-18 14:46: Train Epoch 1502: 40/87 Loss: 0.001913
2026-05-18 14:46: Train Epoch 1502: 60/87 Loss: 0.001776
2026-05-18 14:46: Train Epoch 1502: 80/87 Loss: 0.010402
2026-05-18 14:46: **********Train Epoch 1502: averaged Loss: 0.004332
2026-05-18 14:46: **********Val Epoch 1502: average Loss: 0.010221
2026-05-18 14:46: Train Epoch 1503: 0/87 Loss: 0.005513
2026-05-18 14:46: Train Epoch 1503: 20/87 Loss: 0.002870
2026-05-18 14:46: Train Epoch 1503: 40/87 Loss: 0.002458
2026-05-18 14:46: Train Epoch 1503: 60/87 Loss: 0.000913
2026-05-18 14:46: Train Epoch 1503: 80/87 Loss: 0.008837
2026-05-18 14:46: **********Train Epoch 1503: averaged Loss: 0.003268
2026-05-18 14:46: **********Val Epoch 1503: average Loss: 0.021563
2026-05-18 14:46: Train Epoch 1504: 0/87 Loss: 0.026869
2026-05-18 14:46: Train Epoch 1504: 20/87 Loss: 0.005260
2026-05-18 14:46: Train Epoch 1504: 40/87 Loss: 0.002410
2026-05-18 14:46: Train Epoch 1504: 60/87 Loss: 0.001648
2026-05-18 14:46: Train Epoch 1504: 80/87 Loss: 0.013593
2026-05-18 14:46: **********Train Epoch 1504: averaged Loss: 0.005937
2026-05-18 14:46: **********Val Epoch 1504: average Loss: 0.021155
2026-05-18 14:46: Train Epoch 1505: 0/87 Loss: 0.015905
2026-05-18 14:46: Train Epoch 1505: 20/87 Loss: 0.001650
2026-05-18 14:46: Train Epoch 1505: 40/87 Loss: 0.003041
2026-05-18 14:46: Train Epoch 1505: 60/87 Loss: 0.005273
2026-05-18 14:46: Train Epoch 1505: 80/87 Loss: 0.012472
2026-05-18 14:46: **********Train Epoch 1505: averaged Loss: 0.004996
2026-05-18 14:46: **********Val Epoch 1505: average Loss: 0.013450
2026-05-18 14:46: Train Epoch 1506: 0/87 Loss: 0.019596
2026-05-18 14:46: Train Epoch 1506: 20/87 Loss: 0.007706
2026-05-18 14:46: Train Epoch 1506: 40/87 Loss: 0.002915
2026-05-18 14:46: Train Epoch 1506: 60/87 Loss: 0.001914
2026-05-18 14:46: Train Epoch 1506: 80/87 Loss: 0.040001
2026-05-18 14:46: **********Train Epoch 1506: averaged Loss: 0.007753
2026-05-18 14:46: **********Val Epoch 1506: average Loss: 0.029701
2026-05-18 14:46: Train Epoch 1507: 0/87 Loss: 0.056115
2026-05-18 14:46: Train Epoch 1507: 20/87 Loss: 0.007805
2026-05-18 14:46: Train Epoch 1507: 40/87 Loss: 0.003314
2026-05-18 14:46: Train Epoch 1507: 60/87 Loss: 0.001114
2026-05-18 14:46: Train Epoch 1507: 80/87 Loss: 0.008717
2026-05-18 14:46: **********Train Epoch 1507: averaged Loss: 0.008002
2026-05-18 14:46: **********Val Epoch 1507: average Loss: 0.010525
2026-05-18 14:46: Train Epoch 1508: 0/87 Loss: 0.023696
2026-05-18 14:46: Train Epoch 1508: 20/87 Loss: 0.004216
2026-05-18 14:46: Train Epoch 1508: 40/87 Loss: 0.002705
2026-05-18 14:46: Train Epoch 1508: 60/87 Loss: 0.001899
2026-05-18 14:46: Train Epoch 1508: 80/87 Loss: 0.008619
2026-05-18 14:46: **********Train Epoch 1508: averaged Loss: 0.004455
2026-05-18 14:46: **********Val Epoch 1508: average Loss: 0.010761
2026-05-18 14:46: Train Epoch 1509: 0/87 Loss: 0.002593
2026-05-18 14:46: Train Epoch 1509: 20/87 Loss: 0.002656
2026-05-18 14:46: Train Epoch 1509: 40/87 Loss: 0.001882
2026-05-18 14:46: Train Epoch 1509: 60/87 Loss: 0.001092
2026-05-18 14:46: Train Epoch 1509: 80/87 Loss: 0.008539
2026-05-18 14:46: **********Train Epoch 1509: averaged Loss: 0.002937
2026-05-18 14:46: **********Val Epoch 1509: average Loss: 0.014596
2026-05-18 14:46: Train Epoch 1510: 0/87 Loss: 0.009994
2026-05-18 14:46: Train Epoch 1510: 20/87 Loss: 0.001991
2026-05-18 14:46: Train Epoch 1510: 40/87 Loss: 0.002088
2026-05-18 14:46: Train Epoch 1510: 60/87 Loss: 0.001329
2026-05-18 14:46: Train Epoch 1510: 80/87 Loss: 0.010134
2026-05-18 14:46: **********Train Epoch 1510: averaged Loss: 0.004405
2026-05-18 14:46: **********Val Epoch 1510: average Loss: 0.011910
2026-05-18 14:46: Train Epoch 1511: 0/87 Loss: 0.027623
2026-05-18 14:46: Train Epoch 1511: 20/87 Loss: 0.005148
2026-05-18 14:46: Train Epoch 1511: 40/87 Loss: 0.002365
2026-05-18 14:46: Train Epoch 1511: 60/87 Loss: 0.001917
2026-05-18 14:46: Train Epoch 1511: 80/87 Loss: 0.038894
2026-05-18 14:46: **********Train Epoch 1511: averaged Loss: 0.009790
2026-05-18 14:46: **********Val Epoch 1511: average Loss: 0.031484
2026-05-18 14:46: Train Epoch 1512: 0/87 Loss: 0.053560
2026-05-18 14:46: Train Epoch 1512: 20/87 Loss: 0.008402
2026-05-18 14:47: Train Epoch 1512: 40/87 Loss: 0.006652
2026-05-18 14:47: Train Epoch 1512: 60/87 Loss: 0.002481
2026-05-18 14:47: Train Epoch 1512: 80/87 Loss: 0.011322
2026-05-18 14:47: **********Train Epoch 1512: averaged Loss: 0.009218
2026-05-18 14:47: **********Val Epoch 1512: average Loss: 0.006710
2026-05-18 14:47: Train Epoch 1513: 0/87 Loss: 0.017235
2026-05-18 14:47: Train Epoch 1513: 20/87 Loss: 0.001942
2026-05-18 14:47: Train Epoch 1513: 40/87 Loss: 0.003341
2026-05-18 14:47: Train Epoch 1513: 60/87 Loss: 0.004834
2026-05-18 14:47: Train Epoch 1513: 80/87 Loss: 0.014534
2026-05-18 14:47: **********Train Epoch 1513: averaged Loss: 0.005474
2026-05-18 14:47: **********Val Epoch 1513: average Loss: 0.008783
2026-05-18 14:47: Train Epoch 1514: 0/87 Loss: 0.019945
2026-05-18 14:47: Train Epoch 1514: 20/87 Loss: 0.003889
2026-05-18 14:47: Train Epoch 1514: 40/87 Loss: 0.002843
2026-05-18 14:47: Train Epoch 1514: 60/87 Loss: 0.001145
2026-05-18 14:47: Train Epoch 1514: 80/87 Loss: 0.008960
2026-05-18 14:47: **********Train Epoch 1514: averaged Loss: 0.004250
2026-05-18 14:47: **********Val Epoch 1514: average Loss: 0.026755
2026-05-18 14:47: Train Epoch 1515: 0/87 Loss: 0.027680
2026-05-18 14:47: Train Epoch 1515: 20/87 Loss: 0.007161
2026-05-18 14:47: Train Epoch 1515: 40/87 Loss: 0.002627
2026-05-18 14:47: Train Epoch 1515: 60/87 Loss: 0.001860
2026-05-18 14:47: Train Epoch 1515: 80/87 Loss: 0.014929
2026-05-18 14:47: **********Train Epoch 1515: averaged Loss: 0.005893
2026-05-18 14:47: **********Val Epoch 1515: average Loss: 0.011276
2026-05-18 14:47: Train Epoch 1516: 0/87 Loss: 0.023503
2026-05-18 14:47: Train Epoch 1516: 20/87 Loss: 0.002325
2026-05-18 14:47: Train Epoch 1516: 40/87 Loss: 0.002763
2026-05-18 14:47: Train Epoch 1516: 60/87 Loss: 0.002695
2026-05-18 14:47: Train Epoch 1516: 80/87 Loss: 0.011699
2026-05-18 14:47: **********Train Epoch 1516: averaged Loss: 0.005220
2026-05-18 14:47: **********Val Epoch 1516: average Loss: 0.007709
2026-05-18 14:47: Train Epoch 1517: 0/87 Loss: 0.018247
2026-05-18 14:47: Train Epoch 1517: 20/87 Loss: 0.002195
2026-05-18 14:47: Train Epoch 1517: 40/87 Loss: 0.002243
2026-05-18 14:47: Train Epoch 1517: 60/87 Loss: 0.007884
2026-05-18 14:47: Train Epoch 1517: 80/87 Loss: 0.013185
2026-05-18 14:47: **********Train Epoch 1517: averaged Loss: 0.004805
2026-05-18 14:47: **********Val Epoch 1517: average Loss: 0.010192
2026-05-18 14:47: Train Epoch 1518: 0/87 Loss: 0.022279
2026-05-18 14:47: Train Epoch 1518: 20/87 Loss: 0.006408
2026-05-18 14:47: Train Epoch 1518: 40/87 Loss: 0.003156
2026-05-18 14:47: Train Epoch 1518: 60/87 Loss: 0.003949
2026-05-18 14:47: Train Epoch 1518: 80/87 Loss: 0.028222
2026-05-18 14:47: **********Train Epoch 1518: averaged Loss: 0.007449
2026-05-18 14:47: **********Val Epoch 1518: average Loss: 0.023571
2026-05-18 14:47: Train Epoch 1519: 0/87 Loss: 0.038354
2026-05-18 14:47: Train Epoch 1519: 20/87 Loss: 0.002111
2026-05-18 14:47: Train Epoch 1519: 40/87 Loss: 0.002165
2026-05-18 14:47: Train Epoch 1519: 60/87 Loss: 0.001099
2026-05-18 14:47: Train Epoch 1519: 80/87 Loss: 0.013556
2026-05-18 14:47: **********Train Epoch 1519: averaged Loss: 0.007555
2026-05-18 14:47: **********Val Epoch 1519: average Loss: 0.005456
2026-05-18 14:47: Train Epoch 1520: 0/87 Loss: 0.004644
2026-05-18 14:47: Train Epoch 1520: 20/87 Loss: 0.001496
2026-05-18 14:47: Train Epoch 1520: 40/87 Loss: 0.002953
2026-05-18 14:47: Train Epoch 1520: 60/87 Loss: 0.002774
2026-05-18 14:47: Train Epoch 1520: 80/87 Loss: 0.009291
2026-05-18 14:47: **********Train Epoch 1520: averaged Loss: 0.003038
2026-05-18 14:47: **********Val Epoch 1520: average Loss: 0.010485
2026-05-18 14:47: Train Epoch 1521: 0/87 Loss: 0.010407
2026-05-18 14:47: Train Epoch 1521: 20/87 Loss: 0.001643
2026-05-18 14:47: Train Epoch 1521: 40/87 Loss: 0.002148
2026-05-18 14:47: Train Epoch 1521: 60/87 Loss: 0.003345
2026-05-18 14:47: Train Epoch 1521: 80/87 Loss: 0.008707
2026-05-18 14:47: **********Train Epoch 1521: averaged Loss: 0.003730
2026-05-18 14:47: **********Val Epoch 1521: average Loss: 0.018157
2026-05-18 14:47: Train Epoch 1522: 0/87 Loss: 0.019770
2026-05-18 14:47: Train Epoch 1522: 20/87 Loss: 0.003283
2026-05-18 14:47: Train Epoch 1522: 40/87 Loss: 0.002302
2026-05-18 14:47: Train Epoch 1522: 60/87 Loss: 0.005978
2026-05-18 14:47: Train Epoch 1522: 80/87 Loss: 0.017025
2026-05-18 14:47: **********Train Epoch 1522: averaged Loss: 0.005318
2026-05-18 14:47: **********Val Epoch 1522: average Loss: 0.012702
2026-05-18 14:47: Train Epoch 1523: 0/87 Loss: 0.036741
2026-05-18 14:47: Train Epoch 1523: 20/87 Loss: 0.003709
2026-05-18 14:47: Train Epoch 1523: 40/87 Loss: 0.003764
2026-05-18 14:47: Train Epoch 1523: 60/87 Loss: 0.003090
2026-05-18 14:47: Train Epoch 1523: 80/87 Loss: 0.013413
2026-05-18 14:47: **********Train Epoch 1523: averaged Loss: 0.007399
2026-05-18 14:47: **********Val Epoch 1523: average Loss: 0.006676
2026-05-18 14:47: Train Epoch 1524: 0/87 Loss: 0.005409
2026-05-18 14:47: Train Epoch 1524: 20/87 Loss: 0.003928
2026-05-18 14:47: Train Epoch 1524: 40/87 Loss: 0.002491
2026-05-18 14:47: Train Epoch 1524: 60/87 Loss: 0.000943
2026-05-18 14:47: Train Epoch 1524: 80/87 Loss: 0.012027
2026-05-18 14:47: **********Train Epoch 1524: averaged Loss: 0.004489
2026-05-18 14:47: **********Val Epoch 1524: average Loss: 0.024774
2026-05-18 14:47: Train Epoch 1525: 0/87 Loss: 0.018202
2026-05-18 14:47: Train Epoch 1525: 20/87 Loss: 0.001494
2026-05-18 14:47: Train Epoch 1525: 40/87 Loss: 0.001694
2026-05-18 14:47: Train Epoch 1525: 60/87 Loss: 0.004769
2026-05-18 14:47: Train Epoch 1525: 80/87 Loss: 0.020015
2026-05-18 14:47: **********Train Epoch 1525: averaged Loss: 0.005411
2026-05-18 14:47: **********Val Epoch 1525: average Loss: 0.007369
2026-05-18 14:47: Train Epoch 1526: 0/87 Loss: 0.023917
2026-05-18 14:47: Train Epoch 1526: 20/87 Loss: 0.005084
2026-05-18 14:47: Train Epoch 1526: 40/87 Loss: 0.005741
2026-05-18 14:47: Train Epoch 1526: 60/87 Loss: 0.002819
2026-05-18 14:48: Train Epoch 1526: 80/87 Loss: 0.022771
2026-05-18 14:48: **********Train Epoch 1526: averaged Loss: 0.007123
2026-05-18 14:48: **********Val Epoch 1526: average Loss: 0.027548
2026-05-18 14:48: Train Epoch 1527: 0/87 Loss: 0.032554
2026-05-18 14:48: Train Epoch 1527: 20/87 Loss: 0.007108
2026-05-18 14:48: Train Epoch 1527: 40/87 Loss: 0.002021
2026-05-18 14:48: Train Epoch 1527: 60/87 Loss: 0.001297
2026-05-18 14:48: Train Epoch 1527: 80/87 Loss: 0.010484
2026-05-18 14:48: **********Train Epoch 1527: averaged Loss: 0.006441
2026-05-18 14:48: **********Val Epoch 1527: average Loss: 0.009928
2026-05-18 14:48: Train Epoch 1528: 0/87 Loss: 0.010663
2026-05-18 14:48: Train Epoch 1528: 20/87 Loss: 0.006184
2026-05-18 14:48: Train Epoch 1528: 40/87 Loss: 0.003184
2026-05-18 14:48: Train Epoch 1528: 60/87 Loss: 0.004276
2026-05-18 14:48: Train Epoch 1528: 80/87 Loss: 0.025137
2026-05-18 14:48: **********Train Epoch 1528: averaged Loss: 0.005571
2026-05-18 14:48: **********Val Epoch 1528: average Loss: 0.018336
2026-05-18 14:48: Train Epoch 1529: 0/87 Loss: 0.039112
2026-05-18 14:48: Train Epoch 1529: 20/87 Loss: 0.004799
2026-05-18 14:48: Train Epoch 1529: 40/87 Loss: 0.004644
2026-05-18 14:48: Train Epoch 1529: 60/87 Loss: 0.003028
2026-05-18 14:48: Train Epoch 1529: 80/87 Loss: 0.009882
2026-05-18 14:48: **********Train Epoch 1529: averaged Loss: 0.008018
2026-05-18 14:48: **********Val Epoch 1529: average Loss: 0.007797
2026-05-18 14:48: Train Epoch 1530: 0/87 Loss: 0.008894
2026-05-18 14:48: Train Epoch 1530: 20/87 Loss: 0.002317
2026-05-18 14:48: Train Epoch 1530: 40/87 Loss: 0.003157
2026-05-18 14:48: Train Epoch 1530: 60/87 Loss: 0.004302
2026-05-18 14:48: Train Epoch 1530: 80/87 Loss: 0.020067
2026-05-18 14:48: **********Train Epoch 1530: averaged Loss: 0.006323
2026-05-18 14:48: **********Val Epoch 1530: average Loss: 0.016383
2026-05-18 14:48: Train Epoch 1531: 0/87 Loss: 0.036349
2026-05-18 14:48: Train Epoch 1531: 20/87 Loss: 0.005483
2026-05-18 14:48: Train Epoch 1531: 40/87 Loss: 0.003236
2026-05-18 14:48: Train Epoch 1531: 60/87 Loss: 0.005099
2026-05-18 14:48: Train Epoch 1531: 80/87 Loss: 0.012894
2026-05-18 14:48: **********Train Epoch 1531: averaged Loss: 0.007699
2026-05-18 14:48: **********Val Epoch 1531: average Loss: 0.004657
2026-05-18 14:48: Train Epoch 1532: 0/87 Loss: 0.024831
2026-05-18 14:48: Train Epoch 1532: 20/87 Loss: 0.005251
2026-05-18 14:48: Train Epoch 1532: 40/87 Loss: 0.002358
2026-05-18 14:48: Train Epoch 1532: 60/87 Loss: 0.001579
2026-05-18 14:48: Train Epoch 1532: 80/87 Loss: 0.013771
2026-05-18 14:48: **********Train Epoch 1532: averaged Loss: 0.005756
2026-05-18 14:48: **********Val Epoch 1532: average Loss: 0.007951
2026-05-18 14:48: Train Epoch 1533: 0/87 Loss: 0.006534
2026-05-18 14:48: Train Epoch 1533: 20/87 Loss: 0.001876
2026-05-18 14:48: Train Epoch 1533: 40/87 Loss: 0.004438
2026-05-18 14:48: Train Epoch 1533: 60/87 Loss: 0.002287
2026-05-18 14:48: Train Epoch 1533: 80/87 Loss: 0.008595
2026-05-18 14:48: **********Train Epoch 1533: averaged Loss: 0.003351
2026-05-18 14:48: **********Val Epoch 1533: average Loss: 0.018157
2026-05-18 14:48: Train Epoch 1534: 0/87 Loss: 0.017462
2026-05-18 14:48: Train Epoch 1534: 20/87 Loss: 0.006049
2026-05-18 14:48: Train Epoch 1534: 40/87 Loss: 0.003397
2026-05-18 14:48: Train Epoch 1534: 60/87 Loss: 0.001549
2026-05-18 14:48: Train Epoch 1534: 80/87 Loss: 0.016689
2026-05-18 14:48: **********Train Epoch 1534: averaged Loss: 0.005094
2026-05-18 14:48: **********Val Epoch 1534: average Loss: 0.022778
2026-05-18 14:48: Train Epoch 1535: 0/87 Loss: 0.029051
2026-05-18 14:48: Train Epoch 1535: 20/87 Loss: 0.005355
2026-05-18 14:48: Train Epoch 1535: 40/87 Loss: 0.003221
2026-05-18 14:48: Train Epoch 1535: 60/87 Loss: 0.006009
2026-05-18 14:48: Train Epoch 1535: 80/87 Loss: 0.013754
2026-05-18 14:48: **********Train Epoch 1535: averaged Loss: 0.006431
2026-05-18 14:48: **********Val Epoch 1535: average Loss: 0.011168
2026-05-18 14:48: Train Epoch 1536: 0/87 Loss: 0.021423
2026-05-18 14:48: Train Epoch 1536: 20/87 Loss: 0.005139
2026-05-18 14:48: Train Epoch 1536: 40/87 Loss: 0.002798
2026-05-18 14:48: Train Epoch 1536: 60/87 Loss: 0.002042
2026-05-18 14:48: Train Epoch 1536: 80/87 Loss: 0.023181
2026-05-18 14:48: **********Train Epoch 1536: averaged Loss: 0.007095
2026-05-18 14:48: **********Val Epoch 1536: average Loss: 0.017683
2026-05-18 14:48: Train Epoch 1537: 0/87 Loss: 0.034112
2026-05-18 14:48: Train Epoch 1537: 20/87 Loss: 0.006072
2026-05-18 14:48: Train Epoch 1537: 40/87 Loss: 0.002696
2026-05-18 14:48: Train Epoch 1537: 60/87 Loss: 0.004077
2026-05-18 14:48: Train Epoch 1537: 80/87 Loss: 0.014751
2026-05-18 14:48: **********Train Epoch 1537: averaged Loss: 0.006967
2026-05-18 14:48: **********Val Epoch 1537: average Loss: 0.007553
2026-05-18 14:48: Train Epoch 1538: 0/87 Loss: 0.010913
2026-05-18 14:48: Train Epoch 1538: 20/87 Loss: 0.002505
2026-05-18 14:48: Train Epoch 1538: 40/87 Loss: 0.002459
2026-05-18 14:48: Train Epoch 1538: 60/87 Loss: 0.002472
2026-05-18 14:48: Train Epoch 1538: 80/87 Loss: 0.039083
2026-05-18 14:48: **********Train Epoch 1538: averaged Loss: 0.008477
2026-05-18 14:48: **********Val Epoch 1538: average Loss: 0.009734
2026-05-18 14:48: Train Epoch 1539: 0/87 Loss: 0.053812
2026-05-18 14:48: Train Epoch 1539: 20/87 Loss: 0.010468
2026-05-18 14:48: Train Epoch 1539: 40/87 Loss: 0.003359
2026-05-18 14:48: Train Epoch 1539: 60/87 Loss: 0.001334
2026-05-18 14:48: Train Epoch 1539: 80/87 Loss: 0.015643
2026-05-18 14:48: **********Train Epoch 1539: averaged Loss: 0.009641
2026-05-18 14:48: **********Val Epoch 1539: average Loss: 0.004610
2026-05-18 14:48: Train Epoch 1540: 0/87 Loss: 0.014756
2026-05-18 14:48: Train Epoch 1540: 20/87 Loss: 0.007012
2026-05-18 14:48: Train Epoch 1540: 40/87 Loss: 0.002779
2026-05-18 14:48: Train Epoch 1540: 60/87 Loss: 0.002885
2026-05-18 14:48: Train Epoch 1540: 80/87 Loss: 0.024323
2026-05-18 14:48: **********Train Epoch 1540: averaged Loss: 0.005904
2026-05-18 14:48: **********Val Epoch 1540: average Loss: 0.021978
2026-05-18 14:48: Train Epoch 1541: 0/87 Loss: 0.043372
2026-05-18 14:48: Train Epoch 1541: 20/87 Loss: 0.001451
2026-05-18 14:48: Train Epoch 1541: 40/87 Loss: 0.002312
2026-05-18 14:48: Train Epoch 1541: 60/87 Loss: 0.001211
2026-05-18 14:49: Train Epoch 1541: 80/87 Loss: 0.009255
2026-05-18 14:49: **********Train Epoch 1541: averaged Loss: 0.006617
2026-05-18 14:49: **********Val Epoch 1541: average Loss: 0.007347
2026-05-18 14:49: Train Epoch 1542: 0/87 Loss: 0.026906
2026-05-18 14:49: Train Epoch 1542: 20/87 Loss: 0.005686
2026-05-18 14:49: Train Epoch 1542: 40/87 Loss: 0.003049
2026-05-18 14:49: Train Epoch 1542: 60/87 Loss: 0.007168
2026-05-18 14:49: Train Epoch 1542: 80/87 Loss: 0.021506
2026-05-18 14:49: **********Train Epoch 1542: averaged Loss: 0.007293
2026-05-18 14:49: **********Val Epoch 1542: average Loss: 0.007620
2026-05-18 14:49: Train Epoch 1543: 0/87 Loss: 0.029750
2026-05-18 14:49: Train Epoch 1543: 20/87 Loss: 0.005428
2026-05-18 14:49: Train Epoch 1543: 40/87 Loss: 0.005517
2026-05-18 14:49: Train Epoch 1543: 60/87 Loss: 0.004029
2026-05-18 14:49: Train Epoch 1543: 80/87 Loss: 0.020866
2026-05-18 14:49: **********Train Epoch 1543: averaged Loss: 0.007821
2026-05-18 14:49: **********Val Epoch 1543: average Loss: 0.026316
2026-05-18 14:49: Train Epoch 1544: 0/87 Loss: 0.021569
2026-05-18 14:49: Train Epoch 1544: 20/87 Loss: 0.002860
2026-05-18 14:49: Train Epoch 1544: 40/87 Loss: 0.002772
2026-05-18 14:49: Train Epoch 1544: 60/87 Loss: 0.001626
2026-05-18 14:49: Train Epoch 1544: 80/87 Loss: 0.010247
2026-05-18 14:49: **********Train Epoch 1544: averaged Loss: 0.004622
2026-05-18 14:49: **********Val Epoch 1544: average Loss: 0.009313
2026-05-18 14:49: Train Epoch 1545: 0/87 Loss: 0.006014
2026-05-18 14:49: Train Epoch 1545: 20/87 Loss: 0.002255
2026-05-18 14:49: Train Epoch 1545: 40/87 Loss: 0.002941
2026-05-18 14:49: Train Epoch 1545: 60/87 Loss: 0.001469
2026-05-18 14:49: Train Epoch 1545: 80/87 Loss: 0.008643
2026-05-18 14:49: **********Train Epoch 1545: averaged Loss: 0.003269
2026-05-18 14:49: **********Val Epoch 1545: average Loss: 0.016644
2026-05-18 14:49: Train Epoch 1546: 0/87 Loss: 0.003705
2026-05-18 14:49: Train Epoch 1546: 20/87 Loss: 0.004717
2026-05-18 14:49: Train Epoch 1546: 40/87 Loss: 0.001805
2026-05-18 14:49: Train Epoch 1546: 60/87 Loss: 0.003603
2026-05-18 14:49: Train Epoch 1546: 80/87 Loss: 0.013242
2026-05-18 14:49: **********Train Epoch 1546: averaged Loss: 0.003788
2026-05-18 14:49: **********Val Epoch 1546: average Loss: 0.006136
2026-05-18 14:49: Train Epoch 1547: 0/87 Loss: 0.020056
2026-05-18 14:49: Train Epoch 1547: 20/87 Loss: 0.005759
2026-05-18 14:49: Train Epoch 1547: 40/87 Loss: 0.002505
2026-05-18 14:49: Train Epoch 1547: 60/87 Loss: 0.002046
2026-05-18 14:49: Train Epoch 1547: 80/87 Loss: 0.036535
2026-05-18 14:49: **********Train Epoch 1547: averaged Loss: 0.007912
2026-05-18 14:49: **********Val Epoch 1547: average Loss: 0.022885
2026-05-18 14:49: Train Epoch 1548: 0/87 Loss: 0.048923
2026-05-18 14:49: Train Epoch 1548: 20/87 Loss: 0.009593
2026-05-18 14:49: Train Epoch 1548: 40/87 Loss: 0.002694
2026-05-18 14:49: Train Epoch 1548: 60/87 Loss: 0.000984
2026-05-18 14:49: Train Epoch 1548: 80/87 Loss: 0.008570
2026-05-18 14:49: **********Train Epoch 1548: averaged Loss: 0.007450
2026-05-18 14:49: **********Val Epoch 1548: average Loss: 0.008328
2026-05-18 14:49: Train Epoch 1549: 0/87 Loss: 0.028615
2026-05-18 14:49: Train Epoch 1549: 20/87 Loss: 0.005771
2026-05-18 14:49: Train Epoch 1549: 40/87 Loss: 0.007149
2026-05-18 14:49: Train Epoch 1549: 60/87 Loss: 0.004058
2026-05-18 14:49: Train Epoch 1549: 80/87 Loss: 0.015464
2026-05-18 14:49: **********Train Epoch 1549: averaged Loss: 0.008473
2026-05-18 14:49: **********Val Epoch 1549: average Loss: 0.013526
2026-05-18 14:49: Train Epoch 1550: 0/87 Loss: 0.020476
2026-05-18 14:49: Train Epoch 1550: 20/87 Loss: 0.005582
2026-05-18 14:49: Train Epoch 1550: 40/87 Loss: 0.004586
2026-05-18 14:49: Train Epoch 1550: 60/87 Loss: 0.001093
2026-05-18 14:49: Train Epoch 1550: 80/87 Loss: 0.014284
2026-05-18 14:49: **********Train Epoch 1550: averaged Loss: 0.006454
2026-05-18 14:49: **********Val Epoch 1550: average Loss: 0.028613
2026-05-18 14:49: Train Epoch 1551: 0/87 Loss: 0.016670
2026-05-18 14:49: Train Epoch 1551: 20/87 Loss: 0.001857
2026-05-18 14:49: Train Epoch 1551: 40/87 Loss: 0.002168
2026-05-18 14:49: Train Epoch 1551: 60/87 Loss: 0.004819
2026-05-18 14:49: Train Epoch 1551: 80/87 Loss: 0.011406
2026-05-18 14:49: **********Train Epoch 1551: averaged Loss: 0.004532
2026-05-18 14:49: **********Val Epoch 1551: average Loss: 0.011819
2026-05-18 14:49: Train Epoch 1552: 0/87 Loss: 0.008693
2026-05-18 14:49: Train Epoch 1552: 20/87 Loss: 0.001672
2026-05-18 14:49: Train Epoch 1552: 40/87 Loss: 0.002336
2026-05-18 14:49: Train Epoch 1552: 60/87 Loss: 0.000896
2026-05-18 14:49: Train Epoch 1552: 80/87 Loss: 0.007935
2026-05-18 14:49: **********Train Epoch 1552: averaged Loss: 0.002924
2026-05-18 14:49: **********Val Epoch 1552: average Loss: 0.023329
2026-05-18 14:49: Train Epoch 1553: 0/87 Loss: 0.004381
2026-05-18 14:49: Train Epoch 1553: 20/87 Loss: 0.001838
2026-05-18 14:49: Train Epoch 1553: 40/87 Loss: 0.003030
2026-05-18 14:49: Train Epoch 1553: 60/87 Loss: 0.001097
2026-05-18 14:49: Train Epoch 1553: 80/87 Loss: 0.009207
2026-05-18 14:49: **********Train Epoch 1553: averaged Loss: 0.002929
2026-05-18 14:49: **********Val Epoch 1553: average Loss: 0.017116
2026-05-18 14:49: Train Epoch 1554: 0/87 Loss: 0.004834
2026-05-18 14:49: Train Epoch 1554: 20/87 Loss: 0.005169
2026-05-18 14:49: Train Epoch 1554: 40/87 Loss: 0.004102
2026-05-18 14:49: Train Epoch 1554: 60/87 Loss: 0.001272
2026-05-18 14:49: Train Epoch 1554: 80/87 Loss: 0.019903
2026-05-18 14:49: **********Train Epoch 1554: averaged Loss: 0.004671
2026-05-18 14:49: **********Val Epoch 1554: average Loss: 0.029430
2026-05-18 14:49: Train Epoch 1555: 0/87 Loss: 0.026572
2026-05-18 14:49: Train Epoch 1555: 20/87 Loss: 0.003717
2026-05-18 14:49: Train Epoch 1555: 40/87 Loss: 0.002018
2026-05-18 14:49: Train Epoch 1555: 60/87 Loss: 0.000931
2026-05-18 14:49: Train Epoch 1555: 80/87 Loss: 0.007795
2026-05-18 14:49: **********Train Epoch 1555: averaged Loss: 0.004490
2026-05-18 14:49: **********Val Epoch 1555: average Loss: 0.015882
2026-05-18 14:49: Train Epoch 1556: 0/87 Loss: 0.013009
2026-05-18 14:50: Train Epoch 1556: 20/87 Loss: 0.002140
2026-05-18 14:50: Train Epoch 1556: 40/87 Loss: 0.001929
2026-05-18 14:50: Train Epoch 1556: 60/87 Loss: 0.000868
2026-05-18 14:50: Train Epoch 1556: 80/87 Loss: 0.007966
2026-05-18 14:50: **********Train Epoch 1556: averaged Loss: 0.003272
2026-05-18 14:50: **********Val Epoch 1556: average Loss: 0.011351
2026-05-18 14:50: Train Epoch 1557: 0/87 Loss: 0.002260
2026-05-18 14:50: Train Epoch 1557: 20/87 Loss: 0.001687
2026-05-18 14:50: Train Epoch 1557: 40/87 Loss: 0.001919
2026-05-18 14:50: Train Epoch 1557: 60/87 Loss: 0.001485
2026-05-18 14:50: Train Epoch 1557: 80/87 Loss: 0.010582
2026-05-18 14:50: **********Train Epoch 1557: averaged Loss: 0.003016
2026-05-18 14:50: **********Val Epoch 1557: average Loss: 0.009932
2026-05-18 14:50: Train Epoch 1558: 0/87 Loss: 0.018675
2026-05-18 14:50: Train Epoch 1558: 20/87 Loss: 0.003703
2026-05-18 14:50: Train Epoch 1558: 40/87 Loss: 0.001734
2026-05-18 14:50: Train Epoch 1558: 60/87 Loss: 0.005509
2026-05-18 14:50: Train Epoch 1558: 80/87 Loss: 0.008573
2026-05-18 14:50: **********Train Epoch 1558: averaged Loss: 0.004520
2026-05-18 14:50: **********Val Epoch 1558: average Loss: 0.014604
2026-05-18 14:50: Train Epoch 1559: 0/87 Loss: 0.009980
2026-05-18 14:50: Train Epoch 1559: 20/87 Loss: 0.002402
2026-05-18 14:50: Train Epoch 1559: 40/87 Loss: 0.002394
2026-05-18 14:50: Train Epoch 1559: 60/87 Loss: 0.006235
2026-05-18 14:50: Train Epoch 1559: 80/87 Loss: 0.023732
2026-05-18 14:50: **********Train Epoch 1559: averaged Loss: 0.005131
2026-05-18 14:50: **********Val Epoch 1559: average Loss: 0.018483
2026-05-18 14:50: Train Epoch 1560: 0/87 Loss: 0.033056
2026-05-18 14:50: Train Epoch 1560: 20/87 Loss: 0.003984
2026-05-18 14:50: Train Epoch 1560: 40/87 Loss: 0.002333
2026-05-18 14:50: Train Epoch 1560: 60/87 Loss: 0.005739
2026-05-18 14:50: Train Epoch 1560: 80/87 Loss: 0.010621
2026-05-18 14:50: **********Train Epoch 1560: averaged Loss: 0.007169
2026-05-18 14:50: **********Val Epoch 1560: average Loss: 0.012429
2026-05-18 14:50: Train Epoch 1561: 0/87 Loss: 0.003593
2026-05-18 14:50: Train Epoch 1561: 20/87 Loss: 0.003206
2026-05-18 14:50: Train Epoch 1561: 40/87 Loss: 0.003083
2026-05-18 14:50: Train Epoch 1561: 60/87 Loss: 0.002243
2026-05-18 14:50: Train Epoch 1561: 80/87 Loss: 0.011835
2026-05-18 14:50: **********Train Epoch 1561: averaged Loss: 0.003813
2026-05-18 14:50: **********Val Epoch 1561: average Loss: 0.034624
2026-05-18 14:50: Train Epoch 1562: 0/87 Loss: 0.016400
2026-05-18 14:50: Train Epoch 1562: 20/87 Loss: 0.005091
2026-05-18 14:50: Train Epoch 1562: 40/87 Loss: 0.001684
2026-05-18 14:50: Train Epoch 1562: 60/87 Loss: 0.007837
2026-05-18 14:50: Train Epoch 1562: 80/87 Loss: 0.017958
2026-05-18 14:50: **********Train Epoch 1562: averaged Loss: 0.005447
2026-05-18 14:50: **********Val Epoch 1562: average Loss: 0.009435
2026-05-18 14:50: Train Epoch 1563: 0/87 Loss: 0.033913
2026-05-18 14:50: Train Epoch 1563: 20/87 Loss: 0.002192
2026-05-18 14:50: Train Epoch 1563: 40/87 Loss: 0.002730
2026-05-18 14:50: Train Epoch 1563: 60/87 Loss: 0.001729
2026-05-18 14:50: Train Epoch 1563: 80/87 Loss: 0.030750
2026-05-18 14:50: **********Train Epoch 1563: averaged Loss: 0.009079
2026-05-18 14:50: **********Val Epoch 1563: average Loss: 0.027815
2026-05-18 14:50: Train Epoch 1564: 0/87 Loss: 0.031222
2026-05-18 14:50: Train Epoch 1564: 20/87 Loss: 0.006624
2026-05-18 14:50: Train Epoch 1564: 40/87 Loss: 0.001907
2026-05-18 14:50: Train Epoch 1564: 60/87 Loss: 0.001572
2026-05-18 14:50: Train Epoch 1564: 80/87 Loss: 0.008101
2026-05-18 14:50: **********Train Epoch 1564: averaged Loss: 0.006145
2026-05-18 14:50: **********Val Epoch 1564: average Loss: 0.010199
2026-05-18 14:50: Train Epoch 1565: 0/87 Loss: 0.002942
2026-05-18 14:50: Train Epoch 1565: 20/87 Loss: 0.003527
2026-05-18 14:50: Train Epoch 1565: 40/87 Loss: 0.001953
2026-05-18 14:50: Train Epoch 1565: 60/87 Loss: 0.000902
2026-05-18 14:50: Train Epoch 1565: 80/87 Loss: 0.008019
2026-05-18 14:50: **********Train Epoch 1565: averaged Loss: 0.002957
2026-05-18 14:50: **********Val Epoch 1565: average Loss: 0.022696
2026-05-18 14:50: Train Epoch 1566: 0/87 Loss: 0.002324
2026-05-18 14:50: Train Epoch 1566: 20/87 Loss: 0.002412
2026-05-18 14:50: Train Epoch 1566: 40/87 Loss: 0.002835
2026-05-18 14:50: Train Epoch 1566: 60/87 Loss: 0.008948
2026-05-18 14:50: Train Epoch 1566: 80/87 Loss: 0.009836
2026-05-18 14:50: **********Train Epoch 1566: averaged Loss: 0.004277
2026-05-18 14:50: **********Val Epoch 1566: average Loss: 0.026124
2026-05-18 14:50: Train Epoch 1567: 0/87 Loss: 0.034916
2026-05-18 14:50: Train Epoch 1567: 20/87 Loss: 0.002795
2026-05-18 14:50: Train Epoch 1567: 40/87 Loss: 0.005806
2026-05-18 14:50: Train Epoch 1567: 60/87 Loss: 0.003048
2026-05-18 14:50: Train Epoch 1567: 80/87 Loss: 0.017788
2026-05-18 14:50: **********Train Epoch 1567: averaged Loss: 0.008301
2026-05-18 14:50: **********Val Epoch 1567: average Loss: 0.026129
2026-05-18 14:50: Train Epoch 1568: 0/87 Loss: 0.013337
2026-05-18 14:50: Train Epoch 1568: 20/87 Loss: 0.001944
2026-05-18 14:50: Train Epoch 1568: 40/87 Loss: 0.002113
2026-05-18 14:50: Train Epoch 1568: 60/87 Loss: 0.001721
2026-05-18 14:50: Train Epoch 1568: 80/87 Loss: 0.008440
2026-05-18 14:50: **********Train Epoch 1568: averaged Loss: 0.003049
2026-05-18 14:50: **********Val Epoch 1568: average Loss: 0.016948
2026-05-18 14:50: Train Epoch 1569: 0/87 Loss: 0.007090
2026-05-18 14:50: Train Epoch 1569: 20/87 Loss: 0.001391
2026-05-18 14:50: Train Epoch 1569: 40/87 Loss: 0.002196
2026-05-18 14:50: Train Epoch 1569: 60/87 Loss: 0.001831
2026-05-18 14:50: Train Epoch 1569: 80/87 Loss: 0.007989
2026-05-18 14:50: **********Train Epoch 1569: averaged Loss: 0.002889
2026-05-18 14:50: **********Val Epoch 1569: average Loss: 0.012286
2026-05-18 14:50: Train Epoch 1570: 0/87 Loss: 0.004642
2026-05-18 14:50: Train Epoch 1570: 20/87 Loss: 0.004338
2026-05-18 14:50: Train Epoch 1570: 40/87 Loss: 0.002115
2026-05-18 14:50: Train Epoch 1570: 60/87 Loss: 0.001063
2026-05-18 14:50: Train Epoch 1570: 80/87 Loss: 0.008666
2026-05-18 14:50: **********Train Epoch 1570: averaged Loss: 0.003054
2026-05-18 14:50: **********Val Epoch 1570: average Loss: 0.013056
2026-05-18 14:50: Train Epoch 1571: 0/87 Loss: 0.016311
2026-05-18 14:51: Train Epoch 1571: 20/87 Loss: 0.002485
2026-05-18 14:51: Train Epoch 1571: 40/87 Loss: 0.001890
2026-05-18 14:51: Train Epoch 1571: 60/87 Loss: 0.005421
2026-05-18 14:51: Train Epoch 1571: 80/87 Loss: 0.007596
2026-05-18 14:51: **********Train Epoch 1571: averaged Loss: 0.004175
2026-05-18 14:51: **********Val Epoch 1571: average Loss: 0.012298
2026-05-18 14:51: Train Epoch 1572: 0/87 Loss: 0.021569
2026-05-18 14:51: Train Epoch 1572: 20/87 Loss: 0.005629
2026-05-18 14:51: Train Epoch 1572: 40/87 Loss: 0.003445
2026-05-18 14:51: Train Epoch 1572: 60/87 Loss: 0.002471
2026-05-18 14:51: Train Epoch 1572: 80/87 Loss: 0.035710
2026-05-18 14:51: **********Train Epoch 1572: averaged Loss: 0.006908
2026-05-18 14:51: **********Val Epoch 1572: average Loss: 0.028840
2026-05-18 14:51: Train Epoch 1573: 0/87 Loss: 0.041155
2026-05-18 14:51: Train Epoch 1573: 20/87 Loss: 0.001275
2026-05-18 14:51: Train Epoch 1573: 40/87 Loss: 0.002764
2026-05-18 14:51: Train Epoch 1573: 60/87 Loss: 0.001881
2026-05-18 14:51: Train Epoch 1573: 80/87 Loss: 0.008812
2026-05-18 14:51: **********Train Epoch 1573: averaged Loss: 0.006965
2026-05-18 14:51: **********Val Epoch 1573: average Loss: 0.011291
2026-05-18 14:51: Train Epoch 1574: 0/87 Loss: 0.010505
2026-05-18 14:51: Train Epoch 1574: 20/87 Loss: 0.002124
2026-05-18 14:51: Train Epoch 1574: 40/87 Loss: 0.001830
2026-05-18 14:51: Train Epoch 1574: 60/87 Loss: 0.000863
2026-05-18 14:51: Train Epoch 1574: 80/87 Loss: 0.007519
2026-05-18 14:51: **********Train Epoch 1574: averaged Loss: 0.003478
2026-05-18 14:51: **********Val Epoch 1574: average Loss: 0.016022
2026-05-18 14:51: Train Epoch 1575: 0/87 Loss: 0.011735
2026-05-18 14:51: Train Epoch 1575: 20/87 Loss: 0.004080
2026-05-18 14:51: Train Epoch 1575: 40/87 Loss: 0.002140
2026-05-18 14:51: Train Epoch 1575: 60/87 Loss: 0.002248
2026-05-18 14:51: Train Epoch 1575: 80/87 Loss: 0.007697
2026-05-18 14:51: **********Train Epoch 1575: averaged Loss: 0.003413
2026-05-18 14:51: **********Val Epoch 1575: average Loss: 0.009310
2026-05-18 14:51: Train Epoch 1576: 0/87 Loss: 0.002825
2026-05-18 14:51: Train Epoch 1576: 20/87 Loss: 0.001307
2026-05-18 14:51: Train Epoch 1576: 40/87 Loss: 0.001810
2026-05-18 14:51: Train Epoch 1576: 60/87 Loss: 0.002012
2026-05-18 14:51: Train Epoch 1576: 80/87 Loss: 0.007956
2026-05-18 14:51: **********Train Epoch 1576: averaged Loss: 0.002661
2026-05-18 14:51: **********Val Epoch 1576: average Loss: 0.011035
2026-05-18 14:51: Train Epoch 1577: 0/87 Loss: 0.022231
2026-05-18 14:51: Train Epoch 1577: 20/87 Loss: 0.001573
2026-05-18 14:51: Train Epoch 1577: 40/87 Loss: 0.001935
2026-05-18 14:51: Train Epoch 1577: 60/87 Loss: 0.001087
2026-05-18 14:51: Train Epoch 1577: 80/87 Loss: 0.008121
2026-05-18 14:51: **********Train Epoch 1577: averaged Loss: 0.004004
2026-05-18 14:51: **********Val Epoch 1577: average Loss: 0.014252
2026-05-18 14:51: Train Epoch 1578: 0/87 Loss: 0.013069
2026-05-18 14:51: Train Epoch 1578: 20/87 Loss: 0.001714
2026-05-18 14:51: Train Epoch 1578: 40/87 Loss: 0.002144
2026-05-18 14:51: Train Epoch 1578: 60/87 Loss: 0.000944
2026-05-18 14:51: Train Epoch 1578: 80/87 Loss: 0.007737
2026-05-18 14:51: **********Train Epoch 1578: averaged Loss: 0.003258
2026-05-18 14:51: **********Val Epoch 1578: average Loss: 0.011352
2026-05-18 14:51: Train Epoch 1579: 0/87 Loss: 0.003389
2026-05-18 14:51: Train Epoch 1579: 20/87 Loss: 0.001424
2026-05-18 14:51: Train Epoch 1579: 40/87 Loss: 0.001684
2026-05-18 14:51: Train Epoch 1579: 60/87 Loss: 0.000987
2026-05-18 14:51: Train Epoch 1579: 80/87 Loss: 0.008413
2026-05-18 14:51: **********Train Epoch 1579: averaged Loss: 0.002910
2026-05-18 14:51: **********Val Epoch 1579: average Loss: 0.017659
2026-05-18 14:51: Train Epoch 1580: 0/87 Loss: 0.005926
2026-05-18 14:51: Train Epoch 1580: 20/87 Loss: 0.002060
2026-05-18 14:51: Train Epoch 1580: 40/87 Loss: 0.003082
2026-05-18 14:51: Train Epoch 1580: 60/87 Loss: 0.000996
2026-05-18 14:51: Train Epoch 1580: 80/87 Loss: 0.011362
2026-05-18 14:51: **********Train Epoch 1580: averaged Loss: 0.003508
2026-05-18 14:51: **********Val Epoch 1580: average Loss: 0.012680
2026-05-18 14:51: Train Epoch 1581: 0/87 Loss: 0.026364
2026-05-18 14:51: Train Epoch 1581: 20/87 Loss: 0.004554
2026-05-18 14:51: Train Epoch 1581: 40/87 Loss: 0.004010
2026-05-18 14:51: Train Epoch 1581: 60/87 Loss: 0.007994
2026-05-18 14:51: Train Epoch 1581: 80/87 Loss: 0.017453
2026-05-18 14:51: **********Train Epoch 1581: averaged Loss: 0.006653
2026-05-18 14:51: **********Val Epoch 1581: average Loss: 0.006846
2026-05-18 14:51: Train Epoch 1582: 0/87 Loss: 0.032830
2026-05-18 14:51: Train Epoch 1582: 20/87 Loss: 0.004521
2026-05-18 14:51: Train Epoch 1582: 40/87 Loss: 0.003293
2026-05-18 14:51: Train Epoch 1582: 60/87 Loss: 0.003832
2026-05-18 14:51: Train Epoch 1582: 80/87 Loss: 0.030753
2026-05-18 14:51: **********Train Epoch 1582: averaged Loss: 0.009360
2026-05-18 14:51: **********Val Epoch 1582: average Loss: 0.018290
2026-05-18 14:51: Train Epoch 1583: 0/87 Loss: 0.047289
2026-05-18 14:51: Train Epoch 1583: 20/87 Loss: 0.003961
2026-05-18 14:51: Train Epoch 1583: 40/87 Loss: 0.002181
2026-05-18 14:51: Train Epoch 1583: 60/87 Loss: 0.003118
2026-05-18 14:51: Train Epoch 1583: 80/87 Loss: 0.008989
2026-05-18 14:51: **********Train Epoch 1583: averaged Loss: 0.008676
2026-05-18 14:51: **********Val Epoch 1583: average Loss: 0.010071
2026-05-18 14:51: Train Epoch 1584: 0/87 Loss: 0.003628
2026-05-18 14:51: Train Epoch 1584: 20/87 Loss: 0.003334
2026-05-18 14:51: Train Epoch 1584: 40/87 Loss: 0.001853
2026-05-18 14:51: Train Epoch 1584: 60/87 Loss: 0.000941
2026-05-18 14:51: Train Epoch 1584: 80/87 Loss: 0.007515
2026-05-18 14:51: **********Train Epoch 1584: averaged Loss: 0.002613
2026-05-18 14:51: **********Val Epoch 1584: average Loss: 0.015685
2026-05-18 14:51: Train Epoch 1585: 0/87 Loss: 0.008009
2026-05-18 14:51: Train Epoch 1585: 20/87 Loss: 0.001923
2026-05-18 14:51: Train Epoch 1585: 40/87 Loss: 0.001630
2026-05-18 14:51: Train Epoch 1585: 60/87 Loss: 0.001417
2026-05-18 14:51: Train Epoch 1585: 80/87 Loss: 0.007428
2026-05-18 14:52: **********Train Epoch 1585: averaged Loss: 0.003034
2026-05-18 14:52: **********Val Epoch 1585: average Loss: 0.009077
2026-05-18 14:52: Train Epoch 1586: 0/87 Loss: 0.013548
2026-05-18 14:52: Train Epoch 1586: 20/87 Loss: 0.003426
2026-05-18 14:52: Train Epoch 1586: 40/87 Loss: 0.003300
2026-05-18 14:52: Train Epoch 1586: 60/87 Loss: 0.002994
2026-05-18 14:52: Train Epoch 1586: 80/87 Loss: 0.010898
2026-05-18 14:52: **********Train Epoch 1586: averaged Loss: 0.004814
2026-05-18 14:52: **********Val Epoch 1586: average Loss: 0.019737
2026-05-18 14:52: Train Epoch 1587: 0/87 Loss: 0.026605
2026-05-18 14:52: Train Epoch 1587: 20/87 Loss: 0.003183
2026-05-18 14:52: Train Epoch 1587: 40/87 Loss: 0.002415
2026-05-18 14:52: Train Epoch 1587: 60/87 Loss: 0.005589
2026-05-18 14:52: Train Epoch 1587: 80/87 Loss: 0.013525
2026-05-18 14:52: **********Train Epoch 1587: averaged Loss: 0.006691
2026-05-18 14:52: **********Val Epoch 1587: average Loss: 0.006227
2026-05-18 14:52: Train Epoch 1588: 0/87 Loss: 0.026559
2026-05-18 14:52: Train Epoch 1588: 20/87 Loss: 0.004808
2026-05-18 14:52: Train Epoch 1588: 40/87 Loss: 0.012328
2026-05-18 14:52: Train Epoch 1588: 60/87 Loss: 0.002876
2026-05-18 14:52: Train Epoch 1588: 80/87 Loss: 0.043393
2026-05-18 14:52: **********Train Epoch 1588: averaged Loss: 0.012076
2026-05-18 14:52: **********Val Epoch 1588: average Loss: 0.015689
2026-05-18 14:52: Train Epoch 1589: 0/87 Loss: 0.050490
2026-05-18 14:52: Train Epoch 1589: 20/87 Loss: 0.008632
2026-05-18 14:52: Train Epoch 1589: 40/87 Loss: 0.003873
2026-05-18 14:52: Train Epoch 1589: 60/87 Loss: 0.002825
2026-05-18 14:52: Train Epoch 1589: 80/87 Loss: 0.018885
2026-05-18 14:52: **********Train Epoch 1589: averaged Loss: 0.008788
2026-05-18 14:52: **********Val Epoch 1589: average Loss: 0.006541
2026-05-18 14:52: Train Epoch 1590: 0/87 Loss: 0.015045
2026-05-18 14:52: Train Epoch 1590: 20/87 Loss: 0.002956
2026-05-18 14:52: Train Epoch 1590: 40/87 Loss: 0.004083
2026-05-18 14:52: Train Epoch 1590: 60/87 Loss: 0.006899
2026-05-18 14:52: Train Epoch 1590: 80/87 Loss: 0.010150
2026-05-18 14:52: **********Train Epoch 1590: averaged Loss: 0.005285
2026-05-18 14:52: **********Val Epoch 1590: average Loss: 0.019970
2026-05-18 14:52: Train Epoch 1591: 0/87 Loss: 0.029110
2026-05-18 14:52: Train Epoch 1591: 20/87 Loss: 0.002386
2026-05-18 14:52: Train Epoch 1591: 40/87 Loss: 0.004072
2026-05-18 14:52: Train Epoch 1591: 60/87 Loss: 0.004875
2026-05-18 14:52: Train Epoch 1591: 80/87 Loss: 0.011074
2026-05-18 14:52: **********Train Epoch 1591: averaged Loss: 0.007255
2026-05-18 14:52: **********Val Epoch 1591: average Loss: 0.010894
2026-05-18 14:52: Train Epoch 1592: 0/87 Loss: 0.017228
2026-05-18 14:52: Train Epoch 1592: 20/87 Loss: 0.002652
2026-05-18 14:52: Train Epoch 1592: 40/87 Loss: 0.002248
2026-05-18 14:52: Train Epoch 1592: 60/87 Loss: 0.007959
2026-05-18 14:52: Train Epoch 1592: 80/87 Loss: 0.014268
2026-05-18 14:52: **********Train Epoch 1592: averaged Loss: 0.005159
2026-05-18 14:52: **********Val Epoch 1592: average Loss: 0.007326
2026-05-18 14:52: Train Epoch 1593: 0/87 Loss: 0.016697
2026-05-18 14:52: Train Epoch 1593: 20/87 Loss: 0.001511
2026-05-18 14:52: Train Epoch 1593: 40/87 Loss: 0.001991
2026-05-18 14:52: Train Epoch 1593: 60/87 Loss: 0.002984
2026-05-18 14:52: Train Epoch 1593: 80/87 Loss: 0.012705
2026-05-18 14:52: **********Train Epoch 1593: averaged Loss: 0.004131
2026-05-18 14:52: **********Val Epoch 1593: average Loss: 0.035472
2026-05-18 14:52: Train Epoch 1594: 0/87 Loss: 0.007543
2026-05-18 14:52: Train Epoch 1594: 20/87 Loss: 0.001383
2026-05-18 14:52: Train Epoch 1594: 40/87 Loss: 0.002479
2026-05-18 14:52: Train Epoch 1594: 60/87 Loss: 0.002935
2026-05-18 14:52: Train Epoch 1594: 80/87 Loss: 0.009900
2026-05-18 14:52: **********Train Epoch 1594: averaged Loss: 0.003218
2026-05-18 14:52: **********Val Epoch 1594: average Loss: 0.017376
2026-05-18 14:52: Train Epoch 1595: 0/87 Loss: 0.017770
2026-05-18 14:52: Train Epoch 1595: 20/87 Loss: 0.003002
2026-05-18 14:52: Train Epoch 1595: 40/87 Loss: 0.003542
2026-05-18 14:52: Train Epoch 1595: 60/87 Loss: 0.005061
2026-05-18 14:52: Train Epoch 1595: 80/87 Loss: 0.012782
2026-05-18 14:52: **********Train Epoch 1595: averaged Loss: 0.004763
2026-05-18 14:52: **********Val Epoch 1595: average Loss: 0.017314
2026-05-18 14:52: Train Epoch 1596: 0/87 Loss: 0.011214
2026-05-18 14:52: Train Epoch 1596: 20/87 Loss: 0.002602
2026-05-18 14:52: Train Epoch 1596: 40/87 Loss: 0.002348
2026-05-18 14:52: Train Epoch 1596: 60/87 Loss: 0.003766
2026-05-18 14:52: Train Epoch 1596: 80/87 Loss: 0.025896
2026-05-18 14:52: **********Train Epoch 1596: averaged Loss: 0.005656
2026-05-18 14:52: **********Val Epoch 1596: average Loss: 0.023938
2026-05-18 14:52: Train Epoch 1597: 0/87 Loss: 0.023324
2026-05-18 14:52: Train Epoch 1597: 20/87 Loss: 0.001843
2026-05-18 14:52: Train Epoch 1597: 40/87 Loss: 0.004208
2026-05-18 14:52: Train Epoch 1597: 60/87 Loss: 0.001718
2026-05-18 14:52: Train Epoch 1597: 80/87 Loss: 0.018491
2026-05-18 14:52: **********Train Epoch 1597: averaged Loss: 0.005669
2026-05-18 14:52: **********Val Epoch 1597: average Loss: 0.018512
2026-05-18 14:52: Train Epoch 1598: 0/87 Loss: 0.035481
2026-05-18 14:52: Train Epoch 1598: 20/87 Loss: 0.003868
2026-05-18 14:52: Train Epoch 1598: 40/87 Loss: 0.004247
2026-05-18 14:52: Train Epoch 1598: 60/87 Loss: 0.000922
2026-05-18 14:52: Train Epoch 1598: 80/87 Loss: 0.008030
2026-05-18 14:52: **********Train Epoch 1598: averaged Loss: 0.007145
2026-05-18 14:52: **********Val Epoch 1598: average Loss: 0.009196
2026-05-18 14:52: Train Epoch 1599: 0/87 Loss: 0.004352
2026-05-18 14:52: Train Epoch 1599: 20/87 Loss: 0.001821
2026-05-18 14:52: Train Epoch 1599: 40/87 Loss: 0.002702
2026-05-18 14:52: Train Epoch 1599: 60/87 Loss: 0.002612
2026-05-18 14:52: Train Epoch 1599: 80/87 Loss: 0.013747
2026-05-18 14:52: **********Train Epoch 1599: averaged Loss: 0.003279
2026-05-18 14:52: **********Val Epoch 1599: average Loss: 0.009796
2026-05-18 14:52: Train Epoch 1600: 0/87 Loss: 0.016752
2026-05-18 14:52: Train Epoch 1600: 20/87 Loss: 0.004265
2026-05-18 14:53: Train Epoch 1600: 40/87 Loss: 0.001808
2026-05-18 14:53: Train Epoch 1600: 60/87 Loss: 0.002705
2026-05-18 14:53: Train Epoch 1600: 80/87 Loss: 0.010291
2026-05-18 14:53: **********Train Epoch 1600: averaged Loss: 0.005249
2026-05-18 14:53: **********Val Epoch 1600: average Loss: 0.004791
2026-05-18 14:53: Train Epoch 1601: 0/87 Loss: 0.031828
2026-05-18 14:53: Train Epoch 1601: 20/87 Loss: 0.001576
2026-05-18 14:53: Train Epoch 1601: 40/87 Loss: 0.011984
2026-05-18 14:53: Train Epoch 1601: 60/87 Loss: 0.012987
2026-05-18 14:53: Train Epoch 1601: 80/87 Loss: 0.030160
2026-05-18 14:53: **********Train Epoch 1601: averaged Loss: 0.012892
2026-05-18 14:53: **********Val Epoch 1601: average Loss: 0.024597
2026-05-18 14:53: Train Epoch 1602: 0/87 Loss: 0.046094
2026-05-18 14:53: Train Epoch 1602: 20/87 Loss: 0.008113
2026-05-18 14:53: Train Epoch 1602: 40/87 Loss: 0.005054
2026-05-18 14:53: Train Epoch 1602: 60/87 Loss: 0.001228
2026-05-18 14:53: Train Epoch 1602: 80/87 Loss: 0.008495
2026-05-18 14:53: **********Train Epoch 1602: averaged Loss: 0.008359
2026-05-18 14:53: **********Val Epoch 1602: average Loss: 0.004326
2026-05-18 14:53: Train Epoch 1603: 0/87 Loss: 0.009621
2026-05-18 14:53: Train Epoch 1603: 20/87 Loss: 0.001412
2026-05-18 14:53: Train Epoch 1603: 40/87 Loss: 0.004742
2026-05-18 14:53: Train Epoch 1603: 60/87 Loss: 0.004087
2026-05-18 14:53: Train Epoch 1603: 80/87 Loss: 0.008051
2026-05-18 14:53: **********Train Epoch 1603: averaged Loss: 0.003883
2026-05-18 14:53: **********Val Epoch 1603: average Loss: 0.012406
2026-05-18 14:53: Train Epoch 1604: 0/87 Loss: 0.014411
2026-05-18 14:53: Train Epoch 1604: 20/87 Loss: 0.001500
2026-05-18 14:53: Train Epoch 1604: 40/87 Loss: 0.002026
2026-05-18 14:53: Train Epoch 1604: 60/87 Loss: 0.003697
2026-05-18 14:53: Train Epoch 1604: 80/87 Loss: 0.014509
2026-05-18 14:53: **********Train Epoch 1604: averaged Loss: 0.004388
2026-05-18 14:53: **********Val Epoch 1604: average Loss: 0.021211
2026-05-18 14:53: Train Epoch 1605: 0/87 Loss: 0.011722
2026-05-18 14:53: Train Epoch 1605: 20/87 Loss: 0.002565
2026-05-18 14:53: Train Epoch 1605: 40/87 Loss: 0.003225
2026-05-18 14:53: Train Epoch 1605: 60/87 Loss: 0.003732
2026-05-18 14:53: Train Epoch 1605: 80/87 Loss: 0.014980
2026-05-18 14:53: **********Train Epoch 1605: averaged Loss: 0.004702
2026-05-18 14:53: **********Val Epoch 1605: average Loss: 0.004522
2026-05-18 14:53: Train Epoch 1606: 0/87 Loss: 0.020272
2026-05-18 14:53: Train Epoch 1606: 20/87 Loss: 0.001960
2026-05-18 14:53: Train Epoch 1606: 40/87 Loss: 0.002199
2026-05-18 14:53: Train Epoch 1606: 60/87 Loss: 0.003911
2026-05-18 14:53: Train Epoch 1606: 80/87 Loss: 0.011941
2026-05-18 14:53: **********Train Epoch 1606: averaged Loss: 0.004567
2026-05-18 14:53: **********Val Epoch 1606: average Loss: 0.009847
2026-05-18 14:53: Train Epoch 1607: 0/87 Loss: 0.010624
2026-05-18 14:53: Train Epoch 1607: 20/87 Loss: 0.001817
2026-05-18 14:53: Train Epoch 1607: 40/87 Loss: 0.002166
2026-05-18 14:53: Train Epoch 1607: 60/87 Loss: 0.006807
2026-05-18 14:53: Train Epoch 1607: 80/87 Loss: 0.013066
2026-05-18 14:53: **********Train Epoch 1607: averaged Loss: 0.004762
2026-05-18 14:53: **********Val Epoch 1607: average Loss: 0.010981
2026-05-18 14:53: Train Epoch 1608: 0/87 Loss: 0.023872
2026-05-18 14:53: Train Epoch 1608: 20/87 Loss: 0.005700
2026-05-18 14:53: Train Epoch 1608: 40/87 Loss: 0.002041
2026-05-18 14:53: Train Epoch 1608: 60/87 Loss: 0.003942
2026-05-18 14:53: Train Epoch 1608: 80/87 Loss: 0.008976
2026-05-18 14:53: **********Train Epoch 1608: averaged Loss: 0.004574
2026-05-18 14:53: **********Val Epoch 1608: average Loss: 0.015188
2026-05-18 14:53: Train Epoch 1609: 0/87 Loss: 0.004299
2026-05-18 14:53: Train Epoch 1609: 20/87 Loss: 0.001716
2026-05-18 14:53: Train Epoch 1609: 40/87 Loss: 0.002112
2026-05-18 14:53: Train Epoch 1609: 60/87 Loss: 0.001465
2026-05-18 14:53: Train Epoch 1609: 80/87 Loss: 0.007687
2026-05-18 14:53: **********Train Epoch 1609: averaged Loss: 0.002848
2026-05-18 14:53: **********Val Epoch 1609: average Loss: 0.016166
2026-05-18 14:53: Train Epoch 1610: 0/87 Loss: 0.002797
2026-05-18 14:53: Train Epoch 1610: 20/87 Loss: 0.002887
2026-05-18 14:53: Train Epoch 1610: 40/87 Loss: 0.003134
2026-05-18 14:53: Train Epoch 1610: 60/87 Loss: 0.004589
2026-05-18 14:53: Train Epoch 1610: 80/87 Loss: 0.016516
2026-05-18 14:53: **********Train Epoch 1610: averaged Loss: 0.004228
2026-05-18 14:53: **********Val Epoch 1610: average Loss: 0.013095
2026-05-18 14:53: Train Epoch 1611: 0/87 Loss: 0.027556
2026-05-18 14:53: Train Epoch 1611: 20/87 Loss: 0.006911
2026-05-18 14:53: Train Epoch 1611: 40/87 Loss: 0.002764
2026-05-18 14:53: Train Epoch 1611: 60/87 Loss: 0.002557
2026-05-18 14:53: Train Epoch 1611: 80/87 Loss: 0.010198
2026-05-18 14:53: **********Train Epoch 1611: averaged Loss: 0.005631
2026-05-18 14:53: **********Val Epoch 1611: average Loss: 0.008528
2026-05-18 14:53: Train Epoch 1612: 0/87 Loss: 0.008834
2026-05-18 14:53: Train Epoch 1612: 20/87 Loss: 0.002442
2026-05-18 14:53: Train Epoch 1612: 40/87 Loss: 0.002413
2026-05-18 14:53: Train Epoch 1612: 60/87 Loss: 0.005418
2026-05-18 14:53: Train Epoch 1612: 80/87 Loss: 0.019274
2026-05-18 14:53: **********Train Epoch 1612: averaged Loss: 0.003858
2026-05-18 14:53: **********Val Epoch 1612: average Loss: 0.018580
2026-05-18 14:53: Train Epoch 1613: 0/87 Loss: 0.019220
2026-05-18 14:53: Train Epoch 1613: 20/87 Loss: 0.006414
2026-05-18 14:53: Train Epoch 1613: 40/87 Loss: 0.001649
2026-05-18 14:53: Train Epoch 1613: 60/87 Loss: 0.002901
2026-05-18 14:53: Train Epoch 1613: 80/87 Loss: 0.011533
2026-05-18 14:53: **********Train Epoch 1613: averaged Loss: 0.005407
2026-05-18 14:53: **********Val Epoch 1613: average Loss: 0.012259
2026-05-18 14:53: Train Epoch 1614: 0/87 Loss: 0.019979
2026-05-18 14:53: Train Epoch 1614: 20/87 Loss: 0.002960
2026-05-18 14:53: Train Epoch 1614: 40/87 Loss: 0.003266
2026-05-18 14:53: Train Epoch 1614: 60/87 Loss: 0.001936
2026-05-18 14:54: Train Epoch 1614: 80/87 Loss: 0.023692
2026-05-18 14:54: **********Train Epoch 1614: averaged Loss: 0.005681
2026-05-18 14:54: **********Val Epoch 1614: average Loss: 0.018951
2026-05-18 14:54: Train Epoch 1615: 0/87 Loss: 0.018650
2026-05-18 14:54: Train Epoch 1615: 20/87 Loss: 0.001485
2026-05-18 14:54: Train Epoch 1615: 40/87 Loss: 0.003735
2026-05-18 14:54: Train Epoch 1615: 60/87 Loss: 0.001343
2026-05-18 14:54: Train Epoch 1615: 80/87 Loss: 0.009298
2026-05-18 14:54: **********Train Epoch 1615: averaged Loss: 0.004425
2026-05-18 14:54: **********Val Epoch 1615: average Loss: 0.007597
2026-05-18 14:54: Train Epoch 1616: 0/87 Loss: 0.002292
2026-05-18 14:54: Train Epoch 1616: 20/87 Loss: 0.001604
2026-05-18 14:54: Train Epoch 1616: 40/87 Loss: 0.002217
2026-05-18 14:54: Train Epoch 1616: 60/87 Loss: 0.004642
2026-05-18 14:54: Train Epoch 1616: 80/87 Loss: 0.011021
2026-05-18 14:54: **********Train Epoch 1616: averaged Loss: 0.003349
2026-05-18 14:54: **********Val Epoch 1616: average Loss: 0.028340
2026-05-18 14:54: Train Epoch 1617: 0/87 Loss: 0.009513
2026-05-18 14:54: Train Epoch 1617: 20/87 Loss: 0.003311
2026-05-18 14:54: Train Epoch 1617: 40/87 Loss: 0.001856
2026-05-18 14:54: Train Epoch 1617: 60/87 Loss: 0.004392
2026-05-18 14:54: Train Epoch 1617: 80/87 Loss: 0.010931
2026-05-18 14:54: **********Train Epoch 1617: averaged Loss: 0.004540
2026-05-18 14:54: **********Val Epoch 1617: average Loss: 0.007227
2026-05-18 14:54: Train Epoch 1618: 0/87 Loss: 0.037870
2026-05-18 14:54: Train Epoch 1618: 20/87 Loss: 0.004284
2026-05-18 14:54: Train Epoch 1618: 40/87 Loss: 0.002667
2026-05-18 14:54: Train Epoch 1618: 60/87 Loss: 0.003394
2026-05-18 14:54: Train Epoch 1618: 80/87 Loss: 0.027742
2026-05-18 14:54: **********Train Epoch 1618: averaged Loss: 0.010211
2026-05-18 14:54: **********Val Epoch 1618: average Loss: 0.023464
2026-05-18 14:54: Train Epoch 1619: 0/87 Loss: 0.037362
2026-05-18 14:54: Train Epoch 1619: 20/87 Loss: 0.005441
2026-05-18 14:54: Train Epoch 1619: 40/87 Loss: 0.008116
2026-05-18 14:54: Train Epoch 1619: 60/87 Loss: 0.001105
2026-05-18 14:54: Train Epoch 1619: 80/87 Loss: 0.007995
2026-05-18 14:54: **********Train Epoch 1619: averaged Loss: 0.008509
2026-05-18 14:54: **********Val Epoch 1619: average Loss: 0.006372
2026-05-18 14:54: Train Epoch 1620: 0/87 Loss: 0.004180
2026-05-18 14:54: Train Epoch 1620: 20/87 Loss: 0.001677
2026-05-18 14:54: Train Epoch 1620: 40/87 Loss: 0.002315
2026-05-18 14:54: Train Epoch 1620: 60/87 Loss: 0.001875
2026-05-18 14:54: Train Epoch 1620: 80/87 Loss: 0.007959
2026-05-18 14:54: **********Train Epoch 1620: averaged Loss: 0.002582
2026-05-18 14:54: **********Val Epoch 1620: average Loss: 0.007786
2026-05-18 14:54: Train Epoch 1621: 0/87 Loss: 0.012778
2026-05-18 14:54: Train Epoch 1621: 20/87 Loss: 0.002588
2026-05-18 14:54: Train Epoch 1621: 40/87 Loss: 0.003058
2026-05-18 14:54: Train Epoch 1621: 60/87 Loss: 0.007078
2026-05-18 14:54: Train Epoch 1621: 80/87 Loss: 0.010502
2026-05-18 14:54: **********Train Epoch 1621: averaged Loss: 0.004435
2026-05-18 14:54: **********Val Epoch 1621: average Loss: 0.010197
2026-05-18 14:54: Train Epoch 1622: 0/87 Loss: 0.028618
2026-05-18 14:54: Train Epoch 1622: 20/87 Loss: 0.006150
2026-05-18 14:54: Train Epoch 1622: 40/87 Loss: 0.001861
2026-05-18 14:54: Train Epoch 1622: 60/87 Loss: 0.002303
2026-05-18 14:54: Train Epoch 1622: 80/87 Loss: 0.007727
2026-05-18 14:54: **********Train Epoch 1622: averaged Loss: 0.004918
2026-05-18 14:54: **********Val Epoch 1622: average Loss: 0.016495
2026-05-18 14:54: Train Epoch 1623: 0/87 Loss: 0.015178
2026-05-18 14:54: Train Epoch 1623: 20/87 Loss: 0.002315
2026-05-18 14:54: Train Epoch 1623: 40/87 Loss: 0.001882
2026-05-18 14:54: Train Epoch 1623: 60/87 Loss: 0.001267
2026-05-18 14:54: Train Epoch 1623: 80/87 Loss: 0.007438
2026-05-18 14:54: **********Train Epoch 1623: averaged Loss: 0.003457
2026-05-18 14:54: **********Val Epoch 1623: average Loss: 0.012960
2026-05-18 14:54: Train Epoch 1624: 0/87 Loss: 0.002950
2026-05-18 14:54: Train Epoch 1624: 20/87 Loss: 0.002565
2026-05-18 14:54: Train Epoch 1624: 40/87 Loss: 0.001785
2026-05-18 14:54: Train Epoch 1624: 60/87 Loss: 0.000986
2026-05-18 14:54: Train Epoch 1624: 80/87 Loss: 0.007285
2026-05-18 14:54: **********Train Epoch 1624: averaged Loss: 0.002940
2026-05-18 14:54: **********Val Epoch 1624: average Loss: 0.014626
2026-05-18 14:54: Train Epoch 1625: 0/87 Loss: 0.005426
2026-05-18 14:54: Train Epoch 1625: 20/87 Loss: 0.002600
2026-05-18 14:54: Train Epoch 1625: 40/87 Loss: 0.002322
2026-05-18 14:54: Train Epoch 1625: 60/87 Loss: 0.001173
2026-05-18 14:54: Train Epoch 1625: 80/87 Loss: 0.006922
2026-05-18 14:54: **********Train Epoch 1625: averaged Loss: 0.003130
2026-05-18 14:54: **********Val Epoch 1625: average Loss: 0.010142
2026-05-18 14:54: Train Epoch 1626: 0/87 Loss: 0.008287
2026-05-18 14:54: Train Epoch 1626: 20/87 Loss: 0.002417
2026-05-18 14:54: Train Epoch 1626: 40/87 Loss: 0.002615
2026-05-18 14:54: Train Epoch 1626: 60/87 Loss: 0.002537
2026-05-18 14:54: Train Epoch 1626: 80/87 Loss: 0.012992
2026-05-18 14:54: **********Train Epoch 1626: averaged Loss: 0.003768
2026-05-18 14:54: **********Val Epoch 1626: average Loss: 0.009677
2026-05-18 14:54: Train Epoch 1627: 0/87 Loss: 0.033794
2026-05-18 14:54: Train Epoch 1627: 20/87 Loss: 0.002769
2026-05-18 14:54: Train Epoch 1627: 40/87 Loss: 0.008562
2026-05-18 14:54: Train Epoch 1627: 60/87 Loss: 0.004374
2026-05-18 14:54: Train Epoch 1627: 80/87 Loss: 0.008678
2026-05-18 14:54: **********Train Epoch 1627: averaged Loss: 0.008002
2026-05-18 14:54: **********Val Epoch 1627: average Loss: 0.010000
2026-05-18 14:54: Train Epoch 1628: 0/87 Loss: 0.012355
2026-05-18 14:54: Train Epoch 1628: 20/87 Loss: 0.006467
2026-05-18 14:54: Train Epoch 1628: 40/87 Loss: 0.006890
2026-05-18 14:54: Train Epoch 1628: 60/87 Loss: 0.002263
2026-05-18 14:54: Train Epoch 1628: 80/87 Loss: 0.038409
2026-05-18 14:54: **********Train Epoch 1628: averaged Loss: 0.009180
2026-05-18 14:54: **********Val Epoch 1628: average Loss: 0.023148
2026-05-18 14:54: Train Epoch 1629: 0/87 Loss: 0.052376
2026-05-18 14:54: Train Epoch 1629: 20/87 Loss: 0.006825
2026-05-18 14:54: Train Epoch 1629: 40/87 Loss: 0.002492
2026-05-18 14:55: Train Epoch 1629: 60/87 Loss: 0.002746
2026-05-18 14:55: Train Epoch 1629: 80/87 Loss: 0.010456
2026-05-18 14:55: **********Train Epoch 1629: averaged Loss: 0.008438
2026-05-18 14:55: **********Val Epoch 1629: average Loss: 0.006923
2026-05-18 14:55: Train Epoch 1630: 0/87 Loss: 0.026313
2026-05-18 14:55: Train Epoch 1630: 20/87 Loss: 0.006404
2026-05-18 14:55: Train Epoch 1630: 40/87 Loss: 0.001861
2026-05-18 14:55: Train Epoch 1630: 60/87 Loss: 0.003735
2026-05-18 14:55: Train Epoch 1630: 80/87 Loss: 0.008622
2026-05-18 14:55: **********Train Epoch 1630: averaged Loss: 0.005731
2026-05-18 14:55: **********Val Epoch 1630: average Loss: 0.010735
2026-05-18 14:55: Train Epoch 1631: 0/87 Loss: 0.028574
2026-05-18 14:55: Train Epoch 1631: 20/87 Loss: 0.006874
2026-05-18 14:55: Train Epoch 1631: 40/87 Loss: 0.009353
2026-05-18 14:55: Train Epoch 1631: 60/87 Loss: 0.009830
2026-05-18 14:55: Train Epoch 1631: 80/87 Loss: 0.027572
2026-05-18 14:55: **********Train Epoch 1631: averaged Loss: 0.012069
2026-05-18 14:55: **********Val Epoch 1631: average Loss: 0.028522
2026-05-18 14:55: Train Epoch 1632: 0/87 Loss: 0.044784
2026-05-18 14:55: Train Epoch 1632: 20/87 Loss: 0.005347
2026-05-18 14:55: Train Epoch 1632: 40/87 Loss: 0.002551
2026-05-18 14:55: Train Epoch 1632: 60/87 Loss: 0.002294
2026-05-18 14:55: Train Epoch 1632: 80/87 Loss: 0.009746
2026-05-18 14:55: **********Train Epoch 1632: averaged Loss: 0.008548
2026-05-18 14:55: **********Val Epoch 1632: average Loss: 0.004778
2026-05-18 14:55: Train Epoch 1633: 0/87 Loss: 0.003512
2026-05-18 14:55: Train Epoch 1633: 20/87 Loss: 0.001995
2026-05-18 14:55: Train Epoch 1633: 40/87 Loss: 0.003596
2026-05-18 14:55: Train Epoch 1633: 60/87 Loss: 0.001254
2026-05-18 14:55: Train Epoch 1633: 80/87 Loss: 0.008205
2026-05-18 14:55: **********Train Epoch 1633: averaged Loss: 0.002824
2026-05-18 14:55: **********Val Epoch 1633: average Loss: 0.006039
2026-05-18 14:55: Validation performance didn't improve for 500 epochs. Training stops.
2026-05-18 14:55: Total training time: 108.1574min, best loss: 0.003622
2026-05-18 14:55: Saving current best model to /root/data-tmp/zzh/SAMBA/saved_models/NYSE_BASIC/best_model.pth
2026-05-18 14:55: Saving timestamped model backup to /root/data-tmp/zzh/SAMBA/saved_models/NYSE_BASIC/best_model_20260518_145517.pth
2026-05-18 14:55: Average Horizon, MAE: 0.0081, MSE: 0.0104
2026-05-18 14:55: Average Horizon, MAE: 0.0070, MSE: 0.0092
