2026-04-24 09:37: Experiment log path in: ./saved_models/NYSE/
2026-04-24 09:37: Train Epoch 1: 0/74 Loss: 0.319952
2026-04-24 09:37: Train Epoch 1: 20/74 Loss: 0.105007
2026-04-24 09:37: Train Epoch 1: 40/74 Loss: 0.029775
2026-04-24 09:37: Train Epoch 1: 60/74 Loss: 0.061940
2026-04-24 09:37: **********Train Epoch 1: averaged Loss: 0.104966
2026-04-24 09:37: **********Val Epoch 1: average Loss: 0.040136
2026-04-24 09:37: *********************************Current best model saved!
2026-04-24 09:37: Train Epoch 2: 0/74 Loss: 0.420598
2026-04-24 09:37: Train Epoch 2: 20/74 Loss: 0.058197
2026-04-24 09:37: Train Epoch 2: 40/74 Loss: 0.009923
2026-04-24 09:37: Train Epoch 2: 60/74 Loss: 0.097735
2026-04-24 09:37: **********Train Epoch 2: averaged Loss: 0.107565
2026-04-24 09:37: **********Val Epoch 2: average Loss: 0.057214
2026-04-24 09:37: Train Epoch 3: 0/74 Loss: 0.498450
2026-04-24 09:37: Train Epoch 3: 20/74 Loss: 0.088450
2026-04-24 09:37: Train Epoch 3: 40/74 Loss: 0.146770
2026-04-24 09:37: Train Epoch 3: 60/74 Loss: 0.205952
2026-04-24 09:37: **********Train Epoch 3: averaged Loss: 0.133710
2026-04-24 09:37: **********Val Epoch 3: average Loss: 0.105327
2026-04-24 09:37: Train Epoch 4: 0/74 Loss: 0.585740
2026-04-24 09:37: Train Epoch 4: 20/74 Loss: 0.205476
2026-04-24 09:37: Train Epoch 4: 40/74 Loss: 0.035392
2026-04-24 09:37: Train Epoch 4: 60/74 Loss: 0.117848
2026-04-24 09:37: **********Train Epoch 4: averaged Loss: 0.122750
2026-04-24 09:37: **********Val Epoch 4: average Loss: 0.089155
2026-04-24 09:37: Train Epoch 5: 0/74 Loss: 0.508818
2026-04-24 09:37: Train Epoch 5: 20/74 Loss: 0.110837
2026-04-24 09:37: Train Epoch 5: 40/74 Loss: 0.016502
2026-04-24 09:37: Train Epoch 5: 60/74 Loss: 0.191247
2026-04-24 09:37: **********Train Epoch 5: averaged Loss: 0.120997
2026-04-24 09:37: **********Val Epoch 5: average Loss: 0.069529
2026-04-24 09:37: Train Epoch 6: 0/74 Loss: 0.488465
2026-04-24 09:37: Train Epoch 6: 20/74 Loss: 0.127426
2026-04-24 09:37: Train Epoch 6: 40/74 Loss: 0.017397
2026-04-24 09:37: Train Epoch 6: 60/74 Loss: 0.208584
2026-04-24 09:37: **********Train Epoch 6: averaged Loss: 0.127303
2026-04-24 09:37: **********Val Epoch 6: average Loss: 0.064355
2026-04-24 09:37: Train Epoch 7: 0/74 Loss: 0.527275
2026-04-24 09:37: Train Epoch 7: 20/74 Loss: 0.132613
2026-04-24 09:37: Train Epoch 7: 40/74 Loss: 0.077339
2026-04-24 09:37: Train Epoch 7: 60/74 Loss: 0.147824
2026-04-24 09:37: **********Train Epoch 7: averaged Loss: 0.117241
2026-04-24 09:37: **********Val Epoch 7: average Loss: 0.056734
2026-04-24 09:37: Train Epoch 8: 0/74 Loss: 0.466483
2026-04-24 09:37: Train Epoch 8: 20/74 Loss: 0.117051
2026-04-24 09:37: Train Epoch 8: 40/74 Loss: 0.056991
2026-04-24 09:37: Train Epoch 8: 60/74 Loss: 0.176999
2026-04-24 09:37: **********Train Epoch 8: averaged Loss: 0.106801
2026-04-24 09:37: **********Val Epoch 8: average Loss: 0.090142
2026-04-24 09:37: Train Epoch 9: 0/74 Loss: 0.488715
2026-04-24 09:38: Train Epoch 9: 20/74 Loss: 0.091968
2026-04-24 09:38: Train Epoch 9: 40/74 Loss: 0.029536
2026-04-24 09:38: Train Epoch 9: 60/74 Loss: 0.180132
2026-04-24 09:38: **********Train Epoch 9: averaged Loss: 0.116100
2026-04-24 09:38: **********Val Epoch 9: average Loss: 0.079501
2026-04-24 09:38: Train Epoch 10: 0/74 Loss: 0.470657
2026-04-24 09:38: Train Epoch 10: 20/74 Loss: 0.071542
2026-04-24 09:38: Train Epoch 10: 40/74 Loss: 0.019991
2026-04-24 09:38: Train Epoch 10: 60/74 Loss: 0.192347
2026-04-24 09:38: **********Train Epoch 10: averaged Loss: 0.110127
2026-04-24 09:38: **********Val Epoch 10: average Loss: 0.026822
2026-04-24 09:38: *********************************Current best model saved!
2026-04-24 09:38: Train Epoch 11: 0/74 Loss: 0.413464
2026-04-24 09:38: Train Epoch 11: 20/74 Loss: 0.086172
2026-04-24 09:38: Train Epoch 11: 40/74 Loss: 0.010227
2026-04-24 09:38: Train Epoch 11: 60/74 Loss: 0.105057
2026-04-24 09:38: **********Train Epoch 11: averaged Loss: 0.099555
2026-04-24 09:38: **********Val Epoch 11: average Loss: 0.028069
2026-04-24 09:38: Train Epoch 12: 0/74 Loss: 0.467982
2026-04-24 09:38: Train Epoch 12: 20/74 Loss: 0.085882
2026-04-24 09:38: Train Epoch 12: 40/74 Loss: 0.011728
2026-04-24 09:38: Train Epoch 12: 60/74 Loss: 0.187244
2026-04-24 09:38: **********Train Epoch 12: averaged Loss: 0.105075
2026-04-24 09:38: **********Val Epoch 12: average Loss: 0.035011
2026-04-24 09:38: Train Epoch 13: 0/74 Loss: 0.460874
2026-04-24 09:38: Train Epoch 13: 20/74 Loss: 0.085103
2026-04-24 09:38: Train Epoch 13: 40/74 Loss: 0.024374
2026-04-24 09:38: Train Epoch 13: 60/74 Loss: 0.155049
2026-04-24 09:38: **********Train Epoch 13: averaged Loss: 0.108324
2026-04-24 09:38: **********Val Epoch 13: average Loss: 0.046017
2026-04-24 09:38: Train Epoch 14: 0/74 Loss: 0.406847
2026-04-24 09:38: Train Epoch 14: 20/74 Loss: 0.068886
2026-04-24 09:38: Train Epoch 14: 40/74 Loss: 0.019910
2026-04-24 09:38: Train Epoch 14: 60/74 Loss: 0.212173
2026-04-24 09:38: **********Train Epoch 14: averaged Loss: 0.111037
2026-04-24 09:38: **********Val Epoch 14: average Loss: 0.028652
2026-04-24 09:38: Train Epoch 15: 0/74 Loss: 0.477062
2026-04-24 09:38: Train Epoch 15: 20/74 Loss: 0.065465
2026-04-24 09:38: Train Epoch 15: 40/74 Loss: 0.009707
2026-04-24 09:38: Train Epoch 15: 60/74 Loss: 0.159676
2026-04-24 09:38: **********Train Epoch 15: averaged Loss: 0.123109
2026-04-24 09:38: **********Val Epoch 15: average Loss: 0.027045
2026-04-24 09:38: Train Epoch 16: 0/74 Loss: 0.462490
2026-04-24 09:38: Train Epoch 16: 20/74 Loss: 0.052317
2026-04-24 09:38: Train Epoch 16: 40/74 Loss: 0.073258
2026-04-24 09:38: Train Epoch 16: 60/74 Loss: 0.175268
2026-04-24 09:38: **********Train Epoch 16: averaged Loss: 0.133686
2026-04-24 09:38: **********Val Epoch 16: average Loss: 0.023910
2026-04-24 09:38: *********************************Current best model saved!
2026-04-24 09:38: Train Epoch 17: 0/74 Loss: 0.445132
2026-04-24 09:38: Train Epoch 17: 20/74 Loss: 0.011151
2026-04-24 09:38: Train Epoch 17: 40/74 Loss: 0.021525
2026-04-24 09:38: Train Epoch 17: 60/74 Loss: 0.164477
2026-04-24 09:38: **********Train Epoch 17: averaged Loss: 0.126197
2026-04-24 09:38: **********Val Epoch 17: average Loss: 0.016671
2026-04-24 09:38: *********************************Current best model saved!
2026-04-24 09:38: Train Epoch 18: 0/74 Loss: 0.423541
2026-04-24 09:39: Train Epoch 18: 20/74 Loss: 0.038771
2026-04-24 09:39: Train Epoch 18: 40/74 Loss: 0.102807
2026-04-24 09:39: Train Epoch 18: 60/74 Loss: 0.127713
2026-04-24 09:39: **********Train Epoch 18: averaged Loss: 0.132850
2026-04-24 09:39: **********Val Epoch 18: average Loss: 0.019971
2026-04-24 09:39: Train Epoch 19: 0/74 Loss: 0.431566
2026-04-24 09:39: Train Epoch 19: 20/74 Loss: 0.024663
2026-04-24 09:39: Train Epoch 19: 40/74 Loss: 0.009202
2026-04-24 09:39: Train Epoch 19: 60/74 Loss: 0.164159
2026-04-24 09:39: **********Train Epoch 19: averaged Loss: 0.115453
2026-04-24 09:39: **********Val Epoch 19: average Loss: 0.014643
2026-04-24 09:39: *********************************Current best model saved!
2026-04-24 09:39: Train Epoch 20: 0/74 Loss: 0.404062
2026-04-24 09:39: Train Epoch 20: 20/74 Loss: 0.005961
2026-04-24 09:39: Train Epoch 20: 40/74 Loss: 0.044866
2026-04-24 09:39: Train Epoch 20: 60/74 Loss: 0.147397
2026-04-24 09:39: **********Train Epoch 20: averaged Loss: 0.123814
2026-04-24 09:39: **********Val Epoch 20: average Loss: 0.016644
2026-04-24 09:39: Train Epoch 21: 0/74 Loss: 0.398594
2026-04-24 09:39: Train Epoch 21: 20/74 Loss: 0.034749
2026-04-24 09:39: Train Epoch 21: 40/74 Loss: 0.049468
2026-04-24 09:39: Train Epoch 21: 60/74 Loss: 0.125303
2026-04-24 09:39: **********Train Epoch 21: averaged Loss: 0.123054
2026-04-24 09:39: **********Val Epoch 21: average Loss: 0.025944
2026-04-24 09:39: Train Epoch 22: 0/74 Loss: 0.442968
2026-04-24 09:39: Train Epoch 22: 20/74 Loss: 0.017765
2026-04-24 09:39: Train Epoch 22: 40/74 Loss: 0.020710
2026-04-24 09:39: Train Epoch 22: 60/74 Loss: 0.194080
2026-04-24 09:39: **********Train Epoch 22: averaged Loss: 0.116680
2026-04-24 09:39: **********Val Epoch 22: average Loss: 0.020507
2026-04-24 09:39: Train Epoch 23: 0/74 Loss: 0.431133
2026-04-24 09:39: Train Epoch 23: 20/74 Loss: 0.058060
2026-04-24 09:39: Train Epoch 23: 40/74 Loss: 0.115899
2026-04-24 09:39: Train Epoch 23: 60/74 Loss: 0.089394
2026-04-24 09:39: **********Train Epoch 23: averaged Loss: 0.135575
2026-04-24 09:39: **********Val Epoch 23: average Loss: 0.064125
2026-04-24 09:39: Train Epoch 24: 0/74 Loss: 0.471537
2026-04-24 09:39: Train Epoch 24: 20/74 Loss: 0.055618
2026-04-24 09:39: Train Epoch 24: 40/74 Loss: 0.009224
2026-04-24 09:39: Train Epoch 24: 60/74 Loss: 0.176014
2026-04-24 09:39: **********Train Epoch 24: averaged Loss: 0.108188
2026-04-24 09:39: **********Val Epoch 24: average Loss: 0.045170
2026-04-24 09:39: Train Epoch 25: 0/74 Loss: 0.425895
2026-04-24 09:39: Train Epoch 25: 20/74 Loss: 0.005972
2026-04-24 09:39: Train Epoch 25: 40/74 Loss: 0.069457
2026-04-24 09:39: Train Epoch 25: 60/74 Loss: 0.149283
2026-04-24 09:39: **********Train Epoch 25: averaged Loss: 0.123773
2026-04-24 09:39: **********Val Epoch 25: average Loss: 0.030382
2026-04-24 09:39: Train Epoch 26: 0/74 Loss: 0.399646
2026-04-24 09:39: Train Epoch 26: 20/74 Loss: 0.012321
2026-04-24 09:39: Train Epoch 26: 40/74 Loss: 0.068634
2026-04-24 09:39: Train Epoch 26: 60/74 Loss: 0.152629
2026-04-24 09:39: **********Train Epoch 26: averaged Loss: 0.125412
2026-04-24 09:39: **********Val Epoch 26: average Loss: 0.020351
2026-04-24 09:39: Train Epoch 27: 0/74 Loss: 0.386800
2026-04-24 09:40: Train Epoch 27: 20/74 Loss: 0.008621
2026-04-24 09:40: Train Epoch 27: 40/74 Loss: 0.048942
2026-04-24 09:40: Train Epoch 27: 60/74 Loss: 0.148006
2026-04-24 09:40: **********Train Epoch 27: averaged Loss: 0.120149
2026-04-24 09:40: **********Val Epoch 27: average Loss: 0.028228
2026-04-24 09:40: Train Epoch 28: 0/74 Loss: 0.371871
2026-04-24 09:40: Train Epoch 28: 20/74 Loss: 0.005856
2026-04-24 09:40: Train Epoch 28: 40/74 Loss: 0.044304
2026-04-24 09:40: Train Epoch 28: 60/74 Loss: 0.100901
2026-04-24 09:40: **********Train Epoch 28: averaged Loss: 0.107606
2026-04-24 09:40: **********Val Epoch 28: average Loss: 0.016848
2026-04-24 09:40: Train Epoch 29: 0/74 Loss: 0.319300
2026-04-24 09:40: Train Epoch 29: 20/74 Loss: 0.071456
2026-04-24 09:40: Train Epoch 29: 40/74 Loss: 0.018621
2026-04-24 09:40: Train Epoch 29: 60/74 Loss: 0.150087
2026-04-24 09:40: **********Train Epoch 29: averaged Loss: 0.087432
2026-04-24 09:40: **********Val Epoch 29: average Loss: 0.022331
2026-04-24 09:40: Train Epoch 30: 0/74 Loss: 0.354081
2026-04-24 09:40: Train Epoch 30: 20/74 Loss: 0.006148
2026-04-24 09:40: Train Epoch 30: 40/74 Loss: 0.014532
2026-04-24 09:40: Train Epoch 30: 60/74 Loss: 0.114013
2026-04-24 09:40: **********Train Epoch 30: averaged Loss: 0.101209
2026-04-24 09:40: **********Val Epoch 30: average Loss: 0.065922
2026-04-24 09:40: Train Epoch 31: 0/74 Loss: 0.290804
2026-04-24 09:40: Train Epoch 31: 20/74 Loss: 0.089310
2026-04-24 09:40: Train Epoch 31: 40/74 Loss: 0.012551
2026-04-24 09:40: Train Epoch 31: 60/74 Loss: 0.120602
2026-04-24 09:40: **********Train Epoch 31: averaged Loss: 0.077700
2026-04-24 09:40: **********Val Epoch 31: average Loss: 0.025085
2026-04-24 09:40: Train Epoch 32: 0/74 Loss: 0.305397
2026-04-24 09:40: Train Epoch 32: 20/74 Loss: 0.057046
2026-04-24 09:40: Train Epoch 32: 40/74 Loss: 0.013187
2026-04-24 09:40: Train Epoch 32: 60/74 Loss: 0.129910
2026-04-24 09:40: **********Train Epoch 32: averaged Loss: 0.085226
2026-04-24 09:40: **********Val Epoch 32: average Loss: 0.034117
2026-04-24 09:40: Train Epoch 33: 0/74 Loss: 0.282429
2026-04-24 09:40: Train Epoch 33: 20/74 Loss: 0.049445
2026-04-24 09:40: Train Epoch 33: 40/74 Loss: 0.008099
2026-04-24 09:40: Train Epoch 33: 60/74 Loss: 0.123157
2026-04-24 09:40: **********Train Epoch 33: averaged Loss: 0.071444
2026-04-24 09:40: **********Val Epoch 33: average Loss: 0.018781
2026-04-24 09:40: Train Epoch 34: 0/74 Loss: 0.205318
2026-04-24 09:40: Train Epoch 34: 20/74 Loss: 0.066144
2026-04-24 09:40: Train Epoch 34: 40/74 Loss: 0.057519
2026-04-24 09:40: Train Epoch 34: 60/74 Loss: 0.066169
2026-04-24 09:40: **********Train Epoch 34: averaged Loss: 0.066902
2026-04-24 09:40: **********Val Epoch 34: average Loss: 0.066676
2026-04-24 09:40: Train Epoch 35: 0/74 Loss: 0.322116
2026-04-24 09:40: Train Epoch 35: 20/74 Loss: 0.077523
2026-04-24 09:40: Train Epoch 35: 40/74 Loss: 0.023204
2026-04-24 09:40: Train Epoch 35: 60/74 Loss: 0.139394
2026-04-24 09:41: **********Train Epoch 35: averaged Loss: 0.083995
2026-04-24 09:41: **********Val Epoch 35: average Loss: 0.040873
2026-04-24 09:41: Train Epoch 36: 0/74 Loss: 0.245749
2026-04-24 09:41: Train Epoch 36: 20/74 Loss: 0.104272
2026-04-24 09:41: Train Epoch 36: 40/74 Loss: 0.021042
2026-04-24 09:41: Train Epoch 36: 60/74 Loss: 0.066344
2026-04-24 09:41: **********Train Epoch 36: averaged Loss: 0.064690
2026-04-24 09:41: **********Val Epoch 36: average Loss: 0.049469
2026-04-24 09:41: Train Epoch 37: 0/74 Loss: 0.225155
2026-04-24 09:41: Train Epoch 37: 20/74 Loss: 0.077409
2026-04-24 09:41: Train Epoch 37: 40/74 Loss: 0.011934
2026-04-24 09:41: Train Epoch 37: 60/74 Loss: 0.095288
2026-04-24 09:41: **********Train Epoch 37: averaged Loss: 0.063032
2026-04-24 09:41: **********Val Epoch 37: average Loss: 0.078382
2026-04-24 09:41: Train Epoch 38: 0/74 Loss: 0.220323
2026-04-24 09:41: Train Epoch 38: 20/74 Loss: 0.077238
2026-04-24 09:41: Train Epoch 38: 40/74 Loss: 0.013007
2026-04-24 09:41: Train Epoch 38: 60/74 Loss: 0.091218
2026-04-24 09:41: **********Train Epoch 38: averaged Loss: 0.058172
2026-04-24 09:41: **********Val Epoch 38: average Loss: 0.069821
2026-04-24 09:41: Train Epoch 39: 0/74 Loss: 0.147917
2026-04-24 09:41: Train Epoch 39: 20/74 Loss: 0.005421
2026-04-24 09:41: Train Epoch 39: 40/74 Loss: 0.007486
2026-04-24 09:41: Train Epoch 39: 60/74 Loss: 0.051072
2026-04-24 09:41: **********Train Epoch 39: averaged Loss: 0.051746
2026-04-24 09:41: **********Val Epoch 39: average Loss: 0.079205
2026-04-24 09:41: Train Epoch 40: 0/74 Loss: 0.128387
2026-04-24 09:41: Train Epoch 40: 20/74 Loss: 0.050309
2026-04-24 09:41: Train Epoch 40: 40/74 Loss: 0.020259
2026-04-24 09:41: Train Epoch 40: 60/74 Loss: 0.080435
2026-04-24 09:41: **********Train Epoch 40: averaged Loss: 0.037454
2026-04-24 09:41: **********Val Epoch 40: average Loss: 0.031031
2026-04-24 09:41: Train Epoch 41: 0/74 Loss: 0.063676
2026-04-24 09:41: Train Epoch 41: 20/74 Loss: 0.007704
2026-04-24 09:41: Train Epoch 41: 40/74 Loss: 0.015437
2026-04-24 09:41: Train Epoch 41: 60/74 Loss: 0.029648
2026-04-24 09:41: **********Train Epoch 41: averaged Loss: 0.029977
2026-04-24 09:41: **********Val Epoch 41: average Loss: 0.033743
2026-04-24 09:41: Train Epoch 42: 0/74 Loss: 0.052796
2026-04-24 09:41: Train Epoch 42: 20/74 Loss: 0.019481
2026-04-24 09:41: Train Epoch 42: 40/74 Loss: 0.007444
2026-04-24 09:41: Train Epoch 42: 60/74 Loss: 0.059787
2026-04-24 09:41: **********Train Epoch 42: averaged Loss: 0.033344
2026-04-24 09:41: **********Val Epoch 42: average Loss: 0.074069
2026-04-24 09:41: Train Epoch 43: 0/74 Loss: 0.072014
2026-04-24 09:41: Train Epoch 43: 20/74 Loss: 0.054016
2026-04-24 09:41: Train Epoch 43: 40/74 Loss: 0.008688
2026-04-24 09:41: Train Epoch 43: 60/74 Loss: 0.071262
2026-04-24 09:41: **********Train Epoch 43: averaged Loss: 0.039639
2026-04-24 09:41: **********Val Epoch 43: average Loss: 0.084459
2026-04-24 09:41: Train Epoch 44: 0/74 Loss: 0.091994
2026-04-24 09:41: Train Epoch 44: 20/74 Loss: 0.028234
2026-04-24 09:41: Train Epoch 44: 40/74 Loss: 0.023557
2026-04-24 09:42: Train Epoch 44: 60/74 Loss: 0.015248
2026-04-24 09:42: **********Train Epoch 44: averaged Loss: 0.029880
2026-04-24 09:42: **********Val Epoch 44: average Loss: 0.040447
2026-04-24 09:42: Train Epoch 45: 0/74 Loss: 0.020516
2026-04-24 09:42: Train Epoch 45: 20/74 Loss: 0.011351
2026-04-24 09:42: Train Epoch 45: 40/74 Loss: 0.023919
2026-04-24 09:42: Train Epoch 45: 60/74 Loss: 0.054431
2026-04-24 09:42: **********Train Epoch 45: averaged Loss: 0.028279
2026-04-24 09:42: **********Val Epoch 45: average Loss: 0.065079
2026-04-24 09:42: Train Epoch 46: 0/74 Loss: 0.094650
2026-04-24 09:42: Train Epoch 46: 20/74 Loss: 0.006452
2026-04-24 09:42: Train Epoch 46: 40/74 Loss: 0.016072
2026-04-24 09:42: Train Epoch 46: 60/74 Loss: 0.022836
2026-04-24 09:42: **********Train Epoch 46: averaged Loss: 0.030089
2026-04-24 09:42: **********Val Epoch 46: average Loss: 0.028649
2026-04-24 09:42: Train Epoch 47: 0/74 Loss: 0.067497
2026-04-24 09:42: Train Epoch 47: 20/74 Loss: 0.024520
2026-04-24 09:42: Train Epoch 47: 40/74 Loss: 0.008690
2026-04-24 09:42: Train Epoch 47: 60/74 Loss: 0.078287
2026-04-24 09:42: **********Train Epoch 47: averaged Loss: 0.034403
2026-04-24 09:42: **********Val Epoch 47: average Loss: 0.066952
2026-04-24 09:42: Train Epoch 48: 0/74 Loss: 0.132956
2026-04-24 09:42: Train Epoch 48: 20/74 Loss: 0.019489
2026-04-24 09:42: Train Epoch 48: 40/74 Loss: 0.007654
2026-04-24 09:42: Train Epoch 48: 60/74 Loss: 0.048371
2026-04-24 09:42: **********Train Epoch 48: averaged Loss: 0.041711
2026-04-24 09:42: **********Val Epoch 48: average Loss: 0.054691
2026-04-24 09:42: Train Epoch 49: 0/74 Loss: 0.070833
2026-04-24 09:42: Train Epoch 49: 20/74 Loss: 0.004918
2026-04-24 09:42: Train Epoch 49: 40/74 Loss: 0.008446
2026-04-24 09:42: Train Epoch 49: 60/74 Loss: 0.062420
2026-04-24 09:42: **********Train Epoch 49: averaged Loss: 0.032285
2026-04-24 09:42: **********Val Epoch 49: average Loss: 0.074417
2026-04-24 09:42: Train Epoch 50: 0/74 Loss: 0.058860
2026-04-24 09:42: Train Epoch 50: 20/74 Loss: 0.017220
2026-04-24 09:42: Train Epoch 50: 40/74 Loss: 0.027281
2026-04-24 09:42: Train Epoch 50: 60/74 Loss: 0.074550
2026-04-24 09:42: **********Train Epoch 50: averaged Loss: 0.032370
2026-04-24 09:42: **********Val Epoch 50: average Loss: 0.056702
2026-04-24 09:42: Train Epoch 51: 0/74 Loss: 0.029293
2026-04-24 09:42: Train Epoch 51: 20/74 Loss: 0.008111
2026-04-24 09:42: Train Epoch 51: 40/74 Loss: 0.012980
2026-04-24 09:42: Train Epoch 51: 60/74 Loss: 0.050003
2026-04-24 09:42: **********Train Epoch 51: averaged Loss: 0.026927
2026-04-24 09:42: **********Val Epoch 51: average Loss: 0.050653
2026-04-24 09:42: Train Epoch 52: 0/74 Loss: 0.046146
2026-04-24 09:42: Train Epoch 52: 20/74 Loss: 0.015702
2026-04-24 09:42: Train Epoch 52: 40/74 Loss: 0.019121
2026-04-24 09:42: Train Epoch 52: 60/74 Loss: 0.067797
2026-04-24 09:42: **********Train Epoch 52: averaged Loss: 0.025704
2026-04-24 09:42: **********Val Epoch 52: average Loss: 0.067228
2026-04-24 09:42: Train Epoch 53: 0/74 Loss: 0.004341
2026-04-24 09:42: Train Epoch 53: 20/74 Loss: 0.004878
2026-04-24 09:42: Train Epoch 53: 40/74 Loss: 0.044918
2026-04-24 09:43: Train Epoch 53: 60/74 Loss: 0.055674
2026-04-24 09:43: **********Train Epoch 53: averaged Loss: 0.025328
2026-04-24 09:43: **********Val Epoch 53: average Loss: 0.040061
2026-04-24 09:43: Train Epoch 54: 0/74 Loss: 0.016440
2026-04-24 09:43: Train Epoch 54: 20/74 Loss: 0.008910
2026-04-24 09:43: Train Epoch 54: 40/74 Loss: 0.009138
2026-04-24 09:43: Train Epoch 54: 60/74 Loss: 0.022303
2026-04-24 09:43: **********Train Epoch 54: averaged Loss: 0.021116
2026-04-24 09:43: **********Val Epoch 54: average Loss: 0.025703
2026-04-24 09:43: Train Epoch 55: 0/74 Loss: 0.023145
2026-04-24 09:43: Train Epoch 55: 20/74 Loss: 0.009478
2026-04-24 09:43: Train Epoch 55: 40/74 Loss: 0.007690
2026-04-24 09:43: Train Epoch 55: 60/74 Loss: 0.047513
2026-04-24 09:43: **********Train Epoch 55: averaged Loss: 0.027956
2026-04-24 09:43: **********Val Epoch 55: average Loss: 0.060309
2026-04-24 09:43: Train Epoch 56: 0/74 Loss: 0.129060
2026-04-24 09:43: Train Epoch 56: 20/74 Loss: 0.004669
2026-04-24 09:43: Train Epoch 56: 40/74 Loss: 0.009121
2026-04-24 09:43: Train Epoch 56: 60/74 Loss: 0.041266
2026-04-24 09:43: **********Train Epoch 56: averaged Loss: 0.037039
2026-04-24 09:43: **********Val Epoch 56: average Loss: 0.032583
2026-04-24 09:43: Train Epoch 57: 0/74 Loss: 0.030207
2026-04-24 09:43: Train Epoch 57: 20/74 Loss: 0.016035
2026-04-24 09:43: Train Epoch 57: 40/74 Loss: 0.007748
2026-04-24 09:43: Train Epoch 57: 60/74 Loss: 0.049249
2026-04-24 09:43: **********Train Epoch 57: averaged Loss: 0.028039
2026-04-24 09:43: **********Val Epoch 57: average Loss: 0.073317
2026-04-24 09:43: Train Epoch 58: 0/74 Loss: 0.105632
2026-04-24 09:43: Train Epoch 58: 20/74 Loss: 0.031288
2026-04-24 09:43: Train Epoch 58: 40/74 Loss: 0.020653
2026-04-24 09:43: Train Epoch 58: 60/74 Loss: 0.045880
2026-04-24 09:43: **********Train Epoch 58: averaged Loss: 0.034934
2026-04-24 09:43: **********Val Epoch 58: average Loss: 0.052661
2026-04-24 09:43: Train Epoch 59: 0/74 Loss: 0.022715
2026-04-24 09:43: Train Epoch 59: 20/74 Loss: 0.009421
2026-04-24 09:43: Train Epoch 59: 40/74 Loss: 0.019670
2026-04-24 09:43: Train Epoch 59: 60/74 Loss: 0.039273
2026-04-24 09:43: **********Train Epoch 59: averaged Loss: 0.024802
2026-04-24 09:43: **********Val Epoch 59: average Loss: 0.054744
2026-04-24 09:43: Train Epoch 60: 0/74 Loss: 0.030821
2026-04-24 09:43: Train Epoch 60: 20/74 Loss: 0.014431
2026-04-24 09:43: Train Epoch 60: 40/74 Loss: 0.023462
2026-04-24 09:43: Train Epoch 60: 60/74 Loss: 0.042825
2026-04-24 09:43: **********Train Epoch 60: averaged Loss: 0.025573
2026-04-24 09:43: **********Val Epoch 60: average Loss: 0.035746
2026-04-24 09:43: Train Epoch 61: 0/74 Loss: 0.054925
2026-04-24 09:43: Train Epoch 61: 20/74 Loss: 0.013085
2026-04-24 09:43: Train Epoch 61: 40/74 Loss: 0.016322
2026-04-24 09:43: Train Epoch 61: 60/74 Loss: 0.042959
2026-04-24 09:43: **********Train Epoch 61: averaged Loss: 0.026820
2026-04-24 09:43: **********Val Epoch 61: average Loss: 0.042111
2026-04-24 09:43: Train Epoch 62: 0/74 Loss: 0.067648
2026-04-24 09:43: Train Epoch 62: 20/74 Loss: 0.011465
2026-04-24 09:43: Train Epoch 62: 40/74 Loss: 0.021272
2026-04-24 09:44: Train Epoch 62: 60/74 Loss: 0.037735
2026-04-24 09:44: **********Train Epoch 62: averaged Loss: 0.031807
2026-04-24 09:44: **********Val Epoch 62: average Loss: 0.050830
2026-04-24 09:44: Train Epoch 63: 0/74 Loss: 0.040888
2026-04-24 09:44: Train Epoch 63: 20/74 Loss: 0.019930
2026-04-24 09:44: Train Epoch 63: 40/74 Loss: 0.008977
2026-04-24 09:44: Train Epoch 63: 60/74 Loss: 0.041513
2026-04-24 09:44: **********Train Epoch 63: averaged Loss: 0.025785
2026-04-24 09:44: **********Val Epoch 63: average Loss: 0.017138
2026-04-24 09:44: Train Epoch 64: 0/74 Loss: 0.013787
2026-04-24 09:44: Train Epoch 64: 20/74 Loss: 0.005216
2026-04-24 09:44: Train Epoch 64: 40/74 Loss: 0.008925
2026-04-24 09:44: Train Epoch 64: 60/74 Loss: 0.059797
2026-04-24 09:44: **********Train Epoch 64: averaged Loss: 0.029467
2026-04-24 09:44: **********Val Epoch 64: average Loss: 0.050688
2026-04-24 09:44: Train Epoch 65: 0/74 Loss: 0.124778
2026-04-24 09:44: Train Epoch 65: 20/74 Loss: 0.020638
2026-04-24 09:44: Train Epoch 65: 40/74 Loss: 0.009224
2026-04-24 09:44: Train Epoch 65: 60/74 Loss: 0.032031
2026-04-24 09:44: **********Train Epoch 65: averaged Loss: 0.034515
2026-04-24 09:44: **********Val Epoch 65: average Loss: 0.022926
2026-04-24 09:44: Train Epoch 66: 0/74 Loss: 0.004787
2026-04-24 09:44: Train Epoch 66: 20/74 Loss: 0.016704
2026-04-24 09:44: Train Epoch 66: 40/74 Loss: 0.014271
2026-04-24 09:44: Train Epoch 66: 60/74 Loss: 0.030130
2026-04-24 09:44: **********Train Epoch 66: averaged Loss: 0.021856
2026-04-24 09:44: **********Val Epoch 66: average Loss: 0.015093
2026-04-24 09:44: Train Epoch 67: 0/74 Loss: 0.050836
2026-04-24 09:44: Train Epoch 67: 20/74 Loss: 0.022364
2026-04-24 09:44: Train Epoch 67: 40/74 Loss: 0.013309
2026-04-24 09:44: Train Epoch 67: 60/74 Loss: 0.095604
2026-04-24 09:44: **********Train Epoch 67: averaged Loss: 0.038552
2026-04-24 09:44: **********Val Epoch 67: average Loss: 0.071667
2026-04-24 09:44: Train Epoch 68: 0/74 Loss: 0.074668
2026-04-24 09:44: Train Epoch 68: 20/74 Loss: 0.023906
2026-04-24 09:44: Train Epoch 68: 40/74 Loss: 0.016152
2026-04-24 09:44: Train Epoch 68: 60/74 Loss: 0.043029
2026-04-24 09:44: **********Train Epoch 68: averaged Loss: 0.028821
2026-04-24 09:44: **********Val Epoch 68: average Loss: 0.070756
2026-04-24 09:44: Train Epoch 69: 0/74 Loss: 0.011194
2026-04-24 09:44: Train Epoch 69: 20/74 Loss: 0.018321
2026-04-24 09:44: Train Epoch 69: 40/74 Loss: 0.007125
2026-04-24 09:44: Train Epoch 69: 60/74 Loss: 0.021320
2026-04-24 09:44: **********Train Epoch 69: averaged Loss: 0.021391
2026-04-24 09:44: **********Val Epoch 69: average Loss: 0.035652
2026-04-24 09:44: Train Epoch 70: 0/74 Loss: 0.017065
2026-04-24 09:44: Train Epoch 70: 20/74 Loss: 0.007160
2026-04-24 09:44: Train Epoch 70: 40/74 Loss: 0.007419
2026-04-24 09:44: Train Epoch 70: 60/74 Loss: 0.022978
2026-04-24 09:44: **********Train Epoch 70: averaged Loss: 0.019863
2026-04-24 09:44: **********Val Epoch 70: average Loss: 0.013404
2026-04-24 09:44: *********************************Current best model saved!
2026-04-24 09:44: Train Epoch 71: 0/74 Loss: 0.088544
2026-04-24 09:45: Train Epoch 71: 20/74 Loss: 0.025980
2026-04-24 09:45: Train Epoch 71: 40/74 Loss: 0.014118
2026-04-24 09:45: Train Epoch 71: 60/74 Loss: 0.034854
2026-04-24 09:45: **********Train Epoch 71: averaged Loss: 0.030266
2026-04-24 09:45: **********Val Epoch 71: average Loss: 0.020583
2026-04-24 09:45: Train Epoch 72: 0/74 Loss: 0.071235
2026-04-24 09:45: Train Epoch 72: 20/74 Loss: 0.008487
2026-04-24 09:45: Train Epoch 72: 40/74 Loss: 0.012180
2026-04-24 09:45: Train Epoch 72: 60/74 Loss: 0.055707
2026-04-24 09:45: **********Train Epoch 72: averaged Loss: 0.034697
2026-04-24 09:45: **********Val Epoch 72: average Loss: 0.050596
2026-04-24 09:45: Train Epoch 73: 0/74 Loss: 0.091385
2026-04-24 09:45: Train Epoch 73: 20/74 Loss: 0.004244
2026-04-24 09:45: Train Epoch 73: 40/74 Loss: 0.008903
2026-04-24 09:45: Train Epoch 73: 60/74 Loss: 0.043202
2026-04-24 09:45: **********Train Epoch 73: averaged Loss: 0.033468
2026-04-24 09:45: **********Val Epoch 73: average Loss: 0.049084
2026-04-24 09:45: Train Epoch 74: 0/74 Loss: 0.017463
2026-04-24 09:45: Train Epoch 74: 20/74 Loss: 0.008823
2026-04-24 09:45: Train Epoch 74: 40/74 Loss: 0.011577
2026-04-24 09:45: Train Epoch 74: 60/74 Loss: 0.025308
2026-04-24 09:45: **********Train Epoch 74: averaged Loss: 0.019138
2026-04-24 09:45: **********Val Epoch 74: average Loss: 0.018618
2026-04-24 09:45: Train Epoch 75: 0/74 Loss: 0.006230
2026-04-24 09:45: Train Epoch 75: 20/74 Loss: 0.008136
2026-04-24 09:45: Train Epoch 75: 40/74 Loss: 0.007698
2026-04-24 09:45: Train Epoch 75: 60/74 Loss: 0.053309
2026-04-24 09:45: **********Train Epoch 75: averaged Loss: 0.024737
2026-04-24 09:45: **********Val Epoch 75: average Loss: 0.063950
2026-04-24 09:45: Train Epoch 76: 0/74 Loss: 0.104462
2026-04-24 09:45: Train Epoch 76: 20/74 Loss: 0.006444
2026-04-24 09:45: Train Epoch 76: 40/74 Loss: 0.012507
2026-04-24 09:45: Train Epoch 76: 60/74 Loss: 0.046252
2026-04-24 09:45: **********Train Epoch 76: averaged Loss: 0.035561
2026-04-24 09:45: **********Val Epoch 76: average Loss: 0.039041
2026-04-24 09:45: Train Epoch 77: 0/74 Loss: 0.032143
2026-04-24 09:45: Train Epoch 77: 20/74 Loss: 0.016233
2026-04-24 09:45: Train Epoch 77: 40/74 Loss: 0.008854
2026-04-24 09:45: Train Epoch 77: 60/74 Loss: 0.010461
2026-04-24 09:45: **********Train Epoch 77: averaged Loss: 0.020125
2026-04-24 09:45: **********Val Epoch 77: average Loss: 0.051915
2026-04-24 09:45: Train Epoch 78: 0/74 Loss: 0.037795
2026-04-24 09:45: Train Epoch 78: 20/74 Loss: 0.024726
2026-04-24 09:45: Train Epoch 78: 40/74 Loss: 0.007555
2026-04-24 09:45: Train Epoch 78: 60/74 Loss: 0.023207
2026-04-24 09:45: **********Train Epoch 78: averaged Loss: 0.023720
2026-04-24 09:45: **********Val Epoch 78: average Loss: 0.017640
2026-04-24 09:45: Train Epoch 79: 0/74 Loss: 0.051106
2026-04-24 09:45: Train Epoch 79: 20/74 Loss: 0.024177
2026-04-24 09:45: Train Epoch 79: 40/74 Loss: 0.008853
2026-04-24 09:45: Train Epoch 79: 60/74 Loss: 0.043955
2026-04-24 09:46: **********Train Epoch 79: averaged Loss: 0.028403
2026-04-24 09:46: **********Val Epoch 79: average Loss: 0.020152
2026-04-24 09:46: Train Epoch 80: 0/74 Loss: 0.063721
2026-04-24 09:46: Train Epoch 80: 20/74 Loss: 0.014040
2026-04-24 09:46: Train Epoch 80: 40/74 Loss: 0.007129
2026-04-24 09:46: Train Epoch 80: 60/74 Loss: 0.040350
2026-04-24 09:46: **********Train Epoch 80: averaged Loss: 0.025625
2026-04-24 09:46: **********Val Epoch 80: average Loss: 0.026591
2026-04-24 09:46: Train Epoch 81: 0/74 Loss: 0.029838
2026-04-24 09:46: Train Epoch 81: 20/74 Loss: 0.030130
2026-04-24 09:46: Train Epoch 81: 40/74 Loss: 0.007884
2026-04-24 09:46: Train Epoch 81: 60/74 Loss: 0.038076
2026-04-24 09:46: **********Train Epoch 81: averaged Loss: 0.026290
2026-04-24 09:46: **********Val Epoch 81: average Loss: 0.032928
2026-04-24 09:46: Train Epoch 82: 0/74 Loss: 0.080415
2026-04-24 09:46: Train Epoch 82: 20/74 Loss: 0.011966
2026-04-24 09:46: Train Epoch 82: 40/74 Loss: 0.021094
2026-04-24 09:46: Train Epoch 82: 60/74 Loss: 0.052592
2026-04-24 09:46: **********Train Epoch 82: averaged Loss: 0.033787
2026-04-24 09:46: **********Val Epoch 82: average Loss: 0.054003
2026-04-24 09:46: Train Epoch 83: 0/74 Loss: 0.014780
2026-04-24 09:46: Train Epoch 83: 20/74 Loss: 0.010002
2026-04-24 09:46: Train Epoch 83: 40/74 Loss: 0.010496
2026-04-24 09:46: Train Epoch 83: 60/74 Loss: 0.027002
2026-04-24 09:46: **********Train Epoch 83: averaged Loss: 0.022081
2026-04-24 09:46: **********Val Epoch 83: average Loss: 0.053493
2026-04-24 09:46: Train Epoch 84: 0/74 Loss: 0.022392
2026-04-24 09:46: Train Epoch 84: 20/74 Loss: 0.005000
2026-04-24 09:46: Train Epoch 84: 40/74 Loss: 0.007851
2026-04-24 09:46: Train Epoch 84: 60/74 Loss: 0.028064
2026-04-24 09:46: **********Train Epoch 84: averaged Loss: 0.020389
2026-04-24 09:46: **********Val Epoch 84: average Loss: 0.040030
2026-04-24 09:46: Train Epoch 85: 0/74 Loss: 0.021515
2026-04-24 09:46: Train Epoch 85: 20/74 Loss: 0.008090
2026-04-24 09:46: Train Epoch 85: 40/74 Loss: 0.007504
2026-04-24 09:46: Train Epoch 85: 60/74 Loss: 0.033812
2026-04-24 09:46: **********Train Epoch 85: averaged Loss: 0.019709
2026-04-24 09:46: **********Val Epoch 85: average Loss: 0.038207
2026-04-24 09:46: Train Epoch 86: 0/74 Loss: 0.058055
2026-04-24 09:46: Train Epoch 86: 20/74 Loss: 0.019310
2026-04-24 09:46: Train Epoch 86: 40/74 Loss: 0.027666
2026-04-24 09:46: Train Epoch 86: 60/74 Loss: 0.020736
2026-04-24 09:46: **********Train Epoch 86: averaged Loss: 0.026225
2026-04-24 09:46: **********Val Epoch 86: average Loss: 0.010825
2026-04-24 09:46: *********************************Current best model saved!
2026-04-24 09:46: Train Epoch 87: 0/74 Loss: 0.026584
2026-04-24 09:46: Train Epoch 87: 20/74 Loss: 0.005373
2026-04-24 09:46: Train Epoch 87: 40/74 Loss: 0.008953
2026-04-24 09:46: Train Epoch 87: 60/74 Loss: 0.051262
2026-04-24 09:46: **********Train Epoch 87: averaged Loss: 0.022514
2026-04-24 09:46: **********Val Epoch 87: average Loss: 0.026888
2026-04-24 09:46: Train Epoch 88: 0/74 Loss: 0.004880
2026-04-24 09:46: Train Epoch 88: 20/74 Loss: 0.010170
2026-04-24 09:46: Train Epoch 88: 40/74 Loss: 0.010701
2026-04-24 09:47: Train Epoch 88: 60/74 Loss: 0.034247
2026-04-24 09:47: **********Train Epoch 88: averaged Loss: 0.022488
2026-04-24 09:47: **********Val Epoch 88: average Loss: 0.023061
2026-04-24 09:47: Train Epoch 89: 0/74 Loss: 0.021436
2026-04-24 09:47: Train Epoch 89: 20/74 Loss: 0.004461
2026-04-24 09:47: Train Epoch 89: 40/74 Loss: 0.008012
2026-04-24 09:47: Train Epoch 89: 60/74 Loss: 0.045697
2026-04-24 09:47: **********Train Epoch 89: averaged Loss: 0.023556
2026-04-24 09:47: **********Val Epoch 89: average Loss: 0.037535
2026-04-24 09:47: Train Epoch 90: 0/74 Loss: 0.068989
2026-04-24 09:47: Train Epoch 90: 20/74 Loss: 0.004573
2026-04-24 09:47: Train Epoch 90: 40/74 Loss: 0.014064
2026-04-24 09:47: Train Epoch 90: 60/74 Loss: 0.038511
2026-04-24 09:47: **********Train Epoch 90: averaged Loss: 0.024880
2026-04-24 09:47: **********Val Epoch 90: average Loss: 0.045601
2026-04-24 09:47: Train Epoch 91: 0/74 Loss: 0.027035
2026-04-24 09:47: Train Epoch 91: 20/74 Loss: 0.010804
2026-04-24 09:47: Train Epoch 91: 40/74 Loss: 0.007659
2026-04-24 09:47: Train Epoch 91: 60/74 Loss: 0.035628
2026-04-24 09:47: **********Train Epoch 91: averaged Loss: 0.019383
2026-04-24 09:47: **********Val Epoch 91: average Loss: 0.021339
2026-04-24 09:47: Train Epoch 92: 0/74 Loss: 0.056630
2026-04-24 09:47: Train Epoch 92: 20/74 Loss: 0.011172
2026-04-24 09:47: Train Epoch 92: 40/74 Loss: 0.045121
2026-04-24 09:47: Train Epoch 92: 60/74 Loss: 0.065813
2026-04-24 09:47: **********Train Epoch 92: averaged Loss: 0.033940
2026-04-24 09:47: **********Val Epoch 92: average Loss: 0.050960
2026-04-24 09:47: Train Epoch 93: 0/74 Loss: 0.004539
2026-04-24 09:47: Train Epoch 93: 20/74 Loss: 0.007067
2026-04-24 09:47: Train Epoch 93: 40/74 Loss: 0.007830
2026-04-24 09:47: Train Epoch 93: 60/74 Loss: 0.018170
2026-04-24 09:47: **********Train Epoch 93: averaged Loss: 0.013765
2026-04-24 09:47: **********Val Epoch 93: average Loss: 0.020593
2026-04-24 09:47: Train Epoch 94: 0/74 Loss: 0.100679
2026-04-24 09:47: Train Epoch 94: 20/74 Loss: 0.014996
2026-04-24 09:47: Train Epoch 94: 40/74 Loss: 0.008210
2026-04-24 09:47: Train Epoch 94: 60/74 Loss: 0.025427
2026-04-24 09:47: **********Train Epoch 94: averaged Loss: 0.024318
2026-04-24 09:47: **********Val Epoch 94: average Loss: 0.021040
2026-04-24 09:47: Train Epoch 95: 0/74 Loss: 0.026579
2026-04-24 09:47: Train Epoch 95: 20/74 Loss: 0.013593
2026-04-24 09:47: Train Epoch 95: 40/74 Loss: 0.009319
2026-04-24 09:47: Train Epoch 95: 60/74 Loss: 0.047317
2026-04-24 09:47: **********Train Epoch 95: averaged Loss: 0.022639
2026-04-24 09:47: **********Val Epoch 95: average Loss: 0.033604
2026-04-24 09:47: Train Epoch 96: 0/74 Loss: 0.101638
2026-04-24 09:47: Train Epoch 96: 20/74 Loss: 0.010621
2026-04-24 09:47: Train Epoch 96: 40/74 Loss: 0.034075
2026-04-24 09:47: Train Epoch 96: 60/74 Loss: 0.042233
2026-04-24 09:47: **********Train Epoch 96: averaged Loss: 0.037240
2026-04-24 09:47: **********Val Epoch 96: average Loss: 0.021128
2026-04-24 09:47: Train Epoch 97: 0/74 Loss: 0.013993
2026-04-24 09:47: Train Epoch 97: 20/74 Loss: 0.005290
2026-04-24 09:48: Train Epoch 97: 40/74 Loss: 0.007949
2026-04-24 09:48: Train Epoch 97: 60/74 Loss: 0.063300
2026-04-24 09:48: **********Train Epoch 97: averaged Loss: 0.027596
2026-04-24 09:48: **********Val Epoch 97: average Loss: 0.072058
2026-04-24 09:48: Train Epoch 98: 0/74 Loss: 0.084385
2026-04-24 09:48: Train Epoch 98: 20/74 Loss: 0.016862
2026-04-24 09:48: Train Epoch 98: 40/74 Loss: 0.012430
2026-04-24 09:48: Train Epoch 98: 60/74 Loss: 0.021855
2026-04-24 09:48: **********Train Epoch 98: averaged Loss: 0.022280
2026-04-24 09:48: **********Val Epoch 98: average Loss: 0.011635
2026-04-24 09:48: Train Epoch 99: 0/74 Loss: 0.029476
2026-04-24 09:48: Train Epoch 99: 20/74 Loss: 0.005012
2026-04-24 09:48: Train Epoch 99: 40/74 Loss: 0.016648
2026-04-24 09:48: Train Epoch 99: 60/74 Loss: 0.032095
2026-04-24 09:48: **********Train Epoch 99: averaged Loss: 0.019413
2026-04-24 09:48: **********Val Epoch 99: average Loss: 0.015988
2026-04-24 09:48: Train Epoch 100: 0/74 Loss: 0.037668
2026-04-24 09:48: Train Epoch 100: 20/74 Loss: 0.015226
2026-04-24 09:48: Train Epoch 100: 40/74 Loss: 0.008243
2026-04-24 09:48: Train Epoch 100: 60/74 Loss: 0.044030
2026-04-24 09:48: **********Train Epoch 100: averaged Loss: 0.025058
2026-04-24 09:48: **********Val Epoch 100: average Loss: 0.032843
2026-04-24 09:48: Train Epoch 101: 0/74 Loss: 0.092963
2026-04-24 09:48: Train Epoch 101: 20/74 Loss: 0.004802
2026-04-24 09:48: Train Epoch 101: 40/74 Loss: 0.040459
2026-04-24 09:48: Train Epoch 101: 60/74 Loss: 0.036007
2026-04-24 09:48: **********Train Epoch 101: averaged Loss: 0.034154
2026-04-24 09:48: **********Val Epoch 101: average Loss: 0.027989
2026-04-24 09:48: Train Epoch 102: 0/74 Loss: 0.017193
2026-04-24 09:48: Train Epoch 102: 20/74 Loss: 0.004320
2026-04-24 09:48: Train Epoch 102: 40/74 Loss: 0.008852
2026-04-24 09:48: Train Epoch 102: 60/74 Loss: 0.025358
2026-04-24 09:48: **********Train Epoch 102: averaged Loss: 0.018888
2026-04-24 09:48: **********Val Epoch 102: average Loss: 0.027243
2026-04-24 09:48: Train Epoch 103: 0/74 Loss: 0.026077
2026-04-24 09:48: Train Epoch 103: 20/74 Loss: 0.004187
2026-04-24 09:48: Train Epoch 103: 40/74 Loss: 0.011443
2026-04-24 09:48: Train Epoch 103: 60/74 Loss: 0.027214
2026-04-24 09:48: **********Train Epoch 103: averaged Loss: 0.017868
2026-04-24 09:48: **********Val Epoch 103: average Loss: 0.012289
2026-04-24 09:48: Train Epoch 104: 0/74 Loss: 0.035144
2026-04-24 09:48: Train Epoch 104: 20/74 Loss: 0.006109
2026-04-24 09:48: Train Epoch 104: 40/74 Loss: 0.008903
2026-04-24 09:48: Train Epoch 104: 60/74 Loss: 0.024995
2026-04-24 09:48: **********Train Epoch 104: averaged Loss: 0.019305
2026-04-24 09:48: **********Val Epoch 104: average Loss: 0.050991
2026-04-24 09:48: Train Epoch 105: 0/74 Loss: 0.005040
2026-04-24 09:48: Train Epoch 105: 20/74 Loss: 0.003782
2026-04-24 09:48: Train Epoch 105: 40/74 Loss: 0.007102
2026-04-24 09:48: Train Epoch 105: 60/74 Loss: 0.016023
2026-04-24 09:48: **********Train Epoch 105: averaged Loss: 0.013555
2026-04-24 09:48: **********Val Epoch 105: average Loss: 0.011305
2026-04-24 09:48: Train Epoch 106: 0/74 Loss: 0.084354
2026-04-24 09:49: Train Epoch 106: 20/74 Loss: 0.006944
2026-04-24 09:49: Train Epoch 106: 40/74 Loss: 0.009072
2026-04-24 09:49: Train Epoch 106: 60/74 Loss: 0.033478
2026-04-24 09:49: **********Train Epoch 106: averaged Loss: 0.025818
2026-04-24 09:49: **********Val Epoch 106: average Loss: 0.029305
2026-04-24 09:49: Train Epoch 107: 0/74 Loss: 0.035326
2026-04-24 09:49: Train Epoch 107: 20/74 Loss: 0.011801
2026-04-24 09:49: Train Epoch 107: 40/74 Loss: 0.008418
2026-04-24 09:49: Train Epoch 107: 60/74 Loss: 0.025746
2026-04-24 09:49: **********Train Epoch 107: averaged Loss: 0.022112
2026-04-24 09:49: **********Val Epoch 107: average Loss: 0.012672
2026-04-24 09:49: Train Epoch 108: 0/74 Loss: 0.078663
2026-04-24 09:49: Train Epoch 108: 20/74 Loss: 0.004034
2026-04-24 09:49: Train Epoch 108: 40/74 Loss: 0.022902
2026-04-24 09:49: Train Epoch 108: 60/74 Loss: 0.045243
2026-04-24 09:49: **********Train Epoch 108: averaged Loss: 0.031817
2026-04-24 09:49: **********Val Epoch 108: average Loss: 0.047389
2026-04-24 09:49: Train Epoch 109: 0/74 Loss: 0.013667
2026-04-24 09:49: Train Epoch 109: 20/74 Loss: 0.004702
2026-04-24 09:49: Train Epoch 109: 40/74 Loss: 0.008370
2026-04-24 09:49: Train Epoch 109: 60/74 Loss: 0.012736
2026-04-24 09:49: **********Train Epoch 109: averaged Loss: 0.015586
2026-04-24 09:49: **********Val Epoch 109: average Loss: 0.014937
2026-04-24 09:49: Train Epoch 110: 0/74 Loss: 0.034402
2026-04-24 09:49: Train Epoch 110: 20/74 Loss: 0.014573
2026-04-24 09:49: Train Epoch 110: 40/74 Loss: 0.010124
2026-04-24 09:49: Train Epoch 110: 60/74 Loss: 0.032049
2026-04-24 09:49: **********Train Epoch 110: averaged Loss: 0.017113
2026-04-24 09:49: **********Val Epoch 110: average Loss: 0.012839
2026-04-24 09:49: Train Epoch 111: 0/74 Loss: 0.039449
2026-04-24 09:49: Train Epoch 111: 20/74 Loss: 0.004118
2026-04-24 09:49: Train Epoch 111: 40/74 Loss: 0.009508
2026-04-24 09:49: Train Epoch 111: 60/74 Loss: 0.027324
2026-04-24 09:49: **********Train Epoch 111: averaged Loss: 0.016080
2026-04-24 09:49: **********Val Epoch 111: average Loss: 0.012808
2026-04-24 09:49: Train Epoch 112: 0/74 Loss: 0.007515
2026-04-24 09:49: Train Epoch 112: 20/74 Loss: 0.004188
2026-04-24 09:49: Train Epoch 112: 40/74 Loss: 0.011318
2026-04-24 09:49: Train Epoch 112: 60/74 Loss: 0.025023
2026-04-24 09:49: **********Train Epoch 112: averaged Loss: 0.014062
2026-04-24 09:49: **********Val Epoch 112: average Loss: 0.014192
2026-04-24 09:49: Train Epoch 113: 0/74 Loss: 0.006019
2026-04-24 09:49: Train Epoch 113: 20/74 Loss: 0.013616
2026-04-24 09:49: Train Epoch 113: 40/74 Loss: 0.007213
2026-04-24 09:49: Train Epoch 113: 60/74 Loss: 0.035691
2026-04-24 09:49: **********Train Epoch 113: averaged Loss: 0.014618
2026-04-24 09:49: **********Val Epoch 113: average Loss: 0.010761
2026-04-24 09:49: *********************************Current best model saved!
2026-04-24 09:49: Train Epoch 114: 0/74 Loss: 0.009376
2026-04-24 09:49: Train Epoch 114: 20/74 Loss: 0.013138
2026-04-24 09:49: Train Epoch 114: 40/74 Loss: 0.007581
2026-04-24 09:49: Train Epoch 114: 60/74 Loss: 0.024165
2026-04-24 09:50: **********Train Epoch 114: averaged Loss: 0.015154
2026-04-24 09:50: **********Val Epoch 114: average Loss: 0.017124
2026-04-24 09:50: Train Epoch 115: 0/74 Loss: 0.015255
2026-04-24 09:50: Train Epoch 115: 20/74 Loss: 0.005295
2026-04-24 09:50: Train Epoch 115: 40/74 Loss: 0.029511
2026-04-24 09:50: Train Epoch 115: 60/74 Loss: 0.034536
2026-04-24 09:50: **********Train Epoch 115: averaged Loss: 0.020575
2026-04-24 09:50: **********Val Epoch 115: average Loss: 0.009201
2026-04-24 09:50: *********************************Current best model saved!
2026-04-24 09:50: Train Epoch 116: 0/74 Loss: 0.047647
2026-04-24 09:50: Train Epoch 116: 20/74 Loss: 0.005109
2026-04-24 09:50: Train Epoch 116: 40/74 Loss: 0.007355
2026-04-24 09:50: Train Epoch 116: 60/74 Loss: 0.033181
2026-04-24 09:50: **********Train Epoch 116: averaged Loss: 0.018819
2026-04-24 09:50: **********Val Epoch 116: average Loss: 0.013979
2026-04-24 09:50: Train Epoch 117: 0/74 Loss: 0.014935
2026-04-24 09:50: Train Epoch 117: 20/74 Loss: 0.006714
2026-04-24 09:50: Train Epoch 117: 40/74 Loss: 0.013205
2026-04-24 09:50: Train Epoch 117: 60/74 Loss: 0.051807
2026-04-24 09:50: **********Train Epoch 117: averaged Loss: 0.020526
2026-04-24 09:50: **********Val Epoch 117: average Loss: 0.019214
2026-04-24 09:50: Train Epoch 118: 0/74 Loss: 0.018038
2026-04-24 09:50: Train Epoch 118: 20/74 Loss: 0.007381
2026-04-24 09:50: Train Epoch 118: 40/74 Loss: 0.008881
2026-04-24 09:50: Train Epoch 118: 60/74 Loss: 0.034494
2026-04-24 09:50: **********Train Epoch 118: averaged Loss: 0.016662
2026-04-24 09:50: **********Val Epoch 118: average Loss: 0.009120
2026-04-24 09:50: *********************************Current best model saved!
2026-04-24 09:50: Train Epoch 119: 0/74 Loss: 0.050509
2026-04-24 09:50: Train Epoch 119: 20/74 Loss: 0.009160
2026-04-24 09:50: Train Epoch 119: 40/74 Loss: 0.011513
2026-04-24 09:50: Train Epoch 119: 60/74 Loss: 0.030203
2026-04-24 09:50: **********Train Epoch 119: averaged Loss: 0.018803
2026-04-24 09:50: **********Val Epoch 119: average Loss: 0.009772
2026-04-24 09:50: Train Epoch 120: 0/74 Loss: 0.036416
2026-04-24 09:50: Train Epoch 120: 20/74 Loss: 0.006268
2026-04-24 09:50: Train Epoch 120: 40/74 Loss: 0.015449
2026-04-24 09:50: Train Epoch 120: 60/74 Loss: 0.023891
2026-04-24 09:50: **********Train Epoch 120: averaged Loss: 0.019345
2026-04-24 09:50: **********Val Epoch 120: average Loss: 0.011268
2026-04-24 09:50: Train Epoch 121: 0/74 Loss: 0.052695
2026-04-24 09:50: Train Epoch 121: 20/74 Loss: 0.007124
2026-04-24 09:50: Train Epoch 121: 40/74 Loss: 0.036695
2026-04-24 09:50: Train Epoch 121: 60/74 Loss: 0.032054
2026-04-24 09:50: **********Train Epoch 121: averaged Loss: 0.022468
2026-04-24 09:50: **********Val Epoch 121: average Loss: 0.011729
2026-04-24 09:50: Train Epoch 122: 0/74 Loss: 0.026195
2026-04-24 09:50: Train Epoch 122: 20/74 Loss: 0.014163
2026-04-24 09:50: Train Epoch 122: 40/74 Loss: 0.007289
2026-04-24 09:50: Train Epoch 122: 60/74 Loss: 0.017512
2026-04-24 09:50: **********Train Epoch 122: averaged Loss: 0.014451
2026-04-24 09:50: **********Val Epoch 122: average Loss: 0.014289
2026-04-24 09:50: Train Epoch 123: 0/74 Loss: 0.032900
2026-04-24 09:50: Train Epoch 123: 20/74 Loss: 0.004709
2026-04-24 09:50: Train Epoch 123: 40/74 Loss: 0.008722
2026-04-24 09:51: Train Epoch 123: 60/74 Loss: 0.031866
2026-04-24 09:51: **********Train Epoch 123: averaged Loss: 0.016447
2026-04-24 09:51: **********Val Epoch 123: average Loss: 0.010849
2026-04-24 09:51: Train Epoch 124: 0/74 Loss: 0.028257
2026-04-24 09:51: Train Epoch 124: 20/74 Loss: 0.023182
2026-04-24 09:51: Train Epoch 124: 40/74 Loss: 0.008593
2026-04-24 09:51: Train Epoch 124: 60/74 Loss: 0.047735
2026-04-24 09:51: **********Train Epoch 124: averaged Loss: 0.027315
2026-04-24 09:51: **********Val Epoch 124: average Loss: 0.056123
2026-04-24 09:51: Train Epoch 125: 0/74 Loss: 0.065824
2026-04-24 09:51: Train Epoch 125: 20/74 Loss: 0.022787
2026-04-24 09:51: Train Epoch 125: 40/74 Loss: 0.007176
2026-04-24 09:51: Train Epoch 125: 60/74 Loss: 0.016853
2026-04-24 09:51: **********Train Epoch 125: averaged Loss: 0.019457
2026-04-24 09:51: **********Val Epoch 125: average Loss: 0.014866
2026-04-24 09:51: Train Epoch 126: 0/74 Loss: 0.016299
2026-04-24 09:51: Train Epoch 126: 20/74 Loss: 0.004279
2026-04-24 09:51: Train Epoch 126: 40/74 Loss: 0.014416
2026-04-24 09:51: Train Epoch 126: 60/74 Loss: 0.032964
2026-04-24 09:51: **********Train Epoch 126: averaged Loss: 0.014464
2026-04-24 09:51: **********Val Epoch 126: average Loss: 0.010291
2026-04-24 09:51: Train Epoch 127: 0/74 Loss: 0.003962
2026-04-24 09:51: Train Epoch 127: 20/74 Loss: 0.006059
2026-04-24 09:51: Train Epoch 127: 40/74 Loss: 0.019569
2026-04-24 09:51: Train Epoch 127: 60/74 Loss: 0.025415
2026-04-24 09:51: **********Train Epoch 127: averaged Loss: 0.016409
2026-04-24 09:51: **********Val Epoch 127: average Loss: 0.009811
2026-04-24 09:51: Train Epoch 128: 0/74 Loss: 0.044763
2026-04-24 09:51: Train Epoch 128: 20/74 Loss: 0.011194
2026-04-24 09:51: Train Epoch 128: 40/74 Loss: 0.014164
2026-04-24 09:51: Train Epoch 128: 60/74 Loss: 0.007055
2026-04-24 09:51: **********Train Epoch 128: averaged Loss: 0.017290
2026-04-24 09:51: **********Val Epoch 128: average Loss: 0.010648
2026-04-24 09:51: Train Epoch 129: 0/74 Loss: 0.051716
2026-04-24 09:51: Train Epoch 129: 20/74 Loss: 0.004134
2026-04-24 09:51: Train Epoch 129: 40/74 Loss: 0.008504
2026-04-24 09:51: Train Epoch 129: 60/74 Loss: 0.028329
2026-04-24 09:51: **********Train Epoch 129: averaged Loss: 0.013337
2026-04-24 09:51: **********Val Epoch 129: average Loss: 0.010029
2026-04-24 09:51: Train Epoch 130: 0/74 Loss: 0.005433
2026-04-24 09:51: Train Epoch 130: 20/74 Loss: 0.010220
2026-04-24 09:51: Train Epoch 130: 40/74 Loss: 0.006924
2026-04-24 09:51: Train Epoch 130: 60/74 Loss: 0.006293
2026-04-24 09:51: **********Train Epoch 130: averaged Loss: 0.016389
2026-04-24 09:51: **********Val Epoch 130: average Loss: 0.035898
2026-04-24 09:51: Train Epoch 131: 0/74 Loss: 0.029207
2026-04-24 09:51: Train Epoch 131: 20/74 Loss: 0.009768
2026-04-24 09:51: Train Epoch 131: 40/74 Loss: 0.007673
2026-04-24 09:51: Train Epoch 131: 60/74 Loss: 0.023451
2026-04-24 09:51: **********Train Epoch 131: averaged Loss: 0.014248
2026-04-24 09:51: **********Val Epoch 131: average Loss: 0.008629
2026-04-24 09:51: *********************************Current best model saved!
2026-04-24 09:51: Train Epoch 132: 0/74 Loss: 0.085809
2026-04-24 09:52: Train Epoch 132: 20/74 Loss: 0.014640
2026-04-24 09:52: Train Epoch 132: 40/74 Loss: 0.009705
2026-04-24 09:52: Train Epoch 132: 60/74 Loss: 0.006252
2026-04-24 09:52: **********Train Epoch 132: averaged Loss: 0.020487
2026-04-24 09:52: **********Val Epoch 132: average Loss: 0.011257
2026-04-24 09:52: Train Epoch 133: 0/74 Loss: 0.022796
2026-04-24 09:52: Train Epoch 133: 20/74 Loss: 0.008874
2026-04-24 09:52: Train Epoch 133: 40/74 Loss: 0.007486
2026-04-24 09:52: Train Epoch 133: 60/74 Loss: 0.024236
2026-04-24 09:52: **********Train Epoch 133: averaged Loss: 0.014399
2026-04-24 09:52: **********Val Epoch 133: average Loss: 0.010301
2026-04-24 09:52: Train Epoch 134: 0/74 Loss: 0.101180
2026-04-24 09:52: Train Epoch 134: 20/74 Loss: 0.011091
2026-04-24 09:52: Train Epoch 134: 40/74 Loss: 0.012962
2026-04-24 09:52: Train Epoch 134: 60/74 Loss: 0.007553
2026-04-24 09:52: **********Train Epoch 134: averaged Loss: 0.021100
2026-04-24 09:52: **********Val Epoch 134: average Loss: 0.016053
2026-04-24 09:52: Train Epoch 135: 0/74 Loss: 0.040790
2026-04-24 09:52: Train Epoch 135: 20/74 Loss: 0.004239
2026-04-24 09:52: Train Epoch 135: 40/74 Loss: 0.021254
2026-04-24 09:52: Train Epoch 135: 60/74 Loss: 0.008578
2026-04-24 09:52: **********Train Epoch 135: averaged Loss: 0.018069
2026-04-24 09:52: **********Val Epoch 135: average Loss: 0.021611
2026-04-24 09:52: Train Epoch 136: 0/74 Loss: 0.067666
2026-04-24 09:52: Train Epoch 136: 20/74 Loss: 0.008291
2026-04-24 09:52: Train Epoch 136: 40/74 Loss: 0.006671
2026-04-24 09:52: Train Epoch 136: 60/74 Loss: 0.043712
2026-04-24 09:52: **********Train Epoch 136: averaged Loss: 0.021085
2026-04-24 09:52: **********Val Epoch 136: average Loss: 0.041624
2026-04-24 09:52: Train Epoch 137: 0/74 Loss: 0.050679
2026-04-24 09:52: Train Epoch 137: 20/74 Loss: 0.009448
2026-04-24 09:52: Train Epoch 137: 40/74 Loss: 0.006080
2026-04-24 09:52: Train Epoch 137: 60/74 Loss: 0.026805
2026-04-24 09:52: **********Train Epoch 137: averaged Loss: 0.016712
2026-04-24 09:52: **********Val Epoch 137: average Loss: 0.057399
2026-04-24 09:52: Train Epoch 138: 0/74 Loss: 0.013570
2026-04-24 09:52: Train Epoch 138: 20/74 Loss: 0.008983
2026-04-24 09:52: Train Epoch 138: 40/74 Loss: 0.006385
2026-04-24 09:52: Train Epoch 138: 60/74 Loss: 0.086826
2026-04-24 09:52: **********Train Epoch 138: averaged Loss: 0.021620
2026-04-24 09:52: **********Val Epoch 138: average Loss: 0.008588
2026-04-24 09:52: *********************************Current best model saved!
2026-04-24 09:52: Train Epoch 139: 0/74 Loss: 0.035697
2026-04-24 09:52: Train Epoch 139: 20/74 Loss: 0.005017
2026-04-24 09:52: Train Epoch 139: 40/74 Loss: 0.016370
2026-04-24 09:52: Train Epoch 139: 60/74 Loss: 0.061666
2026-04-24 09:52: **********Train Epoch 139: averaged Loss: 0.021344
2026-04-24 09:52: **********Val Epoch 139: average Loss: 0.028157
2026-04-24 09:52: Train Epoch 140: 0/74 Loss: 0.029032
2026-04-24 09:52: Train Epoch 140: 20/74 Loss: 0.005165
2026-04-24 09:52: Train Epoch 140: 40/74 Loss: 0.016410
2026-04-24 09:52: Train Epoch 140: 60/74 Loss: 0.078629
2026-04-24 09:53: **********Train Epoch 140: averaged Loss: 0.023571
2026-04-24 09:53: **********Val Epoch 140: average Loss: 0.011624
2026-04-24 09:53: Train Epoch 141: 0/74 Loss: 0.028922
2026-04-24 09:53: Train Epoch 141: 20/74 Loss: 0.005652
2026-04-24 09:53: Train Epoch 141: 40/74 Loss: 0.028671
2026-04-24 09:53: Train Epoch 141: 60/74 Loss: 0.076829
2026-04-24 09:53: **********Train Epoch 141: averaged Loss: 0.024693
2026-04-24 09:53: **********Val Epoch 141: average Loss: 0.007909
2026-04-24 09:53: *********************************Current best model saved!
2026-04-24 09:53: Train Epoch 142: 0/74 Loss: 0.005998
2026-04-24 09:53: Train Epoch 142: 20/74 Loss: 0.010917
2026-04-24 09:53: Train Epoch 142: 40/74 Loss: 0.016032
2026-04-24 09:53: Train Epoch 142: 60/74 Loss: 0.050877
2026-04-24 09:53: **********Train Epoch 142: averaged Loss: 0.020679
2026-04-24 09:53: **********Val Epoch 142: average Loss: 0.031215
2026-04-24 09:53: Train Epoch 143: 0/74 Loss: 0.017407
2026-04-24 09:53: Train Epoch 143: 20/74 Loss: 0.037290
2026-04-24 09:53: Train Epoch 143: 40/74 Loss: 0.028731
2026-04-24 09:53: Train Epoch 143: 60/74 Loss: 0.056351
2026-04-24 09:53: **********Train Epoch 143: averaged Loss: 0.028323
2026-04-24 09:53: **********Val Epoch 143: average Loss: 0.025032
2026-04-24 09:53: Train Epoch 144: 0/74 Loss: 0.054673
2026-04-24 09:53: Train Epoch 144: 20/74 Loss: 0.026890
2026-04-24 09:53: Train Epoch 144: 40/74 Loss: 0.008576
2026-04-24 09:53: Train Epoch 144: 60/74 Loss: 0.097443
2026-04-24 09:53: **********Train Epoch 144: averaged Loss: 0.031980
2026-04-24 09:53: **********Val Epoch 144: average Loss: 0.030652
2026-04-24 09:53: Train Epoch 145: 0/74 Loss: 0.009783
2026-04-24 09:53: Train Epoch 145: 20/74 Loss: 0.027605
2026-04-24 09:53: Train Epoch 145: 40/74 Loss: 0.010024
2026-04-24 09:53: Train Epoch 145: 60/74 Loss: 0.065449
2026-04-24 09:53: **********Train Epoch 145: averaged Loss: 0.024867
2026-04-24 09:53: **********Val Epoch 145: average Loss: 0.009329
2026-04-24 09:53: Train Epoch 146: 0/74 Loss: 0.047877
2026-04-24 09:53: Train Epoch 146: 20/74 Loss: 0.028837
2026-04-24 09:53: Train Epoch 146: 40/74 Loss: 0.011495
2026-04-24 09:53: Train Epoch 146: 60/74 Loss: 0.088237
2026-04-24 09:53: **********Train Epoch 146: averaged Loss: 0.025482
2026-04-24 09:53: **********Val Epoch 146: average Loss: 0.008190
2026-04-24 09:53: Train Epoch 147: 0/74 Loss: 0.028365
2026-04-24 09:53: Train Epoch 147: 20/74 Loss: 0.008408
2026-04-24 09:53: Train Epoch 147: 40/74 Loss: 0.006186
2026-04-24 09:53: Train Epoch 147: 60/74 Loss: 0.066344
2026-04-24 09:53: **********Train Epoch 147: averaged Loss: 0.020017
2026-04-24 09:53: **********Val Epoch 147: average Loss: 0.016639
2026-04-24 09:53: Train Epoch 148: 0/74 Loss: 0.018874
2026-04-24 09:53: Train Epoch 148: 20/74 Loss: 0.015103
2026-04-24 09:53: Train Epoch 148: 40/74 Loss: 0.011670
2026-04-24 09:53: Train Epoch 148: 60/74 Loss: 0.074057
2026-04-24 09:53: **********Train Epoch 148: averaged Loss: 0.021902
2026-04-24 09:53: **********Val Epoch 148: average Loss: 0.010392
2026-04-24 09:53: Train Epoch 149: 0/74 Loss: 0.008345
2026-04-24 09:53: Train Epoch 149: 20/74 Loss: 0.006423
2026-04-24 09:53: Train Epoch 149: 40/74 Loss: 0.007090
2026-04-24 09:54: Train Epoch 149: 60/74 Loss: 0.072579
2026-04-24 09:54: **********Train Epoch 149: averaged Loss: 0.019272
2026-04-24 09:54: **********Val Epoch 149: average Loss: 0.009684
2026-04-24 09:54: Train Epoch 150: 0/74 Loss: 0.021273
2026-04-24 09:54: Train Epoch 150: 20/74 Loss: 0.018179
2026-04-24 09:54: Train Epoch 150: 40/74 Loss: 0.007015
2026-04-24 09:54: Train Epoch 150: 60/74 Loss: 0.051851
2026-04-24 09:54: **********Train Epoch 150: averaged Loss: 0.017972
2026-04-24 09:54: **********Val Epoch 150: average Loss: 0.038804
2026-04-24 09:54: Train Epoch 151: 0/74 Loss: 0.012680
2026-04-24 09:54: Train Epoch 151: 20/74 Loss: 0.010973
2026-04-24 09:54: Train Epoch 151: 40/74 Loss: 0.016744
2026-04-24 09:54: Train Epoch 151: 60/74 Loss: 0.050308
2026-04-24 09:54: **********Train Epoch 151: averaged Loss: 0.021221
2026-04-24 09:54: **********Val Epoch 151: average Loss: 0.025830
2026-04-24 09:54: Train Epoch 152: 0/74 Loss: 0.051610
2026-04-24 09:54: Train Epoch 152: 20/74 Loss: 0.020870
2026-04-24 09:54: Train Epoch 152: 40/74 Loss: 0.007042
2026-04-24 09:54: Train Epoch 152: 60/74 Loss: 0.075348
2026-04-24 09:54: **********Train Epoch 152: averaged Loss: 0.023516
2026-04-24 09:54: **********Val Epoch 152: average Loss: 0.009531
2026-04-24 09:54: Train Epoch 153: 0/74 Loss: 0.030309
2026-04-24 09:54: Train Epoch 153: 20/74 Loss: 0.006017
2026-04-24 09:54: Train Epoch 153: 40/74 Loss: 0.006262
2026-04-24 09:54: Train Epoch 153: 60/74 Loss: 0.050001
2026-04-24 09:54: **********Train Epoch 153: averaged Loss: 0.013350
2026-04-24 09:54: **********Val Epoch 153: average Loss: 0.027594
2026-04-24 09:54: Train Epoch 154: 0/74 Loss: 0.026918
2026-04-24 09:54: Train Epoch 154: 20/74 Loss: 0.009150
2026-04-24 09:54: Train Epoch 154: 40/74 Loss: 0.006554
2026-04-24 09:54: Train Epoch 154: 60/74 Loss: 0.038468
2026-04-24 09:54: **********Train Epoch 154: averaged Loss: 0.012995
2026-04-24 09:54: **********Val Epoch 154: average Loss: 0.038137
2026-04-24 09:54: Train Epoch 155: 0/74 Loss: 0.004924
2026-04-24 09:54: Train Epoch 155: 20/74 Loss: 0.007467
2026-04-24 09:54: Train Epoch 155: 40/74 Loss: 0.006649
2026-04-24 09:54: Train Epoch 155: 60/74 Loss: 0.069275
2026-04-24 09:54: **********Train Epoch 155: averaged Loss: 0.017480
2026-04-24 09:54: **********Val Epoch 155: average Loss: 0.015980
2026-04-24 09:54: Train Epoch 156: 0/74 Loss: 0.029712
2026-04-24 09:54: Train Epoch 156: 20/74 Loss: 0.018786
2026-04-24 09:54: Train Epoch 156: 40/74 Loss: 0.011748
2026-04-24 09:54: Train Epoch 156: 60/74 Loss: 0.079682
2026-04-24 09:54: **********Train Epoch 156: averaged Loss: 0.023111
2026-04-24 09:54: **********Val Epoch 156: average Loss: 0.014828
2026-04-24 09:54: Train Epoch 157: 0/74 Loss: 0.009116
2026-04-24 09:54: Train Epoch 157: 20/74 Loss: 0.003465
2026-04-24 09:54: Train Epoch 157: 40/74 Loss: 0.011409
2026-04-24 09:54: Train Epoch 157: 60/74 Loss: 0.060997
2026-04-24 09:54: **********Train Epoch 157: averaged Loss: 0.015702
2026-04-24 09:54: **********Val Epoch 157: average Loss: 0.036609
2026-04-24 09:54: Train Epoch 158: 0/74 Loss: 0.010959
2026-04-24 09:54: Train Epoch 158: 20/74 Loss: 0.003268
2026-04-24 09:54: Train Epoch 158: 40/74 Loss: 0.010368
2026-04-24 09:55: Train Epoch 158: 60/74 Loss: 0.043624
2026-04-24 09:55: **********Train Epoch 158: averaged Loss: 0.014099
2026-04-24 09:55: **********Val Epoch 158: average Loss: 0.040918
2026-04-24 09:55: Train Epoch 159: 0/74 Loss: 0.006104
2026-04-24 09:55: Train Epoch 159: 20/74 Loss: 0.010300
2026-04-24 09:55: Train Epoch 159: 40/74 Loss: 0.015268
2026-04-24 09:55: Train Epoch 159: 60/74 Loss: 0.067864
2026-04-24 09:55: **********Train Epoch 159: averaged Loss: 0.018878
2026-04-24 09:55: **********Val Epoch 159: average Loss: 0.025547
2026-04-24 09:55: Train Epoch 160: 0/74 Loss: 0.014501
2026-04-24 09:55: Train Epoch 160: 20/74 Loss: 0.003252
2026-04-24 09:55: Train Epoch 160: 40/74 Loss: 0.006004
2026-04-24 09:55: Train Epoch 160: 60/74 Loss: 0.066262
2026-04-24 09:55: **********Train Epoch 160: averaged Loss: 0.016575
2026-04-24 09:55: **********Val Epoch 160: average Loss: 0.031534
2026-04-24 09:55: Train Epoch 161: 0/74 Loss: 0.007494
2026-04-24 09:55: Train Epoch 161: 20/74 Loss: 0.003127
2026-04-24 09:55: Train Epoch 161: 40/74 Loss: 0.006256
2026-04-24 09:55: Train Epoch 161: 60/74 Loss: 0.058262
2026-04-24 09:55: **********Train Epoch 161: averaged Loss: 0.014826
2026-04-24 09:55: **********Val Epoch 161: average Loss: 0.019553
2026-04-24 09:55: Train Epoch 162: 0/74 Loss: 0.019781
2026-04-24 09:55: Train Epoch 162: 20/74 Loss: 0.004125
2026-04-24 09:55: Train Epoch 162: 40/74 Loss: 0.005566
2026-04-24 09:55: Train Epoch 162: 60/74 Loss: 0.056264
2026-04-24 09:55: **********Train Epoch 162: averaged Loss: 0.012937
2026-04-24 09:55: **********Val Epoch 162: average Loss: 0.029236
2026-04-24 09:55: Train Epoch 163: 0/74 Loss: 0.040402
2026-04-24 09:55: Train Epoch 163: 20/74 Loss: 0.011848
2026-04-24 09:55: Train Epoch 163: 40/74 Loss: 0.008927
2026-04-24 09:55: Train Epoch 163: 60/74 Loss: 0.040197
2026-04-24 09:55: **********Train Epoch 163: averaged Loss: 0.013600
2026-04-24 09:55: **********Val Epoch 163: average Loss: 0.023974
2026-04-24 09:55: Train Epoch 164: 0/74 Loss: 0.039305
2026-04-24 09:55: Train Epoch 164: 20/74 Loss: 0.008178
2026-04-24 09:55: Train Epoch 164: 40/74 Loss: 0.005452
2026-04-24 09:55: Train Epoch 164: 60/74 Loss: 0.035354
2026-04-24 09:55: **********Train Epoch 164: averaged Loss: 0.013946
2026-04-24 09:55: **********Val Epoch 164: average Loss: 0.029337
2026-04-24 09:55: Train Epoch 165: 0/74 Loss: 0.005920
2026-04-24 09:55: Train Epoch 165: 20/74 Loss: 0.004075
2026-04-24 09:55: Train Epoch 165: 40/74 Loss: 0.009890
2026-04-24 09:55: Train Epoch 165: 60/74 Loss: 0.045430
2026-04-24 09:55: **********Train Epoch 165: averaged Loss: 0.016684
2026-04-24 09:55: **********Val Epoch 165: average Loss: 0.020785
2026-04-24 09:55: Train Epoch 166: 0/74 Loss: 0.019655
2026-04-24 09:55: Train Epoch 166: 20/74 Loss: 0.005733
2026-04-24 09:55: Train Epoch 166: 40/74 Loss: 0.005656
2026-04-24 09:55: Train Epoch 166: 60/74 Loss: 0.078401
2026-04-24 09:55: **********Train Epoch 166: averaged Loss: 0.017810
2026-04-24 09:55: **********Val Epoch 166: average Loss: 0.015202
2026-04-24 09:55: Train Epoch 167: 0/74 Loss: 0.004042
2026-04-24 09:56: Train Epoch 167: 20/74 Loss: 0.011073
2026-04-24 09:56: Train Epoch 167: 40/74 Loss: 0.007231
2026-04-24 09:56: Train Epoch 167: 60/74 Loss: 0.046451
2026-04-24 09:56: **********Train Epoch 167: averaged Loss: 0.013994
2026-04-24 09:56: **********Val Epoch 167: average Loss: 0.024731
2026-04-24 09:56: Train Epoch 168: 0/74 Loss: 0.014932
2026-04-24 09:56: Train Epoch 168: 20/74 Loss: 0.007346
2026-04-24 09:56: Train Epoch 168: 40/74 Loss: 0.008869
2026-04-24 09:56: Train Epoch 168: 60/74 Loss: 0.036715
2026-04-24 09:56: **********Train Epoch 168: averaged Loss: 0.014969
2026-04-24 09:56: **********Val Epoch 168: average Loss: 0.027922
2026-04-24 09:56: Train Epoch 169: 0/74 Loss: 0.055420
2026-04-24 09:56: Train Epoch 169: 20/74 Loss: 0.010601
2026-04-24 09:56: Train Epoch 169: 40/74 Loss: 0.010120
2026-04-24 09:56: Train Epoch 169: 60/74 Loss: 0.050063
2026-04-24 09:56: **********Train Epoch 169: averaged Loss: 0.023998
2026-04-24 09:56: **********Val Epoch 169: average Loss: 0.013716
2026-04-24 09:56: Train Epoch 170: 0/74 Loss: 0.035984
2026-04-24 09:56: Train Epoch 170: 20/74 Loss: 0.003694
2026-04-24 09:56: Train Epoch 170: 40/74 Loss: 0.006247
2026-04-24 09:56: Train Epoch 170: 60/74 Loss: 0.072242
2026-04-24 09:56: **********Train Epoch 170: averaged Loss: 0.016737
2026-04-24 09:56: **********Val Epoch 170: average Loss: 0.017633
2026-04-24 09:56: Train Epoch 171: 0/74 Loss: 0.021243
2026-04-24 09:56: Train Epoch 171: 20/74 Loss: 0.003429
2026-04-24 09:56: Train Epoch 171: 40/74 Loss: 0.005193
2026-04-24 09:56: Train Epoch 171: 60/74 Loss: 0.052057
2026-04-24 09:56: **********Train Epoch 171: averaged Loss: 0.012947
2026-04-24 09:56: **********Val Epoch 171: average Loss: 0.027114
2026-04-24 09:56: Train Epoch 172: 0/74 Loss: 0.072790
2026-04-24 09:56: Train Epoch 172: 20/74 Loss: 0.007857
2026-04-24 09:56: Train Epoch 172: 40/74 Loss: 0.005973
2026-04-24 09:56: Train Epoch 172: 60/74 Loss: 0.046933
2026-04-24 09:56: **********Train Epoch 172: averaged Loss: 0.016433
2026-04-24 09:56: **********Val Epoch 172: average Loss: 0.029746
2026-04-24 09:56: Train Epoch 173: 0/74 Loss: 0.035423
2026-04-24 09:56: Train Epoch 173: 20/74 Loss: 0.004417
2026-04-24 09:56: Train Epoch 173: 40/74 Loss: 0.005467
2026-04-24 09:56: Train Epoch 173: 60/74 Loss: 0.064900
2026-04-24 09:56: **********Train Epoch 173: averaged Loss: 0.014598
2026-04-24 09:56: **********Val Epoch 173: average Loss: 0.017956
2026-04-24 09:56: Train Epoch 174: 0/74 Loss: 0.017746
2026-04-24 09:56: Train Epoch 174: 20/74 Loss: 0.004082
2026-04-24 09:56: Train Epoch 174: 40/74 Loss: 0.008348
2026-04-24 09:56: Train Epoch 174: 60/74 Loss: 0.054649
2026-04-24 09:56: **********Train Epoch 174: averaged Loss: 0.014385
2026-04-24 09:56: **********Val Epoch 174: average Loss: 0.017875
2026-04-24 09:56: Train Epoch 175: 0/74 Loss: 0.015708
2026-04-24 09:56: Train Epoch 175: 20/74 Loss: 0.016964
2026-04-24 09:56: Train Epoch 175: 40/74 Loss: 0.005742
2026-04-24 09:56: Train Epoch 175: 60/74 Loss: 0.029894
2026-04-24 09:56: **********Train Epoch 175: averaged Loss: 0.014193
2026-04-24 09:56: **********Val Epoch 175: average Loss: 0.028872
2026-04-24 09:56: Train Epoch 176: 0/74 Loss: 0.011832
2026-04-24 09:57: Train Epoch 176: 20/74 Loss: 0.005177
2026-04-24 09:57: Train Epoch 176: 40/74 Loss: 0.016720
2026-04-24 09:57: Train Epoch 176: 60/74 Loss: 0.051869
2026-04-24 09:57: **********Train Epoch 176: averaged Loss: 0.018886
2026-04-24 09:57: **********Val Epoch 176: average Loss: 0.018359
2026-04-24 09:57: Train Epoch 177: 0/74 Loss: 0.059216
2026-04-24 09:57: Train Epoch 177: 20/74 Loss: 0.011490
2026-04-24 09:57: Train Epoch 177: 40/74 Loss: 0.007068
2026-04-24 09:57: Train Epoch 177: 60/74 Loss: 0.072858
2026-04-24 09:57: **********Train Epoch 177: averaged Loss: 0.022745
2026-04-24 09:57: **********Val Epoch 177: average Loss: 0.021718
2026-04-24 09:57: Train Epoch 178: 0/74 Loss: 0.007436
2026-04-24 09:57: Train Epoch 178: 20/74 Loss: 0.004302
2026-04-24 09:57: Train Epoch 178: 40/74 Loss: 0.005228
2026-04-24 09:57: Train Epoch 178: 60/74 Loss: 0.061094
2026-04-24 09:57: **********Train Epoch 178: averaged Loss: 0.014302
2026-04-24 09:57: **********Val Epoch 178: average Loss: 0.020711
2026-04-24 09:57: Train Epoch 179: 0/74 Loss: 0.036199
2026-04-24 09:57: Train Epoch 179: 20/74 Loss: 0.011157
2026-04-24 09:57: Train Epoch 179: 40/74 Loss: 0.005668
2026-04-24 09:57: Train Epoch 179: 60/74 Loss: 0.052086
2026-04-24 09:57: **********Train Epoch 179: averaged Loss: 0.015296
2026-04-24 09:57: **********Val Epoch 179: average Loss: 0.025815
2026-04-24 09:57: Train Epoch 180: 0/74 Loss: 0.012259
2026-04-24 09:57: Train Epoch 180: 20/74 Loss: 0.004187
2026-04-24 09:57: Train Epoch 180: 40/74 Loss: 0.009702
2026-04-24 09:57: Train Epoch 180: 60/74 Loss: 0.074387
2026-04-24 09:57: **********Train Epoch 180: averaged Loss: 0.015420
2026-04-24 09:57: **********Val Epoch 180: average Loss: 0.023104
2026-04-24 09:57: Train Epoch 181: 0/74 Loss: 0.007702
2026-04-24 09:57: Train Epoch 181: 20/74 Loss: 0.004228
2026-04-24 09:57: Train Epoch 181: 40/74 Loss: 0.005736
2026-04-24 09:57: Train Epoch 181: 60/74 Loss: 0.059009
2026-04-24 09:57: **********Train Epoch 181: averaged Loss: 0.014070
2026-04-24 09:57: **********Val Epoch 181: average Loss: 0.023190
2026-04-24 09:57: Train Epoch 182: 0/74 Loss: 0.011007
2026-04-24 09:57: Train Epoch 182: 20/74 Loss: 0.004989
2026-04-24 09:57: Train Epoch 182: 40/74 Loss: 0.007022
2026-04-24 09:57: Train Epoch 182: 60/74 Loss: 0.061500
2026-04-24 09:57: **********Train Epoch 182: averaged Loss: 0.014687
2026-04-24 09:57: **********Val Epoch 182: average Loss: 0.025146
2026-04-24 09:57: Train Epoch 183: 0/74 Loss: 0.003990
2026-04-24 09:57: Train Epoch 183: 20/74 Loss: 0.015227
2026-04-24 09:57: Train Epoch 183: 40/74 Loss: 0.005844
2026-04-24 09:57: Train Epoch 183: 60/74 Loss: 0.047279
2026-04-24 09:57: **********Train Epoch 183: averaged Loss: 0.014586
2026-04-24 09:57: **********Val Epoch 183: average Loss: 0.022119
2026-04-24 09:57: Train Epoch 184: 0/74 Loss: 0.016099
2026-04-24 09:57: Train Epoch 184: 20/74 Loss: 0.025236
2026-04-24 09:57: Train Epoch 184: 40/74 Loss: 0.009707
2026-04-24 09:57: Train Epoch 184: 60/74 Loss: 0.066211
2026-04-24 09:57: **********Train Epoch 184: averaged Loss: 0.021689
2026-04-24 09:57: **********Val Epoch 184: average Loss: 0.019623
2026-04-24 09:57: Train Epoch 185: 0/74 Loss: 0.009155
2026-04-24 09:58: Train Epoch 185: 20/74 Loss: 0.007339
2026-04-24 09:58: Train Epoch 185: 40/74 Loss: 0.007453
2026-04-24 09:58: Train Epoch 185: 60/74 Loss: 0.055939
2026-04-24 09:58: **********Train Epoch 185: averaged Loss: 0.012708
2026-04-24 09:58: **********Val Epoch 185: average Loss: 0.023412
2026-04-24 09:58: Train Epoch 186: 0/74 Loss: 0.033901
2026-04-24 09:58: Train Epoch 186: 20/74 Loss: 0.016018
2026-04-24 09:58: Train Epoch 186: 40/74 Loss: 0.006978
2026-04-24 09:58: Train Epoch 186: 60/74 Loss: 0.053660
2026-04-24 09:58: **********Train Epoch 186: averaged Loss: 0.017224
2026-04-24 09:58: **********Val Epoch 186: average Loss: 0.025681
2026-04-24 09:58: Train Epoch 187: 0/74 Loss: 0.006132
2026-04-24 09:58: Train Epoch 187: 20/74 Loss: 0.006325
2026-04-24 09:58: Train Epoch 187: 40/74 Loss: 0.005418
2026-04-24 09:58: Train Epoch 187: 60/74 Loss: 0.074398
2026-04-24 09:58: **********Train Epoch 187: averaged Loss: 0.015718
2026-04-24 09:58: **********Val Epoch 187: average Loss: 0.017047
2026-04-24 09:58: Train Epoch 188: 0/74 Loss: 0.020220
2026-04-24 09:58: Train Epoch 188: 20/74 Loss: 0.003619
2026-04-24 09:58: Train Epoch 188: 40/74 Loss: 0.018597
2026-04-24 09:58: Train Epoch 188: 60/74 Loss: 0.034821
2026-04-24 09:58: **********Train Epoch 188: averaged Loss: 0.013298
2026-04-24 09:58: **********Val Epoch 188: average Loss: 0.020255
2026-04-24 09:58: Train Epoch 189: 0/74 Loss: 0.027360
2026-04-24 09:58: Train Epoch 189: 20/74 Loss: 0.005721
2026-04-24 09:58: Train Epoch 189: 40/74 Loss: 0.007678
2026-04-24 09:58: Train Epoch 189: 60/74 Loss: 0.047291
2026-04-24 09:58: **********Train Epoch 189: averaged Loss: 0.013618
2026-04-24 09:58: **********Val Epoch 189: average Loss: 0.021074
2026-04-24 09:58: Train Epoch 190: 0/74 Loss: 0.003906
2026-04-24 09:58: Train Epoch 190: 20/74 Loss: 0.006320
2026-04-24 09:58: Train Epoch 190: 40/74 Loss: 0.007066
2026-04-24 09:58: Train Epoch 190: 60/74 Loss: 0.050740
2026-04-24 09:58: **********Train Epoch 190: averaged Loss: 0.013970
2026-04-24 09:58: **********Val Epoch 190: average Loss: 0.030717
2026-04-24 09:58: Train Epoch 191: 0/74 Loss: 0.003615
2026-04-24 09:58: Train Epoch 191: 20/74 Loss: 0.003418
2026-04-24 09:58: Train Epoch 191: 40/74 Loss: 0.006503
2026-04-24 09:58: Train Epoch 191: 60/74 Loss: 0.069488
2026-04-24 09:58: **********Train Epoch 191: averaged Loss: 0.016434
2026-04-24 09:58: **********Val Epoch 191: average Loss: 0.017195
2026-04-24 09:58: Train Epoch 192: 0/74 Loss: 0.060287
2026-04-24 09:58: Train Epoch 192: 20/74 Loss: 0.005429
2026-04-24 09:58: Train Epoch 192: 40/74 Loss: 0.008879
2026-04-24 09:58: Train Epoch 192: 60/74 Loss: 0.047734
2026-04-24 09:58: **********Train Epoch 192: averaged Loss: 0.015250
2026-04-24 09:58: **********Val Epoch 192: average Loss: 0.016143
2026-04-24 09:58: Train Epoch 193: 0/74 Loss: 0.033004
2026-04-24 09:58: Train Epoch 193: 20/74 Loss: 0.004630
2026-04-24 09:58: Train Epoch 193: 40/74 Loss: 0.020204
2026-04-24 09:59: Train Epoch 193: 60/74 Loss: 0.063186
2026-04-24 09:59: **********Train Epoch 193: averaged Loss: 0.013089
2026-04-24 09:59: **********Val Epoch 193: average Loss: 0.016174
2026-04-24 09:59: Train Epoch 194: 0/74 Loss: 0.005248
2026-04-24 09:59: Train Epoch 194: 20/74 Loss: 0.007980
2026-04-24 09:59: Train Epoch 194: 40/74 Loss: 0.015922
2026-04-24 09:59: Train Epoch 194: 60/74 Loss: 0.044286
2026-04-24 09:59: **********Train Epoch 194: averaged Loss: 0.013173
2026-04-24 09:59: **********Val Epoch 194: average Loss: 0.013388
2026-04-24 09:59: Train Epoch 195: 0/74 Loss: 0.013643
2026-04-24 09:59: Train Epoch 195: 20/74 Loss: 0.019296
2026-04-24 09:59: Train Epoch 195: 40/74 Loss: 0.010055
2026-04-24 09:59: Train Epoch 195: 60/74 Loss: 0.027328
2026-04-24 09:59: **********Train Epoch 195: averaged Loss: 0.018861
2026-04-24 09:59: **********Val Epoch 195: average Loss: 0.019143
2026-04-24 09:59: Train Epoch 196: 0/74 Loss: 0.056950
2026-04-24 09:59: Train Epoch 196: 20/74 Loss: 0.012821
2026-04-24 09:59: Train Epoch 196: 40/74 Loss: 0.007849
2026-04-24 09:59: Train Epoch 196: 60/74 Loss: 0.021523
2026-04-24 09:59: **********Train Epoch 196: averaged Loss: 0.021846
2026-04-24 09:59: **********Val Epoch 196: average Loss: 0.027775
2026-04-24 09:59: Train Epoch 197: 0/74 Loss: 0.063694
2026-04-24 09:59: Train Epoch 197: 20/74 Loss: 0.014980
2026-04-24 09:59: Train Epoch 197: 40/74 Loss: 0.009254
2026-04-24 09:59: Train Epoch 197: 60/74 Loss: 0.032411
2026-04-24 09:59: **********Train Epoch 197: averaged Loss: 0.022489
2026-04-24 09:59: **********Val Epoch 197: average Loss: 0.039872
2026-04-24 09:59: Train Epoch 198: 0/74 Loss: 0.021395
2026-04-24 09:59: Train Epoch 198: 20/74 Loss: 0.004887
2026-04-24 09:59: Train Epoch 198: 40/74 Loss: 0.011359
2026-04-24 09:59: Train Epoch 198: 60/74 Loss: 0.072585
2026-04-24 09:59: **********Train Epoch 198: averaged Loss: 0.018749
2026-04-24 09:59: **********Val Epoch 198: average Loss: 0.016061
2026-04-24 09:59: Train Epoch 199: 0/74 Loss: 0.016911
2026-04-24 09:59: Train Epoch 199: 20/74 Loss: 0.004573
2026-04-24 09:59: Train Epoch 199: 40/74 Loss: 0.014350
2026-04-24 09:59: Train Epoch 199: 60/74 Loss: 0.033078
2026-04-24 09:59: **********Train Epoch 199: averaged Loss: 0.011916
2026-04-24 09:59: **********Val Epoch 199: average Loss: 0.027464
2026-04-24 09:59: Train Epoch 200: 0/74 Loss: 0.049817
2026-04-24 09:59: Train Epoch 200: 20/74 Loss: 0.004264
2026-04-24 09:59: Train Epoch 200: 40/74 Loss: 0.010415
2026-04-24 09:59: Train Epoch 200: 60/74 Loss: 0.029915
2026-04-24 09:59: **********Train Epoch 200: averaged Loss: 0.014107
2026-04-24 09:59: **********Val Epoch 200: average Loss: 0.034697
2026-04-24 09:59: Train Epoch 201: 0/74 Loss: 0.037291
2026-04-24 09:59: Train Epoch 201: 20/74 Loss: 0.008769
2026-04-24 09:59: Train Epoch 201: 40/74 Loss: 0.006179
2026-04-24 09:59: Train Epoch 201: 60/74 Loss: 0.054162
2026-04-24 09:59: **********Train Epoch 201: averaged Loss: 0.014224
2026-04-24 09:59: **********Val Epoch 201: average Loss: 0.020247
2026-04-24 09:59: Train Epoch 202: 0/74 Loss: 0.020195
2026-04-24 09:59: Train Epoch 202: 20/74 Loss: 0.004453
2026-04-24 09:59: Train Epoch 202: 40/74 Loss: 0.017441
2026-04-24 10:00: Train Epoch 202: 60/74 Loss: 0.078584
2026-04-24 10:00: **********Train Epoch 202: averaged Loss: 0.016029
2026-04-24 10:00: **********Val Epoch 202: average Loss: 0.016274
2026-04-24 10:00: Train Epoch 203: 0/74 Loss: 0.004446
2026-04-24 10:00: Train Epoch 203: 20/74 Loss: 0.005625
2026-04-24 10:00: Train Epoch 203: 40/74 Loss: 0.017127
2026-04-24 10:00: Train Epoch 203: 60/74 Loss: 0.020156
2026-04-24 10:00: **********Train Epoch 203: averaged Loss: 0.011312
2026-04-24 10:00: **********Val Epoch 203: average Loss: 0.018954
2026-04-24 10:00: Train Epoch 204: 0/74 Loss: 0.017896
2026-04-24 10:00: Train Epoch 204: 20/74 Loss: 0.003808
2026-04-24 10:00: Train Epoch 204: 40/74 Loss: 0.011300
2026-04-24 10:00: Train Epoch 204: 60/74 Loss: 0.034462
2026-04-24 10:00: **********Train Epoch 204: averaged Loss: 0.011387
2026-04-24 10:00: **********Val Epoch 204: average Loss: 0.030141
2026-04-24 10:00: Train Epoch 205: 0/74 Loss: 0.021912
2026-04-24 10:00: Train Epoch 205: 20/74 Loss: 0.003703
2026-04-24 10:00: Train Epoch 205: 40/74 Loss: 0.010296
2026-04-24 10:00: Train Epoch 205: 60/74 Loss: 0.043603
2026-04-24 10:00: **********Train Epoch 205: averaged Loss: 0.013315
2026-04-24 10:00: **********Val Epoch 205: average Loss: 0.019346
2026-04-24 10:00: Train Epoch 206: 0/74 Loss: 0.008081
2026-04-24 10:00: Train Epoch 206: 20/74 Loss: 0.005482
2026-04-24 10:00: Train Epoch 206: 40/74 Loss: 0.016469
2026-04-24 10:00: Train Epoch 206: 60/74 Loss: 0.060311
2026-04-24 10:00: **********Train Epoch 206: averaged Loss: 0.017129
2026-04-24 10:00: **********Val Epoch 206: average Loss: 0.016439
2026-04-24 10:00: Train Epoch 207: 0/74 Loss: 0.024251
2026-04-24 10:00: Train Epoch 207: 20/74 Loss: 0.016078
2026-04-24 10:00: Train Epoch 207: 40/74 Loss: 0.006132
2026-04-24 10:00: Train Epoch 207: 60/74 Loss: 0.040371
2026-04-24 10:00: **********Train Epoch 207: averaged Loss: 0.015243
2026-04-24 10:00: **********Val Epoch 207: average Loss: 0.016843
2026-04-24 10:00: Train Epoch 208: 0/74 Loss: 0.007759
2026-04-24 10:00: Train Epoch 208: 20/74 Loss: 0.004397
2026-04-24 10:00: Train Epoch 208: 40/74 Loss: 0.006583
2026-04-24 10:00: Train Epoch 208: 60/74 Loss: 0.053944
2026-04-24 10:00: **********Train Epoch 208: averaged Loss: 0.013552
2026-04-24 10:00: **********Val Epoch 208: average Loss: 0.028471
2026-04-24 10:00: Train Epoch 209: 0/74 Loss: 0.018541
2026-04-24 10:00: Train Epoch 209: 20/74 Loss: 0.006586
2026-04-24 10:00: Train Epoch 209: 40/74 Loss: 0.007496
2026-04-24 10:00: Train Epoch 209: 60/74 Loss: 0.049948
2026-04-24 10:00: **********Train Epoch 209: averaged Loss: 0.014719
2026-04-24 10:00: **********Val Epoch 209: average Loss: 0.020856
2026-04-24 10:00: Train Epoch 210: 0/74 Loss: 0.017909
2026-04-24 10:00: Train Epoch 210: 20/74 Loss: 0.004168
2026-04-24 10:00: Train Epoch 210: 40/74 Loss: 0.010089
2026-04-24 10:00: Train Epoch 210: 60/74 Loss: 0.053591
2026-04-24 10:00: **********Train Epoch 210: averaged Loss: 0.014872
2026-04-24 10:00: **********Val Epoch 210: average Loss: 0.019388
2026-04-24 10:00: Train Epoch 211: 0/74 Loss: 0.021339
2026-04-24 10:00: Train Epoch 211: 20/74 Loss: 0.003423
2026-04-24 10:00: Train Epoch 211: 40/74 Loss: 0.005430
2026-04-24 10:01: Train Epoch 211: 60/74 Loss: 0.054594
2026-04-24 10:01: **********Train Epoch 211: averaged Loss: 0.014378
2026-04-24 10:01: **********Val Epoch 211: average Loss: 0.019328
2026-04-24 10:01: Train Epoch 212: 0/74 Loss: 0.011503
2026-04-24 10:01: Train Epoch 212: 20/74 Loss: 0.003274
2026-04-24 10:01: Train Epoch 212: 40/74 Loss: 0.006600
2026-04-24 10:01: Train Epoch 212: 60/74 Loss: 0.061654
2026-04-24 10:01: **********Train Epoch 212: averaged Loss: 0.013958
2026-04-24 10:01: **********Val Epoch 212: average Loss: 0.018755
2026-04-24 10:01: Train Epoch 213: 0/74 Loss: 0.003505
2026-04-24 10:01: Train Epoch 213: 20/74 Loss: 0.004874
2026-04-24 10:01: Train Epoch 213: 40/74 Loss: 0.007340
2026-04-24 10:01: Train Epoch 213: 60/74 Loss: 0.056897
2026-04-24 10:01: **********Train Epoch 213: averaged Loss: 0.013321
2026-04-24 10:01: **********Val Epoch 213: average Loss: 0.018567
2026-04-24 10:01: Train Epoch 214: 0/74 Loss: 0.003671
2026-04-24 10:01: Train Epoch 214: 20/74 Loss: 0.003718
2026-04-24 10:01: Train Epoch 214: 40/74 Loss: 0.006387
2026-04-24 10:01: Train Epoch 214: 60/74 Loss: 0.041723
2026-04-24 10:01: **********Train Epoch 214: averaged Loss: 0.012264
2026-04-24 10:01: **********Val Epoch 214: average Loss: 0.014790
2026-04-24 10:01: Train Epoch 215: 0/74 Loss: 0.030212
2026-04-24 10:01: Train Epoch 215: 20/74 Loss: 0.010672
2026-04-24 10:01: Train Epoch 215: 40/74 Loss: 0.006983
2026-04-24 10:01: Train Epoch 215: 60/74 Loss: 0.050870
2026-04-24 10:01: **********Train Epoch 215: averaged Loss: 0.013500
2026-04-24 10:01: **********Val Epoch 215: average Loss: 0.015338
2026-04-24 10:01: Train Epoch 216: 0/74 Loss: 0.009194
2026-04-24 10:01: Train Epoch 216: 20/74 Loss: 0.003132
2026-04-24 10:01: Train Epoch 216: 40/74 Loss: 0.010369
2026-04-24 10:01: Train Epoch 216: 60/74 Loss: 0.064151
2026-04-24 10:01: **********Train Epoch 216: averaged Loss: 0.012978
2026-04-24 10:01: **********Val Epoch 216: average Loss: 0.014897
2026-04-24 10:01: Train Epoch 217: 0/74 Loss: 0.004019
2026-04-24 10:01: Train Epoch 217: 20/74 Loss: 0.003242
2026-04-24 10:01: Train Epoch 217: 40/74 Loss: 0.012111
2026-04-24 10:01: Train Epoch 217: 60/74 Loss: 0.053475
2026-04-24 10:01: **********Train Epoch 217: averaged Loss: 0.012319
2026-04-24 10:01: **********Val Epoch 217: average Loss: 0.015177
2026-04-24 10:01: Train Epoch 218: 0/74 Loss: 0.039243
2026-04-24 10:01: Train Epoch 218: 20/74 Loss: 0.009155
2026-04-24 10:01: Train Epoch 218: 40/74 Loss: 0.010483
2026-04-24 10:01: Train Epoch 218: 60/74 Loss: 0.041560
2026-04-24 10:01: **********Train Epoch 218: averaged Loss: 0.012456
2026-04-24 10:01: **********Val Epoch 218: average Loss: 0.008459
2026-04-24 10:01: Train Epoch 219: 0/74 Loss: 0.041777
2026-04-24 10:01: Train Epoch 219: 20/74 Loss: 0.004625
2026-04-24 10:01: Train Epoch 219: 40/74 Loss: 0.007839
2026-04-24 10:01: Train Epoch 219: 60/74 Loss: 0.008020
2026-04-24 10:01: **********Train Epoch 219: averaged Loss: 0.012263
2026-04-24 10:01: **********Val Epoch 219: average Loss: 0.005890
2026-04-24 10:01: *********************************Current best model saved!
2026-04-24 10:01: Train Epoch 220: 0/74 Loss: 0.039377
2026-04-24 10:01: Train Epoch 220: 20/74 Loss: 0.015715
2026-04-24 10:01: Train Epoch 220: 40/74 Loss: 0.011856
2026-04-24 10:02: Train Epoch 220: 60/74 Loss: 0.006042
2026-04-24 10:02: **********Train Epoch 220: averaged Loss: 0.017211
2026-04-24 10:02: **********Val Epoch 220: average Loss: 0.007383
2026-04-24 10:02: Train Epoch 221: 0/74 Loss: 0.073758
2026-04-24 10:02: Train Epoch 221: 20/74 Loss: 0.006830
2026-04-24 10:02: Train Epoch 221: 40/74 Loss: 0.010070
2026-04-24 10:02: Train Epoch 221: 60/74 Loss: 0.014517
2026-04-24 10:02: **********Train Epoch 221: averaged Loss: 0.017105
2026-04-24 10:02: **********Val Epoch 221: average Loss: 0.018163
2026-04-24 10:02: Train Epoch 222: 0/74 Loss: 0.008893
2026-04-24 10:02: Train Epoch 222: 20/74 Loss: 0.004068
2026-04-24 10:02: Train Epoch 222: 40/74 Loss: 0.006174
2026-04-24 10:02: Train Epoch 222: 60/74 Loss: 0.010173
2026-04-24 10:02: **********Train Epoch 222: averaged Loss: 0.011338
2026-04-24 10:02: **********Val Epoch 222: average Loss: 0.038768
2026-04-24 10:02: Train Epoch 223: 0/74 Loss: 0.046208
2026-04-24 10:02: Train Epoch 223: 20/74 Loss: 0.003438
2026-04-24 10:02: Train Epoch 223: 40/74 Loss: 0.017458
2026-04-24 10:02: Train Epoch 223: 60/74 Loss: 0.009413
2026-04-24 10:02: **********Train Epoch 223: averaged Loss: 0.014286
2026-04-24 10:02: **********Val Epoch 223: average Loss: 0.030105
2026-04-24 10:02: Train Epoch 224: 0/74 Loss: 0.004616
2026-04-24 10:02: Train Epoch 224: 20/74 Loss: 0.005357
2026-04-24 10:02: Train Epoch 224: 40/74 Loss: 0.026314
2026-04-24 10:02: Train Epoch 224: 60/74 Loss: 0.016142
2026-04-24 10:02: **********Train Epoch 224: averaged Loss: 0.014869
2026-04-24 10:02: **********Val Epoch 224: average Loss: 0.012372
2026-04-24 10:02: Train Epoch 225: 0/74 Loss: 0.060296
2026-04-24 10:02: Train Epoch 225: 20/74 Loss: 0.005477
2026-04-24 10:02: Train Epoch 225: 40/74 Loss: 0.024059
2026-04-24 10:02: Train Epoch 225: 60/74 Loss: 0.054789
2026-04-24 10:02: **********Train Epoch 225: averaged Loss: 0.023514
2026-04-24 10:02: **********Val Epoch 225: average Loss: 0.017971
2026-04-24 10:02: Train Epoch 226: 0/74 Loss: 0.073340
2026-04-24 10:02: Train Epoch 226: 20/74 Loss: 0.003730
2026-04-24 10:02: Train Epoch 226: 40/74 Loss: 0.019193
2026-04-24 10:02: Train Epoch 226: 60/74 Loss: 0.035784
2026-04-24 10:02: **********Train Epoch 226: averaged Loss: 0.015481
2026-04-24 10:02: **********Val Epoch 226: average Loss: 0.018054
2026-04-24 10:02: Train Epoch 227: 0/74 Loss: 0.038027
2026-04-24 10:02: Train Epoch 227: 20/74 Loss: 0.003468
2026-04-24 10:02: Train Epoch 227: 40/74 Loss: 0.017977
2026-04-24 10:02: Train Epoch 227: 60/74 Loss: 0.014359
2026-04-24 10:02: **********Train Epoch 227: averaged Loss: 0.010563
2026-04-24 10:02: **********Val Epoch 227: average Loss: 0.021126
2026-04-24 10:02: Train Epoch 228: 0/74 Loss: 0.017754
2026-04-24 10:02: Train Epoch 228: 20/74 Loss: 0.003850
2026-04-24 10:02: Train Epoch 228: 40/74 Loss: 0.012097
2026-04-24 10:02: Train Epoch 228: 60/74 Loss: 0.018899
2026-04-24 10:02: **********Train Epoch 228: averaged Loss: 0.011365
2026-04-24 10:02: **********Val Epoch 228: average Loss: 0.024212
2026-04-24 10:02: Train Epoch 229: 0/74 Loss: 0.017942
2026-04-24 10:02: Train Epoch 229: 20/74 Loss: 0.008747
2026-04-24 10:02: Train Epoch 229: 40/74 Loss: 0.010917
2026-04-24 10:03: Train Epoch 229: 60/74 Loss: 0.043103
2026-04-24 10:03: **********Train Epoch 229: averaged Loss: 0.016967
2026-04-24 10:03: **********Val Epoch 229: average Loss: 0.017805
2026-04-24 10:03: Train Epoch 230: 0/74 Loss: 0.034072
2026-04-24 10:03: Train Epoch 230: 20/74 Loss: 0.020002
2026-04-24 10:03: Train Epoch 230: 40/74 Loss: 0.006429
2026-04-24 10:03: Train Epoch 230: 60/74 Loss: 0.041284
2026-04-24 10:03: **********Train Epoch 230: averaged Loss: 0.019349
2026-04-24 10:03: **********Val Epoch 230: average Loss: 0.019929
2026-04-24 10:03: Train Epoch 231: 0/74 Loss: 0.014688
2026-04-24 10:03: Train Epoch 231: 20/74 Loss: 0.004799
2026-04-24 10:03: Train Epoch 231: 40/74 Loss: 0.005392
2026-04-24 10:03: Train Epoch 231: 60/74 Loss: 0.036563
2026-04-24 10:03: **********Train Epoch 231: averaged Loss: 0.014319
2026-04-24 10:03: **********Val Epoch 231: average Loss: 0.020540
2026-04-24 10:03: Train Epoch 232: 0/74 Loss: 0.024620
2026-04-24 10:03: Train Epoch 232: 20/74 Loss: 0.018910
2026-04-24 10:03: Train Epoch 232: 40/74 Loss: 0.007935
2026-04-24 10:03: Train Epoch 232: 60/74 Loss: 0.057856
2026-04-24 10:03: **********Train Epoch 232: averaged Loss: 0.019583
2026-04-24 10:03: **********Val Epoch 232: average Loss: 0.021277
2026-04-24 10:03: Train Epoch 233: 0/74 Loss: 0.020306
2026-04-24 10:03: Train Epoch 233: 20/74 Loss: 0.006703
2026-04-24 10:03: Train Epoch 233: 40/74 Loss: 0.006660
2026-04-24 10:03: Train Epoch 233: 60/74 Loss: 0.043328
2026-04-24 10:03: **********Train Epoch 233: averaged Loss: 0.015166
2026-04-24 10:03: **********Val Epoch 233: average Loss: 0.019287
2026-04-24 10:03: Train Epoch 234: 0/74 Loss: 0.020698
2026-04-24 10:03: Train Epoch 234: 20/74 Loss: 0.003325
2026-04-24 10:03: Train Epoch 234: 40/74 Loss: 0.006956
2026-04-24 10:03: Train Epoch 234: 60/74 Loss: 0.035244
2026-04-24 10:03: **********Train Epoch 234: averaged Loss: 0.013535
2026-04-24 10:03: **********Val Epoch 234: average Loss: 0.017980
2026-04-24 10:03: Train Epoch 235: 0/74 Loss: 0.012300
2026-04-24 10:03: Train Epoch 235: 20/74 Loss: 0.003481
2026-04-24 10:03: Train Epoch 235: 40/74 Loss: 0.010014
2026-04-24 10:03: Train Epoch 235: 60/74 Loss: 0.038676
2026-04-24 10:03: **********Train Epoch 235: averaged Loss: 0.013441
2026-04-24 10:03: **********Val Epoch 235: average Loss: 0.015956
2026-04-24 10:03: Train Epoch 236: 0/74 Loss: 0.003924
2026-04-24 10:03: Train Epoch 236: 20/74 Loss: 0.003299
2026-04-24 10:03: Train Epoch 236: 40/74 Loss: 0.008537
2026-04-24 10:03: Train Epoch 236: 60/74 Loss: 0.020484
2026-04-24 10:03: **********Train Epoch 236: averaged Loss: 0.009798
2026-04-24 10:03: **********Val Epoch 236: average Loss: 0.012702
2026-04-24 10:03: Train Epoch 237: 0/74 Loss: 0.003435
2026-04-24 10:03: Train Epoch 237: 20/74 Loss: 0.005651
2026-04-24 10:03: Train Epoch 237: 40/74 Loss: 0.007225
2026-04-24 10:03: Train Epoch 237: 60/74 Loss: 0.020380
2026-04-24 10:03: **********Train Epoch 237: averaged Loss: 0.010753
2026-04-24 10:03: **********Val Epoch 237: average Loss: 0.024497
2026-04-24 10:03: Train Epoch 238: 0/74 Loss: 0.003398
2026-04-24 10:03: Train Epoch 238: 20/74 Loss: 0.004203
2026-04-24 10:04: Train Epoch 238: 40/74 Loss: 0.008488
2026-04-24 10:04: Train Epoch 238: 60/74 Loss: 0.028819
2026-04-24 10:04: **********Train Epoch 238: averaged Loss: 0.011587
2026-04-24 10:04: **********Val Epoch 238: average Loss: 0.017099
2026-04-24 10:04: Train Epoch 239: 0/74 Loss: 0.008755
2026-04-24 10:04: Train Epoch 239: 20/74 Loss: 0.004898
2026-04-24 10:04: Train Epoch 239: 40/74 Loss: 0.020220
2026-04-24 10:04: Train Epoch 239: 60/74 Loss: 0.048243
2026-04-24 10:04: **********Train Epoch 239: averaged Loss: 0.014732
2026-04-24 10:04: **********Val Epoch 239: average Loss: 0.013271
2026-04-24 10:04: Train Epoch 240: 0/74 Loss: 0.064272
2026-04-24 10:04: Train Epoch 240: 20/74 Loss: 0.013243
2026-04-24 10:04: Train Epoch 240: 40/74 Loss: 0.014424
2026-04-24 10:04: Train Epoch 240: 60/74 Loss: 0.037889
2026-04-24 10:04: **********Train Epoch 240: averaged Loss: 0.017520
2026-04-24 10:04: **********Val Epoch 240: average Loss: 0.010040
2026-04-24 10:04: Train Epoch 241: 0/74 Loss: 0.062331
2026-04-24 10:04: Train Epoch 241: 20/74 Loss: 0.005804
2026-04-24 10:04: Train Epoch 241: 40/74 Loss: 0.016465
2026-04-24 10:04: Train Epoch 241: 60/74 Loss: 0.016188
2026-04-24 10:04: **********Train Epoch 241: averaged Loss: 0.011637
2026-04-24 10:04: **********Val Epoch 241: average Loss: 0.010578
2026-04-24 10:04: Train Epoch 242: 0/74 Loss: 0.033808
2026-04-24 10:04: Train Epoch 242: 20/74 Loss: 0.004062
2026-04-24 10:04: Train Epoch 242: 40/74 Loss: 0.010392
2026-04-24 10:04: Train Epoch 242: 60/74 Loss: 0.008330
2026-04-24 10:04: **********Train Epoch 242: averaged Loss: 0.009370
2026-04-24 10:04: **********Val Epoch 242: average Loss: 0.019985
2026-04-24 10:04: Train Epoch 243: 0/74 Loss: 0.042457
2026-04-24 10:04: Train Epoch 243: 20/74 Loss: 0.025234
2026-04-24 10:04: Train Epoch 243: 40/74 Loss: 0.011166
2026-04-24 10:04: Train Epoch 243: 60/74 Loss: 0.016608
2026-04-24 10:04: **********Train Epoch 243: averaged Loss: 0.020220
2026-04-24 10:04: **********Val Epoch 243: average Loss: 0.029258
2026-04-24 10:04: Train Epoch 244: 0/74 Loss: 0.029415
2026-04-24 10:04: Train Epoch 244: 20/74 Loss: 0.003337
2026-04-24 10:04: Train Epoch 244: 40/74 Loss: 0.012051
2026-04-24 10:04: Train Epoch 244: 60/74 Loss: 0.033719
2026-04-24 10:04: **********Train Epoch 244: averaged Loss: 0.015388
2026-04-24 10:04: **********Val Epoch 244: average Loss: 0.017843
2026-04-24 10:04: Train Epoch 245: 0/74 Loss: 0.009871
2026-04-24 10:04: Train Epoch 245: 20/74 Loss: 0.004106
2026-04-24 10:04: Train Epoch 245: 40/74 Loss: 0.007256
2026-04-24 10:04: Train Epoch 245: 60/74 Loss: 0.074616
2026-04-24 10:04: **********Train Epoch 245: averaged Loss: 0.015247
2026-04-24 10:04: **********Val Epoch 245: average Loss: 0.016265
2026-04-24 10:04: Train Epoch 246: 0/74 Loss: 0.025223
2026-04-24 10:04: Train Epoch 246: 20/74 Loss: 0.008026
2026-04-24 10:04: Train Epoch 246: 40/74 Loss: 0.015448
2026-04-24 10:04: Train Epoch 246: 60/74 Loss: 0.044669
2026-04-24 10:04: **********Train Epoch 246: averaged Loss: 0.012061
2026-04-24 10:04: **********Val Epoch 246: average Loss: 0.012165
2026-04-24 10:04: Train Epoch 247: 0/74 Loss: 0.051494
2026-04-24 10:05: Train Epoch 247: 20/74 Loss: 0.003291
2026-04-24 10:05: Train Epoch 247: 40/74 Loss: 0.013873
2026-04-24 10:05: Train Epoch 247: 60/74 Loss: 0.018596
2026-04-24 10:05: **********Train Epoch 247: averaged Loss: 0.012616
2026-04-24 10:05: **********Val Epoch 247: average Loss: 0.017684
2026-04-24 10:05: Train Epoch 248: 0/74 Loss: 0.044982
2026-04-24 10:05: Train Epoch 248: 20/74 Loss: 0.004529
2026-04-24 10:05: Train Epoch 248: 40/74 Loss: 0.008654
2026-04-24 10:05: Train Epoch 248: 60/74 Loss: 0.022555
2026-04-24 10:05: **********Train Epoch 248: averaged Loss: 0.011251
2026-04-24 10:05: **********Val Epoch 248: average Loss: 0.024411
2026-04-24 10:05: Train Epoch 249: 0/74 Loss: 0.012103
2026-04-24 10:05: Train Epoch 249: 20/74 Loss: 0.007200
2026-04-24 10:05: Train Epoch 249: 40/74 Loss: 0.006034
2026-04-24 10:05: Train Epoch 249: 60/74 Loss: 0.030588
2026-04-24 10:05: **********Train Epoch 249: averaged Loss: 0.012815
2026-04-24 10:05: **********Val Epoch 249: average Loss: 0.018750
2026-04-24 10:05: Train Epoch 250: 0/74 Loss: 0.021999
2026-04-24 10:05: Train Epoch 250: 20/74 Loss: 0.020748
2026-04-24 10:05: Train Epoch 250: 40/74 Loss: 0.006055
2026-04-24 10:05: Train Epoch 250: 60/74 Loss: 0.025289
2026-04-24 10:05: **********Train Epoch 250: averaged Loss: 0.017204
2026-04-24 10:05: **********Val Epoch 250: average Loss: 0.019915
2026-04-24 10:05: Train Epoch 251: 0/74 Loss: 0.026813
2026-04-24 10:05: Train Epoch 251: 20/74 Loss: 0.018886
2026-04-24 10:05: Train Epoch 251: 40/74 Loss: 0.009500
2026-04-24 10:05: Train Epoch 251: 60/74 Loss: 0.026136
2026-04-24 10:05: **********Train Epoch 251: averaged Loss: 0.018355
2026-04-24 10:05: **********Val Epoch 251: average Loss: 0.018420
2026-04-24 10:05: Train Epoch 252: 0/74 Loss: 0.018078
2026-04-24 10:05: Train Epoch 252: 20/74 Loss: 0.008181
2026-04-24 10:05: Train Epoch 252: 40/74 Loss: 0.005202
2026-04-24 10:05: Train Epoch 252: 60/74 Loss: 0.032271
2026-04-24 10:05: **********Train Epoch 252: averaged Loss: 0.013304
2026-04-24 10:05: **********Val Epoch 252: average Loss: 0.018712
2026-04-24 10:05: Train Epoch 253: 0/74 Loss: 0.011753
2026-04-24 10:05: Train Epoch 253: 20/74 Loss: 0.006030
2026-04-24 10:05: Train Epoch 253: 40/74 Loss: 0.006502
2026-04-24 10:05: Train Epoch 253: 60/74 Loss: 0.041932
2026-04-24 10:05: **********Train Epoch 253: averaged Loss: 0.013424
2026-04-24 10:05: **********Val Epoch 253: average Loss: 0.018489
2026-04-24 10:05: Train Epoch 254: 0/74 Loss: 0.008139
2026-04-24 10:05: Train Epoch 254: 20/74 Loss: 0.005779
2026-04-24 10:05: Train Epoch 254: 40/74 Loss: 0.006395
2026-04-24 10:05: Train Epoch 254: 60/74 Loss: 0.046762
2026-04-24 10:05: **********Train Epoch 254: averaged Loss: 0.013423
2026-04-24 10:05: **********Val Epoch 254: average Loss: 0.018796
2026-04-24 10:05: Train Epoch 255: 0/74 Loss: 0.024658
2026-04-24 10:05: Train Epoch 255: 20/74 Loss: 0.003179
2026-04-24 10:05: Train Epoch 255: 40/74 Loss: 0.009099
2026-04-24 10:05: Train Epoch 255: 60/74 Loss: 0.049550
2026-04-24 10:05: **********Train Epoch 255: averaged Loss: 0.010936
2026-04-24 10:05: **********Val Epoch 255: average Loss: 0.012925
2026-04-24 10:05: Train Epoch 256: 0/74 Loss: 0.034807
2026-04-24 10:06: Train Epoch 256: 20/74 Loss: 0.002901
2026-04-24 10:06: Train Epoch 256: 40/74 Loss: 0.007237
2026-04-24 10:06: Train Epoch 256: 60/74 Loss: 0.032817
2026-04-24 10:06: **********Train Epoch 256: averaged Loss: 0.009571
2026-04-24 10:06: **********Val Epoch 256: average Loss: 0.016326
2026-04-24 10:06: Train Epoch 257: 0/74 Loss: 0.007878
2026-04-24 10:06: Train Epoch 257: 20/74 Loss: 0.006572
2026-04-24 10:06: Train Epoch 257: 40/74 Loss: 0.006783
2026-04-24 10:06: Train Epoch 257: 60/74 Loss: 0.026339
2026-04-24 10:06: **********Train Epoch 257: averaged Loss: 0.011930
2026-04-24 10:06: **********Val Epoch 257: average Loss: 0.019087
2026-04-24 10:06: Train Epoch 258: 0/74 Loss: 0.005562
2026-04-24 10:06: Train Epoch 258: 20/74 Loss: 0.003095
2026-04-24 10:06: Train Epoch 258: 40/74 Loss: 0.005956
2026-04-24 10:06: Train Epoch 258: 60/74 Loss: 0.041886
2026-04-24 10:06: **********Train Epoch 258: averaged Loss: 0.012819
2026-04-24 10:06: **********Val Epoch 258: average Loss: 0.017879
2026-04-24 10:06: Train Epoch 259: 0/74 Loss: 0.004303
2026-04-24 10:06: Train Epoch 259: 20/74 Loss: 0.002864
2026-04-24 10:06: Train Epoch 259: 40/74 Loss: 0.009640
2026-04-24 10:06: Train Epoch 259: 60/74 Loss: 0.027173
2026-04-24 10:06: **********Train Epoch 259: averaged Loss: 0.009253
2026-04-24 10:06: **********Val Epoch 259: average Loss: 0.013763
2026-04-24 10:06: Train Epoch 260: 0/74 Loss: 0.006432
2026-04-24 10:06: Train Epoch 260: 20/74 Loss: 0.003512
2026-04-24 10:06: Train Epoch 260: 40/74 Loss: 0.008125
2026-04-24 10:06: Train Epoch 260: 60/74 Loss: 0.025644
2026-04-24 10:06: **********Train Epoch 260: averaged Loss: 0.009430
2026-04-24 10:06: **********Val Epoch 260: average Loss: 0.021252
2026-04-24 10:06: Train Epoch 261: 0/74 Loss: 0.010431
2026-04-24 10:06: Train Epoch 261: 20/74 Loss: 0.003315
2026-04-24 10:06: Train Epoch 261: 40/74 Loss: 0.005849
2026-04-24 10:06: Train Epoch 261: 60/74 Loss: 0.024999
2026-04-24 10:06: **********Train Epoch 261: averaged Loss: 0.009775
2026-04-24 10:06: **********Val Epoch 261: average Loss: 0.019430
2026-04-24 10:06: Train Epoch 262: 0/74 Loss: 0.015151
2026-04-24 10:06: Train Epoch 262: 20/74 Loss: 0.006054
2026-04-24 10:06: Train Epoch 262: 40/74 Loss: 0.007621
2026-04-24 10:06: Train Epoch 262: 60/74 Loss: 0.029683
2026-04-24 10:06: **********Train Epoch 262: averaged Loss: 0.012951
2026-04-24 10:06: **********Val Epoch 262: average Loss: 0.018783
2026-04-24 10:06: Train Epoch 263: 0/74 Loss: 0.013645
2026-04-24 10:06: Train Epoch 263: 20/74 Loss: 0.004511
2026-04-24 10:06: Train Epoch 263: 40/74 Loss: 0.005301
2026-04-24 10:06: Train Epoch 263: 60/74 Loss: 0.045238
2026-04-24 10:06: **********Train Epoch 263: averaged Loss: 0.011330
2026-04-24 10:06: **********Val Epoch 263: average Loss: 0.013728
2026-04-24 10:06: Train Epoch 264: 0/74 Loss: 0.024221
2026-04-24 10:06: Train Epoch 264: 20/74 Loss: 0.002731
2026-04-24 10:06: Train Epoch 264: 40/74 Loss: 0.012494
2026-04-24 10:06: Train Epoch 264: 60/74 Loss: 0.018067
2026-04-24 10:06: **********Train Epoch 264: averaged Loss: 0.010837
2026-04-24 10:06: **********Val Epoch 264: average Loss: 0.011511
2026-04-24 10:06: Train Epoch 265: 0/74 Loss: 0.043184
2026-04-24 10:07: Train Epoch 265: 20/74 Loss: 0.006281
2026-04-24 10:07: Train Epoch 265: 40/74 Loss: 0.013236
2026-04-24 10:07: Train Epoch 265: 60/74 Loss: 0.020554
2026-04-24 10:07: **********Train Epoch 265: averaged Loss: 0.009960
2026-04-24 10:07: **********Val Epoch 265: average Loss: 0.007360
2026-04-24 10:07: Train Epoch 266: 0/74 Loss: 0.028884
2026-04-24 10:07: Train Epoch 266: 20/74 Loss: 0.004115
2026-04-24 10:07: Train Epoch 266: 40/74 Loss: 0.008625
2026-04-24 10:07: Train Epoch 266: 60/74 Loss: 0.010345
2026-04-24 10:07: **********Train Epoch 266: averaged Loss: 0.008126
2026-04-24 10:07: **********Val Epoch 266: average Loss: 0.007646
2026-04-24 10:07: Train Epoch 267: 0/74 Loss: 0.031901
2026-04-24 10:07: Train Epoch 267: 20/74 Loss: 0.004990
2026-04-24 10:07: Train Epoch 267: 40/74 Loss: 0.010230
2026-04-24 10:07: Train Epoch 267: 60/74 Loss: 0.019127
2026-04-24 10:07: **********Train Epoch 267: averaged Loss: 0.011146
2026-04-24 10:07: **********Val Epoch 267: average Loss: 0.012411
2026-04-24 10:07: Train Epoch 268: 0/74 Loss: 0.012398
2026-04-24 10:07: Train Epoch 268: 20/74 Loss: 0.006885
2026-04-24 10:07: Train Epoch 268: 40/74 Loss: 0.006536
2026-04-24 10:07: Train Epoch 268: 60/74 Loss: 0.005926
2026-04-24 10:07: **********Train Epoch 268: averaged Loss: 0.008660
2026-04-24 10:07: **********Val Epoch 268: average Loss: 0.021252
2026-04-24 10:07: Train Epoch 269: 0/74 Loss: 0.027119
2026-04-24 10:07: Train Epoch 269: 20/74 Loss: 0.002923
2026-04-24 10:07: Train Epoch 269: 40/74 Loss: 0.005713
2026-04-24 10:07: Train Epoch 269: 60/74 Loss: 0.020655
2026-04-24 10:07: **********Train Epoch 269: averaged Loss: 0.012834
2026-04-24 10:07: **********Val Epoch 269: average Loss: 0.025998
2026-04-24 10:07: Train Epoch 270: 0/74 Loss: 0.024064
2026-04-24 10:07: Train Epoch 270: 20/74 Loss: 0.004551
2026-04-24 10:07: Train Epoch 270: 40/74 Loss: 0.005528
2026-04-24 10:07: Train Epoch 270: 60/74 Loss: 0.046653
2026-04-24 10:07: **********Train Epoch 270: averaged Loss: 0.013473
2026-04-24 10:07: **********Val Epoch 270: average Loss: 0.017565
2026-04-24 10:07: Train Epoch 271: 0/74 Loss: 0.005409
2026-04-24 10:07: Train Epoch 271: 20/74 Loss: 0.002924
2026-04-24 10:07: Train Epoch 271: 40/74 Loss: 0.006064
2026-04-24 10:07: Train Epoch 271: 60/74 Loss: 0.029391
2026-04-24 10:07: **********Train Epoch 271: averaged Loss: 0.009352
2026-04-24 10:07: **********Val Epoch 271: average Loss: 0.019473
2026-04-24 10:07: Train Epoch 272: 0/74 Loss: 0.023294
2026-04-24 10:07: Train Epoch 272: 20/74 Loss: 0.003318
2026-04-24 10:07: Train Epoch 272: 40/74 Loss: 0.007890
2026-04-24 10:07: Train Epoch 272: 60/74 Loss: 0.022172
2026-04-24 10:07: **********Train Epoch 272: averaged Loss: 0.010580
2026-04-24 10:07: **********Val Epoch 272: average Loss: 0.014515
2026-04-24 10:07: Train Epoch 273: 0/74 Loss: 0.004410
2026-04-24 10:08: Train Epoch 273: 20/74 Loss: 0.008587
2026-04-24 10:08: Train Epoch 273: 40/74 Loss: 0.005197
2026-04-24 10:08: Train Epoch 273: 60/74 Loss: 0.029156
2026-04-24 10:08: **********Train Epoch 273: averaged Loss: 0.010844
2026-04-24 10:08: **********Val Epoch 273: average Loss: 0.012930
2026-04-24 10:08: Train Epoch 274: 0/74 Loss: 0.053834
2026-04-24 10:08: Train Epoch 274: 20/74 Loss: 0.004346
2026-04-24 10:08: Train Epoch 274: 40/74 Loss: 0.012605
2026-04-24 10:08: Train Epoch 274: 60/74 Loss: 0.040505
2026-04-24 10:08: **********Train Epoch 274: averaged Loss: 0.013770
2026-04-24 10:08: **********Val Epoch 274: average Loss: 0.009924
2026-04-24 10:08: Train Epoch 275: 0/74 Loss: 0.037971
2026-04-24 10:08: Train Epoch 275: 20/74 Loss: 0.010206
2026-04-24 10:08: Train Epoch 275: 40/74 Loss: 0.010616
2026-04-24 10:08: Train Epoch 275: 60/74 Loss: 0.005226
2026-04-24 10:08: **********Train Epoch 275: averaged Loss: 0.008659
2026-04-24 10:08: **********Val Epoch 275: average Loss: 0.008930
2026-04-24 10:08: Train Epoch 276: 0/74 Loss: 0.020698
2026-04-24 10:08: Train Epoch 276: 20/74 Loss: 0.003220
2026-04-24 10:08: Train Epoch 276: 40/74 Loss: 0.011460
2026-04-24 10:08: Train Epoch 276: 60/74 Loss: 0.026430
2026-04-24 10:08: **********Train Epoch 276: averaged Loss: 0.008698
2026-04-24 10:08: **********Val Epoch 276: average Loss: 0.012708
2026-04-24 10:08: Train Epoch 277: 0/74 Loss: 0.010459
2026-04-24 10:08: Train Epoch 277: 20/74 Loss: 0.004404
2026-04-24 10:08: Train Epoch 277: 40/74 Loss: 0.009423
2026-04-24 10:08: Train Epoch 277: 60/74 Loss: 0.005393
2026-04-24 10:08: **********Train Epoch 277: averaged Loss: 0.009336
2026-04-24 10:08: **********Val Epoch 277: average Loss: 0.012899
2026-04-24 10:08: Train Epoch 278: 0/74 Loss: 0.019640
2026-04-24 10:08: Train Epoch 278: 20/74 Loss: 0.003859
2026-04-24 10:08: Train Epoch 278: 40/74 Loss: 0.007717
2026-04-24 10:08: Train Epoch 278: 60/74 Loss: 0.023297
2026-04-24 10:08: **********Train Epoch 278: averaged Loss: 0.011515
2026-04-24 10:08: **********Val Epoch 278: average Loss: 0.023269
2026-04-24 10:08: Train Epoch 279: 0/74 Loss: 0.018116
2026-04-24 10:08: Train Epoch 279: 20/74 Loss: 0.009325
2026-04-24 10:08: Train Epoch 279: 40/74 Loss: 0.006478
2026-04-24 10:08: Train Epoch 279: 60/74 Loss: 0.005929
2026-04-24 10:08: **********Train Epoch 279: averaged Loss: 0.010990
2026-04-24 10:08: **********Val Epoch 279: average Loss: 0.013969
2026-04-24 10:08: Train Epoch 280: 0/74 Loss: 0.052205
2026-04-24 10:08: Train Epoch 280: 20/74 Loss: 0.013422
2026-04-24 10:08: Train Epoch 280: 40/74 Loss: 0.009915
2026-04-24 10:08: Train Epoch 280: 60/74 Loss: 0.039726
2026-04-24 10:08: **********Train Epoch 280: averaged Loss: 0.020549
2026-04-24 10:08: **********Val Epoch 280: average Loss: 0.014364
2026-04-24 10:08: Train Epoch 281: 0/74 Loss: 0.037334
2026-04-24 10:08: Train Epoch 281: 20/74 Loss: 0.010017
2026-04-24 10:08: Train Epoch 281: 40/74 Loss: 0.005857
2026-04-24 10:08: Train Epoch 281: 60/74 Loss: 0.048402
2026-04-24 10:09: **********Train Epoch 281: averaged Loss: 0.015125
2026-04-24 10:09: **********Val Epoch 281: average Loss: 0.017615
2026-04-24 10:09: Train Epoch 282: 0/74 Loss: 0.018816
2026-04-24 10:09: Train Epoch 282: 20/74 Loss: 0.007012
2026-04-24 10:09: Train Epoch 282: 40/74 Loss: 0.004396
2026-04-24 10:09: Train Epoch 282: 60/74 Loss: 0.020431
2026-04-24 10:09: **********Train Epoch 282: averaged Loss: 0.009576
2026-04-24 10:09: **********Val Epoch 282: average Loss: 0.015633
2026-04-24 10:09: Train Epoch 283: 0/74 Loss: 0.034983
2026-04-24 10:09: Train Epoch 283: 20/74 Loss: 0.008813
2026-04-24 10:09: Train Epoch 283: 40/74 Loss: 0.006216
2026-04-24 10:09: Train Epoch 283: 60/74 Loss: 0.037145
2026-04-24 10:09: **********Train Epoch 283: averaged Loss: 0.012400
2026-04-24 10:09: **********Val Epoch 283: average Loss: 0.015316
2026-04-24 10:09: Train Epoch 284: 0/74 Loss: 0.005280
2026-04-24 10:09: Train Epoch 284: 20/74 Loss: 0.003155
2026-04-24 10:09: Train Epoch 284: 40/74 Loss: 0.005112
2026-04-24 10:09: Train Epoch 284: 60/74 Loss: 0.021870
2026-04-24 10:09: **********Train Epoch 284: averaged Loss: 0.009493
2026-04-24 10:09: **********Val Epoch 284: average Loss: 0.010355
2026-04-24 10:09: Train Epoch 285: 0/74 Loss: 0.031945
2026-04-24 10:09: Train Epoch 285: 20/74 Loss: 0.008152
2026-04-24 10:09: Train Epoch 285: 40/74 Loss: 0.006217
2026-04-24 10:09: Train Epoch 285: 60/74 Loss: 0.016120
2026-04-24 10:09: **********Train Epoch 285: averaged Loss: 0.009202
2026-04-24 10:09: **********Val Epoch 285: average Loss: 0.011235
2026-04-24 10:09: Train Epoch 286: 0/74 Loss: 0.012209
2026-04-24 10:09: Train Epoch 286: 20/74 Loss: 0.004317
2026-04-24 10:09: Train Epoch 286: 40/74 Loss: 0.009090
2026-04-24 10:09: Train Epoch 286: 60/74 Loss: 0.012943
2026-04-24 10:09: **********Train Epoch 286: averaged Loss: 0.011919
2026-04-24 10:09: **********Val Epoch 286: average Loss: 0.023591
2026-04-24 10:09: Train Epoch 287: 0/74 Loss: 0.042044
2026-04-24 10:09: Train Epoch 287: 20/74 Loss: 0.016220
2026-04-24 10:09: Train Epoch 287: 40/74 Loss: 0.007497
2026-04-24 10:09: Train Epoch 287: 60/74 Loss: 0.012941
2026-04-24 10:09: **********Train Epoch 287: averaged Loss: 0.016124
2026-04-24 10:09: **********Val Epoch 287: average Loss: 0.020015
2026-04-24 10:09: Train Epoch 288: 0/74 Loss: 0.030533
2026-04-24 10:09: Train Epoch 288: 20/74 Loss: 0.002959
2026-04-24 10:09: Train Epoch 288: 40/74 Loss: 0.006135
2026-04-24 10:09: Train Epoch 288: 60/74 Loss: 0.033763
2026-04-24 10:09: **********Train Epoch 288: averaged Loss: 0.015110
2026-04-24 10:09: **********Val Epoch 288: average Loss: 0.021512
2026-04-24 10:09: Train Epoch 289: 0/74 Loss: 0.026453
2026-04-24 10:09: Train Epoch 289: 20/74 Loss: 0.006984
2026-04-24 10:09: Train Epoch 289: 40/74 Loss: 0.009854
2026-04-24 10:09: Train Epoch 289: 60/74 Loss: 0.019500
2026-04-24 10:09: **********Train Epoch 289: averaged Loss: 0.011614
2026-04-24 10:09: **********Val Epoch 289: average Loss: 0.016882
2026-04-24 10:09: Train Epoch 290: 0/74 Loss: 0.025960
2026-04-24 10:09: Train Epoch 290: 20/74 Loss: 0.011086
2026-04-24 10:09: Train Epoch 290: 40/74 Loss: 0.015012
2026-04-24 10:10: Train Epoch 290: 60/74 Loss: 0.009302
2026-04-24 10:10: **********Train Epoch 290: averaged Loss: 0.009710
2026-04-24 10:10: **********Val Epoch 290: average Loss: 0.022401
2026-04-24 10:10: Train Epoch 291: 0/74 Loss: 0.039697
2026-04-24 10:10: Train Epoch 291: 20/74 Loss: 0.004849
2026-04-24 10:10: Train Epoch 291: 40/74 Loss: 0.007118
2026-04-24 10:10: Train Epoch 291: 60/74 Loss: 0.007601
2026-04-24 10:10: **********Train Epoch 291: averaged Loss: 0.013032
2026-04-24 10:10: **********Val Epoch 291: average Loss: 0.006013
2026-04-24 10:10: Train Epoch 292: 0/74 Loss: 0.033215
2026-04-24 10:10: Train Epoch 292: 20/74 Loss: 0.003822
2026-04-24 10:10: Train Epoch 292: 40/74 Loss: 0.012535
2026-04-24 10:10: Train Epoch 292: 60/74 Loss: 0.039889
2026-04-24 10:10: **********Train Epoch 292: averaged Loss: 0.017769
2026-04-24 10:10: **********Val Epoch 292: average Loss: 0.009826
2026-04-24 10:10: Train Epoch 293: 0/74 Loss: 0.068496
2026-04-24 10:10: Train Epoch 293: 20/74 Loss: 0.010839
2026-04-24 10:10: Train Epoch 293: 40/74 Loss: 0.017052
2026-04-24 10:10: Train Epoch 293: 60/74 Loss: 0.031584
2026-04-24 10:10: **********Train Epoch 293: averaged Loss: 0.021243
2026-04-24 10:10: **********Val Epoch 293: average Loss: 0.007830
2026-04-24 10:10: Train Epoch 294: 0/74 Loss: 0.024776
2026-04-24 10:10: Train Epoch 294: 20/74 Loss: 0.003751
2026-04-24 10:10: Train Epoch 294: 40/74 Loss: 0.006573
2026-04-24 10:10: Train Epoch 294: 60/74 Loss: 0.006861
2026-04-24 10:10: **********Train Epoch 294: averaged Loss: 0.009293
2026-04-24 10:10: **********Val Epoch 294: average Loss: 0.006114
2026-04-24 10:10: Train Epoch 295: 0/74 Loss: 0.004576
2026-04-24 10:10: Train Epoch 295: 20/74 Loss: 0.004066
2026-04-24 10:10: Train Epoch 295: 40/74 Loss: 0.009222
2026-04-24 10:10: Train Epoch 295: 60/74 Loss: 0.006564
2026-04-24 10:10: **********Train Epoch 295: averaged Loss: 0.007328
2026-04-24 10:10: **********Val Epoch 295: average Loss: 0.005992
2026-04-24 10:10: Train Epoch 296: 0/74 Loss: 0.104158
2026-04-24 10:10: Train Epoch 296: 20/74 Loss: 0.016137
2026-04-24 10:10: Train Epoch 296: 40/74 Loss: 0.008747
2026-04-24 10:10: Train Epoch 296: 60/74 Loss: 0.010199
2026-04-24 10:10: **********Train Epoch 296: averaged Loss: 0.017272
2026-04-24 10:10: **********Val Epoch 296: average Loss: 0.005754
2026-04-24 10:10: *********************************Current best model saved!
2026-04-24 10:10: Train Epoch 297: 0/74 Loss: 0.021314
2026-04-24 10:10: Train Epoch 297: 20/74 Loss: 0.006567
2026-04-24 10:10: Train Epoch 297: 40/74 Loss: 0.011045
2026-04-24 10:10: Train Epoch 297: 60/74 Loss: 0.011026
2026-04-24 10:10: **********Train Epoch 297: averaged Loss: 0.009533
2026-04-24 10:10: **********Val Epoch 297: average Loss: 0.005962
2026-04-24 10:10: Train Epoch 298: 0/74 Loss: 0.053895
2026-04-24 10:10: Train Epoch 298: 20/74 Loss: 0.005223
2026-04-24 10:10: Train Epoch 298: 40/74 Loss: 0.009724
2026-04-24 10:10: Train Epoch 298: 60/74 Loss: 0.026623
2026-04-24 10:10: **********Train Epoch 298: averaged Loss: 0.012334
2026-04-24 10:10: **********Val Epoch 298: average Loss: 0.007276
2026-04-24 10:10: Train Epoch 299: 0/74 Loss: 0.037531
2026-04-24 10:11: Train Epoch 299: 20/74 Loss: 0.003049
2026-04-24 10:11: Train Epoch 299: 40/74 Loss: 0.007974
2026-04-24 10:11: Train Epoch 299: 60/74 Loss: 0.009488
2026-04-24 10:11: **********Train Epoch 299: averaged Loss: 0.010401
2026-04-24 10:11: **********Val Epoch 299: average Loss: 0.006054
2026-04-24 10:11: Train Epoch 300: 0/74 Loss: 0.004698
2026-04-24 10:11: Train Epoch 300: 20/74 Loss: 0.003524
2026-04-24 10:11: Train Epoch 300: 40/74 Loss: 0.010453
2026-04-24 10:11: Train Epoch 300: 60/74 Loss: 0.004736
2026-04-24 10:11: **********Train Epoch 300: averaged Loss: 0.006382
2026-04-24 10:11: **********Val Epoch 300: average Loss: 0.005461
2026-04-24 10:11: *********************************Current best model saved!
2026-04-24 10:11: Train Epoch 301: 0/74 Loss: 0.024408
2026-04-24 10:11: Train Epoch 301: 20/74 Loss: 0.003296
2026-04-24 10:11: Train Epoch 301: 40/74 Loss: 0.008749
2026-04-24 10:11: Train Epoch 301: 60/74 Loss: 0.007977
2026-04-24 10:11: **********Train Epoch 301: averaged Loss: 0.007299
2026-04-24 10:11: **********Val Epoch 301: average Loss: 0.008027
2026-04-24 10:11: Train Epoch 302: 0/74 Loss: 0.042640
2026-04-24 10:11: Train Epoch 302: 20/74 Loss: 0.003406
2026-04-24 10:11: Train Epoch 302: 40/74 Loss: 0.016943
2026-04-24 10:11: Train Epoch 302: 60/74 Loss: 0.010478
2026-04-24 10:11: **********Train Epoch 302: averaged Loss: 0.010311
2026-04-24 10:11: **********Val Epoch 302: average Loss: 0.005480
2026-04-24 10:11: Train Epoch 303: 0/74 Loss: 0.007924
2026-04-24 10:11: Train Epoch 303: 20/74 Loss: 0.004046
2026-04-24 10:11: Train Epoch 303: 40/74 Loss: 0.011445
2026-04-24 10:11: Train Epoch 303: 60/74 Loss: 0.005251
2026-04-24 10:11: **********Train Epoch 303: averaged Loss: 0.007457
2026-04-24 10:11: **********Val Epoch 303: average Loss: 0.006825
2026-04-24 10:11: Train Epoch 304: 0/74 Loss: 0.015737
2026-04-24 10:11: Train Epoch 304: 20/74 Loss: 0.004426
2026-04-24 10:11: Train Epoch 304: 40/74 Loss: 0.006404
2026-04-24 10:11: Train Epoch 304: 60/74 Loss: 0.005994
2026-04-24 10:11: **********Train Epoch 304: averaged Loss: 0.005797
2026-04-24 10:11: **********Val Epoch 304: average Loss: 0.008944
2026-04-24 10:11: Train Epoch 305: 0/74 Loss: 0.019549
2026-04-24 10:11: Train Epoch 305: 20/74 Loss: 0.003982
2026-04-24 10:11: Train Epoch 305: 40/74 Loss: 0.007407
2026-04-24 10:11: Train Epoch 305: 60/74 Loss: 0.004900
2026-04-24 10:11: **********Train Epoch 305: averaged Loss: 0.006405
2026-04-24 10:11: **********Val Epoch 305: average Loss: 0.012991
2026-04-24 10:11: Train Epoch 306: 0/74 Loss: 0.018813
2026-04-24 10:11: Train Epoch 306: 20/74 Loss: 0.004434
2026-04-24 10:11: Train Epoch 306: 40/74 Loss: 0.009614
2026-04-24 10:11: Train Epoch 306: 60/74 Loss: 0.011176
2026-04-24 10:11: **********Train Epoch 306: averaged Loss: 0.007748
2026-04-24 10:11: **********Val Epoch 306: average Loss: 0.011584
2026-04-24 10:11: Train Epoch 307: 0/74 Loss: 0.034792
2026-04-24 10:11: Train Epoch 307: 20/74 Loss: 0.011269
2026-04-24 10:11: Train Epoch 307: 40/74 Loss: 0.006512
2026-04-24 10:12: Train Epoch 307: 60/74 Loss: 0.011714
2026-04-24 10:12: **********Train Epoch 307: averaged Loss: 0.013694
2026-04-24 10:12: **********Val Epoch 307: average Loss: 0.010918
2026-04-24 10:12: Train Epoch 308: 0/74 Loss: 0.048050
2026-04-24 10:12: Train Epoch 308: 20/74 Loss: 0.014328
2026-04-24 10:12: Train Epoch 308: 40/74 Loss: 0.009103
2026-04-24 10:12: Train Epoch 308: 60/74 Loss: 0.030589
2026-04-24 10:12: **********Train Epoch 308: averaged Loss: 0.021286
2026-04-24 10:12: **********Val Epoch 308: average Loss: 0.010564
2026-04-24 10:12: Train Epoch 309: 0/74 Loss: 0.062153
2026-04-24 10:12: Train Epoch 309: 20/74 Loss: 0.013984
2026-04-24 10:12: Train Epoch 309: 40/74 Loss: 0.005363
2026-04-24 10:12: Train Epoch 309: 60/74 Loss: 0.036994
2026-04-24 10:12: **********Train Epoch 309: averaged Loss: 0.021050
2026-04-24 10:12: **********Val Epoch 309: average Loss: 0.020698
2026-04-24 10:12: Train Epoch 310: 0/74 Loss: 0.049021
2026-04-24 10:12: Train Epoch 310: 20/74 Loss: 0.007861
2026-04-24 10:12: Train Epoch 310: 40/74 Loss: 0.010352
2026-04-24 10:12: Train Epoch 310: 60/74 Loss: 0.032160
2026-04-24 10:12: **********Train Epoch 310: averaged Loss: 0.015378
2026-04-24 10:12: **********Val Epoch 310: average Loss: 0.010385
2026-04-24 10:12: Train Epoch 311: 0/74 Loss: 0.007419
2026-04-24 10:12: Train Epoch 311: 20/74 Loss: 0.003175
2026-04-24 10:12: Train Epoch 311: 40/74 Loss: 0.006493
2026-04-24 10:12: Train Epoch 311: 60/74 Loss: 0.031119
2026-04-24 10:12: **********Train Epoch 311: averaged Loss: 0.011271
2026-04-24 10:12: **********Val Epoch 311: average Loss: 0.011743
2026-04-24 10:12: Train Epoch 312: 0/74 Loss: 0.020727
2026-04-24 10:12: Train Epoch 312: 20/74 Loss: 0.008752
2026-04-24 10:12: Train Epoch 312: 40/74 Loss: 0.014776
2026-04-24 10:12: Train Epoch 312: 60/74 Loss: 0.044510
2026-04-24 10:12: **********Train Epoch 312: averaged Loss: 0.015568
2026-04-24 10:12: **********Val Epoch 312: average Loss: 0.032855
2026-04-24 10:12: Train Epoch 313: 0/74 Loss: 0.005130
2026-04-24 10:12: Train Epoch 313: 20/74 Loss: 0.007613
2026-04-24 10:12: Train Epoch 313: 40/74 Loss: 0.009245
2026-04-24 10:12: Train Epoch 313: 60/74 Loss: 0.008950
2026-04-24 10:12: **********Train Epoch 313: averaged Loss: 0.007962
2026-04-24 10:12: **********Val Epoch 313: average Loss: 0.008011
2026-04-24 10:12: Train Epoch 314: 0/74 Loss: 0.046799
2026-04-24 10:12: Train Epoch 314: 20/74 Loss: 0.008743
2026-04-24 10:12: Train Epoch 314: 40/74 Loss: 0.005737
2026-04-24 10:12: Train Epoch 314: 60/74 Loss: 0.004816
2026-04-24 10:12: **********Train Epoch 314: averaged Loss: 0.011916
2026-04-24 10:12: **********Val Epoch 314: average Loss: 0.006301
2026-04-24 10:12: Train Epoch 315: 0/74 Loss: 0.081728
2026-04-24 10:12: Train Epoch 315: 20/74 Loss: 0.012270
2026-04-24 10:12: Train Epoch 315: 40/74 Loss: 0.007727
2026-04-24 10:12: Train Epoch 315: 60/74 Loss: 0.007490
2026-04-24 10:12: **********Train Epoch 315: averaged Loss: 0.013874
2026-04-24 10:12: **********Val Epoch 315: average Loss: 0.006768
2026-04-24 10:12: Train Epoch 316: 0/74 Loss: 0.023182
2026-04-24 10:12: Train Epoch 316: 20/74 Loss: 0.010532
2026-04-24 10:12: Train Epoch 316: 40/74 Loss: 0.021216
2026-04-24 10:13: Train Epoch 316: 60/74 Loss: 0.006143
2026-04-24 10:13: **********Train Epoch 316: averaged Loss: 0.012079
2026-04-24 10:13: **********Val Epoch 316: average Loss: 0.007306
2026-04-24 10:13: Train Epoch 317: 0/74 Loss: 0.003959
2026-04-24 10:13: Train Epoch 317: 20/74 Loss: 0.003006
2026-04-24 10:13: Train Epoch 317: 40/74 Loss: 0.013127
2026-04-24 10:13: Train Epoch 317: 60/74 Loss: 0.013741
2026-04-24 10:13: **********Train Epoch 317: averaged Loss: 0.008288
2026-04-24 10:13: **********Val Epoch 317: average Loss: 0.014402
2026-04-24 10:13: Train Epoch 318: 0/74 Loss: 0.004558
2026-04-24 10:13: Train Epoch 318: 20/74 Loss: 0.003312
2026-04-24 10:13: Train Epoch 318: 40/74 Loss: 0.008159
2026-04-24 10:13: Train Epoch 318: 60/74 Loss: 0.018156
2026-04-24 10:13: **********Train Epoch 318: averaged Loss: 0.009873
2026-04-24 10:13: **********Val Epoch 318: average Loss: 0.006186
2026-04-24 10:13: Train Epoch 319: 0/74 Loss: 0.011142
2026-04-24 10:13: Train Epoch 319: 20/74 Loss: 0.008753
2026-04-24 10:13: Train Epoch 319: 40/74 Loss: 0.006666
2026-04-24 10:13: Train Epoch 319: 60/74 Loss: 0.031715
2026-04-24 10:13: **********Train Epoch 319: averaged Loss: 0.013555
2026-04-24 10:13: **********Val Epoch 319: average Loss: 0.009542
2026-04-24 10:13: Train Epoch 320: 0/74 Loss: 0.061830
2026-04-24 10:13: Train Epoch 320: 20/74 Loss: 0.014528
2026-04-24 10:13: Train Epoch 320: 40/74 Loss: 0.006142
2026-04-24 10:13: Train Epoch 320: 60/74 Loss: 0.038047
2026-04-24 10:13: **********Train Epoch 320: averaged Loss: 0.020837
2026-04-24 10:13: **********Val Epoch 320: average Loss: 0.034076
2026-04-24 10:13: Train Epoch 321: 0/74 Loss: 0.033385
2026-04-24 10:13: Train Epoch 321: 20/74 Loss: 0.003545
2026-04-24 10:13: Train Epoch 321: 40/74 Loss: 0.006438
2026-04-24 10:13: Train Epoch 321: 60/74 Loss: 0.008316
2026-04-24 10:13: **********Train Epoch 321: averaged Loss: 0.009494
2026-04-24 10:13: **********Val Epoch 321: average Loss: 0.007291
2026-04-24 10:13: Train Epoch 322: 0/74 Loss: 0.047350
2026-04-24 10:13: Train Epoch 322: 20/74 Loss: 0.003853
2026-04-24 10:13: Train Epoch 322: 40/74 Loss: 0.006128
2026-04-24 10:13: Train Epoch 322: 60/74 Loss: 0.010749
2026-04-24 10:13: **********Train Epoch 322: averaged Loss: 0.011198
2026-04-24 10:13: **********Val Epoch 322: average Loss: 0.008368
2026-04-24 10:13: Train Epoch 323: 0/74 Loss: 0.068354
2026-04-24 10:13: Train Epoch 323: 20/74 Loss: 0.016863
2026-04-24 10:13: Train Epoch 323: 40/74 Loss: 0.006776
2026-04-24 10:13: Train Epoch 323: 60/74 Loss: 0.008281
2026-04-24 10:13: **********Train Epoch 323: averaged Loss: 0.013088
2026-04-24 10:13: **********Val Epoch 323: average Loss: 0.011154
2026-04-24 10:13: Train Epoch 324: 0/74 Loss: 0.026000
2026-04-24 10:13: Train Epoch 324: 20/74 Loss: 0.005976
2026-04-24 10:13: Train Epoch 324: 40/74 Loss: 0.009993
2026-04-24 10:13: Train Epoch 324: 60/74 Loss: 0.015772
2026-04-24 10:13: **********Train Epoch 324: averaged Loss: 0.010763
2026-04-24 10:13: **********Val Epoch 324: average Loss: 0.011948
2026-04-24 10:13: Train Epoch 325: 0/74 Loss: 0.023744
2026-04-24 10:14: Train Epoch 325: 20/74 Loss: 0.006392
2026-04-24 10:14: Train Epoch 325: 40/74 Loss: 0.009610
2026-04-24 10:14: Train Epoch 325: 60/74 Loss: 0.033643
2026-04-24 10:14: **********Train Epoch 325: averaged Loss: 0.014615
2026-04-24 10:14: **********Val Epoch 325: average Loss: 0.035329
2026-04-24 10:14: Train Epoch 326: 0/74 Loss: 0.033828
2026-04-24 10:14: Train Epoch 326: 20/74 Loss: 0.003886
2026-04-24 10:14: Train Epoch 326: 40/74 Loss: 0.019594
2026-04-24 10:14: Train Epoch 326: 60/74 Loss: 0.024836
2026-04-24 10:14: **********Train Epoch 326: averaged Loss: 0.013394
2026-04-24 10:14: **********Val Epoch 326: average Loss: 0.010313
2026-04-24 10:14: Train Epoch 327: 0/74 Loss: 0.020606
2026-04-24 10:14: Train Epoch 327: 20/74 Loss: 0.006864
2026-04-24 10:14: Train Epoch 327: 40/74 Loss: 0.023456
2026-04-24 10:14: Train Epoch 327: 60/74 Loss: 0.025243
2026-04-24 10:14: **********Train Epoch 327: averaged Loss: 0.013034
2026-04-24 10:14: **********Val Epoch 327: average Loss: 0.019799
2026-04-24 10:14: Train Epoch 328: 0/74 Loss: 0.022150
2026-04-24 10:14: Train Epoch 328: 20/74 Loss: 0.005238
2026-04-24 10:14: Train Epoch 328: 40/74 Loss: 0.011390
2026-04-24 10:14: Train Epoch 328: 60/74 Loss: 0.022486
2026-04-24 10:14: **********Train Epoch 328: averaged Loss: 0.010271
2026-04-24 10:14: **********Val Epoch 328: average Loss: 0.009062
2026-04-24 10:14: Train Epoch 329: 0/74 Loss: 0.008781
2026-04-24 10:14: Train Epoch 329: 20/74 Loss: 0.003031
2026-04-24 10:14: Train Epoch 329: 40/74 Loss: 0.006289
2026-04-24 10:14: Train Epoch 329: 60/74 Loss: 0.020080
2026-04-24 10:14: **********Train Epoch 329: averaged Loss: 0.009065
2026-04-24 10:14: **********Val Epoch 329: average Loss: 0.012103
2026-04-24 10:14: Train Epoch 330: 0/74 Loss: 0.003297
2026-04-24 10:14: Train Epoch 330: 20/74 Loss: 0.003209
2026-04-24 10:14: Train Epoch 330: 40/74 Loss: 0.007089
2026-04-24 10:14: Train Epoch 330: 60/74 Loss: 0.025667
2026-04-24 10:14: **********Train Epoch 330: averaged Loss: 0.009602
2026-04-24 10:14: **********Val Epoch 330: average Loss: 0.010864
2026-04-24 10:14: Train Epoch 331: 0/74 Loss: 0.015374
2026-04-24 10:14: Train Epoch 331: 20/74 Loss: 0.003495
2026-04-24 10:14: Train Epoch 331: 40/74 Loss: 0.005886
2026-04-24 10:14: Train Epoch 331: 60/74 Loss: 0.025249
2026-04-24 10:14: **********Train Epoch 331: averaged Loss: 0.010455
2026-04-24 10:14: **********Val Epoch 331: average Loss: 0.010365
2026-04-24 10:14: Train Epoch 332: 0/74 Loss: 0.015747
2026-04-24 10:14: Train Epoch 332: 20/74 Loss: 0.003265
2026-04-24 10:14: Train Epoch 332: 40/74 Loss: 0.006033
2026-04-24 10:14: Train Epoch 332: 60/74 Loss: 0.030637
2026-04-24 10:14: **********Train Epoch 332: averaged Loss: 0.012101
2026-04-24 10:14: **********Val Epoch 332: average Loss: 0.025189
2026-04-24 10:14: Train Epoch 333: 0/74 Loss: 0.007666
2026-04-24 10:14: Train Epoch 333: 20/74 Loss: 0.006607
2026-04-24 10:14: Train Epoch 333: 40/74 Loss: 0.009920
2026-04-24 10:15: Train Epoch 333: 60/74 Loss: 0.019766
2026-04-24 10:15: **********Train Epoch 333: averaged Loss: 0.009436
2026-04-24 10:15: **********Val Epoch 333: average Loss: 0.009376
2026-04-24 10:15: Train Epoch 334: 0/74 Loss: 0.032861
2026-04-24 10:15: Train Epoch 334: 20/74 Loss: 0.003275
2026-04-24 10:15: Train Epoch 334: 40/74 Loss: 0.011991
2026-04-24 10:15: Train Epoch 334: 60/74 Loss: 0.036986
2026-04-24 10:15: **********Train Epoch 334: averaged Loss: 0.014460
2026-04-24 10:15: **********Val Epoch 334: average Loss: 0.026161
2026-04-24 10:15: Train Epoch 335: 0/74 Loss: 0.013980
2026-04-24 10:15: Train Epoch 335: 20/74 Loss: 0.003575
2026-04-24 10:15: Train Epoch 335: 40/74 Loss: 0.012330
2026-04-24 10:15: Train Epoch 335: 60/74 Loss: 0.021831
2026-04-24 10:15: **********Train Epoch 335: averaged Loss: 0.009209
2026-04-24 10:15: **********Val Epoch 335: average Loss: 0.009877
2026-04-24 10:15: Train Epoch 336: 0/74 Loss: 0.046591
2026-04-24 10:15: Train Epoch 336: 20/74 Loss: 0.004107
2026-04-24 10:15: Train Epoch 336: 40/74 Loss: 0.016560
2026-04-24 10:15: Train Epoch 336: 60/74 Loss: 0.033786
2026-04-24 10:15: **********Train Epoch 336: averaged Loss: 0.014699
2026-04-24 10:15: **********Val Epoch 336: average Loss: 0.039300
2026-04-24 10:15: Train Epoch 337: 0/74 Loss: 0.010881
2026-04-24 10:15: Train Epoch 337: 20/74 Loss: 0.007541
2026-04-24 10:15: Train Epoch 337: 40/74 Loss: 0.011107
2026-04-24 10:15: Train Epoch 337: 60/74 Loss: 0.009683
2026-04-24 10:15: **********Train Epoch 337: averaged Loss: 0.008805
2026-04-24 10:15: **********Val Epoch 337: average Loss: 0.007583
2026-04-24 10:15: Train Epoch 338: 0/74 Loss: 0.017232
2026-04-24 10:15: Train Epoch 338: 20/74 Loss: 0.004168
2026-04-24 10:15: Train Epoch 338: 40/74 Loss: 0.009207
2026-04-24 10:15: Train Epoch 338: 60/74 Loss: 0.015923
2026-04-24 10:15: **********Train Epoch 338: averaged Loss: 0.008124
2026-04-24 10:15: **********Val Epoch 338: average Loss: 0.007528
2026-04-24 10:15: Train Epoch 339: 0/74 Loss: 0.003978
2026-04-24 10:15: Train Epoch 339: 20/74 Loss: 0.003894
2026-04-24 10:15: Train Epoch 339: 40/74 Loss: 0.012037
2026-04-24 10:15: Train Epoch 339: 60/74 Loss: 0.023102
2026-04-24 10:15: **********Train Epoch 339: averaged Loss: 0.009535
2026-04-24 10:15: **********Val Epoch 339: average Loss: 0.009311
2026-04-24 10:15: Train Epoch 340: 0/74 Loss: 0.025168
2026-04-24 10:15: Train Epoch 340: 20/74 Loss: 0.003276
2026-04-24 10:15: Train Epoch 340: 40/74 Loss: 0.008684
2026-04-24 10:15: Train Epoch 340: 60/74 Loss: 0.032728
2026-04-24 10:15: **********Train Epoch 340: averaged Loss: 0.016156
2026-04-24 10:15: **********Val Epoch 340: average Loss: 0.040659
2026-04-24 10:15: Train Epoch 341: 0/74 Loss: 0.051029
2026-04-24 10:15: Train Epoch 341: 20/74 Loss: 0.004736
2026-04-24 10:15: Train Epoch 341: 40/74 Loss: 0.016338
2026-04-24 10:15: Train Epoch 341: 60/74 Loss: 0.016543
2026-04-24 10:15: **********Train Epoch 341: averaged Loss: 0.014156
2026-04-24 10:15: **********Val Epoch 341: average Loss: 0.007859
2026-04-24 10:15: Train Epoch 342: 0/74 Loss: 0.013727
2026-04-24 10:16: Train Epoch 342: 20/74 Loss: 0.003766
2026-04-24 10:16: Train Epoch 342: 40/74 Loss: 0.016243
2026-04-24 10:16: Train Epoch 342: 60/74 Loss: 0.017749
2026-04-24 10:16: **********Train Epoch 342: averaged Loss: 0.009178
2026-04-24 10:16: **********Val Epoch 342: average Loss: 0.007940
2026-04-24 10:16: Train Epoch 343: 0/74 Loss: 0.005101
2026-04-24 10:16: Train Epoch 343: 20/74 Loss: 0.004401
2026-04-24 10:16: Train Epoch 343: 40/74 Loss: 0.009536
2026-04-24 10:16: Train Epoch 343: 60/74 Loss: 0.018899
2026-04-24 10:16: **********Train Epoch 343: averaged Loss: 0.007514
2026-04-24 10:16: **********Val Epoch 343: average Loss: 0.009107
2026-04-24 10:16: Train Epoch 344: 0/74 Loss: 0.010806
2026-04-24 10:16: Train Epoch 344: 20/74 Loss: 0.003387
2026-04-24 10:16: Train Epoch 344: 40/74 Loss: 0.006323
2026-04-24 10:16: Train Epoch 344: 60/74 Loss: 0.025315
2026-04-24 10:16: **********Train Epoch 344: averaged Loss: 0.009353
2026-04-24 10:16: **********Val Epoch 344: average Loss: 0.014405
2026-04-24 10:16: Train Epoch 345: 0/74 Loss: 0.039480
2026-04-24 10:16: Train Epoch 345: 20/74 Loss: 0.003822
2026-04-24 10:16: Train Epoch 345: 40/74 Loss: 0.007032
2026-04-24 10:16: Train Epoch 345: 60/74 Loss: 0.019174
2026-04-24 10:16: **********Train Epoch 345: averaged Loss: 0.012429
2026-04-24 10:16: **********Val Epoch 345: average Loss: 0.008568
2026-04-24 10:16: Train Epoch 346: 0/74 Loss: 0.043520
2026-04-24 10:16: Train Epoch 346: 20/74 Loss: 0.012101
2026-04-24 10:16: Train Epoch 346: 40/74 Loss: 0.005508
2026-04-24 10:16: Train Epoch 346: 60/74 Loss: 0.028004
2026-04-24 10:16: **********Train Epoch 346: averaged Loss: 0.015049
2026-04-24 10:16: **********Val Epoch 346: average Loss: 0.017140
2026-04-24 10:16: Train Epoch 347: 0/74 Loss: 0.052465
2026-04-24 10:16: Train Epoch 347: 20/74 Loss: 0.003476
2026-04-24 10:16: Train Epoch 347: 40/74 Loss: 0.009468
2026-04-24 10:16: Train Epoch 347: 60/74 Loss: 0.016925
2026-04-24 10:16: **********Train Epoch 347: averaged Loss: 0.012547
2026-04-24 10:16: **********Val Epoch 347: average Loss: 0.008224
2026-04-24 10:16: Train Epoch 348: 0/74 Loss: 0.036235
2026-04-24 10:16: Train Epoch 348: 20/74 Loss: 0.003457
2026-04-24 10:16: Train Epoch 348: 40/74 Loss: 0.011242
2026-04-24 10:16: Train Epoch 348: 60/74 Loss: 0.008921
2026-04-24 10:16: **********Train Epoch 348: averaged Loss: 0.009954
2026-04-24 10:16: **********Val Epoch 348: average Loss: 0.010421
2026-04-24 10:16: Train Epoch 349: 0/74 Loss: 0.008435
2026-04-24 10:16: Train Epoch 349: 20/74 Loss: 0.003015
2026-04-24 10:16: Train Epoch 349: 40/74 Loss: 0.007798
2026-04-24 10:16: Train Epoch 349: 60/74 Loss: 0.007814
2026-04-24 10:16: **********Train Epoch 349: averaged Loss: 0.007054
2026-04-24 10:16: **********Val Epoch 349: average Loss: 0.011846
2026-04-24 10:16: Train Epoch 350: 0/74 Loss: 0.041303
2026-04-24 10:16: Train Epoch 350: 20/74 Loss: 0.003168
2026-04-24 10:16: Train Epoch 350: 40/74 Loss: 0.005268
2026-04-24 10:16: Train Epoch 350: 60/74 Loss: 0.006874
2026-04-24 10:16: **********Train Epoch 350: averaged Loss: 0.009610
2026-04-24 10:16: **********Val Epoch 350: average Loss: 0.017641
2026-04-24 10:16: Train Epoch 351: 0/74 Loss: 0.041105
2026-04-24 10:17: Train Epoch 351: 20/74 Loss: 0.009125
2026-04-24 10:17: Train Epoch 351: 40/74 Loss: 0.004552
2026-04-24 10:17: Train Epoch 351: 60/74 Loss: 0.006509
2026-04-24 10:17: **********Train Epoch 351: averaged Loss: 0.009832
2026-04-24 10:17: **********Val Epoch 351: average Loss: 0.012286
2026-04-24 10:17: Train Epoch 352: 0/74 Loss: 0.029360
2026-04-24 10:17: Train Epoch 352: 20/74 Loss: 0.006779
2026-04-24 10:17: Train Epoch 352: 40/74 Loss: 0.006099
2026-04-24 10:17: Train Epoch 352: 60/74 Loss: 0.006659
2026-04-24 10:17: **********Train Epoch 352: averaged Loss: 0.007612
2026-04-24 10:17: **********Val Epoch 352: average Loss: 0.008083
2026-04-24 10:17: Train Epoch 353: 0/74 Loss: 0.004127
2026-04-24 10:17: Train Epoch 353: 20/74 Loss: 0.005777
2026-04-24 10:17: Train Epoch 353: 40/74 Loss: 0.004992
2026-04-24 10:17: Train Epoch 353: 60/74 Loss: 0.010428
2026-04-24 10:17: **********Train Epoch 353: averaged Loss: 0.006476
2026-04-24 10:17: **********Val Epoch 353: average Loss: 0.008112
2026-04-24 10:17: Train Epoch 354: 0/74 Loss: 0.010705
2026-04-24 10:17: Train Epoch 354: 20/74 Loss: 0.004029
2026-04-24 10:17: Train Epoch 354: 40/74 Loss: 0.011120
2026-04-24 10:17: Train Epoch 354: 60/74 Loss: 0.005716
2026-04-24 10:17: **********Train Epoch 354: averaged Loss: 0.008405
2026-04-24 10:17: **********Val Epoch 354: average Loss: 0.006407
2026-04-24 10:17: Train Epoch 355: 0/74 Loss: 0.019552
2026-04-24 10:17: Train Epoch 355: 20/74 Loss: 0.003385
2026-04-24 10:17: Train Epoch 355: 40/74 Loss: 0.016763
2026-04-24 10:17: Train Epoch 355: 60/74 Loss: 0.020471
2026-04-24 10:17: **********Train Epoch 355: averaged Loss: 0.007909
2026-04-24 10:17: **********Val Epoch 355: average Loss: 0.006345
2026-04-24 10:17: Train Epoch 356: 0/74 Loss: 0.003423
2026-04-24 10:17: Train Epoch 356: 20/74 Loss: 0.003910
2026-04-24 10:17: Train Epoch 356: 40/74 Loss: 0.010885
2026-04-24 10:17: Train Epoch 356: 60/74 Loss: 0.006951
2026-04-24 10:17: **********Train Epoch 356: averaged Loss: 0.007197
2026-04-24 10:17: **********Val Epoch 356: average Loss: 0.006687
2026-04-24 10:17: Train Epoch 357: 0/74 Loss: 0.003347
2026-04-24 10:17: Train Epoch 357: 20/74 Loss: 0.003397
2026-04-24 10:17: Train Epoch 357: 40/74 Loss: 0.006868
2026-04-24 10:17: Train Epoch 357: 60/74 Loss: 0.007184
2026-04-24 10:17: **********Train Epoch 357: averaged Loss: 0.006145
2026-04-24 10:17: **********Val Epoch 357: average Loss: 0.006143
2026-04-24 10:17: Train Epoch 358: 0/74 Loss: 0.040812
2026-04-24 10:17: Train Epoch 358: 20/74 Loss: 0.005614
2026-04-24 10:17: Train Epoch 358: 40/74 Loss: 0.006464
2026-04-24 10:17: Train Epoch 358: 60/74 Loss: 0.005598
2026-04-24 10:17: **********Train Epoch 358: averaged Loss: 0.007222
2026-04-24 10:17: **********Val Epoch 358: average Loss: 0.007636
2026-04-24 10:17: Train Epoch 359: 0/74 Loss: 0.008761
2026-04-24 10:17: Train Epoch 359: 20/74 Loss: 0.003246
2026-04-24 10:17: Train Epoch 359: 40/74 Loss: 0.010776
2026-04-24 10:17: Train Epoch 359: 60/74 Loss: 0.009378
2026-04-24 10:17: **********Train Epoch 359: averaged Loss: 0.006443
2026-04-24 10:17: **********Val Epoch 359: average Loss: 0.013796
2026-04-24 10:17: Train Epoch 360: 0/74 Loss: 0.007015
2026-04-24 10:18: Train Epoch 360: 20/74 Loss: 0.010540
2026-04-24 10:18: Train Epoch 360: 40/74 Loss: 0.009265
2026-04-24 10:18: Train Epoch 360: 60/74 Loss: 0.017337
2026-04-24 10:18: **********Train Epoch 360: averaged Loss: 0.010580
2026-04-24 10:18: **********Val Epoch 360: average Loss: 0.007513
2026-04-24 10:18: Train Epoch 361: 0/74 Loss: 0.021924
2026-04-24 10:18: Train Epoch 361: 20/74 Loss: 0.004815
2026-04-24 10:18: Train Epoch 361: 40/74 Loss: 0.008512
2026-04-24 10:18: Train Epoch 361: 60/74 Loss: 0.030623
2026-04-24 10:18: **********Train Epoch 361: averaged Loss: 0.014632
2026-04-24 10:18: **********Val Epoch 361: average Loss: 0.017982
2026-04-24 10:18: Train Epoch 362: 0/74 Loss: 0.060613
2026-04-24 10:18: Train Epoch 362: 20/74 Loss: 0.009221
2026-04-24 10:18: Train Epoch 362: 40/74 Loss: 0.005935
2026-04-24 10:18: Train Epoch 362: 60/74 Loss: 0.023389
2026-04-24 10:18: **********Train Epoch 362: averaged Loss: 0.016067
2026-04-24 10:18: **********Val Epoch 362: average Loss: 0.009186
2026-04-24 10:18: Train Epoch 363: 0/74 Loss: 0.049098
2026-04-24 10:18: Train Epoch 363: 20/74 Loss: 0.007100
2026-04-24 10:18: Train Epoch 363: 40/74 Loss: 0.006010
2026-04-24 10:18: Train Epoch 363: 60/74 Loss: 0.028718
2026-04-24 10:18: **********Train Epoch 363: averaged Loss: 0.015234
2026-04-24 10:18: **********Val Epoch 363: average Loss: 0.017073
2026-04-24 10:18: Train Epoch 364: 0/74 Loss: 0.036636
2026-04-24 10:18: Train Epoch 364: 20/74 Loss: 0.003790
2026-04-24 10:18: Train Epoch 364: 40/74 Loss: 0.005569
2026-04-24 10:18: Train Epoch 364: 60/74 Loss: 0.022382
2026-04-24 10:18: **********Train Epoch 364: averaged Loss: 0.011090
2026-04-24 10:18: **********Val Epoch 364: average Loss: 0.008995
2026-04-24 10:18: Train Epoch 365: 0/74 Loss: 0.025404
2026-04-24 10:18: Train Epoch 365: 20/74 Loss: 0.003162
2026-04-24 10:18: Train Epoch 365: 40/74 Loss: 0.005258
2026-04-24 10:18: Train Epoch 365: 60/74 Loss: 0.018650
2026-04-24 10:18: **********Train Epoch 365: averaged Loss: 0.008375
2026-04-24 10:18: **********Val Epoch 365: average Loss: 0.006915
2026-04-24 10:18: Train Epoch 366: 0/74 Loss: 0.018374
2026-04-24 10:18: Train Epoch 366: 20/74 Loss: 0.002754
2026-04-24 10:18: Train Epoch 366: 40/74 Loss: 0.010577
2026-04-24 10:18: Train Epoch 366: 60/74 Loss: 0.022089
2026-04-24 10:18: **********Train Epoch 366: averaged Loss: 0.009235
2026-04-24 10:18: **********Val Epoch 366: average Loss: 0.007018
2026-04-24 10:18: Train Epoch 367: 0/74 Loss: 0.018149
2026-04-24 10:18: Train Epoch 367: 20/74 Loss: 0.002829
2026-04-24 10:18: Train Epoch 367: 40/74 Loss: 0.005960
2026-04-24 10:18: Train Epoch 367: 60/74 Loss: 0.016214
2026-04-24 10:18: **********Train Epoch 367: averaged Loss: 0.007504
2026-04-24 10:18: **********Val Epoch 367: average Loss: 0.007969
2026-04-24 10:18: Train Epoch 368: 0/74 Loss: 0.008883
2026-04-24 10:18: Train Epoch 368: 20/74 Loss: 0.002958
2026-04-24 10:18: Train Epoch 368: 40/74 Loss: 0.004210
2026-04-24 10:18: Train Epoch 368: 60/74 Loss: 0.016828
2026-04-24 10:18: **********Train Epoch 368: averaged Loss: 0.007372
2026-04-24 10:18: **********Val Epoch 368: average Loss: 0.008199
2026-04-24 10:18: Train Epoch 369: 0/74 Loss: 0.011333
2026-04-24 10:19: Train Epoch 369: 20/74 Loss: 0.002808
2026-04-24 10:19: Train Epoch 369: 40/74 Loss: 0.006642
2026-04-24 10:19: Train Epoch 369: 60/74 Loss: 0.018376
2026-04-24 10:19: **********Train Epoch 369: averaged Loss: 0.007708
2026-04-24 10:19: **********Val Epoch 369: average Loss: 0.009601
2026-04-24 10:19: Train Epoch 370: 0/74 Loss: 0.011521
2026-04-24 10:19: Train Epoch 370: 20/74 Loss: 0.002758
2026-04-24 10:19: Train Epoch 370: 40/74 Loss: 0.008238
2026-04-24 10:19: Train Epoch 370: 60/74 Loss: 0.033442
2026-04-24 10:19: **********Train Epoch 370: averaged Loss: 0.010206
2026-04-24 10:19: **********Val Epoch 370: average Loss: 0.022233
2026-04-24 10:19: Train Epoch 371: 0/74 Loss: 0.016869
2026-04-24 10:19: Train Epoch 371: 20/74 Loss: 0.002995
2026-04-24 10:19: Train Epoch 371: 40/74 Loss: 0.007905
2026-04-24 10:19: Train Epoch 371: 60/74 Loss: 0.025236
2026-04-24 10:19: **********Train Epoch 371: averaged Loss: 0.008813
2026-04-24 10:19: **********Val Epoch 371: average Loss: 0.014690
2026-04-24 10:19: Train Epoch 372: 0/74 Loss: 0.013309
2026-04-24 10:19: Train Epoch 372: 20/74 Loss: 0.004111
2026-04-24 10:19: Train Epoch 372: 40/74 Loss: 0.006646
2026-04-24 10:19: Train Epoch 372: 60/74 Loss: 0.027772
2026-04-24 10:19: **********Train Epoch 372: averaged Loss: 0.008526
2026-04-24 10:19: **********Val Epoch 372: average Loss: 0.011883
2026-04-24 10:19: Train Epoch 373: 0/74 Loss: 0.002921
2026-04-24 10:19: Train Epoch 373: 20/74 Loss: 0.002948
2026-04-24 10:19: Train Epoch 373: 40/74 Loss: 0.006374
2026-04-24 10:19: Train Epoch 373: 60/74 Loss: 0.026963
2026-04-24 10:19: **********Train Epoch 373: averaged Loss: 0.008832
2026-04-24 10:19: **********Val Epoch 373: average Loss: 0.018818
2026-04-24 10:19: Train Epoch 374: 0/74 Loss: 0.012085
2026-04-24 10:19: Train Epoch 374: 20/74 Loss: 0.003362
2026-04-24 10:19: Train Epoch 374: 40/74 Loss: 0.013192
2026-04-24 10:19: Train Epoch 374: 60/74 Loss: 0.022465
2026-04-24 10:19: **********Train Epoch 374: averaged Loss: 0.008520
2026-04-24 10:19: **********Val Epoch 374: average Loss: 0.011546
2026-04-24 10:19: Train Epoch 375: 0/74 Loss: 0.003637
2026-04-24 10:19: Train Epoch 375: 20/74 Loss: 0.004343
2026-04-24 10:19: Train Epoch 375: 40/74 Loss: 0.010251
2026-04-24 10:19: Train Epoch 375: 60/74 Loss: 0.020612
2026-04-24 10:19: **********Train Epoch 375: averaged Loss: 0.008435
2026-04-24 10:19: **********Val Epoch 375: average Loss: 0.014252
2026-04-24 10:19: Train Epoch 376: 0/74 Loss: 0.031368
2026-04-24 10:19: Train Epoch 376: 20/74 Loss: 0.007935
2026-04-24 10:19: Train Epoch 376: 40/74 Loss: 0.012744
2026-04-24 10:19: Train Epoch 376: 60/74 Loss: 0.034190
2026-04-24 10:19: **********Train Epoch 376: averaged Loss: 0.013538
2026-04-24 10:19: **********Val Epoch 376: average Loss: 0.036300
2026-04-24 10:19: Train Epoch 377: 0/74 Loss: 0.012215
2026-04-24 10:19: Train Epoch 377: 20/74 Loss: 0.006673
2026-04-24 10:19: Train Epoch 377: 40/74 Loss: 0.011120
2026-04-24 10:19: Train Epoch 377: 60/74 Loss: 0.017320
2026-04-24 10:20: **********Train Epoch 377: averaged Loss: 0.010470
2026-04-24 10:20: **********Val Epoch 377: average Loss: 0.014575
2026-04-24 10:20: Train Epoch 378: 0/74 Loss: 0.033993
2026-04-24 10:20: Train Epoch 378: 20/74 Loss: 0.005945
2026-04-24 10:20: Train Epoch 378: 40/74 Loss: 0.016403
2026-04-24 10:20: Train Epoch 378: 60/74 Loss: 0.035259
2026-04-24 10:20: **********Train Epoch 378: averaged Loss: 0.013093
2026-04-24 10:20: **********Val Epoch 378: average Loss: 0.031363
2026-04-24 10:20: Train Epoch 379: 0/74 Loss: 0.004997
2026-04-24 10:20: Train Epoch 379: 20/74 Loss: 0.003162
2026-04-24 10:20: Train Epoch 379: 40/74 Loss: 0.015082
2026-04-24 10:20: Train Epoch 379: 60/74 Loss: 0.018785
2026-04-24 10:20: **********Train Epoch 379: averaged Loss: 0.009248
2026-04-24 10:20: **********Val Epoch 379: average Loss: 0.020300
2026-04-24 10:20: Train Epoch 380: 0/74 Loss: 0.004845
2026-04-24 10:20: Train Epoch 380: 20/74 Loss: 0.003691
2026-04-24 10:20: Train Epoch 380: 40/74 Loss: 0.016902
2026-04-24 10:20: Train Epoch 380: 60/74 Loss: 0.023393
2026-04-24 10:20: **********Train Epoch 380: averaged Loss: 0.008525
2026-04-24 10:20: **********Val Epoch 380: average Loss: 0.016578
2026-04-24 10:20: Train Epoch 381: 0/74 Loss: 0.003599
2026-04-24 10:20: Train Epoch 381: 20/74 Loss: 0.003823
2026-04-24 10:20: Train Epoch 381: 40/74 Loss: 0.014361
2026-04-24 10:20: Train Epoch 381: 60/74 Loss: 0.016302
2026-04-24 10:20: **********Train Epoch 381: averaged Loss: 0.008723
2026-04-24 10:20: **********Val Epoch 381: average Loss: 0.015613
2026-04-24 10:20: Train Epoch 382: 0/74 Loss: 0.025700
2026-04-24 10:20: Train Epoch 382: 20/74 Loss: 0.002906
2026-04-24 10:20: Train Epoch 382: 40/74 Loss: 0.005314
2026-04-24 10:20: Train Epoch 382: 60/74 Loss: 0.015806
2026-04-24 10:20: **********Train Epoch 382: averaged Loss: 0.012169
2026-04-24 10:20: **********Val Epoch 382: average Loss: 0.015391
2026-04-24 10:20: Train Epoch 383: 0/74 Loss: 0.064187
2026-04-24 10:20: Train Epoch 383: 20/74 Loss: 0.012657
2026-04-24 10:20: Train Epoch 383: 40/74 Loss: 0.005998
2026-04-24 10:20: Train Epoch 383: 60/74 Loss: 0.016596
2026-04-24 10:20: **********Train Epoch 383: averaged Loss: 0.014053
2026-04-24 10:20: **********Val Epoch 383: average Loss: 0.016697
2026-04-24 10:20: Train Epoch 384: 0/74 Loss: 0.045940
2026-04-24 10:20: Train Epoch 384: 20/74 Loss: 0.003560
2026-04-24 10:20: Train Epoch 384: 40/74 Loss: 0.004943
2026-04-24 10:20: Train Epoch 384: 60/74 Loss: 0.016813
2026-04-24 10:20: **********Train Epoch 384: averaged Loss: 0.011107
2026-04-24 10:20: **********Val Epoch 384: average Loss: 0.010156
2026-04-24 10:20: Train Epoch 385: 0/74 Loss: 0.034440
2026-04-24 10:20: Train Epoch 385: 20/74 Loss: 0.002879
2026-04-24 10:20: Train Epoch 385: 40/74 Loss: 0.003991
2026-04-24 10:20: Train Epoch 385: 60/74 Loss: 0.014231
2026-04-24 10:20: **********Train Epoch 385: averaged Loss: 0.009567
2026-04-24 10:20: **********Val Epoch 385: average Loss: 0.008083
2026-04-24 10:20: Train Epoch 386: 0/74 Loss: 0.003454
2026-04-24 10:20: Train Epoch 386: 20/74 Loss: 0.003583
2026-04-24 10:21: Train Epoch 386: 40/74 Loss: 0.005163
2026-04-24 10:21: Train Epoch 386: 60/74 Loss: 0.008855
2026-04-24 10:21: **********Train Epoch 386: averaged Loss: 0.006150
2026-04-24 10:21: **********Val Epoch 386: average Loss: 0.006840
2026-04-24 10:21: Train Epoch 387: 0/74 Loss: 0.015339
2026-04-24 10:21: Train Epoch 387: 20/74 Loss: 0.002906
2026-04-24 10:21: Train Epoch 387: 40/74 Loss: 0.004403
2026-04-24 10:21: Train Epoch 387: 60/74 Loss: 0.008507
2026-04-24 10:21: **********Train Epoch 387: averaged Loss: 0.006918
2026-04-24 10:21: **********Val Epoch 387: average Loss: 0.008985
2026-04-24 10:21: Train Epoch 388: 0/74 Loss: 0.040315
2026-04-24 10:21: Train Epoch 388: 20/74 Loss: 0.007276
2026-04-24 10:21: Train Epoch 388: 40/74 Loss: 0.005113
2026-04-24 10:21: Train Epoch 388: 60/74 Loss: 0.013384
2026-04-24 10:21: **********Train Epoch 388: averaged Loss: 0.010128
2026-04-24 10:21: **********Val Epoch 388: average Loss: 0.007080
2026-04-24 10:21: Train Epoch 389: 0/74 Loss: 0.029861
2026-04-24 10:21: Train Epoch 389: 20/74 Loss: 0.004580
2026-04-24 10:21: Train Epoch 389: 40/74 Loss: 0.016454
2026-04-24 10:21: Train Epoch 389: 60/74 Loss: 0.008242
2026-04-24 10:21: **********Train Epoch 389: averaged Loss: 0.009663
2026-04-24 10:21: **********Val Epoch 389: average Loss: 0.009935
2026-04-24 10:21: Train Epoch 390: 0/74 Loss: 0.012374
2026-04-24 10:21: Train Epoch 390: 20/74 Loss: 0.002885
2026-04-24 10:21: Train Epoch 390: 40/74 Loss: 0.004540
2026-04-24 10:21: Train Epoch 390: 60/74 Loss: 0.008176
2026-04-24 10:21: **********Train Epoch 390: averaged Loss: 0.005835
2026-04-24 10:21: **********Val Epoch 390: average Loss: 0.008974
2026-04-24 10:21: Train Epoch 391: 0/74 Loss: 0.014869
2026-04-24 10:21: Train Epoch 391: 20/74 Loss: 0.004331
2026-04-24 10:21: Train Epoch 391: 40/74 Loss: 0.006174
2026-04-24 10:21: Train Epoch 391: 60/74 Loss: 0.009952
2026-04-24 10:21: **********Train Epoch 391: averaged Loss: 0.006199
2026-04-24 10:21: **********Val Epoch 391: average Loss: 0.008058
2026-04-24 10:21: Train Epoch 392: 0/74 Loss: 0.011561
2026-04-24 10:21: Train Epoch 392: 20/74 Loss: 0.003539
2026-04-24 10:21: Train Epoch 392: 40/74 Loss: 0.004347
2026-04-24 10:21: Train Epoch 392: 60/74 Loss: 0.006615
2026-04-24 10:21: **********Train Epoch 392: averaged Loss: 0.007026
2026-04-24 10:21: **********Val Epoch 392: average Loss: 0.006231
2026-04-24 10:21: Train Epoch 393: 0/74 Loss: 0.034907
2026-04-24 10:21: Train Epoch 393: 20/74 Loss: 0.007851
2026-04-24 10:21: Train Epoch 393: 40/74 Loss: 0.009493
2026-04-24 10:21: Train Epoch 393: 60/74 Loss: 0.006215
2026-04-24 10:21: **********Train Epoch 393: averaged Loss: 0.007620
2026-04-24 10:21: **********Val Epoch 393: average Loss: 0.005966
2026-04-24 10:21: Train Epoch 394: 0/74 Loss: 0.004518
2026-04-24 10:21: Train Epoch 394: 20/74 Loss: 0.005589
2026-04-24 10:21: Train Epoch 394: 40/74 Loss: 0.009517
2026-04-24 10:21: Train Epoch 394: 60/74 Loss: 0.015075
2026-04-24 10:21: **********Train Epoch 394: averaged Loss: 0.006858
2026-04-24 10:21: **********Val Epoch 394: average Loss: 0.011891
2026-04-24 10:21: Train Epoch 395: 0/74 Loss: 0.013422
2026-04-24 10:21: Train Epoch 395: 20/74 Loss: 0.003355
2026-04-24 10:21: Train Epoch 395: 40/74 Loss: 0.007920
2026-04-24 10:22: Train Epoch 395: 60/74 Loss: 0.016981
2026-04-24 10:22: **********Train Epoch 395: averaged Loss: 0.009711
2026-04-24 10:22: **********Val Epoch 395: average Loss: 0.009535
2026-04-24 10:22: Train Epoch 396: 0/74 Loss: 0.025649
2026-04-24 10:22: Train Epoch 396: 20/74 Loss: 0.006295
2026-04-24 10:22: Train Epoch 396: 40/74 Loss: 0.007393
2026-04-24 10:22: Train Epoch 396: 60/74 Loss: 0.031569
2026-04-24 10:22: **********Train Epoch 396: averaged Loss: 0.014158
2026-04-24 10:22: **********Val Epoch 396: average Loss: 0.029312
2026-04-24 10:22: Train Epoch 397: 0/74 Loss: 0.023832
2026-04-24 10:22: Train Epoch 397: 20/74 Loss: 0.002784
2026-04-24 10:22: Train Epoch 397: 40/74 Loss: 0.005349
2026-04-24 10:22: Train Epoch 397: 60/74 Loss: 0.014515
2026-04-24 10:22: **********Train Epoch 397: averaged Loss: 0.009386
2026-04-24 10:22: **********Val Epoch 397: average Loss: 0.008184
2026-04-24 10:22: Train Epoch 398: 0/74 Loss: 0.005859
2026-04-24 10:22: Train Epoch 398: 20/74 Loss: 0.003775
2026-04-24 10:22: Train Epoch 398: 40/74 Loss: 0.004258
2026-04-24 10:22: Train Epoch 398: 60/74 Loss: 0.013385
2026-04-24 10:22: **********Train Epoch 398: averaged Loss: 0.006730
2026-04-24 10:22: **********Val Epoch 398: average Loss: 0.009310
2026-04-24 10:22: Train Epoch 399: 0/74 Loss: 0.015457
2026-04-24 10:22: Train Epoch 399: 20/74 Loss: 0.007902
2026-04-24 10:22: Train Epoch 399: 40/74 Loss: 0.004513
2026-04-24 10:22: Train Epoch 399: 60/74 Loss: 0.005772
2026-04-24 10:22: **********Train Epoch 399: averaged Loss: 0.007404
2026-04-24 10:22: **********Val Epoch 399: average Loss: 0.008423
2026-04-24 10:22: Train Epoch 400: 0/74 Loss: 0.007659
2026-04-24 10:22: Train Epoch 400: 20/74 Loss: 0.004518
2026-04-24 10:22: Train Epoch 400: 40/74 Loss: 0.004231
2026-04-24 10:22: Train Epoch 400: 60/74 Loss: 0.007882
2026-04-24 10:22: **********Train Epoch 400: averaged Loss: 0.005357
2026-04-24 10:22: **********Val Epoch 400: average Loss: 0.006701
2026-04-24 10:22: Train Epoch 401: 0/74 Loss: 0.008172
2026-04-24 10:22: Train Epoch 401: 20/74 Loss: 0.005302
2026-04-24 10:22: Train Epoch 401: 40/74 Loss: 0.005259
2026-04-24 10:22: Train Epoch 401: 60/74 Loss: 0.005997
2026-04-24 10:22: **********Train Epoch 401: averaged Loss: 0.005615
2026-04-24 10:22: **********Val Epoch 401: average Loss: 0.006215
2026-04-24 10:22: Train Epoch 402: 0/74 Loss: 0.021284
2026-04-24 10:22: Train Epoch 402: 20/74 Loss: 0.002881
2026-04-24 10:22: Train Epoch 402: 40/74 Loss: 0.005685
2026-04-24 10:22: Train Epoch 402: 60/74 Loss: 0.005850
2026-04-24 10:22: **********Train Epoch 402: averaged Loss: 0.005945
2026-04-24 10:22: **********Val Epoch 402: average Loss: 0.006311
2026-04-24 10:22: Train Epoch 403: 0/74 Loss: 0.007208
2026-04-24 10:22: Train Epoch 403: 20/74 Loss: 0.003474
2026-04-24 10:22: Train Epoch 403: 40/74 Loss: 0.006837
2026-04-24 10:22: Train Epoch 403: 60/74 Loss: 0.007031
2026-04-24 10:22: **********Train Epoch 403: averaged Loss: 0.005490
2026-04-24 10:22: **********Val Epoch 403: average Loss: 0.007603
2026-04-24 10:22: Train Epoch 404: 0/74 Loss: 0.006355
2026-04-24 10:22: Train Epoch 404: 20/74 Loss: 0.004051
2026-04-24 10:23: Train Epoch 404: 40/74 Loss: 0.006918
2026-04-24 10:23: Train Epoch 404: 60/74 Loss: 0.009718
2026-04-24 10:23: **********Train Epoch 404: averaged Loss: 0.006777
2026-04-24 10:23: **********Val Epoch 404: average Loss: 0.016118
2026-04-24 10:23: Train Epoch 405: 0/74 Loss: 0.013688
2026-04-24 10:23: Train Epoch 405: 20/74 Loss: 0.002750
2026-04-24 10:23: Train Epoch 405: 40/74 Loss: 0.006945
2026-04-24 10:23: Train Epoch 405: 60/74 Loss: 0.026965
2026-04-24 10:23: **********Train Epoch 405: averaged Loss: 0.010837
2026-04-24 10:23: **********Val Epoch 405: average Loss: 0.018225
2026-04-24 10:23: Train Epoch 406: 0/74 Loss: 0.024021
2026-04-24 10:23: Train Epoch 406: 20/74 Loss: 0.002746
2026-04-24 10:23: Train Epoch 406: 40/74 Loss: 0.005997
2026-04-24 10:23: Train Epoch 406: 60/74 Loss: 0.033375
2026-04-24 10:23: **********Train Epoch 406: averaged Loss: 0.011362
2026-04-24 10:23: **********Val Epoch 406: average Loss: 0.017794
2026-04-24 10:23: Train Epoch 407: 0/74 Loss: 0.036742
2026-04-24 10:23: Train Epoch 407: 20/74 Loss: 0.006813
2026-04-24 10:23: Train Epoch 407: 40/74 Loss: 0.006712
2026-04-24 10:23: Train Epoch 407: 60/74 Loss: 0.037417
2026-04-24 10:23: **********Train Epoch 407: averaged Loss: 0.013145
2026-04-24 10:23: **********Val Epoch 407: average Loss: 0.017929
2026-04-24 10:23: Train Epoch 408: 0/74 Loss: 0.022271
2026-04-24 10:23: Train Epoch 408: 20/74 Loss: 0.006201
2026-04-24 10:23: Train Epoch 408: 40/74 Loss: 0.006248
2026-04-24 10:23: Train Epoch 408: 60/74 Loss: 0.026313
2026-04-24 10:23: **********Train Epoch 408: averaged Loss: 0.010176
2026-04-24 10:23: **********Val Epoch 408: average Loss: 0.015112
2026-04-24 10:23: Train Epoch 409: 0/74 Loss: 0.022017
2026-04-24 10:23: Train Epoch 409: 20/74 Loss: 0.003161
2026-04-24 10:23: Train Epoch 409: 40/74 Loss: 0.005006
2026-04-24 10:23: Train Epoch 409: 60/74 Loss: 0.022014
2026-04-24 10:23: **********Train Epoch 409: averaged Loss: 0.008251
2026-04-24 10:23: **********Val Epoch 409: average Loss: 0.013698
2026-04-24 10:23: Train Epoch 410: 0/74 Loss: 0.024939
2026-04-24 10:23: Train Epoch 410: 20/74 Loss: 0.006340
2026-04-24 10:23: Train Epoch 410: 40/74 Loss: 0.004022
2026-04-24 10:23: Train Epoch 410: 60/74 Loss: 0.015009
2026-04-24 10:23: **********Train Epoch 410: averaged Loss: 0.008531
2026-04-24 10:23: **********Val Epoch 410: average Loss: 0.008137
2026-04-24 10:23: Train Epoch 411: 0/74 Loss: 0.023792
2026-04-24 10:23: Train Epoch 411: 20/74 Loss: 0.002782
2026-04-24 10:23: Train Epoch 411: 40/74 Loss: 0.006192
2026-04-24 10:23: Train Epoch 411: 60/74 Loss: 0.012672
2026-04-24 10:23: **********Train Epoch 411: averaged Loss: 0.008067
2026-04-24 10:23: **********Val Epoch 411: average Loss: 0.007797
2026-04-24 10:23: Train Epoch 412: 0/74 Loss: 0.050720
2026-04-24 10:23: Train Epoch 412: 20/74 Loss: 0.009300
2026-04-24 10:23: Train Epoch 412: 40/74 Loss: 0.004438
2026-04-24 10:23: Train Epoch 412: 60/74 Loss: 0.009079
2026-04-24 10:23: **********Train Epoch 412: averaged Loss: 0.010241
2026-04-24 10:23: **********Val Epoch 412: average Loss: 0.008080
2026-04-24 10:23: Train Epoch 413: 0/74 Loss: 0.026207
2026-04-24 10:23: Train Epoch 413: 20/74 Loss: 0.009551
2026-04-24 10:24: Train Epoch 413: 40/74 Loss: 0.006761
2026-04-24 10:24: Train Epoch 413: 60/74 Loss: 0.010153
2026-04-24 10:24: **********Train Epoch 413: averaged Loss: 0.008454
2026-04-24 10:24: **********Val Epoch 413: average Loss: 0.008914
2026-04-24 10:24: Train Epoch 414: 0/74 Loss: 0.003018
2026-04-24 10:24: Train Epoch 414: 20/74 Loss: 0.004188
2026-04-24 10:24: Train Epoch 414: 40/74 Loss: 0.005384
2026-04-24 10:24: Train Epoch 414: 60/74 Loss: 0.017816
2026-04-24 10:24: **********Train Epoch 414: averaged Loss: 0.007490
2026-04-24 10:24: **********Val Epoch 414: average Loss: 0.011149
2026-04-24 10:24: Train Epoch 415: 0/74 Loss: 0.023252
2026-04-24 10:24: Train Epoch 415: 20/74 Loss: 0.005493
2026-04-24 10:24: Train Epoch 415: 40/74 Loss: 0.006174
2026-04-24 10:24: Train Epoch 415: 60/74 Loss: 0.021251
2026-04-24 10:24: **********Train Epoch 415: averaged Loss: 0.009488
2026-04-24 10:24: **********Val Epoch 415: average Loss: 0.014659
2026-04-24 10:24: Train Epoch 416: 0/74 Loss: 0.011126
2026-04-24 10:24: Train Epoch 416: 20/74 Loss: 0.003902
2026-04-24 10:24: Train Epoch 416: 40/74 Loss: 0.009685
2026-04-24 10:24: Train Epoch 416: 60/74 Loss: 0.027616
2026-04-24 10:24: **********Train Epoch 416: averaged Loss: 0.009002
2026-04-24 10:24: **********Val Epoch 416: average Loss: 0.025333
2026-04-24 10:24: Train Epoch 417: 0/74 Loss: 0.023923
2026-04-24 10:24: Train Epoch 417: 20/74 Loss: 0.011317
2026-04-24 10:24: Train Epoch 417: 40/74 Loss: 0.005828
2026-04-24 10:24: Train Epoch 417: 60/74 Loss: 0.019223
2026-04-24 10:24: **********Train Epoch 417: averaged Loss: 0.010011
2026-04-24 10:24: **********Val Epoch 417: average Loss: 0.012644
2026-04-24 10:24: Train Epoch 418: 0/74 Loss: 0.004225
2026-04-24 10:24: Train Epoch 418: 20/74 Loss: 0.003387
2026-04-24 10:24: Train Epoch 418: 40/74 Loss: 0.008588
2026-04-24 10:24: Train Epoch 418: 60/74 Loss: 0.019980
2026-04-24 10:24: **********Train Epoch 418: averaged Loss: 0.008391
2026-04-24 10:24: **********Val Epoch 418: average Loss: 0.019251
2026-04-24 10:24: Train Epoch 419: 0/74 Loss: 0.003652
2026-04-24 10:24: Train Epoch 419: 20/74 Loss: 0.002823
2026-04-24 10:24: Train Epoch 419: 40/74 Loss: 0.014202
2026-04-24 10:24: Train Epoch 419: 60/74 Loss: 0.029410
2026-04-24 10:24: **********Train Epoch 419: averaged Loss: 0.011144
2026-04-24 10:24: **********Val Epoch 419: average Loss: 0.020203
2026-04-24 10:24: Train Epoch 420: 0/74 Loss: 0.009312
2026-04-24 10:24: Train Epoch 420: 20/74 Loss: 0.005069
2026-04-24 10:24: Train Epoch 420: 40/74 Loss: 0.008143
2026-04-24 10:24: Train Epoch 420: 60/74 Loss: 0.031078
2026-04-24 10:24: **********Train Epoch 420: averaged Loss: 0.010688
2026-04-24 10:24: **********Val Epoch 420: average Loss: 0.016198
2026-04-24 10:24: Train Epoch 421: 0/74 Loss: 0.012036
2026-04-24 10:24: Train Epoch 421: 20/74 Loss: 0.004961
2026-04-24 10:24: Train Epoch 421: 40/74 Loss: 0.014813
2026-04-24 10:24: Train Epoch 421: 60/74 Loss: 0.027307
2026-04-24 10:24: **********Train Epoch 421: averaged Loss: 0.009370
2026-04-24 10:24: **********Val Epoch 421: average Loss: 0.023789
2026-04-24 10:24: Train Epoch 422: 0/74 Loss: 0.005120
2026-04-24 10:25: Train Epoch 422: 20/74 Loss: 0.005945
2026-04-24 10:25: Train Epoch 422: 40/74 Loss: 0.007727
2026-04-24 10:25: Train Epoch 422: 60/74 Loss: 0.019572
2026-04-24 10:25: **********Train Epoch 422: averaged Loss: 0.008305
2026-04-24 10:25: **********Val Epoch 422: average Loss: 0.019635
2026-04-24 10:25: Train Epoch 423: 0/74 Loss: 0.005111
2026-04-24 10:25: Train Epoch 423: 20/74 Loss: 0.003630
2026-04-24 10:25: Train Epoch 423: 40/74 Loss: 0.013552
2026-04-24 10:25: Train Epoch 423: 60/74 Loss: 0.029944
2026-04-24 10:25: **********Train Epoch 423: averaged Loss: 0.010188
2026-04-24 10:25: **********Val Epoch 423: average Loss: 0.021433
2026-04-24 10:25: Train Epoch 424: 0/74 Loss: 0.017548
2026-04-24 10:25: Train Epoch 424: 20/74 Loss: 0.003006
2026-04-24 10:25: Train Epoch 424: 40/74 Loss: 0.018773
2026-04-24 10:25: Train Epoch 424: 60/74 Loss: 0.028677
2026-04-24 10:25: **********Train Epoch 424: averaged Loss: 0.010519
2026-04-24 10:25: **********Val Epoch 424: average Loss: 0.033870
2026-04-24 10:25: Train Epoch 425: 0/74 Loss: 0.004433
2026-04-24 10:25: Train Epoch 425: 20/74 Loss: 0.002740
2026-04-24 10:25: Train Epoch 425: 40/74 Loss: 0.008662
2026-04-24 10:25: Train Epoch 425: 60/74 Loss: 0.014741
2026-04-24 10:25: **********Train Epoch 425: averaged Loss: 0.006738
2026-04-24 10:25: **********Val Epoch 425: average Loss: 0.021558
2026-04-24 10:25: Train Epoch 426: 0/74 Loss: 0.004545
2026-04-24 10:25: Train Epoch 426: 20/74 Loss: 0.002768
2026-04-24 10:25: Train Epoch 426: 40/74 Loss: 0.007886
2026-04-24 10:25: Train Epoch 426: 60/74 Loss: 0.010890
2026-04-24 10:25: **********Train Epoch 426: averaged Loss: 0.006300
2026-04-24 10:25: **********Val Epoch 426: average Loss: 0.018202
2026-04-24 10:25: Train Epoch 427: 0/74 Loss: 0.003269
2026-04-24 10:25: Train Epoch 427: 20/74 Loss: 0.005143
2026-04-24 10:25: Train Epoch 427: 40/74 Loss: 0.005411
2026-04-24 10:25: Train Epoch 427: 60/74 Loss: 0.012970
2026-04-24 10:25: **********Train Epoch 427: averaged Loss: 0.005972
2026-04-24 10:25: **********Val Epoch 427: average Loss: 0.015357
2026-04-24 10:25: Train Epoch 428: 0/74 Loss: 0.006518
2026-04-24 10:25: Train Epoch 428: 20/74 Loss: 0.002766
2026-04-24 10:25: Train Epoch 428: 40/74 Loss: 0.005496
2026-04-24 10:25: Train Epoch 428: 60/74 Loss: 0.014142
2026-04-24 10:25: **********Train Epoch 428: averaged Loss: 0.006257
2026-04-24 10:25: **********Val Epoch 428: average Loss: 0.011191
2026-04-24 10:25: Train Epoch 429: 0/74 Loss: 0.010199
2026-04-24 10:25: Train Epoch 429: 20/74 Loss: 0.007022
2026-04-24 10:25: Train Epoch 429: 40/74 Loss: 0.006133
2026-04-24 10:25: Train Epoch 429: 60/74 Loss: 0.007089
2026-04-24 10:25: **********Train Epoch 429: averaged Loss: 0.008978
2026-04-24 10:25: **********Val Epoch 429: average Loss: 0.019906
2026-04-24 10:25: Train Epoch 430: 0/74 Loss: 0.021921
2026-04-24 10:25: Train Epoch 430: 20/74 Loss: 0.003010
2026-04-24 10:25: Train Epoch 430: 40/74 Loss: 0.004412
2026-04-24 10:25: Train Epoch 430: 60/74 Loss: 0.008988
2026-04-24 10:25: **********Train Epoch 430: averaged Loss: 0.006527
2026-04-24 10:25: **********Val Epoch 430: average Loss: 0.020965
2026-04-24 10:25: Train Epoch 431: 0/74 Loss: 0.003206
2026-04-24 10:26: Train Epoch 431: 20/74 Loss: 0.004051
2026-04-24 10:26: Train Epoch 431: 40/74 Loss: 0.004852
2026-04-24 10:26: Train Epoch 431: 60/74 Loss: 0.008250
2026-04-24 10:26: **********Train Epoch 431: averaged Loss: 0.006401
2026-04-24 10:26: **********Val Epoch 431: average Loss: 0.016837
2026-04-24 10:26: Train Epoch 432: 0/74 Loss: 0.006480
2026-04-24 10:26: Train Epoch 432: 20/74 Loss: 0.002622
2026-04-24 10:26: Train Epoch 432: 40/74 Loss: 0.004509
2026-04-24 10:26: Train Epoch 432: 60/74 Loss: 0.009741
2026-04-24 10:26: **********Train Epoch 432: averaged Loss: 0.007120
2026-04-24 10:26: **********Val Epoch 432: average Loss: 0.024100
2026-04-24 10:26: Train Epoch 433: 0/74 Loss: 0.030127
2026-04-24 10:26: Train Epoch 433: 20/74 Loss: 0.004943
2026-04-24 10:26: Train Epoch 433: 40/74 Loss: 0.005197
2026-04-24 10:26: Train Epoch 433: 60/74 Loss: 0.008103
2026-04-24 10:26: **********Train Epoch 433: averaged Loss: 0.008918
2026-04-24 10:26: **********Val Epoch 433: average Loss: 0.018952
2026-04-24 10:26: Train Epoch 434: 0/74 Loss: 0.028076
2026-04-24 10:26: Train Epoch 434: 20/74 Loss: 0.006727
2026-04-24 10:26: Train Epoch 434: 40/74 Loss: 0.004265
2026-04-24 10:26: Train Epoch 434: 60/74 Loss: 0.007459
2026-04-24 10:26: **********Train Epoch 434: averaged Loss: 0.008478
2026-04-24 10:26: **********Val Epoch 434: average Loss: 0.026141
2026-04-24 10:26: Train Epoch 435: 0/74 Loss: 0.003038
2026-04-24 10:26: Train Epoch 435: 20/74 Loss: 0.004855
2026-04-24 10:26: Train Epoch 435: 40/74 Loss: 0.007230
2026-04-24 10:26: Train Epoch 435: 60/74 Loss: 0.006794
2026-04-24 10:26: **********Train Epoch 435: averaged Loss: 0.006230
2026-04-24 10:26: **********Val Epoch 435: average Loss: 0.025562
2026-04-24 10:26: Train Epoch 436: 0/74 Loss: 0.014515
2026-04-24 10:26: Train Epoch 436: 20/74 Loss: 0.003016
2026-04-24 10:26: Train Epoch 436: 40/74 Loss: 0.005423
2026-04-24 10:26: Train Epoch 436: 60/74 Loss: 0.007326
2026-04-24 10:26: **********Train Epoch 436: averaged Loss: 0.007824
2026-04-24 10:26: **********Val Epoch 436: average Loss: 0.038810
2026-04-24 10:26: Train Epoch 437: 0/74 Loss: 0.020521
2026-04-24 10:26: Train Epoch 437: 20/74 Loss: 0.004526
2026-04-24 10:26: Train Epoch 437: 40/74 Loss: 0.004463
2026-04-24 10:26: Train Epoch 437: 60/74 Loss: 0.027230
2026-04-24 10:26: **********Train Epoch 437: averaged Loss: 0.011398
2026-04-24 10:26: **********Val Epoch 437: average Loss: 0.008383
2026-04-24 10:26: Train Epoch 438: 0/74 Loss: 0.011431
2026-04-24 10:26: Train Epoch 438: 20/74 Loss: 0.006038
2026-04-24 10:26: Train Epoch 438: 40/74 Loss: 0.004546
2026-04-24 10:26: Train Epoch 438: 60/74 Loss: 0.046473
2026-04-24 10:26: **********Train Epoch 438: averaged Loss: 0.017333
2026-04-24 10:26: **********Val Epoch 438: average Loss: 0.019532
2026-04-24 10:26: Train Epoch 439: 0/74 Loss: 0.065163
2026-04-24 10:26: Train Epoch 439: 20/74 Loss: 0.008563
2026-04-24 10:26: Train Epoch 439: 40/74 Loss: 0.006382
2026-04-24 10:26: Train Epoch 439: 60/74 Loss: 0.016424
2026-04-24 10:26: **********Train Epoch 439: averaged Loss: 0.011876
2026-04-24 10:26: **********Val Epoch 439: average Loss: 0.013632
2026-04-24 10:26: Train Epoch 440: 0/74 Loss: 0.023783
2026-04-24 10:27: Train Epoch 440: 20/74 Loss: 0.002737
2026-04-24 10:27: Train Epoch 440: 40/74 Loss: 0.005972
2026-04-24 10:27: Train Epoch 440: 60/74 Loss: 0.009850
2026-04-24 10:27: **********Train Epoch 440: averaged Loss: 0.006644
2026-04-24 10:27: **********Val Epoch 440: average Loss: 0.012391
2026-04-24 10:27: Train Epoch 441: 0/74 Loss: 0.007667
2026-04-24 10:27: Train Epoch 441: 20/74 Loss: 0.002793
2026-04-24 10:27: Train Epoch 441: 40/74 Loss: 0.004456
2026-04-24 10:27: Train Epoch 441: 60/74 Loss: 0.006164
2026-04-24 10:27: **********Train Epoch 441: averaged Loss: 0.006323
2026-04-24 10:27: **********Val Epoch 441: average Loss: 0.019277
2026-04-24 10:27: Train Epoch 442: 0/74 Loss: 0.014592
2026-04-24 10:27: Train Epoch 442: 20/74 Loss: 0.003656
2026-04-24 10:27: Train Epoch 442: 40/74 Loss: 0.004679
2026-04-24 10:27: Train Epoch 442: 60/74 Loss: 0.006293
2026-04-24 10:27: **********Train Epoch 442: averaged Loss: 0.006819
2026-04-24 10:27: **********Val Epoch 442: average Loss: 0.017490
2026-04-24 10:27: Train Epoch 443: 0/74 Loss: 0.006081
2026-04-24 10:27: Train Epoch 443: 20/74 Loss: 0.004466
2026-04-24 10:27: Train Epoch 443: 40/74 Loss: 0.004407
2026-04-24 10:27: Train Epoch 443: 60/74 Loss: 0.013161
2026-04-24 10:27: **********Train Epoch 443: averaged Loss: 0.009245
2026-04-24 10:27: **********Val Epoch 443: average Loss: 0.012946
2026-04-24 10:27: Train Epoch 444: 0/74 Loss: 0.006111
2026-04-24 10:27: Train Epoch 444: 20/74 Loss: 0.002734
2026-04-24 10:27: Train Epoch 444: 40/74 Loss: 0.007364
2026-04-24 10:27: Train Epoch 444: 60/74 Loss: 0.025055
2026-04-24 10:27: **********Train Epoch 444: averaged Loss: 0.011142
2026-04-24 10:27: **********Val Epoch 444: average Loss: 0.016184
2026-04-24 10:27: Train Epoch 445: 0/74 Loss: 0.034534
2026-04-24 10:27: Train Epoch 445: 20/74 Loss: 0.005685
2026-04-24 10:27: Train Epoch 445: 40/74 Loss: 0.004722
2026-04-24 10:27: Train Epoch 445: 60/74 Loss: 0.027039
2026-04-24 10:27: **********Train Epoch 445: averaged Loss: 0.010910
2026-04-24 10:27: **********Val Epoch 445: average Loss: 0.015649
2026-04-24 10:27: Train Epoch 446: 0/74 Loss: 0.017968
2026-04-24 10:27: Train Epoch 446: 20/74 Loss: 0.004435
2026-04-24 10:27: Train Epoch 446: 40/74 Loss: 0.005899
2026-04-24 10:27: Train Epoch 446: 60/74 Loss: 0.013636
2026-04-24 10:27: **********Train Epoch 446: averaged Loss: 0.006930
2026-04-24 10:27: **********Val Epoch 446: average Loss: 0.013455
2026-04-24 10:27: Train Epoch 447: 0/74 Loss: 0.026195
2026-04-24 10:27: Train Epoch 447: 20/74 Loss: 0.002679
2026-04-24 10:27: Train Epoch 447: 40/74 Loss: 0.006821
2026-04-24 10:27: Train Epoch 447: 60/74 Loss: 0.005077
2026-04-24 10:27: **********Train Epoch 447: averaged Loss: 0.006589
2026-04-24 10:27: **********Val Epoch 447: average Loss: 0.012012
2026-04-24 10:27: Train Epoch 448: 0/74 Loss: 0.003519
2026-04-24 10:27: Train Epoch 448: 20/74 Loss: 0.003290
2026-04-24 10:27: Train Epoch 448: 40/74 Loss: 0.004410
2026-04-24 10:27: Train Epoch 448: 60/74 Loss: 0.006042
2026-04-24 10:27: **********Train Epoch 448: averaged Loss: 0.007593
2026-04-24 10:27: **********Val Epoch 448: average Loss: 0.014645
2026-04-24 10:27: Train Epoch 449: 0/74 Loss: 0.033910
2026-04-24 10:28: Train Epoch 449: 20/74 Loss: 0.012166
2026-04-24 10:28: Train Epoch 449: 40/74 Loss: 0.004666
2026-04-24 10:28: Train Epoch 449: 60/74 Loss: 0.005814
2026-04-24 10:28: **********Train Epoch 449: averaged Loss: 0.010434
2026-04-24 10:28: **********Val Epoch 449: average Loss: 0.013101
2026-04-24 10:28: Train Epoch 450: 0/74 Loss: 0.006969
2026-04-24 10:28: Train Epoch 450: 20/74 Loss: 0.007386
2026-04-24 10:28: Train Epoch 450: 40/74 Loss: 0.007074
2026-04-24 10:28: Train Epoch 450: 60/74 Loss: 0.006222
2026-04-24 10:28: **********Train Epoch 450: averaged Loss: 0.009716
2026-04-24 10:28: **********Val Epoch 450: average Loss: 0.020971
2026-04-24 10:28: Train Epoch 451: 0/74 Loss: 0.051857
2026-04-24 10:28: Train Epoch 451: 20/74 Loss: 0.010161
2026-04-24 10:28: Train Epoch 451: 40/74 Loss: 0.004876
2026-04-24 10:28: Train Epoch 451: 60/74 Loss: 0.007167
2026-04-24 10:28: **********Train Epoch 451: averaged Loss: 0.012525
2026-04-24 10:28: **********Val Epoch 451: average Loss: 0.020195
2026-04-24 10:28: Train Epoch 452: 0/74 Loss: 0.020581
2026-04-24 10:28: Train Epoch 452: 20/74 Loss: 0.002678
2026-04-24 10:28: Train Epoch 452: 40/74 Loss: 0.004407
2026-04-24 10:28: Train Epoch 452: 60/74 Loss: 0.033547
2026-04-24 10:28: **********Train Epoch 452: averaged Loss: 0.013546
2026-04-24 10:28: **********Val Epoch 452: average Loss: 0.014234
2026-04-24 10:28: Train Epoch 453: 0/74 Loss: 0.012075
2026-04-24 10:28: Train Epoch 453: 20/74 Loss: 0.006502
2026-04-24 10:28: Train Epoch 453: 40/74 Loss: 0.005198
2026-04-24 10:28: Train Epoch 453: 60/74 Loss: 0.014339
2026-04-24 10:28: **********Train Epoch 453: averaged Loss: 0.010434
2026-04-24 10:28: **********Val Epoch 453: average Loss: 0.021911
2026-04-24 10:28: Train Epoch 454: 0/74 Loss: 0.008967
2026-04-24 10:28: Train Epoch 454: 20/74 Loss: 0.002793
2026-04-24 10:28: Train Epoch 454: 40/74 Loss: 0.004348
2026-04-24 10:28: Train Epoch 454: 60/74 Loss: 0.021893
2026-04-24 10:28: **********Train Epoch 454: averaged Loss: 0.008845
2026-04-24 10:28: **********Val Epoch 454: average Loss: 0.013722
2026-04-24 10:28: Train Epoch 455: 0/74 Loss: 0.019992
2026-04-24 10:28: Train Epoch 455: 20/74 Loss: 0.006867
2026-04-24 10:28: Train Epoch 455: 40/74 Loss: 0.005470
2026-04-24 10:28: Train Epoch 455: 60/74 Loss: 0.007899
2026-04-24 10:28: **********Train Epoch 455: averaged Loss: 0.010630
2026-04-24 10:28: **********Val Epoch 455: average Loss: 0.009439
2026-04-24 10:28: Train Epoch 456: 0/74 Loss: 0.014469
2026-04-24 10:28: Train Epoch 456: 20/74 Loss: 0.002594
2026-04-24 10:28: Train Epoch 456: 40/74 Loss: 0.004610
2026-04-24 10:28: Train Epoch 456: 60/74 Loss: 0.009082
2026-04-24 10:28: **********Train Epoch 456: averaged Loss: 0.006235
2026-04-24 10:28: **********Val Epoch 456: average Loss: 0.017060
2026-04-24 10:28: Train Epoch 457: 0/74 Loss: 0.002998
2026-04-24 10:28: Train Epoch 457: 20/74 Loss: 0.002950
2026-04-24 10:28: Train Epoch 457: 40/74 Loss: 0.004151
2026-04-24 10:28: Train Epoch 457: 60/74 Loss: 0.007348
2026-04-24 10:28: **********Train Epoch 457: averaged Loss: 0.007146
2026-04-24 10:28: **********Val Epoch 457: average Loss: 0.018365
2026-04-24 10:28: Train Epoch 458: 0/74 Loss: 0.020429
2026-04-24 10:29: Train Epoch 458: 20/74 Loss: 0.007284
2026-04-24 10:29: Train Epoch 458: 40/74 Loss: 0.007938
2026-04-24 10:29: Train Epoch 458: 60/74 Loss: 0.019587
2026-04-24 10:29: **********Train Epoch 458: averaged Loss: 0.011999
2026-04-24 10:29: **********Val Epoch 458: average Loss: 0.022412
2026-04-24 10:29: Train Epoch 459: 0/74 Loss: 0.003360
2026-04-24 10:29: Train Epoch 459: 20/74 Loss: 0.007864
2026-04-24 10:29: Train Epoch 459: 40/74 Loss: 0.010392
2026-04-24 10:29: Train Epoch 459: 60/74 Loss: 0.021656
2026-04-24 10:29: **********Train Epoch 459: averaged Loss: 0.012890
2026-04-24 10:29: **********Val Epoch 459: average Loss: 0.023201
2026-04-24 10:29: Train Epoch 460: 0/74 Loss: 0.006954
2026-04-24 10:29: Train Epoch 460: 20/74 Loss: 0.008351
2026-04-24 10:29: Train Epoch 460: 40/74 Loss: 0.009265
2026-04-24 10:29: Train Epoch 460: 60/74 Loss: 0.019243
2026-04-24 10:29: **********Train Epoch 460: averaged Loss: 0.012255
2026-04-24 10:29: **********Val Epoch 460: average Loss: 0.023254
2026-04-24 10:29: Train Epoch 461: 0/74 Loss: 0.016212
2026-04-24 10:29: Train Epoch 461: 20/74 Loss: 0.002991
2026-04-24 10:29: Train Epoch 461: 40/74 Loss: 0.013697
2026-04-24 10:29: Train Epoch 461: 60/74 Loss: 0.012031
2026-04-24 10:29: **********Train Epoch 461: averaged Loss: 0.011126
2026-04-24 10:29: **********Val Epoch 461: average Loss: 0.015956
2026-04-24 10:29: Train Epoch 462: 0/74 Loss: 0.023169
2026-04-24 10:29: Train Epoch 462: 20/74 Loss: 0.003242
2026-04-24 10:29: Train Epoch 462: 40/74 Loss: 0.006697
2026-04-24 10:29: Train Epoch 462: 60/74 Loss: 0.004754
2026-04-24 10:29: **********Train Epoch 462: averaged Loss: 0.009430
2026-04-24 10:29: **********Val Epoch 462: average Loss: 0.008525
2026-04-24 10:29: Train Epoch 463: 0/74 Loss: 0.013142
2026-04-24 10:29: Train Epoch 463: 20/74 Loss: 0.004136
2026-04-24 10:29: Train Epoch 463: 40/74 Loss: 0.005781
2026-04-24 10:29: Train Epoch 463: 60/74 Loss: 0.010361
2026-04-24 10:29: **********Train Epoch 463: averaged Loss: 0.008267
2026-04-24 10:29: **********Val Epoch 463: average Loss: 0.013779
2026-04-24 10:29: Train Epoch 464: 0/74 Loss: 0.003009
2026-04-24 10:29: Train Epoch 464: 20/74 Loss: 0.002676
2026-04-24 10:29: Train Epoch 464: 40/74 Loss: 0.005600
2026-04-24 10:29: Train Epoch 464: 60/74 Loss: 0.015366
2026-04-24 10:29: **********Train Epoch 464: averaged Loss: 0.009743
2026-04-24 10:29: **********Val Epoch 464: average Loss: 0.019121
2026-04-24 10:29: Train Epoch 465: 0/74 Loss: 0.008825
2026-04-24 10:29: Train Epoch 465: 20/74 Loss: 0.003094
2026-04-24 10:29: Train Epoch 465: 40/74 Loss: 0.006055
2026-04-24 10:29: Train Epoch 465: 60/74 Loss: 0.028968
2026-04-24 10:29: **********Train Epoch 465: averaged Loss: 0.011578
2026-04-24 10:29: **********Val Epoch 465: average Loss: 0.022461
2026-04-24 10:29: Train Epoch 466: 0/74 Loss: 0.006203
2026-04-24 10:29: Train Epoch 466: 20/74 Loss: 0.002519
2026-04-24 10:29: Train Epoch 466: 40/74 Loss: 0.009496
2026-04-24 10:29: Train Epoch 466: 60/74 Loss: 0.009889
2026-04-24 10:29: **********Train Epoch 466: averaged Loss: 0.008982
2026-04-24 10:29: **********Val Epoch 466: average Loss: 0.021541
2026-04-24 10:29: Train Epoch 467: 0/74 Loss: 0.005120
2026-04-24 10:30: Train Epoch 467: 20/74 Loss: 0.003544
2026-04-24 10:30: Train Epoch 467: 40/74 Loss: 0.011720
2026-04-24 10:30: Train Epoch 467: 60/74 Loss: 0.009229
2026-04-24 10:30: **********Train Epoch 467: averaged Loss: 0.007509
2026-04-24 10:30: **********Val Epoch 467: average Loss: 0.015396
2026-04-24 10:30: Train Epoch 468: 0/74 Loss: 0.006656
2026-04-24 10:30: Train Epoch 468: 20/74 Loss: 0.003610
2026-04-24 10:30: Train Epoch 468: 40/74 Loss: 0.005474
2026-04-24 10:30: Train Epoch 468: 60/74 Loss: 0.007320
2026-04-24 10:30: **********Train Epoch 468: averaged Loss: 0.006923
2026-04-24 10:30: **********Val Epoch 468: average Loss: 0.009413
2026-04-24 10:30: Train Epoch 469: 0/74 Loss: 0.027024
2026-04-24 10:30: Train Epoch 469: 20/74 Loss: 0.005873
2026-04-24 10:30: Train Epoch 469: 40/74 Loss: 0.006608
2026-04-24 10:30: Train Epoch 469: 60/74 Loss: 0.009757
2026-04-24 10:30: **********Train Epoch 469: averaged Loss: 0.007627
2026-04-24 10:30: **********Val Epoch 469: average Loss: 0.005075
2026-04-24 10:30: *********************************Current best model saved!
2026-04-24 10:30: Train Epoch 470: 0/74 Loss: 0.037526
2026-04-24 10:30: Train Epoch 470: 20/74 Loss: 0.003741
2026-04-24 10:30: Train Epoch 470: 40/74 Loss: 0.006052
2026-04-24 10:30: Train Epoch 470: 60/74 Loss: 0.005656
2026-04-24 10:30: **********Train Epoch 470: averaged Loss: 0.009643
2026-04-24 10:30: **********Val Epoch 470: average Loss: 0.007242
2026-04-24 10:30: Train Epoch 471: 0/74 Loss: 0.010106
2026-04-24 10:30: Train Epoch 471: 20/74 Loss: 0.002928
2026-04-24 10:30: Train Epoch 471: 40/74 Loss: 0.004959
2026-04-24 10:30: Train Epoch 471: 60/74 Loss: 0.007472
2026-04-24 10:30: **********Train Epoch 471: averaged Loss: 0.005888
2026-04-24 10:30: **********Val Epoch 471: average Loss: 0.009461
2026-04-24 10:30: Train Epoch 472: 0/74 Loss: 0.018559
2026-04-24 10:30: Train Epoch 472: 20/74 Loss: 0.002969
2026-04-24 10:30: Train Epoch 472: 40/74 Loss: 0.004263
2026-04-24 10:30: Train Epoch 472: 60/74 Loss: 0.005886
2026-04-24 10:30: **********Train Epoch 472: averaged Loss: 0.006433
2026-04-24 10:30: **********Val Epoch 472: average Loss: 0.015483
2026-04-24 10:30: Train Epoch 473: 0/74 Loss: 0.002719
2026-04-24 10:30: Train Epoch 473: 20/74 Loss: 0.003335
2026-04-24 10:30: Train Epoch 473: 40/74 Loss: 0.004373
2026-04-24 10:30: Train Epoch 473: 60/74 Loss: 0.006674
2026-04-24 10:30: **********Train Epoch 473: averaged Loss: 0.006326
2026-04-24 10:30: **********Val Epoch 473: average Loss: 0.013685
2026-04-24 10:30: Train Epoch 474: 0/74 Loss: 0.004654
2026-04-24 10:30: Train Epoch 474: 20/74 Loss: 0.002871
2026-04-24 10:30: Train Epoch 474: 40/74 Loss: 0.003837
2026-04-24 10:30: Train Epoch 474: 60/74 Loss: 0.023282
2026-04-24 10:30: **********Train Epoch 474: averaged Loss: 0.007904
2026-04-24 10:30: **********Val Epoch 474: average Loss: 0.013077
2026-04-24 10:30: Train Epoch 475: 0/74 Loss: 0.006751
2026-04-24 10:30: Train Epoch 475: 20/74 Loss: 0.003219
2026-04-24 10:30: Train Epoch 475: 40/74 Loss: 0.005169
2026-04-24 10:31: Train Epoch 475: 60/74 Loss: 0.012172
2026-04-24 10:31: **********Train Epoch 475: averaged Loss: 0.008034
2026-04-24 10:31: **********Val Epoch 475: average Loss: 0.014803
2026-04-24 10:31: Train Epoch 476: 0/74 Loss: 0.035609
2026-04-24 10:31: Train Epoch 476: 20/74 Loss: 0.002812
2026-04-24 10:31: Train Epoch 476: 40/74 Loss: 0.006241
2026-04-24 10:31: Train Epoch 476: 60/74 Loss: 0.011613
2026-04-24 10:31: **********Train Epoch 476: averaged Loss: 0.009036
2026-04-24 10:31: **********Val Epoch 476: average Loss: 0.011712
2026-04-24 10:31: Train Epoch 477: 0/74 Loss: 0.035666
2026-04-24 10:31: Train Epoch 477: 20/74 Loss: 0.006569
2026-04-24 10:31: Train Epoch 477: 40/74 Loss: 0.004678
2026-04-24 10:31: Train Epoch 477: 60/74 Loss: 0.007688
2026-04-24 10:31: **********Train Epoch 477: averaged Loss: 0.009030
2026-04-24 10:31: **********Val Epoch 477: average Loss: 0.014105
2026-04-24 10:31: Train Epoch 478: 0/74 Loss: 0.022744
2026-04-24 10:31: Train Epoch 478: 20/74 Loss: 0.003492
2026-04-24 10:31: Train Epoch 478: 40/74 Loss: 0.003960
2026-04-24 10:31: Train Epoch 478: 60/74 Loss: 0.016367
2026-04-24 10:31: **********Train Epoch 478: averaged Loss: 0.007457
2026-04-24 10:31: **********Val Epoch 478: average Loss: 0.015028
2026-04-24 10:31: Train Epoch 479: 0/74 Loss: 0.022234
2026-04-24 10:31: Train Epoch 479: 20/74 Loss: 0.002743
2026-04-24 10:31: Train Epoch 479: 40/74 Loss: 0.004395
2026-04-24 10:31: Train Epoch 479: 60/74 Loss: 0.009116
2026-04-24 10:31: **********Train Epoch 479: averaged Loss: 0.006424
2026-04-24 10:31: **********Val Epoch 479: average Loss: 0.011723
2026-04-24 10:31: Train Epoch 480: 0/74 Loss: 0.016323
2026-04-24 10:31: Train Epoch 480: 20/74 Loss: 0.003391
2026-04-24 10:31: Train Epoch 480: 40/74 Loss: 0.005056
2026-04-24 10:31: Train Epoch 480: 60/74 Loss: 0.005419
2026-04-24 10:31: **********Train Epoch 480: averaged Loss: 0.005760
2026-04-24 10:31: **********Val Epoch 480: average Loss: 0.009997
2026-04-24 10:31: Train Epoch 481: 0/74 Loss: 0.006248
2026-04-24 10:31: Train Epoch 481: 20/74 Loss: 0.002826
2026-04-24 10:31: Train Epoch 481: 40/74 Loss: 0.004139
2026-04-24 10:31: Train Epoch 481: 60/74 Loss: 0.005235
2026-04-24 10:31: **********Train Epoch 481: averaged Loss: 0.005749
2026-04-24 10:31: **********Val Epoch 481: average Loss: 0.007814
2026-04-24 10:31: Train Epoch 482: 0/74 Loss: 0.005237
2026-04-24 10:31: Train Epoch 482: 20/74 Loss: 0.002705
2026-04-24 10:31: Train Epoch 482: 40/74 Loss: 0.004849
2026-04-24 10:31: Train Epoch 482: 60/74 Loss: 0.012839
2026-04-24 10:31: **********Train Epoch 482: averaged Loss: 0.006026
2026-04-24 10:31: **********Val Epoch 482: average Loss: 0.006687
2026-04-24 10:31: Train Epoch 483: 0/74 Loss: 0.016807
2026-04-24 10:31: Train Epoch 483: 20/74 Loss: 0.002990
2026-04-24 10:31: Train Epoch 483: 40/74 Loss: 0.005278
2026-04-24 10:31: Train Epoch 483: 60/74 Loss: 0.018635
2026-04-24 10:31: **********Train Epoch 483: averaged Loss: 0.006774
2026-04-24 10:31: **********Val Epoch 483: average Loss: 0.012059
2026-04-24 10:31: Train Epoch 484: 0/74 Loss: 0.002647
2026-04-24 10:31: Train Epoch 484: 20/74 Loss: 0.003594
2026-04-24 10:32: Train Epoch 484: 40/74 Loss: 0.005302
2026-04-24 10:32: Train Epoch 484: 60/74 Loss: 0.007737
2026-04-24 10:32: **********Train Epoch 484: averaged Loss: 0.006867
2026-04-24 10:32: **********Val Epoch 484: average Loss: 0.020065
2026-04-24 10:32: Train Epoch 485: 0/74 Loss: 0.016702
2026-04-24 10:32: Train Epoch 485: 20/74 Loss: 0.007757
2026-04-24 10:32: Train Epoch 485: 40/74 Loss: 0.006062
2026-04-24 10:32: Train Epoch 485: 60/74 Loss: 0.015288
2026-04-24 10:32: **********Train Epoch 485: averaged Loss: 0.009662
2026-04-24 10:32: **********Val Epoch 485: average Loss: 0.017311
2026-04-24 10:32: Train Epoch 486: 0/74 Loss: 0.026475
2026-04-24 10:32: Train Epoch 486: 20/74 Loss: 0.003168
2026-04-24 10:32: Train Epoch 486: 40/74 Loss: 0.006277
2026-04-24 10:32: Train Epoch 486: 60/74 Loss: 0.013431
2026-04-24 10:32: **********Train Epoch 486: averaged Loss: 0.011228
2026-04-24 10:32: **********Val Epoch 486: average Loss: 0.019101
2026-04-24 10:32: Train Epoch 487: 0/74 Loss: 0.017437
2026-04-24 10:32: Train Epoch 487: 20/74 Loss: 0.006952
2026-04-24 10:32: Train Epoch 487: 40/74 Loss: 0.007933
2026-04-24 10:32: Train Epoch 487: 60/74 Loss: 0.015741
2026-04-24 10:32: **********Train Epoch 487: averaged Loss: 0.010908
2026-04-24 10:32: **********Val Epoch 487: average Loss: 0.022696
2026-04-24 10:32: Train Epoch 488: 0/74 Loss: 0.016474
2026-04-24 10:32: Train Epoch 488: 20/74 Loss: 0.004996
2026-04-24 10:32: Train Epoch 488: 40/74 Loss: 0.006507
2026-04-24 10:32: Train Epoch 488: 60/74 Loss: 0.009731
2026-04-24 10:32: **********Train Epoch 488: averaged Loss: 0.008919
2026-04-24 10:32: **********Val Epoch 488: average Loss: 0.017032
2026-04-24 10:32: Train Epoch 489: 0/74 Loss: 0.002977
2026-04-24 10:32: Train Epoch 489: 20/74 Loss: 0.004313
2026-04-24 10:32: Train Epoch 489: 40/74 Loss: 0.005299
2026-04-24 10:32: Train Epoch 489: 60/74 Loss: 0.011080
2026-04-24 10:32: **********Train Epoch 489: averaged Loss: 0.007498
2026-04-24 10:32: **********Val Epoch 489: average Loss: 0.022143
2026-04-24 10:32: Train Epoch 490: 0/74 Loss: 0.003439
2026-04-24 10:32: Train Epoch 490: 20/74 Loss: 0.004694
2026-04-24 10:32: Train Epoch 490: 40/74 Loss: 0.005743
2026-04-24 10:32: Train Epoch 490: 60/74 Loss: 0.004700
2026-04-24 10:32: **********Train Epoch 490: averaged Loss: 0.006400
2026-04-24 10:32: **********Val Epoch 490: average Loss: 0.009688
2026-04-24 10:32: Train Epoch 491: 0/74 Loss: 0.003449
2026-04-24 10:32: Train Epoch 491: 20/74 Loss: 0.002841
2026-04-24 10:32: Train Epoch 491: 40/74 Loss: 0.004043
2026-04-24 10:32: Train Epoch 491: 60/74 Loss: 0.014940
2026-04-24 10:32: **********Train Epoch 491: averaged Loss: 0.006184
2026-04-24 10:32: **********Val Epoch 491: average Loss: 0.006368
2026-04-24 10:32: Train Epoch 492: 0/74 Loss: 0.009891
2026-04-24 10:32: Train Epoch 492: 20/74 Loss: 0.003475
2026-04-24 10:32: Train Epoch 492: 40/74 Loss: 0.004777
2026-04-24 10:32: Train Epoch 492: 60/74 Loss: 0.018766
2026-04-24 10:32: **********Train Epoch 492: averaged Loss: 0.007063
2026-04-24 10:32: **********Val Epoch 492: average Loss: 0.014775
2026-04-24 10:32: Train Epoch 493: 0/74 Loss: 0.003765
2026-04-24 10:33: Train Epoch 493: 20/74 Loss: 0.004690
2026-04-24 10:33: Train Epoch 493: 40/74 Loss: 0.004101
2026-04-24 10:33: Train Epoch 493: 60/74 Loss: 0.025374
2026-04-24 10:33: **********Train Epoch 493: averaged Loss: 0.008382
2026-04-24 10:33: **********Val Epoch 493: average Loss: 0.017065
2026-04-24 10:33: Train Epoch 494: 0/74 Loss: 0.002971
2026-04-24 10:33: Train Epoch 494: 20/74 Loss: 0.004179
2026-04-24 10:33: Train Epoch 494: 40/74 Loss: 0.004476
2026-04-24 10:33: Train Epoch 494: 60/74 Loss: 0.006920
2026-04-24 10:33: **********Train Epoch 494: averaged Loss: 0.006794
2026-04-24 10:33: **********Val Epoch 494: average Loss: 0.012324
2026-04-24 10:33: Train Epoch 495: 0/74 Loss: 0.010975
2026-04-24 10:33: Train Epoch 495: 20/74 Loss: 0.003248
2026-04-24 10:33: Train Epoch 495: 40/74 Loss: 0.005828
2026-04-24 10:33: Train Epoch 495: 60/74 Loss: 0.015941
2026-04-24 10:33: **********Train Epoch 495: averaged Loss: 0.006576
2026-04-24 10:33: **********Val Epoch 495: average Loss: 0.013452
2026-04-24 10:33: Train Epoch 496: 0/74 Loss: 0.005739
2026-04-24 10:33: Train Epoch 496: 20/74 Loss: 0.002723
2026-04-24 10:33: Train Epoch 496: 40/74 Loss: 0.005685
2026-04-24 10:33: Train Epoch 496: 60/74 Loss: 0.007017
2026-04-24 10:33: **********Train Epoch 496: averaged Loss: 0.005503
2026-04-24 10:33: **********Val Epoch 496: average Loss: 0.014703
2026-04-24 10:33: Train Epoch 497: 0/74 Loss: 0.010735
2026-04-24 10:33: Train Epoch 497: 20/74 Loss: 0.002975
2026-04-24 10:33: Train Epoch 497: 40/74 Loss: 0.003942
2026-04-24 10:33: Train Epoch 497: 60/74 Loss: 0.012762
2026-04-24 10:33: **********Train Epoch 497: averaged Loss: 0.005681
2026-04-24 10:33: **********Val Epoch 497: average Loss: 0.014774
2026-04-24 10:33: Train Epoch 498: 0/74 Loss: 0.010329
2026-04-24 10:33: Train Epoch 498: 20/74 Loss: 0.002984
2026-04-24 10:33: Train Epoch 498: 40/74 Loss: 0.004052
2026-04-24 10:33: Train Epoch 498: 60/74 Loss: 0.006492
2026-04-24 10:33: **********Train Epoch 498: averaged Loss: 0.005244
2026-04-24 10:33: **********Val Epoch 498: average Loss: 0.009912
2026-04-24 10:33: Train Epoch 499: 0/74 Loss: 0.013831
2026-04-24 10:33: Train Epoch 499: 20/74 Loss: 0.002950
2026-04-24 10:33: Train Epoch 499: 40/74 Loss: 0.003758
2026-04-24 10:33: Train Epoch 499: 60/74 Loss: 0.004869
2026-04-24 10:33: **********Train Epoch 499: averaged Loss: 0.005847
2026-04-24 10:33: **********Val Epoch 499: average Loss: 0.010826
2026-04-24 10:33: Train Epoch 500: 0/74 Loss: 0.021296
2026-04-24 10:33: Train Epoch 500: 20/74 Loss: 0.003138
2026-04-24 10:33: Train Epoch 500: 40/74 Loss: 0.005676
2026-04-24 10:33: Train Epoch 500: 60/74 Loss: 0.017125
2026-04-24 10:33: **********Train Epoch 500: averaged Loss: 0.006367
2026-04-24 10:33: **********Val Epoch 500: average Loss: 0.008584
2026-04-24 10:33: Train Epoch 501: 0/74 Loss: 0.017434
2026-04-24 10:33: Train Epoch 501: 20/74 Loss: 0.002713
2026-04-24 10:33: Train Epoch 501: 40/74 Loss: 0.003926
2026-04-24 10:33: Train Epoch 501: 60/74 Loss: 0.004730
2026-04-24 10:34: **********Train Epoch 501: averaged Loss: 0.005664
2026-04-24 10:34: **********Val Epoch 501: average Loss: 0.007552
2026-04-24 10:34: Train Epoch 502: 0/74 Loss: 0.016082
2026-04-24 10:34: Train Epoch 502: 20/74 Loss: 0.002818
2026-04-24 10:34: Train Epoch 502: 40/74 Loss: 0.005626
2026-04-24 10:34: Train Epoch 502: 60/74 Loss: 0.007758
2026-04-24 10:34: **********Train Epoch 502: averaged Loss: 0.008096
2026-04-24 10:34: **********Val Epoch 502: average Loss: 0.007927
2026-04-24 10:34: Train Epoch 503: 0/74 Loss: 0.038150
2026-04-24 10:34: Train Epoch 503: 20/74 Loss: 0.002514
2026-04-24 10:34: Train Epoch 503: 40/74 Loss: 0.004930
2026-04-24 10:34: Train Epoch 503: 60/74 Loss: 0.006802
2026-04-24 10:34: **********Train Epoch 503: averaged Loss: 0.009449
2026-04-24 10:34: **********Val Epoch 503: average Loss: 0.012030
2026-04-24 10:34: Train Epoch 504: 0/74 Loss: 0.021349
2026-04-24 10:34: Train Epoch 504: 20/74 Loss: 0.006545
2026-04-24 10:34: Train Epoch 504: 40/74 Loss: 0.005749
2026-04-24 10:34: Train Epoch 504: 60/74 Loss: 0.007208
2026-04-24 10:34: **********Train Epoch 504: averaged Loss: 0.009070
2026-04-24 10:34: **********Val Epoch 504: average Loss: 0.014783
2026-04-24 10:34: Train Epoch 505: 0/74 Loss: 0.027930
2026-04-24 10:34: Train Epoch 505: 20/74 Loss: 0.004004
2026-04-24 10:34: Train Epoch 505: 40/74 Loss: 0.005896
2026-04-24 10:34: Train Epoch 505: 60/74 Loss: 0.027672
2026-04-24 10:34: **********Train Epoch 505: averaged Loss: 0.011245
2026-04-24 10:34: **********Val Epoch 505: average Loss: 0.017103
2026-04-24 10:34: Train Epoch 506: 0/74 Loss: 0.002787
2026-04-24 10:34: Train Epoch 506: 20/74 Loss: 0.002916
2026-04-24 10:34: Train Epoch 506: 40/74 Loss: 0.004531
2026-04-24 10:34: Train Epoch 506: 60/74 Loss: 0.017063
2026-04-24 10:34: **********Train Epoch 506: averaged Loss: 0.006925
2026-04-24 10:34: **********Val Epoch 506: average Loss: 0.010152
2026-04-24 10:34: Train Epoch 507: 0/74 Loss: 0.025881
2026-04-24 10:34: Train Epoch 507: 20/74 Loss: 0.002837
2026-04-24 10:34: Train Epoch 507: 40/74 Loss: 0.004694
2026-04-24 10:34: Train Epoch 507: 60/74 Loss: 0.006852
2026-04-24 10:34: **********Train Epoch 507: averaged Loss: 0.006106
2026-04-24 10:34: **********Val Epoch 507: average Loss: 0.010184
2026-04-24 10:34: Train Epoch 508: 0/74 Loss: 0.019935
2026-04-24 10:34: Train Epoch 508: 20/74 Loss: 0.003262
2026-04-24 10:34: Train Epoch 508: 40/74 Loss: 0.004300
2026-04-24 10:34: Train Epoch 508: 60/74 Loss: 0.018279
2026-04-24 10:34: **********Train Epoch 508: averaged Loss: 0.006070
2026-04-24 10:34: **********Val Epoch 508: average Loss: 0.013044
2026-04-24 10:34: Train Epoch 509: 0/74 Loss: 0.023650
2026-04-24 10:34: Train Epoch 509: 20/74 Loss: 0.002865
2026-04-24 10:34: Train Epoch 509: 40/74 Loss: 0.003531
2026-04-24 10:34: Train Epoch 509: 60/74 Loss: 0.005481
2026-04-24 10:34: **********Train Epoch 509: averaged Loss: 0.005907
2026-04-24 10:34: **********Val Epoch 509: average Loss: 0.011349
2026-04-24 10:34: Train Epoch 510: 0/74 Loss: 0.023064
2026-04-24 10:34: Train Epoch 510: 20/74 Loss: 0.002708
2026-04-24 10:35: Train Epoch 510: 40/74 Loss: 0.004044
2026-04-24 10:35: Train Epoch 510: 60/74 Loss: 0.006506
2026-04-24 10:35: **********Train Epoch 510: averaged Loss: 0.006558
2026-04-24 10:35: **********Val Epoch 510: average Loss: 0.020231
2026-04-24 10:35: Train Epoch 511: 0/74 Loss: 0.027612
2026-04-24 10:35: Train Epoch 511: 20/74 Loss: 0.002680
2026-04-24 10:35: Train Epoch 511: 40/74 Loss: 0.004014
2026-04-24 10:35: Train Epoch 511: 60/74 Loss: 0.006754
2026-04-24 10:35: **********Train Epoch 511: averaged Loss: 0.007247
2026-04-24 10:35: **********Val Epoch 511: average Loss: 0.015622
2026-04-24 10:35: Train Epoch 512: 0/74 Loss: 0.015001
2026-04-24 10:35: Train Epoch 512: 20/74 Loss: 0.003149
2026-04-24 10:35: Train Epoch 512: 40/74 Loss: 0.003821
2026-04-24 10:35: Train Epoch 512: 60/74 Loss: 0.005273
2026-04-24 10:35: **********Train Epoch 512: averaged Loss: 0.005542
2026-04-24 10:35: **********Val Epoch 512: average Loss: 0.008421
2026-04-24 10:35: Train Epoch 513: 0/74 Loss: 0.006137
2026-04-24 10:35: Train Epoch 513: 20/74 Loss: 0.003019
2026-04-24 10:35: Train Epoch 513: 40/74 Loss: 0.003755
2026-04-24 10:35: Train Epoch 513: 60/74 Loss: 0.007512
2026-04-24 10:35: **********Train Epoch 513: averaged Loss: 0.005202
2026-04-24 10:35: **********Val Epoch 513: average Loss: 0.005896
2026-04-24 10:35: Train Epoch 514: 0/74 Loss: 0.003067
2026-04-24 10:35: Train Epoch 514: 20/74 Loss: 0.004814
2026-04-24 10:35: Train Epoch 514: 40/74 Loss: 0.005369
2026-04-24 10:35: Train Epoch 514: 60/74 Loss: 0.008388
2026-04-24 10:35: **********Train Epoch 514: averaged Loss: 0.005834
2026-04-24 10:35: **********Val Epoch 514: average Loss: 0.006516
2026-04-24 10:35: Train Epoch 515: 0/74 Loss: 0.015431
2026-04-24 10:35: Train Epoch 515: 20/74 Loss: 0.007275
2026-04-24 10:35: Train Epoch 515: 40/74 Loss: 0.003945
2026-04-24 10:35: Train Epoch 515: 60/74 Loss: 0.010568
2026-04-24 10:35: **********Train Epoch 515: averaged Loss: 0.009051
2026-04-24 10:35: **********Val Epoch 515: average Loss: 0.017956
2026-04-24 10:35: Train Epoch 516: 0/74 Loss: 0.030148
2026-04-24 10:35: Train Epoch 516: 20/74 Loss: 0.002619
2026-04-24 10:35: Train Epoch 516: 40/74 Loss: 0.004766
2026-04-24 10:35: Train Epoch 516: 60/74 Loss: 0.016280
2026-04-24 10:35: **********Train Epoch 516: averaged Loss: 0.010989
2026-04-24 10:35: **********Val Epoch 516: average Loss: 0.015690
2026-04-24 10:35: Train Epoch 517: 0/74 Loss: 0.025598
2026-04-24 10:35: Train Epoch 517: 20/74 Loss: 0.006071
2026-04-24 10:35: Train Epoch 517: 40/74 Loss: 0.003383
2026-04-24 10:35: Train Epoch 517: 60/74 Loss: 0.025492
2026-04-24 10:35: **********Train Epoch 517: averaged Loss: 0.011540
2026-04-24 10:35: **********Val Epoch 517: average Loss: 0.020337
2026-04-24 10:35: Train Epoch 518: 0/74 Loss: 0.017434
2026-04-24 10:35: Train Epoch 518: 20/74 Loss: 0.002829
2026-04-24 10:35: Train Epoch 518: 40/74 Loss: 0.004842
2026-04-24 10:35: Train Epoch 518: 60/74 Loss: 0.006405
2026-04-24 10:35: **********Train Epoch 518: averaged Loss: 0.007598
2026-04-24 10:35: **********Val Epoch 518: average Loss: 0.023857
2026-04-24 10:35: Train Epoch 519: 0/74 Loss: 0.014517
2026-04-24 10:35: Train Epoch 519: 20/74 Loss: 0.002872
2026-04-24 10:36: Train Epoch 519: 40/74 Loss: 0.007080
2026-04-24 10:36: Train Epoch 519: 60/74 Loss: 0.010193
2026-04-24 10:36: **********Train Epoch 519: averaged Loss: 0.008517
2026-04-24 10:36: **********Val Epoch 519: average Loss: 0.010661
2026-04-24 10:36: Train Epoch 520: 0/74 Loss: 0.014378
2026-04-24 10:36: Train Epoch 520: 20/74 Loss: 0.003207
2026-04-24 10:36: Train Epoch 520: 40/74 Loss: 0.004345
2026-04-24 10:36: Train Epoch 520: 60/74 Loss: 0.009979
2026-04-24 10:36: **********Train Epoch 520: averaged Loss: 0.006113
2026-04-24 10:36: **********Val Epoch 520: average Loss: 0.006291
2026-04-24 10:36: Train Epoch 521: 0/74 Loss: 0.040359
2026-04-24 10:36: Train Epoch 521: 20/74 Loss: 0.003614
2026-04-24 10:36: Train Epoch 521: 40/74 Loss: 0.005552
2026-04-24 10:36: Train Epoch 521: 60/74 Loss: 0.004765
2026-04-24 10:36: **********Train Epoch 521: averaged Loss: 0.009092
2026-04-24 10:36: **********Val Epoch 521: average Loss: 0.005942
2026-04-24 10:36: Train Epoch 522: 0/74 Loss: 0.020945
2026-04-24 10:36: Train Epoch 522: 20/74 Loss: 0.004063
2026-04-24 10:36: Train Epoch 522: 40/74 Loss: 0.004027
2026-04-24 10:36: Train Epoch 522: 60/74 Loss: 0.005400
2026-04-24 10:36: **********Train Epoch 522: averaged Loss: 0.007665
2026-04-24 10:36: **********Val Epoch 522: average Loss: 0.006075
2026-04-24 10:36: Train Epoch 523: 0/74 Loss: 0.007387
2026-04-24 10:36: Train Epoch 523: 20/74 Loss: 0.002587
2026-04-24 10:36: Train Epoch 523: 40/74 Loss: 0.004112
2026-04-24 10:36: Train Epoch 523: 60/74 Loss: 0.008579
2026-04-24 10:36: **********Train Epoch 523: averaged Loss: 0.006055
2026-04-24 10:36: **********Val Epoch 523: average Loss: 0.017637
2026-04-24 10:36: Train Epoch 524: 0/74 Loss: 0.007652
2026-04-24 10:36: Train Epoch 524: 20/74 Loss: 0.002769
2026-04-24 10:36: Train Epoch 524: 40/74 Loss: 0.005020
2026-04-24 10:36: Train Epoch 524: 60/74 Loss: 0.015857
2026-04-24 10:36: **********Train Epoch 524: averaged Loss: 0.007324
2026-04-24 10:36: **********Val Epoch 524: average Loss: 0.013601
2026-04-24 10:36: Train Epoch 525: 0/74 Loss: 0.011776
2026-04-24 10:36: Train Epoch 525: 20/74 Loss: 0.002563
2026-04-24 10:36: Train Epoch 525: 40/74 Loss: 0.004402
2026-04-24 10:36: Train Epoch 525: 60/74 Loss: 0.024597
2026-04-24 10:36: **********Train Epoch 525: averaged Loss: 0.009273
2026-04-24 10:36: **********Val Epoch 525: average Loss: 0.014791
2026-04-24 10:36: Train Epoch 526: 0/74 Loss: 0.013120
2026-04-24 10:36: Train Epoch 526: 20/74 Loss: 0.002884
2026-04-24 10:36: Train Epoch 526: 40/74 Loss: 0.004349
2026-04-24 10:36: Train Epoch 526: 60/74 Loss: 0.006258
2026-04-24 10:36: **********Train Epoch 526: averaged Loss: 0.006733
2026-04-24 10:36: **********Val Epoch 526: average Loss: 0.021115
2026-04-24 10:36: Train Epoch 527: 0/74 Loss: 0.019411
2026-04-24 10:36: Train Epoch 527: 20/74 Loss: 0.002731
2026-04-24 10:36: Train Epoch 527: 40/74 Loss: 0.006172
2026-04-24 10:36: Train Epoch 527: 60/74 Loss: 0.006684
2026-04-24 10:36: **********Train Epoch 527: averaged Loss: 0.006850
2026-04-24 10:36: **********Val Epoch 527: average Loss: 0.021178
2026-04-24 10:36: Train Epoch 528: 0/74 Loss: 0.049602
2026-04-24 10:37: Train Epoch 528: 20/74 Loss: 0.003977
2026-04-24 10:37: Train Epoch 528: 40/74 Loss: 0.006205
2026-04-24 10:37: Train Epoch 528: 60/74 Loss: 0.010810
2026-04-24 10:37: **********Train Epoch 528: averaged Loss: 0.009558
2026-04-24 10:37: **********Val Epoch 528: average Loss: 0.018650
2026-04-24 10:37: Train Epoch 529: 0/74 Loss: 0.004778
2026-04-24 10:37: Train Epoch 529: 20/74 Loss: 0.002870
2026-04-24 10:37: Train Epoch 529: 40/74 Loss: 0.006063
2026-04-24 10:37: Train Epoch 529: 60/74 Loss: 0.010855
2026-04-24 10:37: **********Train Epoch 529: averaged Loss: 0.008553
2026-04-24 10:37: **********Val Epoch 529: average Loss: 0.010149
2026-04-24 10:37: Train Epoch 530: 0/74 Loss: 0.007903
2026-04-24 10:37: Train Epoch 530: 20/74 Loss: 0.003054
2026-04-24 10:37: Train Epoch 530: 40/74 Loss: 0.006935
2026-04-24 10:37: Train Epoch 530: 60/74 Loss: 0.016208
2026-04-24 10:37: **********Train Epoch 530: averaged Loss: 0.011895
2026-04-24 10:37: **********Val Epoch 530: average Loss: 0.006162
2026-04-24 10:37: Train Epoch 531: 0/74 Loss: 0.077200
2026-04-24 10:37: Train Epoch 531: 20/74 Loss: 0.012370
2026-04-24 10:37: Train Epoch 531: 40/74 Loss: 0.005156
2026-04-24 10:37: Train Epoch 531: 60/74 Loss: 0.025267
2026-04-24 10:37: **********Train Epoch 531: averaged Loss: 0.017162
2026-04-24 10:37: **********Val Epoch 531: average Loss: 0.007829
2026-04-24 10:37: Train Epoch 532: 0/74 Loss: 0.046677
2026-04-24 10:37: Train Epoch 532: 20/74 Loss: 0.005638
2026-04-24 10:37: Train Epoch 532: 40/74 Loss: 0.004690
2026-04-24 10:37: Train Epoch 532: 60/74 Loss: 0.025107
2026-04-24 10:37: **********Train Epoch 532: averaged Loss: 0.013250
2026-04-24 10:37: **********Val Epoch 532: average Loss: 0.008743
2026-04-24 10:37: Train Epoch 533: 0/74 Loss: 0.046334
2026-04-24 10:37: Train Epoch 533: 20/74 Loss: 0.004263
2026-04-24 10:37: Train Epoch 533: 40/74 Loss: 0.004800
2026-04-24 10:37: Train Epoch 533: 60/74 Loss: 0.021931
2026-04-24 10:37: **********Train Epoch 533: averaged Loss: 0.012995
2026-04-24 10:37: **********Val Epoch 533: average Loss: 0.010031
2026-04-24 10:37: Train Epoch 534: 0/74 Loss: 0.016269
2026-04-24 10:37: Train Epoch 534: 20/74 Loss: 0.003392
2026-04-24 10:37: Train Epoch 534: 40/74 Loss: 0.004632
2026-04-24 10:37: Train Epoch 534: 60/74 Loss: 0.020574
2026-04-24 10:37: **********Train Epoch 534: averaged Loss: 0.008295
2026-04-24 10:37: **********Val Epoch 534: average Loss: 0.009777
2026-04-24 10:37: Train Epoch 535: 0/74 Loss: 0.039745
2026-04-24 10:37: Train Epoch 535: 20/74 Loss: 0.002816
2026-04-24 10:37: Train Epoch 535: 40/74 Loss: 0.004743
2026-04-24 10:37: Train Epoch 535: 60/74 Loss: 0.015200
2026-04-24 10:37: **********Train Epoch 535: averaged Loss: 0.009614
2026-04-24 10:37: **********Val Epoch 535: average Loss: 0.008855
2026-04-24 10:37: Train Epoch 536: 0/74 Loss: 0.005222
2026-04-24 10:37: Train Epoch 536: 20/74 Loss: 0.002615
2026-04-24 10:37: Train Epoch 536: 40/74 Loss: 0.003549
2026-04-24 10:37: Train Epoch 536: 60/74 Loss: 0.013827
2026-04-24 10:37: **********Train Epoch 536: averaged Loss: 0.006664
2026-04-24 10:37: **********Val Epoch 536: average Loss: 0.009925
2026-04-24 10:37: Train Epoch 537: 0/74 Loss: 0.010836
2026-04-24 10:37: Train Epoch 537: 20/74 Loss: 0.003584
2026-04-24 10:38: Train Epoch 537: 40/74 Loss: 0.003799
2026-04-24 10:38: Train Epoch 537: 60/74 Loss: 0.020534
2026-04-24 10:38: **********Train Epoch 537: averaged Loss: 0.008300
2026-04-24 10:38: **********Val Epoch 537: average Loss: 0.008060
2026-04-24 10:38: Train Epoch 538: 0/74 Loss: 0.007736
2026-04-24 10:38: Train Epoch 538: 20/74 Loss: 0.002644
2026-04-24 10:38: Train Epoch 538: 40/74 Loss: 0.005215
2026-04-24 10:38: Train Epoch 538: 60/74 Loss: 0.030074
2026-04-24 10:38: **********Train Epoch 538: averaged Loss: 0.008894
2026-04-24 10:38: **********Val Epoch 538: average Loss: 0.017311
2026-04-24 10:38: Train Epoch 539: 0/74 Loss: 0.024735
2026-04-24 10:38: Train Epoch 539: 20/74 Loss: 0.002535
2026-04-24 10:38: Train Epoch 539: 40/74 Loss: 0.005285
2026-04-24 10:38: Train Epoch 539: 60/74 Loss: 0.020015
2026-04-24 10:38: **********Train Epoch 539: averaged Loss: 0.008058
2026-04-24 10:38: **********Val Epoch 539: average Loss: 0.008026
2026-04-24 10:38: Train Epoch 540: 0/74 Loss: 0.003591
2026-04-24 10:38: Train Epoch 540: 20/74 Loss: 0.002971
2026-04-24 10:38: Train Epoch 540: 40/74 Loss: 0.003778
2026-04-24 10:38: Train Epoch 540: 60/74 Loss: 0.023904
2026-04-24 10:38: **********Train Epoch 540: averaged Loss: 0.007279
2026-04-24 10:38: **********Val Epoch 540: average Loss: 0.008666
2026-04-24 10:38: Train Epoch 541: 0/74 Loss: 0.008379
2026-04-24 10:38: Train Epoch 541: 20/74 Loss: 0.003021
2026-04-24 10:38: Train Epoch 541: 40/74 Loss: 0.006235
2026-04-24 10:38: Train Epoch 541: 60/74 Loss: 0.029666
2026-04-24 10:38: **********Train Epoch 541: averaged Loss: 0.008665
2026-04-24 10:38: **********Val Epoch 541: average Loss: 0.017442
2026-04-24 10:38: Train Epoch 542: 0/74 Loss: 0.009224
2026-04-24 10:38: Train Epoch 542: 20/74 Loss: 0.004288
2026-04-24 10:38: Train Epoch 542: 40/74 Loss: 0.004287
2026-04-24 10:38: Train Epoch 542: 60/74 Loss: 0.026109
2026-04-24 10:38: **********Train Epoch 542: averaged Loss: 0.007981
2026-04-24 10:38: **********Val Epoch 542: average Loss: 0.015607
2026-04-24 10:38: Train Epoch 543: 0/74 Loss: 0.004427
2026-04-24 10:38: Train Epoch 543: 20/74 Loss: 0.003273
2026-04-24 10:38: Train Epoch 543: 40/74 Loss: 0.003863
2026-04-24 10:38: Train Epoch 543: 60/74 Loss: 0.029997
2026-04-24 10:38: **********Train Epoch 543: averaged Loss: 0.009313
2026-04-24 10:38: **********Val Epoch 543: average Loss: 0.027936
2026-04-24 10:38: Train Epoch 544: 0/74 Loss: 0.013241
2026-04-24 10:38: Train Epoch 544: 20/74 Loss: 0.002701
2026-04-24 10:38: Train Epoch 544: 40/74 Loss: 0.004682
2026-04-24 10:38: Train Epoch 544: 60/74 Loss: 0.013515
2026-04-24 10:38: **********Train Epoch 544: averaged Loss: 0.008073
2026-04-24 10:38: **********Val Epoch 544: average Loss: 0.007730
2026-04-24 10:38: Train Epoch 545: 0/74 Loss: 0.023730
2026-04-24 10:38: Train Epoch 545: 20/74 Loss: 0.006680
2026-04-24 10:38: Train Epoch 545: 40/74 Loss: 0.013293
2026-04-24 10:38: Train Epoch 545: 60/74 Loss: 0.019968
2026-04-24 10:38: **********Train Epoch 545: averaged Loss: 0.011079
2026-04-24 10:38: **********Val Epoch 545: average Loss: 0.009651
2026-04-24 10:38: Train Epoch 546: 0/74 Loss: 0.025999
2026-04-24 10:38: Train Epoch 546: 20/74 Loss: 0.008420
2026-04-24 10:39: Train Epoch 546: 40/74 Loss: 0.006852
2026-04-24 10:39: Train Epoch 546: 60/74 Loss: 0.025960
2026-04-24 10:39: **********Train Epoch 546: averaged Loss: 0.010895
2026-04-24 10:39: **********Val Epoch 546: average Loss: 0.010665
2026-04-24 10:39: Train Epoch 547: 0/74 Loss: 0.028427
2026-04-24 10:39: Train Epoch 547: 20/74 Loss: 0.007127
2026-04-24 10:39: Train Epoch 547: 40/74 Loss: 0.007250
2026-04-24 10:39: Train Epoch 547: 60/74 Loss: 0.036111
2026-04-24 10:39: **********Train Epoch 547: averaged Loss: 0.012244
2026-04-24 10:39: **********Val Epoch 547: average Loss: 0.036228
2026-04-24 10:39: Train Epoch 548: 0/74 Loss: 0.013946
2026-04-24 10:39: Train Epoch 548: 20/74 Loss: 0.006200
2026-04-24 10:39: Train Epoch 548: 40/74 Loss: 0.006835
2026-04-24 10:39: Train Epoch 548: 60/74 Loss: 0.011651
2026-04-24 10:39: **********Train Epoch 548: averaged Loss: 0.006869
2026-04-24 10:39: **********Val Epoch 548: average Loss: 0.008242
2026-04-24 10:39: Train Epoch 549: 0/74 Loss: 0.003180
2026-04-24 10:39: Train Epoch 549: 20/74 Loss: 0.002844
2026-04-24 10:39: Train Epoch 549: 40/74 Loss: 0.004585
2026-04-24 10:39: Train Epoch 549: 60/74 Loss: 0.006489
2026-04-24 10:39: **********Train Epoch 549: averaged Loss: 0.005474
2026-04-24 10:39: **********Val Epoch 549: average Loss: 0.006710
2026-04-24 10:39: Train Epoch 550: 0/74 Loss: 0.024247
2026-04-24 10:39: Train Epoch 550: 20/74 Loss: 0.007189
2026-04-24 10:39: Train Epoch 550: 40/74 Loss: 0.005017
2026-04-24 10:39: Train Epoch 550: 60/74 Loss: 0.012562
2026-04-24 10:39: **********Train Epoch 550: averaged Loss: 0.007613
2026-04-24 10:39: **********Val Epoch 550: average Loss: 0.005798
2026-04-24 10:39: Train Epoch 551: 0/74 Loss: 0.018661
2026-04-24 10:39: Train Epoch 551: 20/74 Loss: 0.002735
2026-04-24 10:39: Train Epoch 551: 40/74 Loss: 0.005737
2026-04-24 10:39: Train Epoch 551: 60/74 Loss: 0.007491
2026-04-24 10:39: **********Train Epoch 551: averaged Loss: 0.006934
2026-04-24 10:39: **********Val Epoch 551: average Loss: 0.009315
2026-04-24 10:39: Train Epoch 552: 0/74 Loss: 0.023924
2026-04-24 10:39: Train Epoch 552: 20/74 Loss: 0.008250
2026-04-24 10:39: Train Epoch 552: 40/74 Loss: 0.006321
2026-04-24 10:39: Train Epoch 552: 60/74 Loss: 0.022175
2026-04-24 10:39: **********Train Epoch 552: averaged Loss: 0.010279
2026-04-24 10:39: **********Val Epoch 552: average Loss: 0.010411
2026-04-24 10:39: Train Epoch 553: 0/74 Loss: 0.024034
2026-04-24 10:39: Train Epoch 553: 20/74 Loss: 0.002723
2026-04-24 10:39: Train Epoch 553: 40/74 Loss: 0.008508
2026-04-24 10:39: Train Epoch 553: 60/74 Loss: 0.034631
2026-04-24 10:39: **********Train Epoch 553: averaged Loss: 0.010542
2026-04-24 10:39: **********Val Epoch 553: average Loss: 0.022589
2026-04-24 10:39: Train Epoch 554: 0/74 Loss: 0.021023
2026-04-24 10:39: Train Epoch 554: 20/74 Loss: 0.002727
2026-04-24 10:39: Train Epoch 554: 40/74 Loss: 0.008651
2026-04-24 10:39: Train Epoch 554: 60/74 Loss: 0.022377
2026-04-24 10:39: **********Train Epoch 554: averaged Loss: 0.008654
2026-04-24 10:39: **********Val Epoch 554: average Loss: 0.009399
2026-04-24 10:39: Train Epoch 555: 0/74 Loss: 0.007641
2026-04-24 10:40: Train Epoch 555: 20/74 Loss: 0.004282
2026-04-24 10:40: Train Epoch 555: 40/74 Loss: 0.006942
2026-04-24 10:40: Train Epoch 555: 60/74 Loss: 0.017386
2026-04-24 10:40: **********Train Epoch 555: averaged Loss: 0.007001
2026-04-24 10:40: **********Val Epoch 555: average Loss: 0.008139
2026-04-24 10:40: Train Epoch 556: 0/74 Loss: 0.012464
2026-04-24 10:40: Train Epoch 556: 20/74 Loss: 0.002485
2026-04-24 10:40: Train Epoch 556: 40/74 Loss: 0.009856
2026-04-24 10:40: Train Epoch 556: 60/74 Loss: 0.021273
2026-04-24 10:40: **********Train Epoch 556: averaged Loss: 0.008693
2026-04-24 10:40: **********Val Epoch 556: average Loss: 0.009604
2026-04-24 10:40: Train Epoch 557: 0/74 Loss: 0.005842
2026-04-24 10:40: Train Epoch 557: 20/74 Loss: 0.004240
2026-04-24 10:40: Train Epoch 557: 40/74 Loss: 0.006935
2026-04-24 10:40: Train Epoch 557: 60/74 Loss: 0.027825
2026-04-24 10:40: **********Train Epoch 557: averaged Loss: 0.008880
2026-04-24 10:40: **********Val Epoch 557: average Loss: 0.025133
2026-04-24 10:40: Train Epoch 558: 0/74 Loss: 0.005328
2026-04-24 10:40: Train Epoch 558: 20/74 Loss: 0.004197
2026-04-24 10:40: Train Epoch 558: 40/74 Loss: 0.005538
2026-04-24 10:40: Train Epoch 558: 60/74 Loss: 0.019260
2026-04-24 10:40: **********Train Epoch 558: averaged Loss: 0.006478
2026-04-24 10:40: **********Val Epoch 558: average Loss: 0.010817
2026-04-24 10:40: Train Epoch 559: 0/74 Loss: 0.003370
2026-04-24 10:40: Train Epoch 559: 20/74 Loss: 0.004161
2026-04-24 10:40: Train Epoch 559: 40/74 Loss: 0.006229
2026-04-24 10:40: Train Epoch 559: 60/74 Loss: 0.012609
2026-04-24 10:40: **********Train Epoch 559: averaged Loss: 0.006086
2026-04-24 10:40: **********Val Epoch 559: average Loss: 0.010238
2026-04-24 10:40: Train Epoch 560: 0/74 Loss: 0.019150
2026-04-24 10:40: Train Epoch 560: 20/74 Loss: 0.003926
2026-04-24 10:40: Train Epoch 560: 40/74 Loss: 0.006478
2026-04-24 10:40: Train Epoch 560: 60/74 Loss: 0.018834
2026-04-24 10:40: **********Train Epoch 560: averaged Loss: 0.008924
2026-04-24 10:40: **********Val Epoch 560: average Loss: 0.008034
2026-04-24 10:40: Train Epoch 561: 0/74 Loss: 0.010367
2026-04-24 10:40: Train Epoch 561: 20/74 Loss: 0.002735
2026-04-24 10:40: Train Epoch 561: 40/74 Loss: 0.004539
2026-04-24 10:40: Train Epoch 561: 60/74 Loss: 0.029709
2026-04-24 10:40: **********Train Epoch 561: averaged Loss: 0.010438
2026-04-24 10:40: **********Val Epoch 561: average Loss: 0.038028
2026-04-24 10:40: Train Epoch 562: 0/74 Loss: 0.010509
2026-04-24 10:40: Train Epoch 562: 20/74 Loss: 0.003555
2026-04-24 10:40: Train Epoch 562: 40/74 Loss: 0.003616
2026-04-24 10:40: Train Epoch 562: 60/74 Loss: 0.012570
2026-04-24 10:40: **********Train Epoch 562: averaged Loss: 0.006428
2026-04-24 10:40: **********Val Epoch 562: average Loss: 0.011228
2026-04-24 10:40: Train Epoch 563: 0/74 Loss: 0.016761
2026-04-24 10:40: Train Epoch 563: 20/74 Loss: 0.004396
2026-04-24 10:40: Train Epoch 563: 40/74 Loss: 0.003987
2026-04-24 10:41: Train Epoch 563: 60/74 Loss: 0.007658
2026-04-24 10:41: **********Train Epoch 563: averaged Loss: 0.006529
2026-04-24 10:41: **********Val Epoch 563: average Loss: 0.006322
2026-04-24 10:41: Train Epoch 564: 0/74 Loss: 0.020293
2026-04-24 10:41: Train Epoch 564: 20/74 Loss: 0.002992
2026-04-24 10:41: Train Epoch 564: 40/74 Loss: 0.004671
2026-04-24 10:41: Train Epoch 564: 60/74 Loss: 0.015049
2026-04-24 10:41: **********Train Epoch 564: averaged Loss: 0.005915
2026-04-24 10:41: **********Val Epoch 564: average Loss: 0.006808
2026-04-24 10:41: Train Epoch 565: 0/74 Loss: 0.020458
2026-04-24 10:41: Train Epoch 565: 20/74 Loss: 0.002834
2026-04-24 10:41: Train Epoch 565: 40/74 Loss: 0.004424
2026-04-24 10:41: Train Epoch 565: 60/74 Loss: 0.013580
2026-04-24 10:41: **********Train Epoch 565: averaged Loss: 0.006669
2026-04-24 10:41: **********Val Epoch 565: average Loss: 0.007909
2026-04-24 10:41: Train Epoch 566: 0/74 Loss: 0.005791
2026-04-24 10:41: Train Epoch 566: 20/74 Loss: 0.003510
2026-04-24 10:41: Train Epoch 566: 40/74 Loss: 0.005226
2026-04-24 10:41: Train Epoch 566: 60/74 Loss: 0.014748
2026-04-24 10:41: **********Train Epoch 566: averaged Loss: 0.006814
2026-04-24 10:41: **********Val Epoch 566: average Loss: 0.010091
2026-04-24 10:41: Train Epoch 567: 0/74 Loss: 0.029403
2026-04-24 10:41: Train Epoch 567: 20/74 Loss: 0.004368
2026-04-24 10:41: Train Epoch 567: 40/74 Loss: 0.004372
2026-04-24 10:41: Train Epoch 567: 60/74 Loss: 0.018454
2026-04-24 10:41: **********Train Epoch 567: averaged Loss: 0.008394
2026-04-24 10:41: **********Val Epoch 567: average Loss: 0.009795
2026-04-24 10:41: Train Epoch 568: 0/74 Loss: 0.028041
2026-04-24 10:41: Train Epoch 568: 20/74 Loss: 0.004987
2026-04-24 10:41: Train Epoch 568: 40/74 Loss: 0.003702
2026-04-24 10:41: Train Epoch 568: 60/74 Loss: 0.009941
2026-04-24 10:41: **********Train Epoch 568: averaged Loss: 0.008393
2026-04-24 10:41: **********Val Epoch 568: average Loss: 0.007779
2026-04-24 10:41: Train Epoch 569: 0/74 Loss: 0.014915
2026-04-24 10:41: Train Epoch 569: 20/74 Loss: 0.005620
2026-04-24 10:41: Train Epoch 569: 40/74 Loss: 0.004463
2026-04-24 10:41: Train Epoch 569: 60/74 Loss: 0.008298
2026-04-24 10:41: **********Train Epoch 569: averaged Loss: 0.007701
2026-04-24 10:41: **********Val Epoch 569: average Loss: 0.007688
2026-04-24 10:41: Train Epoch 570: 0/74 Loss: 0.015395
2026-04-24 10:41: Train Epoch 570: 20/74 Loss: 0.002819
2026-04-24 10:41: Train Epoch 570: 40/74 Loss: 0.004978
2026-04-24 10:41: Train Epoch 570: 60/74 Loss: 0.019897
2026-04-24 10:41: **********Train Epoch 570: averaged Loss: 0.007824
2026-04-24 10:41: **********Val Epoch 570: average Loss: 0.011923
2026-04-24 10:41: Train Epoch 571: 0/74 Loss: 0.013829
2026-04-24 10:41: Train Epoch 571: 20/74 Loss: 0.006276
2026-04-24 10:41: Train Epoch 571: 40/74 Loss: 0.004971
2026-04-24 10:41: Train Epoch 571: 60/74 Loss: 0.022320
2026-04-24 10:41: **********Train Epoch 571: averaged Loss: 0.007290
2026-04-24 10:41: **********Val Epoch 571: average Loss: 0.010675
2026-04-24 10:41: Train Epoch 572: 0/74 Loss: 0.027013
2026-04-24 10:41: Train Epoch 572: 20/74 Loss: 0.006031
2026-04-24 10:41: Train Epoch 572: 40/74 Loss: 0.004183
2026-04-24 10:42: Train Epoch 572: 60/74 Loss: 0.011304
2026-04-24 10:42: **********Train Epoch 572: averaged Loss: 0.007272
2026-04-24 10:42: **********Val Epoch 572: average Loss: 0.011541
2026-04-24 10:42: Train Epoch 573: 0/74 Loss: 0.017607
2026-04-24 10:42: Train Epoch 573: 20/74 Loss: 0.003182
2026-04-24 10:42: Train Epoch 573: 40/74 Loss: 0.003816
2026-04-24 10:42: Train Epoch 573: 60/74 Loss: 0.014125
2026-04-24 10:42: **********Train Epoch 573: averaged Loss: 0.006415
2026-04-24 10:42: **********Val Epoch 573: average Loss: 0.008427
2026-04-24 10:42: Train Epoch 574: 0/74 Loss: 0.004022
2026-04-24 10:42: Train Epoch 574: 20/74 Loss: 0.003025
2026-04-24 10:42: Train Epoch 574: 40/74 Loss: 0.005451
2026-04-24 10:42: Train Epoch 574: 60/74 Loss: 0.016244
2026-04-24 10:42: **********Train Epoch 574: averaged Loss: 0.006206
2026-04-24 10:42: **********Val Epoch 574: average Loss: 0.009039
2026-04-24 10:42: Train Epoch 575: 0/74 Loss: 0.008922
2026-04-24 10:42: Train Epoch 575: 20/74 Loss: 0.002763
2026-04-24 10:42: Train Epoch 575: 40/74 Loss: 0.004160
2026-04-24 10:42: Train Epoch 575: 60/74 Loss: 0.020807
2026-04-24 10:42: **********Train Epoch 575: averaged Loss: 0.006789
2026-04-24 10:42: **********Val Epoch 575: average Loss: 0.012567
2026-04-24 10:42: Train Epoch 576: 0/74 Loss: 0.013395
2026-04-24 10:42: Train Epoch 576: 20/74 Loss: 0.004389
2026-04-24 10:42: Train Epoch 576: 40/74 Loss: 0.005703
2026-04-24 10:42: Train Epoch 576: 60/74 Loss: 0.021607
2026-04-24 10:42: **********Train Epoch 576: averaged Loss: 0.007012
2026-04-24 10:42: **********Val Epoch 576: average Loss: 0.009544
2026-04-24 10:42: Train Epoch 577: 0/74 Loss: 0.015813
2026-04-24 10:42: Train Epoch 577: 20/74 Loss: 0.002930
2026-04-24 10:42: Train Epoch 577: 40/74 Loss: 0.004245
2026-04-24 10:42: Train Epoch 577: 60/74 Loss: 0.013941
2026-04-24 10:42: **********Train Epoch 577: averaged Loss: 0.006963
2026-04-24 10:42: **********Val Epoch 577: average Loss: 0.009272
2026-04-24 10:42: Train Epoch 578: 0/74 Loss: 0.012993
2026-04-24 10:42: Train Epoch 578: 20/74 Loss: 0.002572
2026-04-24 10:42: Train Epoch 578: 40/74 Loss: 0.003792
2026-04-24 10:42: Train Epoch 578: 60/74 Loss: 0.012733
2026-04-24 10:42: **********Train Epoch 578: averaged Loss: 0.006220
2026-04-24 10:42: **********Val Epoch 578: average Loss: 0.009648
2026-04-24 10:42: Train Epoch 579: 0/74 Loss: 0.017354
2026-04-24 10:42: Train Epoch 579: 20/74 Loss: 0.002895
2026-04-24 10:42: Train Epoch 579: 40/74 Loss: 0.004902
2026-04-24 10:42: Train Epoch 579: 60/74 Loss: 0.018459
2026-04-24 10:42: **********Train Epoch 579: averaged Loss: 0.007061
2026-04-24 10:42: **********Val Epoch 579: average Loss: 0.011089
2026-04-24 10:42: Train Epoch 580: 0/74 Loss: 0.003076
2026-04-24 10:42: Train Epoch 580: 20/74 Loss: 0.002616
2026-04-24 10:42: Train Epoch 580: 40/74 Loss: 0.004314
2026-04-24 10:42: Train Epoch 580: 60/74 Loss: 0.021346
2026-04-24 10:42: **********Train Epoch 580: averaged Loss: 0.007077
2026-04-24 10:42: **********Val Epoch 580: average Loss: 0.013543
2026-04-24 10:42: Train Epoch 581: 0/74 Loss: 0.005730
2026-04-24 10:42: Train Epoch 581: 20/74 Loss: 0.005810
2026-04-24 10:43: Train Epoch 581: 40/74 Loss: 0.005082
2026-04-24 10:43: Train Epoch 581: 60/74 Loss: 0.029856
2026-04-24 10:43: **********Train Epoch 581: averaged Loss: 0.007878
2026-04-24 10:43: **********Val Epoch 581: average Loss: 0.017765
2026-04-24 10:43: Train Epoch 582: 0/74 Loss: 0.004035
2026-04-24 10:43: Train Epoch 582: 20/74 Loss: 0.003178
2026-04-24 10:43: Train Epoch 582: 40/74 Loss: 0.005312
2026-04-24 10:43: Train Epoch 582: 60/74 Loss: 0.025358
2026-04-24 10:43: **********Train Epoch 582: averaged Loss: 0.007119
2026-04-24 10:43: **********Val Epoch 582: average Loss: 0.016653
2026-04-24 10:43: Train Epoch 583: 0/74 Loss: 0.009681
2026-04-24 10:43: Train Epoch 583: 20/74 Loss: 0.003328
2026-04-24 10:43: Train Epoch 583: 40/74 Loss: 0.004072
2026-04-24 10:43: Train Epoch 583: 60/74 Loss: 0.022497
2026-04-24 10:43: **********Train Epoch 583: averaged Loss: 0.007332
2026-04-24 10:43: **********Val Epoch 583: average Loss: 0.014456
2026-04-24 10:43: Train Epoch 584: 0/74 Loss: 0.002662
2026-04-24 10:43: Train Epoch 584: 20/74 Loss: 0.002787
2026-04-24 10:43: Train Epoch 584: 40/74 Loss: 0.005774
2026-04-24 10:43: Train Epoch 584: 60/74 Loss: 0.022455
2026-04-24 10:43: **********Train Epoch 584: averaged Loss: 0.006686
2026-04-24 10:43: **********Val Epoch 584: average Loss: 0.018084
2026-04-24 10:43: Train Epoch 585: 0/74 Loss: 0.014272
2026-04-24 10:43: Train Epoch 585: 20/74 Loss: 0.005559
2026-04-24 10:43: Train Epoch 585: 40/74 Loss: 0.011389
2026-04-24 10:43: Train Epoch 585: 60/74 Loss: 0.026442
2026-04-24 10:43: **********Train Epoch 585: averaged Loss: 0.008682
2026-04-24 10:43: **********Val Epoch 585: average Loss: 0.015757
2026-04-24 10:43: Train Epoch 586: 0/74 Loss: 0.010318
2026-04-24 10:43: Train Epoch 586: 20/74 Loss: 0.003531
2026-04-24 10:43: Train Epoch 586: 40/74 Loss: 0.005701
2026-04-24 10:43: Train Epoch 586: 60/74 Loss: 0.015503
2026-04-24 10:43: **********Train Epoch 586: averaged Loss: 0.007156
2026-04-24 10:43: **********Val Epoch 586: average Loss: 0.014300
2026-04-24 10:43: Train Epoch 587: 0/74 Loss: 0.023027
2026-04-24 10:43: Train Epoch 587: 20/74 Loss: 0.007680
2026-04-24 10:43: Train Epoch 587: 40/74 Loss: 0.007676
2026-04-24 10:43: Train Epoch 587: 60/74 Loss: 0.023056
2026-04-24 10:43: **********Train Epoch 587: averaged Loss: 0.009540
2026-04-24 10:43: **********Val Epoch 587: average Loss: 0.017087
2026-04-24 10:43: Train Epoch 588: 0/74 Loss: 0.004533
2026-04-24 10:43: Train Epoch 588: 20/74 Loss: 0.003788
2026-04-24 10:43: Train Epoch 588: 40/74 Loss: 0.009109
2026-04-24 10:43: Train Epoch 588: 60/74 Loss: 0.023778
2026-04-24 10:43: **********Train Epoch 588: averaged Loss: 0.007912
2026-04-24 10:43: **********Val Epoch 588: average Loss: 0.015311
2026-04-24 10:43: Train Epoch 589: 0/74 Loss: 0.006901
2026-04-24 10:43: Train Epoch 589: 20/74 Loss: 0.002701
2026-04-24 10:43: Train Epoch 589: 40/74 Loss: 0.013440
2026-04-24 10:43: Train Epoch 589: 60/74 Loss: 0.036370
2026-04-24 10:43: **********Train Epoch 589: averaged Loss: 0.010073
2026-04-24 10:43: **********Val Epoch 589: average Loss: 0.022651
2026-04-24 10:43: Train Epoch 590: 0/74 Loss: 0.020910
2026-04-24 10:44: Train Epoch 590: 20/74 Loss: 0.002944
2026-04-24 10:44: Train Epoch 590: 40/74 Loss: 0.007983
2026-04-24 10:44: Train Epoch 590: 60/74 Loss: 0.025488
2026-04-24 10:44: **********Train Epoch 590: averaged Loss: 0.011070
2026-04-24 10:44: **********Val Epoch 590: average Loss: 0.038999
2026-04-24 10:44: Train Epoch 591: 0/74 Loss: 0.026681
2026-04-24 10:44: Train Epoch 591: 20/74 Loss: 0.004314
2026-04-24 10:44: Train Epoch 591: 40/74 Loss: 0.007603
2026-04-24 10:44: Train Epoch 591: 60/74 Loss: 0.010676
2026-04-24 10:44: **********Train Epoch 591: averaged Loss: 0.008841
2026-04-24 10:44: **********Val Epoch 591: average Loss: 0.018340
2026-04-24 10:44: Train Epoch 592: 0/74 Loss: 0.003881
2026-04-24 10:44: Train Epoch 592: 20/74 Loss: 0.003030
2026-04-24 10:44: Train Epoch 592: 40/74 Loss: 0.009552
2026-04-24 10:44: Train Epoch 592: 60/74 Loss: 0.013444
2026-04-24 10:44: **********Train Epoch 592: averaged Loss: 0.007290
2026-04-24 10:44: **********Val Epoch 592: average Loss: 0.009152
2026-04-24 10:44: Train Epoch 593: 0/74 Loss: 0.011473
2026-04-24 10:44: Train Epoch 593: 20/74 Loss: 0.004230
2026-04-24 10:44: Train Epoch 593: 40/74 Loss: 0.010810
2026-04-24 10:44: Train Epoch 593: 60/74 Loss: 0.006818
2026-04-24 10:44: **********Train Epoch 593: averaged Loss: 0.007987
2026-04-24 10:44: **********Val Epoch 593: average Loss: 0.013257
2026-04-24 10:44: Train Epoch 594: 0/74 Loss: 0.044471
2026-04-24 10:44: Train Epoch 594: 20/74 Loss: 0.003464
2026-04-24 10:44: Train Epoch 594: 40/74 Loss: 0.011483
2026-04-24 10:44: Train Epoch 594: 60/74 Loss: 0.006753
2026-04-24 10:44: **********Train Epoch 594: averaged Loss: 0.009685
2026-04-24 10:44: **********Val Epoch 594: average Loss: 0.016701
2026-04-24 10:44: Train Epoch 595: 0/74 Loss: 0.018866
2026-04-24 10:44: Train Epoch 595: 20/74 Loss: 0.002679
2026-04-24 10:44: Train Epoch 595: 40/74 Loss: 0.012609
2026-04-24 10:44: Train Epoch 595: 60/74 Loss: 0.009328
2026-04-24 10:44: **********Train Epoch 595: averaged Loss: 0.006194
2026-04-24 10:44: **********Val Epoch 595: average Loss: 0.016606
2026-04-24 10:44: Train Epoch 596: 0/74 Loss: 0.011055
2026-04-24 10:44: Train Epoch 596: 20/74 Loss: 0.002492
2026-04-24 10:44: Train Epoch 596: 40/74 Loss: 0.006363
2026-04-24 10:44: Train Epoch 596: 60/74 Loss: 0.007180
2026-04-24 10:44: **********Train Epoch 596: averaged Loss: 0.005574
2026-04-24 10:44: **********Val Epoch 596: average Loss: 0.018504
2026-04-24 10:44: Train Epoch 597: 0/74 Loss: 0.007124
2026-04-24 10:44: Train Epoch 597: 20/74 Loss: 0.002517
2026-04-24 10:44: Train Epoch 597: 40/74 Loss: 0.007202
2026-04-24 10:44: Train Epoch 597: 60/74 Loss: 0.007124
2026-04-24 10:44: **********Train Epoch 597: averaged Loss: 0.006301
2026-04-24 10:44: **********Val Epoch 597: average Loss: 0.023528
2026-04-24 10:44: Train Epoch 598: 0/74 Loss: 0.005071
2026-04-24 10:44: Train Epoch 598: 20/74 Loss: 0.012999
2026-04-24 10:44: Train Epoch 598: 40/74 Loss: 0.007710
2026-04-24 10:44: Train Epoch 598: 60/74 Loss: 0.009605
2026-04-24 10:45: **********Train Epoch 598: averaged Loss: 0.009163
2026-04-24 10:45: **********Val Epoch 598: average Loss: 0.017862
2026-04-24 10:45: Train Epoch 599: 0/74 Loss: 0.010823
2026-04-24 10:45: Train Epoch 599: 20/74 Loss: 0.007220
2026-04-24 10:45: Train Epoch 599: 40/74 Loss: 0.006542
2026-04-24 10:45: Train Epoch 599: 60/74 Loss: 0.008416
2026-04-24 10:45: **********Train Epoch 599: averaged Loss: 0.009366
2026-04-24 10:45: **********Val Epoch 599: average Loss: 0.020958
2026-04-24 10:45: Train Epoch 600: 0/74 Loss: 0.019896
2026-04-24 10:45: Train Epoch 600: 20/74 Loss: 0.002587
2026-04-24 10:45: Train Epoch 600: 40/74 Loss: 0.004860
2026-04-24 10:45: Train Epoch 600: 60/74 Loss: 0.017433
2026-04-24 10:45: **********Train Epoch 600: averaged Loss: 0.009467
2026-04-24 10:45: **********Val Epoch 600: average Loss: 0.010829
2026-04-24 10:45: Train Epoch 601: 0/74 Loss: 0.013261
2026-04-24 10:45: Train Epoch 601: 20/74 Loss: 0.003404
2026-04-24 10:45: Train Epoch 601: 40/74 Loss: 0.004788
2026-04-24 10:45: Train Epoch 601: 60/74 Loss: 0.020692
2026-04-24 10:45: **********Train Epoch 601: averaged Loss: 0.009143
2026-04-24 10:45: **********Val Epoch 601: average Loss: 0.026262
2026-04-24 10:45: Train Epoch 602: 0/74 Loss: 0.025384
2026-04-24 10:45: Train Epoch 602: 20/74 Loss: 0.003031
2026-04-24 10:45: Train Epoch 602: 40/74 Loss: 0.005241
2026-04-24 10:45: Train Epoch 602: 60/74 Loss: 0.009388
2026-04-24 10:45: **********Train Epoch 602: averaged Loss: 0.008671
2026-04-24 10:45: **********Val Epoch 602: average Loss: 0.013527
2026-04-24 10:45: Train Epoch 603: 0/74 Loss: 0.004989
2026-04-24 10:45: Train Epoch 603: 20/74 Loss: 0.004018
2026-04-24 10:45: Train Epoch 603: 40/74 Loss: 0.004131
2026-04-24 10:45: Train Epoch 603: 60/74 Loss: 0.021101
2026-04-24 10:45: **********Train Epoch 603: averaged Loss: 0.008165
2026-04-24 10:45: **********Val Epoch 603: average Loss: 0.026646
2026-04-24 10:45: Train Epoch 604: 0/74 Loss: 0.003588
2026-04-24 10:45: Train Epoch 604: 20/74 Loss: 0.002558
2026-04-24 10:45: Train Epoch 604: 40/74 Loss: 0.006260
2026-04-24 10:45: Train Epoch 604: 60/74 Loss: 0.006525
2026-04-24 10:45: **********Train Epoch 604: averaged Loss: 0.008499
2026-04-24 10:45: **********Val Epoch 604: average Loss: 0.009557
2026-04-24 10:45: Train Epoch 605: 0/74 Loss: 0.006773
2026-04-24 10:45: Train Epoch 605: 20/74 Loss: 0.007460
2026-04-24 10:45: Train Epoch 605: 40/74 Loss: 0.004399
2026-04-24 10:45: Train Epoch 605: 60/74 Loss: 0.011158
2026-04-24 10:45: **********Train Epoch 605: averaged Loss: 0.009280
2026-04-24 10:45: **********Val Epoch 605: average Loss: 0.013398
2026-04-24 10:45: Train Epoch 606: 0/74 Loss: 0.003146
2026-04-24 10:45: Train Epoch 606: 20/74 Loss: 0.003460
2026-04-24 10:45: Train Epoch 606: 40/74 Loss: 0.004970
2026-04-24 10:45: Train Epoch 606: 60/74 Loss: 0.007147
2026-04-24 10:45: **********Train Epoch 606: averaged Loss: 0.008223
2026-04-24 10:45: **********Val Epoch 606: average Loss: 0.015676
2026-04-24 10:45: Train Epoch 607: 0/74 Loss: 0.006428
2026-04-24 10:45: Train Epoch 607: 20/74 Loss: 0.005099
2026-04-24 10:46: Train Epoch 607: 40/74 Loss: 0.004147
2026-04-24 10:46: Train Epoch 607: 60/74 Loss: 0.005342
2026-04-24 10:46: **********Train Epoch 607: averaged Loss: 0.006902
2026-04-24 10:46: **********Val Epoch 607: average Loss: 0.010018
2026-04-24 10:46: Train Epoch 608: 0/74 Loss: 0.010691
2026-04-24 10:46: Train Epoch 608: 20/74 Loss: 0.002706
2026-04-24 10:46: Train Epoch 608: 40/74 Loss: 0.004511
2026-04-24 10:46: Train Epoch 608: 60/74 Loss: 0.007657
2026-04-24 10:46: **********Train Epoch 608: averaged Loss: 0.006213
2026-04-24 10:46: **********Val Epoch 608: average Loss: 0.011642
2026-04-24 10:46: Train Epoch 609: 0/74 Loss: 0.003103
2026-04-24 10:46: Train Epoch 609: 20/74 Loss: 0.007207
2026-04-24 10:46: Train Epoch 609: 40/74 Loss: 0.006551
2026-04-24 10:46: Train Epoch 609: 60/74 Loss: 0.004718
2026-04-24 10:46: **********Train Epoch 609: averaged Loss: 0.008162
2026-04-24 10:46: **********Val Epoch 609: average Loss: 0.013624
2026-04-24 10:46: Train Epoch 610: 0/74 Loss: 0.022326
2026-04-24 10:46: Train Epoch 610: 20/74 Loss: 0.014694
2026-04-24 10:46: Train Epoch 610: 40/74 Loss: 0.004263
2026-04-24 10:46: Train Epoch 610: 60/74 Loss: 0.006537
2026-04-24 10:46: **********Train Epoch 610: averaged Loss: 0.011306
2026-04-24 10:46: **********Val Epoch 610: average Loss: 0.016670
2026-04-24 10:46: Train Epoch 611: 0/74 Loss: 0.021460
2026-04-24 10:46: Train Epoch 611: 20/74 Loss: 0.005257
2026-04-24 10:46: Train Epoch 611: 40/74 Loss: 0.005114
2026-04-24 10:46: Train Epoch 611: 60/74 Loss: 0.006031
2026-04-24 10:46: **********Train Epoch 611: averaged Loss: 0.010697
2026-04-24 10:46: **********Val Epoch 611: average Loss: 0.018945
2026-04-24 10:46: Train Epoch 612: 0/74 Loss: 0.038943
2026-04-24 10:46: Train Epoch 612: 20/74 Loss: 0.012860
2026-04-24 10:46: Train Epoch 612: 40/74 Loss: 0.008749
2026-04-24 10:46: Train Epoch 612: 60/74 Loss: 0.007168
2026-04-24 10:46: **********Train Epoch 612: averaged Loss: 0.014573
2026-04-24 10:46: **********Val Epoch 612: average Loss: 0.023818
2026-04-24 10:46: Train Epoch 613: 0/74 Loss: 0.015880
2026-04-24 10:46: Train Epoch 613: 20/74 Loss: 0.004197
2026-04-24 10:46: Train Epoch 613: 40/74 Loss: 0.011453
2026-04-24 10:46: Train Epoch 613: 60/74 Loss: 0.014097
2026-04-24 10:46: **********Train Epoch 613: averaged Loss: 0.012901
2026-04-24 10:46: **********Val Epoch 613: average Loss: 0.024364
2026-04-24 10:46: Train Epoch 614: 0/74 Loss: 0.039321
2026-04-24 10:46: Train Epoch 614: 20/74 Loss: 0.012294
2026-04-24 10:46: Train Epoch 614: 40/74 Loss: 0.009155
2026-04-24 10:46: Train Epoch 614: 60/74 Loss: 0.009767
2026-04-24 10:46: **********Train Epoch 614: averaged Loss: 0.013013
2026-04-24 10:46: **********Val Epoch 614: average Loss: 0.009975
2026-04-24 10:46: Train Epoch 615: 0/74 Loss: 0.040186
2026-04-24 10:46: Train Epoch 615: 20/74 Loss: 0.008773
2026-04-24 10:46: Train Epoch 615: 40/74 Loss: 0.005667
2026-04-24 10:46: Train Epoch 615: 60/74 Loss: 0.009292
2026-04-24 10:46: **********Train Epoch 615: averaged Loss: 0.010071
2026-04-24 10:46: **********Val Epoch 615: average Loss: 0.011998
2026-04-24 10:46: Train Epoch 616: 0/74 Loss: 0.021470
2026-04-24 10:47: Train Epoch 616: 20/74 Loss: 0.011086
2026-04-24 10:47: Train Epoch 616: 40/74 Loss: 0.005315
2026-04-24 10:47: Train Epoch 616: 60/74 Loss: 0.006666
2026-04-24 10:47: **********Train Epoch 616: averaged Loss: 0.008433
2026-04-24 10:47: **********Val Epoch 616: average Loss: 0.006464
2026-04-24 10:47: Train Epoch 617: 0/74 Loss: 0.006870
2026-04-24 10:47: Train Epoch 617: 20/74 Loss: 0.002841
2026-04-24 10:47: Train Epoch 617: 40/74 Loss: 0.008947
2026-04-24 10:47: Train Epoch 617: 60/74 Loss: 0.006495
2026-04-24 10:47: **********Train Epoch 617: averaged Loss: 0.008482
2026-04-24 10:47: **********Val Epoch 617: average Loss: 0.011483
2026-04-24 10:47: Train Epoch 618: 0/74 Loss: 0.023183
2026-04-24 10:47: Train Epoch 618: 20/74 Loss: 0.007224
2026-04-24 10:47: Train Epoch 618: 40/74 Loss: 0.005458
2026-04-24 10:47: Train Epoch 618: 60/74 Loss: 0.007413
2026-04-24 10:47: **********Train Epoch 618: averaged Loss: 0.010372
2026-04-24 10:47: **********Val Epoch 618: average Loss: 0.012298
2026-04-24 10:47: Train Epoch 619: 0/74 Loss: 0.030862
2026-04-24 10:47: Train Epoch 619: 20/74 Loss: 0.003382
2026-04-24 10:47: Train Epoch 619: 40/74 Loss: 0.003702
2026-04-24 10:47: Train Epoch 619: 60/74 Loss: 0.024140
2026-04-24 10:47: **********Train Epoch 619: averaged Loss: 0.012314
2026-04-24 10:47: **********Val Epoch 619: average Loss: 0.021609
2026-04-24 10:47: Train Epoch 620: 0/74 Loss: 0.006971
2026-04-24 10:47: Train Epoch 620: 20/74 Loss: 0.002885
2026-04-24 10:47: Train Epoch 620: 40/74 Loss: 0.003717
2026-04-24 10:47: Train Epoch 620: 60/74 Loss: 0.006630
2026-04-24 10:47: **********Train Epoch 620: averaged Loss: 0.006680
2026-04-24 10:47: **********Val Epoch 620: average Loss: 0.015295
2026-04-24 10:47: Train Epoch 621: 0/74 Loss: 0.007870
2026-04-24 10:47: Train Epoch 621: 20/74 Loss: 0.002513
2026-04-24 10:47: Train Epoch 621: 40/74 Loss: 0.007611
2026-04-24 10:47: Train Epoch 621: 60/74 Loss: 0.009767
2026-04-24 10:47: **********Train Epoch 621: averaged Loss: 0.006214
2026-04-24 10:47: **********Val Epoch 621: average Loss: 0.016499
2026-04-24 10:47: Train Epoch 622: 0/74 Loss: 0.009426
2026-04-24 10:47: Train Epoch 622: 20/74 Loss: 0.003297
2026-04-24 10:47: Train Epoch 622: 40/74 Loss: 0.005206
2026-04-24 10:47: Train Epoch 622: 60/74 Loss: 0.006719
2026-04-24 10:47: **********Train Epoch 622: averaged Loss: 0.005317
2026-04-24 10:47: **********Val Epoch 622: average Loss: 0.007599
2026-04-24 10:47: Train Epoch 623: 0/74 Loss: 0.022531
2026-04-24 10:47: Train Epoch 623: 20/74 Loss: 0.002665
2026-04-24 10:47: Train Epoch 623: 40/74 Loss: 0.004589
2026-04-24 10:47: Train Epoch 623: 60/74 Loss: 0.005565
2026-04-24 10:47: **********Train Epoch 623: averaged Loss: 0.005579
2026-04-24 10:47: **********Val Epoch 623: average Loss: 0.008482
2026-04-24 10:47: Train Epoch 624: 0/74 Loss: 0.007851
2026-04-24 10:47: Train Epoch 624: 20/74 Loss: 0.003316
2026-04-24 10:47: Train Epoch 624: 40/74 Loss: 0.004221
2026-04-24 10:47: Train Epoch 624: 60/74 Loss: 0.006246
2026-04-24 10:48: **********Train Epoch 624: averaged Loss: 0.004575
2026-04-24 10:48: **********Val Epoch 624: average Loss: 0.006378
2026-04-24 10:48: Train Epoch 625: 0/74 Loss: 0.007969
2026-04-24 10:48: Train Epoch 625: 20/74 Loss: 0.002575
2026-04-24 10:48: Train Epoch 625: 40/74 Loss: 0.005366
2026-04-24 10:48: Train Epoch 625: 60/74 Loss: 0.006774
2026-04-24 10:48: **********Train Epoch 625: averaged Loss: 0.006014
2026-04-24 10:48: **********Val Epoch 625: average Loss: 0.009188
2026-04-24 10:48: Train Epoch 626: 0/74 Loss: 0.009587
2026-04-24 10:48: Train Epoch 626: 20/74 Loss: 0.002583
2026-04-24 10:48: Train Epoch 626: 40/74 Loss: 0.003993
2026-04-24 10:48: Train Epoch 626: 60/74 Loss: 0.005134
2026-04-24 10:48: **********Train Epoch 626: averaged Loss: 0.004611
2026-04-24 10:48: **********Val Epoch 626: average Loss: 0.005762
2026-04-24 10:48: Train Epoch 627: 0/74 Loss: 0.008038
2026-04-24 10:48: Train Epoch 627: 20/74 Loss: 0.002520
2026-04-24 10:48: Train Epoch 627: 40/74 Loss: 0.004122
2026-04-24 10:48: Train Epoch 627: 60/74 Loss: 0.005251
2026-04-24 10:48: **********Train Epoch 627: averaged Loss: 0.005768
2026-04-24 10:48: **********Val Epoch 627: average Loss: 0.007512
2026-04-24 10:48: Train Epoch 628: 0/74 Loss: 0.019656
2026-04-24 10:48: Train Epoch 628: 20/74 Loss: 0.002436
2026-04-24 10:48: Train Epoch 628: 40/74 Loss: 0.006362
2026-04-24 10:48: Train Epoch 628: 60/74 Loss: 0.004929
2026-04-24 10:48: **********Train Epoch 628: averaged Loss: 0.007836
2026-04-24 10:48: **********Val Epoch 628: average Loss: 0.007755
2026-04-24 10:48: Train Epoch 629: 0/74 Loss: 0.005415
2026-04-24 10:48: Train Epoch 629: 20/74 Loss: 0.002828
2026-04-24 10:48: Train Epoch 629: 40/74 Loss: 0.009672
2026-04-24 10:48: Train Epoch 629: 60/74 Loss: 0.007370
2026-04-24 10:48: **********Train Epoch 629: averaged Loss: 0.007848
2026-04-24 10:48: **********Val Epoch 629: average Loss: 0.004969
2026-04-24 10:48: *********************************Current best model saved!
2026-04-24 10:48: Train Epoch 630: 0/74 Loss: 0.025357
2026-04-24 10:48: Train Epoch 630: 20/74 Loss: 0.009036
2026-04-24 10:48: Train Epoch 630: 40/74 Loss: 0.004060
2026-04-24 10:48: Train Epoch 630: 60/74 Loss: 0.006357
2026-04-24 10:48: **********Train Epoch 630: averaged Loss: 0.010309
2026-04-24 10:48: **********Val Epoch 630: average Loss: 0.014488
2026-04-24 10:48: Train Epoch 631: 0/74 Loss: 0.046338
2026-04-24 10:48: Train Epoch 631: 20/74 Loss: 0.008994
2026-04-24 10:48: Train Epoch 631: 40/74 Loss: 0.003854
2026-04-24 10:48: Train Epoch 631: 60/74 Loss: 0.008835
2026-04-24 10:48: **********Train Epoch 631: averaged Loss: 0.012389
2026-04-24 10:48: **********Val Epoch 631: average Loss: 0.016977
2026-04-24 10:48: Train Epoch 632: 0/74 Loss: 0.043671
2026-04-24 10:48: Train Epoch 632: 20/74 Loss: 0.002762
2026-04-24 10:48: Train Epoch 632: 40/74 Loss: 0.005259
2026-04-24 10:48: Train Epoch 632: 60/74 Loss: 0.028098
2026-04-24 10:48: **********Train Epoch 632: averaged Loss: 0.013205
2026-04-24 10:48: **********Val Epoch 632: average Loss: 0.011352
2026-04-24 10:48: Train Epoch 633: 0/74 Loss: 0.009173
2026-04-24 10:48: Train Epoch 633: 20/74 Loss: 0.003823
2026-04-24 10:49: Train Epoch 633: 40/74 Loss: 0.004044
2026-04-24 10:49: Train Epoch 633: 60/74 Loss: 0.029061
2026-04-24 10:49: **********Train Epoch 633: averaged Loss: 0.011314
2026-04-24 10:49: **********Val Epoch 633: average Loss: 0.017824
2026-04-24 10:49: Train Epoch 634: 0/74 Loss: 0.036309
2026-04-24 10:49: Train Epoch 634: 20/74 Loss: 0.007559
2026-04-24 10:49: Train Epoch 634: 40/74 Loss: 0.004191
2026-04-24 10:49: Train Epoch 634: 60/74 Loss: 0.007659
2026-04-24 10:49: **********Train Epoch 634: averaged Loss: 0.008118
2026-04-24 10:49: **********Val Epoch 634: average Loss: 0.014842
2026-04-24 10:49: Train Epoch 635: 0/74 Loss: 0.031940
2026-04-24 10:49: Train Epoch 635: 20/74 Loss: 0.005103
2026-04-24 10:49: Train Epoch 635: 40/74 Loss: 0.007027
2026-04-24 10:49: Train Epoch 635: 60/74 Loss: 0.012551
2026-04-24 10:49: **********Train Epoch 635: averaged Loss: 0.007942
2026-04-24 10:49: **********Val Epoch 635: average Loss: 0.014327
2026-04-24 10:49: Train Epoch 636: 0/74 Loss: 0.020391
2026-04-24 10:49: Train Epoch 636: 20/74 Loss: 0.002678
2026-04-24 10:49: Train Epoch 636: 40/74 Loss: 0.003765
2026-04-24 10:49: Train Epoch 636: 60/74 Loss: 0.005478
2026-04-24 10:49: **********Train Epoch 636: averaged Loss: 0.005179
2026-04-24 10:49: **********Val Epoch 636: average Loss: 0.009711
2026-04-24 10:49: Train Epoch 637: 0/74 Loss: 0.025538
2026-04-24 10:49: Train Epoch 637: 20/74 Loss: 0.007736
2026-04-24 10:49: Train Epoch 637: 40/74 Loss: 0.003966
2026-04-24 10:49: Train Epoch 637: 60/74 Loss: 0.004862
2026-04-24 10:49: **********Train Epoch 637: averaged Loss: 0.006681
2026-04-24 10:49: **********Val Epoch 637: average Loss: 0.010291
2026-04-24 10:49: Train Epoch 638: 0/74 Loss: 0.007788
2026-04-24 10:49: Train Epoch 638: 20/74 Loss: 0.002772
2026-04-24 10:49: Train Epoch 638: 40/74 Loss: 0.004207
2026-04-24 10:49: Train Epoch 638: 60/74 Loss: 0.004789
2026-04-24 10:49: **********Train Epoch 638: averaged Loss: 0.005064
2026-04-24 10:49: **********Val Epoch 638: average Loss: 0.005703
2026-04-24 10:49: Train Epoch 639: 0/74 Loss: 0.002745
2026-04-24 10:49: Train Epoch 639: 20/74 Loss: 0.003548
2026-04-24 10:49: Train Epoch 639: 40/74 Loss: 0.003764
2026-04-24 10:49: Train Epoch 639: 60/74 Loss: 0.005309
2026-04-24 10:49: **********Train Epoch 639: averaged Loss: 0.006447
2026-04-24 10:49: **********Val Epoch 639: average Loss: 0.007529
2026-04-24 10:49: Train Epoch 640: 0/74 Loss: 0.024717
2026-04-24 10:49: Train Epoch 640: 20/74 Loss: 0.003179
2026-04-24 10:49: Train Epoch 640: 40/74 Loss: 0.004056
2026-04-24 10:49: Train Epoch 640: 60/74 Loss: 0.005791
2026-04-24 10:49: **********Train Epoch 640: averaged Loss: 0.008164
2026-04-24 10:49: **********Val Epoch 640: average Loss: 0.008446
2026-04-24 10:49: Train Epoch 641: 0/74 Loss: 0.028669
2026-04-24 10:49: Train Epoch 641: 20/74 Loss: 0.004877
2026-04-24 10:49: Train Epoch 641: 40/74 Loss: 0.004080
2026-04-24 10:49: Train Epoch 641: 60/74 Loss: 0.007908
2026-04-24 10:49: **********Train Epoch 641: averaged Loss: 0.009330
2026-04-24 10:49: **********Val Epoch 641: average Loss: 0.011514
2026-04-24 10:49: Train Epoch 642: 0/74 Loss: 0.034858
2026-04-24 10:50: Train Epoch 642: 20/74 Loss: 0.003136
2026-04-24 10:50: Train Epoch 642: 40/74 Loss: 0.004706
2026-04-24 10:50: Train Epoch 642: 60/74 Loss: 0.018450
2026-04-24 10:50: **********Train Epoch 642: averaged Loss: 0.009838
2026-04-24 10:50: **********Val Epoch 642: average Loss: 0.013097
2026-04-24 10:50: Train Epoch 643: 0/74 Loss: 0.005177
2026-04-24 10:50: Train Epoch 643: 20/74 Loss: 0.003505
2026-04-24 10:50: Train Epoch 643: 40/74 Loss: 0.006902
2026-04-24 10:50: Train Epoch 643: 60/74 Loss: 0.014539
2026-04-24 10:50: **********Train Epoch 643: averaged Loss: 0.007579
2026-04-24 10:50: **********Val Epoch 643: average Loss: 0.012917
2026-04-24 10:50: Train Epoch 644: 0/74 Loss: 0.013306
2026-04-24 10:50: Train Epoch 644: 20/74 Loss: 0.002642
2026-04-24 10:50: Train Epoch 644: 40/74 Loss: 0.008416
2026-04-24 10:50: Train Epoch 644: 60/74 Loss: 0.007506
2026-04-24 10:50: **********Train Epoch 644: averaged Loss: 0.006677
2026-04-24 10:50: **********Val Epoch 644: average Loss: 0.006178
2026-04-24 10:50: Train Epoch 645: 0/74 Loss: 0.028874
2026-04-24 10:50: Train Epoch 645: 20/74 Loss: 0.005984
2026-04-24 10:50: Train Epoch 645: 40/74 Loss: 0.006820
2026-04-24 10:50: Train Epoch 645: 60/74 Loss: 0.007562
2026-04-24 10:50: **********Train Epoch 645: averaged Loss: 0.007365
2026-04-24 10:50: **********Val Epoch 645: average Loss: 0.017837
2026-04-24 10:50: Train Epoch 646: 0/74 Loss: 0.031319
2026-04-24 10:50: Train Epoch 646: 20/74 Loss: 0.005107
2026-04-24 10:50: Train Epoch 646: 40/74 Loss: 0.004242
2026-04-24 10:50: Train Epoch 646: 60/74 Loss: 0.007553
2026-04-24 10:50: **********Train Epoch 646: averaged Loss: 0.006684
2026-04-24 10:50: **********Val Epoch 646: average Loss: 0.022541
2026-04-24 10:50: Train Epoch 647: 0/74 Loss: 0.006914
2026-04-24 10:50: Train Epoch 647: 20/74 Loss: 0.002779
2026-04-24 10:50: Train Epoch 647: 40/74 Loss: 0.005274
2026-04-24 10:50: Train Epoch 647: 60/74 Loss: 0.006963
2026-04-24 10:50: **********Train Epoch 647: averaged Loss: 0.006250
2026-04-24 10:50: **********Val Epoch 647: average Loss: 0.022053
2026-04-24 10:50: Train Epoch 648: 0/74 Loss: 0.014064
2026-04-24 10:50: Train Epoch 648: 20/74 Loss: 0.002610
2026-04-24 10:50: Train Epoch 648: 40/74 Loss: 0.006954
2026-04-24 10:50: Train Epoch 648: 60/74 Loss: 0.017919
2026-04-24 10:50: **********Train Epoch 648: averaged Loss: 0.012417
2026-04-24 10:50: **********Val Epoch 648: average Loss: 0.008948
2026-04-24 10:50: Train Epoch 649: 0/74 Loss: 0.053451
2026-04-24 10:50: Train Epoch 649: 20/74 Loss: 0.013967
2026-04-24 10:50: Train Epoch 649: 40/74 Loss: 0.007943
2026-04-24 10:50: Train Epoch 649: 60/74 Loss: 0.017331
2026-04-24 10:50: **********Train Epoch 649: averaged Loss: 0.015305
2026-04-24 10:50: **********Val Epoch 649: average Loss: 0.009669
2026-04-24 10:50: Train Epoch 650: 0/74 Loss: 0.050192
2026-04-24 10:50: Train Epoch 650: 20/74 Loss: 0.008913
2026-04-24 10:50: Train Epoch 650: 40/74 Loss: 0.005369
2026-04-24 10:50: Train Epoch 650: 60/74 Loss: 0.025942
2026-04-24 10:51: **********Train Epoch 650: averaged Loss: 0.014405
2026-04-24 10:51: **********Val Epoch 650: average Loss: 0.014991
2026-04-24 10:51: Train Epoch 651: 0/74 Loss: 0.051628
2026-04-24 10:51: Train Epoch 651: 20/74 Loss: 0.014508
2026-04-24 10:51: Train Epoch 651: 40/74 Loss: 0.004941
2026-04-24 10:51: Train Epoch 651: 60/74 Loss: 0.017267
2026-04-24 10:51: **********Train Epoch 651: averaged Loss: 0.012398
2026-04-24 10:51: **********Val Epoch 651: average Loss: 0.007683
2026-04-24 10:51: Train Epoch 652: 0/74 Loss: 0.013746
2026-04-24 10:51: Train Epoch 652: 20/74 Loss: 0.002631
2026-04-24 10:51: Train Epoch 652: 40/74 Loss: 0.005277
2026-04-24 10:51: Train Epoch 652: 60/74 Loss: 0.020181
2026-04-24 10:51: **********Train Epoch 652: averaged Loss: 0.009336
2026-04-24 10:51: **********Val Epoch 652: average Loss: 0.007467
2026-04-24 10:51: Train Epoch 653: 0/74 Loss: 0.021059
2026-04-24 10:51: Train Epoch 653: 20/74 Loss: 0.002892
2026-04-24 10:51: Train Epoch 653: 40/74 Loss: 0.005337
2026-04-24 10:51: Train Epoch 653: 60/74 Loss: 0.021081
2026-04-24 10:51: **********Train Epoch 653: averaged Loss: 0.008767
2026-04-24 10:51: **********Val Epoch 653: average Loss: 0.007874
2026-04-24 10:51: Train Epoch 654: 0/74 Loss: 0.020729
2026-04-24 10:51: Train Epoch 654: 20/74 Loss: 0.002485
2026-04-24 10:51: Train Epoch 654: 40/74 Loss: 0.005439
2026-04-24 10:51: Train Epoch 654: 60/74 Loss: 0.025663
2026-04-24 10:51: **********Train Epoch 654: averaged Loss: 0.009145
2026-04-24 10:51: **********Val Epoch 654: average Loss: 0.010204
2026-04-24 10:51: Train Epoch 655: 0/74 Loss: 0.006969
2026-04-24 10:51: Train Epoch 655: 20/74 Loss: 0.002381
2026-04-24 10:51: Train Epoch 655: 40/74 Loss: 0.004615
2026-04-24 10:51: Train Epoch 655: 60/74 Loss: 0.027490
2026-04-24 10:51: **********Train Epoch 655: averaged Loss: 0.008818
2026-04-24 10:51: **********Val Epoch 655: average Loss: 0.015722
2026-04-24 10:51: Train Epoch 656: 0/74 Loss: 0.007055
2026-04-24 10:51: Train Epoch 656: 20/74 Loss: 0.002479
2026-04-24 10:51: Train Epoch 656: 40/74 Loss: 0.004954
2026-04-24 10:51: Train Epoch 656: 60/74 Loss: 0.023546
2026-04-24 10:51: **********Train Epoch 656: averaged Loss: 0.008181
2026-04-24 10:51: **********Val Epoch 656: average Loss: 0.010330
2026-04-24 10:51: Train Epoch 657: 0/74 Loss: 0.018979
2026-04-24 10:51: Train Epoch 657: 20/74 Loss: 0.006028
2026-04-24 10:51: Train Epoch 657: 40/74 Loss: 0.009802
2026-04-24 10:51: Train Epoch 657: 60/74 Loss: 0.024670
2026-04-24 10:51: **********Train Epoch 657: averaged Loss: 0.009714
2026-04-24 10:51: **********Val Epoch 657: average Loss: 0.011254
2026-04-24 10:51: Train Epoch 658: 0/74 Loss: 0.021015
2026-04-24 10:51: Train Epoch 658: 20/74 Loss: 0.004224
2026-04-24 10:51: Train Epoch 658: 40/74 Loss: 0.013322
2026-04-24 10:51: Train Epoch 658: 60/74 Loss: 0.038836
2026-04-24 10:51: **********Train Epoch 658: averaged Loss: 0.012937
2026-04-24 10:51: **********Val Epoch 658: average Loss: 0.035139
2026-04-24 10:51: Train Epoch 659: 0/74 Loss: 0.018529
2026-04-24 10:51: Train Epoch 659: 20/74 Loss: 0.002615
2026-04-24 10:51: Train Epoch 659: 40/74 Loss: 0.016181
2026-04-24 10:52: Train Epoch 659: 60/74 Loss: 0.017934
2026-04-24 10:52: **********Train Epoch 659: averaged Loss: 0.009377
2026-04-24 10:52: **********Val Epoch 659: average Loss: 0.010490
2026-04-24 10:52: Train Epoch 660: 0/74 Loss: 0.048739
2026-04-24 10:52: Train Epoch 660: 20/74 Loss: 0.002818
2026-04-24 10:52: Train Epoch 660: 40/74 Loss: 0.010104
2026-04-24 10:52: Train Epoch 660: 60/74 Loss: 0.013448
2026-04-24 10:52: **********Train Epoch 660: averaged Loss: 0.009882
2026-04-24 10:52: **********Val Epoch 660: average Loss: 0.009844
2026-04-24 10:52: Train Epoch 661: 0/74 Loss: 0.018010
2026-04-24 10:52: Train Epoch 661: 20/74 Loss: 0.002997
2026-04-24 10:52: Train Epoch 661: 40/74 Loss: 0.007343
2026-04-24 10:52: Train Epoch 661: 60/74 Loss: 0.008402
2026-04-24 10:52: **********Train Epoch 661: averaged Loss: 0.005502
2026-04-24 10:52: **********Val Epoch 661: average Loss: 0.011383
2026-04-24 10:52: Train Epoch 662: 0/74 Loss: 0.018993
2026-04-24 10:52: Train Epoch 662: 20/74 Loss: 0.002394
2026-04-24 10:52: Train Epoch 662: 40/74 Loss: 0.009223
2026-04-24 10:52: Train Epoch 662: 60/74 Loss: 0.009117
2026-04-24 10:52: **********Train Epoch 662: averaged Loss: 0.005653
2026-04-24 10:52: **********Val Epoch 662: average Loss: 0.007822
2026-04-24 10:52: Train Epoch 663: 0/74 Loss: 0.007059
2026-04-24 10:52: Train Epoch 663: 20/74 Loss: 0.002747
2026-04-24 10:52: Train Epoch 663: 40/74 Loss: 0.009371
2026-04-24 10:52: Train Epoch 663: 60/74 Loss: 0.009767
2026-04-24 10:52: **********Train Epoch 663: averaged Loss: 0.005638
2026-04-24 10:52: **********Val Epoch 663: average Loss: 0.006160
2026-04-24 10:52: Train Epoch 664: 0/74 Loss: 0.003390
2026-04-24 10:52: Train Epoch 664: 20/74 Loss: 0.003386
2026-04-24 10:52: Train Epoch 664: 40/74 Loss: 0.009950
2026-04-24 10:52: Train Epoch 664: 60/74 Loss: 0.007491
2026-04-24 10:52: **********Train Epoch 664: averaged Loss: 0.006174
2026-04-24 10:52: **********Val Epoch 664: average Loss: 0.005641
2026-04-24 10:52: Train Epoch 665: 0/74 Loss: 0.015503
2026-04-24 10:52: Train Epoch 665: 20/74 Loss: 0.002581
2026-04-24 10:52: Train Epoch 665: 40/74 Loss: 0.006185
2026-04-24 10:52: Train Epoch 665: 60/74 Loss: 0.007841
2026-04-24 10:52: **********Train Epoch 665: averaged Loss: 0.005569
2026-04-24 10:52: **********Val Epoch 665: average Loss: 0.005573
2026-04-24 10:52: Train Epoch 666: 0/74 Loss: 0.032559
2026-04-24 10:52: Train Epoch 666: 20/74 Loss: 0.005267
2026-04-24 10:52: Train Epoch 666: 40/74 Loss: 0.009505
2026-04-24 10:52: Train Epoch 666: 60/74 Loss: 0.012586
2026-04-24 10:52: **********Train Epoch 666: averaged Loss: 0.007749
2026-04-24 10:52: **********Val Epoch 666: average Loss: 0.008464
2026-04-24 10:52: Train Epoch 667: 0/74 Loss: 0.031486
2026-04-24 10:52: Train Epoch 667: 20/74 Loss: 0.013486
2026-04-24 10:52: Train Epoch 667: 40/74 Loss: 0.005980
2026-04-24 10:52: Train Epoch 667: 60/74 Loss: 0.017665
2026-04-24 10:52: **********Train Epoch 667: averaged Loss: 0.012097
2026-04-24 10:52: **********Val Epoch 667: average Loss: 0.008663
2026-04-24 10:52: Train Epoch 668: 0/74 Loss: 0.042576
2026-04-24 10:52: Train Epoch 668: 20/74 Loss: 0.012099
2026-04-24 10:52: Train Epoch 668: 40/74 Loss: 0.005242
2026-04-24 10:53: Train Epoch 668: 60/74 Loss: 0.019475
2026-04-24 10:53: **********Train Epoch 668: averaged Loss: 0.012790
2026-04-24 10:53: **********Val Epoch 668: average Loss: 0.007727
2026-04-24 10:53: Train Epoch 669: 0/74 Loss: 0.048760
2026-04-24 10:53: Train Epoch 669: 20/74 Loss: 0.013732
2026-04-24 10:53: Train Epoch 669: 40/74 Loss: 0.008699
2026-04-24 10:53: Train Epoch 669: 60/74 Loss: 0.023615
2026-04-24 10:53: **********Train Epoch 669: averaged Loss: 0.015654
2026-04-24 10:53: **********Val Epoch 669: average Loss: 0.008255
2026-04-24 10:53: Train Epoch 670: 0/74 Loss: 0.050039
2026-04-24 10:53: Train Epoch 670: 20/74 Loss: 0.012327
2026-04-24 10:53: Train Epoch 670: 40/74 Loss: 0.004078
2026-04-24 10:53: Train Epoch 670: 60/74 Loss: 0.029834
2026-04-24 10:53: **********Train Epoch 670: averaged Loss: 0.013579
2026-04-24 10:53: **********Val Epoch 670: average Loss: 0.017294
2026-04-24 10:53: Train Epoch 671: 0/74 Loss: 0.029617
2026-04-24 10:53: Train Epoch 671: 20/74 Loss: 0.002449
2026-04-24 10:53: Train Epoch 671: 40/74 Loss: 0.003703
2026-04-24 10:53: Train Epoch 671: 60/74 Loss: 0.027864
2026-04-24 10:53: **********Train Epoch 671: averaged Loss: 0.008141
2026-04-24 10:53: **********Val Epoch 671: average Loss: 0.009663
2026-04-24 10:53: Train Epoch 672: 0/74 Loss: 0.002777
2026-04-24 10:53: Train Epoch 672: 20/74 Loss: 0.005136
2026-04-24 10:53: Train Epoch 672: 40/74 Loss: 0.008515
2026-04-24 10:53: Train Epoch 672: 60/74 Loss: 0.009541
2026-04-24 10:53: **********Train Epoch 672: averaged Loss: 0.006258
2026-04-24 10:53: **********Val Epoch 672: average Loss: 0.013810
2026-04-24 10:53: Train Epoch 673: 0/74 Loss: 0.025401
2026-04-24 10:53: Train Epoch 673: 20/74 Loss: 0.007038
2026-04-24 10:53: Train Epoch 673: 40/74 Loss: 0.004826
2026-04-24 10:53: Train Epoch 673: 60/74 Loss: 0.007183
2026-04-24 10:53: **********Train Epoch 673: averaged Loss: 0.007173
2026-04-24 10:53: **********Val Epoch 673: average Loss: 0.020418
2026-04-24 10:53: Train Epoch 674: 0/74 Loss: 0.035761
2026-04-24 10:53: Train Epoch 674: 20/74 Loss: 0.002689
2026-04-24 10:53: Train Epoch 674: 40/74 Loss: 0.004275
2026-04-24 10:53: Train Epoch 674: 60/74 Loss: 0.009093
2026-04-24 10:53: **********Train Epoch 674: averaged Loss: 0.009384
2026-04-24 10:53: **********Val Epoch 674: average Loss: 0.026739
2026-04-24 10:53: Train Epoch 675: 0/74 Loss: 0.028320
2026-04-24 10:53: Train Epoch 675: 20/74 Loss: 0.003903
2026-04-24 10:53: Train Epoch 675: 40/74 Loss: 0.004007
2026-04-24 10:53: Train Epoch 675: 60/74 Loss: 0.016381
2026-04-24 10:53: **********Train Epoch 675: averaged Loss: 0.009790
2026-04-24 10:53: **********Val Epoch 675: average Loss: 0.012397
2026-04-24 10:53: Train Epoch 676: 0/74 Loss: 0.023688
2026-04-24 10:53: Train Epoch 676: 20/74 Loss: 0.005048
2026-04-24 10:53: Train Epoch 676: 40/74 Loss: 0.018149
2026-04-24 10:53: Train Epoch 676: 60/74 Loss: 0.014038
2026-04-24 10:53: **********Train Epoch 676: averaged Loss: 0.012692
2026-04-24 10:53: **********Val Epoch 676: average Loss: 0.030413
2026-04-24 10:53: Train Epoch 677: 0/74 Loss: 0.089764
2026-04-24 10:53: Train Epoch 677: 20/74 Loss: 0.012460
2026-04-24 10:54: Train Epoch 677: 40/74 Loss: 0.006409
2026-04-24 10:54: Train Epoch 677: 60/74 Loss: 0.015029
2026-04-24 10:54: **********Train Epoch 677: averaged Loss: 0.015947
2026-04-24 10:54: **********Val Epoch 677: average Loss: 0.027062
2026-04-24 10:54: Train Epoch 678: 0/74 Loss: 0.009698
2026-04-24 10:54: Train Epoch 678: 20/74 Loss: 0.003507
2026-04-24 10:54: Train Epoch 678: 40/74 Loss: 0.004490
2026-04-24 10:54: Train Epoch 678: 60/74 Loss: 0.055232
2026-04-24 10:54: **********Train Epoch 678: averaged Loss: 0.015459
2026-04-24 10:54: **********Val Epoch 678: average Loss: 0.049157
2026-04-24 10:54: Train Epoch 679: 0/74 Loss: 0.011135
2026-04-24 10:54: Train Epoch 679: 20/74 Loss: 0.006048
2026-04-24 10:54: Train Epoch 679: 40/74 Loss: 0.006038
2026-04-24 10:54: Train Epoch 679: 60/74 Loss: 0.007796
2026-04-24 10:54: **********Train Epoch 679: averaged Loss: 0.007060
2026-04-24 10:54: **********Val Epoch 679: average Loss: 0.007352
2026-04-24 10:54: Train Epoch 680: 0/74 Loss: 0.008972
2026-04-24 10:54: Train Epoch 680: 20/74 Loss: 0.002777
2026-04-24 10:54: Train Epoch 680: 40/74 Loss: 0.004761
2026-04-24 10:54: Train Epoch 680: 60/74 Loss: 0.014500
2026-04-24 10:54: **********Train Epoch 680: averaged Loss: 0.005119
2026-04-24 10:54: **********Val Epoch 680: average Loss: 0.004667
2026-04-24 10:54: *********************************Current best model saved!
2026-04-24 10:54: Train Epoch 681: 0/74 Loss: 0.003424
2026-04-24 10:54: Train Epoch 681: 20/74 Loss: 0.002911
2026-04-24 10:54: Train Epoch 681: 40/74 Loss: 0.006216
2026-04-24 10:54: Train Epoch 681: 60/74 Loss: 0.004958
2026-04-24 10:54: **********Train Epoch 681: averaged Loss: 0.005330
2026-04-24 10:54: **********Val Epoch 681: average Loss: 0.005093
2026-04-24 10:54: Train Epoch 682: 0/74 Loss: 0.007625
2026-04-24 10:54: Train Epoch 682: 20/74 Loss: 0.002643
2026-04-24 10:54: Train Epoch 682: 40/74 Loss: 0.006927
2026-04-24 10:54: Train Epoch 682: 60/74 Loss: 0.005191
2026-04-24 10:54: **********Train Epoch 682: averaged Loss: 0.005943
2026-04-24 10:54: **********Val Epoch 682: average Loss: 0.007574
2026-04-24 10:54: Train Epoch 683: 0/74 Loss: 0.015977
2026-04-24 10:54: Train Epoch 683: 20/74 Loss: 0.002558
2026-04-24 10:54: Train Epoch 683: 40/74 Loss: 0.004559
2026-04-24 10:54: Train Epoch 683: 60/74 Loss: 0.006144
2026-04-24 10:54: **********Train Epoch 683: averaged Loss: 0.007371
2026-04-24 10:54: **********Val Epoch 683: average Loss: 0.005707
2026-04-24 10:54: Train Epoch 684: 0/74 Loss: 0.019894
2026-04-24 10:54: Train Epoch 684: 20/74 Loss: 0.005424
2026-04-24 10:54: Train Epoch 684: 40/74 Loss: 0.003997
2026-04-24 10:54: Train Epoch 684: 60/74 Loss: 0.004967
2026-04-24 10:54: **********Train Epoch 684: averaged Loss: 0.007431
2026-04-24 10:54: **********Val Epoch 684: average Loss: 0.006261
2026-04-24 10:54: Train Epoch 685: 0/74 Loss: 0.030158
2026-04-24 10:54: Train Epoch 685: 20/74 Loss: 0.006395
2026-04-24 10:54: Train Epoch 685: 40/74 Loss: 0.005131
2026-04-24 10:54: Train Epoch 685: 60/74 Loss: 0.006550
2026-04-24 10:54: **********Train Epoch 685: averaged Loss: 0.009026
2026-04-24 10:54: **********Val Epoch 685: average Loss: 0.006464
2026-04-24 10:54: Train Epoch 686: 0/74 Loss: 0.029835
2026-04-24 10:54: Train Epoch 686: 20/74 Loss: 0.006144
2026-04-24 10:55: Train Epoch 686: 40/74 Loss: 0.005975
2026-04-24 10:55: Train Epoch 686: 60/74 Loss: 0.007760
2026-04-24 10:55: **********Train Epoch 686: averaged Loss: 0.008162
2026-04-24 10:55: **********Val Epoch 686: average Loss: 0.005304
2026-04-24 10:55: Train Epoch 687: 0/74 Loss: 0.027365
2026-04-24 10:55: Train Epoch 687: 20/74 Loss: 0.006304
2026-04-24 10:55: Train Epoch 687: 40/74 Loss: 0.004046
2026-04-24 10:55: Train Epoch 687: 60/74 Loss: 0.004858
2026-04-24 10:55: **********Train Epoch 687: averaged Loss: 0.007603
2026-04-24 10:55: **********Val Epoch 687: average Loss: 0.005605
2026-04-24 10:55: Train Epoch 688: 0/74 Loss: 0.007879
2026-04-24 10:55: Train Epoch 688: 20/74 Loss: 0.003760
2026-04-24 10:55: Train Epoch 688: 40/74 Loss: 0.003981
2026-04-24 10:55: Train Epoch 688: 60/74 Loss: 0.005127
2026-04-24 10:55: **********Train Epoch 688: averaged Loss: 0.005371
2026-04-24 10:55: **********Val Epoch 688: average Loss: 0.004221
2026-04-24 10:55: *********************************Current best model saved!
2026-04-24 10:55: Train Epoch 689: 0/74 Loss: 0.020862
2026-04-24 10:55: Train Epoch 689: 20/74 Loss: 0.002656
2026-04-24 10:55: Train Epoch 689: 40/74 Loss: 0.004875
2026-04-24 10:55: Train Epoch 689: 60/74 Loss: 0.005215
2026-04-24 10:55: **********Train Epoch 689: averaged Loss: 0.006572
2026-04-24 10:55: **********Val Epoch 689: average Loss: 0.005096
2026-04-24 10:55: Train Epoch 690: 0/74 Loss: 0.003230
2026-04-24 10:55: Train Epoch 690: 20/74 Loss: 0.003355
2026-04-24 10:55: Train Epoch 690: 40/74 Loss: 0.004051
2026-04-24 10:55: Train Epoch 690: 60/74 Loss: 0.007823
2026-04-24 10:55: **********Train Epoch 690: averaged Loss: 0.005141
2026-04-24 10:55: **********Val Epoch 690: average Loss: 0.004323
2026-04-24 10:55: Train Epoch 691: 0/74 Loss: 0.004832
2026-04-24 10:55: Train Epoch 691: 20/74 Loss: 0.003897
2026-04-24 10:55: Train Epoch 691: 40/74 Loss: 0.004223
2026-04-24 10:55: Train Epoch 691: 60/74 Loss: 0.007867
2026-04-24 10:55: **********Train Epoch 691: averaged Loss: 0.004745
2026-04-24 10:55: **********Val Epoch 691: average Loss: 0.005585
2026-04-24 10:55: Train Epoch 692: 0/74 Loss: 0.005547
2026-04-24 10:55: Train Epoch 692: 20/74 Loss: 0.003628
2026-04-24 10:55: Train Epoch 692: 40/74 Loss: 0.006660
2026-04-24 10:55: Train Epoch 692: 60/74 Loss: 0.004632
2026-04-24 10:55: **********Train Epoch 692: averaged Loss: 0.005833
2026-04-24 10:55: **********Val Epoch 692: average Loss: 0.004964
2026-04-24 10:55: Train Epoch 693: 0/74 Loss: 0.029032
2026-04-24 10:55: Train Epoch 693: 20/74 Loss: 0.008840
2026-04-24 10:55: Train Epoch 693: 40/74 Loss: 0.004134
2026-04-24 10:55: Train Epoch 693: 60/74 Loss: 0.005845
2026-04-24 10:55: **********Train Epoch 693: averaged Loss: 0.006727
2026-04-24 10:55: **********Val Epoch 693: average Loss: 0.005383
2026-04-24 10:55: Train Epoch 694: 0/74 Loss: 0.023197
2026-04-24 10:55: Train Epoch 694: 20/74 Loss: 0.002500
2026-04-24 10:55: Train Epoch 694: 40/74 Loss: 0.004069
2026-04-24 10:55: Train Epoch 694: 60/74 Loss: 0.006347
2026-04-24 10:56: **********Train Epoch 694: averaged Loss: 0.006230
2026-04-24 10:56: **********Val Epoch 694: average Loss: 0.012864
2026-04-24 10:56: Train Epoch 695: 0/74 Loss: 0.019334
2026-04-24 10:56: Train Epoch 695: 20/74 Loss: 0.003793
2026-04-24 10:56: Train Epoch 695: 40/74 Loss: 0.003919
2026-04-24 10:56: Train Epoch 695: 60/74 Loss: 0.008971
2026-04-24 10:56: **********Train Epoch 695: averaged Loss: 0.008232
2026-04-24 10:56: **********Val Epoch 695: average Loss: 0.020403
2026-04-24 10:56: Train Epoch 696: 0/74 Loss: 0.027508
2026-04-24 10:56: Train Epoch 696: 20/74 Loss: 0.003435
2026-04-24 10:56: Train Epoch 696: 40/74 Loss: 0.004765
2026-04-24 10:56: Train Epoch 696: 60/74 Loss: 0.015399
2026-04-24 10:56: **********Train Epoch 696: averaged Loss: 0.010677
2026-04-24 10:56: **********Val Epoch 696: average Loss: 0.007801
2026-04-24 10:56: Train Epoch 697: 0/74 Loss: 0.006825
2026-04-24 10:56: Train Epoch 697: 20/74 Loss: 0.002882
2026-04-24 10:56: Train Epoch 697: 40/74 Loss: 0.003922
2026-04-24 10:56: Train Epoch 697: 60/74 Loss: 0.033213
2026-04-24 10:56: **********Train Epoch 697: averaged Loss: 0.011645
2026-04-24 10:56: **********Val Epoch 697: average Loss: 0.012512
2026-04-24 10:56: Train Epoch 698: 0/74 Loss: 0.050903
2026-04-24 10:56: Train Epoch 698: 20/74 Loss: 0.004688
2026-04-24 10:56: Train Epoch 698: 40/74 Loss: 0.004305
2026-04-24 10:56: Train Epoch 698: 60/74 Loss: 0.021206
2026-04-24 10:56: **********Train Epoch 698: averaged Loss: 0.010791
2026-04-24 10:56: **********Val Epoch 698: average Loss: 0.011920
2026-04-24 10:56: Train Epoch 699: 0/74 Loss: 0.036918
2026-04-24 10:56: Train Epoch 699: 20/74 Loss: 0.007039
2026-04-24 10:56: Train Epoch 699: 40/74 Loss: 0.007416
2026-04-24 10:56: Train Epoch 699: 60/74 Loss: 0.016864
2026-04-24 10:56: **********Train Epoch 699: averaged Loss: 0.010353
2026-04-24 10:56: **********Val Epoch 699: average Loss: 0.011390
2026-04-24 10:56: Train Epoch 700: 0/74 Loss: 0.009769
2026-04-24 10:56: Train Epoch 700: 20/74 Loss: 0.003271
2026-04-24 10:56: Train Epoch 700: 40/74 Loss: 0.011514
2026-04-24 10:56: Train Epoch 700: 60/74 Loss: 0.014797
2026-04-24 10:56: **********Train Epoch 700: averaged Loss: 0.008598
2026-04-24 10:56: **********Val Epoch 700: average Loss: 0.007069
2026-04-24 10:56: Train Epoch 701: 0/74 Loss: 0.042097
2026-04-24 10:56: Train Epoch 701: 20/74 Loss: 0.006676
2026-04-24 10:56: Train Epoch 701: 40/74 Loss: 0.008120
2026-04-24 10:56: Train Epoch 701: 60/74 Loss: 0.005566
2026-04-24 10:56: **********Train Epoch 701: averaged Loss: 0.007349
2026-04-24 10:56: **********Val Epoch 701: average Loss: 0.005223
2026-04-24 10:56: Train Epoch 702: 0/74 Loss: 0.005048
2026-04-24 10:56: Train Epoch 702: 20/74 Loss: 0.002741
2026-04-24 10:56: Train Epoch 702: 40/74 Loss: 0.009713
2026-04-24 10:56: Train Epoch 702: 60/74 Loss: 0.010976
2026-04-24 10:56: **********Train Epoch 702: averaged Loss: 0.006959
2026-04-24 10:56: **********Val Epoch 702: average Loss: 0.007049
2026-04-24 10:56: Train Epoch 703: 0/74 Loss: 0.007123
2026-04-24 10:56: Train Epoch 703: 20/74 Loss: 0.004800
2026-04-24 10:56: Train Epoch 703: 40/74 Loss: 0.005035
2026-04-24 10:57: Train Epoch 703: 60/74 Loss: 0.011220
2026-04-24 10:57: **********Train Epoch 703: averaged Loss: 0.007089
2026-04-24 10:57: **********Val Epoch 703: average Loss: 0.006220
2026-04-24 10:57: Train Epoch 704: 0/74 Loss: 0.009448
2026-04-24 10:57: Train Epoch 704: 20/74 Loss: 0.002863
2026-04-24 10:57: Train Epoch 704: 40/74 Loss: 0.004588
2026-04-24 10:57: Train Epoch 704: 60/74 Loss: 0.004530
2026-04-24 10:57: **********Train Epoch 704: averaged Loss: 0.006152
2026-04-24 10:57: **********Val Epoch 704: average Loss: 0.006422
2026-04-24 10:57: Train Epoch 705: 0/74 Loss: 0.009450
2026-04-24 10:57: Train Epoch 705: 20/74 Loss: 0.003786
2026-04-24 10:57: Train Epoch 705: 40/74 Loss: 0.004243
2026-04-24 10:57: Train Epoch 705: 60/74 Loss: 0.004626
2026-04-24 10:57: **********Train Epoch 705: averaged Loss: 0.007000
2026-04-24 10:57: **********Val Epoch 705: average Loss: 0.006885
2026-04-24 10:57: Train Epoch 706: 0/74 Loss: 0.016165
2026-04-24 10:57: Train Epoch 706: 20/74 Loss: 0.003099
2026-04-24 10:57: Train Epoch 706: 40/74 Loss: 0.003961
2026-04-24 10:57: Train Epoch 706: 60/74 Loss: 0.011826
2026-04-24 10:57: **********Train Epoch 706: averaged Loss: 0.007484
2026-04-24 10:57: **********Val Epoch 706: average Loss: 0.007498
2026-04-24 10:57: Train Epoch 707: 0/74 Loss: 0.002765
2026-04-24 10:57: Train Epoch 707: 20/74 Loss: 0.002681
2026-04-24 10:57: Train Epoch 707: 40/74 Loss: 0.004668
2026-04-24 10:57: Train Epoch 707: 60/74 Loss: 0.006614
2026-04-24 10:57: **********Train Epoch 707: averaged Loss: 0.006273
2026-04-24 10:57: **********Val Epoch 707: average Loss: 0.006412
2026-04-24 10:57: Train Epoch 708: 0/74 Loss: 0.007387
2026-04-24 10:57: Train Epoch 708: 20/74 Loss: 0.005034
2026-04-24 10:57: Train Epoch 708: 40/74 Loss: 0.004080
2026-04-24 10:57: Train Epoch 708: 60/74 Loss: 0.005772
2026-04-24 10:57: **********Train Epoch 708: averaged Loss: 0.006809
2026-04-24 10:57: **********Val Epoch 708: average Loss: 0.006285
2026-04-24 10:57: Train Epoch 709: 0/74 Loss: 0.007111
2026-04-24 10:57: Train Epoch 709: 20/74 Loss: 0.004149
2026-04-24 10:57: Train Epoch 709: 40/74 Loss: 0.003999
2026-04-24 10:57: Train Epoch 709: 60/74 Loss: 0.013465
2026-04-24 10:57: **********Train Epoch 709: averaged Loss: 0.006707
2026-04-24 10:57: **********Val Epoch 709: average Loss: 0.006021
2026-04-24 10:57: Train Epoch 710: 0/74 Loss: 0.009655
2026-04-24 10:57: Train Epoch 710: 20/74 Loss: 0.004740
2026-04-24 10:57: Train Epoch 710: 40/74 Loss: 0.004209
2026-04-24 10:57: Train Epoch 710: 60/74 Loss: 0.006609
2026-04-24 10:57: **********Train Epoch 710: averaged Loss: 0.007206
2026-04-24 10:57: **********Val Epoch 710: average Loss: 0.008004
2026-04-24 10:57: Train Epoch 711: 0/74 Loss: 0.009640
2026-04-24 10:57: Train Epoch 711: 20/74 Loss: 0.005141
2026-04-24 10:57: Train Epoch 711: 40/74 Loss: 0.003848
2026-04-24 10:57: Train Epoch 711: 60/74 Loss: 0.018714
2026-04-24 10:57: **********Train Epoch 711: averaged Loss: 0.007411
2026-04-24 10:57: **********Val Epoch 711: average Loss: 0.009812
2026-04-24 10:57: Train Epoch 712: 0/74 Loss: 0.002609
2026-04-24 10:57: Train Epoch 712: 20/74 Loss: 0.002412
2026-04-24 10:58: Train Epoch 712: 40/74 Loss: 0.003580
2026-04-24 10:58: Train Epoch 712: 60/74 Loss: 0.011421
2026-04-24 10:58: **********Train Epoch 712: averaged Loss: 0.006536
2026-04-24 10:58: **********Val Epoch 712: average Loss: 0.011170
2026-04-24 10:58: Train Epoch 713: 0/74 Loss: 0.006530
2026-04-24 10:58: Train Epoch 713: 20/74 Loss: 0.004330
2026-04-24 10:58: Train Epoch 713: 40/74 Loss: 0.005375
2026-04-24 10:58: Train Epoch 713: 60/74 Loss: 0.016695
2026-04-24 10:58: **********Train Epoch 713: averaged Loss: 0.008266
2026-04-24 10:58: **********Val Epoch 713: average Loss: 0.023611
2026-04-24 10:58: Train Epoch 714: 0/74 Loss: 0.003497
2026-04-24 10:58: Train Epoch 714: 20/74 Loss: 0.002715
2026-04-24 10:58: Train Epoch 714: 40/74 Loss: 0.004216
2026-04-24 10:58: Train Epoch 714: 60/74 Loss: 0.007007
2026-04-24 10:58: **********Train Epoch 714: averaged Loss: 0.007068
2026-04-24 10:58: **********Val Epoch 714: average Loss: 0.022320
2026-04-24 10:58: Train Epoch 715: 0/74 Loss: 0.012365
2026-04-24 10:58: Train Epoch 715: 20/74 Loss: 0.002505
2026-04-24 10:58: Train Epoch 715: 40/74 Loss: 0.004530
2026-04-24 10:58: Train Epoch 715: 60/74 Loss: 0.008621
2026-04-24 10:58: **********Train Epoch 715: averaged Loss: 0.006619
2026-04-24 10:58: **********Val Epoch 715: average Loss: 0.030903
2026-04-24 10:58: Train Epoch 716: 0/74 Loss: 0.018339
2026-04-24 10:58: Train Epoch 716: 20/74 Loss: 0.003306
2026-04-24 10:58: Train Epoch 716: 40/74 Loss: 0.004160
2026-04-24 10:58: Train Epoch 716: 60/74 Loss: 0.006145
2026-04-24 10:58: **********Train Epoch 716: averaged Loss: 0.005811
2026-04-24 10:58: **********Val Epoch 716: average Loss: 0.014802
2026-04-24 10:58: Train Epoch 717: 0/74 Loss: 0.025631
2026-04-24 10:58: Train Epoch 717: 20/74 Loss: 0.003303
2026-04-24 10:58: Train Epoch 717: 40/74 Loss: 0.005038
2026-04-24 10:58: Train Epoch 717: 60/74 Loss: 0.008389
2026-04-24 10:58: **********Train Epoch 717: averaged Loss: 0.008289
2026-04-24 10:58: **********Val Epoch 717: average Loss: 0.014856
2026-04-24 10:58: Train Epoch 718: 0/74 Loss: 0.003671
2026-04-24 10:58: Train Epoch 718: 20/74 Loss: 0.002718
2026-04-24 10:58: Train Epoch 718: 40/74 Loss: 0.008184
2026-04-24 10:58: Train Epoch 718: 60/74 Loss: 0.005852
2026-04-24 10:58: **********Train Epoch 718: averaged Loss: 0.008895
2026-04-24 10:58: **********Val Epoch 718: average Loss: 0.007168
2026-04-24 10:58: Train Epoch 719: 0/74 Loss: 0.035481
2026-04-24 10:58: Train Epoch 719: 20/74 Loss: 0.010198
2026-04-24 10:58: Train Epoch 719: 40/74 Loss: 0.005393
2026-04-24 10:58: Train Epoch 719: 60/74 Loss: 0.005209
2026-04-24 10:58: **********Train Epoch 719: averaged Loss: 0.011007
2026-04-24 10:58: **********Val Epoch 719: average Loss: 0.004726
2026-04-24 10:58: Train Epoch 720: 0/74 Loss: 0.044860
2026-04-24 10:58: Train Epoch 720: 20/74 Loss: 0.013598
2026-04-24 10:58: Train Epoch 720: 40/74 Loss: 0.004381
2026-04-24 10:58: Train Epoch 720: 60/74 Loss: 0.005595
2026-04-24 10:58: **********Train Epoch 720: averaged Loss: 0.010761
2026-04-24 10:58: **********Val Epoch 720: average Loss: 0.005529
2026-04-24 10:58: Train Epoch 721: 0/74 Loss: 0.017300
2026-04-24 10:59: Train Epoch 721: 20/74 Loss: 0.003921
2026-04-24 10:59: Train Epoch 721: 40/74 Loss: 0.009870
2026-04-24 10:59: Train Epoch 721: 60/74 Loss: 0.005838
2026-04-24 10:59: **********Train Epoch 721: averaged Loss: 0.007671
2026-04-24 10:59: **********Val Epoch 721: average Loss: 0.009164
2026-04-24 10:59: Train Epoch 722: 0/74 Loss: 0.013451
2026-04-24 10:59: Train Epoch 722: 20/74 Loss: 0.004485
2026-04-24 10:59: Train Epoch 722: 40/74 Loss: 0.008962
2026-04-24 10:59: Train Epoch 722: 60/74 Loss: 0.008150
2026-04-24 10:59: **********Train Epoch 722: averaged Loss: 0.008112
2026-04-24 10:59: **********Val Epoch 722: average Loss: 0.013794
2026-04-24 10:59: Train Epoch 723: 0/74 Loss: 0.013274
2026-04-24 10:59: Train Epoch 723: 20/74 Loss: 0.004629
2026-04-24 10:59: Train Epoch 723: 40/74 Loss: 0.003724
2026-04-24 10:59: Train Epoch 723: 60/74 Loss: 0.012498
2026-04-24 10:59: **********Train Epoch 723: averaged Loss: 0.008284
2026-04-24 10:59: **********Val Epoch 723: average Loss: 0.007040
2026-04-24 10:59: Train Epoch 724: 0/74 Loss: 0.002767
2026-04-24 10:59: Train Epoch 724: 20/74 Loss: 0.004112
2026-04-24 10:59: Train Epoch 724: 40/74 Loss: 0.003548
2026-04-24 10:59: Train Epoch 724: 60/74 Loss: 0.018448
2026-04-24 10:59: **********Train Epoch 724: averaged Loss: 0.008185
2026-04-24 10:59: **********Val Epoch 724: average Loss: 0.010204
2026-04-24 10:59: Train Epoch 725: 0/74 Loss: 0.018024
2026-04-24 10:59: Train Epoch 725: 20/74 Loss: 0.003476
2026-04-24 10:59: Train Epoch 725: 40/74 Loss: 0.003821
2026-04-24 10:59: Train Epoch 725: 60/74 Loss: 0.016241
2026-04-24 10:59: **********Train Epoch 725: averaged Loss: 0.006305
2026-04-24 10:59: **********Val Epoch 725: average Loss: 0.006699
2026-04-24 10:59: Train Epoch 726: 0/74 Loss: 0.036712
2026-04-24 10:59: Train Epoch 726: 20/74 Loss: 0.005286
2026-04-24 10:59: Train Epoch 726: 40/74 Loss: 0.006777
2026-04-24 10:59: Train Epoch 726: 60/74 Loss: 0.004848
2026-04-24 10:59: **********Train Epoch 726: averaged Loss: 0.008199
2026-04-24 10:59: **********Val Epoch 726: average Loss: 0.006699
2026-04-24 10:59: Train Epoch 727: 0/74 Loss: 0.004615
2026-04-24 10:59: Train Epoch 727: 20/74 Loss: 0.005374
2026-04-24 10:59: Train Epoch 727: 40/74 Loss: 0.006148
2026-04-24 10:59: Train Epoch 727: 60/74 Loss: 0.016605
2026-04-24 10:59: **********Train Epoch 727: averaged Loss: 0.007642
2026-04-24 10:59: **********Val Epoch 727: average Loss: 0.009875
2026-04-24 10:59: Train Epoch 728: 0/74 Loss: 0.027380
2026-04-24 10:59: Train Epoch 728: 20/74 Loss: 0.002609
2026-04-24 10:59: Train Epoch 728: 40/74 Loss: 0.004233
2026-04-24 10:59: Train Epoch 728: 60/74 Loss: 0.018070
2026-04-24 10:59: **********Train Epoch 728: averaged Loss: 0.007735
2026-04-24 10:59: **********Val Epoch 728: average Loss: 0.008028
2026-04-24 10:59: Train Epoch 729: 0/74 Loss: 0.040158
2026-04-24 10:59: Train Epoch 729: 20/74 Loss: 0.002618
2026-04-24 10:59: Train Epoch 729: 40/74 Loss: 0.007598
2026-04-24 10:59: Train Epoch 729: 60/74 Loss: 0.007962
2026-04-24 10:59: **********Train Epoch 729: averaged Loss: 0.007696
2026-04-24 10:59: **********Val Epoch 729: average Loss: 0.014511
2026-04-24 10:59: Train Epoch 730: 0/74 Loss: 0.019233
2026-04-24 11:00: Train Epoch 730: 20/74 Loss: 0.002929
2026-04-24 11:00: Train Epoch 730: 40/74 Loss: 0.005996
2026-04-24 11:00: Train Epoch 730: 60/74 Loss: 0.005592
2026-04-24 11:00: **********Train Epoch 730: averaged Loss: 0.005453
2026-04-24 11:00: **********Val Epoch 730: average Loss: 0.012552
2026-04-24 11:00: Train Epoch 731: 0/74 Loss: 0.025083
2026-04-24 11:00: Train Epoch 731: 20/74 Loss: 0.002645
2026-04-24 11:00: Train Epoch 731: 40/74 Loss: 0.006574
2026-04-24 11:00: Train Epoch 731: 60/74 Loss: 0.007008
2026-04-24 11:00: **********Train Epoch 731: averaged Loss: 0.005459
2026-04-24 11:00: **********Val Epoch 731: average Loss: 0.011321
2026-04-24 11:00: Train Epoch 732: 0/74 Loss: 0.012896
2026-04-24 11:00: Train Epoch 732: 20/74 Loss: 0.002563
2026-04-24 11:00: Train Epoch 732: 40/74 Loss: 0.006274
2026-04-24 11:00: Train Epoch 732: 60/74 Loss: 0.005741
2026-04-24 11:00: **********Train Epoch 732: averaged Loss: 0.004774
2026-04-24 11:00: **********Val Epoch 732: average Loss: 0.011841
2026-04-24 11:00: Train Epoch 733: 0/74 Loss: 0.019464
2026-04-24 11:00: Train Epoch 733: 20/74 Loss: 0.002457
2026-04-24 11:00: Train Epoch 733: 40/74 Loss: 0.006957
2026-04-24 11:00: Train Epoch 733: 60/74 Loss: 0.005708
2026-04-24 11:00: **********Train Epoch 733: averaged Loss: 0.004911
2026-04-24 11:00: **********Val Epoch 733: average Loss: 0.011240
2026-04-24 11:00: Train Epoch 734: 0/74 Loss: 0.002841
2026-04-24 11:00: Train Epoch 734: 20/74 Loss: 0.003757
2026-04-24 11:00: Train Epoch 734: 40/74 Loss: 0.005142
2026-04-24 11:00: Train Epoch 734: 60/74 Loss: 0.004926
2026-04-24 11:00: **********Train Epoch 734: averaged Loss: 0.005830
2026-04-24 11:00: **********Val Epoch 734: average Loss: 0.013549
2026-04-24 11:00: Train Epoch 735: 0/74 Loss: 0.002609
2026-04-24 11:00: Train Epoch 735: 20/74 Loss: 0.002457
2026-04-24 11:00: Train Epoch 735: 40/74 Loss: 0.007205
2026-04-24 11:00: Train Epoch 735: 60/74 Loss: 0.005812
2026-04-24 11:00: **********Train Epoch 735: averaged Loss: 0.005916
2026-04-24 11:00: **********Val Epoch 735: average Loss: 0.019311
2026-04-24 11:00: Train Epoch 736: 0/74 Loss: 0.009384
2026-04-24 11:00: Train Epoch 736: 20/74 Loss: 0.002845
2026-04-24 11:00: Train Epoch 736: 40/74 Loss: 0.004471
2026-04-24 11:00: Train Epoch 736: 60/74 Loss: 0.011711
2026-04-24 11:00: **********Train Epoch 736: averaged Loss: 0.006833
2026-04-24 11:00: **********Val Epoch 736: average Loss: 0.013155
2026-04-24 11:00: Train Epoch 737: 0/74 Loss: 0.009479
2026-04-24 11:00: Train Epoch 737: 20/74 Loss: 0.003429
2026-04-24 11:00: Train Epoch 737: 40/74 Loss: 0.003909
2026-04-24 11:00: Train Epoch 737: 60/74 Loss: 0.013255
2026-04-24 11:00: **********Train Epoch 737: averaged Loss: 0.010532
2026-04-24 11:00: **********Val Epoch 737: average Loss: 0.007122
2026-04-24 11:00: Train Epoch 738: 0/74 Loss: 0.052874
2026-04-24 11:00: Train Epoch 738: 20/74 Loss: 0.008845
2026-04-24 11:00: Train Epoch 738: 40/74 Loss: 0.004406
2026-04-24 11:01: Train Epoch 738: 60/74 Loss: 0.015127
2026-04-24 11:01: **********Train Epoch 738: averaged Loss: 0.014393
2026-04-24 11:01: **********Val Epoch 738: average Loss: 0.008440
2026-04-24 11:01: Train Epoch 739: 0/74 Loss: 0.054682
2026-04-24 11:01: Train Epoch 739: 20/74 Loss: 0.008448
2026-04-24 11:01: Train Epoch 739: 40/74 Loss: 0.004204
2026-04-24 11:01: Train Epoch 739: 60/74 Loss: 0.016739
2026-04-24 11:01: **********Train Epoch 739: averaged Loss: 0.013767
2026-04-24 11:01: **********Val Epoch 739: average Loss: 0.008789
2026-04-24 11:01: Train Epoch 740: 0/74 Loss: 0.062708
2026-04-24 11:01: Train Epoch 740: 20/74 Loss: 0.002519
2026-04-24 11:01: Train Epoch 740: 40/74 Loss: 0.005730
2026-04-24 11:01: Train Epoch 740: 60/74 Loss: 0.012666
2026-04-24 11:01: **********Train Epoch 740: averaged Loss: 0.016245
2026-04-24 11:01: **********Val Epoch 740: average Loss: 0.008323
2026-04-24 11:01: Train Epoch 741: 0/74 Loss: 0.020153
2026-04-24 11:01: Train Epoch 741: 20/74 Loss: 0.003658
2026-04-24 11:01: Train Epoch 741: 40/74 Loss: 0.006698
2026-04-24 11:01: Train Epoch 741: 60/74 Loss: 0.011688
2026-04-24 11:01: **********Train Epoch 741: averaged Loss: 0.008920
2026-04-24 11:01: **********Val Epoch 741: average Loss: 0.008172
2026-04-24 11:01: Train Epoch 742: 0/74 Loss: 0.018521
2026-04-24 11:01: Train Epoch 742: 20/74 Loss: 0.002808
2026-04-24 11:01: Train Epoch 742: 40/74 Loss: 0.005363
2026-04-24 11:01: Train Epoch 742: 60/74 Loss: 0.013226
2026-04-24 11:01: **********Train Epoch 742: averaged Loss: 0.008485
2026-04-24 11:01: **********Val Epoch 742: average Loss: 0.007234
2026-04-24 11:01: Train Epoch 743: 0/74 Loss: 0.017048
2026-04-24 11:01: Train Epoch 743: 20/74 Loss: 0.002452
2026-04-24 11:01: Train Epoch 743: 40/74 Loss: 0.003569
2026-04-24 11:01: Train Epoch 743: 60/74 Loss: 0.009567
2026-04-24 11:01: **********Train Epoch 743: averaged Loss: 0.007091
2026-04-24 11:01: **********Val Epoch 743: average Loss: 0.006920
2026-04-24 11:01: Train Epoch 744: 0/74 Loss: 0.004620
2026-04-24 11:01: Train Epoch 744: 20/74 Loss: 0.004069
2026-04-24 11:01: Train Epoch 744: 40/74 Loss: 0.003264
2026-04-24 11:01: Train Epoch 744: 60/74 Loss: 0.007554
2026-04-24 11:01: **********Train Epoch 744: averaged Loss: 0.005152
2026-04-24 11:01: **********Val Epoch 744: average Loss: 0.006677
2026-04-24 11:01: Train Epoch 745: 0/74 Loss: 0.005099
2026-04-24 11:01: Train Epoch 745: 20/74 Loss: 0.002660
2026-04-24 11:01: Train Epoch 745: 40/74 Loss: 0.003470
2026-04-24 11:01: Train Epoch 745: 60/74 Loss: 0.006625
2026-04-24 11:01: **********Train Epoch 745: averaged Loss: 0.004858
2026-04-24 11:01: **********Val Epoch 745: average Loss: 0.005752
2026-04-24 11:01: Train Epoch 746: 0/74 Loss: 0.025493
2026-04-24 11:01: Train Epoch 746: 20/74 Loss: 0.006675
2026-04-24 11:01: Train Epoch 746: 40/74 Loss: 0.003928
2026-04-24 11:01: Train Epoch 746: 60/74 Loss: 0.006104
2026-04-24 11:01: **********Train Epoch 746: averaged Loss: 0.006720
2026-04-24 11:01: **********Val Epoch 746: average Loss: 0.004823
2026-04-24 11:01: Train Epoch 747: 0/74 Loss: 0.019716
2026-04-24 11:01: Train Epoch 747: 20/74 Loss: 0.006461
2026-04-24 11:01: Train Epoch 747: 40/74 Loss: 0.003574
2026-04-24 11:02: Train Epoch 747: 60/74 Loss: 0.008502
2026-04-24 11:02: **********Train Epoch 747: averaged Loss: 0.006370
2026-04-24 11:02: **********Val Epoch 747: average Loss: 0.005538
2026-04-24 11:02: Train Epoch 748: 0/74 Loss: 0.003437
2026-04-24 11:02: Train Epoch 748: 20/74 Loss: 0.002688
2026-04-24 11:02: Train Epoch 748: 40/74 Loss: 0.004577
2026-04-24 11:02: Train Epoch 748: 60/74 Loss: 0.005846
2026-04-24 11:02: **********Train Epoch 748: averaged Loss: 0.005006
2026-04-24 11:02: **********Val Epoch 748: average Loss: 0.005153
2026-04-24 11:02: Train Epoch 749: 0/74 Loss: 0.021581
2026-04-24 11:02: Train Epoch 749: 20/74 Loss: 0.007809
2026-04-24 11:02: Train Epoch 749: 40/74 Loss: 0.004021
2026-04-24 11:02: Train Epoch 749: 60/74 Loss: 0.005985
2026-04-24 11:02: **********Train Epoch 749: averaged Loss: 0.006207
2026-04-24 11:02: **********Val Epoch 749: average Loss: 0.004635
2026-04-24 11:02: Train Epoch 750: 0/74 Loss: 0.025721
2026-04-24 11:02: Train Epoch 750: 20/74 Loss: 0.003963
2026-04-24 11:02: Train Epoch 750: 40/74 Loss: 0.004397
2026-04-24 11:02: Train Epoch 750: 60/74 Loss: 0.005336
2026-04-24 11:02: **********Train Epoch 750: averaged Loss: 0.006548
2026-04-24 11:02: **********Val Epoch 750: average Loss: 0.007029
2026-04-24 11:02: Train Epoch 751: 0/74 Loss: 0.020732
2026-04-24 11:02: Train Epoch 751: 20/74 Loss: 0.002422
2026-04-24 11:02: Train Epoch 751: 40/74 Loss: 0.005235
2026-04-24 11:02: Train Epoch 751: 60/74 Loss: 0.005014
2026-04-24 11:02: **********Train Epoch 751: averaged Loss: 0.005809
2026-04-24 11:02: **********Val Epoch 751: average Loss: 0.012440
2026-04-24 11:02: Train Epoch 752: 0/74 Loss: 0.009193
2026-04-24 11:02: Train Epoch 752: 20/74 Loss: 0.002951
2026-04-24 11:02: Train Epoch 752: 40/74 Loss: 0.009443
2026-04-24 11:02: Train Epoch 752: 60/74 Loss: 0.011065
2026-04-24 11:02: **********Train Epoch 752: averaged Loss: 0.007244
2026-04-24 11:02: **********Val Epoch 752: average Loss: 0.012330
2026-04-24 11:02: Train Epoch 753: 0/74 Loss: 0.003264
2026-04-24 11:02: Train Epoch 753: 20/74 Loss: 0.004828
2026-04-24 11:02: Train Epoch 753: 40/74 Loss: 0.008728
2026-04-24 11:02: Train Epoch 753: 60/74 Loss: 0.036179
2026-04-24 11:02: **********Train Epoch 753: averaged Loss: 0.011767
2026-04-24 11:02: **********Val Epoch 753: average Loss: 0.035537
2026-04-24 11:02: Train Epoch 754: 0/74 Loss: 0.013290
2026-04-24 11:02: Train Epoch 754: 20/74 Loss: 0.003963
2026-04-24 11:02: Train Epoch 754: 40/74 Loss: 0.008349
2026-04-24 11:02: Train Epoch 754: 60/74 Loss: 0.010420
2026-04-24 11:02: **********Train Epoch 754: averaged Loss: 0.007192
2026-04-24 11:02: **********Val Epoch 754: average Loss: 0.011460
2026-04-24 11:02: Train Epoch 755: 0/74 Loss: 0.004012
2026-04-24 11:02: Train Epoch 755: 20/74 Loss: 0.002571
2026-04-24 11:02: Train Epoch 755: 40/74 Loss: 0.006457
2026-04-24 11:02: Train Epoch 755: 60/74 Loss: 0.019601
2026-04-24 11:02: **********Train Epoch 755: averaged Loss: 0.008252
2026-04-24 11:02: **********Val Epoch 755: average Loss: 0.014525
2026-04-24 11:02: Train Epoch 756: 0/74 Loss: 0.003348
2026-04-24 11:03: Train Epoch 756: 20/74 Loss: 0.002371
2026-04-24 11:03: Train Epoch 756: 40/74 Loss: 0.005256
2026-04-24 11:03: Train Epoch 756: 60/74 Loss: 0.022529
2026-04-24 11:03: **********Train Epoch 756: averaged Loss: 0.007808
2026-04-24 11:03: **********Val Epoch 756: average Loss: 0.014556
2026-04-24 11:03: Train Epoch 757: 0/74 Loss: 0.009868
2026-04-24 11:03: Train Epoch 757: 20/74 Loss: 0.002997
2026-04-24 11:03: Train Epoch 757: 40/74 Loss: 0.006644
2026-04-24 11:03: Train Epoch 757: 60/74 Loss: 0.020471
2026-04-24 11:03: **********Train Epoch 757: averaged Loss: 0.008517
2026-04-24 11:03: **********Val Epoch 757: average Loss: 0.010440
2026-04-24 11:03: Train Epoch 758: 0/74 Loss: 0.020618
2026-04-24 11:03: Train Epoch 758: 20/74 Loss: 0.005864
2026-04-24 11:03: Train Epoch 758: 40/74 Loss: 0.007218
2026-04-24 11:03: Train Epoch 758: 60/74 Loss: 0.020693
2026-04-24 11:03: **********Train Epoch 758: averaged Loss: 0.009918
2026-04-24 11:03: **********Val Epoch 758: average Loss: 0.014085
2026-04-24 11:03: Train Epoch 759: 0/74 Loss: 0.021229
2026-04-24 11:03: Train Epoch 759: 20/74 Loss: 0.004270
2026-04-24 11:03: Train Epoch 759: 40/74 Loss: 0.006451
2026-04-24 11:03: Train Epoch 759: 60/74 Loss: 0.017398
2026-04-24 11:03: **********Train Epoch 759: averaged Loss: 0.008922
2026-04-24 11:03: **********Val Epoch 759: average Loss: 0.011253
2026-04-24 11:03: Train Epoch 760: 0/74 Loss: 0.016469
2026-04-24 11:03: Train Epoch 760: 20/74 Loss: 0.003178
2026-04-24 11:03: Train Epoch 760: 40/74 Loss: 0.004372
2026-04-24 11:03: Train Epoch 760: 60/74 Loss: 0.028193
2026-04-24 11:03: **********Train Epoch 760: averaged Loss: 0.009458
2026-04-24 11:03: **********Val Epoch 760: average Loss: 0.025420
2026-04-24 11:03: Train Epoch 761: 0/74 Loss: 0.007564
2026-04-24 11:03: Train Epoch 761: 20/74 Loss: 0.006464
2026-04-24 11:03: Train Epoch 761: 40/74 Loss: 0.003569
2026-04-24 11:03: Train Epoch 761: 60/74 Loss: 0.018895
2026-04-24 11:03: **********Train Epoch 761: averaged Loss: 0.006243
2026-04-24 11:03: **********Val Epoch 761: average Loss: 0.008422
2026-04-24 11:03: Train Epoch 762: 0/74 Loss: 0.008257
2026-04-24 11:03: Train Epoch 762: 20/74 Loss: 0.004839
2026-04-24 11:03: Train Epoch 762: 40/74 Loss: 0.003493
2026-04-24 11:03: Train Epoch 762: 60/74 Loss: 0.010115
2026-04-24 11:03: **********Train Epoch 762: averaged Loss: 0.005804
2026-04-24 11:03: **********Val Epoch 762: average Loss: 0.007904
2026-04-24 11:03: Train Epoch 763: 0/74 Loss: 0.028789
2026-04-24 11:03: Train Epoch 763: 20/74 Loss: 0.003365
2026-04-24 11:03: Train Epoch 763: 40/74 Loss: 0.006055
2026-04-24 11:03: Train Epoch 763: 60/74 Loss: 0.008896
2026-04-24 11:03: **********Train Epoch 763: averaged Loss: 0.007885
2026-04-24 11:03: **********Val Epoch 763: average Loss: 0.007904
2026-04-24 11:03: Train Epoch 764: 0/74 Loss: 0.002783
2026-04-24 11:03: Train Epoch 764: 20/74 Loss: 0.003637
2026-04-24 11:03: Train Epoch 764: 40/74 Loss: 0.003571
2026-04-24 11:03: Train Epoch 764: 60/74 Loss: 0.015500
2026-04-24 11:03: **********Train Epoch 764: averaged Loss: 0.005272
2026-04-24 11:03: **********Val Epoch 764: average Loss: 0.007445
2026-04-24 11:03: Train Epoch 765: 0/74 Loss: 0.003951
2026-04-24 11:04: Train Epoch 765: 20/74 Loss: 0.003414
2026-04-24 11:04: Train Epoch 765: 40/74 Loss: 0.004344
2026-04-24 11:04: Train Epoch 765: 60/74 Loss: 0.012430
2026-04-24 11:04: **********Train Epoch 765: averaged Loss: 0.005491
2026-04-24 11:04: **********Val Epoch 765: average Loss: 0.008303
2026-04-24 11:04: Train Epoch 766: 0/74 Loss: 0.011738
2026-04-24 11:04: Train Epoch 766: 20/74 Loss: 0.002970
2026-04-24 11:04: Train Epoch 766: 40/74 Loss: 0.004837
2026-04-24 11:04: Train Epoch 766: 60/74 Loss: 0.007805
2026-04-24 11:04: **********Train Epoch 766: averaged Loss: 0.004884
2026-04-24 11:04: **********Val Epoch 766: average Loss: 0.008335
2026-04-24 11:04: Train Epoch 767: 0/74 Loss: 0.002491
2026-04-24 11:04: Train Epoch 767: 20/74 Loss: 0.002572
2026-04-24 11:04: Train Epoch 767: 40/74 Loss: 0.003663
2026-04-24 11:04: Train Epoch 767: 60/74 Loss: 0.015209
2026-04-24 11:04: **********Train Epoch 767: averaged Loss: 0.005008
2026-04-24 11:04: **********Val Epoch 767: average Loss: 0.007321
2026-04-24 11:04: Train Epoch 768: 0/74 Loss: 0.006049
2026-04-24 11:04: Train Epoch 768: 20/74 Loss: 0.003856
2026-04-24 11:04: Train Epoch 768: 40/74 Loss: 0.003585
2026-04-24 11:04: Train Epoch 768: 60/74 Loss: 0.007932
2026-04-24 11:04: **********Train Epoch 768: averaged Loss: 0.005333
2026-04-24 11:04: **********Val Epoch 768: average Loss: 0.008611
2026-04-24 11:04: Train Epoch 769: 0/74 Loss: 0.002570
2026-04-24 11:04: Train Epoch 769: 20/74 Loss: 0.004029
2026-04-24 11:04: Train Epoch 769: 40/74 Loss: 0.004187
2026-04-24 11:04: Train Epoch 769: 60/74 Loss: 0.009045
2026-04-24 11:04: **********Train Epoch 769: averaged Loss: 0.004962
2026-04-24 11:04: **********Val Epoch 769: average Loss: 0.007722
2026-04-24 11:04: Train Epoch 770: 0/74 Loss: 0.003216
2026-04-24 11:04: Train Epoch 770: 20/74 Loss: 0.002999
2026-04-24 11:04: Train Epoch 770: 40/74 Loss: 0.003763
2026-04-24 11:04: Train Epoch 770: 60/74 Loss: 0.015225
2026-04-24 11:04: **********Train Epoch 770: averaged Loss: 0.005543
2026-04-24 11:04: **********Val Epoch 770: average Loss: 0.008628
2026-04-24 11:04: Train Epoch 771: 0/74 Loss: 0.002753
2026-04-24 11:04: Train Epoch 771: 20/74 Loss: 0.002948
2026-04-24 11:04: Train Epoch 771: 40/74 Loss: 0.003569
2026-04-24 11:04: Train Epoch 771: 60/74 Loss: 0.017591
2026-04-24 11:04: **********Train Epoch 771: averaged Loss: 0.006068
2026-04-24 11:04: **********Val Epoch 771: average Loss: 0.008643
2026-04-24 11:04: Train Epoch 772: 0/74 Loss: 0.014013
2026-04-24 11:04: Train Epoch 772: 20/74 Loss: 0.002484
2026-04-24 11:04: Train Epoch 772: 40/74 Loss: 0.005805
2026-04-24 11:04: Train Epoch 772: 60/74 Loss: 0.026015
2026-04-24 11:04: **********Train Epoch 772: averaged Loss: 0.008916
2026-04-24 11:04: **********Val Epoch 772: average Loss: 0.010997
2026-04-24 11:04: Train Epoch 773: 0/74 Loss: 0.029860
2026-04-24 11:04: Train Epoch 773: 20/74 Loss: 0.002427
2026-04-24 11:04: Train Epoch 773: 40/74 Loss: 0.004325
2026-04-24 11:05: Train Epoch 773: 60/74 Loss: 0.032740
2026-04-24 11:05: **********Train Epoch 773: averaged Loss: 0.011467
2026-04-24 11:05: **********Val Epoch 773: average Loss: 0.023168
2026-04-24 11:05: Train Epoch 774: 0/74 Loss: 0.031229
2026-04-24 11:05: Train Epoch 774: 20/74 Loss: 0.008052
2026-04-24 11:05: Train Epoch 774: 40/74 Loss: 0.003745
2026-04-24 11:05: Train Epoch 774: 60/74 Loss: 0.021506
2026-04-24 11:05: **********Train Epoch 774: averaged Loss: 0.009218
2026-04-24 11:05: **********Val Epoch 774: average Loss: 0.010356
2026-04-24 11:05: Train Epoch 775: 0/74 Loss: 0.023617
2026-04-24 11:05: Train Epoch 775: 20/74 Loss: 0.003939
2026-04-24 11:05: Train Epoch 775: 40/74 Loss: 0.003558
2026-04-24 11:05: Train Epoch 775: 60/74 Loss: 0.013429
2026-04-24 11:05: **********Train Epoch 775: averaged Loss: 0.006638
2026-04-24 11:05: **********Val Epoch 775: average Loss: 0.008672
2026-04-24 11:05: Train Epoch 776: 0/74 Loss: 0.019897
2026-04-24 11:05: Train Epoch 776: 20/74 Loss: 0.007431
2026-04-24 11:05: Train Epoch 776: 40/74 Loss: 0.004186
2026-04-24 11:05: Train Epoch 776: 60/74 Loss: 0.025562
2026-04-24 11:05: **********Train Epoch 776: averaged Loss: 0.008604
2026-04-24 11:05: **********Val Epoch 776: average Loss: 0.013891
2026-04-24 11:05: Train Epoch 777: 0/74 Loss: 0.019480
2026-04-24 11:05: Train Epoch 777: 20/74 Loss: 0.004430
2026-04-24 11:05: Train Epoch 777: 40/74 Loss: 0.008179
2026-04-24 11:05: Train Epoch 777: 60/74 Loss: 0.012776
2026-04-24 11:05: **********Train Epoch 777: averaged Loss: 0.007079
2026-04-24 11:05: **********Val Epoch 777: average Loss: 0.010374
2026-04-24 11:05: Train Epoch 778: 0/74 Loss: 0.009106
2026-04-24 11:05: Train Epoch 778: 20/74 Loss: 0.003385
2026-04-24 11:05: Train Epoch 778: 40/74 Loss: 0.004019
2026-04-24 11:05: Train Epoch 778: 60/74 Loss: 0.015640
2026-04-24 11:05: **********Train Epoch 778: averaged Loss: 0.005981
2026-04-24 11:05: **********Val Epoch 778: average Loss: 0.010208
2026-04-24 11:05: Train Epoch 779: 0/74 Loss: 0.025747
2026-04-24 11:05: Train Epoch 779: 20/74 Loss: 0.006693
2026-04-24 11:05: Train Epoch 779: 40/74 Loss: 0.003562
2026-04-24 11:05: Train Epoch 779: 60/74 Loss: 0.013246
2026-04-24 11:05: **********Train Epoch 779: averaged Loss: 0.006860
2026-04-24 11:05: **********Val Epoch 779: average Loss: 0.009114
2026-04-24 11:05: Train Epoch 780: 0/74 Loss: 0.005841
2026-04-24 11:05: Train Epoch 780: 20/74 Loss: 0.005846
2026-04-24 11:05: Train Epoch 780: 40/74 Loss: 0.003969
2026-04-24 11:05: Train Epoch 780: 60/74 Loss: 0.018281
2026-04-24 11:05: **********Train Epoch 780: averaged Loss: 0.006413
2026-04-24 11:05: **********Val Epoch 780: average Loss: 0.012532
2026-04-24 11:05: Train Epoch 781: 0/74 Loss: 0.009000
2026-04-24 11:05: Train Epoch 781: 20/74 Loss: 0.003074
2026-04-24 11:05: Train Epoch 781: 40/74 Loss: 0.004779
2026-04-24 11:05: Train Epoch 781: 60/74 Loss: 0.013328
2026-04-24 11:05: **********Train Epoch 781: averaged Loss: 0.005336
2026-04-24 11:05: **********Val Epoch 781: average Loss: 0.009403
2026-04-24 11:05: Train Epoch 782: 0/74 Loss: 0.020211
2026-04-24 11:06: Train Epoch 782: 20/74 Loss: 0.004261
2026-04-24 11:06: Train Epoch 782: 40/74 Loss: 0.004792
2026-04-24 11:06: Train Epoch 782: 60/74 Loss: 0.009575
2026-04-24 11:06: **********Train Epoch 782: averaged Loss: 0.006992
2026-04-24 11:06: **********Val Epoch 782: average Loss: 0.008984
2026-04-24 11:06: Train Epoch 783: 0/74 Loss: 0.012961
2026-04-24 11:06: Train Epoch 783: 20/74 Loss: 0.002448
2026-04-24 11:06: Train Epoch 783: 40/74 Loss: 0.004714
2026-04-24 11:06: Train Epoch 783: 60/74 Loss: 0.009651
2026-04-24 11:06: **********Train Epoch 783: averaged Loss: 0.005198
2026-04-24 11:06: **********Val Epoch 783: average Loss: 0.007301
2026-04-24 11:06: Train Epoch 784: 0/74 Loss: 0.002506
2026-04-24 11:06: Train Epoch 784: 20/74 Loss: 0.002668
2026-04-24 11:06: Train Epoch 784: 40/74 Loss: 0.003259
2026-04-24 11:06: Train Epoch 784: 60/74 Loss: 0.011330
2026-04-24 11:06: **********Train Epoch 784: averaged Loss: 0.004805
2026-04-24 11:06: **********Val Epoch 784: average Loss: 0.007930
2026-04-24 11:06: Train Epoch 785: 0/74 Loss: 0.013679
2026-04-24 11:06: Train Epoch 785: 20/74 Loss: 0.002425
2026-04-24 11:06: Train Epoch 785: 40/74 Loss: 0.003857
2026-04-24 11:06: Train Epoch 785: 60/74 Loss: 0.014388
2026-04-24 11:06: **********Train Epoch 785: averaged Loss: 0.006665
2026-04-24 11:06: **********Val Epoch 785: average Loss: 0.008291
2026-04-24 11:06: Train Epoch 786: 0/74 Loss: 0.023348
2026-04-24 11:06: Train Epoch 786: 20/74 Loss: 0.005080
2026-04-24 11:06: Train Epoch 786: 40/74 Loss: 0.003684
2026-04-24 11:06: Train Epoch 786: 60/74 Loss: 0.024124
2026-04-24 11:06: **********Train Epoch 786: averaged Loss: 0.007929
2026-04-24 11:06: **********Val Epoch 786: average Loss: 0.013025
2026-04-24 11:06: Train Epoch 787: 0/74 Loss: 0.029154
2026-04-24 11:06: Train Epoch 787: 20/74 Loss: 0.003200
2026-04-24 11:06: Train Epoch 787: 40/74 Loss: 0.003593
2026-04-24 11:06: Train Epoch 787: 60/74 Loss: 0.021378
2026-04-24 11:06: **********Train Epoch 787: averaged Loss: 0.008437
2026-04-24 11:06: **********Val Epoch 787: average Loss: 0.009323
2026-04-24 11:06: Train Epoch 788: 0/74 Loss: 0.032060
2026-04-24 11:06: Train Epoch 788: 20/74 Loss: 0.004624
2026-04-24 11:06: Train Epoch 788: 40/74 Loss: 0.003879
2026-04-24 11:06: Train Epoch 788: 60/74 Loss: 0.009568
2026-04-24 11:06: **********Train Epoch 788: averaged Loss: 0.007917
2026-04-24 11:06: **********Val Epoch 788: average Loss: 0.009406
2026-04-24 11:06: Train Epoch 789: 0/74 Loss: 0.006094
2026-04-24 11:06: Train Epoch 789: 20/74 Loss: 0.002616
2026-04-24 11:06: Train Epoch 789: 40/74 Loss: 0.004817
2026-04-24 11:06: Train Epoch 789: 60/74 Loss: 0.021514
2026-04-24 11:06: **********Train Epoch 789: averaged Loss: 0.006493
2026-04-24 11:06: **********Val Epoch 789: average Loss: 0.011960
2026-04-24 11:06: Train Epoch 790: 0/74 Loss: 0.002771
2026-04-24 11:06: Train Epoch 790: 20/74 Loss: 0.003828
2026-04-24 11:06: Train Epoch 790: 40/74 Loss: 0.003880
2026-04-24 11:06: Train Epoch 790: 60/74 Loss: 0.022582
2026-04-24 11:07: **********Train Epoch 790: averaged Loss: 0.006370
2026-04-24 11:07: **********Val Epoch 790: average Loss: 0.019443
2026-04-24 11:07: Train Epoch 791: 0/74 Loss: 0.006408
2026-04-24 11:07: Train Epoch 791: 20/74 Loss: 0.003594
2026-04-24 11:07: Train Epoch 791: 40/74 Loss: 0.005135
2026-04-24 11:07: Train Epoch 791: 60/74 Loss: 0.020705
2026-04-24 11:07: **********Train Epoch 791: averaged Loss: 0.006297
2026-04-24 11:07: **********Val Epoch 791: average Loss: 0.011175
2026-04-24 11:07: Train Epoch 792: 0/74 Loss: 0.005152
2026-04-24 11:07: Train Epoch 792: 20/74 Loss: 0.003712
2026-04-24 11:07: Train Epoch 792: 40/74 Loss: 0.004037
2026-04-24 11:07: Train Epoch 792: 60/74 Loss: 0.018870
2026-04-24 11:07: **********Train Epoch 792: averaged Loss: 0.005874
2026-04-24 11:07: **********Val Epoch 792: average Loss: 0.015725
2026-04-24 11:07: Train Epoch 793: 0/74 Loss: 0.010937
2026-04-24 11:07: Train Epoch 793: 20/74 Loss: 0.002571
2026-04-24 11:07: Train Epoch 793: 40/74 Loss: 0.003660
2026-04-24 11:07: Train Epoch 793: 60/74 Loss: 0.012389
2026-04-24 11:07: **********Train Epoch 793: averaged Loss: 0.005531
2026-04-24 11:07: **********Val Epoch 793: average Loss: 0.022370
2026-04-24 11:07: Train Epoch 794: 0/74 Loss: 0.003288
2026-04-24 11:07: Train Epoch 794: 20/74 Loss: 0.003492
2026-04-24 11:07: Train Epoch 794: 40/74 Loss: 0.003227
2026-04-24 11:07: Train Epoch 794: 60/74 Loss: 0.008310
2026-04-24 11:07: **********Train Epoch 794: averaged Loss: 0.006137
2026-04-24 11:07: **********Val Epoch 794: average Loss: 0.018335
2026-04-24 11:07: Train Epoch 795: 0/74 Loss: 0.013393
2026-04-24 11:07: Train Epoch 795: 20/74 Loss: 0.002637
2026-04-24 11:07: Train Epoch 795: 40/74 Loss: 0.004401
2026-04-24 11:07: Train Epoch 795: 60/74 Loss: 0.009591
2026-04-24 11:07: **********Train Epoch 795: averaged Loss: 0.005858
2026-04-24 11:07: **********Val Epoch 795: average Loss: 0.029298
2026-04-24 11:07: Train Epoch 796: 0/74 Loss: 0.025644
2026-04-24 11:07: Train Epoch 796: 20/74 Loss: 0.007253
2026-04-24 11:07: Train Epoch 796: 40/74 Loss: 0.004654
2026-04-24 11:07: Train Epoch 796: 60/74 Loss: 0.006581
2026-04-24 11:07: **********Train Epoch 796: averaged Loss: 0.007913
2026-04-24 11:07: **********Val Epoch 796: average Loss: 0.020663
2026-04-24 11:07: Train Epoch 797: 0/74 Loss: 0.018073
2026-04-24 11:07: Train Epoch 797: 20/74 Loss: 0.002674
2026-04-24 11:07: Train Epoch 797: 40/74 Loss: 0.004084
2026-04-24 11:07: Train Epoch 797: 60/74 Loss: 0.008716
2026-04-24 11:07: **********Train Epoch 797: averaged Loss: 0.006554
2026-04-24 11:07: **********Val Epoch 797: average Loss: 0.031714
2026-04-24 11:07: Train Epoch 798: 0/74 Loss: 0.022253
2026-04-24 11:07: Train Epoch 798: 20/74 Loss: 0.007500
2026-04-24 11:07: Train Epoch 798: 40/74 Loss: 0.004014
2026-04-24 11:07: Train Epoch 798: 60/74 Loss: 0.009215
2026-04-24 11:07: **********Train Epoch 798: averaged Loss: 0.009009
2026-04-24 11:07: **********Val Epoch 798: average Loss: 0.027452
2026-04-24 11:07: Train Epoch 799: 0/74 Loss: 0.022283
2026-04-24 11:07: Train Epoch 799: 20/74 Loss: 0.003350
2026-04-24 11:07: Train Epoch 799: 40/74 Loss: 0.004276
2026-04-24 11:08: Train Epoch 799: 60/74 Loss: 0.025250
2026-04-24 11:08: **********Train Epoch 799: averaged Loss: 0.010646
2026-04-24 11:08: **********Val Epoch 799: average Loss: 0.011205
2026-04-24 11:08: Train Epoch 800: 0/74 Loss: 0.019771
2026-04-24 11:08: Train Epoch 800: 20/74 Loss: 0.002920
2026-04-24 11:08: Train Epoch 800: 40/74 Loss: 0.004222
2026-04-24 11:08: Train Epoch 800: 60/74 Loss: 0.013165
2026-04-24 11:08: **********Train Epoch 800: averaged Loss: 0.008032
2026-04-24 11:08: **********Val Epoch 800: average Loss: 0.024126
2026-04-24 11:08: Train Epoch 801: 0/74 Loss: 0.055716
2026-04-24 11:08: Train Epoch 801: 20/74 Loss: 0.006474
2026-04-24 11:08: Train Epoch 801: 40/74 Loss: 0.004152
2026-04-24 11:08: Train Epoch 801: 60/74 Loss: 0.006311
2026-04-24 11:08: **********Train Epoch 801: averaged Loss: 0.012104
2026-04-24 11:08: **********Val Epoch 801: average Loss: 0.006311
2026-04-24 11:08: Train Epoch 802: 0/74 Loss: 0.017277
2026-04-24 11:08: Train Epoch 802: 20/74 Loss: 0.003015
2026-04-24 11:08: Train Epoch 802: 40/74 Loss: 0.009093
2026-04-24 11:08: Train Epoch 802: 60/74 Loss: 0.018074
2026-04-24 11:08: **********Train Epoch 802: averaged Loss: 0.010629
2026-04-24 11:08: **********Val Epoch 802: average Loss: 0.009085
2026-04-24 11:08: Train Epoch 803: 0/74 Loss: 0.038030
2026-04-24 11:08: Train Epoch 803: 20/74 Loss: 0.005838
2026-04-24 11:08: Train Epoch 803: 40/74 Loss: 0.016145
2026-04-24 11:08: Train Epoch 803: 60/74 Loss: 0.015438
2026-04-24 11:08: **********Train Epoch 803: averaged Loss: 0.012361
2026-04-24 11:08: **********Val Epoch 803: average Loss: 0.009475
2026-04-24 11:08: Train Epoch 804: 0/74 Loss: 0.041636
2026-04-24 11:08: Train Epoch 804: 20/74 Loss: 0.003594
2026-04-24 11:08: Train Epoch 804: 40/74 Loss: 0.004813
2026-04-24 11:08: Train Epoch 804: 60/74 Loss: 0.011880
2026-04-24 11:08: **********Train Epoch 804: averaged Loss: 0.009944
2026-04-24 11:08: **********Val Epoch 804: average Loss: 0.009743
2026-04-24 11:08: Train Epoch 805: 0/74 Loss: 0.015258
2026-04-24 11:08: Train Epoch 805: 20/74 Loss: 0.002455
2026-04-24 11:08: Train Epoch 805: 40/74 Loss: 0.006733
2026-04-24 11:08: Train Epoch 805: 60/74 Loss: 0.025642
2026-04-24 11:08: **********Train Epoch 805: averaged Loss: 0.008401
2026-04-24 11:08: **********Val Epoch 805: average Loss: 0.017611
2026-04-24 11:08: Train Epoch 806: 0/74 Loss: 0.028214
2026-04-24 11:08: Train Epoch 806: 20/74 Loss: 0.002418
2026-04-24 11:08: Train Epoch 806: 40/74 Loss: 0.004466
2026-04-24 11:08: Train Epoch 806: 60/74 Loss: 0.009696
2026-04-24 11:08: **********Train Epoch 806: averaged Loss: 0.006764
2026-04-24 11:08: **********Val Epoch 806: average Loss: 0.018428
2026-04-24 11:08: Train Epoch 807: 0/74 Loss: 0.008826
2026-04-24 11:08: Train Epoch 807: 20/74 Loss: 0.004704
2026-04-24 11:08: Train Epoch 807: 40/74 Loss: 0.009550
2026-04-24 11:08: Train Epoch 807: 60/74 Loss: 0.005625
2026-04-24 11:08: **********Train Epoch 807: averaged Loss: 0.007761
2026-04-24 11:08: **********Val Epoch 807: average Loss: 0.006380
2026-04-24 11:08: Train Epoch 808: 0/74 Loss: 0.019565
2026-04-24 11:08: Train Epoch 808: 20/74 Loss: 0.005327
2026-04-24 11:09: Train Epoch 808: 40/74 Loss: 0.005829
2026-04-24 11:09: Train Epoch 808: 60/74 Loss: 0.019294
2026-04-24 11:09: **********Train Epoch 808: averaged Loss: 0.009390
2026-04-24 11:09: **********Val Epoch 808: average Loss: 0.010417
2026-04-24 11:09: Train Epoch 809: 0/74 Loss: 0.010404
2026-04-24 11:09: Train Epoch 809: 20/74 Loss: 0.002482
2026-04-24 11:09: Train Epoch 809: 40/74 Loss: 0.006115
2026-04-24 11:09: Train Epoch 809: 60/74 Loss: 0.007114
2026-04-24 11:09: **********Train Epoch 809: averaged Loss: 0.006396
2026-04-24 11:09: **********Val Epoch 809: average Loss: 0.007459
2026-04-24 11:09: Train Epoch 810: 0/74 Loss: 0.006376
2026-04-24 11:09: Train Epoch 810: 20/74 Loss: 0.002795
2026-04-24 11:09: Train Epoch 810: 40/74 Loss: 0.007333
2026-04-24 11:09: Train Epoch 810: 60/74 Loss: 0.009984
2026-04-24 11:09: **********Train Epoch 810: averaged Loss: 0.006544
2026-04-24 11:09: **********Val Epoch 810: average Loss: 0.007412
2026-04-24 11:09: Train Epoch 811: 0/74 Loss: 0.019053
2026-04-24 11:09: Train Epoch 811: 20/74 Loss: 0.002581
2026-04-24 11:09: Train Epoch 811: 40/74 Loss: 0.004040
2026-04-24 11:09: Train Epoch 811: 60/74 Loss: 0.006391
2026-04-24 11:09: **********Train Epoch 811: averaged Loss: 0.005270
2026-04-24 11:09: **********Val Epoch 811: average Loss: 0.007297
2026-04-24 11:09: Train Epoch 812: 0/74 Loss: 0.019230
2026-04-24 11:09: Train Epoch 812: 20/74 Loss: 0.002453
2026-04-24 11:09: Train Epoch 812: 40/74 Loss: 0.003662
2026-04-24 11:09: Train Epoch 812: 60/74 Loss: 0.004601
2026-04-24 11:09: **********Train Epoch 812: averaged Loss: 0.004796
2026-04-24 11:09: **********Val Epoch 812: average Loss: 0.007455
2026-04-24 11:09: Train Epoch 813: 0/74 Loss: 0.011820
2026-04-24 11:09: Train Epoch 813: 20/74 Loss: 0.002592
2026-04-24 11:09: Train Epoch 813: 40/74 Loss: 0.004982
2026-04-24 11:09: Train Epoch 813: 60/74 Loss: 0.004985
2026-04-24 11:09: **********Train Epoch 813: averaged Loss: 0.005022
2026-04-24 11:09: **********Val Epoch 813: average Loss: 0.007831
2026-04-24 11:09: Train Epoch 814: 0/74 Loss: 0.005215
2026-04-24 11:09: Train Epoch 814: 20/74 Loss: 0.002966
2026-04-24 11:09: Train Epoch 814: 40/74 Loss: 0.004469
2026-04-24 11:09: Train Epoch 814: 60/74 Loss: 0.004944
2026-04-24 11:09: **********Train Epoch 814: averaged Loss: 0.005482
2026-04-24 11:09: **********Val Epoch 814: average Loss: 0.006391
2026-04-24 11:09: Train Epoch 815: 0/74 Loss: 0.022686
2026-04-24 11:09: Train Epoch 815: 20/74 Loss: 0.011842
2026-04-24 11:09: Train Epoch 815: 40/74 Loss: 0.006060
2026-04-24 11:09: Train Epoch 815: 60/74 Loss: 0.008616
2026-04-24 11:09: **********Train Epoch 815: averaged Loss: 0.010504
2026-04-24 11:09: **********Val Epoch 815: average Loss: 0.007144
2026-04-24 11:09: Train Epoch 816: 0/74 Loss: 0.032676
2026-04-24 11:09: Train Epoch 816: 20/74 Loss: 0.013315
2026-04-24 11:09: Train Epoch 816: 40/74 Loss: 0.004356
2026-04-24 11:09: Train Epoch 816: 60/74 Loss: 0.007418
2026-04-24 11:09: **********Train Epoch 816: averaged Loss: 0.009693
2026-04-24 11:09: **********Val Epoch 816: average Loss: 0.010037
2026-04-24 11:09: Train Epoch 817: 0/74 Loss: 0.005833
2026-04-24 11:10: Train Epoch 817: 20/74 Loss: 0.002680
2026-04-24 11:10: Train Epoch 817: 40/74 Loss: 0.005750
2026-04-24 11:10: Train Epoch 817: 60/74 Loss: 0.005718
2026-04-24 11:10: **********Train Epoch 817: averaged Loss: 0.007186
2026-04-24 11:10: **********Val Epoch 817: average Loss: 0.011326
2026-04-24 11:10: Train Epoch 818: 0/74 Loss: 0.020098
2026-04-24 11:10: Train Epoch 818: 20/74 Loss: 0.003995
2026-04-24 11:10: Train Epoch 818: 40/74 Loss: 0.005800
2026-04-24 11:10: Train Epoch 818: 60/74 Loss: 0.009258
2026-04-24 11:10: **********Train Epoch 818: averaged Loss: 0.009447
2026-04-24 11:10: **********Val Epoch 818: average Loss: 0.012676
2026-04-24 11:10: Train Epoch 819: 0/74 Loss: 0.013080
2026-04-24 11:10: Train Epoch 819: 20/74 Loss: 0.003021
2026-04-24 11:10: Train Epoch 819: 40/74 Loss: 0.003952
2026-04-24 11:10: Train Epoch 819: 60/74 Loss: 0.014843
2026-04-24 11:10: **********Train Epoch 819: averaged Loss: 0.010586
2026-04-24 11:10: **********Val Epoch 819: average Loss: 0.020041
2026-04-24 11:10: Train Epoch 820: 0/74 Loss: 0.009694
2026-04-24 11:10: Train Epoch 820: 20/74 Loss: 0.002500
2026-04-24 11:10: Train Epoch 820: 40/74 Loss: 0.004099
2026-04-24 11:10: Train Epoch 820: 60/74 Loss: 0.006969
2026-04-24 11:10: **********Train Epoch 820: averaged Loss: 0.008249
2026-04-24 11:10: **********Val Epoch 820: average Loss: 0.017986
2026-04-24 11:10: Train Epoch 821: 0/74 Loss: 0.003814
2026-04-24 11:10: Train Epoch 821: 20/74 Loss: 0.002239
2026-04-24 11:10: Train Epoch 821: 40/74 Loss: 0.004426
2026-04-24 11:10: Train Epoch 821: 60/74 Loss: 0.006076
2026-04-24 11:10: **********Train Epoch 821: averaged Loss: 0.006275
2026-04-24 11:10: **********Val Epoch 821: average Loss: 0.023391
2026-04-24 11:10: Train Epoch 822: 0/74 Loss: 0.008710
2026-04-24 11:10: Train Epoch 822: 20/74 Loss: 0.002546
2026-04-24 11:10: Train Epoch 822: 40/74 Loss: 0.003795
2026-04-24 11:10: Train Epoch 822: 60/74 Loss: 0.006550
2026-04-24 11:10: **********Train Epoch 822: averaged Loss: 0.008433
2026-04-24 11:10: **********Val Epoch 822: average Loss: 0.007164
2026-04-24 11:10: Train Epoch 823: 0/74 Loss: 0.004891
2026-04-24 11:10: Train Epoch 823: 20/74 Loss: 0.002641
2026-04-24 11:10: Train Epoch 823: 40/74 Loss: 0.004666
2026-04-24 11:10: Train Epoch 823: 60/74 Loss: 0.021838
2026-04-24 11:10: **********Train Epoch 823: averaged Loss: 0.011088
2026-04-24 11:10: **********Val Epoch 823: average Loss: 0.009316
2026-04-24 11:10: Train Epoch 824: 0/74 Loss: 0.064144
2026-04-24 11:10: Train Epoch 824: 20/74 Loss: 0.007220
2026-04-24 11:10: Train Epoch 824: 40/74 Loss: 0.008829
2026-04-24 11:10: Train Epoch 824: 60/74 Loss: 0.009785
2026-04-24 11:10: **********Train Epoch 824: averaged Loss: 0.017903
2026-04-24 11:10: **********Val Epoch 824: average Loss: 0.011688
2026-04-24 11:10: Train Epoch 825: 0/74 Loss: 0.017818
2026-04-24 11:10: Train Epoch 825: 20/74 Loss: 0.003272
2026-04-24 11:10: Train Epoch 825: 40/74 Loss: 0.005226
2026-04-24 11:10: Train Epoch 825: 60/74 Loss: 0.006602
2026-04-24 11:10: **********Train Epoch 825: averaged Loss: 0.008492
2026-04-24 11:10: **********Val Epoch 825: average Loss: 0.006922
2026-04-24 11:10: Train Epoch 826: 0/74 Loss: 0.017830
2026-04-24 11:11: Train Epoch 826: 20/74 Loss: 0.002617
2026-04-24 11:11: Train Epoch 826: 40/74 Loss: 0.007216
2026-04-24 11:11: Train Epoch 826: 60/74 Loss: 0.013882
2026-04-24 11:11: **********Train Epoch 826: averaged Loss: 0.009757
2026-04-24 11:11: **********Val Epoch 826: average Loss: 0.011842
2026-04-24 11:11: Train Epoch 827: 0/74 Loss: 0.058946
2026-04-24 11:11: Train Epoch 827: 20/74 Loss: 0.004546
2026-04-24 11:11: Train Epoch 827: 40/74 Loss: 0.005900
2026-04-24 11:11: Train Epoch 827: 60/74 Loss: 0.015057
2026-04-24 11:11: **********Train Epoch 827: averaged Loss: 0.014268
2026-04-24 11:11: **********Val Epoch 827: average Loss: 0.005365
2026-04-24 11:11: Train Epoch 828: 0/74 Loss: 0.021753
2026-04-24 11:11: Train Epoch 828: 20/74 Loss: 0.003067
2026-04-24 11:11: Train Epoch 828: 40/74 Loss: 0.005041
2026-04-24 11:11: Train Epoch 828: 60/74 Loss: 0.018678
2026-04-24 11:11: **********Train Epoch 828: averaged Loss: 0.009805
2026-04-24 11:11: **********Val Epoch 828: average Loss: 0.006248
2026-04-24 11:11: Train Epoch 829: 0/74 Loss: 0.040927
2026-04-24 11:11: Train Epoch 829: 20/74 Loss: 0.011816
2026-04-24 11:11: Train Epoch 829: 40/74 Loss: 0.004169
2026-04-24 11:11: Train Epoch 829: 60/74 Loss: 0.021530
2026-04-24 11:11: **********Train Epoch 829: averaged Loss: 0.012530
2026-04-24 11:11: **********Val Epoch 829: average Loss: 0.009706
2026-04-24 11:11: Train Epoch 830: 0/74 Loss: 0.019630
2026-04-24 11:11: Train Epoch 830: 20/74 Loss: 0.002742
2026-04-24 11:11: Train Epoch 830: 40/74 Loss: 0.003884
2026-04-24 11:11: Train Epoch 830: 60/74 Loss: 0.017582
2026-04-24 11:11: **********Train Epoch 830: averaged Loss: 0.008830
2026-04-24 11:11: **********Val Epoch 830: average Loss: 0.006761
2026-04-24 11:11: Train Epoch 831: 0/74 Loss: 0.015034
2026-04-24 11:11: Train Epoch 831: 20/74 Loss: 0.002478
2026-04-24 11:11: Train Epoch 831: 40/74 Loss: 0.004107
2026-04-24 11:11: Train Epoch 831: 60/74 Loss: 0.019285
2026-04-24 11:11: **********Train Epoch 831: averaged Loss: 0.008863
2026-04-24 11:11: **********Val Epoch 831: average Loss: 0.007856
2026-04-24 11:11: Train Epoch 832: 0/74 Loss: 0.002518
2026-04-24 11:11: Train Epoch 832: 20/74 Loss: 0.004082
2026-04-24 11:11: Train Epoch 832: 40/74 Loss: 0.006713
2026-04-24 11:11: Train Epoch 832: 60/74 Loss: 0.024764
2026-04-24 11:11: **********Train Epoch 832: averaged Loss: 0.008131
2026-04-24 11:11: **********Val Epoch 832: average Loss: 0.014719
2026-04-24 11:11: Train Epoch 833: 0/74 Loss: 0.002642
2026-04-24 11:11: Train Epoch 833: 20/74 Loss: 0.003126
2026-04-24 11:11: Train Epoch 833: 40/74 Loss: 0.005540
2026-04-24 11:11: Train Epoch 833: 60/74 Loss: 0.018569
2026-04-24 11:11: **********Train Epoch 833: averaged Loss: 0.006893
2026-04-24 11:11: **********Val Epoch 833: average Loss: 0.008724
2026-04-24 11:11: Train Epoch 834: 0/74 Loss: 0.013599
2026-04-24 11:11: Train Epoch 834: 20/74 Loss: 0.002561
2026-04-24 11:11: Train Epoch 834: 40/74 Loss: 0.007943
2026-04-24 11:11: Train Epoch 834: 60/74 Loss: 0.029452
2026-04-24 11:11: **********Train Epoch 834: averaged Loss: 0.009874
2026-04-24 11:11: **********Val Epoch 834: average Loss: 0.023418
2026-04-24 11:11: Train Epoch 835: 0/74 Loss: 0.011869
2026-04-24 11:11: Train Epoch 835: 20/74 Loss: 0.002648
2026-04-24 11:12: Train Epoch 835: 40/74 Loss: 0.007586
2026-04-24 11:12: Train Epoch 835: 60/74 Loss: 0.015343
2026-04-24 11:12: **********Train Epoch 835: averaged Loss: 0.007646
2026-04-24 11:12: **********Val Epoch 835: average Loss: 0.008826
2026-04-24 11:12: Train Epoch 836: 0/74 Loss: 0.027817
2026-04-24 11:12: Train Epoch 836: 20/74 Loss: 0.006049
2026-04-24 11:12: Train Epoch 836: 40/74 Loss: 0.008521
2026-04-24 11:12: Train Epoch 836: 60/74 Loss: 0.020452
2026-04-24 11:12: **********Train Epoch 836: averaged Loss: 0.009732
2026-04-24 11:12: **********Val Epoch 836: average Loss: 0.010978
2026-04-24 11:12: Train Epoch 837: 0/74 Loss: 0.021783
2026-04-24 11:12: Train Epoch 837: 20/74 Loss: 0.005206
2026-04-24 11:12: Train Epoch 837: 40/74 Loss: 0.009604
2026-04-24 11:12: Train Epoch 837: 60/74 Loss: 0.026605
2026-04-24 11:12: **********Train Epoch 837: averaged Loss: 0.010006
2026-04-24 11:12: **********Val Epoch 837: average Loss: 0.024394
2026-04-24 11:12: Train Epoch 838: 0/74 Loss: 0.011051
2026-04-24 11:12: Train Epoch 838: 20/74 Loss: 0.003339
2026-04-24 11:12: Train Epoch 838: 40/74 Loss: 0.009228
2026-04-24 11:12: Train Epoch 838: 60/74 Loss: 0.019205
2026-04-24 11:12: **********Train Epoch 838: averaged Loss: 0.006909
2026-04-24 11:12: **********Val Epoch 838: average Loss: 0.009973
2026-04-24 11:12: Train Epoch 839: 0/74 Loss: 0.017688
2026-04-24 11:12: Train Epoch 839: 20/74 Loss: 0.002550
2026-04-24 11:12: Train Epoch 839: 40/74 Loss: 0.009257
2026-04-24 11:12: Train Epoch 839: 60/74 Loss: 0.013783
2026-04-24 11:12: **********Train Epoch 839: averaged Loss: 0.006925
2026-04-24 11:12: **********Val Epoch 839: average Loss: 0.010490
2026-04-24 11:12: Train Epoch 840: 0/74 Loss: 0.032365
2026-04-24 11:12: Train Epoch 840: 20/74 Loss: 0.005648
2026-04-24 11:12: Train Epoch 840: 40/74 Loss: 0.012321
2026-04-24 11:12: Train Epoch 840: 60/74 Loss: 0.009009
2026-04-24 11:12: **********Train Epoch 840: averaged Loss: 0.008066
2026-04-24 11:12: **********Val Epoch 840: average Loss: 0.010682
2026-04-24 11:12: Train Epoch 841: 0/74 Loss: 0.026315
2026-04-24 11:12: Train Epoch 841: 20/74 Loss: 0.002651
2026-04-24 11:12: Train Epoch 841: 40/74 Loss: 0.008982
2026-04-24 11:12: Train Epoch 841: 60/74 Loss: 0.006423
2026-04-24 11:12: **********Train Epoch 841: averaged Loss: 0.006242
2026-04-24 11:12: **********Val Epoch 841: average Loss: 0.009771
2026-04-24 11:12: Train Epoch 842: 0/74 Loss: 0.032370
2026-04-24 11:12: Train Epoch 842: 20/74 Loss: 0.003198
2026-04-24 11:12: Train Epoch 842: 40/74 Loss: 0.005824
2026-04-24 11:12: Train Epoch 842: 60/74 Loss: 0.007640
2026-04-24 11:12: **********Train Epoch 842: averaged Loss: 0.007017
2026-04-24 11:12: **********Val Epoch 842: average Loss: 0.017695
2026-04-24 11:12: Train Epoch 843: 0/74 Loss: 0.015757
2026-04-24 11:12: Train Epoch 843: 20/74 Loss: 0.002545
2026-04-24 11:12: Train Epoch 843: 40/74 Loss: 0.008359
2026-04-24 11:13: Train Epoch 843: 60/74 Loss: 0.008744
2026-04-24 11:13: **********Train Epoch 843: averaged Loss: 0.006556
2026-04-24 11:13: **********Val Epoch 843: average Loss: 0.009645
2026-04-24 11:13: Train Epoch 844: 0/74 Loss: 0.015711
2026-04-24 11:13: Train Epoch 844: 20/74 Loss: 0.005918
2026-04-24 11:13: Train Epoch 844: 40/74 Loss: 0.012003
2026-04-24 11:13: Train Epoch 844: 60/74 Loss: 0.020700
2026-04-24 11:13: **********Train Epoch 844: averaged Loss: 0.012284
2026-04-24 11:13: **********Val Epoch 844: average Loss: 0.009265
2026-04-24 11:13: Train Epoch 845: 0/74 Loss: 0.041534
2026-04-24 11:13: Train Epoch 845: 20/74 Loss: 0.003956
2026-04-24 11:13: Train Epoch 845: 40/74 Loss: 0.005591
2026-04-24 11:13: Train Epoch 845: 60/74 Loss: 0.012808
2026-04-24 11:13: **********Train Epoch 845: averaged Loss: 0.010385
2026-04-24 11:13: **********Val Epoch 845: average Loss: 0.008509
2026-04-24 11:13: Train Epoch 846: 0/74 Loss: 0.021342
2026-04-24 11:13: Train Epoch 846: 20/74 Loss: 0.002944
2026-04-24 11:13: Train Epoch 846: 40/74 Loss: 0.007208
2026-04-24 11:13: Train Epoch 846: 60/74 Loss: 0.013343
2026-04-24 11:13: **********Train Epoch 846: averaged Loss: 0.008407
2026-04-24 11:13: **********Val Epoch 846: average Loss: 0.011154
2026-04-24 11:13: Train Epoch 847: 0/74 Loss: 0.031400
2026-04-24 11:13: Train Epoch 847: 20/74 Loss: 0.006055
2026-04-24 11:13: Train Epoch 847: 40/74 Loss: 0.005518
2026-04-24 11:13: Train Epoch 847: 60/74 Loss: 0.015378
2026-04-24 11:13: **********Train Epoch 847: averaged Loss: 0.008155
2026-04-24 11:13: **********Val Epoch 847: average Loss: 0.012591
2026-04-24 11:13: Train Epoch 848: 0/74 Loss: 0.013196
2026-04-24 11:13: Train Epoch 848: 20/74 Loss: 0.003774
2026-04-24 11:13: Train Epoch 848: 40/74 Loss: 0.006862
2026-04-24 11:13: Train Epoch 848: 60/74 Loss: 0.014006
2026-04-24 11:13: **********Train Epoch 848: averaged Loss: 0.007007
2026-04-24 11:13: **********Val Epoch 848: average Loss: 0.008884
2026-04-24 11:13: Train Epoch 849: 0/74 Loss: 0.007018
2026-04-24 11:13: Train Epoch 849: 20/74 Loss: 0.005606
2026-04-24 11:13: Train Epoch 849: 40/74 Loss: 0.007610
2026-04-24 11:13: Train Epoch 849: 60/74 Loss: 0.020541
2026-04-24 11:13: **********Train Epoch 849: averaged Loss: 0.008800
2026-04-24 11:13: **********Val Epoch 849: average Loss: 0.014095
2026-04-24 11:13: Train Epoch 850: 0/74 Loss: 0.002778
2026-04-24 11:13: Train Epoch 850: 20/74 Loss: 0.004334
2026-04-24 11:13: Train Epoch 850: 40/74 Loss: 0.007168
2026-04-24 11:13: Train Epoch 850: 60/74 Loss: 0.005531
2026-04-24 11:13: **********Train Epoch 850: averaged Loss: 0.006472
2026-04-24 11:13: **********Val Epoch 850: average Loss: 0.018825
2026-04-24 11:13: Train Epoch 851: 0/74 Loss: 0.004247
2026-04-24 11:13: Train Epoch 851: 20/74 Loss: 0.005898
2026-04-24 11:13: Train Epoch 851: 40/74 Loss: 0.007198
2026-04-24 11:13: Train Epoch 851: 60/74 Loss: 0.009541
2026-04-24 11:13: **********Train Epoch 851: averaged Loss: 0.007667
2026-04-24 11:13: **********Val Epoch 851: average Loss: 0.016298
2026-04-24 11:13: Train Epoch 852: 0/74 Loss: 0.014832
2026-04-24 11:13: Train Epoch 852: 20/74 Loss: 0.002758
2026-04-24 11:14: Train Epoch 852: 40/74 Loss: 0.004653
2026-04-24 11:14: Train Epoch 852: 60/74 Loss: 0.010136
2026-04-24 11:14: **********Train Epoch 852: averaged Loss: 0.007339
2026-04-24 11:14: **********Val Epoch 852: average Loss: 0.008711
2026-04-24 11:14: Train Epoch 853: 0/74 Loss: 0.033645
2026-04-24 11:14: Train Epoch 853: 20/74 Loss: 0.009338
2026-04-24 11:14: Train Epoch 853: 40/74 Loss: 0.004800
2026-04-24 11:14: Train Epoch 853: 60/74 Loss: 0.012759
2026-04-24 11:14: **********Train Epoch 853: averaged Loss: 0.012678
2026-04-24 11:14: **********Val Epoch 853: average Loss: 0.008093
2026-04-24 11:14: Train Epoch 854: 0/74 Loss: 0.036128
2026-04-24 11:14: Train Epoch 854: 20/74 Loss: 0.012455
2026-04-24 11:14: Train Epoch 854: 40/74 Loss: 0.005933
2026-04-24 11:14: Train Epoch 854: 60/74 Loss: 0.005325
2026-04-24 11:14: **********Train Epoch 854: averaged Loss: 0.011990
2026-04-24 11:14: **********Val Epoch 854: average Loss: 0.007376
2026-04-24 11:14: Train Epoch 855: 0/74 Loss: 0.023766
2026-04-24 11:14: Train Epoch 855: 20/74 Loss: 0.005857
2026-04-24 11:14: Train Epoch 855: 40/74 Loss: 0.003854
2026-04-24 11:14: Train Epoch 855: 60/74 Loss: 0.008223
2026-04-24 11:14: **********Train Epoch 855: averaged Loss: 0.008915
2026-04-24 11:14: **********Val Epoch 855: average Loss: 0.006589
2026-04-24 11:14: Train Epoch 856: 0/74 Loss: 0.039290
2026-04-24 11:14: Train Epoch 856: 20/74 Loss: 0.009247
2026-04-24 11:14: Train Epoch 856: 40/74 Loss: 0.004142
2026-04-24 11:14: Train Epoch 856: 60/74 Loss: 0.005369
2026-04-24 11:14: **********Train Epoch 856: averaged Loss: 0.009863
2026-04-24 11:14: **********Val Epoch 856: average Loss: 0.005027
2026-04-24 11:14: Train Epoch 857: 0/74 Loss: 0.005888
2026-04-24 11:14: Train Epoch 857: 20/74 Loss: 0.002729
2026-04-24 11:14: Train Epoch 857: 40/74 Loss: 0.007514
2026-04-24 11:14: Train Epoch 857: 60/74 Loss: 0.005214
2026-04-24 11:14: **********Train Epoch 857: averaged Loss: 0.006416
2026-04-24 11:14: **********Val Epoch 857: average Loss: 0.005276
2026-04-24 11:14: Train Epoch 858: 0/74 Loss: 0.004925
2026-04-24 11:14: Train Epoch 858: 20/74 Loss: 0.002866
2026-04-24 11:14: Train Epoch 858: 40/74 Loss: 0.004985
2026-04-24 11:14: Train Epoch 858: 60/74 Loss: 0.006307
2026-04-24 11:14: **********Train Epoch 858: averaged Loss: 0.006173
2026-04-24 11:14: **********Val Epoch 858: average Loss: 0.009222
2026-04-24 11:14: Train Epoch 859: 0/74 Loss: 0.009516
2026-04-24 11:14: Train Epoch 859: 20/74 Loss: 0.002693
2026-04-24 11:14: Train Epoch 859: 40/74 Loss: 0.005281
2026-04-24 11:14: Train Epoch 859: 60/74 Loss: 0.007505
2026-04-24 11:14: **********Train Epoch 859: averaged Loss: 0.006975
2026-04-24 11:14: **********Val Epoch 859: average Loss: 0.015232
2026-04-24 11:14: Train Epoch 860: 0/74 Loss: 0.005616
2026-04-24 11:14: Train Epoch 860: 20/74 Loss: 0.003068
2026-04-24 11:14: Train Epoch 860: 40/74 Loss: 0.003515
2026-04-24 11:14: Train Epoch 860: 60/74 Loss: 0.009403
2026-04-24 11:14: **********Train Epoch 860: averaged Loss: 0.006834
2026-04-24 11:14: **********Val Epoch 860: average Loss: 0.008345
2026-04-24 11:14: Train Epoch 861: 0/74 Loss: 0.014070
2026-04-24 11:14: Train Epoch 861: 20/74 Loss: 0.003055
2026-04-24 11:15: Train Epoch 861: 40/74 Loss: 0.010768
2026-04-24 11:15: Train Epoch 861: 60/74 Loss: 0.016522
2026-04-24 11:15: **********Train Epoch 861: averaged Loss: 0.009910
2026-04-24 11:15: **********Val Epoch 861: average Loss: 0.009671
2026-04-24 11:15: Train Epoch 862: 0/74 Loss: 0.027212
2026-04-24 11:15: Train Epoch 862: 20/74 Loss: 0.002575
2026-04-24 11:15: Train Epoch 862: 40/74 Loss: 0.007188
2026-04-24 11:15: Train Epoch 862: 60/74 Loss: 0.006058
2026-04-24 11:15: **********Train Epoch 862: averaged Loss: 0.006474
2026-04-24 11:15: **********Val Epoch 862: average Loss: 0.005714
2026-04-24 11:15: Train Epoch 863: 0/74 Loss: 0.025153
2026-04-24 11:15: Train Epoch 863: 20/74 Loss: 0.005913
2026-04-24 11:15: Train Epoch 863: 40/74 Loss: 0.005662
2026-04-24 11:15: Train Epoch 863: 60/74 Loss: 0.004721
2026-04-24 11:15: **********Train Epoch 863: averaged Loss: 0.006556
2026-04-24 11:15: **********Val Epoch 863: average Loss: 0.012413
2026-04-24 11:15: Train Epoch 864: 0/74 Loss: 0.030557
2026-04-24 11:15: Train Epoch 864: 20/74 Loss: 0.004355
2026-04-24 11:15: Train Epoch 864: 40/74 Loss: 0.005308
2026-04-24 11:15: Train Epoch 864: 60/74 Loss: 0.005304
2026-04-24 11:15: **********Train Epoch 864: averaged Loss: 0.006288
2026-04-24 11:15: **********Val Epoch 864: average Loss: 0.007223
2026-04-24 11:15: Train Epoch 865: 0/74 Loss: 0.004004
2026-04-24 11:15: Train Epoch 865: 20/74 Loss: 0.002457
2026-04-24 11:15: Train Epoch 865: 40/74 Loss: 0.005905
2026-04-24 11:15: Train Epoch 865: 60/74 Loss: 0.004512
2026-04-24 11:15: **********Train Epoch 865: averaged Loss: 0.005221
2026-04-24 11:15: **********Val Epoch 865: average Loss: 0.007198
2026-04-24 11:15: Train Epoch 866: 0/74 Loss: 0.012377
2026-04-24 11:15: Train Epoch 866: 20/74 Loss: 0.002654
2026-04-24 11:15: Train Epoch 866: 40/74 Loss: 0.004409
2026-04-24 11:15: Train Epoch 866: 60/74 Loss: 0.004966
2026-04-24 11:15: **********Train Epoch 866: averaged Loss: 0.006129
2026-04-24 11:15: **********Val Epoch 866: average Loss: 0.007699
2026-04-24 11:15: Train Epoch 867: 0/74 Loss: 0.011905
2026-04-24 11:15: Train Epoch 867: 20/74 Loss: 0.002489
2026-04-24 11:15: Train Epoch 867: 40/74 Loss: 0.004386
2026-04-24 11:15: Train Epoch 867: 60/74 Loss: 0.005553
2026-04-24 11:15: **********Train Epoch 867: averaged Loss: 0.006606
2026-04-24 11:15: **********Val Epoch 867: average Loss: 0.011422
2026-04-24 11:15: Train Epoch 868: 0/74 Loss: 0.012000
2026-04-24 11:15: Train Epoch 868: 20/74 Loss: 0.007940
2026-04-24 11:15: Train Epoch 868: 40/74 Loss: 0.007409
2026-04-24 11:15: Train Epoch 868: 60/74 Loss: 0.019063
2026-04-24 11:15: **********Train Epoch 868: averaged Loss: 0.011798
2026-04-24 11:15: **********Val Epoch 868: average Loss: 0.006673
2026-04-24 11:15: Train Epoch 869: 0/74 Loss: 0.066357
2026-04-24 11:15: Train Epoch 869: 20/74 Loss: 0.007959
2026-04-24 11:15: Train Epoch 869: 40/74 Loss: 0.004204
2026-04-24 11:15: Train Epoch 869: 60/74 Loss: 0.017464
2026-04-24 11:15: **********Train Epoch 869: averaged Loss: 0.017020
2026-04-24 11:15: **********Val Epoch 869: average Loss: 0.007108
2026-04-24 11:15: Train Epoch 870: 0/74 Loss: 0.044247
2026-04-24 11:15: Train Epoch 870: 20/74 Loss: 0.010290
2026-04-24 11:16: Train Epoch 870: 40/74 Loss: 0.003762
2026-04-24 11:16: Train Epoch 870: 60/74 Loss: 0.019008
2026-04-24 11:16: **********Train Epoch 870: averaged Loss: 0.011729
2026-04-24 11:16: **********Val Epoch 870: average Loss: 0.006230
2026-04-24 11:16: Train Epoch 871: 0/74 Loss: 0.043215
2026-04-24 11:16: Train Epoch 871: 20/74 Loss: 0.007711
2026-04-24 11:16: Train Epoch 871: 40/74 Loss: 0.004666
2026-04-24 11:16: Train Epoch 871: 60/74 Loss: 0.011062
2026-04-24 11:16: **********Train Epoch 871: averaged Loss: 0.011520
2026-04-24 11:16: **********Val Epoch 871: average Loss: 0.005515
2026-04-24 11:16: Train Epoch 872: 0/74 Loss: 0.014749
2026-04-24 11:16: Train Epoch 872: 20/74 Loss: 0.002525
2026-04-24 11:16: Train Epoch 872: 40/74 Loss: 0.003232
2026-04-24 11:16: Train Epoch 872: 60/74 Loss: 0.008903
2026-04-24 11:16: **********Train Epoch 872: averaged Loss: 0.006255
2026-04-24 11:16: **********Val Epoch 872: average Loss: 0.005458
2026-04-24 11:16: Train Epoch 873: 0/74 Loss: 0.003279
2026-04-24 11:16: Train Epoch 873: 20/74 Loss: 0.002485
2026-04-24 11:16: Train Epoch 873: 40/74 Loss: 0.005683
2026-04-24 11:16: Train Epoch 873: 60/74 Loss: 0.005725
2026-04-24 11:16: **********Train Epoch 873: averaged Loss: 0.005072
2026-04-24 11:16: **********Val Epoch 873: average Loss: 0.006106
2026-04-24 11:16: Train Epoch 874: 0/74 Loss: 0.010428
2026-04-24 11:16: Train Epoch 874: 20/74 Loss: 0.002411
2026-04-24 11:16: Train Epoch 874: 40/74 Loss: 0.003740
2026-04-24 11:16: Train Epoch 874: 60/74 Loss: 0.006459
2026-04-24 11:16: **********Train Epoch 874: averaged Loss: 0.004655
2026-04-24 11:16: **********Val Epoch 874: average Loss: 0.004573
2026-04-24 11:16: Train Epoch 875: 0/74 Loss: 0.012388
2026-04-24 11:16: Train Epoch 875: 20/74 Loss: 0.002424
2026-04-24 11:16: Train Epoch 875: 40/74 Loss: 0.003910
2026-04-24 11:16: Train Epoch 875: 60/74 Loss: 0.005678
2026-04-24 11:16: **********Train Epoch 875: averaged Loss: 0.004843
2026-04-24 11:16: **********Val Epoch 875: average Loss: 0.004441
2026-04-24 11:16: Train Epoch 876: 0/74 Loss: 0.020029
2026-04-24 11:16: Train Epoch 876: 20/74 Loss: 0.005374
2026-04-24 11:16: Train Epoch 876: 40/74 Loss: 0.006378
2026-04-24 11:16: Train Epoch 876: 60/74 Loss: 0.005383
2026-04-24 11:16: **********Train Epoch 876: averaged Loss: 0.006597
2026-04-24 11:16: **********Val Epoch 876: average Loss: 0.005536
2026-04-24 11:16: Train Epoch 877: 0/74 Loss: 0.020442
2026-04-24 11:16: Train Epoch 877: 20/74 Loss: 0.005801
2026-04-24 11:16: Train Epoch 877: 40/74 Loss: 0.006027
2026-04-24 11:16: Train Epoch 877: 60/74 Loss: 0.008109
2026-04-24 11:16: **********Train Epoch 877: averaged Loss: 0.006478
2026-04-24 11:16: **********Val Epoch 877: average Loss: 0.010884
2026-04-24 11:16: Train Epoch 878: 0/74 Loss: 0.011181
2026-04-24 11:16: Train Epoch 878: 20/74 Loss: 0.003062
2026-04-24 11:16: Train Epoch 878: 40/74 Loss: 0.010795
2026-04-24 11:16: Train Epoch 878: 60/74 Loss: 0.021051
2026-04-24 11:17: **********Train Epoch 878: averaged Loss: 0.007848
2026-04-24 11:17: **********Val Epoch 878: average Loss: 0.006461
2026-04-24 11:17: Train Epoch 879: 0/74 Loss: 0.009269
2026-04-24 11:17: Train Epoch 879: 20/74 Loss: 0.002633
2026-04-24 11:17: Train Epoch 879: 40/74 Loss: 0.008672
2026-04-24 11:17: Train Epoch 879: 60/74 Loss: 0.032477
2026-04-24 11:17: **********Train Epoch 879: averaged Loss: 0.009985
2026-04-24 11:17: **********Val Epoch 879: average Loss: 0.022324
2026-04-24 11:17: Train Epoch 880: 0/74 Loss: 0.008147
2026-04-24 11:17: Train Epoch 880: 20/74 Loss: 0.003996
2026-04-24 11:17: Train Epoch 880: 40/74 Loss: 0.010009
2026-04-24 11:17: Train Epoch 880: 60/74 Loss: 0.015512
2026-04-24 11:17: **********Train Epoch 880: averaged Loss: 0.006716
2026-04-24 11:17: **********Val Epoch 880: average Loss: 0.007272
2026-04-24 11:17: Train Epoch 881: 0/74 Loss: 0.005400
2026-04-24 11:17: Train Epoch 881: 20/74 Loss: 0.002441
2026-04-24 11:17: Train Epoch 881: 40/74 Loss: 0.010602
2026-04-24 11:17: Train Epoch 881: 60/74 Loss: 0.024119
2026-04-24 11:17: **********Train Epoch 881: averaged Loss: 0.008320
2026-04-24 11:17: **********Val Epoch 881: average Loss: 0.008358
2026-04-24 11:17: Train Epoch 882: 0/74 Loss: 0.002706
2026-04-24 11:17: Train Epoch 882: 20/74 Loss: 0.002564
2026-04-24 11:17: Train Epoch 882: 40/74 Loss: 0.012332
2026-04-24 11:17: Train Epoch 882: 60/74 Loss: 0.029062
2026-04-24 11:17: **********Train Epoch 882: averaged Loss: 0.009259
2026-04-24 11:17: **********Val Epoch 882: average Loss: 0.024530
2026-04-24 11:17: Train Epoch 883: 0/74 Loss: 0.006682
2026-04-24 11:17: Train Epoch 883: 20/74 Loss: 0.003669
2026-04-24 11:17: Train Epoch 883: 40/74 Loss: 0.009013
2026-04-24 11:17: Train Epoch 883: 60/74 Loss: 0.012978
2026-04-24 11:17: **********Train Epoch 883: averaged Loss: 0.005956
2026-04-24 11:17: **********Val Epoch 883: average Loss: 0.006878
2026-04-24 11:17: Train Epoch 884: 0/74 Loss: 0.009159
2026-04-24 11:17: Train Epoch 884: 20/74 Loss: 0.002345
2026-04-24 11:17: Train Epoch 884: 40/74 Loss: 0.011918
2026-04-24 11:17: Train Epoch 884: 60/74 Loss: 0.014875
2026-04-24 11:17: **********Train Epoch 884: averaged Loss: 0.006759
2026-04-24 11:17: **********Val Epoch 884: average Loss: 0.006506
2026-04-24 11:17: Train Epoch 885: 0/74 Loss: 0.004203
2026-04-24 11:17: Train Epoch 885: 20/74 Loss: 0.002880
2026-04-24 11:17: Train Epoch 885: 40/74 Loss: 0.008800
2026-04-24 11:17: Train Epoch 885: 60/74 Loss: 0.014239
2026-04-24 11:17: **********Train Epoch 885: averaged Loss: 0.005624
2026-04-24 11:17: **********Val Epoch 885: average Loss: 0.005947
2026-04-24 11:17: Train Epoch 886: 0/74 Loss: 0.012931
2026-04-24 11:17: Train Epoch 886: 20/74 Loss: 0.002460
2026-04-24 11:17: Train Epoch 886: 40/74 Loss: 0.008097
2026-04-24 11:17: Train Epoch 886: 60/74 Loss: 0.015594
2026-04-24 11:17: **********Train Epoch 886: averaged Loss: 0.005967
2026-04-24 11:17: **********Val Epoch 886: average Loss: 0.006368
2026-04-24 11:17: Train Epoch 887: 0/74 Loss: 0.003810
2026-04-24 11:18: Train Epoch 887: 20/74 Loss: 0.002653
2026-04-24 11:18: Train Epoch 887: 40/74 Loss: 0.006709
2026-04-24 11:18: Train Epoch 887: 60/74 Loss: 0.018520
2026-04-24 11:18: **********Train Epoch 887: averaged Loss: 0.006976
2026-04-24 11:18: **********Val Epoch 887: average Loss: 0.007345
2026-04-24 11:18: Train Epoch 888: 0/74 Loss: 0.022555
2026-04-24 11:18: Train Epoch 888: 20/74 Loss: 0.003987
2026-04-24 11:18: Train Epoch 888: 40/74 Loss: 0.006166
2026-04-24 11:18: Train Epoch 888: 60/74 Loss: 0.019087
2026-04-24 11:18: **********Train Epoch 888: averaged Loss: 0.008578
2026-04-24 11:18: **********Val Epoch 888: average Loss: 0.011545
2026-04-24 11:18: Train Epoch 889: 0/74 Loss: 0.025896
2026-04-24 11:18: Train Epoch 889: 20/74 Loss: 0.002644
2026-04-24 11:18: Train Epoch 889: 40/74 Loss: 0.004962
2026-04-24 11:18: Train Epoch 889: 60/74 Loss: 0.020445
2026-04-24 11:18: **********Train Epoch 889: averaged Loss: 0.009249
2026-04-24 11:18: **********Val Epoch 889: average Loss: 0.011055
2026-04-24 11:18: Train Epoch 890: 0/74 Loss: 0.031369
2026-04-24 11:18: Train Epoch 890: 20/74 Loss: 0.002517
2026-04-24 11:18: Train Epoch 890: 40/74 Loss: 0.005552
2026-04-24 11:18: Train Epoch 890: 60/74 Loss: 0.018240
2026-04-24 11:18: **********Train Epoch 890: averaged Loss: 0.008653
2026-04-24 11:18: **********Val Epoch 890: average Loss: 0.010086
2026-04-24 11:18: Train Epoch 891: 0/74 Loss: 0.026744
2026-04-24 11:18: Train Epoch 891: 20/74 Loss: 0.002681
2026-04-24 11:18: Train Epoch 891: 40/74 Loss: 0.003476
2026-04-24 11:18: Train Epoch 891: 60/74 Loss: 0.012657
2026-04-24 11:18: **********Train Epoch 891: averaged Loss: 0.007420
2026-04-24 11:18: **********Val Epoch 891: average Loss: 0.007872
2026-04-24 11:18: Train Epoch 892: 0/74 Loss: 0.017654
2026-04-24 11:18: Train Epoch 892: 20/74 Loss: 0.002681
2026-04-24 11:18: Train Epoch 892: 40/74 Loss: 0.004407
2026-04-24 11:18: Train Epoch 892: 60/74 Loss: 0.007636
2026-04-24 11:18: **********Train Epoch 892: averaged Loss: 0.005857
2026-04-24 11:18: **********Val Epoch 892: average Loss: 0.007751
2026-04-24 11:18: Train Epoch 893: 0/74 Loss: 0.013870
2026-04-24 11:18: Train Epoch 893: 20/74 Loss: 0.002688
2026-04-24 11:18: Train Epoch 893: 40/74 Loss: 0.003813
2026-04-24 11:18: Train Epoch 893: 60/74 Loss: 0.006539
2026-04-24 11:18: **********Train Epoch 893: averaged Loss: 0.004958
2026-04-24 11:18: **********Val Epoch 893: average Loss: 0.008714
2026-04-24 11:18: Train Epoch 894: 0/74 Loss: 0.024278
2026-04-24 11:18: Train Epoch 894: 20/74 Loss: 0.004707
2026-04-24 11:18: Train Epoch 894: 40/74 Loss: 0.003809
2026-04-24 11:18: Train Epoch 894: 60/74 Loss: 0.008753
2026-04-24 11:18: **********Train Epoch 894: averaged Loss: 0.006199
2026-04-24 11:18: **********Val Epoch 894: average Loss: 0.013417
2026-04-24 11:18: Train Epoch 895: 0/74 Loss: 0.007109
2026-04-24 11:18: Train Epoch 895: 20/74 Loss: 0.002620
2026-04-24 11:18: Train Epoch 895: 40/74 Loss: 0.004123
2026-04-24 11:18: Train Epoch 895: 60/74 Loss: 0.006032
2026-04-24 11:19: **********Train Epoch 895: averaged Loss: 0.004406
2026-04-24 11:19: **********Val Epoch 895: average Loss: 0.008264
2026-04-24 11:19: Train Epoch 896: 0/74 Loss: 0.008986
2026-04-24 11:19: Train Epoch 896: 20/74 Loss: 0.002496
2026-04-24 11:19: Train Epoch 896: 40/74 Loss: 0.005069
2026-04-24 11:19: Train Epoch 896: 60/74 Loss: 0.006826
2026-04-24 11:19: **********Train Epoch 896: averaged Loss: 0.004688
2026-04-24 11:19: **********Val Epoch 896: average Loss: 0.008843
2026-04-24 11:19: Train Epoch 897: 0/74 Loss: 0.003023
2026-04-24 11:19: Train Epoch 897: 20/74 Loss: 0.004138
2026-04-24 11:19: Train Epoch 897: 40/74 Loss: 0.005253
2026-04-24 11:19: Train Epoch 897: 60/74 Loss: 0.006874
2026-04-24 11:19: **********Train Epoch 897: averaged Loss: 0.004689
2026-04-24 11:19: **********Val Epoch 897: average Loss: 0.010695
2026-04-24 11:19: Train Epoch 898: 0/74 Loss: 0.008237
2026-04-24 11:19: Train Epoch 898: 20/74 Loss: 0.002437
2026-04-24 11:19: Train Epoch 898: 40/74 Loss: 0.005529
2026-04-24 11:19: Train Epoch 898: 60/74 Loss: 0.006225
2026-04-24 11:19: **********Train Epoch 898: averaged Loss: 0.005095
2026-04-24 11:19: **********Val Epoch 898: average Loss: 0.005097
2026-04-24 11:19: Train Epoch 899: 0/74 Loss: 0.003417
2026-04-24 11:19: Train Epoch 899: 20/74 Loss: 0.003484
2026-04-24 11:19: Train Epoch 899: 40/74 Loss: 0.004153
2026-04-24 11:19: Train Epoch 899: 60/74 Loss: 0.008362
2026-04-24 11:19: **********Train Epoch 899: averaged Loss: 0.004636
2026-04-24 11:19: **********Val Epoch 899: average Loss: 0.005705
2026-04-24 11:19: Train Epoch 900: 0/74 Loss: 0.018303
2026-04-24 11:19: Train Epoch 900: 20/74 Loss: 0.002360
2026-04-24 11:19: Train Epoch 900: 40/74 Loss: 0.003694
2026-04-24 11:19: Train Epoch 900: 60/74 Loss: 0.005662
2026-04-24 11:19: **********Train Epoch 900: averaged Loss: 0.005223
2026-04-24 11:19: **********Val Epoch 900: average Loss: 0.004671
2026-04-24 11:19: Train Epoch 901: 0/74 Loss: 0.024952
2026-04-24 11:19: Train Epoch 901: 20/74 Loss: 0.007086
2026-04-24 11:19: Train Epoch 901: 40/74 Loss: 0.003737
2026-04-24 11:19: Train Epoch 901: 60/74 Loss: 0.008392
2026-04-24 11:19: **********Train Epoch 901: averaged Loss: 0.006911
2026-04-24 11:19: **********Val Epoch 901: average Loss: 0.007429
2026-04-24 11:19: Train Epoch 902: 0/74 Loss: 0.035357
2026-04-24 11:19: Train Epoch 902: 20/74 Loss: 0.005291
2026-04-24 11:19: Train Epoch 902: 40/74 Loss: 0.006859
2026-04-24 11:19: Train Epoch 902: 60/74 Loss: 0.006461
2026-04-24 11:19: **********Train Epoch 902: averaged Loss: 0.006844
2026-04-24 11:19: **********Val Epoch 902: average Loss: 0.006445
2026-04-24 11:19: Train Epoch 903: 0/74 Loss: 0.003314
2026-04-24 11:19: Train Epoch 903: 20/74 Loss: 0.002958
2026-04-24 11:19: Train Epoch 903: 40/74 Loss: 0.006206
2026-04-24 11:19: Train Epoch 903: 60/74 Loss: 0.008183
2026-04-24 11:19: **********Train Epoch 903: averaged Loss: 0.004910
2026-04-24 11:19: **********Val Epoch 903: average Loss: 0.008903
2026-04-24 11:19: Train Epoch 904: 0/74 Loss: 0.007890
2026-04-24 11:19: Train Epoch 904: 20/74 Loss: 0.002446
2026-04-24 11:20: Train Epoch 904: 40/74 Loss: 0.006638
2026-04-24 11:20: Train Epoch 904: 60/74 Loss: 0.005567
2026-04-24 11:20: **********Train Epoch 904: averaged Loss: 0.004857
2026-04-24 11:20: **********Val Epoch 904: average Loss: 0.010936
2026-04-24 11:20: Train Epoch 905: 0/74 Loss: 0.011056
2026-04-24 11:20: Train Epoch 905: 20/74 Loss: 0.005199
2026-04-24 11:20: Train Epoch 905: 40/74 Loss: 0.007269
2026-04-24 11:20: Train Epoch 905: 60/74 Loss: 0.013442
2026-04-24 11:20: **********Train Epoch 905: averaged Loss: 0.008200
2026-04-24 11:20: **********Val Epoch 905: average Loss: 0.007014
2026-04-24 11:20: Train Epoch 906: 0/74 Loss: 0.014465
2026-04-24 11:20: Train Epoch 906: 20/74 Loss: 0.004924
2026-04-24 11:20: Train Epoch 906: 40/74 Loss: 0.005089
2026-04-24 11:20: Train Epoch 906: 60/74 Loss: 0.028181
2026-04-24 11:20: **********Train Epoch 906: averaged Loss: 0.011619
2026-04-24 11:20: **********Val Epoch 906: average Loss: 0.014195
2026-04-24 11:20: Train Epoch 907: 0/74 Loss: 0.019549
2026-04-24 11:20: Train Epoch 907: 20/74 Loss: 0.007295
2026-04-24 11:20: Train Epoch 907: 40/74 Loss: 0.005299
2026-04-24 11:20: Train Epoch 907: 60/74 Loss: 0.019513
2026-04-24 11:20: **********Train Epoch 907: averaged Loss: 0.007813
2026-04-24 11:20: **********Val Epoch 907: average Loss: 0.007314
2026-04-24 11:20: Train Epoch 908: 0/74 Loss: 0.006378
2026-04-24 11:20: Train Epoch 908: 20/74 Loss: 0.002773
2026-04-24 11:20: Train Epoch 908: 40/74 Loss: 0.005335
2026-04-24 11:20: Train Epoch 908: 60/74 Loss: 0.014639
2026-04-24 11:20: **********Train Epoch 908: averaged Loss: 0.007211
2026-04-24 11:20: **********Val Epoch 908: average Loss: 0.007589
2026-04-24 11:20: Train Epoch 909: 0/74 Loss: 0.022568
2026-04-24 11:20: Train Epoch 909: 20/74 Loss: 0.004024
2026-04-24 11:20: Train Epoch 909: 40/74 Loss: 0.003597
2026-04-24 11:20: Train Epoch 909: 60/74 Loss: 0.017821
2026-04-24 11:20: **********Train Epoch 909: averaged Loss: 0.008321
2026-04-24 11:20: **********Val Epoch 909: average Loss: 0.007249
2026-04-24 11:20: Train Epoch 910: 0/74 Loss: 0.016051
2026-04-24 11:20: Train Epoch 910: 20/74 Loss: 0.004050
2026-04-24 11:20: Train Epoch 910: 40/74 Loss: 0.003734
2026-04-24 11:20: Train Epoch 910: 60/74 Loss: 0.021850
2026-04-24 11:20: **********Train Epoch 910: averaged Loss: 0.009239
2026-04-24 11:20: **********Val Epoch 910: average Loss: 0.013906
2026-04-24 11:20: Train Epoch 911: 0/74 Loss: 0.036814
2026-04-24 11:20: Train Epoch 911: 20/74 Loss: 0.008100
2026-04-24 11:20: Train Epoch 911: 40/74 Loss: 0.004097
2026-04-24 11:20: Train Epoch 911: 60/74 Loss: 0.017903
2026-04-24 11:20: **********Train Epoch 911: averaged Loss: 0.010141
2026-04-24 11:20: **********Val Epoch 911: average Loss: 0.009508
2026-04-24 11:20: Train Epoch 912: 0/74 Loss: 0.025772
2026-04-24 11:20: Train Epoch 912: 20/74 Loss: 0.002722
2026-04-24 11:20: Train Epoch 912: 40/74 Loss: 0.003662
2026-04-24 11:20: Train Epoch 912: 60/74 Loss: 0.011076
2026-04-24 11:20: **********Train Epoch 912: averaged Loss: 0.007363
2026-04-24 11:20: **********Val Epoch 912: average Loss: 0.008422
2026-04-24 11:20: Train Epoch 913: 0/74 Loss: 0.025237
2026-04-24 11:21: Train Epoch 913: 20/74 Loss: 0.002724
2026-04-24 11:21: Train Epoch 913: 40/74 Loss: 0.005275
2026-04-24 11:21: Train Epoch 913: 60/74 Loss: 0.005883
2026-04-24 11:21: **********Train Epoch 913: averaged Loss: 0.007673
2026-04-24 11:21: **********Val Epoch 913: average Loss: 0.011191
2026-04-24 11:21: Train Epoch 914: 0/74 Loss: 0.016328
2026-04-24 11:21: Train Epoch 914: 20/74 Loss: 0.002371
2026-04-24 11:21: Train Epoch 914: 40/74 Loss: 0.006729
2026-04-24 11:21: Train Epoch 914: 60/74 Loss: 0.005377
2026-04-24 11:21: **********Train Epoch 914: averaged Loss: 0.005459
2026-04-24 11:21: **********Val Epoch 914: average Loss: 0.010428
2026-04-24 11:21: Train Epoch 915: 0/74 Loss: 0.002415
2026-04-24 11:21: Train Epoch 915: 20/74 Loss: 0.003044
2026-04-24 11:21: Train Epoch 915: 40/74 Loss: 0.005623
2026-04-24 11:21: Train Epoch 915: 60/74 Loss: 0.006994
2026-04-24 11:21: **********Train Epoch 915: averaged Loss: 0.004332
2026-04-24 11:21: **********Val Epoch 915: average Loss: 0.006397
2026-04-24 11:21: Train Epoch 916: 0/74 Loss: 0.004089
2026-04-24 11:21: Train Epoch 916: 20/74 Loss: 0.002901
2026-04-24 11:21: Train Epoch 916: 40/74 Loss: 0.005829
2026-04-24 11:21: Train Epoch 916: 60/74 Loss: 0.005798
2026-04-24 11:21: **********Train Epoch 916: averaged Loss: 0.004701
2026-04-24 11:21: **********Val Epoch 916: average Loss: 0.005009
2026-04-24 11:21: Train Epoch 917: 0/74 Loss: 0.012168
2026-04-24 11:21: Train Epoch 917: 20/74 Loss: 0.002692
2026-04-24 11:21: Train Epoch 917: 40/74 Loss: 0.004515
2026-04-24 11:21: Train Epoch 917: 60/74 Loss: 0.007597
2026-04-24 11:21: **********Train Epoch 917: averaged Loss: 0.005163
2026-04-24 11:21: **********Val Epoch 917: average Loss: 0.004523
2026-04-24 11:21: Train Epoch 918: 0/74 Loss: 0.041949
2026-04-24 11:21: Train Epoch 918: 20/74 Loss: 0.011077
2026-04-24 11:21: Train Epoch 918: 40/74 Loss: 0.003782
2026-04-24 11:21: Train Epoch 918: 60/74 Loss: 0.005372
2026-04-24 11:21: **********Train Epoch 918: averaged Loss: 0.008918
2026-04-24 11:21: **********Val Epoch 918: average Loss: 0.004507
2026-04-24 11:21: Train Epoch 919: 0/74 Loss: 0.035716
2026-04-24 11:21: Train Epoch 919: 20/74 Loss: 0.005193
2026-04-24 11:21: Train Epoch 919: 40/74 Loss: 0.004882
2026-04-24 11:21: Train Epoch 919: 60/74 Loss: 0.008124
2026-04-24 11:21: **********Train Epoch 919: averaged Loss: 0.006810
2026-04-24 11:21: **********Val Epoch 919: average Loss: 0.004246
2026-04-24 11:21: Train Epoch 920: 0/74 Loss: 0.026607
2026-04-24 11:21: Train Epoch 920: 20/74 Loss: 0.002730
2026-04-24 11:21: Train Epoch 920: 40/74 Loss: 0.003981
2026-04-24 11:21: Train Epoch 920: 60/74 Loss: 0.005116
2026-04-24 11:21: **********Train Epoch 920: averaged Loss: 0.005710
2026-04-24 11:21: **********Val Epoch 920: average Loss: 0.004541
2026-04-24 11:21: Train Epoch 921: 0/74 Loss: 0.015552
2026-04-24 11:22: Train Epoch 921: 20/74 Loss: 0.002340
2026-04-24 11:22: Train Epoch 921: 40/74 Loss: 0.007358
2026-04-24 11:22: Train Epoch 921: 60/74 Loss: 0.004752
2026-04-24 11:22: **********Train Epoch 921: averaged Loss: 0.005314
2026-04-24 11:22: **********Val Epoch 921: average Loss: 0.004974
2026-04-24 11:22: Train Epoch 922: 0/74 Loss: 0.004881
2026-04-24 11:22: Train Epoch 922: 20/74 Loss: 0.002756
2026-04-24 11:22: Train Epoch 922: 40/74 Loss: 0.007515
2026-04-24 11:22: Train Epoch 922: 60/74 Loss: 0.009597
2026-04-24 11:22: **********Train Epoch 922: averaged Loss: 0.005042
2026-04-24 11:22: **********Val Epoch 922: average Loss: 0.005298
2026-04-24 11:22: Train Epoch 923: 0/74 Loss: 0.002436
2026-04-24 11:22: Train Epoch 923: 20/74 Loss: 0.003168
2026-04-24 11:22: Train Epoch 923: 40/74 Loss: 0.006221
2026-04-24 11:22: Train Epoch 923: 60/74 Loss: 0.005311
2026-04-24 11:22: **********Train Epoch 923: averaged Loss: 0.004886
2026-04-24 11:22: **********Val Epoch 923: average Loss: 0.009908
2026-04-24 11:22: Train Epoch 924: 0/74 Loss: 0.010894
2026-04-24 11:22: Train Epoch 924: 20/74 Loss: 0.002391
2026-04-24 11:22: Train Epoch 924: 40/74 Loss: 0.009095
2026-04-24 11:22: Train Epoch 924: 60/74 Loss: 0.012883
2026-04-24 11:22: **********Train Epoch 924: averaged Loss: 0.006481
2026-04-24 11:22: **********Val Epoch 924: average Loss: 0.009607
2026-04-24 11:22: Train Epoch 925: 0/74 Loss: 0.020341
2026-04-24 11:22: Train Epoch 925: 20/74 Loss: 0.005063
2026-04-24 11:22: Train Epoch 925: 40/74 Loss: 0.008074
2026-04-24 11:22: Train Epoch 925: 60/74 Loss: 0.032331
2026-04-24 11:22: **********Train Epoch 925: averaged Loss: 0.011754
2026-04-24 11:22: **********Val Epoch 925: average Loss: 0.012551
2026-04-24 11:22: Train Epoch 926: 0/74 Loss: 0.024355
2026-04-24 11:22: Train Epoch 926: 20/74 Loss: 0.007231
2026-04-24 11:22: Train Epoch 926: 40/74 Loss: 0.007540
2026-04-24 11:22: Train Epoch 926: 60/74 Loss: 0.021246
2026-04-24 11:22: **********Train Epoch 926: averaged Loss: 0.009308
2026-04-24 11:22: **********Val Epoch 926: average Loss: 0.007611
2026-04-24 11:22: Train Epoch 927: 0/74 Loss: 0.020276
2026-04-24 11:22: Train Epoch 927: 20/74 Loss: 0.007843
2026-04-24 11:22: Train Epoch 927: 40/74 Loss: 0.005954
2026-04-24 11:22: Train Epoch 927: 60/74 Loss: 0.020154
2026-04-24 11:22: **********Train Epoch 927: averaged Loss: 0.009661
2026-04-24 11:22: **********Val Epoch 927: average Loss: 0.009752
2026-04-24 11:22: Train Epoch 928: 0/74 Loss: 0.026257
2026-04-24 11:22: Train Epoch 928: 20/74 Loss: 0.002320
2026-04-24 11:22: Train Epoch 928: 40/74 Loss: 0.007334
2026-04-24 11:22: Train Epoch 928: 60/74 Loss: 0.024899
2026-04-24 11:22: **********Train Epoch 928: averaged Loss: 0.009784
2026-04-24 11:22: **********Val Epoch 928: average Loss: 0.013809
2026-04-24 11:22: Train Epoch 929: 0/74 Loss: 0.043359
2026-04-24 11:22: Train Epoch 929: 20/74 Loss: 0.007224
2026-04-24 11:22: Train Epoch 929: 40/74 Loss: 0.005726
2026-04-24 11:23: Train Epoch 929: 60/74 Loss: 0.022987
2026-04-24 11:23: **********Train Epoch 929: averaged Loss: 0.011421
2026-04-24 11:23: **********Val Epoch 929: average Loss: 0.016854
2026-04-24 11:23: Train Epoch 930: 0/74 Loss: 0.028523
2026-04-24 11:23: Train Epoch 930: 20/74 Loss: 0.002998
2026-04-24 11:23: Train Epoch 930: 40/74 Loss: 0.004228
2026-04-24 11:23: Train Epoch 930: 60/74 Loss: 0.018978
2026-04-24 11:23: **********Train Epoch 930: averaged Loss: 0.008557
2026-04-24 11:23: **********Val Epoch 930: average Loss: 0.009880
2026-04-24 11:23: Train Epoch 931: 0/74 Loss: 0.019422
2026-04-24 11:23: Train Epoch 931: 20/74 Loss: 0.003207
2026-04-24 11:23: Train Epoch 931: 40/74 Loss: 0.003813
2026-04-24 11:23: Train Epoch 931: 60/74 Loss: 0.008655
2026-04-24 11:23: **********Train Epoch 931: averaged Loss: 0.006590
2026-04-24 11:23: **********Val Epoch 931: average Loss: 0.011329
2026-04-24 11:23: Train Epoch 932: 0/74 Loss: 0.008667
2026-04-24 11:23: Train Epoch 932: 20/74 Loss: 0.004081
2026-04-24 11:23: Train Epoch 932: 40/74 Loss: 0.004889
2026-04-24 11:23: Train Epoch 932: 60/74 Loss: 0.008314
2026-04-24 11:23: **********Train Epoch 932: averaged Loss: 0.005173
2026-04-24 11:23: **********Val Epoch 932: average Loss: 0.010102
2026-04-24 11:23: Train Epoch 933: 0/74 Loss: 0.006087
2026-04-24 11:23: Train Epoch 933: 20/74 Loss: 0.003267
2026-04-24 11:23: Train Epoch 933: 40/74 Loss: 0.004814
2026-04-24 11:23: Train Epoch 933: 60/74 Loss: 0.007935
2026-04-24 11:23: **********Train Epoch 933: averaged Loss: 0.004607
2026-04-24 11:23: **********Val Epoch 933: average Loss: 0.009468
2026-04-24 11:23: Train Epoch 934: 0/74 Loss: 0.002994
2026-04-24 11:23: Train Epoch 934: 20/74 Loss: 0.004271
2026-04-24 11:23: Train Epoch 934: 40/74 Loss: 0.005035
2026-04-24 11:23: Train Epoch 934: 60/74 Loss: 0.005511
2026-04-24 11:23: **********Train Epoch 934: averaged Loss: 0.005432
2026-04-24 11:23: **********Val Epoch 934: average Loss: 0.006231
2026-04-24 11:23: Train Epoch 935: 0/74 Loss: 0.019353
2026-04-24 11:23: Train Epoch 935: 20/74 Loss: 0.002847
2026-04-24 11:23: Train Epoch 935: 40/74 Loss: 0.007810
2026-04-24 11:23: Train Epoch 935: 60/74 Loss: 0.008746
2026-04-24 11:23: **********Train Epoch 935: averaged Loss: 0.005778
2026-04-24 11:23: **********Val Epoch 935: average Loss: 0.006135
2026-04-24 11:23: Train Epoch 936: 0/74 Loss: 0.002392
2026-04-24 11:23: Train Epoch 936: 20/74 Loss: 0.003018
2026-04-24 11:23: Train Epoch 936: 40/74 Loss: 0.004434
2026-04-24 11:23: Train Epoch 936: 60/74 Loss: 0.006681
2026-04-24 11:23: **********Train Epoch 936: averaged Loss: 0.004561
2026-04-24 11:23: **********Val Epoch 936: average Loss: 0.004995
2026-04-24 11:23: Train Epoch 937: 0/74 Loss: 0.014509
2026-04-24 11:23: Train Epoch 937: 20/74 Loss: 0.002446
2026-04-24 11:23: Train Epoch 937: 40/74 Loss: 0.004146
2026-04-24 11:23: Train Epoch 937: 60/74 Loss: 0.004608
2026-04-24 11:23: **********Train Epoch 937: averaged Loss: 0.005031
2026-04-24 11:23: **********Val Epoch 937: average Loss: 0.005405
2026-04-24 11:23: Train Epoch 938: 0/74 Loss: 0.030931
2026-04-24 11:23: Train Epoch 938: 20/74 Loss: 0.002886
2026-04-24 11:24: Train Epoch 938: 40/74 Loss: 0.008504
2026-04-24 11:24: Train Epoch 938: 60/74 Loss: 0.005538
2026-04-24 11:24: **********Train Epoch 938: averaged Loss: 0.007533
2026-04-24 11:24: **********Val Epoch 938: average Loss: 0.006359
2026-04-24 11:24: Train Epoch 939: 0/74 Loss: 0.015257
2026-04-24 11:24: Train Epoch 939: 20/74 Loss: 0.002619
2026-04-24 11:24: Train Epoch 939: 40/74 Loss: 0.007249
2026-04-24 11:24: Train Epoch 939: 60/74 Loss: 0.009204
2026-04-24 11:24: **********Train Epoch 939: averaged Loss: 0.005945
2026-04-24 11:24: **********Val Epoch 939: average Loss: 0.009785
2026-04-24 11:24: Train Epoch 940: 0/74 Loss: 0.018754
2026-04-24 11:24: Train Epoch 940: 20/74 Loss: 0.002379
2026-04-24 11:24: Train Epoch 940: 40/74 Loss: 0.007579
2026-04-24 11:24: Train Epoch 940: 60/74 Loss: 0.034572
2026-04-24 11:24: **********Train Epoch 940: averaged Loss: 0.010667
2026-04-24 11:24: **********Val Epoch 940: average Loss: 0.028595
2026-04-24 11:24: Train Epoch 941: 0/74 Loss: 0.021540
2026-04-24 11:24: Train Epoch 941: 20/74 Loss: 0.007772
2026-04-24 11:24: Train Epoch 941: 40/74 Loss: 0.005526
2026-04-24 11:24: Train Epoch 941: 60/74 Loss: 0.015917
2026-04-24 11:24: **********Train Epoch 941: averaged Loss: 0.007683
2026-04-24 11:24: **********Val Epoch 941: average Loss: 0.007227
2026-04-24 11:24: Train Epoch 942: 0/74 Loss: 0.011142
2026-04-24 11:24: Train Epoch 942: 20/74 Loss: 0.002948
2026-04-24 11:24: Train Epoch 942: 40/74 Loss: 0.007056
2026-04-24 11:24: Train Epoch 942: 60/74 Loss: 0.010442
2026-04-24 11:24: **********Train Epoch 942: averaged Loss: 0.006523
2026-04-24 11:24: **********Val Epoch 942: average Loss: 0.007182
2026-04-24 11:24: Train Epoch 943: 0/74 Loss: 0.016403
2026-04-24 11:24: Train Epoch 943: 20/74 Loss: 0.002828
2026-04-24 11:24: Train Epoch 943: 40/74 Loss: 0.007187
2026-04-24 11:24: Train Epoch 943: 60/74 Loss: 0.017529
2026-04-24 11:24: **********Train Epoch 943: averaged Loss: 0.006801
2026-04-24 11:24: **********Val Epoch 943: average Loss: 0.008540
2026-04-24 11:24: Train Epoch 944: 0/74 Loss: 0.002937
2026-04-24 11:24: Train Epoch 944: 20/74 Loss: 0.002391
2026-04-24 11:24: Train Epoch 944: 40/74 Loss: 0.006323
2026-04-24 11:24: Train Epoch 944: 60/74 Loss: 0.024462
2026-04-24 11:24: **********Train Epoch 944: averaged Loss: 0.007293
2026-04-24 11:24: **********Val Epoch 944: average Loss: 0.017165
2026-04-24 11:24: Train Epoch 945: 0/74 Loss: 0.014261
2026-04-24 11:24: Train Epoch 945: 20/74 Loss: 0.003920
2026-04-24 11:24: Train Epoch 945: 40/74 Loss: 0.009072
2026-04-24 11:24: Train Epoch 945: 60/74 Loss: 0.023464
2026-04-24 11:24: **********Train Epoch 945: averaged Loss: 0.008504
2026-04-24 11:24: **********Val Epoch 945: average Loss: 0.010869
2026-04-24 11:24: Train Epoch 946: 0/74 Loss: 0.022919
2026-04-24 11:24: Train Epoch 946: 20/74 Loss: 0.003482
2026-04-24 11:24: Train Epoch 946: 40/74 Loss: 0.006069
2026-04-24 11:24: Train Epoch 946: 60/74 Loss: 0.021998
2026-04-24 11:25: **********Train Epoch 946: averaged Loss: 0.009103
2026-04-24 11:25: **********Val Epoch 946: average Loss: 0.016309
2026-04-24 11:25: Train Epoch 947: 0/74 Loss: 0.008874
2026-04-24 11:25: Train Epoch 947: 20/74 Loss: 0.002922
2026-04-24 11:25: Train Epoch 947: 40/74 Loss: 0.006887
2026-04-24 11:25: Train Epoch 947: 60/74 Loss: 0.020562
2026-04-24 11:25: **********Train Epoch 947: averaged Loss: 0.006757
2026-04-24 11:25: **********Val Epoch 947: average Loss: 0.020379
2026-04-24 11:25: Train Epoch 948: 0/74 Loss: 0.009917
2026-04-24 11:25: Train Epoch 948: 20/74 Loss: 0.003393
2026-04-24 11:25: Train Epoch 948: 40/74 Loss: 0.006197
2026-04-24 11:25: Train Epoch 948: 60/74 Loss: 0.016528
2026-04-24 11:25: **********Train Epoch 948: averaged Loss: 0.006207
2026-04-24 11:25: **********Val Epoch 948: average Loss: 0.012776
2026-04-24 11:25: Train Epoch 949: 0/74 Loss: 0.002857
2026-04-24 11:25: Train Epoch 949: 20/74 Loss: 0.002576
2026-04-24 11:25: Train Epoch 949: 40/74 Loss: 0.005954
2026-04-24 11:25: Train Epoch 949: 60/74 Loss: 0.015380
2026-04-24 11:25: **********Train Epoch 949: averaged Loss: 0.005495
2026-04-24 11:25: **********Val Epoch 949: average Loss: 0.013099
2026-04-24 11:25: Train Epoch 950: 0/74 Loss: 0.006765
2026-04-24 11:25: Train Epoch 950: 20/74 Loss: 0.004058
2026-04-24 11:25: Train Epoch 950: 40/74 Loss: 0.005080
2026-04-24 11:25: Train Epoch 950: 60/74 Loss: 0.013352
2026-04-24 11:25: **********Train Epoch 950: averaged Loss: 0.005878
2026-04-24 11:25: **********Val Epoch 950: average Loss: 0.011813
2026-04-24 11:25: Train Epoch 951: 0/74 Loss: 0.022301
2026-04-24 11:25: Train Epoch 951: 20/74 Loss: 0.005832
2026-04-24 11:25: Train Epoch 951: 40/74 Loss: 0.003721
2026-04-24 11:25: Train Epoch 951: 60/74 Loss: 0.015660
2026-04-24 11:25: **********Train Epoch 951: averaged Loss: 0.007228
2026-04-24 11:25: **********Val Epoch 951: average Loss: 0.016654
2026-04-24 11:25: Train Epoch 952: 0/74 Loss: 0.005501
2026-04-24 11:25: Train Epoch 952: 20/74 Loss: 0.002398
2026-04-24 11:25: Train Epoch 952: 40/74 Loss: 0.004824
2026-04-24 11:25: Train Epoch 952: 60/74 Loss: 0.011334
2026-04-24 11:25: **********Train Epoch 952: averaged Loss: 0.005408
2026-04-24 11:25: **********Val Epoch 952: average Loss: 0.019567
2026-04-24 11:25: Train Epoch 953: 0/74 Loss: 0.002852
2026-04-24 11:25: Train Epoch 953: 20/74 Loss: 0.003664
2026-04-24 11:25: Train Epoch 953: 40/74 Loss: 0.003869
2026-04-24 11:25: Train Epoch 953: 60/74 Loss: 0.007353
2026-04-24 11:25: **********Train Epoch 953: averaged Loss: 0.004535
2026-04-24 11:25: **********Val Epoch 953: average Loss: 0.019202
2026-04-24 11:25: Train Epoch 954: 0/74 Loss: 0.008912
2026-04-24 11:25: Train Epoch 954: 20/74 Loss: 0.003481
2026-04-24 11:25: Train Epoch 954: 40/74 Loss: 0.003861
2026-04-24 11:25: Train Epoch 954: 60/74 Loss: 0.007432
2026-04-24 11:25: **********Train Epoch 954: averaged Loss: 0.005169
2026-04-24 11:25: **********Val Epoch 954: average Loss: 0.023359
2026-04-24 11:25: Train Epoch 955: 0/74 Loss: 0.017538
2026-04-24 11:25: Train Epoch 955: 20/74 Loss: 0.002678
2026-04-24 11:26: Train Epoch 955: 40/74 Loss: 0.004421
2026-04-24 11:26: Train Epoch 955: 60/74 Loss: 0.008934
2026-04-24 11:26: **********Train Epoch 955: averaged Loss: 0.006490
2026-04-24 11:26: **********Val Epoch 955: average Loss: 0.024450
2026-04-24 11:26: Train Epoch 956: 0/74 Loss: 0.005510
2026-04-24 11:26: Train Epoch 956: 20/74 Loss: 0.004114
2026-04-24 11:26: Train Epoch 956: 40/74 Loss: 0.003912
2026-04-24 11:26: Train Epoch 956: 60/74 Loss: 0.011482
2026-04-24 11:26: **********Train Epoch 956: averaged Loss: 0.006920
2026-04-24 11:26: **********Val Epoch 956: average Loss: 0.022031
2026-04-24 11:26: Train Epoch 957: 0/74 Loss: 0.024319
2026-04-24 11:26: Train Epoch 957: 20/74 Loss: 0.003860
2026-04-24 11:26: Train Epoch 957: 40/74 Loss: 0.004061
2026-04-24 11:26: Train Epoch 957: 60/74 Loss: 0.006184
2026-04-24 11:26: **********Train Epoch 957: averaged Loss: 0.006575
2026-04-24 11:26: **********Val Epoch 957: average Loss: 0.018697
2026-04-24 11:26: Train Epoch 958: 0/74 Loss: 0.022000
2026-04-24 11:26: Train Epoch 958: 20/74 Loss: 0.005931
2026-04-24 11:26: Train Epoch 958: 40/74 Loss: 0.004151
2026-04-24 11:26: Train Epoch 958: 60/74 Loss: 0.010471
2026-04-24 11:26: **********Train Epoch 958: averaged Loss: 0.007573
2026-04-24 11:26: **********Val Epoch 958: average Loss: 0.022789
2026-04-24 11:26: Train Epoch 959: 0/74 Loss: 0.027396
2026-04-24 11:26: Train Epoch 959: 20/74 Loss: 0.003953
2026-04-24 11:26: Train Epoch 959: 40/74 Loss: 0.003880
2026-04-24 11:26: Train Epoch 959: 60/74 Loss: 0.015027
2026-04-24 11:26: **********Train Epoch 959: averaged Loss: 0.009617
2026-04-24 11:26: **********Val Epoch 959: average Loss: 0.008334
2026-04-24 11:26: Train Epoch 960: 0/74 Loss: 0.015068
2026-04-24 11:26: Train Epoch 960: 20/74 Loss: 0.003712
2026-04-24 11:26: Train Epoch 960: 40/74 Loss: 0.003739
2026-04-24 11:26: Train Epoch 960: 60/74 Loss: 0.024989
2026-04-24 11:26: **********Train Epoch 960: averaged Loss: 0.009266
2026-04-24 11:26: **********Val Epoch 960: average Loss: 0.015245
2026-04-24 11:26: Train Epoch 961: 0/74 Loss: 0.031243
2026-04-24 11:26: Train Epoch 961: 20/74 Loss: 0.002569
2026-04-24 11:26: Train Epoch 961: 40/74 Loss: 0.003951
2026-04-24 11:26: Train Epoch 961: 60/74 Loss: 0.010531
2026-04-24 11:26: **********Train Epoch 961: averaged Loss: 0.008521
2026-04-24 11:26: **********Val Epoch 961: average Loss: 0.016566
2026-04-24 11:26: Train Epoch 962: 0/74 Loss: 0.021178
2026-04-24 11:26: Train Epoch 962: 20/74 Loss: 0.002396
2026-04-24 11:26: Train Epoch 962: 40/74 Loss: 0.005648
2026-04-24 11:26: Train Epoch 962: 60/74 Loss: 0.019550
2026-04-24 11:26: **********Train Epoch 962: averaged Loss: 0.008869
2026-04-24 11:26: **********Val Epoch 962: average Loss: 0.010782
2026-04-24 11:26: Train Epoch 963: 0/74 Loss: 0.045030
2026-04-24 11:26: Train Epoch 963: 20/74 Loss: 0.003202
2026-04-24 11:26: Train Epoch 963: 40/74 Loss: 0.005289
2026-04-24 11:27: Train Epoch 963: 60/74 Loss: 0.014169
2026-04-24 11:27: **********Train Epoch 963: averaged Loss: 0.010157
2026-04-24 11:27: **********Val Epoch 963: average Loss: 0.015699
2026-04-24 11:27: Train Epoch 964: 0/74 Loss: 0.013662
2026-04-24 11:27: Train Epoch 964: 20/74 Loss: 0.004011
2026-04-24 11:27: Train Epoch 964: 40/74 Loss: 0.005401
2026-04-24 11:27: Train Epoch 964: 60/74 Loss: 0.024271
2026-04-24 11:27: **********Train Epoch 964: averaged Loss: 0.008260
2026-04-24 11:27: **********Val Epoch 964: average Loss: 0.016088
2026-04-24 11:27: Train Epoch 965: 0/74 Loss: 0.014550
2026-04-24 11:27: Train Epoch 965: 20/74 Loss: 0.002442
2026-04-24 11:27: Train Epoch 965: 40/74 Loss: 0.005906
2026-04-24 11:27: Train Epoch 965: 60/74 Loss: 0.015774
2026-04-24 11:27: **********Train Epoch 965: averaged Loss: 0.008357
2026-04-24 11:27: **********Val Epoch 965: average Loss: 0.015692
2026-04-24 11:27: Train Epoch 966: 0/74 Loss: 0.006592
2026-04-24 11:27: Train Epoch 966: 20/74 Loss: 0.003438
2026-04-24 11:27: Train Epoch 966: 40/74 Loss: 0.012015
2026-04-24 11:27: Train Epoch 966: 60/74 Loss: 0.005835
2026-04-24 11:27: **********Train Epoch 966: averaged Loss: 0.006743
2026-04-24 11:27: **********Val Epoch 966: average Loss: 0.006948
2026-04-24 11:27: Train Epoch 967: 0/74 Loss: 0.010478
2026-04-24 11:27: Train Epoch 967: 20/74 Loss: 0.002865
2026-04-24 11:27: Train Epoch 967: 40/74 Loss: 0.012196
2026-04-24 11:27: Train Epoch 967: 60/74 Loss: 0.006775
2026-04-24 11:27: **********Train Epoch 967: averaged Loss: 0.005642
2026-04-24 11:27: **********Val Epoch 967: average Loss: 0.005572
2026-04-24 11:27: Train Epoch 968: 0/74 Loss: 0.009649
2026-04-24 11:27: Train Epoch 968: 20/74 Loss: 0.002434
2026-04-24 11:27: Train Epoch 968: 40/74 Loss: 0.009715
2026-04-24 11:27: Train Epoch 968: 60/74 Loss: 0.007375
2026-04-24 11:27: **********Train Epoch 968: averaged Loss: 0.004951
2026-04-24 11:27: **********Val Epoch 968: average Loss: 0.005797
2026-04-24 11:27: Train Epoch 969: 0/74 Loss: 0.010486
2026-04-24 11:27: Train Epoch 969: 20/74 Loss: 0.002814
2026-04-24 11:27: Train Epoch 969: 40/74 Loss: 0.008554
2026-04-24 11:27: Train Epoch 969: 60/74 Loss: 0.006177
2026-04-24 11:27: **********Train Epoch 969: averaged Loss: 0.005032
2026-04-24 11:27: **********Val Epoch 969: average Loss: 0.005458
2026-04-24 11:27: Train Epoch 970: 0/74 Loss: 0.007336
2026-04-24 11:27: Train Epoch 970: 20/74 Loss: 0.004478
2026-04-24 11:27: Train Epoch 970: 40/74 Loss: 0.005076
2026-04-24 11:27: Train Epoch 970: 60/74 Loss: 0.005910
2026-04-24 11:27: **********Train Epoch 970: averaged Loss: 0.005809
2026-04-24 11:27: **********Val Epoch 970: average Loss: 0.005460
2026-04-24 11:27: Train Epoch 971: 0/74 Loss: 0.014270
2026-04-24 11:27: Train Epoch 971: 20/74 Loss: 0.002399
2026-04-24 11:27: Train Epoch 971: 40/74 Loss: 0.005332
2026-04-24 11:27: Train Epoch 971: 60/74 Loss: 0.005428
2026-04-24 11:27: **********Train Epoch 971: averaged Loss: 0.006573
2026-04-24 11:27: **********Val Epoch 971: average Loss: 0.007510
2026-04-24 11:27: Train Epoch 972: 0/74 Loss: 0.019777
2026-04-24 11:27: Train Epoch 972: 20/74 Loss: 0.006622
2026-04-24 11:28: Train Epoch 972: 40/74 Loss: 0.005416
2026-04-24 11:28: Train Epoch 972: 60/74 Loss: 0.005654
2026-04-24 11:28: **********Train Epoch 972: averaged Loss: 0.007843
2026-04-24 11:28: **********Val Epoch 972: average Loss: 0.006677
2026-04-24 11:28: Train Epoch 973: 0/74 Loss: 0.027117
2026-04-24 11:28: Train Epoch 973: 20/74 Loss: 0.009852
2026-04-24 11:28: Train Epoch 973: 40/74 Loss: 0.006240
2026-04-24 11:28: Train Epoch 973: 60/74 Loss: 0.004736
2026-04-24 11:28: **********Train Epoch 973: averaged Loss: 0.008125
2026-04-24 11:28: **********Val Epoch 973: average Loss: 0.004779
2026-04-24 11:28: Train Epoch 974: 0/74 Loss: 0.010462
2026-04-24 11:28: Train Epoch 974: 20/74 Loss: 0.004111
2026-04-24 11:28: Train Epoch 974: 40/74 Loss: 0.004086
2026-04-24 11:28: Train Epoch 974: 60/74 Loss: 0.005516
2026-04-24 11:28: **********Train Epoch 974: averaged Loss: 0.005667
2026-04-24 11:28: **********Val Epoch 974: average Loss: 0.004954
2026-04-24 11:28: Train Epoch 975: 0/74 Loss: 0.005999
2026-04-24 11:28: Train Epoch 975: 20/74 Loss: 0.006236
2026-04-24 11:28: Train Epoch 975: 40/74 Loss: 0.003906
2026-04-24 11:28: Train Epoch 975: 60/74 Loss: 0.005707
2026-04-24 11:28: **********Train Epoch 975: averaged Loss: 0.005959
2026-04-24 11:28: **********Val Epoch 975: average Loss: 0.007690
2026-04-24 11:28: Train Epoch 976: 0/74 Loss: 0.002723
2026-04-24 11:28: Train Epoch 976: 20/74 Loss: 0.002593
2026-04-24 11:28: Train Epoch 976: 40/74 Loss: 0.003850
2026-04-24 11:28: Train Epoch 976: 60/74 Loss: 0.005556
2026-04-24 11:28: **********Train Epoch 976: averaged Loss: 0.004824
2026-04-24 11:28: **********Val Epoch 976: average Loss: 0.006964
2026-04-24 11:28: Train Epoch 977: 0/74 Loss: 0.021332
2026-04-24 11:28: Train Epoch 977: 20/74 Loss: 0.004573
2026-04-24 11:28: Train Epoch 977: 40/74 Loss: 0.003798
2026-04-24 11:28: Train Epoch 977: 60/74 Loss: 0.005717
2026-04-24 11:28: **********Train Epoch 977: averaged Loss: 0.006256
2026-04-24 11:28: **********Val Epoch 977: average Loss: 0.005746
2026-04-24 11:28: Train Epoch 978: 0/74 Loss: 0.020916
2026-04-24 11:28: Train Epoch 978: 20/74 Loss: 0.003419
2026-04-24 11:28: Train Epoch 978: 40/74 Loss: 0.003555
2026-04-24 11:28: Train Epoch 978: 60/74 Loss: 0.005763
2026-04-24 11:28: **********Train Epoch 978: averaged Loss: 0.007487
2026-04-24 11:28: **********Val Epoch 978: average Loss: 0.007879
2026-04-24 11:28: Train Epoch 979: 0/74 Loss: 0.017007
2026-04-24 11:28: Train Epoch 979: 20/74 Loss: 0.003402
2026-04-24 11:28: Train Epoch 979: 40/74 Loss: 0.003515
2026-04-24 11:28: Train Epoch 979: 60/74 Loss: 0.006628
2026-04-24 11:28: **********Train Epoch 979: averaged Loss: 0.006447
2026-04-24 11:28: **********Val Epoch 979: average Loss: 0.006124
2026-04-24 11:28: Train Epoch 980: 0/74 Loss: 0.022382
2026-04-24 11:28: Train Epoch 980: 20/74 Loss: 0.003487
2026-04-24 11:28: Train Epoch 980: 40/74 Loss: 0.003660
2026-04-24 11:28: Train Epoch 980: 60/74 Loss: 0.005469
2026-04-24 11:29: **********Train Epoch 980: averaged Loss: 0.007699
2026-04-24 11:29: **********Val Epoch 980: average Loss: 0.009394
2026-04-24 11:29: Train Epoch 981: 0/74 Loss: 0.034362
2026-04-24 11:29: Train Epoch 981: 20/74 Loss: 0.011792
2026-04-24 11:29: Train Epoch 981: 40/74 Loss: 0.008147
2026-04-24 11:29: Train Epoch 981: 60/74 Loss: 0.005682
2026-04-24 11:29: **********Train Epoch 981: averaged Loss: 0.010866
2026-04-24 11:29: **********Val Epoch 981: average Loss: 0.015349
2026-04-24 11:29: Train Epoch 982: 0/74 Loss: 0.020326
2026-04-24 11:29: Train Epoch 982: 20/74 Loss: 0.002640
2026-04-24 11:29: Train Epoch 982: 40/74 Loss: 0.004619
2026-04-24 11:29: Train Epoch 982: 60/74 Loss: 0.006439
2026-04-24 11:29: **********Train Epoch 982: averaged Loss: 0.007856
2026-04-24 11:29: **********Val Epoch 982: average Loss: 0.013656
2026-04-24 11:29: Train Epoch 983: 0/74 Loss: 0.020754
2026-04-24 11:29: Train Epoch 983: 20/74 Loss: 0.003036
2026-04-24 11:29: Train Epoch 983: 40/74 Loss: 0.004106
2026-04-24 11:29: Train Epoch 983: 60/74 Loss: 0.018884
2026-04-24 11:29: **********Train Epoch 983: averaged Loss: 0.010719
2026-04-24 11:29: **********Val Epoch 983: average Loss: 0.008814
2026-04-24 11:29: Train Epoch 984: 0/74 Loss: 0.009064
2026-04-24 11:29: Train Epoch 984: 20/74 Loss: 0.002670
2026-04-24 11:29: Train Epoch 984: 40/74 Loss: 0.003210
2026-04-24 11:29: Train Epoch 984: 60/74 Loss: 0.030619
2026-04-24 11:29: **********Train Epoch 984: averaged Loss: 0.010527
2026-04-24 11:29: **********Val Epoch 984: average Loss: 0.015535
2026-04-24 11:29: Train Epoch 985: 0/74 Loss: 0.011451
2026-04-24 11:29: Train Epoch 985: 20/74 Loss: 0.002231
2026-04-24 11:29: Train Epoch 985: 40/74 Loss: 0.003811
2026-04-24 11:29: Train Epoch 985: 60/74 Loss: 0.008053
2026-04-24 11:29: **********Train Epoch 985: averaged Loss: 0.006061
2026-04-24 11:29: **********Val Epoch 985: average Loss: 0.013057
2026-04-24 11:29: Train Epoch 986: 0/74 Loss: 0.043503
2026-04-24 11:29: Train Epoch 986: 20/74 Loss: 0.003744
2026-04-24 11:29: Train Epoch 986: 40/74 Loss: 0.006577
2026-04-24 11:29: Train Epoch 986: 60/74 Loss: 0.007023
2026-04-24 11:29: **********Train Epoch 986: averaged Loss: 0.008683
2026-04-24 11:29: **********Val Epoch 986: average Loss: 0.014826
2026-04-24 11:29: Train Epoch 987: 0/74 Loss: 0.002557
2026-04-24 11:29: Train Epoch 987: 20/74 Loss: 0.002199
2026-04-24 11:29: Train Epoch 987: 40/74 Loss: 0.005070
2026-04-24 11:29: Train Epoch 987: 60/74 Loss: 0.019342
2026-04-24 11:29: **********Train Epoch 987: averaged Loss: 0.008025
2026-04-24 11:29: **********Val Epoch 987: average Loss: 0.008772
2026-04-24 11:29: Train Epoch 988: 0/74 Loss: 0.016038
2026-04-24 11:29: Train Epoch 988: 20/74 Loss: 0.002254
2026-04-24 11:29: Train Epoch 988: 40/74 Loss: 0.004235
2026-04-24 11:29: Train Epoch 988: 60/74 Loss: 0.018228
2026-04-24 11:29: **********Train Epoch 988: averaged Loss: 0.009058
2026-04-24 11:29: **********Val Epoch 988: average Loss: 0.010421
2026-04-24 11:29: Train Epoch 989: 0/74 Loss: 0.014662
2026-04-24 11:29: Train Epoch 989: 20/74 Loss: 0.002623
2026-04-24 11:30: Train Epoch 989: 40/74 Loss: 0.005813
2026-04-24 11:30: Train Epoch 989: 60/74 Loss: 0.014108
2026-04-24 11:30: **********Train Epoch 989: averaged Loss: 0.006406
2026-04-24 11:30: **********Val Epoch 989: average Loss: 0.009505
2026-04-24 11:30: Train Epoch 990: 0/74 Loss: 0.008124
2026-04-24 11:30: Train Epoch 990: 20/74 Loss: 0.002383
2026-04-24 11:30: Train Epoch 990: 40/74 Loss: 0.007358
2026-04-24 11:30: Train Epoch 990: 60/74 Loss: 0.008425
2026-04-24 11:30: **********Train Epoch 990: averaged Loss: 0.005885
2026-04-24 11:30: **********Val Epoch 990: average Loss: 0.010902
2026-04-24 11:30: Train Epoch 991: 0/74 Loss: 0.011624
2026-04-24 11:30: Train Epoch 991: 20/74 Loss: 0.002363
2026-04-24 11:30: Train Epoch 991: 40/74 Loss: 0.005480
2026-04-24 11:30: Train Epoch 991: 60/74 Loss: 0.008512
2026-04-24 11:30: **********Train Epoch 991: averaged Loss: 0.005447
2026-04-24 11:30: **********Val Epoch 991: average Loss: 0.006494
2026-04-24 11:30: Train Epoch 992: 0/74 Loss: 0.009208
2026-04-24 11:30: Train Epoch 992: 20/74 Loss: 0.002517
2026-04-24 11:30: Train Epoch 992: 40/74 Loss: 0.004941
2026-04-24 11:30: Train Epoch 992: 60/74 Loss: 0.006192
2026-04-24 11:30: **********Train Epoch 992: averaged Loss: 0.005202
2026-04-24 11:30: **********Val Epoch 992: average Loss: 0.010161
2026-04-24 11:30: Train Epoch 993: 0/74 Loss: 0.023389
2026-04-24 11:30: Train Epoch 993: 20/74 Loss: 0.002540
2026-04-24 11:30: Train Epoch 993: 40/74 Loss: 0.005393
2026-04-24 11:30: Train Epoch 993: 60/74 Loss: 0.006807
2026-04-24 11:30: **********Train Epoch 993: averaged Loss: 0.005556
2026-04-24 11:30: **********Val Epoch 993: average Loss: 0.005827
2026-04-24 11:30: Train Epoch 994: 0/74 Loss: 0.002631
2026-04-24 11:30: Train Epoch 994: 20/74 Loss: 0.003190
2026-04-24 11:30: Train Epoch 994: 40/74 Loss: 0.003869
2026-04-24 11:30: Train Epoch 994: 60/74 Loss: 0.007942
2026-04-24 11:30: **********Train Epoch 994: averaged Loss: 0.004843
2026-04-24 11:30: **********Val Epoch 994: average Loss: 0.005592
2026-04-24 11:30: Train Epoch 995: 0/74 Loss: 0.018830
2026-04-24 11:30: Train Epoch 995: 20/74 Loss: 0.002460
2026-04-24 11:30: Train Epoch 995: 40/74 Loss: 0.003961
2026-04-24 11:30: Train Epoch 995: 60/74 Loss: 0.007029
2026-04-24 11:30: **********Train Epoch 995: averaged Loss: 0.005860
2026-04-24 11:30: **********Val Epoch 995: average Loss: 0.008987
2026-04-24 11:30: Train Epoch 996: 0/74 Loss: 0.002425
2026-04-24 11:30: Train Epoch 996: 20/74 Loss: 0.002337
2026-04-24 11:30: Train Epoch 996: 40/74 Loss: 0.003633
2026-04-24 11:30: Train Epoch 996: 60/74 Loss: 0.010684
2026-04-24 11:30: **********Train Epoch 996: averaged Loss: 0.007377
2026-04-24 11:30: **********Val Epoch 996: average Loss: 0.014212
2026-04-24 11:30: Train Epoch 997: 0/74 Loss: 0.016695
2026-04-24 11:30: Train Epoch 997: 20/74 Loss: 0.003247
2026-04-24 11:30: Train Epoch 997: 40/74 Loss: 0.004713
2026-04-24 11:31: Train Epoch 997: 60/74 Loss: 0.010099
2026-04-24 11:31: **********Train Epoch 997: averaged Loss: 0.008316
2026-04-24 11:31: **********Val Epoch 997: average Loss: 0.016169
2026-04-24 11:31: Train Epoch 998: 0/74 Loss: 0.004652
2026-04-24 11:31: Train Epoch 998: 20/74 Loss: 0.002454
2026-04-24 11:31: Train Epoch 998: 40/74 Loss: 0.008874
2026-04-24 11:31: Train Epoch 998: 60/74 Loss: 0.007923
2026-04-24 11:31: **********Train Epoch 998: averaged Loss: 0.006407
2026-04-24 11:31: **********Val Epoch 998: average Loss: 0.016954
2026-04-24 11:31: Train Epoch 999: 0/74 Loss: 0.007031
2026-04-24 11:31: Train Epoch 999: 20/74 Loss: 0.002972
2026-04-24 11:31: Train Epoch 999: 40/74 Loss: 0.005957
2026-04-24 11:31: Train Epoch 999: 60/74 Loss: 0.007911
2026-04-24 11:31: **********Train Epoch 999: averaged Loss: 0.006821
2026-04-24 11:31: **********Val Epoch 999: average Loss: 0.009248
2026-04-24 11:31: Train Epoch 1000: 0/74 Loss: 0.007834
2026-04-24 11:31: Train Epoch 1000: 20/74 Loss: 0.002530
2026-04-24 11:31: Train Epoch 1000: 40/74 Loss: 0.004045
2026-04-24 11:31: Train Epoch 1000: 60/74 Loss: 0.006752
2026-04-24 11:31: **********Train Epoch 1000: averaged Loss: 0.005521
2026-04-24 11:31: **********Val Epoch 1000: average Loss: 0.008353
2026-04-24 11:31: Train Epoch 1001: 0/74 Loss: 0.005771
2026-04-24 11:31: Train Epoch 1001: 20/74 Loss: 0.002423
2026-04-24 11:31: Train Epoch 1001: 40/74 Loss: 0.004443
2026-04-24 11:31: Train Epoch 1001: 60/74 Loss: 0.005692
2026-04-24 11:31: **********Train Epoch 1001: averaged Loss: 0.005098
2026-04-24 11:31: **********Val Epoch 1001: average Loss: 0.006384
2026-04-24 11:31: Train Epoch 1002: 0/74 Loss: 0.004317
2026-04-24 11:31: Train Epoch 1002: 20/74 Loss: 0.003537
2026-04-24 11:31: Train Epoch 1002: 40/74 Loss: 0.007517
2026-04-24 11:31: Train Epoch 1002: 60/74 Loss: 0.013043
2026-04-24 11:31: **********Train Epoch 1002: averaged Loss: 0.007977
2026-04-24 11:31: **********Val Epoch 1002: average Loss: 0.014185
2026-04-24 11:31: Train Epoch 1003: 0/74 Loss: 0.031587
2026-04-24 11:31: Train Epoch 1003: 20/74 Loss: 0.008808
2026-04-24 11:31: Train Epoch 1003: 40/74 Loss: 0.003771
2026-04-24 11:31: Train Epoch 1003: 60/74 Loss: 0.012865
2026-04-24 11:31: **********Train Epoch 1003: averaged Loss: 0.010373
2026-04-24 11:31: **********Val Epoch 1003: average Loss: 0.009068
2026-04-24 11:31: Train Epoch 1004: 0/74 Loss: 0.015483
2026-04-24 11:31: Train Epoch 1004: 20/74 Loss: 0.002412
2026-04-24 11:31: Train Epoch 1004: 40/74 Loss: 0.004135
2026-04-24 11:31: Train Epoch 1004: 60/74 Loss: 0.028306
2026-04-24 11:31: **********Train Epoch 1004: averaged Loss: 0.011390
2026-04-24 11:31: **********Val Epoch 1004: average Loss: 0.025382
2026-04-24 11:31: Train Epoch 1005: 0/74 Loss: 0.005135
2026-04-24 11:31: Train Epoch 1005: 20/74 Loss: 0.002426
2026-04-24 11:31: Train Epoch 1005: 40/74 Loss: 0.003476
2026-04-24 11:31: Train Epoch 1005: 60/74 Loss: 0.007588
2026-04-24 11:31: **********Train Epoch 1005: averaged Loss: 0.006179
2026-04-24 11:31: **********Val Epoch 1005: average Loss: 0.016571
2026-04-24 11:31: Train Epoch 1006: 0/74 Loss: 0.020242
2026-04-24 11:32: Train Epoch 1006: 20/74 Loss: 0.004368
2026-04-24 11:32: Train Epoch 1006: 40/74 Loss: 0.003699
2026-04-24 11:32: Train Epoch 1006: 60/74 Loss: 0.009248
2026-04-24 11:32: **********Train Epoch 1006: averaged Loss: 0.005996
2026-04-24 11:32: **********Val Epoch 1006: average Loss: 0.016907
2026-04-24 11:32: Train Epoch 1007: 0/74 Loss: 0.004080
2026-04-24 11:32: Train Epoch 1007: 20/74 Loss: 0.002494
2026-04-24 11:32: Train Epoch 1007: 40/74 Loss: 0.003960
2026-04-24 11:32: Train Epoch 1007: 60/74 Loss: 0.007737
2026-04-24 11:32: **********Train Epoch 1007: averaged Loss: 0.005698
2026-04-24 11:32: **********Val Epoch 1007: average Loss: 0.011114
2026-04-24 11:32: Train Epoch 1008: 0/74 Loss: 0.014698
2026-04-24 11:32: Train Epoch 1008: 20/74 Loss: 0.002631
2026-04-24 11:32: Train Epoch 1008: 40/74 Loss: 0.003781
2026-04-24 11:32: Train Epoch 1008: 60/74 Loss: 0.006030
2026-04-24 11:32: **********Train Epoch 1008: averaged Loss: 0.006736
2026-04-24 11:32: **********Val Epoch 1008: average Loss: 0.009443
2026-04-24 11:32: Train Epoch 1009: 0/74 Loss: 0.012411
2026-04-24 11:32: Train Epoch 1009: 20/74 Loss: 0.003630
2026-04-24 11:32: Train Epoch 1009: 40/74 Loss: 0.006478
2026-04-24 11:32: Train Epoch 1009: 60/74 Loss: 0.006908
2026-04-24 11:32: **********Train Epoch 1009: averaged Loss: 0.006663
2026-04-24 11:32: **********Val Epoch 1009: average Loss: 0.007920
2026-04-24 11:32: Train Epoch 1010: 0/74 Loss: 0.012676
2026-04-24 11:32: Train Epoch 1010: 20/74 Loss: 0.004810
2026-04-24 11:32: Train Epoch 1010: 40/74 Loss: 0.004637
2026-04-24 11:32: Train Epoch 1010: 60/74 Loss: 0.008342
2026-04-24 11:32: **********Train Epoch 1010: averaged Loss: 0.006351
2026-04-24 11:32: **********Val Epoch 1010: average Loss: 0.006504
2026-04-24 11:32: Train Epoch 1011: 0/74 Loss: 0.012025
2026-04-24 11:32: Train Epoch 1011: 20/74 Loss: 0.003476
2026-04-24 11:32: Train Epoch 1011: 40/74 Loss: 0.007615
2026-04-24 11:32: Train Epoch 1011: 60/74 Loss: 0.009351
2026-04-24 11:32: **********Train Epoch 1011: averaged Loss: 0.008550
2026-04-24 11:32: **********Val Epoch 1011: average Loss: 0.014912
2026-04-24 11:32: Train Epoch 1012: 0/74 Loss: 0.029935
2026-04-24 11:32: Train Epoch 1012: 20/74 Loss: 0.004487
2026-04-24 11:32: Train Epoch 1012: 40/74 Loss: 0.004415
2026-04-24 11:32: Train Epoch 1012: 60/74 Loss: 0.012347
2026-04-24 11:32: **********Train Epoch 1012: averaged Loss: 0.010596
2026-04-24 11:32: **********Val Epoch 1012: average Loss: 0.015332
2026-04-24 11:32: Train Epoch 1013: 0/74 Loss: 0.018060
2026-04-24 11:32: Train Epoch 1013: 20/74 Loss: 0.002501
2026-04-24 11:32: Train Epoch 1013: 40/74 Loss: 0.003818
2026-04-24 11:32: Train Epoch 1013: 60/74 Loss: 0.015274
2026-04-24 11:32: **********Train Epoch 1013: averaged Loss: 0.008348
2026-04-24 11:32: **********Val Epoch 1013: average Loss: 0.013586
2026-04-24 11:32: Train Epoch 1014: 0/74 Loss: 0.002348
2026-04-24 11:32: Train Epoch 1014: 20/74 Loss: 0.002709
2026-04-24 11:32: Train Epoch 1014: 40/74 Loss: 0.004214
2026-04-24 11:32: Train Epoch 1014: 60/74 Loss: 0.014194
2026-04-24 11:32: **********Train Epoch 1014: averaged Loss: 0.005338
2026-04-24 11:32: **********Val Epoch 1014: average Loss: 0.013193
2026-04-24 11:32: Train Epoch 1015: 0/74 Loss: 0.023900
2026-04-24 11:33: Train Epoch 1015: 20/74 Loss: 0.004995
2026-04-24 11:33: Train Epoch 1015: 40/74 Loss: 0.005357
2026-04-24 11:33: Train Epoch 1015: 60/74 Loss: 0.009417
2026-04-24 11:33: **********Train Epoch 1015: averaged Loss: 0.006868
2026-04-24 11:33: **********Val Epoch 1015: average Loss: 0.022793
2026-04-24 11:33: Train Epoch 1016: 0/74 Loss: 0.002405
2026-04-24 11:33: Train Epoch 1016: 20/74 Loss: 0.003128
2026-04-24 11:33: Train Epoch 1016: 40/74 Loss: 0.004548
2026-04-24 11:33: Train Epoch 1016: 60/74 Loss: 0.007477
2026-04-24 11:33: **********Train Epoch 1016: averaged Loss: 0.006338
2026-04-24 11:33: **********Val Epoch 1016: average Loss: 0.016892
2026-04-24 11:33: Train Epoch 1017: 0/74 Loss: 0.012408
2026-04-24 11:33: Train Epoch 1017: 20/74 Loss: 0.002746
2026-04-24 11:33: Train Epoch 1017: 40/74 Loss: 0.004000
2026-04-24 11:33: Train Epoch 1017: 60/74 Loss: 0.005427
2026-04-24 11:33: **********Train Epoch 1017: averaged Loss: 0.005699
2026-04-24 11:33: **********Val Epoch 1017: average Loss: 0.012065
2026-04-24 11:33: Train Epoch 1018: 0/74 Loss: 0.017378
2026-04-24 11:33: Train Epoch 1018: 20/74 Loss: 0.003732
2026-04-24 11:33: Train Epoch 1018: 40/74 Loss: 0.005198
2026-04-24 11:33: Train Epoch 1018: 60/74 Loss: 0.005682
2026-04-24 11:33: **********Train Epoch 1018: averaged Loss: 0.006702
2026-04-24 11:33: **********Val Epoch 1018: average Loss: 0.011226
2026-04-24 11:33: Train Epoch 1019: 0/74 Loss: 0.009266
2026-04-24 11:33: Train Epoch 1019: 20/74 Loss: 0.002503
2026-04-24 11:33: Train Epoch 1019: 40/74 Loss: 0.004725
2026-04-24 11:33: Train Epoch 1019: 60/74 Loss: 0.004889
2026-04-24 11:33: **********Train Epoch 1019: averaged Loss: 0.006252
2026-04-24 11:33: **********Val Epoch 1019: average Loss: 0.008097
2026-04-24 11:33: Train Epoch 1020: 0/74 Loss: 0.010082
2026-04-24 11:33: Train Epoch 1020: 20/74 Loss: 0.002515
2026-04-24 11:33: Train Epoch 1020: 40/74 Loss: 0.003987
2026-04-24 11:33: Train Epoch 1020: 60/74 Loss: 0.008324
2026-04-24 11:33: **********Train Epoch 1020: averaged Loss: 0.005632
2026-04-24 11:33: **********Val Epoch 1020: average Loss: 0.004435
2026-04-24 11:33: Train Epoch 1021: 0/74 Loss: 0.022034
2026-04-24 11:33: Train Epoch 1021: 20/74 Loss: 0.002495
2026-04-24 11:33: Train Epoch 1021: 40/74 Loss: 0.004038
2026-04-24 11:33: Train Epoch 1021: 60/74 Loss: 0.005556
2026-04-24 11:33: **********Train Epoch 1021: averaged Loss: 0.006973
2026-04-24 11:33: **********Val Epoch 1021: average Loss: 0.005557
2026-04-24 11:33: Train Epoch 1022: 0/74 Loss: 0.018013
2026-04-24 11:33: Train Epoch 1022: 20/74 Loss: 0.003199
2026-04-24 11:33: Train Epoch 1022: 40/74 Loss: 0.003502
2026-04-24 11:33: Train Epoch 1022: 60/74 Loss: 0.007876
2026-04-24 11:33: **********Train Epoch 1022: averaged Loss: 0.006346
2026-04-24 11:33: **********Val Epoch 1022: average Loss: 0.005732
2026-04-24 11:33: Train Epoch 1023: 0/74 Loss: 0.007404
2026-04-24 11:33: Train Epoch 1023: 20/74 Loss: 0.002528
2026-04-24 11:33: Train Epoch 1023: 40/74 Loss: 0.005731
2026-04-24 11:33: Train Epoch 1023: 60/74 Loss: 0.007256
2026-04-24 11:33: **********Train Epoch 1023: averaged Loss: 0.005507
2026-04-24 11:33: **********Val Epoch 1023: average Loss: 0.005214
2026-04-24 11:33: Train Epoch 1024: 0/74 Loss: 0.002785
2026-04-24 11:34: Train Epoch 1024: 20/74 Loss: 0.002388
2026-04-24 11:34: Train Epoch 1024: 40/74 Loss: 0.004783
2026-04-24 11:34: Train Epoch 1024: 60/74 Loss: 0.008452
2026-04-24 11:34: **********Train Epoch 1024: averaged Loss: 0.005395
2026-04-24 11:34: **********Val Epoch 1024: average Loss: 0.005615
2026-04-24 11:34: Train Epoch 1025: 0/74 Loss: 0.028957
2026-04-24 11:34: Train Epoch 1025: 20/74 Loss: 0.003480
2026-04-24 11:34: Train Epoch 1025: 40/74 Loss: 0.007677
2026-04-24 11:34: Train Epoch 1025: 60/74 Loss: 0.007880
2026-04-24 11:34: **********Train Epoch 1025: averaged Loss: 0.007574
2026-04-24 11:34: **********Val Epoch 1025: average Loss: 0.006414
2026-04-24 11:34: Train Epoch 1026: 0/74 Loss: 0.009831
2026-04-24 11:34: Train Epoch 1026: 20/74 Loss: 0.002427
2026-04-24 11:34: Train Epoch 1026: 40/74 Loss: 0.004743
2026-04-24 11:34: Train Epoch 1026: 60/74 Loss: 0.006948
2026-04-24 11:34: **********Train Epoch 1026: averaged Loss: 0.005686
2026-04-24 11:34: **********Val Epoch 1026: average Loss: 0.007945
2026-04-24 11:34: Train Epoch 1027: 0/74 Loss: 0.040169
2026-04-24 11:34: Train Epoch 1027: 20/74 Loss: 0.007085
2026-04-24 11:34: Train Epoch 1027: 40/74 Loss: 0.004121
2026-04-24 11:34: Train Epoch 1027: 60/74 Loss: 0.008993
2026-04-24 11:34: **********Train Epoch 1027: averaged Loss: 0.008589
2026-04-24 11:34: **********Val Epoch 1027: average Loss: 0.009523
2026-04-24 11:34: Train Epoch 1028: 0/74 Loss: 0.034281
2026-04-24 11:34: Train Epoch 1028: 20/74 Loss: 0.005488
2026-04-24 11:34: Train Epoch 1028: 40/74 Loss: 0.005662
2026-04-24 11:34: Train Epoch 1028: 60/74 Loss: 0.005135
2026-04-24 11:34: **********Train Epoch 1028: averaged Loss: 0.007183
2026-04-24 11:34: **********Val Epoch 1028: average Loss: 0.010361
2026-04-24 11:34: Train Epoch 1029: 0/74 Loss: 0.029158
2026-04-24 11:34: Train Epoch 1029: 20/74 Loss: 0.004508
2026-04-24 11:34: Train Epoch 1029: 40/74 Loss: 0.005222
2026-04-24 11:34: Train Epoch 1029: 60/74 Loss: 0.006025
2026-04-24 11:34: **********Train Epoch 1029: averaged Loss: 0.006292
2026-04-24 11:34: **********Val Epoch 1029: average Loss: 0.009991
2026-04-24 11:34: Train Epoch 1030: 0/74 Loss: 0.023409
2026-04-24 11:34: Train Epoch 1030: 20/74 Loss: 0.004828
2026-04-24 11:34: Train Epoch 1030: 40/74 Loss: 0.006192
2026-04-24 11:34: Train Epoch 1030: 60/74 Loss: 0.007920
2026-04-24 11:34: **********Train Epoch 1030: averaged Loss: 0.006011
2026-04-24 11:34: **********Val Epoch 1030: average Loss: 0.009707
2026-04-24 11:34: Train Epoch 1031: 0/74 Loss: 0.013887
2026-04-24 11:34: Train Epoch 1031: 20/74 Loss: 0.002425
2026-04-24 11:34: Train Epoch 1031: 40/74 Loss: 0.009832
2026-04-24 11:34: Train Epoch 1031: 60/74 Loss: 0.005718
2026-04-24 11:34: **********Train Epoch 1031: averaged Loss: 0.005591
2026-04-24 11:34: **********Val Epoch 1031: average Loss: 0.005215
2026-04-24 11:34: Train Epoch 1032: 0/74 Loss: 0.008274
2026-04-24 11:34: Train Epoch 1032: 20/74 Loss: 0.002711
2026-04-24 11:34: Train Epoch 1032: 40/74 Loss: 0.010380
2026-04-24 11:34: Train Epoch 1032: 60/74 Loss: 0.004909
2026-04-24 11:34: **********Train Epoch 1032: averaged Loss: 0.005856
2026-04-24 11:34: **********Val Epoch 1032: average Loss: 0.012623
2026-04-24 11:34: Train Epoch 1033: 0/74 Loss: 0.010619
2026-04-24 11:34: Train Epoch 1033: 20/74 Loss: 0.002474
2026-04-24 11:35: Train Epoch 1033: 40/74 Loss: 0.008505
2026-04-24 11:35: Train Epoch 1033: 60/74 Loss: 0.007253
2026-04-24 11:35: **********Train Epoch 1033: averaged Loss: 0.005769
2026-04-24 11:35: **********Val Epoch 1033: average Loss: 0.013194
2026-04-24 11:35: Train Epoch 1034: 0/74 Loss: 0.022304
2026-04-24 11:35: Train Epoch 1034: 20/74 Loss: 0.005451
2026-04-24 11:35: Train Epoch 1034: 40/74 Loss: 0.005217
2026-04-24 11:35: Train Epoch 1034: 60/74 Loss: 0.023792
2026-04-24 11:35: **********Train Epoch 1034: averaged Loss: 0.011402
2026-04-24 11:35: **********Val Epoch 1034: average Loss: 0.014843
2026-04-24 11:35: Train Epoch 1035: 0/74 Loss: 0.045580
2026-04-24 11:35: Train Epoch 1035: 20/74 Loss: 0.009196
2026-04-24 11:35: Train Epoch 1035: 40/74 Loss: 0.005143
2026-04-24 11:35: Train Epoch 1035: 60/74 Loss: 0.010898
2026-04-24 11:35: **********Train Epoch 1035: averaged Loss: 0.011805
2026-04-24 11:35: **********Val Epoch 1035: average Loss: 0.008475
2026-04-24 11:35: Train Epoch 1036: 0/74 Loss: 0.012449
2026-04-24 11:35: Train Epoch 1036: 20/74 Loss: 0.003293
2026-04-24 11:35: Train Epoch 1036: 40/74 Loss: 0.004203
2026-04-24 11:35: Train Epoch 1036: 60/74 Loss: 0.014475
2026-04-24 11:35: **********Train Epoch 1036: averaged Loss: 0.008089
2026-04-24 11:35: **********Val Epoch 1036: average Loss: 0.009911
2026-04-24 11:35: Train Epoch 1037: 0/74 Loss: 0.033617
2026-04-24 11:35: Train Epoch 1037: 20/74 Loss: 0.011094
2026-04-24 11:35: Train Epoch 1037: 40/74 Loss: 0.010257
2026-04-24 11:35: Train Epoch 1037: 60/74 Loss: 0.017227
2026-04-24 11:35: **********Train Epoch 1037: averaged Loss: 0.011645
2026-04-24 11:35: **********Val Epoch 1037: average Loss: 0.008250
2026-04-24 11:35: Train Epoch 1038: 0/74 Loss: 0.032513
2026-04-24 11:35: Train Epoch 1038: 20/74 Loss: 0.009545
2026-04-24 11:35: Train Epoch 1038: 40/74 Loss: 0.008075
2026-04-24 11:35: Train Epoch 1038: 60/74 Loss: 0.025155
2026-04-24 11:35: **********Train Epoch 1038: averaged Loss: 0.012156
2026-04-24 11:35: **********Val Epoch 1038: average Loss: 0.015003
2026-04-24 11:35: Train Epoch 1039: 0/74 Loss: 0.027949
2026-04-24 11:35: Train Epoch 1039: 20/74 Loss: 0.003174
2026-04-24 11:35: Train Epoch 1039: 40/74 Loss: 0.004776
2026-04-24 11:35: Train Epoch 1039: 60/74 Loss: 0.015638
2026-04-24 11:35: **********Train Epoch 1039: averaged Loss: 0.008546
2026-04-24 11:35: **********Val Epoch 1039: average Loss: 0.007994
2026-04-24 11:35: Train Epoch 1040: 0/74 Loss: 0.002492
2026-04-24 11:35: Train Epoch 1040: 20/74 Loss: 0.004077
2026-04-24 11:35: Train Epoch 1040: 40/74 Loss: 0.008054
2026-04-24 11:35: Train Epoch 1040: 60/74 Loss: 0.014847
2026-04-24 11:35: **********Train Epoch 1040: averaged Loss: 0.006340
2026-04-24 11:35: **********Val Epoch 1040: average Loss: 0.007390
2026-04-24 11:35: Train Epoch 1041: 0/74 Loss: 0.016241
2026-04-24 11:35: Train Epoch 1041: 20/74 Loss: 0.003439
2026-04-24 11:35: Train Epoch 1041: 40/74 Loss: 0.005222
2026-04-24 11:35: Train Epoch 1041: 60/74 Loss: 0.017794
2026-04-24 11:35: **********Train Epoch 1041: averaged Loss: 0.007557
2026-04-24 11:35: **********Val Epoch 1041: average Loss: 0.007035
2026-04-24 11:35: Train Epoch 1042: 0/74 Loss: 0.009068
2026-04-24 11:35: Train Epoch 1042: 20/74 Loss: 0.003082
2026-04-24 11:36: Train Epoch 1042: 40/74 Loss: 0.010329
2026-04-24 11:36: Train Epoch 1042: 60/74 Loss: 0.021985
2026-04-24 11:36: **********Train Epoch 1042: averaged Loss: 0.007731
2026-04-24 11:36: **********Val Epoch 1042: average Loss: 0.008235
2026-04-24 11:36: Train Epoch 1043: 0/74 Loss: 0.013085
2026-04-24 11:36: Train Epoch 1043: 20/74 Loss: 0.002493
2026-04-24 11:36: Train Epoch 1043: 40/74 Loss: 0.010546
2026-04-24 11:36: Train Epoch 1043: 60/74 Loss: 0.028645
2026-04-24 11:36: **********Train Epoch 1043: averaged Loss: 0.009728
2026-04-24 11:36: **********Val Epoch 1043: average Loss: 0.019933
2026-04-24 11:36: Train Epoch 1044: 0/74 Loss: 0.011916
2026-04-24 11:36: Train Epoch 1044: 20/74 Loss: 0.005340
2026-04-24 11:36: Train Epoch 1044: 40/74 Loss: 0.008658
2026-04-24 11:36: Train Epoch 1044: 60/74 Loss: 0.015871
2026-04-24 11:36: **********Train Epoch 1044: averaged Loss: 0.006145
2026-04-24 11:36: **********Val Epoch 1044: average Loss: 0.006280
2026-04-24 11:36: Train Epoch 1045: 0/74 Loss: 0.004027
2026-04-24 11:36: Train Epoch 1045: 20/74 Loss: 0.002670
2026-04-24 11:36: Train Epoch 1045: 40/74 Loss: 0.008806
2026-04-24 11:36: Train Epoch 1045: 60/74 Loss: 0.015184
2026-04-24 11:36: **********Train Epoch 1045: averaged Loss: 0.006224
2026-04-24 11:36: **********Val Epoch 1045: average Loss: 0.006925
2026-04-24 11:36: Train Epoch 1046: 0/74 Loss: 0.018111
2026-04-24 11:36: Train Epoch 1046: 20/74 Loss: 0.002959
2026-04-24 11:36: Train Epoch 1046: 40/74 Loss: 0.007791
2026-04-24 11:36: Train Epoch 1046: 60/74 Loss: 0.011006
2026-04-24 11:36: **********Train Epoch 1046: averaged Loss: 0.006549
2026-04-24 11:36: **********Val Epoch 1046: average Loss: 0.007469
2026-04-24 11:36: Train Epoch 1047: 0/74 Loss: 0.024435
2026-04-24 11:36: Train Epoch 1047: 20/74 Loss: 0.004458
2026-04-24 11:36: Train Epoch 1047: 40/74 Loss: 0.011212
2026-04-24 11:36: Train Epoch 1047: 60/74 Loss: 0.025237
2026-04-24 11:36: **********Train Epoch 1047: averaged Loss: 0.009638
2026-04-24 11:36: **********Val Epoch 1047: average Loss: 0.009168
2026-04-24 11:36: Train Epoch 1048: 0/74 Loss: 0.003093
2026-04-24 11:36: Train Epoch 1048: 20/74 Loss: 0.003405
2026-04-24 11:36: Train Epoch 1048: 40/74 Loss: 0.010722
2026-04-24 11:36: Train Epoch 1048: 60/74 Loss: 0.017783
2026-04-24 11:36: **********Train Epoch 1048: averaged Loss: 0.006332
2026-04-24 11:36: **********Val Epoch 1048: average Loss: 0.009549
2026-04-24 11:36: Train Epoch 1049: 0/74 Loss: 0.006577
2026-04-24 11:36: Train Epoch 1049: 20/74 Loss: 0.002760
2026-04-24 11:36: Train Epoch 1049: 40/74 Loss: 0.009655
2026-04-24 11:36: Train Epoch 1049: 60/74 Loss: 0.021276
2026-04-24 11:36: **********Train Epoch 1049: averaged Loss: 0.006697
2026-04-24 11:36: **********Val Epoch 1049: average Loss: 0.006962
2026-04-24 11:36: Train Epoch 1050: 0/74 Loss: 0.002500
2026-04-24 11:36: Train Epoch 1050: 20/74 Loss: 0.002446
2026-04-24 11:36: Train Epoch 1050: 40/74 Loss: 0.009944
2026-04-24 11:36: Train Epoch 1050: 60/74 Loss: 0.015413
2026-04-24 11:36: **********Train Epoch 1050: averaged Loss: 0.005886
2026-04-24 11:36: **********Val Epoch 1050: average Loss: 0.008638
2026-04-24 11:36: Train Epoch 1051: 0/74 Loss: 0.014220
2026-04-24 11:36: Train Epoch 1051: 20/74 Loss: 0.002403
2026-04-24 11:36: Train Epoch 1051: 40/74 Loss: 0.006693
2026-04-24 11:37: Train Epoch 1051: 60/74 Loss: 0.011429
2026-04-24 11:37: **********Train Epoch 1051: averaged Loss: 0.005709
2026-04-24 11:37: **********Val Epoch 1051: average Loss: 0.009290
2026-04-24 11:37: Train Epoch 1052: 0/74 Loss: 0.014900
2026-04-24 11:37: Train Epoch 1052: 20/74 Loss: 0.003613
2026-04-24 11:37: Train Epoch 1052: 40/74 Loss: 0.006350
2026-04-24 11:37: Train Epoch 1052: 60/74 Loss: 0.011805
2026-04-24 11:37: **********Train Epoch 1052: averaged Loss: 0.006007
2026-04-24 11:37: **********Val Epoch 1052: average Loss: 0.010437
2026-04-24 11:37: Train Epoch 1053: 0/74 Loss: 0.002588
2026-04-24 11:37: Train Epoch 1053: 20/74 Loss: 0.003331
2026-04-24 11:37: Train Epoch 1053: 40/74 Loss: 0.005560
2026-04-24 11:37: Train Epoch 1053: 60/74 Loss: 0.008886
2026-04-24 11:37: **********Train Epoch 1053: averaged Loss: 0.004955
2026-04-24 11:37: **********Val Epoch 1053: average Loss: 0.010651
2026-04-24 11:37: Train Epoch 1054: 0/74 Loss: 0.016818
2026-04-24 11:37: Train Epoch 1054: 20/74 Loss: 0.004810
2026-04-24 11:37: Train Epoch 1054: 40/74 Loss: 0.006888
2026-04-24 11:37: Train Epoch 1054: 60/74 Loss: 0.007692
2026-04-24 11:37: **********Train Epoch 1054: averaged Loss: 0.006436
2026-04-24 11:37: **********Val Epoch 1054: average Loss: 0.013523
2026-04-24 11:37: Train Epoch 1055: 0/74 Loss: 0.011538
2026-04-24 11:37: Train Epoch 1055: 20/74 Loss: 0.002655
2026-04-24 11:37: Train Epoch 1055: 40/74 Loss: 0.007917
2026-04-24 11:37: Train Epoch 1055: 60/74 Loss: 0.006379
2026-04-24 11:37: **********Train Epoch 1055: averaged Loss: 0.006502
2026-04-24 11:37: **********Val Epoch 1055: average Loss: 0.010171
2026-04-24 11:37: Train Epoch 1056: 0/74 Loss: 0.018296
2026-04-24 11:37: Train Epoch 1056: 20/74 Loss: 0.007403
2026-04-24 11:37: Train Epoch 1056: 40/74 Loss: 0.009154
2026-04-24 11:37: Train Epoch 1056: 60/74 Loss: 0.007270
2026-04-24 11:37: **********Train Epoch 1056: averaged Loss: 0.007136
2026-04-24 11:37: **********Val Epoch 1056: average Loss: 0.007275
2026-04-24 11:37: Train Epoch 1057: 0/74 Loss: 0.018812
2026-04-24 11:37: Train Epoch 1057: 20/74 Loss: 0.002600
2026-04-24 11:37: Train Epoch 1057: 40/74 Loss: 0.010201
2026-04-24 11:37: Train Epoch 1057: 60/74 Loss: 0.005149
2026-04-24 11:37: **********Train Epoch 1057: averaged Loss: 0.006657
2026-04-24 11:37: **********Val Epoch 1057: average Loss: 0.004847
2026-04-24 11:37: Train Epoch 1058: 0/74 Loss: 0.048466
2026-04-24 11:37: Train Epoch 1058: 20/74 Loss: 0.004731
2026-04-24 11:37: Train Epoch 1058: 40/74 Loss: 0.010755
2026-04-24 11:37: Train Epoch 1058: 60/74 Loss: 0.006091
2026-04-24 11:37: **********Train Epoch 1058: averaged Loss: 0.008848
2026-04-24 11:37: **********Val Epoch 1058: average Loss: 0.005909
2026-04-24 11:37: Train Epoch 1059: 0/74 Loss: 0.015985
2026-04-24 11:37: Train Epoch 1059: 20/74 Loss: 0.002596
2026-04-24 11:37: Train Epoch 1059: 40/74 Loss: 0.006775
2026-04-24 11:37: Train Epoch 1059: 60/74 Loss: 0.004963
2026-04-24 11:37: **********Train Epoch 1059: averaged Loss: 0.004831
2026-04-24 11:37: **********Val Epoch 1059: average Loss: 0.004152
2026-04-24 11:37: *********************************Current best model saved!
2026-04-24 11:37: Train Epoch 1060: 0/74 Loss: 0.019408
2026-04-24 11:37: Train Epoch 1060: 20/74 Loss: 0.003901
2026-04-24 11:37: Train Epoch 1060: 40/74 Loss: 0.006102
2026-04-24 11:37: Train Epoch 1060: 60/74 Loss: 0.004825
2026-04-24 11:38: **********Train Epoch 1060: averaged Loss: 0.005408
2026-04-24 11:38: **********Val Epoch 1060: average Loss: 0.004635
2026-04-24 11:38: Train Epoch 1061: 0/74 Loss: 0.016623
2026-04-24 11:38: Train Epoch 1061: 20/74 Loss: 0.002509
2026-04-24 11:38: Train Epoch 1061: 40/74 Loss: 0.006445
2026-04-24 11:38: Train Epoch 1061: 60/74 Loss: 0.005940
2026-04-24 11:38: **********Train Epoch 1061: averaged Loss: 0.005019
2026-04-24 11:38: **********Val Epoch 1061: average Loss: 0.004453
2026-04-24 11:38: Train Epoch 1062: 0/74 Loss: 0.017308
2026-04-24 11:38: Train Epoch 1062: 20/74 Loss: 0.002339
2026-04-24 11:38: Train Epoch 1062: 40/74 Loss: 0.010230
2026-04-24 11:38: Train Epoch 1062: 60/74 Loss: 0.005201
2026-04-24 11:38: **********Train Epoch 1062: averaged Loss: 0.005238
2026-04-24 11:38: **********Val Epoch 1062: average Loss: 0.005132
2026-04-24 11:38: Train Epoch 1063: 0/74 Loss: 0.002684
2026-04-24 11:38: Train Epoch 1063: 20/74 Loss: 0.002840
2026-04-24 11:38: Train Epoch 1063: 40/74 Loss: 0.009262
2026-04-24 11:38: Train Epoch 1063: 60/74 Loss: 0.008046
2026-04-24 11:38: **********Train Epoch 1063: averaged Loss: 0.005224
2026-04-24 11:38: **********Val Epoch 1063: average Loss: 0.004278
2026-04-24 11:38: Train Epoch 1064: 0/74 Loss: 0.002667
2026-04-24 11:38: Train Epoch 1064: 20/74 Loss: 0.003919
2026-04-24 11:38: Train Epoch 1064: 40/74 Loss: 0.007119
2026-04-24 11:38: Train Epoch 1064: 60/74 Loss: 0.004604
2026-04-24 11:38: **********Train Epoch 1064: averaged Loss: 0.004775
2026-04-24 11:38: **********Val Epoch 1064: average Loss: 0.006253
2026-04-24 11:38: Train Epoch 1065: 0/74 Loss: 0.020308
2026-04-24 11:38: Train Epoch 1065: 20/74 Loss: 0.003242
2026-04-24 11:38: Train Epoch 1065: 40/74 Loss: 0.007379
2026-04-24 11:38: Train Epoch 1065: 60/74 Loss: 0.005272
2026-04-24 11:38: **********Train Epoch 1065: averaged Loss: 0.005025
2026-04-24 11:38: **********Val Epoch 1065: average Loss: 0.004430
2026-04-24 11:38: Train Epoch 1066: 0/74 Loss: 0.004724
2026-04-24 11:38: Train Epoch 1066: 20/74 Loss: 0.002304
2026-04-24 11:38: Train Epoch 1066: 40/74 Loss: 0.007925
2026-04-24 11:38: Train Epoch 1066: 60/74 Loss: 0.005014
2026-04-24 11:38: **********Train Epoch 1066: averaged Loss: 0.004368
2026-04-24 11:38: **********Val Epoch 1066: average Loss: 0.004214
2026-04-24 11:38: Train Epoch 1067: 0/74 Loss: 0.007988
2026-04-24 11:38: Train Epoch 1067: 20/74 Loss: 0.003500
2026-04-24 11:38: Train Epoch 1067: 40/74 Loss: 0.008608
2026-04-24 11:38: Train Epoch 1067: 60/74 Loss: 0.004971
2026-04-24 11:38: **********Train Epoch 1067: averaged Loss: 0.005401
2026-04-24 11:38: **********Val Epoch 1067: average Loss: 0.004070
2026-04-24 11:38: *********************************Current best model saved!
2026-04-24 11:38: Train Epoch 1068: 0/74 Loss: 0.009237
2026-04-24 11:38: Train Epoch 1068: 20/74 Loss: 0.005525
2026-04-24 11:38: Train Epoch 1068: 40/74 Loss: 0.006435
2026-04-24 11:38: Train Epoch 1068: 60/74 Loss: 0.005260
2026-04-24 11:38: **********Train Epoch 1068: averaged Loss: 0.005606
2026-04-24 11:38: **********Val Epoch 1068: average Loss: 0.004154
2026-04-24 11:38: Train Epoch 1069: 0/74 Loss: 0.002693
2026-04-24 11:38: Train Epoch 1069: 20/74 Loss: 0.002269
2026-04-24 11:38: Train Epoch 1069: 40/74 Loss: 0.007193
2026-04-24 11:38: Train Epoch 1069: 60/74 Loss: 0.004924
2026-04-24 11:38: **********Train Epoch 1069: averaged Loss: 0.004963
2026-04-24 11:38: **********Val Epoch 1069: average Loss: 0.005184
2026-04-24 11:38: Train Epoch 1070: 0/74 Loss: 0.003130
2026-04-24 11:39: Train Epoch 1070: 20/74 Loss: 0.002460
2026-04-24 11:39: Train Epoch 1070: 40/74 Loss: 0.007056
2026-04-24 11:39: Train Epoch 1070: 60/74 Loss: 0.005701
2026-04-24 11:39: **********Train Epoch 1070: averaged Loss: 0.004820
2026-04-24 11:39: **********Val Epoch 1070: average Loss: 0.004255
2026-04-24 11:39: Train Epoch 1071: 0/74 Loss: 0.008719
2026-04-24 11:39: Train Epoch 1071: 20/74 Loss: 0.002937
2026-04-24 11:39: Train Epoch 1071: 40/74 Loss: 0.007235
2026-04-24 11:39: Train Epoch 1071: 60/74 Loss: 0.004591
2026-04-24 11:39: **********Train Epoch 1071: averaged Loss: 0.005878
2026-04-24 11:39: **********Val Epoch 1071: average Loss: 0.006548
2026-04-24 11:39: Train Epoch 1072: 0/74 Loss: 0.012362
2026-04-24 11:39: Train Epoch 1072: 20/74 Loss: 0.004519
2026-04-24 11:39: Train Epoch 1072: 40/74 Loss: 0.004365
2026-04-24 11:39: Train Epoch 1072: 60/74 Loss: 0.006687
2026-04-24 11:39: **********Train Epoch 1072: averaged Loss: 0.006183
2026-04-24 11:39: **********Val Epoch 1072: average Loss: 0.004822
2026-04-24 11:39: Train Epoch 1073: 0/74 Loss: 0.002408
2026-04-24 11:39: Train Epoch 1073: 20/74 Loss: 0.002583
2026-04-24 11:39: Train Epoch 1073: 40/74 Loss: 0.004519
2026-04-24 11:39: Train Epoch 1073: 60/74 Loss: 0.005105
2026-04-24 11:39: **********Train Epoch 1073: averaged Loss: 0.005125
2026-04-24 11:39: **********Val Epoch 1073: average Loss: 0.004516
2026-04-24 11:39: Train Epoch 1074: 0/74 Loss: 0.021880
2026-04-24 11:39: Train Epoch 1074: 20/74 Loss: 0.002406
2026-04-24 11:39: Train Epoch 1074: 40/74 Loss: 0.004053
2026-04-24 11:39: Train Epoch 1074: 60/74 Loss: 0.005321
2026-04-24 11:39: **********Train Epoch 1074: averaged Loss: 0.008037
2026-04-24 11:39: **********Val Epoch 1074: average Loss: 0.006477
2026-04-24 11:39: Train Epoch 1075: 0/74 Loss: 0.028238
2026-04-24 11:39: Train Epoch 1075: 20/74 Loss: 0.006472
2026-04-24 11:39: Train Epoch 1075: 40/74 Loss: 0.004646
2026-04-24 11:39: Train Epoch 1075: 60/74 Loss: 0.005116
2026-04-24 11:39: **********Train Epoch 1075: averaged Loss: 0.008774
2026-04-24 11:39: **********Val Epoch 1075: average Loss: 0.008483
2026-04-24 11:39: Train Epoch 1076: 0/74 Loss: 0.026828
2026-04-24 11:39: Train Epoch 1076: 20/74 Loss: 0.009656
2026-04-24 11:39: Train Epoch 1076: 40/74 Loss: 0.005921
2026-04-24 11:39: Train Epoch 1076: 60/74 Loss: 0.006567
2026-04-24 11:39: **********Train Epoch 1076: averaged Loss: 0.009590
2026-04-24 11:39: **********Val Epoch 1076: average Loss: 0.007635
2026-04-24 11:39: Train Epoch 1077: 0/74 Loss: 0.050059
2026-04-24 11:39: Train Epoch 1077: 20/74 Loss: 0.011087
2026-04-24 11:39: Train Epoch 1077: 40/74 Loss: 0.004255
2026-04-24 11:39: Train Epoch 1077: 60/74 Loss: 0.005787
2026-04-24 11:39: **********Train Epoch 1077: averaged Loss: 0.009435
2026-04-24 11:39: **********Val Epoch 1077: average Loss: 0.005588
2026-04-24 11:39: Train Epoch 1078: 0/74 Loss: 0.006385
2026-04-24 11:39: Train Epoch 1078: 20/74 Loss: 0.002384
2026-04-24 11:39: Train Epoch 1078: 40/74 Loss: 0.006487
2026-04-24 11:39: Train Epoch 1078: 60/74 Loss: 0.005824
2026-04-24 11:39: **********Train Epoch 1078: averaged Loss: 0.005469
2026-04-24 11:39: **********Val Epoch 1078: average Loss: 0.006546
2026-04-24 11:39: Train Epoch 1079: 0/74 Loss: 0.009761
2026-04-24 11:39: Train Epoch 1079: 20/74 Loss: 0.003388
2026-04-24 11:40: Train Epoch 1079: 40/74 Loss: 0.004459
2026-04-24 11:40: Train Epoch 1079: 60/74 Loss: 0.007416
2026-04-24 11:40: **********Train Epoch 1079: averaged Loss: 0.005649
2026-04-24 11:40: **********Val Epoch 1079: average Loss: 0.005403
2026-04-24 11:40: Train Epoch 1080: 0/74 Loss: 0.018480
2026-04-24 11:40: Train Epoch 1080: 20/74 Loss: 0.005966
2026-04-24 11:40: Train Epoch 1080: 40/74 Loss: 0.003617
2026-04-24 11:40: Train Epoch 1080: 60/74 Loss: 0.006113
2026-04-24 11:40: **********Train Epoch 1080: averaged Loss: 0.005812
2026-04-24 11:40: **********Val Epoch 1080: average Loss: 0.006550
2026-04-24 11:40: Train Epoch 1081: 0/74 Loss: 0.005047
2026-04-24 11:40: Train Epoch 1081: 20/74 Loss: 0.002390
2026-04-24 11:40: Train Epoch 1081: 40/74 Loss: 0.005088
2026-04-24 11:40: Train Epoch 1081: 60/74 Loss: 0.008332
2026-04-24 11:40: **********Train Epoch 1081: averaged Loss: 0.005041
2026-04-24 11:40: **********Val Epoch 1081: average Loss: 0.009169
2026-04-24 11:40: Train Epoch 1082: 0/74 Loss: 0.008239
2026-04-24 11:40: Train Epoch 1082: 20/74 Loss: 0.003255
2026-04-24 11:40: Train Epoch 1082: 40/74 Loss: 0.004896
2026-04-24 11:40: Train Epoch 1082: 60/74 Loss: 0.004914
2026-04-24 11:40: **********Train Epoch 1082: averaged Loss: 0.004630
2026-04-24 11:40: **********Val Epoch 1082: average Loss: 0.007928
2026-04-24 11:40: Train Epoch 1083: 0/74 Loss: 0.010467
2026-04-24 11:40: Train Epoch 1083: 20/74 Loss: 0.002445
2026-04-24 11:40: Train Epoch 1083: 40/74 Loss: 0.004870
2026-04-24 11:40: Train Epoch 1083: 60/74 Loss: 0.005660
2026-04-24 11:40: **********Train Epoch 1083: averaged Loss: 0.004834
2026-04-24 11:40: **********Val Epoch 1083: average Loss: 0.007022
2026-04-24 11:40: Train Epoch 1084: 0/74 Loss: 0.004042
2026-04-24 11:40: Train Epoch 1084: 20/74 Loss: 0.003115
2026-04-24 11:40: Train Epoch 1084: 40/74 Loss: 0.004368
2026-04-24 11:40: Train Epoch 1084: 60/74 Loss: 0.005792
2026-04-24 11:40: **********Train Epoch 1084: averaged Loss: 0.005474
2026-04-24 11:40: **********Val Epoch 1084: average Loss: 0.006787
2026-04-24 11:40: Train Epoch 1085: 0/74 Loss: 0.032733
2026-04-24 11:40: Train Epoch 1085: 20/74 Loss: 0.003497
2026-04-24 11:40: Train Epoch 1085: 40/74 Loss: 0.004170
2026-04-24 11:40: Train Epoch 1085: 60/74 Loss: 0.006257
2026-04-24 11:40: **********Train Epoch 1085: averaged Loss: 0.006382
2026-04-24 11:40: **********Val Epoch 1085: average Loss: 0.006083
2026-04-24 11:40: Train Epoch 1086: 0/74 Loss: 0.020220
2026-04-24 11:40: Train Epoch 1086: 20/74 Loss: 0.002742
2026-04-24 11:40: Train Epoch 1086: 40/74 Loss: 0.003350
2026-04-24 11:40: Train Epoch 1086: 60/74 Loss: 0.005467
2026-04-24 11:40: **********Train Epoch 1086: averaged Loss: 0.004933
2026-04-24 11:40: **********Val Epoch 1086: average Loss: 0.004362
2026-04-24 11:40: Train Epoch 1087: 0/74 Loss: 0.016882
2026-04-24 11:40: Train Epoch 1087: 20/74 Loss: 0.002407
2026-04-24 11:40: Train Epoch 1087: 40/74 Loss: 0.004701
2026-04-24 11:40: Train Epoch 1087: 60/74 Loss: 0.004836
2026-04-24 11:40: **********Train Epoch 1087: averaged Loss: 0.004708
2026-04-24 11:40: **********Val Epoch 1087: average Loss: 0.005653
2026-04-24 11:40: Train Epoch 1088: 0/74 Loss: 0.014184
2026-04-24 11:40: Train Epoch 1088: 20/74 Loss: 0.002398
2026-04-24 11:41: Train Epoch 1088: 40/74 Loss: 0.005238
2026-04-24 11:41: Train Epoch 1088: 60/74 Loss: 0.005828
2026-04-24 11:41: **********Train Epoch 1088: averaged Loss: 0.004651
2026-04-24 11:41: **********Val Epoch 1088: average Loss: 0.005880
2026-04-24 11:41: Train Epoch 1089: 0/74 Loss: 0.007022
2026-04-24 11:41: Train Epoch 1089: 20/74 Loss: 0.002756
2026-04-24 11:41: Train Epoch 1089: 40/74 Loss: 0.003537
2026-04-24 11:41: Train Epoch 1089: 60/74 Loss: 0.006316
2026-04-24 11:41: **********Train Epoch 1089: averaged Loss: 0.004520
2026-04-24 11:41: **********Val Epoch 1089: average Loss: 0.005648
2026-04-24 11:41: Train Epoch 1090: 0/74 Loss: 0.018988
2026-04-24 11:41: Train Epoch 1090: 20/74 Loss: 0.002444
2026-04-24 11:41: Train Epoch 1090: 40/74 Loss: 0.005219
2026-04-24 11:41: Train Epoch 1090: 60/74 Loss: 0.006470
2026-04-24 11:41: **********Train Epoch 1090: averaged Loss: 0.005168
2026-04-24 11:41: **********Val Epoch 1090: average Loss: 0.006788
2026-04-24 11:41: Train Epoch 1091: 0/74 Loss: 0.003121
2026-04-24 11:41: Train Epoch 1091: 20/74 Loss: 0.003404
2026-04-24 11:41: Train Epoch 1091: 40/74 Loss: 0.003554
2026-04-24 11:41: Train Epoch 1091: 60/74 Loss: 0.009509
2026-04-24 11:41: **********Train Epoch 1091: averaged Loss: 0.005140
2026-04-24 11:41: **********Val Epoch 1091: average Loss: 0.007751
2026-04-24 11:41: Train Epoch 1092: 0/74 Loss: 0.028554
2026-04-24 11:41: Train Epoch 1092: 20/74 Loss: 0.005075
2026-04-24 11:41: Train Epoch 1092: 40/74 Loss: 0.005424
2026-04-24 11:41: Train Epoch 1092: 60/74 Loss: 0.005543
2026-04-24 11:41: **********Train Epoch 1092: averaged Loss: 0.006480
2026-04-24 11:41: **********Val Epoch 1092: average Loss: 0.006041
2026-04-24 11:41: Train Epoch 1093: 0/74 Loss: 0.013157
2026-04-24 11:41: Train Epoch 1093: 20/74 Loss: 0.002642
2026-04-24 11:41: Train Epoch 1093: 40/74 Loss: 0.005887
2026-04-24 11:41: Train Epoch 1093: 60/74 Loss: 0.016340
2026-04-24 11:41: **********Train Epoch 1093: averaged Loss: 0.005588
2026-04-24 11:41: **********Val Epoch 1093: average Loss: 0.007325
2026-04-24 11:41: Train Epoch 1094: 0/74 Loss: 0.020849
2026-04-24 11:41: Train Epoch 1094: 20/74 Loss: 0.002401
2026-04-24 11:41: Train Epoch 1094: 40/74 Loss: 0.006062
2026-04-24 11:41: Train Epoch 1094: 60/74 Loss: 0.005405
2026-04-24 11:41: **********Train Epoch 1094: averaged Loss: 0.005598
2026-04-24 11:41: **********Val Epoch 1094: average Loss: 0.004844
2026-04-24 11:41: Train Epoch 1095: 0/74 Loss: 0.017502
2026-04-24 11:41: Train Epoch 1095: 20/74 Loss: 0.004403
2026-04-24 11:41: Train Epoch 1095: 40/74 Loss: 0.007161
2026-04-24 11:41: Train Epoch 1095: 60/74 Loss: 0.011787
2026-04-24 11:41: **********Train Epoch 1095: averaged Loss: 0.008970
2026-04-24 11:41: **********Val Epoch 1095: average Loss: 0.007100
2026-04-24 11:41: Train Epoch 1096: 0/74 Loss: 0.039505
2026-04-24 11:41: Train Epoch 1096: 20/74 Loss: 0.004674
2026-04-24 11:41: Train Epoch 1096: 40/74 Loss: 0.004987
2026-04-24 11:41: Train Epoch 1096: 60/74 Loss: 0.007225
2026-04-24 11:41: **********Train Epoch 1096: averaged Loss: 0.007237
2026-04-24 11:41: **********Val Epoch 1096: average Loss: 0.007322
2026-04-24 11:41: Train Epoch 1097: 0/74 Loss: 0.014400
2026-04-24 11:41: Train Epoch 1097: 20/74 Loss: 0.002394
2026-04-24 11:41: Train Epoch 1097: 40/74 Loss: 0.004565
2026-04-24 11:42: Train Epoch 1097: 60/74 Loss: 0.013865
2026-04-24 11:42: **********Train Epoch 1097: averaged Loss: 0.006045
2026-04-24 11:42: **********Val Epoch 1097: average Loss: 0.006458
2026-04-24 11:42: Train Epoch 1098: 0/74 Loss: 0.014237
2026-04-24 11:42: Train Epoch 1098: 20/74 Loss: 0.002453
2026-04-24 11:42: Train Epoch 1098: 40/74 Loss: 0.007263
2026-04-24 11:42: Train Epoch 1098: 60/74 Loss: 0.008583
2026-04-24 11:42: **********Train Epoch 1098: averaged Loss: 0.005410
2026-04-24 11:42: **********Val Epoch 1098: average Loss: 0.008876
2026-04-24 11:42: Train Epoch 1099: 0/74 Loss: 0.024263
2026-04-24 11:42: Train Epoch 1099: 20/74 Loss: 0.002390
2026-04-24 11:42: Train Epoch 1099: 40/74 Loss: 0.004816
2026-04-24 11:42: Train Epoch 1099: 60/74 Loss: 0.007706
2026-04-24 11:42: **********Train Epoch 1099: averaged Loss: 0.005200
2026-04-24 11:42: **********Val Epoch 1099: average Loss: 0.004655
2026-04-24 11:42: Train Epoch 1100: 0/74 Loss: 0.012526
2026-04-24 11:42: Train Epoch 1100: 20/74 Loss: 0.002430
2026-04-24 11:42: Train Epoch 1100: 40/74 Loss: 0.005473
2026-04-24 11:42: Train Epoch 1100: 60/74 Loss: 0.007113
2026-04-24 11:42: **********Train Epoch 1100: averaged Loss: 0.004294
2026-04-24 11:42: **********Val Epoch 1100: average Loss: 0.005572
2026-04-24 11:42: Train Epoch 1101: 0/74 Loss: 0.002328
2026-04-24 11:42: Train Epoch 1101: 20/74 Loss: 0.002505
2026-04-24 11:42: Train Epoch 1101: 40/74 Loss: 0.007159
2026-04-24 11:42: Train Epoch 1101: 60/74 Loss: 0.004994
2026-04-24 11:42: **********Train Epoch 1101: averaged Loss: 0.005092
2026-04-24 11:42: **********Val Epoch 1101: average Loss: 0.004543
2026-04-24 11:42: Train Epoch 1102: 0/74 Loss: 0.017692
2026-04-24 11:42: Train Epoch 1102: 20/74 Loss: 0.005996
2026-04-24 11:42: Train Epoch 1102: 40/74 Loss: 0.004267
2026-04-24 11:42: Train Epoch 1102: 60/74 Loss: 0.006853
2026-04-24 11:42: **********Train Epoch 1102: averaged Loss: 0.006977
2026-04-24 11:42: **********Val Epoch 1102: average Loss: 0.004333
2026-04-24 11:42: Train Epoch 1103: 0/74 Loss: 0.006321
2026-04-24 11:42: Train Epoch 1103: 20/74 Loss: 0.002456
2026-04-24 11:42: Train Epoch 1103: 40/74 Loss: 0.004904
2026-04-24 11:42: Train Epoch 1103: 60/74 Loss: 0.004699
2026-04-24 11:42: **********Train Epoch 1103: averaged Loss: 0.005574
2026-04-24 11:42: **********Val Epoch 1103: average Loss: 0.005491
2026-04-24 11:42: Train Epoch 1104: 0/74 Loss: 0.017479
2026-04-24 11:42: Train Epoch 1104: 20/74 Loss: 0.002353
2026-04-24 11:42: Train Epoch 1104: 40/74 Loss: 0.003958
2026-04-24 11:42: Train Epoch 1104: 60/74 Loss: 0.004853
2026-04-24 11:42: **********Train Epoch 1104: averaged Loss: 0.006608
2026-04-24 11:42: **********Val Epoch 1104: average Loss: 0.007648
2026-04-24 11:42: Train Epoch 1105: 0/74 Loss: 0.008364
2026-04-24 11:42: Train Epoch 1105: 20/74 Loss: 0.002347
2026-04-24 11:42: Train Epoch 1105: 40/74 Loss: 0.003575
2026-04-24 11:42: Train Epoch 1105: 60/74 Loss: 0.004681
2026-04-24 11:42: **********Train Epoch 1105: averaged Loss: 0.004587
2026-04-24 11:42: **********Val Epoch 1105: average Loss: 0.007252
2026-04-24 11:42: Train Epoch 1106: 0/74 Loss: 0.023035
2026-04-24 11:42: Train Epoch 1106: 20/74 Loss: 0.010099
2026-04-24 11:42: Train Epoch 1106: 40/74 Loss: 0.003692
2026-04-24 11:42: Train Epoch 1106: 60/74 Loss: 0.006535
2026-04-24 11:43: **********Train Epoch 1106: averaged Loss: 0.008539
2026-04-24 11:43: **********Val Epoch 1106: average Loss: 0.006611
2026-04-24 11:43: Train Epoch 1107: 0/74 Loss: 0.017916
2026-04-24 11:43: Train Epoch 1107: 20/74 Loss: 0.002453
2026-04-24 11:43: Train Epoch 1107: 40/74 Loss: 0.003899
2026-04-24 11:43: Train Epoch 1107: 60/74 Loss: 0.008824
2026-04-24 11:43: **********Train Epoch 1107: averaged Loss: 0.007597
2026-04-24 11:43: **********Val Epoch 1107: average Loss: 0.012398
2026-04-24 11:43: Train Epoch 1108: 0/74 Loss: 0.003239
2026-04-24 11:43: Train Epoch 1108: 20/74 Loss: 0.003172
2026-04-24 11:43: Train Epoch 1108: 40/74 Loss: 0.008646
2026-04-24 11:43: Train Epoch 1108: 60/74 Loss: 0.005824
2026-04-24 11:43: **********Train Epoch 1108: averaged Loss: 0.008263
2026-04-24 11:43: **********Val Epoch 1108: average Loss: 0.009787
2026-04-24 11:43: Train Epoch 1109: 0/74 Loss: 0.024533
2026-04-24 11:43: Train Epoch 1109: 20/74 Loss: 0.004569
2026-04-24 11:43: Train Epoch 1109: 40/74 Loss: 0.003667
2026-04-24 11:43: Train Epoch 1109: 60/74 Loss: 0.011142
2026-04-24 11:43: **********Train Epoch 1109: averaged Loss: 0.008929
2026-04-24 11:43: **********Val Epoch 1109: average Loss: 0.008598
2026-04-24 11:43: Train Epoch 1110: 0/74 Loss: 0.058803
2026-04-24 11:43: Train Epoch 1110: 20/74 Loss: 0.002319
2026-04-24 11:43: Train Epoch 1110: 40/74 Loss: 0.006518
2026-04-24 11:43: Train Epoch 1110: 60/74 Loss: 0.004760
2026-04-24 11:43: **********Train Epoch 1110: averaged Loss: 0.012529
2026-04-24 11:43: **********Val Epoch 1110: average Loss: 0.006584
2026-04-24 11:43: Train Epoch 1111: 0/74 Loss: 0.007609
2026-04-24 11:43: Train Epoch 1111: 20/74 Loss: 0.002541
2026-04-24 11:43: Train Epoch 1111: 40/74 Loss: 0.006879
2026-04-24 11:43: Train Epoch 1111: 60/74 Loss: 0.005224
2026-04-24 11:43: **********Train Epoch 1111: averaged Loss: 0.006391
2026-04-24 11:43: **********Val Epoch 1111: average Loss: 0.005026
2026-04-24 11:43: Train Epoch 1112: 0/74 Loss: 0.031416
2026-04-24 11:43: Train Epoch 1112: 20/74 Loss: 0.006954
2026-04-24 11:43: Train Epoch 1112: 40/74 Loss: 0.004427
2026-04-24 11:43: Train Epoch 1112: 60/74 Loss: 0.005116
2026-04-24 11:43: **********Train Epoch 1112: averaged Loss: 0.007815
2026-04-24 11:43: **********Val Epoch 1112: average Loss: 0.006545
2026-04-24 11:43: Train Epoch 1113: 0/74 Loss: 0.015534
2026-04-24 11:43: Train Epoch 1113: 20/74 Loss: 0.003206
2026-04-24 11:43: Train Epoch 1113: 40/74 Loss: 0.004823
2026-04-24 11:43: Train Epoch 1113: 60/74 Loss: 0.004934
2026-04-24 11:43: **********Train Epoch 1113: averaged Loss: 0.005629
2026-04-24 11:43: **********Val Epoch 1113: average Loss: 0.004292
2026-04-24 11:43: Train Epoch 1114: 0/74 Loss: 0.007472
2026-04-24 11:43: Train Epoch 1114: 20/74 Loss: 0.002654
2026-04-24 11:43: Train Epoch 1114: 40/74 Loss: 0.003780
2026-04-24 11:43: Train Epoch 1114: 60/74 Loss: 0.005181
2026-04-24 11:43: **********Train Epoch 1114: averaged Loss: 0.004891
2026-04-24 11:43: **********Val Epoch 1114: average Loss: 0.004260
2026-04-24 11:43: Train Epoch 1115: 0/74 Loss: 0.002306
2026-04-24 11:43: Train Epoch 1115: 20/74 Loss: 0.002977
2026-04-24 11:43: Train Epoch 1115: 40/74 Loss: 0.003543
2026-04-24 11:43: Train Epoch 1115: 60/74 Loss: 0.005044
2026-04-24 11:43: **********Train Epoch 1115: averaged Loss: 0.003994
2026-04-24 11:43: **********Val Epoch 1115: average Loss: 0.004136
2026-04-24 11:43: Train Epoch 1116: 0/74 Loss: 0.002321
2026-04-24 11:44: Train Epoch 1116: 20/74 Loss: 0.002657
2026-04-24 11:44: Train Epoch 1116: 40/74 Loss: 0.004008
2026-04-24 11:44: Train Epoch 1116: 60/74 Loss: 0.005649
2026-04-24 11:44: **********Train Epoch 1116: averaged Loss: 0.004018
2026-04-24 11:44: **********Val Epoch 1116: average Loss: 0.004206
2026-04-24 11:44: Train Epoch 1117: 0/74 Loss: 0.005726
2026-04-24 11:44: Train Epoch 1117: 20/74 Loss: 0.002578
2026-04-24 11:44: Train Epoch 1117: 40/74 Loss: 0.003968
2026-04-24 11:44: Train Epoch 1117: 60/74 Loss: 0.006313
2026-04-24 11:44: **********Train Epoch 1117: averaged Loss: 0.004114
2026-04-24 11:44: **********Val Epoch 1117: average Loss: 0.005122
2026-04-24 11:44: Train Epoch 1118: 0/74 Loss: 0.007633
2026-04-24 11:44: Train Epoch 1118: 20/74 Loss: 0.002465
2026-04-24 11:44: Train Epoch 1118: 40/74 Loss: 0.004414
2026-04-24 11:44: Train Epoch 1118: 60/74 Loss: 0.005216
2026-04-24 11:44: **********Train Epoch 1118: averaged Loss: 0.005043
2026-04-24 11:44: **********Val Epoch 1118: average Loss: 0.004317
2026-04-24 11:44: Train Epoch 1119: 0/74 Loss: 0.021576
2026-04-24 11:44: Train Epoch 1119: 20/74 Loss: 0.006047
2026-04-24 11:44: Train Epoch 1119: 40/74 Loss: 0.003954
2026-04-24 11:44: Train Epoch 1119: 60/74 Loss: 0.005020
2026-04-24 11:44: **********Train Epoch 1119: averaged Loss: 0.005623
2026-04-24 11:44: **********Val Epoch 1119: average Loss: 0.004272
2026-04-24 11:44: Train Epoch 1120: 0/74 Loss: 0.034239
2026-04-24 11:44: Train Epoch 1120: 20/74 Loss: 0.002546
2026-04-24 11:44: Train Epoch 1120: 40/74 Loss: 0.004622
2026-04-24 11:44: Train Epoch 1120: 60/74 Loss: 0.005558
2026-04-24 11:44: **********Train Epoch 1120: averaged Loss: 0.006601
2026-04-24 11:44: **********Val Epoch 1120: average Loss: 0.004500
2026-04-24 11:44: Train Epoch 1121: 0/74 Loss: 0.024361
2026-04-24 11:44: Train Epoch 1121: 20/74 Loss: 0.004446
2026-04-24 11:44: Train Epoch 1121: 40/74 Loss: 0.006471
2026-04-24 11:44: Train Epoch 1121: 60/74 Loss: 0.005413
2026-04-24 11:44: **********Train Epoch 1121: averaged Loss: 0.005448
2026-04-24 11:44: **********Val Epoch 1121: average Loss: 0.004458
2026-04-24 11:44: Train Epoch 1122: 0/74 Loss: 0.012131
2026-04-24 11:44: Train Epoch 1122: 20/74 Loss: 0.003128
2026-04-24 11:44: Train Epoch 1122: 40/74 Loss: 0.004830
2026-04-24 11:44: Train Epoch 1122: 60/74 Loss: 0.008470
2026-04-24 11:44: **********Train Epoch 1122: averaged Loss: 0.005715
2026-04-24 11:44: **********Val Epoch 1122: average Loss: 0.004441
2026-04-24 11:44: Train Epoch 1123: 0/74 Loss: 0.002256
2026-04-24 11:44: Train Epoch 1123: 20/74 Loss: 0.002833
2026-04-24 11:44: Train Epoch 1123: 40/74 Loss: 0.006969
2026-04-24 11:44: Train Epoch 1123: 60/74 Loss: 0.007736
2026-04-24 11:44: **********Train Epoch 1123: averaged Loss: 0.005186
2026-04-24 11:44: **********Val Epoch 1123: average Loss: 0.004807
2026-04-24 11:44: Train Epoch 1124: 0/74 Loss: 0.017530
2026-04-24 11:44: Train Epoch 1124: 20/74 Loss: 0.004110
2026-04-24 11:44: Train Epoch 1124: 40/74 Loss: 0.006030
2026-04-24 11:44: Train Epoch 1124: 60/74 Loss: 0.006967
2026-04-24 11:44: **********Train Epoch 1124: averaged Loss: 0.007437
2026-04-24 11:44: **********Val Epoch 1124: average Loss: 0.004309
2026-04-24 11:44: Train Epoch 1125: 0/74 Loss: 0.036570
2026-04-24 11:44: Train Epoch 1125: 20/74 Loss: 0.004558
2026-04-24 11:45: Train Epoch 1125: 40/74 Loss: 0.005587
2026-04-24 11:45: Train Epoch 1125: 60/74 Loss: 0.004629
2026-04-24 11:45: **********Train Epoch 1125: averaged Loss: 0.006455
2026-04-24 11:45: **********Val Epoch 1125: average Loss: 0.004461
2026-04-24 11:45: Train Epoch 1126: 0/74 Loss: 0.017898
2026-04-24 11:45: Train Epoch 1126: 20/74 Loss: 0.002345
2026-04-24 11:45: Train Epoch 1126: 40/74 Loss: 0.004771
2026-04-24 11:45: Train Epoch 1126: 60/74 Loss: 0.004950
2026-04-24 11:45: **********Train Epoch 1126: averaged Loss: 0.004362
2026-04-24 11:45: **********Val Epoch 1126: average Loss: 0.004377
2026-04-24 11:45: Train Epoch 1127: 0/74 Loss: 0.002990
2026-04-24 11:45: Train Epoch 1127: 20/74 Loss: 0.002605
2026-04-24 11:45: Train Epoch 1127: 40/74 Loss: 0.004817
2026-04-24 11:45: Train Epoch 1127: 60/74 Loss: 0.004465
2026-04-24 11:45: **********Train Epoch 1127: averaged Loss: 0.003948
2026-04-24 11:45: **********Val Epoch 1127: average Loss: 0.006050
2026-04-24 11:45: Train Epoch 1128: 0/74 Loss: 0.002398
2026-04-24 11:45: Train Epoch 1128: 20/74 Loss: 0.002918
2026-04-24 11:45: Train Epoch 1128: 40/74 Loss: 0.005117
2026-04-24 11:45: Train Epoch 1128: 60/74 Loss: 0.005080
2026-04-24 11:45: **********Train Epoch 1128: averaged Loss: 0.004033
2026-04-24 11:45: **********Val Epoch 1128: average Loss: 0.004400
2026-04-24 11:45: Train Epoch 1129: 0/74 Loss: 0.007764
2026-04-24 11:45: Train Epoch 1129: 20/74 Loss: 0.002353
2026-04-24 11:45: Train Epoch 1129: 40/74 Loss: 0.004483
2026-04-24 11:45: Train Epoch 1129: 60/74 Loss: 0.004856
2026-04-24 11:45: **********Train Epoch 1129: averaged Loss: 0.003773
2026-04-24 11:45: **********Val Epoch 1129: average Loss: 0.004541
2026-04-24 11:45: Train Epoch 1130: 0/74 Loss: 0.005046
2026-04-24 11:45: Train Epoch 1130: 20/74 Loss: 0.002551
2026-04-24 11:45: Train Epoch 1130: 40/74 Loss: 0.003715
2026-04-24 11:45: Train Epoch 1130: 60/74 Loss: 0.004736
2026-04-24 11:45: **********Train Epoch 1130: averaged Loss: 0.003566
2026-04-24 11:45: **********Val Epoch 1130: average Loss: 0.004261
2026-04-24 11:45: Train Epoch 1131: 0/74 Loss: 0.011039
2026-04-24 11:45: Train Epoch 1131: 20/74 Loss: 0.002258
2026-04-24 11:45: Train Epoch 1131: 40/74 Loss: 0.005364
2026-04-24 11:45: Train Epoch 1131: 60/74 Loss: 0.008703
2026-04-24 11:45: **********Train Epoch 1131: averaged Loss: 0.004396
2026-04-24 11:45: **********Val Epoch 1131: average Loss: 0.004963
2026-04-24 11:45: Train Epoch 1132: 0/74 Loss: 0.010341
2026-04-24 11:45: Train Epoch 1132: 20/74 Loss: 0.002454
2026-04-24 11:45: Train Epoch 1132: 40/74 Loss: 0.005559
2026-04-24 11:45: Train Epoch 1132: 60/74 Loss: 0.005289
2026-04-24 11:45: **********Train Epoch 1132: averaged Loss: 0.004493
2026-04-24 11:45: **********Val Epoch 1132: average Loss: 0.004854
2026-04-24 11:45: Train Epoch 1133: 0/74 Loss: 0.012339
2026-04-24 11:45: Train Epoch 1133: 20/74 Loss: 0.004901
2026-04-24 11:45: Train Epoch 1133: 40/74 Loss: 0.004304
2026-04-24 11:45: Train Epoch 1133: 60/74 Loss: 0.005248
2026-04-24 11:45: **********Train Epoch 1133: averaged Loss: 0.005809
2026-04-24 11:45: **********Val Epoch 1133: average Loss: 0.004832
2026-04-24 11:45: Train Epoch 1134: 0/74 Loss: 0.017629
2026-04-24 11:45: Train Epoch 1134: 20/74 Loss: 0.004255
2026-04-24 11:46: Train Epoch 1134: 40/74 Loss: 0.004287
2026-04-24 11:46: Train Epoch 1134: 60/74 Loss: 0.007362
2026-04-24 11:46: **********Train Epoch 1134: averaged Loss: 0.006552
2026-04-24 11:46: **********Val Epoch 1134: average Loss: 0.005086
2026-04-24 11:46: Train Epoch 1135: 0/74 Loss: 0.010223
2026-04-24 11:46: Train Epoch 1135: 20/74 Loss: 0.003356
2026-04-24 11:46: Train Epoch 1135: 40/74 Loss: 0.003722
2026-04-24 11:46: Train Epoch 1135: 60/74 Loss: 0.004389
2026-04-24 11:46: **********Train Epoch 1135: averaged Loss: 0.005425
2026-04-24 11:46: **********Val Epoch 1135: average Loss: 0.007729
2026-04-24 11:46: Train Epoch 1136: 0/74 Loss: 0.034700
2026-04-24 11:46: Train Epoch 1136: 20/74 Loss: 0.004549
2026-04-24 11:46: Train Epoch 1136: 40/74 Loss: 0.003949
2026-04-24 11:46: Train Epoch 1136: 60/74 Loss: 0.004408
2026-04-24 11:46: **********Train Epoch 1136: averaged Loss: 0.006681
2026-04-24 11:46: **********Val Epoch 1136: average Loss: 0.007840
2026-04-24 11:46: Train Epoch 1137: 0/74 Loss: 0.035600
2026-04-24 11:46: Train Epoch 1137: 20/74 Loss: 0.003260
2026-04-24 11:46: Train Epoch 1137: 40/74 Loss: 0.004339
2026-04-24 11:46: Train Epoch 1137: 60/74 Loss: 0.008704
2026-04-24 11:46: **********Train Epoch 1137: averaged Loss: 0.008897
2026-04-24 11:46: **********Val Epoch 1137: average Loss: 0.012635
2026-04-24 11:46: Train Epoch 1138: 0/74 Loss: 0.025891
2026-04-24 11:46: Train Epoch 1138: 20/74 Loss: 0.007943
2026-04-24 11:46: Train Epoch 1138: 40/74 Loss: 0.003895
2026-04-24 11:46: Train Epoch 1138: 60/74 Loss: 0.008191
2026-04-24 11:46: **********Train Epoch 1138: averaged Loss: 0.009516
2026-04-24 11:46: **********Val Epoch 1138: average Loss: 0.010441
2026-04-24 11:46: Train Epoch 1139: 0/74 Loss: 0.025971
2026-04-24 11:46: Train Epoch 1139: 20/74 Loss: 0.011233
2026-04-24 11:46: Train Epoch 1139: 40/74 Loss: 0.006543
2026-04-24 11:46: Train Epoch 1139: 60/74 Loss: 0.011670
2026-04-24 11:46: **********Train Epoch 1139: averaged Loss: 0.012145
2026-04-24 11:46: **********Val Epoch 1139: average Loss: 0.009568
2026-04-24 11:46: Train Epoch 1140: 0/74 Loss: 0.046516
2026-04-24 11:46: Train Epoch 1140: 20/74 Loss: 0.008463
2026-04-24 11:46: Train Epoch 1140: 40/74 Loss: 0.003574
2026-04-24 11:46: Train Epoch 1140: 60/74 Loss: 0.011769
2026-04-24 11:46: **********Train Epoch 1140: averaged Loss: 0.012378
2026-04-24 11:46: **********Val Epoch 1140: average Loss: 0.011417
2026-04-24 11:46: Train Epoch 1141: 0/74 Loss: 0.038592
2026-04-24 11:46: Train Epoch 1141: 20/74 Loss: 0.008671
2026-04-24 11:46: Train Epoch 1141: 40/74 Loss: 0.005109
2026-04-24 11:46: Train Epoch 1141: 60/74 Loss: 0.010729
2026-04-24 11:46: **********Train Epoch 1141: averaged Loss: 0.010575
2026-04-24 11:46: **********Val Epoch 1141: average Loss: 0.011846
2026-04-24 11:46: Train Epoch 1142: 0/74 Loss: 0.045661
2026-04-24 11:46: Train Epoch 1142: 20/74 Loss: 0.007007
2026-04-24 11:46: Train Epoch 1142: 40/74 Loss: 0.004799
2026-04-24 11:46: Train Epoch 1142: 60/74 Loss: 0.013538
2026-04-24 11:46: **********Train Epoch 1142: averaged Loss: 0.013155
2026-04-24 11:46: **********Val Epoch 1142: average Loss: 0.005148
2026-04-24 11:46: Train Epoch 1143: 0/74 Loss: 0.013905
2026-04-24 11:46: Train Epoch 1143: 20/74 Loss: 0.003519
2026-04-24 11:46: Train Epoch 1143: 40/74 Loss: 0.003622
2026-04-24 11:47: Train Epoch 1143: 60/74 Loss: 0.017942
2026-04-24 11:47: **********Train Epoch 1143: averaged Loss: 0.008815
2026-04-24 11:47: **********Val Epoch 1143: average Loss: 0.010539
2026-04-24 11:47: Train Epoch 1144: 0/74 Loss: 0.037365
2026-04-24 11:47: Train Epoch 1144: 20/74 Loss: 0.002458
2026-04-24 11:47: Train Epoch 1144: 40/74 Loss: 0.004032
2026-04-24 11:47: Train Epoch 1144: 60/74 Loss: 0.018903
2026-04-24 11:47: **********Train Epoch 1144: averaged Loss: 0.010983
2026-04-24 11:47: **********Val Epoch 1144: average Loss: 0.010924
2026-04-24 11:47: Train Epoch 1145: 0/74 Loss: 0.007573
2026-04-24 11:47: Train Epoch 1145: 20/74 Loss: 0.004118
2026-04-24 11:47: Train Epoch 1145: 40/74 Loss: 0.006142
2026-04-24 11:47: Train Epoch 1145: 60/74 Loss: 0.017146
2026-04-24 11:47: **********Train Epoch 1145: averaged Loss: 0.007705
2026-04-24 11:47: **********Val Epoch 1145: average Loss: 0.012809
2026-04-24 11:47: Train Epoch 1146: 0/74 Loss: 0.018708
2026-04-24 11:47: Train Epoch 1146: 20/74 Loss: 0.002427
2026-04-24 11:47: Train Epoch 1146: 40/74 Loss: 0.004086
2026-04-24 11:47: Train Epoch 1146: 60/74 Loss: 0.017594
2026-04-24 11:47: **********Train Epoch 1146: averaged Loss: 0.008492
2026-04-24 11:47: **********Val Epoch 1146: average Loss: 0.016845
2026-04-24 11:47: Train Epoch 1147: 0/74 Loss: 0.015382
2026-04-24 11:47: Train Epoch 1147: 20/74 Loss: 0.007605
2026-04-24 11:47: Train Epoch 1147: 40/74 Loss: 0.009866
2026-04-24 11:47: Train Epoch 1147: 60/74 Loss: 0.010031
2026-04-24 11:47: **********Train Epoch 1147: averaged Loss: 0.008083
2026-04-24 11:47: **********Val Epoch 1147: average Loss: 0.008745
2026-04-24 11:47: Train Epoch 1148: 0/74 Loss: 0.002534
2026-04-24 11:47: Train Epoch 1148: 20/74 Loss: 0.003364
2026-04-24 11:47: Train Epoch 1148: 40/74 Loss: 0.003787
2026-04-24 11:47: Train Epoch 1148: 60/74 Loss: 0.011350
2026-04-24 11:47: **********Train Epoch 1148: averaged Loss: 0.005654
2026-04-24 11:47: **********Val Epoch 1148: average Loss: 0.006318
2026-04-24 11:47: Train Epoch 1149: 0/74 Loss: 0.042778
2026-04-24 11:47: Train Epoch 1149: 20/74 Loss: 0.006670
2026-04-24 11:47: Train Epoch 1149: 40/74 Loss: 0.005549
2026-04-24 11:47: Train Epoch 1149: 60/74 Loss: 0.008868
2026-04-24 11:47: **********Train Epoch 1149: averaged Loss: 0.009257
2026-04-24 11:47: **********Val Epoch 1149: average Loss: 0.008172
2026-04-24 11:47: Train Epoch 1150: 0/74 Loss: 0.004048
2026-04-24 11:47: Train Epoch 1150: 20/74 Loss: 0.003158
2026-04-24 11:47: Train Epoch 1150: 40/74 Loss: 0.007838
2026-04-24 11:47: Train Epoch 1150: 60/74 Loss: 0.012903
2026-04-24 11:47: **********Train Epoch 1150: averaged Loss: 0.006127
2026-04-24 11:47: **********Val Epoch 1150: average Loss: 0.008561
2026-04-24 11:47: Train Epoch 1151: 0/74 Loss: 0.002425
2026-04-24 11:47: Train Epoch 1151: 20/74 Loss: 0.003949
2026-04-24 11:47: Train Epoch 1151: 40/74 Loss: 0.008733
2026-04-24 11:47: Train Epoch 1151: 60/74 Loss: 0.020851
2026-04-24 11:47: **********Train Epoch 1151: averaged Loss: 0.007834
2026-04-24 11:47: **********Val Epoch 1151: average Loss: 0.015479
2026-04-24 11:47: Train Epoch 1152: 0/74 Loss: 0.008523
2026-04-24 11:47: Train Epoch 1152: 20/74 Loss: 0.002360
2026-04-24 11:47: Train Epoch 1152: 40/74 Loss: 0.008646
2026-04-24 11:47: Train Epoch 1152: 60/74 Loss: 0.017613
2026-04-24 11:48: **********Train Epoch 1152: averaged Loss: 0.008016
2026-04-24 11:48: **********Val Epoch 1152: average Loss: 0.020669
2026-04-24 11:48: Train Epoch 1153: 0/74 Loss: 0.010866
2026-04-24 11:48: Train Epoch 1153: 20/74 Loss: 0.002698
2026-04-24 11:48: Train Epoch 1153: 40/74 Loss: 0.015499
2026-04-24 11:48: Train Epoch 1153: 60/74 Loss: 0.017643
2026-04-24 11:48: **********Train Epoch 1153: averaged Loss: 0.009222
2026-04-24 11:48: **********Val Epoch 1153: average Loss: 0.018938
2026-04-24 11:48: Train Epoch 1154: 0/74 Loss: 0.022256
2026-04-24 11:48: Train Epoch 1154: 20/74 Loss: 0.005768
2026-04-24 11:48: Train Epoch 1154: 40/74 Loss: 0.006904
2026-04-24 11:48: Train Epoch 1154: 60/74 Loss: 0.011884
2026-04-24 11:48: **********Train Epoch 1154: averaged Loss: 0.007708
2026-04-24 11:48: **********Val Epoch 1154: average Loss: 0.013010
2026-04-24 11:48: Train Epoch 1155: 0/74 Loss: 0.020883
2026-04-24 11:48: Train Epoch 1155: 20/74 Loss: 0.004956
2026-04-24 11:48: Train Epoch 1155: 40/74 Loss: 0.010552
2026-04-24 11:48: Train Epoch 1155: 60/74 Loss: 0.013166
2026-04-24 11:48: **********Train Epoch 1155: averaged Loss: 0.007698
2026-04-24 11:48: **********Val Epoch 1155: average Loss: 0.011193
2026-04-24 11:48: Train Epoch 1156: 0/74 Loss: 0.003904
2026-04-24 11:48: Train Epoch 1156: 20/74 Loss: 0.003267
2026-04-24 11:48: Train Epoch 1156: 40/74 Loss: 0.012869
2026-04-24 11:48: Train Epoch 1156: 60/74 Loss: 0.011297
2026-04-24 11:48: **********Train Epoch 1156: averaged Loss: 0.005833
2026-04-24 11:48: **********Val Epoch 1156: average Loss: 0.010893
2026-04-24 11:48: Train Epoch 1157: 0/74 Loss: 0.017005
2026-04-24 11:48: Train Epoch 1157: 20/74 Loss: 0.003085
2026-04-24 11:48: Train Epoch 1157: 40/74 Loss: 0.009107
2026-04-24 11:48: Train Epoch 1157: 60/74 Loss: 0.009112
2026-04-24 11:48: **********Train Epoch 1157: averaged Loss: 0.006302
2026-04-24 11:48: **********Val Epoch 1157: average Loss: 0.009698
2026-04-24 11:48: Train Epoch 1158: 0/74 Loss: 0.013319
2026-04-24 11:48: Train Epoch 1158: 20/74 Loss: 0.002334
2026-04-24 11:48: Train Epoch 1158: 40/74 Loss: 0.010431
2026-04-24 11:48: Train Epoch 1158: 60/74 Loss: 0.007407
2026-04-24 11:48: **********Train Epoch 1158: averaged Loss: 0.005386
2026-04-24 11:48: **********Val Epoch 1158: average Loss: 0.010462
2026-04-24 11:48: Train Epoch 1159: 0/74 Loss: 0.022906
2026-04-24 11:48: Train Epoch 1159: 20/74 Loss: 0.005172
2026-04-24 11:48: Train Epoch 1159: 40/74 Loss: 0.006684
2026-04-24 11:48: Train Epoch 1159: 60/74 Loss: 0.005455
2026-04-24 11:48: **********Train Epoch 1159: averaged Loss: 0.006354
2026-04-24 11:48: **********Val Epoch 1159: average Loss: 0.012547
2026-04-24 11:48: Train Epoch 1160: 0/74 Loss: 0.015535
2026-04-24 11:48: Train Epoch 1160: 20/74 Loss: 0.002943
2026-04-24 11:48: Train Epoch 1160: 40/74 Loss: 0.006595
2026-04-24 11:48: Train Epoch 1160: 60/74 Loss: 0.005414
2026-04-24 11:48: **********Train Epoch 1160: averaged Loss: 0.005516
2026-04-24 11:48: **********Val Epoch 1160: average Loss: 0.012682
2026-04-24 11:48: Train Epoch 1161: 0/74 Loss: 0.003996
2026-04-24 11:48: Train Epoch 1161: 20/74 Loss: 0.003779
2026-04-24 11:48: Train Epoch 1161: 40/74 Loss: 0.005951
2026-04-24 11:48: Train Epoch 1161: 60/74 Loss: 0.005802
2026-04-24 11:48: **********Train Epoch 1161: averaged Loss: 0.004936
2026-04-24 11:48: **********Val Epoch 1161: average Loss: 0.017015
2026-04-24 11:48: Train Epoch 1162: 0/74 Loss: 0.002311
2026-04-24 11:49: Train Epoch 1162: 20/74 Loss: 0.003876
2026-04-24 11:49: Train Epoch 1162: 40/74 Loss: 0.005468
2026-04-24 11:49: Train Epoch 1162: 60/74 Loss: 0.008233
2026-04-24 11:49: **********Train Epoch 1162: averaged Loss: 0.005555
2026-04-24 11:49: **********Val Epoch 1162: average Loss: 0.017901
2026-04-24 11:49: Train Epoch 1163: 0/74 Loss: 0.006234
2026-04-24 11:49: Train Epoch 1163: 20/74 Loss: 0.003496
2026-04-24 11:49: Train Epoch 1163: 40/74 Loss: 0.005092
2026-04-24 11:49: Train Epoch 1163: 60/74 Loss: 0.010530
2026-04-24 11:49: **********Train Epoch 1163: averaged Loss: 0.005608
2026-04-24 11:49: **********Val Epoch 1163: average Loss: 0.015416
2026-04-24 11:49: Train Epoch 1164: 0/74 Loss: 0.020197
2026-04-24 11:49: Train Epoch 1164: 20/74 Loss: 0.002866
2026-04-24 11:49: Train Epoch 1164: 40/74 Loss: 0.004489
2026-04-24 11:49: Train Epoch 1164: 60/74 Loss: 0.010391
2026-04-24 11:49: **********Train Epoch 1164: averaged Loss: 0.006321
2026-04-24 11:49: **********Val Epoch 1164: average Loss: 0.013995
2026-04-24 11:49: Train Epoch 1165: 0/74 Loss: 0.026230
2026-04-24 11:49: Train Epoch 1165: 20/74 Loss: 0.004805
2026-04-24 11:49: Train Epoch 1165: 40/74 Loss: 0.008052
2026-04-24 11:49: Train Epoch 1165: 60/74 Loss: 0.008178
2026-04-24 11:49: **********Train Epoch 1165: averaged Loss: 0.008542
2026-04-24 11:49: **********Val Epoch 1165: average Loss: 0.012264
2026-04-24 11:49: Train Epoch 1166: 0/74 Loss: 0.035316
2026-04-24 11:49: Train Epoch 1166: 20/74 Loss: 0.004773
2026-04-24 11:49: Train Epoch 1166: 40/74 Loss: 0.005345
2026-04-24 11:49: Train Epoch 1166: 60/74 Loss: 0.007805
2026-04-24 11:49: **********Train Epoch 1166: averaged Loss: 0.007961
2026-04-24 11:49: **********Val Epoch 1166: average Loss: 0.014010
2026-04-24 11:49: Train Epoch 1167: 0/74 Loss: 0.037066
2026-04-24 11:49: Train Epoch 1167: 20/74 Loss: 0.003918
2026-04-24 11:49: Train Epoch 1167: 40/74 Loss: 0.010332
2026-04-24 11:49: Train Epoch 1167: 60/74 Loss: 0.005472
2026-04-24 11:49: **********Train Epoch 1167: averaged Loss: 0.007754
2026-04-24 11:49: **********Val Epoch 1167: average Loss: 0.008800
2026-04-24 11:49: Train Epoch 1168: 0/74 Loss: 0.007418
2026-04-24 11:49: Train Epoch 1168: 20/74 Loss: 0.003289
2026-04-24 11:49: Train Epoch 1168: 40/74 Loss: 0.009242
2026-04-24 11:49: Train Epoch 1168: 60/74 Loss: 0.004940
2026-04-24 11:49: **********Train Epoch 1168: averaged Loss: 0.005480
2026-04-24 11:49: **********Val Epoch 1168: average Loss: 0.008084
2026-04-24 11:49: Train Epoch 1169: 0/74 Loss: 0.029660
2026-04-24 11:49: Train Epoch 1169: 20/74 Loss: 0.002449
2026-04-24 11:49: Train Epoch 1169: 40/74 Loss: 0.007948
2026-04-24 11:49: Train Epoch 1169: 60/74 Loss: 0.005643
2026-04-24 11:49: **********Train Epoch 1169: averaged Loss: 0.005968
2026-04-24 11:49: **********Val Epoch 1169: average Loss: 0.006406
2026-04-24 11:49: Train Epoch 1170: 0/74 Loss: 0.008252
2026-04-24 11:49: Train Epoch 1170: 20/74 Loss: 0.002273
2026-04-24 11:49: Train Epoch 1170: 40/74 Loss: 0.005678
2026-04-24 11:49: Train Epoch 1170: 60/74 Loss: 0.006557
2026-04-24 11:49: **********Train Epoch 1170: averaged Loss: 0.005132
2026-04-24 11:49: **********Val Epoch 1170: average Loss: 0.006080
2026-04-24 11:49: Train Epoch 1171: 0/74 Loss: 0.023487
2026-04-24 11:50: Train Epoch 1171: 20/74 Loss: 0.004012
2026-04-24 11:50: Train Epoch 1171: 40/74 Loss: 0.007968
2026-04-24 11:50: Train Epoch 1171: 60/74 Loss: 0.006407
2026-04-24 11:50: **********Train Epoch 1171: averaged Loss: 0.005850
2026-04-24 11:50: **********Val Epoch 1171: average Loss: 0.005517
2026-04-24 11:50: Train Epoch 1172: 0/74 Loss: 0.006070
2026-04-24 11:50: Train Epoch 1172: 20/74 Loss: 0.006399
2026-04-24 11:50: Train Epoch 1172: 40/74 Loss: 0.005998
2026-04-24 11:50: Train Epoch 1172: 60/74 Loss: 0.005370
2026-04-24 11:50: **********Train Epoch 1172: averaged Loss: 0.005793
2026-04-24 11:50: **********Val Epoch 1172: average Loss: 0.005991
2026-04-24 11:50: Train Epoch 1173: 0/74 Loss: 0.013911
2026-04-24 11:50: Train Epoch 1173: 20/74 Loss: 0.002442
2026-04-24 11:50: Train Epoch 1173: 40/74 Loss: 0.006785
2026-04-24 11:50: Train Epoch 1173: 60/74 Loss: 0.005340
2026-04-24 11:50: **********Train Epoch 1173: averaged Loss: 0.004745
2026-04-24 11:50: **********Val Epoch 1173: average Loss: 0.006412
2026-04-24 11:50: Train Epoch 1174: 0/74 Loss: 0.002744
2026-04-24 11:50: Train Epoch 1174: 20/74 Loss: 0.004537
2026-04-24 11:50: Train Epoch 1174: 40/74 Loss: 0.005073
2026-04-24 11:50: Train Epoch 1174: 60/74 Loss: 0.005403
2026-04-24 11:50: **********Train Epoch 1174: averaged Loss: 0.005606
2026-04-24 11:50: **********Val Epoch 1174: average Loss: 0.005208
2026-04-24 11:50: Train Epoch 1175: 0/74 Loss: 0.012625
2026-04-24 11:50: Train Epoch 1175: 20/74 Loss: 0.002157
2026-04-24 11:50: Train Epoch 1175: 40/74 Loss: 0.003918
2026-04-24 11:50: Train Epoch 1175: 60/74 Loss: 0.004929
2026-04-24 11:50: **********Train Epoch 1175: averaged Loss: 0.005757
2026-04-24 11:50: **********Val Epoch 1175: average Loss: 0.005041
2026-04-24 11:50: Train Epoch 1176: 0/74 Loss: 0.011775
2026-04-24 11:50: Train Epoch 1176: 20/74 Loss: 0.002139
2026-04-24 11:50: Train Epoch 1176: 40/74 Loss: 0.004112
2026-04-24 11:50: Train Epoch 1176: 60/74 Loss: 0.004742
2026-04-24 11:50: **********Train Epoch 1176: averaged Loss: 0.005938
2026-04-24 11:50: **********Val Epoch 1176: average Loss: 0.004412
2026-04-24 11:50: Train Epoch 1177: 0/74 Loss: 0.010366
2026-04-24 11:50: Train Epoch 1177: 20/74 Loss: 0.002156
2026-04-24 11:50: Train Epoch 1177: 40/74 Loss: 0.004278
2026-04-24 11:50: Train Epoch 1177: 60/74 Loss: 0.005880
2026-04-24 11:50: **********Train Epoch 1177: averaged Loss: 0.006056
2026-04-24 11:50: **********Val Epoch 1177: average Loss: 0.005046
2026-04-24 11:50: Train Epoch 1178: 0/74 Loss: 0.010734
2026-04-24 11:50: Train Epoch 1178: 20/74 Loss: 0.003400
2026-04-24 11:50: Train Epoch 1178: 40/74 Loss: 0.003544
2026-04-24 11:50: Train Epoch 1178: 60/74 Loss: 0.005473
2026-04-24 11:50: **********Train Epoch 1178: averaged Loss: 0.005950
2026-04-24 11:50: **********Val Epoch 1178: average Loss: 0.004542
2026-04-24 11:50: Train Epoch 1179: 0/74 Loss: 0.024958
2026-04-24 11:50: Train Epoch 1179: 20/74 Loss: 0.010333
2026-04-24 11:50: Train Epoch 1179: 40/74 Loss: 0.004056
2026-04-24 11:50: Train Epoch 1179: 60/74 Loss: 0.004840
2026-04-24 11:50: **********Train Epoch 1179: averaged Loss: 0.009403
2026-04-24 11:50: **********Val Epoch 1179: average Loss: 0.005362
2026-04-24 11:50: Train Epoch 1180: 0/74 Loss: 0.018723
2026-04-24 11:50: Train Epoch 1180: 20/74 Loss: 0.002290
2026-04-24 11:51: Train Epoch 1180: 40/74 Loss: 0.003373
2026-04-24 11:51: Train Epoch 1180: 60/74 Loss: 0.005580
2026-04-24 11:51: **********Train Epoch 1180: averaged Loss: 0.007106
2026-04-24 11:51: **********Val Epoch 1180: average Loss: 0.008143
2026-04-24 11:51: Train Epoch 1181: 0/74 Loss: 0.011733
2026-04-24 11:51: Train Epoch 1181: 20/74 Loss: 0.002239
2026-04-24 11:51: Train Epoch 1181: 40/74 Loss: 0.009846
2026-04-24 11:51: Train Epoch 1181: 60/74 Loss: 0.004737
2026-04-24 11:51: **********Train Epoch 1181: averaged Loss: 0.007792
2026-04-24 11:51: **********Val Epoch 1181: average Loss: 0.004600
2026-04-24 11:51: Train Epoch 1182: 0/74 Loss: 0.027104
2026-04-24 11:51: Train Epoch 1182: 20/74 Loss: 0.004682
2026-04-24 11:51: Train Epoch 1182: 40/74 Loss: 0.003915
2026-04-24 11:51: Train Epoch 1182: 60/74 Loss: 0.009250
2026-04-24 11:51: **********Train Epoch 1182: averaged Loss: 0.007459
2026-04-24 11:51: **********Val Epoch 1182: average Loss: 0.005745
2026-04-24 11:51: Train Epoch 1183: 0/74 Loss: 0.006380
2026-04-24 11:51: Train Epoch 1183: 20/74 Loss: 0.002405
2026-04-24 11:51: Train Epoch 1183: 40/74 Loss: 0.005173
2026-04-24 11:51: Train Epoch 1183: 60/74 Loss: 0.005385
2026-04-24 11:51: **********Train Epoch 1183: averaged Loss: 0.005847
2026-04-24 11:51: **********Val Epoch 1183: average Loss: 0.012340
2026-04-24 11:51: Train Epoch 1184: 0/74 Loss: 0.026141
2026-04-24 11:51: Train Epoch 1184: 20/74 Loss: 0.006034
2026-04-24 11:51: Train Epoch 1184: 40/74 Loss: 0.003929
2026-04-24 11:51: Train Epoch 1184: 60/74 Loss: 0.010071
2026-04-24 11:51: **********Train Epoch 1184: averaged Loss: 0.008087
2026-04-24 11:51: **********Val Epoch 1184: average Loss: 0.018149
2026-04-24 11:51: Train Epoch 1185: 0/74 Loss: 0.006414
2026-04-24 11:51: Train Epoch 1185: 20/74 Loss: 0.002405
2026-04-24 11:51: Train Epoch 1185: 40/74 Loss: 0.004557
2026-04-24 11:51: Train Epoch 1185: 60/74 Loss: 0.011903
2026-04-24 11:51: **********Train Epoch 1185: averaged Loss: 0.007305
2026-04-24 11:51: **********Val Epoch 1185: average Loss: 0.009538
2026-04-24 11:51: Train Epoch 1186: 0/74 Loss: 0.016669
2026-04-24 11:51: Train Epoch 1186: 20/74 Loss: 0.003917
2026-04-24 11:51: Train Epoch 1186: 40/74 Loss: 0.009366
2026-04-24 11:51: Train Epoch 1186: 60/74 Loss: 0.021732
2026-04-24 11:51: **********Train Epoch 1186: averaged Loss: 0.010059
2026-04-24 11:51: **********Val Epoch 1186: average Loss: 0.022437
2026-04-24 11:51: Train Epoch 1187: 0/74 Loss: 0.026706
2026-04-24 11:51: Train Epoch 1187: 20/74 Loss: 0.006267
2026-04-24 11:51: Train Epoch 1187: 40/74 Loss: 0.006375
2026-04-24 11:51: Train Epoch 1187: 60/74 Loss: 0.012700
2026-04-24 11:51: **********Train Epoch 1187: averaged Loss: 0.007111
2026-04-24 11:51: **********Val Epoch 1187: average Loss: 0.006166
2026-04-24 11:51: Train Epoch 1188: 0/74 Loss: 0.004426
2026-04-24 11:51: Train Epoch 1188: 20/74 Loss: 0.002679
2026-04-24 11:51: Train Epoch 1188: 40/74 Loss: 0.004470
2026-04-24 11:51: Train Epoch 1188: 60/74 Loss: 0.014729
2026-04-24 11:51: **********Train Epoch 1188: averaged Loss: 0.007179
2026-04-24 11:51: **********Val Epoch 1188: average Loss: 0.011646
2026-04-24 11:51: Train Epoch 1189: 0/74 Loss: 0.025548
2026-04-24 11:51: Train Epoch 1189: 20/74 Loss: 0.003361
2026-04-24 11:51: Train Epoch 1189: 40/74 Loss: 0.003904
2026-04-24 11:52: Train Epoch 1189: 60/74 Loss: 0.014031
2026-04-24 11:52: **********Train Epoch 1189: averaged Loss: 0.007650
2026-04-24 11:52: **********Val Epoch 1189: average Loss: 0.007054
2026-04-24 11:52: Train Epoch 1190: 0/74 Loss: 0.015393
2026-04-24 11:52: Train Epoch 1190: 20/74 Loss: 0.002339
2026-04-24 11:52: Train Epoch 1190: 40/74 Loss: 0.003791
2026-04-24 11:52: Train Epoch 1190: 60/74 Loss: 0.023132
2026-04-24 11:52: **********Train Epoch 1190: averaged Loss: 0.007368
2026-04-24 11:52: **********Val Epoch 1190: average Loss: 0.009596
2026-04-24 11:52: Train Epoch 1191: 0/74 Loss: 0.028122
2026-04-24 11:52: Train Epoch 1191: 20/74 Loss: 0.003243
2026-04-24 11:52: Train Epoch 1191: 40/74 Loss: 0.003589
2026-04-24 11:52: Train Epoch 1191: 60/74 Loss: 0.011948
2026-04-24 11:52: **********Train Epoch 1191: averaged Loss: 0.006584
2026-04-24 11:52: **********Val Epoch 1191: average Loss: 0.008879
2026-04-24 11:52: Train Epoch 1192: 0/74 Loss: 0.011318
2026-04-24 11:52: Train Epoch 1192: 20/74 Loss: 0.002410
2026-04-24 11:52: Train Epoch 1192: 40/74 Loss: 0.006319
2026-04-24 11:52: Train Epoch 1192: 60/74 Loss: 0.012297
2026-04-24 11:52: **********Train Epoch 1192: averaged Loss: 0.006709
2026-04-24 11:52: **********Val Epoch 1192: average Loss: 0.010695
2026-04-24 11:52: Train Epoch 1193: 0/74 Loss: 0.003017
2026-04-24 11:52: Train Epoch 1193: 20/74 Loss: 0.006515
2026-04-24 11:52: Train Epoch 1193: 40/74 Loss: 0.003889
2026-04-24 11:52: Train Epoch 1193: 60/74 Loss: 0.010228
2026-04-24 11:52: **********Train Epoch 1193: averaged Loss: 0.006053
2026-04-24 11:52: **********Val Epoch 1193: average Loss: 0.009464
2026-04-24 11:52: Train Epoch 1194: 0/74 Loss: 0.013119
2026-04-24 11:52: Train Epoch 1194: 20/74 Loss: 0.002169
2026-04-24 11:52: Train Epoch 1194: 40/74 Loss: 0.004504
2026-04-24 11:52: Train Epoch 1194: 60/74 Loss: 0.006827
2026-04-24 11:52: **********Train Epoch 1194: averaged Loss: 0.005027
2026-04-24 11:52: **********Val Epoch 1194: average Loss: 0.007113
2026-04-24 11:52: Train Epoch 1195: 0/74 Loss: 0.014184
2026-04-24 11:52: Train Epoch 1195: 20/74 Loss: 0.002246
2026-04-24 11:52: Train Epoch 1195: 40/74 Loss: 0.003648
2026-04-24 11:52: Train Epoch 1195: 60/74 Loss: 0.009284
2026-04-24 11:52: **********Train Epoch 1195: averaged Loss: 0.005307
2026-04-24 11:52: **********Val Epoch 1195: average Loss: 0.006135
2026-04-24 11:52: Train Epoch 1196: 0/74 Loss: 0.012702
2026-04-24 11:52: Train Epoch 1196: 20/74 Loss: 0.002343
2026-04-24 11:52: Train Epoch 1196: 40/74 Loss: 0.004338
2026-04-24 11:52: Train Epoch 1196: 60/74 Loss: 0.008383
2026-04-24 11:52: **********Train Epoch 1196: averaged Loss: 0.007219
2026-04-24 11:52: **********Val Epoch 1196: average Loss: 0.007714
2026-04-24 11:52: Train Epoch 1197: 0/74 Loss: 0.005625
2026-04-24 11:52: Train Epoch 1197: 20/74 Loss: 0.003538
2026-04-24 11:52: Train Epoch 1197: 40/74 Loss: 0.004343
2026-04-24 11:52: Train Epoch 1197: 60/74 Loss: 0.011821
2026-04-24 11:52: **********Train Epoch 1197: averaged Loss: 0.006240
2026-04-24 11:52: **********Val Epoch 1197: average Loss: 0.007020
2026-04-24 11:52: Train Epoch 1198: 0/74 Loss: 0.007683
2026-04-24 11:52: Train Epoch 1198: 20/74 Loss: 0.002236
2026-04-24 11:52: Train Epoch 1198: 40/74 Loss: 0.005076
2026-04-24 11:52: Train Epoch 1198: 60/74 Loss: 0.007734
2026-04-24 11:53: **********Train Epoch 1198: averaged Loss: 0.004905
2026-04-24 11:53: **********Val Epoch 1198: average Loss: 0.005861
2026-04-24 11:53: Train Epoch 1199: 0/74 Loss: 0.006104
2026-04-24 11:53: Train Epoch 1199: 20/74 Loss: 0.002597
2026-04-24 11:53: Train Epoch 1199: 40/74 Loss: 0.003606
2026-04-24 11:53: Train Epoch 1199: 60/74 Loss: 0.010047
2026-04-24 11:53: **********Train Epoch 1199: averaged Loss: 0.006240
2026-04-24 11:53: **********Val Epoch 1199: average Loss: 0.006306
2026-04-24 11:53: Train Epoch 1200: 0/74 Loss: 0.008097
2026-04-24 11:53: Train Epoch 1200: 20/74 Loss: 0.003777
2026-04-24 11:53: Train Epoch 1200: 40/74 Loss: 0.003674
2026-04-24 11:53: Train Epoch 1200: 60/74 Loss: 0.010666
2026-04-24 11:53: **********Train Epoch 1200: averaged Loss: 0.006728
2026-04-24 11:53: **********Val Epoch 1200: average Loss: 0.010241
2026-04-24 11:53: Train Epoch 1201: 0/74 Loss: 0.003010
2026-04-24 11:53: Train Epoch 1201: 20/74 Loss: 0.003254
2026-04-24 11:53: Train Epoch 1201: 40/74 Loss: 0.003804
2026-04-24 11:53: Train Epoch 1201: 60/74 Loss: 0.008442
2026-04-24 11:53: **********Train Epoch 1201: averaged Loss: 0.005918
2026-04-24 11:53: **********Val Epoch 1201: average Loss: 0.010569
2026-04-24 11:53: Train Epoch 1202: 0/74 Loss: 0.003578
2026-04-24 11:53: Train Epoch 1202: 20/74 Loss: 0.002164
2026-04-24 11:53: Train Epoch 1202: 40/74 Loss: 0.005716
2026-04-24 11:53: Train Epoch 1202: 60/74 Loss: 0.007634
2026-04-24 11:53: **********Train Epoch 1202: averaged Loss: 0.006212
2026-04-24 11:53: **********Val Epoch 1202: average Loss: 0.014269
2026-04-24 11:53: Train Epoch 1203: 0/74 Loss: 0.011993
2026-04-24 11:53: Train Epoch 1203: 20/74 Loss: 0.002228
2026-04-24 11:53: Train Epoch 1203: 40/74 Loss: 0.006739
2026-04-24 11:53: Train Epoch 1203: 60/74 Loss: 0.013341
2026-04-24 11:53: **********Train Epoch 1203: averaged Loss: 0.009395
2026-04-24 11:53: **********Val Epoch 1203: average Loss: 0.016679
2026-04-24 11:53: Train Epoch 1204: 0/74 Loss: 0.009999
2026-04-24 11:53: Train Epoch 1204: 20/74 Loss: 0.003130
2026-04-24 11:53: Train Epoch 1204: 40/74 Loss: 0.005624
2026-04-24 11:53: Train Epoch 1204: 60/74 Loss: 0.007965
2026-04-24 11:53: **********Train Epoch 1204: averaged Loss: 0.008425
2026-04-24 11:53: **********Val Epoch 1204: average Loss: 0.022388
2026-04-24 11:53: Train Epoch 1205: 0/74 Loss: 0.020180
2026-04-24 11:53: Train Epoch 1205: 20/74 Loss: 0.010713
2026-04-24 11:53: Train Epoch 1205: 40/74 Loss: 0.005413
2026-04-24 11:53: Train Epoch 1205: 60/74 Loss: 0.009238
2026-04-24 11:53: **********Train Epoch 1205: averaged Loss: 0.011114
2026-04-24 11:53: **********Val Epoch 1205: average Loss: 0.016401
2026-04-24 11:53: Train Epoch 1206: 0/74 Loss: 0.022721
2026-04-24 11:53: Train Epoch 1206: 20/74 Loss: 0.003241
2026-04-24 11:53: Train Epoch 1206: 40/74 Loss: 0.006733
2026-04-24 11:53: Train Epoch 1206: 60/74 Loss: 0.007924
2026-04-24 11:53: **********Train Epoch 1206: averaged Loss: 0.010624
2026-04-24 11:53: **********Val Epoch 1206: average Loss: 0.011177
2026-04-24 11:53: Train Epoch 1207: 0/74 Loss: 0.045877
2026-04-24 11:53: Train Epoch 1207: 20/74 Loss: 0.007368
2026-04-24 11:53: Train Epoch 1207: 40/74 Loss: 0.007370
2026-04-24 11:53: Train Epoch 1207: 60/74 Loss: 0.014252
2026-04-24 11:53: **********Train Epoch 1207: averaged Loss: 0.014977
2026-04-24 11:53: **********Val Epoch 1207: average Loss: 0.010303
2026-04-24 11:53: Train Epoch 1208: 0/74 Loss: 0.057558
2026-04-24 11:54: Train Epoch 1208: 20/74 Loss: 0.008220
2026-04-24 11:54: Train Epoch 1208: 40/74 Loss: 0.005282
2026-04-24 11:54: Train Epoch 1208: 60/74 Loss: 0.017598
2026-04-24 11:54: **********Train Epoch 1208: averaged Loss: 0.016503
2026-04-24 11:54: **********Val Epoch 1208: average Loss: 0.006355
2026-04-24 11:54: Train Epoch 1209: 0/74 Loss: 0.041063
2026-04-24 11:54: Train Epoch 1209: 20/74 Loss: 0.009822
2026-04-24 11:54: Train Epoch 1209: 40/74 Loss: 0.004683
2026-04-24 11:54: Train Epoch 1209: 60/74 Loss: 0.020727
2026-04-24 11:54: **********Train Epoch 1209: averaged Loss: 0.013975
2026-04-24 11:54: **********Val Epoch 1209: average Loss: 0.007429
2026-04-24 11:54: Train Epoch 1210: 0/74 Loss: 0.035573
2026-04-24 11:54: Train Epoch 1210: 20/74 Loss: 0.009580
2026-04-24 11:54: Train Epoch 1210: 40/74 Loss: 0.004094
2026-04-24 11:54: Train Epoch 1210: 60/74 Loss: 0.015764
2026-04-24 11:54: **********Train Epoch 1210: averaged Loss: 0.011337
2026-04-24 11:54: **********Val Epoch 1210: average Loss: 0.007451
2026-04-24 11:54: Train Epoch 1211: 0/74 Loss: 0.012362
2026-04-24 11:54: Train Epoch 1211: 20/74 Loss: 0.002537
2026-04-24 11:54: Train Epoch 1211: 40/74 Loss: 0.005579
2026-04-24 11:54: Train Epoch 1211: 60/74 Loss: 0.017285
2026-04-24 11:54: **********Train Epoch 1211: averaged Loss: 0.008498
2026-04-24 11:54: **********Val Epoch 1211: average Loss: 0.008282
2026-04-24 11:54: Train Epoch 1212: 0/74 Loss: 0.012828
2026-04-24 11:54: Train Epoch 1212: 20/74 Loss: 0.002468
2026-04-24 11:54: Train Epoch 1212: 40/74 Loss: 0.005401
2026-04-24 11:54: Train Epoch 1212: 60/74 Loss: 0.016635
2026-04-24 11:54: **********Train Epoch 1212: averaged Loss: 0.008416
2026-04-24 11:54: **********Val Epoch 1212: average Loss: 0.007634
2026-04-24 11:54: Train Epoch 1213: 0/74 Loss: 0.016822
2026-04-24 11:54: Train Epoch 1213: 20/74 Loss: 0.002510
2026-04-24 11:54: Train Epoch 1213: 40/74 Loss: 0.005624
2026-04-24 11:54: Train Epoch 1213: 60/74 Loss: 0.015802
2026-04-24 11:54: **********Train Epoch 1213: averaged Loss: 0.008132
2026-04-24 11:54: **********Val Epoch 1213: average Loss: 0.008037
2026-04-24 11:54: Train Epoch 1214: 0/74 Loss: 0.012812
2026-04-24 11:54: Train Epoch 1214: 20/74 Loss: 0.002895
2026-04-24 11:54: Train Epoch 1214: 40/74 Loss: 0.009542
2026-04-24 11:54: Train Epoch 1214: 60/74 Loss: 0.010253
2026-04-24 11:54: **********Train Epoch 1214: averaged Loss: 0.007371
2026-04-24 11:54: **********Val Epoch 1214: average Loss: 0.007453
2026-04-24 11:54: Train Epoch 1215: 0/74 Loss: 0.010849
2026-04-24 11:54: Train Epoch 1215: 20/74 Loss: 0.002568
2026-04-24 11:54: Train Epoch 1215: 40/74 Loss: 0.006929
2026-04-24 11:54: Train Epoch 1215: 60/74 Loss: 0.006081
2026-04-24 11:54: **********Train Epoch 1215: averaged Loss: 0.005307
2026-04-24 11:54: **********Val Epoch 1215: average Loss: 0.007108
2026-04-24 11:54: Train Epoch 1216: 0/74 Loss: 0.031533
2026-04-24 11:54: Train Epoch 1216: 20/74 Loss: 0.006094
2026-04-24 11:54: Train Epoch 1216: 40/74 Loss: 0.006437
2026-04-24 11:54: Train Epoch 1216: 60/74 Loss: 0.005550
2026-04-24 11:55: **********Train Epoch 1216: averaged Loss: 0.007733
2026-04-24 11:55: **********Val Epoch 1216: average Loss: 0.005917
2026-04-24 11:55: Train Epoch 1217: 0/74 Loss: 0.017240
2026-04-24 11:55: Train Epoch 1217: 20/74 Loss: 0.004838
2026-04-24 11:55: Train Epoch 1217: 40/74 Loss: 0.008421
2026-04-24 11:55: Train Epoch 1217: 60/74 Loss: 0.010264
2026-04-24 11:55: **********Train Epoch 1217: averaged Loss: 0.006581
2026-04-24 11:55: **********Val Epoch 1217: average Loss: 0.006451
2026-04-24 11:55: Train Epoch 1218: 0/74 Loss: 0.013299
2026-04-24 11:55: Train Epoch 1218: 20/74 Loss: 0.002800
2026-04-24 11:55: Train Epoch 1218: 40/74 Loss: 0.010195
2026-04-24 11:55: Train Epoch 1218: 60/74 Loss: 0.010186
2026-04-24 11:55: **********Train Epoch 1218: averaged Loss: 0.006164
2026-04-24 11:55: **********Val Epoch 1218: average Loss: 0.007384
2026-04-24 11:55: Train Epoch 1219: 0/74 Loss: 0.020801
2026-04-24 11:55: Train Epoch 1219: 20/74 Loss: 0.005926
2026-04-24 11:55: Train Epoch 1219: 40/74 Loss: 0.012240
2026-04-24 11:55: Train Epoch 1219: 60/74 Loss: 0.012855
2026-04-24 11:55: **********Train Epoch 1219: averaged Loss: 0.007425
2026-04-24 11:55: **********Val Epoch 1219: average Loss: 0.007690
2026-04-24 11:55: Train Epoch 1220: 0/74 Loss: 0.010707
2026-04-24 11:55: Train Epoch 1220: 20/74 Loss: 0.002990
2026-04-24 11:55: Train Epoch 1220: 40/74 Loss: 0.013710
2026-04-24 11:55: Train Epoch 1220: 60/74 Loss: 0.011448
2026-04-24 11:55: **********Train Epoch 1220: averaged Loss: 0.006329
2026-04-24 11:55: **********Val Epoch 1220: average Loss: 0.007364
2026-04-24 11:55: Train Epoch 1221: 0/74 Loss: 0.007746
2026-04-24 11:55: Train Epoch 1221: 20/74 Loss: 0.003397
2026-04-24 11:55: Train Epoch 1221: 40/74 Loss: 0.009071
2026-04-24 11:55: Train Epoch 1221: 60/74 Loss: 0.006245
2026-04-24 11:55: **********Train Epoch 1221: averaged Loss: 0.005397
2026-04-24 11:55: **********Val Epoch 1221: average Loss: 0.006652
2026-04-24 11:55: Train Epoch 1222: 0/74 Loss: 0.005881
2026-04-24 11:55: Train Epoch 1222: 20/74 Loss: 0.003780
2026-04-24 11:55: Train Epoch 1222: 40/74 Loss: 0.009217
2026-04-24 11:55: Train Epoch 1222: 60/74 Loss: 0.006496
2026-04-24 11:55: **********Train Epoch 1222: averaged Loss: 0.005182
2026-04-24 11:55: **********Val Epoch 1222: average Loss: 0.007310
2026-04-24 11:55: Train Epoch 1223: 0/74 Loss: 0.004237
2026-04-24 11:55: Train Epoch 1223: 20/74 Loss: 0.003583
2026-04-24 11:55: Train Epoch 1223: 40/74 Loss: 0.008554
2026-04-24 11:55: Train Epoch 1223: 60/74 Loss: 0.004922
2026-04-24 11:55: **********Train Epoch 1223: averaged Loss: 0.004683
2026-04-24 11:55: **********Val Epoch 1223: average Loss: 0.006693
2026-04-24 11:55: Train Epoch 1224: 0/74 Loss: 0.020725
2026-04-24 11:55: Train Epoch 1224: 20/74 Loss: 0.004840
2026-04-24 11:55: Train Epoch 1224: 40/74 Loss: 0.006765
2026-04-24 11:55: Train Epoch 1224: 60/74 Loss: 0.004937
2026-04-24 11:55: **********Train Epoch 1224: averaged Loss: 0.005448
2026-04-24 11:55: **********Val Epoch 1224: average Loss: 0.009061
2026-04-24 11:55: Train Epoch 1225: 0/74 Loss: 0.023725
2026-04-24 11:55: Train Epoch 1225: 20/74 Loss: 0.004826
2026-04-24 11:55: Train Epoch 1225: 40/74 Loss: 0.004610
2026-04-24 11:55: Train Epoch 1225: 60/74 Loss: 0.005729
2026-04-24 11:56: **********Train Epoch 1225: averaged Loss: 0.005543
2026-04-24 11:56: **********Val Epoch 1225: average Loss: 0.009217
2026-04-24 11:56: Train Epoch 1226: 0/74 Loss: 0.005513
2026-04-24 11:56: Train Epoch 1226: 20/74 Loss: 0.002956
2026-04-24 11:56: Train Epoch 1226: 40/74 Loss: 0.005441
2026-04-24 11:56: Train Epoch 1226: 60/74 Loss: 0.004824
2026-04-24 11:56: **********Train Epoch 1226: averaged Loss: 0.004133
2026-04-24 11:56: **********Val Epoch 1226: average Loss: 0.006391
2026-04-24 11:56: Train Epoch 1227: 0/74 Loss: 0.004024
2026-04-24 11:56: Train Epoch 1227: 20/74 Loss: 0.003153
2026-04-24 11:56: Train Epoch 1227: 40/74 Loss: 0.006112
2026-04-24 11:56: Train Epoch 1227: 60/74 Loss: 0.005113
2026-04-24 11:56: **********Train Epoch 1227: averaged Loss: 0.004711
2026-04-24 11:56: **********Val Epoch 1227: average Loss: 0.007343
2026-04-24 11:56: Train Epoch 1228: 0/74 Loss: 0.004437
2026-04-24 11:56: Train Epoch 1228: 20/74 Loss: 0.003999
2026-04-24 11:56: Train Epoch 1228: 40/74 Loss: 0.005260
2026-04-24 11:56: Train Epoch 1228: 60/74 Loss: 0.004670
2026-04-24 11:56: **********Train Epoch 1228: averaged Loss: 0.005174
2026-04-24 11:56: **********Val Epoch 1228: average Loss: 0.005989
2026-04-24 11:56: Train Epoch 1229: 0/74 Loss: 0.032552
2026-04-24 11:56: Train Epoch 1229: 20/74 Loss: 0.002991
2026-04-24 11:56: Train Epoch 1229: 40/74 Loss: 0.005666
2026-04-24 11:56: Train Epoch 1229: 60/74 Loss: 0.005824
2026-04-24 11:56: **********Train Epoch 1229: averaged Loss: 0.006165
2026-04-24 11:56: **********Val Epoch 1229: average Loss: 0.004650
2026-04-24 11:56: Train Epoch 1230: 0/74 Loss: 0.020049
2026-04-24 11:56: Train Epoch 1230: 20/74 Loss: 0.003800
2026-04-24 11:56: Train Epoch 1230: 40/74 Loss: 0.005150
2026-04-24 11:56: Train Epoch 1230: 60/74 Loss: 0.004556
2026-04-24 11:56: **********Train Epoch 1230: averaged Loss: 0.005961
2026-04-24 11:56: **********Val Epoch 1230: average Loss: 0.004436
2026-04-24 11:56: Train Epoch 1231: 0/74 Loss: 0.017118
2026-04-24 11:56: Train Epoch 1231: 20/74 Loss: 0.002473
2026-04-24 11:56: Train Epoch 1231: 40/74 Loss: 0.006116
2026-04-24 11:56: Train Epoch 1231: 60/74 Loss: 0.004520
2026-04-24 11:56: **********Train Epoch 1231: averaged Loss: 0.004748
2026-04-24 11:56: **********Val Epoch 1231: average Loss: 0.004070
2026-04-24 11:56: *********************************Current best model saved!
2026-04-24 11:56: Train Epoch 1232: 0/74 Loss: 0.017587
2026-04-24 11:56: Train Epoch 1232: 20/74 Loss: 0.002490
2026-04-24 11:56: Train Epoch 1232: 40/74 Loss: 0.005669
2026-04-24 11:56: Train Epoch 1232: 60/74 Loss: 0.005316
2026-04-24 11:56: **********Train Epoch 1232: averaged Loss: 0.004925
2026-04-24 11:56: **********Val Epoch 1232: average Loss: 0.004176
2026-04-24 11:56: Train Epoch 1233: 0/74 Loss: 0.013995
2026-04-24 11:56: Train Epoch 1233: 20/74 Loss: 0.002444
2026-04-24 11:56: Train Epoch 1233: 40/74 Loss: 0.005442
2026-04-24 11:56: Train Epoch 1233: 60/74 Loss: 0.005255
2026-04-24 11:56: **********Train Epoch 1233: averaged Loss: 0.004388
2026-04-24 11:56: **********Val Epoch 1233: average Loss: 0.005395
2026-04-24 11:56: Train Epoch 1234: 0/74 Loss: 0.014380
2026-04-24 11:56: Train Epoch 1234: 20/74 Loss: 0.002389
2026-04-24 11:57: Train Epoch 1234: 40/74 Loss: 0.005496
2026-04-24 11:57: Train Epoch 1234: 60/74 Loss: 0.004891
2026-04-24 11:57: **********Train Epoch 1234: averaged Loss: 0.004435
2026-04-24 11:57: **********Val Epoch 1234: average Loss: 0.004600
2026-04-24 11:57: Train Epoch 1235: 0/74 Loss: 0.008070
2026-04-24 11:57: Train Epoch 1235: 20/74 Loss: 0.004835
2026-04-24 11:57: Train Epoch 1235: 40/74 Loss: 0.005641
2026-04-24 11:57: Train Epoch 1235: 60/74 Loss: 0.005171
2026-04-24 11:57: **********Train Epoch 1235: averaged Loss: 0.005617
2026-04-24 11:57: **********Val Epoch 1235: average Loss: 0.004089
2026-04-24 11:57: Train Epoch 1236: 0/74 Loss: 0.026403
2026-04-24 11:57: Train Epoch 1236: 20/74 Loss: 0.010841
2026-04-24 11:57: Train Epoch 1236: 40/74 Loss: 0.004729
2026-04-24 11:57: Train Epoch 1236: 60/74 Loss: 0.006829
2026-04-24 11:57: **********Train Epoch 1236: averaged Loss: 0.007970
2026-04-24 11:57: **********Val Epoch 1236: average Loss: 0.004489
2026-04-24 11:57: Train Epoch 1237: 0/74 Loss: 0.007551
2026-04-24 11:57: Train Epoch 1237: 20/74 Loss: 0.003558
2026-04-24 11:57: Train Epoch 1237: 40/74 Loss: 0.004977
2026-04-24 11:57: Train Epoch 1237: 60/74 Loss: 0.006166
2026-04-24 11:57: **********Train Epoch 1237: averaged Loss: 0.005359
2026-04-24 11:57: **********Val Epoch 1237: average Loss: 0.004554
2026-04-24 11:57: Train Epoch 1238: 0/74 Loss: 0.019479
2026-04-24 11:57: Train Epoch 1238: 20/74 Loss: 0.002609
2026-04-24 11:57: Train Epoch 1238: 40/74 Loss: 0.004719
2026-04-24 11:57: Train Epoch 1238: 60/74 Loss: 0.004929
2026-04-24 11:57: **********Train Epoch 1238: averaged Loss: 0.006598
2026-04-24 11:57: **********Val Epoch 1238: average Loss: 0.009723
2026-04-24 11:57: Train Epoch 1239: 0/74 Loss: 0.005226
2026-04-24 11:57: Train Epoch 1239: 20/74 Loss: 0.002362
2026-04-24 11:57: Train Epoch 1239: 40/74 Loss: 0.005122
2026-04-24 11:57: Train Epoch 1239: 60/74 Loss: 0.005091
2026-04-24 11:57: **********Train Epoch 1239: averaged Loss: 0.004792
2026-04-24 11:57: **********Val Epoch 1239: average Loss: 0.010236
2026-04-24 11:57: Train Epoch 1240: 0/74 Loss: 0.009717
2026-04-24 11:57: Train Epoch 1240: 20/74 Loss: 0.002450
2026-04-24 11:57: Train Epoch 1240: 40/74 Loss: 0.005157
2026-04-24 11:57: Train Epoch 1240: 60/74 Loss: 0.008586
2026-04-24 11:57: **********Train Epoch 1240: averaged Loss: 0.005018
2026-04-24 11:57: **********Val Epoch 1240: average Loss: 0.013823
2026-04-24 11:57: Train Epoch 1241: 0/74 Loss: 0.014600
2026-04-24 11:57: Train Epoch 1241: 20/74 Loss: 0.002370
2026-04-24 11:57: Train Epoch 1241: 40/74 Loss: 0.004570
2026-04-24 11:57: Train Epoch 1241: 60/74 Loss: 0.014602
2026-04-24 11:57: **********Train Epoch 1241: averaged Loss: 0.008590
2026-04-24 11:57: **********Val Epoch 1241: average Loss: 0.007223
2026-04-24 11:57: Train Epoch 1242: 0/74 Loss: 0.028918
2026-04-24 11:57: Train Epoch 1242: 20/74 Loss: 0.013535
2026-04-24 11:57: Train Epoch 1242: 40/74 Loss: 0.004156
2026-04-24 11:57: Train Epoch 1242: 60/74 Loss: 0.023266
2026-04-24 11:57: **********Train Epoch 1242: averaged Loss: 0.013075
2026-04-24 11:57: **********Val Epoch 1242: average Loss: 0.009038
2026-04-24 11:57: Train Epoch 1243: 0/74 Loss: 0.050343
2026-04-24 11:58: Train Epoch 1243: 20/74 Loss: 0.007435
2026-04-24 11:58: Train Epoch 1243: 40/74 Loss: 0.008798
2026-04-24 11:58: Train Epoch 1243: 60/74 Loss: 0.011029
2026-04-24 11:58: **********Train Epoch 1243: averaged Loss: 0.010488
2026-04-24 11:58: **********Val Epoch 1243: average Loss: 0.012645
2026-04-24 11:58: Train Epoch 1244: 0/74 Loss: 0.023451
2026-04-24 11:58: Train Epoch 1244: 20/74 Loss: 0.003053
2026-04-24 11:58: Train Epoch 1244: 40/74 Loss: 0.003603
2026-04-24 11:58: Train Epoch 1244: 60/74 Loss: 0.015485
2026-04-24 11:58: **********Train Epoch 1244: averaged Loss: 0.007542
2026-04-24 11:58: **********Val Epoch 1244: average Loss: 0.008571
2026-04-24 11:58: Train Epoch 1245: 0/74 Loss: 0.010626
2026-04-24 11:58: Train Epoch 1245: 20/74 Loss: 0.002272
2026-04-24 11:58: Train Epoch 1245: 40/74 Loss: 0.004425
2026-04-24 11:58: Train Epoch 1245: 60/74 Loss: 0.016723
2026-04-24 11:58: **********Train Epoch 1245: averaged Loss: 0.008168
2026-04-24 11:58: **********Val Epoch 1245: average Loss: 0.011147
2026-04-24 11:58: Train Epoch 1246: 0/74 Loss: 0.033694
2026-04-24 11:58: Train Epoch 1246: 20/74 Loss: 0.005414
2026-04-24 11:58: Train Epoch 1246: 40/74 Loss: 0.005110
2026-04-24 11:58: Train Epoch 1246: 60/74 Loss: 0.010825
2026-04-24 11:58: **********Train Epoch 1246: averaged Loss: 0.008034
2026-04-24 11:58: **********Val Epoch 1246: average Loss: 0.006673
2026-04-24 11:58: Train Epoch 1247: 0/74 Loss: 0.028191
2026-04-24 11:58: Train Epoch 1247: 20/74 Loss: 0.002455
2026-04-24 11:58: Train Epoch 1247: 40/74 Loss: 0.003226
2026-04-24 11:58: Train Epoch 1247: 60/74 Loss: 0.011783
2026-04-24 11:58: **********Train Epoch 1247: averaged Loss: 0.006935
2026-04-24 11:58: **********Val Epoch 1247: average Loss: 0.006700
2026-04-24 11:58: Train Epoch 1248: 0/74 Loss: 0.004211
2026-04-24 11:58: Train Epoch 1248: 20/74 Loss: 0.002496
2026-04-24 11:58: Train Epoch 1248: 40/74 Loss: 0.005141
2026-04-24 11:58: Train Epoch 1248: 60/74 Loss: 0.009497
2026-04-24 11:58: **********Train Epoch 1248: averaged Loss: 0.005065
2026-04-24 11:58: **********Val Epoch 1248: average Loss: 0.006122
2026-04-24 11:58: Train Epoch 1249: 0/74 Loss: 0.013005
2026-04-24 11:58: Train Epoch 1249: 20/74 Loss: 0.002525
2026-04-24 11:58: Train Epoch 1249: 40/74 Loss: 0.003829
2026-04-24 11:58: Train Epoch 1249: 60/74 Loss: 0.017589
2026-04-24 11:58: **********Train Epoch 1249: averaged Loss: 0.006289
2026-04-24 11:58: **********Val Epoch 1249: average Loss: 0.008886
2026-04-24 11:58: Train Epoch 1250: 0/74 Loss: 0.008524
2026-04-24 11:58: Train Epoch 1250: 20/74 Loss: 0.002722
2026-04-24 11:58: Train Epoch 1250: 40/74 Loss: 0.005635
2026-04-24 11:58: Train Epoch 1250: 60/74 Loss: 0.021055
2026-04-24 11:58: **********Train Epoch 1250: averaged Loss: 0.007283
2026-04-24 11:58: **********Val Epoch 1250: average Loss: 0.011346
2026-04-24 11:58: Train Epoch 1251: 0/74 Loss: 0.026561
2026-04-24 11:58: Train Epoch 1251: 20/74 Loss: 0.002408
2026-04-24 11:58: Train Epoch 1251: 40/74 Loss: 0.007152
2026-04-24 11:58: Train Epoch 1251: 60/74 Loss: 0.025822
2026-04-24 11:58: **********Train Epoch 1251: averaged Loss: 0.009118
2026-04-24 11:58: **********Val Epoch 1251: average Loss: 0.010365
2026-04-24 11:58: Train Epoch 1252: 0/74 Loss: 0.018234
2026-04-24 11:59: Train Epoch 1252: 20/74 Loss: 0.003390
2026-04-24 11:59: Train Epoch 1252: 40/74 Loss: 0.005571
2026-04-24 11:59: Train Epoch 1252: 60/74 Loss: 0.018671
2026-04-24 11:59: **********Train Epoch 1252: averaged Loss: 0.009158
2026-04-24 11:59: **********Val Epoch 1252: average Loss: 0.018584
2026-04-24 11:59: Train Epoch 1253: 0/74 Loss: 0.020934
2026-04-24 11:59: Train Epoch 1253: 20/74 Loss: 0.007535
2026-04-24 11:59: Train Epoch 1253: 40/74 Loss: 0.005688
2026-04-24 11:59: Train Epoch 1253: 60/74 Loss: 0.022455
2026-04-24 11:59: **********Train Epoch 1253: averaged Loss: 0.007702
2026-04-24 11:59: **********Val Epoch 1253: average Loss: 0.007903
2026-04-24 11:59: Train Epoch 1254: 0/74 Loss: 0.005213
2026-04-24 11:59: Train Epoch 1254: 20/74 Loss: 0.004189
2026-04-24 11:59: Train Epoch 1254: 40/74 Loss: 0.005361
2026-04-24 11:59: Train Epoch 1254: 60/74 Loss: 0.006221
2026-04-24 11:59: **********Train Epoch 1254: averaged Loss: 0.004952
2026-04-24 11:59: **********Val Epoch 1254: average Loss: 0.008133
2026-04-24 11:59: Train Epoch 1255: 0/74 Loss: 0.017175
2026-04-24 11:59: Train Epoch 1255: 20/74 Loss: 0.005754
2026-04-24 11:59: Train Epoch 1255: 40/74 Loss: 0.004573
2026-04-24 11:59: Train Epoch 1255: 60/74 Loss: 0.009442
2026-04-24 11:59: **********Train Epoch 1255: averaged Loss: 0.006410
2026-04-24 11:59: **********Val Epoch 1255: average Loss: 0.009329
2026-04-24 11:59: Train Epoch 1256: 0/74 Loss: 0.012165
2026-04-24 11:59: Train Epoch 1256: 20/74 Loss: 0.002296
2026-04-24 11:59: Train Epoch 1256: 40/74 Loss: 0.003932
2026-04-24 11:59: Train Epoch 1256: 60/74 Loss: 0.013516
2026-04-24 11:59: **********Train Epoch 1256: averaged Loss: 0.005432
2026-04-24 11:59: **********Val Epoch 1256: average Loss: 0.009585
2026-04-24 11:59: Train Epoch 1257: 0/74 Loss: 0.018518
2026-04-24 11:59: Train Epoch 1257: 20/74 Loss: 0.002322
2026-04-24 11:59: Train Epoch 1257: 40/74 Loss: 0.004623
2026-04-24 11:59: Train Epoch 1257: 60/74 Loss: 0.013078
2026-04-24 11:59: **********Train Epoch 1257: averaged Loss: 0.006740
2026-04-24 11:59: **********Val Epoch 1257: average Loss: 0.009096
2026-04-24 11:59: Train Epoch 1258: 0/74 Loss: 0.002552
2026-04-24 11:59: Train Epoch 1258: 20/74 Loss: 0.002569
2026-04-24 11:59: Train Epoch 1258: 40/74 Loss: 0.003469
2026-04-24 11:59: Train Epoch 1258: 60/74 Loss: 0.014744
2026-04-24 11:59: **********Train Epoch 1258: averaged Loss: 0.005167
2026-04-24 11:59: **********Val Epoch 1258: average Loss: 0.009725
2026-04-24 11:59: Train Epoch 1259: 0/74 Loss: 0.002539
2026-04-24 11:59: Train Epoch 1259: 20/74 Loss: 0.003306
2026-04-24 11:59: Train Epoch 1259: 40/74 Loss: 0.003835
2026-04-24 11:59: Train Epoch 1259: 60/74 Loss: 0.015982
2026-04-24 11:59: **********Train Epoch 1259: averaged Loss: 0.006087
2026-04-24 11:59: **********Val Epoch 1259: average Loss: 0.012403
2026-04-24 11:59: Train Epoch 1260: 0/74 Loss: 0.020794
2026-04-24 11:59: Train Epoch 1260: 20/74 Loss: 0.005810
2026-04-24 11:59: Train Epoch 1260: 40/74 Loss: 0.003716
2026-04-24 12:00: Train Epoch 1260: 60/74 Loss: 0.016932
2026-04-24 12:00: **********Train Epoch 1260: averaged Loss: 0.007540
2026-04-24 12:00: **********Val Epoch 1260: average Loss: 0.012875
2026-04-24 12:00: Train Epoch 1261: 0/74 Loss: 0.003789
2026-04-24 12:00: Train Epoch 1261: 20/74 Loss: 0.004522
2026-04-24 12:00: Train Epoch 1261: 40/74 Loss: 0.003765
2026-04-24 12:00: Train Epoch 1261: 60/74 Loss: 0.019180
2026-04-24 12:00: **********Train Epoch 1261: averaged Loss: 0.006057
2026-04-24 12:00: **********Val Epoch 1261: average Loss: 0.012711
2026-04-24 12:00: Train Epoch 1262: 0/74 Loss: 0.002351
2026-04-24 12:00: Train Epoch 1262: 20/74 Loss: 0.002298
2026-04-24 12:00: Train Epoch 1262: 40/74 Loss: 0.003915
2026-04-24 12:00: Train Epoch 1262: 60/74 Loss: 0.010189
2026-04-24 12:00: **********Train Epoch 1262: averaged Loss: 0.005520
2026-04-24 12:00: **********Val Epoch 1262: average Loss: 0.016977
2026-04-24 12:00: Train Epoch 1263: 0/74 Loss: 0.003397
2026-04-24 12:00: Train Epoch 1263: 20/74 Loss: 0.002704
2026-04-24 12:00: Train Epoch 1263: 40/74 Loss: 0.003630
2026-04-24 12:00: Train Epoch 1263: 60/74 Loss: 0.016403
2026-04-24 12:00: **********Train Epoch 1263: averaged Loss: 0.005600
2026-04-24 12:00: **********Val Epoch 1263: average Loss: 0.015327
2026-04-24 12:00: Train Epoch 1264: 0/74 Loss: 0.036286
2026-04-24 12:00: Train Epoch 1264: 20/74 Loss: 0.005310
2026-04-24 12:00: Train Epoch 1264: 40/74 Loss: 0.003714
2026-04-24 12:00: Train Epoch 1264: 60/74 Loss: 0.011082
2026-04-24 12:00: **********Train Epoch 1264: averaged Loss: 0.008223
2026-04-24 12:00: **********Val Epoch 1264: average Loss: 0.011633
2026-04-24 12:00: Train Epoch 1265: 0/74 Loss: 0.007235
2026-04-24 12:00: Train Epoch 1265: 20/74 Loss: 0.003885
2026-04-24 12:00: Train Epoch 1265: 40/74 Loss: 0.003969
2026-04-24 12:00: Train Epoch 1265: 60/74 Loss: 0.010908
2026-04-24 12:00: **********Train Epoch 1265: averaged Loss: 0.005502
2026-04-24 12:00: **********Val Epoch 1265: average Loss: 0.022323
2026-04-24 12:00: Train Epoch 1266: 0/74 Loss: 0.034219
2026-04-24 12:00: Train Epoch 1266: 20/74 Loss: 0.002666
2026-04-24 12:00: Train Epoch 1266: 40/74 Loss: 0.003560
2026-04-24 12:00: Train Epoch 1266: 60/74 Loss: 0.007806
2026-04-24 12:00: **********Train Epoch 1266: averaged Loss: 0.007723
2026-04-24 12:00: **********Val Epoch 1266: average Loss: 0.016789
2026-04-24 12:00: Train Epoch 1267: 0/74 Loss: 0.014211
2026-04-24 12:00: Train Epoch 1267: 20/74 Loss: 0.002478
2026-04-24 12:00: Train Epoch 1267: 40/74 Loss: 0.007087
2026-04-24 12:00: Train Epoch 1267: 60/74 Loss: 0.008514
2026-04-24 12:00: **********Train Epoch 1267: averaged Loss: 0.006830
2026-04-24 12:00: **********Val Epoch 1267: average Loss: 0.008075
2026-04-24 12:00: Train Epoch 1268: 0/74 Loss: 0.015528
2026-04-24 12:00: Train Epoch 1268: 20/74 Loss: 0.003050
2026-04-24 12:00: Train Epoch 1268: 40/74 Loss: 0.013453
2026-04-24 12:00: Train Epoch 1268: 60/74 Loss: 0.005247
2026-04-24 12:00: **********Train Epoch 1268: averaged Loss: 0.008513
2026-04-24 12:00: **********Val Epoch 1268: average Loss: 0.005963
2026-04-24 12:00: Train Epoch 1269: 0/74 Loss: 0.069936
2026-04-24 12:00: Train Epoch 1269: 20/74 Loss: 0.012189
2026-04-24 12:01: Train Epoch 1269: 40/74 Loss: 0.004451
2026-04-24 12:01: Train Epoch 1269: 60/74 Loss: 0.009084
2026-04-24 12:01: **********Train Epoch 1269: averaged Loss: 0.011836
2026-04-24 12:01: **********Val Epoch 1269: average Loss: 0.004464
2026-04-24 12:01: Train Epoch 1270: 0/74 Loss: 0.007470
2026-04-24 12:01: Train Epoch 1270: 20/74 Loss: 0.002559
2026-04-24 12:01: Train Epoch 1270: 40/74 Loss: 0.004526
2026-04-24 12:01: Train Epoch 1270: 60/74 Loss: 0.005342
2026-04-24 12:01: **********Train Epoch 1270: averaged Loss: 0.004664
2026-04-24 12:01: **********Val Epoch 1270: average Loss: 0.004767
2026-04-24 12:01: Train Epoch 1271: 0/74 Loss: 0.016241
2026-04-24 12:01: Train Epoch 1271: 20/74 Loss: 0.002471
2026-04-24 12:01: Train Epoch 1271: 40/74 Loss: 0.003714
2026-04-24 12:01: Train Epoch 1271: 60/74 Loss: 0.009586
2026-04-24 12:01: **********Train Epoch 1271: averaged Loss: 0.004982
2026-04-24 12:01: **********Val Epoch 1271: average Loss: 0.006721
2026-04-24 12:01: Train Epoch 1272: 0/74 Loss: 0.007278
2026-04-24 12:01: Train Epoch 1272: 20/74 Loss: 0.005196
2026-04-24 12:01: Train Epoch 1272: 40/74 Loss: 0.003501
2026-04-24 12:01: Train Epoch 1272: 60/74 Loss: 0.004724
2026-04-24 12:01: **********Train Epoch 1272: averaged Loss: 0.005397
2026-04-24 12:01: **********Val Epoch 1272: average Loss: 0.004591
2026-04-24 12:01: Train Epoch 1273: 0/74 Loss: 0.006842
2026-04-24 12:01: Train Epoch 1273: 20/74 Loss: 0.002550
2026-04-24 12:01: Train Epoch 1273: 40/74 Loss: 0.004209
2026-04-24 12:01: Train Epoch 1273: 60/74 Loss: 0.010556
2026-04-24 12:01: **********Train Epoch 1273: averaged Loss: 0.004693
2026-04-24 12:01: **********Val Epoch 1273: average Loss: 0.004971
2026-04-24 12:01: Train Epoch 1274: 0/74 Loss: 0.003045
2026-04-24 12:01: Train Epoch 1274: 20/74 Loss: 0.003373
2026-04-24 12:01: Train Epoch 1274: 40/74 Loss: 0.003315
2026-04-24 12:01: Train Epoch 1274: 60/74 Loss: 0.006100
2026-04-24 12:01: **********Train Epoch 1274: averaged Loss: 0.004281
2026-04-24 12:01: **********Val Epoch 1274: average Loss: 0.004961
2026-04-24 12:01: Train Epoch 1275: 0/74 Loss: 0.006971
2026-04-24 12:01: Train Epoch 1275: 20/74 Loss: 0.002404
2026-04-24 12:01: Train Epoch 1275: 40/74 Loss: 0.003637
2026-04-24 12:01: Train Epoch 1275: 60/74 Loss: 0.005671
2026-04-24 12:01: **********Train Epoch 1275: averaged Loss: 0.004702
2026-04-24 12:01: **********Val Epoch 1275: average Loss: 0.005744
2026-04-24 12:01: Train Epoch 1276: 0/74 Loss: 0.029226
2026-04-24 12:01: Train Epoch 1276: 20/74 Loss: 0.003033
2026-04-24 12:01: Train Epoch 1276: 40/74 Loss: 0.004151
2026-04-24 12:01: Train Epoch 1276: 60/74 Loss: 0.006743
2026-04-24 12:01: **********Train Epoch 1276: averaged Loss: 0.005913
2026-04-24 12:01: **********Val Epoch 1276: average Loss: 0.005626
2026-04-24 12:01: Train Epoch 1277: 0/74 Loss: 0.015497
2026-04-24 12:01: Train Epoch 1277: 20/74 Loss: 0.003024
2026-04-24 12:01: Train Epoch 1277: 40/74 Loss: 0.003429
2026-04-24 12:01: Train Epoch 1277: 60/74 Loss: 0.014080
2026-04-24 12:01: **********Train Epoch 1277: averaged Loss: 0.007175
2026-04-24 12:01: **********Val Epoch 1277: average Loss: 0.007257
2026-04-24 12:01: Train Epoch 1278: 0/74 Loss: 0.008847
2026-04-24 12:02: Train Epoch 1278: 20/74 Loss: 0.003147
2026-04-24 12:02: Train Epoch 1278: 40/74 Loss: 0.004386
2026-04-24 12:02: Train Epoch 1278: 60/74 Loss: 0.023309
2026-04-24 12:02: **********Train Epoch 1278: averaged Loss: 0.008831
2026-04-24 12:02: **********Val Epoch 1278: average Loss: 0.016919
2026-04-24 12:02: Train Epoch 1279: 0/74 Loss: 0.037699
2026-04-24 12:02: Train Epoch 1279: 20/74 Loss: 0.003226
2026-04-24 12:02: Train Epoch 1279: 40/74 Loss: 0.003747
2026-04-24 12:02: Train Epoch 1279: 60/74 Loss: 0.016667
2026-04-24 12:02: **********Train Epoch 1279: averaged Loss: 0.009505
2026-04-24 12:02: **********Val Epoch 1279: average Loss: 0.012185
2026-04-24 12:02: Train Epoch 1280: 0/74 Loss: 0.028881
2026-04-24 12:02: Train Epoch 1280: 20/74 Loss: 0.002559
2026-04-24 12:02: Train Epoch 1280: 40/74 Loss: 0.005383
2026-04-24 12:02: Train Epoch 1280: 60/74 Loss: 0.014781
2026-04-24 12:02: **********Train Epoch 1280: averaged Loss: 0.008374
2026-04-24 12:02: **********Val Epoch 1280: average Loss: 0.009141
2026-04-24 12:02: Train Epoch 1281: 0/74 Loss: 0.014236
2026-04-24 12:02: Train Epoch 1281: 20/74 Loss: 0.005246
2026-04-24 12:02: Train Epoch 1281: 40/74 Loss: 0.005355
2026-04-24 12:02: Train Epoch 1281: 60/74 Loss: 0.010378
2026-04-24 12:02: **********Train Epoch 1281: averaged Loss: 0.006967
2026-04-24 12:02: **********Val Epoch 1281: average Loss: 0.013183
2026-04-24 12:02: Train Epoch 1282: 0/74 Loss: 0.009094
2026-04-24 12:02: Train Epoch 1282: 20/74 Loss: 0.002448
2026-04-24 12:02: Train Epoch 1282: 40/74 Loss: 0.007624
2026-04-24 12:02: Train Epoch 1282: 60/74 Loss: 0.021799
2026-04-24 12:02: **********Train Epoch 1282: averaged Loss: 0.007243
2026-04-24 12:02: **********Val Epoch 1282: average Loss: 0.014840
2026-04-24 12:02: Train Epoch 1283: 0/74 Loss: 0.006966
2026-04-24 12:02: Train Epoch 1283: 20/74 Loss: 0.002243
2026-04-24 12:02: Train Epoch 1283: 40/74 Loss: 0.008786
2026-04-24 12:02: Train Epoch 1283: 60/74 Loss: 0.023574
2026-04-24 12:02: **********Train Epoch 1283: averaged Loss: 0.007000
2026-04-24 12:02: **********Val Epoch 1283: average Loss: 0.019756
2026-04-24 12:02: Train Epoch 1284: 0/74 Loss: 0.002444
2026-04-24 12:02: Train Epoch 1284: 20/74 Loss: 0.002623
2026-04-24 12:02: Train Epoch 1284: 40/74 Loss: 0.008898
2026-04-24 12:02: Train Epoch 1284: 60/74 Loss: 0.019746
2026-04-24 12:02: **********Train Epoch 1284: averaged Loss: 0.006724
2026-04-24 12:02: **********Val Epoch 1284: average Loss: 0.016787
2026-04-24 12:02: Train Epoch 1285: 0/74 Loss: 0.004731
2026-04-24 12:02: Train Epoch 1285: 20/74 Loss: 0.002661
2026-04-24 12:02: Train Epoch 1285: 40/74 Loss: 0.010630
2026-04-24 12:02: Train Epoch 1285: 60/74 Loss: 0.025446
2026-04-24 12:02: **********Train Epoch 1285: averaged Loss: 0.007776
2026-04-24 12:02: **********Val Epoch 1285: average Loss: 0.029451
2026-04-24 12:02: Train Epoch 1286: 0/74 Loss: 0.009850
2026-04-24 12:02: Train Epoch 1286: 20/74 Loss: 0.002427
2026-04-24 12:02: Train Epoch 1286: 40/74 Loss: 0.009121
2026-04-24 12:03: Train Epoch 1286: 60/74 Loss: 0.016708
2026-04-24 12:03: **********Train Epoch 1286: averaged Loss: 0.006468
2026-04-24 12:03: **********Val Epoch 1286: average Loss: 0.026301
2026-04-24 12:03: Train Epoch 1287: 0/74 Loss: 0.011753
2026-04-24 12:03: Train Epoch 1287: 20/74 Loss: 0.002244
2026-04-24 12:03: Train Epoch 1287: 40/74 Loss: 0.005471
2026-04-24 12:03: Train Epoch 1287: 60/74 Loss: 0.010079
2026-04-24 12:03: **********Train Epoch 1287: averaged Loss: 0.005555
2026-04-24 12:03: **********Val Epoch 1287: average Loss: 0.024302
2026-04-24 12:03: Train Epoch 1288: 0/74 Loss: 0.019937
2026-04-24 12:03: Train Epoch 1288: 20/74 Loss: 0.004634
2026-04-24 12:03: Train Epoch 1288: 40/74 Loss: 0.004136
2026-04-24 12:03: Train Epoch 1288: 60/74 Loss: 0.006741
2026-04-24 12:03: **********Train Epoch 1288: averaged Loss: 0.006813
2026-04-24 12:03: **********Val Epoch 1288: average Loss: 0.019233
2026-04-24 12:03: Train Epoch 1289: 0/74 Loss: 0.017961
2026-04-24 12:03: Train Epoch 1289: 20/74 Loss: 0.002435
2026-04-24 12:03: Train Epoch 1289: 40/74 Loss: 0.007118
2026-04-24 12:03: Train Epoch 1289: 60/74 Loss: 0.010515
2026-04-24 12:03: **********Train Epoch 1289: averaged Loss: 0.008054
2026-04-24 12:03: **********Val Epoch 1289: average Loss: 0.015166
2026-04-24 12:03: Train Epoch 1290: 0/74 Loss: 0.019979
2026-04-24 12:03: Train Epoch 1290: 20/74 Loss: 0.002780
2026-04-24 12:03: Train Epoch 1290: 40/74 Loss: 0.008141
2026-04-24 12:03: Train Epoch 1290: 60/74 Loss: 0.014362
2026-04-24 12:03: **********Train Epoch 1290: averaged Loss: 0.009733
2026-04-24 12:03: **********Val Epoch 1290: average Loss: 0.009404
2026-04-24 12:03: Train Epoch 1291: 0/74 Loss: 0.039164
2026-04-24 12:03: Train Epoch 1291: 20/74 Loss: 0.002427
2026-04-24 12:03: Train Epoch 1291: 40/74 Loss: 0.005244
2026-04-24 12:03: Train Epoch 1291: 60/74 Loss: 0.023584
2026-04-24 12:03: **********Train Epoch 1291: averaged Loss: 0.011019
2026-04-24 12:03: **********Val Epoch 1291: average Loss: 0.014452
2026-04-24 12:03: Train Epoch 1292: 0/74 Loss: 0.041992
2026-04-24 12:03: Train Epoch 1292: 20/74 Loss: 0.010603
2026-04-24 12:03: Train Epoch 1292: 40/74 Loss: 0.007031
2026-04-24 12:03: Train Epoch 1292: 60/74 Loss: 0.014429
2026-04-24 12:03: **********Train Epoch 1292: averaged Loss: 0.011543
2026-04-24 12:03: **********Val Epoch 1292: average Loss: 0.011226
2026-04-24 12:03: Train Epoch 1293: 0/74 Loss: 0.007597
2026-04-24 12:03: Train Epoch 1293: 20/74 Loss: 0.004799
2026-04-24 12:03: Train Epoch 1293: 40/74 Loss: 0.003753
2026-04-24 12:03: Train Epoch 1293: 60/74 Loss: 0.017630
2026-04-24 12:03: **********Train Epoch 1293: averaged Loss: 0.008490
2026-04-24 12:03: **********Val Epoch 1293: average Loss: 0.018726
2026-04-24 12:03: Train Epoch 1294: 0/74 Loss: 0.023793
2026-04-24 12:03: Train Epoch 1294: 20/74 Loss: 0.002415
2026-04-24 12:03: Train Epoch 1294: 40/74 Loss: 0.004578
2026-04-24 12:03: Train Epoch 1294: 60/74 Loss: 0.015979
2026-04-24 12:03: **********Train Epoch 1294: averaged Loss: 0.009275
2026-04-24 12:03: **********Val Epoch 1294: average Loss: 0.011998
2026-04-24 12:03: Train Epoch 1295: 0/74 Loss: 0.003412
2026-04-24 12:03: Train Epoch 1295: 20/74 Loss: 0.007209
2026-04-24 12:04: Train Epoch 1295: 40/74 Loss: 0.004442
2026-04-24 12:04: Train Epoch 1295: 60/74 Loss: 0.016592
2026-04-24 12:04: **********Train Epoch 1295: averaged Loss: 0.007255
2026-04-24 12:04: **********Val Epoch 1295: average Loss: 0.019665
2026-04-24 12:04: Train Epoch 1296: 0/74 Loss: 0.011498
2026-04-24 12:04: Train Epoch 1296: 20/74 Loss: 0.002810
2026-04-24 12:04: Train Epoch 1296: 40/74 Loss: 0.007179
2026-04-24 12:04: Train Epoch 1296: 60/74 Loss: 0.009505
2026-04-24 12:04: **********Train Epoch 1296: averaged Loss: 0.007925
2026-04-24 12:04: **********Val Epoch 1296: average Loss: 0.013172
2026-04-24 12:04: Train Epoch 1297: 0/74 Loss: 0.010040
2026-04-24 12:04: Train Epoch 1297: 20/74 Loss: 0.004159
2026-04-24 12:04: Train Epoch 1297: 40/74 Loss: 0.004283
2026-04-24 12:04: Train Epoch 1297: 60/74 Loss: 0.008303
2026-04-24 12:04: **********Train Epoch 1297: averaged Loss: 0.007639
2026-04-24 12:04: **********Val Epoch 1297: average Loss: 0.014416
2026-04-24 12:04: Train Epoch 1298: 0/74 Loss: 0.003041
2026-04-24 12:04: Train Epoch 1298: 20/74 Loss: 0.003043
2026-04-24 12:04: Train Epoch 1298: 40/74 Loss: 0.003695
2026-04-24 12:04: Train Epoch 1298: 60/74 Loss: 0.013596
2026-04-24 12:04: **********Train Epoch 1298: averaged Loss: 0.008281
2026-04-24 12:04: **********Val Epoch 1298: average Loss: 0.015360
2026-04-24 12:04: Train Epoch 1299: 0/74 Loss: 0.026382
2026-04-24 12:04: Train Epoch 1299: 20/74 Loss: 0.010012
2026-04-24 12:04: Train Epoch 1299: 40/74 Loss: 0.003596
2026-04-24 12:04: Train Epoch 1299: 60/74 Loss: 0.005842
2026-04-24 12:04: **********Train Epoch 1299: averaged Loss: 0.009557
2026-04-24 12:04: **********Val Epoch 1299: average Loss: 0.010766
2026-04-24 12:04: Train Epoch 1300: 0/74 Loss: 0.005038
2026-04-24 12:04: Train Epoch 1300: 20/74 Loss: 0.003677
2026-04-24 12:04: Train Epoch 1300: 40/74 Loss: 0.003627
2026-04-24 12:04: Train Epoch 1300: 60/74 Loss: 0.008486
2026-04-24 12:04: **********Train Epoch 1300: averaged Loss: 0.007127
2026-04-24 12:04: **********Val Epoch 1300: average Loss: 0.011894
2026-04-24 12:04: Train Epoch 1301: 0/74 Loss: 0.017839
2026-04-24 12:04: Train Epoch 1301: 20/74 Loss: 0.013583
2026-04-24 12:04: Train Epoch 1301: 40/74 Loss: 0.004433
2026-04-24 12:04: Train Epoch 1301: 60/74 Loss: 0.005820
2026-04-24 12:04: **********Train Epoch 1301: averaged Loss: 0.009536
2026-04-24 12:04: **********Val Epoch 1301: average Loss: 0.009566
2026-04-24 12:04: Train Epoch 1302: 0/74 Loss: 0.009237
2026-04-24 12:04: Train Epoch 1302: 20/74 Loss: 0.002714
2026-04-24 12:04: Train Epoch 1302: 40/74 Loss: 0.004072
2026-04-24 12:04: Train Epoch 1302: 60/74 Loss: 0.007479
2026-04-24 12:04: **********Train Epoch 1302: averaged Loss: 0.006825
2026-04-24 12:04: **********Val Epoch 1302: average Loss: 0.009597
2026-04-24 12:04: Train Epoch 1303: 0/74 Loss: 0.010919
2026-04-24 12:04: Train Epoch 1303: 20/74 Loss: 0.003117
2026-04-24 12:04: Train Epoch 1303: 40/74 Loss: 0.004202
2026-04-24 12:04: Train Epoch 1303: 60/74 Loss: 0.007471
2026-04-24 12:04: **********Train Epoch 1303: averaged Loss: 0.006722
2026-04-24 12:04: **********Val Epoch 1303: average Loss: 0.008483
2026-04-24 12:04: Train Epoch 1304: 0/74 Loss: 0.012312
2026-04-24 12:04: Train Epoch 1304: 20/74 Loss: 0.010175
2026-04-24 12:05: Train Epoch 1304: 40/74 Loss: 0.006182
2026-04-24 12:05: Train Epoch 1304: 60/74 Loss: 0.007847
2026-04-24 12:05: **********Train Epoch 1304: averaged Loss: 0.008900
2026-04-24 12:05: **********Val Epoch 1304: average Loss: 0.013110
2026-04-24 12:05: Train Epoch 1305: 0/74 Loss: 0.025550
2026-04-24 12:05: Train Epoch 1305: 20/74 Loss: 0.012186
2026-04-24 12:05: Train Epoch 1305: 40/74 Loss: 0.005159
2026-04-24 12:05: Train Epoch 1305: 60/74 Loss: 0.018348
2026-04-24 12:05: **********Train Epoch 1305: averaged Loss: 0.012755
2026-04-24 12:05: **********Val Epoch 1305: average Loss: 0.015267
2026-04-24 12:05: Train Epoch 1306: 0/74 Loss: 0.013555
2026-04-24 12:05: Train Epoch 1306: 20/74 Loss: 0.002478
2026-04-24 12:05: Train Epoch 1306: 40/74 Loss: 0.009151
2026-04-24 12:05: Train Epoch 1306: 60/74 Loss: 0.023824
2026-04-24 12:05: **********Train Epoch 1306: averaged Loss: 0.011003
2026-04-24 12:05: **********Val Epoch 1306: average Loss: 0.023004
2026-04-24 12:05: Train Epoch 1307: 0/74 Loss: 0.020926
2026-04-24 12:05: Train Epoch 1307: 20/74 Loss: 0.009776
2026-04-24 12:05: Train Epoch 1307: 40/74 Loss: 0.010515
2026-04-24 12:05: Train Epoch 1307: 60/74 Loss: 0.008389
2026-04-24 12:05: **********Train Epoch 1307: averaged Loss: 0.012050
2026-04-24 12:05: **********Val Epoch 1307: average Loss: 0.021815
2026-04-24 12:05: Train Epoch 1308: 0/74 Loss: 0.008536
2026-04-24 12:05: Train Epoch 1308: 20/74 Loss: 0.003599
2026-04-24 12:05: Train Epoch 1308: 40/74 Loss: 0.007233
2026-04-24 12:05: Train Epoch 1308: 60/74 Loss: 0.007170
2026-04-24 12:05: **********Train Epoch 1308: averaged Loss: 0.007431
2026-04-24 12:05: **********Val Epoch 1308: average Loss: 0.018355
2026-04-24 12:05: Train Epoch 1309: 0/74 Loss: 0.022681
2026-04-24 12:05: Train Epoch 1309: 20/74 Loss: 0.008200
2026-04-24 12:05: Train Epoch 1309: 40/74 Loss: 0.004043
2026-04-24 12:05: Train Epoch 1309: 60/74 Loss: 0.006584
2026-04-24 12:05: **********Train Epoch 1309: averaged Loss: 0.008692
2026-04-24 12:05: **********Val Epoch 1309: average Loss: 0.008300
2026-04-24 12:05: Train Epoch 1310: 0/74 Loss: 0.020606
2026-04-24 12:05: Train Epoch 1310: 20/74 Loss: 0.009201
2026-04-24 12:05: Train Epoch 1310: 40/74 Loss: 0.006840
2026-04-24 12:05: Train Epoch 1310: 60/74 Loss: 0.005850
2026-04-24 12:05: **********Train Epoch 1310: averaged Loss: 0.009330
2026-04-24 12:05: **********Val Epoch 1310: average Loss: 0.005450
2026-04-24 12:05: Train Epoch 1311: 0/74 Loss: 0.033510
2026-04-24 12:05: Train Epoch 1311: 20/74 Loss: 0.006712
2026-04-24 12:05: Train Epoch 1311: 40/74 Loss: 0.005410
2026-04-24 12:05: Train Epoch 1311: 60/74 Loss: 0.006563
2026-04-24 12:05: **********Train Epoch 1311: averaged Loss: 0.008678
2026-04-24 12:05: **********Val Epoch 1311: average Loss: 0.007744
2026-04-24 12:05: Train Epoch 1312: 0/74 Loss: 0.027077
2026-04-24 12:05: Train Epoch 1312: 20/74 Loss: 0.004742
2026-04-24 12:05: Train Epoch 1312: 40/74 Loss: 0.003549
2026-04-24 12:05: Train Epoch 1312: 60/74 Loss: 0.016914
2026-04-24 12:06: **********Train Epoch 1312: averaged Loss: 0.009031
2026-04-24 12:06: **********Val Epoch 1312: average Loss: 0.007966
2026-04-24 12:06: Train Epoch 1313: 0/74 Loss: 0.013695
2026-04-24 12:06: Train Epoch 1313: 20/74 Loss: 0.002676
2026-04-24 12:06: Train Epoch 1313: 40/74 Loss: 0.003868
2026-04-24 12:06: Train Epoch 1313: 60/74 Loss: 0.016152
2026-04-24 12:06: **********Train Epoch 1313: averaged Loss: 0.006566
2026-04-24 12:06: **********Val Epoch 1313: average Loss: 0.009431
2026-04-24 12:06: Train Epoch 1314: 0/74 Loss: 0.032093
2026-04-24 12:06: Train Epoch 1314: 20/74 Loss: 0.002789
2026-04-24 12:06: Train Epoch 1314: 40/74 Loss: 0.003444
2026-04-24 12:06: Train Epoch 1314: 60/74 Loss: 0.013903
2026-04-24 12:06: **********Train Epoch 1314: averaged Loss: 0.007513
2026-04-24 12:06: **********Val Epoch 1314: average Loss: 0.010552
2026-04-24 12:06: Train Epoch 1315: 0/74 Loss: 0.019025
2026-04-24 12:06: Train Epoch 1315: 20/74 Loss: 0.005202
2026-04-24 12:06: Train Epoch 1315: 40/74 Loss: 0.003520
2026-04-24 12:06: Train Epoch 1315: 60/74 Loss: 0.007925
2026-04-24 12:06: **********Train Epoch 1315: averaged Loss: 0.005489
2026-04-24 12:06: **********Val Epoch 1315: average Loss: 0.009373
2026-04-24 12:06: Train Epoch 1316: 0/74 Loss: 0.022266
2026-04-24 12:06: Train Epoch 1316: 20/74 Loss: 0.004136
2026-04-24 12:06: Train Epoch 1316: 40/74 Loss: 0.003743
2026-04-24 12:06: Train Epoch 1316: 60/74 Loss: 0.007192
2026-04-24 12:06: **********Train Epoch 1316: averaged Loss: 0.005311
2026-04-24 12:06: **********Val Epoch 1316: average Loss: 0.010742
2026-04-24 12:06: Train Epoch 1317: 0/74 Loss: 0.003631
2026-04-24 12:06: Train Epoch 1317: 20/74 Loss: 0.003133
2026-04-24 12:06: Train Epoch 1317: 40/74 Loss: 0.005369
2026-04-24 12:06: Train Epoch 1317: 60/74 Loss: 0.005728
2026-04-24 12:06: **********Train Epoch 1317: averaged Loss: 0.005604
2026-04-24 12:06: **********Val Epoch 1317: average Loss: 0.009097
2026-04-24 12:06: Train Epoch 1318: 0/74 Loss: 0.002429
2026-04-24 12:06: Train Epoch 1318: 20/74 Loss: 0.002571
2026-04-24 12:06: Train Epoch 1318: 40/74 Loss: 0.004759
2026-04-24 12:06: Train Epoch 1318: 60/74 Loss: 0.006762
2026-04-24 12:06: **********Train Epoch 1318: averaged Loss: 0.005578
2026-04-24 12:06: **********Val Epoch 1318: average Loss: 0.015403
2026-04-24 12:06: Train Epoch 1319: 0/74 Loss: 0.002993
2026-04-24 12:06: Train Epoch 1319: 20/74 Loss: 0.003194
2026-04-24 12:06: Train Epoch 1319: 40/74 Loss: 0.004134
2026-04-24 12:06: Train Epoch 1319: 60/74 Loss: 0.012682
2026-04-24 12:06: **********Train Epoch 1319: averaged Loss: 0.005711
2026-04-24 12:06: **********Val Epoch 1319: average Loss: 0.011848
2026-04-24 12:06: Train Epoch 1320: 0/74 Loss: 0.007181
2026-04-24 12:06: Train Epoch 1320: 20/74 Loss: 0.002426
2026-04-24 12:06: Train Epoch 1320: 40/74 Loss: 0.003982
2026-04-24 12:06: Train Epoch 1320: 60/74 Loss: 0.007952
2026-04-24 12:06: **********Train Epoch 1320: averaged Loss: 0.005302
2026-04-24 12:06: **********Val Epoch 1320: average Loss: 0.007728
2026-04-24 12:06: Train Epoch 1321: 0/74 Loss: 0.006726
2026-04-24 12:06: Train Epoch 1321: 20/74 Loss: 0.003131
2026-04-24 12:07: Train Epoch 1321: 40/74 Loss: 0.004031
2026-04-24 12:07: Train Epoch 1321: 60/74 Loss: 0.008054
2026-04-24 12:07: **********Train Epoch 1321: averaged Loss: 0.006549
2026-04-24 12:07: **********Val Epoch 1321: average Loss: 0.010095
2026-04-24 12:07: Train Epoch 1322: 0/74 Loss: 0.015888
2026-04-24 12:07: Train Epoch 1322: 20/74 Loss: 0.008559
2026-04-24 12:07: Train Epoch 1322: 40/74 Loss: 0.004254
2026-04-24 12:07: Train Epoch 1322: 60/74 Loss: 0.014844
2026-04-24 12:07: **********Train Epoch 1322: averaged Loss: 0.007815
2026-04-24 12:07: **********Val Epoch 1322: average Loss: 0.009964
2026-04-24 12:07: Train Epoch 1323: 0/74 Loss: 0.002723
2026-04-24 12:07: Train Epoch 1323: 20/74 Loss: 0.002373
2026-04-24 12:07: Train Epoch 1323: 40/74 Loss: 0.003940
2026-04-24 12:07: Train Epoch 1323: 60/74 Loss: 0.009485
2026-04-24 12:07: **********Train Epoch 1323: averaged Loss: 0.005558
2026-04-24 12:07: **********Val Epoch 1323: average Loss: 0.013253
2026-04-24 12:07: Train Epoch 1324: 0/74 Loss: 0.003859
2026-04-24 12:07: Train Epoch 1324: 20/74 Loss: 0.002669
2026-04-24 12:07: Train Epoch 1324: 40/74 Loss: 0.004528
2026-04-24 12:07: Train Epoch 1324: 60/74 Loss: 0.014679
2026-04-24 12:07: **********Train Epoch 1324: averaged Loss: 0.006069
2026-04-24 12:07: **********Val Epoch 1324: average Loss: 0.015395
2026-04-24 12:07: Train Epoch 1325: 0/74 Loss: 0.006548
2026-04-24 12:07: Train Epoch 1325: 20/74 Loss: 0.002626
2026-04-24 12:07: Train Epoch 1325: 40/74 Loss: 0.003659
2026-04-24 12:07: Train Epoch 1325: 60/74 Loss: 0.010229
2026-04-24 12:07: **********Train Epoch 1325: averaged Loss: 0.004888
2026-04-24 12:07: **********Val Epoch 1325: average Loss: 0.016325
2026-04-24 12:07: Train Epoch 1326: 0/74 Loss: 0.020493
2026-04-24 12:07: Train Epoch 1326: 20/74 Loss: 0.002652
2026-04-24 12:07: Train Epoch 1326: 40/74 Loss: 0.004516
2026-04-24 12:07: Train Epoch 1326: 60/74 Loss: 0.009331
2026-04-24 12:07: **********Train Epoch 1326: averaged Loss: 0.006082
2026-04-24 12:07: **********Val Epoch 1326: average Loss: 0.030939
2026-04-24 12:07: Train Epoch 1327: 0/74 Loss: 0.002332
2026-04-24 12:07: Train Epoch 1327: 20/74 Loss: 0.002517
2026-04-24 12:07: Train Epoch 1327: 40/74 Loss: 0.004156
2026-04-24 12:07: Train Epoch 1327: 60/74 Loss: 0.009824
2026-04-24 12:07: **********Train Epoch 1327: averaged Loss: 0.006395
2026-04-24 12:07: **********Val Epoch 1327: average Loss: 0.018517
2026-04-24 12:07: Train Epoch 1328: 0/74 Loss: 0.005127
2026-04-24 12:07: Train Epoch 1328: 20/74 Loss: 0.003768
2026-04-24 12:07: Train Epoch 1328: 40/74 Loss: 0.003781
2026-04-24 12:07: Train Epoch 1328: 60/74 Loss: 0.006393
2026-04-24 12:07: **********Train Epoch 1328: averaged Loss: 0.006242
2026-04-24 12:07: **********Val Epoch 1328: average Loss: 0.010801
2026-04-24 12:07: Train Epoch 1329: 0/74 Loss: 0.022611
2026-04-24 12:07: Train Epoch 1329: 20/74 Loss: 0.008926
2026-04-24 12:07: Train Epoch 1329: 40/74 Loss: 0.005316
2026-04-24 12:07: Train Epoch 1329: 60/74 Loss: 0.005095
2026-04-24 12:08: **********Train Epoch 1329: averaged Loss: 0.006980
2026-04-24 12:08: **********Val Epoch 1329: average Loss: 0.004709
2026-04-24 12:08: Train Epoch 1330: 0/74 Loss: 0.011711
2026-04-24 12:08: Train Epoch 1330: 20/74 Loss: 0.002750
2026-04-24 12:08: Train Epoch 1330: 40/74 Loss: 0.003062
2026-04-24 12:08: Train Epoch 1330: 60/74 Loss: 0.006696
2026-04-24 12:08: **********Train Epoch 1330: averaged Loss: 0.005241
2026-04-24 12:08: **********Val Epoch 1330: average Loss: 0.004681
2026-04-24 12:08: Train Epoch 1331: 0/74 Loss: 0.007676
2026-04-24 12:08: Train Epoch 1331: 20/74 Loss: 0.003389
2026-04-24 12:08: Train Epoch 1331: 40/74 Loss: 0.003554
2026-04-24 12:08: Train Epoch 1331: 60/74 Loss: 0.005161
2026-04-24 12:08: **********Train Epoch 1331: averaged Loss: 0.005377
2026-04-24 12:08: **********Val Epoch 1331: average Loss: 0.004675
2026-04-24 12:08: Train Epoch 1332: 0/74 Loss: 0.024140
2026-04-24 12:08: Train Epoch 1332: 20/74 Loss: 0.008797
2026-04-24 12:08: Train Epoch 1332: 40/74 Loss: 0.004406
2026-04-24 12:08: Train Epoch 1332: 60/74 Loss: 0.006381
2026-04-24 12:08: **********Train Epoch 1332: averaged Loss: 0.006953
2026-04-24 12:08: **********Val Epoch 1332: average Loss: 0.008021
2026-04-24 12:08: Train Epoch 1333: 0/74 Loss: 0.010048
2026-04-24 12:08: Train Epoch 1333: 20/74 Loss: 0.002314
2026-04-24 12:08: Train Epoch 1333: 40/74 Loss: 0.005447
2026-04-24 12:08: Train Epoch 1333: 60/74 Loss: 0.010016
2026-04-24 12:08: **********Train Epoch 1333: averaged Loss: 0.006044
2026-04-24 12:08: **********Val Epoch 1333: average Loss: 0.006278
2026-04-24 12:08: Train Epoch 1334: 0/74 Loss: 0.011887
2026-04-24 12:08: Train Epoch 1334: 20/74 Loss: 0.003035
2026-04-24 12:08: Train Epoch 1334: 40/74 Loss: 0.004917
2026-04-24 12:08: Train Epoch 1334: 60/74 Loss: 0.012263
2026-04-24 12:08: **********Train Epoch 1334: averaged Loss: 0.007807
2026-04-24 12:08: **********Val Epoch 1334: average Loss: 0.009371
2026-04-24 12:08: Train Epoch 1335: 0/74 Loss: 0.034488
2026-04-24 12:08: Train Epoch 1335: 20/74 Loss: 0.004172
2026-04-24 12:08: Train Epoch 1335: 40/74 Loss: 0.004026
2026-04-24 12:08: Train Epoch 1335: 60/74 Loss: 0.008789
2026-04-24 12:08: **********Train Epoch 1335: averaged Loss: 0.006965
2026-04-24 12:08: **********Val Epoch 1335: average Loss: 0.007885
2026-04-24 12:08: Train Epoch 1336: 0/74 Loss: 0.029332
2026-04-24 12:08: Train Epoch 1336: 20/74 Loss: 0.002883
2026-04-24 12:08: Train Epoch 1336: 40/74 Loss: 0.005020
2026-04-24 12:08: Train Epoch 1336: 60/74 Loss: 0.006944
2026-04-24 12:08: **********Train Epoch 1336: averaged Loss: 0.005835
2026-04-24 12:08: **********Val Epoch 1336: average Loss: 0.007070
2026-04-24 12:08: Train Epoch 1337: 0/74 Loss: 0.016984
2026-04-24 12:08: Train Epoch 1337: 20/74 Loss: 0.002269
2026-04-24 12:08: Train Epoch 1337: 40/74 Loss: 0.003665
2026-04-24 12:08: Train Epoch 1337: 60/74 Loss: 0.009767
2026-04-24 12:08: **********Train Epoch 1337: averaged Loss: 0.005608
2026-04-24 12:08: **********Val Epoch 1337: average Loss: 0.009276
2026-04-24 12:08: Train Epoch 1338: 0/74 Loss: 0.002289
2026-04-24 12:08: Train Epoch 1338: 20/74 Loss: 0.002955
2026-04-24 12:08: Train Epoch 1338: 40/74 Loss: 0.004687
2026-04-24 12:09: Train Epoch 1338: 60/74 Loss: 0.007848
2026-04-24 12:09: **********Train Epoch 1338: averaged Loss: 0.005616
2026-04-24 12:09: **********Val Epoch 1338: average Loss: 0.011802
2026-04-24 12:09: Train Epoch 1339: 0/74 Loss: 0.015199
2026-04-24 12:09: Train Epoch 1339: 20/74 Loss: 0.002332
2026-04-24 12:09: Train Epoch 1339: 40/74 Loss: 0.004400
2026-04-24 12:09: Train Epoch 1339: 60/74 Loss: 0.008432
2026-04-24 12:09: **********Train Epoch 1339: averaged Loss: 0.004841
2026-04-24 12:09: **********Val Epoch 1339: average Loss: 0.011615
2026-04-24 12:09: Train Epoch 1340: 0/74 Loss: 0.018386
2026-04-24 12:09: Train Epoch 1340: 20/74 Loss: 0.002341
2026-04-24 12:09: Train Epoch 1340: 40/74 Loss: 0.003122
2026-04-24 12:09: Train Epoch 1340: 60/74 Loss: 0.006026
2026-04-24 12:09: **********Train Epoch 1340: averaged Loss: 0.004477
2026-04-24 12:09: **********Val Epoch 1340: average Loss: 0.012803
2026-04-24 12:09: Train Epoch 1341: 0/74 Loss: 0.003185
2026-04-24 12:09: Train Epoch 1341: 20/74 Loss: 0.002596
2026-04-24 12:09: Train Epoch 1341: 40/74 Loss: 0.004052
2026-04-24 12:09: Train Epoch 1341: 60/74 Loss: 0.005494
2026-04-24 12:09: **********Train Epoch 1341: averaged Loss: 0.004952
2026-04-24 12:09: **********Val Epoch 1341: average Loss: 0.012508
2026-04-24 12:09: Train Epoch 1342: 0/74 Loss: 0.003838
2026-04-24 12:09: Train Epoch 1342: 20/74 Loss: 0.002605
2026-04-24 12:09: Train Epoch 1342: 40/74 Loss: 0.003683
2026-04-24 12:09: Train Epoch 1342: 60/74 Loss: 0.005639
2026-04-24 12:09: **********Train Epoch 1342: averaged Loss: 0.005570
2026-04-24 12:09: **********Val Epoch 1342: average Loss: 0.013905
2026-04-24 12:09: Train Epoch 1343: 0/74 Loss: 0.011621
2026-04-24 12:09: Train Epoch 1343: 20/74 Loss: 0.002463
2026-04-24 12:09: Train Epoch 1343: 40/74 Loss: 0.005313
2026-04-24 12:09: Train Epoch 1343: 60/74 Loss: 0.011183
2026-04-24 12:09: **********Train Epoch 1343: averaged Loss: 0.006463
2026-04-24 12:09: **********Val Epoch 1343: average Loss: 0.014808
2026-04-24 12:09: Train Epoch 1344: 0/74 Loss: 0.024497
2026-04-24 12:09: Train Epoch 1344: 20/74 Loss: 0.011503
2026-04-24 12:09: Train Epoch 1344: 40/74 Loss: 0.004152
2026-04-24 12:09: Train Epoch 1344: 60/74 Loss: 0.010224
2026-04-24 12:09: **********Train Epoch 1344: averaged Loss: 0.009692
2026-04-24 12:09: **********Val Epoch 1344: average Loss: 0.013348
2026-04-24 12:09: Train Epoch 1345: 0/74 Loss: 0.009665
2026-04-24 12:09: Train Epoch 1345: 20/74 Loss: 0.003005
2026-04-24 12:09: Train Epoch 1345: 40/74 Loss: 0.004827
2026-04-24 12:09: Train Epoch 1345: 60/74 Loss: 0.011407
2026-04-24 12:09: **********Train Epoch 1345: averaged Loss: 0.008279
2026-04-24 12:09: **********Val Epoch 1345: average Loss: 0.011524
2026-04-24 12:09: Train Epoch 1346: 0/74 Loss: 0.033476
2026-04-24 12:09: Train Epoch 1346: 20/74 Loss: 0.006986
2026-04-24 12:09: Train Epoch 1346: 40/74 Loss: 0.005383
2026-04-24 12:09: Train Epoch 1346: 60/74 Loss: 0.006481
2026-04-24 12:09: **********Train Epoch 1346: averaged Loss: 0.008588
2026-04-24 12:09: **********Val Epoch 1346: average Loss: 0.008601
2026-04-24 12:09: Train Epoch 1347: 0/74 Loss: 0.033357
2026-04-24 12:09: Train Epoch 1347: 20/74 Loss: 0.004883
2026-04-24 12:10: Train Epoch 1347: 40/74 Loss: 0.005454
2026-04-24 12:10: Train Epoch 1347: 60/74 Loss: 0.007208
2026-04-24 12:10: **********Train Epoch 1347: averaged Loss: 0.007641
2026-04-24 12:10: **********Val Epoch 1347: average Loss: 0.012072
2026-04-24 12:10: Train Epoch 1348: 0/74 Loss: 0.016929
2026-04-24 12:10: Train Epoch 1348: 20/74 Loss: 0.002454
2026-04-24 12:10: Train Epoch 1348: 40/74 Loss: 0.004525
2026-04-24 12:10: Train Epoch 1348: 60/74 Loss: 0.014090
2026-04-24 12:10: **********Train Epoch 1348: averaged Loss: 0.008226
2026-04-24 12:10: **********Val Epoch 1348: average Loss: 0.007764
2026-04-24 12:10: Train Epoch 1349: 0/74 Loss: 0.003322
2026-04-24 12:10: Train Epoch 1349: 20/74 Loss: 0.003469
2026-04-24 12:10: Train Epoch 1349: 40/74 Loss: 0.003863
2026-04-24 12:10: Train Epoch 1349: 60/74 Loss: 0.022512
2026-04-24 12:10: **********Train Epoch 1349: averaged Loss: 0.008265
2026-04-24 12:10: **********Val Epoch 1349: average Loss: 0.009422
2026-04-24 12:10: Train Epoch 1350: 0/74 Loss: 0.036784
2026-04-24 12:10: Train Epoch 1350: 20/74 Loss: 0.008498
2026-04-24 12:10: Train Epoch 1350: 40/74 Loss: 0.005416
2026-04-24 12:10: Train Epoch 1350: 60/74 Loss: 0.016583
2026-04-24 12:10: **********Train Epoch 1350: averaged Loss: 0.009151
2026-04-24 12:10: **********Val Epoch 1350: average Loss: 0.007529
2026-04-24 12:10: Train Epoch 1351: 0/74 Loss: 0.020745
2026-04-24 12:10: Train Epoch 1351: 20/74 Loss: 0.002697
2026-04-24 12:10: Train Epoch 1351: 40/74 Loss: 0.007749
2026-04-24 12:10: Train Epoch 1351: 60/74 Loss: 0.010105
2026-04-24 12:10: **********Train Epoch 1351: averaged Loss: 0.007749
2026-04-24 12:10: **********Val Epoch 1351: average Loss: 0.008544
2026-04-24 12:10: Train Epoch 1352: 0/74 Loss: 0.024232
2026-04-24 12:10: Train Epoch 1352: 20/74 Loss: 0.003089
2026-04-24 12:10: Train Epoch 1352: 40/74 Loss: 0.009358
2026-04-24 12:10: Train Epoch 1352: 60/74 Loss: 0.019521
2026-04-24 12:10: **********Train Epoch 1352: averaged Loss: 0.009090
2026-04-24 12:10: **********Val Epoch 1352: average Loss: 0.009938
2026-04-24 12:10: Train Epoch 1353: 0/74 Loss: 0.021342
2026-04-24 12:10: Train Epoch 1353: 20/74 Loss: 0.004513
2026-04-24 12:10: Train Epoch 1353: 40/74 Loss: 0.010883
2026-04-24 12:10: Train Epoch 1353: 60/74 Loss: 0.022062
2026-04-24 12:10: **********Train Epoch 1353: averaged Loss: 0.008605
2026-04-24 12:10: **********Val Epoch 1353: average Loss: 0.012958
2026-04-24 12:10: Train Epoch 1354: 0/74 Loss: 0.004348
2026-04-24 12:10: Train Epoch 1354: 20/74 Loss: 0.004377
2026-04-24 12:10: Train Epoch 1354: 40/74 Loss: 0.009459
2026-04-24 12:10: Train Epoch 1354: 60/74 Loss: 0.014647
2026-04-24 12:10: **********Train Epoch 1354: averaged Loss: 0.006249
2026-04-24 12:10: **********Val Epoch 1354: average Loss: 0.013045
2026-04-24 12:10: Train Epoch 1355: 0/74 Loss: 0.002708
2026-04-24 12:10: Train Epoch 1355: 20/74 Loss: 0.004124
2026-04-24 12:10: Train Epoch 1355: 40/74 Loss: 0.009735
2026-04-24 12:10: Train Epoch 1355: 60/74 Loss: 0.011613
2026-04-24 12:10: **********Train Epoch 1355: averaged Loss: 0.005703
2026-04-24 12:10: **********Val Epoch 1355: average Loss: 0.008600
2026-04-24 12:10: Train Epoch 1356: 0/74 Loss: 0.018723
2026-04-24 12:10: Train Epoch 1356: 20/74 Loss: 0.004878
2026-04-24 12:11: Train Epoch 1356: 40/74 Loss: 0.009414
2026-04-24 12:11: Train Epoch 1356: 60/74 Loss: 0.006643
2026-04-24 12:11: **********Train Epoch 1356: averaged Loss: 0.007102
2026-04-24 12:11: **********Val Epoch 1356: average Loss: 0.016220
2026-04-24 12:11: Train Epoch 1357: 0/74 Loss: 0.032005
2026-04-24 12:11: Train Epoch 1357: 20/74 Loss: 0.002521
2026-04-24 12:11: Train Epoch 1357: 40/74 Loss: 0.007451
2026-04-24 12:11: Train Epoch 1357: 60/74 Loss: 0.006756
2026-04-24 12:11: **********Train Epoch 1357: averaged Loss: 0.007870
2026-04-24 12:11: **********Val Epoch 1357: average Loss: 0.018596
2026-04-24 12:11: Train Epoch 1358: 0/74 Loss: 0.014780
2026-04-24 12:11: Train Epoch 1358: 20/74 Loss: 0.002724
2026-04-24 12:11: Train Epoch 1358: 40/74 Loss: 0.016505
2026-04-24 12:11: Train Epoch 1358: 60/74 Loss: 0.013474
2026-04-24 12:11: **********Train Epoch 1358: averaged Loss: 0.010093
2026-04-24 12:11: **********Val Epoch 1358: average Loss: 0.014687
2026-04-24 12:11: Train Epoch 1359: 0/74 Loss: 0.033479
2026-04-24 12:11: Train Epoch 1359: 20/74 Loss: 0.006944
2026-04-24 12:11: Train Epoch 1359: 40/74 Loss: 0.004602
2026-04-24 12:11: Train Epoch 1359: 60/74 Loss: 0.016742
2026-04-24 12:11: **********Train Epoch 1359: averaged Loss: 0.009034
2026-04-24 12:11: **********Val Epoch 1359: average Loss: 0.008783
2026-04-24 12:11: Train Epoch 1360: 0/74 Loss: 0.014890
2026-04-24 12:11: Train Epoch 1360: 20/74 Loss: 0.002727
2026-04-24 12:11: Train Epoch 1360: 40/74 Loss: 0.004070
2026-04-24 12:11: Train Epoch 1360: 60/74 Loss: 0.016505
2026-04-24 12:11: **********Train Epoch 1360: averaged Loss: 0.006196
2026-04-24 12:11: **********Val Epoch 1360: average Loss: 0.016460
2026-04-24 12:11: Train Epoch 1361: 0/74 Loss: 0.033826
2026-04-24 12:11: Train Epoch 1361: 20/74 Loss: 0.003232
2026-04-24 12:11: Train Epoch 1361: 40/74 Loss: 0.003555
2026-04-24 12:11: Train Epoch 1361: 60/74 Loss: 0.010760
2026-04-24 12:11: **********Train Epoch 1361: averaged Loss: 0.009441
2026-04-24 12:11: **********Val Epoch 1361: average Loss: 0.010842
2026-04-24 12:11: Train Epoch 1362: 0/74 Loss: 0.002816
2026-04-24 12:11: Train Epoch 1362: 20/74 Loss: 0.002494
2026-04-24 12:11: Train Epoch 1362: 40/74 Loss: 0.005023
2026-04-24 12:11: Train Epoch 1362: 60/74 Loss: 0.023176
2026-04-24 12:11: **********Train Epoch 1362: averaged Loss: 0.007734
2026-04-24 12:11: **********Val Epoch 1362: average Loss: 0.011485
2026-04-24 12:11: Train Epoch 1363: 0/74 Loss: 0.011590
2026-04-24 12:11: Train Epoch 1363: 20/74 Loss: 0.005779
2026-04-24 12:11: Train Epoch 1363: 40/74 Loss: 0.004091
2026-04-24 12:11: Train Epoch 1363: 60/74 Loss: 0.014946
2026-04-24 12:11: **********Train Epoch 1363: averaged Loss: 0.006607
2026-04-24 12:11: **********Val Epoch 1363: average Loss: 0.007746
2026-04-24 12:11: Train Epoch 1364: 0/74 Loss: 0.008601
2026-04-24 12:11: Train Epoch 1364: 20/74 Loss: 0.002296
2026-04-24 12:11: Train Epoch 1364: 40/74 Loss: 0.005996
2026-04-24 12:11: Train Epoch 1364: 60/74 Loss: 0.015781
2026-04-24 12:11: **********Train Epoch 1364: averaged Loss: 0.006380
2026-04-24 12:11: **********Val Epoch 1364: average Loss: 0.010679
2026-04-24 12:11: Train Epoch 1365: 0/74 Loss: 0.027083
2026-04-24 12:12: Train Epoch 1365: 20/74 Loss: 0.003209
2026-04-24 12:12: Train Epoch 1365: 40/74 Loss: 0.006321
2026-04-24 12:12: Train Epoch 1365: 60/74 Loss: 0.010669
2026-04-24 12:12: **********Train Epoch 1365: averaged Loss: 0.006898
2026-04-24 12:12: **********Val Epoch 1365: average Loss: 0.018233
2026-04-24 12:12: Train Epoch 1366: 0/74 Loss: 0.006556
2026-04-24 12:12: Train Epoch 1366: 20/74 Loss: 0.002935
2026-04-24 12:12: Train Epoch 1366: 40/74 Loss: 0.005865
2026-04-24 12:12: Train Epoch 1366: 60/74 Loss: 0.006528
2026-04-24 12:12: **********Train Epoch 1366: averaged Loss: 0.005626
2026-04-24 12:12: **********Val Epoch 1366: average Loss: 0.017079
2026-04-24 12:12: Train Epoch 1367: 0/74 Loss: 0.006863
2026-04-24 12:12: Train Epoch 1367: 20/74 Loss: 0.002483
2026-04-24 12:12: Train Epoch 1367: 40/74 Loss: 0.005534
2026-04-24 12:12: Train Epoch 1367: 60/74 Loss: 0.007570
2026-04-24 12:12: **********Train Epoch 1367: averaged Loss: 0.006693
2026-04-24 12:12: **********Val Epoch 1367: average Loss: 0.014607
2026-04-24 12:12: Train Epoch 1368: 0/74 Loss: 0.012464
2026-04-24 12:12: Train Epoch 1368: 20/74 Loss: 0.009658
2026-04-24 12:12: Train Epoch 1368: 40/74 Loss: 0.005105
2026-04-24 12:12: Train Epoch 1368: 60/74 Loss: 0.014122
2026-04-24 12:12: **********Train Epoch 1368: averaged Loss: 0.010997
2026-04-24 12:12: **********Val Epoch 1368: average Loss: 0.006330
2026-04-24 12:12: Train Epoch 1369: 0/74 Loss: 0.041362
2026-04-24 12:12: Train Epoch 1369: 20/74 Loss: 0.011520
2026-04-24 12:12: Train Epoch 1369: 40/74 Loss: 0.004526
2026-04-24 12:12: Train Epoch 1369: 60/74 Loss: 0.016205
2026-04-24 12:12: **********Train Epoch 1369: averaged Loss: 0.013655
2026-04-24 12:12: **********Val Epoch 1369: average Loss: 0.007200
2026-04-24 12:12: Train Epoch 1370: 0/74 Loss: 0.048296
2026-04-24 12:12: Train Epoch 1370: 20/74 Loss: 0.006519
2026-04-24 12:12: Train Epoch 1370: 40/74 Loss: 0.006499
2026-04-24 12:12: Train Epoch 1370: 60/74 Loss: 0.009029
2026-04-24 12:12: **********Train Epoch 1370: averaged Loss: 0.013361
2026-04-24 12:12: **********Val Epoch 1370: average Loss: 0.014817
2026-04-24 12:12: Train Epoch 1371: 0/74 Loss: 0.044220
2026-04-24 12:12: Train Epoch 1371: 20/74 Loss: 0.004909
2026-04-24 12:12: Train Epoch 1371: 40/74 Loss: 0.004762
2026-04-24 12:12: Train Epoch 1371: 60/74 Loss: 0.011720
2026-04-24 12:12: **********Train Epoch 1371: averaged Loss: 0.011816
2026-04-24 12:12: **********Val Epoch 1371: average Loss: 0.005532
2026-04-24 12:12: Train Epoch 1372: 0/74 Loss: 0.006108
2026-04-24 12:12: Train Epoch 1372: 20/74 Loss: 0.002423
2026-04-24 12:12: Train Epoch 1372: 40/74 Loss: 0.003834
2026-04-24 12:12: Train Epoch 1372: 60/74 Loss: 0.018853
2026-04-24 12:12: **********Train Epoch 1372: averaged Loss: 0.008024
2026-04-24 12:12: **********Val Epoch 1372: average Loss: 0.006285
2026-04-24 12:12: Train Epoch 1373: 0/74 Loss: 0.033905
2026-04-24 12:12: Train Epoch 1373: 20/74 Loss: 0.008054
2026-04-24 12:12: Train Epoch 1373: 40/74 Loss: 0.005311
2026-04-24 12:12: Train Epoch 1373: 60/74 Loss: 0.018172
2026-04-24 12:12: **********Train Epoch 1373: averaged Loss: 0.009813
2026-04-24 12:12: **********Val Epoch 1373: average Loss: 0.007254
2026-04-24 12:12: Train Epoch 1374: 0/74 Loss: 0.008946
2026-04-24 12:13: Train Epoch 1374: 20/74 Loss: 0.002421
2026-04-24 12:13: Train Epoch 1374: 40/74 Loss: 0.004157
2026-04-24 12:13: Train Epoch 1374: 60/74 Loss: 0.016478
2026-04-24 12:13: **********Train Epoch 1374: averaged Loss: 0.006611
2026-04-24 12:13: **********Val Epoch 1374: average Loss: 0.006858
2026-04-24 12:13: Train Epoch 1375: 0/74 Loss: 0.005535
2026-04-24 12:13: Train Epoch 1375: 20/74 Loss: 0.002396
2026-04-24 12:13: Train Epoch 1375: 40/74 Loss: 0.007191
2026-04-24 12:13: Train Epoch 1375: 60/74 Loss: 0.021491
2026-04-24 12:13: **********Train Epoch 1375: averaged Loss: 0.006853
2026-04-24 12:13: **********Val Epoch 1375: average Loss: 0.006971
2026-04-24 12:13: Train Epoch 1376: 0/74 Loss: 0.009592
2026-04-24 12:13: Train Epoch 1376: 20/74 Loss: 0.002333
2026-04-24 12:13: Train Epoch 1376: 40/74 Loss: 0.009392
2026-04-24 12:13: Train Epoch 1376: 60/74 Loss: 0.027803
2026-04-24 12:13: **********Train Epoch 1376: averaged Loss: 0.006930
2026-04-24 12:13: **********Val Epoch 1376: average Loss: 0.008783
2026-04-24 12:13: Train Epoch 1377: 0/74 Loss: 0.008991
2026-04-24 12:13: Train Epoch 1377: 20/74 Loss: 0.002312
2026-04-24 12:13: Train Epoch 1377: 40/74 Loss: 0.009023
2026-04-24 12:13: Train Epoch 1377: 60/74 Loss: 0.017149
2026-04-24 12:13: **********Train Epoch 1377: averaged Loss: 0.005318
2026-04-24 12:13: **********Val Epoch 1377: average Loss: 0.006208
2026-04-24 12:13: Train Epoch 1378: 0/74 Loss: 0.020523
2026-04-24 12:13: Train Epoch 1378: 20/74 Loss: 0.002472
2026-04-24 12:13: Train Epoch 1378: 40/74 Loss: 0.006603
2026-04-24 12:13: Train Epoch 1378: 60/74 Loss: 0.006324
2026-04-24 12:13: **********Train Epoch 1378: averaged Loss: 0.006824
2026-04-24 12:13: **********Val Epoch 1378: average Loss: 0.007497
2026-04-24 12:13: Train Epoch 1379: 0/74 Loss: 0.026923
2026-04-24 12:13: Train Epoch 1379: 20/74 Loss: 0.003132
2026-04-24 12:13: Train Epoch 1379: 40/74 Loss: 0.010558
2026-04-24 12:13: Train Epoch 1379: 60/74 Loss: 0.012252
2026-04-24 12:13: **********Train Epoch 1379: averaged Loss: 0.006799
2026-04-24 12:13: **********Val Epoch 1379: average Loss: 0.009505
2026-04-24 12:13: Train Epoch 1380: 0/74 Loss: 0.011304
2026-04-24 12:13: Train Epoch 1380: 20/74 Loss: 0.002225
2026-04-24 12:13: Train Epoch 1380: 40/74 Loss: 0.005634
2026-04-24 12:13: Train Epoch 1380: 60/74 Loss: 0.006863
2026-04-24 12:13: **********Train Epoch 1380: averaged Loss: 0.005016
2026-04-24 12:13: **********Val Epoch 1380: average Loss: 0.011622
2026-04-24 12:13: Train Epoch 1381: 0/74 Loss: 0.025762
2026-04-24 12:13: Train Epoch 1381: 20/74 Loss: 0.003337
2026-04-24 12:13: Train Epoch 1381: 40/74 Loss: 0.004670
2026-04-24 12:13: Train Epoch 1381: 60/74 Loss: 0.005928
2026-04-24 12:13: **********Train Epoch 1381: averaged Loss: 0.006682
2026-04-24 12:13: **********Val Epoch 1381: average Loss: 0.008413
2026-04-24 12:13: Train Epoch 1382: 0/74 Loss: 0.006514
2026-04-24 12:13: Train Epoch 1382: 20/74 Loss: 0.002261
2026-04-24 12:13: Train Epoch 1382: 40/74 Loss: 0.011271
2026-04-24 12:13: Train Epoch 1382: 60/74 Loss: 0.014898
2026-04-24 12:13: **********Train Epoch 1382: averaged Loss: 0.008083
2026-04-24 12:13: **********Val Epoch 1382: average Loss: 0.006632
2026-04-24 12:13: Train Epoch 1383: 0/74 Loss: 0.023534
2026-04-24 12:14: Train Epoch 1383: 20/74 Loss: 0.003250
2026-04-24 12:14: Train Epoch 1383: 40/74 Loss: 0.004102
2026-04-24 12:14: Train Epoch 1383: 60/74 Loss: 0.019241
2026-04-24 12:14: **********Train Epoch 1383: averaged Loss: 0.007487
2026-04-24 12:14: **********Val Epoch 1383: average Loss: 0.010354
2026-04-24 12:14: Train Epoch 1384: 0/74 Loss: 0.032882
2026-04-24 12:14: Train Epoch 1384: 20/74 Loss: 0.004597
2026-04-24 12:14: Train Epoch 1384: 40/74 Loss: 0.003550
2026-04-24 12:14: Train Epoch 1384: 60/74 Loss: 0.008333
2026-04-24 12:14: **********Train Epoch 1384: averaged Loss: 0.007491
2026-04-24 12:14: **********Val Epoch 1384: average Loss: 0.009669
2026-04-24 12:14: Train Epoch 1385: 0/74 Loss: 0.020099
2026-04-24 12:14: Train Epoch 1385: 20/74 Loss: 0.002130
2026-04-24 12:14: Train Epoch 1385: 40/74 Loss: 0.003786
2026-04-24 12:14: Train Epoch 1385: 60/74 Loss: 0.008160
2026-04-24 12:14: **********Train Epoch 1385: averaged Loss: 0.005753
2026-04-24 12:14: **********Val Epoch 1385: average Loss: 0.011907
2026-04-24 12:14: Train Epoch 1386: 0/74 Loss: 0.013795
2026-04-24 12:14: Train Epoch 1386: 20/74 Loss: 0.002749
2026-04-24 12:14: Train Epoch 1386: 40/74 Loss: 0.004250
2026-04-24 12:14: Train Epoch 1386: 60/74 Loss: 0.007182
2026-04-24 12:14: **********Train Epoch 1386: averaged Loss: 0.005618
2026-04-24 12:14: **********Val Epoch 1386: average Loss: 0.008210
2026-04-24 12:14: Train Epoch 1387: 0/74 Loss: 0.012509
2026-04-24 12:14: Train Epoch 1387: 20/74 Loss: 0.002217
2026-04-24 12:14: Train Epoch 1387: 40/74 Loss: 0.004125
2026-04-24 12:14: Train Epoch 1387: 60/74 Loss: 0.010216
2026-04-24 12:14: **********Train Epoch 1387: averaged Loss: 0.006484
2026-04-24 12:14: **********Val Epoch 1387: average Loss: 0.006439
2026-04-24 12:14: Train Epoch 1388: 0/74 Loss: 0.003503
2026-04-24 12:14: Train Epoch 1388: 20/74 Loss: 0.004199
2026-04-24 12:14: Train Epoch 1388: 40/74 Loss: 0.004571
2026-04-24 12:14: Train Epoch 1388: 60/74 Loss: 0.006407
2026-04-24 12:14: **********Train Epoch 1388: averaged Loss: 0.005558
2026-04-24 12:14: **********Val Epoch 1388: average Loss: 0.009085
2026-04-24 12:14: Train Epoch 1389: 0/74 Loss: 0.009108
2026-04-24 12:14: Train Epoch 1389: 20/74 Loss: 0.002244
2026-04-24 12:14: Train Epoch 1389: 40/74 Loss: 0.003796
2026-04-24 12:14: Train Epoch 1389: 60/74 Loss: 0.006771
2026-04-24 12:14: **********Train Epoch 1389: averaged Loss: 0.006101
2026-04-24 12:14: **********Val Epoch 1389: average Loss: 0.009001
2026-04-24 12:14: Train Epoch 1390: 0/74 Loss: 0.017687
2026-04-24 12:14: Train Epoch 1390: 20/74 Loss: 0.007022
2026-04-24 12:14: Train Epoch 1390: 40/74 Loss: 0.004310
2026-04-24 12:14: Train Epoch 1390: 60/74 Loss: 0.005117
2026-04-24 12:14: **********Train Epoch 1390: averaged Loss: 0.007106
2026-04-24 12:14: **********Val Epoch 1390: average Loss: 0.011920
2026-04-24 12:14: Train Epoch 1391: 0/74 Loss: 0.003262
2026-04-24 12:14: Train Epoch 1391: 20/74 Loss: 0.002754
2026-04-24 12:14: Train Epoch 1391: 40/74 Loss: 0.004794
2026-04-24 12:14: Train Epoch 1391: 60/74 Loss: 0.009298
2026-04-24 12:15: **********Train Epoch 1391: averaged Loss: 0.006140
2026-04-24 12:15: **********Val Epoch 1391: average Loss: 0.009796
2026-04-24 12:15: Train Epoch 1392: 0/74 Loss: 0.002547
2026-04-24 12:15: Train Epoch 1392: 20/74 Loss: 0.002757
2026-04-24 12:15: Train Epoch 1392: 40/74 Loss: 0.007431
2026-04-24 12:15: Train Epoch 1392: 60/74 Loss: 0.008540
2026-04-24 12:15: **********Train Epoch 1392: averaged Loss: 0.007808
2026-04-24 12:15: **********Val Epoch 1392: average Loss: 0.015053
2026-04-24 12:15: Train Epoch 1393: 0/74 Loss: 0.048014
2026-04-24 12:15: Train Epoch 1393: 20/74 Loss: 0.003526
2026-04-24 12:15: Train Epoch 1393: 40/74 Loss: 0.004872
2026-04-24 12:15: Train Epoch 1393: 60/74 Loss: 0.009973
2026-04-24 12:15: **********Train Epoch 1393: averaged Loss: 0.013143
2026-04-24 12:15: **********Val Epoch 1393: average Loss: 0.005194
2026-04-24 12:15: Train Epoch 1394: 0/74 Loss: 0.016321
2026-04-24 12:15: Train Epoch 1394: 20/74 Loss: 0.002241
2026-04-24 12:15: Train Epoch 1394: 40/74 Loss: 0.004128
2026-04-24 12:15: Train Epoch 1394: 60/74 Loss: 0.011574
2026-04-24 12:15: **********Train Epoch 1394: averaged Loss: 0.006759
2026-04-24 12:15: **********Val Epoch 1394: average Loss: 0.006174
2026-04-24 12:15: Train Epoch 1395: 0/74 Loss: 0.033630
2026-04-24 12:15: Train Epoch 1395: 20/74 Loss: 0.007792
2026-04-24 12:15: Train Epoch 1395: 40/74 Loss: 0.006372
2026-04-24 12:15: Train Epoch 1395: 60/74 Loss: 0.006388
2026-04-24 12:15: **********Train Epoch 1395: averaged Loss: 0.008283
2026-04-24 12:15: **********Val Epoch 1395: average Loss: 0.009219
2026-04-24 12:15: Train Epoch 1396: 0/74 Loss: 0.005282
2026-04-24 12:15: Train Epoch 1396: 20/74 Loss: 0.002409
2026-04-24 12:15: Train Epoch 1396: 40/74 Loss: 0.004197
2026-04-24 12:15: Train Epoch 1396: 60/74 Loss: 0.009915
2026-04-24 12:15: **********Train Epoch 1396: averaged Loss: 0.006825
2026-04-24 12:15: **********Val Epoch 1396: average Loss: 0.004870
2026-04-24 12:15: Train Epoch 1397: 0/74 Loss: 0.003515
2026-04-24 12:15: Train Epoch 1397: 20/74 Loss: 0.002358
2026-04-24 12:15: Train Epoch 1397: 40/74 Loss: 0.004666
2026-04-24 12:15: Train Epoch 1397: 60/74 Loss: 0.018320
2026-04-24 12:15: **********Train Epoch 1397: averaged Loss: 0.007948
2026-04-24 12:15: **********Val Epoch 1397: average Loss: 0.006327
2026-04-24 12:15: Train Epoch 1398: 0/74 Loss: 0.035615
2026-04-24 12:15: Train Epoch 1398: 20/74 Loss: 0.010735
2026-04-24 12:15: Train Epoch 1398: 40/74 Loss: 0.004641
2026-04-24 12:15: Train Epoch 1398: 60/74 Loss: 0.019207
2026-04-24 12:15: **********Train Epoch 1398: averaged Loss: 0.009834
2026-04-24 12:15: **********Val Epoch 1398: average Loss: 0.006537
2026-04-24 12:15: Train Epoch 1399: 0/74 Loss: 0.035467
2026-04-24 12:15: Train Epoch 1399: 20/74 Loss: 0.007066
2026-04-24 12:15: Train Epoch 1399: 40/74 Loss: 0.007966
2026-04-24 12:15: Train Epoch 1399: 60/74 Loss: 0.019528
2026-04-24 12:15: **********Train Epoch 1399: averaged Loss: 0.009962
2026-04-24 12:15: **********Val Epoch 1399: average Loss: 0.007674
2026-04-24 12:15: Train Epoch 1400: 0/74 Loss: 0.011351
2026-04-24 12:15: Train Epoch 1400: 20/74 Loss: 0.003031
2026-04-24 12:15: Train Epoch 1400: 40/74 Loss: 0.006447
2026-04-24 12:16: Train Epoch 1400: 60/74 Loss: 0.021970
2026-04-24 12:16: **********Train Epoch 1400: averaged Loss: 0.007349
2026-04-24 12:16: **********Val Epoch 1400: average Loss: 0.010262
2026-04-24 12:16: Train Epoch 1401: 0/74 Loss: 0.006622
2026-04-24 12:16: Train Epoch 1401: 20/74 Loss: 0.002399
2026-04-24 12:16: Train Epoch 1401: 40/74 Loss: 0.007936
2026-04-24 12:16: Train Epoch 1401: 60/74 Loss: 0.019057
2026-04-24 12:16: **********Train Epoch 1401: averaged Loss: 0.006042
2026-04-24 12:16: **********Val Epoch 1401: average Loss: 0.010029
2026-04-24 12:16: Train Epoch 1402: 0/74 Loss: 0.014929
2026-04-24 12:16: Train Epoch 1402: 20/74 Loss: 0.004950
2026-04-24 12:16: Train Epoch 1402: 40/74 Loss: 0.008022
2026-04-24 12:16: Train Epoch 1402: 60/74 Loss: 0.014643
2026-04-24 12:16: **********Train Epoch 1402: averaged Loss: 0.006714
2026-04-24 12:16: **********Val Epoch 1402: average Loss: 0.010261
2026-04-24 12:16: Train Epoch 1403: 0/74 Loss: 0.014670
2026-04-24 12:16: Train Epoch 1403: 20/74 Loss: 0.002550
2026-04-24 12:16: Train Epoch 1403: 40/74 Loss: 0.014093
2026-04-24 12:16: Train Epoch 1403: 60/74 Loss: 0.009315
2026-04-24 12:16: **********Train Epoch 1403: averaged Loss: 0.006724
2026-04-24 12:16: **********Val Epoch 1403: average Loss: 0.013987
2026-04-24 12:16: Train Epoch 1404: 0/74 Loss: 0.035401
2026-04-24 12:16: Train Epoch 1404: 20/74 Loss: 0.009087
2026-04-24 12:16: Train Epoch 1404: 40/74 Loss: 0.004752
2026-04-24 12:16: Train Epoch 1404: 60/74 Loss: 0.006705
2026-04-24 12:16: **********Train Epoch 1404: averaged Loss: 0.008401
2026-04-24 12:16: **********Val Epoch 1404: average Loss: 0.019675
2026-04-24 12:16: Train Epoch 1405: 0/74 Loss: 0.019533
2026-04-24 12:16: Train Epoch 1405: 20/74 Loss: 0.002376
2026-04-24 12:16: Train Epoch 1405: 40/74 Loss: 0.004093
2026-04-24 12:16: Train Epoch 1405: 60/74 Loss: 0.009140
2026-04-24 12:16: **********Train Epoch 1405: averaged Loss: 0.006540
2026-04-24 12:16: **********Val Epoch 1405: average Loss: 0.008523
2026-04-24 12:16: Train Epoch 1406: 0/74 Loss: 0.002507
2026-04-24 12:16: Train Epoch 1406: 20/74 Loss: 0.003124
2026-04-24 12:16: Train Epoch 1406: 40/74 Loss: 0.004391
2026-04-24 12:16: Train Epoch 1406: 60/74 Loss: 0.010899
2026-04-24 12:16: **********Train Epoch 1406: averaged Loss: 0.005715
2026-04-24 12:16: **********Val Epoch 1406: average Loss: 0.008020
2026-04-24 12:16: Train Epoch 1407: 0/74 Loss: 0.018431
2026-04-24 12:16: Train Epoch 1407: 20/74 Loss: 0.002289
2026-04-24 12:16: Train Epoch 1407: 40/74 Loss: 0.003755
2026-04-24 12:16: Train Epoch 1407: 60/74 Loss: 0.013448
2026-04-24 12:16: **********Train Epoch 1407: averaged Loss: 0.007311
2026-04-24 12:16: **********Val Epoch 1407: average Loss: 0.012344
2026-04-24 12:16: Train Epoch 1408: 0/74 Loss: 0.022294
2026-04-24 12:16: Train Epoch 1408: 20/74 Loss: 0.002306
2026-04-24 12:16: Train Epoch 1408: 40/74 Loss: 0.003286
2026-04-24 12:16: Train Epoch 1408: 60/74 Loss: 0.012742
2026-04-24 12:16: **********Train Epoch 1408: averaged Loss: 0.007121
2026-04-24 12:16: **********Val Epoch 1408: average Loss: 0.014667
2026-04-24 12:16: Train Epoch 1409: 0/74 Loss: 0.020999
2026-04-24 12:17: Train Epoch 1409: 20/74 Loss: 0.002452
2026-04-24 12:17: Train Epoch 1409: 40/74 Loss: 0.003478
2026-04-24 12:17: Train Epoch 1409: 60/74 Loss: 0.008433
2026-04-24 12:17: **********Train Epoch 1409: averaged Loss: 0.005648
2026-04-24 12:17: **********Val Epoch 1409: average Loss: 0.017083
2026-04-24 12:17: Train Epoch 1410: 0/74 Loss: 0.008882
2026-04-24 12:17: Train Epoch 1410: 20/74 Loss: 0.002153
2026-04-24 12:17: Train Epoch 1410: 40/74 Loss: 0.005490
2026-04-24 12:17: Train Epoch 1410: 60/74 Loss: 0.006082
2026-04-24 12:17: **********Train Epoch 1410: averaged Loss: 0.004492
2026-04-24 12:17: **********Val Epoch 1410: average Loss: 0.013287
2026-04-24 12:17: Train Epoch 1411: 0/74 Loss: 0.008040
2026-04-24 12:17: Train Epoch 1411: 20/74 Loss: 0.002362
2026-04-24 12:17: Train Epoch 1411: 40/74 Loss: 0.003671
2026-04-24 12:17: Train Epoch 1411: 60/74 Loss: 0.007651
2026-04-24 12:17: **********Train Epoch 1411: averaged Loss: 0.006152
2026-04-24 12:17: **********Val Epoch 1411: average Loss: 0.014786
2026-04-24 12:17: Train Epoch 1412: 0/74 Loss: 0.020159
2026-04-24 12:17: Train Epoch 1412: 20/74 Loss: 0.009706
2026-04-24 12:17: Train Epoch 1412: 40/74 Loss: 0.004158
2026-04-24 12:17: Train Epoch 1412: 60/74 Loss: 0.009440
2026-04-24 12:17: **********Train Epoch 1412: averaged Loss: 0.008843
2026-04-24 12:17: **********Val Epoch 1412: average Loss: 0.012810
2026-04-24 12:17: Train Epoch 1413: 0/74 Loss: 0.032023
2026-04-24 12:17: Train Epoch 1413: 20/74 Loss: 0.010785
2026-04-24 12:17: Train Epoch 1413: 40/74 Loss: 0.003700
2026-04-24 12:17: Train Epoch 1413: 60/74 Loss: 0.020930
2026-04-24 12:17: **********Train Epoch 1413: averaged Loss: 0.013017
2026-04-24 12:17: **********Val Epoch 1413: average Loss: 0.011880
2026-04-24 12:17: Train Epoch 1414: 0/74 Loss: 0.054644
2026-04-24 12:17: Train Epoch 1414: 20/74 Loss: 0.004735
2026-04-24 12:17: Train Epoch 1414: 40/74 Loss: 0.004921
2026-04-24 12:17: Train Epoch 1414: 60/74 Loss: 0.012159
2026-04-24 12:17: **********Train Epoch 1414: averaged Loss: 0.012178
2026-04-24 12:17: **********Val Epoch 1414: average Loss: 0.007433
2026-04-24 12:17: Train Epoch 1415: 0/74 Loss: 0.016761
2026-04-24 12:17: Train Epoch 1415: 20/74 Loss: 0.002459
2026-04-24 12:17: Train Epoch 1415: 40/74 Loss: 0.006164
2026-04-24 12:17: Train Epoch 1415: 60/74 Loss: 0.012107
2026-04-24 12:17: **********Train Epoch 1415: averaged Loss: 0.007906
2026-04-24 12:17: **********Val Epoch 1415: average Loss: 0.007619
2026-04-24 12:17: Train Epoch 1416: 0/74 Loss: 0.028406
2026-04-24 12:17: Train Epoch 1416: 20/74 Loss: 0.006113
2026-04-24 12:17: Train Epoch 1416: 40/74 Loss: 0.004144
2026-04-24 12:17: Train Epoch 1416: 60/74 Loss: 0.013986
2026-04-24 12:17: **********Train Epoch 1416: averaged Loss: 0.008624
2026-04-24 12:17: **********Val Epoch 1416: average Loss: 0.008226
2026-04-24 12:17: Train Epoch 1417: 0/74 Loss: 0.030964
2026-04-24 12:17: Train Epoch 1417: 20/74 Loss: 0.009277
2026-04-24 12:17: Train Epoch 1417: 40/74 Loss: 0.003530
2026-04-24 12:18: Train Epoch 1417: 60/74 Loss: 0.016174
2026-04-24 12:18: **********Train Epoch 1417: averaged Loss: 0.009845
2026-04-24 12:18: **********Val Epoch 1417: average Loss: 0.008046
2026-04-24 12:18: Train Epoch 1418: 0/74 Loss: 0.005585
2026-04-24 12:18: Train Epoch 1418: 20/74 Loss: 0.002940
2026-04-24 12:18: Train Epoch 1418: 40/74 Loss: 0.003990
2026-04-24 12:18: Train Epoch 1418: 60/74 Loss: 0.017886
2026-04-24 12:18: **********Train Epoch 1418: averaged Loss: 0.006751
2026-04-24 12:18: **********Val Epoch 1418: average Loss: 0.009397
2026-04-24 12:18: Train Epoch 1419: 0/74 Loss: 0.023065
2026-04-24 12:18: Train Epoch 1419: 20/74 Loss: 0.002529
2026-04-24 12:18: Train Epoch 1419: 40/74 Loss: 0.004266
2026-04-24 12:18: Train Epoch 1419: 60/74 Loss: 0.018847
2026-04-24 12:18: **********Train Epoch 1419: averaged Loss: 0.007834
2026-04-24 12:18: **********Val Epoch 1419: average Loss: 0.007785
2026-04-24 12:18: Train Epoch 1420: 0/74 Loss: 0.006186
2026-04-24 12:18: Train Epoch 1420: 20/74 Loss: 0.002344
2026-04-24 12:18: Train Epoch 1420: 40/74 Loss: 0.003572
2026-04-24 12:18: Train Epoch 1420: 60/74 Loss: 0.009158
2026-04-24 12:18: **********Train Epoch 1420: averaged Loss: 0.005210
2026-04-24 12:18: **********Val Epoch 1420: average Loss: 0.008164
2026-04-24 12:18: Train Epoch 1421: 0/74 Loss: 0.020331
2026-04-24 12:18: Train Epoch 1421: 20/74 Loss: 0.003216
2026-04-24 12:18: Train Epoch 1421: 40/74 Loss: 0.003722
2026-04-24 12:18: Train Epoch 1421: 60/74 Loss: 0.009773
2026-04-24 12:18: **********Train Epoch 1421: averaged Loss: 0.007209
2026-04-24 12:18: **********Val Epoch 1421: average Loss: 0.009423
2026-04-24 12:18: Train Epoch 1422: 0/74 Loss: 0.021749
2026-04-24 12:18: Train Epoch 1422: 20/74 Loss: 0.002355
2026-04-24 12:18: Train Epoch 1422: 40/74 Loss: 0.006381
2026-04-24 12:18: Train Epoch 1422: 60/74 Loss: 0.018732
2026-04-24 12:18: **********Train Epoch 1422: averaged Loss: 0.008280
2026-04-24 12:18: **********Val Epoch 1422: average Loss: 0.006502
2026-04-24 12:18: Train Epoch 1423: 0/74 Loss: 0.016680
2026-04-24 12:18: Train Epoch 1423: 20/74 Loss: 0.002760
2026-04-24 12:18: Train Epoch 1423: 40/74 Loss: 0.008989
2026-04-24 12:18: Train Epoch 1423: 60/74 Loss: 0.010118
2026-04-24 12:18: **********Train Epoch 1423: averaged Loss: 0.007949
2026-04-24 12:18: **********Val Epoch 1423: average Loss: 0.006181
2026-04-24 12:18: Train Epoch 1424: 0/74 Loss: 0.037085
2026-04-24 12:18: Train Epoch 1424: 20/74 Loss: 0.004623
2026-04-24 12:18: Train Epoch 1424: 40/74 Loss: 0.007162
2026-04-24 12:18: Train Epoch 1424: 60/74 Loss: 0.013665
2026-04-24 12:18: **********Train Epoch 1424: averaged Loss: 0.008486
2026-04-24 12:18: **********Val Epoch 1424: average Loss: 0.006569
2026-04-24 12:18: Train Epoch 1425: 0/74 Loss: 0.026791
2026-04-24 12:18: Train Epoch 1425: 20/74 Loss: 0.002739
2026-04-24 12:18: Train Epoch 1425: 40/74 Loss: 0.008486
2026-04-24 12:18: Train Epoch 1425: 60/74 Loss: 0.018071
2026-04-24 12:18: **********Train Epoch 1425: averaged Loss: 0.007626
2026-04-24 12:18: **********Val Epoch 1425: average Loss: 0.008417
2026-04-24 12:18: Train Epoch 1426: 0/74 Loss: 0.003915
2026-04-24 12:18: Train Epoch 1426: 20/74 Loss: 0.002240
2026-04-24 12:19: Train Epoch 1426: 40/74 Loss: 0.005804
2026-04-24 12:19: Train Epoch 1426: 60/74 Loss: 0.021112
2026-04-24 12:19: **********Train Epoch 1426: averaged Loss: 0.005546
2026-04-24 12:19: **********Val Epoch 1426: average Loss: 0.009972
2026-04-24 12:19: Train Epoch 1427: 0/74 Loss: 0.011161
2026-04-24 12:19: Train Epoch 1427: 20/74 Loss: 0.002466
2026-04-24 12:19: Train Epoch 1427: 40/74 Loss: 0.004892
2026-04-24 12:19: Train Epoch 1427: 60/74 Loss: 0.015471
2026-04-24 12:19: **********Train Epoch 1427: averaged Loss: 0.006013
2026-04-24 12:19: **********Val Epoch 1427: average Loss: 0.007664
2026-04-24 12:19: Train Epoch 1428: 0/74 Loss: 0.002326
2026-04-24 12:19: Train Epoch 1428: 20/74 Loss: 0.002647
2026-04-24 12:19: Train Epoch 1428: 40/74 Loss: 0.007412
2026-04-24 12:19: Train Epoch 1428: 60/74 Loss: 0.020126
2026-04-24 12:19: **********Train Epoch 1428: averaged Loss: 0.006083
2026-04-24 12:19: **********Val Epoch 1428: average Loss: 0.008110
2026-04-24 12:19: Train Epoch 1429: 0/74 Loss: 0.007606
2026-04-24 12:19: Train Epoch 1429: 20/74 Loss: 0.002205
2026-04-24 12:19: Train Epoch 1429: 40/74 Loss: 0.007351
2026-04-24 12:19: Train Epoch 1429: 60/74 Loss: 0.020489
2026-04-24 12:19: **********Train Epoch 1429: averaged Loss: 0.006117
2026-04-24 12:19: **********Val Epoch 1429: average Loss: 0.007991
2026-04-24 12:19: Train Epoch 1430: 0/74 Loss: 0.019801
2026-04-24 12:19: Train Epoch 1430: 20/74 Loss: 0.003718
2026-04-24 12:19: Train Epoch 1430: 40/74 Loss: 0.007408
2026-04-24 12:19: Train Epoch 1430: 60/74 Loss: 0.022008
2026-04-24 12:19: **********Train Epoch 1430: averaged Loss: 0.006836
2026-04-24 12:19: **********Val Epoch 1430: average Loss: 0.013130
2026-04-24 12:19: Train Epoch 1431: 0/74 Loss: 0.002415
2026-04-24 12:19: Train Epoch 1431: 20/74 Loss: 0.003226
2026-04-24 12:19: Train Epoch 1431: 40/74 Loss: 0.007951
2026-04-24 12:19: Train Epoch 1431: 60/74 Loss: 0.023063
2026-04-24 12:19: **********Train Epoch 1431: averaged Loss: 0.006045
2026-04-24 12:19: **********Val Epoch 1431: average Loss: 0.009590
2026-04-24 12:19: Train Epoch 1432: 0/74 Loss: 0.007840
2026-04-24 12:19: Train Epoch 1432: 20/74 Loss: 0.003310
2026-04-24 12:19: Train Epoch 1432: 40/74 Loss: 0.005363
2026-04-24 12:19: Train Epoch 1432: 60/74 Loss: 0.026906
2026-04-24 12:19: **********Train Epoch 1432: averaged Loss: 0.006471
2026-04-24 12:19: **********Val Epoch 1432: average Loss: 0.015894
2026-04-24 12:19: Train Epoch 1433: 0/74 Loss: 0.002274
2026-04-24 12:19: Train Epoch 1433: 20/74 Loss: 0.002340
2026-04-24 12:19: Train Epoch 1433: 40/74 Loss: 0.004669
2026-04-24 12:19: Train Epoch 1433: 60/74 Loss: 0.020414
2026-04-24 12:19: **********Train Epoch 1433: averaged Loss: 0.005340
2026-04-24 12:19: **********Val Epoch 1433: average Loss: 0.013624
2026-04-24 12:19: Train Epoch 1434: 0/74 Loss: 0.003494
2026-04-24 12:19: Train Epoch 1434: 20/74 Loss: 0.002643
2026-04-24 12:19: Train Epoch 1434: 40/74 Loss: 0.003767
2026-04-24 12:19: Train Epoch 1434: 60/74 Loss: 0.014917
2026-04-24 12:20: **********Train Epoch 1434: averaged Loss: 0.005384
2026-04-24 12:20: **********Val Epoch 1434: average Loss: 0.013985
2026-04-24 12:20: Train Epoch 1435: 0/74 Loss: 0.006139
2026-04-24 12:20: Train Epoch 1435: 20/74 Loss: 0.002371
2026-04-24 12:20: Train Epoch 1435: 40/74 Loss: 0.004888
2026-04-24 12:20: Train Epoch 1435: 60/74 Loss: 0.009098
2026-04-24 12:20: **********Train Epoch 1435: averaged Loss: 0.005858
2026-04-24 12:20: **********Val Epoch 1435: average Loss: 0.016394
2026-04-24 12:20: Train Epoch 1436: 0/74 Loss: 0.026081
2026-04-24 12:20: Train Epoch 1436: 20/74 Loss: 0.003281
2026-04-24 12:20: Train Epoch 1436: 40/74 Loss: 0.005345
2026-04-24 12:20: Train Epoch 1436: 60/74 Loss: 0.006618
2026-04-24 12:20: **********Train Epoch 1436: averaged Loss: 0.007321
2026-04-24 12:20: **********Val Epoch 1436: average Loss: 0.013411
2026-04-24 12:20: Train Epoch 1437: 0/74 Loss: 0.014189
2026-04-24 12:20: Train Epoch 1437: 20/74 Loss: 0.002711
2026-04-24 12:20: Train Epoch 1437: 40/74 Loss: 0.004874
2026-04-24 12:20: Train Epoch 1437: 60/74 Loss: 0.007779
2026-04-24 12:20: **********Train Epoch 1437: averaged Loss: 0.005649
2026-04-24 12:20: **********Val Epoch 1437: average Loss: 0.017308
2026-04-24 12:20: Train Epoch 1438: 0/74 Loss: 0.027255
2026-04-24 12:20: Train Epoch 1438: 20/74 Loss: 0.002490
2026-04-24 12:20: Train Epoch 1438: 40/74 Loss: 0.004404
2026-04-24 12:20: Train Epoch 1438: 60/74 Loss: 0.018961
2026-04-24 12:20: **********Train Epoch 1438: averaged Loss: 0.009518
2026-04-24 12:20: **********Val Epoch 1438: average Loss: 0.006560
2026-04-24 12:20: Train Epoch 1439: 0/74 Loss: 0.012135
2026-04-24 12:20: Train Epoch 1439: 20/74 Loss: 0.002239
2026-04-24 12:20: Train Epoch 1439: 40/74 Loss: 0.006296
2026-04-24 12:20: Train Epoch 1439: 60/74 Loss: 0.021661
2026-04-24 12:20: **********Train Epoch 1439: averaged Loss: 0.009249
2026-04-24 12:20: **********Val Epoch 1439: average Loss: 0.008497
2026-04-24 12:20: Train Epoch 1440: 0/74 Loss: 0.035437
2026-04-24 12:20: Train Epoch 1440: 20/74 Loss: 0.003924
2026-04-24 12:20: Train Epoch 1440: 40/74 Loss: 0.004561
2026-04-24 12:20: Train Epoch 1440: 60/74 Loss: 0.011783
2026-04-24 12:20: **********Train Epoch 1440: averaged Loss: 0.008612
2026-04-24 12:20: **********Val Epoch 1440: average Loss: 0.014177
2026-04-24 12:20: Train Epoch 1441: 0/74 Loss: 0.031472
2026-04-24 12:20: Train Epoch 1441: 20/74 Loss: 0.002831
2026-04-24 12:20: Train Epoch 1441: 40/74 Loss: 0.003767
2026-04-24 12:20: Train Epoch 1441: 60/74 Loss: 0.005129
2026-04-24 12:20: **********Train Epoch 1441: averaged Loss: 0.007327
2026-04-24 12:20: **********Val Epoch 1441: average Loss: 0.008378
2026-04-24 12:20: Train Epoch 1442: 0/74 Loss: 0.003706
2026-04-24 12:20: Train Epoch 1442: 20/74 Loss: 0.006895
2026-04-24 12:20: Train Epoch 1442: 40/74 Loss: 0.004107
2026-04-24 12:20: Train Epoch 1442: 60/74 Loss: 0.015432
2026-04-24 12:20: **********Train Epoch 1442: averaged Loss: 0.008921
2026-04-24 12:20: **********Val Epoch 1442: average Loss: 0.015930
2026-04-24 12:20: Train Epoch 1443: 0/74 Loss: 0.004851
2026-04-24 12:20: Train Epoch 1443: 20/74 Loss: 0.005174
2026-04-24 12:21: Train Epoch 1443: 40/74 Loss: 0.005272
2026-04-24 12:21: Train Epoch 1443: 60/74 Loss: 0.011577
2026-04-24 12:21: **********Train Epoch 1443: averaged Loss: 0.007315
2026-04-24 12:21: **********Val Epoch 1443: average Loss: 0.015391
2026-04-24 12:21: Train Epoch 1444: 0/74 Loss: 0.005689
2026-04-24 12:21: Train Epoch 1444: 20/74 Loss: 0.002754
2026-04-24 12:21: Train Epoch 1444: 40/74 Loss: 0.003914
2026-04-24 12:21: Train Epoch 1444: 60/74 Loss: 0.004898
2026-04-24 12:21: **********Train Epoch 1444: averaged Loss: 0.006405
2026-04-24 12:21: **********Val Epoch 1444: average Loss: 0.016390
2026-04-24 12:21: Train Epoch 1445: 0/74 Loss: 0.014706
2026-04-24 12:21: Train Epoch 1445: 20/74 Loss: 0.006630
2026-04-24 12:21: Train Epoch 1445: 40/74 Loss: 0.004085
2026-04-24 12:21: Train Epoch 1445: 60/74 Loss: 0.006107
2026-04-24 12:21: **********Train Epoch 1445: averaged Loss: 0.007086
2026-04-24 12:21: **********Val Epoch 1445: average Loss: 0.009735
2026-04-24 12:21: Train Epoch 1446: 0/74 Loss: 0.019354
2026-04-24 12:21: Train Epoch 1446: 20/74 Loss: 0.007141
2026-04-24 12:21: Train Epoch 1446: 40/74 Loss: 0.003753
2026-04-24 12:21: Train Epoch 1446: 60/74 Loss: 0.004502
2026-04-24 12:21: **********Train Epoch 1446: averaged Loss: 0.006904
2026-04-24 12:21: **********Val Epoch 1446: average Loss: 0.010920
2026-04-24 12:21: Train Epoch 1447: 0/74 Loss: 0.008830
2026-04-24 12:21: Train Epoch 1447: 20/74 Loss: 0.003966
2026-04-24 12:21: Train Epoch 1447: 40/74 Loss: 0.007632
2026-04-24 12:21: Train Epoch 1447: 60/74 Loss: 0.005081
2026-04-24 12:21: **********Train Epoch 1447: averaged Loss: 0.006906
2026-04-24 12:21: **********Val Epoch 1447: average Loss: 0.010111
2026-04-24 12:21: Train Epoch 1448: 0/74 Loss: 0.019610
2026-04-24 12:21: Train Epoch 1448: 20/74 Loss: 0.009514
2026-04-24 12:21: Train Epoch 1448: 40/74 Loss: 0.005353
2026-04-24 12:21: Train Epoch 1448: 60/74 Loss: 0.005373
2026-04-24 12:21: **********Train Epoch 1448: averaged Loss: 0.008859
2026-04-24 12:21: **********Val Epoch 1448: average Loss: 0.008503
2026-04-24 12:21: Train Epoch 1449: 0/74 Loss: 0.036778
2026-04-24 12:21: Train Epoch 1449: 20/74 Loss: 0.007670
2026-04-24 12:21: Train Epoch 1449: 40/74 Loss: 0.003681
2026-04-24 12:21: Train Epoch 1449: 60/74 Loss: 0.006530
2026-04-24 12:21: **********Train Epoch 1449: averaged Loss: 0.008572
2026-04-24 12:21: **********Val Epoch 1449: average Loss: 0.007212
2026-04-24 12:21: Train Epoch 1450: 0/74 Loss: 0.036309
2026-04-24 12:21: Train Epoch 1450: 20/74 Loss: 0.007489
2026-04-24 12:21: Train Epoch 1450: 40/74 Loss: 0.007226
2026-04-24 12:21: Train Epoch 1450: 60/74 Loss: 0.004874
2026-04-24 12:21: **********Train Epoch 1450: averaged Loss: 0.009781
2026-04-24 12:21: **********Val Epoch 1450: average Loss: 0.004863
2026-04-24 12:21: Train Epoch 1451: 0/74 Loss: 0.018008
2026-04-24 12:21: Train Epoch 1451: 20/74 Loss: 0.002870
2026-04-24 12:21: Train Epoch 1451: 40/74 Loss: 0.006169
2026-04-24 12:21: Train Epoch 1451: 60/74 Loss: 0.004787
2026-04-24 12:21: **********Train Epoch 1451: averaged Loss: 0.006000
2026-04-24 12:21: **********Val Epoch 1451: average Loss: 0.003945
2026-04-24 12:21: *********************************Current best model saved!
2026-04-24 12:21: Train Epoch 1452: 0/74 Loss: 0.012340
2026-04-24 12:22: Train Epoch 1452: 20/74 Loss: 0.002613
2026-04-24 12:22: Train Epoch 1452: 40/74 Loss: 0.007178
2026-04-24 12:22: Train Epoch 1452: 60/74 Loss: 0.004842
2026-04-24 12:22: **********Train Epoch 1452: averaged Loss: 0.005898
2026-04-24 12:22: **********Val Epoch 1452: average Loss: 0.004336
2026-04-24 12:22: Train Epoch 1453: 0/74 Loss: 0.003559
2026-04-24 12:22: Train Epoch 1453: 20/74 Loss: 0.002665
2026-04-24 12:22: Train Epoch 1453: 40/74 Loss: 0.003743
2026-04-24 12:22: Train Epoch 1453: 60/74 Loss: 0.004815
2026-04-24 12:22: **********Train Epoch 1453: averaged Loss: 0.004850
2026-04-24 12:22: **********Val Epoch 1453: average Loss: 0.005361
2026-04-24 12:22: Train Epoch 1454: 0/74 Loss: 0.002870
2026-04-24 12:22: Train Epoch 1454: 20/74 Loss: 0.002468
2026-04-24 12:22: Train Epoch 1454: 40/74 Loss: 0.003659
2026-04-24 12:22: Train Epoch 1454: 60/74 Loss: 0.004917
2026-04-24 12:22: **********Train Epoch 1454: averaged Loss: 0.004886
2026-04-24 12:22: **********Val Epoch 1454: average Loss: 0.004263
2026-04-24 12:22: Train Epoch 1455: 0/74 Loss: 0.028792
2026-04-24 12:22: Train Epoch 1455: 20/74 Loss: 0.002434
2026-04-24 12:22: Train Epoch 1455: 40/74 Loss: 0.003909
2026-04-24 12:22: Train Epoch 1455: 60/74 Loss: 0.004415
2026-04-24 12:22: **********Train Epoch 1455: averaged Loss: 0.006107
2026-04-24 12:22: **********Val Epoch 1455: average Loss: 0.004150
2026-04-24 12:22: Train Epoch 1456: 0/74 Loss: 0.015205
2026-04-24 12:22: Train Epoch 1456: 20/74 Loss: 0.002313
2026-04-24 12:22: Train Epoch 1456: 40/74 Loss: 0.003748
2026-04-24 12:22: Train Epoch 1456: 60/74 Loss: 0.004586
2026-04-24 12:22: **********Train Epoch 1456: averaged Loss: 0.005071
2026-04-24 12:22: **********Val Epoch 1456: average Loss: 0.006320
2026-04-24 12:22: Train Epoch 1457: 0/74 Loss: 0.037714
2026-04-24 12:22: Train Epoch 1457: 20/74 Loss: 0.005742
2026-04-24 12:22: Train Epoch 1457: 40/74 Loss: 0.004028
2026-04-24 12:22: Train Epoch 1457: 60/74 Loss: 0.004508
2026-04-24 12:22: **********Train Epoch 1457: averaged Loss: 0.006847
2026-04-24 12:22: **********Val Epoch 1457: average Loss: 0.004722
2026-04-24 12:22: Train Epoch 1458: 0/74 Loss: 0.019262
2026-04-24 12:22: Train Epoch 1458: 20/74 Loss: 0.003654
2026-04-24 12:22: Train Epoch 1458: 40/74 Loss: 0.003843
2026-04-24 12:22: Train Epoch 1458: 60/74 Loss: 0.004373
2026-04-24 12:22: **********Train Epoch 1458: averaged Loss: 0.004510
2026-04-24 12:22: **********Val Epoch 1458: average Loss: 0.004947
2026-04-24 12:22: Train Epoch 1459: 0/74 Loss: 0.009248
2026-04-24 12:22: Train Epoch 1459: 20/74 Loss: 0.002780
2026-04-24 12:22: Train Epoch 1459: 40/74 Loss: 0.003997
2026-04-24 12:22: Train Epoch 1459: 60/74 Loss: 0.005547
2026-04-24 12:22: **********Train Epoch 1459: averaged Loss: 0.004017
2026-04-24 12:22: **********Val Epoch 1459: average Loss: 0.005555
2026-04-24 12:22: Train Epoch 1460: 0/74 Loss: 0.011729
2026-04-24 12:22: Train Epoch 1460: 20/74 Loss: 0.002320
2026-04-24 12:22: Train Epoch 1460: 40/74 Loss: 0.004111
2026-04-24 12:23: Train Epoch 1460: 60/74 Loss: 0.004270
2026-04-24 12:23: **********Train Epoch 1460: averaged Loss: 0.003891
2026-04-24 12:23: **********Val Epoch 1460: average Loss: 0.003935
2026-04-24 12:23: *********************************Current best model saved!
2026-04-24 12:23: Train Epoch 1461: 0/74 Loss: 0.002397
2026-04-24 12:23: Train Epoch 1461: 20/74 Loss: 0.002727
2026-04-24 12:23: Train Epoch 1461: 40/74 Loss: 0.003524
2026-04-24 12:23: Train Epoch 1461: 60/74 Loss: 0.005447
2026-04-24 12:23: **********Train Epoch 1461: averaged Loss: 0.003830
2026-04-24 12:23: **********Val Epoch 1461: average Loss: 0.006070
2026-04-24 12:23: Train Epoch 1462: 0/74 Loss: 0.004821
2026-04-24 12:23: Train Epoch 1462: 20/74 Loss: 0.003110
2026-04-24 12:23: Train Epoch 1462: 40/74 Loss: 0.003887
2026-04-24 12:23: Train Epoch 1462: 60/74 Loss: 0.004882
2026-04-24 12:23: **********Train Epoch 1462: averaged Loss: 0.004638
2026-04-24 12:23: **********Val Epoch 1462: average Loss: 0.004201
2026-04-24 12:23: Train Epoch 1463: 0/74 Loss: 0.003648
2026-04-24 12:23: Train Epoch 1463: 20/74 Loss: 0.002654
2026-04-24 12:23: Train Epoch 1463: 40/74 Loss: 0.003372
2026-04-24 12:23: Train Epoch 1463: 60/74 Loss: 0.004916
2026-04-24 12:23: **********Train Epoch 1463: averaged Loss: 0.003937
2026-04-24 12:23: **********Val Epoch 1463: average Loss: 0.006018
2026-04-24 12:23: Train Epoch 1464: 0/74 Loss: 0.002519
2026-04-24 12:23: Train Epoch 1464: 20/74 Loss: 0.002570
2026-04-24 12:23: Train Epoch 1464: 40/74 Loss: 0.003542
2026-04-24 12:23: Train Epoch 1464: 60/74 Loss: 0.005250
2026-04-24 12:23: **********Train Epoch 1464: averaged Loss: 0.003819
2026-04-24 12:23: **********Val Epoch 1464: average Loss: 0.005312
2026-04-24 12:23: Train Epoch 1465: 0/74 Loss: 0.006798
2026-04-24 12:23: Train Epoch 1465: 20/74 Loss: 0.002436
2026-04-24 12:23: Train Epoch 1465: 40/74 Loss: 0.003450
2026-04-24 12:23: Train Epoch 1465: 60/74 Loss: 0.004283
2026-04-24 12:23: **********Train Epoch 1465: averaged Loss: 0.004655
2026-04-24 12:23: **********Val Epoch 1465: average Loss: 0.010900
2026-04-24 12:23: Train Epoch 1466: 0/74 Loss: 0.014200
2026-04-24 12:23: Train Epoch 1466: 20/74 Loss: 0.002751
2026-04-24 12:23: Train Epoch 1466: 40/74 Loss: 0.003677
2026-04-24 12:23: Train Epoch 1466: 60/74 Loss: 0.007591
2026-04-24 12:23: **********Train Epoch 1466: averaged Loss: 0.005299
2026-04-24 12:23: **********Val Epoch 1466: average Loss: 0.009093
2026-04-24 12:23: Train Epoch 1467: 0/74 Loss: 0.016319
2026-04-24 12:23: Train Epoch 1467: 20/74 Loss: 0.005427
2026-04-24 12:23: Train Epoch 1467: 40/74 Loss: 0.003708
2026-04-24 12:23: Train Epoch 1467: 60/74 Loss: 0.004890
2026-04-24 12:23: **********Train Epoch 1467: averaged Loss: 0.005959
2026-04-24 12:23: **********Val Epoch 1467: average Loss: 0.010075
2026-04-24 12:23: Train Epoch 1468: 0/74 Loss: 0.019202
2026-04-24 12:23: Train Epoch 1468: 20/74 Loss: 0.002830
2026-04-24 12:23: Train Epoch 1468: 40/74 Loss: 0.003907
2026-04-24 12:23: Train Epoch 1468: 60/74 Loss: 0.009285
2026-04-24 12:23: **********Train Epoch 1468: averaged Loss: 0.007190
2026-04-24 12:23: **********Val Epoch 1468: average Loss: 0.009915
2026-04-24 12:23: Train Epoch 1469: 0/74 Loss: 0.002413
2026-04-24 12:24: Train Epoch 1469: 20/74 Loss: 0.002513
2026-04-24 12:24: Train Epoch 1469: 40/74 Loss: 0.007336
2026-04-24 12:24: Train Epoch 1469: 60/74 Loss: 0.020909
2026-04-24 12:24: **********Train Epoch 1469: averaged Loss: 0.010271
2026-04-24 12:24: **********Val Epoch 1469: average Loss: 0.012921
2026-04-24 12:24: Train Epoch 1470: 0/74 Loss: 0.039898
2026-04-24 12:24: Train Epoch 1470: 20/74 Loss: 0.006671
2026-04-24 12:24: Train Epoch 1470: 40/74 Loss: 0.003842
2026-04-24 12:24: Train Epoch 1470: 60/74 Loss: 0.014037
2026-04-24 12:24: **********Train Epoch 1470: averaged Loss: 0.009956
2026-04-24 12:24: **********Val Epoch 1470: average Loss: 0.010596
2026-04-24 12:24: Train Epoch 1471: 0/74 Loss: 0.004033
2026-04-24 12:24: Train Epoch 1471: 20/74 Loss: 0.002791
2026-04-24 12:24: Train Epoch 1471: 40/74 Loss: 0.005708
2026-04-24 12:24: Train Epoch 1471: 60/74 Loss: 0.016281
2026-04-24 12:24: **********Train Epoch 1471: averaged Loss: 0.008042
2026-04-24 12:24: **********Val Epoch 1471: average Loss: 0.008537
2026-04-24 12:24: Train Epoch 1472: 0/74 Loss: 0.037400
2026-04-24 12:24: Train Epoch 1472: 20/74 Loss: 0.002461
2026-04-24 12:24: Train Epoch 1472: 40/74 Loss: 0.005755
2026-04-24 12:24: Train Epoch 1472: 60/74 Loss: 0.019768
2026-04-24 12:24: **********Train Epoch 1472: averaged Loss: 0.009481
2026-04-24 12:24: **********Val Epoch 1472: average Loss: 0.006879
2026-04-24 12:24: Train Epoch 1473: 0/74 Loss: 0.020151
2026-04-24 12:24: Train Epoch 1473: 20/74 Loss: 0.002795
2026-04-24 12:24: Train Epoch 1473: 40/74 Loss: 0.003993
2026-04-24 12:24: Train Epoch 1473: 60/74 Loss: 0.009354
2026-04-24 12:24: **********Train Epoch 1473: averaged Loss: 0.006427
2026-04-24 12:24: **********Val Epoch 1473: average Loss: 0.006557
2026-04-24 12:24: Train Epoch 1474: 0/74 Loss: 0.002846
2026-04-24 12:24: Train Epoch 1474: 20/74 Loss: 0.003404
2026-04-24 12:24: Train Epoch 1474: 40/74 Loss: 0.003988
2026-04-24 12:24: Train Epoch 1474: 60/74 Loss: 0.009097
2026-04-24 12:24: **********Train Epoch 1474: averaged Loss: 0.004951
2026-04-24 12:24: **********Val Epoch 1474: average Loss: 0.006601
2026-04-24 12:24: Train Epoch 1475: 0/74 Loss: 0.027662
2026-04-24 12:24: Train Epoch 1475: 20/74 Loss: 0.002501
2026-04-24 12:24: Train Epoch 1475: 40/74 Loss: 0.005044
2026-04-24 12:24: Train Epoch 1475: 60/74 Loss: 0.008160
2026-04-24 12:24: **********Train Epoch 1475: averaged Loss: 0.007258
2026-04-24 12:24: **********Val Epoch 1475: average Loss: 0.007046
2026-04-24 12:24: Train Epoch 1476: 0/74 Loss: 0.008905
2026-04-24 12:24: Train Epoch 1476: 20/74 Loss: 0.002977
2026-04-24 12:24: Train Epoch 1476: 40/74 Loss: 0.006170
2026-04-24 12:24: Train Epoch 1476: 60/74 Loss: 0.017266
2026-04-24 12:24: **********Train Epoch 1476: averaged Loss: 0.006652
2026-04-24 12:24: **********Val Epoch 1476: average Loss: 0.007643
2026-04-24 12:24: Train Epoch 1477: 0/74 Loss: 0.007864
2026-04-24 12:24: Train Epoch 1477: 20/74 Loss: 0.003444
2026-04-24 12:24: Train Epoch 1477: 40/74 Loss: 0.006393
2026-04-24 12:25: Train Epoch 1477: 60/74 Loss: 0.024201
2026-04-24 12:25: **********Train Epoch 1477: averaged Loss: 0.007539
2026-04-24 12:25: **********Val Epoch 1477: average Loss: 0.018832
2026-04-24 12:25: Train Epoch 1478: 0/74 Loss: 0.007560
2026-04-24 12:25: Train Epoch 1478: 20/74 Loss: 0.003132
2026-04-24 12:25: Train Epoch 1478: 40/74 Loss: 0.004261
2026-04-24 12:25: Train Epoch 1478: 60/74 Loss: 0.016688
2026-04-24 12:25: **********Train Epoch 1478: averaged Loss: 0.005596
2026-04-24 12:25: **********Val Epoch 1478: average Loss: 0.009222
2026-04-24 12:25: Train Epoch 1479: 0/74 Loss: 0.002276
2026-04-24 12:25: Train Epoch 1479: 20/74 Loss: 0.002695
2026-04-24 12:25: Train Epoch 1479: 40/74 Loss: 0.004262
2026-04-24 12:25: Train Epoch 1479: 60/74 Loss: 0.009056
2026-04-24 12:25: **********Train Epoch 1479: averaged Loss: 0.005643
2026-04-24 12:25: **********Val Epoch 1479: average Loss: 0.013689
2026-04-24 12:25: Train Epoch 1480: 0/74 Loss: 0.019782
2026-04-24 12:25: Train Epoch 1480: 20/74 Loss: 0.002293
2026-04-24 12:25: Train Epoch 1480: 40/74 Loss: 0.005287
2026-04-24 12:25: Train Epoch 1480: 60/74 Loss: 0.009999
2026-04-24 12:25: **********Train Epoch 1480: averaged Loss: 0.007143
2026-04-24 12:25: **********Val Epoch 1480: average Loss: 0.012031
2026-04-24 12:25: Train Epoch 1481: 0/74 Loss: 0.017963
2026-04-24 12:25: Train Epoch 1481: 20/74 Loss: 0.003024
2026-04-24 12:25: Train Epoch 1481: 40/74 Loss: 0.009567
2026-04-24 12:25: Train Epoch 1481: 60/74 Loss: 0.017380
2026-04-24 12:25: **********Train Epoch 1481: averaged Loss: 0.008146
2026-04-24 12:25: **********Val Epoch 1481: average Loss: 0.007732
2026-04-24 12:25: Train Epoch 1482: 0/74 Loss: 0.021614
2026-04-24 12:25: Train Epoch 1482: 20/74 Loss: 0.004562
2026-04-24 12:25: Train Epoch 1482: 40/74 Loss: 0.007879
2026-04-24 12:25: Train Epoch 1482: 60/74 Loss: 0.019825
2026-04-24 12:25: **********Train Epoch 1482: averaged Loss: 0.007086
2026-04-24 12:25: **********Val Epoch 1482: average Loss: 0.010026
2026-04-24 12:25: Train Epoch 1483: 0/74 Loss: 0.023921
2026-04-24 12:25: Train Epoch 1483: 20/74 Loss: 0.002541
2026-04-24 12:25: Train Epoch 1483: 40/74 Loss: 0.007926
2026-04-24 12:25: Train Epoch 1483: 60/74 Loss: 0.015873
2026-04-24 12:25: **********Train Epoch 1483: averaged Loss: 0.007449
2026-04-24 12:25: **********Val Epoch 1483: average Loss: 0.009750
2026-04-24 12:25: Train Epoch 1484: 0/74 Loss: 0.002688
2026-04-24 12:25: Train Epoch 1484: 20/74 Loss: 0.002954
2026-04-24 12:25: Train Epoch 1484: 40/74 Loss: 0.004905
2026-04-24 12:25: Train Epoch 1484: 60/74 Loss: 0.014437
2026-04-24 12:25: **********Train Epoch 1484: averaged Loss: 0.005113
2026-04-24 12:25: **********Val Epoch 1484: average Loss: 0.013862
2026-04-24 12:25: Train Epoch 1485: 0/74 Loss: 0.026266
2026-04-24 12:25: Train Epoch 1485: 20/74 Loss: 0.002874
2026-04-24 12:25: Train Epoch 1485: 40/74 Loss: 0.005307
2026-04-24 12:25: Train Epoch 1485: 60/74 Loss: 0.007830
2026-04-24 12:25: **********Train Epoch 1485: averaged Loss: 0.006150
2026-04-24 12:25: **********Val Epoch 1485: average Loss: 0.011205
2026-04-24 12:25: Train Epoch 1486: 0/74 Loss: 0.004194
2026-04-24 12:26: Train Epoch 1486: 20/74 Loss: 0.002397
2026-04-24 12:26: Train Epoch 1486: 40/74 Loss: 0.004267
2026-04-24 12:26: Train Epoch 1486: 60/74 Loss: 0.007612
2026-04-24 12:26: **********Train Epoch 1486: averaged Loss: 0.004982
2026-04-24 12:26: **********Val Epoch 1486: average Loss: 0.011285
2026-04-24 12:26: Train Epoch 1487: 0/74 Loss: 0.002887
2026-04-24 12:26: Train Epoch 1487: 20/74 Loss: 0.002598
2026-04-24 12:26: Train Epoch 1487: 40/74 Loss: 0.003835
2026-04-24 12:26: Train Epoch 1487: 60/74 Loss: 0.007538
2026-04-24 12:26: **********Train Epoch 1487: averaged Loss: 0.004509
2026-04-24 12:26: **********Val Epoch 1487: average Loss: 0.011117
2026-04-24 12:26: Train Epoch 1488: 0/74 Loss: 0.015945
2026-04-24 12:26: Train Epoch 1488: 20/74 Loss: 0.002987
2026-04-24 12:26: Train Epoch 1488: 40/74 Loss: 0.003752
2026-04-24 12:26: Train Epoch 1488: 60/74 Loss: 0.004751
2026-04-24 12:26: **********Train Epoch 1488: averaged Loss: 0.005280
2026-04-24 12:26: **********Val Epoch 1488: average Loss: 0.012376
2026-04-24 12:26: Train Epoch 1489: 0/74 Loss: 0.012285
2026-04-24 12:26: Train Epoch 1489: 20/74 Loss: 0.002416
2026-04-24 12:26: Train Epoch 1489: 40/74 Loss: 0.003479
2026-04-24 12:26: Train Epoch 1489: 60/74 Loss: 0.005343
2026-04-24 12:26: **********Train Epoch 1489: averaged Loss: 0.004881
2026-04-24 12:26: **********Val Epoch 1489: average Loss: 0.012295
2026-04-24 12:26: Train Epoch 1490: 0/74 Loss: 0.006306
2026-04-24 12:26: Train Epoch 1490: 20/74 Loss: 0.003057
2026-04-24 12:26: Train Epoch 1490: 40/74 Loss: 0.003540
2026-04-24 12:26: Train Epoch 1490: 60/74 Loss: 0.005023
2026-04-24 12:26: **********Train Epoch 1490: averaged Loss: 0.004944
2026-04-24 12:26: **********Val Epoch 1490: average Loss: 0.015257
2026-04-24 12:26: Train Epoch 1491: 0/74 Loss: 0.018518
2026-04-24 12:26: Train Epoch 1491: 20/74 Loss: 0.002528
2026-04-24 12:26: Train Epoch 1491: 40/74 Loss: 0.003424
2026-04-24 12:26: Train Epoch 1491: 60/74 Loss: 0.007518
2026-04-24 12:26: **********Train Epoch 1491: averaged Loss: 0.006748
2026-04-24 12:26: **********Val Epoch 1491: average Loss: 0.012510
2026-04-24 12:26: Train Epoch 1492: 0/74 Loss: 0.021338
2026-04-24 12:26: Train Epoch 1492: 20/74 Loss: 0.003160
2026-04-24 12:26: Train Epoch 1492: 40/74 Loss: 0.003553
2026-04-24 12:26: Train Epoch 1492: 60/74 Loss: 0.021436
2026-04-24 12:26: **********Train Epoch 1492: averaged Loss: 0.010346
2026-04-24 12:26: **********Val Epoch 1492: average Loss: 0.013195
2026-04-24 12:26: Train Epoch 1493: 0/74 Loss: 0.030342
2026-04-24 12:26: Train Epoch 1493: 20/74 Loss: 0.003371
2026-04-24 12:26: Train Epoch 1493: 40/74 Loss: 0.003522
2026-04-24 12:26: Train Epoch 1493: 60/74 Loss: 0.019922
2026-04-24 12:26: **********Train Epoch 1493: averaged Loss: 0.007822
2026-04-24 12:26: **********Val Epoch 1493: average Loss: 0.015422
2026-04-24 12:26: Train Epoch 1494: 0/74 Loss: 0.038295
2026-04-24 12:26: Train Epoch 1494: 20/74 Loss: 0.002429
2026-04-24 12:27: Train Epoch 1494: 40/74 Loss: 0.005240
2026-04-24 12:27: Train Epoch 1494: 60/74 Loss: 0.005424
2026-04-24 12:27: **********Train Epoch 1494: averaged Loss: 0.008822
2026-04-24 12:27: **********Val Epoch 1494: average Loss: 0.006992
2026-04-24 12:27: Train Epoch 1495: 0/74 Loss: 0.026520
2026-04-24 12:27: Train Epoch 1495: 20/74 Loss: 0.002827
2026-04-24 12:27: Train Epoch 1495: 40/74 Loss: 0.006720
2026-04-24 12:27: Train Epoch 1495: 60/74 Loss: 0.008854
2026-04-24 12:27: **********Train Epoch 1495: averaged Loss: 0.008837
2026-04-24 12:27: **********Val Epoch 1495: average Loss: 0.008523
2026-04-24 12:27: Train Epoch 1496: 0/74 Loss: 0.032860
2026-04-24 12:27: Train Epoch 1496: 20/74 Loss: 0.002855
2026-04-24 12:27: Train Epoch 1496: 40/74 Loss: 0.003811
2026-04-24 12:27: Train Epoch 1496: 60/74 Loss: 0.004846
2026-04-24 12:27: **********Train Epoch 1496: averaged Loss: 0.006778
2026-04-24 12:27: **********Val Epoch 1496: average Loss: 0.006989
2026-04-24 12:27: Train Epoch 1497: 0/74 Loss: 0.009456
2026-04-24 12:27: Train Epoch 1497: 20/74 Loss: 0.002881
2026-04-24 12:27: Train Epoch 1497: 40/74 Loss: 0.003598
2026-04-24 12:27: Train Epoch 1497: 60/74 Loss: 0.019026
2026-04-24 12:27: **********Train Epoch 1497: averaged Loss: 0.007484
2026-04-24 12:27: **********Val Epoch 1497: average Loss: 0.010104
2026-04-24 12:27: Train Epoch 1498: 0/74 Loss: 0.012220
2026-04-24 12:27: Train Epoch 1498: 20/74 Loss: 0.003395
2026-04-24 12:27: Train Epoch 1498: 40/74 Loss: 0.005020
2026-04-24 12:27: Train Epoch 1498: 60/74 Loss: 0.016691
2026-04-24 12:27: **********Train Epoch 1498: averaged Loss: 0.007064
2026-04-24 12:27: **********Val Epoch 1498: average Loss: 0.009502
2026-04-24 12:27: Train Epoch 1499: 0/74 Loss: 0.009299
2026-04-24 12:27: Train Epoch 1499: 20/74 Loss: 0.003247
2026-04-24 12:27: Train Epoch 1499: 40/74 Loss: 0.003748
2026-04-24 12:27: Train Epoch 1499: 60/74 Loss: 0.014803
2026-04-24 12:27: **********Train Epoch 1499: averaged Loss: 0.006233
2026-04-24 12:27: **********Val Epoch 1499: average Loss: 0.010071
2026-04-24 12:27: Train Epoch 1500: 0/74 Loss: 0.015191
2026-04-24 12:27: Train Epoch 1500: 20/74 Loss: 0.002282
2026-04-24 12:27: Train Epoch 1500: 40/74 Loss: 0.004046
2026-04-24 12:27: Train Epoch 1500: 60/74 Loss: 0.010667
2026-04-24 12:27: **********Train Epoch 1500: averaged Loss: 0.006417
2026-04-24 12:27: **********Val Epoch 1500: average Loss: 0.012921
2026-04-24 12:27: Train Epoch 1501: 0/74 Loss: 0.002327
2026-04-24 12:27: Train Epoch 1501: 20/74 Loss: 0.003398
2026-04-24 12:27: Train Epoch 1501: 40/74 Loss: 0.005839
2026-04-24 12:27: Train Epoch 1501: 60/74 Loss: 0.007484
2026-04-24 12:27: **********Train Epoch 1501: averaged Loss: 0.005643
2026-04-24 12:27: **********Val Epoch 1501: average Loss: 0.007590
2026-04-24 12:27: Train Epoch 1502: 0/74 Loss: 0.020703
2026-04-24 12:27: Train Epoch 1502: 20/74 Loss: 0.002405
2026-04-24 12:27: Train Epoch 1502: 40/74 Loss: 0.003873
2026-04-24 12:27: Train Epoch 1502: 60/74 Loss: 0.005801
2026-04-24 12:27: **********Train Epoch 1502: averaged Loss: 0.004886
2026-04-24 12:27: **********Val Epoch 1502: average Loss: 0.006985
2026-04-24 12:27: Train Epoch 1503: 0/74 Loss: 0.002434
2026-04-24 12:28: Train Epoch 1503: 20/74 Loss: 0.006070
2026-04-24 12:28: Train Epoch 1503: 40/74 Loss: 0.003488
2026-04-24 12:28: Train Epoch 1503: 60/74 Loss: 0.006552
2026-04-24 12:28: **********Train Epoch 1503: averaged Loss: 0.005250
2026-04-24 12:28: **********Val Epoch 1503: average Loss: 0.008183
2026-04-24 12:28: Train Epoch 1504: 0/74 Loss: 0.009527
2026-04-24 12:28: Train Epoch 1504: 20/74 Loss: 0.002141
2026-04-24 12:28: Train Epoch 1504: 40/74 Loss: 0.003668
2026-04-24 12:28: Train Epoch 1504: 60/74 Loss: 0.004793
2026-04-24 12:28: **********Train Epoch 1504: averaged Loss: 0.006191
2026-04-24 12:28: **********Val Epoch 1504: average Loss: 0.006568
2026-04-24 12:28: Train Epoch 1505: 0/74 Loss: 0.003127
2026-04-24 12:28: Train Epoch 1505: 20/74 Loss: 0.004579
2026-04-24 12:28: Train Epoch 1505: 40/74 Loss: 0.003434
2026-04-24 12:28: Train Epoch 1505: 60/74 Loss: 0.004415
2026-04-24 12:28: **********Train Epoch 1505: averaged Loss: 0.005309
2026-04-24 12:28: **********Val Epoch 1505: average Loss: 0.005389
2026-04-24 12:28: Train Epoch 1506: 0/74 Loss: 0.003125
2026-04-24 12:28: Train Epoch 1506: 20/74 Loss: 0.004770
2026-04-24 12:28: Train Epoch 1506: 40/74 Loss: 0.003450
2026-04-24 12:28: Train Epoch 1506: 60/74 Loss: 0.005280
2026-04-24 12:28: **********Train Epoch 1506: averaged Loss: 0.005206
2026-04-24 12:28: **********Val Epoch 1506: average Loss: 0.004224
2026-04-24 12:28: Train Epoch 1507: 0/74 Loss: 0.002616
2026-04-24 12:28: Train Epoch 1507: 20/74 Loss: 0.003620
2026-04-24 12:28: Train Epoch 1507: 40/74 Loss: 0.003263
2026-04-24 12:28: Train Epoch 1507: 60/74 Loss: 0.004479
2026-04-24 12:28: **********Train Epoch 1507: averaged Loss: 0.005315
2026-04-24 12:28: **********Val Epoch 1507: average Loss: 0.004119
2026-04-24 12:28: Train Epoch 1508: 0/74 Loss: 0.028300
2026-04-24 12:28: Train Epoch 1508: 20/74 Loss: 0.011478
2026-04-24 12:28: Train Epoch 1508: 40/74 Loss: 0.005796
2026-04-24 12:28: Train Epoch 1508: 60/74 Loss: 0.005805
2026-04-24 12:28: **********Train Epoch 1508: averaged Loss: 0.009384
2026-04-24 12:28: **********Val Epoch 1508: average Loss: 0.005036
2026-04-24 12:28: Train Epoch 1509: 0/74 Loss: 0.012754
2026-04-24 12:28: Train Epoch 1509: 20/74 Loss: 0.002165
2026-04-24 12:28: Train Epoch 1509: 40/74 Loss: 0.003386
2026-04-24 12:28: Train Epoch 1509: 60/74 Loss: 0.006739
2026-04-24 12:28: **********Train Epoch 1509: averaged Loss: 0.005556
2026-04-24 12:28: **********Val Epoch 1509: average Loss: 0.004251
2026-04-24 12:28: Train Epoch 1510: 0/74 Loss: 0.009559
2026-04-24 12:28: Train Epoch 1510: 20/74 Loss: 0.002165
2026-04-24 12:28: Train Epoch 1510: 40/74 Loss: 0.003425
2026-04-24 12:28: Train Epoch 1510: 60/74 Loss: 0.004692
2026-04-24 12:28: **********Train Epoch 1510: averaged Loss: 0.006097
2026-04-24 12:28: **********Val Epoch 1510: average Loss: 0.006487
2026-04-24 12:28: Train Epoch 1511: 0/74 Loss: 0.029025
2026-04-24 12:28: Train Epoch 1511: 20/74 Loss: 0.011446
2026-04-24 12:28: Train Epoch 1511: 40/74 Loss: 0.005566
2026-04-24 12:29: Train Epoch 1511: 60/74 Loss: 0.005045
2026-04-24 12:29: **********Train Epoch 1511: averaged Loss: 0.009035
2026-04-24 12:29: **********Val Epoch 1511: average Loss: 0.006283
2026-04-24 12:29: Train Epoch 1512: 0/74 Loss: 0.018049
2026-04-24 12:29: Train Epoch 1512: 20/74 Loss: 0.009886
2026-04-24 12:29: Train Epoch 1512: 40/74 Loss: 0.003297
2026-04-24 12:29: Train Epoch 1512: 60/74 Loss: 0.004781
2026-04-24 12:29: **********Train Epoch 1512: averaged Loss: 0.007261
2026-04-24 12:29: **********Val Epoch 1512: average Loss: 0.004903
2026-04-24 12:29: Train Epoch 1513: 0/74 Loss: 0.022495
2026-04-24 12:29: Train Epoch 1513: 20/74 Loss: 0.010904
2026-04-24 12:29: Train Epoch 1513: 40/74 Loss: 0.006105
2026-04-24 12:29: Train Epoch 1513: 60/74 Loss: 0.005735
2026-04-24 12:29: **********Train Epoch 1513: averaged Loss: 0.008678
2026-04-24 12:29: **********Val Epoch 1513: average Loss: 0.006853
2026-04-24 12:29: Train Epoch 1514: 0/74 Loss: 0.017277
2026-04-24 12:29: Train Epoch 1514: 20/74 Loss: 0.003419
2026-04-24 12:29: Train Epoch 1514: 40/74 Loss: 0.003879
2026-04-24 12:29: Train Epoch 1514: 60/74 Loss: 0.008412
2026-04-24 12:29: **********Train Epoch 1514: averaged Loss: 0.006286
2026-04-24 12:29: **********Val Epoch 1514: average Loss: 0.008068
2026-04-24 12:29: Train Epoch 1515: 0/74 Loss: 0.002933
2026-04-24 12:29: Train Epoch 1515: 20/74 Loss: 0.002411
2026-04-24 12:29: Train Epoch 1515: 40/74 Loss: 0.003883
2026-04-24 12:29: Train Epoch 1515: 60/74 Loss: 0.005835
2026-04-24 12:29: **********Train Epoch 1515: averaged Loss: 0.005481
2026-04-24 12:29: **********Val Epoch 1515: average Loss: 0.011944
2026-04-24 12:29: Train Epoch 1516: 0/74 Loss: 0.008249
2026-04-24 12:29: Train Epoch 1516: 20/74 Loss: 0.002688
2026-04-24 12:29: Train Epoch 1516: 40/74 Loss: 0.003398
2026-04-24 12:29: Train Epoch 1516: 60/74 Loss: 0.020390
2026-04-24 12:29: **********Train Epoch 1516: averaged Loss: 0.007572
2026-04-24 12:29: **********Val Epoch 1516: average Loss: 0.014134
2026-04-24 12:29: Train Epoch 1517: 0/74 Loss: 0.005046
2026-04-24 12:29: Train Epoch 1517: 20/74 Loss: 0.005520
2026-04-24 12:29: Train Epoch 1517: 40/74 Loss: 0.004453
2026-04-24 12:29: Train Epoch 1517: 60/74 Loss: 0.023351
2026-04-24 12:29: **********Train Epoch 1517: averaged Loss: 0.007885
2026-04-24 12:29: **********Val Epoch 1517: average Loss: 0.012316
2026-04-24 12:29: Train Epoch 1518: 0/74 Loss: 0.025373
2026-04-24 12:29: Train Epoch 1518: 20/74 Loss: 0.002198
2026-04-24 12:29: Train Epoch 1518: 40/74 Loss: 0.003692
2026-04-24 12:29: Train Epoch 1518: 60/74 Loss: 0.017685
2026-04-24 12:29: **********Train Epoch 1518: averaged Loss: 0.008126
2026-04-24 12:29: **********Val Epoch 1518: average Loss: 0.012692
2026-04-24 12:29: Train Epoch 1519: 0/74 Loss: 0.020915
2026-04-24 12:29: Train Epoch 1519: 20/74 Loss: 0.002350
2026-04-24 12:29: Train Epoch 1519: 40/74 Loss: 0.004454
2026-04-24 12:29: Train Epoch 1519: 60/74 Loss: 0.017630
2026-04-24 12:29: **********Train Epoch 1519: averaged Loss: 0.006420
2026-04-24 12:29: **********Val Epoch 1519: average Loss: 0.015092
2026-04-24 12:29: Train Epoch 1520: 0/74 Loss: 0.020915
2026-04-24 12:29: Train Epoch 1520: 20/74 Loss: 0.002401
2026-04-24 12:30: Train Epoch 1520: 40/74 Loss: 0.004784
2026-04-24 12:30: Train Epoch 1520: 60/74 Loss: 0.007821
2026-04-24 12:30: **********Train Epoch 1520: averaged Loss: 0.005457
2026-04-24 12:30: **********Val Epoch 1520: average Loss: 0.013785
2026-04-24 12:30: Train Epoch 1521: 0/74 Loss: 0.003699
2026-04-24 12:30: Train Epoch 1521: 20/74 Loss: 0.004207
2026-04-24 12:30: Train Epoch 1521: 40/74 Loss: 0.003392
2026-04-24 12:30: Train Epoch 1521: 60/74 Loss: 0.005826
2026-04-24 12:30: **********Train Epoch 1521: averaged Loss: 0.005273
2026-04-24 12:30: **********Val Epoch 1521: average Loss: 0.012580
2026-04-24 12:30: Train Epoch 1522: 0/74 Loss: 0.008416
2026-04-24 12:30: Train Epoch 1522: 20/74 Loss: 0.003432
2026-04-24 12:30: Train Epoch 1522: 40/74 Loss: 0.003327
2026-04-24 12:30: Train Epoch 1522: 60/74 Loss: 0.006409
2026-04-24 12:30: **********Train Epoch 1522: averaged Loss: 0.005729
2026-04-24 12:30: **********Val Epoch 1522: average Loss: 0.010504
2026-04-24 12:30: Train Epoch 1523: 0/74 Loss: 0.010247
2026-04-24 12:30: Train Epoch 1523: 20/74 Loss: 0.002360
2026-04-24 12:30: Train Epoch 1523: 40/74 Loss: 0.003661
2026-04-24 12:30: Train Epoch 1523: 60/74 Loss: 0.005493
2026-04-24 12:30: **********Train Epoch 1523: averaged Loss: 0.004966
2026-04-24 12:30: **********Val Epoch 1523: average Loss: 0.012274
2026-04-24 12:30: Train Epoch 1524: 0/74 Loss: 0.014029
2026-04-24 12:30: Train Epoch 1524: 20/74 Loss: 0.002572
2026-04-24 12:30: Train Epoch 1524: 40/74 Loss: 0.005174
2026-04-24 12:30: Train Epoch 1524: 60/74 Loss: 0.006330
2026-04-24 12:30: **********Train Epoch 1524: averaged Loss: 0.007107
2026-04-24 12:30: **********Val Epoch 1524: average Loss: 0.009948
2026-04-24 12:30: Train Epoch 1525: 0/74 Loss: 0.031951
2026-04-24 12:30: Train Epoch 1525: 20/74 Loss: 0.006219
2026-04-24 12:30: Train Epoch 1525: 40/74 Loss: 0.003618
2026-04-24 12:30: Train Epoch 1525: 60/74 Loss: 0.008812
2026-04-24 12:30: **********Train Epoch 1525: averaged Loss: 0.010154
2026-04-24 12:30: **********Val Epoch 1525: average Loss: 0.011624
2026-04-24 12:30: Train Epoch 1526: 0/74 Loss: 0.048507
2026-04-24 12:30: Train Epoch 1526: 20/74 Loss: 0.004632
2026-04-24 12:30: Train Epoch 1526: 40/74 Loss: 0.007657
2026-04-24 12:30: Train Epoch 1526: 60/74 Loss: 0.007044
2026-04-24 12:30: **********Train Epoch 1526: averaged Loss: 0.012398
2026-04-24 12:30: **********Val Epoch 1526: average Loss: 0.009513
2026-04-24 12:30: Train Epoch 1527: 0/74 Loss: 0.025644
2026-04-24 12:30: Train Epoch 1527: 20/74 Loss: 0.010884
2026-04-24 12:30: Train Epoch 1527: 40/74 Loss: 0.005212
2026-04-24 12:30: Train Epoch 1527: 60/74 Loss: 0.012620
2026-04-24 12:30: **********Train Epoch 1527: averaged Loss: 0.010616
2026-04-24 12:30: **********Val Epoch 1527: average Loss: 0.012069
2026-04-24 12:30: Train Epoch 1528: 0/74 Loss: 0.046914
2026-04-24 12:30: Train Epoch 1528: 20/74 Loss: 0.007696
2026-04-24 12:30: Train Epoch 1528: 40/74 Loss: 0.005721
2026-04-24 12:30: Train Epoch 1528: 60/74 Loss: 0.009696
2026-04-24 12:31: **********Train Epoch 1528: averaged Loss: 0.012018
2026-04-24 12:31: **********Val Epoch 1528: average Loss: 0.005674
2026-04-24 12:31: Train Epoch 1529: 0/74 Loss: 0.014721
2026-04-24 12:31: Train Epoch 1529: 20/74 Loss: 0.002586
2026-04-24 12:31: Train Epoch 1529: 40/74 Loss: 0.003715
2026-04-24 12:31: Train Epoch 1529: 60/74 Loss: 0.014368
2026-04-24 12:31: **********Train Epoch 1529: averaged Loss: 0.007794
2026-04-24 12:31: **********Val Epoch 1529: average Loss: 0.006437
2026-04-24 12:31: Train Epoch 1530: 0/74 Loss: 0.029250
2026-04-24 12:31: Train Epoch 1530: 20/74 Loss: 0.007309
2026-04-24 12:31: Train Epoch 1530: 40/74 Loss: 0.005773
2026-04-24 12:31: Train Epoch 1530: 60/74 Loss: 0.018658
2026-04-24 12:31: **********Train Epoch 1530: averaged Loss: 0.009547
2026-04-24 12:31: **********Val Epoch 1530: average Loss: 0.009132
2026-04-24 12:31: Train Epoch 1531: 0/74 Loss: 0.004959
2026-04-24 12:31: Train Epoch 1531: 20/74 Loss: 0.004306
2026-04-24 12:31: Train Epoch 1531: 40/74 Loss: 0.007730
2026-04-24 12:31: Train Epoch 1531: 60/74 Loss: 0.030508
2026-04-24 12:31: **********Train Epoch 1531: averaged Loss: 0.008740
2026-04-24 12:31: **********Val Epoch 1531: average Loss: 0.027363
2026-04-24 12:31: Train Epoch 1532: 0/74 Loss: 0.003431
2026-04-24 12:31: Train Epoch 1532: 20/74 Loss: 0.003128
2026-04-24 12:31: Train Epoch 1532: 40/74 Loss: 0.010334
2026-04-24 12:31: Train Epoch 1532: 60/74 Loss: 0.014435
2026-04-24 12:31: **********Train Epoch 1532: averaged Loss: 0.006620
2026-04-24 12:31: **********Val Epoch 1532: average Loss: 0.006414
2026-04-24 12:31: Train Epoch 1533: 0/74 Loss: 0.029132
2026-04-24 12:31: Train Epoch 1533: 20/74 Loss: 0.004044
2026-04-24 12:31: Train Epoch 1533: 40/74 Loss: 0.008956
2026-04-24 12:31: Train Epoch 1533: 60/74 Loss: 0.006498
2026-04-24 12:31: **********Train Epoch 1533: averaged Loss: 0.008406
2026-04-24 12:31: **********Val Epoch 1533: average Loss: 0.007183
2026-04-24 12:31: Train Epoch 1534: 0/74 Loss: 0.040470
2026-04-24 12:31: Train Epoch 1534: 20/74 Loss: 0.007208
2026-04-24 12:31: Train Epoch 1534: 40/74 Loss: 0.006530
2026-04-24 12:31: Train Epoch 1534: 60/74 Loss: 0.009333
2026-04-24 12:31: **********Train Epoch 1534: averaged Loss: 0.007911
2026-04-24 12:31: **********Val Epoch 1534: average Loss: 0.006224
2026-04-24 12:31: Train Epoch 1535: 0/74 Loss: 0.020067
2026-04-24 12:31: Train Epoch 1535: 20/74 Loss: 0.003203
2026-04-24 12:31: Train Epoch 1535: 40/74 Loss: 0.006611
2026-04-24 12:31: Train Epoch 1535: 60/74 Loss: 0.006102
2026-04-24 12:31: **********Train Epoch 1535: averaged Loss: 0.005853
2026-04-24 12:31: **********Val Epoch 1535: average Loss: 0.007388
2026-04-24 12:31: Train Epoch 1536: 0/74 Loss: 0.005111
2026-04-24 12:31: Train Epoch 1536: 20/74 Loss: 0.002484
2026-04-24 12:31: Train Epoch 1536: 40/74 Loss: 0.007549
2026-04-24 12:31: Train Epoch 1536: 60/74 Loss: 0.007656
2026-04-24 12:31: **********Train Epoch 1536: averaged Loss: 0.005051
2026-04-24 12:31: **********Val Epoch 1536: average Loss: 0.007746
2026-04-24 12:31: Train Epoch 1537: 0/74 Loss: 0.003362
2026-04-24 12:31: Train Epoch 1537: 20/74 Loss: 0.002309
2026-04-24 12:32: Train Epoch 1537: 40/74 Loss: 0.006130
2026-04-24 12:32: Train Epoch 1537: 60/74 Loss: 0.005336
2026-04-24 12:32: **********Train Epoch 1537: averaged Loss: 0.004622
2026-04-24 12:32: **********Val Epoch 1537: average Loss: 0.007630
2026-04-24 12:32: Train Epoch 1538: 0/74 Loss: 0.026396
2026-04-24 12:32: Train Epoch 1538: 20/74 Loss: 0.002595
2026-04-24 12:32: Train Epoch 1538: 40/74 Loss: 0.006055
2026-04-24 12:32: Train Epoch 1538: 60/74 Loss: 0.006560
2026-04-24 12:32: **********Train Epoch 1538: averaged Loss: 0.005671
2026-04-24 12:32: **********Val Epoch 1538: average Loss: 0.007362
2026-04-24 12:32: Train Epoch 1539: 0/74 Loss: 0.014822
2026-04-24 12:32: Train Epoch 1539: 20/74 Loss: 0.002347
2026-04-24 12:32: Train Epoch 1539: 40/74 Loss: 0.005693
2026-04-24 12:32: Train Epoch 1539: 60/74 Loss: 0.004751
2026-04-24 12:32: **********Train Epoch 1539: averaged Loss: 0.005100
2026-04-24 12:32: **********Val Epoch 1539: average Loss: 0.007168
2026-04-24 12:32: Train Epoch 1540: 0/74 Loss: 0.009409
2026-04-24 12:32: Train Epoch 1540: 20/74 Loss: 0.002471
2026-04-24 12:32: Train Epoch 1540: 40/74 Loss: 0.005557
2026-04-24 12:32: Train Epoch 1540: 60/74 Loss: 0.005243
2026-04-24 12:32: **********Train Epoch 1540: averaged Loss: 0.004264
2026-04-24 12:32: **********Val Epoch 1540: average Loss: 0.007061
2026-04-24 12:32: Train Epoch 1541: 0/74 Loss: 0.024034
2026-04-24 12:32: Train Epoch 1541: 20/74 Loss: 0.003493
2026-04-24 12:32: Train Epoch 1541: 40/74 Loss: 0.005326
2026-04-24 12:32: Train Epoch 1541: 60/74 Loss: 0.005050
2026-04-24 12:32: **********Train Epoch 1541: averaged Loss: 0.005568
2026-04-24 12:32: **********Val Epoch 1541: average Loss: 0.006771
2026-04-24 12:32: Train Epoch 1542: 0/74 Loss: 0.008784
2026-04-24 12:32: Train Epoch 1542: 20/74 Loss: 0.002406
2026-04-24 12:32: Train Epoch 1542: 40/74 Loss: 0.005599
2026-04-24 12:32: Train Epoch 1542: 60/74 Loss: 0.005065
2026-04-24 12:32: **********Train Epoch 1542: averaged Loss: 0.004276
2026-04-24 12:32: **********Val Epoch 1542: average Loss: 0.005549
2026-04-24 12:32: Train Epoch 1543: 0/74 Loss: 0.006784
2026-04-24 12:32: Train Epoch 1543: 20/74 Loss: 0.002618
2026-04-24 12:32: Train Epoch 1543: 40/74 Loss: 0.006317
2026-04-24 12:32: Train Epoch 1543: 60/74 Loss: 0.005556
2026-04-24 12:32: **********Train Epoch 1543: averaged Loss: 0.004426
2026-04-24 12:32: **********Val Epoch 1543: average Loss: 0.005386
2026-04-24 12:32: Train Epoch 1544: 0/74 Loss: 0.015478
2026-04-24 12:32: Train Epoch 1544: 20/74 Loss: 0.003136
2026-04-24 12:32: Train Epoch 1544: 40/74 Loss: 0.005311
2026-04-24 12:32: Train Epoch 1544: 60/74 Loss: 0.005563
2026-04-24 12:32: **********Train Epoch 1544: averaged Loss: 0.004978
2026-04-24 12:32: **********Val Epoch 1544: average Loss: 0.005850
2026-04-24 12:32: Train Epoch 1545: 0/74 Loss: 0.023528
2026-04-24 12:32: Train Epoch 1545: 20/74 Loss: 0.002715
2026-04-24 12:32: Train Epoch 1545: 40/74 Loss: 0.003687
2026-04-24 12:32: Train Epoch 1545: 60/74 Loss: 0.010674
2026-04-24 12:33: **********Train Epoch 1545: averaged Loss: 0.005677
2026-04-24 12:33: **********Val Epoch 1545: average Loss: 0.007905
2026-04-24 12:33: Train Epoch 1546: 0/74 Loss: 0.021332
2026-04-24 12:33: Train Epoch 1546: 20/74 Loss: 0.002762
2026-04-24 12:33: Train Epoch 1546: 40/74 Loss: 0.004978
2026-04-24 12:33: Train Epoch 1546: 60/74 Loss: 0.007632
2026-04-24 12:33: **********Train Epoch 1546: averaged Loss: 0.005638
2026-04-24 12:33: **********Val Epoch 1546: average Loss: 0.008357
2026-04-24 12:33: Train Epoch 1547: 0/74 Loss: 0.021820
2026-04-24 12:33: Train Epoch 1547: 20/74 Loss: 0.006055
2026-04-24 12:33: Train Epoch 1547: 40/74 Loss: 0.008301
2026-04-24 12:33: Train Epoch 1547: 60/74 Loss: 0.011163
2026-04-24 12:33: **********Train Epoch 1547: averaged Loss: 0.009336
2026-04-24 12:33: **********Val Epoch 1547: average Loss: 0.006895
2026-04-24 12:33: Train Epoch 1548: 0/74 Loss: 0.002490
2026-04-24 12:33: Train Epoch 1548: 20/74 Loss: 0.002350
2026-04-24 12:33: Train Epoch 1548: 40/74 Loss: 0.003892
2026-04-24 12:33: Train Epoch 1548: 60/74 Loss: 0.012146
2026-04-24 12:33: **********Train Epoch 1548: averaged Loss: 0.005543
2026-04-24 12:33: **********Val Epoch 1548: average Loss: 0.007944
2026-04-24 12:33: Train Epoch 1549: 0/74 Loss: 0.019115
2026-04-24 12:33: Train Epoch 1549: 20/74 Loss: 0.002427
2026-04-24 12:33: Train Epoch 1549: 40/74 Loss: 0.004545
2026-04-24 12:33: Train Epoch 1549: 60/74 Loss: 0.011041
2026-04-24 12:33: **********Train Epoch 1549: averaged Loss: 0.006400
2026-04-24 12:33: **********Val Epoch 1549: average Loss: 0.010117
2026-04-24 12:33: Train Epoch 1550: 0/74 Loss: 0.009166
2026-04-24 12:33: Train Epoch 1550: 20/74 Loss: 0.002909
2026-04-24 12:33: Train Epoch 1550: 40/74 Loss: 0.003940
2026-04-24 12:33: Train Epoch 1550: 60/74 Loss: 0.018058
2026-04-24 12:33: **********Train Epoch 1550: averaged Loss: 0.008005
2026-04-24 12:33: **********Val Epoch 1550: average Loss: 0.016175
2026-04-24 12:33: Train Epoch 1551: 0/74 Loss: 0.002458
2026-04-24 12:33: Train Epoch 1551: 20/74 Loss: 0.005437
2026-04-24 12:33: Train Epoch 1551: 40/74 Loss: 0.005253
2026-04-24 12:33: Train Epoch 1551: 60/74 Loss: 0.007696
2026-04-24 12:33: **********Train Epoch 1551: averaged Loss: 0.008311
2026-04-24 12:33: **********Val Epoch 1551: average Loss: 0.023832
2026-04-24 12:33: Train Epoch 1552: 0/74 Loss: 0.025753
2026-04-24 12:33: Train Epoch 1552: 20/74 Loss: 0.010163
2026-04-24 12:33: Train Epoch 1552: 40/74 Loss: 0.005108
2026-04-24 12:33: Train Epoch 1552: 60/74 Loss: 0.005648
2026-04-24 12:33: **********Train Epoch 1552: averaged Loss: 0.009794
2026-04-24 12:33: **********Val Epoch 1552: average Loss: 0.015402
2026-04-24 12:33: Train Epoch 1553: 0/74 Loss: 0.016160
2026-04-24 12:33: Train Epoch 1553: 20/74 Loss: 0.004310
2026-04-24 12:33: Train Epoch 1553: 40/74 Loss: 0.004473
2026-04-24 12:33: Train Epoch 1553: 60/74 Loss: 0.005213
2026-04-24 12:33: **********Train Epoch 1553: averaged Loss: 0.007530
2026-04-24 12:33: **********Val Epoch 1553: average Loss: 0.016436
2026-04-24 12:33: Train Epoch 1554: 0/74 Loss: 0.026280
2026-04-24 12:33: Train Epoch 1554: 20/74 Loss: 0.011774
2026-04-24 12:34: Train Epoch 1554: 40/74 Loss: 0.006358
2026-04-24 12:34: Train Epoch 1554: 60/74 Loss: 0.007196
2026-04-24 12:34: **********Train Epoch 1554: averaged Loss: 0.009601
2026-04-24 12:34: **********Val Epoch 1554: average Loss: 0.009479
2026-04-24 12:34: Train Epoch 1555: 0/74 Loss: 0.012857
2026-04-24 12:34: Train Epoch 1555: 20/74 Loss: 0.008600
2026-04-24 12:34: Train Epoch 1555: 40/74 Loss: 0.007872
2026-04-24 12:34: Train Epoch 1555: 60/74 Loss: 0.007195
2026-04-24 12:34: **********Train Epoch 1555: averaged Loss: 0.008485
2026-04-24 12:34: **********Val Epoch 1555: average Loss: 0.010210
2026-04-24 12:34: Train Epoch 1556: 0/74 Loss: 0.042353
2026-04-24 12:34: Train Epoch 1556: 20/74 Loss: 0.008017
2026-04-24 12:34: Train Epoch 1556: 40/74 Loss: 0.004892
2026-04-24 12:34: Train Epoch 1556: 60/74 Loss: 0.005978
2026-04-24 12:34: **********Train Epoch 1556: averaged Loss: 0.010443
2026-04-24 12:34: **********Val Epoch 1556: average Loss: 0.010405
2026-04-24 12:34: Train Epoch 1557: 0/74 Loss: 0.023389
2026-04-24 12:34: Train Epoch 1557: 20/74 Loss: 0.004281
2026-04-24 12:34: Train Epoch 1557: 40/74 Loss: 0.003813
2026-04-24 12:34: Train Epoch 1557: 60/74 Loss: 0.004688
2026-04-24 12:34: **********Train Epoch 1557: averaged Loss: 0.006961
2026-04-24 12:34: **********Val Epoch 1557: average Loss: 0.006124
2026-04-24 12:34: Train Epoch 1558: 0/74 Loss: 0.028894
2026-04-24 12:34: Train Epoch 1558: 20/74 Loss: 0.009557
2026-04-24 12:34: Train Epoch 1558: 40/74 Loss: 0.006423
2026-04-24 12:34: Train Epoch 1558: 60/74 Loss: 0.009210
2026-04-24 12:34: **********Train Epoch 1558: averaged Loss: 0.008891
2026-04-24 12:34: **********Val Epoch 1558: average Loss: 0.004693
2026-04-24 12:34: Train Epoch 1559: 0/74 Loss: 0.027368
2026-04-24 12:34: Train Epoch 1559: 20/74 Loss: 0.002378
2026-04-24 12:34: Train Epoch 1559: 40/74 Loss: 0.003593
2026-04-24 12:34: Train Epoch 1559: 60/74 Loss: 0.005074
2026-04-24 12:34: **********Train Epoch 1559: averaged Loss: 0.007023
2026-04-24 12:34: **********Val Epoch 1559: average Loss: 0.004193
2026-04-24 12:34: Train Epoch 1560: 0/74 Loss: 0.002703
2026-04-24 12:34: Train Epoch 1560: 20/74 Loss: 0.003334
2026-04-24 12:34: Train Epoch 1560: 40/74 Loss: 0.005850
2026-04-24 12:34: Train Epoch 1560: 60/74 Loss: 0.008736
2026-04-24 12:34: **********Train Epoch 1560: averaged Loss: 0.005284
2026-04-24 12:34: **********Val Epoch 1560: average Loss: 0.004268
2026-04-24 12:34: Train Epoch 1561: 0/74 Loss: 0.012510
2026-04-24 12:34: Train Epoch 1561: 20/74 Loss: 0.004261
2026-04-24 12:34: Train Epoch 1561: 40/74 Loss: 0.011001
2026-04-24 12:34: Train Epoch 1561: 60/74 Loss: 0.004987
2026-04-24 12:34: **********Train Epoch 1561: averaged Loss: 0.007377
2026-04-24 12:34: **********Val Epoch 1561: average Loss: 0.004307
2026-04-24 12:34: Train Epoch 1562: 0/74 Loss: 0.043273
2026-04-24 12:34: Train Epoch 1562: 20/74 Loss: 0.006771
2026-04-24 12:34: Train Epoch 1562: 40/74 Loss: 0.004011
2026-04-24 12:34: Train Epoch 1562: 60/74 Loss: 0.006689
2026-04-24 12:34: **********Train Epoch 1562: averaged Loss: 0.007407
2026-04-24 12:34: **********Val Epoch 1562: average Loss: 0.003984
2026-04-24 12:34: Train Epoch 1563: 0/74 Loss: 0.016702
2026-04-24 12:35: Train Epoch 1563: 20/74 Loss: 0.003354
2026-04-24 12:35: Train Epoch 1563: 40/74 Loss: 0.004489
2026-04-24 12:35: Train Epoch 1563: 60/74 Loss: 0.004478
2026-04-24 12:35: **********Train Epoch 1563: averaged Loss: 0.004788
2026-04-24 12:35: **********Val Epoch 1563: average Loss: 0.004599
2026-04-24 12:35: Train Epoch 1564: 0/74 Loss: 0.018888
2026-04-24 12:35: Train Epoch 1564: 20/74 Loss: 0.003565
2026-04-24 12:35: Train Epoch 1564: 40/74 Loss: 0.003209
2026-04-24 12:35: Train Epoch 1564: 60/74 Loss: 0.004634
2026-04-24 12:35: **********Train Epoch 1564: averaged Loss: 0.004313
2026-04-24 12:35: **********Val Epoch 1564: average Loss: 0.004822
2026-04-24 12:35: Train Epoch 1565: 0/74 Loss: 0.002422
2026-04-24 12:35: Train Epoch 1565: 20/74 Loss: 0.002782
2026-04-24 12:35: Train Epoch 1565: 40/74 Loss: 0.004122
2026-04-24 12:35: Train Epoch 1565: 60/74 Loss: 0.004629
2026-04-24 12:35: **********Train Epoch 1565: averaged Loss: 0.004123
2026-04-24 12:35: **********Val Epoch 1565: average Loss: 0.005158
2026-04-24 12:35: Train Epoch 1566: 0/74 Loss: 0.010711
2026-04-24 12:35: Train Epoch 1566: 20/74 Loss: 0.004433
2026-04-24 12:35: Train Epoch 1566: 40/74 Loss: 0.003510
2026-04-24 12:35: Train Epoch 1566: 60/74 Loss: 0.007970
2026-04-24 12:35: **********Train Epoch 1566: averaged Loss: 0.004931
2026-04-24 12:35: **********Val Epoch 1566: average Loss: 0.004803
2026-04-24 12:35: Train Epoch 1567: 0/74 Loss: 0.010248
2026-04-24 12:35: Train Epoch 1567: 20/74 Loss: 0.003841
2026-04-24 12:35: Train Epoch 1567: 40/74 Loss: 0.004259
2026-04-24 12:35: Train Epoch 1567: 60/74 Loss: 0.004659
2026-04-24 12:35: **********Train Epoch 1567: averaged Loss: 0.004852
2026-04-24 12:35: **********Val Epoch 1567: average Loss: 0.005545
2026-04-24 12:35: Train Epoch 1568: 0/74 Loss: 0.005087
2026-04-24 12:35: Train Epoch 1568: 20/74 Loss: 0.002159
2026-04-24 12:35: Train Epoch 1568: 40/74 Loss: 0.003320
2026-04-24 12:35: Train Epoch 1568: 60/74 Loss: 0.004807
2026-04-24 12:35: **********Train Epoch 1568: averaged Loss: 0.003765
2026-04-24 12:35: **********Val Epoch 1568: average Loss: 0.003890
2026-04-24 12:35: *********************************Current best model saved!
2026-04-24 12:35: Train Epoch 1569: 0/74 Loss: 0.012954
2026-04-24 12:35: Train Epoch 1569: 20/74 Loss: 0.002465
2026-04-24 12:35: Train Epoch 1569: 40/74 Loss: 0.003419
2026-04-24 12:35: Train Epoch 1569: 60/74 Loss: 0.004699
2026-04-24 12:35: **********Train Epoch 1569: averaged Loss: 0.004008
2026-04-24 12:35: **********Val Epoch 1569: average Loss: 0.007278
2026-04-24 12:35: Train Epoch 1570: 0/74 Loss: 0.003873
2026-04-24 12:35: Train Epoch 1570: 20/74 Loss: 0.002523
2026-04-24 12:35: Train Epoch 1570: 40/74 Loss: 0.003490
2026-04-24 12:35: Train Epoch 1570: 60/74 Loss: 0.004769
2026-04-24 12:35: **********Train Epoch 1570: averaged Loss: 0.004029
2026-04-24 12:35: **********Val Epoch 1570: average Loss: 0.005219
2026-04-24 12:35: Train Epoch 1571: 0/74 Loss: 0.011193
2026-04-24 12:35: Train Epoch 1571: 20/74 Loss: 0.002255
2026-04-24 12:35: Train Epoch 1571: 40/74 Loss: 0.003243
2026-04-24 12:35: Train Epoch 1571: 60/74 Loss: 0.005860
2026-04-24 12:35: **********Train Epoch 1571: averaged Loss: 0.003970
2026-04-24 12:35: **********Val Epoch 1571: average Loss: 0.006175
2026-04-24 12:35: Train Epoch 1572: 0/74 Loss: 0.002616
2026-04-24 12:36: Train Epoch 1572: 20/74 Loss: 0.002269
2026-04-24 12:36: Train Epoch 1572: 40/74 Loss: 0.003775
2026-04-24 12:36: Train Epoch 1572: 60/74 Loss: 0.005309
2026-04-24 12:36: **********Train Epoch 1572: averaged Loss: 0.004046
2026-04-24 12:36: **********Val Epoch 1572: average Loss: 0.005073
2026-04-24 12:36: Train Epoch 1573: 0/74 Loss: 0.005784
2026-04-24 12:36: Train Epoch 1573: 20/74 Loss: 0.002349
2026-04-24 12:36: Train Epoch 1573: 40/74 Loss: 0.003835
2026-04-24 12:36: Train Epoch 1573: 60/74 Loss: 0.006524
2026-04-24 12:36: **********Train Epoch 1573: averaged Loss: 0.004491
2026-04-24 12:36: **********Val Epoch 1573: average Loss: 0.005829
2026-04-24 12:36: Train Epoch 1574: 0/74 Loss: 0.012150
2026-04-24 12:36: Train Epoch 1574: 20/74 Loss: 0.003667
2026-04-24 12:36: Train Epoch 1574: 40/74 Loss: 0.004286
2026-04-24 12:36: Train Epoch 1574: 60/74 Loss: 0.007970
2026-04-24 12:36: **********Train Epoch 1574: averaged Loss: 0.005795
2026-04-24 12:36: **********Val Epoch 1574: average Loss: 0.004732
2026-04-24 12:36: Train Epoch 1575: 0/74 Loss: 0.027829
2026-04-24 12:36: Train Epoch 1575: 20/74 Loss: 0.002308
2026-04-24 12:36: Train Epoch 1575: 40/74 Loss: 0.003572
2026-04-24 12:36: Train Epoch 1575: 60/74 Loss: 0.004909
2026-04-24 12:36: **********Train Epoch 1575: averaged Loss: 0.006634
2026-04-24 12:36: **********Val Epoch 1575: average Loss: 0.004241
2026-04-24 12:36: Train Epoch 1576: 0/74 Loss: 0.006534
2026-04-24 12:36: Train Epoch 1576: 20/74 Loss: 0.002196
2026-04-24 12:36: Train Epoch 1576: 40/74 Loss: 0.003975
2026-04-24 12:36: Train Epoch 1576: 60/74 Loss: 0.004697
2026-04-24 12:36: **********Train Epoch 1576: averaged Loss: 0.004092
2026-04-24 12:36: **********Val Epoch 1576: average Loss: 0.005025
2026-04-24 12:36: Train Epoch 1577: 0/74 Loss: 0.018979
2026-04-24 12:36: Train Epoch 1577: 20/74 Loss: 0.003824
2026-04-24 12:36: Train Epoch 1577: 40/74 Loss: 0.003527
2026-04-24 12:36: Train Epoch 1577: 60/74 Loss: 0.004876
2026-04-24 12:36: **********Train Epoch 1577: averaged Loss: 0.004963
2026-04-24 12:36: **********Val Epoch 1577: average Loss: 0.007497
2026-04-24 12:36: Train Epoch 1578: 0/74 Loss: 0.020326
2026-04-24 12:36: Train Epoch 1578: 20/74 Loss: 0.002727
2026-04-24 12:36: Train Epoch 1578: 40/74 Loss: 0.003420
2026-04-24 12:36: Train Epoch 1578: 60/74 Loss: 0.004800
2026-04-24 12:36: **********Train Epoch 1578: averaged Loss: 0.004621
2026-04-24 12:36: **********Val Epoch 1578: average Loss: 0.005160
2026-04-24 12:36: Train Epoch 1579: 0/74 Loss: 0.002969
2026-04-24 12:36: Train Epoch 1579: 20/74 Loss: 0.002783
2026-04-24 12:36: Train Epoch 1579: 40/74 Loss: 0.005095
2026-04-24 12:36: Train Epoch 1579: 60/74 Loss: 0.005824
2026-04-24 12:36: **********Train Epoch 1579: averaged Loss: 0.004408
2026-04-24 12:36: **********Val Epoch 1579: average Loss: 0.005486
2026-04-24 12:36: Train Epoch 1580: 0/74 Loss: 0.010400
2026-04-24 12:36: Train Epoch 1580: 20/74 Loss: 0.005919
2026-04-24 12:36: Train Epoch 1580: 40/74 Loss: 0.003636
2026-04-24 12:36: Train Epoch 1580: 60/74 Loss: 0.005082
2026-04-24 12:36: **********Train Epoch 1580: averaged Loss: 0.005347
2026-04-24 12:36: **********Val Epoch 1580: average Loss: 0.005977
2026-04-24 12:36: Train Epoch 1581: 0/74 Loss: 0.011063
2026-04-24 12:36: Train Epoch 1581: 20/74 Loss: 0.002184
2026-04-24 12:37: Train Epoch 1581: 40/74 Loss: 0.003706
2026-04-24 12:37: Train Epoch 1581: 60/74 Loss: 0.007998
2026-04-24 12:37: **********Train Epoch 1581: averaged Loss: 0.004487
2026-04-24 12:37: **********Val Epoch 1581: average Loss: 0.006115
2026-04-24 12:37: Train Epoch 1582: 0/74 Loss: 0.032800
2026-04-24 12:37: Train Epoch 1582: 20/74 Loss: 0.003436
2026-04-24 12:37: Train Epoch 1582: 40/74 Loss: 0.004962
2026-04-24 12:37: Train Epoch 1582: 60/74 Loss: 0.007362
2026-04-24 12:37: **********Train Epoch 1582: averaged Loss: 0.006763
2026-04-24 12:37: **********Val Epoch 1582: average Loss: 0.006981
2026-04-24 12:37: Train Epoch 1583: 0/74 Loss: 0.006254
2026-04-24 12:37: Train Epoch 1583: 20/74 Loss: 0.002419
2026-04-24 12:37: Train Epoch 1583: 40/74 Loss: 0.004670
2026-04-24 12:37: Train Epoch 1583: 60/74 Loss: 0.006233
2026-04-24 12:37: **********Train Epoch 1583: averaged Loss: 0.004399
2026-04-24 12:37: **********Val Epoch 1583: average Loss: 0.005539
2026-04-24 12:37: Train Epoch 1584: 0/74 Loss: 0.009034
2026-04-24 12:37: Train Epoch 1584: 20/74 Loss: 0.004799
2026-04-24 12:37: Train Epoch 1584: 40/74 Loss: 0.004425
2026-04-24 12:37: Train Epoch 1584: 60/74 Loss: 0.006310
2026-04-24 12:37: **********Train Epoch 1584: averaged Loss: 0.005423
2026-04-24 12:37: **********Val Epoch 1584: average Loss: 0.006620
2026-04-24 12:37: Train Epoch 1585: 0/74 Loss: 0.009546
2026-04-24 12:37: Train Epoch 1585: 20/74 Loss: 0.002296
2026-04-24 12:37: Train Epoch 1585: 40/74 Loss: 0.004673
2026-04-24 12:37: Train Epoch 1585: 60/74 Loss: 0.005046
2026-04-24 12:37: **********Train Epoch 1585: averaged Loss: 0.004327
2026-04-24 12:37: **********Val Epoch 1585: average Loss: 0.008135
2026-04-24 12:37: Train Epoch 1586: 0/74 Loss: 0.003011
2026-04-24 12:37: Train Epoch 1586: 20/74 Loss: 0.002423
2026-04-24 12:37: Train Epoch 1586: 40/74 Loss: 0.003595
2026-04-24 12:37: Train Epoch 1586: 60/74 Loss: 0.006610
2026-04-24 12:37: **********Train Epoch 1586: averaged Loss: 0.004562
2026-04-24 12:37: **********Val Epoch 1586: average Loss: 0.006186
2026-04-24 12:37: Train Epoch 1587: 0/74 Loss: 0.020475
2026-04-24 12:37: Train Epoch 1587: 20/74 Loss: 0.002322
2026-04-24 12:37: Train Epoch 1587: 40/74 Loss: 0.003417
2026-04-24 12:37: Train Epoch 1587: 60/74 Loss: 0.005891
2026-04-24 12:37: **********Train Epoch 1587: averaged Loss: 0.004413
2026-04-24 12:37: **********Val Epoch 1587: average Loss: 0.006304
2026-04-24 12:37: Train Epoch 1588: 0/74 Loss: 0.003341
2026-04-24 12:37: Train Epoch 1588: 20/74 Loss: 0.003246
2026-04-24 12:37: Train Epoch 1588: 40/74 Loss: 0.003693
2026-04-24 12:37: Train Epoch 1588: 60/74 Loss: 0.005470
2026-04-24 12:37: **********Train Epoch 1588: averaged Loss: 0.004798
2026-04-24 12:37: **********Val Epoch 1588: average Loss: 0.006965
2026-04-24 12:37: Train Epoch 1589: 0/74 Loss: 0.005396
2026-04-24 12:37: Train Epoch 1589: 20/74 Loss: 0.002584
2026-04-24 12:37: Train Epoch 1589: 40/74 Loss: 0.004095
2026-04-24 12:37: Train Epoch 1589: 60/74 Loss: 0.008246
2026-04-24 12:37: **********Train Epoch 1589: averaged Loss: 0.004626
2026-04-24 12:37: **********Val Epoch 1589: average Loss: 0.006941
2026-04-24 12:37: Train Epoch 1590: 0/74 Loss: 0.009757
2026-04-24 12:37: Train Epoch 1590: 20/74 Loss: 0.006300
2026-04-24 12:38: Train Epoch 1590: 40/74 Loss: 0.003220
2026-04-24 12:38: Train Epoch 1590: 60/74 Loss: 0.005961
2026-04-24 12:38: **********Train Epoch 1590: averaged Loss: 0.005874
2026-04-24 12:38: **********Val Epoch 1590: average Loss: 0.008141
2026-04-24 12:38: Train Epoch 1591: 0/74 Loss: 0.003005
2026-04-24 12:38: Train Epoch 1591: 20/74 Loss: 0.002389
2026-04-24 12:38: Train Epoch 1591: 40/74 Loss: 0.004758
2026-04-24 12:38: Train Epoch 1591: 60/74 Loss: 0.006267
2026-04-24 12:38: **********Train Epoch 1591: averaged Loss: 0.005829
2026-04-24 12:38: **********Val Epoch 1591: average Loss: 0.008356
2026-04-24 12:38: Train Epoch 1592: 0/74 Loss: 0.019543
2026-04-24 12:38: Train Epoch 1592: 20/74 Loss: 0.008118
2026-04-24 12:38: Train Epoch 1592: 40/74 Loss: 0.003864
2026-04-24 12:38: Train Epoch 1592: 60/74 Loss: 0.016924
2026-04-24 12:38: **********Train Epoch 1592: averaged Loss: 0.008930
2026-04-24 12:38: **********Val Epoch 1592: average Loss: 0.012295
2026-04-24 12:38: Train Epoch 1593: 0/74 Loss: 0.019270
2026-04-24 12:38: Train Epoch 1593: 20/74 Loss: 0.003446
2026-04-24 12:38: Train Epoch 1593: 40/74 Loss: 0.003400
2026-04-24 12:38: Train Epoch 1593: 60/74 Loss: 0.005501
2026-04-24 12:38: **********Train Epoch 1593: averaged Loss: 0.006533
2026-04-24 12:38: **********Val Epoch 1593: average Loss: 0.008815
2026-04-24 12:38: Train Epoch 1594: 0/74 Loss: 0.036145
2026-04-24 12:38: Train Epoch 1594: 20/74 Loss: 0.006631
2026-04-24 12:38: Train Epoch 1594: 40/74 Loss: 0.004036
2026-04-24 12:38: Train Epoch 1594: 60/74 Loss: 0.010910
2026-04-24 12:38: **********Train Epoch 1594: averaged Loss: 0.008543
2026-04-24 12:38: **********Val Epoch 1594: average Loss: 0.004998
2026-04-24 12:38: Train Epoch 1595: 0/74 Loss: 0.017920
2026-04-24 12:38: Train Epoch 1595: 20/74 Loss: 0.002869
2026-04-24 12:38: Train Epoch 1595: 40/74 Loss: 0.004507
2026-04-24 12:38: Train Epoch 1595: 60/74 Loss: 0.009599
2026-04-24 12:38: **********Train Epoch 1595: averaged Loss: 0.005380
2026-04-24 12:38: **********Val Epoch 1595: average Loss: 0.006955
2026-04-24 12:38: Train Epoch 1596: 0/74 Loss: 0.002524
2026-04-24 12:38: Train Epoch 1596: 20/74 Loss: 0.003206
2026-04-24 12:38: Train Epoch 1596: 40/74 Loss: 0.003438
2026-04-24 12:38: Train Epoch 1596: 60/74 Loss: 0.007960
2026-04-24 12:38: **********Train Epoch 1596: averaged Loss: 0.006031
2026-04-24 12:38: **********Val Epoch 1596: average Loss: 0.011207
2026-04-24 12:38: Train Epoch 1597: 0/74 Loss: 0.027494
2026-04-24 12:38: Train Epoch 1597: 20/74 Loss: 0.007104
2026-04-24 12:38: Train Epoch 1597: 40/74 Loss: 0.003614
2026-04-24 12:38: Train Epoch 1597: 60/74 Loss: 0.006208
2026-04-24 12:38: **********Train Epoch 1597: averaged Loss: 0.008229
2026-04-24 12:38: **********Val Epoch 1597: average Loss: 0.008883
2026-04-24 12:38: Train Epoch 1598: 0/74 Loss: 0.004979
2026-04-24 12:38: Train Epoch 1598: 20/74 Loss: 0.004828
2026-04-24 12:38: Train Epoch 1598: 40/74 Loss: 0.011560
2026-04-24 12:38: Train Epoch 1598: 60/74 Loss: 0.015373
2026-04-24 12:38: **********Train Epoch 1598: averaged Loss: 0.007737
2026-04-24 12:38: **********Val Epoch 1598: average Loss: 0.012528
2026-04-24 12:38: Train Epoch 1599: 0/74 Loss: 0.005560
2026-04-24 12:38: Train Epoch 1599: 20/74 Loss: 0.003255
2026-04-24 12:38: Train Epoch 1599: 40/74 Loss: 0.005675
2026-04-24 12:39: Train Epoch 1599: 60/74 Loss: 0.010624
2026-04-24 12:39: **********Train Epoch 1599: averaged Loss: 0.007145
2026-04-24 12:39: **********Val Epoch 1599: average Loss: 0.017285
2026-04-24 12:39: Train Epoch 1600: 0/74 Loss: 0.022969
2026-04-24 12:39: Train Epoch 1600: 20/74 Loss: 0.009970
2026-04-24 12:39: Train Epoch 1600: 40/74 Loss: 0.003789
2026-04-24 12:39: Train Epoch 1600: 60/74 Loss: 0.013299
2026-04-24 12:39: **********Train Epoch 1600: averaged Loss: 0.008502
2026-04-24 12:39: **********Val Epoch 1600: average Loss: 0.015334
2026-04-24 12:39: Train Epoch 1601: 0/74 Loss: 0.021340
2026-04-24 12:39: Train Epoch 1601: 20/74 Loss: 0.011381
2026-04-24 12:39: Train Epoch 1601: 40/74 Loss: 0.004185
2026-04-24 12:39: Train Epoch 1601: 60/74 Loss: 0.006479
2026-04-24 12:39: **********Train Epoch 1601: averaged Loss: 0.008681
2026-04-24 12:39: **********Val Epoch 1601: average Loss: 0.014117
2026-04-24 12:39: Train Epoch 1602: 0/74 Loss: 0.018038
2026-04-24 12:39: Train Epoch 1602: 20/74 Loss: 0.004010
2026-04-24 12:39: Train Epoch 1602: 40/74 Loss: 0.008360
2026-04-24 12:39: Train Epoch 1602: 60/74 Loss: 0.018558
2026-04-24 12:39: **********Train Epoch 1602: averaged Loss: 0.008323
2026-04-24 12:39: **********Val Epoch 1602: average Loss: 0.017333
2026-04-24 12:39: Train Epoch 1603: 0/74 Loss: 0.002765
2026-04-24 12:39: Train Epoch 1603: 20/74 Loss: 0.002589
2026-04-24 12:39: Train Epoch 1603: 40/74 Loss: 0.008628
2026-04-24 12:39: Train Epoch 1603: 60/74 Loss: 0.008820
2026-04-24 12:39: **********Train Epoch 1603: averaged Loss: 0.006214
2026-04-24 12:39: **********Val Epoch 1603: average Loss: 0.020008
2026-04-24 12:39: Train Epoch 1604: 0/74 Loss: 0.012150
2026-04-24 12:39: Train Epoch 1604: 20/74 Loss: 0.002286
2026-04-24 12:39: Train Epoch 1604: 40/74 Loss: 0.004986
2026-04-24 12:39: Train Epoch 1604: 60/74 Loss: 0.007819
2026-04-24 12:39: **********Train Epoch 1604: averaged Loss: 0.006660
2026-04-24 12:39: **********Val Epoch 1604: average Loss: 0.018417
2026-04-24 12:39: Train Epoch 1605: 0/74 Loss: 0.018196
2026-04-24 12:39: Train Epoch 1605: 20/74 Loss: 0.006945
2026-04-24 12:39: Train Epoch 1605: 40/74 Loss: 0.005657
2026-04-24 12:39: Train Epoch 1605: 60/74 Loss: 0.006080
2026-04-24 12:39: **********Train Epoch 1605: averaged Loss: 0.007279
2026-04-24 12:39: **********Val Epoch 1605: average Loss: 0.013967
2026-04-24 12:39: Train Epoch 1606: 0/74 Loss: 0.011113
2026-04-24 12:39: Train Epoch 1606: 20/74 Loss: 0.002453
2026-04-24 12:39: Train Epoch 1606: 40/74 Loss: 0.004478
2026-04-24 12:39: Train Epoch 1606: 60/74 Loss: 0.008033
2026-04-24 12:39: **********Train Epoch 1606: averaged Loss: 0.005554
2026-04-24 12:39: **********Val Epoch 1606: average Loss: 0.016340
2026-04-24 12:39: Train Epoch 1607: 0/74 Loss: 0.009481
2026-04-24 12:39: Train Epoch 1607: 20/74 Loss: 0.002698
2026-04-24 12:39: Train Epoch 1607: 40/74 Loss: 0.004609
2026-04-24 12:39: Train Epoch 1607: 60/74 Loss: 0.005435
2026-04-24 12:39: **********Train Epoch 1607: averaged Loss: 0.005618
2026-04-24 12:39: **********Val Epoch 1607: average Loss: 0.015053
2026-04-24 12:39: Train Epoch 1608: 0/74 Loss: 0.008809
2026-04-24 12:39: Train Epoch 1608: 20/74 Loss: 0.002337
2026-04-24 12:39: Train Epoch 1608: 40/74 Loss: 0.003448
2026-04-24 12:39: Train Epoch 1608: 60/74 Loss: 0.004527
2026-04-24 12:40: **********Train Epoch 1608: averaged Loss: 0.005071
2026-04-24 12:40: **********Val Epoch 1608: average Loss: 0.014858
2026-04-24 12:40: Train Epoch 1609: 0/74 Loss: 0.002411
2026-04-24 12:40: Train Epoch 1609: 20/74 Loss: 0.002622
2026-04-24 12:40: Train Epoch 1609: 40/74 Loss: 0.004279
2026-04-24 12:40: Train Epoch 1609: 60/74 Loss: 0.009977
2026-04-24 12:40: **********Train Epoch 1609: averaged Loss: 0.006306
2026-04-24 12:40: **********Val Epoch 1609: average Loss: 0.010496
2026-04-24 12:40: Train Epoch 1610: 0/74 Loss: 0.016230
2026-04-24 12:40: Train Epoch 1610: 20/74 Loss: 0.002923
2026-04-24 12:40: Train Epoch 1610: 40/74 Loss: 0.003417
2026-04-24 12:40: Train Epoch 1610: 60/74 Loss: 0.023434
2026-04-24 12:40: **********Train Epoch 1610: averaged Loss: 0.011383
2026-04-24 12:40: **********Val Epoch 1610: average Loss: 0.018570
2026-04-24 12:40: Train Epoch 1611: 0/74 Loss: 0.046618
2026-04-24 12:40: Train Epoch 1611: 20/74 Loss: 0.005074
2026-04-24 12:40: Train Epoch 1611: 40/74 Loss: 0.005116
2026-04-24 12:40: Train Epoch 1611: 60/74 Loss: 0.010671
2026-04-24 12:40: **********Train Epoch 1611: averaged Loss: 0.009871
2026-04-24 12:40: **********Val Epoch 1611: average Loss: 0.009512
2026-04-24 12:40: Train Epoch 1612: 0/74 Loss: 0.002435
2026-04-24 12:40: Train Epoch 1612: 20/74 Loss: 0.002587
2026-04-24 12:40: Train Epoch 1612: 40/74 Loss: 0.005576
2026-04-24 12:40: Train Epoch 1612: 60/74 Loss: 0.018332
2026-04-24 12:40: **********Train Epoch 1612: averaged Loss: 0.006737
2026-04-24 12:40: **********Val Epoch 1612: average Loss: 0.008429
2026-04-24 12:40: Train Epoch 1613: 0/74 Loss: 0.011576
2026-04-24 12:40: Train Epoch 1613: 20/74 Loss: 0.002275
2026-04-24 12:40: Train Epoch 1613: 40/74 Loss: 0.006137
2026-04-24 12:40: Train Epoch 1613: 60/74 Loss: 0.020237
2026-04-24 12:40: **********Train Epoch 1613: averaged Loss: 0.008201
2026-04-24 12:40: **********Val Epoch 1613: average Loss: 0.016931
2026-04-24 12:40: Train Epoch 1614: 0/74 Loss: 0.004098
2026-04-24 12:40: Train Epoch 1614: 20/74 Loss: 0.002637
2026-04-24 12:40: Train Epoch 1614: 40/74 Loss: 0.004330
2026-04-24 12:40: Train Epoch 1614: 60/74 Loss: 0.010141
2026-04-24 12:40: **********Train Epoch 1614: averaged Loss: 0.005204
2026-04-24 12:40: **********Val Epoch 1614: average Loss: 0.010231
2026-04-24 12:40: Train Epoch 1615: 0/74 Loss: 0.011103
2026-04-24 12:40: Train Epoch 1615: 20/74 Loss: 0.002540
2026-04-24 12:40: Train Epoch 1615: 40/74 Loss: 0.005759
2026-04-24 12:40: Train Epoch 1615: 60/74 Loss: 0.010674
2026-04-24 12:40: **********Train Epoch 1615: averaged Loss: 0.005488
2026-04-24 12:40: **********Val Epoch 1615: average Loss: 0.008001
2026-04-24 12:40: Train Epoch 1616: 0/74 Loss: 0.009898
2026-04-24 12:40: Train Epoch 1616: 20/74 Loss: 0.003133
2026-04-24 12:40: Train Epoch 1616: 40/74 Loss: 0.008382
2026-04-24 12:40: Train Epoch 1616: 60/74 Loss: 0.020535
2026-04-24 12:40: **********Train Epoch 1616: averaged Loss: 0.007674
2026-04-24 12:40: **********Val Epoch 1616: average Loss: 0.007663
2026-04-24 12:40: Train Epoch 1617: 0/74 Loss: 0.017274
2026-04-24 12:40: Train Epoch 1617: 20/74 Loss: 0.003118
2026-04-24 12:40: Train Epoch 1617: 40/74 Loss: 0.010344
2026-04-24 12:40: Train Epoch 1617: 60/74 Loss: 0.020548
2026-04-24 12:40: **********Train Epoch 1617: averaged Loss: 0.008029
2026-04-24 12:40: **********Val Epoch 1617: average Loss: 0.010584
2026-04-24 12:40: Train Epoch 1618: 0/74 Loss: 0.021011
2026-04-24 12:41: Train Epoch 1618: 20/74 Loss: 0.002398
2026-04-24 12:41: Train Epoch 1618: 40/74 Loss: 0.007959
2026-04-24 12:41: Train Epoch 1618: 60/74 Loss: 0.016976
2026-04-24 12:41: **********Train Epoch 1618: averaged Loss: 0.007460
2026-04-24 12:41: **********Val Epoch 1618: average Loss: 0.011609
2026-04-24 12:41: Train Epoch 1619: 0/74 Loss: 0.005745
2026-04-24 12:41: Train Epoch 1619: 20/74 Loss: 0.002282
2026-04-24 12:41: Train Epoch 1619: 40/74 Loss: 0.005126
2026-04-24 12:41: Train Epoch 1619: 60/74 Loss: 0.013456
2026-04-24 12:41: **********Train Epoch 1619: averaged Loss: 0.005180
2026-04-24 12:41: **********Val Epoch 1619: average Loss: 0.009528
2026-04-24 12:41: Train Epoch 1620: 0/74 Loss: 0.009081
2026-04-24 12:41: Train Epoch 1620: 20/74 Loss: 0.002576
2026-04-24 12:41: Train Epoch 1620: 40/74 Loss: 0.008946
2026-04-24 12:41: Train Epoch 1620: 60/74 Loss: 0.010557
2026-04-24 12:41: **********Train Epoch 1620: averaged Loss: 0.006311
2026-04-24 12:41: **********Val Epoch 1620: average Loss: 0.007522
2026-04-24 12:41: Train Epoch 1621: 0/74 Loss: 0.018654
2026-04-24 12:41: Train Epoch 1621: 20/74 Loss: 0.004170
2026-04-24 12:41: Train Epoch 1621: 40/74 Loss: 0.006144
2026-04-24 12:41: Train Epoch 1621: 60/74 Loss: 0.008784
2026-04-24 12:41: **********Train Epoch 1621: averaged Loss: 0.005789
2026-04-24 12:41: **********Val Epoch 1621: average Loss: 0.007991
2026-04-24 12:41: Train Epoch 1622: 0/74 Loss: 0.030150
2026-04-24 12:41: Train Epoch 1622: 20/74 Loss: 0.003141
2026-04-24 12:41: Train Epoch 1622: 40/74 Loss: 0.004372
2026-04-24 12:41: Train Epoch 1622: 60/74 Loss: 0.006419
2026-04-24 12:41: **********Train Epoch 1622: averaged Loss: 0.006313
2026-04-24 12:41: **********Val Epoch 1622: average Loss: 0.007276
2026-04-24 12:41: Train Epoch 1623: 0/74 Loss: 0.028337
2026-04-24 12:41: Train Epoch 1623: 20/74 Loss: 0.002471
2026-04-24 12:41: Train Epoch 1623: 40/74 Loss: 0.006218
2026-04-24 12:41: Train Epoch 1623: 60/74 Loss: 0.008503
2026-04-24 12:41: **********Train Epoch 1623: averaged Loss: 0.006564
2026-04-24 12:41: **********Val Epoch 1623: average Loss: 0.007962
2026-04-24 12:41: Train Epoch 1624: 0/74 Loss: 0.003583
2026-04-24 12:41: Train Epoch 1624: 20/74 Loss: 0.002221
2026-04-24 12:41: Train Epoch 1624: 40/74 Loss: 0.004381
2026-04-24 12:41: Train Epoch 1624: 60/74 Loss: 0.007162
2026-04-24 12:41: **********Train Epoch 1624: averaged Loss: 0.004252
2026-04-24 12:41: **********Val Epoch 1624: average Loss: 0.005890
2026-04-24 12:41: Train Epoch 1625: 0/74 Loss: 0.003977
2026-04-24 12:41: Train Epoch 1625: 20/74 Loss: 0.002882
2026-04-24 12:41: Train Epoch 1625: 40/74 Loss: 0.004216
2026-04-24 12:41: Train Epoch 1625: 60/74 Loss: 0.004970
2026-04-24 12:41: **********Train Epoch 1625: averaged Loss: 0.004138
2026-04-24 12:41: **********Val Epoch 1625: average Loss: 0.005168
2026-04-24 12:41: Train Epoch 1626: 0/74 Loss: 0.021613
2026-04-24 12:41: Train Epoch 1626: 20/74 Loss: 0.003004
2026-04-24 12:41: Train Epoch 1626: 40/74 Loss: 0.003935
2026-04-24 12:41: Train Epoch 1626: 60/74 Loss: 0.005011
2026-04-24 12:41: **********Train Epoch 1626: averaged Loss: 0.004853
2026-04-24 12:41: **********Val Epoch 1626: average Loss: 0.006600
2026-04-24 12:41: Train Epoch 1627: 0/74 Loss: 0.016190
2026-04-24 12:42: Train Epoch 1627: 20/74 Loss: 0.002290
2026-04-24 12:42: Train Epoch 1627: 40/74 Loss: 0.004387
2026-04-24 12:42: Train Epoch 1627: 60/74 Loss: 0.006224
2026-04-24 12:42: **********Train Epoch 1627: averaged Loss: 0.004781
2026-04-24 12:42: **********Val Epoch 1627: average Loss: 0.005637
2026-04-24 12:42: Train Epoch 1628: 0/74 Loss: 0.008918
2026-04-24 12:42: Train Epoch 1628: 20/74 Loss: 0.003765
2026-04-24 12:42: Train Epoch 1628: 40/74 Loss: 0.003979
2026-04-24 12:42: Train Epoch 1628: 60/74 Loss: 0.005234
2026-04-24 12:42: **********Train Epoch 1628: averaged Loss: 0.005378
2026-04-24 12:42: **********Val Epoch 1628: average Loss: 0.007210
2026-04-24 12:42: Train Epoch 1629: 0/74 Loss: 0.010488
2026-04-24 12:42: Train Epoch 1629: 20/74 Loss: 0.002281
2026-04-24 12:42: Train Epoch 1629: 40/74 Loss: 0.004395
2026-04-24 12:42: Train Epoch 1629: 60/74 Loss: 0.005877
2026-04-24 12:42: **********Train Epoch 1629: averaged Loss: 0.004354
2026-04-24 12:42: **********Val Epoch 1629: average Loss: 0.004986
2026-04-24 12:42: Train Epoch 1630: 0/74 Loss: 0.021818
2026-04-24 12:42: Train Epoch 1630: 20/74 Loss: 0.002280
2026-04-24 12:42: Train Epoch 1630: 40/74 Loss: 0.003341
2026-04-24 12:42: Train Epoch 1630: 60/74 Loss: 0.006620
2026-04-24 12:42: **********Train Epoch 1630: averaged Loss: 0.004887
2026-04-24 12:42: **********Val Epoch 1630: average Loss: 0.006017
2026-04-24 12:42: Train Epoch 1631: 0/74 Loss: 0.010272
2026-04-24 12:42: Train Epoch 1631: 20/74 Loss: 0.002533
2026-04-24 12:42: Train Epoch 1631: 40/74 Loss: 0.004128
2026-04-24 12:42: Train Epoch 1631: 60/74 Loss: 0.008254
2026-04-24 12:42: **********Train Epoch 1631: averaged Loss: 0.004258
2026-04-24 12:42: **********Val Epoch 1631: average Loss: 0.005735
2026-04-24 12:42: Train Epoch 1632: 0/74 Loss: 0.009963
2026-04-24 12:42: Train Epoch 1632: 20/74 Loss: 0.003818
2026-04-24 12:42: Train Epoch 1632: 40/74 Loss: 0.003749
2026-04-24 12:42: Train Epoch 1632: 60/74 Loss: 0.006179
2026-04-24 12:42: **********Train Epoch 1632: averaged Loss: 0.005648
2026-04-24 12:42: **********Val Epoch 1632: average Loss: 0.006036
2026-04-24 12:42: Train Epoch 1633: 0/74 Loss: 0.013890
2026-04-24 12:42: Train Epoch 1633: 20/74 Loss: 0.004002
2026-04-24 12:42: Train Epoch 1633: 40/74 Loss: 0.004057
2026-04-24 12:42: Train Epoch 1633: 60/74 Loss: 0.006098
2026-04-24 12:42: **********Train Epoch 1633: averaged Loss: 0.006286
2026-04-24 12:42: **********Val Epoch 1633: average Loss: 0.007518
2026-04-24 12:42: Train Epoch 1634: 0/74 Loss: 0.006817
2026-04-24 12:42: Train Epoch 1634: 20/74 Loss: 0.002404
2026-04-24 12:42: Train Epoch 1634: 40/74 Loss: 0.003896
2026-04-24 12:42: Train Epoch 1634: 60/74 Loss: 0.009330
2026-04-24 12:42: **********Train Epoch 1634: averaged Loss: 0.004685
2026-04-24 12:42: **********Val Epoch 1634: average Loss: 0.008723
2026-04-24 12:42: Train Epoch 1635: 0/74 Loss: 0.015950
2026-04-24 12:42: Train Epoch 1635: 20/74 Loss: 0.002745
2026-04-24 12:42: Train Epoch 1635: 40/74 Loss: 0.004406
2026-04-24 12:42: Train Epoch 1635: 60/74 Loss: 0.007631
2026-04-24 12:42: **********Train Epoch 1635: averaged Loss: 0.005489
2026-04-24 12:42: **********Val Epoch 1635: average Loss: 0.007263
2026-04-24 12:42: Train Epoch 1636: 0/74 Loss: 0.018602
2026-04-24 12:42: Train Epoch 1636: 20/74 Loss: 0.005074
2026-04-24 12:43: Train Epoch 1636: 40/74 Loss: 0.003873
2026-04-24 12:43: Train Epoch 1636: 60/74 Loss: 0.010239
2026-04-24 12:43: **********Train Epoch 1636: averaged Loss: 0.007271
2026-04-24 12:43: **********Val Epoch 1636: average Loss: 0.006870
2026-04-24 12:43: Train Epoch 1637: 0/74 Loss: 0.010184
2026-04-24 12:43: Train Epoch 1637: 20/74 Loss: 0.002263
2026-04-24 12:43: Train Epoch 1637: 40/74 Loss: 0.003574
2026-04-24 12:43: Train Epoch 1637: 60/74 Loss: 0.005783
2026-04-24 12:43: **********Train Epoch 1637: averaged Loss: 0.005270
2026-04-24 12:43: **********Val Epoch 1637: average Loss: 0.006730
2026-04-24 12:43: Train Epoch 1638: 0/74 Loss: 0.022902
2026-04-24 12:43: Train Epoch 1638: 20/74 Loss: 0.008276
2026-04-24 12:43: Train Epoch 1638: 40/74 Loss: 0.004154
2026-04-24 12:43: Train Epoch 1638: 60/74 Loss: 0.005330
2026-04-24 12:43: **********Train Epoch 1638: averaged Loss: 0.007842
2026-04-24 12:43: **********Val Epoch 1638: average Loss: 0.007445
2026-04-24 12:43: Train Epoch 1639: 0/74 Loss: 0.003757
2026-04-24 12:43: Train Epoch 1639: 20/74 Loss: 0.002275
2026-04-24 12:43: Train Epoch 1639: 40/74 Loss: 0.003333
2026-04-24 12:43: Train Epoch 1639: 60/74 Loss: 0.010523
2026-04-24 12:43: **********Train Epoch 1639: averaged Loss: 0.006065
2026-04-24 12:43: **********Val Epoch 1639: average Loss: 0.014943
2026-04-24 12:43: Train Epoch 1640: 0/74 Loss: 0.012821
2026-04-24 12:43: Train Epoch 1640: 20/74 Loss: 0.002177
2026-04-24 12:43: Train Epoch 1640: 40/74 Loss: 0.004208
2026-04-24 12:43: Train Epoch 1640: 60/74 Loss: 0.007107
2026-04-24 12:43: **********Train Epoch 1640: averaged Loss: 0.006560
2026-04-24 12:43: **********Val Epoch 1640: average Loss: 0.011670
2026-04-24 12:43: Train Epoch 1641: 0/74 Loss: 0.003796
2026-04-24 12:43: Train Epoch 1641: 20/74 Loss: 0.002202
2026-04-24 12:43: Train Epoch 1641: 40/74 Loss: 0.004553
2026-04-24 12:43: Train Epoch 1641: 60/74 Loss: 0.006180
2026-04-24 12:43: **********Train Epoch 1641: averaged Loss: 0.005638
2026-04-24 12:43: **********Val Epoch 1641: average Loss: 0.016488
2026-04-24 12:43: Train Epoch 1642: 0/74 Loss: 0.017656
2026-04-24 12:43: Train Epoch 1642: 20/74 Loss: 0.007175
2026-04-24 12:43: Train Epoch 1642: 40/74 Loss: 0.008151
2026-04-24 12:43: Train Epoch 1642: 60/74 Loss: 0.021910
2026-04-24 12:43: **********Train Epoch 1642: averaged Loss: 0.009044
2026-04-24 12:43: **********Val Epoch 1642: average Loss: 0.018326
2026-04-24 12:43: Train Epoch 1643: 0/74 Loss: 0.016588
2026-04-24 12:43: Train Epoch 1643: 20/74 Loss: 0.005159
2026-04-24 12:43: Train Epoch 1643: 40/74 Loss: 0.007908
2026-04-24 12:43: Train Epoch 1643: 60/74 Loss: 0.005326
2026-04-24 12:43: **********Train Epoch 1643: averaged Loss: 0.007334
2026-04-24 12:43: **********Val Epoch 1643: average Loss: 0.021382
2026-04-24 12:43: Train Epoch 1644: 0/74 Loss: 0.025985
2026-04-24 12:43: Train Epoch 1644: 20/74 Loss: 0.004398
2026-04-24 12:43: Train Epoch 1644: 40/74 Loss: 0.010387
2026-04-24 12:43: Train Epoch 1644: 60/74 Loss: 0.011944
2026-04-24 12:43: **********Train Epoch 1644: averaged Loss: 0.008663
2026-04-24 12:43: **********Val Epoch 1644: average Loss: 0.024926
2026-04-24 12:43: Train Epoch 1645: 0/74 Loss: 0.012874
2026-04-24 12:43: Train Epoch 1645: 20/74 Loss: 0.002437
2026-04-24 12:43: Train Epoch 1645: 40/74 Loss: 0.006649
2026-04-24 12:44: Train Epoch 1645: 60/74 Loss: 0.006626
2026-04-24 12:44: **********Train Epoch 1645: averaged Loss: 0.007066
2026-04-24 12:44: **********Val Epoch 1645: average Loss: 0.019199
2026-04-24 12:44: Train Epoch 1646: 0/74 Loss: 0.020174
2026-04-24 12:44: Train Epoch 1646: 20/74 Loss: 0.010111
2026-04-24 12:44: Train Epoch 1646: 40/74 Loss: 0.004860
2026-04-24 12:44: Train Epoch 1646: 60/74 Loss: 0.006721
2026-04-24 12:44: **********Train Epoch 1646: averaged Loss: 0.008839
2026-04-24 12:44: **********Val Epoch 1646: average Loss: 0.013998
2026-04-24 12:44: Train Epoch 1647: 0/74 Loss: 0.026140
2026-04-24 12:44: Train Epoch 1647: 20/74 Loss: 0.005733
2026-04-24 12:44: Train Epoch 1647: 40/74 Loss: 0.004580
2026-04-24 12:44: Train Epoch 1647: 60/74 Loss: 0.013173
2026-04-24 12:44: **********Train Epoch 1647: averaged Loss: 0.009830
2026-04-24 12:44: **********Val Epoch 1647: average Loss: 0.006390
2026-04-24 12:44: Train Epoch 1648: 0/74 Loss: 0.044482
2026-04-24 12:44: Train Epoch 1648: 20/74 Loss: 0.002760
2026-04-24 12:44: Train Epoch 1648: 40/74 Loss: 0.003996
2026-04-24 12:44: Train Epoch 1648: 60/74 Loss: 0.011676
2026-04-24 12:44: **********Train Epoch 1648: averaged Loss: 0.012167
2026-04-24 12:44: **********Val Epoch 1648: average Loss: 0.008009
2026-04-24 12:44: Train Epoch 1649: 0/74 Loss: 0.021061
2026-04-24 12:44: Train Epoch 1649: 20/74 Loss: 0.002580
2026-04-24 12:44: Train Epoch 1649: 40/74 Loss: 0.003367
2026-04-24 12:44: Train Epoch 1649: 60/74 Loss: 0.011564
2026-04-24 12:44: **********Train Epoch 1649: averaged Loss: 0.007958
2026-04-24 12:44: **********Val Epoch 1649: average Loss: 0.008481
2026-04-24 12:44: Train Epoch 1650: 0/74 Loss: 0.006965
2026-04-24 12:44: Train Epoch 1650: 20/74 Loss: 0.002565
2026-04-24 12:44: Train Epoch 1650: 40/74 Loss: 0.004206
2026-04-24 12:44: Train Epoch 1650: 60/74 Loss: 0.011258
2026-04-24 12:44: **********Train Epoch 1650: averaged Loss: 0.006483
2026-04-24 12:44: **********Val Epoch 1650: average Loss: 0.010242
2026-04-24 12:44: Train Epoch 1651: 0/74 Loss: 0.002603
2026-04-24 12:44: Train Epoch 1651: 20/74 Loss: 0.002442
2026-04-24 12:44: Train Epoch 1651: 40/74 Loss: 0.004761
2026-04-24 12:44: Train Epoch 1651: 60/74 Loss: 0.016005
2026-04-24 12:44: **********Train Epoch 1651: averaged Loss: 0.006473
2026-04-24 12:44: **********Val Epoch 1651: average Loss: 0.012259
2026-04-24 12:44: Train Epoch 1652: 0/74 Loss: 0.005331
2026-04-24 12:44: Train Epoch 1652: 20/74 Loss: 0.002790
2026-04-24 12:44: Train Epoch 1652: 40/74 Loss: 0.004218
2026-04-24 12:44: Train Epoch 1652: 60/74 Loss: 0.019221
2026-04-24 12:44: **********Train Epoch 1652: averaged Loss: 0.006337
2026-04-24 12:44: **********Val Epoch 1652: average Loss: 0.011382
2026-04-24 12:44: Train Epoch 1653: 0/74 Loss: 0.008145
2026-04-24 12:44: Train Epoch 1653: 20/74 Loss: 0.002146
2026-04-24 12:44: Train Epoch 1653: 40/74 Loss: 0.004163
2026-04-24 12:44: Train Epoch 1653: 60/74 Loss: 0.015622
2026-04-24 12:44: **********Train Epoch 1653: averaged Loss: 0.006562
2026-04-24 12:44: **********Val Epoch 1653: average Loss: 0.010318
2026-04-24 12:44: Train Epoch 1654: 0/74 Loss: 0.011636
2026-04-24 12:44: Train Epoch 1654: 20/74 Loss: 0.004982
2026-04-24 12:44: Train Epoch 1654: 40/74 Loss: 0.013795
2026-04-24 12:45: Train Epoch 1654: 60/74 Loss: 0.020148
2026-04-24 12:45: **********Train Epoch 1654: averaged Loss: 0.009841
2026-04-24 12:45: **********Val Epoch 1654: average Loss: 0.014601
2026-04-24 12:45: Train Epoch 1655: 0/74 Loss: 0.032352
2026-04-24 12:45: Train Epoch 1655: 20/74 Loss: 0.007085
2026-04-24 12:45: Train Epoch 1655: 40/74 Loss: 0.006368
2026-04-24 12:45: Train Epoch 1655: 60/74 Loss: 0.018393
2026-04-24 12:45: **********Train Epoch 1655: averaged Loss: 0.009962
2026-04-24 12:45: **********Val Epoch 1655: average Loss: 0.018311
2026-04-24 12:45: Train Epoch 1656: 0/74 Loss: 0.014733
2026-04-24 12:45: Train Epoch 1656: 20/74 Loss: 0.002542
2026-04-24 12:45: Train Epoch 1656: 40/74 Loss: 0.009699
2026-04-24 12:45: Train Epoch 1656: 60/74 Loss: 0.021008
2026-04-24 12:45: **********Train Epoch 1656: averaged Loss: 0.008514
2026-04-24 12:45: **********Val Epoch 1656: average Loss: 0.014357
2026-04-24 12:45: Train Epoch 1657: 0/74 Loss: 0.024961
2026-04-24 12:45: Train Epoch 1657: 20/74 Loss: 0.009094
2026-04-24 12:45: Train Epoch 1657: 40/74 Loss: 0.013933
2026-04-24 12:45: Train Epoch 1657: 60/74 Loss: 0.015249
2026-04-24 12:45: **********Train Epoch 1657: averaged Loss: 0.010525
2026-04-24 12:45: **********Val Epoch 1657: average Loss: 0.015243
2026-04-24 12:45: Train Epoch 1658: 0/74 Loss: 0.023640
2026-04-24 12:45: Train Epoch 1658: 20/74 Loss: 0.004677
2026-04-24 12:45: Train Epoch 1658: 40/74 Loss: 0.006964
2026-04-24 12:45: Train Epoch 1658: 60/74 Loss: 0.011802
2026-04-24 12:45: **********Train Epoch 1658: averaged Loss: 0.006984
2026-04-24 12:45: **********Val Epoch 1658: average Loss: 0.009301
2026-04-24 12:45: Train Epoch 1659: 0/74 Loss: 0.011253
2026-04-24 12:45: Train Epoch 1659: 20/74 Loss: 0.002236
2026-04-24 12:45: Train Epoch 1659: 40/74 Loss: 0.005024
2026-04-24 12:45: Train Epoch 1659: 60/74 Loss: 0.008163
2026-04-24 12:45: **********Train Epoch 1659: averaged Loss: 0.005285
2026-04-24 12:45: **********Val Epoch 1659: average Loss: 0.010058
2026-04-24 12:45: Train Epoch 1660: 0/74 Loss: 0.017467
2026-04-24 12:45: Train Epoch 1660: 20/74 Loss: 0.003384
2026-04-24 12:45: Train Epoch 1660: 40/74 Loss: 0.003271
2026-04-24 12:45: Train Epoch 1660: 60/74 Loss: 0.007768
2026-04-24 12:45: **********Train Epoch 1660: averaged Loss: 0.005605
2026-04-24 12:45: **********Val Epoch 1660: average Loss: 0.010747
2026-04-24 12:45: Train Epoch 1661: 0/74 Loss: 0.012775
2026-04-24 12:45: Train Epoch 1661: 20/74 Loss: 0.002349
2026-04-24 12:45: Train Epoch 1661: 40/74 Loss: 0.005007
2026-04-24 12:45: Train Epoch 1661: 60/74 Loss: 0.006967
2026-04-24 12:45: **********Train Epoch 1661: averaged Loss: 0.005569
2026-04-24 12:45: **********Val Epoch 1661: average Loss: 0.013365
2026-04-24 12:45: Train Epoch 1662: 0/74 Loss: 0.005711
2026-04-24 12:45: Train Epoch 1662: 20/74 Loss: 0.002561
2026-04-24 12:45: Train Epoch 1662: 40/74 Loss: 0.004718
2026-04-24 12:45: Train Epoch 1662: 60/74 Loss: 0.009547
2026-04-24 12:45: **********Train Epoch 1662: averaged Loss: 0.006569
2026-04-24 12:45: **********Val Epoch 1662: average Loss: 0.010114
2026-04-24 12:45: Train Epoch 1663: 0/74 Loss: 0.012986
2026-04-24 12:45: Train Epoch 1663: 20/74 Loss: 0.002200
2026-04-24 12:45: Train Epoch 1663: 40/74 Loss: 0.004116
2026-04-24 12:45: Train Epoch 1663: 60/74 Loss: 0.019924
2026-04-24 12:46: **********Train Epoch 1663: averaged Loss: 0.009039
2026-04-24 12:46: **********Val Epoch 1663: average Loss: 0.012100
2026-04-24 12:46: Train Epoch 1664: 0/74 Loss: 0.040884
2026-04-24 12:46: Train Epoch 1664: 20/74 Loss: 0.003543
2026-04-24 12:46: Train Epoch 1664: 40/74 Loss: 0.004571
2026-04-24 12:46: Train Epoch 1664: 60/74 Loss: 0.008721
2026-04-24 12:46: **********Train Epoch 1664: averaged Loss: 0.008296
2026-04-24 12:46: **********Val Epoch 1664: average Loss: 0.009396
2026-04-24 12:46: Train Epoch 1665: 0/74 Loss: 0.027996
2026-04-24 12:46: Train Epoch 1665: 20/74 Loss: 0.003434
2026-04-24 12:46: Train Epoch 1665: 40/74 Loss: 0.003265
2026-04-24 12:46: Train Epoch 1665: 60/74 Loss: 0.007335
2026-04-24 12:46: **********Train Epoch 1665: averaged Loss: 0.005738
2026-04-24 12:46: **********Val Epoch 1665: average Loss: 0.008431
2026-04-24 12:46: Train Epoch 1666: 0/74 Loss: 0.018169
2026-04-24 12:46: Train Epoch 1666: 20/74 Loss: 0.002327
2026-04-24 12:46: Train Epoch 1666: 40/74 Loss: 0.003207
2026-04-24 12:46: Train Epoch 1666: 60/74 Loss: 0.005859
2026-04-24 12:46: **********Train Epoch 1666: averaged Loss: 0.004625
2026-04-24 12:46: **********Val Epoch 1666: average Loss: 0.012597
2026-04-24 12:46: Train Epoch 1667: 0/74 Loss: 0.003372
2026-04-24 12:46: Train Epoch 1667: 20/74 Loss: 0.004912
2026-04-24 12:46: Train Epoch 1667: 40/74 Loss: 0.007012
2026-04-24 12:46: Train Epoch 1667: 60/74 Loss: 0.010160
2026-04-24 12:46: **********Train Epoch 1667: averaged Loss: 0.006128
2026-04-24 12:46: **********Val Epoch 1667: average Loss: 0.016163
2026-04-24 12:46: Train Epoch 1668: 0/74 Loss: 0.006440
2026-04-24 12:46: Train Epoch 1668: 20/74 Loss: 0.002336
2026-04-24 12:46: Train Epoch 1668: 40/74 Loss: 0.003970
2026-04-24 12:46: Train Epoch 1668: 60/74 Loss: 0.007036
2026-04-24 12:46: **********Train Epoch 1668: averaged Loss: 0.004550
2026-04-24 12:46: **********Val Epoch 1668: average Loss: 0.014433
2026-04-24 12:46: Train Epoch 1669: 0/74 Loss: 0.018985
2026-04-24 12:46: Train Epoch 1669: 20/74 Loss: 0.007720
2026-04-24 12:46: Train Epoch 1669: 40/74 Loss: 0.003709
2026-04-24 12:46: Train Epoch 1669: 60/74 Loss: 0.008005
2026-04-24 12:46: **********Train Epoch 1669: averaged Loss: 0.007496
2026-04-24 12:46: **********Val Epoch 1669: average Loss: 0.013199
2026-04-24 12:46: Train Epoch 1670: 0/74 Loss: 0.020459
2026-04-24 12:46: Train Epoch 1670: 20/74 Loss: 0.009605
2026-04-24 12:46: Train Epoch 1670: 40/74 Loss: 0.004474
2026-04-24 12:46: Train Epoch 1670: 60/74 Loss: 0.007071
2026-04-24 12:46: **********Train Epoch 1670: averaged Loss: 0.009400
2026-04-24 12:46: **********Val Epoch 1670: average Loss: 0.006410
2026-04-24 12:46: Train Epoch 1671: 0/74 Loss: 0.019013
2026-04-24 12:46: Train Epoch 1671: 20/74 Loss: 0.006422
2026-04-24 12:46: Train Epoch 1671: 40/74 Loss: 0.004943
2026-04-24 12:46: Train Epoch 1671: 60/74 Loss: 0.020357
2026-04-24 12:46: **********Train Epoch 1671: averaged Loss: 0.009821
2026-04-24 12:46: **********Val Epoch 1671: average Loss: 0.007161
2026-04-24 12:46: Train Epoch 1672: 0/74 Loss: 0.041946
2026-04-24 12:46: Train Epoch 1672: 20/74 Loss: 0.010463
2026-04-24 12:46: Train Epoch 1672: 40/74 Loss: 0.004078
2026-04-24 12:46: Train Epoch 1672: 60/74 Loss: 0.016972
2026-04-24 12:46: **********Train Epoch 1672: averaged Loss: 0.009742
2026-04-24 12:46: **********Val Epoch 1672: average Loss: 0.007100
2026-04-24 12:46: Train Epoch 1673: 0/74 Loss: 0.026520
2026-04-24 12:47: Train Epoch 1673: 20/74 Loss: 0.002671
2026-04-24 12:47: Train Epoch 1673: 40/74 Loss: 0.005395
2026-04-24 12:47: Train Epoch 1673: 60/74 Loss: 0.007823
2026-04-24 12:47: **********Train Epoch 1673: averaged Loss: 0.006347
2026-04-24 12:47: **********Val Epoch 1673: average Loss: 0.005545
2026-04-24 12:47: Train Epoch 1674: 0/74 Loss: 0.008022
2026-04-24 12:47: Train Epoch 1674: 20/74 Loss: 0.002167
2026-04-24 12:47: Train Epoch 1674: 40/74 Loss: 0.003456
2026-04-24 12:47: Train Epoch 1674: 60/74 Loss: 0.005628
2026-04-24 12:47: **********Train Epoch 1674: averaged Loss: 0.004140
2026-04-24 12:47: **********Val Epoch 1674: average Loss: 0.005072
2026-04-24 12:47: Train Epoch 1675: 0/74 Loss: 0.002651
2026-04-24 12:47: Train Epoch 1675: 20/74 Loss: 0.002555
2026-04-24 12:47: Train Epoch 1675: 40/74 Loss: 0.004297
2026-04-24 12:47: Train Epoch 1675: 60/74 Loss: 0.006120
2026-04-24 12:47: **********Train Epoch 1675: averaged Loss: 0.003958
2026-04-24 12:47: **********Val Epoch 1675: average Loss: 0.005010
2026-04-24 12:47: Train Epoch 1676: 0/74 Loss: 0.016310
2026-04-24 12:47: Train Epoch 1676: 20/74 Loss: 0.004926
2026-04-24 12:47: Train Epoch 1676: 40/74 Loss: 0.004110
2026-04-24 12:47: Train Epoch 1676: 60/74 Loss: 0.005506
2026-04-24 12:47: **********Train Epoch 1676: averaged Loss: 0.005202
2026-04-24 12:47: **********Val Epoch 1676: average Loss: 0.004922
2026-04-24 12:47: Train Epoch 1677: 0/74 Loss: 0.010839
2026-04-24 12:47: Train Epoch 1677: 20/74 Loss: 0.002136
2026-04-24 12:47: Train Epoch 1677: 40/74 Loss: 0.003403
2026-04-24 12:47: Train Epoch 1677: 60/74 Loss: 0.005524
2026-04-24 12:47: **********Train Epoch 1677: averaged Loss: 0.004229
2026-04-24 12:47: **********Val Epoch 1677: average Loss: 0.004798
2026-04-24 12:47: Train Epoch 1678: 0/74 Loss: 0.011386
2026-04-24 12:47: Train Epoch 1678: 20/74 Loss: 0.002256
2026-04-24 12:47: Train Epoch 1678: 40/74 Loss: 0.003579
2026-04-24 12:47: Train Epoch 1678: 60/74 Loss: 0.005270
2026-04-24 12:47: **********Train Epoch 1678: averaged Loss: 0.004118
2026-04-24 12:47: **********Val Epoch 1678: average Loss: 0.005436
2026-04-24 12:47: Train Epoch 1679: 0/74 Loss: 0.025421
2026-04-24 12:47: Train Epoch 1679: 20/74 Loss: 0.002751
2026-04-24 12:47: Train Epoch 1679: 40/74 Loss: 0.005371
2026-04-24 12:47: Train Epoch 1679: 60/74 Loss: 0.005597
2026-04-24 12:47: **********Train Epoch 1679: averaged Loss: 0.005885
2026-04-24 12:47: **********Val Epoch 1679: average Loss: 0.005948
2026-04-24 12:47: Train Epoch 1680: 0/74 Loss: 0.004622
2026-04-24 12:47: Train Epoch 1680: 20/74 Loss: 0.002224
2026-04-24 12:47: Train Epoch 1680: 40/74 Loss: 0.003576
2026-04-24 12:47: Train Epoch 1680: 60/74 Loss: 0.005604
2026-04-24 12:47: **********Train Epoch 1680: averaged Loss: 0.004337
2026-04-24 12:47: **********Val Epoch 1680: average Loss: 0.004652
2026-04-24 12:47: Train Epoch 1681: 0/74 Loss: 0.017564
2026-04-24 12:47: Train Epoch 1681: 20/74 Loss: 0.002567
2026-04-24 12:47: Train Epoch 1681: 40/74 Loss: 0.007190
2026-04-24 12:47: Train Epoch 1681: 60/74 Loss: 0.007194
2026-04-24 12:47: **********Train Epoch 1681: averaged Loss: 0.006025
2026-04-24 12:47: **********Val Epoch 1681: average Loss: 0.004912
2026-04-24 12:47: Train Epoch 1682: 0/74 Loss: 0.013188
2026-04-24 12:48: Train Epoch 1682: 20/74 Loss: 0.002935
2026-04-24 12:48: Train Epoch 1682: 40/74 Loss: 0.008372
2026-04-24 12:48: Train Epoch 1682: 60/74 Loss: 0.004745
2026-04-24 12:48: **********Train Epoch 1682: averaged Loss: 0.006627
2026-04-24 12:48: **********Val Epoch 1682: average Loss: 0.005939
2026-04-24 12:48: Train Epoch 1683: 0/74 Loss: 0.042768
2026-04-24 12:48: Train Epoch 1683: 20/74 Loss: 0.006474
2026-04-24 12:48: Train Epoch 1683: 40/74 Loss: 0.003516
2026-04-24 12:48: Train Epoch 1683: 60/74 Loss: 0.006826
2026-04-24 12:48: **********Train Epoch 1683: averaged Loss: 0.008013
2026-04-24 12:48: **********Val Epoch 1683: average Loss: 0.012065
2026-04-24 12:48: Train Epoch 1684: 0/74 Loss: 0.022036
2026-04-24 12:48: Train Epoch 1684: 20/74 Loss: 0.003949
2026-04-24 12:48: Train Epoch 1684: 40/74 Loss: 0.004064
2026-04-24 12:48: Train Epoch 1684: 60/74 Loss: 0.009709
2026-04-24 12:48: **********Train Epoch 1684: averaged Loss: 0.007357
2026-04-24 12:48: **********Val Epoch 1684: average Loss: 0.009623
2026-04-24 12:48: Train Epoch 1685: 0/74 Loss: 0.015638
2026-04-24 12:48: Train Epoch 1685: 20/74 Loss: 0.003961
2026-04-24 12:48: Train Epoch 1685: 40/74 Loss: 0.004332
2026-04-24 12:48: Train Epoch 1685: 60/74 Loss: 0.017679
2026-04-24 12:48: **********Train Epoch 1685: averaged Loss: 0.009562
2026-04-24 12:48: **********Val Epoch 1685: average Loss: 0.007611
2026-04-24 12:48: Train Epoch 1686: 0/74 Loss: 0.042452
2026-04-24 12:48: Train Epoch 1686: 20/74 Loss: 0.008275
2026-04-24 12:48: Train Epoch 1686: 40/74 Loss: 0.003696
2026-04-24 12:48: Train Epoch 1686: 60/74 Loss: 0.014447
2026-04-24 12:48: **********Train Epoch 1686: averaged Loss: 0.010561
2026-04-24 12:48: **********Val Epoch 1686: average Loss: 0.008036
2026-04-24 12:48: Train Epoch 1687: 0/74 Loss: 0.030563
2026-04-24 12:48: Train Epoch 1687: 20/74 Loss: 0.002985
2026-04-24 12:48: Train Epoch 1687: 40/74 Loss: 0.003109
2026-04-24 12:48: Train Epoch 1687: 60/74 Loss: 0.009781
2026-04-24 12:48: **********Train Epoch 1687: averaged Loss: 0.007728
2026-04-24 12:48: **********Val Epoch 1687: average Loss: 0.010260
2026-04-24 12:48: Train Epoch 1688: 0/74 Loss: 0.028181
2026-04-24 12:48: Train Epoch 1688: 20/74 Loss: 0.002130
2026-04-24 12:48: Train Epoch 1688: 40/74 Loss: 0.004447
2026-04-24 12:48: Train Epoch 1688: 60/74 Loss: 0.011988
2026-04-24 12:48: **********Train Epoch 1688: averaged Loss: 0.007758
2026-04-24 12:48: **********Val Epoch 1688: average Loss: 0.008051
2026-04-24 12:48: Train Epoch 1689: 0/74 Loss: 0.007604
2026-04-24 12:48: Train Epoch 1689: 20/74 Loss: 0.003010
2026-04-24 12:48: Train Epoch 1689: 40/74 Loss: 0.003679
2026-04-24 12:48: Train Epoch 1689: 60/74 Loss: 0.016287
2026-04-24 12:48: **********Train Epoch 1689: averaged Loss: 0.007041
2026-04-24 12:48: **********Val Epoch 1689: average Loss: 0.010579
2026-04-24 12:48: Train Epoch 1690: 0/74 Loss: 0.014857
2026-04-24 12:48: Train Epoch 1690: 20/74 Loss: 0.002543
2026-04-24 12:48: Train Epoch 1690: 40/74 Loss: 0.005031
2026-04-24 12:48: Train Epoch 1690: 60/74 Loss: 0.025453
2026-04-24 12:48: **********Train Epoch 1690: averaged Loss: 0.008396
2026-04-24 12:48: **********Val Epoch 1690: average Loss: 0.013225
2026-04-24 12:48: Train Epoch 1691: 0/74 Loss: 0.016789
2026-04-24 12:48: Train Epoch 1691: 20/74 Loss: 0.002693
2026-04-24 12:49: Train Epoch 1691: 40/74 Loss: 0.003727
2026-04-24 12:49: Train Epoch 1691: 60/74 Loss: 0.008633
2026-04-24 12:49: **********Train Epoch 1691: averaged Loss: 0.005756
2026-04-24 12:49: **********Val Epoch 1691: average Loss: 0.009256
2026-04-24 12:49: Train Epoch 1692: 0/74 Loss: 0.016537
2026-04-24 12:49: Train Epoch 1692: 20/74 Loss: 0.004233
2026-04-24 12:49: Train Epoch 1692: 40/74 Loss: 0.003373
2026-04-24 12:49: Train Epoch 1692: 60/74 Loss: 0.011580
2026-04-24 12:49: **********Train Epoch 1692: averaged Loss: 0.006535
2026-04-24 12:49: **********Val Epoch 1692: average Loss: 0.010984
2026-04-24 12:49: Train Epoch 1693: 0/74 Loss: 0.009060
2026-04-24 12:49: Train Epoch 1693: 20/74 Loss: 0.002370
2026-04-24 12:49: Train Epoch 1693: 40/74 Loss: 0.003354
2026-04-24 12:49: Train Epoch 1693: 60/74 Loss: 0.019319
2026-04-24 12:49: **********Train Epoch 1693: averaged Loss: 0.007248
2026-04-24 12:49: **********Val Epoch 1693: average Loss: 0.025665
2026-04-24 12:49: Train Epoch 1694: 0/74 Loss: 0.003775
2026-04-24 12:49: Train Epoch 1694: 20/74 Loss: 0.002262
2026-04-24 12:49: Train Epoch 1694: 40/74 Loss: 0.004499
2026-04-24 12:49: Train Epoch 1694: 60/74 Loss: 0.007306
2026-04-24 12:49: **********Train Epoch 1694: averaged Loss: 0.005292
2026-04-24 12:49: **********Val Epoch 1694: average Loss: 0.011256
2026-04-24 12:49: Train Epoch 1695: 0/74 Loss: 0.016215
2026-04-24 12:49: Train Epoch 1695: 20/74 Loss: 0.004486
2026-04-24 12:49: Train Epoch 1695: 40/74 Loss: 0.004169
2026-04-24 12:49: Train Epoch 1695: 60/74 Loss: 0.013186
2026-04-24 12:49: **********Train Epoch 1695: averaged Loss: 0.006184
2026-04-24 12:49: **********Val Epoch 1695: average Loss: 0.009409
2026-04-24 12:49: Train Epoch 1696: 0/74 Loss: 0.002278
2026-04-24 12:49: Train Epoch 1696: 20/74 Loss: 0.002236
2026-04-24 12:49: Train Epoch 1696: 40/74 Loss: 0.003135
2026-04-24 12:49: Train Epoch 1696: 60/74 Loss: 0.010058
2026-04-24 12:49: **********Train Epoch 1696: averaged Loss: 0.004421
2026-04-24 12:49: **********Val Epoch 1696: average Loss: 0.007644
2026-04-24 12:49: Train Epoch 1697: 0/74 Loss: 0.007846
2026-04-24 12:49: Train Epoch 1697: 20/74 Loss: 0.002209
2026-04-24 12:49: Train Epoch 1697: 40/74 Loss: 0.003917
2026-04-24 12:49: Train Epoch 1697: 60/74 Loss: 0.010054
2026-04-24 12:49: **********Train Epoch 1697: averaged Loss: 0.004738
2026-04-24 12:49: **********Val Epoch 1697: average Loss: 0.007457
2026-04-24 12:49: Train Epoch 1698: 0/74 Loss: 0.015850
2026-04-24 12:49: Train Epoch 1698: 20/74 Loss: 0.002915
2026-04-24 12:49: Train Epoch 1698: 40/74 Loss: 0.005193
2026-04-24 12:49: Train Epoch 1698: 60/74 Loss: 0.007314
2026-04-24 12:49: **********Train Epoch 1698: averaged Loss: 0.006094
2026-04-24 12:49: **********Val Epoch 1698: average Loss: 0.008387
2026-04-24 12:49: Train Epoch 1699: 0/74 Loss: 0.021743
2026-04-24 12:49: Train Epoch 1699: 20/74 Loss: 0.003532
2026-04-24 12:49: Train Epoch 1699: 40/74 Loss: 0.003274
2026-04-24 12:49: Train Epoch 1699: 60/74 Loss: 0.012312
2026-04-24 12:49: **********Train Epoch 1699: averaged Loss: 0.005600
2026-04-24 12:49: **********Val Epoch 1699: average Loss: 0.008697
2026-04-24 12:49: Train Epoch 1700: 0/74 Loss: 0.002203
2026-04-24 12:49: Train Epoch 1700: 20/74 Loss: 0.002249
2026-04-24 12:49: Train Epoch 1700: 40/74 Loss: 0.003415
2026-04-24 12:50: Train Epoch 1700: 60/74 Loss: 0.008228
2026-04-24 12:50: **********Train Epoch 1700: averaged Loss: 0.004255
2026-04-24 12:50: **********Val Epoch 1700: average Loss: 0.008627
2026-04-24 12:50: Train Epoch 1701: 0/74 Loss: 0.003814
2026-04-24 12:50: Train Epoch 1701: 20/74 Loss: 0.002787
2026-04-24 12:50: Train Epoch 1701: 40/74 Loss: 0.004256
2026-04-24 12:50: Train Epoch 1701: 60/74 Loss: 0.016743
2026-04-24 12:50: **********Train Epoch 1701: averaged Loss: 0.005283
2026-04-24 12:50: **********Val Epoch 1701: average Loss: 0.009933
2026-04-24 12:50: Train Epoch 1702: 0/74 Loss: 0.002158
2026-04-24 12:50: Train Epoch 1702: 20/74 Loss: 0.002200
2026-04-24 12:50: Train Epoch 1702: 40/74 Loss: 0.004243
2026-04-24 12:50: Train Epoch 1702: 60/74 Loss: 0.008464
2026-04-24 12:50: **********Train Epoch 1702: averaged Loss: 0.004528
2026-04-24 12:50: **********Val Epoch 1702: average Loss: 0.009136
2026-04-24 12:50: Train Epoch 1703: 0/74 Loss: 0.003550
2026-04-24 12:50: Train Epoch 1703: 20/74 Loss: 0.002633
2026-04-24 12:50: Train Epoch 1703: 40/74 Loss: 0.003660
2026-04-24 12:50: Train Epoch 1703: 60/74 Loss: 0.009231
2026-04-24 12:50: **********Train Epoch 1703: averaged Loss: 0.004258
2026-04-24 12:50: **********Val Epoch 1703: average Loss: 0.008794
2026-04-24 12:50: Train Epoch 1704: 0/74 Loss: 0.013518
2026-04-24 12:50: Train Epoch 1704: 20/74 Loss: 0.003404
2026-04-24 12:50: Train Epoch 1704: 40/74 Loss: 0.003377
2026-04-24 12:50: Train Epoch 1704: 60/74 Loss: 0.006959
2026-04-24 12:50: **********Train Epoch 1704: averaged Loss: 0.004448
2026-04-24 12:50: **********Val Epoch 1704: average Loss: 0.007671
2026-04-24 12:50: Train Epoch 1705: 0/74 Loss: 0.017615
2026-04-24 12:50: Train Epoch 1705: 20/74 Loss: 0.003916
2026-04-24 12:50: Train Epoch 1705: 40/74 Loss: 0.004411
2026-04-24 12:50: Train Epoch 1705: 60/74 Loss: 0.008998
2026-04-24 12:50: **********Train Epoch 1705: averaged Loss: 0.005674
2026-04-24 12:50: **********Val Epoch 1705: average Loss: 0.008632
2026-04-24 12:50: Train Epoch 1706: 0/74 Loss: 0.005873
2026-04-24 12:50: Train Epoch 1706: 20/74 Loss: 0.002943
2026-04-24 12:50: Train Epoch 1706: 40/74 Loss: 0.003703
2026-04-24 12:50: Train Epoch 1706: 60/74 Loss: 0.007411
2026-04-24 12:50: **********Train Epoch 1706: averaged Loss: 0.005208
2026-04-24 12:50: **********Val Epoch 1706: average Loss: 0.009522
2026-04-24 12:50: Train Epoch 1707: 0/74 Loss: 0.009256
2026-04-24 12:50: Train Epoch 1707: 20/74 Loss: 0.003779
2026-04-24 12:50: Train Epoch 1707: 40/74 Loss: 0.003629
2026-04-24 12:50: Train Epoch 1707: 60/74 Loss: 0.010041
2026-04-24 12:50: **********Train Epoch 1707: averaged Loss: 0.005336
2026-04-24 12:50: **********Val Epoch 1707: average Loss: 0.008922
2026-04-24 12:50: Train Epoch 1708: 0/74 Loss: 0.009014
2026-04-24 12:50: Train Epoch 1708: 20/74 Loss: 0.004032
2026-04-24 12:50: Train Epoch 1708: 40/74 Loss: 0.004364
2026-04-24 12:50: Train Epoch 1708: 60/74 Loss: 0.014186
2026-04-24 12:50: **********Train Epoch 1708: averaged Loss: 0.007138
2026-04-24 12:50: **********Val Epoch 1708: average Loss: 0.010500
2026-04-24 12:50: Train Epoch 1709: 0/74 Loss: 0.045337
2026-04-24 12:50: Train Epoch 1709: 20/74 Loss: 0.004832
2026-04-24 12:50: Train Epoch 1709: 40/74 Loss: 0.003454
2026-04-24 12:50: Train Epoch 1709: 60/74 Loss: 0.008265
2026-04-24 12:51: **********Train Epoch 1709: averaged Loss: 0.008165
2026-04-24 12:51: **********Val Epoch 1709: average Loss: 0.007650
2026-04-24 12:51: Train Epoch 1710: 0/74 Loss: 0.005440
2026-04-24 12:51: Train Epoch 1710: 20/74 Loss: 0.003247
2026-04-24 12:51: Train Epoch 1710: 40/74 Loss: 0.005206
2026-04-24 12:51: Train Epoch 1710: 60/74 Loss: 0.018334
2026-04-24 12:51: **********Train Epoch 1710: averaged Loss: 0.007892
2026-04-24 12:51: **********Val Epoch 1710: average Loss: 0.012847
2026-04-24 12:51: Train Epoch 1711: 0/74 Loss: 0.049571
2026-04-24 12:51: Train Epoch 1711: 20/74 Loss: 0.009414
2026-04-24 12:51: Train Epoch 1711: 40/74 Loss: 0.005070
2026-04-24 12:51: Train Epoch 1711: 60/74 Loss: 0.020585
2026-04-24 12:51: **********Train Epoch 1711: averaged Loss: 0.011786
2026-04-24 12:51: **********Val Epoch 1711: average Loss: 0.009528
2026-04-24 12:51: Train Epoch 1712: 0/74 Loss: 0.005965
2026-04-24 12:51: Train Epoch 1712: 20/74 Loss: 0.002649
2026-04-24 12:51: Train Epoch 1712: 40/74 Loss: 0.004646
2026-04-24 12:51: Train Epoch 1712: 60/74 Loss: 0.009608
2026-04-24 12:51: **********Train Epoch 1712: averaged Loss: 0.007135
2026-04-24 12:51: **********Val Epoch 1712: average Loss: 0.010707
2026-04-24 12:51: Train Epoch 1713: 0/74 Loss: 0.016577
2026-04-24 12:51: Train Epoch 1713: 20/74 Loss: 0.003012
2026-04-24 12:51: Train Epoch 1713: 40/74 Loss: 0.007372
2026-04-24 12:51: Train Epoch 1713: 60/74 Loss: 0.019275
2026-04-24 12:51: **********Train Epoch 1713: averaged Loss: 0.008615
2026-04-24 12:51: **********Val Epoch 1713: average Loss: 0.013531
2026-04-24 12:51: Train Epoch 1714: 0/74 Loss: 0.007492
2026-04-24 12:51: Train Epoch 1714: 20/74 Loss: 0.003273
2026-04-24 12:51: Train Epoch 1714: 40/74 Loss: 0.017243
2026-04-24 12:51: Train Epoch 1714: 60/74 Loss: 0.014837
2026-04-24 12:51: **********Train Epoch 1714: averaged Loss: 0.009771
2026-04-24 12:51: **********Val Epoch 1714: average Loss: 0.009237
2026-04-24 12:51: Train Epoch 1715: 0/74 Loss: 0.031112
2026-04-24 12:51: Train Epoch 1715: 20/74 Loss: 0.007745
2026-04-24 12:51: Train Epoch 1715: 40/74 Loss: 0.009679
2026-04-24 12:51: Train Epoch 1715: 60/74 Loss: 0.012840
2026-04-24 12:51: **********Train Epoch 1715: averaged Loss: 0.010250
2026-04-24 12:51: **********Val Epoch 1715: average Loss: 0.009584
2026-04-24 12:51: Train Epoch 1716: 0/74 Loss: 0.019498
2026-04-24 12:51: Train Epoch 1716: 20/74 Loss: 0.004628
2026-04-24 12:51: Train Epoch 1716: 40/74 Loss: 0.014919
2026-04-24 12:51: Train Epoch 1716: 60/74 Loss: 0.014177
2026-04-24 12:51: **********Train Epoch 1716: averaged Loss: 0.010118
2026-04-24 12:51: **********Val Epoch 1716: average Loss: 0.015747
2026-04-24 12:51: Train Epoch 1717: 0/74 Loss: 0.015463
2026-04-24 12:51: Train Epoch 1717: 20/74 Loss: 0.007803
2026-04-24 12:51: Train Epoch 1717: 40/74 Loss: 0.013328
2026-04-24 12:51: Train Epoch 1717: 60/74 Loss: 0.012920
2026-04-24 12:51: **********Train Epoch 1717: averaged Loss: 0.009075
2026-04-24 12:51: **********Val Epoch 1717: average Loss: 0.017171
2026-04-24 12:51: Train Epoch 1718: 0/74 Loss: 0.017010
2026-04-24 12:51: Train Epoch 1718: 20/74 Loss: 0.002567
2026-04-24 12:51: Train Epoch 1718: 40/74 Loss: 0.010769
2026-04-24 12:51: Train Epoch 1718: 60/74 Loss: 0.008514
2026-04-24 12:51: **********Train Epoch 1718: averaged Loss: 0.007423
2026-04-24 12:51: **********Val Epoch 1718: average Loss: 0.017007
2026-04-24 12:51: Train Epoch 1719: 0/74 Loss: 0.003143
2026-04-24 12:52: Train Epoch 1719: 20/74 Loss: 0.002512
2026-04-24 12:52: Train Epoch 1719: 40/74 Loss: 0.008908
2026-04-24 12:52: Train Epoch 1719: 60/74 Loss: 0.005737
2026-04-24 12:52: **********Train Epoch 1719: averaged Loss: 0.005766
2026-04-24 12:52: **********Val Epoch 1719: average Loss: 0.014181
2026-04-24 12:52: Train Epoch 1720: 0/74 Loss: 0.020004
2026-04-24 12:52: Train Epoch 1720: 20/74 Loss: 0.004417
2026-04-24 12:52: Train Epoch 1720: 40/74 Loss: 0.005660
2026-04-24 12:52: Train Epoch 1720: 60/74 Loss: 0.006619
2026-04-24 12:52: **********Train Epoch 1720: averaged Loss: 0.005843
2026-04-24 12:52: **********Val Epoch 1720: average Loss: 0.013392
2026-04-24 12:52: Train Epoch 1721: 0/74 Loss: 0.004187
2026-04-24 12:52: Train Epoch 1721: 20/74 Loss: 0.002534
2026-04-24 12:52: Train Epoch 1721: 40/74 Loss: 0.007308
2026-04-24 12:52: Train Epoch 1721: 60/74 Loss: 0.004478
2026-04-24 12:52: **********Train Epoch 1721: averaged Loss: 0.005841
2026-04-24 12:52: **********Val Epoch 1721: average Loss: 0.014030
2026-04-24 12:52: Train Epoch 1722: 0/74 Loss: 0.002748
2026-04-24 12:52: Train Epoch 1722: 20/74 Loss: 0.002549
2026-04-24 12:52: Train Epoch 1722: 40/74 Loss: 0.007401
2026-04-24 12:52: Train Epoch 1722: 60/74 Loss: 0.006666
2026-04-24 12:52: **********Train Epoch 1722: averaged Loss: 0.005655
2026-04-24 12:52: **********Val Epoch 1722: average Loss: 0.014429
2026-04-24 12:52: Train Epoch 1723: 0/74 Loss: 0.010131
2026-04-24 12:52: Train Epoch 1723: 20/74 Loss: 0.002825
2026-04-24 12:52: Train Epoch 1723: 40/74 Loss: 0.005831
2026-04-24 12:52: Train Epoch 1723: 60/74 Loss: 0.006083
2026-04-24 12:52: **********Train Epoch 1723: averaged Loss: 0.006243
2026-04-24 12:52: **********Val Epoch 1723: average Loss: 0.014364
2026-04-24 12:52: Train Epoch 1724: 0/74 Loss: 0.007017
2026-04-24 12:52: Train Epoch 1724: 20/74 Loss: 0.002624
2026-04-24 12:52: Train Epoch 1724: 40/74 Loss: 0.005107
2026-04-24 12:52: Train Epoch 1724: 60/74 Loss: 0.010452
2026-04-24 12:52: **********Train Epoch 1724: averaged Loss: 0.006934
2026-04-24 12:52: **********Val Epoch 1724: average Loss: 0.008944
2026-04-24 12:52: Train Epoch 1725: 0/74 Loss: 0.013969
2026-04-24 12:52: Train Epoch 1725: 20/74 Loss: 0.002608
2026-04-24 12:52: Train Epoch 1725: 40/74 Loss: 0.004176
2026-04-24 12:52: Train Epoch 1725: 60/74 Loss: 0.014171
2026-04-24 12:52: **********Train Epoch 1725: averaged Loss: 0.007543
2026-04-24 12:52: **********Val Epoch 1725: average Loss: 0.009107
2026-04-24 12:52: Train Epoch 1726: 0/74 Loss: 0.021681
2026-04-24 12:52: Train Epoch 1726: 20/74 Loss: 0.002559
2026-04-24 12:52: Train Epoch 1726: 40/74 Loss: 0.005403
2026-04-24 12:52: Train Epoch 1726: 60/74 Loss: 0.009789
2026-04-24 12:52: **********Train Epoch 1726: averaged Loss: 0.006954
2026-04-24 12:52: **********Val Epoch 1726: average Loss: 0.007701
2026-04-24 12:52: Train Epoch 1727: 0/74 Loss: 0.007973
2026-04-24 12:52: Train Epoch 1727: 20/74 Loss: 0.003290
2026-04-24 12:52: Train Epoch 1727: 40/74 Loss: 0.004484
2026-04-24 12:52: Train Epoch 1727: 60/74 Loss: 0.008011
2026-04-24 12:52: **********Train Epoch 1727: averaged Loss: 0.004989
2026-04-24 12:52: **********Val Epoch 1727: average Loss: 0.007641
2026-04-24 12:52: Train Epoch 1728: 0/74 Loss: 0.011491
2026-04-24 12:53: Train Epoch 1728: 20/74 Loss: 0.002577
2026-04-24 12:53: Train Epoch 1728: 40/74 Loss: 0.003919
2026-04-24 12:53: Train Epoch 1728: 60/74 Loss: 0.007003
2026-04-24 12:53: **********Train Epoch 1728: averaged Loss: 0.005035
2026-04-24 12:53: **********Val Epoch 1728: average Loss: 0.007720
2026-04-24 12:53: Train Epoch 1729: 0/74 Loss: 0.015334
2026-04-24 12:53: Train Epoch 1729: 20/74 Loss: 0.004746
2026-04-24 12:53: Train Epoch 1729: 40/74 Loss: 0.006754
2026-04-24 12:53: Train Epoch 1729: 60/74 Loss: 0.006403
2026-04-24 12:53: **********Train Epoch 1729: averaged Loss: 0.006022
2026-04-24 12:53: **********Val Epoch 1729: average Loss: 0.007261
2026-04-24 12:53: Train Epoch 1730: 0/74 Loss: 0.007262
2026-04-24 12:53: Train Epoch 1730: 20/74 Loss: 0.002562
2026-04-24 12:53: Train Epoch 1730: 40/74 Loss: 0.006689
2026-04-24 12:53: Train Epoch 1730: 60/74 Loss: 0.010451
2026-04-24 12:53: **********Train Epoch 1730: averaged Loss: 0.005006
2026-04-24 12:53: **********Val Epoch 1730: average Loss: 0.007458
2026-04-24 12:53: Train Epoch 1731: 0/74 Loss: 0.006214
2026-04-24 12:53: Train Epoch 1731: 20/74 Loss: 0.002661
2026-04-24 12:53: Train Epoch 1731: 40/74 Loss: 0.006580
2026-04-24 12:53: Train Epoch 1731: 60/74 Loss: 0.013409
2026-04-24 12:53: **********Train Epoch 1731: averaged Loss: 0.006412
2026-04-24 12:53: **********Val Epoch 1731: average Loss: 0.009441
2026-04-24 12:53: Train Epoch 1732: 0/74 Loss: 0.008215
2026-04-24 12:53: Train Epoch 1732: 20/74 Loss: 0.002517
2026-04-24 12:53: Train Epoch 1732: 40/74 Loss: 0.009099
2026-04-24 12:53: Train Epoch 1732: 60/74 Loss: 0.031806
2026-04-24 12:53: **********Train Epoch 1732: averaged Loss: 0.009181
2026-04-24 12:53: **********Val Epoch 1732: average Loss: 0.023819
2026-04-24 12:53: Train Epoch 1733: 0/74 Loss: 0.011516
2026-04-24 12:53: Train Epoch 1733: 20/74 Loss: 0.003685
2026-04-24 12:53: Train Epoch 1733: 40/74 Loss: 0.008243
2026-04-24 12:53: Train Epoch 1733: 60/74 Loss: 0.009156
2026-04-24 12:53: **********Train Epoch 1733: averaged Loss: 0.006215
2026-04-24 12:53: **********Val Epoch 1733: average Loss: 0.008396
2026-04-24 12:53: Train Epoch 1734: 0/74 Loss: 0.010860
2026-04-24 12:53: Train Epoch 1734: 20/74 Loss: 0.002692
2026-04-24 12:53: Train Epoch 1734: 40/74 Loss: 0.006688
2026-04-24 12:53: Train Epoch 1734: 60/74 Loss: 0.011103
2026-04-24 12:53: **********Train Epoch 1734: averaged Loss: 0.005487
2026-04-24 12:53: **********Val Epoch 1734: average Loss: 0.008116
2026-04-24 12:53: Train Epoch 1735: 0/74 Loss: 0.019834
2026-04-24 12:53: Train Epoch 1735: 20/74 Loss: 0.003362
2026-04-24 12:53: Train Epoch 1735: 40/74 Loss: 0.005706
2026-04-24 12:53: Train Epoch 1735: 60/74 Loss: 0.006475
2026-04-24 12:53: **********Train Epoch 1735: averaged Loss: 0.006580
2026-04-24 12:53: **********Val Epoch 1735: average Loss: 0.009614
2026-04-24 12:53: Train Epoch 1736: 0/74 Loss: 0.022351
2026-04-24 12:53: Train Epoch 1736: 20/74 Loss: 0.003671
2026-04-24 12:53: Train Epoch 1736: 40/74 Loss: 0.003951
2026-04-24 12:53: Train Epoch 1736: 60/74 Loss: 0.014980
2026-04-24 12:53: **********Train Epoch 1736: averaged Loss: 0.006737
2026-04-24 12:53: **********Val Epoch 1736: average Loss: 0.007932
2026-04-24 12:53: Train Epoch 1737: 0/74 Loss: 0.012405
2026-04-24 12:53: Train Epoch 1737: 20/74 Loss: 0.002469
2026-04-24 12:54: Train Epoch 1737: 40/74 Loss: 0.003437
2026-04-24 12:54: Train Epoch 1737: 60/74 Loss: 0.021380
2026-04-24 12:54: **********Train Epoch 1737: averaged Loss: 0.007592
2026-04-24 12:54: **********Val Epoch 1737: average Loss: 0.010518
2026-04-24 12:54: Train Epoch 1738: 0/74 Loss: 0.015257
2026-04-24 12:54: Train Epoch 1738: 20/74 Loss: 0.004334
2026-04-24 12:54: Train Epoch 1738: 40/74 Loss: 0.006752
2026-04-24 12:54: Train Epoch 1738: 60/74 Loss: 0.017607
2026-04-24 12:54: **********Train Epoch 1738: averaged Loss: 0.007258
2026-04-24 12:54: **********Val Epoch 1738: average Loss: 0.008356
2026-04-24 12:54: Train Epoch 1739: 0/74 Loss: 0.014480
2026-04-24 12:54: Train Epoch 1739: 20/74 Loss: 0.004690
2026-04-24 12:54: Train Epoch 1739: 40/74 Loss: 0.003458
2026-04-24 12:54: Train Epoch 1739: 60/74 Loss: 0.011547
2026-04-24 12:54: **********Train Epoch 1739: averaged Loss: 0.006267
2026-04-24 12:54: **********Val Epoch 1739: average Loss: 0.008495
2026-04-24 12:54: Train Epoch 1740: 0/74 Loss: 0.007584
2026-04-24 12:54: Train Epoch 1740: 20/74 Loss: 0.002304
2026-04-24 12:54: Train Epoch 1740: 40/74 Loss: 0.005186
2026-04-24 12:54: Train Epoch 1740: 60/74 Loss: 0.009642
2026-04-24 12:54: **********Train Epoch 1740: averaged Loss: 0.005167
2026-04-24 12:54: **********Val Epoch 1740: average Loss: 0.008865
2026-04-24 12:54: Train Epoch 1741: 0/74 Loss: 0.004861
2026-04-24 12:54: Train Epoch 1741: 20/74 Loss: 0.002201
2026-04-24 12:54: Train Epoch 1741: 40/74 Loss: 0.004592
2026-04-24 12:54: Train Epoch 1741: 60/74 Loss: 0.008853
2026-04-24 12:54: **********Train Epoch 1741: averaged Loss: 0.004637
2026-04-24 12:54: **********Val Epoch 1741: average Loss: 0.007286
2026-04-24 12:54: Train Epoch 1742: 0/74 Loss: 0.020441
2026-04-24 12:54: Train Epoch 1742: 20/74 Loss: 0.003440
2026-04-24 12:54: Train Epoch 1742: 40/74 Loss: 0.004112
2026-04-24 12:54: Train Epoch 1742: 60/74 Loss: 0.008677
2026-04-24 12:54: **********Train Epoch 1742: averaged Loss: 0.005932
2026-04-24 12:54: **********Val Epoch 1742: average Loss: 0.007520
2026-04-24 12:54: Train Epoch 1743: 0/74 Loss: 0.002295
2026-04-24 12:54: Train Epoch 1743: 20/74 Loss: 0.003391
2026-04-24 12:54: Train Epoch 1743: 40/74 Loss: 0.004298
2026-04-24 12:54: Train Epoch 1743: 60/74 Loss: 0.008989
2026-04-24 12:54: **********Train Epoch 1743: averaged Loss: 0.004580
2026-04-24 12:54: **********Val Epoch 1743: average Loss: 0.009661
2026-04-24 12:54: Train Epoch 1744: 0/74 Loss: 0.007210
2026-04-24 12:54: Train Epoch 1744: 20/74 Loss: 0.002283
2026-04-24 12:54: Train Epoch 1744: 40/74 Loss: 0.006575
2026-04-24 12:54: Train Epoch 1744: 60/74 Loss: 0.006332
2026-04-24 12:54: **********Train Epoch 1744: averaged Loss: 0.005229
2026-04-24 12:54: **********Val Epoch 1744: average Loss: 0.009441
2026-04-24 12:54: Train Epoch 1745: 0/74 Loss: 0.006367
2026-04-24 12:54: Train Epoch 1745: 20/74 Loss: 0.002315
2026-04-24 12:54: Train Epoch 1745: 40/74 Loss: 0.005380
2026-04-24 12:54: Train Epoch 1745: 60/74 Loss: 0.005896
2026-04-24 12:54: **********Train Epoch 1745: averaged Loss: 0.005323
2026-04-24 12:54: **********Val Epoch 1745: average Loss: 0.008306
2026-04-24 12:54: Train Epoch 1746: 0/74 Loss: 0.019322
2026-04-24 12:54: Train Epoch 1746: 20/74 Loss: 0.003346
2026-04-24 12:54: Train Epoch 1746: 40/74 Loss: 0.003653
2026-04-24 12:55: Train Epoch 1746: 60/74 Loss: 0.007651
2026-04-24 12:55: **********Train Epoch 1746: averaged Loss: 0.007337
2026-04-24 12:55: **********Val Epoch 1746: average Loss: 0.008585
2026-04-24 12:55: Train Epoch 1747: 0/74 Loss: 0.015459
2026-04-24 12:55: Train Epoch 1747: 20/74 Loss: 0.004722
2026-04-24 12:55: Train Epoch 1747: 40/74 Loss: 0.006361
2026-04-24 12:55: Train Epoch 1747: 60/74 Loss: 0.008323
2026-04-24 12:55: **********Train Epoch 1747: averaged Loss: 0.007696
2026-04-24 12:55: **********Val Epoch 1747: average Loss: 0.005813
2026-04-24 12:55: Train Epoch 1748: 0/74 Loss: 0.030411
2026-04-24 12:55: Train Epoch 1748: 20/74 Loss: 0.002485
2026-04-24 12:55: Train Epoch 1748: 40/74 Loss: 0.003736
2026-04-24 12:55: Train Epoch 1748: 60/74 Loss: 0.008115
2026-04-24 12:55: **********Train Epoch 1748: averaged Loss: 0.009066
2026-04-24 12:55: **********Val Epoch 1748: average Loss: 0.007972
2026-04-24 12:55: Train Epoch 1749: 0/74 Loss: 0.043672
2026-04-24 12:55: Train Epoch 1749: 20/74 Loss: 0.002502
2026-04-24 12:55: Train Epoch 1749: 40/74 Loss: 0.003498
2026-04-24 12:55: Train Epoch 1749: 60/74 Loss: 0.006295
2026-04-24 12:55: **********Train Epoch 1749: averaged Loss: 0.008622
2026-04-24 12:55: **********Val Epoch 1749: average Loss: 0.005953
2026-04-24 12:55: Train Epoch 1750: 0/74 Loss: 0.035196
2026-04-24 12:55: Train Epoch 1750: 20/74 Loss: 0.010097
2026-04-24 12:55: Train Epoch 1750: 40/74 Loss: 0.003037
2026-04-24 12:55: Train Epoch 1750: 60/74 Loss: 0.006411
2026-04-24 12:55: **********Train Epoch 1750: averaged Loss: 0.008642
2026-04-24 12:55: **********Val Epoch 1750: average Loss: 0.006753
2026-04-24 12:55: Train Epoch 1751: 0/74 Loss: 0.018543
2026-04-24 12:55: Train Epoch 1751: 20/74 Loss: 0.002583
2026-04-24 12:55: Train Epoch 1751: 40/74 Loss: 0.003487
2026-04-24 12:55: Train Epoch 1751: 60/74 Loss: 0.006455
2026-04-24 12:55: **********Train Epoch 1751: averaged Loss: 0.005346
2026-04-24 12:55: **********Val Epoch 1751: average Loss: 0.007046
2026-04-24 12:55: Train Epoch 1752: 0/74 Loss: 0.019444
2026-04-24 12:55: Train Epoch 1752: 20/74 Loss: 0.002894
2026-04-24 12:55: Train Epoch 1752: 40/74 Loss: 0.003566
2026-04-24 12:55: Train Epoch 1752: 60/74 Loss: 0.009101
2026-04-24 12:55: **********Train Epoch 1752: averaged Loss: 0.005844
2026-04-24 12:55: **********Val Epoch 1752: average Loss: 0.008467
2026-04-24 12:55: Train Epoch 1753: 0/74 Loss: 0.010295
2026-04-24 12:55: Train Epoch 1753: 20/74 Loss: 0.003449
2026-04-24 12:55: Train Epoch 1753: 40/74 Loss: 0.010175
2026-04-24 12:55: Train Epoch 1753: 60/74 Loss: 0.012934
2026-04-24 12:55: **********Train Epoch 1753: averaged Loss: 0.007514
2026-04-24 12:55: **********Val Epoch 1753: average Loss: 0.013463
2026-04-24 12:55: Train Epoch 1754: 0/74 Loss: 0.016889
2026-04-24 12:55: Train Epoch 1754: 20/74 Loss: 0.002836
2026-04-24 12:55: Train Epoch 1754: 40/74 Loss: 0.003821
2026-04-24 12:55: Train Epoch 1754: 60/74 Loss: 0.014585
2026-04-24 12:55: **********Train Epoch 1754: averaged Loss: 0.006208
2026-04-24 12:55: **********Val Epoch 1754: average Loss: 0.014350
2026-04-24 12:55: Train Epoch 1755: 0/74 Loss: 0.012810
2026-04-24 12:55: Train Epoch 1755: 20/74 Loss: 0.002261
2026-04-24 12:55: Train Epoch 1755: 40/74 Loss: 0.004425
2026-04-24 12:56: Train Epoch 1755: 60/74 Loss: 0.005752
2026-04-24 12:56: **********Train Epoch 1755: averaged Loss: 0.006700
2026-04-24 12:56: **********Val Epoch 1755: average Loss: 0.007564
2026-04-24 12:56: Train Epoch 1756: 0/74 Loss: 0.002572
2026-04-24 12:56: Train Epoch 1756: 20/74 Loss: 0.002213
2026-04-24 12:56: Train Epoch 1756: 40/74 Loss: 0.010308
2026-04-24 12:56: Train Epoch 1756: 60/74 Loss: 0.004926
2026-04-24 12:56: **********Train Epoch 1756: averaged Loss: 0.006615
2026-04-24 12:56: **********Val Epoch 1756: average Loss: 0.016647
2026-04-24 12:56: Train Epoch 1757: 0/74 Loss: 0.027792
2026-04-24 12:56: Train Epoch 1757: 20/74 Loss: 0.008078
2026-04-24 12:56: Train Epoch 1757: 40/74 Loss: 0.007327
2026-04-24 12:56: Train Epoch 1757: 60/74 Loss: 0.006007
2026-04-24 12:56: **********Train Epoch 1757: averaged Loss: 0.008016
2026-04-24 12:56: **********Val Epoch 1757: average Loss: 0.008084
2026-04-24 12:56: Train Epoch 1758: 0/74 Loss: 0.017701
2026-04-24 12:56: Train Epoch 1758: 20/74 Loss: 0.004951
2026-04-24 12:56: Train Epoch 1758: 40/74 Loss: 0.006774
2026-04-24 12:56: Train Epoch 1758: 60/74 Loss: 0.005072
2026-04-24 12:56: **********Train Epoch 1758: averaged Loss: 0.006412
2026-04-24 12:56: **********Val Epoch 1758: average Loss: 0.007113
2026-04-24 12:56: Train Epoch 1759: 0/74 Loss: 0.015546
2026-04-24 12:56: Train Epoch 1759: 20/74 Loss: 0.008869
2026-04-24 12:56: Train Epoch 1759: 40/74 Loss: 0.012222
2026-04-24 12:56: Train Epoch 1759: 60/74 Loss: 0.005185
2026-04-24 12:56: **********Train Epoch 1759: averaged Loss: 0.008015
2026-04-24 12:56: **********Val Epoch 1759: average Loss: 0.006711
2026-04-24 12:56: Train Epoch 1760: 0/74 Loss: 0.024459
2026-04-24 12:56: Train Epoch 1760: 20/74 Loss: 0.008560
2026-04-24 12:56: Train Epoch 1760: 40/74 Loss: 0.007512
2026-04-24 12:56: Train Epoch 1760: 60/74 Loss: 0.004982
2026-04-24 12:56: **********Train Epoch 1760: averaged Loss: 0.007644
2026-04-24 12:56: **********Val Epoch 1760: average Loss: 0.005882
2026-04-24 12:56: Train Epoch 1761: 0/74 Loss: 0.018315
2026-04-24 12:56: Train Epoch 1761: 20/74 Loss: 0.007197
2026-04-24 12:56: Train Epoch 1761: 40/74 Loss: 0.007842
2026-04-24 12:56: Train Epoch 1761: 60/74 Loss: 0.005859
2026-04-24 12:56: **********Train Epoch 1761: averaged Loss: 0.007463
2026-04-24 12:56: **********Val Epoch 1761: average Loss: 0.005183
2026-04-24 12:56: Train Epoch 1762: 0/74 Loss: 0.027667
2026-04-24 12:56: Train Epoch 1762: 20/74 Loss: 0.009409
2026-04-24 12:56: Train Epoch 1762: 40/74 Loss: 0.011395
2026-04-24 12:56: Train Epoch 1762: 60/74 Loss: 0.007092
2026-04-24 12:56: **********Train Epoch 1762: averaged Loss: 0.008781
2026-04-24 12:56: **********Val Epoch 1762: average Loss: 0.006045
2026-04-24 12:56: Train Epoch 1763: 0/74 Loss: 0.028714
2026-04-24 12:56: Train Epoch 1763: 20/74 Loss: 0.006685
2026-04-24 12:56: Train Epoch 1763: 40/74 Loss: 0.007527
2026-04-24 12:56: Train Epoch 1763: 60/74 Loss: 0.008365
2026-04-24 12:56: **********Train Epoch 1763: averaged Loss: 0.007986
2026-04-24 12:56: **********Val Epoch 1763: average Loss: 0.008465
2026-04-24 12:56: Train Epoch 1764: 0/74 Loss: 0.003117
2026-04-24 12:56: Train Epoch 1764: 20/74 Loss: 0.002432
2026-04-24 12:56: Train Epoch 1764: 40/74 Loss: 0.005265
2026-04-24 12:56: Train Epoch 1764: 60/74 Loss: 0.014356
2026-04-24 12:57: **********Train Epoch 1764: averaged Loss: 0.007558
2026-04-24 12:57: **********Val Epoch 1764: average Loss: 0.020646
2026-04-24 12:57: Train Epoch 1765: 0/74 Loss: 0.031309
2026-04-24 12:57: Train Epoch 1765: 20/74 Loss: 0.002166
2026-04-24 12:57: Train Epoch 1765: 40/74 Loss: 0.004851
2026-04-24 12:57: Train Epoch 1765: 60/74 Loss: 0.010759
2026-04-24 12:57: **********Train Epoch 1765: averaged Loss: 0.006744
2026-04-24 12:57: **********Val Epoch 1765: average Loss: 0.014036
2026-04-24 12:57: Train Epoch 1766: 0/74 Loss: 0.019741
2026-04-24 12:57: Train Epoch 1766: 20/74 Loss: 0.003511
2026-04-24 12:57: Train Epoch 1766: 40/74 Loss: 0.003260
2026-04-24 12:57: Train Epoch 1766: 60/74 Loss: 0.009620
2026-04-24 12:57: **********Train Epoch 1766: averaged Loss: 0.005976
2026-04-24 12:57: **********Val Epoch 1766: average Loss: 0.019185
2026-04-24 12:57: Train Epoch 1767: 0/74 Loss: 0.006454
2026-04-24 12:57: Train Epoch 1767: 20/74 Loss: 0.002430
2026-04-24 12:57: Train Epoch 1767: 40/74 Loss: 0.004263
2026-04-24 12:57: Train Epoch 1767: 60/74 Loss: 0.009623
2026-04-24 12:57: **********Train Epoch 1767: averaged Loss: 0.006163
2026-04-24 12:57: **********Val Epoch 1767: average Loss: 0.008776
2026-04-24 12:57: Train Epoch 1768: 0/74 Loss: 0.007789
2026-04-24 12:57: Train Epoch 1768: 20/74 Loss: 0.002626
2026-04-24 12:57: Train Epoch 1768: 40/74 Loss: 0.007475
2026-04-24 12:57: Train Epoch 1768: 60/74 Loss: 0.014995
2026-04-24 12:57: **********Train Epoch 1768: averaged Loss: 0.007801
2026-04-24 12:57: **********Val Epoch 1768: average Loss: 0.006699
2026-04-24 12:57: Train Epoch 1769: 0/74 Loss: 0.022938
2026-04-24 12:57: Train Epoch 1769: 20/74 Loss: 0.003276
2026-04-24 12:57: Train Epoch 1769: 40/74 Loss: 0.005999
2026-04-24 12:57: Train Epoch 1769: 60/74 Loss: 0.017929
2026-04-24 12:57: **********Train Epoch 1769: averaged Loss: 0.009302
2026-04-24 12:57: **********Val Epoch 1769: average Loss: 0.009577
2026-04-24 12:57: Train Epoch 1770: 0/74 Loss: 0.035942
2026-04-24 12:57: Train Epoch 1770: 20/74 Loss: 0.007242
2026-04-24 12:57: Train Epoch 1770: 40/74 Loss: 0.003528
2026-04-24 12:57: Train Epoch 1770: 60/74 Loss: 0.011544
2026-04-24 12:57: **********Train Epoch 1770: averaged Loss: 0.008593
2026-04-24 12:57: **********Val Epoch 1770: average Loss: 0.005953
2026-04-24 12:57: Train Epoch 1771: 0/74 Loss: 0.009036
2026-04-24 12:57: Train Epoch 1771: 20/74 Loss: 0.002393
2026-04-24 12:57: Train Epoch 1771: 40/74 Loss: 0.005396
2026-04-24 12:57: Train Epoch 1771: 60/74 Loss: 0.008969
2026-04-24 12:57: **********Train Epoch 1771: averaged Loss: 0.005395
2026-04-24 12:57: **********Val Epoch 1771: average Loss: 0.005787
2026-04-24 12:57: Train Epoch 1772: 0/74 Loss: 0.002616
2026-04-24 12:57: Train Epoch 1772: 20/74 Loss: 0.002472
2026-04-24 12:57: Train Epoch 1772: 40/74 Loss: 0.004860
2026-04-24 12:57: Train Epoch 1772: 60/74 Loss: 0.009441
2026-04-24 12:57: **********Train Epoch 1772: averaged Loss: 0.004925
2026-04-24 12:57: **********Val Epoch 1772: average Loss: 0.005641
2026-04-24 12:57: Train Epoch 1773: 0/74 Loss: 0.005849
2026-04-24 12:57: Train Epoch 1773: 20/74 Loss: 0.002355
2026-04-24 12:57: Train Epoch 1773: 40/74 Loss: 0.004920
2026-04-24 12:57: Train Epoch 1773: 60/74 Loss: 0.008840
2026-04-24 12:57: **********Train Epoch 1773: averaged Loss: 0.005209
2026-04-24 12:57: **********Val Epoch 1773: average Loss: 0.006110
2026-04-24 12:57: Train Epoch 1774: 0/74 Loss: 0.003566
2026-04-24 12:58: Train Epoch 1774: 20/74 Loss: 0.002440
2026-04-24 12:58: Train Epoch 1774: 40/74 Loss: 0.003906
2026-04-24 12:58: Train Epoch 1774: 60/74 Loss: 0.010562
2026-04-24 12:58: **********Train Epoch 1774: averaged Loss: 0.005191
2026-04-24 12:58: **********Val Epoch 1774: average Loss: 0.006591
2026-04-24 12:58: Train Epoch 1775: 0/74 Loss: 0.004839
2026-04-24 12:58: Train Epoch 1775: 20/74 Loss: 0.002762
2026-04-24 12:58: Train Epoch 1775: 40/74 Loss: 0.003070
2026-04-24 12:58: Train Epoch 1775: 60/74 Loss: 0.011784
2026-04-24 12:58: **********Train Epoch 1775: averaged Loss: 0.005481
2026-04-24 12:58: **********Val Epoch 1775: average Loss: 0.010176
2026-04-24 12:58: Train Epoch 1776: 0/74 Loss: 0.006495
2026-04-24 12:58: Train Epoch 1776: 20/74 Loss: 0.002327
2026-04-24 12:58: Train Epoch 1776: 40/74 Loss: 0.003496
2026-04-24 12:58: Train Epoch 1776: 60/74 Loss: 0.013990
2026-04-24 12:58: **********Train Epoch 1776: averaged Loss: 0.006023
2026-04-24 12:58: **********Val Epoch 1776: average Loss: 0.011992
2026-04-24 12:58: Train Epoch 1777: 0/74 Loss: 0.003213
2026-04-24 12:58: Train Epoch 1777: 20/74 Loss: 0.002293
2026-04-24 12:58: Train Epoch 1777: 40/74 Loss: 0.003703
2026-04-24 12:58: Train Epoch 1777: 60/74 Loss: 0.014472
2026-04-24 12:58: **********Train Epoch 1777: averaged Loss: 0.006585
2026-04-24 12:58: **********Val Epoch 1777: average Loss: 0.015115
2026-04-24 12:58: Train Epoch 1778: 0/74 Loss: 0.013188
2026-04-24 12:58: Train Epoch 1778: 20/74 Loss: 0.006744
2026-04-24 12:58: Train Epoch 1778: 40/74 Loss: 0.006414
2026-04-24 12:58: Train Epoch 1778: 60/74 Loss: 0.015503
2026-04-24 12:58: **********Train Epoch 1778: averaged Loss: 0.008323
2026-04-24 12:58: **********Val Epoch 1778: average Loss: 0.014115
2026-04-24 12:58: Train Epoch 1779: 0/74 Loss: 0.002708
2026-04-24 12:58: Train Epoch 1779: 20/74 Loss: 0.002607
2026-04-24 12:58: Train Epoch 1779: 40/74 Loss: 0.005044
2026-04-24 12:58: Train Epoch 1779: 60/74 Loss: 0.022147
2026-04-24 12:58: **********Train Epoch 1779: averaged Loss: 0.007323
2026-04-24 12:58: **********Val Epoch 1779: average Loss: 0.014435
2026-04-24 12:58: Train Epoch 1780: 0/74 Loss: 0.029738
2026-04-24 12:58: Train Epoch 1780: 20/74 Loss: 0.002805
2026-04-24 12:58: Train Epoch 1780: 40/74 Loss: 0.004143
2026-04-24 12:58: Train Epoch 1780: 60/74 Loss: 0.009741
2026-04-24 12:58: **********Train Epoch 1780: averaged Loss: 0.008821
2026-04-24 12:58: **********Val Epoch 1780: average Loss: 0.010941
2026-04-24 12:58: Train Epoch 1781: 0/74 Loss: 0.003965
2026-04-24 12:58: Train Epoch 1781: 20/74 Loss: 0.002560
2026-04-24 12:58: Train Epoch 1781: 40/74 Loss: 0.010871
2026-04-24 12:58: Train Epoch 1781: 60/74 Loss: 0.006044
2026-04-24 12:58: **********Train Epoch 1781: averaged Loss: 0.006816
2026-04-24 12:58: **********Val Epoch 1781: average Loss: 0.009080
2026-04-24 12:58: Train Epoch 1782: 0/74 Loss: 0.059326
2026-04-24 12:58: Train Epoch 1782: 20/74 Loss: 0.007769
2026-04-24 12:58: Train Epoch 1782: 40/74 Loss: 0.003760
2026-04-24 12:58: Train Epoch 1782: 60/74 Loss: 0.008292
2026-04-24 12:58: **********Train Epoch 1782: averaged Loss: 0.010042
2026-04-24 12:58: **********Val Epoch 1782: average Loss: 0.007893
2026-04-24 12:58: Train Epoch 1783: 0/74 Loss: 0.012529
2026-04-24 12:58: Train Epoch 1783: 20/74 Loss: 0.003369
2026-04-24 12:59: Train Epoch 1783: 40/74 Loss: 0.009138
2026-04-24 12:59: Train Epoch 1783: 60/74 Loss: 0.005650
2026-04-24 12:59: **********Train Epoch 1783: averaged Loss: 0.006890
2026-04-24 12:59: **********Val Epoch 1783: average Loss: 0.007798
2026-04-24 12:59: Train Epoch 1784: 0/74 Loss: 0.019214
2026-04-24 12:59: Train Epoch 1784: 20/74 Loss: 0.005082
2026-04-24 12:59: Train Epoch 1784: 40/74 Loss: 0.004666
2026-04-24 12:59: Train Epoch 1784: 60/74 Loss: 0.004728
2026-04-24 12:59: **********Train Epoch 1784: averaged Loss: 0.005312
2026-04-24 12:59: **********Val Epoch 1784: average Loss: 0.006832
2026-04-24 12:59: Train Epoch 1785: 0/74 Loss: 0.011885
2026-04-24 12:59: Train Epoch 1785: 20/74 Loss: 0.002418
2026-04-24 12:59: Train Epoch 1785: 40/74 Loss: 0.007645
2026-04-24 12:59: Train Epoch 1785: 60/74 Loss: 0.006012
2026-04-24 12:59: **********Train Epoch 1785: averaged Loss: 0.005673
2026-04-24 12:59: **********Val Epoch 1785: average Loss: 0.006572
2026-04-24 12:59: Train Epoch 1786: 0/74 Loss: 0.016621
2026-04-24 12:59: Train Epoch 1786: 20/74 Loss: 0.003129
2026-04-24 12:59: Train Epoch 1786: 40/74 Loss: 0.003609
2026-04-24 12:59: Train Epoch 1786: 60/74 Loss: 0.007783
2026-04-24 12:59: **********Train Epoch 1786: averaged Loss: 0.005548
2026-04-24 12:59: **********Val Epoch 1786: average Loss: 0.009873
2026-04-24 12:59: Train Epoch 1787: 0/74 Loss: 0.016375
2026-04-24 12:59: Train Epoch 1787: 20/74 Loss: 0.004649
2026-04-24 12:59: Train Epoch 1787: 40/74 Loss: 0.003310
2026-04-24 12:59: Train Epoch 1787: 60/74 Loss: 0.010006
2026-04-24 12:59: **********Train Epoch 1787: averaged Loss: 0.006895
2026-04-24 12:59: **********Val Epoch 1787: average Loss: 0.006810
2026-04-24 12:59: Train Epoch 1788: 0/74 Loss: 0.005951
2026-04-24 12:59: Train Epoch 1788: 20/74 Loss: 0.002457
2026-04-24 12:59: Train Epoch 1788: 40/74 Loss: 0.007244
2026-04-24 12:59: Train Epoch 1788: 60/74 Loss: 0.022343
2026-04-24 12:59: **********Train Epoch 1788: averaged Loss: 0.008939
2026-04-24 12:59: **********Val Epoch 1788: average Loss: 0.006888
2026-04-24 12:59: Train Epoch 1789: 0/74 Loss: 0.041441
2026-04-24 12:59: Train Epoch 1789: 20/74 Loss: 0.008325
2026-04-24 12:59: Train Epoch 1789: 40/74 Loss: 0.003734
2026-04-24 12:59: Train Epoch 1789: 60/74 Loss: 0.015479
2026-04-24 12:59: **********Train Epoch 1789: averaged Loss: 0.009008
2026-04-24 12:59: **********Val Epoch 1789: average Loss: 0.006585
2026-04-24 12:59: Train Epoch 1790: 0/74 Loss: 0.019275
2026-04-24 12:59: Train Epoch 1790: 20/74 Loss: 0.002829
2026-04-24 12:59: Train Epoch 1790: 40/74 Loss: 0.006925
2026-04-24 12:59: Train Epoch 1790: 60/74 Loss: 0.004765
2026-04-24 12:59: **********Train Epoch 1790: averaged Loss: 0.006327
2026-04-24 12:59: **********Val Epoch 1790: average Loss: 0.006221
2026-04-24 12:59: Train Epoch 1791: 0/74 Loss: 0.003521
2026-04-24 12:59: Train Epoch 1791: 20/74 Loss: 0.002280
2026-04-24 12:59: Train Epoch 1791: 40/74 Loss: 0.004593
2026-04-24 12:59: Train Epoch 1791: 60/74 Loss: 0.005113
2026-04-24 12:59: **********Train Epoch 1791: averaged Loss: 0.004501
2026-04-24 12:59: **********Val Epoch 1791: average Loss: 0.007808
2026-04-24 12:59: Train Epoch 1792: 0/74 Loss: 0.010503
2026-04-24 12:59: Train Epoch 1792: 20/74 Loss: 0.002451
2026-04-24 13:00: Train Epoch 1792: 40/74 Loss: 0.003159
2026-04-24 13:00: Train Epoch 1792: 60/74 Loss: 0.005303
2026-04-24 13:00: **********Train Epoch 1792: averaged Loss: 0.004742
2026-04-24 13:00: **********Val Epoch 1792: average Loss: 0.008153
2026-04-24 13:00: Train Epoch 1793: 0/74 Loss: 0.011311
2026-04-24 13:00: Train Epoch 1793: 20/74 Loss: 0.004135
2026-04-24 13:00: Train Epoch 1793: 40/74 Loss: 0.004530
2026-04-24 13:00: Train Epoch 1793: 60/74 Loss: 0.005111
2026-04-24 13:00: **********Train Epoch 1793: averaged Loss: 0.004924
2026-04-24 13:00: **********Val Epoch 1793: average Loss: 0.006801
2026-04-24 13:00: Train Epoch 1794: 0/74 Loss: 0.012508
2026-04-24 13:00: Train Epoch 1794: 20/74 Loss: 0.002287
2026-04-24 13:00: Train Epoch 1794: 40/74 Loss: 0.005277
2026-04-24 13:00: Train Epoch 1794: 60/74 Loss: 0.005067
2026-04-24 13:00: **********Train Epoch 1794: averaged Loss: 0.004459
2026-04-24 13:00: **********Val Epoch 1794: average Loss: 0.007816
2026-04-24 13:00: Train Epoch 1795: 0/74 Loss: 0.013884
2026-04-24 13:00: Train Epoch 1795: 20/74 Loss: 0.002271
2026-04-24 13:00: Train Epoch 1795: 40/74 Loss: 0.002938
2026-04-24 13:00: Train Epoch 1795: 60/74 Loss: 0.008021
2026-04-24 13:00: **********Train Epoch 1795: averaged Loss: 0.004988
2026-04-24 13:00: **********Val Epoch 1795: average Loss: 0.006111
2026-04-24 13:00: Train Epoch 1796: 0/74 Loss: 0.022257
2026-04-24 13:00: Train Epoch 1796: 20/74 Loss: 0.003700
2026-04-24 13:00: Train Epoch 1796: 40/74 Loss: 0.004184
2026-04-24 13:00: Train Epoch 1796: 60/74 Loss: 0.008859
2026-04-24 13:00: **********Train Epoch 1796: averaged Loss: 0.005984
2026-04-24 13:00: **********Val Epoch 1796: average Loss: 0.006985
2026-04-24 13:00: Train Epoch 1797: 0/74 Loss: 0.005111
2026-04-24 13:00: Train Epoch 1797: 20/74 Loss: 0.002460
2026-04-24 13:00: Train Epoch 1797: 40/74 Loss: 0.004609
2026-04-24 13:00: Train Epoch 1797: 60/74 Loss: 0.010535
2026-04-24 13:00: **********Train Epoch 1797: averaged Loss: 0.006111
2026-04-24 13:00: **********Val Epoch 1797: average Loss: 0.006818
2026-04-24 13:00: Train Epoch 1798: 0/74 Loss: 0.040444
2026-04-24 13:00: Train Epoch 1798: 20/74 Loss: 0.008425
2026-04-24 13:00: Train Epoch 1798: 40/74 Loss: 0.005805
2026-04-24 13:00: Train Epoch 1798: 60/74 Loss: 0.007492
2026-04-24 13:00: **********Train Epoch 1798: averaged Loss: 0.008863
2026-04-24 13:00: **********Val Epoch 1798: average Loss: 0.007367
2026-04-24 13:00: Train Epoch 1799: 0/74 Loss: 0.002194
2026-04-24 13:00: Train Epoch 1799: 20/74 Loss: 0.002537
2026-04-24 13:00: Train Epoch 1799: 40/74 Loss: 0.003601
2026-04-24 13:00: Train Epoch 1799: 60/74 Loss: 0.005353
2026-04-24 13:00: **********Train Epoch 1799: averaged Loss: 0.005121
2026-04-24 13:00: **********Val Epoch 1799: average Loss: 0.005936
2026-04-24 13:00: Train Epoch 1800: 0/74 Loss: 0.007115
2026-04-24 13:00: Train Epoch 1800: 20/74 Loss: 0.002490
2026-04-24 13:00: Train Epoch 1800: 40/74 Loss: 0.004078
2026-04-24 13:00: Train Epoch 1800: 60/74 Loss: 0.013246
2026-04-24 13:00: **********Train Epoch 1800: averaged Loss: 0.005458
2026-04-24 13:00: **********Val Epoch 1800: average Loss: 0.007622
2026-04-24 13:00: Train Epoch 1801: 0/74 Loss: 0.026570
2026-04-24 13:00: Train Epoch 1801: 20/74 Loss: 0.002812
2026-04-24 13:00: Train Epoch 1801: 40/74 Loss: 0.003327
2026-04-24 13:01: Train Epoch 1801: 60/74 Loss: 0.006528
2026-04-24 13:01: **********Train Epoch 1801: averaged Loss: 0.006086
2026-04-24 13:01: **********Val Epoch 1801: average Loss: 0.007537
2026-04-24 13:01: Train Epoch 1802: 0/74 Loss: 0.010632
2026-04-24 13:01: Train Epoch 1802: 20/74 Loss: 0.002637
2026-04-24 13:01: Train Epoch 1802: 40/74 Loss: 0.009404
2026-04-24 13:01: Train Epoch 1802: 60/74 Loss: 0.006890
2026-04-24 13:01: **********Train Epoch 1802: averaged Loss: 0.007098
2026-04-24 13:01: **********Val Epoch 1802: average Loss: 0.011429
2026-04-24 13:01: Train Epoch 1803: 0/74 Loss: 0.002385
2026-04-24 13:01: Train Epoch 1803: 20/74 Loss: 0.002222
2026-04-24 13:01: Train Epoch 1803: 40/74 Loss: 0.005471
2026-04-24 13:01: Train Epoch 1803: 60/74 Loss: 0.017774
2026-04-24 13:01: **********Train Epoch 1803: averaged Loss: 0.006913
2026-04-24 13:01: **********Val Epoch 1803: average Loss: 0.017725
2026-04-24 13:01: Train Epoch 1804: 0/74 Loss: 0.005455
2026-04-24 13:01: Train Epoch 1804: 20/74 Loss: 0.003475
2026-04-24 13:01: Train Epoch 1804: 40/74 Loss: 0.012377
2026-04-24 13:01: Train Epoch 1804: 60/74 Loss: 0.007425
2026-04-24 13:01: **********Train Epoch 1804: averaged Loss: 0.008311
2026-04-24 13:01: **********Val Epoch 1804: average Loss: 0.032101
2026-04-24 13:01: Train Epoch 1805: 0/74 Loss: 0.039221
2026-04-24 13:01: Train Epoch 1805: 20/74 Loss: 0.006203
2026-04-24 13:01: Train Epoch 1805: 40/74 Loss: 0.010920
2026-04-24 13:01: Train Epoch 1805: 60/74 Loss: 0.008787
2026-04-24 13:01: **********Train Epoch 1805: averaged Loss: 0.012873
2026-04-24 13:01: **********Val Epoch 1805: average Loss: 0.008430
2026-04-24 13:01: Train Epoch 1806: 0/74 Loss: 0.026165
2026-04-24 13:01: Train Epoch 1806: 20/74 Loss: 0.010229
2026-04-24 13:01: Train Epoch 1806: 40/74 Loss: 0.005224
2026-04-24 13:01: Train Epoch 1806: 60/74 Loss: 0.011715
2026-04-24 13:01: **********Train Epoch 1806: averaged Loss: 0.009647
2026-04-24 13:01: **********Val Epoch 1806: average Loss: 0.010016
2026-04-24 13:01: Train Epoch 1807: 0/74 Loss: 0.022486
2026-04-24 13:01: Train Epoch 1807: 20/74 Loss: 0.004717
2026-04-24 13:01: Train Epoch 1807: 40/74 Loss: 0.003709
2026-04-24 13:01: Train Epoch 1807: 60/74 Loss: 0.006981
2026-04-24 13:01: **********Train Epoch 1807: averaged Loss: 0.006669
2026-04-24 13:01: **********Val Epoch 1807: average Loss: 0.005100
2026-04-24 13:01: Train Epoch 1808: 0/74 Loss: 0.003184
2026-04-24 13:01: Train Epoch 1808: 20/74 Loss: 0.002369
2026-04-24 13:01: Train Epoch 1808: 40/74 Loss: 0.003380
2026-04-24 13:01: Train Epoch 1808: 60/74 Loss: 0.004624
2026-04-24 13:01: **********Train Epoch 1808: averaged Loss: 0.004313
2026-04-24 13:01: **********Val Epoch 1808: average Loss: 0.004186
2026-04-24 13:01: Train Epoch 1809: 0/74 Loss: 0.002972
2026-04-24 13:01: Train Epoch 1809: 20/74 Loss: 0.002335
2026-04-24 13:01: Train Epoch 1809: 40/74 Loss: 0.003602
2026-04-24 13:01: Train Epoch 1809: 60/74 Loss: 0.005589
2026-04-24 13:01: **********Train Epoch 1809: averaged Loss: 0.004159
2026-04-24 13:01: **********Val Epoch 1809: average Loss: 0.004277
2026-04-24 13:01: Train Epoch 1810: 0/74 Loss: 0.005277
2026-04-24 13:01: Train Epoch 1810: 20/74 Loss: 0.002271
2026-04-24 13:01: Train Epoch 1810: 40/74 Loss: 0.004766
2026-04-24 13:01: Train Epoch 1810: 60/74 Loss: 0.004861
2026-04-24 13:02: **********Train Epoch 1810: averaged Loss: 0.004300
2026-04-24 13:02: **********Val Epoch 1810: average Loss: 0.004212
2026-04-24 13:02: Train Epoch 1811: 0/74 Loss: 0.005958
2026-04-24 13:02: Train Epoch 1811: 20/74 Loss: 0.002307
2026-04-24 13:02: Train Epoch 1811: 40/74 Loss: 0.004288
2026-04-24 13:02: Train Epoch 1811: 60/74 Loss: 0.005270
2026-04-24 13:02: **********Train Epoch 1811: averaged Loss: 0.004058
2026-04-24 13:02: **********Val Epoch 1811: average Loss: 0.004727
2026-04-24 13:02: Train Epoch 1812: 0/74 Loss: 0.013028
2026-04-24 13:02: Train Epoch 1812: 20/74 Loss: 0.003605
2026-04-24 13:02: Train Epoch 1812: 40/74 Loss: 0.004431
2026-04-24 13:02: Train Epoch 1812: 60/74 Loss: 0.004654
2026-04-24 13:02: **********Train Epoch 1812: averaged Loss: 0.004656
2026-04-24 13:02: **********Val Epoch 1812: average Loss: 0.005190
2026-04-24 13:02: Train Epoch 1813: 0/74 Loss: 0.002501
2026-04-24 13:02: Train Epoch 1813: 20/74 Loss: 0.002682
2026-04-24 13:02: Train Epoch 1813: 40/74 Loss: 0.003145
2026-04-24 13:02: Train Epoch 1813: 60/74 Loss: 0.005201
2026-04-24 13:02: **********Train Epoch 1813: averaged Loss: 0.004291
2026-04-24 13:02: **********Val Epoch 1813: average Loss: 0.004670
2026-04-24 13:02: Train Epoch 1814: 0/74 Loss: 0.019018
2026-04-24 13:02: Train Epoch 1814: 20/74 Loss: 0.007931
2026-04-24 13:02: Train Epoch 1814: 40/74 Loss: 0.006050
2026-04-24 13:02: Train Epoch 1814: 60/74 Loss: 0.008546
2026-04-24 13:02: **********Train Epoch 1814: averaged Loss: 0.008049
2026-04-24 13:02: **********Val Epoch 1814: average Loss: 0.005509
2026-04-24 13:02: Train Epoch 1815: 0/74 Loss: 0.042960
2026-04-24 13:02: Train Epoch 1815: 20/74 Loss: 0.007902
2026-04-24 13:02: Train Epoch 1815: 40/74 Loss: 0.003881
2026-04-24 13:02: Train Epoch 1815: 60/74 Loss: 0.004782
2026-04-24 13:02: **********Train Epoch 1815: averaged Loss: 0.007842
2026-04-24 13:02: **********Val Epoch 1815: average Loss: 0.004562
2026-04-24 13:02: Train Epoch 1816: 0/74 Loss: 0.004296
2026-04-24 13:02: Train Epoch 1816: 20/74 Loss: 0.002544
2026-04-24 13:02: Train Epoch 1816: 40/74 Loss: 0.003200
2026-04-24 13:02: Train Epoch 1816: 60/74 Loss: 0.004717
2026-04-24 13:02: **********Train Epoch 1816: averaged Loss: 0.003819
2026-04-24 13:02: **********Val Epoch 1816: average Loss: 0.005122
2026-04-24 13:02: Train Epoch 1817: 0/74 Loss: 0.003980
2026-04-24 13:02: Train Epoch 1817: 20/74 Loss: 0.002465
2026-04-24 13:02: Train Epoch 1817: 40/74 Loss: 0.004310
2026-04-24 13:02: Train Epoch 1817: 60/74 Loss: 0.007519
2026-04-24 13:02: **********Train Epoch 1817: averaged Loss: 0.004436
2026-04-24 13:02: **********Val Epoch 1817: average Loss: 0.004557
2026-04-24 13:02: Train Epoch 1818: 0/74 Loss: 0.032605
2026-04-24 13:02: Train Epoch 1818: 20/74 Loss: 0.004697
2026-04-24 13:02: Train Epoch 1818: 40/74 Loss: 0.003737
2026-04-24 13:02: Train Epoch 1818: 60/74 Loss: 0.004662
2026-04-24 13:02: **********Train Epoch 1818: averaged Loss: 0.006642
2026-04-24 13:02: **********Val Epoch 1818: average Loss: 0.005409
2026-04-24 13:02: Train Epoch 1819: 0/74 Loss: 0.012042
2026-04-24 13:02: Train Epoch 1819: 20/74 Loss: 0.002259
2026-04-24 13:02: Train Epoch 1819: 40/74 Loss: 0.003131
2026-04-24 13:02: Train Epoch 1819: 60/74 Loss: 0.004501
2026-04-24 13:02: **********Train Epoch 1819: averaged Loss: 0.003714
2026-04-24 13:02: **********Val Epoch 1819: average Loss: 0.005416
2026-04-24 13:02: Train Epoch 1820: 0/74 Loss: 0.007625
2026-04-24 13:03: Train Epoch 1820: 20/74 Loss: 0.002244
2026-04-24 13:03: Train Epoch 1820: 40/74 Loss: 0.002834
2026-04-24 13:03: Train Epoch 1820: 60/74 Loss: 0.005128
2026-04-24 13:03: **********Train Epoch 1820: averaged Loss: 0.003782
2026-04-24 13:03: **********Val Epoch 1820: average Loss: 0.004502
2026-04-24 13:03: Train Epoch 1821: 0/74 Loss: 0.010549
2026-04-24 13:03: Train Epoch 1821: 20/74 Loss: 0.003872
2026-04-24 13:03: Train Epoch 1821: 40/74 Loss: 0.003396
2026-04-24 13:03: Train Epoch 1821: 60/74 Loss: 0.004450
2026-04-24 13:03: **********Train Epoch 1821: averaged Loss: 0.004592
2026-04-24 13:03: **********Val Epoch 1821: average Loss: 0.004410
2026-04-24 13:03: Train Epoch 1822: 0/74 Loss: 0.007321
2026-04-24 13:03: Train Epoch 1822: 20/74 Loss: 0.002233
2026-04-24 13:03: Train Epoch 1822: 40/74 Loss: 0.003113
2026-04-24 13:03: Train Epoch 1822: 60/74 Loss: 0.005022
2026-04-24 13:03: **********Train Epoch 1822: averaged Loss: 0.003641
2026-04-24 13:03: **********Val Epoch 1822: average Loss: 0.005651
2026-04-24 13:03: Train Epoch 1823: 0/74 Loss: 0.020998
2026-04-24 13:03: Train Epoch 1823: 20/74 Loss: 0.004304
2026-04-24 13:03: Train Epoch 1823: 40/74 Loss: 0.003940
2026-04-24 13:03: Train Epoch 1823: 60/74 Loss: 0.006321
2026-04-24 13:03: **********Train Epoch 1823: averaged Loss: 0.004953
2026-04-24 13:03: **********Val Epoch 1823: average Loss: 0.006553
2026-04-24 13:03: Train Epoch 1824: 0/74 Loss: 0.017312
2026-04-24 13:03: Train Epoch 1824: 20/74 Loss: 0.003984
2026-04-24 13:03: Train Epoch 1824: 40/74 Loss: 0.003818
2026-04-24 13:03: Train Epoch 1824: 60/74 Loss: 0.004987
2026-04-24 13:03: **********Train Epoch 1824: averaged Loss: 0.005071
2026-04-24 13:03: **********Val Epoch 1824: average Loss: 0.009874
2026-04-24 13:03: Train Epoch 1825: 0/74 Loss: 0.014173
2026-04-24 13:03: Train Epoch 1825: 20/74 Loss: 0.002415
2026-04-24 13:03: Train Epoch 1825: 40/74 Loss: 0.003642
2026-04-24 13:03: Train Epoch 1825: 60/74 Loss: 0.005116
2026-04-24 13:03: **********Train Epoch 1825: averaged Loss: 0.004444
2026-04-24 13:03: **********Val Epoch 1825: average Loss: 0.007760
2026-04-24 13:03: Train Epoch 1826: 0/74 Loss: 0.018401
2026-04-24 13:03: Train Epoch 1826: 20/74 Loss: 0.003051
2026-04-24 13:03: Train Epoch 1826: 40/74 Loss: 0.004450
2026-04-24 13:03: Train Epoch 1826: 60/74 Loss: 0.004584
2026-04-24 13:03: **********Train Epoch 1826: averaged Loss: 0.005358
2026-04-24 13:03: **********Val Epoch 1826: average Loss: 0.005454
2026-04-24 13:03: Train Epoch 1827: 0/74 Loss: 0.017993
2026-04-24 13:03: Train Epoch 1827: 20/74 Loss: 0.002801
2026-04-24 13:03: Train Epoch 1827: 40/74 Loss: 0.005464
2026-04-24 13:03: Train Epoch 1827: 60/74 Loss: 0.004626
2026-04-24 13:03: **********Train Epoch 1827: averaged Loss: 0.005812
2026-04-24 13:03: **********Val Epoch 1827: average Loss: 0.006434
2026-04-24 13:03: Train Epoch 1828: 0/74 Loss: 0.008371
2026-04-24 13:03: Train Epoch 1828: 20/74 Loss: 0.002336
2026-04-24 13:03: Train Epoch 1828: 40/74 Loss: 0.003510
2026-04-24 13:03: Train Epoch 1828: 60/74 Loss: 0.004963
2026-04-24 13:03: **********Train Epoch 1828: averaged Loss: 0.004343
2026-04-24 13:03: **********Val Epoch 1828: average Loss: 0.005973
2026-04-24 13:03: Train Epoch 1829: 0/74 Loss: 0.010014
2026-04-24 13:03: Train Epoch 1829: 20/74 Loss: 0.002430
2026-04-24 13:04: Train Epoch 1829: 40/74 Loss: 0.002964
2026-04-24 13:04: Train Epoch 1829: 60/74 Loss: 0.007853
2026-04-24 13:04: **********Train Epoch 1829: averaged Loss: 0.005315
2026-04-24 13:04: **********Val Epoch 1829: average Loss: 0.004470
2026-04-24 13:04: Train Epoch 1830: 0/74 Loss: 0.038046
2026-04-24 13:04: Train Epoch 1830: 20/74 Loss: 0.005687
2026-04-24 13:04: Train Epoch 1830: 40/74 Loss: 0.003929
2026-04-24 13:04: Train Epoch 1830: 60/74 Loss: 0.004727
2026-04-24 13:04: **********Train Epoch 1830: averaged Loss: 0.007664
2026-04-24 13:04: **********Val Epoch 1830: average Loss: 0.004744
2026-04-24 13:04: Train Epoch 1831: 0/74 Loss: 0.021769
2026-04-24 13:04: Train Epoch 1831: 20/74 Loss: 0.004182
2026-04-24 13:04: Train Epoch 1831: 40/74 Loss: 0.003570
2026-04-24 13:04: Train Epoch 1831: 60/74 Loss: 0.005293
2026-04-24 13:04: **********Train Epoch 1831: averaged Loss: 0.004846
2026-04-24 13:04: **********Val Epoch 1831: average Loss: 0.005548
2026-04-24 13:04: Train Epoch 1832: 0/74 Loss: 0.011201
2026-04-24 13:04: Train Epoch 1832: 20/74 Loss: 0.002132
2026-04-24 13:04: Train Epoch 1832: 40/74 Loss: 0.003174
2026-04-24 13:04: Train Epoch 1832: 60/74 Loss: 0.006644
2026-04-24 13:04: **********Train Epoch 1832: averaged Loss: 0.004592
2026-04-24 13:04: **********Val Epoch 1832: average Loss: 0.004682
2026-04-24 13:04: Train Epoch 1833: 0/74 Loss: 0.021159
2026-04-24 13:04: Train Epoch 1833: 20/74 Loss: 0.003415
2026-04-24 13:04: Train Epoch 1833: 40/74 Loss: 0.004692
2026-04-24 13:04: Train Epoch 1833: 60/74 Loss: 0.009207
2026-04-24 13:04: **********Train Epoch 1833: averaged Loss: 0.006714
2026-04-24 13:04: **********Val Epoch 1833: average Loss: 0.004425
2026-04-24 13:04: Train Epoch 1834: 0/74 Loss: 0.029007
2026-04-24 13:04: Train Epoch 1834: 20/74 Loss: 0.003605
2026-04-24 13:04: Train Epoch 1834: 40/74 Loss: 0.003262
2026-04-24 13:04: Train Epoch 1834: 60/74 Loss: 0.005428
2026-04-24 13:04: **********Train Epoch 1834: averaged Loss: 0.005362
2026-04-24 13:04: **********Val Epoch 1834: average Loss: 0.005411
2026-04-24 13:04: Train Epoch 1835: 0/74 Loss: 0.005243
2026-04-24 13:04: Train Epoch 1835: 20/74 Loss: 0.002693
2026-04-24 13:04: Train Epoch 1835: 40/74 Loss: 0.003732
2026-04-24 13:04: Train Epoch 1835: 60/74 Loss: 0.005554
2026-04-24 13:04: **********Train Epoch 1835: averaged Loss: 0.004451
2026-04-24 13:04: **********Val Epoch 1835: average Loss: 0.004860
2026-04-24 13:04: Train Epoch 1836: 0/74 Loss: 0.010926
2026-04-24 13:04: Train Epoch 1836: 20/74 Loss: 0.003811
2026-04-24 13:04: Train Epoch 1836: 40/74 Loss: 0.003727
2026-04-24 13:04: Train Epoch 1836: 60/74 Loss: 0.004366
2026-04-24 13:04: **********Train Epoch 1836: averaged Loss: 0.004961
2026-04-24 13:04: **********Val Epoch 1836: average Loss: 0.004407
2026-04-24 13:04: Train Epoch 1837: 0/74 Loss: 0.024604
2026-04-24 13:04: Train Epoch 1837: 20/74 Loss: 0.005032
2026-04-24 13:04: Train Epoch 1837: 40/74 Loss: 0.003579
2026-04-24 13:04: Train Epoch 1837: 60/74 Loss: 0.004490
2026-04-24 13:04: **********Train Epoch 1837: averaged Loss: 0.005473
2026-04-24 13:04: **********Val Epoch 1837: average Loss: 0.006316
2026-04-24 13:04: Train Epoch 1838: 0/74 Loss: 0.029918
2026-04-24 13:04: Train Epoch 1838: 20/74 Loss: 0.002394
2026-04-24 13:05: Train Epoch 1838: 40/74 Loss: 0.004443
2026-04-24 13:05: Train Epoch 1838: 60/74 Loss: 0.005427
2026-04-24 13:05: **********Train Epoch 1838: averaged Loss: 0.006268
2026-04-24 13:05: **********Val Epoch 1838: average Loss: 0.004567
2026-04-24 13:05: Train Epoch 1839: 0/74 Loss: 0.011468
2026-04-24 13:05: Train Epoch 1839: 20/74 Loss: 0.003647
2026-04-24 13:05: Train Epoch 1839: 40/74 Loss: 0.005574
2026-04-24 13:05: Train Epoch 1839: 60/74 Loss: 0.004823
2026-04-24 13:05: **********Train Epoch 1839: averaged Loss: 0.005338
2026-04-24 13:05: **********Val Epoch 1839: average Loss: 0.005561
2026-04-24 13:05: Train Epoch 1840: 0/74 Loss: 0.005552
2026-04-24 13:05: Train Epoch 1840: 20/74 Loss: 0.002315
2026-04-24 13:05: Train Epoch 1840: 40/74 Loss: 0.003167
2026-04-24 13:05: Train Epoch 1840: 60/74 Loss: 0.004736
2026-04-24 13:05: **********Train Epoch 1840: averaged Loss: 0.003690
2026-04-24 13:05: **********Val Epoch 1840: average Loss: 0.006091
2026-04-24 13:05: Train Epoch 1841: 0/74 Loss: 0.006327
2026-04-24 13:05: Train Epoch 1841: 20/74 Loss: 0.002172
2026-04-24 13:05: Train Epoch 1841: 40/74 Loss: 0.004094
2026-04-24 13:05: Train Epoch 1841: 60/74 Loss: 0.005545
2026-04-24 13:05: **********Train Epoch 1841: averaged Loss: 0.004649
2026-04-24 13:05: **********Val Epoch 1841: average Loss: 0.006042
2026-04-24 13:05: Train Epoch 1842: 0/74 Loss: 0.023451
2026-04-24 13:05: Train Epoch 1842: 20/74 Loss: 0.003653
2026-04-24 13:05: Train Epoch 1842: 40/74 Loss: 0.003979
2026-04-24 13:05: Train Epoch 1842: 60/74 Loss: 0.005647
2026-04-24 13:05: **********Train Epoch 1842: averaged Loss: 0.006523
2026-04-24 13:05: **********Val Epoch 1842: average Loss: 0.006577
2026-04-24 13:05: Train Epoch 1843: 0/74 Loss: 0.026727
2026-04-24 13:05: Train Epoch 1843: 20/74 Loss: 0.003801
2026-04-24 13:05: Train Epoch 1843: 40/74 Loss: 0.006042
2026-04-24 13:05: Train Epoch 1843: 60/74 Loss: 0.004798
2026-04-24 13:05: **********Train Epoch 1843: averaged Loss: 0.007176
2026-04-24 13:05: **********Val Epoch 1843: average Loss: 0.006535
2026-04-24 13:05: Train Epoch 1844: 0/74 Loss: 0.004497
2026-04-24 13:05: Train Epoch 1844: 20/74 Loss: 0.003361
2026-04-24 13:05: Train Epoch 1844: 40/74 Loss: 0.004483
2026-04-24 13:05: Train Epoch 1844: 60/74 Loss: 0.005557
2026-04-24 13:05: **********Train Epoch 1844: averaged Loss: 0.004694
2026-04-24 13:05: **********Val Epoch 1844: average Loss: 0.005972
2026-04-24 13:05: Train Epoch 1845: 0/74 Loss: 0.009752
2026-04-24 13:05: Train Epoch 1845: 20/74 Loss: 0.002651
2026-04-24 13:05: Train Epoch 1845: 40/74 Loss: 0.002872
2026-04-24 13:05: Train Epoch 1845: 60/74 Loss: 0.010104
2026-04-24 13:05: **********Train Epoch 1845: averaged Loss: 0.006060
2026-04-24 13:05: **********Val Epoch 1845: average Loss: 0.008012
2026-04-24 13:05: Train Epoch 1846: 0/74 Loss: 0.022142
2026-04-24 13:05: Train Epoch 1846: 20/74 Loss: 0.004726
2026-04-24 13:05: Train Epoch 1846: 40/74 Loss: 0.003489
2026-04-24 13:05: Train Epoch 1846: 60/74 Loss: 0.010973
2026-04-24 13:05: **********Train Epoch 1846: averaged Loss: 0.006925
2026-04-24 13:05: **********Val Epoch 1846: average Loss: 0.007899
2026-04-24 13:05: Train Epoch 1847: 0/74 Loss: 0.019568
2026-04-24 13:05: Train Epoch 1847: 20/74 Loss: 0.003374
2026-04-24 13:05: Train Epoch 1847: 40/74 Loss: 0.007950
2026-04-24 13:06: Train Epoch 1847: 60/74 Loss: 0.007289
2026-04-24 13:06: **********Train Epoch 1847: averaged Loss: 0.008779
2026-04-24 13:06: **********Val Epoch 1847: average Loss: 0.010784
2026-04-24 13:06: Train Epoch 1848: 0/74 Loss: 0.027890
2026-04-24 13:06: Train Epoch 1848: 20/74 Loss: 0.004923
2026-04-24 13:06: Train Epoch 1848: 40/74 Loss: 0.003957
2026-04-24 13:06: Train Epoch 1848: 60/74 Loss: 0.012201
2026-04-24 13:06: **********Train Epoch 1848: averaged Loss: 0.007117
2026-04-24 13:06: **********Val Epoch 1848: average Loss: 0.005573
2026-04-24 13:06: Train Epoch 1849: 0/74 Loss: 0.044466
2026-04-24 13:06: Train Epoch 1849: 20/74 Loss: 0.007918
2026-04-24 13:06: Train Epoch 1849: 40/74 Loss: 0.003474
2026-04-24 13:06: Train Epoch 1849: 60/74 Loss: 0.005291
2026-04-24 13:06: **********Train Epoch 1849: averaged Loss: 0.007915
2026-04-24 13:06: **********Val Epoch 1849: average Loss: 0.007021
2026-04-24 13:06: Train Epoch 1850: 0/74 Loss: 0.009529
2026-04-24 13:06: Train Epoch 1850: 20/74 Loss: 0.002614
2026-04-24 13:06: Train Epoch 1850: 40/74 Loss: 0.002991
2026-04-24 13:06: Train Epoch 1850: 60/74 Loss: 0.005935
2026-04-24 13:06: **********Train Epoch 1850: averaged Loss: 0.005032
2026-04-24 13:06: **********Val Epoch 1850: average Loss: 0.006058
2026-04-24 13:06: Train Epoch 1851: 0/74 Loss: 0.008081
2026-04-24 13:06: Train Epoch 1851: 20/74 Loss: 0.002757
2026-04-24 13:06: Train Epoch 1851: 40/74 Loss: 0.004355
2026-04-24 13:06: Train Epoch 1851: 60/74 Loss: 0.004648
2026-04-24 13:06: **********Train Epoch 1851: averaged Loss: 0.004384
2026-04-24 13:06: **********Val Epoch 1851: average Loss: 0.007637
2026-04-24 13:06: Train Epoch 1852: 0/74 Loss: 0.016619
2026-04-24 13:06: Train Epoch 1852: 20/74 Loss: 0.002819
2026-04-24 13:06: Train Epoch 1852: 40/74 Loss: 0.003215
2026-04-24 13:06: Train Epoch 1852: 60/74 Loss: 0.005823
2026-04-24 13:06: **********Train Epoch 1852: averaged Loss: 0.004699
2026-04-24 13:06: **********Val Epoch 1852: average Loss: 0.006492
2026-04-24 13:06: Train Epoch 1853: 0/74 Loss: 0.017226
2026-04-24 13:06: Train Epoch 1853: 20/74 Loss: 0.003306
2026-04-24 13:06: Train Epoch 1853: 40/74 Loss: 0.003519
2026-04-24 13:06: Train Epoch 1853: 60/74 Loss: 0.005365
2026-04-24 13:06: **********Train Epoch 1853: averaged Loss: 0.005622
2026-04-24 13:06: **********Val Epoch 1853: average Loss: 0.007630
2026-04-24 13:06: Train Epoch 1854: 0/74 Loss: 0.015153
2026-04-24 13:06: Train Epoch 1854: 20/74 Loss: 0.005501
2026-04-24 13:06: Train Epoch 1854: 40/74 Loss: 0.003689
2026-04-24 13:06: Train Epoch 1854: 60/74 Loss: 0.006283
2026-04-24 13:06: **********Train Epoch 1854: averaged Loss: 0.006821
2026-04-24 13:06: **********Val Epoch 1854: average Loss: 0.010947
2026-04-24 13:06: Train Epoch 1855: 0/74 Loss: 0.005497
2026-04-24 13:06: Train Epoch 1855: 20/74 Loss: 0.003693
2026-04-24 13:06: Train Epoch 1855: 40/74 Loss: 0.005050
2026-04-24 13:06: Train Epoch 1855: 60/74 Loss: 0.007559
2026-04-24 13:06: **********Train Epoch 1855: averaged Loss: 0.006880
2026-04-24 13:06: **********Val Epoch 1855: average Loss: 0.007418
2026-04-24 13:06: Train Epoch 1856: 0/74 Loss: 0.050967
2026-04-24 13:06: Train Epoch 1856: 20/74 Loss: 0.007131
2026-04-24 13:06: Train Epoch 1856: 40/74 Loss: 0.003566
2026-04-24 13:06: Train Epoch 1856: 60/74 Loss: 0.005242
2026-04-24 13:07: **********Train Epoch 1856: averaged Loss: 0.009257
2026-04-24 13:07: **********Val Epoch 1856: average Loss: 0.006480
2026-04-24 13:07: Train Epoch 1857: 0/74 Loss: 0.021983
2026-04-24 13:07: Train Epoch 1857: 20/74 Loss: 0.006791
2026-04-24 13:07: Train Epoch 1857: 40/74 Loss: 0.003449
2026-04-24 13:07: Train Epoch 1857: 60/74 Loss: 0.005999
2026-04-24 13:07: **********Train Epoch 1857: averaged Loss: 0.006905
2026-04-24 13:07: **********Val Epoch 1857: average Loss: 0.010108
2026-04-24 13:07: Train Epoch 1858: 0/74 Loss: 0.009001
2026-04-24 13:07: Train Epoch 1858: 20/74 Loss: 0.002512
2026-04-24 13:07: Train Epoch 1858: 40/74 Loss: 0.006438
2026-04-24 13:07: Train Epoch 1858: 60/74 Loss: 0.006975
2026-04-24 13:07: **********Train Epoch 1858: averaged Loss: 0.006408
2026-04-24 13:07: **********Val Epoch 1858: average Loss: 0.008863
2026-04-24 13:07: Train Epoch 1859: 0/74 Loss: 0.036473
2026-04-24 13:07: Train Epoch 1859: 20/74 Loss: 0.007359
2026-04-24 13:07: Train Epoch 1859: 40/74 Loss: 0.003167
2026-04-24 13:07: Train Epoch 1859: 60/74 Loss: 0.011533
2026-04-24 13:07: **********Train Epoch 1859: averaged Loss: 0.009960
2026-04-24 13:07: **********Val Epoch 1859: average Loss: 0.007479
2026-04-24 13:07: Train Epoch 1860: 0/74 Loss: 0.018868
2026-04-24 13:07: Train Epoch 1860: 20/74 Loss: 0.002806
2026-04-24 13:07: Train Epoch 1860: 40/74 Loss: 0.005798
2026-04-24 13:07: Train Epoch 1860: 60/74 Loss: 0.016830
2026-04-24 13:07: **********Train Epoch 1860: averaged Loss: 0.009289
2026-04-24 13:07: **********Val Epoch 1860: average Loss: 0.011714
2026-04-24 13:07: Train Epoch 1861: 0/74 Loss: 0.045553
2026-04-24 13:07: Train Epoch 1861: 20/74 Loss: 0.007023
2026-04-24 13:07: Train Epoch 1861: 40/74 Loss: 0.003844
2026-04-24 13:07: Train Epoch 1861: 60/74 Loss: 0.009012
2026-04-24 13:07: **********Train Epoch 1861: averaged Loss: 0.009293
2026-04-24 13:07: **********Val Epoch 1861: average Loss: 0.007601
2026-04-24 13:07: Train Epoch 1862: 0/74 Loss: 0.008859
2026-04-24 13:07: Train Epoch 1862: 20/74 Loss: 0.002503
2026-04-24 13:07: Train Epoch 1862: 40/74 Loss: 0.003583
2026-04-24 13:07: Train Epoch 1862: 60/74 Loss: 0.009341
2026-04-24 13:07: **********Train Epoch 1862: averaged Loss: 0.005203
2026-04-24 13:07: **********Val Epoch 1862: average Loss: 0.006520
2026-04-24 13:07: Train Epoch 1863: 0/74 Loss: 0.006874
2026-04-24 13:07: Train Epoch 1863: 20/74 Loss: 0.002499
2026-04-24 13:07: Train Epoch 1863: 40/74 Loss: 0.004128
2026-04-24 13:07: Train Epoch 1863: 60/74 Loss: 0.008277
2026-04-24 13:07: **********Train Epoch 1863: averaged Loss: 0.005105
2026-04-24 13:07: **********Val Epoch 1863: average Loss: 0.008778
2026-04-24 13:07: Train Epoch 1864: 0/74 Loss: 0.015699
2026-04-24 13:07: Train Epoch 1864: 20/74 Loss: 0.004524
2026-04-24 13:07: Train Epoch 1864: 40/74 Loss: 0.003100
2026-04-24 13:07: Train Epoch 1864: 60/74 Loss: 0.008445
2026-04-24 13:07: **********Train Epoch 1864: averaged Loss: 0.005663
2026-04-24 13:07: **********Val Epoch 1864: average Loss: 0.007697
2026-04-24 13:07: Train Epoch 1865: 0/74 Loss: 0.009167
2026-04-24 13:07: Train Epoch 1865: 20/74 Loss: 0.002095
2026-04-24 13:07: Train Epoch 1865: 40/74 Loss: 0.004422
2026-04-24 13:07: Train Epoch 1865: 60/74 Loss: 0.011483
2026-04-24 13:07: **********Train Epoch 1865: averaged Loss: 0.005287
2026-04-24 13:07: **********Val Epoch 1865: average Loss: 0.008163
2026-04-24 13:07: Train Epoch 1866: 0/74 Loss: 0.012217
2026-04-24 13:08: Train Epoch 1866: 20/74 Loss: 0.002247
2026-04-24 13:08: Train Epoch 1866: 40/74 Loss: 0.004918
2026-04-24 13:08: Train Epoch 1866: 60/74 Loss: 0.009972
2026-04-24 13:08: **********Train Epoch 1866: averaged Loss: 0.006286
2026-04-24 13:08: **********Val Epoch 1866: average Loss: 0.011028
2026-04-24 13:08: Train Epoch 1867: 0/74 Loss: 0.012287
2026-04-24 13:08: Train Epoch 1867: 20/74 Loss: 0.005276
2026-04-24 13:08: Train Epoch 1867: 40/74 Loss: 0.004784
2026-04-24 13:08: Train Epoch 1867: 60/74 Loss: 0.015602
2026-04-24 13:08: **********Train Epoch 1867: averaged Loss: 0.007161
2026-04-24 13:08: **********Val Epoch 1867: average Loss: 0.013429
2026-04-24 13:08: Train Epoch 1868: 0/74 Loss: 0.004778
2026-04-24 13:08: Train Epoch 1868: 20/74 Loss: 0.002411
2026-04-24 13:08: Train Epoch 1868: 40/74 Loss: 0.004940
2026-04-24 13:08: Train Epoch 1868: 60/74 Loss: 0.015007
2026-04-24 13:08: **********Train Epoch 1868: averaged Loss: 0.005788
2026-04-24 13:08: **********Val Epoch 1868: average Loss: 0.010133
2026-04-24 13:08: Train Epoch 1869: 0/74 Loss: 0.004843
2026-04-24 13:08: Train Epoch 1869: 20/74 Loss: 0.002306
2026-04-24 13:08: Train Epoch 1869: 40/74 Loss: 0.003580
2026-04-24 13:08: Train Epoch 1869: 60/74 Loss: 0.015965
2026-04-24 13:08: **********Train Epoch 1869: averaged Loss: 0.005670
2026-04-24 13:08: **********Val Epoch 1869: average Loss: 0.015919
2026-04-24 13:08: Train Epoch 1870: 0/74 Loss: 0.017605
2026-04-24 13:08: Train Epoch 1870: 20/74 Loss: 0.004143
2026-04-24 13:08: Train Epoch 1870: 40/74 Loss: 0.002910
2026-04-24 13:08: Train Epoch 1870: 60/74 Loss: 0.014036
2026-04-24 13:08: **********Train Epoch 1870: averaged Loss: 0.006782
2026-04-24 13:08: **********Val Epoch 1870: average Loss: 0.007253
2026-04-24 13:08: Train Epoch 1871: 0/74 Loss: 0.009109
2026-04-24 13:08: Train Epoch 1871: 20/74 Loss: 0.002384
2026-04-24 13:08: Train Epoch 1871: 40/74 Loss: 0.003665
2026-04-24 13:08: Train Epoch 1871: 60/74 Loss: 0.010646
2026-04-24 13:08: **********Train Epoch 1871: averaged Loss: 0.005520
2026-04-24 13:08: **********Val Epoch 1871: average Loss: 0.008261
2026-04-24 13:08: Train Epoch 1872: 0/74 Loss: 0.047458
2026-04-24 13:08: Train Epoch 1872: 20/74 Loss: 0.008192
2026-04-24 13:08: Train Epoch 1872: 40/74 Loss: 0.003508
2026-04-24 13:08: Train Epoch 1872: 60/74 Loss: 0.014285
2026-04-24 13:08: **********Train Epoch 1872: averaged Loss: 0.009268
2026-04-24 13:08: **********Val Epoch 1872: average Loss: 0.010562
2026-04-24 13:08: Train Epoch 1873: 0/74 Loss: 0.004028
2026-04-24 13:08: Train Epoch 1873: 20/74 Loss: 0.002556
2026-04-24 13:08: Train Epoch 1873: 40/74 Loss: 0.003377
2026-04-24 13:08: Train Epoch 1873: 60/74 Loss: 0.014552
2026-04-24 13:08: **********Train Epoch 1873: averaged Loss: 0.004929
2026-04-24 13:08: **********Val Epoch 1873: average Loss: 0.011756
2026-04-24 13:08: Train Epoch 1874: 0/74 Loss: 0.008612
2026-04-24 13:08: Train Epoch 1874: 20/74 Loss: 0.002096
2026-04-24 13:08: Train Epoch 1874: 40/74 Loss: 0.004211
2026-04-24 13:08: Train Epoch 1874: 60/74 Loss: 0.009954
2026-04-24 13:08: **********Train Epoch 1874: averaged Loss: 0.005399
2026-04-24 13:08: **********Val Epoch 1874: average Loss: 0.010855
2026-04-24 13:08: Train Epoch 1875: 0/74 Loss: 0.007026
2026-04-24 13:08: Train Epoch 1875: 20/74 Loss: 0.002175
2026-04-24 13:09: Train Epoch 1875: 40/74 Loss: 0.003073
2026-04-24 13:09: Train Epoch 1875: 60/74 Loss: 0.007950
2026-04-24 13:09: **********Train Epoch 1875: averaged Loss: 0.004346
2026-04-24 13:09: **********Val Epoch 1875: average Loss: 0.010098
2026-04-24 13:09: Train Epoch 1876: 0/74 Loss: 0.033476
2026-04-24 13:09: Train Epoch 1876: 20/74 Loss: 0.008382
2026-04-24 13:09: Train Epoch 1876: 40/74 Loss: 0.003282
2026-04-24 13:09: Train Epoch 1876: 60/74 Loss: 0.006153
2026-04-24 13:09: **********Train Epoch 1876: averaged Loss: 0.008047
2026-04-24 13:09: **********Val Epoch 1876: average Loss: 0.012540
2026-04-24 13:09: Train Epoch 1877: 0/74 Loss: 0.009496
2026-04-24 13:09: Train Epoch 1877: 20/74 Loss: 0.002808
2026-04-24 13:09: Train Epoch 1877: 40/74 Loss: 0.005042
2026-04-24 13:09: Train Epoch 1877: 60/74 Loss: 0.007579
2026-04-24 13:09: **********Train Epoch 1877: averaged Loss: 0.005139
2026-04-24 13:09: **********Val Epoch 1877: average Loss: 0.007714
2026-04-24 13:09: Train Epoch 1878: 0/74 Loss: 0.002079
2026-04-24 13:09: Train Epoch 1878: 20/74 Loss: 0.002870
2026-04-24 13:09: Train Epoch 1878: 40/74 Loss: 0.009502
2026-04-24 13:09: Train Epoch 1878: 60/74 Loss: 0.005310
2026-04-24 13:09: **********Train Epoch 1878: averaged Loss: 0.005707
2026-04-24 13:09: **********Val Epoch 1878: average Loss: 0.007536
2026-04-24 13:09: Train Epoch 1879: 0/74 Loss: 0.025956
2026-04-24 13:09: Train Epoch 1879: 20/74 Loss: 0.004088
2026-04-24 13:09: Train Epoch 1879: 40/74 Loss: 0.004680
2026-04-24 13:09: Train Epoch 1879: 60/74 Loss: 0.007042
2026-04-24 13:09: **********Train Epoch 1879: averaged Loss: 0.006193
2026-04-24 13:09: **********Val Epoch 1879: average Loss: 0.010586
2026-04-24 13:09: Train Epoch 1880: 0/74 Loss: 0.034638
2026-04-24 13:09: Train Epoch 1880: 20/74 Loss: 0.002687
2026-04-24 13:09: Train Epoch 1880: 40/74 Loss: 0.003769
2026-04-24 13:09: Train Epoch 1880: 60/74 Loss: 0.007255
2026-04-24 13:09: **********Train Epoch 1880: averaged Loss: 0.007177
2026-04-24 13:09: **********Val Epoch 1880: average Loss: 0.006902
2026-04-24 13:09: Train Epoch 1881: 0/74 Loss: 0.007213
2026-04-24 13:09: Train Epoch 1881: 20/74 Loss: 0.002618
2026-04-24 13:09: Train Epoch 1881: 40/74 Loss: 0.003193
2026-04-24 13:09: Train Epoch 1881: 60/74 Loss: 0.005208
2026-04-24 13:09: **********Train Epoch 1881: averaged Loss: 0.004536
2026-04-24 13:09: **********Val Epoch 1881: average Loss: 0.004823
2026-04-24 13:09: Train Epoch 1882: 0/74 Loss: 0.014123
2026-04-24 13:09: Train Epoch 1882: 20/74 Loss: 0.002182
2026-04-24 13:09: Train Epoch 1882: 40/74 Loss: 0.003076
2026-04-24 13:09: Train Epoch 1882: 60/74 Loss: 0.004550
2026-04-24 13:09: **********Train Epoch 1882: averaged Loss: 0.004150
2026-04-24 13:09: **********Val Epoch 1882: average Loss: 0.005472
2026-04-24 13:09: Train Epoch 1883: 0/74 Loss: 0.009248
2026-04-24 13:09: Train Epoch 1883: 20/74 Loss: 0.002914
2026-04-24 13:09: Train Epoch 1883: 40/74 Loss: 0.003557
2026-04-24 13:09: Train Epoch 1883: 60/74 Loss: 0.010151
2026-04-24 13:09: **********Train Epoch 1883: averaged Loss: 0.005011
2026-04-24 13:09: **********Val Epoch 1883: average Loss: 0.004850
2026-04-24 13:09: Train Epoch 1884: 0/74 Loss: 0.030991
2026-04-24 13:09: Train Epoch 1884: 20/74 Loss: 0.002333
2026-04-24 13:10: Train Epoch 1884: 40/74 Loss: 0.004259
2026-04-24 13:10: Train Epoch 1884: 60/74 Loss: 0.006683
2026-04-24 13:10: **********Train Epoch 1884: averaged Loss: 0.006254
2026-04-24 13:10: **********Val Epoch 1884: average Loss: 0.006916
2026-04-24 13:10: Train Epoch 1885: 0/74 Loss: 0.010732
2026-04-24 13:10: Train Epoch 1885: 20/74 Loss: 0.002173
2026-04-24 13:10: Train Epoch 1885: 40/74 Loss: 0.003833
2026-04-24 13:10: Train Epoch 1885: 60/74 Loss: 0.007373
2026-04-24 13:10: **********Train Epoch 1885: averaged Loss: 0.004707
2026-04-24 13:10: **********Val Epoch 1885: average Loss: 0.006898
2026-04-24 13:10: Train Epoch 1886: 0/74 Loss: 0.013492
2026-04-24 13:10: Train Epoch 1886: 20/74 Loss: 0.003086
2026-04-24 13:10: Train Epoch 1886: 40/74 Loss: 0.004885
2026-04-24 13:10: Train Epoch 1886: 60/74 Loss: 0.007024
2026-04-24 13:10: **********Train Epoch 1886: averaged Loss: 0.006002
2026-04-24 13:10: **********Val Epoch 1886: average Loss: 0.006768
2026-04-24 13:10: Train Epoch 1887: 0/74 Loss: 0.010006
2026-04-24 13:10: Train Epoch 1887: 20/74 Loss: 0.002286
2026-04-24 13:10: Train Epoch 1887: 40/74 Loss: 0.004921
2026-04-24 13:10: Train Epoch 1887: 60/74 Loss: 0.012617
2026-04-24 13:10: **********Train Epoch 1887: averaged Loss: 0.006994
2026-04-24 13:10: **********Val Epoch 1887: average Loss: 0.015523
2026-04-24 13:10: Train Epoch 1888: 0/74 Loss: 0.002199
2026-04-24 13:10: Train Epoch 1888: 20/74 Loss: 0.002339
2026-04-24 13:10: Train Epoch 1888: 40/74 Loss: 0.003879
2026-04-24 13:10: Train Epoch 1888: 60/74 Loss: 0.011332
2026-04-24 13:10: **********Train Epoch 1888: averaged Loss: 0.005865
2026-04-24 13:10: **********Val Epoch 1888: average Loss: 0.012960
2026-04-24 13:10: Train Epoch 1889: 0/74 Loss: 0.005315
2026-04-24 13:10: Train Epoch 1889: 20/74 Loss: 0.002185
2026-04-24 13:10: Train Epoch 1889: 40/74 Loss: 0.004022
2026-04-24 13:10: Train Epoch 1889: 60/74 Loss: 0.009157
2026-04-24 13:10: **********Train Epoch 1889: averaged Loss: 0.005917
2026-04-24 13:10: **********Val Epoch 1889: average Loss: 0.022821
2026-04-24 13:10: Train Epoch 1890: 0/74 Loss: 0.007211
2026-04-24 13:10: Train Epoch 1890: 20/74 Loss: 0.002370
2026-04-24 13:10: Train Epoch 1890: 40/74 Loss: 0.002988
2026-04-24 13:10: Train Epoch 1890: 60/74 Loss: 0.007705
2026-04-24 13:10: **********Train Epoch 1890: averaged Loss: 0.006053
2026-04-24 13:10: **********Val Epoch 1890: average Loss: 0.012014
2026-04-24 13:10: Train Epoch 1891: 0/74 Loss: 0.002822
2026-04-24 13:10: Train Epoch 1891: 20/74 Loss: 0.003182
2026-04-24 13:10: Train Epoch 1891: 40/74 Loss: 0.003521
2026-04-24 13:10: Train Epoch 1891: 60/74 Loss: 0.005748
2026-04-24 13:10: **********Train Epoch 1891: averaged Loss: 0.005276
2026-04-24 13:10: **********Val Epoch 1891: average Loss: 0.009408
2026-04-24 13:10: Train Epoch 1892: 0/74 Loss: 0.012953
2026-04-24 13:10: Train Epoch 1892: 20/74 Loss: 0.010758
2026-04-24 13:10: Train Epoch 1892: 40/74 Loss: 0.009559
2026-04-24 13:10: Train Epoch 1892: 60/74 Loss: 0.006903
2026-04-24 13:10: **********Train Epoch 1892: averaged Loss: 0.009092
2026-04-24 13:10: **********Val Epoch 1892: average Loss: 0.008390
2026-04-24 13:10: Train Epoch 1893: 0/74 Loss: 0.030371
2026-04-24 13:10: Train Epoch 1893: 20/74 Loss: 0.008022
2026-04-24 13:10: Train Epoch 1893: 40/74 Loss: 0.003459
2026-04-24 13:11: Train Epoch 1893: 60/74 Loss: 0.005217
2026-04-24 13:11: **********Train Epoch 1893: averaged Loss: 0.008880
2026-04-24 13:11: **********Val Epoch 1893: average Loss: 0.005561
2026-04-24 13:11: Train Epoch 1894: 0/74 Loss: 0.021551
2026-04-24 13:11: Train Epoch 1894: 20/74 Loss: 0.002323
2026-04-24 13:11: Train Epoch 1894: 40/74 Loss: 0.005213
2026-04-24 13:11: Train Epoch 1894: 60/74 Loss: 0.005600
2026-04-24 13:11: **********Train Epoch 1894: averaged Loss: 0.006719
2026-04-24 13:11: **********Val Epoch 1894: average Loss: 0.005900
2026-04-24 13:11: Train Epoch 1895: 0/74 Loss: 0.019556
2026-04-24 13:11: Train Epoch 1895: 20/74 Loss: 0.003434
2026-04-24 13:11: Train Epoch 1895: 40/74 Loss: 0.004675
2026-04-24 13:11: Train Epoch 1895: 60/74 Loss: 0.006608
2026-04-24 13:11: **********Train Epoch 1895: averaged Loss: 0.006531
2026-04-24 13:11: **********Val Epoch 1895: average Loss: 0.009260
2026-04-24 13:11: Train Epoch 1896: 0/74 Loss: 0.022175
2026-04-24 13:11: Train Epoch 1896: 20/74 Loss: 0.007302
2026-04-24 13:11: Train Epoch 1896: 40/74 Loss: 0.005179
2026-04-24 13:11: Train Epoch 1896: 60/74 Loss: 0.009406
2026-04-24 13:11: **********Train Epoch 1896: averaged Loss: 0.007599
2026-04-24 13:11: **********Val Epoch 1896: average Loss: 0.011431
2026-04-24 13:11: Train Epoch 1897: 0/74 Loss: 0.015629
2026-04-24 13:11: Train Epoch 1897: 20/74 Loss: 0.002703
2026-04-24 13:11: Train Epoch 1897: 40/74 Loss: 0.006330
2026-04-24 13:11: Train Epoch 1897: 60/74 Loss: 0.015365
2026-04-24 13:11: **********Train Epoch 1897: averaged Loss: 0.008818
2026-04-24 13:11: **********Val Epoch 1897: average Loss: 0.017677
2026-04-24 13:11: Train Epoch 1898: 0/74 Loss: 0.006144
2026-04-24 13:11: Train Epoch 1898: 20/74 Loss: 0.004497
2026-04-24 13:11: Train Epoch 1898: 40/74 Loss: 0.006003
2026-04-24 13:11: Train Epoch 1898: 60/74 Loss: 0.015137
2026-04-24 13:11: **********Train Epoch 1898: averaged Loss: 0.007689
2026-04-24 13:11: **********Val Epoch 1898: average Loss: 0.017381
2026-04-24 13:11: Train Epoch 1899: 0/74 Loss: 0.019473
2026-04-24 13:11: Train Epoch 1899: 20/74 Loss: 0.003426
2026-04-24 13:11: Train Epoch 1899: 40/74 Loss: 0.003314
2026-04-24 13:11: Train Epoch 1899: 60/74 Loss: 0.010052
2026-04-24 13:11: **********Train Epoch 1899: averaged Loss: 0.005337
2026-04-24 13:11: **********Val Epoch 1899: average Loss: 0.020448
2026-04-24 13:11: Train Epoch 1900: 0/74 Loss: 0.004615
2026-04-24 13:11: Train Epoch 1900: 20/74 Loss: 0.003133
2026-04-24 13:11: Train Epoch 1900: 40/74 Loss: 0.002901
2026-04-24 13:11: Train Epoch 1900: 60/74 Loss: 0.007177
2026-04-24 13:11: **********Train Epoch 1900: averaged Loss: 0.005094
2026-04-24 13:11: **********Val Epoch 1900: average Loss: 0.017397
2026-04-24 13:11: Train Epoch 1901: 0/74 Loss: 0.002236
2026-04-24 13:11: Train Epoch 1901: 20/74 Loss: 0.002552
2026-04-24 13:11: Train Epoch 1901: 40/74 Loss: 0.003286
2026-04-24 13:11: Train Epoch 1901: 60/74 Loss: 0.011024
2026-04-24 13:11: **********Train Epoch 1901: averaged Loss: 0.007070
2026-04-24 13:11: **********Val Epoch 1901: average Loss: 0.005800
2026-04-24 13:11: Train Epoch 1902: 0/74 Loss: 0.002337
2026-04-24 13:11: Train Epoch 1902: 20/74 Loss: 0.002677
2026-04-24 13:11: Train Epoch 1902: 40/74 Loss: 0.005039
2026-04-24 13:11: Train Epoch 1902: 60/74 Loss: 0.030429
2026-04-24 13:12: **********Train Epoch 1902: averaged Loss: 0.011035
2026-04-24 13:12: **********Val Epoch 1902: average Loss: 0.012870
2026-04-24 13:12: Train Epoch 1903: 0/74 Loss: 0.058517
2026-04-24 13:12: Train Epoch 1903: 20/74 Loss: 0.010571
2026-04-24 13:12: Train Epoch 1903: 40/74 Loss: 0.005257
2026-04-24 13:12: Train Epoch 1903: 60/74 Loss: 0.011774
2026-04-24 13:12: **********Train Epoch 1903: averaged Loss: 0.012295
2026-04-24 13:12: **********Val Epoch 1903: average Loss: 0.007525
2026-04-24 13:12: Train Epoch 1904: 0/74 Loss: 0.024020
2026-04-24 13:12: Train Epoch 1904: 20/74 Loss: 0.009104
2026-04-24 13:12: Train Epoch 1904: 40/74 Loss: 0.005549
2026-04-24 13:12: Train Epoch 1904: 60/74 Loss: 0.015484
2026-04-24 13:12: **********Train Epoch 1904: averaged Loss: 0.010804
2026-04-24 13:12: **********Val Epoch 1904: average Loss: 0.007403
2026-04-24 13:12: Train Epoch 1905: 0/74 Loss: 0.026823
2026-04-24 13:12: Train Epoch 1905: 20/74 Loss: 0.002557
2026-04-24 13:12: Train Epoch 1905: 40/74 Loss: 0.004685
2026-04-24 13:12: Train Epoch 1905: 60/74 Loss: 0.017919
2026-04-24 13:12: **********Train Epoch 1905: averaged Loss: 0.008685
2026-04-24 13:12: **********Val Epoch 1905: average Loss: 0.006869
2026-04-24 13:12: Train Epoch 1906: 0/74 Loss: 0.014769
2026-04-24 13:12: Train Epoch 1906: 20/74 Loss: 0.002335
2026-04-24 13:12: Train Epoch 1906: 40/74 Loss: 0.005409
2026-04-24 13:12: Train Epoch 1906: 60/74 Loss: 0.009807
2026-04-24 13:12: **********Train Epoch 1906: averaged Loss: 0.006488
2026-04-24 13:12: **********Val Epoch 1906: average Loss: 0.006472
2026-04-24 13:12: Train Epoch 1907: 0/74 Loss: 0.003014
2026-04-24 13:12: Train Epoch 1907: 20/74 Loss: 0.003019
2026-04-24 13:12: Train Epoch 1907: 40/74 Loss: 0.003873
2026-04-24 13:12: Train Epoch 1907: 60/74 Loss: 0.009366
2026-04-24 13:12: **********Train Epoch 1907: averaged Loss: 0.005172
2026-04-24 13:12: **********Val Epoch 1907: average Loss: 0.007181
2026-04-24 13:12: Train Epoch 1908: 0/74 Loss: 0.004108
2026-04-24 13:12: Train Epoch 1908: 20/74 Loss: 0.003254
2026-04-24 13:12: Train Epoch 1908: 40/74 Loss: 0.004147
2026-04-24 13:12: Train Epoch 1908: 60/74 Loss: 0.006292
2026-04-24 13:12: **********Train Epoch 1908: averaged Loss: 0.004575
2026-04-24 13:12: **********Val Epoch 1908: average Loss: 0.004819
2026-04-24 13:12: Train Epoch 1909: 0/74 Loss: 0.011269
2026-04-24 13:12: Train Epoch 1909: 20/74 Loss: 0.002238
2026-04-24 13:12: Train Epoch 1909: 40/74 Loss: 0.003498
2026-04-24 13:12: Train Epoch 1909: 60/74 Loss: 0.005252
2026-04-24 13:12: **********Train Epoch 1909: averaged Loss: 0.004629
2026-04-24 13:12: **********Val Epoch 1909: average Loss: 0.005366
2026-04-24 13:12: Train Epoch 1910: 0/74 Loss: 0.012431
2026-04-24 13:12: Train Epoch 1910: 20/74 Loss: 0.004246
2026-04-24 13:12: Train Epoch 1910: 40/74 Loss: 0.004594
2026-04-24 13:12: Train Epoch 1910: 60/74 Loss: 0.005188
2026-04-24 13:12: **********Train Epoch 1910: averaged Loss: 0.005100
2026-04-24 13:12: **********Val Epoch 1910: average Loss: 0.005672
2026-04-24 13:12: Train Epoch 1911: 0/74 Loss: 0.010582
2026-04-24 13:12: Train Epoch 1911: 20/74 Loss: 0.002160
2026-04-24 13:12: Train Epoch 1911: 40/74 Loss: 0.006954
2026-04-24 13:12: Train Epoch 1911: 60/74 Loss: 0.006778
2026-04-24 13:12: **********Train Epoch 1911: averaged Loss: 0.005668
2026-04-24 13:12: **********Val Epoch 1911: average Loss: 0.005312
2026-04-24 13:12: Train Epoch 1912: 0/74 Loss: 0.009475
2026-04-24 13:13: Train Epoch 1912: 20/74 Loss: 0.002154
2026-04-24 13:13: Train Epoch 1912: 40/74 Loss: 0.004114
2026-04-24 13:13: Train Epoch 1912: 60/74 Loss: 0.004689
2026-04-24 13:13: **********Train Epoch 1912: averaged Loss: 0.004242
2026-04-24 13:13: **********Val Epoch 1912: average Loss: 0.004153
2026-04-24 13:13: Train Epoch 1913: 0/74 Loss: 0.034842
2026-04-24 13:13: Train Epoch 1913: 20/74 Loss: 0.008793
2026-04-24 13:13: Train Epoch 1913: 40/74 Loss: 0.003358
2026-04-24 13:13: Train Epoch 1913: 60/74 Loss: 0.004660
2026-04-24 13:13: **********Train Epoch 1913: averaged Loss: 0.007005
2026-04-24 13:13: **********Val Epoch 1913: average Loss: 0.004405
2026-04-24 13:13: Train Epoch 1914: 0/74 Loss: 0.017524
2026-04-24 13:13: Train Epoch 1914: 20/74 Loss: 0.002453
2026-04-24 13:13: Train Epoch 1914: 40/74 Loss: 0.004440
2026-04-24 13:13: Train Epoch 1914: 60/74 Loss: 0.005759
2026-04-24 13:13: **********Train Epoch 1914: averaged Loss: 0.004877
2026-04-24 13:13: **********Val Epoch 1914: average Loss: 0.005163
2026-04-24 13:13: Train Epoch 1915: 0/74 Loss: 0.010578
2026-04-24 13:13: Train Epoch 1915: 20/74 Loss: 0.002452
2026-04-24 13:13: Train Epoch 1915: 40/74 Loss: 0.004300
2026-04-24 13:13: Train Epoch 1915: 60/74 Loss: 0.004686
2026-04-24 13:13: **********Train Epoch 1915: averaged Loss: 0.003890
2026-04-24 13:13: **********Val Epoch 1915: average Loss: 0.004671
2026-04-24 13:13: Train Epoch 1916: 0/74 Loss: 0.002613
2026-04-24 13:13: Train Epoch 1916: 20/74 Loss: 0.002254
2026-04-24 13:13: Train Epoch 1916: 40/74 Loss: 0.005222
2026-04-24 13:13: Train Epoch 1916: 60/74 Loss: 0.004624
2026-04-24 13:13: **********Train Epoch 1916: averaged Loss: 0.003969
2026-04-24 13:13: **********Val Epoch 1916: average Loss: 0.006508
2026-04-24 13:13: Train Epoch 1917: 0/74 Loss: 0.002421
2026-04-24 13:13: Train Epoch 1917: 20/74 Loss: 0.002357
2026-04-24 13:13: Train Epoch 1917: 40/74 Loss: 0.005242
2026-04-24 13:13: Train Epoch 1917: 60/74 Loss: 0.004668
2026-04-24 13:13: **********Train Epoch 1917: averaged Loss: 0.004375
2026-04-24 13:13: **********Val Epoch 1917: average Loss: 0.010521
2026-04-24 13:13: Train Epoch 1918: 0/74 Loss: 0.002841
2026-04-24 13:13: Train Epoch 1918: 20/74 Loss: 0.002256
2026-04-24 13:13: Train Epoch 1918: 40/74 Loss: 0.003501
2026-04-24 13:13: Train Epoch 1918: 60/74 Loss: 0.014420
2026-04-24 13:13: **********Train Epoch 1918: averaged Loss: 0.006925
2026-04-24 13:13: **********Val Epoch 1918: average Loss: 0.007882
2026-04-24 13:13: Train Epoch 1919: 0/74 Loss: 0.014491
2026-04-24 13:13: Train Epoch 1919: 20/74 Loss: 0.002845
2026-04-24 13:13: Train Epoch 1919: 40/74 Loss: 0.003798
2026-04-24 13:13: Train Epoch 1919: 60/74 Loss: 0.017347
2026-04-24 13:13: **********Train Epoch 1919: averaged Loss: 0.008425
2026-04-24 13:13: **********Val Epoch 1919: average Loss: 0.010285
2026-04-24 13:13: Train Epoch 1920: 0/74 Loss: 0.034594
2026-04-24 13:13: Train Epoch 1920: 20/74 Loss: 0.005637
2026-04-24 13:13: Train Epoch 1920: 40/74 Loss: 0.003654
2026-04-24 13:13: Train Epoch 1920: 60/74 Loss: 0.013314
2026-04-24 13:13: **********Train Epoch 1920: averaged Loss: 0.008460
2026-04-24 13:13: **********Val Epoch 1920: average Loss: 0.008302
2026-04-24 13:13: Train Epoch 1921: 0/74 Loss: 0.019534
2026-04-24 13:14: Train Epoch 1921: 20/74 Loss: 0.002224
2026-04-24 13:14: Train Epoch 1921: 40/74 Loss: 0.003202
2026-04-24 13:14: Train Epoch 1921: 60/74 Loss: 0.012655
2026-04-24 13:14: **********Train Epoch 1921: averaged Loss: 0.007145
2026-04-24 13:14: **********Val Epoch 1921: average Loss: 0.007765
2026-04-24 13:14: Train Epoch 1922: 0/74 Loss: 0.022964
2026-04-24 13:14: Train Epoch 1922: 20/74 Loss: 0.002715
2026-04-24 13:14: Train Epoch 1922: 40/74 Loss: 0.003302
2026-04-24 13:14: Train Epoch 1922: 60/74 Loss: 0.010445
2026-04-24 13:14: **********Train Epoch 1922: averaged Loss: 0.006807
2026-04-24 13:14: **********Val Epoch 1922: average Loss: 0.008688
2026-04-24 13:14: Train Epoch 1923: 0/74 Loss: 0.020827
2026-04-24 13:14: Train Epoch 1923: 20/74 Loss: 0.003265
2026-04-24 13:14: Train Epoch 1923: 40/74 Loss: 0.003407
2026-04-24 13:14: Train Epoch 1923: 60/74 Loss: 0.005586
2026-04-24 13:14: **********Train Epoch 1923: averaged Loss: 0.006639
2026-04-24 13:14: **********Val Epoch 1923: average Loss: 0.009016
2026-04-24 13:14: Train Epoch 1924: 0/74 Loss: 0.005823
2026-04-24 13:14: Train Epoch 1924: 20/74 Loss: 0.002353
2026-04-24 13:14: Train Epoch 1924: 40/74 Loss: 0.004587
2026-04-24 13:14: Train Epoch 1924: 60/74 Loss: 0.011607
2026-04-24 13:14: **********Train Epoch 1924: averaged Loss: 0.005099
2026-04-24 13:14: **********Val Epoch 1924: average Loss: 0.008676
2026-04-24 13:14: Train Epoch 1925: 0/74 Loss: 0.024517
2026-04-24 13:14: Train Epoch 1925: 20/74 Loss: 0.002500
2026-04-24 13:14: Train Epoch 1925: 40/74 Loss: 0.005493
2026-04-24 13:14: Train Epoch 1925: 60/74 Loss: 0.008642
2026-04-24 13:14: **********Train Epoch 1925: averaged Loss: 0.006997
2026-04-24 13:14: **********Val Epoch 1925: average Loss: 0.009028
2026-04-24 13:14: Train Epoch 1926: 0/74 Loss: 0.002258
2026-04-24 13:14: Train Epoch 1926: 20/74 Loss: 0.002552
2026-04-24 13:14: Train Epoch 1926: 40/74 Loss: 0.004316
2026-04-24 13:14: Train Epoch 1926: 60/74 Loss: 0.012069
2026-04-24 13:14: **********Train Epoch 1926: averaged Loss: 0.006331
2026-04-24 13:14: **********Val Epoch 1926: average Loss: 0.012145
2026-04-24 13:14: Train Epoch 1927: 0/74 Loss: 0.004301
2026-04-24 13:14: Train Epoch 1927: 20/74 Loss: 0.002330
2026-04-24 13:14: Train Epoch 1927: 40/74 Loss: 0.003569
2026-04-24 13:14: Train Epoch 1927: 60/74 Loss: 0.016303
2026-04-24 13:14: **********Train Epoch 1927: averaged Loss: 0.005721
2026-04-24 13:14: **********Val Epoch 1927: average Loss: 0.021997
2026-04-24 13:14: Train Epoch 1928: 0/74 Loss: 0.003453
2026-04-24 13:14: Train Epoch 1928: 20/74 Loss: 0.002550
2026-04-24 13:14: Train Epoch 1928: 40/74 Loss: 0.004042
2026-04-24 13:14: Train Epoch 1928: 60/74 Loss: 0.017093
2026-04-24 13:14: **********Train Epoch 1928: averaged Loss: 0.007581
2026-04-24 13:14: **********Val Epoch 1928: average Loss: 0.013833
2026-04-24 13:14: Train Epoch 1929: 0/74 Loss: 0.033040
2026-04-24 13:14: Train Epoch 1929: 20/74 Loss: 0.006779
2026-04-24 13:14: Train Epoch 1929: 40/74 Loss: 0.003760
2026-04-24 13:14: Train Epoch 1929: 60/74 Loss: 0.016237
2026-04-24 13:14: **********Train Epoch 1929: averaged Loss: 0.009028
2026-04-24 13:14: **********Val Epoch 1929: average Loss: 0.010286
2026-04-24 13:14: Train Epoch 1930: 0/74 Loss: 0.011942
2026-04-24 13:14: Train Epoch 1930: 20/74 Loss: 0.002442
2026-04-24 13:15: Train Epoch 1930: 40/74 Loss: 0.004959
2026-04-24 13:15: Train Epoch 1930: 60/74 Loss: 0.013599
2026-04-24 13:15: **********Train Epoch 1930: averaged Loss: 0.006793
2026-04-24 13:15: **********Val Epoch 1930: average Loss: 0.016634
2026-04-24 13:15: Train Epoch 1931: 0/74 Loss: 0.002220
2026-04-24 13:15: Train Epoch 1931: 20/74 Loss: 0.002230
2026-04-24 13:15: Train Epoch 1931: 40/74 Loss: 0.003252
2026-04-24 13:15: Train Epoch 1931: 60/74 Loss: 0.016370
2026-04-24 13:15: **********Train Epoch 1931: averaged Loss: 0.006582
2026-04-24 13:15: **********Val Epoch 1931: average Loss: 0.013903
2026-04-24 13:15: Train Epoch 1932: 0/74 Loss: 0.003999
2026-04-24 13:15: Train Epoch 1932: 20/74 Loss: 0.002569
2026-04-24 13:15: Train Epoch 1932: 40/74 Loss: 0.003611
2026-04-24 13:15: Train Epoch 1932: 60/74 Loss: 0.013429
2026-04-24 13:15: **********Train Epoch 1932: averaged Loss: 0.006291
2026-04-24 13:15: **********Val Epoch 1932: average Loss: 0.015063
2026-04-24 13:15: Train Epoch 1933: 0/74 Loss: 0.008159
2026-04-24 13:15: Train Epoch 1933: 20/74 Loss: 0.002203
2026-04-24 13:15: Train Epoch 1933: 40/74 Loss: 0.004565
2026-04-24 13:15: Train Epoch 1933: 60/74 Loss: 0.010100
2026-04-24 13:15: **********Train Epoch 1933: averaged Loss: 0.006282
2026-04-24 13:15: **********Val Epoch 1933: average Loss: 0.011916
2026-04-24 13:15: Train Epoch 1934: 0/74 Loss: 0.002354
2026-04-24 13:15: Train Epoch 1934: 20/74 Loss: 0.002504
2026-04-24 13:15: Train Epoch 1934: 40/74 Loss: 0.005504
2026-04-24 13:15: Train Epoch 1934: 60/74 Loss: 0.012466
2026-04-24 13:15: **********Train Epoch 1934: averaged Loss: 0.005665
2026-04-24 13:15: **********Val Epoch 1934: average Loss: 0.013451
2026-04-24 13:15: Train Epoch 1935: 0/74 Loss: 0.002065
2026-04-24 13:15: Train Epoch 1935: 20/74 Loss: 0.002251
2026-04-24 13:15: Train Epoch 1935: 40/74 Loss: 0.004244
2026-04-24 13:15: Train Epoch 1935: 60/74 Loss: 0.013450
2026-04-24 13:15: **********Train Epoch 1935: averaged Loss: 0.005184
2026-04-24 13:15: **********Val Epoch 1935: average Loss: 0.012950
2026-04-24 13:15: Train Epoch 1936: 0/74 Loss: 0.007946
2026-04-24 13:15: Train Epoch 1936: 20/74 Loss: 0.002500
2026-04-24 13:15: Train Epoch 1936: 40/74 Loss: 0.004155
2026-04-24 13:15: Train Epoch 1936: 60/74 Loss: 0.012453
2026-04-24 13:15: **********Train Epoch 1936: averaged Loss: 0.005652
2026-04-24 13:15: **********Val Epoch 1936: average Loss: 0.014158
2026-04-24 13:15: Train Epoch 1937: 0/74 Loss: 0.016360
2026-04-24 13:15: Train Epoch 1937: 20/74 Loss: 0.004429
2026-04-24 13:15: Train Epoch 1937: 40/74 Loss: 0.011742
2026-04-24 13:15: Train Epoch 1937: 60/74 Loss: 0.016351
2026-04-24 13:15: **********Train Epoch 1937: averaged Loss: 0.007759
2026-04-24 13:15: **********Val Epoch 1937: average Loss: 0.011628
2026-04-24 13:15: Train Epoch 1938: 0/74 Loss: 0.003653
2026-04-24 13:15: Train Epoch 1938: 20/74 Loss: 0.002382
2026-04-24 13:15: Train Epoch 1938: 40/74 Loss: 0.004070
2026-04-24 13:15: Train Epoch 1938: 60/74 Loss: 0.015351
2026-04-24 13:15: **********Train Epoch 1938: averaged Loss: 0.005495
2026-04-24 13:15: **********Val Epoch 1938: average Loss: 0.015584
2026-04-24 13:15: Train Epoch 1939: 0/74 Loss: 0.026952
2026-04-24 13:15: Train Epoch 1939: 20/74 Loss: 0.002792
2026-04-24 13:15: Train Epoch 1939: 40/74 Loss: 0.005655
2026-04-24 13:16: Train Epoch 1939: 60/74 Loss: 0.010632
2026-04-24 13:16: **********Train Epoch 1939: averaged Loss: 0.006971
2026-04-24 13:16: **********Val Epoch 1939: average Loss: 0.011606
2026-04-24 13:16: Train Epoch 1940: 0/74 Loss: 0.013174
2026-04-24 13:16: Train Epoch 1940: 20/74 Loss: 0.002233
2026-04-24 13:16: Train Epoch 1940: 40/74 Loss: 0.004029
2026-04-24 13:16: Train Epoch 1940: 60/74 Loss: 0.005921
2026-04-24 13:16: **********Train Epoch 1940: averaged Loss: 0.005338
2026-04-24 13:16: **********Val Epoch 1940: average Loss: 0.012219
2026-04-24 13:16: Train Epoch 1941: 0/74 Loss: 0.021153
2026-04-24 13:16: Train Epoch 1941: 20/74 Loss: 0.003578
2026-04-24 13:16: Train Epoch 1941: 40/74 Loss: 0.005246
2026-04-24 13:16: Train Epoch 1941: 60/74 Loss: 0.006775
2026-04-24 13:16: **********Train Epoch 1941: averaged Loss: 0.005813
2026-04-24 13:16: **********Val Epoch 1941: average Loss: 0.011746
2026-04-24 13:16: Train Epoch 1942: 0/74 Loss: 0.019254
2026-04-24 13:16: Train Epoch 1942: 20/74 Loss: 0.003486
2026-04-24 13:16: Train Epoch 1942: 40/74 Loss: 0.003581
2026-04-24 13:16: Train Epoch 1942: 60/74 Loss: 0.005724
2026-04-24 13:16: **********Train Epoch 1942: averaged Loss: 0.005369
2026-04-24 13:16: **********Val Epoch 1942: average Loss: 0.011546
2026-04-24 13:16: Train Epoch 1943: 0/74 Loss: 0.009604
2026-04-24 13:16: Train Epoch 1943: 20/74 Loss: 0.002196
2026-04-24 13:16: Train Epoch 1943: 40/74 Loss: 0.003601
2026-04-24 13:16: Train Epoch 1943: 60/74 Loss: 0.007076
2026-04-24 13:16: **********Train Epoch 1943: averaged Loss: 0.005348
2026-04-24 13:16: **********Val Epoch 1943: average Loss: 0.010799
2026-04-24 13:16: Train Epoch 1944: 0/74 Loss: 0.004061
2026-04-24 13:16: Train Epoch 1944: 20/74 Loss: 0.003879
2026-04-24 13:16: Train Epoch 1944: 40/74 Loss: 0.009984
2026-04-24 13:16: Train Epoch 1944: 60/74 Loss: 0.011009
2026-04-24 13:16: **********Train Epoch 1944: averaged Loss: 0.008101
2026-04-24 13:16: **********Val Epoch 1944: average Loss: 0.009380
2026-04-24 13:16: Train Epoch 1945: 0/74 Loss: 0.037061
2026-04-24 13:16: Train Epoch 1945: 20/74 Loss: 0.009558
2026-04-24 13:16: Train Epoch 1945: 40/74 Loss: 0.003712
2026-04-24 13:16: Train Epoch 1945: 60/74 Loss: 0.014299
2026-04-24 13:16: **********Train Epoch 1945: averaged Loss: 0.012321
2026-04-24 13:16: **********Val Epoch 1945: average Loss: 0.020426
2026-04-24 13:16: Train Epoch 1946: 0/74 Loss: 0.024459
2026-04-24 13:16: Train Epoch 1946: 20/74 Loss: 0.002172
2026-04-24 13:16: Train Epoch 1946: 40/74 Loss: 0.004201
2026-04-24 13:16: Train Epoch 1946: 60/74 Loss: 0.007069
2026-04-24 13:16: **********Train Epoch 1946: averaged Loss: 0.006154
2026-04-24 13:16: **********Val Epoch 1946: average Loss: 0.007102
2026-04-24 13:16: Train Epoch 1947: 0/74 Loss: 0.020989
2026-04-24 13:16: Train Epoch 1947: 20/74 Loss: 0.002077
2026-04-24 13:16: Train Epoch 1947: 40/74 Loss: 0.003326
2026-04-24 13:16: Train Epoch 1947: 60/74 Loss: 0.005832
2026-04-24 13:16: **********Train Epoch 1947: averaged Loss: 0.005475
2026-04-24 13:16: **********Val Epoch 1947: average Loss: 0.006010
2026-04-24 13:16: Train Epoch 1948: 0/74 Loss: 0.010327
2026-04-24 13:16: Train Epoch 1948: 20/74 Loss: 0.002594
2026-04-24 13:16: Train Epoch 1948: 40/74 Loss: 0.003378
2026-04-24 13:17: Train Epoch 1948: 60/74 Loss: 0.011651
2026-04-24 13:17: **********Train Epoch 1948: averaged Loss: 0.006063
2026-04-24 13:17: **********Val Epoch 1948: average Loss: 0.007506
2026-04-24 13:17: Train Epoch 1949: 0/74 Loss: 0.010322
2026-04-24 13:17: Train Epoch 1949: 20/74 Loss: 0.002705
2026-04-24 13:17: Train Epoch 1949: 40/74 Loss: 0.003450
2026-04-24 13:17: Train Epoch 1949: 60/74 Loss: 0.009132
2026-04-24 13:17: **********Train Epoch 1949: averaged Loss: 0.005839
2026-04-24 13:17: **********Val Epoch 1949: average Loss: 0.009668
2026-04-24 13:17: Train Epoch 1950: 0/74 Loss: 0.003853
2026-04-24 13:17: Train Epoch 1950: 20/74 Loss: 0.003394
2026-04-24 13:17: Train Epoch 1950: 40/74 Loss: 0.003673
2026-04-24 13:17: Train Epoch 1950: 60/74 Loss: 0.021582
2026-04-24 13:17: **********Train Epoch 1950: averaged Loss: 0.007913
2026-04-24 13:17: **********Val Epoch 1950: average Loss: 0.018787
2026-04-24 13:17: Train Epoch 1951: 0/74 Loss: 0.002422
2026-04-24 13:17: Train Epoch 1951: 20/74 Loss: 0.005044
2026-04-24 13:17: Train Epoch 1951: 40/74 Loss: 0.004508
2026-04-24 13:17: Train Epoch 1951: 60/74 Loss: 0.007850
2026-04-24 13:17: **********Train Epoch 1951: averaged Loss: 0.007723
2026-04-24 13:17: **********Val Epoch 1951: average Loss: 0.026377
2026-04-24 13:17: Train Epoch 1952: 0/74 Loss: 0.013806
2026-04-24 13:17: Train Epoch 1952: 20/74 Loss: 0.011263
2026-04-24 13:17: Train Epoch 1952: 40/74 Loss: 0.009863
2026-04-24 13:17: Train Epoch 1952: 60/74 Loss: 0.006862
2026-04-24 13:17: **********Train Epoch 1952: averaged Loss: 0.009586
2026-04-24 13:17: **********Val Epoch 1952: average Loss: 0.009906
2026-04-24 13:17: Train Epoch 1953: 0/74 Loss: 0.024238
2026-04-24 13:17: Train Epoch 1953: 20/74 Loss: 0.011633
2026-04-24 13:17: Train Epoch 1953: 40/74 Loss: 0.003353
2026-04-24 13:17: Train Epoch 1953: 60/74 Loss: 0.006030
2026-04-24 13:17: **********Train Epoch 1953: averaged Loss: 0.008111
2026-04-24 13:17: **********Val Epoch 1953: average Loss: 0.005434
2026-04-24 13:17: Train Epoch 1954: 0/74 Loss: 0.015547
2026-04-24 13:17: Train Epoch 1954: 20/74 Loss: 0.009454
2026-04-24 13:17: Train Epoch 1954: 40/74 Loss: 0.007924
2026-04-24 13:17: Train Epoch 1954: 60/74 Loss: 0.005686
2026-04-24 13:17: **********Train Epoch 1954: averaged Loss: 0.007961
2026-04-24 13:17: **********Val Epoch 1954: average Loss: 0.005610
2026-04-24 13:17: Train Epoch 1955: 0/74 Loss: 0.027078
2026-04-24 13:17: Train Epoch 1955: 20/74 Loss: 0.003870
2026-04-24 13:17: Train Epoch 1955: 40/74 Loss: 0.004668
2026-04-24 13:17: Train Epoch 1955: 60/74 Loss: 0.006852
2026-04-24 13:17: **********Train Epoch 1955: averaged Loss: 0.007916
2026-04-24 13:17: **********Val Epoch 1955: average Loss: 0.008572
2026-04-24 13:17: Train Epoch 1956: 0/74 Loss: 0.013427
2026-04-24 13:17: Train Epoch 1956: 20/74 Loss: 0.003802
2026-04-24 13:17: Train Epoch 1956: 40/74 Loss: 0.003809
2026-04-24 13:17: Train Epoch 1956: 60/74 Loss: 0.005944
2026-04-24 13:17: **********Train Epoch 1956: averaged Loss: 0.006323
2026-04-24 13:17: **********Val Epoch 1956: average Loss: 0.010442
2026-04-24 13:17: Train Epoch 1957: 0/74 Loss: 0.008560
2026-04-24 13:17: Train Epoch 1957: 20/74 Loss: 0.002105
2026-04-24 13:17: Train Epoch 1957: 40/74 Loss: 0.002887
2026-04-24 13:17: Train Epoch 1957: 60/74 Loss: 0.004820
2026-04-24 13:18: **********Train Epoch 1957: averaged Loss: 0.004665
2026-04-24 13:18: **********Val Epoch 1957: average Loss: 0.012452
2026-04-24 13:18: Train Epoch 1958: 0/74 Loss: 0.005943
2026-04-24 13:18: Train Epoch 1958: 20/74 Loss: 0.002311
2026-04-24 13:18: Train Epoch 1958: 40/74 Loss: 0.003407
2026-04-24 13:18: Train Epoch 1958: 60/74 Loss: 0.005713
2026-04-24 13:18: **********Train Epoch 1958: averaged Loss: 0.004776
2026-04-24 13:18: **********Val Epoch 1958: average Loss: 0.007479
2026-04-24 13:18: Train Epoch 1959: 0/74 Loss: 0.006236
2026-04-24 13:18: Train Epoch 1959: 20/74 Loss: 0.002441
2026-04-24 13:18: Train Epoch 1959: 40/74 Loss: 0.005537
2026-04-24 13:18: Train Epoch 1959: 60/74 Loss: 0.005603
2026-04-24 13:18: **********Train Epoch 1959: averaged Loss: 0.005903
2026-04-24 13:18: **********Val Epoch 1959: average Loss: 0.007159
2026-04-24 13:18: Train Epoch 1960: 0/74 Loss: 0.008756
2026-04-24 13:18: Train Epoch 1960: 20/74 Loss: 0.002561
2026-04-24 13:18: Train Epoch 1960: 40/74 Loss: 0.007530
2026-04-24 13:18: Train Epoch 1960: 60/74 Loss: 0.004626
2026-04-24 13:18: **********Train Epoch 1960: averaged Loss: 0.006128
2026-04-24 13:18: **********Val Epoch 1960: average Loss: 0.004944
2026-04-24 13:18: Train Epoch 1961: 0/74 Loss: 0.036032
2026-04-24 13:18: Train Epoch 1961: 20/74 Loss: 0.005846
2026-04-24 13:18: Train Epoch 1961: 40/74 Loss: 0.003077
2026-04-24 13:18: Train Epoch 1961: 60/74 Loss: 0.005302
2026-04-24 13:18: **********Train Epoch 1961: averaged Loss: 0.007654
2026-04-24 13:18: **********Val Epoch 1961: average Loss: 0.004445
2026-04-24 13:18: Train Epoch 1962: 0/74 Loss: 0.005964
2026-04-24 13:18: Train Epoch 1962: 20/74 Loss: 0.002313
2026-04-24 13:18: Train Epoch 1962: 40/74 Loss: 0.004081
2026-04-24 13:18: Train Epoch 1962: 60/74 Loss: 0.004898
2026-04-24 13:18: **********Train Epoch 1962: averaged Loss: 0.004886
2026-04-24 13:18: **********Val Epoch 1962: average Loss: 0.004899
2026-04-24 13:18: Train Epoch 1963: 0/74 Loss: 0.015050
2026-04-24 13:18: Train Epoch 1963: 20/74 Loss: 0.004291
2026-04-24 13:18: Train Epoch 1963: 40/74 Loss: 0.003524
2026-04-24 13:18: Train Epoch 1963: 60/74 Loss: 0.004928
2026-04-24 13:18: **********Train Epoch 1963: averaged Loss: 0.005450
2026-04-24 13:18: **********Val Epoch 1963: average Loss: 0.005036
2026-04-24 13:18: Train Epoch 1964: 0/74 Loss: 0.007557
2026-04-24 13:18: Train Epoch 1964: 20/74 Loss: 0.002423
2026-04-24 13:18: Train Epoch 1964: 40/74 Loss: 0.002946
2026-04-24 13:18: Train Epoch 1964: 60/74 Loss: 0.007077
2026-04-24 13:18: **********Train Epoch 1964: averaged Loss: 0.004179
2026-04-24 13:18: **********Val Epoch 1964: average Loss: 0.005812
2026-04-24 13:18: Train Epoch 1965: 0/74 Loss: 0.005221
2026-04-24 13:18: Train Epoch 1965: 20/74 Loss: 0.002244
2026-04-24 13:18: Train Epoch 1965: 40/74 Loss: 0.003269
2026-04-24 13:18: Train Epoch 1965: 60/74 Loss: 0.006102
2026-04-24 13:18: **********Train Epoch 1965: averaged Loss: 0.004585
2026-04-24 13:18: **********Val Epoch 1965: average Loss: 0.004789
2026-04-24 13:18: Train Epoch 1966: 0/74 Loss: 0.005189
2026-04-24 13:18: Train Epoch 1966: 20/74 Loss: 0.002547
2026-04-24 13:18: Train Epoch 1966: 40/74 Loss: 0.002974
2026-04-24 13:18: Train Epoch 1966: 60/74 Loss: 0.010493
2026-04-24 13:18: **********Train Epoch 1966: averaged Loss: 0.004781
2026-04-24 13:18: **********Val Epoch 1966: average Loss: 0.004672
2026-04-24 13:18: Train Epoch 1967: 0/74 Loss: 0.032603
2026-04-24 13:19: Train Epoch 1967: 20/74 Loss: 0.002389
2026-04-24 13:19: Train Epoch 1967: 40/74 Loss: 0.003551
2026-04-24 13:19: Train Epoch 1967: 60/74 Loss: 0.006964
2026-04-24 13:19: **********Train Epoch 1967: averaged Loss: 0.006009
2026-04-24 13:19: **********Val Epoch 1967: average Loss: 0.005025
2026-04-24 13:19: Train Epoch 1968: 0/74 Loss: 0.020250
2026-04-24 13:19: Train Epoch 1968: 20/74 Loss: 0.003122
2026-04-24 13:19: Train Epoch 1968: 40/74 Loss: 0.003688
2026-04-24 13:19: Train Epoch 1968: 60/74 Loss: 0.005493
2026-04-24 13:19: **********Train Epoch 1968: averaged Loss: 0.005290
2026-04-24 13:19: **********Val Epoch 1968: average Loss: 0.008057
2026-04-24 13:19: Train Epoch 1969: 0/74 Loss: 0.019607
2026-04-24 13:19: Train Epoch 1969: 20/74 Loss: 0.003951
2026-04-24 13:19: Train Epoch 1969: 40/74 Loss: 0.003577
2026-04-24 13:19: Train Epoch 1969: 60/74 Loss: 0.005111
2026-04-24 13:19: **********Train Epoch 1969: averaged Loss: 0.005131
2026-04-24 13:19: **********Val Epoch 1969: average Loss: 0.008007
2026-04-24 13:19: Train Epoch 1970: 0/74 Loss: 0.017568
2026-04-24 13:19: Train Epoch 1970: 20/74 Loss: 0.002857
2026-04-24 13:19: Train Epoch 1970: 40/74 Loss: 0.003032
2026-04-24 13:19: Train Epoch 1970: 60/74 Loss: 0.013048
2026-04-24 13:19: **********Train Epoch 1970: averaged Loss: 0.004899
2026-04-24 13:19: **********Val Epoch 1970: average Loss: 0.005634
2026-04-24 13:19: Train Epoch 1971: 0/74 Loss: 0.013507
2026-04-24 13:19: Train Epoch 1971: 20/74 Loss: 0.002333
2026-04-24 13:19: Train Epoch 1971: 40/74 Loss: 0.004459
2026-04-24 13:19: Train Epoch 1971: 60/74 Loss: 0.004932
2026-04-24 13:19: **********Train Epoch 1971: averaged Loss: 0.003951
2026-04-24 13:19: **********Val Epoch 1971: average Loss: 0.005386
2026-04-24 13:19: Train Epoch 1972: 0/74 Loss: 0.003768
2026-04-24 13:19: Train Epoch 1972: 20/74 Loss: 0.002145
2026-04-24 13:19: Train Epoch 1972: 40/74 Loss: 0.003502
2026-04-24 13:19: Train Epoch 1972: 60/74 Loss: 0.005728
2026-04-24 13:19: **********Train Epoch 1972: averaged Loss: 0.003662
2026-04-24 13:19: **********Val Epoch 1972: average Loss: 0.006322
2026-04-24 13:19: Train Epoch 1973: 0/74 Loss: 0.006601
2026-04-24 13:19: Train Epoch 1973: 20/74 Loss: 0.003358
2026-04-24 13:19: Train Epoch 1973: 40/74 Loss: 0.002978
2026-04-24 13:19: Train Epoch 1973: 60/74 Loss: 0.004988
2026-04-24 13:19: **********Train Epoch 1973: averaged Loss: 0.004594
2026-04-24 13:19: **********Val Epoch 1973: average Loss: 0.008681
2026-04-24 13:19: Train Epoch 1974: 0/74 Loss: 0.008146
2026-04-24 13:19: Train Epoch 1974: 20/74 Loss: 0.002402
2026-04-24 13:19: Train Epoch 1974: 40/74 Loss: 0.002917
2026-04-24 13:19: Train Epoch 1974: 60/74 Loss: 0.005213
2026-04-24 13:19: **********Train Epoch 1974: averaged Loss: 0.005827
2026-04-24 13:19: **********Val Epoch 1974: average Loss: 0.007911
2026-04-24 13:19: Train Epoch 1975: 0/74 Loss: 0.009819
2026-04-24 13:19: Train Epoch 1975: 20/74 Loss: 0.003607
2026-04-24 13:19: Train Epoch 1975: 40/74 Loss: 0.009510
2026-04-24 13:19: Train Epoch 1975: 60/74 Loss: 0.014536
2026-04-24 13:19: **********Train Epoch 1975: averaged Loss: 0.008023
2026-04-24 13:19: **********Val Epoch 1975: average Loss: 0.013248
2026-04-24 13:19: Train Epoch 1976: 0/74 Loss: 0.057269
2026-04-24 13:20: Train Epoch 1976: 20/74 Loss: 0.005240
2026-04-24 13:20: Train Epoch 1976: 40/74 Loss: 0.006382
2026-04-24 13:20: Train Epoch 1976: 60/74 Loss: 0.007745
2026-04-24 13:20: **********Train Epoch 1976: averaged Loss: 0.013982
2026-04-24 13:20: **********Val Epoch 1976: average Loss: 0.006407
2026-04-24 13:20: Train Epoch 1977: 0/74 Loss: 0.027915
2026-04-24 13:20: Train Epoch 1977: 20/74 Loss: 0.007881
2026-04-24 13:20: Train Epoch 1977: 40/74 Loss: 0.005044
2026-04-24 13:20: Train Epoch 1977: 60/74 Loss: 0.011919
2026-04-24 13:20: **********Train Epoch 1977: averaged Loss: 0.011344
2026-04-24 13:20: **********Val Epoch 1977: average Loss: 0.007140
2026-04-24 13:20: Train Epoch 1978: 0/74 Loss: 0.035342
2026-04-24 13:20: Train Epoch 1978: 20/74 Loss: 0.008218
2026-04-24 13:20: Train Epoch 1978: 40/74 Loss: 0.005364
2026-04-24 13:20: Train Epoch 1978: 60/74 Loss: 0.010714
2026-04-24 13:20: **********Train Epoch 1978: averaged Loss: 0.010639
2026-04-24 13:20: **********Val Epoch 1978: average Loss: 0.006380
2026-04-24 13:20: Train Epoch 1979: 0/74 Loss: 0.031607
2026-04-24 13:20: Train Epoch 1979: 20/74 Loss: 0.009889
2026-04-24 13:20: Train Epoch 1979: 40/74 Loss: 0.005136
2026-04-24 13:20: Train Epoch 1979: 60/74 Loss: 0.010672
2026-04-24 13:20: **********Train Epoch 1979: averaged Loss: 0.009396
2026-04-24 13:20: **********Val Epoch 1979: average Loss: 0.007538
2026-04-24 13:20: Train Epoch 1980: 0/74 Loss: 0.029586
2026-04-24 13:20: Train Epoch 1980: 20/74 Loss: 0.005341
2026-04-24 13:20: Train Epoch 1980: 40/74 Loss: 0.003329
2026-04-24 13:20: Train Epoch 1980: 60/74 Loss: 0.006209
2026-04-24 13:20: **********Train Epoch 1980: averaged Loss: 0.007128
2026-04-24 13:20: **********Val Epoch 1980: average Loss: 0.007351
2026-04-24 13:20: Train Epoch 1981: 0/74 Loss: 0.005613
2026-04-24 13:20: Train Epoch 1981: 20/74 Loss: 0.002437
2026-04-24 13:20: Train Epoch 1981: 40/74 Loss: 0.004442
2026-04-24 13:20: Train Epoch 1981: 60/74 Loss: 0.006940
2026-04-24 13:20: **********Train Epoch 1981: averaged Loss: 0.004555
2026-04-24 13:20: **********Val Epoch 1981: average Loss: 0.006345
2026-04-24 13:20: Train Epoch 1982: 0/74 Loss: 0.009441
2026-04-24 13:20: Train Epoch 1982: 20/74 Loss: 0.002443
2026-04-24 13:20: Train Epoch 1982: 40/74 Loss: 0.003042
2026-04-24 13:20: Train Epoch 1982: 60/74 Loss: 0.004769
2026-04-24 13:20: **********Train Epoch 1982: averaged Loss: 0.004745
2026-04-24 13:20: **********Val Epoch 1982: average Loss: 0.007127
2026-04-24 13:20: Train Epoch 1983: 0/74 Loss: 0.024796
2026-04-24 13:20: Train Epoch 1983: 20/74 Loss: 0.002202
2026-04-24 13:20: Train Epoch 1983: 40/74 Loss: 0.003134
2026-04-24 13:20: Train Epoch 1983: 60/74 Loss: 0.006809
2026-04-24 13:20: **********Train Epoch 1983: averaged Loss: 0.005974
2026-04-24 13:20: **********Val Epoch 1983: average Loss: 0.006979
2026-04-24 13:20: Train Epoch 1984: 0/74 Loss: 0.004979
2026-04-24 13:20: Train Epoch 1984: 20/74 Loss: 0.002434
2026-04-24 13:20: Train Epoch 1984: 40/74 Loss: 0.003458
2026-04-24 13:20: Train Epoch 1984: 60/74 Loss: 0.006626
2026-04-24 13:20: **********Train Epoch 1984: averaged Loss: 0.004467
2026-04-24 13:20: **********Val Epoch 1984: average Loss: 0.007323
2026-04-24 13:20: Train Epoch 1985: 0/74 Loss: 0.003129
2026-04-24 13:20: Train Epoch 1985: 20/74 Loss: 0.002783
2026-04-24 13:21: Train Epoch 1985: 40/74 Loss: 0.003145
2026-04-24 13:21: Train Epoch 1985: 60/74 Loss: 0.009362
2026-04-24 13:21: **********Train Epoch 1985: averaged Loss: 0.004973
2026-04-24 13:21: **********Val Epoch 1985: average Loss: 0.009488
2026-04-24 13:21: Train Epoch 1986: 0/74 Loss: 0.010546
2026-04-24 13:21: Train Epoch 1986: 20/74 Loss: 0.005020
2026-04-24 13:21: Train Epoch 1986: 40/74 Loss: 0.004687
2026-04-24 13:21: Train Epoch 1986: 60/74 Loss: 0.017115
2026-04-24 13:21: **********Train Epoch 1986: averaged Loss: 0.007731
2026-04-24 13:21: **********Val Epoch 1986: average Loss: 0.017276
2026-04-24 13:21: Train Epoch 1987: 0/74 Loss: 0.013132
2026-04-24 13:21: Train Epoch 1987: 20/74 Loss: 0.002865
2026-04-24 13:21: Train Epoch 1987: 40/74 Loss: 0.004614
2026-04-24 13:21: Train Epoch 1987: 60/74 Loss: 0.013660
2026-04-24 13:21: **********Train Epoch 1987: averaged Loss: 0.006424
2026-04-24 13:21: **********Val Epoch 1987: average Loss: 0.012418
2026-04-24 13:21: Train Epoch 1988: 0/74 Loss: 0.006415
2026-04-24 13:21: Train Epoch 1988: 20/74 Loss: 0.003327
2026-04-24 13:21: Train Epoch 1988: 40/74 Loss: 0.003404
2026-04-24 13:21: Train Epoch 1988: 60/74 Loss: 0.017332
2026-04-24 13:21: **********Train Epoch 1988: averaged Loss: 0.006951
2026-04-24 13:21: **********Val Epoch 1988: average Loss: 0.022733
2026-04-24 13:21: Train Epoch 1989: 0/74 Loss: 0.016114
2026-04-24 13:21: Train Epoch 1989: 20/74 Loss: 0.005617
2026-04-24 13:21: Train Epoch 1989: 40/74 Loss: 0.009118
2026-04-24 13:21: Train Epoch 1989: 60/74 Loss: 0.009351
2026-04-24 13:21: **********Train Epoch 1989: averaged Loss: 0.007866
2026-04-24 13:21: **********Val Epoch 1989: average Loss: 0.013163
2026-04-24 13:21: Train Epoch 1990: 0/74 Loss: 0.015436
2026-04-24 13:21: Train Epoch 1990: 20/74 Loss: 0.004003
2026-04-24 13:21: Train Epoch 1990: 40/74 Loss: 0.005719
2026-04-24 13:21: Train Epoch 1990: 60/74 Loss: 0.013582
2026-04-24 13:21: **********Train Epoch 1990: averaged Loss: 0.006059
2026-04-24 13:21: **********Val Epoch 1990: average Loss: 0.010709
2026-04-24 13:21: Train Epoch 1991: 0/74 Loss: 0.012913
2026-04-24 13:21: Train Epoch 1991: 20/74 Loss: 0.002691
2026-04-24 13:21: Train Epoch 1991: 40/74 Loss: 0.004558
2026-04-24 13:21: Train Epoch 1991: 60/74 Loss: 0.008733
2026-04-24 13:21: **********Train Epoch 1991: averaged Loss: 0.004870
2026-04-24 13:21: **********Val Epoch 1991: average Loss: 0.013769
2026-04-24 13:21: Train Epoch 1992: 0/74 Loss: 0.004614
2026-04-24 13:21: Train Epoch 1992: 20/74 Loss: 0.002219
2026-04-24 13:21: Train Epoch 1992: 40/74 Loss: 0.005870
2026-04-24 13:21: Train Epoch 1992: 60/74 Loss: 0.006247
2026-04-24 13:21: **********Train Epoch 1992: averaged Loss: 0.004792
2026-04-24 13:21: **********Val Epoch 1992: average Loss: 0.013154
2026-04-24 13:21: Train Epoch 1993: 0/74 Loss: 0.004912
2026-04-24 13:21: Train Epoch 1993: 20/74 Loss: 0.002556
2026-04-24 13:21: Train Epoch 1993: 40/74 Loss: 0.005835
2026-04-24 13:21: Train Epoch 1993: 60/74 Loss: 0.008269
2026-04-24 13:21: **********Train Epoch 1993: averaged Loss: 0.004496
2026-04-24 13:21: **********Val Epoch 1993: average Loss: 0.012862
2026-04-24 13:21: Train Epoch 1994: 0/74 Loss: 0.016768
2026-04-24 13:21: Train Epoch 1994: 20/74 Loss: 0.004662
2026-04-24 13:21: Train Epoch 1994: 40/74 Loss: 0.005515
2026-04-24 13:22: Train Epoch 1994: 60/74 Loss: 0.006254
2026-04-24 13:22: **********Train Epoch 1994: averaged Loss: 0.005562
2026-04-24 13:22: **********Val Epoch 1994: average Loss: 0.011097
2026-04-24 13:22: Train Epoch 1995: 0/74 Loss: 0.002598
2026-04-24 13:22: Train Epoch 1995: 20/74 Loss: 0.002221
2026-04-24 13:22: Train Epoch 1995: 40/74 Loss: 0.004259
2026-04-24 13:22: Train Epoch 1995: 60/74 Loss: 0.005023
2026-04-24 13:22: **********Train Epoch 1995: averaged Loss: 0.004261
2026-04-24 13:22: **********Val Epoch 1995: average Loss: 0.012181
2026-04-24 13:22: Train Epoch 1996: 0/74 Loss: 0.013734
2026-04-24 13:22: Train Epoch 1996: 20/74 Loss: 0.002387
2026-04-24 13:22: Train Epoch 1996: 40/74 Loss: 0.004391
2026-04-24 13:22: Train Epoch 1996: 60/74 Loss: 0.006668
2026-04-24 13:22: **********Train Epoch 1996: averaged Loss: 0.005396
2026-04-24 13:22: **********Val Epoch 1996: average Loss: 0.009100
2026-04-24 13:22: Train Epoch 1997: 0/74 Loss: 0.011478
2026-04-24 13:22: Train Epoch 1997: 20/74 Loss: 0.002681
2026-04-24 13:22: Train Epoch 1997: 40/74 Loss: 0.008839
2026-04-24 13:22: Train Epoch 1997: 60/74 Loss: 0.008390
2026-04-24 13:22: **********Train Epoch 1997: averaged Loss: 0.006687
2026-04-24 13:22: **********Val Epoch 1997: average Loss: 0.008964
2026-04-24 13:22: Train Epoch 1998: 0/74 Loss: 0.028800
2026-04-24 13:22: Train Epoch 1998: 20/74 Loss: 0.003286
2026-04-24 13:22: Train Epoch 1998: 40/74 Loss: 0.003283
2026-04-24 13:22: Train Epoch 1998: 60/74 Loss: 0.008738
2026-04-24 13:22: **********Train Epoch 1998: averaged Loss: 0.007268
2026-04-24 13:22: **********Val Epoch 1998: average Loss: 0.009006
2026-04-24 13:22: Train Epoch 1999: 0/74 Loss: 0.010706
2026-04-24 13:22: Train Epoch 1999: 20/74 Loss: 0.002519
2026-04-24 13:22: Train Epoch 1999: 40/74 Loss: 0.003312
2026-04-24 13:22: Train Epoch 1999: 60/74 Loss: 0.023482
2026-04-24 13:22: **********Train Epoch 1999: averaged Loss: 0.007172
2026-04-24 13:22: **********Val Epoch 1999: average Loss: 0.009125
2026-04-24 13:22: Train Epoch 2000: 0/74 Loss: 0.002426
2026-04-24 13:22: Train Epoch 2000: 20/74 Loss: 0.003056
2026-04-24 13:22: Train Epoch 2000: 40/74 Loss: 0.003689
2026-04-24 13:22: Train Epoch 2000: 60/74 Loss: 0.006756
2026-04-24 13:22: **********Train Epoch 2000: averaged Loss: 0.007029
2026-04-24 13:22: **********Val Epoch 2000: average Loss: 0.008622
2026-04-24 13:22: Train Epoch 2001: 0/74 Loss: 0.012063
2026-04-24 13:22: Train Epoch 2001: 20/74 Loss: 0.002379
2026-04-24 13:22: Train Epoch 2001: 40/74 Loss: 0.003946
2026-04-24 13:22: Train Epoch 2001: 60/74 Loss: 0.028123
2026-04-24 13:22: **********Train Epoch 2001: averaged Loss: 0.007880
2026-04-24 13:22: **********Val Epoch 2001: average Loss: 0.021243
2026-04-24 13:22: Train Epoch 2002: 0/74 Loss: 0.033208
2026-04-24 13:22: Train Epoch 2002: 20/74 Loss: 0.003162
2026-04-24 13:22: Train Epoch 2002: 40/74 Loss: 0.003085
2026-04-24 13:22: Train Epoch 2002: 60/74 Loss: 0.005721
2026-04-24 13:22: **********Train Epoch 2002: averaged Loss: 0.007601
2026-04-24 13:22: **********Val Epoch 2002: average Loss: 0.014274
2026-04-24 13:22: Train Epoch 2003: 0/74 Loss: 0.006100
2026-04-24 13:22: Train Epoch 2003: 20/74 Loss: 0.004008
2026-04-24 13:22: Train Epoch 2003: 40/74 Loss: 0.004352
2026-04-24 13:23: Train Epoch 2003: 60/74 Loss: 0.009369
2026-04-24 13:23: **********Train Epoch 2003: averaged Loss: 0.006556
2026-04-24 13:23: **********Val Epoch 2003: average Loss: 0.009395
2026-04-24 13:23: Train Epoch 2004: 0/74 Loss: 0.025585
2026-04-24 13:23: Train Epoch 2004: 20/74 Loss: 0.003983
2026-04-24 13:23: Train Epoch 2004: 40/74 Loss: 0.004624
2026-04-24 13:23: Train Epoch 2004: 60/74 Loss: 0.013940
2026-04-24 13:23: **********Train Epoch 2004: averaged Loss: 0.006222
2026-04-24 13:23: **********Val Epoch 2004: average Loss: 0.012648
2026-04-24 13:23: Train Epoch 2005: 0/74 Loss: 0.005214
2026-04-24 13:23: Train Epoch 2005: 20/74 Loss: 0.002796
2026-04-24 13:23: Train Epoch 2005: 40/74 Loss: 0.002970
2026-04-24 13:23: Train Epoch 2005: 60/74 Loss: 0.005310
2026-04-24 13:23: **********Train Epoch 2005: averaged Loss: 0.006040
2026-04-24 13:23: **********Val Epoch 2005: average Loss: 0.017265
2026-04-24 13:23: Train Epoch 2006: 0/74 Loss: 0.017696
2026-04-24 13:23: Train Epoch 2006: 20/74 Loss: 0.012840
2026-04-24 13:23: Train Epoch 2006: 40/74 Loss: 0.009146
2026-04-24 13:23: Train Epoch 2006: 60/74 Loss: 0.004294
2026-04-24 13:23: **********Train Epoch 2006: averaged Loss: 0.010540
2026-04-24 13:23: **********Val Epoch 2006: average Loss: 0.014411
2026-04-24 13:23: Train Epoch 2007: 0/74 Loss: 0.010529
2026-04-24 13:23: Train Epoch 2007: 20/74 Loss: 0.007621
2026-04-24 13:23: Train Epoch 2007: 40/74 Loss: 0.006841
2026-04-24 13:23: Train Epoch 2007: 60/74 Loss: 0.005403
2026-04-24 13:23: **********Train Epoch 2007: averaged Loss: 0.008186
2026-04-24 13:23: **********Val Epoch 2007: average Loss: 0.006390
2026-04-24 13:23: Train Epoch 2008: 0/74 Loss: 0.035834
2026-04-24 13:23: Train Epoch 2008: 20/74 Loss: 0.002666
2026-04-24 13:23: Train Epoch 2008: 40/74 Loss: 0.005917
2026-04-24 13:23: Train Epoch 2008: 60/74 Loss: 0.006631
2026-04-24 13:23: **********Train Epoch 2008: averaged Loss: 0.010526
2026-04-24 13:23: **********Val Epoch 2008: average Loss: 0.004666
2026-04-24 13:23: Train Epoch 2009: 0/74 Loss: 0.010279
2026-04-24 13:23: Train Epoch 2009: 20/74 Loss: 0.004516
2026-04-24 13:23: Train Epoch 2009: 40/74 Loss: 0.004562
2026-04-24 13:23: Train Epoch 2009: 60/74 Loss: 0.005214
2026-04-24 13:23: **********Train Epoch 2009: averaged Loss: 0.006327
2026-04-24 13:23: **********Val Epoch 2009: average Loss: 0.005269
2026-04-24 13:23: Train Epoch 2010: 0/74 Loss: 0.027066
2026-04-24 13:23: Train Epoch 2010: 20/74 Loss: 0.007783
2026-04-24 13:23: Train Epoch 2010: 40/74 Loss: 0.003373
2026-04-24 13:23: Train Epoch 2010: 60/74 Loss: 0.010096
2026-04-24 13:23: **********Train Epoch 2010: averaged Loss: 0.007555
2026-04-24 13:23: **********Val Epoch 2010: average Loss: 0.007452
2026-04-24 13:23: Train Epoch 2011: 0/74 Loss: 0.015547
2026-04-24 13:23: Train Epoch 2011: 20/74 Loss: 0.003784
2026-04-24 13:23: Train Epoch 2011: 40/74 Loss: 0.004167
2026-04-24 13:23: Train Epoch 2011: 60/74 Loss: 0.008534
2026-04-24 13:23: **********Train Epoch 2011: averaged Loss: 0.006160
2026-04-24 13:23: **********Val Epoch 2011: average Loss: 0.006452
2026-04-24 13:23: Train Epoch 2012: 0/74 Loss: 0.008458
2026-04-24 13:23: Train Epoch 2012: 20/74 Loss: 0.002322
2026-04-24 13:23: Train Epoch 2012: 40/74 Loss: 0.003413
2026-04-24 13:23: Train Epoch 2012: 60/74 Loss: 0.010537
2026-04-24 13:24: **********Train Epoch 2012: averaged Loss: 0.004845
2026-04-24 13:24: **********Val Epoch 2012: average Loss: 0.007345
2026-04-24 13:24: Train Epoch 2013: 0/74 Loss: 0.003116
2026-04-24 13:24: Train Epoch 2013: 20/74 Loss: 0.002093
2026-04-24 13:24: Train Epoch 2013: 40/74 Loss: 0.003166
2026-04-24 13:24: Train Epoch 2013: 60/74 Loss: 0.013356
2026-04-24 13:24: **********Train Epoch 2013: averaged Loss: 0.005624
2026-04-24 13:24: **********Val Epoch 2013: average Loss: 0.015796
2026-04-24 13:24: Train Epoch 2014: 0/74 Loss: 0.004193
2026-04-24 13:24: Train Epoch 2014: 20/74 Loss: 0.002206
2026-04-24 13:24: Train Epoch 2014: 40/74 Loss: 0.003083
2026-04-24 13:24: Train Epoch 2014: 60/74 Loss: 0.010934
2026-04-24 13:24: **********Train Epoch 2014: averaged Loss: 0.005203
2026-04-24 13:24: **********Val Epoch 2014: average Loss: 0.020823
2026-04-24 13:24: Train Epoch 2015: 0/74 Loss: 0.004147
2026-04-24 13:24: Train Epoch 2015: 20/74 Loss: 0.002736
2026-04-24 13:24: Train Epoch 2015: 40/74 Loss: 0.004328
2026-04-24 13:24: Train Epoch 2015: 60/74 Loss: 0.007277
2026-04-24 13:24: **********Train Epoch 2015: averaged Loss: 0.005526
2026-04-24 13:24: **********Val Epoch 2015: average Loss: 0.007812
2026-04-24 13:24: Train Epoch 2016: 0/74 Loss: 0.010148
2026-04-24 13:24: Train Epoch 2016: 20/74 Loss: 0.002719
2026-04-24 13:24: Train Epoch 2016: 40/74 Loss: 0.005926
2026-04-24 13:24: Train Epoch 2016: 60/74 Loss: 0.015545
2026-04-24 13:24: **********Train Epoch 2016: averaged Loss: 0.006138
2026-04-24 13:24: **********Val Epoch 2016: average Loss: 0.005745
2026-04-24 13:24: Train Epoch 2017: 0/74 Loss: 0.005824
2026-04-24 13:24: Train Epoch 2017: 20/74 Loss: 0.002131
2026-04-24 13:24: Train Epoch 2017: 40/74 Loss: 0.004146
2026-04-24 13:24: Train Epoch 2017: 60/74 Loss: 0.005406
2026-04-24 13:24: **********Train Epoch 2017: averaged Loss: 0.005521
2026-04-24 13:24: **********Val Epoch 2017: average Loss: 0.006933
2026-04-24 13:24: Train Epoch 2018: 0/74 Loss: 0.021680
2026-04-24 13:24: Train Epoch 2018: 20/74 Loss: 0.005599
2026-04-24 13:24: Train Epoch 2018: 40/74 Loss: 0.004125
2026-04-24 13:24: Train Epoch 2018: 60/74 Loss: 0.008349
2026-04-24 13:24: **********Train Epoch 2018: averaged Loss: 0.006799
2026-04-24 13:24: **********Val Epoch 2018: average Loss: 0.006862
2026-04-24 13:24: Train Epoch 2019: 0/74 Loss: 0.010570
2026-04-24 13:24: Train Epoch 2019: 20/74 Loss: 0.002131
2026-04-24 13:24: Train Epoch 2019: 40/74 Loss: 0.005349
2026-04-24 13:24: Train Epoch 2019: 60/74 Loss: 0.008891
2026-04-24 13:24: **********Train Epoch 2019: averaged Loss: 0.006312
2026-04-24 13:24: **********Val Epoch 2019: average Loss: 0.019582
2026-04-24 13:24: Train Epoch 2020: 0/74 Loss: 0.002986
2026-04-24 13:24: Train Epoch 2020: 20/74 Loss: 0.002169
2026-04-24 13:24: Train Epoch 2020: 40/74 Loss: 0.003220
2026-04-24 13:24: Train Epoch 2020: 60/74 Loss: 0.007737
2026-04-24 13:24: **********Train Epoch 2020: averaged Loss: 0.004564
2026-04-24 13:24: **********Val Epoch 2020: average Loss: 0.022140
2026-04-24 13:24: Train Epoch 2021: 0/74 Loss: 0.002428
2026-04-24 13:24: Train Epoch 2021: 20/74 Loss: 0.002494
2026-04-24 13:24: Train Epoch 2021: 40/74 Loss: 0.002902
2026-04-24 13:24: Train Epoch 2021: 60/74 Loss: 0.009439
2026-04-24 13:24: **********Train Epoch 2021: averaged Loss: 0.005401
2026-04-24 13:24: **********Val Epoch 2021: average Loss: 0.016745
2026-04-24 13:24: Train Epoch 2022: 0/74 Loss: 0.005480
2026-04-24 13:25: Train Epoch 2022: 20/74 Loss: 0.002285
2026-04-24 13:25: Train Epoch 2022: 40/74 Loss: 0.005727
2026-04-24 13:25: Train Epoch 2022: 60/74 Loss: 0.015002
2026-04-24 13:25: **********Train Epoch 2022: averaged Loss: 0.008882
2026-04-24 13:25: **********Val Epoch 2022: average Loss: 0.006577
2026-04-24 13:25: Train Epoch 2023: 0/74 Loss: 0.040042
2026-04-24 13:25: Train Epoch 2023: 20/74 Loss: 0.004568
2026-04-24 13:25: Train Epoch 2023: 40/74 Loss: 0.004905
2026-04-24 13:25: Train Epoch 2023: 60/74 Loss: 0.013581
2026-04-24 13:25: **********Train Epoch 2023: averaged Loss: 0.012585
2026-04-24 13:25: **********Val Epoch 2023: average Loss: 0.006666
2026-04-24 13:25: Train Epoch 2024: 0/74 Loss: 0.020664
2026-04-24 13:25: Train Epoch 2024: 20/74 Loss: 0.003360
2026-04-24 13:25: Train Epoch 2024: 40/74 Loss: 0.004279
2026-04-24 13:25: Train Epoch 2024: 60/74 Loss: 0.014450
2026-04-24 13:25: **********Train Epoch 2024: averaged Loss: 0.008976
2026-04-24 13:25: **********Val Epoch 2024: average Loss: 0.007659
2026-04-24 13:25: Train Epoch 2025: 0/74 Loss: 0.023406
2026-04-24 13:25: Train Epoch 2025: 20/74 Loss: 0.008987
2026-04-24 13:25: Train Epoch 2025: 40/74 Loss: 0.003747
2026-04-24 13:25: Train Epoch 2025: 60/74 Loss: 0.013759
2026-04-24 13:25: **********Train Epoch 2025: averaged Loss: 0.008778
2026-04-24 13:25: **********Val Epoch 2025: average Loss: 0.006795
2026-04-24 13:25: Train Epoch 2026: 0/74 Loss: 0.020779
2026-04-24 13:25: Train Epoch 2026: 20/74 Loss: 0.007274
2026-04-24 13:25: Train Epoch 2026: 40/74 Loss: 0.003415
2026-04-24 13:25: Train Epoch 2026: 60/74 Loss: 0.012121
2026-04-24 13:25: **********Train Epoch 2026: averaged Loss: 0.008332
2026-04-24 13:25: **********Val Epoch 2026: average Loss: 0.006355
2026-04-24 13:25: Train Epoch 2027: 0/74 Loss: 0.015072
2026-04-24 13:25: Train Epoch 2027: 20/74 Loss: 0.002284
2026-04-24 13:25: Train Epoch 2027: 40/74 Loss: 0.004254
2026-04-24 13:25: Train Epoch 2027: 60/74 Loss: 0.010848
2026-04-24 13:25: **********Train Epoch 2027: averaged Loss: 0.006479
2026-04-24 13:25: **********Val Epoch 2027: average Loss: 0.007119
2026-04-24 13:25: Train Epoch 2028: 0/74 Loss: 0.012299
2026-04-24 13:25: Train Epoch 2028: 20/74 Loss: 0.002279
2026-04-24 13:25: Train Epoch 2028: 40/74 Loss: 0.003903
2026-04-24 13:25: Train Epoch 2028: 60/74 Loss: 0.008352
2026-04-24 13:25: **********Train Epoch 2028: averaged Loss: 0.005903
2026-04-24 13:25: **********Val Epoch 2028: average Loss: 0.007915
2026-04-24 13:25: Train Epoch 2029: 0/74 Loss: 0.006904
2026-04-24 13:25: Train Epoch 2029: 20/74 Loss: 0.002343
2026-04-24 13:25: Train Epoch 2029: 40/74 Loss: 0.003039
2026-04-24 13:25: Train Epoch 2029: 60/74 Loss: 0.008438
2026-04-24 13:25: **********Train Epoch 2029: averaged Loss: 0.005721
2026-04-24 13:25: **********Val Epoch 2029: average Loss: 0.007399
2026-04-24 13:25: Train Epoch 2030: 0/74 Loss: 0.002567
2026-04-24 13:25: Train Epoch 2030: 20/74 Loss: 0.002485
2026-04-24 13:25: Train Epoch 2030: 40/74 Loss: 0.004800
2026-04-24 13:25: Train Epoch 2030: 60/74 Loss: 0.010728
2026-04-24 13:25: **********Train Epoch 2030: averaged Loss: 0.006192
2026-04-24 13:25: **********Val Epoch 2030: average Loss: 0.009224
2026-04-24 13:25: Train Epoch 2031: 0/74 Loss: 0.004865
2026-04-24 13:25: Train Epoch 2031: 20/74 Loss: 0.002365
2026-04-24 13:26: Train Epoch 2031: 40/74 Loss: 0.007338
2026-04-24 13:26: Train Epoch 2031: 60/74 Loss: 0.022664
2026-04-24 13:26: **********Train Epoch 2031: averaged Loss: 0.008684
2026-04-24 13:26: **********Val Epoch 2031: average Loss: 0.024936
2026-04-24 13:26: Train Epoch 2032: 0/74 Loss: 0.006964
2026-04-24 13:26: Train Epoch 2032: 20/74 Loss: 0.002740
2026-04-24 13:26: Train Epoch 2032: 40/74 Loss: 0.015854
2026-04-24 13:26: Train Epoch 2032: 60/74 Loss: 0.007574
2026-04-24 13:26: **********Train Epoch 2032: averaged Loss: 0.007528
2026-04-24 13:26: **********Val Epoch 2032: average Loss: 0.007509
2026-04-24 13:26: Train Epoch 2033: 0/74 Loss: 0.035783
2026-04-24 13:26: Train Epoch 2033: 20/74 Loss: 0.008162
2026-04-24 13:26: Train Epoch 2033: 40/74 Loss: 0.004639
2026-04-24 13:26: Train Epoch 2033: 60/74 Loss: 0.012065
2026-04-24 13:26: **********Train Epoch 2033: averaged Loss: 0.008651
2026-04-24 13:26: **********Val Epoch 2033: average Loss: 0.007807
2026-04-24 13:26: Train Epoch 2034: 0/74 Loss: 0.010281
2026-04-24 13:26: Train Epoch 2034: 20/74 Loss: 0.002169
2026-04-24 13:26: Train Epoch 2034: 40/74 Loss: 0.004315
2026-04-24 13:26: Train Epoch 2034: 60/74 Loss: 0.012448
2026-04-24 13:26: **********Train Epoch 2034: averaged Loss: 0.005883
2026-04-24 13:26: **********Val Epoch 2034: average Loss: 0.008053
2026-04-24 13:26: Train Epoch 2035: 0/74 Loss: 0.008783
2026-04-24 13:26: Train Epoch 2035: 20/74 Loss: 0.002279
2026-04-24 13:26: Train Epoch 2035: 40/74 Loss: 0.003943
2026-04-24 13:26: Train Epoch 2035: 60/74 Loss: 0.015687
2026-04-24 13:26: **********Train Epoch 2035: averaged Loss: 0.006261
2026-04-24 13:26: **********Val Epoch 2035: average Loss: 0.010078
2026-04-24 13:26: Train Epoch 2036: 0/74 Loss: 0.012473
2026-04-24 13:26: Train Epoch 2036: 20/74 Loss: 0.004231
2026-04-24 13:26: Train Epoch 2036: 40/74 Loss: 0.003894
2026-04-24 13:26: Train Epoch 2036: 60/74 Loss: 0.011234
2026-04-24 13:26: **********Train Epoch 2036: averaged Loss: 0.005755
2026-04-24 13:26: **********Val Epoch 2036: average Loss: 0.009667
2026-04-24 13:26: Train Epoch 2037: 0/74 Loss: 0.002463
2026-04-24 13:26: Train Epoch 2037: 20/74 Loss: 0.002241
2026-04-24 13:26: Train Epoch 2037: 40/74 Loss: 0.007421
2026-04-24 13:26: Train Epoch 2037: 60/74 Loss: 0.012690
2026-04-24 13:26: **********Train Epoch 2037: averaged Loss: 0.006216
2026-04-24 13:26: **********Val Epoch 2037: average Loss: 0.011173
2026-04-24 13:26: Train Epoch 2038: 0/74 Loss: 0.009419
2026-04-24 13:26: Train Epoch 2038: 20/74 Loss: 0.002434
2026-04-24 13:26: Train Epoch 2038: 40/74 Loss: 0.006216
2026-04-24 13:26: Train Epoch 2038: 60/74 Loss: 0.014742
2026-04-24 13:26: **********Train Epoch 2038: averaged Loss: 0.006034
2026-04-24 13:26: **********Val Epoch 2038: average Loss: 0.012880
2026-04-24 13:26: Train Epoch 2039: 0/74 Loss: 0.020112
2026-04-24 13:26: Train Epoch 2039: 20/74 Loss: 0.003463
2026-04-24 13:26: Train Epoch 2039: 40/74 Loss: 0.008673
2026-04-24 13:26: Train Epoch 2039: 60/74 Loss: 0.018719
2026-04-24 13:26: **********Train Epoch 2039: averaged Loss: 0.008059
2026-04-24 13:26: **********Val Epoch 2039: average Loss: 0.021019
2026-04-24 13:26: Train Epoch 2040: 0/74 Loss: 0.003275
2026-04-24 13:26: Train Epoch 2040: 20/74 Loss: 0.003029
2026-04-24 13:27: Train Epoch 2040: 40/74 Loss: 0.003814
2026-04-24 13:27: Train Epoch 2040: 60/74 Loss: 0.007806
2026-04-24 13:27: **********Train Epoch 2040: averaged Loss: 0.005051
2026-04-24 13:27: **********Val Epoch 2040: average Loss: 0.014651
2026-04-24 13:27: Train Epoch 2041: 0/74 Loss: 0.002949
2026-04-24 13:27: Train Epoch 2041: 20/74 Loss: 0.002516
2026-04-24 13:27: Train Epoch 2041: 40/74 Loss: 0.007837
2026-04-24 13:27: Train Epoch 2041: 60/74 Loss: 0.005941
2026-04-24 13:27: **********Train Epoch 2041: averaged Loss: 0.005929
2026-04-24 13:27: **********Val Epoch 2041: average Loss: 0.011157
2026-04-24 13:27: Train Epoch 2042: 0/74 Loss: 0.017322
2026-04-24 13:27: Train Epoch 2042: 20/74 Loss: 0.005010
2026-04-24 13:27: Train Epoch 2042: 40/74 Loss: 0.006257
2026-04-24 13:27: Train Epoch 2042: 60/74 Loss: 0.005542
2026-04-24 13:27: **********Train Epoch 2042: averaged Loss: 0.005785
2026-04-24 13:27: **********Val Epoch 2042: average Loss: 0.011019
2026-04-24 13:27: Train Epoch 2043: 0/74 Loss: 0.025206
2026-04-24 13:27: Train Epoch 2043: 20/74 Loss: 0.002649
2026-04-24 13:27: Train Epoch 2043: 40/74 Loss: 0.004195
2026-04-24 13:27: Train Epoch 2043: 60/74 Loss: 0.006092
2026-04-24 13:27: **********Train Epoch 2043: averaged Loss: 0.005918
2026-04-24 13:27: **********Val Epoch 2043: average Loss: 0.008254
2026-04-24 13:27: Train Epoch 2044: 0/74 Loss: 0.014916
2026-04-24 13:27: Train Epoch 2044: 20/74 Loss: 0.004105
2026-04-24 13:27: Train Epoch 2044: 40/74 Loss: 0.006577
2026-04-24 13:27: Train Epoch 2044: 60/74 Loss: 0.004771
2026-04-24 13:27: **********Train Epoch 2044: averaged Loss: 0.006759
2026-04-24 13:27: **********Val Epoch 2044: average Loss: 0.008963
2026-04-24 13:27: Train Epoch 2045: 0/74 Loss: 0.026562
2026-04-24 13:27: Train Epoch 2045: 20/74 Loss: 0.003154
2026-04-24 13:27: Train Epoch 2045: 40/74 Loss: 0.003380
2026-04-24 13:27: Train Epoch 2045: 60/74 Loss: 0.006780
2026-04-24 13:27: **********Train Epoch 2045: averaged Loss: 0.006476
2026-04-24 13:27: **********Val Epoch 2045: average Loss: 0.008574
2026-04-24 13:27: Train Epoch 2046: 0/74 Loss: 0.012460
2026-04-24 13:27: Train Epoch 2046: 20/74 Loss: 0.002245
2026-04-24 13:27: Train Epoch 2046: 40/74 Loss: 0.004792
2026-04-24 13:27: Train Epoch 2046: 60/74 Loss: 0.014599
2026-04-24 13:27: **********Train Epoch 2046: averaged Loss: 0.008812
2026-04-24 13:27: **********Val Epoch 2046: average Loss: 0.025613
2026-04-24 13:27: Train Epoch 2047: 0/74 Loss: 0.016488
2026-04-24 13:27: Train Epoch 2047: 20/74 Loss: 0.002538
2026-04-24 13:27: Train Epoch 2047: 40/74 Loss: 0.004072
2026-04-24 13:27: Train Epoch 2047: 60/74 Loss: 0.008417
2026-04-24 13:27: **********Train Epoch 2047: averaged Loss: 0.005754
2026-04-24 13:27: **********Val Epoch 2047: average Loss: 0.010698
2026-04-24 13:27: Train Epoch 2048: 0/74 Loss: 0.015986
2026-04-24 13:27: Train Epoch 2048: 20/74 Loss: 0.002792
2026-04-24 13:27: Train Epoch 2048: 40/74 Loss: 0.004340
2026-04-24 13:27: Train Epoch 2048: 60/74 Loss: 0.006349
2026-04-24 13:27: **********Train Epoch 2048: averaged Loss: 0.005274
2026-04-24 13:27: **********Val Epoch 2048: average Loss: 0.011402
2026-04-24 13:27: Train Epoch 2049: 0/74 Loss: 0.006200
2026-04-24 13:27: Train Epoch 2049: 20/74 Loss: 0.005309
2026-04-24 13:27: Train Epoch 2049: 40/74 Loss: 0.004723
2026-04-24 13:28: Train Epoch 2049: 60/74 Loss: 0.012226
2026-04-24 13:28: **********Train Epoch 2049: averaged Loss: 0.007954
2026-04-24 13:28: **********Val Epoch 2049: average Loss: 0.025029
2026-04-24 13:28: Train Epoch 2050: 0/74 Loss: 0.018956
2026-04-24 13:28: Train Epoch 2050: 20/74 Loss: 0.003645
2026-04-24 13:28: Train Epoch 2050: 40/74 Loss: 0.004174
2026-04-24 13:28: Train Epoch 2050: 60/74 Loss: 0.004991
2026-04-24 13:28: **********Train Epoch 2050: averaged Loss: 0.005101
2026-04-24 13:28: **********Val Epoch 2050: average Loss: 0.008587
2026-04-24 13:28: Train Epoch 2051: 0/74 Loss: 0.012723
2026-04-24 13:28: Train Epoch 2051: 20/74 Loss: 0.002889
2026-04-24 13:28: Train Epoch 2051: 40/74 Loss: 0.003287
2026-04-24 13:28: Train Epoch 2051: 60/74 Loss: 0.006604
2026-04-24 13:28: **********Train Epoch 2051: averaged Loss: 0.005831
2026-04-24 13:28: **********Val Epoch 2051: average Loss: 0.006755
2026-04-24 13:28: Train Epoch 2052: 0/74 Loss: 0.002245
2026-04-24 13:28: Train Epoch 2052: 20/74 Loss: 0.002236
2026-04-24 13:28: Train Epoch 2052: 40/74 Loss: 0.006631
2026-04-24 13:28: Train Epoch 2052: 60/74 Loss: 0.006924
2026-04-24 13:28: **********Train Epoch 2052: averaged Loss: 0.006470
2026-04-24 13:28: **********Val Epoch 2052: average Loss: 0.007810
2026-04-24 13:28: Train Epoch 2053: 0/74 Loss: 0.035801
2026-04-24 13:28: Train Epoch 2053: 20/74 Loss: 0.007857
2026-04-24 13:28: Train Epoch 2053: 40/74 Loss: 0.003340
2026-04-24 13:28: Train Epoch 2053: 60/74 Loss: 0.011610
2026-04-24 13:28: **********Train Epoch 2053: averaged Loss: 0.009145
2026-04-24 13:28: **********Val Epoch 2053: average Loss: 0.008099
2026-04-24 13:28: Train Epoch 2054: 0/74 Loss: 0.027408
2026-04-24 13:28: Train Epoch 2054: 20/74 Loss: 0.009168
2026-04-24 13:28: Train Epoch 2054: 40/74 Loss: 0.003504
2026-04-24 13:28: Train Epoch 2054: 60/74 Loss: 0.011682
2026-04-24 13:28: **********Train Epoch 2054: averaged Loss: 0.008762
2026-04-24 13:28: **********Val Epoch 2054: average Loss: 0.005401
2026-04-24 13:28: Train Epoch 2055: 0/74 Loss: 0.014761
2026-04-24 13:28: Train Epoch 2055: 20/74 Loss: 0.002784
2026-04-24 13:28: Train Epoch 2055: 40/74 Loss: 0.007674
2026-04-24 13:28: Train Epoch 2055: 60/74 Loss: 0.014307
2026-04-24 13:28: **********Train Epoch 2055: averaged Loss: 0.008117
2026-04-24 13:28: **********Val Epoch 2055: average Loss: 0.007855
2026-04-24 13:28: Train Epoch 2056: 0/74 Loss: 0.038392
2026-04-24 13:28: Train Epoch 2056: 20/74 Loss: 0.007801
2026-04-24 13:28: Train Epoch 2056: 40/74 Loss: 0.003679
2026-04-24 13:28: Train Epoch 2056: 60/74 Loss: 0.011356
2026-04-24 13:28: **********Train Epoch 2056: averaged Loss: 0.008903
2026-04-24 13:28: **********Val Epoch 2056: average Loss: 0.005531
2026-04-24 13:28: Train Epoch 2057: 0/74 Loss: 0.012763
2026-04-24 13:28: Train Epoch 2057: 20/74 Loss: 0.002485
2026-04-24 13:28: Train Epoch 2057: 40/74 Loss: 0.005839
2026-04-24 13:28: Train Epoch 2057: 60/74 Loss: 0.009663
2026-04-24 13:28: **********Train Epoch 2057: averaged Loss: 0.005659
2026-04-24 13:28: **********Val Epoch 2057: average Loss: 0.005544
2026-04-24 13:28: Train Epoch 2058: 0/74 Loss: 0.009875
2026-04-24 13:28: Train Epoch 2058: 20/74 Loss: 0.002691
2026-04-24 13:28: Train Epoch 2058: 40/74 Loss: 0.004840
2026-04-24 13:28: Train Epoch 2058: 60/74 Loss: 0.009106
2026-04-24 13:29: **********Train Epoch 2058: averaged Loss: 0.005153
2026-04-24 13:29: **********Val Epoch 2058: average Loss: 0.006883
2026-04-24 13:29: Train Epoch 2059: 0/74 Loss: 0.003485
2026-04-24 13:29: Train Epoch 2059: 20/74 Loss: 0.002445
2026-04-24 13:29: Train Epoch 2059: 40/74 Loss: 0.004179
2026-04-24 13:29: Train Epoch 2059: 60/74 Loss: 0.009646
2026-04-24 13:29: **********Train Epoch 2059: averaged Loss: 0.004642
2026-04-24 13:29: **********Val Epoch 2059: average Loss: 0.006072
2026-04-24 13:29: Train Epoch 2060: 0/74 Loss: 0.003000
2026-04-24 13:29: Train Epoch 2060: 20/74 Loss: 0.002494
2026-04-24 13:29: Train Epoch 2060: 40/74 Loss: 0.004406
2026-04-24 13:29: Train Epoch 2060: 60/74 Loss: 0.009230
2026-04-24 13:29: **********Train Epoch 2060: averaged Loss: 0.004565
2026-04-24 13:29: **********Val Epoch 2060: average Loss: 0.007051
2026-04-24 13:29: Train Epoch 2061: 0/74 Loss: 0.004982
2026-04-24 13:29: Train Epoch 2061: 20/74 Loss: 0.002396
2026-04-24 13:29: Train Epoch 2061: 40/74 Loss: 0.003170
2026-04-24 13:29: Train Epoch 2061: 60/74 Loss: 0.007937
2026-04-24 13:29: **********Train Epoch 2061: averaged Loss: 0.004610
2026-04-24 13:29: **********Val Epoch 2061: average Loss: 0.005915
2026-04-24 13:29: Train Epoch 2062: 0/74 Loss: 0.011849
2026-04-24 13:29: Train Epoch 2062: 20/74 Loss: 0.003181
2026-04-24 13:29: Train Epoch 2062: 40/74 Loss: 0.004833
2026-04-24 13:29: Train Epoch 2062: 60/74 Loss: 0.005462
2026-04-24 13:29: **********Train Epoch 2062: averaged Loss: 0.005627
2026-04-24 13:29: **********Val Epoch 2062: average Loss: 0.004928
2026-04-24 13:29: Train Epoch 2063: 0/74 Loss: 0.013086
2026-04-24 13:29: Train Epoch 2063: 20/74 Loss: 0.003487
2026-04-24 13:29: Train Epoch 2063: 40/74 Loss: 0.003950
2026-04-24 13:29: Train Epoch 2063: 60/74 Loss: 0.008992
2026-04-24 13:29: **********Train Epoch 2063: averaged Loss: 0.004895
2026-04-24 13:29: **********Val Epoch 2063: average Loss: 0.005291
2026-04-24 13:29: Train Epoch 2064: 0/74 Loss: 0.015856
2026-04-24 13:29: Train Epoch 2064: 20/74 Loss: 0.002893
2026-04-24 13:29: Train Epoch 2064: 40/74 Loss: 0.004033
2026-04-24 13:29: Train Epoch 2064: 60/74 Loss: 0.009642
2026-04-24 13:29: **********Train Epoch 2064: averaged Loss: 0.005708
2026-04-24 13:29: **********Val Epoch 2064: average Loss: 0.008105
2026-04-24 13:29: Train Epoch 2065: 0/74 Loss: 0.008736
2026-04-24 13:29: Train Epoch 2065: 20/74 Loss: 0.002122
2026-04-24 13:29: Train Epoch 2065: 40/74 Loss: 0.005252
2026-04-24 13:29: Train Epoch 2065: 60/74 Loss: 0.014225
2026-04-24 13:29: **********Train Epoch 2065: averaged Loss: 0.005998
2026-04-24 13:29: **********Val Epoch 2065: average Loss: 0.009146
2026-04-24 13:29: Train Epoch 2066: 0/74 Loss: 0.013121
2026-04-24 13:29: Train Epoch 2066: 20/74 Loss: 0.002512
2026-04-24 13:29: Train Epoch 2066: 40/74 Loss: 0.004024
2026-04-24 13:29: Train Epoch 2066: 60/74 Loss: 0.020009
2026-04-24 13:29: **********Train Epoch 2066: averaged Loss: 0.007680
2026-04-24 13:29: **********Val Epoch 2066: average Loss: 0.017233
2026-04-24 13:29: Train Epoch 2067: 0/74 Loss: 0.022471
2026-04-24 13:29: Train Epoch 2067: 20/74 Loss: 0.002333
2026-04-24 13:29: Train Epoch 2067: 40/74 Loss: 0.006049
2026-04-24 13:29: Train Epoch 2067: 60/74 Loss: 0.009615
2026-04-24 13:29: **********Train Epoch 2067: averaged Loss: 0.006197
2026-04-24 13:29: **********Val Epoch 2067: average Loss: 0.006741
2026-04-24 13:29: Train Epoch 2068: 0/74 Loss: 0.011141
2026-04-24 13:30: Train Epoch 2068: 20/74 Loss: 0.004982
2026-04-24 13:30: Train Epoch 2068: 40/74 Loss: 0.003611
2026-04-24 13:30: Train Epoch 2068: 60/74 Loss: 0.006431
2026-04-24 13:30: **********Train Epoch 2068: averaged Loss: 0.005103
2026-04-24 13:30: **********Val Epoch 2068: average Loss: 0.006579
2026-04-24 13:30: Validation performance didn't improve for 500 epochs. Training stops.
2026-04-24 13:30: Total training time: 233.0728min, best loss: 0.003890
2026-04-24 13:30: Saving current best model to ./saved_models/NYSE/best_model.pth
2026-04-24 13:30: Saving timestamped model backup to ./saved_models/NYSE/best_model_20260424_133006.pth
2026-04-24 13:30: Average Horizon, MAE: 0.0085, MSE: 0.0098
2026-04-24 13:30: Average Horizon, MAE: 0.0089, MSE: 0.0102
