2026-05-11 16:48: Experiment log path in: ./saved_models/000300SH/
2026-05-11 16:48: Train Epoch 1: 0/85 Loss: 0.141008
2026-05-11 16:48: Train Epoch 1: 20/85 Loss: 0.007248
2026-05-11 16:48: Train Epoch 1: 40/85 Loss: 0.110385
2026-05-11 16:48: Train Epoch 1: 60/85 Loss: 0.003605
2026-05-11 16:48: Train Epoch 1: 80/85 Loss: 0.003806
2026-05-11 16:48: **********Train Epoch 1: averaged Loss: 0.017359
2026-05-11 16:48: **********Val Epoch 1: average Loss: 0.004750
2026-05-11 16:48: *********************************Current best model saved!
2026-05-11 16:48: Train Epoch 2: 0/85 Loss: 0.004328
2026-05-11 16:48: Train Epoch 2: 20/85 Loss: 0.002139
2026-05-11 16:48: Train Epoch 2: 40/85 Loss: 0.032851
2026-05-11 16:48: Train Epoch 2: 60/85 Loss: 0.003503
2026-05-11 16:48: Train Epoch 2: 80/85 Loss: 0.004123
2026-05-11 16:48: **********Train Epoch 2: averaged Loss: 0.006073
2026-05-11 16:48: **********Val Epoch 2: average Loss: 0.002322
2026-05-11 16:48: *********************************Current best model saved!
2026-05-11 16:48: Train Epoch 3: 0/85 Loss: 0.002495
2026-05-11 16:48: Train Epoch 3: 20/85 Loss: 0.003530
2026-05-11 16:48: Train Epoch 3: 40/85 Loss: 0.032606
2026-05-11 16:48: Train Epoch 3: 60/85 Loss: 0.006748
2026-05-11 16:48: Train Epoch 3: 80/85 Loss: 0.005826
2026-05-11 16:48: **********Train Epoch 3: averaged Loss: 0.005462
2026-05-11 16:48: **********Val Epoch 3: average Loss: 0.002655
2026-05-11 16:48: Train Epoch 4: 0/85 Loss: 0.002885
2026-05-11 16:48: Train Epoch 4: 20/85 Loss: 0.002077
2026-05-11 16:48: Train Epoch 4: 40/85 Loss: 0.027012
2026-05-11 16:48: Train Epoch 4: 60/85 Loss: 0.003682
2026-05-11 16:48: Train Epoch 4: 80/85 Loss: 0.003227
2026-05-11 16:48: **********Train Epoch 4: averaged Loss: 0.004963
2026-05-11 16:48: **********Val Epoch 4: average Loss: 0.002059
2026-05-11 16:48: *********************************Current best model saved!
2026-05-11 16:48: Train Epoch 5: 0/85 Loss: 0.002491
2026-05-11 16:48: Train Epoch 5: 20/85 Loss: 0.004855
2026-05-11 16:48: Train Epoch 5: 40/85 Loss: 0.034543
2026-05-11 16:48: Train Epoch 5: 60/85 Loss: 0.006861
2026-05-11 16:48: Train Epoch 5: 80/85 Loss: 0.002701
2026-05-11 16:48: **********Train Epoch 5: averaged Loss: 0.005232
2026-05-11 16:48: **********Val Epoch 5: average Loss: 0.002134
2026-05-11 16:48: Train Epoch 6: 0/85 Loss: 0.002824
2026-05-11 16:48: Train Epoch 6: 20/85 Loss: 0.001729
2026-05-11 16:48: Train Epoch 6: 40/85 Loss: 0.030362
2026-05-11 16:48: Train Epoch 6: 60/85 Loss: 0.005731
2026-05-11 16:48: Train Epoch 6: 80/85 Loss: 0.002579
2026-05-11 16:48: **********Train Epoch 6: averaged Loss: 0.005751
2026-05-11 16:48: **********Val Epoch 6: average Loss: 0.002846
2026-05-11 16:48: Train Epoch 7: 0/85 Loss: 0.002907
2026-05-11 16:48: Train Epoch 7: 20/85 Loss: 0.002051
2026-05-11 16:48: Train Epoch 7: 40/85 Loss: 0.028987
2026-05-11 16:48: Train Epoch 7: 60/85 Loss: 0.003892
2026-05-11 16:48: Train Epoch 7: 80/85 Loss: 0.002886
2026-05-11 16:48: **********Train Epoch 7: averaged Loss: 0.004949
2026-05-11 16:48: **********Val Epoch 7: average Loss: 0.002103
2026-05-11 16:48: Train Epoch 8: 0/85 Loss: 0.002907
2026-05-11 16:48: Train Epoch 8: 20/85 Loss: 0.001943
2026-05-11 16:48: Train Epoch 8: 40/85 Loss: 0.029290
2026-05-11 16:48: Train Epoch 8: 60/85 Loss: 0.003938
2026-05-11 16:49: Train Epoch 8: 80/85 Loss: 0.003089
2026-05-11 16:49: **********Train Epoch 8: averaged Loss: 0.004762
2026-05-11 16:49: **********Val Epoch 8: average Loss: 0.002154
2026-05-11 16:49: Train Epoch 9: 0/85 Loss: 0.002496
2026-05-11 16:49: Train Epoch 9: 20/85 Loss: 0.001832
2026-05-11 16:49: Train Epoch 9: 40/85 Loss: 0.028641
2026-05-11 16:49: Train Epoch 9: 60/85 Loss: 0.004130
2026-05-11 16:49: Train Epoch 9: 80/85 Loss: 0.002607
2026-05-11 16:49: **********Train Epoch 9: averaged Loss: 0.005052
2026-05-11 16:49: **********Val Epoch 9: average Loss: 0.003893
2026-05-11 16:49: Train Epoch 10: 0/85 Loss: 0.004150
2026-05-11 16:49: Train Epoch 10: 20/85 Loss: 0.001658
2026-05-11 16:49: Train Epoch 10: 40/85 Loss: 0.027484
2026-05-11 16:49: Train Epoch 10: 60/85 Loss: 0.004887
2026-05-11 16:49: Train Epoch 10: 80/85 Loss: 0.002620
2026-05-11 16:49: **********Train Epoch 10: averaged Loss: 0.004701
2026-05-11 16:49: **********Val Epoch 10: average Loss: 0.002186
2026-05-11 16:49: Train Epoch 11: 0/85 Loss: 0.003112
2026-05-11 16:49: Train Epoch 11: 20/85 Loss: 0.001749
2026-05-11 16:49: Train Epoch 11: 40/85 Loss: 0.027879
2026-05-11 16:49: Train Epoch 11: 60/85 Loss: 0.004020
2026-05-11 16:49: Train Epoch 11: 80/85 Loss: 0.003089
2026-05-11 16:49: **********Train Epoch 11: averaged Loss: 0.004803
2026-05-11 16:49: **********Val Epoch 11: average Loss: 0.003609
2026-05-11 16:49: Train Epoch 12: 0/85 Loss: 0.004562
2026-05-11 16:49: Train Epoch 12: 20/85 Loss: 0.002036
2026-05-11 16:49: Train Epoch 12: 40/85 Loss: 0.030124
2026-05-11 16:49: Train Epoch 12: 60/85 Loss: 0.004592
2026-05-11 16:49: Train Epoch 12: 80/85 Loss: 0.002686
2026-05-11 16:49: **********Train Epoch 12: averaged Loss: 0.004793
2026-05-11 16:49: **********Val Epoch 12: average Loss: 0.002169
2026-05-11 16:49: Train Epoch 13: 0/85 Loss: 0.002356
2026-05-11 16:49: Train Epoch 13: 20/85 Loss: 0.001700
2026-05-11 16:49: Train Epoch 13: 40/85 Loss: 0.028048
2026-05-11 16:49: Train Epoch 13: 60/85 Loss: 0.004504
2026-05-11 16:49: Train Epoch 13: 80/85 Loss: 0.002536
2026-05-11 16:49: **********Train Epoch 13: averaged Loss: 0.004545
2026-05-11 16:49: **********Val Epoch 13: average Loss: 0.002617
2026-05-11 16:49: Train Epoch 14: 0/85 Loss: 0.002869
2026-05-11 16:49: Train Epoch 14: 20/85 Loss: 0.001750
2026-05-11 16:49: Train Epoch 14: 40/85 Loss: 0.029021
2026-05-11 16:49: Train Epoch 14: 60/85 Loss: 0.004226
2026-05-11 16:49: Train Epoch 14: 80/85 Loss: 0.002925
2026-05-11 16:49: **********Train Epoch 14: averaged Loss: 0.004827
2026-05-11 16:49: **********Val Epoch 14: average Loss: 0.003108
2026-05-11 16:49: Train Epoch 15: 0/85 Loss: 0.004992
2026-05-11 16:49: Train Epoch 15: 20/85 Loss: 0.002208
2026-05-11 16:49: Train Epoch 15: 40/85 Loss: 0.025749
2026-05-11 16:49: Train Epoch 15: 60/85 Loss: 0.004164
2026-05-11 16:49: Train Epoch 15: 80/85 Loss: 0.002524
2026-05-11 16:49: **********Train Epoch 15: averaged Loss: 0.004799
2026-05-11 16:49: **********Val Epoch 15: average Loss: 0.002330
2026-05-11 16:49: Train Epoch 16: 0/85 Loss: 0.002382
2026-05-11 16:49: Train Epoch 16: 20/85 Loss: 0.001793
2026-05-11 16:49: Train Epoch 16: 40/85 Loss: 0.026644
2026-05-11 16:49: Train Epoch 16: 60/85 Loss: 0.004182
2026-05-11 16:49: Train Epoch 16: 80/85 Loss: 0.002867
2026-05-11 16:49: **********Train Epoch 16: averaged Loss: 0.004726
2026-05-11 16:49: **********Val Epoch 16: average Loss: 0.002702
2026-05-11 16:49: Train Epoch 17: 0/85 Loss: 0.002733
2026-05-11 16:49: Train Epoch 17: 20/85 Loss: 0.001676
2026-05-11 16:49: Train Epoch 17: 40/85 Loss: 0.025097
2026-05-11 16:49: Train Epoch 17: 60/85 Loss: 0.004309
2026-05-11 16:49: Train Epoch 17: 80/85 Loss: 0.002507
2026-05-11 16:49: **********Train Epoch 17: averaged Loss: 0.004442
2026-05-11 16:49: **********Val Epoch 17: average Loss: 0.002141
2026-05-11 16:49: Train Epoch 18: 0/85 Loss: 0.002391
2026-05-11 16:49: Train Epoch 18: 20/85 Loss: 0.002434
2026-05-11 16:49: Train Epoch 18: 40/85 Loss: 0.026479
2026-05-11 16:49: Train Epoch 18: 60/85 Loss: 0.004571
2026-05-11 16:49: Train Epoch 18: 80/85 Loss: 0.003124
2026-05-11 16:49: **********Train Epoch 18: averaged Loss: 0.004498
2026-05-11 16:49: **********Val Epoch 18: average Loss: 0.002331
2026-05-11 16:49: Train Epoch 19: 0/85 Loss: 0.002747
2026-05-11 16:49: Train Epoch 19: 20/85 Loss: 0.001996
2026-05-11 16:49: Train Epoch 19: 40/85 Loss: 0.025300
2026-05-11 16:49: Train Epoch 19: 60/85 Loss: 0.004027
2026-05-11 16:49: Train Epoch 19: 80/85 Loss: 0.002792
2026-05-11 16:49: **********Train Epoch 19: averaged Loss: 0.004679
2026-05-11 16:49: **********Val Epoch 19: average Loss: 0.002741
2026-05-11 16:49: Train Epoch 20: 0/85 Loss: 0.003890
2026-05-11 16:49: Train Epoch 20: 20/85 Loss: 0.001740
2026-05-11 16:49: Train Epoch 20: 40/85 Loss: 0.026398
2026-05-11 16:49: Train Epoch 20: 60/85 Loss: 0.004149
2026-05-11 16:49: Train Epoch 20: 80/85 Loss: 0.002602
2026-05-11 16:49: **********Train Epoch 20: averaged Loss: 0.004950
2026-05-11 16:49: **********Val Epoch 20: average Loss: 0.002816
2026-05-11 16:49: Train Epoch 21: 0/85 Loss: 0.003354
2026-05-11 16:49: Train Epoch 21: 20/85 Loss: 0.001695
2026-05-11 16:49: Train Epoch 21: 40/85 Loss: 0.024474
2026-05-11 16:49: Train Epoch 21: 60/85 Loss: 0.004405
2026-05-11 16:49: Train Epoch 21: 80/85 Loss: 0.002743
2026-05-11 16:49: **********Train Epoch 21: averaged Loss: 0.004565
2026-05-11 16:49: **********Val Epoch 21: average Loss: 0.002549
2026-05-11 16:49: Train Epoch 22: 0/85 Loss: 0.003024
2026-05-11 16:49: Train Epoch 22: 20/85 Loss: 0.001675
2026-05-11 16:49: Train Epoch 22: 40/85 Loss: 0.025042
2026-05-11 16:49: Train Epoch 22: 60/85 Loss: 0.004428
2026-05-11 16:49: Train Epoch 22: 80/85 Loss: 0.002527
2026-05-11 16:49: **********Train Epoch 22: averaged Loss: 0.004471
2026-05-11 16:49: **********Val Epoch 22: average Loss: 0.002476
2026-05-11 16:49: Train Epoch 23: 0/85 Loss: 0.003194
2026-05-11 16:49: Train Epoch 23: 20/85 Loss: 0.001979
2026-05-11 16:49: Train Epoch 23: 40/85 Loss: 0.024209
2026-05-11 16:49: Train Epoch 23: 60/85 Loss: 0.004280
2026-05-11 16:49: Train Epoch 23: 80/85 Loss: 0.002498
2026-05-11 16:49: **********Train Epoch 23: averaged Loss: 0.004532
2026-05-11 16:49: **********Val Epoch 23: average Loss: 0.002426
2026-05-11 16:49: Train Epoch 24: 0/85 Loss: 0.002493
2026-05-11 16:49: Train Epoch 24: 20/85 Loss: 0.001896
2026-05-11 16:49: Train Epoch 24: 40/85 Loss: 0.023294
2026-05-11 16:49: Train Epoch 24: 60/85 Loss: 0.004199
2026-05-11 16:49: Train Epoch 24: 80/85 Loss: 0.002540
2026-05-11 16:49: **********Train Epoch 24: averaged Loss: 0.004608
2026-05-11 16:49: **********Val Epoch 24: average Loss: 0.002796
2026-05-11 16:49: Train Epoch 25: 0/85 Loss: 0.002849
2026-05-11 16:49: Train Epoch 25: 20/85 Loss: 0.001832
2026-05-11 16:50: Train Epoch 25: 40/85 Loss: 0.022108
2026-05-11 16:50: Train Epoch 25: 60/85 Loss: 0.004321
2026-05-11 16:50: Train Epoch 25: 80/85 Loss: 0.002581
2026-05-11 16:50: **********Train Epoch 25: averaged Loss: 0.004382
2026-05-11 16:50: **********Val Epoch 25: average Loss: 0.002624
2026-05-11 16:50: Train Epoch 26: 0/85 Loss: 0.002464
2026-05-11 16:50: Train Epoch 26: 20/85 Loss: 0.002009
2026-05-11 16:50: Train Epoch 26: 40/85 Loss: 0.022840
2026-05-11 16:50: Train Epoch 26: 60/85 Loss: 0.005045
2026-05-11 16:50: Train Epoch 26: 80/85 Loss: 0.002554
2026-05-11 16:50: **********Train Epoch 26: averaged Loss: 0.004709
2026-05-11 16:50: **********Val Epoch 26: average Loss: 0.002429
2026-05-11 16:50: Train Epoch 27: 0/85 Loss: 0.002229
2026-05-11 16:50: Train Epoch 27: 20/85 Loss: 0.001733
2026-05-11 16:50: Train Epoch 27: 40/85 Loss: 0.021537
2026-05-11 16:50: Train Epoch 27: 60/85 Loss: 0.004388
2026-05-11 16:50: Train Epoch 27: 80/85 Loss: 0.002542
2026-05-11 16:50: **********Train Epoch 27: averaged Loss: 0.004337
2026-05-11 16:50: **********Val Epoch 27: average Loss: 0.002271
2026-05-11 16:50: Train Epoch 28: 0/85 Loss: 0.003056
2026-05-11 16:50: Train Epoch 28: 20/85 Loss: 0.001738
2026-05-11 16:50: Train Epoch 28: 40/85 Loss: 0.021388
2026-05-11 16:50: Train Epoch 28: 60/85 Loss: 0.004587
2026-05-11 16:50: Train Epoch 28: 80/85 Loss: 0.002503
2026-05-11 16:50: **********Train Epoch 28: averaged Loss: 0.004525
2026-05-11 16:50: **********Val Epoch 28: average Loss: 0.002928
2026-05-11 16:50: Train Epoch 29: 0/85 Loss: 0.003214
2026-05-11 16:50: Train Epoch 29: 20/85 Loss: 0.001664
2026-05-11 16:50: Train Epoch 29: 40/85 Loss: 0.020610
2026-05-11 16:50: Train Epoch 29: 60/85 Loss: 0.004397
2026-05-11 16:50: Train Epoch 29: 80/85 Loss: 0.002506
2026-05-11 16:50: **********Train Epoch 29: averaged Loss: 0.004482
2026-05-11 16:50: **********Val Epoch 29: average Loss: 0.002456
2026-05-11 16:50: Train Epoch 30: 0/85 Loss: 0.003723
2026-05-11 16:50: Train Epoch 30: 20/85 Loss: 0.001956
2026-05-11 16:50: Train Epoch 30: 40/85 Loss: 0.018409
2026-05-11 16:50: Train Epoch 30: 60/85 Loss: 0.004362
2026-05-11 16:50: Train Epoch 30: 80/85 Loss: 0.002543
2026-05-11 16:50: **********Train Epoch 30: averaged Loss: 0.004331
2026-05-11 16:50: **********Val Epoch 30: average Loss: 0.002381
2026-05-11 16:50: Train Epoch 31: 0/85 Loss: 0.002296
2026-05-11 16:50: Train Epoch 31: 20/85 Loss: 0.001657
2026-05-11 16:50: Train Epoch 31: 40/85 Loss: 0.018169
2026-05-11 16:50: Train Epoch 31: 60/85 Loss: 0.004240
2026-05-11 16:50: Train Epoch 31: 80/85 Loss: 0.002590
2026-05-11 16:50: **********Train Epoch 31: averaged Loss: 0.004447
2026-05-11 16:50: **********Val Epoch 31: average Loss: 0.002947
2026-05-11 16:50: Train Epoch 32: 0/85 Loss: 0.002770
2026-05-11 16:50: Train Epoch 32: 20/85 Loss: 0.001713
2026-05-11 16:50: Train Epoch 32: 40/85 Loss: 0.016744
2026-05-11 16:50: Train Epoch 32: 60/85 Loss: 0.004302
2026-05-11 16:50: Train Epoch 32: 80/85 Loss: 0.002648
2026-05-11 16:50: **********Train Epoch 32: averaged Loss: 0.004415
2026-05-11 16:50: **********Val Epoch 32: average Loss: 0.002657
2026-05-11 16:50: Train Epoch 33: 0/85 Loss: 0.003381
2026-05-11 16:50: Train Epoch 33: 20/85 Loss: 0.001773
2026-05-11 16:50: Train Epoch 33: 40/85 Loss: 0.016995
2026-05-11 16:50: Train Epoch 33: 60/85 Loss: 0.004729
2026-05-11 16:50: Train Epoch 33: 80/85 Loss: 0.002830
2026-05-11 16:50: **********Train Epoch 33: averaged Loss: 0.004323
2026-05-11 16:50: **********Val Epoch 33: average Loss: 0.002567
2026-05-11 16:50: Train Epoch 34: 0/85 Loss: 0.002602
2026-05-11 16:50: Train Epoch 34: 20/85 Loss: 0.001923
2026-05-11 16:50: Train Epoch 34: 40/85 Loss: 0.014130
2026-05-11 16:50: Train Epoch 34: 60/85 Loss: 0.004271
2026-05-11 16:50: Train Epoch 34: 80/85 Loss: 0.002547
2026-05-11 16:50: **********Train Epoch 34: averaged Loss: 0.004401
2026-05-11 16:50: **********Val Epoch 34: average Loss: 0.002833
2026-05-11 16:50: Train Epoch 35: 0/85 Loss: 0.002645
2026-05-11 16:50: Train Epoch 35: 20/85 Loss: 0.001815
2026-05-11 16:50: Train Epoch 35: 40/85 Loss: 0.013552
2026-05-11 16:50: Train Epoch 35: 60/85 Loss: 0.004785
2026-05-11 16:50: Train Epoch 35: 80/85 Loss: 0.002545
2026-05-11 16:50: **********Train Epoch 35: averaged Loss: 0.004297
2026-05-11 16:50: **********Val Epoch 35: average Loss: 0.002320
2026-05-11 16:50: Train Epoch 36: 0/85 Loss: 0.002284
2026-05-11 16:50: Train Epoch 36: 20/85 Loss: 0.001992
2026-05-11 16:50: Train Epoch 36: 40/85 Loss: 0.012996
2026-05-11 16:50: Train Epoch 36: 60/85 Loss: 0.004294
2026-05-11 16:50: Train Epoch 36: 80/85 Loss: 0.002620
2026-05-11 16:50: **********Train Epoch 36: averaged Loss: 0.004209
2026-05-11 16:50: **********Val Epoch 36: average Loss: 0.002486
2026-05-11 16:50: Train Epoch 37: 0/85 Loss: 0.002240
2026-05-11 16:50: Train Epoch 37: 20/85 Loss: 0.001965
2026-05-11 16:50: Train Epoch 37: 40/85 Loss: 0.011494
2026-05-11 16:50: Train Epoch 37: 60/85 Loss: 0.005222
2026-05-11 16:50: Train Epoch 37: 80/85 Loss: 0.002602
2026-05-11 16:50: **********Train Epoch 37: averaged Loss: 0.004153
2026-05-11 16:50: **********Val Epoch 37: average Loss: 0.002861
2026-05-11 16:50: Train Epoch 38: 0/85 Loss: 0.002474
2026-05-11 16:50: Train Epoch 38: 20/85 Loss: 0.001754
2026-05-11 16:50: Train Epoch 38: 40/85 Loss: 0.011535
2026-05-11 16:50: Train Epoch 38: 60/85 Loss: 0.004203
2026-05-11 16:50: Train Epoch 38: 80/85 Loss: 0.002799
2026-05-11 16:50: **********Train Epoch 38: averaged Loss: 0.004259
2026-05-11 16:50: **********Val Epoch 38: average Loss: 0.002366
2026-05-11 16:50: Train Epoch 39: 0/85 Loss: 0.002533
2026-05-11 16:50: Train Epoch 39: 20/85 Loss: 0.001662
2026-05-11 16:50: Train Epoch 39: 40/85 Loss: 0.010763
2026-05-11 16:50: Train Epoch 39: 60/85 Loss: 0.005318
2026-05-11 16:50: Train Epoch 39: 80/85 Loss: 0.002814
2026-05-11 16:50: **********Train Epoch 39: averaged Loss: 0.004075
2026-05-11 16:50: **********Val Epoch 39: average Loss: 0.002653
2026-05-11 16:50: Train Epoch 40: 0/85 Loss: 0.002684
2026-05-11 16:50: Train Epoch 40: 20/85 Loss: 0.001814
2026-05-11 16:50: Train Epoch 40: 40/85 Loss: 0.009969
2026-05-11 16:50: Train Epoch 40: 60/85 Loss: 0.004294
2026-05-11 16:50: Train Epoch 40: 80/85 Loss: 0.003149
2026-05-11 16:50: **********Train Epoch 40: averaged Loss: 0.004230
2026-05-11 16:50: **********Val Epoch 40: average Loss: 0.002575
2026-05-11 16:50: Train Epoch 41: 0/85 Loss: 0.002589
2026-05-11 16:50: Train Epoch 41: 20/85 Loss: 0.001741
2026-05-11 16:50: Train Epoch 41: 40/85 Loss: 0.017608
2026-05-11 16:51: Train Epoch 41: 60/85 Loss: 0.004370
2026-05-11 16:51: Train Epoch 41: 80/85 Loss: 0.002671
2026-05-11 16:51: **********Train Epoch 41: averaged Loss: 0.004137
2026-05-11 16:51: **********Val Epoch 41: average Loss: 0.002324
2026-05-11 16:51: Train Epoch 42: 0/85 Loss: 0.002471
2026-05-11 16:51: Train Epoch 42: 20/85 Loss: 0.001662
2026-05-11 16:51: Train Epoch 42: 40/85 Loss: 0.012233
2026-05-11 16:51: Train Epoch 42: 60/85 Loss: 0.004445
2026-05-11 16:51: Train Epoch 42: 80/85 Loss: 0.002565
2026-05-11 16:51: **********Train Epoch 42: averaged Loss: 0.004275
2026-05-11 16:51: **********Val Epoch 42: average Loss: 0.002360
2026-05-11 16:51: Train Epoch 43: 0/85 Loss: 0.002393
2026-05-11 16:51: Train Epoch 43: 20/85 Loss: 0.001780
2026-05-11 16:51: Train Epoch 43: 40/85 Loss: 0.011344
2026-05-11 16:51: Train Epoch 43: 60/85 Loss: 0.004598
2026-05-11 16:51: Train Epoch 43: 80/85 Loss: 0.002946
2026-05-11 16:51: **********Train Epoch 43: averaged Loss: 0.004058
2026-05-11 16:51: **********Val Epoch 43: average Loss: 0.002518
2026-05-11 16:51: Train Epoch 44: 0/85 Loss: 0.002293
2026-05-11 16:51: Train Epoch 44: 20/85 Loss: 0.001786
2026-05-11 16:51: Train Epoch 44: 40/85 Loss: 0.009344
2026-05-11 16:51: Train Epoch 44: 60/85 Loss: 0.004545
2026-05-11 16:51: Train Epoch 44: 80/85 Loss: 0.003045
2026-05-11 16:51: **********Train Epoch 44: averaged Loss: 0.004106
2026-05-11 16:51: **********Val Epoch 44: average Loss: 0.002752
2026-05-11 16:51: Train Epoch 45: 0/85 Loss: 0.002469
2026-05-11 16:51: Train Epoch 45: 20/85 Loss: 0.001793
2026-05-11 16:51: Train Epoch 45: 40/85 Loss: 0.008698
2026-05-11 16:51: Train Epoch 45: 60/85 Loss: 0.003912
2026-05-11 16:51: Train Epoch 45: 80/85 Loss: 0.002945
2026-05-11 16:51: **********Train Epoch 45: averaged Loss: 0.003904
2026-05-11 16:51: **********Val Epoch 45: average Loss: 0.002761
2026-05-11 16:51: Train Epoch 46: 0/85 Loss: 0.002373
2026-05-11 16:51: Train Epoch 46: 20/85 Loss: 0.001816
2026-05-11 16:51: Train Epoch 46: 40/85 Loss: 0.009034
2026-05-11 16:51: Train Epoch 46: 60/85 Loss: 0.003265
2026-05-11 16:51: Train Epoch 46: 80/85 Loss: 0.002873
2026-05-11 16:51: **********Train Epoch 46: averaged Loss: 0.004075
2026-05-11 16:51: **********Val Epoch 46: average Loss: 0.002854
2026-05-11 16:51: Train Epoch 47: 0/85 Loss: 0.002377
2026-05-11 16:51: Train Epoch 47: 20/85 Loss: 0.001710
2026-05-11 16:51: Train Epoch 47: 40/85 Loss: 0.007284
2026-05-11 16:51: Train Epoch 47: 60/85 Loss: 0.003621
2026-05-11 16:51: Train Epoch 47: 80/85 Loss: 0.002748
2026-05-11 16:51: **********Train Epoch 47: averaged Loss: 0.004102
2026-05-11 16:51: **********Val Epoch 47: average Loss: 0.002698
2026-05-11 16:51: Train Epoch 48: 0/85 Loss: 0.002355
2026-05-11 16:51: Train Epoch 48: 20/85 Loss: 0.002232
2026-05-11 16:51: Train Epoch 48: 40/85 Loss: 0.007492
2026-05-11 16:51: Train Epoch 48: 60/85 Loss: 0.003569
2026-05-11 16:51: Train Epoch 48: 80/85 Loss: 0.002897
2026-05-11 16:51: **********Train Epoch 48: averaged Loss: 0.003979
2026-05-11 16:51: **********Val Epoch 48: average Loss: 0.002623
2026-05-11 16:51: Train Epoch 49: 0/85 Loss: 0.002360
2026-05-11 16:51: Train Epoch 49: 20/85 Loss: 0.001976
2026-05-11 16:51: Train Epoch 49: 40/85 Loss: 0.006421
2026-05-11 16:51: Train Epoch 49: 60/85 Loss: 0.003922
2026-05-11 16:51: Train Epoch 49: 80/85 Loss: 0.002631
2026-05-11 16:51: **********Train Epoch 49: averaged Loss: 0.003913
2026-05-11 16:51: **********Val Epoch 49: average Loss: 0.003207
2026-05-11 16:51: Train Epoch 50: 0/85 Loss: 0.002678
2026-05-11 16:51: Train Epoch 50: 20/85 Loss: 0.002037
2026-05-11 16:51: Train Epoch 50: 40/85 Loss: 0.008329
2026-05-11 16:51: Train Epoch 50: 60/85 Loss: 0.003996
2026-05-11 16:51: Train Epoch 50: 80/85 Loss: 0.002846
2026-05-11 16:51: **********Train Epoch 50: averaged Loss: 0.003868
2026-05-11 16:51: **********Val Epoch 50: average Loss: 0.002657
2026-05-11 16:51: Train Epoch 51: 0/85 Loss: 0.002433
2026-05-11 16:51: Train Epoch 51: 20/85 Loss: 0.001729
2026-05-11 16:51: Train Epoch 51: 40/85 Loss: 0.008744
2026-05-11 16:51: Train Epoch 51: 60/85 Loss: 0.003981
2026-05-11 16:51: Train Epoch 51: 80/85 Loss: 0.002512
2026-05-11 16:51: **********Train Epoch 51: averaged Loss: 0.003863
2026-05-11 16:51: **********Val Epoch 51: average Loss: 0.002807
2026-05-11 16:51: Train Epoch 52: 0/85 Loss: 0.002963
2026-05-11 16:51: Train Epoch 52: 20/85 Loss: 0.002089
2026-05-11 16:51: Train Epoch 52: 40/85 Loss: 0.006270
2026-05-11 16:51: Train Epoch 52: 60/85 Loss: 0.003812
2026-05-11 16:51: Train Epoch 52: 80/85 Loss: 0.002818
2026-05-11 16:51: **********Train Epoch 52: averaged Loss: 0.003776
2026-05-11 16:51: **********Val Epoch 52: average Loss: 0.002978
2026-05-11 16:51: Train Epoch 53: 0/85 Loss: 0.002398
2026-05-11 16:51: Train Epoch 53: 20/85 Loss: 0.001714
2026-05-11 16:51: Train Epoch 53: 40/85 Loss: 0.007371
2026-05-11 16:51: Train Epoch 53: 60/85 Loss: 0.003993
2026-05-11 16:51: Train Epoch 53: 80/85 Loss: 0.002961
2026-05-11 16:51: **********Train Epoch 53: averaged Loss: 0.003830
2026-05-11 16:51: **********Val Epoch 53: average Loss: 0.002820
2026-05-11 16:51: Train Epoch 54: 0/85 Loss: 0.002251
2026-05-11 16:51: Train Epoch 54: 20/85 Loss: 0.001669
2026-05-11 16:51: Train Epoch 54: 40/85 Loss: 0.005899
2026-05-11 16:51: Train Epoch 54: 60/85 Loss: 0.004119
2026-05-11 16:51: Train Epoch 54: 80/85 Loss: 0.002947
2026-05-11 16:51: **********Train Epoch 54: averaged Loss: 0.003763
2026-05-11 16:51: **********Val Epoch 54: average Loss: 0.002732
2026-05-11 16:51: Train Epoch 55: 0/85 Loss: 0.002419
2026-05-11 16:51: Train Epoch 55: 20/85 Loss: 0.001667
2026-05-11 16:51: Train Epoch 55: 40/85 Loss: 0.008657
2026-05-11 16:51: Train Epoch 55: 60/85 Loss: 0.004702
2026-05-11 16:51: Train Epoch 55: 80/85 Loss: 0.002716
2026-05-11 16:51: **********Train Epoch 55: averaged Loss: 0.003996
2026-05-11 16:51: **********Val Epoch 55: average Loss: 0.002821
2026-05-11 16:51: Train Epoch 56: 0/85 Loss: 0.002306
2026-05-11 16:51: Train Epoch 56: 20/85 Loss: 0.001991
2026-05-11 16:51: Train Epoch 56: 40/85 Loss: 0.011707
2026-05-11 16:51: Train Epoch 56: 60/85 Loss: 0.004156
2026-05-11 16:51: Train Epoch 56: 80/85 Loss: 0.002722
2026-05-11 16:51: **********Train Epoch 56: averaged Loss: 0.003886
2026-05-11 16:51: **********Val Epoch 56: average Loss: 0.002889
2026-05-11 16:51: Train Epoch 57: 0/85 Loss: 0.002629
2026-05-11 16:51: Train Epoch 57: 20/85 Loss: 0.002454
2026-05-11 16:51: Train Epoch 57: 40/85 Loss: 0.006542
2026-05-11 16:51: Train Epoch 57: 60/85 Loss: 0.003853
2026-05-11 16:52: Train Epoch 57: 80/85 Loss: 0.003263
2026-05-11 16:52: **********Train Epoch 57: averaged Loss: 0.003817
2026-05-11 16:52: **********Val Epoch 57: average Loss: 0.003086
2026-05-11 16:52: Train Epoch 58: 0/85 Loss: 0.002252
2026-05-11 16:52: Train Epoch 58: 20/85 Loss: 0.001899
2026-05-11 16:52: Train Epoch 58: 40/85 Loss: 0.004415
2026-05-11 16:52: Train Epoch 58: 60/85 Loss: 0.003839
2026-05-11 16:52: Train Epoch 58: 80/85 Loss: 0.002672
2026-05-11 16:52: **********Train Epoch 58: averaged Loss: 0.003531
2026-05-11 16:52: **********Val Epoch 58: average Loss: 0.003170
2026-05-11 16:52: Train Epoch 59: 0/85 Loss: 0.002408
2026-05-11 16:52: Train Epoch 59: 20/85 Loss: 0.001799
2026-05-11 16:52: Train Epoch 59: 40/85 Loss: 0.004093
2026-05-11 16:52: Train Epoch 59: 60/85 Loss: 0.003464
2026-05-11 16:52: Train Epoch 59: 80/85 Loss: 0.002602
2026-05-11 16:52: **********Train Epoch 59: averaged Loss: 0.003558
2026-05-11 16:52: **********Val Epoch 59: average Loss: 0.002960
2026-05-11 16:52: Train Epoch 60: 0/85 Loss: 0.002289
2026-05-11 16:52: Train Epoch 60: 20/85 Loss: 0.002017
2026-05-11 16:52: Train Epoch 60: 40/85 Loss: 0.004828
2026-05-11 16:52: Train Epoch 60: 60/85 Loss: 0.004030
2026-05-11 16:52: Train Epoch 60: 80/85 Loss: 0.002891
2026-05-11 16:52: **********Train Epoch 60: averaged Loss: 0.003485
2026-05-11 16:52: **********Val Epoch 60: average Loss: 0.002987
2026-05-11 16:52: Train Epoch 61: 0/85 Loss: 0.002463
2026-05-11 16:52: Train Epoch 61: 20/85 Loss: 0.001949
2026-05-11 16:52: Train Epoch 61: 40/85 Loss: 0.007085
2026-05-11 16:52: Train Epoch 61: 60/85 Loss: 0.004106
2026-05-11 16:52: Train Epoch 61: 80/85 Loss: 0.002766
2026-05-11 16:52: **********Train Epoch 61: averaged Loss: 0.003573
2026-05-11 16:52: **********Val Epoch 61: average Loss: 0.003182
2026-05-11 16:52: Train Epoch 62: 0/85 Loss: 0.002596
2026-05-11 16:52: Train Epoch 62: 20/85 Loss: 0.002246
2026-05-11 16:52: Train Epoch 62: 40/85 Loss: 0.005210
2026-05-11 16:52: Train Epoch 62: 60/85 Loss: 0.005156
2026-05-11 16:52: Train Epoch 62: 80/85 Loss: 0.002717
2026-05-11 16:52: **********Train Epoch 62: averaged Loss: 0.003489
2026-05-11 16:52: **********Val Epoch 62: average Loss: 0.002810
2026-05-11 16:52: Train Epoch 63: 0/85 Loss: 0.002340
2026-05-11 16:52: Train Epoch 63: 20/85 Loss: 0.001889
2026-05-11 16:52: Train Epoch 63: 40/85 Loss: 0.009162
2026-05-11 16:52: Train Epoch 63: 60/85 Loss: 0.003255
2026-05-11 16:52: Train Epoch 63: 80/85 Loss: 0.002570
2026-05-11 16:52: **********Train Epoch 63: averaged Loss: 0.003570
2026-05-11 16:52: **********Val Epoch 63: average Loss: 0.002803
2026-05-11 16:52: Train Epoch 64: 0/85 Loss: 0.002198
2026-05-11 16:52: Train Epoch 64: 20/85 Loss: 0.001957
2026-05-11 16:52: Train Epoch 64: 40/85 Loss: 0.015329
2026-05-11 16:52: Train Epoch 64: 60/85 Loss: 0.004796
2026-05-11 16:52: Train Epoch 64: 80/85 Loss: 0.002814
2026-05-11 16:52: **********Train Epoch 64: averaged Loss: 0.003622
2026-05-11 16:52: **********Val Epoch 64: average Loss: 0.002636
2026-05-11 16:52: Train Epoch 65: 0/85 Loss: 0.002401
2026-05-11 16:52: Train Epoch 65: 20/85 Loss: 0.002020
2026-05-11 16:52: Train Epoch 65: 40/85 Loss: 0.004216
2026-05-11 16:52: Train Epoch 65: 60/85 Loss: 0.003539
2026-05-11 16:52: Train Epoch 65: 80/85 Loss: 0.002692
2026-05-11 16:52: **********Train Epoch 65: averaged Loss: 0.003274
2026-05-11 16:52: **********Val Epoch 65: average Loss: 0.003060
2026-05-11 16:52: Train Epoch 66: 0/85 Loss: 0.002349
2026-05-11 16:52: Train Epoch 66: 20/85 Loss: 0.001865
2026-05-11 16:52: Train Epoch 66: 40/85 Loss: 0.004885
2026-05-11 16:52: Train Epoch 66: 60/85 Loss: 0.003199
2026-05-11 16:52: Train Epoch 66: 80/85 Loss: 0.002434
2026-05-11 16:52: **********Train Epoch 66: averaged Loss: 0.003225
2026-05-11 16:52: **********Val Epoch 66: average Loss: 0.003057
2026-05-11 16:52: Train Epoch 67: 0/85 Loss: 0.002334
2026-05-11 16:52: Train Epoch 67: 20/85 Loss: 0.001989
2026-05-11 16:52: Train Epoch 67: 40/85 Loss: 0.008355
2026-05-11 16:52: Train Epoch 67: 60/85 Loss: 0.003759
2026-05-11 16:52: Train Epoch 67: 80/85 Loss: 0.002225
2026-05-11 16:52: **********Train Epoch 67: averaged Loss: 0.003384
2026-05-11 16:52: **********Val Epoch 67: average Loss: 0.003127
2026-05-11 16:52: Train Epoch 68: 0/85 Loss: 0.002267
2026-05-11 16:52: Train Epoch 68: 20/85 Loss: 0.002000
2026-05-11 16:52: Train Epoch 68: 40/85 Loss: 0.004951
2026-05-11 16:52: Train Epoch 68: 60/85 Loss: 0.004117
2026-05-11 16:52: Train Epoch 68: 80/85 Loss: 0.002508
2026-05-11 16:52: **********Train Epoch 68: averaged Loss: 0.003128
2026-05-11 16:52: **********Val Epoch 68: average Loss: 0.003054
2026-05-11 16:52: Train Epoch 69: 0/85 Loss: 0.002383
2026-05-11 16:52: Train Epoch 69: 20/85 Loss: 0.001955
2026-05-11 16:52: Train Epoch 69: 40/85 Loss: 0.003551
2026-05-11 16:52: Train Epoch 69: 60/85 Loss: 0.003313
2026-05-11 16:52: Train Epoch 69: 80/85 Loss: 0.002461
2026-05-11 16:52: **********Train Epoch 69: averaged Loss: 0.003187
2026-05-11 16:52: **********Val Epoch 69: average Loss: 0.002988
2026-05-11 16:52: Train Epoch 70: 0/85 Loss: 0.002397
2026-05-11 16:52: Train Epoch 70: 20/85 Loss: 0.001917
2026-05-11 16:52: Train Epoch 70: 40/85 Loss: 0.004827
2026-05-11 16:52: Train Epoch 70: 60/85 Loss: 0.003838
2026-05-11 16:52: Train Epoch 70: 80/85 Loss: 0.002969
2026-05-11 16:52: **********Train Epoch 70: averaged Loss: 0.003120
2026-05-11 16:52: **********Val Epoch 70: average Loss: 0.002755
2026-05-11 16:52: Train Epoch 71: 0/85 Loss: 0.002163
2026-05-11 16:52: Train Epoch 71: 20/85 Loss: 0.001996
2026-05-11 16:52: Train Epoch 71: 40/85 Loss: 0.007643
2026-05-11 16:52: Train Epoch 71: 60/85 Loss: 0.003532
2026-05-11 16:52: Train Epoch 71: 80/85 Loss: 0.002484
2026-05-11 16:52: **********Train Epoch 71: averaged Loss: 0.003177
2026-05-11 16:52: **********Val Epoch 71: average Loss: 0.002945
2026-05-11 16:52: Train Epoch 72: 0/85 Loss: 0.002289
2026-05-11 16:52: Train Epoch 72: 20/85 Loss: 0.002002
2026-05-11 16:52: Train Epoch 72: 40/85 Loss: 0.006255
2026-05-11 16:52: Train Epoch 72: 60/85 Loss: 0.003702
2026-05-11 16:52: Train Epoch 72: 80/85 Loss: 0.002337
2026-05-11 16:52: **********Train Epoch 72: averaged Loss: 0.003052
2026-05-11 16:52: **********Val Epoch 72: average Loss: 0.003542
2026-05-11 16:52: Train Epoch 73: 0/85 Loss: 0.002183
2026-05-11 16:52: Train Epoch 73: 20/85 Loss: 0.001973
2026-05-11 16:52: Train Epoch 73: 40/85 Loss: 0.006047
2026-05-11 16:52: Train Epoch 73: 60/85 Loss: 0.003867
2026-05-11 16:52: Train Epoch 73: 80/85 Loss: 0.002483
2026-05-11 16:52: **********Train Epoch 73: averaged Loss: 0.003106
2026-05-11 16:52: **********Val Epoch 73: average Loss: 0.002970
2026-05-11 16:52: Train Epoch 74: 0/85 Loss: 0.002299
2026-05-11 16:53: Train Epoch 74: 20/85 Loss: 0.002142
2026-05-11 16:53: Train Epoch 74: 40/85 Loss: 0.002673
2026-05-11 16:53: Train Epoch 74: 60/85 Loss: 0.003430
2026-05-11 16:53: Train Epoch 74: 80/85 Loss: 0.002412
2026-05-11 16:53: **********Train Epoch 74: averaged Loss: 0.002931
2026-05-11 16:53: **********Val Epoch 74: average Loss: 0.002894
2026-05-11 16:53: Train Epoch 75: 0/85 Loss: 0.002364
2026-05-11 16:53: Train Epoch 75: 20/85 Loss: 0.002104
2026-05-11 16:53: Train Epoch 75: 40/85 Loss: 0.001564
2026-05-11 16:53: Train Epoch 75: 60/85 Loss: 0.003852
2026-05-11 16:53: Train Epoch 75: 80/85 Loss: 0.002796
2026-05-11 16:53: **********Train Epoch 75: averaged Loss: 0.002998
2026-05-11 16:53: **********Val Epoch 75: average Loss: 0.002808
2026-05-11 16:53: Train Epoch 76: 0/85 Loss: 0.002250
2026-05-11 16:53: Train Epoch 76: 20/85 Loss: 0.002230
2026-05-11 16:53: Train Epoch 76: 40/85 Loss: 0.002422
2026-05-11 16:53: Train Epoch 76: 60/85 Loss: 0.003174
2026-05-11 16:53: Train Epoch 76: 80/85 Loss: 0.002553
2026-05-11 16:53: **********Train Epoch 76: averaged Loss: 0.002870
2026-05-11 16:53: **********Val Epoch 76: average Loss: 0.003122
2026-05-11 16:53: Train Epoch 77: 0/85 Loss: 0.002123
2026-05-11 16:53: Train Epoch 77: 20/85 Loss: 0.001956
2026-05-11 16:53: Train Epoch 77: 40/85 Loss: 0.001805
2026-05-11 16:53: Train Epoch 77: 60/85 Loss: 0.003050
2026-05-11 16:53: Train Epoch 77: 80/85 Loss: 0.002765
2026-05-11 16:53: **********Train Epoch 77: averaged Loss: 0.002946
2026-05-11 16:53: **********Val Epoch 77: average Loss: 0.002847
2026-05-11 16:53: Train Epoch 78: 0/85 Loss: 0.002176
2026-05-11 16:53: Train Epoch 78: 20/85 Loss: 0.001879
2026-05-11 16:53: Train Epoch 78: 40/85 Loss: 0.003507
2026-05-11 16:53: Train Epoch 78: 60/85 Loss: 0.003035
2026-05-11 16:53: Train Epoch 78: 80/85 Loss: 0.002527
2026-05-11 16:53: **********Train Epoch 78: averaged Loss: 0.002814
2026-05-11 16:53: **********Val Epoch 78: average Loss: 0.003263
2026-05-11 16:53: Train Epoch 79: 0/85 Loss: 0.002385
2026-05-11 16:53: Train Epoch 79: 20/85 Loss: 0.001979
2026-05-11 16:53: Train Epoch 79: 40/85 Loss: 0.002793
2026-05-11 16:53: Train Epoch 79: 60/85 Loss: 0.003292
2026-05-11 16:53: Train Epoch 79: 80/85 Loss: 0.002545
2026-05-11 16:53: **********Train Epoch 79: averaged Loss: 0.002850
2026-05-11 16:53: **********Val Epoch 79: average Loss: 0.002974
2026-05-11 16:53: Train Epoch 80: 0/85 Loss: 0.002200
2026-05-11 16:53: Train Epoch 80: 20/85 Loss: 0.001955
2026-05-11 16:53: Train Epoch 80: 40/85 Loss: 0.002975
2026-05-11 16:53: Train Epoch 80: 60/85 Loss: 0.003355
2026-05-11 16:53: Train Epoch 80: 80/85 Loss: 0.002524
2026-05-11 16:53: **********Train Epoch 80: averaged Loss: 0.002726
2026-05-11 16:53: **********Val Epoch 80: average Loss: 0.003278
2026-05-11 16:53: Train Epoch 81: 0/85 Loss: 0.002429
2026-05-11 16:53: Train Epoch 81: 20/85 Loss: 0.001854
2026-05-11 16:53: Train Epoch 81: 40/85 Loss: 0.001379
2026-05-11 16:53: Train Epoch 81: 60/85 Loss: 0.003173
2026-05-11 16:53: Train Epoch 81: 80/85 Loss: 0.002215
2026-05-11 16:53: **********Train Epoch 81: averaged Loss: 0.002743
2026-05-11 16:53: **********Val Epoch 81: average Loss: 0.003048
2026-05-11 16:53: Train Epoch 82: 0/85 Loss: 0.002092
2026-05-11 16:53: Train Epoch 82: 20/85 Loss: 0.002010
2026-05-11 16:53: Train Epoch 82: 40/85 Loss: 0.001383
2026-05-11 16:53: Train Epoch 82: 60/85 Loss: 0.002642
2026-05-11 16:53: Train Epoch 82: 80/85 Loss: 0.002366
2026-05-11 16:53: **********Train Epoch 82: averaged Loss: 0.002682
2026-05-11 16:53: **********Val Epoch 82: average Loss: 0.003030
2026-05-11 16:53: Train Epoch 83: 0/85 Loss: 0.002037
2026-05-11 16:53: Train Epoch 83: 20/85 Loss: 0.001800
2026-05-11 16:53: Train Epoch 83: 40/85 Loss: 0.001147
2026-05-11 16:53: Train Epoch 83: 60/85 Loss: 0.003590
2026-05-11 16:53: Train Epoch 83: 80/85 Loss: 0.002636
2026-05-11 16:53: **********Train Epoch 83: averaged Loss: 0.002704
2026-05-11 16:53: **********Val Epoch 83: average Loss: 0.002918
2026-05-11 16:53: Train Epoch 84: 0/85 Loss: 0.002003
2026-05-11 16:53: Train Epoch 84: 20/85 Loss: 0.001907
2026-05-11 16:53: Train Epoch 84: 40/85 Loss: 0.001211
2026-05-11 16:53: Train Epoch 84: 60/85 Loss: 0.003091
2026-05-11 16:53: Train Epoch 84: 80/85 Loss: 0.002314
2026-05-11 16:53: **********Train Epoch 84: averaged Loss: 0.002629
2026-05-11 16:53: **********Val Epoch 84: average Loss: 0.002915
2026-05-11 16:53: Train Epoch 85: 0/85 Loss: 0.002031
2026-05-11 16:53: Train Epoch 85: 20/85 Loss: 0.002119
2026-05-11 16:53: Train Epoch 85: 40/85 Loss: 0.002744
2026-05-11 16:53: Train Epoch 85: 60/85 Loss: 0.002761
2026-05-11 16:53: Train Epoch 85: 80/85 Loss: 0.002359
2026-05-11 16:53: **********Train Epoch 85: averaged Loss: 0.002619
2026-05-11 16:53: **********Val Epoch 85: average Loss: 0.002929
2026-05-11 16:53: Train Epoch 86: 0/85 Loss: 0.002129
2026-05-11 16:53: Train Epoch 86: 20/85 Loss: 0.001998
2026-05-11 16:53: Train Epoch 86: 40/85 Loss: 0.001841
2026-05-11 16:53: Train Epoch 86: 60/85 Loss: 0.002619
2026-05-11 16:53: Train Epoch 86: 80/85 Loss: 0.002211
2026-05-11 16:53: **********Train Epoch 86: averaged Loss: 0.002543
2026-05-11 16:53: **********Val Epoch 86: average Loss: 0.003160
2026-05-11 16:53: Train Epoch 87: 0/85 Loss: 0.002125
2026-05-11 16:53: Train Epoch 87: 20/85 Loss: 0.002034
2026-05-11 16:53: Train Epoch 87: 40/85 Loss: 0.002225
2026-05-11 16:53: Train Epoch 87: 60/85 Loss: 0.002730
2026-05-11 16:53: Train Epoch 87: 80/85 Loss: 0.002312
2026-05-11 16:53: **********Train Epoch 87: averaged Loss: 0.002539
2026-05-11 16:53: **********Val Epoch 87: average Loss: 0.002968
2026-05-11 16:53: Train Epoch 88: 0/85 Loss: 0.002486
2026-05-11 16:53: Train Epoch 88: 20/85 Loss: 0.001809
2026-05-11 16:53: Train Epoch 88: 40/85 Loss: 0.001196
2026-05-11 16:53: Train Epoch 88: 60/85 Loss: 0.002672
2026-05-11 16:53: Train Epoch 88: 80/85 Loss: 0.002171
2026-05-11 16:53: **********Train Epoch 88: averaged Loss: 0.002474
2026-05-11 16:53: **********Val Epoch 88: average Loss: 0.003424
2026-05-11 16:53: Train Epoch 89: 0/85 Loss: 0.002274
2026-05-11 16:53: Train Epoch 89: 20/85 Loss: 0.002013
2026-05-11 16:53: Train Epoch 89: 40/85 Loss: 0.001485
2026-05-11 16:53: Train Epoch 89: 60/85 Loss: 0.002623
2026-05-11 16:53: Train Epoch 89: 80/85 Loss: 0.002286
2026-05-11 16:53: **********Train Epoch 89: averaged Loss: 0.002498
2026-05-11 16:53: **********Val Epoch 89: average Loss: 0.003774
2026-05-11 16:53: Train Epoch 90: 0/85 Loss: 0.001993
2026-05-11 16:53: Train Epoch 90: 20/85 Loss: 0.002011
2026-05-11 16:53: Train Epoch 90: 40/85 Loss: 0.002940
2026-05-11 16:53: Train Epoch 90: 60/85 Loss: 0.002168
2026-05-11 16:53: Train Epoch 90: 80/85 Loss: 0.002166
2026-05-11 16:54: **********Train Epoch 90: averaged Loss: 0.002456
2026-05-11 16:54: **********Val Epoch 90: average Loss: 0.003264
2026-05-11 16:54: Train Epoch 91: 0/85 Loss: 0.002159
2026-05-11 16:54: Train Epoch 91: 20/85 Loss: 0.001978
2026-05-11 16:54: Train Epoch 91: 40/85 Loss: 0.003033
2026-05-11 16:54: Train Epoch 91: 60/85 Loss: 0.003175
2026-05-11 16:54: Train Epoch 91: 80/85 Loss: 0.001939
2026-05-11 16:54: **********Train Epoch 91: averaged Loss: 0.002499
2026-05-11 16:54: **********Val Epoch 91: average Loss: 0.003372
2026-05-11 16:54: Train Epoch 92: 0/85 Loss: 0.002378
2026-05-11 16:54: Train Epoch 92: 20/85 Loss: 0.002147
2026-05-11 16:54: Train Epoch 92: 40/85 Loss: 0.002692
2026-05-11 16:54: Train Epoch 92: 60/85 Loss: 0.003215
2026-05-11 16:54: Train Epoch 92: 80/85 Loss: 0.002276
2026-05-11 16:54: **********Train Epoch 92: averaged Loss: 0.002462
2026-05-11 16:54: **********Val Epoch 92: average Loss: 0.003072
2026-05-11 16:54: Train Epoch 93: 0/85 Loss: 0.002324
2026-05-11 16:54: Train Epoch 93: 20/85 Loss: 0.001729
2026-05-11 16:54: Train Epoch 93: 40/85 Loss: 0.003391
2026-05-11 16:54: Train Epoch 93: 60/85 Loss: 0.002487
2026-05-11 16:54: Train Epoch 93: 80/85 Loss: 0.002325
2026-05-11 16:54: **********Train Epoch 93: averaged Loss: 0.002493
2026-05-11 16:54: **********Val Epoch 93: average Loss: 0.003218
2026-05-11 16:54: Train Epoch 94: 0/85 Loss: 0.002214
2026-05-11 16:54: Train Epoch 94: 20/85 Loss: 0.002127
2026-05-11 16:54: Train Epoch 94: 40/85 Loss: 0.001689
2026-05-11 16:54: Train Epoch 94: 60/85 Loss: 0.003466
2026-05-11 16:54: Train Epoch 94: 80/85 Loss: 0.002217
2026-05-11 16:54: **********Train Epoch 94: averaged Loss: 0.002399
2026-05-11 16:54: **********Val Epoch 94: average Loss: 0.003172
2026-05-11 16:54: Train Epoch 95: 0/85 Loss: 0.002164
2026-05-11 16:54: Train Epoch 95: 20/85 Loss: 0.002117
2026-05-11 16:54: Train Epoch 95: 40/85 Loss: 0.001358
2026-05-11 16:54: Train Epoch 95: 60/85 Loss: 0.002250
2026-05-11 16:54: Train Epoch 95: 80/85 Loss: 0.001979
2026-05-11 16:54: **********Train Epoch 95: averaged Loss: 0.002356
2026-05-11 16:54: **********Val Epoch 95: average Loss: 0.003668
2026-05-11 16:54: Train Epoch 96: 0/85 Loss: 0.002243
2026-05-11 16:54: Train Epoch 96: 20/85 Loss: 0.002054
2026-05-11 16:54: Train Epoch 96: 40/85 Loss: 0.002403
2026-05-11 16:54: Train Epoch 96: 60/85 Loss: 0.002456
2026-05-11 16:54: Train Epoch 96: 80/85 Loss: 0.002123
2026-05-11 16:54: **********Train Epoch 96: averaged Loss: 0.002339
2026-05-11 16:54: **********Val Epoch 96: average Loss: 0.003307
2026-05-11 16:54: Train Epoch 97: 0/85 Loss: 0.002160
2026-05-11 16:54: Train Epoch 97: 20/85 Loss: 0.002151
2026-05-11 16:54: Train Epoch 97: 40/85 Loss: 0.001305
2026-05-11 16:54: Train Epoch 97: 60/85 Loss: 0.002515
2026-05-11 16:54: Train Epoch 97: 80/85 Loss: 0.002030
2026-05-11 16:54: **********Train Epoch 97: averaged Loss: 0.002360
2026-05-11 16:54: **********Val Epoch 97: average Loss: 0.003951
2026-05-11 16:54: Train Epoch 98: 0/85 Loss: 0.002345
2026-05-11 16:54: Train Epoch 98: 20/85 Loss: 0.001740
2026-05-11 16:54: Train Epoch 98: 40/85 Loss: 0.001255
2026-05-11 16:54: Train Epoch 98: 60/85 Loss: 0.002049
2026-05-11 16:54: Train Epoch 98: 80/85 Loss: 0.002309
2026-05-11 16:54: **********Train Epoch 98: averaged Loss: 0.002212
2026-05-11 16:54: **********Val Epoch 98: average Loss: 0.003407
2026-05-11 16:54: Train Epoch 99: 0/85 Loss: 0.002327
2026-05-11 16:54: Train Epoch 99: 20/85 Loss: 0.001945
2026-05-11 16:54: Train Epoch 99: 40/85 Loss: 0.001356
2026-05-11 16:54: Train Epoch 99: 60/85 Loss: 0.002670
2026-05-11 16:54: Train Epoch 99: 80/85 Loss: 0.002311
2026-05-11 16:54: **********Train Epoch 99: averaged Loss: 0.002168
2026-05-11 16:54: **********Val Epoch 99: average Loss: 0.003526
2026-05-11 16:54: Train Epoch 100: 0/85 Loss: 0.002165
2026-05-11 16:54: Train Epoch 100: 20/85 Loss: 0.001927
2026-05-11 16:54: Train Epoch 100: 40/85 Loss: 0.001933
2026-05-11 16:54: Train Epoch 100: 60/85 Loss: 0.002336
2026-05-11 16:54: Train Epoch 100: 80/85 Loss: 0.002288
2026-05-11 16:54: **********Train Epoch 100: averaged Loss: 0.002163
2026-05-11 16:54: **********Val Epoch 100: average Loss: 0.003296
2026-05-11 16:54: Train Epoch 101: 0/85 Loss: 0.002048
2026-05-11 16:54: Train Epoch 101: 20/85 Loss: 0.001890
2026-05-11 16:54: Train Epoch 101: 40/85 Loss: 0.001556
2026-05-11 16:54: Train Epoch 101: 60/85 Loss: 0.003297
2026-05-11 16:54: Train Epoch 101: 80/85 Loss: 0.001838
2026-05-11 16:54: **********Train Epoch 101: averaged Loss: 0.002114
2026-05-11 16:54: **********Val Epoch 101: average Loss: 0.003534
2026-05-11 16:54: Train Epoch 102: 0/85 Loss: 0.002124
2026-05-11 16:54: Train Epoch 102: 20/85 Loss: 0.002063
2026-05-11 16:54: Train Epoch 102: 40/85 Loss: 0.001121
2026-05-11 16:54: Train Epoch 102: 60/85 Loss: 0.002168
2026-05-11 16:54: Train Epoch 102: 80/85 Loss: 0.002233
2026-05-11 16:54: **********Train Epoch 102: averaged Loss: 0.002064
2026-05-11 16:54: **********Val Epoch 102: average Loss: 0.003440
2026-05-11 16:54: Train Epoch 103: 0/85 Loss: 0.002188
2026-05-11 16:54: Train Epoch 103: 20/85 Loss: 0.001868
2026-05-11 16:54: Train Epoch 103: 40/85 Loss: 0.001772
2026-05-11 16:54: Train Epoch 103: 60/85 Loss: 0.003056
2026-05-11 16:54: Train Epoch 103: 80/85 Loss: 0.002203
2026-05-11 16:54: **********Train Epoch 103: averaged Loss: 0.002083
2026-05-11 16:54: **********Val Epoch 103: average Loss: 0.003185
2026-05-11 16:54: Train Epoch 104: 0/85 Loss: 0.002140
2026-05-11 16:54: Train Epoch 104: 20/85 Loss: 0.001767
2026-05-11 16:54: Train Epoch 104: 40/85 Loss: 0.002057
2026-05-11 16:54: Train Epoch 104: 60/85 Loss: 0.002304
2026-05-11 16:54: Train Epoch 104: 80/85 Loss: 0.002378
2026-05-11 16:54: **********Train Epoch 104: averaged Loss: 0.002119
2026-05-11 16:54: **********Val Epoch 104: average Loss: 0.003075
2026-05-11 16:54: Train Epoch 105: 0/85 Loss: 0.002165
2026-05-11 16:54: Train Epoch 105: 20/85 Loss: 0.001872
2026-05-11 16:54: Train Epoch 105: 40/85 Loss: 0.002407
2026-05-11 16:54: Train Epoch 105: 60/85 Loss: 0.003385
2026-05-11 16:54: Train Epoch 105: 80/85 Loss: 0.002435
2026-05-11 16:54: **********Train Epoch 105: averaged Loss: 0.002072
2026-05-11 16:54: **********Val Epoch 105: average Loss: 0.002936
2026-05-11 16:54: Train Epoch 106: 0/85 Loss: 0.002270
2026-05-11 16:54: Train Epoch 106: 20/85 Loss: 0.001809
2026-05-11 16:55: Train Epoch 106: 40/85 Loss: 0.002470
2026-05-11 16:55: Train Epoch 106: 60/85 Loss: 0.001841
2026-05-11 16:55: Train Epoch 106: 80/85 Loss: 0.002211
2026-05-11 16:55: **********Train Epoch 106: averaged Loss: 0.002078
2026-05-11 16:55: **********Val Epoch 106: average Loss: 0.003249
2026-05-11 16:55: Train Epoch 107: 0/85 Loss: 0.002267
2026-05-11 16:55: Train Epoch 107: 20/85 Loss: 0.002090
2026-05-11 16:55: Train Epoch 107: 40/85 Loss: 0.002310
2026-05-11 16:55: Train Epoch 107: 60/85 Loss: 0.003299
2026-05-11 16:55: Train Epoch 107: 80/85 Loss: 0.002203
2026-05-11 16:55: **********Train Epoch 107: averaged Loss: 0.002034
2026-05-11 16:55: **********Val Epoch 107: average Loss: 0.003279
2026-05-11 16:55: Train Epoch 108: 0/85 Loss: 0.002127
2026-05-11 16:55: Train Epoch 108: 20/85 Loss: 0.001645
2026-05-11 16:55: Train Epoch 108: 40/85 Loss: 0.001454
2026-05-11 16:55: Train Epoch 108: 60/85 Loss: 0.001742
2026-05-11 16:55: Train Epoch 108: 80/85 Loss: 0.002319
2026-05-11 16:55: **********Train Epoch 108: averaged Loss: 0.001933
2026-05-11 16:55: **********Val Epoch 108: average Loss: 0.002962
2026-05-11 16:55: Train Epoch 109: 0/85 Loss: 0.002317
2026-05-11 16:55: Train Epoch 109: 20/85 Loss: 0.001931
2026-05-11 16:55: Train Epoch 109: 40/85 Loss: 0.001346
2026-05-11 16:55: Train Epoch 109: 60/85 Loss: 0.002110
2026-05-11 16:55: Train Epoch 109: 80/85 Loss: 0.002858
2026-05-11 16:55: **********Train Epoch 109: averaged Loss: 0.001934
2026-05-11 16:55: **********Val Epoch 109: average Loss: 0.003171
2026-05-11 16:55: Train Epoch 110: 0/85 Loss: 0.002278
2026-05-11 16:55: Train Epoch 110: 20/85 Loss: 0.001687
2026-05-11 16:55: Train Epoch 110: 40/85 Loss: 0.001759
2026-05-11 16:55: Train Epoch 110: 60/85 Loss: 0.002853
2026-05-11 16:55: Train Epoch 110: 80/85 Loss: 0.001810
2026-05-11 16:55: **********Train Epoch 110: averaged Loss: 0.001928
2026-05-11 16:55: **********Val Epoch 110: average Loss: 0.003283
2026-05-11 16:55: Train Epoch 111: 0/85 Loss: 0.002287
2026-05-11 16:55: Train Epoch 111: 20/85 Loss: 0.001588
2026-05-11 16:55: Train Epoch 111: 40/85 Loss: 0.000928
2026-05-11 16:55: Train Epoch 111: 60/85 Loss: 0.001978
2026-05-11 16:55: Train Epoch 111: 80/85 Loss: 0.002117
2026-05-11 16:55: **********Train Epoch 111: averaged Loss: 0.001854
2026-05-11 16:55: **********Val Epoch 111: average Loss: 0.003531
2026-05-11 16:55: Train Epoch 112: 0/85 Loss: 0.002193
2026-05-11 16:55: Train Epoch 112: 20/85 Loss: 0.001663
2026-05-11 16:55: Train Epoch 112: 40/85 Loss: 0.001066
2026-05-11 16:55: Train Epoch 112: 60/85 Loss: 0.001859
2026-05-11 16:55: Train Epoch 112: 80/85 Loss: 0.002154
2026-05-11 16:55: **********Train Epoch 112: averaged Loss: 0.001816
2026-05-11 16:55: **********Val Epoch 112: average Loss: 0.003277
2026-05-11 16:55: Train Epoch 113: 0/85 Loss: 0.002138
2026-05-11 16:55: Train Epoch 113: 20/85 Loss: 0.001575
2026-05-11 16:55: Train Epoch 113: 40/85 Loss: 0.001064
2026-05-11 16:55: Train Epoch 113: 60/85 Loss: 0.003014
2026-05-11 16:55: Train Epoch 113: 80/85 Loss: 0.001862
2026-05-11 16:55: **********Train Epoch 113: averaged Loss: 0.001820
2026-05-11 16:55: **********Val Epoch 113: average Loss: 0.003197
2026-05-11 16:55: Train Epoch 114: 0/85 Loss: 0.002213
2026-05-11 16:55: Train Epoch 114: 20/85 Loss: 0.001690
2026-05-11 16:55: Train Epoch 114: 40/85 Loss: 0.001363
2026-05-11 16:55: Train Epoch 114: 60/85 Loss: 0.002048
2026-05-11 16:55: Train Epoch 114: 80/85 Loss: 0.001942
2026-05-11 16:55: **********Train Epoch 114: averaged Loss: 0.001937
2026-05-11 16:55: **********Val Epoch 114: average Loss: 0.003288
2026-05-11 16:55: Train Epoch 115: 0/85 Loss: 0.001960
2026-05-11 16:55: Train Epoch 115: 20/85 Loss: 0.001605
2026-05-11 16:55: Train Epoch 115: 40/85 Loss: 0.001899
2026-05-11 16:55: Train Epoch 115: 60/85 Loss: 0.002599
2026-05-11 16:55: Train Epoch 115: 80/85 Loss: 0.001930
2026-05-11 16:55: **********Train Epoch 115: averaged Loss: 0.001883
2026-05-11 16:55: **********Val Epoch 115: average Loss: 0.003184
2026-05-11 16:55: Train Epoch 116: 0/85 Loss: 0.001919
2026-05-11 16:55: Train Epoch 116: 20/85 Loss: 0.001599
2026-05-11 16:55: Train Epoch 116: 40/85 Loss: 0.000768
2026-05-11 16:55: Train Epoch 116: 60/85 Loss: 0.002026
2026-05-11 16:55: Train Epoch 116: 80/85 Loss: 0.001898
2026-05-11 16:55: **********Train Epoch 116: averaged Loss: 0.001798
2026-05-11 16:55: **********Val Epoch 116: average Loss: 0.003059
2026-05-11 16:55: Train Epoch 117: 0/85 Loss: 0.002000
2026-05-11 16:55: Train Epoch 117: 20/85 Loss: 0.001377
2026-05-11 16:55: Train Epoch 117: 40/85 Loss: 0.000497
2026-05-11 16:55: Train Epoch 117: 60/85 Loss: 0.002447
2026-05-11 16:55: Train Epoch 117: 80/85 Loss: 0.002312
2026-05-11 16:55: **********Train Epoch 117: averaged Loss: 0.001750
2026-05-11 16:55: **********Val Epoch 117: average Loss: 0.002987
2026-05-11 16:55: Train Epoch 118: 0/85 Loss: 0.001821
2026-05-11 16:55: Train Epoch 118: 20/85 Loss: 0.001539
2026-05-11 16:55: Train Epoch 118: 40/85 Loss: 0.001284
2026-05-11 16:55: Train Epoch 118: 60/85 Loss: 0.003173
2026-05-11 16:55: Train Epoch 118: 80/85 Loss: 0.002239
2026-05-11 16:55: **********Train Epoch 118: averaged Loss: 0.001777
2026-05-11 16:55: **********Val Epoch 118: average Loss: 0.003057
2026-05-11 16:55: Train Epoch 119: 0/85 Loss: 0.001971
2026-05-11 16:55: Train Epoch 119: 20/85 Loss: 0.001360
2026-05-11 16:55: Train Epoch 119: 40/85 Loss: 0.003049
2026-05-11 16:55: Train Epoch 119: 60/85 Loss: 0.002850
2026-05-11 16:55: Train Epoch 119: 80/85 Loss: 0.002187
2026-05-11 16:55: **********Train Epoch 119: averaged Loss: 0.001928
2026-05-11 16:55: **********Val Epoch 119: average Loss: 0.003129
2026-05-11 16:55: Train Epoch 120: 0/85 Loss: 0.001964
2026-05-11 16:55: Train Epoch 120: 20/85 Loss: 0.001518
2026-05-11 16:55: Train Epoch 120: 40/85 Loss: 0.001808
2026-05-11 16:55: Train Epoch 120: 60/85 Loss: 0.003041
2026-05-11 16:55: Train Epoch 120: 80/85 Loss: 0.002200
2026-05-11 16:55: **********Train Epoch 120: averaged Loss: 0.001873
2026-05-11 16:55: **********Val Epoch 120: average Loss: 0.002987
2026-05-11 16:55: Train Epoch 121: 0/85 Loss: 0.002004
2026-05-11 16:55: Train Epoch 121: 20/85 Loss: 0.001743
2026-05-11 16:55: Train Epoch 121: 40/85 Loss: 0.002761
2026-05-11 16:56: Train Epoch 121: 60/85 Loss: 0.002054
2026-05-11 16:56: Train Epoch 121: 80/85 Loss: 0.002070
2026-05-11 16:56: **********Train Epoch 121: averaged Loss: 0.001815
2026-05-11 16:56: **********Val Epoch 121: average Loss: 0.002999
2026-05-11 16:56: Train Epoch 122: 0/85 Loss: 0.002051
2026-05-11 16:56: Train Epoch 122: 20/85 Loss: 0.001248
2026-05-11 16:56: Train Epoch 122: 40/85 Loss: 0.001077
2026-05-11 16:56: Train Epoch 122: 60/85 Loss: 0.002194
2026-05-11 16:56: Train Epoch 122: 80/85 Loss: 0.002241
2026-05-11 16:56: **********Train Epoch 122: averaged Loss: 0.001748
2026-05-11 16:56: **********Val Epoch 122: average Loss: 0.003358
2026-05-11 16:56: Train Epoch 123: 0/85 Loss: 0.002143
2026-05-11 16:56: Train Epoch 123: 20/85 Loss: 0.001371
2026-05-11 16:56: Train Epoch 123: 40/85 Loss: 0.000788
2026-05-11 16:56: Train Epoch 123: 60/85 Loss: 0.001957
2026-05-11 16:56: Train Epoch 123: 80/85 Loss: 0.002354
2026-05-11 16:56: **********Train Epoch 123: averaged Loss: 0.001633
2026-05-11 16:56: **********Val Epoch 123: average Loss: 0.003392
2026-05-11 16:56: Train Epoch 124: 0/85 Loss: 0.002050
2026-05-11 16:56: Train Epoch 124: 20/85 Loss: 0.001287
2026-05-11 16:56: Train Epoch 124: 40/85 Loss: 0.001164
2026-05-11 16:56: Train Epoch 124: 60/85 Loss: 0.002074
2026-05-11 16:56: Train Epoch 124: 80/85 Loss: 0.002658
2026-05-11 16:56: **********Train Epoch 124: averaged Loss: 0.001683
2026-05-11 16:56: **********Val Epoch 124: average Loss: 0.003438
2026-05-11 16:56: Train Epoch 125: 0/85 Loss: 0.002067
2026-05-11 16:56: Train Epoch 125: 20/85 Loss: 0.001193
2026-05-11 16:56: Train Epoch 125: 40/85 Loss: 0.001024
2026-05-11 16:56: Train Epoch 125: 60/85 Loss: 0.001814
2026-05-11 16:56: Train Epoch 125: 80/85 Loss: 0.002096
2026-05-11 16:56: **********Train Epoch 125: averaged Loss: 0.001695
2026-05-11 16:56: **********Val Epoch 125: average Loss: 0.003405
2026-05-11 16:56: Train Epoch 126: 0/85 Loss: 0.002182
2026-05-11 16:56: Train Epoch 126: 20/85 Loss: 0.001368
2026-05-11 16:56: Train Epoch 126: 40/85 Loss: 0.000626
2026-05-11 16:56: Train Epoch 126: 60/85 Loss: 0.001730
2026-05-11 16:56: Train Epoch 126: 80/85 Loss: 0.001969
2026-05-11 16:56: **********Train Epoch 126: averaged Loss: 0.001580
2026-05-11 16:56: **********Val Epoch 126: average Loss: 0.003405
2026-05-11 16:56: Train Epoch 127: 0/85 Loss: 0.002143
2026-05-11 16:56: Train Epoch 127: 20/85 Loss: 0.001434
2026-05-11 16:56: Train Epoch 127: 40/85 Loss: 0.001179
2026-05-11 16:56: Train Epoch 127: 60/85 Loss: 0.001778
2026-05-11 16:56: Train Epoch 127: 80/85 Loss: 0.001948
2026-05-11 16:56: **********Train Epoch 127: averaged Loss: 0.001630
2026-05-11 16:56: **********Val Epoch 127: average Loss: 0.003586
2026-05-11 16:56: Train Epoch 128: 0/85 Loss: 0.002419
2026-05-11 16:56: Train Epoch 128: 20/85 Loss: 0.001310
2026-05-11 16:56: Train Epoch 128: 40/85 Loss: 0.000841
2026-05-11 16:56: Train Epoch 128: 60/85 Loss: 0.002287
2026-05-11 16:56: Train Epoch 128: 80/85 Loss: 0.002040
2026-05-11 16:56: **********Train Epoch 128: averaged Loss: 0.001536
2026-05-11 16:56: **********Val Epoch 128: average Loss: 0.003293
2026-05-11 16:56: Train Epoch 129: 0/85 Loss: 0.001890
2026-05-11 16:56: Train Epoch 129: 20/85 Loss: 0.001279
2026-05-11 16:56: Train Epoch 129: 40/85 Loss: 0.001170
2026-05-11 16:56: Train Epoch 129: 60/85 Loss: 0.002151
2026-05-11 16:56: Train Epoch 129: 80/85 Loss: 0.001881
2026-05-11 16:56: **********Train Epoch 129: averaged Loss: 0.001473
2026-05-11 16:56: **********Val Epoch 129: average Loss: 0.003750
2026-05-11 16:56: Train Epoch 130: 0/85 Loss: 0.001988
2026-05-11 16:56: Train Epoch 130: 20/85 Loss: 0.001326
2026-05-11 16:56: Train Epoch 130: 40/85 Loss: 0.000617
2026-05-11 16:56: Train Epoch 130: 60/85 Loss: 0.001622
2026-05-11 16:56: Train Epoch 130: 80/85 Loss: 0.001791
2026-05-11 16:56: **********Train Epoch 130: averaged Loss: 0.001424
2026-05-11 16:56: **********Val Epoch 130: average Loss: 0.003523
2026-05-11 16:56: Train Epoch 131: 0/85 Loss: 0.001919
2026-05-11 16:56: Train Epoch 131: 20/85 Loss: 0.001336
2026-05-11 16:56: Train Epoch 131: 40/85 Loss: 0.000632
2026-05-11 16:56: Train Epoch 131: 60/85 Loss: 0.001600
2026-05-11 16:56: Train Epoch 131: 80/85 Loss: 0.002135
2026-05-11 16:56: **********Train Epoch 131: averaged Loss: 0.001355
2026-05-11 16:56: **********Val Epoch 131: average Loss: 0.003510
2026-05-11 16:56: Train Epoch 132: 0/85 Loss: 0.001873
2026-05-11 16:56: Train Epoch 132: 20/85 Loss: 0.001427
2026-05-11 16:56: Train Epoch 132: 40/85 Loss: 0.000518
2026-05-11 16:56: Train Epoch 132: 60/85 Loss: 0.001932
2026-05-11 16:56: Train Epoch 132: 80/85 Loss: 0.001545
2026-05-11 16:56: **********Train Epoch 132: averaged Loss: 0.001396
2026-05-11 16:56: **********Val Epoch 132: average Loss: 0.003617
2026-05-11 16:56: Train Epoch 133: 0/85 Loss: 0.001567
2026-05-11 16:56: Train Epoch 133: 20/85 Loss: 0.001225
2026-05-11 16:56: Train Epoch 133: 40/85 Loss: 0.000770
2026-05-11 16:56: Train Epoch 133: 60/85 Loss: 0.001677
2026-05-11 16:56: Train Epoch 133: 80/85 Loss: 0.002290
2026-05-11 16:56: **********Train Epoch 133: averaged Loss: 0.001390
2026-05-11 16:56: **********Val Epoch 133: average Loss: 0.003527
2026-05-11 16:56: Train Epoch 134: 0/85 Loss: 0.001533
2026-05-11 16:56: Train Epoch 134: 20/85 Loss: 0.001371
2026-05-11 16:56: Train Epoch 134: 40/85 Loss: 0.001293
2026-05-11 16:56: Train Epoch 134: 60/85 Loss: 0.001880
2026-05-11 16:56: Train Epoch 134: 80/85 Loss: 0.001586
2026-05-11 16:56: **********Train Epoch 134: averaged Loss: 0.001360
2026-05-11 16:56: **********Val Epoch 134: average Loss: 0.003614
2026-05-11 16:56: Train Epoch 135: 0/85 Loss: 0.001648
2026-05-11 16:56: Train Epoch 135: 20/85 Loss: 0.001004
2026-05-11 16:56: Train Epoch 135: 40/85 Loss: 0.000918
2026-05-11 16:56: Train Epoch 135: 60/85 Loss: 0.001873
2026-05-11 16:56: Train Epoch 135: 80/85 Loss: 0.001980
2026-05-11 16:56: **********Train Epoch 135: averaged Loss: 0.001328
2026-05-11 16:56: **********Val Epoch 135: average Loss: 0.003320
2026-05-11 16:56: Train Epoch 136: 0/85 Loss: 0.001522
2026-05-11 16:56: Train Epoch 136: 20/85 Loss: 0.001148
2026-05-11 16:56: Train Epoch 136: 40/85 Loss: 0.000967
2026-05-11 16:56: Train Epoch 136: 60/85 Loss: 0.001159
2026-05-11 16:57: Train Epoch 136: 80/85 Loss: 0.001796
2026-05-11 16:57: **********Train Epoch 136: averaged Loss: 0.001269
2026-05-11 16:57: **********Val Epoch 136: average Loss: 0.003443
2026-05-11 16:57: Train Epoch 137: 0/85 Loss: 0.001507
2026-05-11 16:57: Train Epoch 137: 20/85 Loss: 0.001015
2026-05-11 16:57: Train Epoch 137: 40/85 Loss: 0.000674
2026-05-11 16:57: Train Epoch 137: 60/85 Loss: 0.001719
2026-05-11 16:57: Train Epoch 137: 80/85 Loss: 0.001898
2026-05-11 16:57: **********Train Epoch 137: averaged Loss: 0.001245
2026-05-11 16:57: **********Val Epoch 137: average Loss: 0.003212
2026-05-11 16:57: Train Epoch 138: 0/85 Loss: 0.001647
2026-05-11 16:57: Train Epoch 138: 20/85 Loss: 0.000886
2026-05-11 16:57: Train Epoch 138: 40/85 Loss: 0.001116
2026-05-11 16:57: Train Epoch 138: 60/85 Loss: 0.001611
2026-05-11 16:57: Train Epoch 138: 80/85 Loss: 0.001931
2026-05-11 16:57: **********Train Epoch 138: averaged Loss: 0.001242
2026-05-11 16:57: **********Val Epoch 138: average Loss: 0.003422
2026-05-11 16:57: Train Epoch 139: 0/85 Loss: 0.001496
2026-05-11 16:57: Train Epoch 139: 20/85 Loss: 0.001157
2026-05-11 16:57: Train Epoch 139: 40/85 Loss: 0.000476
2026-05-11 16:57: Train Epoch 139: 60/85 Loss: 0.001139
2026-05-11 16:57: Train Epoch 139: 80/85 Loss: 0.001385
2026-05-11 16:57: **********Train Epoch 139: averaged Loss: 0.001215
2026-05-11 16:57: **********Val Epoch 139: average Loss: 0.003654
2026-05-11 16:57: Train Epoch 140: 0/85 Loss: 0.001562
2026-05-11 16:57: Train Epoch 140: 20/85 Loss: 0.001027
2026-05-11 16:57: Train Epoch 140: 40/85 Loss: 0.001076
2026-05-11 16:57: Train Epoch 140: 60/85 Loss: 0.001373
2026-05-11 16:57: Train Epoch 140: 80/85 Loss: 0.001700
2026-05-11 16:57: **********Train Epoch 140: averaged Loss: 0.001247
2026-05-11 16:57: **********Val Epoch 140: average Loss: 0.003644
2026-05-11 16:57: Train Epoch 141: 0/85 Loss: 0.001451
2026-05-11 16:57: Train Epoch 141: 20/85 Loss: 0.000923
2026-05-11 16:57: Train Epoch 141: 40/85 Loss: 0.001264
2026-05-11 16:57: Train Epoch 141: 60/85 Loss: 0.001446
2026-05-11 16:57: Train Epoch 141: 80/85 Loss: 0.001678
2026-05-11 16:57: **********Train Epoch 141: averaged Loss: 0.001227
2026-05-11 16:57: **********Val Epoch 141: average Loss: 0.003372
2026-05-11 16:57: Train Epoch 142: 0/85 Loss: 0.001499
2026-05-11 16:57: Train Epoch 142: 20/85 Loss: 0.000902
2026-05-11 16:57: Train Epoch 142: 40/85 Loss: 0.001876
2026-05-11 16:57: Train Epoch 142: 60/85 Loss: 0.001319
2026-05-11 16:57: Train Epoch 142: 80/85 Loss: 0.001692
2026-05-11 16:57: **********Train Epoch 142: averaged Loss: 0.001187
2026-05-11 16:57: **********Val Epoch 142: average Loss: 0.003541
2026-05-11 16:57: Train Epoch 143: 0/85 Loss: 0.001654
2026-05-11 16:57: Train Epoch 143: 20/85 Loss: 0.000920
2026-05-11 16:57: Train Epoch 143: 40/85 Loss: 0.001655
2026-05-11 16:57: Train Epoch 143: 60/85 Loss: 0.001988
2026-05-11 16:57: Train Epoch 143: 80/85 Loss: 0.001482
2026-05-11 16:57: **********Train Epoch 143: averaged Loss: 0.001159
2026-05-11 16:57: **********Val Epoch 143: average Loss: 0.003550
2026-05-11 16:57: Train Epoch 144: 0/85 Loss: 0.001295
2026-05-11 16:57: Train Epoch 144: 20/85 Loss: 0.000862
2026-05-11 16:57: Train Epoch 144: 40/85 Loss: 0.000438
2026-05-11 16:57: Train Epoch 144: 60/85 Loss: 0.000793
2026-05-11 16:57: Train Epoch 144: 80/85 Loss: 0.001691
2026-05-11 16:57: **********Train Epoch 144: averaged Loss: 0.001055
2026-05-11 16:57: **********Val Epoch 144: average Loss: 0.003617
2026-05-11 16:57: Train Epoch 145: 0/85 Loss: 0.001537
2026-05-11 16:57: Train Epoch 145: 20/85 Loss: 0.001014
2026-05-11 16:57: Train Epoch 145: 40/85 Loss: 0.000897
2026-05-11 16:57: Train Epoch 145: 60/85 Loss: 0.000872
2026-05-11 16:57: Train Epoch 145: 80/85 Loss: 0.001841
2026-05-11 16:57: **********Train Epoch 145: averaged Loss: 0.001068
2026-05-11 16:57: **********Val Epoch 145: average Loss: 0.003933
2026-05-11 16:57: Train Epoch 146: 0/85 Loss: 0.001398
2026-05-11 16:57: Train Epoch 146: 20/85 Loss: 0.000855
2026-05-11 16:57: Train Epoch 146: 40/85 Loss: 0.000433
2026-05-11 16:57: Train Epoch 146: 60/85 Loss: 0.001081
2026-05-11 16:57: Train Epoch 146: 80/85 Loss: 0.001481
2026-05-11 16:57: **********Train Epoch 146: averaged Loss: 0.000994
2026-05-11 16:57: **********Val Epoch 146: average Loss: 0.003574
2026-05-11 16:57: Train Epoch 147: 0/85 Loss: 0.001272
2026-05-11 16:57: Train Epoch 147: 20/85 Loss: 0.001067
2026-05-11 16:57: Train Epoch 147: 40/85 Loss: 0.000386
2026-05-11 16:57: Train Epoch 147: 60/85 Loss: 0.000637
2026-05-11 16:57: Train Epoch 147: 80/85 Loss: 0.001550
2026-05-11 16:57: **********Train Epoch 147: averaged Loss: 0.000967
2026-05-11 16:57: **********Val Epoch 147: average Loss: 0.004122
2026-05-11 16:57: Train Epoch 148: 0/85 Loss: 0.001265
2026-05-11 16:57: Train Epoch 148: 20/85 Loss: 0.000743
2026-05-11 16:57: Train Epoch 148: 40/85 Loss: 0.000535
2026-05-11 16:57: Train Epoch 148: 60/85 Loss: 0.000818
2026-05-11 16:57: Train Epoch 148: 80/85 Loss: 0.001444
2026-05-11 16:57: **********Train Epoch 148: averaged Loss: 0.000937
2026-05-11 16:57: **********Val Epoch 148: average Loss: 0.003972
2026-05-11 16:57: Train Epoch 149: 0/85 Loss: 0.001149
2026-05-11 16:57: Train Epoch 149: 20/85 Loss: 0.000864
2026-05-11 16:57: Train Epoch 149: 40/85 Loss: 0.000328
2026-05-11 16:57: Train Epoch 149: 60/85 Loss: 0.000660
2026-05-11 16:57: Train Epoch 149: 80/85 Loss: 0.001330
2026-05-11 16:57: **********Train Epoch 149: averaged Loss: 0.000907
2026-05-11 16:57: **********Val Epoch 149: average Loss: 0.004198
2026-05-11 16:57: Train Epoch 150: 0/85 Loss: 0.001237
2026-05-11 16:57: Train Epoch 150: 20/85 Loss: 0.000672
2026-05-11 16:57: Train Epoch 150: 40/85 Loss: 0.000480
2026-05-11 16:57: Train Epoch 150: 60/85 Loss: 0.001153
2026-05-11 16:57: Train Epoch 150: 80/85 Loss: 0.001173
2026-05-11 16:57: **********Train Epoch 150: averaged Loss: 0.000936
2026-05-11 16:57: **********Val Epoch 150: average Loss: 0.004128
2026-05-11 16:57: Train Epoch 151: 0/85 Loss: 0.000953
2026-05-11 16:57: Train Epoch 151: 20/85 Loss: 0.000824
2026-05-11 16:57: Train Epoch 151: 40/85 Loss: 0.000527
2026-05-11 16:57: Train Epoch 151: 60/85 Loss: 0.000670
2026-05-11 16:57: Train Epoch 151: 80/85 Loss: 0.001296
2026-05-11 16:57: **********Train Epoch 151: averaged Loss: 0.001024
2026-05-11 16:57: **********Val Epoch 151: average Loss: 0.004165
2026-05-11 16:57: Train Epoch 152: 0/85 Loss: 0.001031
2026-05-11 16:57: Train Epoch 152: 20/85 Loss: 0.000872
2026-05-11 16:57: Train Epoch 152: 40/85 Loss: 0.000500
2026-05-11 16:58: Train Epoch 152: 60/85 Loss: 0.000926
2026-05-11 16:58: Train Epoch 152: 80/85 Loss: 0.000973
2026-05-11 16:58: **********Train Epoch 152: averaged Loss: 0.000928
2026-05-11 16:58: **********Val Epoch 152: average Loss: 0.003601
2026-05-11 16:58: Train Epoch 153: 0/85 Loss: 0.000944
2026-05-11 16:58: Train Epoch 153: 20/85 Loss: 0.001322
2026-05-11 16:58: Train Epoch 153: 40/85 Loss: 0.000742
2026-05-11 16:58: Train Epoch 153: 60/85 Loss: 0.000864
2026-05-11 16:58: Train Epoch 153: 80/85 Loss: 0.001290
2026-05-11 16:58: **********Train Epoch 153: averaged Loss: 0.000926
2026-05-11 16:58: **********Val Epoch 153: average Loss: 0.003886
2026-05-11 16:58: Train Epoch 154: 0/85 Loss: 0.000913
2026-05-11 16:58: Train Epoch 154: 20/85 Loss: 0.000733
2026-05-11 16:58: Train Epoch 154: 40/85 Loss: 0.000381
2026-05-11 16:58: Train Epoch 154: 60/85 Loss: 0.000738
2026-05-11 16:58: Train Epoch 154: 80/85 Loss: 0.001013
2026-05-11 16:58: **********Train Epoch 154: averaged Loss: 0.000780
2026-05-11 16:58: **********Val Epoch 154: average Loss: 0.003677
2026-05-11 16:58: Train Epoch 155: 0/85 Loss: 0.000796
2026-05-11 16:58: Train Epoch 155: 20/85 Loss: 0.000703
2026-05-11 16:58: Train Epoch 155: 40/85 Loss: 0.000244
2026-05-11 16:58: Train Epoch 155: 60/85 Loss: 0.000822
2026-05-11 16:58: Train Epoch 155: 80/85 Loss: 0.000972
2026-05-11 16:58: **********Train Epoch 155: averaged Loss: 0.000812
2026-05-11 16:58: **********Val Epoch 155: average Loss: 0.003687
2026-05-11 16:58: Train Epoch 156: 0/85 Loss: 0.000737
2026-05-11 16:58: Train Epoch 156: 20/85 Loss: 0.000729
2026-05-11 16:58: Train Epoch 156: 40/85 Loss: 0.000890
2026-05-11 16:58: Train Epoch 156: 60/85 Loss: 0.000827
2026-05-11 16:58: Train Epoch 156: 80/85 Loss: 0.001030
2026-05-11 16:58: **********Train Epoch 156: averaged Loss: 0.000785
2026-05-11 16:58: **********Val Epoch 156: average Loss: 0.003629
2026-05-11 16:58: Train Epoch 157: 0/85 Loss: 0.000727
2026-05-11 16:58: Train Epoch 157: 20/85 Loss: 0.000970
2026-05-11 16:58: Train Epoch 157: 40/85 Loss: 0.001938
2026-05-11 16:58: Train Epoch 157: 60/85 Loss: 0.000816
2026-05-11 16:58: Train Epoch 157: 80/85 Loss: 0.001139
2026-05-11 16:58: **********Train Epoch 157: averaged Loss: 0.000934
2026-05-11 16:58: **********Val Epoch 157: average Loss: 0.003378
2026-05-11 16:58: Train Epoch 158: 0/85 Loss: 0.000843
2026-05-11 16:58: Train Epoch 158: 20/85 Loss: 0.001029
2026-05-11 16:58: Train Epoch 158: 40/85 Loss: 0.000918
2026-05-11 16:58: Train Epoch 158: 60/85 Loss: 0.001248
2026-05-11 16:58: Train Epoch 158: 80/85 Loss: 0.001353
2026-05-11 16:58: **********Train Epoch 158: averaged Loss: 0.000957
2026-05-11 16:58: **********Val Epoch 158: average Loss: 0.003743
2026-05-11 16:58: Train Epoch 159: 0/85 Loss: 0.001030
2026-05-11 16:58: Train Epoch 159: 20/85 Loss: 0.000719
2026-05-11 16:58: Train Epoch 159: 40/85 Loss: 0.000652
2026-05-11 16:58: Train Epoch 159: 60/85 Loss: 0.001340
2026-05-11 16:58: Train Epoch 159: 80/85 Loss: 0.001058
2026-05-11 16:58: **********Train Epoch 159: averaged Loss: 0.000888
2026-05-11 16:58: **********Val Epoch 159: average Loss: 0.003669
2026-05-11 16:58: Train Epoch 160: 0/85 Loss: 0.000898
2026-05-11 16:58: Train Epoch 160: 20/85 Loss: 0.000818
2026-05-11 16:58: Train Epoch 160: 40/85 Loss: 0.000856
2026-05-11 16:58: Train Epoch 160: 60/85 Loss: 0.001332
2026-05-11 16:58: Train Epoch 160: 80/85 Loss: 0.001067
2026-05-11 16:58: **********Train Epoch 160: averaged Loss: 0.000858
2026-05-11 16:58: **********Val Epoch 160: average Loss: 0.003615
2026-05-11 16:58: Train Epoch 161: 0/85 Loss: 0.000871
2026-05-11 16:58: Train Epoch 161: 20/85 Loss: 0.000852
2026-05-11 16:58: Train Epoch 161: 40/85 Loss: 0.000819
2026-05-11 16:58: Train Epoch 161: 60/85 Loss: 0.000858
2026-05-11 16:58: Train Epoch 161: 80/85 Loss: 0.001203
2026-05-11 16:58: **********Train Epoch 161: averaged Loss: 0.000806
2026-05-11 16:58: **********Val Epoch 161: average Loss: 0.003389
2026-05-11 16:58: Train Epoch 162: 0/85 Loss: 0.000760
2026-05-11 16:58: Train Epoch 162: 20/85 Loss: 0.000589
2026-05-11 16:58: Train Epoch 162: 40/85 Loss: 0.000552
2026-05-11 16:58: Train Epoch 162: 60/85 Loss: 0.000686
2026-05-11 16:58: Train Epoch 162: 80/85 Loss: 0.001028
2026-05-11 16:58: **********Train Epoch 162: averaged Loss: 0.000749
2026-05-11 16:58: **********Val Epoch 162: average Loss: 0.003420
2026-05-11 16:58: Train Epoch 163: 0/85 Loss: 0.000945
2026-05-11 16:58: Train Epoch 163: 20/85 Loss: 0.000809
2026-05-11 16:58: Train Epoch 163: 40/85 Loss: 0.000635
2026-05-11 16:58: Train Epoch 163: 60/85 Loss: 0.000800
2026-05-11 16:58: Train Epoch 163: 80/85 Loss: 0.001214
2026-05-11 16:58: **********Train Epoch 163: averaged Loss: 0.000770
2026-05-11 16:58: **********Val Epoch 163: average Loss: 0.003322
2026-05-11 16:58: Train Epoch 164: 0/85 Loss: 0.000730
2026-05-11 16:58: Train Epoch 164: 20/85 Loss: 0.000492
2026-05-11 16:58: Train Epoch 164: 40/85 Loss: 0.000374
2026-05-11 16:58: Train Epoch 164: 60/85 Loss: 0.000552
2026-05-11 16:58: Train Epoch 164: 80/85 Loss: 0.001458
2026-05-11 16:58: **********Train Epoch 164: averaged Loss: 0.000763
2026-05-11 16:58: **********Val Epoch 164: average Loss: 0.003544
2026-05-11 16:58: Train Epoch 165: 0/85 Loss: 0.000797
2026-05-11 16:58: Train Epoch 165: 20/85 Loss: 0.000703
2026-05-11 16:58: Train Epoch 165: 40/85 Loss: 0.000583
2026-05-11 16:58: Train Epoch 165: 60/85 Loss: 0.000520
2026-05-11 16:58: Train Epoch 165: 80/85 Loss: 0.000994
2026-05-11 16:58: **********Train Epoch 165: averaged Loss: 0.000776
2026-05-11 16:58: **********Val Epoch 165: average Loss: 0.003500
2026-05-11 16:58: Train Epoch 166: 0/85 Loss: 0.001115
2026-05-11 16:58: Train Epoch 166: 20/85 Loss: 0.000716
2026-05-11 16:58: Train Epoch 166: 40/85 Loss: 0.000436
2026-05-11 16:58: Train Epoch 166: 60/85 Loss: 0.000713
2026-05-11 16:58: Train Epoch 166: 80/85 Loss: 0.000863
2026-05-11 16:58: **********Train Epoch 166: averaged Loss: 0.000777
2026-05-11 16:58: **********Val Epoch 166: average Loss: 0.003487
2026-05-11 16:58: Train Epoch 167: 0/85 Loss: 0.000969
2026-05-11 16:58: Train Epoch 167: 20/85 Loss: 0.000977
2026-05-11 16:58: Train Epoch 167: 40/85 Loss: 0.000255
2026-05-11 16:58: Train Epoch 167: 60/85 Loss: 0.000461
2026-05-11 16:58: Train Epoch 167: 80/85 Loss: 0.000968
2026-05-11 16:58: **********Train Epoch 167: averaged Loss: 0.000728
2026-05-11 16:58: **********Val Epoch 167: average Loss: 0.003598
2026-05-11 16:58: Train Epoch 168: 0/85 Loss: 0.000841
2026-05-11 16:59: Train Epoch 168: 20/85 Loss: 0.000547
2026-05-11 16:59: Train Epoch 168: 40/85 Loss: 0.000282
2026-05-11 16:59: Train Epoch 168: 60/85 Loss: 0.000643
2026-05-11 16:59: Train Epoch 168: 80/85 Loss: 0.000722
2026-05-11 16:59: **********Train Epoch 168: averaged Loss: 0.000661
2026-05-11 16:59: **********Val Epoch 168: average Loss: 0.003527
2026-05-11 16:59: Train Epoch 169: 0/85 Loss: 0.000748
2026-05-11 16:59: Train Epoch 169: 20/85 Loss: 0.000729
2026-05-11 16:59: Train Epoch 169: 40/85 Loss: 0.000453
2026-05-11 16:59: Train Epoch 169: 60/85 Loss: 0.000483
2026-05-11 16:59: Train Epoch 169: 80/85 Loss: 0.001020
2026-05-11 16:59: **********Train Epoch 169: averaged Loss: 0.000648
2026-05-11 16:59: **********Val Epoch 169: average Loss: 0.003856
2026-05-11 16:59: Train Epoch 170: 0/85 Loss: 0.000828
2026-05-11 16:59: Train Epoch 170: 20/85 Loss: 0.000990
2026-05-11 16:59: Train Epoch 170: 40/85 Loss: 0.000374
2026-05-11 16:59: Train Epoch 170: 60/85 Loss: 0.000412
2026-05-11 16:59: Train Epoch 170: 80/85 Loss: 0.000828
2026-05-11 16:59: **********Train Epoch 170: averaged Loss: 0.000633
2026-05-11 16:59: **********Val Epoch 170: average Loss: 0.003729
2026-05-11 16:59: Train Epoch 171: 0/85 Loss: 0.000849
2026-05-11 16:59: Train Epoch 171: 20/85 Loss: 0.000770
2026-05-11 16:59: Train Epoch 171: 40/85 Loss: 0.000379
2026-05-11 16:59: Train Epoch 171: 60/85 Loss: 0.000544
2026-05-11 16:59: Train Epoch 171: 80/85 Loss: 0.000908
2026-05-11 16:59: **********Train Epoch 171: averaged Loss: 0.000668
2026-05-11 16:59: **********Val Epoch 171: average Loss: 0.003989
2026-05-11 16:59: Train Epoch 172: 0/85 Loss: 0.000620
2026-05-11 16:59: Train Epoch 172: 20/85 Loss: 0.001030
2026-05-11 16:59: Train Epoch 172: 40/85 Loss: 0.000275
2026-05-11 16:59: Train Epoch 172: 60/85 Loss: 0.000883
2026-05-11 16:59: Train Epoch 172: 80/85 Loss: 0.000801
2026-05-11 16:59: **********Train Epoch 172: averaged Loss: 0.000741
2026-05-11 16:59: **********Val Epoch 172: average Loss: 0.003955
2026-05-11 16:59: Train Epoch 173: 0/85 Loss: 0.000646
2026-05-11 16:59: Train Epoch 173: 20/85 Loss: 0.000587
2026-05-11 16:59: Train Epoch 173: 40/85 Loss: 0.000406
2026-05-11 16:59: Train Epoch 173: 60/85 Loss: 0.001004
2026-05-11 16:59: Train Epoch 173: 80/85 Loss: 0.000740
2026-05-11 16:59: **********Train Epoch 173: averaged Loss: 0.000808
2026-05-11 16:59: **********Val Epoch 173: average Loss: 0.004062
2026-05-11 16:59: Train Epoch 174: 0/85 Loss: 0.000756
2026-05-11 16:59: Train Epoch 174: 20/85 Loss: 0.000809
2026-05-11 16:59: Train Epoch 174: 40/85 Loss: 0.000800
2026-05-11 16:59: Train Epoch 174: 60/85 Loss: 0.001084
2026-05-11 16:59: Train Epoch 174: 80/85 Loss: 0.000802
2026-05-11 16:59: **********Train Epoch 174: averaged Loss: 0.000806
2026-05-11 16:59: **********Val Epoch 174: average Loss: 0.003657
2026-05-11 16:59: Train Epoch 175: 0/85 Loss: 0.000618
2026-05-11 16:59: Train Epoch 175: 20/85 Loss: 0.000620
2026-05-11 16:59: Train Epoch 175: 40/85 Loss: 0.000465
2026-05-11 16:59: Train Epoch 175: 60/85 Loss: 0.000341
2026-05-11 16:59: Train Epoch 175: 80/85 Loss: 0.001023
2026-05-11 16:59: **********Train Epoch 175: averaged Loss: 0.000758
2026-05-11 16:59: **********Val Epoch 175: average Loss: 0.003747
2026-05-11 16:59: Train Epoch 176: 0/85 Loss: 0.000769
2026-05-11 16:59: Train Epoch 176: 20/85 Loss: 0.000893
2026-05-11 16:59: Train Epoch 176: 40/85 Loss: 0.000379
2026-05-11 16:59: Train Epoch 176: 60/85 Loss: 0.000569
2026-05-11 16:59: Train Epoch 176: 80/85 Loss: 0.000655
2026-05-11 16:59: **********Train Epoch 176: averaged Loss: 0.000738
2026-05-11 16:59: **********Val Epoch 176: average Loss: 0.003466
2026-05-11 16:59: Train Epoch 177: 0/85 Loss: 0.000559
2026-05-11 16:59: Train Epoch 177: 20/85 Loss: 0.000465
2026-05-11 16:59: Train Epoch 177: 40/85 Loss: 0.000226
2026-05-11 16:59: Train Epoch 177: 60/85 Loss: 0.000793
2026-05-11 16:59: Train Epoch 177: 80/85 Loss: 0.000912
2026-05-11 16:59: **********Train Epoch 177: averaged Loss: 0.000741
2026-05-11 16:59: **********Val Epoch 177: average Loss: 0.003422
2026-05-11 16:59: Train Epoch 178: 0/85 Loss: 0.000692
2026-05-11 16:59: Train Epoch 178: 20/85 Loss: 0.000781
2026-05-11 16:59: Train Epoch 178: 40/85 Loss: 0.000292
2026-05-11 16:59: Train Epoch 178: 60/85 Loss: 0.000672
2026-05-11 16:59: Train Epoch 178: 80/85 Loss: 0.001008
2026-05-11 16:59: **********Train Epoch 178: averaged Loss: 0.000776
2026-05-11 16:59: **********Val Epoch 178: average Loss: 0.003511
2026-05-11 16:59: Train Epoch 179: 0/85 Loss: 0.001302
2026-05-11 16:59: Train Epoch 179: 20/85 Loss: 0.000868
2026-05-11 16:59: Train Epoch 179: 40/85 Loss: 0.000761
2026-05-11 16:59: Train Epoch 179: 60/85 Loss: 0.001124
2026-05-11 16:59: Train Epoch 179: 80/85 Loss: 0.001025
2026-05-11 16:59: **********Train Epoch 179: averaged Loss: 0.000910
2026-05-11 16:59: **********Val Epoch 179: average Loss: 0.003416
2026-05-11 16:59: Train Epoch 180: 0/85 Loss: 0.001028
2026-05-11 16:59: Train Epoch 180: 20/85 Loss: 0.000612
2026-05-11 16:59: Train Epoch 180: 40/85 Loss: 0.000411
2026-05-11 16:59: Train Epoch 180: 60/85 Loss: 0.000709
2026-05-11 16:59: Train Epoch 180: 80/85 Loss: 0.001028
2026-05-11 16:59: **********Train Epoch 180: averaged Loss: 0.000771
2026-05-11 16:59: **********Val Epoch 180: average Loss: 0.003832
2026-05-11 16:59: Train Epoch 181: 0/85 Loss: 0.000623
2026-05-11 16:59: Train Epoch 181: 20/85 Loss: 0.000565
2026-05-11 16:59: Train Epoch 181: 40/85 Loss: 0.000913
2026-05-11 16:59: Train Epoch 181: 60/85 Loss: 0.000504
2026-05-11 16:59: Train Epoch 181: 80/85 Loss: 0.000897
2026-05-11 16:59: **********Train Epoch 181: averaged Loss: 0.000638
2026-05-11 16:59: **********Val Epoch 181: average Loss: 0.003587
2026-05-11 16:59: Train Epoch 182: 0/85 Loss: 0.000588
2026-05-11 16:59: Train Epoch 182: 20/85 Loss: 0.000595
2026-05-11 16:59: Train Epoch 182: 40/85 Loss: 0.000675
2026-05-11 16:59: Train Epoch 182: 60/85 Loss: 0.000566
2026-05-11 16:59: Train Epoch 182: 80/85 Loss: 0.000607
2026-05-11 16:59: **********Train Epoch 182: averaged Loss: 0.000558
2026-05-11 16:59: **********Val Epoch 182: average Loss: 0.003534
2026-05-11 16:59: Train Epoch 183: 0/85 Loss: 0.000533
2026-05-11 16:59: Train Epoch 183: 20/85 Loss: 0.000394
2026-05-11 16:59: Train Epoch 183: 40/85 Loss: 0.001047
2026-05-11 16:59: Train Epoch 183: 60/85 Loss: 0.000825
2026-05-11 16:59: Train Epoch 183: 80/85 Loss: 0.000658
2026-05-11 17:00: **********Train Epoch 183: averaged Loss: 0.000493
2026-05-11 17:00: **********Val Epoch 183: average Loss: 0.003903
2026-05-11 17:00: Train Epoch 184: 0/85 Loss: 0.000439
2026-05-11 17:00: Train Epoch 184: 20/85 Loss: 0.000417
2026-05-11 17:00: Train Epoch 184: 40/85 Loss: 0.000629
2026-05-11 17:00: Train Epoch 184: 60/85 Loss: 0.000400
2026-05-11 17:00: Train Epoch 184: 80/85 Loss: 0.000588
2026-05-11 17:00: **********Train Epoch 184: averaged Loss: 0.000433
2026-05-11 17:00: **********Val Epoch 184: average Loss: 0.003633
2026-05-11 17:00: Train Epoch 185: 0/85 Loss: 0.000419
2026-05-11 17:00: Train Epoch 185: 20/85 Loss: 0.000323
2026-05-11 17:00: Train Epoch 185: 40/85 Loss: 0.000625
2026-05-11 17:00: Train Epoch 185: 60/85 Loss: 0.000394
2026-05-11 17:00: Train Epoch 185: 80/85 Loss: 0.000420
2026-05-11 17:00: **********Train Epoch 185: averaged Loss: 0.000371
2026-05-11 17:00: **********Val Epoch 185: average Loss: 0.003740
2026-05-11 17:00: Train Epoch 186: 0/85 Loss: 0.000510
2026-05-11 17:00: Train Epoch 186: 20/85 Loss: 0.000391
2026-05-11 17:00: Train Epoch 186: 40/85 Loss: 0.000353
2026-05-11 17:00: Train Epoch 186: 60/85 Loss: 0.000261
2026-05-11 17:00: Train Epoch 186: 80/85 Loss: 0.000292
2026-05-11 17:00: **********Train Epoch 186: averaged Loss: 0.000350
2026-05-11 17:00: **********Val Epoch 186: average Loss: 0.003716
2026-05-11 17:00: Train Epoch 187: 0/85 Loss: 0.000425
2026-05-11 17:00: Train Epoch 187: 20/85 Loss: 0.000271
2026-05-11 17:00: Train Epoch 187: 40/85 Loss: 0.000216
2026-05-11 17:00: Train Epoch 187: 60/85 Loss: 0.000314
2026-05-11 17:00: Train Epoch 187: 80/85 Loss: 0.000269
2026-05-11 17:00: **********Train Epoch 187: averaged Loss: 0.000335
2026-05-11 17:00: **********Val Epoch 187: average Loss: 0.004008
2026-05-11 17:00: Train Epoch 188: 0/85 Loss: 0.000362
2026-05-11 17:00: Train Epoch 188: 20/85 Loss: 0.000416
2026-05-11 17:00: Train Epoch 188: 40/85 Loss: 0.000268
2026-05-11 17:00: Train Epoch 188: 60/85 Loss: 0.000371
2026-05-11 17:00: Train Epoch 188: 80/85 Loss: 0.000333
2026-05-11 17:00: **********Train Epoch 188: averaged Loss: 0.000347
2026-05-11 17:00: **********Val Epoch 188: average Loss: 0.003879
2026-05-11 17:00: Train Epoch 189: 0/85 Loss: 0.000363
2026-05-11 17:00: Train Epoch 189: 20/85 Loss: 0.000363
2026-05-11 17:00: Train Epoch 189: 40/85 Loss: 0.000292
2026-05-11 17:00: Train Epoch 189: 60/85 Loss: 0.000505
2026-05-11 17:00: Train Epoch 189: 80/85 Loss: 0.000229
2026-05-11 17:00: **********Train Epoch 189: averaged Loss: 0.000378
2026-05-11 17:00: **********Val Epoch 189: average Loss: 0.003830
2026-05-11 17:00: Train Epoch 190: 0/85 Loss: 0.000370
2026-05-11 17:00: Train Epoch 190: 20/85 Loss: 0.000336
2026-05-11 17:00: Train Epoch 190: 40/85 Loss: 0.000815
2026-05-11 17:00: Train Epoch 190: 60/85 Loss: 0.000381
2026-05-11 17:00: Train Epoch 190: 80/85 Loss: 0.000336
2026-05-11 17:00: **********Train Epoch 190: averaged Loss: 0.000410
2026-05-11 17:00: **********Val Epoch 190: average Loss: 0.003732
2026-05-11 17:00: Train Epoch 191: 0/85 Loss: 0.000357
2026-05-11 17:00: Train Epoch 191: 20/85 Loss: 0.000300
2026-05-11 17:00: Train Epoch 191: 40/85 Loss: 0.000391
2026-05-11 17:00: Train Epoch 191: 60/85 Loss: 0.000266
2026-05-11 17:00: Train Epoch 191: 80/85 Loss: 0.000202
2026-05-11 17:00: **********Train Epoch 191: averaged Loss: 0.000361
2026-05-11 17:00: **********Val Epoch 191: average Loss: 0.003524
2026-05-11 17:00: Train Epoch 192: 0/85 Loss: 0.000300
2026-05-11 17:00: Train Epoch 192: 20/85 Loss: 0.000295
2026-05-11 17:00: Train Epoch 192: 40/85 Loss: 0.000471
2026-05-11 17:00: Train Epoch 192: 60/85 Loss: 0.000448
2026-05-11 17:00: Train Epoch 192: 80/85 Loss: 0.000318
2026-05-11 17:00: **********Train Epoch 192: averaged Loss: 0.000390
2026-05-11 17:00: **********Val Epoch 192: average Loss: 0.003700
2026-05-11 17:00: Train Epoch 193: 0/85 Loss: 0.000337
2026-05-11 17:00: Train Epoch 193: 20/85 Loss: 0.000342
2026-05-11 17:00: Train Epoch 193: 40/85 Loss: 0.000193
2026-05-11 17:00: Train Epoch 193: 60/85 Loss: 0.000295
2026-05-11 17:00: Train Epoch 193: 80/85 Loss: 0.000410
2026-05-11 17:00: **********Train Epoch 193: averaged Loss: 0.000396
2026-05-11 17:00: **********Val Epoch 193: average Loss: 0.003805
2026-05-11 17:00: Train Epoch 194: 0/85 Loss: 0.000386
2026-05-11 17:00: Train Epoch 194: 20/85 Loss: 0.000450
2026-05-11 17:00: Train Epoch 194: 40/85 Loss: 0.000292
2026-05-11 17:00: Train Epoch 194: 60/85 Loss: 0.000482
2026-05-11 17:00: Train Epoch 194: 80/85 Loss: 0.000377
2026-05-11 17:00: **********Train Epoch 194: averaged Loss: 0.000391
2026-05-11 17:00: **********Val Epoch 194: average Loss: 0.004095
2026-05-11 17:00: Train Epoch 195: 0/85 Loss: 0.000386
2026-05-11 17:00: Train Epoch 195: 20/85 Loss: 0.000316
2026-05-11 17:00: Train Epoch 195: 40/85 Loss: 0.000406
2026-05-11 17:00: Train Epoch 195: 60/85 Loss: 0.000364
2026-05-11 17:00: Train Epoch 195: 80/85 Loss: 0.000263
2026-05-11 17:00: **********Train Epoch 195: averaged Loss: 0.000389
2026-05-11 17:00: **********Val Epoch 195: average Loss: 0.003742
2026-05-11 17:00: Train Epoch 196: 0/85 Loss: 0.000399
2026-05-11 17:00: Train Epoch 196: 20/85 Loss: 0.000396
2026-05-11 17:00: Train Epoch 196: 40/85 Loss: 0.000583
2026-05-11 17:00: Train Epoch 196: 60/85 Loss: 0.000431
2026-05-11 17:00: Train Epoch 196: 80/85 Loss: 0.000438
2026-05-11 17:00: **********Train Epoch 196: averaged Loss: 0.000419
2026-05-11 17:00: **********Val Epoch 196: average Loss: 0.003618
2026-05-11 17:00: Train Epoch 197: 0/85 Loss: 0.000540
2026-05-11 17:00: Train Epoch 197: 20/85 Loss: 0.000352
2026-05-11 17:00: Train Epoch 197: 40/85 Loss: 0.000440
2026-05-11 17:00: Train Epoch 197: 60/85 Loss: 0.000589
2026-05-11 17:00: Train Epoch 197: 80/85 Loss: 0.000230
2026-05-11 17:00: **********Train Epoch 197: averaged Loss: 0.000413
2026-05-11 17:00: **********Val Epoch 197: average Loss: 0.003702
2026-05-11 17:00: Train Epoch 198: 0/85 Loss: 0.000286
2026-05-11 17:00: Train Epoch 198: 20/85 Loss: 0.000285
2026-05-11 17:00: Train Epoch 198: 40/85 Loss: 0.000449
2026-05-11 17:00: Train Epoch 198: 60/85 Loss: 0.000321
2026-05-11 17:00: Train Epoch 198: 80/85 Loss: 0.000427
2026-05-11 17:00: **********Train Epoch 198: averaged Loss: 0.000419
2026-05-11 17:00: **********Val Epoch 198: average Loss: 0.003566
2026-05-11 17:00: Train Epoch 199: 0/85 Loss: 0.000384
2026-05-11 17:00: Train Epoch 199: 20/85 Loss: 0.000342
2026-05-11 17:00: Train Epoch 199: 40/85 Loss: 0.000821
2026-05-11 17:00: Train Epoch 199: 60/85 Loss: 0.000841
2026-05-11 17:01: Train Epoch 199: 80/85 Loss: 0.000353
2026-05-11 17:01: **********Train Epoch 199: averaged Loss: 0.000417
2026-05-11 17:01: **********Val Epoch 199: average Loss: 0.003634
2026-05-11 17:01: Train Epoch 200: 0/85 Loss: 0.000504
2026-05-11 17:01: Train Epoch 200: 20/85 Loss: 0.000345
2026-05-11 17:01: Train Epoch 200: 40/85 Loss: 0.001221
2026-05-11 17:01: Train Epoch 200: 60/85 Loss: 0.000478
2026-05-11 17:01: Train Epoch 200: 80/85 Loss: 0.000300
2026-05-11 17:01: **********Train Epoch 200: averaged Loss: 0.000411
2026-05-11 17:01: **********Val Epoch 200: average Loss: 0.003578
2026-05-11 17:01: Train Epoch 201: 0/85 Loss: 0.000327
2026-05-11 17:01: Train Epoch 201: 20/85 Loss: 0.000372
2026-05-11 17:01: Train Epoch 201: 40/85 Loss: 0.000345
2026-05-11 17:01: Train Epoch 201: 60/85 Loss: 0.000783
2026-05-11 17:01: Train Epoch 201: 80/85 Loss: 0.000340
2026-05-11 17:01: **********Train Epoch 201: averaged Loss: 0.000380
2026-05-11 17:01: **********Val Epoch 201: average Loss: 0.004033
2026-05-11 17:01: Train Epoch 202: 0/85 Loss: 0.000411
2026-05-11 17:01: Train Epoch 202: 20/85 Loss: 0.000317
2026-05-11 17:01: Train Epoch 202: 40/85 Loss: 0.000650
2026-05-11 17:01: Train Epoch 202: 60/85 Loss: 0.000360
2026-05-11 17:01: Train Epoch 202: 80/85 Loss: 0.000264
2026-05-11 17:01: **********Train Epoch 202: averaged Loss: 0.000386
2026-05-11 17:01: **********Val Epoch 202: average Loss: 0.003475
2026-05-11 17:01: Train Epoch 203: 0/85 Loss: 0.000297
2026-05-11 17:01: Train Epoch 203: 20/85 Loss: 0.000238
2026-05-11 17:01: Train Epoch 203: 40/85 Loss: 0.000320
2026-05-11 17:01: Train Epoch 203: 60/85 Loss: 0.000456
2026-05-11 17:01: Train Epoch 203: 80/85 Loss: 0.000284
2026-05-11 17:01: **********Train Epoch 203: averaged Loss: 0.000347
2026-05-11 17:01: **********Val Epoch 203: average Loss: 0.003935
2026-05-11 17:01: Train Epoch 204: 0/85 Loss: 0.000431
2026-05-11 17:01: Train Epoch 204: 20/85 Loss: 0.000298
2026-05-11 17:01: Train Epoch 204: 40/85 Loss: 0.000350
2026-05-11 17:01: Train Epoch 204: 60/85 Loss: 0.000458
2026-05-11 17:01: Train Epoch 204: 80/85 Loss: 0.000349
2026-05-11 17:01: **********Train Epoch 204: averaged Loss: 0.000385
2026-05-11 17:01: **********Val Epoch 204: average Loss: 0.003587
2026-05-11 17:01: Train Epoch 205: 0/85 Loss: 0.000455
2026-05-11 17:01: Train Epoch 205: 20/85 Loss: 0.000321
2026-05-11 17:01: Train Epoch 205: 40/85 Loss: 0.000280
2026-05-11 17:01: Train Epoch 205: 60/85 Loss: 0.000451
2026-05-11 17:01: Train Epoch 205: 80/85 Loss: 0.000382
2026-05-11 17:01: **********Train Epoch 205: averaged Loss: 0.000388
2026-05-11 17:01: **********Val Epoch 205: average Loss: 0.003775
2026-05-11 17:01: Train Epoch 206: 0/85 Loss: 0.000409
2026-05-11 17:01: Train Epoch 206: 20/85 Loss: 0.000247
2026-05-11 17:01: Train Epoch 206: 40/85 Loss: 0.000467
2026-05-11 17:01: Train Epoch 206: 60/85 Loss: 0.000437
2026-05-11 17:01: Train Epoch 206: 80/85 Loss: 0.000408
2026-05-11 17:01: **********Train Epoch 206: averaged Loss: 0.000421
2026-05-11 17:01: **********Val Epoch 206: average Loss: 0.003536
2026-05-11 17:01: Train Epoch 207: 0/85 Loss: 0.000408
2026-05-11 17:01: Train Epoch 207: 20/85 Loss: 0.000357
2026-05-11 17:01: Train Epoch 207: 40/85 Loss: 0.000344
2026-05-11 17:01: Train Epoch 207: 60/85 Loss: 0.000585
2026-05-11 17:01: Train Epoch 207: 80/85 Loss: 0.000299
2026-05-11 17:01: **********Train Epoch 207: averaged Loss: 0.000467
2026-05-11 17:01: **********Val Epoch 207: average Loss: 0.003677
2026-05-11 17:01: Train Epoch 208: 0/85 Loss: 0.000385
2026-05-11 17:01: Train Epoch 208: 20/85 Loss: 0.000187
2026-05-11 17:01: Train Epoch 208: 40/85 Loss: 0.000461
2026-05-11 17:01: Train Epoch 208: 60/85 Loss: 0.000571
2026-05-11 17:01: Train Epoch 208: 80/85 Loss: 0.000406
2026-05-11 17:01: **********Train Epoch 208: averaged Loss: 0.000512
2026-05-11 17:01: **********Val Epoch 208: average Loss: 0.003579
2026-05-11 17:01: Train Epoch 209: 0/85 Loss: 0.000607
2026-05-11 17:01: Train Epoch 209: 20/85 Loss: 0.000322
2026-05-11 17:01: Train Epoch 209: 40/85 Loss: 0.000405
2026-05-11 17:01: Train Epoch 209: 60/85 Loss: 0.000683
2026-05-11 17:01: Train Epoch 209: 80/85 Loss: 0.000475
2026-05-11 17:01: **********Train Epoch 209: averaged Loss: 0.000517
2026-05-11 17:01: **********Val Epoch 209: average Loss: 0.003341
2026-05-11 17:01: Train Epoch 210: 0/85 Loss: 0.000326
2026-05-11 17:01: Train Epoch 210: 20/85 Loss: 0.000192
2026-05-11 17:01: Train Epoch 210: 40/85 Loss: 0.000538
2026-05-11 17:01: Train Epoch 210: 60/85 Loss: 0.000321
2026-05-11 17:01: Train Epoch 210: 80/85 Loss: 0.000442
2026-05-11 17:01: **********Train Epoch 210: averaged Loss: 0.000391
2026-05-11 17:01: **********Val Epoch 210: average Loss: 0.003239
2026-05-11 17:01: Train Epoch 211: 0/85 Loss: 0.000386
2026-05-11 17:01: Train Epoch 211: 20/85 Loss: 0.000267
2026-05-11 17:01: Train Epoch 211: 40/85 Loss: 0.000362
2026-05-11 17:01: Train Epoch 211: 60/85 Loss: 0.000471
2026-05-11 17:01: Train Epoch 211: 80/85 Loss: 0.000373
2026-05-11 17:01: **********Train Epoch 211: averaged Loss: 0.000396
2026-05-11 17:01: **********Val Epoch 211: average Loss: 0.003490
2026-05-11 17:01: Train Epoch 212: 0/85 Loss: 0.000245
2026-05-11 17:01: Train Epoch 212: 20/85 Loss: 0.000199
2026-05-11 17:01: Train Epoch 212: 40/85 Loss: 0.000378
2026-05-11 17:01: Train Epoch 212: 60/85 Loss: 0.000412
2026-05-11 17:01: Train Epoch 212: 80/85 Loss: 0.000385
2026-05-11 17:01: **********Train Epoch 212: averaged Loss: 0.000396
2026-05-11 17:01: **********Val Epoch 212: average Loss: 0.003748
2026-05-11 17:01: Train Epoch 213: 0/85 Loss: 0.000486
2026-05-11 17:01: Train Epoch 213: 20/85 Loss: 0.000265
2026-05-11 17:01: Train Epoch 213: 40/85 Loss: 0.000528
2026-05-11 17:01: Train Epoch 213: 60/85 Loss: 0.000461
2026-05-11 17:01: Train Epoch 213: 80/85 Loss: 0.000657
2026-05-11 17:01: **********Train Epoch 213: averaged Loss: 0.000433
2026-05-11 17:01: **********Val Epoch 213: average Loss: 0.003220
2026-05-11 17:01: Train Epoch 214: 0/85 Loss: 0.000668
2026-05-11 17:01: Train Epoch 214: 20/85 Loss: 0.000271
2026-05-11 17:01: Train Epoch 214: 40/85 Loss: 0.000483
2026-05-11 17:01: Train Epoch 214: 60/85 Loss: 0.000372
2026-05-11 17:01: Train Epoch 214: 80/85 Loss: 0.000663
2026-05-11 17:02: **********Train Epoch 214: averaged Loss: 0.000503
2026-05-11 17:02: **********Val Epoch 214: average Loss: 0.003442
2026-05-11 17:02: Train Epoch 215: 0/85 Loss: 0.000476
2026-05-11 17:02: Train Epoch 215: 20/85 Loss: 0.000273
2026-05-11 17:02: Train Epoch 215: 40/85 Loss: 0.000595
2026-05-11 17:02: Train Epoch 215: 60/85 Loss: 0.000876
2026-05-11 17:02: Train Epoch 215: 80/85 Loss: 0.000706
2026-05-11 17:02: **********Train Epoch 215: averaged Loss: 0.000497
2026-05-11 17:02: **********Val Epoch 215: average Loss: 0.003256
2026-05-11 17:02: Train Epoch 216: 0/85 Loss: 0.000487
2026-05-11 17:02: Train Epoch 216: 20/85 Loss: 0.000290
2026-05-11 17:02: Train Epoch 216: 40/85 Loss: 0.000525
2026-05-11 17:02: Train Epoch 216: 60/85 Loss: 0.000424
2026-05-11 17:02: Train Epoch 216: 80/85 Loss: 0.001048
2026-05-11 17:02: **********Train Epoch 216: averaged Loss: 0.000496
2026-05-11 17:02: **********Val Epoch 216: average Loss: 0.003278
2026-05-11 17:02: Train Epoch 217: 0/85 Loss: 0.000614
2026-05-11 17:02: Train Epoch 217: 20/85 Loss: 0.000451
2026-05-11 17:02: Train Epoch 217: 40/85 Loss: 0.000398
2026-05-11 17:02: Train Epoch 217: 60/85 Loss: 0.000228
2026-05-11 17:02: Train Epoch 217: 80/85 Loss: 0.001050
2026-05-11 17:02: **********Train Epoch 217: averaged Loss: 0.000490
2026-05-11 17:02: **********Val Epoch 217: average Loss: 0.003196
2026-05-11 17:02: Train Epoch 218: 0/85 Loss: 0.000482
2026-05-11 17:02: Train Epoch 218: 20/85 Loss: 0.000505
2026-05-11 17:02: Train Epoch 218: 40/85 Loss: 0.000508
2026-05-11 17:02: Train Epoch 218: 60/85 Loss: 0.000507
2026-05-11 17:02: Train Epoch 218: 80/85 Loss: 0.000649
2026-05-11 17:02: **********Train Epoch 218: averaged Loss: 0.000464
2026-05-11 17:02: **********Val Epoch 218: average Loss: 0.003265
2026-05-11 17:02: Train Epoch 219: 0/85 Loss: 0.000579
2026-05-11 17:02: Train Epoch 219: 20/85 Loss: 0.000694
2026-05-11 17:02: Train Epoch 219: 40/85 Loss: 0.000472
2026-05-11 17:02: Train Epoch 219: 60/85 Loss: 0.000600
2026-05-11 17:02: Train Epoch 219: 80/85 Loss: 0.000632
2026-05-11 17:02: **********Train Epoch 219: averaged Loss: 0.000443
2026-05-11 17:02: **********Val Epoch 219: average Loss: 0.003393
2026-05-11 17:02: Train Epoch 220: 0/85 Loss: 0.000745
2026-05-11 17:02: Train Epoch 220: 20/85 Loss: 0.000879
2026-05-11 17:02: Train Epoch 220: 40/85 Loss: 0.000729
2026-05-11 17:02: Train Epoch 220: 60/85 Loss: 0.000408
2026-05-11 17:02: Train Epoch 220: 80/85 Loss: 0.000304
2026-05-11 17:02: **********Train Epoch 220: averaged Loss: 0.000447
2026-05-11 17:02: **********Val Epoch 220: average Loss: 0.003393
2026-05-11 17:02: Train Epoch 221: 0/85 Loss: 0.000476
2026-05-11 17:02: Train Epoch 221: 20/85 Loss: 0.000437
2026-05-11 17:02: Train Epoch 221: 40/85 Loss: 0.000562
2026-05-11 17:02: Train Epoch 221: 60/85 Loss: 0.000277
2026-05-11 17:02: Train Epoch 221: 80/85 Loss: 0.000351
2026-05-11 17:02: **********Train Epoch 221: averaged Loss: 0.000461
2026-05-11 17:02: **********Val Epoch 221: average Loss: 0.003669
2026-05-11 17:02: Train Epoch 222: 0/85 Loss: 0.000486
2026-05-11 17:02: Train Epoch 222: 20/85 Loss: 0.000490
2026-05-11 17:02: Train Epoch 222: 40/85 Loss: 0.000987
2026-05-11 17:02: Train Epoch 222: 60/85 Loss: 0.000578
2026-05-11 17:02: Train Epoch 222: 80/85 Loss: 0.000368
2026-05-11 17:02: **********Train Epoch 222: averaged Loss: 0.000423
2026-05-11 17:02: **********Val Epoch 222: average Loss: 0.003383
2026-05-11 17:02: Train Epoch 223: 0/85 Loss: 0.000401
2026-05-11 17:02: Train Epoch 223: 20/85 Loss: 0.000370
2026-05-11 17:02: Train Epoch 223: 40/85 Loss: 0.000572
2026-05-11 17:02: Train Epoch 223: 60/85 Loss: 0.000231
2026-05-11 17:02: Train Epoch 223: 80/85 Loss: 0.000381
2026-05-11 17:02: **********Train Epoch 223: averaged Loss: 0.000362
2026-05-11 17:02: **********Val Epoch 223: average Loss: 0.003613
2026-05-11 17:02: Train Epoch 224: 0/85 Loss: 0.000434
2026-05-11 17:02: Train Epoch 224: 20/85 Loss: 0.000260
2026-05-11 17:02: Train Epoch 224: 40/85 Loss: 0.000207
2026-05-11 17:02: Train Epoch 224: 60/85 Loss: 0.000320
2026-05-11 17:02: Train Epoch 224: 80/85 Loss: 0.000318
2026-05-11 17:02: **********Train Epoch 224: averaged Loss: 0.000326
2026-05-11 17:02: **********Val Epoch 224: average Loss: 0.003492
2026-05-11 17:02: Train Epoch 225: 0/85 Loss: 0.000401
2026-05-11 17:02: Train Epoch 225: 20/85 Loss: 0.000270
2026-05-11 17:02: Train Epoch 225: 40/85 Loss: 0.000216
2026-05-11 17:02: Train Epoch 225: 60/85 Loss: 0.000441
2026-05-11 17:02: Train Epoch 225: 80/85 Loss: 0.000417
2026-05-11 17:02: **********Train Epoch 225: averaged Loss: 0.000326
2026-05-11 17:02: **********Val Epoch 225: average Loss: 0.003452
2026-05-11 17:02: Train Epoch 226: 0/85 Loss: 0.000468
2026-05-11 17:02: Train Epoch 226: 20/85 Loss: 0.000356
2026-05-11 17:02: Train Epoch 226: 40/85 Loss: 0.000108
2026-05-11 17:02: Train Epoch 226: 60/85 Loss: 0.000534
2026-05-11 17:02: Train Epoch 226: 80/85 Loss: 0.000746
2026-05-11 17:02: **********Train Epoch 226: averaged Loss: 0.000363
2026-05-11 17:02: **********Val Epoch 226: average Loss: 0.003309
2026-05-11 17:02: Train Epoch 227: 0/85 Loss: 0.000418
2026-05-11 17:02: Train Epoch 227: 20/85 Loss: 0.000564
2026-05-11 17:02: Train Epoch 227: 40/85 Loss: 0.000307
2026-05-11 17:02: Train Epoch 227: 60/85 Loss: 0.000428
2026-05-11 17:02: Train Epoch 227: 80/85 Loss: 0.000469
2026-05-11 17:02: **********Train Epoch 227: averaged Loss: 0.000383
2026-05-11 17:02: **********Val Epoch 227: average Loss: 0.003651
2026-05-11 17:02: Train Epoch 228: 0/85 Loss: 0.000503
2026-05-11 17:02: Train Epoch 228: 20/85 Loss: 0.000442
2026-05-11 17:02: Train Epoch 228: 40/85 Loss: 0.000212
2026-05-11 17:02: Train Epoch 228: 60/85 Loss: 0.000396
2026-05-11 17:02: Train Epoch 228: 80/85 Loss: 0.000358
2026-05-11 17:02: **********Train Epoch 228: averaged Loss: 0.000380
2026-05-11 17:02: **********Val Epoch 228: average Loss: 0.004227
2026-05-11 17:02: Train Epoch 229: 0/85 Loss: 0.000382
2026-05-11 17:02: Train Epoch 229: 20/85 Loss: 0.000360
2026-05-11 17:02: Train Epoch 229: 40/85 Loss: 0.000304
2026-05-11 17:03: Train Epoch 229: 60/85 Loss: 0.000295
2026-05-11 17:03: Train Epoch 229: 80/85 Loss: 0.000428
2026-05-11 17:03: **********Train Epoch 229: averaged Loss: 0.000388
2026-05-11 17:03: **********Val Epoch 229: average Loss: 0.004714
2026-05-11 17:03: Train Epoch 230: 0/85 Loss: 0.000657
2026-05-11 17:03: Train Epoch 230: 20/85 Loss: 0.000245
2026-05-11 17:03: Train Epoch 230: 40/85 Loss: 0.000278
2026-05-11 17:03: Train Epoch 230: 60/85 Loss: 0.000469
2026-05-11 17:03: Train Epoch 230: 80/85 Loss: 0.000424
2026-05-11 17:03: **********Train Epoch 230: averaged Loss: 0.000402
2026-05-11 17:03: **********Val Epoch 230: average Loss: 0.005247
2026-05-11 17:03: Train Epoch 231: 0/85 Loss: 0.000634
2026-05-11 17:03: Train Epoch 231: 20/85 Loss: 0.000569
2026-05-11 17:03: Train Epoch 231: 40/85 Loss: 0.000282
2026-05-11 17:03: Train Epoch 231: 60/85 Loss: 0.000656
2026-05-11 17:03: Train Epoch 231: 80/85 Loss: 0.000579
2026-05-11 17:03: **********Train Epoch 231: averaged Loss: 0.000521
2026-05-11 17:03: **********Val Epoch 231: average Loss: 0.004863
2026-05-11 17:03: Train Epoch 232: 0/85 Loss: 0.000492
2026-05-11 17:03: Train Epoch 232: 20/85 Loss: 0.000487
2026-05-11 17:03: Train Epoch 232: 40/85 Loss: 0.001229
2026-05-11 17:03: Train Epoch 232: 60/85 Loss: 0.000456
2026-05-11 17:03: Train Epoch 232: 80/85 Loss: 0.000855
2026-05-11 17:03: **********Train Epoch 232: averaged Loss: 0.000599
2026-05-11 17:03: **********Val Epoch 232: average Loss: 0.005102
2026-05-11 17:03: Train Epoch 233: 0/85 Loss: 0.000380
2026-05-11 17:03: Train Epoch 233: 20/85 Loss: 0.000375
2026-05-11 17:03: Train Epoch 233: 40/85 Loss: 0.000836
2026-05-11 17:03: Train Epoch 233: 60/85 Loss: 0.000514
2026-05-11 17:03: Train Epoch 233: 80/85 Loss: 0.000495
2026-05-11 17:03: **********Train Epoch 233: averaged Loss: 0.000548
2026-05-11 17:03: **********Val Epoch 233: average Loss: 0.004758
2026-05-11 17:03: Train Epoch 234: 0/85 Loss: 0.000276
2026-05-11 17:03: Train Epoch 234: 20/85 Loss: 0.000340
2026-05-11 17:03: Train Epoch 234: 40/85 Loss: 0.000571
2026-05-11 17:03: Train Epoch 234: 60/85 Loss: 0.000525
2026-05-11 17:03: Train Epoch 234: 80/85 Loss: 0.000193
2026-05-11 17:03: **********Train Epoch 234: averaged Loss: 0.000419
2026-05-11 17:03: **********Val Epoch 234: average Loss: 0.004639
2026-05-11 17:03: Train Epoch 235: 0/85 Loss: 0.000298
2026-05-11 17:03: Train Epoch 235: 20/85 Loss: 0.000193
2026-05-11 17:03: Train Epoch 235: 40/85 Loss: 0.000251
2026-05-11 17:03: Train Epoch 235: 60/85 Loss: 0.000233
2026-05-11 17:03: Train Epoch 235: 80/85 Loss: 0.000409
2026-05-11 17:03: **********Train Epoch 235: averaged Loss: 0.000396
2026-05-11 17:03: **********Val Epoch 235: average Loss: 0.004557
2026-05-11 17:03: Train Epoch 236: 0/85 Loss: 0.000345
2026-05-11 17:03: Train Epoch 236: 20/85 Loss: 0.000284
2026-05-11 17:03: Train Epoch 236: 40/85 Loss: 0.000494
2026-05-11 17:03: Train Epoch 236: 60/85 Loss: 0.000511
2026-05-11 17:03: Train Epoch 236: 80/85 Loss: 0.000637
2026-05-11 17:03: **********Train Epoch 236: averaged Loss: 0.000358
2026-05-11 17:03: **********Val Epoch 236: average Loss: 0.004128
2026-05-11 17:03: Train Epoch 237: 0/85 Loss: 0.000357
2026-05-11 17:03: Train Epoch 237: 20/85 Loss: 0.000619
2026-05-11 17:03: Train Epoch 237: 40/85 Loss: 0.000273
2026-05-11 17:03: Train Epoch 237: 60/85 Loss: 0.000453
2026-05-11 17:03: Train Epoch 237: 80/85 Loss: 0.000400
2026-05-11 17:03: **********Train Epoch 237: averaged Loss: 0.000409
2026-05-11 17:03: **********Val Epoch 237: average Loss: 0.004134
2026-05-11 17:03: Train Epoch 238: 0/85 Loss: 0.000373
2026-05-11 17:03: Train Epoch 238: 20/85 Loss: 0.000474
2026-05-11 17:03: Train Epoch 238: 40/85 Loss: 0.000342
2026-05-11 17:03: Train Epoch 238: 60/85 Loss: 0.000416
2026-05-11 17:03: Train Epoch 238: 80/85 Loss: 0.000411
2026-05-11 17:03: **********Train Epoch 238: averaged Loss: 0.000456
2026-05-11 17:03: **********Val Epoch 238: average Loss: 0.004276
2026-05-11 17:03: Train Epoch 239: 0/85 Loss: 0.000347
2026-05-11 17:03: Train Epoch 239: 20/85 Loss: 0.000231
2026-05-11 17:03: Train Epoch 239: 40/85 Loss: 0.000501
2026-05-11 17:03: Train Epoch 239: 60/85 Loss: 0.000425
2026-05-11 17:03: Train Epoch 239: 80/85 Loss: 0.000361
2026-05-11 17:03: **********Train Epoch 239: averaged Loss: 0.000454
2026-05-11 17:03: **********Val Epoch 239: average Loss: 0.004490
2026-05-11 17:03: Train Epoch 240: 0/85 Loss: 0.000505
2026-05-11 17:03: Train Epoch 240: 20/85 Loss: 0.000341
2026-05-11 17:03: Train Epoch 240: 40/85 Loss: 0.000282
2026-05-11 17:03: Train Epoch 240: 60/85 Loss: 0.000634
2026-05-11 17:03: Train Epoch 240: 80/85 Loss: 0.000574
2026-05-11 17:03: **********Train Epoch 240: averaged Loss: 0.000415
2026-05-11 17:03: **********Val Epoch 240: average Loss: 0.004225
2026-05-11 17:03: Train Epoch 241: 0/85 Loss: 0.000534
2026-05-11 17:03: Train Epoch 241: 20/85 Loss: 0.000259
2026-05-11 17:03: Train Epoch 241: 40/85 Loss: 0.000239
2026-05-11 17:03: Train Epoch 241: 60/85 Loss: 0.000197
2026-05-11 17:03: Train Epoch 241: 80/85 Loss: 0.000258
2026-05-11 17:03: **********Train Epoch 241: averaged Loss: 0.000386
2026-05-11 17:03: **********Val Epoch 241: average Loss: 0.004011
2026-05-11 17:03: Train Epoch 242: 0/85 Loss: 0.000423
2026-05-11 17:03: Train Epoch 242: 20/85 Loss: 0.000255
2026-05-11 17:03: Train Epoch 242: 40/85 Loss: 0.000386
2026-05-11 17:03: Train Epoch 242: 60/85 Loss: 0.000185
2026-05-11 17:03: Train Epoch 242: 80/85 Loss: 0.000340
2026-05-11 17:03: **********Train Epoch 242: averaged Loss: 0.000362
2026-05-11 17:03: **********Val Epoch 242: average Loss: 0.003713
2026-05-11 17:03: Train Epoch 243: 0/85 Loss: 0.000771
2026-05-11 17:03: Train Epoch 243: 20/85 Loss: 0.000187
2026-05-11 17:03: Train Epoch 243: 40/85 Loss: 0.000326
2026-05-11 17:03: Train Epoch 243: 60/85 Loss: 0.000187
2026-05-11 17:03: Train Epoch 243: 80/85 Loss: 0.000205
2026-05-11 17:03: **********Train Epoch 243: averaged Loss: 0.000320
2026-05-11 17:03: **********Val Epoch 243: average Loss: 0.003884
2026-05-11 17:03: Train Epoch 244: 0/85 Loss: 0.000397
2026-05-11 17:04: Train Epoch 244: 20/85 Loss: 0.000129
2026-05-11 17:04: Train Epoch 244: 40/85 Loss: 0.000422
2026-05-11 17:04: Train Epoch 244: 60/85 Loss: 0.000326
2026-05-11 17:04: Train Epoch 244: 80/85 Loss: 0.000330
2026-05-11 17:04: **********Train Epoch 244: averaged Loss: 0.000373
2026-05-11 17:04: **********Val Epoch 244: average Loss: 0.004005
2026-05-11 17:04: Train Epoch 245: 0/85 Loss: 0.000473
2026-05-11 17:04: Train Epoch 245: 20/85 Loss: 0.000162
2026-05-11 17:04: Train Epoch 245: 40/85 Loss: 0.000181
2026-05-11 17:04: Train Epoch 245: 60/85 Loss: 0.000321
2026-05-11 17:04: Train Epoch 245: 80/85 Loss: 0.000237
2026-05-11 17:04: **********Train Epoch 245: averaged Loss: 0.000326
2026-05-11 17:04: **********Val Epoch 245: average Loss: 0.004172
2026-05-11 17:04: Train Epoch 246: 0/85 Loss: 0.000384
2026-05-11 17:04: Train Epoch 246: 20/85 Loss: 0.000181
2026-05-11 17:04: Train Epoch 246: 40/85 Loss: 0.000105
2026-05-11 17:04: Train Epoch 246: 60/85 Loss: 0.000241
2026-05-11 17:04: Train Epoch 246: 80/85 Loss: 0.000209
2026-05-11 17:04: **********Train Epoch 246: averaged Loss: 0.000312
2026-05-11 17:04: **********Val Epoch 246: average Loss: 0.004029
2026-05-11 17:04: Train Epoch 247: 0/85 Loss: 0.000306
2026-05-11 17:04: Train Epoch 247: 20/85 Loss: 0.000212
2026-05-11 17:04: Train Epoch 247: 40/85 Loss: 0.000172
2026-05-11 17:04: Train Epoch 247: 60/85 Loss: 0.000306
2026-05-11 17:04: Train Epoch 247: 80/85 Loss: 0.000180
2026-05-11 17:04: **********Train Epoch 247: averaged Loss: 0.000306
2026-05-11 17:04: **********Val Epoch 247: average Loss: 0.003761
2026-05-11 17:04: Train Epoch 248: 0/85 Loss: 0.000439
2026-05-11 17:04: Train Epoch 248: 20/85 Loss: 0.000320
2026-05-11 17:04: Train Epoch 248: 40/85 Loss: 0.000127
2026-05-11 17:04: Train Epoch 248: 60/85 Loss: 0.000298
2026-05-11 17:04: Train Epoch 248: 80/85 Loss: 0.000227
2026-05-11 17:04: **********Train Epoch 248: averaged Loss: 0.000283
2026-05-11 17:04: **********Val Epoch 248: average Loss: 0.003859
2026-05-11 17:04: Train Epoch 249: 0/85 Loss: 0.000289
2026-05-11 17:04: Train Epoch 249: 20/85 Loss: 0.000483
2026-05-11 17:04: Train Epoch 249: 40/85 Loss: 0.000130
2026-05-11 17:04: Train Epoch 249: 60/85 Loss: 0.000222
2026-05-11 17:04: Train Epoch 249: 80/85 Loss: 0.000230
2026-05-11 17:04: **********Train Epoch 249: averaged Loss: 0.000286
2026-05-11 17:04: **********Val Epoch 249: average Loss: 0.003889
2026-05-11 17:04: Train Epoch 250: 0/85 Loss: 0.000413
2026-05-11 17:04: Train Epoch 250: 20/85 Loss: 0.000463
2026-05-11 17:04: Train Epoch 250: 40/85 Loss: 0.000135
2026-05-11 17:04: Train Epoch 250: 60/85 Loss: 0.000310
2026-05-11 17:04: Train Epoch 250: 80/85 Loss: 0.000252
2026-05-11 17:04: **********Train Epoch 250: averaged Loss: 0.000313
2026-05-11 17:04: **********Val Epoch 250: average Loss: 0.003616
2026-05-11 17:04: Train Epoch 251: 0/85 Loss: 0.000459
2026-05-11 17:04: Train Epoch 251: 20/85 Loss: 0.000357
2026-05-11 17:04: Train Epoch 251: 40/85 Loss: 0.000416
2026-05-11 17:04: Train Epoch 251: 60/85 Loss: 0.000339
2026-05-11 17:04: Train Epoch 251: 80/85 Loss: 0.000267
2026-05-11 17:04: **********Train Epoch 251: averaged Loss: 0.000324
2026-05-11 17:04: **********Val Epoch 251: average Loss: 0.003713
2026-05-11 17:04: Train Epoch 252: 0/85 Loss: 0.000461
2026-05-11 17:04: Train Epoch 252: 20/85 Loss: 0.000369
2026-05-11 17:04: Train Epoch 252: 40/85 Loss: 0.000217
2026-05-11 17:04: Train Epoch 252: 60/85 Loss: 0.000262
2026-05-11 17:04: Train Epoch 252: 80/85 Loss: 0.000284
2026-05-11 17:04: **********Train Epoch 252: averaged Loss: 0.000301
2026-05-11 17:04: **********Val Epoch 252: average Loss: 0.003367
2026-05-11 17:04: Train Epoch 253: 0/85 Loss: 0.000421
2026-05-11 17:04: Train Epoch 253: 20/85 Loss: 0.000223
2026-05-11 17:04: Train Epoch 253: 40/85 Loss: 0.000380
2026-05-11 17:04: Train Epoch 253: 60/85 Loss: 0.000223
2026-05-11 17:04: Train Epoch 253: 80/85 Loss: 0.000463
2026-05-11 17:04: **********Train Epoch 253: averaged Loss: 0.000268
2026-05-11 17:04: **********Val Epoch 253: average Loss: 0.003478
2026-05-11 17:04: Train Epoch 254: 0/85 Loss: 0.000379
2026-05-11 17:04: Train Epoch 254: 20/85 Loss: 0.000196
2026-05-11 17:04: Train Epoch 254: 40/85 Loss: 0.000293
2026-05-11 17:04: Train Epoch 254: 60/85 Loss: 0.000266
2026-05-11 17:04: Train Epoch 254: 80/85 Loss: 0.000253
2026-05-11 17:04: **********Train Epoch 254: averaged Loss: 0.000241
2026-05-11 17:04: **********Val Epoch 254: average Loss: 0.003436
2026-05-11 17:04: Train Epoch 255: 0/85 Loss: 0.000182
2026-05-11 17:04: Train Epoch 255: 20/85 Loss: 0.000160
2026-05-11 17:04: Train Epoch 255: 40/85 Loss: 0.000576
2026-05-11 17:04: Train Epoch 255: 60/85 Loss: 0.000375
2026-05-11 17:04: Train Epoch 255: 80/85 Loss: 0.000364
2026-05-11 17:04: **********Train Epoch 255: averaged Loss: 0.000242
2026-05-11 17:04: **********Val Epoch 255: average Loss: 0.003660
2026-05-11 17:04: Train Epoch 256: 0/85 Loss: 0.000212
2026-05-11 17:04: Train Epoch 256: 20/85 Loss: 0.000223
2026-05-11 17:04: Train Epoch 256: 40/85 Loss: 0.000306
2026-05-11 17:04: Train Epoch 256: 60/85 Loss: 0.000385
2026-05-11 17:04: Train Epoch 256: 80/85 Loss: 0.000652
2026-05-11 17:04: **********Train Epoch 256: averaged Loss: 0.000230
2026-05-11 17:04: **********Val Epoch 256: average Loss: 0.003478
2026-05-11 17:04: Train Epoch 257: 0/85 Loss: 0.000212
2026-05-11 17:04: Train Epoch 257: 20/85 Loss: 0.000125
2026-05-11 17:04: Train Epoch 257: 40/85 Loss: 0.000383
2026-05-11 17:04: Train Epoch 257: 60/85 Loss: 0.000254
2026-05-11 17:04: Train Epoch 257: 80/85 Loss: 0.000218
2026-05-11 17:04: **********Train Epoch 257: averaged Loss: 0.000234
2026-05-11 17:04: **********Val Epoch 257: average Loss: 0.003908
2026-05-11 17:04: Train Epoch 258: 0/85 Loss: 0.000247
2026-05-11 17:04: Train Epoch 258: 20/85 Loss: 0.000223
2026-05-11 17:04: Train Epoch 258: 40/85 Loss: 0.000325
2026-05-11 17:04: Train Epoch 258: 60/85 Loss: 0.000336
2026-05-11 17:04: Train Epoch 258: 80/85 Loss: 0.000163
2026-05-11 17:04: **********Train Epoch 258: averaged Loss: 0.000242
2026-05-11 17:04: **********Val Epoch 258: average Loss: 0.003973
2026-05-11 17:04: Train Epoch 259: 0/85 Loss: 0.000180
2026-05-11 17:04: Train Epoch 259: 20/85 Loss: 0.000142
2026-05-11 17:04: Train Epoch 259: 40/85 Loss: 0.000310
2026-05-11 17:04: Train Epoch 259: 60/85 Loss: 0.000466
2026-05-11 17:05: Train Epoch 259: 80/85 Loss: 0.000233
2026-05-11 17:05: **********Train Epoch 259: averaged Loss: 0.000241
2026-05-11 17:05: **********Val Epoch 259: average Loss: 0.003784
2026-05-11 17:05: Train Epoch 260: 0/85 Loss: 0.000124
2026-05-11 17:05: Train Epoch 260: 20/85 Loss: 0.000145
2026-05-11 17:05: Train Epoch 260: 40/85 Loss: 0.000286
2026-05-11 17:05: Train Epoch 260: 60/85 Loss: 0.000461
2026-05-11 17:05: Train Epoch 260: 80/85 Loss: 0.000258
2026-05-11 17:05: **********Train Epoch 260: averaged Loss: 0.000243
2026-05-11 17:05: **********Val Epoch 260: average Loss: 0.004260
2026-05-11 17:05: Train Epoch 261: 0/85 Loss: 0.000251
2026-05-11 17:05: Train Epoch 261: 20/85 Loss: 0.000176
2026-05-11 17:05: Train Epoch 261: 40/85 Loss: 0.000388
2026-05-11 17:05: Train Epoch 261: 60/85 Loss: 0.000208
2026-05-11 17:05: Train Epoch 261: 80/85 Loss: 0.000149
2026-05-11 17:05: **********Train Epoch 261: averaged Loss: 0.000224
2026-05-11 17:05: **********Val Epoch 261: average Loss: 0.004484
2026-05-11 17:05: Train Epoch 262: 0/85 Loss: 0.000158
2026-05-11 17:05: Train Epoch 262: 20/85 Loss: 0.000152
2026-05-11 17:05: Train Epoch 262: 40/85 Loss: 0.000328
2026-05-11 17:05: Train Epoch 262: 60/85 Loss: 0.000222
2026-05-11 17:05: Train Epoch 262: 80/85 Loss: 0.000148
2026-05-11 17:05: **********Train Epoch 262: averaged Loss: 0.000222
2026-05-11 17:05: **********Val Epoch 262: average Loss: 0.004238
2026-05-11 17:05: Train Epoch 263: 0/85 Loss: 0.000189
2026-05-11 17:05: Train Epoch 263: 20/85 Loss: 0.000209
2026-05-11 17:05: Train Epoch 263: 40/85 Loss: 0.000318
2026-05-11 17:05: Train Epoch 263: 60/85 Loss: 0.000398
2026-05-11 17:05: Train Epoch 263: 80/85 Loss: 0.000239
2026-05-11 17:05: **********Train Epoch 263: averaged Loss: 0.000219
2026-05-11 17:05: **********Val Epoch 263: average Loss: 0.004185
2026-05-11 17:05: Train Epoch 264: 0/85 Loss: 0.000182
2026-05-11 17:05: Train Epoch 264: 20/85 Loss: 0.000158
2026-05-11 17:05: Train Epoch 264: 40/85 Loss: 0.000328
2026-05-11 17:05: Train Epoch 264: 60/85 Loss: 0.000229
2026-05-11 17:05: Train Epoch 264: 80/85 Loss: 0.000252
2026-05-11 17:05: **********Train Epoch 264: averaged Loss: 0.000212
2026-05-11 17:05: **********Val Epoch 264: average Loss: 0.003796
2026-05-11 17:05: Train Epoch 265: 0/85 Loss: 0.000104
2026-05-11 17:05: Train Epoch 265: 20/85 Loss: 0.000132
2026-05-11 17:05: Train Epoch 265: 40/85 Loss: 0.000577
2026-05-11 17:05: Train Epoch 265: 60/85 Loss: 0.000266
2026-05-11 17:05: Train Epoch 265: 80/85 Loss: 0.000104
2026-05-11 17:05: **********Train Epoch 265: averaged Loss: 0.000181
2026-05-11 17:05: **********Val Epoch 265: average Loss: 0.003767
2026-05-11 17:05: Train Epoch 266: 0/85 Loss: 0.000241
2026-05-11 17:05: Train Epoch 266: 20/85 Loss: 0.000171
2026-05-11 17:05: Train Epoch 266: 40/85 Loss: 0.000231
2026-05-11 17:05: Train Epoch 266: 60/85 Loss: 0.000179
2026-05-11 17:05: Train Epoch 266: 80/85 Loss: 0.000162
2026-05-11 17:05: **********Train Epoch 266: averaged Loss: 0.000165
2026-05-11 17:05: **********Val Epoch 266: average Loss: 0.003594
2026-05-11 17:05: Train Epoch 267: 0/85 Loss: 0.000211
2026-05-11 17:05: Train Epoch 267: 20/85 Loss: 0.000139
2026-05-11 17:05: Train Epoch 267: 40/85 Loss: 0.000255
2026-05-11 17:05: Train Epoch 267: 60/85 Loss: 0.000168
2026-05-11 17:05: Train Epoch 267: 80/85 Loss: 0.000085
2026-05-11 17:05: **********Train Epoch 267: averaged Loss: 0.000137
2026-05-11 17:05: **********Val Epoch 267: average Loss: 0.003407
2026-05-11 17:05: Train Epoch 268: 0/85 Loss: 0.000252
2026-05-11 17:05: Train Epoch 268: 20/85 Loss: 0.000117
2026-05-11 17:05: Train Epoch 268: 40/85 Loss: 0.000179
2026-05-11 17:05: Train Epoch 268: 60/85 Loss: 0.000141
2026-05-11 17:05: Train Epoch 268: 80/85 Loss: 0.000134
2026-05-11 17:05: **********Train Epoch 268: averaged Loss: 0.000140
2026-05-11 17:05: **********Val Epoch 268: average Loss: 0.003781
2026-05-11 17:05: Train Epoch 269: 0/85 Loss: 0.000278
2026-05-11 17:05: Train Epoch 269: 20/85 Loss: 0.000088
2026-05-11 17:05: Train Epoch 269: 40/85 Loss: 0.000219
2026-05-11 17:05: Train Epoch 269: 60/85 Loss: 0.000182
2026-05-11 17:05: Train Epoch 269: 80/85 Loss: 0.000201
2026-05-11 17:05: **********Train Epoch 269: averaged Loss: 0.000151
2026-05-11 17:05: **********Val Epoch 269: average Loss: 0.003420
2026-05-11 17:05: Train Epoch 270: 0/85 Loss: 0.000267
2026-05-11 17:05: Train Epoch 270: 20/85 Loss: 0.000137
2026-05-11 17:05: Train Epoch 270: 40/85 Loss: 0.000362
2026-05-11 17:05: Train Epoch 270: 60/85 Loss: 0.000178
2026-05-11 17:05: Train Epoch 270: 80/85 Loss: 0.000095
2026-05-11 17:05: **********Train Epoch 270: averaged Loss: 0.000161
2026-05-11 17:05: **********Val Epoch 270: average Loss: 0.003724
2026-05-11 17:05: Train Epoch 271: 0/85 Loss: 0.000249
2026-05-11 17:05: Train Epoch 271: 20/85 Loss: 0.000140
2026-05-11 17:05: Train Epoch 271: 40/85 Loss: 0.000482
2026-05-11 17:05: Train Epoch 271: 60/85 Loss: 0.000224
2026-05-11 17:05: Train Epoch 271: 80/85 Loss: 0.000205
2026-05-11 17:05: **********Train Epoch 271: averaged Loss: 0.000209
2026-05-11 17:05: **********Val Epoch 271: average Loss: 0.003602
2026-05-11 17:05: Train Epoch 272: 0/85 Loss: 0.000230
2026-05-11 17:05: Train Epoch 272: 20/85 Loss: 0.000115
2026-05-11 17:05: Train Epoch 272: 40/85 Loss: 0.000349
2026-05-11 17:05: Train Epoch 272: 60/85 Loss: 0.000208
2026-05-11 17:05: Train Epoch 272: 80/85 Loss: 0.000160
2026-05-11 17:05: **********Train Epoch 272: averaged Loss: 0.000194
2026-05-11 17:05: **********Val Epoch 272: average Loss: 0.003988
2026-05-11 17:05: Train Epoch 273: 0/85 Loss: 0.000140
2026-05-11 17:05: Train Epoch 273: 20/85 Loss: 0.000110
2026-05-11 17:05: Train Epoch 273: 40/85 Loss: 0.000284
2026-05-11 17:05: Train Epoch 273: 60/85 Loss: 0.000168
2026-05-11 17:05: Train Epoch 273: 80/85 Loss: 0.000071
2026-05-11 17:05: **********Train Epoch 273: averaged Loss: 0.000166
2026-05-11 17:05: **********Val Epoch 273: average Loss: 0.003919
2026-05-11 17:05: Train Epoch 274: 0/85 Loss: 0.000060
2026-05-11 17:05: Train Epoch 274: 20/85 Loss: 0.000213
2026-05-11 17:05: Train Epoch 274: 40/85 Loss: 0.000260
2026-05-11 17:05: Train Epoch 274: 60/85 Loss: 0.000150
2026-05-11 17:05: Train Epoch 274: 80/85 Loss: 0.000075
2026-05-11 17:05: **********Train Epoch 274: averaged Loss: 0.000148
2026-05-11 17:05: **********Val Epoch 274: average Loss: 0.003829
2026-05-11 17:05: Train Epoch 275: 0/85 Loss: 0.000154
2026-05-11 17:05: Train Epoch 275: 20/85 Loss: 0.000135
2026-05-11 17:05: Train Epoch 275: 40/85 Loss: 0.000148
2026-05-11 17:05: Train Epoch 275: 60/85 Loss: 0.000117
2026-05-11 17:05: Train Epoch 275: 80/85 Loss: 0.000129
2026-05-11 17:05: **********Train Epoch 275: averaged Loss: 0.000128
2026-05-11 17:05: **********Val Epoch 275: average Loss: 0.003891
2026-05-11 17:05: Train Epoch 276: 0/85 Loss: 0.000103
2026-05-11 17:05: Train Epoch 276: 20/85 Loss: 0.000101
2026-05-11 17:05: Train Epoch 276: 40/85 Loss: 0.000217
2026-05-11 17:05: Train Epoch 276: 60/85 Loss: 0.000103
2026-05-11 17:05: Train Epoch 276: 80/85 Loss: 0.000153
2026-05-11 17:05: **********Train Epoch 276: averaged Loss: 0.000128
2026-05-11 17:06: **********Val Epoch 276: average Loss: 0.003687
2026-05-11 17:06: Train Epoch 277: 0/85 Loss: 0.000137
2026-05-11 17:06: Train Epoch 277: 20/85 Loss: 0.000176
2026-05-11 17:06: Train Epoch 277: 40/85 Loss: 0.000205
2026-05-11 17:06: Train Epoch 277: 60/85 Loss: 0.000178
2026-05-11 17:06: Train Epoch 277: 80/85 Loss: 0.000086
2026-05-11 17:06: **********Train Epoch 277: averaged Loss: 0.000141
2026-05-11 17:06: **********Val Epoch 277: average Loss: 0.003697
2026-05-11 17:06: Train Epoch 278: 0/85 Loss: 0.000225
2026-05-11 17:06: Train Epoch 278: 20/85 Loss: 0.000162
2026-05-11 17:06: Train Epoch 278: 40/85 Loss: 0.000276
2026-05-11 17:06: Train Epoch 278: 60/85 Loss: 0.000173
2026-05-11 17:06: Train Epoch 278: 80/85 Loss: 0.000166
2026-05-11 17:06: **********Train Epoch 278: averaged Loss: 0.000146
2026-05-11 17:06: **********Val Epoch 278: average Loss: 0.003424
2026-05-11 17:06: Train Epoch 279: 0/85 Loss: 0.000155
2026-05-11 17:06: Train Epoch 279: 20/85 Loss: 0.000138
2026-05-11 17:06: Train Epoch 279: 40/85 Loss: 0.000295
2026-05-11 17:06: Train Epoch 279: 60/85 Loss: 0.000126
2026-05-11 17:06: Train Epoch 279: 80/85 Loss: 0.000195
2026-05-11 17:06: **********Train Epoch 279: averaged Loss: 0.000166
2026-05-11 17:06: **********Val Epoch 279: average Loss: 0.003615
2026-05-11 17:06: Train Epoch 280: 0/85 Loss: 0.000302
2026-05-11 17:06: Train Epoch 280: 20/85 Loss: 0.000095
2026-05-11 17:06: Train Epoch 280: 40/85 Loss: 0.000261
2026-05-11 17:06: Train Epoch 280: 60/85 Loss: 0.000323
2026-05-11 17:06: Train Epoch 280: 80/85 Loss: 0.000261
2026-05-11 17:06: **********Train Epoch 280: averaged Loss: 0.000177
2026-05-11 17:06: **********Val Epoch 280: average Loss: 0.003760
2026-05-11 17:06: Train Epoch 281: 0/85 Loss: 0.000242
2026-05-11 17:06: Train Epoch 281: 20/85 Loss: 0.000106
2026-05-11 17:06: Train Epoch 281: 40/85 Loss: 0.000336
2026-05-11 17:06: Train Epoch 281: 60/85 Loss: 0.000167
2026-05-11 17:06: Train Epoch 281: 80/85 Loss: 0.000163
2026-05-11 17:06: **********Train Epoch 281: averaged Loss: 0.000182
2026-05-11 17:06: **********Val Epoch 281: average Loss: 0.003779
2026-05-11 17:06: Train Epoch 282: 0/85 Loss: 0.000411
2026-05-11 17:06: Train Epoch 282: 20/85 Loss: 0.000135
2026-05-11 17:06: Train Epoch 282: 40/85 Loss: 0.000381
2026-05-11 17:06: Train Epoch 282: 60/85 Loss: 0.000194
2026-05-11 17:06: Train Epoch 282: 80/85 Loss: 0.000361
2026-05-11 17:06: **********Train Epoch 282: averaged Loss: 0.000219
2026-05-11 17:06: **********Val Epoch 282: average Loss: 0.003968
2026-05-11 17:06: Train Epoch 283: 0/85 Loss: 0.000371
2026-05-11 17:06: Train Epoch 283: 20/85 Loss: 0.000199
2026-05-11 17:06: Train Epoch 283: 40/85 Loss: 0.000353
2026-05-11 17:06: Train Epoch 283: 60/85 Loss: 0.000259
2026-05-11 17:06: Train Epoch 283: 80/85 Loss: 0.000555
2026-05-11 17:06: **********Train Epoch 283: averaged Loss: 0.000217
2026-05-11 17:06: **********Val Epoch 283: average Loss: 0.003570
2026-05-11 17:06: Train Epoch 284: 0/85 Loss: 0.000125
2026-05-11 17:06: Train Epoch 284: 20/85 Loss: 0.000235
2026-05-11 17:06: Train Epoch 284: 40/85 Loss: 0.000583
2026-05-11 17:06: Train Epoch 284: 60/85 Loss: 0.000374
2026-05-11 17:06: Train Epoch 284: 80/85 Loss: 0.000310
2026-05-11 17:06: **********Train Epoch 284: averaged Loss: 0.000220
2026-05-11 17:06: **********Val Epoch 284: average Loss: 0.003552
2026-05-11 17:06: Train Epoch 285: 0/85 Loss: 0.000230
2026-05-11 17:06: Train Epoch 285: 20/85 Loss: 0.000140
2026-05-11 17:06: Train Epoch 285: 40/85 Loss: 0.000322
2026-05-11 17:06: Train Epoch 285: 60/85 Loss: 0.000212
2026-05-11 17:06: Train Epoch 285: 80/85 Loss: 0.000337
2026-05-11 17:06: **********Train Epoch 285: averaged Loss: 0.000215
2026-05-11 17:06: **********Val Epoch 285: average Loss: 0.003619
2026-05-11 17:06: Train Epoch 286: 0/85 Loss: 0.000177
2026-05-11 17:06: Train Epoch 286: 20/85 Loss: 0.000236
2026-05-11 17:06: Train Epoch 286: 40/85 Loss: 0.000404
2026-05-11 17:06: Train Epoch 286: 60/85 Loss: 0.000370
2026-05-11 17:06: Train Epoch 286: 80/85 Loss: 0.000221
2026-05-11 17:06: **********Train Epoch 286: averaged Loss: 0.000235
2026-05-11 17:06: **********Val Epoch 286: average Loss: 0.003547
2026-05-11 17:06: Train Epoch 287: 0/85 Loss: 0.000138
2026-05-11 17:06: Train Epoch 287: 20/85 Loss: 0.000216
2026-05-11 17:06: Train Epoch 287: 40/85 Loss: 0.000457
2026-05-11 17:06: Train Epoch 287: 60/85 Loss: 0.000272
2026-05-11 17:06: Train Epoch 287: 80/85 Loss: 0.000215
2026-05-11 17:06: **********Train Epoch 287: averaged Loss: 0.000225
2026-05-11 17:06: **********Val Epoch 287: average Loss: 0.004124
2026-05-11 17:06: Train Epoch 288: 0/85 Loss: 0.000178
2026-05-11 17:06: Train Epoch 288: 20/85 Loss: 0.000335
2026-05-11 17:06: Train Epoch 288: 40/85 Loss: 0.000502
2026-05-11 17:06: Train Epoch 288: 60/85 Loss: 0.000326
2026-05-11 17:06: Train Epoch 288: 80/85 Loss: 0.000260
2026-05-11 17:06: **********Train Epoch 288: averaged Loss: 0.000260
2026-05-11 17:06: **********Val Epoch 288: average Loss: 0.004120
2026-05-11 17:06: Train Epoch 289: 0/85 Loss: 0.000242
2026-05-11 17:06: Train Epoch 289: 20/85 Loss: 0.000115
2026-05-11 17:06: Train Epoch 289: 40/85 Loss: 0.000685
2026-05-11 17:06: Train Epoch 289: 60/85 Loss: 0.000348
2026-05-11 17:06: Train Epoch 289: 80/85 Loss: 0.000168
2026-05-11 17:06: **********Train Epoch 289: averaged Loss: 0.000232
2026-05-11 17:06: **********Val Epoch 289: average Loss: 0.004095
2026-05-11 17:06: Train Epoch 290: 0/85 Loss: 0.000168
2026-05-11 17:06: Train Epoch 290: 20/85 Loss: 0.000154
2026-05-11 17:06: Train Epoch 290: 40/85 Loss: 0.000667
2026-05-11 17:06: Train Epoch 290: 60/85 Loss: 0.000304
2026-05-11 17:06: Train Epoch 290: 80/85 Loss: 0.000228
2026-05-11 17:06: **********Train Epoch 290: averaged Loss: 0.000232
2026-05-11 17:06: **********Val Epoch 290: average Loss: 0.003698
2026-05-11 17:06: Train Epoch 291: 0/85 Loss: 0.000191
2026-05-11 17:06: Train Epoch 291: 20/85 Loss: 0.000203
2026-05-11 17:06: Train Epoch 291: 40/85 Loss: 0.000340
2026-05-11 17:06: Train Epoch 291: 60/85 Loss: 0.000533
2026-05-11 17:07: Train Epoch 291: 80/85 Loss: 0.000257
2026-05-11 17:07: **********Train Epoch 291: averaged Loss: 0.000230
2026-05-11 17:07: **********Val Epoch 291: average Loss: 0.003999
2026-05-11 17:07: Train Epoch 292: 0/85 Loss: 0.000118
2026-05-11 17:07: Train Epoch 292: 20/85 Loss: 0.000202
2026-05-11 17:07: Train Epoch 292: 40/85 Loss: 0.000455
2026-05-11 17:07: Train Epoch 292: 60/85 Loss: 0.000285
2026-05-11 17:07: Train Epoch 292: 80/85 Loss: 0.000207
2026-05-11 17:07: **********Train Epoch 292: averaged Loss: 0.000219
2026-05-11 17:07: **********Val Epoch 292: average Loss: 0.003975
2026-05-11 17:07: Train Epoch 293: 0/85 Loss: 0.000106
2026-05-11 17:07: Train Epoch 293: 20/85 Loss: 0.000144
2026-05-11 17:07: Train Epoch 293: 40/85 Loss: 0.000445
2026-05-11 17:07: Train Epoch 293: 60/85 Loss: 0.000299
2026-05-11 17:07: Train Epoch 293: 80/85 Loss: 0.000295
2026-05-11 17:07: **********Train Epoch 293: averaged Loss: 0.000254
2026-05-11 17:07: **********Val Epoch 293: average Loss: 0.003983
2026-05-11 17:07: Train Epoch 294: 0/85 Loss: 0.000156
2026-05-11 17:07: Train Epoch 294: 20/85 Loss: 0.000194
2026-05-11 17:07: Train Epoch 294: 40/85 Loss: 0.000234
2026-05-11 17:07: Train Epoch 294: 60/85 Loss: 0.000273
2026-05-11 17:07: Train Epoch 294: 80/85 Loss: 0.000304
2026-05-11 17:07: **********Train Epoch 294: averaged Loss: 0.000247
2026-05-11 17:07: **********Val Epoch 294: average Loss: 0.004237
2026-05-11 17:07: Train Epoch 295: 0/85 Loss: 0.000272
2026-05-11 17:07: Train Epoch 295: 20/85 Loss: 0.000217
2026-05-11 17:07: Train Epoch 295: 40/85 Loss: 0.000332
2026-05-11 17:07: Train Epoch 295: 60/85 Loss: 0.000412
2026-05-11 17:07: Train Epoch 295: 80/85 Loss: 0.000270
2026-05-11 17:07: **********Train Epoch 295: averaged Loss: 0.000278
2026-05-11 17:07: **********Val Epoch 295: average Loss: 0.004199
2026-05-11 17:07: Train Epoch 296: 0/85 Loss: 0.000268
2026-05-11 17:07: Train Epoch 296: 20/85 Loss: 0.000118
2026-05-11 17:07: Train Epoch 296: 40/85 Loss: 0.000261
2026-05-11 17:07: Train Epoch 296: 60/85 Loss: 0.000414
2026-05-11 17:07: Train Epoch 296: 80/85 Loss: 0.000132
2026-05-11 17:07: **********Train Epoch 296: averaged Loss: 0.000213
2026-05-11 17:07: **********Val Epoch 296: average Loss: 0.004040
2026-05-11 17:07: Train Epoch 297: 0/85 Loss: 0.000274
2026-05-11 17:07: Train Epoch 297: 20/85 Loss: 0.000287
2026-05-11 17:07: Train Epoch 297: 40/85 Loss: 0.000265
2026-05-11 17:07: Train Epoch 297: 60/85 Loss: 0.000411
2026-05-11 17:07: Train Epoch 297: 80/85 Loss: 0.000218
2026-05-11 17:07: **********Train Epoch 297: averaged Loss: 0.000236
2026-05-11 17:07: **********Val Epoch 297: average Loss: 0.003751
2026-05-11 17:07: Train Epoch 298: 0/85 Loss: 0.000239
2026-05-11 17:07: Train Epoch 298: 20/85 Loss: 0.000381
2026-05-11 17:07: Train Epoch 298: 40/85 Loss: 0.000164
2026-05-11 17:07: Train Epoch 298: 60/85 Loss: 0.000199
2026-05-11 17:07: Train Epoch 298: 80/85 Loss: 0.000607
2026-05-11 17:07: **********Train Epoch 298: averaged Loss: 0.000229
2026-05-11 17:07: **********Val Epoch 298: average Loss: 0.003270
2026-05-11 17:07: Train Epoch 299: 0/85 Loss: 0.000134
2026-05-11 17:07: Train Epoch 299: 20/85 Loss: 0.000203
2026-05-11 17:07: Train Epoch 299: 40/85 Loss: 0.000302
2026-05-11 17:07: Train Epoch 299: 60/85 Loss: 0.000386
2026-05-11 17:07: Train Epoch 299: 80/85 Loss: 0.000321
2026-05-11 17:07: **********Train Epoch 299: averaged Loss: 0.000253
2026-05-11 17:07: **********Val Epoch 299: average Loss: 0.003317
2026-05-11 17:07: Train Epoch 300: 0/85 Loss: 0.000253
2026-05-11 17:07: Train Epoch 300: 20/85 Loss: 0.000252
2026-05-11 17:07: Train Epoch 300: 40/85 Loss: 0.000369
2026-05-11 17:07: Train Epoch 300: 60/85 Loss: 0.000431
2026-05-11 17:07: Train Epoch 300: 80/85 Loss: 0.000337
2026-05-11 17:07: **********Train Epoch 300: averaged Loss: 0.000275
2026-05-11 17:07: **********Val Epoch 300: average Loss: 0.003619
2026-05-11 17:07: Train Epoch 301: 0/85 Loss: 0.000408
2026-05-11 17:07: Train Epoch 301: 20/85 Loss: 0.000414
2026-05-11 17:07: Train Epoch 301: 40/85 Loss: 0.000363
2026-05-11 17:07: Train Epoch 301: 60/85 Loss: 0.000365
2026-05-11 17:07: Train Epoch 301: 80/85 Loss: 0.000305
2026-05-11 17:07: **********Train Epoch 301: averaged Loss: 0.000288
2026-05-11 17:07: **********Val Epoch 301: average Loss: 0.003676
2026-05-11 17:07: Train Epoch 302: 0/85 Loss: 0.000308
2026-05-11 17:07: Train Epoch 302: 20/85 Loss: 0.000227
2026-05-11 17:07: Train Epoch 302: 40/85 Loss: 0.000525
2026-05-11 17:07: Train Epoch 302: 60/85 Loss: 0.000236
2026-05-11 17:07: Train Epoch 302: 80/85 Loss: 0.000154
2026-05-11 17:07: **********Train Epoch 302: averaged Loss: 0.000254
2026-05-11 17:07: **********Val Epoch 302: average Loss: 0.003228
2026-05-11 17:07: Train Epoch 303: 0/85 Loss: 0.000149
2026-05-11 17:07: Train Epoch 303: 20/85 Loss: 0.000069
2026-05-11 17:07: Train Epoch 303: 40/85 Loss: 0.000412
2026-05-11 17:07: Train Epoch 303: 60/85 Loss: 0.000300
2026-05-11 17:07: Train Epoch 303: 80/85 Loss: 0.000237
2026-05-11 17:07: **********Train Epoch 303: averaged Loss: 0.000209
2026-05-11 17:07: **********Val Epoch 303: average Loss: 0.003489
2026-05-11 17:07: Train Epoch 304: 0/85 Loss: 0.000117
2026-05-11 17:07: Train Epoch 304: 20/85 Loss: 0.000114
2026-05-11 17:07: Train Epoch 304: 40/85 Loss: 0.000242
2026-05-11 17:07: Train Epoch 304: 60/85 Loss: 0.000143
2026-05-11 17:07: Train Epoch 304: 80/85 Loss: 0.000140
2026-05-11 17:07: **********Train Epoch 304: averaged Loss: 0.000179
2026-05-11 17:07: **********Val Epoch 304: average Loss: 0.003581
2026-05-11 17:07: Train Epoch 305: 0/85 Loss: 0.000105
2026-05-11 17:07: Train Epoch 305: 20/85 Loss: 0.000085
2026-05-11 17:07: Train Epoch 305: 40/85 Loss: 0.000175
2026-05-11 17:07: Train Epoch 305: 60/85 Loss: 0.000148
2026-05-11 17:07: Train Epoch 305: 80/85 Loss: 0.000103
2026-05-11 17:07: **********Train Epoch 305: averaged Loss: 0.000140
2026-05-11 17:07: **********Val Epoch 305: average Loss: 0.003495
2026-05-11 17:07: Train Epoch 306: 0/85 Loss: 0.000296
2026-05-11 17:07: Train Epoch 306: 20/85 Loss: 0.000099
2026-05-11 17:07: Train Epoch 306: 40/85 Loss: 0.000072
2026-05-11 17:07: Train Epoch 306: 60/85 Loss: 0.000180
2026-05-11 17:07: Train Epoch 306: 80/85 Loss: 0.000107
2026-05-11 17:07: **********Train Epoch 306: averaged Loss: 0.000132
2026-05-11 17:07: **********Val Epoch 306: average Loss: 0.003564
2026-05-11 17:07: Train Epoch 307: 0/85 Loss: 0.000238
2026-05-11 17:07: Train Epoch 307: 20/85 Loss: 0.000081
2026-05-11 17:07: Train Epoch 307: 40/85 Loss: 0.000123
2026-05-11 17:07: Train Epoch 307: 60/85 Loss: 0.000174
2026-05-11 17:07: Train Epoch 307: 80/85 Loss: 0.000062
2026-05-11 17:07: **********Train Epoch 307: averaged Loss: 0.000146
2026-05-11 17:07: **********Val Epoch 307: average Loss: 0.003789
2026-05-11 17:07: Train Epoch 308: 0/85 Loss: 0.000174
2026-05-11 17:07: Train Epoch 308: 20/85 Loss: 0.000094
2026-05-11 17:07: Train Epoch 308: 40/85 Loss: 0.000092
2026-05-11 17:08: Train Epoch 308: 60/85 Loss: 0.000177
2026-05-11 17:08: Train Epoch 308: 80/85 Loss: 0.000139
2026-05-11 17:08: **********Train Epoch 308: averaged Loss: 0.000155
2026-05-11 17:08: **********Val Epoch 308: average Loss: 0.003699
2026-05-11 17:08: Train Epoch 309: 0/85 Loss: 0.000170
2026-05-11 17:08: Train Epoch 309: 20/85 Loss: 0.000137
2026-05-11 17:08: Train Epoch 309: 40/85 Loss: 0.000150
2026-05-11 17:08: Train Epoch 309: 60/85 Loss: 0.000173
2026-05-11 17:08: Train Epoch 309: 80/85 Loss: 0.000247
2026-05-11 17:08: **********Train Epoch 309: averaged Loss: 0.000197
2026-05-11 17:08: **********Val Epoch 309: average Loss: 0.004080
2026-05-11 17:08: Train Epoch 310: 0/85 Loss: 0.000151
2026-05-11 17:08: Train Epoch 310: 20/85 Loss: 0.000231
2026-05-11 17:08: Train Epoch 310: 40/85 Loss: 0.000305
2026-05-11 17:08: Train Epoch 310: 60/85 Loss: 0.000150
2026-05-11 17:08: Train Epoch 310: 80/85 Loss: 0.000189
2026-05-11 17:08: **********Train Epoch 310: averaged Loss: 0.000225
2026-05-11 17:08: **********Val Epoch 310: average Loss: 0.004296
2026-05-11 17:08: Train Epoch 311: 0/85 Loss: 0.000195
2026-05-11 17:08: Train Epoch 311: 20/85 Loss: 0.000196
2026-05-11 17:08: Train Epoch 311: 40/85 Loss: 0.000384
2026-05-11 17:08: Train Epoch 311: 60/85 Loss: 0.000172
2026-05-11 17:08: Train Epoch 311: 80/85 Loss: 0.000242
2026-05-11 17:08: **********Train Epoch 311: averaged Loss: 0.000202
2026-05-11 17:08: **********Val Epoch 311: average Loss: 0.004153
2026-05-11 17:08: Train Epoch 312: 0/85 Loss: 0.000200
2026-05-11 17:08: Train Epoch 312: 20/85 Loss: 0.000287
2026-05-11 17:08: Train Epoch 312: 40/85 Loss: 0.000129
2026-05-11 17:08: Train Epoch 312: 60/85 Loss: 0.000250
2026-05-11 17:08: Train Epoch 312: 80/85 Loss: 0.000291
2026-05-11 17:08: **********Train Epoch 312: averaged Loss: 0.000199
2026-05-11 17:08: **********Val Epoch 312: average Loss: 0.003920
2026-05-11 17:08: Train Epoch 313: 0/85 Loss: 0.000173
2026-05-11 17:08: Train Epoch 313: 20/85 Loss: 0.000352
2026-05-11 17:08: Train Epoch 313: 40/85 Loss: 0.000159
2026-05-11 17:08: Train Epoch 313: 60/85 Loss: 0.000295
2026-05-11 17:08: Train Epoch 313: 80/85 Loss: 0.000297
2026-05-11 17:08: **********Train Epoch 313: averaged Loss: 0.000210
2026-05-11 17:08: **********Val Epoch 313: average Loss: 0.003507
2026-05-11 17:08: Train Epoch 314: 0/85 Loss: 0.000085
2026-05-11 17:08: Train Epoch 314: 20/85 Loss: 0.000177
2026-05-11 17:08: Train Epoch 314: 40/85 Loss: 0.000185
2026-05-11 17:08: Train Epoch 314: 60/85 Loss: 0.000125
2026-05-11 17:08: Train Epoch 314: 80/85 Loss: 0.000129
2026-05-11 17:08: **********Train Epoch 314: averaged Loss: 0.000198
2026-05-11 17:08: **********Val Epoch 314: average Loss: 0.003748
2026-05-11 17:08: Train Epoch 315: 0/85 Loss: 0.000211
2026-05-11 17:08: Train Epoch 315: 20/85 Loss: 0.000197
2026-05-11 17:08: Train Epoch 315: 40/85 Loss: 0.000159
2026-05-11 17:08: Train Epoch 315: 60/85 Loss: 0.000233
2026-05-11 17:08: Train Epoch 315: 80/85 Loss: 0.000180
2026-05-11 17:08: **********Train Epoch 315: averaged Loss: 0.000192
2026-05-11 17:08: **********Val Epoch 315: average Loss: 0.003515
2026-05-11 17:08: Train Epoch 316: 0/85 Loss: 0.000169
2026-05-11 17:08: Train Epoch 316: 20/85 Loss: 0.000118
2026-05-11 17:08: Train Epoch 316: 40/85 Loss: 0.000193
2026-05-11 17:08: Train Epoch 316: 60/85 Loss: 0.000246
2026-05-11 17:08: Train Epoch 316: 80/85 Loss: 0.000293
2026-05-11 17:08: **********Train Epoch 316: averaged Loss: 0.000180
2026-05-11 17:08: **********Val Epoch 316: average Loss: 0.003369
2026-05-11 17:08: Train Epoch 317: 0/85 Loss: 0.000249
2026-05-11 17:08: Train Epoch 317: 20/85 Loss: 0.000119
2026-05-11 17:08: Train Epoch 317: 40/85 Loss: 0.000162
2026-05-11 17:08: Train Epoch 317: 60/85 Loss: 0.000142
2026-05-11 17:08: Train Epoch 317: 80/85 Loss: 0.000242
2026-05-11 17:08: **********Train Epoch 317: averaged Loss: 0.000155
2026-05-11 17:08: **********Val Epoch 317: average Loss: 0.003260
2026-05-11 17:08: Train Epoch 318: 0/85 Loss: 0.000200
2026-05-11 17:08: Train Epoch 318: 20/85 Loss: 0.000106
2026-05-11 17:08: Train Epoch 318: 40/85 Loss: 0.000185
2026-05-11 17:08: Train Epoch 318: 60/85 Loss: 0.000220
2026-05-11 17:08: Train Epoch 318: 80/85 Loss: 0.000336
2026-05-11 17:08: **********Train Epoch 318: averaged Loss: 0.000175
2026-05-11 17:08: **********Val Epoch 318: average Loss: 0.003038
2026-05-11 17:08: Train Epoch 319: 0/85 Loss: 0.000279
2026-05-11 17:08: Train Epoch 319: 20/85 Loss: 0.000086
2026-05-11 17:08: Train Epoch 319: 40/85 Loss: 0.000208
2026-05-11 17:08: Train Epoch 319: 60/85 Loss: 0.000272
2026-05-11 17:08: Train Epoch 319: 80/85 Loss: 0.000160
2026-05-11 17:08: **********Train Epoch 319: averaged Loss: 0.000162
2026-05-11 17:08: **********Val Epoch 319: average Loss: 0.003416
2026-05-11 17:08: Train Epoch 320: 0/85 Loss: 0.000162
2026-05-11 17:08: Train Epoch 320: 20/85 Loss: 0.000110
2026-05-11 17:08: Train Epoch 320: 40/85 Loss: 0.000219
2026-05-11 17:08: Train Epoch 320: 60/85 Loss: 0.000167
2026-05-11 17:08: Train Epoch 320: 80/85 Loss: 0.000123
2026-05-11 17:08: **********Train Epoch 320: averaged Loss: 0.000160
2026-05-11 17:08: **********Val Epoch 320: average Loss: 0.003216
2026-05-11 17:08: Train Epoch 321: 0/85 Loss: 0.000203
2026-05-11 17:08: Train Epoch 321: 20/85 Loss: 0.000105
2026-05-11 17:08: Train Epoch 321: 40/85 Loss: 0.000269
2026-05-11 17:08: Train Epoch 321: 60/85 Loss: 0.000171
2026-05-11 17:08: Train Epoch 321: 80/85 Loss: 0.000159
2026-05-11 17:08: **********Train Epoch 321: averaged Loss: 0.000176
2026-05-11 17:08: **********Val Epoch 321: average Loss: 0.003550
2026-05-11 17:08: Train Epoch 322: 0/85 Loss: 0.000117
2026-05-11 17:08: Train Epoch 322: 20/85 Loss: 0.000170
2026-05-11 17:08: Train Epoch 322: 40/85 Loss: 0.000219
2026-05-11 17:08: Train Epoch 322: 60/85 Loss: 0.000231
2026-05-11 17:08: Train Epoch 322: 80/85 Loss: 0.000153
2026-05-11 17:08: **********Train Epoch 322: averaged Loss: 0.000180
2026-05-11 17:08: **********Val Epoch 322: average Loss: 0.003603
2026-05-11 17:08: Train Epoch 323: 0/85 Loss: 0.000185
2026-05-11 17:08: Train Epoch 323: 20/85 Loss: 0.000094
2026-05-11 17:09: Train Epoch 323: 40/85 Loss: 0.000247
2026-05-11 17:09: Train Epoch 323: 60/85 Loss: 0.000344
2026-05-11 17:09: Train Epoch 323: 80/85 Loss: 0.000055
2026-05-11 17:09: **********Train Epoch 323: averaged Loss: 0.000188
2026-05-11 17:09: **********Val Epoch 323: average Loss: 0.003925
2026-05-11 17:09: Train Epoch 324: 0/85 Loss: 0.000188
2026-05-11 17:09: Train Epoch 324: 20/85 Loss: 0.000192
2026-05-11 17:09: Train Epoch 324: 40/85 Loss: 0.000365
2026-05-11 17:09: Train Epoch 324: 60/85 Loss: 0.000162
2026-05-11 17:09: Train Epoch 324: 80/85 Loss: 0.000166
2026-05-11 17:09: **********Train Epoch 324: averaged Loss: 0.000205
2026-05-11 17:09: **********Val Epoch 324: average Loss: 0.003891
2026-05-11 17:09: Train Epoch 325: 0/85 Loss: 0.000285
2026-05-11 17:09: Train Epoch 325: 20/85 Loss: 0.000178
2026-05-11 17:09: Train Epoch 325: 40/85 Loss: 0.000241
2026-05-11 17:09: Train Epoch 325: 60/85 Loss: 0.000101
2026-05-11 17:09: Train Epoch 325: 80/85 Loss: 0.000131
2026-05-11 17:09: **********Train Epoch 325: averaged Loss: 0.000175
2026-05-11 17:09: **********Val Epoch 325: average Loss: 0.003788
2026-05-11 17:09: Train Epoch 326: 0/85 Loss: 0.000116
2026-05-11 17:09: Train Epoch 326: 20/85 Loss: 0.000137
2026-05-11 17:09: Train Epoch 326: 40/85 Loss: 0.000173
2026-05-11 17:09: Train Epoch 326: 60/85 Loss: 0.000185
2026-05-11 17:09: Train Epoch 326: 80/85 Loss: 0.000097
2026-05-11 17:09: **********Train Epoch 326: averaged Loss: 0.000189
2026-05-11 17:09: **********Val Epoch 326: average Loss: 0.003566
2026-05-11 17:09: Train Epoch 327: 0/85 Loss: 0.000101
2026-05-11 17:09: Train Epoch 327: 20/85 Loss: 0.000113
2026-05-11 17:09: Train Epoch 327: 40/85 Loss: 0.000130
2026-05-11 17:09: Train Epoch 327: 60/85 Loss: 0.000153
2026-05-11 17:09: Train Epoch 327: 80/85 Loss: 0.000105
2026-05-11 17:09: **********Train Epoch 327: averaged Loss: 0.000163
2026-05-11 17:09: **********Val Epoch 327: average Loss: 0.003625
2026-05-11 17:09: Train Epoch 328: 0/85 Loss: 0.000096
2026-05-11 17:09: Train Epoch 328: 20/85 Loss: 0.000127
2026-05-11 17:09: Train Epoch 328: 40/85 Loss: 0.000093
2026-05-11 17:09: Train Epoch 328: 60/85 Loss: 0.000174
2026-05-11 17:09: Train Epoch 328: 80/85 Loss: 0.000101
2026-05-11 17:09: **********Train Epoch 328: averaged Loss: 0.000150
2026-05-11 17:09: **********Val Epoch 328: average Loss: 0.003580
2026-05-11 17:09: Train Epoch 329: 0/85 Loss: 0.000116
2026-05-11 17:09: Train Epoch 329: 20/85 Loss: 0.000184
2026-05-11 17:09: Train Epoch 329: 40/85 Loss: 0.000164
2026-05-11 17:09: Train Epoch 329: 60/85 Loss: 0.000148
2026-05-11 17:09: Train Epoch 329: 80/85 Loss: 0.000223
2026-05-11 17:09: **********Train Epoch 329: averaged Loss: 0.000162
2026-05-11 17:09: **********Val Epoch 329: average Loss: 0.003724
2026-05-11 17:09: Train Epoch 330: 0/85 Loss: 0.000111
2026-05-11 17:09: Train Epoch 330: 20/85 Loss: 0.000084
2026-05-11 17:09: Train Epoch 330: 40/85 Loss: 0.000129
2026-05-11 17:09: Train Epoch 330: 60/85 Loss: 0.000072
2026-05-11 17:09: Train Epoch 330: 80/85 Loss: 0.000282
2026-05-11 17:09: **********Train Epoch 330: averaged Loss: 0.000166
2026-05-11 17:09: **********Val Epoch 330: average Loss: 0.003713
2026-05-11 17:09: Train Epoch 331: 0/85 Loss: 0.000136
2026-05-11 17:09: Train Epoch 331: 20/85 Loss: 0.000100
2026-05-11 17:09: Train Epoch 331: 40/85 Loss: 0.000135
2026-05-11 17:09: Train Epoch 331: 60/85 Loss: 0.000218
2026-05-11 17:09: Train Epoch 331: 80/85 Loss: 0.000161
2026-05-11 17:09: **********Train Epoch 331: averaged Loss: 0.000169
2026-05-11 17:09: **********Val Epoch 331: average Loss: 0.003962
2026-05-11 17:09: Train Epoch 332: 0/85 Loss: 0.000205
2026-05-11 17:09: Train Epoch 332: 20/85 Loss: 0.000136
2026-05-11 17:09: Train Epoch 332: 40/85 Loss: 0.000204
2026-05-11 17:09: Train Epoch 332: 60/85 Loss: 0.000230
2026-05-11 17:09: Train Epoch 332: 80/85 Loss: 0.000266
2026-05-11 17:09: **********Train Epoch 332: averaged Loss: 0.000195
2026-05-11 17:09: **********Val Epoch 332: average Loss: 0.003788
2026-05-11 17:09: Train Epoch 333: 0/85 Loss: 0.000229
2026-05-11 17:09: Train Epoch 333: 20/85 Loss: 0.000156
2026-05-11 17:09: Train Epoch 333: 40/85 Loss: 0.000347
2026-05-11 17:09: Train Epoch 333: 60/85 Loss: 0.000138
2026-05-11 17:09: Train Epoch 333: 80/85 Loss: 0.000198
2026-05-11 17:09: **********Train Epoch 333: averaged Loss: 0.000188
2026-05-11 17:09: **********Val Epoch 333: average Loss: 0.003759
2026-05-11 17:09: Train Epoch 334: 0/85 Loss: 0.000180
2026-05-11 17:09: Train Epoch 334: 20/85 Loss: 0.000105
2026-05-11 17:09: Train Epoch 334: 40/85 Loss: 0.000485
2026-05-11 17:09: Train Epoch 334: 60/85 Loss: 0.000528
2026-05-11 17:09: Train Epoch 334: 80/85 Loss: 0.000166
2026-05-11 17:09: **********Train Epoch 334: averaged Loss: 0.000193
2026-05-11 17:09: **********Val Epoch 334: average Loss: 0.003614
2026-05-11 17:09: Train Epoch 335: 0/85 Loss: 0.000174
2026-05-11 17:09: Train Epoch 335: 20/85 Loss: 0.000138
2026-05-11 17:09: Train Epoch 335: 40/85 Loss: 0.000764
2026-05-11 17:09: Train Epoch 335: 60/85 Loss: 0.000264
2026-05-11 17:09: Train Epoch 335: 80/85 Loss: 0.000138
2026-05-11 17:09: **********Train Epoch 335: averaged Loss: 0.000249
2026-05-11 17:09: **********Val Epoch 335: average Loss: 0.003679
2026-05-11 17:09: Train Epoch 336: 0/85 Loss: 0.000164
2026-05-11 17:09: Train Epoch 336: 20/85 Loss: 0.000201
2026-05-11 17:09: Train Epoch 336: 40/85 Loss: 0.000241
2026-05-11 17:09: Train Epoch 336: 60/85 Loss: 0.000261
2026-05-11 17:09: Train Epoch 336: 80/85 Loss: 0.000258
2026-05-11 17:09: **********Train Epoch 336: averaged Loss: 0.000267
2026-05-11 17:09: **********Val Epoch 336: average Loss: 0.003617
2026-05-11 17:09: Train Epoch 337: 0/85 Loss: 0.000133
2026-05-11 17:09: Train Epoch 337: 20/85 Loss: 0.000201
2026-05-11 17:09: Train Epoch 337: 40/85 Loss: 0.000220
2026-05-11 17:09: Train Epoch 337: 60/85 Loss: 0.000470
2026-05-11 17:09: Train Epoch 337: 80/85 Loss: 0.000188
2026-05-11 17:09: **********Train Epoch 337: averaged Loss: 0.000241
2026-05-11 17:09: **********Val Epoch 337: average Loss: 0.003274
2026-05-11 17:09: Train Epoch 338: 0/85 Loss: 0.000161
2026-05-11 17:09: Train Epoch 338: 20/85 Loss: 0.000168
2026-05-11 17:09: Train Epoch 338: 40/85 Loss: 0.000292
2026-05-11 17:10: Train Epoch 338: 60/85 Loss: 0.000336
2026-05-11 17:10: Train Epoch 338: 80/85 Loss: 0.000133
2026-05-11 17:10: **********Train Epoch 338: averaged Loss: 0.000197
2026-05-11 17:10: **********Val Epoch 338: average Loss: 0.003420
2026-05-11 17:10: Train Epoch 339: 0/85 Loss: 0.000256
2026-05-11 17:10: Train Epoch 339: 20/85 Loss: 0.000132
2026-05-11 17:10: Train Epoch 339: 40/85 Loss: 0.000282
2026-05-11 17:10: Train Epoch 339: 60/85 Loss: 0.000165
2026-05-11 17:10: Train Epoch 339: 80/85 Loss: 0.000147
2026-05-11 17:10: **********Train Epoch 339: averaged Loss: 0.000197
2026-05-11 17:10: **********Val Epoch 339: average Loss: 0.003541
2026-05-11 17:10: Train Epoch 340: 0/85 Loss: 0.000129
2026-05-11 17:10: Train Epoch 340: 20/85 Loss: 0.000157
2026-05-11 17:10: Train Epoch 340: 40/85 Loss: 0.000130
2026-05-11 17:10: Train Epoch 340: 60/85 Loss: 0.000347
2026-05-11 17:10: Train Epoch 340: 80/85 Loss: 0.000329
2026-05-11 17:10: **********Train Epoch 340: averaged Loss: 0.000211
2026-05-11 17:10: **********Val Epoch 340: average Loss: 0.003353
2026-05-11 17:10: Train Epoch 341: 0/85 Loss: 0.000088
2026-05-11 17:10: Train Epoch 341: 20/85 Loss: 0.000096
2026-05-11 17:10: Train Epoch 341: 40/85 Loss: 0.000353
2026-05-11 17:10: Train Epoch 341: 60/85 Loss: 0.000313
2026-05-11 17:10: Train Epoch 341: 80/85 Loss: 0.000465
2026-05-11 17:10: **********Train Epoch 341: averaged Loss: 0.000219
2026-05-11 17:10: **********Val Epoch 341: average Loss: 0.003014
2026-05-11 17:10: Train Epoch 342: 0/85 Loss: 0.000223
2026-05-11 17:10: Train Epoch 342: 20/85 Loss: 0.000122
2026-05-11 17:10: Train Epoch 342: 40/85 Loss: 0.000140
2026-05-11 17:10: Train Epoch 342: 60/85 Loss: 0.000177
2026-05-11 17:10: Train Epoch 342: 80/85 Loss: 0.000334
2026-05-11 17:10: **********Train Epoch 342: averaged Loss: 0.000210
2026-05-11 17:10: **********Val Epoch 342: average Loss: 0.003319
2026-05-11 17:10: Train Epoch 343: 0/85 Loss: 0.000494
2026-05-11 17:10: Train Epoch 343: 20/85 Loss: 0.000191
2026-05-11 17:10: Train Epoch 343: 40/85 Loss: 0.000566
2026-05-11 17:10: Train Epoch 343: 60/85 Loss: 0.000220
2026-05-11 17:10: Train Epoch 343: 80/85 Loss: 0.000198
2026-05-11 17:10: **********Train Epoch 343: averaged Loss: 0.000236
2026-05-11 17:10: **********Val Epoch 343: average Loss: 0.003449
2026-05-11 17:10: Train Epoch 344: 0/85 Loss: 0.000374
2026-05-11 17:10: Train Epoch 344: 20/85 Loss: 0.000227
2026-05-11 17:10: Train Epoch 344: 40/85 Loss: 0.000449
2026-05-11 17:10: Train Epoch 344: 60/85 Loss: 0.000178
2026-05-11 17:10: Train Epoch 344: 80/85 Loss: 0.000109
2026-05-11 17:10: **********Train Epoch 344: averaged Loss: 0.000222
2026-05-11 17:10: **********Val Epoch 344: average Loss: 0.003632
2026-05-11 17:10: Train Epoch 345: 0/85 Loss: 0.000244
2026-05-11 17:10: Train Epoch 345: 20/85 Loss: 0.000068
2026-05-11 17:10: Train Epoch 345: 40/85 Loss: 0.000267
2026-05-11 17:10: Train Epoch 345: 60/85 Loss: 0.000286
2026-05-11 17:10: Train Epoch 345: 80/85 Loss: 0.000201
2026-05-11 17:10: **********Train Epoch 345: averaged Loss: 0.000210
2026-05-11 17:10: **********Val Epoch 345: average Loss: 0.003832
2026-05-11 17:10: Train Epoch 346: 0/85 Loss: 0.000241
2026-05-11 17:10: Train Epoch 346: 20/85 Loss: 0.000173
2026-05-11 17:10: Train Epoch 346: 40/85 Loss: 0.000437
2026-05-11 17:10: Train Epoch 346: 60/85 Loss: 0.000758
2026-05-11 17:10: Train Epoch 346: 80/85 Loss: 0.000113
2026-05-11 17:10: **********Train Epoch 346: averaged Loss: 0.000203
2026-05-11 17:10: **********Val Epoch 346: average Loss: 0.003806
2026-05-11 17:10: Train Epoch 347: 0/85 Loss: 0.000164
2026-05-11 17:10: Train Epoch 347: 20/85 Loss: 0.000104
2026-05-11 17:10: Train Epoch 347: 40/85 Loss: 0.000254
2026-05-11 17:10: Train Epoch 347: 60/85 Loss: 0.000302
2026-05-11 17:10: Train Epoch 347: 80/85 Loss: 0.000165
2026-05-11 17:10: **********Train Epoch 347: averaged Loss: 0.000196
2026-05-11 17:10: **********Val Epoch 347: average Loss: 0.003761
2026-05-11 17:10: Train Epoch 348: 0/85 Loss: 0.000167
2026-05-11 17:10: Train Epoch 348: 20/85 Loss: 0.000101
2026-05-11 17:10: Train Epoch 348: 40/85 Loss: 0.000167
2026-05-11 17:10: Train Epoch 348: 60/85 Loss: 0.000184
2026-05-11 17:10: Train Epoch 348: 80/85 Loss: 0.000076
2026-05-11 17:10: **********Train Epoch 348: averaged Loss: 0.000160
2026-05-11 17:10: **********Val Epoch 348: average Loss: 0.003605
2026-05-11 17:10: Train Epoch 349: 0/85 Loss: 0.000148
2026-05-11 17:10: Train Epoch 349: 20/85 Loss: 0.000092
2026-05-11 17:10: Train Epoch 349: 40/85 Loss: 0.000171
2026-05-11 17:10: Train Epoch 349: 60/85 Loss: 0.000102
2026-05-11 17:10: Train Epoch 349: 80/85 Loss: 0.000127
2026-05-11 17:10: **********Train Epoch 349: averaged Loss: 0.000129
2026-05-11 17:10: **********Val Epoch 349: average Loss: 0.003429
2026-05-11 17:10: Train Epoch 350: 0/85 Loss: 0.000109
2026-05-11 17:10: Train Epoch 350: 20/85 Loss: 0.000124
2026-05-11 17:10: Train Epoch 350: 40/85 Loss: 0.000192
2026-05-11 17:10: Train Epoch 350: 60/85 Loss: 0.000103
2026-05-11 17:10: Train Epoch 350: 80/85 Loss: 0.000079
2026-05-11 17:10: **********Train Epoch 350: averaged Loss: 0.000120
2026-05-11 17:10: **********Val Epoch 350: average Loss: 0.003446
2026-05-11 17:10: Train Epoch 351: 0/85 Loss: 0.000116
2026-05-11 17:10: Train Epoch 351: 20/85 Loss: 0.000089
2026-05-11 17:10: Train Epoch 351: 40/85 Loss: 0.000148
2026-05-11 17:10: Train Epoch 351: 60/85 Loss: 0.000105
2026-05-11 17:10: Train Epoch 351: 80/85 Loss: 0.000065
2026-05-11 17:10: **********Train Epoch 351: averaged Loss: 0.000101
2026-05-11 17:10: **********Val Epoch 351: average Loss: 0.003540
2026-05-11 17:10: Train Epoch 352: 0/85 Loss: 0.000125
2026-05-11 17:10: Train Epoch 352: 20/85 Loss: 0.000051
2026-05-11 17:10: Train Epoch 352: 40/85 Loss: 0.000082
2026-05-11 17:10: Train Epoch 352: 60/85 Loss: 0.000184
2026-05-11 17:10: Train Epoch 352: 80/85 Loss: 0.000099
2026-05-11 17:10: **********Train Epoch 352: averaged Loss: 0.000098
2026-05-11 17:10: **********Val Epoch 352: average Loss: 0.003464
2026-05-11 17:10: Train Epoch 353: 0/85 Loss: 0.000121
2026-05-11 17:11: Train Epoch 353: 20/85 Loss: 0.000063
2026-05-11 17:11: Train Epoch 353: 40/85 Loss: 0.000153
2026-05-11 17:11: Train Epoch 353: 60/85 Loss: 0.000227
2026-05-11 17:11: Train Epoch 353: 80/85 Loss: 0.000108
2026-05-11 17:11: **********Train Epoch 353: averaged Loss: 0.000105
2026-05-11 17:11: **********Val Epoch 353: average Loss: 0.003316
2026-05-11 17:11: Train Epoch 354: 0/85 Loss: 0.000103
2026-05-11 17:11: Train Epoch 354: 20/85 Loss: 0.000069
2026-05-11 17:11: Train Epoch 354: 40/85 Loss: 0.000055
2026-05-11 17:11: Train Epoch 354: 60/85 Loss: 0.000194
2026-05-11 17:11: Train Epoch 354: 80/85 Loss: 0.000127
2026-05-11 17:11: **********Train Epoch 354: averaged Loss: 0.000102
2026-05-11 17:11: **********Val Epoch 354: average Loss: 0.003534
2026-05-11 17:11: Train Epoch 355: 0/85 Loss: 0.000140
2026-05-11 17:11: Train Epoch 355: 20/85 Loss: 0.000048
2026-05-11 17:11: Train Epoch 355: 40/85 Loss: 0.000247
2026-05-11 17:11: Train Epoch 355: 60/85 Loss: 0.000153
2026-05-11 17:11: Train Epoch 355: 80/85 Loss: 0.000131
2026-05-11 17:11: **********Train Epoch 355: averaged Loss: 0.000105
2026-05-11 17:11: **********Val Epoch 355: average Loss: 0.003822
2026-05-11 17:11: Train Epoch 356: 0/85 Loss: 0.000088
2026-05-11 17:11: Train Epoch 356: 20/85 Loss: 0.000067
2026-05-11 17:11: Train Epoch 356: 40/85 Loss: 0.000153
2026-05-11 17:11: Train Epoch 356: 60/85 Loss: 0.000472
2026-05-11 17:11: Train Epoch 356: 80/85 Loss: 0.000122
2026-05-11 17:11: **********Train Epoch 356: averaged Loss: 0.000116
2026-05-11 17:11: **********Val Epoch 356: average Loss: 0.003558
2026-05-11 17:11: Train Epoch 357: 0/85 Loss: 0.000101
2026-05-11 17:11: Train Epoch 357: 20/85 Loss: 0.000072
2026-05-11 17:11: Train Epoch 357: 40/85 Loss: 0.000091
2026-05-11 17:11: Train Epoch 357: 60/85 Loss: 0.000143
2026-05-11 17:11: Train Epoch 357: 80/85 Loss: 0.000142
2026-05-11 17:11: **********Train Epoch 357: averaged Loss: 0.000106
2026-05-11 17:11: **********Val Epoch 357: average Loss: 0.003428
2026-05-11 17:11: Train Epoch 358: 0/85 Loss: 0.000077
2026-05-11 17:11: Train Epoch 358: 20/85 Loss: 0.000084
2026-05-11 17:11: Train Epoch 358: 40/85 Loss: 0.000107
2026-05-11 17:11: Train Epoch 358: 60/85 Loss: 0.000178
2026-05-11 17:11: Train Epoch 358: 80/85 Loss: 0.000138
2026-05-11 17:11: **********Train Epoch 358: averaged Loss: 0.000082
2026-05-11 17:11: **********Val Epoch 358: average Loss: 0.003280
2026-05-11 17:11: Train Epoch 359: 0/85 Loss: 0.000073
2026-05-11 17:11: Train Epoch 359: 20/85 Loss: 0.000035
2026-05-11 17:11: Train Epoch 359: 40/85 Loss: 0.000076
2026-05-11 17:11: Train Epoch 359: 60/85 Loss: 0.000094
2026-05-11 17:11: Train Epoch 359: 80/85 Loss: 0.000045
2026-05-11 17:11: **********Train Epoch 359: averaged Loss: 0.000063
2026-05-11 17:11: **********Val Epoch 359: average Loss: 0.003594
2026-05-11 17:11: Train Epoch 360: 0/85 Loss: 0.000072
2026-05-11 17:11: Train Epoch 360: 20/85 Loss: 0.000036
2026-05-11 17:11: Train Epoch 360: 40/85 Loss: 0.000099
2026-05-11 17:11: Train Epoch 360: 60/85 Loss: 0.000088
2026-05-11 17:11: Train Epoch 360: 80/85 Loss: 0.000034
2026-05-11 17:11: **********Train Epoch 360: averaged Loss: 0.000064
2026-05-11 17:11: **********Val Epoch 360: average Loss: 0.003448
2026-05-11 17:11: Train Epoch 361: 0/85 Loss: 0.000049
2026-05-11 17:11: Train Epoch 361: 20/85 Loss: 0.000079
2026-05-11 17:11: Train Epoch 361: 40/85 Loss: 0.000132
2026-05-11 17:11: Train Epoch 361: 60/85 Loss: 0.000168
2026-05-11 17:11: Train Epoch 361: 80/85 Loss: 0.000085
2026-05-11 17:11: **********Train Epoch 361: averaged Loss: 0.000072
2026-05-11 17:11: **********Val Epoch 361: average Loss: 0.003495
2026-05-11 17:11: Train Epoch 362: 0/85 Loss: 0.000033
2026-05-11 17:11: Train Epoch 362: 20/85 Loss: 0.000038
2026-05-11 17:11: Train Epoch 362: 40/85 Loss: 0.000140
2026-05-11 17:11: Train Epoch 362: 60/85 Loss: 0.000158
2026-05-11 17:11: Train Epoch 362: 80/85 Loss: 0.000136
2026-05-11 17:11: **********Train Epoch 362: averaged Loss: 0.000077
2026-05-11 17:11: **********Val Epoch 362: average Loss: 0.003209
2026-05-11 17:11: Train Epoch 363: 0/85 Loss: 0.000088
2026-05-11 17:11: Train Epoch 363: 20/85 Loss: 0.000043
2026-05-11 17:11: Train Epoch 363: 40/85 Loss: 0.000114
2026-05-11 17:11: Train Epoch 363: 60/85 Loss: 0.000189
2026-05-11 17:11: Train Epoch 363: 80/85 Loss: 0.000106
2026-05-11 17:11: **********Train Epoch 363: averaged Loss: 0.000083
2026-05-11 17:11: **********Val Epoch 363: average Loss: 0.003197
2026-05-11 17:11: Train Epoch 364: 0/85 Loss: 0.000101
2026-05-11 17:11: Train Epoch 364: 20/85 Loss: 0.000076
2026-05-11 17:11: Train Epoch 364: 40/85 Loss: 0.000084
2026-05-11 17:11: Train Epoch 364: 60/85 Loss: 0.000127
2026-05-11 17:11: Train Epoch 364: 80/85 Loss: 0.000109
2026-05-11 17:11: **********Train Epoch 364: averaged Loss: 0.000086
2026-05-11 17:11: **********Val Epoch 364: average Loss: 0.003346
2026-05-11 17:11: Train Epoch 365: 0/85 Loss: 0.000080
2026-05-11 17:11: Train Epoch 365: 20/85 Loss: 0.000083
2026-05-11 17:11: Train Epoch 365: 40/85 Loss: 0.000203
2026-05-11 17:11: Train Epoch 365: 60/85 Loss: 0.000088
2026-05-11 17:11: Train Epoch 365: 80/85 Loss: 0.000072
2026-05-11 17:11: **********Train Epoch 365: averaged Loss: 0.000093
2026-05-11 17:11: **********Val Epoch 365: average Loss: 0.003234
2026-05-11 17:11: Train Epoch 366: 0/85 Loss: 0.000110
2026-05-11 17:11: Train Epoch 366: 20/85 Loss: 0.000085
2026-05-11 17:11: Train Epoch 366: 40/85 Loss: 0.000226
2026-05-11 17:11: Train Epoch 366: 60/85 Loss: 0.000126
2026-05-11 17:11: Train Epoch 366: 80/85 Loss: 0.000081
2026-05-11 17:11: **********Train Epoch 366: averaged Loss: 0.000095
2026-05-11 17:11: **********Val Epoch 366: average Loss: 0.003294
2026-05-11 17:11: Train Epoch 367: 0/85 Loss: 0.000139
2026-05-11 17:11: Train Epoch 367: 20/85 Loss: 0.000069
2026-05-11 17:11: Train Epoch 367: 40/85 Loss: 0.000223
2026-05-11 17:11: Train Epoch 367: 60/85 Loss: 0.000083
2026-05-11 17:12: Train Epoch 367: 80/85 Loss: 0.000075
2026-05-11 17:12: **********Train Epoch 367: averaged Loss: 0.000093
2026-05-11 17:12: **********Val Epoch 367: average Loss: 0.003176
2026-05-11 17:12: Train Epoch 368: 0/85 Loss: 0.000130
2026-05-11 17:12: Train Epoch 368: 20/85 Loss: 0.000091
2026-05-11 17:12: Train Epoch 368: 40/85 Loss: 0.000310
2026-05-11 17:12: Train Epoch 368: 60/85 Loss: 0.000122
2026-05-11 17:12: Train Epoch 368: 80/85 Loss: 0.000094
2026-05-11 17:12: **********Train Epoch 368: averaged Loss: 0.000107
2026-05-11 17:12: **********Val Epoch 368: average Loss: 0.003288
2026-05-11 17:12: Train Epoch 369: 0/85 Loss: 0.000093
2026-05-11 17:12: Train Epoch 369: 20/85 Loss: 0.000115
2026-05-11 17:12: Train Epoch 369: 40/85 Loss: 0.000189
2026-05-11 17:12: Train Epoch 369: 60/85 Loss: 0.000111
2026-05-11 17:12: Train Epoch 369: 80/85 Loss: 0.000077
2026-05-11 17:12: **********Train Epoch 369: averaged Loss: 0.000103
2026-05-11 17:12: **********Val Epoch 369: average Loss: 0.003352
2026-05-11 17:12: Train Epoch 370: 0/85 Loss: 0.000069
2026-05-11 17:12: Train Epoch 370: 20/85 Loss: 0.000050
2026-05-11 17:12: Train Epoch 370: 40/85 Loss: 0.000356
2026-05-11 17:12: Train Epoch 370: 60/85 Loss: 0.000082
2026-05-11 17:12: Train Epoch 370: 80/85 Loss: 0.000127
2026-05-11 17:12: **********Train Epoch 370: averaged Loss: 0.000105
2026-05-11 17:12: **********Val Epoch 370: average Loss: 0.003429
2026-05-11 17:12: Train Epoch 371: 0/85 Loss: 0.000152
2026-05-11 17:12: Train Epoch 371: 20/85 Loss: 0.000055
2026-05-11 17:12: Train Epoch 371: 40/85 Loss: 0.000142
2026-05-11 17:12: Train Epoch 371: 60/85 Loss: 0.000336
2026-05-11 17:12: Train Epoch 371: 80/85 Loss: 0.000202
2026-05-11 17:12: **********Train Epoch 371: averaged Loss: 0.000128
2026-05-11 17:12: **********Val Epoch 371: average Loss: 0.003538
2026-05-11 17:12: Train Epoch 372: 0/85 Loss: 0.000095
2026-05-11 17:12: Train Epoch 372: 20/85 Loss: 0.000087
2026-05-11 17:12: Train Epoch 372: 40/85 Loss: 0.000229
2026-05-11 17:12: Train Epoch 372: 60/85 Loss: 0.000227
2026-05-11 17:12: Train Epoch 372: 80/85 Loss: 0.000139
2026-05-11 17:12: **********Train Epoch 372: averaged Loss: 0.000142
2026-05-11 17:12: **********Val Epoch 372: average Loss: 0.003502
2026-05-11 17:12: Train Epoch 373: 0/85 Loss: 0.000143
2026-05-11 17:12: Train Epoch 373: 20/85 Loss: 0.000254
2026-05-11 17:12: Train Epoch 373: 40/85 Loss: 0.000247
2026-05-11 17:12: Train Epoch 373: 60/85 Loss: 0.000214
2026-05-11 17:12: Train Epoch 373: 80/85 Loss: 0.000133
2026-05-11 17:12: **********Train Epoch 373: averaged Loss: 0.000174
2026-05-11 17:12: **********Val Epoch 373: average Loss: 0.003560
2026-05-11 17:12: Train Epoch 374: 0/85 Loss: 0.000126
2026-05-11 17:12: Train Epoch 374: 20/85 Loss: 0.000194
2026-05-11 17:12: Train Epoch 374: 40/85 Loss: 0.000236
2026-05-11 17:12: Train Epoch 374: 60/85 Loss: 0.000076
2026-05-11 17:12: Train Epoch 374: 80/85 Loss: 0.000096
2026-05-11 17:12: **********Train Epoch 374: averaged Loss: 0.000162
2026-05-11 17:12: **********Val Epoch 374: average Loss: 0.003763
2026-05-11 17:12: Train Epoch 375: 0/85 Loss: 0.000135
2026-05-11 17:12: Train Epoch 375: 20/85 Loss: 0.000166
2026-05-11 17:12: Train Epoch 375: 40/85 Loss: 0.000175
2026-05-11 17:12: Train Epoch 375: 60/85 Loss: 0.000195
2026-05-11 17:12: Train Epoch 375: 80/85 Loss: 0.000113
2026-05-11 17:12: **********Train Epoch 375: averaged Loss: 0.000161
2026-05-11 17:12: **********Val Epoch 375: average Loss: 0.003450
2026-05-11 17:12: Train Epoch 376: 0/85 Loss: 0.000133
2026-05-11 17:12: Train Epoch 376: 20/85 Loss: 0.000158
2026-05-11 17:12: Train Epoch 376: 40/85 Loss: 0.000291
2026-05-11 17:12: Train Epoch 376: 60/85 Loss: 0.000197
2026-05-11 17:12: Train Epoch 376: 80/85 Loss: 0.000131
2026-05-11 17:12: **********Train Epoch 376: averaged Loss: 0.000160
2026-05-11 17:12: **********Val Epoch 376: average Loss: 0.003581
2026-05-11 17:12: Train Epoch 377: 0/85 Loss: 0.000201
2026-05-11 17:12: Train Epoch 377: 20/85 Loss: 0.000107
2026-05-11 17:12: Train Epoch 377: 40/85 Loss: 0.000214
2026-05-11 17:12: Train Epoch 377: 60/85 Loss: 0.000261
2026-05-11 17:12: Train Epoch 377: 80/85 Loss: 0.000099
2026-05-11 17:12: **********Train Epoch 377: averaged Loss: 0.000162
2026-05-11 17:12: **********Val Epoch 377: average Loss: 0.003189
2026-05-11 17:12: Train Epoch 378: 0/85 Loss: 0.000148
2026-05-11 17:12: Train Epoch 378: 20/85 Loss: 0.000088
2026-05-11 17:12: Train Epoch 378: 40/85 Loss: 0.000266
2026-05-11 17:12: Train Epoch 378: 60/85 Loss: 0.000261
2026-05-11 17:12: Train Epoch 378: 80/85 Loss: 0.000199
2026-05-11 17:12: **********Train Epoch 378: averaged Loss: 0.000162
2026-05-11 17:12: **********Val Epoch 378: average Loss: 0.003247
2026-05-11 17:12: Train Epoch 379: 0/85 Loss: 0.000248
2026-05-11 17:12: Train Epoch 379: 20/85 Loss: 0.000094
2026-05-11 17:12: Train Epoch 379: 40/85 Loss: 0.000109
2026-05-11 17:12: Train Epoch 379: 60/85 Loss: 0.000200
2026-05-11 17:12: Train Epoch 379: 80/85 Loss: 0.000084
2026-05-11 17:12: **********Train Epoch 379: averaged Loss: 0.000159
2026-05-11 17:12: **********Val Epoch 379: average Loss: 0.003202
2026-05-11 17:12: Train Epoch 380: 0/85 Loss: 0.000155
2026-05-11 17:12: Train Epoch 380: 20/85 Loss: 0.000151
2026-05-11 17:12: Train Epoch 380: 40/85 Loss: 0.000318
2026-05-11 17:12: Train Epoch 380: 60/85 Loss: 0.000168
2026-05-11 17:12: Train Epoch 380: 80/85 Loss: 0.000142
2026-05-11 17:12: **********Train Epoch 380: averaged Loss: 0.000183
2026-05-11 17:12: **********Val Epoch 380: average Loss: 0.003525
2026-05-11 17:12: Train Epoch 381: 0/85 Loss: 0.000200
2026-05-11 17:12: Train Epoch 381: 20/85 Loss: 0.000114
2026-05-11 17:12: Train Epoch 381: 40/85 Loss: 0.000241
2026-05-11 17:12: Train Epoch 381: 60/85 Loss: 0.000378
2026-05-11 17:12: Train Epoch 381: 80/85 Loss: 0.000137
2026-05-11 17:12: **********Train Epoch 381: averaged Loss: 0.000184
2026-05-11 17:12: **********Val Epoch 381: average Loss: 0.003479
2026-05-11 17:12: Train Epoch 382: 0/85 Loss: 0.000128
2026-05-11 17:12: Train Epoch 382: 20/85 Loss: 0.000078
2026-05-11 17:12: Train Epoch 382: 40/85 Loss: 0.000418
2026-05-11 17:12: Train Epoch 382: 60/85 Loss: 0.000329
2026-05-11 17:12: Train Epoch 382: 80/85 Loss: 0.000173
2026-05-11 17:12: **********Train Epoch 382: averaged Loss: 0.000175
2026-05-11 17:12: **********Val Epoch 382: average Loss: 0.003520
2026-05-11 17:12: Train Epoch 383: 0/85 Loss: 0.000121
2026-05-11 17:12: Train Epoch 383: 20/85 Loss: 0.000098
2026-05-11 17:12: Train Epoch 383: 40/85 Loss: 0.000199
2026-05-11 17:12: Train Epoch 383: 60/85 Loss: 0.000206
2026-05-11 17:12: Train Epoch 383: 80/85 Loss: 0.000227
2026-05-11 17:12: **********Train Epoch 383: averaged Loss: 0.000137
2026-05-11 17:12: **********Val Epoch 383: average Loss: 0.003250
2026-05-11 17:12: Train Epoch 384: 0/85 Loss: 0.000127
2026-05-11 17:13: Train Epoch 384: 20/85 Loss: 0.000074
2026-05-11 17:13: Train Epoch 384: 40/85 Loss: 0.000163
2026-05-11 17:13: Train Epoch 384: 60/85 Loss: 0.000065
2026-05-11 17:13: Train Epoch 384: 80/85 Loss: 0.000125
2026-05-11 17:13: **********Train Epoch 384: averaged Loss: 0.000114
2026-05-11 17:13: **********Val Epoch 384: average Loss: 0.003474
2026-05-11 17:13: Train Epoch 385: 0/85 Loss: 0.000070
2026-05-11 17:13: Train Epoch 385: 20/85 Loss: 0.000171
2026-05-11 17:13: Train Epoch 385: 40/85 Loss: 0.000149
2026-05-11 17:13: Train Epoch 385: 60/85 Loss: 0.000066
2026-05-11 17:13: Train Epoch 385: 80/85 Loss: 0.000150
2026-05-11 17:13: **********Train Epoch 385: averaged Loss: 0.000118
2026-05-11 17:13: **********Val Epoch 385: average Loss: 0.003366
2026-05-11 17:13: Train Epoch 386: 0/85 Loss: 0.000122
2026-05-11 17:13: Train Epoch 386: 20/85 Loss: 0.000114
2026-05-11 17:13: Train Epoch 386: 40/85 Loss: 0.000133
2026-05-11 17:13: Train Epoch 386: 60/85 Loss: 0.000048
2026-05-11 17:13: Train Epoch 386: 80/85 Loss: 0.000074
2026-05-11 17:13: **********Train Epoch 386: averaged Loss: 0.000109
2026-05-11 17:13: **********Val Epoch 386: average Loss: 0.003426
2026-05-11 17:13: Train Epoch 387: 0/85 Loss: 0.000266
2026-05-11 17:13: Train Epoch 387: 20/85 Loss: 0.000091
2026-05-11 17:13: Train Epoch 387: 40/85 Loss: 0.000109
2026-05-11 17:13: Train Epoch 387: 60/85 Loss: 0.000049
2026-05-11 17:13: Train Epoch 387: 80/85 Loss: 0.000042
2026-05-11 17:13: **********Train Epoch 387: averaged Loss: 0.000093
2026-05-11 17:13: **********Val Epoch 387: average Loss: 0.003407
2026-05-11 17:13: Train Epoch 388: 0/85 Loss: 0.000241
2026-05-11 17:13: Train Epoch 388: 20/85 Loss: 0.000068
2026-05-11 17:13: Train Epoch 388: 40/85 Loss: 0.000169
2026-05-11 17:13: Train Epoch 388: 60/85 Loss: 0.000109
2026-05-11 17:13: Train Epoch 388: 80/85 Loss: 0.000039
2026-05-11 17:13: **********Train Epoch 388: averaged Loss: 0.000121
2026-05-11 17:13: **********Val Epoch 388: average Loss: 0.003537
2026-05-11 17:13: Train Epoch 389: 0/85 Loss: 0.000128
2026-05-11 17:13: Train Epoch 389: 20/85 Loss: 0.000081
2026-05-11 17:13: Train Epoch 389: 40/85 Loss: 0.000176
2026-05-11 17:13: Train Epoch 389: 60/85 Loss: 0.000171
2026-05-11 17:13: Train Epoch 389: 80/85 Loss: 0.000134
2026-05-11 17:13: **********Train Epoch 389: averaged Loss: 0.000120
2026-05-11 17:13: **********Val Epoch 389: average Loss: 0.003588
2026-05-11 17:13: Train Epoch 390: 0/85 Loss: 0.000167
2026-05-11 17:13: Train Epoch 390: 20/85 Loss: 0.000158
2026-05-11 17:13: Train Epoch 390: 40/85 Loss: 0.000110
2026-05-11 17:13: Train Epoch 390: 60/85 Loss: 0.000166
2026-05-11 17:13: Train Epoch 390: 80/85 Loss: 0.000109
2026-05-11 17:13: **********Train Epoch 390: averaged Loss: 0.000135
2026-05-11 17:13: **********Val Epoch 390: average Loss: 0.003773
2026-05-11 17:13: Train Epoch 391: 0/85 Loss: 0.000164
2026-05-11 17:13: Train Epoch 391: 20/85 Loss: 0.000169
2026-05-11 17:13: Train Epoch 391: 40/85 Loss: 0.000145
2026-05-11 17:13: Train Epoch 391: 60/85 Loss: 0.000184
2026-05-11 17:13: Train Epoch 391: 80/85 Loss: 0.000130
2026-05-11 17:13: **********Train Epoch 391: averaged Loss: 0.000154
2026-05-11 17:13: **********Val Epoch 391: average Loss: 0.003764
2026-05-11 17:13: Train Epoch 392: 0/85 Loss: 0.000114
2026-05-11 17:13: Train Epoch 392: 20/85 Loss: 0.000117
2026-05-11 17:13: Train Epoch 392: 40/85 Loss: 0.000260
2026-05-11 17:13: Train Epoch 392: 60/85 Loss: 0.000145
2026-05-11 17:13: Train Epoch 392: 80/85 Loss: 0.000114
2026-05-11 17:13: **********Train Epoch 392: averaged Loss: 0.000187
2026-05-11 17:13: **********Val Epoch 392: average Loss: 0.003572
2026-05-11 17:13: Train Epoch 393: 0/85 Loss: 0.000252
2026-05-11 17:13: Train Epoch 393: 20/85 Loss: 0.000166
2026-05-11 17:13: Train Epoch 393: 40/85 Loss: 0.000222
2026-05-11 17:13: Train Epoch 393: 60/85 Loss: 0.000214
2026-05-11 17:13: Train Epoch 393: 80/85 Loss: 0.000115
2026-05-11 17:13: **********Train Epoch 393: averaged Loss: 0.000158
2026-05-11 17:13: **********Val Epoch 393: average Loss: 0.003484
2026-05-11 17:13: Train Epoch 394: 0/85 Loss: 0.000108
2026-05-11 17:13: Train Epoch 394: 20/85 Loss: 0.000092
2026-05-11 17:13: Train Epoch 394: 40/85 Loss: 0.000250
2026-05-11 17:13: Train Epoch 394: 60/85 Loss: 0.000149
2026-05-11 17:13: Train Epoch 394: 80/85 Loss: 0.000105
2026-05-11 17:13: **********Train Epoch 394: averaged Loss: 0.000135
2026-05-11 17:13: **********Val Epoch 394: average Loss: 0.003385
2026-05-11 17:13: Train Epoch 395: 0/85 Loss: 0.000092
2026-05-11 17:13: Train Epoch 395: 20/85 Loss: 0.000151
2026-05-11 17:13: Train Epoch 395: 40/85 Loss: 0.000181
2026-05-11 17:13: Train Epoch 395: 60/85 Loss: 0.000142
2026-05-11 17:13: Train Epoch 395: 80/85 Loss: 0.000177
2026-05-11 17:13: **********Train Epoch 395: averaged Loss: 0.000124
2026-05-11 17:13: **********Val Epoch 395: average Loss: 0.003080
2026-05-11 17:13: Train Epoch 396: 0/85 Loss: 0.000117
2026-05-11 17:13: Train Epoch 396: 20/85 Loss: 0.000129
2026-05-11 17:13: Train Epoch 396: 40/85 Loss: 0.000185
2026-05-11 17:13: Train Epoch 396: 60/85 Loss: 0.000088
2026-05-11 17:13: Train Epoch 396: 80/85 Loss: 0.000092
2026-05-11 17:13: **********Train Epoch 396: averaged Loss: 0.000114
2026-05-11 17:13: **********Val Epoch 396: average Loss: 0.003189
2026-05-11 17:13: Train Epoch 397: 0/85 Loss: 0.000086
2026-05-11 17:13: Train Epoch 397: 20/85 Loss: 0.000081
2026-05-11 17:13: Train Epoch 397: 40/85 Loss: 0.000207
2026-05-11 17:13: Train Epoch 397: 60/85 Loss: 0.000105
2026-05-11 17:13: Train Epoch 397: 80/85 Loss: 0.000107
2026-05-11 17:13: **********Train Epoch 397: averaged Loss: 0.000112
2026-05-11 17:13: **********Val Epoch 397: average Loss: 0.003090
2026-05-11 17:13: Train Epoch 398: 0/85 Loss: 0.000109
2026-05-11 17:13: Train Epoch 398: 20/85 Loss: 0.000100
2026-05-11 17:13: Train Epoch 398: 40/85 Loss: 0.000207
2026-05-11 17:13: Train Epoch 398: 60/85 Loss: 0.000139
2026-05-11 17:13: Train Epoch 398: 80/85 Loss: 0.000112
2026-05-11 17:13: **********Train Epoch 398: averaged Loss: 0.000115
2026-05-11 17:13: **********Val Epoch 398: average Loss: 0.003127
2026-05-11 17:13: Train Epoch 399: 0/85 Loss: 0.000103
2026-05-11 17:13: Train Epoch 399: 20/85 Loss: 0.000079
2026-05-11 17:13: Train Epoch 399: 40/85 Loss: 0.000181
2026-05-11 17:14: Train Epoch 399: 60/85 Loss: 0.000174
2026-05-11 17:14: Train Epoch 399: 80/85 Loss: 0.000060
2026-05-11 17:14: **********Train Epoch 399: averaged Loss: 0.000124
2026-05-11 17:14: **********Val Epoch 399: average Loss: 0.002953
2026-05-11 17:14: Train Epoch 400: 0/85 Loss: 0.000138
2026-05-11 17:14: Train Epoch 400: 20/85 Loss: 0.000078
2026-05-11 17:14: Train Epoch 400: 40/85 Loss: 0.000112
2026-05-11 17:14: Train Epoch 400: 60/85 Loss: 0.000314
2026-05-11 17:14: Train Epoch 400: 80/85 Loss: 0.000076
2026-05-11 17:14: **********Train Epoch 400: averaged Loss: 0.000124
2026-05-11 17:14: **********Val Epoch 400: average Loss: 0.003121
2026-05-11 17:14: Train Epoch 401: 0/85 Loss: 0.000106
2026-05-11 17:14: Train Epoch 401: 20/85 Loss: 0.000073
2026-05-11 17:14: Train Epoch 401: 40/85 Loss: 0.000427
2026-05-11 17:14: Train Epoch 401: 60/85 Loss: 0.000253
2026-05-11 17:14: Train Epoch 401: 80/85 Loss: 0.000076
2026-05-11 17:14: **********Train Epoch 401: averaged Loss: 0.000142
2026-05-11 17:14: **********Val Epoch 401: average Loss: 0.003300
2026-05-11 17:14: Train Epoch 402: 0/85 Loss: 0.000096
2026-05-11 17:14: Train Epoch 402: 20/85 Loss: 0.000093
2026-05-11 17:14: Train Epoch 402: 40/85 Loss: 0.000244
2026-05-11 17:14: Train Epoch 402: 60/85 Loss: 0.000198
2026-05-11 17:14: Train Epoch 402: 80/85 Loss: 0.000181
2026-05-11 17:14: **********Train Epoch 402: averaged Loss: 0.000146
2026-05-11 17:14: **********Val Epoch 402: average Loss: 0.003334
2026-05-11 17:14: Train Epoch 403: 0/85 Loss: 0.000077
2026-05-11 17:14: Train Epoch 403: 20/85 Loss: 0.000088
2026-05-11 17:14: Train Epoch 403: 40/85 Loss: 0.000291
2026-05-11 17:14: Train Epoch 403: 60/85 Loss: 0.000325
2026-05-11 17:14: Train Epoch 403: 80/85 Loss: 0.000129
2026-05-11 17:14: **********Train Epoch 403: averaged Loss: 0.000151
2026-05-11 17:14: **********Val Epoch 403: average Loss: 0.003542
2026-05-11 17:14: Train Epoch 404: 0/85 Loss: 0.000097
2026-05-11 17:14: Train Epoch 404: 20/85 Loss: 0.000096
2026-05-11 17:14: Train Epoch 404: 40/85 Loss: 0.000269
2026-05-11 17:14: Train Epoch 404: 60/85 Loss: 0.000237
2026-05-11 17:14: Train Epoch 404: 80/85 Loss: 0.000101
2026-05-11 17:14: **********Train Epoch 404: averaged Loss: 0.000148
2026-05-11 17:14: **********Val Epoch 404: average Loss: 0.003723
2026-05-11 17:14: Train Epoch 405: 0/85 Loss: 0.000323
2026-05-11 17:14: Train Epoch 405: 20/85 Loss: 0.000231
2026-05-11 17:14: Train Epoch 405: 40/85 Loss: 0.000451
2026-05-11 17:14: Train Epoch 405: 60/85 Loss: 0.000231
2026-05-11 17:14: Train Epoch 405: 80/85 Loss: 0.000187
2026-05-11 17:14: **********Train Epoch 405: averaged Loss: 0.000152
2026-05-11 17:14: **********Val Epoch 405: average Loss: 0.003718
2026-05-11 17:14: Train Epoch 406: 0/85 Loss: 0.000158
2026-05-11 17:14: Train Epoch 406: 20/85 Loss: 0.000115
2026-05-11 17:14: Train Epoch 406: 40/85 Loss: 0.000317
2026-05-11 17:14: Train Epoch 406: 60/85 Loss: 0.000104
2026-05-11 17:14: Train Epoch 406: 80/85 Loss: 0.000132
2026-05-11 17:14: **********Train Epoch 406: averaged Loss: 0.000166
2026-05-11 17:14: **********Val Epoch 406: average Loss: 0.003635
2026-05-11 17:14: Train Epoch 407: 0/85 Loss: 0.000132
2026-05-11 17:14: Train Epoch 407: 20/85 Loss: 0.000070
2026-05-11 17:14: Train Epoch 407: 40/85 Loss: 0.000172
2026-05-11 17:14: Train Epoch 407: 60/85 Loss: 0.000135
2026-05-11 17:14: Train Epoch 407: 80/85 Loss: 0.000099
2026-05-11 17:14: **********Train Epoch 407: averaged Loss: 0.000153
2026-05-11 17:14: **********Val Epoch 407: average Loss: 0.003519
2026-05-11 17:14: Train Epoch 408: 0/85 Loss: 0.000186
2026-05-11 17:14: Train Epoch 408: 20/85 Loss: 0.000091
2026-05-11 17:14: Train Epoch 408: 40/85 Loss: 0.000081
2026-05-11 17:14: Train Epoch 408: 60/85 Loss: 0.000211
2026-05-11 17:14: Train Epoch 408: 80/85 Loss: 0.000156
2026-05-11 17:14: **********Train Epoch 408: averaged Loss: 0.000147
2026-05-11 17:14: **********Val Epoch 408: average Loss: 0.003440
2026-05-11 17:14: Train Epoch 409: 0/85 Loss: 0.000229
2026-05-11 17:14: Train Epoch 409: 20/85 Loss: 0.000122
2026-05-11 17:14: Train Epoch 409: 40/85 Loss: 0.000191
2026-05-11 17:14: Train Epoch 409: 60/85 Loss: 0.000173
2026-05-11 17:14: Train Epoch 409: 80/85 Loss: 0.000121
2026-05-11 17:14: **********Train Epoch 409: averaged Loss: 0.000146
2026-05-11 17:14: **********Val Epoch 409: average Loss: 0.003361
2026-05-11 17:14: Train Epoch 410: 0/85 Loss: 0.000259
2026-05-11 17:14: Train Epoch 410: 20/85 Loss: 0.000069
2026-05-11 17:14: Train Epoch 410: 40/85 Loss: 0.000139
2026-05-11 17:14: Train Epoch 410: 60/85 Loss: 0.000166
2026-05-11 17:14: Train Epoch 410: 80/85 Loss: 0.000246
2026-05-11 17:14: **********Train Epoch 410: averaged Loss: 0.000143
2026-05-11 17:14: **********Val Epoch 410: average Loss: 0.003189
2026-05-11 17:14: Train Epoch 411: 0/85 Loss: 0.000187
2026-05-11 17:14: Train Epoch 411: 20/85 Loss: 0.000114
2026-05-11 17:14: Train Epoch 411: 40/85 Loss: 0.000112
2026-05-11 17:14: Train Epoch 411: 60/85 Loss: 0.000137
2026-05-11 17:14: Train Epoch 411: 80/85 Loss: 0.000097
2026-05-11 17:14: **********Train Epoch 411: averaged Loss: 0.000111
2026-05-11 17:14: **********Val Epoch 411: average Loss: 0.003271
2026-05-11 17:14: Train Epoch 412: 0/85 Loss: 0.000278
2026-05-11 17:14: Train Epoch 412: 20/85 Loss: 0.000073
2026-05-11 17:14: Train Epoch 412: 40/85 Loss: 0.000129
2026-05-11 17:14: Train Epoch 412: 60/85 Loss: 0.000123
2026-05-11 17:14: Train Epoch 412: 80/85 Loss: 0.000047
2026-05-11 17:14: **********Train Epoch 412: averaged Loss: 0.000103
2026-05-11 17:14: **********Val Epoch 412: average Loss: 0.003186
2026-05-11 17:14: Train Epoch 413: 0/85 Loss: 0.000259
2026-05-11 17:14: Train Epoch 413: 20/85 Loss: 0.000050
2026-05-11 17:14: Train Epoch 413: 40/85 Loss: 0.000312
2026-05-11 17:14: Train Epoch 413: 60/85 Loss: 0.000187
2026-05-11 17:14: Train Epoch 413: 80/85 Loss: 0.000077
2026-05-11 17:14: **********Train Epoch 413: averaged Loss: 0.000122
2026-05-11 17:14: **********Val Epoch 413: average Loss: 0.003288
2026-05-11 17:14: Train Epoch 414: 0/85 Loss: 0.000267
2026-05-11 17:14: Train Epoch 414: 20/85 Loss: 0.000081
2026-05-11 17:14: Train Epoch 414: 40/85 Loss: 0.000309
2026-05-11 17:14: Train Epoch 414: 60/85 Loss: 0.000198
2026-05-11 17:14: Train Epoch 414: 80/85 Loss: 0.000182
2026-05-11 17:14: **********Train Epoch 414: averaged Loss: 0.000149
2026-05-11 17:14: **********Val Epoch 414: average Loss: 0.003309
2026-05-11 17:14: Train Epoch 415: 0/85 Loss: 0.000182
2026-05-11 17:14: Train Epoch 415: 20/85 Loss: 0.000093
2026-05-11 17:15: Train Epoch 415: 40/85 Loss: 0.000135
2026-05-11 17:15: Train Epoch 415: 60/85 Loss: 0.000140
2026-05-11 17:15: Train Epoch 415: 80/85 Loss: 0.000087
2026-05-11 17:15: **********Train Epoch 415: averaged Loss: 0.000128
2026-05-11 17:15: **********Val Epoch 415: average Loss: 0.003380
2026-05-11 17:15: Train Epoch 416: 0/85 Loss: 0.000128
2026-05-11 17:15: Train Epoch 416: 20/85 Loss: 0.000175
2026-05-11 17:15: Train Epoch 416: 40/85 Loss: 0.000245
2026-05-11 17:15: Train Epoch 416: 60/85 Loss: 0.000159
2026-05-11 17:15: Train Epoch 416: 80/85 Loss: 0.000143
2026-05-11 17:15: **********Train Epoch 416: averaged Loss: 0.000131
2026-05-11 17:15: **********Val Epoch 416: average Loss: 0.003362
2026-05-11 17:15: Train Epoch 417: 0/85 Loss: 0.000114
2026-05-11 17:15: Train Epoch 417: 20/85 Loss: 0.000148
2026-05-11 17:15: Train Epoch 417: 40/85 Loss: 0.000090
2026-05-11 17:15: Train Epoch 417: 60/85 Loss: 0.000237
2026-05-11 17:15: Train Epoch 417: 80/85 Loss: 0.000096
2026-05-11 17:15: **********Train Epoch 417: averaged Loss: 0.000139
2026-05-11 17:15: **********Val Epoch 417: average Loss: 0.003632
2026-05-11 17:15: Train Epoch 418: 0/85 Loss: 0.000230
2026-05-11 17:15: Train Epoch 418: 20/85 Loss: 0.000090
2026-05-11 17:15: Train Epoch 418: 40/85 Loss: 0.000130
2026-05-11 17:15: Train Epoch 418: 60/85 Loss: 0.000176
2026-05-11 17:15: Train Epoch 418: 80/85 Loss: 0.000113
2026-05-11 17:15: **********Train Epoch 418: averaged Loss: 0.000148
2026-05-11 17:15: **********Val Epoch 418: average Loss: 0.003662
2026-05-11 17:15: Train Epoch 419: 0/85 Loss: 0.000101
2026-05-11 17:15: Train Epoch 419: 20/85 Loss: 0.000160
2026-05-11 17:15: Train Epoch 419: 40/85 Loss: 0.000133
2026-05-11 17:15: Train Epoch 419: 60/85 Loss: 0.000317
2026-05-11 17:15: Train Epoch 419: 80/85 Loss: 0.000090
2026-05-11 17:15: **********Train Epoch 419: averaged Loss: 0.000145
2026-05-11 17:15: **********Val Epoch 419: average Loss: 0.003254
2026-05-11 17:15: Train Epoch 420: 0/85 Loss: 0.000160
2026-05-11 17:15: Train Epoch 420: 20/85 Loss: 0.000077
2026-05-11 17:15: Train Epoch 420: 40/85 Loss: 0.000112
2026-05-11 17:15: Train Epoch 420: 60/85 Loss: 0.000209
2026-05-11 17:15: Train Epoch 420: 80/85 Loss: 0.000187
2026-05-11 17:15: **********Train Epoch 420: averaged Loss: 0.000137
2026-05-11 17:15: **********Val Epoch 420: average Loss: 0.003134
2026-05-11 17:15: Train Epoch 421: 0/85 Loss: 0.000200
2026-05-11 17:15: Train Epoch 421: 20/85 Loss: 0.000083
2026-05-11 17:15: Train Epoch 421: 40/85 Loss: 0.000215
2026-05-11 17:15: Train Epoch 421: 60/85 Loss: 0.000085
2026-05-11 17:15: Train Epoch 421: 80/85 Loss: 0.000134
2026-05-11 17:15: **********Train Epoch 421: averaged Loss: 0.000118
2026-05-11 17:15: **********Val Epoch 421: average Loss: 0.003234
2026-05-11 17:15: Train Epoch 422: 0/85 Loss: 0.000164
2026-05-11 17:15: Train Epoch 422: 20/85 Loss: 0.000048
2026-05-11 17:15: Train Epoch 422: 40/85 Loss: 0.000183
2026-05-11 17:15: Train Epoch 422: 60/85 Loss: 0.000069
2026-05-11 17:15: Train Epoch 422: 80/85 Loss: 0.000125
2026-05-11 17:15: **********Train Epoch 422: averaged Loss: 0.000098
2026-05-11 17:15: **********Val Epoch 422: average Loss: 0.003326
2026-05-11 17:15: Train Epoch 423: 0/85 Loss: 0.000111
2026-05-11 17:15: Train Epoch 423: 20/85 Loss: 0.000098
2026-05-11 17:15: Train Epoch 423: 40/85 Loss: 0.000131
2026-05-11 17:15: Train Epoch 423: 60/85 Loss: 0.000104
2026-05-11 17:15: Train Epoch 423: 80/85 Loss: 0.000046
2026-05-11 17:15: **********Train Epoch 423: averaged Loss: 0.000080
2026-05-11 17:15: **********Val Epoch 423: average Loss: 0.003260
2026-05-11 17:15: Train Epoch 424: 0/85 Loss: 0.000056
2026-05-11 17:15: Train Epoch 424: 20/85 Loss: 0.000062
2026-05-11 17:15: Train Epoch 424: 40/85 Loss: 0.000133
2026-05-11 17:15: Train Epoch 424: 60/85 Loss: 0.000059
2026-05-11 17:15: Train Epoch 424: 80/85 Loss: 0.000064
2026-05-11 17:15: **********Train Epoch 424: averaged Loss: 0.000076
2026-05-11 17:15: **********Val Epoch 424: average Loss: 0.003144
2026-05-11 17:15: Train Epoch 425: 0/85 Loss: 0.000073
2026-05-11 17:15: Train Epoch 425: 20/85 Loss: 0.000027
2026-05-11 17:15: Train Epoch 425: 40/85 Loss: 0.000206
2026-05-11 17:15: Train Epoch 425: 60/85 Loss: 0.000058
2026-05-11 17:15: Train Epoch 425: 80/85 Loss: 0.000084
2026-05-11 17:15: **********Train Epoch 425: averaged Loss: 0.000078
2026-05-11 17:15: **********Val Epoch 425: average Loss: 0.003169
2026-05-11 17:15: Train Epoch 426: 0/85 Loss: 0.000059
2026-05-11 17:15: Train Epoch 426: 20/85 Loss: 0.000057
2026-05-11 17:15: Train Epoch 426: 40/85 Loss: 0.000214
2026-05-11 17:15: Train Epoch 426: 60/85 Loss: 0.000073
2026-05-11 17:15: Train Epoch 426: 80/85 Loss: 0.000053
2026-05-11 17:15: **********Train Epoch 426: averaged Loss: 0.000083
2026-05-11 17:15: **********Val Epoch 426: average Loss: 0.003051
2026-05-11 17:15: Train Epoch 427: 0/85 Loss: 0.000075
2026-05-11 17:15: Train Epoch 427: 20/85 Loss: 0.000046
2026-05-11 17:15: Train Epoch 427: 40/85 Loss: 0.000109
2026-05-11 17:15: Train Epoch 427: 60/85 Loss: 0.000080
2026-05-11 17:15: Train Epoch 427: 80/85 Loss: 0.000052
2026-05-11 17:15: **********Train Epoch 427: averaged Loss: 0.000085
2026-05-11 17:15: **********Val Epoch 427: average Loss: 0.003172
2026-05-11 17:15: Train Epoch 428: 0/85 Loss: 0.000066
2026-05-11 17:15: Train Epoch 428: 20/85 Loss: 0.000067
2026-05-11 17:15: Train Epoch 428: 40/85 Loss: 0.000187
2026-05-11 17:15: Train Epoch 428: 60/85 Loss: 0.000045
2026-05-11 17:15: Train Epoch 428: 80/85 Loss: 0.000127
2026-05-11 17:15: **********Train Epoch 428: averaged Loss: 0.000087
2026-05-11 17:15: **********Val Epoch 428: average Loss: 0.003242
2026-05-11 17:15: Train Epoch 429: 0/85 Loss: 0.000114
2026-05-11 17:15: Train Epoch 429: 20/85 Loss: 0.000063
2026-05-11 17:15: Train Epoch 429: 40/85 Loss: 0.000120
2026-05-11 17:15: Train Epoch 429: 60/85 Loss: 0.000107
2026-05-11 17:15: Train Epoch 429: 80/85 Loss: 0.000091
2026-05-11 17:15: **********Train Epoch 429: averaged Loss: 0.000101
2026-05-11 17:15: **********Val Epoch 429: average Loss: 0.003239
2026-05-11 17:15: Train Epoch 430: 0/85 Loss: 0.000049
2026-05-11 17:16: Train Epoch 430: 20/85 Loss: 0.000092
2026-05-11 17:16: Train Epoch 430: 40/85 Loss: 0.000178
2026-05-11 17:16: Train Epoch 430: 60/85 Loss: 0.000123
2026-05-11 17:16: Train Epoch 430: 80/85 Loss: 0.000158
2026-05-11 17:16: **********Train Epoch 430: averaged Loss: 0.000109
2026-05-11 17:16: **********Val Epoch 430: average Loss: 0.003463
2026-05-11 17:16: Train Epoch 431: 0/85 Loss: 0.000130
2026-05-11 17:16: Train Epoch 431: 20/85 Loss: 0.000101
2026-05-11 17:16: Train Epoch 431: 40/85 Loss: 0.000231
2026-05-11 17:16: Train Epoch 431: 60/85 Loss: 0.000098
2026-05-11 17:16: Train Epoch 431: 80/85 Loss: 0.000052
2026-05-11 17:16: **********Train Epoch 431: averaged Loss: 0.000109
2026-05-11 17:16: **********Val Epoch 431: average Loss: 0.003368
2026-05-11 17:16: Train Epoch 432: 0/85 Loss: 0.000099
2026-05-11 17:16: Train Epoch 432: 20/85 Loss: 0.000146
2026-05-11 17:16: Train Epoch 432: 40/85 Loss: 0.000105
2026-05-11 17:16: Train Epoch 432: 60/85 Loss: 0.000206
2026-05-11 17:16: Train Epoch 432: 80/85 Loss: 0.000089
2026-05-11 17:16: **********Train Epoch 432: averaged Loss: 0.000132
2026-05-11 17:16: **********Val Epoch 432: average Loss: 0.003118
2026-05-11 17:16: Train Epoch 433: 0/85 Loss: 0.000160
2026-05-11 17:16: Train Epoch 433: 20/85 Loss: 0.000106
2026-05-11 17:16: Train Epoch 433: 40/85 Loss: 0.000280
2026-05-11 17:16: Train Epoch 433: 60/85 Loss: 0.000243
2026-05-11 17:16: Train Epoch 433: 80/85 Loss: 0.000075
2026-05-11 17:16: **********Train Epoch 433: averaged Loss: 0.000132
2026-05-11 17:16: **********Val Epoch 433: average Loss: 0.003253
2026-05-11 17:16: Train Epoch 434: 0/85 Loss: 0.000071
2026-05-11 17:16: Train Epoch 434: 20/85 Loss: 0.000087
2026-05-11 17:16: Train Epoch 434: 40/85 Loss: 0.000274
2026-05-11 17:16: Train Epoch 434: 60/85 Loss: 0.000426
2026-05-11 17:16: Train Epoch 434: 80/85 Loss: 0.000133
2026-05-11 17:16: **********Train Epoch 434: averaged Loss: 0.000145
2026-05-11 17:16: **********Val Epoch 434: average Loss: 0.003690
2026-05-11 17:16: Train Epoch 435: 0/85 Loss: 0.000097
2026-05-11 17:16: Train Epoch 435: 20/85 Loss: 0.000051
2026-05-11 17:16: Train Epoch 435: 40/85 Loss: 0.000242
2026-05-11 17:16: Train Epoch 435: 60/85 Loss: 0.000110
2026-05-11 17:16: Train Epoch 435: 80/85 Loss: 0.000113
2026-05-11 17:16: **********Train Epoch 435: averaged Loss: 0.000160
2026-05-11 17:16: **********Val Epoch 435: average Loss: 0.003300
2026-05-11 17:16: Train Epoch 436: 0/85 Loss: 0.000089
2026-05-11 17:16: Train Epoch 436: 20/85 Loss: 0.000100
2026-05-11 17:16: Train Epoch 436: 40/85 Loss: 0.000291
2026-05-11 17:16: Train Epoch 436: 60/85 Loss: 0.000178
2026-05-11 17:16: Train Epoch 436: 80/85 Loss: 0.000124
2026-05-11 17:16: **********Train Epoch 436: averaged Loss: 0.000131
2026-05-11 17:16: **********Val Epoch 436: average Loss: 0.003287
2026-05-11 17:16: Train Epoch 437: 0/85 Loss: 0.000130
2026-05-11 17:16: Train Epoch 437: 20/85 Loss: 0.000067
2026-05-11 17:16: Train Epoch 437: 40/85 Loss: 0.000177
2026-05-11 17:16: Train Epoch 437: 60/85 Loss: 0.000236
2026-05-11 17:16: Train Epoch 437: 80/85 Loss: 0.000127
2026-05-11 17:16: **********Train Epoch 437: averaged Loss: 0.000118
2026-05-11 17:16: **********Val Epoch 437: average Loss: 0.003427
2026-05-11 17:16: Train Epoch 438: 0/85 Loss: 0.000130
2026-05-11 17:16: Train Epoch 438: 20/85 Loss: 0.000062
2026-05-11 17:16: Train Epoch 438: 40/85 Loss: 0.000123
2026-05-11 17:16: Train Epoch 438: 60/85 Loss: 0.000062
2026-05-11 17:16: Train Epoch 438: 80/85 Loss: 0.000269
2026-05-11 17:16: **********Train Epoch 438: averaged Loss: 0.000105
2026-05-11 17:16: **********Val Epoch 438: average Loss: 0.003168
2026-05-11 17:16: Train Epoch 439: 0/85 Loss: 0.000123
2026-05-11 17:16: Train Epoch 439: 20/85 Loss: 0.000166
2026-05-11 17:16: Train Epoch 439: 40/85 Loss: 0.000143
2026-05-11 17:16: Train Epoch 439: 60/85 Loss: 0.000135
2026-05-11 17:16: Train Epoch 439: 80/85 Loss: 0.000264
2026-05-11 17:16: **********Train Epoch 439: averaged Loss: 0.000136
2026-05-11 17:16: **********Val Epoch 439: average Loss: 0.003065
2026-05-11 17:16: Train Epoch 440: 0/85 Loss: 0.000127
2026-05-11 17:16: Train Epoch 440: 20/85 Loss: 0.000111
2026-05-11 17:16: Train Epoch 440: 40/85 Loss: 0.000172
2026-05-11 17:16: Train Epoch 440: 60/85 Loss: 0.000081
2026-05-11 17:16: Train Epoch 440: 80/85 Loss: 0.000215
2026-05-11 17:16: **********Train Epoch 440: averaged Loss: 0.000124
2026-05-11 17:16: **********Val Epoch 440: average Loss: 0.003038
2026-05-11 17:16: Train Epoch 441: 0/85 Loss: 0.000216
2026-05-11 17:16: Train Epoch 441: 20/85 Loss: 0.000094
2026-05-11 17:16: Train Epoch 441: 40/85 Loss: 0.000142
2026-05-11 17:16: Train Epoch 441: 60/85 Loss: 0.000147
2026-05-11 17:16: Train Epoch 441: 80/85 Loss: 0.000179
2026-05-11 17:16: **********Train Epoch 441: averaged Loss: 0.000142
2026-05-11 17:16: **********Val Epoch 441: average Loss: 0.003443
2026-05-11 17:16: Train Epoch 442: 0/85 Loss: 0.000377
2026-05-11 17:16: Train Epoch 442: 20/85 Loss: 0.000346
2026-05-11 17:16: Train Epoch 442: 40/85 Loss: 0.000186
2026-05-11 17:16: Train Epoch 442: 60/85 Loss: 0.000099
2026-05-11 17:16: Train Epoch 442: 80/85 Loss: 0.000095
2026-05-11 17:16: **********Train Epoch 442: averaged Loss: 0.000170
2026-05-11 17:16: **********Val Epoch 442: average Loss: 0.003442
2026-05-11 17:16: Train Epoch 443: 0/85 Loss: 0.000233
2026-05-11 17:16: Train Epoch 443: 20/85 Loss: 0.000067
2026-05-11 17:16: Train Epoch 443: 40/85 Loss: 0.000296
2026-05-11 17:16: Train Epoch 443: 60/85 Loss: 0.000195
2026-05-11 17:16: Train Epoch 443: 80/85 Loss: 0.000083
2026-05-11 17:16: **********Train Epoch 443: averaged Loss: 0.000141
2026-05-11 17:16: **********Val Epoch 443: average Loss: 0.003429
2026-05-11 17:16: Train Epoch 444: 0/85 Loss: 0.000127
2026-05-11 17:16: Train Epoch 444: 20/85 Loss: 0.000076
2026-05-11 17:16: Train Epoch 444: 40/85 Loss: 0.000275
2026-05-11 17:16: Train Epoch 444: 60/85 Loss: 0.000133
2026-05-11 17:16: Train Epoch 444: 80/85 Loss: 0.000095
2026-05-11 17:16: **********Train Epoch 444: averaged Loss: 0.000133
2026-05-11 17:16: **********Val Epoch 444: average Loss: 0.003308
2026-05-11 17:16: Train Epoch 445: 0/85 Loss: 0.000068
2026-05-11 17:16: Train Epoch 445: 20/85 Loss: 0.000077
2026-05-11 17:16: Train Epoch 445: 40/85 Loss: 0.000184
2026-05-11 17:16: Train Epoch 445: 60/85 Loss: 0.000148
2026-05-11 17:17: Train Epoch 445: 80/85 Loss: 0.000111
2026-05-11 17:17: **********Train Epoch 445: averaged Loss: 0.000103
2026-05-11 17:17: **********Val Epoch 445: average Loss: 0.003252
2026-05-11 17:17: Train Epoch 446: 0/85 Loss: 0.000142
2026-05-11 17:17: Train Epoch 446: 20/85 Loss: 0.000057
2026-05-11 17:17: Train Epoch 446: 40/85 Loss: 0.000181
2026-05-11 17:17: Train Epoch 446: 60/85 Loss: 0.000110
2026-05-11 17:17: Train Epoch 446: 80/85 Loss: 0.000089
2026-05-11 17:17: **********Train Epoch 446: averaged Loss: 0.000090
2026-05-11 17:17: **********Val Epoch 446: average Loss: 0.003636
2026-05-11 17:17: Train Epoch 447: 0/85 Loss: 0.000243
2026-05-11 17:17: Train Epoch 447: 20/85 Loss: 0.000066
2026-05-11 17:17: Train Epoch 447: 40/85 Loss: 0.000197
2026-05-11 17:17: Train Epoch 447: 60/85 Loss: 0.000086
2026-05-11 17:17: Train Epoch 447: 80/85 Loss: 0.000075
2026-05-11 17:17: **********Train Epoch 447: averaged Loss: 0.000094
2026-05-11 17:17: **********Val Epoch 447: average Loss: 0.003582
2026-05-11 17:17: Train Epoch 448: 0/85 Loss: 0.000153
2026-05-11 17:17: Train Epoch 448: 20/85 Loss: 0.000128
2026-05-11 17:17: Train Epoch 448: 40/85 Loss: 0.000327
2026-05-11 17:17: Train Epoch 448: 60/85 Loss: 0.000080
2026-05-11 17:17: Train Epoch 448: 80/85 Loss: 0.000073
2026-05-11 17:17: **********Train Epoch 448: averaged Loss: 0.000092
2026-05-11 17:17: **********Val Epoch 448: average Loss: 0.003303
2026-05-11 17:17: Train Epoch 449: 0/85 Loss: 0.000037
2026-05-11 17:17: Train Epoch 449: 20/85 Loss: 0.000059
2026-05-11 17:17: Train Epoch 449: 40/85 Loss: 0.000353
2026-05-11 17:17: Train Epoch 449: 60/85 Loss: 0.000112
2026-05-11 17:17: Train Epoch 449: 80/85 Loss: 0.000067
2026-05-11 17:17: **********Train Epoch 449: averaged Loss: 0.000098
2026-05-11 17:17: **********Val Epoch 449: average Loss: 0.003341
2026-05-11 17:17: Train Epoch 450: 0/85 Loss: 0.000049
2026-05-11 17:17: Train Epoch 450: 20/85 Loss: 0.000076
2026-05-11 17:17: Train Epoch 450: 40/85 Loss: 0.000132
2026-05-11 17:17: Train Epoch 450: 60/85 Loss: 0.000220
2026-05-11 17:17: Train Epoch 450: 80/85 Loss: 0.000078
2026-05-11 17:17: **********Train Epoch 450: averaged Loss: 0.000091
2026-05-11 17:17: **********Val Epoch 450: average Loss: 0.003316
2026-05-11 17:17: Train Epoch 451: 0/85 Loss: 0.000060
2026-05-11 17:17: Train Epoch 451: 20/85 Loss: 0.000059
2026-05-11 17:17: Train Epoch 451: 40/85 Loss: 0.000094
2026-05-11 17:17: Train Epoch 451: 60/85 Loss: 0.000053
2026-05-11 17:17: Train Epoch 451: 80/85 Loss: 0.000053
2026-05-11 17:17: **********Train Epoch 451: averaged Loss: 0.000084
2026-05-11 17:17: **********Val Epoch 451: average Loss: 0.003256
2026-05-11 17:17: Train Epoch 452: 0/85 Loss: 0.000043
2026-05-11 17:17: Train Epoch 452: 20/85 Loss: 0.000056
2026-05-11 17:17: Train Epoch 452: 40/85 Loss: 0.000088
2026-05-11 17:17: Train Epoch 452: 60/85 Loss: 0.000071
2026-05-11 17:17: Train Epoch 452: 80/85 Loss: 0.000092
2026-05-11 17:17: **********Train Epoch 452: averaged Loss: 0.000074
2026-05-11 17:17: **********Val Epoch 452: average Loss: 0.003126
2026-05-11 17:17: Train Epoch 453: 0/85 Loss: 0.000088
2026-05-11 17:17: Train Epoch 453: 20/85 Loss: 0.000071
2026-05-11 17:17: Train Epoch 453: 40/85 Loss: 0.000094
2026-05-11 17:17: Train Epoch 453: 60/85 Loss: 0.000070
2026-05-11 17:17: Train Epoch 453: 80/85 Loss: 0.000052
2026-05-11 17:17: **********Train Epoch 453: averaged Loss: 0.000066
2026-05-11 17:17: **********Val Epoch 453: average Loss: 0.003073
2026-05-11 17:17: Train Epoch 454: 0/85 Loss: 0.000063
2026-05-11 17:17: Train Epoch 454: 20/85 Loss: 0.000038
2026-05-11 17:17: Train Epoch 454: 40/85 Loss: 0.000157
2026-05-11 17:17: Train Epoch 454: 60/85 Loss: 0.000084
2026-05-11 17:17: Train Epoch 454: 80/85 Loss: 0.000068
2026-05-11 17:17: **********Train Epoch 454: averaged Loss: 0.000065
2026-05-11 17:17: **********Val Epoch 454: average Loss: 0.003074
2026-05-11 17:17: Train Epoch 455: 0/85 Loss: 0.000044
2026-05-11 17:17: Train Epoch 455: 20/85 Loss: 0.000024
2026-05-11 17:17: Train Epoch 455: 40/85 Loss: 0.000268
2026-05-11 17:17: Train Epoch 455: 60/85 Loss: 0.000186
2026-05-11 17:17: Train Epoch 455: 80/85 Loss: 0.000095
2026-05-11 17:17: **********Train Epoch 455: averaged Loss: 0.000086
2026-05-11 17:17: **********Val Epoch 455: average Loss: 0.003085
2026-05-11 17:17: Train Epoch 456: 0/85 Loss: 0.000098
2026-05-11 17:17: Train Epoch 456: 20/85 Loss: 0.000032
2026-05-11 17:17: Train Epoch 456: 40/85 Loss: 0.000123
2026-05-11 17:17: Train Epoch 456: 60/85 Loss: 0.000184
2026-05-11 17:17: Train Epoch 456: 80/85 Loss: 0.000090
2026-05-11 17:17: **********Train Epoch 456: averaged Loss: 0.000088
2026-05-11 17:17: **********Val Epoch 456: average Loss: 0.003251
2026-05-11 17:17: Train Epoch 457: 0/85 Loss: 0.000052
2026-05-11 17:17: Train Epoch 457: 20/85 Loss: 0.000063
2026-05-11 17:17: Train Epoch 457: 40/85 Loss: 0.000083
2026-05-11 17:17: Train Epoch 457: 60/85 Loss: 0.000071
2026-05-11 17:17: Train Epoch 457: 80/85 Loss: 0.000088
2026-05-11 17:17: **********Train Epoch 457: averaged Loss: 0.000085
2026-05-11 17:17: **********Val Epoch 457: average Loss: 0.003105
2026-05-11 17:17: Train Epoch 458: 0/85 Loss: 0.000038
2026-05-11 17:17: Train Epoch 458: 20/85 Loss: 0.000037
2026-05-11 17:17: Train Epoch 458: 40/85 Loss: 0.000117
2026-05-11 17:17: Train Epoch 458: 60/85 Loss: 0.000104
2026-05-11 17:17: Train Epoch 458: 80/85 Loss: 0.000058
2026-05-11 17:17: **********Train Epoch 458: averaged Loss: 0.000073
2026-05-11 17:17: **********Val Epoch 458: average Loss: 0.003183
2026-05-11 17:17: Train Epoch 459: 0/85 Loss: 0.000039
2026-05-11 17:17: Train Epoch 459: 20/85 Loss: 0.000029
2026-05-11 17:17: Train Epoch 459: 40/85 Loss: 0.000142
2026-05-11 17:17: Train Epoch 459: 60/85 Loss: 0.000191
2026-05-11 17:17: Train Epoch 459: 80/85 Loss: 0.000136
2026-05-11 17:17: **********Train Epoch 459: averaged Loss: 0.000094
2026-05-11 17:17: **********Val Epoch 459: average Loss: 0.003180
2026-05-11 17:17: Train Epoch 460: 0/85 Loss: 0.000086
2026-05-11 17:17: Train Epoch 460: 20/85 Loss: 0.000068
2026-05-11 17:17: Train Epoch 460: 40/85 Loss: 0.000248
2026-05-11 17:17: Train Epoch 460: 60/85 Loss: 0.000077
2026-05-11 17:17: Train Epoch 460: 80/85 Loss: 0.000097
2026-05-11 17:17: **********Train Epoch 460: averaged Loss: 0.000116
2026-05-11 17:17: **********Val Epoch 460: average Loss: 0.003469
2026-05-11 17:17: Train Epoch 461: 0/85 Loss: 0.000168
2026-05-11 17:18: Train Epoch 461: 20/85 Loss: 0.000077
2026-05-11 17:18: Train Epoch 461: 40/85 Loss: 0.000131
2026-05-11 17:18: Train Epoch 461: 60/85 Loss: 0.000145
2026-05-11 17:18: Train Epoch 461: 80/85 Loss: 0.000116
2026-05-11 17:18: **********Train Epoch 461: averaged Loss: 0.000132
2026-05-11 17:18: **********Val Epoch 461: average Loss: 0.003490
2026-05-11 17:18: Train Epoch 462: 0/85 Loss: 0.000111
2026-05-11 17:18: Train Epoch 462: 20/85 Loss: 0.000075
2026-05-11 17:18: Train Epoch 462: 40/85 Loss: 0.000330
2026-05-11 17:18: Train Epoch 462: 60/85 Loss: 0.000184
2026-05-11 17:18: Train Epoch 462: 80/85 Loss: 0.000078
2026-05-11 17:18: **********Train Epoch 462: averaged Loss: 0.000112
2026-05-11 17:18: **********Val Epoch 462: average Loss: 0.003395
2026-05-11 17:18: Train Epoch 463: 0/85 Loss: 0.000056
2026-05-11 17:18: Train Epoch 463: 20/85 Loss: 0.000051
2026-05-11 17:18: Train Epoch 463: 40/85 Loss: 0.000189
2026-05-11 17:18: Train Epoch 463: 60/85 Loss: 0.000177
2026-05-11 17:18: Train Epoch 463: 80/85 Loss: 0.000121
2026-05-11 17:18: **********Train Epoch 463: averaged Loss: 0.000103
2026-05-11 17:18: **********Val Epoch 463: average Loss: 0.003607
2026-05-11 17:18: Train Epoch 464: 0/85 Loss: 0.000126
2026-05-11 17:18: Train Epoch 464: 20/85 Loss: 0.000050
2026-05-11 17:18: Train Epoch 464: 40/85 Loss: 0.000634
2026-05-11 17:18: Train Epoch 464: 60/85 Loss: 0.000109
2026-05-11 17:18: Train Epoch 464: 80/85 Loss: 0.000094
2026-05-11 17:18: **********Train Epoch 464: averaged Loss: 0.000138
2026-05-11 17:18: **********Val Epoch 464: average Loss: 0.003937
2026-05-11 17:18: Train Epoch 465: 0/85 Loss: 0.000127
2026-05-11 17:18: Train Epoch 465: 20/85 Loss: 0.000077
2026-05-11 17:18: Train Epoch 465: 40/85 Loss: 0.000295
2026-05-11 17:18: Train Epoch 465: 60/85 Loss: 0.000258
2026-05-11 17:18: Train Epoch 465: 80/85 Loss: 0.000090
2026-05-11 17:18: **********Train Epoch 465: averaged Loss: 0.000139
2026-05-11 17:18: **********Val Epoch 465: average Loss: 0.003571
2026-05-11 17:18: Train Epoch 466: 0/85 Loss: 0.000150
2026-05-11 17:18: Train Epoch 466: 20/85 Loss: 0.000085
2026-05-11 17:18: Train Epoch 466: 40/85 Loss: 0.000382
2026-05-11 17:18: Train Epoch 466: 60/85 Loss: 0.000138
2026-05-11 17:18: Train Epoch 466: 80/85 Loss: 0.000148
2026-05-11 17:18: **********Train Epoch 466: averaged Loss: 0.000131
2026-05-11 17:18: **********Val Epoch 466: average Loss: 0.003596
2026-05-11 17:18: Train Epoch 467: 0/85 Loss: 0.000137
2026-05-11 17:18: Train Epoch 467: 20/85 Loss: 0.000067
2026-05-11 17:18: Train Epoch 467: 40/85 Loss: 0.000234
2026-05-11 17:18: Train Epoch 467: 60/85 Loss: 0.000126
2026-05-11 17:18: Train Epoch 467: 80/85 Loss: 0.000074
2026-05-11 17:18: **********Train Epoch 467: averaged Loss: 0.000138
2026-05-11 17:18: **********Val Epoch 467: average Loss: 0.003565
2026-05-11 17:18: Train Epoch 468: 0/85 Loss: 0.000073
2026-05-11 17:18: Train Epoch 468: 20/85 Loss: 0.000090
2026-05-11 17:18: Train Epoch 468: 40/85 Loss: 0.000204
2026-05-11 17:18: Train Epoch 468: 60/85 Loss: 0.000181
2026-05-11 17:18: Train Epoch 468: 80/85 Loss: 0.000064
2026-05-11 17:18: **********Train Epoch 468: averaged Loss: 0.000103
2026-05-11 17:18: **********Val Epoch 468: average Loss: 0.003410
2026-05-11 17:18: Train Epoch 469: 0/85 Loss: 0.000061
2026-05-11 17:18: Train Epoch 469: 20/85 Loss: 0.000065
2026-05-11 17:18: Train Epoch 469: 40/85 Loss: 0.000125
2026-05-11 17:18: Train Epoch 469: 60/85 Loss: 0.000146
2026-05-11 17:18: Train Epoch 469: 80/85 Loss: 0.000087
2026-05-11 17:18: **********Train Epoch 469: averaged Loss: 0.000092
2026-05-11 17:18: **********Val Epoch 469: average Loss: 0.003287
2026-05-11 17:18: Train Epoch 470: 0/85 Loss: 0.000035
2026-05-11 17:18: Train Epoch 470: 20/85 Loss: 0.000061
2026-05-11 17:18: Train Epoch 470: 40/85 Loss: 0.000077
2026-05-11 17:18: Train Epoch 470: 60/85 Loss: 0.000207
2026-05-11 17:18: Train Epoch 470: 80/85 Loss: 0.000094
2026-05-11 17:18: **********Train Epoch 470: averaged Loss: 0.000084
2026-05-11 17:18: **********Val Epoch 470: average Loss: 0.003514
2026-05-11 17:18: Train Epoch 471: 0/85 Loss: 0.000084
2026-05-11 17:18: Train Epoch 471: 20/85 Loss: 0.000078
2026-05-11 17:18: Train Epoch 471: 40/85 Loss: 0.000084
2026-05-11 17:18: Train Epoch 471: 60/85 Loss: 0.000058
2026-05-11 17:18: Train Epoch 471: 80/85 Loss: 0.000041
2026-05-11 17:18: **********Train Epoch 471: averaged Loss: 0.000078
2026-05-11 17:18: **********Val Epoch 471: average Loss: 0.003682
2026-05-11 17:18: Train Epoch 472: 0/85 Loss: 0.000070
2026-05-11 17:18: Train Epoch 472: 20/85 Loss: 0.000054
2026-05-11 17:18: Train Epoch 472: 40/85 Loss: 0.000124
2026-05-11 17:18: Train Epoch 472: 60/85 Loss: 0.000151
2026-05-11 17:18: Train Epoch 472: 80/85 Loss: 0.000108
2026-05-11 17:18: **********Train Epoch 472: averaged Loss: 0.000084
2026-05-11 17:18: **********Val Epoch 472: average Loss: 0.003445
2026-05-11 17:18: Train Epoch 473: 0/85 Loss: 0.000186
2026-05-11 17:18: Train Epoch 473: 20/85 Loss: 0.000080
2026-05-11 17:18: Train Epoch 473: 40/85 Loss: 0.000098
2026-05-11 17:18: Train Epoch 473: 60/85 Loss: 0.000129
2026-05-11 17:18: Train Epoch 473: 80/85 Loss: 0.000142
2026-05-11 17:18: **********Train Epoch 473: averaged Loss: 0.000106
2026-05-11 17:18: **********Val Epoch 473: average Loss: 0.003291
2026-05-11 17:18: Train Epoch 474: 0/85 Loss: 0.000179
2026-05-11 17:18: Train Epoch 474: 20/85 Loss: 0.000080
2026-05-11 17:18: Train Epoch 474: 40/85 Loss: 0.000086
2026-05-11 17:18: Train Epoch 474: 60/85 Loss: 0.000178
2026-05-11 17:18: Train Epoch 474: 80/85 Loss: 0.000249
2026-05-11 17:18: **********Train Epoch 474: averaged Loss: 0.000119
2026-05-11 17:18: **********Val Epoch 474: average Loss: 0.003456
2026-05-11 17:18: Train Epoch 475: 0/85 Loss: 0.000269
2026-05-11 17:18: Train Epoch 475: 20/85 Loss: 0.000272
2026-05-11 17:18: Train Epoch 475: 40/85 Loss: 0.000138
2026-05-11 17:18: Train Epoch 475: 60/85 Loss: 0.000092
2026-05-11 17:18: Train Epoch 475: 80/85 Loss: 0.000173
2026-05-11 17:18: **********Train Epoch 475: averaged Loss: 0.000149
2026-05-11 17:18: **********Val Epoch 475: average Loss: 0.003393
2026-05-11 17:18: Train Epoch 476: 0/85 Loss: 0.000410
2026-05-11 17:18: Train Epoch 476: 20/85 Loss: 0.000221
2026-05-11 17:19: Train Epoch 476: 40/85 Loss: 0.000453
2026-05-11 17:19: Train Epoch 476: 60/85 Loss: 0.000262
2026-05-11 17:19: Train Epoch 476: 80/85 Loss: 0.000082
2026-05-11 17:19: **********Train Epoch 476: averaged Loss: 0.000204
2026-05-11 17:19: **********Val Epoch 476: average Loss: 0.003400
2026-05-11 17:19: Train Epoch 477: 0/85 Loss: 0.000299
2026-05-11 17:19: Train Epoch 477: 20/85 Loss: 0.000136
2026-05-11 17:19: Train Epoch 477: 40/85 Loss: 0.000325
2026-05-11 17:19: Train Epoch 477: 60/85 Loss: 0.000180
2026-05-11 17:19: Train Epoch 477: 80/85 Loss: 0.000132
2026-05-11 17:19: **********Train Epoch 477: averaged Loss: 0.000216
2026-05-11 17:19: **********Val Epoch 477: average Loss: 0.003496
2026-05-11 17:19: Train Epoch 478: 0/85 Loss: 0.000160
2026-05-11 17:19: Train Epoch 478: 20/85 Loss: 0.000138
2026-05-11 17:19: Train Epoch 478: 40/85 Loss: 0.000285
2026-05-11 17:19: Train Epoch 478: 60/85 Loss: 0.000295
2026-05-11 17:19: Train Epoch 478: 80/85 Loss: 0.000207
2026-05-11 17:19: **********Train Epoch 478: averaged Loss: 0.000226
2026-05-11 17:19: **********Val Epoch 478: average Loss: 0.003347
2026-05-11 17:19: Train Epoch 479: 0/85 Loss: 0.000120
2026-05-11 17:19: Train Epoch 479: 20/85 Loss: 0.000340
2026-05-11 17:19: Train Epoch 479: 40/85 Loss: 0.000422
2026-05-11 17:19: Train Epoch 479: 60/85 Loss: 0.000560
2026-05-11 17:19: Train Epoch 479: 80/85 Loss: 0.000270
2026-05-11 17:19: **********Train Epoch 479: averaged Loss: 0.000291
2026-05-11 17:19: **********Val Epoch 479: average Loss: 0.003832
2026-05-11 17:19: Train Epoch 480: 0/85 Loss: 0.000178
2026-05-11 17:19: Train Epoch 480: 20/85 Loss: 0.000134
2026-05-11 17:19: Train Epoch 480: 40/85 Loss: 0.000449
2026-05-11 17:19: Train Epoch 480: 60/85 Loss: 0.000297
2026-05-11 17:19: Train Epoch 480: 80/85 Loss: 0.000188
2026-05-11 17:19: **********Train Epoch 480: averaged Loss: 0.000225
2026-05-11 17:19: **********Val Epoch 480: average Loss: 0.003501
2026-05-11 17:19: Train Epoch 481: 0/85 Loss: 0.000297
2026-05-11 17:19: Train Epoch 481: 20/85 Loss: 0.000124
2026-05-11 17:19: Train Epoch 481: 40/85 Loss: 0.000183
2026-05-11 17:19: Train Epoch 481: 60/85 Loss: 0.000237
2026-05-11 17:19: Train Epoch 481: 80/85 Loss: 0.000098
2026-05-11 17:19: **********Train Epoch 481: averaged Loss: 0.000183
2026-05-11 17:19: **********Val Epoch 481: average Loss: 0.003500
2026-05-11 17:19: Train Epoch 482: 0/85 Loss: 0.000179
2026-05-11 17:19: Train Epoch 482: 20/85 Loss: 0.000350
2026-05-11 17:19: Train Epoch 482: 40/85 Loss: 0.000124
2026-05-11 17:19: Train Epoch 482: 60/85 Loss: 0.000067
2026-05-11 17:19: Train Epoch 482: 80/85 Loss: 0.000102
2026-05-11 17:19: **********Train Epoch 482: averaged Loss: 0.000165
2026-05-11 17:19: **********Val Epoch 482: average Loss: 0.003249
2026-05-11 17:19: Train Epoch 483: 0/85 Loss: 0.000134
2026-05-11 17:19: Train Epoch 483: 20/85 Loss: 0.000239
2026-05-11 17:19: Train Epoch 483: 40/85 Loss: 0.000273
2026-05-11 17:19: Train Epoch 483: 60/85 Loss: 0.000130
2026-05-11 17:19: Train Epoch 483: 80/85 Loss: 0.000074
2026-05-11 17:19: **********Train Epoch 483: averaged Loss: 0.000150
2026-05-11 17:19: **********Val Epoch 483: average Loss: 0.003161
2026-05-11 17:19: Train Epoch 484: 0/85 Loss: 0.000144
2026-05-11 17:19: Train Epoch 484: 20/85 Loss: 0.000140
2026-05-11 17:19: Train Epoch 484: 40/85 Loss: 0.000290
2026-05-11 17:19: Train Epoch 484: 60/85 Loss: 0.000213
2026-05-11 17:19: Train Epoch 484: 80/85 Loss: 0.000100
2026-05-11 17:19: **********Train Epoch 484: averaged Loss: 0.000148
2026-05-11 17:19: **********Val Epoch 484: average Loss: 0.003148
2026-05-11 17:19: Train Epoch 485: 0/85 Loss: 0.000154
2026-05-11 17:19: Train Epoch 485: 20/85 Loss: 0.000156
2026-05-11 17:19: Train Epoch 485: 40/85 Loss: 0.000181
2026-05-11 17:19: Train Epoch 485: 60/85 Loss: 0.000231
2026-05-11 17:19: Train Epoch 485: 80/85 Loss: 0.000125
2026-05-11 17:19: **********Train Epoch 485: averaged Loss: 0.000130
2026-05-11 17:19: **********Val Epoch 485: average Loss: 0.003187
2026-05-11 17:19: Train Epoch 486: 0/85 Loss: 0.000107
2026-05-11 17:19: Train Epoch 486: 20/85 Loss: 0.000160
2026-05-11 17:19: Train Epoch 486: 40/85 Loss: 0.000157
2026-05-11 17:19: Train Epoch 486: 60/85 Loss: 0.000138
2026-05-11 17:19: Train Epoch 486: 80/85 Loss: 0.000100
2026-05-11 17:19: **********Train Epoch 486: averaged Loss: 0.000115
2026-05-11 17:19: **********Val Epoch 486: average Loss: 0.003108
2026-05-11 17:19: Train Epoch 487: 0/85 Loss: 0.000088
2026-05-11 17:19: Train Epoch 487: 20/85 Loss: 0.000110
2026-05-11 17:19: Train Epoch 487: 40/85 Loss: 0.000063
2026-05-11 17:19: Train Epoch 487: 60/85 Loss: 0.000101
2026-05-11 17:19: Train Epoch 487: 80/85 Loss: 0.000197
2026-05-11 17:19: **********Train Epoch 487: averaged Loss: 0.000109
2026-05-11 17:19: **********Val Epoch 487: average Loss: 0.003041
2026-05-11 17:19: Train Epoch 488: 0/85 Loss: 0.000154
2026-05-11 17:19: Train Epoch 488: 20/85 Loss: 0.000093
2026-05-11 17:19: Train Epoch 488: 40/85 Loss: 0.000111
2026-05-11 17:19: Train Epoch 488: 60/85 Loss: 0.000134
2026-05-11 17:19: Train Epoch 488: 80/85 Loss: 0.000074
2026-05-11 17:19: **********Train Epoch 488: averaged Loss: 0.000095
2026-05-11 17:19: **********Val Epoch 488: average Loss: 0.002977
2026-05-11 17:19: Train Epoch 489: 0/85 Loss: 0.000121
2026-05-11 17:19: Train Epoch 489: 20/85 Loss: 0.000063
2026-05-11 17:19: Train Epoch 489: 40/85 Loss: 0.000124
2026-05-11 17:19: Train Epoch 489: 60/85 Loss: 0.000101
2026-05-11 17:19: Train Epoch 489: 80/85 Loss: 0.000207
2026-05-11 17:19: **********Train Epoch 489: averaged Loss: 0.000098
2026-05-11 17:19: **********Val Epoch 489: average Loss: 0.003157
2026-05-11 17:19: Train Epoch 490: 0/85 Loss: 0.000143
2026-05-11 17:19: Train Epoch 490: 20/85 Loss: 0.000046
2026-05-11 17:19: Train Epoch 490: 40/85 Loss: 0.000099
2026-05-11 17:19: Train Epoch 490: 60/85 Loss: 0.000125
2026-05-11 17:19: Train Epoch 490: 80/85 Loss: 0.000143
2026-05-11 17:19: **********Train Epoch 490: averaged Loss: 0.000102
2026-05-11 17:19: **********Val Epoch 490: average Loss: 0.003702
2026-05-11 17:19: Train Epoch 491: 0/85 Loss: 0.000200
2026-05-11 17:19: Train Epoch 491: 20/85 Loss: 0.000039
2026-05-11 17:19: Train Epoch 491: 40/85 Loss: 0.000245
2026-05-11 17:19: Train Epoch 491: 60/85 Loss: 0.000179
2026-05-11 17:20: Train Epoch 491: 80/85 Loss: 0.000088
2026-05-11 17:20: **********Train Epoch 491: averaged Loss: 0.000109
2026-05-11 17:20: **********Val Epoch 491: average Loss: 0.003536
2026-05-11 17:20: Train Epoch 492: 0/85 Loss: 0.000146
2026-05-11 17:20: Train Epoch 492: 20/85 Loss: 0.000126
2026-05-11 17:20: Train Epoch 492: 40/85 Loss: 0.000275
2026-05-11 17:20: Train Epoch 492: 60/85 Loss: 0.000088
2026-05-11 17:20: Train Epoch 492: 80/85 Loss: 0.000115
2026-05-11 17:20: **********Train Epoch 492: averaged Loss: 0.000111
2026-05-11 17:20: **********Val Epoch 492: average Loss: 0.003447
2026-05-11 17:20: Train Epoch 493: 0/85 Loss: 0.000138
2026-05-11 17:20: Train Epoch 493: 20/85 Loss: 0.000213
2026-05-11 17:20: Train Epoch 493: 40/85 Loss: 0.000193
2026-05-11 17:20: Train Epoch 493: 60/85 Loss: 0.000115
2026-05-11 17:20: Train Epoch 493: 80/85 Loss: 0.000096
2026-05-11 17:20: **********Train Epoch 493: averaged Loss: 0.000113
2026-05-11 17:20: **********Val Epoch 493: average Loss: 0.003458
2026-05-11 17:20: Train Epoch 494: 0/85 Loss: 0.000121
2026-05-11 17:20: Train Epoch 494: 20/85 Loss: 0.000115
2026-05-11 17:20: Train Epoch 494: 40/85 Loss: 0.000193
2026-05-11 17:20: Train Epoch 494: 60/85 Loss: 0.000148
2026-05-11 17:20: Train Epoch 494: 80/85 Loss: 0.000121
2026-05-11 17:20: **********Train Epoch 494: averaged Loss: 0.000123
2026-05-11 17:20: **********Val Epoch 494: average Loss: 0.003411
2026-05-11 17:20: Train Epoch 495: 0/85 Loss: 0.000255
2026-05-11 17:20: Train Epoch 495: 20/85 Loss: 0.000093
2026-05-11 17:20: Train Epoch 495: 40/85 Loss: 0.000155
2026-05-11 17:20: Train Epoch 495: 60/85 Loss: 0.000144
2026-05-11 17:20: Train Epoch 495: 80/85 Loss: 0.000082
2026-05-11 17:20: **********Train Epoch 495: averaged Loss: 0.000120
2026-05-11 17:20: **********Val Epoch 495: average Loss: 0.003184
2026-05-11 17:20: Train Epoch 496: 0/85 Loss: 0.000173
2026-05-11 17:20: Train Epoch 496: 20/85 Loss: 0.000092
2026-05-11 17:20: Train Epoch 496: 40/85 Loss: 0.000208
2026-05-11 17:20: Train Epoch 496: 60/85 Loss: 0.000111
2026-05-11 17:20: Train Epoch 496: 80/85 Loss: 0.000115
2026-05-11 17:20: **********Train Epoch 496: averaged Loss: 0.000126
2026-05-11 17:20: **********Val Epoch 496: average Loss: 0.002994
2026-05-11 17:20: Train Epoch 497: 0/85 Loss: 0.000151
2026-05-11 17:20: Train Epoch 497: 20/85 Loss: 0.000091
2026-05-11 17:20: Train Epoch 497: 40/85 Loss: 0.000218
2026-05-11 17:20: Train Epoch 497: 60/85 Loss: 0.000122
2026-05-11 17:20: Train Epoch 497: 80/85 Loss: 0.000124
2026-05-11 17:20: **********Train Epoch 497: averaged Loss: 0.000129
2026-05-11 17:20: **********Val Epoch 497: average Loss: 0.003047
2026-05-11 17:20: Train Epoch 498: 0/85 Loss: 0.000119
2026-05-11 17:20: Train Epoch 498: 20/85 Loss: 0.000076
2026-05-11 17:20: Train Epoch 498: 40/85 Loss: 0.000160
2026-05-11 17:20: Train Epoch 498: 60/85 Loss: 0.000131
2026-05-11 17:20: Train Epoch 498: 80/85 Loss: 0.000124
2026-05-11 17:20: **********Train Epoch 498: averaged Loss: 0.000116
2026-05-11 17:20: **********Val Epoch 498: average Loss: 0.002943
2026-05-11 17:20: Train Epoch 499: 0/85 Loss: 0.000076
2026-05-11 17:20: Train Epoch 499: 20/85 Loss: 0.000126
2026-05-11 17:20: Train Epoch 499: 40/85 Loss: 0.000175
2026-05-11 17:20: Train Epoch 499: 60/85 Loss: 0.000233
2026-05-11 17:20: Train Epoch 499: 80/85 Loss: 0.000181
2026-05-11 17:20: **********Train Epoch 499: averaged Loss: 0.000146
2026-05-11 17:20: **********Val Epoch 499: average Loss: 0.003370
2026-05-11 17:20: Train Epoch 500: 0/85 Loss: 0.000057
2026-05-11 17:20: Train Epoch 500: 20/85 Loss: 0.000088
2026-05-11 17:20: Train Epoch 500: 40/85 Loss: 0.000249
2026-05-11 17:20: Train Epoch 500: 60/85 Loss: 0.000226
2026-05-11 17:20: Train Epoch 500: 80/85 Loss: 0.000111
2026-05-11 17:20: **********Train Epoch 500: averaged Loss: 0.000166
2026-05-11 17:20: **********Val Epoch 500: average Loss: 0.003263
2026-05-11 17:20: Train Epoch 501: 0/85 Loss: 0.000161
2026-05-11 17:20: Train Epoch 501: 20/85 Loss: 0.000124
2026-05-11 17:20: Train Epoch 501: 40/85 Loss: 0.000161
2026-05-11 17:20: Train Epoch 501: 60/85 Loss: 0.000125
2026-05-11 17:20: Train Epoch 501: 80/85 Loss: 0.000049
2026-05-11 17:20: **********Train Epoch 501: averaged Loss: 0.000142
2026-05-11 17:20: **********Val Epoch 501: average Loss: 0.003442
2026-05-11 17:20: Train Epoch 502: 0/85 Loss: 0.000277
2026-05-11 17:20: Train Epoch 502: 20/85 Loss: 0.000230
2026-05-11 17:20: Train Epoch 502: 40/85 Loss: 0.000123
2026-05-11 17:20: Train Epoch 502: 60/85 Loss: 0.000151
2026-05-11 17:20: Train Epoch 502: 80/85 Loss: 0.000025
2026-05-11 17:20: **********Train Epoch 502: averaged Loss: 0.000143
2026-05-11 17:20: **********Val Epoch 502: average Loss: 0.003289
2026-05-11 17:20: Train Epoch 503: 0/85 Loss: 0.000116
2026-05-11 17:20: Train Epoch 503: 20/85 Loss: 0.000091
2026-05-11 17:20: Train Epoch 503: 40/85 Loss: 0.000305
2026-05-11 17:20: Train Epoch 503: 60/85 Loss: 0.000255
2026-05-11 17:20: Train Epoch 503: 80/85 Loss: 0.000079
2026-05-11 17:20: **********Train Epoch 503: averaged Loss: 0.000148
2026-05-11 17:20: **********Val Epoch 503: average Loss: 0.003214
2026-05-11 17:20: Train Epoch 504: 0/85 Loss: 0.000073
2026-05-11 17:20: Train Epoch 504: 20/85 Loss: 0.000118
2026-05-11 17:20: Train Epoch 504: 40/85 Loss: 0.000169
2026-05-11 17:20: Train Epoch 504: 60/85 Loss: 0.000193
2026-05-11 17:20: Train Epoch 504: 80/85 Loss: 0.000108
2026-05-11 17:20: **********Train Epoch 504: averaged Loss: 0.000140
2026-05-11 17:20: **********Val Epoch 504: average Loss: 0.003081
2026-05-11 17:20: Validation performance didn't improve for 500 epochs. Training stops.
2026-05-11 17:20: Total training time: 32.3609min, best loss: 0.002059
2026-05-11 17:20: Saving current best model to ./saved_models/000300SH/best_model.pth
2026-05-11 17:20: Saving timestamped model backup to ./saved_models/000300SH/best_model_20260511_172052.pth
2026-05-11 17:20: Average Horizon, MAE: 0.0607, MSE: 0.0790
2026-05-11 17:20: Average Horizon, MAE: 0.0571, MSE: 0.0743
2026-05-11 17:20: Experiment log path in: ./saved_models/000001SZ/
2026-05-11 17:20: Train Epoch 1: 0/83 Loss: 0.102666
2026-05-11 17:20: Train Epoch 1: 20/83 Loss: 0.022765
2026-05-11 17:20: Train Epoch 1: 40/83 Loss: 0.113909
2026-05-11 17:20: Train Epoch 1: 60/83 Loss: 0.029616
2026-05-11 17:20: Train Epoch 1: 80/83 Loss: 0.033285
2026-05-11 17:20: **********Train Epoch 1: averaged Loss: 0.039355
2026-05-11 17:20: **********Val Epoch 1: average Loss: 0.018110
2026-05-11 17:20: *********************************Current best model saved!
2026-05-11 17:20: Train Epoch 2: 0/83 Loss: 0.021526
2026-05-11 17:20: Train Epoch 2: 20/83 Loss: 0.006519
2026-05-11 17:20: Train Epoch 2: 40/83 Loss: 0.014652
2026-05-11 17:20: Train Epoch 2: 60/83 Loss: 0.026329
2026-05-11 17:20: Train Epoch 2: 80/83 Loss: 0.032723
2026-05-11 17:20: **********Train Epoch 2: averaged Loss: 0.023067
2026-05-11 17:20: **********Val Epoch 2: average Loss: 0.012213
2026-05-11 17:20: *********************************Current best model saved!
2026-05-11 17:20: Train Epoch 3: 0/83 Loss: 0.012071
2026-05-11 17:20: Train Epoch 3: 20/83 Loss: 0.005378
2026-05-11 17:21: Train Epoch 3: 40/83 Loss: 0.013774
2026-05-11 17:21: Train Epoch 3: 60/83 Loss: 0.028419
2026-05-11 17:21: Train Epoch 3: 80/83 Loss: 0.031806
2026-05-11 17:21: **********Train Epoch 3: averaged Loss: 0.021451
2026-05-11 17:21: **********Val Epoch 3: average Loss: 0.012516
2026-05-11 17:21: Train Epoch 4: 0/83 Loss: 0.011293
2026-05-11 17:21: Train Epoch 4: 20/83 Loss: 0.007616
2026-05-11 17:21: Train Epoch 4: 40/83 Loss: 0.014338
2026-05-11 17:21: Train Epoch 4: 60/83 Loss: 0.026262
2026-05-11 17:21: Train Epoch 4: 80/83 Loss: 0.031693
2026-05-11 17:21: **********Train Epoch 4: averaged Loss: 0.021178
2026-05-11 17:21: **********Val Epoch 4: average Loss: 0.013163
2026-05-11 17:21: Train Epoch 5: 0/83 Loss: 0.011437
2026-05-11 17:21: Train Epoch 5: 20/83 Loss: 0.005147
2026-05-11 17:21: Train Epoch 5: 40/83 Loss: 0.013254
2026-05-11 17:21: Train Epoch 5: 60/83 Loss: 0.028663
2026-05-11 17:21: Train Epoch 5: 80/83 Loss: 0.032235
2026-05-11 17:21: **********Train Epoch 5: averaged Loss: 0.020819
2026-05-11 17:21: **********Val Epoch 5: average Loss: 0.011695
2026-05-11 17:21: *********************************Current best model saved!
2026-05-11 17:21: Train Epoch 6: 0/83 Loss: 0.011145
2026-05-11 17:21: Train Epoch 6: 20/83 Loss: 0.004946
2026-05-11 17:21: Train Epoch 6: 40/83 Loss: 0.013990
2026-05-11 17:21: Train Epoch 6: 60/83 Loss: 0.024664
2026-05-11 17:21: Train Epoch 6: 80/83 Loss: 0.031414
2026-05-11 17:21: **********Train Epoch 6: averaged Loss: 0.020555
2026-05-11 17:21: **********Val Epoch 6: average Loss: 0.011704
2026-05-11 17:21: Train Epoch 7: 0/83 Loss: 0.011741
2026-05-11 17:21: Train Epoch 7: 20/83 Loss: 0.004973
2026-05-11 17:21: Train Epoch 7: 40/83 Loss: 0.012987
2026-05-11 17:21: Train Epoch 7: 60/83 Loss: 0.024454
2026-05-11 17:21: Train Epoch 7: 80/83 Loss: 0.031076
2026-05-11 17:21: **********Train Epoch 7: averaged Loss: 0.020122
2026-05-11 17:21: **********Val Epoch 7: average Loss: 0.011840
2026-05-11 17:21: Train Epoch 8: 0/83 Loss: 0.010545
2026-05-11 17:21: Train Epoch 8: 20/83 Loss: 0.004975
2026-05-11 17:21: Train Epoch 8: 40/83 Loss: 0.013080
2026-05-11 17:21: Train Epoch 8: 60/83 Loss: 0.025246
2026-05-11 17:21: Train Epoch 8: 80/83 Loss: 0.032004
2026-05-11 17:21: **********Train Epoch 8: averaged Loss: 0.019889
2026-05-11 17:21: **********Val Epoch 8: average Loss: 0.012946
2026-05-11 17:21: Train Epoch 9: 0/83 Loss: 0.012559
2026-05-11 17:21: Train Epoch 9: 20/83 Loss: 0.005243
2026-05-11 17:21: Train Epoch 9: 40/83 Loss: 0.014431
2026-05-11 17:21: Train Epoch 9: 60/83 Loss: 0.024100
2026-05-11 17:21: Train Epoch 9: 80/83 Loss: 0.031771
2026-05-11 17:21: **********Train Epoch 9: averaged Loss: 0.019887
2026-05-11 17:21: **********Val Epoch 9: average Loss: 0.012488
2026-05-11 17:21: Train Epoch 10: 0/83 Loss: 0.011956
2026-05-11 17:21: Train Epoch 10: 20/83 Loss: 0.006550
2026-05-11 17:21: Train Epoch 10: 40/83 Loss: 0.012581
2026-05-11 17:21: Train Epoch 10: 60/83 Loss: 0.023206
2026-05-11 17:21: Train Epoch 10: 80/83 Loss: 0.033551
2026-05-11 17:21: **********Train Epoch 10: averaged Loss: 0.019730
2026-05-11 17:21: **********Val Epoch 10: average Loss: 0.011755
2026-05-11 17:21: Train Epoch 11: 0/83 Loss: 0.010361
2026-05-11 17:21: Train Epoch 11: 20/83 Loss: 0.004731
2026-05-11 17:21: Train Epoch 11: 40/83 Loss: 0.012905
2026-05-11 17:21: Train Epoch 11: 60/83 Loss: 0.023051
2026-05-11 17:21: Train Epoch 11: 80/83 Loss: 0.032036
2026-05-11 17:21: **********Train Epoch 11: averaged Loss: 0.019453
2026-05-11 17:21: **********Val Epoch 11: average Loss: 0.012661
2026-05-11 17:21: Train Epoch 12: 0/83 Loss: 0.010831
2026-05-11 17:21: Train Epoch 12: 20/83 Loss: 0.004680
2026-05-11 17:21: Train Epoch 12: 40/83 Loss: 0.013090
2026-05-11 17:21: Train Epoch 12: 60/83 Loss: 0.022904
2026-05-11 17:21: Train Epoch 12: 80/83 Loss: 0.032190
2026-05-11 17:21: **********Train Epoch 12: averaged Loss: 0.019371
2026-05-11 17:21: **********Val Epoch 12: average Loss: 0.012431
2026-05-11 17:21: Train Epoch 13: 0/83 Loss: 0.010057
2026-05-11 17:21: Train Epoch 13: 20/83 Loss: 0.004603
2026-05-11 17:21: Train Epoch 13: 40/83 Loss: 0.012362
2026-05-11 17:21: Train Epoch 13: 60/83 Loss: 0.022449
2026-05-11 17:21: Train Epoch 13: 80/83 Loss: 0.033003
2026-05-11 17:21: **********Train Epoch 13: averaged Loss: 0.019034
2026-05-11 17:21: **********Val Epoch 13: average Loss: 0.012844
2026-05-11 17:21: Train Epoch 14: 0/83 Loss: 0.010724
2026-05-11 17:21: Train Epoch 14: 20/83 Loss: 0.004975
2026-05-11 17:21: Train Epoch 14: 40/83 Loss: 0.015651
2026-05-11 17:21: Train Epoch 14: 60/83 Loss: 0.022081
2026-05-11 17:21: Train Epoch 14: 80/83 Loss: 0.034621
2026-05-11 17:21: **********Train Epoch 14: averaged Loss: 0.019169
2026-05-11 17:21: **********Val Epoch 14: average Loss: 0.013436
2026-05-11 17:21: Train Epoch 15: 0/83 Loss: 0.010706
2026-05-11 17:21: Train Epoch 15: 20/83 Loss: 0.004808
2026-05-11 17:21: Train Epoch 15: 40/83 Loss: 0.013512
2026-05-11 17:21: Train Epoch 15: 60/83 Loss: 0.021361
2026-05-11 17:21: Train Epoch 15: 80/83 Loss: 0.031334
2026-05-11 17:21: **********Train Epoch 15: averaged Loss: 0.018879
2026-05-11 17:21: **********Val Epoch 15: average Loss: 0.013574
2026-05-11 17:21: Train Epoch 16: 0/83 Loss: 0.008471
2026-05-11 17:21: Train Epoch 16: 20/83 Loss: 0.005400
2026-05-11 17:21: Train Epoch 16: 40/83 Loss: 0.016319
2026-05-11 17:21: Train Epoch 16: 60/83 Loss: 0.021681
2026-05-11 17:21: Train Epoch 16: 80/83 Loss: 0.028645
2026-05-11 17:21: **********Train Epoch 16: averaged Loss: 0.018893
2026-05-11 17:21: **********Val Epoch 16: average Loss: 0.014029
2026-05-11 17:21: Train Epoch 17: 0/83 Loss: 0.011103
2026-05-11 17:21: Train Epoch 17: 20/83 Loss: 0.005290
2026-05-11 17:21: Train Epoch 17: 40/83 Loss: 0.014632
2026-05-11 17:21: Train Epoch 17: 60/83 Loss: 0.021487
2026-05-11 17:21: Train Epoch 17: 80/83 Loss: 0.023484
2026-05-11 17:21: **********Train Epoch 17: averaged Loss: 0.018481
2026-05-11 17:21: **********Val Epoch 17: average Loss: 0.012608
2026-05-11 17:21: Train Epoch 18: 0/83 Loss: 0.011583
2026-05-11 17:21: Train Epoch 18: 20/83 Loss: 0.005975
2026-05-11 17:21: Train Epoch 18: 40/83 Loss: 0.012586
2026-05-11 17:21: Train Epoch 18: 60/83 Loss: 0.022335
2026-05-11 17:21: Train Epoch 18: 80/83 Loss: 0.030039
2026-05-11 17:21: **********Train Epoch 18: averaged Loss: 0.019790
2026-05-11 17:21: **********Val Epoch 18: average Loss: 0.012910
2026-05-11 17:21: Train Epoch 19: 0/83 Loss: 0.010603
2026-05-11 17:21: Train Epoch 19: 20/83 Loss: 0.006236
2026-05-11 17:21: Train Epoch 19: 40/83 Loss: 0.013706
2026-05-11 17:21: Train Epoch 19: 60/83 Loss: 0.022897
2026-05-11 17:21: Train Epoch 19: 80/83 Loss: 0.027930
2026-05-11 17:21: **********Train Epoch 19: averaged Loss: 0.018684
2026-05-11 17:21: **********Val Epoch 19: average Loss: 0.013163
2026-05-11 17:21: Train Epoch 20: 0/83 Loss: 0.011024
2026-05-11 17:21: Train Epoch 20: 20/83 Loss: 0.006614
2026-05-11 17:21: Train Epoch 20: 40/83 Loss: 0.012710
2026-05-11 17:21: Train Epoch 20: 60/83 Loss: 0.021744
2026-05-11 17:22: Train Epoch 20: 80/83 Loss: 0.026974
2026-05-11 17:22: **********Train Epoch 20: averaged Loss: 0.018240
2026-05-11 17:22: **********Val Epoch 20: average Loss: 0.014762
2026-05-11 17:22: Train Epoch 21: 0/83 Loss: 0.010948
2026-05-11 17:22: Train Epoch 21: 20/83 Loss: 0.005720
2026-05-11 17:22: Train Epoch 21: 40/83 Loss: 0.012179
2026-05-11 17:22: Train Epoch 21: 60/83 Loss: 0.021645
2026-05-11 17:22: Train Epoch 21: 80/83 Loss: 0.023771
2026-05-11 17:22: **********Train Epoch 21: averaged Loss: 0.017610
2026-05-11 17:22: **********Val Epoch 21: average Loss: 0.014259
2026-05-11 17:22: Train Epoch 22: 0/83 Loss: 0.010159
2026-05-11 17:22: Train Epoch 22: 20/83 Loss: 0.005752
2026-05-11 17:22: Train Epoch 22: 40/83 Loss: 0.012988
2026-05-11 17:22: Train Epoch 22: 60/83 Loss: 0.024565
2026-05-11 17:22: Train Epoch 22: 80/83 Loss: 0.025103
2026-05-11 17:22: **********Train Epoch 22: averaged Loss: 0.017135
2026-05-11 17:22: **********Val Epoch 22: average Loss: 0.014952
2026-05-11 17:22: Train Epoch 23: 0/83 Loss: 0.012083
2026-05-11 17:22: Train Epoch 23: 20/83 Loss: 0.004949
2026-05-11 17:22: Train Epoch 23: 40/83 Loss: 0.013197
2026-05-11 17:22: Train Epoch 23: 60/83 Loss: 0.022314
2026-05-11 17:22: Train Epoch 23: 80/83 Loss: 0.020070
2026-05-11 17:22: **********Train Epoch 23: averaged Loss: 0.017077
2026-05-11 17:22: **********Val Epoch 23: average Loss: 0.014697
2026-05-11 17:22: Train Epoch 24: 0/83 Loss: 0.016370
2026-05-11 17:22: Train Epoch 24: 20/83 Loss: 0.005152
2026-05-11 17:22: Train Epoch 24: 40/83 Loss: 0.013323
2026-05-11 17:22: Train Epoch 24: 60/83 Loss: 0.020950
2026-05-11 17:22: Train Epoch 24: 80/83 Loss: 0.016730
2026-05-11 17:22: **********Train Epoch 24: averaged Loss: 0.016471
2026-05-11 17:22: **********Val Epoch 24: average Loss: 0.016996
2026-05-11 17:22: Train Epoch 25: 0/83 Loss: 0.011994
2026-05-11 17:22: Train Epoch 25: 20/83 Loss: 0.006518
2026-05-11 17:22: Train Epoch 25: 40/83 Loss: 0.012023
2026-05-11 17:22: Train Epoch 25: 60/83 Loss: 0.021590
2026-05-11 17:22: Train Epoch 25: 80/83 Loss: 0.009882
2026-05-11 17:22: **********Train Epoch 25: averaged Loss: 0.015820
2026-05-11 17:22: **********Val Epoch 25: average Loss: 0.021603
2026-05-11 17:22: Train Epoch 26: 0/83 Loss: 0.014103
2026-05-11 17:22: Train Epoch 26: 20/83 Loss: 0.005491
2026-05-11 17:22: Train Epoch 26: 40/83 Loss: 0.012935
2026-05-11 17:22: Train Epoch 26: 60/83 Loss: 0.022431
2026-05-11 17:22: Train Epoch 26: 80/83 Loss: 0.013343
2026-05-11 17:22: **********Train Epoch 26: averaged Loss: 0.016008
2026-05-11 17:22: **********Val Epoch 26: average Loss: 0.017921
2026-05-11 17:22: Train Epoch 27: 0/83 Loss: 0.012339
2026-05-11 17:22: Train Epoch 27: 20/83 Loss: 0.007460
2026-05-11 17:22: Train Epoch 27: 40/83 Loss: 0.014975
2026-05-11 17:22: Train Epoch 27: 60/83 Loss: 0.021785
2026-05-11 17:22: Train Epoch 27: 80/83 Loss: 0.016209
2026-05-11 17:22: **********Train Epoch 27: averaged Loss: 0.015229
2026-05-11 17:22: **********Val Epoch 27: average Loss: 0.016469
2026-05-11 17:22: Train Epoch 28: 0/83 Loss: 0.016584
2026-05-11 17:22: Train Epoch 28: 20/83 Loss: 0.006624
2026-05-11 17:22: Train Epoch 28: 40/83 Loss: 0.012704
2026-05-11 17:22: Train Epoch 28: 60/83 Loss: 0.018606
2026-05-11 17:22: Train Epoch 28: 80/83 Loss: 0.019225
2026-05-11 17:22: **********Train Epoch 28: averaged Loss: 0.014963
2026-05-11 17:22: **********Val Epoch 28: average Loss: 0.018493
2026-05-11 17:22: Train Epoch 29: 0/83 Loss: 0.014016
2026-05-11 17:22: Train Epoch 29: 20/83 Loss: 0.006074
2026-05-11 17:22: Train Epoch 29: 40/83 Loss: 0.013357
2026-05-11 17:22: Train Epoch 29: 60/83 Loss: 0.017750
2026-05-11 17:22: Train Epoch 29: 80/83 Loss: 0.025014
2026-05-11 17:22: **********Train Epoch 29: averaged Loss: 0.014493
2026-05-11 17:22: **********Val Epoch 29: average Loss: 0.019846
2026-05-11 17:22: Train Epoch 30: 0/83 Loss: 0.014699
2026-05-11 17:22: Train Epoch 30: 20/83 Loss: 0.006513
2026-05-11 17:22: Train Epoch 30: 40/83 Loss: 0.012379
2026-05-11 17:22: Train Epoch 30: 60/83 Loss: 0.018642
2026-05-11 17:22: Train Epoch 30: 80/83 Loss: 0.018281
2026-05-11 17:22: **********Train Epoch 30: averaged Loss: 0.014491
2026-05-11 17:22: **********Val Epoch 30: average Loss: 0.018387
2026-05-11 17:22: Train Epoch 31: 0/83 Loss: 0.014958
2026-05-11 17:22: Train Epoch 31: 20/83 Loss: 0.007130
2026-05-11 17:22: Train Epoch 31: 40/83 Loss: 0.012942
2026-05-11 17:22: Train Epoch 31: 60/83 Loss: 0.021636
2026-05-11 17:22: Train Epoch 31: 80/83 Loss: 0.014040
2026-05-11 17:22: **********Train Epoch 31: averaged Loss: 0.015093
2026-05-11 17:22: **********Val Epoch 31: average Loss: 0.019066
2026-05-11 17:22: Train Epoch 32: 0/83 Loss: 0.009875
2026-05-11 17:22: Train Epoch 32: 20/83 Loss: 0.005359
2026-05-11 17:22: Train Epoch 32: 40/83 Loss: 0.013895
2026-05-11 17:22: Train Epoch 32: 60/83 Loss: 0.020923
2026-05-11 17:22: Train Epoch 32: 80/83 Loss: 0.008008
2026-05-11 17:22: **********Train Epoch 32: averaged Loss: 0.014462
2026-05-11 17:22: **********Val Epoch 32: average Loss: 0.018283
2026-05-11 17:22: Train Epoch 33: 0/83 Loss: 0.011482
2026-05-11 17:22: Train Epoch 33: 20/83 Loss: 0.006221
2026-05-11 17:22: Train Epoch 33: 40/83 Loss: 0.012632
2026-05-11 17:22: Train Epoch 33: 60/83 Loss: 0.018500
2026-05-11 17:22: Train Epoch 33: 80/83 Loss: 0.012980
2026-05-11 17:22: **********Train Epoch 33: averaged Loss: 0.013633
2026-05-11 17:22: **********Val Epoch 33: average Loss: 0.018077
2026-05-11 17:22: Train Epoch 34: 0/83 Loss: 0.013114
2026-05-11 17:22: Train Epoch 34: 20/83 Loss: 0.007268
2026-05-11 17:22: Train Epoch 34: 40/83 Loss: 0.012984
2026-05-11 17:22: Train Epoch 34: 60/83 Loss: 0.018552
2026-05-11 17:22: Train Epoch 34: 80/83 Loss: 0.013589
2026-05-11 17:22: **********Train Epoch 34: averaged Loss: 0.012759
2026-05-11 17:22: **********Val Epoch 34: average Loss: 0.017184
2026-05-11 17:22: Train Epoch 35: 0/83 Loss: 0.010165
2026-05-11 17:22: Train Epoch 35: 20/83 Loss: 0.005370
2026-05-11 17:22: Train Epoch 35: 40/83 Loss: 0.011512
2026-05-11 17:22: Train Epoch 35: 60/83 Loss: 0.016948
2026-05-11 17:22: Train Epoch 35: 80/83 Loss: 0.008441
2026-05-11 17:22: **********Train Epoch 35: averaged Loss: 0.011927
2026-05-11 17:22: **********Val Epoch 35: average Loss: 0.017599
2026-05-11 17:22: Train Epoch 36: 0/83 Loss: 0.011368
2026-05-11 17:22: Train Epoch 36: 20/83 Loss: 0.005825
2026-05-11 17:22: Train Epoch 36: 40/83 Loss: 0.012663
2026-05-11 17:22: Train Epoch 36: 60/83 Loss: 0.015847
2026-05-11 17:22: Train Epoch 36: 80/83 Loss: 0.007195
2026-05-11 17:22: **********Train Epoch 36: averaged Loss: 0.011362
2026-05-11 17:22: **********Val Epoch 36: average Loss: 0.018493
2026-05-11 17:22: Train Epoch 37: 0/83 Loss: 0.014801
2026-05-11 17:22: Train Epoch 37: 20/83 Loss: 0.006580
2026-05-11 17:22: Train Epoch 37: 40/83 Loss: 0.012272
2026-05-11 17:22: Train Epoch 37: 60/83 Loss: 0.015769
2026-05-11 17:22: Train Epoch 37: 80/83 Loss: 0.005754
2026-05-11 17:22: **********Train Epoch 37: averaged Loss: 0.011115
2026-05-11 17:22: **********Val Epoch 37: average Loss: 0.017291
2026-05-11 17:22: Train Epoch 38: 0/83 Loss: 0.010946
2026-05-11 17:22: Train Epoch 38: 20/83 Loss: 0.005475
2026-05-11 17:23: Train Epoch 38: 40/83 Loss: 0.012217
2026-05-11 17:23: Train Epoch 38: 60/83 Loss: 0.010826
2026-05-11 17:23: Train Epoch 38: 80/83 Loss: 0.006470
2026-05-11 17:23: **********Train Epoch 38: averaged Loss: 0.010121
2026-05-11 17:23: **********Val Epoch 38: average Loss: 0.016983
2026-05-11 17:23: Train Epoch 39: 0/83 Loss: 0.011505
2026-05-11 17:23: Train Epoch 39: 20/83 Loss: 0.005195
2026-05-11 17:23: Train Epoch 39: 40/83 Loss: 0.012163
2026-05-11 17:23: Train Epoch 39: 60/83 Loss: 0.011173
2026-05-11 17:23: Train Epoch 39: 80/83 Loss: 0.007289
2026-05-11 17:23: **********Train Epoch 39: averaged Loss: 0.009380
2026-05-11 17:23: **********Val Epoch 39: average Loss: 0.019421
2026-05-11 17:23: Train Epoch 40: 0/83 Loss: 0.013222
2026-05-11 17:23: Train Epoch 40: 20/83 Loss: 0.005132
2026-05-11 17:23: Train Epoch 40: 40/83 Loss: 0.013246
2026-05-11 17:23: Train Epoch 40: 60/83 Loss: 0.009047
2026-05-11 17:23: Train Epoch 40: 80/83 Loss: 0.005111
2026-05-11 17:23: **********Train Epoch 40: averaged Loss: 0.009253
2026-05-11 17:23: **********Val Epoch 40: average Loss: 0.021414
2026-05-11 17:23: Train Epoch 41: 0/83 Loss: 0.012305
2026-05-11 17:23: Train Epoch 41: 20/83 Loss: 0.005317
2026-05-11 17:23: Train Epoch 41: 40/83 Loss: 0.014401
2026-05-11 17:23: Train Epoch 41: 60/83 Loss: 0.011074
2026-05-11 17:23: Train Epoch 41: 80/83 Loss: 0.004750
2026-05-11 17:23: **********Train Epoch 41: averaged Loss: 0.009198
2026-05-11 17:23: **********Val Epoch 41: average Loss: 0.021247
2026-05-11 17:23: Train Epoch 42: 0/83 Loss: 0.009479
2026-05-11 17:23: Train Epoch 42: 20/83 Loss: 0.005282
2026-05-11 17:23: Train Epoch 42: 40/83 Loss: 0.014044
2026-05-11 17:23: Train Epoch 42: 60/83 Loss: 0.009776
2026-05-11 17:23: Train Epoch 42: 80/83 Loss: 0.005796
2026-05-11 17:23: **********Train Epoch 42: averaged Loss: 0.008697
2026-05-11 17:23: **********Val Epoch 42: average Loss: 0.022262
2026-05-11 17:23: Train Epoch 43: 0/83 Loss: 0.010456
2026-05-11 17:23: Train Epoch 43: 20/83 Loss: 0.005270
2026-05-11 17:23: Train Epoch 43: 40/83 Loss: 0.014568
2026-05-11 17:23: Train Epoch 43: 60/83 Loss: 0.009721
2026-05-11 17:23: Train Epoch 43: 80/83 Loss: 0.003831
2026-05-11 17:23: **********Train Epoch 43: averaged Loss: 0.008541
2026-05-11 17:23: **********Val Epoch 43: average Loss: 0.020067
2026-05-11 17:23: Train Epoch 44: 0/83 Loss: 0.007863
2026-05-11 17:23: Train Epoch 44: 20/83 Loss: 0.005518
2026-05-11 17:23: Train Epoch 44: 40/83 Loss: 0.017649
2026-05-11 17:23: Train Epoch 44: 60/83 Loss: 0.008169
2026-05-11 17:23: Train Epoch 44: 80/83 Loss: 0.005900
2026-05-11 17:23: **********Train Epoch 44: averaged Loss: 0.008496
2026-05-11 17:23: **********Val Epoch 44: average Loss: 0.019529
2026-05-11 17:23: Train Epoch 45: 0/83 Loss: 0.010326
2026-05-11 17:23: Train Epoch 45: 20/83 Loss: 0.004312
2026-05-11 17:23: Train Epoch 45: 40/83 Loss: 0.012020
2026-05-11 17:23: Train Epoch 45: 60/83 Loss: 0.010073
2026-05-11 17:23: Train Epoch 45: 80/83 Loss: 0.004604
2026-05-11 17:23: **********Train Epoch 45: averaged Loss: 0.007475
2026-05-11 17:23: **********Val Epoch 45: average Loss: 0.019567
2026-05-11 17:23: Train Epoch 46: 0/83 Loss: 0.010918
2026-05-11 17:23: Train Epoch 46: 20/83 Loss: 0.004290
2026-05-11 17:23: Train Epoch 46: 40/83 Loss: 0.015966
2026-05-11 17:23: Train Epoch 46: 60/83 Loss: 0.008452
2026-05-11 17:23: Train Epoch 46: 80/83 Loss: 0.004974
2026-05-11 17:23: **********Train Epoch 46: averaged Loss: 0.007697
2026-05-11 17:23: **********Val Epoch 46: average Loss: 0.019302
2026-05-11 17:23: Train Epoch 47: 0/83 Loss: 0.008200
2026-05-11 17:23: Train Epoch 47: 20/83 Loss: 0.004808
2026-05-11 17:23: Train Epoch 47: 40/83 Loss: 0.013077
2026-05-11 17:23: Train Epoch 47: 60/83 Loss: 0.007921
2026-05-11 17:23: Train Epoch 47: 80/83 Loss: 0.003517
2026-05-11 17:23: **********Train Epoch 47: averaged Loss: 0.007318
2026-05-11 17:23: **********Val Epoch 47: average Loss: 0.018893
2026-05-11 17:23: Train Epoch 48: 0/83 Loss: 0.009088
2026-05-11 17:23: Train Epoch 48: 20/83 Loss: 0.004063
2026-05-11 17:23: Train Epoch 48: 40/83 Loss: 0.011555
2026-05-11 17:23: Train Epoch 48: 60/83 Loss: 0.006389
2026-05-11 17:23: Train Epoch 48: 80/83 Loss: 0.004803
2026-05-11 17:23: **********Train Epoch 48: averaged Loss: 0.007066
2026-05-11 17:23: **********Val Epoch 48: average Loss: 0.019898
2026-05-11 17:23: Train Epoch 49: 0/83 Loss: 0.008148
2026-05-11 17:23: Train Epoch 49: 20/83 Loss: 0.006527
2026-05-11 17:23: Train Epoch 49: 40/83 Loss: 0.014338
2026-05-11 17:23: Train Epoch 49: 60/83 Loss: 0.006267
2026-05-11 17:23: Train Epoch 49: 80/83 Loss: 0.004614
2026-05-11 17:23: **********Train Epoch 49: averaged Loss: 0.007026
2026-05-11 17:23: **********Val Epoch 49: average Loss: 0.022760
2026-05-11 17:23: Train Epoch 50: 0/83 Loss: 0.011893
2026-05-11 17:23: Train Epoch 50: 20/83 Loss: 0.006620
2026-05-11 17:23: Train Epoch 50: 40/83 Loss: 0.010563
2026-05-11 17:23: Train Epoch 50: 60/83 Loss: 0.003884
2026-05-11 17:23: Train Epoch 50: 80/83 Loss: 0.002548
2026-05-11 17:23: **********Train Epoch 50: averaged Loss: 0.006546
2026-05-11 17:23: **********Val Epoch 50: average Loss: 0.020735
2026-05-11 17:23: Train Epoch 51: 0/83 Loss: 0.010180
2026-05-11 17:23: Train Epoch 51: 20/83 Loss: 0.005283
2026-05-11 17:23: Train Epoch 51: 40/83 Loss: 0.010177
2026-05-11 17:23: Train Epoch 51: 60/83 Loss: 0.005857
2026-05-11 17:23: Train Epoch 51: 80/83 Loss: 0.003385
2026-05-11 17:23: **********Train Epoch 51: averaged Loss: 0.006431
2026-05-11 17:23: **********Val Epoch 51: average Loss: 0.023270
2026-05-11 17:23: Train Epoch 52: 0/83 Loss: 0.010080
2026-05-11 17:23: Train Epoch 52: 20/83 Loss: 0.005908
2026-05-11 17:23: Train Epoch 52: 40/83 Loss: 0.008716
2026-05-11 17:23: Train Epoch 52: 60/83 Loss: 0.004344
2026-05-11 17:23: Train Epoch 52: 80/83 Loss: 0.005976
2026-05-11 17:23: **********Train Epoch 52: averaged Loss: 0.006669
2026-05-11 17:23: **********Val Epoch 52: average Loss: 0.020623
2026-05-11 17:23: Train Epoch 53: 0/83 Loss: 0.007601
2026-05-11 17:23: Train Epoch 53: 20/83 Loss: 0.004845
2026-05-11 17:23: Train Epoch 53: 40/83 Loss: 0.009680
2026-05-11 17:23: Train Epoch 53: 60/83 Loss: 0.006959
2026-05-11 17:23: Train Epoch 53: 80/83 Loss: 0.007030
2026-05-11 17:23: **********Train Epoch 53: averaged Loss: 0.006592
2026-05-11 17:23: **********Val Epoch 53: average Loss: 0.021442
2026-05-11 17:23: Train Epoch 54: 0/83 Loss: 0.010355
2026-05-11 17:23: Train Epoch 54: 20/83 Loss: 0.004544
2026-05-11 17:24: Train Epoch 54: 40/83 Loss: 0.009653
2026-05-11 17:24: Train Epoch 54: 60/83 Loss: 0.007762
2026-05-11 17:24: Train Epoch 54: 80/83 Loss: 0.008440
2026-05-11 17:24: **********Train Epoch 54: averaged Loss: 0.006503
2026-05-11 17:24: **********Val Epoch 54: average Loss: 0.020907
2026-05-11 17:24: Train Epoch 55: 0/83 Loss: 0.007137
2026-05-11 17:24: Train Epoch 55: 20/83 Loss: 0.004454
2026-05-11 17:24: Train Epoch 55: 40/83 Loss: 0.008588
2026-05-11 17:24: Train Epoch 55: 60/83 Loss: 0.005958
2026-05-11 17:24: Train Epoch 55: 80/83 Loss: 0.008613
2026-05-11 17:24: **********Train Epoch 55: averaged Loss: 0.006091
2026-05-11 17:24: **********Val Epoch 55: average Loss: 0.021026
2026-05-11 17:24: Train Epoch 56: 0/83 Loss: 0.006932
2026-05-11 17:24: Train Epoch 56: 20/83 Loss: 0.003644
2026-05-11 17:24: Train Epoch 56: 40/83 Loss: 0.007485
2026-05-11 17:24: Train Epoch 56: 60/83 Loss: 0.005429
2026-05-11 17:24: Train Epoch 56: 80/83 Loss: 0.008340
2026-05-11 17:24: **********Train Epoch 56: averaged Loss: 0.005546
2026-05-11 17:24: **********Val Epoch 56: average Loss: 0.024333
2026-05-11 17:24: Train Epoch 57: 0/83 Loss: 0.007101
2026-05-11 17:24: Train Epoch 57: 20/83 Loss: 0.005374
2026-05-11 17:24: Train Epoch 57: 40/83 Loss: 0.008131
2026-05-11 17:24: Train Epoch 57: 60/83 Loss: 0.007513
2026-05-11 17:24: Train Epoch 57: 80/83 Loss: 0.007073
2026-05-11 17:24: **********Train Epoch 57: averaged Loss: 0.006046
2026-05-11 17:24: **********Val Epoch 57: average Loss: 0.028307
2026-05-11 17:24: Train Epoch 58: 0/83 Loss: 0.005565
2026-05-11 17:24: Train Epoch 58: 20/83 Loss: 0.004447
2026-05-11 17:24: Train Epoch 58: 40/83 Loss: 0.007519
2026-05-11 17:24: Train Epoch 58: 60/83 Loss: 0.006043
2026-05-11 17:24: Train Epoch 58: 80/83 Loss: 0.006521
2026-05-11 17:24: **********Train Epoch 58: averaged Loss: 0.005969
2026-05-11 17:24: **********Val Epoch 58: average Loss: 0.027870
2026-05-11 17:24: Train Epoch 59: 0/83 Loss: 0.008400
2026-05-11 17:24: Train Epoch 59: 20/83 Loss: 0.004088
2026-05-11 17:24: Train Epoch 59: 40/83 Loss: 0.011762
2026-05-11 17:24: Train Epoch 59: 60/83 Loss: 0.006030
2026-05-11 17:24: Train Epoch 59: 80/83 Loss: 0.010032
2026-05-11 17:24: **********Train Epoch 59: averaged Loss: 0.006218
2026-05-11 17:24: **********Val Epoch 59: average Loss: 0.027744
2026-05-11 17:24: Train Epoch 60: 0/83 Loss: 0.008601
2026-05-11 17:24: Train Epoch 60: 20/83 Loss: 0.004974
2026-05-11 17:24: Train Epoch 60: 40/83 Loss: 0.009037
2026-05-11 17:24: Train Epoch 60: 60/83 Loss: 0.005818
2026-05-11 17:24: Train Epoch 60: 80/83 Loss: 0.003632
2026-05-11 17:24: **********Train Epoch 60: averaged Loss: 0.005869
2026-05-11 17:24: **********Val Epoch 60: average Loss: 0.028660
2026-05-11 17:24: Train Epoch 61: 0/83 Loss: 0.006603
2026-05-11 17:24: Train Epoch 61: 20/83 Loss: 0.004266
2026-05-11 17:24: Train Epoch 61: 40/83 Loss: 0.008256
2026-05-11 17:24: Train Epoch 61: 60/83 Loss: 0.004300
2026-05-11 17:24: Train Epoch 61: 80/83 Loss: 0.005046
2026-05-11 17:24: **********Train Epoch 61: averaged Loss: 0.005223
2026-05-11 17:24: **********Val Epoch 61: average Loss: 0.028574
2026-05-11 17:24: Train Epoch 62: 0/83 Loss: 0.005468
2026-05-11 17:24: Train Epoch 62: 20/83 Loss: 0.003190
2026-05-11 17:24: Train Epoch 62: 40/83 Loss: 0.008028
2026-05-11 17:24: Train Epoch 62: 60/83 Loss: 0.004147
2026-05-11 17:24: Train Epoch 62: 80/83 Loss: 0.002739
2026-05-11 17:24: **********Train Epoch 62: averaged Loss: 0.004833
2026-05-11 17:24: **********Val Epoch 62: average Loss: 0.028644
2026-05-11 17:24: Train Epoch 63: 0/83 Loss: 0.006517
2026-05-11 17:24: Train Epoch 63: 20/83 Loss: 0.003212
2026-05-11 17:24: Train Epoch 63: 40/83 Loss: 0.008346
2026-05-11 17:24: Train Epoch 63: 60/83 Loss: 0.002773
2026-05-11 17:24: Train Epoch 63: 80/83 Loss: 0.001970
2026-05-11 17:24: **********Train Epoch 63: averaged Loss: 0.004475
2026-05-11 17:24: **********Val Epoch 63: average Loss: 0.027340
2026-05-11 17:24: Train Epoch 64: 0/83 Loss: 0.005417
2026-05-11 17:24: Train Epoch 64: 20/83 Loss: 0.002861
2026-05-11 17:24: Train Epoch 64: 40/83 Loss: 0.007975
2026-05-11 17:24: Train Epoch 64: 60/83 Loss: 0.004659
2026-05-11 17:24: Train Epoch 64: 80/83 Loss: 0.002003
2026-05-11 17:24: **********Train Epoch 64: averaged Loss: 0.003963
2026-05-11 17:24: **********Val Epoch 64: average Loss: 0.025185
2026-05-11 17:24: Train Epoch 65: 0/83 Loss: 0.004951
2026-05-11 17:24: Train Epoch 65: 20/83 Loss: 0.003050
2026-05-11 17:24: Train Epoch 65: 40/83 Loss: 0.009562
2026-05-11 17:24: Train Epoch 65: 60/83 Loss: 0.003384
2026-05-11 17:24: Train Epoch 65: 80/83 Loss: 0.001473
2026-05-11 17:24: **********Train Epoch 65: averaged Loss: 0.003970
2026-05-11 17:24: **********Val Epoch 65: average Loss: 0.022053
2026-05-11 17:24: Train Epoch 66: 0/83 Loss: 0.004083
2026-05-11 17:24: Train Epoch 66: 20/83 Loss: 0.002623
2026-05-11 17:24: Train Epoch 66: 40/83 Loss: 0.007905
2026-05-11 17:24: Train Epoch 66: 60/83 Loss: 0.003591
2026-05-11 17:24: Train Epoch 66: 80/83 Loss: 0.003094
2026-05-11 17:24: **********Train Epoch 66: averaged Loss: 0.003754
2026-05-11 17:24: **********Val Epoch 66: average Loss: 0.022057
2026-05-11 17:24: Train Epoch 67: 0/83 Loss: 0.005348
2026-05-11 17:24: Train Epoch 67: 20/83 Loss: 0.002775
2026-05-11 17:24: Train Epoch 67: 40/83 Loss: 0.006526
2026-05-11 17:24: Train Epoch 67: 60/83 Loss: 0.002665
2026-05-11 17:24: Train Epoch 67: 80/83 Loss: 0.003906
2026-05-11 17:24: **********Train Epoch 67: averaged Loss: 0.003746
2026-05-11 17:24: **********Val Epoch 67: average Loss: 0.024646
2026-05-11 17:24: Train Epoch 68: 0/83 Loss: 0.005240
2026-05-11 17:24: Train Epoch 68: 20/83 Loss: 0.002255
2026-05-11 17:24: Train Epoch 68: 40/83 Loss: 0.009935
2026-05-11 17:24: Train Epoch 68: 60/83 Loss: 0.002215
2026-05-11 17:24: Train Epoch 68: 80/83 Loss: 0.002557
2026-05-11 17:24: **********Train Epoch 68: averaged Loss: 0.003726
2026-05-11 17:24: **********Val Epoch 68: average Loss: 0.025139
2026-05-11 17:24: Train Epoch 69: 0/83 Loss: 0.004478
2026-05-11 17:24: Train Epoch 69: 20/83 Loss: 0.002318
2026-05-11 17:24: Train Epoch 69: 40/83 Loss: 0.008661
2026-05-11 17:24: Train Epoch 69: 60/83 Loss: 0.005102
2026-05-11 17:24: Train Epoch 69: 80/83 Loss: 0.003691
2026-05-11 17:24: **********Train Epoch 69: averaged Loss: 0.003646
2026-05-11 17:24: **********Val Epoch 69: average Loss: 0.023683
2026-05-11 17:24: Train Epoch 70: 0/83 Loss: 0.005609
2026-05-11 17:24: Train Epoch 70: 20/83 Loss: 0.002223
2026-05-11 17:25: Train Epoch 70: 40/83 Loss: 0.006728
2026-05-11 17:25: Train Epoch 70: 60/83 Loss: 0.003048
2026-05-11 17:25: Train Epoch 70: 80/83 Loss: 0.001906
2026-05-11 17:25: **********Train Epoch 70: averaged Loss: 0.003302
2026-05-11 17:25: **********Val Epoch 70: average Loss: 0.025708
2026-05-11 17:25: Train Epoch 71: 0/83 Loss: 0.004410
2026-05-11 17:25: Train Epoch 71: 20/83 Loss: 0.001908
2026-05-11 17:25: Train Epoch 71: 40/83 Loss: 0.004807
2026-05-11 17:25: Train Epoch 71: 60/83 Loss: 0.002989
2026-05-11 17:25: Train Epoch 71: 80/83 Loss: 0.002930
2026-05-11 17:25: **********Train Epoch 71: averaged Loss: 0.003116
2026-05-11 17:25: **********Val Epoch 71: average Loss: 0.026035
2026-05-11 17:25: Train Epoch 72: 0/83 Loss: 0.004704
2026-05-11 17:25: Train Epoch 72: 20/83 Loss: 0.002372
2026-05-11 17:25: Train Epoch 72: 40/83 Loss: 0.003837
2026-05-11 17:25: Train Epoch 72: 60/83 Loss: 0.002134
2026-05-11 17:25: Train Epoch 72: 80/83 Loss: 0.002479
2026-05-11 17:25: **********Train Epoch 72: averaged Loss: 0.003212
2026-05-11 17:25: **********Val Epoch 72: average Loss: 0.023676
2026-05-11 17:25: Train Epoch 73: 0/83 Loss: 0.003819
2026-05-11 17:25: Train Epoch 73: 20/83 Loss: 0.001833
2026-05-11 17:25: Train Epoch 73: 40/83 Loss: 0.003350
2026-05-11 17:25: Train Epoch 73: 60/83 Loss: 0.001967
2026-05-11 17:25: Train Epoch 73: 80/83 Loss: 0.002827
2026-05-11 17:25: **********Train Epoch 73: averaged Loss: 0.003363
2026-05-11 17:25: **********Val Epoch 73: average Loss: 0.022152
2026-05-11 17:25: Train Epoch 74: 0/83 Loss: 0.004924
2026-05-11 17:25: Train Epoch 74: 20/83 Loss: 0.002620
2026-05-11 17:25: Train Epoch 74: 40/83 Loss: 0.004553
2026-05-11 17:25: Train Epoch 74: 60/83 Loss: 0.003763
2026-05-11 17:25: Train Epoch 74: 80/83 Loss: 0.004507
2026-05-11 17:25: **********Train Epoch 74: averaged Loss: 0.003831
2026-05-11 17:25: **********Val Epoch 74: average Loss: 0.022143
2026-05-11 17:25: Train Epoch 75: 0/83 Loss: 0.004721
2026-05-11 17:25: Train Epoch 75: 20/83 Loss: 0.003071
2026-05-11 17:25: Train Epoch 75: 40/83 Loss: 0.003042
2026-05-11 17:25: Train Epoch 75: 60/83 Loss: 0.003515
2026-05-11 17:25: Train Epoch 75: 80/83 Loss: 0.003760
2026-05-11 17:25: **********Train Epoch 75: averaged Loss: 0.003744
2026-05-11 17:25: **********Val Epoch 75: average Loss: 0.022039
2026-05-11 17:25: Train Epoch 76: 0/83 Loss: 0.003806
2026-05-11 17:25: Train Epoch 76: 20/83 Loss: 0.002985
2026-05-11 17:25: Train Epoch 76: 40/83 Loss: 0.003722
2026-05-11 17:25: Train Epoch 76: 60/83 Loss: 0.002531
2026-05-11 17:25: Train Epoch 76: 80/83 Loss: 0.004758
2026-05-11 17:25: **********Train Epoch 76: averaged Loss: 0.003407
2026-05-11 17:25: **********Val Epoch 76: average Loss: 0.020155
2026-05-11 17:25: Train Epoch 77: 0/83 Loss: 0.005418
2026-05-11 17:25: Train Epoch 77: 20/83 Loss: 0.002397
2026-05-11 17:25: Train Epoch 77: 40/83 Loss: 0.002911
2026-05-11 17:25: Train Epoch 77: 60/83 Loss: 0.002378
2026-05-11 17:25: Train Epoch 77: 80/83 Loss: 0.004016
2026-05-11 17:25: **********Train Epoch 77: averaged Loss: 0.002997
2026-05-11 17:25: **********Val Epoch 77: average Loss: 0.018276
2026-05-11 17:25: Train Epoch 78: 0/83 Loss: 0.005039
2026-05-11 17:25: Train Epoch 78: 20/83 Loss: 0.002090
2026-05-11 17:25: Train Epoch 78: 40/83 Loss: 0.003310
2026-05-11 17:25: Train Epoch 78: 60/83 Loss: 0.002468
2026-05-11 17:25: Train Epoch 78: 80/83 Loss: 0.003640
2026-05-11 17:25: **********Train Epoch 78: averaged Loss: 0.002825
2026-05-11 17:25: **********Val Epoch 78: average Loss: 0.019802
2026-05-11 17:25: Train Epoch 79: 0/83 Loss: 0.006203
2026-05-11 17:25: Train Epoch 79: 20/83 Loss: 0.002116
2026-05-11 17:25: Train Epoch 79: 40/83 Loss: 0.002991
2026-05-11 17:25: Train Epoch 79: 60/83 Loss: 0.001783
2026-05-11 17:25: Train Epoch 79: 80/83 Loss: 0.002742
2026-05-11 17:25: **********Train Epoch 79: averaged Loss: 0.002577
2026-05-11 17:25: **********Val Epoch 79: average Loss: 0.020407
2026-05-11 17:25: Train Epoch 80: 0/83 Loss: 0.006192
2026-05-11 17:25: Train Epoch 80: 20/83 Loss: 0.001398
2026-05-11 17:25: Train Epoch 80: 40/83 Loss: 0.004050
2026-05-11 17:25: Train Epoch 80: 60/83 Loss: 0.001404
2026-05-11 17:25: Train Epoch 80: 80/83 Loss: 0.002172
2026-05-11 17:25: **********Train Epoch 80: averaged Loss: 0.002626
2026-05-11 17:25: **********Val Epoch 80: average Loss: 0.020575
2026-05-11 17:25: Train Epoch 81: 0/83 Loss: 0.004785
2026-05-11 17:25: Train Epoch 81: 20/83 Loss: 0.001798
2026-05-11 17:25: Train Epoch 81: 40/83 Loss: 0.004046
2026-05-11 17:25: Train Epoch 81: 60/83 Loss: 0.001065
2026-05-11 17:25: Train Epoch 81: 80/83 Loss: 0.002140
2026-05-11 17:25: **********Train Epoch 81: averaged Loss: 0.002558
2026-05-11 17:25: **********Val Epoch 81: average Loss: 0.019484
2026-05-11 17:25: Train Epoch 82: 0/83 Loss: 0.004397
2026-05-11 17:25: Train Epoch 82: 20/83 Loss: 0.002279
2026-05-11 17:25: Train Epoch 82: 40/83 Loss: 0.004270
2026-05-11 17:25: Train Epoch 82: 60/83 Loss: 0.001531
2026-05-11 17:25: Train Epoch 82: 80/83 Loss: 0.002884
2026-05-11 17:25: **********Train Epoch 82: averaged Loss: 0.002518
2026-05-11 17:25: **********Val Epoch 82: average Loss: 0.020705
2026-05-11 17:25: Train Epoch 83: 0/83 Loss: 0.003202
2026-05-11 17:25: Train Epoch 83: 20/83 Loss: 0.002325
2026-05-11 17:25: Train Epoch 83: 40/83 Loss: 0.003347
2026-05-11 17:25: Train Epoch 83: 60/83 Loss: 0.001815
2026-05-11 17:25: Train Epoch 83: 80/83 Loss: 0.002163
2026-05-11 17:25: **********Train Epoch 83: averaged Loss: 0.002566
2026-05-11 17:25: **********Val Epoch 83: average Loss: 0.020469
2026-05-11 17:25: Train Epoch 84: 0/83 Loss: 0.002973
2026-05-11 17:25: Train Epoch 84: 20/83 Loss: 0.002374
2026-05-11 17:25: Train Epoch 84: 40/83 Loss: 0.002945
2026-05-11 17:25: Train Epoch 84: 60/83 Loss: 0.002256
2026-05-11 17:25: Train Epoch 84: 80/83 Loss: 0.003476
2026-05-11 17:25: **********Train Epoch 84: averaged Loss: 0.002515
2026-05-11 17:25: **********Val Epoch 84: average Loss: 0.020592
2026-05-11 17:25: Train Epoch 85: 0/83 Loss: 0.002707
2026-05-11 17:25: Train Epoch 85: 20/83 Loss: 0.001961
2026-05-11 17:25: Train Epoch 85: 40/83 Loss: 0.002772
2026-05-11 17:25: Train Epoch 85: 60/83 Loss: 0.001473
2026-05-11 17:25: Train Epoch 85: 80/83 Loss: 0.002232
2026-05-11 17:25: **********Train Epoch 85: averaged Loss: 0.002467
2026-05-11 17:25: **********Val Epoch 85: average Loss: 0.022783
2026-05-11 17:25: Train Epoch 86: 0/83 Loss: 0.003272
2026-05-11 17:26: Train Epoch 86: 20/83 Loss: 0.002039
2026-05-11 17:26: Train Epoch 86: 40/83 Loss: 0.002772
2026-05-11 17:26: Train Epoch 86: 60/83 Loss: 0.001423
2026-05-11 17:26: Train Epoch 86: 80/83 Loss: 0.002177
2026-05-11 17:26: **********Train Epoch 86: averaged Loss: 0.002520
2026-05-11 17:26: **********Val Epoch 86: average Loss: 0.025181
2026-05-11 17:26: Train Epoch 87: 0/83 Loss: 0.003026
2026-05-11 17:26: Train Epoch 87: 20/83 Loss: 0.002934
2026-05-11 17:26: Train Epoch 87: 40/83 Loss: 0.002606
2026-05-11 17:26: Train Epoch 87: 60/83 Loss: 0.001621
2026-05-11 17:26: Train Epoch 87: 80/83 Loss: 0.002153
2026-05-11 17:26: **********Train Epoch 87: averaged Loss: 0.002792
2026-05-11 17:26: **********Val Epoch 87: average Loss: 0.022315
2026-05-11 17:26: Train Epoch 88: 0/83 Loss: 0.002809
2026-05-11 17:26: Train Epoch 88: 20/83 Loss: 0.003247
2026-05-11 17:26: Train Epoch 88: 40/83 Loss: 0.002445
2026-05-11 17:26: Train Epoch 88: 60/83 Loss: 0.002324
2026-05-11 17:26: Train Epoch 88: 80/83 Loss: 0.002287
2026-05-11 17:26: **********Train Epoch 88: averaged Loss: 0.002828
2026-05-11 17:26: **********Val Epoch 88: average Loss: 0.023008
2026-05-11 17:26: Train Epoch 89: 0/83 Loss: 0.003093
2026-05-11 17:26: Train Epoch 89: 20/83 Loss: 0.002471
2026-05-11 17:26: Train Epoch 89: 40/83 Loss: 0.002218
2026-05-11 17:26: Train Epoch 89: 60/83 Loss: 0.003031
2026-05-11 17:26: Train Epoch 89: 80/83 Loss: 0.002614
2026-05-11 17:26: **********Train Epoch 89: averaged Loss: 0.002593
2026-05-11 17:26: **********Val Epoch 89: average Loss: 0.027447
2026-05-11 17:26: Train Epoch 90: 0/83 Loss: 0.003411
2026-05-11 17:26: Train Epoch 90: 20/83 Loss: 0.003300
2026-05-11 17:26: Train Epoch 90: 40/83 Loss: 0.001802
2026-05-11 17:26: Train Epoch 90: 60/83 Loss: 0.001594
2026-05-11 17:26: Train Epoch 90: 80/83 Loss: 0.002434
2026-05-11 17:26: **********Train Epoch 90: averaged Loss: 0.002361
2026-05-11 17:26: **********Val Epoch 90: average Loss: 0.026281
2026-05-11 17:26: Train Epoch 91: 0/83 Loss: 0.003065
2026-05-11 17:26: Train Epoch 91: 20/83 Loss: 0.001829
2026-05-11 17:26: Train Epoch 91: 40/83 Loss: 0.002312
2026-05-11 17:26: Train Epoch 91: 60/83 Loss: 0.001784
2026-05-11 17:26: Train Epoch 91: 80/83 Loss: 0.002259
2026-05-11 17:26: **********Train Epoch 91: averaged Loss: 0.002256
2026-05-11 17:26: **********Val Epoch 91: average Loss: 0.024274
2026-05-11 17:26: Train Epoch 92: 0/83 Loss: 0.003406
2026-05-11 17:26: Train Epoch 92: 20/83 Loss: 0.001822
2026-05-11 17:26: Train Epoch 92: 40/83 Loss: 0.002352
2026-05-11 17:26: Train Epoch 92: 60/83 Loss: 0.001414
2026-05-11 17:26: Train Epoch 92: 80/83 Loss: 0.001617
2026-05-11 17:26: **********Train Epoch 92: averaged Loss: 0.002253
2026-05-11 17:26: **********Val Epoch 92: average Loss: 0.026161
2026-05-11 17:26: Train Epoch 93: 0/83 Loss: 0.003356
2026-05-11 17:26: Train Epoch 93: 20/83 Loss: 0.001740
2026-05-11 17:26: Train Epoch 93: 40/83 Loss: 0.002070
2026-05-11 17:26: Train Epoch 93: 60/83 Loss: 0.001510
2026-05-11 17:26: Train Epoch 93: 80/83 Loss: 0.002481
2026-05-11 17:26: **********Train Epoch 93: averaged Loss: 0.002165
2026-05-11 17:26: **********Val Epoch 93: average Loss: 0.025281
2026-05-11 17:26: Train Epoch 94: 0/83 Loss: 0.001934
2026-05-11 17:26: Train Epoch 94: 20/83 Loss: 0.002041
2026-05-11 17:26: Train Epoch 94: 40/83 Loss: 0.001664
2026-05-11 17:26: Train Epoch 94: 60/83 Loss: 0.002120
2026-05-11 17:26: Train Epoch 94: 80/83 Loss: 0.000822
2026-05-11 17:26: **********Train Epoch 94: averaged Loss: 0.001956
2026-05-11 17:26: **********Val Epoch 94: average Loss: 0.024625
2026-05-11 17:26: Train Epoch 95: 0/83 Loss: 0.004000
2026-05-11 17:26: Train Epoch 95: 20/83 Loss: 0.002079
2026-05-11 17:26: Train Epoch 95: 40/83 Loss: 0.002049
2026-05-11 17:26: Train Epoch 95: 60/83 Loss: 0.001330
2026-05-11 17:26: Train Epoch 95: 80/83 Loss: 0.001795
2026-05-11 17:26: **********Train Epoch 95: averaged Loss: 0.002028
2026-05-11 17:26: **********Val Epoch 95: average Loss: 0.024033
2026-05-11 17:26: Train Epoch 96: 0/83 Loss: 0.001702
2026-05-11 17:26: Train Epoch 96: 20/83 Loss: 0.001637
2026-05-11 17:26: Train Epoch 96: 40/83 Loss: 0.001636
2026-05-11 17:26: Train Epoch 96: 60/83 Loss: 0.001509
2026-05-11 17:26: Train Epoch 96: 80/83 Loss: 0.002360
2026-05-11 17:26: **********Train Epoch 96: averaged Loss: 0.001924
2026-05-11 17:26: **********Val Epoch 96: average Loss: 0.024144
2026-05-11 17:26: Train Epoch 97: 0/83 Loss: 0.003595
2026-05-11 17:26: Train Epoch 97: 20/83 Loss: 0.001631
2026-05-11 17:26: Train Epoch 97: 40/83 Loss: 0.001673
2026-05-11 17:26: Train Epoch 97: 60/83 Loss: 0.002060
2026-05-11 17:26: Train Epoch 97: 80/83 Loss: 0.003636
2026-05-11 17:26: **********Train Epoch 97: averaged Loss: 0.002050
2026-05-11 17:26: **********Val Epoch 97: average Loss: 0.023053
2026-05-11 17:26: Train Epoch 98: 0/83 Loss: 0.003108
2026-05-11 17:26: Train Epoch 98: 20/83 Loss: 0.002043
2026-05-11 17:26: Train Epoch 98: 40/83 Loss: 0.001383
2026-05-11 17:26: Train Epoch 98: 60/83 Loss: 0.001273
2026-05-11 17:26: Train Epoch 98: 80/83 Loss: 0.003297
2026-05-11 17:26: **********Train Epoch 98: averaged Loss: 0.002027
2026-05-11 17:26: **********Val Epoch 98: average Loss: 0.024415
2026-05-11 17:26: Train Epoch 99: 0/83 Loss: 0.002536
2026-05-11 17:26: Train Epoch 99: 20/83 Loss: 0.001958
2026-05-11 17:26: Train Epoch 99: 40/83 Loss: 0.002265
2026-05-11 17:26: Train Epoch 99: 60/83 Loss: 0.001303
2026-05-11 17:26: Train Epoch 99: 80/83 Loss: 0.001732
2026-05-11 17:26: **********Train Epoch 99: averaged Loss: 0.002072
2026-05-11 17:26: **********Val Epoch 99: average Loss: 0.026751
2026-05-11 17:26: Train Epoch 100: 0/83 Loss: 0.004387
2026-05-11 17:26: Train Epoch 100: 20/83 Loss: 0.002873
2026-05-11 17:26: Train Epoch 100: 40/83 Loss: 0.002610
2026-05-11 17:26: Train Epoch 100: 60/83 Loss: 0.001950
2026-05-11 17:26: Train Epoch 100: 80/83 Loss: 0.001677
2026-05-11 17:26: **********Train Epoch 100: averaged Loss: 0.002574
2026-05-11 17:26: **********Val Epoch 100: average Loss: 0.024394
2026-05-11 17:26: Train Epoch 101: 0/83 Loss: 0.002688
2026-05-11 17:26: Train Epoch 101: 20/83 Loss: 0.001880
2026-05-11 17:27: Train Epoch 101: 40/83 Loss: 0.003760
2026-05-11 17:27: Train Epoch 101: 60/83 Loss: 0.002344
2026-05-11 17:27: Train Epoch 101: 80/83 Loss: 0.001340
2026-05-11 17:27: **********Train Epoch 101: averaged Loss: 0.002277
2026-05-11 17:27: **********Val Epoch 101: average Loss: 0.023449
2026-05-11 17:27: Train Epoch 102: 0/83 Loss: 0.001501
2026-05-11 17:27: Train Epoch 102: 20/83 Loss: 0.002193
2026-05-11 17:27: Train Epoch 102: 40/83 Loss: 0.003701
2026-05-11 17:27: Train Epoch 102: 60/83 Loss: 0.001416
2026-05-11 17:27: Train Epoch 102: 80/83 Loss: 0.001766
2026-05-11 17:27: **********Train Epoch 102: averaged Loss: 0.002019
2026-05-11 17:27: **********Val Epoch 102: average Loss: 0.023313
2026-05-11 17:27: Train Epoch 103: 0/83 Loss: 0.001726
2026-05-11 17:27: Train Epoch 103: 20/83 Loss: 0.001164
2026-05-11 17:27: Train Epoch 103: 40/83 Loss: 0.002314
2026-05-11 17:27: Train Epoch 103: 60/83 Loss: 0.001525
2026-05-11 17:27: Train Epoch 103: 80/83 Loss: 0.001339
2026-05-11 17:27: **********Train Epoch 103: averaged Loss: 0.001882
2026-05-11 17:27: **********Val Epoch 103: average Loss: 0.022695
2026-05-11 17:27: Train Epoch 104: 0/83 Loss: 0.001571
2026-05-11 17:27: Train Epoch 104: 20/83 Loss: 0.001658
2026-05-11 17:27: Train Epoch 104: 40/83 Loss: 0.002674
2026-05-11 17:27: Train Epoch 104: 60/83 Loss: 0.001220
2026-05-11 17:27: Train Epoch 104: 80/83 Loss: 0.001051
2026-05-11 17:27: **********Train Epoch 104: averaged Loss: 0.001786
2026-05-11 17:27: **********Val Epoch 104: average Loss: 0.024644
2026-05-11 17:27: Train Epoch 105: 0/83 Loss: 0.002331
2026-05-11 17:27: Train Epoch 105: 20/83 Loss: 0.001285
2026-05-11 17:27: Train Epoch 105: 40/83 Loss: 0.001683
2026-05-11 17:27: Train Epoch 105: 60/83 Loss: 0.001442
2026-05-11 17:27: Train Epoch 105: 80/83 Loss: 0.001395
2026-05-11 17:27: **********Train Epoch 105: averaged Loss: 0.001638
2026-05-11 17:27: **********Val Epoch 105: average Loss: 0.027791
2026-05-11 17:27: Train Epoch 106: 0/83 Loss: 0.001465
2026-05-11 17:27: Train Epoch 106: 20/83 Loss: 0.001590
2026-05-11 17:27: Train Epoch 106: 40/83 Loss: 0.001424
2026-05-11 17:27: Train Epoch 106: 60/83 Loss: 0.000834
2026-05-11 17:27: Train Epoch 106: 80/83 Loss: 0.000469
2026-05-11 17:27: **********Train Epoch 106: averaged Loss: 0.001512
2026-05-11 17:27: **********Val Epoch 106: average Loss: 0.026371
2026-05-11 17:27: Train Epoch 107: 0/83 Loss: 0.002587
2026-05-11 17:27: Train Epoch 107: 20/83 Loss: 0.001229
2026-05-11 17:27: Train Epoch 107: 40/83 Loss: 0.001037
2026-05-11 17:27: Train Epoch 107: 60/83 Loss: 0.000948
2026-05-11 17:27: Train Epoch 107: 80/83 Loss: 0.000750
2026-05-11 17:27: **********Train Epoch 107: averaged Loss: 0.001541
2026-05-11 17:27: **********Val Epoch 107: average Loss: 0.025069
2026-05-11 17:27: Train Epoch 108: 0/83 Loss: 0.002393
2026-05-11 17:27: Train Epoch 108: 20/83 Loss: 0.001638
2026-05-11 17:27: Train Epoch 108: 40/83 Loss: 0.000931
2026-05-11 17:27: Train Epoch 108: 60/83 Loss: 0.001058
2026-05-11 17:27: Train Epoch 108: 80/83 Loss: 0.001679
2026-05-11 17:27: **********Train Epoch 108: averaged Loss: 0.001498
2026-05-11 17:27: **********Val Epoch 108: average Loss: 0.023700
2026-05-11 17:27: Train Epoch 109: 0/83 Loss: 0.002541
2026-05-11 17:27: Train Epoch 109: 20/83 Loss: 0.000930
2026-05-11 17:27: Train Epoch 109: 40/83 Loss: 0.000921
2026-05-11 17:27: Train Epoch 109: 60/83 Loss: 0.001545
2026-05-11 17:27: Train Epoch 109: 80/83 Loss: 0.001118
2026-05-11 17:27: **********Train Epoch 109: averaged Loss: 0.001421
2026-05-11 17:27: **********Val Epoch 109: average Loss: 0.024476
2026-05-11 17:27: Train Epoch 110: 0/83 Loss: 0.002556
2026-05-11 17:27: Train Epoch 110: 20/83 Loss: 0.000935
2026-05-11 17:27: Train Epoch 110: 40/83 Loss: 0.001126
2026-05-11 17:27: Train Epoch 110: 60/83 Loss: 0.001286
2026-05-11 17:27: Train Epoch 110: 80/83 Loss: 0.001184
2026-05-11 17:27: **********Train Epoch 110: averaged Loss: 0.001324
2026-05-11 17:27: **********Val Epoch 110: average Loss: 0.025385
2026-05-11 17:27: Train Epoch 111: 0/83 Loss: 0.003055
2026-05-11 17:27: Train Epoch 111: 20/83 Loss: 0.000990
2026-05-11 17:27: Train Epoch 111: 40/83 Loss: 0.001255
2026-05-11 17:27: Train Epoch 111: 60/83 Loss: 0.000867
2026-05-11 17:27: Train Epoch 111: 80/83 Loss: 0.001462
2026-05-11 17:27: **********Train Epoch 111: averaged Loss: 0.001420
2026-05-11 17:27: **********Val Epoch 111: average Loss: 0.024244
2026-05-11 17:27: Train Epoch 112: 0/83 Loss: 0.002259
2026-05-11 17:27: Train Epoch 112: 20/83 Loss: 0.001414
2026-05-11 17:27: Train Epoch 112: 40/83 Loss: 0.001311
2026-05-11 17:27: Train Epoch 112: 60/83 Loss: 0.000585
2026-05-11 17:27: Train Epoch 112: 80/83 Loss: 0.002023
2026-05-11 17:27: **********Train Epoch 112: averaged Loss: 0.001444
2026-05-11 17:27: **********Val Epoch 112: average Loss: 0.024351
2026-05-11 17:27: Train Epoch 113: 0/83 Loss: 0.002237
2026-05-11 17:27: Train Epoch 113: 20/83 Loss: 0.002257
2026-05-11 17:27: Train Epoch 113: 40/83 Loss: 0.001906
2026-05-11 17:27: Train Epoch 113: 60/83 Loss: 0.001209
2026-05-11 17:27: Train Epoch 113: 80/83 Loss: 0.002318
2026-05-11 17:27: **********Train Epoch 113: averaged Loss: 0.001768
2026-05-11 17:27: **********Val Epoch 113: average Loss: 0.026771
2026-05-11 17:27: Train Epoch 114: 0/83 Loss: 0.002161
2026-05-11 17:27: Train Epoch 114: 20/83 Loss: 0.002420
2026-05-11 17:27: Train Epoch 114: 40/83 Loss: 0.002178
2026-05-11 17:27: Train Epoch 114: 60/83 Loss: 0.001159
2026-05-11 17:27: Train Epoch 114: 80/83 Loss: 0.002108
2026-05-11 17:27: **********Train Epoch 114: averaged Loss: 0.001834
2026-05-11 17:27: **********Val Epoch 114: average Loss: 0.025025
2026-05-11 17:27: Train Epoch 115: 0/83 Loss: 0.001266
2026-05-11 17:27: Train Epoch 115: 20/83 Loss: 0.001924
2026-05-11 17:27: Train Epoch 115: 40/83 Loss: 0.001915
2026-05-11 17:27: Train Epoch 115: 60/83 Loss: 0.001058
2026-05-11 17:27: Train Epoch 115: 80/83 Loss: 0.001432
2026-05-11 17:27: **********Train Epoch 115: averaged Loss: 0.001723
2026-05-11 17:27: **********Val Epoch 115: average Loss: 0.023764
2026-05-11 17:27: Train Epoch 116: 0/83 Loss: 0.001228
2026-05-11 17:27: Train Epoch 116: 20/83 Loss: 0.001115
2026-05-11 17:27: Train Epoch 116: 40/83 Loss: 0.001672
2026-05-11 17:27: Train Epoch 116: 60/83 Loss: 0.000923
2026-05-11 17:28: Train Epoch 116: 80/83 Loss: 0.001732
2026-05-11 17:28: **********Train Epoch 116: averaged Loss: 0.001866
2026-05-11 17:28: **********Val Epoch 116: average Loss: 0.025333
2026-05-11 17:28: Train Epoch 117: 0/83 Loss: 0.002314
2026-05-11 17:28: Train Epoch 117: 20/83 Loss: 0.001313
2026-05-11 17:28: Train Epoch 117: 40/83 Loss: 0.000987
2026-05-11 17:28: Train Epoch 117: 60/83 Loss: 0.001037
2026-05-11 17:28: Train Epoch 117: 80/83 Loss: 0.003147
2026-05-11 17:28: **********Train Epoch 117: averaged Loss: 0.001707
2026-05-11 17:28: **********Val Epoch 117: average Loss: 0.024492
2026-05-11 17:28: Train Epoch 118: 0/83 Loss: 0.001997
2026-05-11 17:28: Train Epoch 118: 20/83 Loss: 0.001096
2026-05-11 17:28: Train Epoch 118: 40/83 Loss: 0.001293
2026-05-11 17:28: Train Epoch 118: 60/83 Loss: 0.000614
2026-05-11 17:28: Train Epoch 118: 80/83 Loss: 0.002380
2026-05-11 17:28: **********Train Epoch 118: averaged Loss: 0.001572
2026-05-11 17:28: **********Val Epoch 118: average Loss: 0.024644
2026-05-11 17:28: Train Epoch 119: 0/83 Loss: 0.002024
2026-05-11 17:28: Train Epoch 119: 20/83 Loss: 0.001121
2026-05-11 17:28: Train Epoch 119: 40/83 Loss: 0.000693
2026-05-11 17:28: Train Epoch 119: 60/83 Loss: 0.000801
2026-05-11 17:28: Train Epoch 119: 80/83 Loss: 0.001803
2026-05-11 17:28: **********Train Epoch 119: averaged Loss: 0.001467
2026-05-11 17:28: **********Val Epoch 119: average Loss: 0.025185
2026-05-11 17:28: Train Epoch 120: 0/83 Loss: 0.001834
2026-05-11 17:28: Train Epoch 120: 20/83 Loss: 0.001585
2026-05-11 17:28: Train Epoch 120: 40/83 Loss: 0.000653
2026-05-11 17:28: Train Epoch 120: 60/83 Loss: 0.000868
2026-05-11 17:28: Train Epoch 120: 80/83 Loss: 0.001486
2026-05-11 17:28: **********Train Epoch 120: averaged Loss: 0.001442
2026-05-11 17:28: **********Val Epoch 120: average Loss: 0.025346
2026-05-11 17:28: Train Epoch 121: 0/83 Loss: 0.001200
2026-05-11 17:28: Train Epoch 121: 20/83 Loss: 0.001029
2026-05-11 17:28: Train Epoch 121: 40/83 Loss: 0.001307
2026-05-11 17:28: Train Epoch 121: 60/83 Loss: 0.000823
2026-05-11 17:28: Train Epoch 121: 80/83 Loss: 0.001101
2026-05-11 17:28: **********Train Epoch 121: averaged Loss: 0.001332
2026-05-11 17:28: **********Val Epoch 121: average Loss: 0.026166
2026-05-11 17:28: Train Epoch 122: 0/83 Loss: 0.000934
2026-05-11 17:28: Train Epoch 122: 20/83 Loss: 0.001147
2026-05-11 17:28: Train Epoch 122: 40/83 Loss: 0.001012
2026-05-11 17:28: Train Epoch 122: 60/83 Loss: 0.000790
2026-05-11 17:28: Train Epoch 122: 80/83 Loss: 0.000825
2026-05-11 17:28: **********Train Epoch 122: averaged Loss: 0.001250
2026-05-11 17:28: **********Val Epoch 122: average Loss: 0.028447
2026-05-11 17:28: Train Epoch 123: 0/83 Loss: 0.001225
2026-05-11 17:28: Train Epoch 123: 20/83 Loss: 0.001239
2026-05-11 17:28: Train Epoch 123: 40/83 Loss: 0.000900
2026-05-11 17:28: Train Epoch 123: 60/83 Loss: 0.001027
2026-05-11 17:28: Train Epoch 123: 80/83 Loss: 0.001483
2026-05-11 17:28: **********Train Epoch 123: averaged Loss: 0.001354
2026-05-11 17:28: **********Val Epoch 123: average Loss: 0.027788
2026-05-11 17:28: Train Epoch 124: 0/83 Loss: 0.002490
2026-05-11 17:28: Train Epoch 124: 20/83 Loss: 0.001093
2026-05-11 17:28: Train Epoch 124: 40/83 Loss: 0.000959
2026-05-11 17:28: Train Epoch 124: 60/83 Loss: 0.000789
2026-05-11 17:28: Train Epoch 124: 80/83 Loss: 0.000787
2026-05-11 17:28: **********Train Epoch 124: averaged Loss: 0.001215
2026-05-11 17:28: **********Val Epoch 124: average Loss: 0.028941
2026-05-11 17:28: Train Epoch 125: 0/83 Loss: 0.001875
2026-05-11 17:28: Train Epoch 125: 20/83 Loss: 0.001176
2026-05-11 17:28: Train Epoch 125: 40/83 Loss: 0.000997
2026-05-11 17:28: Train Epoch 125: 60/83 Loss: 0.001018
2026-05-11 17:28: Train Epoch 125: 80/83 Loss: 0.000592
2026-05-11 17:28: **********Train Epoch 125: averaged Loss: 0.001264
2026-05-11 17:28: **********Val Epoch 125: average Loss: 0.028290
2026-05-11 17:28: Train Epoch 126: 0/83 Loss: 0.001321
2026-05-11 17:28: Train Epoch 126: 20/83 Loss: 0.000806
2026-05-11 17:28: Train Epoch 126: 40/83 Loss: 0.000949
2026-05-11 17:28: Train Epoch 126: 60/83 Loss: 0.000733
2026-05-11 17:28: Train Epoch 126: 80/83 Loss: 0.001444
2026-05-11 17:28: **********Train Epoch 126: averaged Loss: 0.001302
2026-05-11 17:28: **********Val Epoch 126: average Loss: 0.030557
2026-05-11 17:28: Train Epoch 127: 0/83 Loss: 0.001496
2026-05-11 17:28: Train Epoch 127: 20/83 Loss: 0.000805
2026-05-11 17:28: Train Epoch 127: 40/83 Loss: 0.001272
2026-05-11 17:28: Train Epoch 127: 60/83 Loss: 0.000889
2026-05-11 17:28: Train Epoch 127: 80/83 Loss: 0.000984
2026-05-11 17:28: **********Train Epoch 127: averaged Loss: 0.001312
2026-05-11 17:28: **********Val Epoch 127: average Loss: 0.028483
2026-05-11 17:28: Train Epoch 128: 0/83 Loss: 0.001043
2026-05-11 17:28: Train Epoch 128: 20/83 Loss: 0.001081
2026-05-11 17:28: Train Epoch 128: 40/83 Loss: 0.001312
2026-05-11 17:28: Train Epoch 128: 60/83 Loss: 0.000818
2026-05-11 17:28: Train Epoch 128: 80/83 Loss: 0.000898
2026-05-11 17:28: **********Train Epoch 128: averaged Loss: 0.001391
2026-05-11 17:28: **********Val Epoch 128: average Loss: 0.029931
2026-05-11 17:28: Train Epoch 129: 0/83 Loss: 0.001255
2026-05-11 17:28: Train Epoch 129: 20/83 Loss: 0.001139
2026-05-11 17:28: Train Epoch 129: 40/83 Loss: 0.001400
2026-05-11 17:28: Train Epoch 129: 60/83 Loss: 0.000806
2026-05-11 17:28: Train Epoch 129: 80/83 Loss: 0.001443
2026-05-11 17:28: **********Train Epoch 129: averaged Loss: 0.001300
2026-05-11 17:28: **********Val Epoch 129: average Loss: 0.027242
2026-05-11 17:28: Train Epoch 130: 0/83 Loss: 0.001928
2026-05-11 17:28: Train Epoch 130: 20/83 Loss: 0.001460
2026-05-11 17:28: Train Epoch 130: 40/83 Loss: 0.001300
2026-05-11 17:28: Train Epoch 130: 60/83 Loss: 0.000634
2026-05-11 17:28: Train Epoch 130: 80/83 Loss: 0.000944
2026-05-11 17:28: **********Train Epoch 130: averaged Loss: 0.001374
2026-05-11 17:28: **********Val Epoch 130: average Loss: 0.029422
2026-05-11 17:28: Train Epoch 131: 0/83 Loss: 0.001076
2026-05-11 17:28: Train Epoch 131: 20/83 Loss: 0.001283
2026-05-11 17:28: Train Epoch 131: 40/83 Loss: 0.001149
2026-05-11 17:28: Train Epoch 131: 60/83 Loss: 0.000581
2026-05-11 17:29: Train Epoch 131: 80/83 Loss: 0.001336
2026-05-11 17:29: **********Train Epoch 131: averaged Loss: 0.001306
2026-05-11 17:29: **********Val Epoch 131: average Loss: 0.025670
2026-05-11 17:29: Train Epoch 132: 0/83 Loss: 0.001491
2026-05-11 17:29: Train Epoch 132: 20/83 Loss: 0.000840
2026-05-11 17:29: Train Epoch 132: 40/83 Loss: 0.001145
2026-05-11 17:29: Train Epoch 132: 60/83 Loss: 0.000490
2026-05-11 17:29: Train Epoch 132: 80/83 Loss: 0.001893
2026-05-11 17:29: **********Train Epoch 132: averaged Loss: 0.001300
2026-05-11 17:29: **********Val Epoch 132: average Loss: 0.024776
2026-05-11 17:29: Train Epoch 133: 0/83 Loss: 0.000960
2026-05-11 17:29: Train Epoch 133: 20/83 Loss: 0.000954
2026-05-11 17:29: Train Epoch 133: 40/83 Loss: 0.000733
2026-05-11 17:29: Train Epoch 133: 60/83 Loss: 0.000675
2026-05-11 17:29: Train Epoch 133: 80/83 Loss: 0.001477
2026-05-11 17:29: **********Train Epoch 133: averaged Loss: 0.001072
2026-05-11 17:29: **********Val Epoch 133: average Loss: 0.024841
2026-05-11 17:29: Train Epoch 134: 0/83 Loss: 0.000706
2026-05-11 17:29: Train Epoch 134: 20/83 Loss: 0.000760
2026-05-11 17:29: Train Epoch 134: 40/83 Loss: 0.000940
2026-05-11 17:29: Train Epoch 134: 60/83 Loss: 0.000475
2026-05-11 17:29: Train Epoch 134: 80/83 Loss: 0.001262
2026-05-11 17:29: **********Train Epoch 134: averaged Loss: 0.001119
2026-05-11 17:29: **********Val Epoch 134: average Loss: 0.023217
2026-05-11 17:29: Train Epoch 135: 0/83 Loss: 0.000887
2026-05-11 17:29: Train Epoch 135: 20/83 Loss: 0.001135
2026-05-11 17:29: Train Epoch 135: 40/83 Loss: 0.001000
2026-05-11 17:29: Train Epoch 135: 60/83 Loss: 0.000525
2026-05-11 17:29: Train Epoch 135: 80/83 Loss: 0.000632
2026-05-11 17:29: **********Train Epoch 135: averaged Loss: 0.001168
2026-05-11 17:29: **********Val Epoch 135: average Loss: 0.020735
2026-05-11 17:29: Train Epoch 136: 0/83 Loss: 0.001631
2026-05-11 17:29: Train Epoch 136: 20/83 Loss: 0.001303
2026-05-11 17:29: Train Epoch 136: 40/83 Loss: 0.001154
2026-05-11 17:29: Train Epoch 136: 60/83 Loss: 0.000460
2026-05-11 17:29: Train Epoch 136: 80/83 Loss: 0.000611
2026-05-11 17:29: **********Train Epoch 136: averaged Loss: 0.001156
2026-05-11 17:29: **********Val Epoch 136: average Loss: 0.022260
2026-05-11 17:29: Train Epoch 137: 0/83 Loss: 0.001374
2026-05-11 17:29: Train Epoch 137: 20/83 Loss: 0.000827
2026-05-11 17:29: Train Epoch 137: 40/83 Loss: 0.000996
2026-05-11 17:29: Train Epoch 137: 60/83 Loss: 0.001095
2026-05-11 17:29: Train Epoch 137: 80/83 Loss: 0.001562
2026-05-11 17:29: **********Train Epoch 137: averaged Loss: 0.001134
2026-05-11 17:29: **********Val Epoch 137: average Loss: 0.023583
2026-05-11 17:29: Train Epoch 138: 0/83 Loss: 0.001596
2026-05-11 17:29: Train Epoch 138: 20/83 Loss: 0.000828
2026-05-11 17:29: Train Epoch 138: 40/83 Loss: 0.001039
2026-05-11 17:29: Train Epoch 138: 60/83 Loss: 0.001034
2026-05-11 17:29: Train Epoch 138: 80/83 Loss: 0.001150
2026-05-11 17:29: **********Train Epoch 138: averaged Loss: 0.001169
2026-05-11 17:29: **********Val Epoch 138: average Loss: 0.025032
2026-05-11 17:29: Train Epoch 139: 0/83 Loss: 0.001691
2026-05-11 17:29: Train Epoch 139: 20/83 Loss: 0.001026
2026-05-11 17:29: Train Epoch 139: 40/83 Loss: 0.000921
2026-05-11 17:29: Train Epoch 139: 60/83 Loss: 0.001506
2026-05-11 17:29: Train Epoch 139: 80/83 Loss: 0.001310
2026-05-11 17:29: **********Train Epoch 139: averaged Loss: 0.001268
2026-05-11 17:29: **********Val Epoch 139: average Loss: 0.024055
2026-05-11 17:29: Train Epoch 140: 0/83 Loss: 0.000709
2026-05-11 17:29: Train Epoch 140: 20/83 Loss: 0.000935
2026-05-11 17:29: Train Epoch 140: 40/83 Loss: 0.000497
2026-05-11 17:29: Train Epoch 140: 60/83 Loss: 0.000994
2026-05-11 17:29: Train Epoch 140: 80/83 Loss: 0.003359
2026-05-11 17:29: **********Train Epoch 140: averaged Loss: 0.001270
2026-05-11 17:29: **********Val Epoch 140: average Loss: 0.022958
2026-05-11 17:29: Train Epoch 141: 0/83 Loss: 0.001424
2026-05-11 17:29: Train Epoch 141: 20/83 Loss: 0.002014
2026-05-11 17:29: Train Epoch 141: 40/83 Loss: 0.000582
2026-05-11 17:29: Train Epoch 141: 60/83 Loss: 0.001305
2026-05-11 17:29: Train Epoch 141: 80/83 Loss: 0.002833
2026-05-11 17:29: **********Train Epoch 141: averaged Loss: 0.001326
2026-05-11 17:29: **********Val Epoch 141: average Loss: 0.023439
2026-05-11 17:29: Train Epoch 142: 0/83 Loss: 0.001962
2026-05-11 17:29: Train Epoch 142: 20/83 Loss: 0.002202
2026-05-11 17:29: Train Epoch 142: 40/83 Loss: 0.000869
2026-05-11 17:29: Train Epoch 142: 60/83 Loss: 0.000913
2026-05-11 17:29: Train Epoch 142: 80/83 Loss: 0.001215
2026-05-11 17:29: **********Train Epoch 142: averaged Loss: 0.001456
2026-05-11 17:29: **********Val Epoch 142: average Loss: 0.024508
2026-05-11 17:29: Train Epoch 143: 0/83 Loss: 0.002011
2026-05-11 17:29: Train Epoch 143: 20/83 Loss: 0.001415
2026-05-11 17:29: Train Epoch 143: 40/83 Loss: 0.001109
2026-05-11 17:29: Train Epoch 143: 60/83 Loss: 0.001359
2026-05-11 17:29: Train Epoch 143: 80/83 Loss: 0.001366
2026-05-11 17:29: **********Train Epoch 143: averaged Loss: 0.001443
2026-05-11 17:29: **********Val Epoch 143: average Loss: 0.028773
2026-05-11 17:29: Train Epoch 144: 0/83 Loss: 0.001552
2026-05-11 17:29: Train Epoch 144: 20/83 Loss: 0.001042
2026-05-11 17:29: Train Epoch 144: 40/83 Loss: 0.001212
2026-05-11 17:29: Train Epoch 144: 60/83 Loss: 0.001718
2026-05-11 17:29: Train Epoch 144: 80/83 Loss: 0.001313
2026-05-11 17:29: **********Train Epoch 144: averaged Loss: 0.001303
2026-05-11 17:29: **********Val Epoch 144: average Loss: 0.026414
2026-05-11 17:29: Train Epoch 145: 0/83 Loss: 0.001331
2026-05-11 17:29: Train Epoch 145: 20/83 Loss: 0.000444
2026-05-11 17:29: Train Epoch 145: 40/83 Loss: 0.001069
2026-05-11 17:29: Train Epoch 145: 60/83 Loss: 0.000553
2026-05-11 17:29: Train Epoch 145: 80/83 Loss: 0.000720
2026-05-11 17:29: **********Train Epoch 145: averaged Loss: 0.001186
2026-05-11 17:29: **********Val Epoch 145: average Loss: 0.025885
2026-05-11 17:29: Train Epoch 146: 0/83 Loss: 0.000853
2026-05-11 17:29: Train Epoch 146: 20/83 Loss: 0.000453
2026-05-11 17:29: Train Epoch 146: 40/83 Loss: 0.001099
2026-05-11 17:29: Train Epoch 146: 60/83 Loss: 0.000884
2026-05-11 17:29: Train Epoch 146: 80/83 Loss: 0.001101
2026-05-11 17:29: **********Train Epoch 146: averaged Loss: 0.001203
2026-05-11 17:29: **********Val Epoch 146: average Loss: 0.022357
2026-05-11 17:29: Train Epoch 147: 0/83 Loss: 0.001281
2026-05-11 17:29: Train Epoch 147: 20/83 Loss: 0.000607
2026-05-11 17:29: Train Epoch 147: 40/83 Loss: 0.001003
2026-05-11 17:29: Train Epoch 147: 60/83 Loss: 0.000700
2026-05-11 17:30: Train Epoch 147: 80/83 Loss: 0.001314
2026-05-11 17:30: **********Train Epoch 147: averaged Loss: 0.001118
2026-05-11 17:30: **********Val Epoch 147: average Loss: 0.022843
2026-05-11 17:30: Train Epoch 148: 0/83 Loss: 0.001708
2026-05-11 17:30: Train Epoch 148: 20/83 Loss: 0.000636
2026-05-11 17:30: Train Epoch 148: 40/83 Loss: 0.000613
2026-05-11 17:30: Train Epoch 148: 60/83 Loss: 0.000644
2026-05-11 17:30: Train Epoch 148: 80/83 Loss: 0.001012
2026-05-11 17:30: **********Train Epoch 148: averaged Loss: 0.001007
2026-05-11 17:30: **********Val Epoch 148: average Loss: 0.022158
2026-05-11 17:30: Train Epoch 149: 0/83 Loss: 0.001745
2026-05-11 17:30: Train Epoch 149: 20/83 Loss: 0.000688
2026-05-11 17:30: Train Epoch 149: 40/83 Loss: 0.000772
2026-05-11 17:30: Train Epoch 149: 60/83 Loss: 0.001011
2026-05-11 17:30: Train Epoch 149: 80/83 Loss: 0.000594
2026-05-11 17:30: **********Train Epoch 149: averaged Loss: 0.001113
2026-05-11 17:30: **********Val Epoch 149: average Loss: 0.023871
2026-05-11 17:30: Train Epoch 150: 0/83 Loss: 0.001515
2026-05-11 17:30: Train Epoch 150: 20/83 Loss: 0.001014
2026-05-11 17:30: Train Epoch 150: 40/83 Loss: 0.000995
2026-05-11 17:30: Train Epoch 150: 60/83 Loss: 0.000549
2026-05-11 17:30: Train Epoch 150: 80/83 Loss: 0.000940
2026-05-11 17:30: **********Train Epoch 150: averaged Loss: 0.001216
2026-05-11 17:30: **********Val Epoch 150: average Loss: 0.023391
2026-05-11 17:30: Train Epoch 151: 0/83 Loss: 0.001937
2026-05-11 17:30: Train Epoch 151: 20/83 Loss: 0.001217
2026-05-11 17:30: Train Epoch 151: 40/83 Loss: 0.000759
2026-05-11 17:30: Train Epoch 151: 60/83 Loss: 0.000676
2026-05-11 17:30: Train Epoch 151: 80/83 Loss: 0.001357
2026-05-11 17:30: **********Train Epoch 151: averaged Loss: 0.001173
2026-05-11 17:30: **********Val Epoch 151: average Loss: 0.022252
2026-05-11 17:30: Train Epoch 152: 0/83 Loss: 0.001346
2026-05-11 17:30: Train Epoch 152: 20/83 Loss: 0.001868
2026-05-11 17:30: Train Epoch 152: 40/83 Loss: 0.000876
2026-05-11 17:30: Train Epoch 152: 60/83 Loss: 0.000903
2026-05-11 17:30: Train Epoch 152: 80/83 Loss: 0.001015
2026-05-11 17:30: **********Train Epoch 152: averaged Loss: 0.001270
2026-05-11 17:30: **********Val Epoch 152: average Loss: 0.022154
2026-05-11 17:30: Train Epoch 153: 0/83 Loss: 0.000820
2026-05-11 17:30: Train Epoch 153: 20/83 Loss: 0.001529
2026-05-11 17:30: Train Epoch 153: 40/83 Loss: 0.000539
2026-05-11 17:30: Train Epoch 153: 60/83 Loss: 0.001033
2026-05-11 17:30: Train Epoch 153: 80/83 Loss: 0.000754
2026-05-11 17:30: **********Train Epoch 153: averaged Loss: 0.001068
2026-05-11 17:30: **********Val Epoch 153: average Loss: 0.021364
2026-05-11 17:30: Train Epoch 154: 0/83 Loss: 0.001155
2026-05-11 17:30: Train Epoch 154: 20/83 Loss: 0.001598
2026-05-11 17:30: Train Epoch 154: 40/83 Loss: 0.000679
2026-05-11 17:30: Train Epoch 154: 60/83 Loss: 0.000901
2026-05-11 17:30: Train Epoch 154: 80/83 Loss: 0.000869
2026-05-11 17:30: **********Train Epoch 154: averaged Loss: 0.001016
2026-05-11 17:30: **********Val Epoch 154: average Loss: 0.022182
2026-05-11 17:30: Train Epoch 155: 0/83 Loss: 0.000999
2026-05-11 17:30: Train Epoch 155: 20/83 Loss: 0.001450
2026-05-11 17:30: Train Epoch 155: 40/83 Loss: 0.000675
2026-05-11 17:30: Train Epoch 155: 60/83 Loss: 0.000857
2026-05-11 17:30: Train Epoch 155: 80/83 Loss: 0.001417
2026-05-11 17:30: **********Train Epoch 155: averaged Loss: 0.001149
2026-05-11 17:30: **********Val Epoch 155: average Loss: 0.023032
2026-05-11 17:30: Train Epoch 156: 0/83 Loss: 0.001337
2026-05-11 17:30: Train Epoch 156: 20/83 Loss: 0.001008
2026-05-11 17:30: Train Epoch 156: 40/83 Loss: 0.000740
2026-05-11 17:30: Train Epoch 156: 60/83 Loss: 0.000813
2026-05-11 17:30: Train Epoch 156: 80/83 Loss: 0.001327
2026-05-11 17:30: **********Train Epoch 156: averaged Loss: 0.001084
2026-05-11 17:30: **********Val Epoch 156: average Loss: 0.022566
2026-05-11 17:30: Train Epoch 157: 0/83 Loss: 0.001416
2026-05-11 17:30: Train Epoch 157: 20/83 Loss: 0.001004
2026-05-11 17:30: Train Epoch 157: 40/83 Loss: 0.000747
2026-05-11 17:30: Train Epoch 157: 60/83 Loss: 0.000737
2026-05-11 17:30: Train Epoch 157: 80/83 Loss: 0.001319
2026-05-11 17:30: **********Train Epoch 157: averaged Loss: 0.001110
2026-05-11 17:30: **********Val Epoch 157: average Loss: 0.024345
2026-05-11 17:30: Train Epoch 158: 0/83 Loss: 0.002122
2026-05-11 17:30: Train Epoch 158: 20/83 Loss: 0.001482
2026-05-11 17:30: Train Epoch 158: 40/83 Loss: 0.000944
2026-05-11 17:30: Train Epoch 158: 60/83 Loss: 0.000893
2026-05-11 17:30: Train Epoch 158: 80/83 Loss: 0.000960
2026-05-11 17:30: **********Train Epoch 158: averaged Loss: 0.001138
2026-05-11 17:30: **********Val Epoch 158: average Loss: 0.024306
2026-05-11 17:30: Train Epoch 159: 0/83 Loss: 0.002002
2026-05-11 17:30: Train Epoch 159: 20/83 Loss: 0.001419
2026-05-11 17:30: Train Epoch 159: 40/83 Loss: 0.001151
2026-05-11 17:30: Train Epoch 159: 60/83 Loss: 0.000444
2026-05-11 17:30: Train Epoch 159: 80/83 Loss: 0.001096
2026-05-11 17:30: **********Train Epoch 159: averaged Loss: 0.001212
2026-05-11 17:30: **********Val Epoch 159: average Loss: 0.025602
2026-05-11 17:30: Train Epoch 160: 0/83 Loss: 0.001623
2026-05-11 17:30: Train Epoch 160: 20/83 Loss: 0.001141
2026-05-11 17:30: Train Epoch 160: 40/83 Loss: 0.000847
2026-05-11 17:30: Train Epoch 160: 60/83 Loss: 0.000688
2026-05-11 17:30: Train Epoch 160: 80/83 Loss: 0.001402
2026-05-11 17:30: **********Train Epoch 160: averaged Loss: 0.001140
2026-05-11 17:30: **********Val Epoch 160: average Loss: 0.026985
2026-05-11 17:30: Train Epoch 161: 0/83 Loss: 0.001131
2026-05-11 17:30: Train Epoch 161: 20/83 Loss: 0.000958
2026-05-11 17:30: Train Epoch 161: 40/83 Loss: 0.000643
2026-05-11 17:30: Train Epoch 161: 60/83 Loss: 0.000965
2026-05-11 17:30: Train Epoch 161: 80/83 Loss: 0.001615
2026-05-11 17:30: **********Train Epoch 161: averaged Loss: 0.001105
2026-05-11 17:30: **********Val Epoch 161: average Loss: 0.023452
2026-05-11 17:30: Train Epoch 162: 0/83 Loss: 0.001320
2026-05-11 17:30: Train Epoch 162: 20/83 Loss: 0.001239
2026-05-11 17:30: Train Epoch 162: 40/83 Loss: 0.000743
2026-05-11 17:30: Train Epoch 162: 60/83 Loss: 0.000932
2026-05-11 17:30: Train Epoch 162: 80/83 Loss: 0.001179
2026-05-11 17:30: **********Train Epoch 162: averaged Loss: 0.001021
2026-05-11 17:30: **********Val Epoch 162: average Loss: 0.023230
2026-05-11 17:30: Train Epoch 163: 0/83 Loss: 0.000894
2026-05-11 17:30: Train Epoch 163: 20/83 Loss: 0.001842
2026-05-11 17:30: Train Epoch 163: 40/83 Loss: 0.000733
2026-05-11 17:30: Train Epoch 163: 60/83 Loss: 0.000945
2026-05-11 17:30: Train Epoch 163: 80/83 Loss: 0.001294
2026-05-11 17:30: **********Train Epoch 163: averaged Loss: 0.001124
2026-05-11 17:30: **********Val Epoch 163: average Loss: 0.023162
2026-05-11 17:30: Train Epoch 164: 0/83 Loss: 0.000696
2026-05-11 17:30: Train Epoch 164: 20/83 Loss: 0.000548
2026-05-11 17:30: Train Epoch 164: 40/83 Loss: 0.000793
2026-05-11 17:30: Train Epoch 164: 60/83 Loss: 0.000812
2026-05-11 17:30: Train Epoch 164: 80/83 Loss: 0.001915
2026-05-11 17:30: **********Train Epoch 164: averaged Loss: 0.001071
2026-05-11 17:30: **********Val Epoch 164: average Loss: 0.024262
2026-05-11 17:30: Train Epoch 165: 0/83 Loss: 0.000752
2026-05-11 17:30: Train Epoch 165: 20/83 Loss: 0.000611
2026-05-11 17:30: Train Epoch 165: 40/83 Loss: 0.001145
2026-05-11 17:30: Train Epoch 165: 60/83 Loss: 0.000684
2026-05-11 17:31: Train Epoch 165: 80/83 Loss: 0.001592
2026-05-11 17:31: **********Train Epoch 165: averaged Loss: 0.001050
2026-05-11 17:31: **********Val Epoch 165: average Loss: 0.024919
2026-05-11 17:31: Train Epoch 166: 0/83 Loss: 0.001351
2026-05-11 17:31: Train Epoch 166: 20/83 Loss: 0.000482
2026-05-11 17:31: Train Epoch 166: 40/83 Loss: 0.001095
2026-05-11 17:31: Train Epoch 166: 60/83 Loss: 0.000882
2026-05-11 17:31: Train Epoch 166: 80/83 Loss: 0.001438
2026-05-11 17:31: **********Train Epoch 166: averaged Loss: 0.000988
2026-05-11 17:31: **********Val Epoch 166: average Loss: 0.023141
2026-05-11 17:31: Train Epoch 167: 0/83 Loss: 0.001149
2026-05-11 17:31: Train Epoch 167: 20/83 Loss: 0.000489
2026-05-11 17:31: Train Epoch 167: 40/83 Loss: 0.000570
2026-05-11 17:31: Train Epoch 167: 60/83 Loss: 0.000617
2026-05-11 17:31: Train Epoch 167: 80/83 Loss: 0.001207
2026-05-11 17:31: **********Train Epoch 167: averaged Loss: 0.000868
2026-05-11 17:31: **********Val Epoch 167: average Loss: 0.022186
2026-05-11 17:31: Train Epoch 168: 0/83 Loss: 0.001763
2026-05-11 17:31: Train Epoch 168: 20/83 Loss: 0.000694
2026-05-11 17:31: Train Epoch 168: 40/83 Loss: 0.000404
2026-05-11 17:31: Train Epoch 168: 60/83 Loss: 0.000538
2026-05-11 17:31: Train Epoch 168: 80/83 Loss: 0.001078
2026-05-11 17:31: **********Train Epoch 168: averaged Loss: 0.000959
2026-05-11 17:31: **********Val Epoch 168: average Loss: 0.022183
2026-05-11 17:31: Train Epoch 169: 0/83 Loss: 0.001619
2026-05-11 17:31: Train Epoch 169: 20/83 Loss: 0.000661
2026-05-11 17:31: Train Epoch 169: 40/83 Loss: 0.000559
2026-05-11 17:31: Train Epoch 169: 60/83 Loss: 0.000416
2026-05-11 17:31: Train Epoch 169: 80/83 Loss: 0.000888
2026-05-11 17:31: **********Train Epoch 169: averaged Loss: 0.000871
2026-05-11 17:31: **********Val Epoch 169: average Loss: 0.022195
2026-05-11 17:31: Train Epoch 170: 0/83 Loss: 0.001501
2026-05-11 17:31: Train Epoch 170: 20/83 Loss: 0.000327
2026-05-11 17:31: Train Epoch 170: 40/83 Loss: 0.000470
2026-05-11 17:31: Train Epoch 170: 60/83 Loss: 0.000516
2026-05-11 17:31: Train Epoch 170: 80/83 Loss: 0.001028
2026-05-11 17:31: **********Train Epoch 170: averaged Loss: 0.000765
2026-05-11 17:31: **********Val Epoch 170: average Loss: 0.024768
2026-05-11 17:31: Train Epoch 171: 0/83 Loss: 0.001186
2026-05-11 17:31: Train Epoch 171: 20/83 Loss: 0.001001
2026-05-11 17:31: Train Epoch 171: 40/83 Loss: 0.000408
2026-05-11 17:31: Train Epoch 171: 60/83 Loss: 0.000499
2026-05-11 17:31: Train Epoch 171: 80/83 Loss: 0.000584
2026-05-11 17:31: **********Train Epoch 171: averaged Loss: 0.000738
2026-05-11 17:31: **********Val Epoch 171: average Loss: 0.025958
2026-05-11 17:31: Train Epoch 172: 0/83 Loss: 0.001056
2026-05-11 17:31: Train Epoch 172: 20/83 Loss: 0.000546
2026-05-11 17:31: Train Epoch 172: 40/83 Loss: 0.000640
2026-05-11 17:31: Train Epoch 172: 60/83 Loss: 0.000645
2026-05-11 17:31: Train Epoch 172: 80/83 Loss: 0.000914
2026-05-11 17:31: **********Train Epoch 172: averaged Loss: 0.000643
2026-05-11 17:31: **********Val Epoch 172: average Loss: 0.025043
2026-05-11 17:31: Train Epoch 173: 0/83 Loss: 0.000829
2026-05-11 17:31: Train Epoch 173: 20/83 Loss: 0.000422
2026-05-11 17:31: Train Epoch 173: 40/83 Loss: 0.000359
2026-05-11 17:31: Train Epoch 173: 60/83 Loss: 0.000472
2026-05-11 17:31: Train Epoch 173: 80/83 Loss: 0.000467
2026-05-11 17:31: **********Train Epoch 173: averaged Loss: 0.000584
2026-05-11 17:31: **********Val Epoch 173: average Loss: 0.025169
2026-05-11 17:31: Train Epoch 174: 0/83 Loss: 0.000491
2026-05-11 17:31: Train Epoch 174: 20/83 Loss: 0.000526
2026-05-11 17:31: Train Epoch 174: 40/83 Loss: 0.000378
2026-05-11 17:31: Train Epoch 174: 60/83 Loss: 0.000470
2026-05-11 17:31: Train Epoch 174: 80/83 Loss: 0.000610
2026-05-11 17:31: **********Train Epoch 174: averaged Loss: 0.000697
2026-05-11 17:31: **********Val Epoch 174: average Loss: 0.026720
2026-05-11 17:31: Train Epoch 175: 0/83 Loss: 0.000577
2026-05-11 17:31: Train Epoch 175: 20/83 Loss: 0.000359
2026-05-11 17:31: Train Epoch 175: 40/83 Loss: 0.000441
2026-05-11 17:31: Train Epoch 175: 60/83 Loss: 0.000499
2026-05-11 17:31: Train Epoch 175: 80/83 Loss: 0.000974
2026-05-11 17:31: **********Train Epoch 175: averaged Loss: 0.000716
2026-05-11 17:31: **********Val Epoch 175: average Loss: 0.024854
2026-05-11 17:31: Train Epoch 176: 0/83 Loss: 0.000631
2026-05-11 17:31: Train Epoch 176: 20/83 Loss: 0.000226
2026-05-11 17:31: Train Epoch 176: 40/83 Loss: 0.000272
2026-05-11 17:31: Train Epoch 176: 60/83 Loss: 0.000610
2026-05-11 17:31: Train Epoch 176: 80/83 Loss: 0.000821
2026-05-11 17:31: **********Train Epoch 176: averaged Loss: 0.000718
2026-05-11 17:31: **********Val Epoch 176: average Loss: 0.021670
2026-05-11 17:31: Train Epoch 177: 0/83 Loss: 0.000877
2026-05-11 17:31: Train Epoch 177: 20/83 Loss: 0.000600
2026-05-11 17:31: Train Epoch 177: 40/83 Loss: 0.000625
2026-05-11 17:31: Train Epoch 177: 60/83 Loss: 0.000396
2026-05-11 17:31: Train Epoch 177: 80/83 Loss: 0.000579
2026-05-11 17:31: **********Train Epoch 177: averaged Loss: 0.000753
2026-05-11 17:31: **********Val Epoch 177: average Loss: 0.022448
2026-05-11 17:31: Train Epoch 178: 0/83 Loss: 0.000749
2026-05-11 17:31: Train Epoch 178: 20/83 Loss: 0.000843
2026-05-11 17:31: Train Epoch 178: 40/83 Loss: 0.000700
2026-05-11 17:31: Train Epoch 178: 60/83 Loss: 0.000706
2026-05-11 17:31: Train Epoch 178: 80/83 Loss: 0.000764
2026-05-11 17:31: **********Train Epoch 178: averaged Loss: 0.000781
2026-05-11 17:31: **********Val Epoch 178: average Loss: 0.021769
2026-05-11 17:31: Train Epoch 179: 0/83 Loss: 0.001627
2026-05-11 17:31: Train Epoch 179: 20/83 Loss: 0.000822
2026-05-11 17:31: Train Epoch 179: 40/83 Loss: 0.000455
2026-05-11 17:31: Train Epoch 179: 60/83 Loss: 0.001113
2026-05-11 17:31: Train Epoch 179: 80/83 Loss: 0.000909
2026-05-11 17:31: **********Train Epoch 179: averaged Loss: 0.000778
2026-05-11 17:31: **********Val Epoch 179: average Loss: 0.023182
2026-05-11 17:31: Train Epoch 180: 0/83 Loss: 0.000713
2026-05-11 17:31: Train Epoch 180: 20/83 Loss: 0.000375
2026-05-11 17:31: Train Epoch 180: 40/83 Loss: 0.000688
2026-05-11 17:31: Train Epoch 180: 60/83 Loss: 0.000352
2026-05-11 17:31: Train Epoch 180: 80/83 Loss: 0.001421
2026-05-11 17:31: **********Train Epoch 180: averaged Loss: 0.000770
2026-05-11 17:31: **********Val Epoch 180: average Loss: 0.022687
2026-05-11 17:31: Train Epoch 181: 0/83 Loss: 0.001286
2026-05-11 17:31: Train Epoch 181: 20/83 Loss: 0.000486
2026-05-11 17:31: Train Epoch 181: 40/83 Loss: 0.000582
2026-05-11 17:31: Train Epoch 181: 60/83 Loss: 0.001162
2026-05-11 17:31: Train Epoch 181: 80/83 Loss: 0.001068
2026-05-11 17:31: **********Train Epoch 181: averaged Loss: 0.000745
2026-05-11 17:31: **********Val Epoch 181: average Loss: 0.022603
2026-05-11 17:31: Train Epoch 182: 0/83 Loss: 0.000797
2026-05-11 17:31: Train Epoch 182: 20/83 Loss: 0.000237
2026-05-11 17:31: Train Epoch 182: 40/83 Loss: 0.000515
2026-05-11 17:31: Train Epoch 182: 60/83 Loss: 0.000409
2026-05-11 17:32: Train Epoch 182: 80/83 Loss: 0.000877
2026-05-11 17:32: **********Train Epoch 182: averaged Loss: 0.000696
2026-05-11 17:32: **********Val Epoch 182: average Loss: 0.019789
2026-05-11 17:32: Train Epoch 183: 0/83 Loss: 0.000854
2026-05-11 17:32: Train Epoch 183: 20/83 Loss: 0.000376
2026-05-11 17:32: Train Epoch 183: 40/83 Loss: 0.000680
2026-05-11 17:32: Train Epoch 183: 60/83 Loss: 0.000247
2026-05-11 17:32: Train Epoch 183: 80/83 Loss: 0.001039
2026-05-11 17:32: **********Train Epoch 183: averaged Loss: 0.000696
2026-05-11 17:32: **********Val Epoch 183: average Loss: 0.020044
2026-05-11 17:32: Train Epoch 184: 0/83 Loss: 0.001339
2026-05-11 17:32: Train Epoch 184: 20/83 Loss: 0.000752
2026-05-11 17:32: Train Epoch 184: 40/83 Loss: 0.000406
2026-05-11 17:32: Train Epoch 184: 60/83 Loss: 0.000717
2026-05-11 17:32: Train Epoch 184: 80/83 Loss: 0.000716
2026-05-11 17:32: **********Train Epoch 184: averaged Loss: 0.000686
2026-05-11 17:32: **********Val Epoch 184: average Loss: 0.020106
2026-05-11 17:32: Train Epoch 185: 0/83 Loss: 0.001155
2026-05-11 17:32: Train Epoch 185: 20/83 Loss: 0.000578
2026-05-11 17:32: Train Epoch 185: 40/83 Loss: 0.000703
2026-05-11 17:32: Train Epoch 185: 60/83 Loss: 0.000710
2026-05-11 17:32: Train Epoch 185: 80/83 Loss: 0.001279
2026-05-11 17:32: **********Train Epoch 185: averaged Loss: 0.000757
2026-05-11 17:32: **********Val Epoch 185: average Loss: 0.018814
2026-05-11 17:32: Train Epoch 186: 0/83 Loss: 0.001002
2026-05-11 17:32: Train Epoch 186: 20/83 Loss: 0.000555
2026-05-11 17:32: Train Epoch 186: 40/83 Loss: 0.000586
2026-05-11 17:32: Train Epoch 186: 60/83 Loss: 0.000398
2026-05-11 17:32: Train Epoch 186: 80/83 Loss: 0.001518
2026-05-11 17:32: **********Train Epoch 186: averaged Loss: 0.000800
2026-05-11 17:32: **********Val Epoch 186: average Loss: 0.018455
2026-05-11 17:32: Train Epoch 187: 0/83 Loss: 0.001214
2026-05-11 17:32: Train Epoch 187: 20/83 Loss: 0.000467
2026-05-11 17:32: Train Epoch 187: 40/83 Loss: 0.000337
2026-05-11 17:32: Train Epoch 187: 60/83 Loss: 0.000597
2026-05-11 17:32: Train Epoch 187: 80/83 Loss: 0.000833
2026-05-11 17:32: **********Train Epoch 187: averaged Loss: 0.000814
2026-05-11 17:32: **********Val Epoch 187: average Loss: 0.019113
2026-05-11 17:32: Train Epoch 188: 0/83 Loss: 0.000483
2026-05-11 17:32: Train Epoch 188: 20/83 Loss: 0.000813
2026-05-11 17:32: Train Epoch 188: 40/83 Loss: 0.000621
2026-05-11 17:32: Train Epoch 188: 60/83 Loss: 0.000769
2026-05-11 17:32: Train Epoch 188: 80/83 Loss: 0.001044
2026-05-11 17:32: **********Train Epoch 188: averaged Loss: 0.000875
2026-05-11 17:32: **********Val Epoch 188: average Loss: 0.019509
2026-05-11 17:32: Train Epoch 189: 0/83 Loss: 0.000438
2026-05-11 17:32: Train Epoch 189: 20/83 Loss: 0.000743
2026-05-11 17:32: Train Epoch 189: 40/83 Loss: 0.000686
2026-05-11 17:32: Train Epoch 189: 60/83 Loss: 0.001049
2026-05-11 17:32: Train Epoch 189: 80/83 Loss: 0.000543
2026-05-11 17:32: **********Train Epoch 189: averaged Loss: 0.000891
2026-05-11 17:32: **********Val Epoch 189: average Loss: 0.019689
2026-05-11 17:32: Train Epoch 190: 0/83 Loss: 0.001335
2026-05-11 17:32: Train Epoch 190: 20/83 Loss: 0.000591
2026-05-11 17:32: Train Epoch 190: 40/83 Loss: 0.001106
2026-05-11 17:32: Train Epoch 190: 60/83 Loss: 0.001214
2026-05-11 17:32: Train Epoch 190: 80/83 Loss: 0.000821
2026-05-11 17:32: **********Train Epoch 190: averaged Loss: 0.001000
2026-05-11 17:32: **********Val Epoch 190: average Loss: 0.019609
2026-05-11 17:32: Train Epoch 191: 0/83 Loss: 0.001652
2026-05-11 17:32: Train Epoch 191: 20/83 Loss: 0.000342
2026-05-11 17:32: Train Epoch 191: 40/83 Loss: 0.000744
2026-05-11 17:32: Train Epoch 191: 60/83 Loss: 0.000877
2026-05-11 17:32: Train Epoch 191: 80/83 Loss: 0.000743
2026-05-11 17:32: **********Train Epoch 191: averaged Loss: 0.000835
2026-05-11 17:32: **********Val Epoch 191: average Loss: 0.020209
2026-05-11 17:32: Train Epoch 192: 0/83 Loss: 0.000849
2026-05-11 17:32: Train Epoch 192: 20/83 Loss: 0.000252
2026-05-11 17:32: Train Epoch 192: 40/83 Loss: 0.000607
2026-05-11 17:32: Train Epoch 192: 60/83 Loss: 0.000729
2026-05-11 17:32: Train Epoch 192: 80/83 Loss: 0.001100
2026-05-11 17:32: **********Train Epoch 192: averaged Loss: 0.000796
2026-05-11 17:32: **********Val Epoch 192: average Loss: 0.020790
2026-05-11 17:32: Train Epoch 193: 0/83 Loss: 0.002156
2026-05-11 17:32: Train Epoch 193: 20/83 Loss: 0.000584
2026-05-11 17:32: Train Epoch 193: 40/83 Loss: 0.000562
2026-05-11 17:32: Train Epoch 193: 60/83 Loss: 0.000585
2026-05-11 17:32: Train Epoch 193: 80/83 Loss: 0.001163
2026-05-11 17:32: **********Train Epoch 193: averaged Loss: 0.000784
2026-05-11 17:32: **********Val Epoch 193: average Loss: 0.021624
2026-05-11 17:32: Train Epoch 194: 0/83 Loss: 0.000994
2026-05-11 17:32: Train Epoch 194: 20/83 Loss: 0.000360
2026-05-11 17:32: Train Epoch 194: 40/83 Loss: 0.000693
2026-05-11 17:32: Train Epoch 194: 60/83 Loss: 0.000981
2026-05-11 17:32: Train Epoch 194: 80/83 Loss: 0.000977
2026-05-11 17:32: **********Train Epoch 194: averaged Loss: 0.000716
2026-05-11 17:32: **********Val Epoch 194: average Loss: 0.023125
2026-05-11 17:32: Train Epoch 195: 0/83 Loss: 0.001350
2026-05-11 17:32: Train Epoch 195: 20/83 Loss: 0.000379
2026-05-11 17:32: Train Epoch 195: 40/83 Loss: 0.000678
2026-05-11 17:32: Train Epoch 195: 60/83 Loss: 0.000294
2026-05-11 17:32: Train Epoch 195: 80/83 Loss: 0.000576
2026-05-11 17:32: **********Train Epoch 195: averaged Loss: 0.000648
2026-05-11 17:32: **********Val Epoch 195: average Loss: 0.022770
2026-05-11 17:32: Train Epoch 196: 0/83 Loss: 0.001232
2026-05-11 17:32: Train Epoch 196: 20/83 Loss: 0.000330
2026-05-11 17:32: Train Epoch 196: 40/83 Loss: 0.000468
2026-05-11 17:32: Train Epoch 196: 60/83 Loss: 0.000452
2026-05-11 17:32: Train Epoch 196: 80/83 Loss: 0.000606
2026-05-11 17:32: **********Train Epoch 196: averaged Loss: 0.000614
2026-05-11 17:32: **********Val Epoch 196: average Loss: 0.022512
2026-05-11 17:32: Train Epoch 197: 0/83 Loss: 0.000821
2026-05-11 17:32: Train Epoch 197: 20/83 Loss: 0.000642
2026-05-11 17:32: Train Epoch 197: 40/83 Loss: 0.000481
2026-05-11 17:32: Train Epoch 197: 60/83 Loss: 0.000350
2026-05-11 17:32: Train Epoch 197: 80/83 Loss: 0.000491
2026-05-11 17:32: **********Train Epoch 197: averaged Loss: 0.000666
2026-05-11 17:32: **********Val Epoch 197: average Loss: 0.024626
2026-05-11 17:32: Train Epoch 198: 0/83 Loss: 0.001000
2026-05-11 17:32: Train Epoch 198: 20/83 Loss: 0.000661
2026-05-11 17:33: Train Epoch 198: 40/83 Loss: 0.000423
2026-05-11 17:33: Train Epoch 198: 60/83 Loss: 0.000628
2026-05-11 17:33: Train Epoch 198: 80/83 Loss: 0.000685
2026-05-11 17:33: **********Train Epoch 198: averaged Loss: 0.000695
2026-05-11 17:33: **********Val Epoch 198: average Loss: 0.027095
2026-05-11 17:33: Train Epoch 199: 0/83 Loss: 0.000886
2026-05-11 17:33: Train Epoch 199: 20/83 Loss: 0.000925
2026-05-11 17:33: Train Epoch 199: 40/83 Loss: 0.000590
2026-05-11 17:33: Train Epoch 199: 60/83 Loss: 0.000440
2026-05-11 17:33: Train Epoch 199: 80/83 Loss: 0.000732
2026-05-11 17:33: **********Train Epoch 199: averaged Loss: 0.000797
2026-05-11 17:33: **********Val Epoch 199: average Loss: 0.026379
2026-05-11 17:33: Train Epoch 200: 0/83 Loss: 0.001510
2026-05-11 17:33: Train Epoch 200: 20/83 Loss: 0.000857
2026-05-11 17:33: Train Epoch 200: 40/83 Loss: 0.001021
2026-05-11 17:33: Train Epoch 200: 60/83 Loss: 0.000527
2026-05-11 17:33: Train Epoch 200: 80/83 Loss: 0.000597
2026-05-11 17:33: **********Train Epoch 200: averaged Loss: 0.000962
2026-05-11 17:33: **********Val Epoch 200: average Loss: 0.023996
2026-05-11 17:33: Train Epoch 201: 0/83 Loss: 0.001167
2026-05-11 17:33: Train Epoch 201: 20/83 Loss: 0.000748
2026-05-11 17:33: Train Epoch 201: 40/83 Loss: 0.000655
2026-05-11 17:33: Train Epoch 201: 60/83 Loss: 0.000921
2026-05-11 17:33: Train Epoch 201: 80/83 Loss: 0.001137
2026-05-11 17:33: **********Train Epoch 201: averaged Loss: 0.000962
2026-05-11 17:33: **********Val Epoch 201: average Loss: 0.022260
2026-05-11 17:33: Train Epoch 202: 0/83 Loss: 0.001066
2026-05-11 17:33: Train Epoch 202: 20/83 Loss: 0.000474
2026-05-11 17:33: Train Epoch 202: 40/83 Loss: 0.000994
2026-05-11 17:33: Train Epoch 202: 60/83 Loss: 0.000928
2026-05-11 17:33: Train Epoch 202: 80/83 Loss: 0.000646
2026-05-11 17:33: **********Train Epoch 202: averaged Loss: 0.000797
2026-05-11 17:33: **********Val Epoch 202: average Loss: 0.024366
2026-05-11 17:33: Train Epoch 203: 0/83 Loss: 0.000738
2026-05-11 17:33: Train Epoch 203: 20/83 Loss: 0.000447
2026-05-11 17:33: Train Epoch 203: 40/83 Loss: 0.000635
2026-05-11 17:33: Train Epoch 203: 60/83 Loss: 0.000542
2026-05-11 17:33: Train Epoch 203: 80/83 Loss: 0.000592
2026-05-11 17:33: **********Train Epoch 203: averaged Loss: 0.000739
2026-05-11 17:33: **********Val Epoch 203: average Loss: 0.021659
2026-05-11 17:33: Train Epoch 204: 0/83 Loss: 0.000909
2026-05-11 17:33: Train Epoch 204: 20/83 Loss: 0.000432
2026-05-11 17:33: Train Epoch 204: 40/83 Loss: 0.000538
2026-05-11 17:33: Train Epoch 204: 60/83 Loss: 0.000764
2026-05-11 17:33: Train Epoch 204: 80/83 Loss: 0.001245
2026-05-11 17:33: **********Train Epoch 204: averaged Loss: 0.000704
2026-05-11 17:33: **********Val Epoch 204: average Loss: 0.020537
2026-05-11 17:33: Train Epoch 205: 0/83 Loss: 0.000801
2026-05-11 17:33: Train Epoch 205: 20/83 Loss: 0.000346
2026-05-11 17:33: Train Epoch 205: 40/83 Loss: 0.000331
2026-05-11 17:33: Train Epoch 205: 60/83 Loss: 0.000316
2026-05-11 17:33: Train Epoch 205: 80/83 Loss: 0.001127
2026-05-11 17:33: **********Train Epoch 205: averaged Loss: 0.000658
2026-05-11 17:33: **********Val Epoch 205: average Loss: 0.020829
2026-05-11 17:33: Train Epoch 206: 0/83 Loss: 0.000817
2026-05-11 17:33: Train Epoch 206: 20/83 Loss: 0.000655
2026-05-11 17:33: Train Epoch 206: 40/83 Loss: 0.000316
2026-05-11 17:33: Train Epoch 206: 60/83 Loss: 0.000539
2026-05-11 17:33: Train Epoch 206: 80/83 Loss: 0.001075
2026-05-11 17:33: **********Train Epoch 206: averaged Loss: 0.000577
2026-05-11 17:33: **********Val Epoch 206: average Loss: 0.020359
2026-05-11 17:33: Train Epoch 207: 0/83 Loss: 0.001525
2026-05-11 17:33: Train Epoch 207: 20/83 Loss: 0.000750
2026-05-11 17:33: Train Epoch 207: 40/83 Loss: 0.000625
2026-05-11 17:33: Train Epoch 207: 60/83 Loss: 0.000685
2026-05-11 17:33: Train Epoch 207: 80/83 Loss: 0.000486
2026-05-11 17:33: **********Train Epoch 207: averaged Loss: 0.000657
2026-05-11 17:33: **********Val Epoch 207: average Loss: 0.020322
2026-05-11 17:33: Train Epoch 208: 0/83 Loss: 0.001072
2026-05-11 17:33: Train Epoch 208: 20/83 Loss: 0.000372
2026-05-11 17:33: Train Epoch 208: 40/83 Loss: 0.000754
2026-05-11 17:33: Train Epoch 208: 60/83 Loss: 0.000557
2026-05-11 17:33: Train Epoch 208: 80/83 Loss: 0.000484
2026-05-11 17:33: **********Train Epoch 208: averaged Loss: 0.000691
2026-05-11 17:33: **********Val Epoch 208: average Loss: 0.020042
2026-05-11 17:33: Train Epoch 209: 0/83 Loss: 0.000719
2026-05-11 17:33: Train Epoch 209: 20/83 Loss: 0.000347
2026-05-11 17:33: Train Epoch 209: 40/83 Loss: 0.000510
2026-05-11 17:33: Train Epoch 209: 60/83 Loss: 0.000554
2026-05-11 17:33: Train Epoch 209: 80/83 Loss: 0.000632
2026-05-11 17:33: **********Train Epoch 209: averaged Loss: 0.000681
2026-05-11 17:33: **********Val Epoch 209: average Loss: 0.019793
2026-05-11 17:33: Train Epoch 210: 0/83 Loss: 0.000624
2026-05-11 17:33: Train Epoch 210: 20/83 Loss: 0.000603
2026-05-11 17:33: Train Epoch 210: 40/83 Loss: 0.000707
2026-05-11 17:33: Train Epoch 210: 60/83 Loss: 0.000488
2026-05-11 17:33: Train Epoch 210: 80/83 Loss: 0.000856
2026-05-11 17:33: **********Train Epoch 210: averaged Loss: 0.000739
2026-05-11 17:33: **********Val Epoch 210: average Loss: 0.020229
2026-05-11 17:33: Train Epoch 211: 0/83 Loss: 0.001143
2026-05-11 17:33: Train Epoch 211: 20/83 Loss: 0.000802
2026-05-11 17:33: Train Epoch 211: 40/83 Loss: 0.000838
2026-05-11 17:33: Train Epoch 211: 60/83 Loss: 0.000624
2026-05-11 17:33: Train Epoch 211: 80/83 Loss: 0.001798
2026-05-11 17:33: **********Train Epoch 211: averaged Loss: 0.000837
2026-05-11 17:33: **********Val Epoch 211: average Loss: 0.020105
2026-05-11 17:33: Train Epoch 212: 0/83 Loss: 0.000795
2026-05-11 17:33: Train Epoch 212: 20/83 Loss: 0.000884
2026-05-11 17:33: Train Epoch 212: 40/83 Loss: 0.000440
2026-05-11 17:33: Train Epoch 212: 60/83 Loss: 0.000839
2026-05-11 17:33: Train Epoch 212: 80/83 Loss: 0.001852
2026-05-11 17:33: **********Train Epoch 212: averaged Loss: 0.000873
2026-05-11 17:33: **********Val Epoch 212: average Loss: 0.019453
2026-05-11 17:33: Train Epoch 213: 0/83 Loss: 0.000649
2026-05-11 17:33: Train Epoch 213: 20/83 Loss: 0.000658
2026-05-11 17:33: Train Epoch 213: 40/83 Loss: 0.000597
2026-05-11 17:33: Train Epoch 213: 60/83 Loss: 0.000615
2026-05-11 17:33: Train Epoch 213: 80/83 Loss: 0.001078
2026-05-11 17:33: **********Train Epoch 213: averaged Loss: 0.000935
2026-05-11 17:33: **********Val Epoch 213: average Loss: 0.020611
2026-05-11 17:33: Train Epoch 214: 0/83 Loss: 0.000792
2026-05-11 17:33: Train Epoch 214: 20/83 Loss: 0.000386
2026-05-11 17:34: Train Epoch 214: 40/83 Loss: 0.000811
2026-05-11 17:34: Train Epoch 214: 60/83 Loss: 0.000785
2026-05-11 17:34: Train Epoch 214: 80/83 Loss: 0.002626
2026-05-11 17:34: **********Train Epoch 214: averaged Loss: 0.000949
2026-05-11 17:34: **********Val Epoch 214: average Loss: 0.023573
2026-05-11 17:34: Train Epoch 215: 0/83 Loss: 0.000997
2026-05-11 17:34: Train Epoch 215: 20/83 Loss: 0.000672
2026-05-11 17:34: Train Epoch 215: 40/83 Loss: 0.000874
2026-05-11 17:34: Train Epoch 215: 60/83 Loss: 0.000984
2026-05-11 17:34: Train Epoch 215: 80/83 Loss: 0.001586
2026-05-11 17:34: **********Train Epoch 215: averaged Loss: 0.000944
2026-05-11 17:34: **********Val Epoch 215: average Loss: 0.026333
2026-05-11 17:34: Train Epoch 216: 0/83 Loss: 0.002339
2026-05-11 17:34: Train Epoch 216: 20/83 Loss: 0.000616
2026-05-11 17:34: Train Epoch 216: 40/83 Loss: 0.000710
2026-05-11 17:34: Train Epoch 216: 60/83 Loss: 0.000565
2026-05-11 17:34: Train Epoch 216: 80/83 Loss: 0.001506
2026-05-11 17:34: **********Train Epoch 216: averaged Loss: 0.000912
2026-05-11 17:34: **********Val Epoch 216: average Loss: 0.024514
2026-05-11 17:34: Train Epoch 217: 0/83 Loss: 0.001552
2026-05-11 17:34: Train Epoch 217: 20/83 Loss: 0.000701
2026-05-11 17:34: Train Epoch 217: 40/83 Loss: 0.000714
2026-05-11 17:34: Train Epoch 217: 60/83 Loss: 0.000394
2026-05-11 17:34: Train Epoch 217: 80/83 Loss: 0.001451
2026-05-11 17:34: **********Train Epoch 217: averaged Loss: 0.000901
2026-05-11 17:34: **********Val Epoch 217: average Loss: 0.022604
2026-05-11 17:34: Train Epoch 218: 0/83 Loss: 0.001316
2026-05-11 17:34: Train Epoch 218: 20/83 Loss: 0.000404
2026-05-11 17:34: Train Epoch 218: 40/83 Loss: 0.000802
2026-05-11 17:34: Train Epoch 218: 60/83 Loss: 0.000564
2026-05-11 17:34: Train Epoch 218: 80/83 Loss: 0.001577
2026-05-11 17:34: **********Train Epoch 218: averaged Loss: 0.000994
2026-05-11 17:34: **********Val Epoch 218: average Loss: 0.024488
2026-05-11 17:34: Train Epoch 219: 0/83 Loss: 0.000913
2026-05-11 17:34: Train Epoch 219: 20/83 Loss: 0.000458
2026-05-11 17:34: Train Epoch 219: 40/83 Loss: 0.000608
2026-05-11 17:34: Train Epoch 219: 60/83 Loss: 0.000555
2026-05-11 17:34: Train Epoch 219: 80/83 Loss: 0.001043
2026-05-11 17:34: **********Train Epoch 219: averaged Loss: 0.000870
2026-05-11 17:34: **********Val Epoch 219: average Loss: 0.026321
2026-05-11 17:34: Train Epoch 220: 0/83 Loss: 0.002241
2026-05-11 17:34: Train Epoch 220: 20/83 Loss: 0.000907
2026-05-11 17:34: Train Epoch 220: 40/83 Loss: 0.000958
2026-05-11 17:34: Train Epoch 220: 60/83 Loss: 0.000869
2026-05-11 17:34: Train Epoch 220: 80/83 Loss: 0.000709
2026-05-11 17:34: **********Train Epoch 220: averaged Loss: 0.000908
2026-05-11 17:34: **********Val Epoch 220: average Loss: 0.024754
2026-05-11 17:34: Train Epoch 221: 0/83 Loss: 0.001194
2026-05-11 17:34: Train Epoch 221: 20/83 Loss: 0.000740
2026-05-11 17:34: Train Epoch 221: 40/83 Loss: 0.001034
2026-05-11 17:34: Train Epoch 221: 60/83 Loss: 0.000632
2026-05-11 17:34: Train Epoch 221: 80/83 Loss: 0.001184
2026-05-11 17:34: **********Train Epoch 221: averaged Loss: 0.000914
2026-05-11 17:34: **********Val Epoch 221: average Loss: 0.025197
2026-05-11 17:34: Train Epoch 222: 0/83 Loss: 0.001088
2026-05-11 17:34: Train Epoch 222: 20/83 Loss: 0.000700
2026-05-11 17:34: Train Epoch 222: 40/83 Loss: 0.000463
2026-05-11 17:34: Train Epoch 222: 60/83 Loss: 0.000569
2026-05-11 17:34: Train Epoch 222: 80/83 Loss: 0.001012
2026-05-11 17:34: **********Train Epoch 222: averaged Loss: 0.000731
2026-05-11 17:34: **********Val Epoch 222: average Loss: 0.023824
2026-05-11 17:34: Train Epoch 223: 0/83 Loss: 0.001946
2026-05-11 17:34: Train Epoch 223: 20/83 Loss: 0.000386
2026-05-11 17:34: Train Epoch 223: 40/83 Loss: 0.000523
2026-05-11 17:34: Train Epoch 223: 60/83 Loss: 0.000425
2026-05-11 17:34: Train Epoch 223: 80/83 Loss: 0.000709
2026-05-11 17:34: **********Train Epoch 223: averaged Loss: 0.000638
2026-05-11 17:34: **********Val Epoch 223: average Loss: 0.023662
2026-05-11 17:34: Train Epoch 224: 0/83 Loss: 0.001237
2026-05-11 17:34: Train Epoch 224: 20/83 Loss: 0.000302
2026-05-11 17:34: Train Epoch 224: 40/83 Loss: 0.000599
2026-05-11 17:34: Train Epoch 224: 60/83 Loss: 0.000404
2026-05-11 17:34: Train Epoch 224: 80/83 Loss: 0.000626
2026-05-11 17:34: **********Train Epoch 224: averaged Loss: 0.000560
2026-05-11 17:34: **********Val Epoch 224: average Loss: 0.025046
2026-05-11 17:34: Train Epoch 225: 0/83 Loss: 0.001226
2026-05-11 17:34: Train Epoch 225: 20/83 Loss: 0.000678
2026-05-11 17:34: Train Epoch 225: 40/83 Loss: 0.000695
2026-05-11 17:34: Train Epoch 225: 60/83 Loss: 0.000309
2026-05-11 17:34: Train Epoch 225: 80/83 Loss: 0.000630
2026-05-11 17:34: **********Train Epoch 225: averaged Loss: 0.000594
2026-05-11 17:34: **********Val Epoch 225: average Loss: 0.024146
2026-05-11 17:34: Train Epoch 226: 0/83 Loss: 0.001005
2026-05-11 17:34: Train Epoch 226: 20/83 Loss: 0.000972
2026-05-11 17:34: Train Epoch 226: 40/83 Loss: 0.000570
2026-05-11 17:34: Train Epoch 226: 60/83 Loss: 0.000206
2026-05-11 17:34: Train Epoch 226: 80/83 Loss: 0.000632
2026-05-11 17:34: **********Train Epoch 226: averaged Loss: 0.000582
2026-05-11 17:34: **********Val Epoch 226: average Loss: 0.023479
2026-05-11 17:34: Train Epoch 227: 0/83 Loss: 0.000875
2026-05-11 17:34: Train Epoch 227: 20/83 Loss: 0.001041
2026-05-11 17:34: Train Epoch 227: 40/83 Loss: 0.000229
2026-05-11 17:34: Train Epoch 227: 60/83 Loss: 0.000467
2026-05-11 17:34: Train Epoch 227: 80/83 Loss: 0.000493
2026-05-11 17:34: **********Train Epoch 227: averaged Loss: 0.000591
2026-05-11 17:34: **********Val Epoch 227: average Loss: 0.021914
2026-05-11 17:34: Train Epoch 228: 0/83 Loss: 0.000292
2026-05-11 17:34: Train Epoch 228: 20/83 Loss: 0.001069
2026-05-11 17:34: Train Epoch 228: 40/83 Loss: 0.000264
2026-05-11 17:34: Train Epoch 228: 60/83 Loss: 0.000325
2026-05-11 17:34: Train Epoch 228: 80/83 Loss: 0.000484
2026-05-11 17:34: **********Train Epoch 228: averaged Loss: 0.000575
2026-05-11 17:34: **********Val Epoch 228: average Loss: 0.020690
2026-05-11 17:34: Train Epoch 229: 0/83 Loss: 0.000494
2026-05-11 17:34: Train Epoch 229: 20/83 Loss: 0.000511
2026-05-11 17:34: Train Epoch 229: 40/83 Loss: 0.000474
2026-05-11 17:34: Train Epoch 229: 60/83 Loss: 0.000364
2026-05-11 17:34: Train Epoch 229: 80/83 Loss: 0.000735
2026-05-11 17:34: **********Train Epoch 229: averaged Loss: 0.000641
2026-05-11 17:34: **********Val Epoch 229: average Loss: 0.020235
2026-05-11 17:34: Train Epoch 230: 0/83 Loss: 0.000596
2026-05-11 17:34: Train Epoch 230: 20/83 Loss: 0.000311
2026-05-11 17:34: Train Epoch 230: 40/83 Loss: 0.000721
2026-05-11 17:34: Train Epoch 230: 60/83 Loss: 0.000317
2026-05-11 17:35: Train Epoch 230: 80/83 Loss: 0.001390
2026-05-11 17:35: **********Train Epoch 230: averaged Loss: 0.000675
2026-05-11 17:35: **********Val Epoch 230: average Loss: 0.020650
2026-05-11 17:35: Train Epoch 231: 0/83 Loss: 0.001213
2026-05-11 17:35: Train Epoch 231: 20/83 Loss: 0.000425
2026-05-11 17:35: Train Epoch 231: 40/83 Loss: 0.000543
2026-05-11 17:35: Train Epoch 231: 60/83 Loss: 0.000524
2026-05-11 17:35: Train Epoch 231: 80/83 Loss: 0.001052
2026-05-11 17:35: **********Train Epoch 231: averaged Loss: 0.000757
2026-05-11 17:35: **********Val Epoch 231: average Loss: 0.018799
2026-05-11 17:35: Train Epoch 232: 0/83 Loss: 0.001517
2026-05-11 17:35: Train Epoch 232: 20/83 Loss: 0.000645
2026-05-11 17:35: Train Epoch 232: 40/83 Loss: 0.000507
2026-05-11 17:35: Train Epoch 232: 60/83 Loss: 0.000445
2026-05-11 17:35: Train Epoch 232: 80/83 Loss: 0.000691
2026-05-11 17:35: **********Train Epoch 232: averaged Loss: 0.000726
2026-05-11 17:35: **********Val Epoch 232: average Loss: 0.017732
2026-05-11 17:35: Train Epoch 233: 0/83 Loss: 0.001274
2026-05-11 17:35: Train Epoch 233: 20/83 Loss: 0.000944
2026-05-11 17:35: Train Epoch 233: 40/83 Loss: 0.000288
2026-05-11 17:35: Train Epoch 233: 60/83 Loss: 0.000900
2026-05-11 17:35: Train Epoch 233: 80/83 Loss: 0.000652
2026-05-11 17:35: **********Train Epoch 233: averaged Loss: 0.000707
2026-05-11 17:35: **********Val Epoch 233: average Loss: 0.017762
2026-05-11 17:35: Train Epoch 234: 0/83 Loss: 0.001048
2026-05-11 17:35: Train Epoch 234: 20/83 Loss: 0.000640
2026-05-11 17:35: Train Epoch 234: 40/83 Loss: 0.000880
2026-05-11 17:35: Train Epoch 234: 60/83 Loss: 0.000343
2026-05-11 17:35: Train Epoch 234: 80/83 Loss: 0.001335
2026-05-11 17:35: **********Train Epoch 234: averaged Loss: 0.000657
2026-05-11 17:35: **********Val Epoch 234: average Loss: 0.020010
2026-05-11 17:35: Train Epoch 235: 0/83 Loss: 0.000520
2026-05-11 17:35: Train Epoch 235: 20/83 Loss: 0.000377
2026-05-11 17:35: Train Epoch 235: 40/83 Loss: 0.000551
2026-05-11 17:35: Train Epoch 235: 60/83 Loss: 0.000305
2026-05-11 17:35: Train Epoch 235: 80/83 Loss: 0.000661
2026-05-11 17:35: **********Train Epoch 235: averaged Loss: 0.000534
2026-05-11 17:35: **********Val Epoch 235: average Loss: 0.019983
2026-05-11 17:35: Train Epoch 236: 0/83 Loss: 0.000657
2026-05-11 17:35: Train Epoch 236: 20/83 Loss: 0.000283
2026-05-11 17:35: Train Epoch 236: 40/83 Loss: 0.000552
2026-05-11 17:35: Train Epoch 236: 60/83 Loss: 0.000292
2026-05-11 17:35: Train Epoch 236: 80/83 Loss: 0.001111
2026-05-11 17:35: **********Train Epoch 236: averaged Loss: 0.000475
2026-05-11 17:35: **********Val Epoch 236: average Loss: 0.020895
2026-05-11 17:35: Train Epoch 237: 0/83 Loss: 0.000969
2026-05-11 17:35: Train Epoch 237: 20/83 Loss: 0.000528
2026-05-11 17:35: Train Epoch 237: 40/83 Loss: 0.000292
2026-05-11 17:35: Train Epoch 237: 60/83 Loss: 0.000314
2026-05-11 17:35: Train Epoch 237: 80/83 Loss: 0.000520
2026-05-11 17:35: **********Train Epoch 237: averaged Loss: 0.000442
2026-05-11 17:35: **********Val Epoch 237: average Loss: 0.021981
2026-05-11 17:35: Train Epoch 238: 0/83 Loss: 0.000949
2026-05-11 17:35: Train Epoch 238: 20/83 Loss: 0.000524
2026-05-11 17:35: Train Epoch 238: 40/83 Loss: 0.000319
2026-05-11 17:35: Train Epoch 238: 60/83 Loss: 0.000311
2026-05-11 17:35: Train Epoch 238: 80/83 Loss: 0.000433
2026-05-11 17:35: **********Train Epoch 238: averaged Loss: 0.000450
2026-05-11 17:35: **********Val Epoch 238: average Loss: 0.022576
2026-05-11 17:35: Train Epoch 239: 0/83 Loss: 0.000407
2026-05-11 17:35: Train Epoch 239: 20/83 Loss: 0.000394
2026-05-11 17:35: Train Epoch 239: 40/83 Loss: 0.000469
2026-05-11 17:35: Train Epoch 239: 60/83 Loss: 0.000207
2026-05-11 17:35: Train Epoch 239: 80/83 Loss: 0.000346
2026-05-11 17:35: **********Train Epoch 239: averaged Loss: 0.000458
2026-05-11 17:35: **********Val Epoch 239: average Loss: 0.023117
2026-05-11 17:35: Train Epoch 240: 0/83 Loss: 0.000886
2026-05-11 17:35: Train Epoch 240: 20/83 Loss: 0.000163
2026-05-11 17:35: Train Epoch 240: 40/83 Loss: 0.000271
2026-05-11 17:35: Train Epoch 240: 60/83 Loss: 0.000280
2026-05-11 17:35: Train Epoch 240: 80/83 Loss: 0.000454
2026-05-11 17:35: **********Train Epoch 240: averaged Loss: 0.000475
2026-05-11 17:35: **********Val Epoch 240: average Loss: 0.021581
2026-05-11 17:35: Train Epoch 241: 0/83 Loss: 0.000422
2026-05-11 17:35: Train Epoch 241: 20/83 Loss: 0.000179
2026-05-11 17:35: Train Epoch 241: 40/83 Loss: 0.000553
2026-05-11 17:35: Train Epoch 241: 60/83 Loss: 0.000327
2026-05-11 17:35: Train Epoch 241: 80/83 Loss: 0.000280
2026-05-11 17:35: **********Train Epoch 241: averaged Loss: 0.000448
2026-05-11 17:35: **********Val Epoch 241: average Loss: 0.020832
2026-05-11 17:35: Train Epoch 242: 0/83 Loss: 0.000727
2026-05-11 17:35: Train Epoch 242: 20/83 Loss: 0.000227
2026-05-11 17:35: Train Epoch 242: 40/83 Loss: 0.000423
2026-05-11 17:35: Train Epoch 242: 60/83 Loss: 0.000327
2026-05-11 17:35: Train Epoch 242: 80/83 Loss: 0.000956
2026-05-11 17:35: **********Train Epoch 242: averaged Loss: 0.000467
2026-05-11 17:35: **********Val Epoch 242: average Loss: 0.022158
2026-05-11 17:35: Train Epoch 243: 0/83 Loss: 0.000780
2026-05-11 17:35: Train Epoch 243: 20/83 Loss: 0.000320
2026-05-11 17:35: Train Epoch 243: 40/83 Loss: 0.000412
2026-05-11 17:35: Train Epoch 243: 60/83 Loss: 0.000399
2026-05-11 17:35: Train Epoch 243: 80/83 Loss: 0.000842
2026-05-11 17:35: **********Train Epoch 243: averaged Loss: 0.000504
2026-05-11 17:35: **********Val Epoch 243: average Loss: 0.023402
2026-05-11 17:35: Train Epoch 244: 0/83 Loss: 0.001208
2026-05-11 17:35: Train Epoch 244: 20/83 Loss: 0.000420
2026-05-11 17:35: Train Epoch 244: 40/83 Loss: 0.000296
2026-05-11 17:35: Train Epoch 244: 60/83 Loss: 0.000765
2026-05-11 17:35: Train Epoch 244: 80/83 Loss: 0.000747
2026-05-11 17:35: **********Train Epoch 244: averaged Loss: 0.000647
2026-05-11 17:35: **********Val Epoch 244: average Loss: 0.024602
2026-05-11 17:35: Train Epoch 245: 0/83 Loss: 0.000956
2026-05-11 17:35: Train Epoch 245: 20/83 Loss: 0.000334
2026-05-11 17:35: Train Epoch 245: 40/83 Loss: 0.000371
2026-05-11 17:35: Train Epoch 245: 60/83 Loss: 0.000647
2026-05-11 17:35: Train Epoch 245: 80/83 Loss: 0.001297
2026-05-11 17:35: **********Train Epoch 245: averaged Loss: 0.000699
2026-05-11 17:35: **********Val Epoch 245: average Loss: 0.022951
2026-05-11 17:35: Train Epoch 246: 0/83 Loss: 0.000605
2026-05-11 17:35: Train Epoch 246: 20/83 Loss: 0.000363
2026-05-11 17:35: Train Epoch 246: 40/83 Loss: 0.000653
2026-05-11 17:35: Train Epoch 246: 60/83 Loss: 0.000646
2026-05-11 17:36: Train Epoch 246: 80/83 Loss: 0.001380
2026-05-11 17:36: **********Train Epoch 246: averaged Loss: 0.000746
2026-05-11 17:36: **********Val Epoch 246: average Loss: 0.021129
2026-05-11 17:36: Train Epoch 247: 0/83 Loss: 0.000709
2026-05-11 17:36: Train Epoch 247: 20/83 Loss: 0.000543
2026-05-11 17:36: Train Epoch 247: 40/83 Loss: 0.000408
2026-05-11 17:36: Train Epoch 247: 60/83 Loss: 0.000319
2026-05-11 17:36: Train Epoch 247: 80/83 Loss: 0.000722
2026-05-11 17:36: **********Train Epoch 247: averaged Loss: 0.000632
2026-05-11 17:36: **********Val Epoch 247: average Loss: 0.021584
2026-05-11 17:36: Train Epoch 248: 0/83 Loss: 0.000897
2026-05-11 17:36: Train Epoch 248: 20/83 Loss: 0.000164
2026-05-11 17:36: Train Epoch 248: 40/83 Loss: 0.000238
2026-05-11 17:36: Train Epoch 248: 60/83 Loss: 0.000842
2026-05-11 17:36: Train Epoch 248: 80/83 Loss: 0.000581
2026-05-11 17:36: **********Train Epoch 248: averaged Loss: 0.000538
2026-05-11 17:36: **********Val Epoch 248: average Loss: 0.019812
2026-05-11 17:36: Train Epoch 249: 0/83 Loss: 0.000723
2026-05-11 17:36: Train Epoch 249: 20/83 Loss: 0.000225
2026-05-11 17:36: Train Epoch 249: 40/83 Loss: 0.000110
2026-05-11 17:36: Train Epoch 249: 60/83 Loss: 0.000293
2026-05-11 17:36: Train Epoch 249: 80/83 Loss: 0.000837
2026-05-11 17:36: **********Train Epoch 249: averaged Loss: 0.000384
2026-05-11 17:36: **********Val Epoch 249: average Loss: 0.018851
2026-05-11 17:36: Train Epoch 250: 0/83 Loss: 0.001091
2026-05-11 17:36: Train Epoch 250: 20/83 Loss: 0.000398
2026-05-11 17:36: Train Epoch 250: 40/83 Loss: 0.000246
2026-05-11 17:36: Train Epoch 250: 60/83 Loss: 0.000241
2026-05-11 17:36: Train Epoch 250: 80/83 Loss: 0.000385
2026-05-11 17:36: **********Train Epoch 250: averaged Loss: 0.000392
2026-05-11 17:36: **********Val Epoch 250: average Loss: 0.018277
2026-05-11 17:36: Train Epoch 251: 0/83 Loss: 0.000697
2026-05-11 17:36: Train Epoch 251: 20/83 Loss: 0.000427
2026-05-11 17:36: Train Epoch 251: 40/83 Loss: 0.000286
2026-05-11 17:36: Train Epoch 251: 60/83 Loss: 0.000213
2026-05-11 17:36: Train Epoch 251: 80/83 Loss: 0.000358
2026-05-11 17:36: **********Train Epoch 251: averaged Loss: 0.000353
2026-05-11 17:36: **********Val Epoch 251: average Loss: 0.018610
2026-05-11 17:36: Train Epoch 252: 0/83 Loss: 0.000435
2026-05-11 17:36: Train Epoch 252: 20/83 Loss: 0.000317
2026-05-11 17:36: Train Epoch 252: 40/83 Loss: 0.000300
2026-05-11 17:36: Train Epoch 252: 60/83 Loss: 0.000141
2026-05-11 17:36: Train Epoch 252: 80/83 Loss: 0.000280
2026-05-11 17:36: **********Train Epoch 252: averaged Loss: 0.000316
2026-05-11 17:36: **********Val Epoch 252: average Loss: 0.018586
2026-05-11 17:36: Train Epoch 253: 0/83 Loss: 0.000237
2026-05-11 17:36: Train Epoch 253: 20/83 Loss: 0.000223
2026-05-11 17:36: Train Epoch 253: 40/83 Loss: 0.000235
2026-05-11 17:36: Train Epoch 253: 60/83 Loss: 0.000278
2026-05-11 17:36: Train Epoch 253: 80/83 Loss: 0.000485
2026-05-11 17:36: **********Train Epoch 253: averaged Loss: 0.000284
2026-05-11 17:36: **********Val Epoch 253: average Loss: 0.017957
2026-05-11 17:36: Train Epoch 254: 0/83 Loss: 0.000411
2026-05-11 17:36: Train Epoch 254: 20/83 Loss: 0.000141
2026-05-11 17:36: Train Epoch 254: 40/83 Loss: 0.000288
2026-05-11 17:36: Train Epoch 254: 60/83 Loss: 0.000287
2026-05-11 17:36: Train Epoch 254: 80/83 Loss: 0.000526
2026-05-11 17:36: **********Train Epoch 254: averaged Loss: 0.000287
2026-05-11 17:36: **********Val Epoch 254: average Loss: 0.017191
2026-05-11 17:36: Train Epoch 255: 0/83 Loss: 0.000328
2026-05-11 17:36: Train Epoch 255: 20/83 Loss: 0.000111
2026-05-11 17:36: Train Epoch 255: 40/83 Loss: 0.000397
2026-05-11 17:36: Train Epoch 255: 60/83 Loss: 0.000423
2026-05-11 17:36: Train Epoch 255: 80/83 Loss: 0.000566
2026-05-11 17:36: **********Train Epoch 255: averaged Loss: 0.000319
2026-05-11 17:36: **********Val Epoch 255: average Loss: 0.016708
2026-05-11 17:36: Train Epoch 256: 0/83 Loss: 0.000366
2026-05-11 17:36: Train Epoch 256: 20/83 Loss: 0.000184
2026-05-11 17:36: Train Epoch 256: 40/83 Loss: 0.000216
2026-05-11 17:36: Train Epoch 256: 60/83 Loss: 0.000339
2026-05-11 17:36: Train Epoch 256: 80/83 Loss: 0.000487
2026-05-11 17:36: **********Train Epoch 256: averaged Loss: 0.000370
2026-05-11 17:36: **********Val Epoch 256: average Loss: 0.016661
2026-05-11 17:36: Train Epoch 257: 0/83 Loss: 0.000372
2026-05-11 17:36: Train Epoch 257: 20/83 Loss: 0.000179
2026-05-11 17:36: Train Epoch 257: 40/83 Loss: 0.000475
2026-05-11 17:36: Train Epoch 257: 60/83 Loss: 0.000424
2026-05-11 17:36: Train Epoch 257: 80/83 Loss: 0.000501
2026-05-11 17:36: **********Train Epoch 257: averaged Loss: 0.000485
2026-05-11 17:36: **********Val Epoch 257: average Loss: 0.017241
2026-05-11 17:36: Train Epoch 258: 0/83 Loss: 0.000531
2026-05-11 17:36: Train Epoch 258: 20/83 Loss: 0.000336
2026-05-11 17:36: Train Epoch 258: 40/83 Loss: 0.000482
2026-05-11 17:36: Train Epoch 258: 60/83 Loss: 0.000758
2026-05-11 17:36: Train Epoch 258: 80/83 Loss: 0.002347
2026-05-11 17:36: **********Train Epoch 258: averaged Loss: 0.000652
2026-05-11 17:36: **********Val Epoch 258: average Loss: 0.018677
2026-05-11 17:36: Train Epoch 259: 0/83 Loss: 0.000896
2026-05-11 17:36: Train Epoch 259: 20/83 Loss: 0.000721
2026-05-11 17:36: Train Epoch 259: 40/83 Loss: 0.001153
2026-05-11 17:36: Train Epoch 259: 60/83 Loss: 0.000688
2026-05-11 17:36: Train Epoch 259: 80/83 Loss: 0.000976
2026-05-11 17:36: **********Train Epoch 259: averaged Loss: 0.000787
2026-05-11 17:36: **********Val Epoch 259: average Loss: 0.021758
2026-05-11 17:36: Train Epoch 260: 0/83 Loss: 0.000888
2026-05-11 17:36: Train Epoch 260: 20/83 Loss: 0.000724
2026-05-11 17:36: Train Epoch 260: 40/83 Loss: 0.000591
2026-05-11 17:36: Train Epoch 260: 60/83 Loss: 0.000677
2026-05-11 17:36: Train Epoch 260: 80/83 Loss: 0.000778
2026-05-11 17:36: **********Train Epoch 260: averaged Loss: 0.000755
2026-05-11 17:36: **********Val Epoch 260: average Loss: 0.021267
2026-05-11 17:36: Train Epoch 261: 0/83 Loss: 0.000575
2026-05-11 17:36: Train Epoch 261: 20/83 Loss: 0.000335
2026-05-11 17:36: Train Epoch 261: 40/83 Loss: 0.000677
2026-05-11 17:36: Train Epoch 261: 60/83 Loss: 0.000553
2026-05-11 17:36: Train Epoch 261: 80/83 Loss: 0.001258
2026-05-11 17:36: **********Train Epoch 261: averaged Loss: 0.000718
2026-05-11 17:36: **********Val Epoch 261: average Loss: 0.021517
2026-05-11 17:36: Train Epoch 262: 0/83 Loss: 0.002059
2026-05-11 17:36: Train Epoch 262: 20/83 Loss: 0.000379
2026-05-11 17:36: Train Epoch 262: 40/83 Loss: 0.001198
2026-05-11 17:36: Train Epoch 262: 60/83 Loss: 0.000710
2026-05-11 17:36: Train Epoch 262: 80/83 Loss: 0.000615
2026-05-11 17:36: **********Train Epoch 262: averaged Loss: 0.000759
2026-05-11 17:36: **********Val Epoch 262: average Loss: 0.025751
2026-05-11 17:36: Train Epoch 263: 0/83 Loss: 0.000697
2026-05-11 17:36: Train Epoch 263: 20/83 Loss: 0.000345
2026-05-11 17:36: Train Epoch 263: 40/83 Loss: 0.000589
2026-05-11 17:36: Train Epoch 263: 60/83 Loss: 0.000524
2026-05-11 17:37: Train Epoch 263: 80/83 Loss: 0.001028
2026-05-11 17:37: **********Train Epoch 263: averaged Loss: 0.000710
2026-05-11 17:37: **********Val Epoch 263: average Loss: 0.026583
2026-05-11 17:37: Train Epoch 264: 0/83 Loss: 0.001029
2026-05-11 17:37: Train Epoch 264: 20/83 Loss: 0.000659
2026-05-11 17:37: Train Epoch 264: 40/83 Loss: 0.000370
2026-05-11 17:37: Train Epoch 264: 60/83 Loss: 0.000446
2026-05-11 17:37: Train Epoch 264: 80/83 Loss: 0.000589
2026-05-11 17:37: **********Train Epoch 264: averaged Loss: 0.000685
2026-05-11 17:37: **********Val Epoch 264: average Loss: 0.022914
2026-05-11 17:37: Train Epoch 265: 0/83 Loss: 0.000636
2026-05-11 17:37: Train Epoch 265: 20/83 Loss: 0.000459
2026-05-11 17:37: Train Epoch 265: 40/83 Loss: 0.000722
2026-05-11 17:37: Train Epoch 265: 60/83 Loss: 0.000637
2026-05-11 17:37: Train Epoch 265: 80/83 Loss: 0.000501
2026-05-11 17:37: **********Train Epoch 265: averaged Loss: 0.000676
2026-05-11 17:37: **********Val Epoch 265: average Loss: 0.020783
2026-05-11 17:37: Train Epoch 266: 0/83 Loss: 0.000714
2026-05-11 17:37: Train Epoch 266: 20/83 Loss: 0.000490
2026-05-11 17:37: Train Epoch 266: 40/83 Loss: 0.000524
2026-05-11 17:37: Train Epoch 266: 60/83 Loss: 0.000306
2026-05-11 17:37: Train Epoch 266: 80/83 Loss: 0.000807
2026-05-11 17:37: **********Train Epoch 266: averaged Loss: 0.000591
2026-05-11 17:37: **********Val Epoch 266: average Loss: 0.020529
2026-05-11 17:37: Train Epoch 267: 0/83 Loss: 0.000540
2026-05-11 17:37: Train Epoch 267: 20/83 Loss: 0.000368
2026-05-11 17:37: Train Epoch 267: 40/83 Loss: 0.000349
2026-05-11 17:37: Train Epoch 267: 60/83 Loss: 0.000354
2026-05-11 17:37: Train Epoch 267: 80/83 Loss: 0.000791
2026-05-11 17:37: **********Train Epoch 267: averaged Loss: 0.000461
2026-05-11 17:37: **********Val Epoch 267: average Loss: 0.018699
2026-05-11 17:37: Train Epoch 268: 0/83 Loss: 0.000530
2026-05-11 17:37: Train Epoch 268: 20/83 Loss: 0.000544
2026-05-11 17:37: Train Epoch 268: 40/83 Loss: 0.000363
2026-05-11 17:37: Train Epoch 268: 60/83 Loss: 0.000265
2026-05-11 17:37: Train Epoch 268: 80/83 Loss: 0.000511
2026-05-11 17:37: **********Train Epoch 268: averaged Loss: 0.000431
2026-05-11 17:37: **********Val Epoch 268: average Loss: 0.018272
2026-05-11 17:37: Train Epoch 269: 0/83 Loss: 0.000550
2026-05-11 17:37: Train Epoch 269: 20/83 Loss: 0.000482
2026-05-11 17:37: Train Epoch 269: 40/83 Loss: 0.000585
2026-05-11 17:37: Train Epoch 269: 60/83 Loss: 0.000262
2026-05-11 17:37: Train Epoch 269: 80/83 Loss: 0.000591
2026-05-11 17:37: **********Train Epoch 269: averaged Loss: 0.000466
2026-05-11 17:37: **********Val Epoch 269: average Loss: 0.017682
2026-05-11 17:37: Train Epoch 270: 0/83 Loss: 0.000488
2026-05-11 17:37: Train Epoch 270: 20/83 Loss: 0.000435
2026-05-11 17:37: Train Epoch 270: 40/83 Loss: 0.000496
2026-05-11 17:37: Train Epoch 270: 60/83 Loss: 0.000261
2026-05-11 17:37: Train Epoch 270: 80/83 Loss: 0.000617
2026-05-11 17:37: **********Train Epoch 270: averaged Loss: 0.000465
2026-05-11 17:37: **********Val Epoch 270: average Loss: 0.018143
2026-05-11 17:37: Train Epoch 271: 0/83 Loss: 0.000435
2026-05-11 17:37: Train Epoch 271: 20/83 Loss: 0.000352
2026-05-11 17:37: Train Epoch 271: 40/83 Loss: 0.000272
2026-05-11 17:37: Train Epoch 271: 60/83 Loss: 0.000341
2026-05-11 17:37: Train Epoch 271: 80/83 Loss: 0.000388
2026-05-11 17:37: **********Train Epoch 271: averaged Loss: 0.000403
2026-05-11 17:37: **********Val Epoch 271: average Loss: 0.017894
2026-05-11 17:37: Train Epoch 272: 0/83 Loss: 0.000401
2026-05-11 17:37: Train Epoch 272: 20/83 Loss: 0.000236
2026-05-11 17:37: Train Epoch 272: 40/83 Loss: 0.000478
2026-05-11 17:37: Train Epoch 272: 60/83 Loss: 0.000445
2026-05-11 17:37: Train Epoch 272: 80/83 Loss: 0.000354
2026-05-11 17:37: **********Train Epoch 272: averaged Loss: 0.000416
2026-05-11 17:37: **********Val Epoch 272: average Loss: 0.017693
2026-05-11 17:37: Train Epoch 273: 0/83 Loss: 0.000399
2026-05-11 17:37: Train Epoch 273: 20/83 Loss: 0.000239
2026-05-11 17:37: Train Epoch 273: 40/83 Loss: 0.000517
2026-05-11 17:37: Train Epoch 273: 60/83 Loss: 0.000346
2026-05-11 17:37: Train Epoch 273: 80/83 Loss: 0.000404
2026-05-11 17:37: **********Train Epoch 273: averaged Loss: 0.000393
2026-05-11 17:37: **********Val Epoch 273: average Loss: 0.017504
2026-05-11 17:37: Train Epoch 274: 0/83 Loss: 0.000391
2026-05-11 17:37: Train Epoch 274: 20/83 Loss: 0.000344
2026-05-11 17:37: Train Epoch 274: 40/83 Loss: 0.000343
2026-05-11 17:37: Train Epoch 274: 60/83 Loss: 0.000447
2026-05-11 17:37: Train Epoch 274: 80/83 Loss: 0.000447
2026-05-11 17:37: **********Train Epoch 274: averaged Loss: 0.000411
2026-05-11 17:37: **********Val Epoch 274: average Loss: 0.018116
2026-05-11 17:37: Train Epoch 275: 0/83 Loss: 0.000681
2026-05-11 17:37: Train Epoch 275: 20/83 Loss: 0.000305
2026-05-11 17:37: Train Epoch 275: 40/83 Loss: 0.000198
2026-05-11 17:37: Train Epoch 275: 60/83 Loss: 0.000647
2026-05-11 17:37: Train Epoch 275: 80/83 Loss: 0.000470
2026-05-11 17:37: **********Train Epoch 275: averaged Loss: 0.000476
2026-05-11 17:37: **********Val Epoch 275: average Loss: 0.019563
2026-05-11 17:37: Train Epoch 276: 0/83 Loss: 0.000518
2026-05-11 17:37: Train Epoch 276: 20/83 Loss: 0.000313
2026-05-11 17:37: Train Epoch 276: 40/83 Loss: 0.000272
2026-05-11 17:37: Train Epoch 276: 60/83 Loss: 0.000374
2026-05-11 17:37: Train Epoch 276: 80/83 Loss: 0.001016
2026-05-11 17:37: **********Train Epoch 276: averaged Loss: 0.000499
2026-05-11 17:37: **********Val Epoch 276: average Loss: 0.020775
2026-05-11 17:37: Train Epoch 277: 0/83 Loss: 0.001221
2026-05-11 17:37: Train Epoch 277: 20/83 Loss: 0.000487
2026-05-11 17:37: Train Epoch 277: 40/83 Loss: 0.000255
2026-05-11 17:37: Train Epoch 277: 60/83 Loss: 0.000309
2026-05-11 17:37: Train Epoch 277: 80/83 Loss: 0.000894
2026-05-11 17:37: **********Train Epoch 277: averaged Loss: 0.000573
2026-05-11 17:37: **********Val Epoch 277: average Loss: 0.024416
2026-05-11 17:37: Train Epoch 278: 0/83 Loss: 0.001089
2026-05-11 17:37: Train Epoch 278: 20/83 Loss: 0.000373
2026-05-11 17:37: Train Epoch 278: 40/83 Loss: 0.000630
2026-05-11 17:37: Train Epoch 278: 60/83 Loss: 0.000676
2026-05-11 17:37: Train Epoch 278: 80/83 Loss: 0.001461
2026-05-11 17:37: **********Train Epoch 278: averaged Loss: 0.000645
2026-05-11 17:37: **********Val Epoch 278: average Loss: 0.022668
2026-05-11 17:37: Train Epoch 279: 0/83 Loss: 0.000683
2026-05-11 17:37: Train Epoch 279: 20/83 Loss: 0.000504
2026-05-11 17:37: Train Epoch 279: 40/83 Loss: 0.000674
2026-05-11 17:37: Train Epoch 279: 60/83 Loss: 0.000308
2026-05-11 17:37: Train Epoch 279: 80/83 Loss: 0.000834
2026-05-11 17:37: **********Train Epoch 279: averaged Loss: 0.000714
2026-05-11 17:37: **********Val Epoch 279: average Loss: 0.021070
2026-05-11 17:37: Train Epoch 280: 0/83 Loss: 0.000987
2026-05-11 17:37: Train Epoch 280: 20/83 Loss: 0.000697
2026-05-11 17:37: Train Epoch 280: 40/83 Loss: 0.000673
2026-05-11 17:37: Train Epoch 280: 60/83 Loss: 0.000605
2026-05-11 17:37: Train Epoch 280: 80/83 Loss: 0.000805
2026-05-11 17:37: **********Train Epoch 280: averaged Loss: 0.000643
2026-05-11 17:37: **********Val Epoch 280: average Loss: 0.021126
2026-05-11 17:37: Train Epoch 281: 0/83 Loss: 0.000478
2026-05-11 17:38: Train Epoch 281: 20/83 Loss: 0.000745
2026-05-11 17:38: Train Epoch 281: 40/83 Loss: 0.000386
2026-05-11 17:38: Train Epoch 281: 60/83 Loss: 0.000461
2026-05-11 17:38: Train Epoch 281: 80/83 Loss: 0.000691
2026-05-11 17:38: **********Train Epoch 281: averaged Loss: 0.000539
2026-05-11 17:38: **********Val Epoch 281: average Loss: 0.020391
2026-05-11 17:38: Train Epoch 282: 0/83 Loss: 0.000575
2026-05-11 17:38: Train Epoch 282: 20/83 Loss: 0.000431
2026-05-11 17:38: Train Epoch 282: 40/83 Loss: 0.000495
2026-05-11 17:38: Train Epoch 282: 60/83 Loss: 0.000570
2026-05-11 17:38: Train Epoch 282: 80/83 Loss: 0.000560
2026-05-11 17:38: **********Train Epoch 282: averaged Loss: 0.000558
2026-05-11 17:38: **********Val Epoch 282: average Loss: 0.020345
2026-05-11 17:38: Train Epoch 283: 0/83 Loss: 0.001156
2026-05-11 17:38: Train Epoch 283: 20/83 Loss: 0.000496
2026-05-11 17:38: Train Epoch 283: 40/83 Loss: 0.000537
2026-05-11 17:38: Train Epoch 283: 60/83 Loss: 0.000395
2026-05-11 17:38: Train Epoch 283: 80/83 Loss: 0.000865
2026-05-11 17:38: **********Train Epoch 283: averaged Loss: 0.000584
2026-05-11 17:38: **********Val Epoch 283: average Loss: 0.019106
2026-05-11 17:38: Train Epoch 284: 0/83 Loss: 0.000668
2026-05-11 17:38: Train Epoch 284: 20/83 Loss: 0.000390
2026-05-11 17:38: Train Epoch 284: 40/83 Loss: 0.000371
2026-05-11 17:38: Train Epoch 284: 60/83 Loss: 0.000393
2026-05-11 17:38: Train Epoch 284: 80/83 Loss: 0.001043
2026-05-11 17:38: **********Train Epoch 284: averaged Loss: 0.000567
2026-05-11 17:38: **********Val Epoch 284: average Loss: 0.017636
2026-05-11 17:38: Train Epoch 285: 0/83 Loss: 0.000642
2026-05-11 17:38: Train Epoch 285: 20/83 Loss: 0.000538
2026-05-11 17:38: Train Epoch 285: 40/83 Loss: 0.000286
2026-05-11 17:38: Train Epoch 285: 60/83 Loss: 0.000377
2026-05-11 17:38: Train Epoch 285: 80/83 Loss: 0.001219
2026-05-11 17:38: **********Train Epoch 285: averaged Loss: 0.000548
2026-05-11 17:38: **********Val Epoch 285: average Loss: 0.016277
2026-05-11 17:38: Train Epoch 286: 0/83 Loss: 0.000822
2026-05-11 17:38: Train Epoch 286: 20/83 Loss: 0.000564
2026-05-11 17:38: Train Epoch 286: 40/83 Loss: 0.000384
2026-05-11 17:38: Train Epoch 286: 60/83 Loss: 0.000380
2026-05-11 17:38: Train Epoch 286: 80/83 Loss: 0.001133
2026-05-11 17:38: **********Train Epoch 286: averaged Loss: 0.000544
2026-05-11 17:38: **********Val Epoch 286: average Loss: 0.016726
2026-05-11 17:38: Train Epoch 287: 0/83 Loss: 0.000708
2026-05-11 17:38: Train Epoch 287: 20/83 Loss: 0.000559
2026-05-11 17:38: Train Epoch 287: 40/83 Loss: 0.000343
2026-05-11 17:38: Train Epoch 287: 60/83 Loss: 0.000507
2026-05-11 17:38: Train Epoch 287: 80/83 Loss: 0.000638
2026-05-11 17:38: **********Train Epoch 287: averaged Loss: 0.000551
2026-05-11 17:38: **********Val Epoch 287: average Loss: 0.017407
2026-05-11 17:38: Train Epoch 288: 0/83 Loss: 0.000720
2026-05-11 17:38: Train Epoch 288: 20/83 Loss: 0.000295
2026-05-11 17:38: Train Epoch 288: 40/83 Loss: 0.000512
2026-05-11 17:38: Train Epoch 288: 60/83 Loss: 0.000459
2026-05-11 17:38: Train Epoch 288: 80/83 Loss: 0.000667
2026-05-11 17:38: **********Train Epoch 288: averaged Loss: 0.000556
2026-05-11 17:38: **********Val Epoch 288: average Loss: 0.017460
2026-05-11 17:38: Train Epoch 289: 0/83 Loss: 0.000370
2026-05-11 17:38: Train Epoch 289: 20/83 Loss: 0.000308
2026-05-11 17:38: Train Epoch 289: 40/83 Loss: 0.000340
2026-05-11 17:38: Train Epoch 289: 60/83 Loss: 0.000216
2026-05-11 17:38: Train Epoch 289: 80/83 Loss: 0.002206
2026-05-11 17:38: **********Train Epoch 289: averaged Loss: 0.000545
2026-05-11 17:38: **********Val Epoch 289: average Loss: 0.019243
2026-05-11 17:38: Train Epoch 290: 0/83 Loss: 0.000472
2026-05-11 17:38: Train Epoch 290: 20/83 Loss: 0.000479
2026-05-11 17:38: Train Epoch 290: 40/83 Loss: 0.000277
2026-05-11 17:38: Train Epoch 290: 60/83 Loss: 0.000350
2026-05-11 17:38: Train Epoch 290: 80/83 Loss: 0.001220
2026-05-11 17:38: **********Train Epoch 290: averaged Loss: 0.000513
2026-05-11 17:38: **********Val Epoch 290: average Loss: 0.021712
2026-05-11 17:38: Train Epoch 291: 0/83 Loss: 0.001124
2026-05-11 17:38: Train Epoch 291: 20/83 Loss: 0.000490
2026-05-11 17:38: Train Epoch 291: 40/83 Loss: 0.000409
2026-05-11 17:38: Train Epoch 291: 60/83 Loss: 0.000677
2026-05-11 17:38: Train Epoch 291: 80/83 Loss: 0.000895
2026-05-11 17:38: **********Train Epoch 291: averaged Loss: 0.000535
2026-05-11 17:38: **********Val Epoch 291: average Loss: 0.022986
2026-05-11 17:38: Train Epoch 292: 0/83 Loss: 0.000913
2026-05-11 17:38: Train Epoch 292: 20/83 Loss: 0.000270
2026-05-11 17:38: Train Epoch 292: 40/83 Loss: 0.000452
2026-05-11 17:38: Train Epoch 292: 60/83 Loss: 0.000329
2026-05-11 17:38: Train Epoch 292: 80/83 Loss: 0.000390
2026-05-11 17:38: **********Train Epoch 292: averaged Loss: 0.000567
2026-05-11 17:38: **********Val Epoch 292: average Loss: 0.025583
2026-05-11 17:38: Train Epoch 293: 0/83 Loss: 0.000779
2026-05-11 17:38: Train Epoch 293: 20/83 Loss: 0.000571
2026-05-11 17:38: Train Epoch 293: 40/83 Loss: 0.000503
2026-05-11 17:38: Train Epoch 293: 60/83 Loss: 0.000371
2026-05-11 17:38: Train Epoch 293: 80/83 Loss: 0.000567
2026-05-11 17:38: **********Train Epoch 293: averaged Loss: 0.000610
2026-05-11 17:38: **********Val Epoch 293: average Loss: 0.024138
2026-05-11 17:38: Train Epoch 294: 0/83 Loss: 0.000665
2026-05-11 17:38: Train Epoch 294: 20/83 Loss: 0.001027
2026-05-11 17:38: Train Epoch 294: 40/83 Loss: 0.000421
2026-05-11 17:38: Train Epoch 294: 60/83 Loss: 0.000437
2026-05-11 17:38: Train Epoch 294: 80/83 Loss: 0.000609
2026-05-11 17:38: **********Train Epoch 294: averaged Loss: 0.000623
2026-05-11 17:38: **********Val Epoch 294: average Loss: 0.021605
2026-05-11 17:38: Train Epoch 295: 0/83 Loss: 0.000540
2026-05-11 17:38: Train Epoch 295: 20/83 Loss: 0.000791
2026-05-11 17:38: Train Epoch 295: 40/83 Loss: 0.000391
2026-05-11 17:38: Train Epoch 295: 60/83 Loss: 0.000550
2026-05-11 17:38: Train Epoch 295: 80/83 Loss: 0.000742
2026-05-11 17:38: **********Train Epoch 295: averaged Loss: 0.000586
2026-05-11 17:38: **********Val Epoch 295: average Loss: 0.020886
2026-05-11 17:38: Train Epoch 296: 0/83 Loss: 0.000655
2026-05-11 17:39: Train Epoch 296: 20/83 Loss: 0.000421
2026-05-11 17:39: Train Epoch 296: 40/83 Loss: 0.000320
2026-05-11 17:39: Train Epoch 296: 60/83 Loss: 0.000331
2026-05-11 17:39: Train Epoch 296: 80/83 Loss: 0.000546
2026-05-11 17:39: **********Train Epoch 296: averaged Loss: 0.000481
2026-05-11 17:39: **********Val Epoch 296: average Loss: 0.020077
2026-05-11 17:39: Train Epoch 297: 0/83 Loss: 0.000908
2026-05-11 17:39: Train Epoch 297: 20/83 Loss: 0.000384
2026-05-11 17:39: Train Epoch 297: 40/83 Loss: 0.000477
2026-05-11 17:39: Train Epoch 297: 60/83 Loss: 0.000293
2026-05-11 17:39: Train Epoch 297: 80/83 Loss: 0.000752
2026-05-11 17:39: **********Train Epoch 297: averaged Loss: 0.000436
2026-05-11 17:39: **********Val Epoch 297: average Loss: 0.019513
2026-05-11 17:39: Train Epoch 298: 0/83 Loss: 0.000767
2026-05-11 17:39: Train Epoch 298: 20/83 Loss: 0.000363
2026-05-11 17:39: Train Epoch 298: 40/83 Loss: 0.000321
2026-05-11 17:39: Train Epoch 298: 60/83 Loss: 0.000364
2026-05-11 17:39: Train Epoch 298: 80/83 Loss: 0.000623
2026-05-11 17:39: **********Train Epoch 298: averaged Loss: 0.000423
2026-05-11 17:39: **********Val Epoch 298: average Loss: 0.019223
2026-05-11 17:39: Train Epoch 299: 0/83 Loss: 0.000768
2026-05-11 17:39: Train Epoch 299: 20/83 Loss: 0.000283
2026-05-11 17:39: Train Epoch 299: 40/83 Loss: 0.000338
2026-05-11 17:39: Train Epoch 299: 60/83 Loss: 0.000248
2026-05-11 17:39: Train Epoch 299: 80/83 Loss: 0.000535
2026-05-11 17:39: **********Train Epoch 299: averaged Loss: 0.000432
2026-05-11 17:39: **********Val Epoch 299: average Loss: 0.018628
2026-05-11 17:39: Train Epoch 300: 0/83 Loss: 0.000319
2026-05-11 17:39: Train Epoch 300: 20/83 Loss: 0.000258
2026-05-11 17:39: Train Epoch 300: 40/83 Loss: 0.000515
2026-05-11 17:39: Train Epoch 300: 60/83 Loss: 0.000436
2026-05-11 17:39: Train Epoch 300: 80/83 Loss: 0.000249
2026-05-11 17:39: **********Train Epoch 300: averaged Loss: 0.000385
2026-05-11 17:39: **********Val Epoch 300: average Loss: 0.018438
2026-05-11 17:39: Train Epoch 301: 0/83 Loss: 0.000440
2026-05-11 17:39: Train Epoch 301: 20/83 Loss: 0.000321
2026-05-11 17:39: Train Epoch 301: 40/83 Loss: 0.000252
2026-05-11 17:39: Train Epoch 301: 60/83 Loss: 0.000266
2026-05-11 17:39: Train Epoch 301: 80/83 Loss: 0.000504
2026-05-11 17:39: **********Train Epoch 301: averaged Loss: 0.000401
2026-05-11 17:39: **********Val Epoch 301: average Loss: 0.018336
2026-05-11 17:39: Train Epoch 302: 0/83 Loss: 0.000555
2026-05-11 17:39: Train Epoch 302: 20/83 Loss: 0.000542
2026-05-11 17:39: Train Epoch 302: 40/83 Loss: 0.000253
2026-05-11 17:39: Train Epoch 302: 60/83 Loss: 0.000310
2026-05-11 17:39: Train Epoch 302: 80/83 Loss: 0.000539
2026-05-11 17:39: **********Train Epoch 302: averaged Loss: 0.000495
2026-05-11 17:39: **********Val Epoch 302: average Loss: 0.018336
2026-05-11 17:39: Train Epoch 303: 0/83 Loss: 0.000480
2026-05-11 17:39: Train Epoch 303: 20/83 Loss: 0.000481
2026-05-11 17:39: Train Epoch 303: 40/83 Loss: 0.000357
2026-05-11 17:39: Train Epoch 303: 60/83 Loss: 0.000505
2026-05-11 17:39: Train Epoch 303: 80/83 Loss: 0.001302
2026-05-11 17:39: **********Train Epoch 303: averaged Loss: 0.000567
2026-05-11 17:39: **********Val Epoch 303: average Loss: 0.016994
2026-05-11 17:39: Train Epoch 304: 0/83 Loss: 0.000651
2026-05-11 17:39: Train Epoch 304: 20/83 Loss: 0.000373
2026-05-11 17:39: Train Epoch 304: 40/83 Loss: 0.000432
2026-05-11 17:39: Train Epoch 304: 60/83 Loss: 0.000378
2026-05-11 17:39: Train Epoch 304: 80/83 Loss: 0.001000
2026-05-11 17:39: **********Train Epoch 304: averaged Loss: 0.000546
2026-05-11 17:39: **********Val Epoch 304: average Loss: 0.016580
2026-05-11 17:39: Train Epoch 305: 0/83 Loss: 0.000581
2026-05-11 17:39: Train Epoch 305: 20/83 Loss: 0.000426
2026-05-11 17:39: Train Epoch 305: 40/83 Loss: 0.000685
2026-05-11 17:39: Train Epoch 305: 60/83 Loss: 0.000603
2026-05-11 17:39: Train Epoch 305: 80/83 Loss: 0.000589
2026-05-11 17:39: **********Train Epoch 305: averaged Loss: 0.000653
2026-05-11 17:39: **********Val Epoch 305: average Loss: 0.017237
2026-05-11 17:39: Train Epoch 306: 0/83 Loss: 0.000443
2026-05-11 17:39: Train Epoch 306: 20/83 Loss: 0.000267
2026-05-11 17:39: Train Epoch 306: 40/83 Loss: 0.001043
2026-05-11 17:39: Train Epoch 306: 60/83 Loss: 0.000482
2026-05-11 17:39: Train Epoch 306: 80/83 Loss: 0.001948
2026-05-11 17:39: **********Train Epoch 306: averaged Loss: 0.000640
2026-05-11 17:39: **********Val Epoch 306: average Loss: 0.020008
2026-05-11 17:39: Train Epoch 307: 0/83 Loss: 0.000582
2026-05-11 17:39: Train Epoch 307: 20/83 Loss: 0.000533
2026-05-11 17:39: Train Epoch 307: 40/83 Loss: 0.000522
2026-05-11 17:39: Train Epoch 307: 60/83 Loss: 0.000637
2026-05-11 17:39: Train Epoch 307: 80/83 Loss: 0.001230
2026-05-11 17:39: **********Train Epoch 307: averaged Loss: 0.000625
2026-05-11 17:39: **********Val Epoch 307: average Loss: 0.022101
2026-05-11 17:39: Train Epoch 308: 0/83 Loss: 0.001070
2026-05-11 17:39: Train Epoch 308: 20/83 Loss: 0.000530
2026-05-11 17:39: Train Epoch 308: 40/83 Loss: 0.000536
2026-05-11 17:39: Train Epoch 308: 60/83 Loss: 0.000686
2026-05-11 17:39: Train Epoch 308: 80/83 Loss: 0.000719
2026-05-11 17:39: **********Train Epoch 308: averaged Loss: 0.000598
2026-05-11 17:39: **********Val Epoch 308: average Loss: 0.022430
2026-05-11 17:39: Train Epoch 309: 0/83 Loss: 0.000412
2026-05-11 17:39: Train Epoch 309: 20/83 Loss: 0.000459
2026-05-11 17:39: Train Epoch 309: 40/83 Loss: 0.000522
2026-05-11 17:39: Train Epoch 309: 60/83 Loss: 0.000360
2026-05-11 17:39: Train Epoch 309: 80/83 Loss: 0.000548
2026-05-11 17:39: **********Train Epoch 309: averaged Loss: 0.000482
2026-05-11 17:39: **********Val Epoch 309: average Loss: 0.024370
2026-05-11 17:39: Train Epoch 310: 0/83 Loss: 0.000641
2026-05-11 17:39: Train Epoch 310: 20/83 Loss: 0.000520
2026-05-11 17:39: Train Epoch 310: 40/83 Loss: 0.000304
2026-05-11 17:39: Train Epoch 310: 60/83 Loss: 0.000339
2026-05-11 17:39: Train Epoch 310: 80/83 Loss: 0.000516
2026-05-11 17:39: **********Train Epoch 310: averaged Loss: 0.000480
2026-05-11 17:39: **********Val Epoch 310: average Loss: 0.022761
2026-05-11 17:39: Train Epoch 311: 0/83 Loss: 0.000495
2026-05-11 17:39: Train Epoch 311: 20/83 Loss: 0.000428
2026-05-11 17:39: Train Epoch 311: 40/83 Loss: 0.000252
2026-05-11 17:39: Train Epoch 311: 60/83 Loss: 0.000426
2026-05-11 17:39: Train Epoch 311: 80/83 Loss: 0.000364
2026-05-11 17:39: **********Train Epoch 311: averaged Loss: 0.000445
2026-05-11 17:39: **********Val Epoch 311: average Loss: 0.021233
2026-05-11 17:39: Train Epoch 312: 0/83 Loss: 0.000372
2026-05-11 17:39: Train Epoch 312: 20/83 Loss: 0.000371
2026-05-11 17:39: Train Epoch 312: 40/83 Loss: 0.000329
2026-05-11 17:40: Train Epoch 312: 60/83 Loss: 0.000266
2026-05-11 17:40: Train Epoch 312: 80/83 Loss: 0.000251
2026-05-11 17:40: **********Train Epoch 312: averaged Loss: 0.000462
2026-05-11 17:40: **********Val Epoch 312: average Loss: 0.019171
2026-05-11 17:40: Train Epoch 313: 0/83 Loss: 0.000358
2026-05-11 17:40: Train Epoch 313: 20/83 Loss: 0.000382
2026-05-11 17:40: Train Epoch 313: 40/83 Loss: 0.000511
2026-05-11 17:40: Train Epoch 313: 60/83 Loss: 0.000286
2026-05-11 17:40: Train Epoch 313: 80/83 Loss: 0.000425
2026-05-11 17:40: **********Train Epoch 313: averaged Loss: 0.000405
2026-05-11 17:40: **********Val Epoch 313: average Loss: 0.020162
2026-05-11 17:40: Train Epoch 314: 0/83 Loss: 0.000348
2026-05-11 17:40: Train Epoch 314: 20/83 Loss: 0.000264
2026-05-11 17:40: Train Epoch 314: 40/83 Loss: 0.000279
2026-05-11 17:40: Train Epoch 314: 60/83 Loss: 0.000305
2026-05-11 17:40: Train Epoch 314: 80/83 Loss: 0.000493
2026-05-11 17:40: **********Train Epoch 314: averaged Loss: 0.000325
2026-05-11 17:40: **********Val Epoch 314: average Loss: 0.020977
2026-05-11 17:40: Train Epoch 315: 0/83 Loss: 0.000431
2026-05-11 17:40: Train Epoch 315: 20/83 Loss: 0.000176
2026-05-11 17:40: Train Epoch 315: 40/83 Loss: 0.000186
2026-05-11 17:40: Train Epoch 315: 60/83 Loss: 0.000188
2026-05-11 17:40: Train Epoch 315: 80/83 Loss: 0.000253
2026-05-11 17:40: **********Train Epoch 315: averaged Loss: 0.000315
2026-05-11 17:40: **********Val Epoch 315: average Loss: 0.020066
2026-05-11 17:40: Train Epoch 316: 0/83 Loss: 0.000208
2026-05-11 17:40: Train Epoch 316: 20/83 Loss: 0.000228
2026-05-11 17:40: Train Epoch 316: 40/83 Loss: 0.000146
2026-05-11 17:40: Train Epoch 316: 60/83 Loss: 0.000233
2026-05-11 17:40: Train Epoch 316: 80/83 Loss: 0.000296
2026-05-11 17:40: **********Train Epoch 316: averaged Loss: 0.000318
2026-05-11 17:40: **********Val Epoch 316: average Loss: 0.019465
2026-05-11 17:40: Train Epoch 317: 0/83 Loss: 0.000442
2026-05-11 17:40: Train Epoch 317: 20/83 Loss: 0.000264
2026-05-11 17:40: Train Epoch 317: 40/83 Loss: 0.000102
2026-05-11 17:40: Train Epoch 317: 60/83 Loss: 0.000287
2026-05-11 17:40: Train Epoch 317: 80/83 Loss: 0.000759
2026-05-11 17:40: **********Train Epoch 317: averaged Loss: 0.000317
2026-05-11 17:40: **********Val Epoch 317: average Loss: 0.017695
2026-05-11 17:40: Train Epoch 318: 0/83 Loss: 0.000549
2026-05-11 17:40: Train Epoch 318: 20/83 Loss: 0.000177
2026-05-11 17:40: Train Epoch 318: 40/83 Loss: 0.000190
2026-05-11 17:40: Train Epoch 318: 60/83 Loss: 0.000266
2026-05-11 17:40: Train Epoch 318: 80/83 Loss: 0.000684
2026-05-11 17:40: **********Train Epoch 318: averaged Loss: 0.000285
2026-05-11 17:40: **********Val Epoch 318: average Loss: 0.016706
2026-05-11 17:40: Train Epoch 319: 0/83 Loss: 0.000865
2026-05-11 17:40: Train Epoch 319: 20/83 Loss: 0.000349
2026-05-11 17:40: Train Epoch 319: 40/83 Loss: 0.000426
2026-05-11 17:40: Train Epoch 319: 60/83 Loss: 0.000226
2026-05-11 17:40: Train Epoch 319: 80/83 Loss: 0.000250
2026-05-11 17:40: **********Train Epoch 319: averaged Loss: 0.000321
2026-05-11 17:40: **********Val Epoch 319: average Loss: 0.016227
2026-05-11 17:40: Train Epoch 320: 0/83 Loss: 0.000539
2026-05-11 17:40: Train Epoch 320: 20/83 Loss: 0.000272
2026-05-11 17:40: Train Epoch 320: 40/83 Loss: 0.000276
2026-05-11 17:40: Train Epoch 320: 60/83 Loss: 0.000386
2026-05-11 17:40: Train Epoch 320: 80/83 Loss: 0.000340
2026-05-11 17:40: **********Train Epoch 320: averaged Loss: 0.000338
2026-05-11 17:40: **********Val Epoch 320: average Loss: 0.017136
2026-05-11 17:40: Train Epoch 321: 0/83 Loss: 0.000238
2026-05-11 17:40: Train Epoch 321: 20/83 Loss: 0.000152
2026-05-11 17:40: Train Epoch 321: 40/83 Loss: 0.000448
2026-05-11 17:40: Train Epoch 321: 60/83 Loss: 0.000390
2026-05-11 17:40: Train Epoch 321: 80/83 Loss: 0.000242
2026-05-11 17:40: **********Train Epoch 321: averaged Loss: 0.000299
2026-05-11 17:40: **********Val Epoch 321: average Loss: 0.016706
2026-05-11 17:40: Train Epoch 322: 0/83 Loss: 0.000204
2026-05-11 17:40: Train Epoch 322: 20/83 Loss: 0.000171
2026-05-11 17:40: Train Epoch 322: 40/83 Loss: 0.000263
2026-05-11 17:40: Train Epoch 322: 60/83 Loss: 0.000361
2026-05-11 17:40: Train Epoch 322: 80/83 Loss: 0.000510
2026-05-11 17:40: **********Train Epoch 322: averaged Loss: 0.000288
2026-05-11 17:40: **********Val Epoch 322: average Loss: 0.016673
2026-05-11 17:40: Train Epoch 323: 0/83 Loss: 0.000402
2026-05-11 17:40: Train Epoch 323: 20/83 Loss: 0.000130
2026-05-11 17:40: Train Epoch 323: 40/83 Loss: 0.000243
2026-05-11 17:40: Train Epoch 323: 60/83 Loss: 0.000326
2026-05-11 17:40: Train Epoch 323: 80/83 Loss: 0.000685
2026-05-11 17:40: **********Train Epoch 323: averaged Loss: 0.000304
2026-05-11 17:40: **********Val Epoch 323: average Loss: 0.016508
2026-05-11 17:40: Train Epoch 324: 0/83 Loss: 0.000767
2026-05-11 17:40: Train Epoch 324: 20/83 Loss: 0.000098
2026-05-11 17:40: Train Epoch 324: 40/83 Loss: 0.000140
2026-05-11 17:40: Train Epoch 324: 60/83 Loss: 0.000439
2026-05-11 17:40: Train Epoch 324: 80/83 Loss: 0.000323
2026-05-11 17:40: **********Train Epoch 324: averaged Loss: 0.000328
2026-05-11 17:40: **********Val Epoch 324: average Loss: 0.017584
2026-05-11 17:40: Train Epoch 325: 0/83 Loss: 0.000395
2026-05-11 17:40: Train Epoch 325: 20/83 Loss: 0.000263
2026-05-11 17:40: Train Epoch 325: 40/83 Loss: 0.000402
2026-05-11 17:40: Train Epoch 325: 60/83 Loss: 0.000267
2026-05-11 17:40: Train Epoch 325: 80/83 Loss: 0.000776
2026-05-11 17:40: **********Train Epoch 325: averaged Loss: 0.000344
2026-05-11 17:40: **********Val Epoch 325: average Loss: 0.018647
2026-05-11 17:40: Train Epoch 326: 0/83 Loss: 0.000443
2026-05-11 17:40: Train Epoch 326: 20/83 Loss: 0.000338
2026-05-11 17:40: Train Epoch 326: 40/83 Loss: 0.000288
2026-05-11 17:40: Train Epoch 326: 60/83 Loss: 0.000160
2026-05-11 17:40: Train Epoch 326: 80/83 Loss: 0.000556
2026-05-11 17:40: **********Train Epoch 326: averaged Loss: 0.000342
2026-05-11 17:40: **********Val Epoch 326: average Loss: 0.020048
2026-05-11 17:40: Train Epoch 327: 0/83 Loss: 0.000413
2026-05-11 17:40: Train Epoch 327: 20/83 Loss: 0.000282
2026-05-11 17:40: Train Epoch 327: 40/83 Loss: 0.000249
2026-05-11 17:40: Train Epoch 327: 60/83 Loss: 0.000357
2026-05-11 17:40: Train Epoch 327: 80/83 Loss: 0.000558
2026-05-11 17:40: **********Train Epoch 327: averaged Loss: 0.000371
2026-05-11 17:40: **********Val Epoch 327: average Loss: 0.022003
2026-05-11 17:40: Train Epoch 328: 0/83 Loss: 0.000689
2026-05-11 17:40: Train Epoch 328: 20/83 Loss: 0.000203
2026-05-11 17:40: Train Epoch 328: 40/83 Loss: 0.000347
2026-05-11 17:40: Train Epoch 328: 60/83 Loss: 0.000283
2026-05-11 17:41: Train Epoch 328: 80/83 Loss: 0.000522
2026-05-11 17:41: **********Train Epoch 328: averaged Loss: 0.000405
2026-05-11 17:41: **********Val Epoch 328: average Loss: 0.023606
2026-05-11 17:41: Train Epoch 329: 0/83 Loss: 0.000449
2026-05-11 17:41: Train Epoch 329: 20/83 Loss: 0.000191
2026-05-11 17:41: Train Epoch 329: 40/83 Loss: 0.000276
2026-05-11 17:41: Train Epoch 329: 60/83 Loss: 0.000376
2026-05-11 17:41: Train Epoch 329: 80/83 Loss: 0.000500
2026-05-11 17:41: **********Train Epoch 329: averaged Loss: 0.000431
2026-05-11 17:41: **********Val Epoch 329: average Loss: 0.024631
2026-05-11 17:41: Train Epoch 330: 0/83 Loss: 0.000694
2026-05-11 17:41: Train Epoch 330: 20/83 Loss: 0.000411
2026-05-11 17:41: Train Epoch 330: 40/83 Loss: 0.000253
2026-05-11 17:41: Train Epoch 330: 60/83 Loss: 0.000222
2026-05-11 17:41: Train Epoch 330: 80/83 Loss: 0.000401
2026-05-11 17:41: **********Train Epoch 330: averaged Loss: 0.000408
2026-05-11 17:41: **********Val Epoch 330: average Loss: 0.021850
2026-05-11 17:41: Train Epoch 331: 0/83 Loss: 0.000354
2026-05-11 17:41: Train Epoch 331: 20/83 Loss: 0.000561
2026-05-11 17:41: Train Epoch 331: 40/83 Loss: 0.000171
2026-05-11 17:41: Train Epoch 331: 60/83 Loss: 0.000167
2026-05-11 17:41: Train Epoch 331: 80/83 Loss: 0.000634
2026-05-11 17:41: **********Train Epoch 331: averaged Loss: 0.000439
2026-05-11 17:41: **********Val Epoch 331: average Loss: 0.021258
2026-05-11 17:41: Train Epoch 332: 0/83 Loss: 0.000375
2026-05-11 17:41: Train Epoch 332: 20/83 Loss: 0.000412
2026-05-11 17:41: Train Epoch 332: 40/83 Loss: 0.000321
2026-05-11 17:41: Train Epoch 332: 60/83 Loss: 0.000282
2026-05-11 17:41: Train Epoch 332: 80/83 Loss: 0.000597
2026-05-11 17:41: **********Train Epoch 332: averaged Loss: 0.000428
2026-05-11 17:41: **********Val Epoch 332: average Loss: 0.018194
2026-05-11 17:41: Train Epoch 333: 0/83 Loss: 0.000622
2026-05-11 17:41: Train Epoch 333: 20/83 Loss: 0.000147
2026-05-11 17:41: Train Epoch 333: 40/83 Loss: 0.000400
2026-05-11 17:41: Train Epoch 333: 60/83 Loss: 0.000447
2026-05-11 17:41: Train Epoch 333: 80/83 Loss: 0.000708
2026-05-11 17:41: **********Train Epoch 333: averaged Loss: 0.000420
2026-05-11 17:41: **********Val Epoch 333: average Loss: 0.016738
2026-05-11 17:41: Train Epoch 334: 0/83 Loss: 0.000801
2026-05-11 17:41: Train Epoch 334: 20/83 Loss: 0.000224
2026-05-11 17:41: Train Epoch 334: 40/83 Loss: 0.000451
2026-05-11 17:41: Train Epoch 334: 60/83 Loss: 0.000433
2026-05-11 17:41: Train Epoch 334: 80/83 Loss: 0.000444
2026-05-11 17:41: **********Train Epoch 334: averaged Loss: 0.000448
2026-05-11 17:41: **********Val Epoch 334: average Loss: 0.015921
2026-05-11 17:41: Train Epoch 335: 0/83 Loss: 0.000626
2026-05-11 17:41: Train Epoch 335: 20/83 Loss: 0.000352
2026-05-11 17:41: Train Epoch 335: 40/83 Loss: 0.000316
2026-05-11 17:41: Train Epoch 335: 60/83 Loss: 0.000377
2026-05-11 17:41: Train Epoch 335: 80/83 Loss: 0.000421
2026-05-11 17:41: **********Train Epoch 335: averaged Loss: 0.000423
2026-05-11 17:41: **********Val Epoch 335: average Loss: 0.016451
2026-05-11 17:41: Train Epoch 336: 0/83 Loss: 0.001046
2026-05-11 17:41: Train Epoch 336: 20/83 Loss: 0.000197
2026-05-11 17:41: Train Epoch 336: 40/83 Loss: 0.000315
2026-05-11 17:41: Train Epoch 336: 60/83 Loss: 0.000289
2026-05-11 17:41: Train Epoch 336: 80/83 Loss: 0.000462
2026-05-11 17:41: **********Train Epoch 336: averaged Loss: 0.000417
2026-05-11 17:41: **********Val Epoch 336: average Loss: 0.016682
2026-05-11 17:41: Train Epoch 337: 0/83 Loss: 0.000405
2026-05-11 17:41: Train Epoch 337: 20/83 Loss: 0.000157
2026-05-11 17:41: Train Epoch 337: 40/83 Loss: 0.000431
2026-05-11 17:41: Train Epoch 337: 60/83 Loss: 0.000379
2026-05-11 17:41: Train Epoch 337: 80/83 Loss: 0.000762
2026-05-11 17:41: **********Train Epoch 337: averaged Loss: 0.000385
2026-05-11 17:41: **********Val Epoch 337: average Loss: 0.015937
2026-05-11 17:41: Train Epoch 338: 0/83 Loss: 0.000942
2026-05-11 17:41: Train Epoch 338: 20/83 Loss: 0.000190
2026-05-11 17:41: Train Epoch 338: 40/83 Loss: 0.000399
2026-05-11 17:41: Train Epoch 338: 60/83 Loss: 0.000228
2026-05-11 17:41: Train Epoch 338: 80/83 Loss: 0.000581
2026-05-11 17:41: **********Train Epoch 338: averaged Loss: 0.000417
2026-05-11 17:41: **********Val Epoch 338: average Loss: 0.016627
2026-05-11 17:41: Train Epoch 339: 0/83 Loss: 0.000757
2026-05-11 17:41: Train Epoch 339: 20/83 Loss: 0.000170
2026-05-11 17:41: Train Epoch 339: 40/83 Loss: 0.000651
2026-05-11 17:41: Train Epoch 339: 60/83 Loss: 0.000258
2026-05-11 17:41: Train Epoch 339: 80/83 Loss: 0.000659
2026-05-11 17:41: **********Train Epoch 339: averaged Loss: 0.000475
2026-05-11 17:41: **********Val Epoch 339: average Loss: 0.016916
2026-05-11 17:41: Train Epoch 340: 0/83 Loss: 0.000592
2026-05-11 17:41: Train Epoch 340: 20/83 Loss: 0.000366
2026-05-11 17:41: Train Epoch 340: 40/83 Loss: 0.000329
2026-05-11 17:41: Train Epoch 340: 60/83 Loss: 0.000828
2026-05-11 17:41: Train Epoch 340: 80/83 Loss: 0.000730
2026-05-11 17:41: **********Train Epoch 340: averaged Loss: 0.000622
2026-05-11 17:41: **********Val Epoch 340: average Loss: 0.016441
2026-05-11 17:41: Train Epoch 341: 0/83 Loss: 0.000917
2026-05-11 17:41: Train Epoch 341: 20/83 Loss: 0.000694
2026-05-11 17:41: Train Epoch 341: 40/83 Loss: 0.000406
2026-05-11 17:41: Train Epoch 341: 60/83 Loss: 0.000614
2026-05-11 17:41: Train Epoch 341: 80/83 Loss: 0.001239
2026-05-11 17:41: **********Train Epoch 341: averaged Loss: 0.000657
2026-05-11 17:41: **********Val Epoch 341: average Loss: 0.016275
2026-05-11 17:41: Train Epoch 342: 0/83 Loss: 0.000586
2026-05-11 17:41: Train Epoch 342: 20/83 Loss: 0.000793
2026-05-11 17:41: Train Epoch 342: 40/83 Loss: 0.001005
2026-05-11 17:41: Train Epoch 342: 60/83 Loss: 0.000362
2026-05-11 17:41: Train Epoch 342: 80/83 Loss: 0.001011
2026-05-11 17:41: **********Train Epoch 342: averaged Loss: 0.000782
2026-05-11 17:41: **********Val Epoch 342: average Loss: 0.018234
2026-05-11 17:41: Train Epoch 343: 0/83 Loss: 0.001071
2026-05-11 17:41: Train Epoch 343: 20/83 Loss: 0.000365
2026-05-11 17:41: Train Epoch 343: 40/83 Loss: 0.000370
2026-05-11 17:41: Train Epoch 343: 60/83 Loss: 0.000519
2026-05-11 17:41: Train Epoch 343: 80/83 Loss: 0.001860
2026-05-11 17:41: **********Train Epoch 343: averaged Loss: 0.000668
2026-05-11 17:41: **********Val Epoch 343: average Loss: 0.018933
2026-05-11 17:41: Train Epoch 344: 0/83 Loss: 0.000750
2026-05-11 17:42: Train Epoch 344: 20/83 Loss: 0.000381
2026-05-11 17:42: Train Epoch 344: 40/83 Loss: 0.000481
2026-05-11 17:42: Train Epoch 344: 60/83 Loss: 0.000553
2026-05-11 17:42: Train Epoch 344: 80/83 Loss: 0.000749
2026-05-11 17:42: **********Train Epoch 344: averaged Loss: 0.000629
2026-05-11 17:42: **********Val Epoch 344: average Loss: 0.024247
2026-05-11 17:42: Train Epoch 345: 0/83 Loss: 0.001085
2026-05-11 17:42: Train Epoch 345: 20/83 Loss: 0.000376
2026-05-11 17:42: Train Epoch 345: 40/83 Loss: 0.000612
2026-05-11 17:42: Train Epoch 345: 60/83 Loss: 0.000829
2026-05-11 17:42: Train Epoch 345: 80/83 Loss: 0.000531
2026-05-11 17:42: **********Train Epoch 345: averaged Loss: 0.000667
2026-05-11 17:42: **********Val Epoch 345: average Loss: 0.023609
2026-05-11 17:42: Train Epoch 346: 0/83 Loss: 0.000595
2026-05-11 17:42: Train Epoch 346: 20/83 Loss: 0.000562
2026-05-11 17:42: Train Epoch 346: 40/83 Loss: 0.000483
2026-05-11 17:42: Train Epoch 346: 60/83 Loss: 0.000450
2026-05-11 17:42: Train Epoch 346: 80/83 Loss: 0.000890
2026-05-11 17:42: **********Train Epoch 346: averaged Loss: 0.000566
2026-05-11 17:42: **********Val Epoch 346: average Loss: 0.021350
2026-05-11 17:42: Train Epoch 347: 0/83 Loss: 0.000935
2026-05-11 17:42: Train Epoch 347: 20/83 Loss: 0.000370
2026-05-11 17:42: Train Epoch 347: 40/83 Loss: 0.000192
2026-05-11 17:42: Train Epoch 347: 60/83 Loss: 0.000319
2026-05-11 17:42: Train Epoch 347: 80/83 Loss: 0.000579
2026-05-11 17:42: **********Train Epoch 347: averaged Loss: 0.000397
2026-05-11 17:42: **********Val Epoch 347: average Loss: 0.019379
2026-05-11 17:42: Train Epoch 348: 0/83 Loss: 0.000405
2026-05-11 17:42: Train Epoch 348: 20/83 Loss: 0.000174
2026-05-11 17:42: Train Epoch 348: 40/83 Loss: 0.000146
2026-05-11 17:42: Train Epoch 348: 60/83 Loss: 0.000270
2026-05-11 17:42: Train Epoch 348: 80/83 Loss: 0.000442
2026-05-11 17:42: **********Train Epoch 348: averaged Loss: 0.000300
2026-05-11 17:42: **********Val Epoch 348: average Loss: 0.018260
2026-05-11 17:42: Train Epoch 349: 0/83 Loss: 0.000434
2026-05-11 17:42: Train Epoch 349: 20/83 Loss: 0.000176
2026-05-11 17:42: Train Epoch 349: 40/83 Loss: 0.000150
2026-05-11 17:42: Train Epoch 349: 60/83 Loss: 0.000099
2026-05-11 17:42: Train Epoch 349: 80/83 Loss: 0.000298
2026-05-11 17:42: **********Train Epoch 349: averaged Loss: 0.000246
2026-05-11 17:42: **********Val Epoch 349: average Loss: 0.018506
2026-05-11 17:42: Train Epoch 350: 0/83 Loss: 0.000395
2026-05-11 17:42: Train Epoch 350: 20/83 Loss: 0.000110
2026-05-11 17:42: Train Epoch 350: 40/83 Loss: 0.000153
2026-05-11 17:42: Train Epoch 350: 60/83 Loss: 0.000072
2026-05-11 17:42: Train Epoch 350: 80/83 Loss: 0.000359
2026-05-11 17:42: **********Train Epoch 350: averaged Loss: 0.000201
2026-05-11 17:42: **********Val Epoch 350: average Loss: 0.018887
2026-05-11 17:42: Train Epoch 351: 0/83 Loss: 0.000744
2026-05-11 17:42: Train Epoch 351: 20/83 Loss: 0.000136
2026-05-11 17:42: Train Epoch 351: 40/83 Loss: 0.000146
2026-05-11 17:42: Train Epoch 351: 60/83 Loss: 0.000145
2026-05-11 17:42: Train Epoch 351: 80/83 Loss: 0.000280
2026-05-11 17:42: **********Train Epoch 351: averaged Loss: 0.000210
2026-05-11 17:42: **********Val Epoch 351: average Loss: 0.019564
2026-05-11 17:42: Train Epoch 352: 0/83 Loss: 0.000549
2026-05-11 17:42: Train Epoch 352: 20/83 Loss: 0.000160
2026-05-11 17:42: Train Epoch 352: 40/83 Loss: 0.000121
2026-05-11 17:42: Train Epoch 352: 60/83 Loss: 0.000135
2026-05-11 17:42: Train Epoch 352: 80/83 Loss: 0.000231
2026-05-11 17:42: **********Train Epoch 352: averaged Loss: 0.000232
2026-05-11 17:42: **********Val Epoch 352: average Loss: 0.019138
2026-05-11 17:42: Train Epoch 353: 0/83 Loss: 0.000390
2026-05-11 17:42: Train Epoch 353: 20/83 Loss: 0.000180
2026-05-11 17:42: Train Epoch 353: 40/83 Loss: 0.000159
2026-05-11 17:42: Train Epoch 353: 60/83 Loss: 0.000127
2026-05-11 17:42: Train Epoch 353: 80/83 Loss: 0.000754
2026-05-11 17:42: **********Train Epoch 353: averaged Loss: 0.000260
2026-05-11 17:42: **********Val Epoch 353: average Loss: 0.017896
2026-05-11 17:42: Train Epoch 354: 0/83 Loss: 0.000396
2026-05-11 17:42: Train Epoch 354: 20/83 Loss: 0.000340
2026-05-11 17:42: Train Epoch 354: 40/83 Loss: 0.000349
2026-05-11 17:42: Train Epoch 354: 60/83 Loss: 0.000088
2026-05-11 17:42: Train Epoch 354: 80/83 Loss: 0.000457
2026-05-11 17:42: **********Train Epoch 354: averaged Loss: 0.000285
2026-05-11 17:42: **********Val Epoch 354: average Loss: 0.017185
2026-05-11 17:42: Train Epoch 355: 0/83 Loss: 0.000466
2026-05-11 17:42: Train Epoch 355: 20/83 Loss: 0.000169
2026-05-11 17:42: Train Epoch 355: 40/83 Loss: 0.000309
2026-05-11 17:42: Train Epoch 355: 60/83 Loss: 0.000125
2026-05-11 17:42: Train Epoch 355: 80/83 Loss: 0.000207
2026-05-11 17:42: **********Train Epoch 355: averaged Loss: 0.000262
2026-05-11 17:42: **********Val Epoch 355: average Loss: 0.017172
2026-05-11 17:42: Train Epoch 356: 0/83 Loss: 0.000304
2026-05-11 17:42: Train Epoch 356: 20/83 Loss: 0.000191
2026-05-11 17:42: Train Epoch 356: 40/83 Loss: 0.000177
2026-05-11 17:42: Train Epoch 356: 60/83 Loss: 0.000236
2026-05-11 17:42: Train Epoch 356: 80/83 Loss: 0.000437
2026-05-11 17:42: **********Train Epoch 356: averaged Loss: 0.000244
2026-05-11 17:42: **********Val Epoch 356: average Loss: 0.018227
2026-05-11 17:42: Train Epoch 357: 0/83 Loss: 0.000151
2026-05-11 17:42: Train Epoch 357: 20/83 Loss: 0.000207
2026-05-11 17:42: Train Epoch 357: 40/83 Loss: 0.000182
2026-05-11 17:42: Train Epoch 357: 60/83 Loss: 0.000089
2026-05-11 17:42: Train Epoch 357: 80/83 Loss: 0.000317
2026-05-11 17:42: **********Train Epoch 357: averaged Loss: 0.000238
2026-05-11 17:42: **********Val Epoch 357: average Loss: 0.018040
2026-05-11 17:42: Train Epoch 358: 0/83 Loss: 0.000426
2026-05-11 17:42: Train Epoch 358: 20/83 Loss: 0.000168
2026-05-11 17:42: Train Epoch 358: 40/83 Loss: 0.000231
2026-05-11 17:42: Train Epoch 358: 60/83 Loss: 0.000122
2026-05-11 17:42: Train Epoch 358: 80/83 Loss: 0.000184
2026-05-11 17:42: **********Train Epoch 358: averaged Loss: 0.000221
2026-05-11 17:42: **********Val Epoch 358: average Loss: 0.018518
2026-05-11 17:42: Train Epoch 359: 0/83 Loss: 0.000343
2026-05-11 17:42: Train Epoch 359: 20/83 Loss: 0.000147
2026-05-11 17:42: Train Epoch 359: 40/83 Loss: 0.000220
2026-05-11 17:42: Train Epoch 359: 60/83 Loss: 0.000176
2026-05-11 17:43: Train Epoch 359: 80/83 Loss: 0.000423
2026-05-11 17:43: **********Train Epoch 359: averaged Loss: 0.000250
2026-05-11 17:43: **********Val Epoch 359: average Loss: 0.018563
2026-05-11 17:43: Train Epoch 360: 0/83 Loss: 0.000410
2026-05-11 17:43: Train Epoch 360: 20/83 Loss: 0.000189
2026-05-11 17:43: Train Epoch 360: 40/83 Loss: 0.000190
2026-05-11 17:43: Train Epoch 360: 60/83 Loss: 0.000180
2026-05-11 17:43: Train Epoch 360: 80/83 Loss: 0.000410
2026-05-11 17:43: **********Train Epoch 360: averaged Loss: 0.000268
2026-05-11 17:43: **********Val Epoch 360: average Loss: 0.019125
2026-05-11 17:43: Train Epoch 361: 0/83 Loss: 0.000462
2026-05-11 17:43: Train Epoch 361: 20/83 Loss: 0.000241
2026-05-11 17:43: Train Epoch 361: 40/83 Loss: 0.000232
2026-05-11 17:43: Train Epoch 361: 60/83 Loss: 0.000117
2026-05-11 17:43: Train Epoch 361: 80/83 Loss: 0.000536
2026-05-11 17:43: **********Train Epoch 361: averaged Loss: 0.000277
2026-05-11 17:43: **********Val Epoch 361: average Loss: 0.020585
2026-05-11 17:43: Train Epoch 362: 0/83 Loss: 0.000603
2026-05-11 17:43: Train Epoch 362: 20/83 Loss: 0.000126
2026-05-11 17:43: Train Epoch 362: 40/83 Loss: 0.000266
2026-05-11 17:43: Train Epoch 362: 60/83 Loss: 0.000213
2026-05-11 17:43: Train Epoch 362: 80/83 Loss: 0.000747
2026-05-11 17:43: **********Train Epoch 362: averaged Loss: 0.000283
2026-05-11 17:43: **********Val Epoch 362: average Loss: 0.021928
2026-05-11 17:43: Train Epoch 363: 0/83 Loss: 0.000689
2026-05-11 17:43: Train Epoch 363: 20/83 Loss: 0.000473
2026-05-11 17:43: Train Epoch 363: 40/83 Loss: 0.000336
2026-05-11 17:43: Train Epoch 363: 60/83 Loss: 0.000139
2026-05-11 17:43: Train Epoch 363: 80/83 Loss: 0.000300
2026-05-11 17:43: **********Train Epoch 363: averaged Loss: 0.000347
2026-05-11 17:43: **********Val Epoch 363: average Loss: 0.022736
2026-05-11 17:43: Train Epoch 364: 0/83 Loss: 0.000599
2026-05-11 17:43: Train Epoch 364: 20/83 Loss: 0.000541
2026-05-11 17:43: Train Epoch 364: 40/83 Loss: 0.000412
2026-05-11 17:43: Train Epoch 364: 60/83 Loss: 0.000249
2026-05-11 17:43: Train Epoch 364: 80/83 Loss: 0.000321
2026-05-11 17:43: **********Train Epoch 364: averaged Loss: 0.000364
2026-05-11 17:43: **********Val Epoch 364: average Loss: 0.021757
2026-05-11 17:43: Train Epoch 365: 0/83 Loss: 0.000963
2026-05-11 17:43: Train Epoch 365: 20/83 Loss: 0.000544
2026-05-11 17:43: Train Epoch 365: 40/83 Loss: 0.000222
2026-05-11 17:43: Train Epoch 365: 60/83 Loss: 0.000341
2026-05-11 17:43: Train Epoch 365: 80/83 Loss: 0.000309
2026-05-11 17:43: **********Train Epoch 365: averaged Loss: 0.000461
2026-05-11 17:43: **********Val Epoch 365: average Loss: 0.021261
2026-05-11 17:43: Train Epoch 366: 0/83 Loss: 0.000536
2026-05-11 17:43: Train Epoch 366: 20/83 Loss: 0.000420
2026-05-11 17:43: Train Epoch 366: 40/83 Loss: 0.000472
2026-05-11 17:43: Train Epoch 366: 60/83 Loss: 0.000416
2026-05-11 17:43: Train Epoch 366: 80/83 Loss: 0.000389
2026-05-11 17:43: **********Train Epoch 366: averaged Loss: 0.000447
2026-05-11 17:43: **********Val Epoch 366: average Loss: 0.019678
2026-05-11 17:43: Train Epoch 367: 0/83 Loss: 0.000300
2026-05-11 17:43: Train Epoch 367: 20/83 Loss: 0.000477
2026-05-11 17:43: Train Epoch 367: 40/83 Loss: 0.000449
2026-05-11 17:43: Train Epoch 367: 60/83 Loss: 0.000389
2026-05-11 17:43: Train Epoch 367: 80/83 Loss: 0.001063
2026-05-11 17:43: **********Train Epoch 367: averaged Loss: 0.000415
2026-05-11 17:43: **********Val Epoch 367: average Loss: 0.016650
2026-05-11 17:43: Train Epoch 368: 0/83 Loss: 0.000755
2026-05-11 17:43: Train Epoch 368: 20/83 Loss: 0.000265
2026-05-11 17:43: Train Epoch 368: 40/83 Loss: 0.000467
2026-05-11 17:43: Train Epoch 368: 60/83 Loss: 0.000206
2026-05-11 17:43: Train Epoch 368: 80/83 Loss: 0.000176
2026-05-11 17:43: **********Train Epoch 368: averaged Loss: 0.000404
2026-05-11 17:43: **********Val Epoch 368: average Loss: 0.016730
2026-05-11 17:43: Train Epoch 369: 0/83 Loss: 0.000654
2026-05-11 17:43: Train Epoch 369: 20/83 Loss: 0.000420
2026-05-11 17:43: Train Epoch 369: 40/83 Loss: 0.000258
2026-05-11 17:43: Train Epoch 369: 60/83 Loss: 0.000485
2026-05-11 17:43: Train Epoch 369: 80/83 Loss: 0.000851
2026-05-11 17:43: **********Train Epoch 369: averaged Loss: 0.000447
2026-05-11 17:43: **********Val Epoch 369: average Loss: 0.020078
2026-05-11 17:43: Train Epoch 370: 0/83 Loss: 0.000447
2026-05-11 17:43: Train Epoch 370: 20/83 Loss: 0.000228
2026-05-11 17:43: Train Epoch 370: 40/83 Loss: 0.000254
2026-05-11 17:43: Train Epoch 370: 60/83 Loss: 0.000711
2026-05-11 17:43: Train Epoch 370: 80/83 Loss: 0.000356
2026-05-11 17:43: **********Train Epoch 370: averaged Loss: 0.000435
2026-05-11 17:43: **********Val Epoch 370: average Loss: 0.020016
2026-05-11 17:43: Train Epoch 371: 0/83 Loss: 0.000571
2026-05-11 17:43: Train Epoch 371: 20/83 Loss: 0.000371
2026-05-11 17:43: Train Epoch 371: 40/83 Loss: 0.000200
2026-05-11 17:43: Train Epoch 371: 60/83 Loss: 0.000436
2026-05-11 17:43: Train Epoch 371: 80/83 Loss: 0.000579
2026-05-11 17:43: **********Train Epoch 371: averaged Loss: 0.000461
2026-05-11 17:43: **********Val Epoch 371: average Loss: 0.017689
2026-05-11 17:43: Train Epoch 372: 0/83 Loss: 0.000409
2026-05-11 17:43: Train Epoch 372: 20/83 Loss: 0.000238
2026-05-11 17:43: Train Epoch 372: 40/83 Loss: 0.000287
2026-05-11 17:43: Train Epoch 372: 60/83 Loss: 0.000532
2026-05-11 17:43: Train Epoch 372: 80/83 Loss: 0.000957
2026-05-11 17:43: **********Train Epoch 372: averaged Loss: 0.000509
2026-05-11 17:43: **********Val Epoch 372: average Loss: 0.016762
2026-05-11 17:43: Train Epoch 373: 0/83 Loss: 0.000898
2026-05-11 17:43: Train Epoch 373: 20/83 Loss: 0.000240
2026-05-11 17:43: Train Epoch 373: 40/83 Loss: 0.000154
2026-05-11 17:43: Train Epoch 373: 60/83 Loss: 0.000259
2026-05-11 17:43: Train Epoch 373: 80/83 Loss: 0.001833
2026-05-11 17:43: **********Train Epoch 373: averaged Loss: 0.000456
2026-05-11 17:43: **********Val Epoch 373: average Loss: 0.016749
2026-05-11 17:43: Train Epoch 374: 0/83 Loss: 0.000982
2026-05-11 17:43: Train Epoch 374: 20/83 Loss: 0.000312
2026-05-11 17:43: Train Epoch 374: 40/83 Loss: 0.000364
2026-05-11 17:43: Train Epoch 374: 60/83 Loss: 0.000317
2026-05-11 17:43: Train Epoch 374: 80/83 Loss: 0.000570
2026-05-11 17:43: **********Train Epoch 374: averaged Loss: 0.000459
2026-05-11 17:43: **********Val Epoch 374: average Loss: 0.017326
2026-05-11 17:43: Train Epoch 375: 0/83 Loss: 0.000398
2026-05-11 17:43: Train Epoch 375: 20/83 Loss: 0.000181
2026-05-11 17:43: Train Epoch 375: 40/83 Loss: 0.000593
2026-05-11 17:44: Train Epoch 375: 60/83 Loss: 0.000223
2026-05-11 17:44: Train Epoch 375: 80/83 Loss: 0.000875
2026-05-11 17:44: **********Train Epoch 375: averaged Loss: 0.000456
2026-05-11 17:44: **********Val Epoch 375: average Loss: 0.018186
2026-05-11 17:44: Train Epoch 376: 0/83 Loss: 0.000348
2026-05-11 17:44: Train Epoch 376: 20/83 Loss: 0.000296
2026-05-11 17:44: Train Epoch 376: 40/83 Loss: 0.000335
2026-05-11 17:44: Train Epoch 376: 60/83 Loss: 0.000591
2026-05-11 17:44: Train Epoch 376: 80/83 Loss: 0.000889
2026-05-11 17:44: **********Train Epoch 376: averaged Loss: 0.000410
2026-05-11 17:44: **********Val Epoch 376: average Loss: 0.019816
2026-05-11 17:44: Train Epoch 377: 0/83 Loss: 0.000434
2026-05-11 17:44: Train Epoch 377: 20/83 Loss: 0.000341
2026-05-11 17:44: Train Epoch 377: 40/83 Loss: 0.000216
2026-05-11 17:44: Train Epoch 377: 60/83 Loss: 0.000608
2026-05-11 17:44: Train Epoch 377: 80/83 Loss: 0.000913
2026-05-11 17:44: **********Train Epoch 377: averaged Loss: 0.000389
2026-05-11 17:44: **********Val Epoch 377: average Loss: 0.019131
2026-05-11 17:44: Train Epoch 378: 0/83 Loss: 0.000169
2026-05-11 17:44: Train Epoch 378: 20/83 Loss: 0.000485
2026-05-11 17:44: Train Epoch 378: 40/83 Loss: 0.000251
2026-05-11 17:44: Train Epoch 378: 60/83 Loss: 0.000490
2026-05-11 17:44: Train Epoch 378: 80/83 Loss: 0.001002
2026-05-11 17:44: **********Train Epoch 378: averaged Loss: 0.000371
2026-05-11 17:44: **********Val Epoch 378: average Loss: 0.019829
2026-05-11 17:44: Train Epoch 379: 0/83 Loss: 0.000541
2026-05-11 17:44: Train Epoch 379: 20/83 Loss: 0.000477
2026-05-11 17:44: Train Epoch 379: 40/83 Loss: 0.000373
2026-05-11 17:44: Train Epoch 379: 60/83 Loss: 0.000213
2026-05-11 17:44: Train Epoch 379: 80/83 Loss: 0.000352
2026-05-11 17:44: **********Train Epoch 379: averaged Loss: 0.000425
2026-05-11 17:44: **********Val Epoch 379: average Loss: 0.021996
2026-05-11 17:44: Train Epoch 380: 0/83 Loss: 0.000941
2026-05-11 17:44: Train Epoch 380: 20/83 Loss: 0.000376
2026-05-11 17:44: Train Epoch 380: 40/83 Loss: 0.000341
2026-05-11 17:44: Train Epoch 380: 60/83 Loss: 0.000411
2026-05-11 17:44: Train Epoch 380: 80/83 Loss: 0.000708
2026-05-11 17:44: **********Train Epoch 380: averaged Loss: 0.000509
2026-05-11 17:44: **********Val Epoch 380: average Loss: 0.022417
2026-05-11 17:44: Train Epoch 381: 0/83 Loss: 0.000680
2026-05-11 17:44: Train Epoch 381: 20/83 Loss: 0.000241
2026-05-11 17:44: Train Epoch 381: 40/83 Loss: 0.000368
2026-05-11 17:44: Train Epoch 381: 60/83 Loss: 0.000392
2026-05-11 17:44: Train Epoch 381: 80/83 Loss: 0.000462
2026-05-11 17:44: **********Train Epoch 381: averaged Loss: 0.000477
2026-05-11 17:44: **********Val Epoch 381: average Loss: 0.018547
2026-05-11 17:44: Train Epoch 382: 0/83 Loss: 0.000741
2026-05-11 17:44: Train Epoch 382: 20/83 Loss: 0.000285
2026-05-11 17:44: Train Epoch 382: 40/83 Loss: 0.000400
2026-05-11 17:44: Train Epoch 382: 60/83 Loss: 0.000339
2026-05-11 17:44: Train Epoch 382: 80/83 Loss: 0.000258
2026-05-11 17:44: **********Train Epoch 382: averaged Loss: 0.000407
2026-05-11 17:44: **********Val Epoch 382: average Loss: 0.016884
2026-05-11 17:44: Train Epoch 383: 0/83 Loss: 0.000726
2026-05-11 17:44: Train Epoch 383: 20/83 Loss: 0.000508
2026-05-11 17:44: Train Epoch 383: 40/83 Loss: 0.000183
2026-05-11 17:44: Train Epoch 383: 60/83 Loss: 0.000322
2026-05-11 17:44: Train Epoch 383: 80/83 Loss: 0.000278
2026-05-11 17:44: **********Train Epoch 383: averaged Loss: 0.000356
2026-05-11 17:44: **********Val Epoch 383: average Loss: 0.016354
2026-05-11 17:44: Train Epoch 384: 0/83 Loss: 0.000302
2026-05-11 17:44: Train Epoch 384: 20/83 Loss: 0.000355
2026-05-11 17:44: Train Epoch 384: 40/83 Loss: 0.000107
2026-05-11 17:44: Train Epoch 384: 60/83 Loss: 0.000437
2026-05-11 17:44: Train Epoch 384: 80/83 Loss: 0.000224
2026-05-11 17:44: **********Train Epoch 384: averaged Loss: 0.000304
2026-05-11 17:44: **********Val Epoch 384: average Loss: 0.016555
2026-05-11 17:44: Train Epoch 385: 0/83 Loss: 0.000326
2026-05-11 17:44: Train Epoch 385: 20/83 Loss: 0.000172
2026-05-11 17:44: Train Epoch 385: 40/83 Loss: 0.000179
2026-05-11 17:44: Train Epoch 385: 60/83 Loss: 0.000100
2026-05-11 17:44: Train Epoch 385: 80/83 Loss: 0.000471
2026-05-11 17:44: **********Train Epoch 385: averaged Loss: 0.000299
2026-05-11 17:44: **********Val Epoch 385: average Loss: 0.016103
2026-05-11 17:44: Train Epoch 386: 0/83 Loss: 0.000420
2026-05-11 17:44: Train Epoch 386: 20/83 Loss: 0.000235
2026-05-11 17:44: Train Epoch 386: 40/83 Loss: 0.000356
2026-05-11 17:44: Train Epoch 386: 60/83 Loss: 0.000190
2026-05-11 17:44: Train Epoch 386: 80/83 Loss: 0.001076
2026-05-11 17:44: **********Train Epoch 386: averaged Loss: 0.000343
2026-05-11 17:44: **********Val Epoch 386: average Loss: 0.015349
2026-05-11 17:44: Train Epoch 387: 0/83 Loss: 0.001041
2026-05-11 17:44: Train Epoch 387: 20/83 Loss: 0.000342
2026-05-11 17:44: Train Epoch 387: 40/83 Loss: 0.000377
2026-05-11 17:44: Train Epoch 387: 60/83 Loss: 0.000238
2026-05-11 17:44: Train Epoch 387: 80/83 Loss: 0.000538
2026-05-11 17:44: **********Train Epoch 387: averaged Loss: 0.000374
2026-05-11 17:44: **********Val Epoch 387: average Loss: 0.015128
2026-05-11 17:44: Train Epoch 388: 0/83 Loss: 0.000632
2026-05-11 17:44: Train Epoch 388: 20/83 Loss: 0.000227
2026-05-11 17:44: Train Epoch 388: 40/83 Loss: 0.000603
2026-05-11 17:44: Train Epoch 388: 60/83 Loss: 0.000341
2026-05-11 17:44: Train Epoch 388: 80/83 Loss: 0.000632
2026-05-11 17:44: **********Train Epoch 388: averaged Loss: 0.000377
2026-05-11 17:44: **********Val Epoch 388: average Loss: 0.016293
2026-05-11 17:44: Train Epoch 389: 0/83 Loss: 0.000272
2026-05-11 17:44: Train Epoch 389: 20/83 Loss: 0.000198
2026-05-11 17:44: Train Epoch 389: 40/83 Loss: 0.000467
2026-05-11 17:44: Train Epoch 389: 60/83 Loss: 0.000550
2026-05-11 17:44: Train Epoch 389: 80/83 Loss: 0.000527
2026-05-11 17:44: **********Train Epoch 389: averaged Loss: 0.000334
2026-05-11 17:44: **********Val Epoch 389: average Loss: 0.017010
2026-05-11 17:44: Train Epoch 390: 0/83 Loss: 0.000445
2026-05-11 17:44: Train Epoch 390: 20/83 Loss: 0.000331
2026-05-11 17:45: Train Epoch 390: 40/83 Loss: 0.000284
2026-05-11 17:45: Train Epoch 390: 60/83 Loss: 0.000413
2026-05-11 17:45: Train Epoch 390: 80/83 Loss: 0.000418
2026-05-11 17:45: **********Train Epoch 390: averaged Loss: 0.000341
2026-05-11 17:45: **********Val Epoch 390: average Loss: 0.016642
2026-05-11 17:45: Train Epoch 391: 0/83 Loss: 0.000323
2026-05-11 17:45: Train Epoch 391: 20/83 Loss: 0.000155
2026-05-11 17:45: Train Epoch 391: 40/83 Loss: 0.000130
2026-05-11 17:45: Train Epoch 391: 60/83 Loss: 0.000344
2026-05-11 17:45: Train Epoch 391: 80/83 Loss: 0.000760
2026-05-11 17:45: **********Train Epoch 391: averaged Loss: 0.000291
2026-05-11 17:45: **********Val Epoch 391: average Loss: 0.017943
2026-05-11 17:45: Train Epoch 392: 0/83 Loss: 0.000722
2026-05-11 17:45: Train Epoch 392: 20/83 Loss: 0.000262
2026-05-11 17:45: Train Epoch 392: 40/83 Loss: 0.000293
2026-05-11 17:45: Train Epoch 392: 60/83 Loss: 0.000290
2026-05-11 17:45: Train Epoch 392: 80/83 Loss: 0.000502
2026-05-11 17:45: **********Train Epoch 392: averaged Loss: 0.000352
2026-05-11 17:45: **********Val Epoch 392: average Loss: 0.018896
2026-05-11 17:45: Train Epoch 393: 0/83 Loss: 0.000736
2026-05-11 17:45: Train Epoch 393: 20/83 Loss: 0.000301
2026-05-11 17:45: Train Epoch 393: 40/83 Loss: 0.000261
2026-05-11 17:45: Train Epoch 393: 60/83 Loss: 0.000378
2026-05-11 17:45: Train Epoch 393: 80/83 Loss: 0.000383
2026-05-11 17:45: **********Train Epoch 393: averaged Loss: 0.000346
2026-05-11 17:45: **********Val Epoch 393: average Loss: 0.018787
2026-05-11 17:45: Train Epoch 394: 0/83 Loss: 0.000273
2026-05-11 17:45: Train Epoch 394: 20/83 Loss: 0.000237
2026-05-11 17:45: Train Epoch 394: 40/83 Loss: 0.000141
2026-05-11 17:45: Train Epoch 394: 60/83 Loss: 0.000435
2026-05-11 17:45: Train Epoch 394: 80/83 Loss: 0.000423
2026-05-11 17:45: **********Train Epoch 394: averaged Loss: 0.000327
2026-05-11 17:45: **********Val Epoch 394: average Loss: 0.017013
2026-05-11 17:45: Train Epoch 395: 0/83 Loss: 0.000358
2026-05-11 17:45: Train Epoch 395: 20/83 Loss: 0.000325
2026-05-11 17:45: Train Epoch 395: 40/83 Loss: 0.000279
2026-05-11 17:45: Train Epoch 395: 60/83 Loss: 0.000317
2026-05-11 17:45: Train Epoch 395: 80/83 Loss: 0.000297
2026-05-11 17:45: **********Train Epoch 395: averaged Loss: 0.000287
2026-05-11 17:45: **********Val Epoch 395: average Loss: 0.016138
2026-05-11 17:45: Train Epoch 396: 0/83 Loss: 0.000170
2026-05-11 17:45: Train Epoch 396: 20/83 Loss: 0.000088
2026-05-11 17:45: Train Epoch 396: 40/83 Loss: 0.000457
2026-05-11 17:45: Train Epoch 396: 60/83 Loss: 0.000119
2026-05-11 17:45: Train Epoch 396: 80/83 Loss: 0.000316
2026-05-11 17:45: **********Train Epoch 396: averaged Loss: 0.000244
2026-05-11 17:45: **********Val Epoch 396: average Loss: 0.016522
2026-05-11 17:45: Train Epoch 397: 0/83 Loss: 0.000425
2026-05-11 17:45: Train Epoch 397: 20/83 Loss: 0.000062
2026-05-11 17:45: Train Epoch 397: 40/83 Loss: 0.000188
2026-05-11 17:45: Train Epoch 397: 60/83 Loss: 0.000263
2026-05-11 17:45: Train Epoch 397: 80/83 Loss: 0.000348
2026-05-11 17:45: **********Train Epoch 397: averaged Loss: 0.000221
2026-05-11 17:45: **********Val Epoch 397: average Loss: 0.016669
2026-05-11 17:45: Train Epoch 398: 0/83 Loss: 0.000446
2026-05-11 17:45: Train Epoch 398: 20/83 Loss: 0.000151
2026-05-11 17:45: Train Epoch 398: 40/83 Loss: 0.000100
2026-05-11 17:45: Train Epoch 398: 60/83 Loss: 0.000160
2026-05-11 17:45: Train Epoch 398: 80/83 Loss: 0.000342
2026-05-11 17:45: **********Train Epoch 398: averaged Loss: 0.000219
2026-05-11 17:45: **********Val Epoch 398: average Loss: 0.016578
2026-05-11 17:45: Train Epoch 399: 0/83 Loss: 0.000274
2026-05-11 17:45: Train Epoch 399: 20/83 Loss: 0.000305
2026-05-11 17:45: Train Epoch 399: 40/83 Loss: 0.000116
2026-05-11 17:45: Train Epoch 399: 60/83 Loss: 0.000130
2026-05-11 17:45: Train Epoch 399: 80/83 Loss: 0.000343
2026-05-11 17:45: **********Train Epoch 399: averaged Loss: 0.000225
2026-05-11 17:45: **********Val Epoch 399: average Loss: 0.016440
2026-05-11 17:45: Train Epoch 400: 0/83 Loss: 0.000232
2026-05-11 17:45: Train Epoch 400: 20/83 Loss: 0.000275
2026-05-11 17:45: Train Epoch 400: 40/83 Loss: 0.000116
2026-05-11 17:45: Train Epoch 400: 60/83 Loss: 0.000154
2026-05-11 17:45: Train Epoch 400: 80/83 Loss: 0.000577
2026-05-11 17:45: **********Train Epoch 400: averaged Loss: 0.000282
2026-05-11 17:45: **********Val Epoch 400: average Loss: 0.015450
2026-05-11 17:45: Train Epoch 401: 0/83 Loss: 0.000478
2026-05-11 17:45: Train Epoch 401: 20/83 Loss: 0.000229
2026-05-11 17:45: Train Epoch 401: 40/83 Loss: 0.000166
2026-05-11 17:45: Train Epoch 401: 60/83 Loss: 0.000176
2026-05-11 17:45: Train Epoch 401: 80/83 Loss: 0.000411
2026-05-11 17:45: **********Train Epoch 401: averaged Loss: 0.000281
2026-05-11 17:45: **********Val Epoch 401: average Loss: 0.015652
2026-05-11 17:45: Train Epoch 402: 0/83 Loss: 0.000510
2026-05-11 17:45: Train Epoch 402: 20/83 Loss: 0.000186
2026-05-11 17:45: Train Epoch 402: 40/83 Loss: 0.000169
2026-05-11 17:45: Train Epoch 402: 60/83 Loss: 0.000331
2026-05-11 17:45: Train Epoch 402: 80/83 Loss: 0.000196
2026-05-11 17:45: **********Train Epoch 402: averaged Loss: 0.000286
2026-05-11 17:45: **********Val Epoch 402: average Loss: 0.015905
2026-05-11 17:45: Train Epoch 403: 0/83 Loss: 0.000271
2026-05-11 17:45: Train Epoch 403: 20/83 Loss: 0.000175
2026-05-11 17:45: Train Epoch 403: 40/83 Loss: 0.000122
2026-05-11 17:45: Train Epoch 403: 60/83 Loss: 0.000301
2026-05-11 17:45: Train Epoch 403: 80/83 Loss: 0.000317
2026-05-11 17:45: **********Train Epoch 403: averaged Loss: 0.000313
2026-05-11 17:45: **********Val Epoch 403: average Loss: 0.016409
2026-05-11 17:45: Train Epoch 404: 0/83 Loss: 0.000258
2026-05-11 17:45: Train Epoch 404: 20/83 Loss: 0.000183
2026-05-11 17:45: Train Epoch 404: 40/83 Loss: 0.000269
2026-05-11 17:45: Train Epoch 404: 60/83 Loss: 0.000185
2026-05-11 17:45: Train Epoch 404: 80/83 Loss: 0.000654
2026-05-11 17:45: **********Train Epoch 404: averaged Loss: 0.000308
2026-05-11 17:45: **********Val Epoch 404: average Loss: 0.017273
2026-05-11 17:45: Train Epoch 405: 0/83 Loss: 0.000352
2026-05-11 17:45: Train Epoch 405: 20/83 Loss: 0.000142
2026-05-11 17:45: Train Epoch 405: 40/83 Loss: 0.000257
2026-05-11 17:46: Train Epoch 405: 60/83 Loss: 0.000285
2026-05-11 17:46: Train Epoch 405: 80/83 Loss: 0.000607
2026-05-11 17:46: **********Train Epoch 405: averaged Loss: 0.000369
2026-05-11 17:46: **********Val Epoch 405: average Loss: 0.017946
2026-05-11 17:46: Train Epoch 406: 0/83 Loss: 0.000889
2026-05-11 17:46: Train Epoch 406: 20/83 Loss: 0.000153
2026-05-11 17:46: Train Epoch 406: 40/83 Loss: 0.000226
2026-05-11 17:46: Train Epoch 406: 60/83 Loss: 0.000225
2026-05-11 17:46: Train Epoch 406: 80/83 Loss: 0.001377
2026-05-11 17:46: **********Train Epoch 406: averaged Loss: 0.000409
2026-05-11 17:46: **********Val Epoch 406: average Loss: 0.019856
2026-05-11 17:46: Train Epoch 407: 0/83 Loss: 0.001050
2026-05-11 17:46: Train Epoch 407: 20/83 Loss: 0.000258
2026-05-11 17:46: Train Epoch 407: 40/83 Loss: 0.000229
2026-05-11 17:46: Train Epoch 407: 60/83 Loss: 0.000677
2026-05-11 17:46: Train Epoch 407: 80/83 Loss: 0.000722
2026-05-11 17:46: **********Train Epoch 407: averaged Loss: 0.000385
2026-05-11 17:46: **********Val Epoch 407: average Loss: 0.021840
2026-05-11 17:46: Train Epoch 408: 0/83 Loss: 0.000996
2026-05-11 17:46: Train Epoch 408: 20/83 Loss: 0.000192
2026-05-11 17:46: Train Epoch 408: 40/83 Loss: 0.000272
2026-05-11 17:46: Train Epoch 408: 60/83 Loss: 0.000579
2026-05-11 17:46: Train Epoch 408: 80/83 Loss: 0.000454
2026-05-11 17:46: **********Train Epoch 408: averaged Loss: 0.000444
2026-05-11 17:46: **********Val Epoch 408: average Loss: 0.023208
2026-05-11 17:46: Train Epoch 409: 0/83 Loss: 0.000799
2026-05-11 17:46: Train Epoch 409: 20/83 Loss: 0.000438
2026-05-11 17:46: Train Epoch 409: 40/83 Loss: 0.000350
2026-05-11 17:46: Train Epoch 409: 60/83 Loss: 0.000454
2026-05-11 17:46: Train Epoch 409: 80/83 Loss: 0.000877
2026-05-11 17:46: **********Train Epoch 409: averaged Loss: 0.000535
2026-05-11 17:46: **********Val Epoch 409: average Loss: 0.021801
2026-05-11 17:46: Train Epoch 410: 0/83 Loss: 0.000411
2026-05-11 17:46: Train Epoch 410: 20/83 Loss: 0.000882
2026-05-11 17:46: Train Epoch 410: 40/83 Loss: 0.000324
2026-05-11 17:46: Train Epoch 410: 60/83 Loss: 0.000676
2026-05-11 17:46: Train Epoch 410: 80/83 Loss: 0.000565
2026-05-11 17:46: **********Train Epoch 410: averaged Loss: 0.000607
2026-05-11 17:46: **********Val Epoch 410: average Loss: 0.020035
2026-05-11 17:46: Train Epoch 411: 0/83 Loss: 0.000499
2026-05-11 17:46: Train Epoch 411: 20/83 Loss: 0.000647
2026-05-11 17:46: Train Epoch 411: 40/83 Loss: 0.000325
2026-05-11 17:46: Train Epoch 411: 60/83 Loss: 0.000472
2026-05-11 17:46: Train Epoch 411: 80/83 Loss: 0.000899
2026-05-11 17:46: **********Train Epoch 411: averaged Loss: 0.000576
2026-05-11 17:46: **********Val Epoch 411: average Loss: 0.019603
2026-05-11 17:46: Train Epoch 412: 0/83 Loss: 0.000999
2026-05-11 17:46: Train Epoch 412: 20/83 Loss: 0.000532
2026-05-11 17:46: Train Epoch 412: 40/83 Loss: 0.000628
2026-05-11 17:46: Train Epoch 412: 60/83 Loss: 0.000408
2026-05-11 17:46: Train Epoch 412: 80/83 Loss: 0.000690
2026-05-11 17:46: **********Train Epoch 412: averaged Loss: 0.000550
2026-05-11 17:46: **********Val Epoch 412: average Loss: 0.019187
2026-05-11 17:46: Train Epoch 413: 0/83 Loss: 0.000870
2026-05-11 17:46: Train Epoch 413: 20/83 Loss: 0.000309
2026-05-11 17:46: Train Epoch 413: 40/83 Loss: 0.000370
2026-05-11 17:46: Train Epoch 413: 60/83 Loss: 0.000254
2026-05-11 17:46: Train Epoch 413: 80/83 Loss: 0.000977
2026-05-11 17:46: **********Train Epoch 413: averaged Loss: 0.000503
2026-05-11 17:46: **********Val Epoch 413: average Loss: 0.016451
2026-05-11 17:46: Train Epoch 414: 0/83 Loss: 0.000615
2026-05-11 17:46: Train Epoch 414: 20/83 Loss: 0.000421
2026-05-11 17:46: Train Epoch 414: 40/83 Loss: 0.000410
2026-05-11 17:46: Train Epoch 414: 60/83 Loss: 0.000195
2026-05-11 17:46: Train Epoch 414: 80/83 Loss: 0.001049
2026-05-11 17:46: **********Train Epoch 414: averaged Loss: 0.000459
2026-05-11 17:46: **********Val Epoch 414: average Loss: 0.014568
2026-05-11 17:46: Train Epoch 415: 0/83 Loss: 0.001089
2026-05-11 17:46: Train Epoch 415: 20/83 Loss: 0.000648
2026-05-11 17:46: Train Epoch 415: 40/83 Loss: 0.000186
2026-05-11 17:46: Train Epoch 415: 60/83 Loss: 0.000283
2026-05-11 17:46: Train Epoch 415: 80/83 Loss: 0.000452
2026-05-11 17:46: **********Train Epoch 415: averaged Loss: 0.000404
2026-05-11 17:46: **********Val Epoch 415: average Loss: 0.015749
2026-05-11 17:46: Train Epoch 416: 0/83 Loss: 0.000425
2026-05-11 17:46: Train Epoch 416: 20/83 Loss: 0.000235
2026-05-11 17:46: Train Epoch 416: 40/83 Loss: 0.000400
2026-05-11 17:46: Train Epoch 416: 60/83 Loss: 0.000259
2026-05-11 17:46: Train Epoch 416: 80/83 Loss: 0.000359
2026-05-11 17:46: **********Train Epoch 416: averaged Loss: 0.000377
2026-05-11 17:46: **********Val Epoch 416: average Loss: 0.016693
2026-05-11 17:46: Train Epoch 417: 0/83 Loss: 0.000569
2026-05-11 17:46: Train Epoch 417: 20/83 Loss: 0.000212
2026-05-11 17:46: Train Epoch 417: 40/83 Loss: 0.000307
2026-05-11 17:46: Train Epoch 417: 60/83 Loss: 0.000401
2026-05-11 17:46: Train Epoch 417: 80/83 Loss: 0.000343
2026-05-11 17:46: **********Train Epoch 417: averaged Loss: 0.000298
2026-05-11 17:46: **********Val Epoch 417: average Loss: 0.017725
2026-05-11 17:46: Train Epoch 418: 0/83 Loss: 0.000383
2026-05-11 17:46: Train Epoch 418: 20/83 Loss: 0.000281
2026-05-11 17:46: Train Epoch 418: 40/83 Loss: 0.000184
2026-05-11 17:46: Train Epoch 418: 60/83 Loss: 0.000371
2026-05-11 17:46: Train Epoch 418: 80/83 Loss: 0.000433
2026-05-11 17:46: **********Train Epoch 418: averaged Loss: 0.000316
2026-05-11 17:46: **********Val Epoch 418: average Loss: 0.019533
2026-05-11 17:46: Train Epoch 419: 0/83 Loss: 0.000526
2026-05-11 17:46: Train Epoch 419: 20/83 Loss: 0.000242
2026-05-11 17:46: Train Epoch 419: 40/83 Loss: 0.000135
2026-05-11 17:46: Train Epoch 419: 60/83 Loss: 0.000263
2026-05-11 17:46: Train Epoch 419: 80/83 Loss: 0.000994
2026-05-11 17:46: **********Train Epoch 419: averaged Loss: 0.000339
2026-05-11 17:46: **********Val Epoch 419: average Loss: 0.019678
2026-05-11 17:46: Train Epoch 420: 0/83 Loss: 0.000309
2026-05-11 17:46: Train Epoch 420: 20/83 Loss: 0.000121
2026-05-11 17:46: Train Epoch 420: 40/83 Loss: 0.000163
2026-05-11 17:46: Train Epoch 420: 60/83 Loss: 0.000230
2026-05-11 17:46: Train Epoch 420: 80/83 Loss: 0.000301
2026-05-11 17:46: **********Train Epoch 420: averaged Loss: 0.000283
2026-05-11 17:46: **********Val Epoch 420: average Loss: 0.019937
2026-05-11 17:46: Train Epoch 421: 0/83 Loss: 0.000565
2026-05-11 17:47: Train Epoch 421: 20/83 Loss: 0.000163
2026-05-11 17:47: Train Epoch 421: 40/83 Loss: 0.000311
2026-05-11 17:47: Train Epoch 421: 60/83 Loss: 0.000431
2026-05-11 17:47: Train Epoch 421: 80/83 Loss: 0.000807
2026-05-11 17:47: **********Train Epoch 421: averaged Loss: 0.000379
2026-05-11 17:47: **********Val Epoch 421: average Loss: 0.020729
2026-05-11 17:47: Train Epoch 422: 0/83 Loss: 0.000275
2026-05-11 17:47: Train Epoch 422: 20/83 Loss: 0.000307
2026-05-11 17:47: Train Epoch 422: 40/83 Loss: 0.000154
2026-05-11 17:47: Train Epoch 422: 60/83 Loss: 0.000262
2026-05-11 17:47: Train Epoch 422: 80/83 Loss: 0.000479
2026-05-11 17:47: **********Train Epoch 422: averaged Loss: 0.000301
2026-05-11 17:47: **********Val Epoch 422: average Loss: 0.017955
2026-05-11 17:47: Train Epoch 423: 0/83 Loss: 0.000399
2026-05-11 17:47: Train Epoch 423: 20/83 Loss: 0.000204
2026-05-11 17:47: Train Epoch 423: 40/83 Loss: 0.000237
2026-05-11 17:47: Train Epoch 423: 60/83 Loss: 0.000144
2026-05-11 17:47: Train Epoch 423: 80/83 Loss: 0.000215
2026-05-11 17:47: **********Train Epoch 423: averaged Loss: 0.000272
2026-05-11 17:47: **********Val Epoch 423: average Loss: 0.016408
2026-05-11 17:47: Train Epoch 424: 0/83 Loss: 0.000287
2026-05-11 17:47: Train Epoch 424: 20/83 Loss: 0.000156
2026-05-11 17:47: Train Epoch 424: 40/83 Loss: 0.000142
2026-05-11 17:47: Train Epoch 424: 60/83 Loss: 0.000137
2026-05-11 17:47: Train Epoch 424: 80/83 Loss: 0.000107
2026-05-11 17:47: **********Train Epoch 424: averaged Loss: 0.000170
2026-05-11 17:47: **********Val Epoch 424: average Loss: 0.016431
2026-05-11 17:47: Train Epoch 425: 0/83 Loss: 0.000404
2026-05-11 17:47: Train Epoch 425: 20/83 Loss: 0.000169
2026-05-11 17:47: Train Epoch 425: 40/83 Loss: 0.000082
2026-05-11 17:47: Train Epoch 425: 60/83 Loss: 0.000188
2026-05-11 17:47: Train Epoch 425: 80/83 Loss: 0.000189
2026-05-11 17:47: **********Train Epoch 425: averaged Loss: 0.000151
2026-05-11 17:47: **********Val Epoch 425: average Loss: 0.016856
2026-05-11 17:47: Train Epoch 426: 0/83 Loss: 0.000173
2026-05-11 17:47: Train Epoch 426: 20/83 Loss: 0.000100
2026-05-11 17:47: Train Epoch 426: 40/83 Loss: 0.000126
2026-05-11 17:47: Train Epoch 426: 60/83 Loss: 0.000084
2026-05-11 17:47: Train Epoch 426: 80/83 Loss: 0.000099
2026-05-11 17:47: **********Train Epoch 426: averaged Loss: 0.000139
2026-05-11 17:47: **********Val Epoch 426: average Loss: 0.017038
2026-05-11 17:47: Train Epoch 427: 0/83 Loss: 0.000123
2026-05-11 17:47: Train Epoch 427: 20/83 Loss: 0.000058
2026-05-11 17:47: Train Epoch 427: 40/83 Loss: 0.000134
2026-05-11 17:47: Train Epoch 427: 60/83 Loss: 0.000095
2026-05-11 17:47: Train Epoch 427: 80/83 Loss: 0.000390
2026-05-11 17:47: **********Train Epoch 427: averaged Loss: 0.000161
2026-05-11 17:47: **********Val Epoch 427: average Loss: 0.016377
2026-05-11 17:47: Train Epoch 428: 0/83 Loss: 0.000216
2026-05-11 17:47: Train Epoch 428: 20/83 Loss: 0.000112
2026-05-11 17:47: Train Epoch 428: 40/83 Loss: 0.000119
2026-05-11 17:47: Train Epoch 428: 60/83 Loss: 0.000223
2026-05-11 17:47: Train Epoch 428: 80/83 Loss: 0.000250
2026-05-11 17:47: **********Train Epoch 428: averaged Loss: 0.000155
2026-05-11 17:47: **********Val Epoch 428: average Loss: 0.017146
2026-05-11 17:47: Train Epoch 429: 0/83 Loss: 0.000146
2026-05-11 17:47: Train Epoch 429: 20/83 Loss: 0.000067
2026-05-11 17:47: Train Epoch 429: 40/83 Loss: 0.000149
2026-05-11 17:47: Train Epoch 429: 60/83 Loss: 0.000194
2026-05-11 17:47: Train Epoch 429: 80/83 Loss: 0.000767
2026-05-11 17:47: **********Train Epoch 429: averaged Loss: 0.000194
2026-05-11 17:47: **********Val Epoch 429: average Loss: 0.017448
2026-05-11 17:47: Train Epoch 430: 0/83 Loss: 0.000263
2026-05-11 17:47: Train Epoch 430: 20/83 Loss: 0.000125
2026-05-11 17:47: Train Epoch 430: 40/83 Loss: 0.000181
2026-05-11 17:47: Train Epoch 430: 60/83 Loss: 0.000205
2026-05-11 17:47: Train Epoch 430: 80/83 Loss: 0.001224
2026-05-11 17:47: **********Train Epoch 430: averaged Loss: 0.000231
2026-05-11 17:47: **********Val Epoch 430: average Loss: 0.017450
2026-05-11 17:47: Train Epoch 431: 0/83 Loss: 0.000346
2026-05-11 17:47: Train Epoch 431: 20/83 Loss: 0.000180
2026-05-11 17:47: Train Epoch 431: 40/83 Loss: 0.000199
2026-05-11 17:47: Train Epoch 431: 60/83 Loss: 0.000279
2026-05-11 17:47: Train Epoch 431: 80/83 Loss: 0.000450
2026-05-11 17:47: **********Train Epoch 431: averaged Loss: 0.000250
2026-05-11 17:47: **********Val Epoch 431: average Loss: 0.018335
2026-05-11 17:47: Train Epoch 432: 0/83 Loss: 0.000205
2026-05-11 17:47: Train Epoch 432: 20/83 Loss: 0.000172
2026-05-11 17:47: Train Epoch 432: 40/83 Loss: 0.000175
2026-05-11 17:47: Train Epoch 432: 60/83 Loss: 0.000212
2026-05-11 17:47: Train Epoch 432: 80/83 Loss: 0.000459
2026-05-11 17:47: **********Train Epoch 432: averaged Loss: 0.000211
2026-05-11 17:47: **********Val Epoch 432: average Loss: 0.019194
2026-05-11 17:47: Train Epoch 433: 0/83 Loss: 0.000290
2026-05-11 17:47: Train Epoch 433: 20/83 Loss: 0.000119
2026-05-11 17:47: Train Epoch 433: 40/83 Loss: 0.000122
2026-05-11 17:47: Train Epoch 433: 60/83 Loss: 0.000364
2026-05-11 17:47: Train Epoch 433: 80/83 Loss: 0.000205
2026-05-11 17:47: **********Train Epoch 433: averaged Loss: 0.000234
2026-05-11 17:47: **********Val Epoch 433: average Loss: 0.019152
2026-05-11 17:47: Train Epoch 434: 0/83 Loss: 0.000179
2026-05-11 17:47: Train Epoch 434: 20/83 Loss: 0.000159
2026-05-11 17:47: Train Epoch 434: 40/83 Loss: 0.000186
2026-05-11 17:47: Train Epoch 434: 60/83 Loss: 0.000164
2026-05-11 17:47: Train Epoch 434: 80/83 Loss: 0.000250
2026-05-11 17:47: **********Train Epoch 434: averaged Loss: 0.000238
2026-05-11 17:47: **********Val Epoch 434: average Loss: 0.016905
2026-05-11 17:47: Train Epoch 435: 0/83 Loss: 0.000234
2026-05-11 17:47: Train Epoch 435: 20/83 Loss: 0.000117
2026-05-11 17:47: Train Epoch 435: 40/83 Loss: 0.000326
2026-05-11 17:47: Train Epoch 435: 60/83 Loss: 0.000183
2026-05-11 17:47: Train Epoch 435: 80/83 Loss: 0.000450
2026-05-11 17:47: **********Train Epoch 435: averaged Loss: 0.000254
2026-05-11 17:47: **********Val Epoch 435: average Loss: 0.016093
2026-05-11 17:47: Train Epoch 436: 0/83 Loss: 0.000282
2026-05-11 17:47: Train Epoch 436: 20/83 Loss: 0.000170
2026-05-11 17:47: Train Epoch 436: 40/83 Loss: 0.000151
2026-05-11 17:47: Train Epoch 436: 60/83 Loss: 0.000272
2026-05-11 17:47: Train Epoch 436: 80/83 Loss: 0.000297
2026-05-11 17:47: **********Train Epoch 436: averaged Loss: 0.000240
2026-05-11 17:47: **********Val Epoch 436: average Loss: 0.016021
2026-05-11 17:47: Train Epoch 437: 0/83 Loss: 0.000467
2026-05-11 17:47: Train Epoch 437: 20/83 Loss: 0.000180
2026-05-11 17:47: Train Epoch 437: 40/83 Loss: 0.000128
2026-05-11 17:47: Train Epoch 437: 60/83 Loss: 0.000202
2026-05-11 17:47: Train Epoch 437: 80/83 Loss: 0.000318
2026-05-11 17:47: **********Train Epoch 437: averaged Loss: 0.000248
2026-05-11 17:47: **********Val Epoch 437: average Loss: 0.016500
2026-05-11 17:47: Train Epoch 438: 0/83 Loss: 0.000346
2026-05-11 17:48: Train Epoch 438: 20/83 Loss: 0.000225
2026-05-11 17:48: Train Epoch 438: 40/83 Loss: 0.000183
2026-05-11 17:48: Train Epoch 438: 60/83 Loss: 0.000286
2026-05-11 17:48: Train Epoch 438: 80/83 Loss: 0.000300
2026-05-11 17:48: **********Train Epoch 438: averaged Loss: 0.000237
2026-05-11 17:48: **********Val Epoch 438: average Loss: 0.017353
2026-05-11 17:48: Train Epoch 439: 0/83 Loss: 0.000254
2026-05-11 17:48: Train Epoch 439: 20/83 Loss: 0.000120
2026-05-11 17:48: Train Epoch 439: 40/83 Loss: 0.000184
2026-05-11 17:48: Train Epoch 439: 60/83 Loss: 0.000185
2026-05-11 17:48: Train Epoch 439: 80/83 Loss: 0.000280
2026-05-11 17:48: **********Train Epoch 439: averaged Loss: 0.000222
2026-05-11 17:48: **********Val Epoch 439: average Loss: 0.016869
2026-05-11 17:48: Train Epoch 440: 0/83 Loss: 0.000147
2026-05-11 17:48: Train Epoch 440: 20/83 Loss: 0.000172
2026-05-11 17:48: Train Epoch 440: 40/83 Loss: 0.000130
2026-05-11 17:48: Train Epoch 440: 60/83 Loss: 0.000226
2026-05-11 17:48: Train Epoch 440: 80/83 Loss: 0.000495
2026-05-11 17:48: **********Train Epoch 440: averaged Loss: 0.000245
2026-05-11 17:48: **********Val Epoch 440: average Loss: 0.016130
2026-05-11 17:48: Train Epoch 441: 0/83 Loss: 0.000201
2026-05-11 17:48: Train Epoch 441: 20/83 Loss: 0.000252
2026-05-11 17:48: Train Epoch 441: 40/83 Loss: 0.000132
2026-05-11 17:48: Train Epoch 441: 60/83 Loss: 0.000164
2026-05-11 17:48: Train Epoch 441: 80/83 Loss: 0.000680
2026-05-11 17:48: **********Train Epoch 441: averaged Loss: 0.000247
2026-05-11 17:48: **********Val Epoch 441: average Loss: 0.015331
2026-05-11 17:48: Train Epoch 442: 0/83 Loss: 0.000559
2026-05-11 17:48: Train Epoch 442: 20/83 Loss: 0.000111
2026-05-11 17:48: Train Epoch 442: 40/83 Loss: 0.000106
2026-05-11 17:48: Train Epoch 442: 60/83 Loss: 0.000405
2026-05-11 17:48: Train Epoch 442: 80/83 Loss: 0.000680
2026-05-11 17:48: **********Train Epoch 442: averaged Loss: 0.000277
2026-05-11 17:48: **********Val Epoch 442: average Loss: 0.014902
2026-05-11 17:48: Train Epoch 443: 0/83 Loss: 0.000392
2026-05-11 17:48: Train Epoch 443: 20/83 Loss: 0.000192
2026-05-11 17:48: Train Epoch 443: 40/83 Loss: 0.000187
2026-05-11 17:48: Train Epoch 443: 60/83 Loss: 0.000265
2026-05-11 17:48: Train Epoch 443: 80/83 Loss: 0.000363
2026-05-11 17:48: **********Train Epoch 443: averaged Loss: 0.000285
2026-05-11 17:48: **********Val Epoch 443: average Loss: 0.015641
2026-05-11 17:48: Train Epoch 444: 0/83 Loss: 0.000160
2026-05-11 17:48: Train Epoch 444: 20/83 Loss: 0.000158
2026-05-11 17:48: Train Epoch 444: 40/83 Loss: 0.000291
2026-05-11 17:48: Train Epoch 444: 60/83 Loss: 0.000291
2026-05-11 17:48: Train Epoch 444: 80/83 Loss: 0.000320
2026-05-11 17:48: **********Train Epoch 444: averaged Loss: 0.000281
2026-05-11 17:48: **********Val Epoch 444: average Loss: 0.015734
2026-05-11 17:48: Train Epoch 445: 0/83 Loss: 0.000343
2026-05-11 17:48: Train Epoch 445: 20/83 Loss: 0.000241
2026-05-11 17:48: Train Epoch 445: 40/83 Loss: 0.000205
2026-05-11 17:48: Train Epoch 445: 60/83 Loss: 0.000208
2026-05-11 17:48: Train Epoch 445: 80/83 Loss: 0.000424
2026-05-11 17:48: **********Train Epoch 445: averaged Loss: 0.000285
2026-05-11 17:48: **********Val Epoch 445: average Loss: 0.015729
2026-05-11 17:48: Train Epoch 446: 0/83 Loss: 0.000371
2026-05-11 17:48: Train Epoch 446: 20/83 Loss: 0.000288
2026-05-11 17:48: Train Epoch 446: 40/83 Loss: 0.000220
2026-05-11 17:48: Train Epoch 446: 60/83 Loss: 0.000200
2026-05-11 17:48: Train Epoch 446: 80/83 Loss: 0.000311
2026-05-11 17:48: **********Train Epoch 446: averaged Loss: 0.000300
2026-05-11 17:48: **********Val Epoch 446: average Loss: 0.015487
2026-05-11 17:48: Train Epoch 447: 0/83 Loss: 0.000523
2026-05-11 17:48: Train Epoch 447: 20/83 Loss: 0.000120
2026-05-11 17:48: Train Epoch 447: 40/83 Loss: 0.000183
2026-05-11 17:48: Train Epoch 447: 60/83 Loss: 0.000256
2026-05-11 17:48: Train Epoch 447: 80/83 Loss: 0.000609
2026-05-11 17:48: **********Train Epoch 447: averaged Loss: 0.000274
2026-05-11 17:48: **********Val Epoch 447: average Loss: 0.016569
2026-05-11 17:48: Train Epoch 448: 0/83 Loss: 0.000479
2026-05-11 17:48: Train Epoch 448: 20/83 Loss: 0.000127
2026-05-11 17:48: Train Epoch 448: 40/83 Loss: 0.000287
2026-05-11 17:48: Train Epoch 448: 60/83 Loss: 0.000209
2026-05-11 17:48: Train Epoch 448: 80/83 Loss: 0.000423
2026-05-11 17:48: **********Train Epoch 448: averaged Loss: 0.000267
2026-05-11 17:48: **********Val Epoch 448: average Loss: 0.018219
2026-05-11 17:48: Train Epoch 449: 0/83 Loss: 0.000299
2026-05-11 17:48: Train Epoch 449: 20/83 Loss: 0.000098
2026-05-11 17:48: Train Epoch 449: 40/83 Loss: 0.000253
2026-05-11 17:48: Train Epoch 449: 60/83 Loss: 0.000155
2026-05-11 17:48: Train Epoch 449: 80/83 Loss: 0.000432
2026-05-11 17:48: **********Train Epoch 449: averaged Loss: 0.000275
2026-05-11 17:48: **********Val Epoch 449: average Loss: 0.017094
2026-05-11 17:48: Train Epoch 450: 0/83 Loss: 0.000297
2026-05-11 17:48: Train Epoch 450: 20/83 Loss: 0.000256
2026-05-11 17:48: Train Epoch 450: 40/83 Loss: 0.000159
2026-05-11 17:48: Train Epoch 450: 60/83 Loss: 0.000311
2026-05-11 17:48: Train Epoch 450: 80/83 Loss: 0.000510
2026-05-11 17:48: **********Train Epoch 450: averaged Loss: 0.000282
2026-05-11 17:48: **********Val Epoch 450: average Loss: 0.015962
2026-05-11 17:48: Train Epoch 451: 0/83 Loss: 0.000127
2026-05-11 17:48: Train Epoch 451: 20/83 Loss: 0.000267
2026-05-11 17:48: Train Epoch 451: 40/83 Loss: 0.000184
2026-05-11 17:48: Train Epoch 451: 60/83 Loss: 0.000275
2026-05-11 17:48: Train Epoch 451: 80/83 Loss: 0.000230
2026-05-11 17:48: **********Train Epoch 451: averaged Loss: 0.000276
2026-05-11 17:48: **********Val Epoch 451: average Loss: 0.016116
2026-05-11 17:48: Train Epoch 452: 0/83 Loss: 0.000492
2026-05-11 17:48: Train Epoch 452: 20/83 Loss: 0.000261
2026-05-11 17:48: Train Epoch 452: 40/83 Loss: 0.000215
2026-05-11 17:48: Train Epoch 452: 60/83 Loss: 0.000228
2026-05-11 17:48: Train Epoch 452: 80/83 Loss: 0.000676
2026-05-11 17:48: **********Train Epoch 452: averaged Loss: 0.000274
2026-05-11 17:48: **********Val Epoch 452: average Loss: 0.015611
2026-05-11 17:48: Train Epoch 453: 0/83 Loss: 0.000573
2026-05-11 17:48: Train Epoch 453: 20/83 Loss: 0.000229
2026-05-11 17:49: Train Epoch 453: 40/83 Loss: 0.000127
2026-05-11 17:49: Train Epoch 453: 60/83 Loss: 0.000187
2026-05-11 17:49: Train Epoch 453: 80/83 Loss: 0.000394
2026-05-11 17:49: **********Train Epoch 453: averaged Loss: 0.000250
2026-05-11 17:49: **********Val Epoch 453: average Loss: 0.015854
2026-05-11 17:49: Train Epoch 454: 0/83 Loss: 0.000307
2026-05-11 17:49: Train Epoch 454: 20/83 Loss: 0.000208
2026-05-11 17:49: Train Epoch 454: 40/83 Loss: 0.000195
2026-05-11 17:49: Train Epoch 454: 60/83 Loss: 0.000297
2026-05-11 17:49: Train Epoch 454: 80/83 Loss: 0.000398
2026-05-11 17:49: **********Train Epoch 454: averaged Loss: 0.000289
2026-05-11 17:49: **********Val Epoch 454: average Loss: 0.016610
2026-05-11 17:49: Train Epoch 455: 0/83 Loss: 0.000189
2026-05-11 17:49: Train Epoch 455: 20/83 Loss: 0.000142
2026-05-11 17:49: Train Epoch 455: 40/83 Loss: 0.000250
2026-05-11 17:49: Train Epoch 455: 60/83 Loss: 0.000272
2026-05-11 17:49: Train Epoch 455: 80/83 Loss: 0.000744
2026-05-11 17:49: **********Train Epoch 455: averaged Loss: 0.000338
2026-05-11 17:49: **********Val Epoch 455: average Loss: 0.016351
2026-05-11 17:49: Train Epoch 456: 0/83 Loss: 0.000301
2026-05-11 17:49: Train Epoch 456: 20/83 Loss: 0.000300
2026-05-11 17:49: Train Epoch 456: 40/83 Loss: 0.000226
2026-05-11 17:49: Train Epoch 456: 60/83 Loss: 0.000716
2026-05-11 17:49: Train Epoch 456: 80/83 Loss: 0.002041
2026-05-11 17:49: **********Train Epoch 456: averaged Loss: 0.000406
2026-05-11 17:49: **********Val Epoch 456: average Loss: 0.016180
2026-05-11 17:49: Train Epoch 457: 0/83 Loss: 0.000858
2026-05-11 17:49: Train Epoch 457: 20/83 Loss: 0.000177
2026-05-11 17:49: Train Epoch 457: 40/83 Loss: 0.000272
2026-05-11 17:49: Train Epoch 457: 60/83 Loss: 0.000498
2026-05-11 17:49: Train Epoch 457: 80/83 Loss: 0.000956
2026-05-11 17:49: **********Train Epoch 457: averaged Loss: 0.000486
2026-05-11 17:49: **********Val Epoch 457: average Loss: 0.017354
2026-05-11 17:49: Train Epoch 458: 0/83 Loss: 0.001117
2026-05-11 17:49: Train Epoch 458: 20/83 Loss: 0.000286
2026-05-11 17:49: Train Epoch 458: 40/83 Loss: 0.000336
2026-05-11 17:49: Train Epoch 458: 60/83 Loss: 0.000384
2026-05-11 17:49: Train Epoch 458: 80/83 Loss: 0.003070
2026-05-11 17:49: **********Train Epoch 458: averaged Loss: 0.000531
2026-05-11 17:49: **********Val Epoch 458: average Loss: 0.019594
2026-05-11 17:49: Train Epoch 459: 0/83 Loss: 0.001651
2026-05-11 17:49: Train Epoch 459: 20/83 Loss: 0.000330
2026-05-11 17:49: Train Epoch 459: 40/83 Loss: 0.000505
2026-05-11 17:49: Train Epoch 459: 60/83 Loss: 0.000439
2026-05-11 17:49: Train Epoch 459: 80/83 Loss: 0.000868
2026-05-11 17:49: **********Train Epoch 459: averaged Loss: 0.000507
2026-05-11 17:49: **********Val Epoch 459: average Loss: 0.018763
2026-05-11 17:49: Train Epoch 460: 0/83 Loss: 0.001047
2026-05-11 17:49: Train Epoch 460: 20/83 Loss: 0.000324
2026-05-11 17:49: Train Epoch 460: 40/83 Loss: 0.000239
2026-05-11 17:49: Train Epoch 460: 60/83 Loss: 0.000421
2026-05-11 17:49: Train Epoch 460: 80/83 Loss: 0.000575
2026-05-11 17:49: **********Train Epoch 460: averaged Loss: 0.000537
2026-05-11 17:49: **********Val Epoch 460: average Loss: 0.019151
2026-05-11 17:49: Train Epoch 461: 0/83 Loss: 0.000442
2026-05-11 17:49: Train Epoch 461: 20/83 Loss: 0.000663
2026-05-11 17:49: Train Epoch 461: 40/83 Loss: 0.000255
2026-05-11 17:49: Train Epoch 461: 60/83 Loss: 0.000410
2026-05-11 17:49: Train Epoch 461: 80/83 Loss: 0.000426
2026-05-11 17:49: **********Train Epoch 461: averaged Loss: 0.000506
2026-05-11 17:49: **********Val Epoch 461: average Loss: 0.019570
2026-05-11 17:49: Train Epoch 462: 0/83 Loss: 0.000657
2026-05-11 17:49: Train Epoch 462: 20/83 Loss: 0.000390
2026-05-11 17:49: Train Epoch 462: 40/83 Loss: 0.000441
2026-05-11 17:49: Train Epoch 462: 60/83 Loss: 0.000137
2026-05-11 17:49: Train Epoch 462: 80/83 Loss: 0.000475
2026-05-11 17:49: **********Train Epoch 462: averaged Loss: 0.000383
2026-05-11 17:49: **********Val Epoch 462: average Loss: 0.017151
2026-05-11 17:49: Train Epoch 463: 0/83 Loss: 0.000296
2026-05-11 17:49: Train Epoch 463: 20/83 Loss: 0.000311
2026-05-11 17:49: Train Epoch 463: 40/83 Loss: 0.000461
2026-05-11 17:49: Train Epoch 463: 60/83 Loss: 0.000210
2026-05-11 17:49: Train Epoch 463: 80/83 Loss: 0.000323
2026-05-11 17:49: **********Train Epoch 463: averaged Loss: 0.000240
2026-05-11 17:49: **********Val Epoch 463: average Loss: 0.017458
2026-05-11 17:49: Train Epoch 464: 0/83 Loss: 0.000518
2026-05-11 17:49: Train Epoch 464: 20/83 Loss: 0.000133
2026-05-11 17:49: Train Epoch 464: 40/83 Loss: 0.000138
2026-05-11 17:49: Train Epoch 464: 60/83 Loss: 0.000127
2026-05-11 17:49: Train Epoch 464: 80/83 Loss: 0.000219
2026-05-11 17:49: **********Train Epoch 464: averaged Loss: 0.000169
2026-05-11 17:49: **********Val Epoch 464: average Loss: 0.018477
2026-05-11 17:49: Train Epoch 465: 0/83 Loss: 0.000545
2026-05-11 17:49: Train Epoch 465: 20/83 Loss: 0.000071
2026-05-11 17:49: Train Epoch 465: 40/83 Loss: 0.000118
2026-05-11 17:49: Train Epoch 465: 60/83 Loss: 0.000069
2026-05-11 17:49: Train Epoch 465: 80/83 Loss: 0.000144
2026-05-11 17:49: **********Train Epoch 465: averaged Loss: 0.000164
2026-05-11 17:49: **********Val Epoch 465: average Loss: 0.018606
2026-05-11 17:49: Train Epoch 466: 0/83 Loss: 0.000351
2026-05-11 17:49: Train Epoch 466: 20/83 Loss: 0.000174
2026-05-11 17:49: Train Epoch 466: 40/83 Loss: 0.000140
2026-05-11 17:49: Train Epoch 466: 60/83 Loss: 0.000128
2026-05-11 17:49: Train Epoch 466: 80/83 Loss: 0.000095
2026-05-11 17:49: **********Train Epoch 466: averaged Loss: 0.000143
2026-05-11 17:49: **********Val Epoch 466: average Loss: 0.018212
2026-05-11 17:49: Train Epoch 467: 0/83 Loss: 0.000291
2026-05-11 17:49: Train Epoch 467: 20/83 Loss: 0.000218
2026-05-11 17:49: Train Epoch 467: 40/83 Loss: 0.000123
2026-05-11 17:49: Train Epoch 467: 60/83 Loss: 0.000058
2026-05-11 17:49: Train Epoch 467: 80/83 Loss: 0.000084
2026-05-11 17:49: **********Train Epoch 467: averaged Loss: 0.000138
2026-05-11 17:49: **********Val Epoch 467: average Loss: 0.018055
2026-05-11 17:49: Train Epoch 468: 0/83 Loss: 0.000109
2026-05-11 17:49: Train Epoch 468: 20/83 Loss: 0.000241
2026-05-11 17:49: Train Epoch 468: 40/83 Loss: 0.000167
2026-05-11 17:49: Train Epoch 468: 60/83 Loss: 0.000040
2026-05-11 17:50: Train Epoch 468: 80/83 Loss: 0.000161
2026-05-11 17:50: **********Train Epoch 468: averaged Loss: 0.000142
2026-05-11 17:50: **********Val Epoch 468: average Loss: 0.018253
2026-05-11 17:50: Train Epoch 469: 0/83 Loss: 0.000102
2026-05-11 17:50: Train Epoch 469: 20/83 Loss: 0.000191
2026-05-11 17:50: Train Epoch 469: 40/83 Loss: 0.000145
2026-05-11 17:50: Train Epoch 469: 60/83 Loss: 0.000064
2026-05-11 17:50: Train Epoch 469: 80/83 Loss: 0.000105
2026-05-11 17:50: **********Train Epoch 469: averaged Loss: 0.000128
2026-05-11 17:50: **********Val Epoch 469: average Loss: 0.018370
2026-05-11 17:50: Train Epoch 470: 0/83 Loss: 0.000203
2026-05-11 17:50: Train Epoch 470: 20/83 Loss: 0.000102
2026-05-11 17:50: Train Epoch 470: 40/83 Loss: 0.000091
2026-05-11 17:50: Train Epoch 470: 60/83 Loss: 0.000152
2026-05-11 17:50: Train Epoch 470: 80/83 Loss: 0.000177
2026-05-11 17:50: **********Train Epoch 470: averaged Loss: 0.000120
2026-05-11 17:50: **********Val Epoch 470: average Loss: 0.018240
2026-05-11 17:50: Train Epoch 471: 0/83 Loss: 0.000195
2026-05-11 17:50: Train Epoch 471: 20/83 Loss: 0.000103
2026-05-11 17:50: Train Epoch 471: 40/83 Loss: 0.000102
2026-05-11 17:50: Train Epoch 471: 60/83 Loss: 0.000158
2026-05-11 17:50: Train Epoch 471: 80/83 Loss: 0.000242
2026-05-11 17:50: **********Train Epoch 471: averaged Loss: 0.000150
2026-05-11 17:50: **********Val Epoch 471: average Loss: 0.018544
2026-05-11 17:50: Train Epoch 472: 0/83 Loss: 0.000241
2026-05-11 17:50: Train Epoch 472: 20/83 Loss: 0.000107
2026-05-11 17:50: Train Epoch 472: 40/83 Loss: 0.000129
2026-05-11 17:50: Train Epoch 472: 60/83 Loss: 0.000180
2026-05-11 17:50: Train Epoch 472: 80/83 Loss: 0.000156
2026-05-11 17:50: **********Train Epoch 472: averaged Loss: 0.000145
2026-05-11 17:50: **********Val Epoch 472: average Loss: 0.019097
2026-05-11 17:50: Train Epoch 473: 0/83 Loss: 0.000318
2026-05-11 17:50: Train Epoch 473: 20/83 Loss: 0.000085
2026-05-11 17:50: Train Epoch 473: 40/83 Loss: 0.000146
2026-05-11 17:50: Train Epoch 473: 60/83 Loss: 0.000152
2026-05-11 17:50: Train Epoch 473: 80/83 Loss: 0.000322
2026-05-11 17:50: **********Train Epoch 473: averaged Loss: 0.000173
2026-05-11 17:50: **********Val Epoch 473: average Loss: 0.020001
2026-05-11 17:50: Train Epoch 474: 0/83 Loss: 0.000422
2026-05-11 17:50: Train Epoch 474: 20/83 Loss: 0.000124
2026-05-11 17:50: Train Epoch 474: 40/83 Loss: 0.000128
2026-05-11 17:50: Train Epoch 474: 60/83 Loss: 0.000207
2026-05-11 17:50: Train Epoch 474: 80/83 Loss: 0.000298
2026-05-11 17:50: **********Train Epoch 474: averaged Loss: 0.000185
2026-05-11 17:50: **********Val Epoch 474: average Loss: 0.020625
2026-05-11 17:50: Train Epoch 475: 0/83 Loss: 0.000313
2026-05-11 17:50: Train Epoch 475: 20/83 Loss: 0.000139
2026-05-11 17:50: Train Epoch 475: 40/83 Loss: 0.000168
2026-05-11 17:50: Train Epoch 475: 60/83 Loss: 0.000120
2026-05-11 17:50: Train Epoch 475: 80/83 Loss: 0.000326
2026-05-11 17:50: **********Train Epoch 475: averaged Loss: 0.000222
2026-05-11 17:50: **********Val Epoch 475: average Loss: 0.021598
2026-05-11 17:50: Train Epoch 476: 0/83 Loss: 0.000460
2026-05-11 17:50: Train Epoch 476: 20/83 Loss: 0.000212
2026-05-11 17:50: Train Epoch 476: 40/83 Loss: 0.000147
2026-05-11 17:50: Train Epoch 476: 60/83 Loss: 0.000245
2026-05-11 17:50: Train Epoch 476: 80/83 Loss: 0.000270
2026-05-11 17:50: **********Train Epoch 476: averaged Loss: 0.000267
2026-05-11 17:50: **********Val Epoch 476: average Loss: 0.020174
2026-05-11 17:50: Train Epoch 477: 0/83 Loss: 0.000392
2026-05-11 17:50: Train Epoch 477: 20/83 Loss: 0.000276
2026-05-11 17:50: Train Epoch 477: 40/83 Loss: 0.000327
2026-05-11 17:50: Train Epoch 477: 60/83 Loss: 0.000197
2026-05-11 17:50: Train Epoch 477: 80/83 Loss: 0.000510
2026-05-11 17:50: **********Train Epoch 477: averaged Loss: 0.000369
2026-05-11 17:50: **********Val Epoch 477: average Loss: 0.017717
2026-05-11 17:50: Train Epoch 478: 0/83 Loss: 0.000571
2026-05-11 17:50: Train Epoch 478: 20/83 Loss: 0.000502
2026-05-11 17:50: Train Epoch 478: 40/83 Loss: 0.000277
2026-05-11 17:50: Train Epoch 478: 60/83 Loss: 0.000275
2026-05-11 17:50: Train Epoch 478: 80/83 Loss: 0.000357
2026-05-11 17:50: **********Train Epoch 478: averaged Loss: 0.000405
2026-05-11 17:50: **********Val Epoch 478: average Loss: 0.017609
2026-05-11 17:50: Train Epoch 479: 0/83 Loss: 0.000632
2026-05-11 17:50: Train Epoch 479: 20/83 Loss: 0.000248
2026-05-11 17:50: Train Epoch 479: 40/83 Loss: 0.000471
2026-05-11 17:50: Train Epoch 479: 60/83 Loss: 0.000478
2026-05-11 17:50: Train Epoch 479: 80/83 Loss: 0.000520
2026-05-11 17:50: **********Train Epoch 479: averaged Loss: 0.000455
2026-05-11 17:50: **********Val Epoch 479: average Loss: 0.016756
2026-05-11 17:50: Train Epoch 480: 0/83 Loss: 0.000848
2026-05-11 17:50: Train Epoch 480: 20/83 Loss: 0.000291
2026-05-11 17:50: Train Epoch 480: 40/83 Loss: 0.000431
2026-05-11 17:50: Train Epoch 480: 60/83 Loss: 0.000278
2026-05-11 17:50: Train Epoch 480: 80/83 Loss: 0.000632
2026-05-11 17:50: **********Train Epoch 480: averaged Loss: 0.000490
2026-05-11 17:50: **********Val Epoch 480: average Loss: 0.016450
2026-05-11 17:50: Train Epoch 481: 0/83 Loss: 0.000806
2026-05-11 17:50: Train Epoch 481: 20/83 Loss: 0.000298
2026-05-11 17:50: Train Epoch 481: 40/83 Loss: 0.000304
2026-05-11 17:50: Train Epoch 481: 60/83 Loss: 0.000531
2026-05-11 17:50: Train Epoch 481: 80/83 Loss: 0.000442
2026-05-11 17:50: **********Train Epoch 481: averaged Loss: 0.000470
2026-05-11 17:50: **********Val Epoch 481: average Loss: 0.015878
2026-05-11 17:50: Train Epoch 482: 0/83 Loss: 0.000997
2026-05-11 17:50: Train Epoch 482: 20/83 Loss: 0.000421
2026-05-11 17:50: Train Epoch 482: 40/83 Loss: 0.000238
2026-05-11 17:50: Train Epoch 482: 60/83 Loss: 0.000350
2026-05-11 17:50: Train Epoch 482: 80/83 Loss: 0.000340
2026-05-11 17:50: **********Train Epoch 482: averaged Loss: 0.000423
2026-05-11 17:50: **********Val Epoch 482: average Loss: 0.015267
2026-05-11 17:50: Train Epoch 483: 0/83 Loss: 0.000916
2026-05-11 17:50: Train Epoch 483: 20/83 Loss: 0.000435
2026-05-11 17:50: Train Epoch 483: 40/83 Loss: 0.000386
2026-05-11 17:50: Train Epoch 483: 60/83 Loss: 0.000480
2026-05-11 17:50: Train Epoch 483: 80/83 Loss: 0.000356
2026-05-11 17:50: **********Train Epoch 483: averaged Loss: 0.000397
2026-05-11 17:50: **********Val Epoch 483: average Loss: 0.015255
2026-05-11 17:50: Train Epoch 484: 0/83 Loss: 0.000339
2026-05-11 17:50: Train Epoch 484: 20/83 Loss: 0.000387
2026-05-11 17:50: Train Epoch 484: 40/83 Loss: 0.000560
2026-05-11 17:50: Train Epoch 484: 60/83 Loss: 0.000417
2026-05-11 17:50: Train Epoch 484: 80/83 Loss: 0.000399
2026-05-11 17:50: **********Train Epoch 484: averaged Loss: 0.000394
2026-05-11 17:50: **********Val Epoch 484: average Loss: 0.015564
2026-05-11 17:50: Train Epoch 485: 0/83 Loss: 0.000294
2026-05-11 17:50: Train Epoch 485: 20/83 Loss: 0.000171
2026-05-11 17:50: Train Epoch 485: 40/83 Loss: 0.000368
2026-05-11 17:50: Train Epoch 485: 60/83 Loss: 0.000327
2026-05-11 17:51: Train Epoch 485: 80/83 Loss: 0.001124
2026-05-11 17:51: **********Train Epoch 485: averaged Loss: 0.000397
2026-05-11 17:51: **********Val Epoch 485: average Loss: 0.014568
2026-05-11 17:51: Train Epoch 486: 0/83 Loss: 0.000613
2026-05-11 17:51: Train Epoch 486: 20/83 Loss: 0.000247
2026-05-11 17:51: Train Epoch 486: 40/83 Loss: 0.000277
2026-05-11 17:51: Train Epoch 486: 60/83 Loss: 0.000349
2026-05-11 17:51: Train Epoch 486: 80/83 Loss: 0.000929
2026-05-11 17:51: **********Train Epoch 486: averaged Loss: 0.000396
2026-05-11 17:51: **********Val Epoch 486: average Loss: 0.014636
2026-05-11 17:51: Train Epoch 487: 0/83 Loss: 0.000657
2026-05-11 17:51: Train Epoch 487: 20/83 Loss: 0.000186
2026-05-11 17:51: Train Epoch 487: 40/83 Loss: 0.000401
2026-05-11 17:51: Train Epoch 487: 60/83 Loss: 0.000326
2026-05-11 17:51: Train Epoch 487: 80/83 Loss: 0.000671
2026-05-11 17:51: **********Train Epoch 487: averaged Loss: 0.000422
2026-05-11 17:51: **********Val Epoch 487: average Loss: 0.015678
2026-05-11 17:51: Train Epoch 488: 0/83 Loss: 0.001028
2026-05-11 17:51: Train Epoch 488: 20/83 Loss: 0.000138
2026-05-11 17:51: Train Epoch 488: 40/83 Loss: 0.000224
2026-05-11 17:51: Train Epoch 488: 60/83 Loss: 0.000374
2026-05-11 17:51: Train Epoch 488: 80/83 Loss: 0.001264
2026-05-11 17:51: **********Train Epoch 488: averaged Loss: 0.000470
2026-05-11 17:51: **********Val Epoch 488: average Loss: 0.016387
2026-05-11 17:51: Train Epoch 489: 0/83 Loss: 0.000444
2026-05-11 17:51: Train Epoch 489: 20/83 Loss: 0.000271
2026-05-11 17:51: Train Epoch 489: 40/83 Loss: 0.000205
2026-05-11 17:51: Train Epoch 489: 60/83 Loss: 0.000407
2026-05-11 17:51: Train Epoch 489: 80/83 Loss: 0.000927
2026-05-11 17:51: **********Train Epoch 489: averaged Loss: 0.000447
2026-05-11 17:51: **********Val Epoch 489: average Loss: 0.017652
2026-05-11 17:51: Train Epoch 490: 0/83 Loss: 0.000736
2026-05-11 17:51: Train Epoch 490: 20/83 Loss: 0.000271
2026-05-11 17:51: Train Epoch 490: 40/83 Loss: 0.000261
2026-05-11 17:51: Train Epoch 490: 60/83 Loss: 0.000283
2026-05-11 17:51: Train Epoch 490: 80/83 Loss: 0.000251
2026-05-11 17:51: **********Train Epoch 490: averaged Loss: 0.000416
2026-05-11 17:51: **********Val Epoch 490: average Loss: 0.019025
2026-05-11 17:51: Train Epoch 491: 0/83 Loss: 0.001179
2026-05-11 17:51: Train Epoch 491: 20/83 Loss: 0.000398
2026-05-11 17:51: Train Epoch 491: 40/83 Loss: 0.000427
2026-05-11 17:51: Train Epoch 491: 60/83 Loss: 0.000537
2026-05-11 17:51: Train Epoch 491: 80/83 Loss: 0.000406
2026-05-11 17:51: **********Train Epoch 491: averaged Loss: 0.000438
2026-05-11 17:51: **********Val Epoch 491: average Loss: 0.018094
2026-05-11 17:51: Train Epoch 492: 0/83 Loss: 0.000569
2026-05-11 17:51: Train Epoch 492: 20/83 Loss: 0.000377
2026-05-11 17:51: Train Epoch 492: 40/83 Loss: 0.000265
2026-05-11 17:51: Train Epoch 492: 60/83 Loss: 0.000465
2026-05-11 17:51: Train Epoch 492: 80/83 Loss: 0.000294
2026-05-11 17:51: **********Train Epoch 492: averaged Loss: 0.000392
2026-05-11 17:51: **********Val Epoch 492: average Loss: 0.017155
2026-05-11 17:51: Train Epoch 493: 0/83 Loss: 0.000425
2026-05-11 17:51: Train Epoch 493: 20/83 Loss: 0.000167
2026-05-11 17:51: Train Epoch 493: 40/83 Loss: 0.000360
2026-05-11 17:51: Train Epoch 493: 60/83 Loss: 0.000338
2026-05-11 17:51: Train Epoch 493: 80/83 Loss: 0.000168
2026-05-11 17:51: **********Train Epoch 493: averaged Loss: 0.000308
2026-05-11 17:51: **********Val Epoch 493: average Loss: 0.016081
2026-05-11 17:51: Train Epoch 494: 0/83 Loss: 0.000305
2026-05-11 17:51: Train Epoch 494: 20/83 Loss: 0.000125
2026-05-11 17:51: Train Epoch 494: 40/83 Loss: 0.000127
2026-05-11 17:51: Train Epoch 494: 60/83 Loss: 0.000246
2026-05-11 17:51: Train Epoch 494: 80/83 Loss: 0.000594
2026-05-11 17:51: **********Train Epoch 494: averaged Loss: 0.000251
2026-05-11 17:51: **********Val Epoch 494: average Loss: 0.015305
2026-05-11 17:51: Train Epoch 495: 0/83 Loss: 0.000393
2026-05-11 17:51: Train Epoch 495: 20/83 Loss: 0.000080
2026-05-11 17:51: Train Epoch 495: 40/83 Loss: 0.000129
2026-05-11 17:51: Train Epoch 495: 60/83 Loss: 0.000108
2026-05-11 17:51: Train Epoch 495: 80/83 Loss: 0.000746
2026-05-11 17:51: **********Train Epoch 495: averaged Loss: 0.000243
2026-05-11 17:51: **********Val Epoch 495: average Loss: 0.014243
2026-05-11 17:51: Train Epoch 496: 0/83 Loss: 0.000674
2026-05-11 17:51: Train Epoch 496: 20/83 Loss: 0.000141
2026-05-11 17:51: Train Epoch 496: 40/83 Loss: 0.000296
2026-05-11 17:51: Train Epoch 496: 60/83 Loss: 0.000186
2026-05-11 17:51: Train Epoch 496: 80/83 Loss: 0.000921
2026-05-11 17:51: **********Train Epoch 496: averaged Loss: 0.000325
2026-05-11 17:51: **********Val Epoch 496: average Loss: 0.015016
2026-05-11 17:51: Train Epoch 497: 0/83 Loss: 0.000336
2026-05-11 17:51: Train Epoch 497: 20/83 Loss: 0.000166
2026-05-11 17:51: Train Epoch 497: 40/83 Loss: 0.000342
2026-05-11 17:51: Train Epoch 497: 60/83 Loss: 0.000225
2026-05-11 17:51: Train Epoch 497: 80/83 Loss: 0.000340
2026-05-11 17:51: **********Train Epoch 497: averaged Loss: 0.000324
2026-05-11 17:51: **********Val Epoch 497: average Loss: 0.017186
2026-05-11 17:51: Train Epoch 498: 0/83 Loss: 0.000373
2026-05-11 17:51: Train Epoch 498: 20/83 Loss: 0.000290
2026-05-11 17:51: Train Epoch 498: 40/83 Loss: 0.000199
2026-05-11 17:51: Train Epoch 498: 60/83 Loss: 0.000295
2026-05-11 17:51: Train Epoch 498: 80/83 Loss: 0.001246
2026-05-11 17:51: **********Train Epoch 498: averaged Loss: 0.000338
2026-05-11 17:51: **********Val Epoch 498: average Loss: 0.016972
2026-05-11 17:51: Train Epoch 499: 0/83 Loss: 0.000423
2026-05-11 17:51: Train Epoch 499: 20/83 Loss: 0.000384
2026-05-11 17:51: Train Epoch 499: 40/83 Loss: 0.000145
2026-05-11 17:51: Train Epoch 499: 60/83 Loss: 0.000152
2026-05-11 17:51: Train Epoch 499: 80/83 Loss: 0.000876
2026-05-11 17:51: **********Train Epoch 499: averaged Loss: 0.000312
2026-05-11 17:51: **********Val Epoch 499: average Loss: 0.017601
2026-05-11 17:51: Train Epoch 500: 0/83 Loss: 0.000752
2026-05-11 17:51: Train Epoch 500: 20/83 Loss: 0.000249
2026-05-11 17:51: Train Epoch 500: 40/83 Loss: 0.000094
2026-05-11 17:51: Train Epoch 500: 60/83 Loss: 0.000269
2026-05-11 17:51: Train Epoch 500: 80/83 Loss: 0.000256
2026-05-11 17:51: **********Train Epoch 500: averaged Loss: 0.000250
2026-05-11 17:51: **********Val Epoch 500: average Loss: 0.018948
2026-05-11 17:51: Train Epoch 501: 0/83 Loss: 0.000465
2026-05-11 17:51: Train Epoch 501: 20/83 Loss: 0.000240
2026-05-11 17:51: Train Epoch 501: 40/83 Loss: 0.000199
2026-05-11 17:51: Train Epoch 501: 60/83 Loss: 0.000235
2026-05-11 17:51: Train Epoch 501: 80/83 Loss: 0.000284
2026-05-11 17:51: **********Train Epoch 501: averaged Loss: 0.000260
2026-05-11 17:51: **********Val Epoch 501: average Loss: 0.017704
2026-05-11 17:51: Train Epoch 502: 0/83 Loss: 0.000313
2026-05-11 17:51: Train Epoch 502: 20/83 Loss: 0.000148
2026-05-11 17:52: Train Epoch 502: 40/83 Loss: 0.000279
2026-05-11 17:52: Train Epoch 502: 60/83 Loss: 0.000092
2026-05-11 17:52: Train Epoch 502: 80/83 Loss: 0.000177
2026-05-11 17:52: **********Train Epoch 502: averaged Loss: 0.000219
2026-05-11 17:52: **********Val Epoch 502: average Loss: 0.017091
2026-05-11 17:52: Train Epoch 503: 0/83 Loss: 0.000323
2026-05-11 17:52: Train Epoch 503: 20/83 Loss: 0.000105
2026-05-11 17:52: Train Epoch 503: 40/83 Loss: 0.000169
2026-05-11 17:52: Train Epoch 503: 60/83 Loss: 0.000171
2026-05-11 17:52: Train Epoch 503: 80/83 Loss: 0.000161
2026-05-11 17:52: **********Train Epoch 503: averaged Loss: 0.000201
2026-05-11 17:52: **********Val Epoch 503: average Loss: 0.017206
2026-05-11 17:52: Train Epoch 504: 0/83 Loss: 0.000283
2026-05-11 17:52: Train Epoch 504: 20/83 Loss: 0.000114
2026-05-11 17:52: Train Epoch 504: 40/83 Loss: 0.000091
2026-05-11 17:52: Train Epoch 504: 60/83 Loss: 0.000135
2026-05-11 17:52: Train Epoch 504: 80/83 Loss: 0.000269
2026-05-11 17:52: **********Train Epoch 504: averaged Loss: 0.000176
2026-05-11 17:52: **********Val Epoch 504: average Loss: 0.016322
2026-05-11 17:52: Train Epoch 505: 0/83 Loss: 0.000099
2026-05-11 17:52: Train Epoch 505: 20/83 Loss: 0.000083
2026-05-11 17:52: Train Epoch 505: 40/83 Loss: 0.000058
2026-05-11 17:52: Train Epoch 505: 60/83 Loss: 0.000197
2026-05-11 17:52: Train Epoch 505: 80/83 Loss: 0.000297
2026-05-11 17:52: **********Train Epoch 505: averaged Loss: 0.000193
2026-05-11 17:52: **********Val Epoch 505: average Loss: 0.016044
2026-05-11 17:52: Validation performance didn't improve for 500 epochs. Training stops.
2026-05-11 17:52: Total training time: 31.3308min, best loss: 0.011695
2026-05-11 17:52: Saving current best model to ./saved_models/000001SZ/best_model.pth
2026-05-11 17:52: Saving timestamped model backup to ./saved_models/000001SZ/best_model_20260511_175213.pth
2026-05-11 17:52: Average Horizon, MAE: 0.1580, MSE: 0.2235
2026-05-11 17:52: Average Horizon, MAE: 0.1580, MSE: 0.2234
